統一編號,公司名稱,公司所在地,代表人,資本額,核准設立日期,核准變更日期,案由或變更事項,營業項目,縣市,清冊,期別
60303073,薩摩亞商昕嶺資本有限公司,新北市三重區重新路5段609巷6號7樓,田恩豪,0,115/05/19,,,,新北市,設立,11505
62087608,風昇建光電股份有限公司,新北市中和區景新街34巷2號4樓,張健生,1000000,115/05/12,,,A101020 農作物栽培業；A101050 花卉栽培業；A301030 水產養殖業；A401010 畜牧場經營業；CC01010 發電、輸電、配電機械製造業；CC01090 電池製造業；D101050 汽電共生業；D101060 再生能源自用發電設備業；D401010 熱能供應業；E599010 配管工程業,新北市,設立,11505
62087620,白雪卡牌有限公司,新北市板橋區龍泉街55巷6號,汪家慶,100000,115/05/12,,,F399040 無店面零售業；F209060 文教、樂器、育樂用品零售業；F109070 文教、樂器、育樂用品批發業；F401010 國際貿易業；IZ99990 其他工商服務業；ZZ99999 除許可業務外，得經營法令非禁止或限制之業務；I199990 其他顧問服務業；F399990 其他綜合零售業；F206020 日常用品零售業；J303010 雜誌（期刊）出版業,新北市,設立,11505
62087635,山田商事有限公司,新北市新店區安興路109號14樓之7,王祥蓉,100000,115/05/13,,,F204110 布疋、衣著、鞋、帽、傘、服飾品零售業；F206020 日常用品零售業；F206050 寵物食品及其用品零售業；F205040 家具、寢具、廚房器具、裝設品零售業；ZZ99999 除許可業務外，得經營法令非禁止或限制之業務,新北市,設立,11505
62087641,英華地產有限公司,新北市樹林區佳園路3段502號,陳韋帆,1000000,115/05/13,,,H201010 一般投資業；H703090 不動產買賣業；H703100 不動產租賃業；H704031 不動產仲介經紀業；H704041 不動產代銷經紀業；H701010 住宅及大樓開發租售業；H701020 工業廠房開發租售業；H701090 都市更新整建維護業；H702010 建築經理業；I102010 一般投資顧問業,新北市,設立,11505
62087656,恆鼎建材有限公司,新北市板橋區文化路2段423號(1樓),劉宥娜,1000000,115/05/13,,,F111090 建材批發業；F105050 家具、寢具、廚房器具、裝設品批發業；F106010 五金批發業；F120010 耐火材料批發業；F205040 家具、寢具、廚房器具、裝設品零售業；F206010 五金零售業；F211010 建材零售業；F399040 無店面零售業；F401010 國際貿易業；E801010 室內裝潢業,新北市,設立,11505
62087662,澄鮮食品有限公司,新北市板橋區華江一路111號3樓之3,鄭懿斌,1000000,115/05/13,,,C103050 罐頭、冷凍、脫水及醃漬食品製造業；C104020 烘焙炊蒸食品製造業；F101040 家畜家禽批發業；F101050 水產品批發業；F106010 五金批發業；F106020 日常用品批發業；F102170 食品什貨批發業；F201020 畜產品零售業；F201030 水產品零售業；F206020 日常用品零售業,新北市,設立,11505
62087678,優唯藝術股份有限公司,新北市汐止區新台五路1段97號28樓之11,劉佳翰,200000,115/05/13,,,F104110 布疋、衣著、鞋、帽、傘、服飾品批發業；F105050 家具、寢具、廚房器具、裝設品批發業；F108040 化粧品批發業；F109070 文教、樂器、育樂用品批發業；F115010 首飾及貴金屬批發業；F204110 布疋、衣著、鞋、帽、傘、服飾品零售業；F205040 家具、寢具、廚房器具、裝設品零售業；F208040 化粧品零售業；F209060 文教、樂器、育樂用品零售業；F215010 首飾及貴金屬零售業,新北市,設立,11505
62087683,鑫鉅國際開發有限公司,新北市三重區龍濱路245號（1樓）,陳高伍,2000000,115/05/13,,,E601020 電器安裝業；F103010 飼料批發業；F105050 家具、寢具、廚房器具、裝設品批發業；F106010 五金批發業；F106020 日常用品批發業；F106040 水器材料批發業；F106060 寵物食品及其用品批發業；F113010 機械批發業；F113020 電器批發業；F199990 其他批發業,新北市,設立,11505
62087699,宸御智慧科技有限公司,新北市板橋區三民路2段28號9樓,呂家榆,100000,115/05/13,,,I301010 資訊軟體服務業；I301020 資料處理服務業；I301030 電子資訊供應服務業；I199990 其他顧問服務業；I103060 管理顧問業；F401010 國際貿易業；ZZ99999 除許可業務外，得經營法令非禁止或限制之業務,新北市,設立,11505
62087706,品清有限公司,新北市永和區保平路268巷45號5樓,洪麗梅,100000,115/05/13,,,F106010 五金批發業；F206010 五金零售業；F106020 日常用品批發業；F206020 日常用品零售業；F401010 國際貿易業；F208040 化粧品零售業；F108040 化粧品批發業；F104110 布疋、衣著、鞋、帽、傘、服飾品批發業；F204110 布疋、衣著、鞋、帽、傘、服飾品零售業；F102170 食品什貨批發業,新北市,設立,11505
62087712,浤富地產經紀有限公司,新北市鶯歌區尖山路219之1號,許詠甯,3000000,115/05/13,,,E801010 室內裝潢業；E801020 門窗安裝工程業；F401010 國際貿易業；H701010 住宅及大樓開發租售業；H701020 工業廠房開發租售業；H703090 不動產買賣業；H703100 不動產租賃業；H704031 不動產仲介經紀業；JE01010 租賃業,新北市,設立,11505
62087728,群威貿易有限公司,新北市板橋區南雅南路1段8號7樓之18,黃郁涵,5000000,115/05/13,,,E801070 廚具、衛浴設備安裝工程業；F105050 家具、寢具、廚房器具、裝設品批發業；F106010 五金批發業；F106040 水器材料批發業；F106050 陶瓷玻璃器皿批發業；F111090 建材批發業；F113020 電器批發業；F119010 電子材料批發業；F199010 回收物料批發業；F205040 家具、寢具、廚房器具、裝設品零售業,新北市,設立,11505
62087749,摩多全球有限公司,新北市深坑區北深路3段155巷19號7樓,廖國淵,5000000,115/05/13,,,F113050 電腦及事務性機器設備批發業；F114030 汽、機車零件配備批發業；F199990 其他批發業；F213030 電腦及事務性機器設備零售業；F214030 汽、機車零件配備零售業；F401010 國際貿易業；ZZ99999 除許可業務外，得經營法令非禁止或限制之業務；CE01030 光學儀器製造業；CA02010 金屬結構及建築組件製造業；CC01080 電子零組件製造業,新北市,設立,11505
62087754,翼承投資有限公司,新北市汐止區大同路1段497號9樓之3,鄭百翔,7073784,115/05/13,,,H201010 一般投資業,新北市,設立,11505
62087760,泳勝電器工程有限公司,新北市八里區楓林坑2號之13,廖敏翔,100000,115/05/13,,,E601010 電器承裝業；E601020 電器安裝業；E603130 燃氣熱水器承裝業；F113020 電器批發業；F213010 電器零售業；E603050 自動控制設備工程業；ZZ99999 除許可業務外，得經營法令非禁止或限制之業務,新北市,設立,11505
62087776,宏潤企業有限公司,新北市五股區成泰路3段543巷7號5樓,連書緯,500000,115/05/13,,,E801010 室內裝潢業；E801020 門窗安裝工程業；E801030 室內輕鋼架工程業；E801040 玻璃安裝工程業；E801070 廚具、衛浴設備安裝工程業；E901010 油漆工程業；EZ02010 起重工程業；F106010 五金批發業；F111090 建材批發業；F206010 五金零售業,新北市,設立,11505
62118834,筑暘室內裝潢工程有限公司,新北市板橋區中山路1段10號9樓,黃琮益,100000,115/05/13,,,E601020 電器安裝業；E701040 簡易電信設備安裝業；E801010 室內裝潢業；E801020 門窗安裝工程業；E801030 室內輕鋼架工程業；E801040 玻璃安裝工程業；E801070 廚具、衛浴設備安裝工程業；E901010 油漆工程業；E903010 防蝕、防銹工程業；EZ07010 鑽孔工程業,新北市,設立,11505
62118840,珩白股份有限公司,新北市永和區永和路1段178號,白筑安,1000000,115/05/13,,,F204110 布疋、衣著、鞋、帽、傘、服飾品零售業；I502010 服飾設計業；F399040 無店面零售業；F401010 國際貿易業；I501010 產品設計業；I503010 景觀設計業；I504010 花藝設計業；I599990 其他設計業；E801010 室內裝潢業；E801020 門窗安裝工程業,新北市,設立,11505
62118855,五層有限公司,新北市板橋區館前東路26號3樓之2,吳明星,6400000,115/05/13,,,F104110 布疋、衣著、鞋、帽、傘、服飾品批發業；F106020 日常用品批發業；F107030 清潔用品批發業；F108040 化粧品批發業；F102170 食品什貨批發業；F203010 食品什貨、飲料零售業；F204110 布疋、衣著、鞋、帽、傘、服飾品零售業；F206020 日常用品零售業；F207030 清潔用品零售業；F208040 化粧品零售業,新北市,設立,11505
62118861,鴻鑫科有限公司,新北市永和區民生路47巷12弄7號3樓,劉黃英機,200000,115/05/13,,,F113010 機械批發業；F113020 電器批發業；F113030 精密儀器批發業；F113050 電腦及事務性機器設備批發業；F113070 電信器材批發業；F118010 資訊軟體批發業；F119010 電子材料批發業；F399040 無店面零售業；F401010 國際貿易業；I103060 管理顧問業,新北市,設立,11505
62118877,銘德興業有限公司,新北市三重區重新路2段46之8號3樓,李銘山,100000,115/05/13,,,F101050 水產品批發業；F101990 其他農、畜、水產品批發業；F102170 食品什貨批發業；F106010 五金批發業；F111090 建材批發業；F201030 水產品零售業；F201990 其他農畜水產品零售業；F203010 食品什貨、飲料零售業；F206010 五金零售業；F211010 建材零售業,新北市,設立,11505
62118898,易明生技股份有限公司,新北市中和區連勝街117號,曾國亮,9600000,115/05/13,,,F108031 醫療器材批發業；F208031 醫療器材零售業；F113010 機械批發業；F113020 電器批發業；F113030 精密儀器批發業；F118010 資訊軟體批發業；F401010 國際貿易業；I301010 資訊軟體服務業；I103060 管理顧問業；IZ12010 人力派遣業,新北市,設立,11505
62118905,衡綠國際有限公司,新北市蘆洲區永安南路2段254號,鄭曉芳,500000,115/05/13,,,A102020 農產品整理業；A102050 作物栽培服務業；A102080 園藝服務業；A201010 造林業；A201030 特殊林木經營業；A301030 水產養殖業；A401040 畜牧服務業；A401990 其他畜牧業；E601020 電器安裝業；E605010 電腦設備安裝業,新北市,設立,11505
62118911,禾稙數位創新有限公司,新北市板橋區重慶路60之1號3樓,汪芷伃,100000,115/05/13,,,E604010 機械安裝業；E603020 電梯安裝工程業；E603050 自動控制設備工程業；E601020 電器安裝業；EZ07010 鑽孔工程業；EZ99990 其他工程業；F111090 建材批發業；F113010 機械批發業；F113990 其他機械器具批發業；F401010 國際貿易業,新北市,設立,11505
62118927,禾雅窗飾美學有限公司,新北市林口區文化三路2段115巷2號,張雅欣,500000,115/05/14,,,CI01020 毯、氈製造業；CN01010 家具及裝設品製造業；CZ99990 未分類其他工業製品製造業；E801010 室內裝潢業；F105050 家具、寢具、廚房器具、裝設品批發業；F205040 家具、寢具、廚房器具、裝設品零售業；F211010 建材零售業；ZZ99999 除許可業務外，得經營法令非禁止或限制之業務,新北市,設立,11505
62118932,蓁意有限公司,新北市新莊區建國一路310號9樓,張芳蓁,30000,115/05/14,,,F206050 寵物食品及其用品零售業；F213010 電器零售業；F213030 電腦及事務性機器設備零售業；F214010 汽車零售業；F219010 電子材料零售業；F399040 無店面零售業；F401010 國際貿易業；F102170 食品什貨批發業；F104110 布疋、衣著、鞋、帽、傘、服飾品批發業；F105050 家具、寢具、廚房器具、裝設品批發業,新北市,設立,11505
62118948,心源圓有限公司,新北市中和區景平路72號,黃思婷,800000,115/05/14,,,F203010 食品什貨、飲料零售業；F102170 食品什貨批發業；ZZ99999 除許可業務外，得經營法令非禁止或限制之業務,新北市,設立,11505
62118953,安塔洛斯科技股份有限公司,新北市三重區自強路五段110號5樓,邱炳華,100000,115/05/14,,,I301010 資訊軟體服務業；I301020 資料處理服務業；I301030 電子資訊供應服務業；I301050 實境體感應用服務業；I301060 網路廣告平臺業；I401010 一般廣告服務業；I401020 廣告傳單分送業；I501010 產品設計業；IZ99990 其他工商服務業；I102010 一般投資顧問業,新北市,設立,11505
62118969,沐奧科技有限公司,新北市中和區中山路2段332巷13號12樓,張益捷,600000,115/05/14,,,F108040 化粧品批發業；F107030 清潔用品批發業；F102170 食品什貨批發業；F106020 日常用品批發業；F113050 電腦及事務性機器設備批發業；F119010 電子材料批發業；F113020 電器批發業；F208040 化粧品零售業；F207030 清潔用品零售業；F203010 食品什貨、飲料零售業,新北市,設立,11505
62118975,銳鋐投資有限公司,新北市汐止區中興路86號8樓之2,許建庸,1500000,115/05/14,,,H201010 一般投資業；F401010 國際貿易業；F601010 智慧財產權業；I102010 一般投資顧問業；I103060 管理顧問業；I199990 其他顧問服務業；ZZ99999 除許可業務外，得經營法令非禁止或限制之業務,新北市,設立,11505
62118980,拾光冉冉有限公司,新北市土城區青雲路483巷13弄18號,李芮蕎,500000,115/05/14,,,F104110 布疋、衣著、鞋、帽、傘、服飾品批發業；F106060 寵物食品及其用品批發業；F219010 電子材料零售業；F299990 其他零售業；F399040 無店面零售業；F401010 國際貿易業；I301060 網路廣告平臺業；I401010 一般廣告服務業；ZZ99999 除許可業務外，得經營法令非禁止或限制之業務,新北市,設立,11505
62118996,鏵禹投資有限公司,新北市汐止區中興路86號8樓之2,許妤莉,1500000,115/05/14,,,H201010 一般投資業；F401010 國際貿易業；F601010 智慧財產權業；I102010 一般投資顧問業；I103060 管理顧問業；I199990 其他顧問服務業；ZZ99999 除許可業務外，得經營法令非禁止或限制之業務,新北市,設立,11505
62119003,開旭安全防護網有限公司,新北市五股區中興路1段128巷11號（1樓）,廖敏如,5000000,115/05/14,,,CI01010 繩、纜、網製造業；IZ12010 人力派遣業；E901010 油漆工程業；EZ14010 運動場地用設備工程業；F120010 耐火材料批發業；F111090 建材批發業；F109070 文教、樂器、育樂用品批發業；F220010 耐火材料零售業；F211010 建材零售業；F206010 五金零售業,新北市,設立,11505
62119019,彼得香氣有限公司,新北市中和區中正路918號3樓,周榆靜,200000,115/05/14,,,F104110 布疋、衣著、鞋、帽、傘、服飾品批發業；F204110 布疋、衣著、鞋、帽、傘、服飾品零售業；F105050 家具、寢具、廚房器具、裝設品批發業；F205040 家具、寢具、廚房器具、裝設品零售業；F106020 日常用品批發業；F206020 日常用品零售業；F109070 文教、樂器、育樂用品批發業；F209060 文教、樂器、育樂用品零售業；F108040 化粧品批發業；F208040 化粧品零售業,新北市,設立,11505
62119025,誠全人實業有限公司,新北市中和區連城路127巷7號,劉芃辰,688300,115/05/14,,,E801010 室內裝潢業；E801020 門窗安裝工程業；E801070 廚具、衛浴設備安裝工程業；F109070 文教、樂器、育樂用品批發業；F113050 電腦及事務性機器設備批發業；F209060 文教、樂器、育樂用品零售業；F213030 電腦及事務性機器設備零售業；F299990 其他零售業；F399040 無店面零售業；F399990 其他綜合零售業,新北市,設立,11505
62119030,精鍊科技股份有限公司,新北市樹林區太平路269號,張英傑,10000000,115/05/14,,,CA01050 鋼材二次加工業；CA02990 其他金屬製品製造業；CQ01010 模具製造業；CP01010 手工具製造業；CC01110 電腦及其週邊設備製造業；CD01030 汽車及其零件製造業；CD01040 機車及其零件製造業；CC01030 電器及視聽電子產品製造業；CB01010 機械設備製造業；CA02060 金屬容器製造業,新北市,設立,11505
62119046,鉑晶生活國際有限公司,新北市土城區青山路2巷7號六樓,黃健修,50000,115/05/14,,,F501030 飲料店業；F203010 食品什貨、飲料零售業；F102170 食品什貨批發業；F399040 無店面零售業；F401010 國際貿易業；F208040 化粧品零售業；F108040 化粧品批發業；F199990 其他批發業；F299990 其他零售業；J601010 藝文服務業,新北市,設立,11505
62119051,峻豪工程有限公司,新北市永和區中和路345號12樓之3,湯富隆,500000,115/05/14,,,E601020 電器安裝業；E603010 電纜安裝工程業；E604010 機械安裝業；F113020 電器批發業；F213010 電器零售業；F113070 電信器材批發業；F213060 電信器材零售業；E603050 自動控制設備工程業；E603040 消防安全設備安裝工程業；E603090 照明設備安裝工程業,新北市,設立,11505
62119067,萬其有限公司,新北市新莊區中華路1段116巷15號7樓,楊凱麟,1000000,115/05/14,,,CC01010 發電、輸電、配電機械製造業；CA01050 鋼材二次加工業；CA01990 其他非鐵金屬基本工業；CA02990 其他金屬製品製造業；CB01010 機械設備製造業；F401010 國際貿易業；E603010 電纜安裝工程業；E603020 電梯安裝工程業；E603040 消防安全設備安裝工程業；E603050 自動控制設備工程業,新北市,設立,11505
62119073,悠享數位有限公司,新北市鶯歌區南雅路33巷6弄9號(1樓),孟鉦棋,100000,115/05/14,,,I401010 一般廣告服務業；I301010 資訊軟體服務業；F399040 無店面零售業；F401010 國際貿易業；I301030 電子資訊供應服務業；I199990 其他顧問服務業；ZZ99999 除許可業務外，得經營法令非禁止或限制之業務,新北市,設立,11505
62119088,安圖科技有限公司,新北市中和區中正路918號3樓,李鎮宇,100000,115/05/14,,,I301010 資訊軟體服務業；I301030 電子資訊供應服務業；JZ99050 仲介服務業；I301020 資料處理服務業；J399010 軟體出版業；I401010 一般廣告服務業；I301060 網路廣告平臺業；J304010 圖書出版業；F399040 無店面零售業；I599990 其他設計業,新北市,設立,11505
62119094,思桂諾有限公司,新北市新店區中央六街119號,瞿正柔,500000,115/05/14,,,I401010 一般廣告服務業；F109070 文教、樂器、育樂用品批發業；F209060 文教、樂器、育樂用品零售業；F104110 布疋、衣著、鞋、帽、傘、服飾品批發業；F204110 布疋、衣著、鞋、帽、傘、服飾品零售業；F106020 日常用品批發業；F206020 日常用品零售業；F105050 家具、寢具、廚房器具、裝設品批發業；F205040 家具、寢具、廚房器具、裝設品零售業；F113020 電器批發業,新北市,設立,11505
62119101,秉侖有限公司,新北市板橋區板新路17號2樓,吳建廷,500000,115/05/14,,,C901010 陶瓷及陶瓷製品製造業；C901020 玻璃及玻璃製品製造業；CA02010 金屬結構及建築組件製造業；CA02060 金屬容器製造業；CB01010 機械設備製造業；CE01030 光學儀器製造業；E502010 燃料導管安裝工程業；E599010 配管工程業；E603050 自動控制設備工程業；E603100 電焊工程業,新北市,設立,11505
62119117,泰赫工程有限公司,新北市板橋區板新路17號2樓,陳梓茵,300000,115/05/14,,,C901010 陶瓷及陶瓷製品製造業；C901020 玻璃及玻璃製品製造業；CA02010 金屬結構及建築組件製造業；CA02060 金屬容器製造業；CB01010 機械設備製造業；CE01030 光學儀器製造業；E502010 燃料導管安裝工程業；E599010 配管工程業；E603050 自動控制設備工程業；E603100 電焊工程業,新北市,設立,11505
62119123,酷方數科股份有限公司,新北市泰山區莊泰路1635號,吳建樺,5000000,115/05/14,,,F601010 智慧財產權業；I103060 管理顧問業；I301010 資訊軟體服務業；I301020 資料處理服務業；I301030 電子資訊供應服務業；I501010 產品設計業；I599990 其他設計業；ZZ99999 除許可業務外，得經營法令非禁止或限制之業務,新北市,設立,11505
62119138,呈竑科技有限公司,新北市板橋區板新路17號2樓,吳秉洋,500000,115/05/14,,,C901010 陶瓷及陶瓷製品製造業；C901020 玻璃及玻璃製品製造業；CA02010 金屬結構及建築組件製造業；CA02060 金屬容器製造業；CB01010 機械設備製造業；CE01030 光學儀器製造業；E502010 燃料導管安裝工程業；E599010 配管工程業；E603050 自動控制設備工程業；E603100 電焊工程業,新北市,設立,11505
62119159,宜侖有限公司,新北市板橋區板新路17號2樓,吳芷妍,500000,115/05/14,,,C901010 陶瓷及陶瓷製品製造業；C901020 玻璃及玻璃製品製造業；CA02010 金屬結構及建築組件製造業；CA02060 金屬容器製造業；CB01010 機械設備製造業；CE01030 光學儀器製造業；E502010 燃料導管安裝工程業；E599010 配管工程業；E603050 自動控制設備工程業；E603100 電焊工程業,新北市,設立,11505
62119165,樂旺創新有限公司,新北市新莊區新北大道4段175號3樓,王采翎,500000,115/05/14,,,E801010 室內裝潢業；F401010 國際貿易業；H701010 住宅及大樓開發租售業；H701020 工業廠房開發租售業；H703090 不動產買賣業；H703100 不動產租賃業；H704031 不動產仲介經紀業；H704041 不動產代銷經紀業；HZ02020 辦理金融機構金錢債權之評價或拍賣業務；HZ99990 其他金融、保險及不動產業,新北市,設立,11505
62119171,科睿科技有限公司,新北市板橋區板新路17號2樓,陳澤宗,300000,115/05/14,,,C901010 陶瓷及陶瓷製品製造業；C901020 玻璃及玻璃製品製造業；CA02010 金屬結構及建築組件製造業；CA02060 金屬容器製造業；CB01010 機械設備製造業；CE01030 光學儀器製造業；E502010 燃料導管安裝工程業；E599010 配管工程業；E603050 自動控制設備工程業；E603100 電焊工程業,新北市,設立,11505
62119186,泰睿工程有限公司,新北市板橋區板新路17號2樓,陳湘婷,400000,115/05/14,,,C901010 陶瓷及陶瓷製品製造業；C901020 玻璃及玻璃製品製造業；CA02010 金屬結構及建築組件製造業；CA02060 金屬容器製造業；CB01010 機械設備製造業；CE01030 光學儀器製造業；E502010 燃料導管安裝工程業；E599010 配管工程業；E603050 自動控制設備工程業；E603100 電焊工程業,新北市,設立,11505
62119192,秩岩有限公司,新北市土城區中央路3段238之7號4樓,張世又,200000,115/05/14,,,JE01010 租賃業；JA01010 汽車修理業；JA01990 其他汽車服務業；JA02990 其他修理業；F113010 機械批發業；F114010 汽車批發業；F114030 汽、機車零件配備批發業；F113990 其他機械器具批發業；F114990 其他交通運輸工具及其零件批發業；F401010 國際貿易業,新北市,設立,11505
62119209,陞展開發股份有限公司,新北市汐止區福德二路215號10樓之3,謝宗翰,200000,115/05/14,,,H701010 住宅及大樓開發租售業；H701020 工業廠房開發租售業；H703100 不動產租賃業；G202010 停車場經營業；ZZ99999 除許可業務外，得經營法令非禁止或限制之業務,新北市,設立,11505
62119215,永利不動產顧問有限公司,新北市板橋區富山街7巷5號4樓,陳清鏢,1000000,115/05/14,,,I102010 一般投資顧問業；I103060 管理顧問業；I199990 其他顧問服務業；I301030 電子資訊供應服務業；I401010 一般廣告服務業；IZ07010 公證業；IZ99990 其他工商服務業；H703090 不動產買賣業；HZ02010 金融機構金錢債權收買業務；HZ02020 辦理金融機構金錢債權之評價或拍賣業務,新北市,設立,11505
62119221,泰瑞八八有限公司,新北市中和區興南路2段114巷10弄11號3樓,簡志頴,2000000,115/05/15,,,F399010 便利商店業；F301020 超級市場業；ZZ99999 除許可業務外，得經營法令非禁止或限制之業務,新北市,設立,11505
62119236,紹鵬有限公司,新北市新莊區昌德街165號3樓,陳祐群,1000000,115/05/15,,,H201010 一般投資業；H202010 創業投資業；H701010 住宅及大樓開發租售業；H701020 工業廠房開發租售業；H701050 投資興建公共建設業；H701060 新市鎮、新社區開發業；H701070 區段徵收及市地重劃代辦業；H701090 都市更新整建維護業；H703090 不動產買賣業；H703100 不動產租賃業,新北市,設立,11505
62119242,藝金強有限公司,新北市三重區中正北路15號4樓,張藝鏹,250000,115/05/15,,,F108040 化粧品批發業；F208040 化粧品零售業；F401010 國際貿易業；JZ99080 美容美髮服務業；F399040 無店面零售業；ZZ99999 除許可業務外，得經營法令非禁止或限制之業務,新北市,設立,11505
62119257,台灣福神製造有限公司,新北市板橋區三民路2段33號14樓,丁玟綺,300000,115/05/15,,,F109070 文教、樂器、育樂用品批發業；F209060 文教、樂器、育樂用品零售業；F104110 布疋、衣著、鞋、帽、傘、服飾品批發業；F204110 布疋、衣著、鞋、帽、傘、服飾品零售業；F106020 日常用品批發業；F206020 日常用品零售業；F102170 食品什貨批發業；F203010 食品什貨、飲料零售業；F106010 五金批發業；F206010 五金零售業,新北市,設立,11505
62119263,采色行銷顧問有限公司,新北市新莊區新北大道3段5號4樓之6,翁采縈,100000,115/05/15,,,I103060 管理顧問業；I401010 一般廣告服務業；JZ99030 攝影業；I501010 產品設計業；J202010 產業育成業；ZZ99999 除許可業務外，得經營法令非禁止或限制之業務；I102010 一般投資顧問業；I301020 資料處理服務業；JB01010 會議及展覽服務業；IZ99990 其他工商服務業,新北市,設立,11505
62119284,延吉建材有限公司,新北市土城區延吉街253巷10號2樓,王玟婷,500000,115/05/15,,,E402010 沙石、淤泥海拋業；E903010 防蝕、防銹工程業；EZ02010 起重工程業；EZ06010 交通標示工程業；EZ07010 鑽孔工程業；EZ99990 其他工程業；F111090 建材批發業；F211010 建材零售業；ZZ99999 除許可業務外，得經營法令非禁止或限制之業務,新北市,設立,11505
62119290,赫朵國際有限公司,新北市新店區啟文路68號（1樓）,侯秀賢,500000,115/05/15,,,A401031 特定寵物服務業；F206050 寵物食品及其用品零售業；JZ99180 寵物美容服務業；ZZ99999 除許可業務外，得經營法令非禁止或限制之業務,新北市,設立,11505
62119307,恆桉科技有限公司,新北市新店區民權路108號地下一層,嚴于恩,1000000,115/05/15,,,E599010 配管工程業；E601010 電器承裝業；E601020 電器安裝業；E603010 電纜安裝工程業；E603040 消防安全設備安裝工程業；E603050 自動控制設備工程業；E603080 交通號誌安裝工程業；E603090 照明設備安裝工程業；E605010 電腦設備安裝業；E606010 用電設備檢驗維護業,新北市,設立,11505
62119313,翰宇有限公司,新北市新莊區建國一路310號9樓,王遠翰,50000,115/05/15,,,F206050 寵物食品及其用品零售業；F213010 電器零售業；F213030 電腦及事務性機器設備零售業；F214010 汽車零售業；F219010 電子材料零售業；F399040 無店面零售業；F401010 國際貿易業；F102170 食品什貨批發業；F104110 布疋、衣著、鞋、帽、傘、服飾品批發業；F105050 家具、寢具、廚房器具、裝設品批發業,新北市,設立,11505
62119329,山森海有限公司,新北市林口區文化三路2段68號20樓,徐浩瀚,300000,115/05/15,,,I503010 景觀設計業；I504010 花藝設計業；I501010 產品設計業；I599990 其他設計業；E801010 室內裝潢業；E801020 門窗安裝工程業；E801030 室內輕鋼架工程業；E801040 玻璃安裝工程業；E801070 廚具、衛浴設備安裝工程業；E901010 油漆工程業,新北市,設立,11505
62119334,泓曜資本有限公司,新北市土城區中華路1段36號12樓之2,楊舒婷,29900000,115/05/18,,,H201010 一般投資業；ZZ99999 除許可業務外，得經營法令非禁止或限制之業務,新北市,設立,11505
62119340,赫爾醫藥股份有限公司,新北市新店區北新路3段82號4樓之4,林宗毅,2000000,115/05/15,,,F107070 動物用藥品批發業；F108011 中藥批發業；F108021 西藥批發業；F108031 醫療器材批發業；F113030 精密儀器批發業；F203010 食品什貨、飲料零售業；F207070 動物用藥零售業；F208011 中藥零售業；F208021 西藥零售業；F208031 醫療器材零售業,新北市,設立,11505
62119355,欣致貿易股份有限公司,新北市土城區學成路91巷5號,陳欣舷,1680000,115/05/15,,,F401010 國際貿易業；F399040 無店面零售業；F108040 化粧品批發業；F104110 布疋、衣著、鞋、帽、傘、服飾品批發業；F204110 布疋、衣著、鞋、帽、傘、服飾品零售業；F299990 其他零售業；F102050 茶葉批發業；C306010 成衣業；F102170 食品什貨批發業；F113010 機械批發業,新北市,設立,11505
62119361,盈禾科技有限公司,新北市林口區八德路120號8樓之4,黃重道,100000,115/05/15,,,F113020 電器批發業；F113050 電腦及事務性機器設備批發業；F113070 電信器材批發業；F118010 資訊軟體批發業；F119010 電子材料批發業；F213010 電器零售業；F213030 電腦及事務性機器設備零售業；F213060 電信器材零售業；F218010 資訊軟體零售業；F401010 國際貿易業,新北市,設立,11505
62119377,斌瑩有限公司,新北市新莊區建國一路310號9樓,彭順斌,50000,115/05/15,,,F206050 寵物食品及其用品零售業；F213010 電器零售業；F213030 電腦及事務性機器設備零售業；F214010 汽車零售業；F219010 電子材料零售業；F399040 無店面零售業；F401010 國際貿易業；F102170 食品什貨批發業；F104110 布疋、衣著、鞋、帽、傘、服飾品批發業；F105050 家具、寢具、廚房器具、裝設品批發業,新北市,設立,11505
62119382,鉑沛投資股份有限公司,新北市板橋區華江一路111號15樓之1,張麗惠,1200000,115/05/15,,,H201010 一般投資業,新北市,設立,11505
62119398,華僑地產顧問有限公司,新北市林口區公園路201號,黃之崟,1000000,115/05/15,,,H704031 不動產仲介經紀業；H704041 不動產代銷經紀業；H201010 一般投資業；H202010 創業投資業；H701010 住宅及大樓開發租售業；H701020 工業廠房開發租售業；H703090 不動產買賣業；H703100 不動產租賃業；H703110 老人住宅業；I102010 一般投資顧問業,新北市,設立,11505
62119405,雄英貿易有限公司,新北市新店區五峯路87號3樓,王坤英,2000000,115/05/15,,,F401010 國際貿易業；F121010 食品添加物批發業；F221010 食品添加物零售業；ZZ99999 除許可業務外，得經營法令非禁止或限制之業務,新北市,設立,11505
62119411,靖味國際餐飲有限公司,新北市板橋區民生路3段56號1樓,范靖烽,500000,115/05/18,,,F501060 餐館業；F203010 食品什貨、飲料零售業；F203020 菸酒零售業；ZZ99999 除許可業務外，得經營法令非禁止或限制之業務,新北市,設立,11505
62119427,弘晉國際股份有限公司,新北市新莊區中平路429號12樓,張茗焜,500000,115/05/15,,,F106010 五金批發業；F107200 化學原料批發業；F113020 電器批發業；F199010 回收物料批發業；F199990 其他批發業；F401010 國際貿易業；ZZ99999 除許可業務外，得經營法令非禁止或限制之業務,新北市,設立,11505
62119432,之軒工程有限公司,新北市中和區中山路2段332巷1號7樓,李鑑軒,50000,115/05/15,,,E601010 電器承裝業；E601020 電器安裝業；E603040 消防安全設備安裝工程業；E801010 室內裝潢業；F117010 消防安全設備批發業；F106040 水器材料批發業；E599010 配管工程業；E502010 燃料導管安裝工程業；E603010 電纜安裝工程業；E603050 自動控制設備工程業,新北市,設立,11505
62119453,樂晴淨有限公司,新北市中和區景平路407號,徐瑞蓮,500000,115/05/15,,,F106040 水器材料批發業；F206040 水器材料零售業；F105050 家具、寢具、廚房器具、裝設品批發業；F205040 家具、寢具、廚房器具、裝設品零售業；F106010 五金批發業；F206010 五金零售業；F106020 日常用品批發業；F206020 日常用品零售業；F213030 電腦及事務性機器設備零售業；F401010 國際貿易業,新北市,設立,11505
62119469,佳俽實業有限公司,新北市三重區光明路84巷21號4樓,蔡佳燁,100000,115/05/15,,,J101010 建築物清潔服務業；J101020 病媒防治業；JA02010 電器及電子產品修理業；E599010 配管工程業；E601010 電器承裝業；E601020 電器安裝業；E801070 廚具、衛浴設備安裝工程業；EZ99990 其他工程業；F213010 電器零售業；F219010 電子材料零售業,新北市,設立,11505
62119475,諾亞影視整合行銷有限公司,新北市中和區中山路2段332巷1號7樓,辛侑宸,100000,115/05/15,,,J401010 電影片製作業；J402010 電影片發行業；J404010 動畫影片製作業；J404040 電影錄音業；J404050 電影特效製作業；J503020 電視節目製作業；J503050 錄影節目帶業；J601010 藝文服務業；J602010 演藝活動業；J603010 音樂展演空間業,新北市,設立,11505
62119496,煜可企業有限公司,新北市三重區重陽路2段4號4樓,黃任豪,2000000,115/05/15,,,F106010 五金批發業；F113020 電器批發業；F113010 機械批發業；CA02990 其他金屬製品製造業；F113050 電腦及事務性機器設備批發業；E603050 自動控制設備工程業；E601010 電器承裝業；E601020 電器安裝業；E606010 用電設備檢驗維護業；E604010 機械安裝業,新北市,設立,11505
62119502,遊達資訊有限公司,新北市新莊區民安路403巷10號,曾勝達,100000,115/05/15,,,I301010 資訊軟體服務業；I301020 資料處理服務業；I301030 電子資訊供應服務業；I301040 第三方支付服務業；I301060 網路廣告平臺業；IZ99990 其他工商服務業；ZZ99999 除許可業務外，得經營法令非禁止或限制之業務,新北市,設立,11505
62119518,佳富投資顧問有限公司,新北市新莊區五工三路94巷26號7樓,楊中佳,500000,115/05/15,,,H201010 一般投資業；I102010 一般投資顧問業；I103060 管理顧問業；H703100 不動產租賃業；JE01010 租賃業；I401010 一般廣告服務業；I199990 其他顧問服務業；ZZ99999 除許可業務外，得經營法令非禁止或限制之業務,新北市,設立,11505
62119524,福豐興業有限公司,新北市板橋區大觀路2段265巷3弄55號,曾于玲,500000,115/05/15,,,H703090 不動產買賣業；H703100 不動產租賃業；I103060 管理顧問業；JE01010 租賃業；JZ99050 仲介服務業；ZZ99999 除許可業務外，得經營法令非禁止或限制之業務,新北市,設立,11505
62119545,錢甜烘培有限公司,新北市新莊區五權一路74號,鄭有清,5888000,115/05/15,,,C104020 烘焙炊蒸食品製造業；F102050 茶葉批發業；F102170 食品什貨批發業；F201010 農產品零售業；F203010 食品什貨、飲料零售業；F501030 飲料店業；F501990 其他餐飲業；ZZ99999 除許可業務外，得經營法令非禁止或限制之業務,新北市,設立,11505
62119550,玄協有限公司,新北市板橋區大明街18之4號2樓,吳佩嬙,200000,115/05/15,,,F114030 汽、機車零件配備批發業；F113050 電腦及事務性機器設備批發業；F118010 資訊軟體批發業；F119010 電子材料批發業；F401010 國際貿易業；ZZ99999 除許可業務外，得經營法令非禁止或限制之業務,新北市,設立,11505
62119572,和禮國際股份有限公司,新北市新店區安興路109號5樓之6,張亞菁,1000000,115/05/18,,,F102020 食用油脂批發業；F102030 菸酒批發業；F102040 飲料批發業；F102050 茶葉批發業；F102170 食品什貨批發業；F104110 布疋、衣著、鞋、帽、傘、服飾品批發業；F105050 家具、寢具、廚房器具、裝設品批發業；F106020 日常用品批發業；F106050 陶瓷玻璃器皿批發業；F107030 清潔用品批發業,新北市,設立,11505
62119587,慕佳有限公司,新北市中和區中正路918號3樓,蔡子渝,100000,115/05/18,,,F108040 化粧品批發業；F208040 化粧品零售業；F106020 日常用品批發業；F206020 日常用品零售業；F399990 其他綜合零售業；I103060 管理顧問業；I301060 網路廣告平臺業；I301030 電子資訊供應服務業；I401010 一般廣告服務業；G801010 倉儲業,新北市,設立,11505
62119593,突厥文化傳媒有限公司,新北市板橋區華江三路120號20樓,盧建維,1000000,115/05/18,,,J503050 錄影節目帶業；J601010 藝文服務業；J602010 演藝活動業；J603010 音樂展演空間業；J503020 電視節目製作業；J399010 軟體出版業；J399990 其他出版業；JZ99030 攝影業；I301030 電子資訊供應服務業；IZ12010 人力派遣業,新北市,設立,11505
62119600,鈺智股份有限公司,新北市新莊區富貴路502號4樓,林佳樺,500000,115/05/18,,,C110010 飲料製造業；C199990 未分類其他食品製造業；C802100 化粧品製造業；F102040 飲料批發業；F102170 食品什貨批發業；F103010 飼料批發業；F106020 日常用品批發業；F106060 寵物食品及其用品批發業；F107030 清潔用品批發業；F107990 其他化學製品批發業,新北市,設立,11505
62119616,啟匠新能源有限公司,新北市林口區中正路300號3樓,張菁芳,10000000,115/05/18,,,CB01010 機械設備製造業；CC01080 電子零組件製造業；CE01030 光學儀器製造業；CE01990 其他光學及精密器械製造業；E603050 自動控制設備工程業；E604010 機械安裝業；F106010 五金批發業；F106030 模具批發業；F114010 汽車批發業；F113010 機械批發業,新北市,設立,11505
62119622,振遠工程有限公司,新北市樹林區東榮街116巷1號3樓,解義平,300000,115/05/18,,,E599010 配管工程業；E601010 電器承裝業；E601020 電器安裝業；E603040 消防安全設備安裝工程業；E603090 照明設備安裝工程業；E603100 電焊工程業；E603120 噴砂工程業；E801010 室內裝潢業；E801020 門窗安裝工程業；E801030 室內輕鋼架工程業,新北市,設立,11505
62119637,金禾升企業有限公司,新北市新莊區豐年街53巷34號3樓之2,張曉萍,500000,115/05/18,,,C802160 黏性膠帶製造業；C805010 塑膠皮、布、板、管材製造業；CC01120 資料儲存媒體製造及複製業；E605010 電腦設備安裝業；F101990 其他農、畜、水產品批發業；F102170 食品什貨批發業；F106010 五金批發業；F106020 日常用品批發業；F106060 寵物食品及其用品批發業；F106070 祭祀用品批發業,新北市,設立,11505
62119643,弘海豐貿易有限公司,新北市板橋區文化路2段285號21樓,陳聖弘,1000000,115/05/18,,,F101130 蔬果批發業；F399040 無店面零售業；F399990 其他綜合零售業；F201010 農產品零售業；F101990 其他農、畜、水產品批發業；F102170 食品什貨批發業；F199990 其他批發業；F201990 其他農畜水產品零售業；F203010 食品什貨、飲料零售業；F401010 國際貿易業,新北市,設立,11505
62119664,五琥投資有限公司,新北市土城區中華路1段36號11樓,黃慧茹,19500000,115/05/18,,,H201010 一般投資業；ZZ99999 除許可業務外，得經營法令非禁止或限制之業務,新北市,設立,11505
62119670,晨星天傳投資股份有限公司,新北市樹林區八德街230號,黃郁芬,6000000,115/05/18,,,H201010 一般投資業,新北市,設立,11505
62119685,蔣宇國際有限公司,新北市土城區中央路3段87號5樓之1,林丁一,2000000,115/05/18,,,E801010 室內裝潢業；F109070 文教、樂器、育樂用品批發業；F119010 電子材料批發業；F205040 家具、寢具、廚房器具、裝設品零售業；F219010 電子材料零售業；F401010 國際貿易業；H201010 一般投資業；H701050 投資興建公共建設業；H701070 區段徵收及市地重劃代辦業；HZ02010 金融機構金錢債權收買業務,新北市,設立,11505
62119691,建選國際有限公司,新北市樹林區復興路20號,張中建,100000,115/05/18,,,F102020 食用油脂批發業；F102030 菸酒批發業；F102040 飲料批發業；F102050 茶葉批發業；F102170 食品什貨批發業；F102180 酒精批發業；F108040 化粧品批發業；F121010 食品添加物批發業；F199990 其他批發業；F203010 食品什貨、飲料零售業,新北市,設立,11505
62119708,錡內斯科技有限公司,新北市汐止區康寧街169巷8之6號4樓、8之7號4樓,八角伊織,10000000,115/05/18,,,CB01010 機械設備製造業；CC01080 電子零組件製造業；CE01990 其他光學及精密器械製造業；E603050 自動控制設備工程業；E604010 機械安裝業；F113010 機械批發業；F113990 其他機械器具批發業；F118010 資訊軟體批發業；F119010 電子材料批發業；F213080 機械器具零售業,新北市,設立,11505
62119714,君榀建設有限公司,新北市新莊區新北大道4段175號3樓,簡華宏,1000000,115/05/18,,,E801010 室內裝潢業；E901010 油漆工程業；EZ99990 其他工程業；A102060 糧商業；A401020 家畜禽飼育業；C111010 製茶業；C109010 調味品製造業；C199030 即食餐食製造業；C199990 未分類其他食品製造業；C801010 基本化學工業,新北市,設立,11505
62119720,名悦有限公司,新北市林口區仁愛路1段211巷7號(1樓),黃炫穎,600000,115/05/18,,,H703100 不動產租賃業；H703090 不動產買賣業；H701010 住宅及大樓開發租售業；H701020 工業廠房開發租售業；F399040 無店面零售業；ZZ99999 除許可業務外，得經營法令非禁止或限制之業務,新北市,設立,11505
62119735,天賜奇雞食品股份有限公司,新北市新莊區壽山路59號,鄭元杰,100000,115/05/18,,,F102170 食品什貨批發業；F203010 食品什貨、飲料零售業；F399040 無店面零售業；I199990 其他顧問服務業；I103060 管理顧問業；I101090 食品顧問業；ZZ99999 除許可業務外，得經營法令非禁止或限制之業務,新北市,設立,11505
62119741,便民超商專業商品有限公司,新北市新莊區五權一路12巷21弄23號4樓,邱俊瑋,100000,115/05/18,,,F106010 五金批發業；F206010 五金零售業；F106020 日常用品批發業；F206020 日常用品零售業；F107030 清潔用品批發業；F207030 清潔用品零售業；F102170 食品什貨批發業；F203010 食品什貨、飲料零售業；F104110 布疋、衣著、鞋、帽、傘、服飾品批發業；F204110 布疋、衣著、鞋、帽、傘、服飾品零售業,新北市,設立,11505
62119756,鈞鼎工程有限公司,新北市中和區中山路2段332巷1號7樓,池久安,500000,115/05/18,,,E599010 配管工程業；E601020 電器安裝業；E603040 消防安全設備安裝工程業；E603080 交通號誌安裝工程業；E603100 電焊工程業；E701010 電信工程業；E701030 電信管制射頻器材裝設工程業；E801010 室內裝潢業；E801020 門窗安裝工程業；E801030 室內輕鋼架工程業,新北市,設立,11505
62119762,盛程光科技有限公司,新北市汐止區新台五路1段99號19樓之10,蕭彰程,500000,115/05/18,,,F121010 食品添加物批發業；F221010 食品添加物零售業；F401010 國際貿易業；IG01010 生物技術服務業；F107030 清潔用品批發業；F207030 清潔用品零售業；ZZ99999 除許可業務外，得經營法令非禁止或限制之業務,新北市,設立,11505
62119778,拾初車業有限公司,新北市樹林區中正路448號,薛安倫,10000,115/05/18,,,F214010 汽車零售業；F214020 機車零售業；F114030 汽、機車零件配備批發業；F214030 汽、機車零件配備零售業；F114050 車胎批發業；F214050 車胎零售業；F114040 自行車及其零件批發業；F214040 自行車及其零件零售業；F114990 其他交通運輸工具及其零件批發業；F214990 其他交通運輸工具及其零件零售業,新北市,設立,11505
62119783,弦墨有限公司,新北市中和區中正路736號14樓之3,張真仁,300000,115/05/18,,,J304010 圖書出版業；J305010 有聲出版業；J303010 雜誌（期刊）出版業；J601010 藝文服務業；J602010 演藝活動業；J603010 音樂展演空間業；J604010 聲音錄製及音樂發行業；J403010 電影片映演業；J503020 電視節目製作業；J503040 廣播電視廣告業,新北市,設立,11505
62119799,駟禧文化創意有限公司,新北市新店區安祥路147巷15號2樓,王君文,120000,115/05/18,,,F501030 飲料店業；F501060 餐館業；F399040 無店面零售業；F401010 國際貿易業；F203010 食品什貨、飲料零售業；I103060 管理顧問業；I401010 一般廣告服務業；I401020 廣告傳單分送業；J801030 競技及休閒運動場館業；J802010 運動訓練業,新北市,設立,11505
62119806,壞東西工作室有限公司,新北市永和區保平路177巷5弄1號（1樓）,周安迪,100000,115/05/18,,,F209060 文教、樂器、育樂用品零售業；F601010 智慧財產權業；I301050 實境體感應用服務業；I401010 一般廣告服務業；I501010 產品設計業；IZ04010 翻譯業；J304010 圖書出版業；J401010 電影片製作業；J402010 電影片發行業；J403010 電影片映演業,新北市,設立,11505
62119812,辰言國際有限公司,新北市新店區央北一路110號,黃詠軒,1000000,115/05/18,,,F204110 布疋、衣著、鞋、帽、傘、服飾品零售業；F399040 無店面零售業；F401010 國際貿易業；F205040 家具、寢具、廚房器具、裝設品零售業；F206020 日常用品零售業；F208040 化粧品零售業；F209060 文教、樂器、育樂用品零售業；F104110 布疋、衣著、鞋、帽、傘、服飾品批發業；F105050 家具、寢具、廚房器具、裝設品批發業；F106020 日常用品批發業,新北市,設立,11505
62119828,東昇資本有限公司,新北市土城區青雲路49巷9號(1樓),陳益泓,300000,115/05/18,,,I102010 一般投資顧問業；I103060 管理顧問業；I301010 資訊軟體服務業；I301020 資料處理服務業；I301030 電子資訊供應服務業；I301060 網路廣告平臺業；I401010 一般廣告服務業；I599990 其他設計業；JD01010 工商徵信服務業；JZ99050 仲介服務業,新北市,設立,11505
62119833,京兆鐿科技有限公司,新北市林口區忠福路135號,楊嘉笎,5000000,115/05/18,,,C303010 不織布業；F106010 五金批發業；F107200 化學原料批發業；F119010 電子材料批發業；F219010 電子材料零售業；CC01080 電子零組件製造業；F113030 精密儀器批發業；F213040 精密儀器零售業；F113010 機械批發業；H201010 一般投資業,新北市,設立,11505
62119849,力松國際食品有限公司,新北市板橋區雙十路1段42號,蔡文力,500000,115/05/18,,,F101050 水產品批發業；F102170 食品什貨批發業；F101990 其他農、畜、水產品批發業；F102030 菸酒批發業；F102040 飲料批發業；F201010 農產品零售業；F201030 水產品零售業；F203010 食品什貨、飲料零售業；F203020 菸酒零售業；F401010 國際貿易業,新北市,設立,11505
62119854,黃合協國際有限公司,新北市新莊區樹新路206號5樓,黃凱文,502032,115/05/18,,,F102040 飲料批發業；F102170 食品什貨批發業；F104110 布疋、衣著、鞋、帽、傘、服飾品批發業；F105050 家具、寢具、廚房器具、裝設品批發業；F106010 五金批發業；F106020 日常用品批發業；F107030 清潔用品批發業；F107190 塑膠膜、袋批發業；F108040 化粧品批發業；F109070 文教、樂器、育樂用品批發業,新北市,設立,11505
62119860,睿赫科技有限公司,新北市新莊區天祥街81巷15號2樓,林明珠,50000,115/05/18,,,I301010 資訊軟體服務業；I599990 其他設計業；ZZ99999 除許可業務外，得經營法令非禁止或限制之業務,新北市,設立,11505
62119876,佳合實業股份有限公司,新北市新莊區中央路218號28樓,郭錦揚,5000000,115/05/18,,,E599010 配管工程業；E601010 電器承裝業；E601020 電器安裝業；E801010 室內裝潢業；E801020 門窗安裝工程業；E801030 室內輕鋼架工程業；E801040 玻璃安裝工程業；E801070 廚具、衛浴設備安裝工程業；E901010 油漆工程業；E903010 防蝕、防銹工程業,新北市,設立,11505
62119881,善田投資有限公司,新北市土城區承天路22號,黃宏霖,10000000,115/05/18,,,H201010 一般投資業,新北市,設立,11505
62119897,桓楷技術顧問有限公司,新北市板橋區文化路1段329號4樓,施宏欣,1000000,115/05/18,,,I101061 工程技術顧問業；I103060 管理顧問業；I199990 其他顧問服務業；I301010 資訊軟體服務業；I301020 資料處理服務業；I301030 電子資訊供應服務業；I503010 景觀設計業；I504010 花藝設計業；IG02010 研究發展服務業；IZ12010 人力派遣業,新北市,設立,11505
62119904,宇鈞資本有限公司,新北市板橋區重慶路60之1號3樓,陳宇鈞,5000000,115/05/18,,,H201010 一般投資業,新北市,設立,11505
62119910,岠邦科技有限公司,新北市板橋區文化路1段329號4樓,黃書彥,1000000,115/05/18,,,F206010 五金零售業；F106010 五金批發業；F219010 電子材料零售業；F119010 電子材料批發業；F113010 機械批發業；F213040 精密儀器零售業；F213060 電信器材零售業；F213080 機械器具零售業；F113030 精密儀器批發業；F113050 電腦及事務性機器設備批發業,新北市,設立,11505
62119926,宸安居家有限公司,新北市板橋區南雅南路2段34巷6號,陳台燕,200000,115/05/19,,,JH01011 居家式服務業；F208050 乙類成藥零售業；F118010 資訊軟體批發業；F218010 資訊軟體零售業；F203010 食品什貨、飲料零售業；F206020 日常用品零售業；F207030 清潔用品零售業；F209060 文教、樂器、育樂用品零售業；F102170 食品什貨批發業；F106020 日常用品批發業,新北市,設立,11505
62119931,可盈創意有限公司,新北市林口區興林路24號,劉盈劭,1000000,115/05/19,,,I103060 管理顧問業；I401010 一般廣告服務業；I199990 其他顧問服務業；I301010 資訊軟體服務業；I301020 資料處理服務業；I401020 廣告傳單分送業；I501010 產品設計業；I503010 景觀設計業；IZ12010 人力派遣業；IZ99990 其他工商服務業,新北市,設立,11505
62119947,貓控資訊有限公司,新北市三重區福和街25號,劉昌修,4000000,115/05/19,,,I301010 資訊軟體服務業；I301020 資料處理服務業；I401010 一般廣告服務業；I301060 網路廣告平臺業；F206020 日常用品零售業；F106020 日常用品批發業；IZ06010 理貨包裝業；F399040 無店面零售業；IZ99990 其他工商服務業；I199990 其他顧問服務業,新北市,設立,11505
62119952,銳鑫精密工業有限公司,新北市五股區凌雲路1段149巷21號(1樓),陳惠如,2000000,115/05/19,,,CQ01010 模具製造業；CA02990 其他金屬製品製造業；CC01110 電腦及其週邊設備製造業；CD01030 汽車及其零件製造業；F106030 模具批發業；F106010 五金批發業；F113990 其他機械器具批發業；F113050 電腦及事務性機器設備批發業；F114030 汽、機車零件配備批發業；F206030 模具零售業,新北市,設立,11505
62119968,鼎疆投資股份有限公司,新北市泰山區公園路9號,陳志榮,6600000,115/05/19,,,H201010 一般投資業；I102010 一般投資顧問業；I103060 管理顧問業,新北市,設立,11505
62119974,豆豆汽車有限公司,新北市中和區建三路28號,廖亭茹,300000,115/05/19,,,F214010 汽車零售業；F214020 機車零售業；F214030 汽、機車零件配備零售業；F214050 車胎零售業；F214040 自行車及其零件零售業；F401010 國際貿易業；JA01010 汽車修理業；JA01020 汽車拖吊業；JA01990 其他汽車服務業；JE01010 租賃業,新北市,設立,11505
62119989,躍晟企業有限公司,新北市樹林區東華街3巷1號7樓之3,賴芷涵,1500000,115/05/19,,,CP01010 手工具製造業；F106010 五金批發業；F106070 祭祀用品批發業；F113100 污染防治設備批發業；F118010 資訊軟體批發業；F206010 五金零售業；F206060 祭祀用品零售業；F299990 其他零售業；F399040 無店面零售業；F399990 其他綜合零售業,新北市,設立,11505
62119995,住都不動產經紀有限公司,新北市中和區中和路432號(1樓),朱家蓁,800000,115/05/19,,,E801010 室內裝潢業；F399040 無店面零售業；F399990 其他綜合零售業；H701010 住宅及大樓開發租售業；H701020 工業廠房開發租售業；H701060 新市鎮、新社區開發業；H701070 區段徵收及市地重劃代辦業；H701090 都市更新整建維護業；H703090 不動產買賣業；H703100 不動產租賃業,新北市,設立,11505
62120000,宋妮妮旅行社有限公司,新北市中和區保健路33巷15號（1樓）,紀憲宗,6000000,115/05/19,,,J902011 旅行業,新北市,設立,11505
62120016,西子灣投資股份有限公司,新北市中和區中山路3段37巷2號17樓,馬道奇,200000,115/05/19,,,H201010 一般投資業,新北市,設立,11505
62120022,智齊先進股份有限公司,新北市新莊區富貴路500號7樓,王思齊,8000000,115/05/21,,,CB01010 機械設備製造業；CC01080 電子零組件製造業；CC01990 其他電機及電子機械器材製造業；CD01020 軌道車輛及其零件製造業；F113010 機械批發業；F113020 電器批發業；F113030 精密儀器批發業；F114080 軌道車輛及其零件批發業；F119010 電子材料批發業；F214080 軌道車輛及其零件零售業,新北市,設立,11505
62120037,躍界科技顧問有限公司,新北市板橋區華江九路37號11樓,蔡佳伶,500000,115/05/19,,,I301020 資料處理服務業；I301010 資訊軟體服務業；I103060 管理顧問業；I199990 其他顧問服務業；ZZ99999 除許可業務外，得經營法令非禁止或限制之業務,新北市,設立,11505
62120043,文風室內裝修設計工程有限公司,新北市中和區秀朗路3段10巷14弄59號,簡祐鈞,1000000,115/05/19,,,E801060 室內裝修業；E801010 室內裝潢業；F105050 家具、寢具、廚房器具、裝設品批發業；E801070 廚具、衛浴設備安裝工程業；I503010 景觀設計業；I199990 其他顧問服務業；ZZ99999 除許可業務外，得經營法令非禁止或限制之業務,新北市,設立,11505
62120058,宇樹科技有限公司,新北市新店區永業路39號2樓,胡毅韋,2000000,115/05/19,,,CB01010 機械設備製造業；CC01010 發電、輸電、配電機械製造業；CC01110 電腦及其週邊設備製造業；C701010 印刷業；CN01010 家具及裝設品製造業；F401010 國際貿易業；F601010 智慧財產權業；F399040 無店面零售業；F399990 其他綜合零售業；G801010 倉儲業,新北市,設立,11505
62120064,百花閣股份有限公司,新北市中和區捷運路139號(1樓),林梵璇,100000,115/05/19,,,F107030 清潔用品批發業；F108040 化粧品批發業；F207030 清潔用品零售業；F208040 化粧品零售業；F399990 其他綜合零售業；F401010 國際貿易業；F601010 智慧財產權業；JZ99080 美容美髮服務業；JZ99990 未分類其他服務業；ZZ99999 除許可業務外，得經營法令非禁止或限制之業務,新北市,設立,11505
62120070,富宇拓界工程有限公司,新北市新莊區中港路514號4樓,林宥萲,500000,115/05/19,,,E502010 燃料導管安裝工程業；E599010 配管工程業；E601020 電器安裝業；E603010 電纜安裝工程業；E603020 電梯安裝工程業；E603040 消防安全設備安裝工程業；E603050 自動控制設備工程業；E603080 交通號誌安裝工程業；E603090 照明設備安裝工程業；E603100 電焊工程業,新北市,設立,11505
62120091,吉可不動產仲介經紀有限公司,新北市八里區頂罟一路56號（1樓）,吳思琦,1000000,115/05/19,,,E801010 室內裝潢業；EZ99990 其他工程業；H701010 住宅及大樓開發租售業；H701020 工業廠房開發租售業；H701050 投資興建公共建設業；H701060 新市鎮、新社區開發業；H701070 區段徵收及市地重劃代辦業；H701090 都市更新整建維護業；H703090 不動產買賣業；H703100 不動產租賃業,新北市,設立,11505
62120108,初聚有限公司,新北市蘆洲區三民路581號,陳冠涵,200000,115/05/19,,,F501060 餐館業；ZZ99999 除許可業務外，得經營法令非禁止或限制之業務,新北市,設立,11505
62120114,底波拉興業有限公司,新北市新莊區福美街62巷9號,張佩菁,1500000,115/05/19,,,JZ99080 美容美髮服務業；JZ99990 未分類其他服務業；I199990 其他顧問服務業；F108040 化粧品批發業；F208040 化粧品零售業；ZZ99999 除許可業務外，得經營法令非禁止或限制之業務,新北市,設立,11505
62120120,威錡工程有限公司,新北市樹林區中山路1段217號8樓之1,陳卿彬,1500000,115/05/19,,,E801010 室內裝潢業；EZ99990 其他工程業；E901010 油漆工程業；E599010 配管工程業；E603010 電纜安裝工程業；E903010 防蝕、防銹工程業；E801030 室內輕鋼架工程業；E801070 廚具、衛浴設備安裝工程業；E603040 消防安全設備安裝工程業；E801020 門窗安裝工程業,新北市,設立,11505
62120135,野行動有限公司,新北市淡水區新民街322巷4弄6號4樓,林裕軒,500000,115/05/19,,,E801010 室內裝潢業；F109070 文教、樂器、育樂用品批發業；F209060 文教、樂器、育樂用品零售業；F399040 無店面零售業；F401010 國際貿易業；F601010 智慧財產權業；I105010 藝術品諮詢顧問業；I199990 其他顧問服務業；I301020 資料處理服務業；I401010 一般廣告服務業,新北市,設立,11505
62120141,凱鎮股份有限公司,新北市新莊區新北大道3段159號19樓,楊凱智,1570000,115/05/19,,,H201010 一般投資業；ZZ99999 除許可業務外，得經營法令非禁止或限制之業務,新北市,設立,11505
62120156,鎮序股份有限公司,新北市新莊區新北大道3段159號19樓,楊雅涵,1570000,115/05/20,,,H201010 一般投資業；ZZ99999 除許可業務外，得經營法令非禁止或限制之業務,新北市,設立,11505
62120162,覓食所餐飲有限公司,新北市林口區文化一路1段223號,何王睿,2000000,115/05/19,,,F203010 食品什貨、飲料零售業；F501030 飲料店業；F501060 餐館業；F501990 其他餐飲業；ZZ99999 除許可業務外，得經營法令非禁止或限制之業務,新北市,設立,11505
62120178,如何設計有限公司,新北市永和區永和路2段57號7樓,鄭皓心,100000,115/05/19,,,I401010 一般廣告服務業；F401010 國際貿易業；F601010 智慧財產權業；I301010 資訊軟體服務業；I301020 資料處理服務業；I501010 產品設計業；I503010 景觀設計業；I599990 其他設計業；IZ01010 影印業；IZ12010 人力派遣業,新北市,設立,11505
62120183,鍾實投資有限公司,新北市板橋區重慶路60之1號3樓,陳宗傑,1000000,115/05/19,,,F401010 國際貿易業；H201010 一般投資業；H202010 創業投資業；H701010 住宅及大樓開發租售業；H701020 工業廠房開發租售業；H701050 投資興建公共建設業；H701060 新市鎮、新社區開發業；H703090 不動產買賣業；H703100 不動產租賃業；H703110 老人住宅業,新北市,設立,11505
62120199,冠文工程有限公司,新北市林口區民享路148號(1樓),周其文,1000000,115/05/19,,,F206010 五金零售業；F211010 建材零售業；F299990 其他零售業；E801010 室內裝潢業；E801030 室內輕鋼架工程業；E801040 玻璃安裝工程業；E603080 交通號誌安裝工程業；E603090 照明設備安裝工程業；EZ06010 交通標示工程業；EZ99990 其他工程業,新北市,設立,11505
62120206,真透數位科技有限公司,新北市汐止區伯爵街95巷30號2樓,葛振廷,600000,115/05/19,,,I301010 資訊軟體服務業；I301020 資料處理服務業；I301030 電子資訊供應服務業；I301050 實境體感應用服務業；I102010 一般投資顧問業；I103060 管理顧問業；IZ13010 網路認證服務業；JZ99030 攝影業；E801010 室內裝潢業；I503010 景觀設計業,新北市,設立,11505
62120212,森果食品有限公司,新北市新店區建安街33巷27號(1樓),陳志綱,1500000,115/05/19,,,F102170 食品什貨批發業；F203010 食品什貨、飲料零售業；F401010 國際貿易業；F399040 無店面零售業；C199990 未分類其他食品製造業；ZZ99999 除許可業務外，得經營法令非禁止或限制之業務,新北市,設立,11505
62120228,昇海企業股份有限公司,新北市五股區新五路2段237號,房怡筠,16000000,115/05/19,,,F102170 食品什貨批發業；F102180 酒精批發業；F103010 飼料批發業；F104110 布疋、衣著、鞋、帽、傘、服飾品批發業；F105050 家具、寢具、廚房器具、裝設品批發業；F106020 日常用品批發業；F106050 陶瓷玻璃器皿批發業；F107170 工業助劑批發業；F107200 化學原料批發業；F107990 其他化學製品批發業,新北市,設立,11505
62120233,長宇冠實業有限公司,新北市土城區新洲路100號8樓,周清福,1000000,115/05/20,,,C701010 印刷業；C702010 製版業；C703010 印刷品裝訂及加工業；F109070 文教、樂器、育樂用品批發業；F209060 文教、樂器、育樂用品零售業；CH01030 文具製造業；C601040 加工紙製造業；C601020 紙製造業；C601030 紙容器製造業；CM01010 箱、包、袋製造業,新北市,設立,11505
62120249,漩律科技股份有限公司,新北市中和區連城路89巷30號地下一層,林盈竺,500000,115/05/20,,,IF04010 非破壞檢測業；IG01010 生物技術服務業；IG02010 研究發展服務業；I301020 資料處理服務業；I103060 管理顧問業；I199990 其他顧問服務業；IZ99990 其他工商服務業；F401010 國際貿易業；ZZ99999 除許可業務外，得經營法令非禁止或限制之業務,新北市,設立,11505
62120254,陵界生物科技有限公司,新北市中和區中山路2段87號(1樓),廖山雲,1000000,115/05/20,,,C111010 製茶業；F102050 茶葉批發業；F102170 食品什貨批發業；F203010 食品什貨、飲料零售業；F101990 其他農、畜、水產品批發業；F201010 農產品零售業；F201990 其他農畜水產品零售業；A101020 農作物栽培業；A102020 農產品整理業；F401010 國際貿易業,新北市,設立,11505
62120260,優覓有限公司,新北市樹林區學勤路224號2樓,王聖鈞,1000000,115/05/20,,,ZZ99999 除許可業務外，得經營法令非禁止或限制之業務；F401010 國際貿易業；F399040 無店面零售業,新北市,設立,11505
62120276,昇府科技股份有限公司,新北市土城區員林街12巷7號三樓,呂佳諺,67520,115/05/20,,,I103060 管理顧問業；ZZ99999 除許可業務外，得經營法令非禁止或限制之業務,新北市,設立,11505
62120281,商拓國際有限公司,新北市八里區商港三路89號14樓,洪梓豪,3000000,115/05/20,,,F106020 日常用品批發業；F206020 日常用品零售業；F399040 無店面零售業；F401010 國際貿易業；F102050 茶葉批發業；F102170 食品什貨批發業；F108040 化粧品批發業；F208040 化粧品零售業；F106010 五金批發業；F206010 五金零售業,新北市,設立,11505
62120297,睿先科技有限公司,新北市新莊區民安西路99號8樓,張煜明,250000,115/05/20,,,F108031 醫療器材批發業；F208031 醫療器材零售業；F102170 食品什貨批發業；F108040 化粧品批發業；F203010 食品什貨、飲料零售業；F208040 化粧品零售業；F106010 五金批發業；F401010 國際貿易業；F106020 日常用品批發業；F206020 日常用品零售業,新北市,設立,11505
62120304,旭蘊藝品有限公司,新北市永和區仁愛路352巷112弄10號五樓,孫婉慈,100000,115/05/20,,,F401010 國際貿易業；J601010 藝文服務業；JB01010 會議及展覽服務業；JE01010 租賃業；I105010 藝術品諮詢顧問業；I501010 產品設計業；I199990 其他顧問服務業；F113020 電器批發業；F106020 日常用品批發業；F105050 家具、寢具、廚房器具、裝設品批發業,新北市,設立,11505
62120310,銳柯有限公司,新北市三重區忠孝路2段38巷22號(1樓),鄭麗香,500000,115/05/20,,,F401010 國際貿易業；ZZ99999 除許可業務外，得經營法令非禁止或限制之業務,新北市,設立,11505
62120326,沁安國際有限公司,新北市中和區景平路398號2樓之1,林詠旻,500000,115/05/20,,,A102080 園藝服務業；E801040 玻璃安裝工程業；E801020 門窗安裝工程業；J101010 建築物清潔服務業；IZ12010 人力派遣業；F114030 汽、機車零件配備批發業；I401010 一般廣告服務業；I501010 產品設計業；I599990 其他設計業；ZZ99999 除許可業務外，得經營法令非禁止或限制之業務,新北市,設立,11505
62120331,紅心資訊有限公司,新北市板橋區長江路2段47號2樓,吳偉智,100000,115/05/20,,,F109070 文教、樂器、育樂用品批發業；F113050 電腦及事務性機器設備批發業；F113070 電信器材批發業；F118010 資訊軟體批發業；F209060 文教、樂器、育樂用品零售業；F213030 電腦及事務性機器設備零售業；F213060 電信器材零售業；F218010 資訊軟體零售業；F299990 其他零售業；F399040 無店面零售業,新北市,設立,11505
62120347,旭曜印刷有限公司,新北市中和區連城路258號16樓之7,賴永峰,3000000,115/05/20,,,C701010 印刷業；C703010 印刷品裝訂及加工業；I401010 一般廣告服務業；I501010 產品設計業；ZZ99999 除許可業務外，得經營法令非禁止或限制之業務,新北市,設立,11505
62120352,金得順投資有限公司,新北市三重區成功路171號6樓,林月秀,10000000,115/05/20,,,H201010 一般投資業；ZZ99999 除許可業務外，得經營法令非禁止或限制之業務,新北市,設立,11505
62120368,嵩岳工程有限公司,新北市蘆洲區和平路121巷8弄34號5樓,謝妘晞,2000000,115/05/20,,,E502010 燃料導管安裝工程業；E599010 配管工程業；E601010 電器承裝業；E601020 電器安裝業；E603010 電纜安裝工程業；E603100 電焊工程業；E603110 冷作工程業；E801010 室內裝潢業；E801020 門窗安裝工程業；E801030 室內輕鋼架工程業,新北市,設立,11505
62120374,澄富工程有限公司,新北市鶯歌區鶯桃路24號,湯舜人,200000,115/05/20,,,E801010 室內裝潢業；E801070 廚具、衛浴設備安裝工程業；E901010 油漆工程業；E599010 配管工程業；E601020 電器安裝業；EZ15010 保溫、保冷安裝工程業；E801020 門窗安裝工程業；E801030 室內輕鋼架工程業；E801040 玻璃安裝工程業；E903010 防蝕、防銹工程業,新北市,設立,11505
62120389,宥亨有限公司,新北市新莊區新樹路761號15樓,許庭毓,200000,115/05/20,,,E599010 配管工程業；E601020 電器安裝業；E603040 消防安全設備安裝工程業；E605010 電腦設備安裝業；E801010 室內裝潢業；E801070 廚具、衛浴設備安裝工程業；E901010 油漆工程業；F401010 國際貿易業；I503010 景觀設計業；IZ12010 人力派遣業,新北市,設立,11505
62120395,劦驣有限公司,新北市新莊區後港一路170號,王懋琛,100000,115/05/20,,,C199990 未分類其他食品製造業；C103050 罐頭、冷凍、脫水及醃漬食品製造業；F102170 食品什貨批發業；F101990 其他農、畜、水產品批發業；F104110 布疋、衣著、鞋、帽、傘、服飾品批發業；F105050 家具、寢具、廚房器具、裝設品批發業；F106010 五金批發業；F106020 日常用品批發業；F109070 文教、樂器、育樂用品批發業；F204110 布疋、衣著、鞋、帽、傘、服飾品零售業,新北市,設立,11505
62120402,構序有限公司,新北市林口區仁愛二路37號16樓,陳嘉懿,100000,115/05/20,,,E801010 室內裝潢業；I503010 景觀設計業；F105050 家具、寢具、廚房器具、裝設品批發業；F111090 建材批發業；F205040 家具、寢具、廚房器具、裝設品零售業；F211010 建材零售業；F399040 無店面零售業；F401010 國際貿易業；I599990 其他設計業；ZZ99999 除許可業務外，得經營法令非禁止或限制之業務,新北市,設立,11505
62120418,波普利斯有限公司,新北市板橋區四川路1段69號11樓之2,陳柏青,200000,115/05/20,,,F102170 食品什貨批發業；F104110 布疋、衣著、鞋、帽、傘、服飾品批發業；F106020 日常用品批發業；F108040 化粧品批發業；F109070 文教、樂器、育樂用品批發業；F121010 食品添加物批發業；F199990 其他批發業；F208040 化粧品零售業；F208050 乙類成藥零售業；F399040 無店面零售業,新北市,設立,11505
62120424,御智室內裝修有限公司,新北市新店區安祥路158巷10號2樓,高智邦,1000000,115/05/20,,,E599010 配管工程業；E601010 電器承裝業；E601020 電器安裝業；E603010 電纜安裝工程業；E603020 電梯安裝工程業；E603040 消防安全設備安裝工程業；E603050 自動控制設備工程業；E603080 交通號誌安裝工程業；E603090 照明設備安裝工程業；E603100 電焊工程業,新北市,設立,11505
62120439,明真文教事業有限公司,新北市三芝區淺水灣街9之1號6樓,蔡佩君,400000,115/05/20,,,F209060 文教、樂器、育樂用品零售業；ZZ99999 除許可業務外，得經營法令非禁止或限制之業務,新北市,設立,11505
62120450,璇臻生鮮實業有限公司,新北市板橋區樂群路66號,羅婕尹,1000000,115/05/20,,,F101050 水產品批發業；F201030 水產品零售業；F101040 家畜家禽批發業；F102170 食品什貨批發業；F201990 其他農畜水產品零售業；F299990 其他零售業；F301020 超級市場業；F199990 其他批發業；F401010 國際貿易業；F399990 其他綜合零售業,新北市,設立,11505
62120466,金永豐投資有限公司,新北市板橋區重慶路60之1號3樓,連裕豐,1000000,115/05/20,,,F401010 國際貿易業；H201010 一般投資業；H202010 創業投資業；H701010 住宅及大樓開發租售業；H701020 工業廠房開發租售業；H701050 投資興建公共建設業；H701060 新市鎮、新社區開發業；H703090 不動產買賣業；H703100 不動產租賃業；H703110 老人住宅業,新北市,設立,11505
62120472,熵衡顧問有限公司,新北市深坑區埔新街61巷11弄3號7樓,王宏傑,100000,115/05/20,,,I103060 管理顧問業；I199990 其他顧問服務業；IZ99990 其他工商服務業；IG02010 研究發展服務業；EZ99990 其他工程業；ZZ99999 除許可業務外，得經營法令非禁止或限制之業務,新北市,設立,11505
62120493,三閣科技有限公司,新北市汐止區忠孝東路326號,賴廷曜,1200000,115/05/20,,,E601020 電器安裝業；E605010 電腦設備安裝業；E701040 簡易電信設備安裝業；F113020 電器批發業；F113050 電腦及事務性機器設備批發業；F118010 資訊軟體批發業；F213010 電器零售業；F213030 電腦及事務性機器設備零售業；F213060 電信器材零售業；F213110 電池零售業,新北市,設立,11505
62120509,形形好創意製造所有限公司,新北市板橋區林園街42號3樓,陳又銓,1000000,115/05/20,,,F218010 資訊軟體零售業；F399040 無店面零售業；I199990 其他顧問服務業；I301010 資訊軟體服務業；I301020 資料處理服務業；I301030 電子資訊供應服務業；I301060 網路廣告平臺業；I401010 一般廣告服務業；I501010 產品設計業；I599990 其他設計業,新北市,設立,11505
62120515,衡域有限公司,新北市三重區中正北路145巷7弄16號3樓,張希希,300000,115/05/20,,,E599010 配管工程業；E601010 電器承裝業；E801010 室內裝潢業；E801020 門窗安裝工程業；E801030 室內輕鋼架工程業；E801070 廚具、衛浴設備安裝工程業；E901010 油漆工程業；F105050 家具、寢具、廚房器具、裝設品批發業；F205040 家具、寢具、廚房器具、裝設品零售業；F111090 建材批發業,新北市,設立,11505
62120521,央銳智能科技有限公司,新北市林口區仁愛路2段502號10樓,陳嘉儀,300000,115/05/20,,,F106010 五金批發業；F106020 日常用品批發業；F109070 文教、樂器、育樂用品批發業；F113030 精密儀器批發業；F113050 電腦及事務性機器設備批發業；F118010 資訊軟體批發業；F401010 國際貿易業；I103060 管理顧問業；I301010 資訊軟體服務業；I301020 資料處理服務業,新北市,設立,11505
62120536,千羽不動產顧問有限公司,新北市蘆洲區信義路158之10號8樓,蘇仁懋,1000000,115/05/20,,,I102010 一般投資顧問業；I103060 管理顧問業；I199990 其他顧問服務業；I301030 電子資訊供應服務業；I401010 一般廣告服務業；IZ07010 公證業；IZ99990 其他工商服務業；H703090 不動產買賣業；HZ02010 金融機構金錢債權收買業務；HZ02020 辦理金融機構金錢債權之評價或拍賣業務,新北市,設立,11505
62120542,社島李田有限公司,新北市中和區永和路128巷2號,李佩穎,1000000,115/05/20,,,F104110 布疋、衣著、鞋、帽、傘、服飾品批發業；F105050 家具、寢具、廚房器具、裝設品批發業；F106020 日常用品批發業；F106010 五金批發業；F118010 資訊軟體批發業；F119010 電子材料批發業；F206010 五金零售業；F206020 日常用品零售業；F218010 資訊軟體零售業；F219010 電子材料零售業,新北市,設立,11505
62120557,灃依有限公司,新北市板橋區新海路431巷30號3樓,何以揚,200000,115/05/20,,,F102170 食品什貨批發業；F104110 布疋、衣著、鞋、帽、傘、服飾品批發業；F105050 家具、寢具、廚房器具、裝設品批發業；F106020 日常用品批發業；F108040 化粧品批發業；F109070 文教、樂器、育樂用品批發業；F199990 其他批發業；F203010 食品什貨、飲料零售業；F204110 布疋、衣著、鞋、帽、傘、服飾品零售業；F205040 家具、寢具、廚房器具、裝設品零售業,新北市,設立,11505
62120579,香博博投資有限公司,新北市板橋區中正路276號4樓,謝博淵,3000000,115/05/20,,,H201010 一般投資業；ZZ99999 除許可業務外，得經營法令非禁止或限制之業務,新北市,設立,11505
62120584,路米智慧科技股份有限公司,新北市新店區安祥路102巷121弄19號,楊卓恆,1000000,115/05/20,,,I102010 一般投資顧問業；I301010 資訊軟體服務業；I301020 資料處理服務業；I301030 電子資訊供應服務業；I301050 實境體感應用服務業；I301060 網路廣告平臺業；I401010 一般廣告服務業；I501010 產品設計業；I599990 其他設計業；IG02010 研究發展服務業,新北市,設立,11505
62120607,朔研科技有限公司,新北市林口區文化三路2段115巷139號,鄧維庭,1000000,115/05/21,,,E599010 配管工程業；E604010 機械安裝業；EZ05010 儀器、儀表安裝工程業；EZ99990 其他工程業；F113030 精密儀器批發業；F213040 精密儀器零售業；F119010 電子材料批發業；F219010 電子材料零售業；F213080 機械器具零售業；F107990 其他化學製品批發業,新北市,設立,11505
62120613,阿爾斯有限公司,新北市蘆洲區中山一路97巷15號(1樓),陳奕銘,1000000,115/05/21,,,C306010 成衣業；C307010 服飾品製造業；C399990 其他紡織及製品製造業；F104110 布疋、衣著、鞋、帽、傘、服飾品批發業；F105050 家具、寢具、廚房器具、裝設品批發業；F106020 日常用品批發業；F106050 陶瓷玻璃器皿批發業；F106060 寵物食品及其用品批發業；F109070 文教、樂器、育樂用品批發業；F204110 布疋、衣著、鞋、帽、傘、服飾品零售業,新北市,設立,11505
62120629,玖八動力有限公司,新北市三重區忠孝路2段92號(1樓),洪苡甄,2000000,115/05/21,,,F106010 五金批發業；F113020 電器批發業；F113110 電池批發業；F114040 自行車及其零件批發業；F206010 五金零售業；F213010 電器零售業；F213110 電池零售業；F214040 自行車及其零件零售業；F399040 無店面零售業；F399990 其他綜合零售業,新北市,設立,11505
62120634,玖幸有限公司,新北市中和區連城路222巷6弄7號,游輝傑,500000,115/05/21,,,F101040 家畜家禽批發業；F101050 水產品批發業；F101130 蔬果批發業；F102040 飲料批發業；F102050 茶葉批發業；F102170 食品什貨批發業；F201010 農產品零售業；F201020 畜產品零售業；F201030 水產品零售業；F203010 食品什貨、飲料零售業,新北市,設立,11505
62120640,履行誠信有限公司,新北市三重區長榮路11號,廖為慶,600000,115/05/21,,,I102010 一般投資顧問業；I103060 管理顧問業；I199990 其他顧問服務業；I301010 資訊軟體服務業；I301020 資料處理服務業；I301030 電子資訊供應服務業；I401010 一般廣告服務業；I501010 產品設計業；IZ12010 人力派遣業；IZ15010 市場研究及民意調查業,新北市,設立,11505
62120655,捷美嘉物流有限公司,新北市土城區新洲路100號8樓,謝季庭,3000000,115/05/21,,,IZ06010 理貨包裝業；H703100 不動產租賃業；EZ02010 起重工程業；G801010 倉儲業；JE01010 租賃業；F401010 國際貿易業；ZZ99999 除許可業務外，得經營法令非禁止或限制之業務,新北市,設立,11505
62120661,允鉅國際有限公司,新北市中和區景平路398號2樓之1,張鉅鼎,500000,115/05/21,,,F111090 建材批發業；F211010 建材零售業；F106010 五金批發業；F206010 五金零售業；F120010 耐火材料批發業；F220010 耐火材料零售業；E801010 室內裝潢業；E801070 廚具、衛浴設備安裝工程業；EZ99990 其他工程業；I503010 景觀設計業,新北市,設立,11505
62120677,壁虎紳仕股份有限公司,新北市中和區員山路152之1號5樓,朱倩儀,2500000,115/05/21,,,J302010 通訊稿業；J303010 雜誌（期刊）出版業；J304010 圖書出版業；J305010 有聲出版業；J399010 軟體出版業；J399990 其他出版業；F109070 文教、樂器、育樂用品批發業；F209060 文教、樂器、育樂用品零售業；C701010 印刷業；C703010 印刷品裝訂及加工業,新北市,設立,11505
62120682,小宇宙音樂有限公司,新北市林口區文化二路1段390號5樓,詹宇豪,300000,115/05/21,,,J503020 電視節目製作業；J503030 廣播電視節目發行業；J503040 廣播電視廣告業；J503050 錄影節目帶業；J604010 聲音錄製及音樂發行業；J503010 廣播節目製作業；J603010 音樂展演空間業；J601010 藝文服務業；F109070 文教、樂器、育樂用品批發業；F209060 文教、樂器、育樂用品零售業,新北市,設立,11505
62120698,睿樂機電有限公司,新北市板橋區民生路3段186號19樓之5,石睿璟,2000000,115/05/21,,,E599010 配管工程業；E601020 電器安裝業；E603040 消防安全設備安裝工程業；E603050 自動控制設備工程業；E603080 交通號誌安裝工程業；E603090 照明設備安裝工程業；E603100 電焊工程業；E605010 電腦設備安裝業；E701010 電信工程業；E801070 廚具、衛浴設備安裝工程業,新北市,設立,11505
62120705,永朝投資有限公司,新北市永和區中正路417號8樓,陳俊瑋,500000,115/05/21,,,H201010 一般投資業,新北市,設立,11505
62120711,久騰機電工程有限公司,新北市淡水區新生街51巷9號,陳逸軒,1000000,115/05/21,,,F106010 五金批發業；F106040 水器材料批發業；F113010 機械批發業；F113020 電器批發業；F113030 精密儀器批發業；F113050 電腦及事務性機器設備批發業；F113070 電信器材批發業；F113990 其他機械器具批發業；F119010 電子材料批發業；F205040 家具、寢具、廚房器具、裝設品零售業,新北市,設立,11505
62120727,開心汽車有限公司,新北市鶯歌區永明街60巷40號3樓,徐塏昕,1000000,115/05/21,,,F114010 汽車批發業；F214010 汽車零售業；F114030 汽、機車零件配備批發業；F214030 汽、機車零件配備零售業；JA01990 其他汽車服務業；JZ99050 仲介服務業；ZZ99999 除許可業務外，得經營法令非禁止或限制之業務,新北市,設立,11505
62120732,華鴻科技股份有限公司,新北市蘆洲區三民路362號20樓之1,蘇俊華,2500000,115/05/21,,,F113010 機械批發業；F113030 精密儀器批發業；F113050 電腦及事務性機器設備批發業；F113110 電池批發業；F118010 資訊軟體批發業；F119010 電子材料批發業；F213030 電腦及事務性機器設備零售業；F213040 精密儀器零售業；F213080 機械器具零售業；F213110 電池零售業,新北市,設立,11505
62120748,昇達精工國際有限公司,新北市鶯歌區鶯桃路365巷30號,藍于婷,500000,115/05/21,,,F401010 國際貿易業；F113010 機械批發業；F113030 精密儀器批發業；F119010 電子材料批發業；F213080 機械器具零售業；F213040 精密儀器零售業；F213990 其他機械器具零售業；IG03010 能源技術服務業；EZ05010 儀器、儀表安裝工程業；JA02010 電器及電子產品修理業,新北市,設立,11505
62120753,禾達居企業有限公司,新北市板橋區漢生東路189號3樓,蕭珍成,100000,115/05/21,,,F106020 日常用品批發業；F401010 國際貿易業；H701010 住宅及大樓開發租售業；H701050 投資興建公共建設業；H701060 新市鎮、新社區開發業；H703090 不動產買賣業；H703100 不動產租賃業；I102010 一般投資顧問業；I103060 管理顧問業；I199990 其他顧問服務業,新北市,設立,11505
62120769,澄映策略影像有限公司,新北市永和區秀朗路1段82號11樓之14,鄭廷毅,100000,115/05/21,,,I103060 管理顧問業；I199990 其他顧問服務業；I301020 資料處理服務業；I301030 電子資訊供應服務業；I401010 一般廣告服務業；J401010 電影片製作業；J404010 動畫影片製作業；J503010 廣播節目製作業；J503020 電視節目製作業；J601010 藝文服務業,新北市,設立,11505
62120775,大樹創作有限公司,新北市三芝區埔尾9之9號9樓,林韋廷,1000000,115/05/21,,,E601010 電器承裝業；E601020 電器安裝業；E603090 照明設備安裝工程業；E801010 室內裝潢業；F107030 清潔用品批發業；I503010 景觀設計業；J101010 建築物清潔服務業；J101020 病媒防治業；J101030 廢棄物清除業；ZZ99999 除許可業務外，得經營法令非禁止或限制之業務,新北市,設立,11505
62120780,星曜運輸股份有限公司,新北市林口區中華一路93號3樓,林賢,25000000,115/05/21,,,G101061 汽車貨運業；EZ02010 起重工程業；IZ06010 理貨包裝業；JA01990 其他汽車服務業；JE01010 租賃業；ZZ99999 除許可業務外，得經營法令非禁止或限制之業務,新北市,設立,11505
62120796,聯順電通股份有限公司,新北市新莊區五權一路11之3號(1樓),王德諒,5000000,115/05/21,,,CD01030 汽車及其零件製造業；F114030 汽、機車零件配備批發業；F401010 國際貿易業；ZZ99999 除許可業務外，得經營法令非禁止或限制之業務,新北市,設立,11505
62120803,如果人生有限公司,新北市三重區集美街225號11樓,黃子瑋,1000000,115/05/21,,,I103060 管理顧問業；I199990 其他顧問服務業；IZ15010 市場研究及民意調查業；J202010 產業育成業；F399040 無店面零售業；F401010 國際貿易業；ZZ99999 除許可業務外，得經營法令非禁止或限制之業務；F203010 食品什貨、飲料零售業；F208040 化粧品零售業；I401010 一般廣告服務業,新北市,設立,11505
62120819,富朗行銷有限公司,新北市中和區景安路38號（1樓）,陳煒翔,2000000,115/05/21,,,H703090 不動產買賣業；H703100 不動產租賃業；H701010 住宅及大樓開發租售業；H701020 工業廠房開發租售業；I401010 一般廣告服務業；I401020 廣告傳單分送業；I501010 產品設計業；I503010 景觀設計業；E801010 室內裝潢業；EZ99990 其他工程業,新北市,設立,11505
62120825,世璿有限公司,新北市土城區廣明街63巷6號,陳育彬,200000,115/05/21,,,F401010 國際貿易業；F107170 工業助劑批發業；F107200 化學原料批發業；F107990 其他化學製品批發業；F107010 漆料、塗料批發業；F113020 電器批發業；F119010 電子材料批發業；F207170 工業助劑零售業；F207200 化學原料零售業；F213010 電器零售業,新北市,設立,11505
62120830,盛鑫室內裝修工程有限公司,新北市林口區信義路386號9樓之5,李昆儒,5000000,115/05/21,,,E601010 電器承裝業；E601020 電器安裝業；E801010 室內裝潢業；E801020 門窗安裝工程業；E801030 室內輕鋼架工程業；E801040 玻璃安裝工程業；E801060 室內裝修業；E801070 廚具、衛浴設備安裝工程業；E901010 油漆工程業；I503010 景觀設計業,新北市,設立,11505
62120846,光宸活動整合有限公司,新北市三重區光復路1段85號9樓,王瑀涵,250000,115/05/21,,,J602010 演藝活動業；J601010 藝文服務業；JB01010 會議及展覽服務業；I401010 一般廣告服務業；I103060 管理顧問業；I301020 資料處理服務業；F401010 國際貿易業；F399040 無店面零售業；F209060 文教、樂器、育樂用品零售業；F109070 文教、樂器、育樂用品批發業,新北市,設立,11505
62120851,瑀泉資本國際股份有限公司,新北市三重區光復路1段88之10號5樓,張中瀚,28000000,115/05/21,,,H201010 一般投資業；H202010 創業投資業；ZZ99999 除許可業務外，得經營法令非禁止或限制之業務,新北市,設立,11505
62120867,鉑楷森科技有限公司,新北市林口區文化二路1段226之1號,許喜甯,1000000,115/05/21,,,C801990 其他化學材料製造業；CA03010 熱處理業；CA04010 表面處理業；CG01010 珠寶及貴金屬製品製造業；CZ99990 未分類其他工業製品製造業；F107200 化學原料批發業；F115010 首飾及貴金屬批發業；F207200 化學原料零售業；F215010 首飾及貴金屬零售業；F299990 其他零售業,新北市,設立,11505
62120873,三協順水產有限公司,新北市板橋區文化路2段285號21樓,邱思瑀,3500000,115/05/21,,,G801010 倉儲業；F101040 家畜家禽批發業；F101050 水產品批發業；F101130 蔬果批發業；F102040 飲料批發業；F102050 茶葉批發業；F102170 食品什貨批發業；F104110 布疋、衣著、鞋、帽、傘、服飾品批發業；F105050 家具、寢具、廚房器具、裝設品批發業；F106020 日常用品批發業,新北市,設立,11505
62120888,與與創藝有限公司,新北市新店區民權路108號地下一層,劉品瑗,150000,115/05/22,,,J601010 藝文服務業；J602010 演藝活動業；I401010 一般廣告服務業；I501010 產品設計業；F204110 布疋、衣著、鞋、帽、傘、服飾品零售業；F209060 文教、樂器、育樂用品零售業；J604010 聲音錄製及音樂發行業；JB01010 會議及展覽服務業；ZZ99999 除許可業務外，得經營法令非禁止或限制之業務,新北市,設立,11505
62120894,層層文化有限公司,新北市三重區水漾路2段37之5號,蘇延仁,1100000,115/05/22,,,F218010 資訊軟體零售業；F399040 無店面零售業；I103060 管理顧問業；I199990 其他顧問服務業；I301010 資訊軟體服務業；I301030 電子資訊供應服務業；I401010 一般廣告服務業；I501010 產品設計業；I599990 其他設計業；J304010 圖書出版業,新北市,設立,11505
62154021,盛海建材有限公司,新北市八里區中山路2段371號,蓋建安,5000000,115/05/22,,,F111090 建材批發業；F102030 菸酒批發業；F102050 茶葉批發業；F106020 日常用品批發業；F112040 石油製品批發業；F199990 其他批發業；F203020 菸酒零售業；F206020 日常用品零售業；F211010 建材零售業；F212050 石油製品零售業,新北市,設立,11505
62154036,北誠建材有限公司,新北市樹林區學成路772號8樓,賴怡潔,2000000,115/05/22,,,F106010 五金批發業；F107010 漆料、塗料批發業；F107020 染料、顏料批發業；F107170 工業助劑批發業；F107200 化學原料批發業；F107990 其他化學製品批發業；F111090 建材批發業；F207010 漆料、塗料零售業；F207020 染料、顏料零售業；F207990 其他化學製品零售業,新北市,設立,11505
62154042,承固有限公司,新北市新莊區幸福路521號3樓,阮婕芸,500000,115/05/22,,,CB01010 機械設備製造業；CB01990 其他機械製造業；CA02010 金屬結構及建築組件製造業；CA02030 螺絲、螺帽、螺絲釘、及鉚釘等製品製造業；CA02990 其他金屬製品製造業；CA02080 金屬鍛造業；E604010 機械安裝業；F206010 五金零售業；F401010 國際貿易業；ZZ99999 除許可業務外，得經營法令非禁止或限制之業務,新北市,設立,11505
62154057,傑科科技有限公司,新北市中和區中山路2段350號9樓,黃政雄,1000000,115/05/22,,,C701010 印刷業；C703010 印刷品裝訂及加工業；F299990 其他零售業；F401010 國際貿易業；I103060 管理顧問業；I401010 一般廣告服務業；I401020 廣告傳單分送業；I501010 產品設計業；IZ06010 理貨包裝業；ZZ99999 除許可業務外，得經營法令非禁止或限制之業務,新北市,設立,11505
62154063,三品生活有限公司,新北市鶯歌區尖山路59巷2號,楊映荻,200000,115/05/22,,,E801010 室內裝潢業；E801030 室內輕鋼架工程業；E801040 玻璃安裝工程業；E801070 廚具、衛浴設備安裝工程業；E901010 油漆工程業；F105050 家具、寢具、廚房器具、裝設品批發業；F106010 五金批發業；F106020 日常用品批發業；F106040 水器材料批發業；F107030 清潔用品批發業,新北市,設立,11505
62154079,艾恩實業有限公司,新北市汐止區大同路1段217號5樓之1,蕭宥源,200000,115/05/22,,,F102030 菸酒批發業；F104110 布疋、衣著、鞋、帽、傘、服飾品批發業；F105050 家具、寢具、廚房器具、裝設品批發業；F106010 五金批發業；F106020 日常用品批發業；F113050 電腦及事務性機器設備批發業；F113030 精密儀器批發業；F113020 電器批發業；F114010 汽車批發業；F114020 機車批發業,新北市,設立,11505
62154084,源流影像有限公司,新北市新店區新坡一街80之1號2樓,方仁宇,1000000,115/05/22,,,JZ99030 攝影業；I401010 一般廣告服務業；I501010 產品設計業；J601010 藝文服務業；J602010 演藝活動業；J401010 電影片製作業；J404010 動畫影片製作業；J404050 電影特效製作業；JZ99090 喜慶綜合服務業；J304010 圖書出版業,新北市,設立,11505
62154090,仕誠有限公司,新北市淡水區八勢路1段204號4樓,曾薇玲,3000000,115/05/22,,,E603040 消防安全設備安裝工程業；E801010 室內裝潢業；E801070 廚具、衛浴設備安裝工程業；E901010 油漆工程業；F117010 消防安全設備批發業；F105050 家具、寢具、廚房器具、裝設品批發業；F106010 五金批發業；F109070 文教、樂器、育樂用品批發業；F111090 建材批發業；F118010 資訊軟體批發業,新北市,設立,11505
62154113,台灣下酒菜食品有限公司,新北市三重區三和路4段44巷1號(1樓),翁婉茜,1000000,115/05/22,,,F101040 家畜家禽批發業；F101050 水產品批發業；F101130 蔬果批發業；F101990 其他農、畜、水產品批發業；F102040 飲料批發業；F102170 食品什貨批發業；F106010 五金批發業；F106020 日常用品批發業；F121010 食品添加物批發業；F201010 農產品零售業,新北市,設立,11505
62154129,祥勛生態永續顧問有限公司,新北市淡水區民族路33巷16號3樓之12,周琪,1000000,115/05/22,,,J101050 環境檢測服務業；IG02010 研究發展服務業；I103060 管理顧問業；J101990 其他環境衛生及污染防治服務業；J101020 病媒防治業；I301020 資料處理服務業；I101070 農、林、漁、畜牧顧問業；I199990 其他顧問服務業；IG01010 生物技術服務業；IZ04010 翻譯業,新北市,設立,11505
62154134,星雨行銷有限公司,新北市林口區文化二路1段242號8樓,史慧萍,1000000,115/05/22,,,F399040 無店面零售業；ZZ99999 除許可業務外，得經營法令非禁止或限制之業務,新北市,設立,11505
62154140,永玥生璣有限公司,新北市板橋區三民路2段33號14樓,廖婉眞,1000000,115/05/22,,,I102010 一般投資顧問業；I103060 管理顧問業；I199990 其他顧問服務業；I301010 資訊軟體服務業；I301020 資料處理服務業；I401010 一般廣告服務業；I501010 產品設計業；IZ99990 其他工商服務業；F113030 精密儀器批發業；F113990 其他機械器具批發業,新北市,設立,11505
62154155,錦澤電子有限公司,新北市三重區中正北路15號5樓,蔡文謙,2500000,115/05/22,,,CC01020 電線及電纜製造業；CC01080 電子零組件製造業；CC01110 電腦及其週邊設備製造業；F113010 機械批發業；F113020 電器批發業；F113030 精密儀器批發業；F113050 電腦及事務性機器設備批發業；F113070 電信器材批發業；F119010 電子材料批發業；F219010 電子材料零售業,新北市,設立,11505
62154161,通泰科技股份有限公司,新北市板橋區文化路2段98號6樓,高永華,20000000,115/05/22,,,E599010 配管工程業；E601020 電器安裝業；E603010 電纜安裝工程業；E603040 消防安全設備安裝工程業；E603050 自動控制設備工程業；E603090 照明設備安裝工程業；E605010 電腦設備安裝業；E701010 電信工程業；E701030 電信管制射頻器材裝設工程業；E701040 簡易電信設備安裝業,新北市,設立,11505
62154177,冠彰環保有限公司,新北市三重區昌隆街44號,陳咨瑜,5000000,115/05/22,,,J101080 資源回收業；J101030 廢棄物清除業；J101040 廢棄物處理業；J101090 廢棄物清理業；F113100 污染防治設備批發業；F213100 污染防治設備零售業；F401010 國際貿易業；J101010 建築物清潔服務業；J101020 病媒防治業；J101990 其他環境衛生及污染防治服務業,新北市,設立,11505
62154182,潤匠冷氣空調有限公司,新北市新莊區幸福路78巷1弄6號4樓,劉睿易,500000,115/05/22,,,E601010 電器承裝業；E601020 電器安裝業；E599010 配管工程業；E603010 電纜安裝工程業；E603040 消防安全設備安裝工程業；E603050 自動控制設備工程業；E603090 照明設備安裝工程業；E603110 冷作工程業；E801010 室內裝潢業；E801070 廚具、衛浴設備安裝工程業,新北市,設立,11505
62154198,麗城企業有限公司,新北市鶯歌區尖山路240巷21弄25之1號2樓,郭鄭春霞,100000,115/05/22,,,CC01080 電子零組件製造業；CC01090 電池製造業；CC01110 電腦及其週邊設備製造業；C104020 烘焙炊蒸食品製造業；F107200 化學原料批發業；F107990 其他化學製品批發業；F113030 精密儀器批發業；F113050 電腦及事務性機器設備批發業；F118010 資訊軟體批發業；F119010 電子材料批發業,新北市,設立,11505
62154205,口袋兔子有限公司,新北市板橋區中山路1段1號13樓之26,楊德暉,300000,115/05/22,,,F401010 國際貿易業；F601010 智慧財產權業；E605010 電腦設備安裝業；F213030 電腦及事務性機器設備零售業；F218010 資訊軟體零售業；F213060 電信器材零售業；F219010 電子材料零售業；F118010 資訊軟體批發業；F113070 電信器材批發業；F119010 電子材料批發業,新北市,設立,11505
62154211,豐珠環保清潔有限公司,新北市林口區中山路532號10樓之6,王青田,100000,115/05/22,,,J101010 建築物清潔服務業；J101020 病媒防治業；J101060 廢（污）水處理業；J101090 廢棄物清理業；J101990 其他環境衛生及污染防治服務業；J801030 競技及休閒運動場館業；F107030 清潔用品批發業；F107200 化學原料批發業；F207030 清潔用品零售業；ZZ99999 除許可業務外，得經營法令非禁止或限制之業務,新北市,設立,11505
62154227,馥源股份有限公司,新北市永和區永和路2段88號,陳德州,3000000,115/05/27,,,F102040 飲料批發業；F102050 茶葉批發業；F102170 食品什貨批發業；F203010 食品什貨、飲料零售業；F401010 國際貿易業；F501030 飲料店業；ZZ99999 除許可業務外，得經營法令非禁止或限制之業務,新北市,設立,11505
62154232,爆意思行銷有限公司,新北市板橋區三民路2段32號3樓,張鎡鐃,1000000,115/05/25,,,I103060 管理顧問業；I199990 其他顧問服務業；I301010 資訊軟體服務業；I301020 資料處理服務業；I301030 電子資訊供應服務業；I401010 一般廣告服務業；I301060 網路廣告平臺業；I501010 產品設計業；I599990 其他設計業；IZ12010 人力派遣業,新北市,設立,11505
62154248,美俐得投資股份有限公司,新北市中和區建一路249號8樓,李美樺,10000000,115/05/25,,,H201010 一般投資業；ZZ99999 除許可業務外，得經營法令非禁止或限制之業務,新北市,設立,11505
62154253,柴柴旺旺有限公司,新北市三重區五華街141巷4號,黃亭睿,100000,115/05/25,,,F103010 飼料批發業；F106060 寵物食品及其用品批發業；F202010 飼料零售業；F206050 寵物食品及其用品零售業；F399040 無店面零售業；F401010 國際貿易業；ZZ99999 除許可業務外，得經營法令非禁止或限制之業務,新北市,設立,11505
62154269,晨祥有限公司,新北市永和區中和路345號12樓之3,曾斐奇,200000,115/05/25,,,I102010 一般投資顧問業；I103060 管理顧問業；I199990 其他顧問服務業；H201010 一般投資業；F399040 無店面零售業；F401010 國際貿易業；ZZ99999 除許可業務外，得經營法令非禁止或限制之業務,新北市,設立,11505
62154275,微光居家整合有限公司,新北市新店區安興路125之10號,高賀宗,300000,115/05/25,,,H703100 不動產租賃業；H703090 不動產買賣業；HZ99990 其他金融、保險及不動產業；H701010 住宅及大樓開發租售業；I301020 資料處理服務業；I301030 電子資訊供應服務業；I199990 其他顧問服務業；E599010 配管工程業；EZ99990 其他工程業；F111090 建材批發業,新北市,設立,11505
62154280,精碩實業有限公司,新北市三重區忠孝路3段40巷17號7樓,陳堯麟,1000000,115/05/25,,,CA02030 螺絲、螺帽、螺絲釘、及鉚釘等製品製造業；CA02990 其他金屬製品製造業；CA04010 表面處理業；CB01010 機械設備製造業；CC01080 電子零組件製造業；CD01030 汽車及其零件製造業；CP01010 手工具製造業；CQ01010 模具製造業；F106010 五金批發業；F106030 模具批發業,新北市,設立,11505
62154296,澤禾鼎事業有限公司,新北市土城區中華路1段36號7樓之1,陳鉑叡,200000,115/05/25,,,J101010 建築物清潔服務業；F107030 清潔用品批發業；E801010 室內裝潢業；E801070 廚具、衛浴設備安裝工程業；I503010 景觀設計業；J101030 廢棄物清除業；J101020 病媒防治業；E601010 電器承裝業；E601020 電器安裝業；E603090 照明設備安裝工程業,新北市,設立,11505
62154303,智析股份有限公司,新北市蘆洲區中正路65號23樓,宋曉瑋,1000000,115/05/25,,,F113010 機械批發業；F113020 電器批發業；F113050 電腦及事務性機器設備批發業；F118010 資訊軟體批發業；F119010 電子材料批發業；F206010 五金零售業；F213030 電腦及事務性機器設備零售業；F213040 精密儀器零售業；F213050 度量衡器零售業；F213060 電信器材零售業,新北市,設立,11505
62154319,華昆國際有限公司,新北市新莊區思源路412號2樓,蔡忠憲,3000000,115/05/25,,,C301010 紡紗業；C302010 織布業；C303010 不織布業；C306010 成衣業；C307010 服飾品製造業；C399990 其他紡織及製品製造業；C801120 人造纖維製造業；CI01010 繩、纜、網製造業；F104110 布疋、衣著、鞋、帽、傘、服飾品批發業；F399040 無店面零售業,新北市,設立,11505
62154325,席地有限公司,新北市林口區文林三街6號,鄭紫于,200000,115/05/25,,,I599990 其他設計業；I501010 產品設計業；I503010 景觀設計業；IG02010 研究發展服務業；I199990 其他顧問服務業；J601010 藝文服務業；JB01010 會議及展覽服務業；F399040 無店面零售業；F401010 國際貿易業；I401010 一般廣告服務業,新北市,設立,11505
62154330,拼圖戶外有限公司,新北市中和區景平路111巷26號9樓,江泓均,500000,115/05/25,,,A201040 森林遊樂區經營業；F201010 農產品零售業；F399040 無店面零售業；F399990 其他綜合零售業；F204110 布疋、衣著、鞋、帽、傘、服飾品零售業；F209060 文教、樂器、育樂用品零售業；F501990 其他餐飲業；I501010 產品設計業；I103060 管理顧問業；I503010 景觀設計業,新北市,設立,11505
62154346,衡築整合工程有限公司,新北市新莊區中和街57巷1號,陳俊傑,500000,115/05/25,,,F111090 建材批發業；F106010 五金批發業；F120010 耐火材料批發業；F105050 家具、寢具、廚房器具、裝設品批發業；F117010 消防安全設備批發業；F199990 其他批發業；F211010 建材零售業；F206010 五金零售業；F220010 耐火材料零售業；F217010 消防安全設備零售業,新北市,設立,11505
62154351,璞岳工程有限公司,新北市金山區信義路76巷3號3樓,俞文欽,2000000,115/05/25,,,E601010 電器承裝業；E603010 電纜安裝工程業；E603040 消防安全設備安裝工程業；E603050 自動控制設備工程業；E603080 交通號誌安裝工程業；E603090 照明設備安裝工程業；E603100 電焊工程業；E603130 燃氣熱水器承裝業；E604010 機械安裝業；E801010 室內裝潢業,新北市,設立,11505
62154367,食行有限公司,新北市中和區捷運路8-1號17樓,梁耀營,1200000,115/05/25,,,F101040 家畜家禽批發業；F101130 蔬果批發業；F102020 食用油脂批發業；F102040 飲料批發業；F102170 食品什貨批發業；F121010 食品添加物批發業；I101090 食品顧問業；I301030 電子資訊供應服務業；ZZ99999 除許可業務外，得經營法令非禁止或限制之業務,新北市,設立,11505
62154373,具象職人股份有限公司,新北市五股區登林路81之31號5樓,闕伯勲,1000000,115/05/25,,,I103060 管理顧問業；I301010 資訊軟體服務業；I301020 資料處理服務業；I301030 電子資訊供應服務業；IG03010 能源技術服務業,新北市,設立,11505
62154388,披薩控有限公司,新北市三重區自強路3段97號(1樓),黃建儒,1000000,115/05/25,,,F203010 食品什貨、飲料零售業；C104020 烘焙炊蒸食品製造業；C110010 飲料製造業；F102170 食品什貨批發業；F102040 飲料批發業；F501030 飲料店業；F501990 其他餐飲業；F399990 其他綜合零售業；I101090 食品顧問業；I103060 管理顧問業,新北市,設立,11505
62154394,又勤有限公司,新北市三重區福德南路33號,吳耀東,100000,115/05/25,,,JA03010 洗衣業；ZZ99999 除許可業務外，得經營法令非禁止或限制之業務,新北市,設立,11505
62154508,玉霖科技有限公司,新北市新莊區五權一路1號之1,吳怡婷,5500000,115/05/25,,,E801010 室內裝潢業；E599010 配管工程業；E601020 電器安裝業；E602011 冷凍空調工程業；E603040 消防安全設備安裝工程業；E603050 自動控制設備工程業；E603090 照明設備安裝工程業；E604010 機械安裝業；E605010 電腦設備安裝業；F111090 建材批發業,新北市,設立,11505
62154514,睿秋國際有限公司,新北市泰山區明志路3段70號（1樓）,李柏睿,200000,115/05/25,,,F501060 餐館業；F203010 食品什貨、飲料零售業；F102170 食品什貨批發業；F501030 飲料店業；F399040 無店面零售業；F401010 國際貿易業；I401010 一般廣告服務業；ZZ99999 除許可業務外，得經營法令非禁止或限制之業務,新北市,設立,11505
62154520,秋比文化科技有限公司,新北市板橋區大觀路2段265巷20弄31號,簡祐陞,100000,115/05/25,,,F209060 文教、樂器、育樂用品零售業；F218010 資訊軟體零售業；F399040 無店面零售業；F601010 智慧財產權業；I103060 管理顧問業；I199990 其他顧問服務業；I301010 資訊軟體服務業；I301020 資料處理服務業；I301030 電子資訊供應服務業；I401010 一般廣告服務業,新北市,設立,11505
62154535,安毛行銷服務有限公司,新北市泰山區泰林路2段462號（1樓）,廖浩圻,200000,115/05/25,,,I301010 資訊軟體服務業；I301020 資料處理服務業；I301030 電子資訊供應服務業；F118010 資訊軟體批發業；F601010 智慧財產權業；CC01120 資料儲存媒體製造及複製業；I102010 一般投資顧問業；I103060 管理顧問業；I199990 其他顧問服務業；I401010 一般廣告服務業,新北市,設立,11505
62154541,景平晨食有限公司,新北市中和區景平路375號（1樓）,葉欽華,500000,115/05/25,,,F101130 蔬果批發業；F102040 飲料批發業；F201010 農產品零售業；F201020 畜產品零售業；F203010 食品什貨、飲料零售業；F299990 其他零售業；F399040 無店面零售業；F399990 其他綜合零售業；F401010 國際貿易業；F501030 飲料店業,新北市,設立,11505
62154556,明揚科技農產運銷有限公司,新北市泰山區中央路5巷38號,許慈紜,1500000,115/05/25,,,F101130 蔬果批發業；F101990 其他農、畜、水產品批發業；F102170 食品什貨批發業；F101040 家畜家禽批發業；F101050 水產品批發業；F201010 農產品零售業；F201020 畜產品零售業；F399040 無店面零售業；F401010 國際貿易業；IZ06010 理貨包裝業,新北市,設立,11505
62154562,辰濟股份有限公司,新北市蘆洲區長榮路18號,劉超樑,5000000,115/05/25,,,F102170 食品什貨批發業；F104110 布疋、衣著、鞋、帽、傘、服飾品批發業；F105050 家具、寢具、廚房器具、裝設品批發業；F106020 日常用品批發業；F109070 文教、樂器、育樂用品批發業；F110010 鐘錶批發業；F110020 眼鏡批發業；F115010 首飾及貴金屬批發業；F203010 食品什貨、飲料零售業；F204110 布疋、衣著、鞋、帽、傘、服飾品零售業,新北市,設立,11505
62154578,濡石築居室內裝修設計工程有限公司,新北市中和區保健路71之2號,劉文惠,1000000,115/05/25,,,E801010 室內裝潢業；E801020 門窗安裝工程業；E801030 室內輕鋼架工程業；E801040 玻璃安裝工程業；E801060 室內裝修業；E801070 廚具、衛浴設備安裝工程業；E901010 油漆工程業；E603010 電纜安裝工程業；E601020 電器安裝業；E599010 配管工程業,新北市,設立,11505
62154583,禎星貿易有限公司,新北市鶯歌區國中街88號12樓之6,秦禎,300000,115/05/25,,,F102170 食品什貨批發業；F104110 布疋、衣著、鞋、帽、傘、服飾品批發業；F105050 家具、寢具、廚房器具、裝設品批發業；F106050 陶瓷玻璃器皿批發業；F107190 塑膠膜、袋批發業；F109070 文教、樂器、育樂用品批發業；F399040 無店面零售業；F401010 國際貿易業；F106010 五金批發業；ZZ99999 除許可業務外，得經營法令非禁止或限制之業務,新北市,設立,11505
62154599,沛盛行銷有限公司,新北市板橋區文化路1段268號11樓之2,李俊民,2000000,115/05/25,,,F203020 菸酒零售業；F203030 酒精零售業；F102180 酒精批發業；F102030 菸酒批發業；F102050 茶葉批發業；F203010 食品什貨、飲料零售業；F399990 其他綜合零售業；F206020 日常用品零售業；F106020 日常用品批發業；F208040 化粧品零售業,新北市,設立,11505
62154606,芊科有限公司,新北市板橋區龍泉街82巷14弄19號,曹季淳,100000,115/05/25,,,G202010 停車場經營業；JA01990 其他汽車服務業；JE01010 租賃業；F203010 食品什貨、飲料零售業；F206020 日常用品零售業；F204110 布疋、衣著、鞋、帽、傘、服飾品零售業；F205040 家具、寢具、廚房器具、裝設品零售業；F206010 五金零售業；F207030 清潔用品零售業；F209060 文教、樂器、育樂用品零售業,新北市,設立,11505
62154612,烜承有限公司,新北市八里區龍米路1段17號(1樓),陳聖傑,1000000,115/05/25,,,F213010 電器零售業；E601010 電器承裝業；E601020 電器安裝業；JA02010 電器及電子產品修理業；E599010 配管工程業；E901010 油漆工程業；E801010 室內裝潢業；E801030 室內輕鋼架工程業；E801020 門窗安裝工程業；E801040 玻璃安裝工程業,新北市,設立,11505
62154628,承璽資產管理有限公司,新北市新莊區中港路366號,劉韋宏,300000,115/05/25,,,I401010 一般廣告服務業；I102010 一般投資顧問業；I103060 管理顧問業；I199990 其他顧問服務業；I503010 景觀設計業；E801010 室內裝潢業；F601010 智慧財產權業；G202010 停車場經營業；H701010 住宅及大樓開發租售業；H701020 工業廠房開發租售業,新北市,設立,11505
62154633,先覺創物有限公司,新北市新莊區五工六路9號6樓,王貴平,4000000,115/05/25,,,F104110 布疋、衣著、鞋、帽、傘、服飾品批發業；F106020 日常用品批發業；F107200 化學原料批發業；F107990 其他化學製品批發業；F113070 電信器材批發業；F113110 電池批發業；F114030 汽、機車零件配備批發業；F114040 自行車及其零件批發業；F116010 照相器材批發業；F119010 電子材料批發業,新北市,設立,11505
62154649,貓夢有限公司,新北市中和區秀朗路3段95號,李平萍,200000,115/05/25,,,ZZ99999 除許可業務外，得經營法令非禁止或限制之業務；F501990 其他餐飲業；F501030 飲料店業；F399040 無店面零售業；F206050 寵物食品及其用品零售業；F206020 日常用品零售業；F203010 食品什貨、飲料零售業；F399990 其他綜合零售業；F299990 其他零售業；IZ04010 翻譯業,新北市,設立,11505
62154654,至丞有限公司,新北市土城區明德路一段196巷11號(1樓),洪孟丞,1000000,115/05/25,,,CC01080 電子零組件製造業；F401010 國際貿易業；F113020 電器批發業；F213010 電器零售業；E604010 機械安裝業；I103060 管理顧問業；ZZ99999 除許可業務外，得經營法令非禁止或限制之業務,新北市,設立,11505
62154660,咪吉國際車業有限公司,新北市鶯歌區高職西街1之4號2樓,劉曜瑜,500000,115/05/25,,,F214010 汽車零售業；F214020 機車零售業；F214030 汽、機車零件配備零售業；F214040 自行車及其零件零售業；F214050 車胎零售業；F214990 其他交通運輸工具及其零件零售業；F401010 國際貿易業；JA01010 汽車修理業；JA01990 其他汽車服務業；ZZ99999 除許可業務外，得經營法令非禁止或限制之業務,新北市,設立,11505
62154676,承映影像製作有限公司,新北市蘆洲區民族路343號8樓,謝秉琦,1000000,115/05/25,,,JZ99030 攝影業；F116010 照相器材批發業；F216010 照相器材零售業；F104110 布疋、衣著、鞋、帽、傘、服飾品批發業；F204110 布疋、衣著、鞋、帽、傘、服飾品零售業；F105050 家具、寢具、廚房器具、裝設品批發業；F205040 家具、寢具、廚房器具、裝設品零售業；F109070 文教、樂器、育樂用品批發業；F118010 資訊軟體批發業；J303010 雜誌（期刊）出版業,新北市,設立,11505
62154681,璞源科技有限公司,新北市新店區安興路109號5樓之6,李建橋,2000000,115/05/25,,,F102050 茶葉批發業；F102170 食品什貨批發業；F105050 家具、寢具、廚房器具、裝設品批發業；F106010 五金批發業；F106020 日常用品批發業；F106030 模具批發業；F106040 水器材料批發業；F106050 陶瓷玻璃器皿批發業；F106060 寵物食品及其用品批發業；F106070 祭祀用品批發業,新北市,設立,11505
62154697,日輝餐飲有限公司,新北市中和區興南路2段48號,古宇峰,1000000,115/05/25,,,F102040 飲料批發業；F102170 食品什貨批發業；F203010 食品什貨、飲料零售業；F203020 菸酒零售業；F206020 日常用品零售業；F501060 餐館業；F501030 飲料店業；F501990 其他餐飲業；ZZ99999 除許可業務外，得經營法令非禁止或限制之業務,新北市,設立,11505
62154710,好菜多有限公司,新北市淡水區中正東路1段3巷15號2樓,莊程舜,1000000,115/05/25,,,A101050 花卉栽培業；A101020 農作物栽培業；A102080 園藝服務業；A199990 其他農業；A102020 農產品整理業；A102050 作物栽培服務業；F101040 家畜家禽批發業；F101050 水產品批發業；F101130 蔬果批發業；F101990 其他農、畜、水產品批發業,新北市,設立,11505
62154726,森凈環境有限公司,新北市板橋區華江一路111號15樓之1,侯苓恩,300000,115/05/25,,,J101010 建築物清潔服務業；J101030 廢棄物清除業；J101040 廢棄物處理業；J101090 廢棄物清理業；F107030 清潔用品批發業；F207030 清潔用品零售業；ZZ99999 除許可業務外，得經營法令非禁止或限制之業務,新北市,設立,11505
62154731,瀧棧有限公司,新北市永和區文化路95號3樓,邵佳琪,2000000,115/05/25,,,F501060 餐館業；I101090 食品顧問業；I103060 管理顧問業；ZZ99999 除許可業務外，得經營法令非禁止或限制之業務,新北市,設立,11505
62154747,厚盈有限公司,新北市新店區安興路125之11號(1樓),練淑惠,100000,115/05/26,,,CA01050 鋼材二次加工業；CA02010 金屬結構及建築組件製造業；CA02990 其他金屬製品製造業；C901990 其他非金屬礦物製品製造業；E801010 室內裝潢業；E801070 廚具、衛浴設備安裝工程業；E901010 油漆工程業；F105050 家具、寢具、廚房器具、裝設品批發業；F106010 五金批發業；F111090 建材批發業,新北市,設立,11505
62154752,源鴻電業有限公司,新北市中和區中山路3段102號9樓之6,黃秋子,2000000,115/05/26,,,F106010 五金批發業；F106050 陶瓷玻璃器皿批發業；F206010 五金零售業；F213010 電器零售業；F213080 機械器具零售業；F399990 其他綜合零售業；F401010 國際貿易業；CA02010 金屬結構及建築組件製造業；CB01010 機械設備製造業；CC01010 發電、輸電、配電機械製造業,新北市,設立,11505
62154768,以諾國繼貿易有限公司,新北市板橋區四川路1段23號11樓,展惠霞,500000,115/05/26,,,F101050 水產品批發業；F106010 五金批發業；F106020 日常用品批發業；F102030 菸酒批發業；F104110 布疋、衣著、鞋、帽、傘、服飾品批發業；F113050 電腦及事務性機器設備批發業；F201030 水產品零售業；F203020 菸酒零售業；F204110 布疋、衣著、鞋、帽、傘、服飾品零售業；F206010 五金零售業,新北市,設立,11505
62154774,潔迪國際有限公司,新北市林口區文化二路2段115號12樓之3,劉孋瑾,1000000,115/05/26,,,E801010 室內裝潢業；E801070 廚具、衛浴設備安裝工程業；F104110 布疋、衣著、鞋、帽、傘、服飾品批發業；F399040 無店面零售業；F401010 國際貿易業；H701010 住宅及大樓開發租售業；H703090 不動產買賣業；H703100 不動產租賃業；H703110 老人住宅業；H706011 租賃住宅代管業,新北市,設立,11505
62154789,千艾普有限公司,新北市新莊區福壽街169巷12號4樓,黃曉薇,500000,115/05/26,,,F106010 五金批發業；F111090 建材批發業；F213030 電腦及事務性機器設備零售業；F218010 資訊軟體零售業；I301010 資訊軟體服務業；I301030 電子資訊供應服務業；IZ12010 人力派遣業；E701010 電信工程業；E701040 簡易電信設備安裝業；I401010 一般廣告服務業,新北市,設立,11505
62154795,城市氛圍科技有限公司,新北市板橋區銘傳街94巷1弄11號,簡新育,250000,115/05/26,,,I301010 資訊軟體服務業；F401010 國際貿易業,新北市,設立,11505
62154802,鉑瑞投資股份有限公司,新北市三峽區學府路126號(1樓）,吳仁棋,500000,115/05/26,,,F213010 電器零售業；F213030 電腦及事務性機器設備零售業；F213040 精密儀器零售業；F213080 機械器具零售業；F219010 電子材料零售業；F399040 無店面零售業；F401010 國際貿易業；F113020 電器批發業；F113030 精密儀器批發業；F113050 電腦及事務性機器設備批發業,新北市,設立,11505
62154818,河馬智能科技有限公司,新北市三重區忠孝路1段21巷5弄7號,官裕凱,1000000,115/05/26,,,F113030 精密儀器批發業；CE01010 一般儀器製造業；CE01030 光學儀器製造業；CE01990 其他光學及精密器械製造業；CP01010 手工具製造業；CQ01010 模具製造業；EZ05010 儀器、儀表安裝工程業；F119010 電子材料批發業；CA02030 螺絲、螺帽、螺絲釘、及鉚釘等製品製造業；CB01010 機械設備製造業,新北市,設立,11505
62154824,君莫有限公司,新北市板橋區和平路45號2樓,黃心儀,50000,115/05/26,,,I301010 資訊軟體服務業；I301020 資料處理服務業；I301030 電子資訊供應服務業；I501010 產品設計業；I599990 其他設計業；F113030 精密儀器批發業；F213040 精密儀器零售業；F401010 國際貿易業；CC01080 電子零組件製造業；CE01010 一般儀器製造業,新北市,設立,11505
62154839,台皓科技股份有限公司,新北市新店區寶中路86號6樓,李俊銘,3000000,115/05/26,,,F114070 航空器及其零件批發業；F113030 精密儀器批發業；F113070 電信器材批發業；F116010 照相器材批發業；F118010 資訊軟體批發業；CD01060 航空器及其零件製造業；CC01080 電子零組件製造業；CC01040 照明設備製造業；CC01030 電器及視聽電子產品製造業；CC01060 有線通信機械器材製造業,新北市,設立,11505
62154845,詞元有限公司,新北市三芝區淺水灣街14之18號,朱立宏,500000,115/05/26,,,E599010 配管工程業；E601010 電器承裝業；E601020 電器安裝業；E603020 電梯安裝工程業；E603040 消防安全設備安裝工程業；E603050 自動控制設備工程業；E603080 交通號誌安裝工程業；ZZ99999 除許可業務外，得經營法令非禁止或限制之業務；E603090 照明設備安裝工程業；E603100 電焊工程業,新北市,設立,11505
62154850,沐川選品有限公司,新北市三重區中正南路153號2樓,王鐵雄,1000000,115/05/26,,,CA01050 鋼材二次加工業；E801010 室內裝潢業；E801020 門窗安裝工程業；E801030 室內輕鋼架工程業；E901010 油漆工程業；F104110 布疋、衣著、鞋、帽、傘、服飾品批發業；F105050 家具、寢具、廚房器具、裝設品批發業；F113020 電器批發業；F113050 電腦及事務性機器設備批發業；F113070 電信器材批發業,新北市,設立,11505
62154866,亞峻機電有限公司,新北市板橋區三民路1段138巷1號,蔡昇亞,1000000,115/05/26,,,A102080 園藝服務業；E599010 配管工程業；E601010 電器承裝業；E601020 電器安裝業；E603010 電纜安裝工程業；E603040 消防安全設備安裝工程業；E603050 自動控制設備工程業；E701010 電信工程業；E801010 室內裝潢業；E801030 室內輕鋼架工程業,新北市,設立,11505
62154872,啓泓科技有限公司,新北市三重區中央北路90巷2號4樓,廖薏雯,3000000,115/05/26,,,F106010 五金批發業；CA02030 螺絲、螺帽、螺絲釘、及鉚釘等製品製造業；F106030 模具批發業；CA02990 其他金屬製品製造業；CQ01010 模具製造業；E603050 自動控制設備工程業；F206010 五金零售業；F206020 日常用品零售業；F213010 電器零售業；F213030 電腦及事務性機器設備零售業,新北市,設立,11505
62154887,辰蒔樹有限公司,新北市新店區安興路105號5樓之2,黃靖惠,100000,115/05/26,,,JB01010 會議及展覽服務業；I401010 一般廣告服務業；IZ99990 其他工商服務業；J399990 其他出版業；F118010 資訊軟體批發業；F218010 資訊軟體零售業；F109070 文教、樂器、育樂用品批發業；F209060 文教、樂器、育樂用品零售業；F399040 無店面零售業；F401010 國際貿易業,新北市,設立,11505
62154893,柏特投資有限公司,新北市林口區南勢二街72號,陳韻竹,10000000,115/05/26,,,H201010 一般投資業；ZZ99999 除許可業務外，得經營法令非禁止或限制之業務,新北市,設立,11505
62154900,沛鈜國際股份有限公司,新北市新店區北新路1段2之20號9樓,朱智菁,3880000,115/05/26,,,J202010 產業育成業；I103060 管理顧問業；H201010 一般投資業；I199990 其他顧問服務業；ZZ99999 除許可業務外，得經營法令非禁止或限制之業務,新北市,設立,11505
62154916,寰宇互娛傳媒有限公司,新北市淡水區中正東路2段177號(2樓),江沄霏,500000,115/05/26,,,I301010 資訊軟體服務業；I301020 資料處理服務業；F399040 無店面零售業；F401010 國際貿易業；I103060 管理顧問業；I301030 電子資訊供應服務業；I401010 一般廣告服務業；J601010 藝文服務業；J602010 演藝活動業；JB01010 會議及展覽服務業,新北市,設立,11505
62154922,展興橡膠股份有限公司,新北市蘆洲區長安街49巷7號2樓,曾宏興,4000000,115/05/26,,,C801060 合成橡膠製造業；C804020 工業用橡膠製品製造業；C804990 其他橡膠製品製造業；F107200 化學原料批發業；F107990 其他化學製品批發業；F114030 汽、機車零件配備批發業；F199990 其他批發業；F299990 其他零售業；ZZ99999 除許可業務外，得經營法令非禁止或限制之業務,新北市,設立,11505
62154937,瓏鴻實業有限公司,新北市汐止區茄苳路208之2號5樓,林國樑,500000,115/05/26,,,F113010 機械批發業；F113020 電器批發業；F113030 精密儀器批發業；F113050 電腦及事務性機器設備批發業；F113990 其他機械器具批發業；F118010 資訊軟體批發業；F119010 電子材料批發業；F213010 電器零售業；F213030 電腦及事務性機器設備零售業；F213040 精密儀器零售業,新北市,設立,11505
62154943,德騏企業有限公司,新北市中和區中山路3段102號9樓之6,沙彥德,3000000,115/05/26,,,F106010 五金批發業；F106050 陶瓷玻璃器皿批發業；F206010 五金零售業；F213010 電器零售業；F213080 機械器具零售業；F399990 其他綜合零售業；F401010 國際貿易業；CA02010 金屬結構及建築組件製造業；CB01010 機械設備製造業；CC01010 發電、輸電、配電機械製造業,新北市,設立,11505
62154958,銘源智聯科技有限公司,新北市新店區如意街8號地下一層之6,陳銘賢,500000,115/05/26,,,JA01990 其他汽車服務業；F401010 國際貿易業；F399040 無店面零售業；F107030 清潔用品批發業；F207030 清潔用品零售業；I301010 資訊軟體服務業；I301020 資料處理服務業；I301030 電子資訊供應服務業；E605010 電腦設備安裝業；F501030 飲料店業,新北市,設立,11505
62154964,驊祥管理顧問有限公司,新北市新店區安興路109號5樓之6,嚴芷驊,1000000,115/05/26,,,F218010 資訊軟體零售業；I101070 農、林、漁、畜牧顧問業；I103060 管理顧問業；I199990 其他顧問服務業；I301010 資訊軟體服務業；I301020 資料處理服務業；I301030 電子資訊供應服務業；I503010 景觀設計業；I599990 其他設計業；IG02010 研究發展服務業,新北市,設立,11505
62154970,森潤企業有限公司,新北市三芝區土地公埔72之1號,張湋翰,100000,115/05/26,,,E601020 電器安裝業；F106010 五金批發業；F113020 電器批發業；F399990 其他綜合零售業；JA02010 電器及電子產品修理業；ZZ99999 除許可業務外，得經營法令非禁止或限制之業務,新北市,設立,11505
62154985,禾興塗裝有限公司,新北市三重區五華街95號5樓,李靜愉,1000000,115/05/26,,,E901010 油漆工程業；E801010 室內裝潢業；E801020 門窗安裝工程業；E801030 室內輕鋼架工程業；E801040 玻璃安裝工程業；E801070 廚具、衛浴設備安裝工程業；EZ99990 其他工程業；E601020 電器安裝業；E601010 電器承裝業；E599010 配管工程業,新北市,設立,11505
62154991,懋聖有限公司,新北市永和區秀朗路2段125號,邱龍懋,1000000,115/05/26,,,F401010 國際貿易業；F501030 飲料店業；F501060 餐館業；F203010 食品什貨、飲料零售業；F102170 食品什貨批發業；F113020 電器批發業；F213010 電器零售業；F113010 機械批發業；F213060 電信器材零售業；F204110 布疋、衣著、鞋、帽、傘、服飾品零售業,新北市,設立,11505
62155014,沐茶企業有限公司,新北市新店區民權路116號,徐國洋,200000,115/05/26,,,C104020 烘焙炊蒸食品製造業；C110010 飲料製造業；F101100 花卉批發業；F102040 飲料批發業；F102050 茶葉批發業；F102170 食品什貨批發業；F106020 日常用品批發業；F106050 陶瓷玻璃器皿批發業；F113020 電器批發業；F121010 食品添加物批發業,新北市,設立,11505
62155020,丸勝有限公司,新北市五股區中興路1段91號,簡誌宏,200000,115/05/26,,,F104110 布疋、衣著、鞋、帽、傘、服飾品批發業；F199990 其他批發業；F204110 布疋、衣著、鞋、帽、傘、服飾品零售業；F299990 其他零售業；F401010 國際貿易業；F399040 無店面零售業；C305010 印染整理業；C306010 成衣業；C307010 服飾品製造業；C701010 印刷業,新北市,設立,11505
62155035,其徐如林有限公司,新北市樹林區鎮前街4號,林杰烽,1000000,115/05/26,,,F501030 飲料店業；F102040 飲料批發業；F102050 茶葉批發業；F102170 食品什貨批發業；F203010 食品什貨、飲料零售業；F203020 菸酒零售業；ZZ99999 除許可業務外，得經營法令非禁止或限制之業務,新北市,設立,11505
62155041,寶嘉物流顧問股份有限公司,新北市林口區南勢三街13號5樓,徐嘉芬,11700000,115/05/26,,,F401010 國際貿易業；G799990 其他運輸輔助業；G801010 倉儲業；I103060 管理顧問業；I199990 其他顧問服務業；I301010 資訊軟體服務業；IZ06010 理貨包裝業；ZZ99999 除許可業務外，得經營法令非禁止或限制之業務,新北市,設立,11505
62155056,台灣易力克科技有限公司,新北市八里區龍形一街31號,黃丞,500000,115/05/27,,,CC01040 照明設備製造業；F113020 電器批發業；F213010 電器零售業；ZZ99999 除許可業務外，得經營法令非禁止或限制之業務；F114030 汽、機車零件配備批發業；F214030 汽、機車零件配備零售業；F106010 五金批發業；F206010 五金零售業,新北市,設立,11505
62155062,起毛球生技有限公司,新北市板橋區三民路2段33號14樓,許雅玲,320000,115/05/27,,,F106060 寵物食品及其用品批發業；F206050 寵物食品及其用品零售業；F109070 文教、樂器、育樂用品批發業；F209060 文教、樂器、育樂用品零售業；F104110 布疋、衣著、鞋、帽、傘、服飾品批發業；F204110 布疋、衣著、鞋、帽、傘、服飾品零售業；F102170 食品什貨批發業；F203010 食品什貨、飲料零售業；F106020 日常用品批發業；F206020 日常用品零售業,新北市,設立,11505
62155083,維穎餐飲顧問股份有限公司,新北市蘆洲區永安南路2段104號7樓,温國智,4200000,115/05/27,,,F101040 家畜家禽批發業；F101130 蔬果批發業；F101990 其他農、畜、水產品批發業；F102170 食品什貨批發業；F104110 布疋、衣著、鞋、帽、傘、服飾品批發業；F105050 家具、寢具、廚房器具、裝設品批發業；F203010 食品什貨、飲料零售業；F205040 家具、寢具、廚房器具、裝設品零售業；F399040 無店面零售業；F399990 其他綜合零售業,新北市,設立,11505
62155099,信銪智聯工程有限公司,新北市板橋區懷仁街10巷1號,周毓祺,2000000,115/05/27,,,E601010 電器承裝業；E603040 消防安全設備安裝工程業；E603050 自動控制設備工程業；E603090 照明設備安裝工程業；E604010 機械安裝業；E605010 電腦設備安裝業；E606010 用電設備檢驗維護業；E701010 電信工程業；E701040 簡易電信設備安裝業；E801010 室內裝潢業,新北市,設立,11505
62155106,東瑞儀器有限公司,新北市汐止區新台五路1段93號21樓之6,范瑞芬,1000000,115/05/27,,,F113030 精密儀器批發業；F213040 精密儀器零售業；F401010 國際貿易業；EZ05010 儀器、儀表安裝工程業；F113060 度量衡器批發業；F213050 度量衡器零售業；F107990 其他化學製品批發業；F207990 其他化學製品零售業；IC01010 藥品檢驗業；J101050 環境檢測服務業,新北市,設立,11505
62155112,澄芯美學有限公司,新北市新莊區思源路593巷10號,羅湘婷,2000000,115/05/27,,,JZ99080 美容美髮服務業；F106020 日常用品批發業；F206020 日常用品零售業；F108040 化粧品批發業；F208040 化粧品零售業；F399040 無店面零售業；F401010 國際貿易業；ZZ99999 除許可業務外，得經營法令非禁止或限制之業務；F102030 菸酒批發業；F203020 菸酒零售業,新北市,設立,11505
62155128,毅翼有限公司,新北市板橋區民生路3段66號2樓之3,崔毅玞,500000,115/05/27,,,F104110 布疋、衣著、鞋、帽、傘、服飾品批發業；F106020 日常用品批發業；F109070 文教、樂器、育樂用品批發業；F204110 布疋、衣著、鞋、帽、傘、服飾品零售業；F206020 日常用品零售業；F209060 文教、樂器、育樂用品零售業；F401010 國際貿易業；I103060 管理顧問業；I199990 其他顧問服務業；ZZ99999 除許可業務外，得經營法令非禁止或限制之業務,新北市,設立,11505
62155133,正陽機電工程有限公司,新北市板橋區板新路101號4樓,陽雨恩,5010000,115/05/27,,,E599010 配管工程業；E601020 電器安裝業；E603010 電纜安裝工程業；E603090 照明設備安裝工程業；E604010 機械安裝業；E603050 自動控制設備工程業；E801020 門窗安裝工程業；E801030 室內輕鋼架工程業；E801040 玻璃安裝工程業；E801070 廚具、衛浴設備安裝工程業,新北市,設立,11505
62155149,晏嘉國際有限公司,新北市板橋區中山路2段60巷39弄25號5樓,陳冠仲,1080000,115/05/27,,,F104110 布疋、衣著、鞋、帽、傘、服飾品批發業；F204110 布疋、衣著、鞋、帽、傘、服飾品零售業；F399040 無店面零售業；F401010 國際貿易業；ZZ99999 除許可業務外，得經營法令非禁止或限制之業務,新北市,設立,11505
62155154,御騏科技興業有限公司,新北市蘆洲區中正路243巷3號4樓,鐘彥雄,500000,115/05/27,,,CC01080 電子零組件製造業；CC01090 電池製造業；E601010 電器承裝業；E606010 用電設備檢驗維護業；F113110 電池批發業；F119010 電子材料批發業；F213110 電池零售業；F219010 電子材料零售業；F399040 無店面零售業；F399990 其他綜合零售業,新北市,設立,11505
62155160,浤揚工程有限公司,新北市永和區永和路1段228號3樓之2,王麗華,500000,115/05/27,,,A102080 園藝服務業；F106010 五金批發業；F111090 建材批發業；F206010 五金零售業；F211010 建材零售業；F401010 國際貿易業；E599010 配管工程業；E601020 電器安裝業；E801010 室內裝潢業；EZ99990 其他工程業,新北市,設立,11505
62155176,晉珈國際貿易有限公司,新北市中和區板南路671號10樓,廖珈寬,500000,115/05/27,,,F101050 水產品批發業；F101990 其他農、畜、水產品批發業；F201030 水產品零售業；F101040 家畜家禽批發業；F102170 食品什貨批發業；F201990 其他農畜水產品零售業；F299990 其他零售業；F301020 超級市場業；F199990 其他批發業；F401010 國際貿易業,新北市,設立,11505
62155181,久弘國際貿易有限公司,新北市蘆洲區中興街30號4樓,王振權,1500000,115/05/27,,,A401020 家畜禽飼育業；F101040 家畜家禽批發業；F101130 蔬果批發業；F101990 其他農、畜、水產品批發業；F102030 菸酒批發業；F102040 飲料批發業；F102170 食品什貨批發業；F104110 布疋、衣著、鞋、帽、傘、服飾品批發業；F107030 清潔用品批發業；F108040 化粧品批發業,新北市,設立,11505
62155197,羅樂國際食品有限公司,新北市板橋區新海路72巷37號,馬小絜,500000,115/05/27,,,JZ99090 喜慶綜合服務業；C104020 烘焙炊蒸食品製造業；F102170 食品什貨批發業；F104110 布疋、衣著、鞋、帽、傘、服飾品批發業；F106060 寵物食品及其用品批發業；F203010 食品什貨、飲料零售業；ZZ99999 除許可業務外，得經營法令非禁止或限制之業務,新北市,設立,11505
62155204,冠碩投資有限公司,新北市新莊區中華路2段7號12樓,何冠霖,500000,115/05/27,,,H201010 一般投資業,新北市,設立,11505
62155210,泰新投資有限公司,新北市新莊區中華路2段15號12樓,陳莉惠,500000,115/05/27,,,H201010 一般投資業,新北市,設立,11505
62155226,拾光居有限公司,新北市中和區中正路918號三樓,蘇宇樂,1000000,115/05/27,,,F105050 家具、寢具、廚房器具、裝設品批發業；F205040 家具、寢具、廚房器具、裝設品零售業；F106020 日常用品批發業；F206020 日常用品零售業；F111090 建材批發業；F211010 建材零售業；F106010 五金批發業；F206010 五金零售業；F199990 其他批發業；F399990 其他綜合零售業,新北市,設立,11505
62155231,竣莉投資有限公司,新北市新莊區中華路2段7號12樓,陳莉惠,500000,115/05/27,,,H201010 一般投資業,新北市,設立,11505
62155247,澄澈設計工程有限公司,新北市板橋區永翠路90號13樓,何昶毅,200000,115/05/27,,,E603040 消防安全設備安裝工程業；E603090 照明設備安裝工程業；E801010 室內裝潢業；E801020 門窗安裝工程業；E801030 室內輕鋼架工程業；E801040 玻璃安裝工程業；E801070 廚具、衛浴設備安裝工程業；E901010 油漆工程業；EZ07010 鑽孔工程業；EZ99990 其他工程業,新北市,設立,11505
62155252,久久投資股份有限公司,新北市板橋區新站路1號7樓,許玲瑛,40000000,115/05/27,,,F401010 國際貿易業；H201010 一般投資業；H703090 不動產買賣業；H703100 不動產租賃業；J601010 藝文服務業；JB01010 會議及展覽服務業；ZZ99999 除許可業務外，得經營法令非禁止或限制之業務,新北市,設立,11505
62155268,宏大誠國際有限公司,新北市蘆洲區中央路171號7樓,林昱宏,500000,115/05/27,,,F111090 建材批發業；F211010 建材零售業；E801010 室內裝潢業；I503010 景觀設計業；F107010 漆料、塗料批發業；F207010 漆料、塗料零售業；E903010 防蝕、防銹工程業；E901010 油漆工程業；F106010 五金批發業；F206010 五金零售業,新北市,設立,11505
62155274,傳典文化有限公司,新北市新店區北宜路1段47號,陳郁婷,1000000,115/05/27,,,J601010 藝文服務業；J602010 演藝活動業；J603010 音樂展演空間業；J801030 競技及休閒運動場館業；J802010 運動訓練業；J803010 運動表演業；J803020 運動比賽業；J799990 其他休閒服務業；JZ99990 未分類其他服務業；JZ99050 仲介服務業,新北市,設立,11505
62155289,沃客商旅股份有限公司,新北市中和區中山路2段523巷60號,許雅筑,100000,115/05/27,,,A101020 農作物栽培業；A101030 特用作物栽培業；A101050 花卉栽培業；A102050 作物栽培服務業；A102060 糧商業；A201040 森林遊樂區經營業；C104020 烘焙炊蒸食品製造業；C199990 未分類其他食品製造業；E801010 室內裝潢業；F105050 家具、寢具、廚房器具、裝設品批發業,新北市,設立,11505
62155295,俥鼎股份有限公司,新北市蘆洲區永安南路2段316號,陳嘉健,2000000,115/05/27,,,E801010 室內裝潢業；F102170 食品什貨批發業；F111090 建材批發業；F113010 機械批發業；F211010 建材零售業；F399040 無店面零售業；F401010 國際貿易業；H701010 住宅及大樓開發租售業；H701020 工業廠房開發租售業；H701040 特定專業區開發業,新北市,設立,11505
62155302,炫登工程有限公司,新北市汐止區大同路3段196之9號5樓,官澤亷,3000000,115/05/28,,,CC01060 有線通信機械器材製造業；CC01070 無線通信機械器材製造業；CC01040 照明設備製造業；E599010 配管工程業；E601010 電器承裝業；E601020 電器安裝業；E603090 照明設備安裝工程業；E606010 用電設備檢驗維護業；E701040 簡易電信設備安裝業；E801010 室內裝潢業,新北市,設立,11505
62155318,創林建設股份有限公司,新北市三重區興德路92號16樓,黃共宏,30000000,115/05/27,,,I199990 其他顧問服務業；I301010 資訊軟體服務業；I301020 資料處理服務業；I301030 電子資訊供應服務業；I401010 一般廣告服務業；I503010 景觀設計業；IZ99990 其他工商服務業；E605010 電腦設備安裝業；E801010 室內裝潢業；EZ99990 其他工程業,新北市,設立,11505
62155324,星域智慧數位整合服務有限公司,新北市永和區永貞路74號,侯凱瀚,300000,115/05/27,,,CC01110 電腦及其週邊設備製造業；I301010 資訊軟體服務業；I301020 資料處理服務業；I301030 電子資訊供應服務業；ZZ99999 除許可業務外，得經營法令非禁止或限制之業務,新北市,設立,11505
62155339,衡域策略顧問有限公司,新北市新店區安興路105號5樓之2,吳思潔,100000,115/05/28,,,F399040 無店面零售業；F401010 國際貿易業；I103060 管理顧問業；I401010 一般廣告服務業；J305010 有聲出版業；JB01010 會議及展覽服務業；ZZ99999 除許可業務外，得經營法令非禁止或限制之業務,新北市,設立,11505
62155345,新山林氏股份有限公司,新北市淡水區義山路1段401巷103號,林政漢,500000,115/05/28,,,F203010 食品什貨、飲料零售業；F501030 飲料店業；ZZ99999 除許可業務外，得經營法令非禁止或限制之業務,新北市,設立,11505
62155350,霍得有限公司,新北市板橋區中山路1段10號9樓,林于煌,1000000,115/05/28,,,F102040 飲料批發業；F102170 食品什貨批發業；F203010 食品什貨、飲料零售業；F501030 飲料店業；F113010 機械批發業；F113020 電器批發業；F113990 其他機械器具批發業；F118010 資訊軟體批發業；F213010 電器零售業；F213080 機械器具零售業,新北市,設立,11505
62155366,辰揚國際貿易有限公司,新北市新莊區新泰路381巷16號,陳麗娟,500000,115/05/28,,,CL01010 製傘業；F104110 布疋、衣著、鞋、帽、傘、服飾品批發業；F105050 家具、寢具、廚房器具、裝設品批發業；F106020 日常用品批發業；F106030 模具批發業；F108040 化粧品批發業；F109070 文教、樂器、育樂用品批發業；F106010 五金批發業；F401010 國際貿易業；F102170 食品什貨批發業,新北市,設立,11505
62155387,炸師父有限公司,新北市新莊區新北大道2段219號6樓,顏志鼎,1000000,115/05/28,,,F201010 農產品零售業；F201020 畜產品零售業；F201030 水產品零售業；F201990 其他農畜水產品零售業；F203010 食品什貨、飲料零售業；F299990 其他零售業；F399040 無店面零售業；F401010 國際貿易業；F501030 飲料店業；F501060 餐館業,新北市,設立,11505
62155393,醫御智慧科技有限公司,新北市板橋區民族路31號,劉貴福,1000000,115/05/28,,,I103060 管理顧問業；I301010 資訊軟體服務業；I301020 資料處理服務業；I301030 電子資訊供應服務業；I301060 網路廣告平臺業；I599990 其他設計業；IZ01010 影印業；E605010 電腦設備安裝業；E701040 簡易電信設備安裝業；F109070 文教、樂器、育樂用品批發業,新北市,設立,11505
62155400,創定科技有限公司,新北市三重區重新路5段609巷14號10樓之14,蕭朝墉,200000,115/05/28,,,CC01110 電腦及其週邊設備製造業；CC01120 資料儲存媒體製造及複製業；CC01990 其他電機及電子機械器材製造業；CD01030 汽車及其零件製造業；CD01040 機車及其零件製造業；CD01060 航空器及其零件製造業；CD01990 其他運輸工具及其零件製造業；CZ99990 未分類其他工業製品製造業；CC01080 電子零組件製造業；CC01020 電線及電纜製造業,新北市,設立,11505
62155416,雙嘉投資股份有限公司,新北市新莊區中央路301號,林嘉雯,120000000,115/05/28,,,H201010 一般投資業；H202010 創業投資業；H204010 私募股權投資業；H701010 住宅及大樓開發租售業；H701020 工業廠房開發租售業；H701040 特定專業區開發業；H701070 區段徵收及市地重劃代辦業；H701080 都市更新重建業；H701090 都市更新整建維護業；H703090 不動產買賣業,新北市,設立,11505
62155422,惠忠股份有限公司,新北市新莊區中華路3段76號,于國桓,2000000,115/05/28,,,H201010 一般投資業；H701060 新市鎮、新社區開發業；H701050 投資興建公共建設業；H702010 建築經理業；H701010 住宅及大樓開發租售業；H701080 都市更新重建業；H701020 工業廠房開發租售業；H703090 不動產買賣業；H703100 不動產租賃業；I401010 一般廣告服務業,新北市,設立,11505
62155437,芯權投資有限公司,新北市新莊區中智街19號,王芯予,3000000,115/05/28,,,H201010 一般投資業；I102010 一般投資顧問業；ZZ99999 除許可業務外，得經營法令非禁止或限制之業務,新北市,設立,11505
62155458,朗廷資本有限公司,新北市新莊區中智街19號,蕭子威,3000000,115/05/28,,,H201010 一般投資業；I102010 一般投資顧問業；ZZ99999 除許可業務外，得經營法令非禁止或限制之業務,新北市,設立,11505
62155464,三圓號國際有限公司,新北市板橋區四川路2段47巷3弄7號(1樓),羅佳楨,200000,115/05/28,,,F102170 食品什貨批發業；F203010 食品什貨、飲料零售業；F106020 日常用品批發業；F206020 日常用品零售業；F399040 無店面零售業；F399990 其他綜合零售業；F501030 飲料店業；F501990 其他餐飲業,新北市,設立,11505
62155470,嵩澤室內裝修工程有限公司,新北市永和區環河西路2段161號,郭富城,100000,115/05/28,,,E801060 室內裝修業；I503010 景觀設計業；ZZ99999 除許可業務外，得經營法令非禁止或限制之業務,新北市,設立,11505
62155485,右詮有限公司,新北市樹林區中正路639號18樓,李映木,250000,115/05/28,,,I102010 一般投資顧問業；I103060 管理顧問業；I199990 其他顧問服務業；H201010 一般投資業；F401010 國際貿易業；ZZ99999 除許可業務外，得經營法令非禁止或限制之業務,新北市,設立,11505
62155491,光之國際媒體有限公司,新北市中和區中正路679號6樓之1,陳鼎光,100000,115/05/28,,,I401010 一般廣告服務業；J401010 電影片製作業；JZ99030 攝影業；F601010 智慧財產權業；I301010 資訊軟體服務業；I301020 資料處理服務業；ZZ99999 除許可業務外，得經營法令非禁止或限制之業務,新北市,設立,11505
62155507,達勝化工材料有限公司,新北市板橋區互助街51巷9號4樓,張嘉惠,1000000,115/05/28,,,F106010 五金批發業；F107010 漆料、塗料批發業；F107060 毒性及關注化學物質批發業；F107170 工業助劑批發業；F107200 化學原料批發業；F119010 電子材料批發業；F199010 回收物料批發業；F199990 其他批發業；F401010 國際貿易業；ZZ99999 除許可業務外，得經營法令非禁止或限制之業務,新北市,設立,11505
62155513,鈞沃設計有限公司,新北市土城區立仁街34巷3號2樓,呂伯龍,1000000,115/05/28,,,E801010 室內裝潢業；I503010 景觀設計業；I501010 產品設計業；E599010 配管工程業；E601020 電器安裝業；E603040 消防安全設備安裝工程業；E603090 照明設備安裝工程業；E801020 門窗安裝工程業；E801030 室內輕鋼架工程業；E801040 玻璃安裝工程業,新北市,設立,11505
62155529,柏翔機電工程有限公司,新北市中和區景平路666號3樓,鐘翔瑜,500000,115/05/28,,,E601010 電器承裝業；E601020 電器安裝業；E603050 自動控制設備工程業；E603090 照明設備安裝工程業；E603130 燃氣熱水器承裝業；E801070 廚具、衛浴設備安裝工程業；ZZ99999 除許可業務外，得經營法令非禁止或限制之業務,新北市,設立,11505
62155534,泓鈺投資有限公司,新北市新莊區中正路457巷3號,吳志剛,500000,115/05/28,,,H201010 一般投資業,新北市,設立,11505
62155540,益大能源有限公司,新北市新莊區民安路207巷51號,魏呈壕,1000000,115/05/28,,,CC01010 發電、輸電、配電機械製造業；D101060 再生能源自用發電設備業；D401010 熱能供應業；E601010 電器承裝業；E601020 電器安裝業；E603050 自動控制設備工程業；E604010 機械安裝業；E605010 電腦設備安裝業；EZ05010 儀器、儀表安裝工程業；F119010 電子材料批發業,新北市,設立,11505
62155555,大安畜產有限公司,新北市中和區中正路901號2樓之2,楊馥綺,1000000,115/05/28,,,IZ06010 理貨包裝業；IZ12010 人力派遣業；I103060 管理顧問業；I199990 其他顧問服務業；F101990 其他農、畜、水產品批發業；F201990 其他農畜水產品零售業；JZ99050 仲介服務業；ZZ99999 除許可業務外，得經營法令非禁止或限制之業務,新北市,設立,11505
62155561,圖靈數創有限公司,新北市板橋區松柏街15巷15號4樓,王立文,100000,115/05/28,,,F118010 資訊軟體批發業；F119010 電子材料批發業；I301010 資訊軟體服務業；J399010 軟體出版業；ZZ99999 除許可業務外，得經營法令非禁止或限制之業務,新北市,設立,11505
62155577,心安醫資股份有限公司,新北市中和區中山路2段332巷51號14樓,陳紫琳,360000,115/05/28,,,I301010 資訊軟體服務業；F113010 機械批發業；F113050 電腦及事務性機器設備批發業；F118010 資訊軟體批發業；F213030 電腦及事務性機器設備零售業；F213080 機械器具零售業；F218010 資訊軟體零售業；I501010 產品設計業；F108031 醫療器材批發業；F208031 醫療器材零售業,新北市,設立,11505
62155582,伊甸鋒全球有限公司,新北市鶯歌區國慶街112巷19號,陳映謙,300000,115/05/28,,,F101130 蔬果批發業；F102040 飲料批發業；F102170 食品什貨批發業；F106020 日常用品批發業；F106060 寵物食品及其用品批發業；F108040 化粧品批發業；F201010 農產品零售業；F203010 食品什貨、飲料零售業；F206050 寵物食品及其用品零售業；F208040 化粧品零售業,新北市,設立,11505
62155598,景三設計有限公司,新北市板橋區三民路2段37號23樓之1,丁浩祖,500000,115/05/28,,,I199990 其他顧問服務業；E603090 照明設備安裝工程業；JB01010 會議及展覽服務業；J601010 藝文服務業；J602010 演藝活動業；I401010 一般廣告服務業；I501010 產品設計業；I503010 景觀設計業；IZ12010 人力派遣業；F209060 文教、樂器、育樂用品零售業,新北市,設立,11505
62155605,台灣帷雅股份有限公司,新北市汐止區宜興街112號,劉嘉驊,500000,115/05/28,,,I105010 藝術品諮詢顧問業；I199990 其他顧問服務業；I301020 資料處理服務業；I501010 產品設計業；I599990 其他設計業；F401010 國際貿易業；ZZ99999 除許可業務外，得經營法令非禁止或限制之業務,新北市,設立,11505
62155611,心宏健康有限公司,新北市林口區文化三路2段356號11樓,侯鎮邦,100000,115/05/29,,,I401010 一般廣告服務業,新北市,設立,11505
62155627,聖驥資本股份有限公司,新北市林口區興林路20號,吳美良,200000,115/05/28,,,H201010 一般投資業；ZZ99999 除許可業務外，得經營法令非禁止或限制之業務,新北市,設立,11505
62155632,小羅統包有限公司,新北市中和區中山路2段296號5樓之3,羅茂芫,100000,115/05/29,,,E801010 室內裝潢業；E901010 油漆工程業；E601020 電器安裝業；E599010 配管工程業；E801020 門窗安裝工程業；E801070 廚具、衛浴設備安裝工程業；ZZ99999 除許可業務外，得經營法令非禁止或限制之業務,新北市,設立,11505
62155648,安肽有限公司,新北市林口區文化二路1段64號12樓,鄭旭哲,1000000,115/05/28,,,F206050 寵物食品及其用品零售業；F202010 飼料零售業；F207070 動物用藥零售業；F201980 其他動物零售業；F401010 國際貿易業；JZ99990 未分類其他服務業；ZZ99999 除許可業務外，得經營法令非禁止或限制之業務,新北市,設立,11505
62155669,金彥資產管理股份有限公司,新北市中和區中山路2段523巷60號,黃彥康,10000000,115/05/29,,,A101020 農作物栽培業；A101030 特用作物栽培業；A101050 花卉栽培業；A102050 作物栽培服務業；A102060 糧商業；A201040 森林遊樂區經營業；C104020 烘焙炊蒸食品製造業；C199990 未分類其他食品製造業；E801010 室內裝潢業；F105050 家具、寢具、廚房器具、裝設品批發業,新北市,設立,11505
62155675,宸薇有限公司,新北市三重區三和路4段103之1號9樓,許志廷,4900000,115/05/28,,,H201010 一般投資業；ZZ99999 除許可業務外，得經營法令非禁止或限制之業務,新北市,設立,11505
62155680,杰榮創意有限公司,新北市中和區中山路2段332巷23號12樓,江榮彬,300000,115/05/29,,,C701010 印刷業；F102040 飲料批發業；F102170 食品什貨批發業；F104110 布疋、衣著、鞋、帽、傘、服飾品批發業；F105050 家具、寢具、廚房器具、裝設品批發業；F106010 五金批發業；F106020 日常用品批發業；F106050 陶瓷玻璃器皿批發業；F109070 文教、樂器、育樂用品批發業；F110010 鐘錶批發業,新北市,設立,11505
62155696,兆安電機控制有限公司,新北市鶯歌區大湖路548巷2弄4號(1樓),林美玲,1000000,115/05/29,,,F113020 電器批發業；F119010 電子材料批發業；F113050 電腦及事務性機器設備批發業；F213080 機械器具零售業；F401010 國際貿易業；JA02010 電器及電子產品修理業；E603050 自動控制設備工程業；E603010 電纜安裝工程業；E601020 電器安裝業；E604010 機械安裝業,新北市,設立,11505
62155703,卡里貿易有限公司,新北市板橋區文化路2段285號21樓,賴佳玫,500000,115/05/29,,,F399040 無店面零售業；F206050 寵物食品及其用品零售業；F106060 寵物食品及其用品批發業；F202010 飼料零售業；F103010 飼料批發業；F201070 花卉零售業；F401010 國際貿易業；F204110 布疋、衣著、鞋、帽、傘、服飾品零售業；F104110 布疋、衣著、鞋、帽、傘、服飾品批發業；F205040 家具、寢具、廚房器具、裝設品零售業,新北市,設立,11505
62155719,雲端智能整合應用有限公司,新北市中和區中山路2段332巷1號7樓,李玟慧,200000,115/05/29,,,I301010 資訊軟體服務業；F218010 資訊軟體零售業；F118010 資訊軟體批發業；I103060 管理顧問業；F399040 無店面零售業；F219010 電子材料零售業；F119010 電子材料批發業；F106020 日常用品批發業；F206020 日常用品零售業；F399990 其他綜合零售業,新北市,設立,11505
62155725,智新永續科技股份有限公司,新北市汐止區新台五路1段95號16樓之7,黃士彰,1000000,115/05/29,,,E605010 電腦設備安裝業；EZ05010 儀器、儀表安裝工程業；F118010 資訊軟體批發業；F218010 資訊軟體零售業；F401010 國際貿易業；I301010 資訊軟體服務業；I301020 資料處理服務業；I301030 電子資訊供應服務業；I103060 管理顧問業；IG02010 研究發展服務業,新北市,設立,11505
62155730,零度肌序生醫有限公司,新北市中和區中山路2段332巷1號7樓,洪辰勲,2000000,115/05/29,,,F108040 化粧品批發業；F208040 化粧品零售業；F399040 無店面零售業；F102170 食品什貨批發業；F203010 食品什貨、飲料零售業；F401010 國際貿易業；F399990 其他綜合零售業；F210020 眼鏡零售業；ZZ99999 除許可業務外，得經營法令非禁止或限制之業務,新北市,設立,11505
62155746,仲淳投資有限公司,新北市蘆洲區長安街285巷21弄4號3樓,廖美玲,500000,115/05/29,,,H201010 一般投資業；ZZ99999 除許可業務外，得經營法令非禁止或限制之業務,新北市,設立,11505
62155751,金福儷國際有限公司,新北市鶯歌區德昌街197巷17號（1樓）,鍾宏運,100000,115/05/29,,,F101130 蔬果批發業；F102170 食品什貨批發業；F104110 布疋、衣著、鞋、帽、傘、服飾品批發業；F105050 家具、寢具、廚房器具、裝設品批發業；F106020 日常用品批發業；F107030 清潔用品批發業；F107050 肥料批發業；F107200 化學原料批發業；F107990 其他化學製品批發業；F113020 電器批發業,新北市,設立,11505
62155767,華仔週期共振有限公司,新北市板橋區新生街66號4樓,楊榮華,100000,115/05/29,,,J202010 產業育成業；I401010 一般廣告服務業；JZ99990 未分類其他服務業；I102010 一般投資顧問業；I103060 管理顧問業；I199990 其他顧問服務業；IZ99990 其他工商服務業；ZZ99999 除許可業務外，得經營法令非禁止或限制之業務,新北市,設立,11505
62155773,益芳科技股份有限公司,新北市新莊區福德二街49號,葉庭榕,3000000,115/05/29,,,F105050 家具、寢具、廚房器具、裝設品批發業；F205040 家具、寢具、廚房器具、裝設品零售業；F218010 資訊軟體零售業；F401010 國際貿易業；F213030 電腦及事務性機器設備零售業；F113050 電腦及事務性機器設備批發業；F113990 其他機械器具批發業；F399990 其他綜合零售業；F299990 其他零售業；F207190 塑膠膜、袋零售業,新北市,設立,11505
62155788,源佳投資有限公司,新北市五股區五工二路107號(4樓),曾佳彬,3000000,115/05/29,,,H201010 一般投資業,新北市,設立,11505
62155794,宇嶼空間制所有限公司,新北市蘆洲區民生街131巷8號2樓,李宇聖,500000,115/05/29,,,E801010 室內裝潢業；I503010 景觀設計業；ZZ99999 除許可業務外，得經營法令非禁止或限制之業務,新北市,設立,11505
62155801,張家文化股份有限公司,新北市淡水區新民街19巷20號5樓,張喬茵,50000,115/05/29,,,F501030 飲料店業；F501060 餐館業；F203020 菸酒零售業；F203010 食品什貨、飲料零售業；ZZ99999 除許可業務外，得經營法令非禁止或限制之業務,新北市,設立,11505
62155817,潤泓股份有限公司,新北市蘆洲區中山一路83號2樓,李信美,500000,115/05/29,,,H703100 不動產租賃業；ZZ99999 除許可業務外，得經營法令非禁止或限制之業務,新北市,設立,11505
62155838,知禾投資股份有限公司,新北市板橋區中山路1段139之1號4樓,沈倢慧,10000000,115/05/29,,,H201010 一般投資業,新北市,設立,11505
62155859,紫貝島有限公司,新北市新店區安忠路56巷8號14樓,向芷逸,130000,115/05/29,,,F399040 無店面零售業；F204110 布疋、衣著、鞋、帽、傘、服飾品零售業；F104110 布疋、衣著、鞋、帽、傘、服飾品批發業；F215010 首飾及貴金屬零售業；F115010 首飾及貴金屬批發業；F107030 清潔用品批發業；F207030 清潔用品零售業；F106020 日常用品批發業；F206020 日常用品零售業；F207080 環境用藥零售業,新北市,設立,11505
62155865,編碼科技有限公司,新北市永和區中和路499之11號,SIVAK LUKAS,600000,115/05/29,,,I301010 資訊軟體服務業；I301020 資料處理服務業；I301030 電子資訊供應服務業；I199990 其他顧問服務業；I103060 管理顧問業；F401010 國際貿易業；ZZ99999 除許可業務外，得經營法令非禁止或限制之業務,新北市,設立,11505
62155871,藍澤科技有限公司,新北市新店區安民街67號4樓之1,REISBACKA TEEMU KALERVO,100000,115/05/29,,,I301010 資訊軟體服務業；I301020 資料處理服務業；I301030 電子資訊供應服務業；I501010 產品設計業；I103060 管理顧問業；F401010 國際貿易業；ZZ99999 除許可業務外，得經營法令非禁止或限制之業務,新北市,設立,11505
62155886,上酷智能創造科技有限公司,新北市板橋區華江一路111號15樓之1,郭晉豪,100000,115/05/29,,,F399040 無店面零售業；F401010 國際貿易業；F209060 文教、樂器、育樂用品零售業；I301010 資訊軟體服務業；I401010 一般廣告服務業；I301030 電子資訊供應服務業；J303010 雜誌（期刊）出版業；I199990 其他顧問服務業；ZZ99999 除許可業務外，得經營法令非禁止或限制之業務；J305010 有聲出版業,新北市,設立,11505
62155892,泓富機械工程有限公司,新北市五股區水碓路26號5樓,王福田,3000000,115/05/29,,,B601010 土石採取業；E401010 疏濬業；E402010 沙石、淤泥海拋業；E599010 配管工程業；E801010 室內裝潢業；E901010 油漆工程業；EZ02010 起重工程業；EZ99990 其他工程業；F106010 五金批發業；F107030 清潔用品批發業,新北市,設立,11505
62155909,霓星娛樂有限公司,新北市板橋區館前東路26號3樓之2,黃永達,100000,115/05/29,,,I103060 管理顧問業；I199990 其他顧問服務業；I301010 資訊軟體服務業；I301020 資料處理服務業；I301030 電子資訊供應服務業；I401010 一般廣告服務業；IZ12010 人力派遣業；J202010 產業育成業；J304010 圖書出版業；J305010 有聲出版業,新北市,設立,11505
62155915,芮盟國際股份有限公司,新北市三重區重新路5段609巷16號4樓之3,蘇俊逞,5000000,115/05/29,,,F102170 食品什貨批發業；F106010 五金批發業；F107030 清潔用品批發業；F108031 醫療器材批發業；F108040 化粧品批發業；F113010 機械批發業；F113020 電器批發業；F113030 精密儀器批發業；F203010 食品什貨、飲料零售業；F206010 五金零售業,新北市,設立,11505
62155921,星約有限公司,新北市中和區連城路222巷4弄2號4樓,陳佩瑜,5000000,115/05/29,,,F101100 花卉批發業；F102040 飲料批發業；F102050 茶葉批發業；F102170 食品什貨批發業；F104110 布疋、衣著、鞋、帽、傘、服飾品批發業；F105050 家具、寢具、廚房器具、裝設品批發業；F107030 清潔用品批發業；F108040 化粧品批發業；F109070 文教、樂器、育樂用品批發業；IZ01010 影印業,新北市,設立,11505
62155936,品樂國際興業有限公司,新北市新店區中正路76巷11弄7號,翁玉龍,50000,115/05/29,,,F102170 食品什貨批發業；F203010 食品什貨、飲料零售業；F204110 布疋、衣著、鞋、帽、傘、服飾品零售業；F206020 日常用品零售業,新北市,設立,11505
62155942,水元素貿易有限公司,新北市板橋區館前東路26號3樓之2,張樂麟,500000,115/05/29,,,F109070 文教、樂器、育樂用品批發業；F209060 文教、樂器、育樂用品零售業；F104110 布疋、衣著、鞋、帽、傘、服飾品批發業；F204110 布疋、衣著、鞋、帽、傘、服飾品零售業；F401010 國際貿易業；ZZ99999 除許可業務外，得經營法令非禁止或限制之業務,新北市,設立,11505
62155957,鉅鼎資產有限公司,新北市中和區興南路2段54巷1號（1樓）,林佳蓁,500000,115/05/29,,,H703100 不動產租賃業；HZ02010 金融機構金錢債權收買業務；HZ02020 辦理金融機構金錢債權之評價或拍賣業務；HZ99990 其他金融、保險及不動產業；ZZ99999 除許可業務外，得經營法令非禁止或限制之業務；I102010 一般投資顧問業；I199990 其他顧問服務業；IZ99990 其他工商服務業,新北市,設立,11505
62155963,銘洋環球科技有限公司,新北市土城區清水路72巷7號12樓,何建宏,1000000,115/05/29,,,CA04010 表面處理業；CA02990 其他金屬製品製造業；CB01010 機械設備製造業；CQ01010 模具製造業；E701010 電信工程業；E701030 電信管制射頻器材裝設工程業；F113010 機械批發業；F213080 機械器具零售業；F113070 電信器材批發業；F213060 電信器材零售業,新北市,設立,11505
62199569,瑞達通運有限公司,新北市新莊區中正路614巷6弄11號(1樓),劉俊麟,25000000,115/05/07,,,G101061 汽車貨運業；IZ06010 理貨包裝業；G801010 倉儲業；EZ02010 起重工程業；F114010 汽車批發業；F214010 汽車零售業；JA01010 汽車修理業；F114030 汽、機車零件配備批發業；F214030 汽、機車零件配備零售業；G202010 停車場經營業,新北市,設立,11505
62199575,岸司品牌有限公司,新北市汐止區新台五路1段95號20樓之6,汪珈吟,700000,115/05/07,,,C306010 成衣業；F104110 布疋、衣著、鞋、帽、傘、服飾品批發業；F204110 布疋、衣著、鞋、帽、傘、服飾品零售業；F399040 無店面零售業；I501010 產品設計業；F401010 國際貿易業,新北市,設立,11505
62199580,百思特有限公司,新北市板橋區大觀路2段37巷282號之4,陳美臻,500000,115/05/08,,,F401010 國際貿易業；I301010 資訊軟體服務業；I301020 資料處理服務業；I301030 電子資訊供應服務業；JA02010 電器及電子產品修理業；F218010 資訊軟體零售業；F219010 電子材料零售業；E605010 電腦設備安裝業；E606010 用電設備檢驗維護業；C301010 紡紗業,新北市,設立,11505
62199603,新鑫妝有限公司,新北市新莊區新北大道4段177號3樓,蔡德成,200000,115/05/07,,,F102170 食品什貨批發業；F104110 布疋、衣著、鞋、帽、傘、服飾品批發業；F105050 家具、寢具、廚房器具、裝設品批發業；F106020 日常用品批發業；F108040 化粧品批發業；F109070 文教、樂器、育樂用品批發業；F203010 食品什貨、飲料零售業；F204110 布疋、衣著、鞋、帽、傘、服飾品零售業；F205040 家具、寢具、廚房器具、裝設品零售業；F206020 日常用品零售業,新北市,設立,11505
62199625,玉明鑫國際股份有限公司,新北市汐止區勤進路12巷39號2樓,潘延明,500000,115/05/07,,,H201010 一般投資業；H703090 不動產買賣業；H703100 不動產租賃業；I102010 一般投資顧問業；I103060 管理顧問業；ZZ99999 除許可業務外，得經營法令非禁止或限制之業務,新北市,設立,11505
62199630,魚晞有限公司,新北市樹林區大安路502號(1樓),陳昱全,250000,115/05/07,,,F101050 水產品批發業；F201030 水產品零售業；F203010 食品什貨、飲料零售業；F501060 餐館業；F203020 菸酒零售業；ZZ99999 除許可業務外，得經營法令非禁止或限制之業務,新北市,設立,11505
62199646,竟泓工程有限公司,新北市板橋區中山路1段10號11樓,邱少謙,2000000,115/05/07,,,E401010 疏濬業；E402010 沙石、淤泥海拋業；E502010 燃料導管安裝工程業；E599010 配管工程業；E601010 電器承裝業；E601020 電器安裝業；E603010 電纜安裝工程業；E603020 電梯安裝工程業；E603040 消防安全設備安裝工程業；E603050 自動控制設備工程業,新北市,設立,11505
62199651,初象創意有限公司,新北市新莊區思源路420號3樓,林哲明,1200000,115/05/08,,,F104110 布疋、衣著、鞋、帽、傘、服飾品批發業；F106020 日常用品批發業；F108040 化粧品批發業；F109070 文教、樂器、育樂用品批發業；F113020 電器批發業；F113050 電腦及事務性機器設備批發業；F114030 汽、機車零件配備批發業；F115010 首飾及貴金屬批發業；F204110 布疋、衣著、鞋、帽、傘、服飾品零售業；F206020 日常用品零售業,新北市,設立,11505
62199667,銓動運動顧問有限公司,新北市土城區中央路1段100號地下一層,王慧琳,1000000,115/05/07,,,I103060 管理顧問業；I199990 其他顧問服務業；IG02010 研究發展服務業；J202010 產業育成業；J801030 競技及休閒運動場館業；J802010 運動訓練業；JE01010 租賃業；F104110 布疋、衣著、鞋、帽、傘、服飾品批發業；F106020 日常用品批發業；F109070 文教、樂器、育樂用品批發業,新北市,設立,11505
62199673,小八韓選有限公司,新北市永和區保福路2段39號1樓,張語涵,50000,115/05/08,,,F104110 布疋、衣著、鞋、帽、傘、服飾品批發業；F109070 文教、樂器、育樂用品批發業；F116010 照相器材批發業；F204110 布疋、衣著、鞋、帽、傘、服飾品零售業；F209060 文教、樂器、育樂用品零售業；F216010 照相器材零售業；F399040 無店面零售業；F401010 國際貿易業；ZZ99999 除許可業務外，得經營法令非禁止或限制之業務,新北市,設立,11505
62199688,格書遊戲有限公司,新北市板橋區重慶路60之1號3樓,鈴木悠斗,500000,115/05/07,,,F401010 國際貿易業；F113050 電腦及事務性機器設備批發業；F119010 電子材料批發業；F213030 電腦及事務性機器設備零售業；F219010 電子材料零售業；F118010 資訊軟體批發業；F218010 資訊軟體零售業；I301010 資訊軟體服務業,新北市,設立,11505
62199694,通安行銷有限公司,新北市板橋區中山路1段283巷20號3樓,陳俊安,110000,115/05/07,,,F104110 布疋、衣著、鞋、帽、傘、服飾品批發業；F105050 家具、寢具、廚房器具、裝設品批發業；F204110 布疋、衣著、鞋、帽、傘、服飾品零售業；F205040 家具、寢具、廚房器具、裝設品零售業；F199990 其他批發業；F399040 無店面零售業；F401010 國際貿易業；F399990 其他綜合零售業；ZZ99999 除許可業務外，得經營法令非禁止或限制之業務,新北市,設立,11505
62199701,宣俊有限公司,新北市中和區中正路736號14樓之3,曾詩庭,5000000,115/05/07,,,E599010 配管工程業；E604010 機械安裝業；E801030 室內輕鋼架工程業；E903010 防蝕、防銹工程業；EZ02010 起重工程業；EZ07010 鑽孔工程業；EZ99990 其他工程業；F111090 建材批發業；F211010 建材零售業；F113010 機械批發業,新北市,設立,11505
62199717,力挺國際有限公司,新北市淡水區濱海路2段185號10樓,林琍婷,200000,115/05/08,,,F401010 國際貿易業；F399040 無店面零售業；F108040 化粧品批發業；F208040 化粧品零售業；I401010 一般廣告服務業；I103060 管理顧問業；I501010 產品設計業；I599990 其他設計業；I301010 資訊軟體服務業；F106020 日常用品批發業,新北市,設立,11505
62199723,奧里優斯科技有限公司,新北市中和區中正路918號3樓,閔楨皓,200001,115/05/08,,,I301010 資訊軟體服務業；I301020 資料處理服務業；I301030 電子資訊供應服務業；F118010 資訊軟體批發業；F218010 資訊軟體零售業；I103060 管理顧問業；I199990 其他顧問服務業；F601010 智慧財產權業；F401010 國際貿易業；F399040 無店面零售業,新北市,設立,11505
62199738,安曜工程有限公司,新北市三重區碧華街426號,賴信澤,2000000,115/05/08,,,EZ99990 其他工程業；E502010 燃料導管安裝工程業；E599010 配管工程業；E601010 電器承裝業；E601020 電器安裝業；E603010 電纜安裝工程業；E603020 電梯安裝工程業；E603040 消防安全設備安裝工程業；E603100 電焊工程業；E603110 冷作工程業,新北市,設立,11505
62199759,齊穎有限公司,新北市林口區文化二路1段354號之1(1樓),潘振邦,2000000,115/05/08,,,H201010 一般投資業；ZZ99999 除許可業務外，得經營法令非禁止或限制之業務,新北市,設立,11505
62199765,瑞泰資本股份有限公司,新北市永和區福和路338號8樓,張秀香,10000,115/05/08,,,H201010 一般投資業；H202010 創業投資業；ZZ99999 除許可業務外，得經營法令非禁止或限制之業務,新北市,設立,11505
62199771,星願生命事業有限公司,新北市板橋區長江路1段11號4樓,陳紫渝,1500000,115/05/08,,,F101100 花卉批發業；F102040 飲料批發業；F102170 食品什貨批發業；F104110 布疋、衣著、鞋、帽、傘、服飾品批發業；F106020 日常用品批發業；F106070 祭祀用品批發業；F113100 污染防治設備批發業；F115020 礦石批發業；F199990 其他批發業；F201070 花卉零售業,新北市,設立,11505
62199792,奧多伴有限公司,新北市汐止區中正路111號,鍾文輝,600000,115/05/08,,,F102040 飲料批發業；F203010 食品什貨、飲料零售業；F399040 無店面零售業；F401010 國際貿易業；F501030 飲料店業；ZZ99999 除許可業務外，得經營法令非禁止或限制之業務,新北市,設立,11505
62199809,勇垣股份有限公司,新北市新店區青山路168巷22號3樓,洪敬育,4000000,115/05/08,,,F106010 五金批發業；F114030 汽、機車零件配備批發業；F114040 自行車及其零件批發業；F206010 五金零售業；F214030 汽、機車零件配備零售業；F214040 自行車及其零件零售業；F401010 國際貿易業；J101030 廢棄物清除業；J101040 廢棄物處理業；J101080 資源回收業,新北市,設立,11505
62199815,福興食品有限公司,新北市蘆洲區永安北路2段70號,黃德煌,200000,115/05/08,,,F501990 其他餐飲業；F501030 飲料店業；F299990 其他零售業；F203010 食品什貨、飲料零售業,新北市,設立,11505
62199821,格林威爾科技股份有限公司,新北市新店區北新路2段97巷10弄13號6樓,王涵儒,500000,115/05/08,,,F113050 電腦及事務性機器設備批發業；F113070 電信器材批發業；F118010 資訊軟體批發業；F119010 電子材料批發業；F213030 電腦及事務性機器設備零售業；F219010 電子材料零售業；F401010 國際貿易業；I301010 資訊軟體服務業；ZZ99999 除許可業務外，得經營法令非禁止或限制之業務,新北市,設立,11505
62199836,百藝國際室內裝修有限公司,新北市淡水區中正路2段22巷14號23樓,林聖展,1500000,115/05/08,,,E502010 燃料導管安裝工程業；E599010 配管工程業；E601010 電器承裝業；E601020 電器安裝業；E603010 電纜安裝工程業；E603020 電梯安裝工程業；E603040 消防安全設備安裝工程業；E603050 自動控制設備工程業；E603080 交通號誌安裝工程業；E603090 照明設備安裝工程業,新北市,設立,11505
62199842,勵庭智能有限公司,新北市板橋區漢生東路258號28樓,周巽彰,4000000,115/05/08,,,I301010 資訊軟體服務業；I301020 資料處理服務業；I301030 電子資訊供應服務業；I401010 一般廣告服務業；F118010 資訊軟體批發業；F218010 資訊軟體零售業；CC01110 電腦及其週邊設備製造業；ZZ99999 除許可業務外，得經營法令非禁止或限制之業務,新北市,設立,11505
62199857,鈺誠工程有限公司,新北市板橋區重慶路60之1號3樓,廖正憲,700000,115/05/08,,,CA02060 金屬容器製造業；CB01010 機械設備製造業；CB01990 其他機械製造業；CA02990 其他金屬製品製造業；CD01990 其他運輸工具及其零件製造業；F113990 其他機械器具批發業；F214990 其他交通運輸工具及其零件零售業；E599010 配管工程業；E601020 電器安裝業；E604010 機械安裝業,新北市,設立,11505
62199863,聞言文創意行銷有限公司,新北市板橋區重慶路60之1號3樓,蘇建文,100000,115/05/08,,,I401010 一般廣告服務業；I501010 產品設計業；I503010 景觀設計業；J304010 圖書出版業；J305010 有聲出版業；J399010 軟體出版業；H703090 不動產買賣業；H703100 不動產租賃業；IZ99990 其他工商服務業；ZZ99999 除許可業務外，得經營法令非禁止或限制之業務,新北市,設立,11505
62199879,六個夏天有限公司,新北市板橋區漢生東路45號2樓,王昱婷,500000,115/05/08,,,F109070 文教、樂器、育樂用品批發業；F203010 食品什貨、飲料零售業；F206020 日常用品零售業；F209060 文教、樂器、育樂用品零售業；I103060 管理顧問業；I199990 其他顧問服務業；I301010 資訊軟體服務業；I401010 一般廣告服務業；J304010 圖書出版業；J305010 有聲出版業,新北市,設立,11505
62199884,禹司通管工程有限公司,新北市汐止區樟樹二路293巷13號10樓,林燕雪,300000,115/05/08,,,IZ99990 其他工商服務業；ZZ99999 除許可業務外，得經營法令非禁止或限制之業務；E801010 室內裝潢業；JA02010 電器及電子產品修理業,新北市,設立,11505
62199890,億竹發股份有限公司,新北市永和區竹林路39巷9號（1樓）,徐銘聲,1000000,115/05/08,,,F501060 餐館業；F501030 飲料店業；F501990 其他餐飲業；F101040 家畜家禽批發業；F102170 食品什貨批發業；F201010 農產品零售業；F201020 畜產品零售業；F399040 無店面零售業；F399990 其他綜合零售業；F401010 國際貿易業,新北市,設立,11505
62199907,璿銀投資顧問有限公司,新北市汐止區民族二街84巷11號5樓,何銀深,88888,115/05/08,,,H201010 一般投資業；H202010 創業投資業；I102010 一般投資顧問業；I103060 管理顧問業；I199990 其他顧問服務業；F106020 日常用品批發業；F206020 日常用品零售業；F108040 化粧品批發業；F208040 化粧品零售業；F399040 無店面零售業,新北市,設立,11505
62199913,閣恩系統家居事業有限公司,新北市板橋區雙十路2段50號6樓,郭元暉,200000,115/05/08,,,E599010 配管工程業；E801010 室內裝潢業；E801020 門窗安裝工程業；E801030 室內輕鋼架工程業；E801040 玻璃安裝工程業；E801070 廚具、衛浴設備安裝工程業；E901010 油漆工程業；F105050 家具、寢具、廚房器具、裝設品批發業；F106010 五金批發業；F106040 水器材料批發業,新北市,設立,11505
62199929,堡鋼科技股份有限公司,新北市三重區光復路2段80號7樓,莊俊良,5000000,115/05/08,,,H201010 一般投資業；H703090 不動產買賣業；H703100 不動產租賃業；F106010 五金批發業；F114030 汽、機車零件配備批發業；I103060 管理顧問業；F401010 國際貿易業；ZZ99999 除許可業務外，得經營法令非禁止或限制之業務,新北市,設立,11505
62199934,博燊有限公司,新北市板橋區富山街7巷12弄19號,黃駿燊,500000,115/05/08,,,F113050 電腦及事務性機器設備批發業；F118010 資訊軟體批發業；F209060 文教、樂器、育樂用品零售業；F213030 電腦及事務性機器設備零售業；F218010 資訊軟體零售業；F399990 其他綜合零售業；F401010 國際貿易業；F601010 智慧財產權業；F109070 文教、樂器、育樂用品批發業；H201010 一般投資業,新北市,設立,11505
62199940,艾特研新科技有限公司,新北市林口區文化三路2段115巷139號,李漢埕,1000000,115/05/11,,,F113070 電信器材批發業；F118010 資訊軟體批發業；F119010 電子材料批發業；F218010 資訊軟體零售業；F219010 電子材料零售業；F401010 國際貿易業；IF04010 非破壞檢測業；I301010 資訊軟體服務業；I301020 資料處理服務業；I301030 電子資訊供應服務業,新北市,設立,11505
62199955,文文宇宙有限公司,新北市板橋區民生路1段33號12樓之2,文慧如,600000,115/05/11,,,F601010 智慧財產權業；I501010 產品設計業；J602010 演藝活動業；J604010 聲音錄製及音樂發行業；F109070 文教、樂器、育樂用品批發業；F209060 文教、樂器、育樂用品零售業；ZZ99999 除許可業務外，得經營法令非禁止或限制之業務,新北市,設立,11505
62199961,方塘諮詢顧問有限公司,新北市板橋區復興街79號3樓,凃玟妤,1000000,115/05/08,,,F109070 文教、樂器、育樂用品批發業；F113050 電腦及事務性機器設備批發業；F118010 資訊軟體批發業；F119010 電子材料批發業；F208040 化粧品零售業；F208050 乙類成藥零售業；F209060 文教、樂器、育樂用品零售業；F213030 電腦及事務性機器設備零售業；F213060 電信器材零售業；F218010 資訊軟體零售業,新北市,設立,11505
62199977,鼎興數位生活有限公司,新北市板橋區合宜路15號16樓之3,董偉民,1000000,115/05/11,,,F399040 無店面零售業；F106020 日常用品批發業；F206020 日常用品零售業,新北市,設立,11505
62199982,恆盛科技有限公司,新北市林口區文化三路2段115巷139號,羅錦堃,500000,115/05/11,,,F107190 塑膠膜、袋批發業；F119010 電子材料批發業；F106020 日常用品批發業；F106010 五金批發業；F199990 其他批發業；F107010 漆料、塗料批發業；F113990 其他機械器具批發業；F107990 其他化學製品批發業；F207190 塑膠膜、袋零售業；F219010 電子材料零售業,新北市,設立,11505
62199998,樺顥工程有限公司,新北市板橋區館前西路6號12樓之10,吳芷茵,5000000,115/05/11,,,E101011 綜合營造業；E801010 室內裝潢業；E801020 門窗安裝工程業；E801030 室內輕鋼架工程業；E801070 廚具、衛浴設備安裝工程業；E901010 油漆工程業；E903010 防蝕、防銹工程業；EZ11010 球場跑道樹脂材料鋪設工程業；EZ14010 運動場地用設備工程業；F107010 漆料、塗料批發業,新北市,設立,11505
62200003,長翊室內裝修有限公司,新北市永和區福和路182號3樓,陳翊儒,1000000,115/05/11,,,E599010 配管工程業；E601010 電器承裝業；E601020 電器安裝業；E603010 電纜安裝工程業；E603020 電梯安裝工程業；E603040 消防安全設備安裝工程業；E603050 自動控制設備工程業；E603080 交通號誌安裝工程業；E603090 照明設備安裝工程業；E604010 機械安裝業,新北市,設立,11505
62200019,築成包裝有限公司,新北市泰山區泰林路2段522巷40號4樓,梁書華,2000000,115/05/11,,,C701010 印刷業；C703010 印刷品裝訂及加工業；F209060 文教、樂器、育樂用品零售業；IZ06010 理貨包裝業；H201010 一般投資業；ZZ99999 除許可業務外，得經營法令非禁止或限制之業務,新北市,設立,11505
62200025,吾伴生技有限公司,新北市林口區仁愛路1段371號,朱家慶,500000,115/05/11,,,C201010 飼料製造業；C201020 寵物食品製造業；F103010 飼料批發業；F105050 家具、寢具、廚房器具、裝設品批發業；F106060 寵物食品及其用品批發業；F202010 飼料零售業；F203010 食品什貨、飲料零售業；F204110 布疋、衣著、鞋、帽、傘、服飾品零售業；F205040 家具、寢具、廚房器具、裝設品零售業；F206020 日常用品零售業,新北市,設立,11505
62200030,沃特先進有限公司,新北市板橋區中山路2段153號13樓,林竑宇,100000,115/05/11,,,F113030 精密儀器批發業；F213040 精密儀器零售業；F401010 國際貿易業；I102010 一般投資顧問業；I103060 管理顧問業；ZZ99999 除許可業務外，得經營法令非禁止或限制之業務,新北市,設立,11505
62200046,逸品食品有限公司,新北市板橋區中山路1段10號9樓,姚志達,100000,115/05/11,,,F102020 食用油脂批發業；F102040 飲料批發業；F102050 茶葉批發業；F102170 食品什貨批發業；F203010 食品什貨、飲料零售業；F401010 國際貿易業；C103050 罐頭、冷凍、脫水及醃漬食品製造業；C104010 糖果製造業；C104020 烘焙炊蒸食品製造業；C105010 食用油脂製造業,新北市,設立,11505
62200051,思海科技股份有限公司,新北市新店區北新路1段293號18樓之1,潘俊宏,10100,115/05/12,,,H201010 一般投資業；ZZ99999 除許可業務外，得經營法令非禁止或限制之業務,新北市,設立,11505
62200067,宏智系統科技有限公司,新北市中和區德光路77巷2弄10號2樓,鄭育青,1000000,115/05/11,,,F113020 電器批發業；F113030 精密儀器批發業；F113050 電腦及事務性機器設備批發業；F113070 電信器材批發業；F117010 消防安全設備批發業；F119010 電子材料批發業；F213010 電器零售業；F213030 電腦及事務性機器設備零售業；F213060 電信器材零售業；F213110 電池零售業,新北市,設立,11505
62200073,奧瑞斯國際股份有限公司,新北市新莊區新北大道4段177號3樓,李應強,100000,115/05/11,,,F119010 電子材料批發業；F113010 機械批發業；F113020 電器批發業；F113030 精密儀器批發業；F113050 電腦及事務性機器設備批發業；F113070 電信器材批發業；F219010 電子材料零售業；F213080 機械器具零售業；F213010 電器零售業；F213030 電腦及事務性機器設備零售業,新北市,設立,11505
62200088,木與鯨發明有限公司,新北市新莊區新北大道4段175號3樓,劉景瑜,100000,115/05/11,,,I301010 資訊軟體服務業；F399040 無店面零售業；I301020 資料處理服務業；I301030 電子資訊供應服務業；F399990 其他綜合零售業；F401010 國際貿易業；IZ99990 其他工商服務業；I401010 一般廣告服務業；I103060 管理顧問業；JB01010 會議及展覽服務業,新北市,設立,11505
62200094,廣熯科技股份有限公司,新北市汐止區新台五路1段93號24樓之2,廖良彬,30000000,115/05/11,,,CC01020 電線及電纜製造業；CC01110 電腦及其週邊設備製造業；CC01080 電子零組件製造業；F113070 電信器材批發業；F113990 其他機械器具批發業；F114030 汽、機車零件配備批發業；F119010 電子材料批發業；F219010 電子材料零售業；F401010 國際貿易業；ZZ99999 除許可業務外，得經營法令非禁止或限制之業務,新北市,設立,11505
62200101,心悅顧問有限公司,新北市淡水區中正東路1段121號3樓,許尹,1000000,115/05/11,,,I103060 管理顧問業；I199990 其他顧問服務業；JZ99990 未分類其他服務業；J305010 有聲出版業；J304010 圖書出版業；J399010 軟體出版業；J503010 廣播節目製作業；J604010 聲音錄製及音樂發行業；J404040 電影錄音業；J399990 其他出版業,新北市,設立,11505
62200117,小智國際有限公司,新北市中和區中山路2段332巷1號7樓,蘇慧鈺,50000,115/05/11,,,F102170 食品什貨批發業；F106020 日常用品批發業；F108040 化粧品批發業；F115010 首飾及貴金屬批發業；F203010 食品什貨、飲料零售業；F206020 日常用品零售業；F208040 化粧品零售業；F215010 首飾及貴金屬零售業；F299990 其他零售業；F399040 無店面零售業,新北市,設立,11505
62200123,愿璟國際整合股份有限公司,新北市汐止區新台五路1段77號之2,王益鈞,1000000,115/05/11,,,E801010 室內裝潢業；I503010 景觀設計業；E801030 室內輕鋼架工程業；E603040 消防安全設備安裝工程業；E601020 電器安裝業；E801020 門窗安裝工程業；E801040 玻璃安裝工程業；E801070 廚具、衛浴設備安裝工程業；E901010 油漆工程業；EZ02010 起重工程業,新北市,設立,11505
62200138,君維工程有限公司,新北市三芝區中興街2段105巷7號3樓,吳珮瑄,200000,115/05/11,,,E801070 廚具、衛浴設備安裝工程業；E801010 室內裝潢業；F206010 五金零售業；ZZ99999 除許可業務外，得經營法令非禁止或限制之業務,新北市,設立,11505
62200159,永聯企業有限公司,新北市新莊區四維路151巷2號2樓,陳其進,2000000,115/05/12,,,CN01010 家具及裝設品製造業；F105050 家具、寢具、廚房器具、裝設品批發業；F205040 家具、寢具、廚房器具、裝設品零售業；E801010 室內裝潢業；E801040 玻璃安裝工程業；E801070 廚具、衛浴設備安裝工程業；E901010 油漆工程業；EZ07010 鑽孔工程業；F401010 國際貿易業；F111090 建材批發業,新北市,設立,11505
62200165,恆銘有限公司,新北市土城區金城路2段248之2號4樓,林廷芳,1000000,115/05/11,,,F113010 機械批發業；F113030 精密儀器批發業；F113050 電腦及事務性機器設備批發業；F113990 其他機械器具批發業；F119010 電子材料批發業；F213030 電腦及事務性機器設備零售業；F213990 其他機械器具零售業；F219010 電子材料零售業；F401010 國際貿易業；CB01010 機械設備製造業,新北市,設立,11505
62200171,節點投資有限公司,新北市汐止區大同路1段497號9樓之3,蘇宗明,7073784,115/05/11,,,H201010 一般投資業,新北市,設立,11505
62200186,貿盛石材美容有限公司,新北市汐止區新台五路1段93號21樓之6,張頊珈,100000,115/05/12,,,EZ99990 其他工程業；E801010 室內裝潢業；J101010 建築物清潔服務業；ZZ99999 除許可業務外，得經營法令非禁止或限制之業務,新北市,設立,11505
62200192,寶可灣有限公司,新北市三重區仁化街31巷8弄14之1號(1樓),陳昱穎,1000000,115/05/12,,,F109070 文教、樂器、育樂用品批發業；F209060 文教、樂器、育樂用品零售業；F107010 漆料、塗料批發業；F207010 漆料、塗料零售業；F401010 國際貿易業；F399040 無店面零售業；I401010 一般廣告服務業；I501010 產品設計業；ZZ99999 除許可業務外，得經營法令非禁止或限制之業務,新北市,設立,11505
62200209,宏萍果投資股份有限公司,新北市新店區北新路1段293號18樓之1,潘俊宏,37000100,115/05/12,,,H201010 一般投資業；ZZ99999 除許可業務外，得經營法令非禁止或限制之業務,新北市,設立,11505
62200215,福嶺有限公司,新北市泰山區明志路1段320之2號10樓,李月美,1000000,115/05/11,,,CB01010 機械設備製造業；CC01080 電子零組件製造業；CA02090 金屬線製品製造業；C801990 其他化學材料製造業；F106010 五金批發業；F113010 機械批發業；F207170 工業助劑零售業；F207200 化學原料零售業；F211010 建材零售業；F213080 機械器具零售業,新北市,設立,11505
62200221,查有此人數位有限公司,新北市板橋區藝文街191號8樓,周昱璇,50000,115/05/12,,,I401010 一般廣告服務業；J404010 動畫影片製作業；F109070 文教、樂器、育樂用品批發業；F209060 文教、樂器、育樂用品零售業；F106020 日常用品批發業；F206020 日常用品零售業；F104110 布疋、衣著、鞋、帽、傘、服飾品批發業；F204110 布疋、衣著、鞋、帽、傘、服飾品零售業；F399040 無店面零售業；F401010 國際貿易業,新北市,設立,11505
62200236,奈斯租賃住宅服務有限公司,新北市樹林區福德街32號,鍾硯豪,8880000,115/05/12,,,H703090 不動產買賣業；H703100 不動產租賃業；H703110 老人住宅業；H703120 自助儲物空間業；H706011 租賃住宅代管業；H706021 租賃住宅包租業；I103060 管理顧問業；J202010 產業育成業；J601010 藝文服務業；JZ99990 未分類其他服務業,新北市,設立,11505
62200242,鴻曜國際有限公司,新北市深坑區文化街66號2樓,曾子泰,1000000,115/05/12,,,F114010 汽車批發業；F114020 機車批發業；F114030 汽、機車零件配備批發業；F114040 自行車及其零件批發業；F214010 汽車零售業；F214020 機車零售業；F214030 汽、機車零件配備零售業；F214040 自行車及其零件零售業；F114050 車胎批發業；F206020 日常用品零售業,新北市,設立,11505
62200257,煜柏設計有限公司,新北市樹林區樹中街22號,蕭雅芳,500000,115/05/12,,,E801010 室內裝潢業；F401010 國際貿易業；I503010 景觀設計業；C701010 印刷業；I401010 一般廣告服務業；I501010 產品設計業；ZZ99999 除許可業務外，得經營法令非禁止或限制之業務,新北市,設立,11505
62200263,沅拓工程有限公司,新北市八里區忠孝路303號7樓,古騰元,50000,115/05/12,,,E502010 燃料導管安裝工程業；E599010 配管工程業；E601010 電器承裝業；E601020 電器安裝業；E603010 電纜安裝工程業；E603130 燃氣熱水器承裝業；E603040 消防安全設備安裝工程業；E603050 自動控制設備工程業；E603090 照明設備安裝工程業；E701040 簡易電信設備安裝業,新北市,設立,11505
62200279,凱勝清運實業有限公司,新北市汐止區大同路一段217號3樓之2,柯勝賢,1000000,115/05/12,,,J101030 廢棄物清除業；J101090 廢棄物清理業；J101060 廢（污）水處理業；J101040 廢棄物處理業；J101080 資源回收業；J101990 其他環境衛生及污染防治服務業；J101010 建築物清潔服務業；J101020 病媒防治業；F106020 日常用品批發業；F106040 水器材料批發業,新北市,設立,11505
62200284,誠信國際實業有限公司,新北市林口區南勢六街250號9樓,李志明,10000000,115/05/12,,,A102080 園藝服務業；E801010 室內裝潢業；F105050 家具、寢具、廚房器具、裝設品批發業；F111090 建材批發業；F115020 礦石批發業；F117010 消防安全設備批發業；F401010 國際貿易業；I103060 管理顧問業；I199990 其他顧問服務業；I503010 景觀設計業,新北市,設立,11505
62200290,欣勝餐飲有限公司,新北市三重區重陽路3段188號(1樓),曾淑芳,3000000,115/05/13,,,F101130 蔬果批發業；F101040 家畜家禽批發業；F101050 水產品批發業；F102040 飲料批發業；F102170 食品什貨批發業；F401010 國際貿易業；F501030 飲料店業；F399040 無店面零售業；F501060 餐館業；F501990 其他餐飲業,新北市,設立,11505
62200307,安利租賃有限公司,新北市板橋區英士路16巷1號3樓,洪振鈞,10000000,115/05/12,,,F106010 五金批發業；F106020 日常用品批發業；F114010 汽車批發業；F114020 機車批發業；F114030 汽、機車零件配備批發業；F114990 其他交通運輸工具及其零件批發業；F199990 其他批發業；F399990 其他綜合零售業；F214030 汽、機車零件配備零售業；F214010 汽車零售業,新北市,設立,11505
62200313,睿奇控股有限公司,新北市蘆洲區長榮路452號,聶沛琳,500000,115/05/12,,,H201010 一般投資業；ZZ99999 除許可業務外，得經營法令非禁止或限制之業務,新北市,設立,11505
62200329,宸瑮有限公司,新北市新莊區中信街37巷2弄11號4樓,翁嘉言,500000,115/05/12,,,I401010 一般廣告服務業；J404010 動畫影片製作業；I301010 資訊軟體服務業；I301020 資料處理服務業；I301030 電子資訊供應服務業；I301060 網路廣告平臺業；I199990 其他顧問服務業；JZ99990 未分類其他服務業；F104110 布疋、衣著、鞋、帽、傘、服飾品批發業；F401010 國際貿易業,新北市,設立,11505
62200334,晟裕工程企業有限公司,新北市三重區集賢路101之3號9樓,趙友綺,5000000,115/05/12,,,E603120 噴砂工程業；E801010 室內裝潢業；E901010 油漆工程業；F106010 五金批發業；F107010 漆料、塗料批發業；F107030 清潔用品批發業；F107080 環境用藥批發業；F113100 污染防治設備批發業；F199010 回收物料批發業；F206010 五金零售業,新北市,設立,11505
62200340,享承有限公司,新北市新莊區鳳山街22號13樓,鄭志平,500000,115/05/12,,,IE01010 電信業務門號代辦業；JA02010 電器及電子產品修理業；F113030 精密儀器批發業；F113050 電腦及事務性機器設備批發業；F113070 電信器材批發業；F118010 資訊軟體批發業；F119010 電子材料批發業；F213040 精密儀器零售業；F213060 電信器材零售業；F213110 電池零售業,新北市,設立,11505
62200355,弘澤國際有限公司,新北市新莊區民安東路43巷4弄3號4樓,陳帛承,2000000,115/05/12,,,I102010 一般投資顧問業；I199990 其他顧問服務業；I103060 管理顧問業；J202010 產業育成業；I301010 資訊軟體服務業；I301020 資料處理服務業；I301030 電子資訊供應服務業；I401010 一般廣告服務業；F108040 化粧品批發業；F102170 食品什貨批發業,新北市,設立,11505
62200361,翔豐國際投資有限公司,新北市三重區同安街135號5樓,鄭正忠,15000000,115/05/12,,,H201010 一般投資業,新北市,設立,11505
62200382,品耀國際有限公司,新北市土城區金城路3段83號2樓,黃志騰,1000000,115/05/12,,,F106010 五金批發業；F105050 家具、寢具、廚房器具、裝設品批發業；F111090 建材批發業；F113020 電器批發業；F205040 家具、寢具、廚房器具、裝設品零售業；F211010 建材零售業；F213010 電器零售業；F206020 日常用品零售業；F206010 五金零售業；F399040 無店面零售業,新北市,設立,11505
62200398,泰豐科技印刷有限公司,新北市林口區文化二路1段118號五樓之1,黃英泰,300000,115/05/12,,,F109070 文教、樂器、育樂用品批發業；C701010 印刷業；C702010 製版業；C703010 印刷品裝訂及加工業；ZZ99999 除許可業務外，得經營法令非禁止或限制之業務,新北市,設立,11505
62200405,德康居家長照股份有限公司,新北市中和區中正路515號三樓,黃瓅瑩,2000000,115/05/13,,,JH01011 居家式服務業；IZ12010 人力派遣業；J101010 建築物清潔服務業；J202010 產業育成業；I102010 一般投資顧問業；I103060 管理顧問業；I199990 其他顧問服務業；I301010 資訊軟體服務業；I401010 一般廣告服務業；IZ15010 市場研究及民意調查業,新北市,設立,11505
62200411,太喆娛樂有限公司,新北市泰山區明志路1段444號3樓,李珮綺,100000,115/05/12,,,I301010 資訊軟體服務業；I301020 資料處理服務業；I301030 電子資訊供應服務業；F118010 資訊軟體批發業；F218010 資訊軟體零售業；I401010 一般廣告服務業；I501010 產品設計業；ZZ99999 除許可業務外，得經營法令非禁止或限制之業務,新北市,設立,11505
62200427,侑靖有限公司,新北市新莊區民安西路380號地下一樓之54,薛雅文,500000,115/05/12,,,F104110 布疋、衣著、鞋、帽、傘、服飾品批發業；F105050 家具、寢具、廚房器具、裝設品批發業；F106020 日常用品批發業；F106050 陶瓷玻璃器皿批發業；F109070 文教、樂器、育樂用品批發業；F204110 布疋、衣著、鞋、帽、傘、服飾品零售業；F206020 日常用品零售業；F209060 文教、樂器、育樂用品零售業；F299990 其他零售業；F399040 無店面零售業,新北市,設立,11505
62200432,德安室內裝修設計工程有限公司,新北市新莊區民安東路127號,陳柏宇,1000000,115/05/12,,,E801060 室內裝修業；E599010 配管工程業；E601020 電器安裝業；E801010 室內裝潢業；E903010 防蝕、防銹工程業；E901010 油漆工程業；E801070 廚具、衛浴設備安裝工程業；F105050 家具、寢具、廚房器具、裝設品批發業；F106010 五金批發業；F111090 建材批發業,新北市,設立,11505
62200453,淨職人工坊有限公司,新北市板橋區信義路54巷3號4樓,蔡志豪,300000,115/05/12,,,F107030 清潔用品批發業；F207030 清潔用品零售業；J101010 建築物清潔服務業；J101030 廢棄物清除業；J101040 廢棄物處理業；J101050 環境檢測服務業；J101080 資源回收業；J101090 廢棄物清理業；J101990 其他環境衛生及污染防治服務業；JZ99990 未分類其他服務業,新北市,設立,11505
62200475,駿怡投資有限公司,新北市淡水區中正東路2段115號,張駿,2000000,115/05/12,,,H201010 一般投資業,新北市,設立,11505
62200496,凱莉生金股份有限公司,新北市淡水區新民街33號,吳亞儒,2000000,115/05/12,,,F203010 食品什貨、飲料零售業；F203020 菸酒零售業；F399040 無店面零售業；F399990 其他綜合零售業；F401010 國際貿易業；F501030 飲料店業；F501060 餐館業；J601010 藝文服務業；ZZ99999 除許可業務外，得經營法令非禁止或限制之業務,新北市,設立,11505
62200502,雙線貿易有限公司,新北市板橋區三民路2段34號7樓之1,蔡智宇,60000,115/05/12,,,F209060 文教、樂器、育樂用品零售業；F299990 其他零售業；F399990 其他綜合零售業；F399040 無店面零售業；F401010 國際貿易業；F215020 礦石零售業；F115020 礦石批發業；F215010 首飾及貴金屬零售業；F115010 首飾及貴金屬批發業；F199990 其他批發業,新北市,設立,11505
62200518,檸檬山谷綠建科技有限公司,新北市新莊區中華路2段7號5樓,林芳玉,500000,115/05/12,,,E801010 室內裝潢業；E605010 電腦設備安裝業；F111090 建材批發業；F113020 電器批發業；F113050 電腦及事務性機器設備批發業；F113110 電池批發業；F401010 國際貿易業；I103060 管理顧問業；I301010 資訊軟體服務業；I301020 資料處理服務業,新北市,設立,11505
62200524,芮熹有限公司,新北市淡水區原德路73巷16號(1樓),呂肇芮,100000,115/05/12,,,F601010 智慧財產權業；H703090 不動產買賣業；H703100 不動產租賃業；I102010 一般投資顧問業；I103060 管理顧問業；I105010 藝術品諮詢顧問業；I501010 產品設計業；IG02010 研究發展服務業；IZ12010 人力派遣業；J304010 圖書出版業,新北市,設立,11505
62200539,新穎教育有限公司,新北市三重區中正北路15號4樓,黄紹恩,100000,115/05/12,,,J202010 產業育成業；I301010 資訊軟體服務業；J304010 圖書出版業；ZZ99999 除許可業務外，得經營法令非禁止或限制之業務,新北市,設立,11505
62200545,夥咖啡股份有限公司,新北市板橋區華江五路80號(1樓),高柏廷,3000000,115/05/12,,,F501030 飲料店業；F501060 餐館業；F203010 食品什貨、飲料零售業；F203020 菸酒零售業；F399040 無店面零售業；F203030 酒精零售業；F299990 其他零售業；F501050 飲酒店業；F501990 其他餐飲業；C104020 烘焙炊蒸食品製造業,新北市,設立,11505
62200550,曜澤機電工程股份有限公司,新北市泰山區信華三街163號,簡謙浩,3000000,115/05/12,,,E599010 配管工程業；E601020 電器安裝業；E603040 消防安全設備安裝工程業；E603050 自動控制設備工程業；E603090 照明設備安裝工程業；J101990 其他環境衛生及污染防治服務業；IG02010 研究發展服務業；IG03010 能源技術服務業；EZ05010 儀器、儀表安裝工程業；EZ99990 其他工程業,新北市,設立,11505
62200566,技算力科技股份有限公司,新北市新店區寶強路6號7樓,李宜泰,150000000,115/05/12,,,I301010 資訊軟體服務業；I301020 資料處理服務業；I301030 電子資訊供應服務業；F113010 機械批發業；F113050 電腦及事務性機器設備批發業；F113070 電信器材批發業；F118010 資訊軟體批發業；F213060 電信器材零售業；CC01070 無線通信機械器材製造業；CC01080 電子零組件製造業,新北市,設立,11505
62200572,艾尼斯卡有限公司,新北市板橋區文化路1段285巷1弄8號4樓,駱陳淑貞,500000,115/05/12,,,I103060 管理顧問業；I301010 資訊軟體服務業；J404010 動畫影片製作業,新北市,設立,11505
62200587,浪海數位有限公司,新北市土城區延和路84號4樓,石冠霖,300000,115/05/12,,,I301010 資訊軟體服務業；I301030 電子資訊供應服務業；I501010 產品設計業；J601010 藝文服務業；J602010 演藝活動業；I401010 一般廣告服務業；F209060 文教、樂器、育樂用品零售業；E605010 電腦設備安裝業；F401010 國際貿易業；F601010 智慧財產權業,新北市,設立,11505
62200593,星尚行嶼國際旅行社有限公司,新北市板橋區滿平街84巷120弄23號,蘇士銘,6000000,115/05/12,,,J902011 旅行業,新北市,設立,11505
62200600,竹科海峽會美食股份有限公司,新北市新莊區中華路3段216號13樓,孫正強,100000,115/05/12,,,F501060 餐館業；F501990 其他餐飲業；F501030 飲料店業；H201010 一般投資業；I102010 一般投資顧問業；I103060 管理顧問業；F203010 食品什貨、飲料零售業；ZZ99999 除許可業務外，得經營法令非禁止或限制之業務,新北市,設立,11505
62200616,展匠國際室內裝修有限公司,新北市板橋區自由路51巷3號3樓,余崇耀,200000,115/05/12,,,E801060 室內裝修業；E801010 室內裝潢業；I503010 景觀設計業；I401010 一般廣告服務業；F111090 建材批發業；F211010 建材零售業；F401010 國際貿易業；IZ12010 人力派遣業；EZ99990 其他工程業；F205040 家具、寢具、廚房器具、裝設品零售業,新北市,設立,11505
62225074,英屬開曼群島商和信精密工業股份有限公司,新北市新莊區新北大道三段7號18樓之2,廖韻淳,0,115/05/19,,,,新北市,設立,11505
62225291,香港商鉉峰工程服務有限公司,新北市汐止區新台五路1段95號20樓之6,陳志倫,1200000,115/05/15,,,E601010 電器承裝業；E603010 電纜安裝工程業；E605010 電腦設備安裝業；E701010 電信工程業；E701040 簡易電信設備安裝業；I199990 其他顧問服務業；I301010 資訊軟體服務業；I301020 資料處理服務業；I301030 電子資訊供應服務業；IZ99990 其他工商服務業,新北市,設立,11505
62225525,美商博森集團股份有限公司,新北市三重區重新路5段609巷8號7樓之4,林秀芬,0,115/05/22,,,F102170 食品什貨批發業；F203010 食品什貨、飲料零售業；F401010 國際貿易業,新北市,設立,11505
62225530,薩摩亞商輔威發展有限公司,新北市中和區中山路2段340巷27號,許陳美瓊,0,115/05/22,,,,新北市,設立,11505
62225601,新加坡商恩華特私人有限公司,新北市汐止區大同路1段337巷15弄2號2樓,Vibhor Agarwal,1250000,115/05/25,,,E603050 自動控制設備工程業；ZZ99999 除許可業務外，得經營法令非禁止或限制之業務,新北市,設立,11505
62225617,阿拉伯聯合大公國商亞斯曼貿易有限公司,新北市三重區三陽路124號4樓之1,ABEDIN MOHAMMAD SHAFI,0,115/05/25,,,,新北市,設立,11505
62258567,初光有限公司,新北市中和區中正路918號3樓,施慈惠,100000,115/05/04,,,F106020 日常用品批發業；F206020 日常用品零售業；F102170 食品什貨批發業；F203010 食品什貨、飲料零售業；F109070 文教、樂器、育樂用品批發業；F209060 文教、樂器、育樂用品零售業；F113010 機械批發業；F213080 機械器具零售業；F113990 其他機械器具批發業；F213990 其他機械器具零售業,新北市,設立,11505
62258588,曜寰國際有限公司,新北市板橋區館前東路26號3樓之2,朱翊文,200000,115/05/04,,,I199990 其他顧問服務業；F399040 無店面零售業；F401010 國際貿易業；I301010 資訊軟體服務業；J799990 其他休閒服務業；JZ99050 仲介服務業；JZ99990 未分類其他服務業；ZZ99999 除許可業務外，得經營法令非禁止或限制之業務,新北市,設立,11505
62258594,星壤遊戲有限公司,新北市土城區清水路242號3樓,羅奇瑋,100000,115/05/04,,,I301010 資訊軟體服務業；J304010 圖書出版業；I301030 電子資訊供應服務業；F601010 智慧財產權業；ZZ99999 除許可業務外，得經營法令非禁止或限制之業務,新北市,設立,11505
62258638,巨釩資本有限公司,新北市泰山區明志路2段394號4樓,傅莉雅,3000000,115/05/04,,,H201010 一般投資業,新北市,設立,11505
62258659,聖翔有限公司,新北市中和區中山路2段136巷56號4樓,陳又誠,190000,115/05/04,,,EZ99990 其他工程業；E801010 室內裝潢業；E801020 門窗安裝工程業；E801030 室內輕鋼架工程業；E801070 廚具、衛浴設備安裝工程業；E901010 油漆工程業；E903010 防蝕、防銹工程業；EZ02010 起重工程業；F119010 電子材料批發業；F106010 五金批發業,新北市,設立,11505
62258665,加福文創有限公司,新北市林口區信義路291號,鄭平,100000,115/05/04,,,F399040 無店面零售業；F204110 布疋、衣著、鞋、帽、傘、服飾品零售業；I301010 資訊軟體服務業；I401010 一般廣告服務業；J503020 電視節目製作業；J304010 圖書出版業；I103060 管理顧問業；ZZ99999 除許可業務外，得經營法令非禁止或限制之業務,新北市,設立,11505
62258671,戶賀茶屋有限公司,新北市板橋區漢生東路157號（1樓）,廖聖文,300000,115/05/04,,,F102040 飲料批發業；F102050 茶葉批發業；F102170 食品什貨批發業；F104110 布疋、衣著、鞋、帽、傘、服飾品批發業；F105050 家具、寢具、廚房器具、裝設品批發業；F106020 日常用品批發業；F106050 陶瓷玻璃器皿批發業；F109070 文教、樂器、育樂用品批發業；F203010 食品什貨、飲料零售業；F204110 布疋、衣著、鞋、帽、傘、服飾品零售業,新北市,設立,11505
62258686,榆光藝所國際有限公司,新北市新莊區中華路1段33之1號,王榆鈞,100000,115/05/04,,,F207030 清潔用品零售業；F208040 化粧品零售業；JZ99080 美容美髮服務業；ZZ99999 除許可業務外，得經營法令非禁止或限制之業務,新北市,設立,11505
62258692,華益電子材料有限公司,新北市泰山區美寧街76號,林敬凱,500000,115/05/04,,,F113050 電腦及事務性機器設備批發業；F119010 電子材料批發業；F213030 電腦及事務性機器設備零售業；F219010 電子材料零售業；F401010 國際貿易業；ZZ99999 除許可業務外，得經營法令非禁止或限制之業務,新北市,設立,11505
62258709,星錦資本股份有限公司,新北市新莊區中正路576巷28號,張廷瑞,2000000,115/05/04,,,H201010 一般投資業；H202010 創業投資業；ZZ99999 除許可業務外，得經營法令非禁止或限制之業務,新北市,設立,11505
62258715,佳栗低碳金屬有限公司,新北市新莊區西盛街189號7樓之1,李佳栗,2000000,115/05/04,,,CA01010 鋼鐵冶鍊業；CA01050 鋼材二次加工業；CA01070 廢車船解體及廢鋼鐵五金處理業；CA01100 鋁材軋延、伸線、擠型業；CA01120 銅鑄造業；CA01130 銅材軋延、伸線、擠型業；CA02990 其他金屬製品製造業；CA02080 金屬鍛造業；CB01990 其他機械製造業；CB01010 機械設備製造業,新北市,設立,11505
62258736,奈恩捏有限公司,新北市三重區三和路4段364號2樓,蔡昌益,200000,115/05/04,,,F116010 照相器材批發業；F118010 資訊軟體批發業；F119010 電子材料批發業；F216010 照相器材零售業；F218010 資訊軟體零售業；F219010 電子材料零售業；I103060 管理顧問業；I199990 其他顧問服務業；I401010 一般廣告服務業；JA02990 其他修理業,新北市,設立,11505
62258742,雙星創意娛樂有限公司,新北市中和區中山路2段332巷1號7樓,鄭姵筠,100000,115/05/04,,,F104110 布疋、衣著、鞋、帽、傘、服飾品批發業；F105050 家具、寢具、廚房器具、裝設品批發業；F109070 文教、樂器、育樂用品批發業；F115010 首飾及貴金屬批發業；F399040 無店面零售業；F401010 國際貿易業；I301030 電子資訊供應服務業；I401010 一般廣告服務業；I501010 產品設計業；J401010 電影片製作業,新北市,設立,11505
62258757,雲祭科技有限公司,新北市板橋區金門街27號4樓,陳靜如,300000,115/05/04,,,F101100 花卉批發業；F106070 祭祀用品批發業；F201070 花卉零售業；F206060 祭祀用品零售業；F399040 無店面零售業；I301010 資訊軟體服務業；I301020 資料處理服務業；I301030 電子資訊供應服務業；I301060 網路廣告平臺業；J399010 軟體出版業,新北市,設立,11505
62258763,鴻星工程股份有限公司,新北市樹林區西圳街2段135巷53號(1樓),李睿珩,300000,115/05/04,,,D101060 再生能源自用發電設備業；D401010 熱能供應業；E599010 配管工程業；E601010 電器承裝業；E601020 電器安裝業；E603010 電纜安裝工程業；E603040 消防安全設備安裝工程業；E603050 自動控制設備工程業；E603090 照明設備安裝工程業；E603100 電焊工程業,新北市,設立,11505
62258779,鑫富陽工程有限公司,新北市三重區永福街197巷10號3樓,郭信陽,300000,115/05/04,,,E599010 配管工程業；E601010 電器承裝業；E601020 電器安裝業；E603010 電纜安裝工程業；E603040 消防安全設備安裝工程業；E603020 電梯安裝工程業；E603050 自動控制設備工程業；E603080 交通號誌安裝工程業；E603090 照明設備安裝工程業；E603100 電焊工程業,新北市,設立,11505
62258784,貳杉杉林有限公司,新北市板橋區重慶路60之1號3樓,林峻豪,2000000,115/05/04,,,F108031 醫療器材批發業；F208031 醫療器材零售業；F113030 精密儀器批發業；F213040 精密儀器零售業；F208050 乙類成藥零售業；I103060 管理顧問業；I199990 其他顧問服務業；H201010 一般投資業；J202010 產業育成業；IZ12010 人力派遣業,新北市,設立,11505
62258807,金陽科技有限公司,新北市三重區興德路100號5樓,沈至寅,18000000,115/05/04,,,CC01110 電腦及其週邊設備製造業；CC01080 電子零組件製造業；F119010 電子材料批發業；F219010 電子材料零售業；F118010 資訊軟體批發業；F218010 資訊軟體零售業；I301010 資訊軟體服務業；I301020 資料處理服務業；I501010 產品設計業；F113020 電器批發業,新北市,設立,11505
62258813,碧藍海有限公司,新北市板橋區民生路1段33號12樓之2,星井聰美,200000,115/05/04,,,I199990 其他顧問服務業；I401010 一般廣告服務業；IZ04010 翻譯業；IZ02010 打字業；IZ10010 排版業；IZ15010 市場研究及民意調查業；J304010 圖書出版業；J305010 有聲出版業；J399010 軟體出版業；J399990 其他出版業,新北市,設立,11505
62258829,和域室內裝修有限公司,新北市林口區南勢六街66號9樓,林伯謙,500000,115/05/04,,,E801060 室內裝修業；E801010 室內裝潢業；E801020 門窗安裝工程業；E801030 室內輕鋼架工程業；E801040 玻璃安裝工程業；E801070 廚具、衛浴設備安裝工程業；E901010 油漆工程業；E903010 防蝕、防銹工程業；F111090 建材批發業；F211010 建材零售業,新北市,設立,11505
62258834,韜睿丰人資顧問股份有限公司,新北市林口區文化二路1段390號5樓,陳怡琳,3000000,115/05/04,,,IZ12010 人力派遣業；I199990 其他顧問服務業；F401010 國際貿易業；ZZ99999 除許可業務外，得經營法令非禁止或限制之業務,新北市,設立,11505
62258840,連連發車業有限公司,新北市汐止區大同路三段81號(1樓),陳冠玲,100000,115/05/04,,,F112040 石油製品批發業；F113110 電池批發業；F114020 機車批發業；F114030 汽、機車零件配備批發業；F114040 自行車及其零件批發業；F114050 車胎批發業；F114990 其他交通運輸工具及其零件批發業；F212050 石油製品零售業；F213110 電池零售業；F214020 機車零售業,新北市,設立,11505
62258855,秦羽有限公司,新北市板橋區長江路2段277號2樓,黃綉雯,500000,115/05/05,,,EZ05010 儀器、儀表安裝工程業；F102180 酒精批發業；F107010 漆料、塗料批發業；F107020 染料、顏料批發業；F107030 清潔用品批發業；F107080 環境用藥批發業；F113010 機械批發業；F113020 電器批發業；F113990 其他機械器具批發業；F116010 照相器材批發業,新北市,設立,11505
62258861,方悅室內裝修有限公司,新北市鶯歌區尖山路46號,林詩穎,2000000,115/05/04,,,E801010 室內裝潢業；E801060 室內裝修業；E599010 配管工程業；E601020 電器安裝業；E801020 門窗安裝工程業；E801030 室內輕鋼架工程業；E801040 玻璃安裝工程業；E801070 廚具、衛浴設備安裝工程業；E901010 油漆工程業；EZ99990 其他工程業,新北市,設立,11505
62258877,空姐服飾有限公司,新北市淡水區新市一路1段373號2樓,陳冠蓉,500000,115/05/05,,,F204110 布疋、衣著、鞋、帽、傘、服飾品零售業；F206020 日常用品零售業；F208040 化粧品零售業；F203010 食品什貨、飲料零售業；F205040 家具、寢具、廚房器具、裝設品零售業；F207030 清潔用品零售業；F209060 文教、樂器、育樂用品零售業；F299990 其他零售業；F399040 無店面零售業；F104110 布疋、衣著、鞋、帽、傘、服飾品批發業,新北市,設立,11505
62258882,耀金有限公司,新北市中和區中山路2段523巷1弄7號4樓,游梓熙,3000000,115/05/04,,,E605010 電腦設備安裝業；F106010 五金批發業；F106030 模具批發業；F106050 陶瓷玻璃器皿批發業；F111090 建材批發業；F113020 電器批發業；F113050 電腦及事務性機器設備批發業；F113090 交通標誌器材批發業；F113990 其他機械器具批發業；F114080 軌道車輛及其零件批發業,新北市,設立,11505
62258898,科照有限公司,新北市汐止區大同路2段153號,甘永梅,800000,115/05/05,,,F113050 電腦及事務性機器設備批發業；F213030 電腦及事務性機器設備零售業；E605010 電腦設備安裝業；F119010 電子材料批發業；F219010 電子材料零售業；JA02010 電器及電子產品修理業；CE01010 一般儀器製造業；F113030 精密儀器批發業；F213040 精密儀器零售業；EZ05010 儀器、儀表安裝工程業,新北市,設立,11505
62258905,佩里嚴選有限公司,新北市汐止區東勢街201巷265號,陳柏壽,500000,115/05/05,,,ZZ99999 除許可業務外，得經營法令非禁止或限制之業務；F101990 其他農、畜、水產品批發業；F101130 蔬果批發業；F201010 農產品零售業；F201990 其他農畜水產品零售業；F399040 無店面零售業,新北市,設立,11505
62258911,月知玫瑰股份有限公司,新北市新店區民權路42巷59弄3號,卓昂滄,10000000,115/05/04,,,F501060 餐館業；F501030 飲料店業；F203010 食品什貨、飲料零售業；F203020 菸酒零售業；F401010 國際貿易業；ZZ99999 除許可業務外，得經營法令非禁止或限制之業務,新北市,設立,11505
62258932,野澗規劃設計顧問有限公司,新北市板橋區新海路364號12樓,李昕恬,100000,115/05/05,,,JB01010 會議及展覽服務業；I501010 產品設計業；I503010 景觀設計業；I599990 其他設計業；E801010 室內裝潢業；ZZ99999 除許可業務外，得經營法令非禁止或限制之業務；I504010 花藝設計業；A102080 園藝服務業,新北市,設立,11505
62258948,禾森國際景觀有限公司,新北市汐止區大同路3段66之7號14樓之3,彭穎宣,500000,115/05/05,,,A102080 園藝服務業；A101050 花卉栽培業；A102050 作物栽培服務業；E801010 室內裝潢業；E901010 油漆工程業；F105050 家具、寢具、廚房器具、裝設品批發業；F111090 建材批發業；F101100 花卉批發業；I503010 景觀設計業；I504010 花藝設計業,新北市,設立,11505
62258953,喬緯有限公司,新北市林口區公園路223巷5號11樓,黃治芳,5000000,115/05/05,,,CA02990 其他金屬製品製造業；C901990 其他非金屬礦物製品製造業；EZ07010 鑽孔工程業；EZ99990 其他工程業；F106010 五金批發業；F206010 五金零售業；F213080 機械器具零售業；J101010 建築物清潔服務業；J101030 廢棄物清除業；J101060 廢（污）水處理業,新北市,設立,11505
62258969,炬光行銷有限公司,新北市三重區仁義街16號3樓,呂佳宜,100000,115/05/05,,,C802100 化粧品製造業；F102040 飲料批發業；F102170 食品什貨批發業；F399040 無店面零售業；F401010 國際貿易業；I103060 管理顧問業；I199990 其他顧問服務業；I301020 資料處理服務業；I301030 電子資訊供應服務業；I301060 網路廣告平臺業,新北市,設立,11505
62258975,御選車業有限公司,新北市鶯歌區鳳七路20號2樓,王政弘,1000000,115/05/05,,,F114010 汽車批發業；F114030 汽、機車零件配備批發業；F114050 車胎批發業；F214010 汽車零售業；F214030 汽、機車零件配備零售業；F214050 車胎零售業；F401010 國際貿易業；JA01010 汽車修理業；JA01990 其他汽車服務業；JZ99050 仲介服務業,新北市,設立,11505
62258980,禾愛生醫有限公司,新北市汐止區樟樹一路141巷13號,單子瑄,200000,115/05/05,,,JZ99080 美容美髮服務業；F108040 化粧品批發業；F208040 化粧品零售業；F104110 布疋、衣著、鞋、帽、傘、服飾品批發業；F106020 日常用品批發業；F107030 清潔用品批發業；F107200 化學原料批發業；F107990 其他化學製品批發業；F401010 國際貿易業；F399040 無店面零售業,新北市,設立,11505
62258996,丄丄千有限公司,新北市板橋區三民路2段33號14樓,劉淑芬,300000,115/05/05,,,E599010 配管工程業；E603040 消防安全設備安裝工程業；E601010 電器承裝業；E601020 電器安裝業；E603010 電纜安裝工程業；E603090 照明設備安裝工程業；EZ99990 其他工程業；F106040 水器材料批發業；F113020 電器批發業；ZZ99999 除許可業務外，得經營法令非禁止或限制之業務,新北市,設立,11505
62259019,玖靖有限公司,新北市樹林區樹德街136巷5號2樓,范晏婷,200000,115/05/05,,,E601010 電器承裝業；E601020 電器安裝業；F102170 食品什貨批發業；F106040 水器材料批發業；F113020 電器批發業；F203010 食品什貨、飲料零售業；F206040 水器材料零售業；F213010 電器零售業；F399040 無店面零售業；F401010 國際貿易業,新北市,設立,11505
62259025,筠恆投資有限公司,新北市土城區中華路1段36號12樓,黃子恆,19500000,115/05/05,,,H201010 一般投資業；ZZ99999 除許可業務外，得經營法令非禁止或限制之業務,新北市,設立,11505
62259030,笨貓有限公司,新北市三重區重陽路4段130號12樓,黃靖茹,50000,115/05/05,,,I401010 一般廣告服務業；J602010 演藝活動業；J601010 藝文服務業；I301030 電子資訊供應服務業；I301060 網路廣告平臺業；J304010 圖書出版業；J305010 有聲出版業；J399990 其他出版業；F601010 智慧財產權業；ZZ99999 除許可業務外，得經營法令非禁止或限制之業務,新北市,設立,11505
62259046,艾締雅全球貿易有限公司,新北市新莊區富貴路500號4樓,林庭增,1000000,115/05/05,,,F101050 水產品批發業；F102170 食品什貨批發業；F104110 布疋、衣著、鞋、帽、傘、服飾品批發業；F105050 家具、寢具、廚房器具、裝設品批發業；F106010 五金批發業；F106020 日常用品批發業；F106040 水器材料批發業；F107030 清潔用品批發業；F108040 化粧品批發業；F109070 文教、樂器、育樂用品批發業,新北市,設立,11505
62259051,逢瑩工程有限公司,新北市三芝區中正路2段29號3樓,曾家成,5000000,115/05/05,,,EZ07010 鑽孔工程業；JE01010 租賃業；F401010 國際貿易業；F213080 機械器具零售業；E903010 防蝕、防銹工程業；F106010 五金批發業；F111090 建材批發業；F113010 機械批發業；F113050 電腦及事務性機器設備批發業；F119010 電子材料批發業,新北市,設立,11505
62259067,龍曜投資有限公司,新北市板橋區長安街138巷1弄19號,古雪芳,1200000,115/05/06,,,H201010 一般投資業；H202010 創業投資業；ZZ99999 除許可業務外，得經營法令非禁止或限制之業務,新北市,設立,11505
62259073,述德線上有限公司,新北市板橋區中山路1段1號17樓之16,牛榮華,100000,115/05/06,,,F209060 文教、樂器、育樂用品零售業；F106020 日常用品批發業；F118010 資訊軟體批發業；F299990 其他零售業；F399040 無店面零售業；F401010 國際貿易業；F601010 智慧財產權業；I301010 資訊軟體服務業；I301020 資料處理服務業；I301030 電子資訊供應服務業,新北市,設立,11505
62259088,楚門空間建材有限公司,新北市新莊區化成路540號之1七樓之3,趙敏凱,2000000,115/05/06,,,C802200 塗料、油漆、染料及顏料製造業；E801010 室內裝潢業；E901010 油漆工程業；E903010 防蝕、防銹工程業；EZ99990 其他工程業；F105050 家具、寢具、廚房器具、裝設品批發業；F106010 五金批發業；F206010 五金零售業；F107010 漆料、塗料批發業；F111090 建材批發業,新北市,設立,11505
62259094,和悦公寓大廈管理維護股份有限公司,新北市板橋區三民路1段120號5樓,吳宇秝,10000000,115/05/05,,,I801011 公寓大廈管理服務業；I103060 管理顧問業；I199990 其他顧問服務業；F401010 國際貿易業；IZ12010 人力派遣業；JZ99050 仲介服務業；J101030 廢棄物清除業；J101080 資源回收業；J101090 廢棄物清理業；J101040 廢棄物處理業,新北市,設立,11505
62259101,瑞璞投資有限公司,新北市汐止區大同路1段497號9樓之3,陳昱瑞,7073784,115/05/06,,,H201010 一般投資業,新北市,設立,11505
62259117,優勢食品有限公司,新北市板橋區文化路1段311之17號,郭勢民KWACK SE MIN,500000,115/05/05,,,C103050 罐頭、冷凍、脫水及醃漬食品製造業；C104020 烘焙炊蒸食品製造業；C109010 調味品製造業；F201010 農產品零售業；F201020 畜產品零售業；F201030 水產品零售業；F201050 漁具零售業；F201070 花卉零售業；F203010 食品什貨、飲料零售業；F203020 菸酒零售業,新北市,設立,11505
62259123,洪盛工程有限公司,新北市三重區文化北路192巷47號,洪敏峯,880000,115/05/05,,,E603040 消防安全設備安裝工程業；E599010 配管工程業；E801070 廚具、衛浴設備安裝工程業；E601020 電器安裝業；E603010 電纜安裝工程業；E603050 自動控制設備工程業；E603090 照明設備安裝工程業；E605010 電腦設備安裝業；E701010 電信工程業；E701030 電信管制射頻器材裝設工程業,新北市,設立,11505
62259138,漢麟投資有限公司,新北市八里區中華路2段560巷17號,羅美珍,2000000,115/05/05,,,H201010 一般投資業；ZZ99999 除許可業務外，得經營法令非禁止或限制之業務,新北市,設立,11505
62259159,徑格有限公司,新北市新莊區新泰路150巷9號2樓,呂學府,500000,115/05/05,,,CA01990 其他非鐵金屬基本工業；CA02990 其他金屬製品製造業；CB01990 其他機械製造業；F106010 五金批發業；F106030 模具批發業；F113010 機械批發業；F113030 精密儀器批發業；F119010 電子材料批發業；F206010 五金零售業；F206030 模具零售業,新北市,設立,11505
62259165,品妘投資有限公司,新北市汐止區大同路1段497號9樓之3,陳昭汶,5894820,115/05/06,,,H201010 一般投資業,新北市,設立,11505
62259171,高國維水視界生態文化有限公司,新北市新店區三民路121號3樓,高國維,1100000,115/05/05,,,F113050 電腦及事務性機器設備批發業；F113070 電信器材批發業；F116010 照相器材批發業；F119010 電子材料批發業；F213030 電腦及事務性機器設備零售業；F213060 電信器材零售業；F216010 照相器材零售業；F219010 電子材料零售業；F401010 國際貿易業；I301010 資訊軟體服務業,新北市,設立,11505
62259186,起念科技有限公司,新北市板橋區永豐街27號10樓,高念慈,500000,115/05/06,,,I301010 資訊軟體服務業；I301030 電子資訊供應服務業；IZ13010 網路認證服務業；J305010 有聲出版業；I103060 管理顧問業；F401010 國際貿易業；ZZ99999 除許可業務外，得經營法令非禁止或限制之業務,新北市,設立,11505
62259192,沐林鮮物集有限公司,新北市八里區中山路2段391號(1樓),林在濰,800000,115/05/06,,,F101040 家畜家禽批發業；F101050 水產品批發業；F201020 畜產品零售業；F201030 水產品零售業；F401010 國際貿易業；F399040 無店面零售業；F201010 農產品零售業；F101130 蔬果批發業；ZZ99999 除許可業務外，得經營法令非禁止或限制之業務,新北市,設立,11505
62259209,舍和投資有限公司,新北市三重區三張街15號4樓,陸塏鈴,12000000,115/05/06,,,H201010 一般投資業,新北市,設立,11505
62259215,鑫亞工程股份有限公司,新北市林口區源泉街34巷1號,許濬暘,4000000,115/05/06,,,F113990 其他機械器具批發業；E604010 機械安裝業；F106010 五金批發業；F113010 機械批發業；E599010 配管工程業；E801070 廚具、衛浴設備安裝工程業；EZ15010 保溫、保冷安裝工程業；EZ99990 其他工程業；JA02010 電器及電子產品修理業；F401010 國際貿易業,新北市,設立,11505
62259221,頌伊國際貿易股份有限公司,新北市永和區環河東路1段42號10樓,胡雅慶,2000000,115/05/06,,,F104110 布疋、衣著、鞋、帽、傘、服飾品批發業；F105050 家具、寢具、廚房器具、裝設品批發業；F106020 日常用品批發業；F113030 精密儀器批發業；F199990 其他批發業；F204110 布疋、衣著、鞋、帽、傘、服飾品零售業；F206020 日常用品零售業；F299990 其他零售業；F401010 國際貿易業；ZZ99999 除許可業務外，得經營法令非禁止或限制之業務,新北市,設立,11505
62259236,蕎雨宸股份有限公司,新北市樹林區光榮街48號5樓,彭炳富,5000000,115/05/06,,,I102010 一般投資顧問業；H201010 一般投資業；ZZ99999 除許可業務外，得經營法令非禁止或限制之業務,新北市,設立,11505
62259242,鑫晟鈞投資有限公司,新北市三峽區大同路184號（1樓）,吳驊軒,1000000,115/05/06,,,H201010 一般投資業,新北市,設立,11505
62259257,序時股份有限公司,新北市汐止區大同路1段337巷16弄34號,李守仁,5000000,115/05/06,,,H201010 一般投資業；ZZ99999 除許可業務外，得經營法令非禁止或限制之業務,新北市,設立,11505
62259263,立奇教育有限公司,新北市蘆洲區長榮路452號,聶沛琳,500000,115/05/06,,,F109070 文教、樂器、育樂用品批發業；F209060 文教、樂器、育樂用品零售業；J399990 其他出版業；J404010 動畫影片製作業；F118010 資訊軟體批發業；F218010 資訊軟體零售業；F399040 無店面零售業；J303010 雜誌（期刊）出版業；J399010 軟體出版業；J304010 圖書出版業,新北市,設立,11505
62259279,數智場域科技有限公司,新北市土城區中央路2段119號,張靜純,100000,115/05/06,,,I103060 管理顧問業；I301010 資訊軟體服務業；I301020 資料處理服務業；I301030 電子資訊供應服務業；I501010 產品設計業；F601010 智慧財產權業；ZZ99999 除許可業務外，得經營法令非禁止或限制之業務,新北市,設立,11505
62259284,友莉有限公司,新北市永和區竹林路21號9樓之2,蕭鳳莉,100000,115/05/06,,,F106020 日常用品批發業；F206020 日常用品零售業；I105010 藝術品諮詢顧問業；J601010 藝文服務業；F102170 食品什貨批發業；F108040 化粧品批發業；F203010 食品什貨、飲料零售業；F206010 五金零售業；F208040 化粧品零售業；F299990 其他零售業,新北市,設立,11505
62259290,永韶有限公司,新北市新店區永華街57號9樓,張元宇,1000000,115/05/06,,,F106020 日常用品批發業；F108040 化粧品批發業；F113010 機械批發業；F118010 資訊軟體批發業；F206020 日常用品零售業；F208040 化粧品零售業；F208050 乙類成藥零售業；F213080 機械器具零售業；F215010 首飾及貴金屬零售業；F218010 資訊軟體零售業,新北市,設立,11505
62259307,整全賦能系統股份有限公司,新北市汐止區康寧街169巷25號4樓之1,吳孝三,6250000,115/05/06,,,I301010 資訊軟體服務業；I301020 資料處理服務業；I301030 電子資訊供應服務業；I103060 管理顧問業；F401010 國際貿易業；E605010 電腦設備安裝業；F113050 電腦及事務性機器設備批發業；F118010 資訊軟體批發業；ZZ99999 除許可業務外，得經營法令非禁止或限制之業務,新北市,設立,11505
62259313,晶喜生活有限公司,新北市汐止區新台五路1段93號21樓之6,章瀚升,100000,115/05/06,,,E601020 電器安裝業；E603090 照明設備安裝工程業；EZ99990 其他工程業；E801010 室內裝潢業；F399040 無店面零售業；E599010 配管工程業；E603010 電纜安裝工程業；E603050 自動控制設備工程業；E801020 門窗安裝工程業；E801030 室內輕鋼架工程業,新北市,設立,11505
62259329,佳士暘投資顧問有限公司,新北市汐止區康寧街169巷8之5號4樓,周采蓁,320000,115/05/06,,,H201010 一般投資業；H703100 不動產租賃業；I102010 一般投資顧問業；I103060 管理顧問業；ZZ99999 除許可業務外，得經營法令非禁止或限制之業務；F102040 飲料批發業；F102170 食品什貨批發業；F203010 食品什貨、飲料零售業；F401010 國際貿易業,新北市,設立,11505
62259334,小光圈文教事業有限公司,新北市林口區文化一路1段206號(1樓),胡宸溥,1000000,115/05/06,,,J303010 雜誌（期刊）出版業；J304010 圖書出版業；J305010 有聲出版業；J601010 藝文服務業；J602010 演藝活動業；IZ04010 翻譯業；JA05010 留、遊學服務業；F203010 食品什貨、飲料零售業；F205040 家具、寢具、廚房器具、裝設品零售業；F206020 日常用品零售業,新北市,設立,11505
62259340,芊禾居有限公司,新北市永和區保福路2段53號4樓,俞玉英,200000,115/05/06,,,F201010 農產品零售業；F206020 日常用品零售業；F399040 無店面零售業；F399990 其他綜合零售業；ZZ99999 除許可業務外，得經營法令非禁止或限制之業務,新北市,設立,11505
62259355,良水國際有限公司,新北市板橋區板新路101號4樓,韓寶瑩,1000000,115/05/06,,,F501030 飲料店業；F102040 飲料批發業；F102050 茶葉批發業；F102170 食品什貨批發業；F106020 日常用品批發業；F206020 日常用品零售業；F107190 塑膠膜、袋批發業；F207190 塑膠膜、袋零售業；F201010 農產品零售業；F203010 食品什貨、飲料零售業,新北市,設立,11505
62259361,和律有限公司,新北市永和區博愛街23號,王寵惠,2000000,115/05/06,,,F109070 文教、樂器、育樂用品批發業；F204110 布疋、衣著、鞋、帽、傘、服飾品零售業；F206020 日常用品零售業；F209060 文教、樂器、育樂用品零售業；F399040 無店面零售業；F399990 其他綜合零售業；I103060 管理顧問業；J202010 產業育成業；J602010 演藝活動業；J799990 其他休閒服務業,新北市,設立,11505
62259377,達米安良品有限公司,新北市新莊區中原路183巷7號(1樓),蘇暐恆,20000,115/05/06,,,F106020 日常用品批發業；F102170 食品什貨批發業；F106060 寵物食品及其用品批發業；F203010 食品什貨、飲料零售業；F206020 日常用品零售業；F206050 寵物食品及其用品零售業；F399040 無店面零售業；F401010 國際貿易業；I401010 一般廣告服務業；IZ06010 理貨包裝業,新北市,設立,11505
62259382,述元線上有限公司,新北市板橋區中山路1段1號17樓之16,牛榮華,100000,115/05/06,,,F209060 文教、樂器、育樂用品零售業；F106020 日常用品批發業；F118010 資訊軟體批發業；F299990 其他零售業；F399040 無店面零售業；F401010 國際貿易業；F601010 智慧財產權業；I301010 資訊軟體服務業；I301020 資料處理服務業；I301030 電子資訊供應服務業,新北市,設立,11505
62259398,渡碼數位有限公司,新北市中和區中山路2段332巷13號12樓,麥書睿,100000,115/05/06,,,F118010 資訊軟體批發業；F119010 電子材料批發業；F218010 資訊軟體零售業；F219010 電子材料零售業；I301010 資訊軟體服務業；I301020 資料處理服務業；I301030 電子資訊供應服務業；I103060 管理顧問業；I199990 其他顧問服務業；J399010 軟體出版業,新北市,設立,11505
62259405,如曦未來有限公司,新北市永和區中正路417號8樓,楊湘妍,300000,115/05/06,,,F108031 醫療器材批發業；F401010 國際貿易業；F208031 醫療器材零售業；F206020 日常用品零售業；E605010 電腦設備安裝業；EZ05010 儀器、儀表安裝工程業；ZZ99999 除許可業務外，得經營法令非禁止或限制之業務,新北市,設立,11505
62259411,鴻選投資有限公司,新北市汐止區大同路1段497號9樓之3,黃文峰,7073784,115/05/07,,,H201010 一般投資業,新北市,設立,11505
62259427,德沐森有限公司,新北市五股區新五路3段262號17樓,祁慶柔,2000000,115/05/06,,,F108040 化粧品批發業；F115010 首飾及貴金屬批發業；F109070 文教、樂器、育樂用品批發業；F399040 無店面零售業；F401010 國際貿易業；F106020 日常用品批發業；ZZ99999 除許可業務外，得經營法令非禁止或限制之業務,新北市,設立,11505
62259432,泰奕成投資股份有限公司,新北市樹林區龍興街53號(1樓),吳秀華,1000000,115/05/07,,,H201010 一般投資業,新北市,設立,11505
62259453,潤耀興業有限公司,新北市板橋區五權街30巷37弄3號(1樓),李彥宏,500000,115/05/07,,,F111090 建材批發業；F106010 五金批發業；F199010 回收物料批發業；F106040 水器材料批發業；IZ12010 人力派遣業；E801010 室內裝潢業；E903010 防蝕、防銹工程業；E599010 配管工程業；EZ07010 鑽孔工程業；I503010 景觀設計業,新北市,設立,11505
62259475,陸暮設計有限公司,新北市板橋區長江路2段65號2樓,任芝妮,300000,115/05/07,,,C701010 印刷業；E603090 照明設備安裝工程業；E801010 室內裝潢業；F104110 布疋、衣著、鞋、帽、傘、服飾品批發業；F105050 家具、寢具、廚房器具、裝設品批發業；F204110 布疋、衣著、鞋、帽、傘、服飾品零售業；F205040 家具、寢具、廚房器具、裝設品零售業；F209060 文教、樂器、育樂用品零售業；F211010 建材零售業；F213010 電器零售業,新北市,設立,11505
62259480,沛錦國際有限公司,新北市新店區北新路3段65巷12弄25號,曾晏澄,1000000,115/05/07,,,F102030 菸酒批發業；F102170 食品什貨批發業；F106020 日常用品批發業；F107030 清潔用品批發業；F108040 化粧品批發業；F109070 文教、樂器、育樂用品批發業；F119010 電子材料批發業；F199990 其他批發業；F203010 食品什貨、飲料零售業；F203020 菸酒零售業,新北市,設立,11505
62259496,芳霖有限公司,新北市樹林區大安路534號3樓,張芮柔,100000,115/05/07,,,E801010 室內裝潢業；E801020 門窗安裝工程業；E901010 油漆工程業；EZ02010 起重工程業；EZ07010 鑽孔工程業；E599010 配管工程業；EZ99990 其他工程業；E903010 防蝕、防銹工程業；F106010 五金批發業；F206010 五金零售業,新北市,設立,11505
62259502,職承農產有限公司,新北市板橋區民享街142巷16號3樓,陳瀚鈞,1000000,115/05/07,,,F102170 食品什貨批發業；F203010 食品什貨、飲料零售業；F201010 農產品零售業；F101130 蔬果批發業；F101990 其他農、畜、水產品批發業；F201020 畜產品零售業；F106020 日常用品批發業；F401010 國際貿易業；F399040 無店面零售業；ZZ99999 除許可業務外，得經營法令非禁止或限制之業務,新北市,設立,11505
62259518,永力智控股份有限公司,新北市中和區橋和路19號4樓,李永法,5000000,115/05/07,,,CC01110 電腦及其週邊設備製造業；F113070 電信器材批發業；F213060 電信器材零售業；CC01040 照明設備製造業；E603090 照明設備安裝工程業；E801010 室內裝潢業；E603080 交通號誌安裝工程業；EZ06010 交通標示工程業；F113090 交通標誌器材批發業；F213090 交通標誌器材零售業,新北市,設立,11505
62259524,鯊美醬有限公司,新北市板橋區雙十路2段143號12樓,游凱翔,100000,115/05/07,,,J399010 軟體出版業；I301020 資料處理服務業；I301030 電子資訊供應服務業；I301060 網路廣告平臺業；I301010 資訊軟體服務業；I199990 其他顧問服務業；J903020 登山嚮導業,新北市,設立,11505
62259539,實矩科技股份有限公司,新北市中和區景新街338號12樓,朱靜雯,100000,115/05/07,,,F118010 資訊軟體批發業；F401010 國際貿易業；I301010 資訊軟體服務業；I301020 資料處理服務業；I301030 電子資訊供應服務業；IG02010 研究發展服務業；I199990 其他顧問服務業；ZZ99999 除許可業務外，得經營法令非禁止或限制之業務；F113030 精密儀器批發業；F113050 電腦及事務性機器設備批發業,新北市,設立,11505
62259545,瑀澤寓住宅管理顧問有限公司,新北市新店區北新路3段65巷1號5樓,蕭玉奇,1000000,115/05/07,,,E801010 室內裝潢業；E801020 門窗安裝工程業；E801030 室內輕鋼架工程業；E801040 玻璃安裝工程業；E801070 廚具、衛浴設備安裝工程業；E901010 油漆工程業；E903010 防蝕、防銹工程業；EZ02010 起重工程業；EZ99990 其他工程業；F106010 五金批發業,新北市,設立,11505
62259550,建赫有限公司,新北市新莊區新樹路613之7號11樓,張家豪,500000,115/05/07,,,E801030 室內輕鋼架工程業；E801010 室內裝潢業；E801020 門窗安裝工程業；E801040 玻璃安裝工程業；E801070 廚具、衛浴設備安裝工程業；E901010 油漆工程業；F106010 五金批發業；F106020 日常用品批發業；F111090 建材批發業；F113020 電器批發業,新北市,設立,11505
62259566,莫納研究有限公司,新北市中和區中山路2段332巷1號7樓,董倚瑄,200000,115/05/07,,,F104110 布疋、衣著、鞋、帽、傘、服飾品批發業；F106020 日常用品批發業；F108040 化粧品批發業；F110020 眼鏡批發業；F115010 首飾及貴金屬批發業；F204110 布疋、衣著、鞋、帽、傘、服飾品零售業；F206020 日常用品零售業；F208040 化粧品零售業；F210020 眼鏡零售業；F215010 首飾及貴金屬零售業,新北市,設立,11505
62259572,全禾通運股份有限公司,新北市板橋區縣民大道2段82號10樓,石佾正,25000000,115/05/07,,,G101061 汽車貨運業；F111090 建材批發業；J101030 廢棄物清除業；J101040 廢棄物處理業；J101080 資源回收業；J101090 廢棄物清理業；J101990 其他環境衛生及污染防治服務業；IG03010 能源技術服務業；D101060 再生能源自用發電設備業；ZZ99999 除許可業務外，得經營法令非禁止或限制之業務,新北市,設立,11505
62259587,珞禾設計有限公司,新北市三峽區永安街61號(1樓),王昕宇,200000,115/05/07,,,I501010 產品設計業；I503010 景觀設計業；I599990 其他設計業；I401020 廣告傳單分送業；IZ12010 人力派遣業；JB01010 會議及展覽服務業；JE01010 租賃業；E801010 室內裝潢業；E801020 門窗安裝工程業；E801030 室內輕鋼架工程業,新北市,設立,11505
62259593,江發有限公司,新北市樹林區光明街16之1號,江發,500000,115/05/07,,,E801010 室內裝潢業；E801020 門窗安裝工程業；E801030 室內輕鋼架工程業；E801040 玻璃安裝工程業；E801070 廚具、衛浴設備安裝工程業；E901010 油漆工程業；F105050 家具、寢具、廚房器具、裝設品批發業；F106040 水器材料批發業；F111090 建材批發業；F120010 耐火材料批發業,新北市,設立,11505
