統一編號,公司名稱,公司所在地,代表人,資本額,核准設立日期,核准變更日期,案由或變更事項,營業項目,縣市,清冊,期別
00007632,哲優投資有限公司,臺北市大安區敦化南路1段312號,張哲嘉,100000,113/09/03,115/05/06,公司名稱變更修正章程,H201010 一般投資業；H202010 創業投資業；ZZ99999 除許可業務外，得經營法令非禁止或限制之業務,臺北市,變更,11505
00009104,金波餐飲股份有限公司,臺北市松山區興安街218號,蕭志倫,10000000,114/02/21,115/05/29,董事/監察人持股變動報備,F203010 食品什貨、飲料零售業；F401010 國際貿易業；F501030 飲料店業；F501060 餐館業；F501990 其他餐飲業；ZZ99999 除許可業務外，得經營法令非禁止或限制之業務,臺北市,變更,11505
00011137,有意義文理股份有限公司,臺北市大安區忠孝東路4段221號12樓,蔡柏全,3000000,113/10/04,115/05/29,特殊補正,F118010 資訊軟體批發業；F218010 資訊軟體零售業；F109070 文教、樂器、育樂用品批發業；F209060 文教、樂器、育樂用品零售業；F401010 國際貿易業；I103060 管理顧問業；I301010 資訊軟體服務業；I301020 資料處理服務業；I301030 電子資訊供應服務業；I199990 其他顧問服務業,臺北市,變更,11505
00012396,頻譜娛樂股份有限公司,臺北市大同區南京西路62號7樓,謝政豪,1656717,114/01/06,115/05/15,特殊補正,F109070 文教、樂器、育樂用品批發業；F209060 文教、樂器、育樂用品零售業；F399040 無店面零售業；F401010 國際貿易業；I401010 一般廣告服務業；J303010 雜誌（期刊）出版業；J304010 圖書出版業；J305010 有聲出版業；J399990 其他出版業；I501010 產品設計業,臺北市,變更,11505
00016323,卡羅健康事業有限公司,臺北市文山區興隆路4段133號15樓之1,王靜儀,300000,114/01/20,115/05/19,特殊補正,F102040 飲料批發業；F102170 食品什貨批發業；F106020 日常用品批發業；F107030 清潔用品批發業；F108040 化粧品批發業；F113020 電器批發業；F113030 精密儀器批發業；F113050 電腦及事務性機器設備批發業；F113060 度量衡器批發業；F119010 電子材料批發業,臺北市,變更,11505
00018238,進明科技股份有限公司,臺北市中山區松江路206號13樓之1,趙榮珉CHO YOUNGMIN,5000000,113/12/20,115/05/08,經理人變更,F107170 工業助劑批發業；F107200 化學原料批發業；F107990 其他化學製品批發業；F113010 機械批發業；F113030 精密儀器批發業；F113050 電腦及事務性機器設備批發業；F116010 照相器材批發業；F119010 電子材料批發業；F401010 國際貿易業；ZZ99999 除許可業務外，得經營法令非禁止或限制之業務,臺北市,變更,11505
00020585,海承資產管理股份有限公司,臺北市中正區許昌街42號8樓,林孟樑,1000000,113/09/11,115/05/13,改選董事/監察人(一人法人股東指派董事/監察人),F118010 資訊軟體批發業；F199990 其他批發業；F218010 資訊軟體零售業；F299990 其他零售業；I401010 一般廣告服務業；I401020 廣告傳單分送業；I301010 資訊軟體服務業；F401010 國際貿易業；J202010 產業育成業；JB01010 會議及展覽服務業,臺北市,變更,11505
00021310,銳誠國際驗證有限公司,臺北市萬華區廣州街21號1樓,許乃瑛,500000,113/11/12,115/05/21,股東出資轉讓修正章程,F113070 電信器材批發業；F118010 資訊軟體批發業；F119010 電子材料批發業；F218010 資訊軟體零售業；F219010 電子材料零售業；F401010 國際貿易業；I301010 資訊軟體服務業；I301020 資料處理服務業；I301030 電子資訊供應服務業；I501010 產品設計業,臺北市,變更,11505
00026899,新千歲科技股份有限公司,臺北市中山區復興北路178號11樓,李佳旻,200000,113/12/02,115/05/13,特殊補正,F399040 無店面零售業；F106060 寵物食品及其用品批發業；F206050 寵物食品及其用品零售業；F401010 國際貿易業；F202010 飼料零售業；F103010 飼料批發業；F106020 日常用品批發業；F206020 日常用品零售業；F109070 文教、樂器、育樂用品批發業；F209060 文教、樂器、育樂用品零售業,臺北市,變更,11505
00031128,美好悠境電力投資股份有限公司,臺北市松山區民權東路3段142號15樓之4,林秀玲,1000000,113/09/23,115/05/20,特殊補正,H201010 一般投資業；ZZ99999 除許可業務外，得經營法令非禁止或限制之業務,臺北市,變更,11505
00032626,卡蒂家的貓有限公司,臺北市大同區延平北路2段168號,賴虹,400000,113/12/25,115/05/15,分公司廢止,F106060 寵物食品及其用品批發業；F206050 寵物食品及其用品零售業；F201081 特定寵物零售業；JB01010 會議及展覽服務業；ZZ99999 除許可業務外，得經營法令非禁止或限制之業務,臺北市,變更,11505
00033483,沐旺有限公司,臺北市中山區民生東路1段42號3樓之1,葉樹春,1000000,113/10/17,115/05/04,特殊補正,H201010 一般投資業；I401010 一般廣告服務業；F401010 國際貿易業；I501010 產品設計業；I199990 其他顧問服務業；J503040 廣播電視廣告業；I103060 管理顧問業；IZ99990 其他工商服務業；JB01010 會議及展覽服務業；F399990 其他綜合零售業,臺北市,變更,11505
00034666,明語科技股份有限公司,臺北市大安區復興南路1段352號2樓,石仲玄,6000000,113/08/20,115/05/22,特殊補正,F113070 電信器材批發業；F213060 電信器材零售業；F113050 電腦及事務性機器設備批發業；F213030 電腦及事務性機器設備零售業；E605010 電腦設備安裝業；E701040 簡易電信設備安裝業；CC01120 資料儲存媒體製造及複製業；IE01010 電信業務門號代辦業；JZ99990 未分類其他服務業；IZ99990 其他工商服務業,臺北市,變更,11505
00039992,泌密會客室股份有限公司,臺北市中山區松江路276號3樓之1,羅詩修,300000,113/08/23,115/05/04,改選董事/監察人(一人法人股東指派董事/監察人),F102170 食品什貨批發業；F103010 飼料批發業；F106020 日常用品批發業；F106030 模具批發業；F106060 寵物食品及其用品批發業；F107030 清潔用品批發業；F107040 農藥批發業；F107050 肥料批發業；F107070 動物用藥品批發業；F107080 環境用藥批發業,臺北市,變更,11505
00040576,永祿投資有限公司,臺北市信義區松德路18號4樓,詹龍泉,5500000,113/08/21,115/05/21,特殊補正,H201010 一般投資業,臺北市,變更,11505
00040962,佑佳投資有限公司,臺北市信義區松德路18號4樓,霍玲玲,8800000,113/08/29,115/05/18,公司所在地,H201010 一般投資業,臺北市,變更,11505
00043779,佳美生醫科技有限公司,臺北市大安區新生南路1段143巷9號1樓,陳宥融,1000000,113/08/19,115/05/21,特殊補正,F102170 食品什貨批發業；F203010 食品什貨、飲料零售業；F401010 國際貿易業；IG01010 生物技術服務業；JZ99050 仲介服務業；F107200 化學原料批發業；F207200 化學原料零售業；F101130 蔬果批發業；F201010 農產品零售業；F399040 無店面零售業,臺北市,變更,11505
00045306,正光自動化有限公司,臺北市松山區南京東路3段287號14樓,鄭祐欣,36000000,113/11/12,115/05/18,特殊補正,CB01010 機械設備製造業；CC01010 發電、輸電、配電機械製造業；CC01030 電器及視聽電子產品製造業；CC01080 電子零組件製造業；F106010 五金批發業；F113010 機械批發業；F113020 電器批發業；F113030 精密儀器批發業；F119010 電子材料批發業；F213010 電器零售業,臺北市,變更,11505
00047439,宏生貴有限公司,臺北市大安區光復南路102號4樓,李宜芳,100000,113/12/18,115/05/25,特殊補正,E801010 室內裝潢業；F105050 家具、寢具、廚房器具、裝設品批發業；F205040 家具、寢具、廚房器具、裝設品零售業；F401010 國際貿易業；I103060 管理顧問業；I503010 景觀設計業；I599990 其他設計業；I401010 一般廣告服務業；ZZ99999 除許可業務外，得經營法令非禁止或限制之業務,臺北市,變更,11505
00050264,飛來速科技股份有限公司,臺北市中山區南京東路1段15號3樓之2,KIM MOK CHAN,5000000,113/12/20,115/05/15,特殊補正,I701011 就業服務業；I103060 管理顧問業；I301010 資訊軟體服務業；I301020 資料處理服務業；I301030 電子資訊供應服務業；I401010 一般廣告服務業；IZ12010 人力派遣業；ZZ99999 除許可業務外，得經營法令非禁止或限制之業務,臺北市,變更,11505
00051643,鼎麗顧問有限公司,臺北市中山區中山北路2段45巷11號6樓,吳鑫謙,11650000,113/08/29,115/05/25,特殊補正,I101090 食品顧問業；I102010 一般投資顧問業；I103060 管理顧問業；I105010 藝術品諮詢顧問業；I199990 其他顧問服務業；I401010 一般廣告服務業；I501010 產品設計業；I599990 其他設計業；I301010 資訊軟體服務業；I301030 電子資訊供應服務業,臺北市,變更,11505
00055681,正陀生技股份有限公司,臺北市中正區忠孝東路1段176號5樓之1,吳志中,30000000,113/12/18,115/05/06,特殊補正,F102170 食品什貨批發業；F203010 食品什貨、飲料零售業；F401010 國際貿易業；F108040 化粧品批發業；F208040 化粧品零售業；IG01010 生物技術服務業；IG02010 研究發展服務業；F113030 精密儀器批發業；I301020 資料處理服務業；CE01010 一般儀器製造業,臺北市,變更,11505
00058580,蘅熙有限公司,臺北市中山區民族東路2號3樓之1,張哲豪,180000,113/08/20,115/05/14,股東出資轉讓修正章程,F102040 飲料批發業；F102170 食品什貨批發業；F104110 布疋、衣著、鞋、帽、傘、服飾品批發業；F106020 日常用品批發業；F107030 清潔用品批發業；F108040 化粧品批發業；F203010 食品什貨、飲料零售業；F204110 布疋、衣著、鞋、帽、傘、服飾品零售業；F206020 日常用品零售業；F207030 清潔用品零售業,臺北市,變更,11505
00059498,金姞投資有限公司,臺北市內湖區瑞光路408號6樓之5,林紫姞,3240000,114/02/21,115/05/28,補繳規費,H201010 一般投資業,臺北市,變更,11505
00060869,妍妍時尚有限公司,臺北市大同區長安西路106號4樓之1,黃國威,3000000,114/02/11,115/05/19,增資,F104110 布疋、衣著、鞋、帽、傘、服飾品批發業；F105050 家具、寢具、廚房器具、裝設品批發業；F106020 日常用品批發業；F108040 化粧品批發業；F109070 文教、樂器、育樂用品批發業；F110010 鐘錶批發業；F110020 眼鏡批發業；F115010 首飾及貴金屬批發業；F204110 布疋、衣著、鞋、帽、傘、服飾品零售業；F205040 家具、寢具、廚房器具、裝設品零售業,臺北市,變更,11505
00062888,藝居租賃有限公司,臺北市中正區新生南路1段138之1號4樓之1,陳宗賢,500000,113/11/13,115/05/22,特殊補正,H706011 租賃住宅代管業；H706021 租賃住宅包租業；H701010 住宅及大樓開發租售業；H701020 工業廠房開發租售業；E801010 室內裝潢業；E901010 油漆工程業；I102010 一般投資顧問業；I103060 管理顧問業；I199990 其他顧問服務業；I503010 景觀、室內設計業,臺北市,變更,11505
00062965,棋麟實業有限公司,臺北市內湖區內湖路1段356號8樓,吳孟昊,28100000,114/03/03,115/05/06,票據兌現/他機關函復/補正,CC01040 照明設備製造業；CC01080 電子零組件製造業；E601020 電器安裝業；E603090 照明設備安裝工程業；E801010 室內裝潢業；E801030 室內輕鋼架工程業；F106010 五金批發業；F106020 日常用品批發業；F106040 水器材料批發業；F109070 文教、樂器、育樂用品批發業,臺北市,變更,11505
00064648,金義合資產管理股份有限公司,臺北市萬華區康定路279號1樓,陳欽仁,58800000,113/09/19,115/05/04,特殊補正,F203010 食品什貨、飲料零售業；F399990 其他綜合零售業；F501030 飲料店業；F501060 餐館業；F501990 其他餐飲業；H701010 住宅及大樓開發租售業；H703090 不動產買賣業；H703100 不動產租賃業；J601010 藝文服務業；J602010 演藝活動業,臺北市,變更,11505
00067477,壹誼國際有限公司,臺北市大安區忠孝東路4段300號5樓,陳彥廷,500000,113/10/11,115/05/21,特殊補正,ZZ99999 除許可業務外，得經營法令非禁止或限制之業務；F102170 食品什貨批發業；F106020 日常用品批發業；F108040 化粧品批發業；F115010 首飾及貴金屬批發業；F199990 其他批發業；F206020 日常用品零售業；F203010 食品什貨、飲料零售業；F215010 首飾及貴金屬零售業；F299990 其他零售業,臺北市,變更,11505
00081061,日商阿比旅步股份有限公司,臺北市中山區南京東路1段15號3樓,青山悠太,1000000,113/11/04,115/05/15,改派在中華民國境內負責人變更登記,F401010 國際貿易業；F399040 無店面零售業；I301010 資訊軟體服務業；I301020 資料處理服務業；I103060 管理顧問業；I301060 網路廣告平臺業；I401010 一般廣告服務業；I301030 電子資訊供應服務業；E605010 電腦設備安裝業；F113050 電腦及事務性機器設備批發業,臺北市,變更,11505
00092291,碩鋒國際股份有限公司,臺北市內湖區瑞光路583巷24號7樓,金珉基,10000000,113/10/24,115/05/26,特殊補正,F113050 電腦及事務性機器設備批發業；F213030 電腦及事務性機器設備零售業；F118010 資訊軟體批發業；F218010 資訊軟體零售業；F113020 電器批發業；F213010 電器零售業；F401010 國際貿易業；F119010 電子材料批發業；F219010 電子材料零售業；F113070 電信器材批發業,臺北市,變更,11505
00092503,創兆娛樂有限公司,臺北市大安區敦化南路2段98號2樓,游博綸,1000000,114/02/20,115/05/18,申登機關變更（遷入，含卷）,F299990 其他零售業；F399040 無店面零售業；F601010 智慧財產權業；I301030 電子資訊供應服務業；I401010 一般廣告服務業；J305010 有聲出版業；JZ99990 未分類其他服務業；JZ99050 仲介服務業；ZZ99999 除許可業務外，得經營法令非禁止或限制之業務,臺北市,變更,11505
00093019,植覺療癒有限公司,臺北市松山區南京東路5段188號6樓之5,楊惠婷,500000,113/09/12,115/05/19,股東出資轉讓修正章程,F102170 食品什貨批發業；F107030 清潔用品批發業；F108040 化粧品批發業；F115010 首飾及貴金屬批發業；F199990 其他批發業；F203010 食品什貨、飲料零售業；F207030 清潔用品零售業；F208040 化粧品零售業；F215010 首飾及貴金屬零售業；F299990 其他零售業,臺北市,變更,11505
00101448,鼎豐貳號創投股份有限公司,臺北市中正區忠孝東路1段76號10樓之1,方翰瑋,78770000,113/11/11,115/05/11,特殊補正,H201010 一般投資業；H202010 創業投資業；H701010 住宅及大樓開發租售業；H701020 工業廠房開發租售業；H701050 投資興建公共建設業；H702010 建築經理業；H703090 不動產買賣業；H703100 不動產租賃業；HZ99990 其他金融、保險及不動產業；ZZ99999 除許可業務外，得經營法令非禁止或限制之業務,臺北市,變更,11505
00102116,台灣駿河屋股份有限公司,臺北市內湖區瑞光路258巷55號4樓,帖佐勇志,10000000,113/09/30,115/05/14,特殊補正,F102040 飲料批發業；F102170 食品什貨批發業；F104110 布疋、衣著、鞋、帽、傘、服飾品批發業；F105050 家具、寢具、廚房器具、裝設品批發業；F106010 五金批發業；F106020 日常用品批發業；F109070 文教、樂器、育樂用品批發業；F110010 鐘錶批發業；F113010 機械批發業；F113020 電器批發業,臺北市,變更,11505
00105887,朗旭投資有限公司,臺北市內湖區瑞光路408號6樓之5,林子旭,3240000,114/02/21,115/05/27,補繳規費,H201010 一般投資業,臺北市,變更,11505
00106561,齊方物業有限公司,臺北市信義區松隆路245號2樓,張志成,1000000,113/12/13,115/05/19,特殊補正,H706011 租賃住宅代管業；H706021 租賃住宅包租業；H703090 不動產買賣業；H703100 不動產租賃業；I301010 資訊軟體服務業；I301020 資料處理服務業；I301030 電子資訊供應服務業；I401010 一般廣告服務業；I401020 廣告傳單分送業；JZ99050 仲介服務業,臺北市,變更,11505
00114957,唐傑人力資源有限公司,臺北市大安區敦化南路2段77號22樓,江榮慶,5000000,113/11/14,115/05/27,特殊補正,I103060 管理顧問業；I701011 就業服務業；IZ12010 人力派遣業；IZ99990 其他工商服務業；ZZ99999 除許可業務外，得經營法令非禁止或限制之業務,臺北市,變更,11505
00117764,水球球特務有限公司,臺北市大安區復興南路1段352號2樓,潘冠辰,1100000,113/11/01,115/05/22,改推董事/董事長,F399040 無店面零售業；J404010 動畫影片製作業；JB01010 會議及展覽服務業；F118010 資訊軟體批發業；F218010 資訊軟體零售業；F109070 文教、樂器、育樂用品批發業；F209060 文教、樂器、育樂用品零售業；F401010 國際貿易業；I401010 一般廣告服務業；J303010 雜誌（期刊）出版業,臺北市,變更,11505
00118031,安研和美股份有限公司,臺北市大安區仁愛路4段137號6樓之3,陳明輝,500000,113/11/14,115/05/19,特殊補正,F102170 食品什貨批發業；F104110 布疋、衣著、鞋、帽、傘、服飾品批發業；F106020 日常用品批發業；F107030 清潔用品批發業；F108040 化粧品批發業；F113030 精密儀器批發業；F113050 電腦及事務性機器設備批發業；F203010 食品什貨、飲料零售業；F204110 布疋、衣著、鞋、帽、傘、服飾品零售業；F206020 日常用品零售業,臺北市,變更,11505
00121774,禧志投資有限公司,臺北市信義區松隆路119之1號1樓,林志修,29700000,113/12/26,115/05/14,特殊補正,H201010 一般投資業,臺北市,變更,11505
00124667,葡園聖角股份有限公司,臺北市信義區忠孝東路4段521號14樓,朱怡靜,10000000,113/11/29,115/05/14,特殊補正,F102030 菸酒批發業；F102040 飲料批發業；F102050 茶葉批發業；F102170 食品什貨批發業；F104110 布疋、衣著、鞋、帽、傘、服飾品批發業；F105050 家具、寢具、廚房器具、裝設品批發業；F106020 日常用品批發業；F109070 文教、樂器、育樂用品批發業；F203010 食品什貨、飲料零售業；F203020 菸酒零售業,臺北市,變更,11505
00128093,安居科技傳媒有限公司,臺北市松山區復興南路1段45號5樓,包勇,300000,114/02/08,115/05/25,公司所在地,F102050 茶葉批發業；F102170 食品什貨批發業；F104110 布疋、衣著、鞋、帽、傘、服飾品批發業；F105050 家具、寢具、廚房器具、裝設品批發業；F106010 五金批發業；F106020 日常用品批發業；F108040 化粧品批發業；F109070 文教、樂器、育樂用品批發業；F118010 資訊軟體批發業；F203010 食品什貨、飲料零售業,臺北市,變更,11505
00128158,印學國際股份有限公司,臺北市信義區基隆路1段159號16樓之2,倪夢麒,500000,113/12/03,115/05/28,公司外文名稱登記修正章程,JZ99050 仲介服務業；I103060 管理顧問業；ZZ99999 除許可業務外，得經營法令非禁止或限制之業務,臺北市,變更,11505
00128903,新加坡商百略醫學科技股份有限公司,臺北市內湖區瑞光路431號9樓,方頌和,500000,113/12/04,115/05/29,本公司董事及其他負責人變更,CE01010 一般儀器製造業；F113030 精密儀器批發業；F113070 電信器材批發業；CC01110 電腦及其週邊設備製造業；CC01990 其他電機及電子機械器材製造業；CC01100 電信管制射頻器材製造業；IG01010 生物技術服務業；F108031 醫療器材批發業；CF01011 醫療器材製造業,臺北市,變更,11505
00132076,碁元生物科技發展股份有限公司,臺北市中山區南京東路2段72號11樓,劉福運,10000000,114/01/14,115/05/11,特殊補正,F399040 無店面零售業；F401010 國際貿易業；F601010 智慧財產權業；I101090 食品顧問業；I102010 一般投資顧問業；I103060 管理顧問業；I199990 其他顧問服務業；I301010 資訊軟體服務業；I301020 資料處理服務業；I301030 電子資訊供應服務業,臺北市,變更,11505
00136018,緹澄醫材有限公司,臺北市信義區忠孝東路5段410號12樓之3,洪亮,300000,114/02/06,115/05/27,改推董事/董事長,F108031 醫療器材批發業；F108040 化粧品批發業；F401010 國際貿易業；F203010 食品什貨、飲料零售業；F208031 醫療器材零售業；F208040 化粧品零售業；I401010 一般廣告服務業；F208050 乙類成藥零售業；F207080 環境用藥零售業；F207030 清潔用品零售業,臺北市,變更,11505
00136262,厚品餐飲顧問有限公司,臺北市松山區光復南路46巷35號1樓,戴峻弘,100000,114/01/15,115/05/12,特殊補正,F203010 食品什貨、飲料零售業；F206030 模具零售業；F399040 無店面零售業；F401010 國際貿易業；F601010 智慧財產權業；I101090 食品顧問業；I103060 管理顧問業；I501010 產品設計業；I599990 其他設計業；F199990 其他批發業,臺北市,變更,11505
00138521,優迪克台灣股份有限公司,臺北市信義區松仁路100號7樓之1,Nelson John,5000000,113/11/06,115/05/04,特殊補正,I101100 航空顧問業；ZZ99999 除許可業務外，得經營法令非禁止或限制之業務,臺北市,變更,11505
00145543,淥淞有限公司,臺北市大安區信義路4段1號2樓,李咨蓉,100000,113/12/31,115/05/19,特殊補正,I103060 管理顧問業；IG03010 能源技術服務業；F401010 國際貿易業；IF04010 非破壞檢測業；I199990 其他顧問服務業；IZ99990 其他工商服務業；G407010 打撈業；G799990 其他運輸輔助業；F299990 其他零售業；I401010 一般廣告服務業,臺北市,變更,11505
00148295,陸風能源投資股份有限公司,臺北市中山區長安東路1段23號8樓之1,吳坤達,53500000,113/10/08,115/05/21,特殊補正,CC01010 發電、輸電、配電機械製造業；D101060 再生能源自用發電設備業；D401010 熱能供應業；F401010 國際貿易業；H201010 一般投資業；I102010 一般投資顧問業；I103060 管理顧問業；I199990 其他顧問服務業；IG03010 能源技術服務業；IG02010 研究發展服務業,臺北市,變更,11505
00149920,仙女星股份有限公司,臺北市中山區中山北路3段27號9樓之2,陳映彤,32250000,113/12/26,115/05/27,特殊補正,F102170 食品什貨批發業；F108040 化粧品批發業；F203010 食品什貨、飲料零售業；F208040 化粧品零售業；F102020 食用油脂批發業；F102040 飲料批發業；F104110 布疋、衣著、鞋、帽、傘、服飾品批發業；F105050 家具、寢具、廚房器具、裝設品批發業；F109070 文教、樂器、育樂用品批發業；F121010 食品添加物批發業,臺北市,變更,11505
00153108,新加坡商彩雀板有限公司,臺北市中正區忠孝東路一段152號12樓之5,HAJA NIZAMUDEEN,1000000,113/11/14,115/05/27,改派在中華民國境內負責人變更登記,F211010 建材零售業；F111090 建材批發業；F401010 國際貿易業；ZZ99999 除許可業務外，得經營法令非禁止或限制之業務,臺北市,變更,11505
00153917,拉普特電腦有限公司,臺北市中正區市民大道3段8號6樓5B號櫃位,梁詠善,13000000,113/10/29,115/05/26,增資,E605010 電腦設備安裝業；F113050 電腦及事務性機器設備批發業；F113070 電信器材批發業；F118010 資訊軟體批發業；F119010 電子材料批發業；F213010 電器零售業；F213030 電腦及事務性機器設備零售業；F213060 電信器材零售業；F218010 資訊軟體零售業；F219010 電子材料零售業,臺北市,變更,11505
00155176,佑衡股份有限公司,臺北市信義區信義路5段106號地下1樓,何美靖,1000000,113/11/01,115/05/28,特殊補正,F109070 文教、樂器、育樂用品批發業；F203010 食品什貨、飲料零售業；F204110 布疋、衣著、鞋、帽、傘、服飾品零售業；F205040 家具、寢具、廚房器具、裝設品零售業；F209060 文教、樂器、育樂用品零售業；F301010 百貨公司業；F401010 國際貿易業；F501030 飲料店業；F501060 餐館業；F601010 智慧財產權業,臺北市,變更,11505
00155990,拉普拉斯智能科技股份有限公司,臺北市中正區仁愛路2段25號5樓,林韋銘,100000,113/11/25,115/05/14,董事/監察人持股變動報備,I301010 資訊軟體服務業；I301020 資料處理服務業；I301030 電子資訊供應服務業；I103060 管理顧問業；I501010 產品設計業；IG02010 研究發展服務業；IZ13010 網路認證服務業；IG03010 能源技術服務業；E603050 自動控制設備工程業；E605010 電腦設備安裝業,臺北市,變更,11505
00157202,遠晟國際有限公司,臺北市大安區敦化南路1段205號2樓之5,蘇品倫,5000000,113/12/04,115/05/27,增資,E801010 室內裝潢業；E801020 門窗安裝工程業；E801040 玻璃安裝工程業；E901010 油漆工程業；E601010 電器承裝業；E603010 電纜安裝工程業；E603040 消防安全設備安裝工程業；E605010 電腦設備安裝業；E801030 室內輕鋼架工程業；E603100 電焊工程業,臺北市,變更,11505
00159882,寬股份有限公司,臺北市信義區東興路43號3樓,王凱蒂,5000000,113/12/18,115/05/25,董事/監察人持股變動報備,A102080 園藝服務業；C306010 成衣業；C307010 服飾品製造業；F102040 飲料批發業；F102050 茶葉批發業；F104110 布疋、衣著、鞋、帽、傘、服飾品批發業；F108040 化粧品批發業；F203010 食品什貨、飲料零售業；F204110 布疋、衣著、鞋、帽、傘、服飾品零售業；F205040 家具、寢具、廚房器具、裝設品零售業,臺北市,變更,11505
00160699,鈞顯有限公司,臺北市萬華區武昌街2段114號1樓,詹曜維,5000000,113/08/16,115/05/04,股東出資轉讓修正章程,F501050 飲酒店業；F501030 飲料店業；F501060 餐館業；F203010 食品什貨、飲料零售業；F203020 菸酒零售業；ZZ99999 除許可業務外，得經營法令非禁止或限制之業務,臺北市,變更,11505
00161971,墨葉有限公司,臺北市中正區羅斯福路1段10號6樓,葉裕廷,1000000,113/12/27,115/05/22,特殊補正,H201010 一般投資業,臺北市,變更,11505
00163611,日商三井住友租賃未來夥伴股份有限公司,臺北市信義區松仁路100號22樓,丸本幸司,3000000,114/02/27,115/05/04,改派在中華民國境內負責人變更登記,JE01010 租賃業；F113010 機械批發業；F113030 精密儀器批發業；F113990 其他機械器具批發業；F213040 精密儀器零售業；F213080 機械器具零售業；F213990 其他機械器具零售業；JA02990 其他修理業；E604010 機械安裝業；ZZ99999 除許可業務外，得經營法令非禁止或限制之業務,臺北市,變更,11505
00164105,瑜廷科技股份有限公司,臺北市中正區衡陽路36號8樓之1,葉信宏,1000000,113/08/28,115/05/05,公司所在地,H201010 一般投資業,臺北市,變更,11505
00167320,新加坡商新電元有限公司,臺北市中山區松江路126號3樓之1,野尻陽平,5000000,113/12/30,115/05/20,本公司董事及其他負責人變更,F119010 電子材料批發業；F219010 電子材料零售業；F401010 國際貿易業；I103060 管理顧問業；ZZ99999 除許可業務外，得經營法令非禁止或限制之業務,臺北市,變更,11505
00169919,雲盛科技股份有限公司,臺北市內湖區瑞光路76巷16號6樓之1,王聖棻,10000000,113/08/23,115/05/15,票據兌現/他機關函復/補正,F118010 資訊軟體批發業；F119010 電子材料批發業；F208040 化粧品零售業；F209060 文教、樂器、育樂用品零售業；F213030 電腦及事務性機器設備零售業；F213060 電信器材零售業；F218010 資訊軟體零售業；F219010 電子材料零售業；F401010 國際貿易業；F601010 智慧財產權業,臺北市,變更,11505
00170471,咏富企業有限公司,臺北市萬華區忠孝西路2段20號3樓,詹博森,50000,113/11/28,115/05/04,特殊補正,E599010 配管工程業；E601020 電器安裝業；E603010 電纜安裝工程業；E603050 自動控制設備工程業；E603090 照明設備安裝工程業；E701040 簡易電信設備安裝業；E801010 室內裝潢業；E801020 門窗安裝工程業；E801030 室內輕鋼架工程業；E801040 玻璃安裝工程業,臺北市,變更,11505
00172490,富旺望有限公司,臺北市中山區南京東路3段201號9樓,胡莉莉,20200000,113/11/11,115/05/04,公司所在地,H201010 一般投資業,臺北市,變更,11505
00174526,台灣康富美精準生醫有限公司,臺北市大安區忠孝東路4段311號7樓之1,荊通,660000,113/09/23,115/05/21,特殊補正,F108040 化粧品批發業；F102170 食品什貨批發業；F208050 乙類成藥零售業；F102020 食用油脂批發業；I101090 食品顧問業；ZZ99999 除許可業務外，得經營法令非禁止或限制之業務,臺北市,變更,11505
00175193,源智匯股份有限公司,臺北市萬華區西園路1段200號10樓之1,陳貴成,15566730,113/09/24,115/05/06,特殊補正,E601010 電器承裝業；E601020 電器安裝業；E603050 自動控制設備工程業；E605010 電腦設備安裝業；F113050 電腦及事務性機器設備批發業；F118010 資訊軟體批發業；F119010 電子材料批發業；F401010 國際貿易業；F601010 智慧財產權業；I103060 管理顧問業,臺北市,變更,11505
00178121,曦引礫創意有限公司,臺北市松山區健康路308號,林家韋,100000,113/10/09,115/05/18,公司所在地,F399040 無店面零售業；F215020 礦石零售業；F205040 家具、寢具、廚房器具、裝設品零售業；I501010 產品設計業；F115020 礦石批發業；F105050 家具、寢具、廚房器具、裝設品批發業；F104110 布疋、衣著、鞋、帽、傘、服飾品批發業；F204110 布疋、衣著、鞋、帽、傘、服飾品零售業；F106050 陶瓷玻璃器皿批發業；F106020 日常用品批發業,臺北市,變更,11505
00179260,山川創意有限公司,臺北市松山區南京東路3段258號10樓,鄭旨岑,1000000,113/09/11,115/05/11,公司所在地,F399040 無店面零售業；I501010 產品設計業；JB01010 會議及展覽服務業；F106020 日常用品批發業；F206020 日常用品零售業；F109070 文教、樂器、育樂用品批發業；F209060 文教、樂器、育樂用品零售業；F104110 布疋、衣著、鞋、帽、傘、服飾品批發業；F204110 布疋、衣著、鞋、帽、傘、服飾品零售業；F105050 家具、寢具、廚房器具、裝設品批發業,臺北市,變更,11505
00183877,幸仁投資有限公司,臺北市內湖區瑞光路408號6樓之5,林知希,3240000,114/02/27,115/05/28,補繳規費,H201010 一般投資業,臺北市,變更,11505
00184377,超級布魯科技股份有限公司,臺北市大安區復興南路1段122巷10號2樓之66,藍惇悅,5000000,114/02/18,115/05/14,申登機關變更（遷入，含卷）,F113020 電器批發業；F113030 精密儀器批發業；F113050 電腦及事務性機器設備批發業；F118010 資訊軟體批發業；F119010 電子材料批發業；F213010 電器零售業；F213030 電腦及事務性機器設備零售業；F213040 精密儀器零售業；F218010 資訊軟體零售業；F219010 電子材料零售業,臺北市,變更,11505
00185679,祺富合利股份有限公司,臺北市內湖區行善路397號4樓之2,陳柏助,38000000,113/10/22,115/05/04,特殊補正,F601010 智慧財產權業；H201010 一般投資業；H202010 創業投資業；I102010 一般投資顧問業；I103060 管理顧問業；I199990 其他顧問服務業；I501010 產品設計業；J202010 產業育成業；ZZ99999 除許可業務外，得經營法令非禁止或限制之業務,臺北市,變更,11505
00186749,基瓦諾國際股份有限公司,臺北市士林區中山北路5段478號8樓,許志榮,29900000,114/02/08,115/05/06,改選董事/監察人(一人法人股東指派董事/監察人),E801010 室內裝潢業；F111090 建材批發業；F109070 文教、樂器、育樂用品批發業；F209060 文教、樂器、育樂用品零售業；F401010 國際貿易業；H701010 住宅及大樓開發租售業；H701020 工業廠房開發租售業；H701040 特定專業區開發業；H701050 投資興建公共建設業；H701060 新市鎮、新社區開發業,臺北市,變更,11505
00187070,子發科技工程有限公司,臺北市大安區信義路4段26號5樓之1,王聰堯,1500000,114/01/08,115/05/04,股東出資轉讓修正章程,E102011 土木包工業；F106010 五金批發業；F111090 建材批發業；F206010 五金零售業；F211010 建材零售業；I503010 景觀、室內設計業；H701010 住宅及大樓開發租售業；H701020 工業廠房開發租售業；H701060 新市鎮、新社區開發業；E801010 室內裝潢業,臺北市,變更,11505
00187992,感質創意股份有限公司,臺北市大安區信義路4段1號2樓,翁思盈,2000000,113/08/26,115/05/19,補繳規費,I401010 一般廣告服務業；I501010 產品設計業；JB01010 會議及展覽服務業；J303010 雜誌（期刊）出版業；I199990 其他顧問服務業；J601010 藝文服務業；I103060 管理顧問業；ZZ99999 除許可業務外，得經營法令非禁止或限制之業務,臺北市,變更,11505
00189289,祖德興科技有限公司,臺北市士林區忠誠路1段100巷15弄1號,范椒媛,500000,113/09/24,115/05/25,特殊補正,F113010 機械批發業；F118010 資訊軟體批發業；F401010 國際貿易業；C701010 印刷業；C703010 印刷品裝訂及加工業；CC01080 電子零組件製造業；CC01120 資料儲存媒體製造及複製業；IG01010 生物技術服務業；IZ06010 理貨包裝業；ZZ99999 除許可業務外，得經營法令非禁止或限制之業務,臺北市,變更,11505
00192926,璟曜投資股份有限公司,臺北市內湖區洲子街79號9樓,曾品翔,3000000,113/11/28,115/05/06,改選董事/監察人(一人法人股東指派董事/監察人),H201010 一般投資業；ZZ99999 除許可業務外，得經營法令非禁止或限制之業務,臺北市,變更,11505
00193447,毛毛蟲科技有限公司,臺北市內湖區瑞光路583巷32號7樓,許慈君,9000000,113/08/29,115/05/14,公司所在地,F113050 電腦及事務性機器設備批發業；F113070 電信器材批發業；F118010 資訊軟體批發業；F213030 電腦及事務性機器設備零售業；F213060 電信器材零售業；F218010 資訊軟體零售業；F401010 國際貿易業；I102010 一般投資顧問業；I103060 管理顧問業；I301010 資訊軟體服務業,臺北市,變更,11505
00195254,穗利有限公司,臺北市中正區汀州路3段213號1樓,劉志鵬,500000,113/11/04,115/05/06,股東出資轉讓修正章程,F501060 餐館業；F101040 家畜家禽批發業；F101050 水產品批發業；F101130 蔬果批發業；F101990 其他農、畜、水產品批發業；F102040 飲料批發業；F102170 食品什貨批發業；F104110 布疋、衣著、鞋、帽、傘、服飾品批發業；F105050 家具、寢具、廚房器具、裝設品批發業；F106020 日常用品批發業,臺北市,變更,11505
00196726,明星療癒有限公司,臺北市信義區永吉路177號12樓之1,吳星曆,200000,114/03/04,115/05/25,公司所在地,F102040 飲料批發業；F102050 茶葉批發業；F102170 食品什貨批發業；F107030 清潔用品批發業；F108040 化粧品批發業；F203010 食品什貨、飲料零售業；F207030 清潔用品零售業；F208040 化粧品零售業；F207990 其他化學製品零售業；F213990 其他機械器具零售業,臺北市,變更,11505
00197008,宏崴資訊服務有限公司,臺北市南港區玉成街66之10號,李驀,500000,114/01/22,115/05/12,股東出資轉讓修正章程,F109070 文教、樂器、育樂用品批發業；F209060 文教、樂器、育樂用品零售業；CC01110 電腦及其週邊設備製造業；F113050 電腦及事務性機器設備批發業；F213030 電腦及事務性機器設備零售業；I301010 資訊軟體服務業；F118010 資訊軟體批發業；F218010 資訊軟體零售業；I301030 電子資訊供應服務業；CC01080 電子零組件製造業,臺北市,變更,11505
00201875,德訊環球股份有限公司,臺北市內湖區文湖街2號7樓,Khoo See Kiang,5000000,113/12/19,115/05/07,特殊補正,E606010 用電設備檢驗維護業；D101060 再生能源自用發電設備業；IG03010 能源技術服務業；E701010 電信工程業；E701030 電信管制射頻器材裝設工程業；F213060 電信器材零售業；E599010 配管工程業；E603010 電纜安裝工程業；E603040 消防安全設備安裝工程業；E603050 自動控制設備工程業,臺北市,變更,11505
00202121,美商渴望智能販賣機股份有限公司,臺北市中正區中華路一段9巷15號,陳柏烟,6000000,113/12/23,115/05/22,一般補正案,F203010 食品什貨、飲料零售業；F501030 飲料店業；F501060 餐館業；F102040 飲料批發業；F102170 食品什貨批發業；F113010 機械批發業；F113020 電器批發業；F113990 其他機械器具批發業；F213010 電器零售業；F213080 機械器具零售業,臺北市,變更,11505
00205112,確克行銷整合有限公司,臺北市文山區羅斯福路6段455巷2號8樓之2,,100000,114/03/03,115/05/28,解散,I103060 管理顧問業；I199990 其他顧問服務業；I301060 網路廣告平臺業；I401010 一般廣告服務業；I301030 電子資訊供應服務業；I301020 資料處理服務業；I301010 資訊軟體服務業；I599990 其他設計業；IZ01010 影印業；IZ02010 打字業,臺北市,變更,11505
00205751,海盛發電股份有限公司,臺北市信義區三張里信義路五段108號10樓,林雍堯,10088456600,114/02/27,115/05/27,發行新股,D101011 發電業；F401010 國際貿易業,臺北市,變更,11505
00207110,育立創業投資股份有限公司,臺北市大安區復興南路1段243號6樓之1,林禹伸,3000000,113/09/03,115/05/13,公司所在地,F401010 國際貿易業；H201010 一般投資業；H202010 創業投資業；H703090 不動產買賣業；H703100 不動產租賃業；I102010 一般投資顧問業；I103060 管理顧問業；I199990 其他顧問服務業；IZ99990 其他工商服務業；ZZ99999 除許可業務外，得經營法令非禁止或限制之業務,臺北市,變更,11505
00214512,享最最有限公司,臺北市松山區饒河街215號1樓,何儒亞,2000000,113/11/28,115/05/19,補繳規費,F501030 飲料店業；F501060 餐館業；F501990 其他餐飲業；F203010 食品什貨、飲料零售業；F102040 飲料批發業；F203020 菸酒零售業；F102030 菸酒批發業；F501050 飲酒店業；ZZ99999 除許可業務外，得經營法令非禁止或限制之業務,臺北市,變更,11505
00215580,沅視角創意有限公司,臺北市南港區南港路1段216號3樓,闕沛淳,1000000,113/10/11,115/05/26,公司所在地,J503010 廣播節目製作業；JB01010 會議及展覽服務業；E801010 室內裝潢業；I401010 一般廣告服務業；I501010 產品設計業；I103060 管理顧問業；F401010 國際貿易業；J601010 藝文服務業；J602010 演藝活動業；I105010 藝術品諮詢顧問業,臺北市,變更,11505
00219100,壹零柒柒有限公司,臺北市中山區民族東路60號1樓,王竣祺,8100000,114/03/04,115/05/07,特殊補正,F106010 五金批發業；F206010 五金零售業；F214010 汽車零售業；F114030 汽、機車零件配備批發業；JZ99050 仲介服務業；F114010 汽車批發業；F114020 機車批發業；F114040 自行車及其零件批發業；F114050 車胎批發業；F214020 機車零售業,臺北市,變更,11505
00226003,盛和不動產股份有限公司,臺北市大同區民生西路105號2樓,劉睿杰,7000000,113/11/22,115/05/22,特殊補正,E801010 室內裝潢業；E801020 門窗安裝工程業；E801030 室內輕鋼架工程業；E801070 廚具、衛浴設備安裝工程業；E901010 油漆工程業；E903010 防蝕、防銹工程業；EZ99990 其他工程業；F203010 食品什貨、飲料零售業；F218010 資訊軟體零售業；F401010 國際貿易業,臺北市,變更,11505
00227684,智百特股份有限公司,臺北市內湖區新湖三路167號6樓,邰中和,300000000,113/10/24,115/05/22,改派董事/監察人,IG02010 研究發展服務業；F401010 國際貿易業；I301030 電子資訊供應服務業；IE01010 電信業務門號代辦業；E605010 電腦設備安裝業；F113070 電信器材批發業；CC01110 電腦及其週邊設備製造業；CC01120 資料儲存媒體製造及複製業；E701010 電信工程業；E701030 電信管制射頻器材裝設工程業,臺北市,變更,11505
00231505,靖羿股份有限公司,臺北市萬華區萬大路424巷3弄12號1樓,葉子瑜,4000000,113/10/14,115/05/11,特殊補正,D101060 再生能源自用發電設備業；D401010 熱能供應業；E599010 配管工程業；E601010 電器承裝業；E601020 電器安裝業；E603040 消防安全設備安裝工程業；E603050 自動控制設備工程業；E603090 照明設備安裝工程業；E603100 電焊工程業；E603110 冷作工程業,臺北市,變更,11505
00238275,毅仁管理顧問有限公司,臺北市中山區民生東路1段27巷15號2樓,陳逸仁,5500000,113/10/16,115/05/26,特殊補正,J399010 軟體出版業；I301010 資訊軟體服務業；F118010 資訊軟體批發業；F218010 資訊軟體零售業；F399040 無店面零售業；F401010 國際貿易業；I401010 一般廣告服務業；J303010 雜誌（期刊）出版業；J304010 圖書出版業；J305010 有聲出版業,臺北市,變更,11505
00238346,美賣餐飲顧問有限公司,臺北市大安區敦化南路2段10號1樓,鄭志韋,3000000,113/12/12,115/05/04,股東出資轉讓修正章程,F203010 食品什貨、飲料零售業；F203020 菸酒零售業；F401010 國際貿易業；F501030 飲料店業；F501050 飲酒店業；F501060 餐館業；I101090 食品顧問業；I103060 管理顧問業；I199990 其他顧問服務業；F118010 資訊軟體批發業,臺北市,變更,11505
00240053,搜秋行銷顧問有限公司,臺北市大安區忠孝東路3段214號14樓,何佩軒,100000,114/01/08,115/05/14,特殊補正,I103060 管理顧問業；I199990 其他顧問服務業；I301060 網路廣告平臺業；I401010 一般廣告服務業；F203010 食品什貨、飲料零售業；F601010 智慧財產權業；ZZ99999 除許可業務外，得經營法令非禁止或限制之業務,臺北市,變更,11505
00240862,唐傑有限公司,臺北市大安區敦化南路2段77號22樓,江榮慶,500000,113/11/14,115/05/27,特殊補正,I301010 資訊軟體服務業；I301020 資料處理服務業；ZZ99999 除許可業務外，得經營法令非禁止或限制之業務,臺北市,變更,11505
00242616,爪哇資訊有限公司,臺北市中山區民生東路1段72號2樓之2,楊文和,200000,113/12/16,115/05/20,特殊補正,ZZ99999 除許可業務外，得經營法令非禁止或限制之業務；E605010 電腦設備安裝業；F113070 電信器材批發業；E701010 電信工程業；I301010 資訊軟體服務業；E601020 電器安裝業；I301020 資料處理服務業；F118010 資訊軟體批發業；E601010 電器承裝業；E603050 自動控制設備工程業,臺北市,變更,11505
00242783,創世紀貳號生技股份有限公司,臺北市中山區南京東路2段101號9樓,曾盟斌,100000,113/11/15,115/05/21,特殊補正,H201010 一般投資業；H202010 創業投資業；H204010 私募股權投資業；H701010 住宅及大樓開發租售業；H701020 工業廠房開發租售業；H701050 投資興建公共建設業；H701060 新市鎮、新社區開發業；H701070 區段徵收及市地重劃代辦業；H701090 都市更新整建維護業；H703090 不動產買賣業,臺北市,變更,11505
00244065,家禾設計有限公司,臺北市松山區敦化北路222巷18弄1號,連貞閔,200000,113/09/11,115/05/21,公司所在地,A101020 農作物栽培業；A101050 花卉栽培業；A102080 園藝服務業；C701010 印刷業；C901010 陶瓷及陶瓷製品製造業；C901020 玻璃及玻璃製品製造業；CP01010 手工具製造業；F101100 花卉批發業；F101130 蔬果批發業；F102030 菸酒批發業,臺北市,變更,11505
00253211,稑燾智能有限公司,臺北市中正區忠孝東路1段152號10樓之2,周祐誩,100000,113/12/25,115/05/08,特殊補正,CC01080 電子零組件製造業；CC01110 電腦及其週邊設備製造業；CC01120 資料儲存媒體製造及複製業；CC01990 其他電機及電子機械器材製造業；E605010 電腦設備安裝業；I102010 一般投資顧問業；I103060 管理顧問業；I199990 其他顧問服務業；I301010 資訊軟體服務業；I301020 資料處理服務業,臺北市,變更,11505
00422000,臺陽股份有限公司,臺北市大安區新生南路3段4號3樓,顏惠哲,90000000,39/03/16,115/05/27,改選董事/監察人(一人法人股東指派董事/監察人),A201040 森林遊樂區經營業；B101010 煤礦業；B102010 石油及天然氣礦業；B201010 金屬礦業；B202010 非金屬礦業；B601010 土石採取業；C110010 飲料製造業；CA01030 鋼鐵鑄造業；CA01070 廢車船解體及廢鋼鐵五金處理業；D401010 熱能供應業,臺北市,變更,11505
01071495,熙旺實業股份有限公司,臺北市大安區復興南路1段380號12樓之1,張斌煉,20000000,74/07/25,115/05/19,改選董事/監察人(一人法人股東指派董事/監察人),H201010 一般投資業；F401010 國際貿易業；H703100 不動產租賃業；ZZ99999 除許可業務外，得經營法令非禁止或限制之業務,臺北市,變更,11505
01189712,美伊娜多股份有限公司,臺北市南港區八德路4段768巷7號5樓之1,詹嘉玲,29000000,74/11/18,115/05/28,改選董事/監察人(一人法人股東指派董事/監察人),C802100 化粧品製造業；C802110 化粧品色素製造業；F108040 化粧品批發業；F208040 化粧品零售業；F107030 清潔用品批發業；F207030 清潔用品零售業；F102170 食品什貨批發業；F203010 食品什貨、飲料零售業；F102040 飲料批發業；F102050 茶葉批發業,臺北市,變更,11505
01515033,明淵股份有限公司,臺北市松山區南京東路3段311號11樓,王自展,29030000,74/11/01,115/05/13,董事/監察人持股變動報備,F106010 五金批發業；F106020 日常用品批發業；F106050 陶瓷玻璃器皿批發業；F107030 清潔用品批發業；F113050 電腦及事務性機器設備批發業；F114030 汽、機車零件配備批發業；F206010 五金零售業；F206020 日常用品零售業；F207030 清潔用品零售業；F213030 電腦及事務性機器設備零售業,臺北市,變更,11505
01979785,中麟營造股份有限公司,臺北市信義區忠孝東路四段560號2樓、2樓之1、2樓之2、2樓之3,王中平,2100000000,74/07/05,115/05/22,增資(資本總額),E101011 綜合營造業；E501011 自來水管承裝商；E502010 燃料導管安裝工程業；E601010 電器承裝業；E601020 電器安裝業；E602011 冷凍空調工程業；E603040 消防安全設備安裝工程業；IF01010 消防安全設備檢修業；ZZ99999 除許可業務外，得經營法令非禁止或限制之業務,臺北市,變更,11505
03004509,九牧貿易股份有限公司,臺北市中正區忠孝東路2段100號3樓,林伯誠,1000000,54/06/02,115/05/14,公司所在地,,臺北市,變更,11505
03043101,三陽金屬工業股份有限公司,臺北市松山區復興北路57號3樓,顏瑛宗,158400000,54/08/04,115/05/20,改選董事/監察人(一人法人股東指派董事/監察人),CA02010 金屬結構及建築組件製造業；CA02990 其他金屬製品製造業；CR01010 瓦斯器材及其零件製造業；F106010 五金批發業；F111090 建材批發業；G801010 倉儲業；F401010 國際貿易業；H703100 不動產租賃業；ZZ99999 除許可業務外，得經營法令非禁止或限制之業務,臺北市,變更,11505
03077208,中國信託商業銀行股份有限公司,臺北市南港區經貿二路166、168、170、186、188號,陳佳文,171284526880,55/03/14,115/05/08,分公司經理人變更,H101021 商業銀行業；H301011 證券商；H102011 票券金融業；H601011 人身保險代理人；H601021 財產保險代理人,臺北市,變更,11505
03086001,中國電器股份有限公司,臺北市內湖區湖元里行善路124號2樓,廖銘輝,3227357420,44/06/11,115/05/28,改派董事/監察人,CC01030 電器及視聽電子產品製造業；F401010 國際貿易業；CZ99990 未分類其他工業製品製造業；C901010 陶瓷及陶瓷製品製造業；F113090 交通標誌器材批發業；F111090 建材批發業；H703090 不動產買賣業；H703100 不動產租賃業；CC01010 發電、輸電、配電機械製造業；CC01080 電子零組件製造業,臺北市,變更,11505
03098415,中華汽車工業股份有限公司,臺北市大安區敦化南路二段2號11樓,嚴陳莉蓮,5536203420,58/06/13,115/05/06,補繳規費,CA01090 鋁鑄造業；CB01010 機械設備製造業；CC01010 發電、輸電、配電機械製造業；CD01030 汽車及其零件製造業；CD01040 機車及其零件製造業；CD01050 自行車及其零件製造業；CC01090 電池製造業；CD01990 其他運輸工具及其零件製造業；CQ01010 模具製造業；E603050 自動控制設備工程業,臺北市,變更,11505
03221409,明正貿易股份有限公司,臺北市中山區南京東路2段124號8樓,張明順,32000000,68/04/30,115/05/08,改選董事/監察人(一人法人股東指派董事/監察人),F107020 染料、顏料批發業；F107170 工業助劑批發業；F107200 化學原料批發業；F119010 電子材料批發業；F401010 國際貿易業；ZZ99999 除許可業務外，得經營法令非禁止或限制之業務,臺北市,變更,11505
03222104,富帝國際股份有限公司,臺北市中山區中山北路2段77巷47號2樓,陳盛泉,196340810,42/04/28,115/05/28,特殊補正,CC01060 有線通信機械器材製造業；CC01070 無線通信機械器材製造業；CC01080 電子零組件製造業；CC01030 電器及視聽電子產品製造業；CB01020 事務機器製造業；CB01030 污染防治設備製造業；CA02010 金屬結構及建築組件製造業；CB01010 機械設備製造業；CB01990 其他機械製造業；CE01010 一般儀器製造業,臺北市,變更,11505
03251108,和泰汽車股份有限公司,臺北市中山區松江路121號8~14樓,黃南光,5571027680,44/04/25,115/05/11,一般補正案,CC01070 無線通信機械器材製造業；CC01100 電信管制射頻器材製造業；CD01030 汽車及其零件製造業；CD01990 其他運輸工具及其零件製造業；CE01010 一般儀器製造業；F108031 醫療器材批發業；F113020 電器批發業；F113070 電信器材批發業；F114010 汽車批發業；F114030 汽、機車零件配備批發業,臺北市,變更,11505
03306808,美商美國銀行股份有限公司,臺北市信義區信義路五段7號43樓、43樓-1、48樓及48樓-1,廖文宏,390000000,54/02/01,115/05/27,本公司董事及其他負責人變更,H101021 商業銀行業；H102011 票券金融業；H301011 證券商,臺北市,變更,11505
03307406,美商花旗銀行股份有限公司,臺北市信義區松智路1號15樓,羅巧紋,1700000000,53/09/01,115/05/22,本公司董事及其他負責人變更,H101021 商業銀行業,臺北市,變更,11505
03341100,益昌織造廠有限公司,臺北市中正區重慶南路2段59號5樓之3,鄧舜仁,3800000,54/01/09,115/05/19,申登機關變更（遷入，含卷）,C302010 織布業；F104110 布疋、衣著、鞋、帽、傘、服飾品批發業；F204110 布疋、衣著、鞋、帽、傘、服飾品零售業；H703100 不動產租賃業；ZZ99999 除許可業務外，得經營法令非禁止或限制之業務,臺北市,變更,11505
03374306,國泰建設股份有限公司,臺北市大安區敦化南路二段218號2樓,張清櫆,11595610590,53/12/01,115/05/22,經理人解任,F208031 醫療器材零售業；F301010 百貨公司業；G101041 小客車租賃業；G202010 停車場經營業；H701010 住宅及大樓開發租售業；H701020 工業廠房開發租售業；H701040 特定專業區開發業；H701050 投資興建公共建設業；H701060 新市鎮、新社區開發業；H701070 區段徵收及市地重劃代辦業,臺北市,變更,11505
03427325,富都旅行社股份有限公司,臺北市中山區長安東路2段108號6樓之7,鍾建綱,16000000,59/05/05,115/05/07,特殊補正,,臺北市,變更,11505
03522518,台東興業股份有限公司,臺北市中正區衡陽路10號6樓,謝孟璋,142199200,62/08/27,115/05/29,特殊補正,,臺北市,變更,11505
03533310,臺商實業股份有限公司,臺北市中正區杭州南路1段11巷3之2號3樓,陳建仲,25000000,58/08/09,115/05/08,特殊補正,,臺北市,變更,11505
03732107,泰國盤谷銀行股份有限公司,臺北市中山區松江路121號,潘亮成,1000000000,74/06/17,115/05/25,本公司董事及其他負責人變更,,臺北市,變更,11505
03795904,台灣電力股份有限公司,臺北市中正區羅斯福路三段242號,曾文生,580000000000,39/12/14,115/05/27,補選董事(常務董事.董事長)/監察人,C901990 其他非金屬礦物製品製造業；D101011 發電業；D101071 輸配電業；D101081 公用售電業；D101091 再生能源售電業；E601010 電器承裝業；E603010 電纜安裝工程業；E603050 自動控制設備工程業；E604010 機械安裝業；E606010 用電設備檢驗維護業,臺北市,變更,11505
04230222,信守化工股份有限公司,臺北市松山區復興北路201號5樓之2,黃金樹,230000000,63/09/18,115/05/26,董事/監察人持股變動報備,C801050 塑膠原料製造業。；ZZ99999 除許可業務外，得經營法令非禁止或限制之業務,臺北市,變更,11505
04239238,安生理算檢定有限公司,臺北市信義區松仁路100號34樓,汪柏伶,4240000,64/01/18,115/05/06,特殊補正,,臺北市,變更,11505
04252506,隆騏企業有限公司,臺北市萬華區環河南路1段12號1樓,江東洲,12000000,64/09/18,115/05/07,股東出資轉讓修正章程,,臺北市,變更,11505
04258570,皇居企業股份有限公司,臺北市中山區建國北路2段139號9樓之3,久志本一彌,36000000,65/01/06,115/05/20,董事/監察人持股變動報備,,臺北市,變更,11505
04296574,皇賓交通企業有限公司,臺北市大同區民族西路136號,,2000000,63/01/15,115/05/21,特殊補正,,臺北市,變更,11505
04329168,海韻電子工業股份有限公司,臺北市內湖區內湖路一段360巷17號8樓,張昀琦,824013700,64/10/13,115/05/26,董事(常務董事.董事長)/監察人解任,ZZ99999 除許可業務外，得經營法令非禁止或限制之業務。,臺北市,變更,11505
04356397,坤龍紡織股份有限公司,臺北市中山區松江路63巷7號1樓,柯清讚,201600000,66/04/30,115/05/15,改選董事/監察人(一人法人股東指派董事/監察人),,臺北市,變更,11505
04356994,納爾科股份有限公司,臺北市士林區承德路4段172號10樓及174號10樓,塗溥仁,180000000,66/02/26,115/05/26,特殊補正,C802120 工業助劑製造業；F107170 工業助劑批發業；CB01030 污染防治設備製造業；F113100 污染防治設備批發業；J101060 廢（污）水處理業；C802090 清潔用品製造業；F107030 清潔用品批發業；F107990 其他化學製品批發業；F401010 國際貿易業；ZZ99999 除許可業務外，得經營法令非禁止或限制之業務,臺北市,變更,11505
04375937,新亞小客車租賃有限公司,臺北市信義區忠孝東路5段1之2號11樓,陳順義,2000000,61/09/01,115/05/28,股東出資轉讓修正章程,G101041 小客車租賃業；ZZ99999 除許可業務外，得經營法令非禁止或限制之業務,臺北市,變更,11505
04377864,群龍股份有限公司,臺北市中山區南京東路2段124號6樓,王志龍,52000000,62/06/20,115/05/25,公司所營事業變更修正章程,F102050 茶葉批發業；F102170 食品什貨批發業；F106010 五金批發業；F106030 模具批發業；F113010 機械批發業；F113020 電器批發業；F113050 電腦及事務性機器設備批發業；F119010 電子材料批發業；F401010 國際貿易業；F104110 布疋、衣著、鞋、帽、傘、服飾品批發業,臺北市,變更,11505
04378245,得美行股份有限公司,臺北市內湖區民權東路6段160號11樓之1,阮耀樟,30000000,62/05/17,115/05/13,補繳規費,F401010 進出口貿易業務；G402011 海運承攬運送業；G801010 倉儲業；ZZ99999 除許可業務外，得經營法令非禁止或限制之業務,臺北市,變更,11505
04400387,臺灣愛丁頓股份有限公司,臺北市信義區松高路9號9樓,黃皓茵(Wong Ho Yan Helen),164000000,62/12/27,115/05/12,改選董事/監察人(一人法人股東指派董事/監察人),F401171 酒類輸入業；ZZ99999 除許可業務外，得經營法令非禁止或限制之業務,臺北市,變更,11505
04405658,千島投資股份有限公司,臺北市松山區光復北路11巷35號5樓,王豫元,793750000,63/02/18,115/05/25,一般補正案,,臺北市,變更,11505
04422501,佐佑投資股份有限公司,臺北市中山區中山北路2段96號,陳曉凌,300000000,63/02/12,115/05/29,票據兌現/他機關函復/補正,F401010 國際貿易業；H201010 一般投資業；H701010 住宅及大樓開發租售業；H701020 工業廠房開發租售業；H701040 特定專業區開發業；H701050 投資興建公共建設業；H701060 新市鎮、新社區開發業；H701070 區段徵收及市地重劃代辦業；H701080 都市更新重建業；H703090 不動產買賣業,臺北市,變更,11505
04480733,金名城股份有限公司,臺北市大同區重慶北路1段1號之1,張益宗,22000000,66/05/19,115/05/07,改選董事/監察人(一人法人股東指派董事/監察人),ZZ99999 除許可業務外，得經營法令非禁止或限制之業務,臺北市,變更,11505
04491507,聯國醫療氣體股份有限公司,臺北市大同區長安西路150號3樓,,20000000,69/01/18,115/05/11,補繳規費,C801010 基本化學工業；F108031 醫療器材批發業；F401010 國際貿易業；I103060 管理顧問業；ZZ99999 除許可業務外，得經營法令非禁止或限制之業務；C114010 食品添加物製造業；C199990 未分類其他食品製造業；F221010 食品添加物零售業；F121010 食品添加物批發業；F102170 食品什貨批發業,臺北市,變更,11505
04492843,大益有限公司,臺北市中山區吉林路424號,鄭麗春,8000000,69/03/25,115/05/07,公司印鑑變更,F114010 汽車批發業；F113010 機械批發業；F214010 汽車零售業；F213080 機械器具零售業；F401010 國際貿易業；F199990 其他批發業；H703100 不動產租賃業；ZZ99999 除許可業務外，得經營法令非禁止或限制之業務,臺北市,變更,11505
04526457,艾妮服飾有限公司,臺北市萬華區峨嵋街5號3樓10室,廖仙領,6000000,62/06/21,115/05/14,特殊補正,F204010 布疋零售業；F204020 成衣零售業；F204050 服飾品零售業；F204047 其他布疋、衣著服飾品(服裝之珠片亮片及材料)零售業；F401010 國際貿易業；I502010 服飾設計業,臺北市,變更,11505
04572085,太緯國際貿易股份有限公司,臺北市大安區和平東路1段6號3樓,許瓊慧,10000000,64/09/02,115/05/18,特殊補正,F102170 食品什貨批發業；F203010 食品什貨、飲料零售業；F401010 國際貿易業；F108040 化粧品批發業；F208040 化粧品零售業；F121010 食品添加物批發業；F221010 食品添加物零售業；F113010 機械批發業；F113990 其他機械器具批發業；F213080 機械器具零售業,臺北市,變更,11505
04674421,盛源食品原料股份有限公司,臺北市大安區和平東路1段6號3樓,許茂盛,29000000,67/09/04,115/05/12,改選董事/監察人(一人法人股東指派董事/監察人),C114010 食品添加物製造業；F121010 食品添加物批發業；F221010 食品添加物零售業；F102170 食品什貨批發業；F203010 食品什貨、飲料零售業；F108040 化粧品批發業；F208040 化粧品零售業；F107030 清潔用品批發業；F207030 清潔用品零售業；F401010 國際貿易業,臺北市,變更,11505
04690055,洋基通運股份有限公司,臺北市中山區敬業一路19號7樓,李吉慶(LEE Kiat Keng Samuel),39000000,62/08/03,115/05/15,特殊補正,G101061 汽車貨運業；G601011 航空貨運承攬業；G701011 報關業；G801010 倉儲業；IZ99990 其他工商服務業；ZZ99999 除許可業務外，得經營法令非禁止或限制之業務,臺北市,變更,11505
04791672,富保實業股份有限公司,臺北市內湖區民權東路6段206巷128號4樓,方保泰,5000000,66/08/12,115/05/06,改選董事/監察人(一人法人股東指派董事/監察人),F104110 布疋、衣著、鞋、帽、傘、服飾品批發業；F204110 布疋、衣著、鞋、帽、傘、服飾品零售業；F106020 日常用品批發業；F206020 日常用品零售業；F107030 清潔用品批發業；F207030 清潔用品零售業；F108040 化粧品批發業；F208040 化粧品零售業；F115010 首飾及貴金屬批發業；F215010 首飾及貴金屬零售業,臺北市,變更,11505
04822871,百略醫學科技股份有限公司,臺北市內湖區瑞光路431號9樓,方頌和,1094971520,70/11/10,115/05/04,修正章程,F108031 醫療器材批發業；CE01010 一般儀器製造業；F113030 精密儀器批發業；CE01021 度量衡器製造業；F113070 電信器材批發業；ZZ99999 除許可業務外，得經營法令非禁止或限制之業務；CC01110 電腦及其週邊設備製造業；CC01990 其他電機及電子機械器材製造業；CF01011 醫療器材製造業；I103060 管理顧問業,臺北市,變更,11505
04933975,美孚建設股份有限公司,臺北市中山區建國北路1段80號6樓,彭誠浩,285000000,62/11/23,115/05/06,董事/監察人持股變動報備,E801010 室內裝潢業；F111090 建材批發業；F113010 機械批發業；F211010 建材零售業；F213080 機械器具零售業；F501060 餐館業；G202010 停車場經營業；G801010 倉儲業；H701020 工業廠房開發租售業；H701040 特定專業區開發業,臺北市,變更,11505
04942030,宏昌眼鏡有限公司,臺北市中山區長春路215號1樓,張義禮,3000000,63/05/27,115/05/27,股東出資轉讓修正章程,,臺北市,變更,11505
04964250,東森國際股份有限公司,臺北市大安區復興南路一段368號8樓,廖尚文,3272649460,64/05/14,115/05/26,改選董事/監察人(一人法人股東指派董事/監察人),G406061 商港區船舶貨物裝卸承攬業；A102060 糧商業；A102020 農產品整理業；H701010 住宅及大樓開發租售業；H701040 特定專業區開發業；H701050 投資興建公共建設業；F401021 電信管制射頻器材輸入業；J503010 廣播節目製作業；J503020 電視節目製作業；J503030 廣播電視節目發行業,臺北市,變更,11505
04985001,駿融蔘藥生技股份有限公司,臺北市松山區民生東路5段178號6樓之1,陳駿榮,11000000,65/04/15,115/05/11,改選董事/監察人(一人法人股東指派董事/監察人),F108011 中藥批發業；C802100 化粧品製造業；F108040 化粧品批發業；F109070 文教、樂器、育樂用品批發業；C111010 製茶業；F102050 茶葉批發業；F107990 其他化學製品批發業；F102040 飲料批發業；F401010 國際貿易業；F102170 食品什貨批發業,臺北市,變更,11505
05052651,華旺營造廠股份有限公司,臺北市松山區民生東路5段167號2樓,李正宗,200000000,67/12/12,115/05/27,特殊補正,,臺北市,變更,11505
05062004,華非貿易股份有限公司,臺北市大安區信義路4段6號18樓,徐錦鏘,92000000,68/12/19,115/05/22,改選董事/監察人(一人法人股東指派董事/監察人),,臺北市,變更,11505
05076204,統友貿易股份有限公司,臺北市士林區德行西路37號10樓,洪正宗,72000000,69/07/18,115/05/21,公司所在地,F401010 國際貿易業；C805010 塑膠皮、布、板、管材製造業；CB01010 機械設備製造業；C805030 塑膠日用品製造業；CB01030 污染防治設備製造業；F107010 漆料、塗料批發業；F107020 染料、顏料批發業；F107170 工業助劑批發業；ZZ99999 除許可業務外，得經營法令非禁止或限制之業務,臺北市,變更,11505
05091394,長江物產股份有限公司,臺北市中山區南京東路2段88號13樓,唐如燕,232494120,70/06/01,115/05/22,特殊補正,H703100 不動產租賃業；ZZ99999 除許可業務外，得經營法令非禁止或限制之業務,臺北市,變更,11505
05104356,僑財股份有限公司,臺北市大安區忠孝東路4段233號6樓之10,陳瑩瑩,42000000,69/01/15,115/05/21,補繳規費,F105050 家具、寢具、廚房器具、裝設品批發業；F106010 五金批發業；F106020 日常用品批發業；F106030 模具批發業；F107200 化學原料批發業；F111090 建材批發業；F113010 機械批發業；F113020 電器批發業；F113030 精密儀器批發業；F113050 電腦及事務性機器設備批發業,臺北市,變更,11505
05133129,律寶實業有限公司,臺北市中正區仁愛路2段34號11樓,鍾亦恒,10000000,72/06/07,115/05/28,改推董事/董事長,F114040 自行車及其零件批發業；F214040 自行車及其零件零售業；F401021 電信管制射頻器材輸入業；F401010 國際貿易業；ZZ99999 除許可業務外，得經營法令非禁止或限制之業務,臺北市,變更,11505
05142345,鎣輝企業有限公司,臺北市中正區銅山街11巷6號1樓,陳麗雲,28000000,72/11/17,115/05/28,股東出資轉讓修正章程,F111090 建材批發業；F211010 建材零售業；F401010 國際貿易業；I501010 產品設計業；ZZ99999 除許可業務外，得經營法令非禁止或限制之業務,臺北市,變更,11505
05155684,大江衛生工程有限公司,臺北市萬華區國興路1巷7之1號1樓,,5000000,70/09/05,115/05/26,特殊補正,J101010 住宅及建築清潔服務業；J101020 病媒防治業；J101030 廢棄物清除業；J101040 廢棄物處理業；J101050 環境檢測服務業；J101060 廢（污）水處理業；F401010 國際貿易業；ZZ99999 除許可業務外，得經營法令非禁止或限制之業務,臺北市,變更,11505
05155853,研華股份有限公司,臺北市內湖區瑞光路26巷20弄1號,劉克振,8682544870,70/09/07,115/05/19,認股憑證換發新股,CC01060 有線通信機械器材製造業；CC01070 無線通信機械器材製造業；CC01080 電子零組件製造業；CC01110 電腦及其週邊設備製造業；CE01010 一般儀器製造業；E605010 電腦設備安裝業；EZ05010 儀器、儀表安裝工程業；I301010 資訊軟體服務業；I301020 資料處理服務業；I301030 電子資訊供應服務業,臺北市,變更,11505
05183083,盛霖國際貿易股份有限公司,臺北市大安區和平東路1段6號3樓,許茂霖,12000000,71/10/12,115/05/12,改選董事/監察人(一人法人股東指派董事/監察人),F102170 食品什貨批發業；F108040 化粧品批發業；F203010 食品什貨、飲料零售業；F208040 化粧品零售業；F401010 國際貿易業；F113010 機械批發業；F113990 其他機械器具批發業；F121010 食品添加物批發業；F213080 機械器具零售業；F213990 其他機械器具零售業,臺北市,變更,11505
05190649,金盈通信電機有限公司,臺北市中正區廈門街33號(1樓),王志誠,10000000,72/03/03,115/05/04,股東出資轉讓修正章程,E599010 配管工程業；E601020 電器安裝業；E603010 電纜安裝工程業；E603040 消防安全設備安裝工程業；E701010 電信工程業；E701020 衛星電視ＫＵ頻道、Ｃ頻道器材安裝業；E701030 電信管制射頻器材裝設工程業；E701040 簡易電信設備安裝業；E801010 室內裝潢業；E801030 室內輕鋼架工程業,臺北市,變更,11505
05252285,全民科技有限公司,臺北市大同區南京西路61號5樓之3,鄭雄泰,13000000,72/07/18,115/05/19,股東出資轉讓修正章程,,臺北市,變更,11505
05259392,三阪實業股份有限公司,臺北市中山區民生東路1段51號11樓之2,林昇一,56000000,74/04/09,115/05/07,董事(常務董事.董事長)/監察人解任,C804020 工業用橡膠製品製造業；C805010 塑膠皮、布、板、管材製造業；C805050 工業用塑膠製品製造業；CB01010 機械設備製造業；CB01990 其他機械製造業；F401010 國際貿易業；D101060 再生能源自用發電設備業；ZZ99999 除許可業務外，得經營法令非禁止或限制之業務；D101050 汽電共生業；F107060 毒性化學物質批發業,臺北市,變更,11505
05705225,互裕股份有限公司,臺北市中山區敬業一路192號4樓,王謝怡貞,61000000,73/03/27,115/05/13,改選董事/監察人(一人法人股東指派董事/監察人),,臺北市,變更,11505
07027905,大益企業股份有限公司,臺北市中正區新生南路1段50號4樓之4,林明璇,189000000,55/05/21,115/05/25,補繳規費,C306010 成衣業；F102030 菸酒批發業；F102040 飲料批發業；F104110 布疋、衣著、鞋、帽、傘、服飾品批發業；F203010 食品什貨、飲料零售業；F203020 菸酒零售業；F204110 布疋、衣著、鞋、帽、傘、服飾品零售業；F399040 無店面零售業；F401010 國際貿易業,臺北市,變更,11505
07219903,東盈農牧股份有限公司,臺北市中山區松江路283號6樓之2,汪志光,75420000,52/12/24,115/05/21,改選董事/監察人(一人法人股東指派董事/監察人),A201010 造林業；A201030 特殊林木經營業；A401010 畜牧場經營業；F101040 家畜家禽批發業；F101100 花卉批發業；F201020 畜產品零售業；F201070 花卉零售業；H701010 住宅及大樓開發租售業；ZZ99999 除許可業務外，得經營法令非禁止或限制之業務；A101020 農作物栽培業,臺北市,變更,11505
07228207,昌泰實業廠有限公司,臺北市萬華區忠孝西路2段38號9樓,曾秀卿,8000000,54/07/21,115/05/21,股東出資轉讓修正章程,C199040 豆類加工食品製造業；C199990 未分類其他食品製造業,臺北市,變更,11505
07228810,東盈實業股份有限公司,臺北市內湖區洲子街73號6樓之1,林學正,209500000,48/03/27,115/05/07,改選董事/監察人(一人法人股東指派董事/監察人),F103010 飼料批發業；F106060 寵物食品及其用品批發業；F107070 動物用藥品批發業；F107080 環境用藥批發業；F202010 飼料零售業；F206050 寵物食品及其用品零售業；F207070 動物用藥零售業；F207080 環境用藥零售業；F401010 國際貿易業；F201020 畜產品零售業,臺北市,變更,11505
07259708,怡豐貿易有限公司,臺北市萬華區昆明街306號3樓,葉育志,15000000,53/06/29,115/05/19,特殊補正,"A102060 糧商業；ZZ99999 除許可業務外,得經營法令非禁止或限制之業務",臺北市,變更,11505
07305506,南僑投資控股股份有限公司,臺北市大同區延平北路4段100號,陳正文,2941329620,39/06/30,115/05/18,改派董事/監察人,H201010 一般投資業,臺北市,變更,11505
07361302,陸瑞塑膠工業有限公司,臺北市大同區重慶北路3段205巷20號,杜清正,8000000,54/10/04,115/05/11,特殊補正,,臺北市,變更,11505
07363619,國賓交通企業有限公司,臺北市大同區民族西路136號2樓,,8000000,52/06/21,115/05/19,特殊補正,,臺北市,變更,11505
07435515,新光合成纖維股份有限公司,臺北市大安區仁愛路3段136號5樓,吳東昇,16184092860,56/04/25,115/05/13,董事(常務董事.董事長)/監察人解任,C301010 紡紗業；C302010 織布業；C303010 不織布業；C306010 成衣業；C801100 合成樹脂及塑膠製造業；C801120 人造纖維製造業；C805050 工業用塑膠製品製造業；CB01010 機械設備製造業；CC01120 資料儲存媒體製造及複製業；F501060 餐館業,臺北市,變更,11505
07649278,賓王大旅社股份有限公司,臺北市大同區南京西路163號3、4樓,陳新發,20000000,69/02/09,115/05/15,董事/監察人持股變動報備,,臺北市,變更,11505
07677793,升陽企業股份有限公司,臺北市松山區南京東路3段275號4樓,楊宗倫,5000000,70/12/31,115/05/14,特殊補正,G601011 航空貨運承攬業；F204110 布疋、衣著、鞋、帽、傘、服飾品零售業；G701011 報關業；F401010 國際貿易業,臺北市,變更,11505
07692393,欣慶投資開發股份有限公司,臺北市中山區南京東路2段96號8樓,王雅峯,76000000,71/08/20,115/05/07,補繳規費,,臺北市,變更,11505
09414987,金倫設計工程有限公司,臺北市中山區樂群二路187號3樓之2,牛建喬,25000000,72/06/20,115/05/21,股東出資轉讓修正章程,E801060 室內裝修業；I503010 景觀、室內設計業；E801010 室內裝潢業；F401010 國際貿易業；F105050 家具、寢具、廚房器具、裝設品批發業；F106020 日常用品批發業；F107010 漆料、塗料批發業；F111090 建材批發業；F113020 電器批發業；F199990 其他批發業,臺北市,變更,11505
09435435,造格室內裝修有限公司,臺北市大安區和平東路1段187之2號,郭煌林,10000000,73/02/28,115/05/28,公司所在地,E603090 照明設備安裝工程業；E603100 電焊工程業；E801010 室內裝潢業；E801020 門窗安裝工程業；E801030 室內輕鋼架工程業；E801040 玻璃安裝工程業；E801060 室內裝修業；E801070 廚具、衛浴設備安裝工程業；E901010 油漆工程業；F205040 家具、寢具、廚房器具、裝設品零售業,臺北市,變更,11505
09444878,聚益化學工業股份有限公司,臺北市中山區樂群二路187號8樓之1,王秀如,100000000,73/05/31,115/05/25,特殊補正,C801040 合成樹脂製造業,臺北市,變更,11505
09448712,琮毅實業股份有限公司,臺北市大安區復興南路2段86號2樓,陳淑齡,5000000,73/07/09,115/05/11,改選董事/監察人(一人法人股東指派董事/監察人),IE01010 電信業務門號代辦業；IZ99990 其他工商服務業；F401010 國際貿易業；ZZ99999 除許可業務外，得經營法令非禁止或限制之業務,臺北市,變更,11505
11083631,中泰興業有限公司,臺北市中山區民生東路1段42號11樓,陳世煜,2100000,54/04/06,115/05/14,股東出資轉讓修正章程,,臺北市,變更,11505
11086454,中菱機電股份有限公司,臺北市大安區復興南路2段363號4樓,李昆武,50000000,60/11/04,115/05/20,特殊補正,CB01010 機械設備製造業；CB01990 其他機械製造業；CC01010 發電、輸電、配電機械製造業；CC01030 電器及視聽電子產品製造業；CN01010 家具及裝設品製造業；E604010 機械安裝業；F113010 機械批發業；F113020 電器批發業；F213010 電器零售業；F213080 機械器具零售業,臺北市,變更,11505
11089826,天一旅行社股份有限公司,臺北市中山區民權東路2段58號2樓,呂雪霞,6000000,58/09/15,115/05/08,改選董事/監察人(一人法人股東指派董事/監察人),J902011 旅行業,臺北市,變更,11505
11328473,東和化學企業股份有限公司,臺北市大安區敦化南路1段236巷31號7樓,張美惠,100000000,56/05/09,115/05/13,改選董事/監察人(一人法人股東指派董事/監察人),C801110 肥料製造業；C802060 動物用藥製造業；C802070 農藥製造業；C802080 環境用藥製造業；F107040 農藥批發業；F107050 肥料批發業；F107070 動物用藥品批發業；F107080 環境用藥批發業；F207040 農藥零售業；F207050 肥料零售業,臺北市,變更,11505
11328782,台灣干那股份有限公司,臺北市信義區基隆路1段111號8樓,Jason Keith Wallis,2299984,58/10/13,115/05/13,改選董事/監察人(一人法人股東指派董事/監察人),,臺北市,變更,11505
11437304,甘霖投資股份有限公司,臺北市中山區中山北路2段68號3樓,甘賴榮玉,470900000,40/04/17,115/05/13,特殊補正,H201010 一般投資業,臺北市,變更,11505
11473808,信成油廠股份有限公司,臺北市大同區民生西路96號,林王月卿,25000000,56/09/06,115/05/21,改選董事/監察人(一人法人股東指派董事/監察人),,臺北市,變更,11505
11500811,飛達旅運股份有限公司,臺北市中山區南京東路3段168號10樓之6,鄭惠玲,25000000,58/03/10,115/05/04,補繳規費,,臺北市,變更,11505
11522202,香港商信可股份有限公司,臺北市內湖區瑞光路333號14樓,陳勁松,50000000,64/12/23,115/05/15,改派在中華民國境內負責人變更登記,G402011 海運承攬運送業；G601011 航空貨運承攬業；IZ06010 理貨包裝業；G801010 倉儲業；F401010 國際貿易業；I103060 管理顧問業；ZZ99999 除許可業務外，得經營法令非禁止或限制之業務,臺北市,變更,11505
11542925,飛億達企業股份有限公司,臺北市中山區中山北路2段162號6樓之1,黃傅金杯,10000000,61/04/08,115/05/06,特殊補正,F101130 蔬果批發業；F101990 其他農、畜、水產品批發業；F104110 布疋、衣著、鞋、帽、傘、服飾品批發業；F105050 家具、寢具、廚房器具、裝設品批發業；F106010 五金批發業；F106030 模具批發業；F107190 塑膠膜、袋批發業；F113050 電腦及事務性機器設備批發業；F118010 資訊軟體批發業；F119010 電子材料批發業,臺北市,變更,11505
11733868,瑞士大飯店股份有限公司,臺北市松山區南京東路3段303巷3弄8號2樓,吳東明,114000000,78/05/05,115/05/26,改選董事/監察人(一人法人股東指派董事/監察人),J901020 一般旅館業；F501060 餐館業；H701010 住宅及大樓開發租售業；H703100 不動產租賃業；H201010 一般投資業；ZZ99999 除許可業務外，得經營法令非禁止或限制之業務,臺北市,變更,11505
11791607,萬陽企業股份有限公司,臺北市中山區南京西路1之2號9樓,陳冠宇,35500000,54/04/01,115/05/04,特殊補正,,臺北市,變更,11505
11820053,台灣史谷脫紙業股份有限公司,臺北市信義區信義路5段8號9樓,艾華斯Ashish Agarwal,545204400,58/05/13,115/05/11,改派董事/監察人,C601020 紙製造業；C601040 加工紙製造業；F401010 國際貿易業；F110020 眼鏡批發業；C303010 不織布業；F108031 醫療器材批發業；ZZ99999 除許可業務外，得經營法令非禁止或限制之業務,臺北市,變更,11505
11902006,榮興鐵工廠股份有限公司,臺北市士林區延平北路5段23號2樓,陳俊屹,29600000,50/05/13,115/05/21,改選董事/監察人(一人法人股東指派董事/監察人),CA02010 金屬結構及建築組件製造業；CB01010 機械設備製造業；CB01030 污染防治設備製造業；CB01990 其他機械製造業；CD01030 汽車及其零件製造業；CH01010 體育用品製造業；CN01010 家具及裝設品製造業；CR01010 瓦斯器材及其零件製造業；E502010 燃料導管安裝工程業；E603040 消防安全設備安裝工程業,臺北市,變更,11505
11944553,華行實業有限公司,臺北市中山區吉林路79號2樓之2,王啟政,8000000,61/04/10,115/05/18,特殊補正,,臺北市,變更,11505
12004945,豐聯工程股份有限公司,臺北市中山區林森北路119巷55之1號2樓,黃玉麟,60000000,57/09/09,115/05/18,董事/監察人持股變動報備,F209050 包裝材料零售業；F109060 包裝材料批發業；C601020 紙製造業；C601030 紙容器製造業；F102160 輔助食品批發業。；F401010 國際貿易業。,臺北市,變更,11505
12167187,群紡企業股份有限公司,臺北市大安區信義路4段306號2樓之2,須偉群,14000000,67/04/20,115/05/15,特殊補正,F102030 菸酒批發業；F104110 布疋、衣著、鞋、帽、傘、服飾品批發業；F106020 日常用品批發業；F113020 電器批發業；F113050 電腦及事務性機器設備批發業；F113070 電信器材批發業；F401010 國際貿易業；I199990 其他顧問服務業；ZZ99999 除許可業務外，得經營法令非禁止或限制之業務,臺北市,變更,11505
12177447,利多福股份有限公司,臺北市大同區民權西路104號7樓之1,陳義雄,64212000,67/06/16,115/05/13,改選董事/監察人(一人法人股東指派董事/監察人),H701010 住宅及大樓開發租售業；H701020 工業廠房開發租售業；H701040 特定專業區開發業；H701050 投資興建公共建設業；H701060 新市鎮、新社區開發業；H701070 區段徵收及市地重劃代辦業；H701080 都市更新重建業；H702010 建築經理業；H703090 不動產買賣業；H703100 不動產租賃業,臺北市,變更,11505
12187825,雨威企業股份有限公司,臺北市信義區信義路5段150巷10號地下2樓,林雨生,28000000,67/08/19,115/05/25,董事/監察人持股變動報備,,臺北市,變更,11505
12190899,旗揚實業股份有限公司,臺北市中山區合江街188巷11號6樓,何武吉,7650000,67/09/11,115/05/26,特殊補正,F102070 罐頭食品批發業；F203010 食品、飲料零售業；F208040 化粧品零售業；F209020 運動器材零售業,臺北市,變更,11505
12195629,亞信租賃股份有限公司,臺北市松山區南京東路3段337號13樓,伸祥投資有限公司,200000000,67/10/06,115/05/13,特殊補正,,臺北市,變更,11505
12200670,金目交通有限公司,臺北市北投區育仁路155之1號2樓,李樂伯,3000000,67/10/26,115/05/22,特殊補正,,臺北市,變更,11505
12214105,平達貿易股份有限公司,臺北市中山區林森北路50號10樓之5,劉愷利,12000000,68/01/23,115/05/08,改選董事/監察人(一人法人股東指派董事/監察人),F113030 精密儀器批發業；F213040 精密儀器零售業；F113010 機械批發業；F213080 機械器具零售業；F108031 醫療器材批發業；F208031 醫療器材零售業；ZZ99999 除許可業務外，得經營法令非禁止或限制之業務,臺北市,變更,11505
12226799,利馨股份有限公司,臺北市內湖區民權東路6段106、108、110號1樓,吳光明,25000000,68/05/07,115/05/27,特殊補正,JA01010 汽車修理業碳纖維硼纖維玻璃纖維及高分子樹脂︹不飽和多元酯樹脂︺等複合料之製品︹安全帽防護衣護具交通工具︺之買賣業務各種紡織品呢羢買賣業務防彈衣防彈盔防彈盾牌防彈面罩防火服之買賣業務個人防暴警報器防身催淚噴霧器︹不含任何高壓電擊產品︺之買賣業務,臺北市,變更,11505
12246681,達和航運股份有限公司,臺北市中山區德惠街16-5號10樓,蔡立文,3656821920,68/09/04,115/05/18,改派董事/監察人,ZZ99999 除許可業務外，得經營法令非禁止或限制之業務。,臺北市,變更,11505
12254056,聯逢股份有限公司,臺北市內湖區內湖路1段360巷15號7樓之1,陳江銘,16000000,68/11/20,115/05/26,董事/監察人持股變動報備,CA02050 閥類製造業；CA02030 螺絲、螺帽、螺絲釘、及鉚釘等製品製造業；CB01990 其他機械製造業；CH01040 玩具製造業；F106010 五金批發業；F106030 模具批發業；F113010 機械批發業；F213080 機械器具零售業；F206010 五金零售業；F401010 國際貿易業,臺北市,變更,11505
12267209,台灣登路普股份有限公司,臺北市中山區松江路363號5樓,林宏鍊,60000000,69/03/05,115/05/13,修正章程,,臺北市,變更,11505
12269121,至群有限公司,臺北市中山區吉林路24號4樓之3,田敏慧,12000000,69/03/11,115/05/18,股東出資轉讓修正章程,,臺北市,變更,11505
12275117,榮昌企業管理顧問股份有限公司,臺北市中山區南京東路2段100號8樓之2,陳宜楓,1000000,69/04/26,115/05/13,改選董事/監察人(一人法人股東指派董事/監察人),I103060 管理顧問業；I102010 投資顧問業；H703100 不動產租賃業；F401010 國際貿易業；ZZ99999 除許可業務外，得經營法令非禁止或限制之業務,臺北市,變更,11505
12276447,國宏股份有限公司,臺北市中山區建國北路一段69號11、12樓及71號11樓,廖育德,1056706560,69/07/23,115/05/26,改選董事/監察人(一人法人股東指派董事/監察人),CD01030 汽車及其零件製造業；CD01040 機車及其零件製造業；CC01030 電器及視聽電子產品製造業；F101070 漁具批發業；F102040 飲料批發業；F102170 食品什貨批發業；F104110 布疋、衣著、鞋、帽、傘、服飾品批發業；F105050 家具、寢具、廚房器具、裝設品批發業；F106010 五金批發業；F106050 陶瓷玻璃器皿批發業,臺北市,變更,11505
12306385,大同精密化學股份有限公司,臺北市中山區中山北路三段22號,吳永從,775960000,69/03/18,115/05/15,董事/監察人地址變更,C802120 工業助劑製造業；C802200 塗料、油漆、染料及顏料製造業；CC01080 電子零組件製造業；C801100 合成樹脂及塑膠製造業；F102030 菸酒批發業；F203020 菸酒零售業；F401010 國際貿易業；CC01090 電池製造業；F113110 電池批發業；F207200 化學原料零售業,臺北市,變更,11505
12308546,台北太陽能實業股份有限公司,臺北市松山區光復北路11巷35號5樓,邱立權,10000000,69/12/20,115/05/26,修正章程,,臺北市,變更,11505
12334050,美世保險經紀人股份有限公司,臺北市中山區民權東路3段2號4樓,許永燦,12958280,70/05/12,115/05/11,特殊補正,H602011 人身保險經紀人；H602021 財產保險經紀人,臺北市,變更,11505
12360269,宇聲製衣股份有限公司,臺北市內湖區基湖路35巷16號2樓,黃家聲,90000000,70/11/26,115/05/19,特殊補正,C307010 服飾品製造業；F104020 成衣批發業；F104050 服飾品批發業；F401010 國際貿易業；F401030 製造輸出業；I501010 產品設計業；I502010 服飾設計業；IZ06010 理貨包裝業,臺北市,變更,11505
12366186,功文文化事業股份有限公司,臺北市中山區民權西路48號5樓,趙文瑜,160110000,71/02/01,115/05/21,增資(資本總額),J303010 雜誌（期刊）出版業；J304010 圖書出版業；J305010 有聲出版業；F109070 文教、樂器、育樂用品批發業；F209060 文教、樂器、育樂用品零售業；JA05010 留、遊學服務業；I103060 管理顧問業；IZ99990 其他工商服務業；H703100 不動產租賃業；IZ12010 人力派遣業,臺北市,變更,11505
12368733,台灣恩益禧股份有限公司,臺北市南港區園區街3之2號8樓,榎本光二,372913000,71/02/22,115/05/21,特殊補正,CB01020 事務機器製造業；CC01080 電子零組件製造業；CC01110 電腦及其週邊設備製造業；CC01120 資料儲存媒體製造及複製業；E604010 機械安裝業；E605010 電腦設備安裝業；EZ05010 儀器、儀表安裝工程業；F108031 醫療器材批發業；F113010 機械批發業；F113050 電腦及事務性機器設備批發業,臺北市,變更,11505
12372716,加敦股份有限公司,臺北市大同區延平北路2段202號10樓之2,侯正淳,29000000,71/03/23,115/05/04,公司所營事業變更修正章程,F107020 染料、顏料批發業；F107170 工業助劑批發業；F107200 化學原料批發業；F207020 染料、顏料零售業；F207170 工業助劑零售業；F207200 化學原料零售業；F401010 國際貿易業；ZZ99999 除許可業務外，得經營法令非禁止或限制之業務；F102030 菸酒批發業；F203020 菸酒零售業,臺北市,變更,11505
12379485,中菲營造事業股份有限公司,臺北市中山區中山北路2段77巷12之5號7樓,許家偉,80000000,71/04/15,115/05/11,董事(常務董事.董事長)/監察人解任,E101011 綜合營造業；ZZ99999 除許可業務外，得經營法令非禁止或限制之業務,臺北市,變更,11505
12400810,台灣歐力士股份有限公司,臺北市大安區復興南路1段303號11樓,川嶋耕太郎,220000000,71/09/29,115/05/05,特殊補正,C703010 印刷品裝訂及加工業；CA02010 金屬結構及建築組件製造業；CA02030 螺絲、螺帽、螺絲釘、及鉚釘等製品製造業；CA02090 金屬線製品製造業；CA02990 其他金屬製品製造業；CA04010 表面處理業；E801010 室內裝潢業；F101040 家畜家禽批發業；F102020 食用油脂批發業；F102030 菸酒批發業,臺北市,變更,11505
12464047,豐隆大飯店股份有限公司,臺北市信義區西村里松壽路2號,郭令明,1863400000,72/10/14,115/05/15,改選董事/監察人(一人法人股東指派董事/監察人),J901011 １﹒客房出租。２﹒附設餐廳、咖啡廳、酒吧間。３﹒出租國際會議廳。４﹒附設夜總會。５﹒其他經交通部核准與觀光旅館有關之業務。,臺北市,變更,11505
12464715,達欣開發股份有限公司,臺北市大安區敦化南路二段92號12樓,王人治,1303000000,72/11/01,115/05/06,改派董事/監察人,,臺北市,變更,11505
12464807,龍笛實業股份有限公司,臺北市南港區市民大道七段11號1樓、13號,劉梅君,40000000,72/10/24,115/05/08,特殊補正,C306010 成衣業；C307010 服飾品製造業；C399990 其他紡織及製品製造業；C402030 皮革、毛皮製品製造業；CG01010 珠寶及貴金屬製品製造業；F104110 布疋、衣著、鞋、帽、傘、服飾品批發業；F105050 家具、寢具、廚房器具、裝設品批發業；F108040 化粧品批發業；F109070 文教、樂器、育樂用品批發業；F115010 首飾及貴金屬批發業,臺北市,變更,11505
12485205,臺北坤生貿易有限公司,臺北市萬華區西昌街89號,鄭勝峯,5000000,73/03/14,115/05/13,特殊補正,F401010 國際貿易業；F108011 中藥批發業；F208011 中藥零售業；F101040 家畜家禽批發業；F101050 水產品批發業；F102040 飲料批發業；F102050 茶葉批發業；F102170 食品什貨批發業；F201010 農產品零售業；I101070 農、林、漁、畜牧顧問業,臺北市,變更,11505
12487549,仕維生股份有限公司,臺北市松山區民生東路3段135號7樓,葛世傑,5000000,72/12/19,115/05/21,特殊補正,F203010 食品什貨、飲料零售業；F203020 菸酒零售業；F401161 菸類輸入業；F401171 酒類輸入業；A102060 糧商業；F401010 國際貿易業；C103050 罐頭、冷凍、脫水及醃漬食品製造業；C199010 麵條、粉條類食品製造業；F102170 食品什貨批發業；F501030 飲料店業,臺北市,變更,11505
12490615,吉祥國際開發股份有限公司,臺北市中山區林森北路592之14號5樓,莊德仁,120000000,73/04/23,115/05/28,申登機關變更（遷入，含卷）,C306010 成衣業；F104110 布疋、衣著、鞋、帽、傘、服飾品批發業；F204110 布疋、衣著、鞋、帽、傘、服飾品零售業；F118010 資訊軟體批發業；F218010 資訊軟體零售業；F113050 電腦及事務性機器設備批發業；F213030 電腦及事務性機器設備零售業；F102170 食品什貨批發業；F106020 日常用品批發業；F203010 食品什貨、飲料零售業,臺北市,變更,11505
12514047,海博資訊股份有限公司,臺北市松山區敦化南路1段7號7樓,詹莊彬,10000000,73/08/15,115/05/28,改選董事/監察人(一人法人股東指派董事/監察人),,臺北市,變更,11505
12515067,堉寶實業股份有限公司,臺北市松山區敦化北路168號之2，10樓,葉孟恆,1434000000,73/08/22,115/05/04,改選董事/監察人(一人法人股東指派董事/監察人),H703100 不動產租賃業；F211010 建材零售業；I401010 一般廣告服務業；I503010 景觀設計業；E801010 室內裝潢業；A102080 園藝服務業；G202010 停車場經營業；H701010 住宅及大樓開發租售業；H201010 一般投資業；ZZ99999 除許可業務外，得經營法令非禁止或限制之業務,臺北市,變更,11505
12534108,斐儷銀樓珠寶有限公司,臺北市大安區仁愛路3段148號1樓,陳昱羲,35000000,74/01/04,115/05/28,特殊補正,F401021 電信管制射頻器材輸入業；ZZ99999 除許可業務外，得經營法令非禁止或限制之業務；F110010 鐘錶批發業；F110020 眼鏡批發業；F115010 首飾及貴金屬批發業；F115020 礦石批發業；F210010 鐘錶零售業；F210020 眼鏡零售業；F215010 首飾及貴金屬零售業；F215020 礦石零售業,臺北市,變更,11505
12541229,華夏科技股份有限公司,臺北市士林區中山北路5段528號6樓,許瑞軒,110000000,74/02/15,115/05/29,特殊補正,IE01010 電信業務門號代辦業；I301010 資訊軟體服務業；I301030 電子資訊供應服務業；F113030 精密儀器批發業；F113050 電腦及事務性機器設備批發業；F118010 資訊軟體批發業；F119010 電子材料批發業；F401010 國際貿易業；ZZ99999 除許可業務外，得經營法令非禁止或限制之業務,臺北市,變更,11505
12551801,四維航業股份有限公司,臺北市松山區復興北路167號16樓,藍心琪,3892761380,74/03/11,115/05/18,可轉換公司債換發新股,G401011 船務代理業；G301011 船舶運送業；F114060 船舶及其零件批發業；F214060 船舶及其零件零售業；ZZ99999 除許可業務外，得經營法令非禁止或限制之業務,臺北市,變更,11505
12560787,中美遊艇工業股份有限公司,臺北市松山區南京東路3段337號13樓,伸祥投資有限公司,30000000,74/06/29,115/05/04,特殊補正,,臺北市,變更,11505
12561391,吉盛木箱有限公司,臺北市中山區新生北路3段93巷63號,洪子傑,3000000,74/07/05,115/05/04,特殊補正,,臺北市,變更,11505
12659704,地景實業股份有限公司,臺北市中正區忠孝西路1段41號8樓之13,洪孟欽,78000000,89/10/27,115/05/28,董事/監察人持股變動報備,F115020 礦石批發業；F107090 實業用爆炸物批發業；I101080 工、礦顧問業；IF04010 非破壞檢測業；B202010 非金屬礦業；ZZ99999 除許可業務外，得經營法令非禁止或限制之業務,臺北市,變更,11505
12661461,瑞華國際興業有限公司,臺北市松山區南京東路4段45號6樓,謝子勳,80000000,89/11/03,115/05/11,特殊補正,I103060 管理顧問業；F101040 家畜家禽批發業；F102170 食品什貨批發業；F203010 食品什貨、飲料零售業；F501060 餐館業；I401010 一般廣告服務業；F102030 菸酒批發業；H701010 住宅及大樓開發租售業；H703090 不動產買賣業；H703100 不動產租賃業,臺北市,變更,11505
12668844,任盈實業股份有限公司,臺北市大安區和平東路2段36巷5號2樓,李天傑,107000000,89/11/29,115/05/28,董事(常務董事.董事長)/監察人解任,H703100 不動產租賃業；ZZ99999 除許可業務外，得經營法令非禁止或限制之業務,臺北市,變更,11505
12676817,彥臣生技藥品股份有限公司,臺北市松山區八德路3段36號6樓,黃中洋,494847500,89/12/29,115/05/08,認股憑證換發新股,F108011 中藥批發業；F208011 中藥零售業；F108021 西藥批發業；F208021 西藥零售業；F108031 醫療器材批發業；F208031 醫療器材零售業；F208050 乙類成藥零售業；F203010 食品什貨、飲料零售業；IG01010 生物技術服務業；A101030 特用作物栽培業,臺北市,變更,11505
12677766,阜康數碼有限公司,臺北市中正區許昌街42之1號10樓,張歐麗香,2500000,90/01/03,115/05/22,特殊補正,CC01110 電腦及其週邊設備製造業；CC01120 資料儲存媒體製造及複製業；E605010 電腦設備安裝業；F113050 電腦及事務性機器設備批發業；F118010 資訊軟體批發業；F203010 食品什貨、飲料零售業；F203030 酒精零售業；F213030 電腦及事務性機器設備零售業；F218010 資訊軟體零售業；F399010 便利商店業,臺北市,變更,11505
12681902,順豐國際有限公司,臺北市中山區建國北路2段66號8樓,林炳輝,7500000,90/01/19,115/05/21,特殊補正,G402011 海運承攬運送業；IZ06010 理貨包裝業,臺北市,變更,11505
12686738,甘樹有限公司,臺北市大同區迪化街1段172號1樓,林澤宏,5000000,90/02/15,115/05/05,股東出資轉讓修正章程,F208011 中藥零售業；F203010 食品什貨、飲料零售業；F401010 國際貿易業；H703100 不動產租賃業；ZZ99999 除許可業務外，得經營法令非禁止或限制之業務,臺北市,變更,11505
12687785,可米瑞智國際藝能股份有限公司,臺北市信義區信義路5段150巷2號15樓之3,柴智屏,16000000,90/02/20,115/05/28,公司所在地,J503021 電視節目製作業；J503011 廣播節目製作業；J503041 廣播電視廣告業；J305010 有聲出版業；J602010 演藝活動業；F109010 圖書批發業；F209010 書籍、文具零售業；J304010 圖書出版業；ZZ99999 除許可業務外，得經營法令非禁止或限制之業務,臺北市,變更,11505
12692892,柏迪廚具興業有限公司,臺北市北投區公舘路423巷12之1號1樓,黃筱涵,8000000,90/03/12,115/05/06,公司所在地,F111060 衛浴設備批發業；F111040 磁磚、貼面石材批發業；F106040 水器材料批發業；F206040 水器材料零售業；F113020 電器批發業；F213010 電器零售業；F105040 廚房器具批發業；F205030 廚房器具零售業,臺北市,變更,11505
12694272,多奇數位創意有限公司,臺北市中山區中山北路1段82號7樓,黃保翕,45000000,90/03/15,115/05/11,增資,F118010 資訊軟體批發業；F218010 資訊軟體零售業；I103060 管理顧問業；I301010 資訊軟體服務業；I301020 資料處理服務業；I301030 電子資訊供應服務業；IZ12010 人力派遣業；IZ13010 網路認證服務業；F113030 精密儀器批發業；F113050 事務性機器設備批發業,臺北市,變更,11505
12771925,勁煌股份有限公司,臺北市內湖區麗山街41號,張國良,10000000,90/03/26,115/05/13,特殊補正,F102020 食用油脂批發業；F102030 菸酒批發業；F102040 飲料批發業；F102050 茶葉批發業；F102170 食品什貨批發業；F104110 布疋、衣著、鞋、帽、傘、服飾品批發業；F105050 家具、寢具、廚房器具、裝設品批發業；F106010 五金批發業；F106020 日常用品批發業；F106040 水器材料批發業,臺北市,變更,11505
12786785,普林達股份有限公司,臺北市中正區青島東路9號4樓,劉榮裕,10000000,90/04/19,115/05/28,特殊補正,F213030 事務性機器設備零售業；F213060 電信器材零售業；F209010 書籍、文具零售業。；E605010 電腦設備安裝業；I301010 資訊軟體服務業；I301030 電子資訊供應服務業；F401010 國際貿易業,臺北市,變更,11505
12791210,康泰保全股份有限公司,臺北市中山區長安東路1段23號7樓之4,譚秋英,40000000,90/04/26,115/05/13,改選董事/監察人(一人法人股東指派董事/監察人),I901011 保全業,臺北市,變更,11505
12836981,聚人營造股份有限公司,臺北市大同區南京西路163號2樓之46,趙冠人,16666670,90/07/16,115/05/13,改選董事/監察人(一人法人股東指派董事/監察人),E101011 綜合營造業；J101030 廢棄物清除業；J101040 廢棄物處理業；J101090 廢棄物清理業；F111090 建材批發業；F211010 建材零售業；F214010 汽車零售業；E401010 疏濬業；F106010 五金批發業；F206010 五金零售業,臺北市,變更,11505
12848776,仲宏國際股份有限公司,臺北市中正區忠孝東路1段49巷29號2樓之2,張瑞銘,50000000,90/08/06,115/05/26,改選董事/監察人(一人法人股東指派董事/監察人),H701010 住宅及大樓開發租售業；H701020 工業廠房開發租售業；H701050 投資興建公共建設業；H701080 都市更新重建業；F401010 國際貿易業；H201010 一般投資業；ZZ99999 除許可業務外，得經營法令非禁止或限制之業務,臺北市,變更,11505
12853518,元瑞開發實業股份有限公司,臺北市大安區忠孝東路4段233號7樓之11,王中正,123500000,90/04/11,115/05/22,發行新股,A101020 農作物栽培業；A101030 特用作物栽培業；A101040 食用菌菇類栽培業；A101050 花卉栽培業；F101100 花卉批發業；F101130 蔬果批發業；F102050 茶葉批發業；F102170 食品什貨批發業；F201010 農產品零售業；F201070 花卉零售業,臺北市,變更,11505
12866859,橘子磨坊數位創意溝通股份有限公司,臺北市信義區信義路5段150巷2號16樓之4,沈志儒,10000000,90/05/25,115/05/05,改選董事/監察人(一人法人股東指派董事/監察人),I401010 一般廣告服務業；IZ15010 市場研究及民意調查業；J503020 電視節目製作業；I103060 管理顧問業；J503040 廣播電視廣告業；ZZ99999 除許可業務外，得經營法令非禁止或限制之業務,臺北市,變更,11505
12918580,奇摩傳播有限公司,臺北市內湖區安泰街80巷8號2樓,饒恕仁,1800000,90/10/26,115/05/22,公司所營事業變更修正章程,J305010 有聲出版業；I401010 一般廣告服務業；I301010 資訊軟體服務業；I301020 資料處理服務業；I301030 電子資訊供應服務業；I103060 管理顧問業；F113020 電器批發業；F205040 家具、寢具、廚房器具、裝設品零售業；F111090 建材批發業；J801030 競技及休閒運動場館業,臺北市,變更,11505
12933442,磬隆企業股份有限公司,臺北市大同區平陽街18號3樓,許武夫,75000000,90/07/26,115/05/12,董事/監察人地址變更,H701020 工業廠房開發租售業；H703010 廠房出租業；H703020 倉庫出租業；H703030 辦公大樓出租業；F113010 機械批發業；F113020 電器批發業；F213080 機械器具零售業；F213010 電器零售業；F401010 國際貿易業,臺北市,變更,11505
12937783,朋百溝通國際有限公司,臺北市大安區忠孝東路4段208號5樓,黃玲憶,10000000,90/08/10,115/05/05,增資,I103010 企業經營管理顧問業。；I201010 徵信服務業。；I401010 一般廣告服務業；I301010 資訊軟體服務業；I301020 資料處理服務業；I301030 電子資訊供應服務業；J602010 演藝活動業；F401010 國際貿易業；ZZ99999 除許可業務外，得經營法令非禁止或限制之業務,臺北市,變更,11505
12951428,卡比特國際貿易有限公司,臺北市信義區光復南路495號9樓之1,黃仕豪,11100000,90/10/08,115/05/18,公司所在地,F401010 國際貿易業；E801010 室內裝潢業；E801020 門窗安裝工程業；F105050 家具、寢具、廚房器具、裝設品批發業；F111090 建材批發業；F205040 家具、寢具、廚房器具、裝設品零售業；F211010 建材零售業；I501010 產品設計業；I503010 景觀設計業；ZZ99999 除許可業務外，得經營法令非禁止或限制之業務,臺北市,變更,11505
12953039,政大加油站股份有限公司,臺北市文山區興隆路2段244巷8號1樓,高福來,5000000,90/10/15,115/05/04,特殊補正,F212011 加油站業；F212050 石油製品零售業；F214030 汽、機車零件配備零售業；F399010 便利商店業；F207170 工業助劑零售業；JA01990 其他汽車服務業；JA01010 汽車修理業；IZ99990 其他工商服務業；ZZ99999 除許可業務外，得經營法令非禁止或限制之業務,臺北市,變更,11505
12954537,誠力有限公司,臺北市松山區敦化北路141號6樓,張美慧,5000000,90/10/22,115/05/22,特殊補正,E604010 機械安裝業；E605010 電腦設備安裝業；F113010 機械批發業；F213080 機械器具零售業；F113030 精密儀器批發業；F213040 精密儀器零售業；F113070 電信器材批發業；F213060 電信器材零售業；F114030 汽、機車零件配備批發業；F118010 資訊軟體批發業,臺北市,變更,11505
12957400,百穗傳播有限公司,臺北市內湖區瑞光路66巷29號2樓,陳慧玲,29500000,90/11/05,115/05/04,增資,I401010 一般廣告服務業；J503010 廣播節目製作業；J503020 電視節目製作業；J401010 電影片製作業；J503030 廣播電視節目發行業；J402010 電影片發行業；J602010 演藝活動業；ZZ99999 除許可業務外，得經營法令非禁止或限制之業務,臺北市,變更,11505
12962109,協成殯葬有限公司,臺北市南港區南港路3段256巷27號,黃宥翔,200000,90/11/26,115/05/27,改推董事/董事長,JZ99151 殯葬禮儀服務業；F206060 祭祀用品零售業；H701030 殯葬場所開發租售業；F101100 花卉批發業；E201010 景觀工程業。；F101040 畜產品批發業。；F102030 菸酒批發業。；F102040 飲料批發業。；F102070 罐頭食品批發業。；F104010 布疋批發業。,臺北市,變更,11505
12965611,黎明興技術顧問股份有限公司,臺北市松山區八德路3段210號11樓,黃振倉,50000000,90/12/06,115/05/25,改選董事/監察人(一人法人股東指派董事/監察人),I101061 工程技術顧問業；E303010 空氣污染防制工程業；E301010 水處理工程業；E303030 土壤污染防治工程業；E303020 噪音及振動防制工程業；E302010 廢棄物清理設備安裝工程業；F401010 國際貿易業；J101060 廢（污）水處理業；J101990 其他環境衛生及污染防治服務業；F213100 污染防治設備零售業,臺北市,變更,11505
12970086,懷風有限公司,臺北市信義區松德路171號13樓之1,章亮華,25000000,90/12/20,115/05/20,公司所在地,F102010 冷凍食品批發業；F102070 罐頭食品批發業；F104010 布疋批發業；F104020 成衣批發業；F106010 五金批發業；F106020 日常用品批發業；F401010 國際貿易業,臺北市,變更,11505
12971037,陽光士林開發股份有限公司,臺北市士林區福德路31號,陳致遠,2001000000,90/12/24,115/05/22,補繳規費,H701040 特定專業區開發業。；H701050 投資興建公共建設業。；H701060 新市鎮、新社區開發業。；H703030 辦公大樓出租業。；H703050 會議室出租業。；F501030 飲料店業。；F501060 餐館業。；J701020 遊樂園業。；J701040 休閒活動場館業。；J903010 旅遊諮詢服務業。,臺北市,變更,11505
12971297,行企股份有限公司,臺北市中山區南京東路二段150號7樓,王國繼,805000000,90/12/25,115/05/05,一般補正案,C701010 印刷業；I103060 管理顧問業；JD01010 工商徵信服務業；I401010 一般廣告服務業；I401020 廣告傳單分送業；I503010 景觀、室內設計業；IZ01010 影印業；IZ06010 理貨包裝業；IZ10010 排版業；IZ12010 人力派遣業,臺北市,變更,11505
12971536,立弘生化科技股份有限公司,臺北市大安區敦化南路二段71號13樓,楊正利,962431730,90/12/25,115/05/27,修正章程,C199990 未分類其他食品製造業；C201010 飼料製造業；C801030 精密化學材料製造業；C802100 化粧品製造業；C802110 化粧品色素製造業；C802200 塗料、油漆、染料及顏料製造業；F103010 飼料批發業；F107020 染料、顏料批發業；F107070 動物用藥品批發業；F107080 環境用藥批發業,臺北市,變更,11505
12972752,璞全建設股份有限公司,臺北市中山區中山北路2段65巷10號2樓,楊岳虎,261000000,90/12/28,115/05/11,減資,H701010 住宅及大樓開發租售業；H701020 工業廠房開發租售業；H703030 辦公大樓出租業。；H703010 廠房出租業。；I503010 景觀、室內設計業；F211010 建材零售業；F401010 國際貿易業；E801010 室內裝潢業,臺北市,變更,11505
12980985,台灣費森尤斯卡比股份有限公司,臺北市中正區杭州北路26號5樓,邱建智,43700000,91/01/24,115/05/21,特殊補正,F108021 西藥批發業；F208021 西藥零售業；F108031 醫療器材批發業；F208031 醫療器材零售業；F102170 食品什貨批發業；F203010 食品什貨、飲料零售業；F401021 電信管制射頻器材輸入業；F401010 國際貿易業；I199990 其他顧問服務業,臺北市,變更,11505
13052753,亞太信睿資產管理股份有限公司,臺北市中山區德惠街9之1號地下2層,李家福,60000000,91/03/27,115/05/22,補繳規費,HZ01010 應收帳款收買業務。；IZ11010 逾期應收帳款管理服務業。；F118010 資訊軟體批發業。；F218010 資訊軟體零售業。；HZ02040 辦理金融機構金錢債權管理服務業務；F601010 智慧財產權業。；HZ02010 金融機構金錢債權收買業務；HZ02020 辦理金融機構金錢債權之評價或拍賣業務；I103050 創業投資事業管理顧問業。；I201010 徵信服務業。,臺北市,變更,11505
13055484,詠絮國際有限公司,臺北市大安區復興南路1段203號4樓,,1000000,91/03/29,115/05/27,特殊補正,F104110 布疋、衣著、鞋、帽、傘、服飾品批發業；F109070 文教、樂器、育樂用品批發業；F204110 布疋、衣著、鞋、帽、傘、服飾品零售業；F209060 文教、樂器、育樂用品零售業；F301010 百貨公司業；F401010 國際貿易業；ZZ99999 除許可業務外，得經營法令非禁止或限制之業務,臺北市,變更,11505
13066102,金永晟食品工業有限公司,臺北市士林區承德路4段242號3樓,李美香,5000000,91/04/12,115/05/28,股東出資轉讓修正章程,C106010 製粉業；C109010 調味品製造業；C110010 飲料製造業；F102030 菸酒批發業；F102040 飲料批發業；F102050 茶葉批發業；F102170 食品什貨批發業；F102180 酒精批發業；F106050 陶瓷玻璃器皿批發業；F107190 塑膠膜、袋批發業,臺北市,變更,11505
13081510,萬鋐股份有限公司,臺北市中正區開封街一段2號11樓之4,陳鵬榆,810000000,91/01/25,115/05/04,一般補正案,F114030 汽、機車零件配備批發業；F214030 汽、機車零件配備零售業；F401010 國際貿易業；F113010 機械批發業；F113020 電器批發業；F213080 機械器具零售業；F213010 電器零售業；IZ99990 其他工商服務業；CB01010 機械設備製造業；CD01030 汽車及其零件製造業,臺北市,變更,11505
13081764,采妍國際股份有限公司,臺北市信義區松山路130號7樓,蕭素秋,150000000,91/01/28,115/05/15,特殊補正,F108040 化粧品批發業；F208040 化粧品零售業；F401010 國際貿易業；I301010 資訊軟體服務業；I301020 資料處理服務業；I301030 電子資訊供應服務業；IZ13010 網路認證服務業；I401010 一般廣告服務業；C802100 化粧品製造業；F102170 食品什貨批發業,臺北市,變更,11505
13090095,永磐資訊股份有限公司,臺北市內湖區瑞光路478巷18弄22號3樓,楊皓宇,25000000,91/03/01,115/05/25,改選董事/監察人(一人法人股東指派董事/監察人),I301010 資訊軟體服務業；I301020 資料處理服務業；I301030 電子資訊供應服務業；E603010 電纜安裝工程業；E605010 電腦設備安裝業；F113110 電池批發業；F118010 資訊軟體批發業；F119010 電子材料批發業；F218010 資訊軟體零售業；F219010 電子材料零售業,臺北市,變更,11505
13096400,駛達有限公司,臺北市信義區忠孝東路4段560號8樓,Tony Chih Yu Tu,1000000,91/03/21,115/05/04,董事/股東證照變更,I301020 資料處理服務業；I301030 電子資訊供應服務業；ZZ99999 除許可業務外，得經營法令非禁止或限制之業務,臺北市,變更,11505
13098619,信記環保工程有限公司,臺北市信義區松隆路354號5樓,顏光輝,1000000,91/03/28,115/05/21,特殊補正,ZZ99999 除許可業務外，得經營法令非禁止或限制之業務,臺北市,變更,11505
13100170,鐿明企業股份有限公司,臺北市南港區三重路95號1樓,黃亞蕾,10000000,91/04/02,115/05/21,特殊補正,F106010 五金批發業；F111090 建材批發業；F120010 耐火材料批發業；F199990 其他批發業；F401010 國際貿易業；EZ99990 其他工程業；I503010 景觀、室內設計業；JE01010 租賃業；ZZ99999 除許可業務外，得經營法令非禁止或限制之業務,臺北市,變更,11505
13108671,台灣鑫眾股份有限公司,臺北市內湖區瑞光路258巷53號4樓,劉淑芬,8000000,91/04/24,115/05/06,董事/監察人持股變動報備,ZZ99999 除許可業務外，得經營法令非禁止或限制之業務；C402030 皮革、毛皮製品製造業；C801010 基本化學工業；C801990 其他化學材料製造業；C802100 化粧品製造業；C802160 黏性膠帶製造業；C802200 塗料、油漆、染料及顏料製造業；C802990 其他化學製品製造業；C804020 工業用橡膠製品製造業；C804990 其他橡膠製品製造業,臺北市,變更,11505
13110016,行動行銷服務有限公司,臺北市信義區東興路51號5樓,安心彤,19000000,91/04/26,115/05/19,特殊補正,I103060 管理顧問業；I301020 資料處理服務業；I301030 電子資訊供應服務業；I401010 一般廣告服務業；I199990 其他顧問服務業；ZZ99999 除許可業務外，得經營法令非禁止或限制之業務；J503040 廣播電視廣告業；F102040 飲料批發業；F102050 茶葉批發業；F102170 食品什貨批發業,臺北市,變更,11505
13110677,台灣浩鼎生技股份有限公司,臺北市南港區忠孝東路七段508號6樓,梁賡義,1315796870,91/04/29,115/05/21,補繳規費,IG01010 生物技術服務業；F108021 西藥批發業；F107070 動物用藥品批發業；F107080 環境用藥批發業；F208021 西藥零售業；F207070 動物用藥零售業；F207080 環境用藥零售業；F401010 國際貿易業；I103060 管理顧問業；IC01010 藥品檢驗業,臺北市,變更,11505
13114456,廣紘科技有限公司,臺北市信義區忠孝東路5段1之2號5樓,吳金鈴,8000000,91/05/07,115/05/04,特殊補正,F119010 電子材料批發業；F113010 機械批發業；F401010 國際貿易業；ZZ99999 除許可業務外，得經營法令非禁止或限制之業務,臺北市,變更,11505
13120149,益昌實業有限公司,臺北市大同區西寧北路104號1樓,李魁裕,5500000,91/05/22,115/05/26,增資,F121010 食品添加物批發業；F221010 食品添加物零售業；F102170 食品什貨批發業；F203010 食品什貨、飲料零售業；F102020 食用油脂批發業；F102030 菸酒批發業；F102040 飲料批發業；F107020 染料、顏料批發業；F207020 染料、顏料零售業；F107200 化學原料批發業,臺北市,變更,11505
13120886,新天鵝堡企業有限公司,臺北市大安區新生南路3段56巷7號1樓,彭郁晶,10000000,91/05/24,115/05/18,特殊補正,F102010 冷凍食品批發業；F102030 菸酒批發業；F103010 飼料批發業；F106020 日常用品批發業；F109010 圖書批發業；F109040 玩具、娛樂用品批發業；F202010 飼料零售業；F203010 食品、飲料零售業；F203020 菸酒零售業；F206020 日常用品零售業,臺北市,變更,11505
13126474,雲流科技股份有限公司,臺北市大安區仁愛路3段26號5樓,徐麗青,87000000,91/06/10,115/05/22,特殊補正,CC01060 有線通信機械器材製造業。；CC01070 無線通信機械器材製造業。；E605010 電腦設備安裝業。；E701010 通信工程業。；F113050 事務性機器設備批發業。；F113070 電信器材批發業。；F118010 資訊軟體批發業。；F213030 事務性機器設備零售業。；F213060 電信器材零售業。；F218010 資訊軟體零售業。,臺北市,變更,11505
13133469,異言堂廣告股份有限公司,臺北市內湖區內湖路1段360巷8號4樓,杜致成,50000000,91/06/28,115/05/20,特殊補正,I401010 一般廣告服務業。；IZ10010 排版業。；J304010 圖書出版業。；J305010 有聲出版業。；JZ99030 攝影業。；I301010 資訊軟體服務業。；I301030 電子資訊供應服務業。；I501010 產品設計業。；I503010 景觀、室內設計業。；F401010 國際貿易業。,臺北市,變更,11505
13134615,華展光電股份有限公司,臺北市信義區基隆路2段51號14樓,橋本典夫,17142850,91/07/02,115/05/08,公司所在地,F113010 機械批發業；F113020 電器批發業；F113030 精密儀器批發業；F119010 電子材料批發業；F213010 電器零售業；F213040 精密儀器零售業；F219010 電子材料零售業；F401010 國際貿易業；F401021 電信管制射頻器材輸入業；ZZ99999 除許可業務外，得經營法令非禁止或限制之業務,臺北市,變更,11505
13137113,甘氏資訊股份有限公司,臺北市大安區復興南路2段236號4樓之5,鄭嘉燕,7000000,91/07/10,115/05/05,特殊補正,F118010 資訊軟體批發業；F119010 電子材料批發業；F113050 事務性機器設備批發業；I301010 資訊軟體服務業；I301020 資料處理服務業；I301030 電子資訊供應服務業；F109010 圖書批發業。；J303010 雜誌業；J304010 圖書出版業；F199990 其他批發業（藝術品）,臺北市,變更,11505
14000831,華冠建設企業有限公司,臺北市大安區樂利路31號5樓,游盛珍,10000000,63/10/28,115/05/26,特殊補正,E602011 冷凍空調工程業；E601020 電器安裝業；E603040 消防安全設備安裝工程業；E603050 自動控制設備工程業；E604010 機械安裝業；E605010 電腦設備安裝業；EZ05010 儀器、儀表安裝工程業；F106010 五金批發業；F106040 水器材料批發業；F113030 精密儀器批發業,臺北市,變更,11505
14016616,安赫股份有限公司,臺北市中山區復興北路366號5樓,孫榮斌,33000000,64/04/08,115/05/19,董事/監察人持股變動報備,F401010 國際貿易業；H701010 住宅及大樓開發租售業；H703100 不動產租賃業；ZZ99999 除許可業務外，得經營法令非禁止或限制之業務,臺北市,變更,11505
14050732,綠葉旅行社股份有限公司,臺北市中山區民權西路70號7樓之1,葉日東,6000000,64/12/22,115/05/14,改選董事/監察人(一人法人股東指派董事/監察人),J902011 旅行業,臺北市,變更,11505
14052128,金百利股份有限公司,臺北市信義區信義路5段8號9樓,艾華斯(Ashish Agarwal),554623800,64/09/09,115/05/15,申登機關變更（遷入，含卷）,F203010 食品、飲料零售業；F203020 菸酒零售業書籍、玩具、娛樂用品等零售業（賭博性色情性電動玩具除外）（玩具槍除外）。,臺北市,變更,11505
14081209,台集企業股份有限公司,臺北市中山區松江路66號5樓,VERRALL LEONARD DUGGER,7500000,65/07/31,115/05/05,特殊補正,,臺北市,變更,11505
15003119,一翔交通股份有限公司,臺北市中正區博愛路222號5樓,李樂伯,28000000,57/09/30,115/05/20,改選董事/監察人(一人法人股東指派董事/監察人),G101031 計程車客運業,臺北市,變更,11505
15021806,大和塑膠工業股份有限公司,臺北市萬華區和平西路3段11號1樓,王志維,20000000,50/03/14,115/05/06,改選董事/監察人(一人法人股東指派董事/監察人),H703100 不動產租賃業；F107190 塑膠膜、袋批發業；F106010 五金批發業；ZZ99999 除許可業務外，得經營法令非禁止或限制之業務,臺北市,變更,11505
15119435,百利企業有限公司,臺北市中正區新生南路1段50之1號5樓,陳照雄,12000000,61/01/05,115/05/19,修正章程,F102180 酒精批發業；F104110 布疋、衣著、鞋、帽、傘、服飾品批發業；F105050 家具、寢具、廚房器具、裝設品批發業；F106010 五金批發業；F107190 塑膠膜、袋批發業；F113010 機械批發業；F113030 精密儀器批發業；F203010 食品什貨、飲料零售業；F203030 酒精零售業；F204110 布疋、衣著、鞋、帽、傘、服飾品零售業,臺北市,變更,11505
15514344,鶯聲鐵網工業股份有限公司,臺北市萬華區西寧南路229號1樓,陳國治,20000000,76/07/25,115/05/20,改選董事/監察人(一人法人股東指派董事/監察人),,臺北市,變更,11505
15843606,一強交通有限公司,臺北市中正區莒光路109號1樓,黃麗娟,5000000,67/07/20,115/05/05,股東出資轉讓修正章程,,臺北市,變更,11505
15845978,國進科技股份有限公司,臺北市信義區虎林街164巷5號1樓,邱雅燕,12000000,67/11/02,115/05/29,改選董事/監察人(一人法人股東指派董事/監察人),C801020 石油化工原料製造業；CB01010 機械設備製造業；CB01020 事務機器製造業；CB01990 其他機械製造業；CC01060 有線通信機械器材製造業；CC01070 無線通信機械器材製造業；CC01080 電子零組件製造業；CC01110 電腦及其週邊設備製造業；CC01990 其他電機及電子機械器材製造業；CD01010 船舶及其零件製造業,臺北市,變更,11505
15881782,百美紙品有限公司,臺北市萬華區中華路1段180之1號1樓,馮錦財,5000000,69/09/19,115/05/15,特殊補正,C701010 印刷業；F109070 文教、樂器、育樂用品批發業；F209060 文教、樂器、育樂用品零售業；F401010 國際貿易業；ZZ99999 除許可業務外，得經營法令非禁止或限制之業務,臺北市,變更,11505
16082457,大天投資股份有限公司,臺北市大安區敦化南路1段225號地下2層之10,蕭祥玲,476824000,86/05/19,115/05/05,特殊補正,H201010 一般投資業。,臺北市,變更,11505
16082695,美商良衛股份有限公司,臺北市中正區羅斯福路2段102號26樓之1,James Christopher D'Arecca,49500000,86/05/21,115/05/11,在中華民國所營事業減少登記,F108031 醫療器材批發業；F113030 精密儀器批發業；F208031 醫療器材零售業；F213040 精密儀器零售業；F401010 國際貿易業；JE01010 租賃業,臺北市,變更,11505
16085763,復華證券投資信託股份有限公司,臺北市中山區八德路2段308號3樓、7樓、8樓及9樓,杜俊雄,600000000,86/06/27,115/05/20,改選董事/監察人(一人法人股東指派董事/監察人),H303011 證券投資信託業；H304011 證券投資顧問業；H406011 期貨信託事業,臺北市,變更,11505
16089156,仁記投資股份有限公司,臺北市大同區承德路1段40號11樓,趙恩德,79800000,86/08/11,115/05/22,特殊補正,H201010 一般投資業,臺北市,變更,11505
16091527,東友科技股份有限公司,臺北市內湖區南京東路六段503號12樓,黃育仁,1125365650,86/09/08,115/05/19,經理人變更,C805050 工業用塑膠製品製造業；C805070 強化塑膠製品製造業；CB01010 機械設備製造業；CB01020 事務機器製造業；CB01990 其他機械製造業；CC01030 電器及視聽電子產品製造業；CC01060 有線通信機械器材製造業；CC01070 無線通信機械器材製造業；CC01100 電信管制射頻器材製造業；CC01110 電腦及其週邊設備製造業,臺北市,變更,11505
16093757,東森投資股份有限公司,臺北市大安區復興南路一段368號8樓,高圭廷,900000000,86/09/25,115/05/25,補選董事(常務董事.董事長)/監察人,H201010 一般投資業,臺北市,變更,11505
16097819,普華國際財務顧問股份有限公司,臺北市信義區基隆路1段333號26樓,劉博文,20000000,86/11/10,115/05/18,董事(常務董事.董事長)/監察人解任,I102010 投資顧問業；I103010 企業經營管理顧問業；I201010 徵信服務業,臺北市,變更,11505
16140457,興邁科技股份有限公司,臺北市大安區和平東路1段182之3號4樓,余家璋,10000000,86/07/30,115/05/22,特殊補正,,臺北市,變更,11505
16147070,崴而仕股份有限公司,臺北市中山區長安東路1段23號8樓之3,譚秋英,27000000,86/08/15,115/05/08,特殊補正,F111090 建材批發業；F105050 家具、寢具、廚房器具、裝設品批發業；F119010 電子材料批發業；F113030 精密儀器批發業；F113050 電腦及事務性機器設備批發業；E801010 室內裝潢業；I503010 景觀、室內設計業；ZZ99999 除許可業務外，得經營法令非禁止或限制之業務；I103060 管理顧問業；I301010 資訊軟體服務業,臺北市,變更,11505
16148943,海博企業有限公司,臺北市內湖區瑞光路295號3樓,洪苓蘭,15000000,86/08/22,115/05/21,特殊補正,F401021 電信管制射頻器材輸入業；CC01101 電信管制射頻器材製造業；ZZ99999 除許可業務外，得經營法令非禁止或限制之業務,臺北市,變更,11505
16151995,遠達投資股份有限公司,臺北市松山區敦化北路4巷48號4樓,鄭達騰,36500000,86/08/28,115/05/28,改選董事/監察人(一人法人股東指派董事/監察人),H201010 一般投資業,臺北市,變更,11505
16157674,巨晰光纖股份有限公司,臺北市中山區錦州街36號4樓,呂俊毅,312460000,86/09/15,115/05/21,改派董事/監察人,CB01010 機械設備製造業；CE01030 光學儀器製造業；CE01990 其他光學及精密器械製造業；C901020 玻璃及玻璃製品製造業；F108031 醫療器材批發業；F113030 精密儀器批發業；F208031 醫療器材零售業；F213040 精密儀器零售業；F401010 國際貿易業；ZZ99999 除許可業務外，得經營法令非禁止或限制之業務,臺北市,變更,11505
16163161,靜安租賃有限公司,臺北市大安區敦化南路1段236巷27號4樓,張蘇明,63000000,86/10/03,115/05/04,特殊補正,F104110 布疋、衣著、鞋、帽、傘、服飾品批發業；F105050 家具、寢具、廚房器具、裝設品批發業；F113010 機械批發業；F113020 電器批發業；F113030 精密儀器批發業；F113050 電腦及事務性機器設備批發業；H703090 不動產買賣業；H703100 不動產租賃業；I102010 投資顧問業；IF01010 消防安全設備檢修業,臺北市,變更,11505
16163535,金盒有限公司,臺北市松山區南京東路4段120巷19弄18號1樓,陳昱元,5000000,86/10/03,115/05/06,股東出資轉讓修正章程,F401010 國際貿易業,臺北市,變更,11505
16163802,法蘭克有限公司,臺北市松山區民權東路3段106巷3弄32號1樓,侯大乾,56000000,86/10/04,115/05/04,特殊補正,A102060 糧商業；F101040 家畜家禽批發業；F101050 水產品批發業；F101130 蔬果批發業；F102030 菸酒批發業；F102040 飲料批發業；F102170 食品什貨批發業；F119010 電子材料批發業；F201010 農產品零售業；F201020 畜產品零售業,臺北市,變更,11505
16170254,伯慶股份有限公司,臺北市內湖區民權東路6段160號9樓之4,王文欽,100000000,86/10/23,115/05/25,董事(常務董事.董事長)/監察人解任,C802090 清潔用品製造業；C802100 化粧品製造業；C802110 化粧品色素製造業；F101050 水產品批發業；F102030 菸酒批發業；F102040 飲料批發業；F102170 食品什貨批發業；F106060 寵物食品及其用品批發業；F107030 清潔用品批發業；F108031 醫療器材批發業,臺北市,變更,11505
16176150,台灣微脂體股份有限公司,臺北市南港區園區街3號11樓之1,洪基隆,846669340,86/11/10,115/05/05,補繳規費,F108021 西藥批發業；F107070 動物用藥品批發業；F107080 環境用藥批發業；F108031 醫療器材批發業；F208021 西藥零售業；F207070 動物用藥零售業；F207080 環境用藥零售業；F208031 醫療器材零售業；F401010 國際貿易業；F203010 食品什貨、飲料零售業,臺北市,變更,11505
16179115,長輝投資股份有限公司,臺北市大同區西寧北路70之1號11樓,陳謙信,190000000,86/11/18,115/05/14,特殊補正,H201010 一般投資業,臺北市,變更,11505
16209188,慧智科技股份有限公司,臺北市信義區基隆路1段400號9樓之3,蔣興文,30000000,86/08/29,115/05/04,特殊補正,F101990 其他農、畜、水產品批發業；F109070 文教、樂器、育樂用品批發業；F113050 電腦及事務性機器設備批發業；F113070 電信器材批發業；F118010 資訊軟體批發業；F201010 農產品零售業；F209060 文教、樂器、育樂用品零售業；F213030 電腦及事務性機器設備零售業；F213060 電信器材零售業；F218010 資訊軟體零售業,臺北市,變更,11505
16286179,龍合投資股份有限公司,臺北市中山區德惠街10號7樓之5,王妙鳳,5000000,86/12/04,115/05/26,特殊補正,H201010 一般投資業。,臺北市,變更,11505
16291567,連慶投資股份有限公司,臺北市信義區忠孝東路5段1之6號14樓,羅鋇,78400000,86/12/20,115/05/29,改選董事/監察人(一人法人股東指派董事/監察人),H201010 一般投資業。,臺北市,變更,11505
16297788,奇鈦科技股份有限公司,臺北市大安區忠孝東路4段285號9樓之3,龍筱芬,337160850,87/01/13,115/05/25,特殊補正,C802120 工業助劑製造業。；C802200 塗料、油漆、染料及顏料製造業；CC01120 資料儲存媒體製造及複製業；CC01080 電子零組件製造業,臺北市,變更,11505
16298864,富悅投資股份有限公司,臺北市松山區敦化北路260號7樓,黃希文,50000000,87/01/17,115/05/05,董事/監察人持股變動報備,H201010 一般投資業；H701080 都市更新重建業；H701090 都市更新整建維護業；H701010 住宅及大樓開發租售業；H701020 工業廠房開發租售業；H703090 不動產買賣業；H703100 不動產租賃業；H701070 區段徵收及市地重劃代辦業；F401010 國際貿易業；E801010 室內裝潢業,臺北市,變更,11505
16302375,麗石企業股份有限公司,臺北市松山區敦化北路222巷1號6樓,,8000000,87/02/03,115/05/22,解散,F111030 磚、瓦、石建材批發業。；F211010 建材零售業；F111040 磁磚、貼面石材批發業。；F111060 衛浴設備批發業。；F401010 國際貿易業；C306010 成衣業；C307010 服飾品製造業；F104110 布疋、衣著、鞋、帽、傘、服飾品批發業；F108040 化粧品批發業；F115010 首飾及貴金屬批發業,臺北市,變更,11505
16305909,榮太國際股份有限公司,臺北市大安區敦化南路2段77號4樓,呂豫文,40000000,87/02/17,115/05/22,增資(資本總額),E603050 自動控制設備工程業；E604010 機械安裝業；E605010 電腦設備安裝業；E701010 電信工程業；EZ99990 其他工程業；F213010 電器零售業；F213040 精密儀器零售業；F213060 電信器材零售業；F213080 機械器具零售業；F213990 其他機械器具零售業,臺北市,變更,11505
16309237,永值消防安全設備檢修股份有限公司,臺北市中山區吉林路140號7樓,吳俊德,10000000,87/02/27,115/05/28,改選董事/監察人(一人法人股東指派董事/監察人),IF01010 消防安全設備檢修業。；F117010 消防安全設備批發業；F217010 消防安全設備零售業；E603040 消防安全設備安裝工程業,臺北市,變更,11505
16309476,一上發冷氣有限公司,臺北市中山區吉林路218巷9號1樓,林秋雲,8000000,87/03/02,115/05/08,增資,F213010 電器零售業。；F206040 水器材料零售業。,臺北市,變更,11505
16318643,凱旭證券投資顧問股份有限公司,臺北市中山區南京東路3段215號3樓,劉惠玲,35000000,87/03/30,115/05/25,補繳規費,H304011 證券投資顧問業,臺北市,變更,11505
16319426,立台企業管理顧問股份有限公司,臺北市中山區南京東路2段72號10樓,劉王雪鳳,2000000,87/03/31,115/05/28,特殊補正,F218010 資訊軟體零售業；F401010 國際貿易業；F601010 智慧財產權業；I102010 一般投資顧問業；I103060 管理顧問業；I199990 其他顧問服務業；I301010 資訊軟體服務業；I301020 資料處理服務業；I301030 電子資訊供應服務業；IG02010 研究發展服務業,臺北市,變更,11505
16325784,墨刻出版股份有限公司,臺北市南港區昆陽街16號8樓,葉君超,10000000,87/04/16,115/05/15,改選董事/監察人(一人法人股東指派董事/監察人),I301030 電子資訊供應服務業；J304010 圖書出版業；J305010 有聲出版業；JB01010 會議及展覽服務業；F401010 國際貿易業；I103060 管理顧問業；I199990 其他顧問服務業；I301010 資訊軟體服務業；I301020 資料處理服務業；IZ13010 網路認證服務業,臺北市,變更,11505
16431286,新加坡商新加坡華僑銀行股份有限公司,臺北市信義區忠孝東路五段68號41樓B室及A3室,吳智明,2904000000,86/12/03,115/05/04,本公司董事及其他負責人變更,H101011 銀行業（經財政部核准項目為限）,臺北市,變更,11505
16432996,中華城股份有限公司,臺北市松山區東興路12號6樓,周志明,1160000000,86/12/15,115/05/25,改選董事/監察人(一人法人股東指派董事/監察人),F209010 書籍、文具零售業；F213030 事務性機器設備零售業；F218010 資訊軟體零售業；F301010 百貨公司業；F301020 超級市場業；F301030 一般百貨業；F401010 國際貿易業；F501010 餐廳業；G202010 停車場經營業；G801010 倉儲業,臺北市,變更,11505
16450939,羿發投資開發股份有限公司,臺北市大同區歸綏街132之2號5樓,韋碧霞,18902140,87/06/23,115/05/19,改選董事/監察人(一人法人股東指派董事/監察人),H201010 一般投資業。,臺北市,變更,11505
16587652,匯福建設股份有限公司,臺北市中山區南京東路2段100號8樓之2,郭乱,50000000,87/05/20,115/05/11,特殊補正,H701010 住宅及大樓開發租售業；H701020 工業廠房開發租售業；H701050 投資興建公共建設業；H701060 新市鎮、新社區開發業；H704010 房屋仲介業；H704020 土地仲介業,臺北市,變更,11505
16590299,偉康科技股份有限公司,臺北市松山區南京東路5段161號4樓,連泓鈞,158406450,87/05/28,115/05/28,特殊補正,F113050 電腦及事務性機器設備批發業；F118010 資訊軟體批發業；I301010 資訊軟體服務業；I301020 資料處理服務業；I301030 電子資訊供應服務業；E605010 電腦設備安裝業；E701040 簡易電信設備安裝業；F113070 電信器材批發業；F119010 電子材料批發業；F213030 電腦及事務性機器設備零售業,臺北市,變更,11505
16592091,東森國際租賃股份有限公司,臺北市大安區復興南路一段368號8樓,周惠英,885343980,87/06/03,115/05/07,一般補正案,ZZ99999 除許可業務外，得經營法令非禁止或限制之業務,臺北市,變更,11505
16594149,犇亞投資股份有限公司,臺北市松山區復興北路101號8樓之8,林美金,1000000,87/06/08,115/05/14,特殊補正,H201010 一般投資業；F401010 國際貿易業；I103060 管理顧問業；I105010 藝術品諮詢顧問業；I199990 其他顧問服務業；J303010 雜誌（期刊）出版業；J304010 圖書出版業；J399990 其他出版業；J601010 藝文服務業；J602010 演藝活動業,臺北市,變更,11505
16594210,薰輝投資興業有限公司,臺北市內湖區洲子街101號7樓,趙玉華,24700000,87/06/09,115/05/28,特殊補正,H201010 一般投資業；H701010 住宅及大樓開發租售業；H703100 不動產租賃業,臺北市,變更,11505
16594470,懷陽投資有限公司,臺北市內湖區洲子街101號7樓,趙玉華,35200000,87/06/09,115/05/28,特殊補正,H201010 一般投資業；H701010 住宅及大樓開發租售業；H703100 不動產租賃業,臺北市,變更,11505
16595793,韋日投資有限公司,臺北市內湖區洲子街101號7樓,姚智薰,28200000,87/06/12,115/05/28,特殊補正,H201010 一般投資業；H701010 住宅及大樓開發租售業；H703100 不動產租賃業,臺北市,變更,11505
16597841,康栢國際運通有限公司,臺北市中山區南京東路3段19號2樓,潘國昌,7500000,87/06/18,115/05/27,股東出資轉讓修正章程,G402011 海運承攬運送業。；G601011 航空貨運承攬業；G405010 貨櫃出租業,臺北市,變更,11505
16601269,伯峰實業有限公司,臺北市中山區民權東路2段135巷20弄5號1樓,陳金火,13000000,87/06/27,115/05/04,特殊補正,F201070 花卉零售業；F203020 菸酒零售業；F204110 布疋、衣著、鞋、帽、傘、服飾品零售業；F205040 家具、寢具、廚房器具、裝設品零售業；F206060 祭祀用品零售業；F203010 食品什貨、飲料零售業,臺北市,變更,11505
16605666,東凱租賃股份有限公司,臺北市大安區復興南路一段368號8樓,周惠英,923503460,87/07/13,115/05/19,修正章程,ZZ99999 除許可業務外，得經營法令非禁止或限制之業務,臺北市,變更,11505
16606102,網路家庭國際資訊股份有限公司,臺北市大安區敦化南路2段105號12樓,詹宏志,2047680650,87/07/14,115/05/21,註銷庫藏股減資,E605010 電腦設備安裝業；E701040 簡易電信設備安裝業；F113050 電腦及事務性機器設備批發業；F113070 電信器材批發業；F118010 資訊軟體批發業；F119010 電子材料批發業；F201010 農產品零售業；F201020 畜產品零售業；F201050 漁具零售業；F201070 花卉零售業,臺北市,變更,11505
16606200,之群企業有限公司,臺北市大安區忠孝東路4段183號13樓之2,陳燕玉,5000000,87/07/14,115/05/15,特殊補正,E605010 電腦設備安裝業；E701010 通信工程業；EZ06010 交通標示工程業；F213010 電器零售業。；F213030 事務性機器設備零售業。；F218010 資訊軟體零售業。；F219010 電子材料零售業。；F401010 國際貿易業。；I301010 資訊軟體服務業。；I301020 資料處理服務業。,臺北市,變更,11505
16619009,泰誠資訊股份有限公司,臺北市中山區松江路433號13樓,黃思博,20000000,87/08/21,115/05/06,特殊補正,F209060 文教、樂器、育樂用品零售業；F213030 電腦及事務性機器設備零售業；F218010 資訊軟體零售業；F219010 電子材料零售業；F601010 智慧財產權業；I301010 資訊軟體服務業；I301030 電子資訊供應服務業；F401010 國際貿易業；F214030 汽、機車零件配備零售業；I301020 資料處理服務業,臺北市,變更,11505
16619401,承瀚開發有限公司,臺北市中山區敬業一路1號,李信東,5000000,87/08/25,115/05/13,特殊補正,F206020 日常用品零售業；H701050 投資興建公共建設業；H701070 區段徵收及市地重劃代辦業；H701090 都市更新整建維護業；G202010 停車場經營業；E801020 門窗安裝工程業；E801030 室內輕鋼架工程業；E801040 玻璃安裝工程業；E801070 廚具、衛浴設備安裝工程業；JZ99050 仲介服務業,臺北市,變更,11505
16622877,冠鴻通運有限公司,臺北市中山區復興北路344號12樓之1,李鷺琴,30000000,87/09/03,115/05/07,特殊補正,G101051 遊覽車客運業；F114010 汽車批發業；F114030 汽、機車零件配備批發業；F114050 車胎批發業；F214010 汽車零售業；F214030 汽、機車零件配備零售業；F214050 車胎零售業；F299990 其他零售業；F399990 其他綜合零售業；F401010 國際貿易業,臺北市,變更,11505
16628838,超越文化出版事業股份有限公司,臺北市萬華區長沙街2段136號2樓,江芳男,20000000,87/09/22,115/05/21,特殊補正,I301010 資訊軟體服務業；I301020 資料處理服務業；I301030 電子資訊供應服務業；I401010 一般廣告服務業；IG02010 研究發展服務業；IZ10010 排版業；IZ15010 市場研究及民意調查業；IZ99990 其他工商服務業；J304010 圖書出版業；J305010 有聲出版業,臺北市,變更,11505
16639589,韓新遠洋船務代理股份有限公司,臺北市中山區民生東路3段51號8樓,李康熏(LEE KANG HUN),12000000,87/08/24,115/05/08,特殊補正,G401011 船務代理業；ZZ99999 除許可業務外，得經營法令非禁止或限制之業務；F401010 國際貿易業,臺北市,變更,11505
16744034,融星投資股份有限公司,臺北市中正區新生南路1段50號14樓之2,沈宗桂,200000000,87/09/30,115/05/27,改派董事/監察人,H201010 一般投資業。,臺北市,變更,11505
16745322,優美科國際股份有限公司,臺北市信義區基隆路2段189號16樓之2,王志亷,28000000,87/10/14,115/05/11,特殊補正,F199990 其他批發業(有色金屬原料電鍍及壓鑄廢料)；F299990 其他零售業(有色金屬原料電鍍及壓鑄廢料)；F107990 其他化學製品批發業(無機化學品貴金屬有機及無機化合物)；F207990 其他化學製品零售業(無機化學品貴金屬有機及無機化合物)；F401010 國際貿易業；F106010 五金批發業；F206010 五金零售業；F111090 建材批發業；F211010 建材零售業；F108021 西藥批發業,臺北市,變更,11505
16746666,新生傑世騰電子股份有限公司,臺北市中山區民權東路3段35號5樓,高橋充広,7000000,87/10/30,115/05/05,特殊補正,F119010 電子材料批發業；F113030 精密儀器批發業；F213040 精密儀器零售業；F219010 電子材料零售業；F401010 國際貿易業；ZZ99999 除許可業務外，得經營法令非禁止或限制之業務,臺北市,變更,11505
16759937,臺灣碧欣網絡物流股份有限公司,臺北市大同區承德路2段199號1樓,李以文,41000000,87/10/31,115/05/21,特殊補正,H201010 一般投資業；F105050 家具、寢具、廚房器具、裝設品批發業；F106010 五金批發業；F107010 漆料、塗料批發業；F106040 水器材料批發業；F113020 電器批發業；F113990 其他機械器具批發業；F119010 電子材料批發業；F205040 家具、寢具、廚房器具、裝設品零售業；F206010 五金零售業,臺北市,變更,11505
16764538,紘瑋企業股份有限公司,臺北市士林區德行東路283巷7號,林慧晴,25000000,87/11/19,115/05/15,改選董事/監察人(一人法人股東指派董事/監察人),F104010 布疋批發業。；F104020 成衣批發業。；F104040 皮包、手提袋、皮箱批發業。；F104050 服飾品批發業。；F104060 寢具批發業。；F105020 室內裝飾品紡織品批發業。；F204010 布疋零售業。；F204020 成衣零售業。；F204040 皮包、手提袋、皮箱零售業。；F204050 服飾品零售業。,臺北市,變更,11505
16767514,耀宇科技有限公司,臺北市信義區東興路39號7樓,馮有薇,50000000,87/11/27,115/05/07,公司印鑑變更,IG01010 生物技術服務業；F102170 食品什貨批發業；F108040 化粧品批發業；F109070 文教、樂器、育樂用品批發業；H703090 不動產買賣業；H703100 不動產租賃業；JZ99050 仲介服務業；ZZ99999 除許可業務外，得經營法令非禁止或限制之業務,臺北市,變更,11505
16788004,台灣日通日電物流股份有限公司,臺北市中山區松江路223號10樓,椎野和博,10000000,88/02/19,115/05/12,特殊補正,I103060 管理顧問業；G801010 倉儲業；F401010 國際貿易業；F209060 文教、樂器、育樂用品零售業；F218010 資訊軟體零售業；I301010 資訊軟體服務業；IZ06010 理貨包裝業；G402011 海運承攬運送業；G601011 航空貨運承攬業；ZZ99999 除許可業務外，得經營法令非禁止或限制之業務,臺北市,變更,11505
16790199,南山發展國際股份有限公司,臺北市松山區南京東路5段223號14樓,涂天漢,20000000,88/03/04,115/05/07,特殊補正,F109030 運動器材批發業；F109040 玩具、娛樂用品批發業；F106010 五金批發業；F105020 室內裝飾品紡織品批發業；I504010 花藝設計業；F401010 國際貿易業,臺北市,變更,11505
16790944,雅泰文具事業有限公司,臺北市內湖區康寧路3段70巷28號2樓之1,邱素真,1000000,88/03/08,115/05/11,公司所營事業變更修正章程,F118010 資訊軟體批發業；F218010 資訊軟體零售業；E603050 自動控制設備工程業；F401010 國際貿易業；F109070 文教、樂器、育樂用品批發業；F209060 文教、樂器、育樂用品零售業；F399040 無店面零售業；F113020 電器批發業；F213010 電器零售業；F113050 電腦及事務性機器設備批發業,臺北市,變更,11505
16793365,家興人力資源顧問股份有限公司,臺北市中正區忠孝東路1段76號8樓之5,黎金生,90000000,88/03/16,115/05/22,特殊補正,I701011 就業服務業。；I103010 企業經營管理顧問業。；I104010 營養諮詢顧問業。；F203010 食品、飲料零售業。；F501990 其他餐飲業（伙食包作、辦桌）；J901020 一般旅館業。；IZ12010 人力派遣業；J201030 技能技藝訓練業；JB01010 展覽服務業；JZ99050 仲介服務業,臺北市,變更,11505
16793626,長松生物科技股份有限公司,臺北市中正區林森南路10號5樓,柯長崎,20000000,88/03/17,115/05/06,改選董事/監察人(一人法人股東指派董事/監察人),F108031 醫療器材批發業；F108040 化粧品批發業；F108060 乙類成藥批發業,臺北市,變更,11505
16794028,存鈺科技有限公司,臺北市萬華區昆明街58號4樓之6,趙存斌,5000000,88/03/19,115/05/06,股東出資轉讓修正章程,F401010 國際貿易業；F113020 電器批發業；F102040 飲料批發業；F102100 糖果批發業；F102110 烘焙食品批發業；F102070 罐頭食品批發業；F104050 服飾品批發業；F113050 事務性機器設備批發業；F116010 照相器材批發業；F119010 電子材料批發業,臺北市,變更,11505
16797159,捷得利股份有限公司,臺北市信義區松山路421號5樓之9,謝榮倫,1000000,88/03/30,115/05/04,特殊補正,F105010 家具批發業。；F205010 家具零售業。；F105020 室內裝飾品紡織品批發業。；F205020 裝設品零售業。；F106010 五金批發業︹舊貨除外︺；F206010 五金零售業︹舊貨除外︺；F106020 日常用品批發業；F206020 日常用品零售業,臺北市,變更,11505
16798447,振作雲科技股份有限公司,臺北市松山區八德路4段135號7樓,廖兆煉,8700000,88/04/02,115/05/15,董事/監察人更名,F118010 資訊軟體批發業；F218010 資訊軟體零售業；F401010 國際貿易業；I301010 資訊軟體服務業；I301020 資料處理服務業；I301030 電子資訊供應服務業；E605010 電腦設備安裝業；F399040 無店面零售業；J601010 藝文服務業；J602010 演藝活動業,臺北市,變更,11505
16802370,眾信國際旅行社有限公司,臺北市中山區長安東路2段81號11樓之2,陳秀婷,15000000,88/04/29,115/05/27,特殊補正,J902011 旅行業,臺北市,變更,11505
16822426,堡誠電訊工程有限公司,臺北市北投區懷德街46號11樓,莊松德,5000000,89/01/19,115/05/27,特殊補正,E701020 衛星電視ＫＵ頻道、Ｃ頻道器材安裝業；F113070 電信器材批發業；F118010 資訊軟體批發業；F213060 電信器材零售業；F218010 資訊軟體零售業；H703100 不動產租賃業；JE01010 租賃業；E701030 電信管制射頻器材裝設工程業；E603010 電纜安裝工程業；E603080 交通號誌安裝工程業,臺北市,變更,11505
16831332,臺灣阿爾卑斯技研股份有限公司,臺北市中山區松江路146號5樓,渡邉信之,40000000,87/12/16,115/05/04,改派董事/監察人,F113050 電腦及事務性機器設備批發業；F213030 電腦及事務性機器設備零售業；F113030 精密儀器批發業。；F213040 精密儀器零售業。；F113070 電信器材批發業。；F213060 電信器材零售業。；F119010 電子材料批發業。；F219010 電子材料零售業。；J101050 環境檢測服務業。；F213080 機械器具零售業。,臺北市,變更,11505
16831831,野村證券投資信託股份有限公司,臺北市信義區信義路5段7號30樓、30樓之1、31樓、31樓之1,毛昱文Ashwin Mehta,345511560,87/12/18,115/05/15,改選董事/監察人(一人法人股東指派董事/監察人),H303011 證券投資信託業；H304011 證券投資顧問業,臺北市,變更,11505
16840487,台灣樂金顯示科技股份有限公司,臺北市內湖區堤頂大道2段89號9樓,朴漢福,115500000,88/04/12,115/05/18,改選董事/監察人(一人法人股東指派董事/監察人),F113010 機械批發業；F113020 電器批發業；F113030 精密儀器批發業；F113050 電腦及事務性機器設備批發業；F113070 電信器材批發業；F118010 資訊軟體批發業；F119010 電子材料批發業；F213010 電器零售業；F213030 電腦及事務性機器設備零售業；F213040 精密儀器零售業,臺北市,變更,11505
16845547,瑞堯投資股份有限公司,臺北市中山區長安東路1段9號3樓,許家堯,430000000,88/06/03,115/05/15,特殊補正,H201010 一般投資業,臺北市,變更,11505
16849332,香港商安森美半導體有限公司,臺北市內湖區基湖路35巷16號10樓,莊紹揚,2500000,88/07/14,115/05/08,在中華民國所營事業增加登記,F119010 電子材料批發業；F219010 電子材料零售業；F401010 國際貿易業；I301010 資訊軟體服務業；IZ99990 其他工商服務業；ZZ99999 除許可業務外，得經營法令非禁止或限制之業務,臺北市,變更,11505
16863663,璇寰國際有限公司,臺北市信義區吳興街600巷98弄1號,吳亭邑,29000000,88/02/26,115/05/26,特殊補正,F113990 其他機械器具批發業；F213990 其他機械器具零售業；A102060 糧商業；C103050 罐頭、冷凍、脫水及醃漬食品製造業；C104020 烘焙炊蒸食品製造業；C109010 調味品製造業；F101100 花卉批發業；F101130 蔬果批發業；F102040 飲料批發業；F102170 食品什貨批發業,臺北市,變更,11505
16998578,杏豐實業股份有限公司,臺北市中正區中華路1段59號10樓之1,歐慶鵬,300000000,88/09/06,115/05/26,改選董事/監察人(一人法人股東指派董事/監察人),F108031 醫療器材批發業；F208031 醫療器材零售業；F106010 五金批發業；F206010 五金零售業；F208021 西藥零售業；F108040 化粧品批發業；F208040 化粧品零售業；F113060 度量衡器批發業；F213050 度量衡器零售業；F401010 國際貿易業,臺北市,變更,11505
18508900,大千交通企業股份有限公司,臺北市松山區健康路182號2樓,林宏立,51000000,57/01/06,115/05/18,改選董事/監察人(一人法人股東指派董事/監察人),,臺北市,變更,11505
18556705,和泰營造股份有限公司,臺北市中山區中山北路2段52號4樓,邱智亮,28000000,53/03/22,115/05/21,發行新股,E101011 綜合營造業；ZZ99999 除許可業務外，得經營法令非禁止或限制之業務,臺北市,變更,11505
19004316,華新科技股份有限公司,臺北市信義區松智路1號24樓,焦佑衡,4852047740,59/07/29,115/05/21,註銷庫藏股減資,CC01080 電子零組件製造業,臺北市,變更,11505
19035227,新佳原海外貿易有限公司,臺北市大安區信義路2段28號8樓,何政治,8900000,59/05/29,115/05/20,特殊補正,,臺北市,變更,11505
19044106,臺北工業股份有限公司,臺北市中山區中山北路3段22號,張榮華,269123000,39/03/20,115/05/21,法人股東更名、國籍、地址變更,,臺北市,變更,11505
20559989,宏春建材股份有限公司,臺北市松山區南京東路4段179巷1號1樓,陳東龍,12000000,60/05/26,115/05/21,特殊補正,,臺北市,變更,11505
20657406,源利工程股份有限公司,臺北市中山區興亞里18鄰南京東路二段96號8樓,王雅誠,1025000000,54/05/28,115/05/26,改派董事/監察人,E101011 綜合營造業；H701010 住宅及大樓開發租售業；H703090 不動產買賣業,臺北市,變更,11505
20685304,臺灣航勤股份有限公司,臺北市松山區敦化北路340號機場內,韓梁中,435600000,55/07/19,115/05/29,改選董事/監察人(一人法人股東指派董事/監察人),G602011 航空站地勤業；G801010 倉儲業；ZZ99999 除許可業務外，得經營法令非禁止或限制之業務,臺北市,變更,11505
20739596,宏穎有限公司,臺北市中正區泰安街6巷2號5樓,陳正武,5000000,65/11/30,115/05/05,特殊補正,F104110 布疋、衣著、鞋、帽、傘、服飾品批發業；F109070 文教、樂器、育樂用品批發業；I103060 管理顧問業；F401010 國際貿易業；ZZ99999 除許可業務外，得經營法令非禁止或限制之業務,臺北市,變更,11505
20756497,天然觀光開發股份有限公司,臺北市松山區南京東路3段337號13樓,,60000000,60/10/05,115/05/06,改選董事/監察人(一人法人股東指派董事/監察人),,臺北市,變更,11505
20768310,系統電子工業股份有限公司,臺北市內湖區堤頂大道一段1號6樓,李益仁,2303660630,66/10/14,115/05/27,可轉換公司債換發新股,CB01020 事務機器製造業；CC01060 有線通信機械器材製造業；CC01070 無線通信機械器材製造業；CC01080 電子零組件製造業；CC01110 電腦及其週邊設備製造業；CE01010 一般儀器製造業；F113030 精密儀器批發業；F113050 電腦及事務性機器設備批發業；F119010 電子材料批發業；F113070 電信器材批發業,臺北市,變更,11505
20772763,南山竹器工廠股份有限公司,臺北市松山區南京東路5段223號14樓,涂茂雄,15000000,66/12/08,115/05/07,改選董事/監察人(一人法人股東指派董事/監察人),,臺北市,變更,11505
20782137,漢弓股份有限公司,臺北市信義區信義路5段5號,陳光燦,60000000,67/04/10,115/05/08,改選董事/監察人(一人法人股東指派董事/監察人),C801100 合成樹脂及塑膠製造業；C802200 塗料、油漆、染料及顏料製造業；C805010 塑膠皮、布、板、管材製造業；C805050 工業用塑膠製品製造業；C805070 強化塑膠製品製造業；CC01030 電器及視聽電子產品製造業；CC01080 電子零組件製造業；CC01990 其他電機及電子機械器材製造業；CD01030 汽車及其零件製造業；CE01010 一般儀器製造業,臺北市,變更,11505
20804548,梵谷室內設計工程有限公司,臺北市信義區光復南路505號4樓之3,張智鈞,2000000,67/11/16,115/05/26,股東出資轉讓修正章程,,臺北市,變更,11505
20831783,台灣莊臣股份有限公司,臺北市信義區信義路5段2號8樓,范喬爾,1000000,68/07/04,115/05/25,公司所在地,C802090 清潔用品製造業 (另設合法地點經營)；F107030 清潔用品批發業；F207030 清潔用品零售業；C802080 環境用藥製造業 (另設合法地點經營)；F107080 環境用藥批發業；F207080 環境用藥零售業；C802100 化粧品製造業 (另設合法地點經營)；F108040 化粧品批發業；F208040 化粧品零售業；C802120 工業助劑製造業 (另設合法地點經營),臺北市,變更,11505
20838006,沛恩實業股份有限公司,臺北市松山區復興北路167號15樓,孟國慶,107550000,68/11/02,115/05/04,特殊補正,,臺北市,變更,11505
20872209,來特投資股份有限公司,臺北市內湖區民善街89號,陳清華,102000000,69/11/19,115/05/29,特殊補正,H201010 一般投資業,臺北市,變更,11505
20884084,勵瑩車業有限公司,臺北市松山區松山路348號,彭龍三,1000000,70/04/09,115/05/21,公司所營事業變更修正章程,F214020 機車零售業；F214030 汽、機車零件配備零售業；JA02020 機車修理業；J101990 其他環保服務業(機車排氣檢定)；ZZ99999 除許可業務外，得經營法令非禁止或限制之業務,臺北市,變更,11505
20905449,遠見天下文化出版股份有限公司,臺北市中山區松江路93巷1號2樓,王力行,300309620,70/11/16,115/05/25,董事/監察人持股變動報備,F209060 文教、樂器、育樂用品零售業；F218010 資訊軟體零售業；F401010 國際貿易業；I103060 管理顧問業；I301020 資料處理服務業；I401010 一般廣告服務業；IZ15010 市場研究及民意調查業；J303010 雜誌（期刊）出版業；J304010 圖書出版業；J305010 有聲出版業,臺北市,變更,11505
20914587,吉佑企業有限公司,臺北市松山區寧安街68巷2號1樓,蔡文榮,6000000,69/02/16,115/05/22,股東出資轉讓修正章程,,臺北市,變更,11505
20916488,瑞士商愛爾康大藥廠股份有限公司,臺北市中正區仁愛路二段99號11樓,李靖詰,5000000,71/02/12,115/05/06,改派在中華民國境內負責人變更登記,F108021 西藥批發業；F108031 醫療器材批發業；F102170 食品什貨批發業；F208021 西藥零售業；F203010 食品什貨、飲料零售業；I103060 管理顧問業；F401021 電信管制射頻器材輸入業；F208031 醫療器材零售業；ZZ99999 除許可業務外，得經營法令非禁止或限制之業務；CE01030 光學儀器製造業,臺北市,變更,11505
20936978,偉冠企業有限公司,臺北市松山區民生東路4段80巷3弄8之1號1樓,尤貞欣,1000000,71/08/26,115/05/15,股東出資轉讓修正章程,,臺北市,變更,11505
20968507,德祐實業有限公司,臺北市文山區木新路3段172巷2弄7號,廖翊成,2000000,72/03/30,115/05/12,申登機關變更（遷入，含卷）,,臺北市,變更,11505
20990135,上鈺科技股份有限公司,臺北市松山區南京東路5段356號7樓,陳淑然,50000000,72/08/22,115/05/08,改選董事/監察人(一人法人股東指派董事/監察人),F118010 資訊軟體批發業；F213060 電信器材零售業；F113070 電信器材批發業；F218010 資訊軟體零售業；I301010 資訊軟體服務業；I301020 資料處理服務業；I301030 電子資訊供應服務業；E605010 電腦設備安裝業；F119010 電子材料批發業；F219010 電子材料零售業,臺北市,變更,11505
20991373,物門貿易股份有限公司,臺北市內湖區堤頂大道2段285號6樓,胡首華,28000000,72/08/31,115/05/22,特殊補正,ZZ99999 除許可業務外，得經營法令非禁止或限制之業務,臺北市,變更,11505
20994929,殷富資訊股份有限公司,臺北市松山區敦化北路102號13樓,周沛任,180000000,72/08/05,115/05/13,特殊補正,F118010 資訊軟體批發業；F218010 資訊軟體零售業；I301010 資訊軟體服務業；I301020 資料處理服務業；I301030 電子資訊供應服務業；IE01010 電信業務門號代辦業；E701010 電信工程業；E605010 電腦設備安裝業；F113050 電腦及事務性機器設備批發業；F213030 電腦及事務性機器設備零售業,臺北市,變更,11505
21222871,法商法國巴黎銀行股份有限公司,臺北市信義區信義路五段7號71樓之1，72樓及72樓之1,寶森,890000000,73/05/31,115/05/25,本公司董事及其他負責人變更,H101011 銀行業（經目的事業主管機關核准營業項目為限）；H102011 票券金融業（經目的事業主管機關核准營業項目為限）；H103011 外匯經紀商（經目的事業主管機關核准營業項目為限）；H301011 證券商（經目的事業主管機關核准營業項目為限）,臺北市,變更,11505
21235812,高根建設股份有限公司,臺北市大安區忠孝東路4段233號6樓之10,高國耆,9000000,73/09/29,115/05/06,補繳規費,,臺北市,變更,11505
21259617,信成保險經紀人股份有限公司,臺北市內湖區內湖路1段246號10樓,梁涵茗(Neo Han Meng),10000000,74/04/30,115/05/26,特殊補正,,臺北市,變更,11505
22013508,宏臣安全科技股份有限公司,臺北市中山區南京東路3段103號12樓,張清枝,29000000,74/12/06,115/05/11,改選董事/監察人(一人法人股東指派董事/監察人),E601020 電器安裝業；E603020 電梯安裝工程業；E603040 消防安全設備安裝工程業；E603050 自動控制設備工程業；E604010 機械安裝業；EZ05010 儀器、儀表安裝工程業；F113010 機械批發業；F113020 電器批發業；F113030 精密儀器批發業；F113070 電信器材批發業,臺北市,變更,11505
22017075,上友興業有限公司,臺北市士林區中正路633號5樓,李友揚,10000000,75/02/14,115/05/27,股東出資轉讓修正章程,,臺北市,變更,11505
22022372,吉泰企業股份有限公司,臺北市南港區三重路95號1樓,林奮祺,28000000,76/10/17,115/05/20,改選董事/監察人(一人法人股東指派董事/監察人),,臺北市,變更,11505
22025883,多麥斯企業股份有限公司,臺北市信義區信義路5段5號,陳思,5000000,75/03/14,115/05/28,特殊補正,ZZ99999 除許可業務外，得經營法令非禁止或限制之業務,臺北市,變更,11505
22030387,國昌投資企業股份有限公司,臺北市松山區敦化北路4巷25弄1號,謝明健,18000000,75/03/27,115/05/18,董事/監察人持股變動報備,H201010 一般投資業；F401010 國際貿易業；H202010 創業投資業；H701010 住宅及大樓開發租售業；H703090 不動產買賣業；H703100 不動產租賃業；ZZ99999 除許可業務外，得經營法令非禁止或限制之業務,臺北市,變更,11505
22164266,吟桂股份有限公司,臺北市大安區仁愛路4段339號15樓,史明法,70000000,75/06/28,115/05/21,特殊補正,F501060 餐館業；F501030 飲料店業；F106020 日常用品批發業；F207030 清潔用品零售業；F208040 化粧品零售業；I401010 一般廣告服務業；I501010 產品設計業；IZ12010 人力派遣業；F401010 國際貿易業；A401020 家畜禽飼育業,臺北市,變更,11505
22164580,訊舟科技股份有限公司,臺北市內湖區新湖一路278號,潘良榮,2247616080,75/06/28,115/05/29,認股憑證換發新股,CC01110 電腦及其週邊設備製造業；F113050 電腦及事務性機器設備批發業；F118010 資訊軟體批發業；F401010 國際貿易業；CC01101 電信管制射頻器材製造業；F401021 電信管制射頻器材輸入業；E605010 電腦設備安裝業；CC01060 有線通信機械器材製造業；CC01070 無線通信機械器材製造業；CC01080 電子零組件製造業,臺北市,變更,11505
22179459,吉營實業股份有限公司,臺北市松山區南京東路5段6號4樓,凌勝吉,12000000,75/08/06,115/05/14,特殊補正,,臺北市,變更,11505
22191067,艾美貿易股份有限公司,臺北市松山區南京東路5段234號6樓之1,薛安庭,10000000,75/09/08,115/05/19,特殊補正,F401010 國際貿易業；F114030 汽、機車零件配備批發業；F114990 其他交通運輸工具及其零件批發業；F214030 汽、機車零件配備零售業；F214990 其他交通運輸工具及其零件零售業；ZZ99999 除許可業務外，得經營法令非禁止或限制之業務,臺北市,變更,11505
22210466,東佶營造工程有限公司,臺北市中山區建國北路2段96號9樓,李朝一,480000000,75/06/21,115/05/15,增資,E101011 綜合營造業；F111090 建材批發業；F401010 國際貿易業；EZ99990 其他工程業；ZZ99999 除許可業務外，得經營法令非禁止或限制之業務,臺北市,變更,11505
22286319,漢濱營造股份有限公司,臺北市松山區南京東路5段102之1號1樓,劉炳盛,24000000,77/10/16,115/05/11,特殊補正,,臺北市,變更,11505
22324714,環國企業有限公司,臺北市信義區嘉興街311號1樓,張昌中,60000000,75/10/23,115/05/27,公司所在地,C305010 印染整理業；C805010 塑膠皮、布、板、管材製造業；C805030 塑膠日用品製造業；C805050 工業用塑膠製品製造業；C805060 塑膠皮製品製造業；EZ11010 球場跑道樹脂材料鋪設工程業；EZ14010 運動場地用設備工程業；F102170 食品什貨批發業；F104110 布疋、衣著、鞋、帽、傘、服飾品批發業；F105050 家具、寢具、廚房器具、裝設品批發業,臺北市,變更,11505
22327000,百慶纖維股份有限公司,臺北市大同區塔城街64號7樓,陳建男,36000000,75/10/29,115/05/22,改選董事/監察人(一人法人股東指派董事/監察人),,臺北市,變更,11505
22328057,麥園蛋糕食品有限公司,臺北市文山區景文街155號1樓,李素霞,9000000,75/11/04,115/05/21,股東出資轉讓修正章程,F203010 食品什貨、飲料零售業；F401010 國際貿易業；C104020 烘焙炊蒸食品製造業；ZZ99999 除許可業務外，得經營法令非禁止或限制之業務,臺北市,變更,11505
22334760,三芳植物油業有限公司,臺北市文山區指南路1段9號1樓,李瑞雯,1000000,75/11/24,115/05/05,特殊補正,,臺北市,變更,11505
22347391,巨曜股份有限公司,臺北市中山區吉林路24號7樓之3,黃馨廣,5000000,75/12/27,115/05/08,特殊補正,F104110 布疋、衣著、鞋、帽、傘、服飾品批發業；F106010 五金批發業；F107020 染料、顏料批發業；F108040 化粧品批發業；F113010 機械批發業；F113050 電腦及事務性機器設備批發業；F114010 汽車批發業；F114020 機車批發業；F114030 汽、機車零件配備批發業；F114040 自行車及其零件批發業,臺北市,變更,11505
22353914,鎧安國際有限公司,臺北市士林區後港街139號1樓,徐審誠,5000000,76/01/19,115/05/11,公司所在地,F401010 國際貿易業；ZZ99999 除許可業務外，得經營法令非禁止或限制之業務,臺北市,變更,11505
22356362,順友貿易股份有限公司,臺北市士林區德行西路37號10樓,洪鄭桂鳳,68000000,76/01/24,115/05/13,公司所在地,F401010 國際貿易業；C805010 塑膠皮、布、板、管材製造業；CB01010 機械設備製造業；C805030 塑膠日用品製造業；CB01030 污染防治設備製造業；F107010 漆料、塗料批發業；F107020 染料、顏料批發業；ZZ99999 除許可業務外，得經營法令非禁止或限制之業務,臺北市,變更,11505
22364497,滿和股份有限公司,臺北市大安區忠孝東路4段303號3樓,林仁邦,5000000,76/02/23,115/05/05,特殊補正,,臺北市,變更,11505
22443021,仁友興業股份有限公司,臺北市大安區信義路4段341號6樓之2,陳懿君,20000000,76/04/22,115/05/21,特殊補正,F102170 食品什貨批發業；F203010 食品什貨、飲料零售業；F107070 動物用藥品批發業；F207070 動物用藥零售業；F107990 其他化學製品批發業；F207990 其他化學製品零售業；F108021 西藥批發業；F208021 西藥零售業；F108040 化粧品批發業；F208040 化粧品零售業,臺北市,變更,11505
22446744,資誠企業管理顧問股份有限公司,臺北市信義區基隆路1段333號27樓,徐聖忠,30000000,76/04/30,115/05/18,補選董事(常務董事.董事長)/監察人,,臺北市,變更,11505
22522313,艾波比股份有限公司,臺北市內湖區基湖路18號10樓,康亮Lars Peter Eckerlein,195000000,76/04/20,115/05/06,改選董事/監察人(一人法人股東指派董事/監察人),CB01010 機械設備製造業；CB01030 污染防治設備製造業；CB01990 其他機械製造業；CC01010 發電、輸電、配電機械製造業；CC01030 電器及視聽電子產品製造業；CC01080 電子零組件製造業；CC01110 電腦及其週邊設備製造業；CC01990 其他電機及電子機械器材製造業；CD01020 軌道車輛及其零件製造業；CD01070 商港區船舶小修業,臺北市,變更,11505
22553217,台灣樂金電器股份有限公司,臺北市內湖區基湖路3巷47號6樓,金建一(KIM KUN IL),528925420,76/04/23,115/05/04,改選董事/監察人(一人法人股東指派董事/監察人),F113020 電器批發業；F213010 電器零售業；F113050 電腦及事務性機器設備批發業；F213030 電腦及事務性機器設備零售業；F113070 電信器材批發業；F213060 電信器材零售業；F113030 精密儀器批發業；F213040 精密儀器零售業；E601020 電器安裝業；E603050 自動控制設備工程業,臺北市,變更,11505
22554659,立寶電子股份有限公司,臺北市中山區南京東路2段76號4樓,許勝豪,83550000,76/05/30,115/05/14,公司所在地,I301010 資訊軟體服務業；I301020 資料處理服務業；I301030 電子資訊供應服務業；CC01060 有線通信機械器材製造業；CC01070 無線通信機械器材製造業；CC01080 電子零組件製造業；CC01110 電腦及其週邊設備製造業；F113010 機械批發業；F113050 電腦及事務性機器設備批發業；F113070 電信器材批發業,臺北市,變更,11505
22594879,上敦企業有限公司,臺北市中山區南京東路3段103號12樓,張清枝,29800000,76/09/09,115/05/11,股東出資轉讓修正章程,C801010 基本化學工業；C801100 合成樹脂及塑膠製造業；C801110 肥料製造業；C801990 其他化學材料製造業；C802090 清潔用品製造業；C802120 工業助劑製造業；C802990 其他化學製品製造業；CB01010 機械設備製造業；CB01030 污染防治設備製造業；CB01990 其他機械製造業,臺北市,變更,11505
22595201,皇廣鑄造發展股份有限公司,臺北市松山區民生東路3段113巷25弄6號2樓之3,張雍驊,100000000,76/09/09,115/05/05,補選董事(常務董事.董事長)/監察人,,臺北市,變更,11505
22608851,億東企業股份有限公司,臺北市萬華區西昌街142號8樓之5,陳鴻焜,304400000,76/07/08,115/05/06,改選董事/監察人(一人法人股東指派董事/監察人),A101011 種苗業；A101020 農作物栽培業；A102020 農產品整理業；A102050 作物栽培服務業；A102060 糧商業；A199990 其他農業；F101081 種苗批發業；F102030 菸酒批發業；F102170 食品什貨批發業；F201010 農產品零售業,臺北市,變更,11505
22611173,龍來實業股份有限公司,臺北市南港區市民大道7段13號2樓,劉皇慶,5000000,76/07/14,115/05/12,特殊補正,C306010 成衣業；C307010 服飾品製造業；C399990 其他紡織及製品製造業；C402030 皮革、毛皮製品製造業；CG01010 珠寶及貴金屬製品製造業；F104110 布疋、衣著、鞋、帽、傘、服飾品批發業；F105050 家具、寢具、廚房器具、裝設品批發業；F108040 化粧品批發業；F109070 文教、樂器、育樂用品批發業；F115010 首飾及貴金屬批發業,臺北市,變更,11505
22635246,翰可國際股份有限公司,臺北市內湖區瑞光路258巷2號6樓之2,陳洋淵,330000000,76/09/05,115/05/04,特殊補正,F111090 建材批發業；F211010 建材零售業；F119010 電子材料批發業；F219010 電子材料零售業；C805010 塑膠皮、布、板、管材製造業；C805030 塑膠日用品製造業；CC01080 電子零組件製造業；CD01030 汽車及其零件製造業；CD01040 機車及其零件製造業；CC01990 其他電機及電子機械器材製造業,臺北市,變更,11505
22644462,大洋保險經紀人股份有限公司,臺北市士林區磺溪街47巷6號2樓,黃麗雲,5000000,76/09/26,115/05/21,修正章程,,臺北市,變更,11505
22660841,和旺聯合實業股份有限公司,臺北市大同區民權西路92號,宋英華,1388322000,76/10/05,115/05/25,臨時管理人登記,H701010 住宅及大樓開發租售業；H701020 工業廠房開發租售業；H701040 特定專業區開發業；H701050 投資興建公共建設業；H701060 新市鎮、新社區開發業；H701070 區段徵收及市地重劃代辦業；H703090 不動產買賣業；H703100 不動產租賃業；E801010 室內裝潢業；E801020 門窗安裝工程業,臺北市,變更,11505
22662123,元泰寶股份有限公司,臺北市松山區民生東路3段135號7樓,葛世傑,8000000,76/07/25,115/05/21,特殊補正,F501020 小吃店業；F203010 食品什貨、飲料零售業；F203020 菸酒零售業,臺北市,變更,11505
22662209,亞東海事檢定保險公證人股份有限公司,臺北市中山區松江路65號8樓,石田正明,6500000,76/08/01,115/05/25,特殊補正,,臺北市,變更,11505
22662664,台灣吉野家股份有限公司,臺北市中正區館前路59號2樓,成瀨哲也,549200000,76/10/06,115/05/22,一般補正案,F401010 國際貿易業；F201010 農產品零售業；F201020 畜產品零售業；F206020 日常用品零售業；F501060 餐館業；F102030 菸酒批發業；F203020 菸酒零售業；A102060 糧商業；ZZ99999 除許可業務外，得經營法令非禁止或限制之業務；F101990 其他農、畜、水產品批發業,臺北市,變更,11505
22663544,環宇投資股份有限公司,臺北市信義區忠孝東路四段563號16樓,張昌邦,1697957230,77/01/14,115/05/20,改選董事/監察人(一人法人股東指派董事/監察人),H201010 一般投資業,臺北市,變更,11505
22663832,台灣三浦工業股份有限公司,臺北市內湖區行愛路69號4樓,三本順一,340000000,77/02/26,115/05/18,改選董事/監察人(一人法人股東指派董事/監察人),C802120 工業助劑製造業；CA02060 金屬容器製造業；CB01010 機械設備製造業；CB01030 污染防治設備製造業；CC01110 電腦及其週邊設備製造業；E603050 自動控制設備工程業；E604010 機械安裝業；E605010 電腦設備安裝業；EZ05010 儀器、儀表安裝工程業；F107170 工業助劑批發業,臺北市,變更,11505
22716774,台敘貿易股份有限公司,臺北市大同區哈密街59巷77號1樓,Joseph Keith Washington,10000000,76/11/06,115/05/04,特殊補正,F111090 建材批發業,臺北市,變更,11505
22720165,沛康有限公司,臺北市松山區八德路2段374號9樓之7,李庭昇,7500000,76/11/14,115/05/26,特殊補正,F102170 食品什貨批發業；F104110 布疋、衣著、鞋、帽、傘、服飾品批發業；F105050 家具、寢具、廚房器具、裝設品批發業；F108040 化粧品批發業；F109070 文教、樂器、育樂用品批發業；F111090 建材批發業；F114030 汽、機車零件配備批發業；F114050 車胎批發業；F199990 其他批發業；F399040 無店面零售業,臺北市,變更,11505
22734533,鸝鳥企業股份有限公司,臺北市內湖區內湖路1段66號3樓,劉美伶,15000000,76/12/22,115/05/11,特殊補正,F104110 布疋、衣著、鞋、帽、傘、服飾品批發業；F204110 布疋、衣著、鞋、帽、傘、服飾品零售業；F501060 餐館業；F203010 食品什貨、飲料零售業；F203020 菸酒零售業；F301010 百貨公司業；F399040 無店面零售業；F399990 其他綜合零售業；F501990 其他餐飲業；F401010 國際貿易業,臺北市,變更,11505
22735879,鼎祥機械企業股份有限公司,臺北市士林區延平北路5段23號2樓,陳俊安,5000000,76/12/29,115/05/26,特殊補正,E599010 配管工程業；E603100 電焊工程業；E603110 冷作工程業；E604010 機械安裝業；E903010 防蝕、防銹工程業；EZ15010 保溫、保冷安裝工程業；EZ99990 其他工程業；CA02060 金屬容器製造業；CB01010 機械設備製造業；CB01990 其他機械製造業,臺北市,變更,11505
22741274,潤營企業股份有限公司,臺北市中山區天祥路59號9樓,郭冠廷,25000000,77/01/13,115/05/13,改選董事/監察人(一人法人股東指派董事/監察人),F118010 資訊軟體批發業；F119010 電子材料批發業；F107990 其他化學製品批發業；F207990 其他化學製品零售業；F218010 資訊軟體零售業；F219010 電子材料零售業；ZZ99999 除許可業務外，得經營法令非禁止或限制之業務。,臺北市,變更,11505
22742267,立新交通工程器材有限公司,臺北市松山區八德路2段410巷30號2樓,侯麗惠,5000000,77/01/15,115/05/12,特殊補正,E603080 交通號誌安裝工程業；E901010 油漆工程業；EZ06010 交通標示工程業；F401010 國際貿易業；ZZ99999 除許可業務外，得經營法令非禁止或限制之業務,臺北市,變更,11505
22759581,固群空調冷凍工程股份有限公司,臺北市信義區和平東路3段517號1樓,邱志焜,100000000,77/03/03,115/05/19,董事/監察人持股變動報備,E602011 冷凍空調工程業；IG03010 能源技術服務業；F113020 電器批發業；F213010 電器零售業；F113010 機械批發業；F213080 機械器具零售業；F401010 國際貿易業；E599010 配管工程業；E601010 電器承裝業；E601020 電器安裝業,臺北市,變更,11505
22805207,揚帆興業股份有限公司,臺北市大安區瑞安街276巷7號地下,陳美萍,30480000,77/04/06,115/05/06,特殊補正,CB01071 冷凍空調設備製造業；E602011 冷凍空調工程業；CB01010 機械設備製造業；CC01010 發電、輸電、配電機械製造業；E604010 機械安裝業；IG03010 能源技術服務業；ZZ99999 除許可業務外，得經營法令非禁止或限制之業務,臺北市,變更,11505
22817371,友國建設開發股份有限公司,臺北市信義區基隆路1段176號14樓,陳仁杰,2000000,77/01/25,115/05/15,改選董事/監察人(一人法人股東指派董事/監察人),,臺北市,變更,11505
22820278,富利投資股份有限公司,臺北市松山區敦化南路1段90號3樓之2,李俊永,129850000,77/04/01,115/05/21,改選董事/監察人(一人法人股東指派董事/監察人),,臺北市,變更,11505
22853571,中加投資發展股份有限公司,臺北市信義區忠孝東路四段563號16樓,張昌邦,1611012000,77/05/13,115/05/14,修正章程,H201010 一般投資業,臺北市,變更,11505
22857083,寶迅科技股份有限公司,臺北市信義區永吉路352號6樓之3,林榮昌,133320000,77/03/21,115/05/18,特殊補正,E599010 配管工程業；E603010 電纜安裝工程業；E603040 消防安全設備安裝工程業；E801010 室內裝潢業；E601010 電器承裝業；E601020 電器安裝業；E602011 冷凍空調工程業；E603050 自動控制設備工程業；E701030 電信管制射頻器材裝設工程業；E603090 照明設備安裝工程業,臺北市,變更,11505
22861755,遠巧股份有限公司,臺北市內湖區基湖路35巷51號8樓,邱志仁,90000000,77/04/01,115/05/20,改選董事/監察人(一人法人股東指派董事/監察人),,臺北市,變更,11505
22880985,業昇印刷事業股份有限公司,臺北市文山區景興路217號4樓之1,邱健憲,6000000,77/05/09,115/05/26,補繳規費,,臺北市,變更,11505
22895565,台灣方華企業有限公司,臺北市內湖區康寧路3段189巷157弄23號,吳正魁,5000000,77/06/07,115/05/13,特殊補正,E601010 電器承裝業；E603090 照明設備安裝工程業；E603010 電纜安裝工程業；E603050 自動控制設備工程業；EZ05010 儀器、儀表安裝工程業；E603040 消防安全設備安裝工程業；IF01010 消防安全設備檢修業；F117010 消防安全設備批發業；F217010 消防安全設備零售業；F120010 耐火材料批發業,臺北市,變更,11505
22956035,群益金鼎證券股份有限公司,臺北市松山區民生東路3段156號14樓之3,周秀真,21709080970,77/06/21,115/05/11,分公司經理人變更,H301011 證券商；H401011 期貨商；H408011 期貨交易輔助人；H105011 信託業；H304011 證券投資顧問業；H405011 期貨顧問事業,臺北市,變更,11505
22956507,遠東氣體工業股份有限公司,臺北市南港區南港路1段209號8樓,唐靜洲,200000000,77/06/28,115/05/27,法人股東更名、國籍、地址變更,C801010 基本化學工業；C802041 西藥製造業；F401010 國際貿易業；ZZ99999 除許可業務外，得經營法令非禁止或限制之業務；F221010 食品添加物零售業；F121010 食品添加物批發業；F102170 食品什貨批發業；C114010 食品添加物製造業；C199990 未分類其他食品製造業,臺北市,變更,11505
22959201,僑馥建築經理股份有限公司,臺北市內湖區港墘路200號2樓之1,林中文,50000000,77/08/13,115/05/27,改選董事/監察人(一人法人股東指派董事/監察人),H702010 建築經理業；H701080 都市更新重建業；H701090 都市更新整建維護業；F118010 資訊軟體批發業；F218010 資訊軟體零售業；I301010 資訊軟體服務業；I301020 資料處理服務業；I301030 電子資訊供應服務業；I199990 其他顧問服務業；ZZ99999 除許可業務外，得經營法令非禁止或限制之業務,臺北市,變更,11505
23017088,英記有限公司,臺北市大同區環河北路1段81號1樓,陳俊宏,5000000,77/07/06,115/05/21,特殊補正,,臺北市,變更,11505
23018158,怡風有限公司,臺北市大安區復興南路2段208號7樓,鄔北恩,3000000,77/07/08,115/05/25,特殊補正,,臺北市,變更,11505
23022809,將作建設股份有限公司,臺北市大安區復興南路1段380號11樓之1,單聯璜,30000000,77/07/19,115/05/29,改選董事/監察人(一人法人股東指派董事/監察人),,臺北市,變更,11505
23028607,美堅國際股份有限公司,臺北市中正區西藏路37號8樓,張乃元,28080000,77/08/01,115/05/11,特殊補正,A199990 其他農業；A299990 其他林業；A399990 其他漁業；A401990 其他畜牧業；I103060 管理顧問業；I199990 其他顧問服務業；I401010 一般廣告服務業；I503010 景觀、室內設計業；J101030 廢棄物清除業；JA05010 留、遊學服務業,臺北市,變更,11505
23032314,潔勝清潔工程有限公司,臺北市內湖區成功路2段250巷24號,鄭仁博,10000000,77/08/08,115/05/27,公司名稱變更修正章程,I301020 資料處理服務業；J101040 廢棄物處理業；J101030 廢棄物清除業；J101020 病媒防治業；I503010 景觀、室內設計業；F207080 環境用藥零售業；A102080 園藝服務業；J101010 建築物清潔服務業；F111090 建材批發業；J101990 其他環境衛生及污染防治服務業,臺北市,變更,11505
23050852,大舜工程股份有限公司,臺北市大安區復興南路1段126巷1號11樓之4,焦經國,29900000,77/09/20,115/05/25,特殊補正,E801010 室內裝潢業；E801020 門窗安裝工程業；E801030 室內輕鋼架工程業；E801040 玻璃安裝工程業；E599010 配管工程業；E601010 電器承裝業；E801070 廚具、衛浴設備安裝工程業；E901010 油漆工程業；F111090 建材批發業；F211010 建材零售業,臺北市,變更,11505
23051000,建斐實業股份有限公司,臺北市松山區敦化北路307號5樓之2,李隆全,6000000,77/09/20,115/05/05,特殊補正,,臺北市,變更,11505
23055364,佑泰裝潢材料有限公司,臺北市士林區通河西街1段123號1樓,吳衣純,5000000,77/10/03,115/05/20,特殊補正,,臺北市,變更,11505
23055435,豪旭實業有限公司,臺北市松山區民權東路3段106巷3弄59號3樓,葉南燦,5000000,77/10/03,115/05/28,補繳規費,,臺北市,變更,11505
23060227,台灣長瀨股份有限公司,臺北市中山區南京東路3段168號13樓之6,田島竜平,120275200,77/08/13,115/05/29,特殊補正,F108021 西藥批發業；F208021 西藥零售業；F208050 乙類成藥零售業；F108040 化粧品批發業；F208040 化粧品零售業；F401010 國際貿易業；JZ99050 仲介服務業；F108031 醫療器材批發業；F208031 醫療器材零售業；E604010 機械安裝業,臺北市,變更,11505
23060514,台灣歐司朗股份有限公司,臺北市中山區松江路87號7樓,Yew Wan Toh,42500000,77/09/09,115/05/04,特殊補正,E603090 照明設備安裝工程業；F113020 電器批發業；F213010 電器零售業；F401010 國際貿易業；ZZ99999 除許可業務外，得經營法令非禁止或限制之業務；CC01100 電信管制射頻器材製造業；F113110 電池批發業；F113990 其他機械器具批發業；CC01040 照明設備製造業；F119010 電子材料批發業,臺北市,變更,11505
23060887,理成重工股份有限公司,臺北市松山區南京東路5段16號9樓之3,潘逸學,45000000,77/09/30,115/05/14,特殊補正,CA01020 鋼鐵軋延及擠型業；CA01050 鋼材二次加工業；CA02010 金屬結構及建築組件製造業；E603040 消防安全設備安裝工程業；E604010 機械安裝業；EZ99990 其他工程業；F106010 五金批發業；F111090 建材批發業；F113010 機械批發業；F113020 電器批發業,臺北市,變更,11505
23108257,工豐企業股份有限公司,臺北市中山區長春路67號6樓之1,胡正德,125000000,77/12/10,115/05/26,申登機關變更（遷入，含卷）,,臺北市,變更,11505
23112029,聯昇投資股份有限公司,臺北市大安區復興南路2段237號13樓,呂光璧,94500000,77/09/15,115/05/19,改選董事/監察人(一人法人股東指派董事/監察人),H201010 一般投資業,臺北市,變更,11505
23115546,蔡合旺事業股份有限公司,臺北市大同區西寧北路72號4樓,彭玉滿,2199600000,77/11/23,115/05/14,改選董事/監察人(一人法人股東指派董事/監察人),C102010 乳品製造業；C103050 罐頭、冷凍、脫水及醃漬食品製造業；C104010 糖果製造業；C104020 烘焙炊蒸食品製造業；C110010 飲料製造業；C199010 麵條、粉條類食品製造業；C199020 食用冰製造業；C199030 即食餐食製造業；C199990 未分類其他食品製造業；F106020 日常用品批發業,臺北市,變更,11505
23116714,日商倍樂生股份有限公司,臺北市中正區武昌街1段18號5樓,小沼和幸,774000000,77/12/10,115/05/27,本公司董事及其他負責人變更,ZZ99999 除許可業務外，得經營法令非禁止或限制之業務；I301030 電子資訊供應服務業；J602010 演藝活動業；JZ99030 攝影業；JZ99050 仲介服務業；I103060 管理顧問業；I401010 一般廣告服務業；I401020 廣告傳單分送業；IZ03010 剪報業；IZ99990 其他工商服務業,臺北市,變更,11505
23120891,安順旅行社股份有限公司,臺北市中山區吉林路36號10樓,陳翠英,10000000,77/10/24,115/05/04,改選董事/監察人(一人法人股東指派董事/監察人),,臺北市,變更,11505
23123644,優盛醫學科技股份有限公司,臺北市內湖區港墘路189號12樓,劉志平,831110450,77/11/02,115/05/19,發行新股,CC01060 有線通信機械器材製造業；F113070 電信器材批發業；F213060 電信器材零售業；CF01011 醫療器材製造業；F108031 醫療器材批發業；F208031 醫療器材零售業；CC01030 電器及視聽電子產品製造業；CC01101 電信管制射頻器材製造業；CC01110 電腦及其週邊設備製造業；CC01070 無線通信機械器材製造業,臺北市,變更,11505
23167277,台灣仲西輸送機股份有限公司,臺北市中正區杭州南路1段35號2樓之2,鳥居晋,20000000,77/11/09,115/05/08,公司所在地,F113010 機械批發業；F213080 機械器具零售業；F113020 電器批發業；F213010 電器零售業；F113110 電池批發業；F213110 電池零售業；F119010 電子材料批發業；F219010 電子材料零售業；F401010 國際貿易業；E604010 機械安裝業,臺北市,變更,11505
23167446,冠寶科技股份有限公司,臺北市松山區南京東路4段126號8樓,游乃溥,172500000,77/11/22,115/05/20,補選董事(常務董事.董事長)/監察人,CC01080 電子零組件製造業；F119010 電子材料批發業；F219010 電子材料零售業；F401010 國際貿易業；F401021 電信管制射頻器材輸入業；ZZ99999 除許可業務外，得經營法令非禁止或限制之業務,臺北市,變更,11505
23218819,中麟控股股份有限公司,臺北市信義區忠孝東路4段560號2樓之2,王中平,10000000,77/12/27,115/05/13,特殊補正,H201010 一般投資業；ZZ99999 除許可業務外，得經營法令非禁止或限制之業務,臺北市,變更,11505
23219649,興業建設股份有限公司,臺北市中山區八德路2段308號11樓之1,簡滄圳,565000000,78/01/12,115/05/26,改選董事/監察人(一人法人股東指派董事/監察人),E801010 室內裝潢業；F111090 建材批發業；F211010 建材零售業；H701010 住宅及大樓開發租售業；H701040 特定專業區開發業；H701060 新市鎮、新社區開發業；H701070 區段徵收及市地重劃代辦業；H701080 都市更新重建業；H703100 不動產租賃業；ZZ99999 除許可業務外，得經營法令非禁止或限制之業務,臺北市,變更,11505
23219845,泰元實業股份有限公司,臺北市中山區南京東路2段206號13樓之6,楊志傑,29500000,78/01/14,115/05/21,特殊補正,H703100 不動產租賃業；I102010 投資顧問業；I103060 管理顧問業；ZZ99999 除許可業務外，得經營法令非禁止或限制之業務,臺北市,變更,11505
23261505,台灣大林組營造股份有限公司,臺北市松山區復興北路57號16樓,楊春榮,1322000000,78/05/10,115/05/26,董事/監察人地址變更,E101011 綜合營造業；F113010 機械批發業；F213080 機械器具零售業；F401010 國際貿易業；H703100 不動產租賃業；IZ12010 人力派遣業；JE01010 租賃業；F111090 建材批發業；F211010 建材零售業；ZZ99999 除許可業務外，得經營法令非禁止或限制之業務,臺北市,變更,11505
23274348,詮發營造股份有限公司,臺北市大安區復興南路1段287號3樓之1,許建章,100000000,78/05/30,115/05/06,特殊補正,E101011 綜合營造業；ZZ99999 除許可業務外，得經營法令非禁止或限制之業務,臺北市,變更,11505
23307592,台瓦股份有限公司,臺北市松山區光復北路11巷35號5樓,廖文瑞,5000000,78/05/12,115/05/11,改選董事/監察人(一人法人股東指派董事/監察人),,臺北市,變更,11505
23322159,維正建設股份有限公司,臺北市士林區士東路91巷53號1樓,周淑燕,219000000,78/06/15,115/05/22,董事/監察人持股變動報備,,臺北市,變更,11505
23357403,光寶科技股份有限公司,臺北市內湖區瑞光路392號22樓,宋明峰,23161077630,78/03/17,115/05/27,其他減資,C804020 工業用橡膠製品製造業；C805050 工業用塑膠製品製造業；CB01010 機械設備製造業；CB01020 事務機器製造業；CC01010 發電、輸電、配電機械製造業；CC01030 電器及視聽電子產品製造業；CC01040 照明設備製造業；CC01060 有線通信機械器材製造業；CC01070 無線通信機械器材製造業；CC01080 電子零組件製造業,臺北市,變更,11505
23397799,駿傑營造工程股份有限公司,臺北市南港區經貿一路170號12樓之3,白英志,400000000,78/07/27,115/05/25,發行新股,E101011 綜合營造業；ZZ99999 除許可業務外，得經營法令非禁止或限制之業務,臺北市,變更,11505
23415059,英法德米股份有限公司,臺北市大安區大安路1段249號9樓,胡奉茹,100000000,78/06/20,115/05/11,特殊補正,CC01070 無線通信機械器材製造業；F113070 電信器材批發業；ZZ99999 除許可業務外，得經營法令非禁止或限制之業務,臺北市,變更,11505
23415446,東元國際投資股份有限公司,臺北市南港區三重路19-8號6樓,黃茂雄,916030000,78/06/23,115/05/25,改選董事/監察人(一人法人股東指派董事/監察人),,臺北市,變更,11505
23415797,潤祥實業股份有限公司,臺北市士林區福林路203號,李涵敏,2799000000,78/06/27,115/05/04,改選董事/監察人(一人法人股東指派董事/監察人),H701010 住宅及大樓開發租售業；H703100 不動產租賃業；F211010 建材零售業；I401010 一般廣告服務業；I503010 景觀設計業；E801010 室內裝潢業；A102080 園藝服務業；H201010 一般投資業；ZZ99999 除許可業務外，得經營法令非禁止或限制之業務,臺北市,變更,11505
23420721,均鐘企業有限公司,臺北市內湖區民權東路6段272號4樓,江金能,5000000,78/06/30,115/05/05,修正章程,,臺北市,變更,11505
23421123,三弦電子股份有限公司,臺北市內湖區新湖一路85號2樓,种衍凱,20000000,78/07/01,115/05/15,特殊補正,ZZ99999 除許可業務外，得經營法令非禁止或限制之業務,臺北市,變更,11505
23429315,太群企業有限公司,臺北市士林區文昌路30號1樓,蔡世安,5000000,78/07/20,115/05/04,公司所在地,F401010 國際貿易業；F204110 布疋、衣著、鞋、帽、傘、服飾品零售業；F209060 文教、樂器、育樂用品零售業；F206020 日常用品零售業；F207030 清潔用品零售業；F203010 食品什貨、飲料零售業；F205040 家具、寢具、廚房器具、裝設品零售業；F206010 五金零售業；F213010 電器零售業；F399040 無店面零售業,臺北市,變更,11505
23439593,乃文有限公司,臺北市松山區市民大道4段209號4樓,卓聖逸,10000000,78/08/14,115/05/15,增資,F117010 消防安全設備批發業；F217010 消防安全設備零售業；F113010 機械批發業；F113990 其他機械器具批發業；F113100 污染防治設備批發業；E603040 消防安全設備安裝工程業；EZ99990 其他工程業；F401010 國際貿易業；F213080 機械器具零售業；F401021 電信管制射頻器材輸入業,臺北市,變更,11505
23448805,天廚國際股份有限公司,臺北市中正區衡陽路10號10樓,謝孟璋,92774000,78/09/06,115/05/22,改選董事/監察人(一人法人股東指派董事/監察人),F102170 食品什貨批發業；F102020 食用油脂批發業；F102050 茶葉批發業；F102040 飲料批發業；F101130 蔬果批發業；F108040 化粧品批發業；F106020 日常用品批發業；F101040 家畜家禽批發業；F101050 水產品批發業；F101990 其他農、畜、水產品批發業,臺北市,變更,11505
23449403,後藤順風股份有限公司,臺北市中山區松江路158號10樓之5,後藤平八郎,7500000,78/09/07,115/05/06,改選董事/監察人(一人法人股東指派董事/監察人),F401010 國際貿易業,臺北市,變更,11505
23461378,佑鎧實業有限公司,臺北市松山區復興北路179號6樓之1,江怡萱,5000000,78/10/12,115/05/28,特殊補正,I301010 資訊軟體服務業；I301030 電子資訊供應服務業；F113070 電信器材批發業；F213060 電信器材零售業；F218010 資訊軟體零售業；E605010 電腦設備安裝業；E701010 通信工程業；ZZ99999 除許可業務外，得經營法令非禁止或限制之業務；F105050 家具、寢具、廚房器具、裝設品批發業；F401010 國際貿易業,臺北市,變更,11505
23462144,勝宇貿易有限公司,臺北市中正區南昌路2段135號1樓,周紘猷,5000000,78/10/12,115/05/13,特殊補正,,臺北市,變更,11505
23466916,台灣威立雅股份有限公司,臺北市中山區民權東路3段2號7樓,謝康,220000000,78/10/26,115/05/25,改選董事/監察人(一人法人股東指派董事/監察人),CB01030 污染防治設備製造業；CB01990 其他機械製造業；E599010 配管工程業；E604010 機械安裝業；EZ05010 儀器、儀表安裝工程業；EZ15010 保溫、保冷安裝工程業；F107170 工業助劑批發業；F113100 污染防治設備批發業；F207170 工業助劑零售業；F213040 精密儀器零售業,臺北市,變更,11505
23471214,福邦證券股份有限公司,臺北市中正區忠孝西路一段6號5、6、7樓,黃炳鈞,3961618410,78/09/05,115/05/19,改選董事/監察人(一人法人股東指派董事/監察人),H301011 證券商（經目的事業主管機關核准營業項目為限）；H408011 期貨交易輔助人（經目的事業主管機關核准營業項目為限）,臺北市,變更,11505
23472620,美商雅詩蘭黛股份有限公司,臺北市信義區松高路9號19樓,鄧曉華,5000000,78/09/27,115/05/07,本公司董事及其他負責人變更,F106020 日常用品批發業；F206020 日常用品零售業；F203010 食品什貨、飲料零售業；F108040 化粧品批發業；F208040 化粧品零售業；F204110 布疋、衣著、鞋、帽、傘、服飾品零售業；F399040 無店面零售業；F401010 國際貿易業；F501030 飲料店業；F501060 餐館業,臺北市,變更,11505
23504398,和聯通商股份有限公司,臺北市大安區敦化南路2段97號17樓,陳志展,15000000,78/10/13,115/05/05,改選董事/監察人(一人法人股東指派董事/監察人),F108040 化粧品批發業；F208040 化粧品零售業；F107030 清潔用品批發業；F207030 清潔用品零售業；F106020 家庭日常用品批發業；F206020 家庭日常用品零售業；F102040 飲料批發業；F203010 食品、飲料零售業,臺北市,變更,11505
23526674,西門子股份有限公司,臺北市南港區園區街3號8樓,張合翕(Frank Grunert),450500000,78/12/23,115/05/07,改選董事/監察人(一人法人股東指派董事/監察人),CC01010 發電、輸電、配電機械製造業；CC01060 有線通信機械器材製造業；CC01070 無線通信機械器材製造業；F218010 資訊軟體零售業；I301010 資訊軟體服務業；I301020 資料處理服務業；JE01010 租賃業；IZ99990 其他工商服務業(提供電廠設備之操作服務)；CB01030 污染防治設備製造業；CC01030 電器及視聽電子產品製造業,臺北市,變更,11505
23526766,阿奇立克日立台灣家電股份有限公司,臺北市中山區南京東路3段65號2樓,POLAT EN,40700000,79/01/04,115/05/25,特殊補正,F401021 電信管制射頻器材輸入業；F113020 電器批發業；F213010 電器零售業；F113070 電信器材批發業；F213060 電信器材零售業；F119010 電子材料批發業；JA02010 電器及電子產品修理業；F401010 國際貿易業；ZZ99999 除許可業務外，得經營法令非禁止或限制之業務,臺北市,變更,11505
23526941,臺灣日本火腿股份有限公司,臺北市松山區光復南路1號4樓之2,仲里公男,48000000,79/01/10,115/05/19,特殊補正,F101040 家畜家禽批發業；F201020 畜產品零售業；F101050 水產品批發業；F201030 水產品零售業；F101100 花卉批發業；F201070 花卉零售業；F101130 蔬果批發業；F201010 農產品零售業；F104110 布疋、衣著、鞋、帽、傘、服飾品批發業；F204110 布疋、衣著、鞋、帽、傘、服飾品零售業,臺北市,變更,11505
23531445,環泥投資股份有限公司,臺北市中山區南京東路二段125號10樓,侯博義,910000000,78/11/20,115/05/14,發行新股,H201010 一般投資業,臺北市,變更,11505
23534251,天剛資訊股份有限公司,臺北市大同區承德路2段81號8樓之2,張申曄,289435170,78/12/28,115/05/07,改派董事/監察人,CC01080 電子零組件製造業；CC01110 電腦及其週邊設備製造業；CC01990 其他電機及電子機械器材製造業；CE01030 光學儀器製造業；F401010 國際貿易業；G801010 倉儲業；H703100 不動產租賃業；I301010 資訊軟體服務業；JE01010 租賃業；H701010 住宅及大樓開發租售業,臺北市,變更,11505
23590817,昊漢企業股份有限公司,臺北市松山區南京東路3段248號13樓之2,侯維豪,260000000,78/11/16,115/05/21,董事/監察人持股變動報備,F101040 家畜家禽批發業；F101050 水產品批發業；F101130 蔬果批發業；F102030 菸酒批發業；F102180 酒精批發業；F107050 肥料批發業；F107990 其他化學製品批發業；F108021 西藥批發業；F112010 汽油、柴油批發業；F112040 石油製品批發業,臺北市,變更,11505
23592250,美宏室內裝修工程有限公司,臺北市北投區石牌路1段24號,余秋凰,3000000,78/11/20,115/05/19,特殊補正,E801060 室內裝修業；E801010 室內裝潢業；I503010 景觀、室內設計業；I301010 資訊軟體服務業；I401010 一般廣告服務業；I599990 其他設計業；E901010 油漆工程業；EZ06010 交通標示工程業；C701010 印刷業；F213090 交通標誌器材零售業,臺北市,變更,11505
23597895,宏矽企業股份有限公司,臺北市內湖區瑞光路8號4樓之1,陳筱雯,16000000,78/12/05,115/05/14,公司所在地,F119010 電子材料批發業；F113050 電腦及事務性機器設備批發業；F401010 國際貿易業；CC01070 無線通信機械器材製造業；I301010 資訊軟體服務業；I501010 產品設計業；F102030 菸酒批發業；F102040 飲料批發業；F102170 食品什貨批發業；F113020 電器批發業,臺北市,變更,11505
23618337,上順旅行社股份有限公司,臺北市中山區南京東路3段61號10樓及63號11樓,李南山,15000000,79/02/08,115/05/22,特殊補正,,臺北市,變更,11505
23620185,茉合桂物室內裝修設計工程有限公司,臺北市內湖區成功路4段30巷28弄25號3樓之1,趙業祥,5000000,79/02/14,115/05/08,特殊補正,I503010 景觀、室內設計業；I504010 花藝設計業；E801010 室內裝潢業；E801020 門窗安裝工程業；E801030 室內輕鋼架工程業；E801040 玻璃安裝工程業；E801060 室內裝修業；E601020 電器安裝業；E801070 廚具、衛浴設備安裝工程業；E901010 油漆工程業,臺北市,變更,11505
23620951,群益證券投資顧問股份有限公司,臺北市松山區民生東路3段156號11樓之5,蔡明彥,70000000,79/02/16,115/05/21,法人股東更名、國籍、地址變更,H304011 證券投資顧問業。,臺北市,變更,11505
23621614,崇越科技股份有限公司,臺北市內湖區洲子街176號6樓,潘重良,1936576550,79/02/17,115/05/28,補繳規費,CB01010 機械設備製造業；CB01030 污染防治設備製造業；CC01010 發電、輸電、配電機械製造業；CC01080 電子零組件製造業；CC01090 電池製造業；E103101 環境保護工程專業營造業；E599010 配管工程業；E601010 電器承裝業；E603040 消防安全設備安裝工程業；E603050 自動控制設備工程業,臺北市,變更,11505
23625631,遠東生物科技股份有限公司,臺北市南港區園區街3號13樓,闕壯群,318100000,79/02/28,115/05/04,補繳規費,F203010 食品什貨、飲料零售業；F102170 食品什貨批發業；F102040 飲料批發業；C110010 飲料製造業；F208021 西藥零售業；F108021 西藥批發業；IC01010 藥品檢驗業；F108031 醫療器材批發業；F208031 醫療器材零售業；C801030 精密化學材料製造業,臺北市,變更,11505
23632801,華智通信股份有限公司,臺北市內湖區安康路20號3樓之2,許恆壽,30000000,79/03/17,115/05/20,特殊補正,E605010 電腦設備安裝業；EZ05010 儀器、儀表安裝工程業；F118010 資訊軟體批發業；F218010 資訊軟體零售業；F119010 電子材料批發業；F219010 電子材料零售業；I301010 資訊軟體服務業；I301020 資料處理服務業；I301030 電子資訊供應服務業；F113050 事務性機器設備批發業,臺北市,變更,11505
23633013,南康開發企業有限公司,臺北市中山區北安路618號3樓之4,陳桂蘭,5000000,79/03/17,115/05/15,特殊補正,F401010 國際貿易業；F106010 五金批發業；F111090 建材批發業；F113010 機械批發業；E604010 機械安裝業；E603100 電焊工程業；E599010 配管工程業；EZ02010 起重工程業；EZ07010 鑽孔工程業；I599990 其他設計業,臺北市,變更,11505
23638951,中印能源科技股份有限公司,臺北市中山區南京東路2段160號5樓,朱達安,120000000,79/04/06,115/05/04,特殊補正,F112020 煤及煤製品批發業；F401010 國際貿易業；C803990 其他石油及煤製品製造業；G801010 倉儲業；JZ99050 仲介服務業；D101060 再生能源自用發電設備業；CC01090 電池製造業；F213110 電池零售業；E601020 電器安裝業；E603050 自動控制設備工程業,臺北市,變更,11505
23639950,威盛聯合開發股份有限公司,臺北市大安區敦化南路2段76號9樓之3,劉一萱,50000000,79/04/23,115/05/15,特殊補正,H703100 不動產租賃業；ZZ99999 除許可業務外，得經營法令非禁止或限制之業務,臺北市,變更,11505
23641098,東尼開發實業股份有限公司,臺北市信義區基隆路1段109之6號1樓,楊靜娟,170000000,79/05/14,115/05/19,改選董事/監察人(一人法人股東指派董事/監察人),,臺北市,變更,11505
23733940,吉鴻電子股份有限公司,臺北市內湖區民權東路6段15巷28號,張王明香,404520000,79/04/20,115/05/22,特殊補正,CB01990 其他機械製造業；CC01030 電器及視聽電子產品製造業；CC01080 電子零組件製造業；CC01110 電腦及其週邊設備製造業；CC01990 其他電機及電子機械器材製造業；CE01990 其他光學及精密器械製造業；CH01040 玩具製造業；F113010 機械批發業；F113020 電器批發業；F113050 電腦及事務性機器設備批發業,臺北市,變更,11505
23736165,正航資訊股份有限公司,臺北市內湖區瑞光路316巷56號5樓,賴光郎,30000000,79/04/26,115/05/12,特殊補正,CB01020 事務機器製造業；CC01080 電子零組件製造業；CC01110 電腦及其週邊設備製造業；F118010 資訊軟體批發業；F119010 電子材料批發業；F218010 資訊軟體零售業；F219010 電子材料零售業；F401010 國際貿易業；I103060 管理顧問業；I301010 資訊軟體服務業,臺北市,變更,11505
23738446,光明海運股份有限公司,臺北市大同區重慶北路2段243號(6樓),郭志成,999991000,79/05/01,115/05/21,一般補正案,G301011 船舶運送業；G401011 船務代理業；F214060 船舶及其零件零售業；ZZ99999 除許可業務外，得經營法令非禁止或限制之業務,臺北市,變更,11505
23751860,順怡旅行社股份有限公司,臺北市中山區松江路190號3樓、3樓之1,劉玉鵬,10000000,79/06/04,115/05/29,改選董事/監察人(一人法人股東指派董事/監察人),J902011 旅行業,臺北市,變更,11505
23752615,丞燕國際股份有限公司,臺北市大安區忠孝東路4段270號4樓,黎林新瑢,28000000,79/06/06,115/05/28,特殊補正,,臺北市,變更,11505
23758667,肯佳企業股份有限公司,臺北市士林區大南路361號5樓,陳怡真,10000000,79/06/21,115/05/20,特殊補正,ZZ99999 除許可業務外，得經營法令非禁止或限制之業務；F101070 漁具批發業；F104110 布疋、衣著、鞋、帽、傘、服飾品批發業；F105050 家具、寢具、廚房器具、裝設品批發業；F106010 五金批發業；F106020 日常用品批發業；F106040 水器材料批發業；F106050 陶瓷玻璃器皿批發業；F106060 寵物食品及其用品批發業；F109070 文教、樂器、育樂用品批發業,臺北市,變更,11505
23762796,中華資產鑑定中心股份有限公司,臺北市松山區復興北路1號4樓之8,楊三峰,16500000,79/07/02,115/05/20,修正章程,JD01010 工商徵信服務業；J304010 圖書出版業；I102010 投資顧問業；IZ07010 公證業；F601010 智慧財產權業；HZ02010 金融機構金錢債權收買業務；HZ02020 辦理金融機構金錢債權之評價或拍賣業務；H703090 不動產買賣業,臺北市,變更,11505
23768898,盈豐文具有限公司,臺北市士林區承德路4段80巷41號1樓,張鴻鍾,5000000,79/07/17,115/05/27,特殊補正,F109070 文教、樂器、育樂用品批發業；F113050 電腦及事務性機器設備批發業；F105050 家具、寢具、廚房器具、裝設品批發業；F102040 飲料批發業；F102050 茶葉批發業；F102170 食品什貨批發業；F104110 布疋、衣著、鞋、帽、傘、服飾品批發業；F106010 五金批發業；F106020 日常用品批發業；F106050 陶瓷玻璃器皿批發業,臺北市,變更,11505
23825244,萬福投資企業股份有限公司,臺北市中山區民權東路3段21之1號1樓,許惟淳,64250000,79/08/10,115/05/27,特殊補正,H201010 一般投資業；H703090 不動產買賣業；H703100 不動產租賃業；ZZ99999 除許可業務外，得經營法令非禁止或限制之業務,臺北市,變更,11505
23826588,安台國際投資股份有限公司,臺北市南港區三重路19之8號6樓,黃茂雄,462320000,79/09/06,115/05/26,特殊補正,H201010 一般投資業,臺北市,變更,11505
23827593,先啟資訊系統股份有限公司,臺北市松山區復興北路57號15樓,彭寶珠,138617750,79/10/09,115/05/13,特殊補正,I301010 資訊軟體服務業；I301020 資料處理服務業；I301030 電子資訊供應服務業；E599010 配管工程業；E605010 電腦設備安裝業；E701010 通信工程業；F601010 智慧財產權業,臺北市,變更,11505
23878327,奇為興業股份有限公司,臺北市中正區紹興北街2巷1號2樓,陳坤康,5000000,79/07/25,115/05/13,董事(常務董事.董事長)/監察人解任,E603040 消防安全設備安裝工程業；IF01010 消防安全設備檢修業；F217010 消防安全設備零售業；F206010 五金零售業；E701010 電信工程業；E801010 室內裝潢業；F211010 建材零售業；F213010 電器零售業；F213030 電腦及事務性機器設備零售業；F213060 電信器材零售業,臺北市,變更,11505
23917953,超御有限公司,臺北市中山區復興北路58號12樓,朱麗蓉,5000000,79/11/21,115/05/11,改推董事/董事長,I103060 管理顧問業；JA05010 留、遊學服務業；F105050 家具、寢具、廚房器具、裝設品批發業；JA04011 移民服務業；F401010 國際貿易業；H703100 不動產租賃業；ZZ99999 除許可業務外，得經營法令非禁止或限制之業務,臺北市,變更,11505
23918025,永贊工業股份有限公司,臺北市大安區忠孝東路3段248巷13弄22號2樓,王人弘,5000000,79/11/21,115/05/12,董事/監察人持股變動報備,,臺北市,變更,11505
23929515,台灣漢高股份有限公司,臺北市松山區民生東路三段132號五樓,柯漢德Hendrik Peter Dr.Kohleick,836917500,80/01/05,115/05/25,公司所在地,C802120 工業助劑製造業；F107170 工業助劑批發業；F106010 五金批發業；F207170 工業助劑零售業；F206010 五金零售業；F401010 國際貿易業；C801010 基本化學工業；C801020 石油化工原料製造業；C802090 清潔用品製造業；C802100 化粧品製造業,臺北市,變更,11505
23930034,山善股份有限公司,臺北市中山區中山北路1段11號16樓,富増正行,200000000,80/02/12,115/05/25,改選董事/監察人(一人法人股東指派董事/監察人),E601020 電器安裝業；E604010 機械安裝業；E801070 廚具、衛浴設備安裝工程業；F105050 家具、寢具、廚房器具、裝設品批發業；F205040 家具、寢具、廚房器具、裝設品零售業；F106010 五金批發業；F213080 機械器具零售業；F109070 文教、樂器、育樂用品批發業；F209060 文教、樂器、育樂用品零售業；F113010 機械批發業,臺北市,變更,11505
23932743,台灣奧創動力傳動股份有限公司,臺北市大安區忠孝東路4段166號10樓,Tan Shih Pin,22000000,80/09/25,115/05/21,改選董事/監察人(一人法人股東指派董事/監察人),F113010 機械批發業；F113020 電器批發業；F213010 電器零售業；F213080 機械器具零售業；JA02010 電器及電子產品修理業；E601010 電器承裝業；E604010 機械安裝業；ZZ99999 除許可業務外，得經營法令非禁止或限制之業務,臺北市,變更,11505
23933335,昌龍防災企業有限公司,臺北市大同區南京西路460號3樓,李明峯,15000000,79/11/08,115/05/18,特殊補正,,臺北市,變更,11505
23957119,運贊營造股份有限公司,臺北市信義區基隆路1段143號9樓之3,張學仁,100000000,79/12/21,115/05/11,特殊補正,E101011 綜合營造業；F111090 建材批發業；F211010 建材零售業；H701010 住宅及大樓開發租售業；H701020 工業廠房開發租售業；H701050 投資興建公共建設業；H701060 新市鎮、新社區開發業；H701070 區段徵收及市地重劃代辦業；H701090 都市更新整建維護業；B601010 土石採取業,臺北市,變更,11505
23962020,日新日茂國際物流股份有限公司,臺北市中山區松江路318號9樓,森川哲也,50000000,80/01/03,115/05/26,特殊補正,G101061 汽車貨運業；G801010 倉儲業；IZ06010 理貨包裝業；F213010 電器零售業；F119010 電子材料批發業；F219010 電子材料零售業；F102040 飲料批發業；F102170 食品什貨批發業；F209060 文教、樂器、育樂用品零售業；G402011 海運承攬運送業,臺北市,變更,11505
23983209,大三鴻國際貨櫃股份有限公司,臺北市中山區南京東路2段71號3樓,吳坤榮,50000000,79/11/05,115/05/12,特殊補正,G101081 汽車貨櫃貨運業；G405010 貨櫃出租業；G801010 倉儲業；F401010 國際貿易業；IZ06010 理貨包裝業；JA02990 其他修理業；ZZ99999 除許可業務外，得經營法令非禁止或限制之業務,臺北市,變更,11505
23986156,宇德投資股份有限公司,臺北市大安區和平東路3段131號8樓,劉美朱,126000000,80/01/21,115/05/19,改選董事/監察人(一人法人股東指派董事/監察人),,臺北市,變更,11505
23988339,台泥再生資源股份有限公司,臺北市中山區中山北路二段113號9樓,張安平,1850000000,80/04/11,115/05/06,經理人變更,C801020 石油化工原料製造業；C801100 合成樹脂及塑膠製造業；D101060 再生能源自用發電設備業；D401010 熱能供應業；E607010 太陽熱能設備安裝工程業；F112040 石油製品批發業；F113100 污染防治設備批發業；F212050 石油製品零售業；H703100 不動產租賃業；IG03010 能源技術服務業,臺北市,變更,11505
23988393,蓮園建設股份有限公司,臺北市內湖區成功路2段237號3樓,郭家凰,65000000,80/04/24,115/05/05,改選董事/監察人(一人法人股東指派董事/監察人),,臺北市,變更,11505
23996577,得鑫機械有限公司,臺北市信義區基隆路1段143號11樓之3,葉素娥,5000000,80/01/09,115/05/12,公司所在地,,臺北市,變更,11505
24060203,國產建材實業股份有限公司,臺北市內湖區新湖一路8號7樓,徐蘭英,11800000000,43/11/30,115/05/26,經理人變更,A102080 園藝服務業；B601010 土石採取業；C901040 預拌混凝土製造業；C901050 水泥及混凝土製品製造業；C901990 其他非金屬礦物製品製造業；E801010 室內裝潢業；F111090 建材批發業；F211010 建材零售業；F401010 國際貿易業；F301010 百貨公司業,臺北市,變更,11505
24097243,豐榮鐵工廠股份有限公司,臺北市南港區南港路3段63號2樓,劉東波,30000000,57/01/03,115/05/14,董事長變更,CA02010 金屬結構及建築組件製造業；CA02060 金屬容器製造業；CB01010 機械設備製造業；CC01030 電器及視聽電子產品製造業；CD01020 軌道車輛及其零件製造業；CD01030 汽車及其零件製造業；F114010 汽車批發業；F114030 汽、機車零件配備批發業；F214010 汽車零售業；F401010 國際貿易業,臺北市,變更,11505
24230761,瀚草影視文化事業股份有限公司,臺北市內湖區瑞光路192號11樓之1,曾瀚賢,24920000,97/09/08,115/05/12,特殊補正,J401011 電影片製作業；J402011 電影片發行業；J503011 廣播節目製作業；J503021 電視節目製作業；J503031 廣播電視節目發行業；J503041 廣播電視廣告業；J601010 藝文服務業；J602010 演藝活動業；J304010 圖書出版業；J305010 有聲出版業,臺北市,變更,11505
24234915,百佳欣國際股份有限公司,臺北市萬華區環河南路2段66號,陳虹溱,5000000,97/09/17,115/05/21,特殊補正,I701011 就業服務業；J101010 建築物清潔服務業；F401010 國際貿易業；ZZ99999 除許可業務外，得經營法令非禁止或限制之業務；F399040 無店面零售業；IZ99990 其他工商服務業,臺北市,變更,11505
24258303,花樣國際實業有限公司,臺北市文山區仙岩路16巷26弄6號,郭德風,5000000,97/10/31,115/05/14,董事/股東地址變更,F102170 食品什貨批發業；F104110 布疋、衣著、鞋、帽、傘、服飾品批發業；F105050 家具、寢具、廚房器具、裝設品批發業；F106010 五金批發業；F106020 日常用品批發業；F108040 化粧品批發業；F109070 文教、樂器、育樂用品批發業；F113050 電腦及事務性機器設備批發業；F201010 農產品零售業；F201020 畜產品零售業,臺北市,變更,11505
24268870,訊聯基因數位股份有限公司,臺北市內湖區新湖一路36巷28號6樓,張漢東,266903340,97/11/21,115/05/13,董事(常務董事.董事長)/監察人解任,I102010 投資顧問業；I103060 管理顧問業；IG01010 生物技術服務業；IG02010 研究發展服務業；F108040 化粧品批發業；F113030 精密儀器批發業；F208040 化粧品零售業；F213040 精密儀器零售業；F399990 其他綜合零售業；F401010 國際貿易業,臺北市,變更,11505
24300219,米立恩有限公司,臺北市中山區復興北路66號10樓之6,張俊國,8000000,97/10/14,115/05/15,特殊補正,ZZ99999 除許可業務外，得經營法令非禁止或限制之業務；E603050 自動控制設備工程業；E603090 照明設備安裝工程業；J603010 音樂展演空間業；F401010 國際貿易業；E601020 電器安裝業；F213010 電器零售業；F219010 電子材料零售業；I401010 一般廣告服務業；JE01010 租賃業,臺北市,變更,11505
24301370,珅瑋醫能生科股份有限公司,臺北市信義區松高路9號27樓,朱名頎,5000000,97/10/17,115/05/20,特殊補正,F401010 國際貿易業；F108040 化粧品批發業；F208040 化粧品零售業；F107990 其他化學製品批發業；F207990 其他化學製品零售業；F207200 化學原料零售業；F115010 首飾及貴金屬批發業；F215010 首飾及貴金屬零售業；F215020 礦石零售業；I599990 其他設計業,臺北市,變更,11505
24301759,傑城建設有限公司,臺北市中正區忠孝東路1段176號6樓之3,曾笙榮,25000000,97/10/20,115/05/19,公司所在地,H701010 住宅及大樓開發租售業；H701020 工業廠房開發租售業；H701050 投資興建公共建設業；H701060 新市鎮、新社區開發業；H701090 都市更新整建維護業；H703090 不動產買賣業；H703100 不動產租賃業；H703110 老人住宅業；J901020 一般旅館業；E801010 室內裝潢業,臺北市,變更,11505
24304117,台灣智能機器人科技股份有限公司,臺北市內湖區瑞光路335號9樓,黃國聰,150740460,97/10/30,115/05/21,特殊補正,CB01010 機械設備製造業；CC01010 發電、輸電、配電機械製造業；CC01030 電器及視聽電子產品製造業；CC01060 有線通信機械器材製造業；CC01080 電子零組件製造業；CC01090 電池製造業；CC01110 電腦及其週邊設備製造業；CC01120 資料儲存媒體製造及複製業；CE01010 一般儀器製造業；CH01040 玩具製造業,臺北市,變更,11505
24313045,智富事業有限公司,臺北市大同區重慶北路3段278-9號,曹珊榕,5000000,97/12/10,115/05/28,董事/股東更名,ZZ99999 除許可業務外，得經營法令非禁止或限制之業務,臺北市,變更,11505
24316486,惠銓實業有限公司,臺北市中山區錦州街46號12樓之2,范光星,1000000,97/12/25,115/05/04,特殊補正,E601020 電器安裝業；E603040 消防安全設備安裝工程業；E603090 照明設備安裝工程業；E801010 室內裝潢業；E801020 門窗安裝工程業；E801030 室內輕鋼架工程業；E801040 玻璃安裝工程業；E801070 廚具、衛浴設備安裝工程業；E901010 油漆工程業；E903010 防蝕、防銹工程業,臺北市,變更,11505
24317577,儷達國際股份有限公司,臺北市信義區光復南路495號4樓,劉俐旻,5000000,97/12/31,115/05/19,改選董事/監察人(一人法人股東指派董事/監察人),CG01010 珠寶及貴金屬製品製造業；D101060 再生能源自用發電設備業；D401010 熱能供應業；E603050 自動控制設備工程業；E801010 室內裝潢業；F102170 食品什貨批發業；F104110 布疋、衣著、鞋、帽、傘、服飾品批發業；F105050 家具、寢具、廚房器具、裝設品批發業；F106020 日常用品批發業；F107030 清潔用品批發業,臺北市,變更,11505
24325865,世紀環球商務中心有限公司,臺北市中山區南京東路3段101號4樓,林黎金,3000000,98/02/20,115/05/29,公司所在地,H703090 不動產買賣業；H703100 不動產租賃業；I503010 景觀、室內設計業；E801010 室內裝潢業；I102010 投資顧問業；I103060 管理顧問業；ZZ99999 除許可業務外，得經營法令非禁止或限制之業務,臺北市,變更,11505
24330327,祐維科技股份有限公司,臺北市信義區松德路18號6樓,盧志豪,52000000,98/03/12,115/05/25,特殊補正,F113070 電信器材批發業；F118010 資訊軟體批發業；F119010 電子材料批發業；F213060 電信器材零售業；F218010 資訊軟體零售業；F219010 電子材料零售業；F401010 國際貿易業；I301010 資訊軟體服務業；E605010 電腦設備安裝業；E701030 電信管制射頻器材裝設工程業,臺北市,變更,11505
24330754,海灣動力股份有限公司,臺北市中山區南京東路2段124號9樓,林彥廷,10000000,98/03/13,115/05/27,特殊補正,CB01010 機械設備製造業；CB01990 其他機械製造業；CC01010 發電、輸電、配電機械製造業；CC01090 電池製造業；CC01120 資料儲存媒體製造及複製業；CD01990 其他運輸工具及其零件製造業；D101060 再生能源自用發電設備業；E603050 自動控制設備工程業；F113990 其他機械器具批發業；F401010 國際貿易業,臺北市,變更,11505
24332346,學爾企業股份有限公司,臺北市大安區師大路107號1樓,林欣薇,396108900,98/03/19,115/05/06,特殊補正,H703090 不動產買賣業；H703100 不動產租賃業；I102010 一般投資顧問業；I103060 管理顧問業；F401010 國際貿易業；JZ99050 仲介服務業；H201010 一般投資業；ZZ99999 除許可業務外，得經營法令非禁止或限制之業務,臺北市,變更,11505
24333464,正官庄股份有限公司,臺北市大安區忠孝東路3段200號1樓,徐正烈(Seo Jung Yul),472800000,98/03/24,115/05/27,特殊補正,F102040 飲料批發業；F201010 農產品零售業；F102170 食品什貨批發業；F203010 食品什貨、飲料零售業；F108011 中藥批發業；F208011 中藥零售業；F208040 化粧品零售業；F108040 化粧品批發業；F401010 國際貿易業；F107030 清潔用品批發業,臺北市,變更,11505
24336820,傑萊投資股份有限公司,臺北市內湖區文湖街6號2樓,劉長順,235500000,98/04/06,115/05/21,改選董事/監察人(一人法人股東指派董事/監察人),H703090 不動產買賣業；H703100 不動產租賃業；H201010 一般投資業；ZZ99999 除許可業務外，得經營法令非禁止或限制之業務,臺北市,變更,11505
24337834,佳朋保險經紀人股份有限公司,臺北市松山區慶城街28號9樓,陳進益,30000000,98/04/09,115/05/15,改派董事/監察人,H602021 財產保險經紀人；H602011 人身保險經紀人,臺北市,變更,11505
24339925,同一大飯店股份有限公司,臺北市中山區農安街36號,葉維迪,5500000,98/04/17,115/05/19,特殊補正,J901020 一般旅館業；JE01010 租賃業；F102170 食品什貨批發業；F203010 食品什貨、飲料零售業；F401010 國際貿易業；F501060 餐館業；ZZ99999 除許可業務外，得經營法令非禁止或限制之業務,臺北市,變更,11505
24345829,禾玖實業股份有限公司,臺北市萬華區興寧街66巷22弄22號1樓,楊接統,1500000,98/05/12,115/05/07,特殊補正,F102170 食品什貨批發業；F106020 日常用品批發業；F106060 寵物用品批發業；F108040 化粧品批發業；F201020 畜產品零售業；F203010 食品什貨、飲料零售業；F206050 寵物用品零售業；F208040 化粧品零售業；F208050 乙類成藥零售業；F301010 百貨公司業,臺北市,變更,11505
24347544,賀品集創實業有限公司,臺北市中山區吉林路245號5樓,廖綺華,5000000,98/05/19,115/05/05,公司所營事業變更修正章程,F104110 布疋、衣著、鞋、帽、傘、服飾品批發業；F105050 家具、寢具、廚房器具、裝設品批發業；F106010 五金批發業；F106020 日常用品批發業；F106050 陶瓷玻璃器皿批發業；F109070 文教、樂器、育樂用品批發業；F113020 電器批發業；F199990 其他批發業；F204110 布疋、衣著、鞋、帽、傘、服飾品零售業；F205040 家具、寢具、廚房器具、裝設品零售業,臺北市,變更,11505
24386996,凱笛資訊股份有限公司,臺北市大安區忠孝東路4段148號7樓之6,賴岱瑛,6000000,98/04/13,115/05/11,特殊補正,ZZ99999 除許可業務外，得經營法令非禁止或限制之業務；E605010 電腦設備安裝業；F113050 電腦及事務性機器設備批發業；F118010 資訊軟體批發業；F119010 電子材料批發業；F213010 電器零售業；F213030 電腦及事務性機器設備零售業；F218010 資訊軟體零售業；F219010 電子材料零售業；F399040 無店面零售業,臺北市,變更,11505
24450271,吉品投資股份有限公司,臺北市中山區南京東路1段25號6樓之3,李芝蘭,472120000,98/07/27,115/05/19,申登機關變更（遷入，含卷）,H201010 一般投資業,臺北市,變更,11505
24450434,崎威風力發電股份有限公司,臺北市松山區光復北路11巷35號3樓,黃俊裕,96904000,98/07/28,115/05/06,特殊補正,D101011 發電業,臺北市,變更,11505
24456155,惠通國際有限公司,臺北市士林區德行西路40號1樓,陳秀吉,10000000,98/08/18,115/05/18,特殊補正,F401010 國際貿易業；ZZ99999 除許可業務外，得經營法令非禁止或限制之業務；F401171 酒類輸入業,臺北市,變更,11505
24459646,昌豐國際股份有限公司,臺北市南港區忠孝東路6段21號13樓之3,歐慶鵬,50000000,98/08/31,115/05/25,改選董事/監察人(一人法人股東指派董事/監察人),F102170 食品什貨批發業；F104110 布疋、衣著、鞋、帽、傘、服飾品批發業；F105050 家具、寢具、廚房器具、裝設品批發業；F106010 五金批發業；F106020 日常用品批發業；F107030 清潔用品批發業；F108031 醫療器材批發業；F108040 化粧品批發業；F109070 文教、樂器、育樂用品批發業；F110020 眼鏡批發業,臺北市,變更,11505
24467441,欣美生醫股份有限公司,臺北市信義區忠孝東路5段1之4號7樓,李沛霖,127915200,98/09/29,115/05/11,改選董事/監察人(一人法人股東指派董事/監察人),I103060 管理顧問業；F108031 醫療器材批發業；F208031 醫療器材零售業；JZ99110 瘦身美容業；JZ99080 美容美髮服務業；IG01010 生物技術服務業；I199990 其他顧問服務業；F113990 其他機械器具批發業；F401010 國際貿易業；F119010 電子材料批發業,臺北市,變更,11505
24469454,熱血設計有限公司,臺北市松山區民生東路5段169號4樓,陳建州,5000000,98/10/06,115/05/11,負責人印鑑變更,F104110 布疋、衣著、鞋、帽、傘、服飾品批發業；F109070 文教、樂器、育樂用品批發業；F204110 布疋、衣著、鞋、帽、傘、服飾品零售業；F209060 文教、樂器、育樂用品零售業；I401010 一般廣告服務業；I501010 產品設計業；I502010 服飾設計業；I599990 其他設計業；IZ12010 人力派遣業；J401010 電影片製作業,臺北市,變更,11505
24471986,硬石開發有限公司,臺北市南港區忠孝東路6段285號4樓,李岳儒,4000000,98/10/15,115/05/26,特殊補正,F114010 汽車批發業；F114020 機車批發業；F114030 汽、機車零件配備批發業；F214010 汽車零售業；F214020 機車零售業；F401010 國際貿易業；I102010 投資顧問業；I103060 管理顧問業；H701010 住宅及大樓開發租售業；H703090 不動產買賣業,臺北市,變更,11505
24473529,德宏建設股份有限公司,臺北市大安區忠孝東路四段197號10樓之6,蘇建義,1065000000,98/10/22,115/05/14,一般補正案,G202010 停車場經營業；H701010 住宅及大樓開發租售業；H703100 不動產租賃業；ZZ99999 除許可業務外，得經營法令非禁止或限制之業務,臺北市,變更,11505
24473696,拙石開發建設有限公司,臺北市士林區中正路247巷36號2樓之1,林楷育,10000000,98/10/22,115/05/28,特殊補正,H701010 住宅及大樓開發租售業；H701020 工業廠房開發租售業；H701050 投資興建公共建設業；H701060 新市鎮、新社區開發業；H701070 區段徵收及市地重劃代辦業；H701090 都市更新整建維護業；H702010 建築經理業；H703090 不動產買賣業；H703100 不動產租賃業；F111090 建材批發業,臺北市,變更,11505
24474098,瓏驤股份有限公司,臺北市信義區松仁路89號13樓之2,施華林,28000000,98/10/23,115/05/13,特殊補正,F104110 布疋、衣著、鞋、帽、傘、服飾品批發業；F106020 日常用品批發業；F204110 布疋、衣著、鞋、帽、傘、服飾品零售業；F206020 日常用品零售業；F115010 首飾及貴金屬批發業；F215010 首飾及貴金屬零售業；F401010 國際貿易業；F301010 百貨公司業；F399990 其他綜合零售業；F208040 化粧品零售業,臺北市,變更,11505
24477623,維多投資控股股份有限公司,臺北市中山區長安東路1段25號7樓,許啟正,171541600,98/11/05,115/05/28,增資(資本總額),ZZ99999 除許可業務外，得經營法令非禁止或限制之業務；F401010 國際貿易業；I105010 藝術品諮詢顧問業；I401010 一般廣告服務業；I501010 產品設計業；I503010 景觀、室內設計業；I599990 其他設計業；I103060 管理顧問業；IG02010 研究發展服務業；J202010 產業育成業,臺北市,變更,11505
24478664,達裕機電股份有限公司,臺北市松山區南京東路3段303巷3弄8號5樓,吳昕霖,50000000,98/11/10,115/05/14,增資(資本總額),E599010 配管工程業；E601010 電器承裝業；E601020 電器安裝業；E603010 電纜安裝工程業；E603040 消防安全設備安裝工程業；E603050 自動控制設備工程業；E603090 照明設備安裝工程業；E604010 機械安裝業；E605010 電腦設備安裝業；E801010 室內裝潢業,臺北市,變更,11505
24478762,瑪莉歐國際股份有限公司,臺北市大安區信義路4段296號13樓,陳巧臻,15000000,98/11/11,115/05/26,改選董事/監察人(一人法人股東指派董事/監察人),F102170 食品什貨批發業；F203010 食品什貨、飲料零售業；F401010 國際貿易業；ZZ99999 除許可業務外，得經營法令非禁止或限制之業務；H201010 一般投資業,臺北市,變更,11505
24480465,全佳麗有限公司,臺北市中山區長安東路2段230號7樓之1,梁鳳明,1000000,98/11/17,115/05/13,特殊補正,F102170 食品什貨批發業；F108040 化粧品批發業；F401010 國際貿易業；I103060 管理顧問業；J202010 產業育成業,臺北市,變更,11505
24482105,林樣投資股份有限公司,臺北市中山區南京東路2段8號12樓之1,陳瑟芬,20000000,98/11/23,115/05/15,特殊補正,H201010 一般投資業,臺北市,變更,11505
24489199,博錸生技股份有限公司,臺北市內湖區陽光街351號6樓之1,曹汀,1036495100,98/12/17,115/05/14,改派董事/監察人,CF01011 醫療器材製造業；F108031 醫療器材批發業；F208031 醫療器材零售業；F401010 國際貿易業；IG01010 生物技術服務業；ZZ99999 除許可業務外，得經營法令非禁止或限制之業務,臺北市,變更,11505
24489769,大興室內裝修設計工程有限公司,臺北市大同區重慶北路2段104號2樓,許世政,5000000,98/12/21,115/05/06,股東出資轉讓修正章程,E801060 室內裝修業；E801010 室內裝潢業；I503010 景觀、室內設計業；A102080 園藝服務業；E801020 門窗安裝工程業；E801030 室內輕鋼架工程業；E801040 玻璃安裝工程業；E801070 廚具、衛浴設備安裝工程業；E901010 油漆工程業；F111090 建材批發業,臺北市,變更,11505
24493709,宥昌投資股份有限公司,臺北市大安區敦化南路2段97號35樓,劉新民,1000000,99/01/06,115/05/13,改選董事/監察人(一人法人股東指派董事/監察人),H201010 一般投資業,臺北市,變更,11505
24498943,家一大道投資股份有限公司,臺北市信義區忠孝東路5段1之10號3樓,朱伯倫,30470000,99/01/25,115/05/14,變更組織,H201010 一般投資業,臺北市,變更,11505
24533879,東急房地產股份有限公司,臺北市中山區松江路318號8樓之1,森憲一,90156250,103/04/07,115/05/08,特殊補正,H701010 住宅及大樓開發租售業；H701020 工業廠房開發租售業；H701040 特定專業區開發業；H701050 投資興建公共建設業；H701060 新市鎮、新社區開發業；H701070 區段徵收及市地重劃代辦業；H701080 都市更新重建業；H701090 都市更新整建維護業；H702010 建築經理業；H703090 不動產買賣業,臺北市,變更,11505
24534167,宏遠證創業投資股份有限公司,臺北市大安區信義路4段236號7樓,姜克勤,700000000,103/04/08,115/05/08,一般補正案,H202010 創業投資業；ZZ99999 除許可業務外，得經營法令非禁止或限制之業務,臺北市,變更,11505
24537306,璽悅國際管理顧問有限公司,臺北市中山區民生東路1段70巷6號6樓之2,廖春芬,1500000,103/04/16,115/05/27,股東出資轉讓修正章程,F102170 食品什貨批發業；F106020 日常用品批發業；F401010 國際貿易業；I103060 管理顧問業；I105010 藝術品諮詢顧問業；I199990 其他顧問服務業；IG01010 生物技術服務業；IZ06010 理貨包裝業；IZ12010 人力派遣業；I102010 一般投資顧問業,臺北市,變更,11505
24540267,藍新資訊股份有限公司,臺北市內湖區行忠路42號2樓,郭廷群,125700000,103/04/23,115/05/20,改選董事/監察人(一人法人股東指派董事/監察人),F118010 資訊軟體批發業；F218010 資訊軟體零售業；I301010 資訊軟體服務業；I301020 資料處理服務業；I301030 電子資訊供應服務業；I401010 一般廣告服務業；F399990 其他綜合零售業；F401010 國際貿易業；F113050 電腦及事務性機器設備批發業；F213030 電腦及事務性機器設備零售業,臺北市,變更,11505
24541771,手日開發有限公司,臺北市信義區松德路233號1樓,陳右昇,10000000,103/04/28,115/05/05,增資,F205040 家具、寢具、廚房器具、裝設品零售業；I501010 產品設計業；I503010 景觀設計業；F203010 食品什貨、飲料零售業；F501030 飲料店業；F401010 國際貿易業；E801010 室內裝潢業；H701010 住宅及大樓開發租售業；H701020 工業廠房開發租售業；H701050 投資興建公共建設業,臺北市,變更,11505
24543530,立星空中舞蹈有限公司,臺北市萬華區中華路1段106號8樓,盧崇璞,2000000,103/05/02,115/05/04,公司所在地,I199990 其他顧問服務業；I501010 產品設計業；I502010 服飾設計業；F204110 布疋、衣著、鞋、帽、傘、服飾品零售業；F209060 文教、樂器、育樂用品零售業；F401010 國際貿易業；J202010 產業育成業；J601010 藝文服務業；J602010 演藝活動業；J802010 運動訓練業,臺北市,變更,11505
24543898,智源展業有限公司,臺北市內湖區洲子街88號1樓,張智鈞,19000000,103/05/05,115/05/25,增資,E801010 室內裝潢業；F111090 建材批發業；F119010 電子材料批發業；F211010 建材零售業；F219010 電子材料零售業；F401010 國際貿易業；H201010 一般投資業；H703090 不動產買賣業；H703100 不動產租賃業；I102010 投資顧問業,臺北市,變更,11505
24548079,台灣科慕股份有限公司,臺北市松山區敦化北路167號7樓,Mary Sweeney(韋麗),300000000,103/05/14,115/05/28,特殊補正,C801010 基本化學工業；C801990 其他化學材料製造業；C901040 預拌混凝土製造業；C901050 水泥及混凝土製品製造業；C901990 其他非金屬礦物製品製造業；F107010 漆料、塗料批發業；F107200 化學原料批發業；F401010 國際貿易業；F601010 智慧財產權業；I101080 工、礦顧問業,臺北市,變更,11505
24549696,永豐股份有限公司,臺北市中正區重慶南路2段51號16樓,何奕達,60000000,103/05/20,115/05/21,改選董事/監察人(一人法人股東指派董事/監察人),J304010 圖書出版業；J305010 有聲出版業；F102170 食品什貨批發業；J601010 藝文服務業；H703090 不動產買賣業；H703100 不動產租賃業；I105010 藝術品諮詢顧問業；F105050 家具、寢具、廚房器具、裝設品批發業；F109070 文教、樂器、育樂用品批發業；F205040 家具、寢具、廚房器具、裝設品零售業,臺北市,變更,11505
24550314,氛圍室內裝修有限公司,臺北市中山區錦州街286號3樓,林英彥,10120000,103/05/21,115/05/21,特殊補正,E599010 配管工程業；E601010 電器承裝業；E601020 電器安裝業；E603010 電纜安裝工程業；E603020 電梯安裝工程業；E603040 消防安全設備安裝工程業；E603090 照明設備安裝工程業；E801010 室內裝潢業；E801020 門窗安裝工程業；E801030 室內輕鋼架工程業,臺北市,變更,11505
24551904,維米創意有限公司,臺北市中山區五常街53巷24號5樓,吳珮瑩,500000,103/05/26,115/05/26,公司所營事業變更修正章程,F104110 布疋、衣著、鞋、帽、傘、服飾品批發業；F204110 布疋、衣著、鞋、帽、傘、服飾品零售業；F399040 無店面零售業；F401010 國際貿易業；I199990 其他顧問服務業；I401010 一般廣告服務業；JB01010 會議及展覽服務業；JZ99090 喜慶綜合服務業；ZZ99999 除許可業務外，得經營法令非禁止或限制之業務；H703100 不動產租賃業,臺北市,變更,11505
24554347,城市智能科技股份有限公司,臺北市信義區光復南路495號10樓,趙增偉,1850000,103/06/04,115/05/27,特殊補正,CC01080 電子零組件製造業；CC01110 電腦及其週邊設備製造業；F213060 電信器材零售業；CC01120 資料儲存媒體製造及複製業；CC01060 有線通信機械器材製造業；F117010 消防安全設備批發業；CC01070 無線通信機械器材製造業；E603040 消防安全設備安裝工程業；E605010 電腦設備安裝業；F217010 消防安全設備零售業,臺北市,變更,11505
24555232,和鉅國際股份有限公司,臺北市中山區松江路261號7樓,陳琪瑛,50000000,103/06/06,115/05/25,特殊補正,F301010 百貨公司業；F301020 超級市場業；F399010 便利商店業；F399040 無店面零售業；F399990 其他綜合零售業；F401010 國際貿易業；G801010 倉儲業；IZ06010 理貨包裝業；F501030 飲料店業；F501060 餐館業,臺北市,變更,11505
24555747,歐哲綸有限公司,臺北市松山區八德路四段72巷12弄4號,歐哲綸,100000,103/06/09,115/05/07,特殊補正,I401010 一般廣告服務業；JZ99030 攝影業；I301020 資料處理服務業；I501010 產品設計業；ZZ99999 除許可業務外，得經營法令非禁止或限制之業務,臺北市,變更,11505
24555943,正因貿易有限公司,臺北市松山區敦化北路244巷27號1樓,陳重光,13125000,103/06/09,115/05/19,特殊補正,CD01060 航空器及其零件製造業；F106020 日常用品批發業；F107200 化學原料批發業；F107990 其他化學製品批發業；F111090 建材批發業；F112060 航空站、商港或工業專用港加油業；F113030 精密儀器批發業；F114070 航空器及其零件批發業；F116010 照相器材批發業；F118010 資訊軟體批發業,臺北市,變更,11505
24556892,永在投資股份有限公司,臺北市內湖區南京東路6段380號12樓,王文淵,200000000,103/06/12,115/05/06,改選董事/監察人(一人法人股東指派董事/監察人),H201010 一般投資業；ZZ99999 除許可業務外，得經營法令非禁止或限制之業務,臺北市,變更,11505
24557301,圓祥企業股份有限公司,臺北市中山區南京東路3段9號10樓,杜靜婷,46000000,103/06/12,115/05/08,特殊補正,F102040 飲料批發業；F102170 食品什貨批發業；F203010 食品什貨、飲料零售業；F401010 國際貿易業；ZZ99999 除許可業務外，得經營法令非禁止或限制之業務；F105050 家具、寢具、廚房器具、裝設品批發業；F108040 化粧品批發業；F205040 家具、寢具、廚房器具、裝設品零售業；F208040 化粧品零售業；F399040 無店面零售業,臺北市,變更,11505
24559286,禾鑫展業有限公司,臺北市松山區南京東路4段93號9樓,李盈慧,1000000,103/06/18,115/05/29,特殊補正,JZ99050 仲介服務業；IZ12010 人力派遣業；I103060 管理顧問業；JZ99990 未分類其他服務業；I199990 其他顧問服務業；IZ99990 其他工商服務業；ZZ99999 除許可業務外，得經營法令非禁止或限制之業務,臺北市,變更,11505
24560256,愛視特光學有限公司,臺北市中正區連雲街77號1樓,魏文喜,600000,103/06/20,115/05/26,特殊補正,F110020 眼鏡批發業；F210020 眼鏡零售業；F108031 醫療器材批發業；F208031 醫療器材零售業；F199990 其他批發業；F299990 其他零售業；F399040 無店面零售業；F399990 其他綜合零售業；F401010 國際貿易業；ZZ99999 除許可業務外，得經營法令非禁止或限制之業務,臺北市,變更,11505
24561207,資育股份有限公司,臺北市南港區三重路19之11號4樓,龔仁文,52024000,103/06/24,115/05/06,改選董事/監察人(一人法人股東指派董事/監察人),J202010 產業育成業；I103060 管理顧問業；I301010 資訊軟體服務業；JE01010 租賃業；I102010 投資顧問業；I301020 資料處理服務業；I301030 電子資訊供應服務業；I401010 一般廣告服務業；E605010 電腦設備安裝業；F213030 電腦及事務性機器設備零售業,臺北市,變更,11505
24561305,健裕生技股份有限公司,臺北市中山區林森北路50號4樓之5,柯彥輝,367500000,103/06/24,115/05/15,改選董事/監察人(一人法人股東指派董事/監察人),C114010 食品添加物製造業；C199990 未分類其他食品製造業；C802100 化粧品製造業；C802990 其他化學製品製造業；F102030 菸酒批發業；F102170 食品什貨批發業；F107200 化學原料批發業；F107990 其他化學製品批發業；F108040 化粧品批發業；F121010 食品添加物批發業,臺北市,變更,11505
24562233,巴黎菸草有限公司,臺北市信義區松德路171號8樓之5,韋劭宇,30000000,103/06/27,115/05/06,特殊補正,F401161 菸類輸入業；F102030 菸酒批發業；F203020 菸酒零售業；F401171 酒類輸入業；ZZ99999 除許可業務外，得經營法令非禁止或限制之業務,臺北市,變更,11505
24562590,浪漫的工作室有限公司,臺北市松山區八德路3段74巷96號,寺尾佳之,500000,103/06/30,115/05/27,一般補正案,F501030 飲料店業；F501050 飲酒店業；F501060 餐館業；IZ04010 翻譯業；J601010 藝文服務業；J602010 演藝活動業；J603010 音樂展演空間業；F209060 文教、樂器、育樂用品零售業；F399040 無店面零售業；F401010 國際貿易業,臺北市,變更,11505
24563845,台灣十創股份有限公司,臺北市信義區基隆路1段155號7樓,馬英哲,5000000,103/07/02,115/05/04,補繳規費,F104110 布疋、衣著、鞋、帽、傘、服飾品批發業；F105050 家具、寢具、廚房器具、裝設品批發業；F106020 日常用品批發業；F109070 文教、樂器、育樂用品批發業；F204110 布疋、衣著、鞋、帽、傘、服飾品零售業；F205040 家具、寢具、廚房器具、裝設品零售業；F206020 日常用品零售業；F209060 文教、樂器、育樂用品零售業；F401010 國際貿易業；I102010 投資顧問業,臺北市,變更,11505
24564014,樺田勝鬘管理顧問股份有限公司,臺北市松山區民生東路3段129號3樓,呂蕙雯,7300000,103/07/02,115/05/08,公司名稱變更修正章程,F109070 文教、樂器、育樂用品批發業；F209060 文教、樂器、育樂用品零售業；F399040 無店面零售業；F401010 國際貿易業；I102010 一般投資顧問業；I103060 管理顧問業；I199990 其他顧問服務業；IZ12010 人力派遣業；IZ04010 翻譯業；F601010 智慧財產權業,臺北市,變更,11505
24564513,森澤文鼎股份有限公司,臺北市中正區八德路1段5號6樓,森澤武士,10000000,103/07/03,115/05/14,特殊補正,I301010 資訊軟體服務業；I301030 電子資訊供應服務業；F118010 資訊軟體批發業；F218010 資訊軟體零售業；J399010 軟體出版業；JE01010 租賃業；F113020 電器批發業；F213010 電器零售業；F113050 電腦及事務性機器設備批發業；F213030 電腦及事務性機器設備零售業,臺北市,變更,11505
24565409,晨恩開發股份有限公司,臺北市南港區忠孝東路6段250巷1弄25號,薛聖晨,5300000,103/07/07,115/05/22,特殊補正,H702010 建築經理業；I102010 投資顧問業；I401010 一般廣告服務業；H703090 不動產買賣業；H703100 不動產租賃業；H701010 住宅及大樓開發租售業；H701050 投資興建公共建設業；H701060 新市鎮、新社區開發業；H701070 區段徵收及市地重劃代辦業；H701020 工業廠房開發租售業,臺北市,變更,11505
24566673,富鴻網股份有限公司,臺北市內湖區瑞光路468號12樓,井琪,260389300,103/07/10,115/05/21,特殊補正,CC01010 發電、輸電、配電機械製造業；CC01060 有線通信機械器材製造業；CC01070 無線通信機械器材製造業；CC01110 電腦及其週邊設備製造業；CC01120 資料儲存媒體製造及複製業；CC01990 其他電機及電子機械器材製造業；D101060 再生能源自用發電設備業；D401010 熱能供應業；E502010 燃料導管安裝工程業；E599010 配管工程業,臺北市,變更,11505
24567737,築物設計股份有限公司,臺北市中正區忠孝西路1段72號6樓之8,蔡與哲,1000000,103/07/14,115/05/11,特殊補正,F104110 布疋、衣著、鞋、帽、傘、服飾品批發業；F105050 家具、寢具、廚房器具、裝設品批發業；F106010 五金批發業；F106020 日常用品批發業；F106050 陶瓷玻璃器皿批發業；F109070 文教、樂器、育樂用品批發業；F110010 鐘錶批發業；F113020 電器批發業；F113050 電腦及事務性機器設備批發業；F118010 資訊軟體批發業,臺北市,變更,11505
24567883,機本玩意有限公司,臺北市中正區忠孝東路1段76號12樓之1,蔡尚娟,5500000,103/07/15,115/05/20,特殊補正,F104110 布疋、衣著、鞋、帽、傘、服飾品批發業；F105050 家具、寢具、廚房器具、裝設品批發業；F108040 化粧品批發業；F109070 文教、樂器、育樂用品批發業；F115010 首飾及貴金屬批發業；F204110 布疋、衣著、鞋、帽、傘、服飾品零售業；F205040 家具、寢具、廚房器具、裝設品零售業；F208040 化粧品零售業；F209060 文教、樂器、育樂用品零售業；F399040 無店面零售業,臺北市,變更,11505
24569209,和佑行銷有限公司,臺北市信義區忠孝東路5段1之8號12樓,蕭育豪,1000000,103/07/18,115/05/29,公司印鑑變更,F206020 日常用品零售業；F399990 其他綜合零售業；F401010 國際貿易業；I301030 電子資訊供應服務業；ZZ99999 除許可業務外，得經營法令非禁止或限制之業務；E801010 室內裝潢業；E801020 門窗安裝工程業；E801030 室內輕鋼架工程業；E901010 油漆工程業；EZ99990 其他工程業,臺北市,變更,11505
24570439,宏周實業股份有限公司,臺北市南港區興中路74巷9號,周宗明,7500000,103/07/22,115/05/15,董事(常務董事.董事長)/監察人解任,H703090 不動產買賣業；H703100 不動產租賃業；H201010 一般投資業；F401010 國際貿易業；I103060 管理顧問業；ZZ99999 除許可業務外，得經營法令非禁止或限制之業務,臺北市,變更,11505
24570944,數果網路股份有限公司,臺北市大安區市民大道3段198號3樓,康瑋成,1250000,103/07/25,115/05/25,特殊補正,I401010 一般廣告服務業；I401020 廣告傳單分送業；I301010 資訊軟體服務業；I301020 資料處理服務業；I301030 電子資訊供應服務業；ZZ99999 除許可業務外，得經營法令非禁止或限制之業務；F102170 食品什貨批發業；F104110 布疋、衣著、鞋、帽、傘、服飾品批發業；F105050 家具、寢具、廚房器具、裝設品批發業；F106020 日常用品批發業,臺北市,變更,11505
24573007,唯依國際貿易股份有限公司,臺北市大同區延平北路1段104號5樓,李子祥,20000000,103/07/30,115/05/13,公司名稱變更修正章程,F104110 布疋、衣著、鞋、帽、傘、服飾品批發業；F105050 家具、寢具、廚房器具、裝設品批發業；F115010 首飾及貴金屬批發業；F199990 其他批發業；F204110 布疋、衣著、鞋、帽、傘、服飾品零售業；F205040 家具、寢具、廚房器具、裝設品零售業；F206020 日常用品零售業；F208040 化粧品零售業；F215010 首飾及貴金屬零售業；F299990 其他零售業,臺北市,變更,11505
24573055,此間國際顧問股份有限公司,臺北市松山區南京東路4段1號8樓,王炫皓,10000000,103/07/31,115/05/15,特殊補正,H201010 一般投資業；I102010 投資顧問業；I103060 管理顧問業；IZ12010 人力派遣業；ZZ99999 除許可業務外，得經營法令非禁止或限制之業務；H706011 租賃住宅代管業；H706021 租賃住宅包租業；H703100 不動產租賃業；J101010 建築物清潔服務業；I503010 景觀設計業,臺北市,變更,11505
24573533,陽信電子商務股份有限公司,臺北市中山區中山北路2段156號7樓,温勝澂,100000000,103/08/01,115/05/07,特殊補正,E605010 電腦設備安裝業；F104110 布疋、衣著、鞋、帽、傘、服飾品批發業；F109070 文教、樂器、育樂用品批發業；F113020 電器批發業；F113050 電腦及事務性機器設備批發業；F118010 資訊軟體批發業；F203010 食品什貨、飲料零售業；F204110 布疋、衣著、鞋、帽、傘、服飾品零售業；F205040 家具、寢具、廚房器具、裝設品零售業；F206010 五金零售業,臺北市,變更,11505
24573914,鼎盛材料科技股份有限公司,臺北市大同區西寧北路70號3樓,蘇百煌,15000000,103/08/04,115/05/15,申登機關變更（遷入，含卷）,C301010 紡紗業；C302010 織布業；C801030 精密化學材料製造業；C801100 合成樹脂及塑膠製造業；C801120 人造纖維製造業；C805050 工業用塑膠製品製造業；CI01010 繩、纜、網製造業；F104110 布疋、衣著、鞋、帽、傘、服飾品批發業；F107200 化學原料批發業；F401010 國際貿易業,臺北市,變更,11505
24574744,新羅國際精品有限公司,臺北市大同區重慶北路3段137巷31號,施佳岑,2000000,103/08/06,115/05/05,董事/股東地址變更,F104110 布疋、衣著、鞋、帽、傘、服飾品批發業；F204110 布疋、衣著、鞋、帽、傘、服飾品零售業；F108040 化粧品批發業；F208040 化粧品零售業；F401010 國際貿易業；I103060 管理顧問業；I501010 產品設計業；C301010 紡紗業；C302010 織布業；C303010 不織布業,臺北市,變更,11505
24576237,小王子展業有限公司,臺北市萬華區漢中街42號9樓,許恭豪,10000000,103/08/11,115/05/08,申登機關變更（遷入，含卷）,H703100 不動產租賃業；H703090 不動產買賣業；F501030 飲料店業；F102170 食品什貨批發業；F203010 食品什貨、飲料零售業；ZZ99999 除許可業務外，得經營法令非禁止或限制之業務,臺北市,變更,11505
24614035,宜捷企業股份有限公司,臺北市萬華區青年路106巷6號3樓,應恒吉,5000000,103/06/25,115/05/11,特殊補正,F111090 建材批發業；E801010 室內裝潢業；E801020 門窗安裝工程業；E801030 室內輕鋼架工程業；E801040 玻璃安裝工程業；E801070 廚具、衛浴設備安裝工程業；E903010 防蝕、防銹工程業；F106010 五金批發業；EZ02010 起重工程業；I103060 管理顧問業,臺北市,變更,11505
24652157,星微創新股份有限公司,臺北市信義區基隆路1段155號5樓之8,林雪鳳,1380000,103/11/10,115/05/18,特殊補正,CC01080 電子零組件製造業；E603050 自動控制設備工程業；F113030 精密儀器批發業；F113070 電信器材批發業；F118010 資訊軟體批發業；F119010 電子材料批發業；F213060 電信器材零售業；F218010 資訊軟體零售業；F219010 電子材料零售業；F401010 國際貿易業,臺北市,變更,11505
24654177,家誠全球數位科技股份有限公司,臺北市信義區忠孝東路5段1之10號3樓,蔡幸君,100834375,103/11/17,115/05/07,特殊補正,IG01010 生物技術服務業；IG02010 研究發展服務業；F118010 資訊軟體批發業；F119010 電子材料批發業；I301010 資訊軟體服務業；I301020 資料處理服務業；I301030 電子資訊供應服務業；F108031 醫療器材批發業；F208031 醫療器材零售業；F401010 國際貿易業,臺北市,變更,11505
24735241,神彩工程有限公司,臺北市大安區敦化南路1段205號5樓之6,林志峯,2000000,104/03/27,115/05/28,改推董事/董事長,E401010 疏濬業；E599010 配管工程業；E601020 電器安裝業；E603010 電纜安裝工程業；E603020 電梯安裝工程業；E603040 消防安全設備安裝工程業；E603050 自動控制設備工程業；E603090 照明設備安裝工程業；E604010 機械安裝業；E605010 電腦設備安裝業,臺北市,變更,11505
24739302,奎爾斯企業有限公司,臺北市大安區安居街9巷29號1樓,王俊閔,2000000,103/08/20,115/05/18,特殊補正,F102170 食品什貨批發業；F104110 布疋、衣著、鞋、帽、傘、服飾品批發業；F106010 五金批發業；F106020 日常用品批發業；F108040 化粧品批發業；F109070 文教、樂器、育樂用品批發業；F113010 機械批發業；F114030 汽、機車零件配備批發業；F114040 自行車及其零件批發業；F203010 食品什貨、飲料零售業,臺北市,變更,11505
24740841,辰揚股份有限公司,臺北市信義區忠孝東路5段689號9樓,劉清宏,68354440,103/08/26,115/05/04,特殊補正,H201010 一般投資業；ZZ99999 除許可業務外，得經營法令非禁止或限制之業務,臺北市,變更,11505
24744425,君懋投資事業有限公司,臺北市內湖區新明路298巷8號10樓,林辰桓,13000000,103/09/05,115/05/12,補繳規費,H201010 一般投資業,臺北市,變更,11505
24744733,寶島國際遊艇股份有限公司,臺北市中山區民權東路2段26號11樓之1,陳昭全,137000000,103/09/05,115/05/28,改選董事/監察人(一人法人股東指派董事/監察人),H201010 一般投資業；F114060 船舶及其零件批發業；F214060 船舶及其零件零售業；F401010 國際貿易業；I101120 造船顧問業；CD01010 船舶及其零件製造業；ZZ99999 除許可業務外，得經營法令非禁止或限制之業務,臺北市,變更,11505
24745331,安家卓越股份有限公司,臺北市大同區長安西路116號,李兆嘉,20000000,103/09/09,115/05/12,減資,H701010 住宅及大樓開發租售業；H701020 工業廠房開發租售業；H701040 特定專業區開發業；H701050 投資興建公共建設業；H701060 新市鎮、新社區開發業；H701070 區段徵收及市地重劃代辦業；H701080 都市更新重建業；H701090 都市更新整建維護業；H702010 建築經理業；H703090 不動產買賣業,臺北市,變更,11505
24749152,睿域設計有限公司,臺北市中山區南京東路3段101號4樓,莊家榮,6000000,103/09/19,115/05/29,公司所在地,E801010 室內裝潢業；I503010 景觀、室內設計業；JZ99050 仲介服務業；F111090 建材批發業；F211010 建材零售業；F106010 五金批發業；F206010 五金零售業；F113020 電器批發業；F213010 電器零售業；F401010 國際貿易業,臺北市,變更,11505
24751537,台塑建設事業股份有限公司,臺北市內湖區石潭里南京東路六段390號1樓,林善志,3300000000,103/09/26,115/05/27,改選董事/監察人(一人法人股東指派董事/監察人),E801010 室內裝潢業；F111090 建材批發業；F211010 建材零售業；G202010 停車場經營業；H701010 住宅及大樓開發租售業；H701020 工業廠房開發租售業；H701040 特定專業區開發業；H701050 投資興建公共建設業；H701060 新市鎮、新社區開發業；H701070 區段徵收及市地重劃代辦業,臺北市,變更,11505
24752563,漢峰鑫股份有限公司,臺北市內湖區內湖路1段396號3樓之1,羅志明,6000000,103/09/30,115/05/13,特殊補正,E601010 電器承裝業；E603080 交通號誌安裝工程業；E603090 照明設備安裝工程業；EZ99990 其他工程業；F106020 日常用品批發業；F113020 電器批發業；F113050 電腦及事務性機器設備批發業；F113070 電信器材批發業；F119010 電子材料批發業；F206020 日常用品零售業,臺北市,變更,11505
24752677,任想股份有限公司,臺北市內湖區民權東路6段160號4樓之2,林秋欣,3000000,103/09/30,115/05/13,改選董事/監察人(一人法人股東指派董事/監察人),I501010 產品設計業；F401010 國際貿易業；F206020 日常用品零售業；I301010 資訊軟體服務業；IZ99990 其他工商服務業；F213010 電器零售業；F399040 無店面零售業；F207030 清潔用品零售業；F206030 模具零售業；F219010 電子材料零售業,臺北市,變更,11505
24752698,全有旅行社有限公司,臺北市松山區南京東路4段186號8樓之7,薛陳金鳳,6000000,103/09/30,115/05/14,特殊補正,J902011 旅行業,臺北市,變更,11505
24752888,布林克國際貿易股份有限公司,臺北市松山區民權東路3段144號2樓之1,班傑明Benjamin Gordon VAN KERKWIJK,3000000,103/10/02,115/05/07,董事/監察人證照變更,G801010 倉儲業；F401010 國際貿易業；JB01010 會議及展覽服務業；IZ09010 管理系統驗證業；IB01010 建築物公共安全檢查業；JA02010 電器及電子產品修理業；ZZ99999 除許可業務外，得經營法令非禁止或限制之業務,臺北市,變更,11505
24757737,亞灣超算股份有限公司,臺北市內湖區基湖路32號10樓,黃英士,100000000,103/10/17,115/05/29,補繳規費,CC01080 電子零組件製造業；I301010 資訊軟體服務業；I301030 電子資訊供應服務業；I501010 產品設計業；IZ99990 其他工商服務業；F113030 精密儀器批發業；F113050 電腦及事務性機器設備批發業；F118010 資訊軟體批發業；F119010 電子材料批發業；F213030 電腦及事務性機器設備零售業,臺北市,變更,11505
24759475,好和設計室內裝修有限公司,臺北市內湖區民權東路6段123巷14號4樓之2,何佳翰,2000000,103/10/20,115/05/18,特殊補正,E801010 室內裝潢業；E801020 門窗安裝工程業；E801030 室內輕鋼架工程業；E801040 玻璃安裝工程業；E801070 廚具、衛浴設備安裝工程業；E901010 油漆工程業；F105050 家具、寢具、廚房器具、裝設品批發業；F111090 建材批發業；F205040 家具、寢具、廚房器具、裝設品零售業；F401010 國際貿易業,臺北市,變更,11505
24761681,花聲藝術文化股份有限公司,臺北市大安區潮州街118號5樓,李東祐,1500000,103/10/27,115/05/12,特殊補正,F104110 布疋、衣著、鞋、帽、傘、服飾品批發業；F109070 文教、樂器、育樂用品批發業；F204110 布疋、衣著、鞋、帽、傘、服飾品零售業；F209060 文教、樂器、育樂用品零售業；F401010 國際貿易業；F601010 智慧財產權業；I301030 電子資訊供應服務業；I401010 一般廣告服務業；I501010 產品設計業；J304010 圖書出版業,臺北市,變更,11505
24761789,雅典娜娜有限公司,臺北市中正區忠孝西路1段6號4樓,黃柏崇,500000,103/10/27,115/05/13,股東出資轉讓修正章程,F108040 化粧品批發業；F208040 化粧品零售業；F401010 國際貿易業；ZZ99999 除許可業務外，得經營法令非禁止或限制之業務,臺北市,變更,11505
24762990,銳環科技股份有限公司,臺北市中正區忠孝西路1段72號11樓之12,陳澤漢,5000000,103/10/30,115/05/12,特殊補正,I301010 資訊軟體服務業；I301020 資料處理服務業；I301030 電子資訊供應服務業；I301040 第三方支付服務業；I401010 一般廣告服務業；IZ13010 網路認證服務業；J399010 軟體出版業；F401010 國際貿易業；ZZ99999 除許可業務外，得經營法令非禁止或限制之業務,臺北市,變更,11505
24763148,安眾建設股份有限公司,臺北市松山區南京東路3段278號11樓,凃豪霖,42500000,103/10/30,115/05/20,改選董事/監察人(一人法人股東指派董事/監察人),H701010 住宅及大樓開發租售業；H701020 工業廠房開發租售業；H701040 特定專業區開發業；H701050 投資興建公共建設業；H701060 新市鎮、新社區開發業；H701070 區段徵收及市地重劃代辦業；H701080 都市更新重建業；H701090 都市更新整建維護業；H703090 不動產買賣業；H703100 不動產租賃業,臺北市,變更,11505
24765309,銀泰投資股份有限公司,臺北市大安區新生南路3段2號6樓之3,周忠修,29000000,103/11/07,115/05/29,特殊補正,H201010 創業投資業,臺北市,變更,11505
24766378,台灣喜基雅精機股份有限公司,臺北市大安區信義路3段106號9樓之3,鴫谷憲和,60000000,103/11/12,115/05/22,改選董事/監察人(一人法人股東指派董事/監察人),F113010 機械批發業；F213080 機械器具零售業；F113030 精密儀器批發業；F213040 精密儀器零售業；F113990 其他機械器具批發業；F213990 其他機械器具零售業；JA02990 其他修理業；E604010 機械安裝業；F401010 國際貿易業；CB01010 機械設備製造業,臺北市,變更,11505
24767432,佳展科技股份有限公司,臺北市內湖區瑞光路358巷30弄2之1號6樓,邱秋津,10000000,103/11/13,115/05/18,特殊補正,F113030 精密儀器批發業；F213040 精密儀器零售業；IG01010 生物技術服務業；I301010 資訊軟體服務業；F401010 國際貿易業；ZZ99999 除許可業務外，得經營法令非禁止或限制之業務；F108031 醫療器材批發業；F208031 醫療器材零售業；F401161 菸類輸入業；F102030 菸酒批發業,臺北市,變更,11505
24768517,遠揚管理顧問有限公司,臺北市南港區忠孝東路6段6號5樓之2,王昱翔,12000000,103/11/17,115/05/29,特殊補正,I102010 一般投資顧問業；I103060 管理顧問業；I199990 其他顧問服務業；I301010 資訊軟體服務業；I301020 資料處理服務業；F114010 汽車批發業；F214010 汽車零售業；F401010 國際貿易業；ZZ99999 除許可業務外，得經營法令非禁止或限制之業務,臺北市,變更,11505
24770106,騰烽有限公司,臺北市大安區敦化南路1段225號3樓之8,陳昱羲,3600000,103/11/21,115/05/28,特殊補正,F110010 鐘錶批發業；F115010 首飾及貴金屬批發業；F115020 礦石批發業；F210010 鐘錶零售業；F215010 首飾及貴金屬零售業；F215020 礦石零售業；F399040 無店面零售業；F401010 國際貿易業；ZZ99999 除許可業務外，得經營法令非禁止或限制之業務,臺北市,變更,11505
24771941,新貴語文顧問股份有限公司,臺北市信義區信義路5段7號37樓,胡家榮,5500000,103/11/27,115/05/15,特殊補正,I103060 管理顧問業；I199990 其他顧問服務業；JB01010 會議及展覽服務業；IZ04010 翻譯業；J202010 產業育成業；F109070 文教、樂器、育樂用品批發業；F118010 資訊軟體批發業；F218010 資訊軟體零售業；F601010 智慧財產權業；I301010 資訊軟體服務業,臺北市,變更,11505
24772478,台灣均浩電訊股份有限公司,臺北市內湖區文湖街2號2樓,樊桂衡,18000000,103/11/28,115/05/28,特殊補正,F113070 電信器材批發業；F116010 照相器材批發業；F118010 資訊軟體批發業；F119010 電子材料批發業；F401010 國際貿易業；I301010 資訊軟體服務業；F108040 化粧品批發業；F208040 化粧品零售業；ZZ99999 除許可業務外，得經營法令非禁止或限制之業務,臺北市,變更,11505
24775144,法日一有限公司,臺北市中正區忠孝東路2段30號1樓,伊思特餐飲股份有限公司,1000000,103/12/08,115/05/12,特殊補正,F203010 食品什貨、飲料零售業；F401010 國際貿易業；ZZ99999 除許可業務外，得經營法令非禁止或限制之業務；F102030 菸酒批發業；F203020 菸酒零售業,臺北市,變更,11505
24778206,芃景國際整合行銷有限公司,臺北市中山區南京東路1段25號3樓,張育菁,3300000,103/12/16,115/05/29,補繳規費,I401010 一般廣告服務業；I103060 管理顧問業；I199990 其他顧問服務業；J602010 演藝活動業；F108040 化粧品批發業；F208040 化粧品零售業；F102170 食品什貨批發業；F203010 食品什貨、飲料零售業；F399040 無店面零售業；F401010 國際貿易業,臺北市,變更,11505
24778509,珍愛飛得利旅行社股份有限公司,臺北市中山區松江路82號4樓,吳鳳惠,10000000,103/12/17,115/05/07,特殊補正,J902011 旅行業,臺北市,變更,11505
24787211,海洋風力發電股份有限公司,臺北市大安區忠孝東路四段270號17樓,Andreas Munk-Janson,4173652800,104/01/14,115/05/08,改派董事/監察人,D101011 發電業；F401010 國際貿易業,臺北市,變更,11505
24789219,南港國際二股份有限公司,臺北市大安區敦化南路二段218號8樓,郭文鎧,6300000000,104/03/30,115/05/26,補選董事(常務董事.董事長)/監察人,H701010 住宅及大樓開發租售業；F501030 飲料店業；H702010 建築經理業；H701040 特定專業區開發業；F501060 餐館業；JE01010 租賃業；H701050 投資興建公共建設業；F501050 飲酒店業；H201010 一般投資業；H701080 都市更新重建業,臺北市,變更,11505
24790074,香港商利太有限公司,臺北市信義區光復南路495號4樓,陳永煜,30000000,104/04/16,115/05/29,在中華民國所營事業減少登記,F101050 水產品批發業；F101100 花卉批發業；F101130 蔬果批發業；F101990 其他農、畜、水產品批發業；F102030 菸酒批發業；F102040 飲料批發業；F102170 食品什貨批發業；F104110 布疋、衣著、鞋、帽、傘、服飾品批發業；F106010 五金批發業；F106020 日常用品批發業,臺北市,變更,11505
24790905,新加坡商赫斯基注塑系統有限公司,臺北市中山區南京東路3段101號4樓,彭家榮,1000000,104/05/04,115/05/18,在中華民國境內負責人住所或居所變更,E604010 機械安裝業；F106030 模具批發業；F113010 機械批發業；F401010 國際貿易業；ZZ99999 除許可業務外，得經營法令非禁止或限制之業務,臺北市,變更,11505
24795113,日商東麗科技工程股份有限公司,臺北市松山區長春路451號6樓,林君如,5000000,104/07/16,115/05/07,改派在中華民國境內負責人變更登記,E603050 自動控制設備工程業；EZ13010 核子工程業；EZ99990 其他工程業；E604010 機械安裝業；EZ05010 儀器、儀表安裝工程業；E601020 電器安裝業；CB01010 機械設備製造業；CD01030 汽車及其零件製造業；CE01010 一般儀器製造業；F113100 污染防治設備批發業,臺北市,變更,11505
24797702,馬來西亞商馬來西亞國際航空有限公司,臺北市松山區南京東路四段1號6樓,林素杏,1000000,104/08/31,115/05/04,本公司董事及其他負責人變更,G501011 民用航空運輸業；G501020 民用航空總代理業；F203010 食品什貨、飲料零售業；F203020 菸酒零售業；F204110 布疋、衣著、鞋、帽、傘、服飾品零售業；F206020 日常用品零售業；F208040 化粧品零售業；F209060 文教、樂器、育樂用品零售業；F210010 鐘錶零售業；F210020 眼鏡零售業,臺北市,變更,11505
24799238,合作金庫創業投資股份有限公司,臺北市中正區羅斯福路一段7號4樓之1,王育群,1513957750,104/10/01,115/05/11,董事(常務董事.董事長)/監察人解任,H202010 創業投資業；I103060 管理顧問業；I102010 投資顧問業,臺北市,變更,11505
24802992,焱元投資股份有限公司,臺北市大安區敦化南路二段77號15樓,關鈞,9690550800,104/12/03,115/05/05,發行新股,H201010 一般投資業,臺北市,變更,11505
24804252,英屬開曼群島商睿勝科技股份有限公司,臺北市中正區同安街93號2樓之1,黃震,5000000,104/12/24,115/05/27,改派在中華民國境內負責人變更登記,F118010 資訊軟體批發業；F218010 資訊軟體零售業；J399010 軟體出版業；I301010 資訊軟體服務業；I301020 資料處理服務業；I301030 電子資訊供應服務業；ZZ99999 除許可業務外，得經營法令非禁止或限制之業務,臺北市,變更,11505
24805127,群益創業投資股份有限公司,臺北市松山區民生東路三段156號11樓,周秀真,1000000000,105/01/12,115/05/21,法人股東更名、國籍、地址變更,H201010 一般投資業；H202010 創業投資業；I102010 投資顧問業；I103060 管理顧問業；ZZ99999 除許可業務外，得經營法令非禁止或限制之業務,臺北市,變更,11505
24806033,德商萊恩安德工程顧問股份有限公司,臺北市松山區東光里南京東路五段171號3樓,柯柳獅,50000,105/01/21,115/05/28,本公司董事及其他負責人變更,E401010 疏濬業；E402010 沙石、淤泥海拋業；E603010 電纜安裝工程業；E603050 自動控制設備工程業；E603080 交通號誌安裝工程業；EZ06010 交通標示工程業；EZ07010 鑽孔工程業；F401010 國際貿易業；H701040 特定專業區開發業；H701050 投資興建公共建設業,臺北市,變更,11505
24809123,新加坡商韋能能源有限公司,臺北市信義區松高路1號21樓,李文正,29557700,105/03/24,115/05/28,減少營業所用資金,I103060 管理顧問業；I199990 其他顧問服務業；JZ99990 未分類其他服務業；ZZ99999 除許可業務外，得經營法令非禁止或限制之業務,臺北市,變更,11505
24854415,琺錡互動創意有限公司,臺北市中正區中華路1段25之3號7樓之3,李逸威,500000,103/12/18,115/05/20,特殊補正,I401010 一般廣告服務業；I501010 產品設計業；I301010 資訊軟體服務業；I301020 資料處理服務業；I301030 電子資訊供應服務業；F118010 資訊軟體批發業；F218010 資訊軟體零售業；F113050 電腦及事務性機器設備批發業；F213030 電腦及事務性機器設備零售業；J304010 圖書出版業,臺北市,變更,11505
24894802,宇星國際貿易有限公司,臺北市信義區忠孝東路5段482號14樓之4,謝明葵,1000000,104/05/06,115/05/22,特殊補正,E605010 電腦設備安裝業；E701030 電信管制射頻器材裝設工程業；E701040 簡易電信設備安裝業；F102040 飲料批發業；F102050 茶葉批發業；F102170 食品什貨批發業；F104110 布疋、衣著、鞋、帽、傘、服飾品批發業；F106020 日常用品批發業；F113020 電器批發業；F113050 電腦及事務性機器設備批發業,臺北市,變更,11505
24930722,創創數位科技股份有限公司,臺北市大安區忠孝東路4段148號7樓之5,賴彥甫,38000000,104/01/23,115/05/08,特殊補正,CC01110 電腦及其週邊設備製造業；CC01120 資料儲存媒體製造及複製業；CC01990 其他電機及電子機械器材製造業；E604010 機械安裝業；E605010 電腦設備安裝業；E701030 電信管制射頻器材裝設工程業；E701040 簡易電信設備安裝業；F104110 布疋、衣著、鞋、帽、傘、服飾品批發業；F106020 日常用品批發業；F113020 電器批發業,臺北市,變更,11505
24934115,和氣國際健康管理顧問有限公司,臺北市中山區中山北路2段45巷23號4樓之2,陳彥寬,5000000,104/02/03,115/05/22,特殊補正,J802010 運動訓練業；J801030 競技及休閒運動場館業；J803010 運動表演業；JF01010 傳統整復推拿業；I101090 食品顧問業；I103060 管理顧問業；I199990 其他顧問服務業；JB01010 會議及展覽服務業；JA05010 留、遊學服務業；IG02010 研究發展服務業,臺北市,變更,11505
24935135,華鉅網路股份有限公司,臺北市大安區信義路3段106號3樓之4,劉念婷,20000000,104/02/05,115/05/25,特殊補正,J303010 雜誌（期刊）出版業；J601010 藝文服務業；J602010 演藝活動業；JZ99990 未分類其他服務業；I301010 資訊軟體服務業；I301020 資料處理服務業；I301030 電子資訊供應服務業；I401010 一般廣告服務業；F113050 電腦及事務性機器設備批發業；F118010 資訊軟體批發業,臺北市,變更,11505
24937555,大同智能股份有限公司,臺北市中山區中山北路三段22號,張榮華,6000000000,104/02/12,115/05/19,補選董事(常務董事.董事長)/監察人,CC01010 發電、輸電、配電機械製造業；CC01080 電子零組件製造業；CC01090 電池製造業；D401010 熱能供應業；E599010 配管工程業；E601010 電器承裝業；E601020 電器安裝業；F113110 電池批發業；F119010 電子材料批發業；F219010 電子材料零售業,臺北市,變更,11505
24938750,沃祈數位科技股份有限公司,臺北市中正區延平南路189號5樓,許書綺,107833380,104/02/13,115/05/15,發行新股,F118010 資訊軟體批發業；F218010 資訊軟體零售業；F401010 國際貿易業；F601010 智慧財產權業；I301010 資訊軟體服務業；I301020 資料處理服務業；I301030 電子資訊供應服務業；I401010 一般廣告服務業；I501010 產品設計業；I103060 管理顧問業,臺北市,變更,11505
24939097,騎樂菲股份有限公司,臺北市松山區敦化北路205號2樓,Godfrey Kwok Fung NGAI,12500000,104/02/16,115/05/07,改選董事/監察人(一人法人股東指派董事/監察人),F104110 布疋、衣著、鞋、帽、傘、服飾品批發業；F204110 布疋、衣著、鞋、帽、傘、服飾品零售業；F114040 自行車及其零件批發業；F214040 自行車及其零件零售業；F399040 無店面零售業；F401010 國際貿易業；I501010 產品設計業；I502010 服飾設計業；I401010 一般廣告服務業；I301010 資訊軟體服務業,臺北市,變更,11505
24945099,益福生醫股份有限公司,臺北市南港區忠孝東路7段508號8樓,鄭勝德,289074140,104/03/13,115/05/27,增資(資本總額),C199990 未分類其他食品製造業；C802100 化粧品製造業；F102170 食品什貨批發業；F103010 飼料批發業；F106020 日常用品批發業；F107030 清潔用品批發業；F107070 動物用藥品批發業；F108040 化粧品批發業；F199990 其他批發業；F202010 飼料零售業,臺北市,變更,11505
24945485,潤龍針織股份有限公司,臺北市文山區木柵路4段159巷164號4樓,郭志清,10000000,104/03/16,115/05/25,改選董事/監察人(一人法人股東指派董事/監察人),F104110 布疋、衣著、鞋、帽、傘、服飾品批發業；F109070 文教、樂器、育樂用品批發業；F204110 布疋、衣著、鞋、帽、傘、服飾品零售業；F209060 文教、樂器、育樂用品零售業；F401010 國際貿易業；I502010 服飾設計業；JZ99070 裁縫服務業；ZZ99999 除許可業務外，得經營法令非禁止或限制之業務；I101110 紡織顧問業；F399040 無店面零售業,臺北市,變更,11505
24945921,之川科技工程有限公司,臺北市大安區通化街200巷31號1樓,翁少振,30000000,104/03/17,115/05/05,補繳規費,CB01010 機械設備製造業；CB01990 其他機械製造業；CG01010 珠寶及貴金屬製品製造業；E502010 燃料導管安裝工程業；E599010 配管工程業；E601010 電器承裝業；E601020 電器安裝業；E602011 冷凍空調工程業；E603010 電纜安裝工程業；E603020 電梯安裝工程業,臺北市,變更,11505
24950091,新進能源科技股份有限公司,臺北市大安區敦化南路2段104號7樓,張維德,300610000,104/03/27,115/05/18,公司所營事業變更修正章程,I103060 管理顧問業；IG02010 研究發展服務業；IG03010 能源技術服務業；CC01010 發電、輸電、配電機械製造業；CC01090 電池製造業；E603010 電纜安裝工程業；E603050 自動控制設備工程業；E604010 機械安裝業；EZ13010 核子工程業；F113010 機械批發業,臺北市,變更,11505
24950917,鼎豐地產股份有限公司,臺北市信義區松智路1號5樓,方翰瑋,23700000,104/03/31,115/05/08,公司所在地,F401010 國際貿易業；F601010 智慧財產權業；H201010 一般投資業；H202010 創業投資業；H204010 私募股權投資業；H703090 不動產買賣業；H703100 不動產租賃業；I102010 一般投資顧問業；I103060 管理顧問業；ZZ99999 除許可業務外，得經營法令非禁止或限制之業務,臺北市,變更,11505
24951893,新成思國際音樂製作有限公司,臺北市內湖區文德路66巷109號1樓,LEONG SENG CHET(梁胜杰),5000000,104/04/02,115/05/05,特殊補正,J601010 藝文服務業；J602010 演藝活動業；J305010 有聲出版業；J603010 音樂展演空間業；J503021 電視節目製作業；JB01010 會議及展覽服務業；JE01010 租賃業；JZ99050 仲介服務業；JZ99990 未分類其他服務業；F401010 國際貿易業,臺北市,變更,11505
24953421,珣采投資股份有限公司,臺北市大安區和平東路2段107巷11弄16號,徐至毅,90000000,104/04/09,115/05/12,改選董事/監察人(一人法人股東指派董事/監察人),H201010 一般投資業；ZZ99999 除許可業務外，得經營法令非禁止或限制之業務,臺北市,變更,11505
24953436,漢洋投資股份有限公司,臺北市南港區成福路74巷8號1樓,徐至宏,90000000,104/04/09,115/05/13,改選董事/監察人(一人法人股東指派董事/監察人),H201010 一般投資業；ZZ99999 除許可業務外，得經營法令非禁止或限制之業務,臺北市,變更,11505
24953457,久華投資股份有限公司,臺北市大安區和平東路2段107巷11弄16號,徐靖惠,50000000,104/04/09,115/05/14,特殊補正,H201010 一般投資業；ZZ99999 除許可業務外，得經營法令非禁止或限制之業務,臺北市,變更,11505
24953576,眾元電腦有限公司,臺北市大安區仁愛路3段141號4樓,蔡江洋,1000000,104/04/10,115/05/15,公司所在地,E605010 電腦設備安裝業；F113050 電腦及事務性機器設備批發業；F118010 資訊軟體批發業；F119010 電子材料批發業；F213030 電腦及事務性機器設備零售業；F218010 資訊軟體零售業；F219010 電子材料零售業；F401010 國際貿易業；I301010 資訊軟體服務業；ZZ99999 除許可業務外，得經營法令非禁止或限制之業務,臺北市,變更,11505
24954809,元璟數位股份有限公司,臺北市中山區南京東路3段118號9樓之1,吳尚璟,2000000,104/04/13,115/05/19,特殊補正,I301010 資訊軟體服務業；I301020 資料處理服務業；I301030 電子資訊供應服務業；F399040 無店面零售業；F399990 其他綜合零售業；ZZ99999 除許可業務外，得經營法令非禁止或限制之業務,臺北市,變更,11505
24955309,上質健康管理顧問股份有限公司,臺北市中山區建國北路2段147號4樓之3,陳秀霞,20000000,104/04/14,115/05/13,改選董事/監察人(一人法人股東指派董事/監察人),I101090 食品顧問業；I102010 投資顧問業；I103060 管理顧問業；I301010 資訊軟體服務業；I301020 資料處理服務業；I301030 電子資訊供應服務業；IC01010 藥品檢驗業；IG01010 生物技術服務業；IG02010 研究發展服務業；F107070 動物用藥品批發業,臺北市,變更,11505
24957691,大芒果國際股份有限公司,臺北市中山區中山北路2段93巷60號2樓,劉家齊,2400000,104/04/20,115/05/27,特殊補正,F119010 電子材料批發業；F199990 其他批發業；F401010 國際貿易業；ZZ99999 除許可業務外，得經營法令非禁止或限制之業務；H706011 租賃住宅代管業；H706021 租賃住宅包租業；H701010 住宅及大樓開發租售業；H703090 不動產買賣業；H703100 不動產租賃業；H703110 老人住宅業,臺北市,變更,11505
24957860,共同建設股份有限公司,臺北市大安區四維路94號1樓,陳佳聰,157279820,104/04/21,115/05/21,特殊補正,H701010 住宅及大樓開發租售業；H701020 工業廠房開發租售業；H701040 特定專業區開發業；H701050 投資興建公共建設業；H701060 新市鎮、新社區開發業；H701070 區段徵收及市地重劃代辦業；H701080 都市更新重建業；H701090 都市更新整建維護業；H702010 建築經理業；H703090 不動產買賣業,臺北市,變更,11505
24958278,格格有限公司,臺北市中山區新生北路3段21號8樓之8,高政衛,1000000,104/04/21,115/05/15,特殊補正,F102030 菸酒批發業；F102040 飲料批發業；F102050 茶葉批發業；F102170 食品什貨批發業；F104110 布疋、衣著、鞋、帽、傘、服飾品批發業；F106020 日常用品批發業；F108040 化粧品批發業；F109070 文教、樂器、育樂用品批發業；F203010 食品什貨、飲料零售業；F203020 菸酒零售業,臺北市,變更,11505
24963309,榮帝科技股份有限公司,臺北市中山區長安東路1段18號7樓,陳明賢,89477300,104/05/05,115/05/22,特殊補正,E604010 機械安裝業；E801010 室內裝潢業；F107030 清潔用品批發業；F111090 建材批發業；F113010 機械批發業；F113050 電腦及事務性機器設備批發業；F113070 電信器材批發業；F114010 汽車批發業；F118010 資訊軟體批發業；F119010 電子材料批發業,臺北市,變更,11505
24971271,厝味文化股份有限公司,臺北市中正區中山北路1段2號11樓之11,許天亮,26240000,104/05/27,115/05/06,特殊補正,J601010 藝文服務業；J602010 演藝活動業；J399990 其他出版業；I501010 產品設計業；J901020 一般旅館業；F501030 飲料店業；J304010 圖書出版業；J603010 音樂展演空間業；I105010 藝術品諮詢顧問業；I199990 其他顧問服務業,臺北市,變更,11505
24977508,環鼎國際股份有限公司,臺北市中山區松江路237號9樓,江錦峰,58000000,104/06/15,115/05/04,特殊補正,CB01010 機械設備製造業；CB01030 污染防治設備製造業；E599010 配管工程業；E601010 電器承裝業；E601020 電器安裝業；E603050 自動控制設備工程業；E604010 機械安裝業；E605010 電腦設備安裝業；EZ05010 儀器、儀表安裝工程業；EZ13010 核子工程業,臺北市,變更,11505
25016269,興天友有限公司,臺北市中正區忠孝西路1段50號22樓之15,林桓羽,2000000,98/08/19,115/05/29,特殊補正,F102170 食品什貨批發業；F102050 茶葉批發業；F102040 飲料批發業；F104110 布疋、衣著、鞋、帽、傘、服飾品批發業；F105050 家具、寢具、廚房器具、裝設品批發業；F106020 日常用品批發業；F107030 清潔用品批發業；F108040 化粧品批發業；F207030 清潔用品零售業；F208040 化粧品零售業,臺北市,變更,11505
25100076,盤古大昭室內裝修設計有限公司,臺北市中山區民權東路2段46號7樓之1,洪紫雲,10000000,99/01/28,115/05/08,董事/股東更名,H701010 住宅及大樓開發租售業；H701020 工業廠房開發租售業；H703090 不動產買賣業；H703100 不動產租賃業；I503010 景觀、室內設計業；I501010 產品設計業；I401010 一般廣告服務業；I102010 投資顧問業；I103060 管理顧問業；E801010 室內裝潢業,臺北市,變更,11505
25100738,勤耕建設股份有限公司,臺北市大安區仁愛路4段85號4樓之1,汪家玗,3000000,99/02/01,115/05/26,改選董事/監察人(一人法人股東指派董事/監察人),E801010 室內裝潢業；F211010 建材零售業；F401010 國際貿易業；H701010 住宅及大樓開發租售業；H701020 工業廠房開發租售業；H703090 不動產買賣業；H703100 不動產租賃業；H703110 老人住宅業；I503010 景觀、室內設計業；ZZ99999 除許可業務外，得經營法令非禁止或限制之業務,臺北市,變更,11505
25100786,犬象有限公司,臺北市信義區忠孝東路5段412號17樓,許雅鈞,1000000,99/02/01,115/05/19,特殊補正,J602010 演藝活動業；J601010 藝文服務業；J303010 雜誌（期刊）出版業；J304010 圖書出版業；JB01010 會議及展覽服務業；I103060 管理顧問業；I301010 資訊軟體服務業；I301020 資料處理服務業；I301030 電子資訊供應服務業；I401010 一般廣告服務業,臺北市,變更,11505
25102095,辰環有限公司,臺北市中山區民生東路1段29號5樓之5,陳辰楠,23800000,99/02/04,115/05/29,特殊補正,H703090 不動產買賣業；H703100 不動產租賃業；F401010 國際貿易業；ZZ99999 除許可業務外，得經營法令非禁止或限制之業務,臺北市,變更,11505
25104880,三興數位有限公司,臺北市中正區青島東路7號2樓之3,元永騰,30000000,99/02/11,115/05/06,特殊補正,F113070 電信器材批發業；F119010 電子材料批發業；F399040 無店面零售業；F401010 國際貿易業；I501010 產品設計業；ZZ99999 除許可業務外，得經營法令非禁止或限制之業務；F199990 其他批發業；F299990 其他零售業；F213060 電信器材零售業；F219010 電子材料零售業,臺北市,變更,11505
25104896,宅立方資訊有限公司,臺北市松山區南京東路4段143號8樓之1,廖大維,3100000,99/02/12,115/05/08,公司所在地,E605010 電腦設備安裝業；F215020 礦石零售業；F218010 資訊軟體零售業；I301010 資訊軟體服務業；I301020 資料處理服務業；ZZ99999 除許可業務外，得經營法令非禁止或限制之業務,臺北市,變更,11505
25105451,晨星電子股份有限公司,臺北市內湖區瑞光路358巷30弄15號2樓,李溢修,22000000,99/02/22,115/05/04,特殊補正,F113020 電器批發業；F119010 電子材料批發業；F213010 電器零售業；F219010 電子材料零售業；F401010 國際貿易業；I103060 管理顧問業；ZZ99999 除許可業務外，得經營法令非禁止或限制之業務,臺北市,變更,11505
25106162,台灣下島包裝股份有限公司,臺北市大同區太原路80號1、2、3樓,生沼良都,20000000,99/02/25,115/05/27,特殊補正,F101081 種苗批發業；F104110 布疋、衣著、鞋、帽、傘、服飾品批發業；F106020 日常用品批發業；F107190 塑膠膜、袋批發業；F109070 文教、樂器、育樂用品批發業；F199990 其他批發業；F201061 種苗零售業；F204110 布疋、衣著、鞋、帽、傘、服飾品零售業；F206020 日常用品零售業；F207190 塑膠膜、袋零售業,臺北市,變更,11505
25106803,僑展開發建設股份有限公司,臺北市內湖區金莊路86號5樓,周心平,30000000,99/03/01,115/05/18,特殊補正,E801010 室內裝潢業；F111090 建材批發業；F401010 國際貿易業；H701010 住宅及大樓開發租售業；H701020 工業廠房開發租售業；H701040 特定專業區開發業；H701050 投資興建公共建設業；H701080 都市更新重建業；H701090 都市更新整建維護業；H703090 不動產買賣業,臺北市,變更,11505
25108582,華娛網路娛樂股份有限公司,臺北市松山區南京東路4段1號14樓,李明哲,62581080,99/03/09,115/05/14,補選董事(常務董事.董事長)/監察人,I301020 資料處理服務業；I301030 電子資訊供應服務業；J701040 休閒活動場館業；J801030 競技及休閒運動場館業；E605010 電腦設備安裝業；F203010 食品什貨、飲料零售業；F203020 菸酒零售業；F401010 國際貿易業；F501030 飲料店業；F501050 飲酒店業,臺北市,變更,11505
25109724,橘平實業股份有限公司,臺北市內湖區內湖路1段396號3樓,杜從惠,160000000,99/03/11,115/05/18,董事/監察人持股變動報備,C103050 罐頭、冷凍、脫水及醃漬食品製造業；C104010 糖果製造業；C104020 烘焙炊蒸食品製造業；C199990 未分類其他食品製造業；F102020 食用油脂批發業；F102170 食品什貨批發業；F203010 食品什貨、飲料零售業；F401010 國際貿易業；ZZ99999 除許可業務外，得經營法令非禁止或限制之業務,臺北市,變更,11505
25110790,躍騏有限公司,臺北市大同區西寧北號87號之1,周家豪,2000000,99/03/16,115/05/28,特殊補正,F106020 日常用品批發業；F109070 文教、樂器、育樂用品批發業；F206020 日常用品零售業；F209060 文教、樂器、育樂用品零售業；F401010 國際貿易業；ZZ99999 除許可業務外，得經營法令非禁止或限制之業務,臺北市,變更,11505
25113179,安家國際人力資源有限公司,臺北市中山區松江路42號5樓之2,翁鳳麗,5000000,99/03/23,115/05/19,股東出資轉讓修正章程,IZ12010 人力派遣業；J101010 建築物清潔服務業；F106010 五金批發業；F109070 文教、樂器、育樂用品批發業；F206010 五金零售業；F209060 文教、樂器、育樂用品零售業；F401010 國際貿易業；ZZ99999 除許可業務外，得經營法令非禁止或限制之業務；I701011 就業服務業；F106060 寵物食品及其用品批發業,臺北市,變更,11505
25115227,富鉅祿建設股份有限公司,臺北市中山區長春路328號11樓之1,李碧媛,400000000,99/03/29,115/05/26,特殊補正,H701010 住宅及大樓開發租售業；H701020 工業廠房開發租售業；H701040 特定專業區開發業；H701050 投資興建公共建設業；H701060 新市鎮、新社區開發業；H701070 區段徵收及市地重劃代辦業；H701080 都市更新重建業；H701090 都市更新整建維護業；H702010 建築經理業；H703090 不動產買賣業,臺北市,變更,11505
25115789,富連陽建設股份有限公司,臺北市北投區中央北路3段36號,李國賓,10000000,99/03/31,115/05/21,改選董事/監察人(一人法人股東指派董事/監察人),H701010 住宅及大樓開發租售業；H701020 工業廠房開發租售業；H701040 特定專業區開發業；H701050 投資興建公共建設業；H701060 新市鎮、新社區開發業；H701070 區段徵收及市地重劃代辦業；H701080 都市更新重建業；H701090 都市更新整建維護業；H703090 不動產買賣業；H703100 不動產租賃業,臺北市,變更,11505
25115839,祥瑞管理顧問有限公司,臺北市北投區北投路1段55號5樓之5,連怡惠,1000000,99/03/31,115/05/12,特殊補正,I102010 投資顧問業；I103060 管理顧問業；I199990 其他顧問服務業；I301010 資訊軟體服務業；I301020 資料處理服務業；I401010 一般廣告服務業；I501010 產品設計業；IZ12010 人力派遣業；IZ15010 市場研究及民意調查業；IZ99990 其他工商服務業,臺北市,變更,11505
25115887,力翔科技股份有限公司,臺北市信義區忠孝東路5段410號8樓,陳崇綱,16670000,99/03/31,115/05/29,修正章程,E603050 自動控制設備工程業；E603080 交通號誌安裝工程業；E604010 機械安裝業；E605010 電腦設備安裝業；EZ05010 儀器、儀表安裝工程業；EZ06010 交通標示工程業；F113010 機械批發業；F113020 電器批發業；F113030 精密儀器批發業；F113050 電腦及事務性機器設備批發業,臺北市,變更,11505
25117528,龐波企業管理顧問有限公司,臺北市中正區衡陽路51號6樓之1,鍾佩陵,15100000,99/04/06,115/05/18,特殊補正,I103060 管理顧問業；I199990 其他顧問服務業；J202010 產業育成業；JA05010 留、遊學服務業；ZZ99999 除許可業務外，得經營法令非禁止或限制之業務,臺北市,變更,11505
25117941,璟興實業有限公司,臺北市中山區民生東路3段25號3樓,陳暄興,1400000,99/04/07,115/05/25,特殊補正,F102030 菸酒批發業；F102040 飲料批發業；F102050 茶葉批發業；F102170 食品什貨批發業；F104110 布疋、衣著、鞋、帽、傘、服飾品批發業；F105050 家具、寢具、廚房器具、裝設品批發業；F106050 陶瓷玻璃器皿批發業；F107030 清潔用品批發業；F108040 化粧品批發業；F109070 文教、樂器、育樂用品批發業,臺北市,變更,11505
25118110,中華維德有限公司,臺北市信義區忠孝東路5段552號15樓,謝祖鉉,200000,99/04/07,115/05/22,特殊補正,F101050 水產品批發業；F101130 蔬果批發業；F101990 其他農、畜、水產品批發業；F102040 飲料批發業；F102050 茶葉批發業；F102170 食品什貨批發業；F104110 布疋、衣著、鞋、帽、傘、服飾品批發業；F105050 家具、寢具、廚房器具、裝設品批發業；F106010 五金批發業；F106020 日常用品批發業,臺北市,變更,11505
25120256,康輝國際旅行社有限公司,臺北市中山區長安東路2段173號11樓,翁炳贊,6000000,99/04/14,115/05/26,特殊補正,J902011 旅行業,臺北市,變更,11505
25124909,隆升國際有限公司,臺北市中正區杭州南路1段63之21號10樓,陳婉芬,3000000,99/04/29,115/05/25,特殊補正,F203010 食品什貨、飲料零售業；F206010 五金零售業；F206020 日常用品零售業；F208040 化粧品零售業；F399040 無店面零售業；F401010 國際貿易業；JZ99050 仲介服務業,臺北市,變更,11505
25125822,和曼豐股份有限公司,臺北市內湖區民權東路6段123巷28號7樓之6,林世商,18000000,99/04/30,115/05/06,特殊補正,E603050 自動控制設備工程業；EZ15010 保溫、保冷安裝工程業；F107050 肥料批發業；F107080 環境用藥批發業；F113020 電器批發業；F118010 資訊軟體批發業；F119010 電子材料批發業；F207050 肥料零售業；F209060 文教、樂器、育樂用品零售業；F213010 電器零售業,臺北市,變更,11505
25126511,沃克威資訊股份有限公司,臺北市中正區重慶南路1段121號7樓之7,張台生,1800000,99/05/04,115/05/26,特殊補正,I301010 資訊軟體服務業；I301020 資料處理服務業；I301030 電子資訊供應服務業；JZ99990 未分類其他服務業；IZ12010 人力派遣業；F118010 資訊軟體批發業；F218010 資訊軟體零售業；J304010 圖書出版業；F109070 文教、樂器、育樂用品批發業；F209060 文教、樂器、育樂用品零售業,臺北市,變更,11505
25130331,贊暘建設開發股份有限公司,臺北市中正區重慶南路3段27巷8號1樓,湛維漢,205000000,99/05/19,115/05/12,董事/監察人持股變動報備,H701010 住宅及大樓開發租售業；H701080 都市更新重建業；H703090 不動產買賣業；H703100 不動產租賃業；ZZ99999 除許可業務外，得經營法令非禁止或限制之業務；E801010 室內裝潢業；I503010 景觀、室內設計業；I501010 產品設計業；H702010 建築經理業；I103060 管理顧問業,臺北市,變更,11505
25134189,絡邦通信技術有限公司,臺北市中山區南京東路2段101號8樓,Patrick William Macken,250000,99/06/02,115/05/28,特殊補正,F113050 電腦及事務性機器設備批發業；F113070 電信器材批發業；F118010 資訊軟體批發業；F119010 電子材料批發業；F401010 國際貿易業；IZ15010 市場研究及民意調查業；JA02010 電器及電子產品修理業；ZZ99999 除許可業務外，得經營法令非禁止或限制之業務,臺北市,變更,11505
25135672,朗色林科技股份有限公司,臺北市中山區南京東路3段101號4樓,方可成,8000000,99/06/07,115/05/13,增資(資本總額),I301010 資訊軟體服務業；I301020 資料處理服務業；I301030 電子資訊供應服務業；I501010 產品設計業；F108040 化粧品批發業；F111090 建材批發業；F401010 國際貿易業；E801010 室內裝潢業；C901990 其他非金屬礦物製品製造業；ZZ99999 除許可業務外，得經營法令非禁止或限制之業務,臺北市,變更,11505
25135835,甪端精緻生命事業股份有限公司,臺北市中山區吉林路245號5樓,張紋綾,2500000,99/06/07,115/05/21,修正章程,JZ99151 殯葬禮儀服務業；F101100 花卉批發業；F102030 菸酒批發業；F102040 飲料批發業；F102170 食品什貨批發業；F104110 布疋、衣著、鞋、帽、傘、服飾品批發業；F106070 祭祀用品批發業；F201070 花卉零售業；F203010 食品什貨、飲料零售業；F203020 菸酒零售業,臺北市,變更,11505
25139332,楓韻開發股份有限公司,臺北市大安區義安里敦化南路二段99號28樓,徐楓,535500000,99/06/21,115/05/04,董事(常務董事.董事長)/監察人解任,H701010 住宅及大樓開發租售業；H701020 工業廠房開發租售業；H701040 特定專業區開發業；H701050 投資興建公共建設業；H701060 新市鎮、新社區開發業；H701070 區段徵收及市地重劃代辦業；H701080 都市更新重建業；H701090 都市更新整建維護業；H702010 建築經理業；H703090 不動產買賣業,臺北市,變更,11505
25142505,台灣綠建科技股份有限公司,臺北市士林區至善路2段11號1樓,詹聰哲,110000000,99/06/30,115/05/21,特殊補正,B601010 土石採取業；C803990 其他石油及煤製品製造業；C901040 預拌混凝土製造業；C901050 水泥及混凝土製品製造業；C901070 石材製品製造業；CA02010 金屬結構及建築組件製造業；CB01010 機械設備製造業；D501010 溫泉取供業；E101011 綜合營造業；E401010 疏濬業,臺北市,變更,11505
25143461,兆益管理顧問有限公司,臺北市信義區忠孝東路5段508號4樓之3,黃端儀,8346000,99/07/02,115/05/11,特殊補正,I103060 管理顧問業；I199990 其他顧問服務業；ZZ99999 除許可業務外，得經營法令非禁止或限制之業務,臺北市,變更,11505
25144433,東森國際實業股份有限公司,臺北市信義區基隆路一段432號15樓之5,王令麟,1635000000,99/07/07,115/05/05,補選董事(常務董事.董事長)/監察人,I102010 投資顧問業；I103060 管理顧問業；I199990 其他顧問服務業；I301010 資訊軟體服務業；I401010 一般廣告服務業；IZ12010 人力派遣業；IZ99990 其他工商服務業；J602010 演藝活動業；F109070 文教、樂器、育樂用品批發業；F115010 首飾及貴金屬批發業,臺北市,變更,11505
25146312,宏澤國際有限公司,臺北市中山區樂群三路285號2樓,史金輝,16000000,99/07/14,115/05/13,公司所營事業變更修正章程,F401010 國際貿易業；H703090 不動產買賣業；H703100 不動產租賃業；F119010 電子材料批發業；F113030 精密儀器批發業；F104110 布疋、衣著、鞋、帽、傘、服飾品批發業；F204110 布疋、衣著、鞋、帽、傘、服飾品零售業；F102170 食品什貨批發業；F203010 食品什貨、飲料零售業；F108040 化粧品批發業,臺北市,變更,11505
27093207,潤華染織廠股份有限公司,臺北市中山區八德路二段308號11樓之1,張坤隆,7245340000,55/12/16,115/05/29,改派董事/監察人,ZZ99999 除許可業務外，得經營法令非禁止或限制之業務,臺北市,變更,11505
27230315,齊揚開發股份有限公司,臺北市中山區埤頭里八德路二段232號6樓,黃章榮,760000000,92/12/26,115/05/04,經理人解任,H701010 住宅及大樓開發租售業；H701020 工業廠房開發租售業；H701040 特定專業區開發業；H701050 投資興建公共建設業；H701060 新市鎮、新社區開發業；H701070 區段徵收及市地重劃代辦業；H701080 都市更新業；H703090 不動產買賣業；H703100 不動產租賃業；ZZ99999 除許可業務外，得經營法令非禁止或限制之業務,臺北市,變更,11505
27230363,法商益普生股份有限公司,臺北市信義區松仁路89號13樓,許怡珮,1000000,92/12/29,115/05/07,本公司所在地變更,F108021 西藥批發業；F107070 動物用藥品批發業；F401010 國際貿易業；ZZ99999 除許可業務外，得經營法令非禁止或限制之業務；F208021 西藥零售業；F108031 醫療器材批發業；F208031 醫療器材零售業；F102170 食品什貨批發業；F121010 食品添加物批發業,臺北市,變更,11505
27234298,三福環球股份有限公司,臺北市中山區敬業一路97號4樓,張純明,1443746890,93/03/29,115/05/18,補選董事(常務董事.董事長)/監察人,H201010 一般投資業,臺北市,變更,11505
27236839,香港商聯合集運股份有限公司,臺北市信義區忠孝東路5段510號9樓之2,梁成,23500000,93/05/25,115/05/13,改派在中華民國境內負責人變更登記,G402011 海運承攬運送業；G601011 航空貨運承攬業；G801010 倉儲業；ZZ99999 除許可業務外，得經營法令非禁止或限制之業務,臺北市,變更,11505
27249877,台固媒體股份有限公司,臺北市內湖區洲子街98號11樓,蔡明忠,2309213040,94/01/25,115/05/05,修正章程,G903010 電信事業；J503030 廣播電視節目發行業；J503040 廣播電視廣告業；E601020 電器安裝業；E603010 電纜安裝工程業；E605010 電腦設備安裝業；E701010 電信工程業；EZ05010 儀器、儀表安裝工程業；J503020 電視節目製作業；JE01010 租賃業,臺北市,變更,11505
27250233,智翔投資股份有限公司,臺北市中山區南京東路三段68號15樓,陳吉元,576332390,94/02/04,115/05/14,補繳規費,H201010 一般投資業；F401010 國際貿易業；ZZ99999 除許可業務外，得經營法令非禁止或限制之業務,臺北市,變更,11505
27253935,全國農業金庫股份有限公司,臺北市中正區館前路77號6至11樓,簡展穎,26965034940,94/04/19,115/05/08,董事(常務董事.董事長)/監察人解任,H108011 農業金庫業,臺北市,變更,11505
27277752,佳鋅有限公司,臺北市大同區民族西路225巷13之3號5樓之2,江連興,1000000,93/04/28,115/05/14,改推董事/董事長,F106010 五金批發業；F107100 基本化學材料批發業；F107120 精密化學材料批發業；F206010 五金零售業；F207100 基本化學材料零售業；F207120 精密化學材料零售業；F401010 國際貿易業；C801010 基本化學工業製造業；C801030 精密化學材料製造業；C901990 其他非金屬礦物製品製造業(陶瓷粉末),臺北市,變更,11505
27314829,活水視覺公關有限公司,臺北市中山區建國北路3段90號1樓,范純萍,1000000,93/04/30,115/05/20,特殊補正,I301010 資訊軟體服務業；I301020 資料處理服務業；I301030 電子資訊供應服務業；I401010 一般廣告服務業；F601010 智慧財產權業；J303010 雜誌（期刊）出版業；J304010 圖書出版業；J602010 演藝活動業；JA05010 留、遊學服務業；JB01010 會議及展覽服務業,臺北市,變更,11505
27316811,登峰旅館股份有限公司,臺北市中山區敬業三路11號,許明揚,70880000,93/05/06,115/05/04,特殊補正,F203010 食品、飲料零售業；F203020 菸酒零售業；F102030 菸酒批發業；F102040 飲料批發業；F106020 日常用品批發業；F501030 飲料店業；F501050 飲酒店業；F501060 餐館業；H703100 不動產租賃業；J901020 一般旅館業,臺北市,變更,11505
27317044,嘉品投資開發有限公司,臺北市內湖區洲子街176號3樓,黃玉鳳,25000000,93/05/07,115/05/26,特殊補正,H201010 一般投資業,臺北市,變更,11505
27318727,立志恆資產管理股份有限公司,臺北市中正區新生南路1段148號6樓,陳金富,300000000,93/05/12,115/05/14,公司所營事業變更修正章程,H701010 住宅及大樓開發租售業；HZ02010 金融機構金錢債權收買業務；HZ02020 辦理金融機構金錢債權之評價或拍賣業務；I102010 投資顧問業；I401010 一般廣告服務業；ZZ99999 除許可業務外，得經營法令非禁止或限制之業務；CC01010 發電、輸電、配電機械製造業；D101060 再生能源自用發電設備業；D401010 熱能供應業；E601010 電器承裝業,臺北市,變更,11505
27323995,究竟生態健康生技股份有限公司,臺北市中正區館前路6號11樓之4,彭瓊芳,35000000,93/05/26,115/05/11,特殊補正,I103060 管理顧問業；F401010 國際貿易業；IG01010 生物技術服務業；I199990 其他顧問服務業；JZ99050 仲介服務業；F108040 化粧品批發業；F208040 化粧品零售業；F208050 乙類成藥零售業；ZZ99999 除許可業務外，得經營法令非禁止或限制之業務,臺北市,變更,11505
27327394,育陞實業有限公司,臺北市中山區吉林路301號1樓,徐晧綸,1000000,93/06/07,115/05/22,特殊補正,F105010 家具批發業；F113050 事務性機器設備批發業；F118010 資訊軟體批發業；F119010 電子材料批發業；F205010 家具零售業；F213030 事務性機器設備零售業；F218010 資訊軟體零售業；F219010 電子材料零售業；F401010 國際貿易業；E801010 室內裝潢業,臺北市,變更,11505
27333115,宜家貿易股份有限公司,臺北市信義區忠孝東路5段270號2樓之10,劉明桐,10000000,93/06/23,115/05/27,特殊補正,F105050 家具、寢具、廚房器具、裝設品批發業；F205040 家具、寢具、廚房器具、裝設品零售業；F106050 陶瓷玻璃器皿批發業；C805030 塑膠日用品製造業；C901010 陶瓷及陶瓷製品製造業；C901020 玻璃及玻璃製品製造業；F206020 日常用品零售業；F207010 漆料、塗料零售業；F207170 工業助劑零售業；F401010 國際貿易業,臺北市,變更,11505
27340592,智匯管理顧問股份有限公司,臺北市大同區寧夏路23之1號2樓,洪家豐,1000000,93/07/13,115/05/21,特殊補正,ZZ99999 除許可業務外，得經營法令非禁止或限制之業務,臺北市,變更,11505
27341261,富揚國際開發有限公司,臺北市中正區汀州路1段239之2號,姜淑真,6000000,93/07/15,115/05/04,公司所在地,E601020 電器安裝業；E603090 照明設備安裝工程業；F106010 五金批發業；F113010 機械批發業；F113020 電器批發業；F113070 電信器材批發業；F114010 汽車批發業；F114030 汽、機車零件配備批發業；F117010 消防安全設備批發業；F120010 耐火材料批發業,臺北市,變更,11505
27345864,筑地總合設計有限公司,臺北市中山區復興北路66號7樓,黃憶媚,20000000,93/07/28,115/05/07,特殊補正,E801010 室內裝潢業；EZ14010 運動場地用設備工程業；F401010 國際貿易業；F601010 智慧財產權業；I401010 一般廣告服務業；I501010 產品設計業；I503010 景觀、室內設計業；JB01010 會議及展覽服務業；JA05010 留、遊學服務業；JZ99050 仲介服務業,臺北市,變更,11505
27351627,新榮資產管理股份有限公司,臺北市大安區復興南路1段303號11樓,川嶋耕太郎,170000000,93/08/12,115/05/12,改派董事/監察人,HZ02010 金融機構金錢債權收買業務；HZ02020 辦理金融機構金錢債權之評價或拍賣業務；HZ02040 辦理金融機構金錢債權管理服務業務；HZ01010 應收帳款收買業務；IZ11010 逾期應收帳款管理服務業；JD01010 工商徵信服務業；JE01010 租賃業；ZZ99999 除許可業務外，得經營法令非禁止或限制之業務,臺北市,變更,11505
27352007,臺北山產有限公司,臺北市萬華區西昌街72號1樓,鄭明建,5000000,93/08/13,115/05/21,特殊補正,F401010 國際貿易業；F101040 畜產品批發業；F102040 飲料批發業；F102050 茶批發業；F102160 輔助食品批發業；F201010 農產品零售業；I101070 農、林、漁、畜牧顧問業；I101090 食品顧問業；IG01010 生物技術服務業；C103020 冷凍食品製造業,臺北市,變更,11505
27353569,力璟科技有限公司,臺北市大安區忠孝東路4段233號4樓之3,王禮聲,5000000,93/08/18,115/05/21,特殊補正,F102170 食品什貨批發業；F104110 布疋、衣著、鞋、帽、傘、服飾品批發業；F105050 家具、寢具、廚房器具、裝設品批發業；F106010 五金批發業；F106020 日常用品批發業；F106060 寵物食品及其用品批發業；F107010 漆料、塗料批發業；F107020 染料、顏料批發業；F107030 清潔用品批發業；F107080 環境用藥批發業,臺北市,變更,11505
27353580,維新室內裝修股份有限公司,臺北市文山區萬隆街58號,陳基皓,5000000,93/08/18,115/05/13,公司所營事業變更修正章程,E603110 冷作工程業；E801020 門窗安裝工程業；E801030 室內輕鋼架工程業；E801040 玻璃安裝工程業；E801060 室內裝修業；E801070 廚具、衛浴設備安裝工程業；E901010 油漆工程業；ZZ99999 除許可業務外，得經營法令非禁止或限制之業務；E599010 配管工程業；E601010 電器承裝業,臺北市,變更,11505
27355291,鑫行動股份有限公司,臺北市中正區重慶南路1段121號7樓之5,關鑫,10000000,93/08/23,115/05/29,特殊補正,F118010 資訊軟體批發業；F119010 電子材料批發業；F219010 電子材料零售業；F213030 事務性機器設備零售業；F218010 資訊軟體零售業；F401010 國際貿易業；I301010 資訊軟體服務業；I301030 電子資訊供應服務業；ZZ99999 除許可業務外，得經營法令非禁止或限制之業務,臺北市,變更,11505
27357489,樺輝建設股份有限公司,臺北市內湖區民權東路6段123巷28號10樓,侯榮華,700000000,93/09/01,115/05/27,改選董事/監察人(一人法人股東指派董事/監察人),H701010 住宅及大樓開發租售業；F111090 建材批發業；F211010 建材零售業；F113010 機械批發業；F213080 機械器具零售業；F401010 國際貿易業；F109070 文教、樂器、育樂用品批發業；F209060 文教、樂器、育樂用品零售業；F399040 無店面零售業；I102010 投資顧問業,臺北市,變更,11505
27358380,微遠貿易股份有限公司,臺北市中山區民族東路60號6樓,陳鶴文,5000000,93/09/03,115/05/07,改選董事/監察人(一人法人股東指派董事/監察人),F104110 布疋、衣著、鞋、帽、傘、服飾品批發業；F105050 家具、寢具、廚房器具、裝設品批發業；F106010 五金批發業；F106020 日常用品批發業；F107030 清潔用品批發業；F107170 工業助劑批發業；F109070 文教、樂器、育樂用品批發業；F113020 電器批發業；F113030 精密儀器批發業；F114030 汽、機車零件配備批發業,臺北市,變更,11505
27359368,鑫盛建設開發有限公司,臺北市大安區和平東路2段357巷9號2樓之1,劉泓華,60000000,93/09/07,115/05/11,特殊補正,F201070 花卉零售業；F203010 食品什貨、飲料零售業；F204110 布疋、衣著、鞋、帽、傘、服飾品零售業；F206020 日常用品零售業；F399010 便利商店業；F501030 飲料店業；F501060 餐館業；F501990 其他餐飲業；I103060 管理顧問業；J901020 一般旅館業,臺北市,變更,11505
27361012,星光行動國際有限公司,臺北市信義區基隆路2段22號4樓之1,,1000000,93/09/13,115/05/14,解散,JZ99050 仲介服務業；F106070 祭祀用品批發業；I401010 一般廣告服務業；I103060 管理顧問業；F106020 日常用品批發業；F401010 國際貿易業；IG01010 生物技術服務業；J304010 圖書出版業；F208040 化粧品零售業；F108040 化粧品批發業,臺北市,變更,11505
27363855,新利資產管理股份有限公司,臺北市大安區復興南路1段303號11樓,川嶋耕太郎,250000000,93/09/21,115/05/06,特殊補正,HZ02010 金融機構金錢債權收買業務；HZ02020 辦理金融機構金錢債權之評價或拍賣業務；HZ02040 辦理金融機構金錢債權管理服務業務；HZ01010 應收帳款收買業務；IZ11010 逾期應收帳款管理服務業；JD01010 工商徵信服務業；JE01010 租賃業；H703100 不動產租賃業；H703090 不動產買賣業；ZZ99999 除許可業務外，得經營法令非禁止或限制之業務,臺北市,變更,11505
27398003,國際翔鶴旅行社有限公司,臺北市中山區復興北路344號12樓之1,戴昌朝,6000000,93/07/14,115/05/04,特殊補正,J902011 旅行業,臺北市,變更,11505
27434872,家事通人力股份有限公司,臺北市中正區忠孝東路1段76號8樓之3,黎金生,5000000,93/08/31,115/05/13,改選董事/監察人(一人法人股東指派董事/監察人),I701011 就業服務業；IZ12010 人力派遣業；J101010 建築物清潔服務業；I301010 資訊軟體服務業；I301020 資料處理服務業；I301030 電子資訊供應服務業；I103060 管理顧問業；ZZ99999 除許可業務外，得經營法令非禁止或限制之業務,臺北市,變更,11505
27435204,井十意念傳達設計有限公司,臺北市松山區民族東路689號7樓,趙嘉康,1000000,93/09/01,115/05/13,特殊補正,C701010 印刷業；I301020 資料處理服務業；I401010 一般廣告服務業；I401020 廣告傳單分送業；I501010 產品設計業；I503010 景觀、室內設計業；I504010 花藝設計業；JB01010 展覽服務業；JZ99090 喜慶綜合服務業；E201010 景觀工程業,臺北市,變更,11505
27477983,凱泰建設股份有限公司,臺北市信義區信義路5段150巷2號9樓之7,林茂雄,110000000,93/10/28,115/05/19,特殊補正,H701010 住宅及大樓開發租售業；H701020 工業廠房開發租售業；H701030 殯葬場所開發租售業；H701050 投資興建公共建設業；H701060 新市鎮、新社區開發業；H701070 區段徵收及市地重劃代辦業；H702010 建築經理業；H703090 不動產買賣業；H703100 不動產租賃業；H701040 特定專業區開發業,臺北市,變更,11505
27507500,泰威先進股份有限公司,臺北市大安區敦化南路1段235號10樓之1,王香懿,10114900,93/12/07,115/05/08,改選董事/監察人(一人法人股東指派董事/監察人),H703100 不動產租賃業；H201010 一般投資業；ZZ99999 除許可業務外，得經營法令非禁止或限制之業務,臺北市,變更,11505
27520341,百加資通股份有限公司,臺北市中正區忠孝東路1段150號5樓,林許採雲,25000000,93/10/11,115/05/05,額定資本額增加變更章程,CC01120 資料儲存媒體製造及複製業；CC01110 電腦及其週邊設備製造業；E605010 電腦設備安裝業；F113030 精密儀器批發業；F113050 電腦及事務性機器設備批發業；F118010 資訊軟體批發業；F218010 資訊軟體零售業；F401010 國際貿易業；I103060 管理顧問業；I301010 資訊軟體服務業,臺北市,變更,11505
27521405,台灣百醫能生技有限公司,臺北市大安區仁愛路3段25號7樓之1,楊景翔,13000000,93/10/12,115/05/05,增資,F108040 化粧品批發業；F208040 化粧品零售業；F102170 食品什貨批發業；F108031 醫療器材批發業；F208031 醫療器材零售業；F401010 國際貿易業；I102010 投資顧問業；F213990 其他機械器具零售業；F209060 文教、樂器、育樂用品零售業；F102030 菸酒批發業,臺北市,變更,11505
27528982,日盛全能源股份有限公司,臺北市中山區松江路68號4樓,朱志威,1350000000,93/11/03,115/05/19,改選董事/監察人(一人法人股東指派董事/監察人),D101060 再生能源自用發電設備業；IG03010 能源技術服務業；ZZ99999 除許可業務外，得經營法令非禁止或限制之業務,臺北市,變更,11505
27529194,萬泰物流供應鏈股份有限公司,臺北市中山區八德路2段308號5樓,鄭毓文,402410000,93/11/04,115/05/26,改選董事/監察人(一人法人股東指派董事/監察人),G402011 海運承攬運送業；G601011 航空貨運承攬業；G701011 報關業；ZZ99999 除許可業務外，得經營法令非禁止或限制之業務,臺北市,變更,11505
27529259,台灣歐力士資產管理股份有限公司,臺北市大安區復興南路1段303號11樓,川嶋耕太郎,1000000,93/11/03,115/05/05,特殊補正,HZ01010 應收帳款收買業務；IZ11010 逾期應收帳款管理服務業；HZ02010 金融機構金錢債權收買業務；HZ02020 辦理金融機構金錢債權之評價或拍賣業務；HZ02040 辦理金融機構金錢債權管理服務業務；I102010 投資顧問業；I103060 管理顧問業；JD01010 工商徵信服務業；I301010 資訊軟體服務業；I301020 資訊處理服務業,臺北市,變更,11505
27529342,允上有限公司,臺北市北投區中央南路2段32號4樓,張乃仁,500000,93/11/04,115/05/05,特殊補正,CO01010 餐具製造業；CC01110 電腦及其週邊設備製造業；CC01030 電器及視聽電子產品製造業；F106020 日常用品批發業；F106050 陶瓷玻璃器皿批發業；F106010 五金批發業；F109070 文教、樂器、育樂用品批發業；F401010 國際貿易業；F209060 文教、樂器、育樂用品零售業；F218010 資訊軟體零售業,臺北市,變更,11505
27529820,北平一條龍餃子館有限公司,臺北市萬華區德昌街185巷20號1樓,楊明正,1500000,93/11/04,115/05/11,公司所在地,F203010 食品什貨、飲料零售業；F203020 菸酒零售業；F501030 飲料店業；ZZ99999 除許可業務外，得經營法令非禁止或限制之業務,臺北市,變更,11505
27530116,利凌科技股份有限公司,臺北市松山區八德路3段30號13樓,林佳如,24000000,93/11/05,115/05/06,特殊補正,E599010 配管工程業；E604010 機械安裝業；E605010 電腦設備安裝業；E701030 電信管制射頻器材裝設工程業；E801010 室內裝潢業；EZ05010 儀器、儀表安裝工程業；EZ09010 靜電防護及消除工程業；F107050 肥料批發業；F108031 醫療器材批發業；F108040 化粧品批發業,臺北市,變更,11505
27531425,法銀巴黎證券股份有限公司,臺北市信義區信義路5段7號72樓,唐逸旻Yat Man Tong,1200000000,93/11/10,115/05/25,發行新股,H301011 證券商；H401011 期貨商,臺北市,變更,11505
27538638,台灣丸善科技股份有限公司,臺北市中山區松江路169號14樓,古賀亮一,10000000,93/12/01,115/05/11,改選董事/監察人(一人法人股東指派董事/監察人),F106020 日常用品批發業；F107060 毒性及關注化學物質批發業；F107200 化學原料批發業；F107990 其他化學製品批發業；F119010 電子材料批發業；F206020 日常用品零售業；F207060 毒性及關注化學物質零售業；F207200 化學原料零售業；F207990 其他化學製品零售業；F219010 電子材料零售業,臺北市,變更,11505
27540445,煒鋯投資股份有限公司,臺北市中正區武昌街1段1之2號5樓,李曦文,57800000,93/12/07,115/05/28,改選董事/監察人(一人法人股東指派董事/監察人),H201010 一般投資業,臺北市,變更,11505
27540515,武泰高技貿易股份有限公司,臺北市大安區復興南路2段359號1樓,天滿正一郎,35880000,93/12/07,115/05/11,特殊補正,CB01010 機械設備製造業；CQ01010 模具製造業；E604010 機械安裝業；E605010 電腦設備安裝業；F106010 五金批發業；F106030 模具批發業；F111090 建材批發業；F113010 機械批發業；F113050 電腦及事務性機器設備批發業；F119010 電子材料批發業,臺北市,變更,11505
27544174,來來物流股份有限公司,臺北市松山區敦化北路155巷87號1樓,張宏豪,128000000,93/12/17,115/05/25,特殊補正,F101040 家畜家禽批發業；F101050 水產品批發業；F101130 蔬果批發業；F101990 其他農、畜、水產品批發業；F102020 食用油脂批發業；F102030 菸酒批發業；F102040 飲料批發業；F102170 食品什貨批發業；F104110 布疋、衣著、鞋、帽、傘、服飾品批發業；F105050 家具、寢具、廚房器具、裝設品批發業,臺北市,變更,11505
27545716,數聯資安股份有限公司,臺北市內湖區港墘路220號6樓,曾詩淵,189823900,93/12/22,115/05/13,特殊補正,E605010 電腦設備安裝業；F118010 資訊軟體批發業；F218010 資訊軟體零售業；I301010 資訊軟體服務業；I301020 資料處理服務業；I301030 電子資訊供應服務業；IZ13010 網路認證服務業；F601010 智慧財產權業；F113050 電腦及事務性機器設備批發業；F113070 電信器材批發業,臺北市,變更,11505
27552960,兆一國際股份有限公司,臺北市中山區遼寧街112號2樓之4,林俚伶,5000000,94/01/13,115/05/05,特殊補正,ZZ99999 除許可業務外，得經營法令非禁止或限制之業務；F401010 國際貿易業；F401171 酒類輸入業,臺北市,變更,11505
27556311,地利富達不動產顧問股份有限公司,臺北市松山區敦化北路170號3樓,尤儷玲,14995000,94/01/24,115/05/11,改選董事/監察人(一人法人股東指派董事/監察人),H704031 不動產仲介經紀業；HZ02020 辦理金融機構金錢債權之評價或拍賣業務；I102010 投資顧問業；I103060 管理顧問業；I503010 景觀、室內設計業；JD01010 工商徵信服務業；ZZ99999 除許可業務外，得經營法令非禁止或限制之業務；E801010 室內裝潢業；F301010 百貨公司業；F301020 超級市場業,臺北市,變更,11505
27556369,六星集股份有限公司,臺北市士林區天母東路38之2號2樓,江慶鐘,77000000,94/01/24,115/05/05,修正章程,F501030 飲料店業；F501050 飲酒店業；F501060 餐館業；J701040 休閒活動場館業；J801030 競技及休閒運動場館業；JZ99110 瘦身美容業；F401010 國際貿易業；JF01010 傳統整復推拿業；JF01020 按摩業；JF01030 腳底按摩業,臺北市,變更,11505
27556620,藤霖國際開發股份有限公司,臺北市大安區羅斯福路3段325號3樓,徐瑞駿,693000000,94/01/25,115/05/18,補繳規費,E801010 室內裝潢業；E801020 門窗安裝工程業；E801030 室內輕鋼架工程業；E801040 玻璃安裝工程業；E801070 廚具、衛浴設備安裝工程業；F401010 國際貿易業；H701010 住宅及大樓開發租售業；I401010 一般廣告服務業；I503010 景觀、室內設計業,臺北市,變更,11505
27561911,沁璽環球投資有限公司,臺北市中正區懷寧街76號,王秉成,5000000,94/02/15,115/05/12,特殊補正,F115010 首飾及貴金屬批發業；F203010 食品什貨、飲料零售業；F215010 首飾及貴金屬零售業；F401010 國際貿易業；CG01010 珠寶及貴金屬製品製造業；I105010 藝術品諮詢顧問業；I401010 一般廣告服務業；I501010 產品設計業；J601010 藝文服務業；F104110 布疋、衣著、鞋、帽、傘、服飾品批發業,臺北市,變更,11505
27568864,國泰建築經理股份有限公司,臺北市大安區敦化南路2段218號2樓,張清櫆,50000000,94/03/11,115/05/15,改選董事/監察人(一人法人股東指派董事/監察人),H702010 建築經理業；H703090 不動產買賣業；H703100 不動產租賃業；I102010 投資顧問業；I103060 管理顧問業；JZ99050 仲介服務業；H701080 都市更新重建業；H701090 都市更新整建維護業；ZZ99999 除許可業務外，得經營法令非禁止或限制之業務,臺北市,變更,11505
27577717,盛大資訊股份有限公司,臺北市中山區樂群二路267號5樓之6,江威娜,123600000,94/04/04,115/05/26,修正章程,F113050 電腦及事務性機器設備批發業；F118010 資訊軟體批發業；F119010 電子材料批發業；F213030 電腦及事務性機器設備零售業；F218010 資訊軟體零售業；F219010 電子材料零售業；F401010 國際貿易業；I301010 資訊軟體服務業；I301020 資料處理服務業；I301030 電子資訊供應服務業,臺北市,變更,11505
27717891,品嘉建設股份有限公司,臺北市松山區南京東路4段16號10樓,徐秀蘭,351750000,94/04/22,115/05/11,一般補正案,F401010 國際貿易業；H701010 住宅及大樓開發租售業；H701050 投資興建公共建設業；H701060 新市鎮、新社區開發業；H703100 不動產租賃業；I102010 投資顧問業；I401010 一般廣告服務業；I503010 景觀、室內設計業；H701040 特定專業區開發業；H701080 都市更新重建業,臺北市,變更,11505
27732485,思瑋科技有限公司,臺北市信義區松德路25巷2號2樓,陳芳儀,3000000,94/05/31,115/05/21,股東出資轉讓修正章程,ZZ99999 除許可業務外，得經營法令非禁止或限制之業務；F113050 電腦及事務性機器設備批發業；F213030 電腦及事務性機器設備零售業；CC01110 電腦及其週邊設備製造業；CC01120 資料儲存媒體製造及複製業；I301030 電子資訊供應服務業；I301040 第三方支付服務業；F102170 食品什貨批發業；F203010 食品什貨、飲料零售業；F301010 百貨公司業,臺北市,變更,11505
27735820,匯通開發投資股份有限公司,臺北市中山區中山北路1段83巷20號7樓,劉繼浩,1000000,94/06/10,115/05/11,特殊補正,H201010 一般投資業；H703090 不動產買賣業；H703100 不動產租賃業；JE01010 租賃業；ZZ99999 除許可業務外，得經營法令非禁止或限制之業務,臺北市,變更,11505
27735949,聯美科技有限公司,臺北市內湖區民權東路6段180巷6號8樓之24,莊瓊茹,1000000,94/06/09,115/05/27,特殊補正,E603050 自動控制設備工程業；EZ05010 儀器、儀表安裝工程業；F109070 文教、樂器、育樂用品批發業；F113020 電器批發業；F113030 精密儀器批發業；F113050 電腦及事務性機器設備批發業；F113060 度量衡器批發業；F113990 其他機械器具批發業；F401010 國際貿易業；F601010 智慧財產權業,臺北市,變更,11505
27738559,安俞企業有限公司,臺北市信義區松德路65號11樓之2,賴姝榕,1000000,94/06/17,115/05/12,特殊補正,F204110 布疋、衣著、鞋、帽、傘、服飾品零售業；F206020 日常用品零售業；F209060 文教、樂器、育樂用品零售業；F401010 國際貿易業；ZZ99999 除許可業務外，得經營法令非禁止或限制之業務,臺北市,變更,11505
27740083,替您錄科技股份有限公司,臺北市松山區八德路4段760號6樓,錢大衛,510014000,94/06/22,115/05/15,一般補正案,I301010 資訊軟體服務業；I301020 資料處理服務業；I301030 電子資訊供應服務業；IZ13010 網路認證服務業；H201010 一般投資業；I401010 一般廣告服務業；J503040 廣播電視廣告業；F399040 無店面零售業；ZZ99999 除許可業務外，得經營法令非禁止或限制之業務,臺北市,變更,11505
27744519,明馥股份有限公司,臺北市中山區松江路125號5樓,黃尚莉,30000000,94/07/04,115/05/19,特殊補正,F108040 化粧品批發業；F208040 化粧品零售業；F401010 國際貿易業；F102170 食品什貨批發業；F203010 食品什貨、飲料零售業；F399040 無店面零售業；ZZ99999 除許可業務外，得經營法令非禁止或限制之業務,臺北市,變更,11505
27750194,恆光橋環保工程有限公司,臺北市文山區木柵路5段58號,林顯東,10000000,94/07/20,115/05/21,增資,J101010 建築物清潔服務業；J101020 病媒防治業；J101030 廢棄物清除業；J101040 廢棄物處理業；J101050 環境檢測服務業；J101060 廢（污）水處理業；J101070 放射性廢料處理服務業；J101080 廢棄物資源回收業；J101090 廢棄物清理業；E801010 室內裝潢業,臺北市,變更,11505
27754585,台灣西悠西有限公司,臺北市松山區東興路28號12樓,鄧永翰John Louis DUNNE,2000000,94/08/03,115/05/11,法人股東指(改)派代表人為董事,E605010 電腦設備安裝業；F113050 電腦及事務性機器設備批發業；F118010 資訊軟體批發業；F213030 電腦及事務性機器設備零售業；F401010 國際貿易業；ZZ99999 除許可業務外，得經營法令非禁止或限制之業務；I103060 管理顧問業；I199990 其他顧問服務業,臺北市,變更,11505
27755297,誠一管理顧問股份有限公司,臺北市大安區復興南路1段380號12樓,蔡志瑋,11761510,94/08/03,115/05/26,董事/監察人持股變動報備,F401010 國際貿易業；F601010 智慧財產權業；I102010 投資顧問業；I103060 管理顧問業；I199990 其他顧問服務業；I301010 資訊軟體服務業；I301020 資料處理服務業；I301030 電子資訊供應服務業；IZ12010 人力派遣業；ZZ99999 除許可業務外，得經營法令非禁止或限制之業務,臺北市,變更,11505
27756508,順輝電梯有限公司,臺北市信義區林口街10巷26號,陳郁倫,9200000,94/08/09,115/05/11,股東出資轉讓修正章程,F113010 機械批發業；F113020 電器批發業；E603020 電梯安裝工程業；E603050 自動控制設備工程業；E604010 機械安裝業；CB01010 機械設備製造業；ZZ99999 除許可業務外，得經營法令非禁止或限制之業務,臺北市,變更,11505
27760329,世界公民文化發展股份有限公司,臺北市大安區復興南路1段222號10樓,呂越尋,10250000,94/08/18,115/05/28,改選董事/監察人(一人法人股東指派董事/監察人),I199990 其他顧問服務業；I301010 資訊軟體服務業；J201031 短期補習班業；J303010 雜誌（期刊）出版業；J304010 圖書出版業；ZZ99999 除許可業務外，得經營法令非禁止或限制之業務,臺北市,變更,11505
27767168,慧邦科技股份有限公司,臺北市中正區羅斯福路2段100號10樓,江永祥,100000000,94/09/07,115/05/22,特殊補正,F109070 文教、樂器、育樂用品批發業；F113050 電腦及事務性機器設備批發業；F118010 資訊軟體批發業；F119010 電子材料批發業；F209060 文教、樂器、育樂用品零售業；F213030 電腦及事務性機器設備零售業；F218010 資訊軟體零售業；F219010 電子材料零售業；F401010 國際貿易業；I301010 資訊軟體服務業,臺北市,變更,11505
27767717,達財投資股份有限公司,臺北市大安區和平東路3段258號7樓之2,陳衛平,25000000,94/09/08,115/05/20,補繳規費,H201010 一般投資業,臺北市,變更,11505
27823838,創新旅行社有限公司,臺北市松山區民權東路3段144號4樓之4、4樓之,張瓊芝,10000000,94/06/22,115/05/11,特殊補正,J902011 旅行業,臺北市,變更,11505
27884932,致遠景觀顧問有限公司,臺北市文山區羅斯福路5段35號4樓,吳至剛,1000000,94/09/05,115/05/25,股東出資轉讓修正章程,I503010 景觀、室內設計業；I103060 管理顧問業；I401010 一般廣告服務業；A102080 園藝服務業；I599990 其他設計業；I504010 花藝設計業；IZ15010 市場研究及民意調查業；I101070 農、林、漁、畜牧顧問業；I501010 產品設計業；I199990 其他顧問服務業,臺北市,變更,11505
27927480,香港商地中海航運有限公司,臺北市松山區民生東路3段133號12樓,張屏北,9000000,94/10/25,115/05/26,一般補正案,G401011 船務代理業；ZZ99999 除許可業務外，得經營法令非禁止或限制之業務,臺北市,變更,11505
27930041,馬來西亞商三得利食品飲料股份有限公司,臺北市松山區敦化北路88號13樓,Chua Ei-Leen,5000000,94/12/01,115/05/11,改派在中華民國境內負責人變更登記,C109010 調味品製造業；C110010 飲料製造業；C199990 未分類其他食品製造業；F102040 飲料批發業；F102170 食品什貨批發業；F108040 化粧品批發業；F199990 其他批發業；F203010 食品什貨、飲料零售業；F208040 化粧品零售業；F401010 國際貿易業,臺北市,變更,11505
27946493,香港商文華東方服務有限公司,臺北市松山區敦化北路214號7樓,Subin Thandayam Parambil Dharman,5000000,95/09/28,115/05/18,本公司所在地變更,I103060 管理顧問業；I199990 其他顧問服務業,臺北市,變更,11505
27952419,富啓睿台灣股份有限公司,臺北市中山區松江路169號5樓之1,David Cooper,1000000,94/09/26,115/05/26,特殊補正,F108021 西藥批發業；F108031 醫療器材批發業；F208021 西藥零售業；F208031 醫療器材零售業；F401010 國際貿易業；IG01010 生物技術服務業；ZZ99999 除許可業務外，得經營法令非禁止或限制之業務,臺北市,變更,11505
27953022,三怡國際有限公司,臺北市中山區中山北路2段26巷10號1樓,陳怡吟,28000000,94/09/26,115/05/27,股東出資轉讓修正章程,F108031 醫療器材批發業；F208031 醫療器材零售業；F401010 國際貿易業；ZZ99999 除許可業務外，得經營法令非禁止或限制之業務,臺北市,變更,11505
27953418,宇天國際投資股份有限公司,臺北市萬華區漢中街179號4樓之1,張心恬,1000000,94/09/27,115/05/04,特殊補正,H201010 一般投資業,臺北市,變更,11505
27955577,劦格空調有限公司,臺北市文山區興隆路1段83巷6號,盧品妤,1000000,94/10/03,115/05/13,特殊補正,E601010 電器承裝業；E601020 電器安裝業；F113020 電器批發業；F213010 電器零售業；F119010 電子材料批發業；F113010 機械批發業；F113070 電信器材批發業；F113050 電腦及事務性機器設備批發業；F106010 五金批發業；F106020 日常用品批發業,臺北市,變更,11505
27956267,磐石國際藝術有限公司,臺北市中山區民權東路2段46號7樓之1,洪紫雲,6000000,94/10/04,115/05/08,董事/股東更名,I503010 景觀、室內設計業；I501010 產品設計業；I401010 一般廣告服務業；I103060 管理顧問業；E801010 室內裝潢業；E801020 門窗安裝工程業；E801030 室內輕鋼架工程業；E801040 玻璃安裝工程業；E801070 廚具、衛浴設備安裝工程業；F105050 家具、寢具、廚房器具、裝設品批發業,臺北市,變更,11505
27960662,大堅開發股份有限公司,臺北市南港區興中路68巷6號19樓之1,林威良,5000000,94/10/18,115/05/14,申登機關變更（遷入，含卷）,H703100 不動產租賃業；E801010 室內裝潢業；F401010 國際貿易業；I103060 管理顧問業；J101010 建築物清潔服務業；J802010 運動訓練業；ZZ99999 除許可業務外，得經營法令非禁止或限制之業務,臺北市,變更,11505
27963302,中威風力發電股份有限公司,臺北市松山區光復北路11巷35號3樓,黃俊裕,961741600,94/10/25,115/05/21,補選董事(常務董事.董事長)/監察人,D101011 發電業,臺北市,變更,11505
27966981,浩集投資股份有限公司,臺北市南港區三重路19之13號7樓,王台光,85000000,94/11/04,115/05/22,改選董事/監察人(一人法人股東指派董事/監察人),H201010 一般投資業,臺北市,變更,11505
27970330,拙石建設股份有限公司,臺北市士林區中正路247巷36號2樓之1,林義順,28000000,94/11/14,115/05/15,公司所在地,H701010 住宅及大樓開發租售業；H701020 工業廠房開發租售業；H701030 殯葬場所開發租售業；H701040 特定專業區開發業；H701050 投資興建公共建設業；H701060 新市鎮、新社區開發業；H701070 區段徵收及市地重劃代辦業；H701080 都市更新業；H702010 建築經理業；H703090 不動產買賣業,臺北市,變更,11505
27972294,華玲貿易有限公司,臺北市中山區建國北路2段147號10樓之2,林建華,10000000,94/11/21,115/05/14,股東出資轉讓修正章程,F104110 布疋、衣著、鞋、帽、傘、服飾品批發業；F401010 國際貿易業；F204110 布疋、衣著、鞋、帽、傘、服飾品零售業,臺北市,變更,11505
27978683,上野百貨有限公司,臺北市士林區忠誠路2段98巷6弄1號,汪琛育,11000000,94/12/08,115/05/27,公司所在地,F115010 首飾及貴金屬批發業；F104110 布疋、衣著、鞋、帽、傘、服飾品批發業；F106020 日常用品批發業；F215010 首飾及貴金屬零售業；F204110 布疋、衣著、鞋、帽、傘、服飾品零售業；F206020 日常用品零售業；F401010 國際貿易業；ZZ99999 除許可業務外，得經營法令非禁止或限制之業務,臺北市,變更,11505
27986017,訊群企業有限公司,臺北市萬華區莒光路130號2樓,張雲傑,1500000,95/01/02,115/05/13,改推董事/董事長,E603040 消防安全設備安裝工程業；E604010 機械安裝業；E603090 照明設備安裝工程業；E605010 電腦設備安裝業；F101100 花卉批發業；F109070 文教、樂器、育樂用品批發業；F209060 文教、樂器、育樂用品零售業；F213010 電器零售業；F213060 電信器材零售業；F213080 機械器具零售業,臺北市,變更,11505
27990933,聖康生物科技股份有限公司,臺北市信義區基隆路1段333號17樓,鄭惠鈺,1000000,95/01/17,115/05/11,特殊補正,F401010 國際貿易業；IG01010 生物技術服務業；ZZ99999 除許可業務外，得經營法令非禁止或限制之業務；F102170 食品什貨批發業；I103060 管理顧問業；I199990 其他顧問服務業；IG02010 研究發展服務業；I501010 產品設計業,臺北市,變更,11505
27993024,志聖事業有限公司,臺北市中正區忠孝西路1段50號23樓之8,賴憲平,27000000,95/01/24,115/05/21,公司印鑑變更,ZZ99999 除許可業務外，得經營法令非禁止或限制之業務,臺北市,變更,11505
27993713,鎧澤科技有限公司,臺北市信義區光復南路447之23號9樓,李宗翰,5000000,95/01/26,115/05/25,特殊補正,ZZ99999 除許可業務外，得經營法令非禁止或限制之業務,臺北市,變更,11505
28002394,橙邑創研設計有限公司,臺北市文山區羅斯福路5段195號,方智明,4000000,95/03/07,115/05/13,增資,F105050 家具、寢具、廚房器具、裝設品批發業；F111090 建材批發業；E601020 電器安裝業；E801010 室內裝潢業；E801070 廚具、衛浴設備安裝工程業；I503010 景觀、室內設計業；F218010 資訊軟體零售業；F399040 無店面零售業；I301010 資訊軟體服務業；I301020 資料處理服務業,臺北市,變更,11505
28004816,建興開發股份有限公司,臺北市松山區撫遠街435號,吳璋國,5000000,95/03/14,115/05/27,改選董事/監察人(一人法人股東指派董事/監察人),F111090 建材批發業；F106010 五金批發業；F113010 機械批發業；F113100 污染防治設備批發業；F211010 建材零售業；F206010 五金零售業；F213080 機械器具零售業；F213100 污染防治設備零售業；F401010 國際貿易業；E604010 機械安裝業,臺北市,變更,11505
28005174,福沛國際有限公司,臺北市中山區長安東路2段230號7樓之1,簡妤珮,1000000,95/03/15,115/05/07,股東出資轉讓修正章程,F207030 清潔用品零售業；F206020 日常用品零售業；F208040 化粧品零售業；F209060 文教、樂器、育樂用品零售業；F204110 布疋、衣著、鞋、帽、傘、服飾品零售業；F205040 家具、寢具、廚房器具、裝設品零售業；F213010 電器零售業；F213030 電腦及事務性機器設備零售業；F218010 資訊軟體零售業；I103060 管理顧問業,臺北市,變更,11505
28006928,致伸科技股份有限公司,臺北市內湖區瑞光路669號,潘永中,4718808240,95/03/20,115/05/22,董事(常務董事.董事長)/監察人解任,CB01020 事務機器製造業；CC01030 電器及視聽電子產品製造業；CC01060 有線通信機械器材製造業；CC01070 無線通信機械器材製造業；CC01080 電子零組件製造業；CC01101 電信管制射頻器材製造業；CC01110 電腦及其週邊設備製造業；CE01030 光學儀器製造業；F401021 電信管制射頻器材輸入業；I301010 資訊軟體服務業,臺北市,變更,11505
28010036,登偉生技顧問有限公司,臺北市中山區南京東路2段66號6樓,吳郁慧,3000000,95/03/28,115/05/11,增資,I103060 管理顧問業；I501010 產品設計業；IG01010 生物技術服務業；IC01010 藥品檢驗業；F108031 醫療器材批發業；F208031 醫療器材零售業；F108040 化粧品批發業；F208040 化粧品零售業；F102170 食品什貨批發業；F203010 食品什貨、飲料零售業,臺北市,變更,11505
28020148,里德科技股份有限公司,臺北市內湖區環山路2段10巷6弄5號1樓,林文彥,24500000,94/11/01,115/05/04,特殊補正,CB01010 機械設備製造業；CB01020 事務機器製造業；E603050 自動控制設備工程業；E604010 機械安裝業；E605010 電腦設備安裝業；EZ05010 儀器、儀表安裝工程業；F106010 五金批發業；F113010 機械批發業；F113030 精密儀器批發業；F113050 電腦及事務性機器設備批發業,臺北市,變更,11505
28037957,維騰投資股份有限公司,臺北市中正區博愛路38號3樓,廖宇祥,10000000,94/11/23,115/05/12,改選董事/監察人(一人法人股東指派董事/監察人),H201010 一般投資業,臺北市,變更,11505
28060302,創翊多媒體有限公司,臺北市中正區中華路1段59號9樓,高春芳,1000000,94/12/21,115/05/04,公司所在地,F118010 資訊軟體批發業；F218010 資訊軟體零售業；I103060 管理顧問業；I301010 資訊軟體服務業；I401010 一般廣告服務業；IZ99990 其他工商服務業；ZZ99999 除許可業務外，得經營法令非禁止或限制之業務,臺北市,變更,11505
28060801,創健健康事業股份有限公司,臺北市中山區復興北路344號9樓,張正勲,20000000,94/12/22,115/05/18,特殊補正,I101090 食品顧問業；I103060 管理顧問業；I199990 其他顧問服務業；JZ99050 仲介服務業；ZZ99999 除許可業務外，得經營法令非禁止或限制之業務；E605010 電腦設備安裝業；F102170 食品什貨批發業；F104110 布疋、衣著、鞋、帽、傘、服飾品批發業；F106020 日常用品批發業；F107030 清潔用品批發業,臺北市,變更,11505
28067945,富蓁投資股份有限公司,臺北市中正區博愛路38號7樓,廖林淑花,230000000,94/12/30,115/05/13,改選董事/監察人(一人法人股東指派董事/監察人),H201010 一般投資業,臺北市,變更,11505
28074919,維杰投資股份有限公司,臺北市中正區博愛路38號3樓,廖林淑花,10000000,95/01/10,115/05/12,改選董事/監察人(一人法人股東指派董事/監察人),H201010 一般投資業,臺北市,變更,11505
28114166,漫話科技股份有限公司,臺北市內湖區洲子街12號2樓,黃聖方,17022100,105/04/08,115/05/21,特殊補正,F401010 國際貿易業；I301010 資訊軟體服務業；I301020 資料處理服務業；I301030 電子資訊供應服務業；I401010 一般廣告服務業；I501010 產品設計業；I599990 其他設計業；IZ13010 網路認證服務業；IZ15010 市場研究及民意調查業；F399040 無店面零售業,臺北市,變更,11505
28171047,欣明投資股份有限公司,臺北市大安區忠孝東路4段206號4樓,沈中鴻,40000000,95/04/06,115/05/04,公司所在地,H201010 一般投資業,臺北市,變更,11505
28178739,誠美建築開發股份有限公司,臺北市松山區南京東路3段275號6樓,黃勝舜,160000000,95/04/27,115/05/18,特殊補正,H701010 住宅及大樓開發租售業；H701020 工業廠房開發租售業；H701040 特定專業區開發業；H701050 投資興建公共建設業；H702010 建築經理業；H703090 不動產買賣業；H703100 不動產租賃業；I102010 投資顧問業；E599010 配管工程業；E603010 電纜安裝工程業,臺北市,變更,11505
28180159,倍森國際有限公司,臺北市大安區復興南路1段126巷1號2樓之7,,20000000,95/05/02,115/05/25,解散,A302010 對外漁業合作業；A302020 漁業服務業；A399990 其他漁業；F401010 國際貿易業；F399990 其他綜合零售業；F102170 食品什貨批發業；F106030 模具批發業；F107200 化學原料批發業；F108040 化粧品批發業；F111090 建材批發業,臺北市,變更,11505
28181869,瑞政股份有限公司,臺北市大安區仁愛路4段71巷25號1樓,蔡篤清,16000000,95/05/08,115/05/11,改選董事/監察人(一人法人股東指派董事/監察人),F108040 化粧品批發業；F208040 化粧品零售業；F113990 其他機械器具批發業；F213990 其他機械器具零售業；IZ99990 其他工商服務業；F401010 國際貿易業；JZ99110 瘦身美容業；JZ99080 美容美髮服務業；I199990 其他顧問服務業；F104110 布疋、衣著、鞋、帽、傘、服飾品批發業,臺北市,變更,11505
28190305,漢威開發建設股份有限公司,臺北市中正區延平南路70號4樓之1,張淑慧,25000000,95/06/05,115/05/25,特殊補正,E599010 配管工程業；E601010 電器承裝業；E603100 電焊工程業；E603110 冷作工程業；E603120 噴砂工程業；E604010 機械安裝業；E605010 電腦設備安裝業；E901010 油漆工程業；E801010 室內裝潢業；EZ99990 其他工程業,臺北市,變更,11505
28202127,歐欣環保股份有限公司,臺北市信義區松德路171號15樓之3,吳天銘,516547550,95/07/13,115/05/26,一般補正案,J101010 建築物清潔服務業；J101020 病媒防治業；J101030 廢棄物清除業；J101040 廢棄物處理業；J101050 環境檢測服務業；J101060 廢（污）水處理業；J101070 放射性廢料處理服務業；J101080 資源回收業；J101090 廢棄物清理業；J101990 其他環境衛生及污染防治服務業,臺北市,變更,11505
28202816,常陞國際股份有限公司,臺北市中山區復興北路174號6樓,羅文淵,24000000,95/07/17,115/05/13,特殊補正,H703100 不動產租賃業；H703090 不動產買賣業；F401010 國際貿易業；F399040 無店面零售業；F108040 化粧品批發業；F208040 化粧品零售業；F102170 食品什貨批發業；F203010 食品什貨、飲料零售業；ZZ99999 除許可業務外，得經營法令非禁止或限制之業務,臺北市,變更,11505
28207805,誠保貿易有限公司,臺北市南港區興中路28巷28號7樓之2,陳世杰,6800000,95/08/01,115/05/18,改推董事/董事長,F102050 茶葉批發業；F102170 食品什貨批發業；F201010 農產品零售業；F201020 畜產品零售業；F203010 食品什貨、飲料零售業；F101040 家畜家禽批發業；F101050 水產品批發業；F101130 蔬果批發業；F101990 其他農、畜、水產品批發業；F102040 飲料批發業,臺北市,變更,11505
28215410,農金保險經紀人股份有限公司,臺北市中正區館前路77號6樓,程一凡,366942000,95/08/28,115/05/14,票據兌現/他機關函復/補正,H602011 人身保險經紀人；H602021 財產保險經紀人,臺北市,變更,11505
28226388,聚豐投資股份有限公司,臺北市內湖區瑞光路358巷38弄36號10樓,王詩涵,1000000,95/10/04,115/05/11,特殊補正,H201010 一般投資業,臺北市,變更,11505
28227719,元恆投資股份有限公司,臺北市內湖區瑞光路358巷38弄36號10樓,趙亞琳,1000000,95/10/12,115/05/11,特殊補正,H201010 一般投資業,臺北市,變更,11505
28227844,祐泓企業有限公司,臺北市大安區復興南路1段243號6樓,何佳憓,500000,95/10/13,115/05/11,公司所在地,F106010 五金批發業；F113010 機械批發業；F206010 五金零售業；F213080 機械器具零售業；F401010 國際貿易業；CA02010 金屬結構及建築組件製造業；CA02030 螺絲、螺帽、螺絲釘、及鉚釘等製品製造業,臺北市,變更,11505
28228576,新唐人亞太電視股份有限公司,臺北市內湖區瑞湖街101號3樓,張瑞蘭,124500000,95/10/14,115/05/27,特殊補正,J303010 雜誌（期刊）出版業；J304010 圖書出版業；J305010 有聲出版業；J506021 衛星廣播電視節目供應業；J601010 藝文服務業；J602010 演藝活動業；JB01010 會議及展覽服務業；I301010 資訊軟體服務業；I401010 一般廣告服務業；F401010 國際貿易業,臺北市,變更,11505
28310033,一如永續股份有限公司,臺北市松山區復興北路1號5樓之8,陳怡君,280000000,96/05/17,115/05/25,特殊補正,F401010 國際貿易業；H201010 一般投資業；H202010 創業投資業；H703090 不動產買賣業；H703100 不動產租賃業；H704031 不動產仲介經紀業；H704041 不動產代銷經紀業；HZ02010 金融機構金錢債權收買業務；HZ02020 辦理金融機構金錢債權之評價或拍賣業務；I102010 一般投資顧問業,臺北市,變更,11505
28331543,今日傳媒股份有限公司,臺北市內湖區瑞湖街160號3樓,劉柏園,617850000,95/06/08,115/05/18,發行新股,J503010 廣播節目製作業；J503020 電視節目製作業；J503030 廣播電視節目發行業；J503040 廣播電視廣告業；J503050 錄影節目帶業；F102020 食用油脂批發業；F102040 飲料批發業；F102170 食品什貨批發業；F108040 化粧品批發業；F109070 文教、樂器、育樂用品批發業,臺北市,變更,11505
28357634,麗陽股份有限公司,臺北市內湖區內湖路1段246號3樓,林子皓,150000000,95/07/12,115/05/08,特殊補正,F501990 其他餐飲業；ZZ99999 除許可業務外，得經營法令非禁止或限制之業務；F102040 飲料批發業；F102170 食品什貨批發業；F203020 菸酒零售業；F401010 國際貿易業；I503010 景觀、室內設計業；JB01010 會議及展覽服務業；F206010 五金零售業；F206020 日常用品零售業,臺北市,變更,11505
28371994,寶盛國際股份有限公司,臺北市南港區三重路19-5號2樓,莊景順,258823520,95/08/02,115/05/26,修正章程,CB01010 機械設備製造業；E603020 電梯安裝工程業；E603050 自動控制設備工程；E604010 機械安裝業；E605010 電腦設備安裝業；EZ06010 交通標示工程業；F117010 消防安全設備批發業；F118010 資訊軟體批發業；F213060 電信器材零售業；F213080 機械器具零售業,臺北市,變更,11505
28411243,香港商高誠保險經紀人有限公司,臺北市中山區林森北路577號9樓之1,李人安,10000000,96/03/01,115/05/13,本公司董事及其他負責人變更,H602011 人身保險經紀人；H602021 財產保險經紀人,臺北市,變更,11505
28411882,英屬維京群島商大國文化有限公司,臺北市松山區復興南路1段45號6樓,李秀儀,1200000,96/03/19,115/05/14,補繳規費,I301010 資訊軟體服務業；I301020 資料處理服務業；I301030 電子資訊供應服務業；I301040 第三方支付服務業；I401010 一般廣告服務業；J399010 軟體出版業；J401010 電影片製作業；J402010 電影片發行業；J503020 電視節目製作業；J503030 廣播電視節目發行業,臺北市,變更,11505
28411953,香港商豐田通商先端電子有限公司,臺北市信義區松仁路101號5樓,轡田孝幸,5000000,96/03/15,115/05/13,改派在中華民國境內負責人變更登記,E604010 機械安裝業；E605010 電腦設備安裝業；F113010 機械批發業；F113020 電器批發業；F113030 精密儀器批發業；F113050 電腦及事務性機器設備批發業；F113070 電信器材批發業；F118010 資訊軟體批發業；F119010 電子材料批發業；F213010 電器零售業,臺北市,變更,11505
28412171,新加坡商三井物產泛立迅保險經紀人有限公司,臺北市中山區民生西路3巷9號10樓,林鴻源,10000000,96/03/20,115/05/05,本公司董事及其他負責人變更,H602021 財產保險經紀人,臺北市,變更,11505
28412720,英屬維京群島商中穎國際有限公司,臺北市大安區忠孝東路4段169號6樓之1,岑德強,500000,96/03/28,115/05/08,在中華民國境內負責人姓名、護照號碼、國籍變更登記,F109070 文教、樂器、育樂用品批發業；J303010 雜誌（期刊）出版業；J304010 圖書出版業；F401010 國際貿易業；J901020 一般旅館業；H201010 一般投資業；H703090 不動產買賣業；H703100 不動產租賃業；ZZ99999 除許可業務外，得經營法令非禁止或限制之業務,臺北市,變更,11505
28419955,英商奧克斯福出版社股份有限公司,臺北市松山區南京東路三段287號5樓,陳佳雯,5000000,96/08/24,115/05/14,本公司董事及其他負責人變更,F109070 文教、樂器、育樂用品批發業；F209060 文教、樂器、育樂用品零售業；J303010 雜誌（期刊）出版業；J304010 圖書出版業；J305010 有聲出版業；F401010 國際貿易業；I103060 管理顧問業；I199990 其他顧問服務業；I301020 資料處理服務業；I301030 電子資訊供應服務業,臺北市,變更,11505
28426512,美商美斯百貨有限公司,臺北市松山區南京東路3段287號13樓(電梯15樓,王華樂,0,96/12/05,115/05/13,改派在中華民國境內代表人,,臺北市,變更,11505
28426962,第一金人壽保險股份有限公司,臺北市信義區信義路四段456號13樓,楊棋材,6850000000,96/12/11,115/05/21,改派董事/監察人,H501011 人身保險業,臺北市,變更,11505
28428379,臺灣金融控股股份有限公司,臺北市中正區重慶南路一段120號,凌忠嫄,103125000000,97/01/01,115/05/11,改派董事/監察人,H801011 金融控股公司業,臺北市,變更,11505
28430311,光世代建設開發股份有限公司,臺北市大安區信義路四段89-1號1樓,吳彥宏,3000000000,97/02/12,115/05/20,改派董事/監察人,E603050 自動控制設備工程業；EZ05010 儀器、儀表安裝工程業；G202010 停車場經營業；H701010 住宅及大樓開發租售業；H701020 工業廠房開發租售業；H701040 特定專業區開發業；H701080 都市更新重建業；H703090 不動產買賣業；H703100 不動產租賃業；I103060 管理顧問業,臺北市,變更,11505
28431992,遠鼎創業投資股份有限公司,臺北市大安區新生南路1段99號8樓,邱德成,41733120,97/03/20,115/05/25,票據兌現/他機關函復/補正,H202010 創業投資業,臺北市,變更,11505
28446812,昱煇科技有限公司,臺北市大安區和平東路1段200號11樓,曹田峯,1000000,95/11/10,115/05/04,特殊補正,F118010 資訊軟體批發業；F119010 電子材料批發業；F218010 資訊軟體零售業；F219010 電子材料零售業；I301010 資訊軟體服務業；I301030 電子資訊供應服務業；F399040 無店面零售業；IZ04010 翻譯業；F113030 精密儀器批發業；F213040 精密儀器零售業,臺北市,變更,11505
28449085,潤泰旭展股份有限公司,臺北市南港區中南里19鄰忠孝東路七段369號,簡滄圳,2000000000,95/11/20,115/05/28,改選董事/監察人(一人法人股東指派董事/監察人),E801010 室內裝潢業；F111090 建材批發業；F201070 花卉零售業；F203020 菸酒零售業；F205040 家具、寢具、廚房器具、裝設品零售業；F209060 文教、樂器、育樂用品零售業；F211010 建材零售業；F215010 首飾及貴金屬零售業；F218010 資訊軟體零售業；F301010 百貨公司業,臺北市,變更,11505
28449938,台灣魯拉有限公司,臺北市中山區吉林路174巷5號1樓,廖珮君,1600000,95/11/23,115/05/26,改推董事/董事長,F102030 菸酒批發業；F108031 醫療器材批發業；F108040 化粧品批發業；F203020 菸酒零售業；F208031 醫療器材零售業；F208040 化粧品零售業；F401010 國際貿易業,臺北市,變更,11505
28451764,台灣世索科股份有限公司,臺北市信義區松仁路89號9樓之1,Chen Pu,60395000,95/11/30,115/05/12,分公司經理人變更,F401010 國際貿易業；ZZ99999 除許可業務外，得經營法令非禁止或限制之業務；F104110 布疋、衣著、鞋、帽、傘、服飾品批發業；F204110 布疋、衣著、鞋、帽、傘、服飾品零售業；F107010 漆料、塗料批發業；F207010 漆料、塗料零售業；F107190 塑膠膜、袋批發業；F207190 塑膠膜、袋零售業；F107200 化學原料批發業；F207200 化學原料零售業,臺北市,變更,11505
28451856,兆邦開發建設股份有限公司,臺北市大同區承德路2段81號8樓之2,張迺豪,31000000,95/11/29,115/05/25,發行新股,H701010 住宅及大樓開發租售業；H701020 工業廠房開發租售業；H701040 特定專業區開發業；H701080 都市更新重建業；H703090 不動產買賣業；H703100 不動產租賃業；I503010 景觀、室內設計業；I103060 管理顧問業；ZZ99999 除許可業務外，得經營法令非禁止或限制之業務,臺北市,變更,11505
28453762,台灣諾基亞通信股份有限公司,臺北市松山區民生東路3段100號9樓,寇安哲Andrew James Cope,100000000,95/12/05,115/05/27,特殊補正,E701030 電信管制射頻器材裝設工程業；F113070 電信器材批發業；F213060 電信器材零售業；F401010 國際貿易業；F401021 電信管制射頻器材輸入業；I301010 資訊軟體服務業；I301020 資料處理服務業；I301030 電子資訊供應服務業；ZZ99999 除許可業務外，得經營法令非禁止或限制之業務；E701010 電信工程業,臺北市,變更,11505
28454410,御匯有限公司,臺北市內湖區新湖一路143號1樓,許益華,100000000,95/12/07,115/05/08,特殊補正,ZZ99999 除許可業務外，得經營法令非禁止或限制之業務；F102050 茶葉批發業；F102170 食品什貨批發業；F203010 食品什貨、飲料零售業；F205040 家具、寢具、廚房器具、裝設品零售業；F206020 日常用品零售業；F399040 無店面零售業；F401010 國際貿易業；F501030 飲料店業；F501060 餐館業,臺北市,變更,11505
28463369,台灣英創管理顧問股份有限公司,臺北市松山區敦化北路167號7樓,盧暉璸,80000000,96/01/10,115/05/13,特殊補正,IZ12010 人力派遣業；I103060 管理顧問業；I199990 其他顧問服務業；I301010 資訊軟體服務業；I301020 資料處理服務業；I301030 電子資訊供應服務業；IG02010 研究發展服務業；IZ04010 翻譯業；J101050 環境檢測服務業；JZ99990 未分類其他服務業,臺北市,變更,11505
28464450,戶蘭室內裝修設計工程股份有限公司,臺北市大同區承德路1段88號5樓之7,王和風,13600000,96/01/15,115/05/06,增資(資本總額),F105050 家具、寢具、廚房器具、裝設品批發業；F106010 五金批發業；F107010 漆料、塗料批發業；F111090 建材批發業；F401010 國際貿易業；I503010 景觀、室內設計業；H702010 建築經理業；H703090 不動產買賣業；H703100 不動產租賃業；H703110 老人住宅業,臺北市,變更,11505
28466984,粉紅豹文化事業有限公司,臺北市中正區延平南路61號4樓之1,虞葳,3000000,96/01/24,115/05/20,特殊補正,I103060 管理顧問業；I301010 資訊軟體服務業；I301020 資料處理服務業；I301030 電子資訊供應服務業；I401010 一般廣告服務業；I501010 產品設計業；I502010 服飾設計業；IZ12010 人力派遣業；IZ13010 網路認證服務業；F113050 電腦及事務性機器設備批發業,臺北市,變更,11505
28467652,杏醫有限公司,臺北市信義區信義路5段5號3樓,黃華民,10000000,96/01/29,115/05/04,特殊補正,F109070 文教、樂器、育樂用品批發業；F113030 精密儀器批發業；F113050 電腦及事務性機器設備批發業；F113060 度量衡器批發業；F116010 照相器材批發業；F118010 資訊軟體批發業；F199990 其他批發業；F401010 國際貿易業；I199990 其他顧問服務業；J304010 圖書出版業,臺北市,變更,11505
28468300,祿鼎建設股份有限公司,臺北市中山區長春路328號11樓之1,洪村統,380000000,96/01/29,115/05/26,增資(資本總額),H701010 住宅及大樓開發租售業；H701060 新市鎮、新社區開發業；I503010 景觀、室內設計業；I401010 一般廣告服務業；E801010 室內裝潢業；F111090 建材批發業；F401010 國際貿易業；ZZ99999 除許可業務外，得經營法令非禁止或限制之業務,臺北市,變更,11505
28470050,台洋電線電纜有限公司,臺北市大同區長安西路78巷1弄10號1樓,劉又頡,25800000,96/02/02,115/05/27,股東出資轉讓修正章程,ZZ99999 除許可業務外，得經營法令非禁止或限制之業務,臺北市,變更,11505
28475246,康衛藥業股份有限公司,臺北市中正區漢口街1段110號8樓之13,范金英,3000000,96/03/01,115/05/22,改選董事/監察人(一人法人股東指派董事/監察人),F108021 西藥批發業；F208021 西藥零售業；I103060 管理顧問業；I199990 其他顧問服務業；JZ99050 仲介服務業；ZZ99999 除許可業務外，得經營法令非禁止或限制之業務,臺北市,變更,11505
28476815,三鈦建設開發有限公司,臺北市中山區建國北路2段3巷15號8樓之3,陳和裕,28000000,96/03/09,115/05/27,增資,H701010 住宅及大樓開發租售業；H701020 工業廠房開發租售業；H701050 投資興建公共建設業；H701060 新市鎮、新社區開發業；H701070 區段徵收及市地重劃代辦業；H702010 建築經理業；H703090 不動產買賣業；H703100 不動產租賃業；H703110 老人住宅業；H705010 國有非公用財產代管業,臺北市,變更,11505
28480613,晶實科技股份有限公司,臺北市中山區八德路2段260號7樓,郭台強,258750000,96/03/22,115/05/22,改選董事/監察人(一人法人股東指派董事/監察人),CC01080 電子零組件製造業；CC01120 資料儲存媒體製造及複製業；CC01070 無線通信機械器材製造業；F113020 電器批發業；F113050 電腦及事務性機器設備批發業；F113070 電信器材批發業；F118010 資訊軟體批發業；F119010 電子材料批發業；F213010 電器零售業；F213030 電腦及事務性機器設備零售業,臺北市,變更,11505
28482921,翊安都市更新股份有限公司,臺北市士林區延平北路5段163巷4號4樓,蔡之豪,129000000,96/03/30,115/05/13,特殊補正,H701010 住宅及大樓開發租售業；H701020 工業廠房開發租售業；H701040 特定專業區開發業；H701050 投資興建公共建設業；H701060 新市鎮、新社區開發業；H701070 區段徵收及市地重劃代辦業；H701080 都市更新重建業；H701090 都市更新整建維護業；H702010 建築經理業；H703090 不動產買賣業,臺北市,變更,11505
28484667,仲量聯行公寓大廈管理維護暨室內裝修設計股份有限公司,臺北市信義區信義路5段7號20樓之1,馬基榮,10000000,96/04/04,115/05/19,特殊補正,H701010 住宅及大樓開發租售業；H701020 工業廠房開發租售業；H702010 建築經理業；H703100 不動產租賃業；I103060 管理顧問業；I503010 景觀設計業；I801011 公寓大廈管理服務業；IB01010 建築物公共安全檢查業；IZ12010 人力派遣業；G202010 停車場經營業,臺北市,變更,11505
28485201,悅山投資股份有限公司,臺北市中山區南京東路3段70號15樓,蔡佳蓉,82652000,96/04/10,115/05/08,改選董事/監察人(一人法人股東指派董事/監察人),H201010 一般投資業,臺北市,變更,11505
28485997,建築學人地產發展股份有限公司,臺北市大同區延平北路2段69號4樓之2,王楷賢,100000000,96/04/12,115/05/12,改選董事/監察人(一人法人股東指派董事/監察人),H701010 住宅及大樓開發租售業；H701020 工業廠房開發租售業；H701030 殯葬場所開發租售業；H701050 投資興建公共建設業；H701060 新市鎮、新社區開發業；H701070 區段徵收及市地重劃代辦業；H702010 建築經理業；H703090 不動產買賣業；H703100 不動產租賃業；H703110 老人住宅業,臺北市,變更,11505
28486686,吉布達偉士運輸股份有限公司,臺北市松山區南京東路5段213號6樓,Michael Mag.Zankel,7500000,96/04/13,115/05/07,特殊補正,G601011 航空貨運承攬業；G402011 海運承攬運送業；ZZ99999 除許可業務外，得經營法令非禁止或限制之業務,臺北市,變更,11505
28502882,液光固態照明股份有限公司,臺北市松山區復興北路181號9樓,游銘富,136151150,95/10/19,115/05/07,票據兌現/他機關函復/補正,F401010 國際貿易業；I501010 產品設計業；I599990 其他設計業；ZZ99999 除許可業務外，得經營法令非禁止或限制之業務,臺北市,變更,11505
28538241,鎧信投資有限公司,臺北市信義區永吉路168號8樓,謝俊雄,28000000,95/12/12,115/05/18,特殊補正,H201010 一般投資業；ZZ99999 除許可業務外，得經營法令非禁止或限制之業務,臺北市,變更,11505
28548803,穎順物業股份有限公司,臺北市大同區貴德街12之5號,吳忠庭,1000000,95/12/26,115/05/21,特殊補正,H701010 住宅及大樓開發租售業；H703090 不動產買賣業；H703100 不動產租賃業；CQ01010 模具製造業；F106010 五金批發業；F206010 五金零售業；F106030 模具批發業；F206030 模具零售業；F401010 國際貿易業；ZZ99999 除許可業務外，得經營法令非禁止或限制之業務,臺北市,變更,11505
28555515,鼎勝峰股份有限公司,臺北市大安區忠孝東路3段305號6樓之1,羅靖,70000000,96/01/05,115/05/29,董事/監察人持股變動報備,F401010 國際貿易業；F106010 五金批發業；F114010 汽車批發業；F114020 機車批發業；F114030 汽、機車零件配備批發業；F206010 五金零售業；F214010 汽車零售業；F214020 機車零售業；F214030 汽、機車零件配備零售業；F102030 菸酒批發業,臺北市,變更,11505
28670732,樂活醫務管理股份有限公司,臺北市中正區南陽街24號2樓,楊適旭,100000000,96/04/26,115/05/14,特殊補正,F203010 食品什貨、飲料零售業；F213040 精密儀器零售業；F213030 電腦及事務性機器設備零售業；F219010 電子材料零售業；I103060 管理顧問業；I301020 資料處理服務業；F401010 國際貿易業；IG01010 生物技術服務業；IG02010 研究發展服務業；IZ12010 人力派遣業,臺北市,變更,11505
28672555,富兆投資股份有限公司,臺北市大安區忠孝東路4段270號12樓,莫建萍,128342390,96/05/03,115/05/18,改選董事/監察人(一人法人股東指派董事/監察人),H201010 一般投資業；H703090 不動產買賣業；H703100 不動產租賃業；ZZ99999 除許可業務外，得經營法令非禁止或限制之業務,臺北市,變更,11505
28674006,里朵國際貿易有限公司,臺北市大安區敦化南路1段236巷11號1樓,林靜娟,3500000,96/05/08,115/05/06,公司所在地,F204110 布疋、衣著、鞋、帽、傘、服飾品零售業；F205040 家具、寢具、廚房器具、裝設品零售業；F215010 首飾及貴金屬零售業；F401010 國際貿易業；ZZ99999 除許可業務外，得經營法令非禁止或限制之業務,臺北市,變更,11505
28676362,昕馡股份有限公司,臺北市中山區中山北路2段44號6樓,孫若男,170000000,96/05/15,115/05/21,特殊補正,F401010 國際貿易業；F113020 電器批發業；F105050 家具、寢具、廚房器具、裝設品批發業；F113010 機械批發業；F111090 建材批發業；E801010 室內裝潢業；H703100 不動產租賃業；F104110 布疋、衣著、鞋、帽、傘、服飾品批發業；F113050 電腦及事務性機器設備批發業；F113070 電信器材批發業,臺北市,變更,11505
28678544,台灣科慕鈦科技股份有限公司,臺北市松山區敦化北路167號7樓,Premal Subhash Shah,292000000,96/05/22,115/05/11,特殊補正,ZZ99999 除許可業務外，得經營法令非禁止或限制之業務；F107010 漆料、塗料批發業；F107200 化學原料批發業；F401010 國際貿易業；F601010 智慧財產權業；I101080 工、礦顧問業；I199990 其他顧問服務業；IG02010 研究發展服務業,臺北市,變更,11505
28679109,台灣無線城網路科技股份有限公司,臺北市大同區甘谷街26號5樓,陳文彬,6000000,96/05/24,115/05/21,特殊補正,CC01060 有線通信機械器材製造業；CC01070 無線通信機械器材製造業；CC01110 電腦及其週邊設備製造業；E702010 通信工程業；F113050 電腦及事務性機器設備批發業；F113070 電信器材批發業；F118010 資訊軟體批發業；F119010 電子材料批發業；F213030 電腦及事務性機器設備零售業；F401010 國際貿易業,臺北市,變更,11505
28684877,保瑞藥業股份有限公司,臺北市內湖區瑞光路26巷36弄2號6樓,盛保熙,1277413590,96/06/12,115/05/20,補繳規費,C802041 西藥製造業；F108021 西藥批發業；F108031 醫療器材批發業；F107070 動物用藥品批發業；F113030 精密儀器批發業；F113060 度量衡器批發業；F108040 化粧品批發業；F207070 動物用藥零售業；F203010 食品什貨、飲料零售業；I102010 投資顧問業,臺北市,變更,11505
28685192,泰豐生技股份有限公司,臺北市南港區忠孝東路6段21號13樓之3,歐慶鵬,30000000,96/06/13,115/05/26,改選董事/監察人(一人法人股東指派董事/監察人),F104110 布疋、衣著、鞋、帽、傘、服飾品批發業；F106010 五金批發業；F108031 醫療器材批發業；F108040 化粧品批發業；F110020 眼鏡批發業；F113060 度量衡器批發業；F113070 電信器材批發業；F114030 汽、機車零件配備批發業；F204110 布疋、衣著、鞋、帽、傘、服飾品零售業；F206010 五金零售業,臺北市,變更,11505
28686538,鴻岳國際有限公司,臺北市中正區忠孝西路1段50號地下1層,葉守政,5000000,96/06/21,115/05/06,特殊補正,F109070 文教、樂器、育樂用品批發業；F401010 國際貿易業；ZZ99999 除許可業務外，得經營法令非禁止或限制之業務,臺北市,變更,11505
28687451,閎駿工程有限公司,臺北市大同區民權西路136號9樓之14,林裕盛,1000000,96/06/23,115/05/27,公司所在地,E599010 配管工程業；E603090 照明設備安裝工程業；E604010 機械安裝業；E603020 電梯安裝工程業；E603010 電纜安裝工程業；E603050 自動控制設備工程業；E901010 油漆工程業；E903010 防蝕、防銹工程業；EZ02010 起重工程業；EZ05010 儀器、儀表安裝工程業,臺北市,變更,11505
28689155,和碩聯合科技股份有限公司,臺北市北投區立功街76號5樓,童子賢,26820441030,96/06/27,115/05/22,其他減資,CC01100 電信管制射頻器材製造業；CF01011 醫療器材製造業；ZZ99999 除許可業務外，得經營法令非禁止或限制之業務,臺北市,變更,11505
28694299,市都發都市更新股份有限公司,臺北市信義區信義路5段2號6樓,詹希達,2000000,96/07/17,115/05/06,補繳規費,F601010 智慧財產權業；H701010 住宅及大樓開發租售業；H701060 新市鎮、新社區開發業；H701070 區段徵收及市地重劃代辦業；H701080 都市更新重建業；H701090 都市更新整建維護業；H703090 不動產買賣業；I102010 投資顧問業；I103060 管理顧問業；I199990 其他顧問服務業,臺北市,變更,11505
28696466,合信興資產管理股份有限公司,臺北市大安區復興南路1段209號11樓,林秀貞,4500000,96/07/25,115/05/26,變更組織,ZZ99999 除許可業務外，得經營法令非禁止或限制之業務,臺北市,變更,11505
28699013,貳樓餐飲股份有限公司,臺北市大安區敦化南路2段63巷14號,黃寶世,63000000,96/08/03,115/05/12,減資,F102170 食品什貨批發業；F104110 布疋、衣著、鞋、帽、傘、服飾品批發業；F203010 食品什貨、飲料零售業；F204110 布疋、衣著、鞋、帽、傘、服飾品零售業；F401010 國際貿易業；F501060 餐館業；I101090 食品顧問業；I501010 產品設計業；I502010 服飾設計業；JZ99990 未分類其他服務業,臺北市,變更,11505
28704803,德年國際股份有限公司,臺北市中正區水源路65號,呂台年,2052140000,96/08/27,115/05/07,公司所營事業變更修正章程,G202010 停車場經營業；H701010 住宅及大樓開發租售業；H701040 特定專業區開發業；H701050 投資興建公共建設業；H701060 新市鎮、新社區開發業；H701080 都市更新業；H703090 不動產買賣業；H703100 不動產租賃業；J701040 休閒活動場館業；J701080 水域遊憩活動經營業,臺北市,變更,11505
28705161,福竑股份有限公司,臺北市松山區松基里復興北路181號15樓之3,朱劭華,5500000000,96/08/28,115/05/20,增資(資本總額),H701010 住宅及大樓開發租售業；H701020 工業廠房開發租售業；H701040 特定專業區開發業；H701050 投資興建公共建設業；H701060 新市鎮、新社區開發業；H701080 都市更新業；H703090 不動產買賣業；H703100 不動產租賃業；ZZ99999 除許可業務外，得經營法令非禁止或限制之業務,臺北市,變更,11505
28706443,鴻譜股份有限公司,臺北市中山區中山北路2段44號6樓,李碧芳,320000000,96/09/03,115/05/15,改選董事/監察人(一人法人股東指派董事/監察人),F401010 國際貿易業；F113020 電器批發業；F105050 家具、寢具、廚房器具、裝設品批發業；F113010 機械批發業；F111090 建材批發業；E801010 室內裝潢業；H703100 不動產租賃業；F104110 布疋、衣著、鞋、帽、傘、服飾品批發業；F113050 電腦及事務性機器設備批發業；F113070 電信器材批發業,臺北市,變更,11505
28707978,旭鴻國際運動用品股份有限公司,臺北市大安區新生南路3段64之1號1樓,羅妙瑛,10000000,96/09/07,115/05/15,改選董事/監察人(一人法人股東指派董事/監察人),F204110 布疋、衣著、鞋、帽、傘、服飾品零售業；F209060 文教、樂器、育樂用品零售業；F399040 無店面零售業；F401010 國際貿易業；J801030 競技及休閒運動場館業；J802010 運動訓練業；J803010 運動表演業；I103060 管理顧問業；ZZ99999 除許可業務外，得經營法令非禁止或限制之業務,臺北市,變更,11505
28708940,台灣格羅茨股份有限公司,臺北市大同區延平北路2段202號5樓,Andreas Dietz,1000000,96/09/12,115/05/18,改派董事/監察人,F113010 機械批發業；F213080 機械器具零售業；F401010 國際貿易業；ZZ99999 除許可業務外，得經營法令非禁止或限制之業務,臺北市,變更,11505
28709384,石峰印刷品有限公司,臺北市萬華區西園路2段255號4樓,石原武峰,1000000,96/09/13,115/05/04,特殊補正,IZ10010 排版業；F205040 家具、寢具、廚房器具、裝設品零售業；F401010 國際貿易業；F204110 布疋、衣著、鞋、帽、傘、服飾品零售業；F206020 日常用品零售業；F104110 布疋、衣著、鞋、帽、傘、服飾品批發業；C701010 印刷業；C702010 製版業；C703010 印刷品裝訂及加工業；I501010 產品設計業,臺北市,變更,11505
28715941,健康新聞社有限公司,臺北市中山區長安東路2段17號,李正鈺,80000000,96/10/11,115/05/06,增資,J301010 報紙業；J302010 通訊稿業；J303010 雜誌（期刊）出版業；J304010 圖書出版業；J305010 有聲出版業；J399010 軟體出版業；F209060 文教、樂器、育樂用品零售業；F109070 文教、樂器、育樂用品批發業；H701010 住宅及大樓開發租售業；H703090 不動產買賣業,臺北市,變更,11505
28716081,宏楙國際股份有限公司,臺北市松山區復興北路181號10樓,何繼正,30000000,96/10/11,115/05/29,特殊補正,F114030 汽、機車零件配備批發業；F214030 汽、機車零件配備零售業；F401010 國際貿易業；ZZ99999 除許可業務外，得經營法令非禁止或限制之業務,臺北市,變更,11505
28718031,台塑網旅行社股份有限公司,臺北市內湖區南京東路6段390之1號1樓,藍偉成,15000000,96/10/19,115/05/15,特殊補正,J902011 旅行業,臺北市,變更,11505
28718840,銳能科技有限公司,臺北市北投區光明路200號9樓之19,,7000000,96/10/22,115/05/07,解散,ZZ99999 除許可業務外，得經營法令非禁止或限制之業務,臺北市,變更,11505
28728592,旭禮國際有限公司,臺北市中山區南京東路1段34號7樓,曾俊廸,2000000,96/06/05,115/05/08,特殊補正,F104110 布疋、衣著、鞋、帽、傘、服飾品批發業；F204110 布疋、衣著、鞋、帽、傘、服飾品零售業；F105050 家具、寢具、廚房器具、裝設品批發業；F205040 家具、寢具、廚房器具、裝設品零售業；F206020 日常用品零售業；F209060 文教、樂器、育樂用品零售業；F399990 其他綜合零售業；F401010 國際貿易業；ZZ99999 除許可業務外，得經營法令非禁止或限制之業務,臺北市,變更,11505
28731772,立鼎機械工程股份有限公司,臺北市文山區萬安街37巷1號1樓,李品嘉,6000000,96/06/08,115/05/20,特殊補正,E603020 電梯安裝工程業；E604010 機械安裝業；F106010 五金批發業；F206010 五金零售業；F113020 電器批發業；F213010 電器零售業；F114010 汽車批發業；F214010 汽車零售業；F114030 汽、機車零件配備批發業；F214030 汽、機車零件配備零售業,臺北市,變更,11505
28736988,聯銘盛貿易股份有限公司,臺北市內湖區南京東路6段461號6樓之5,余忠倫,80000000,96/06/15,115/05/14,特殊補正,F108031 醫療器材批發業；F208031 醫療器材零售業；F108040 化粧品批發業；F208040 化粧品零售業；F208050 乙類成藥零售業；F399040 無店面零售業；F401010 國際貿易業；ZZ99999 除許可業務外，得經營法令非禁止或限制之業務,臺北市,變更,11505
28820845,翊姵企業有限公司,臺北市大同區長安西路195號,劉祐瑄,5000000,96/10/30,115/05/27,特殊補正,F203010 食品什貨、飲料零售業；F501030 飲料店業；ZZ99999 除許可業務外，得經營法令非禁止或限制之業務,臺北市,變更,11505
28824130,科誠投資股份有限公司,臺北市大安區仁愛路4段28號4樓,林建瑋,22000000,96/11/13,115/05/14,改選董事/監察人(一人法人股東指派董事/監察人),H201010 一般投資業,臺北市,變更,11505
28828109,達鈞有限公司,臺北市松山區八德路4段777號10樓之1,謝秀珠,1200000,96/11/27,115/05/19,特殊補正,ZZ99999 除許可業務外，得經營法令非禁止或限制之業務,臺北市,變更,11505
28833243,富盛證券投資顧問股份有限公司,臺北市信義區松德路171號9樓、9樓之1及9樓,蔡政宏,70000000,96/12/17,115/05/04,特殊補正,H304011 證券投資顧問業,臺北市,變更,11505
28836023,百冠生化科技股份有限公司,臺北市大同區承德路3段267號9樓,李清勇,5200000,96/12/28,115/05/22,特殊補正,C103050 罐頭、冷凍、脫水及醃漬食品製造業；C199040 豆類加工食品製造業；F102170 食品什貨批發業；F203010 食品什貨、飲料零售業；F401010 國際貿易業；I101090 食品顧問業；IG01010 生物技術服務業；ZZ99999 除許可業務外，得經營法令非禁止或限制之業務；IZ06010 理貨包裝業；F208040 化粧品零售業,臺北市,變更,11505
28838541,咊暘建設股份有限公司,臺北市大安區復興南路1段380號10樓,林明豪,50000000,97/01/09,115/05/28,改選董事/監察人(一人法人股東指派董事/監察人),F111090 建材批發業；F401010 國際貿易業；H701010 住宅及大樓開發租售業；H701060 新市鎮、新社區開發業；I503010 景觀、室內設計業；ZZ99999 除許可業務外，得經營法令非禁止或限制之業務,臺北市,變更,11505
28839979,耀翔投資控股有限公司,臺北市松山區南京東路3段287號7樓之1,蕭有倫,1000000,97/01/15,115/05/11,改推董事/董事長,H201010 一般投資業,臺北市,變更,11505
28841519,香柏實業有限公司,臺北市北投區永興路1段41號1樓,金鴻建,500000,97/01/21,115/05/22,公司所在地,F101130 蔬果批發業；F102170 食品什貨批發業；F113030 精密儀器批發業；F201010 農產品零售業；F203010 食品什貨、飲料零售業；F213040 精密儀器零售業；I501010 產品設計業；IG01010 生物技術服務業；F401161 菸類輸入業；F102030 菸酒批發業,臺北市,變更,11505
28844620,禾茂電股份有限公司,臺北市內湖區內湖路1段88號4樓,李正星,115000000,97/02/04,115/05/22,發行新股,C199990 未分類其他食品製造業；F102170 食品什貨批發業；F106060 寵物食品及其用品批發業；F107070 動物用藥品批發業；F108040 化粧品批發業；F113020 電器批發業；F113030 精密儀器批發業；F113050 電腦及事務性機器設備批發業；F113070 電信器材批發業；F113110 電池批發業,臺北市,變更,11505
28847746,榮展投資股份有限公司,臺北市內湖區環山路2段56號1樓,唐錦榮,430000000,97/02/25,115/05/13,增資(資本總額),H201010 一般投資業,臺北市,變更,11505
28850729,來雅廣告派報有限公司,臺北市中正區金門街31號,黃南球,1500000,97/03/10,115/05/25,特殊補正,I401010 一般廣告服務業；I401020 廣告傳單分送業；I501010 產品設計業；IZ06010 理貨包裝業；IZ12010 人力派遣業；IZ99990 其他工商服務業；ZZ99999 除許可業務外，得經營法令非禁止或限制之業務,臺北市,變更,11505
28851516,家賀建設股份有限公司,臺北市內湖區成功路5段460號14樓,呂敏銘,20000000,97/03/13,115/05/22,改選董事/監察人(一人法人股東指派董事/監察人),H701010 住宅及大樓開發租售業；H701020 工業廠房開發租售業；H701040 特定專業區開發業；H701050 投資興建公共建設業；H701070 區段徵收及市地重劃代辦業；H701060 新市鎮、新社區開發業；H701080 都市更新業；H703090 不動產買賣業；H703100 不動產租賃業；H703110 老人住宅業,臺北市,變更,11505
28852206,統域領導力發展股份有限公司,臺北市大安區泰順街26巷12號1樓,程家瑋,5000000,97/03/17,115/05/21,特殊補正,I103060 管理顧問業；I102010 投資顧問業；I199990 其他顧問服務業；J202010 產業育成業；J303010 雜誌（期刊）出版業；J304010 圖書出版業；J305010 有聲出版業；J601010 藝文服務業；J903020 登山嚮導業；JA05010 留、遊學服務業,臺北市,變更,11505
28853916,天微資訊股份有限公司,臺北市信義區東興路51號10樓,范詠溱,10000000,97/03/21,115/05/19,特殊補正,F113070 電信器材批發業；F118010 資訊軟體批發業；F119010 電子材料批發業；F113050 電腦及事務性機器設備批發業；F213030 電腦及事務性機器設備零售業；F213060 電信器材零售業；F218010 資訊軟體零售業；F219010 電子材料零售業；I301010 資訊軟體服務業；I301020 資料處理服務業,臺北市,變更,11505
28853943,有機互動國際股份有限公司,臺北市大安區仁愛路3段17號2樓,林慧修,23360000,97/03/24,115/05/21,特殊補正,E605010 電腦設備安裝業；E701010 通信工程業；F118010 資訊軟體批發業；F209060 文教、樂器、育樂用品零售業；F218010 資訊軟體零售業；F401010 國際貿易業；I105010 藝術品諮詢顧問業；I301010 資訊軟體服務業；I301020 資料處理服務業；I301030 電子資訊供應服務業,臺北市,變更,11505
28855007,鐿大企業股份有限公司,臺北市南港區三重路95號1樓,林奮瑞,10000000,97/03/26,115/05/22,特殊補正,ZZ99999 除許可業務外，得經營法令非禁止或限制之業務,臺北市,變更,11505
28855196,北雲科技股份有限公司,臺北市信義區松德路171號19樓之1,周秀娟,1000000,97/03/27,115/05/29,公司印鑑變更,J202010 產業育成業；J304010 圖書出版業；JA05010 留、遊學服務業；I103060 管理顧問業；I199990 其他顧問服務業；JD01010 工商徵信服務業；I301020 資料處理服務業；I301010 資訊軟體服務業；I301030 電子資訊供應服務業；IZ15010 市場研究及民意調查業,臺北市,變更,11505
28855463,美陶有限公司,臺北市文山區下崙路11巷15號1樓,戴玉芳,10000000,97/03/27,115/05/06,股東出資轉讓修正章程,F111090 建材批發業；F211010 建材零售業；F106010 五金批發業；F206010 五金零售業；F120010 耐火材料批發業；F220010 耐火材料零售業；F117010 消防安全設備批發業；F217010 消防安全設備零售業；F105050 家具、寢具、廚房器具、裝設品批發業；F205040 家具、寢具、廚房器具、裝設品零售業,臺北市,變更,11505
28856744,銓緯科技股份有限公司,臺北市松山區民生東路3段128號12樓,林全馳,3000000,97/04/01,115/05/22,特殊補正,E605010 電腦設備安裝業；E701010 通信工程業；F113020 電器批發業；F113050 電腦及事務性機器設備批發業；F113070 電信器材批發業；F118010 資訊軟體批發業；F119010 電子材料批發業；F213010 電器零售業；F213030 電腦及事務性機器設備零售業；F213060 電信器材零售業,臺北市,變更,11505
28857292,若水數位評價股份有限公司,臺北市大安區信義路3段170號8樓之1,呂孟庭,5000000,97/04/02,115/05/05,特殊補正,JD01010 工商徵信服務業；JZ99050 仲介服務業；I102010 投資顧問業；I103060 管理顧問業；I301010 資訊軟體服務業；H201010 一般投資業；F601010 智慧財產權業；ZZ99999 除許可業務外，得經營法令非禁止或限制之業務,臺北市,變更,11505
28857531,鯨崴國際運通有限公司,臺北市中山區南京東路2段140號5樓,鄒耀霆,12500000,97/04/03,115/05/18,減少所營事業變更修正章程,G405010 貨櫃出租業；G801010 倉儲業；F401010 國際貿易業；IZ06010 理貨包裝業；ZZ99999 除許可業務外，得經營法令非禁止或限制之業務,臺北市,變更,11505
28857835,漾起整合行銷有限公司,臺北市大安區安和路2段92號地下1樓,張曉佩,3000000,97/04/03,115/05/08,特殊補正,E603090 照明設備安裝工程業；E801010 室內裝潢業；E605010 電腦設備安裝業；E601020 電器安裝業；F601010 智慧財產權業；I503010 景觀、室內設計業；I504010 花藝設計業；I301010 資訊軟體服務業；I301030 電子資訊供應服務業；I301020 資料處理服務業,臺北市,變更,11505
28859480,臻榮投資股份有限公司,臺北市松山區民生東路5段165號14樓之6,陳依琳,10000000,97/04/11,115/05/29,改選董事/監察人(一人法人股東指派董事/監察人),H201010 一般投資業,臺北市,變更,11505
28859593,肇鶴投資股份有限公司,臺北市松山區民生東路5段165號14樓之6,陳湛文,10000000,97/04/11,115/05/29,改選董事/監察人(一人法人股東指派董事/監察人),H201010 一般投資業,臺北市,變更,11505
28861697,元策投資股份有限公司,臺北市松山區復興北路101號8樓之8,林美金,1000000,97/04/18,115/05/08,改選董事/監察人(一人法人股東指派董事/監察人),H201010 一般投資業,臺北市,變更,11505
28861845,台灣蘇富比國際房地產股份有限公司,臺北市松山區復興北路99號6樓,林逸釗,350000000,97/04/18,115/05/25,特殊補正,H701020 工業廠房開發租售業；H701040 特定專業區開發業；H701050 投資興建公共建設業；H701060 新市鎮、新社區開發業；H701070 區段徵收及市地重劃代辦業；H701080 都市更新重建業；H701090 都市更新整建維護業；H702010 建築經理業；H703090 不動產買賣業；H703100 不動產租賃業,臺北市,變更,11505
28862112,日出有限公司,臺北市大同區重慶北路3段9巷22號,呂庭萱,3000000,97/04/21,115/05/25,公司所在地,I501010 產品設計業；I103060 管理顧問業；F299990 其他零售業；F199990 其他批發業；F401010 國際貿易業；E801010 室內裝潢業；F211010 建材零售業；ZZ99999 除許可業務外，得經營法令非禁止或限制之業務,臺北市,變更,11505
28867572,群哲股份有限公司,臺北市士林區至善路2段3之1號2樓,邱柏瑜,185000000,97/05/09,115/05/11,變更組織,H703090 不動產買賣業；H703100 不動產租賃業；F401010 國際貿易業；ZZ99999 除許可業務外，得經營法令非禁止或限制之業務,臺北市,變更,11505
28868143,俊達資本股份有限公司,臺北市中山區民生東路1段78號9樓,杜致豪,5000000,97/05/12,115/05/22,特殊補正,I102010 投資顧問業；ZZ99999 除許可業務外，得經營法令非禁止或限制之業務,臺北市,變更,11505
28868734,欣天河廣告股份有限公司,臺北市大安區敦化南路1段205號2樓之8,吳曉菁,2000000,97/05/14,115/05/21,公司所在地,F301010 百貨公司業；F399040 無店面零售業；F401010 國際貿易業；I103060 管理顧問業；I301010 資訊軟體服務業；I301020 資料處理服務業；I301030 電子資訊供應服務業；I401010 一般廣告服務業；I401020 廣告傳單分送業；I501010 產品設計業,臺北市,變更,11505
28886487,康禾資訊有限公司,臺北市信義區松仁路308巷9號,,500000,96/11/28,115/05/14,解散,F113070 電信器材批發業；F118010 資訊軟體批發業；F401010 國際貿易業；I301010 資訊軟體服務業；I301020 資料處理服務業；I301030 電子資訊供應服務業；I401010 一般廣告服務業；E605010 電腦設備安裝業；ZZ99999 除許可業務外，得經營法令非禁止或限制之業務,臺北市,變更,11505
28905506,賀泰奈米科技有限公司,臺北市松山區八德路4段699號5樓之3,陳韋豪,5000000,96/12/28,115/05/27,改推董事/董事長,F401010 國際貿易業；F113050 電腦及事務性機器設備批發業；F119010 電子材料批發業；F108040 化粧品批發業；F208040 化粧品零售業；F208050 乙類成藥零售業；F213010 電器零售業；F113020 電器批發業；I401010 一般廣告服務業；I501010 產品設計業,臺北市,變更,11505
28909480,閎揚國際拓展有限公司,臺北市大同區寧夏路2號,王振威,10000000,97/01/08,115/05/28,改推董事/董事長,CA01050 鋼材二次加工業；CA01070 廢車船解體及廢鋼鐵五金處理業；CA01100 鋁材軋延、伸線、擠型業；CA01130 銅材軋延、伸線、擠型業；CA02010 金屬結構及建築組件製造業；CA02030 螺絲、螺帽、螺絲釘、及鉚釘等製品製造業；CA03010 熱處理業；CA04010 表面處理業；CC01010 發電、輸電、配電機械製造業；CC01020 電線及電纜製造業,臺北市,變更,11505
28947745,久禾亞國際有限公司,臺北市大安區復興南路1段222號9樓,高咨凱,5000000,97/03/21,115/05/05,申登機關變更（遷入，含卷）,F108031 醫療器材批發業；F208031 醫療器材零售業；F108040 化粧品批發業；F113050 電腦及事務性機器設備批發業；F203010 食品什貨、飲料零售業；F206020 日常用品零售業；F209060 文教、樂器、育樂用品零售業；F213030 電腦及事務性機器設備零售業；F401010 國際貿易業；F601010 智慧財產權業,臺北市,變更,11505
28982453,印度商威普羅股份有限公司,臺北市信義區忠孝東路四段529號14樓,張良中,5000000,98/08/18,115/05/05,本公司董事及其他負責人變更,I301010 資訊軟體服務業；I301020 資料處理服務業；I301030 電子資訊供應服務業；J399010 軟體出版業；JE01010 租賃業；I501010 產品設計業；F118010 資訊軟體批發業；F218010 資訊軟體零售業；F113050 電腦及事務性機器設備批發業；F213030 電腦及事務性機器設備零售業,臺北市,變更,11505
28984305,美商安瑞科技股份有限公司,臺北市內湖區內湖路1段246號5樓,連建欽,0,98/09/30,115/05/14,改派在中華民國境內代表人,,臺北市,變更,11505
28996941,香港商聚辰半導體進出口(香港)有限公司,臺北市大安區忠孝東路四段319號5樓之2,李溱榛,0,99/06/17,115/05/05,一般補正案,,臺北市,變更,11505
29035909,小智研發股份有限公司,臺北市大安區敦化南路2段97號2樓,黃謙智,260000000,97/06/12,115/05/13,特殊補正,I103060 管理顧問業；I199990 其他顧問服務業；I501010 產品設計業；I503010 景觀、室內設計業；I599990 其他設計業；IG02010 研究發展服務業；F111090 建材批發業；F119010 電子材料批發業；F199990 其他批發業；F211010 建材零售業,臺北市,變更,11505
29038413,油桐花坊建設股份有限公司,臺北市松山區南京東路4段164號10樓之4,李孝盛,60000000,97/06/23,115/05/05,改選董事/監察人(一人法人股東指派董事/監察人),H701010 住宅及大樓開發租售業；H701020 工業廠房開發租售業；H701030 殯葬場所開發租售業；H701040 特定專業區開發業；H701050 投資興建公共建設業；H701060 新市鎮、新社區開發業；H701070 區段徵收及市地重劃代辦業；H701080 都市更新重建業；H703090 不動產買賣業；H703100 不動產租賃業,臺北市,變更,11505
29038455,豪亞國際實業有限公司,臺北市內湖區瑞光路76巷101號,邱建豪,10200000,97/06/23,115/05/19,增資,F401171 酒類輸入業；F102030 菸酒批發業；F102040 飲料批發業；F102170 食品什貨批發業；F106020 日常用品批發業；F203020 菸酒零售業；F203010 食品什貨、飲料零售業；F206020 日常用品零售業；F401010 國際貿易業；F114010 汽車批發業,臺北市,變更,11505
29040641,創達工程有限公司,臺北市內湖區陽光街92巷18弄6號1樓,張煥杰,1000000,97/06/30,115/05/06,特殊補正,E801010 室內裝潢業；E801030 室內輕鋼架工程業；E901010 油漆工程業；E903010 防蝕、防銹工程業；EZ09010 靜電防護及消除工程業；EZ11010 球場跑道樹脂材料鋪設工程業；EZ99990 其他工程業；ZZ99999 除許可業務外，得經營法令非禁止或限制之業務；F113010 機械批發業；F113030 精密儀器批發業,臺北市,變更,11505
29040754,異數風格旅行社股份有限公司,臺北市中山區錦州街28號5樓,陳意琇,24000000,97/07/01,115/05/27,補選董事(常務董事.董事長)/監察人,J902011 旅行業,臺北市,變更,11505
29042710,捷米科技股份有限公司,臺北市內湖區內湖路1段285巷69弄49號,古宗翰,10000000,97/07/07,115/05/26,改選董事/監察人(一人法人股東指派董事/監察人),I301020 資料處理服務業；I301030 電子資訊供應服務業；E603010 電纜安裝工程業；E605010 電腦設備安裝業；I301010 資訊軟體服務業；F113110 電池批發業；F118010 資訊軟體批發業；F213030 電腦及事務性機器設備零售業；F218010 資訊軟體零售業；F219010 電子材料零售業,臺北市,變更,11505
29042839,鼎原科技股份有限公司,臺北市內湖區安康路20號3樓之1,許恆壽,100000000,97/07/08,115/05/13,特殊補正,F109070 文教、樂器、育樂用品批發業；F113010 機械批發業；F113030 精密儀器批發業；F113050 電腦及事務性機器設備批發業；F118010 資訊軟體批發業；F119010 電子材料批發業；F401010 國際貿易業；E603050 自動控制設備工程業；E605010 電腦設備安裝業；I301010 資訊軟體服務業,臺北市,變更,11505
29049930,新寧國際物流有限公司,臺北市中山區長安東路2段108號4樓之6,梁大華,10000000,97/08/04,115/05/08,特殊補正,G601011 航空貨運承攬業；ZZ99999 除許可業務外，得經營法令非禁止或限制之業務,臺北市,變更,11505
29052651,逸新國際股份有限公司,臺北市中山區松江路289之910號,李育家,20000000,97/08/15,115/05/19,改選董事/監察人(一人法人股東指派董事/監察人),F401010 國際貿易業；ZZ99999 除許可業務外，得經營法令非禁止或限制之業務,臺北市,變更,11505
29056761,帝國菸草股份有限公司,臺北市中山區民生東路3段2號6樓之2,廖子晴,5000000,97/09/02,115/05/05,改派董事/監察人,I103060 管理顧問業；I401010 一般廣告服務業；F102030 菸酒批發業；F199990 其他批發業；F203020 菸酒零售業；F299990 其他零售業；F401010 國際貿易業；ZZ99999 除許可業務外，得經營法令非禁止或限制之業務,臺北市,變更,11505
29056782,希羅亞雲端國際行銷有限公司,臺北市大安區復興南路1段137號14樓之3,戴勝通,2000000,97/09/02,115/05/20,股東出資轉讓修正章程,F106020 日常用品批發業；F206020 日常用品零售業；F401010 國際貿易業；I102010 投資顧問業；I103060 管理顧問業；F102170 食品什貨批發業；F109070 文教、樂器、育樂用品批發業；F203010 食品什貨、飲料零售業；F209060 文教、樂器、育樂用品零售業；F601010 智慧財產權業,臺北市,變更,11505
29059660,寶萊祥股份有限公司,臺北市中正區新生南路1段54巷12號,許奕偉,129310000,97/09/15,115/05/13,改選董事/監察人(一人法人股東指派董事/監察人),H201010 一般投資業；H703090 不動產買賣業；H703100 不動產租賃業；ZZ99999 除許可業務外，得經營法令非禁止或限制之業務,臺北市,變更,11505
29064256,永育國際股份有限公司,臺北市大安區信義路4段267號8樓,卓垣甫,17028000,97/10/07,115/05/07,改選董事/監察人(一人法人股東指派董事/監察人),F113050 電腦及事務性機器設備批發業；F118010 資訊軟體批發業；F213030 電腦及事務性機器設備零售業；F218010 資訊軟體零售業；I301010 資訊軟體服務業；I301020 資料處理服務業；I301030 電子資訊供應服務業；I501010 產品設計業；J202010 產業育成業；JA05010 留、遊學服務業,臺北市,變更,11505
29072241,合誼工程有限公司,臺北市大安區復興南路1段243號6樓,王興財,300000,98/06/24,115/05/29,公司所在地,E599010 配管工程業；E601020 電器安裝業；E801010 室內裝潢業；E901010 油漆工程業；F111090 建材批發業；ZZ99999 除許可業務外，得經營法令非禁止或限制之業務,臺北市,變更,11505
29077581,敏敬科技有限公司,臺北市信義區和平東路3段207巷8號1樓,陳岳鋐,10000000,98/07/14,115/05/08,特殊補正,C302010 織布業；C305010 印染整理業；C306010 成衣業；C804990 其他橡膠製品製造業；C307010 服飾品製造業；CC01040 照明設備製造業；E603090 照明設備安裝工程業；F102170 食品什貨批發業；F104110 布疋、衣著、鞋、帽、傘、服飾品批發業；F105050 家具、寢具、廚房器具、裝設品批發業,臺北市,變更,11505
29079981,萭寰生態材有限公司,臺北市中山區南京東路3段101號4樓,蘇曼筑,5000000,98/07/23,115/05/11,增資,A102080 園藝服務業；EZ99990 其他工程業；F101100 花卉批發業；F104110 布疋、衣著、鞋、帽、傘、服飾品批發業；F107200 化學原料批發業；F108040 化粧品批發業；F111090 建材批發業；F201070 花卉零售業；F204110 布疋、衣著、鞋、帽、傘、服飾品零售業；F208040 化粧品零售業,臺北市,變更,11505
29096118,台塑鋰鐵材料科技股份有限公司,臺北市內湖區南京東路6段380號9樓,劉慧啟,1960035000,97/05/20,115/05/13,改選董事/監察人(一人法人股東指派董事/監察人),C801010 基本化學工業；C901010 陶瓷及陶瓷製品製造業；CA05010 粉末冶金業；F106050 陶瓷玻璃器皿批發業；F107200 化學原料批發業；F113010 機械批發業；F113030 精密儀器批發業；F113110 電池批發業；F119010 電子材料批發業；F207200 化學原料零售業,臺北市,變更,11505
29106642,台灣三勝國際有限公司,臺北市大安區忠孝東路3段303號2樓之2,江雅琴,2500000,97/06/05,115/05/06,補繳規費,ZZ99999 除許可業務外，得經營法令非禁止或限制之業務；F104110 布疋、衣著、鞋、帽、傘、服飾品批發業；F106020 日常用品批發業；F204110 布疋、衣著、鞋、帽、傘、服飾品零售業；F206020 日常用品零售業；F401010 國際貿易業,臺北市,變更,11505
29152482,精洲室內裝潢工程有限公司,臺北市中山區松江路330巷46號1樓,梁貴淵,1000000,99/04/28,115/05/06,股東出資轉讓修正章程,E599010 配管工程業；E601010 電器承裝業；E601020 電器安裝業；E801010 室內裝潢業；E801020 門窗安裝工程業；E801030 室內輕鋼架工程業；E801040 玻璃安裝工程業；E801070 廚具、衛浴設備安裝工程業；E901010 油漆工程業；IF02010 用電設備檢測維護業,臺北市,變更,11505
29157108,富裕人生遊覽車客運有限公司,臺北市中山區錦州街46號10樓,陳宣融,86000000,99/05/18,115/05/19,公司所在地,G101051 遊覽車客運業,臺北市,變更,11505
29166839,鍾豫開發股份有限公司,臺北市松山區長安東路2段219號12樓,陳珮玉,11500000,99/06/30,115/05/15,減少所營事業變更修正章程,H201010 一般投資業；ZZ99999 除許可業務外，得經營法令非禁止或限制之業務,臺北市,變更,11505
29168479,大福國際貿易有限公司,臺北市信義區忠孝東路5段669號5樓之1,林明珠,2000000,99/07/08,115/05/20,特殊補正,F102170 食品什貨批發業；F108040 化粧品批發業；F106010 五金批發業；F102020 食用油脂批發業；F102030 菸酒批發業；F102040 飲料批發業；F102050 茶葉批發業；F102180 酒精批發業；F103010 飼料批發業；F104110 布疋、衣著、鞋、帽、傘、服飾品批發業,臺北市,變更,11505
29176695,速博康科技股份有限公司,臺北市南港區園區街3號15樓,林明男,88800000,99/08/17,115/05/26,增資(資本總額),CC01110 電腦及其週邊設備製造業；CC01120 資料儲存媒體製造及複製業；CC01990 其他電機及電子機械器材製造業；F113050 電腦及事務性機器設備批發業；F118010 資訊軟體批發業；F119010 電子材料批發業；F213030 電腦及事務性機器設備零售業；F218010 資訊軟體零售業；F219010 電子材料零售業；F401010 國際貿易業,臺北市,變更,11505
29185688,安泰科科技股份有限公司,臺北市松山區敦化北路167號17樓,大西誠,4000000,99/11/05,115/05/14,特殊補正,C801990 其他化學材料製造業；C805020 塑膠膜、袋製造業；C805030 塑膠日用品製造業；C805050 工業用塑膠製品製造業；C805990 其他塑膠製品製造業；F206030 模具零售業；F401010 國際貿易業；C801030 精密化學材料製造業；CC01080 電子零組件製造業；CC01090 電池製造業,臺北市,變更,11505
29508603,大同開發股份有限公司,臺北市中山區中山北路三段22號,張榮華,20800000000,55/06/21,115/05/13,修正章程,H701010 住宅及大樓開發租售業；H701020 工業廠房開發租售業；H701040 特定專業區開發業；H701050 投資興建公共建設業；H701060 新市鎮、新社區開發業；H701070 區段徵收及市地重劃代辦業；H701080 都市更新重建業；H703090 不動產買賣業；H703100 不動產租賃業；I102010 投資顧問業,臺北市,變更,11505
30424666,喬龍企業有限公司,臺北市大安區信義路2段230號5樓之7,陳奕綱,5000000,61/04/13,115/05/07,特殊補正,E801010 室內裝潢業；F105050 家具、寢具、廚房器具、裝設品批發業；F106010 五金批發業；F106020 日常用品批發業；F111090 建材批發業；F205040 家具、寢具、廚房器具、裝設品零售業；F206010 五金零售業；F206020 日常用品零售業；F211010 建材零售業；F399040 無店面零售業,臺北市,變更,11505
30821285,承安實業股份有限公司,臺北市南港區南港路2段97號9樓,陳怡帆,263537200,66/05/03,115/05/15,董事/監察人持股變動報備,IF01010 消防安全設備檢修業；F117010 消防安全設備批發業；F217010 消防安全設備零售業；CB01990 其他機械製造業；CC01040 照明設備製造業；CR01010 瓦斯器材及其零件製造業；E603090 照明設備安裝工程業；E603050 自動控制設備工程業；E603040 消防安全設備安裝工程業；F401010 國際貿易業,臺北市,變更,11505
30862692,頂呱呱股份有限公司,臺北市大安區仁愛路4段337號15樓,史洪法,20000000,67/02/03,115/05/18,特殊補正,F102040 飲料批發業；F106020 日常用品批發業；F107030 清潔用品批發業；F113020 電器批發業；F102050 茶葉批發業；F102170 食品什貨批發業；F121010 食品添加物批發業；F203010 食品什貨、飲料零售業；F201010 農產品零售業；F201020 畜產品零售業,臺北市,變更,11505
30881868,恒偉科技股份有限公司,臺北市文山區羅斯福路6段218號6樓,李明娟,50000000,68/04/07,115/05/04,特殊補正,F113010 機械批發業；E602011 冷凍空調工程業；F213010 電器零售業；F401010 國際貿易業；E605010 電腦設備安裝業；F113020 電器批發業；E604010 機械安裝業；F213080 機械器具零售業；E601010 電器承裝業；E603050 自動控制設備工程業,臺北市,變更,11505
30896412,新構造工程顧問股份有限公司,臺北市大安區仁愛路3段141號4樓,劉賢凱,8200000,68/08/23,115/05/14,特殊補正,I101060 其他工程顧問業(國際觀光飯店規劃、營建技術之開發及管理、室內裝修等工程之諮詢及顧問業務)；I101061 工程技術顧問業(以土木工程科、結構工程科之工程技術事項為限),臺北市,變更,11505
30897600,三曜建設股份有限公司,臺北市中山區南京東路2段206號9樓之1,吳肇強,100000000,68/10/08,115/05/20,改選董事/監察人(一人法人股東指派董事/監察人),H701010 住宅及大樓開發租售業；H701020 工業廠房開發租售業；H701040 特定專業區開發業；H701050 投資興建公共建設業；H701060 新市鎮、新社區開發業；H701070 區段徵收及市地重劃代辦業；H701080 都市更新重建業；H701090 都市更新整建維護業；H702010 建築經理業；H703090 不動產買賣業,臺北市,變更,11505
30914571,沙鷗國際股份有限公司,臺北市信義區基隆路1段159號14樓之1,傅大川,6855000,69/05/06,115/05/18,特殊補正,F109070 文教、樂器、育樂用品批發業；F209060 文教、樂器、育樂用品零售業；J304010 圖書出版業；J305010 有聲出版業；J401010 電影片製作業；J402010 電影片發行業；J503050 錄影節目帶業；J701090 錄影節目帶播映業；ZZ99999 除許可業務外，得經營法令非禁止或限制之業務；F102030 菸酒批發業,臺北市,變更,11505
30922489,富聚保實業有限公司,臺北市南港區玉成街184巷3號12樓之1,鄭敏治,5000000,69/08/01,115/05/19,特殊補正,,臺北市,變更,11505
30925562,仲量聯行股份有限公司,臺北市信義區信義路5段7號20樓之1,Alexander Thomas BARNES,13500000,69/09/06,115/05/05,特殊補正,H701010 住宅及大樓開發租售業；H701020 工業廠房開發租售業；H701040 特定專業區開發業；H702010 建築經理業；H703090 不動產買賣業；H703100 不動產租賃業；H704031 不動產仲介經紀業；I102010 一般投資顧問業；I103060 管理顧問業；I503010 景觀設計業,臺北市,變更,11505
30957326,天應企業股份有限公司,臺北市大安區和平東路2段53巷2號8樓,吳天放,20000000,70/08/20,115/05/22,特殊補正,E501011 自來水管承裝商；E599010 配管工程業；E601010 電器承裝業；E601020 電器安裝業；E603010 電纜安裝工程業；E603040 消防安全設備安裝工程業；E603050 自動控制設備工程業；E603090 照明設備安裝工程業；E604010 機械安裝業；E605010 電腦設備安裝業,臺北市,變更,11505
30969364,誌鋒實業股份有限公司,臺北市大安區新生南路1段137巷14號1樓,許昭鋒,69000000,71/03/15,115/05/26,改選董事/監察人(一人法人股東指派董事/監察人),,臺北市,變更,11505
31119290,東盟貨運物流有限公司,臺北市中山區新生北路1段65之3號,林黃娟鋒,20000000,68/07/20,115/05/18,特殊補正,G101061 汽車貨運業；G801010 倉儲業；EZ02010 起重工程業；IZ06010 理貨包裝業；IZ12010 人力派遣業；J101990 其他環境衛生及污染防治服務業；ZZ99999 除許可業務外，得經營法令非禁止或限制之業務,臺北市,變更,11505
31141602,富強工程股份有限公司,臺北市松山區健康路325巷24弄1號1樓,葉至皓,5000000,69/12/17,115/05/21,特殊補正,F117010 消防安全設備批發業；F217010 消防安全設備零售業；IF01010 消防安全設備檢修業；E502010 燃料導管安裝工程業；E599010 配管工程業；E601010 電器承裝業；E605010 電腦設備安裝業；E701010 電信工程業；I503010 景觀、室內設計業；E603130 燃氣熱水器承裝業,臺北市,變更,11505
31276050,成台股份有限公司,臺北市士林區士商路40巷1號1樓,林月霞,271000000,65/12/09,115/05/22,董事/監察人地址變更,A101020 農作物栽培業；A101030 特用作物栽培業；A101040 食用菌菇類栽培業；A101050 花卉栽培業；A102020 農產品整理業；A102080 園藝服務業；A199990 其他農業；A201010 造林業；A201040 森林遊樂區經營業；A202010 野生物採取業,臺北市,變更,11505
31322097,必昇企業有限公司,臺北市士林區重慶北路4段199號1樓,吳俊翰,5000000,73/04/17,115/05/11,補繳規費,,臺北市,變更,11505
33111800,光隆實業股份有限公司,臺北市大安區敦化南路二段105號16樓,詹賀博,1505791510,55/03/04,115/05/25,認股憑證換發新股,CJ01010 製帽業；C306010 成衣業；F401030 製造輸出業；F104040 皮包、手提袋、皮箱批發業；F104060 寢具批發業；F204040 皮包、手提袋、皮箱零售業；F204060 寢具零售業,臺北市,變更,11505
33228323,飛龍文具股份有限公司,臺北市中山區松江路168號12樓,服部泰久,50000000,57/05/08,115/05/28,法人股東更名、國籍、地址變更,CH01030 文具製造業。；F109020 文具批發業。；F113010 機械批發業。；F209010 書籍、文具零售業。；F213080 機械器具零售業。；F401010 國際貿易業。；ZZ99999 除許可業務外，得經營法令非禁止或限制之業務,臺北市,變更,11505
33653494,聯發紡織纖維股份有限公司,臺北市大同區玉泉里環河北路一段73號5樓之5,葉清澤,3586289070,61/12/11,115/05/26,修正章程,C301010 紡紗業；C302010 織布業；C801120 人造纖維製造業；F401010 國際貿易業；H701010 住宅及大樓開發租售業；H701020 工業廠房開發租售業；H201010 一般投資業；ZZ99999 除許可業務外，得經營法令非禁止或限制之業務,臺北市,變更,11505
33826307,興業醬菜股份有限公司,臺北市文山區景文街187號,劉怡德,20000000,66/05/26,115/05/21,特殊補正,C501040 組合木材製造業；F105050 家具、寢具、廚房器具、裝設品批發業；F205040 家具、寢具、廚房器具、裝設品零售業；C103050 罐頭、冷凍、脫水及醃漬食品製造業；F102170 食品什貨批發業；F203010 食品什貨、飲料零售業；H701010 住宅及大樓開發租售業；H703100 不動產租賃業；ZZ99999 除許可業務外，得經營法令非禁止或限制之業務,臺北市,變更,11505
34113572,寶福欣通運股份有限公司,臺北市中山區長春路172號8樓之10,簡維弘,100000000,65/08/07,115/05/13,公司所在地,G101051 遊覽車客運業；G202010 停車場經營業；F114010 汽車批發業；F114030 汽、機車零件配備批發業；F114050 車胎批發業；F114990 其他交通運輸工具及其零件批發業；F214010 汽車零售業；F214030 汽、機車零件配備零售業；F214050 車胎零售業；F214990 其他交通運輸工具及其零件零售業,臺北市,變更,11505
34120412,年升企業有限公司,臺北市大安區敦化南路2段71號5樓,王立顯,20000000,65/09/24,115/05/25,特殊補正,F104110 布疋、衣著、鞋、帽、傘、服飾品批發業；F105050 家具、寢具、廚房器具、裝設品批發業；F204110 布疋、衣著、鞋、帽、傘、服飾品零售業；F205040 家具、寢具、廚房器具、裝設品零售業；F401010 國際貿易業；I301010 資訊軟體服務業；I301030 電子資訊供應服務業；JA02010 電器及電子產品修理業；JA02990 其他修理業；F113020 電器批發業,臺北市,變更,11505
34159400,連服製衣廠股份有限公司,臺北市中山區南京東路2段62號6樓,周欽源,16000000,66/06/01,115/05/06,改選董事/監察人(一人法人股東指派董事/監察人),F104110 布疋、衣著、鞋、帽、傘、服飾品批發業；F111090 建材批發業；F401010 國際貿易業；C306010 成衣業；C399990 其他紡織及製品製造業；H701010 住宅及大樓開發租售業；H701020 工業廠房開發租售業；H703100 不動產租賃業；JE01010 租賃業；ZZ99999 除許可業務外，得經營法令非禁止或限制之業務,臺北市,變更,11505
34176294,欣隆精密壓鑄股份有限公司,臺北市中山區建國北路2段3巷15號5樓,黃振文,300010000,66/10/11,115/05/11,特殊補正,CA01090 鋁鑄造業；F213080 機械器具零售業；CA02010 金屬結構及建築組件製造業；CA02030 螺絲、螺帽、螺絲釘、及鉚釘等製品製造業；CA04010 表面處理業；CB01010 機械設備製造業；CB01020 事務機器製造業；CC01010 發電、輸電、配電機械製造業；CC01030 電器及視聽電子產品製造業；CD01010 船舶及其零件製造業,臺北市,變更,11505
34321086,生康實業有限公司,臺北市內湖區成功路4段30巷9號1樓,劉宏為,5000000,69/05/05,115/05/28,特殊補正,F203010 食品什貨、飲料零售業；F204110 布疋、衣著、鞋、帽、傘、服飾品零售業；F205040 家具、寢具、廚房器具、裝設品零售業；F206020 日常用品零售業；F207050 肥料零售業；F401010 國際貿易業；F207030 清潔用品零售業；F208040 化粧品零售業；F208050 乙類成藥零售業；F213010 電器零售業,臺北市,變更,11505
34528609,雅冠企業有限公司,臺北市松山區基隆路1段10號12樓,唐啟東,5000000,73/02/21,115/05/27,減少所營事業變更修正章程,F119010 電子材料批發業；F401010 國際貿易業；F118010 資訊軟體批發業；F106010 五金批發業；F113010 機械批發業；J101030 廢棄物清除業；J101040 廢棄物處理業；J101990 其他環境衛生及污染防治服務業；F108031 醫療器材批發業；F208031 醫療器材零售業,臺北市,變更,11505
35007514,大眾針織股份有限公司,臺北市內湖區瑞光路583巷23號3樓,黃苑茹,80000000,60/01/23,115/05/14,特殊補正,F104110 布疋、衣著、鞋、帽、傘、服飾品批發業；F105050 家具、寢具、廚房器具、裝設品批發業；C301010 紡紗業；C302010 織布業；C303010 不織布業；C305010 印染整理業；C306010 成衣業；C307010 服飾品製造業；C399990 其他紡織及製品製造業；F401010 國際貿易業,臺北市,變更,11505
35250003,明裕機械股份有限公司,臺北市中山區松江路67號6樓之3,鄭明義,261609850,55/01/14,115/05/29,特殊補正,CB01010 機械設備製造業；CB01030 污染防治設備製造業；CD01030 汽車及其零件製造業；CD01040 機車及其零件製造業；CD01990 其他運輸工具及其零件製造業；E604010 機械安裝業；F113010 機械批發業；F113100 污染防治設備批發業；F114990 其他交通運輸工具及其零件批發業；F213080 機械器具零售業,臺北市,變更,11505
35879829,盛龍企業有限公司,臺北市萬華區西寧南路229號2樓,張燕莉,600000,54/09/25,115/05/20,改推董事/董事長,,臺北市,變更,11505
36057744,全虹企業股份有限公司,臺北市內湖區瑞光路468號5樓,趙憶南,1342800000,70/05/04,115/05/11,改選董事/監察人(一人法人股東指派董事/監察人),CC01070 無線通信機械器材製造業；CC01080 電子零組件製造業；E701020 衛星電視ＫＵ頻道、Ｃ頻道器材安裝業；E701030 電信管制射頻器材裝設工程業；F113050 電腦及事務性機器設備批發業；F113070 電信器材批發業；F119010 電子材料批發業；F213030 電腦及事務性機器設備零售業；F213060 電信器材零售業；F219010 電子材料零售業,臺北市,變更,11505
36524332,前程企業管理股份有限公司,臺北市中正區忠孝西路1段33號7樓,傅和彥,8000000,66/12/30,115/05/21,申登機關變更（遷入，含卷）,,臺北市,變更,11505
36533487,金日實業股份有限公司,臺北市中正區紹興南街5號,李麟添,150000000,67/07/18,115/05/05,特殊補正,E602011 冷凍空調工程業；CB01071 冷凍空調設備製造業；E603110 冷作工程業；E599010 配管工程業；CB01010 機械設備製造業；CD01030 汽車及其零件製造業；CB01990 其他機械製造業；CB01030 污染防治設備製造業；C805070 強化塑膠製品製造業；C901020 玻璃及玻璃製品製造業,臺北市,變更,11505
36546217,三朋工業股份有限公司,臺北市內湖區瑞光路208號3樓,鄭天正,128087200,67/04/10,115/05/05,特殊補正,C801020 石油化工原料製造業；CA01130 銅材軋延、伸線、擠型業；CC01020 電線及電纜製造業；CC01030 電器及視聽電子產品製造業；CC01080 電子零組件製造業；F401010 國際貿易業；F106010 五金批發業；F113020 電器批發業；F119010 電子材料批發業；I103060 管理顧問業,臺北市,變更,11505
38412312,全日通電梯有限公司,臺北市文山區集英街28號,邱彥豪,6000000,71/10/04,115/05/27,特殊補正,E603020 電梯安裝工程業；E603090 照明設備安裝工程業；E604010 機械安裝業；EZ03010 鎔爐安裝業；EZ05010 儀器、儀表安裝工程業；F106010 五金批發業；F106040 水器材料批發業；F113010 機械批發業；F113020 電器批發業；F401010 國際貿易業,臺北市,變更,11505
42385983,合尊股份有限公司,臺北市中山區敬業二路69巷6號7樓之6,汪小菲,300000000,105/07/26,115/05/21,特殊補正,F102170 食品什貨批發業（限中華民國行業標準分類4544 冷凍調理食品批發業、4545 乳製品、蛋及食用油脂批發業、4548咖啡、茶葉及香料批發業及4549其他食品批發業；農產品市場交易法所稱之農產品批發市場除外）；F201020 畜產品零售業（限中華民國行業標準分類4722 肉品零售業；活動物之零售除外）；F401010 國際貿易業（限所登記營業項目對應之輸出入業）；F203020 菸酒零售業（限中華民國行業標準分類4729 其他食品及飲料、菸草製品零售業；藥局、藥房、藥粧店或活動物之零售除外）；F204110 布疋、衣著、鞋、帽、傘、服飾品零售業（限中華民國行業標準分類4731布疋零售業、4732 服裝及其配件零售業、4733 鞋類零售業及4739 其他服飾品零售業）；F205040 家具、寢具、廚房器具、裝設品零售業（限中華民國行業標準分類4742 家具零售業及4743 家飾品零售業）；F501060 餐館業（限中華民國行業標準分類5610餐館業）；F203010 食品什貨、飲料零售業（限中華民國行業標準分類4711 食品飲料為主之綜合商品零售業及4729 其他食品及飲料、菸草製品零售業；藥局、藥房、藥粧店或活動物之零售除外）,臺北市,變更,11505
42571712,樺毅建設股份有限公司,臺北市信義區基隆路1段155號5樓之7,林育謙,30100000,104/06/22,115/05/07,特殊補正,H701010 住宅及大樓開發租售業；H701020 工業廠房開發租售業；H701060 新市鎮、新社區開發業；E801010 室內裝潢業；I503010 景觀、室內設計業；F111090 建材批發業；I401010 一般廣告服務業；H703090 不動產買賣業；H703100 不動產租賃業；I103060 管理顧問業,臺北市,變更,11505
42592293,鴻樂生物科技有限公司,臺北市中山區長安東路2段108號5樓,杜修偉,5100000,104/08/24,115/05/04,增資,F102170 食品什貨批發業；F103010 飼料批發業；F101980 其他動物批發業；F106060 寵物食品及其用品批發業；F107030 清潔用品批發業；F107070 動物用藥品批發業；F108031 醫療器材批發業；F108040 化粧品批發業；F399040 無店面零售業；F401010 國際貿易業,臺北市,變更,11505
42612354,中霖開發投資股份有限公司,臺北市南港區松河街358號3樓,梁嘉玲,540162000,104/06/23,115/05/11,補繳規費,H201010 一般投資業；ZZ99999 除許可業務外，得經營法令非禁止或限制之業務；H701010 住宅及大樓開發租售業；H701050 投資興建公共建設業；H701060 新市鎮、新社區開發業；H701070 區段徵收及市地重劃代辦業；H701080 都市更新重建業；H701090 都市更新整建維護業；H703090 不動產買賣業；H703100 不動產租賃業,臺北市,變更,11505
42612523,長富投資股份有限公司,臺北市大同區西寧北路62之5號7樓,陳曜銘,40000000,104/06/23,115/05/14,特殊補正,H201010 一般投資業,臺北市,變更,11505
42613369,台灣樂高貿易股份有限公司,臺北市信義區忠孝東路4段555之1號11樓,Troy John Taylor,175000000,104/06/25,115/05/20,改選董事/監察人(一人法人股東指派董事/監察人),F104110 布疋、衣著、鞋、帽、傘、服飾品批發業；F109070 文教、樂器、育樂用品批發業；F110010 鐘錶批發業；F113070 電信器材批發業；F204110 布疋、衣著、鞋、帽、傘、服飾品零售業；F209060 文教、樂器、育樂用品零售業；F210010 鐘錶零售業；F213060 電信器材零售業；ZZ99999 除許可業務外，得經營法令非禁止或限制之業務,臺北市,變更,11505
42614352,宇合軒有限公司,臺北市內湖區內湖路1段514號2樓,蔡惠新,31000000,104/06/26,115/05/06,增資,H201010 一般投資業；H701010 住宅及大樓開發租售業；H703090 不動產買賣業；H703100 不動產租賃業；I103060 管理顧問業；F401010 國際貿易業；F104110 布疋、衣著、鞋、帽、傘、服飾品批發業；I501010 產品設計業；F204110 布疋、衣著、鞋、帽、傘、服飾品零售業；F399040 無店面零售業,臺北市,變更,11505
42622775,日台通販國際股份有限公司,臺北市松山區八德路3段34號13樓,岡裕太,500000,104/07/21,115/05/05,改選董事/監察人(一人法人股東指派董事/監察人),ZZ99999 除許可業務外，得經營法令非禁止或限制之業務；F101040 家畜家禽批發業；F101050 水產品批發業；F101130 蔬果批發業；F102030 菸酒批發業；F102040 飲料批發業；F102170 食品什貨批發業；F104110 布疋、衣著、鞋、帽、傘、服飾品批發業；F105050 家具、寢具、廚房器具、裝設品批發業；F106020 日常用品批發業,臺北市,變更,11505
42623388,璽睿創新有限公司,臺北市士林區天母東路59號7樓,呂欣翰,3000000,104/07/22,115/05/15,特殊補正,F104110 布疋、衣著、鞋、帽、傘、服飾品批發業；F105050 家具、寢具、廚房器具、裝設品批發業；F106010 五金批發業；F106020 日常用品批發業；F106040 水器材料批發業；F106050 陶瓷玻璃器皿批發業；F106060 寵物食品及其用品批發業；F109070 文教、樂器、育樂用品批發業；F199990 其他批發業；F401010 國際貿易業,臺北市,變更,11505
42629762,冠亨資產管理股份有限公司,臺北市內湖區民善街128號6樓之1,李冠霆,142800010,104/08/10,115/05/29,改選董事/監察人(一人法人股東指派董事/監察人),H201010 一般投資業；H701010 住宅及大樓開發租售業；H703090 不動產買賣業；H703100 不動產租賃業；HZ02010 金融機構金錢債權收買業務；F401010 國際貿易業；I599990 其他設計業；J601010 藝文服務業；ZZ99999 除許可業務外，得經營法令非禁止或限制之業務,臺北市,變更,11505
42630297,台灣瑞是達供應鏈股份有限公司,臺北市中山區中山北路2段129號9樓,中山重美,13500000,104/08/11,115/05/18,改派董事/監察人,F119010 電子材料批發業；F219010 電子材料零售業；F401010 國際貿易業；I103060 管理顧問業；F107200 化學原料批發業；F207200 化學原料零售業；F206030 模具零售業；F106010 五金批發業；F206010 五金零售業；F106030 模具批發業,臺北市,變更,11505
42631486,寶維開發股份有限公司,臺北市中山區民權東路2段26號11樓之1,陳昭全,10000000,104/08/13,115/05/27,改選董事/監察人(一人法人股東指派董事/監察人),H201010 一般投資業；F114060 船舶及其零件批發業；F214060 船舶及其零件零售業；F401010 國際貿易業；CD01010 船舶及其零件製造業；I101120 造船顧問業；JE01010 租賃業；H703090 不動產買賣業；H703100 不動產租賃業；ZZ99999 除許可業務外，得經營法令非禁止或限制之業務,臺北市,變更,11505
42631704,品尚餐飲股份有限公司,臺北市大安區濟南路3段20號,古珈榕,18000000,104/08/13,115/05/28,特殊補正,C199010 麵條、粉條類食品製造業；C104020 烘焙炊蒸食品製造業；C199030 即食餐食製造業；C199990 未分類其他食品製造業；F501060 餐館業；F501030 飲料店業；F501990 其他餐飲業；F203010 食品什貨、飲料零售業；F203020 菸酒零售業；F401010 國際貿易業,臺北市,變更,11505
42633512,火星小廚有限公司,臺北市內湖區安康路32巷24弄20號1樓,高凱倫,5500000,104/08/20,115/05/12,特殊補正,F201010 農產品零售業；F201020 畜產品零售業；F203010 食品什貨、飲料零售業；F204110 布疋、衣著、鞋、帽、傘、服飾品零售業；F206020 日常用品零售業；F401010 國際貿易業；F501030 飲料店業；F501060 餐館業；C104020 烘焙炊蒸食品製造業；ZZ99999 除許可業務外，得經營法令非禁止或限制之業務,臺北市,變更,11505
42634337,夏爾光譜股份有限公司,臺北市內湖區洲子街63號6樓,詹石印,4285500,104/08/24,115/05/19,減資,CC01080 電子零組件製造業；CC01110 電腦及其週邊設備製造業；F119010 電子材料批發業；F219010 電子材料零售業；F401010 國際貿易業,臺北市,變更,11505
42635357,千渤國際貿易股份有限公司,臺北市南港區重陽路459號,林世國,12000000,104/08/26,115/05/21,改選董事/監察人(一人法人股東指派董事/監察人),F114010 汽車批發業；F114030 汽、機車零件配備批發業；F214010 汽車零售業；F214030 汽、機車零件配備零售業；F401010 國際貿易業；F113010 機械批發業；ZZ99999 除許可業務外，得經營法令非禁止或限制之業務,臺北市,變更,11505
42635498,雅斤科技有限公司,臺北市士林區忠誠路1段147巷8號3樓,,500000,104/08/28,115/05/20,補繳規費,CC01080 電子零組件製造業；F113030 精密儀器批發業；F119010 電子材料批發業；F213040 精密儀器零售業；F219010 電子材料零售業；F401010 國際貿易業；ZZ99999 除許可業務外，得經營法令非禁止或限制之業務,臺北市,變更,11505
42643814,碩河開發股份有限公司,臺北市信義區西村里信義路五段7號24樓,章經鑫,5143680290,104/09/22,115/05/22,一般補正案,HZ02010 金融機構金錢債權收買業務；HZ02020 辦理金融機構金錢債權之評價或拍賣業務；I102010 投資顧問業；I103060 管理顧問業；JZ99050 仲介服務業；F401010 國際貿易業；F299990 其他零售業；F301010 百貨公司業；F301020 超級市場業；F399010 便利商店業,臺北市,變更,11505
42645067,沃塔科技股份有限公司,臺北市中山區龍江路298巷23號2樓,陳奕廷,50000000,104/09/22,115/05/08,特殊補正,J601010 藝文服務業；J602010 演藝活動業；J701040 休閒活動場館業；J701080 水域遊憩活動經營業；J799990 其他休閒服務業；J802010 運動訓練業；J803010 運動表演業；J803020 運動比賽業；J901020 一般旅館業；J903020 登山嚮導業,臺北市,變更,11505
42645117,緯世國際有限公司,臺北市中山區松江路206號6樓之4,湯東嫻,1000000,104/09/22,115/05/11,特殊補正,I103060 管理顧問業；I199990 其他顧問服務業；IZ99990 其他工商服務業；ZZ99999 除許可業務外，得經營法令非禁止或限制之業務；F108040 化粧品批發業；F399040 無店面零售業；F401010 國際貿易業,臺北市,變更,11505
42645209,大盛魁投資股份有限公司,臺北市中山區民生東路2段119號3樓之3,應德煇,10000000,104/09/22,115/05/21,改選董事/監察人(一人法人股東指派董事/監察人),H201010 一般投資業；I102010 投資顧問業；I103060 管理顧問業；ZZ99999 除許可業務外，得經營法令非禁止或限制之業務,臺北市,變更,11505
42645904,大華銀證券投資信託股份有限公司,臺北市松山區民生東路3段109號15樓,張文傑,374675760,104/09/24,115/05/25,董事(常務董事.董事長)/監察人解任,H303011 證券投資信託業；H304011 證券投資顧問業,臺北市,變更,11505
42655254,威曼資本股份有限公司,臺北市大安區信義路4段279號8樓,林以山,20000000,104/10/23,115/05/14,票據兌現/他機關函復/補正,I102010 投資顧問業；I199990 其他顧問服務業；I301030 電子資訊供應服務業；IZ04010 翻譯業；IZ12010 人力派遣業；H201010 一般投資業；H202010 創業投資業；H703090 不動產買賣業；H703100 不動產租賃業；J601010 藝文服務業,臺北市,變更,11505
42660051,健康是一股份有限公司,臺北市北投區承德路6段120號4樓,蘇炳旭,1000000,104/11/05,115/05/06,特殊補正,I103060 管理顧問業；I199990 其他顧問服務業；IG01010 生物技術服務業；F207030 清潔用品零售業；F208040 化粧品零售業；F208050 乙類成藥零售業；F399040 無店面零售業；F108040 化粧品批發業；F102170 食品什貨批發業；F401010 國際貿易業,臺北市,變更,11505
42680198,百碩企管顧問股份有限公司,臺北市松山區南京東路5段188號3樓之7,洪麗卿,7120000,104/12/10,115/05/25,特殊補正,F501990 其他餐飲業；ZZ99999 除許可業務外，得經營法令非禁止或限制之業務；H201010 一般投資業；H202010 創業投資業；H703100 不動產租賃業；HZ99990 其他金融、保險及不動產業；I102010 投資顧問業；I103060 管理顧問業；I199990 其他顧問服務業；IZ99990 其他工商服務業,臺北市,變更,11505
42709456,驚喜製造股份有限公司,臺北市中山區玉門街1號,林業軒,14700000,105/02/05,115/05/25,特殊補正,F401010 國際貿易業；J601010 藝文服務業；J602010 演藝活動業；JB01010 會議及展覽服務業；JE01010 租賃業；ZZ99999 除許可業務外，得經營法令非禁止或限制之業務；F501060 餐館業,臺北市,變更,11505
42710101,登新有限公司,臺北市中山區南京東路1段86號7樓之3,賀淑婷,500000,105/02/19,115/05/07,公司所在地,F104110 布疋、衣著、鞋、帽、傘、服飾品批發業；F105050 家具、寢具、廚房器具、裝設品批發業；F106010 五金批發業；F106020 日常用品批發業；F106050 陶瓷玻璃器皿批發業；F106060 寵物食品及其用品批發業；F108040 化粧品批發業；F109070 文教、樂器、育樂用品批發業；F401010 國際貿易業,臺北市,變更,11505
42710593,藝偲設計有限公司,臺北市中山區長春路20號8樓,林藝展,1500000,105/02/22,115/05/19,公司所在地,I501010 產品設計業；I105010 藝術品諮詢顧問業；I401010 一般廣告服務業；I401020 廣告傳單分送業；I503010 景觀、室內設計業；I504010 花藝設計業；I599990 其他設計業；IZ12010 人力派遣業；J304010 圖書出版業；J601010 藝文服務業,臺北市,變更,11505
42723838,一一生活設計有限公司,臺北市中山區建國北路3段92號4樓,李衍逸,1000000,107/05/18,115/05/14,特殊補正,F104110 布疋、衣著、鞋、帽、傘、服飾品批發業；F105050 家具、寢具、廚房器具、裝設品批發業；F106010 五金批發業；F106020 日常用品批發業；F106040 水器材料批發業；F106050 陶瓷玻璃器皿批發業；F107030 清潔用品批發業；F107190 塑膠膜、袋批發業；F109070 文教、樂器、育樂用品批發業；F113010 機械批發業,臺北市,變更,11505
42728030,鉅資興業有限公司,臺北市大安區忠孝東路4段148號7樓之5,賴彥甫,12000000,107/06/05,115/05/08,特殊補正,I102010 一般投資顧問業；I103060 管理顧問業；I199990 其他顧問服務業；ZZ99999 除許可業務外，得經營法令非禁止或限制之業務；CC01110 電腦及其週邊設備製造業；CC01120 資料儲存媒體製造及複製業；CC01990 其他電機及電子機械器材製造業；E605010 電腦設備安裝業；F109070 文教、樂器、育樂用品批發業；F113050 電腦及事務性機器設備批發業,臺北市,變更,11505
42728658,鎔鏵國際有限公司,臺北市松山區南京東路5段66巷2弄5號,康培容,2000000,107/06/07,115/05/29,特殊補正,F114010 汽車批發業；F114030 汽、機車零件配備批發業；F114050 車胎批發業；F214010 汽車零售業；F214030 汽、機車零件配備零售業；F214050 車胎零售業；F401010 國際貿易業；JA01010 汽車修理業；JA01990 其他汽車服務業；ZZ99999 除許可業務外，得經營法令非禁止或限制之業務,臺北市,變更,11505
42731870,茂發國際貿易物流有限公司,臺北市信義區基隆路1段149號6樓,陳筱雲,5500000,107/06/22,115/05/12,特殊補正,F102020 食用油脂批發業；F102030 菸酒批發業；F102040 飲料批發業；F102050 茶葉批發業；F102170 食品什貨批發業；F104110 布疋、衣著、鞋、帽、傘、服飾品批發業；F105050 家具、寢具、廚房器具、裝設品批發業；F106010 五金批發業；F106020 日常用品批發業；F106030 模具批發業,臺北市,變更,11505
42745869,凌網全球科技股份有限公司,臺北市中正區重慶南路2段51號5樓,張英偉,180000000,104/11/09,115/05/07,改選董事/監察人(一人法人股東指派董事/監察人),I103060 管理顧問業；I301010 資訊軟體服務業；I301020 資料處理服務業；I301030 電子資訊供應服務業；CC01070 無線通信機械器材製造業；CC01110 電腦及其週邊設備製造業；E605010 電腦設備安裝業；E701030 電信管制射頻器材裝設工程業；F109070 文教、樂器、育樂用品批發業；F113050 電腦及事務性機器設備批發業,臺北市,變更,11505
42756204,王座國際餐飲股份有限公司,臺北市信義區基隆路2段51號4樓之2,王耀輝,197650000,104/12/14,115/05/20,認股憑證換發新股,F208040 化粧品零售業；F108040 化粧品批發業；F401010 國際貿易業；F102170 食品什貨批發業；F301020 超級市場業；F201070 花卉零售業；F101100 花卉批發業；F106050 陶瓷玻璃器皿批發業；F102040 飲料批發業；F102050 茶葉批發業,臺北市,變更,11505
42814605,構思網路科技有限公司,臺北市信義區光復南路495號4樓,張聿瑋,63269750,107/03/31,115/05/29,特殊補正,F118010 資訊軟體批發業；F218010 資訊軟體零售業；F399040 無店面零售業；F401010 國際貿易業；I102010 投資顧問業；I103060 管理顧問業；I199990 其他顧問服務業；I301010 資訊軟體服務業；I301020 資料處理服務業；I301030 電子資訊供應服務業,臺北市,變更,11505
42822909,協旺國際投資股份有限公司,臺北市中正區羅斯福路2段102號11樓之1,宋建淮,7100000,104/11/16,115/05/18,發行新股,H201010 一般投資業,臺北市,變更,11505
42823409,板龍投資股份有限公司,臺北市松山區南京東路3段305號11樓,李翼文,205002000,104/11/16,115/05/26,特殊補正,H201010 一般投資業,臺北市,變更,11505
42823512,美杉工業股份有限公司,臺北市中山區松江路82號11樓之1,賴茂鴻,28000000,104/11/17,115/05/14,特殊補正,F106010 五金批發業；F206010 五金零售業；F113010 機械批發業；F113050 電腦及事務性機器設備批發業；F119010 電子材料批發業；F213030 電腦及事務性機器設備零售業；F213080 機械器具零售業；F219010 電子材料零售業；F401010 國際貿易業；E601010 電器承裝業,臺北市,變更,11505
42826052,龍昊整合行銷有限公司,臺北市中正區懷寧街76號1樓,李振賢,1000000,104/11/23,115/05/05,補繳規費,F104110 布疋、衣著、鞋、帽、傘、服飾品批發業；F109070 文教、樂器、育樂用品批發業；F204110 布疋、衣著、鞋、帽、傘、服飾品零售業；F209060 文教、樂器、育樂用品零售業；F399040 無店面零售業；F401010 國際貿易業；F601010 智慧財產權業；I103060 管理顧問業；I199990 其他顧問服務業；I401010 一般廣告服務業,臺北市,變更,11505
42828919,如時公關顧問有限公司,臺北市中山區民權東路2段46號8樓之2,胡釗維,1000000,104/12/01,115/05/04,減少所營事業變更修正章程,H703090 不動產買賣業；H703100 不動產租賃業；I102010 投資顧問業；I103060 管理顧問業；I199990 其他顧問服務業；I301010 資訊軟體服務業；I301020 資料處理服務業；I301030 電子資訊供應服務業；I401010 一般廣告服務業；I501010 產品設計業,臺北市,變更,11505
42833429,亞克力有限公司,臺北市中山區南京東路2段140號6樓,黃彥愷,1000000,104/12/16,115/05/27,特殊補正,F106020 日常用品批發業；F107200 化學原料批發業；F107990 其他化學製品批發業；F113010 機械批發業；F113110 電池批發業；F113990 其他機械器具批發業；F206020 日常用品零售業；F207200 化學原料零售業；F207990 其他化學製品零售業；F213080 機械器具零售業,臺北市,變更,11505
42833743,大安九號有限公司,臺北市大安區仁愛路4段27巷9號,謝嘉入,15000000,104/12/17,115/05/11,股東出資轉讓修正章程,F102170 食品什貨批發業；F203010 食品什貨、飲料零售業；F501030 飲料店業；F401010 國際貿易業；F501060 餐館業；ZZ99999 除許可業務外，得經營法令非禁止或限制之業務,臺北市,變更,11505
42834145,卓見投資有限公司,臺北市大安區忠孝東路4段270號10樓之2,張啓城,5000000,104/12/18,115/05/13,股東出資轉讓修正章程,H201010 一般投資業；ZZ99999 除許可業務外，得經營法令非禁止或限制之業務；H202010 創業投資業；H703090 不動產買賣業；H703100 不動產租賃業；H703120 自助儲物空間業；G801010 倉儲業；H701010 住宅及大樓開發租售業；H701020 工業廠房開發租售業；JE01010 租賃業,臺北市,變更,11505
42835186,台灣葡萄子傳媒科技股份有限公司,臺北市信義區基隆路1段206號18樓,陳佑祥,10000000,104/12/23,115/05/26,特殊補正,I301010 資訊軟體服務業；I301020 資料處理服務業；I301030 電子資訊供應服務業；I401010 一般廣告服務業；I501010 產品設計業；J202010 產業育成業；J303010 雜誌（期刊）出版業；J304010 圖書出版業；J305010 有聲出版業；J399010 軟體出版業,臺北市,變更,11505
42835860,昂樂寵物精品有限公司,臺北市中山區長春路19號5樓,陳斐暄,400000,104/12/24,115/05/12,特殊補正,C201020 寵物食品製造業；F103010 飼料批發業；F106060 寵物食品及其用品批發業；F107030 清潔用品批發業；F199990 其他批發業；F202010 飼料零售業；F206050 寵物食品及其用品零售業；F207030 清潔用品零售業；F299990 其他零售業；F399040 無店面零售業,臺北市,變更,11505
42837494,啟曄國際有限公司,臺北市大安區忠孝東路4段166號10樓,呂世傑,1000000,104/12/29,115/05/25,改推董事/董事長,E605010 電腦設備安裝業；F113050 電腦及事務性機器設備批發業；F118010 資訊軟體批發業；F213030 電腦及事務性機器設備零售業；F218010 資訊軟體零售業；I301010 資訊軟體服務業；I301030 電子資訊供應服務業；I501010 產品設計業；IG02010 研究發展服務業；IZ10010 排版業,臺北市,變更,11505
42837662,喜亦室內裝修工程有限公司,臺北市中山區南京東路2段137號14樓,王皓仰,3000000,104/12/30,115/05/29,特殊補正,E801010 室內裝潢業；E801020 門窗安裝工程業；E801030 室內輕鋼架工程業；E801040 玻璃安裝工程業；F105050 家具、寢具、廚房器具、裝設品批發業；F111090 建材批發業；F113020 電器批發業；F211010 建材零售業；F401010 國際貿易業；I503010 景觀設計業,臺北市,變更,11505
42840076,台灣納薩股份有限公司,臺北市大安區安和路1段102巷15號,安形勉,5000000,105/01/08,115/05/06,董事/監察人證照變更,F113010 機械批發業；F113990 其他機械器具批發業；F213080 機械器具零售業；F213990 其他機械器具零售業；F199990 其他批發業；F299990 其他零售業；F101130 蔬果批發業；F102040 飲料批發業；F102170 食品什貨批發業；F201010 農產品零售業,臺北市,變更,11505
42845207,成悅實業有限公司,臺北市松山區南京東路4段130號2樓之1,高成功,500000,105/01/20,115/05/13,股東出資轉讓修正章程,F103010 飼料批發業；F106060 寵物食品及其用品批發業；F107070 動物用藥品批發業；F202010 飼料零售業；F206050 寵物食品及其用品零售業；F207070 動物用藥零售業；F299990 其他零售業；F401010 國際貿易業；ZZ99999 除許可業務外，得經營法令非禁止或限制之業務,臺北市,變更,11505
42847850,智慧環境科技股份有限公司,臺北市士林區菁山路101巷71弄16號,張發,232150000,105/01/27,115/05/06,特殊補正,F201010 農產品零售業；F201020 畜產品零售業；F201030 水產品零售業；F201070 花卉零售業；F201990 其他農畜水產品零售業；F203010 食品什貨、飲料零售業；F203020 菸酒零售業；F204110 布疋、衣著、鞋、帽、傘、服飾品零售業；F209060 文教、樂器、育樂用品零售業；F401010 國際貿易業,臺北市,變更,11505
42848561,魔競娛樂股份有限公司,臺北市內湖區洲子街71號9樓,陳彙中,85379310,105/01/28,115/05/04,增資(資本總額),CC01110 電腦及其週邊設備製造業；CC01120 資料儲存媒體製造及複製業；F109070 文教、樂器、育樂用品批發業；F118010 資訊軟體批發業；F218010 資訊軟體零售業；F399040 無店面零售業；F401010 國際貿易業；I103060 管理顧問業；I199990 其他顧問服務業；I301010 資訊軟體服務業,臺北市,變更,11505
42849724,加慕股份有限公司,臺北市大同區延平北路1段69巷5號1、2樓,朱若慈,500000,105/02/02,115/05/19,改選董事/監察人(一人法人股東指派董事/監察人),C701010 印刷業；C702010 製版業；C703010 印刷品裝訂及加工業；F104110 布疋、衣著、鞋、帽、傘、服飾品批發業；F106020 日常用品批發業；F109070 文教、樂器、育樂用品批發業；F204110 布疋、衣著、鞋、帽、傘、服飾品零售業；F206020 日常用品零售業；F209060 文教、樂器、育樂用品零售業；F401010 國際貿易業,臺北市,變更,11505
42850030,芮思有限公司,臺北市大安區忠孝東路4段183號13樓之2,朱哲暐,5500000,105/02/02,115/05/08,公司所在地,I103060 管理顧問業；I199990 其他顧問服務業；I301010 資訊軟體服務業；I301020 資料處理服務業；I301030 電子資訊供應服務業；I401010 一般廣告服務業；IZ12010 人力派遣業；IZ13010 網路認證服務業；F102030 菸酒批發業；F102170 食品什貨批發業,臺北市,變更,11505
42850432,中軒創業投資股份有限公司,臺北市中山區民生東路2段172號10樓,吳春發,223512600,105/02/03,115/05/22,董事(常務董事.董事長)/監察人解任,H202010 創業投資業,臺北市,變更,11505
42851684,古北町國際股份有限公司,臺北市內湖區瑞光路258巷56號2樓,呂佳頻,5000000,105/02/05,115/05/07,特殊補正,F102170 食品什貨批發業；F104110 布疋、衣著、鞋、帽、傘、服飾品批發業；F105050 家具、寢具、廚房器具、裝設品批發業；F106020 日常用品批發業；F107030 清潔用品批發業；F108040 化粧品批發業；F109070 文教、樂器、育樂用品批發業；F113020 電器批發業；F203010 食品什貨、飲料零售業；F204110 布疋、衣著、鞋、帽、傘、服飾品零售業,臺北市,變更,11505
42852277,台灣千代田組股份有限公司,臺北市中山區南京東路2段71號10樓之4,金森裕,13000000,105/02/16,115/05/11,改選董事/監察人(一人法人股東指派董事/監察人),CB01010 機械設備製造業；CB01990 其他機械製造業；CC01990 其他電機及電子機械器材製造業；CE01010 一般儀器製造業；CE01030 光學儀器製造業；CE01990 其他光學及精密器械製造業；E599010 配管工程業；E601020 電氣安裝業；E603010 電纜安裝工程業；E603050 自動控制設備工程業,臺北市,變更,11505
42853590,宅即變室內裝修股份有限公司,臺北市大安區敦化南路2段46號3樓,朱俞君,5000000,105/02/23,115/05/25,改選董事/監察人(一人法人股東指派董事/監察人),E801010 室內裝潢業；E801060 室內裝修業；I105010 藝術品諮詢顧問業；I301020 資料處理服務業；I301030 電子資訊供應服務業；I401010 一般廣告服務業；I503010 景觀、室內設計業；IG03010 能源技術服務業；J101010 建築物清潔服務業；F105050 家具、寢具、廚房器具、裝設品批發業,臺北市,變更,11505
42854578,全日通有限公司,臺北市北投區中央南路2段12之25號6樓,林泳秀,1000000,105/02/25,115/05/28,補繳規費,I103060 管理顧問業；I301010 資訊軟體服務業；I301020 資料處理服務業；I301030 電子資訊供應服務業；I401010 一般廣告服務業；J303010 雜誌（期刊）出版業；J304010 圖書出版業；J305010 有聲出版業；J399010 軟體出版業；J399990 其他出版業,臺北市,變更,11505
42858878,鉑鑉股份有限公司,臺北市中正區忠孝西路1段72號7樓之6,翁晟譯,2350150,105/03/10,115/05/11,特殊補正,F118010 資訊軟體批發業；F204110 布疋、衣著、鞋、帽、傘、服飾品零售業；F218010 資訊軟體零售業；F399040 無店面零售業；F399990 其他綜合零售業；F401010 國際貿易業；I199990 其他顧問服務業；I301010 資訊軟體服務業；I301020 資料處理服務業；I301030 電子資訊供應服務業,臺北市,變更,11505
42861058,瑞信實業股份有限公司,臺北市大安區復興南路1段222號7樓,戴章揮,500000,105/03/16,115/05/11,補繳規費,H201010 一般投資業；H202010 創業投資業；ZZ99999 除許可業務外，得經營法令非禁止或限制之業務,臺北市,變更,11505
42861634,友睿資訊股份有限公司,臺北市大安區光復南路102號6樓,達盈天使投資股份有限公司,38084805,105/03/17,115/05/14,特殊補正,I401010 一般廣告服務業；F218010 資訊軟體零售業；F118010 資訊軟體批發業；F601010 智慧財產權業；I103060 管理顧問業；I199990 其他顧問服務業；I301010 資訊軟體服務業；I301020 資料處理服務業；I301030 電子資訊供應服務業；IZ13010 網路認證服務業,臺北市,變更,11505
42862697,好好證券股份有限公司,臺北市信義區信義路5段5號2樓,楊少銘,170000000,105/03/21,115/05/19,特殊補正,H301011 證券商,臺北市,變更,11505
42863268,建維國際有限公司,臺北市中山區中山北路1段152號6樓,賴昭志,1500000,105/03/22,115/05/06,特殊補正,F401010 國際貿易業；ZZ99999 除許可業務外，得經營法令非禁止或限制之業務；JA05010 留、遊學服務業；I199990 其他顧問服務業,臺北市,變更,11505
42863289,誠瀚知識移動股份有限公司,臺北市中山區吉林路24號11樓,林家名,2000000,105/03/24,115/05/19,特殊補正,J301010 報紙業；J302010 通訊稿業；J303010 雜誌（期刊）出版業；J304010 圖書出版業；J305010 有聲出版業；J399010 軟體出版業；J399990 其他出版業；J401010 電影片製作業；J402010 電影片發行業；J403010 電影片映演業,臺北市,變更,11505
42863730,雙秀旅行社有限公司,臺北市中山區南京東路2段206號9樓之3,陳珮漪,6000000,105/03/23,115/05/04,補繳規費,J902011 旅行業,臺北市,變更,11505
42863773,欣美聯合有限公司,臺北市信義區光復南路429號5樓之1,呂宗憲,300000,105/03/24,115/05/22,特殊補正,F215010 首飾及貴金屬零售業；F115010 首飾及貴金屬批發業；F199010 回收物料批發業；J101080 資源回收業；JZ99990 未分類其他服務業；IZ99990 其他工商服務業；ZZ99999 除許可業務外，得經營法令非禁止或限制之業務,臺北市,變更,11505
42864007,競捷營造股份有限公司,臺北市大安區四維路198巷29號2樓之3,李啓明,22500000,105/03/24,115/05/29,特殊補正,E101011 綜合營造業；E502010 燃料導管安裝工程業；E599010 配管工程業；E801010 室內裝潢業；E901010 油漆工程業；EZ02010 起重工程業；EZ07010 鑽孔工程業；F111090 建材批發業；F401010 國際貿易業；I103060 管理顧問業,臺北市,變更,11505
42865147,邦鉑科技股份有限公司,臺北市內湖區新明路159號6樓,陳張麗華,57500000,105/07/26,115/05/29,特殊補正,E605010 電腦設備安裝業；F113030 精密儀器批發業；F113050 電腦及事務性機器設備批發業；F118010 資訊軟體批發業；F119010 電子材料批發業；F213030 電腦及事務性機器設備零售業；F218010 資訊軟體零售業；F219010 電子材料零售業；F401010 國際貿易業；I301010 資訊軟體服務業,臺北市,變更,11505
42865863,展瀚水產有限公司,臺北市中正區詔安街36之1號2樓,洪均瀚,1000000,105/07/27,115/05/27,股東出資轉讓修正章程,F101050 水產品批發業；F101120 觀賞魚批發業；F101990 其他農、畜、水產品批發業；F201030 水產品零售業；F201090 觀賞魚零售業；F201990 其他農畜水產品零售業；F401010 國際貿易業；A301010 遠洋漁撈業；A301030 水產養殖業；A302010 對外漁業合作業,臺北市,變更,11505
42867222,海洋國際投資股份有限公司,臺北市大安區忠孝東路四段270號17樓,Andreas Munk-Janson,4183652800,105/08/01,115/05/15,補選董事(常務董事.董事長)/監察人,H201010 一般投資業；H703100 不動產租賃業；ZZ99999 除許可業務外，得經營法令非禁止或限制之業務,臺北市,變更,11505
42913767,未知領域設計有限公司,臺北市大安區敦化南路1段161巷14號1樓,李純凱,1000000,107/05/10,115/05/18,增資,G799990 其他運輸輔助業；G801010 倉儲業；F104110 布疋、衣著、鞋、帽、傘、服飾品批發業；F105050 家具、寢具、廚房器具、裝設品批發業；F106010 五金批發業；F106020 日常用品批發業；F109070 文教、樂器、育樂用品批發業；F113020 電器批發業；F203010 食品什貨、飲料零售業；F204110 布疋、衣著、鞋、帽、傘、服飾品零售業,臺北市,變更,11505
42946394,日商雷恩自動機股份有限公司,臺北市內湖區新湖一路118號3樓,福島渉,3500000,107/03/16,115/05/05,改派在中華民國境內負責人變更登記,I301010 資訊軟體服務業；I501010 產品設計業；JB01010 會議及展覽服務業；F101130 蔬果批發業；F102050 茶葉批發業；F102170 食品什貨批發業；F106010 五金批發業；F106020 日常用品批發業；F106030 模具批發業；F113010 機械批發業,臺北市,變更,11505
42955560,美商美普思有限公司,臺北市中正區重慶南路3段19號12樓,Sameer Wasson,150000,107/04/25,115/05/11,一般補正案,I301010 資訊軟體服務業；F118010 資訊軟體批發業；I501010 產品設計業；E604010 機械安裝業；E605010 電腦設備安裝業,臺北市,變更,11505
42978851,香港商德勤太平洋企業管理咨詢有限公司,臺北市信義區松仁路100號27樓,李俊賢,5000000,107/08/06,115/05/25,改派在中華民國境內負責人變更登記,I103060 管理顧問業；I199990 其他顧問服務業；ZZ99999 除許可業務外，得經營法令非禁止或限制之業務,臺北市,變更,11505
42989858,水元素文化傳媒有限公司,臺北市中正區衡陽路10號12樓,黃煒中,1030000,105/08/11,115/05/13,特殊補正,J303010 雜誌（期刊）出版業；J304010 圖書出版業；J305010 有聲出版業；J401010 電影片製作業；J402010 電影片發行業；J503010 廣播節目製作業；J503020 電視節目製作業；J503030 廣播電視節目發行業；J503040 廣播電視廣告業；J503050 錄影節目帶業,臺北市,變更,11505
42990638,必加廣告行銷股份有限公司,臺北市大安區忠孝東路4段153號12樓,蕭嘉鈴,5000000,107/02/12,115/05/22,改選董事/監察人(一人法人股東指派董事/監察人),I401010 一般廣告服務業；I199990 其他顧問服務業；I301010 資訊軟體服務業；I301030 電子資訊供應服務業；I103060 管理顧問業；I501010 產品設計業；I503010 景觀、室內設計業；I599990 其他設計業；I301050 實境體感應用服務業；J601010 藝文服務業,臺北市,變更,11505
42991685,多鏈科技股份有限公司,臺北市大安區信義路4段306號11樓之1,侯慕檀,2000000,107/02/21,115/05/04,特殊補正,F107050 肥料批發業；F207050 肥料零售業；F103010 飼料批發業；F202010 飼料零售業；F121010 食品添加物批發業；IG01010 生物技術服務業；IG02010 研究發展服務業；IG03010 能源技術服務業；F107990 其他化學製品批發業；F107200 化學原料批發業,臺北市,變更,11505
42992241,大宜國際開發股份有限公司,臺北市內湖區瑞光路607號7樓,詹正田,1155000000,107/02/23,115/05/27,改選董事/監察人(一人法人股東指派董事/監察人),H701010 住宅及大樓開發租售業；H701020 工業廠房開發租售業；H701040 特定專業區開發業；H701050 投資興建公共建設業；H701060 新市鎮、新社區開發業；H702010 建築經理業；H703090 不動產買賣業；H703100 不動產租賃業；ZZ99999 除許可業務外，得經營法令非禁止或限制之業務,臺北市,變更,11505
42992609,永昌立股份有限公司,臺北市信義區松仁路271號5樓,王宥傑,21834680,107/02/23,115/05/14,特殊補正,F101100 花卉批發業；F102030 菸酒批發業；F102040 飲料批發業；F104110 布疋、衣著、鞋、帽、傘、服飾品批發業；F105050 家具、寢具、廚房器具、裝設品批發業；F106020 日常用品批發業；F107190 塑膠膜、袋批發業；F108040 化粧品批發業；F109070 文教、樂器、育樂用品批發業；F113020 電器批發業,臺北市,變更,11505
42995704,泰吉投資股份有限公司,臺北市松山區南京東路4段171號6樓,陳宏明,65000000,107/03/08,115/05/07,董事/監察人持股變動報備,H201010 一般投資業；I103060 管理顧問業；ZZ99999 除許可業務外，得經營法令非禁止或限制之業務,臺北市,變更,11505
42999270,無敵家娛樂股份有限公司,臺北市大同區迪化街1段265號2樓,吳俊諺,5000000,107/03/19,115/05/14,改選董事/監察人(一人法人股東指派董事/監察人),J601010 藝文服務業；J602010 演藝活動業；J603010 音樂展演空間業；F401010 國際貿易業；ZZ99999 除許可業務外，得經營法令非禁止或限制之業務；J305010 有聲出版業；J401010 電影片製作業；J402010 電影片發行業；J404010 動畫影片製作業；J404040 電影錄音業,臺北市,變更,11505
43309204,立吉成有限公司,臺北市信義區松平路76號8樓,王姵文,15800000,105/03/28,115/05/28,特殊補正,F101100 花卉批發業；F102030 菸酒批發業；F102040 飲料批發業；F104110 布疋、衣著、鞋、帽、傘、服飾品批發業；F105050 家具、寢具、廚房器具、裝設品批發業；F106020 日常用品批發業；F107190 塑膠膜、袋批發業；F108040 化粧品批發業；F109070 文教、樂器、育樂用品批發業；F113020 電器批發業,臺北市,變更,11505
43345763,騰飛室內裝修設計工程有限公司,臺北市中正區忠孝東路1段76號12樓之1,陳健羣,200000,105/03/29,115/05/04,公司名稱變更修正章程,I501010 產品設計業；I503010 景觀、室內設計業；I599990 其他設計業；IB01010 建築物公共安全檢查業；CN01010 家具及裝設品製造業；F105050 家具、寢具、廚房器具、裝設品批發業；F106010 五金批發業；F109070 文教、樂器、育樂用品批發業；F205040 家具、寢具、廚房器具、裝設品零售業；F206010 五金零售業,臺北市,變更,11505
43351069,大帝貿易有限公司,臺北市信義區基隆路2段133號4樓,蔡騰飛,15000000,105/03/30,115/05/27,增資,F401010 國際貿易業；F108031 醫療器材批發業；F208031 醫療器材零售業；F208050 乙類成藥零售業；F108021 西藥批發業；F208021 西藥零售業；F108040 化粧品批發業；F208040 化粧品零售業；F102170 食品什貨批發業；F203010 食品什貨、飲料零售業,臺北市,變更,11505
43409013,亞迪特創意科技有限公司,臺北市中山區民生東路1段72號2樓之2,倪秉洋,1000000,105/03/31,115/05/28,特殊補正,F401010 國際貿易業；I102010 投資顧問業；I103060 管理顧問業；I199990 其他顧問服務業；I301010 資訊軟體服務業；I301020 資料處理服務業；I401010 一般廣告服務業；I501010 產品設計業；I599990 其他設計業；IG01010 生物技術服務業,臺北市,變更,11505
43427103,威僑股份有限公司,臺北市大安區信義路4段6號14樓,張正強,19000000,105/04/01,115/05/05,特殊補正,I103060 管理顧問業；I199990 其他顧問服務業；I301010 資訊軟體服務業；I301020 資料處理服務業；I301030 電子資訊供應服務業；IZ99990 其他工商服務業；F113010 機械批發業；F113030 精密儀器批發業；F113050 電腦及事務性機器設備批發業；F113070 電信器材批發業,臺北市,變更,11505
43431303,台灣奇士美化粧品股份有限公司,臺北市中山區松江路328號3樓,李永章,120000000,55/02/25,115/05/11,改選董事/監察人(一人法人股東指派董事/監察人),F401010 國際貿易業；F108040 化粧品批發業；F208040 化粧品零售業；C802100 化粧品製造業；C802990 其他化學製品製造業；C801030 精密化學材料製造業；C801990 其他化學材料製造業；F107030 清潔用品批發業；F299990 其他零售業；F107200 化學原料批發業,臺北市,變更,11505
43628734,大裕水泥製品股份有限公司,臺北市中正區襄陽路13之5號6樓,陳粧,80000000,61/12/06,115/05/12,改選董事/監察人(一人法人股東指派董事/監察人),H703100 不動產租賃業；C901040 預拌混凝土製造業；C901050 水泥及混凝土製品製造業；F111090 建材批發業；F211010 建材零售業；F401010 國際貿易業；ZZ99999 除許可業務外，得經營法令非禁止或限制之業務,臺北市,變更,11505
43642659,允安國際有限公司,臺北市南港區研究院路3段157之1號,蘇庭諭,500000,105/04/08,115/05/27,特殊補正,C701010 印刷業；C703010 印刷品裝訂及加工業；CC01020 電線及電纜製造業；CC01030 電器及視聽電子產品製造業；CC01040 照明設備製造業；CC01060 有線通信機械器材製造業；CC01070 無線通信機械器材製造業；CC01080 電子零組件製造業；CC01090 電池製造業；CC01110 電腦及其週邊設備製造業,臺北市,變更,11505
43643828,頭癮創意遊戲有限公司,臺北市士林區文林路661巷39弄23號1樓,胡珉,500000,105/04/08,115/05/11,股東出資轉讓修正章程,J601010 藝文服務業；J602010 演藝活動業；JB01010 會議及展覽服務業；JZ99990 未分類其他服務業；I501010 產品設計業；F109070 文教、樂器、育樂用品批發業；F209060 文教、樂器、育樂用品零售業；ZZ99999 除許可業務外，得經營法令非禁止或限制之業務,臺北市,變更,11505
43660804,英特康科技有限公司,臺北市松山區民族東路675號3樓,林榮貴,1000000,105/04/14,115/05/15,特殊補正,F113070 電信器材批發業；F213060 電信器材零售業；F116010 照相器材批發業；F216010 照相器材零售業；F119010 電子材料批發業；F219010 電子材料零售業；EZ05010 儀器、儀表安裝工程業；E601020 電器安裝業；E603050 自動控制設備工程業；E605010 電腦設備安裝業,臺北市,變更,11505
43663289,溫暖人生國際有限公司,臺北市中正區延平南路252號1樓,葉暮蓮,500000,105/04/12,115/05/25,特殊補正,F102170 食品什貨批發業；F104110 布疋、衣著、鞋、帽、傘、服飾品批發業；F203010 食品什貨、飲料零售業；F204110 布疋、衣著、鞋、帽、傘、服飾品零售業；F399040 無店面零售業；F401010 國際貿易業；F501030 飲料店業；F501060 餐館業；ZZ99999 除許可業務外，得經營法令非禁止或限制之業務；F102030 菸酒批發業,臺北市,變更,11505
43707478,欣勢力有限公司,臺北市大安區忠孝東路4段59號10樓之2,張均晨,10000,105/04/15,115/05/22,股東出資轉讓修正章程,J602010 演藝活動業；J202010 產業育成業；J601010 藝文服務業；J603010 音樂展演空間業；JB01010 會議及展覽服務業；JZ99050 仲介服務業；JZ99090 喜慶綜合服務業；I103060 管理顧問業；I199990 其他顧問服務業；IZ12010 人力派遣業,臺北市,變更,11505
43715126,安豐營造股份有限公司,臺北市中山區朱崙街15號1樓,焦婷,150000000,64/10/24,115/05/26,董事/監察人持股變動報備,E101011 綜合營造業；ZZ99999 除許可業務外，得經營法令非禁止或限制之業務,臺北市,變更,11505
43748885,旺立康實業有限公司,臺北市中山區龍江路147號6樓,李文榮,100000,105/04/22,115/05/04,股東出資轉讓修正章程,C306010 成衣業；E601020 電器安裝業；E603090 照明設備安裝工程業；F102020 食用油脂批發業；F102040 飲料批發業；F114040 自行車及其零件批發業；F114050 車胎批發業；F102170 食品什貨批發業；F104110 布疋、衣著、鞋、帽、傘、服飾品批發業；F105050 家具、寢具、廚房器具、裝設品批發業,臺北市,變更,11505
43762149,嘉羿達國際有限公司,臺北市大同區承德路2段81號5樓,鄭巨頌,2000000,105/04/26,115/05/21,增資,F401010 國際貿易業；F102170 食品什貨批發業；F104110 布疋、衣著、鞋、帽、傘、服飾品批發業；F105050 家具、寢具、廚房器具、裝設品批發業；F106010 五金批發業；F106020 日常用品批發業；F107030 清潔用品批發業；F108040 化粧品批發業；F109070 文教、樂器、育樂用品批發業；F113010 機械批發業,臺北市,變更,11505
43814765,仁新醫藥股份有限公司,臺北市信義區忠孝東路五段68號36樓,林雨新,829160000,105/05/12,115/05/07,認股憑證換發新股,IG01010 生物技術服務業；F208021 西藥零售業；F208031 醫療器材零售業；F208050 乙類成藥零售業；F401010 國際貿易業；IC01010 藥品檢驗業；IG02010 研究發展服務業；F601010 智慧財產權業；ZZ99999 除許可業務外，得經營法令非禁止或限制之業務,臺北市,變更,11505
43821392,一方企業管理顧問股份有限公司,臺北市信義區虎林街232巷47號,李麗卿,1000000,105/05/16,115/05/26,特殊補正,H701010 住宅及大樓開發租售業；H701020 工業廠房開發租售業；H701040 特定專業區開發業；H701050 投資興建公共建設業；H701060 新市鎮、新社區開發業；H702010 建築經理業；H703090 不動產買賣業；H703100 不動產租賃業；F111090 建材批發業；F120010 耐火材料批發業,臺北市,變更,11505
43824980,大唐盛世貿易有限公司,臺北市大安區羅斯福路3段135號3樓,關德倫,400000,105/05/17,115/05/27,特殊補正,F113010 機械批發業；F401010 國際貿易業；F102170 食品什貨批發業；F101990 其他農、畜、水產品批發業；F199990 其他批發業；H701010 住宅及大樓開發租售業；H703100 不動產租賃業；F213060 電信器材零售業；F219010 電子材料零售業；F119010 電子材料批發業,臺北市,變更,11505
43836487,傑特貝林有限公司,臺北市信義區基隆路1段333號16樓,"Jean-Marc,Jules Morange",5000000,105/05/20,115/05/18,改推董事/董事長,I103060 管理顧問業；IZ15010 市場研究及民意調查業；IG01010 生物技術服務業；I199990 其他顧問服務業；F108021 西藥批發業；F108031 醫療器材批發業；F208021 西藥零售業；F208031 醫療器材零售業；F401010 國際貿易業；ZZ99999 除許可業務外，得經營法令非禁止或限制之業務,臺北市,變更,11505
43845303,富山電訊科技有限公司,臺北市中山區民權東路2段135巷37號,洪品喆,1000000,105/05/25,115/05/14,董事/股東更名,E601010 電器承裝業；E701030 電信管制射頻器材裝設工程業；E701040 簡易電信設備安裝業；E801070 廚具、衛浴設備安裝工程業；EZ05010 儀器、儀表安裝工程業；EZ99990 其他工程業；F105050 家具、寢具、廚房器具、裝設品批發業；F113020 電器批發業；F113070 電信器材批發業；F205040 家具、寢具、廚房器具、裝設品零售業,臺北市,變更,11505
43863809,森國聯創股份有限公司,臺北市內湖區內湖路1段120巷15弄8號8樓,黃泰勲,16342380,105/05/31,115/05/22,特殊補正,J305010 有聲出版業；CC01120 資料儲存媒體製造及複製業；J399010 軟體出版業；J601010 藝文服務業；J602010 演藝活動業；J603010 音樂展演空間業；J301010 報紙業；J302010 通訊稿業；J303010 雜誌（期刊）出版業；J304010 圖書出版業,臺北市,變更,11505
43868776,瑞旭國際股份有限公司,臺北市中山區南京東路2段90號4樓,住吉秀一,4500000,105/06/02,115/05/25,特殊補正,F204110 布疋、衣著、鞋、帽、傘、服飾品零售業；F104110 布疋、衣著、鞋、帽、傘、服飾品批發業；F102040 飲料批發業；F102170 食品什貨批發業；F106020 日常用品批發業；F108040 化粧品批發業；F110010 鐘錶批發業；F110020 眼鏡批發業；F115010 首飾及貴金屬批發業；F203010 食品什貨、飲料零售業,臺北市,變更,11505
43873736,台灣巨能股份有限公司,臺北市士林區文林路342號7樓,呂采軒,10000000,105/06/02,115/05/19,改選董事/監察人(一人法人股東指派董事/監察人),D101040 非屬公用之發電業；D101060 再生能源自用發電設備業；D401010 熱能供應業；E601010 電器承裝業；E601020 電器安裝業；E603050 自動控制設備工程業；E603090 照明設備安裝工程業；E606010 用電設備檢驗維護業；EZ05010 儀器、儀表安裝工程業；F113020 電器批發業,臺北市,變更,11505
43881399,寰禹企業有限公司,臺北市信義區基隆路1段420號11樓,駱錦勝,3000000,105/06/04,115/05/20,特殊補正,H201010 一般投資業；ZZ99999 除許可業務外，得經營法令非禁止或限制之業務,臺北市,變更,11505
43891586,洋聲股份有限公司,臺北市信義區松德路10號6樓,陳琪雯,14000000,105/06/08,115/05/25,特殊補正,A302020 漁業服務業；C804020 工業用橡膠製品製造業；C805070 強化塑膠製品製造業；C901020 玻璃及玻璃製品製造業；C901990 其他非金屬礦物製品製造業；CB01010 機械設備製造業；CB01990 其他機械製造業；CC01120 資料儲存媒體製造及複製業；CD01010 船舶及其零件製造業；E605010 電腦設備安裝業,臺北市,變更,11505
43904533,龍澤投資開發有限公司,臺北市士林區延平北路6段228號2樓,塗陳心瑀,100600000,105/06/16,115/05/20,改推董事/董事長,I102010 投資顧問業；H201010 一般投資業；ZZ99999 除許可業務外，得經營法令非禁止或限制之業務,臺北市,變更,11505
43909517,天際線文創股份有限公司,臺北市大安區信義路4段258號12樓之1,吳則含,10000000,105/06/22,115/05/22,特殊補正,H201010 一般投資業；I103060 管理顧問業；I199990 其他顧問服務業；I301010 資訊軟體服務業；I301020 資料處理服務業；I301030 電子資訊供應服務業；I401010 一般廣告服務業；I501010 產品設計業；IZ12010 人力派遣業；F109070 文教、樂器、育樂用品批發業,臺北市,變更,11505
43910970,買買科技股份有限公司,臺北市中山區林森北路247號,王幸瑜,1000000,105/06/23,115/05/28,補選董事(常務董事.董事長)/監察人,CC01110 電腦及其週邊設備製造業；CC01120 資料儲存媒體製造及複製業；E605010 電腦設備安裝業；F113050 電腦及事務性機器設備批發業；F118010 資訊軟體批發業；F601010 智慧財產權業；I103060 管理顧問業；I301010 資訊軟體服務業；I301020 資料處理服務業；I301030 電子資訊供應服務業,臺北市,變更,11505
45005493,三環創新科技股份有限公司,臺北市大同區甘谷街26號5樓,姚新基,24000000,105/07/14,115/05/15,特殊補正,C601020 紙製造業；C601040 加工紙製造業；C802120 工業助劑製造業；C802990 其他化學製品製造業；CB01010 機械設備製造業；CB01020 事務機器製造業；CC01060 有線通信機械器材製造業；CC01070 無線通信機械器材製造業；CC01080 電子零組件製造業；CC01110 電腦及其週邊設備製造業,臺北市,變更,11505
45006351,金湛媒體科技股份有限公司,臺北市信義區忠孝東路5段484號2樓,林荐甫,10000000,105/07/14,115/05/18,特殊補正,I103060 管理顧問業；I301010 資訊軟體服務業；I301020 資料處理服務業；I301030 電子資訊供應服務業；I401010 一般廣告服務業；IZ13010 網路認證服務業；CC01110 電腦及其週邊設備製造業；F113030 精密儀器批發業；F113050 電腦及事務性機器設備批發業；F113070 電信器材批發業,臺北市,變更,11505
45009884,吉富工坊有限公司,臺北市中山區建國北路3段92號3樓,林建成,2000000,105/07/15,115/05/22,特殊補正,F113020 電器批發業；F213010 電器零售業；E601020 電器安裝業；JA02010 電器及電子產品修理業；F104110 布疋、衣著、鞋、帽、傘、服飾品批發業；F105050 家具、寢具、廚房器具、裝設品批發業；F106010 五金批發業；F106020 日常用品批發業；F106030 模具批發業；F106040 水器材料批發業,臺北市,變更,11505
45011495,愛客旅國際旅行社股份有限公司,臺北市信義區信義路4段458號11樓,葉哲瑋,6000000,105/07/18,115/05/08,特殊補正,J902011 旅行業,臺北市,變更,11505
45018455,回饋網股份有限公司,臺北市松山區南京東路4段1號8樓,CHAN HIAN YI,8000000,105/07/20,115/05/19,特殊補正,F399040 無店面零售業；F401010 國際貿易業；I103060 管理顧問業；I199990 其他顧問服務業；I301010 資訊軟體服務業；I301030 電子資訊供應服務業；I301020 資料處理服務業；IZ99990 其他工商服務業；ZZ99999 除許可業務外，得經營法令非禁止或限制之業務,臺北市,變更,11505
45019412,靖瀚企業有限公司,臺北市大同區錦西街73號1樓,楊智涵,1000000,105/07/19,115/05/19,公司所在地,F105050 家具、寢具、廚房器具、裝設品批發業；F106010 五金批發業；F111090 建材批發業；F205040 家具、寢具、廚房器具、裝設品零售業；F206010 五金零售業；F211010 建材零售業；E801010 室內裝潢業；E801020 門窗安裝工程業；E801030 室內輕鋼架工程業；E801040 玻璃安裝工程業,臺北市,變更,11505
45026602,振興健康股份有限公司,臺北市信義區松德路171號13樓之1,李淑儀,8000000,105/07/20,115/05/06,改選董事/監察人(一人法人股東指派董事/監察人),F102170 食品什貨批發業；F106020 日常用品批發業；F108031 醫療器材批發業；F108040 化粧品批發業；F113050 電腦及事務性機器設備批發業；F118010 資訊軟體批發業；F206020 日常用品零售業；F208031 醫療器材零售業；F208040 化粧品零售業；F208050 乙類成藥零售業,臺北市,變更,11505
45041110,坤驊股份有限公司,臺北市大同區承德路3段263號8樓,林志謙,19700000,105/08/15,115/05/13,增資(資本總額),H201010 一般投資業,臺北市,變更,11505
45093637,炘睿生醫股份有限公司,臺北市信義區信義路4段458號11樓,賴彥宏,80007215,105/04/20,115/05/21,公司所在地,I301010 資訊軟體服務業；I301020 資料處理服務業；F399040 無店面零售業；F401010 國際貿易業；I103060 管理顧問業；IG02010 研究發展服務業；IZ15010 市場研究及民意調查業；H703100 不動產租賃業；JZ99050 仲介服務業；IG01010 生物技術服務業,臺北市,變更,11505
45887876,坤義有限公司,臺北市文山區景文街92號8樓之1,許恒燿,3000000,105/07/07,115/05/18,公司印鑑變更,C805030 塑膠日用品製造業；C805050 工業用塑膠製品製造業；CB01010 機械設備製造業；CQ01010 模具製造業；F106010 五金批發業；F106030 模具批發業；F106040 水器材料批發業；F106050 陶瓷玻璃器皿批發業；F111090 建材批發業；F113010 機械批發業,臺北市,變更,11505
45892131,新學留學顧問有限公司,臺北市中正區衡陽路51號12樓,周承學,100000,105/04/22,115/05/29,特殊補正,JA05010 留、遊學服務業；F401010 國際貿易業；ZZ99999 除許可業務外，得經營法令非禁止或限制之業務,臺北市,變更,11505
46270060,精磊生技實業有限公司,臺北市大同區民權西路136號13樓之11,陳昭嫺,11000000,105/05/06,115/05/22,特殊補正,A101020 農作物栽培業；A102060 糧商業；A199990 其他農業；C103050 罐頭、冷凍、脫水及醃漬食品製造業；C104020 烘焙炊蒸食品製造業；C802990 其他化學製品製造業；CE01010 一般儀器製造業；CE01030 光學儀器製造業；CH01030 文具製造業；CH01040 玩具製造業,臺北市,變更,11505
50754334,台灣達岸諮詢有限公司,臺北市松山區敦化北路167號14樓,許嘉恩(Ka Yan Catherine HUI,300000,107/03/29,115/05/07,公司所在地,H202010 創業投資業；I102010 投資顧問業；I103060 管理顧問業；I301020 資料處理服務業；I199990 其他顧問服務業；IZ15010 市場研究及民意調查業；ZZ99999 除許可業務外，得經營法令非禁止或限制之業務,臺北市,變更,11505
50756261,太廷實業有限公司,臺北市松山區八德路3段137號2樓,吳玟君,1000000,107/04/02,115/05/14,股東出資轉讓修正章程,F401010 國際貿易業；CB01010 機械設備製造業；CC01990 其他電機及電子機械器材製造業；CC01080 電子零組件製造業；CH01040 玩具製造業；F119010 電子材料批發業；F213030 電腦及事務性機器設備零售業；F213040 精密儀器零售業；F213080 機械器具零售業；F213990 其他機械器具零售業,臺北市,變更,11505
50759598,禾光資本有限公司,臺北市中山區樂群三路130號12樓,王智民,8000000,107/04/16,115/05/20,公司所在地,H201010 一般投資業,臺北市,變更,11505
50760103,多龍工務設計有限公司,臺北市內湖區金龍路233號,陳德龍,3600000,107/04/16,115/05/13,增資,E801010 室內裝潢業；E599010 配管工程業；E601020 電器安裝業；E901010 油漆工程業；EZ99990 其他工程業；F105050 家具、寢具、廚房器具、裝設品批發業；F205040 家具、寢具、廚房器具、裝設品零售業；F106010 五金批發業；F206010 五金零售業；F106020 日常用品批發業,臺北市,變更,11505
50761686,華勝國際有限公司,臺北市內湖區文湖街60巷35號3樓,蔡勝賢,2000000,107/04/20,115/05/22,改推董事/董事長,C801990 其他化學材料製造業；F119010 電子材料批發業；F219010 電子材料零售業；F401010 國際貿易業；H201010 一般投資業；H202010 創業投資業；H701010 住宅及大樓開發租售業；H701020 工業廠房開發租售業；H703090 不動產買賣業；H703100 不動產租賃業,臺北市,變更,11505
50761911,使之覺醒生化科技有限公司,臺北市松山區南京東路5段188號8樓之6,鍾欣廷,20000000,107/04/20,115/05/21,特殊補正,I401010 一般廣告服務業；F208040 化粧品零售業；F207030 清潔用品零售業；F203010 食品什貨、飲料零售業；F205040 家具、寢具、廚房器具、裝設品零售業；F209060 文教、樂器、育樂用品零售業；F107030 清潔用品批發業；C802090 清潔用品製造業；F108040 化粧品批發業；C802100 化粧品製造業,臺北市,變更,11505
50762192,職人學堂股份有限公司,臺北市信義區基隆路1段141號13樓之9,唐美娟,1000000,107/04/23,115/05/14,補繳規費,F109070 文教、樂器、育樂用品批發業；F113050 電腦及事務性機器設備批發業；F118010 資訊軟體批發業；F209060 文教、樂器、育樂用品零售業；F213030 電腦及事務性機器設備零售業；F218010 資訊軟體零售業；I103060 管理顧問業；I301010 資訊軟體服務業；I301020 資料處理服務業；I301030 電子資訊供應服務業,臺北市,變更,11505
50763093,宇晞有限公司,臺北市大安區忠孝東路4段183號13樓之2,黃士銘,3000000,107/04/24,115/05/13,特殊補正,I103060 管理顧問業；I199990 其他顧問服務業；I401010 一般廣告服務業；I501010 產品設計業；I502010 服飾設計業；IZ99990 其他工商服務業；J601010 藝文服務業；JZ99050 仲介服務業；JB01010 會議及展覽服務業；JZ99090 喜慶綜合服務業,臺北市,變更,11505
50763919,辰宥旅行社有限公司,臺北市中山區長春路40號8樓之4,范惠青,6000000,107/04/25,115/05/18,特殊補正,J902011 旅行業,臺北市,變更,11505
50765471,聚洛國際有限公司,臺北市信義區忠孝東路4段553巷6弄16號2樓,張英群,1000000,107/04/30,115/05/18,特殊補正,H201010 一般投資業；IH01010 產業控股公司業；I102010 一般投資顧問業；I103060 管理顧問業；I301010 資訊軟體服務業；I199990 其他顧問服務業；I301020 資料處理服務業；I301030 電子資訊供應服務業；JB01010 會議及展覽服務業；F401010 國際貿易業,臺北市,變更,11505
50767062,喜新國際股份有限公司,臺北市南港區八德路4段778號9樓,魏紹恩,15000000,107/05/04,115/05/15,特殊補正,F104110 布疋、衣著、鞋、帽、傘、服飾品批發業；F105050 家具、寢具、廚房器具、裝設品批發業；F108040 化粧品批發業；F109070 文教、樂器、育樂用品批發業；F204110 布疋、衣著、鞋、帽、傘、服飾品零售業；F205040 家具、寢具、廚房器具、裝設品零售業；F208040 化粧品零售業；F209060 文教、樂器、育樂用品零售業；F399040 無店面零售業；F401010 國際貿易業,臺北市,變更,11505
50771354,光點設計工程整合顧問股份有限公司,臺北市士林區至誠路2段25號2樓,許丕政,1250000,107/05/15,115/05/06,公司名稱變更修正章程,E601020 電器安裝業；E801010 室內裝潢業；E801020 門窗安裝工程業；E801070 廚具、衛浴設備安裝工程業；F105050 家具、寢具、廚房器具、裝設品批發業；F106010 五金批發業；F111090 建材批發業；F205040 家具、寢具、廚房器具、裝設品零售業；F206010 五金零售業；F211010 建材零售業,臺北市,變更,11505
50771994,康斯坦丁有限公司,臺北市大安區光復南路390號5樓,金知炫,11100000,107/05/16,115/05/22,特殊補正,H201010 一般投資業；I102010 一般投資顧問業；I103060 管理顧問業；ZZ99999 除許可業務外，得經營法令非禁止或限制之業務,臺北市,變更,11505
50772380,亞福工程股份有限公司,臺北市中正區寧波西街87號2樓之3,黃偉誠,48150000,107/05/17,115/05/14,增資(資本總額),F106010 五金批發業；F111090 建材批發業；F113010 機械批發業；F401010 國際貿易業；E401010 疏濬業；E599010 配管工程業；E801010 室內裝潢業；EZ02010 起重工程業；H701010 住宅及大樓開發租售業；H701050 投資興建公共建設業,臺北市,變更,11505
50773156,運昇國際物流有限公司,臺北市中山區朱崙街60號5樓,任希綸,10000000,107/05/18,115/05/19,增資,IZ06010 理貨包裝業；G402011 海運承攬運送業；G405010 貨櫃出租業；G702010 船舶勞務承攬業；G799990 其他運輸輔助業；G801010 倉儲業；F401010 國際貿易業；G401011 船務代理業；ZZ99999 除許可業務外，得經營法令非禁止或限制之業務,臺北市,變更,11505
50773830,艾思達斯有限公司,臺北市中山區林森北路106號1、2樓,中村純,1000000,107/05/22,115/05/07,特殊補正,CA02030 螺絲、螺帽、螺絲釘、及鉚釘等製品製造業；CA02090 金屬線製品製造業；CA02990 其他金屬製品製造業；CB01010 機械設備製造業；CB01990 其他機械製造業；CC01060 有線通信機械器材製造業；CC01080 電子零組件製造業；CC01110 電腦及其週邊設備製造業；CD01030 汽車及其零件製造業；CD01040 機車及其零件製造業,臺北市,變更,11505
50774182,樂生國際有限公司,臺北市信義區基隆路1段176號13樓,廖玉琪,100000,107/05/22,115/05/18,公司所營事業變更修正章程,F102170 食品什貨批發業；F104110 布疋、衣著、鞋、帽、傘、服飾品批發業；F401010 國際貿易業；I103060 管理顧問業；I199990 其他顧問服務業；I301010 資訊軟體服務業；I301020 資料處理服務業；I401010 一般廣告服務業；I401020 廣告傳單分送業；I501010 產品設計業,臺北市,變更,11505
50774900,沐念有限公司,臺北市南港區昆陽街97號4樓,葉千綺,100000,107/05/23,115/05/11,特殊補正,F104110 布疋、衣著、鞋、帽、傘、服飾品批發業；F105050 家具、寢具、廚房器具、裝設品批發業；F109070 文教、樂器、育樂用品批發業；F204110 布疋、衣著、鞋、帽、傘、服飾品零售業；F205040 家具、寢具、廚房器具、裝設品零售業；F209060 文教、樂器、育樂用品零售業；F215010 首飾及貴金屬零售業；F399040 無店面零售業；F401010 國際貿易業；I501010 產品設計業,臺北市,變更,11505
50775339,湊伙股份有限公司,臺北市中正區南海路1號13樓,林蔚,5468360,107/05/24,115/05/13,票據兌現/他機關函復/補正,F113050 電腦及事務性機器設備批發業；F118010 資訊軟體批發業；F213030 電腦及事務性機器設備零售業；F218010 資訊軟體零售業；F399040 無店面零售業；F399990 其他綜合零售業；F401010 國際貿易業；F601010 智慧財產權業；H201010 一般投資業；H202010 創業投資業,臺北市,變更,11505
50776750,晶緯實境體感互動股份有限公司,臺北市中山區南京東路1段15號3樓,田啓新,2600000,107/05/29,115/05/11,特殊補正,I301010 資訊軟體服務業；F118010 資訊軟體批發業；F218010 資訊軟體零售業；I301050 實境體感應用服務業；I501010 產品設計業；F401010 國際貿易業；ZZ99999 除許可業務外，得經營法令非禁止或限制之業務,臺北市,變更,11505
50777028,新馳科技股份有限公司,臺北市信義區市民大道6段288號10樓之9,賴盈霖,7689500,107/05/29,115/05/11,董事/監察人持股變動報備,CC01070 無線通信機械器材製造業；CC01080 電子零組件製造業；F113050 電腦及事務性機器設備批發業；F113060 度量衡器批發業；F113070 電信器材批發業；F118010 資訊軟體批發業；F119010 電子材料批發業；F213030 電腦及事務性機器設備零售業；F213050 度量衡器零售業；F213060 電信器材零售業,臺北市,變更,11505
50777287,品浩太平洋證券投資顧問股份有限公司,臺北市信義區忠孝東路5段68號40樓,Marcio Bogoricin Oliveira,300000000,107/05/30,115/05/14,董事/監察人證照變更,H304011 證券投資顧問業,臺北市,變更,11505
50780374,品思國際有限公司,臺北市大安區安和路1段78巷10號,吳峻銘,5000000,107/06/08,115/05/14,股東出資轉讓修正章程,F108031 醫療器材批發業；F108040 化粧品批發業；F102170 食品什貨批發業；F106020 日常用品批發業；F107030 清潔用品批發業；F401010 國際貿易業；I501010 產品設計業；JB01010 會議及展覽服務業；ZZ99999 除許可業務外，得經營法令非禁止或限制之業務,臺北市,變更,11505
50781732,佳樂美健康事業股份有限公司,臺北市內湖區瑞光路302號9樓之1,許瑞麟,60000000,107/06/12,115/05/26,特殊補正,C199030 即食餐食製造業；C199990 未分類其他食品製造業；F102170 食品什貨批發業；F106020 日常用品批發業；F107030 清潔用品批發業；F203010 食品什貨、飲料零售業；F207030 清潔用品零售業；F299990 其他零售業；F399040 無店面零售業；F401010 國際貿易業,臺北市,變更,11505
50782520,鋐沛有限公司,臺北市大同區重慶北路3段137巷31號,施佳岑,1000000,107/06/14,115/05/05,董事/股東更名,ZZ99999 除許可業務外，得經營法令非禁止或限制之業務；F102170 食品什貨批發業；F104110 布疋、衣著、鞋、帽、傘、服飾品批發業；F108040 化粧品批發業；F113020 電器批發業；F113110 電池批發業；F114030 汽、機車零件配備批發業；F114050 車胎批發業；F114990 其他交通運輸工具及其零件批發業；F115010 首飾及貴金屬批發業,臺北市,變更,11505
50782824,利安資產管理有限公司,臺北市中山區長安東路2段81號12樓之5,黃南輝,15000000,107/06/15,115/05/19,特殊補正,H201010 一般投資業；H202010 創業投資業；H701010 住宅及大樓開發租售業；HZ02010 金融機構金錢債權收買業務；H701020 工業廠房開發租售業；H703090 不動產買賣業；H703100 不動產租賃業；ZZ99999 除許可業務外，得經營法令非禁止或限制之業務；H706011 租賃住宅代管業；H706021 租賃住宅包租業,臺北市,變更,11505
50783035,台灣卓一電訊有限公司,臺北市中山區民權西路70號11樓,張耿豪,5000000,107/06/15,115/05/05,特殊補正,F113070 電信器材批發業；F213060 電信器材零售業；F399040 無店面零售業；IZ99990 其他工商服務業；JZ99990 未分類其他服務業；F401010 國際貿易業；ZZ99999 除許可業務外，得經營法令非禁止或限制之業務；I301010 資訊軟體服務業；I301020 資料處理服務業,臺北市,變更,11505
50783513,開新創意策略股份有限公司,臺北市中山區南京東路2段36號4樓,吳東憶,1000000,107/06/15,115/05/12,董事/監察人持股變動報備,I103060 管理顧問業；I301010 資訊軟體服務業；I301020 資料處理服務業；I301030 電子資訊供應服務業；I401010 一般廣告服務業；I501010 產品設計業；I503010 景觀、室內設計業；IZ09010 管理系統驗證業；J303010 雜誌（期刊）出版業；J304010 圖書出版業,臺北市,變更,11505
50785110,博德開發股份有限公司,臺北市大安區復興南路一段167號2樓,朱家麒,608000000,107/06/21,115/05/22,一般補正案,E801010 室內裝潢業；H201010 一般投資業；H202010 創業投資業；H701010 住宅及大樓開發租售業；H701040 特定專業區開發業；H701060 新市鎮、新社區開發業；H703090 不動產買賣業；H703100 不動產租賃業；I102010 投資顧問業；I503010 景觀、室內設計業,臺北市,變更,11505
50785940,宏揚昇有限公司,臺北市大安區敦化南路1段337號8樓,楊秀芬,12000000,107/06/25,115/05/15,特殊補正,F102030 菸酒批發業；F102040 飲料批發業；F113010 機械批發業；F118010 資訊軟體批發業；F119010 電子材料批發業；F203020 菸酒零售業；H701010 住宅及大樓開發租售業；H703090 不動產買賣業；H703100 不動產租賃業；I301010 資訊軟體服務業,臺北市,變更,11505
50787095,浪漫街道股份有限公司,臺北市內湖區舊宗路1段150巷25號,增田将也,17000000,107/06/27,115/05/18,特殊補正,ZZ99999 除許可業務外，得經營法令非禁止或限制之業務；F102030 菸酒批發業；F102040 飲料批發業；F102170 食品什貨批發業；F203010 食品什貨、飲料零售業；F203020 菸酒零售業；F401010 國際貿易業；F501060 餐館業,臺北市,變更,11505
50787659,益德開發股份有限公司,臺北市中山區敬業一路1號,陳靜華,10000000,107/06/28,115/05/12,特殊補正,F206020 日常用品零售業；I503010 景觀、室內設計業；JZ99050 仲介服務業；F205040 家具、寢具、廚房器具、裝設品零售業；E603090 照明設備安裝工程業；E801040 玻璃安裝工程業；E901010 油漆工程業；E801020 門窗安裝工程業；E801070 廚具、衛浴設備安裝工程業；H701010 住宅及大樓開發租售業,臺北市,變更,11505
50788046,康邁健康管理顧問股份有限公司,臺北市中山區民權東路2段26號3樓之2,蔡鉑盛,6000000,107/06/29,115/05/08,發行新股,E605010 電腦設備安裝業；EZ05010 儀器、儀表安裝工程業；F101130 蔬果批發業；F102020 食用油脂批發業；F102170 食品什貨批發業；F104110 布疋、衣著、鞋、帽、傘、服飾品批發業；F106020 日常用品批發業；F107030 清潔用品批發業；F108040 化粧品批發業；F113050 電腦及事務性機器設備批發業,臺北市,變更,11505
50788192,台灣湯山股份有限公司,臺北市中山區林森北路308號15樓之3,湯山裕之,18500000,107/06/29,115/05/07,特殊補正,F107190 塑膠膜、袋批發業；F108031 醫療器材批發業；F113050 電腦及事務性機器設備批發業；F113060 度量衡器批發業；F118010 資訊軟體批發業；F208031 醫療器材零售業；F213030 電腦及事務性機器設備零售業；F213050 度量衡器零售業；F218010 資訊軟體零售業；F401010 國際貿易業,臺北市,變更,11505
50788278,準富投資有限公司,臺北市士林區天母北路5號6樓,張家瑜,20000000,107/06/29,115/05/14,特殊補正,H201010 一般投資業；ZZ99999 除許可業務外，得經營法令非禁止或限制之業務,臺北市,變更,11505
50789663,太平洋綠能股份有限公司,臺北市大安區大安路1段31巷41號1樓,鄭旭捷,230525920,107/07/04,115/05/12,發行新股,IG03010 能源技術服務業；D101060 再生能源自用發電設備業；F113110 電池批發業；F119010 電子材料批發業；I103060 管理顧問業；E606010 用電設備檢驗維護業；E607010 太陽熱能設備安裝工程業；F113010 機械批發業；CC01010 發電、輸電、配電機械製造業；CC01080 電子零組件製造業,臺北市,變更,11505
50791181,安泰國際物流股份有限公司,臺北市中山區民生東路3段71號5樓,白竹蘭,12900000,107/07/09,115/05/04,增資(資本總額),G402011 海運承攬運送業；G601011 航空貨運承攬業；G801010 倉儲業；IZ06010 理貨包裝業；F401010 國際貿易業；ZZ99999 除許可業務外，得經營法令非禁止或限制之業務,臺北市,變更,11505
50791479,啾比有限公司,臺北市中山區龍江路397巷1號,向玉麟,100000,107/07/09,115/05/20,特殊補正,F401010 國際貿易業；I103060 管理顧問業；I301010 資訊軟體服務業；I301020 資料處理服務業；I301030 電子資訊供應服務業；I401010 一般廣告服務業；I501010 產品設計業；I503010 景觀設計業；J305010 有聲出版業；J601010 藝文服務業,臺北市,變更,11505
50792040,黑潮數位金融股份有限公司,臺北市信義區基隆路2段189號10樓之3,黃武琦,30000000,107/07/10,115/05/15,公司所營事業變更修正章程,CC01030 電器及視聽電子產品製造業；CC01060 有線通信機械器材製造業；CC01070 無線通信機械器材製造業；CC01080 電子零組件製造業；CC01110 電腦及其週邊設備製造業；E605010 電腦設備安裝業；E701010 電信工程業；E701030 電信管制射頻器材裝設工程業；F113020 電器批發業；F113050 電腦及事務性機器設備批發業,臺北市,變更,11505
50792528,智寶國際開發股份有限公司,臺北市松山區復興北路191號10樓,許利瑋,313371450,104/10/05,115/05/05,特殊補正,F109070 文教、樂器、育樂用品批發業；F118010 資訊軟體批發業；H201010 一般投資業；F209060 文教、樂器、育樂用品零售業；F218010 資訊軟體零售業；F401010 國際貿易業；F601010 智慧財產權業；I103060 管理顧問業；I401010 一般廣告服務業；I501010 產品設計業,臺北市,變更,11505
50793456,賦盈廣告行銷股份有限公司,臺北市內湖區南京東路6段461號2樓之2,鄭家名,12500000,107/07/16,115/05/26,修正章程,E801010 室內裝潢業；H701010 住宅及大樓開發租售業；H701020 工業廠房開發租售業；H701090 都市更新整建維護業；H703090 不動產買賣業；H703100 不動產租賃業；H703110 老人住宅業；H704031 不動產仲介經紀業；H704041 不動產代銷經紀業；I103060 管理顧問業,臺北市,變更,11505
50794526,藍家小吃有限公司,臺北市中正區羅斯福路3段316巷8弄3號,藍秋玲,1500000,107/07/18,115/05/22,特殊補正,F501060 餐館業；F501030 飲料店業；I103060 管理顧問業；F102170 食品什貨批發業；ZZ99999 除許可業務外，得經營法令非禁止或限制之業務,臺北市,變更,11505
50795052,亞惟股份有限公司,臺北市松山區光復北路11巷35號3樓,曾葳葳,33040000,107/07/19,115/05/25,特殊補正,D101011 發電業；D101060 再生能源自用發電設備業；F101050 水產品批發業；F201030 水產品零售業；F401010 國際貿易業；IG03010 能源技術服務業；ZZ99999 除許可業務外，得經營法令非禁止或限制之業務,臺北市,變更,11505
50797570,善智健康事業股份有限公司,臺北市中山區敬業一路128巷28號4樓,洛桑加參,10135000,107/07/26,115/05/25,董事/監察人持股變動報備,F401010 國際貿易業；H201010 一般投資業；H202010 創業投資業；H703090 不動產買賣業；H703100 不動產租賃業；HZ99990 其他金融、保險及不動產業；I101070 農、林、漁、畜牧顧問業；I101080 工、礦顧問業；I101090 食品顧問業；I101100 航空顧問業,臺北市,變更,11505
50798993,寬荷投資股份有限公司,臺北市中正區杭州南路1段35號2樓之3,王思敏,2000000,107/07/30,115/05/29,補繳規費,H201010 一般投資業；ZZ99999 除許可業務外，得經營法令非禁止或限制之業務,臺北市,變更,11505
50799901,安福特科技有限公司,臺北市松山區南京東路4段17號8樓之5,張勝凱,13000000,107/08/01,115/05/18,補繳規費,F401010 國際貿易業；I301010 資訊軟體服務業；I501010 產品設計業；I599990 其他設計業；ZZ99999 除許可業務外，得經營法令非禁止或限制之業務；F118010 資訊軟體批發業；F107010 漆料、塗料批發業,臺北市,變更,11505
50840958,源田營造工程有限公司,臺北市內湖區行善路111巷1號7樓之2,董玉雪,5000000,107/08/02,115/05/19,公司所營事業變更修正章程,E101011 綜合營造業；ZZ99999 除許可業務外，得經營法令非禁止或限制之業務；E599010 配管工程業；E601010 電器承裝業；E601020 電器安裝業；E603010 電纜安裝工程業；E603090 照明設備安裝工程業；E603100 電焊工程業；E701010 電信工程業；E701020 衛星電視ＫＵ頻道、Ｃ頻道器材安裝業,臺北市,變更,11505
50856450,浩安國際有限公司,臺北市大安區敦化南路2段265巷7號1樓,何浩源,500000,107/10/12,115/05/05,特殊補正,F102040 飲料批發業；F102050 茶葉批發業；F102170 食品什貨批發業；F201010 農產品零售業；F203010 食品什貨、飲料零售業；F399040 無店面零售業；F401010 國際貿易業；F501030 飲料店業；I101090 食品顧問業；I103060 管理顧問業,臺北市,變更,11505
50858555,東麒企管顧問有限公司,臺北市中山區建國北路2段3巷15號2樓之8,林瑋麒,500000,107/08/03,115/05/12,特殊補正,F118010 資訊軟體批發業；F119010 電子材料批發業；F213030 電腦及事務性機器設備零售業；F401010 國際貿易業；I102010 投資顧問業；I103060 管理顧問業；I105010 藝術品諮詢顧問業；I199990 其他顧問服務業；I301010 資訊軟體服務業；I301020 資料處理服務業,臺北市,變更,11505
50859153,金禾雅有限公司,臺北市信義區基隆路1段176號5樓之1,楊林貝貝,7386100,107/08/07,115/05/20,特殊補正,H201010 一般投資業,臺北市,變更,11505
50859891,雄興建設股份有限公司,臺北市松山區南京東路4段45號7樓,蔡秋鑾,44000000,107/08/08,115/05/27,增資(資本總額),H701010 住宅及大樓開發租售業；H701020 工業廠房開發租售業；H701060 新市鎮、新社區開發業；H703090 不動產買賣業；H703100 不動產租賃業；ZZ99999 除許可業務外，得經營法令非禁止或限制之業務,臺北市,變更,11505
50861051,逸思全球有限公司,臺北市信義區忠孝東路5段1號2樓,楊晨欣,500000,107/08/10,115/05/13,公司所在地,I103060 管理顧問業；I199990 其他顧問服務業；H201010 一般投資業；F399040 無店面零售業；F401010 國際貿易業；ZZ99999 除許可業務外，得經營法令非禁止或限制之業務,臺北市,變更,11505
50863451,棣華行銷有限公司,臺北市大同區重慶北路3段277號2樓,陳南茜,10000000,107/08/17,115/05/15,增資,F299990 其他零售業；F399040 無店面零售業；F399990 其他綜合零售業；F401010 國際貿易業；F601010 智慧財產權業；I501010 產品設計業；I503010 景觀、室內設計業；I599990 其他設計業；ZZ99999 除許可業務外，得經營法令非禁止或限制之業務；F106060 寵物食品及其用品批發業,臺北市,變更,11505
50864043,台灣泰勒梅高爾夫有限公司,臺北市中山區南京東路3段168號15樓,David Abeles,20000000,107/08/21,115/05/21,法人股東指(改)派代表人為董事,F104110 布疋、衣著、鞋、帽、傘、服飾品批發業；F109070 文教、樂器、育樂用品批發業；F204110 布疋、衣著、鞋、帽、傘、服飾品零售業；F209060 文教、樂器、育樂用品零售業；F401010 國際貿易業；ZZ99999 除許可業務外，得經營法令非禁止或限制之業務,臺北市,變更,11505
50867695,碩妃健康事業股份有限公司,臺北市中山區民權東路3段2號15樓,薛永祥,6600000,107/08/30,115/05/13,特殊補正,F102040 飲料批發業；F102050 茶葉批發業；F102170 食品什貨批發業；F203010 食品什貨、飲料零售業；F399040 無店面零售業；F401010 國際貿易業；F501030 飲料店業；J701040 休閒活動場館業；J801030 競技及休閒運動場館業；I103060 管理顧問業,臺北市,變更,11505
50867739,威秀畢特股份有限公司,臺北市內湖區成功路4段41巷5號4樓,陳家俊,1333330,107/08/30,115/05/21,特殊補正,JZ99030 攝影業；J404010 動畫影片製作業；JZ99990 未分類其他服務業；J401010 電影片製作業；J404020 提供設備及場地供電影片拍攝業；I502010 服飾設計業；I599990 其他設計業；IZ10010 排版業；ZZ99999 除許可業務外，得經營法令非禁止或限制之業務,臺北市,變更,11505
50868961,極美顧問有限公司,臺北市松山區民權東路3段142號10樓之2,陳怡婷,500000,107/09/03,115/05/29,特殊補正,E801010 室內裝潢業；F111090 建材批發業；F117010 消防安全設備批發業；F120010 耐火材料批發業；F211010 建材零售業；F217010 消防安全設備零售業；F220010 耐火材料零售業；G202010 停車場經營業；H701010 住宅及大樓開發租售業；H701020 工業廠房開發租售業,臺北市,變更,11505
50870328,資誠普華國際財務顧問有限公司,臺北市信義區基隆路1段333號26樓,劉博文,10000000,107/09/07,115/05/19,股東出資轉讓修正章程,I102010 投資顧問業；I103060 管理顧問業；JD01010 工商徵信服務業；ZZ99999 除許可業務外，得經營法令非禁止或限制之業務,臺北市,變更,11505
50870333,臺企銀創業投資股份有限公司,臺北市大同區塔城街30號11樓,欒家瑞,1370747550,107/09/07,115/05/25,改派董事/監察人,H201010 一般投資業；H202010 創業投資業；I102010 投資顧問業；I103060 管理顧問業；ZZ99999 除許可業務外，得經營法令非禁止或限制之業務,臺北市,變更,11505
50875560,展市華科技股份有限公司,臺北市南港區三重路19之11號3樓,張素華,7000000,107/09/25,115/05/18,減少所營事業變更修正章程,F118010 資訊軟體批發業；F218010 資訊軟體零售業；F399040 無店面零售業；F401010 國際貿易業；F601010 智慧財產權業；H202010 創業投資業；I102010 一般投資顧問業；I103060 管理顧問業；I301010 資訊軟體服務業；I301020 資料處理服務業,臺北市,變更,11505
50875822,台大龍腦生物科技股份有限公司,臺北市大安區羅斯福路3段269巷8號2樓,高武勲,15000000,107/09/25,115/05/19,公司所營事業變更修正章程,A101020 農作物栽培業；A101030 特用作物栽培業；A101040 食用菌菇類栽培業；A101050 花卉栽培業；A102020 農產品整理業；A102050 作物栽培服務業；A102080 園藝服務業；A199990 其他農業；A201010 造林業；A201030 特殊林木經營業,臺北市,變更,11505
50876694,愚人文化事業有限公司,臺北市內湖區陽光街345巷12號4樓,李尚潔,200000,107/09/27,115/05/11,公司所在地,J601010 藝文服務業；JB01010 會議及展覽服務業；F399040 無店面零售業；F399990 其他綜合零售業；F401010 國際貿易業；F203020 菸酒零售業；F203010 食品什貨、飲料零售業；JZ99090 喜慶綜合服務業；J603010 音樂展演空間業；ZZ99999 除許可業務外，得經營法令非禁止或限制之業務,臺北市,變更,11505
50878308,薇安盟特股份有限公司,臺北市中山區長安東路2段142號2樓之2,彭琬婷,76000000,107/10/02,115/05/27,補繳規費,F399040 無店面零售業；F401010 國際貿易業；F104110 布疋、衣著、鞋、帽、傘、服飾品批發業；F108040 化粧品批發業；F110010 鐘錶批發業；F110020 眼鏡批發業；F115010 首飾及貴金屬批發業；F115020 礦石批發業；F204110 布疋、衣著、鞋、帽、傘、服飾品零售業；F208040 化粧品零售業,臺北市,變更,11505
50880374,恆居投資有限公司,臺北市中山區長安東路2段52號3樓,張穎頎,30010000,107/10/09,115/05/14,補繳規費,F104110 布疋、衣著、鞋、帽、傘、服飾品批發業；F106020 日常用品批發業；F204110 布疋、衣著、鞋、帽、傘、服飾品零售業；F206020 日常用品零售業；F399040 無店面零售業；ZZ99999 除許可業務外，得經營法令非禁止或限制之業務；H703100 不動產租賃業；H201010 一般投資業；H706021 租賃住宅包租業；H706011 租賃住宅代管業,臺北市,變更,11505
50881275,富可世空間設計股份有限公司,臺北市內湖區南京東路6段451巷57號6樓之5,甘明仁,2000000,107/10/11,115/05/11,特殊補正,C701010 印刷業；C702010 製版業；E801010 室內裝潢業；E801030 室內輕鋼架工程業；E901010 油漆工程業；EZ99990 其他工程業；F113050 電腦及事務性機器設備批發業；F213030 電腦及事務性機器設備零售業；F401010 國際貿易業；I102010 投資顧問業,臺北市,變更,11505
50883920,中信證創業投資股份有限公司,臺北市南港區經貿二路188號14樓,林明杉,404425360,107/10/19,115/05/28,改選董事/監察人(一人法人股東指派董事/監察人),H202010 創業投資業；I102010 投資顧問業；I103060 管理顧問業；ZZ99999 除許可業務外，得經營法令非禁止或限制之業務,臺北市,變更,11505
50884879,頑全公關顧問股份有限公司,臺北市內湖區基湖路3巷9號5樓之1,劉朔全,1500000,107/10/22,115/05/27,特殊補正,F106020 日常用品批發業；F107030 清潔用品批發業；F108040 化粧品批發業；F115010 首飾及貴金屬批發業；F115020 礦石批發業；F206020 日常用品零售業；F207030 清潔用品零售業；F208040 化粧品零售業；F215010 首飾及貴金屬零售業；F215020 礦石零售業,臺北市,變更,11505
50885758,和雲行動服務股份有限公司,臺北市中山區長安東路二段99號5樓,謝富來,704664590,107/10/24,115/05/18,改派董事/監察人,G101041 小客車租賃業；F113010 機械批發業；F113020 電器批發業；F113050 電腦及事務性機器設備批發業；F113100 污染防治設備批發業；F114010 汽車批發業；F114020 機車批發業；F114030 汽、機車零件配備批發業；F213010 電器零售業；F213030 電腦及事務性機器設備零售業,臺北市,變更,11505
50886089,三富國際投資股份有限公司,臺北市大同區重慶北路2段194號1樓,石珮彣,28000000,107/10/25,115/05/13,變更組織,F118010 資訊軟體批發業；F119010 電子材料批發業；F218010 資訊軟體零售業；F219010 電子材料零售業；F401010 國際貿易業；H201010 一般投資業；H703090 不動產買賣業；H703100 不動產租賃業；HZ02010 金融機構金錢債權收買業務；HZ02020 辦理金融機構金錢債權之評價或拍賣業務,臺北市,變更,11505
50887019,精明興業股份有限公司,臺北市中山區南京東路3段118號9樓,洪信泰,5000000,107/10/30,115/05/06,特殊補正,F102020 食用油脂批發業；F102040 飲料批發業；F102050 茶葉批發業；F102170 食品什貨批發業；F106020 日常用品批發業；F106050 陶瓷玻璃器皿批發業；IZ06010 理貨包裝業；J503010 廣播節目製作業；F108031 醫療器材批發業；F208031 醫療器材零售業,臺北市,變更,11505
50888116,創曼有限公司,臺北市松山區吉祥路51號1樓,林聖傑,5000000,107/11/01,115/05/13,公司所在地,CC01120 資料儲存媒體製造及複製業；F118010 資訊軟體批發業；F218010 資訊軟體零售業；F401010 國際貿易業；I301010 資訊軟體服務業；I301020 資料處理服務業；I301030 電子資訊供應服務業；I401010 一般廣告服務業；J399010 軟體出版業；JE01010 租賃業,臺北市,變更,11505
50889369,安心宅室內裝修有限公司,臺北市中正區許昌街42號10樓,八木春樹,1000000,107/11/06,115/05/11,特殊補正,E801010 室內裝潢業；E801060 室內裝修業；IZ04010 翻譯業；F401010 國際貿易業；EZ99990 其他工程業；F211010 建材零售業；ZZ99999 除許可業務外，得經營法令非禁止或限制之業務,臺北市,變更,11505
50889950,百歐淨化科技有限公司,臺北市士林區承德路4段188號3樓,陳威伶,2000000,107/11/08,115/05/04,補繳規費,F107030 清潔用品批發業；F106020 日常用品批發業；J101010 建築物清潔服務業；F102180 酒精批發業；F106010 五金批發業；F106050 陶瓷玻璃器皿批發業；F107080 環境用藥批發業；F107200 化學原料批發業；F107990 其他化學製品批發業；F108040 化粧品批發業,臺北市,變更,11505
50890128,亞奇雷科技股份有限公司,臺北市內湖區堤頂大道1段33號8樓,趙宸宇,150000000,107/11/09,115/05/27,特殊補正,CC01120 資料儲存媒體製造及複製業；CC01110 電腦及其週邊設備製造業；CC01080 電子零組件製造業；I301030 電子資訊供應服務業；I301010 資訊軟體服務業；F119010 電子材料批發業；F113050 電腦及事務性機器設備批發業；F118010 資訊軟體批發業；F113070 電信器材批發業；I501010 產品設計業,臺北市,變更,11505
50891484,兩岸雲端有限公司,臺北市中正區館前路2號12樓,施建興,2000000,107/11/14,115/05/21,特殊補正,JZ99050 仲介服務業；F105050 家具、寢具、廚房器具、裝設品批發業；F205040 家具、寢具、廚房器具、裝設品零售業；F106020 日常用品批發業；F206020 日常用品零售業；E801010 室內裝潢業；E801070 廚具、衛浴設備安裝工程業；E603090 照明設備安裝工程業；F199990 其他批發業；ZZ99999 除許可業務外，得經營法令非禁止或限制之業務,臺北市,變更,11505
50893342,才勝國際有限公司,臺北市松山區南京東路4段21號9樓之2,陳美珠,3500000,107/11/20,115/05/28,公司名稱變更修正章程,F102170 食品什貨批發業；F101040 家畜家禽批發業；F101050 水產品批發業；F101130 蔬果批發業；F102030 菸酒批發業；F113050 電腦及事務性機器設備批發業；F399040 無店面零售業；F399990 其他綜合零售業；F401010 國際貿易業；F601010 智慧財產權業,臺北市,變更,11505
50893856,十四有限公司,臺北市中山區長安東路2段178號5樓,葉銘泓,4000000,107/11/21,115/05/13,申登機關變更（遷入，含卷）,F401010 國際貿易業；I501010 產品設計業；I401010 一般廣告服務業；F104110 布疋、衣著、鞋、帽、傘、服飾品批發業；F105050 家具、寢具、廚房器具、裝設品批發業；F106020 日常用品批發業；F106050 陶瓷玻璃器皿批發業；F109070 文教、樂器、育樂用品批發業；I503010 景觀、室內設計業；I599990 其他設計業,臺北市,變更,11505
50894948,舜美飾品股份有限公司,臺北市內湖區文德路165號,陳美理,18100000,107/11/23,115/05/08,特殊補正,ZZ99999 除許可業務外，得經營法令非禁止或限制之業務；C307010 服飾品製造業；CG01010 珠寶及貴金屬製品製造業；CH01040 玩具製造業；F401010 國際貿易業；I501010 產品設計業；I502010 服飾設計業；I599990 其他設計業；F601010 智慧財產權業；I199990 其他顧問服務業,臺北市,變更,11505
50895427,法雅創意有限公司,臺北市大安區復興南路1段390號8樓之1,汪承霖,2300000,107/11/26,115/05/27,特殊補正,E701040 簡易電信設備安裝業；E601020 電器安裝業；E603090 照明設備安裝工程業；E801010 室內裝潢業；E801020 門窗安裝工程業；E801030 室內輕鋼架工程業；E801040 玻璃安裝工程業；E801070 廚具、衛浴設備安裝工程業；E901010 油漆工程業；EZ99990 其他工程業,臺北市,變更,11505
50896087,特欣國際股份有限公司,臺北市內湖區新湖三路23號5樓,謝有全,36990000,107/11/28,115/05/21,特殊補正,F113020 電器批發業；F113050 電腦及事務性機器設備批發業；F119010 電子材料批發業；F213010 電器零售業；F213030 電腦及事務性機器設備零售業；F219010 電子材料零售業；E601020 電器安裝業；E603090 照明設備安裝工程業；E801010 室內裝潢業；E801020 門窗安裝工程業,臺北市,變更,11505
50898509,金毓陞股份有限公司,臺北市松山區復興北路57號2樓之1,歐建良,317000000,107/12/04,115/05/04,特殊補正,J901020 一般旅館業；JZ99050 仲介服務業；F203010 食品什貨、飲料零售業；F204110 布疋、衣著、鞋、帽、傘、服飾品零售業；F401010 國際貿易業；F501030 飲料店業；I101090 食品顧問業；I102010 投資顧問業；I103060 管理顧問業；I199990 其他顧問服務業,臺北市,變更,11505
50898607,東小南山太陽能股份有限公司,臺北市內湖區瑞光路583巷23號4樓,楊仁德,10000000,107/12/05,115/05/26,特殊補正,D101060 再生能源自用發電設備業；E607010 太陽熱能設備安裝工程業；IG03010 能源技術服務業；D401010 熱能供應業；CC01010 發電、輸電、配電機械製造業；E601010 電器承裝業；E603050 自動控制設備工程業；H201010 一般投資業；F113030 精密儀器批發業；F119010 電子材料批發業,臺北市,變更,11505
50898661,馬特蘭山太陽能股份有限公司,臺北市內湖區瑞光路583巷23號4樓,楊仁德,10000000,107/12/05,115/05/25,特殊補正,D101060 再生能源自用發電設備業；E607010 太陽熱能設備安裝工程業；IG03010 能源技術服務業；D401010 熱能供應業；CC01010 發電、輸電、配電機械製造業；E601010 電器承裝業；E603050 自動控制設備工程業；H201010 一般投資業；F113030 精密儀器批發業；F119010 電子材料批發業,臺北市,變更,11505
50899346,陽光伏特家電力股份有限公司,臺北市南港區重陽路267號10樓,馮嘯儒,50000000,107/12/06,115/05/14,特殊補正,I199990 其他顧問服務業；I301010 資訊軟體服務業；I301020 資料處理服務業；I301030 電子資訊供應服務業；I401010 一般廣告服務業；IG03010 能源技術服務業；IZ15010 市場研究及民意調查業；IZ99990 其他工商服務業；F399040 無店面零售業；D101091 再生能源售電業,臺北市,變更,11505
50900765,欣創新整合行銷股份有限公司,臺北市信義區東興路49號6樓,林尹川,35000000,107/12/12,115/05/22,增資(資本總額),I103060 管理顧問業；J601010 藝文服務業；J602010 演藝活動業；J803010 運動表演業；JB01010 會議及展覽服務業；I401010 一般廣告服務業；IZ15010 市場研究及民意調查業；F104110 布疋、衣著、鞋、帽、傘、服飾品批發業；F105050 家具、寢具、廚房器具、裝設品批發業；F106020 日常用品批發業,臺北市,變更,11505
50901032,中央尖山太陽能股份有限公司,臺北市內湖區瑞光路583巷23號4樓,楊仁德,5050000,107/12/12,115/05/26,特殊補正,D101060 再生能源自用發電設備業；E607010 太陽熱能設備安裝工程業；IG03010 能源技術服務業；D401010 熱能供應業；CC01010 發電、輸電、配電機械製造業；E601010 電器承裝業；E603050 自動控制設備工程業；H201010 一般投資業；F113030 精密儀器批發業；F119010 電子材料批發業,臺北市,變更,11505
50901574,宇斻管理顧問股份有限公司,臺北市中山區復興北路176號3樓之1,尤齊著,5300000,107/12/13,115/05/19,公司所在地,F401010 國際貿易業；H202010 創業投資業；I102010 投資顧問業；I103060 管理顧問業；I199990 其他顧問服務業；I401010 一般廣告服務業；IZ12010 人力派遣業；IZ99990 其他工商服務業；J202010 產業育成業；J601010 藝文服務業,臺北市,變更,11505
50902927,凱蘭特崑山太陽能股份有限公司,臺北市內湖區瑞光路583巷23號4樓,楊仁德,15000000,107/12/18,115/05/26,特殊補正,D101060 再生能源自用發電設備業；E607010 太陽熱能設備安裝工程業；IG03010 能源技術服務業；D401010 熱能供應業；CC01010 發電、輸電、配電機械製造業；E601010 電器承裝業；E603050 自動控制設備工程業；H201010 一般投資業；F113030 精密儀器批發業；F119010 電子材料批發業,臺北市,變更,11505
50904354,台灣康瑞斯科技有限公司,臺北市松山區南京東路5段1號7樓,羅伯特希爾(Robert Louis HILL),25000,107/12/22,115/05/22,特殊補正,F113050 電腦及事務性機器設備批發業；F119010 電子材料批發業；F113010 機械批發業；F118010 資訊軟體批發業；E605010 電腦設備安裝業；I301010 資訊軟體服務業；I301020 資料處理服務業；I301030 電子資訊供應服務業；ZZ99999 除許可業務外，得經營法令非禁止或限制之業務,臺北市,變更,11505
50905889,源流亞太國際有限公司,臺北市大安區和平東路3段36號11樓之2,MCCARTHY MICHAEL JOHN,500000,107/12/28,115/05/26,特殊補正,F102170 食品什貨批發業；F203010 食品什貨、飲料零售業；F108040 化粧品批發業；F208040 化粧品零售業；F399040 無店面零售業；F401010 國際貿易業；I199990 其他顧問服務業；IZ12010 人力派遣業；ZZ99999 除許可業務外，得經營法令非禁止或限制之業務,臺北市,變更,11505
50906450,康沛科技股份有限公司,臺北市信義區松山路393巷8號,蔡宏眼,28618850,107/12/28,115/05/18,特殊補正,I301010 資訊軟體服務業；I301020 資料處理服務業；I301030 電子資訊供應服務業；ZZ99999 除許可業務外，得經營法令非禁止或限制之業務,臺北市,變更,11505
50969763,藍橘有限公司,臺北市大同區昌吉街194號1樓,鄭宇婷,100000,107/10/31,115/05/27,特殊補正,F204110 布疋、衣著、鞋、帽、傘、服飾品零售業；F209060 文教、樂器、育樂用品零售業；F399040 無店面零售業；F399990 其他綜合零售業；F401010 國際貿易業；ZZ99999 除許可業務外，得經營法令非禁止或限制之業務,臺北市,變更,11505
50972789,月恆國際投資股份有限公司,臺北市中山區中山北路2段52號11樓,陳明勳,114730000,107/11/19,115/05/11,特殊補正,I102010 投資顧問業；I103060 管理顧問業；IZ15010 市場研究及民意調查業；JD01010 工商徵信服務業；JE01010 租賃業；JZ99050 仲介服務業；IG03010 能源技術服務業；D101050 汽電共生業；D101060 再生能源自用發電設備業；D401010 熱能供應業,臺北市,變更,11505
50990436,辰鵬股份有限公司,臺北市中正區紹興北街31巷15弄4號1樓,王雲嵩,6000000,108/03/04,115/05/15,特殊補正,F102030 菸酒批發業；F102040 飲料批發業；F102050 茶葉批發業；F102170 食品什貨批發業；F103010 飼料批發業；F104110 布疋、衣著、鞋、帽、傘、服飾品批發業；F105050 家具、寢具、廚房器具、裝設品批發業；F106010 五金批發業；F106020 日常用品批發業；F106050 陶瓷玻璃器皿批發業,臺北市,變更,11505
51015548,嘉里大榮物流股份有限公司,臺北市中正區新生南路一段50號14樓,沈宗桂,4670004980,48/12/21,115/05/25,改派董事/監察人,G101061 汽車貨運業；G101071 汽車路線貨運業；G101081 汽車貨櫃貨運業；G801010 倉儲業；IZ06010 理貨包裝業；H701010 住宅及大樓開發租售業；H701040 特定專業區開發業；G799990 其他運輸輔助業；JE01010 租賃業；H703100 不動產租賃業,臺北市,變更,11505
51157460,香港商阿里巴巴香港電子商務有限公司,臺北市松山區南京東路五段188號11樓,廖羿琦,1000000,105/11/30,115/05/13,改派在中華民國境內負責人變更登記,I301030 電子資訊供應服務業(限中華民國行業標準分類6311入口網站經營業及6312資料處理、網站代管及相關服務業)；I401020 廣告傳單分送業(限中華民國行業標準分類7310廣告業；從事廣告代理或報紙、期刊、廣播、電視、網路等媒體廣告之設計、繪製、模塑、選擇場所及裝置者除外),臺北市,變更,11505
51162111,香港商徠卡大中華相機有限公司,臺北市大安區青田街6巷3號,杜西蒙,350000,105/11/11,115/05/21,本公司董事及其他負責人變更,F116010 照相器材批發業；F216010 照相器材零售業；F113030 精密儀器批發業；F213040 精密儀器零售業；F113020 電器批發業；F213010 電器零售業；JA02010 電器及電子產品修理業；F113070 電信器材批發業；F213060 電信器材零售業；F401021 電信管制射頻器材輸入業,臺北市,變更,11505
51166600,新加坡商艾雅思股份有限公司,臺北市信義區信義路4段458號12樓,李佳倩,30000000,105/11/22,115/05/27,在中華民國所營事業增加登記,I301010 資訊軟體服務業；I401010 一般廣告服務業；J503040 廣播電視廣告業；J404010 動畫影片製作業；F118010 資訊軟體批發業；F218010 資訊軟體零售業；I301030 電子資訊供應服務業；I501010 產品設計業；IZ15010 市場研究及民意調查業；I102010 投資顧問業,臺北市,變更,11505
51251900,英屬維京群島商眾群國際人力資源顧問股份有限公司,臺北市內湖區洲子街55號4樓,方胤中,2500000,88/03/03,115/05/21,在中華民國境內負責人姓名、護照號碼、國籍變更登記,I701011 就業服務業；I103060 管理顧問業,臺北市,變更,11505
51252106,德承投資股份有限公司,臺北市中正區忠孝西路一段80號17樓,張良如,751100000,105/12/22,115/05/18,董事/監察人持股變動報備,H201010 一般投資業；ZZ99999 除許可業務外，得經營法令非禁止或限制之業務,臺北市,變更,11505
51566330,允成投資股份有限公司,臺北市中山區中山北路二段113號8樓,辜公怡,551029000,106/11/01,115/05/15,一般補正案,H201010 一般投資業；JE01010 租賃業；H703100 不動產租賃業；ZZ99999 除許可業務外，得經營法令非禁止或限制之業務,臺北市,變更,11505
51619076,誠鼎創業投資股份有限公司,臺北市大安區新生南路1段99號8樓,邱德成,1350000000,106/12/26,115/05/27,改選董事/監察人(一人法人股東指派董事/監察人),H202010 創業投資業；ZZ99999 除許可業務外，得經營法令非禁止或限制之業務,臺北市,變更,11505
52204455,創興國際醫務管理顧問股份有限公司,臺北市中山區復興北路344號9樓,張正勲,39750000,105/08/18,115/05/19,特殊補正,E605010 電腦設備安裝業；F102170 食品什貨批發業；F104110 布疋、衣著、鞋、帽、傘、服飾品批發業；F106020 日常用品批發業；F107030 清潔用品批發業；F107990 其他化學製品批發業；F108040 化粧品批發業；F109070 文教、樂器、育樂用品批發業；F113030 精密儀器批發業；F113050 電腦及事務性機器設備批發業,臺北市,變更,11505
52207827,非常棒國際創意股份有限公司,臺北市信義區基隆路2段7號4樓,李紀綱,3600000,105/08/18,115/05/13,申登機關變更（遷入，含卷）,F104110 布疋、衣著、鞋、帽、傘、服飾品批發業；F109070 文教、樂器、育樂用品批發業；F204110 布疋、衣著、鞋、帽、傘、服飾品零售業；F209060 文教、樂器、育樂用品零售業；F299990 其他零售業；F401010 國際貿易業；F601010 智慧財產權業；H202010 創業投資業；I103060 管理顧問業；I199990 其他顧問服務業,臺北市,變更,11505
52211104,維樂生活世界股份有限公司,臺北市中正區信義路2段213號11樓,吳錦融,6000000,105/08/18,115/05/18,特殊補正,H703110 老人住宅業；F101130 蔬果批發業；F102170 食品什貨批發業；F106020 日常用品批發業；F108040 化粧品批發業；F121010 食品添加物批發業；F208050 乙類成藥零售業；F401010 國際貿易業；I102010 投資顧問業；I103060 管理顧問業,臺北市,變更,11505
52214833,紅衣小女孩股份有限公司,臺北市內湖區瑞光路192號11樓之1,曾瀚賢,4726870,105/08/23,115/05/15,特殊補正,J401010 電影片製作業；J402010 電影片發行業；J503010 廣播節目製作業；J503020 電視節目製作業；J503030 廣播電視節目發行業；J503040 廣播電視廣告業；J503050 錄影節目帶業；J601010 藝文服務業；J602010 演藝活動業；J304010 圖書出版業,臺北市,變更,11505
52220602,天守建設股份有限公司,臺北市大同區寧夏路11號3樓之13,陳玉奇,1000000,105/08/25,115/05/22,特殊補正,H201010 一般投資業；H202010 創業投資業；H701010 住宅及大樓開發租售業；H701020 工業廠房開發租售業；H701050 投資興建公共建設業；H701090 都市更新整建維護業；H703090 不動產買賣業；H703100 不動產租賃業；H703110 老人住宅業；HZ02010 金融機構金錢債權收買業務,臺北市,變更,11505
52222411,翰驊股份有限公司,臺北市大同區承德路3段263號8樓,林志遠,15195000,105/08/26,115/05/07,增資(資本總額),H201010 一般投資業,臺北市,變更,11505
52245337,帳聯網路科技股份有限公司,臺北市信義區忠孝東路5段68號34樓,劉世偉,159192864,105/09/01,115/05/20,特殊補正,F118010 資訊軟體批發業；F218010 資訊軟體零售業；I301010 資訊軟體服務業；I301020 資料處理服務業；I301030 電子資訊供應服務業；I501010 產品設計業；IZ09010 管理系統驗證業；IZ13010 網路認證服務業；IZ99990 其他工商服務業；ZZ99999 除許可業務外，得經營法令非禁止或限制之業務,臺北市,變更,11505
52258753,捷盛旅行社有限公司,臺北市中山區農安街210號11樓,陳又榛,6000000,105/09/05,115/05/08,補繳規費,J902011 旅行業,臺北市,變更,11505
52259211,米次方國際行銷傳播有限公司,臺北市中正區許昌街42號8樓,鄭禮籐,1990000,105/09/05,115/05/08,特殊補正,F401010 國際貿易業；F601010 智慧財產權業；H201010 一般投資業；I102010 投資顧問業；I103060 管理顧問業；I301010 資訊軟體服務業；I301030 電子資訊供應服務業；I401010 一般廣告服務業；I401020 廣告傳單分送業；IZ12010 人力派遣業,臺北市,變更,11505
52266780,和田生活股份有限公司,臺北市中正區重慶南路2段51號8樓,劉倫芳,220000000,105/09/07,115/05/18,特殊補正,I199990 其他顧問服務業；H201010 一般投資業；H202010 創業投資業；H701010 住宅及大樓開發租售業；H701020 工業廠房開發租售業；H701040 特定專業區開發業；H701050 投資興建公共建設業；H701060 新市鎮、新社區開發業；H701070 區段徵收及市地重劃代辦業；H701080 都市更新重建業,臺北市,變更,11505
52282016,陽光投資股份有限公司,臺北市內湖區港墘路189號10樓,楊武男,660000000,105/09/12,115/05/12,董事/監察人持股變動報備,H201010 一般投資業,臺北市,變更,11505
52290395,興紀餐飲有限公司,臺北市內湖區內湖路1段91巷18號1、2樓及20號1樓,劉福興,10000000,105/09/14,115/05/12,增資,F102170 食品什貨批發業；F203010 食品什貨、飲料零售業；ZZ99999 除許可業務外，得經營法令非禁止或限制之業務；C199030 即食餐食製造業；C103050 罐頭、冷凍、脫水及醃漬食品製造業；C104020 烘焙炊蒸食品製造業,臺北市,變更,11505
52332037,玉山能源股份有限公司,臺北市中山區南京東路3段168號10樓之5,Ryo Zushiden,5050000,105/10/05,115/05/25,董事/監察人證照變更,D101040 非屬公用之發電業；D101060 再生能源自用發電設備業；H201010 一般投資業；H202010 創業投資業；I102010 投資顧問業；I103060 管理顧問業；I199990 其他顧問服務業；I301010 資訊軟體服務業；I301020 資料處理服務業；IG02010 研究發展服務業,臺北市,變更,11505
52339952,瑪莎計畫婚禮顧問有限公司,臺北市中山區中山北路3段49號7樓,李尚澄,300000,105/10/05,115/05/20,董事/股東更名,JB01010 會議及展覽服務業；JE01010 租賃業；JZ99030 攝影業；JZ99080 美容美髮服務業；JZ99090 喜慶綜合服務業；F204110 布疋、衣著、鞋、帽、傘、服飾品零售業；F401010 國際貿易業；I102010 投資顧問業；I502010 服飾設計業；I504010 花藝設計業,臺北市,變更,11505
52341471,世界之地標有限公司,臺北市松山區民族東路679之1號6樓,周澐,1000000,105/10/06,115/05/15,特殊補正,CC01060 有線通信機械器材製造業；CC01070 無線通信機械器材製造業；CC01080 電子零組件製造業；CC01090 電池製造業；CC01110 電腦及其週邊設備製造業；E601020 電器安裝業；E605010 電腦設備安裝業；E701010 電信工程業；F113020 電器批發業；F113050 電腦及事務性機器設備批發業,臺北市,變更,11505
52344131,台灣北陸能源發展股份有限公司,臺北市中山區南京東路3段168號14樓之2,Tobias Charles Edmonds,5000000,105/10/07,115/05/20,改選董事/監察人(一人法人股東指派董事/監察人),I102010 投資顧問業；I103060 管理顧問業；IG03010 能源技術服務業；ZZ99999 除許可業務外，得經營法令非禁止或限制之業務,臺北市,變更,11505
52346953,星核國際股份有限公司,臺北市大安區仁愛路3段28號6樓之7,劉佳珊,3000000,105/10/07,115/05/14,特殊補正,F102170 食品什貨批發業；F106020 日常用品批發業；F108040 化粧品批發業；F203010 食品什貨、飲料零售業；F208040 化粧品零售業；F221010 食品添加物零售業；F399040 無店面零售業；F399990 其他綜合零售業；F401010 國際貿易業；ZZ99999 除許可業務外，得經營法令非禁止或限制之業務,臺北市,變更,11505
52359149,向彤股份有限公司,臺北市大安區潮州街98巷6之1號1樓,張智亮,5000000,105/10/13,115/05/27,特殊補正,F102170 食品什貨批發業；F105050 家具、寢具、廚房器具、裝設品批發業；F106020 日常用品批發業；F108040 化粧品批發業；F115010 首飾及貴金屬批發業；F204110 布疋、衣著、鞋、帽、傘、服飾品零售業；F205040 家具、寢具、廚房器具、裝設品零售業；F206020 日常用品零售業；F208040 化粧品零售業；F210010 鐘錶零售業,臺北市,變更,11505
52379285,三原有限公司,臺北市松山區民生東路5段165號6樓之6,楊博宇,31000000,105/10/21,115/05/15,特殊補正,F104110 布疋、衣著、鞋、帽、傘、服飾品批發業；F203010 食品什貨、飲料零售業；F204110 布疋、衣著、鞋、帽、傘、服飾品零售業；F206010 五金零售業；F206020 日常用品零售業；F299990 其他零售業；F399990 其他綜合零售業；F401010 國際貿易業；F501030 飲料店業；F501060 餐館業,臺北市,變更,11505
52380564,宏碁智新股份有限公司,臺北市松山區復興北路369號7樓之5,侯知遠,280000000,105/10/24,115/05/05,發行新股,F113050 電腦及事務性機器設備批發業；F213030 電腦及事務性機器設備零售業；F401010 國際貿易業；I301010 資訊軟體服務業；I301020 資料處理服務業；I301030 電子資訊供應服務業；JE01010 租賃業；CC01030 電器及視聽電子產品製造業；CC01110 電腦及其週邊設備製造業；F113070 電信器材批發業,臺北市,變更,11505
52383252,榮美國際實業有限公司,臺北市大安區仁愛路4段107號7樓,張錫欽,2000000,105/10/24,115/05/05,改推董事/董事長,F214010 汽車零售業；F218010 資訊軟體零售業；F219010 電子材料零售業；F401010 國際貿易業；I301010 資訊軟體服務業；I301020 資料處理服務業；I301030 電子資訊供應服務業；I401010 一般廣告服務業；I501010 產品設計業；JD01010 工商徵信服務業,臺北市,變更,11505
52393511,太原路投資股份有限公司,臺北市松山區南京東路3段305號11樓,李翼文,135000000,105/10/27,115/05/26,特殊補正,H201010 一般投資業,臺北市,變更,11505
52397018,發霸科技股份有限公司,臺北市內湖區港墘路200號4樓之2,簡良益,23600000,105/10/28,115/05/06,增資(資本總額),I401010 一般廣告服務業；JE01010 租賃業；I501010 產品設計業；I301040 第三方支付服務業；F113050 電腦及事務性機器設備批發業；F213030 電腦及事務性機器設備零售業；F118010 資訊軟體批發業；F218010 資訊軟體零售業；F399040 無店面零售業；F401010 國際貿易業,臺北市,變更,11505
52402069,赤赤子有限公司,臺北市大同區重慶北路2段62之1號,林宏諭,18000000,105/11/01,115/05/15,特殊補正,C307010 服飾品製造業；C402030 皮革、毛皮製品製造業；CM01010 箱、包、袋製造業；F104110 布疋、衣著、鞋、帽、傘、服飾品批發業；F204110 布疋、衣著、鞋、帽、傘、服飾品零售業；F401010 國際貿易業；I502010 服飾設計業；ZZ99999 除許可業務外，得經營法令非禁止或限制之業務；F501030 飲料店業；F501060 餐館業,臺北市,變更,11505
52419815,永巨宏餐飲事業股份有限公司,臺北市大安區市民大道4段76號1樓,陳品宏,1300000,105/11/10,115/05/11,改選董事/監察人(一人法人股東指派董事/監察人),F201010 農產品零售業；F201020 畜產品零售業；F201030 水產品零售業；F203010 食品什貨、飲料零售業；F401010 國際貿易業；F501030 飲料店業；F501050 飲酒店業；F501060 餐館業；ZZ99999 除許可業務外，得經營法令非禁止或限制之業務,臺北市,變更,11505
52426082,特奧蒂瓦坎有限公司,臺北市大安區羅斯福路3段283巷14弄30號,徐秉亜,500000,105/11/11,115/05/19,經理人變更,F102040 飲料批發業；F102170 食品什貨批發業；F203010 食品什貨、飲料零售業；F203020 菸酒零售業；F401010 國際貿易業；F501030 飲料店業；F501060 餐館業；ZZ99999 除許可業務外，得經營法令非禁止或限制之業務,臺北市,變更,11505
52436650,搶鏡創意股份有限公司,臺北市中正區館前路2號11樓,郭智超,2000000,105/11/17,115/05/07,公司所在地,I301010 資訊軟體服務業；I301020 資料處理服務業；I301030 電子資訊供應服務業；I199990 其他顧問服務業；IZ99990 其他工商服務業；ZZ99999 除許可業務外，得經營法令非禁止或限制之業務,臺北市,變更,11505
52441345,楓葉國際股份有限公司,臺北市信義區光復南路585號(1樓及2樓),張翔,1000000,105/11/18,115/05/04,特殊補正,F501060 餐館業；F501030 飲料店業；F203010 食品什貨、飲料零售業；F401010 國際貿易業；F203020 菸酒零售業；I103060 管理顧問業；I101090 食品顧問業；F399040 無店面零售業；F601010 智慧財產權業；F102030 菸酒批發業,臺北市,變更,11505
52482909,葆佳消防安全設備有限公司,臺北市中正區忠孝西路1段7號6樓之1,游寶淳,6300000,105/12/12,115/05/13,修正章程,E601020 電器安裝業；E603040 消防安全設備安裝工程業；E603050 自動控制設備工程業；E603090 照明設備安裝工程業；E605010 電腦設備安裝業；E599010 配管工程業；E603010 電纜安裝工程業；E604010 機械安裝業；EZ05010 儀器、儀表安裝工程業；F106010 五金批發業,臺北市,變更,11505
52483225,悅恩投資股份有限公司,臺北市中正區八德路1段46號9樓,林許美玲,169501000,105/12/12,115/05/15,公司所在地,H201010 一般投資業；H701010 住宅及大樓開發租售業；H701050 投資興建公共建設業；H701060 新市鎮、新社區開發業；H701070 區段徵收及市地重劃代辦業；H701090 都市更新整建維護業；H703090 不動產買賣業；HZ02010 金融機構金錢債權收買業務；I401010 一般廣告服務業；ZZ99999 除許可業務外，得經營法令非禁止或限制之業務,臺北市,變更,11505
52488452,誠遠國際商務股份有限公司,臺北市大安區安和路1段27號15樓,葉維中,14575000,105/12/15,115/05/26,發行新股,E605010 電腦設備安裝業；F218010 資訊軟體零售業；F401010 國際貿易業；H701010 住宅及大樓開發租售業；H703090 不動產買賣業；H703100 不動產租賃業；I102010 投資顧問業；I103060 管理顧問業；I301010 資訊軟體服務業；I301020 資料處理服務業,臺北市,變更,11505
52491999,厝味旅宿管理顧問股份有限公司,臺北市中正區中山北路1段2號11樓之11,許天亮,35321360,105/12/15,115/05/05,經理人解任,F399990 其他綜合零售業；F501030 飲料店業；I103060 管理顧問業；I105010 藝術品諮詢顧問業；I199990 其他顧問服務業；I301010 資訊軟體服務業；I301020 資料處理服務業；I301030 電子資訊供應服務業；I401010 一般廣告服務業；I501010 產品設計業,臺北市,變更,11505
52497277,雄心電腦有限公司,臺北市大安區忠孝東路4段295號3樓,蔡政延,10000,105/12/19,115/05/11,修正章程,I301010 資訊軟體服務業；I301020 資料處理服務業；I301030 電子資訊供應服務業；IZ13010 網路認證服務業；I401010 一般廣告服務業；I199990 其他顧問服務業；ZZ99999 除許可業務外，得經營法令非禁止或限制之業務,臺北市,變更,11505
52512707,加圓投資有限公司,臺北市大安區忠孝東路4段107號12樓,李偉祥,3000000,105/12/29,115/05/20,特殊補正,H701010 住宅及大樓開發租售業；H701020 工業廠房開發租售業；H703090 不動產買賣業；I102010 投資顧問業；H704031 不動產仲介經紀業；H702010 建築經理業；H703100 不動產租賃業；ZZ99999 除許可業務外，得經營法令非禁止或限制之業務；I401010 一般廣告服務業,臺北市,變更,11505
52513895,長穩投資有限公司,臺北市中山區明水路475巷7號,鄔筠軒,118000000,105/12/30,115/05/07,增資,H703090 不動產買賣業；H703100 不動產租賃業；ZZ99999 除許可業務外，得經營法令非禁止或限制之業務；H201010 一般投資業,臺北市,變更,11505
52515465,征服者戶外用品有限公司,臺北市信義區忠孝東路5段536號,,3000000,105/12/30,115/05/18,負責人印鑑變更,F109070 文教、樂器、育樂用品批發業；F209060 文教、樂器、育樂用品零售業；F104110 布疋、衣著、鞋、帽、傘、服飾品批發業；F204110 布疋、衣著、鞋、帽、傘、服飾品零售業；F105050 家具、寢具、廚房器具、裝設品批發業；F205040 家具、寢具、廚房器具、裝設品零售業；F106020 日常用品批發業；F206020 日常用品零售業；F113020 電器批發業；F213010 電器零售業,臺北市,變更,11505
52525647,達美達股份有限公司,臺北市大安區信義路4段233號7樓之1,陳少雍,1000000,106/01/09,115/05/27,改選董事/監察人(一人法人股東指派董事/監察人),F113010 機械批發業；F113990 其他機械器具批發業；E603050 自動控制設備工程業；E604010 機械安裝業；I301010 資訊軟體服務業；I301020 資料處理服務業；I301030 電子資訊供應服務業；F118010 資訊軟體批發業；F401010 國際貿易業；H701010 住宅及大樓開發租售業,臺北市,變更,11505
52539369,沛智生醫科技股份有限公司,臺北市中山區民權東路1段76號13樓,劉家宏,10160230,106/01/18,115/05/18,改選董事/監察人(一人法人股東指派董事/監察人),I301010 資訊軟體服務業；I301020 資料處理服務業；I301030 電子資訊供應服務業；IG01010 生物技術服務業；ZZ99999 除許可業務外，得經營法令非禁止或限制之業務；I199990 其他顧問服務業；F113050 電腦及事務性機器設備批發業；F118010 資訊軟體批發業；F213030 電腦及事務性機器設備零售業；F218010 資訊軟體零售業,臺北市,變更,11505
52540020,台灣怡倫家居股份有限公司,臺北市內湖區瑞光路583巷26號7樓,鄭海相(Jung Hae Sang),323000000,106/01/17,115/05/22,特殊補正,F105050 家具、寢具、廚房器具、裝設品批發業；F205040 家具、寢具、廚房器具、裝設品零售業；CN01010 家具及裝設品製造業；E801010 室內裝潢業；F111090 建材批發業；F211010 建材零售業；F299990 其他零售業；F401010 國際貿易業；I103060 管理顧問業；I301010 資訊軟體服務業,臺北市,變更,11505
52546066,全方動態有限公司,臺北市松山區八德路2段400號7樓之1,李和玲,16000000,106/01/20,115/05/25,增資,F113990 其他機械器具批發業；F114010 汽車批發業；F204110 布疋、衣著、鞋、帽、傘、服飾品零售業；F208040 化粧品零售業；F209060 文教、樂器、育樂用品零售業；F210010 鐘錶零售業；F210020 眼鏡零售業；F213040 精密儀器零售業；F213990 其他機械器具零售業；F214010 汽車零售業,臺北市,變更,11505
52550835,台灣愛意特國際物流股份有限公司,臺北市中山區松江路146號3樓,吳偉傑,13000000,106/01/25,115/05/08,董事(常務董事.董事長)/監察人解任,G402011 海運承攬運送業；G601011 航空貨運承攬業；F401010 國際貿易業；JZ99050 仲介服務業；IZ06010 理貨包裝業；G801010 倉儲業；ZZ99999 除許可業務外，得經營法令非禁止或限制之業務,臺北市,變更,11505
52556351,經緯盛業股份有限公司,臺北市中山區中山北路3段27號11樓之5,陳侑聖,12812500,106/02/02,115/05/13,公司印鑑變更,F204110 布疋、衣著、鞋、帽、傘、服飾品零售業；F206020 日常用品零售業；F209060 文教、樂器、育樂用品零售業；F210010 鐘錶零售業；F210020 眼鏡零售業；F213010 電器零售業；F213030 電腦及事務性機器設備零售業；F213110 電池零售業；F214030 汽、機車零件配備零售業；F214040 自行車及其零件零售業,臺北市,變更,11505
52559060,上境實業股份有限公司,臺北市信義區信義路5段127號2樓之8,許宜庭,10000000,106/02/07,115/05/29,改選董事/監察人(一人法人股東指派董事/監察人),E801010 室內裝潢業；I401010 一般廣告服務業；I503010 景觀、室內設計業；H703090 不動產買賣業；H703100 不動產租賃業；H201010 一般投資業；ZZ99999 除許可業務外，得經營法令非禁止或限制之業務,臺北市,變更,11505
52567786,台灣諾奧思有限公司,臺北市信義區忠孝東路5段68號38樓,傅睿德Frédéric ENNABLI,25516702,106/02/14,115/05/21,特殊補正,F108040 化粧品批發業；F208040 化粧品零售業；F401010 國際貿易業；ZZ99999 除許可業務外，得經營法令非禁止或限制之業務,臺北市,變更,11505
52581909,好日家居選物有限公司,臺北市信義區嘉興街311號1樓,張若瑀,5000000,106/02/23,115/05/27,公司所在地,F104110 布疋、衣著、鞋、帽、傘、服飾品批發業；F105050 家具、寢具、廚房器具、裝設品批發業；F106050 陶瓷玻璃器皿批發業；F111090 建材批發業；F401010 國際貿易業；F601010 智慧財產權業；C501040 組合木材製造業；C501990 其他木製品製造業；CN01010 家具及裝設品製造業；J601010 藝文服務業,臺北市,變更,11505
52582962,育采投資有限公司,臺北市內湖區內湖路1段360巷15號2樓之4,李采薇,200000,106/02/24,115/05/21,特殊補正,H201010 一般投資業,臺北市,變更,11505
52583723,正創投資顧問有限公司,臺北市內湖區內湖路1段360巷15號2樓之4,周代祥,1000000,106/03/01,115/05/22,特殊補正,H201010 一般投資業；F109070 文教、樂器、育樂用品批發業；F209060 文教、樂器、育樂用品零售業；I102010 投資顧問業；I103060 管理顧問業；I199990 其他顧問服務業；I301010 資訊軟體服務業；I301020 資料處理服務業；I301030 電子資訊供應服務業；IZ99990 其他工商服務業,臺北市,變更,11505
52592949,鈞鼎投資股份有限公司,臺北市士林區福港街149巷1號1樓,張德照,33000000,106/03/08,115/05/28,改選董事/監察人(一人法人股東指派董事/監察人),H201010 一般投資業,臺北市,變更,11505
52595951,瑪赫動能股份有限公司,臺北市中山區松江路67號3樓,趙顏貞,10000000,106/03/09,115/05/20,改選董事/監察人(一人法人股東指派董事/監察人),C801010 基本化學工業；C801020 石油化工原料製造業；C802120 工業助劑製造業；C803990 其他石油及煤製品製造業；CB01010 機械設備製造業；CB01030 污染防治設備製造業；D101060 再生能源自用發電設備業；E599010 配管工程業；E604010 機械安裝業；E607010 太陽熱能設備安裝工程業,臺北市,變更,11505
52603896,百力士有限公司,臺北市文山區車前路11之7號2樓,孫夏娜,5000000,106/03/15,115/05/06,特殊補正,F114070 航空器及其零件批發業；F214070 航空器及其零件零售業；F401010 國際貿易業；I101100 航空顧問業；ZZ99999 除許可業務外，得經營法令非禁止或限制之業務；F116010 照相器材批發業；J801030 競技及休閒運動場館業；J802010 運動訓練業；J803010 運動表演業；J803020 運動比賽業,臺北市,變更,11505
52610236,環球金屬實業有限公司,臺北市大安區基隆路2段110號8樓,江長良,20000000,106/03/20,115/05/19,公司所在地,F106010 五金批發業；F111090 建材批發業；F206010 五金零售業；F211010 建材零售業；F107190 塑膠膜、袋批發業；F207190 塑膠膜、袋零售業；F401010 國際貿易業；CA01990 其他非鐵金屬基本工業；CA02010 金屬結構及建築組件製造業；C805990 其他塑膠製品製造業,臺北市,變更,11505
52610926,華強實業股份有限公司,臺北市中山區建國北路1段21號7樓,陳怡文,700000000,106/03/20,115/05/08,改選董事/監察人(一人法人股東指派董事/監察人),A102060 糧商業；C103050 罐頭、冷凍、脫水及醃漬食品製造業；C104010 糖果製造業；C104020 烘焙炊蒸食品製造業；C109010 調味品製造業；C110010 飲料製造業；C113020 酒類半成品製造業；C199010 麵條、粉條類食品製造業；C199030 即食餐食製造業；C601050 家庭及衛生用紙製造業,臺北市,變更,11505
52611636,菁英魔法教育股份有限公司,臺北市內湖區內湖路1段360巷15號2樓之4,周代祥,2480110,106/03/22,115/05/18,特殊補正,J601010 藝文服務業；J602010 演藝活動業；J799990 其他休閒服務業；F109070 文教、樂器、育樂用品批發業；F209060 文教、樂器、育樂用品零售業；J304010 圖書出版業；I103060 管理顧問業；F401010 國際貿易業；ZZ99999 除許可業務外，得經營法令非禁止或限制之業務,臺北市,變更,11505
52611690,國峯租賃股份有限公司,臺北市中正區衡陽路51號5樓之3,劉芳良,279000000,106/03/21,115/05/06,公司印鑑變更,F102030 菸酒批發業；F102040 飲料批發業；F102170 食品什貨批發業；F104110 布疋、衣著、鞋、帽、傘、服飾品批發業；F105050 家具、寢具、廚房器具、裝設品批發業；F106010 五金批發業；F106020 日常用品批發業；F106030 模具批發業；F106050 陶瓷玻璃器皿批發業；F106060 寵物食品及其用品批發業,臺北市,變更,11505
52621141,創科投資有限公司,臺北市松山區南京東路4段50號12樓之1,陳韋名,42000000,106/03/27,115/05/19,公司印鑑變更,I103060 管理顧問業；IZ12010 人力派遣業；IZ99990 其他工商服務業；HZ02010 金融機構金錢債權收買業務；HZ02020 辦理金融機構金錢債權之評價或拍賣業務；J303010 雜誌（期刊）出版業；J304010 圖書出版業；I301030 電子資訊供應服務業；ZZ99999 除許可業務外，得經營法令非禁止或限制之業務；I301010 資訊軟體服務業,臺北市,變更,11505
52621439,新創鑫移動科技股份有限公司,臺北市松山區敦化北路168號7樓,林群盛,189892765,106/03/27,115/05/12,特殊補正,F113050 電腦及事務性機器設備批發業；F113070 電信器材批發業；F113990 其他機械器具批發業；F114010 汽車批發業；F114030 汽、機車零件配備批發業；F118010 資訊軟體批發業；F119010 電子材料批發業；F213030 電腦及事務性機器設備零售業；F213990 其他機械器具零售業；F214010 汽車零售業,臺北市,變更,11505
52622991,鏕傑機電工程有限公司,臺北市松山區南京東路5段202號8樓之4,詹又誠,2000000,106/03/28,115/05/18,特殊補正,E599010 配管工程業；E601010 電器承裝業；E603040 消防安全設備安裝工程業；E603080 交通號誌安裝工程業；E603090 照明設備安裝工程業；E604010 機械安裝業；E801010 室內裝潢業；EZ05010 儀器、儀表安裝工程業；F106010 五金批發業；F106040 水器材料批發業,臺北市,變更,11505
52623274,兆淳開發股份有限公司,臺北市信義區信義路4段415號12樓,張麗珠,28500000,106/02/15,115/05/20,改選董事/監察人(一人法人股東指派董事/監察人),F113010 機械批發業；F213080 機械器具零售業；F401010 國際貿易業；F106070 祭祀用品批發業；F206060 祭祀用品零售業；I103060 管理顧問業；ZZ99999 除許可業務外，得經營法令非禁止或限制之業務；H201010 一般投資業；I102010 投資顧問業；I199990 其他顧問服務業,臺北市,變更,11505
52623909,永峰開發建設股份有限公司,臺北市信義區基隆路1段143號8樓之4,陳柏亦,100000000,106/03/29,115/05/13,改選董事/監察人(一人法人股東指派董事/監察人),E801010 室內裝潢業；F111090 建材批發業；F211010 建材零售業；H701010 住宅及大樓開發租售業；H701020 工業廠房開發租售業；H701040 特定專業區開發業；H701050 投資興建公共建設業；H701060 新市鎮、新社區開發業；H701070 區段徵收及市地重劃代辦業；H701080 都市更新重建業,臺北市,變更,11505
52626928,菁禾生技有限公司,臺北市中山區南京東路2段23號6樓之1,張順易,5000000,106/03/29,115/05/14,特殊補正,H701010 住宅及大樓開發租售業；H701020 工業廠房開發租售業；H701050 投資興建公共建設業；H701060 新市鎮、新社區開發業；H701070 區段徵收及市地重劃代辦業；H701090 都市更新整建維護業；H703090 不動產買賣業；H703100 不動產租賃業；I103060 管理顧問業；C802100 化粧品製造業,臺北市,變更,11505
52627742,浦浦屋傳媒股份有限公司,臺北市中正區忠孝東路2段39巷2弄10號1樓,程思聆,5000000,106/03/30,115/05/07,改選董事/監察人(一人法人股東指派董事/監察人),I401010 一般廣告服務業；I501010 產品設計業；I599990 其他設計業；J303010 雜誌（期刊）出版業；J304010 圖書出版業；J305010 有聲出版業；J401010 電影片製作業；J402010 電影片發行業；J403010 電影片映演業；J404010 動畫影片製作業,臺北市,變更,11505
52630508,其奕投資股份有限公司,臺北市信義區信義路5段150巷2號14樓,鄭玉歆,10400000,106/03/31,115/05/04,特殊補正,H201010 一般投資業；H701010 住宅及大樓開發租售業；H703090 不動產買賣業；H703100 不動產租賃業；ZZ99999 除許可業務外，得經營法令非禁止或限制之業務,臺北市,變更,11505
52630774,御鑒科技股份有限公司,臺北市中山區松江路504巷3號,陳明勳,90000000,106/03/31,115/05/26,發行新股,I103060 管理顧問業；I102010 投資顧問業；IZ15010 市場研究及民意調查業；I199990 其他顧問服務業；H201010 一般投資業；H202010 創業投資業；JD01010 工商徵信服務業；JZ99050 仲介服務業；JE01010 租賃業；G801010 倉儲業,臺北市,變更,11505
52630845,晉相國際物流有限公司,臺北市大安區信義路4段309號3樓,何兆欽,7500000,106/04/06,115/05/08,減少所營事業變更修正章程,G801010 倉儲業；IZ06010 理貨包裝業；F401010 國際貿易業；ZZ99999 除許可業務外，得經營法令非禁止或限制之業務,臺北市,變更,11505
52636480,柏孟世股份有限公司,臺北市大同區承德路1段70之1號16樓,曾柏仁,100000,106/04/10,115/05/08,特殊補正,I102010 一般投資顧問業；I103060 管理顧問業；I199990 其他顧問服務業；H201010 一般投資業；H701020 工業廠房開發租售業；H701060 新市鎮、新社區開發業；H701090 都市更新整建維護業；HZ99990 其他金融、保險及不動產業；F104110 布疋、衣著、鞋、帽、傘、服飾品批發業；F106010 五金批發業,臺北市,變更,11505
52637523,修頂投資股份有限公司,臺北市中正區博愛路76號6樓,許耕華,49726080,106/04/10,115/05/22,董事/監察人持股變動報備,H201010 一般投資業；ZZ99999 除許可業務外，得經營法令非禁止或限制之業務,臺北市,變更,11505
52638585,海心國際股份有限公司,臺北市松山區敦化北路260號7樓,章忻潔,30000000,106/04/10,115/05/11,改選董事/監察人(一人法人股東指派董事/監察人),H704041 不動產代銷經紀業；H701010 住宅及大樓開發租售業；H701020 工業廠房開發租售業；H701080 都市更新重建業；H701090 都市更新整建維護業；H703090 不動產買賣業；H703100 不動產租賃業；E801010 室內裝潢業；I401010 一般廣告服務業；H704031 不動產仲介經紀業,臺北市,變更,11505
52641104,星宇投資有限公司,臺北市信義區忠孝東路4段525號11樓,張國煒,88000000,106/04/11,115/05/04,特殊補正,H201010 一般投資業；ZZ99999 除許可業務外，得經營法令非禁止或限制之業務,臺北市,變更,11505
52644094,王董食品股份有限公司,臺北市士林區後港街98號3樓,王世明,3000000,106/04/13,115/05/11,改選董事/監察人(一人法人股東指派董事/監察人),C199990 未分類其他食品製造業；F102170 食品什貨批發業；F203010 食品什貨、飲料零售業；I101090 食品顧問業；I103060 管理顧問業；ZZ99999 除許可業務外，得經營法令非禁止或限制之業務；C104020 烘焙炊蒸食品製造業,臺北市,變更,11505
52645397,萬應白花油投資有限公司,臺北市中山區南京東路1段15號3樓,顏如禧,16000000,106/04/13,115/05/12,股東出資轉讓修正章程,F112040 石油製品批發業；F212050 石油製品零售業；H201010 一般投資業；ZZ99999 除許可業務外，得經營法令非禁止或限制之業務；F108040 化粧品批發業；F106020 日常用品批發業；F107030 清潔用品批發業；F401010 國際貿易業；F108011 中藥批發業；F108021 西藥批發業,臺北市,變更,11505
52649268,歐鉑生物科技有限公司,臺北市中山區植福路308號3樓之3,蕭宇芊,1000000,106/04/17,115/05/25,特殊補正,F104110 布疋、衣著、鞋、帽、傘、服飾品批發業；F105050 家具、寢具、廚房器具、裝設品批發業；F106020 日常用品批發業；F107030 清潔用品批發業；F108040 化粧品批發業；F204110 布疋、衣著、鞋、帽、傘、服飾品零售業；F205040 家具、寢具、廚房器具、裝設品零售業；F206020 日常用品零售業；F207030 清潔用品零售業；F208040 化粧品零售業,臺北市,變更,11505
52651904,千耀投資股份有限公司,臺北市內湖區內湖路1段360巷15號2樓之4,周代祥,1405490,106/04/19,115/05/14,特殊補正,H201010 一般投資業,臺北市,變更,11505
52658316,赫希國際有限公司,臺北市信義區忠孝東路5段244號2樓,黃柏崇,1000000,106/04/24,115/05/13,股東出資轉讓修正章程,F108040 化粧品批發業；F208040 化粧品零售業；F401010 國際貿易業；ZZ99999 除許可業務外，得經營法令非禁止或限制之業務,臺北市,變更,11505
52665920,微窩美學有限公司,臺北市大安區復興南路1段123號4樓,周怡君,13100000,106/04/27,115/05/15,特殊補正,F102170 食品什貨批發業；F105050 家具、寢具、廚房器具、裝設品批發業；F106010 五金批發業；F106020 日常用品批發業；F109070 文教、樂器、育樂用品批發業；F118010 資訊軟體批發業；F199990 其他批發業；F203010 食品什貨、飲料零售業；F206010 五金零售業；F206020 日常用品零售業,臺北市,變更,11505
52676715,禾發資本股份有限公司,臺北市中山區樂群三路130號12樓,王智民,47440000,106/05/08,115/05/19,改選董事/監察人(一人法人股東指派董事/監察人),H201010 一般投資業；I103060 管理顧問業,臺北市,變更,11505
52678755,特世經貿股份有限公司,臺北市中山區復興北路150號10樓之4、10樓之5、10樓之6,詹天立,6000000,106/05/09,115/05/13,特殊補正,F104110 布疋、衣著、鞋、帽、傘、服飾品批發業；F401010 國際貿易業；ZZ99999 除許可業務外，得經營法令非禁止或限制之業務,臺北市,變更,11505
52679781,楊厝有限公司,臺北市信義區和平東路3段319號1樓,楊浩凱,1000000,106/05/10,115/05/19,特殊補正,F102170 食品什貨批發業；F203010 食品什貨、飲料零售業；F399040 無店面零售業；I501010 產品設計業；I103060 管理顧問業；I199990 其他顧問服務業；I503010 景觀、室內設計業；JE01010 租賃業；H703100 不動產租賃業；JZ99050 仲介服務業,臺北市,變更,11505
52702116,小太陽檢測有限公司,臺北市大安區羅斯福路3段125號8樓之1,吳國禎,2000000,106/05/18,115/05/13,特殊補正,CC01990 其他電機及電子機械器材製造業；F113990 其他機械器具批發業；F213990 其他機械器具零售業；F118010 資訊軟體批發業；F218010 資訊軟體零售業；F401010 國際貿易業；I103060 管理顧問業；I301010 資訊軟體服務業；I301020 資料處理服務業；I301030 電子資訊供應服務業,臺北市,變更,11505
52704228,峰儀科技股份有限公司,臺北市中山區松江路162號5樓,郭紹儀,165165000,106/05/25,115/05/20,發行新股,CC01060 有線通信機械器材製造業；CC01070 無線通信機械器材製造業；CC01080 電子零組件製造業；CC01110 電腦及其週邊設備製造業；CC01120 資料儲存媒體製造及複製業；E601010 電器承裝業；E603050 自動控制設備工程業；E603090 照明設備安裝工程業；E701030 電信管制射頻器材裝設工程業；EZ05010 儀器、儀表安裝工程業,臺北市,變更,11505
52705182,好擇國際股份有限公司,臺北市中山區忠孝西路1段72號6樓之8,蔡與哲,3500000,106/05/26,115/05/12,特殊補正,C307010 服飾品製造業；C399990 其他紡織及製品製造業；E605010 電腦設備安裝業；E701040 簡易電信設備安裝業；F201010 農產品零售業；F201020 畜產品零售業；F201030 水產品零售業；F201990 其他農畜水產品零售業；F203010 食品什貨、飲料零售業；F204110 布疋、衣著、鞋、帽、傘、服飾品零售業,臺北市,變更,11505
52707506,馥濝股份有限公司,臺北市信義區松仁路89號16樓,莊勝雄,10700000,106/05/26,115/05/13,增資(資本總額),C801030 精密化學材料製造業；C801990 其他化學材料製造業；C802090 清潔用品製造業；C802990 其他化學製品製造業；CZ99990 未分類其他工業製品製造業；F102170 食品什貨批發業；F102180 酒精批發業；F106020 日常用品批發業；F107010 漆料、塗料批發業；F107020 染料、顏料批發業,臺北市,變更,11505
52707668,掘夢網股份有限公司,臺北市松山區光復南路35號5樓之1,林厚伊,12000000,106/05/31,115/05/21,特殊補正,I301010 資訊軟體服務業；I301020 資料處理服務業；I301030 電子資訊供應服務業；I301050 實境體感應用服務業；I401010 一般廣告服務業；J305010 有聲出版業；J399010 軟體出版業；J404010 動畫影片製作業；JB01010 會議及展覽服務業；F113050 電腦及事務性機器設備批發業,臺北市,變更,11505
52724250,和瑞整合股份有限公司,臺北市內湖區內湖路1段66號3樓,吳淑慧,10000000,106/06/09,115/05/28,補繳規費,E601020 電器安裝業；E603050 自動控制設備工程業；E604010 機械安裝業；E605010 電腦設備安裝業；E701010 電信工程業；E701020 衛星電視ＫＵ頻道、Ｃ頻道器材安裝業；E701030 電信管制射頻器材裝設工程業；F113050 電腦及事務性機器設備批發業；F113070 電信器材批發業；F118010 資訊軟體批發業,臺北市,變更,11505
52757842,百里開發投資股份有限公司,臺北市中山區南京東路3段101號4樓,盧達一,455500000,106/06/15,115/05/15,公司所在地,H201010 一般投資業；H701010 住宅及大樓開發租售業；H701050 投資興建公共建設業；H701060 新市鎮、新社區開發業；H701070 區段徵收及市地重劃代辦業；H701090 都市更新整建維護業；H703090 不動產買賣業；H703100 不動產租賃業；HZ02010 金融機構金錢債權收買業務；I401010 一般廣告服務業,臺北市,變更,11505
52762232,子騰有限公司,臺北市松山區民權東路3段144號9樓之3,游子毅,5000000,106/06/20,115/05/21,公司所在地,F106010 五金批發業；F107010 漆料、塗料批發業；F107170 工業助劑批發業；F107200 化學原料批發業；F107990 其他化學製品批發業；F113010 機械批發業；F119010 電子材料批發業；F401010 國際貿易業；ZZ99999 除許可業務外，得經營法令非禁止或限制之業務,臺北市,變更,11505
52782321,冠銓機電有限公司,臺北市中山區安東街4之6號,張方麗,1000000,106/06/19,115/05/21,股東出資轉讓修正章程,F106010 五金批發業；F113010 機械批發業；F113020 電器批發業；F113050 電腦及事務性機器設備批發業；F113070 電信器材批發業；F113090 交通標誌器材批發業；F113990 其他機械器具批發業；F117010 消防安全設備批發業；F118010 資訊軟體批發業；F119010 電子材料批發業,臺北市,變更,11505
52783686,優客工場創業投資股份有限公司,臺北市信義區基隆路1段155號14樓,徐正文,4040000,106/06/20,115/05/19,改選董事/監察人(一人法人股東指派董事/監察人),F401010 國際貿易業；F601010 智慧財產權業；F113050 電腦及事務性機器設備批發業；F213030 電腦及事務性機器設備零售業；H703100 不動產租賃業；H701020 工業廠房開發租售業；H701040 特定專業區開發業；H701050 投資興建公共建設業；H701060 新市鎮、新社區開發業；I102010 投資顧問業,臺北市,變更,11505
52786683,鉅圓國際顧問有限公司,臺北市中山區長春路172號8樓,湯發鉅,7000000,106/06/22,115/05/07,特殊補正,I103060 管理顧問業；JB01010 會議及展覽服務業；JD01010 工商徵信服務業；IZ12010 人力派遣業；I199990 其他顧問服務業；I401010 一般廣告服務業；F601010 智慧財產權業；J601010 藝文服務業；F109070 文教、樂器、育樂用品批發業；F209060 文教、樂器、育樂用品零售業,臺北市,變更,11505
52803487,星威投資開發有限公司,臺北市信義區忠孝東路4段525號11樓,張國煒,50000000,106/07/03,115/05/04,股東出資轉讓修正章程,H201010 一般投資業；ZZ99999 除許可業務外，得經營法令非禁止或限制之業務,臺北市,變更,11505
52805632,豊滿國際餐飲有限公司,臺北市中正區忠孝東路1段76號11樓之2,謝緯義,500000,106/07/04,115/05/05,減少所營事業變更修正章程,J601010 藝文服務業；J602010 演藝活動業；F102170 食品什貨批發業；F104110 布疋、衣著、鞋、帽、傘、服飾品批發業；F106020 日常用品批發業；F107030 清潔用品批發業；F108040 化粧品批發業；F109070 文教、樂器、育樂用品批發業；F114010 汽車批發業；F114030 汽、機車零件配備批發業,臺北市,變更,11505
52807580,觔斗雲大車隊股份有限公司,臺北市松山區敦化北路168號7樓,王柏棠,10000000,106/07/05,115/05/14,特殊補正,JA01040 液化石油氣車改裝業；I401010 一般廣告服務業；IZ12010 人力派遣業；F102040 飲料批發業；F102170 食品什貨批發業；F108040 化粧品批發業；F114010 汽車批發業；F203010 食品什貨、飲料零售業；F203020 菸酒零售業；F208040 化粧品零售業,臺北市,變更,11505
52808878,駿騰事業有限公司,臺北市松山區南京東路3段305號4樓,陳孟鼎,1000000,106/07/07,115/05/28,特殊補正,J802010 運動訓練業；J202010 產業育成業；J701040 休閒活動場館業；J701080 水域遊憩活動經營業；J799990 其他休閒服務業；JE01010 租賃業；I103060 管理顧問業；I199990 其他顧問服務業；F102040 飲料批發業；F109070 文教、樂器、育樂用品批發業,臺北市,變更,11505
52810353,大能唯有限公司,臺北市中山區民權東路2段26號3樓之2,蔡鉑盛,4000000,106/07/07,115/05/04,董事/股東更名,E605010 電腦設備安裝業；EZ05010 儀器、儀表安裝工程業；F101130 蔬果批發業；F102020 食用油脂批發業；F102170 食品什貨批發業；F104110 布疋、衣著、鞋、帽、傘、服飾品批發業；F106020 日常用品批發業；F107030 清潔用品批發業；F108040 化粧品批發業；F113050 電腦及事務性機器設備批發業,臺北市,變更,11505
52822105,郁登生技有限公司,臺北市中山區明水路702號11樓之3,黃于容,500000,106/07/12,115/05/25,公司所在地,F102170 食品什貨批發業；F106060 寵物食品及其用品批發業；F108040 化粧品批發業；F199990 其他批發業；F203010 食品什貨、飲料零售業；F208040 化粧品零售業；F299990 其他零售業；F401010 國際貿易業；I199990 其他顧問服務業；IG01010 生物技術服務業,臺北市,變更,11505
52822772,超悅廣告事業股份有限公司,臺北市中山區敬業一路137號7樓之1,林小梵,10000000,106/07/12,115/05/20,改選董事/監察人(一人法人股東指派董事/監察人),H704041 不動產代銷經紀業；H704031 不動產仲介經紀業；E801010 室內裝潢業；H701010 住宅及大樓開發租售業；H701020 工業廠房開發租售業；H701080 都市更新重建業；H703090 不動產買賣業；H703100 不動產租賃業；I503010 景觀設計業；H701090 都市更新整建維護業,臺北市,變更,11505
52826828,尚宏廣告股份有限公司,臺北市松山區復興南路1段49號2樓,張定宏,10000000,106/07/05,115/05/05,特殊補正,E801010 室內裝潢業；EZ99990 其他工程業；F401010 國際貿易業；I401010 一般廣告服務業；I401020 廣告傳單分送業；I501010 產品設計業；H701010 住宅及大樓開發租售業；H701020 工業廠房開發租售業；H703090 不動產買賣業；H703100 不動產租賃業,臺北市,變更,11505
52850501,天府國際投資股份有限公司,臺北市中正區金山南路1段96號6樓之1,邱鳳玉,8547000,106/07/14,115/05/12,董事/監察人持股變動報備,H201010 一般投資業,臺北市,變更,11505
52850636,天機投資股份有限公司,臺北市中正區金山南路1段96號6樓之1,王政松,8547000,106/07/14,115/05/13,改選董事/監察人(一人法人股東指派董事/監察人),H201010 一般投資業,臺北市,變更,11505
52866314,金鼎開發有限公司,臺北市士林區社中街231巷12弄8號,蕭和君,10000000,106/07/24,115/05/26,特殊補正,F111090 建材批發業；F114010 汽車批發業；F214010 汽車零售業；F301020 超級市場業；F401010 國際貿易業；I401010 一般廣告服務業；J701080 水域遊憩活動經營業；J801030 競技及休閒運動場館業；EZ99990 其他工程業；E801010 室內裝潢業,臺北市,變更,11505
52866840,新展開發投資股份有限公司,臺北市大安區忠孝東路4段270號10樓之1,余政宗,1656000,106/07/24,115/05/18,特殊補正,H201010 一般投資業；I102010 投資顧問業；I103060 管理顧問業；ZZ99999 除許可業務外，得經營法令非禁止或限制之業務,臺北市,變更,11505
52869115,好果雲有限公司,臺北市中山區中山北路3段34號11樓,劉子睿,90000000,106/07/26,115/05/28,補繳規費,F101130 蔬果批發業；F201010 農產品零售業；F401010 國際貿易業；ZZ99999 除許可業務外，得經營法令非禁止或限制之業務；F102030 菸酒批發業；F203020 菸酒零售業；F401171 酒類輸入業,臺北市,變更,11505
52871225,布格里股份有限公司,臺北市南港區忠孝東路6段285號12樓之5,吳棋鋐,5000000,106/07/26,115/05/25,補繳規費,C114010 食品添加物製造業；C199990 未分類其他食品製造業；F102170 食品什貨批發業；F121010 食品添加物批發業；F203010 食品什貨、飲料零售業；F221010 食品添加物零售業；F401010 國際貿易業；I103060 管理顧問業；I301010 資訊軟體服務業；I301020 資料處理服務業,臺北市,變更,11505
52873032,東力事業有限公司,臺北市中正區漢口街1段16號9樓之2,謝孟樵,1000000,106/07/28,115/05/15,公司所在地,F102180 酒精批發業；F107020 染料、顏料批發業；F107990 其他化學製品批發業；F107170 工業助劑批發業；F107200 化學原料批發業；F107030 清潔用品批發業；F113030 精密儀器批發業；F203010 食品什貨、飲料零售業；F203030 酒精零售業；F207020 染料、顏料零售業,臺北市,變更,11505
52873862,美盧大業股份有限公司,臺北市內湖區成功路4段191號5樓,盧其君,5000000,106/07/28,115/05/05,特殊補正,F201070 花卉零售業；F203010 食品什貨、飲料零售業；F203020 菸酒零售業；F204110 布疋、衣著、鞋、帽、傘、服飾品零售業；F205040 家具、寢具、廚房器具、裝設品零售業；F206020 日常用品零售業；F207030 清潔用品零售業；F208040 化粧品零售業；F209060 文教、樂器、育樂用品零售業；F210010 鐘錶零售業,臺北市,變更,11505
52879887,菁正國際有限公司,臺北市內湖區大湖山莊街151巷23號4樓,陳菁菁,10000000,106/08/01,115/05/08,特殊補正,CC01080 電子零組件製造業；CC01110 電腦及其週邊設備製造業；CC01120 資料儲存媒體製造及複製業；F104110 布疋、衣著、鞋、帽、傘、服飾品批發業；F105050 家具、寢具、廚房器具、裝設品批發業；F106010 五金批發業；F113020 電器批發業；F113050 電腦及事務性機器設備批發業；F113070 電信器材批發業；F119010 電子材料批發業,臺北市,變更,11505
52887514,暐美有限公司,臺北市大安區忠孝東路4段112號10樓之7,許禾菁,200000,106/08/07,115/05/04,董事/股東更名,F102030 菸酒批發業；F104110 布疋、衣著、鞋、帽、傘、服飾品批發業；F106020 日常用品批發業；F203010 食品什貨、飲料零售業；F203020 菸酒零售業；F204110 布疋、衣著、鞋、帽、傘、服飾品零售業；F206020 日常用品零售業；F399040 無店面零售業；F401010 國際貿易業；F399990 其他綜合零售業,臺北市,變更,11505
52889273,皇羽建築股份有限公司,臺北市大安區忠孝東路3段305號4樓之3,李家銘,9000000,106/08/09,115/05/20,特殊補正,H703090 不動產買賣業；H703100 不動產租賃業；I103060 管理顧問業；E801010 室內裝潢業；F111090 建材批發業；F211010 建材零售業；F220010 耐火材料零售業；H701010 住宅及大樓開發租售業；H701020 工業廠房開發租售業；H701040 特定專業區開發業,臺北市,變更,11505
52903839,臺灣朝日啤酒股份有限公司,臺北市中山區松江路318號13樓之3,CHOO KIN YI,100000000,106/08/14,115/05/04,特殊補正,F102030 菸酒批發業；F102040 飲料批發業；F203010 食品什貨、飲料零售業；F203020 菸酒零售業；F601010 智慧財產權業；JZ99050 仲介服務業；F401171 酒類輸入業；F401010 國際貿易業；ZZ99999 除許可業務外，得經營法令非禁止或限制之業務,臺北市,變更,11505
52929373,鈞康實業有限公司,臺北市大同區西寧北路78之18號,王建勤,10000000,106/08/24,115/05/04,特殊補正,F108040 化粧品批發業；F113020 電器批發業；F119010 電子材料批發業；F208040 化粧品零售業；F213010 電器零售業；F219010 電子材料零售業；F401010 國際貿易業；I301010 資訊軟體服務業；F108031 醫療器材批發業；F208031 醫療器材零售業,臺北市,變更,11505
52934930,寶發旺有限公司,臺北市大安區信義路2段188號1之4樓,錢順智,1000000,106/08/29,115/05/27,股東出資轉讓修正章程,C306010 成衣業；F104110 布疋、衣著、鞋、帽、傘、服飾品批發業；F105050 家具、寢具、廚房器具、裝設品批發業；F106020 日常用品批發業；F107030 清潔用品批發業；F109070 文教、樂器、育樂用品批發業；F204110 布疋、衣著、鞋、帽、傘、服飾品零售業；F205040 家具、寢具、廚房器具、裝設品零售業；F206020 日常用品零售業；F207030 清潔用品零售業,臺北市,變更,11505
52943972,睿云國際有限公司,臺北市北投區公舘路231巷7弄6號2樓,柯瑞珠,500000,106/09/01,115/05/25,特殊補正,F104110 布疋、衣著、鞋、帽、傘、服飾品批發業；F105050 家具、寢具、廚房器具、裝設品批發業；F106020 日常用品批發業；F204110 布疋、衣著、鞋、帽、傘、服飾品零售業；F205040 家具、寢具、廚房器具、裝設品零售業；F206020 日常用品零售業；F401010 國際貿易業,臺北市,變更,11505
52962983,冠昕生醫股份有限公司,臺北市中山區民權東路3段2之1號1樓,李文生,120000000,106/09/06,115/05/19,補繳規費,F105050 家具、寢具、廚房器具、裝設品批發業；F113020 電器批發業；F113050 電腦及事務性機器設備批發業；F113070 電信器材批發業；F199990 其他批發業；F205040 家具、寢具、廚房器具、裝設品零售業；F213010 電器零售業；F213030 電腦及事務性機器設備零售業；F213060 電信器材零售業；F399040 無店面零售業,臺北市,變更,11505
53007381,新加坡商依視路羅薩奧蒂卡亞太股份有限公司,臺北市大安區忠孝東路四段285號5樓,Tan Heng Chiang Peter,75000000,100/03/03,115/05/04,補繳規費,CA04010 表面處理業；CE01030 光學儀器製造業；CF01011 醫療器材製造業；CG01010 珠寶及貴金屬製品製造業；F108031 醫療器材批發業；F110020 眼鏡批發業；F113030 精密儀器批發業；F116010 照相器材批發業；F208031 醫療器材零售業；F208050 乙類成藥零售業,臺北市,變更,11505
53017509,星展(台灣)商業銀行股份有限公司,臺北市信義區松仁路32、36號15、17樓,伍維洪,84250000000,100/09/09,115/05/22,改選董事/監察人(一人法人股東指派董事/監察人),H101021 商業銀行業；H301011 證券商；H601011 人身保險代理人；H601021 財產保險代理人,臺北市,變更,11505
53021481,合作金庫證券股份有限公司,臺北市大安區車層里忠孝東路四段285號1樓,吳瑞元,5206131590,100/12/02,115/05/26,補選董事(常務董事.董事長)/監察人,H301011 證券商；H408011 期貨交易輔助人；H401011 期貨商,臺北市,變更,11505
53023903,台中銀租賃事業股份有限公司,臺北市大安區復興南路一段368、370號7樓,楊東波,3437489110,101/01/13,115/05/27,改派董事/監察人,A102060 糧商業；C302010 織布業；C303010 不織布業；C401030 皮革、毛皮整製業；F102180 酒精批發業；F104110 布疋、衣著、鞋、帽、傘、服飾品批發業；F106010 五金批發業；F106040 水器材料批發業；F106050 陶瓷玻璃器皿批發業；F107010 漆料、塗料批發業,臺北市,變更,11505
53080740,威晉國際股份有限公司,臺北市內湖區民權東路6段160號6樓,邱懷德,10000000,99/08/03,115/05/05,補繳規費,F113020 電器批發業；F113070 電信器材批發業；F119010 電子材料批發業；F213010 電器零售業；F213060 電信器材零售業；F219010 電子材料零售業；F401010 國際貿易業；F118010 資訊軟體批發業；F218010 資訊軟體零售業；F399040 無店面零售業,臺北市,變更,11505
53081467,嘉聯旅行社有限公司,臺北市中山區松江路67號5樓,劉乃璋,7500000,99/08/05,115/05/28,特殊補正,J902011 旅行業,臺北市,變更,11505
53083676,馥蘭朵酒店股份有限公司,臺北市中山區新生北路1段110號8樓之3,江俊嶙,40000030,99/08/13,115/05/12,特殊補正,J601010 藝文服務業；J602010 演藝活動業；J701040 休閒活動場館業；J901020 一般旅館業；JZ99080 美容美髮服務業；JZ99110 瘦身美容業；I102010 投資顧問業；I103060 管理顧問業；F203010 食品什貨、飲料零售業；F203020 菸酒零售業,臺北市,變更,11505
53083731,普元生技股份有限公司,臺北市內湖區基湖路35巷51號4樓之1,賴家德,16950000,99/08/13,115/05/29,減資,F108031 醫療器材批發業；F108040 化粧品批發業；F113020 電器批發業；F113030 精密儀器批發業；F113050 電腦及事務性機器設備批發業；F113060 度量衡器批發業；F113070 電信器材批發業；F113110 電池批發業；F118010 資訊軟體批發業；F119010 電子材料批發業,臺北市,變更,11505
53087477,云網科技股份有限公司,臺北市北投區大業路280巷9弄14號,劉貞芳,2000000,99/08/26,115/05/13,特殊補正,F218010 資訊軟體零售業；F401010 國際貿易業；F601010 智慧財產權業；I102010 投資顧問業；I103060 管理顧問業；I199990 其他顧問服務業；I301010 資訊軟體服務業；I301020 資料處理服務業；I301030 電子資訊供應服務業；IG02010 研究發展服務業,臺北市,變更,11505
53087906,德瑜投資股份有限公司,臺北市中山區民權西路48號5樓,趙文瑜,160500000,99/08/30,115/05/25,增資(資本總額),H201010 一般投資業,臺北市,變更,11505
53088166,艾盟仕股份有限公司,臺北市松山區復興北路167號11樓,林靖倫,161440000,99/08/30,115/05/27,改選董事/監察人(一人法人股東指派董事/監察人),F104110 布疋、衣著、鞋、帽、傘、服飾品批發業；F106020 日常用品批發業；F106030 模具批發業；F106040 水器材料批發業；F107190 塑膠膜、袋批發業；F109070 文教、樂器、育樂用品批發業；F113020 電器批發業；F113030 精密儀器批發業；F113050 電腦及事務性機器設備批發業；F113070 電信器材批發業,臺北市,變更,11505
53089833,世喆建設股份有限公司,臺北市松山區基隆路1段38號11樓,陳坤地,250000000,99/09/07,115/05/13,改選董事/監察人(一人法人股東指派董事/監察人),H701010 住宅及大樓開發租售業；H701040 特定專業區開發業；H701050 投資興建公共建設業；E801010 室內裝潢業；F113010 機械批發業；F401010 國際貿易業；I401010 一般廣告服務業；H701080 都市更新重建業；H701090 都市更新整建維護業；ZZ99999 除許可業務外，得經營法令非禁止或限制之業務,臺北市,變更,11505
53090971,橙門設計室內裝修有限公司,臺北市文山區羅斯福路5段195號,方智明,4000000,99/09/09,115/05/13,增資,CN01010 家具及裝設品製造業；E801010 室內裝潢業；F105050 家具、寢具、廚房器具、裝設品批發業；F205040 家具、寢具、廚房器具、裝設品零售業；I503010 景觀、室內設計業；I102010 投資顧問業；I103060 管理顧問業；E801060 室內裝修業；ZZ99999 除許可業務外，得經營法令非禁止或限制之業務,臺北市,變更,11505
53094667,台灣新明和工業股份有限公司,臺北市中山區松江路111號3樓之2,北坂雄一郎,100000000,99/09/23,115/05/21,特殊補正,CB01010 機械設備製造業；CB01990 其他機械製造業；F113010 機械批發業；F213080 機械器具零售業；E604010 機械安裝業；E603020 電梯安裝工程業；E603040 消防安全設備安裝工程業；E601020 電器安裝業；G202010 停車場經營業；JE01010 租賃業,臺北市,變更,11505
53095096,奎宇科技股份有限公司,臺北市中正區林森北路5巷12號5樓,林永題,10000000,99/09/24,115/05/07,公司所營事業變更修正章程,E601020 電器安裝業；E603010 電纜安裝工程業；E603050 自動控制設備工程業；E604010 機械安裝業；E605010 電腦設備安裝業；EZ05010 儀器、儀表安裝工程業；F113010 機械批發業；F113020 電器批發業；F113030 精密儀器批發業；F113050 電腦及事務性機器設備批發業,臺北市,變更,11505
53095265,展連科技股份有限公司,臺北市內湖區瑞光路513巷22弄5號3樓之5,姜長安,50140000,99/09/27,115/05/18,董事/監察人持股變動報備,CC01070 無線通信機械器材製造業；CC01080 電子零組件製造業；F113070 電信器材批發業；F213060 電信器材零售業；F119010 電子材料批發業；F219010 電子材料零售業；F401010 國際貿易業；F401021 電信管制射頻器材輸入業；ZZ99999 除許可業務外，得經營法令非禁止或限制之業務,臺北市,變更,11505
53095785,向陽農業生技股份有限公司,臺北市大安區敦化南路2段99號12樓,陳貴光,381000000,99/09/28,115/05/14,發行新股,A101030 特用作物栽培業；A101040 食用菌菇類栽培業；F401010 國際貿易業；IG01010 生物技術服務業；A101020 農作物栽培業；A101050 花卉栽培業；A102020 農產品整理業；A102050 作物栽培服務業；A199990 其他農業；F101100 花卉批發業,臺北市,變更,11505
53096905,好好生活家居家具股份有限公司,臺北市內湖區新湖三路23號5樓,何采容,95582990,99/10/01,115/05/15,補繳規費,F105050 家具、寢具、廚房器具、裝設品批發業；ZZ99999 除許可業務外，得經營法令非禁止或限制之業務；F399990 其他綜合零售業；F401010 國際貿易業；CC01030 電器及視聽電子產品製造業；CC01040 照明設備製造業；CN01010 家具及裝設品製造業；E601020 電器安裝業；E603050 自動控制設備工程業；E603090 照明設備安裝工程業,臺北市,變更,11505
53099776,慶嶸建設股份有限公司,臺北市大安區復興南路1段237號4樓之1,張仲可,60000000,99/10/12,115/05/28,修正章程,H701010 住宅及大樓開發租售業；H701020 工業廠房開發租售業；H701050 投資興建公共建設業；H701060 新市鎮、新社區開發業；H701070 區段徵收及市地重劃代辦業；I401010 一般廣告服務業；I401020 廣告傳單分送業；ZZ99999 除許可業務外，得經營法令非禁止或限制之業務；EZ99990 其他工程業；JE01010 租賃業,臺北市,變更,11505
53100226,正鼎投資股份有限公司,臺北市內湖區港墘路109號5樓,趙書羣,5000000,99/10/13,115/05/06,特殊補正,H201010 一般投資業,臺北市,變更,11505
53101533,華山能源事業有限公司,臺北市中正區博愛路25號9樓之10,卓統揚,5000000,99/10/18,115/05/04,公司名稱變更修正章程,H701010 住宅及大樓開發租售業；H701020 工業廠房開發租售業；H701050 投資興建公共建設業；H701060 新市鎮、新社區開發業；H701070 區段徵收及市地重劃代辦業；H702010 建築經理業；H703090 不動產買賣業；H703100 不動產租賃業；H703110 老人住宅業；H201010 一般投資業,臺北市,變更,11505
53104145,瑞殷投資股份有限公司,臺北市內湖區瑞光路455號10樓,王文淵,353203850,99/10/27,115/05/14,特殊補正,H201010 一般投資業,臺北市,變更,11505
53104378,荖藤國際股份有限公司,臺北市內湖區港墘路208號,李宗霖,25000000,99/10/28,115/05/15,增資(資本總額),F102030 菸酒批發業；F102040 飲料批發業；F102170 食品什貨批發業；F203010 食品什貨、飲料零售業；F203020 菸酒零售業；F401010 國際貿易業；F401161 菸類輸入業；F401171 酒類輸入業；F501030 飲料店業；F501050 飲酒店業,臺北市,變更,11505
53108395,慶成國際投資股份有限公司,臺北市信義區忠孝東路5段508號26樓之1,李育成,10000000,99/11/12,115/05/28,特殊補正,H201010 一般投資業,臺北市,變更,11505
53110272,立評企業有限公司,臺北市大同區重慶北路2段48號9樓之3,蘇淵樹,10000000,99/11/22,115/05/15,補繳規費,F104110 布疋、衣著、鞋、帽、傘、服飾品批發業；F204110 布疋、衣著、鞋、帽、傘、服飾品零售業；F401010 國際貿易業；ZZ99999 除許可業務外，得經營法令非禁止或限制之業務,臺北市,變更,11505
53111309,訊奇股份有限公司,臺北市南港區三重路19之13號8樓,任冠生,60000000,99/11/23,115/05/11,減資,CC01060 有線通信機械器材製造業；CC01070 無線通信機械器材製造業；CC01080 電子零組件製造業；CC01110 電腦及其週邊設備製造業；CC01120 資料儲存媒體製造及複製業；E605010 電腦設備安裝業；E701030 電信管制射頻器材裝設工程業；F113050 電腦及事務性機器設備批發業；F113070 電信器材批發業；F118010 資訊軟體批發業,臺北市,變更,11505
53111526,金鑽建材股份有限公司,臺北市中山區建國北路3段149號,蕭祖坤,20000000,99/11/24,115/05/18,改選董事/監察人(一人法人股東指派董事/監察人),F111090 建材批發業；F211010 建材零售業；I503010 景觀、室內設計業；ZZ99999 除許可業務外，得經營法令非禁止或限制之業務,臺北市,變更,11505
53112308,奇點數位媒體有限公司,臺北市松山區南京東路5段118號6樓之2,許芳瑀,1200000,99/11/29,115/05/20,公司所在地,F113030 精密儀器批發業；F113050 電腦及事務性機器設備批發業；F116010 照相器材批發業；F118010 資訊軟體批發業；F401010 國際貿易業；F601010 智慧財產權業；I301010 資訊軟體服務業；I301020 資料處理服務業；I301030 電子資訊供應服務業；I401010 一般廣告服務業,臺北市,變更,11505
53115641,聯資國際股份有限公司,臺北市信義區忠孝東路5段1之1號8樓,張歐忠正,50000000,99/12/09,115/05/25,特殊補正,F107170 工業助劑批發業；F107200 化學原料批發業；F112040 石油製品批發業；F207170 工業助劑零售業；F207200 化學原料零售業；F212050 石油製品零售業；F401010 國際貿易業；ZZ99999 除許可業務外，得經營法令非禁止或限制之業務；H201010 一般投資業,臺北市,變更,11505
53119111,川悅建設股份有限公司,臺北市大安區敦化南路2段19號9樓,段偉國,760000000,99/12/22,115/05/14,改選董事/監察人(一人法人股東指派董事/監察人),ZZ99999 除許可業務外，得經營法令非禁止或限制之業務；H701010 住宅及大樓開發租售業；H703090 不動產買賣業；H703100 不動產租賃業；I401010 一般廣告服務業；I401020 廣告傳單分送業；E801010 室內裝潢業；F111090 建材批發業,臺北市,變更,11505
53119528,運隆通信器材企業有限公司,臺北市信義區松山路515巷11號1樓,俞慕萍,1000000,99/12/23,115/05/18,特殊補正,F113070 電信器材批發業；F213060 電信器材零售業；F113020 電器批發業；F213010 電器零售業；F113050 電腦及事務性機器設備批發業；F213030 電腦及事務性機器設備零售業；F119010 電子材料批發業；F219010 電子材料零售業；F106010 五金批發業；F206010 五金零售業,臺北市,變更,11505
53121313,台灣思博倫通信股份有限公司,臺北市中山區復興南路1段2號7樓,Jeffrey Kang-Chieh LI,1500000,99/12/30,115/05/26,特殊補正,F113070 電信器材批發業；F119010 電子材料批發業；F401010 國際貿易業；F401021 電信管制射頻器材輸入業；IZ15010 市場研究及民意調查業；ZZ99999 除許可業務外，得經營法令非禁止或限制之業務,臺北市,變更,11505
53123810,達寬數位行銷股份有限公司,臺北市內湖區內湖路1段360巷10號4樓之1,杜致成,10000000,100/01/10,115/05/12,改選董事/監察人(一人法人股東指派董事/監察人),I301010 資訊軟體服務業；I301020 資料處理服務業；I301030 電子資訊供應服務業；I401010 一般廣告服務業；I501010 產品設計業；I503010 景觀、室內設計業；IZ10010 排版業；J303010 雜誌（期刊）出版業；J304010 圖書出版業；J305010 有聲出版業,臺北市,變更,11505
53127288,東宸投資有限公司,臺北市大安區大安路2段132巷23號4樓,廖肇邦,10050000,100/01/20,115/05/06,增資,H201010 一般投資業,臺北市,變更,11505
53129080,雲夢山丘股份有限公司,臺北市士林區至善路2段5號1樓,詹聰哲,1000000,100/01/26,115/05/19,特殊補正,A101020 農作物栽培業；A101030 特用作物栽培業；A101040 食用菌菇類栽培業；A101050 花卉栽培業；A102020 農產品整理業；A102050 作物栽培服務業；A102080 園藝服務業；A199990 其他農業；A201040 森林遊樂區經營業；D501010 溫泉取供業,臺北市,變更,11505
53152552,台灣阿爾卑斯物流股份有限公司,臺北市中山區松江路309號3樓,小泉義行,17500000,99/09/13,115/05/29,特殊補正,G402011 海運承攬運送業；G601011 航空貨運承攬業；G801010 倉儲業；C601030 紙容器製造業；IZ06010 理貨包裝業；C801100 合成樹脂及塑膠製造業；F119010 電子材料批發業；IZ12010 人力派遣業；CA01070 廢車船解體及廢鋼鐵五金處理業；J101030 廢棄物清除業,臺北市,變更,11505
53181493,金樂福科技有限公司,臺北市中正區中華路1段59號9樓,王汎,5000000,99/09/21,115/05/07,公司所營事業變更修正章程,F107200 化學原料批發業；F113030 精密儀器批發業；F119010 電子材料批發業；F207200 化學原料零售業；F213040 精密儀器零售業；F219010 電子材料零售業；F401010 國際貿易業；F113020 電器批發業；F113050 電腦及事務性機器設備批發業；F116010 照相器材批發業,臺北市,變更,11505
53193630,希均股份有限公司,臺北市中正區杭州南路1段23號9樓之3,陳亭羽,2960000,99/11/22,115/05/22,改選董事/監察人(一人法人股東指派董事/監察人),F102030 菸酒批發業；F102040 飲料批發業；F102170 食品什貨批發業；F104110 布疋、衣著、鞋、帽、傘、服飾品批發業；F113050 電腦及事務性機器設備批發業；F118010 資訊軟體批發業；F119010 電子材料批發業；F203010 食品什貨、飲料零售業；F203020 菸酒零售業；F204110 布疋、衣著、鞋、帽、傘、服飾品零售業,臺北市,變更,11505
53197609,松益行銷股份有限公司,臺北市士林區通河西街1段112號1樓,張玴毓,18000000,99/12/09,115/05/04,修正章程,F102020 食用油脂批發業；F102030 菸酒批發業；F102040 飲料批發業；F102050 茶葉批發業；F102170 食品什貨批發業；F106020 日常用品批發業；F106050 陶瓷玻璃器皿批發業；F106070 祭祀用品批發業；F107030 清潔用品批發業；F108040 化粧品批發業,臺北市,變更,11505
53216465,幸福新科技股份有限公司,臺北市南港區三重路19之13號3樓,余文郎,10500000,100/03/18,115/05/15,董事/監察人持股變動報備,I301010 資訊軟體服務業；I301030 電子資訊供應服務業；H703090 不動產買賣業；H703100 不動產租賃業；F601010 智慧財產權業；F104110 布疋、衣著、鞋、帽、傘、服飾品批發業；F204110 布疋、衣著、鞋、帽、傘、服飾品零售業；F401010 國際貿易業；F113050 電腦及事務性機器設備批發業；F118010 資訊軟體批發業,臺北市,變更,11505
53219842,豐大物產股份有限公司,臺北市中正區博愛路60號7樓,李奇昌,50000000,100/03/31,115/05/14,改選董事/監察人(一人法人股東指派董事/監察人),F111090 建材批發業；F113010 機械批發業；F113020 電器批發業；F113030 精密儀器批發業；F211010 建材零售業；H703090 不動產買賣業；H703100 不動產租賃業；ZZ99999 除許可業務外，得經營法令非禁止或限制之業務,臺北市,變更,11505
53305678,崧源濾材科技股份有限公司,臺北市大安區仁愛路4段376號9樓之5,廖誼忠,150000000,100/02/18,115/05/14,修正章程,C805030 塑膠日用品製造業；C805990 其他塑膠製品製造業；CA02050 閥類製造業；E601010 電器承裝業；F106040 水器材料批發業；F206040 水器材料零售業；F213080 機械器具零售業；F401010 國際貿易業；ZZ99999 除許可業務外，得經營法令非禁止或限制之業務,臺北市,變更,11505
53311165,可果國際股份有限公司,臺北市中山區松江路338號8樓,蘇許秋菊,30000000,100/02/09,115/05/11,增資(資本總額),E603090 照明設備安裝工程業；E605010 電腦設備安裝業；E801010 室內裝潢業；E801020 門窗安裝工程業；E801030 室內輕鋼架工程業；E801040 玻璃安裝工程業；E801070 廚具、衛浴設備安裝工程業；E901010 油漆工程業；I103060 管理顧問業；I301010 資訊軟體服務業,臺北市,變更,11505
53314661,建翰電子行銷股份有限公司,臺北市內湖區行善路56號2樓之4,李建德,20000000,100/02/25,115/05/18,變更組織,E605010 電腦設備安裝業；F113020 電器批發業；F113050 電腦及事務性機器設備批發業；F113070 電信器材批發業；F113110 電池批發業；F113990 其他機械器具批發業；F116010 照相器材批發業；F118010 資訊軟體批發業；F213010 電器零售業；F213030 電腦及事務性機器設備零售業,臺北市,變更,11505
53317196,金盛旺生物科技股份有限公司,臺北市大安區信義路4段306號6樓之1,鄭永堅,50000000,100/03/07,115/05/22,改選董事/監察人(一人法人股東指派董事/監察人),A101020 農作物栽培業；A101030 特用作物栽培業；A101040 食用菌菇類栽培業；A101050 花卉栽培業；A102050 作物栽培服務業；F102040 飲料批發業；F102170 食品什貨批發業；F108040 化粧品批發業；F401010 國際貿易業；H703090 不動產買賣業,臺北市,變更,11505
53318012,物聯網股份有限公司,臺北市大安區敦化南路2段97號26樓,蔡育才,86100000,100/03/09,115/05/25,特殊補正,CB01010 機械設備製造業；E604010 機械安裝業；F113050 電腦及事務性機器設備批發業；F213030 電腦及事務性機器設備零售業；F213060 電信器材零售業；F218010 資訊軟體零售業；F219010 電子材料零售業；F401010 國際貿易業；I301010 資訊軟體服務業；I301020 資料處理服務業,臺北市,變更,11505
53318625,昀昕工程有限公司,臺北市松山區寶清街101巷28號2樓,徐嘉年,1000000,100/03/11,115/05/22,申登機關變更（遷入，含卷）,EZ02010 起重工程業；J101990 其他環境衛生及污染防治服務業；JA01990 其他汽車服務業；F111090 建材批發業；JE01010 租賃業；ZZ99999 除許可業務外，得經營法令非禁止或限制之業務,臺北市,變更,11505
53320565,洗塵國際開發有限公司,臺北市大安區信義路4段279號8樓,趙鑫豪,1000000,100/03/17,115/05/04,公司所在地,C305010 印染整理業；C802090 清潔用品製造業；C802100 化粧品製造業；F104110 布疋、衣著、鞋、帽、傘、服飾品批發業；F106020 日常用品批發業；F106050 陶瓷玻璃器皿批發業；F107030 清潔用品批發業；F108040 化粧品批發業；F204110 布疋、衣著、鞋、帽、傘、服飾品零售業；F206020 日常用品零售業,臺北市,變更,11505
53323417,旭天投資股份有限公司,臺北市中正區新生南路1段50號10樓,江佳純,359000000,100/03/24,115/05/28,特殊補正,H201010 一般投資業,臺北市,變更,11505
53324979,大師國際有限公司,臺北市大安區忠孝東路4段169號12樓之1,林子雪,10000,100/03/30,115/05/27,特殊補正,JB01010 會議及展覽服務業；J901020 一般旅館業；J601010 藝文服務業；J399010 軟體出版業；I401010 一般廣告服務業；I502010 服飾設計業；I301010 資訊軟體服務業；I105010 藝術品諮詢顧問業；F102030 菸酒批發業；ZZ99999 除許可業務外，得經營法令非禁止或限制之業務,臺北市,變更,11505
53326667,欣樂建設股份有限公司,臺北市信義區基隆路一段432號14樓之2,邱富皇,20000000,100/04/06,115/05/04,特殊補正,H701010 住宅及大樓開發租售業；H701020 工業廠房開發租售業；H701040 特定專業區開發業；H701050 投資興建公共建設業；H701060 新市鎮、新社區開發業；H701070 區段徵收及市地重劃代辦業；H701080 都市更新重建業；H702010 建築經理業；H703090 不動產買賣業；H703100 不動產租賃業,臺北市,變更,11505
53337279,盛鼎健康管理顧問股份有限公司,臺北市中山區德惠街34號11樓之23,雷德俊,5000000,100/05/10,115/05/12,特殊補正,JZ99050 仲介服務業；I101090 食品顧問業；I103060 管理顧問業；I199990 其他顧問服務業；IZ12010 人力派遣業；IZ99990 其他工商服務業；ZZ99999 除許可業務外，得經營法令非禁止或限制之業務；H703100 不動產租賃業；JE01010 租賃業,臺北市,變更,11505
53337910,鈞太有限公司,臺北市大安區仁愛路4段383號地下樓,潘大鈞,169000000,100/05/12,115/05/05,增資,F102030 菸酒批發業；F203020 菸酒零售業；F401010 國際貿易業；ZZ99999 除許可業務外，得經營法令非禁止或限制之業務；J601010 藝文服務業；JZ99050 仲介服務業；F501030 飲料店業；F501060 餐館業；JE01010 租賃業,臺北市,變更,11505
53338474,台灣雲特思管理顧問股份有限公司,臺北市中正區衡陽路51號5樓之10,林志明,2000000,100/05/16,115/05/08,改選董事/監察人(一人法人股東指派董事/監察人),F113020 電器批發業；F113050 電腦及事務性機器設備批發業；F118010 資訊軟體批發業；F213010 電器零售業；F213030 電腦及事務性機器設備零售業；F218010 資訊軟體零售業；F401010 國際貿易業；F601010 智慧財產權業；I103060 管理顧問業；I199990 其他顧問服務業,臺北市,變更,11505
53343011,多采工程顧問有限公司,臺北市文山區景文街43號5樓,葉擎元,10000000,100/05/30,115/05/21,改推董事/董事長,I101061 工程技術顧問業；I301010 資訊軟體服務業；I503010 景觀、室內設計業；IG02010 研究發展服務業；I103060 管理顧問業,臺北市,變更,11505
53345833,瑞承有限公司,臺北市中山區南京東路2段58號2樓,李秋蓮,5000000,100/06/03,115/05/22,特殊補正,F102170 食品什貨批發業；F501030 飲料店業；F501060 餐館業；F113010 機械批發業；F401010 國際貿易業；F106010 五金批發業；F113020 電器批發業；F206010 五金零售業；F213010 電器零售業；F213080 機械器具零售業,臺北市,變更,11505
53351665,富麗室內裝修設計有限公司,臺北市中正區汀州路2段38號12樓之1,王嘉宏,3000000,100/06/23,115/05/07,負責人印鑑變更,E801010 室內裝潢業；E801020 門窗安裝工程業；E801030 室內輕鋼架工程業；E801040 玻璃安裝工程業；E801060 室內裝修業；E901010 油漆工程業；F106010 五金批發業；F111090 建材批發業；F205040 家具、寢具、廚房器具、裝設品零售業；F211010 建材零售業,臺北市,變更,11505
53352279,大琦實業股份有限公司,臺北市大同區哈密街23巷12號1樓,張湘翎,29500000,100/06/24,115/05/14,特殊補正,H201010 一般投資業；F115010 首飾及貴金屬批發業；H703090 不動產買賣業；H703100 不動產租賃業；F111090 建材批發業；E599010 配管工程業；EZ99990 其他工程業；H701010 住宅及大樓開發租售業；H701020 工業廠房開發租售業；H701050 投資興建公共建設業,臺北市,變更,11505
53352475,秀曜匯智股份有限公司,臺北市南港區重陽路120號2樓,謝建文,29000000,100/06/27,115/05/15,特殊補正,F118010 資訊軟體批發業；F218010 資訊軟體零售業；F399040 無店面零售業；F401010 國際貿易業；F601010 智慧財產權業；I301010 資訊軟體服務業；I301020 資料處理服務業；I301030 電子資訊供應服務業；I401010 一般廣告服務業；I501010 產品設計業,臺北市,變更,11505
53352812,台北合眾汽車有限公司,臺北市萬華區西藏路352號1樓,蔡振豪(Choi Chun Ho),200000000,100/06/28,115/05/04,法人股東指(改)派代表人為董事,F114010 汽車批發業(限中華民國行業標準分類4651汽車批發業)；F114030 汽、機車零件配備批發業(限中華民國行業標準分類4653汽機車零配件、用品批發業)；F114050 車胎批發業(限中華民國行業標準分類4653汽機車零配件、用品批發業)；F214010 汽車零售業(限中華民國行業標準分類4841汽車零售業)；F214030 汽、機車零件配備零售業(限中華民國行業標準分類4843汽機車零配件、用品零售業)；F214050 車胎零售業(限中華民國行業標準分類4843汽機車零配件、用品零售業)；JZ99050 仲介服務業(限中華民國行業標準分類4510商品經紀業；活動物之商品經紀商除外)；F112040 石油製品批發業(限中華民國行業標準分類4631石油製品燃料批發業)；F113070 電信器材批發業(限中華民國行業標準分類4642電子設備及其零組件批發業)；F212050 石油製品零售業(限中華民國行業標準分類4829其他燃料零售業),臺北市,變更,11505
53355509,珍綠品股份有限公司,臺北市中山區中山北路2段21號3樓,張益宗,30000000,100/07/07,115/05/07,改選董事/監察人(一人法人股東指派董事/監察人),F401010 國際貿易業；C110010 飲料製造業；C199990 未分類其他食品製造業；C106010 製粉業；C199040 豆類加工食品製造業；F102040 飲料批發業；F203010 食品什貨、飲料零售業；F102170 食品什貨批發業；F221010 食品添加物零售業；F501030 飲料店業,臺北市,變更,11505
53356893,宏鼎國際有限公司,臺北市中山區長安東路1段23號10樓之5,林世強,10000000,100/07/11,115/05/08,特殊補正,F214080 軌道車輛及其零件零售業；F213090 交通標誌器材零售業；F213080 機械器具零售業；F213040 精密儀器零售業；F213060 電信器材零售業；F401010 國際貿易業；F601010 智慧財產權業；I301010 資訊軟體服務業；I102010 投資顧問業；I103060 管理顧問業,臺北市,變更,11505
53357669,大江基因醫學股份有限公司,臺北市內湖區港墘路185號10樓之1,林詠翔,264585200,100/07/13,115/05/08,改選董事/監察人(一人法人股東指派董事/監察人),I101090 食品顧問業；I199990 其他顧問服務業；IC01010 藥品檢驗業；IG01010 生物技術服務業；IG02010 研究發展服務業；C801030 精密化學材料製造業；ZZ99999 除許可業務外，得經營法令非禁止或限制之業務；F108031 醫療器材批發業；F208031 醫療器材零售業；F401010 國際貿易業,臺北市,變更,11505
53358695,昶富國際開發有限公司,臺北市中山區龍江路31號7樓之1,趙秀英,300000,100/07/15,115/05/15,公司所在地,H701010 住宅及大樓開發租售業；H701020 工業廠房開發租售業；H701050 投資興建公共建設業；H701060 新市鎮、新社區開發業；H701070 區段徵收及市地重劃代辦業；H701090 都市更新整建維護業；H703090 不動產買賣業；H703100 不動產租賃業；HZ02010 金融機構金錢債權收買業務；HZ02020 辦理金融機構金錢債權之評價或拍賣業務,臺北市,變更,11505
53374225,光璞光學股份有限公司,臺北市大安區敦化南路2段11巷8號3樓,陳瑤恬,29000000,100/03/25,115/05/21,特殊補正,F108031 醫療器材批發業；F208031 醫療器材零售業；CE01030 光學儀器製造業；CE01010 一般儀器製造業；F113030 精密儀器批發業；F213040 精密儀器零售業；CC01040 照明設備製造業；F113020 電器批發業；F213010 電器零售業；F401010 國際貿易業,臺北市,變更,11505
53407788,台灣國際機販有限公司,臺北市內湖區成功路4段41巷8弄4號4樓,湯口勝己,1000000,100/05/26,115/05/26,特殊補正,F113010 機械批發業；F113990 其他機械器具批發業；F213080 機械器具零售業；F213990 其他機械器具零售業；F401010 國際貿易業；F102040 飲料批發業；F102170 食品什貨批發業；F104110 布疋、衣著、鞋、帽、傘、服飾品批發業；F105050 家具、寢具、廚房器具、裝設品批發業；F106020 日常用品批發業,臺北市,變更,11505
53422401,全鎂實業股份有限公司,臺北市內湖區陽光街321巷8號8樓,黃文智,53000000,100/07/13,115/05/11,增資(資本總額),CC01080 電子零組件製造業；CC01110 電腦及其週邊設備製造業；F105050 家具、寢具、廚房器具、裝設品批發業；F106020 日常用品批發業；F113050 電腦及事務性機器設備批發業；F119010 電子材料批發業；F213030 電腦及事務性機器設備零售業；F219010 電子材料零售業；F401010 國際貿易業；ZZ99999 除許可業務外，得經營法令非禁止或限制之業務,臺北市,變更,11505
53437018,耀德生物技術股份有限公司,臺北市南港區園區街3號17樓,王天帝,278111510,100/09/15,115/05/04,特殊補正,F207080 環境用藥零售業；F208040 化粧品零售業；F601010 智慧財產權業；J101050 環境檢測服務業；A101040 食用菌菇類栽培業；I101090 食品顧問業；I103060 管理顧問業；IC01010 藥品檢驗業；IG01010 生物技術服務業；IG02010 研究發展服務業,臺北市,變更,11505
53454677,禾禾園國際貿易有限公司,臺北市松山區復興北路1號11樓之1,楊盟吉,38000000,100/10/24,115/05/25,股東出資轉讓修正章程,F102170 食品什貨批發業；F101990 其他農、畜、水產品批發業；F101130 蔬果批發業；F102050 茶葉批發業；F102040 飲料批發業；F102020 食用油脂批發業；F121010 食品添加物批發業；F201010 農產品零售業；F201020 畜產品零售業；F201030 水產品零售業,臺北市,變更,11505
53467820,台灣樂達國際動保科技有限公司,臺北市士林區德行西路36號13樓之9,賴雅雯,4000000,101/01/02,115/05/04,特殊補正,F102170 食品什貨批發業；F103010 飼料批發業；F107050 肥料批發業；F107070 動物用藥品批發業；F108040 化粧品批發業；F202010 飼料零售業；F203010 食品什貨、飲料零售業；F207050 肥料零售業；F207070 動物用藥零售業；F208040 化粧品零售業,臺北市,變更,11505
53520016,兆基屋管股份有限公司,臺北市內湖區內湖路1段98號9樓,李建成,377013790,100/07/20,115/05/26,增資(資本總額),E801010 室內裝潢業；I102010 一般投資顧問業；I103060 管理顧問業；I401010 一般廣告服務業；I503010 景觀、室內設計業；IZ12010 人力派遣業；H202010 創業投資業；H701010 住宅及大樓開發租售業；H703090 不動產買賣業；H703100 不動產租賃業,臺北市,變更,11505
53523631,英馳國際有限公司,臺北市大安區敦化南路1段161巷39-2號,黃柏鈞,26240000,100/08/01,115/05/22,特殊補正,F401010 國際貿易業；F399040 無店面零售業；F204110 布疋、衣著、鞋、帽、傘、服飾品零售業；F208040 化粧品零售業；F209060 文教、樂器、育樂用品零售業；F501060 餐館業；F501030 飲料店業；F210010 鐘錶零售業；F210020 眼鏡零售業；F104110 布疋、衣著、鞋、帽、傘、服飾品批發業,臺北市,變更,11505
53526089,台陸建設股份有限公司,臺北市中山區中山北路2段99號5樓,鄭智陽,182456450,100/08/09,115/05/18,發行新股,F105050 家具、寢具、廚房器具、裝設品批發業；F111090 建材批發業；F113010 機械批發業；F401010 國際貿易業；H701010 住宅及大樓開發租售業；H701020 工業廠房開發租售業；H701040 特定專業區開發業；H701050 投資興建公共建設業；H701060 新市鎮、新社區開發業；H701070 區段徵收及市地重劃代辦業,臺北市,變更,11505
53531549,廷緯工程有限公司,臺北市南港區昆陽街145號4樓,廖林美女,100000,100/08/26,115/05/14,股東出資轉讓修正章程,ZZ99999 除許可業務外，得經營法令非禁止或限制之業務；E603010 電纜安裝工程業；E603020 電梯安裝工程業；E603040 消防安全設備安裝工程業；E603050 自動控制設備工程業；E701020 衛星電視ＫＵ頻道、Ｃ頻道器材安裝業；E701030 電信管制射頻器材裝設工程業；E502010 燃料導管安裝工程業；E599010 配管工程業；E601010 電器承裝業,臺北市,變更,11505
53532478,竑盛科技股份有限公司,臺北市中山區南京東路2段150號9樓,康程泰,2000000,100/08/31,115/05/04,公司所在地,F118010 資訊軟體批發業；F119010 電子材料批發業；F218010 資訊軟體零售業；F219010 電子材料零售業；F401010 國際貿易業；I301010 資訊軟體服務業；I301020 資料處理服務業；I301030 電子資訊供應服務業；I501010 產品設計業；J399010 軟體出版業,臺北市,變更,11505
53532857,昆地彩國際實業有限公司,臺北市信義區信義路5段150巷2號15樓之3,高雋雅,1000000,100/09/01,115/05/28,公司所在地,F102170 食品什貨批發業；F104110 布疋、衣著、鞋、帽、傘、服飾品批發業；F106020 日常用品批發業；F107030 清潔用品批發業；F108040 化粧品批發業；F109070 文教、樂器、育樂用品批發業；F203010 食品什貨、飲料零售業；F204110 布疋、衣著、鞋、帽、傘、服飾品零售業；F206020 日常用品零售業；F207030 清潔用品零售業,臺北市,變更,11505
53533194,台灣英特艾倫管理顧問有限公司,臺北市中山區民權東路3段13號2樓,謝吉雄,1000000,100/09/02,115/05/28,特殊補正,F109070 文教、樂器、育樂用品批發業；F209060 文教、樂器、育樂用品零售業；F401010 國際貿易業；I102010 一般投資顧問業；I103060 管理顧問業；I101110 紡織顧問業；I301010 資訊軟體服務業；I301020 資料處理服務業；I501010 產品設計業；I502010 服飾設計業,臺北市,變更,11505
53534638,諧波創新科技股份有限公司,臺北市信義區松山路119巷17弄7號3樓,劉倍龍,22000000,100/09/07,115/05/05,改選董事/監察人(一人法人股東指派董事/監察人),CB01010 機械設備製造業；CB01990 其他機械製造業；CC01010 發電、輸電、配電機械製造業；CD01030 汽車及其零件製造業；CD01040 機車及其零件製造業；CD01050 自行車及其零件製造業；CE01010 一般儀器製造業；F113010 機械批發業；F113990 其他機械器具批發業；F401010 國際貿易業,臺北市,變更,11505
53535313,台灣尼得科科智博電子股份有限公司,臺北市大安區敦化南路2段57號18樓之1,橋本博輝,10000000,100/09/09,115/05/19,特殊補正,CB01010 機械設備製造業；CB01990 其他機械製造業；CC01080 電子零組件製造業；CC01990 其他電機及電子機械器材製造業；CE01010 一般儀器製造業；CE01030 光學儀器製造業；CE01990 其他光學及精密器械製造業；F113010 機械批發業；F113020 電器批發業；F113030 精密儀器批發業,臺北市,變更,11505
53535622,樂昇科技有限公司,臺北市士林區通河西街2段232之2號,李昇柏,3680000,100/09/13,115/05/12,公司印鑑變更,C701010 印刷業；C702010 製版業；C703010 印刷品裝訂及加工業；F113050 電腦及事務性機器設備批發業；F399040 無店面零售業；F401010 國際貿易業；IZ01010 影印業；ZZ99999 除許可業務外，得經營法令非禁止或限制之業務,臺北市,變更,11505
53536988,台灣米高蒲志國際股份有限公司,臺北市信義區松仁路36號8樓之1,Sylvia Wong Siew Mien,5000000,100/09/19,115/05/07,董事/監察人地址變更,I103060 管理顧問業；I301010 資訊軟體服務業；I301020 資料處理服務業；I301030 電子資訊供應服務業；I401010 一般廣告服務業；I401020 廣告傳單分送業；I701011 就業服務業；IZ02010 打字業；IZ12010 人力派遣業；IZ15010 市場研究及民意調查業,臺北市,變更,11505
53539113,鴻博美保工程有限公司,臺北市北投區中和街502巷2弄11號2樓,吳欣芸,400000,100/09/26,115/05/13,特殊補正,E603020 電梯安裝工程業；E603080 交通號誌安裝工程業；E603100 電焊工程業；E603120 噴砂工程業；E801010 室內裝潢業；E801020 門窗安裝工程業；E901010 油漆工程業；EZ07010 鑽孔工程業；F102040 飲料批發業；F102050 茶葉批發業,臺北市,變更,11505
53543995,風尚名品國際有限公司,臺北市大同區承德路3段40號1樓,黃建榮,3000000,100/10/12,115/05/29,補繳規費,F104110 布疋、衣著、鞋、帽、傘、服飾品批發業；F105050 家具、寢具、廚房器具、裝設品批發業；F115010 首飾及貴金屬批發業；F106020 日常用品批發業；F116010 照相器材批發業；F401010 國際貿易業；F204110 布疋、衣著、鞋、帽、傘、服飾品零售業；F205040 家具、寢具、廚房器具、裝設品零售業；F215010 首飾及貴金屬零售業；F206020 日常用品零售業,臺北市,變更,11505
53546016,微風綜合開發股份有限公司,臺北市大安區大安路1段113號,黃瑞姸,10000,100/10/17,115/05/15,改選董事/監察人(一人法人股東指派董事/監察人),H701010 住宅及大樓開發租售業；H703090 不動產買賣業；H703100 不動產租賃業；I102010 投資顧問業；I103060 管理顧問業；I199990 其他顧問服務業；J701020 遊樂園業；J901020 一般旅館業；JB01010 會議及展覽服務業；JZ99050 仲介服務業,臺北市,變更,11505
53546418,天工生技股份有限公司,臺北市中山區南京東路3段70號4樓,陳德仁,221969700,100/10/18,115/05/05,特殊補正,F102020 食用油脂批發業；F102030 菸酒批發業；F102040 飲料批發業；F102050 茶葉批發業；F102170 食品什貨批發業；F102180 酒精批發業；F106010 五金批發業；F106020 日常用品批發業；F107030 清潔用品批發業；F108040 化粧品批發業,臺北市,變更,11505
53548339,磐昇科技有限公司,臺北市中山區雙城街25巷2號3樓之1,詹修明,3000000,100/10/24,115/05/26,申登機關變更（遷入，含卷）,F105050 家具、寢具、廚房器具、裝設品批發業；F106010 五金批發業；F106020 日常用品批發業；F106040 水器材料批發業；F106050 陶瓷玻璃器皿批發業；F107010 漆料、塗料批發業；F107020 染料、顏料批發業；F107030 清潔用品批發業；F107170 工業助劑批發業；F107200 化學原料批發業,臺北市,變更,11505
53549533,創行股份有限公司,臺北市松山區南京東路4段1號11樓,李欣,28000000,100/10/27,115/05/11,改選董事/監察人(一人法人股東指派董事/監察人),EZ05010 儀器、儀表安裝工程業；F113030 精密儀器批發業；F213040 精密儀器零售業；F401010 國際貿易業；I103060 管理顧問業；I199990 其他顧問服務業；I301010 資訊軟體服務業；IC01010 藥品檢驗業；IG01010 生物技術服務業；IG02010 研究發展服務業,臺北市,變更,11505
53550192,長裕鋐股份有限公司,臺北市大安區仁愛路3段26號11樓,徐櫻娟,80000000,100/10/28,115/05/25,改選董事/監察人(一人法人股東指派董事/監察人),F109070 文教、樂器、育樂用品批發業；F209060 文教、樂器、育樂用品零售業；I105010 藝術品諮詢顧問業；J601010 藝文服務業；F115010 首飾及貴金屬批發業；F215010 首飾及貴金屬零售業；F401010 國際貿易業；JE01010 租賃業；ZZ99999 除許可業務外，得經營法令非禁止或限制之業務,臺北市,變更,11505
53552852,旅和旅行社股份有限公司,臺北市大安區敦化南路1段205號6樓之5,塗能謀,10133300,100/11/08,115/05/11,特殊補正,J902011 旅行業,臺北市,變更,11505
53554970,凡木設計室內裝修工程有限公司,臺北市大安區羅斯福路3段29號6樓,黃志瑋,1000000,100/11/16,115/05/06,特殊補正,E601020 電器安裝業；E603090 照明設備安裝工程業；E603100 電焊工程業；E605010 電腦設備安裝業；E801010 室內裝潢業；E801020 門窗安裝工程業；E801030 室內輕鋼架工程業；E801040 玻璃安裝工程業；E801060 室內裝修業；E801070 廚具、衛浴設備安裝工程業,臺北市,變更,11505
53558292,萬洲通國際企業股份有限公司,臺北市信義區吳興街364巷1號,王宥傑,238880000,100/11/28,115/05/22,公司所營事業變更修正章程,F101100 花卉批發業；F102030 菸酒批發業；F102040 飲料批發業；F104110 布疋、衣著、鞋、帽、傘、服飾品批發業；F105050 家具、寢具、廚房器具、裝設品批發業；F106020 日常用品批發業；F107190 塑膠膜、袋批發業；F108040 化粧品批發業；F109070 文教、樂器、育樂用品批發業；F113020 電器批發業,臺北市,變更,11505
53558429,瑞信建設股份有限公司,臺北市大同區南京西路163號2樓之86,沈建興,50000000,100/11/28,115/05/08,改選董事/監察人(一人法人股東指派董事/監察人),H701010 住宅及大樓開發租售業；H701020 工業廠房開發租售業；H701040 特定專業區開發業；H701050 投資興建公共建設業；H701060 新市鎮、新社區開發業；H701070 區段徵收及市地重劃代辦業；H701080 都市更新重建業；H701090 都市更新整建維護業；H703090 不動產買賣業；H703100 不動產租賃業,臺北市,變更,11505
53559433,皇冠大車隊企業股份有限公司,臺北市信義區松隆路337號1樓,Brian Lee Kuntz,10000000,100/12/01,115/05/27,票據兌現/他機關函復/補正,G201011 計程車客運服務業；E701020 衛星電視ＫＵ頻道、Ｃ頻道器材安裝業；E701030 電信管制射頻器材裝設工程業；F213060 電信器材零售業；F214010 汽車零售業；F214030 汽、機車零件配備零售業；F214050 車胎零售業；F401010 國際貿易業；I401010 一般廣告服務業；I401020 廣告傳單分送業,臺北市,變更,11505
53565603,元大聚國際有限公司,臺北市信義區信義路5段5號4樓,林晏生,10000000,100/12/23,115/05/08,公司名稱變更修正章程,F106020 日常用品批發業；F106070 祭祀用品批發業；F108040 化粧品批發業；F113020 電器批發業；F113050 電腦及事務性機器設備批發業；F119010 電子材料批發業；F213010 電器零售業；F399040 無店面零售業；F401010 國際貿易業；I103060 管理顧問業,臺北市,變更,11505
53565673,遠東山田商務股份有限公司,臺北市中山區長安東路1段16號3樓之4,山田昌德,500000,100/12/23,115/05/26,特殊補正,F113050 電腦及事務性機器設備批發業；F118010 資訊軟體批發業；F119010 電子材料批發業；F213030 電腦及事務性機器設備零售業；F218010 資訊軟體零售業；F219010 電子材料零售業；F401010 國際貿易業；F106010 五金批發業；F113010 機械批發業；F113990 其他機械器具批發業,臺北市,變更,11505
53568539,伊世代有限公司,臺北市松山區南京東路4段52巷8號2樓之1,,100000,101/01/04,115/05/26,解散,I301010 資訊軟體服務業；I301020 資料處理服務業；I301030 電子資訊供應服務業；I501010 產品設計業；F399040 無店面零售業；F401010 國際貿易業；ZZ99999 除許可業務外，得經營法令非禁止或限制之業務,臺北市,變更,11505
53608321,巧宜股份有限公司,臺北市大安區仁愛路3段123巷26弄5之1號2樓,閻沛林,10000000,100/09/23,115/05/15,改選董事/監察人(一人法人股東指派董事/監察人),F101130 蔬果批發業；F102030 菸酒批發業；F102050 茶葉批發業；F102170 食品什貨批發業；F105050 家具、寢具、廚房器具、裝設品批發業；F108040 化粧品批發業；F109070 文教、樂器、育樂用品批發業；F113020 電器批發業；F115010 首飾及貴金屬批發業；F116010 照相器材批發業,臺北市,變更,11505
53643050,鴻越投資股份有限公司,臺北市中山區復興北路70號5樓之1,陳延方,29000000,100/12/07,115/05/28,減資,H201010 一般投資業,臺北市,變更,11505
53653009,香港商栢能科技有限公司,臺北市中正區寶慶路37號3樓,方榮輝,0,101/07/10,115/05/14,辦事處所在地變更,,臺北市,變更,11505
53653205,新加坡商亞勝科技有限公司,臺北市信義區信義路四段460號20樓及20樓之1,Arran Broadbent,119055000,101/07/11,115/05/29,在中華民國所營事業減少登記,F113020 電器批發業；F113050 電腦及事務性機器設備批發業；F113110 電池批發業；F119010 電子材料批發業；F213010 電器零售業；F213030 電腦及事務性機器設備零售業；F213110 電池零售業；F219010 電子材料零售業；F399040 無店面零售業；G801010 倉儲業,臺北市,變更,11505
53655317,土耳其商土耳其航空股份有限公司,臺北市松山區民生東路3段109號6樓,葛斯,6000000,101/08/15,115/05/21,在中華民國境內負責人住所或居所變更,G501011 民用航空運輸業；ZZ99999 除許可業務外，得經營法令非禁止或限制之業務,臺北市,變更,11505
53661535,陽信國際租賃股份有限公司,臺北市中山區集英里中山北路二段156號7樓,甘武正,1525000000,101/11/28,115/05/04,改派董事/監察人,F101040 家畜家禽批發業；F101050 水產品批發業；F101070 漁具批發業；F101100 花卉批發業；F102020 食用油脂批發業；F102030 菸酒批發業；F102040 飲料批發業；F102050 茶葉批發業；F102170 食品什貨批發業；F103010 飼料批發業,臺北市,變更,11505
53670133,韓商現代樂鐵股份有限公司,臺北市中山區松江路126號7樓,禹濟曉,6192987,102/04/30,115/05/14,本公司董事及其他負責人變更,CD01020 軌道車輛及其零件製造業；E604010 機械安裝業；F113010 機械批發業；F113100 污染防治設備批發業；F113990 其他機械器具批發業；F213080 機械器具零售業；F213100 污染防治設備零售業；F213990 其他機械器具零售業；F401010 國際貿易業；I103060 管理顧問業,臺北市,變更,11505
53680569,蘭亭生物科技股份有限公司,臺北市內湖區行愛路77巷33號5樓,呂金燕,125280000,101/01/17,115/05/21,補繳規費,C199990 未分類其他食品製造業；C802100 化粧品製造業；F102040 飲料批發業；F102050 茶葉批發業；F102170 食品什貨批發業；F105050 家具、寢具、廚房器具、裝設品批發業；F106020 日常用品批發業；F108040 化粧品批發業；F199990 其他批發業；F203010 食品什貨、飲料零售業,臺北市,變更,11505
53699504,成真文創有限公司,臺北市中正區八德路1段46號9樓,王孝梅,6100000,101/04/23,115/05/05,特殊補正,F204110 布疋、衣著、鞋、帽、傘、服飾品零售業；F205040 家具、寢具、廚房器具、裝設品零售業；F206020 日常用品零售業；F209060 文教、樂器、育樂用品零售業；F399040 無店面零售業；F401010 國際貿易業；J304010 圖書出版業；ZZ99999 除許可業務外，得經營法令非禁止或限制之業務；I102010 一般投資顧問業；I103060 管理顧問業,臺北市,變更,11505
53706152,世豪遊覽車有限公司,臺北市內湖區行愛路51號5樓,周顯龍,90000000,101/05/22,115/05/28,特殊補正,G101051 遊覽車客運業；ZZ99999 除許可業務外，得經營法令非禁止或限制之業務,臺北市,變更,11505
53708285,品昕空間計劃有限公司,臺北市中正區仁愛路2段25號2樓,馬靜自,1000000,101/06/01,115/05/12,特殊補正,I503010 景觀設計業；I401010 一般廣告服務業；I501010 產品設計業；I199990 其他顧問服務業；E603090 照明設備安裝工程業；E801010 室內裝潢業；E801020 門窗安裝工程業；E801030 室內輕鋼架工程業；E801040 玻璃安裝工程業；E801070 廚具、衛浴設備安裝工程業,臺北市,變更,11505
53714316,新格金屬股份有限公司,臺北市信義區基隆路1段149號3樓之7,陳啟造,40000000,101/06/29,115/05/20,改選董事/監察人(一人法人股東指派董事/監察人),CA02010 金屬結構及建築組件製造業；F111090 建材批發業；F106010 五金批發業；F106030 模具批發業；F113010 機械批發業；F120010 耐火材料批發業；F113020 電器批發業；F401010 國際貿易業；E801010 室內裝潢業；E801020 門窗安裝工程業,臺北市,變更,11505
53717340,東驛商務旅館股份有限公司,臺北市萬華區昆明街76號8樓及9樓,黃駿林,10000000,101/07/16,115/05/21,減資,J901020 一般旅館業；F203010 食品什貨、飲料零售業；F501030 飲料店業；F501060 餐館業；F204110 布疋、衣著、鞋、帽、傘、服飾品零售業；F205040 家具、寢具、廚房器具、裝設品零售業；F401010 國際貿易業；I103060 管理顧問業；ZZ99999 除許可業務外，得經營法令非禁止或限制之業務,臺北市,變更,11505
53717427,錸馬斯特室內裝修設計工程有限公司,臺北市文山區羅斯福路5段88號、88之1號,陳沛瀅,5000000,101/07/16,115/05/06,董事/股東地址變更,F105050 家具、寢具、廚房器具、裝設品批發業；F205040 家具、寢具、廚房器具、裝設品零售業；F106040 水器材料批發業；F206040 水器材料零售業；F106010 五金批發業；F206010 五金零售業；F111090 建材批發業；F211010 建材零售業；F113020 電器批發業；F213010 電器零售業,臺北市,變更,11505
53720345,永茂通運有限公司,臺北市中山區長春路172號8樓之9,林子傑,50000000,101/07/30,115/05/08,申登機關變更（遷入，含卷）,G101051 遊覽車客運業；G202010 停車場經營業；F114010 汽車批發業；F114030 汽、機車零件配備批發業；F114050 車胎批發業；F114990 其他交通運輸工具及其零件批發業；F214010 汽車零售業；F214030 汽、機車零件配備零售業；F214050 車胎零售業；F214990 其他交通運輸工具及其零件零售業,臺北市,變更,11505
53721386,傑式設計有限公司,臺北市中山區長春路220號7樓之9,林政傑,1000000,101/08/06,115/05/12,特殊補正,I401010 一般廣告服務業；I501010 產品設計業；F109070 文教、樂器、育樂用品批發業；F209060 文教、樂器、育樂用品零售業；J601010 藝文服務業；J602010 演藝活動業；JB01010 會議及展覽服務業；C701010 印刷業；F401010 國際貿易業；ZZ99999 除許可業務外，得經營法令非禁止或限制之業務,臺北市,變更,11505
53726093,華安醫學股份有限公司,臺北市內湖區瑞光路583巷21號6樓之3,陳翰民,888080000,101/08/28,115/05/28,修正章程,F102170 食品什貨批發業；F108040 化粧品批發業；F203010 食品什貨、飲料零售業；F208040 化粧品零售業；ZZ99999 除許可業務外，得經營法令非禁止或限制之業務；F113030 精密儀器批發業；F113060 度量衡器批發業；F116010 照相器材批發業；F118010 資訊軟體批發業；F213040 精密儀器零售業,臺北市,變更,11505
53726137,展賦國際股份有限公司,臺北市內湖區環山路1段24巷36號,劉家秀,3000000,101/08/28,115/05/19,特殊補正,F109070 文教、樂器、育樂用品批發業；F209060 文教、樂器、育樂用品零售業；F399040 無店面零售業；F401010 國際貿易業；I103060 管理顧問業；I199990 其他顧問服務業；IG02010 研究發展服務業；IZ12010 人力派遣業；J202010 產業育成業；J303010 雜誌（期刊）出版業,臺北市,變更,11505
53731217,新世語文化有限公司,臺北市大安區羅斯福路3段125號5樓之2,徐宗懋,1300000,101/01/16,115/05/11,特殊補正,F109070 文教、樂器、育樂用品批發業；J303010 雜誌（期刊）出版業；J304010 圖書出版業；J305010 有聲出版業；JB01010 會議及展覽服務業；ZZ99999 除許可業務外，得經營法令非禁止或限制之業務；F399040 無店面零售業；F401010 國際貿易業；I105010 藝術品諮詢顧問業；I199990 其他顧問服務業,臺北市,變更,11505
53733622,阿斯門亞洲有限公司,臺北市內湖區新湖一路77號7樓,漆曉燕,5000000,101/01/31,115/05/13,特殊補正,F401010 國際貿易業；F113050 電腦及事務性機器設備批發業；ZZ99999 除許可業務外，得經營法令非禁止或限制之業務,臺北市,變更,11505
53734299,碩宏投資股份有限公司,臺北市中山區建國北路1段96號10樓,謝凱安,1000000,101/02/02,115/05/19,董事/監察人持股變動報備,H201010 一般投資業,臺北市,變更,11505
53735570,思維特股份有限公司,臺北市中正區羅斯福路1段101號1樓,賴淑容,20000000,101/02/09,115/05/27,特殊補正,E601010 電器承裝業；E601020 電器安裝業；E801010 室內裝潢業；F106010 五金批發業；F106020 日常用品批發業；F111090 建材批發業；F206010 五金零售業；F211010 建材零售業；F213080 機械器具零售業；F299990 其他零售業,臺北市,變更,11505
53735939,杏安健康企業股份有限公司,臺北市大安區忠孝東路3段136號11樓之1,羅元泉,3000000,101/02/09,115/05/26,特殊補正,F108040 化粧品批發業；F199990 其他批發業；F208040 化粧品零售業；F399990 其他綜合零售業；F401010 國際貿易業；I103060 管理顧問業；ZZ99999 除許可業務外，得經營法令非禁止或限制之業務,臺北市,變更,11505
53736965,創富地產股份有限公司,臺北市大安區信義路4段1號2樓,廖上懿,10000000,101/02/14,115/05/05,特殊補正,I102010 投資顧問業；I103060 管理顧問業；JD01010 工商徵信服務業；H701010 住宅及大樓開發租售業；H701020 工業廠房開發租售業；H701040 特定專業區開發業；H701050 投資興建公共建設業；H701060 新市鎮、新社區開發業；H701070 區段徵收及市地重劃代辦業；H701080 都市更新重建業,臺北市,變更,11505
53737296,逸鍹室內裝修工程有限公司,臺北市中正區仁愛路2段25號2樓,張芷怡,10000000,101/02/15,115/05/13,特殊補正,I501010 產品設計業；I503010 景觀、室內設計業；E801010 室內裝潢業；E801030 室內輕鋼架工程業；E801040 玻璃安裝工程業；E801070 廚具、衛浴設備安裝工程業；E901010 油漆工程業；F401010 國際貿易業；E801060 室內裝修業；ZZ99999 除許可業務外，得經營法令非禁止或限制之業務,臺北市,變更,11505
53738680,龍毅投資股份有限公司,臺北市中正區羅斯福路1段7號11樓,洪村騫,200000000,101/02/21,115/05/07,改選董事/監察人(一人法人股東指派董事/監察人),H201010 一般投資業,臺北市,變更,11505
53746268,澳汰爾工程股份有限公司,臺北市信義區信義路4段460號14樓之1,林德明,6000000,101/03/15,115/05/04,變更組織,I301010 資訊軟體服務業；I501010 產品設計業；J399010 軟體出版業；IG02010 研究發展服務業；I103060 管理顧問業；ZZ99999 除許可業務外，得經營法令非禁止或限制之業務；F118010 資訊軟體批發業,臺北市,變更,11505
53746794,嘖室股份有限公司,臺北市中正區北平東路30之1號4樓,徐震,500000,101/03/16,115/05/14,公司所營事業變更修正章程,F104110 布疋、衣著、鞋、帽、傘、服飾品批發業；F105050 家具、寢具、廚房器具、裝設品批發業；F106050 陶瓷玻璃器皿批發業；F109070 文教、樂器、育樂用品批發業；F110010 鐘錶批發業；F110020 眼鏡批發業；F115010 首飾及貴金屬批發業；F204110 布疋、衣著、鞋、帽、傘、服飾品零售業；F205040 家具、寢具、廚房器具、裝設品零售業；F209060 文教、樂器、育樂用品零售業,臺北市,變更,11505
53751698,龍騰天下股份有限公司,臺北市中山區吉林路22巷4之1號1樓,黃建平,9000000,101/03/30,115/05/26,補繳規費,F102170 食品什貨批發業；F104110 布疋、衣著、鞋、帽、傘、服飾品批發業；F121010 食品添加物批發業；F203010 食品什貨、飲料零售業；F204110 布疋、衣著、鞋、帽、傘、服飾品零售業；F221010 食品添加物零售業；F401010 國際貿易業；F501060 餐館業；F501990 其他餐飲業；ZZ99999 除許可業務外，得經營法令非禁止或限制之業務,臺北市,變更,11505
53756286,克文創有限公司,臺北市大安區忠孝東路4段169號12樓之2,李世偉,2000000,101/04/17,115/05/20,特殊補正,I301030 電子資訊供應服務業；I301020 資料處理服務業；I301010 資訊軟體服務業；J303010 雜誌（期刊）出版業；J304010 圖書出版業；J305010 有聲出版業；J399010 軟體出版業；J601010 藝文服務業；J602010 演藝活動業；JZ99050 仲介服務業,臺北市,變更,11505
53757320,雄獅體育用品有限公司,臺北市內湖區民權東路6段296巷31弄2號4樓,劉松林,1000000,101/04/18,115/05/18,特殊補正,F104110 布疋、衣著、鞋、帽、傘、服飾品批發業；F109070 文教、樂器、育樂用品批發業；F204110 布疋、衣著、鞋、帽、傘、服飾品零售業；F209060 文教、樂器、育樂用品零售業；F401010 國際貿易業；F399040 無店面零售業；I199990 其他顧問服務業；I103060 管理顧問業；JE01010 租賃業；ZZ99999 除許可業務外，得經營法令非禁止或限制之業務,臺北市,變更,11505
53759777,全怡生技有限公司,臺北市中山區長春路212號,蔡珮如,2000000,101/04/25,115/05/28,改推董事/董事長,F102170 食品什貨批發業；F106020 日常用品批發業；F107030 清潔用品批發業；F107200 化學原料批發業；F108040 化粧品批發業；F109070 文教、樂器、育樂用品批發業；F203010 食品什貨、飲料零售業；F206020 日常用品零售業；F207030 清潔用品零售業；F208040 化粧品零售業,臺北市,變更,11505
53761176,喬翊生技有限公司,臺北市中山區南京東路2段216號8樓,黃淑燕,2200000,101/05/01,115/05/22,特殊補正,F106020 日常用品批發業；F107190 塑膠膜、袋批發業；F401010 國際貿易業；C601020 紙製造業；C601030 紙容器製造業；ZZ99999 除許可業務外，得經營法令非禁止或限制之業務,臺北市,變更,11505
53763499,京匯開發股份有限公司,臺北市中正區衡陽路51號10樓,陳世銘,1000000000,101/05/09,115/05/15,補繳規費,G202010 停車場經營業；H701010 住宅及大樓開發租售業；H701020 工業廠房開發租售業；H701040 特定專業區開發業；H701060 新市鎮、新社區開發業；H701070 區段徵收及市地重劃代辦業；H701080 都市更新重建業；H703100 不動產租賃業；HZ02010 金融機構金錢債權收買業務；HZ02020 辦理金融機構金錢債權之評價或拍賣業務,臺北市,變更,11505
53763527,君匯開發股份有限公司,臺北市中正區衡陽路51號10樓,陳世銘,1000000000,101/05/09,115/05/28,補繳規費,G202010 停車場經營業；H701010 住宅及大樓開發租售業；H701020 工業廠房開發租售業；H701040 特定專業區開發業；H701060 新市鎮、新社區開發業；H701070 區段徵收及市地重劃代辦業；H701080 都市更新重建業；H703100 不動產租賃業；HZ02010 金融機構金錢債權收買業務；HZ02020 辦理金融機構金錢債權之評價或拍賣業務,臺北市,變更,11505
53766411,勤毅工程顧問有限公司,臺北市中正區仁愛路2段25號5樓,林坤毅,1000000,101/05/18,115/05/27,特殊補正,I101061 工程技術顧問業；I101070 農、林、漁、畜牧顧問業；I301010 資訊軟體服務業；I503010 景觀、室內設計業；I504010 花藝設計業；I599990 其他設計業；IB01010 建築物公共安全檢查業；IZ12010 人力派遣業；IF01010 消防安全設備檢修業；E603050 自動控制設備工程業,臺北市,變更,11505
53766806,澤和科技股份有限公司,臺北市內湖區新湖二路28號3樓,詹允豪,26777090,101/05/18,115/05/15,特殊補正,F106020 日常用品批發業；F106040 水器材料批發業；F107010 漆料、塗料批發業；F107030 清潔用品批發業；F107080 環境用藥批發業；F107170 工業助劑批發業；F107190 塑膠膜、袋批發業；F107200 化學原料批發業；F107990 其他化學製品批發業；F113030 精密儀器批發業,臺北市,變更,11505
53767050,酒樂有限公司,臺北市信義區仁愛路4段452巷5號1樓,馬玉青,250000,101/05/22,115/05/29,公司所在地,F501060 餐館業；F501030 飲料店業；F501050 飲酒店業；H703100 不動產租賃業；F102030 菸酒批發業；F102040 飲料批發業；F102170 食品什貨批發業；F203010 食品什貨、飲料零售業；F203020 菸酒零售業；F203030 酒精零售業,臺北市,變更,11505
53770365,聚絡國際發展有限公司,臺北市信義區忠孝東路4段553巷6弄16號2樓,楊宜瑩,2000000,101/05/30,115/05/11,特殊補正,JB01010 會議及展覽服務業；F401010 國際貿易業；I103060 管理顧問業；IZ13010 網路認證服務業；IZ09010 管理系統驗證業；I199990 其他顧問服務業；I301030 電子資訊供應服務業；I301010 資訊軟體服務業；I301020 資料處理服務業；I599990 其他設計業,臺北市,變更,11505
53770772,東陛工程有限公司,臺北市內湖區港墘路7號1樓,林緯婷,10000000,101/06/01,115/05/21,特殊補正,EZ02010 起重工程業；EZ99990 其他工程業；F106030 模具批發業；F111090 建材批發業；F113010 機械批發業；F206030 模具零售業；F211010 建材零售業；F213080 機械器具零售業；I503010 景觀、室內設計業；JE01010 租賃業,臺北市,變更,11505
53772862,風行天股份有限公司,臺北市中山區長春路15號8樓,邱雅汝,72000000,101/06/07,115/05/07,特殊補正,I301010 資訊軟體服務業；I301020 資料處理服務業；I301030 電子資訊供應服務業；ZZ99999 除許可業務外，得經營法令非禁止或限制之業務；F401010 國際貿易業；CC01060 有線通信機械器材製造業；CC01070 無線通信機械器材製造業；CC01080 電子零組件製造業；CC01110 電腦及其週邊設備製造業；CC01990 其他電機及電子機械器材製造業,臺北市,變更,11505
53775093,台灣嘉里投資股份有限公司,臺北市中正區新生南路1段50號14樓,沈宗桂,200000000,101/06/15,115/05/27,特殊補正,H201010 一般投資業；G801010 倉儲業；IZ06010 理貨包裝業；ZZ99999 除許可業務外，得經營法令非禁止或限制之業務,臺北市,變更,11505
53777043,上和麵包有限公司,臺北市士林區福國路7號1樓,許愷晏,1000000,101/06/21,115/05/21,股東出資轉讓修正章程,C104020 烘焙炊蒸食品製造業；C104010 糖果製造業；F203010 食品什貨、飲料零售業；F102170 食品什貨批發業；ZZ99999 除許可業務外，得經營法令非禁止或限制之業務,臺北市,變更,11505
53777058,花東樂活生技股份有限公司,臺北市中山區松江路363號12樓,陳輝堂,10000000,101/06/21,115/05/13,特殊補正,F102040 飲料批發業；F102170 食品什貨批發業；F203010 食品什貨、飲料零售業；F108040 化粧品批發業；F208040 化粧品零售業；F208050 乙類成藥零售業；F401010 國際貿易業；I103060 管理顧問業；I199990 其他顧問服務業；JB01010 會議及展覽服務業,臺北市,變更,11505
53789651,苗林實業股份有限公司,臺北市內湖區瑞光路513巷26號8樓之2,林瓊書,97200000,101/01/11,115/05/27,特殊補正,F102170 食品什貨批發業；F102020 食用油脂批發業；F203010 食品什貨、飲料零售業；F401010 國際貿易業；ZZ99999 除許可業務外，得經營法令非禁止或限制之業務；F113010 機械批發業；F213080 機械器具零售業；F401171 酒類輸入業；G801010 倉儲業；C199010 麵條、粉條類食品製造業,臺北市,變更,11505
53810248,金王有限公司,臺北市中正區三元街211號,詹善詠,19000000,101/03/05,115/05/26,補繳規費,F215010 首飾及貴金屬零售業；F215020 礦石零售業；F115010 首飾及貴金屬批發業；F115020 礦石批發業；F199990 其他批發業；F299990 其他零售業；CG01010 珠寶及貴金屬製品製造業；I102010 一般投資顧問業；I103060 管理顧問業；I105010 藝術品諮詢顧問業,臺北市,變更,11505
53825431,種籽資訊有限公司,臺北市中山區中山北路1段72號3樓之3,王銘駿,4200000,101/03/30,115/05/29,公司所營事業變更修正章程,C701010 印刷業；C703010 印刷品裝訂及加工業；CC01120 資料儲存媒體製造及複製業；F218010 資訊軟體零售業；F401010 國際貿易業；I301010 資訊軟體服務業；I301020 資料處理服務業；I301030 電子資訊供應服務業；I401010 一般廣告服務業；I599990 其他設計業,臺北市,變更,11505
53911668,優食文化志業股份有限公司,臺北市松山區南京東路4段77號10樓之3,賴宇凡,300000,101/07/06,115/05/27,補繳規費,F102170 食品什貨批發業；F203010 食品什貨、飲料零售業；ZZ99999 除許可業務外，得經營法令非禁止或限制之業務,臺北市,變更,11505
53912414,源如意股份有限公司,臺北市士林區德行西路35號5樓,謝仁光,25100000,101/07/10,115/05/11,特殊補正,F199990 其他批發業；F399990 其他綜合零售業；H201010 一般投資業；ZZ99999 除許可業務外，得經營法令非禁止或限制之業務,臺北市,變更,11505
53913498,絕對科技股份有限公司,臺北市內湖區港華街125號1樓,鄧志浩,10000000,101/07/12,115/05/18,特殊補正,F113050 電腦及事務性機器設備批發業；F113110 電池批發業；F119010 電子材料批發業；F213030 電腦及事務性機器設備零售業；F213110 電池零售業；F219010 電子材料零售業；F401010 國際貿易業；I501010 產品設計業；CC01080 電子零組件製造業；CC01090 電池製造業,臺北市,變更,11505
53914855,薄多義餐飲有限公司,臺北市內湖區瑞光路607號4樓,湯皓雄,27380000,101/07/18,115/05/19,特殊補正,F203010 食品什貨、飲料零售業；F203020 菸酒零售業；F501030 飲料店業；F501060 餐館業；F401010 國際貿易業；ZZ99999 除許可業務外，得經營法令非禁止或限制之業務；F401171 酒類輸入業；J602010 演藝活動業,臺北市,變更,11505
53917190,威亮科技有限公司,臺北市中山區長春路328號4樓之3,陳瑞再,12000000,101/07/25,115/05/19,特殊補正,E601010 電器承裝業；E601020 電器安裝業；E603040 消防安全設備安裝工程業；E603050 自動控制設備工程業；E603090 照明設備安裝工程業；E605010 電腦設備安裝業；E599010 配管工程業；E801010 室內裝潢業；EZ05010 儀器、儀表安裝工程業；CC01020 電線及電纜製造業,臺北市,變更,11505
53919970,信星百多媒體有限公司,臺北市內湖區內湖路1段703號,許向益,15000000,101/08/03,115/05/12,公司所在地,F109070 文教、樂器、育樂用品批發業；F118010 資訊軟體批發業；F209060 文教、樂器、育樂用品零售業；F218010 資訊軟體零售業；F399040 無店面零售業；F401010 國際貿易業；I301010 資訊軟體服務業；I401010 一般廣告服務業；J305010 有聲出版業；J602010 演藝活動業,臺北市,變更,11505
53924827,立宸廣告有限公司,臺北市中正區忠孝東路2段80號12樓之2,陳學祺,3000000,101/08/21,115/05/06,減少所營事業變更修正章程,I503010 景觀、室內設計業；E801010 室內裝潢業；I401010 一般廣告服務業；F205040 家具、寢具、廚房器具、裝設品零售業；F211010 建材零售業；H701010 住宅及大樓開發租售業；H703090 不動產買賣業；I102010 投資顧問業；JZ99050 仲介服務業；H701020 工業廠房開發租售業,臺北市,變更,11505
53927036,台灣瑞是達迪睿合股份有限公司,臺北市中山區南京東路2段167號3樓之1,片岡法義,20000000,101/08/29,115/05/12,改選董事/監察人(一人法人股東指派董事/監察人),F101070 漁具批發業；F104110 布疋、衣著、鞋、帽、傘、服飾品批發業；F106010 五金批發業；F106020 日常用品批發業；F107010 漆料、塗料批發業；F107020 染料、顏料批發業；F107060 毒性化學物質批發業；F107200 化學原料批發業；F108040 化粧品批發業；F109070 文教、樂器、育樂用品批發業,臺北市,變更,11505
53927198,漢神投資股份有限公司,臺北市南港區經貿一路170號12樓之2,陳美足,2500000000,101/08/29,115/05/07,改派董事/監察人,H201010 一般投資業；ZZ99999 除許可業務外，得經營法令非禁止或限制之業務,臺北市,變更,11505
53927676,安盛生科股份有限公司,臺北市內湖區基湖路35巷2弄9號6樓,陳彥宇,406231640,101/08/30,115/05/29,補選董事(常務董事.董事長)/監察人,CC01101 電信管制射頻器材製造業；CE01010 一般儀器製造業；CF01011 醫療器材製造業；F108031 醫療器材批發業；F208031 醫療器材零售業；F401010 國際貿易業；F401021 電信管制射頻器材輸入業；I103060 管理顧問業；I301010 資訊軟體服務業；I301020 資料處理服務業,臺北市,變更,11505
53927795,遠寧投資股份有限公司,臺北市大安區忠孝東路4段293號8樓之4,程思聆,16029490,101/08/31,115/05/28,特殊補正,H201010 一般投資業,臺北市,變更,11505
53928529,荷歐國際企業有限公司,臺北市松山區南京東路4段186號3樓之6,鄭宛瑜,500000,101/09/04,115/05/08,特殊補正,F102170 食品什貨批發業；F104110 布疋、衣著、鞋、帽、傘、服飾品批發業；F106010 五金批發業；F106020 日常用品批發業；F107030 清潔用品批發業；F108040 化粧品批發業；F115010 首飾及貴金屬批發業；F203010 食品什貨、飲料零售業；F204110 布疋、衣著、鞋、帽、傘、服飾品零售業；F206010 五金零售業,臺北市,變更,11505
53930573,康厝建設股份有限公司,臺北市中山區長安東路2段6之1號3樓,邱麗娟,27210890,101/09/11,115/05/18,補繳規費,H701010 住宅及大樓開發租售業；H701020 工業廠房開發租售業；H701040 特定專業區開發業；H701050 投資興建公共建設業；H701060 新市鎮、新社區開發業；H701070 區段徵收及市地重劃代辦業；H701080 都市更新重建業；H701090 都市更新整建維護業；H702010 建築經理業；H703090 不動產買賣業,臺北市,變更,11505
53931236,沛昇實業有限公司,臺北市松山區光復北路26巷3號4樓,洪煜翔,300000,101/09/13,115/05/25,改推董事/董事長,CA02010 金屬結構及建築組件製造業；CC01080 電子零組件製造業；E604010 機械安裝業；EZ05010 儀器、儀表安裝工程業；F106010 五金批發業；F106020 日常用品批發業；F113010 機械批發業；F119010 電子材料批發業；F206010 五金零售業；F215010 首飾及貴金屬零售業,臺北市,變更,11505
53932973,岳騰實業股份有限公司,臺北市松山區復興南路1段63號6樓,林邑鴻,44381250,101/09/19,115/05/27,公司所在地,H201010 一般投資業；ZZ99999 除許可業務外，得經營法令非禁止或限制之業務；H701010 住宅及大樓開發租售業；H701040 特定專業區開發業；H701060 新市鎮、新社區開發業；H701070 區段徵收及市地重劃代辦業；H701080 都市更新重建業；H701090 都市更新整建維護業；H702010 建築經理業；H703090 不動產買賣業,臺北市,變更,11505
53941804,富信康國際股份有限公司,臺北市中正區青島東路3之3號5樓,徐國森,10000000,101/10/17,115/05/15,特殊補正,CC01110 電腦及其週邊設備製造業；F113050 電腦及事務性機器設備批發業；F213030 電腦及事務性機器設備零售業；CM01010 箱、包、袋製造業；F104110 布疋、衣著、鞋、帽、傘、服飾品批發業；F204110 布疋、衣著、鞋、帽、傘、服飾品零售業；C103050 罐頭、冷凍、脫水及醃漬食品製造業；C104020 烘焙炊蒸食品製造業；F203010 食品什貨、飲料零售業；CC01030 電器及視聽電子產品製造業,臺北市,變更,11505
53945647,出於設計有限公司,臺北市松山區敦化南路1段7號5樓,馬儷菁,2000000,101/10/26,115/05/08,特殊補正,I401010 一般廣告服務業；I599990 其他設計業；I501010 產品設計業；I502010 服飾設計業；I503010 景觀、室內設計業；I504010 花藝設計業；F399040 無店面零售業；F401010 國際貿易業；F104110 布疋、衣著、鞋、帽、傘、服飾品批發業；F105050 家具、寢具、廚房器具、裝設品批發業,臺北市,變更,11505
53947526,惟翊國際股份有限公司,臺北市大安區和平東路3段36號8樓,楊彩香,8000000,101/11/01,115/05/25,特殊補正,F102170 食品什貨批發業；F102020 食用油脂批發業；F105050 家具、寢具、廚房器具、裝設品批發業；F108040 化粧品批發業；F109070 文教、樂器、育樂用品批發業；F113050 電腦及事務性機器設備批發業；F213010 電器零售業；F213030 電腦及事務性機器設備零售業；F401010 國際貿易業；I199990 其他顧問服務業,臺北市,變更,11505
53958184,華擘文創投資開發有限公司,臺北市中山區中山北路1段92號2樓,孫方晨,10000000,101/12/11,115/05/27,補繳規費,I501010 產品設計業；I502010 服飾設計業；I503010 景觀、室內設計業；I599990 其他設計業；I105010 藝術品諮詢顧問業；J601010 藝文服務業；J602010 演藝活動業；J603010 音樂展演空間業；J202010 產業育成業；H202010 創業投資業,臺北市,變更,11505
53958993,三曜國際股份有限公司,臺北市中山區南京東路2段206號9樓之1,吳肇強,1000000,101/12/12,115/05/27,改選董事/監察人(一人法人股東指派董事/監察人),H701010 住宅及大樓開發租售業；H701020 工業廠房開發租售業；H701040 特定專業區開發業；H701060 新市鎮、新社區開發業；H701070 區段徵收及市地重劃代辦業；H701080 都市更新重建業；H701090 都市更新整建維護業；H702010 建築經理業；H703090 不動產買賣業；H703100 不動產租賃業,臺北市,變更,11505
53966065,喜見營造股份有限公司,臺北市松山區八德路3段20號7樓之1,林永財,122500000,101/08/01,115/05/20,改選董事/監察人(一人法人股東指派董事/監察人),E101011 綜合營造業；B601010 土石採取業；E401010 疏濬業；E402010 沙石、淤泥海拋業；E604010 機械安裝業；EZ06010 交通標示工程業；EZ07010 鑽孔工程業；EZ11010 球場跑道樹脂材料鋪設工程業；F111090 建材批發業；F401010 國際貿易業,臺北市,變更,11505
54015888,恩嘉科技股份有限公司,臺北市南港區南港路1段209號10樓,蔡文河,351314880,101/10/17,115/05/18,補繳規費,CB01020 事務機器製造業；CC01030 電器及視聽電子產品製造業；CC01060 有線通信機械器材製造業；CC01070 無線通信機械器材製造業；CC01090 電池製造業；CC01101 電信管制射頻器材製造業；CC01110 電腦及其週邊設備製造業；E605010 電腦設備安裝業；F113020 電器批發業；F113050 電腦及事務性機器設備批發業,臺北市,變更,11505
54016227,巧偶國際有限公司,臺北市松山區敦化北路222巷18弄1號,林哲瑋,6000000,101/10/18,115/05/14,公司所在地,A101020 農作物栽培業；A101050 花卉栽培業；A102080 園藝服務業；C701010 印刷業；C901010 陶瓷及陶瓷製品製造業；C901020 玻璃及玻璃製品製造業；CP01010 手工具製造業；F101100 花卉批發業；F101130 蔬果批發業；F102030 菸酒批發業,臺北市,變更,11505
54022656,康福得寶國際健康事業股份有限公司,臺北市萬華區開封街2段39號1樓,陳敬恆,9900000,101/11/19,115/05/07,特殊補正,F101050 水產品批發業；F101130 蔬果批發業；F101990 其他農、畜、水產品批發業；F102170 食品什貨批發業；F109070 文教、樂器、育樂用品批發業；F201010 農產品零售業；F201030 水產品零售業；F201990 其他農畜水產品零售業；F203010 食品什貨、飲料零售業；F209060 文教、樂器、育樂用品零售業,臺北市,變更,11505
54030945,安達芯光電股份有限公司,臺北市中山區南京東路1段86號7樓之3,黃安邦,3000000,101/12/28,115/05/21,補繳規費,CC01030 電器及視聽電子產品製造業；CC01040 照明設備製造業；E603090 照明設備安裝工程業；E605010 電腦設備安裝業；F104110 布疋、衣著、鞋、帽、傘、服飾品批發業；F113020 電器批發業；F113050 電腦及事務性機器設備批發業；F119010 電子材料批發業；F213010 電器零售業；F213030 電腦及事務性機器設備零售業,臺北市,變更,11505
54037362,哈克釀酒股份有限公司,臺北市中山區南京東路3段208號9樓,陳銘德,4000000,102/01/30,115/05/22,特殊補正,F102030 菸酒批發業；F102040 飲料批發業；F102050 茶葉批發業；F203010 食品什貨、飲料零售業；F203020 菸酒零售業；F399990 其他綜合零售業；F401010 國際貿易業；F501030 飲料店業；F501060 餐館業；I301010 資訊軟體服務業,臺北市,變更,11505
54130986,白金實業股份有限公司,臺北市內湖區瑞光路302號10樓,彭琬婷,10000000,102/02/27,115/05/27,補繳規費,H703090 不動產買賣業；H703100 不動產租賃業；JE01010 租賃業；F401010 國際貿易業；F102030 菸酒批發業；F203020 菸酒零售業；IG03010 能源技術服務業；D101060 再生能源自用發電設備業；F119010 電子材料批發業；F219010 電子材料零售業,臺北市,變更,11505
54151980,伊甸生物醫藥股份有限公司,臺北市中正區北平東路20號8樓之1,咸聖鎬,3059391410,101/12/25,115/05/05,修正章程,IG01010 生物技術服務業；IG02010 研究發展服務業；F401010 國際貿易業；F601010 智慧財產權業,臺北市,變更,11505
54155281,天蓬曜界股份有限公司,臺北市內湖區民權東路6段90巷16弄1號2樓,張川峻,2000000,102/01/08,115/05/08,改選董事/監察人(一人法人股東指派董事/監察人),I301010 資訊軟體服務業；I301020 資料處理服務業；I301030 電子資訊供應服務業；I401010 一般廣告服務業；IZ13010 網路認證服務業；IZ99990 其他工商服務業；F399040 無店面零售業；F401010 國際貿易業；ZZ99999 除許可業務外，得經營法令非禁止或限制之業務；J401010 電影片製作業,臺北市,變更,11505
54156964,明皓有限公司,臺北市士林區天母西路21號1樓,張育維,10000000,102/01/15,115/05/14,特殊補正,H703100 不動產租賃業；H201010 一般投資業；H703090 不動產買賣業；I102010 投資顧問業；I103060 管理顧問業；F206020 日常用品零售業；F208050 乙類成藥零售業；F401010 國際貿易業；ZZ99999 除許可業務外，得經營法令非禁止或限制之業務,臺北市,變更,11505
54161501,儷夏商務旅館有限公司,臺北市萬華區中華路1段90號4樓、6樓、8樓,楊孟杰,10000000,102/01/30,115/05/29,特殊補正,J901020 一般旅館業,臺北市,變更,11505
54162419,日僑商務有限公司,臺北市萬華區漢中街205號3樓,姬井誠介,500000,102/01/31,115/05/06,公司所在地,F213030 電腦及事務性機器設備零售業；F218010 資訊軟體零售業；H703100 不動產租賃業；I102010 投資顧問業；I103060 管理顧問業；I301010 資訊軟體服務業；I401010 一般廣告服務業；I401020 廣告傳單分送業；I501010 產品設計業；IZ04010 翻譯業,臺北市,變更,11505
54165507,逸達生物科技股份有限公司,臺北市南港區三重路19-3號9樓之2,簡銘達,1575405410,102/02/08,115/05/25,認股憑證換發新股,F108040 化粧品批發業；F208040 化粧品零售業；F108021 西藥批發業；F208021 西藥零售業；F208050 乙類成藥零售業；F401010 國際貿易業；F601010 智慧財產權業；I101090 食品顧問業；I102010 投資顧問業；I103060 管理顧問業,臺北市,變更,11505
54169829,山川開發興業股份有限公司,臺北市中山區復興北路66號7樓,涂智益,5000000,102/03/06,115/05/21,特殊補正,E801010 室內裝潢業；E801020 門窗安裝工程業；E801030 室內輕鋼架工程業；E801040 玻璃安裝工程業；E801070 廚具、衛浴設備安裝工程業；EZ11010 球場跑道樹脂材料鋪設工程業；EZ14010 運動場地用設備工程業；E599010 配管工程業；E601010 電器承裝業；E603010 電纜安裝工程業,臺北市,變更,11505
54172606,永耀能源股份有限公司,臺北市萬華區柳州街80號8樓,李宏德,54720000,102/03/15,115/05/21,特殊補正,CC01090 電池製造業；CC01010 發電、輸電、配電機械製造業；IG03010 能源技術服務業；F119010 電子材料批發業；F219010 電子材料零售業；CC01080 電子零組件製造業；E601010 電器承裝業；F401010 國際貿易業；ZZ99999 除許可業務外，得經營法令非禁止或限制之業務；A101020 農作物栽培業,臺北市,變更,11505
54172768,鈦霓科技股份有限公司,臺北市北投區中央南路2段28號12樓之2,趙先忠,21640996,102/03/15,115/05/28,增資(資本總額),CB01010 機械設備製造業；CE01010 一般儀器製造業；E604010 機械安裝業；EZ05010 儀器、儀表安裝工程業；EZ99990 其他工程業；F107200 化學原料批發業；F107990 其他化學製品批發業；F113010 機械批發業；F213080 機械器具零售業；F401010 國際貿易業,臺北市,變更,11505
54173555,首誠不動產仲介經紀有限公司,臺北市中山區民權東路3段59號1樓,歐陽熙明,2000000,102/03/19,115/05/19,股東出資轉讓修正章程,H704031 不動產仲介經紀業；H703090 不動產買賣業；H703100 不動產租賃業；JE01010 租賃業；JZ99050 仲介服務業；H701010 住宅及大樓開發租售業；H701020 工業廠房開發租售業；H701060 新市鎮、新社區開發業；I102010 投資顧問業；I103060 管理顧問業,臺北市,變更,11505
54176217,寶盛建設股份有限公司,臺北市內湖區民權東路6段15巷25號2樓,方宗明,10000000,102/03/25,115/05/06,董事/監察人持股變動報備,J701040 休閒活動場館業；J701080 水域遊憩活動經營業；IZ12010 人力派遣業；G202010 停車場經營業；H701010 住宅及大樓開發租售業；H703090 不動產買賣業；H703100 不動產租賃業；ZZ99999 除許可業務外，得經營法令非禁止或限制之業務,臺北市,變更,11505
54176912,雲碼股份有限公司,臺北市萬華區成都路102號2樓之1,森下泰幸,130000000,102/03/27,115/05/21,特殊補正,I301010 資訊軟體服務業；I301020 資料處理服務業；I301030 電子資訊供應服務業；F108031 醫療器材批發業；F208031 醫療器材零售業；F401021 電信管制射頻器材輸入業；ZZ99999 除許可業務外，得經營法令非禁止或限制之業務,臺北市,變更,11505
54177588,雲和全球投資有限公司,臺北市中山區南京東路3段217號5樓,陳韻帆,20000000,102/03/29,115/05/14,股東出資轉讓修正章程,H201010 一般投資業；ZZ99999 除許可業務外，得經營法令非禁止或限制之業務,臺北市,變更,11505
54178192,普魯士國際有限公司,臺北市大安區忠孝東路4段270號7樓,蔡冠廷,1100000,102/04/01,115/05/05,公司所在地,E605010 電腦設備安裝業；F109070 文教、樂器、育樂用品批發業；F113050 電腦及事務性機器設備批發業；F118010 資訊軟體批發業；F119010 電子材料批發業；F301010 百貨公司業；F401010 國際貿易業；I103060 管理顧問業；I301010 資訊軟體服務業；I301020 資料處理服務業,臺北市,變更,11505
54179164,傑圓實業有限公司,臺北市中正區忠孝東路1段176號6樓之3,宋宸綱,10000000,102/04/02,115/05/19,特殊補正,E603050 自動控制設備工程業；E603100 電焊工程業；E604010 機械安裝業；E801010 室內裝潢業；E801020 門窗安裝工程業；E801030 室內輕鋼架工程業；E801040 玻璃安裝工程業；E901010 油漆工程業；E903010 防蝕、防銹工程業；CA01020 鋼鐵軋延及擠型業,臺北市,變更,11505
54179376,匯澤信用顧問股份有限公司,臺北市中山區德惠街9之1號地下2層,宋霖耘,10645000,102/04/03,115/05/07,補繳規費,I102010 投資顧問業；I103060 管理顧問業；I301010 資訊軟體服務業；I301020 資料處理服務業；I301030 電子資訊供應服務業；I401010 一般廣告服務業；I401020 廣告傳單分送業；IG02010 研究發展服務業；IZ13010 網路認證服務業；JD01010 工商徵信服務業,臺北市,變更,11505
54179426,華上生技醫藥股份有限公司,臺北市南港區忠孝東路7段508號16樓之5,陳嘉南,537062350,102/04/03,115/05/26,一般補正案,C110010 飲料製造業；C199990 未分類其他食品製造業；C802090 清潔用品製造業；C802100 化粧品製造業；F102040 飲料批發業；F108040 化粧品批發業；F208050 乙類成藥零售業；ZZ99999 除許可業務外，得經營法令非禁止或限制之業務；C802060 動物用藥製造業；C802080 環境用藥製造業,臺北市,變更,11505
54182560,碩果傳播事業股份有限公司,臺北市松山區南京東路5段66巷22弄36號1樓,蔡正暉,1200000,102/04/17,115/05/08,特殊補正,J304010 圖書出版業；J305010 有聲出版業；J601010 藝文服務業；J602010 演藝活動業；F118010 資訊軟體批發業；F218010 資訊軟體零售業；F601010 智慧財產權業；I102010 投資顧問業；I103060 管理顧問業；I105010 藝術品諮詢顧問業,臺北市,變更,11505
54182978,瀚宇興業有限公司,臺北市信義區忠孝東路5段1之8號2樓,李曉芸,15000000,102/04/17,115/05/22,特殊補正,I501010 產品設計業；F106020 日常用品批發業；F199990 其他批發業；F206020 日常用品零售業；F401010 國際貿易業；ZZ99999 除許可業務外，得經營法令非禁止或限制之業務；F108031 醫療器材批發業；F208031 醫療器材零售業；F399040 無店面零售業；F399990 其他綜合零售業,臺北市,變更,11505
54183688,普在投資股份有限公司,臺北市中山區樂群二路109號4樓,黃世昌,257000000,102/04/19,115/05/28,特殊補正,H201010 一般投資業,臺北市,變更,11505
54184602,一鷺國際餐飲股份有限公司,臺北市中山區民權東路2段152巷1號,劉士綱,37600000,102/04/22,115/05/22,特殊補正,F501030 飲料店業；F501060 餐館業；F501990 其他餐飲業；F401010 國際貿易業；F102170 食品什貨批發業；F102180 酒精批發業；F203010 食品什貨、飲料零售業；F203020 菸酒零售業；F203030 酒精零售業；ZZ99999 除許可業務外，得經營法令非禁止或限制之業務,臺北市,變更,11505
54184722,富蘭企業有限公司,臺北市士林區天母東路8巷49號6樓,駱霆,2000000,102/04/23,115/05/12,特殊補正,F102170 食品什貨批發業；F401010 國際貿易業；ZZ99999 除許可業務外，得經營法令非禁止或限制之業務,臺北市,變更,11505
54185166,凱瑋紡織有限公司,臺北市大同區迪化街2段172巷18號2樓,林和昌,500000,102/04/24,115/05/21,特殊補正,F104110 布疋、衣著、鞋、帽、傘、服飾品批發業；F109070 文教、樂器、育樂用品批發業；F204110 布疋、衣著、鞋、帽、傘、服飾品零售業；F209060 文教、樂器、育樂用品零售業；F399040 無店面零售業；F401010 國際貿易業；ZZ99999 除許可業務外，得經營法令非禁止或限制之業務,臺北市,變更,11505
54185813,愛姆緹姬股份有限公司,臺北市大同區南京西路36號6樓之1,武居宏治,15000000,102/04/25,115/05/22,改選董事/監察人(一人法人股東指派董事/監察人),ZZ99999 除許可業務外，得經營法令非禁止或限制之業務；F106050 陶瓷玻璃器皿批發業；F113010 機械批發業；F113020 電器批發業；F113030 精密儀器批發業；F113050 電腦及事務性機器設備批發業；F213010 電器零售業；F213030 電腦及事務性機器設備零售業；F213040 精密儀器零售業；F213080 機械器具零售業,臺北市,變更,11505
54187072,真程旅行社有限公司,臺北市士林區福志路14巷7弄5號4樓,林文攀,11000000,102/04/29,115/05/14,特殊補正,J902011 旅行業,臺北市,變更,11505
54202658,伊世萊股份有限公司,臺北市中正區開封街1段2號11樓之4,饒博允,1000000,102/07/01,115/05/28,公司印鑑變更,H201010 一般投資業；H202010 創業投資業；H701010 住宅及大樓開發租售業；H701020 工業廠房開發租售業；H701050 投資興建公共建設業；H701060 新市鎮、新社區開發業；H701070 區段徵收及市地重劃代辦業；H702010 建築經理業；H703090 不動產買賣業；H703100 不動產租賃業,臺北市,變更,11505
54225569,瑞奧股份有限公司,臺北市大同區西寧北路62之5號2樓,林鼎鈞,110594810,102/03/29,115/05/27,改選董事/監察人(一人法人股東指派董事/監察人),I102010 投資顧問業；I103060 管理顧問業；I301030 電子資訊供應服務業；I401010 一般廣告服務業；I301020 資料處理服務業；F399040 無店面零售業；F601010 智慧財產權業；H201010 一般投資業；H202010 創業投資業；H703100 不動產租賃業,臺北市,變更,11505
54254156,僑鑫國際有限公司,臺北市大安區忠孝東路4段71之6號,常如山,15000000,102/05/27,115/05/27,特殊補正,F102170 食品什貨批發業；F203010 食品什貨、飲料零售業；F108040 化粧品批發業；F208040 化粧品零售業；F113990 其他機械器具批發業；F213990 其他機械器具零售業；JE01010 租賃業；F401010 國際貿易業；I199990 其他顧問服務業；ZZ99999 除許可業務外，得經營法令非禁止或限制之業務,臺北市,變更,11505
54275125,牧騰生物科技股份有限公司,臺北市信義區松智路1號3樓,宋豪麟,25624000,102/06/06,115/05/14,特殊補正,C801010 基本化學工業；C801020 石油化工原料製造業；F106060 寵物食品及其用品批發業；F107200 化學原料批發業；F108031 醫療器材批發業；F208031 醫療器材零售業；F108040 化粧品批發業；F113030 精密儀器批發業；F206050 寵物食品及其用品零售業；F207200 化學原料零售業,臺北市,變更,11505
54275455,合水先進環境技術股份有限公司,臺北市信義區信義路5段2號4樓,潘書鴻,534875990,102/06/06,115/05/06,發行新股,A102080 園藝服務業；E599010 配管工程業；E603040 消防安全設備安裝工程業；E603050 自動控制設備工程業；E604010 機械安裝業；I503010 景觀、室內設計業；IG01010 生物技術服務業；IG03010 能源技術服務業；J101030 廢棄物清除業；J101040 廢棄物處理業,臺北市,變更,11505
54294093,永雋能源股份有限公司,臺北市士林區天母北路69號,曾慶文,58000000,102/09/02,115/05/14,特殊補正,E599010 配管工程業；E601010 電器承裝業；E603010 電纜安裝工程業；E603040 消防安全設備安裝工程業；E603050 自動控制設備工程業；E603080 交通號誌安裝工程業；E603090 照明設備安裝工程業；E701020 衛星電視ＫＵ頻道、Ｃ頻道器材安裝業；E701030 電信管制射頻器材裝設工程業；E801010 室內裝潢業,臺北市,變更,11505
54308126,富譽生技股份有限公司,臺北市信義區松高路1號10樓之1,林麗珍,80000000,102/11/06,115/05/18,發行新股,C802100 化粧品製造業；F108040 化粧品批發業；F208040 化粧品零售業；F401010 國際貿易業；ZZ99999 除許可業務外，得經營法令非禁止或限制之業務；C110010 飲料製造業；C199990 未分類其他食品製造業；F102040 飲料批發業；F102170 食品什貨批發業；F203010 食品什貨、飲料零售業,臺北市,變更,11505
54309080,天瑀實業有限公司,臺北市大安區大安路1段191號6樓之1,郭頌褀,3000000,102/11/11,115/05/07,申登機關變更（遷入，含卷）,E599010 配管工程業；E601010 電器承裝業；E603010 電纜安裝工程業；E603040 消防安全設備安裝工程業；E603050 自動控制設備工程業；E603080 交通號誌安裝工程業；E603090 照明設備安裝工程業；E801010 室內裝潢業；E801020 門窗安裝工程業；E801030 室內輕鋼架工程業,臺北市,變更,11505
54312851,同興國際有限公司,臺北市萬華區西園路2段198之1號1樓,李謹行,25000000,102/11/28,115/05/26,公司所在地,H701010 住宅及大樓開發租售業；H703090 不動產買賣業；H703100 不動產租賃業；I103060 管理顧問業；I199990 其他顧問服務業；IZ12010 人力派遣業；JZ99050 仲介服務業；F401010 國際貿易業；ZZ99999 除許可業務外，得經營法令非禁止或限制之業務,臺北市,變更,11505
54314632,圓石國際股份有限公司,臺北市大安區安和路1段127巷21號1樓及2樓,莊汜邦,60000000,102/12/06,115/05/18,特殊補正,F101990 其他農、畜、水產品批發業；F201010 農產品零售業；F401010 國際貿易業；ZZ99999 除許可業務外，得經營法令非禁止或限制之業務,臺北市,變更,11505
54314990,費米股份有限公司,臺北市松山區光復北路11巷35號9樓,李厚諄,74106050,102/12/09,115/05/18,特殊補正,I599990 其他設計業；F401021 電信管制射頻器材輸入業；D401010 熱能供應業；E599010 配管工程業；E601010 電器承裝業；E601020 電器安裝業；E603050 自動控制設備工程業；E603090 照明設備安裝工程業；E604010 機械安裝業；E605010 電腦設備安裝業,臺北市,變更,11505
54316765,天創行國際有限公司,臺北市北投區永興路1段23號1樓,余國賓,1500000,102/12/17,115/05/25,減少所營事業變更修正章程,I401010 一般廣告服務業；IZ03010 剪報業；IZ12010 人力派遣業；IZ99990 其他工商服務業；F401010 國際貿易業；ZZ99999 除許可業務外，得經營法令非禁止或限制之業務；F102030 菸酒批發業；F102170 食品什貨批發業；F107030 清潔用品批發業；F108040 化粧品批發業,臺北市,變更,11505
54319860,三麗投資股份有限公司,臺北市中山區南京東路2段96號8樓,王雅峯,465000000,102/05/08,115/05/11,特殊補正,H201010 一般投資業,臺北市,變更,11505
54323365,台灣創新都更服務股份有限公司,臺北市中正區仁愛路2段25號5樓,蔡政源,20000000,102/05/17,115/05/07,特殊補正,H701010 住宅及大樓開發租售業；H701020 工業廠房開發租售業；H701040 特定專業區開發業；H701050 投資興建公共建設業；H701060 新市鎮、新社區開發業；H701080 都市更新重建業；H702010 建築經理業；H703090 不動產買賣業；H703100 不動產租賃業；H703110 老人住宅業,臺北市,變更,11505
54325265,雲守護安控股份有限公司,臺北市士林區德行西路33號5樓,謝源一,72870000,102/05/24,115/05/05,特殊補正,F113020 電器批發業；F113050 電腦及事務性機器設備批發業；F113070 電信器材批發業；F113030 精密儀器批發業；F113990 其他機械器具批發業；F116010 照相器材批發業；F118010 資訊軟體批發業；F119010 電子材料批發業；F213010 電器零售業；F213030 電腦及事務性機器設備零售業,臺北市,變更,11505
54327524,海悅建設股份有限公司,臺北市松山區敦化北路260號7樓,黃希文,2300000000,102/05/31,115/05/11,發行新股,H701010 住宅及大樓開發租售業；H701020 工業廠房開發租售業；H703090 不動產買賣業；H703100 不動產租賃業；I503010 景觀、室內設計業；F211010 建材零售業；F401010 國際貿易業；E801010 室內裝潢業；ZZ99999 除許可業務外，得經營法令非禁止或限制之業務,臺北市,變更,11505
54330540,宸詮有限公司,臺北市中山區長春路172號8樓之7,王語彤,1000000,102/06/13,115/05/13,特殊補正,F401010 國際貿易業；F102170 食品什貨批發業；F203010 食品什貨、飲料零售業；H703100 不動產租賃業；A102060 糧商業；F101990 其他農、畜、水產品批發業；F201990 其他農畜水產品零售業；H701010 住宅及大樓開發租售業；F101050 水產品批發業；F201030 水產品零售業,臺北市,變更,11505
54330963,賽恩倍吉遠東科技顧問股份有限公司,臺北市內湖區基湖路32號6樓,林忠億,50000000,102/06/17,115/05/29,特殊補正,ZZ99999 除許可業務外，得經營法令非禁止或限制之業務；I103060 管理顧問業,臺北市,變更,11505
54331652,人嶼科技藝術國際有限公司,臺北市大安區忠孝東路4段319號6樓之1,陳美玉,1020000,102/06/17,115/05/12,公司所在地,E801010 室內裝潢業；F209060 文教、樂器、育樂用品零售業；F218010 資訊軟體零售業；F219010 電子材料零售業；F401010 國際貿易業；I199990 其他顧問服務業；I301010 資訊軟體服務業；I301020 資料處理服務業；I301030 電子資訊供應服務業；I401010 一般廣告服務業,臺北市,變更,11505
54332688,兆宣精密印刷有限公司,臺北市大安區忠孝東路4段148號3樓之1,王志宏,16500000,102/06/20,115/05/18,增資,C601040 加工紙製造業；C601990 其他紙製品製造業；C701010 印刷業；C703010 印刷品裝訂及加工業；F213060 電信器材零售業；F219010 電子材料零售業；F401010 國際貿易業；ZZ99999 除許可業務外，得經營法令非禁止或限制之業務,臺北市,變更,11505
54333321,天基科技有限公司,臺北市中山區林森北路112號9樓,方祥煌,5000000,102/06/21,115/05/08,改推董事/董事長,I301010 資訊軟體服務業；I301020 資料處理服務業；I301030 電子資訊供應服務業；F113020 電器批發業；F113050 電腦及事務性機器設備批發業；F113070 電信器材批發業；F119010 電子材料批發業；F213030 電腦及事務性機器設備零售業；F213060 電信器材零售業；F218010 資訊軟體零售業,臺北市,變更,11505
54335778,松成投資有限公司,臺北市內湖區內湖路1段360巷8號8樓,黃于婷,10000000,102/07/01,115/05/28,特殊補正,H201010 一般投資業；F401010 國際貿易業；ZZ99999 除許可業務外，得經營法令非禁止或限制之業務,臺北市,變更,11505
54339492,洋學有限公司,臺北市大安區信義路4段199巷2號4樓之3,勞德禎,2000000,102/07/12,115/05/29,補繳規費,F109070 文教、樂器、育樂用品批發業；F209060 文教、樂器、育樂用品零售業；F399040 無店面零售業；F401010 國際貿易業；J304010 圖書出版業；J201031 短期補習班業；JG01011 兒童課後照顧服務業；ZZ99999 除許可業務外，得經營法令非禁止或限制之業務,臺北市,變更,11505
54342243,碩榜開發有限公司,臺北市中山區民權東路2段26號10樓之4,葉聰慧,535605000,102/07/23,115/05/13,股東出資轉讓修正章程,H701010 住宅及大樓開發租售業；H701020 工業廠房開發租售業；H701050 投資興建公共建設業；H701060 新市鎮、新社區開發業；H701070 區段徵收及市地重劃代辦業；H701090 都市更新整建維護業；H702010 建築經理業；H703090 不動產買賣業；H703100 不動產租賃業；H703110 老人住宅業,臺北市,變更,11505
54342378,天健全球股份有限公司,臺北市文山區羅斯福路5段101號7樓,,100000,102/07/23,115/05/28,補繳規費,H201010 一般投資業；I102010 投資顧問業；I103060 管理顧問業；I199990 其他顧問服務業；ZZ99999 除許可業務外，得經營法令非禁止或限制之業務,臺北市,變更,11505
54342497,紐華生技股份有限公司,臺北市松山區光復南路58巷35號1樓,劉致遠,4000000,102/07/23,115/05/18,特殊補正,F111090 建材批發業；C802200 塗料、油漆、染料及顏料製造業；F106010 五金批發業；F401010 國際貿易業；F211010 建材零售業；E901010 油漆工程業；F105050 家具、寢具、廚房器具、裝設品批發業；F109070 文教、樂器、育樂用品批發業；F113020 電器批發業；F114030 汽、機車零件配備批發業,臺北市,變更,11505
54342840,青春密碼國際學苑股份有限公司,臺北市中山區南京東路2段124號9樓,璩美鳳,200000,102/07/26,115/05/28,特殊補正,F102170 食品什貨批發業；F108040 化粧品批發業；F121010 食品添加物批發業；F203010 食品什貨、飲料零售業；F208040 化粧品零售業；F399040 無店面零售業；F401010 國際貿易業；I101090 食品顧問業；I103060 管理顧問業；I199990 其他顧問服務業,臺北市,變更,11505
54342953,可麗歐有限公司,臺北市北投區石牌路2段363號1樓,潘永祥,20000000,102/07/24,115/05/14,特殊補正,F108031 醫療器材批發業；F108040 化粧品批發業；F119010 電子材料批發業；F399040 無店面零售業；F399990 其他綜合零售業；F401010 國際貿易業；JZ99080 美容美髮服務業；JZ99110 瘦身美容業；H201010 一般投資業；ZZ99999 除許可業務外，得經營法令非禁止或限制之業務,臺北市,變更,11505
54347937,台灣盟可睞有限公司,臺北市信義區忠孝東路5段1之1號7樓,黃勁華(King Wa WONG),10000000,102/08/05,115/05/07,股東出資轉讓修正章程,F104110 布疋、衣著、鞋、帽、傘、服飾品批發業；F105050 家具、寢具、廚房器具、裝設品批發業；F108040 化粧品批發業；F109070 文教、樂器、育樂用品批發業；F110010 鐘錶批發業；F110020 眼鏡批發業；F115010 首飾及貴金屬批發業；F116010 照相器材批發業；F204110 布疋、衣著、鞋、帽、傘、服飾品零售業；F205040 家具、寢具、廚房器具、裝設品零售業,臺北市,變更,11505
54349082,昱昂顧問股份有限公司,臺北市松山區南京東路3段285號10樓,翁祖鵬,20000000,102/08/08,115/05/15,董事/監察人持股變動報備,H201010 一般投資業,臺北市,變更,11505
54349816,三盛愛生技股份有限公司,臺北市信義區信安街163號12樓,王浩志,12000000,102/08/12,115/05/22,特殊補正,F102170 食品什貨批發業；F103010 飼料批發業；F106020 日常用品批發業；F107080 環境用藥批發業；F108040 化粧品批發業；F109070 文教、樂器、育樂用品批發業；F113020 電器批發業；F113050 電腦及事務性機器設備批發業；F113070 電信器材批發業；F119010 電子材料批發業,臺北市,變更,11505
54350637,台灣世通沃聯科技股份有限公司,臺北市松山區民生東路3段100號5樓,司馬讓德(Thomas Jean Paul BOUTARD),195320000,102/08/15,115/05/11,改選董事/監察人(一人法人股東指派董事/監察人),I301010 資訊軟體服務業；I301020 資料處理服務業；I103060 管理顧問業；I301040 第三方支付服務業；ZZ99999 除許可業務外，得經營法令非禁止或限制之業務,臺北市,變更,11505
54352277,翌萬建設股份有限公司,臺北市大安區市民大道3段178號5樓之2,孫再良,20000000,102/08/20,115/05/06,改選董事/監察人(一人法人股東指派董事/監察人),H701010 住宅及大樓開發租售業；E801010 室內裝潢業；I503010 景觀、室內設計業；F111090 建材批發業；F211010 建材零售業；I401010 一般廣告服務業；F401010 國際貿易業；H701060 新市鎮、新社區開發業；H703090 不動產買賣業；H701090 都市更新整建維護業,臺北市,變更,11505
54354520,質果網路科技股份有限公司,臺北市信義區基隆路1段206號18樓,郭爵榮,9000000,102/08/28,115/05/05,改選董事/監察人(一人法人股東指派董事/監察人),E605010 電腦設備安裝業；F118010 資訊軟體批發業；F218010 資訊軟體零售業；F301010 百貨公司業；F401010 國際貿易業；I103060 管理顧問業；I301010 資訊軟體服務業；I301020 資料處理服務業；I301030 電子資訊供應服務業；I401010 一般廣告服務業,臺北市,變更,11505
54360635,聯暘投資股份有限公司,臺北市中正區中華路1段59號9樓,張歐忠正,5000000,102/09/17,115/05/19,特殊補正,H201010 一般投資業,臺北市,變更,11505
54363020,群悅創業投資股份有限公司,臺北市內湖區石潭路65號67號9樓,張献祥,22500000,102/09/27,115/05/25,改選董事/監察人(一人法人股東指派董事/監察人),H201010 一般投資業；H202010 創業投資業；ZZ99999 除許可業務外，得經營法令非禁止或限制之業務,臺北市,變更,11505
54363680,怡宸貿易有限公司,臺北市內湖區南京東路6段350之3號10樓,吳學紋,7000000,102/09/30,115/05/14,特殊補正,F102170 食品什貨批發業；F104110 布疋、衣著、鞋、帽、傘、服飾品批發業；F106070 祭祀用品批發業；F111090 建材批發業；F206060 祭祀用品零售業；F211010 建材零售業；F401010 國際貿易業；ZZ99999 除許可業務外，得經營法令非禁止或限制之業務,臺北市,變更,11505
54367428,太豪生醫股份有限公司,臺北市大安區和平東路2段100號6樓之1,蔡適禮,27552920,102/10/11,115/05/14,特殊補正,CE01010 一般儀器製造業；CE01030 光學儀器製造業；CE01990 其他光學及精密器械製造業；CF01011 醫療器材製造業；EZ05010 儀器、儀表安裝工程業；F108031 醫療器材批發業；F113030 精密儀器批發業；F208031 醫療器材零售業；F213040 精密儀器零售業；I301010 資訊軟體服務業,臺北市,變更,11505
54368658,日煙國際製造股份有限公司,臺北市信義區西村里松仁路32號7樓,伊緯騰,6284286320,102/10/17,115/05/15,改派董事/監察人,C112011 製菸業；F102030 菸酒批發業；F203020 菸酒零售業；F401010 國際貿易業；F401161 菸類輸入業；ZZ99999 除許可業務外，得經營法令非禁止或限制之業務,臺北市,變更,11505
54384171,香港商佳質亞太有限公司,臺北市信義區信義路五段7號57樓之1,ANTHONY STEPHEN PROCTOR,250000,103/07/09,115/05/28,改派在中華民國境內負責人變更登記,F401010 國際貿易業；I103060 管理顧問業；IG01010 生物技術服務業；JB01010 會議及展覽服務業；JZ99050 仲介服務業；ZZ99999 除許可業務外，得經營法令非禁止或限制之業務；F108031 醫療器材批發業；F108021 西藥批發業；F208021 西藥零售業,臺北市,變更,11505
54393235,大陸商深圳市滙頂科技股份有限公司,臺北市大同區延平北路1段104號5樓,張林,0,104/01/07,115/05/28,一般補正案,,臺北市,變更,11505
54396182,香港商一蘭有限公司,臺北市信義區松仁路97號1樓,前川亞依,5000000,104/01/09,115/05/26,本公司董事及其他負責人變更,ZZ99999 除許可業務外，得經營法令非禁止或限制之業務；F102170 食品什貨批發業；F203010 食品什貨、飲料零售業；F401010 國際貿易業；F501060 餐館業；F203020 菸酒零售業；F204110 布疋、衣著、鞋、帽、傘、服飾品零售業；F206020 日常用品零售業；F299990 其他零售業,臺北市,變更,11505
54539576,大宇工程股份有限公司,臺北市北投區崇仁路1段91號,陳皇銘,6600000,102/11/13,115/05/19,特殊補正,E101011 綜合營造業；ZZ99999 除許可業務外，得經營法令非禁止或限制之業務,臺北市,變更,11505
54541947,翔宥事業有限公司,臺北市中正區忠孝西路1段122號9樓,曹庭昇,4200000,102/11/21,115/05/28,特殊補正,F101040 家畜家禽批發業；F102050 茶葉批發業；F106010 五金批發業；F109070 文教、樂器、育樂用品批發業；F113030 精密儀器批發業；F113050 電腦及事務性機器設備批發業；F113070 電信器材批發業；F114030 汽、機車零件配備批發業；F114040 自行車及其零件批發業；F119010 電子材料批發業,臺北市,變更,11505
54630785,尚亨股份有限公司,臺北市中山區八德路2段66號7樓之1,林錦讚,75250000,103/05/23,115/05/08,特殊補正,H201010 一般投資業,臺北市,變更,11505
54637204,喬山永續科技股份有限公司,臺北市中山區渭水路3巷20號1樓,楊明翰,70000000,103/07/21,115/05/19,申登機關變更（遷入，含卷）,IG03010 能源技術服務業；E601010 電器承裝業；E601020 電器安裝業；E602011 冷凍空調工程業；E603010 電纜安裝工程業；E603020 電梯安裝工程業；E603040 消防安全設備安裝工程業；E603050 自動控制設備工程業；E603090 照明設備安裝工程業；E603100 電焊工程業,臺北市,變更,11505
54639955,鑫金品有限公司,臺北市大同區迪化街1段226號,陳莉羚,1000000,102/10/21,115/05/04,股東出資轉讓修正章程,F105050 家具、寢具、廚房器具、裝設品批發業；F106010 五金批發業；F106050 陶瓷玻璃器皿批發業；F111090 建材批發業；F401010 國際貿易業；E801070 廚具、衛浴設備安裝工程業；ZZ99999 除許可業務外，得經營法令非禁止或限制之業務,臺北市,變更,11505
54640411,台灣康健國際有限公司,臺北市信義區基隆路1段159號16樓之1,林瓊瑩,3000000,102/10/22,115/05/26,特殊補正,F104110 布疋、衣著、鞋、帽、傘、服飾品批發業；F105050 家具、寢具、廚房器具、裝設品批發業；F106020 日常用品批發業；F109070 文教、樂器、育樂用品批發業；F204110 布疋、衣著、鞋、帽、傘、服飾品零售業；F205040 家具、寢具、廚房器具、裝設品零售業；F206020 日常用品零售業；F399040 無店面零售業；F209060 文教、樂器、育樂用品零售業；ZZ99999 除許可業務外，得經營法令非禁止或限制之業務,臺北市,變更,11505
54641707,競網國際娛樂股份有限公司,臺北市南港區南港路2段99之10號2樓,王俊博,29415200,102/10/25,115/05/20,改選董事/監察人(一人法人股東指派董事/監察人),CC01110 電腦及其週邊設備製造業；F113070 電信器材批發業；F118010 資訊軟體批發業；F401010 國際貿易業；I301010 資訊軟體服務業；I301030 電子資訊供應服務業；I401010 一般廣告服務業；J602010 演藝活動業；ZZ99999 除許可業務外，得經營法令非禁止或限制之業務,臺北市,變更,11505
54641930,藍寶環境科技有限公司,臺北市南港區中南街74巷35號1樓,廖鈺娟,5000000,102/10/28,115/05/28,公司所在地,I401010 一般廣告服務業；I503010 景觀、室內設計業；IG01010 生物技術服務業；E801010 室內裝潢業；J101010 建築物清潔服務業；J101020 病媒防治業；J101990 其他環境衛生及污染防治服務業；H703090 不動產買賣業；H703100 不動產租賃業；F101100 花卉批發業,臺北市,變更,11505
54642017,億麗莎白健康生活館有限公司,臺北市中山區松江路276號4樓、4樓之1,彭學進,500000,102/10/28,115/05/04,特殊補正,JZ99080 美容美髮服務業；I103060 管理顧問業；I199990 其他顧問服務業；I301010 資訊軟體服務業；I301020 資料處理服務業；I301030 電子資訊供應服務業；I501010 產品設計業；F102040 飲料批發業；F102050 茶葉批發業；F102170 食品什貨批發業,臺北市,變更,11505
54643368,黑逗國際有限公司,臺北市中山區建國北路2段110號4樓,趙裕華,5000000,102/11/01,115/05/07,股東出資轉讓修正章程,F106060 寵物食品及其用品批發業；F107030 清潔用品批發業；F108040 化粧品批發業；F102170 食品什貨批發業；F103010 飼料批發業；I103060 管理顧問業；ZZ99999 除許可業務外，得經營法令非禁止或限制之業務,臺北市,變更,11505
54645963,趙雲有限公司,臺北市北投區振興街5號1樓,韓丹亞妮HESTY HANDAYANI,500000,102/11/05,115/05/13,特殊補正,F203010 食品什貨、飲料零售業；F204110 布疋、衣著、鞋、帽、傘、服飾品零售業；F205040 家具、寢具、廚房器具、裝設品零售業；F206020 日常用品零售業；F208040 化粧品零售業；F209060 文教、樂器、育樂用品零售業；F218010 資訊軟體零售業；F219010 電子材料零售業；F399010 便利商店業；F399040 無店面零售業,臺北市,變更,11505
54646288,拾拾品牌顧問有限公司,臺北市大安區安和路2段64號3樓,楊凱雯,300000,102/11/06,115/05/13,特殊補正,I103060 管理顧問業；I301010 資訊軟體服務業；I301020 資料處理服務業；I301030 電子資訊供應服務業；I401010 一般廣告服務業；I501010 產品設計業；I502010 服飾設計業；I503010 景觀設計業；IZ10010 排版業；J303010 雜誌（期刊）出版業,臺北市,變更,11505
54647884,創市智能股份有限公司,臺北市大安區基隆路2段232號4樓,林宏遠,10000000,102/11/12,115/05/11,公司所在地,IG01010 生物技術服務業；H201010 一般投資業；I102010 一般投資顧問業；I103060 管理顧問業；I199990 其他顧問服務業；I401010 一般廣告服務業；JB01010 會議及展覽服務業；E605010 電腦設備安裝業；F113050 電腦及事務性機器設備批發業；F113070 電信器材批發業,臺北市,變更,11505
54648238,倍思大生技股份有限公司,臺北市松山區八德路3段2號8樓,蘇志仁,150000000,102/11/13,115/05/27,特殊補正,I102010 投資顧問業；I103060 管理顧問業；I199990 其他顧問服務業；I301010 資訊軟體服務業；I301020 資料處理服務業；I301030 電子資訊供應服務業；IG01010 生物技術服務業；IG02010 研究發展服務業；IZ15010 市場研究及民意調查業；IZ99990 其他工商服務業,臺北市,變更,11505
54651346,美樂食餐飲股份有限公司,臺北市中山區松江路125號5樓,黃尚莉,80000000,102/11/22,115/05/13,特殊補正,F102020 食用油脂批發業；F102030 菸酒批發業；F102170 食品什貨批發業；F105050 家具、寢具、廚房器具、裝設品批發業；F106020 日常用品批發業；F109070 文教、樂器、育樂用品批發業；F121010 食品添加物批發業；F203010 食品什貨、飲料零售業；F203020 菸酒零售業；F205040 家具、寢具、廚房器具、裝設品零售業,臺北市,變更,11505
54653013,台灣杰普企業管理諮詢有限公司,臺北市信義區基隆路1段155號12樓之8,Jean-Francois VEZINA,60000,102/11/28,115/05/25,法人股東指(改)派代表人為董事,I102010 投資顧問業；I103060 管理顧問業；IG02010 研究發展服務業；IZ15010 市場研究及民意調查業；F601010 智慧財產權業；ZZ99999 除許可業務外，得經營法令非禁止或限制之業務,臺北市,變更,11505
54654202,靖生有限公司,臺北市中山區南京東路3段189號10樓,曾靖倫,12000000,102/12/03,115/05/13,公司所在地,F107200 化學原料批發業；F112040 石油製品批發業；F113100 污染防治設備批發業；F207170 工業助劑零售業；F207990 其他化學製品零售業；F213100 污染防治設備零售業；F401010 國際貿易業；I102010 投資顧問業；I103060 管理顧問業；J101990 其他環境衛生及污染防治服務業,臺北市,變更,11505
54654370,清風風力發電股份有限公司,臺北市松山區光復北路11巷35號3樓,黃俊裕,33230000,102/12/03,115/05/05,特殊補正,D101011 發電業,臺北市,變更,11505
54656433,佳元建設股份有限公司,臺北市中山區南京東路2段206號13樓之6,蔡錫全,151000000,102/12/09,115/05/11,特殊補正,E801010 室內裝潢業；F401010 國際貿易業；H701010 住宅及大樓開發租售業；H701020 工業廠房開發租售業；H701040 特定專業區開發業；H701050 投資興建公共建設業；H701060 新市鎮、新社區開發業；H701070 區段徵收及市地重劃代辦業；H701080 都市更新重建業；H703090 不動產買賣業,臺北市,變更,11505
54657518,台灣馬自達汽車股份有限公司,臺北市內湖區瑞湖街88號4樓,大須賀学,200000000,102/12/12,115/05/07,董事/監察人證照變更,F114010 汽車批發業；F114030 汽、機車零件配備批發業；F114050 車胎批發業；F214010 汽車零售業；F214030 汽、機車零件配備零售業；F214050 車胎零售業；F401010 國際貿易業；I103060 管理顧問業；F113070 電信器材批發業；F213060 電信器材零售業,臺北市,變更,11505
54657974,元鼎資源股份有限公司,臺北市士林區中山北路6段89號10樓,刁秀華,45000000,102/12/13,115/05/15,特殊補正,C801990 其他化學材料製造業；C802990 其他化學製品製造業；C803990 其他石油及煤製品製造業；C901990 其他非金屬礦物製品製造業；CZ99990 未分類其他工業製品製造業；F107200 化學原料批發業；F107990 其他化學製品批發業；F112010 汽油、柴油批發業；F112020 煤及煤製品批發業；F112040 石油製品批發業,臺北市,變更,11505
54658930,山人整合創新股份有限公司,臺北市大安區忠孝東路4段59號12樓之6,趙緯綱,1000000,102/12/17,115/05/15,特殊補正,F105050 家具、寢具、廚房器具、裝設品批發業；F106020 日常用品批發業；F199990 其他批發業；F113020 電器批發業；F205040 家具、寢具、廚房器具、裝設品零售業；F206020 日常用品零售業；F213010 電器零售業；F104110 布疋、衣著、鞋、帽、傘、服飾品批發業；F204110 布疋、衣著、鞋、帽、傘、服飾品零售業；F108040 化粧品批發業,臺北市,變更,11505
54659564,普訊玖創業投資股份有限公司,臺北市內湖區洲子街79號2樓,初家祥,399360000,102/12/18,115/05/14,減資,H202010 創業投資業,臺北市,變更,11505
54660014,嘟嘟投資有限公司,臺北市大安區忠孝東路4段223巷5號5樓,陸清華,62710000,102/12/19,115/05/14,特殊補正,H201010 一般投資業；ZZ99999 除許可業務外，得經營法令非禁止或限制之業務,臺北市,變更,11505
54660289,亞商卓盛華閣股份有限公司,臺北市信義區松隆路4號,李珅旭,68991600,102/12/20,115/05/12,特殊補正,C103050 罐頭、冷凍、脫水及醃漬食品製造業；C104010 糖果製造業；C104020 烘焙炊蒸食品製造業；C110010 飲料製造業；C114010 食品添加物製造業；C199010 麵條、粉條類食品製造業；C199020 食用冰製造業；C199030 即食餐食製造業；C199040 豆類加工食品製造業；C199990 未分類其他食品製造業,臺北市,變更,11505
54661371,潤豐國際開發有限公司,臺北市中山區松江路140巷3號1樓,鍾岳宏,5000000,102/12/25,115/05/08,特殊補正,H704031 不動產仲介經紀業；E801010 室內裝潢業；I503010 景觀、室內設計業；I103060 管理顧問業；I401010 一般廣告服務業；I102010 投資顧問業；JD01010 工商徵信服務業；F207030 清潔用品零售業；IE01010 電信業務門號代辦業；IZ99990 其他工商服務業,臺北市,變更,11505
54663032,拓連科技股份有限公司,臺北市南港區園區街3之1號4樓,王景弘,81020000,102/12/30,115/05/07,補繳規費,CC01110 電腦及其週邊設備製造業；F118010 資訊軟體批發業；F218010 資訊軟體零售業；F601010 智慧財產權業；I301010 資訊軟體服務業；I301020 資料處理服務業；I301030 電子資訊供應服務業；I501010 產品設計業；IG02010 研究發展服務業；CC01060 有線通信機械器材製造業,臺北市,變更,11505
54663624,實在好國際企業有限公司,臺北市中正區忠孝西路1段41號7樓之13,牛靖翔,1000000,102/12/31,115/05/18,減少所營事業變更修正章程,F501060 餐館業；H701010 住宅及大樓開發租售業；F102030 菸酒批發業；F102040 飲料批發業；H703090 不動產買賣業；F203010 食品什貨、飲料零售業；F206020 日常用品零售業；F401010 國際貿易業；F501030 飲料店業；ZZ99999 除許可業務外，得經營法令非禁止或限制之業務,臺北市,變更,11505
54665622,豪馬仕國際貿易股份有限公司,臺北市松山區民生東路4段54號8樓之9,蘇清一,106000000,103/01/09,115/05/12,改選董事/監察人(一人法人股東指派董事/監察人),H701010 住宅及大樓開發租售業；H701020 工業廠房開發租售業；H701050 投資興建公共建設業；H701060 新市鎮、新社區開發業；H701070 區段徵收及市地重劃代辦業；H701080 都市更新重建業；H701090 都市更新整建維護業；H703090 不動產買賣業；H703100 不動產租賃業；I102010 投資顧問業,臺北市,變更,11505
54667109,友立數位科技股份有限公司,臺北市中山區南京東路1段34號7樓,呂長洋,2166670,103/01/15,115/05/07,補繳規費,F113050 電腦及事務性機器設備批發業；F113070 電信器材批發業；F118010 資訊軟體批發業；F119010 電子材料批發業；F213030 電腦及事務性機器設備零售業；F213060 電信器材零售業；F218010 資訊軟體零售業；F219010 電子材料零售業；F401010 國際貿易業；I301010 資訊軟體服務業,臺北市,變更,11505
54668753,歐亞國際物資有限公司,臺北市內湖區行善路48巷18號6樓之1,陳正明,100000000,103/01/20,115/05/20,特殊補正,CC01060 有線通信機械器材製造業；E603050 自動控制設備工程業；E604010 機械安裝業；I301010 資訊軟體服務業；I301030 電子資訊供應服務業；ZZ99999 除許可業務外，得經營法令非禁止或限制之業務,臺北市,變更,11505
54672497,休斯生物科技股份有限公司,臺北市信義區基隆路1段420號12樓之2,古樹有限公司,120000000,103/02/06,115/05/22,特殊補正,F103010 飼料批發業；F107080 環境用藥批發業；F108040 化粧品批發業；F101990 其他農、畜、水產品批發業；F102170 食品什貨批發業；F121010 食品添加物批發業；F399990 其他綜合零售業；F401010 國際貿易業；F601010 智慧財產權業；C114010 食品添加物製造業,臺北市,變更,11505
54674066,安威風力發電股份有限公司,臺北市松山區光復北路11巷35號3樓,黃俊裕,242195000,103/02/13,115/05/04,特殊補正,D101011 發電業,臺北市,變更,11505
54674782,博天科技股份有限公司,臺北市大同區太原路155之1號1樓,吳心愷,40000000,103/02/17,115/05/29,特殊補正,F113070 電信器材批發業；F113020 電器批發業；F113050 電腦及事務性機器設備批發業；F113110 電池批發業；F401010 國際貿易業；F401021 電信管制射頻器材輸入業；F101050 水產品批發業；F101100 花卉批發業；F101130 蔬果批發業；F101990 其他農、畜、水產品批發業,臺北市,變更,11505
54681989,實美設計股份有限公司,臺北市松山區南京東路4段1號8樓,蔡正義,10000000,103/03/12,115/05/14,改選董事/監察人(一人法人股東指派董事/監察人),E801020 門窗安裝工程業；E801030 室內輕鋼架工程業；E801040 玻璃安裝工程業；E801070 廚具、衛浴設備安裝工程業；E901010 油漆工程業；F105050 家具、寢具、廚房器具、裝設品批發業；F111090 建材批發業；F213010 電器零售業；F401010 國際貿易業；I503010 景觀、室內設計業,臺北市,變更,11505
54683585,上品餐飲股份有限公司,臺北市內湖區內湖路1段360巷2號1樓,莊寶國,10000000,103/03/18,115/05/11,特殊補正,F501060 餐館業；F203010 食品什貨、飲料零售業；F203020 菸酒零售業,臺北市,變更,11505
54683895,利安達資產評價股份有限公司,臺北市大安區光復南路102號4樓,吳明儀,1000000,103/03/18,115/05/20,特殊補正,F401010 國際貿易業；F601010 智慧財產權業；I102010 投資顧問業；I103060 管理顧問業；I199990 其他顧問服務業；I301010 資訊軟體服務業；I301030 電子資訊供應服務業；JZ99050 仲介服務業；ZZ99999 除許可業務外，得經營法令非禁止或限制之業務,臺北市,變更,11505
54684183,總盛建設股份有限公司,臺北市中山區復興北路154號6樓,林光宗,35000000,103/03/19,115/05/29,特殊補正,H701010 住宅及大樓開發租售業；H701020 工業廠房開發租售業；H701040 特定專業區開發業；H701050 投資興建公共建設業；H701060 新市鎮、新社區開發業；H701080 都市更新重建業；H701090 都市更新整建維護業；H702010 建築經理業；H703090 不動產買賣業；H703100 不動產租賃業,臺北市,變更,11505
54687040,智星管理顧問有限公司,臺北市中正區重慶南路1段57號9樓之3,苗智華,19500000,103/03/27,115/05/29,股東出資轉讓修正章程,I102010 投資顧問業；I103060 管理顧問業；I199990 其他顧問服務業；H701010 住宅及大樓開發租售業；ZZ99999 除許可業務外，得經營法令非禁止或限制之業務,臺北市,變更,11505
54687457,建成旅行社有限公司,臺北市中山區長安東路2段108號8樓之4,蔡丞弘,10000000,103/03/28,115/05/18,特殊補正,J902011 旅行業,臺北市,變更,11505
54687739,路德斯股份有限公司,臺北市大安區敦化南路2段77號17樓,邱泰翰,137904750,103/03/31,115/05/07,特殊補正,F203010 食品什貨、飲料零售業；F203020 菸酒零售業；F203030 酒精零售業；F204110 布疋、衣著、鞋、帽、傘、服飾品零售業；F205040 家具、寢具、廚房器具、裝設品零售業；F206020 日常用品零售業；F401010 國際貿易業；F501030 飲料店業；F501990 其他餐飲業；F601010 智慧財產權業,臺北市,變更,11505
54687816,翔義貿易有限公司,臺北市中山區中山北路2段77巷47號9樓,耿毅,20000000,103/03/28,115/05/12,增資,F101130 蔬果批發業；F401010 國際貿易業；ZZ99999 除許可業務外，得經營法令非禁止或限制之業務,臺北市,變更,11505
54688462,理財一零一有限公司,臺北市松山區南京東路4段163號10樓,Leung Ka Yip Danny,5000000,103/03/31,115/05/29,法人股東指(改)派代表人為董事,I301030 電子資訊供應服務業；I301010 資訊軟體服務業；I301020 資料處理服務業；F118010 資訊軟體批發業；F218010 資訊軟體零售業；F401010 國際貿易業；I103060 管理顧問業；I401010 一般廣告服務業；IZ13010 網路認證服務業；IZ99990 其他工商服務業,臺北市,變更,11505
54688786,順立智慧股份有限公司,臺北市內湖區內湖路1段360巷8號7樓,蘇基明,110315920,103/04/01,115/05/07,增資(資本總額),F106010 五金批發業；F113010 機械批發業；F113990 其他機械器具批發業；F114030 汽、機車零件配備批發業；F114040 自行車及其零件批發業；F118010 資訊軟體批發業；F119010 電子材料批發業；F206010 五金零售業；F213080 機械器具零售業；F213990 其他機械器具零售業,臺北市,變更,11505
54693205,凱宸室內裝修有限公司,臺北市松山區塔悠路195號3樓之2,張邦志,3000000,103/01/16,115/05/21,公司所營事業變更修正章程,CN01010 家具及裝設品製造業；E599010 配管工程業；E601010 電器承裝業；E601020 電器安裝業；E603010 電纜安裝工程業；E603020 電梯安裝工程業；E603040 消防安全設備安裝工程業；E603050 自動控制設備工程業；E801010 室內裝潢業；E901010 油漆工程業,臺北市,變更,11505
54706617,優森環保股份有限公司,臺北市萬華區漢口街2段90巷8弄15號4樓,李丹,10000000,103/03/21,115/05/18,改選董事/監察人(一人法人股東指派董事/監察人),F105050 家具、寢具、廚房器具、裝設品批發業；F111090 建材批發業；F205040 家具、寢具、廚房器具、裝設品零售業；F211010 建材零售業；F401010 國際貿易業；H701050 投資興建公共建設業；I501010 產品設計業；ZZ99999 除許可業務外，得經營法令非禁止或限制之業務；F113010 機械批發業；F113030 精密儀器批發業,臺北市,變更,11505
54710915,大亞國際興業股份有限公司,臺北市北投區行義路5巷9號7樓,鄭郁青,117301880,97/01/08,115/05/28,董事/監察人持股變動報備,CA01050 鋼材二次加工業；CA01060 鋼線鋼纜製造業；F106010 五金批發業；F111090 建材批發業；F206010 五金零售業；F211010 建材零售業；F401010 國際貿易業；I102010 投資顧問業；I103060 管理顧問業；ZZ99999 除許可業務外，得經營法令非禁止或限制之業務,臺北市,變更,11505
54722665,品玩邦藝術股份有限公司,臺北市內湖區陽光街345巷14號4樓,卓玟玲,24880000,103/05/28,115/05/18,改選董事/監察人(一人法人股東指派董事/監察人),ZZ99999 除許可業務外，得經營法令非禁止或限制之業務；I301010 資訊軟體服務業；I301020 資料處理服務業；I301030 電子資訊供應服務業；I401010 一般廣告服務業；I501010 產品設計業；J303010 雜誌（期刊）出版業；J304010 圖書出版業；J305010 有聲出版業；J399010 軟體出版業,臺北市,變更,11505
54731171,明威光科技工程有限公司,臺北市松山區民族東路747之1號,李佩真,3000000,103/07/03,115/05/20,董事/股東地址變更,E601020 電器安裝業；E603010 電纜安裝工程業；E603040 消防安全設備安裝工程業；E603050 自動控制設備工程業；E603080 交通號誌安裝工程業；E603090 照明設備安裝工程業；E605010 電腦設備安裝業；E701010 電信工程業；E701040 簡易電信設備安裝業；E801010 室內裝潢業,臺北市,變更,11505
54806904,君禾建設有限公司,臺北市中山區南京東路2段90號4樓,張月玲,15000000,103/04/25,115/05/19,補繳規費,H701010 住宅及大樓開發租售業；H703090 不動產買賣業；H703100 不動產租賃業；H701060 新市鎮、新社區開發業；F211010 建材零售業；ZZ99999 除許可業務外，得經營法令非禁止或限制之業務,臺北市,變更,11505
54812645,第五代虛擬科技股份有限公司,臺北市松山區民生東路3段130巷9號10樓,丁俊宏,93000000,103/05/15,115/05/05,特殊補正,I301010 資訊軟體服務業；I301020 資訊處理服務業；F118010 資訊軟體批發業；I401010 一般廣告服務業；J399010 軟體出版業；J304010 圖書出版業；E605010 電腦設備安裝業；F109070 文教、樂器、育樂用品批發業；F601010 智慧財產權業；F401010 國際貿易業,臺北市,變更,11505
54840419,佶易有限公司,臺北市松山區南京東路3段285號9樓,張祐達,500000,104/05/15,115/05/20,特殊補正,C701010 印刷業；C805030 塑膠日用品製造業；E603090 照明設備安裝工程業；E801010 室內裝潢業；E801020 門窗安裝工程業；E801030 室內輕鋼架工程業；E801040 玻璃安裝工程業；E801070 廚具、衛浴設備安裝工程業；E901010 油漆工程業；F104110 布疋、衣著、鞋、帽、傘、服飾品批發業,臺北市,變更,11505
54851196,宏明電腦有限公司,臺北市中山區松江路129號2樓之5,張祥清,3000000,104/06/26,115/05/08,增資,F113050 電腦及事務性機器設備批發業；JA02010 電器及電子產品修理業；E603050 自動控制設備工程業；F113070 電信器材批發業；E605010 電腦設備安裝業；F399040 無店面零售業；F116010 照相器材批發業；F118010 資訊軟體批發業；F119010 電子材料批發業；F213030 電腦及事務性機器設備零售業,臺北市,變更,11505
54862877,鎧麟工程有限公司,臺北市中正區仁愛路2段25號5樓,黃宥霖,2000000,104/08/14,115/05/26,特殊補正,F113020 電器批發業；F119010 電子材料批發業；F206010 五金零售業；F206040 水器材料零售業；E603050 自動控制設備工程業；ZZ99999 除許可業務外，得經營法令非禁止或限制之業務,臺北市,變更,11505
54935858,網資科技股份有限公司,臺北市信義區忠孝東路4段557之1號13樓,韓駿逸,21000000,107/05/31,115/05/06,特殊補正,I301010 資訊軟體服務業；I301020 資料處理服務業；I301030 電子資訊供應服務業；I401010 一般廣告服務業；J202010 產業育成業；J601010 藝文服務業；IZ04010 翻譯業；IZ99990 其他工商服務業；J603010 音樂展演空間業；F399040 無店面零售業,臺北市,變更,11505
54954524,天狼星電子股份有限公司,臺北市南港區園區街3之2號9樓,林良通,60000000,107/10/25,115/05/25,補繳規費,I301010 資訊軟體服務業；I301020 資料處理服務業；I301030 電子資訊供應服務業；I501010 產品設計業；F401010 國際貿易業；F601010 智慧財產權業；I199990 其他顧問服務業；ZZ99999 除許可業務外，得經營法令非禁止或限制之業務,臺北市,變更,11505
54956706,荷蘭商豪華國際酒店有限公司,臺北市松山區復興北路99號14樓,Richard Claude Christian Boyer,50000,107/11/06,115/05/06,補繳規費,I103060 管理顧問業；I301010 資訊軟體服務業；I301030 電子資訊供應服務業；I401010 一般廣告服務業；J302010 通訊稿業；J901020 一般旅館業；JB01010 會議及展覽服務業；H703100 不動產租賃業；F401010 國際貿易業；F501030 飲料店業,臺北市,變更,11505
54958681,竣樂家居設計有限公司,臺北市大安區忠孝東路4段300號5樓,李坤豪,168000,107/11/15,115/05/04,申登機關變更（遷入，含卷）,F105050 家具、寢具、廚房器具、裝設品批發業；F205040 家具、寢具、廚房器具、裝設品零售業；F401010 國際貿易業；F399040 無店面零售業；E801010 室內裝潢業；E801020 門窗安裝工程業；E801030 室內輕鋼架工程業；E801040 玻璃安裝工程業；E801070 廚具、衛浴設備安裝工程業；E901010 油漆工程業,臺北市,變更,11505
54958964,維蓮大易科技有限公司,臺北市信義區忠孝東路5段1之8號12樓,畢榕WIDLER RONALD,600000,107/11/16,115/05/28,申登機關變更（遷入，含卷）,F102030 菸酒批發業；F113050 電腦及事務性機器設備批發業；F118010 資訊軟體批發業；F203020 菸酒零售業；F213030 電腦及事務性機器設備零售業；F218010 資訊軟體零售業；F501060 餐館業；I301010 資訊軟體服務業；I301020 資料處理服務業；I301030 電子資訊供應服務業,臺北市,變更,11505
54974351,馬來西亞商吉威基建股份有限公司,臺北市內湖區文湖街2-1號7樓,洪清保,500000,108/02/12,115/05/15,廢止登記,E801010 室內裝潢業；E901010 油漆工程業；E903010 防蝕、防銹工程業；EZ11010 球場跑道樹脂材料鋪設工程業；EZ99990 其他工程業；F206010 五金零售業；F207010 漆料、塗料零售業；F211010 建材零售業；F220010 耐火材料零售業；F401010 國際貿易業,臺北市,變更,11505
55035209,領航者管理顧問股份有限公司,臺北市內湖區陽光街321巷56號6樓之2,余湘,5000000,106/09/08,115/05/05,董事/監察人持股變動報備,F209060 文教、樂器、育樂用品零售業；F399040 無店面零售業；F601010 智慧財產權業；I103060 管理顧問業；I105010 藝術品諮詢顧問業；I199990 其他顧問服務業；I401010 一般廣告服務業；I401020 廣告傳單分送業；J202010 產業育成業；J302010 通訊稿業,臺北市,變更,11505
55053156,拾怡股份有限公司,臺北市松山區新中街43號,張名亞,3500000,106/09/08,115/05/18,改選董事/監察人(一人法人股東指派董事/監察人),F204110 布疋、衣著、鞋、帽、傘、服飾品零售業；F105050 家具、寢具、廚房器具、裝設品批發業；F205040 家具、寢具、廚房器具、裝設品零售業；F215010 首飾及貴金屬零售業；F401010 國際貿易業；I502010 服飾設計業；F399040 無店面零售業；I401010 一般廣告服務業；I503010 景觀、室內設計業；I301030 電子資訊供應服務業,臺北市,變更,11505
55172786,眾邦群聯股份有限公司,臺北市內湖區成功路4段192號15樓之8,唐美娟,3000000,106/09/18,115/05/15,特殊補正,F109070 文教、樂器、育樂用品批發業；F113050 電腦及事務性機器設備批發業；F118010 資訊軟體批發業；F209060 文教、樂器、育樂用品零售業；F213030 電腦及事務性機器設備零售業；F218010 資訊軟體零售業；I103060 管理顧問業；I301010 資訊軟體服務業；I301020 資料處理服務業；I301030 電子資訊供應服務業,臺北市,變更,11505
55288674,紅洋蔥音樂餐廳有限公司,臺北市中正區博愛路53號7樓,張境峯,6200000,106/09/26,115/05/25,票據兌現/他機關函復/補正,F203020 菸酒零售業；F501030 飲料店業；F501050 飲酒店業；F501060 餐館業；H703100 不動產租賃業；J601010 藝文服務業；J602010 演藝活動業；ZZ99999 除許可業務外，得經營法令非禁止或限制之業務,臺北市,變更,11505
55359121,遊戲熵股份有限公司,臺北市中山區南京東路2段160號7樓,陳昱任,1445717,106/09/28,115/05/26,公司所在地,F118010 資訊軟體批發業；F218010 資訊軟體零售業；F109070 文教、樂器、育樂用品批發業；F209060 文教、樂器、育樂用品零售業；J303010 雜誌（期刊）出版業；J399010 軟體出版業；J305010 有聲出版業；J304010 圖書出版業；J399990 其他出版業；I401010 一般廣告服務業,臺北市,變更,11505
55620320,源順產業股份有限公司,臺北市中山區建國北路1段71號9樓,王文賢,20000000,106/10/02,115/05/26,董事/監察人持股變動報備,H201010 一般投資業,臺北市,變更,11505
55629265,永源產業股份有限公司,臺北市中山區建國北路1段71號9樓,王文賢,20000000,106/10/06,115/05/27,董事/監察人持股變動報備,H201010 一般投資業,臺北市,變更,11505
55640536,宇晨家用品股份有限公司,臺北市信義區基隆路1段155號5樓之8,蘇維蘋,6500000,106/10/12,115/05/12,發行新股,F102030 菸酒批發業；F102170 食品什貨批發業；F108040 化粧品批發業；F401010 國際貿易業；F104110 布疋、衣著、鞋、帽、傘、服飾品批發業；F102040 飲料批發業；F105050 家具、寢具、廚房器具、裝設品批發業；F106020 日常用品批發業；F106060 寵物食品及其用品批發業；F107030 清潔用品批發業,臺北市,變更,11505
55644688,宏聯創研有限公司,臺北市中山區長安東路2段63號7樓之4,黃信珂,5000000,106/10/13,115/05/06,公司名稱變更修正章程,C801100 合成樹脂及塑膠製造業；C802090 清潔用品製造業；C802100 化粧品製造業；C805990 其他塑膠製品製造業；CB01020 事務機器製造業；CC01030 電器及視聽電子產品製造業；CC01060 有線通信機械器材製造業；CC01070 無線通信機械器材製造業；CC01120 資料儲存媒體製造及複製業；E601020 電器安裝業,臺北市,變更,11505
55646686,日揚電器有限公司,臺北市北投區西安街2段213號1樓,張金珠,1500000,106/10/16,115/05/11,增資,F213010 電器零售業；F219010 電子材料零售業；JA02010 電器及電子產品修理業；F213030 電腦及事務性機器設備零售業；ZZ99999 除許可業務外，得經營法令非禁止或限制之業務,臺北市,變更,11505
55648967,合康投資股份有限公司,臺北市大安區敦化南路2段77號15樓,洪維澤,245657190,106/10/17,115/05/22,補繳規費,H201010 一般投資業,臺北市,變更,11505
55657542,倫心實業有限公司,臺北市北投區知行路316巷63號1樓,林紹剛,1500000,106/10/20,115/05/20,特殊補正,J305010 有聲出版業；J503010 廣播節目製作業；J503020 電視節目製作業；J503040 廣播電視廣告業；J601010 藝文服務業；J602010 演藝活動業；F102040 飲料批發業；F102170 食品什貨批發業；F104110 布疋、衣著、鞋、帽、傘、服飾品批發業；F106010 五金批發業,臺北市,變更,11505
55663452,大安控股股份有限公司,臺北市中正區衡陽路10號9樓,方家翔,20000000,106/10/24,115/05/22,特殊補正,H201010 一般投資業；I102010 投資顧問業；I103060 管理顧問業；I199990 其他顧問服務業；ZZ99999 除許可業務外，得經營法令非禁止或限制之業務,臺北市,變更,11505
55664038,有寧設計發行有限公司,臺北市內湖區東湖路113巷95弄63號5樓,李宗寧,1000000,106/10/24,115/05/26,特殊補正,F204110 布疋、衣著、鞋、帽、傘、服飾品零售業；F205040 家具、寢具、廚房器具、裝設品零售業；F206020 日常用品零售業；F206040 水器材料零售業；F299990 其他零售業；F401010 國際貿易業；F399040 無店面零售業；F206010 五金零售業；E599010 配管工程業；E601020 電器安裝業,臺北市,變更,11505
55665156,精聚資訊股份有限公司,臺北市內湖區瑞光路318號,鍾志羣,2900000000,106/10/25,115/05/22,改選董事/監察人(一人法人股東指派董事/監察人),E605010 電腦設備安裝業；F113050 電腦及事務性機器設備批發業；F118010 資訊軟體批發業；F119010 電子材料批發業；F213030 電腦及事務性機器設備零售業；F218010 資訊軟體零售業；F219010 電子材料零售業；F601010 智慧財產權業；I102010 投資顧問業；I103060 管理顧問業,臺北市,變更,11505
55677060,台灣松本清股份有限公司,臺北市大同區民權西路104號9樓之5,林保範,400000000,106/10/31,115/05/27,改派董事/監察人,F201010 農產品零售業；F201020 畜產品零售業；F201070 花卉零售業；F203010 食品什貨、飲料零售業；F203020 菸酒零售業；F213030 電腦及事務性機器設備零售業；F204110 布疋、衣著、鞋、帽、傘、服飾品零售業；F205040 家具、寢具、廚房器具、裝設品零售業；F206010 五金零售業；F206020 日常用品零售業,臺北市,變更,11505
55692409,天堂鳥美食股份有限公司,臺北市大安區敦化南路2段77號3樓,蔡劭宜,25000000,106/11/07,115/05/04,特殊補正,F218010 資訊軟體零售業；F399040 無店面零售業；F399990 其他綜合零售業；H701010 住宅及大樓開發租售業；H701020 工業廠房開發租售業；H701050 投資興建公共建設業；H701060 新市鎮、新社區開發業；H703090 不動產買賣業；H703100 不動產租賃業；I301010 資訊軟體服務業,臺北市,變更,11505
55696257,伸遠國際有限公司,臺北市士林區永平街80巷16號1樓,廖紫吟,2000000,106/11/08,115/05/18,特殊補正,F108040 化粧品批發業；F208040 化粧品零售業；F401010 國際貿易業；F601010 智慧財產權業；I401010 一般廣告服務業；I401020 廣告傳單分送業；I501010 產品設計業；I502010 服飾設計業；I503010 景觀、室內設計業；I504010 花藝設計業,臺北市,變更,11505
55707424,寶寶寶股份有限公司,臺北市松山區民權東路3段170號11樓之1,楊秀蓉,4000000,106/11/15,115/05/25,改選董事/監察人(一人法人股東指派董事/監察人),F102170 食品什貨批發業；F104110 布疋、衣著、鞋、帽、傘、服飾品批發業；F105050 家具、寢具、廚房器具、裝設品批發業；F106020 日常用品批發業；F108040 化粧品批發業；F203010 食品什貨、飲料零售業；F204110 布疋、衣著、鞋、帽、傘、服飾品零售業；F205040 家具、寢具、廚房器具、裝設品零售業；F206020 日常用品零售業；F208040 化粧品零售業,臺北市,變更,11505
55729975,強安威勝股份有限公司,臺北市中山區長安東路2段110號10樓,賴俊郎,103000000,63/03/11,115/05/13,特殊補正,,臺北市,變更,11505
55743998,機智證券投資顧問股份有限公司,臺北市內湖區瑞光路478巷22號4樓,范植德,50000000,106/12/01,115/05/28,特殊補正,H304011 證券投資顧問業,臺北市,變更,11505
55746236,草頭壯藝術有限公司,臺北市內湖區內湖路1段387巷3弄6號10樓,莊知恆,2000000,106/12/01,115/05/14,特殊補正,E601020 電器安裝業；E603090 照明設備安裝工程業；E801010 室內裝潢業；EZ99990 其他工程業；F601010 智慧財產權業；I105010 藝術品諮詢顧問業；I199990 其他顧問服務業；I401010 一般廣告服務業；I501010 產品設計業；I503010 景觀、室內設計業,臺北市,變更,11505
55749212,可立可資安股份有限公司,臺北市中正區南海路1號13樓,郭杰穎,10000000,106/12/06,115/05/28,特殊補正,E605010 電腦設備安裝業；E701010 電信工程業；E701040 簡易電信設備安裝業；F218010 資訊軟體零售業；F399040 無店面零售業；F401010 國際貿易業；F601010 智慧財產權業；I103060 管理顧問業；I199990 其他顧問服務業；I301010 資訊軟體服務業,臺北市,變更,11505
55758041,豪窩豪窩有限公司,臺北市南港區成福路168號地下1層之7,郭承軒,500000,106/12/08,115/05/18,董事/股東證照變更,E605010 電腦設備安裝業；E701040 簡易電信設備安裝業；F106020 日常用品批發業；F107030 清潔用品批發業；F108040 化粧品批發業；F113050 電腦及事務性機器設備批發業；F113070 電信器材批發業；F113990 其他機械器具批發業；F118010 資訊軟體批發業；F119010 電子材料批發業,臺北市,變更,11505
55761664,通程物流有限公司,臺北市松山區民權東路3段142號3樓之2,周瑞敏,8000000,106/12/12,115/05/15,股東出資轉讓修正章程,G701011 報關業；G402011 海運承攬運送業；G405010 貨櫃出租業；G501020 民用航空總代理業；G601011 航空貨運承攬業；G799990 其他運輸輔助業；G801010 倉儲業；IZ06010 理貨包裝業；F401010 國際貿易業；ZZ99999 除許可業務外，得經營法令非禁止或限制之業務,臺北市,變更,11505
55764281,旭懋工業有限公司,臺北市內湖區民權東路6段180巷6號11樓,任昕稙,3000000,106/12/13,115/05/05,特殊補正,IF04010 非破壞檢測業；IZ09010 管理系統驗證業；I301030 電子資訊供應服務業；JA02010 電器及電子產品修理業；I599990 其他設計業；IF01010 消防安全設備檢修業；IG02010 研究發展服務業；JZ99990 未分類其他服務業；F106010 五金批發業；F113030 精密儀器批發業,臺北市,變更,11505
55765681,台灣伊藤忠投資股份有限公司,臺北市中正區忠孝西路一段4號16樓,上垣內義博,1030200000,106/12/14,115/05/18,改派董事/監察人,H201010 一般投資業；ZZ99999 除許可業務外，得經營法令非禁止或限制之業務,臺北市,變更,11505
55765887,樂與生活有限公司,臺北市中山區錦州街286號3樓,林英彥,200000,106/12/14,115/05/20,特殊補正,H703100 不動產租賃業；I501010 產品設計業；J602010 演藝活動業；J701080 水域遊憩活動經營業；JB01010 會議及展覽服務業；JE01010 租賃業；ZZ99999 除許可業務外，得經營法令非禁止或限制之業務,臺北市,變更,11505
55766020,品毅投資股份有限公司,臺北市大安區敦化南路1段205號2樓之8,龍一實業股份有限公司,17000000,106/12/15,115/05/06,特殊補正,H201010 一般投資業,臺北市,變更,11505
55769770,田玫農業服務有限公司,臺北市大安區忠孝東路3段201之2號2樓,田廣宏,200000,106/12/18,115/05/05,公司所在地,A101020 農作物栽培業；A101030 特用作物栽培業；A101040 食用菌菇類栽培業；A101050 花卉栽培業；A102020 農產品整理業；A102030 蠶絲業；A102050 作物栽培服務業；A102060 糧商業；A102070 菸草整理業；A102080 園藝服務業,臺北市,變更,11505
55771467,台灣九州製冰股份有限公司,臺北市大同區甘谷街26號5樓,藤林秀基,12500000,106/12/19,115/05/28,特殊補正,C199020 食用冰製造業；CZ99010 製冰業；G801010 倉儲業；IZ06010 理貨包裝業；F102040 飲料批發業；F102170 食品什貨批發業；F203010 食品什貨、飲料零售業；F501030 飲料店業；F501060 餐館業；JE01010 租賃業,臺北市,變更,11505
55775631,亞瑟華國際有限公司,臺北市松山區八德路4段345號7樓,秦子淳,1000000,106/12/20,115/05/21,股東出資轉讓修正章程,E801010 室內裝潢業；E801020 門窗安裝工程業；E801030 室內輕鋼架工程業；E801040 玻璃安裝工程業；E801070 廚具、衛浴設備安裝工程業；E901010 油漆工程業；EZ09010 靜電防護及消除工程業；EZ11010 球場跑道樹脂材料鋪設工程業；EZ14010 運動場地用設備工程業；EZ99990 其他工程業,臺北市,變更,11505
55776097,百夫長旅行社股份有限公司,臺北市中山區中山北路2段106之2號五樓,曾純純,21000000,106/12/20,115/05/18,董事(常務董事.董事長)/監察人解任,J902011 旅行業,臺北市,變更,11505
55781015,日健基因科技有限公司,臺北市中山區復興北路48號4樓,,500000,106/12/25,115/05/27,特殊補正,IG01010 生物技術服務業；F401010 國際貿易業；F399040 無店面零售業；I401010 一般廣告服務業；I103060 管理顧問業；I199990 其他顧問服務業；I301010 資訊軟體服務業；I301020 資料處理服務業；J399010 軟體出版業；F118010 資訊軟體批發業,臺北市,變更,11505
55783837,宜晨投資股份有限公司,臺北市內湖區瑞光路437號3樓,姚勝富,10436930,106/12/27,115/05/22,特殊補正,F109070 文教、樂器、育樂用品批發業；F209060 文教、樂器、育樂用品零售業；F113020 電器批發業；F213010 電器零售業；J602010 演藝活動業；F401010 國際貿易業；I301010 資訊軟體服務業；JA02010 電器及電子產品修理業；I103060 管理顧問業；J601010 藝文服務業,臺北市,變更,11505
55785390,有善基因股份有限公司,臺北市中山區民權東路2段26號3樓之2,蔡鉑盛,6485714,106/12/28,115/05/11,特殊補正,IG01010 生物技術服務業；IG02010 研究發展服務業；IG03010 能源技術服務業；F107200 化學原料批發業；F107990 其他化學製品批發業；F207200 化學原料零售業；F207990 其他化學製品零售業；F208050 乙類成藥零售業；F213040 精密儀器零售業；F401010 國際貿易業,臺北市,變更,11505
55785552,鴻憶投資有限公司,臺北市內湖區行善路463號9樓,鄭斯聰,44200000,106/12/28,115/05/11,公司所在地,H201010 一般投資業；H202010 創業投資業,臺北市,變更,11505
55785574,資誠智能風險管理諮詢有限公司,臺北市信義區基隆路1段333號27樓,張晉瑞,10000000,106/12/28,115/05/18,股東出資轉讓修正章程,I103060 管理顧問業；I199990 其他顧問服務業；I301010 資訊軟體服務業；I301020 資料處理服務業；I301030 電子資訊供應服務業；IF04010 非破壞檢測業；IZ09010 管理系統驗證業；IZ12010 人力派遣業；IZ13010 網路認證服務業；IZ15010 市場研究及民意調查業,臺北市,變更,11505
55786102,安食控股股份有限公司,臺北市大安區光復南路102號8樓,方翌源(Richard Lee Folsom),1195714300,106/12/28,115/05/27,董事/監察人持股變動報備,I102010 投資顧問業；I103060 管理顧問業；ZZ99999 除許可業務外，得經營法令非禁止或限制之業務；H201010 一般投資業,臺北市,變更,11505
55787622,凱映國際股份有限公司,臺北市中正區仁愛路2段99號5樓,黃棋良,20000000,106/12/29,115/05/20,特殊補正,F106010 五金批發業；F206010 五金零售業；E603080 交通號誌安裝工程業；EZ06010 交通標示工程業；F113090 交通標誌器材批發業；CC01060 有線通信機械器材製造業；CC01070 無線通信機械器材製造業；F114040 自行車及其零件批發業；F214040 自行車及其零件零售業；E603050 自動控制設備工程業,臺北市,變更,11505
55788994,瑞城豪投資股份有限公司,臺北市內湖區行善路463號9樓,鄭斯聰,12000000,106/12/29,115/05/11,改選董事/監察人(一人法人股東指派董事/監察人),H201010 一般投資業；ZZ99999 除許可業務外，得經營法令非禁止或限制之業務,臺北市,變更,11505
55792441,鋐觀生醫股份有限公司,臺北市松山區復興北路57號14樓,王亭傑,20000000,107/01/05,115/05/18,增資(資本總額),C104010 糖果製造業；C110010 飲料製造業；C114010 食品添加物製造業；C199990 未分類其他食品製造業；C307010 服飾品製造業；C802100 化粧品製造業；CH01040 玩具製造業；CN01010 家具及裝設品製造業；F102040 飲料批發業；F102050 茶葉批發業,臺北市,變更,11505
55794068,筑丰山林有限公司,臺北市中正區忠孝西路1段6號5樓,黃柏崇,1000000,107/01/05,115/05/29,改推董事/董事長,F102170 食品什貨批發業；F108040 化粧品批發業；F113990 其他機械器具批發業；F203010 食品什貨、飲料零售業；F208040 化粧品零售業；F213990 其他機械器具零售業；F399040 無店面零售業；F401010 國際貿易業；JE01010 租賃業；JZ99050 仲介服務業,臺北市,變更,11505
55794638,宇成光通科技有限公司,臺北市中山區新生北路1段23號1樓,廖銘中,1000000,107/01/05,115/05/25,特殊補正,F113020 電器批發業；F113050 電腦及事務性機器設備批發業；F119010 電子材料批發業；F213010 電器零售業；F213030 電腦及事務性機器設備零售業；F219010 電子材料零售業；F399040 無店面零售業；F401010 國際貿易業；ZZ99999 除許可業務外，得經營法令非禁止或限制之業務,臺北市,變更,11505
55795860,碁元知識移動股份有限公司,臺北市中山區南京東路2段72號11樓,吳宗翰,60000000,107/01/09,115/05/11,特殊補正,H703090 不動產買賣業；H703100 不動產租賃業；I102010 投資顧問業；I103060 管理顧問業；I199990 其他顧問服務業；I301010 資訊軟體服務業；I301020 資料處理服務業；I301030 電子資訊供應服務業；IG02010 研究發展服務業；J202010 產業育成業,臺北市,變更,11505
55801238,上選國際有限公司,臺北市北投區中央北路1段191號11樓之1,張淑汝,2030000,107/01/11,115/05/12,特殊補正,F102170 食品什貨批發業；F104110 布疋、衣著、鞋、帽、傘、服飾品批發業；F105050 家具、寢具、廚房器具、裝設品批發業；F106010 五金批發業；F102040 飲料批發業；F106020 日常用品批發業；F113020 電器批發業；F114010 汽車批發業；F114030 汽、機車零件配備批發業；F203010 食品什貨、飲料零售業,臺北市,變更,11505
55801379,文思騰有限公司,臺北市中正區杭州南路1段23號9樓之3,喬冠中,100000,107/01/11,115/05/27,特殊補正,IZ12010 人力派遣業；I103060 管理顧問業；ZZ99999 除許可業務外，得經營法令非禁止或限制之業務,臺北市,變更,11505
55821585,奕騰科技有限公司,臺北市大安區信義路4段170號3樓,黃咏緣,1000000,107/01/12,115/05/25,改推董事/董事長,I301010 資訊軟體服務業；I301020 資料處理服務業；F213990 其他機械器具零售業；E605010 電腦設備安裝業；E603080 交通號誌安裝工程業；CC01120 資料儲存媒體製造及複製業；CC01010 發電、輸電、配電機械製造業；CC01060 有線通信機械器材製造業；CC01070 無線通信機械器材製造業；CC01110 電腦及其週邊設備製造業,臺北市,變更,11505
55847261,安盛通國際有限公司,臺北市大安區羅斯福路3段335號11樓之2,陳閔翰,10000000,107/01/29,115/05/06,補繳規費,F202010 飼料零售業；F203010 食品什貨、飲料零售業；F203020 菸酒零售業；F203030 酒精零售業；F208040 化粧品零售業；F399040 無店面零售業；F401010 國際貿易業；G799990 其他運輸輔助業；G801010 倉儲業；C103050 罐頭、冷凍、脫水及醃漬食品製造業,臺北市,變更,11505
55848640,永創數智股份有限公司,臺北市信義區忠孝東路5段508號9樓,陳孝強,14950000,107/01/30,115/05/15,發行新股,F102170 食品什貨批發業；F104110 布疋、衣著、鞋、帽、傘、服飾品批發業；F109070 文教、樂器、育樂用品批發業；F203010 食品什貨、飲料零售業；F204110 布疋、衣著、鞋、帽、傘、服飾品零售業；F209060 文教、樂器、育樂用品零售業；F399040 無店面零售業；F401010 國際貿易業；I301010 資訊軟體服務業；I301030 電子資訊供應服務業,臺北市,變更,11505
55851790,樂容文創股份有限公司,臺北市大同區西寧北路78之18號,黃志平,1000000,107/02/01,115/05/07,特殊補正,F109070 文教、樂器、育樂用品批發業；F209060 文教、樂器、育樂用品零售業；F401010 國際貿易業；F601010 智慧財產權業；I103060 管理顧問業；I301010 資訊軟體服務業；I301020 資料處理服務業；I301030 電子資訊供應服務業；I401010 一般廣告服務業；I501010 產品設計業,臺北市,變更,11505
55860334,曠世智能股份有限公司,臺北市中山區南京東路2段160號6樓,劉韋男,9000000,107/02/08,115/05/15,董事(常務董事.董事長)/監察人解任,F401010 國際貿易業；I103060 管理顧問業；I301010 資訊軟體服務業；I301020 資料處理服務業；I301030 電子資訊供應服務業；I401010 一般廣告服務業；I501010 產品設計業；IZ99990 其他工商服務業；JZ99050 仲介服務業；ZZ99999 除許可業務外，得經營法令非禁止或限制之業務,臺北市,變更,11505
55861452,台灣夢派智能有限公司,臺北市信義區基隆路1段394號10樓,周毅,10000000,107/02/09,115/05/18,公司所在地,F104110 布疋、衣著、鞋、帽、傘、服飾品批發業；F105050 家具、寢具、廚房器具、裝設品批發業；F106010 五金批發業；F106020 日常用品批發業；F106050 陶瓷玻璃器皿批發業；F109070 文教、樂器、育樂用品批發業；F113020 電器批發業；F113050 電腦及事務性機器設備批發業；F113070 電信器材批發業；F118010 資訊軟體批發業,臺北市,變更,11505
55864063,品味家國際有限公司,臺北市中山區龍江路342巷16號1樓,王漢青,1000000,107/02/12,115/05/13,公司所在地,F102030 菸酒批發業；F102040 飲料批發業；F203010 食品什貨、飲料零售業；F203020 菸酒零售業；F401010 國際貿易業；ZZ99999 除許可業務外，得經營法令非禁止或限制之業務；F102050 茶葉批發業；F203040 雪茄零售業；F204110 布疋、衣著、鞋、帽、傘、服飾品零售業；F206020 日常用品零售業,臺北市,變更,11505
55865350,艾立娜有限公司,臺北市中山區錦州街364號1樓,張賀傑,500000,107/02/14,115/05/29,減少所營事業變更修正章程,F208040 化粧品零售業；F401010 國際貿易業；JZ99080 美容美髮服務業；JZ99990 未分類其他服務業；ZZ99999 除許可業務外，得經營法令非禁止或限制之業務,臺北市,變更,11505
55867343,康耐德股份有限公司,臺北市中山區南京東路2段132號4樓,程峻宏,14814000,105/08/15,115/05/26,特殊補正,F113050 電腦及事務性機器設備批發業；F213030 電腦及事務性機器設備零售業；F113020 電器批發業；F118010 資訊軟體批發業；F119010 電子材料批發業；CC01030 電器及視聽電子產品製造業；I301010 資訊軟體服務業；I301020 資料處理服務業；I301030 電子資訊供應服務業；E605010 電腦設備安裝業,臺北市,變更,11505
55879164,木兮科技有限公司,臺北市大同區南京西路163號2樓之53,宋建澎,20000000,105/08/29,115/05/05,增資,E801010 室內裝潢業；F102030 菸酒批發業；F102050 茶葉批發業；F106050 陶瓷玻璃器皿批發業；F102020 食用油脂批發業；F203010 食品什貨、飲料零售業；F203020 菸酒零售業；F215010 首飾及貴金屬零售業；F215020 礦石零售業；F401010 國際貿易業,臺北市,變更,11505
55911559,璞昌營造股份有限公司,臺北市中山區中山北路2段65巷2弄9號,陳國哲,100000000,105/10/21,115/05/06,改選董事/監察人(一人法人股東指派董事/監察人),E101011 綜合營造業；F111090 建材批發業；F113010 機械批發業；F401010 國際貿易業；ZZ99999 除許可業務外，得經營法令非禁止或限制之業務,臺北市,變更,11505
55972099,津堡股份有限公司,臺北市中山區松江路82號11樓,黃雯琦,40000000,106/01/11,115/05/22,公司所營事業變更修正章程,F102040 飲料批發業；F102170 食品什貨批發業；F106020 日常用品批發業；F107030 清潔用品批發業；F108040 化粧品批發業；F203010 食品什貨、飲料零售業；F206020 日常用品零售業；F207030 清潔用品零售業；F208040 化粧品零售業；F401010 國際貿易業,臺北市,變更,11505
56609007,續升綠能股份有限公司,臺北市中正區杭州南路1段19號11樓,陳振乾,246405500,106/04/14,115/05/14,分公司地址變更,CC01010 發電、輸電、配電機械製造業；D401010 熱能供應業；E601010 電器承裝業；E606010 用電設備檢驗維護業；EZ05010 儀器、儀表安裝工程業；EZ99990 其他工程業；F113110 電池批發業；IG03010 能源技術服務業；ZZ99999 除許可業務外，得經營法令非禁止或限制之業務；A101020 農作物栽培業,臺北市,變更,11505
56613229,邁斯科生醫股份有限公司,臺北市大安區敦化南路2段77號2樓之5,劉宏鎰,180000000,106/04/20,115/05/19,董事/監察人持股變動報備,CF01011 醫療器材製造業；E604010 機械安裝業；F108031 醫療器材批發業；F113010 機械批發業；F113030 精密儀器批發業；F208031 醫療器材零售業；F213040 精密儀器零售業；F213080 機械器具零售業；F401010 國際貿易業,臺北市,變更,11505
56651588,艾滴科技股份有限公司,臺北市內湖區瑞光路335號9樓,余萬洲,519900487,106/05/26,115/05/21,董事(常務董事.董事長)/監察人解任,IF04010 非破壞檢測業；CE01010 一般儀器製造業；F399040 無店面零售業；JE01010 租賃業；F401010 國際貿易業；F101050 水產品批發業；F201030 水產品零售業；A301030 水產養殖業；E607010 太陽熱能設備安裝工程業；D101060 再生能源自用發電設備業,臺北市,變更,11505
56663923,香港商香港日昌有限公司,臺北市中山區中山北路二段129號4樓之2,窪津正次郎,5000000,106/06/12,115/05/22,本公司董事及其他負責人變更,F119010 電子材料批發業；F219010 電子材料零售業；F107990 其他化學製品批發業；F207990 其他化學製品零售業；F107170 工業助劑批發業；F207170 工業助劑零售業；F101990 其他農、畜、水產品批發業；F201990 其他農畜水產品零售業；F111090 建材批發業；F211010 建材零售業,臺北市,變更,11505
56669503,和創國際有限公司,臺北市信義區忠孝東路5段1之1號12樓,林勤謀,1000000,106/06/16,115/05/06,補繳規費,F401010 國際貿易業；F104110 布疋、衣著、鞋、帽、傘、服飾品批發業；ZZ99999 除許可業務外，得經營法令非禁止或限制之業務,臺北市,變更,11505
57612607,昱進通運股份有限公司,臺北市內湖區新富街158號14樓,蔡麗霞,25000000,106/09/14,115/05/08,特殊補正,G101061 汽車貨運業；G801010 倉儲業；IZ06010 理貨包裝業；EZ02010 起重工程業；F102030 菸酒批發業；ZZ99999 除許可業務外，得經營法令非禁止或限制之業務,臺北市,變更,11505
58250510,鉅陞國際開發股份有限公司,臺北市中山區松江路72號9樓,褚學忠,1018374810,59/11/09,115/05/20,修正章程,G801010 倉儲業；F113020 電器批發業；F211010 建材零售業；F213010 電器零售業；G202010 停車場經營業；H701010 住宅及大樓開發租售業；H701020 工業廠房開發租售業；H701040 特定專業區開發業；H701050 投資興建公共建設業；H701060 新市鎮、新社區開發業,臺北市,變更,11505
59009415,美商圖策智能科技有限公司,臺北市松山區復盛里光復南路65號12樓,林清詠,1000000,106/12/11,115/05/11,在中華民國所營事業增加登記,I301010 資訊軟體服務業；I301020 資料處理服務業；I301030 電子資訊供應服務業；F118010 資訊軟體批發業；F218010 資訊軟體零售業；J399010 軟體出版業；ZZ99999 除許可業務外，得經營法令非禁止或限制之業務；F108031 醫療器材批發業；F208031 醫療器材零售業,臺北市,變更,11505
59047868,僑瑞化學工業股份有限公司,臺北市中山區林森北路592之14號5樓,莊德義,106000000,63/05/16,115/05/13,補繳規費,F401010 國際貿易業；F107990 其他化學製品批發業；F207990 其他化學製品零售業；F107200 化學原料批發業；H703100 不動產租賃業；ZZ99999 除許可業務外，得經營法令非禁止或限制之業務,臺北市,變更,11505
59117836,禾峰營造股份有限公司,臺北市中正區衡陽路51號5樓之11,曾雅慧,100000000,65/03/13,115/05/21,特殊補正,E101011 綜合營造業,臺北市,變更,11505
59156062,新律育樂器材製造股份有限公司,臺北市大安區羅斯福路2段75號1樓,林士錡,20000000,63/09/06,115/05/04,改選董事/監察人(一人法人股東指派董事/監察人),,臺北市,變更,11505
59218975,常利能源有限公司,臺北市信義區松仁路89號12樓,羅惠真,220000000,106/03/14,115/05/18,特殊補正,F113020 電器批發業；F119010 電子材料批發業；F213010 電器零售業；F219010 電子材料零售業；F401010 國際貿易業；IG03010 能源技術服務業；CC01010 發電、輸電、配電機械製造業；D101040 非屬公用之發電業；D101060 再生能源自用發電設備業；D401010 熱能供應業,臺北市,變更,11505
59229683,沛爾生技醫藥股份有限公司,臺北市內湖區新湖二路87號4樓,林成龍,655800500,106/03/30,115/05/26,認股憑證換發新股,IG01010 生物技術服務業；IC01010 藥品檢驗業；F601010 智慧財產權業；I103060 管理顧問業；I199990 其他顧問服務業；IZ12010 人力派遣業；F401010 國際貿易業；F108021 西藥批發業；F208021 西藥零售業；F108031 醫療器材批發業,臺北市,變更,11505
59307250,同盈國際實業有限公司,臺北市中山區南京東路1段25號11樓,黃淑霞,6000000,106/09/26,115/05/18,特殊補正,E605010 電腦設備安裝業；E701040 簡易電信設備安裝業；F113050 電腦及事務性機器設備批發業；F113070 電信器材批發業；F118010 資訊軟體批發業；F119010 電子材料批發業；F201010 農產品零售業；F201020 畜產品零售業；F201050 漁具零售業；F201070 花卉零售業,臺北市,變更,11505
59886005,總源企業股份有限公司,臺北市信義區松德路161號12樓之1,陳素貞,20000000,48/12/30,115/05/12,特殊補正,,臺北市,變更,11505
60301743,碧誠創業投資股份有限公司,臺北市大安區大安路2段17號,陳立明,25000000,115/02/04,115/05/05,特殊補正,H201010 一般投資業；H202010 創業投資業；H703090 不動產買賣業；H703100 不動產租賃業；I102010 一般投資顧問業；I103060 管理顧問業；JB01010 會議及展覽服務業；F399040 無店面零售業；ZZ99999 除許可業務外，得經營法令非禁止或限制之業務,臺北市,變更,11505
60307015,國合企業有限公司,臺北市松山區敦化北路244巷11號,劉建成,3000000,115/03/05,115/05/20,特殊補正,F106010 五金批發業；F111090 建材批發業；F120010 耐火材料批發業；F206010 五金零售業；F211010 建材零售業；F220010 耐火材料零售業；F113020 電器批發業；F114030 汽、機車零件配備批發業；F114040 自行車及其零件批發業；F119010 電子材料批發業,臺北市,變更,11505
60307129,創嶼提普股份有限公司,臺北市信義區基隆路1段163號14樓之1,江銓文,1000000,115/03/06,115/05/13,特殊補正,I401010 一般廣告服務業；F399040 無店面零售業；F108040 化粧品批發業；F208040 化粧品零售業；F106020 日常用品批發業；F206020 日常用品零售業；F401010 國際貿易業；I301010 資訊軟體服務業；I301030 電子資訊供應服務業；ZZ99999 除許可業務外，得經營法令非禁止或限制之業務,臺北市,變更,11505
60307211,杏玥生醫有限公司,臺北市中山區南京東路3段219號9樓,黃思穎,1000000,115/03/05,115/05/14,公司所營事業變更修正章程,F102170 食品什貨批發業；F104110 布疋、衣著、鞋、帽、傘、服飾品批發業；F106020 日常用品批發業；F107030 清潔用品批發業；F108040 化粧品批發業；F113020 電器批發業；F199990 其他批發業；F203010 食品什貨、飲料零售業；F204110 布疋、衣著、鞋、帽、傘、服飾品零售業；F206020 日常用品零售業,臺北市,變更,11505
60307232,精泌研生醫股份有限公司,臺北市松山區民生東路5段167號16樓,黃鈞塘,2000000,115/03/05,115/05/08,董事(常務董事.董事長)/監察人解任,F102170 食品什貨批發業；F103010 飼料批發業；F107200 化學原料批發業；F108040 化粧品批發業；F202010 飼料零售業；F203010 食品什貨、飲料零售業；F207200 化學原料零售業；F208040 化粧品零售業；F401010 國際貿易業；C201010 飼料製造業,臺北市,變更,11505
60307280,潤柏管理顧問股份有限公司,臺北市大安區復興南路2段218號7樓之8,黃敏,500000,115/03/06,115/05/06,董事(常務董事.董事長)/監察人解任,HZ02010 金融機構金錢債權收買業務；HZ02020 辦理金融機構金錢債權之評價或拍賣業務；I102010 一般投資顧問業；I103060 管理顧問業；F401010 國際貿易業；H201010 一般投資業；ZZ99999 除許可業務外，得經營法令非禁止或限制之業務,臺北市,變更,11505
60307633,東風資產管理有限公司,臺北市中山區長春路380號5樓,張盈婕,37000000,115/03/09,115/05/19,特殊補正,I102010 一般投資顧問業；I103060 管理顧問業；I301040 第三方支付服務業；H202010 創業投資業；F401010 國際貿易業；ZZ99999 除許可業務外，得經營法令非禁止或限制之業務,臺北市,變更,11505
60307697,湘崴實業有限公司,臺北市大安區信義路4段210號11樓,溫明玉,16000000,115/03/09,115/05/18,增資,F213010 電器零售業；F213990 其他機械器具零售業；H201010 一般投資業；I103060 管理顧問業；I301010 資訊軟體服務業；I501010 產品設計業；ZZ99999 除許可業務外，得經營法令非禁止或限制之業務,臺北市,變更,11505
60308268,侃宴股份有限公司,臺北市大安區忠孝東路4段101巷14號1樓,王璟琦,300000,115/03/11,115/05/11,改選董事/監察人(一人法人股東指派董事/監察人),C104020 烘焙炊蒸食品製造業；C199990 未分類其他食品製造業；F102030 菸酒批發業；F102040 飲料批發業；F102170 食品什貨批發業；F203010 食品什貨、飲料零售業；F203020 菸酒零售業；F399040 無店面零售業；F399990 其他綜合零售業；F401010 國際貿易業,臺北市,變更,11505
60308416,王艇長有限公司,臺北市中正區八德路1段46號9樓,張育愼,500000,115/03/19,115/05/27,股東出資轉讓修正章程,F203010 食品什貨、飲料零售業；F501060 餐館業；F401010 國際貿易業；F102040 飲料批發業；F102170 食品什貨批發業；F399040 無店面零售業；F399990 其他綜合零售業；F501030 飲料店業；F501990 其他餐飲業；C103050 罐頭、冷凍、脫水及醃漬食品製造業,臺北市,變更,11505
60308555,鋐如投資股份有限公司,臺北市內湖區內湖路1段661號9樓之2,陳玫如,336515000,115/03/19,115/05/14,董事/監察人持股變動報備,H201010 一般投資業；H703090 不動產買賣業；H703100 不動產租賃業；H701010 住宅及大樓開發租售業；H701020 工業廠房開發租售業；ZZ99999 除許可業務外，得經營法令非禁止或限制之業務,臺北市,變更,11505
60308675,慕思娛樂股份有限公司,臺北市大安區安和路1段42號,蔡明恆,8998000,115/03/19,115/05/05,特殊補正,F102030 菸酒批發業；F203010 食品什貨、飲料零售業；F203020 菸酒零售業；F203030 酒精零售業；F203040 雪茄零售業；F399040 無店面零售業；F399990 其他綜合零售業；F401010 國際貿易業；F501030 飲料店業；F501050 飲酒店業,臺北市,變更,11505
60308719,禾宜國際投資有限公司,臺北市中正區衡陽路10號7樓,陳鈺潔,9100000,115/03/19,115/05/06,增資,H201010 一般投資業；ZZ99999 除許可業務外，得經營法令非禁止或限制之業務,臺北市,變更,11505
60308751,台灣華生生物科技有限公司,臺北市內湖區瑞光路550號7樓,江玲玉,6000000,115/03/20,115/05/20,特殊補正,F118010 資訊軟體批發業；F401010 國際貿易業；I103060 管理顧問業；I501010 產品設計業；IG01010 生物技術服務業；ZZ99999 除許可業務外，得經營法令非禁止或限制之業務,臺北市,變更,11505
60308915,御恆國際物流有限公司,臺北市內湖區瑞光路316巷58號9樓,許益華,7500000,115/03/20,115/05/15,公司所營事業變更修正章程,G801010 倉儲業；F401010 國際貿易業；IZ06010 理貨包裝業；ZZ99999 除許可業務外，得經營法令非禁止或限制之業務；I301010 資訊軟體服務業；I301020 資料處理服務業；I301030 電子資訊供應服務業；G402011 海運承攬運送業；G601011 航空貨運承攬業,臺北市,變更,11505
60323731,杏昭生醫有限公司,臺北市中山區南京東路3段219號9樓,陳伯之,1000000,115/03/02,115/05/13,公司所營事業變更修正章程,F102170 食品什貨批發業；F104110 布疋、衣著、鞋、帽、傘、服飾品批發業；F106020 日常用品批發業；F107030 清潔用品批發業；F108040 化粧品批發業；F113020 電器批發業；F199990 其他批發業；F203010 食品什貨、飲料零售業；F204110 布疋、衣著、鞋、帽、傘、服飾品零售業；F206020 日常用品零售業,臺北市,變更,11505
60324746,澤尚國際有限公司,臺北市信義區市民大道6段250號6樓,姚宗澤,200000,115/03/05,115/05/04,申登機關變更（遷入，含卷）,F114010 汽車批發業；F114020 機車批發業；F114030 汽、機車零件配備批發業；F114040 自行車及其零件批發業；F114990 其他交通運輸工具及其零件批發業；F119010 電子材料批發業；F214010 汽車零售業；F214020 機車零售業；F214030 汽、機車零件配備零售業；F214040 自行車及其零件零售業,臺北市,變更,11505
60328715,光譜影像股份有限公司,臺北市中山區松江路28號7樓之5,買文信,1000000,115/02/06,115/05/14,改選董事/監察人(一人法人股東指派董事/監察人),F401010 國際貿易業；I301010 資訊軟體服務業；I301020 資料處理服務業；I301030 電子資訊供應服務業；I401010 一般廣告服務業；J401010 電影片製作業；J402010 電影片發行業；J404050 電影特效製作業；J503040 廣播電視廣告業；J601010 藝文服務業,臺北市,變更,11505
60331486,民安教育顧問有限公司,臺北市大安區忠孝東路4段311號2樓之1,葉柏良,1000000,115/03/13,115/05/25,分公司設立,I103060 管理顧問業；I199990 其他顧問服務業；I301010 資訊軟體服務業；I301020 資料處理服務業；I301030 電子資訊供應服務業；I599990 其他設計業；IZ99990 其他工商服務業；J202010 產業育成業；JB01010 會議及展覽服務業；JE01010 租賃業,臺北市,變更,11505
60331562,韋序未來有限公司,臺北市大安區延吉街179號12樓,温雙韋,1000000,115/03/13,115/05/27,增資,F203010 食品什貨、飲料零售業；F204110 布疋、衣著、鞋、帽、傘、服飾品零售業；F206020 日常用品零售業；F209060 文教、樂器、育樂用品零售業；F601010 智慧財產權業；I103060 管理顧問業；I199990 其他顧問服務業；I301010 資訊軟體服務業；I301020 資料處理服務業；I301030 電子資訊供應服務業,臺北市,變更,11505
60332247,友好商事有限公司,臺北市大安區信義路4段210號11樓,陳思佑,1000000,115/03/17,115/05/26,公司外文名稱登記修正章程,H701010 住宅及大樓開發租售業；H703090 不動產買賣業；H703100 不動產租賃業,臺北市,變更,11505
60332393,御諾股份有限公司,臺北市松山區南京東路4段77號5樓之1,簡孟婕,15030000,115/03/18,115/05/11,發行新股,CC01080 電子零組件製造業；F119010 電子材料批發業；F219010 電子材料零售業；F401010 國際貿易業；I103060 管理顧問業；I199990 其他顧問服務業；I301010 資訊軟體服務業；I301020 資料處理服務業；IG02010 研究發展服務業；I501010 產品設計業,臺北市,變更,11505
60332470,康溋有限公司,臺北市南港區南港路1段131號,林家君,200000,115/03/18,115/05/29,特殊補正,F101990 其他農、畜、水產品批發業；F106060 寵物食品及其用品批發業；F299990 其他零售業；F501030 飲料店業；F501990 其他餐飲業；F501060 餐館業；ZZ99999 除許可業務外，得經營法令非禁止或限制之業務；F101130 蔬果批發業,臺北市,變更,11505
60332794,觀件股份有限公司,臺北市中山區中山北路3段26號5樓,許澤淳,1000000,115/03/18,115/05/26,減少所營事業變更修正章程,I301010 資訊軟體服務業；I301020 資料處理服務業；F401010 國際貿易業；ZZ99999 除許可業務外，得經營法令非禁止或限制之業務,臺北市,變更,11505
60332801,安威數位整合行銷有限公司,臺北市中山區南京東路1段25號6樓,謝秀玲,200000,115/03/19,115/05/20,特殊補正,F109070 文教、樂器、育樂用品批發業；F209060 文教、樂器、育樂用品零售業；F399040 無店面零售業；F401010 國際貿易業；I301010 資訊軟體服務業；I301020 資料處理服務業；I301030 電子資訊供應服務業；IZ99990 其他工商服務業；JZ99050 仲介服務業；JZ99990 未分類其他服務業,臺北市,變更,11505
60332963,嘉力投資有限公司,臺北市松山區光復北路11巷46號3樓,陳二玄,11000000,115/03/19,115/05/04,增資,H201010 一般投資業；ZZ99999 除許可業務外，得經營法令非禁止或限制之業務,臺北市,變更,11505
60333029,世紀少年生活企劃股份有限公司,臺北市中正區重慶南路1段95號6樓,徐延之,1000000,115/03/19,115/05/18,董事(常務董事.董事長)/監察人解任,I401010 一般廣告服務業；F104110 布疋、衣著、鞋、帽、傘、服飾品批發業；F204110 布疋、衣著、鞋、帽、傘、服飾品零售業；F109070 文教、樂器、育樂用品批發業；F209060 文教、樂器、育樂用品零售業；F110010 鐘錶批發業；F210010 鐘錶零售業；F118010 資訊軟體批發業；F218010 資訊軟體零售業；F203010 食品什貨、飲料零售業,臺北市,變更,11505
60335342,松慶股份有限公司,臺北市大安區敦化南路2段65號3樓,蔡惠銘,1000000,115/02/09,115/05/21,公司印鑑變更,CC01070 無線通信機械器材製造業；CC01100 電信管制射頻器材製造業；CC01110 電腦及其週邊設備製造業；CE01010 一般儀器製造業；E605010 電腦設備安裝業；EZ05010 儀器、儀表安裝工程業；F102170 食品什貨批發業；F108031 醫療器材批發業；F108040 化粧品批發業；F113020 電器批發業,臺北市,變更,11505
60335645,發餐域有限公司,臺北市大安區復興南路1段107巷34號1樓,KIM JUNGYUL,600000,115/02/10,115/05/19,特殊補正,J602010 演藝活動業；J601010 藝文服務業；J603010 音樂展演空間業；F109070 文教、樂器、育樂用品批發業；F209060 文教、樂器、育樂用品零售業；F399040 無店面零售業；F401010 國際貿易業；IZ04010 翻譯業；JB01010 會議及展覽服務業；IZ12010 人力派遣業,臺北市,變更,11505
60335856,婕曼米國際有限公司,臺北市松山區復興北路15號5樓之9,侯秀穎,500000,115/02/10,115/05/15,股東出資轉讓修正章程,F104110 布疋、衣著、鞋、帽、傘、服飾品批發業；F105050 家具、寢具、廚房器具、裝設品批發業；F106020 日常用品批發業；F115010 首飾及貴金屬批發業；F204110 布疋、衣著、鞋、帽、傘、服飾品零售業；F205040 家具、寢具、廚房器具、裝設品零售業；F206020 日常用品零售業；F215010 首飾及貴金屬零售業；F399040 無店面零售業；F401010 國際貿易業,臺北市,變更,11505
60335883,盈妍股份有限公司,臺北市大安區忠孝東路4段176之1號2樓,莊盈彥,42000000,115/02/10,115/05/25,特殊補正,IG01010 生物技術服務業；F108040 化粧品批發業；F208040 化粧品零售業；ZZ99999 除許可業務外，得經營法令非禁止或限制之業務,臺北市,變更,11505
60337003,海行股份有限公司,臺北市大安區忠孝東路4段162號9樓之1,楊皓童,4500000,115/02/12,115/05/18,董事/監察人持股變動報備,F206060 祭祀用品零售業；F106070 祭祀用品批發業；F101100 花卉批發業；F201070 花卉零售業；F102170 食品什貨批發業；F203010 食品什貨、飲料零售業；F199990 其他批發業；F299990 其他零售業；JE01010 租賃業；JB01010 會議及展覽服務業,臺北市,變更,11505
60341371,圓興智算科技股份有限公司,臺北市內湖區南京東路6段350號12樓之2,陳威和,50000000,115/02/13,115/05/21,特殊補正,F113050 電腦及事務性機器設備批發業；F118010 資訊軟體批發業；F119010 電子材料批發業；F213030 電腦及事務性機器設備零售業；F213060 電信器材零售業；F218010 資訊軟體零售業；F219010 電子材料零售業；F399040 無店面零售業；F401010 國際貿易業；I301010 資訊軟體服務業,臺北市,變更,11505
60341409,嚐藏股份有限公司,臺北市大安區新生南路2段2號地下之1,須家昌,7000000,115/02/23,115/05/14,發行新股,F203020 菸酒零售業；F102030 菸酒批發業；F501060 餐館業；F501990 其他餐飲業；F106050 陶瓷玻璃器皿批發業；F401010 國際貿易業；F203010 食品什貨、飲料零售業；F102170 食品什貨批發業；G801010 倉儲業；I102010 一般投資顧問業,臺北市,變更,11505
60341436,玆彼行銷有限公司,臺北市中正區懷寧街76號1樓,黃子豪,2000000,115/02/23,115/05/26,補繳規費,I401010 一般廣告服務業；F601010 智慧財產權業；I103060 管理顧問業；I199990 其他顧問服務業；I301010 資訊軟體服務業；I401020 廣告傳單分送業；I501010 產品設計業；I503010 景觀設計業；IZ15010 市場研究及民意調查業；IZ99990 其他工商服務業,臺北市,變更,11505
60341647,台鋼數位資產管理股份有限公司,臺北市南港區市民大道7段100號,李雲琴,200000000,115/02/24,115/05/28,特殊補正,F218010 資訊軟體零售業；F399040 無店面零售業；H201010 一般投資業；I102010 一般投資顧問業；IZ99990 其他工商服務業；I301010 資訊軟體服務業；I301020 資料處理服務業；I301030 電子資訊供應服務業；I401010 一般廣告服務業；IE01010 電信業務門號代辦業,臺北市,變更,11505
60341870,鉅安投資有限公司,臺北市中山區民生東路3段17號2樓,簡兆芝,17914124,115/02/25,115/05/11,特殊補正,H201010 一般投資業；ZZ99999 除許可業務外，得經營法令非禁止或限制之業務,臺北市,變更,11505
60342081,郡耀室內裝修設計有限公司,臺北市松山區復興北路191號13樓之1,方怡雯,1000000,115/02/25,115/05/05,公司名稱變更修正章程,E801010 室內裝潢業；E801060 室內裝修業；F105050 家具、寢具、廚房器具、裝設品批發業；F205040 家具、寢具、廚房器具、裝設品零售業；F111090 建材批發業；F211010 建材零售業；F401010 國際貿易業；I501010 產品設計業；I503010 景觀設計業；I599990 其他設計業,臺北市,變更,11505
60342435,誠泰行銷股份有限公司,臺北市文山區木新路2段161巷24弄8號1樓,葉陳惠,2000000,115/03/02,115/05/06,改選董事/監察人(一人法人股東指派董事/監察人),H704031 不動產仲介經紀業；H704041 不動產代銷經紀業；H701010 住宅及大樓開發租售業；H701020 工業廠房開發租售業；H703090 不動產買賣業；H703100 不動產租賃業；I401010 一般廣告服務業；I401020 廣告傳單分送業；I501010 產品設計業；I503010 景觀設計業,臺北市,變更,11505
60342527,翰星文創股份有限公司,臺北市松山區八德路4段135號5樓之3,劉東行,10000000,115/03/02,115/05/13,增資(資本總額),C701010 印刷業；C703010 印刷品裝訂及加工業；CH01030 文具製造業；CH01040 玩具製造業；F104110 布疋、衣著、鞋、帽、傘、服飾品批發業；F105050 家具、寢具、廚房器具、裝設品批發業；F106020 日常用品批發業；F109070 文教、樂器、育樂用品批發業；F199990 其他批發業；F206020 日常用品零售業,臺北市,變更,11505
60347430,智徑資服有限公司,臺北市中山區民權東路2段206號5樓之2,李宗輝,100000,115/02/13,115/05/11,特殊補正,I103060 管理顧問業；I199990 其他顧問服務業；I301010 資訊軟體服務業；I301020 資料處理服務業；I301030 電子資訊供應服務業；IZ13010 網路認證服務業；IZ15010 市場研究及民意調查業；F113070 電信器材批發業；F213010 電器零售業；F213030 電腦及事務性機器設備零售業,臺北市,變更,11505
60349401,金百利克拉克國際個人用品股份有限公司,臺北市信義區信義路5段8號8樓,Charles Paradowski,380061770,114/12/11,115/05/07,特殊補正,C601050 家庭及衛生用紙製造業；F106020 日常用品批發業；F107030 清潔用品批發業；F108040 化粧品批發業；F109070 文教、樂器、育樂用品批發業；F203010 食品什貨、飲料零售業；F203020 菸酒零售業；F206020 日常用品零售業；F207030 清潔用品零售業；F208040 化粧品零售業,臺北市,變更,11505
60350146,韻醫國際股份有限公司,臺北市大安區忠孝東路4段270號14樓之1,黃富楠,15820000,114/12/12,115/05/21,特殊補正,I102010 一般投資顧問業；I103060 管理顧問業；IG01010 生物技術服務業；IG02010 研究發展服務業；F113030 精密儀器批發業；F213040 精密儀器零售業；F401010 國際貿易業；I301010 資訊軟體服務業；I301020 資料處理服務業；I301030 電子資訊供應服務業,臺北市,變更,11505
60350194,御天航太科技股份有限公司,臺北市中山區民權西路70號10樓之1,許明仁,1000000,114/12/11,115/05/08,增資(資本總額),CC01080 電子零組件製造業；CC01110 電腦及其週邊設備製造業；CA04010 表面處理業；F114070 航空器及其零件批發業；F214070 航空器及其零件零售業；F113010 機械批發業；F113030 精密儀器批發業；F113050 電腦及事務性機器設備批發業；F119010 電子材料批發業；F401010 國際貿易業,臺北市,變更,11505
60350568,曼司恩藥品有限公司,臺北市大安區忠孝東路4段295號3樓,蘇文烽,500000,114/12/12,115/05/26,特殊補正,F108021 西藥批發業；F208021 西藥零售業；F208050 乙類成藥零售業；F401010 國際貿易業；ZZ99999 除許可業務外，得經營法令非禁止或限制之業務,臺北市,變更,11505
60351258,耀揚國際開發股份有限公司,臺北市南港區經貿一路170號11樓之2,林懇伶,20000000,114/12/24,115/05/04,董事長變更,H701010 住宅及大樓開發租售業；H701020 工業廠房開發租售業；H701040 特定專業區開發業；H701050 投資興建公共建設業；H701060 新市鎮、新社區開發業；H701070 區段徵收及市地重劃代辦業；H701080 都市更新重建業；H701090 都市更新整建維護業；H702010 建築經理業；H703090 不動產買賣業,臺北市,變更,11505
60351314,宥前工程有限公司,臺北市信義區基隆路1段155號12樓之6,林智傑,1000000,114/12/24,115/05/05,特殊補正,E603040 消防安全設備安裝工程業；E603050 自動控制設備工程業；E603100 電焊工程業；E604010 機械安裝業；E701010 電信工程業；E801010 室內裝潢業；E801020 門窗安裝工程業；E801040 玻璃安裝工程業；E901010 油漆工程業；E903010 防蝕、防銹工程業,臺北市,變更,11505
60351638,涵光生醫股份有限公司,臺北市信義區忠孝東路5段1之3號14樓,陳佩茹,5000000,114/12/24,115/05/04,改選董事/監察人(一人法人股東指派董事/監察人),EZ05010 儀器、儀表安裝工程業；F108040 化粧品批發業；F203010 食品什貨、飲料零售業；F208040 化粧品零售業；F208050 乙類成藥零售業；F218010 資訊軟體零售業；F399040 無店面零售業；F401010 國際貿易業；F108031 醫療器材批發業；F208031 醫療器材零售業,臺北市,變更,11505
60354261,金一拉麵餐飲有限公司,臺北市中正區杭州南路1段63號5樓之1,呂彥廷,1050000,115/01/06,115/05/21,特殊補正,F102040 飲料批發業；F102170 食品什貨批發業；F102180 酒精批發業；F106020 日常用品批發業；F106030 模具批發業；F203010 食品什貨、飲料零售業；F203030 酒精零售業；F206020 日常用品零售業；F401010 國際貿易業；F501060 餐館業,臺北市,變更,11505
60359532,零曜科技有限公司,臺北市萬華區開封街2段75號3樓之3,周秦,2000000,115/01/05,115/05/20,增資,E605010 電腦設備安裝業；F113050 電腦及事務性機器設備批發業；F213030 電腦及事務性機器設備零售業；F118010 資訊軟體批發業；F218010 資訊軟體零售業；F119010 電子材料批發業；F219010 電子材料零售業；F399040 無店面零售業；F401010 國際貿易業；F601010 智慧財產權業,臺北市,變更,11505
60359596,圓盛資產股份有限公司,臺北市內湖區南京東路6段350號12樓之2,陳威和,22000000,115/01/05,115/05/19,增資(資本總額),E605010 電腦設備安裝業；E701010 電信工程業；E701030 電信管制射頻器材裝設工程業；F113050 電腦及事務性機器設備批發業；F118010 資訊軟體批發業；F119010 電子材料批發業；F213030 電腦及事務性機器設備零售業；F213060 電信器材零售業；F218010 資訊軟體零售業；F219010 電子材料零售業,臺北市,變更,11505
60360019,嶄弘有限公司,臺北市中山區南京東路2段137號14樓,蔡子涵,3600000,115/01/06,115/05/06,特殊補正,F113100 污染防治設備批發業；J101030 廢棄物清除業；J101040 廢棄物處理業；J101060 廢（污）水處理業；F107030 清潔用品批發業；F113010 機械批發業；F117010 消防安全設備批發業；F113020 電器批發業；F206040 水器材料零售業；J101010 建築物清潔服務業,臺北市,變更,11505
60360398,恆璞顧問股份有限公司,臺北市信義區信義路4段415號14樓之2,鄭麗雪,100000,115/01/07,115/05/27,特殊補正,F106020 日常用品批發業；F104110 布疋、衣著、鞋、帽、傘、服飾品批發業；F199990 其他批發業；F204110 布疋、衣著、鞋、帽、傘、服飾品零售業；F206020 日常用品零售業；F299990 其他零售業；F401010 國際貿易業；I103060 管理顧問業；I199990 其他顧問服務業；I401010 一般廣告服務業,臺北市,變更,11505
60365817,楷豐建設事業股份有限公司,臺北市大安區忠孝東路3段303號2樓之1,郭育禎,306000,115/01/22,115/05/15,董事(常務董事.董事長)/監察人解任,H701010 住宅及大樓開發租售業；H701080 都市更新重建業；H702010 建築經理業；H703090 不動產買賣業；H703100 不動產租賃業；H703110 老人住宅業；J901020 一般旅館業；E801010 室內裝潢業；D401010 熱能供應業；F199990 其他批發業,臺北市,變更,11505
60365859,藍海環球貿易股份有限公司,臺北市中山區長安東路2段246號9樓之4,王冠元,5000000,115/01/22,115/05/13,特殊補正,F102170 食品什貨批發業；F201030 水產品零售業；F201020 畜產品零售業；F399040 無店面零售業；F401010 國際貿易業；F102020 食用油脂批發業；F102040 飲料批發業；F106010 五金批發業；F106020 日常用品批發業；F113020 電器批發業,臺北市,變更,11505
60365886,盤古醫創股份有限公司,臺北市南港區忠孝東路7段508號2樓之6,温明璇,1250000,115/01/26,115/05/28,特殊補正,IG01010 生物技術服務業；IG02010 研究發展服務業；I301010 資訊軟體服務業；I301020 資料處理服務業；I301030 電子資訊供應服務業；I103060 管理顧問業；ZZ99999 除許可業務外，得經營法令非禁止或限制之業務,臺北市,變更,11505
60365936,十八重溪投資股份有限公司,臺北市信義區基隆路2段51號4樓,廖文旭,4500000,115/01/23,115/05/18,董事/監察人持股變動報備,H201010 一般投資業；H701010 住宅及大樓開發租售業；H703100 不動產租賃業；I103060 管理顧問業；F401010 國際貿易業；ZZ99999 除許可業務外，得經營法令非禁止或限制之業務,臺北市,變更,11505
60366301,常和科技股份有限公司,臺北市內湖區安康路20號4樓之6,鄭祺耀,6000000,115/01/26,115/05/19,增資(資本總額),C701010 印刷業；F118010 資訊軟體批發業；F218010 資訊軟體零售業；I301010 資訊軟體服務業；I301020 資料處理服務業；F113050 電腦及事務性機器設備批發業；F213030 電腦及事務性機器設備零售業；IZ13010 網路認證服務業；F113010 機械批發業；F213080 機械器具零售業,臺北市,變更,11505
60366421,沃栩投資有限公司,臺北市中山區松江路50號9樓,吳易儒,1500000,115/01/27,115/05/18,公司所營事業變更修正章程,H201010 一般投資業；I401010 一般廣告服務業；F401010 國際貿易業；F108040 化粧品批發業；F208040 化粧品零售業；ZZ99999 除許可業務外，得經營法令非禁止或限制之業務,臺北市,變更,11505
60366745,斯利普諾莫股份有限公司,臺北市中正區新生南路1段50號6樓之5,潘韻文,5000000,115/01/27,115/05/13,特殊補正,C104020 烘焙炊蒸食品製造業；C110010 飲料製造業；C113020 酒類半成品製造業；E601020 電器安裝業；E801010 室內裝潢業；F102030 菸酒批發業；F102040 飲料批發業；F102170 食品什貨批發業；F105050 家具、寢具、廚房器具、裝設品批發業；F107200 化學原料批發業,臺北市,變更,11505
60366864,盛曜管理顧問股份有限公司,臺北市信義區忠孝東路5段412號9樓,江妙雲,2000000,115/01/27,115/05/19,增資(資本總額),E801010 室內裝潢業；F102170 食品什貨批發業；F108031 醫療器材批發業；F108040 化粧品批發業；F113050 電腦及事務性機器設備批發業；F203010 食品什貨、飲料零售業；F208031 醫療器材零售業；F208040 化粧品零售業；F401010 國際貿易業；I102010 一般投資顧問業,臺北市,變更,11505
60367343,佳點創思股份有限公司,臺北市松山區八德路3段34號13樓,藤原徹平,10000000,115/01/29,115/05/08,特殊補正,ZZ99999 除許可業務外，得經營法令非禁止或限制之業務；F102040 飲料批發業；F102170 食品什貨批發業；F104110 布疋、衣著、鞋、帽、傘、服飾品批發業；F105050 家具、寢具、廚房器具、裝設品批發業；F106020 日常用品批發業；F107030 清潔用品批發業；F108040 化粧品批發業；F109070 文教、樂器、育樂用品批發業；F110010 鐘錶批發業,臺北市,變更,11505
60372486,安嶼有限公司,臺北市中山區南京東路2段140號6樓,李浩瑋,500000,115/01/09,115/05/08,改推董事/董事長,F203010 食品什貨、飲料零售業；F206020 日常用品零售業；F207030 清潔用品零售業；F208040 化粧品零售業；F209060 文教、樂器、育樂用品零售業；F213010 電器零售業；F213030 電腦及事務性機器設備零售業；F218010 資訊軟體零售業；I301010 資訊軟體服務業；F401010 國際貿易業,臺北市,變更,11505
60372562,龍睿投資顧問有限公司,臺北市信義區忠孝東路4段553巷6弄15號1樓,廖龍運,1000000,115/01/09,115/05/19,股東出資轉讓修正章程,H201010 一般投資業；I102010 一般投資顧問業；ZZ99999 除許可業務外，得經營法令非禁止或限制之業務,臺北市,變更,11505
60373181,曜浪無界娛樂有限公司,臺北市大安區羅斯福路2段79號4樓,黃奕璋,150000,115/01/13,115/05/19,股東出資轉讓修正章程,I301010 資訊軟體服務業；I301020 資料處理服務業；I301060 網路廣告平臺業；I401010 一般廣告服務業；J304010 圖書出版業；J305010 有聲出版業；J399010 軟體出版業；J601010 藝文服務業；J602010 演藝活動業；JB01010 會議及展覽服務業,臺北市,變更,11505
60373204,優質國際教育有限公司,臺北市大安區忠孝東路4段87號11樓之6,劉思敏,1000000,115/01/13,115/05/15,特殊補正,F109070 文教、樂器、育樂用品批發業；F118010 資訊軟體批發業；F209060 文教、樂器、育樂用品零售業；F401010 國際貿易業；I102010 一般投資顧問業；I103060 管理顧問業；I301010 資訊軟體服務業；I301020 資料處理服務業；IZ04010 翻譯業；I199990 其他顧問服務業,臺北市,變更,11505
60373513,凱禧資產股份有限公司,臺北市中正區林森南路69號2樓,劉又甄,5474300,115/01/14,115/05/26,特殊補正,H201010 一般投資業,臺北市,變更,11505
60373794,澳士啟有限公司,臺北市大安區忠孝東路4段2號5樓之1,顏義標,1000000,115/01/15,115/05/21,特殊補正,F102170 食品什貨批發業；F106020 日常用品批發業；F107030 清潔用品批發業；F108040 化粧品批發業；F203010 食品什貨、飲料零售業；F206020 日常用品零售業；F207030 清潔用品零售業；F208040 化粧品零售業；F399040 無店面零售業；F401010 國際貿易業,臺北市,變更,11505
60378003,芙納服飾有限公司,臺北市中山區林森北路612號4樓,趙心,200000,115/01/28,115/05/13,公司所在地,F104110 布疋、衣著、鞋、帽、傘、服飾品批發業；F106020 日常用品批發業；F204110 布疋、衣著、鞋、帽、傘、服飾品零售業；F205040 家具、寢具、廚房器具、裝設品零售業；F206020 日常用品零售業；F215010 首飾及貴金屬零售業；F399040 無店面零售業；F399990 其他綜合零售業；F401010 國際貿易業；C306010 成衣業,臺北市,變更,11505
60378025,豐域股份有限公司,臺北市松山區復興北路1號2樓,李佳靜,12000000,115/01/28,115/05/05,特殊補正,F401010 國際貿易業；H201010 一般投資業；H202010 創業投資業；H703090 不動產買賣業；H703100 不動產租賃業；HZ02010 金融機構金錢債權收買業務；HZ02020 辦理金融機構金錢債權之評價或拍賣業務；I103060 管理顧問業；JZ99050 仲介顧問業；F111090 建材批發業,臺北市,變更,11505
60379592,利永鑫投資股份有限公司,臺北市大安區敦化南路1段291號,陳名,35447500,115/01/16,115/05/18,特殊補正,H201010 一般投資業,臺北市,變更,11505
60381035,芙溫生活股份有限公司,臺北市大安區敦化南路2段76號16樓,陳詩瀅,6713600,115/01/30,115/05/05,特殊補正,I102010 一般投資顧問業；I103060 管理顧問業；I199990 其他顧問服務業；I401010 一般廣告服務業；I301030 電子資訊供應服務業；F399040 無店面零售業；F401010 國際貿易業；F601010 智慧財產權業；I501010 產品設計業；F209060 文教、樂器、育樂用品零售業,臺北市,變更,11505
60381817,慢步悠程有限公司,臺北市中山區復興北路178號11樓,程漢威,100000,115/02/03,115/05/13,增資,I103060 管理顧問業；I301010 資訊軟體服務業；I301020 資料處理服務業；I301030 電子資訊供應服務業；I401010 一般廣告服務業；F203010 食品什貨、飲料零售業；F399040 無店面零售業；F401010 國際貿易業；F206020 日常用品零售業；JZ99090 喜慶綜合服務業,臺北市,變更,11505
60381838,澄逸股份有限公司,臺北市大安區忠孝東路4段71之5號6樓,柯威志,500000,115/02/03,115/05/28,特殊補正,I101090 食品顧問業；I102010 一般投資顧問業；I103060 管理顧問業；H201010 一般投資業；H202010 創業投資業；F104110 布疋、衣著、鞋、帽、傘、服飾品批發業；F204110 布疋、衣著、鞋、帽、傘、服飾品零售業；F106020 日常用品批發業；F206020 日常用品零售業；F108040 化粧品批發業,臺北市,變更,11505
60382029,瑜匯國際有限公司,臺北市萬華區中華路1段106號8樓,張家瑜,100000,115/02/06,115/05/19,特殊補正,F102170 食品什貨批發業；F203010 食品什貨、飲料零售業；F106010 五金批發業；F106060 寵物食品及其用品批發業；F105050 家具、寢具、廚房器具、裝設品批發業；F205040 家具、寢具、廚房器具、裝設品零售業；F104110 布疋、衣著、鞋、帽、傘、服飾品批發業；F204110 布疋、衣著、鞋、帽、傘、服飾品零售業；F109070 文教、樂器、育樂用品批發業；F209060 文教、樂器、育樂用品零售業,臺北市,變更,11505
60383688,台灣輝達經典股份有限公司,臺北市南港區南港路三段47巷55號15樓,MARK STEVEN HOOSE,4300000000,115/01/05,115/05/04,一般補正案,H201010 一般投資業；H701010 住宅及大樓開發租售業；H701020 工業廠房開發租售業；H701040 特定專業區開發業；H701050 投資興建公共建設業；H701060 新市鎮、新社區開發業；H703090 不動產買賣業；H703100 不動產租賃業；F401010 國際貿易業；G202010 停車場經營業,臺北市,變更,11505
60385497,寰鏈科技股份有限公司,臺北市中正區汀州路3段104巷73號,李仲勛,500000,114/12/15,115/05/19,特殊補正,F113050 電腦及事務性機器設備批發業；F119010 電子材料批發業；F113010 機械批發業；F113020 電器批發業；F113030 精密儀器批發業；F113070 電信器材批發業；F113110 電池批發業；F113990 其他機械器具批發業；F118010 資訊軟體批發業；F213030 電腦及事務性機器設備零售業,臺北市,變更,11505
60385588,金丘國際酒業有限公司,臺北市中山區民權東路3段60巷5號1樓,林祺富,5000000,114/12/16,115/05/04,公司所在地,F102030 菸酒批發業；F203020 菸酒零售業；F102040 飲料批發業；F203010 食品什貨、飲料零售業；F101050 水產品批發業；F201030 水產品零售業；F401010 國際貿易業；I103060 管理顧問業；JZ99050 仲介服務業；H201010 一般投資業,臺北市,變更,11505
60386691,星壹夠股份有限公司,臺北市中山區松江路76號7樓之1,吳安婷,31000000,114/12/18,115/05/18,特殊補正,F102170 食品什貨批發業；F104110 布疋、衣著、鞋、帽、傘、服飾品批發業；F105050 家具、寢具、廚房器具、裝設品批發業；F106020 日常用品批發業；F107030 清潔用品批發業；F108031 醫療器材批發業；F108040 化粧品批發業；F113050 電腦及事務性機器設備批發業；F203010 食品什貨、飲料零售業；F204110 布疋、衣著、鞋、帽、傘、服飾品零售業,臺北市,變更,11505
60386947,塔波實有限公司,臺北市信義區松德路161號13樓之2,胡婉柔,300000,114/12/18,115/05/18,改推董事/董事長,F118010 資訊軟體批發業；F218010 資訊軟體零售業；F113050 電腦及事務性機器設備批發業；F213030 電腦及事務性機器設備零售業；F119010 電子材料批發業；F219010 電子材料零售業；F113030 精密儀器批發業；F213040 精密儀器零售業；I301010 資訊軟體服務業；I301020 資料處理服務業,臺北市,變更,11505
60387024,巨擎創新股份有限公司,臺北市信義區信義路5段7號57樓之1,劉嘉蕙,39000000,114/12/19,115/05/06,增資(資本總額),H201010 一般投資業；ZZ99999 除許可業務外，得經營法令非禁止或限制之業務,臺北市,變更,11505
60398471,豫鑫投資有限公司,臺北市中正區忠孝西路1段72號2樓之5,吳靜茹,3703852,115/01/16,115/05/27,增資,H201010 一般投資業,臺北市,變更,11505
60398535,台灣優希克斯股份有限公司,臺北市中山區中山北路2段39巷14號1樓,吉岡裕太郎(Yutaro YOSHIOKA),5000000,115/01/16,115/05/11,特殊補正,F501060 餐館業；F102170 食品什貨批發業；F501050 飲酒店業；F501030 飲料店業；C103050 罐頭、冷凍、脫水及醃漬食品製造業；C104020 烘焙炊蒸食品製造業；C110010 飲料製造業；C113020 酒類半成品製造業；C199010 麵條、粉條類食品製造業；C199020 食用冰製造業,臺北市,變更,11505
60398654,京師資產顧問股份有限公司,臺北市中正區衡陽路51號12樓,蕭嘉洋,1000000,115/01/16,115/05/27,特殊補正,I103060 管理顧問業；I102010 一般投資顧問業；I199990 其他顧問服務業；IZ12010 人力派遣業；H703100 不動產租賃業；H703090 不動產買賣業；ZZ99999 除許可業務外，得經營法令非禁止或限制之業務,臺北市,變更,11505
60399078,漢瑞投資股份有限公司,臺北市大安區敦化南路2段76號20樓,周家駒,850000000,115/01/19,115/05/28,一般補正案,H201010 一般投資業；ZZ99999 除許可業務外，得經營法令非禁止或限制之業務,臺北市,變更,11505
60399160,伍喬貿易股份有限公司,臺北市大同區西寧北路78之18號,劉乙嫺,3000000,115/01/20,115/05/22,董事/監察人持股變動報備,F102030 菸酒批發業；F102040 飲料批發業；F102170 食品什貨批發業；F106020 日常用品批發業；F107030 清潔用品批發業；F108040 化粧品批發業；F203010 食品什貨、飲料零售業；F203020 菸酒零售業；F206010 五金零售業；F206020 日常用品零售業,臺北市,變更,11505
60399252,金可頌國際股份有限公司,臺北市大安區安和路2段35巷5號,周宥卉,3000000,115/01/20,115/05/21,董事/監察人持股變動報備,C104020 烘焙炊蒸食品製造業；F102170 食品什貨批發業；F203010 食品什貨、飲料零售業；F201010 農產品零售業；F204110 布疋、衣著、鞋、帽、傘、服飾品零售業；F205040 家具、寢具、廚房器具、裝設品零售業；F206020 日常用品零售業；F207030 清潔用品零售業；F209060 文教、樂器、育樂用品零售業；F299990 其他零售業,臺北市,變更,11505
60399773,渥庭股份有限公司,臺北市大安區復興南路2段268號2樓之2,鍾瑜庭,27751050,115/01/21,115/05/07,補繳規費,H201010 一般投資業；IH01010 產業控股公司業；ZZ99999 除許可業務外，得經營法令非禁止或限制之業務,臺北市,變更,11505
60399794,金耀木業股份有限公司,臺北市信義區光復南路495號4樓,盧宏洋,3000000,115/01/21,115/05/04,增資(資本總額),F105050 家具、寢具、廚房器具、裝設品批發業；F401010 國際貿易業；F205040 家具、寢具、廚房器具、裝設品零售業；F111090 建材批發業；E801070 廚具、衛浴設備安裝工程業；E801010 室內裝潢業；I503010 景觀、室內設計業；ZZ99999 除許可業務外，得經營法令非禁止或限制之業務,臺北市,變更,11505
60400173,有芯人跨境有限公司,臺北市士林區德行東路219巷3號1樓,胡永則,500000,115/01/22,115/05/21,公司所在地,F299990 其他零售業；F204110 布疋、衣著、鞋、帽、傘、服飾品零售業；F205040 家具、寢具、廚房器具、裝設品零售業；F206010 五金零售業；F206020 日常用品零售業；F104110 布疋、衣著、鞋、帽、傘、服飾品批發業；F105050 家具、寢具、廚房器具、裝設品批發業；F106010 五金批發業；F106020 日常用品批發業；F399990 其他綜合零售業,臺北市,變更,11505
60400321,諾靖室內裝修工程有限公司,臺北市內湖區新明路246巷3弄28號5樓,林宥霖,1300000,115/01/22,115/05/28,特殊補正,E801010 室內裝潢業；E801020 門窗安裝工程業；E801030 室內輕鋼架工程業；E801070 廚具、衛浴設備安裝工程業；E901010 油漆工程業；EZ99990 其他工程業；F204110 布疋、衣著、鞋、帽、傘、服飾品零售業；F205040 家具、寢具、廚房器具、裝設品零售業；F206010 五金零售業；F206020 日常用品零售業,臺北市,變更,11505
60400357,御辰曜昇有限公司,臺北市信義區忠孝東路5段1之8號12樓,孟昱辰,2000000,115/01/22,115/05/06,增資,CA02990 其他金屬製品製造業；CA04010 表面處理業；CC01080 電子零組件製造業；CC01120 資料儲存媒體製造及複製業；F399040 無店面零售業；F401010 國際貿易業；I301010 資訊軟體服務業；I501010 產品設計業；IG03010 能源技術服務業；ZZ99999 除許可業務外，得經營法令非禁止或限制之業務,臺北市,變更,11505
60410572,台速科創管理顧問股份有限公司,臺北市中山區南京東路2段132號4樓,李光斌,300000,114/12/31,115/05/19,公司所在地,H202010 創業投資業；H201010 一般投資業；I102010 一般投資顧問業；I103060 管理顧問業；I199990 其他顧問服務業；I301010 資訊軟體服務業；I301020 資料處理服務業；I301030 電子資訊供應服務業；ZZ99999 除許可業務外，得經營法令非禁止或限制之業務,臺北市,變更,11505
60410593,楷越投資有限公司,臺北市內湖區瑞光路585號17樓,陳麗琴,1000000,114/12/31,115/05/25,股東出資轉讓修正章程,H201010 一般投資業,臺北市,變更,11505
60411072,寰杉股份有限公司,臺北市松山區光復北路100巷26號1樓,方子禪,5000000,114/09/09,115/05/25,發行新股,F102030 菸酒批發業；F102040 飲料批發業；F102170 食品什貨批發業；F109070 文教、樂器、育樂用品批發業；F199990 其他批發業；F203010 食品什貨、飲料零售業；F203020 菸酒零售業；F204110 布疋、衣著、鞋、帽、傘、服飾品零售業；F205040 家具、寢具、廚房器具、裝設品零售業；F206020 日常用品零售業,臺北市,變更,11505
60411191,徠鼎房屋仲介股份有限公司,臺北市士林區美德街22號1樓,紀翊平,5000000,114/09/09,115/05/19,董事/監察人持股變動報備,H703090 不動產買賣業；H703100 不動產租賃業；H704031 不動產仲介經紀業；I401010 一般廣告服務業；ZZ99999 除許可業務外，得經營法令非禁止或限制之業務,臺北市,變更,11505
60411333,明鑫投資管理顧問股份有限公司,臺北市中正區重慶南路1段10號8樓之15,林瑞和,10500000,114/09/09,115/05/19,特殊補正,H201010 一般投資業；ZZ99999 除許可業務外，得經營法令非禁止或限制之業務,臺北市,變更,11505
60412213,方舟屋管股份有限公司,臺北市信義區基隆路2段135號5樓,陳世展,5100000,114/09/11,115/05/21,修正章程,E801010 室內裝潢業；E603090 照明設備安裝工程業；E901010 油漆工程業；E903010 防蝕、防銹工程業；I503010 景觀、室內設計業；E601010 電器承裝業；E599010 配管工程業；E603010 電纜安裝工程業；E603040 消防安全設備安裝工程業；E603100 電焊工程業,臺北市,變更,11505
60415247,和贏國際有限公司,臺北市大安區忠孝東路4段341號7樓之4,"陳璽年(CHEN,TONY)",600000,114/09/24,115/05/14,公司所營事業變更修正章程,F104110 布疋、衣著、鞋、帽、傘、服飾品批發業；F204110 布疋、衣著、鞋、帽、傘、服飾品零售業；F106020 日常用品批發業；F401010 國際貿易業；I501010 產品設計業；I502010 服飾設計業；I599990 其他設計業；C301010 紡紗業；C302010 織布業；C303010 不織布業,臺北市,變更,11505
60415915,實基有限公司,臺北市中正區重慶南路1段10號8樓之15,Takeuchi Masataka,6500000,114/09/26,115/05/05,特殊補正,I301010 資訊軟體服務業；I301020 資料處理服務業；ZZ99999 除許可業務外，得經營法令非禁止或限制之業務,臺北市,變更,11505
60416029,屹海船舶股份有限公司,臺北市信義區松德路171號19樓之7,謝菁菁,740000000,114/09/26,115/05/08,發行新股,E401010 疏濬業；E402010 沙石、淤泥海拋業；E603010 電纜安裝工程業；EZ99990 其他工程業；F214060 船舶及其零件零售業；F401010 國際貿易業；G302010 小船經營業；G403010 船舶出租業；G407010 打撈業；G408010 海難救護業,臺北市,變更,11505
60416219,啟維創投發展股份有限公司,臺北市中正區羅斯福路3段76號8樓之1,黃唯,28962500,114/09/30,115/05/29,減資,H201010 一般投資業；H202010 創業投資業；H701010 住宅及大樓開發租售業；H703090 不動產買賣業；H703100 不動產租賃業；ZZ99999 除許可業務外，得經營法令非禁止或限制之業務,臺北市,變更,11505
60416610,修楠有限公司,臺北市大安區忠孝東路4段162號12樓之2,喬于修,100000,114/09/16,115/05/20,公司外文名稱登記修正章程,H201010 一般投資業,臺北市,變更,11505
60427406,十里青文創有限公司,臺北市文山區羅斯福路6段242號3樓,劉欣宇,350000,114/11/04,115/05/21,特殊補正,ZZ99999 除許可業務外，得經營法令非禁止或限制之業務；JZ99030 攝影業；JZ99990 未分類其他服務業；JZ99090 喜慶綜合服務業；JB01010 會議及展覽服務業；J302010 通訊稿業；J303010 雜誌（期刊）出版業；J304010 圖書出版業；J404050 電影特效製作業；J401010 電影片製作業,臺北市,變更,11505
60427715,非凡台灣數位科技股份有限公司,臺北市信義區松德路169巷36號1樓,顏林禧(Alison Lam Hei Ngan),500000,114/11/05,115/05/04,公司所在地,F118010 資訊軟體批發業；F218010 資訊軟體零售業；I301010 資訊軟體服務業；I301020 資料處理服務業；I301030 電子資訊供應服務業；I301040 第三方支付服務業；I103060 管理顧問業；I199990 其他顧問服務業；IZ99990 其他工商服務業；J202010 產業育成業,臺北市,變更,11505
60429007,阿爾發金融科技股份有限公司,臺北市中正區南海路1號13樓,楊琇惠,37147816,106/03/20,115/05/28,認股憑證換發新股,HZ99990 其他金融、保險及不動產業；I102010 投資顧問業；I103060 管理顧問業；I199990 其他顧問服務業；I301010 資訊軟體服務業；I301020 資料處理服務業；I301030 電子資訊供應服務業；ZZ99999 除許可業務外，得經營法令非禁止或限制之業務,臺北市,變更,11505
60429951,熙琈未來股份有限公司,臺北市信義區忠孝東路4段563號8樓,楊偉琳,1300000,114/11/17,115/05/08,特殊補正,I301010 資訊軟體服務業；I301020 資料處理服務業；I301030 電子資訊供應服務業；I301060 網路廣告平臺業；I501010 產品設計業；IG02010 研究發展服務業；IG03010 能源技術服務業；F118010 資訊軟體批發業；F119010 電子材料批發業；F218010 資訊軟體零售業,臺北市,變更,11505
60431675,偉創達科股份有限公司,臺北市中山區民權東路3段37號11樓,趙桓履,25000000,114/11/14,115/05/14,特殊補正,F208040 化粧品零售業；I199990 其他顧問服務業；I301020 資料處理服務業；I301030 電子資訊供應服務業；I401010 一般廣告服務業；I501010 產品設計業；ZZ99999 除許可業務外，得經營法令非禁止或限制之業務；F108031 醫療器材批發業；F208031 醫療器材零售業,臺北市,變更,11505
60431838,沛方生醫股份有限公司,臺北市文山區興隆路1段116號,林翰宏,2000000,114/11/14,115/05/20,特殊補正,C110010 飲料製造業；C199990 未分類其他食品製造業；F102040 飲料批發業；F102170 食品什貨批發業；F106020 日常用品批發業；F106060 寵物食品及其用品批發業；F107030 清潔用品批發業；F108040 化粧品批發業；F202010 飼料零售業；F203010 食品什貨、飲料零售業,臺北市,變更,11505
60431865,泛達網通工程股份有限公司,臺北市內湖區洲子街63號4樓,彭琬婷,115000000,114/11/17,115/05/26,董事/監察人持股變動報備,CB01020 事務機器製造業；CC01030 電器及視聽電子產品製造業；CC01040 照明設備製造業；CC01060 有線通信機械器材製造業；CC01070 無線通信機械器材製造業；CC01080 電子零組件製造業；CC01110 電腦及其週邊設備製造業；CC01120 資料儲存媒體製造及複製業；CC01990 其他電機及電子機械器材製造業；CE01010 一般儀器製造業,臺北市,變更,11505
60432920,廣大城有限公司,臺北市中山區長安東路2段81號12樓之1,賴致佑,1000000,114/11/20,115/05/21,減少所營事業變更修正章程,F106010 五金批發業；F111090 建材批發業；F211010 建材零售業；F206010 五金零售業；H706011 租賃住宅代管業；H706021 租賃住宅包租業；I501010 產品設計業；I503010 景觀、室內設計業；E801010 室內裝潢業；ZZ99999 除許可業務外，得經營法令非禁止或限制之業務,臺北市,變更,11505
60433408,諸格量產康股份有限公司,臺北市信義區光復南路495號5樓之4,鍾永德,14500000,114/11/21,115/05/06,增資(資本總額),F102040 飲料批發業；F102170 食品什貨批發業；F104110 布疋、衣著、鞋、帽、傘、服飾品批發業；F105050 家具、寢具、廚房器具、裝設品批發業；F106020 日常用品批發業；F107030 清潔用品批發業；F108040 化粧品批發業；F109070 文教、樂器、育樂用品批發業；F113020 電器批發業；F203010 食品什貨、飲料零售業,臺北市,變更,11505
60433499,標準空調維護管理顧問有限公司,臺北市萬華區中華路1段106號10樓,黃鄧瑋,590000,114/11/21,115/05/19,特殊補正,JA02010 電器及電子產品修理業；F113020 電器批發業；F119010 電子材料批發業；F213010 電器零售業；F219010 電子材料零售業；F401010 國際貿易業；F106040 水器材料批發業；E599010 配管工程業；E603050 自動控制設備工程業；ZZ99999 除許可業務外，得經營法令非禁止或限制之業務,臺北市,變更,11505
60450089,萬事通實業有限公司,臺北市萬華區峨眉街52號8樓,郭沐菲,5000000,114/09/12,115/05/19,特殊補正,F501060 餐館業；F501030 飲料店業；ZZ99999 除許可業務外，得經營法令非禁止或限制之業務,臺北市,變更,11505
60455021,鈞紀有限公司,臺北市信義區永吉路168號8樓,張天眷,29000000,114/10/02,115/05/04,減資,F104110 布疋、衣著、鞋、帽、傘、服飾品批發業；F105050 家具、寢具、廚房器具、裝設品批發業；F106010 五金批發業；F106020 日常用品批發業；F109070 文教、樂器、育樂用品批發業；F204110 布疋、衣著、鞋、帽、傘、服飾品零售業；F205040 家具、寢具、廚房器具、裝設品零售業；F206010 五金零售業；F206020 日常用品零售業；F209060 文教、樂器、育樂用品零售業,臺北市,變更,11505
60455134,童趣島股份有限公司,臺北市中山區松江路293之511號5樓,羅錦諺,1000000,114/10/02,115/05/18,變更組織,F109070 文教、樂器、育樂用品批發業；F118010 資訊軟體批發業；F209060 文教、樂器、育樂用品零售業；F218010 資訊軟體零售業；I301010 資訊軟體服務業；I301020 資料處理服務業；I301030 電子資訊供應服務業；I301060 網路廣告平臺業；I401010 一般廣告服務業；I103060 管理顧問業,臺北市,變更,11505
60455269,台灣亞新世科技有限公司,臺北市大安區忠孝東路4段181巷10弄15號2樓,Michael Crothers,500000,114/10/02,115/05/11,法人股東指(改)派代表人為董事,F118010 資訊軟體批發業；F218010 資訊軟體零售業；I301010 資訊軟體服務業；J399010 軟體出版業；F401010 國際貿易業；ZZ99999 除許可業務外，得經營法令非禁止或限制之業務,臺北市,變更,11505
60456035,哈班有限公司,臺北市中山區南京東路1段13巷7弄2之7號1樓,李率智,512500,114/10/07,115/05/12,股東出資轉讓修正章程,F102170 食品什貨批發業；F203010 食品什貨、飲料零售業；F401010 國際貿易業；F501030 飲料店業；F501060 餐館業；ZZ99999 除許可業務外，得經營法令非禁止或限制之業務,臺北市,變更,11505
60456176,聯齊投資股份有限公司,臺北市大安區建國南路1段161號4樓,林浩元,951557880,114/10/08,115/05/22,一般補正案,I102010 一般投資顧問業；H202010 創業投資業；I103060 管理顧問業；ZZ99999 除許可業務外，得經營法令非禁止或限制之業務,臺北市,變更,11505
60468285,光緻科技股份有限公司,臺北市文山區萬和街8號7樓,楊之逸,20000000,114/11/25,115/05/19,特殊補正,CC01040 照明設備製造業；CC01110 電腦及其週邊設備製造業；CD01060 航空器及其零件製造業；CE01010 一般儀器製造業；CE01030 光學儀器製造業；E603090 照明設備安裝工程業；E605010 電腦設備安裝業；F114070 航空器及其零件批發業；F214070 航空器及其零件零售業；F116010 照相器材批發業,臺北市,變更,11505
60468898,牛大力生技有限公司,臺北市松山區南京東路5段2號3樓,陳仲豪,400000,114/11/25,115/05/20,特殊補正,F102040 飲料批發業；F102170 食品什貨批發業；F203010 食品什貨、飲料零售業；F401010 國際貿易業；I103060 管理顧問業；IG01010 生物技術服務業；IG02010 研究發展服務業；ZZ99999 除許可業務外，得經營法令非禁止或限制之業務,臺北市,變更,11505
60469003,潤銳科技有限公司,臺北市萬華區漢口街2段88號1樓,邱永洵,300000,114/11/25,115/05/12,股東出資轉讓修正章程,I102010 一般投資顧問業；I103060 管理顧問業；I199990 其他顧問服務業；I301010 資訊軟體服務業；I301020 資料處理服務業；F401010 國際貿易業；ZZ99999 除許可業務外，得經營法令非禁止或限制之業務,臺北市,變更,11505
60469025,匯盾物業股份有限公司,臺北市中正區南陽街1號5樓,劉博楷,28000000,114/11/25,115/05/14,特殊補正,I103060 管理顧問業；I199990 其他顧問服務業；I301010 資訊軟體服務業；I301020 資料處理服務業；I301030 電子資訊供應服務業；I301050 實境體感應用服務業；I301060 網路廣告平臺業；I401010 一般廣告服務業；I501010 產品設計業；IG02010 研究發展服務業,臺北市,變更,11505
60469257,成蹊興業有限公司,臺北市中正區羅斯福路2段70號11樓之9,何揾財,1000000,114/11/26,115/05/13,特殊補正,H201010 一般投資業；ZZ99999 除許可業務外，得經營法令非禁止或限制之業務,臺北市,變更,11505
60469340,智能脈動科技股份有限公司,臺北市中山區建國北路2段3巷15號5樓,楊健智,6000000,114/11/27,115/05/12,特殊補正,ZZ99999 除許可業務外，得經營法令非禁止或限制之業務；CC01070 無線通信機械器材製造業；CC01060 有線通信機械器材製造業；CC01080 電子零組件製造業；CC01110 電腦及其週邊設備製造業；CC01120 資料儲存媒體製造及複製業；CC01990 其他電機及電子機械器材製造業；F113030 精密儀器批發業；F113050 電腦及事務性機器設備批發業；F118010 資訊軟體批發業,臺北市,變更,11505
60469833,億樂材料科技股份有限公司,臺北市中山區樂群二路187號8樓之3,陳致遠,202000000,114/11/27,115/05/25,發行新股,C801030 精密化學材料製造業；C801990 其他化學材料製造業；C802990 其他化學製品製造業；ZZ99999 除許可業務外，得經營法令非禁止或限制之業務,臺北市,變更,11505
60469897,程泰控股股份有限公司,臺北市大安區復興南路2段285號10樓,劉沅霖,89000000,114/12/01,115/05/21,特殊補正,H701010 住宅及大樓開發租售業；H701020 工業廠房開發租售業；H701040 特定專業區開發業；H701050 投資興建公共建設業；H701060 新市鎮、新社區開發業；H701080 都市更新重建業；H702010 建築經理業；I101080 工、礦顧問業；I103060 管理顧問業；I102010 一般投資顧問業,臺北市,變更,11505
60470022,信聯開發股份有限公司,臺北市中山區敬業一路99號4樓,鄭余正全,9000000,114/11/27,115/05/26,特殊補正,CC01120 資料儲存媒體製造及複製業；F118010 資訊軟體批發業；F213030 電腦及事務性機器設備零售業；F218010 資訊軟體零售業；H703090 不動產買賣業；H703100 不動產租賃業；I103060 管理顧問業；I301010 資訊軟體服務業；I301020 資料處理服務業；I301030 電子資訊供應服務業,臺北市,變更,11505
60470108,爵穎有限公司,臺北市大安區信義路4段380號2樓,陳穎,3000000,114/11/28,115/05/05,公司所營事業變更修正章程,H201010 一般投資業；I103060 管理顧問業；I199990 其他顧問服務業；ZZ99999 除許可業務外，得經營法令非禁止或限制之業務,臺北市,變更,11505
60470228,塔匹歐卡有限公司,臺北市松山區南京東路四段130號2樓之1,楊皓宇,100000,114/11/28,115/05/28,公司名稱變更修正章程,F102040 飲料批發業；F102170 食品什貨批發業；F203010 食品什貨、飲料零售業；F501030 飲料店業；ZZ99999 除許可業務外，得經營法令非禁止或限制之業務,臺北市,變更,11505
60480865,瑞貝絲國際有限公司,臺北市中山區中山北路2段78之1號2樓,邱憶慧,3000000,114/09/17,115/05/19,公司所營事業變更修正章程,F401010 國際貿易業；F207030 清潔用品零售業；F208040 化粧品零售業；F206020 日常用品零售業；F204110 布疋、衣著、鞋、帽、傘、服飾品零售業；F299990 其他零售業；F399040 無店面零售業；JZ99080 美容美髮服務業；F107030 清潔用品批發業；F108040 化粧品批發業,臺北市,變更,11505
60481040,續翔節能股份有限公司,臺北市中正區杭州南路1段19號11樓,陳振乾,5000000,114/09/17,115/05/18,特殊補正,IG03010 能源技術服務業；E603090 照明設備安裝工程業；E603050 自動控制設備工程業；EZ05010 儀器、儀表安裝工程業；E599010 配管工程業；D401010 熱能供應業；EZ15010 保溫、保冷安裝工程業；IF01010 消防安全設備檢修業；E601010 電器承裝業；E601020 電器安裝業,臺北市,變更,11505
60487543,乖乖國際物流有限公司,臺北市中山區長春路378號4樓,溫志揚,9000000,114/10/08,115/05/19,特殊補正,G402011 海運承攬運送業；G601011 航空貨運承攬業；G701011 報關業；G801010 倉儲業；F401010 國際貿易業；IZ06010 理貨包裝業；ZZ99999 除許可業務外，得經營法令非禁止或限制之業務,臺北市,變更,11505
60489227,兆獅科技股份有限公司,臺北市大安區安和路1段27號15樓,高逸祺,2587500,114/10/15,115/05/19,發行新股,CC01120 資料儲存媒體製造及複製業；E605010 電腦設備安裝業；F113050 電腦及事務性機器設備批發業；F113070 電信器材批發業；F118010 資訊軟體批發業；F119010 電子材料批發業；F213030 電腦及事務性機器設備零售業；F213060 電信器材零售業；F218010 資訊軟體零售業；F219010 電子材料零售業,臺北市,變更,11505
60491595,維京事業有限公司,臺北市大同區延平北路3段120號,劉耿豪,5000000,114/10/17,115/05/04,特殊補正,A102060 糧商業；F203010 食品什貨、飲料零售業；F102170 食品什貨批發業；F203020 菸酒零售業；F204110 布疋、衣著、鞋、帽、傘、服飾品零售業；F104110 布疋、衣著、鞋、帽、傘、服飾品批發業；F205040 家具、寢具、廚房器具、裝設品零售業；F206010 五金零售業；F106010 五金批發業；F206020 日常用品零售業,臺北市,變更,11505
60491602,台灣瑞德智能有限公司,臺北市信義區基隆路1段394號10樓,周毅,5000000,114/10/17,115/05/21,公司所在地,F104110 布疋、衣著、鞋、帽、傘、服飾品批發業；F105050 家具、寢具、廚房器具、裝設品批發業；F106010 五金批發業；F106020 日常用品批發業；F106050 陶瓷玻璃器皿批發業；F109070 文教、樂器、育樂用品批發業；F113020 電器批發業；F113050 電腦及事務性機器設備批發業；F113070 電信器材批發業；F118010 資訊軟體批發業,臺北市,變更,11505
60497182,澤龍智能股份有限公司,臺北市大安區復興南路2段237號13樓,簡禎,1270588,114/11/05,115/05/14,發行新股,F113020 電器批發業；F113050 電腦及事務性機器設備批發業；F113070 電信器材批發業；F118010 資訊軟體批發業；F213010 電器零售業；F213030 電腦及事務性機器設備零售業；F213060 電信器材零售業；F218010 資訊軟體零售業；F401010 國際貿易業；I301010 資訊軟體服務業,臺北市,變更,11505
60497319,威拉洛斯有限公司,臺北市中山區長安東路2段81號3樓之1,張馨文,500000,114/11/06,115/05/15,股東出資轉讓修正章程,F399040 無店面零售業；F215010 首飾及貴金屬零售業；F401010 國際貿易業；I501010 產品設計業；F299990 其他零售業；ZZ99999 除許可業務外，得經營法令非禁止或限制之業務,臺北市,變更,11505
60498324,沛源投資有限公司,臺北市信義區松高路11號25樓,伍倫言,1000000,114/11/17,115/05/22,申登機關變更（遷入，含卷）,H201010 一般投資業；H703090 不動產買賣業；H703100 不動產租賃業；ZZ99999 除許可業務外，得經營法令非禁止或限制之業務,臺北市,變更,11505
60501860,量子電腦有限公司,臺北市大安區敦化南路1段205號2樓之8,邱慧如,200000,114/10/27,115/05/05,特殊補正,E603050 自動控制設備工程業；E605010 電腦設備安裝業；F209060 文教、樂器、育樂用品零售業；F113050 電腦及事務性機器設備批發業；F213030 電腦及事務性機器設備零售業；F218010 資訊軟體零售業；F401010 國際貿易業；I301010 資訊軟體服務業；I301020 資料處理服務業；I301030 電子資訊供應服務業,臺北市,變更,11505
60502299,煥時健康股份有限公司,臺北市大安區復興南路2段210巷9號之1,林思宏,110000000,114/12/03,115/05/06,特殊補正,F104110 布疋、衣著、鞋、帽、傘、服飾品批發業；F105050 家具、寢具、廚房器具、裝設品批發業；F106020 日常用品批發業；F108040 化粧品批發業；F204110 布疋、衣著、鞋、帽、傘、服飾品零售業；F205040 家具、寢具、廚房器具、裝設品零售業；F206020 日常用品零售業；F208040 化粧品零售業；F208050 乙類成藥零售業；F299990 其他零售業,臺北市,變更,11505
60503229,鎏汐有限公司,臺北市大同區民生西路236號2樓,洪文安,120000,114/12/05,115/05/27,特殊補正,I401010 一般廣告服務業；I199990 其他顧問服務業；I301030 電子資訊供應服務業；IZ99990 其他工商服務業；F401010 國際貿易業；F206020 日常用品零售業；F204110 布疋、衣著、鞋、帽、傘、服飾品零售業；F209060 文教、樂器、育樂用品零售業；F205040 家具、寢具、廚房器具、裝設品零售業；F203010 食品什貨、飲料零售業,臺北市,變更,11505
60503255,惠景生技股份有限公司,臺北市內湖區瑞光路188巷48號6樓,鄭金益,3300000,114/12/04,115/05/25,特殊補正,ZZ99999 除許可業務外，得經營法令非禁止或限制之業務；IG01010 生物技術服務業；I199990 其他顧問服務業；IG02010 研究發展服務業；F601010 智慧財產權業；F208050 乙類成藥零售業；IC01010 藥品檢驗業；F401010 國際貿易業；I103060 管理顧問業,臺北市,變更,11505
60503728,藍水數據股份有限公司,臺北市信義區基隆路1段206號18樓,盧敬和,5000000,114/12/08,115/05/06,發行新股,I301010 資訊軟體服務業；I301020 資料處理服務業；I301030 電子資訊供應服務業；ZZ99999 除許可業務外，得經營法令非禁止或限制之業務,臺北市,變更,11505
60503826,數見智能科技股份有限公司,臺北市南港區昆陽街26號13樓,李卓宣,30398550,114/12/08,115/05/25,補繳規費,I301010 資訊軟體服務業；I301020 資料處理服務業；I301030 電子資訊供應服務業；F601010 智慧財產權業；F401010 國際貿易業；I102010 一般投資顧問業；I103060 管理顧問業；I401010 一般廣告服務業；IG02010 研究發展服務業；ZZ99999 除許可業務外，得經營法令非禁止或限制之業務,臺北市,變更,11505
60510116,美商希爾智能股份有限公司,臺北市信義區信義路五段7號57樓之1,楊正祥,1500000,114/12/22,115/05/22,本公司外文名稱變更,E606010 用電設備檢驗維護業；F114070 航空器及其零件批發業；F401010 國際貿易業；I101100 航空顧問業；I301010 資訊軟體服務業；ZZ99999 除許可業務外，得經營法令非禁止或限制之業務,臺北市,變更,11505
60510755,金隼食品有限公司,臺北市大安區信義路4段235號5樓之3,張維軒,5000000,114/09/03,115/05/07,增資,F102170 食品什貨批發業；F203010 食品什貨、飲料零售業；F399040 無店面零售業；F102040 飲料批發業；F102050 茶葉批發業；F105050 家具、寢具、廚房器具、裝設品批發業；F205040 家具、寢具、廚房器具、裝設品零售業；F106020 日常用品批發業；F206020 日常用品零售業；F401010 國際貿易業,臺北市,變更,11505
60510798,集誠伍創業投資股份有限公司,臺北市中山區南京東路3段168號11樓,陳耀金,405100000,114/09/03,115/05/18,特殊補正,H201010 一般投資業；H202010 創業投資業；ZZ99999 除許可業務外，得經營法令非禁止或限制之業務,臺北市,變更,11505
60512917,續齊儲能股份有限公司,臺北市中正區杭州南路1段19號11樓,陳振乾,20000000,114/09/10,115/05/19,特殊補正,D101060 再生能源自用發電設備業；E601010 電器承裝業；E603050 自動控制設備工程業；E606010 用電設備檢驗維護業；F401010 國際貿易業；I103060 管理顧問業；I199990 其他顧問服務業；I301010 資訊軟體服務業；I301030 電子資訊供應服務業；IF04010 非破壞檢測業,臺北市,變更,11505
60513985,世粲有限公司,臺北市松山區民權東路3段144號4樓之7,彭治傑,5192700,114/09/10,115/05/27,特殊補正,F401010 國際貿易業；H201010 一般投資業；H701010 住宅及大樓開發租售業；H703090 不動產買賣業；H703100 不動產租賃業；I102010 一般投資顧問業；I103060 管理顧問業；I199990 其他顧問服務業；ZZ99999 除許可業務外，得經營法令非禁止或限制之業務,臺北市,變更,11505
60514865,宏融能源股份有限公司,臺北市大同區承德路1段17號9樓,林志遠,3000000,114/09/18,115/05/06,特殊補正,E599010 配管工程業；E601010 電器承裝業；E601020 電器安裝業；E603010 電纜安裝工程業；E603050 自動控制設備工程業；E604010 機械安裝業；E605010 電腦設備安裝業；E606010 用電設備檢驗維護業；E607010 太陽熱能設備安裝工程業；E701030 電信管制射頻器材裝設工程業,臺北市,變更,11505
60515941,芊佾投資有限公司,臺北市大同區南京西路163號2樓之52,林欽寶,3000000,114/09/23,115/05/11,特殊補正,H201010 一般投資業,臺北市,變更,11505
60524316,喜吉有限公司,臺北市大安區敦化南路2段98號2樓,游博綸,1000000,114/12/15,115/05/13,申登機關變更（遷入，含卷）,F113050 電腦及事務性機器設備批發業；F213030 電腦及事務性機器設備零售業；F213060 電信器材零售業；F219010 電子材料零售業；F209060 文教、樂器、育樂用品零售業；F299990 其他零售業；F399040 無店面零售業；ZZ99999 除許可業務外，得經營法令非禁止或限制之業務,臺北市,變更,11505
60529023,大仙有限公司,臺北市北投區中央南路2段16之2號1樓,李心瑩,3000000,114/11/07,115/05/12,特殊補正,C399990 其他紡織及製品製造業；C306010 成衣業；C307010 服飾品製造業；CN01010 家具及裝設品製造業；F104110 布疋、衣著、鞋、帽、傘、服飾品批發業；F204110 布疋、衣著、鞋、帽、傘、服飾品零售業；F105050 家具、寢具、廚房器具、裝設品批發業；F205040 家具、寢具、廚房器具、裝設品零售業；F106020 日常用品批發業；F206020 日常用品零售業,臺北市,變更,11505
60529071,芮旺生醫股份有限公司,臺北市中正區北平東路36號7樓,陳柏亘,27000000,114/11/07,115/05/08,特殊補正,F102170 食品什貨批發業；F107200 化學原料批發業；F108040 化粧品批發業；F113020 電器批發業；F113030 精密儀器批發業；F203010 食品什貨、飲料零售業；F207200 化學原料零售業；F208040 化粧品零售業；F208050 乙類成藥零售業；F213010 電器零售業,臺北市,變更,11505
60529234,杏美館股份有限公司,臺北市中山區敬業一路160號3樓,黃秋香,486500000,114/11/10,115/05/05,增資(資本總額),H703110 老人住宅業；F401010 國際貿易業；ZZ99999 除許可業務外，得經營法令非禁止或限制之業務,臺北市,變更,11505
60529298,宏閣投資股份有限公司,臺北市中正區延平南路70號8樓之3,徐碧蓮,20000000,114/11/10,115/05/11,特殊補正,H201010 一般投資業,臺北市,變更,11505
60529635,台北匹克球俱樂部股份有限公司,臺北市中山區長春路17號4樓,陳允懋,75000000,114/11/11,115/05/19,補繳規費,J801030 競技及休閒運動場館業；J802010 運動訓練業；EZ14010 運動場地用設備工程業；F203010 食品什貨、飲料零售業；F203020 菸酒零售業；F501060 餐館業；F204110 布疋、衣著、鞋、帽、傘、服飾品零售業；F209060 文教、樂器、育樂用品零售業；ZZ99999 除許可業務外，得經營法令非禁止或限制之業務,臺北市,變更,11505
60529760,哈曜整合行銷有限公司,臺北市中山區錦州街46號9樓之1,莊婷惠,500000,114/11/12,115/05/22,特殊補正,I401010 一般廣告服務業；I301060 網路廣告平臺業；IZ15010 市場研究及民意調查業；I103060 管理顧問業；I199990 其他顧問服務業；I301010 資訊軟體服務業,臺北市,變更,11505
60530247,磐毅建設開發股份有限公司,臺北市中山區新生北路1段59之1號1樓,林義棨,52720000,114/11/13,115/05/28,特殊補正,H701010 住宅及大樓開發租售業；H701040 特定專業區開發業；H701050 投資興建公共建設業；H701060 新市鎮、新社區開發業；H701070 區段徵收及市地重劃代辦業；H701080 都市更新重建業；H701090 都市更新整建維護業；H702010 建築經理業；H703090 不動產買賣業；H703100 不動產租賃業,臺北市,變更,11505
60541568,華馳人工智慧股份有限公司,臺北市士林區中山北路5段718號2樓,歐瑋宸,1700000,114/10/28,115/05/21,補繳規費,F118010 資訊軟體批發業；F218010 資訊軟體零售業；I103060 管理顧問業；I199990 其他顧問服務業；I301010 資訊軟體服務業；I301020 資料處理服務業；I301030 電子資訊供應服務業；I301060 網路廣告平臺業；I401010 一般廣告服務業；I501010 產品設計業,臺北市,變更,11505
60541883,卡吉企劃有限公司,臺北市中正區開封街1段37號11樓,鍛治剛(KAJI GO),1500000,114/10/29,115/05/25,特殊補正,F399040 無店面零售業；F102170 食品什貨批發業；F106020 日常用品批發業；F106010 五金批發業；F199990 其他批發業；F203010 食品什貨、飲料零售業；F206020 日常用品零售業；F206010 五金零售業；F299990 其他零售業；F399990 其他綜合零售業,臺北市,變更,11505
60541912,艾瑞思亞洲投資控股有限公司,臺北市信義區忠孝東路5段1號2樓,黃啓賢,500000,114/10/29,115/05/12,公司所營事業變更修正章程,H201010 一般投資業；H703100 不動產租賃業；ZZ99999 除許可業務外，得經營法令非禁止或限制之業務,臺北市,變更,11505
60542166,御符遊戲股份有限公司,臺北市中山區南京東路2段160號7樓,呂鴻桔,117647,114/10/30,115/05/22,特殊補正,J399010 軟體出版業；J404010 動畫影片製作業；F118010 資訊軟體批發業；F218010 資訊軟體零售業；F109070 文教、樂器、育樂用品批發業；F209060 文教、樂器、育樂用品零售業；F399040 無店面零售業；F401010 國際貿易業；I401010 一般廣告服務業；J305010 有聲出版業,臺北市,變更,11505
60543019,若隱股份有限公司,臺北市松山區光復北路11巷35號11樓,馬天宗,2510000,114/11/03,115/05/21,修正章程,CC01120 資料儲存媒體製造及複製業；E601010 電器承裝業；E603090 照明設備安裝工程業；E604010 機械安裝業；E605010 電腦設備安裝業；E701020 衛星電視ＫＵ頻道、Ｃ頻道器材安裝業；E701030 電信管制射頻器材裝設工程業；E801010 室內裝潢業；EZ05010 儀器、儀表安裝工程業；EZ14010 運動場地用設備工程業,臺北市,變更,11505
60543806,優步台灣支付股份有限公司,臺北市信義區基隆路1段206號18樓,蔡希彤,26000000,114/06/27,115/05/14,特殊補正,I301020 資料處理服務業；I301010 資訊軟體服務業；I301030 電子資訊供應服務業；I301040 第三方支付服務業；I401010 一般廣告服務業；IZ13010 網路認證服務業；IZ99990 其他工商服務業；F399040 無店面零售業；F399990 其他綜合零售業；ZZ99999 除許可業務外，得經營法令非禁止或限制之業務,臺北市,變更,11505
60543904,澳悅生活股份有限公司,臺北市信義區忠孝東路5段510號18樓之2,呂有倫,500000,114/06/27,115/05/12,特殊補正,F401010 國際貿易業；H201010 一般投資業；H701010 住宅及大樓開發租售業；H701020 工業廠房開發租售業；H703090 不動產買賣業；H703100 不動產租賃業；HZ99990 其他金融、保險及不動產業；I102010 一般投資顧問業；I103060 管理顧問業；I199990 其他顧問服務業,臺北市,變更,11505
60544100,摩根斯科特有限公司,臺北市士林區忠誠路1段129號1樓,林摩根,100000,114/07/01,115/05/27,特殊補正,I103060 管理顧問業；IG03010 能源技術服務業；I102010 一般投資顧問業；I199990 其他顧問服務業；IZ99990 其他工商服務業；JZ99990 未分類其他服務業；ZZ99999 除許可業務外，得經營法令非禁止或限制之業務,臺北市,變更,11505
60548062,灃熙貿易有限公司,臺北市大安區復興南路1段126巷1號2樓之1,卓自強,2000000,114/07/02,115/05/08,特殊補正,C306010 成衣業；C307010 服飾品製造業；C399990 其他紡織及製品製造業；F102030 菸酒批發業；F102040 飲料批發業；F102170 食品什貨批發業；F104110 布疋、衣著、鞋、帽、傘、服飾品批發業；F105050 家具、寢具、廚房器具、裝設品批發業；F108040 化粧品批發業；F109070 文教、樂器、育樂用品批發業,臺北市,變更,11505
60550067,盈錢科技股份有限公司,臺北市信義區東興路41號10樓,巫盈助,6600000,114/07/08,115/05/14,特殊補正,I102010 一般投資顧問業；I103060 管理顧問業；I301030 電子資訊供應服務業；I301010 資訊軟體服務業；I301020 資料處理服務業；I401010 一般廣告服務業；I501010 產品設計業；EZ05010 儀器、儀表安裝工程業；E605010 電腦設備安裝業；E701010 電信工程業,臺北市,變更,11505
60550257,誠灝資本股份有限公司,臺北市內湖區星雲街16巷63號12樓,王碩鋒,10500000,114/07/08,115/05/05,特殊補正,H201010 一般投資業；I102010 一般投資顧問業；I103060 管理顧問業；I199990 其他顧問服務業；ZZ99999 除許可業務外，得經營法令非禁止或限制之業務,臺北市,變更,11505
60559834,永泰智聯顧問股份有限公司,臺北市大安區光復南路102號6樓,章鈿,1200000,114/08/05,115/05/04,公司名稱變更修正章程,F401010 國際貿易業；I102010 一般投資顧問業；I103060 管理顧問業；I199990 其他顧問服務業；I301010 資訊軟體服務業；IB01010 建築物公共安全檢查業；IC01010 藥品檢驗業；IF01010 消防安全設備檢修業；IF04010 非破壞檢測業；IG01010 生物技術服務業,臺北市,變更,11505
60560071,山暉投資股份有限公司,臺北市松山區八德路3段32號16樓,王雅萱,100000,114/08/05,115/05/04,董事/監察人持股變動報備,ZZ99999 除許可業務外，得經營法令非禁止或限制之業務；H201010 一般投資業；I102010 一般投資顧問業；I103060 管理顧問業；I199990 其他顧問服務業；H202010 創業投資業；J101050 環境檢測服務業；HZ99990 其他金融、保險及不動產業；F401010 國際貿易業；IG03010 能源技術服務業,臺北市,變更,11505
60560608,有福智能科技有限公司,臺北市中山區植福路308號3樓之3,黃冠淳,10000000,114/08/07,115/05/29,增資,I301030 電子資訊供應服務業；I301010 資訊軟體服務業；I301020 資料處理服務業；F401010 國際貿易業；IZ99990 其他工商服務業；ZZ99999 除許可業務外，得經營法令非禁止或限制之業務,臺北市,變更,11505
60561183,貓咪反攻地球股份有限公司,臺北市大安區信義路4段210號11樓,李任曦,11593590,114/08/08,115/05/13,特殊補正,F102170 食品什貨批發業；F103010 飼料批發業；F104110 布疋、衣著、鞋、帽、傘、服飾品批發業；F106020 日常用品批發業；F106060 寵物食品及其用品批發業；F107030 清潔用品批發業；F107070 動物用藥品批發業；F202010 飼料零售業；F203010 食品什貨、飲料零售業；F204110 布疋、衣著、鞋、帽、傘、服飾品零售業,臺北市,變更,11505
60561775,仟瓦能源有限公司,臺北市內湖區康寧路3段189巷50號2樓,盧吉勇,3000000,114/08/11,115/05/08,特殊補正,CC01010 發電、輸電、配電機械製造業；D401010 熱能供應業；E599010 配管工程業；E601020 電器安裝業；E603010 電纜安裝工程業；E603040 消防安全設備安裝工程業；E603050 自動控制設備工程業；E603090 照明設備安裝工程業；E604010 機械安裝業；E605010 電腦設備安裝業,臺北市,變更,11505
60566146,虎億金有限公司,臺北市中正區館前路2號12樓,林欣諭,4000000,114/08/27,115/05/05,增資,F299990 其他零售業；F399040 無店面零售業；I301010 資訊軟體服務業；I301020 資料處理服務業；IZ99990 其他工商服務業；J799990 其他休閒服務業；JZ99050 仲介服務業；ZZ99999 除許可業務外，得經營法令非禁止或限制之業務,臺北市,變更,11505
60567779,雲山水由布院休閒管理顧問股份有限公司,臺北市內湖區瑞光路168號9樓,葉俊良,30000000,114/03/28,115/05/05,特殊補正,H201010 一般投資業；H703090 不動產買賣業；H703100 不動產租賃業；I102010 一般投資顧問業；I103060 管理顧問業；I105010 藝術品諮詢顧問業；I199990 其他顧問服務業；I401010 一般廣告服務業；I501010 產品設計業；IZ12010 人力派遣業,臺北市,變更,11505
60567877,捷訊資安有限公司,臺北市中山區吉林路24號3樓之6,陳月桃,1000000,114/08/18,115/05/15,增資,E605010 電腦設備安裝業；F113050 電腦及事務性機器設備批發業；F118010 資訊軟體批發業；F213030 電腦及事務性機器設備零售業；F218010 資訊軟體零售業；F401010 國際貿易業；F601010 智慧財產權業；I103060 管理顧問業；I199990 其他顧問服務業；I301010 資訊軟體服務業,臺北市,變更,11505
60569122,不惑堂顧問有限公司,臺北市松山區復興北路201號10樓,羅名儒,3000000,114/08/28,115/05/06,特殊補正,I103060 管理顧問業；I105010 藝術品諮詢顧問業；I199990 其他顧問服務業；F209060 文教、樂器、育樂用品零售業；F399990 其他綜合零售業；I501010 產品設計業；I599990 其他設計業；J202010 產業育成業；J601010 藝文服務業；JI01010 互動式情境體驗服務業,臺北市,變更,11505
60581738,康寓管理顧問股份有限公司,臺北市大同區重慶北路2段40號,林雨軒,1000000,114/07/16,115/05/20,特殊補正,I103060 管理顧問業；I199990 其他顧問服務業；I301010 資訊軟體服務業；I301020 資料處理服務業；I301030 電子資訊供應服務業；IG02010 研究發展服務業；J202010 產業育成業；F105050 家具、寢具、廚房器具、裝設品批發業；F106010 五金批發業；F107010 漆料、塗料批發業,臺北市,變更,11505
60583406,祈馥國際顧問有限公司,臺北市松山區南京東路5段356號8樓之1,洪祈,7000000,114/06/27,115/05/11,特殊補正,I102010 一般投資顧問業；I103060 管理顧問業；I199990 其他顧問服務業；I301010 資訊軟體服務業；IZ99990 其他工商服務業；JB01010 會議及展覽服務業；JZ99050 仲介服務業；F401010 國際貿易業；ZZ99999 除許可業務外，得經營法令非禁止或限制之業務,臺北市,變更,11505
60586375,雅伈有限公司,臺北市信義區忠孝東路5段1之8號2樓,梁武琮,1001000,114/07/28,115/05/06,特殊補正,F104110 布疋、衣著、鞋、帽、傘、服飾品批發業；F106010 五金批發業；F106020 日常用品批發業；F108040 化粧品批發業；F109070 文教、樂器、育樂用品批發業；F204110 布疋、衣著、鞋、帽、傘、服飾品零售業；F206010 五金零售業；F206020 日常用品零售業；F208040 化粧品零售業；F209060 文教、樂器、育樂用品零售業,臺北市,變更,11505
60587120,基因線上顧問股份有限公司,臺北市大安區忠孝東路4段270號14樓之1,黃富楠,3000000,114/07/17,115/05/13,公司所營事業變更修正章程,H201010 一般投資業；I102010 一般投資顧問業；I103060 管理顧問業；I105010 藝術品諮詢顧問業；I199990 其他顧問服務業；I301010 資訊軟體服務業；I301020 資料處理服務業；I301030 電子資訊供應服務業；I401010 一般廣告服務業；I501010 產品設計業,臺北市,變更,11505
60587135,中聯重工股份有限公司,臺北市內湖區新明路428巷8號1樓,黃仕豪,10000000,114/07/17,115/05/25,發行新股,CB01010 機械設備製造業；E604010 機械安裝業；E606010 用電設備檢驗維護業；EZ02010 起重工程業；F113010 機械批發業；F113020 電器批發業；F113030 精密儀器批發業；F113050 電腦及事務性機器設備批發業；F113990 其他機械器具批發業；F114990 其他交通運輸工具及其零件批發業,臺北市,變更,11505
60587178,健康版圖國際股份有限公司,臺北市大安區光復南路438號9樓,陳奕伸,7000000,114/07/17,115/05/27,特殊補正,F101040 家畜家禽批發業；F101050 水產品批發業；F102040 飲料批發業；F102050 茶葉批發業；F102170 食品什貨批發業；F201010 農產品零售業；F201020 畜產品零售業；F201030 水產品零售業；F203010 食品什貨、飲料零售業；F501030 飲料店業,臺北市,變更,11505
60587487,光循綠能有限公司,臺北市信義區基隆路1段143號11樓之4,吳芷竹,6000000,114/07/21,115/05/04,補繳規費,F213040 精密儀器零售業；F213080 機械器具零售業；F213990 其他機械器具零售業；F401010 國際貿易業；D101060 再生能源自用發電設備業；IG03010 能源技術服務業；H201010 一般投資業；H202010 創業投資業；I102010 一般投資顧問業；I103060 管理顧問業,臺北市,變更,11505
60587579,泌未來生醫股份有限公司,臺北市中山區植福路308號4樓之9,陳漠錏,5000000,114/07/22,115/05/13,增資(資本總額),C199990 未分類其他食品製造業；C802100 化粧品製造業；F102040 飲料批發業；F102170 食品什貨批發業；F108040 化粧品批發業；F113050 電腦及事務性機器設備批發業；F203010 食品什貨、飲料零售業；F208040 化粧品零售業；F213030 電腦及事務性機器設備零售業；F399040 無店面零售業,臺北市,變更,11505
60587584,米諾股份有限公司,臺北市大安區東豐街53號1樓,RAJMIEL YUVAL,500000,114/07/21,115/05/22,特殊補正,F501060 餐館業；F501990 其他餐飲業；F501030 飲料店業；I101090 食品顧問業；I103060 管理顧問業；I102010 一般投資顧問業；F401010 國際貿易業；F204110 布疋、衣著、鞋、帽、傘、服飾品零售業；F206010 五金零售業；F203010 食品什貨、飲料零售業,臺北市,變更,11505
60588107,聚泓資本股份有限公司,臺北市松山區復興北路191號16樓,謝明彧,31500000,114/07/22,115/05/12,特殊補正,H201010 一般投資業,臺北市,變更,11505
60594179,高進投資有限公司,臺北市信義區松山路278號15樓,林融文,7000000,114/08/14,115/05/08,公司所營事業變更修正章程,H201010 一般投資業；I102010 一般投資顧問業；I103060 管理顧問業；H701010 住宅及大樓開發租售業；H701020 工業廠房開發租售業；H703090 不動產買賣業；H703100 不動產租賃業；JZ99050 仲介服務業；I401010 一般廣告服務業；ZZ99999 除許可業務外，得經營法令非禁止或限制之業務,臺北市,變更,11505
60599300,華峰電子有限公司,臺北市中山區南京東路3段201號3樓,黃鐘毅,2000000,114/08/19,115/05/18,特殊補正,CC01080 電子零組件製造業；I501010 產品設計業；I301010 資訊軟體服務業；F401010 國際貿易業,臺北市,變更,11505
60599815,旅屋宿泊有限公司,臺北市大安區忠孝東路4段169號11樓之4,黃緒舜,11660210,114/08/20,115/05/04,增資,H201010 一般投資業；ZZ99999 除許可業務外，得經營法令非禁止或限制之業務,臺北市,變更,11505
60601782,巴克立有限公司,臺北市大安區安和路1段127巷12號,詹大衛,100000,114/09/05,115/05/20,特殊補正,F108040 化粧品批發業；F399040 無店面零售業；F401010 國際貿易業；JZ99080 美容美髮服務業；JZ99990 未分類其他服務業；J799990 其他休閒服務業,臺北市,變更,11505
60603260,瑞騰資產管理有限公司,臺北市中山區松江路3號13樓之2,徐進安,25000000,114/09/12,115/05/18,申登機關變更（遷入，含卷）,H201010 一般投資業；H202010 創業投資業；H204010 私募股權投資業；HZ02010 金融機構金錢債權收買業務；HZ99990 其他金融、保險及不動產業；I102010 一般投資顧問業；I103060 管理顧問業；JZ99050 仲介服務業；ZZ99999 除許可業務外，得經營法令非禁止或限制之業務,臺北市,變更,11505
60605534,潤耘投資股份有限公司,臺北市大安區忠孝東路4段2號6樓之3,王信硯,1000000,114/06/11,115/05/27,特殊補正,A401060 其他動物服務業；B601010 土石採取業；C201020 寵物食品製造業；C802060 動物用藥製造業；C802070 農藥製造業；C802080 環境用藥製造業；C802090 清潔用品製造業；C802100 化粧品製造業；C802110 化粧品色素製造業；C802120 工業助劑製造業,臺北市,變更,11505
60605561,台北神采金飾有限公司,臺北市中正區臨沂街56之2號1樓,林采璇,100000,114/06/11,115/05/14,特殊補正,F399040 無店面零售業；F115010 首飾及貴金屬批發業；F215010 首飾及貴金屬零售業；F401010 國際貿易業,臺北市,變更,11505
60605892,拉朵蕾股份有限公司,臺北市信義區信義路5段150巷2號17樓之5,李界羲,100000,114/06/12,115/05/21,特殊補正,F203010 食品什貨、飲料零售業；F102040 飲料批發業；F102170 食品什貨批發業；F501030 飲料店業；F501060 餐館業；F102050 茶葉批發業；F205040 家具、寢具、廚房器具、裝設品零售業；F105050 家具、寢具、廚房器具、裝設品批發業；F206020 日常用品零售業；F106020 日常用品批發業,臺北市,變更,11505
60605915,紅檜松股份有限公司,臺北市中山區松江路50號9樓,楊敦熙,1000000,114/06/12,115/05/19,公司所在地,H201010 一般投資業,臺北市,變更,11505
60606870,騏壹室內裝修設計有限公司,臺北市南港區忠孝東路7段601號,蔡智騏,500000,114/06/16,115/05/13,公司名稱變更修正章程,E801010 室內裝潢業；I503010 景觀設計業；E901010 油漆工程業；E801070 廚具、衛浴設備安裝工程業；E601010 電器承裝業；F106010 五金批發業；F111090 建材批發業；F401010 國際貿易業；IZ06010 理貨包裝業；ZZ99999 除許可業務外，得經營法令非禁止或限制之業務,臺北市,變更,11505
60606999,格新智匯股份有限公司,臺北市中正區開封街1段37號5樓,張凱傑,65526193,114/06/17,115/05/28,特殊補正,I301010 資訊軟體服務業；I301020 資料處理服務業；I301030 電子資訊供應服務業；ZZ99999 除許可業務外，得經營法令非禁止或限制之業務,臺北市,變更,11505
60607168,富麗橙建設股份有限公司,臺北市中山區長春路40號6樓之4,洪邦珀,25000000,114/06/17,115/05/29,公司所在地,H701010 住宅及大樓開發租售業；H701020 工業廠房開發租售業；H701040 特定專業區開發業；H701050 投資興建公共建設業；H701060 新市鎮、新社區開發業；H701070 區段徵收及市地重劃代辦業；H701080 都市更新重建業；H701090 都市更新整建維護業；H702010 建築經理業；H703090 不動產買賣業,臺北市,變更,11505
60607408,小芋頭有限公司,臺北市中正區館前路20號5樓,陳俊逸,100000,114/06/18,115/05/26,特殊補正,F401010 國際貿易業；I102010 一般投資顧問業；I103060 管理顧問業；F399040 無店面零售業；F102170 食品什貨批發業；F203010 食品什貨、飲料零售業；ZZ99999 除許可業務外，得經營法令非禁止或限制之業務,臺北市,變更,11505
60613422,巴哈馬商鴻遠資本股份有限公司,臺北市大安區仁愛路四段25之1號3樓,林宗漢,250000000,114/07/21,115/05/11,改派在中華民國境內負責人變更登記,H201010 一般投資業；I102010 一般投資顧問業；I103060 管理顧問業；ZZ99999 除許可業務外，得經營法令非禁止或限制之業務,臺北市,變更,11505
60616286,時刻智能國際有限公司,臺北市松山區南京東路4段56號7樓之4,劉妍庭,2500000,114/08/04,115/05/21,增資,F109070 文教、樂器、育樂用品批發業；F118010 資訊軟體批發業；F209060 文教、樂器、育樂用品零售業；F218010 資訊軟體零售業；F399040 無店面零售業；F399990 其他綜合零售業；F401010 國際貿易業；I103060 管理顧問業；I199990 其他顧問服務業；I301010 資訊軟體服務業,臺北市,變更,11505
60617736,鷹皇娛樂傳媒股份有限公司,臺北市大同區延平北路3段18巷42之1號3樓,吳俊儀,1000000,114/07/22,115/05/29,特殊補正,F109070 文教、樂器、育樂用品批發業；F113050 電腦及事務性機器設備批發業；F118010 資訊軟體批發業；F399040 無店面零售業；F601010 智慧財產權業；I199990 其他顧問服務業；I301010 資訊軟體服務業；I301020 資料處理服務業；I301030 電子資訊供應服務業；I501010 產品設計業,臺北市,變更,11505
60618783,串串數據股份有限公司,臺北市信義區松山路421號11樓之4,陳聖文,2000000,114/07/28,115/05/04,特殊補正,F118010 資訊軟體批發業；I301020 資料處理服務業；F218010 資訊軟體零售業；F601010 智慧財產權業；I103060 管理顧問業；I301010 資訊軟體服務業；I301030 電子資訊供應服務業；IZ13010 網路認證服務業；J399010 軟體出版業；F119010 電子材料批發業,臺北市,變更,11505
60619137,森曜教育股份有限公司,臺北市大安區大安路1段191號6樓之1,李韋皓,1300000,114/07/29,115/05/05,補繳規費,I103060 管理顧問業；I199990 其他顧問服務業；I301010 資訊軟體服務業；I301020 資料處理服務業；I301030 電子資訊供應服務業；F118010 資訊軟體批發業；F218010 資訊軟體零售業；JI01010 互動式情境體驗服務業；J202010 產業育成業；ZZ99999 除許可業務外，得經營法令非禁止或限制之業務,臺北市,變更,11505
60619283,存皓有限公司,臺北市士林區承德路4段188號3樓,鄭欽化,2000000,114/07/30,115/05/05,特殊補正,F102170 食品什貨批發業；F106020 日常用品批發業；F108040 化粧品批發業；F203010 食品什貨、飲料零售業；F208040 化粧品零售業；F399040 無店面零售業；F401010 國際貿易業；ZZ99999 除許可業務外，得經營法令非禁止或限制之業務,臺北市,變更,11505
60619312,如寄國際香氛有限公司,臺北市中正區八德路1段30號3樓,黃梓晉Wong Tsz Chun,1000000,114/07/30,115/05/08,補繳規費,F401010 國際貿易業；F399040 無店面零售業；F108040 化粧品批發業；F208040 化粧品零售業；F207030 清潔用品零售業；F107030 清潔用品批發業；I501010 產品設計業；ZZ99999 除許可業務外，得經營法令非禁止或限制之業務,臺北市,變更,11505
60638612,潤德林有限公司,臺北市中正區羅斯福路4段68號7樓之10,蘇彥丞,1000000,114/06/18,115/05/18,特殊補正,F111090 建材批發業；F211010 建材零售業；F106010 五金批發業；F206010 五金零售業；E801020 門窗安裝工程業；E801030 室內輕鋼架工程業；E801040 玻璃安裝工程業；E901010 油漆工程業；E903010 防蝕、防銹工程業；EZ99990 其他工程業,臺北市,變更,11505
60638893,淳晶有限公司,臺北市萬華區青年路166號5樓之1,高國峯,500000,114/06/18,115/05/26,特殊補正,H201010 一般投資業；H202010 創業投資業；H701010 住宅及大樓開發租售業；H701050 投資興建公共建設業；H703090 不動產買賣業；H703100 不動產租賃業；HZ99990 其他金融、保險及不動產業；I102010 一般投資顧問業；I401010 一般廣告服務業；I103060 管理顧問業,臺北市,變更,11505
60638958,星橋創媒股份有限公司,臺北市大安區大安路1段191號6樓之1,陳俊良,7759701,114/06/19,115/05/15,特殊補正,F401010 國際貿易業；I102010 一般投資顧問業；I103060 管理顧問業；I301010 資訊軟體服務業；I401010 一般廣告服務業；IZ12010 人力派遣業；J202010 產業育成業；JZ99050 仲介服務業；ZZ99999 除許可業務外，得經營法令非禁止或限制之業務,臺北市,變更,11505
60639160,台灣西松屋股份有限公司,臺北市大同區南京西路41號8樓之8,河野耕太郎,230000000,114/06/19,115/05/07,增資(資本總額),C102010 乳品製造業；C103050 罐頭、冷凍、脫水及醃漬食品製造業；C104010 糖果製造業；C104020 烘焙炊蒸食品製造業；C110010 飲料製造業；C199990 未分類其他食品製造業；C307010 服飾品製造業；C399990 其他紡織及製品製造業；C802090 清潔用品製造業；C802100 化粧品製造業,臺北市,變更,11505
60639719,儀式感創意有限公司,臺北市大安區忠孝東路4段250號11樓之1,陳擷式,2000000,114/06/20,115/05/28,股東出資轉讓修正章程,E599010 配管工程業；E601010 電器承裝業；E601020 電器安裝業；E801010 室內裝潢業；E801020 門窗安裝工程業；E801030 室內輕鋼架工程業；E801040 玻璃安裝工程業；E801070 廚具、衛浴設備安裝工程業；E901010 油漆工程業；F105050 家具、寢具、廚房器具、裝設品批發業,臺北市,變更,11505
60639725,索能煦曜科技股份有限公司,臺北市中正區忠孝東路1段49巷17號3樓,米牧璁,1000000,114/06/23,115/05/26,特殊補正,D101060 再生能源自用發電設備業；E601020 電器安裝業；E603050 自動控制設備工程業；E604010 機械安裝業；IG03010 能源技術服務業；F113010 機械批發業；F213080 機械器具零售業；F113990 其他機械器具批發業；F213990 其他機械器具零售業；F113050 電腦及事務性機器設備批發業,臺北市,變更,11505
60639751,艾凡思生技顧問股份有限公司,臺北市松山區敦化南路1段2號6樓,Gregory Charles Vella,100000,114/06/20,115/05/28,公司所在地,F108021 西藥批發業；F208021 西藥零售業；IZ15010 市場研究及民意調查業；IG01010 生物技術服務業；I103060 管理顧問業；IC01010 藥品檢驗業；F601010 智慧財產權業；ZZ99999 除許可業務外，得經營法令非禁止或限制之業務,臺北市,變更,11505
60640146,啟味餐飲有限公司,臺北市大安區敦化南路1段190巷48號1樓,賈知樵,3000000,114/06/23,115/05/19,特殊補正,F101050 水產品批發業；F102030 菸酒批發業；F102040 飲料批發業；F102170 食品什貨批發業；F113020 電器批發業；F203010 食品什貨、飲料零售業；F203020 菸酒零售業；F206020 日常用品零售業；F207030 清潔用品零售業；F208040 化粧品零售業,臺北市,變更,11505
60640167,一般無人機服務股份有限公司,臺北市內湖區堤頂大道2段407巷20弄39號5樓,段書元,2222220,114/06/24,115/05/05,特殊補正,F107030 清潔用品批發業；F107990 其他化學製品批發業；F118010 資訊軟體批發業；F119010 電子材料批發業；F199990 其他批發業；F207030 清潔用品零售業；F207990 其他化學製品零售業；F218010 資訊軟體零售業；F219010 電子材料零售業；I301010 資訊軟體服務業,臺北市,變更,11505
60640407,龍丞創新有限公司,臺北市松山區八德路4段123號5樓之4,KOO SHANG HSIU,500000,114/06/24,115/05/19,公司所營事業變更修正章程,H201010 一般投資業；I103060 管理顧問業,臺北市,變更,11505
60640461,智聯城有限公司,臺北市南港區忠孝東路6段374號1樓,李沅鴻,2000000,114/06/24,115/05/07,股東出資轉讓修正章程,F213060 電信器材零售業；IE01010 電信業務門號代辦業；F203010 食品什貨、飲料零售業；F206020 日常用品零售業；F208040 化粧品零售業；F209060 文教、樂器、育樂用品零售業；F213010 電器零售業；F213030 電腦及事務性機器設備零售業；ZZ99999 除許可業務外，得經營法令非禁止或限制之業務,臺北市,變更,11505
60645260,美台生技股份有限公司,臺北市內湖區基湖路35巷16號7樓之2,鄭瑞勳,10000000,114/06/30,115/05/13,公司所在地,F401010 國際貿易業；H201010 一般投資業；H701010 住宅及大樓開發租售業；H703100 不動產租賃業；IG01010 生物技術服務業；F102170 食品什貨批發業；F203010 食品什貨、飲料零售業；ZZ99999 除許可業務外，得經營法令非禁止或限制之業務,臺北市,變更,11505
60645727,聚心澤股份有限公司,臺北市中山區松江路50號9樓,邱珏欣,400000,114/07/01,115/05/19,公司所在地,H201010 一般投資業,臺北市,變更,11505
60646140,艾石資本有限公司,臺北市中山區松江路200號9樓之1,紀元,200000,114/07/02,115/05/15,特殊補正,I401010 一般廣告服務業；I401020 廣告傳單分送業；F401010 國際貿易業；I103060 管理顧問業；JZ99990 未分類其他服務業；JB01010 會議及展覽服務業；F118010 資訊軟體批發業；I301010 資訊軟體服務業；I102010 一般投資顧問業；I199990 其他顧問服務業,臺北市,變更,11505
60656202,奧梵國際有限公司,臺北市松山區南京東路4段197號7樓,蕭瀚丞,2500000,114/08/01,115/05/18,增資,H201010 一般投資業；H202010 創業投資業；I102010 一般投資顧問業；I103060 管理顧問業；I301010 資訊軟體服務業；I301020 資料處理服務業；I301030 電子資訊供應服務業；F102170 食品什貨批發業；F203010 食品什貨、飲料零售業；F399040 無店面零售業,臺北市,變更,11505
60656478,優食力股份有限公司,臺北市士林區天母西路13巷12號1樓,林雅芳,8000000,114/08/01,115/05/04,特殊補正,C199030 即食餐食製造業；I101090 食品顧問業；ZZ99999 除許可業務外，得經營法令非禁止或限制之業務,臺北市,變更,11505
60656771,輕健健康管理顧問股份有限公司,臺北市北投區石牌路1段66號,劉寰昌,6900000,114/08/04,115/05/05,特殊補正,J802010 運動訓練業；F104110 布疋、衣著、鞋、帽、傘、服飾品批發業；F204110 布疋、衣著、鞋、帽、傘、服飾品零售業；F109070 文教、樂器、育樂用品批發業；F209060 文教、樂器、育樂用品零售業；F102170 食品什貨批發業；F102040 飲料批發業；F203010 食品什貨、飲料零售業；F118010 資訊軟體批發業；F218010 資訊軟體零售業,臺北市,變更,11505
60661367,微元資本有限公司,臺北市大安區復興南路2段237號13樓,李柔嫺,3980000,114/08/21,115/05/07,減少所營事業變更修正章程,H201010 一般投資業,臺北市,變更,11505
60661964,智富技術顧問有限公司,臺北市信義區松德路200巷10號6樓,廖辰瑀,100000,114/08/22,115/05/19,特殊補正,I102010 一般投資顧問業；I103060 管理顧問業；IG03010 能源技術服務業；D101060 再生能源自用發電設備業；F601010 智慧財產權業；H201010 一般投資業；ZZ99999 除許可業務外，得經營法令非禁止或限制之業務,臺北市,變更,11505
60662014,合盈生技顧問有限公司,臺北市信義區基隆路1段380巷38號11樓之１,黃懿維,5000000,114/08/22,115/05/14,特殊補正,I103060 管理顧問業；IG01010 生物技術服務業；I101090 食品顧問業；I199990 其他顧問服務業；JZ99050 仲介服務業；IZ12010 人力派遣業；F102170 食品什貨批發業；F203010 食品什貨、飲料零售業；F106020 日常用品批發業；F206020 日常用品零售業,臺北市,變更,11505
60662464,蜻蜓空間設計有限公司,臺北市中山區民權東路2段206號5樓之2,林青龍,2000000,114/08/25,115/05/04,增資,F105050 家具、寢具、廚房器具、裝設品批發業；I401010 一般廣告服務業；I501010 產品設計業；I503010 景觀、室內設計業；I504010 花藝設計業；I599990 其他設計業；E603090 照明設備安裝工程業；JB01010 會議及展覽服務業；JZ99030 攝影業；E801010 室內裝潢業,臺北市,變更,11505
60675783,琦源開發有限公司,臺北市大安區忠孝東路4段290號10樓,閻昭紅,2500000,114/03/24,115/05/18,特殊補正,I102010 一般投資顧問業；I103060 管理顧問業；I401010 一般廣告服務業；H701010 住宅及大樓開發租售業；H701020 工業廠房開發租售業；H701060 新市鎮、新社區開發業；H703100 不動產租賃業；H703090 不動產買賣業；ZZ99999 除許可業務外，得經營法令非禁止或限制之業務；F399040 無店面零售業,臺北市,變更,11505
60676045,美迪澳國際有限公司,臺北市中山區明水路696號3樓之6,LAI MEI HOONG,6000000,114/03/10,115/05/11,公司所營事業變更修正章程,I102010 一般投資顧問業；I103060 管理顧問業；I199990 其他顧問服務業；IZ04010 翻譯業；IZ12010 人力派遣業；JA05010 留、遊學服務業；JB01010 會議及展覽服務業；JZ99050 仲介服務業；JZ99990 未分類其他服務業；F399040 無店面零售業,臺北市,變更,11505
60676869,宏禦全球股份有限公司,臺北市信義區信義路5段5號2樓,張康齡,10000000,114/03/13,115/05/08,改選董事/監察人(一人法人股東指派董事/監察人),E605010 電腦設備安裝業；F113050 電腦及事務性機器設備批發業；F118010 資訊軟體批發業；F218010 資訊軟體零售業；I199990 其他顧問服務業；I301010 資訊軟體服務業；I301020 資料處理服務業；I301030 電子資訊供應服務業；IZ13010 網路認證服務業；F213030 電腦及事務性機器設備零售業,臺北市,變更,11505
60676875,永源智能股份有限公司,臺北市南港區三重路19之11號4樓,陳信宏,16250000,114/03/06,115/05/12,補繳規費,CC01010 發電、輸電、配電機械製造業；CC01990 其他電機及電子機械器材製造業；D101060 再生能源自用發電設備業；D401010 熱能供應業；E603050 自動控制設備工程業；E603090 照明設備安裝工程業；E604010 機械安裝業；E605010 電腦設備安裝業；E606010 用電設備檢驗維護業；EZ05010 儀器、儀表安裝工程業,臺北市,變更,11505
60677311,鏡報新聞網股份有限公司,臺北市松山區南京東路4段1號6樓,裴偉,75000000,114/03/13,115/05/20,發行新股,F399040 無店面零售業；F401010 國際貿易業；F601010 智慧財產權業；H201010 一般投資業；I102010 一般投資顧問業；I103060 管理顧問業；I199990 其他顧問服務業；I301030 電子資訊供應服務業；I301060 網路廣告平臺業；I401010 一般廣告服務業,臺北市,變更,11505
60677488,驊立興業有限公司,臺北市中山區復興北路178號7樓之1,林昌熾,1000000,114/03/13,115/05/13,增資,A102080 園藝服務業；E801030 室內輕鋼架工程業；E901010 油漆工程業；EZ06010 交通標示工程業；I503010 景觀、室內設計業；IG01010 生物技術服務業；I199990 其他顧問服務業；ZZ99999 除許可業務外，得經營法令非禁止或限制之業務；F401010 國際貿易業；H701010 住宅及大樓開發租售業,臺北市,變更,11505
60679887,鎧渝投資股份有限公司,臺北市大安區信義路4段210號11樓,李念庭,18000000,114/04/01,115/05/14,發行新股,H201010 一般投資業；H202010 創業投資業；ZZ99999 除許可業務外，得經營法令非禁止或限制之業務,臺北市,變更,11505
60680420,德方貿易有限公司,臺北市松山區八德路4段277之1號2樓,簡穗雯,5000000,114/04/02,115/05/12,增資,F102170 食品什貨批發業；F105050 家具、寢具、廚房器具、裝設品批發業；F106010 五金批發業；F106020 日常用品批發業；F106060 寵物食品及其用品批發業；F108040 化粧品批發業；F199990 其他批發業；F203010 食品什貨、飲料零售業；F206010 五金零售業；F206020 日常用品零售業,臺北市,變更,11505
60680456,歐翼投資有限公司,臺北市大安區敦化南路2段105號25樓,劉禹廷,7000000,114/04/02,115/05/08,公司所在地,H201010 一般投資業；ZZ99999 除許可業務外，得經營法令非禁止或限制之業務,臺北市,變更,11505
60680977,和銘發展有限公司,臺北市松山區復興南路1段43號6樓,楊程凱,100000,114/04/07,115/05/14,特殊補正,E801010 室內裝潢業；E801020 門窗安裝工程業；E801030 室內輕鋼架工程業；E801040 玻璃安裝工程業；E901010 油漆工程業；F106010 五金批發業；F111090 建材批發業；F211010 建材零售業；F401010 國際貿易業；I501010 產品設計業,臺北市,變更,11505
60681552,玖玖盛國際股份有限公司,臺北市松山區民權東路3段178號7樓,洪肇水,65000000,114/04/08,115/05/11,特殊補正,C103050 罐頭、冷凍、脫水及醃漬食品製造業；C104020 烘焙炊蒸食品製造業；C109010 調味品製造業；C110010 飲料製造業；C199010 麵條、粉條類食品製造業；C199030 即食餐食製造業；C199990 未分類其他食品製造業；F102040 飲料批發業；F102050 茶葉批發業；F102170 食品什貨批發業,臺北市,變更,11505
60686276,臻德凌股份有限公司,臺北市松山區南京東路4段50號11樓,黃仁德,200000,114/04/16,115/05/27,補繳規費,I401010 一般廣告服務業；I103060 管理顧問業；F401010 國際貿易業；J304010 圖書出版業；J305010 有聲出版業；J601010 藝文服務業；J602010 演藝活動業；J803010 運動表演業；JB01010 會議及展覽服務業；JZ99030 攝影業,臺北市,變更,11505
60686493,達揚投資股份有限公司,臺北市北投區中央南路2段36之2號3樓,何筱蝶,2000000,114/04/16,115/05/20,特殊補正,H201010 一般投資業,臺北市,變更,11505
60686698,祐隼有限公司,臺北市大安區羅斯福路3段271號10樓之3,吳宗耿,5000000,114/04/17,115/05/27,公司名稱變更修正章程,F106010 五金批發業；F106030 模具批發業；F113010 機械批發業；F113990 其他機械器具批發業；F114010 汽車批發業；F114030 汽、機車零件配備批發業；I199990 其他顧問服務業；F206010 五金零售業；F206030 模具零售業；F213080 機械器具零售業,臺北市,變更,11505
60687514,數聚國際股份有限公司,臺北市松山區南京東路4段126號11樓之1,張元溢,36000000,114/04/18,115/05/04,特殊補正,E605010 電腦設備安裝業；E701040 簡易電信設備安裝業；F113050 電腦及事務性機器設備批發業；F113070 電信器材批發業；F118010 資訊軟體批發業；F119010 電子材料批發業；F213030 電腦及事務性機器設備零售業；F218010 資訊軟體零售業；F219010 電子材料零售業；F401010 國際貿易業,臺北市,變更,11505
60688062,昇邑室內裝修工程有限公司,臺北市松山區南京東路5段202號7樓之5,鄭紘驛,1000000,114/04/22,115/05/06,公司所在地,E801010 室內裝潢業；E801020 門窗安裝工程業；E801030 室內輕鋼架工程業；E801040 玻璃安裝工程業；E801060 室內裝修業；E801070 廚具、衛浴設備安裝工程業；E603090 照明設備安裝工程業；E901010 油漆工程業；F205040 家具、寢具、廚房器具、裝設品零售業；F211010 建材零售業,臺北市,變更,11505
60689822,棋勝營造股份有限公司,臺北市中山區復興北路446之2號1樓,周石正,300000000,114/04/17,115/05/26,修正章程,E101011 綜合營造業；ZZ99999 除許可業務外，得經營法令非禁止或限制之業務,臺北市,變更,11505
60697837,杜森股份有限公司,臺北市中山區民權東路2段148號3樓,謝長邑,2000000,114/05/21,115/05/28,申登機關變更（遷入，含卷）,I103060 管理顧問業；I401010 一般廣告服務業；H703100 不動產租賃業；ZZ99999 除許可業務外，得經營法令非禁止或限制之業務；F106060 寵物食品及其用品批發業；F206050 寵物食品及其用品零售業；F399040 無店面零售業；F401010 國際貿易業,臺北市,變更,11505
60698651,伏流設計有限公司,臺北市中正區懷寧街82號1樓,孫守蓉,100000,114/05/21,115/05/19,特殊補正,E601020 電器安裝業；E603090 照明設備安裝工程業；E605010 電腦設備安裝業；E801010 室內裝潢業；E801030 室內輕鋼架工程業；E801040 玻璃安裝工程業；E901010 油漆工程業；EZ99990 其他工程業；F299990 其他零售業；F399040 無店面零售業,臺北市,變更,11505
60698821,灃名堂有限公司,臺北市松山區八德路2段374號6樓之2,李宜靜,1000000,114/05/21,115/05/11,增資,I501010 產品設計業；E801010 室內裝潢業；I503010 景觀、室內設計業；I502010 服飾設計業；I599990 其他設計業；F399040 無店面零售業；F204110 布疋、衣著、鞋、帽、傘、服飾品零售業；F399990 其他綜合零售業；IZ99990 其他工商服務業；I301010 資訊軟體服務業,臺北市,變更,11505
60699173,映瀚動力有限公司,臺北市大安區忠孝東路4段169號11樓之4,張舒涵,1000000,114/05/21,115/05/22,股東出資轉讓修正章程,F113050 電腦及事務性機器設備批發業；F114010 汽車批發業；F114020 機車批發業；F114030 汽、機車零件配備批發業；F204110 布疋、衣著、鞋、帽、傘、服飾品零售業；F206020 日常用品零售業；F207030 清潔用品零售業；F401010 國際貿易業；H201010 一般投資業；H701010 住宅及大樓開發租售業,臺北市,變更,11505
60699595,聚吉美好股份有限公司,臺北市信義區光復南路429號5樓之1,金筱婕,200000,114/05/22,115/05/14,特殊補正,F102170 食品什貨批發業；F203010 食品什貨、飲料零售業；F106020 日常用品批發業；F206020 日常用品零售業；F104110 布疋、衣著、鞋、帽、傘、服飾品批發業；F204110 布疋、衣著、鞋、帽、傘、服飾品零售業；F105050 家具、寢具、廚房器具、裝設品批發業；F205040 家具、寢具、廚房器具、裝設品零售業；F401010 國際貿易業；I103060 管理顧問業,臺北市,變更,11505
60699666,群葳有限公司,臺北市中山區五常街63號,徐秉睿,1000000,114/05/22,115/05/14,公司所在地,H703090 不動產買賣業；H703100 不動產租賃業；HZ99990 其他金融、保險及不動產業；H201010 一般投資業；JZ99050 仲介服務業；H701010 住宅及大樓開發租售業；H701020 工業廠房開發租售業；H701050 投資興建公共建設業；H701060 新市鎮、新社區開發業；H701070 區段徵收及市地重劃代辦業,臺北市,變更,11505
60700002,台灣利爾電子有限公司,臺北市北投區大度路3段270巷69號12樓之7,李樹榕,3000000,114/05/23,115/05/12,特殊補正,F119010 電子材料批發業；F113010 機械批發業；F113070 電信器材批發業；F113050 電腦及事務性機器設備批發業；F118010 資訊軟體批發業；F401010 國際貿易業；ZZ99999 除許可業務外，得經營法令非禁止或限制之業務,臺北市,變更,11505
60700410,天昊科技有限公司,臺北市信義區信義路4段415號14樓之1,陳采妤,2000000,114/05/26,115/05/05,特殊補正,CC01120 資料儲存媒體製造及複製業；E605010 電腦設備安裝業；F113050 電腦及事務性機器設備批發業；F118010 資訊軟體批發業；F119010 電子材料批發業；F199990 其他批發業；F213030 電腦及事務性機器設備零售業；F218010 資訊軟體零售業；F219010 電子材料零售業；F399990 其他綜合零售業,臺北市,變更,11505
60700447,日出滑雪有限公司,臺北市信義區基隆路2段51號8樓之7,葉永翠,500000,114/05/27,115/05/25,股東出資轉讓修正章程,F104110 布疋、衣著、鞋、帽、傘、服飾品批發業；F109070 文教、樂器、育樂用品批發業；F204110 布疋、衣著、鞋、帽、傘、服飾品零售業；F209060 文教、樂器、育樂用品零售業；F401010 國際貿易業；I199990 其他顧問服務業；I501010 產品設計業；J202010 產業育成業；J701040 休閒活動場館業；J799990 其他休閒服務業,臺北市,變更,11505
60703346,卓月多有限公司,臺北市萬華區中華路1段106號8樓,蔡佳玲,1000000,114/06/09,115/05/26,特殊補正,A101020 農作物栽培業；A101050 花卉栽培業；A102050 作物栽培服務業；A102080 園藝服務業；F101100 花卉批發業；F102170 食品什貨批發業；F203010 食品什貨、飲料零售業；F399040 無店面零售業；F399990 其他綜合零售業；F401010 國際貿易業,臺北市,變更,11505
60703438,城遇國際有限公司,臺北市中山區玉門街1號,李孟書,200000,114/06/09,115/05/19,特殊補正,I199990 其他顧問服務業；JZ99090 喜慶綜合服務業；JZ99050 仲介服務業；JZ99030 攝影業；JZ99990 未分類其他服務業；I401010 一般廣告服務業；F109070 文教、樂器、育樂用品批發業；F209060 文教、樂器、育樂用品零售業；F199990 其他批發業；ZZ99999 除許可業務外，得經營法令非禁止或限制之業務,臺北市,變更,11505
60703492,翔揚智慧股份有限公司,臺北市中山區民權東路3段70之2號2樓,張翔舜,200000,114/06/09,115/05/29,特殊補正,J399010 軟體出版業；I401010 一般廣告服務業；F118010 資訊軟體批發業；F218010 資訊軟體零售業；F399040 無店面零售業；F401010 國際貿易業；J305010 有聲出版業；J399990 其他出版業；I501010 產品設計業；I599990 其他設計業,臺北市,變更,11505
60703824,大彰化西南控股股份有限公司,臺北市信義區松智路1號19樓,楊雅雯,6400,114/06/09,115/05/22,特殊補正,H201010 一般投資業；ZZ99999 除許可業務外，得經營法令非禁止或限制之業務,臺北市,變更,11505
60703850,亦諾珩投資有限公司,臺北市信義區基隆路1段155號8樓之6,吳悠,1000000,114/06/09,115/05/15,特殊補正,H201010 一般投資業,臺北市,變更,11505
60704176,馨茗農貿有限公司,臺北市松山區南京東路5段188號6樓之5,劉晉榮,100000,114/06/10,115/05/04,股東出資轉讓修正章程,C103050 罐頭、冷凍、脫水及醃漬食品製造業；C199990 未分類其他食品製造業；F101130 蔬果批發業；F101990 其他農、畜、水產品批發業；F102170 食品什貨批發業；F102040 飲料批發業；F201010 農產品零售業；F201990 其他農畜水產品零售業；F203010 食品什貨、飲料零售業；F399040 無店面零售業,臺北市,變更,11505
60704289,新鏡股份有限公司,臺北市中山區民權西路35號8樓之3,黃楚楚,3500000,114/06/11,115/05/21,公司所在地,I199990 其他顧問服務業；I103060 管理顧問業；J202010 產業育成業；ZZ99999 除許可業務外，得經營法令非禁止或限制之業務,臺北市,變更,11505
60708428,諾歐科技股份有限公司,臺北市信義區基隆路1段432號8樓之2,林恩羽,6000000,114/03/26,115/05/07,董事/監察人持股變動報備,F113050 電腦及事務性機器設備批發業；F213030 電腦及事務性機器設備零售業；F118010 資訊軟體批發業；F218010 資訊軟體零售業；F119010 電子材料批發業；F219010 電子材料零售業；J399010 軟體出版業；J399990 其他出版業；F399040 無店面零售業；F108031 醫療器材批發業,臺北市,變更,11505
60708927,元皓投資股份有限公司,臺北市中正區新生南路1段158號5樓,朱志明,30000000,114/03/14,115/05/25,補選董事(常務董事.董事長)/監察人,H201010 一般投資業；ZZ99999 除許可業務外，得經營法令非禁止或限制之業務,臺北市,變更,11505
60713153,滴口水有限公司,臺北市大同區承德路1段35號8樓之2,陳勇伸,1500000,114/03/25,115/05/06,特殊補正,F106060 寵物食品及其用品批發業；F206050 寵物食品及其用品零售業；F399040 無店面零售業；F401010 國際貿易業；I401010 一般廣告服務業；J303010 雜誌（期刊）出版業；J399990 其他出版業；I501010 產品設計業；I599990 其他設計業；C201020 寵物食品製造業,臺北市,變更,11505
60713267,鈦得國際財務顧問有限公司,臺北市信義區松仁路89號16樓,王瑜豪,5000000,114/03/25,115/05/26,增資,I103060 管理顧問業；I199990 其他顧問服務業；IZ99990 其他工商服務業；I102010 一般投資顧問業；F401010 國際貿易業；IZ12010 人力派遣業；JZ99050 仲介服務業；H202010 創業投資業；JD01010 工商徵信服務業；ZZ99999 除許可業務外，得經營法令非禁止或限制之業務,臺北市,變更,11505
60719213,恩合股份有限公司,臺北市中山區松江路69巷5號2樓,張志榮,57000000,114/04/22,115/05/18,增資(資本總額),I102010 一般投資顧問業；H201010 一般投資業；H703100 不動產租賃業；H703090 不動產買賣業；ZZ99999 除許可業務外，得經營法令非禁止或限制之業務,臺北市,變更,11505
60719804,賦寓建築經理股份有限公司,臺北市大安區敦化南路2段180號9樓之1,詹淳傑,5000000,114/04/23,115/05/11,改選董事/監察人(一人法人股東指派董事/監察人),E801010 室內裝潢業；F111090 建材批發業；F211010 建材零售業；H701010 住宅及大樓開發租售業；H701020 工業廠房開發租售業；H702010 建築經理業；H703090 不動產買賣業；H703100 不動產租賃業；I103060 管理顧問業；I503010 景觀、室內設計業,臺北市,變更,11505
60719874,偉業建設開發股份有限公司,臺北市大安區仁愛路3段125號2樓,左德偉,28100000,114/04/23,115/05/08,特殊補正,H701010 住宅及大樓開發租售業；H703090 不動產買賣業；H201010 一般投資業；H701020 工業廠房開發租售業；H701050 投資興建公共建設業；H701060 新市鎮、新社區開發業；H701070 區段徵收及市地重劃代辦業；H703100 不動產租賃業；G202010 停車場經營業；I102010 一般投資顧問業,臺北市,變更,11505
60725691,良祁國際有限公司,臺北市信義區市民大道6段250號3樓,呂學芸,200000,114/04/24,115/05/20,公司印鑑變更,F113050 電腦及事務性機器設備批發業；F114040 自行車及其零件批發業；F213030 電腦及事務性機器設備零售業；F214040 自行車及其零件零售業；F501060 餐館業；JA02010 電器及電子產品修理業；JA02030 自行車修理業；JE01010 租賃業；ZZ99999 除許可業務外，得經營法令非禁止或限制之業務,臺北市,變更,11505
60725897,說故事洋行股份有限公司,臺北市大安區光復南路420巷10號1樓,張傑克,200000,114/04/25,115/05/08,董事/監察人更名,F501060 餐館業；A102060 糧商業；F203010 食品什貨、飲料零售業；F203020 菸酒零售業；F201990 其他農畜水產品零售業；F201030 水產品零售業；F201010 農產品零售業；F102040 飲料批發業；F102030 菸酒批發業；F102050 茶葉批發業,臺北市,變更,11505
60725968,凡美妍有限公司,臺北市松山區南京東路4段77號5樓之1,蕭明月,1500000,114/04/25,115/05/12,特殊補正,F108031 醫療器材批發業；F208031 醫療器材零售業；F108040 化粧品批發業；F208040 化粧品零售業；H703100 不動產租賃業；JE01010 租賃業；F208050 乙類成藥零售業；F102170 食品什貨批發業；F203010 食品什貨、飲料零售業；F399040 無店面零售業,臺北市,變更,11505
60726143,我在意的不是股份有限公司,臺北市松山區復興南路1段43號10樓,王維,1000000,114/04/25,115/05/15,特殊補正,J305010 有聲出版業；J304010 圖書出版業；J303010 雜誌（期刊）出版業；J404020 提供設備及場地供電影片拍攝業；J503020 電視節目製作業；J503040 廣播電視廣告業；J503050 錄影節目帶業；J601010 藝文服務業；J602010 演藝活動業；J603010 音樂展演空間業,臺北市,變更,11505
60726431,閎翔生活事業有限公司,臺北市大安區敦化南路1段205號7樓之5,張潤庭,500000,114/04/28,115/05/22,股東出資轉讓修正章程,F101050 水產品批發業；F101990 其他農、畜、水產品批發業；F401010 國際貿易業；F102170 食品什貨批發業；F102040 飲料批發業；F203010 食品什貨、飲料零售業；F102030 菸酒批發業；F106020 日常用品批發業；F206020 日常用品零售業；F104110 布疋、衣著、鞋、帽、傘、服飾品批發業,臺北市,變更,11505
60727065,一語科技有限公司,臺北市信義區基隆路1段155號11樓之7,林宗賢,500000,114/04/30,115/05/22,公司所在地,I401010 一般廣告服務業；F399040 無店面零售業；F118010 資訊軟體批發業；F218010 資訊軟體零售業；F109070 文教、樂器、育樂用品批發業；F209060 文教、樂器、育樂用品零售業；F106020 日常用品批發業；F206020 日常用品零售業；F104110 布疋、衣著、鞋、帽、傘、服飾品批發業；F204110 布疋、衣著、鞋、帽、傘、服飾品零售業,臺北市,變更,11505
60731764,三商海洋風力投資股份有限公司,臺北市大安區忠孝東路4段147巷1號5樓,森口岳泰Takeyasu Moriguchi,2908286760,114/05/27,115/05/15,增資(資本總額),H201010 一般投資業；ZZ99999 除許可業務外，得經營法令非禁止或限制之業務,臺北市,變更,11505
60741550,羅漢誦有限公司,臺北市大安區復興南路2段286號1樓,吳榮耀,6000000,114/03/17,115/05/14,公司所在地,F206020 日常用品零售業；F207030 清潔用品零售業；F204110 布疋、衣著、鞋、帽、傘、服飾品零售業；F206010 五金零售業；F209060 文教、樂器、育樂用品零售業；F101040 家畜家禽批發業；F101050 水產品批發業；F101130 蔬果批發業,臺北市,變更,11505
60741968,軒源雅舍股份有限公司,臺北市大安區敦化南路1段295巷26號1樓,軒源股份有限公司,1000000,114/03/18,115/05/22,特殊補正,C104020 烘焙炊蒸食品製造業；F201010 農產品零售業；F201020 畜產品零售業；F203010 食品什貨、飲料零售業；F203020 菸酒零售業；F204110 布疋、衣著、鞋、帽、傘、服飾品零售業；F206020 日常用品零售業；F399040 無店面零售業；F399990 其他綜合零售業；F401010 國際貿易業,臺北市,變更,11505
60744368,翊浩貿易有限公司,臺北市松山區八德路4段135號7樓之4,劉維浩,2000000,114/04/09,115/05/14,特殊補正,F102170 食品什貨批發業；F104110 布疋、衣著、鞋、帽、傘、服飾品批發業；F105050 家具、寢具、廚房器具、裝設品批發業；F106010 五金批發業；F106020 日常用品批發業；F108040 化粧品批發業；F109070 文教、樂器、育樂用品批發業；F110010 鐘錶批發業；F199990 其他批發業；F203010 食品什貨、飲料零售業,臺北市,變更,11505
60745198,日商寶標股份有限公司,臺北市大同區市民大道一段209號11樓之1,柴田勝之,500000,114/03/28,115/05/21,改派在中華民國境內負責人變更登記,E801070 廚具、衛浴設備安裝工程業；F105050 家具、寢具、廚房器具、裝設品批發業；F106010 五金批發業；F111090 建材批發業；F199990 其他批發業；F205040 家具、寢具、廚房器具、裝設品零售業；F206010 五金零售業；F207200 化學原料零售業；F207990 其他化學製品零售業；F211010 建材零售業,臺北市,變更,11505
60746696,集竣營造有限公司,臺北市松山區南京東路5段188號6樓之5,蔡沛紋,3600000,114/04/01,115/05/29,股東出資轉讓修正章程,E101011 綜合營造業；E801010 室內裝潢業；I503010 景觀、室內設計業；H701010 住宅及大樓開發租售業；H701020 工業廠房開發租售業；H701050 投資興建公共建設業；H702010 建築經理業；H703090 不動產買賣業；H703100 不動產租賃業；ZZ99999 除許可業務外，得經營法令非禁止或限制之業務,臺北市,變更,11505
60746719,奔月未來科技有限公司,臺北市中山區南京東路3段201號9樓,戴宏倫,1000000,114/03/31,115/05/04,增資,CC01110 電腦及其週邊設備製造業；E605010 電腦設備安裝業；E701040 簡易電信設備安裝業；F113020 電器批發業；F113050 電腦及事務性機器設備批發業；F119010 電子材料批發業；F213010 電器零售業；F213030 電腦及事務性機器設備零售業；F401010 國際貿易業；I103060 管理顧問業,臺北市,變更,11505
60758685,擬視科技股份有限公司,臺北市中山區新生北路3段61號5樓之28,陳皇旻,1000000,114/05/01,115/05/11,改選董事/監察人(一人法人股東指派董事/監察人),F108031 醫療器材批發業；F208031 醫療器材零售業；F110020 眼鏡批發業；F113030 精密儀器批發業；F113050 電腦及事務性機器設備批發業；F213040 精密儀器零售業；I301030 電子資訊供應服務業；I301050 實境體感應用服務業；IG02010 研究發展服務業；C801030 精密化學材料製造業,臺北市,變更,11505
60758995,圓周率運動行銷有限公司,臺北市內湖區陽光街92巷25弄1號1樓,孫經緯,200000,114/05/02,115/05/15,特殊補正,F109070 文教、樂器、育樂用品批發業；F209060 文教、樂器、育樂用品零售業；F401010 國際貿易業；I103060 管理顧問業；I401010 一般廣告服務業；J503040 廣播電視廣告業；ZZ99999 除許可業務外，得經營法令非禁止或限制之業務,臺北市,變更,11505
60759024,智界創新股份有限公司,臺北市中山區南京東路1段15號3樓,張志美,5000000,114/05/02,115/05/21,特殊補正,I301010 資訊軟體服務業；I301020 資料處理服務業；I301030 電子資訊供應服務業；I401010 一般廣告服務業；IG02010 研究發展服務業；IG03010 能源技術服務業；D401010 熱能供應業；D101050 汽電共生業；D101060 再生能源自用發電設備業；J101080 資源回收業,臺北市,變更,11505
60759663,三傑科技有限公司,臺北市內湖區瑞光路335號4樓,陳盈潮,5000000,114/05/06,115/05/25,特殊補正,F109070 文教、樂器、育樂用品批發業；F113020 電器批發業；F113050 電腦及事務性機器設備批發業；F113070 電信器材批發業；F118010 資訊軟體批發業；F119010 電子材料批發業；F209060 文教、樂器、育樂用品零售業；F213010 電器零售業；F213030 電腦及事務性機器設備零售業；F213060 電信器材零售業,臺北市,變更,11505
60759761,勤海亞太控股股份有限公司,臺北市松山區敦化南路1段3號3樓,李文瀚,1421600,114/05/06,115/05/25,特殊補正,F106020 日常用品批發業；F108040 化粧品批發業；F206020 日常用品零售業；F208040 化粧品零售業；F399040 無店面零售業；F401010 國際貿易業；I103060 管理顧問業；I199990 其他顧問服務業；I301010 資訊軟體服務業；I301020 資料處理服務業,臺北市,變更,11505
60759925,欣契機股份有限公司,臺北市北投區尊賢街218巷23弄6號2樓,莊政憲,500000,114/05/07,115/05/14,特殊補正,F102020 食用油脂批發業；F101130 蔬果批發業；F102040 飲料批發業；F102170 食品什貨批發業；F106010 五金批發業；F106060 寵物食品及其用品批發業；F107030 清潔用品批發業；F108040 化粧品批發業；F121010 食品添加物批發業；F199990 其他批發業,臺北市,變更,11505
60760063,築屋企業有限公司,臺北市大安區信義路4段60之66號3樓,陳廷宇,100000,114/05/07,115/05/14,特殊補正,F501030 飲料店業；F501060 餐館業；F501990 其他餐飲業；F399040 無店面零售業；I103060 管理顧問業；I199990 其他顧問服務業；F401010 國際貿易業；F102040 飲料批發業；F102050 茶葉批發業；F102170 食品什貨批發業,臺北市,變更,11505
60760079,玉天璽餐飲股份有限公司,臺北市中山區敬業一路192號3樓,蘇雲嶢,170000000,114/05/07,115/05/25,特殊補正,F501060 餐館業；F501030 飲料店業；F501050 飲酒店業；F501990 其他餐飲業；F102040 飲料批發業；F102170 食品什貨批發業；F203010 食品什貨、飲料零售業；I101090 食品顧問業；I103060 管理顧問業；I199990 其他顧問服務業,臺北市,變更,11505
60760562,台灣鍋林貿易股份有限公司,臺北市松山區南京東路3段346號9樓之4,髙山健康,17000000,114/05/08,115/05/29,特殊補正,F108031 醫療器材批發業；F208031 醫療器材零售業；F107200 化學原料批發業；F107030 清潔用品批發業；F107990 其他化學製品批發業；F113010 機械批發業；F113030 精密儀器批發業；F113050 電腦及事務性機器設備批發業；F119010 電子材料批發業；F207200 化學原料零售業,臺北市,變更,11505
60764618,橙新智能系統股份有限公司,臺北市松山區敦化北路207號10樓之1,蔡明儒,20000000,114/05/13,115/05/21,特殊補正,CB01010 機械設備製造業；CB01990 其他機械製造業；CC01110 電腦及其週邊設備製造業；CC01990 其他電機及電子機械器材製造業；E502010 燃料導管安裝工程業；E601010 電器承裝業；E601020 電器安裝業；E603040 消防安全設備安裝工程業；E603050 自動控制設備工程業；E604010 機械安裝業,臺北市,變更,11505
60768001,愛達特力股份有限公司,臺北市大安區忠孝東路4段295號3樓,李忠成,3100000,114/05/27,115/05/19,特殊補正,E605010 電腦設備安裝業；F118010 資訊軟體批發業；F119010 電子材料批發業；F218010 資訊軟體零售業；F219010 電子材料零售業；F399040 無店面零售業；F401010 國際貿易業；H201010 一般投資業；I103060 管理顧問業；I199990 其他顧問服務業,臺北市,變更,11505
60768109,全盈資本有限公司,臺北市大同區重慶北路2段157號11樓之3,阮懷勝,200000,114/05/28,115/05/13,特殊補正,I103060 管理顧問業；I199990 其他顧問服務業；ZZ99999 除許可業務外，得經營法令非禁止或限制之業務,臺北市,變更,11505
60776874,彩寓家居股份有限公司,臺北市士林區中山北路6段2巷52號,林威宇,1000000,114/03/21,115/05/22,特殊補正,E801010 室內裝潢業；E901010 油漆工程業；E903010 防蝕、防銹工程業；F104110 布疋、衣著、鞋、帽、傘、服飾品批發業；F105050 家具、寢具、廚房器具、裝設品批發業；F106010 五金批發業；F106020 日常用品批發業；F107010 漆料、塗料批發業；F107020 染料、顏料批發業；F109070 文教、樂器、育樂用品批發業,臺北市,變更,11505
60776966,毅櫪企業有限公司,臺北市中正區臨沂街3巷11號,高芸榛,5000000,114/03/24,115/05/27,增資,F106010 五金批發業；F107010 漆料、塗料批發業；F111090 建材批發業；F206010 五金零售業；F207010 漆料、塗料零售業；F399040 無店面零售業；F401010 國際貿易業；I401010 一般廣告服務業；JZ99050 仲介服務業；CA01050 鋼材二次加工業,臺北市,變更,11505
60781855,天惠奈米生醫股份有限公司,臺北市大安區敦化南路2段77號7樓之4,王漪婷,29775000,114/05/26,115/05/22,申登機關變更（遷入，含卷）,F208050 乙類成藥零售業；F401010 國際貿易業；F601010 智慧財產權業；I103060 管理顧問業；I199990 其他顧問服務業；IC01010 藥品檢驗業；IG01010 生物技術服務業；IG02010 研究發展服務業；F108040 化粧品批發業；F208040 化粧品零售業,臺北市,變更,11505
60783559,鏡好看股份有限公司,臺北市松山區南京東路4段1號6樓,董成瑜,207700000,114/05/29,115/05/04,特殊補正,F401010 國際貿易業；F601010 智慧財產權業；H201010 一般投資業；I102010 投資顧問業；I103060 管理顧問業；I199990 其他顧問服務業；J401010 電影片製作業；J402010 電影片發行業；J404010 動畫影片製作業；J503010 廣播節目製作業,臺北市,變更,11505
60784136,金宇國際文化有限公司,臺北市北投區中和街40號2樓之25,王金燕,500000,114/06/02,115/05/22,特殊補正,F113050 電腦及事務性機器設備批發業；F213030 電腦及事務性機器設備零售業；F109070 文教、樂器、育樂用品批發業；F209060 文教、樂器、育樂用品零售業；F104110 布疋、衣著、鞋、帽、傘、服飾品批發業；F204110 布疋、衣著、鞋、帽、傘、服飾品零售業；F105050 家具、寢具、廚房器具、裝設品批發業；F205040 家具、寢具、廚房器具、裝設品零售業；F106020 日常用品批發業；F206020 日常用品零售業,臺北市,變更,11505
60784918,百曜能源科技有限公司,臺北市大同區延平北路2段202號17樓之2,黃泓璋,3000000,114/06/04,115/05/18,增資,CC01040 照明設備製造業；CC01080 電子零組件製造業；CC01090 電池製造業；CD01030 汽車及其零件製造業；CD01040 機車及其零件製造業；D101060 再生能源自用發電設備業；D401010 熱能供應業；E599010 配管工程業；E601010 電器承裝業；E601020 電器安裝業,臺北市,變更,11505
60785276,神山國際貿易有限公司,臺北市大安區信義路4段380號2樓,丁雅東,15000000,114/06/05,115/05/05,增資,H201010 一般投資業；A102020 農產品整理業；A102060 糧商業；C110010 飲料製造業；C199040 豆類加工食品製造業；C104020 烘焙炊蒸食品製造業；F102170 食品什貨批發業；F102040 飲料批發業；F106050 陶瓷玻璃器皿批發業；F113010 機械批發業,臺北市,變更,11505
60785347,凌致有限公司,臺北市信義區市民大道6段250號3樓,鍾睿謙,5000000,114/06/06,115/05/21,特殊補正,F399040 無店面零售業；F401010 國際貿易業；F106020 日常用品批發業；F206020 日常用品零售業；F299990 其他零售業；F203010 食品什貨、飲料零售業；F102170 食品什貨批發業；F104110 布疋、衣著、鞋、帽、傘、服飾品批發業；F204110 布疋、衣著、鞋、帽、傘、服飾品零售業；F105050 家具、寢具、廚房器具、裝設品批發業,臺北市,變更,11505
60788273,凱進汽車有限公司,臺北市中山區長春路40號6樓之5,張鋐宥,100000,114/04/11,115/05/13,股東出資轉讓修正章程,F113020 電器批發業；F113070 電信器材批發業；F113110 電池批發業；F114010 汽車批發業；F114020 機車批發業；F114030 汽、機車零件配備批發業；F114040 自行車及其零件批發業；F114050 車胎批發業；F119010 電子材料批發業；F213010 電器零售業,臺北市,變更,11505
60788843,掌聲鼓勵股份有限公司,臺北市大安區敦化南路2段164號11樓之1,李嘉倩,8000000,114/04/14,115/05/19,補繳規費,H201010 一般投資業,臺北市,變更,11505
60789104,興昕投資股份有限公司,臺北市松山區南京東路四段171號12樓,,2740100000,114/04/14,115/05/29,解散,H201010 一般投資業,臺北市,變更,11505
60789195,洸鉑股份有限公司,臺北市信義區基隆路1段101巷28號5樓,蔡妤涵,38110180,114/04/15,115/05/14,消除股份減資(特別股收回),H201010 一般投資業；ZZ99999 除許可業務外，得經營法令非禁止或限制之業務,臺北市,變更,11505
60789391,龍蕪茶股份有限公司,臺北市信義區逸仙路50巷26號1樓,洪嘉諭,6920000,114/04/15,115/05/18,特殊補正,E599010 配管工程業；E601020 電器安裝業；E603090 照明設備安裝工程業；E701040 簡易電信設備安裝業；E801010 室內裝潢業；E801020 門窗安裝工程業；E801030 室內輕鋼架工程業；E801040 玻璃安裝工程業；E801070 廚具、衛浴設備安裝工程業；E901010 油漆工程業,臺北市,變更,11505
60792190,台灣伊黎洛有限公司,臺北市信義區吳興街600巷108號2樓,蔣雲飛,5100000,114/05/14,115/05/15,特殊補正,F107030 清潔用品批發業；F207030 清潔用品零售業；F108040 化粧品批發業；F208040 化粧品零售業；F106020 日常用品批發業；F206020 日常用品零售業；F102170 食品什貨批發業；F203010 食品什貨、飲料零售業；F104110 布疋、衣著、鞋、帽、傘、服飾品批發業；F204110 布疋、衣著、鞋、帽、傘、服飾品零售業,臺北市,變更,11505
60792419,綠洲餐飲股份有限公司,臺北市大同區太原路46號2樓,林維源,16200000,114/05/15,115/05/19,特殊補正,F501060 餐館業；F501030 飲料店業；F102030 菸酒批發業；F102040 飲料批發業；F102170 食品什貨批發業；F106020 日常用品批發業；F203010 食品什貨、飲料零售業；F203020 菸酒零售業；F206020 日常用品零售業；F401010 國際貿易業,臺北市,變更,11505
60792683,二秒螃蟹有限公司,臺北市中正區忠孝東路1段152號12樓之6,Beekers Thomas Herman,50000,114/05/15,115/05/21,改推董事/董事長,I501010 產品設計業；J601010 藝文服務業；I301010 資訊軟體服務業；I301020 資料處理服務業；ZZ99999 除許可業務外，得經營法令非禁止或限制之業務,臺北市,變更,11505
60792728,禾田美食家有限公司,臺北市中山區遼寧街29號1樓,陳言舲,200000,114/05/15,115/05/12,股東出資轉讓修正章程,F501060 餐館業；F501030 飲料店業；F203020 菸酒零售業；F203010 食品什貨、飲料零售業；F399040 無店面零售業；F201020 畜產品零售業；F501050 飲酒店業；F401010 國際貿易業；ZZ99999 除許可業務外，得經營法令非禁止或限制之業務,臺北市,變更,11505
60792993,智解家股份有限公司,臺北市中正區忠孝西路1段41號6樓之1,畢劭康,2899467,114/05/16,115/05/04,特殊補正,F118010 資訊軟體批發業；F218010 資訊軟體零售業；I301010 資訊軟體服務業；I301020 資料處理服務業；I301030 電子資訊供應服務業；F109070 文教、樂器、育樂用品批發業；F209060 文教、樂器、育樂用品零售業；J304010 圖書出版業；J399010 軟體出版業；F113050 電腦及事務性機器設備批發業,臺北市,變更,11505
60793070,壹宅設計室內裝修有限公司,臺北市大同區延平北路2段202號17樓之2,林姸希,1000000,114/05/16,115/05/13,特殊補正,ZZ99999 除許可業務外，得經營法令非禁止或限制之業務；E801060 室內裝修業；E801010 室內裝潢業；E599010 配管工程業；E601020 電器安裝業；E801020 門窗安裝工程業；E801030 室內輕鋼架工程業；E801040 玻璃安裝工程業；E801070 廚具、衛浴設備安裝工程業；E901010 油漆工程業,臺北市,變更,11505
60793135,檳普拉提有限公司,臺北市信義區信義路5段16號2樓之3,蔡承甫,2000000,114/05/19,115/05/06,股東出資轉讓修正章程,F401010 國際貿易業；I103060 管理顧問業；J802010 運動訓練業；ZZ99999 除許可業務外，得經營法令非禁止或限制之業務,臺北市,變更,11505
60793310,方舟有限公司,臺北市大安區敦化南路2段105號25樓,彭鼎強,1000000,114/05/19,115/05/21,特殊補正,J601010 藝文服務業；J602010 演藝活動業；J603010 音樂展演空間業；I103060 管理顧問業；I199990 其他顧問服務業；I401010 一般廣告服務業；IZ99990 其他工商服務業；J399990 其他出版業；JZ99990 未分類其他服務業；ZZ99999 除許可業務外，得經營法令非禁止或限制之業務,臺北市,變更,11505
60793705,潛面實業股份有限公司,臺北市松山區八德路3段232號7樓之1,王亮卜,10000000,114/05/20,115/05/19,補繳規費,F399040 無店面零售業；F399990 其他綜合零售業；F401010 國際貿易業；G202010 停車場經營業；G801010 倉儲業；I199990 其他顧問服務業；I301020 資料處理服務業；I301030 電子資訊供應服務業；IZ06010 理貨包裝業；IZ12010 人力派遣業,臺北市,變更,11505
60796105,麥津食品有限公司,臺北市內湖區南京東路6段350之7號12樓之1,梁嘉峰,5000000,114/05/08,115/05/05,公司所營事業變更修正章程,C102010 乳品製造業；C104020 烘焙炊蒸食品製造業；C199010 麵條、粉條類食品製造業；C199040 豆類加工食品製造業；F102170 食品什貨批發業；F203010 食品什貨、飲料零售業；F399040 無店面零售業；F401010 國際貿易業；I101090 食品顧問業；I103060 管理顧問業,臺北市,變更,11505
60796111,銳點行銷有限公司,臺北市中山區松江路50號9樓,謝佩蓉,1000000,114/05/08,115/05/27,補繳規費,I401010 一般廣告服務業；I401020 廣告傳單分送業；F401010 國際貿易業；I301010 資訊軟體服務業；I301020 資料處理服務業；F102170 食品什貨批發業；F108040 化粧品批發業；F203010 食品什貨、飲料零售業；F208040 化粧品零售業；F399040 無店面零售業,臺北市,變更,11505
60796415,睿泉生技股份有限公司,臺北市北投區承德路6段122號4樓,林彥竹,61400000,114/05/12,115/05/11,增資(資本總額),I103060 管理顧問業；I199990 其他顧問服務業；I301010 資訊軟體服務業；I301020 資料處理服務業；I301030 電子資訊供應服務業；IC01010 藥品檢驗業；IG01010 生物技術服務業；IG02010 研究發展服務業；IZ09010 管理系統驗證業；IZ99990 其他工商服務業,臺北市,變更,11505
60796674,澄易環境科技股份有限公司,臺北市中山區民權西路27號12樓之1,湯棋同,72850000,114/05/12,115/05/21,特殊補正,CB01010 機械設備製造業；CB01030 污染防治設備製造業；CB01990 其他機械製造業；CC01080 電子零組件製造業；CC01110 電腦及其週邊設備製造業；CD01030 汽車及其零件製造業；CE01010 一般儀器製造業；CZ99990 未分類其他工業製品製造業；F113010 機械批發業；F113030 精密儀器批發業,臺北市,變更,11505
61415706,寶多麗生化股份有限公司,臺北市中山區南京東路1段15號3樓,鄭守晴,5000000,106/05/03,115/05/28,特殊補正,F102170 食品什貨批發業；F107030 清潔用品批發業；F108040 化粧品批發業；F203010 食品什貨、飲料零售業；F207030 清潔用品零售業；F208040 化粧品零售業；F401010 國際貿易業；ZZ99999 除許可業務外，得經營法令非禁止或限制之業務,臺北市,變更,11505
61785974,意象空間設計有限公司,臺北市信義區松德路12號7樓,吳崇正,12000000,106/05/31,115/05/06,股東出資轉讓修正章程,E801010 室內裝潢業；F401010 國際貿易業；I301010 資訊軟體服務業；I401010 一般廣告服務業；I501010 產品設計業；I503010 景觀、室內設計業；I599990 其他設計業；JB01010 會議及展覽服務業；JE01010 租賃業；ZZ99999 除許可業務外，得經營法令非禁止或限制之業務,臺北市,變更,11505
62188824,鏡域人工智能有限公司,臺北市松山區南京東路4段1號8樓,杜以中,500000,115/03/24,115/05/18,經理人變更,I301010 資訊軟體服務業；I301020 資料處理服務業；I301030 電子資訊供應服務業；IG02010 研究發展服務業；F401010 國際貿易業；E605010 電腦設備安裝業,臺北市,變更,11505
62189083,益楓金聯股份有限公司,臺北市中正區開封街1段37號11樓,李元淇,6500000,115/03/25,115/05/07,特殊補正,H201010 一般投資業；ZZ99999 除許可業務外，得經營法令非禁止或限制之業務,臺北市,變更,11505
62190618,沅田國際農產股份有限公司,臺北市松山區民生東路5段28號,王姿雯,7000000,115/03/27,115/05/07,申登機關變更（遷入，含卷）,F201010 農產品零售業；F201070 花卉零售業；F201990 其他農畜水產品零售業；F203010 食品什貨、飲料零售業；F203020 菸酒零售業；F206020 日常用品零售業；F301020 超級市場業；F399990 其他綜合零售業；F401010 國際貿易業；F501030 飲料店業,臺北市,變更,11505
62195888,湛維智能股份有限公司,臺北市內湖區內湖路1段360巷10號9樓之1,陳鍵忠,50000000,115/04/16,115/05/29,經理人變更,F113050 電腦及事務性機器設備批發業；F118010 資訊軟體批發業；F213030 電腦及事務性機器設備零售業；F218010 資訊軟體零售業；F401010 國際貿易業；F601010 智慧財產權業；I103060 管理顧問業；I301010 資訊軟體服務業；I301020 資料處理服務業；I301030 電子資訊供應服務業,臺北市,變更,11505
62196991,名偉國際車業有限公司,臺北市信義區忠孝東路5段410號6樓,陳家偉,6000000,115/04/20,115/05/22,特殊補正,F214010 汽車零售業；F214030 汽、機車零件配備零售業；F219010 電子材料零售業；JE01010 租賃業；JZ99050 仲介服務業；F401010 國際貿易業；IZ99990 其他工商服務業；JA01990 其他汽車服務業；ZZ99999 除許可業務外，得經營法令非禁止或限制之業務,臺北市,變更,11505
62197154,海石資本有限公司,臺北市中正區信義路2段101號8樓,莊治展,15500000,115/04/20,115/05/05,特殊補正,H201010 一般投資業,臺北市,變更,11505
62202776,昶信國際股份有限公司,臺北市松山區復興北路179號9樓之9,胡銘芮,3000000,115/04/23,115/05/12,公司所營事業變更修正章程,F401010 國際貿易業；E604010 機械安裝業；F108040 化粧品批發業；F208040 化粧品零售業；F113030 精密儀器批發業；F213040 精密儀器零售業；F113010 機械批發業；F213080 機械器具零售業；F118010 資訊軟體批發業；F218010 資訊軟體零售業,臺北市,變更,11505
62203867,杰邦創意有限公司,臺北市中正區忠孝西路1段21號7樓,李佾席,1000000,113/09/30,115/05/04,減少所營事業變更修正章程,I599990 其他設計業；I401010 一般廣告服務業；I199990 其他顧問服務業；J601010 藝文服務業；JB01010 會議及展覽服務業；C701010 印刷業；C703010 印刷品裝訂及加工業；I301010 資訊軟體服務業；I301020 資料處理服務業；F401010 國際貿易業,臺北市,變更,11505
62215054,叡揚邁柏投資股份有限公司,臺北市中正區中華路1段59號9樓,范宇光,22686710,115/03/27,115/05/11,增資(資本總額),H201010 一般投資業,臺北市,變更,11505
62215701,森谷有限公司,臺北市中山區撫順街33號2樓之1,王怡文,50000,115/03/31,115/05/19,改推董事/董事長,F104110 布疋、衣著、鞋、帽、傘、服飾品批發業；F105050 家具、寢具、廚房器具、裝設品批發業；F106010 五金批發業；F106020 日常用品批發業；F106030 模具批發業；F106040 水器材料批發業；F106050 陶瓷玻璃器皿批發業；F107030 清潔用品批發業；F108040 化粧品批發業；F109070 文教、樂器、育樂用品批發業,臺北市,變更,11505
62215759,貳食陸股份有限公司,臺北市中山區市民大道3段159號1樓,謝磬,100000,115/03/31,115/05/25,特殊補正,F203010 食品什貨、飲料零售業；F203020 菸酒零售業；F501030 飲料店業；F501060 餐館業；J603010 音樂展演空間業；F501050 飲酒店業；J601010 藝文服務業；ZZ99999 除許可業務外，得經營法令非禁止或限制之業務,臺北市,變更,11505
62217567,星薳生技股份有限公司,臺北市大同區延平北路1段104號5樓,盧德科,12000000,115/04/08,115/05/21,特殊補正,F108031 醫療器材批發業；F108040 化粧品批發業；F208031 醫療器材零售業；F208040 化粧品零售業；F401010 國際貿易業；F106020 日常用品批發業；F107030 清潔用品批發業；F206020 日常用品零售業；F207030 清潔用品零售業；I103060 管理顧問業,臺北市,變更,11505
62229233,陳參資本有限公司,臺北市信義區忠孝東路5段370號4樓,陳浩華,29600000,115/04/28,115/05/06,董事/股東地址變更,H201010 一般投資業,臺北市,變更,11505
62229655,境禾有限公司,臺北市大安區忠孝東路4段319號6樓之1,凌筱雯,500000,115/04/29,115/05/04,公司外文名稱變更修正章程,F401010 國際貿易業；F399040 無店面零售業；F399990 其他綜合零售業；F108040 化粧品批發業；F208040 化粧品零售業；F104110 布疋、衣著、鞋、帽、傘、服飾品批發業；F204110 布疋、衣著、鞋、帽、傘、服飾品零售業；F106020 日常用品批發業；F206020 日常用品零售業；F107030 清潔用品批發業,臺北市,變更,11505
62247302,紘全機電工程股份有限公司,臺北市信義區基隆路1段141號9樓之10,陳元昱,8000000,115/04/01,115/05/07,特殊補正,E599010 配管工程業；E601010 電器承裝業；E601020 電器安裝業；F113020 電器批發業；F213010 電器零售業；ZZ99999 除許可業務外，得經營法令非禁止或限制之業務,臺北市,變更,11505
62247540,富食康餐飲顧問股份有限公司,臺北市大安區仁愛路4段228號1樓,林鼎翔,3000000,115/04/02,115/05/27,特殊補正,F101040 家畜家禽批發業；F201010 農產品零售業；F201020 畜產品零售業；F203010 食品什貨、飲料零售業；F399040 無店面零售業；F401010 國際貿易業；F501030 飲料店業；F501060 餐館業；F501990 其他餐飲業；ZZ99999 除許可業務外，得經營法令非禁止或限制之業務,臺北市,變更,11505
62247921,銳福健身有限公司,臺北市大安區安和路2段60號1樓,MUHAMMAD HASAN BIN ABDUL KADER,5100000,115/04/02,115/05/11,特殊補正,J802010 運動訓練業；J801030 競技及休閒運動場館業；I199990 其他顧問服務業；F203010 食品什貨、飲料零售業；F204110 布疋、衣著、鞋、帽、傘、服飾品零售業；F209060 文教、樂器、育樂用品零售業；F399040 無店面零售業；F401010 國際貿易業；ZZ99999 除許可業務外，得經營法令非禁止或限制之業務,臺北市,變更,11505
62248077,踏實數位股份有限公司,臺北市中山區復興北路156號2樓,楊曜陽,100000,115/04/07,115/05/14,特殊補正,I301010 資訊軟體服務業；I301020 資料處理服務業；I301030 電子資訊供應服務業；H201010 一般投資業；I102010 一般投資顧問業；I103060 管理顧問業；IZ15010 市場研究及民意調查業；H202010 創業投資業；IZ13010 網路認證服務業；F118010 資訊軟體批發業,臺北市,變更,11505
62248246,真心企業股份有限公司,臺北市中山區復興北路70號9樓之1,劉芝菱,1000000,115/04/07,115/05/18,增資(資本總額),F108040 化粧品批發業；F208040 化粧品零售業；F208050 乙類成藥零售業；F209060 文教、樂器、育樂用品零售業；F207030 清潔用品零售業；F109070 文教、樂器、育樂用品批發業；F107030 清潔用品批發業；I401010 一般廣告服務業；I401020 廣告傳單分送業；F401010 國際貿易業,臺北市,變更,11505
62248560,安衡救護車事業有限公司,臺北市大安區師大路129號地下,簡堃晏,3000000,115/04/08,115/05/12,公司印鑑變更,G203011 救護車經營業,臺北市,變更,11505
62250707,歐凱雲端有限公司,臺北市大安區忠孝東路4段270號5樓之2,詹德鴻,3000000,115/04/16,115/05/22,補繳規費,F401010 國際貿易業；I301010 資訊軟體服務業；I301020 資料處理服務業；ZZ99999 除許可業務外，得經營法令非禁止或限制之業務,臺北市,變更,11505
62253710,卓越資本科技股份有限公司,臺北市中山區松江路315號11樓,王振達,1000000,115/04/09,115/05/13,特殊補正,H201010 一般投資業；I102010 一般投資顧問業；I103060 管理顧問業；IZ15010 市場研究及民意調查業；H202010 創業投資業；F113050 電腦及事務性機器設備批發業；F213030 電腦及事務性機器設備零售業；F118010 資訊軟體批發業；F218010 資訊軟體零售業；F119010 電子材料批發業,臺北市,變更,11505
62253731,序界科技股份有限公司,臺北市松山區南京東路4段164號11樓之1,饒筱瑜,5000000,115/04/09,115/05/15,特殊補正,F203010 食品什貨、飲料零售業；F209060 文教、樂器、育樂用品零售業；F399040 無店面零售業；F401010 國際貿易業；I103060 管理顧問業；I301010 資訊軟體服務業；I301020 資料處理服務業；I301030 電子資訊供應服務業；I401010 一般廣告服務業；I501010 產品設計業,臺北市,變更,11505
62253943,鴨若火哥股份有限公司,臺北市中山區龍江路277號1樓,王重凱,600000,115/04/09,115/05/21,特殊補正,F501060 餐館業；F501030 飲料店業；F203030 酒精零售業；ZZ99999 除許可業務外，得經營法令非禁止或限制之業務,臺北市,變更,11505
62255301,壹參陸餐飲有限公司,臺北市大安區復興南路二段268號1樓,張育慈,5000000,115/04/14,115/05/07,增資,F501060 餐館業；F201030 水產品零售業；F201020 畜產品零售業；F203010 食品什貨、飲料零售業；F206020 日常用品零售業；F208040 化粧品零售業；F399990 其他綜合零售業；ZZ99999 除許可業務外，得經營法令非禁止或限制之業務,臺北市,變更,11505
62255386,一擊科藝有限公司,臺北市松山區民生東路3段128號5樓之3,陳肖篤,500000,115/04/14,115/05/14,增資,F102170 食品什貨批發業；F106030 模具批發業；F108040 化粧品批發業；F109070 文教、樂器、育樂用品批發業；F118010 資訊軟體批發業；F206030 模具零售業；F208040 化粧品零售業；F209060 文教、樂器、育樂用品零售業；F218010 資訊軟體零售業；F401010 國際貿易業,臺北市,變更,11505
65792309,得美特科技股份有限公司,臺北市大安區復興南路1段390號8樓之1,林振生,4750000,105/10/05,115/05/27,特殊補正,CC01990 其他電機及電子機械器材製造業；CZ99990 未分類其他工業製品製造業；E605010 電腦設備安裝業；E701010 電信工程業；E701030 電信管制射頻器材裝設工程業；F113050 電腦及事務性機器設備批發業；F113070 電信器材批發業；F118010 資訊軟體批發業；F199990 其他批發業；F213030 電腦及事務性機器設備零售業,臺北市,變更,11505
66506557,勝崧科技股份有限公司,臺北市文山區秀明路1段221之1號1樓,洪金蒼,4000000,106/03/08,115/05/20,董事/監察人持股變動報備,CC01080 電子零組件製造業；CC01110 電腦及其週邊設備製造業；CC01120 資料儲存媒體製造及複製業；E599010 配管工程業；E603050 自動控制設備工程業；E603100 電焊工程業；E604010 機械安裝業；E605010 電腦設備安裝業；E701040 簡易電信設備安裝業；EZ15010 保溫、保冷安裝工程業,臺北市,變更,11505
66535011,美益天有限公司,臺北市信義區基隆路2段23號7樓之6,陳昱璁,1700000,106/03/30,115/05/25,增資,F102170 食品什貨批發業；F102040 飲料批發業；F203010 食品什貨、飲料零售業；F399010 便利商店業；ZZ99999 除許可業務外，得經營法令非禁止或限制之業務,臺北市,變更,11505
66575081,喜悅室內裝修有限公司,臺北市大安區大安路2段168號,蔣昌鴻,500000,106/05/04,115/05/27,特殊補正,F106020 日常用品批發業；F109070 文教、樂器、育樂用品批發業；F113020 電器批發業；F113050 電腦及事務性機器設備批發業；F113070 電信器材批發業；F113110 電池批發業；F116010 照相器材批發業；F118010 資訊軟體批發業；F119010 電子材料批發業；F206020 日常用品零售業,臺北市,變更,11505
66597819,麗寶欣國際有限公司,臺北市中山區南京東路2段38號7樓,黃文重,6000000,106/05/18,115/05/13,股東出資轉讓修正章程,C306010 成衣業；C307010 服飾品製造業；C399990 其他紡織及製品製造業；F102170 食品什貨批發業；F104110 布疋、衣著、鞋、帽、傘、服飾品批發業；F105050 家具、寢具、廚房器具、裝設品批發業；F106020 日常用品批發業；F108040 化粧品批發業；F399040 無店面零售業；F401010 國際貿易業,臺北市,變更,11505
66642928,綠映事業股份有限公司,臺北市松山區延壽街378號地下,羅文聰,11000000,106/07/20,115/05/28,公司印鑑變更,E601020 電器安裝業；F107030 清潔用品批發業；F113020 電器批發業；F207030 清潔用品零售業；F213010 電器零售業；H701010 住宅及大樓開發租售業；I103060 管理顧問業；I199990 其他顧問服務業；J101010 建築物清潔服務業；JA02010 電器及電子產品修理業,臺北市,變更,11505
66878445,勤盛投資有限公司,臺北市松山區八德路3段210號11樓,宋耿全,1000000,106/09/05,115/05/11,減資,H201010 一般投資業,臺北市,變更,11505
66903423,泓旺科技股份有限公司,臺北市松山區南京東路4段25號5樓,程瓊玉,50000000,106/09/12,115/05/14,公司所營事業變更修正章程,ZZ99999 除許可業務外，得經營法令非禁止或限制之業務；F113050 電腦及事務性機器設備批發業；F113070 電信器材批發業；F119010 電子材料批發業；F213030 電腦及事務性機器設備零售業；F213060 電信器材零售業；F219010 電子材料零售業；F401010 國際貿易業；I501010 產品設計業；I599990 其他設計業,臺北市,變更,11505
67232107,嘉美力國際事業股份有限公司,臺北市中山區民生東路1段51號7樓,陳泇聿,28000000,106/10/17,115/05/27,公司所在地,F104110 布疋、衣著、鞋、帽、傘、服飾品批發業；F106020 日常用品批發業；F108040 化粧品批發業；F102040 飲料批發業；F102170 食品什貨批發業；F107030 清潔用品批發業；F401010 國際貿易業；F203010 食品什貨、飲料零售業；F204110 布疋、衣著、鞋、帽、傘、服飾品零售業；F206020 日常用品零售業,臺北市,變更,11505
68406506,無事股份有限公司,臺北市中正區羅斯福路2段14號2樓,路渟瀛,10000000,106/11/29,115/05/13,改選董事/監察人(一人法人股東指派董事/監察人),F109070 文教、樂器、育樂用品批發業；F209060 文教、樂器、育樂用品零售業；F399040 無店面零售業；F401010 國際貿易業；F501030 飲料店業；F501060 餐館業；I199990 其他顧問服務業；I501010 產品設計業；J304010 圖書出版業；J305010 有聲出版業,臺北市,變更,11505
69316264,威俐國際股份有限公司,臺北市大安區和平東路1段6號11樓,JOEL LEONG KUM HOE,78800000,107/02/14,115/05/26,董事(常務董事.董事長)/監察人解任,H202010 創業投資業；I102010 投資顧問業；I103060 管理顧問業；I199990 其他顧問服務業；I301010 資訊軟體服務業；I301020 資料處理服務業；I501010 產品設計業；I599990 其他設計業；H201010 一般投資業；F118010 資訊軟體批發業,臺北市,變更,11505
69322054,活岳有限公司,臺北市中正區衡陽路51號12樓之1,張英哲,2000000,107/02/27,115/05/15,特殊補正,F108031 醫療器材批發業；F108040 化粧品批發業；F208031 醫療器材零售業；F208040 化粧品零售業；F401010 國際貿易業；ZZ99999 除許可業務外，得經營法令非禁止或限制之業務,臺北市,變更,11505
69410459,珍恩典有限公司,臺北市中山區德惠街34號7樓之19,蘇美珍,200000,107/03/30,115/05/21,特殊補正,F102020 食用油脂批發業；F102030 菸酒批發業；F102040 飲料批發業；F102170 食品什貨批發業；F106020 日常用品批發業；F107030 清潔用品批發業；F108040 化粧品批發業；F203010 食品什貨、飲料零售業；F203020 菸酒零售業；F206020 日常用品零售業,臺北市,變更,11505
69538081,無極限國際有限公司,臺北市中正區許昌街42號8樓,董耀慶,14680000,105/11/17,115/05/13,特殊補正,I301010 資訊軟體服務業；I301020 資料處理服務業；I301030 電子資訊供應服務業；I401010 一般廣告服務業；F401010 國際貿易業；I501010 產品設計業；IZ12010 人力派遣業；JE01010 租賃業；J602010 演藝活動業；J603010 音樂展演空間業,臺北市,變更,11505
69591389,台灣蜜桃約翰股份有限公司,臺北市中山區復興南路1段36之9號8樓,西澤恒地,90000000,106/02/07,115/05/27,改選董事/監察人(一人法人股東指派董事/監察人),F401010 國際貿易業；F104110 布疋、衣著、鞋、帽、傘、服飾品批發業；F204110 布疋、衣著、鞋、帽、傘、服飾品零售業；F108040 化粧品批發業；F208040 化粧品零售業；F105050 家具、寢具、廚房器具、裝設品批發業；F205040 家具、寢具、廚房器具、裝設品零售業；F106020 日常用品批發業；F206020 日常用品零售業；F109070 文教、樂器、育樂用品批發業,臺北市,變更,11505
69601443,恩光服務股份有限公司,臺北市松山區南京東路5段230號7樓之8,曲恒達,3100000,106/02/22,115/05/07,特殊補正,I103060 管理顧問業；I199990 其他顧問服務業；IZ12010 人力派遣業；JZ99050 仲介服務業；J202010 產業育成業；ZZ99999 除許可業務外，得經營法令非禁止或限制之業務；J101030 廢棄物清除業；G799990 其他運輸輔助業,臺北市,變更,11505
69753530,天使街有限公司,臺北市中正區許昌街42號8樓,劉若芃,1000000,107/01/22,115/05/11,特殊補正,F104110 布疋、衣著、鞋、帽、傘、服飾品批發業；F108040 化粧品批發業；F109070 文教、樂器、育樂用品批發業；F204110 布疋、衣著、鞋、帽、傘、服飾品零售業；F208040 化粧品零售業；F209060 文教、樂器、育樂用品零售業；F399040 無店面零售業；F401010 國際貿易業；J303010 雜誌（期刊）出版業；J304010 圖書出版業,臺北市,變更,11505
70353316,金石企管顧問股份有限公司,臺北市信義區松德路18號4樓,霍玲玲,1000000,88/04/19,115/05/18,公司所營事業變更修正章程,I102010 一般投資顧問業；I103060 管理顧問業；I199990 其他顧問服務業；I301020 資料處理服務業；IZ02010 打字業；IZ12010 人力派遣業；H703100 不動產租賃業；JE01010 租賃業；ZZ99999 除許可業務外，得經營法令非禁止或限制之業務,臺北市,變更,11505
70356334,文山旅行社有限公司,臺北市中山區松江路82號6樓之1,龔頤,10000000,88/04/28,115/05/27,公司外文名稱登記修正章程,J902011 旅行業,臺北市,變更,11505
70360436,羅盛豐股份有限公司,臺北市大安區敦化南路2段97號28樓,鐘宜真,362000000,88/05/10,115/05/27,改選董事/監察人(一人法人股東指派董事/監察人),F101100 花卉批發業；F102030 菸酒批發業；F104110 布疋、衣著、鞋、帽、傘、服飾品批發業；F105050 家具、寢具、廚房器具、裝設品批發業；F110010 鐘錶批發業；F114010 汽車批發業；F115010 首飾及貴金屬批發業；F115020 礦石批發業；F199990 其他批發業；F201070 花卉零售業,臺北市,變更,11505
70360652,捍陞有限公司,臺北市北投區承德路7段352號5樓,梁斯涵,10000000,88/05/10,115/05/18,股東出資轉讓修正章程,F113020 電器批發業；F113030 精密儀器批發業；F113060 度量衡器批發業；F213010 電器零售業；F213040 精密儀器零售業；F401010 國際貿易業；JA02051 度量衡器修理業；F106020 日常用品批發業；F206020 日常用品零售業；F108031 醫療器材批發業,臺北市,變更,11505
70369979,潤泰保全股份有限公司,臺北市中山區八德路2段308號11樓,楊子敬,69000000,88/06/07,115/05/19,改選董事/監察人(一人法人股東指派董事/監察人),I901011 保全業。,臺北市,變更,11505
70381925,喜鴻旅行社股份有限公司,臺北市中山區松江路148號6樓之2、7樓之2及8樓之1,葉友芳,281500000,88/07/15,115/05/18,特殊補正,J902011 旅行業,臺北市,變更,11505
70385703,立耀電子股份有限公司,臺北市中山區復興北路38號11樓,曾煥文,20000000,88/07/27,115/05/25,改選董事/監察人(一人法人股東指派董事/監察人),F401010 國際貿易業。；F118010 資訊軟體批發業。；F119010 電子材料批發業。；F301030 一般百貨業。；F113030 精密儀器批發業。,臺北市,變更,11505
70386822,全面顧問股份有限公司,臺北市信義區忠孝東路4段560號8樓,近江弘匡,15000000,88/07/30,115/05/15,特殊補正,F401010 國際貿易業；F601010 智慧財產權業；I102010 投資顧問業；I103060 管理顧問業；I199990 其他顧問服務業；I301010 資料軟體服務業；I301020 資料處理服務業；I301030 電子資訊供應服務業；IG01010 生物技術服務業；IG02010 研究發展服務業,臺北市,變更,11505
70396835,眾鼎工程股份有限公司,臺北市中正區忠孝東路1段55號4樓,菅野信之,10000000,88/08/30,115/05/21,特殊補正,E501011 自來水管承裝商；E599010 配管工程業；E601010 電器承裝業；E601020 電器安裝業；E602011 冷凍空調工程業；E603040 消防安全設備安裝工程業；E603050 自動控制設備工程業；E603090 照明設備安裝工程業；E701040 簡易電信設備安裝業；E801010 室內裝潢業,臺北市,變更,11505
70398094,百達妃麗視聽股份有限公司,臺北市中山區林森北路50號地下1樓、地下1樓之1、1樓、2樓、2樓之1、2、3、52號1樓,高國雄,1000000,88/09/02,115/05/11,改選董事/監察人(一人法人股東指派董事/監察人),J701030 視聽歌唱業；J702070 酒家業；ZZ99999 除許可業務外，得經營法令非禁止或限制之業務,臺北市,變更,11505
70432987,花兒創意製作有限公司,臺北市大安區瑞安街244巷57號,林敏,1200000,92/07/31,115/05/07,特殊補正,ZZ99999 除許可業務外，得經營法令非禁止或限制之業務；J602010 演藝活動業；I401010 一般廣告服務業；J601010 藝文服務業；J603010 音樂展演空間業；J503010 廣播節目製作業；J503020 電視節目製作業；J503030 廣播電視節目發行業；J503040 廣播電視廣告業；J404010 動畫影片製作業,臺北市,變更,11505
70455720,安國國際科技股份有限公司,臺北市南港區三重路66號9樓之1,羅森洲,1062325660,88/11/23,115/05/07,補繳規費,CC01080 電子零組件製造業；CC01110 電腦及其週邊設備製造業；I301010 資訊軟體服務業；F119010 電子材料批發業；F401010 國際貿易業；ZZ99999 除許可業務外，得經營法令非禁止或限制之業務,臺北市,變更,11505
70463952,金茂榮環境工程股份有限公司,臺北市松山區撫遠街435號,周莉華,10000000,88/12/21,115/05/27,改選董事/監察人(一人法人股東指派董事/監察人),F111010 木材批發業；F111020 水泥、石灰及其製品批發業；F111030 磚、瓦、石建材批發業；F211010 建材零售業；F103010 飼料批發業；F207050 肥料零售業；F107990 其他化學製品批發業（植栽培養土、活性碳、爐石骨材、爐石、電木粉、原子碳、吸油劑、紙漿)；E201010 景觀工程業；E401010 疏濬業；J101010 住宅及建築清潔服務業,臺北市,變更,11505
70465874,凱茂科技有限公司,臺北市南港區南港路3段50巷8號5樓,游能光,30000000,88/12/27,115/05/07,增資,I301010 資訊軟體服務業；I301030 電子資訊供應服務業；I301020 資料處理服務業；CC01080 電子零組件製造業；CC01110 電腦及其週邊設備製造業；CC01990 其他電機及電子機械器材製造業；F401010 國際貿易業；E603050 自動控制設備工程業；E605010 電腦設備安裝業；F213010 電器零售業,臺北市,變更,11505
70474938,鋒寰國際股份有限公司,臺北市中山區南京東路2段124號9樓,喬東海,28850000,89/01/27,115/05/20,特殊補正,F401010 國際貿易業；I103060 管理顧問業；ZZ99999 除許可業務外，得經營法令非禁止或限制之業務,臺北市,變更,11505
70482711,財盛營造股份有限公司,臺北市松山區八德路2段410巷16弄6號1樓,張陳碧雲,20000000,89/03/01,115/05/28,特殊補正,E101011 綜合營造業；H701010 住宅及大樓開發租售業；H701020 工業廠房開發租售業；H701040 特定專業區開發業；H701050 投資興建公共建設業；I401010 一般廣告服務業；F401010 國際貿易業；ZZ99999 除許可業務外，得經營法令非禁止或限制之業務,臺北市,變更,11505
70485111,一宇數位科技股份有限公司,臺北市中正區忠孝東路2段134巷5號4樓,蕭惠瑛,40000000,89/03/07,115/05/26,董事/監察人持股變動報備,I301010 資訊軟體服務業；I301020 資料處理服務業。；I301030 電子資訊供應服務業；F218010 資訊軟體零售業；F118010 資訊軟體批發業；F213030 事務性機器設備零售業；F113050 事務性機器設備批發業；F401010 國際貿易業；I103010 企業經營管理顧問業；J201030 技能技藝訓練業,臺北市,變更,11505
70501288,工正營造有限公司,臺北市內湖區南京東路6段380號7樓,林善志,22500000,89/05/05,115/05/25,特殊補正,E101011 綜合營造業,臺北市,變更,11505
70511618,曾寶實業股份有限公司,臺北市信義區信義路5段5號,曾繁育,5000000,89/05/20,115/05/22,改選董事/監察人(一人法人股東指派董事/監察人),F214030 汽、機車零件配備零售業。；F214010 汽車零售業。；F209010 書籍、文具零售業。；F204070 紙尿褲、紙尿布零售業。；F204020 成衣零售業。；F204010 布疋零售業。；F213080 機械器具零售業。；F401010 國際貿易業。；F218010 資訊軟體零售業。；F206010 電子材料零售業。,臺北市,變更,11505
70516563,國邑藥品科技股份有限公司,臺北市南港區忠孝東路七段508號11樓,王建治,645914020,89/05/25,115/05/13,認股憑證換發新股,IG01010 生物技術服務業；IG02010 研究發展服務業；F601010 智慧財產權業；F102170 食品什貨批發業；F107200 化學原料批發業；F108021 西藥批發業；F108040 化粧品批發業；F401010 國際貿易業；F208021 西藥零售業；F108031 醫療器材批發業,臺北市,變更,11505
70520567,福爾摩莎紙業股份有限公司,臺北市信義區基隆路1段159號13樓,黃日璋,180000000,89/05/31,115/05/06,特殊補正,F109060 包裝材料批發業。；F401010 國際貿易業。；C601040 加工紙製造業；C601030 紙容器製造業。；F109070 文教、樂器、育樂用品批發業；ZZ99999 除許可業務外，得經營法令非禁止或限制之業務,臺北市,變更,11505
70535219,台灣共和國際有限公司,臺北市大安區光復南路260巷24號1樓,顏淳立,15000000,89/03/07,115/05/14,特殊補正,F401010 國際貿易業；F111090 建材批發業；F211010 建材零售業；F106050 陶瓷玻璃器皿批發業；F205040 家具、寢具、廚房器具、裝設品零售業；F105050 家具、寢具、廚房器具、裝設品批發業；E801010 室內裝潢業；I503010 景觀、室內設計業；I501010 產品設計業；F215010 首飾及貴金屬零售業,臺北市,變更,11505
70538362,優勢統合國際股份有限公司,臺北市松山區南京東路5段162號8樓之1,陸漢霖,80000000,89/03/17,115/05/05,特殊補正,F401161 菸類輸入業；F401171 酒類輸入業；ZZ99999 除許可業務外，得經營法令非禁止或限制之業務,臺北市,變更,11505
70540472,東經投資有限公司,臺北市內湖區內湖路1段308號9樓,蘇貞凱,423079808,89/03/23,115/05/21,增資,H201010 一般投資業,臺北市,變更,11505
70555164,傑美光學科技國際有限公司,臺北市信義區基隆路2段145號10樓,黃碧惠,1000000,89/05/02,115/05/13,股東出資轉讓修正章程,F108031 醫療器材批發業；F110020 眼鏡批發業；F208031 醫療器材零售業；F210020 眼鏡零售業,臺北市,變更,11505
70556656,絡敏科技股份有限公司,臺北市松山區敦化北路214號7樓,Tony Chih Yu Tu,8000000,89/05/06,115/05/15,董事/監察人證照變更,F118010 資訊軟體批發業；F218010 資訊軟體零售業；I301010 資訊軟體服務業；I301020 資料處理服務業；I301030 電子資訊供應服務業；F401010 國際貿易業；JE01010 租賃業；F113050 電腦及事務性機器設備批發業；F213030 電腦及事務性機器設備零售業；ZZ99999 除許可業務外，得經營法令非禁止或限制之業務,臺北市,變更,11505
70557655,藥華醫藥股份有限公司,臺北市南港區園區街3號13樓,詹青柳,3799163700,89/05/09,115/05/25,認股憑證換發新股,F107200 化學原料批發業；F108021 西藥批發業；F108031 醫療器材批發業；F108040 化粧品批發業；F207200 化學原料零售業；F208021 西藥零售業；F208031 醫療器材零售業；F208040 化粧品零售業；F208050 乙類成藥零售業；F401010 國際貿易業,臺北市,變更,11505
70562691,統祥股份有限公司,臺北市內湖區南京東路6段482號,許婷琬,80000000,89/05/20,115/05/29,補繳規費,F101040 家畜家禽批發業；F102020 食用油脂批發業；F102030 菸酒批發業；F102040 飲料批發業；F102050 茶葉批發業；F102170 食品什貨批發業；F103010 飼料批發業；F106020 日常用品批發業；F107030 清潔用品批發業；F108040 化粧品批發業,臺北市,變更,11505
70565803,探網科技股份有限公司,臺北市中正區杭州南路1段23號11樓,許經典,50000000,89/05/29,115/05/29,特殊補正,E605010 電腦設備安裝業；E701010 通信工程業；F109010 圖書批發業；F109020 文具批發業；F113050 事務性機器設備批發業；F113070 電信器材批發業；F118010 資訊軟體批發業；F119010 電子材料批發業；F209010 書籍、文具零售業；F213030 事務性機器設備零售業,臺北市,變更,11505
70571397,科立爾數位科技股份有限公司,臺北市內湖區內湖路1段252號12樓,Prasannaa Ganesan,1060531850,89/06/15,115/05/18,改選董事/監察人(一人法人股東指派董事/監察人),F118010 資訊軟體批發業；F218010 資訊軟體零售業；F113050 電腦及事務性機器設備批發業；F213030 電腦及事務性機器設備零售業；F113070 電信器材批發業；F213060 電信器材零售業；F119010 電子材料批發業；F219010 電子材料零售業；I301010 資訊軟體服務業；F401010 國際貿易業,臺北市,變更,11505
70571811,寶祥國際企業有限公司,臺北市中山區松江路293之601號6樓,何錦德,1000000,89/06/16,115/05/15,特殊補正,F114030 汽、機車零件配備批發業；F214030 汽、機車零件配備零售業,臺北市,變更,11505
70577266,霖園公寓大廈管理維護股份有限公司,臺北市中山區松江路152號2樓,李虹明,30000000,89/07/01,115/05/27,特殊補正,I801011 公寓大廈管理服務業；IZ12010 人力派遣業；G202010 停車場經營業；H706011 租賃住宅代管業；E601010 電器承裝業；E801010 室內裝潢業；J101010 建築物清潔服務業；I103060 管理顧問業；IG03010 能源技術服務業；ZZ99999 除許可業務外，得經營法令非禁止或限制之業務,臺北市,變更,11505
70579068,日盛全台通小客車租賃股份有限公司,臺北市中山區松江路68號6樓,朱志威,850000000,89/07/05,115/05/22,改派董事/監察人,G101041 小客車租賃業；G101091 小貨車租賃業；JE01010 租賃業；F113010 機械批發業；F213080 機械器具零售業；F113050 電腦及事務性機器設備批發業；F213030 電腦及事務性機器設備零售業；F113020 電器批發業；F213010 電器零售業；F114010 汽車批發業,臺北市,變更,11505
70581212,華金科技電子有限公司,臺北市中山區新生北路1段66號5樓,陳昱瑋,20000000,89/07/12,115/05/27,特殊補正,F119010 電子材料批發業；F219010 電子材料零售業；F113050 事務性機器設備批發業；F401010 國際貿易業；F104110 布疋、衣著、鞋、帽、傘、服飾品批發業；F204110 布疋、衣著、鞋、帽、傘、服飾品零售業；ZZ99999 除許可業務外，得經營法令非禁止或限制之業務,臺北市,變更,11505
70582747,環成資訊股份有限公司,臺北市萬華區貴陽街2段40巷2號1樓,林長成,18000000,89/07/18,115/05/12,申登機關變更（遷入，含卷）,E605010 電腦設備安裝業；F113050 電腦及事務性機器設備批發業；F118010 資訊軟體批發業；F213030 電腦及事務性機器設備零售業；F218010 資訊軟體零售業；I103060 管理顧問業；I301010 資訊軟體服務業；I301020 資料處理服務業；I301030 電子資訊供應服務業；F401010 國際貿易業,臺北市,變更,11505
70617561,誠泰地產開發股份有限公司,臺北市松山區南京東路4段16號10樓,彭智佳,100000000,89/08/08,115/05/15,特殊補正,H701010 住宅及大樓開發租售業；I103010 企業經營管理顧問業。；I201010 徵信服務業。；E201010 景觀工程業。；E901010 油漆工程業。,臺北市,變更,11505
70630234,晶芯智科股份有限公司,臺北市中正區八德路1段23號8樓,鄒政興,275000000,88/09/29,115/05/29,特殊補正,C805050 工業用塑膠製品製造業；CB01010 機械設備製造業；CC01080 電子零組件製造業；CC01110 電腦及其週邊設備製造業；CC01120 資料儲存媒體製造及複製業；CC01990 其他電機及電子機械器材製造業；CE01030 光學儀器製造業；F107190 塑膠膜、袋批發業；F113010 機械批發業；F113030 精密儀器批發業,臺北市,變更,11505
70636455,豪仕偉室內裝修設計有限公司,臺北市松山區南京東路5段307號,熊偉民,34000000,88/10/05,115/05/06,特殊補正,I503010 景觀、室內設計業；E801010 室內裝潢業；E801060 室內裝修業；F111090 建材批發業；F211010 建材零售業；F401010 國際貿易業；H701010 住宅及大樓開發租售業；H701020 工業廠房開發租售業；H701050 投資興建公共建設業；H701060 新市鎮、新社區開發業,臺北市,變更,11505
70656000,正誠投資股份有限公司,臺北市士林區中山北路5段522號4樓,賴文珠,529880000,88/11/08,115/05/06,一般補正案,H201010 一般投資業。,臺北市,變更,11505
70680698,鋐璟營造股份有限公司,臺北市信義區基隆路2段77號4樓之6,施又琳,200000000,88/12/23,115/05/13,改選董事/監察人(一人法人股東指派董事/監察人),E101011 綜合營造業；J101070 放射性廢料處理服務業；E603020 電梯安裝工程業；F113100 污染防治設備批發業；CC01040 照明設備製造業；CQ01010 模具製造業；E603080 交通號誌安裝工程業；E603090 照明設備安裝工程業；E603100 電焊工程業；EZ05010 儀器、儀表安裝工程業,臺北市,變更,11505
70686876,瀚堯工業股份有限公司,臺北市中正區忠孝東路1段83號15樓,鍾暁雯,28630000,89/01/04,115/05/08,特殊補正,CM01010 箱、包、袋製造業；F104110 布疋、衣著、鞋、帽、傘、服飾品批發業；CB01010 機械設備製造業；F113010 機械批發業；CB01020 事務機器製造業；F113050 電腦及事務性機器設備批發業；CD01990 其他運輸工具及其零件製造業；F114990 其他交通運輸工具及其零件批發業；CA02010 金屬結構及建築組件製造業；F111090 建材批發業,臺北市,變更,11505
70704431,三宸科技工程股份有限公司,臺北市中山區明水路557巷12號地下之1,潘建榮,13600000,89/02/09,115/05/08,特殊補正,E801010 室內裝潢業；E901010 油漆工程業；E903010 防蝕、防銹工程業；EZ11010 球場跑道樹脂材料鋪設工程業；EZ99990 其他工程業；F107990 其他化學製品批發業；F207990 其他化學製品零售業；E103111 防水工程專業營造業；E401010 國際貿易業；ZZ99999 除許可業務外，得經營法令非禁止或限制之業務,臺北市,變更,11505
70745361,王道商業銀行股份有限公司,臺北市內湖區堤頂大道二段99號,駱怡君,30553578780,88/07/27,115/05/27,經理人變更,H101021 商業銀行業；H301011 證券商；H601011 人身保險代理人；H601021 財產保險代理人,臺北市,變更,11505
70745741,兆豐期貨股份有限公司,臺北市中正區忠孝東路2段95號2樓,陳佩君,560000000,88/07/29,115/05/19,公司所在地,H401011 期貨商；H405011 期貨顧問事業；H310011 證券交易輔助人,臺北市,變更,11505
70747852,華冠通訊股份有限公司,臺北市內湖區瑞光路258巷2號7樓,李森田,521662160,88/08/24,115/05/18,發行新股,CC01101 電信管制射頻器材製造業；CC01060 有線通信機械器材製造業；CC01070 無線通信機械器材製造業；F401010 國際貿易業；F401030 製造輸出業；F401041 製造輸出業；CC01080 電子零組件製造業；F401021 電信管制射頻器材輸入業；CC01010 發電、輸電、配電機械製造業；CC01040 照明設備製造業,臺北市,變更,11505
70758512,崑鼎綠能環保股份有限公司,臺北市士林區中山北路六段89號10樓,廖俊喆,727943850,88/12/13,115/05/27,認股憑證換發新股,C201010 飼料製造業；C801010 基本化學工業；C801020 石油化工原料製造業；C801030 精密化學材料製造業；C801060 合成橡膠製造業；C801100 合成樹脂及塑膠製造業；C801110 肥料製造業；C801120 人造纖維製造業；C801990 其他化學材料製造業；C802090 清潔用品製造業,臺北市,變更,11505
70761592,迅捷投資股份有限公司,臺北市內湖區西康里內湖路一段66號8樓,關鈞,29304757110,89/01/12,115/05/05,減資,H201010 一般投資業,臺北市,變更,11505
70771418,香港商佛萊信電腦軟體有限公司,臺北市松山區復興北路361巷26號6樓,楊啟明,2500000,89/05/04,115/05/11,一般補正案,F113050 事務性機器設備批發業；F118010 資訊軟體批發業；F213030 事務性機器設備零售業；F218010 資訊軟體零售業；F401010 國際貿易業；I301010 資訊軟體服務業；I301020 資料處理服務業；I301030 電子資訊供應服務業；I103010 企業經營管理顧問業；E605010 電腦設備安裝業,臺北市,變更,11505
70774626,新世紀資通股份有限公司,臺北市內湖區港墘路220號10樓,徐旭東,21000000000,89/06/01,115/05/13,改選董事/監察人(一人法人股東指派董事/監察人),G903010 電信事業；CC01110 電腦及其週邊設備製造業；CC01060 有線通信機械器材製造業；CC01070 無線通信機械器材製造業；CC01100 電信管制射頻器材製造業；E701010 電信工程業；E701020 衛星電視ＫＵ頻道、Ｃ頻道器材安裝業；E701030 電信管制射頻器材裝設工程業；E605010 電腦設備安裝業；F113070 電信器材批發業,臺北市,變更,11505
70782230,遠盛資源股份有限公司,臺北市內湖區瑞光路468號4樓,林秀穎,400000000,89/08/09,115/05/13,改選董事/監察人(一人法人股東指派董事/監察人),G903010 電信事業；F113070 電信器材批發業；F213060 電信器材零售業；F401021 電信管制射頻器材輸入業；E701030 電信管制射頻器材裝設工程業；F118010 資訊軟體批發業；F218010 資訊軟體零售業；I301010 資訊軟體服務業；I301020 資料處理服務業；I301030 電子資訊供應服務業,臺北市,變更,11505
70803988,百慕達商泰科資訊科技有限公司,臺北市信義區東興路45號3樓,鄭祥如,100000000,90/03/16,115/05/05,本公司董事及其他負責人變更,CC01010 發電、輸電、配電機械製造業；CC01020 電線及電纜製造業；CC01080 電子零組件製造業；I501010 產品設計業；IZ99990 其他工商服務業（無線電通訊設備、終端機設備及零組件、機電、電子開關及零組件之研發、測試）；E604010 機械安裝業；F113020 電器批發業；F113050 事務性機器設備批發業；F113070 電信器材批發業；F119010 電子材料批發業,臺北市,變更,11505
70807823,大州數位服務股份有限公司,臺北市中正區忠孝東路1段85號18樓,李述忠,32900000,90/05/11,115/05/25,董事/監察人持股變動報備,F118010 資訊軟體批發業；F218010 資訊軟體零售業；I103060 管理顧問業；I301010 資訊軟體服務業；I301020 資料處理服務業；I301030 電子資訊供應服務業；I601010 租賃業；E605010 電腦設備安裝業；E701010 通信工程業；F113050 電腦及事務性機器設備批發業,臺北市,變更,11505
70809245,荷商薩巴威國際有限公司,臺北市信義區松仁路97號18樓,Megan Morgan Bridgman,2500000,90/05/30,115/05/08,本公司董事及其他負責人變更,I601010 租賃業；F401010 國際貿易業；F501060 餐館業；F501990 其他餐飲業,臺北市,變更,11505
70814161,香港商生物梅里埃有限公司,臺北市信義區松山路130號8樓,李耕溥,1000000,90/08/03,115/05/28,一般補正案,F108031 醫療器材批發業；F401010 國際貿易業；F208031 醫療器材零售業；F401021 電信管制射頻器材輸入業；E604010 機械安裝業；E605010 電腦設備安裝業；EZ05010 儀器、儀表安裝工程業；F107200 化學原料批發業；F107990 其他化學製品批發業；F113010 機械批發業,臺北市,變更,11505
70821655,英屬維京群島商北風投資有限公司,臺北市大安區信義路四段6號17樓之12,羅如君,500000,90/10/26,115/05/06,改派在中華民國境內負責人變更登記,H201010 一般投資業,臺北市,變更,11505
70823020,詠旭投資股份有限公司,臺北市內湖區瑞光路408號9樓,陳聰敏,1000000000,90/11/13,115/05/05,補繳規費,H201010 一般投資業。,臺北市,變更,11505
70824858,台灣大昌華嘉股份有限公司,臺北市內湖區堤頂大道2段407巷20弄1、3、5、7號10樓，及407巷22、24、26號10樓及407巷22號10樓之1,葛沛齊(Patrik Kristian Grande Esturo),223365000,90/12/04,115/05/04,特殊補正,F108021 西藥批發業；F208021 西藥零售業；F108031 醫療器材批發業；F208031 醫療器材零售業；E604010 機械安裝業；EZ05010 儀器、儀表安裝工程業；F106020 日常用品批發業；F113010 機械批發業；F113020 電器批發業；F113030 精密儀器批發業,臺北市,變更,11505
70832415,建廣開發股份有限公司,臺北市信義區松德路171號4樓,陳尚謙,20000000,89/08/04,115/05/12,改選董事/監察人(一人法人股東指派董事/監察人),F111090 建材批發業；F118010 資訊軟體批發業；F211010 建材零售業；F218010 資訊軟體零售業；F401010 國際貿易業；H701010 住宅及大樓開發租售業；H701020 工業廠房開發租售業；H701040 特定專業區開發業；H701050 投資興建公共建設業；H701060 新市鎮、新社區開發業,臺北市,變更,11505
70836209,三開開發有限公司,臺北市北投區文林北路234之3號1樓,韓宗甫,4000000,89/08/17,115/05/05,特殊補正,E801010 室內裝潢業；E801020 門窗安裝工程業；E801030 室內輕鋼架工程業；E801040 玻璃安裝工程業；E801070 廚具、衛浴設備安裝工程業；F117010 消防安全設備批發業；I503010 景觀設計業；F205010 家具零售業；F205020 裝設品零售業；F401010 國際貿易業,臺北市,變更,11505
70840533,尚藝室內裝修設計有限公司,臺北市士林區延平北路6段477號14樓,俞佳宏,20000000,89/08/31,115/05/06,特殊補正,I501010 產品設計業；I504010 花藝設計業；I301010 資訊軟體服務業；I503010 景觀、室內設計業；E801010 室內裝潢業；E801060 室內裝修業；ZZ99999 除許可業務外，得經營法令非禁止或限制之業務,臺北市,變更,11505
70842146,康璿科技有限公司,臺北市文山區樟新街48巷9號,江永傑,5000000,89/09/06,115/05/22,改推董事/董事長,F401021 電信管制射頻器材輸入業；E605010 電腦設備安裝業；F118010 資訊軟體批發業；F119010 電子材料批發業；F113070 電信器材批發業；F218010 資訊軟體零售業；F219010 電子材料零售業；F213060 電信器材零售業；F114030 汽、機車零件配備批發業；F214030 汽、機車零件配備零售業,臺北市,變更,11505
75947561,伯光企業股份有限公司,臺北市大安區敦化南路2段76號9樓,陳保菁,20000000,67/04/10,115/05/15,特殊補正,,臺北市,變更,11505
76374099,連城通運股份有限公司,臺北市中山區農安街174號4樓,李明達,30000000,71/03/26,115/05/21,改選董事/監察人(一人法人股東指派董事/監察人),ZZ99999 除許可業務外，得經營法令非禁止或限制之業務；G101051 遊覽車客運業,臺北市,變更,11505
80012437,冠群保險經紀人股份有限公司,臺北市大同區甘谷街35號2樓之1,梁騰仁,25500000,92/03/18,115/05/22,特殊補正,H602011 人身保險經紀人。；H602021 財產保險經紀人。,臺北市,變更,11505
80031342,台新創業投資股份有限公司,臺北市大安區仁愛路四段118號18樓,許德南,2767013580,92/09/25,115/05/21,減資,H202010 創業投資業；I102010 投資顧問業；I103060 管理顧問業,臺北市,變更,11505
80034994,世成科技股份有限公司,臺北市中山區南京東路3段70號7樓,陳吉元,582707520,92/12/10,115/05/25,一般補正案,I301010 資訊軟體服務業；I301020 資料處理服務業；I301030 電子資訊供應服務業；I401010 一般廣告服務業；F118010 資訊軟體批發業；F218010 資訊軟體零售業；CC01080 電子零組件製造業；F119010 電子材料批發業；F219010 電子材料零售業；I501010 產品設計業,臺北市,變更,11505
80045774,永欣國際車業有限公司,臺北市內湖區民權東路6段15巷39號1樓,黃信錡,48000000,92/04/08,115/05/21,增資,F114010 汽車批發業；F114020 機車批發業；F114030 汽、機車零件配備批發業；F114050 車胎批發業；F113110 電池批發業；F214010 汽車零售業；F214020 機車零售業；F214030 汽、機車零件配備零售業；F214050 車胎零售業；F213110 電池零售業,臺北市,變更,11505
80060227,築德源建設股份有限公司,臺北市大安區新生南路1段141之8號2樓,薛建騰,116000000,91/10/16,115/05/21,特殊補正,H701010 住宅及大樓開發租售業；H701020 工業廠房開發租售業；H701050 投資興建公共建設業；H701080 都市更新業；H703090 不動產買賣業；H703100 不動產租賃業；F111090 建材批發業；F113010 機械批發業；F211010 建材零售業；F213080 機械器具零售業,臺北市,變更,11505
80123659,昀佳股份有限公司,臺北市松山區民權東路3段136號2樓之3,宋建賓,10000000,92/01/20,115/05/14,改選董事/監察人(一人法人股東指派董事/監察人),I301010 資訊軟體服務業；I301020 資料處理服務業；I301030 電子資訊供應服務業；F118010 資訊軟體批發業；F218010 資訊軟體零售業；F119010 電子材料批發業；F219010 電子材料零售業；F401010 國際貿易業；E601020 電器安裝業；F113020 電器批發業,臺北市,變更,11505
80132931,元鴻開發實業股份有限公司,臺北市大安區忠孝東路4段233號7樓之11,鄭金木,28800000,92/04/21,115/05/21,票據兌現/他機關函復/補正,A101020 農作物栽培業；A101030 特用作物栽培業；A101040 食用菌菇類栽培業；A101050 花卉栽培業；F101100 花卉批發業；F101130 蔬果批發業；F102050 茶葉批發業；F102170 食品什貨批發業；F201010 農產品零售業；F201070 花卉零售業,臺北市,變更,11505
80132952,詮曄投資股份有限公司,臺北市大安區忠孝東路4段233號7樓之11,蔣明東,28800000,92/01/30,115/05/21,票據兌現/他機關函復/補正,H201010 一般投資業。,臺北市,變更,11505
80154738,數悅科技股份有限公司,臺北市士林區德行西路7號4樓之1,李耀祥,99000000,92/01/17,115/05/11,改選董事/監察人(一人法人股東指派董事/監察人),F113050 電腦及事務性機器設備批發業；F113070 電信器材批發業；F118010 資訊軟體批發業；F119010 電子材料批發業；F213030 電腦及事務性機器設備零售業；F213060 電信器材零售業；F218010 資訊軟體零售業；F219010 電子材料零售業；I301010 資訊軟體服務業；F401010 國際貿易業,臺北市,變更,11505
80157192,喬益科技股份有限公司,臺北市大安區和平東路1段214號5樓之1,楊盛德,100000000,92/01/24,115/05/25,特殊補正,ZZ99999 除許可業務外，得經營法令非禁止或限制之業務,臺北市,變更,11505
80159500,印鑫科技股份有限公司,臺北市內湖區康寧路3段75巷32號,賴奇韵,18200000,92/02/06,115/05/27,特殊補正,F601010 智慧財產權業；F118010 資訊軟體批發業；I301010 資訊軟體服務業；I103060 管理顧問業；IZ04010 翻譯業；F299990 其他零售業；F399040 無店面零售業；I199990 其他顧問服務業；I599990 其他設計業；IZ02010 打字業,臺北市,變更,11505
80160507,穎達營造股份有限公司,臺北市大安區羅斯福路3段325號8樓之8,張朝宗,8000000,92/02/12,115/05/07,特殊補正,E101011 綜合營造業；E501011 自來水管承裝商；E599010 配管工程業；A102080 園藝服務業；I503010 景觀設計業；E603100 電焊工程業；E604010 機械安裝業；E801010 室內裝潢業；E801020 門窗安裝工程業；E901010 油漆工程業,臺北市,變更,11505
80161908,廣穎電通股份有限公司,臺北市內湖區洲子街106號7樓,陳慧民,652928430,92/02/18,115/05/20,董事(常務董事.董事長)/監察人解任,F218010 資訊軟體零售業；F219010 電子材料零售業；F118010 資訊軟體批發業；F119010 電子材料批發業；F401010 國際貿易業；CC01120 資料儲存媒體製造及複製業；CC01080 電子零組件製造業；CC01101 電信管制射頻器材製造業；F401021 電信管制射頻器材輸入業；ZZ99999 除許可業務外，得經營法令非禁止或限制之業務,臺北市,變更,11505
80162934,長鑫資產管理股份有限公司,臺北市信義區松仁路101號1樓,潘代鼎,28800000,92/02/21,115/05/19,特殊補正,H701010 住宅及大樓開發租售業；H701020 工業廠房開發租售業；I103010 企業經營管理顧問業；I102010 投資顧問業；HZ02010 金融機構金錢債權收買業務；HZ02020 金融機構金錢債權之評價或拍賣業務；I601010 租賃業；I201010 工商徵信服務業。；I301020 資料處理服務業；H701070 區段徵收及市地重劃代辦業,臺北市,變更,11505
80165088,勝德科技股份有限公司,臺北市信義區松仁路260號7樓,林正平,20000000,92/02/27,115/05/27,改選董事/監察人(一人法人股東指派董事/監察人),F213030 事務性機器設備零售業；F213040 精密儀器零售業；F218010 資訊軟體零售業；F219010 電子材料零售業；F401010 國際貿易業；I501010 產品設計業；IZ99990 其他工商服務業（積體電路卡（即ＩＣ卡）之代售）；ZZ99999 除許可業務外，得經營法令非禁止或限制之業務,臺北市,變更,11505
80170195,台灣屈臣氏投資股份有限公司,臺北市松山區八德路4段760號11樓之1,柏善勤,801000000,92/03/17,115/05/11,董事/監察人證照變更,H201010 一般投資業,臺北市,變更,11505
80173221,凱擘股份有限公司,臺北市中山區八德路二段260號9樓,盧榮輝,19937687700,92/03/25,115/05/06,修正章程,E603010 電纜安裝工程業；E605010 電腦設備安裝業；E701010 電信工程業；E701020 衛星電視ＫＵ頻道、Ｃ頻道器材安裝業；E701030 電信管制射頻器材裝設工程業；F113010 機械批發業；F113070 電信器材批發業；F113110 電池批發業；F118010 資訊軟體批發業；F119010 電子材料批發業,臺北市,變更,11505
80175213,以樂生活有限公司,臺北市中正區延平南路61號10樓,游宗寬,3000000,92/03/28,115/05/15,補繳規費,F204110 布疋、衣著、鞋、帽、傘、服飾品零售業；F399040 無店面零售業；F205040 家具、寢具、廚房器具、裝設品零售業；F209060 文教、樂器、育樂用品零售業；F401010 國際貿易業；I501010 產品設計業；ZZ99999 除許可業務外，得經營法令非禁止或限制之業務,臺北市,變更,11505
80181550,元富保險代理人股份有限公司,臺北市大安區敦化南路2段99號11樓,簡翰強,5000000,92/04/15,115/05/15,特殊補正,H601011 人身保險代理人,臺北市,變更,11505
80181572,全勝汽車股份有限公司,臺北市北投區福國路201號,謝志騰,125000000,92/04/09,115/05/05,董事/監察人持股變動報備,F114010 汽車批發業。；CD01030 汽車及其零件製造業。；F114030 汽、機車零件配備批發業。；F214010 汽車零售業。；JA01010 汽車修理業。；F401010 國際貿易業。,臺北市,變更,11505
80181849,富邦科技保險代理人股份有限公司,臺北市中正區襄陽路9號17樓,曾銘宗,111048000,92/04/16,115/05/05,公司名稱變更修正章程,H601011 人身保險代理人；H601021 財產保險代理人,臺北市,變更,11505
80181995,承達投資顧問股份有限公司,臺北市大安區信義路4段256號2樓之2,姜克勤,30000000,92/04/16,115/05/14,減資,I102010 投資顧問業；I103010 企業經營管理顧問業；I103050 創業投資事業管理顧問業；I105010 藝術品諮詢顧問業；I301010 資訊軟體服務業；ZZ99999 除許可業務外，得經營法令非禁止或限制之業務,臺北市,變更,11505
80190782,宸鴻光電科技股份有限公司,臺北市內湖區民權東路6段13之18號6樓,江朝瑞,507170000,92/05/09,115/05/21,一般補正案,CC01010 發電、輸電、配電機械製造業；CC01030 電器及視聽電子產品製造業；CC01080 電子零組件製造業；CC01110 電腦及其週邊設備製造業；F114020 機車批發業；F114030 汽、機車零件配備批發業；F114040 自行車及其零件批發業；F119010 電子材料批發業；F219010 電子材料零售業；F401010 國際貿易業,臺北市,變更,11505
80191142,友晨旅行社股份有限公司,臺北市中山區南京東路3段201號3樓,林硯汝,6000000,92/05/09,115/05/26,改選董事/監察人(一人法人股東指派董事/監察人),J902011 旅行業。,臺北市,變更,11505
80194648,太亞資訊科技有限公司,臺北市中山區復興北路62號9樓,陳燕玲,2000000,92/05/21,115/05/27,公司所在地,F113050 事務性機器設備批發業；F113070 電信器材批發業；F118010 資訊軟體批發業；F213030 事務性機器設備零售業；F213060 電信器材零售業；F218010 資訊軟體零售業；F401010 國際貿易業；I103010 企業經營管理顧問業；I301010 資訊軟體服務業；I301020 資料處理服務業,臺北市,變更,11505
80197032,亮度國際投資有限公司,臺北市大安區龍泉街5巷10號1樓,林子亮,18700000,92/05/28,115/05/25,特殊補正,H201010 一般投資業,臺北市,變更,11505
80200901,宏冠國際投資股份有限公司,臺北市中正區水源路93號4樓,連正世,29400000,92/06/10,115/05/28,改選董事/監察人(一人法人股東指派董事/監察人),H201010 一般投資業。,臺北市,變更,11505
80202014,橙園國際室內裝修設計有限公司,臺北市大安區溫州街52巷11號1樓,吳佩玲,4000000,92/06/12,115/05/28,特殊補正,E801010 室內裝潢業；I501010 產品設計業；I503010 景觀、室內設計業；F105050 家具、寢具、廚房器具、裝設品批發業；F106010 五金批發業；F203010 食品什貨、飲料零售業；F211010 建材零售業；F401010 國際貿易業；E801060 室內裝修業；ZZ99999 除許可業務外，得經營法令非禁止或限制之業務,臺北市,變更,11505
80202485,菖承企業股份有限公司,臺北市萬華區永福街52號,何京擇,30000000,92/06/13,115/05/14,增資(資本總額),C601020 紙製造業；C601030 紙容器製造業；C601040 加工紙製造業；C601990 其他紙製品製造業；C701010 印刷業；C702010 製版業；C703010 印刷品裝訂及加工業；C805020 塑膠膜、袋製造業；C805050 工業用塑膠製品製造業；C805990 其他塑膠製品製造業,臺北市,變更,11505
80207616,瑩碩生技醫藥股份有限公司,臺北市中山區南京東路二段206號8樓之3,王建治,560389500,92/04/10,115/05/19,認股憑證換發新股,F102170 食品什貨批發業；F107200 化學原料批發業；F107070 動物用藥品批發業；F108021 西藥批發業；F108031 醫療器材批發業；F108040 化粧品批發業；F208021 西藥零售業；F207070 動物用藥零售業；F401010 國際貿易業；IG01010 生物技術服務業,臺北市,變更,11505
80240946,聯勤建設實業股份有限公司,臺北市大安區信義路4段233號7樓,陳文森,80000000,91/08/23,115/05/21,改選董事/監察人(一人法人股東指派董事/監察人),E801010 室內裝潢業；I102010 投資顧問業；JE01010 租賃業；F401010 國際貿易業；H701010 住宅及大樓開發租售業；H701040 特定專業區開發業；H701020 工業廠房開發租售業；H701050 投資興建公共建設業；H701060 新市鎮、新社區開發業；H701070 區段徵收及市地重劃代辦業,臺北市,變更,11505
80243583,喜寶國際有限公司,臺北市松山區復興北路369號9樓之2,夏志國,20000000,91/08/30,115/05/05,增資,F102030 菸酒批發業；F102040 飲料批發業；F102050 茶葉批發業；F102170 食品什貨批發業；F104110 布疋、衣著、鞋、帽、傘、服飾品批發業；F106020 日常用品批發業；F107030 清潔用品批發業；F107080 環境用藥批發業；F108040 化粧品批發業；F203010 食品什貨、飲料零售業,臺北市,變更,11505
80258184,居逸室內裝修設計工程有限公司,臺北市萬華區和平西路3段60號2樓,江榮裕,2000000,91/09/24,115/05/22,特殊補正,E599010 配管工程業；E601020 電器安裝業；E603050 自動控制設備工程業；E603090 照明設備安裝工程業；E603100 電焊工程業；E603120 噴砂工程業；E605010 電腦設備安裝業；E801010 室內裝潢業；E801020 門窗安裝工程業；E801030 室內輕鋼架工程業,臺北市,變更,11505
80262357,合通綠能股份有限公司,臺北市大安區敦化南路2段105號22樓,張維正,60000000,91/08/05,115/05/19,增資(資本總額),F117010 消防安全設備批發業；F217010 消防安全設備零售業；E603040 消防安全設備安裝工程業；IF01010 消防安全設備檢修業；E605010 電腦設備安裝業；E701010 電信工程業；E701020 衛星電視ＫＵ頻道、Ｃ頻道器材安裝業；E701030 電信管制射頻器材裝設工程業；F113020 電器批發業；F113050 電腦及事務性機器設備批發業,臺北市,變更,11505
80265495,馬雅資訊股份有限公司,臺北市松山區南京東路4段50號5樓之2,陳博揚,124284450,91/08/14,115/05/28,修正章程,ZZ99999 除許可業務外，得經營法令非禁止或限制之業務；F108031 醫療器材批發業；F208031 醫療器材零售業；CF01011 醫療器材製造業；I301010 資訊軟體服務業；I301020 資料處理服務業；I301030 電子資訊供應服務業；D101060 再生能源自用發電設備業；IG03010 能源技術服務業,臺北市,變更,11505
80266157,賽發科技有限公司,臺北市中正區忠孝東路1段45號8樓之11,畑昌幸(HATA MASAYUKI),5000000,91/08/15,115/05/04,特殊補正,ZZ99999 除許可業務外，得經營法令非禁止或限制之業務,臺北市,變更,11505
80275727,匯特有限公司,臺北市萬華區中華路2段10號1樓,劉豐安,10000000,91/09/16,115/05/05,特殊補正,F114020 機車批發業；F214020 機車零售業；F114030 汽、機車零件配備批發業；F214030 汽、機車零件配備零售業；JA02020 機車修理業；F401010 國際貿易業；H201010 一般投資業；JE01010 租賃業；ZZ99999 除許可業務外，得經營法令非禁止或限制之業務；CD01040 機車及其零件製造業,臺北市,變更,11505
80276943,動能無限科技股份有限公司,臺北市萬華區和平西路3段218巷15號1樓,陳逸鴻,15000000,91/09/18,115/05/19,特殊補正,F113050 電腦及事務性機器設備批發業；F118010 資訊軟體批發業；F119010 電子材料批發業；F109070 文教、樂器、育樂用品批發業；F213030 電腦及事務性機器設備零售業；F218010 資訊軟體零售業；F219010 電子材料零售業；F209060 文教、樂器、育樂用品零售業；F601010 智慧財產權業；I103060 管理顧問業,臺北市,變更,11505
80278920,晉紘實業有限公司,臺北市中山區新生北路3段7號11樓之5,簡國欽,500000,91/09/24,115/05/11,特殊補正,F401010 國際貿易業；A102060 糧商業；ZZ99999 除許可業務外，得經營法令非禁止或限制之業務,臺北市,變更,11505
80280714,台灣優科網路有限公司,臺北市內湖區瑞光路411號11樓,Jonathan Niall Murphy,500000,91/09/27,115/05/07,公司外文名稱變更修正章程,I301010 資訊軟體服務業；E605010 電腦設備安裝業；F113070 電信器材批發業；F401010 國際貿易業；F401021 電信管制射頻器材輸入業；IZ15010 市場研究及民意調查業；IZ99990 其他工商服務業；ZZ99999 除許可業務外，得經營法令非禁止或限制之業務,臺北市,變更,11505
80281559,亞企食材科技股份有限公司,臺北市內湖區洲子街70號8樓,簡皓璇,43000000,91/10/01,115/05/18,公司所營事業變更修正章程,F102030 菸酒批發業；F102040 飲料批發業；F102170 食品什貨批發業；F104110 布疋、衣著、鞋、帽、傘、服飾品批發業；F106020 日常用品批發業；F107030 清潔用品批發業；F108040 化粧品批發業；F109070 文教、樂器、育樂用品批發業；F203010 食品什貨、飲料零售業；F203020 菸酒零售業,臺北市,變更,11505
80305308,康泰公寓大廈管理維護股份有限公司,臺北市中山區長安東路1段23號8樓之3,譚秋英,10000000,91/12/12,115/05/04,改選董事/監察人(一人法人股東指派董事/監察人),I801011 公寓大廈管理服務業,臺北市,變更,11505
80329195,香港商席伊麗亞洲有限公司,臺北市大安區敦化南路二段76號22樓,戴卓治,1000000,91/03/11,115/05/06,改派在中華民國境內負責人變更登記,F104060 寢具批發業；F105010 家具批發業；F204060 寢具零售業；F205010 家具零售業；F401010 國際貿易業；F104110 布疋、衣著、鞋、帽、傘、服飾品批發業；F106020 日常用品批發業；F204110 布疋、衣著、鞋、帽、傘、服飾品零售業；F206020 日常用品零售業；ZZ99999 除許可業務外，得經營法令非禁止或限制之業務,臺北市,變更,11505
80330926,常鋐投資股份有限公司,臺北市中山區長安東路1段9號3樓,姚文良,930000000,91/04/08,115/05/22,增資(資本總額),H201010 一般投資業。,臺北市,變更,11505
80336169,東南汽車客運股份有限公司,臺北市中山區建國北路3段169號,黃仕旻,200000000,91/06/14,115/05/14,改選董事/監察人(一人法人股東指派董事/監察人),G101021 市區汽車客運業；G101011 公路汽車客運業；JA01010 汽車修理業；CD01030 汽車及其零件製造業；F114030 汽、機車零件配備批發業；F214030 汽、機車零件配備零售業；G202010 停車場經營業；ZZ99999 除許可業務外，得經營法令非禁止或限制之業務,臺北市,變更,11505
80336920,香港商日電波有限公司,臺北市大同區承德路一段17號19樓之3,陳孝權,3000000,91/06/24,115/05/05,本公司董事及其他負責人變更,F108031 醫療器材批發業；F208031 醫療器材零售業；F401010 國際貿易業；ZZ99999 除許可業務外，得經營法令非禁止或限制之業務,臺北市,變更,11505
80347644,新加坡商思科系統租賃股份有限公司,臺北市信義區信義路4段460號12樓,趙英傑,151000000,91/11/15,115/05/08,一般補正案,I601010 租賃業；HZ01010 應收帳款收買業務；ZZ99999 除許可業務外，得經營法令非禁止或限制之業務,臺北市,變更,11505
80483703,內間設計有限公司,臺北市中山區雙城街28巷1號6樓,陳彥甫,1000000,92/09/16,115/05/20,特殊補正,ZZ99999 除許可業務外，得經營法令非禁止或限制之業務；F399040 無店面零售業,臺北市,變更,11505
80493934,百辰光電股份有限公司,臺北市內湖區瑞光路26巷20弄28號3樓,林百祁,541238380,92/07/07,115/05/28,修正章程,CC01050 資料儲存及處理設備製造業；CC01060 有線通信機械器材製造業；CC01070 無線通信機械器材製造業；CC01080 電子零組件製造業；F119010 電子材料批發業；CE01030 光學儀器製造業；F213040 精密儀器零售業；F218010 資訊軟體零售業；I301010 資訊軟體服務業；I103010 企業經營管理顧問業,臺北市,變更,11505
80510223,詮能投資股份有限公司,臺北市松山區敦化南路1段57號5樓之3,李宏銘,83000000,92/08/20,115/05/19,改選董事/監察人(一人法人股東指派董事/監察人),H201010 一般投資業。,臺北市,變更,11505
80518668,台灣羅德史瓦茲有限公司,臺北市內湖區堤頂大道2段89號4樓,Robert Siegfried Froehler,42000000,92/09/15,115/05/14,特殊補正,F118010 資訊軟體批發業；F218010 資訊軟體零售業；F113030 精密儀器批發業；F213040 精密儀器零售業；F401010 國際貿易業；E701010 電信工程業；E701030 電信管制射頻器材裝設工程業；F401021 電信管制射頻器材輸入業(限無線電收信機、無線電發射機、無線電收發信機、其他具有產生無線電輻射能之電機。)；E701020 衛星電視ＫＵ頻道、Ｃ頻道器材安裝業；F113070 電信器材批發業,臺北市,變更,11505
80525611,咕咕碁有限公司,臺北市文山區興隆路4段70之1號1樓,洪登輝,7200000,92/10/03,115/05/19,公司所在地,F201090 觀賞魚零售業；F207070 動物用藥零售業；ZZ99999 除許可業務外，得經營法令非禁止或限制之業務；A401060 其他動物服務業；F101120 觀賞魚批發業；F101980 其他動物批發業；F103010 飼料批發業；F106060 寵物食品及其用品批發業；F107070 動物用藥品批發業；F201980 其他動物零售業,臺北市,變更,11505
80530229,本安科技股份有限公司,臺北市內湖區民權東路6段160號4樓,余玉芳,2500000,92/10/16,115/05/29,補繳規費,CE01010 一般儀器製造業；E603050 自動控制設備工程業；E605010 電腦設備安裝業；EZ05010 儀器、儀表安裝工程業；F119010 電子材料批發業；F213040 精密儀器零售業；F218010 資訊軟體零售業；F219010 電子材料零售業；F401010 國際貿易業；ZZ99999 除許可業務外，得經營法令非禁止或限制之業務,臺北市,變更,11505
80530255,富翔資產管理股份有限公司,臺北市中正區博愛路38號3樓,廖林淑花,475000000,92/10/16,115/05/12,改選董事/監察人(一人法人股東指派董事/監察人),HZ02010 金融機構金錢債權收買業務。；HZ02020 辦理金融機構金錢債權之評價或拍賣業務。；ZZ99999 除許可業務外，得經營法令非禁止或限制之業務,臺北市,變更,11505
80530804,全球動力科技股份有限公司,臺北市大安區復興南路1段368號5樓,陳俊男,150513920,92/10/17,115/05/06,特殊補正,F218010 資訊軟體零售業；I301010 資訊軟體服務業；I301020 資料處理服務業；F113050 電腦及事務性機器設備批發業；F113070 電信器材批發業；F118010 資訊軟體批發業；F119010 電子材料批發業；F213030 電腦及事務性機器設備零售業；F109070 文教、樂器、育樂用品批發業；F209060 文教、樂器、育樂用品零售業,臺北市,變更,11505
80535630,禧凰國際有限公司,臺北市中山區民權東路2段70號3樓,陳嬿如,10000000,92/10/30,115/05/13,特殊補正,CC01080 電子零組件製造業；CC01110 電腦及其週邊設備製造業；CC01120 資料儲存媒體製造及複製業；CG01010 珠寶及貴金屬製品製造業；F104110 布疋、衣著、鞋、帽、傘、服飾品批發業；F105050 家具、寢具、廚房器具、裝設品批發業；F106060 寵物食品及其用品批發業；F108040 化粧品批發業；F115010 首飾及貴金屬批發業；F115020 礦石批發業,臺北市,變更,11505
80538664,邑錡股份有限公司,臺北市內湖區瑞光路588號9樓,陳世哲,352806460,92/11/06,115/05/15,可轉換公司債換發新股,F113050 電腦及事務性機器設備批發業；F401010 國際貿易業；I301010 資訊軟體服務業；I301020 資料處理服務業；I301030 電子資訊供應服務業；I501010 產品設計業；ZZ99999 除許可業務外，得經營法令非禁止或限制之業務,臺北市,變更,11505
80538691,蓮坤新媒股份有限公司,臺北市中山區民生東路1段72號2樓之2,徐智雄,10000000,92/11/06,115/05/13,特殊補正,F102050 茶葉批發業；F102170 食品什貨批發業；F203010 食品什貨、飲料零售業；F102040 飲料批發業；F108040 化粧品批發業；F208040 化粧品零售業；F106050 陶瓷玻璃器皿批發業；F106020 日常用品批發業；F206020 日常用品零售業；I102010 投資顧問業,臺北市,變更,11505
80544997,日遊推廣有限公司,臺北市中山區南京東路1段120號6樓,加藤暸,500000,92/11/21,115/05/21,特殊補正,F401010 國際貿易業；I103010 企業經營管理顧問業；I301010 資訊軟體服務業；I301030 電子資訊供應服務業；I401010 一般廣告服務業；I501010 產品設計業；J303010 雜誌業；J304010 圖書出版業；J305010 有聲出版業；ZZ99999 除許可業務外，得經營法令非禁止或限制之業務,臺北市,變更,11505
80546593,量子開發股份有限公司,臺北市北投區文承路28號2樓,郭志鵬,6000000,92/11/26,115/05/29,公司所在地,E801010 室內裝潢業；E801070 廚具、衛浴設備安裝工程業；H701010 住宅及大樓開發租售業；H701020 工業廠房開發租售業；H701040 特定專業區開發業；H701050 投資興建公共建設業；H701060 新市鎮、新社區開發業；H703090 不動產買賣業；H703100 不動產租賃業；I503010 景觀、室內設計業,臺北市,變更,11505
80548157,正文建設股份有限公司,臺北市信義區光復南路429號5樓,張麗君,60000000,92/12/02,115/05/08,公司所在地,H701010 住宅及大樓開發租售業；H701020 工業廠房開發租售業；H701050 投資興建公共建設業；H701060 新市鎮、新社區開發業；H701070 區段徵收及市地重劃代辦業；H701080 都市更新重建業；H703090 不動產買賣業；H703100 不動產租賃業；F401010 國際貿易業；G202010 停車場經營業,臺北市,變更,11505
80550499,伯特利貿易有限公司,臺北市信義區基隆路1段25號7樓,陳青,3500000,92/09/24,115/05/25,特殊補正,F106020 日常用品批發業；F113020 電器批發業；F114030 汽、機車零件配備批發業；F114050 車胎批發業；F401010 國際貿易業；F399040 無店面零售業；F102030 菸酒批發業；F104110 布疋、衣著、鞋、帽、傘、服飾品批發業；F105050 家具、寢具、廚房器具、裝設品批發業；F106010 五金批發業,臺北市,變更,11505
80612381,翰享實業股份有限公司,臺北市中山區長安東路1段23號5樓之3,陳琬薇,35500000,92/12/15,115/05/20,特殊補正,C306010 成衣業；C307010 服飾品製造業；CJ01010 製帽業；F104110 布疋、衣著、鞋、帽、傘、服飾品批發業；F204110 布疋、衣著、鞋、帽、傘、服飾品零售業；I502010 服飾設計業；ZZ99999 除許可業務外，得經營法令非禁止或限制之業務,臺北市,變更,11505
80615774,台新國際開發貿易有限公司,臺北市大安區辛亥路2段143號3樓,李玉惠,2000000,92/12/19,115/05/11,特殊補正,F104010 布疋批發業；F104020 成衣批發業；F401010 國際貿易業；H703100 不動產租賃業；JA05010 留、遊學服務業；ZZ99999 除許可業務外，得經營法令非禁止或限制之業務,臺北市,變更,11505
80633702,樂騰騰通運有限公司,臺北市中山區長春路172號8樓之11,張禾芹,50000000,93/01/13,115/05/25,特殊補正,G101051 遊覽車客運業；ZZ99999 除許可業務外，得經營法令非禁止或限制之業務；F114010 汽車批發業；F114020 機車批發業；F114030 汽、機車零件配備批發業；F114050 車胎批發業；F114990 其他交通運輸工具及其零件批發業；F214010 汽車零售業；F214020 機車零售業；F214050 車胎零售業,臺北市,變更,11505
80653811,可米富亞傳播事業股份有限公司,臺北市信義區信義路5段150巷2號15樓之3,柴智屏,1200000,92/12/17,115/05/28,公司所在地,F113020 電器批發業；F213010 電器零售業；F401010 國際貿易業；F601010 智慧財產權業；J304010 圖書出版業；J305010 有聲出版業；J503011 廣播節目製作業；J503021 電視節目製作業；J503031 廣播電視節目發行業；J503041 廣播電視廣告業,臺北市,變更,11505
80655698,東森人身保險代理人股份有限公司,臺北市中正區重慶南路1段10號11樓,楊俊元,160000000,92/12/22,115/05/20,改選董事/監察人(一人法人股東指派董事/監察人),H601011 人身保險代理人,臺北市,變更,11505
80655769,東森財產保險代理人股份有限公司,臺北市中正區重慶南路1段10號9樓之4,陳世志,100000000,92/12/22,115/05/27,改選董事/監察人(一人法人股東指派董事/監察人),H601021 財產保險代理人,臺北市,變更,11505
80656367,晶幣科技股份有限公司,臺北市中山區南京東路3段70號7樓,洪志賢,140000000,92/12/23,115/05/06,補繳規費,CE01030 光學儀器製造業；F119010 電子材料批發業；F113030 精密儀器批發業；F213040 精密儀器零售業；F401010 國際貿易業；CC01110 電腦及其週邊設備製造業；CC01030 電器及視聽電子產品製造業；CC01080 電子零組件製造業；F113050 電腦及事務性機器設備批發業；F219010 電子材料零售業,臺北市,變更,11505
80657767,亞瑞士有限公司,臺北市內湖區民權東路6段180巷6號11樓之7,龔渝婷,5000000,92/12/25,115/05/05,股東出資轉讓修正章程,F219010 電子材料零售業；F218010 資訊軟體零售業；F118010 資訊軟體批發業；F119010 電子材料批發業；E605010 電腦設備安裝業；F213060 電信器材零售業；F401010 國際貿易業；F101990 其他農、畜、水產品批發業；F104110 布疋、衣著、鞋、帽、傘、服飾品批發業；F105050 家具、寢具、廚房器具、裝設品批發業,臺北市,變更,11505
80664774,資鼎中小企業開發股份有限公司,臺北市松山區民生東路4段133號14樓,蕭博仁,300000000,93/01/16,115/05/21,董事(常務董事.董事長)/監察人解任,H201020 中小企業開發業,臺北市,變更,11505
80669503,名德國際傳播有限公司,臺北市內湖區民權東路6段56巷1弄2號7樓,陳力瑜,5000000,93/02/09,115/05/29,補繳規費,I401010 一般廣告服務業；I401020 廣告傳單分送業；J602010 演藝活動業；JZ99030 攝影業；ZZ99999 除許可業務外，得經營法令非禁止或限制之業務；J503010 廣播節目製作業；J503020 電視節目製作業；J503030 廣播電視節目發行業；J503040 廣播電視廣告業；J701090 錄影節目帶播映業,臺北市,變更,11505
80674317,宇揚機電工程有限公司,臺北市內湖區瑞湖街193號2樓,薛東裕,5000000,93/02/20,115/05/14,復業,E603010 電纜安裝工程業；E603030 通風系統安裝工程業；E603050 自動控制設備工程業；E604010 機械安裝業；E605010 電腦設備安裝業；EZ05010 儀器、儀表安裝工程業；F113010 機械批發業；F113020 電器批發業；F113070 電信器材批發業；F401010 國際貿易業,臺北市,變更,11505
80675483,帕米爾顧問股份有限公司,臺北市松山區敦化北路214號7樓,胡嘉男,17300000,93/02/24,115/05/13,特殊補正,I103010 企業經營管理顧問業。；IZ04010 翻譯業；ZZ99999 除許可業務外，得經營法令非禁止或限制之業務,臺北市,變更,11505
80683977,興吉投資股份有限公司,臺北市信義區松高路19號8樓,彭再弘,690000000,93/03/16,115/05/08,增資(資本總額),H201010 一般投資業,臺北市,變更,11505
80685573,維洲興業有限公司,臺北市大安區信義路4段99巷1號4樓,蕭麗玲,510000,93/03/19,115/05/29,特殊補正,F104110 布疋、衣著、鞋、帽、傘、服飾品批發業；F105050 家具、寢具、廚房器具、裝設品批發業；F106020 日常用品批發業；F106050 陶瓷玻璃器皿批發業；F109070 文教、樂器、育樂用品批發業；F204110 布疋、衣著、鞋、帽、傘、服飾品零售業；F205040 家具、寢具、廚房器具、裝設品零售業；F206020 日常用品零售業；F209060 文教、樂器、育樂用品零售業；F399040 無店面零售業,臺北市,變更,11505
80686778,畫工場有限公司,臺北市中山區中山北路2段128巷3之3號1樓,羅智軒,2500000,93/03/22,115/05/20,增資,F118010 資訊軟體批發業；F218010 資訊軟體零售業；I301010 資訊軟體服務業；I301020 資料處理服務業；I401010 一般廣告服務業；F113050 事務性機器設備批發業；F213030 事務性機器設備零售業,臺北市,變更,11505
80687360,興遠投資股份有限公司,臺北市信義區松高路19號8樓,李玉斐,690000000,93/03/23,115/05/11,增資(資本總額),H201010 一般投資業,臺北市,變更,11505
80687729,興運投資股份有限公司,臺北市信義區松高路19號8樓,陳立伃,690000000,93/03/24,115/05/11,增資(資本總額),H201010 一般投資業,臺北市,變更,11505
80730676,麥奇數位股份有限公司,臺北市中正區和平西路1段3號2樓之1,楊順銓,30000000,93/03/18,115/05/25,改選董事/監察人(一人法人股東指派董事/監察人),E605010 電腦設備安裝業；F109070 文教、樂器、育樂用品批發業；F118010 資訊軟體批發業；F209060 文教、樂器、育樂用品零售業；F218010 資訊軟體零售業；F401010 國際貿易業；F501030 飲料店業；F601010 智慧財產權業；I102010 投資顧問業；I103060 管理顧問業,臺北市,變更,11505
81467907,安豐冷凍股份有限公司,臺北市中山區朱崙街15號,焦威聯,70000000,69/03/22,115/05/26,董事/監察人持股變動報備,C103050 罐頭、冷凍、脫水及醃漬食品製造業；C199990 未分類其他食品製造業；F101050 水產品批發業；F101990 其他農、畜、水產品批發業；G409050 工業專用港或工業專用碼頭船舶貨物裝卸承攬業；G409030 工業專用港或工業專用碼頭船舶理貨業；G801010 倉儲業；ZZ99999 除許可業務外，得經營法令非禁止或限制之業務,臺北市,變更,11505
82772709,智捷能源股份有限公司,臺北市大安區信義路四段89-1號6樓,郭睿諺,561428690,107/10/23,115/05/19,董事/監察人持股變動報備,CB01010 機械設備製造業；CC01080 電子零組件製造業；CC01090 電池製造業；D101060 再生能源自用發電設備業；E601010 電器承裝業；F113110 電池批發業；F119010 電子材料批發業；F213110 電池零售業；F219010 電子材料零售業；F401010 國際貿易業,臺北市,變更,11505
82794274,農道科技股份有限公司,臺北市南港區忠孝東路6段110巷12號5樓,劉祐誠,15151000,108/01/14,115/05/25,特殊補正,I101070 農、林、漁、畜牧顧問業；IG01010 生物技術服務業；A102050 作物栽培服務業；F401010 國際貿易業；F399040 無店面零售業；ZZ99999 除許可業務外，得經營法令非禁止或限制之業務,臺北市,變更,11505
82799524,水源資本股份有限公司,臺北市中正區館前路59號6樓,王文聖,12774853,108/01/21,115/05/05,特殊補正,H703100 不動產租賃業；H201010 一般投資業；H202010 創業投資業；I102010 投資顧問業；I103060 管理顧問業；I301010 資訊軟體服務業；I301020 資料處理服務業；I301030 電子資訊供應服務業；I401010 一般廣告服務業；JZ99050 仲介服務業,臺北市,變更,11505
82802653,台灣邁那比股份有限公司,臺北市中山區南京東路1段15號3樓,張聖豪,44800000,108/02/01,115/05/22,補繳規費,I401010 一般廣告服務業；IZ12010 人力派遣業；JB01010 會議及展覽服務業；I103060 管理顧問業；JZ99090 喜慶綜合服務業；I301010 資訊軟體服務業；IZ15010 市場研究及民意調查業；I701011 就業服務業；ZZ99999 除許可業務外，得經營法令非禁止或限制之業務,臺北市,變更,11505
82807221,耀鵬國際物流股份有限公司,臺北市中山區八德路2段308號5樓,鄭毓文,39150000,108/02/15,115/05/08,特殊補正,G601011 航空貨運承攬業；G801010 倉儲業；IZ06010 理貨包裝業；F401010 國際貿易業；ZZ99999 除許可業務外，得經營法令非禁止或限制之業務,臺北市,變更,11505
82807833,麥錫馬思顧問有限公司,臺北市大安區大安路1段224巷11號,吳易修,1000000,108/02/19,115/05/28,特殊補正,I103060 管理顧問業；I102010 投資顧問業；F401010 國際貿易業；I101090 食品顧問業；I105010 藝術品諮詢顧問業；I199990 其他顧問服務業；I301010 資訊軟體服務業；I301020 資料處理服務業；I301030 電子資訊供應服務業；JA05010 留、遊學服務業,臺北市,變更,11505
82808087,台灣相鐵飯店開發股份有限公司,臺北市中正區中華路1段57號,細川則久,250000000,108/02/20,115/05/06,特殊補正,J901020 一般旅館業；JZ99050 仲介服務業；ZZ99999 除許可業務外，得經營法令非禁止或限制之業務；H703090 不動產買賣業；H703100 不動產租賃業；I401010 一般廣告服務業；F401010 國際貿易業,臺北市,變更,11505
82808349,尚威投資股份有限公司,臺北市信義區松仁路91號1樓,陳彥玲,10000000,108/01/15,115/05/27,公司所在地,H201010 一般投資業；H701010 住宅及大樓開發租售業,臺北市,變更,11505
82812006,辰振國際股份有限公司,臺北市信義區忠孝東路5段412號12樓之2,陳正倫,1000000,108/03/28,115/05/22,改選董事/監察人(一人法人股東指派董事/監察人),JZ99050 仲介服務業；IZ12010 人力派遣業；IZ06010 理貨包裝業；F401010 國際貿易業；G801010 倉儲業；F102170 食品什貨批發業；F203010 食品什貨、飲料零售業；IZ99990 其他工商服務業；JZ99990 未分類其他服務業；ZZ99999 除許可業務外，得經營法令非禁止或限制之業務,臺北市,變更,11505
82813639,智成顧問股份有限公司,臺北市松山區南京東路3段287號9樓,葉建宏,2000000,108/03/20,115/05/25,特殊補正,I102010 投資顧問業；I103060 管理顧問業；I199990 其他顧問服務業；I301020 資料處理服務業；IZ99990 其他工商服務業；JZ99050 仲介服務業；F401010 國際貿易業；ZZ99999 除許可業務外，得經營法令非禁止或限制之業務,臺北市,變更,11505
82815741,澄楓資訊股份有限公司,臺北市大安區光復南路72巷73號3樓,陳台樺,1000000,108/02/21,115/05/28,減少所營事業變更修正章程,I301010 資訊軟體服務業；I301020 資料處理服務業；IZ12010 人力派遣業；I401010 一般廣告服務業；I401020 廣告傳單分送業；I501010 產品設計業；IZ99990 其他工商服務業；F113050 電腦及事務性機器設備批發業；F118010 資訊軟體批發業；F119010 電子材料批發業,臺北市,變更,11505
82816241,緻詠有限公司,臺北市中正區忠孝西路1段6號8樓,黃柏崇,500000,108/02/22,115/05/13,股東出資轉讓修正章程,F203010 食品什貨、飲料零售業；F102170 食品什貨批發業；F108040 化粧品批發業；F208040 化粧品零售業；JZ99110 瘦身美容業；F399040 無店面零售業；F213040 精密儀器零售業；F113030 精密儀器批發業；JE01010 租賃業；I401010 一般廣告服務業,臺北市,變更,11505
82818000,分子智藥股份有限公司,臺北市大安區復興南路2段196號3樓,劉昕,39407801,108/02/27,115/05/06,發行新股,I103060 管理顧問業；I301010 資訊軟體服務業；I301020 資料處理服務業；I301030 電子資訊供應服務業；IG01010 生物技術服務業；IG02010 研究發展服務業；ZZ99999 除許可業務外，得經營法令非禁止或限制之業務,臺北市,變更,11505
82822095,豐盛鑫投資股份有限公司,臺北市大安區復興南路1段222號9樓,游竣宇,11800000,108/03/05,115/05/12,特殊補正,F102040 飲料批發業；F102050 茶葉批發業；F109070 文教、樂器、育樂用品批發業；F201010 農產品零售業；F203010 食品什貨、飲料零售業；F209060 文教、樂器、育樂用品零售業；F399040 無店面零售業；F399990 其他綜合零售業；H201010 一般投資業；H703090 不動產買賣業,臺北市,變更,11505
82822428,康統醫學科技股份有限公司,臺北市中正區北平東路16號8樓,廖威宣,50099964,108/03/14,115/05/14,發行新股,F118010 資訊軟體批發業；F218010 資訊軟體零售業；I301010 資訊軟體服務業；I301020 資料處理服務業；F401010 國際貿易業；F208031 醫療器材零售業；F113050 電腦及事務性機器設備批發業；F213030 電腦及事務性機器設備零售業；CC01120 資料儲存媒體製造及複製業；F219010 電子材料零售業,臺北市,變更,11505
82828529,睿策優化有限公司,臺北市大安區忠孝東路4段169號11樓之1,梁北榮,500000,108/03/11,115/05/07,減少所營事業變更修正章程,F118010 資訊軟體批發業；F218010 資訊軟體零售業；F601010 智慧財產權業；F399040 無店面零售業；F401010 國際貿易業；I103060 管理顧問業；I301010 資訊軟體服務業；I301020 資料處理服務業；I301030 電子資訊供應服務業；I301050 實境體感應用服務業,臺北市,變更,11505
82828669,澤昌生技有限公司,臺北市萬華區西藏路452號8樓,隋莉苓,100000,108/03/12,115/05/04,特殊補正,IG01010 生物技術服務業；F108031 醫療器材批發業；F203010 食品什貨、飲料零售業；F208031 醫療器材零售業；F399040 無店面零售業；ZZ99999 除許可業務外，得經營法令非禁止或限制之業務,臺北市,變更,11505
82833570,華生光實業股份有限公司,臺北市信義區松德路171號13樓之1,鍾志明,20200000,108/04/03,115/05/14,特殊補正,F102170 食品什貨批發業；F105050 家具、寢具、廚房器具、裝設品批發業；F106020 日常用品批發業；F106070 祭祀用品批發業；F108031 醫療器材批發業；F108040 化粧品批發業；F113050 電腦及事務性機器設備批發業；F118010 資訊軟體批發業；F203010 食品什貨、飲料零售業；F205040 家具、寢具、廚房器具、裝設品零售業,臺北市,變更,11505
82836008,之迅科技股份有限公司,臺北市大安區忠孝東路4段300號5樓,林雅雪,6000000,108/04/09,115/05/18,補繳規費,F113050 電腦及事務性機器設備批發業；F213030 電腦及事務性機器設備零售業；F118010 資訊軟體批發業；F218010 資訊軟體零售業；F401010 國際貿易業；E605010 電腦設備安裝業；CC01120 資料儲存媒體製造及複製業；I301030 電子資訊供應服務業；I301010 資訊軟體服務業；I301020 資料處理服務業,臺北市,變更,11505
82843583,台灣富士軟片系統整合股份有限公司,臺北市松山區敦化北路88號6樓,王珮祥,55000000,108/04/08,115/05/13,改選董事/監察人(一人法人股東指派董事/監察人),F213990 其他機械器具零售業；F299990 其他零售業；F213040 精密儀器零售業；C701010 印刷業；C703010 印刷品裝訂及加工業；CB01020 事務機器製造業；CC01060 有線通信機械器材製造業；CC01110 電腦及其週邊設備製造業；CE01030 光學儀器製造業；E604010 機械安裝業,臺北市,變更,11505
82845148,寶智欣科技有限公司,臺北市大同區民權西路136號13樓之11,林依鏗,1000000,108/04/11,115/05/28,補繳規費,I501010 產品設計業；I599990 其他設計業；I301010 資訊軟體服務業；I301020 資料處理服務業；C702010 製版業；F119010 電子材料批發業；F113050 電腦及事務性機器設備批發業；F218010 資訊軟體零售業；F219010 電子材料零售業；F213030 電腦及事務性機器設備零售業,臺北市,變更,11505
82852822,本圓易購有限公司,臺北市大安區忠孝東路4段183號13樓之2,楊智鈞,600000,108/04/25,115/05/08,特殊補正,F102170 食品什貨批發業；F203010 食品什貨、飲料零售業；F102040 飲料批發業；F102050 茶葉批發業；F101130 蔬果批發業；F101990 其他農、畜、水產品批發業；F201990 其他農畜水產品零售業；F201010 農產品零售業；F201020 畜產品零售業；F201030 水產品零售業,臺北市,變更,11505
82854547,雨林新零售股份有限公司,臺北市松山區南京東路4段18號14樓,杜玉婷,214450000,108/04/17,115/05/19,票據兌現/他機關函復/補正,CC01030 電器及視聽電子產品製造業；F102030 菸酒批發業；F102040 飲料批發業；F102170 食品什貨批發業；F104110 布疋、衣著、鞋、帽、傘、服飾品批發業；F105050 家具、寢具、廚房器具、裝設品批發業；F106020 日常用品批發業；F106060 寵物食品及其用品批發業；F108031 醫療器材批發業；F108040 化粧品批發業,臺北市,變更,11505
82855291,湯極股份有限公司,臺北市信義區逸仙路50巷18號1樓,林逸敏,3750000,108/04/18,115/05/11,公司名稱變更修正章程,F101130 蔬果批發業；F102050 茶葉批發業；F201010 農產品零售業；A101020 農作物栽培業；A101030 特用作物栽培業；A102020 農產品整理業；A102050 作物栽培服務業；F102040 飲料批發業；F102170 食品什貨批發業；F203010 食品什貨、飲料零售業,臺北市,變更,11505
82856995,萬旭浤資訊科技有限公司,臺北市大同區延平北路1段37號4樓之1,鄭旭高,16880000,108/04/24,115/05/04,特殊補正,I103060 管理顧問業；I199990 其他顧問服務業；I301010 資訊軟體服務業；I301020 資料處理服務業；I301030 電子資訊供應服務業；I501010 產品設計業；IZ17010 遊說業；H202010 創業投資業；H201010 一般投資業,臺北市,變更,11505
82869345,豐鉅地產股份有限公司,臺北市信義區信義路5段2號6樓,陳清堯,100000000,108/05/06,115/05/19,補繳規費,H701010 住宅及大樓開發租售業；H701020 工業廠房開發租售業；H701040 特定專業區開發業；H701050 投資興建公共建設業；H701060 新市鎮、新社區開發業；H701070 區段徵收及市地重劃代辦業；H703090 不動產買賣業；H703100 不動產租賃業；E801010 室內裝潢業；I401010 一般廣告服務業,臺北市,變更,11505
82869751,豐佳建設股份有限公司,臺北市信義區信義路5段2號6樓,陳清堯,15100000,108/05/07,115/05/11,特殊補正,H701010 住宅及大樓開發租售業；H701020 工業廠房開發租售業；H701040 特定專業區開發業；H701050 投資興建公共建設業；H701060 新市鎮、新社區開發業；H701070 區段徵收及市地重劃代辦業；H701080 都市更新重建業；H701090 都市更新整建維護業；H702010 建築經理業；H703090 不動產買賣業,臺北市,變更,11505
82872019,第一國際環球有限公司,臺北市南港區重陽路125巷36弄6號5樓,趙一莘,10000000,108/05/14,115/05/18,特殊補正,F401010 國際貿易業；F114010 汽車批發業；F214010 汽車零售業；F114020 機車批發業；F214020 機車零售業；F114050 車胎批發業；F214050 車胎零售業；F114030 汽、機車零件配備批發業；F214030 汽、機車零件配備零售業；F114040 自行車及其零件批發業,臺北市,變更,11505
82876459,新禧未來音樂股份有限公司,臺北市信義區菸廠路88號5樓之8,蔡文玲,5000000,108/05/17,115/05/21,改選董事/監察人(一人法人股東指派董事/監察人),F109070 文教、樂器、育樂用品批發業；F209060 文教、樂器、育樂用品零售業；F401010 國際貿易業；F601010 智慧財產權業；I103060 管理顧問業；J602010 演藝活動業；ZZ99999 除許可業務外，得經營法令非禁止或限制之業務；F104110 布疋、衣著、鞋、帽、傘、服飾品批發業；F204110 布疋、衣著、鞋、帽、傘、服飾品零售業；J202010 產業育成業,臺北市,變更,11505
82876850,金鵝臺灣貿易有限公司,臺北市大安區敦化南路2段267號7樓之6,Fabio Sangiovanni,344490,108/05/20,115/05/27,法人股東指(改)派代表人為董事,F104110 布疋、衣著、鞋、帽、傘、服飾品批發業；F204110 布疋、衣著、鞋、帽、傘、服飾品零售業；F115010 首飾及貴金屬批發業；F215010 首飾及貴金屬零售業；F210010 鐘錶零售業；F110010 鐘錶批發業；F401010 國際貿易業；F210020 眼鏡零售業；F110020 眼鏡批發業；F399990 其他綜合零售業,臺北市,變更,11505
82878436,宸銳有限公司,臺北市南港區重陽路190巷12弄6號3樓,陳祥鋒,3000000,108/05/23,115/05/15,特殊補正,CB01010 機械設備製造業；CB01990 其他機械製造業；CD01030 汽車及其零件製造業；CD01040 機車及其零件製造業；CP01010 手工具製造業；CQ01010 模具製造業；CZ99990 未分類其他工業製品製造業；F106010 五金批發業；F106030 模具批發業；F113010 機械批發業,臺北市,變更,11505
82879913,御大倉股份有限公司,臺北市南港區忠孝東路7段508號15樓之8,簡立揚,43163750,108/05/02,115/05/20,特殊補正,F102170 食品什貨批發業；F106020 日常用品批發業；F108040 化粧品批發業；F112040 石油製品批發業；F114030 汽、機車零件配備批發業；I301010 資訊軟體服務業；IZ13010 網路認證服務業；F101040 家畜家禽批發業；F201020 畜產品零售業；F101050 水產品批發業,臺北市,變更,11505
82880708,旭日陽有限公司,臺北市信義區信義路4段395巷6弄8號,張煜棠,100000,108/05/06,115/05/20,公司所營事業變更修正章程,F501060 餐館業；F501990 其他餐飲業；C199030 即食餐食製造業,臺北市,變更,11505
82883509,指南之星創業投資股份有限公司,臺北市大安區敦化南路2段97號25樓,李志豪,300000000,108/05/31,115/05/06,董事/監察人持股變動報備,H202010 創業投資業；H201010 一般投資業,臺北市,變更,11505
82883803,合嘉工程有限公司,臺北市松山區南京東路4段183號10樓之1,柳思強,2000000,108/05/31,115/05/14,特殊補正,I503010 景觀、室內設計業；E801010 室內裝潢業；F111090 建材批發業；F211010 建材零售業；E801030 室內輕鋼架工程業；E801020 門窗安裝工程業；E603100 電焊工程業；E603110 冷作工程業；E604010 機械安裝業；E901010 油漆工程業,臺北市,變更,11505
82886132,直火龍頭有限公司,臺北市大安區忠孝東路4段169號6樓之1,蘇濟恒,3000000,108/05/24,115/05/07,特殊補正,F501060 餐館業；F201020 畜產品零售業；F201030 水產品零售業；F203010 食品什貨、飲料零售業；F399040 無店面零售業；F401010 國際貿易業；F101040 家畜家禽批發業；F101050 水產品批發業；F101990 其他農、畜、水產品批發業；F102170 食品什貨批發業,臺北市,變更,11505
82886772,台灣日立永續能源股份有限公司,臺北市南港區南港路3段9之1號6樓,溫文冠,432000000,108/05/28,115/05/29,特殊補正,CB01010 機械設備製造業；CB01030 污染防治設備製造業；CB01990 其他機械製造業；CC01010 發電、輸電、配電機械製造業；CC01030 電器及視聽電子產品製造業；CC01080 電子零組件製造業；CC01110 電腦及其週邊設備製造業；CC01990 其他電機及電子機械器材製造業；CD01020 軌道車輛及其零件製造業；CD01070 商港區船舶小修業,臺北市,變更,11505
82887060,中厚化學股份有限公司,臺北市中山區民生東路3段2號4樓之3,CHAN HUAN YONG,124550000,108/05/28,115/05/25,特殊補正,F107200 化學原料批發業；F207200 化學原料零售業；F401010 國際貿易業；ZZ99999 除許可業務外，得經營法令非禁止或限制之業務,臺北市,變更,11505
82891228,宅家室內裝修股份有限公司,臺北市大安區敦化南路2段46號3樓,朱俞君,2000000,108/06/17,115/05/05,特殊補正,E801010 室內裝潢業；E801060 室內裝修業；I105010 藝術品諮詢顧問業；I301020 資料處理服務業；I301030 電子資訊供應服務業；I401010 一般廣告服務業；I503010 景觀、室內設計業；IG03010 能源技術服務業；J101010 建築物清潔服務業；F105050 家具、寢具、廚房器具、裝設品批發業,臺北市,變更,11505
82897291,白質思維設計有限公司,臺北市大安區延吉街153之10號地下,吳芝鋑(Goh Kee Joon),200000,108/05/28,115/05/29,特殊補正,I199990 其他顧問服務業；I503010 景觀、室內設計業；IZ99990 其他工商服務業；ZZ99999 除許可業務外，得經營法令非禁止或限制之業務,臺北市,變更,11505
82897433,歐亞環保投資股份有限公司,臺北市內湖區堤頂大道1段35號6樓,陳誌興,93000000,108/05/28,115/05/25,申登機關變更（遷入，含卷）,H202010 創業投資業；H201010 一般投資業；F113100 污染防治設備批發業；F113990 其他機械器具批發業；F213100 污染防治設備零售業；F213990 其他機械器具零售業；ZZ99999 除許可業務外，得經營法令非禁止或限制之業務；I301010 資訊軟體服務業；J101010 建築物清潔服務業,臺北市,變更,11505
82898469,豪葳日盛股份有限公司,臺北市中山區合江街78號,梁承濠,3000000,108/06/03,115/05/29,特殊補正,F102020 食用油脂批發業；F102030 菸酒批發業；F102040 飲料批發業；F102050 茶葉批發業；F102170 食品什貨批發業；F102180 酒精批發業；F103010 飼料批發業；F104110 布疋、衣著、鞋、帽、傘、服飾品批發業；F110010 鐘錶批發業；F110020 眼鏡批發業,臺北市,變更,11505
82901014,光行者事業股份有限公司,臺北市信義區忠孝東路5段270號4樓之8,田蓉蓉,6000000,108/06/12,115/05/13,特殊補正,F106050 陶瓷玻璃器皿批發業；F106020 日常用品批發業；F106010 五金批發業；F105050 家具、寢具、廚房器具、裝設品批發業；F106040 水器材料批發業；F107030 清潔用品批發業；F108040 化粧品批發業；F205040 家具、寢具、廚房器具、裝設品零售業；F206010 五金零售業；F206020 日常用品零售業,臺北市,變更,11505
82906524,荷叡森有限公司,臺北市大安區敦化南路1段176號,張微,100000,108/07/11,115/05/15,特殊補正,F104110 布疋、衣著、鞋、帽、傘、服飾品批發業；F105050 家具、寢具、廚房器具、裝設品批發業；F106020 日常用品批發業；F106050 陶瓷玻璃器皿批發業；F108040 化粧品批發業；F204110 布疋、衣著、鞋、帽、傘、服飾品零售業；F205040 家具、寢具、廚房器具、裝設品零售業；F206020 日常用品零售業；F208040 化粧品零售業；F399040 無店面零售業,臺北市,變更,11505
82908282,昱晟事業股份有限公司,臺北市信義區忠孝東路4段560號10樓之2,柯威志,3000000,108/06/19,115/05/21,特殊補正,C802090 清潔用品製造業；C802100 化粧品製造業；F107030 清潔用品批發業；F108040 化粧品批發業；F401010 國際貿易業；I103060 管理顧問業；I199990 其他顧問服務業；I401010 一般廣告服務業；ZZ99999 除許可業務外，得經營法令非禁止或限制之業務；F108031 醫療器材批發業,臺北市,變更,11505
82908939,麗瑞嘉生技股份有限公司,臺北市大安區忠孝東路4段219號8樓,羅麗芬,145000000,108/06/21,115/05/05,特殊補正,JZ99110 瘦身美容業；JZ99080 美容美髮服務業；JB01010 會議及展覽服務業；C802110 化粧品色素製造業；C802100 化粧品製造業；F108040 化粧品批發業；F108021 西藥批發業；F108031 醫療器材批發業；F108051 化粧品色素販賣業；F208021 西藥零售業,臺北市,變更,11505
82909162,東糖能源服務股份有限公司,臺北市中山區長安東路1段9號9樓,侯傑騰,210000000,108/06/24,115/05/12,改選董事/監察人(一人法人股東指派董事/監察人),C801110 肥料製造業；D101060 再生能源自用發電設備業；F107050 肥料批發業；F207050 肥料零售業；J101080 資源回收業,臺北市,變更,11505
82910203,鑫成海國際股份有限公司,臺北市大安區忠孝東路4段148號7樓之6,賴宥岑,10000000,108/06/25,115/05/06,特殊補正,CC01110 電腦及其週邊設備製造業；CC01120 資料儲存媒體製造及複製業；CC01990 其他電機及電子機械器材製造業；E604010 機械安裝業；E605010 電腦設備安裝業；E701030 電信管制射頻器材裝設工程業；E701040 簡易電信設備安裝業；F104110 布疋、衣著、鞋、帽、傘、服飾品批發業；F106020 日常用品批發業；F113020 電器批發業,臺北市,變更,11505
82911293,撼星數位行銷股份有限公司,臺北市中山區龍江路295巷10之2號,黃薇心,2000000,108/06/27,115/05/22,改選董事/監察人(一人法人股東指派董事/監察人),F118010 資訊軟體批發業；F218010 資訊軟體零售業；F106020 日常用品批發業；F206020 日常用品零售業；F109070 文教、樂器、育樂用品批發業；F209060 文教、樂器、育樂用品零售業；F105050 家具、寢具、廚房器具、裝設品批發業；F205040 家具、寢具、廚房器具、裝設品零售業；F204110 布疋、衣著、鞋、帽、傘、服飾品零售業；F104110 布疋、衣著、鞋、帽、傘、服飾品批發業,臺北市,變更,11505
82919675,繆偲股份有限公司,臺北市中正區開封街1段37號5樓,曾國瑋,3500000,108/07/09,115/05/20,改選董事/監察人(一人法人股東指派董事/監察人),F218010 資訊軟體零售業；F118010 資訊軟體批發業；J399010 軟體出版業；J305010 有聲出版業；J399990 其他出版業；F399040 無店面零售業；F401010 國際貿易業；I401010 一般廣告服務業；I501010 產品設計業；I599990 其他設計業,臺北市,變更,11505
82920764,湠臺灣電影股份有限公司,臺北市中正區衡陽路51號6樓之1,姚文智,33000000,108/06/27,115/05/29,特殊補正,F209060 文教、樂器、育樂用品零售業；F216010 照相器材零售業；F401010 國際貿易業；F601010 智慧財產權業；J305010 有聲出版業；J401010 電影片製作業；J402010 電影片發行業；J503020 電視節目製作業；J503030 廣播電視節目發行業；J503040 廣播電視廣告業,臺北市,變更,11505
82938440,盛禾光電股份有限公司,臺北市信義區松仁路97號10樓,蘇政欣,5000000,108/07/30,115/05/21,減資,F113050 電腦及事務性機器設備批發業；F119010 電子材料批發業；F401010 國際貿易業；I301010 資訊軟體服務業；CC01080 電子零組件製造業；CC01030 電器及視聽電子產品製造業；ZZ99999 除許可業務外，得經營法令非禁止或限制之業務；D101050 汽電共生業；D101060 再生能源自用發電設備業；D401010 熱能供應業,臺北市,變更,11505
82940179,群益私募股權股份有限公司,臺北市松山區民生東路3段156號11樓,周秀真,330000000,109/12/03,115/05/28,法人股東更名、國籍、地址變更,I102010 投資顧問業；I103060 管理顧問業；H202010 創業投資業；H201010 一般投資業；H204010 私募股權投資業；ZZ99999 除許可業務外，得經營法令非禁止或限制之業務,臺北市,變更,11505
82941022,寬仁國際有限公司,臺北市中正區開封街1段13號5樓,邱瑞靜,450000,109/12/04,115/05/11,特殊補正,F101040 家畜家禽批發業；F101050 水產品批發業；F101130 蔬果批發業；F101990 其他農、畜、水產品批發業；F102170 食品什貨批發業；F104110 布疋、衣著、鞋、帽、傘、服飾品批發業；F105050 家具、寢具、廚房器具、裝設品批發業；F106020 日常用品批發業；F107030 清潔用品批發業；F108040 化粧品批發業,臺北市,變更,11505
82943210,圖瑪斯國際有限公司,臺北市信義區嘉興街311號1樓,張學昊,5000000,109/12/10,115/05/15,公司所在地,C305010 印染整理業；C805010 塑膠皮、布、板、管材製造業；C805030 塑膠日用品製造業；C805050 工業用塑膠製品製造業；C805060 塑膠皮製品製造業；EZ11010 球場跑道樹脂材料鋪設工程業；EZ14010 運動場地用設備工程業；F102050 茶葉批發業；F102170 食品什貨批發業；F104110 布疋、衣著、鞋、帽、傘、服飾品批發業,臺北市,變更,11505
82943366,電鯨股份有限公司,臺北市松山區光復北路95號1樓,謝綸,7381000,109/12/10,115/05/05,特殊補正,I301010 資訊軟體服務業；I301020 資訊處理服務業；I301030 電子資訊供應服務業；I401010 一般廣告服務業；J404010 動畫影片製作業；J404020 提供設備及場地供電影片拍攝業；J404040 電影錄音業；J404050 電影特效製作業；J503010 廣播節目製作業；J503020 電視節目製作業,臺北市,變更,11505
82948931,草木和股份有限公司,臺北市士林區德行東路280號1樓,沈一中,40000000,109/11/30,115/05/18,特殊補正,H201010 一般投資業；I103060 管理顧問業；C113020 酒類半成品製造業；F102030 菸酒批發業；F203020 菸酒零售業；F401010 國際貿易業；I102010 一般投資顧問業；ZZ99999 除許可業務外，得經營法令非禁止或限制之業務,臺北市,變更,11505
82950366,豐饒數位有限公司,臺北市大安區忠孝東路4段270號17樓,楊淑雯,1000000,108/07/15,115/05/21,公司名稱變更修正章程,I199990 其他顧問服務業；I501010 產品設計業；I301010 資訊軟體服務業；I301020 資料處理服務業；I301030 電子資訊供應服務業；E605010 電腦設備安裝業；F113050 電腦及事務性機器設備批發業；F213030 電腦及事務性機器設備零售業；I301050 實境體感應用服務業；I401010 一般廣告服務業,臺北市,變更,11505
82954665,世永興業有限公司,臺北市中山區建國北路3段90號1樓,陳淑瑩,2000000,108/08/08,115/05/07,特殊補正,H201010 一般投資業；ZZ99999 除許可業務外，得經營法令非禁止或限制之業務,臺北市,變更,11505
82962623,合鋒整合行銷有限公司,臺北市中正區中華路1段59號9樓,吳宗翰,1110466,108/07/24,115/05/06,特殊補正,F101040 家畜家禽批發業；F101050 水產品批發業；F101130 蔬果批發業；F101990 其他農、畜、水產品批發業；F102020 食用油脂批發業；F102040 飲料批發業；F102050 茶葉批發業；F102170 食品什貨批發業；F104110 布疋、衣著、鞋、帽、傘、服飾品批發業；F105050 家具、寢具、廚房器具、裝設品批發業,臺北市,變更,11505
82967893,聖世金業有限公司,臺北市信義區基隆路1段155號13樓之5,邱嬿妤,6000000,108/07/25,115/05/22,特殊補正,F115010 首飾及貴金屬批發業；F215010 首飾及貴金屬零售業；F401010 國際貿易業；I102010 一般投資顧問業；I103060 管理顧問業；I199990 其他顧問服務業；ZZ99999 除許可業務外，得經營法令非禁止或限制之業務,臺北市,變更,11505
82968252,匯誠國際支付股份有限公司,臺北市中山區植福路308號3樓之2,詹富程,123000000,108/07/26,115/05/29,特殊補正,I701011 就業服務業；IZ12010 人力派遣業；JZ99050 仲介服務業；I301010 資訊軟體服務業；I301020 資料處理服務業；I301030 電子資訊供應服務業；CC01120 資料儲存媒體製造及複製業；I102010 投資顧問業；I103060 管理顧問業；I199990 其他顧問服務業,臺北市,變更,11505
82972684,大與行銷創意有限公司,臺北市中山區松江路194巷8之1號1樓,林嘉俊,3600000,112/03/02,115/05/15,股東出資轉讓修正章程,F111090 建材批發業；F401010 國際貿易業；H701010 住宅及大樓開發租售業；H701020 工業廠房開發租售業；H701050 投資興建公共建設業；H701060 新市鎮、新社區開發業；H701070 區段徵收及市地重劃代辦業；H701090 都市更新整建維護業；H702010 建築經理業；H703090 不動產買賣業,臺北市,變更,11505
82975275,算法增長科技有限公司,臺北市信義區基隆路1段206號18樓,棟樑,4900000,112/02/23,115/05/27,股東出資轉讓修正章程,I301010 資訊軟體服務業；I301020 資料處理服務業；I301030 電子資訊供應服務業；CC01120 資料儲存媒體製造及複製業；I103060 管理顧問業；I199990 其他顧問服務業；I401010 一般廣告服務業；I501010 產品設計業；IZ15010 市場研究及民意調查業；F118010 資訊軟體批發業,臺北市,變更,11505
82975633,台灣和旭綠能股份有限公司,臺北市信義區忠孝東路5段68號14樓,黃良傑,300000000,112/03/01,115/05/05,特殊補正,IG03010 能源技術服務業；D401010 熱能供應業；F401010 國際貿易業；ZZ99999 除許可業務外，得經營法令非禁止或限制之業務,臺北市,變更,11505
82978049,喆日不動產有限公司,臺北市中山區松江路97巷25號1樓,李美足,3000000,112/03/07,115/05/26,特殊補正,H704031 不動產仲介經紀業；H201010 一般投資業；H701010 住宅及大樓開發租售業；H701020 工業廠房開發租售業；H701050 投資興建公共建設業；H701060 新市鎮、新社區開發業；H701070 區段徵收及市地重劃代辦業；H701090 都市更新整建維護業；H703090 不動產買賣業；H703100 不動產租賃業,臺北市,變更,11505
82983839,高明能源股份有限公司,臺北市內湖區基湖路10巷1號5樓,李忠良,335000000,112/03/08,115/05/22,特殊補正,CC01010 發電、輸電、配電機械製造業；D401010 熱能供應業；E599010 配管工程業；E601010 電器承裝業；E601020 電器安裝業；E603010 電纜安裝工程業；E603050 自動控制設備工程業；E604010 機械安裝業；EZ05010 儀器、儀表安裝工程業；EZ99990 其他工程業,臺北市,變更,11505
82984921,昇榮建設股份有限公司,臺北市內湖區舊宗路2段123號3樓,林智源,18000000,112/02/18,115/05/13,改選董事/監察人(一人法人股東指派董事/監察人),E801010 室內裝潢業；F111090 建材批發業；F113010 機械批發業；F211010 建材零售業；F213080 機械器具零售業；F401010 國際貿易業；H701010 住宅及大樓開發租售業；H701020 工業廠房開發租售業；H701040 特定專業區開發業；H701050 投資興建公共建設業,臺北市,變更,11505
82985132,芮康生物科技股份有限公司,臺北市大安區大安路1段133號6樓,何鈞軒,11000000,112/02/18,115/05/06,發行新股,I301010 資訊軟體服務業；I301020 資料處理服務業；I301030 電子資訊供應服務業；IC01010 藥品檢驗業；IG01010 生物技術服務業；E605010 電腦設備安裝業；F113050 電腦及事務性機器設備批發業；F118010 資訊軟體批發業；F213030 電腦及事務性機器設備零售業；F218010 資訊軟體零售業,臺北市,變更,11505
82985148,萊力國際商務股份有限公司,臺北市信義區基隆路1段333號12樓,廖為儁,5000000,112/02/18,115/05/06,特殊補正,E401010 疏濬業；E605010 電腦設備安裝業；F102040 飲料批發業；F102170 食品什貨批發業；F104110 布疋、衣著、鞋、帽、傘、服飾品批發業；F105050 家具、寢具、廚房器具、裝設品批發業；F106010 五金批發業；F106020 日常用品批發業；F107030 清潔用品批發業；F108040 化粧品批發業,臺北市,變更,11505
82985436,旭智資產管理有限公司,臺北市中正區忠孝西路1段66號28樓,趙美玲,10000000,112/02/20,115/05/29,公司所在地,H701010 住宅及大樓開發租售業；H701020 工業廠房開發租售業；H701050 投資興建公共建設業；H701060 新市鎮、新社區開發業；H701090 都市更新整建維護業；H703090 不動產買賣業；H703100 不動產租賃業；H201010 一般投資業；ZZ99999 除許可業務外，得經營法令非禁止或限制之業務,臺北市,變更,11505
82985457,嘉豪開發有限公司,臺北市中山區新生北路2段31之1號9樓之7,崔嘉豪,500000,112/02/21,115/05/20,股東出資轉讓修正章程,H701010 住宅及大樓開發租售業；H701020 工業廠房開發租售業；H701050 投資興建公共建設業；H701060 新市鎮、新社區開發業；H701070 區段徵收及市地重劃代辦業；H701090 都市更新整建維護業；H703090 不動產買賣業；H703100 不動產租賃業；HZ99990 其他金融、保險及不動產業；I401010 一般廣告服務業,臺北市,變更,11505
82985793,御匯國際有限公司,臺北市大同區華陰街103號4樓,楊政彥,200000,112/02/21,115/05/19,特殊補正,JZ99080 美容美髮服務業；JZ99110 瘦身美容業；F107030 清潔用品批發業；F108040 化粧品批發業；F107020 染料、顏料批發業；F106010 五金批發業；F213010 電器零售業；F401010 國際貿易業；JE01010 租賃業；J202010 產業育成業,臺北市,變更,11505
82990260,力誠開發股份有限公司,臺北市中山區市民大道2段5巷1號,陳育沁,5100000,112/03/09,115/05/04,特殊補正,H701010 住宅及大樓開發租售業；H701020 工業廠房開發租售業；H701050 投資興建公共建設業；H701060 新市鎮、新社區開發業；H701070 區段徵收及市地重劃代辦業；H701090 都市更新整建維護業；H703090 不動產買賣業；H703100 不動產租賃業；H703110 老人住宅業；ZZ99999 除許可業務外，得經營法令非禁止或限制之業務,臺北市,變更,11505
82990901,香港商富宜物流有限公司,臺北市中山區復興北路178號14樓之1,韓宜錫,7500000,112/03/15,115/05/22,一般補正案,G501020 民用航空總代理業；G801010 倉儲業；IZ06010 理貨包裝業；G601011 航空貨運承攬業；G402011 海運承攬運送業,臺北市,變更,11505
82998333,惟微設計有限公司,臺北市大安區信義路4段1號2樓,周玗箴,1500000,112/03/14,115/05/19,公司所在地,E801010 室內裝潢業；I503010 景觀、室內設計業；E603090 照明設備安裝工程業；E605010 電腦設備安裝業；E801020 門窗安裝工程業；E801030 室內輕鋼架工程業；E801040 玻璃安裝工程業；E901010 油漆工程業；F211010 建材零售業；I301010 資訊軟體服務業,臺北市,變更,11505
82998755,堡昇有限公司,臺北市士林區福國路26號1樓,翁德偉,6000000,112/03/15,115/05/04,特殊補正,F501060 餐館業；F102170 食品什貨批發業；F203010 食品什貨、飲料零售業；F102040 飲料批發業；F501030 飲料店業；F401010 國際貿易業,臺北市,變更,11505
83000012,泛影有限公司,臺北市大同區太原路50號2樓,蕭惟澤,2200000,112/03/20,115/05/25,特殊補正,F113020 電器批發業；F213010 電器零售業；F104110 布疋、衣著、鞋、帽、傘、服飾品批發業；F204110 布疋、衣著、鞋、帽、傘、服飾品零售業；F106020 日常用品批發業；F206020 日常用品零售業；F109070 文教、樂器、育樂用品批發業；F209060 文教、樂器、育樂用品零售業；F105050 家具、寢具、廚房器具、裝設品批發業；F205040 家具、寢具、廚房器具、裝設品零售業,臺北市,變更,11505
83000370,宣達數位科技股份有限公司,臺北市中山區南京東路2段124號11樓,伍帥龍,20000000,112/03/20,115/05/15,特殊補正,I301010 資訊軟體服務業；I301020 資料處理服務業；I301030 電子資訊供應服務業；I401010 一般廣告服務業；IZ13010 網路認證服務業；IZ99990 其他工商服務業；F399040 無店面零售業；I301040 第三方支付服務業；ZZ99999 除許可業務外，得經營法令非禁止或限制之業務；I301050 實境體感應用服務業,臺北市,變更,11505
83003931,昇榮服裝股份有限公司,臺北市內湖區舊宗路2段123號3樓,林詩庭,2000000,112/03/09,115/05/27,改選董事/監察人(一人法人股東指派董事/監察人),F104110 布疋、衣著、鞋、帽、傘、服飾品批發業；F204110 布疋、衣著、鞋、帽、傘、服飾品零售業；F106020 日常用品批發業；F206020 日常用品零售業；F110020 眼鏡批發業；F210020 眼鏡零售業；F115010 首飾及貴金屬批發業；F215010 首飾及貴金屬零售業；C306010 成衣業；C307010 服飾品製造業,臺北市,變更,11505
83004164,傑西寶寶有限公司,臺北市大安區光復南路442號,呂孟倫,5130000,112/03/09,115/05/27,增資,ZZ99999 除許可業務外，得經營法令非禁止或限制之業務；F203010 食品什貨、飲料零售業,臺北市,變更,11505
83004376,龐澳國際交流股份有限公司,臺北市中正區衡陽路51號6樓之1,鍾佩陵,5000000,112/03/09,115/05/18,特殊補正,I199990 其他顧問服務業；I103060 管理顧問業；IZ04010 翻譯業；IZ12010 人力派遣業；IZ99990 其他工商服務業；J202010 產業育成業；J799990 其他休閒服務業；JA05010 留、遊學服務業；JB01010 會議及展覽服務業；F401010 國際貿易業,臺北市,變更,11505
83004495,弦亮有限公司,臺北市中山區南京東路1段52號2樓,朱麗潔,6000000,112/03/09,115/05/08,特殊補正,F401010 國際貿易業；I401010 一般廣告服務業；J601010 藝文服務業；J602010 演藝活動業；J603010 音樂展演空間業；J404010 動畫影片製作業；J503050 錄影節目帶業；J701090 錄影節目帶播映業；JZ99030 攝影業,臺北市,變更,11505
83005537,海洋地板國際有限公司,臺北市中山區松江路133巷12號1樓,邱秉寬,10000,112/03/15,115/05/25,公司所營事業變更修正章程,C703010 印刷品裝訂及加工業；E599010 配管工程業；E601010 電器承裝業；E601020 電器安裝業；E603010 電纜安裝工程業；E603020 電梯安裝工程業；E603040 消防安全設備安裝工程業；E603050 自動控制設備工程業；E603090 照明設備安裝工程業；E603100 電焊工程業,臺北市,變更,11505
83018218,富廣達綠能股份有限公司,臺北市中正區館前路2號12樓,王甯,5000000,112/04/13,115/05/27,增資(資本總額),C701010 印刷業；C601020 紙製造業；C601030 紙容器製造業；C703010 印刷品裝訂及加工業；I501010 產品設計業；F109070 文教、樂器、育樂用品批發業；F209060 文教、樂器、育樂用品零售業；F401010 國際貿易業；F101100 花卉批發業；F201070 花卉零售業,臺北市,變更,11505
83029448,映底子國際傳媒股份有限公司,臺北市內湖區民權東路6段491號2樓,郭建宏,31500000,112/03/31,115/05/26,補選董事(常務董事.董事長)/監察人,ZZ99999 除許可業務外，得經營法令非禁止或限制之業務；J401010 電影片製作業；J503020 電視節目製作業；J402010 電影片發行業；J503040 廣播電視廣告業；J503010 廣播節目製作業；F118010 資訊軟體批發業；F401010 國際貿易業；F601010 智慧財產權業；J305010 有聲出版業,臺北市,變更,11505
83029502,方德背客股份有限公司,臺北市萬華區西藏路492號2樓之2,蔣紀綱,1000000,112/04/06,115/05/29,特殊補正,I103060 管理顧問業；I199990 其他顧問服務業；I401010 一般廣告服務業；H703100 不動產租賃業；J601010 藝文服務業；J602010 演藝活動業；JB01010 會議及展覽服務業；J202010 產業育成業；F401010 國際貿易業；I301010 資訊軟體服務業,臺北市,變更,11505
83029658,創信室內裝修設計有限公司,臺北市信義區基隆路1段163號14樓之1,林濬澤,4500000,112/03/31,115/05/25,特殊補正,CN01010 家具及裝設品製造業；E601020 電器安裝業；E603040 消防安全設備安裝工程業；E603050 自動控制設備工程業；E603090 照明設備安裝工程業；E701040 簡易電信設備安裝業；E801010 室內裝潢業；E801020 門窗安裝工程業；E801030 室內輕鋼架工程業；E801040 玻璃安裝工程業,臺北市,變更,11505
83030276,好好喔股份有限公司,臺北市大同區甘谷街26號5樓,邱羿澄,2000000,112/04/07,115/05/27,改選董事/監察人(一人法人股東指派董事/監察人),F102030 菸酒批發業；F102040 飲料批發業；F102050 茶葉批發業；F102170 食品什貨批發業；F104110 布疋、衣著、鞋、帽、傘、服飾品批發業；F105050 家具、寢具、廚房器具、裝設品批發業；F106020 日常用品批發業；F106050 陶瓷玻璃器皿批發業；F106060 寵物食品及其用品批發業；F107030 清潔用品批發業,臺北市,變更,11505
83031063,愛而生股份有限公司,臺北市中山區松江路54號9樓之2,張謀偉,9799997,112/03/25,115/05/22,特殊補正,F108031 醫療器材批發業；F208031 醫療器材零售業；F106020 日常用品批發業；F113030 精密儀器批發業；F118010 資訊軟體批發業；F119010 電子材料批發業；F206020 日常用品零售業；F213040 精密儀器零售業；F218010 資訊軟體零售業；F219010 電子材料零售業,臺北市,變更,11505
83031319,豐恩生活有限公司,臺北市南港區八德路4段871號3樓之3,江志仁,350000,112/03/27,115/05/14,特殊補正,A101020 農作物栽培業；A101030 特用作物栽培業；A101040 食用菌菇類栽培業；A101050 花卉栽培業；A102020 農產品整理業；A102050 作物栽培服務業；A199990 其他農業；F101130 蔬果批發業；F101990 其他農、畜、水產品批發業；F102030 菸酒批發業,臺北市,變更,11505
83031465,微眾有限公司,臺北市南港區市民大道8段207號4樓,"ZHUO,YANG",15000000,112/03/28,115/05/21,特殊補正,F204110 布疋、衣著、鞋、帽、傘、服飾品零售業；I401010 一般廣告服務業；J601010 藝文服務業；JB01010 會議及展覽服務業,臺北市,變更,11505
83031839,小林優美國際有限公司,臺北市中正區許昌街42之1號10樓,KOJIKA YUMI(小鹿優美),500000,112/03/28,115/05/04,公司所在地,J601010 藝文服務業；J602010 演藝活動業；JZ99050 仲介服務業；IZ12010 人力派遣業；F399040 無店面零售業；F102170 食品什貨批發業；F203010 食品什貨、飲料零售業；F401010 國際貿易業；I199990 其他顧問服務業；I103060 管理顧問業,臺北市,變更,11505
83032160,東豐國際開發有限公司,臺北市中山區民權東路1段72號7樓之3,陳治廷,1000000,112/03/29,115/05/20,補繳規費,F102030 菸酒批發業；F102040 飲料批發業；F102170 食品什貨批發業；F106020 日常用品批發業；F203010 食品什貨、飲料零售業；F203020 菸酒零售業；F206020 日常用品零售業；F104110 布疋、衣著、鞋、帽、傘、服飾品批發業；F204110 布疋、衣著、鞋、帽、傘、服飾品零售業；F108040 化粧品批發業,臺北市,變更,11505
83032295,福瑜智投資開發有限公司,臺北市內湖區洲子街176號3樓,郭冠宏,6000000,112/03/29,115/05/19,補繳規費,H201010 一般投資業；H202010 創業投資業；ZZ99999 除許可業務外，得經營法令非禁止或限制之業務,臺北市,變更,11505
83032400,萬富創業投資股份有限公司,臺北市中山區民生東路二段172號10樓,蔣為峰,676800000,112/03/29,115/05/18,改選董事/監察人(一人法人股東指派董事/監察人),H202010 創業投資業,臺北市,變更,11505
83033013,憶如有限公司,臺北市中山區民族東路212號2樓,廖豐郁,500000,112/03/30,115/05/06,特殊補正,F206010 五金零售業；F206020 日常用品零售業；F205040 家具、寢具、廚房器具、裝設品零售業；F399040 無店面零售業；F401010 國際貿易業；ZZ99999 除許可業務外，得經營法令非禁止或限制之業務,臺北市,變更,11505
83033745,源辰科技有限公司,臺北市松山區復興南路1段45號5樓,吳育真,2000000,112/03/22,115/05/26,公司所在地,F207010 漆料、塗料零售業；F113030 精密儀器批發業；F207170 工業助劑零售業；F207200 化學原料零售業；F213040 精密儀器零售業；F219010 電子材料零售業；F207190 塑膠膜、袋零售業；F207990 其他化學製品零售業；F107200 化學原料批發業；F212050 石油製品零售業,臺北市,變更,11505
83033750,恆源投資有限公司,臺北市中正區衡陽路51號11樓之1,李宗霖,2000000,112/03/22,115/05/25,改推董事/董事長,H201010 一般投資業；ZZ99999 除許可業務外，得經營法令非禁止或限制之業務,臺北市,變更,11505
83033908,幸運安康有限公司,臺北市中正區懷寧街76號1樓,吳琬琪,1000000,112/03/23,115/05/20,特殊補正,F102170 食品什貨批發業；F102040 飲料批發業；F104110 布疋、衣著、鞋、帽、傘、服飾品批發業；F105050 家具、寢具、廚房器具、裝設品批發業；F106020 日常用品批發業；F107030 清潔用品批發業；F108040 化粧品批發業；F203010 食品什貨、飲料零售業；F204110 布疋、衣著、鞋、帽、傘、服飾品零售業；F205040 家具、寢具、廚房器具、裝設品零售業,臺北市,變更,11505
83036948,二手股份有限公司,臺北市松山區八德路3段223號,王宥忻,1000000,112/04/07,115/05/20,特殊補正,H201010 一般投資業；H202010 創業投資業；H701010 住宅及大樓開發租售業；H703100 不動產租賃業；HZ02020 辦理金融機構金錢債權之評價或拍賣業務；I102010 一般投資顧問業；I301040 第三方支付服務業；I401010 一般廣告服務業；I503010 景觀設計業；IG03010 能源技術服務業,臺北市,變更,11505
83041576,璞石伯樂有限公司,臺北市大安區忠孝東路4段183號13樓之2,王疇為,200000,112/04/10,115/05/29,特殊補正,I401010 一般廣告服務業；F399040 無店面零售業；F401010 國際貿易業；H201010 一般投資業；I199990 其他顧問服務業；I301010 資訊軟體服務業；I301020 資料處理服務業；I301030 電子資訊供應服務業；I401020 廣告傳單分送業；JE01010 租賃業,臺北市,變更,11505
83051237,希爾商旅有限公司,臺北市中山區南京東路2段11號5樓,何亞宸,15000000,109/10/15,115/05/19,增資,F106020 日常用品批發業；F203010 食品什貨、飲料零售業；F399040 無店面零售業；F401010 國際貿易業；I103060 管理顧問業；I503010 景觀、室內設計業；J901020 一般旅館業；JB01010 會議及展覽服務業；JE01010 租賃業；H703090 不動產買賣業,臺北市,變更,11505
83051969,千玉國際有限公司,臺北市北投區振興街1號5樓之13,王有銓,500000,109/10/15,115/05/27,特殊補正,F104110 布疋、衣著、鞋、帽、傘、服飾品批發業；F102170 食品什貨批發業；F108040 化粧品批發業；I103060 管理顧問業；I102010 投資顧問業；ZZ99999 除許可業務外，得經營法令非禁止或限制之業務,臺北市,變更,11505
83052003,佳繽企業有限公司,臺北市中山區建國北路2段137號11樓,彭文欽,100000,109/10/15,115/05/28,特殊補正,F101040 家畜家禽批發業；F101050 水產品批發業；F101130 蔬果批發業；F102040 飲料批發業；F102050 茶葉批發業；F102170 食品什貨批發業；F106020 日常用品批發業；F106050 陶瓷玻璃器皿批發業；F106070 祭祀用品批發業；F201010 農產品零售業,臺北市,變更,11505
83052658,壘通有限公司,臺北市北投區致遠一路1段113號3樓,林麗珠,1100000,109/10/21,115/05/11,特殊補正,CA02010 金屬結構及建築組件製造業；CA02060 金屬容器製造業；CA02990 其他金屬製品製造業；CA01050 鋼材二次加工業；CB01010 機械設備製造業；CB01990 其他機械製造業；E599010 配管工程業；E603100 電焊工程業；E604010 機械安裝業；EZ07010 鑽孔工程業,臺北市,變更,11505
83055304,恆利電能股份有限公司,臺北市士林區德行西路35號10樓,吳如森,5000000,109/10/27,115/05/28,特殊補正,I199990 其他顧問服務業；I301020 資料處理服務業；I301030 電子資訊供應服務業；IG03010 能源技術服務業；IZ15010 市場研究及民意調查業；IZ99990 其他工商服務業；D101091 再生能源售電業；F401010 國際貿易業；I103060 管理顧問業；I301010 資訊軟體服務業,臺北市,變更,11505
83056227,愛鑫斯坦資訊股份有限公司,臺北市中山區林森北路263號12樓之1,李沅錞,2000000,109/10/29,115/05/25,增資(資本總額),I301010 資訊軟體服務業；I301020 資料處理服務業；I301030 電子資訊供應服務業；I103060 管理顧問業；JE01010 租賃業；IZ13010 網路認證服務業；IZ99990 其他工商服務業；F113050 電腦及事務性機器設備批發業；F118010 資訊軟體批發業；F213030 電腦及事務性機器設備零售業,臺北市,變更,11505
83056578,安庭國際投資股份有限公司,臺北市大同區承德路1段35號11樓之1,鄭宇絜,10000000,109/10/29,115/05/05,改選董事/監察人(一人法人股東指派董事/監察人),H201010 一般投資業,臺北市,變更,11505
83056964,快樂成長娛樂有限公司,臺北市大安區信義路4段380號2樓,鄧仁傑,1000000,109/10/30,115/05/25,申登機關變更（遷入，含卷）,F106050 陶瓷玻璃器皿批發業；F203010 食品什貨、飲料零售業；F203020 菸酒零售業；F204110 布疋、衣著、鞋、帽、傘、服飾品零售業；F205040 家具、寢具、廚房器具、裝設品零售業；F206010 五金零售業；F206020 日常用品零售業；F207030 清潔用品零售業；F208040 化粧品零售業；F209060 文教、樂器、育樂用品零售業,臺北市,變更,11505
83057181,博楓科技股份有限公司,臺北市中山區建國北路3段92號4樓,姚明賢,33946210,109/10/30,115/05/15,特殊補正,F104110 布疋、衣著、鞋、帽、傘、服飾品批發業；F204110 布疋、衣著、鞋、帽、傘、服飾品零售業；F113010 機械批發業；F213080 機械器具零售業；F107010 漆料、塗料批發業；F207010 漆料、塗料零售業；F107170 工業助劑批發業；F207170 工業助劑零售業；F113050 電腦及事務性機器設備批發業；F213030 電腦及事務性機器設備零售業,臺北市,變更,11505
83057582,和拓電業股份有限公司,臺北市內湖區瑞光路362號8樓,陳鳳龍,5468837000,109/11/02,115/05/26,改選董事/監察人(一人法人股東指派董事/監察人),D101050 汽電共生業；D101060 再生能源自用發電設備業；D401010 熱能供應業；E601010 電器承裝業；E601020 電器安裝業；E604010 機械安裝業；E605010 電腦設備安裝業；E606010 用電設備檢驗維護業；EZ05010 儀器、儀表安裝工程業；EZ99990 其他工程業,臺北市,變更,11505
83074105,即戰力策略智聯股份有限公司,臺北市松山區復興北路191號8樓,游淑玫,2000000,109/08/28,115/05/25,特殊補正,I102010 投資顧問業；I103060 管理顧問業；F401010 國際貿易業；F601010 智慧財產權業；ZZ99999 除許可業務外，得經營法令非禁止或限制之業務,臺北市,變更,11505
83074153,旭洋股份有限公司,臺北市大安區忠孝東路4段270號2樓之1,徐碩賢,5000000,109/08/28,115/05/25,特殊補正,D101060 再生能源自用發電設備業；IG03010 能源技術服務業；ZZ99999 除許可業務外，得經營法令非禁止或限制之業務,臺北市,變更,11505
83074359,騷思股份有限公司,臺北市大安區潮州街118號5樓,李東祐,2000000,109/08/31,115/05/05,特殊補正,F104110 布疋、衣著、鞋、帽、傘、服飾品批發業；F109070 文教、樂器、育樂用品批發業；F204110 布疋、衣著、鞋、帽、傘、服飾品零售業；F209060 文教、樂器、育樂用品零售業；I401010 一般廣告服務業；I501010 產品設計業；J601010 藝文服務業；J602010 演藝活動業；ZZ99999 除許可業務外，得經營法令非禁止或限制之業務；F601010 智慧財產權業,臺北市,變更,11505
83076997,翱創國際有限公司,臺北市士林區大南路408巷1號1樓,王巧雯,5100000,109/09/08,115/05/19,特殊補正,F107190 塑膠膜、袋批發業；F113090 交通標誌器材批發業；F114030 汽、機車零件配備批發業；F114990 其他交通運輸工具及其零件批發業；F207190 塑膠膜、袋零售業；F213090 交通標誌器材零售業；F214010 汽車零售業；F214030 汽、機車零件配備零售業；F214990 其他交通運輸工具及其零件零售業；F399040 無店面零售業,臺北市,變更,11505
83081106,銓盈事業有限公司,臺北市中山區松江路293之705號,孫業盈,100000,109/09/26,115/05/05,特殊補正,I301010 資訊軟體服務業；I301060 網路廣告平臺業；I301020 資料處理服務業；F399040 無店面零售業；F401010 國際貿易業；F104110 布疋、衣著、鞋、帽、傘、服飾品批發業；F204110 布疋、衣著、鞋、帽、傘、服飾品零售業；ZZ99999 除許可業務外，得經營法令非禁止或限制之業務,臺北市,變更,11505
83090724,樂洋地產股份有限公司,臺北市信義區松德路161號4樓,洪國振,14500000,109/10/20,115/05/28,特殊補正,H704041 不動產代銷經紀業；H701010 住宅及大樓開發租售業；H701040 特定專業區開發業；H701050 投資興建公共建設業；H701060 新市鎮、新社區開發業；H701070 區段徵收及市地重劃代辦業；H701080 都市更新重建業；H701090 都市更新整建維護業；HZ02010 金融機構金錢債權收買業務；HZ02020 辦理金融機構金錢債權之評價或拍賣業務,臺北市,變更,11505
83090864,漾片場股份有限公司,臺北市松山區南京東路5段162號8樓,郭玉清,10000000,109/10/21,115/05/04,特殊補正,J401010 電影片製作業；J402010 電影片發行業；J404010 動畫影片製作業；J404020 提供設備及場地供電影片拍攝業；J404040 電影錄音業；J404050 電影特效製作業；J503010 廣播節目製作業；J503020 電視節目製作業；J503030 廣播電視節目發行業；J503040 廣播電視廣告業,臺北市,變更,11505
83106824,海波滷股份有限公司,臺北市中山區建國北路1段20巷2號,黃俊憲,10000000,109/08/07,115/05/08,改選董事/監察人(一人法人股東指派董事/監察人),JB01010 會議及展覽服務業；J202010 產業育成業；JE01010 租賃業；I102010 投資顧問業；I103060 管理顧問業；IZ12010 人力派遣業；I105010 藝術品諮詢顧問業；I301010 資訊軟體服務業；I301020 資料處理服務業；I301030 電子資訊供應服務業,臺北市,變更,11505
83111761,英屬開曼群島商亞洲新能源(開曼)股份有限公司,臺北市中山區長安東路1段23號8樓之1,鍾裕民,0,109/09/04,115/05/19,一般補正案,,臺北市,變更,11505
83118413,杰立欣科技有限公司,臺北市信義區忠孝東路5段412號9樓,廖秀華,5000000,109/09/08,115/05/14,增資,F207030 清潔用品零售業；J101030 廢棄物清除業；J101090 廢棄物清理業；J101010 建築物清潔服務業；IZ12010 人力派遣業；I103060 管理顧問業；I301010 資訊軟體服務業；I301020 資料處理服務業；F206020 日常用品零售業；ZZ99999 除許可業務外，得經營法令非禁止或限制之業務,臺北市,變更,11505
83118716,廣超工藝工程有限公司,臺北市大安區忠孝東路4段297號5樓,林詠鈞,6000000,109/09/08,115/05/13,特殊補正,E801010 室內裝潢業；I503010 景觀設計業；F106010 五金批發業；F206010 五金零售業；E502010 燃料導管安裝工程業；E599010 配管工程業；E601010 電器承裝業；E601020 電器安裝業；E603020 電梯安裝工程業；E603010 電纜安裝工程業,臺北市,變更,11505
83131865,美商豐沃電腦股份有限公司,臺北市信義區基隆路1段163號18樓之3,NIRAV RAJENDRA PATEL,1000000,109/10/22,115/05/26,改派在中華民國境內負責人變更登記,F213030 電腦及事務性機器設備零售業；F219010 電子材料零售業；I501010 產品設計業；ZZ99999 除許可業務外，得經營法令非禁止或限制之業務,臺北市,變更,11505
83138522,耘鼎科技股份有限公司,臺北市中正區八德路1段23號6樓,謝雅婷,20001000,109/07/27,115/05/05,特殊補正,CB01010 機械設備製造業；CB01020 事務機器製造業；CC01080 電子零組件製造業；CC01120 資料儲存媒體製造及複製業；E605010 電腦設備安裝業；F113010 機械批發業；F113020 電器批發業；F113030 精密儀器批發業；F113050 電腦及事務性機器設備批發業；F113070 電信器材批發業,臺北市,變更,11505
83138570,尼瑪醫藥有限公司,臺北市北投區崇仁路1段144號,劉宗維,29500000,109/07/24,115/05/08,特殊補正,C114010 食品添加物製造業；C201020 寵物食品製造業；C802060 動物用藥製造業；C802100 化粧品製造業；F102170 食品什貨批發業；F106060 寵物食品及其用品批發業；F107070 動物用藥品批發業；F108040 化粧品批發業；F109070 文教、樂器、育樂用品批發業；F113030 精密儀器批發業,臺北市,變更,11505
83142477,蜜蜂科技股份有限公司,臺北市大安區忠孝東路4段183號13樓之2,周育杰,600000,109/08/11,115/05/08,公司所在地,I301010 資訊軟體服務業；I301020 資料處理服務業；I301030 電子資訊供應服務業；I501010 產品設計業；I103060 管理顧問業；F118010 資訊軟體批發業；F218010 資訊軟體零售業；F119010 電子材料批發業；F219010 電子材料零售業；F401010 國際貿易業,臺北市,變更,11505
83146179,國翠國際有限公司,臺北市中山區長春路15號3樓,黃國彥,5200000,109/08/28,115/05/26,股東出資轉讓修正章程,F401010 國際貿易業；ZZ99999 除許可業務外，得經營法令非禁止或限制之業務,臺北市,變更,11505
83149387,樹吉文化創意有限公司,臺北市士林區文林路20號,廖恬悅,3000000,109/09/02,115/05/27,特殊補正,F106020 日常用品批發業；F109070 文教、樂器、育樂用品批發業；F118010 資訊軟體批發業；F206020 日常用品零售業；F209060 文教、樂器、育樂用品零售業；F218010 資訊軟體零售業；F399040 無店面零售業；F401010 國際貿易業；I103060 管理顧問業；I199990 其他顧問服務業,臺北市,變更,11505
83155401,天盈開發工業股份有限公司,臺北市中山區長春路172號8樓之6,林金柳,16800000,108/12/03,115/05/05,董事/監察人持股變動報備,CD01030 汽車及其零件製造業；F114030 汽、機車零件配備批發業；F214030 汽、機車零件配備零售業；G202010 停車場經營業；CD01990 其他運輸工具及其零件製造業；F114010 汽車批發業；F114050 車胎批發業；F114990 其他交通運輸工具及其零件批發業；F214010 汽車零售業；F214050 車胎零售業,臺北市,變更,11505
83155562,禾潁國際股份有限公司,臺北市內湖區瑞光路362號8樓,侯明欽,648900000,109/09/16,115/05/07,改選董事/監察人(一人法人股東指派董事/監察人),F401010 國際貿易業；F213080 機械器具零售業；CC01010 發電、輸電、配電機械製造業；JE01010 租賃業；HZ02010 金融機構金錢債權收買業務；HZ02020 辦理金融機構金錢債權之評價或拍賣業務；I103060 管理顧問業；H701010 住宅及大樓開發租售業；H701020 工業廠房開發租售業；H701050 投資興建公共建設業,臺北市,變更,11505
83155649,元化貿易有限公司,臺北市大安區忠孝東路3段243號8樓,黃芸宛,4500000,109/09/15,115/05/21,增資,F401010 國際貿易業；F108031 醫療器材批發業；F208031 醫療器材零售業；F208050 乙類成藥零售業；F108021 西藥批發業；F208021 西藥零售業；F108040 化粧品批發業；F208040 化粧品零售業；F102170 食品什貨批發業；F203010 食品什貨、飲料零售業,臺北市,變更,11505
83155768,老王住隔壁有限公司,臺北市中山區南京東路1段25號6樓之3,王皓,2100000,109/09/16,115/05/15,特殊補正,F113050 電腦及事務性機器設備批發業；F113070 電信器材批發業；F118010 資訊軟體批發業；F119010 電子材料批發業；F213010 電器零售業；F213030 電腦及事務性機器設備零售業；F213040 精密儀器零售業；F213060 電信器材零售業；F213110 電池零售業；F219010 電子材料零售業,臺北市,變更,11505
83156915,樓宇資產管理顧問股份有限公司,臺北市中山區新生北路3段5號,鍾元豪,2000000,109/09/18,115/05/27,特殊補正,H701010 住宅及大樓開發租售業；H701020 工業廠房開發租售業；H701090 都市更新整建維護業；H702010 建築經理業；H703090 不動產買賣業；H703100 不動產租賃業；H703110 老人住宅業；H706011 租賃住宅代管業；H706021 租賃住宅包租業；I103060 管理顧問業,臺北市,變更,11505
83158792,板南置業開發股份有限公司,臺北市大安區敦化南路二段218號2樓,林清樑,1150000000,109/09/26,115/05/07,改派董事/監察人,H701010 住宅及大樓開發租售業；H701020 工業廠房開發租售業；H701040 特定專業區開發業；H701050 投資興建公共建設業；H701060 新市鎮、新社區開發業；H701070 區段徵收及市地重劃代辦業；H701080 都市更新重建業；H701090 都市更新整建維護業；H702010 建築經理業；H703090 不動產買賣業,臺北市,變更,11505
83165978,明星電控科技股份有限公司,臺北市松山區敦化北路222巷70號1樓,鍾菀婷,6900000,109/10/07,115/05/25,董事/監察人持股變動報備,I301010 資訊軟體服務業；I301020 資料處理服務業；I301030 電子資訊供應服務業；I401010 一般廣告服務業；I501010 產品設計業；IZ13010 網路認證服務業；JZ99050 仲介服務業；E603050 自動控制設備工程業；E605010 電腦設備安裝業；F113070 電信器材批發業,臺北市,變更,11505
83166028,桐花湖休閒股份有限公司,臺北市內湖區新湖一路8號7樓,徐蘭英,1000000,109/10/07,115/05/14,特殊補正,A101020 農作物栽培業；A101030 特用作物栽培業；A101040 食用菌菇類栽培業；A101050 花卉栽培業；A102020 農產品整理業；A102050 作物栽培服務業；A102080 園藝服務業；A199990 其他農業；A201010 造林業；A201030 特殊林木經營業,臺北市,變更,11505
83166316,國海輝固股份有限公司,臺北市松山區南京東路5段89號9樓,蔡明格,20000000,109/10/07,115/05/19,特殊補正,E401010 疏濬業；F113990 其他機械器具批發業；F114060 船舶及其零件批發業；F213990 其他機械器具零售業；F214060 船舶及其零件零售業；F401010 國際貿易業；G403010 船舶出租業；I101120 造船顧問業；IG02010 研究發展服務業；IZ12010 人力派遣業,臺北市,變更,11505
83166619,天藝萌股份有限公司,臺北市松山區南京東路5段66巷22弄36號1樓,蔡正暉,300000,109/10/08,115/05/06,特殊補正,F113050 電腦及事務性機器設備批發業；F213030 電腦及事務性機器設備零售業；I199990 其他顧問服務業；I301020 資料處理服務業；I301030 電子資訊供應服務業；I501010 產品設計業；ZZ99999 除許可業務外，得經營法令非禁止或限制之業務；E605010 電腦設備安裝業；F109070 文教、樂器、育樂用品批發業；F118010 資訊軟體批發業,臺北市,變更,11505
83166815,大震設計室內裝修股份有限公司,臺北市松山區健康路156號10樓,陳震聲,100000000,109/10/08,115/05/27,特殊補正,I503010 景觀、室內設計業；E801010 室內裝潢業；E801060 室內裝修業；E599010 配管工程業；E601010 電器承裝業；E603040 消防安全設備安裝工程業；E603050 自動控制設備工程業；E603090 照明設備安裝工程業；E603100 電焊工程業；E605010 電腦設備安裝業,臺北市,變更,11505
83170206,朵芯有限公司,臺北市大同區南京西路59號,COHEN DOREL,600000,109/10/21,115/05/25,特殊補正,F106020 日常用品批發業；F108040 化粧品批發業；F206020 日常用品零售業；F208040 化粧品零售業；F399040 無店面零售業；F401010 國際貿易業；ZZ99999 除許可業務外，得經營法令非禁止或限制之業務,臺北市,變更,11505
83171325,蒙泰工程開發有限公司,臺北市士林區大東路93號,陳宜欣,15000000,109/10/26,115/05/19,特殊補正,E599010 配管工程業；E601020 電器安裝業；E605010 電腦設備安裝業；E701040 簡易電信設備安裝業；E801010 室內裝潢業；E801020 門窗安裝工程業；E801030 室內輕鋼架工程業；E801070 廚具、衛浴設備安裝工程業；EZ11010 球場跑道樹脂材料鋪設工程業；F111090 建材批發業,臺北市,變更,11505
83177313,展馨教育科技股份有限公司,臺北市信義區松智路1號17樓,林家嘉,200000,109/07/29,115/05/28,特殊補正,F401010 國際貿易業；F399990 其他綜合零售業；F399040 無店面零售業；F209060 文教、樂器、育樂用品零售業；JZ99050 仲介服務業；J202010 產業育成業；IZ12010 人力派遣業；I102010 一般投資顧問業；I103060 管理顧問業；ZZ99999 除許可業務外，得經營法令非禁止或限制之業務,臺北市,變更,11505
83177475,淵暘公關管理顧問有限公司,臺北市中山區民生東路2段147巷11弄3號,孫慕亞,5000000,109/07/29,115/05/26,特殊補正,C701010 印刷業；C703010 印刷品裝訂及加工業；E801010 室內裝潢業；I103060 管理顧問業；I199990 其他顧問服務業；I401010 一般廣告服務業；IG02010 研究發展服務業；IZ04010 翻譯業；IZ10010 排版業；IZ15010 市場研究及民意調查業,臺北市,變更,11505
83177952,海興科技股份有限公司,臺北市大安區信義路4段296號15樓,張家瑋,1000000,109/07/30,115/05/19,特殊補正,F102040 飲料批發業；F102170 食品什貨批發業；F103010 飼料批發業；F106060 寵物食品及其用品批發業；F107200 化學原料批發業；F121010 食品添加物批發業；F203010 食品什貨、飲料零售業；F221010 食品添加物零售業；F401010 國際貿易業；IG01010 生物技術服務業,臺北市,變更,11505
83182110,碰卡數位股份有限公司,臺北市中山區復興北路58號10樓,陳庭陽,5181937,109/08/17,115/05/22,公司所在地,F118010 資訊軟體批發業；F218010 資訊軟體零售業；F113050 電腦及事務性機器設備批發業；F399040 無店面零售業；F401010 國際貿易業；I301010 資訊軟體服務業；I301020 資料處理服務業；I301030 電子資訊供應服務業；I401010 一般廣告服務業；IZ99990 其他工商服務業,臺北市,變更,11505
83182287,台灣松拓有限公司,臺北市信義區信義路5段7號57樓之1,馮筱嵐,4000000,109/08/17,115/05/13,特殊補正,F401010 國際貿易業；H703100 不動產租賃業；JE01010 租賃業；J202010 產業育成業；I103060 管理顧問業；ZZ99999 除許可業務外，得經營法令非禁止或限制之業務,臺北市,變更,11505
83182998,金華置業地產股份有限公司,臺北市大安區敦化南路二段218號2樓,林清樑,800000000,109/08/19,115/05/27,改派董事/監察人,H701010 住宅及大樓開發租售業；H701020 工業廠房開發租售業；H701040 特定專業區開發業；H701050 投資興建公共建設業；H701060 新市鎮、新社區開發業；H701070 區段徵收及市地重劃代辦業；H701080 都市更新重建業；H701090 都市更新整建維護業；H702010 建築經理業；H703090 不動產買賣業,臺北市,變更,11505
83184187,九日行銷有限公司,臺北市松山區南京東路5段188號3樓之7,黃翊媁,2000000,109/08/05,115/05/21,申登機關變更（遷入，含卷）,F399040 無店面零售業；F218010 資訊軟體零售業；I103060 管理顧問業；I199990 其他顧問服務業；I301010 資訊軟體服務業；I301020 資料處理服務業；I301030 電子資訊供應服務業；I401010 一般廣告服務業；IZ15010 市場研究及民意調查業；F401010 國際貿易業,臺北市,變更,11505
83190809,拾光廣告股份有限公司,臺北市內湖區新明路353號3樓之15,黃怡婷,500000,109/09/24,115/05/14,變更組織,I103060 管理顧問業；I301010 資訊軟體服務業；I301020 資料處理服務業；I199990 其他顧問服務業；I301030 電子資訊供應服務業；I401010 一般廣告服務業；I501010 產品設計業；I401020 廣告傳單分送業；I503010 景觀、室內設計業；I599990 其他設計業,臺北市,變更,11505
83196183,韓金季整合行銷有限公司,臺北市士林區士商路171號,王詩涵,200000,109/08/25,115/05/21,特殊補正,F102040 飲料批發業；F104110 布疋、衣著、鞋、帽、傘、服飾品批發業；F105050 家具、寢具、廚房器具、裝設品批發業；F106010 五金批發業；F106020 日常用品批發業；F106050 陶瓷玻璃器皿批發業；F107030 清潔用品批發業；F108040 化粧品批發業；F109070 文教、樂器、育樂用品批發業；F113020 電器批發業,臺北市,變更,11505
83196607,台泥儲能科技股份有限公司,臺北市中山區中山北路二段113號11樓,張安平,5356000000,109/09/18,115/05/07,改選董事/監察人(一人法人股東指派董事/監察人),CC01010 發電、輸電、配電機械製造業；CC01080 電子零組件製造業；CC01090 電池製造業；E601010 電器承裝業；E601020 電器安裝業；F113110 電池批發業；F119010 電子材料批發業；F219010 電子材料零售業；H201010 一般投資業；IG03010 能源技術服務業,臺北市,變更,11505
83197269,富趣樂購股份有限公司,臺北市松山區南京東路4段1號2樓,詹于立,600000,109/09/22,115/05/14,改選董事/監察人(一人法人股東指派董事/監察人),F104110 布疋、衣著、鞋、帽、傘、服飾品批發業；F105050 家具、寢具、廚房器具、裝設品批發業；F106020 日常用品批發業；F102170 食品什貨批發業；F109070 文教、樂器、育樂用品批發業；F113020 電器批發業；F115010 首飾及貴金屬批發業；F199990 其他批發業；F204110 布疋、衣著、鞋、帽、傘、服飾品零售業；F205040 家具、寢具、廚房器具、裝設品零售業,臺北市,變更,11505
83202609,聚神璁生技有限公司,臺北市中山區民生東路1段72號2樓之2,陳昱璁,78000,110/01/18,115/05/11,特殊補正,F102040 飲料批發業；F102170 食品什貨批發業；F106020 日常用品批發業；F108040 化粧品批發業；F203010 食品什貨、飲料零售業；F206020 日常用品零售業；F208040 化粧品零售業；F399040 無店面零售業；F401010 國際貿易業；ZZ99999 除許可業務外，得經營法令非禁止或限制之業務,臺北市,變更,11505
83203327,國泰產業研發中心股份有限公司,臺北市中山區民生東路3段69號7樓,張仁和,5600000000,110/01/08,115/05/27,增資(資本總額),F203010 食品什貨、飲料零售業；F206020 日常用品零售業；F209060 文教、樂器、育樂用品零售業；F399040 無店面零售業；F399990 其他綜合零售業；F501030 飲料店業；F501060 餐館業；G202010 停車場經營業；H701010 住宅及大樓開發租售業；H703100 不動產租賃業,臺北市,變更,11505
83205198,優點整合行銷有限公司,臺北市中山區林森北路263號12樓之1,林碧娥,1000000,110/01/07,115/05/29,特殊補正,I199990 其他顧問服務業；I301010 資訊軟體服務業；I301020 資訊處理服務業；I301030 電子資訊供應服務業；I401010 一般廣告服務業；I501010 產品設計業；I103060 管理顧問業；IZ99990 其他工商服務業；F118010 資訊軟體批發業；F401010 國際貿易業,臺北市,變更,11505
83205330,四方四隅文娛國際股份有限公司,臺北市內湖區內湖路1段250號12樓,林善志,81460290,110/01/06,115/05/06,改選董事/監察人(一人法人股東指派董事/監察人),J503030 廣播電視節目發行業；J503040 廣播電視廣告業；J503010 廣播節目製作業；J503020 電視節目製作業；J602010 演藝活動業；J304010 圖書出版業；J305010 有聲出版業；I401010 一般廣告服務業；F601010 智慧財產權業；I102010 投資顧問業,臺北市,變更,11505
83208673,美商凱麗有限公司,臺北市信義區信義路5段2號12樓,Steven Jon Flipse,25000000,110/01/25,115/05/13,改派在中華民國境內負責人變更登記,F203010 食品什貨、飲料零售業；F401010 國際貿易業；ZZ99999 除許可業務外，得經營法令非禁止或限制之業務；F102170 食品什貨批發業；F108040 化粧品批發業；F208040 化粧品零售業,臺北市,變更,11505
83211585,毅力高有限公司,臺北市松山區八德路4段389巷9號1樓,馮紹國,1500000,110/01/25,115/05/11,減資,E801010 室內裝潢業；I503010 景觀、室內設計業；E801070 廚具、衛浴設備安裝工程業；E901010 油漆工程業；F111090 建材批發業；I501010 產品設計業；I599990 其他設計業；F401010 國際貿易業,臺北市,變更,11505
83213541,天能綠電股份有限公司,臺北市內湖區基湖路1號2樓,廖福生,182500000,110/01/29,115/05/29,增資(資本總額),D101091 再生能源售電業；E601010 電器承裝業；E601020 電器安裝業；E606010 用電設備檢驗維護業；EZ05010 儀器、儀表安裝工程業；F113020 電器批發業；F113030 精密儀器批發業；F119010 電子材料批發業；F213040 精密儀器零售業；F219010 電子材料零售業,臺北市,變更,11505
83213562,泰順健康事業有限公司,臺北市士林區中正路200號,張莉妮,1000000,110/01/29,115/05/21,特殊補正,JF01020 按摩業；JF01030 腳底按摩業,臺北市,變更,11505
83213583,東晴國際汽車有限公司,臺北市內湖區堤頂大道2段285號1樓,林盟傑,10000000,110/01/29,115/05/21,補繳規費,F214010 汽車零售業；F214050 車胎零售業；CD01030 汽車及其零件製造業；F114010 汽車批發業；F114030 汽、機車零件配備批發業；F212050 石油製品零售業；F213010 電器零售業；F213110 電池零售業；F399040 無店面零售業；F401010 國際貿易業,臺北市,變更,11505
83225552,日天國際開發股份有限公司,臺北市中山區南京西路1號5樓之1,吳明浩,6060000,109/11/25,115/05/21,公司所在地,H701010 住宅及大樓開發租售業；H701020 工業廠房開發租售業；H701040 特定專業區開發業；H701050 投資興建公共建設業；H701060 新市鎮、新社區開發業；H701070 區段徵收及市地重劃代辦業；H701080 都市更新重建業；H701090 都市更新整建維護業；H702010 建築經理業；H703090 不動產買賣業,臺北市,變更,11505
83227854,天賦自由有限公司,臺北市信義區忠孝東路5段1號2樓,吳明展,5000000,109/11/25,115/05/18,特殊補正,F213030 電腦及事務性機器設備零售業；F218010 資訊軟體零售業；F399040 無店面零售業；F401010 國際貿易業；H201010 一般投資業；H703100 不動產租賃業；I103060 管理顧問業；I105010 藝術品諮詢顧問業；I199990 其他顧問服務業；I301010 資訊軟體服務業,臺北市,變更,11505
83238607,京辰國際投資控股股份有限公司,臺北市中山區松江路111號13樓,林英俊,306270000,109/12/29,115/05/18,改選董事/監察人(一人法人股東指派董事/監察人),H201010 一般投資業,臺北市,變更,11505
83239248,曉計畫股份有限公司,臺北市大安區忠孝東路4段183號13樓之2,邱子玲,400000,109/12/29,115/05/22,改選董事/監察人(一人法人股東指派董事/監察人),I501010 產品設計業；I401010 一般廣告服務業；I502010 服飾設計業；I503010 景觀、室內設計業；I599990 其他設計業；C703010 印刷品裝訂及加工業；I103060 管理顧問業；I301010 資訊軟體服務業；J202010 產業育成業；JZ99030 攝影業,臺北市,變更,11505
83239330,隆錦股份有限公司,臺北市中山區八德路2段66號7樓之1,林錦讚,46106120,109/12/29,115/05/08,特殊補正,H201010 一般投資業；ZZ99999 除許可業務外，得經營法令非禁止或限制之業務,臺北市,變更,11505
83243138,紘瑒科技股份有限公司,臺北市內湖區洲子街77號10樓,曾耀德,93333330,110/01/11,115/05/12,改選董事/監察人(一人法人股東指派董事/監察人),CB01010 機械設備製造業；CB01020 事務機器製造業；CC01080 電子零組件製造業；CC01120 資料儲存媒體製造及複製業；E605010 電腦設備安裝業；F113010 機械批發業；F113020 電器批發業；F113030 精密儀器批發業；F113050 電腦及事務性機器設備批發業；F113070 電信器材批發業,臺北市,變更,11505
83243453,崴霖有限公司,臺北市內湖區康寧路1段58號1樓,呂庭亨,1000000,110/01/11,115/05/22,改推董事/董事長,F102040 飲料批發業；F102050 茶葉批發業；F102170 食品什貨批發業；F201010 農產品零售業；F203010 食品什貨、飲料零售業；F399040 無店面零售業；F401010 國際貿易業；F501030 飲料店業；I101090 食品顧問業；I103060 管理顧問業,臺北市,變更,11505
83244903,世昕興業有限公司,臺北市中山區長春路172號7樓之8,李得瑋,500000,110/01/14,115/05/14,特殊補正,I103060 管理顧問業；I199990 其他顧問服務業；I301010 資訊軟體服務業；I301020 資料處理服務業；I301030 電子資訊供應服務業；IZ12010 人力派遣業；G799990 其他運輸輔助業；IZ99990 其他工商服務業；F119010 電子材料批發業；JZ99050 仲介服務業,臺北市,變更,11505
83245136,忠欣建築開發有限公司,臺北市南港區東明街123巷24號1樓,廖芳俊,2000000,110/01/14,115/05/14,公司所營事業變更修正章程,E603040 消防安全設備安裝工程業；E603090 照明設備安裝工程業；E607010 太陽熱能設備安裝工程業；E801010 室內裝潢業；H701010 住宅及大樓開發租售業；H701020 工業廠房開發租售業；H701050 投資興建公共建設業；H701060 新市鎮、新社區開發業；H701070 區段徵收及市地重劃代辦業；H701090 都市更新整建維護業,臺北市,變更,11505
83245157,丞俞廣科有限公司,臺北市中山區南京東路3段201號3樓,張秀綿,1000000,110/01/14,115/05/28,特殊補正,E605010 電腦設備安裝業；F213030 電腦及事務性機器設備零售業；I301010 資訊軟體服務業；I301020 資料處理服務業；CC01110 電腦及其週邊設備製造業；CC01120 資料儲存媒體製造及複製業；E601010 電器承裝業；E601020 電器安裝業；E603050 自動控制設備工程業；E603090 照明設備安裝工程業,臺北市,變更,11505
83245261,日川投資股份有限公司,臺北市大同區華陰街79號7樓,陳效武,15750000,110/01/15,115/05/05,特殊補正,H201010 一般投資業；I102010 投資顧問業；I103060 管理顧問業；I199990 其他顧問服務業；ZZ99999 除許可業務外，得經營法令非禁止或限制之業務,臺北市,變更,11505
83250088,宅厝室內裝修股份有限公司,臺北市大安區敦化南路2段46號3樓,錢勁宏,2000000,110/01/29,115/05/04,特殊補正,E801010 室內裝潢業；E801060 室內裝修業；F105050 家具、寢具、廚房器具、裝設品批發業；F111090 建材批發業；F113020 電器批發業；F120010 耐火材料批發業；F205040 家具、寢具、廚房器具、裝設品零售業；F211010 建材零售業；F213010 電器零售業；F220010 耐火材料零售業,臺北市,變更,11505
83250545,燃點娛樂股份有限公司,臺北市大同區太原路50號2樓,卓庭宇,1200000,110/02/02,115/05/15,特殊補正,I301030 電子資訊供應服務業；I401010 一般廣告服務業；J602010 演藝活動業；J601010 藝文服務業；J503040 廣播電視廣告業；I501010 產品設計業；F401010 國際貿易業；F601010 智慧財產權業；J401010 電影片製作業；J402010 電影片發行業,臺北市,變更,11505
83261206,東泰航運股份有限公司,臺北市中正區忠孝東路1段152號10樓之5,蘇秀卿,53600000,109/11/09,115/05/06,特殊補正,F199010 回收物料批發業；F199990 其他批發業；F401010 國際貿易業；G402011 海運承攬運送業；G403010 船舶出租業；I102010 一般投資顧問業；I199990 其他顧問服務業；JZ99050 仲介服務業；ZZ99999 除許可業務外，得經營法令非禁止或限制之業務,臺北市,變更,11505
83261493,宇鈦環境科技有限公司,臺北市信義區忠孝東路5段17號4樓之1,林敬勛,6000000,109/11/09,115/05/29,增資,F106040 水器材料批發業；F206040 水器材料零售業；F113990 其他機械器具批發業；F213990 其他機械器具零售業；F199990 其他批發業；F299990 其他零售業；J101060 廢（污）水處理業；F113100 污染防治設備批發業；F213100 污染防治設備零售業；E601020 電器安裝業,臺北市,變更,11505
83263746,上騰美研股份有限公司,臺北市內湖區行善路353號7樓,卓煜騰,30000000,109/12/31,115/05/29,特殊補正,F102170 食品什貨批發業；F104110 布疋、衣著、鞋、帽、傘、服飾品批發業；F107030 清潔用品批發業；F108040 化粧品批發業；F203010 食品什貨、飲料零售業；F204110 布疋、衣著、鞋、帽、傘、服飾品零售業；F207030 清潔用品零售業；F208040 化粧品零售業；F401010 國際貿易業；I101090 食品顧問業,臺北市,變更,11505
83266477,德載國際不動產股份有限公司,臺北市大安區復興南路2段35號3樓,曾意婷,22000000,110/01/15,115/05/28,特殊補正,H704031 不動產仲介經紀業；H704041 不動產代銷經紀業；H701010 住宅及大樓開發租售業；H701020 工業廠房開發租售業；H701050 投資興建公共建設業；H701060 新市鎮、新社區開發業；H701070 區段徵收及市地重劃代辦業；H701090 都市更新整建維護業；H702010 建築經理業；H703090 不動產買賣業,臺北市,變更,11505
83266574,共享車隊股份有限公司,臺北市中正區博愛路222號5樓,蘇郁珊,10000000,110/01/15,115/05/12,特殊補正,G201011 計程車客運服務業；F114010 汽車批發業；F214010 汽車零售業；JZ99050 仲介服務業；JA01990 其他汽車服務業；ZZ99999 除許可業務外，得經營法令非禁止或限制之業務,臺北市,變更,11505
83267742,幻象光電有限公司,臺北市中山區中山北路3段30號4樓之1,林建廷,2500000,110/01/20,115/05/11,負責人印鑑變更,C805050 工業用塑膠製品製造業；CC01030 電器及視聽電子產品製造業；CC01070 無線通信機械器材製造業；CE01030 光學儀器製造業；CQ01010 模具製造業；F110020 眼鏡批發業；F113030 精密儀器批發業；F113050 電腦及事務性機器設備批發業；F113070 電信器材批發業；F118010 資訊軟體批發業,臺北市,變更,11505
83280442,茱蒂風格股份有限公司,臺北市大安區浦城街9之12號,孫小萍,13000000,109/11/09,115/05/07,補繳規費,F102040 飲料批發業；F102170 食品什貨批發業；F203010 食品什貨、飲料零售業；F106020 日常用品批發業；F206020 日常用品零售業；F104110 布疋、衣著、鞋、帽、傘、服飾品批發業；F204110 布疋、衣著、鞋、帽、傘、服飾品零售業；F109070 文教、樂器、育樂用品批發業；F209060 文教、樂器、育樂用品零售業；F105050 家具、寢具、廚房器具、裝設品批發業,臺北市,變更,11505
83280787,台中銀創業投資股份有限公司,臺北市中正區忠孝東路1段85號17樓之4,江師毅,315822000,109/11/10,115/05/21,特殊補正,H201010 一般投資業；H202010 創業投資業；I102010 投資顧問業；I103060 管理顧問業；ZZ99999 除許可業務外，得經營法令非禁止或限制之業務,臺北市,變更,11505
83280941,東企飲食有限公司,臺北市中正區寧波西街42號1樓,李伊珍,160000,109/11/11,115/05/14,特殊補正,F203010 食品什貨、飲料零售業；F501030 飲料店業,臺北市,變更,11505
83281596,豪香股份有限公司,臺北市中山區松江路87號4樓,盧文,10750000,109/11/16,115/05/29,特殊補正,F102040 飲料批發業；F102170 食品什貨批發業；F203010 食品什貨、飲料零售業；F299990 其他零售業；F401010 國際貿易業；F501030 飲料店業；F501060 餐館業；G801010 倉儲業；JE01010 租賃業；ZZ99999 除許可業務外，得經營法令非禁止或限制之業務,臺北市,變更,11505
83281630,閃拍攝影股份有限公司,臺北市松山區民權東路3段113號1樓,黃宇揚,1000000,109/11/12,115/05/18,改選董事/監察人(一人法人股東指派董事/監察人),F108040 化粧品批發業；F208040 化粧品零售業；F106020 日常用品批發業；F206020 日常用品零售業；F401010 國際貿易業；F399040 無店面零售業；F102040 飲料批發業；F501030 飲料店業；F102170 食品什貨批發業；F203010 食品什貨、飲料零售業,臺北市,變更,11505
83284334,鳴日科技股份有限公司,臺北市內湖區瑞光路8號6樓,熊誠一,53000000,109/11/30,115/05/26,董事/監察人持股變動報備,E605010 電腦設備安裝業；E701010 電信工程業；E701020 衛星電視ＫＵ頻道、Ｃ頻道器材安裝業；E701030 電信管制射頻器材裝設工程業；E701040 簡易電信設備安裝業；I301010 資訊軟體服務業；I301020 資料處理服務業；I301030 電子資訊供應服務業；F113050 電腦及事務性機器設備批發業；F113070 電信器材批發業,臺北市,變更,11505
83294500,奧頂科技股份有限公司,臺北市中山區林森北路372號10樓,蔡玉書,1000000,109/12/22,115/05/19,補選董事(常務董事.董事長)/監察人,F119010 電子材料批發業；F219010 電子材料零售業；IG02010 研究發展服務業；F118010 資訊軟體批發業；F218010 資訊軟體零售業；F401010 國際貿易業；F601010 智慧財產權業；I103060 管理顧問業；ZZ99999 除許可業務外，得經營法令非禁止或限制之業務,臺北市,變更,11505
83294543,十二弄文化有限公司,臺北市信義區松德路171號21樓之2,陳昱志,6000000,109/12/23,115/05/18,特殊補正,F203010 食品什貨、飲料零售業；F501030 飲料店業；I105010 藝術品諮詢顧問業；J404020 提供設備及場地供電影片拍攝業；J601010 藝文服務業；J602010 演藝活動業；J603010 音樂展演空間業；J803010 運動表演業；ZZ99999 除許可業務外，得經營法令非禁止或限制之業務,臺北市,變更,11505
83308666,南國島嶼股份有限公司,臺北市中正區懷寧街76號1樓,林幸兒,10100000,109/12/16,115/05/14,補繳規費,F109070 文教、樂器、育樂用品批發業；F118010 資訊軟體批發業；F209060 文教、樂器、育樂用品零售業；F218010 資訊軟體零售業；F299990 其他零售業；F399040 無店面零售業；F401010 國際貿易業；F601010 智慧財產權業；I103060 管理顧問業；I199990 其他顧問服務業,臺北市,變更,11505
83365862,皓德盛科技股份有限公司,臺北市大安區敦化南路2段76號5樓,楊皓鈞,8973628,109/12/30,115/05/07,特殊補正,F118010 資訊軟體批發業；F213030 電腦及事務性機器設備零售業；F218010 資訊軟體零售業；F219010 電子材料零售業；F401010 國際貿易業；H201010 一般投資業；I102010 投資顧問業；I301010 資訊軟體服務業；I301020 資料處理服務業；I301030 電子資訊供應服務業,臺北市,變更,11505
83366715,暢文有限公司,臺北市士林區大南路415號4樓,潘叡穎,100000,109/12/31,115/05/21,股東出資轉讓修正章程,F104110 布疋、衣著、鞋、帽、傘、服飾品批發業；F106020 日常用品批發業；F109070 文教、樂器、育樂用品批發業；F113050 電腦及事務性機器設備批發業；F118010 資訊軟體批發業；F204110 布疋、衣著、鞋、帽、傘、服飾品零售業；F206020 日常用品零售業；F209060 文教、樂器、育樂用品零售業；F213030 電腦及事務性機器設備零售業；F218010 資訊軟體零售業,臺北市,變更,11505
83367242,鑫蒙牛股份有限公司,臺北市萬華區和平西路3段290號1樓,高溢男,57600000,110/01/05,115/05/05,分公司廢止,H201010 一般投資業；I102010 一般投資顧問業；I103060 管理顧問業；F401010 國際貿易業；F501030 飲料店業；F501060 餐館業；F501990 其他餐飲業；F102170 食品什貨批發業；F201010 農產品零售業；F201020 畜產品零售業,臺北市,變更,11505
83383587,仁麒股份有限公司,臺北市大同區延平北路2段202號14樓之2,陳怡臻,20000000,110/01/22,115/05/06,特殊補正,F104110 布疋、衣著、鞋、帽、傘、服飾品批發業；F204110 布疋、衣著、鞋、帽、傘、服飾品零售業；F401010 國際貿易業；ZZ99999 除許可業務外，得經營法令非禁止或限制之業務,臺北市,變更,11505
83383860,問禮有限公司,臺北市大安區信義路4胡199巷2號4樓之3,羅素琴,2000000,110/01/22,115/05/28,補繳規費,F109070 文教、樂器、育樂用品批發業；F209060 文教、樂器、育樂用品零售業；F399040 無店面零售業；F401010 國際貿易業；J304010 圖書出版業；ZZ99999 除許可業務外，得經營法令非禁止或限制之業務；J201031 短期補習班業,臺北市,變更,11505
83399504,阿米斯事業有限公司,臺北市信義區忠孝東路5段474號11樓,羅傑納路,1000000,109/11/16,115/05/27,特殊補正,I401010 一般廣告服務業；I599990 其他設計業；I501010 產品設計業；I502010 服飾設計業；J601010 藝文服務業；J602010 演藝活動業；I301010 資訊軟體服務業；F399040 無店面零售業；F399990 其他綜合零售業；JZ99080 美容美髮服務業,臺北市,變更,11505
83399672,禾聿股份有限公司,臺北市信義區松山路460號1樓,陳津秋,331000000,109/11/16,115/05/06,特殊補正,H201010 一般投資業；ZZ99999 除許可業務外，得經營法令非禁止或限制之業務,臺北市,變更,11505
83401608,米倫設計有限公司,臺北市中山區建國北路3段92號4樓,邱若涵,500000,109/11/19,115/05/28,特殊補正,J601010 藝文服務業；I599990 其他設計業；I301030 電子資訊供應服務業；I301010 資訊軟體服務業；J304010 圖書出版業；F399040 無店面零售業；F401010 國際貿易業；I502010 服飾設計業；I401010 一般廣告服務業；ZZ99999 除許可業務外，得經營法令非禁止或限制之業務,臺北市,變更,11505
83408877,品曜建築有限公司,臺北市大安區通化街28巷6號,王成維,1000000,109/12/23,115/05/19,特殊補正,H701010 住宅及大樓開發租售業；H701020 工業廠房開發租售業；H701050 投資興建公共建設業；H701060 新市鎮、新社區開發業；H701070 區段徵收及市地重劃代辦業；H701090 都市更新整建維護業；H702010 建築經理業；H703090 不動產買賣業；H703100 不動產租賃業；H703110 老人住宅業,臺北市,變更,11505
83411768,凱祺股份有限公司,臺北市大安區敦化南路1段205號12樓之5,王潔德,25730000,109/12/16,115/05/19,修正章程,H201010 一般投資業,臺北市,變更,11505
83424222,合富潤生企業股份有限公司,臺北市中山區建國北路2段9之2號12樓之2,曹光澯,38000000,109/02/14,115/05/14,增資(資本總額),F108040 化粧品批發業；F201010 農產品零售業；F203010 食品什貨、飲料零售業；F204110 布疋、衣著、鞋、帽、傘、服飾品零售業；F205040 家具、寢具、廚房器具、裝設品零售業；F206010 五金零售業；F206020 日常用品零售業；F206050 寵物食品及其用品零售業；F207030 清潔用品零售業；F208040 化粧品零售業,臺北市,變更,11505
83432840,長江微電科技股份有限公司,臺北市南港區重陽路120號地下層,陳芳蘭,100000,109/03/16,115/05/22,特殊補正,CC01080 電子零組件製造業；CC01110 電腦及其週邊設備製造業；CC01990 其他電機及電子機械器材製造業；CE01010 一般儀器製造業；I501010 產品設計業；F113050 電腦及事務性機器設備批發業；F118010 資訊軟體批發業；F119010 電子材料批發業；F213030 電腦及事務性機器設備零售業；F218010 資訊軟體零售業,臺北市,變更,11505
83440243,泥頭映像有限公司,臺北市大同區涼州街6號7樓之2,楊雅琍,150000,109/03/17,115/05/25,特殊補正,J401010 電影片製作業；J402010 電影片發行業；J403010 電影片映演業；J404010 動畫影片製作業；J404020 提供設備及場地供電影片拍攝業；J404030 電影沖印業；J404040 電影錄音業；J304010 圖書出版業；J305010 有聲出版業；J302010 通訊稿業,臺北市,變更,11505
83451803,台灣大阪瓦斯化學股份有限公司,臺北市大同區承德路1段17號12樓,撫井雅樹,27000000,108/12/12,115/05/11,特殊補正,C801030 精密化學材料製造業；C801100 合成樹脂及塑膠製造業；C801990 其他化學材料製造業；C802120 工業助劑製造業；C802990 其他化學製品製造業；C805070 強化塑膠製品製造業；C901990 其他非金屬礦物製品製造業；F107170 工業助劑批發業；F107200 化學原料批發業；F107990 其他化學製品批發業,臺北市,變更,11505
83453751,富勤國際有限公司,臺北市大同區重慶北路1段22號2樓之35,鄭佩儀,6000000,108/12/19,115/05/11,董事/股東證照變更,C306010 成衣業；C399990 其他紡織及製品製造業；F204110 布疋、衣著、鞋、帽、傘、服飾品零售業；F104110 布疋、衣著、鞋、帽、傘、服飾品批發業,臺北市,變更,11505
83456997,秋雨開發股份有限公司,臺北市信義區市民大道6段288號9樓,張世魁,65000000,108/12/20,115/05/05,改選董事/監察人(一人法人股東指派董事/監察人),F111090 建材批發業；F211010 建材零售業；H701010 住宅及大樓開發租售業；H701080 都市更新重建業；H703090 不動產買賣業；H703100 不動產租賃業；I102010 投資顧問業；I103060 管理顧問業；I401010 一般廣告服務業；ZZ99999 除許可業務外，得經營法令非禁止或限制之業務,臺北市,變更,11505
83458307,星向力國際新媒體有限公司,臺北市松山區南京東路5段230號3樓之2,江建霖,50000,108/12/23,115/05/15,特殊補正,F399040 無店面零售業；F399990 其他綜合零售業；F401010 國際貿易業；H201010 一般投資業；I102010 一般投資顧問業；I103060 管理顧問業；I199990 其他顧問服務業；I301010 資訊軟體服務業；I401010 一般廣告服務業；I401020 廣告傳單分送業,臺北市,變更,11505
83460752,簡選音樂有限公司,臺北市大安區信義路4段1號2樓,簡道生,1000000,108/12/26,115/05/08,特殊補正,J601010 藝文服務業；J602010 演藝活動業；J603010 音樂展演空間業；J305010 有聲出版業；J399990 其他出版業；I401010 一般廣告服務業；I199990 其他顧問服務業；JZ99990 未分類其他服務業；F109070 文教、樂器、育樂用品批發業；F209060 文教、樂器、育樂用品零售業,臺北市,變更,11505
83465362,好十尚股份有限公司,臺北市大同區重慶北路2段198號1樓,盧峮毅,3500000,109/01/06,115/05/29,特殊補正,F102170 食品什貨批發業；F203010 食品什貨、飲料零售業；F104110 布疋、衣著、鞋、帽、傘、服飾品批發業；F105050 家具、寢具、廚房器具、裝設品批發業；F109070 文教、樂器、育樂用品批發業；F202010 飼料零售業；F102040 飲料批發業；F204110 布疋、衣著、鞋、帽、傘、服飾品零售業；F205040 家具、寢具、廚房器具、裝設品零售業；F209060 文教、樂器、育樂用品零售業,臺北市,變更,11505
83466931,迪昇實業股份有限公司,臺北市北投區文林北路258號10樓,曾瓊瑩,1000000,109/01/21,115/05/21,特殊補正,H201010 一般投資業,臺北市,變更,11505
83469536,海悅國際資產管理股份有限公司,臺北市松山區民權東路3段170號4樓,黃瀚,650000000,109/01/22,115/05/22,發行新股,H201010 一般投資業；ZZ99999 除許可業務外，得經營法令非禁止或限制之業務,臺北市,變更,11505
83474931,嘉和綠能股份有限公司,臺北市中山區中山北路二段113號10樓,翁吉良,3700000000,109/02/14,115/05/26,改選董事/監察人(一人法人股東指派董事/監察人),IG03010 能源技術服務業；D101060 再生能源自用發電設備業；ZZ99999 除許可業務外，得經營法令非禁止或限制之業務；A301030 水產養殖業；F211010 建材零售業；F213080 機械器具零售業；F601010 智慧財產權業；JA02990 其他修理業；G801010 倉儲業；E603050 自動控制設備工程業,臺北市,變更,11505
83475376,捷愙資訊服務股份有限公司,臺北市松山區南京東路3段275號3樓,張添昌,10500000,109/02/15,115/05/21,改選董事/監察人(一人法人股東指派董事/監察人),I301010 資訊軟體服務業；I301020 資料處理服務業；I301030 電子資訊供應服務業；F113050 電腦及事務性機器設備批發業；F213030 電腦及事務性機器設備零售業；F118010 資訊軟體批發業；F218010 資訊軟體零售業；JE01010 租賃業；F113070 電信器材批發業；F213060 電信器材零售業,臺北市,變更,11505
83475805,米倉影業股份有限公司,臺北市大安區復興南路1段259號3樓之2,魏德聖,100000,109/02/17,115/05/15,特殊補正,J304010 圖書出版業；J305010 有聲出版業；J401010 電影片製作業；J402010 電影片發行業；J503010 廣播節目製作業；J503020 電視節目製作業；J503030 廣播電視節目發行業；J503040 廣播電視廣告業；F401010 國際貿易業；F399040 無店面零售業,臺北市,變更,11505
83475903,京慶基建有限公司,臺北市大安區忠孝東路4段319號11樓,郭肇良,10000000,109/02/17,115/05/04,公司名稱變更修正章程,E401010 疏濬業；E402010 沙石、淤泥海拋業；E502010 燃料導管安裝工程業；E599010 配管工程業；E601010 電器承裝業；E601020 電器安裝業；E603010 電纜安裝工程業；E603020 電梯安裝工程業；E603040 消防安全設備安裝工程業；E603050 自動控制設備工程業,臺北市,變更,11505
83476086,謙匯普樂室旅館經營管理顧問股份有限公司,臺北市信義區信義路5段109號地下1樓,曾安綺,24200000,109/02/17,115/05/29,發行新股,J901020 一般旅館業；JE01010 租賃業；JZ99050 仲介服務業；JZ99080 美容美髮服務業；I102010 投資顧問業；I103060 管理顧問業；I401010 一般廣告服務業；I503010 景觀、室內設計業；H201010 一般投資業；H701010 住宅及大樓開發租售業,臺北市,變更,11505
83477058,美娜斯輕體企劃顧問有限公司,臺北市中山區建國北路3段92號7樓,李采蓁,1000000,109/02/19,115/05/14,補繳規費,F102040 飲料批發業；F102170 食品什貨批發業；F104110 布疋、衣著、鞋、帽、傘、服飾品批發業；F106020 日常用品批發業；F108040 化粧品批發業；F203010 食品什貨、飲料零售業；F204110 布疋、衣著、鞋、帽、傘、服飾品零售業；F206020 日常用品零售業；F208040 化粧品零售業；F399040 無店面零售業,臺北市,變更,11505
83482637,双正利建設股份有限公司,臺北市大安區仁愛路4段85號14樓,黃水信,100000000,109/03/12,115/05/04,特殊補正,ZZ99999 除許可業務外，得經營法令非禁止或限制之業務；H703090 不動產買賣業；H703100 不動產租賃業；H701010 住宅及大樓開發租售業；H701050 投資興建公共建設業；H701020 工業廠房開發租售業；H701060 新市鎮、新社區開發業；H701090 都市更新整建維護業；H703110 老人住宅業；H701070 區段徵收及市地重劃代辦業,臺北市,變更,11505
83496415,寶壽能源股份有限公司,臺北市內湖區行善路463號8樓,白淑貞,35000000,108/12/27,115/05/19,特殊補正,CC01010 發電、輸電、配電機械製造業；CC01080 電子零組件製造業；CC01090 電池製造業；F113110 電池批發業；F119010 電子材料批發業；F213010 電器零售業；F219010 電子材料零售業；F401010 國際貿易業；I501010 產品設計業；IG03010 能源技術服務業,臺北市,變更,11505
83496421,寶福能源股份有限公司,臺北市內湖區行善路463號8樓,林家宏,27000000,108/12/27,115/05/14,改選董事/監察人(一人法人股東指派董事/監察人),CC01010 發電、輸電、配電機械製造業；CC01080 電子零組件製造業；CC01090 電池製造業；F113110 電池批發業；F119010 電子材料批發業；F213010 電器零售業；F219010 電子材料零售業；F401010 國際貿易業；I501010 產品設計業；IG03010 能源技術服務業,臺北市,變更,11505
83496442,寶祿能源股份有限公司,臺北市內湖區行善路463號8樓,陳秀靖,38000000,108/12/27,115/05/25,改選董事/監察人(一人法人股東指派董事/監察人),CC01010 發電、輸電、配電機械製造業；CC01080 電子零組件製造業；CC01090 電池製造業；F113110 電池批發業；F119010 電子材料批發業；F213010 電器零售業；F219010 電子材料零售業；F401010 國際貿易業；I501010 產品設計業；IG03010 能源技術服務業,臺北市,變更,11505
83496457,寶財能源股份有限公司,臺北市內湖區行善路463號8樓,許桂章,107000000,108/12/27,115/05/14,改選董事/監察人(一人法人股東指派董事/監察人),CC01010 發電、輸電、配電機械製造業；CC01080 電子零組件製造業；CC01090 電池製造業；F113110 電池批發業；F119010 電子材料批發業；F213010 電器零售業；F219010 電子材料零售業；F401010 國際貿易業；I501010 產品設計業；IG03010 能源技術服務業,臺北市,變更,11505
83496463,寶禧能源股份有限公司,臺北市內湖區行善路463號8樓,吳佩娟,78000000,108/12/27,115/05/13,改選董事/監察人(一人法人股東指派董事/監察人),CC01010 發電、輸電、配電機械製造業；CC01080 電子零組件製造業；CC01090 電池製造業；F113110 電池批發業；F113010 機械批發業；F213010 電器零售業；F219010 電子材料零售業；F401010 國際貿易業；I501010 產品設計業；IG03010 能源技術服務業,臺北市,變更,11505
83500950,台灣萊札普股份有限公司,臺北市中山區南京東路1段86號5樓,仲村厚輝,35000000,109/01/09,115/05/06,經理人解任,ZZ99999 除許可業務外，得經營法令非禁止或限制之業務；C103050 罐頭、冷凍、脫水及醃漬食品製造業；C104020 烘焙炊蒸食品製造業；C106010 製粉業；C199010 麵條、粉條類食品製造業；C199030 即食餐食製造業；C199040 豆類加工食品製造業；C199990 未分類其他食品製造業；CC01030 電器及視聽電子產品製造業；E801010 室內裝潢業,臺北市,變更,11505
83501183,赤峰國際品牌顧問股份有限公司,臺北市信義區信義路5段7號21樓之1,游雅婷,25000000,109/01/09,115/05/21,特殊補正,E801010 室內裝潢業；F401010 國際貿易業；F601010 智慧財產權業；I103060 管理顧問業；I301010 資訊軟體服務業；I301020 資料處理服務業；I301030 電子資訊供應服務業；I401010 一般廣告服務業；I401020 廣告傳單分送業；I501010 產品設計業,臺北市,變更,11505
83502198,日德財富投資股份有限公司,臺北市中山區南京東路1段52號10樓,花鐳哲,42000000,109/01/15,115/05/05,特殊補正,H201010 一般投資業；H202010 創業投資業；ZZ99999 除許可業務外，得經營法令非禁止或限制之業務,臺北市,變更,11505
83502850,承慷貿易股份有限公司,臺北市萬華區西園路2段187號4樓,林澤安,50000000,109/01/16,115/05/11,董事/監察人持股變動報備,CC01040 照明設備製造業；CC01080 電子零組件製造業；F106010 五金批發業；F113010 機械批發業；F113020 電器批發業；F113050 電腦及事務性機器設備批發業；F113060 度量衡器批發業；F119010 電子材料批發業；F206010 五金零售業；F213010 電器零售業,臺北市,變更,11505
83503247,崇石建設股份有限公司,臺北市松山區南京東路5段16號9樓之3,潘逸學,300000000,109/02/05,115/05/08,特殊補正,E801010 室內裝潢業；F111090 建材批發業；F211010 建材零售業；H701010 住宅及大樓開發租售業；H701020 工業廠房開發租售業；H703090 不動產買賣業；H703100 不動產租賃業；I102010 投資顧問業；I103060 管理顧問業；I301020 資料處理服務業,臺北市,變更,11505
83504098,到咖手股份有限公司,臺北市大安區基隆路2段217號2樓,徐章博,9650000,109/02/12,115/05/28,發行新股,F105050 家具、寢具、廚房器具、裝設品批發業；F106010 五金批發業；F106040 水器材料批發業；F109070 文教、樂器、育樂用品批發業；F113020 電器批發業；F111090 建材批發業；F113070 電信器材批發業；F118010 資訊軟體批發業；F205040 家具、寢具、廚房器具、裝設品零售業；F206010 五金零售業,臺北市,變更,11505
83504267,沐學雲創股份有限公司,臺北市士林區中山北路5段500號7樓,林榮恩,10126957,109/02/13,115/05/14,特殊補正,F109070 文教、樂器、育樂用品批發業；F209060 文教、樂器、育樂用品零售業；F401010 國際貿易業；I103060 管理顧問業；I301010 資訊軟體服務業；I301020 資料處理服務業；I301030 電子資訊供應服務業；J304010 圖書出版業；J305010 有聲出版業；J399010 軟體出版業,臺北市,變更,11505
83504978,將來商業銀行股份有限公司,臺北市大安區敦化南路二段95號6、7、8、9樓,郭水義,10000000000,109/01/31,115/05/22,董事/監察人地址變更,H101021 商業銀行業；H601011 人身保險代理人；H601021 財產保險代理人,臺北市,變更,11505
83507258,多元滿事業有限公司,臺北市中山區長安東路2段169號5樓,黃瑞瑤,300000,109/02/10,115/05/08,特殊補正,F107030 清潔用品批發業；F108040 化粧品批發業；F121010 食品添加物批發業；F207030 清潔用品零售業；F208040 化粧品零售業；F221010 食品添加物零售業；F401010 國際貿易業；F601010 智慧財產權業；I101090 食品顧問業；I103060 管理顧問業,臺北市,變更,11505
83510599,昀啟科技有限公司,臺北市士林區中山北路5段478號8樓,李啟平,10000000,109/02/15,115/05/11,特殊補正,CA01050 鋼材二次加工業；CB01010 機械設備製造業；E601020 電器安裝業；E604010 機械安裝業；E605010 電腦設備安裝業；F104110 布疋、衣著、鞋、帽、傘、服飾品批發業；F105050 家具、寢具、廚房器具、裝設品批發業；F106020 日常用品批發業；F109070 文教、樂器、育樂用品批發業；F113010 機械批發業,臺北市,變更,11505
83513202,東林資產股份有限公司,臺北市大安區復興南路一段368號8樓,廖尚文,5000000000,109/02/24,115/05/05,改選董事/監察人(一人法人股東指派董事/監察人),E801010 室內裝潢業；F201090 觀賞魚零售業；H701010 住宅及大樓開發租售業；H701020 工業廠房開發租售業；H701040 特定專業區開發業；H701050 投資興建公共建設業；H701060 新市鎮、新社區開發業；H701080 都市更新重建業；H703100 不動產租賃業；HZ02020 辦理金融機構金錢債權之評價或拍賣業務,臺北市,變更,11505
83514899,烴奈股份有限公司,臺北市中山區南京東路2段160號7樓,黃威愷,2600000,109/03/02,115/05/06,改選董事/監察人(一人法人股東指派董事/監察人),F218010 資訊軟體零售業；F213030 電腦及事務性機器設備零售業；I301010 資訊軟體服務業；I301020 資料處理服務業；I301030 電子資訊供應服務業；I301040 第三方支付服務業；I401010 一般廣告服務業；I199990 其他顧問服務業；IZ99990 其他工商服務業；F213040 精密儀器零售業,臺北市,變更,11505
83516691,確認鍵智創科技股份有限公司,臺北市中山區長安東路2段6之1號4樓,張恩慈,1000000,109/03/05,115/05/11,改選董事/監察人(一人法人股東指派董事/監察人),F113050 電腦及事務性機器設備批發業；F118010 資訊軟體批發業；F399040 無店面零售業；F401010 國際貿易業；F601010 智慧財產權業；I103060 管理顧問業；I199990 其他顧問服務業；I301010 資訊軟體服務業；I301020 資料處理服務業；I301030 電子資訊供應服務業,臺北市,變更,11505
83522407,饗俏皮文創有限公司,臺北市大安區復興南路2段137號3樓,朱柔穎,5000000,109/03/26,115/05/04,增資,F109070 文教、樂器、育樂用品批發業；F209060 文教、樂器、育樂用品零售業；F106020 日常用品批發業；F206020 日常用品零售業；F106050 陶瓷玻璃器皿批發業；F102170 食品什貨批發業；F203010 食品什貨、飲料零售業；F102040 飲料批發業；F102050 茶葉批發業；F113050 電腦及事務性機器設備批發業,臺北市,變更,11505
83522645,明德飛行有限公司,臺北市中正區懷寧街76號1樓,黃潔玲,6000000,109/03/26,115/05/05,公司所在地,F109070 文教、樂器、育樂用品批發業；F401010 國際貿易業；J601010 藝文服務業；F102170 食品什貨批發業；F203010 食品什貨、飲料零售業；F209060 文教、樂器、育樂用品零售業,臺北市,變更,11505
83525299,誠新綠能股份有限公司,臺北市松山區復興北路57號10樓之2,鄭价展,600000000,108/12/19,115/05/11,一般補正案,IG03010 能源技術服務業；CC01010 發電、輸電、配電機械製造業；D101060 再生能源自用發電設備業；F119010 電子材料批發業；F213010 電器零售業；E601010 電器承裝業；H701010 住宅及大樓開發租售業；H703090 不動產買賣業；H703100 不動產租賃業；JE01010 租賃業,臺北市,變更,11505
83535819,立思資本股份有限公司,臺北市信義區忠孝東路5段1號2樓,喬宣時,1000000,109/01/16,115/05/20,特殊補正,H201010 一般投資業；H202010 創業投資業；H701010 住宅及大樓開發租售業；I102010 投資顧問業；I103060 管理顧問業；I199990 其他顧問服務業；ZZ99999 除許可業務外，得經營法令非禁止或限制之業務,臺北市,變更,11505
83535944,獨角獸網路行銷有限公司,臺北市中正區仁愛路2段25號5樓,林佑勲,500000,109/01/17,115/05/29,特殊補正,I401010 一般廣告服務業；I301040 第三方支付服務業；F218010 資訊軟體零售業；IZ13010 網路認證服務業；F401010 國際貿易業；J601010 藝文服務業；J602010 演藝活動業；J603010 音樂展演空間業；I103060 管理顧問業；I102010 一般投資顧問業,臺北市,變更,11505
83536015,綠籽文創股份有限公司,臺北市中正區紹興北街5號11樓,羅偉銘,16800000,109/01/17,115/05/21,改選董事/監察人(一人法人股東指派董事/監察人),A102080 園藝服務業；F109070 文教、樂器、育樂用品批發業；F118010 資訊軟體批發業；F201010 農產品零售業；F201070 花卉零售業；F203010 食品什貨、飲料零售業；F203020 菸酒零售業；F204110 布疋、衣著、鞋、帽、傘、服飾品零售業；F206020 日常用品零售業；F209060 文教、樂器、育樂用品零售業,臺北市,變更,11505
83540524,睿博資訊有限公司,臺北市文山區景興路193號,陳家宏,400000,109/02/11,115/05/21,特殊補正,I301010 資訊軟體服務業；I103060 管理顧問業；I301020 資料處理服務業；I199990 其他顧問服務業；ZZ99999 除許可業務外，得經營法令非禁止或限制之業務,臺北市,變更,11505
83541039,潮間帶網路科技股份有限公司,臺北市松山區八德路3段2號13樓之5,鄭汝誼,29000000,109/02/12,115/05/05,特殊補正,I301010 資訊軟體服務業；I301020 資料處理服務業；I301030 電子資訊供應服務業；ZZ99999 除許可業務外，得經營法令非禁止或限制之業務；CC01120 資料儲存媒體製造及複製業；F399040 無店面零售業；F401010 國際貿易業；H201010 一般投資業；H703090 不動產買賣業；H703100 不動產租賃業,臺北市,變更,11505
83541241,永尚建設股份有限公司,臺北市內湖區基湖路1號4樓,洪絾嵃,220000000,109/02/13,115/05/15,特殊補正,H701010 住宅及大樓開發租售業；H701020 工業廠房開發租售業；H701050 投資興建公共建設業；H701060 新市鎮、新社區開發業；H701090 都市更新整建維護業；H701070 區段徵收及市地重劃代辦業；H702010 建築經理業；H703090 不動產買賣業；H703100 不動產租賃業；H201010 一般投資業,臺北市,變更,11505
83550022,台加股份有限公司,臺北市中山區南京東路1段86號5樓,銭丸幸志,500000,109/03/09,115/05/08,改選董事/監察人(一人法人股東指派董事/監察人),F501030 飲料店業；F501060 餐館業；F203010 食品什貨、飲料零售業；F203020 菸酒零售業；F299990 其他零售業；I102010 投資顧問業；I103060 管理顧問業；I101090 食品顧問業；F401010 國際貿易業；ZZ99999 除許可業務外，得經營法令非禁止或限制之業務,臺北市,變更,11505
83551009,鼎恩工程顧問有限公司,臺北市北投區中央北路4段491號1樓,阮人壽,5000000,109/03/10,115/05/13,增資,I101061 工程技術顧問業；I199990 其他顧問服務業；I503010 景觀、室內設計業；I599990 其他設計業；IF01010 消防安全設備檢修業；IG03010 能源技術服務業；I301010 資訊軟體服務業；E599010 配管工程業；E601010 電器承裝業；E601020 電器安裝業,臺北市,變更,11505
83551248,樂昱有限公司,臺北市北投區文林北路262號2樓,彭子祥,4800000,109/03/11,115/05/14,特殊補正,F102170 食品什貨批發業；F109070 文教、樂器、育樂用品批發業；F118010 資訊軟體批發業；F203010 食品什貨、飲料零售業；F206020 日常用品零售業；F208050 乙類成藥零售業；F209060 文教、樂器、育樂用品零售業；F213030 電腦及事務性機器設備零售業；F218010 資訊軟體零售業；F399040 無店面零售業,臺北市,變更,11505
83561920,盛禾能源股份有限公司,臺北市大安區信義路三段153號5樓,陳坤宏,1000000000,108/12/03,115/05/06,補選董事(常務董事.董事長)/監察人,D101060 再生能源自用發電設備業；H201010 一般投資業；H703090 不動產買賣業；IG03010 能源技術服務業；ZZ99999 除許可業務外，得經營法令非禁止或限制之業務,臺北市,變更,11505
83562940,伊嚐國際股份有限公司,臺北市信義區基隆路1段186號5樓之6,王耀誠,1000000,108/12/04,115/05/13,特殊補正,F401010 國際貿易業；F102040 飲料批發業；F102170 食品什貨批發業；F203010 食品什貨、飲料零售業；F201010 農產品零售業；F399040 無店面零售業；F501030 飲料店業；F399990 其他綜合零售業；F201020 畜產品零售業；F201030 水產品零售業,臺北市,變更,11505
83566657,凱勤能源股份有限公司,臺北市內湖區陽光街300號7樓,林傳凱,20000000,108/12/16,115/05/28,改選董事/監察人(一人法人股東指派董事/監察人),E601010 電器承裝業；E601020 電器安裝業；E606010 用電設備檢驗維護業；D101060 再生能源自用發電設備業；IG03010 能源技術服務業；EZ99990 其他工程業；F119010 電子材料批發業；F219010 電子材料零售業；F401010 國際貿易業；D101011 發電業,臺北市,變更,11505
83567305,好家宅有限公司,臺北市中山區松江路97巷16號,盧紀帆,2000000,108/12/17,115/05/12,特殊補正,I105010 藝術品諮詢顧問業；JB01010 會議及展覽服務業；F299990 其他零售業；J202010 產業育成業；JE01010 租賃業；C104010 糖果製造業；C104020 烘焙炊蒸食品製造業；C105010 食用油脂製造業；C110010 飲料製造業；C111010 製茶業,臺北市,變更,11505
83568748,續泰股份有限公司,臺北市大安區仁愛路4段107號7樓,周賢彥,425790000,108/12/18,115/05/22,補繳規費,H201010 一般投資業；H202010 創業投資業；ZZ99999 除許可業務外，得經營法令非禁止或限制之業務,臺北市,變更,11505
83570293,樂欣日語股份有限公司,臺北市大安區信義路4段279號8樓,林媺筑,6000000,108/12/25,115/05/11,特殊補正,F109070 文教、樂器、育樂用品批發業；F209060 文教、樂器、育樂用品零售業；F399040 無店面零售業；F401010 國際貿易業；F601010 智慧財產權業；I102010 一般投資顧問業；I103060 管理顧問業；I199990 其他顧問服務業；I501010 產品設計業；IZ04010 翻譯業,臺北市,變更,11505
83570300,新輝養殖科技有限公司,臺北市松山區復興北路57號2樓之1,陳佩姗,1000000,108/12/25,115/05/25,特殊補正,A101020 農作物栽培業；A301030 水產養殖業；A302010 對外漁業合作業；A302020 漁業服務業；A401010 畜牧場經營業；CC01010 發電、輸電、配電機械製造業；D101060 再生能源自用發電設備業；F101050 水產品批發業；F201030 水產品零售業；F401010 國際貿易業,臺北市,變更,11505
83575591,萬盛能源有限公司,臺北市大安區敦化南路二段2號14樓,闕源龍,1900600000,109/01/14,115/05/13,增資,D101060 再生能源自用發電設備業；H201010 一般投資業；E599010 配管工程業；E601010 電器承裝業；E601020 電器安裝業；E603010 電纜安裝工程業；E603040 消防安全設備安裝工程業；E603050 自動控制設備工程業；E603080 交通號誌安裝工程業；E603090 照明設備安裝工程業,臺北市,變更,11505
83582559,紐伯特國際股份有限公司,臺北市中山區南京東路2段132號4樓,廖柏維,500000,109/05/28,115/05/21,公司所在地,F106020 日常用品批發業；F206020 日常用品零售業；F209060 文教、樂器、育樂用品零售業；F299990 其他零售業；F113020 電器批發業；F401010 國際貿易業；ZZ99999 除許可業務外，得經營法令非禁止或限制之業務,臺北市,變更,11505
83587843,寶吉設計有限公司,臺北市萬華區長沙街2段91號6樓之2,洪芝宜,500000,109/06/09,115/05/27,公司所在地,I401010 一般廣告服務業；I501010 產品設計業；I502010 服飾設計業；I599990 其他設計業；IZ99990 其他工商服務業；I301010 資訊軟體服務業；I301020 資料處理服務業；I301030 電子資訊供應服務業；IZ15010 市場研究及民意調查業；I103060 管理顧問業,臺北市,變更,11505
83588879,點閱創意有限公司,臺北市內湖區南京東路6段348號12樓之1,吳承錦,1000000,109/06/12,115/05/18,股東出資轉讓修正章程,J503020 電視節目製作業；J503040 廣播電視廣告業；JZ99030 攝影業；J401010 電影片製作業；J404010 動畫影片製作業；J404020 提供設備及場地供電影片拍攝業；J404050 電影特效製作業；F401010 國際貿易業；I401010 一般廣告服務業；J601010 藝文服務業,臺北市,變更,11505
83597672,宸品綠能工程有限公司,臺北市大安區復興南路1段243號6樓,王秀鈞,10000000,109/07/16,115/05/05,特殊補正,A101020 農作物栽培業；D101050 汽電共生業；D401010 熱能供應業；D101060 再生能源自用發電設備業；E599010 配管工程業；E601010 電器承裝業；E601020 電器安裝業；E604010 機械安裝業；E903010 防蝕、防銹工程業；EZ11010 球場跑道樹脂材料鋪設工程業,臺北市,變更,11505
83597743,壹肆玖貳資訊設計有限公司,臺北市中山區長春路172號5樓之2,陳怡馨,500000,109/07/16,115/05/26,特殊補正,I401010 一般廣告服務業；I501010 產品設計業；I599990 其他設計業；I503010 景觀、室內設計業；IZ15010 市場研究及民意調查業；IZ17010 遊說業；I103060 管理顧問業；I199990 其他顧問服務業；ZZ99999 除許可業務外，得經營法令非禁止或限制之業務,臺北市,變更,11505
83597878,拉輩樂美容有限公司,臺北市中正區信義路2段33號6樓之3,Jeong Naeun(鄭娜恩),500000,109/07/17,115/05/04,負責人印鑑變更,JZ99080 美容美髮服務業；JZ99110 瘦身美容業；ZZ99999 除許可業務外，得經營法令非禁止或限制之業務,臺北市,變更,11505
83602909,萬里遊科技股份有限公司,臺北市大同區延平北路1段104號4樓,陳柏安,43752280,109/04/01,115/05/25,特殊補正,CC01110 電腦及其週邊設備製造業；CC01120 資料儲存媒體製造及複製業；D101060 再生能源自用發電設備業；E605010 電腦設備安裝業；F109070 文教、樂器、育樂用品批發業；F113050 電腦及事務性機器設備批發業；F118010 資訊軟體批發業；F213030 電腦及事務性機器設備零售業；F218010 資訊軟體零售業；F399040 無店面零售業,臺北市,變更,11505
83603554,光平方科技股份有限公司,臺北市中山區興安街22號4樓,莊賜德,30000000,109/04/06,115/05/29,增資(資本總額),I301010 資訊軟體服務業；I301020 資料處理服務業；I301030 電子資訊供應服務業；I103060 管理顧問業；I401010 一般廣告服務業；F601010 智慧財產權業；F118010 資訊軟體批發業；F218010 資訊軟體零售業；F401010 國際貿易業；F113050 電腦及事務性機器設備批發業,臺北市,變更,11505
83604218,馥居藝術有限公司,臺北市中山區錦州街207號2樓,林博治,2000000,109/04/07,115/05/22,特殊補正,F401010 國際貿易業；F205040 家具、寢具、廚房器具、裝設品零售業；F204110 布疋、衣著、鞋、帽、傘、服飾品零售業；F206020 日常用品零售業；F209060 文教、樂器、育樂用品零售業；I105010 藝術品諮詢顧問業；I501010 產品設計業；IZ04010 翻譯業；JB01010 會議及展覽服務業；J601010 藝文服務業,臺北市,變更,11505
83604625,磐合家族辦公室股份有限公司,臺北市中山區南京東路3段65號10樓,張煌義,3000000,109/04/07,115/05/13,改選董事/監察人(一人法人股東指派董事/監察人),I102010 投資顧問業；I103060 管理顧問業；I199990 其他顧問服務業；I301010 資訊軟體服務業；I301020 資料處理服務業；I599990 其他設計業；H201010 一般投資業；H703090 不動產買賣業；H703100 不動產租賃業；HZ99990 其他金融、保險及不動產業,臺北市,變更,11505
83604630,富酈股份有限公司,臺北市南港區成福路204號3樓之11,林建廷,1000000,109/04/07,115/05/12,改選董事/監察人(一人法人股東指派董事/監察人),I102010 投資顧問業；I103060 管理顧問業；I401010 一般廣告服務業；H701010 住宅及大樓開發租售業；H701080 都市更新重建業；H701090 都市更新整建維護業；H703090 不動產買賣業；H703100 不動產租賃業；F401010 國際貿易業；J303010 雜誌（期刊）出版業,臺北市,變更,11505
83604651,鏡晌科技有限公司,臺北市大安區羅斯福路3段37號5樓,舒雨凡,3500000,109/04/07,115/05/25,特殊補正,I301010 資訊軟體服務業；I301020 資料處理服務業；I301030 電子資訊供應服務業；I301040 第三方支付服務業；I301050 實境體感應用服務業；I401010 一般廣告服務業；I103060 管理顧問業；IZ13010 網路認證服務業；E605010 電腦設備安裝業；F113050 電腦及事務性機器設備批發業,臺北市,變更,11505
83613286,薄荷室內裝修設計有限公司,臺北市文山區福興路74之4號1樓,廖梅足,1000000,109/04/22,115/05/26,補繳規費,E801060 室內裝修業；I503010 景觀設計業；E801010 室內裝潢業；E801030 室內輕鋼架工程業；E599010 配管工程業；E601010 電器承裝業；E601020 電器安裝業；E801020 門窗安裝工程業；E801040 玻璃安裝工程業；E801070 廚具、衛浴設備安裝工程業,臺北市,變更,11505
83624426,安遠開發股份有限公司,臺北市內湖區內湖路1段411巷10之2號,蔡岳泰,20000000,109/05/13,115/05/25,特殊補正,H703100 不動產租賃業；H703090 不動產買賣業；H703120 自助儲物空間業；H701080 都市更新重建業；H701090 都市更新整建維護業；ZZ99999 除許可業務外，得經營法令非禁止或限制之業務,臺北市,變更,11505
83626064,安可日子股份有限公司,臺北市大同區重慶北路2段74號8樓,林宜靜,28078400,109/05/18,115/05/22,公司印鑑變更,F118010 資訊軟體批發業；F218010 資訊軟體零售業；I301010 資訊軟體服務業；I301030 電子資訊供應服務業；I199990 其他顧問服務業；ZZ99999 除許可業務外，得經營法令非禁止或限制之業務；F399040 無店面零售業；I401010 一般廣告服務業；JZ99050 仲介服務業,臺北市,變更,11505
83627535,聖珮聯邦股份有限公司,臺北市士林區基河路350之1號1樓,王紀珮,10000000,109/05/19,115/05/21,改選董事/監察人(一人法人股東指派董事/監察人),F104110 布疋、衣著、鞋、帽、傘、服飾品批發業；F105050 家具、寢具、廚房器具、裝設品批發業；F102040 飲料批發業；F102050 茶葉批發業；F102170 食品什貨批發業；F109070 文教、樂器、育樂用品批發業；F203010 食品什貨、飲料零售業；F204110 布疋、衣著、鞋、帽、傘、服飾品零售業；F205040 家具、寢具、廚房器具、裝設品零售業；F209060 文教、樂器、育樂用品零售業,臺北市,變更,11505
83641017,嶺禾設計整合有限公司,臺北市中正區重慶南路1段95號6樓,黃家信,200000,109/06/11,115/05/18,申登機關變更（遷入，含卷）,CA02990 其他金屬製品製造業；CC01080 電子零組件製造業；CE01990 其他光學及精密器械製造業；CC01110 電腦及其週邊設備製造業；CC01030 電器及視聽電子產品製造業；C805020 塑膠膜、袋製造業；C805030 塑膠日用品製造業；I501010 產品設計業；I599990 其他設計業；I503010 景觀、室內設計業,臺北市,變更,11505
83683037,信科資訊有限公司,臺北市中山區南京西路1之1號10樓,,500000,109/07/22,115/05/25,解散,I301010 資訊軟體服務業；I301020 資料處理服務業；I301030 電子資訊供應服務業；F401010 國際貿易業；ZZ99999 除許可業務外，得經營法令非禁止或限制之業務,臺北市,變更,11505
83684177,台亞風能股份有限公司,臺北市中山區長安東路1段23號8樓之1,吳坤達,1473500000,109/07/09,115/05/19,公司所在地,E601010 電器承裝業；E601020 電器安裝業；E603010 電纜安裝工程業；E606010 用電設備檢驗維護業；F401010 國際貿易業；I103060 管理顧問業；IG03010 能源技術服務業；CC01010 發電、輸電、配電機械製造業；ZZ99999 除許可業務外，得經營法令非禁止或限制之業務,臺北市,變更,11505
83684465,凍俐智能科技有限公司,臺北市大同區承德路2段46號4樓之3,李建霖,1000000,109/07/10,115/05/25,公司外文名稱登記修正章程,F104110 布疋、衣著、鞋、帽、傘、服飾品批發業；F105050 家具、寢具、廚房器具、裝設品批發業；F106020 日常用品批發業；F106010 五金批發業；F204110 布疋、衣著、鞋、帽、傘、服飾品零售業；F205040 家具、寢具、廚房器具、裝設品零售業；F206010 五金零售業；F206020 日常用品零售業；F401010 國際貿易業；ZZ99999 除許可業務外，得經營法令非禁止或限制之業務,臺北市,變更,11505
83686098,愷奕室內裝修工程有限公司,臺北市松山區南京東路4段56號10樓之1,張詩珮,5000000,109/07/27,115/05/15,公司所在地,E801060 室內裝修業；E801010 室內裝潢業；E801020 門窗安裝工程業；E801040 玻璃安裝工程業；E801070 廚具、衛浴設備安裝工程業；E901010 油漆工程業；E601020 電器安裝業；E801030 室內輕鋼架工程業；E603090 照明設備安裝工程業；EZ99990 其他工程業,臺北市,變更,11505
83691986,奧維國際有限公司,臺北市信義區信義路4段415號11樓之4,李悅熙,2500000,109/06/19,115/05/28,增資,F107020 染料、顏料批發業；F108040 化粧品批發業；F113030 精密儀器批發業；F199990 其他批發業；F208040 化粧品零售業；F299990 其他零售業；F401010 國際貿易業；F399040 無店面零售業；I102010 投資顧問業；I103060 管理顧問業,臺北市,變更,11505
83692325,兜圈科技股份有限公司,臺北市大安區忠孝東路4段148號4樓之4,江鎧呈,2385920,109/06/20,115/05/04,註銷庫藏股減資,I103060 管理顧問業；I301010 資訊軟體服務業；IG02010 研究發展服務業；J202010 產業育成業；ZZ99999 除許可業務外，得經營法令非禁止或限制之業務,臺北市,變更,11505
83692710,睿玲科技股份有限公司,臺北市大安區復興南路1段237號5樓之1,林彥杰,1000000,109/06/22,115/05/22,特殊補正,F108040 化粧品批發業；F208040 化粧品零售業；F401010 國際貿易業；F399990 其他綜合零售業；ZZ99999 除許可業務外，得經營法令非禁止或限制之業務,臺北市,變更,11505
83699093,雄鷹建設股份有限公司,臺北市中山區林森北路100號4樓之1,劉嘉和,125000000,109/06/22,115/05/18,改選董事/監察人(一人法人股東指派董事/監察人),A102080 園藝服務業；E601020 電器安裝業；E603040 消防安全設備安裝工程業；E603090 照明設備安裝工程業；E604010 機械安裝業；E605010 電腦設備安裝業；E606010 用電設備檢驗維護業；E607010 太陽熱能設備安裝工程業；E801010 室內裝潢業；E801020 門窗安裝工程業,臺北市,變更,11505
83700438,我們的力量股份有限公司,臺北市信義區基隆路1段153號之1,謝瑞珊,5899950,109/06/24,115/05/22,特殊補正,F102170 食品什貨批發業；F108040 化粧品批發業；F109070 文教、樂器、育樂用品批發業；F203010 食品什貨、飲料零售業；F208040 化粧品零售業；F209060 文教、樂器、育樂用品零售業；I103060 管理顧問業；I701011 就業服務業；ZZ99999 除許可業務外，得經營法令非禁止或限制之業務,臺北市,變更,11505
83709249,為美學有限公司,臺北市信義區信義路4段415號11樓之7,張為雲,5000000,109/07/13,115/05/14,特殊補正,C701010 印刷業；C703010 印刷品裝訂及加工業；CH01030 文具製造業；CH01040 玩具製造業；E801010 室內裝潢業；F102040 飲料批發業；F102050 茶葉批發業；F104110 布疋、衣著、鞋、帽、傘、服飾品批發業；F105050 家具、寢具、廚房器具、裝設品批發業；F106020 日常用品批發業,臺北市,變更,11505
83709992,世方旅居股份有限公司,臺北市中山區松江路485號1至7樓、5樓之1至5樓之3及7樓之1至7樓之5,魏秋富,60000000,109/07/14,115/05/21,改選董事/監察人(一人法人股東指派董事/監察人),F203010 食品什貨、飲料零售業；F203020 菸酒零售業；F206020 日常用品零售業；F399010 便利商店業；F501030 飲料店業；H201010 一般投資業；H202010 創業投資業；H701010 住宅及大樓開發租售業；H701020 工業廠房開發租售業；H703090 不動產買賣業,臺北市,變更,11505
83710029,畢迪科技股份有限公司,臺北市大安區忠孝東路3段211號8樓,賴俊宇,22120000,109/07/14,115/05/29,特殊補正,I301010 資訊軟體服務業；I301020 資料處理服務業；I301030 電子資訊供應服務業；I501010 產品設計業；I599990 其他設計業；IG02010 研究發展服務業；IZ99990 其他工商服務業；CC01070 無線通信機械器材製造業；CC01080 電子零組件製造業；CC01990 其他電機及電子機械器材製造業,臺北市,變更,11505
83710386,恒泰控股股份有限公司,臺北市大安區忠孝東路4段233號7樓之11,王靜儀,80984120,109/07/14,115/05/21,票據兌現/他機關函復/補正,H201010 一般投資業；ZZ99999 除許可業務外，得經營法令非禁止或限制之業務,臺北市,變更,11505
83710920,千石科技股份有限公司,臺北市南港區三重路19之11號5樓,徐柏明,4500000,109/07/15,115/05/27,特殊補正,I301010 資訊軟體服務業；I301030 電子資訊供應服務業；I301020 資料處理服務業；F401010 國際貿易業；I103060 管理顧問業；I199990 其他顧問服務業；ZZ99999 除許可業務外，得經營法令非禁止或限制之業務,臺北市,變更,11505
83715925,泰子品食有限公司,臺北市松山區八德路4段26號1樓及2樓,陳宇泰,200000,109/04/10,115/05/25,特殊補正,F203010 食品什貨、飲料零售業；F206020 日常用品零售業；F102040 飲料批發業；F102170 食品什貨批發業；F501030 飲料店業；F501060 餐館業；ZZ99999 除許可業務外，得經營法令非禁止或限制之業務,臺北市,變更,11505
83723755,海宇國際股份有限公司,臺北市松山區民權東路3段170號4樓,周世凱,30000000,109/04/24,115/05/07,改選董事/監察人(一人法人股東指派董事/監察人),H704031 不動產仲介經紀業；H704041 不動產代銷經紀業；H701010 住宅及大樓開發租售業；H701020 工業廠房開發租售業；H701080 都市更新重建業；H701090 都市更新整建維護業；H703090 不動產買賣業；H703100 不動產租賃業；E801010 室內裝潢業；I401010 一般廣告服務業,臺北市,變更,11505
83727020,木村金銀珠寶有限公司,臺北市大同區華陰街97號1樓,程繼惇,5000000,109/05/04,115/05/15,增資,CG01010 珠寶及貴金屬製品製造業；F115010 首飾及貴金屬批發業；F215010 首飾及貴金屬零售業；F399040 無店面零售業；F401010 國際貿易業；I105010 藝術品諮詢顧問業；I501010 產品設計業；I599990 其他設計業；ZZ99999 除許可業務外，得經營法令非禁止或限制之業務,臺北市,變更,11505
83735838,創詩投資股份有限公司,臺北市內湖區瑞光路358巷38弄36號10樓,王明正,5000000,109/05/20,115/05/15,改選董事/監察人(一人法人股東指派董事/監察人),H201010 一般投資業,臺北市,變更,11505
83736055,雲匯國際商務股份有限公司,臺北市松山區民生東路3段138號14樓,邱宏德,2500000,109/05/21,115/05/11,一般補正案,E605010 電腦設備安裝業；F113050 電腦及事務性機器設備批發業；F118010 資訊軟體批發業；F213030 電腦及事務性機器設備零售業；F218010 資訊軟體零售業；F401010 國際貿易業；I102010 投資顧問業；I103060 管理顧問業；I301010 資訊軟體服務業；I301030 電子資訊供應服務業,臺北市,變更,11505
83740852,英城營造股份有限公司,臺北市松山區復興北路57號13樓之1,林坤榮,200000000,64/11/13,115/05/13,增資(資本總額),,臺北市,變更,11505
83741803,飛迅實業股份有限公司,臺北市中山區撫順街33號2樓之1,吳錦隆,1000000,109/05/29,115/05/27,特殊補正,E603080 交通號誌安裝工程業；E603050 自動控制設備工程業；E603090 照明設備安裝工程業；EZ06010 交通標示工程業；F113010 機械批發業；F113020 電器批發業；F113050 電腦及事務性機器設備批發業；F113070 電信器材批發業；F113090 交通標誌器材批發業；F114010 汽車批發業,臺北市,變更,11505
83746223,汎鈊工作室有限公司,臺北市大安區忠孝東路4段153號9樓,莊雅嵐,600000,109/05/27,115/05/27,公司所在地,F208040 化粧品零售業；F108040 化粧品批發業；F113990 其他機械器具批發業；F213990 其他機械器具零售業；F115010 首飾及貴金屬批發業；F215010 首飾及貴金屬零售業；F105050 家具、寢具、廚房器具、裝設品批發業；F205040 家具、寢具、廚房器具、裝設品零售業；F299990 其他零售業；F399040 無店面零售業,臺北市,變更,11505
83746820,福富生活股份有限公司,臺北市中山區八德路2段174巷9之4號1樓,董新雨,5000000,109/05/29,115/05/08,公司所營事業變更修正章程,F102030 菸酒批發業；F102170 食品什貨批發業；F106020 日常用品批發業；F107030 清潔用品批發業；F203010 食品什貨、飲料零售業；F203020 菸酒零售業；F206020 日常用品零售業；F207030 清潔用品零售業；F399040 無店面零售業；F401010 國際貿易業,臺北市,變更,11505
83751718,元萌有限公司,臺北市松山區復興北路223號5樓,楊久瑩,1000000,109/05/05,115/05/19,股東出資轉讓修正章程,E605010 電腦設備安裝業；F102170 食品什貨批發業；F104110 布疋、衣著、鞋、帽、傘、服飾品批發業；F105050 家具、寢具、廚房器具、裝設品批發業；F106020 日常用品批發業；F107030 清潔用品批發業；F108040 化粧品批發業；F109070 文教、樂器、育樂用品批發業；F113050 電腦及事務性機器設備批發業；F113070 電信器材批發業,臺北市,變更,11505
83759535,昊偉環境科技股份有限公司,臺北市中正區忠孝西路1段41號13樓之12,賀朝建,13400000,109/05/27,115/05/05,特殊補正,CB01030 污染防治設備製造業；CC01990 其他電機及電子機械器材製造業；F107080 環境用藥批發業；F107170 工業助劑批發業；F107190 塑膠膜、袋批發業；F107200 化學原料批發業；F107990 其他化學製品批發業；F113010 機械批發業；F113100 污染防治設備批發業；F114030 汽、機車零件配備批發業,臺北市,變更,11505
83763405,瀚傑建設開發股份有限公司,臺北市松山區南京東路5段202號8樓之4,王金祥,40000000,109/06/01,115/05/28,董事(常務董事.董事長)/監察人解任,F111090 建材批發業；F211010 建材零售業；H701010 住宅及大樓開發租售業；H701020 工業廠房開發租售業；H701050 投資興建公共建設業；H701040 特定專業區開發業；H701060 新市鎮、新社區開發業；H701070 區段徵收及市地重劃代辦業；H701080 都市更新重建業；H701090 都市更新整建維護業,臺北市,變更,11505
83763518,國賓地產開發股份有限公司,臺北市中山區中山北路2段65巷9號2樓,許育瑞,55000000,109/06/02,115/05/26,補繳規費,F203010 食品什貨、飲料零售業；F401010 國際貿易業；F501030 飲料店業；F501060 餐館業；G202010 停車場經營業；H701010 住宅及大樓開發租售業；H701040 特定專業區開發業；H701060 新市鎮、新社區開發業；H703090 不動產買賣業；H703100 不動產租賃業,臺北市,變更,11505
83763812,毛孩的彩虹天堂有限公司,臺北市中正區北平東路30之1號4樓,陳宇莉律師,550000,109/06/02,115/05/26,臨時管理人登記,F106060 寵物食品及其用品批發業；F206050 寵物食品及其用品零售業；F106020 日常用品批發業；F206020 日常用品零售業；F102040 飲料批發業；F102170 食品什貨批發業；F203010 食品什貨、飲料零售業；F103010 飼料批發業；F202010 飼料零售業；F107030 清潔用品批發業,臺北市,變更,11505
83769739,天慶企業有限公司,臺北市萬華區長沙街2段61號3樓之3,李健銓,2000000,109/06/19,115/05/12,公司印鑑變更,F204110 布疋、衣著、鞋、帽、傘、服飾品零售業；F399040 無店面零售業；F401010 國際貿易業；F203010 食品什貨、飲料零售業；F206010 五金零售業；F206020 日常用品零售業；F208040 化粧品零售業；F209060 文教、樂器、育樂用品零售業；ZZ99999 除許可業務外，得經營法令非禁止或限制之業務,臺北市,變更,11505
83772925,圜盈投資有限公司,臺北市大安區忠孝東路4段183號13樓之2,楊智鈞,600000,109/06/30,115/05/11,特殊補正,F102170 食品什貨批發業；F106020 日常用品批發業；F203010 食品什貨、飲料零售業；F399040 無店面零售業；F399990 其他綜合零售業；H201010 一般投資業；H202010 創業投資業；I103060 管理顧問業；I301030 電子資訊供應服務業；I401010 一般廣告服務業,臺北市,變更,11505
83774108,悅初股份有限公司,臺北市大安區忠孝東路4段148號7樓之6,陳禹潔,1000000,109/07/06,115/05/15,特殊補正,CC01110 電腦及其週邊設備製造業；CC01120 資料儲存媒體製造及複製業；CC01990 其他電機及電子機械器材製造業；E604010 機械安裝業；E605010 電腦設備安裝業；E701030 電信管制射頻器材裝設工程業；E701040 簡易電信設備安裝業；E801010 室內裝潢業；E801020 門窗安裝工程業；EZ05010 儀器、儀表安裝工程業,臺北市,變更,11505
83774402,曜昇興業有限公司,臺北市中山區復興北路488巷1弄3號,黃稚驊,6000000,109/07/06,115/05/14,特殊補正,H704031 不動產仲介經紀業；H704041 不動產代銷經紀業；H701010 住宅及大樓開發租售業；H701020 工業廠房開發租售業；H703090 不動產買賣業；H703100 不動產租賃業；H701090 都市更新整建維護業；E801010 室內裝潢業；I503010 景觀設計業；I401020 廣告傳單分送業,臺北市,變更,11505
83783676,柏愛健康產業股份有限公司,臺北市內湖區行善路467號6樓,林鴻達,18170000,109/04/13,115/05/13,特殊補正,F206020 日常用品零售業；F209060 文教、樂器、育樂用品零售業；H703110 老人住宅業；I103060 管理顧問業；I199990 其他顧問服務業；I599990 其他設計業；IG01010 生物技術服務業；IG02010 研究發展服務業；IZ12010 人力派遣業；IZ15010 市場研究及民意調查業,臺北市,變更,11505
83784400,安磊諮詢顧問有限公司,臺北市中正區信義路2段91號6樓之1,謝杏慧,2000000,109/04/15,115/05/06,公司所營事業變更修正章程,H701010 住宅及大樓開發租售業；H701020 工業廠房開發租售業；H703090 不動產買賣業；H703100 不動產租賃業；H703110 老人住宅業；HZ99990 其他金融、保險及不動產業；I102010 一般投資顧問業；I103060 管理顧問業；I199990 其他顧問服務業；IG02010 研究發展服務業,臺北市,變更,11505
83785196,超食力股份有限公司,臺北市中正區重慶南路1段10號8樓之15,極加投資股份有限公司,27000000,109/03/30,115/05/12,公司印鑑變更,F102040 飲料批發業；F102170 食品什貨批發業；F203010 食品什貨、飲料零售業；I101090 食品顧問業；F401010 國際貿易業；I103060 管理顧問業；I199990 其他顧問服務業；I401010 一般廣告服務業；I501010 產品設計業；C103050 罐頭、冷凍、脫水及醃漬食品製造業,臺北市,變更,11505
83785323,沐實股份有限公司,臺北市信義區松高路1號4樓,程昱斌,135499000,109/03/30,115/05/12,改派董事/監察人,H201010 一般投資業；ZZ99999 除許可業務外，得經營法令非禁止或限制之業務,臺北市,變更,11505
83789427,金航國際旅行社股份有限公司,臺北市松山區復興北路181號10樓之1、10樓之2,陳芊妏,6000000,109/04/10,115/05/20,特殊補正,J902011 旅行業,臺北市,變更,11505
83794836,西氏亞洲有限公司,臺北市中山區南京東路3段168號3樓之1、3樓之2,Sean Peter Parish,25500000,109/04/30,115/05/15,董事/股東證照變更,I103060 管理顧問業；I301020 資料處理服務業；IG02010 研究發展服務業；ZZ99999 除許可業務外，得經營法令非禁止或限制之業務,臺北市,變更,11505
83799038,米希納股份有限公司,臺北市大同區西寧北路37號12樓,古旻欣,3000000,109/05/08,115/05/13,特殊補正,F102170 食品什貨批發業；F199990 其他批發業；F203010 食品什貨、飲料零售業；F299990 其他零售業；F399040 無店面零售業；F401010 國際貿易業；I101090 食品顧問業；I199990 其他顧問服務業；ZZ99999 除許可業務外，得經營法令非禁止或限制之業務,臺北市,變更,11505
83799261,適碩系統有限公司,臺北市中正區重慶南路1段10號8樓之15,葉德光,500000,109/05/11,115/05/15,補繳規費,I301010 資訊軟體服務業；E601020 電器安裝業；E603050 自動控制設備工程業；F113050 電腦及事務性機器設備批發業；F213030 電腦及事務性機器設備零售業；F401010 國際貿易業；I199990 其他顧問服務業；E605010 電腦設備安裝業；I103060 管理顧問業；I301020 資料處理服務業,臺北市,變更,11505
83835230,靖舜股份有限公司,臺北市大安區安和路2段21號7樓,張慶德,5650000,108/11/29,115/05/27,特殊補正,H201010 一般投資業,臺北市,變更,11505
83925464,西鄰科技有限公司,臺北市中正區忠孝西路1段72號2樓之1,林瑞蓉,1000000,108/10/08,115/05/15,公司所營事業變更修正章程,F106030 模具批發業；F119010 電子材料批發業；F213010 電器零售業；F213040 精密儀器零售業；F213080 機械器具零售業；F213990 其他機械器具零售業；F219010 電子材料零售業；F401010 國際貿易業；C805050 工業用塑膠製品製造業；CA02010 金屬結構及建築組件製造業,臺北市,變更,11505
83958865,展睿開發股份有限公司,臺北市中山區復興北路2號8樓之8,盧宗宜,575044000,108/10/29,115/05/11,董事/監察人持股變動報備,E801010 室內裝潢業；EZ99990 其他工程業；F111090 建材批發業；F113010 機械批發業；F211010 建材零售業；F213080 機械器具零售業；F401010 國際貿易業；H201010 一般投資業；H701010 住宅及大樓開發租售業；H701020 工業廠房開發租售業,臺北市,變更,11505
84110109,御邸家具有限公司,臺北市中山區北安路780號1樓,沈勇偉,32000000,81/12/14,115/05/08,公司所營事業變更修正章程,F105050 家具、寢具、廚房器具、裝設品批發業；F205040 家具、寢具、廚房器具、裝設品零售業；E801010 室內裝潢業；E801020 門窗安裝工程業；E801030 室內輕鋼架工程業；E801040 玻璃安裝工程業；E801070 廚具、衛浴設備安裝工程業；E901010 油漆工程業；E903010 防蝕、防銹工程業；I401010 一般廣告服務業,臺北市,變更,11505
84126030,鎵興國際股份有限公司,臺北市中正區忠孝東路1段76號8樓之2,黎高興,200000000,82/02/04,115/05/22,特殊補正,I103060 管理顧問業；I199990 其他顧問服務業；I301010 資訊軟體服務業；I301020 資料處理服務業；I301030 電子資訊供應服務業；I701011 就業服務業；IZ12010 人力派遣業；IZ99990 其他工商服務業；J101010 建築物清潔服務業；J901020 一般旅館業,臺北市,變更,11505
84126242,常利企業股份有限公司,臺北市中山區南京東路2段38號9樓,陳健隆,54000000,82/02/04,115/05/29,董事/監察人持股變動報備,,臺北市,變更,11505
84139252,宏巍國際股份有限公司,臺北市文山區羅斯福路6段160號,魏献修,5000000,82/03/11,115/05/06,特殊補正,,臺北市,變更,11505
84149385,力晶創新投資控股股份有限公司,臺北市中山區南京東路三段70號15樓,黃崇仁,13661608610,83/12/20,115/05/21,其他減資,H201010 一般投資業；F401010 國際貿易業；F113010 機械批發業；F113070 電信器材批發業；F119010 電子材料批發業；F113030 精密儀器批發業；F213040 精密儀器零售業；F213060 電信器材零售業；F213080 機械器具零售業；F219010 電子材料零售業,臺北市,變更,11505
84156322,環域科技股份有限公司,臺北市內湖區新湖一路83號3樓,戴台平,10000000,82/01/07,115/05/11,特殊補正,F113050 電腦及事務性機器設備批發業；F118010 資訊軟體批發業；F213030 電腦及事務性機器設備零售業；I301010 資訊軟體服務業；F218010 資訊軟體零售業；F109070 文教、樂器、育樂用品批發業；F209060 文教、樂器、育樂用品零售業；E605010 電腦設備安裝業；I301020 資料處理服務業；IZ01010 影印業,臺北市,變更,11505
84266691,震昇實業股份有限公司,臺北市大安區仁愛路4段296號24樓,陳政治,107301000,82/05/05,115/05/04,特殊補正,I503010 景觀設計業；C305010 印染整理業；F401010 國際貿易業；ZZ99999 除許可業務外，得經營法令非禁止或限制之業務,臺北市,變更,11505
84271478,長佳機電工程股份有限公司,臺北市內湖區基湖路10巷1號8樓,王才翔,378387830,82/05/17,115/05/11,董事/監察人持股變動報備,CC01010 發電、輸電、配電機械製造業；CC01060 有線通信機械器材製造業；CC01070 無線通信機械器材製造業；CC01080 電子零組件製造業；F113050 電腦及事務性機器設備批發業；F118010 資訊軟體批發業；F119010 電子材料批發業；I301010 資訊軟體服務業；E501011 自來水管承裝商；E599010 配管工程業,臺北市,變更,11505
84271836,冠鵬旅行社股份有限公司,臺北市中山區南京東路2段56號10樓,陳森木,31500000,82/05/19,115/05/25,特殊補正,,臺北市,變更,11505
84283586,三大眼鏡有限公司,臺北市士林區忠義街133號,楊悉耀,5000000,82/06/14,115/05/13,公司所營事業變更修正章程,F104110 布疋、衣著、鞋、帽、傘、服飾品批發業；F110020 眼鏡批發業；F204110 布疋、衣著、鞋、帽、傘、服飾品零售業；F210020 眼鏡零售業；F401010 國際貿易業；ZZ99999 除許可業務外，得經營法令非禁止或限制之業務,臺北市,變更,11505
84289076,鎂克企業有限公司,臺北市萬華區武昌街2段65之1號,林麗玉,2500000,82/06/25,115/05/06,特殊補正,F203010 食品什貨、飲料零售業；F399990 其他綜合零售業；F204110 布疋、衣著、鞋、帽、傘、服飾品零售業；ZZ99999 除許可業務外，得經營法令非禁止或限制之業務,臺北市,變更,11505
84305343,上格水族有限公司,臺北市大安區建國南路1段336號1樓,張軒誠,5000000,82/08/06,115/05/08,特殊補正,F101120 觀賞魚批發業；F199990 其他批發業；F201090 觀賞魚零售業；F299990 其他零售業；F401010 國際貿易業；A102080 園藝服務業；CC01040 照明設備製造業；F113020 電器批發業；F201070 花卉零售業；F206050 寵物食品及其用品零售業,臺北市,變更,11505
84306899,台灣吉世美國際股份有限公司,臺北市大同區承德路1段2號12樓之1、12樓之2,陽川勝樹,20000000,82/05/27,115/05/26,經理人變更,I103060 管理顧問業；JD01010 工商徵信服務業；ZZ99999 除許可業務外，得經營法令非禁止或限制之業務；H104011 信用卡業,臺北市,變更,11505
84308340,傑太日煙國際股份有限公司,臺北市信義區松仁路32號7樓,慕芮熙(Simon John Maude-Roxby),100000000,82/10/18,115/05/13,改選董事/監察人(一人法人股東指派董事/監察人),F102030 菸酒批發業；F203020 菸酒零售業；F401161 菸類輸入業；ZZ99999 除許可業務外，得經營法令非禁止或限制之業務,臺北市,變更,11505
84309609,偉克商人股份有限公司,臺北市中山區樂群三路301號4樓,楊洪權,5000000,83/01/31,115/05/19,改選董事/監察人(一人法人股東指派董事/監察人),F401010 國際貿易業；F101050 水產品批發業；F102030 菸酒批發業；F102040 飲料批發業；F102170 食品什貨批發業；F201010 農產品零售業；F201020 畜產品零售業；F201030 水產品零售業；F203010 食品什貨、飲料零售業；F203020 菸酒零售業,臺北市,變更,11505
84311318,聖戈班先進材料股份有限公司,臺北市中山區建國北路2段147號3樓之1,韋博立(Weber Ludovic Jimmy),25000000,83/05/26,115/05/06,改選董事/監察人(一人法人股東指派董事/監察人),C801100 合成樹脂及塑膠製造業；C901010 陶瓷及陶瓷製品製造業；C901060 耐火材料製造業；C901990 其他非金屬礦物製品製造業；CB01010 機械設備製造業；CB01990 其他機械製造業；CD01030 汽車及其零件製造業；CE01030 光學儀器製造業；F113030 精密儀器批發業；F113990 其他機械器具批發業,臺北市,變更,11505
84448601,宏利投資股份有限公司,臺北市中正區漢口街1段85號10樓之5,廖羚君,88000000,82/08/27,115/05/12,改選董事/監察人(一人法人股東指派董事/監察人),H201010 一般投資業；ZZ99999 除許可業務外，得經營法令非禁止或限制之業務,臺北市,變更,11505
84449897,宏誠創業投資股份有限公司,臺北市內湖區內湖路一段120巷17號5樓,洪嘉聰,6761017850,82/09/21,115/05/22,發行新股,,臺北市,變更,11505
84454912,輻新企業股份有限公司,臺北市信義區富陽街44巷2號1樓,潘建宇,5000000,82/08/16,115/05/26,董事/監察人持股變動報備,F101130 蔬果批發業；F102170 食品什貨批發業；F104110 布疋、衣著、鞋、帽、傘、服飾品批發業；F107020 染料、顏料批發業；F106010 五金批發業；F109070 文教、樂器、育樂用品批發業；F113010 機械批發業；F113030 精密儀器批發業；F204110 布疋、衣著、鞋、帽、傘、服飾品零售業；F213040 精密儀器零售業,臺北市,變更,11505
84482473,雅絹衣著事業有限公司,臺北市松山區富錦街446號1樓,胡雅娟,3000000,82/11/06,115/05/26,特殊補正,,臺北市,變更,11505
84523565,亨靂科技企業有限公司,臺北市中正區臨沂街3巷11號,胡維正,5000000,82/08/12,115/05/07,公司所營事業變更修正章程,F113010 機械批發業；F113050 電腦及事務性機器設備批發業；F118010 資訊軟體批發業；F119010 電子材料批發業；I301010 資訊軟體服務業；I301030 電子資訊供應服務業；I501010 產品設計業；I599990 其他設計業；F401010 國際貿易業；ZZ99999 除許可業務外，得經營法令非禁止或限制之業務,臺北市,變更,11505
84548046,久舜營造股份有限公司,臺北市內湖區新湖二路257號2樓,林世貞,452880000,82/09/06,115/05/26,修正章程,CC01040 照明設備製造業；CC01080 電子零組件製造業；E101011 綜合營造業；E501011 自來水管承裝商；E601010 電器承裝業；H201010 一般投資業；H701040 特定專業區開發業；H701080 都市更新重建業；H701090 都市更新整建維護業；H703090 不動產買賣業,臺北市,變更,11505
84594575,鴻將企業有限公司,臺北市松山區八德路3段2號6樓,陳宗沂,10000000,82/10/27,115/05/22,特殊補正,F104110 布疋、衣著、鞋、帽、傘、服飾品批發業；F109070 文教、樂器、育樂用品批發業；F204110 布疋、衣著、鞋、帽、傘、服飾品零售業；F209060 文教、樂器、育樂用品零售業；F401010 國際貿易業；ZZ99999 除許可業務外，得經營法令非禁止或限制之業務,臺北市,變更,11505
84604790,大揚寶石有限公司,臺北市松山區復興北路309號10樓,彭錦洋,10000000,82/11/06,115/05/12,修正章程,CG01010 珠寶及貴金屬製品製造業；F104110 布疋、衣著、鞋、帽、傘、服飾品批發業；F105050 家具、寢具、廚房器具、裝設品批發業；F115010 首飾及貴金屬批發業；F115020 礦石批發業；F199990 其他批發業；F204110 布疋、衣著、鞋、帽、傘、服飾品零售業；F205040 家具、寢具、廚房器具、裝設品零售業；F215010 首飾及貴金屬零售業；F215020 礦石零售業,臺北市,變更,11505
84649874,子星貿易有限公司,臺北市文山區羅斯福路5段140號1樓,施珍梅,5000000,82/12/27,115/05/29,股東出資轉讓修正章程,,臺北市,變更,11505
84659035,上亞科技股份有限公司,臺北市松山區南京東路5段188號9樓之12,蔡文杰,463000000,83/01/07,115/05/20,特殊補正,CC01080 電子零組件製造業；I501010 產品設計業；CC01070 無線通信機械器材製造業；CE01010 一般儀器製造業；CC01060 有線通信機械器材製造業；CC01110 電腦及其週邊設備製造業；F213040 精密儀器零售業；F118010 資訊軟體批發業；F219010 電子材料零售業；F401010 國際貿易業,臺北市,變更,11505
84683817,衡國企業股份有限公司,臺北市北投區大業路162號3樓,陳銘吉,400000000,83/02/04,115/05/04,特殊補正,CC01080 電子零組件製造業；CC01110 電腦及其週邊設備製造業；F106010 五金批發業；F113010 機械批發業；F113020 電器批發業；F113050 電腦及事務性機器設備批發業；F113070 電信器材批發業；F118010 資訊軟體批發業；F119010 電子材料批發業；F206010 五金零售業,臺北市,變更,11505
84703052,遠雄人壽保險事業股份有限公司,臺北市信義區松高路1號28樓,孟嘉仁,14502775000,82/11/19,115/05/20,董事/監察人地址變更,H501011 人身保險業,臺北市,變更,11505
84704496,凱基期貨股份有限公司,臺北市中正區重慶南路1段2號6樓、12樓、13樓,糜以雍,1797629750,82/12/08,115/05/18,修正章程,H401011 期貨商；H405011 期貨顧問事業；H407011 期貨經理事業；H304011 證券投資顧問業；H310011 證券交易輔助人；H404011 槓桿交易商,臺北市,變更,11505
84707276,香港商台灣意比有限公司,臺北市中山區中山北路2段44號12樓,柏吉奧,235000000,83/02/01,115/05/18,改派在中華民國境內負責人變更登記,ZZ99999 除許可業務外，得經營法令非禁止或限制之業務,臺北市,變更,11505
84752200,崇越電通股份有限公司,臺北市大安區市民大道四段102號14樓,潘振成,740655420,83/02/05,115/05/21,可轉換公司債換發新股,F401010 國際貿易業；F107200 化學原料批發業；F207170 工業助劑零售業；F107170 工業助劑批發業；F207200 化學原料零售業；F399990 其他綜合零售業；F113020 電器批發業；F113110 電池批發業；F117010 消防安全設備批發業；F119010 電子材料批發業,臺北市,變更,11505
84753968,蘭揚食品股份有限公司,臺北市大同區民族西路201、203號,何明娥,150100000,83/02/16,115/05/07,特殊補正,F101050 水產品批發業；F101990 其他農、畜、水產品批發業；C103050 罐頭、冷凍、脫水及醃漬食品製造業；C199990 未分類其他食品製造業；F401010 國際貿易業；H703100 不動產租賃業；JE01010 租賃業；ZZ99999 除許可業務外，得經營法令非禁止或限制之業務,臺北市,變更,11505
84757232,紀陽工程有限公司,臺北市松山區民生東路3段128號12樓之1,李明憲,10000000,83/03/01,115/05/28,特殊補正,E603050 自動控制設備工程業；E604010 機械安裝業；E801010 室內裝潢業；EZ05010 儀器、儀表安裝工程業；F106020 日常用品批發業；F113010 機械批發業；F113030 精密儀器批發業；F206020 日常用品零售業；F213040 精密儀器零售業；F213080 機械器具零售業,臺北市,變更,11505
84759533,正儀管理顧問有限公司,臺北市大安區新生南路1段141之8號4樓,蓋華英,16000000,83/03/09,115/05/29,特殊補正,,臺北市,變更,11505
84768316,信品工程有限公司,臺北市信義區忠孝東路5段372巷27弄23號,李添福,35000000,83/04/09,115/05/21,增資,E601010 電器承裝業；E603040 消防安全設備安裝工程業；E603090 照明設備安裝工程業；E701010 通信工程業；E801010 室內裝潢業；EZ05010 儀器、儀表安裝工程業；F106040 水器材料批發業；F113020 電器批發業；F206040 水器材料零售業；F211010 建材零售業,臺北市,變更,11505
84781991,乘行旅行社股份有限公司,臺北市中山區南京東路2段90號12樓,黃明峰,29500000,83/05/11,115/05/04,董事(常務董事.董事長)/監察人解任,J902011 旅行業,臺北市,變更,11505
84789001,和暘建設股份有限公司,臺北市大安區復興南路1段380號10樓,林明豪,25000000,83/05/27,115/05/27,改選董事/監察人(一人法人股東指派董事/監察人),E801010 室內裝潢業；F111090 建材批發業；F401010 國際貿易業；G202010 停車場經營業；H701010 住宅及大樓開發租售業；H701020 工業廠房開發租售業；H701040 特定專業區開發業；H701050 投資興建公共建設業；H701060 新市鎮、新社區開發業；H701070 區段徵收及市地重劃代辦業,臺北市,變更,11505
84894405,新加坡商約翰威立股份有限公司,臺北市信義區信義路四段415號12樓,TANN LAY KAH,2500000,83/07/09,115/05/22,改派在中華民國境內負責人變更登記,IZ15010 市場研究及民意調查業；IZ99990 其他工商服務業；JZ99990 未分類其他服務業,臺北市,變更,11505
84900645,藝珂人事顧問股份有限公司,臺北市信義區忠孝東路5段68號10樓,陳玉芬,33660000,83/12/19,115/05/22,特殊補正,I103060 管理顧問業；I301010 資訊軟體服務業；I301030 電子資訊供應服務業；I701011 就業服務業；IZ12010 人力派遣業；J202010 產業育成業；I301020 資料處理服務業；IZ15010 市場研究及民意調查業；IZ99990 其他工商服務業；I401010 一般廣告服務業,臺北市,變更,11505
84912895,銓紘科技有限公司,臺北市大安區忠孝東路4段162號12樓之5,林睿遠,5500000,83/06/30,115/05/07,修正章程,E601010 電器承裝業；E603050 自動控制設備工程業；EZ05010 儀器、儀表安裝工程業；E601020 電器安裝業；E605010 電腦設備安裝業；E801010 室內裝潢業；F113020 電器批發業；F113050 電腦及事務性機器設備批發業；F113070 電信器材批發業；F213060 電信器材零售業,臺北市,變更,11505
84936186,交流科技股份有限公司,臺北市中山區復興南路1段36之9號12樓,蘇學文,10000000,83/08/26,115/05/18,特殊補正,CC01110 電腦及其週邊設備製造業；E605010 電腦設備安裝業；I301010 資訊軟體服務業；I301020 資料處理服務業；F401021 電信管制射頻器材輸入業；F119010 電子材料批發業；F219010 電子材料零售業；F113010 機械批發業；F213080 機械器具零售業；F113020 電器批發業,臺北市,變更,11505
84942336,威寬投資開發股份有限公司,臺北市中山區南京東路3段77號3樓,蘇恭秀,15000000,83/09/12,115/05/25,補選董事(常務董事.董事長)/監察人,H201010 一般投資業；H701010 住宅及大樓開發租售業；H701020 工業廠房開發租售業；H701040 特定專業區開發業；H701050 投資興建公共建設業；H701060 新市鎮、新社區開發業；H701080 都市更新重建業；H703090 不動產買賣業；H703100 不動產租賃業；I102010 一般投資顧問業,臺北市,變更,11505
84944025,富貴投資開發股份有限公司,臺北市信義區忠孝東路5段1之10號3樓,賈文中,180000000,83/09/16,115/05/04,公司所營事業變更修正章程,H201010 一般投資業；I102010 一般投資顧問業；I103060 管理顧問業,臺北市,變更,11505
84964062,一陽旅行社股份有限公司,臺北市中山區松江路206號11樓之6,官文清,8000000,83/06/09,115/05/06,特殊補正,J902011 旅行業,臺北市,變更,11505
84994615,古馬鞋業開發有限公司,臺北市萬華區成都路9號,黃基榮,5000000,83/07/06,115/05/19,特殊補正,F104110 布疋、衣著、鞋、帽、傘、服飾品批發業；F204110 布疋、衣著、鞋、帽、傘、服飾品零售業；I501010 產品設計業；F401010 國際貿易業；I103060 管理顧問業；H703100 不動產租賃業；JE01010 租賃業；JZ99050 仲介服務業；ZZ99999 除許可業務外，得經營法令非禁止或限制之業務；F203010 食品什貨、飲料零售業,臺北市,變更,11505
85000733,全球興國際地產有限公司,臺北市中山區中山北路1段67號1樓,湯惠中,500000,108/11/06,115/05/12,股東出資轉讓修正章程,F205040 家具、寢具、廚房器具、裝設品零售業；F401010 國際貿易業；H701010 住宅及大樓開發租售業；H701020 工業廠房開發租售業；H703090 不動產買賣業；H703100 不動產租賃業；I102010 一般投資顧問業；I103060 管理顧問業；I105010 藝術品諮詢顧問業；I199990 其他顧問服務業,臺北市,變更,11505
85000889,沛懋企業有限公司,臺北市文山區溪口街39號,蔡亞成,3000000,108/11/07,115/05/29,股東出資轉讓修正章程,F106020 日常用品批發業；F101130 蔬果批發業；F201010 農產品零售業；F102020 食用油脂批發業；F102040 飲料批發業；F102050 茶葉批發業；F102030 菸酒批發業；F102170 食品什貨批發業；F199990 其他批發業；F203010 食品什貨、飲料零售業,臺北市,變更,11505
85001228,農創行銷有限公司,臺北市文山區仙岩路16巷26弄6號,郭德風,2000000,108/11/07,115/05/14,董事/股東地址變更,F102030 菸酒批發業；F102040 飲料批發業；F102050 茶葉批發業；F102170 食品什貨批發業；F104110 布疋、衣著、鞋、帽、傘、服飾品批發業；F105050 家具、寢具、廚房器具、裝設品批發業；F106010 五金批發業；F106020 日常用品批發業；F108040 化粧品批發業；F109070 文教、樂器、育樂用品批發業,臺北市,變更,11505
85005358,正濠實業股份有限公司,臺北市大同區永昌街1號1樓,林虹均,2000000,108/11/18,115/05/19,申登機關變更（遷入，含卷）,F201010 農產品零售業；F201020 畜產品零售業；F201030 水產品零售業；F201990 其他農畜水產品零售業；F203010 食品什貨、飲料零售業；F399040 無店面零售業；F401010 國際貿易業；F501990 其他餐飲業；H202010 創業投資業；I101090 食品顧問業,臺北市,變更,11505
85007074,嘉時航運股份有限公司,臺北市信義區忠孝東路5段68號23樓,吳兆誠,255800000,108/11/18,115/05/22,特殊補正,G403010 船舶出租業；G702010 船舶勞務承攬業；I101120 造船顧問業；I103060 管理顧問業；I199990 其他顧問服務業；ZZ99999 除許可業務外，得經營法令非禁止或限制之業務；G301011 船舶運送業；G407010 打撈業；G408010 海難救護業,臺北市,變更,11505
85013744,許氏生技有限公司,臺北市中山區建國北路2段66號地下之1,龍京佑,8000000,108/08/23,115/05/13,特殊補正,ZZ99999 除許可業務外，得經營法令非禁止或限制之業務；F101130 蔬果批發業；F102030 菸酒批發業；F102040 飲料批發業；F102050 茶葉批發業；F102170 食品什貨批發業；F102180 酒精批發業；F103010 飼料批發業；F105050 家具、寢具、廚房器具、裝設品批發業；F106010 五金批發業,臺北市,變更,11505
85014005,飛聖航空股份有限公司,臺北市中山區南京東路3段68號12樓,黃崇仁,835000000,108/08/26,115/05/11,補繳規費,G502011 普通航空業；G501020 民用航空總代理業；F114070 航空器及其零件批發業；F214070 航空器及其零件零售業；G799990 其他運輸輔助業；I101100 航空顧問業；JA02990 其他修理業；JE01010 租賃業；ZZ99999 除許可業務外，得經營法令非禁止或限制之業務,臺北市,變更,11505
85014390,彼利數位資訊股份有限公司,臺北市中山區建國北路3段90號1樓,蘇冠豪,20000000,108/08/27,115/05/15,公司所在地,I301010 資訊軟體服務業；I301020 資料處理服務業；I301030 電子資訊供應服務業；I301040 第三方支付服務業；I401010 一般廣告服務業；I501010 產品設計業；I103060 管理顧問業；I199990 其他顧問服務業；IZ12010 人力派遣業；IZ99990 其他工商服務業,臺北市,變更,11505
85015969,安傑特科技股份有限公司,臺北市中山區植福路308號5樓之6,盧明光,100000000,108/09/06,115/05/12,特殊補正,CC01080 電子零組件製造業；F119010 電子材料批發業；F219010 電子材料零售業；F401010 國際貿易業；I301010 資訊軟體服務業；I501010 產品設計業；I599990 其他設計業；IZ99990 其他工商服務業；ZZ99999 除許可業務外，得經營法令非禁止或限制之業務,臺北市,變更,11505
85016030,亞洲領行管理顧問有限公司,臺北市中山區南京東路3段91號5樓之4,黃慧如,5000000,108/09/06,115/05/05,特殊補正,I103060 管理顧問業；ZZ99999 除許可業務外，得經營法令非禁止或限制之業務,臺北市,變更,11505
85016427,永心生醫科技股份有限公司,臺北市信義區東興路63號3樓,洪如玲,22000000,108/09/06,115/05/26,特殊補正,F102170 食品什貨批發業；F106020 日常用品批發業；F107030 清潔用品批發業；F108040 化粧品批發業；F113030 精密儀器批發業；F203010 食品什貨、飲料零售業；F206020 日常用品零售業；F207030 清潔用品零售業；F208040 化粧品零售業；F399040 無店面零售業,臺北市,變更,11505
85016708,數位身分股份有限公司,臺北市大安區復興南路2段218號4樓之6,李紀廣,93000000,108/09/09,115/05/07,公司所在地,I301010 資訊軟體服務業；I301020 資料處理服務業；I301030 電子資訊供應服務業；F399040 無店面零售業；F401010 國際貿易業；ZZ99999 除許可業務外，得經營法令非禁止或限制之業務,臺北市,變更,11505
85016828,很多宸有限公司,臺北市中山區長春路6號3樓,王秀宸,5000000,108/09/09,115/05/04,特殊補正,F102040 飲料批發業；F104110 布疋、衣著、鞋、帽、傘、服飾品批發業；F105050 家具、寢具、廚房器具、裝設品批發業；F106020 日常用品批發業；F203010 食品什貨、飲料零售業；F204110 布疋、衣著、鞋、帽、傘、服飾品零售業；F205040 家具、寢具、廚房器具、裝設品零售業；F206020 日常用品零售業；F209060 文教、樂器、育樂用品零售業；F213030 電腦及事務性機器設備零售業,臺北市,變更,11505
85017235,我的預算有限公司,臺北市信義區松高路1號6樓,陳俐伃,5000000,108/09/10,115/05/06,股東出資轉讓修正章程,I401010 一般廣告服務業；J601010 藝文服務業；J602010 演藝活動業；I103060 管理顧問業；IZ99990 其他工商服務業；ZZ99999 除許可業務外，得經營法令非禁止或限制之業務；J603010 音樂展演空間業；JZ99050 仲介服務業；J401010 電影片製作業；J503010 廣播節目製作業,臺北市,變更,11505
85022976,立方全球投資股份有限公司,臺北市信義區松智路30號1樓,楊晨欣,1550000,108/09/19,115/05/20,特殊補正,H201010 一般投資業；I102010 投資顧問業；I103060 管理顧問業；I199990 其他顧問服務業；ZZ99999 除許可業務外，得經營法令非禁止或限制之業務,臺北市,變更,11505
85023948,宏川室內裝修設計有限公司,臺北市大安區忠孝東路4段112號11樓,王鎮華,2000000,108/09/20,115/05/08,特殊補正,E801010 室內裝潢業；E801060 室內裝修業；I501010 產品設計業；I503010 景觀、室內設計業；F105050 家具、寢具、廚房器具、裝設品批發業；F111090 建材批發業；F205040 家具、寢具、廚房器具、裝設品零售業；F211010 建材零售業；F401010 國際貿易業；F601010 智慧財產權業,臺北市,變更,11505
85027923,永宏家有限公司,臺北市松山區八德路3段200號6樓之2,蘇奕佳,1000000,108/10/03,115/05/13,改推董事/董事長,F108040 化粧品批發業；F208040 化粧品零售業；F102170 食品什貨批發業；F102040 飲料批發業；F203010 食品什貨、飲料零售業；F401010 國際貿易業；F108031 醫療器材批發業；F208031 醫療器材零售業；F113030 精密儀器批發業；F213040 精密儀器零售業,臺北市,變更,11505
85028182,台灣樂天國際貿易股份有限公司,臺北市中山區民生東路3段51號11樓,高橋宙生,109500000,108/10/04,115/05/05,特殊補正,F102170 食品什貨批發業；F104110 布疋、衣著、鞋、帽、傘、服飾品批發業；F105050 家具、寢具、廚房器具、裝設品批發業；F106020 日常用品批發業；F108040 化粧品批發業；F109070 文教、樂器、育樂用品批發業；F110010 鐘錶批發業；F113020 電器批發業；F115010 首飾及貴金屬批發業；F199990 其他批發業,臺北市,變更,11505
85029838,大旭科技股份有限公司,臺北市中正區館前路2號12樓,游孟儒,10000000,108/10/08,115/05/20,特殊補正,I103060 管理顧問業；I199990 其他顧問服務業；F118010 資訊軟體批發業；F218010 資訊軟體零售業；I301010 資訊軟體服務業；I301020 資料處理服務業；I301030 電子資訊供應服務業；I401010 一般廣告服務業；J202010 產業育成業；F108031 醫療器材批發業,臺北市,變更,11505
85043395,葒典股份有限公司,臺北市大同區環河北路1段107號8樓,洪榮鍵,10800000,108/11/25,115/05/04,特殊補正,F101050 水產品批發業；F101130 蔬果批發業；F101990 其他農、畜、水產品批發業；F102030 菸酒批發業；F102040 飲料批發業；F102170 食品什貨批發業；F201030 水產品零售業；F201990 其他農畜水產品零售業；F203010 食品什貨、飲料零售業；F203020 菸酒零售業,臺北市,變更,11505
85045990,普思資本有限公司,臺北市大安區忠孝東路4段162號12樓之2,喬宣時,20000000,108/11/22,115/05/08,公司所在地,H201010 一般投資業,臺北市,變更,11505
85046203,重版文化整合事業股份有限公司,臺北市大安區敦化南路2段46號13樓之2,賀郁文,4700000,108/11/22,115/05/06,增資(資本總額),J305010 有聲出版業；J303010 雜誌（期刊）出版業；I301010 資訊軟體服務業；I301020 資料處理服務業；I301030 電子資訊供應服務業；F401010 國際貿易業；F601010 智慧財產權業；F104110 布疋、衣著、鞋、帽、傘、服飾品批發業；F108040 化粧品批發業；F109070 文教、樂器、育樂用品批發業,臺北市,變更,11505
85052393,台泥屏致綠能股份有限公司,臺北市中山區中山北路2段113號10樓,翁吉良,2000000,108/08/08,115/05/06,特殊補正,F211010 建材零售業；F213080 機械器具零售業；F601010 智慧財產權業；JA02990 其他修理業；G801010 倉儲業；E603050 自動控制設備工程業；EZ05010 儀器、儀表安裝工程業；F401010 國際貿易業；CC01010 發電、輸電、配電機械製造業；D101060 再生能源自用發電設備業,臺北市,變更,11505
85063477,箴傳有限公司,臺北市中山區復興北路150號7樓之1,曾竹君,1000000,108/09/27,115/05/13,公司所在地,F102040 飲料批發業；F102050 茶葉批發業；F102170 食品什貨批發業；F104110 布疋、衣著、鞋、帽、傘、服飾品批發業；F106020 日常用品批發業；F107030 清潔用品批發業；F108040 化粧品批發業；F203010 食品什貨、飲料零售業；F204110 布疋、衣著、鞋、帽、傘、服飾品零售業；F206020 日常用品零售業,臺北市,變更,11505
85074729,宏盛一號投資股份有限公司,臺北市中山區南京東路2段132號9樓之1,簡啓銘,100000,108/10/18,115/05/06,特殊補正,H201010 一般投資業；I102010 一般投資顧問業；I103060 管理顧問業；ZZ99999 除許可業務外，得經營法令非禁止或限制之業務,臺北市,變更,11505
85087132,軍科國際有限公司,臺北市士林區承德路4段272號5樓,卓丁卯,500000,108/08/07,115/05/25,股東出資轉讓修正章程,F401010 國際貿易業；F401091 槍砲彈藥刀械輸出入業；I103060 管理顧問業；I199990 其他顧問服務業；IZ12010 人力派遣業；ZZ99999 除許可業務外，得經營法令非禁止或限制之業務,臺北市,變更,11505
85089146,鹿多克有限公司,臺北市信義區信義路4段458號6樓,李昱慶,20000,108/08/13,115/05/08,股東出資轉讓修正章程,I301010 資訊軟體服務業；I301020 資料處理服務業；I301030 電子資訊供應服務業；I401010 一般廣告服務業；I103060 管理顧問業；J601010 藝文服務業；J602010 演藝活動業；F399040 無店面零售業；CC01010 發電、輸電、配電機械製造業；IG03010 能源技術服務業,臺北市,變更,11505
85089737,錦程有限公司,臺北市萬華區環河南路2段240號1樓,張主陵,2000000,108/08/14,115/05/13,特殊補正,A101020 農作物栽培業；A101050 花卉栽培業；A102050 作物栽培服務業；A102080 園藝服務業；CC01120 資料儲存媒體製造及複製業；CI01010 繩、纜、網製造業；E599010 配管工程業；E601010 電器承裝業；E601020 電器安裝業；E603040 消防安全設備安裝工程業,臺北市,變更,11505
85098433,西門子能源股份有限公司,臺北市南港區三重路66號16樓,李鍵壕,148659730,108/09/16,115/05/14,法人股東更名、國籍、地址變更,CC01010 發電、輸電、配電機械製造業；F218010 資訊軟體零售業；I301010 資訊軟體服務業；IZ99990 其他工商服務業；CC01110 電腦及其週邊設備製造業；E601010 電器承裝業；E603010 電纜安裝工程業；F113020 電器批發業；F213010 電器零售業；F401021 電信管制射頻器材輸入業,臺北市,變更,11505
85098567,金珠商社有限公司,臺北市大安區光復南路290巷5號2樓,林元,1000000,108/09/16,115/05/28,特殊補正,F102170 食品什貨批發業；F106020 日常用品批發業；F109070 文教、樂器、育樂用品批發業；F113050 電腦及事務性機器設備批發業；F114040 自行車及其零件批發業；F114990 其他交通運輸工具及其零件批發業；F118010 資訊軟體批發業；F199990 其他批發業；F203010 食品什貨、飲料零售業；F206020 日常用品零售業,臺北市,變更,11505
85110210,壽桃科技管理顧問有限公司,臺北市松山區南京東路4段50號12樓之1,蔡明憲,10000000,108/10/21,115/05/15,增資,I103060 管理顧問業；I301010 資訊軟體服務業；I301020 資料處理服務業；I301030 電子資訊供應服務業；E605010 電腦設備安裝業；F113030 精密儀器批發業；F113050 電腦及事務性機器設備批發業；F118010 資訊軟體批發業；F119010 電子材料批發業；F213030 電腦及事務性機器設備零售業,臺北市,變更,11505
85110443,媽媽餵股份有限公司,臺北市中正區新生南路1段50號7樓,劉羿青,73070000,108/10/21,115/05/08,改選董事/監察人(一人法人股東指派董事/監察人),F102170 食品什貨批發業；F203010 食品什貨、飲料零售業；I103060 管理顧問業；I102010 投資顧問業；F104110 布疋、衣著、鞋、帽、傘、服飾品批發業；F204110 布疋、衣著、鞋、帽、傘、服飾品零售業；F199990 其他批發業；F299990 其他零售業；F401010 國際貿易業；F108031 醫療器材批發業,臺北市,變更,11505
85110871,安利旺有限公司,臺北市中山區吉林路71號2樓,焦玲,10000000,108/10/22,115/05/27,股東出資轉讓修正章程,F106010 五金批發業；F111090 建材批發業；H701010 住宅及大樓開發租售業；H703090 不動產買賣業；H703100 不動產租賃業；I103060 管理顧問業；ZZ99999 除許可業務外，得經營法令非禁止或限制之業務,臺北市,變更,11505
85115263,宏富國際有限公司,臺北市中山區林森北路609號9樓,黃瑞陞,10000000,108/11/26,115/05/04,特殊補正,C104020 烘焙炊蒸食品製造業；C199030 即食餐食製造業；C199990 未分類其他食品製造業；F102170 食品什貨批發業；F105050 家具、寢具、廚房器具、裝設品批發業；F106010 五金批發業；F106020 日常用品批發業；F107030 清潔用品批發業；F108031 醫療器材批發業；F208031 醫療器材零售業,臺北市,變更,11505
85115910,騰勝國際行銷有限公司,臺北市大安區羅斯福路3段37號5樓,舒雨凡,100000,108/11/01,115/05/13,法人股東指(改)派代表人為董事,E605010 電腦設備安裝業；F113050 電腦及事務性機器設備批發業；F118010 資訊軟體批發業；F601010 智慧財產權業；F401010 國際貿易業；I103060 管理顧問業；I301010 資訊軟體服務業；I301020 資料處理服務業；I301030 電子資訊供應服務業；I401010 一般廣告服務業,臺北市,變更,11505
85116283,宏創資訊服務有限公司,臺北市大安區羅斯福路3段29號6樓,蘇嵩岩,5000000,108/11/04,115/05/06,改推董事/董事長,IZ12010 人力派遣業；I199990 其他顧問服務業；I301010 資訊軟體服務業；I401010 一般廣告服務業；F105050 家具、寢具、廚房器具、裝設品批發業；F205040 家具、寢具、廚房器具、裝設品零售業；F119010 電子材料批發業；F219010 電子材料零售業；F106020 日常用品批發業；F206020 日常用品零售業,臺北市,變更,11505
85116930,特級科技有限公司,臺北市大安區延吉街135之3號3樓,莫和爾,3120000,108/11/06,115/05/19,特殊補正,F118010 資訊軟體批發業；F119010 電子材料批發業；F199990 其他批發業；F114030 汽、機車零件配備批發業；F113030 精密儀器批發業；F113020 電器批發業；F113110 電池批發業；F113990 其他機械器具批發業；F113070 電信器材批發業；F106010 五金批發業,臺北市,變更,11505
85123263,馬來西亞商周天能源股份有限公司,臺北市信義區信義路4段415號12樓,Noor Hasleeza binti Othman,500000,108/08/05,115/05/21,補繳規費,I103060 管理顧問業；I199990 其他顧問服務業；IG03010 能源技術服務業；F401010 國際貿易業；ZZ99999 除許可業務外，得經營法令非禁止或限制之業務,臺北市,變更,11505
85127280,群物股份有限公司,臺北市大安區復興南路2段237號13樓,葛雁,2200000,108/08/16,115/05/28,特殊補正,F106060 寵物食品及其用品批發業；F399990 其他綜合零售業；F401010 國際貿易業；F399040 無店面零售業；F601010 智慧財產權業；J202010 產業育成業；JZ99990 未分類其他服務業；A401060 其他動物服務業；C201010 飼料製造業；C802060 動物用藥製造業,臺北市,變更,11505
85127839,亞盟股份有限公司,臺北市松山區民權東路3段142號9樓之3,陳嘉文,7000000,108/08/19,115/05/12,補繳規費,CC01010 發電、輸電、配電機械製造業；D101060 再生能源自用發電設備業；D401010 熱能供應業；E601010 電器承裝業；F401010 國際貿易業；I102010 投資顧問業；I103060 管理顧問業；IG03010 能源技術服務業；ZZ99999 除許可業務外，得經營法令非禁止或限制之業務,臺北市,變更,11505
85128627,德創行銷有限公司,臺北市松山區復興南路1段45號5樓,林松霈,100000,108/08/21,115/05/29,特殊補正,E801010 室內裝潢業；F401010 國際貿易業；I103060 管理顧問業；I199990 其他顧問服務業；I301010 資訊軟體服務業；I301020 資料處理服務業；I301030 電子資訊供應服務業；I401010 一般廣告服務業；I501010 產品設計業；I503010 景觀、室內設計業,臺北市,變更,11505
85128921,第一幕影像有限公司,臺北市大安區復興南路2段397號,賴弘軒,500000,108/08/21,115/05/18,公司印鑑變更,I401010 一般廣告服務業；J401010 電影片製作業；J503020 電視節目製作業；J503040 廣播電視廣告業；J503050 錄影節目帶業；JZ99030 攝影業；ZZ99999 除許可業務外，得經營法令非禁止或限制之業務,臺北市,變更,11505
85129034,北堽工程有限公司,臺北市北投區知行路316巷63號1樓,林紹剛,5000000,108/08/21,115/05/07,特殊補正,E599010 配管工程業；E601020 電器安裝業；E603040 消防安全設備安裝工程業；E603090 照明設備安裝工程業；E701040 簡易電信設備安裝業；E801010 室內裝潢業；E801020 門窗安裝工程業；E801030 室內輕鋼架工程業；E801040 玻璃安裝工程業；E801070 廚具、衛浴設備安裝工程業,臺北市,變更,11505
85129652,萬昌創業投資股份有限公司,臺北市中山區民生東路2段172號10樓,蔣為峰,297641500,108/08/22,115/05/25,特殊補正,H202010 創業投資業,臺北市,變更,11505
85130399,迪威智能股份有限公司,臺北市大安區市民大道4段100號4樓,葉子雋,26079926,108/08/30,115/05/12,改派董事/監察人,I301010 資訊軟體服務業；I301020 資料處理服務業；I301030 電子資訊供應服務業；I401010 一般廣告服務業；I301050 實境體感應用服務業；J602010 演藝活動業；J601010 藝文服務業；F401010 國際貿易業；F118010 資訊軟體批發業；I103060 管理顧問業,臺北市,變更,11505
85130911,睿禾金碳股份有限公司,臺北市大安區信義路3段153號5樓,陳坤宏,307631260,108/09/03,115/05/06,增資(資本總額),H201010 一般投資業；ZZ99999 除許可業務外，得經營法令非禁止或限制之業務；F401010 國際貿易業；CC01010 發電、輸電、配電機械製造業；D101060 再生能源自用發電設備業；E601010 電器承裝業；E601020 電器安裝業；E606010 用電設備檢驗維護業；E607010 太陽熱能設備安裝工程業；I102010 投資顧問業,臺北市,變更,11505
85131502,英茂科技有限公司,臺北市信義區忠孝東路4段563號17樓,Bryn Evan Heimbeck,630000,108/09/03,115/05/12,公司所在地,I301010 資訊軟體服務業；F218010 資訊軟體零售業；I103060 管理顧問業；I199990 其他顧問服務業；IZ09010 管理系統驗證業；F118010 資訊軟體批發業；I301020 資料處理服務業；I301030 電子資訊供應服務業；E605010 電腦設備安裝業；ZZ99999 除許可業務外，得經營法令非禁止或限制之業務,臺北市,變更,11505
85619927,原昌工業股份有限公司,臺北市松山區復興北路179號9樓之2,陳美秀,3000000,61/05/08,115/05/29,特殊補正,CA02010 金屬結構及建築組件製造業；CA04010 表面處理業；CB01010 機械設備製造業；CC01010 發電、輸電、配電機械製造業；CC01040 照明設備製造業；CC01080 電子零組件製造業；CC01120 資料儲存媒體製造及複製業；CD01010 船舶及其零件製造業；CD01070 商港區船舶小修業；CE01010 一般儀器製造業,臺北市,變更,11505
86003792,親職文化事業股份有限公司,臺北市中山區民權西路48號5樓,趙文瑜,22545000,80/01/30,115/05/22,增資(資本總額),F105050 家具、寢具、廚房器具、裝設品批發業；F109070 文教、樂器、育樂用品批發業；F203010 食品什貨、飲料零售業；F205040 家具、寢具、廚房器具、裝設品零售業；F209060 文教、樂器、育樂用品零售業；F401010 國際貿易業；I301030 電子資訊供應服務業；H703100 不動產租賃業；J303010 雜誌（期刊）出版業；J304010 圖書出版業,臺北市,變更,11505
86004151,樺舍全媒體整合股份有限公司,臺北市信義區基隆路2段51號15樓,洪品森,15773920,80/01/31,115/05/13,特殊補正,F109070 文教、樂器、育樂用品批發業；F203020 菸酒零售業；F209060 文教、樂器、育樂用品零售業；F401010 國際貿易業；F601010 智慧財產權業；I401010 一般廣告服務業；I103060 管理顧問業；I501010 產品設計業；IZ15010 市場研究及民意調查業；J303010 雜誌（期刊）出版業,臺北市,變更,11505
86009846,獅子吼文化事業有限公司,臺北市中山區錦州街146號2樓,林鼎皓,10000000,80/02/19,115/05/29,特殊補正,F104110 布疋、衣著、鞋、帽、傘、服飾品批發業；F105050 家具、寢具、廚房器具、裝設品批發業；F106020 日常用品批發業；F106050 陶瓷玻璃器皿批發業；F106070 祭祀用品批發業；F109070 文教、樂器、育樂用品批發業；F204110 布疋、衣著、鞋、帽、傘、服飾品零售業；F205040 家具、寢具、廚房器具、裝設品零售業；F206020 日常用品零售業；F206060 祭祀用品零售業,臺北市,變更,11505
86105242,雲嘉南科技股份有限公司,臺北市萬華區西園路1段150號3樓之1,陳國訓,435973810,80/04/13,115/05/29,公司所在地,C805050 工業用塑膠製品製造業；CC01080 電子零組件製造業；F113010 機械批發業；F401010 國際貿易業；CQ01010 模具製造業；F106030 模具批發業；F206030 模具零售業；H201010 一般投資業；H701010 住宅及大樓開發租售業；H701020 工業廠房開發租售業,臺北市,變更,11505
86128771,上友有限公司,臺北市內湖區陽光街238號1樓,龔明湘,47000000,80/05/14,115/05/13,特殊補正,F401010 國際貿易業；C104010 糖果製造業；G801010 倉儲業；IG01010 生物技術服務業；F401161 菸類輸入業；F401171 酒類輸入業；IZ06010 理貨包裝業；ZZ99999 除許可業務外，得經營法令非禁止或限制之業務；F108031 醫療器材批發業；F208031 醫療器材零售業,臺北市,變更,11505
86169913,巨有科技股份有限公司,臺北市內湖區內湖路1段88號8樓,賴志賢,395430000,80/08/15,115/05/29,特殊補正,F119010 電子材料批發業；F601010 智慧財產權業；I301010 資訊軟體服務業；I501010 產品設計業；IZ99990 其他工商服務業（積體電路及其元件之研發）；F118010 資訊軟體批發業；CC01080 電子零組件製造業；F401010 國際貿易業；F401030 製造輸出業；ZZ99999 除許可業務外，得經營法令非禁止或限制之業務,臺北市,變更,11505
86171122,日強纖維股份有限公司,臺北市大同區迪化街1段32巷10號2樓,陳淑娟,28000000,80/08/17,115/05/11,改選董事/監察人(一人法人股東指派董事/監察人),,臺北市,變更,11505
86295735,鉅茂科技股份有限公司,臺北市內湖區民權東路6段15巷16號4樓,李志忠,63000000,80/10/15,115/05/27,特殊補正,I301010 資訊軟體服務業；I301020 資料處理服務業；I301030 電子資訊供應服務業；E605010 電腦設備安裝業；F113050 電腦及事務性機器設備批發業；F118010 資訊軟體批發業；F213030 電腦及事務性機器設備零售業；F218010 資訊軟體零售業；F401010 國際貿易業；I103060 管理顧問業,臺北市,變更,11505
86298085,精英人力資源股份有限公司,臺北市松山區敦化南路1段2號10樓,劉匡華,30000000,80/10/19,115/05/11,董事/監察人持股變動報備,I701011 就業服務業；I301010 資訊軟體服務業；I301020 資料處理服務業；IZ12010 人力派遣業；F118010 資訊軟體批發業；I301030 電子資訊供應服務業；F218010 資訊軟體零售業；IZ02010 打字業；IZ04010 翻譯業；J302010 通訊稿業,臺北市,變更,11505
86306655,潤德室內裝修設計工程股份有限公司,臺北市中山區八德路2段308號11樓之1,盧玉璜,150000000,80/11/14,115/05/28,特殊補正,I503010 景觀、室內設計業；E801010 室內裝潢業；E801060 室內裝修業；F205040 家具、寢具、廚房器具、裝設品零售業；F401010 國際貿易業；E801040 玻璃安裝工程業；F106010 五金批發業；F107990 其他化學製品批發業；F206010 五金零售業；ZZ99999 除許可業務外，得經營法令非禁止或限制之業務,臺北市,變更,11505
86376363,益亨國際企業股份有限公司,臺北市中山區南京東路3段219號8樓,林陳英嬌,10000000,80/10/28,115/05/13,改選董事/監察人(一人法人股東指派董事/監察人),CQ01010 模具製造業；F107140 塑膠原料批發業。；F107150 合成橡膠批發業。；F207140 塑膠原料零售業。；F207150 合成橡膠零售業。；F213030 事務性機器設備零售業；F218010 資訊軟體零售業；F401010 國際貿易業；I301010 資訊軟體服務業；I301020 資料處理服務業,臺北市,變更,11505
86377953,美商艾狄希股份有限公司,臺北市北投區中央南路2段31號2樓,Zachary Nathan GOLDSTEIN,5000000,80/11/15,115/05/19,改派在中華民國境內負責人變更登記,,臺北市,變更,11505
86379729,皇俊投資股份有限公司,臺北市中正區博愛路38號3樓,廖林淑花,52988000,80/12/16,115/05/14,改選董事/監察人(一人法人股東指派董事/監察人),H201010 一般投資業。,臺北市,變更,11505
86383370,達和環保服務股份有限公司,臺北市中山區德惠街16-5號7樓,蔡立文,1684249240,81/05/14,115/05/11,改派董事/監察人,J101090 廢棄物清理業；J101040 廢棄物處理業；J101030 廢棄物清除業；J101060 廢（污）水處理業；D101050 汽電共生業；IG03010 能源技術服務業；J101990 其他環境衛生及污染防治服務業；J101010 建築物清潔服務業；CB01030 污染防治設備製造業；F113100 污染防治設備批發業,臺北市,變更,11505
86384309,台灣阪和興業股份有限公司,臺北市松山區復興北路57號7樓之5,高岡宏治,15000000,81/08/10,115/05/18,改選董事/監察人(一人法人股東指派董事/監察人),E604010 機械安裝業；F101040 家畜家禽批發業；F101050 水產品批發業；F102020 食用油脂批發業；F102030 菸酒批發業；F102040 飲料批發業；F102050 茶葉批發業；F102170 食品什貨批發業；F106010 五金批發業；F106020 日常用品批發業,臺北市,變更,11505
86384461,台灣和泉電氣股份有限公司,臺北市松山區南京東路4段18號2樓,河中泰治,15000000,81/08/14,115/05/07,改選董事/監察人(一人法人股東指派董事/監察人),CB01010 機械設備製造業；CC01010 發電、輸電、配電機械製造業；CC01990 其他電機及電子機械器材製造業(自動控制設備及其零組件)；F113010 機械批發業；F113020 電器批發業；F119010 電子材料批發業；F213010 電器零售業；F213080 機械器具零售業；F219010 電子材料零售業；F401010 國際貿易業,臺北市,變更,11505
86384770,統一證券投資信託股份有限公司,臺北市松山區東興路8號8樓,鄧潤澤,351000000,81/09/03,115/05/27,董事(常務董事.董事長)/監察人解任,H303011 證券投資信託業；H406011 期貨信託事業；H304011 證券投資顧問業,臺北市,變更,11505
86384862,台灣卡爾迪克股份有限公司,臺北市大安區光復南路102號12樓,Tue Saabye,5000000,81/09/09,115/05/08,特殊補正,F103010 飼料批發業；F107990 其他化學製品批發業；F102170 食品什貨批發業；F107200 化學原料批發業；F401010 國際貿易業；F108021 西藥批發業；F121010 食品添加物批發業；ZZ99999 除許可業務外，得經營法令非禁止或限制之業務,臺北市,變更,11505
86385124,摩根證券投資信託股份有限公司,臺北市信義區松智路1號20樓及21樓,唐德瑜,312541150,81/09/26,115/05/27,改選董事/監察人(一人法人股東指派董事/監察人),H303011 證券投資信託業；H304011 證券投資顧問業,臺北市,變更,11505
86386756,茹絲葵食品企業股份有限公司,臺北市中山區樂群三路301號2樓,葛世傑,19489000,82/02/19,115/05/19,改選董事/監察人(一人法人股東指派董事/監察人),F501060 餐館業；F501030 飲料店業；F501050 飲酒店業；F101040 家畜家禽批發業；F201020 畜產品零售業；F101050 水產品批發業；F201030 水產品零售業；F201010 農產品零售業；F101130 蔬果批發業；F101990 其他農、畜、水產品批發業,臺北市,變更,11505
86478093,全笙有限公司,臺北市中山區新生北路1段98之1號1樓,,1000000,81/01/24,115/05/20,解散,F213010 電器零售業；F113020 電器批發業；JA02010 電器及電子產品修理業；F401010 國際貿易業；ZZ99999 除許可業務外，得經營法令非禁止或限制之業務,臺北市,變更,11505
86485799,雍岱工程股份有限公司,臺北市信義區松山路130號9樓,黃崑原,10000000,81/02/19,115/05/15,改選董事/監察人(一人法人股東指派董事/監察人),E601020 電器安裝業；E603040 消防安全設備安裝工程業；I401010 一般廣告服務業；E603050 自動控制設備工程業；E801010 室內裝潢業；F113100 污染防治設備批發業；F401010 國際貿易業；IG03010 能源技術服務業；ZZ99999 除許可業務外，得經營法令非禁止或限制之業務,臺北市,變更,11505
86492089,大德工業安全衛生顧問股份有限公司,臺北市松山區塔悠路95號9樓之2,陳明德,5000000,81/03/04,115/05/27,改選董事/監察人(一人法人股東指派董事/監察人),,臺北市,變更,11505
86496830,水木青有限公司,臺北市北投區清江路113巷31號2樓,曹玉琴,3000000,81/03/13,115/05/18,股東出資轉讓修正章程,,臺北市,變更,11505
86508977,奇岳有限公司,臺北市中正區延平南路221號,葉朗祺,1000000,81/04/09,115/05/12,股東出資轉讓修正章程,F203010 食品什貨、飲料零售業；F203020 菸酒零售業；F301030 一般百貨業；F206020 日常用品零售業；F204010 布疋零售業；F204020 成衣零售業；F204050 服飾品零售業；F401010 國際貿易業,臺北市,變更,11505
86563984,聯賀欣企業管理顧問有限公司,臺北市松山區民權東路3段144號4樓之4,張瓊芝,1000000,81/02/20,115/05/13,公司所在地,I102010 投資顧問業；I103060 管理顧問業；I401010 一般廣告服務業；J601010 藝文服務業；J602010 演藝活動業；J603010 音樂展演空間業；J803010 運動表演業；J803020 運動比賽業；JB01010 會議及展覽服務業；JZ99090 喜慶綜合服務業,臺北市,變更,11505
86682497,同開營造股份有限公司,臺北市中山區明水路602號3樓,許鑒隆,700000000,81/06/02,115/05/22,改派董事/監察人,E101011 綜合營造業；E599010 配管工程業；E601020 電器安裝業；E603040 消防安全設備安裝工程業；E801010 室內裝潢業；E801020 門窗安裝工程業；E801030 室內輕鋼架工程業；E801040 玻璃安裝工程業；E801070 廚具、衛浴設備安裝工程業；E901010 油漆工程業,臺北市,變更,11505
86687541,全順建設開發股份有限公司,臺北市松山區敦化北路170號5樓,王惠津,24000000,81/06/08,115/05/07,特殊補正,E801010 室內裝潢業；F111090 建材批發業；F211010 建材零售業；F401010 國際貿易業；H701010 住宅及大樓開發租售業；H703090 不動產買賣業；H703100 不動產租賃業；H201010 一般投資業；I401010 一般廣告服務業；ZZ99999 除許可業務外，得經營法令非禁止或限制之業務,臺北市,變更,11505
86697203,登譽企業有限公司,臺北市北投區大度路3段296巷45號5樓,王建福,33000000,81/04/30,115/05/11,股東出資轉讓修正章程,CB01010 機械設備製造業；CB01030 污染防治設備製造業；CC01080 電子零組件製造業；CC01110 電腦及其週邊設備製造業；CC01030 電器及視聽電子產品製造業；I501010 產品設計業；CH01010 體育用品製造業；CH01030 文具製造業；CN01010 家具及裝設品製造業；F113020 電器批發業,臺北市,變更,11505
86706060,聯群建設開發股份有限公司,臺北市大安區信義路4段233號7樓之1,陳文森,27500000,81/05/15,115/05/26,改選董事/監察人(一人法人股東指派董事/監察人),E801010 室內裝潢業；F211010 建材零售業；H701010 住宅及大樓開發租售業；H701020 工業廠房開發租售業；H701040 特定專業區開發業；H701050 投資興建公共建設業；H701060 新市鎮、新社區開發業；H701070 區段徵收及市地重劃代辦業；H701080 都市更新業；H703090 不動產買賣業,臺北市,變更,11505
86708503,振家實業股份有限公司,臺北市大安區忠孝東路3段184號2樓,邱顯家,25000000,81/05/20,115/05/08,特殊補正,H701010 住宅及大樓開發租售業；H701060 新市鎮、新社區開發業；H703090 不動產買賣業；H703100 不動產租賃業；E801010 室內裝潢業；F401010 國際貿易業；ZZ99999 除許可業務外，得經營法令非禁止或限制之業務,臺北市,變更,11505
86722081,金吉祥企業有限公司,臺北市士林區後港街96號7樓,陳文鎮,2000000,81/06/15,115/05/12,特殊補正,C307010 服飾品製造業；C399990 其他紡織及製品製造業；F104110 布疋、衣著、鞋、帽、傘、服飾品批發業；F106010 五金批發業；F204110 布疋、衣著、鞋、帽、傘、服飾品零售業；F401010 國際貿易業；ZZ99999 除許可業務外，得經營法令非禁止或限制之業務,臺北市,變更,11505
86723504,上楊興業有限公司,臺北市大安區和平東路3段228巷41號7樓,施淑德,2600000,81/06/17,115/05/19,特殊補正,F102040 飲料批發業；F102170 食品什貨批發業；F113050 電腦及事務性機器設備批發業；F203010 食品什貨、飲料零售業；F213030 電腦及事務性機器設備零售業；F401010 國際貿易業；I103060 管理顧問業；I301010 資訊軟體服務業；ZZ99999 除許可業務外，得經營法令非禁止或限制之業務,臺北市,變更,11505
86731602,群欣建設股份有限公司,臺北市信義區基隆路1段155號6樓之7,楊聰達,25000000,81/07/02,115/05/27,改選董事/監察人(一人法人股東指派董事/監察人),,臺北市,變更,11505
86740763,遠瑞實業股份有限公司,臺北市內湖區基湖路35巷51號8樓,張彩鳳,20000000,81/07/21,115/05/20,改選董事/監察人(一人法人股東指派董事/監察人),,臺北市,變更,11505
86843542,溢麗地毯有限公司,臺北市松山區南京東路5段202號4樓之5,邱全益,5000000,81/07/24,115/05/14,特殊補正,,臺北市,變更,11505
86857806,笛恩數位有限公司,臺北市文山區景興路217號4樓之1,宋秀玲,2000000,81/08/20,115/05/19,補繳規費,F401010 國際貿易業；F399040 無店面零售業；F109070 文教、樂器、育樂用品批發業；F209060 文教、樂器、育樂用品零售業；F107030 清潔用品批發業；F207030 清潔用品零售業；F108040 化粧品批發業；F208040 化粧品零售業；F104110 布疋、衣著、鞋、帽、傘、服飾品批發業；F204110 布疋、衣著、鞋、帽、傘、服飾品零售業,臺北市,變更,11505
86880378,逸凡科技股份有限公司,臺北市中山區民權東路3段37號15樓,李效文,150000000,81/10/15,115/05/11,特殊補正,E605010 電腦設備安裝業；F113030 精密儀器批發業；F113050 電腦及事務性機器設備批發業；F118010 資訊軟體批發業；F213030 電腦及事務性機器設備零售業；F213040 精密儀器零售業；F218010 資訊軟體零售業；F401010 國際貿易業；I103060 管理顧問業；I301010 資訊軟體服務業,臺北市,變更,11505
86892120,萬通人力資源顧問股份有限公司,臺北市松山區八德路2段374號9樓之3,侯牧村,90000000,81/11/16,115/05/15,特殊補正,I102010 投資顧問業；I103060 管理顧問業；I701011 就業服務業；IZ12010 人力派遣業；J101010 建築物清潔服務業；G202010 停車場經營業；F401010 國際貿易業；JZ99050 仲介服務業；ZZ99999 除許可業務外，得經營法令非禁止或限制之業務；F203010 食品什貨、飲料零售業,臺北市,變更,11505
89114104,白金之星音樂娛樂股份有限公司,臺北市松山區敦化北路220號4樓,王奕翔,10750000,112/02/10,115/05/18,特殊補正,J305010 有聲出版業；J604010 聲音錄製及音樂發行業；J603010 音樂展演空間業；J602010 演藝活動業；J601010 藝文服務業；J503050 錄影節目帶業；J503040 廣播電視廣告業；J503020 電視節目製作業；J404020 提供設備及場地供電影片拍攝業；I401010 一般廣告服務業,臺北市,變更,11505
89114337,華新能源電纜系統股份有限公司,臺北市信義區松智路1號25樓,焦佑倫,3000000000,112/02/13,115/05/22,董事(常務董事.董事長)/監察人解任,CC01020 電線及電纜製造業；E603010 電纜安裝工程業；F401010 國際貿易業；ZZ99999 除許可業務外，得經營法令非禁止或限制之業務,臺北市,變更,11505
89119353,路克國際行銷顧問有限公司,臺北市大安區信義路3段157巷8號1樓,路守治,50000,111/12/02,115/05/14,特殊補正,I102010 投資顧問業；I103060 管理顧問業；I199990 其他顧問服務業；J202010 產業育成業；J303010 雜誌（期刊）出版業；J304010 圖書出版業；F401010 國際貿易業；ZZ99999 除許可業務外，得經營法令非禁止或限制之業務,臺北市,變更,11505
89122293,樺康智雲股份有限公司,臺北市大安區和平東路1段180號7樓,林建志,203000000,111/06/17,115/05/29,特殊補正,E601010 電器承裝業；E601020 電器安裝業；E603040 消防安全設備安裝工程業；E603050 自動控制設備工程業；E605010 電腦設備安裝業；E701040 簡易電信設備安裝業；EZ05010 儀器、儀表安裝工程業；F113050 電腦及事務性機器設備批發業；F118010 資訊軟體批發業；F213030 電腦及事務性機器設備零售業,臺北市,變更,11505
89125708,棋實投資股份有限公司,臺北市中山區復興北路448號,許嘉濬,136000000,112/02/07,115/05/14,特殊補正,I102010 投資顧問業；I103060 管理顧問業；I199990 其他顧問服務業；H201010 一般投資業；ZZ99999 除許可業務外，得經營法令非禁止或限制之業務,臺北市,變更,11505
89126158,韋朵國際企業有限公司,臺北市大安區敦化南路1段233巷32號1樓,林佳慧,12000000,111/09/12,115/05/25,申登機關變更（遷入，含卷）,F399040 無店面零售業；F401010 國際貿易業；I401010 一般廣告服務業；H701010 住宅及大樓開發租售業；H701020 工業廠房開發租售業；H701060 新市鎮、新社區開發業；H703090 不動產買賣業；H703100 不動產租賃業；ZZ99999 除許可業務外，得經營法令非禁止或限制之業務；F501060 餐館業,臺北市,變更,11505
89129492,強骨生醫器材股份有限公司,臺北市信義區信義路4段415號14樓之2,林宜蓁,29466670,111/12/09,115/05/15,特殊補正,F108031 醫療器材批發業；F208031 醫療器材零售業；F399040 無店面零售業；F401010 國際貿易業；I103060 管理顧問業；ZZ99999 除許可業務外，得經營法令非禁止或限制之業務,臺北市,變更,11505
89136493,竹崙置業開發股份有限公司,臺北市大安區敦化南路2段218號2樓,林清樑,650000000,111/11/28,115/05/11,改派董事/監察人,H701010 住宅及大樓開發租售業；H701020 工業廠房開發租售業；H701040 特定專業區開發業；H701050 投資興建公共建設業；H701060 新市鎮、新社區開發業；H701070 區段徵收及市地重劃代辦業；H701080 都市更新重建業；H701090 都市更新整建維護業；H702010 建築經理業；H703090 不動產買賣業,臺北市,變更,11505
89138210,貓草花影像股份有限公司,臺北市中山區南京東路2段101號12樓,林容安,700000,111/12/12,115/05/20,改選董事/監察人(一人法人股東指派董事/監察人),ZZ99999 除許可業務外，得經營法令非禁止或限制之業務；J302010 通訊稿業；J303010 雜誌（期刊）出版業；J304010 圖書出版業；J305010 有聲出版業；J401010 電影片製作業；J402010 電影片發行業；J403010 電影片映演業；J404010 動畫影片製作業；J404020 提供設備及場地供電影片拍攝業,臺北市,變更,11505
89138767,晶吉盛實業股份有限公司,臺北市大安區臥龍街283之1號,蔣博賢,46500000,111/12/14,115/05/22,發行新股,CC01080 電子零組件製造業；CE01010 一般儀器製造業；E601010 電器承裝業；E603010 電纜安裝工程業；E603050 自動控制設備工程業；E603090 照明設備安裝工程業；EZ05010 儀器、儀表安裝工程業；F113020 電器批發業；F113070 電信器材批發業；F118010 資訊軟體批發業,臺北市,變更,11505
89141910,恆才有限公司,臺北市中正區衡陽路51號12樓,雷俊恆,6000000,112/01/05,115/05/21,董事/股東證照變更,H201010 一般投資業；I102010 投資顧問業；I103060 管理顧問業；I199990 其他顧問服務業；F401010 國際貿易業,臺北市,變更,11505
89142994,達恩國際資訊服務有限公司,臺北市大安區羅斯福路3段29號6樓,蔡宜庭,5000000,112/01/10,115/05/12,股東出資轉讓修正章程,E605010 電腦設備安裝業；F113050 電腦及事務性機器設備批發業；F213030 電腦及事務性機器設備零售業；F399040 無店面零售業；I301010 資訊軟體服務業；I301020 資料處理服務業；I301030 電子資訊供應服務業；I401010 一般廣告服務業；IZ13010 網路認證服務業；IZ99990 其他工商服務業,臺北市,變更,11505
89149997,居浥有限公司,臺北市中山區南京東路2段178號11樓,林采霏,8000000,111/11/11,115/05/20,股東出資轉讓修正章程,F106010 五金批發業；F206010 五金零售業；F106040 水器材料批發業；F206040 水器材料零售業；F211010 建材零售業；F111090 建材批發業；F105050 家具、寢具、廚房器具、裝設品批發業；F205040 家具、寢具、廚房器具、裝設品零售業；E801020 門窗安裝工程業；E603090 照明設備安裝工程業,臺北市,變更,11505
89171006,無限創造有限公司,臺北市大同區太原路22巷2號,張光勛,2000000,112/01/13,115/05/04,特殊補正,F209060 文教、樂器、育樂用品零售業；F109070 文教、樂器、育樂用品批發業；F206020 日常用品零售業；I301010 資訊軟體服務業；I301020 資料處理服務業；I301030 電子資訊供應服務業；I401010 一般廣告服務業；F399040 無店面零售業；ZZ99999 除許可業務外，得經營法令非禁止或限制之業務,臺北市,變更,11505
89171202,碧燈國際股份有限公司,臺北市萬華區漢口街2段71號,陳亭佑,546000,112/01/16,115/05/18,改選董事/監察人(一人法人股東指派董事/監察人),F203010 食品什貨、飲料零售業；F203020 菸酒零售業；F204110 布疋、衣著、鞋、帽、傘、服飾品零售業；F501030 飲料店業；F501060 餐館業；F401010 國際貿易業；ZZ99999 除許可業務外，得經營法令非禁止或限制之業務,臺北市,變更,11505
89179648,艾涅爾電力股份有限公司,臺北市中正區杭州南路1段19號11樓,陳振乾,150065200,111/12/30,115/05/18,特殊補正,IG03010 能源技術服務業；F113030 精密儀器批發業；F213040 精密儀器零售業；F401010 國際貿易業；I401010 一般廣告服務業；IF04010 非破壞檢測業；E601020 電器安裝業；E603010 電纜安裝工程業；E603050 自動控制設備工程業；E606010 用電設備檢驗維護業,臺北市,變更,11505
89180146,柏洋莉華股份有限公司,臺北市大安區忠孝東路4段71之5號6樓,李亦華,26666670,112/01/18,115/05/14,特殊補正,CG01010 珠寶及貴金屬製品製造業；F102030 菸酒批發業；F102040 飲料批發業；F102180 酒精批發業；F104110 布疋、衣著、鞋、帽、傘、服飾品批發業；F105050 家具、寢具、廚房器具、裝設品批發業；F106020 日常用品批發業；F106050 陶瓷玻璃器皿批發業；F109070 文教、樂器、育樂用品批發業；F115010 首飾及貴金屬批發業,臺北市,變更,11505
89180531,乾鈊國際股份有限公司,臺北市中山區中山北路2段170號8樓,張劭祺,5000000,112/01/19,115/05/27,補繳規費,F113110 電池批發業；F214030 汽、機車零件配備零售業；F119010 電子材料批發業；F219010 電子材料零售業；F214020 機車零售業；F401010 國際貿易業；CC01080 電子零組件製造業；F214990 其他交通運輸工具及其零件零售業；CC01010 發電、輸電、配電機械製造業；CC01090 電池製造業,臺北市,變更,11505
89182995,好馨晴綠生活股份有限公司,臺北市內湖區內湖路1段66號3樓,王凱芬,9400000,111/11/18,115/05/13,特殊補正,F102020 食用油脂批發業；F102050 茶葉批發業；F102170 食品什貨批發業；F106020 日常用品批發業；F107030 清潔用品批發業；F108040 化粧品批發業；F199990 其他批發業；F201010 農產品零售業；F201070 花卉零售業；F203010 食品什貨、飲料零售業,臺北市,變更,11505
89183283,和愛健康事業股份有限公司,臺北市北投區中央北路1段98號5樓,阮建維,175930000,111/11/18,115/05/21,發行新股,I103060 管理顧問業；I301010 資訊軟體服務業；I301020 資料處理服務業；IZ12010 人力派遣業；H201010 一般投資業；F108040 化粧品批發業；F106020 日常用品批發業；F206020 日常用品零售業；F208040 化粧品零售業；F208050 乙類成藥零售業,臺北市,變更,11505
89183299,仁祥開發股份有限公司,臺北市北投區育仁路102號5樓,阮建維,281180000,111/11/18,115/05/07,增資(資本總額),I103060 管理顧問業；I301010 資訊軟體服務業；I301020 資料處理服務業；IZ12010 人力派遣業；H201010 一般投資業；F106020 日常用品批發業；F108040 化粧品批發業；F206020 日常用品零售業；F208040 化粧品零售業；F208050 乙類成藥零售業,臺北市,變更,11505
89186227,宝島唱片股份有限公司,臺北市松山區復興南路1段43號10樓,周千又,50000,111/12/05,115/05/13,特殊補正,J305010 有聲出版業；J304010 圖書出版業；J303010 雜誌（期刊）出版業；J404020 提供設備及場地供電影片拍攝業；J503020 電視節目製作業；J503040 廣播電視廣告業；J503050 錄影節目帶業；J601010 藝文服務業；J602010 演藝活動業；J603010 音樂展演空間業,臺北市,變更,11505
89186296,綻月娛樂媒體有限公司,臺北市中山區錦州街46號12樓之2,許芳瑄,200000,111/12/05,115/05/20,特殊補正,F104110 布疋、衣著、鞋、帽、傘、服飾品批發業；F399040 無店面零售業；F401010 國際貿易業；I103060 管理顧問業；I301010 資訊軟體服務業；I301020 資料處理服務業；I301030 電子資訊供應服務業；I401010 一般廣告服務業；I199990 其他顧問服務業；J305010 有聲出版業,臺北市,變更,11505
89188668,日商大曹化工股份有限公司,臺北市中山區松江路101號5樓,島林京平,0,111/12/16,115/05/05,辦事處所在地變更,,臺北市,變更,11505
89193064,億樂國際旅行社股份有限公司,臺北市中山區民生東路1段42號6樓之3,賴銘陽,6000000,112/02/09,115/05/06,經理人變更,J902011 旅行業,臺北市,變更,11505
89193206,漢翔國際物流有限公司,臺北市大安區忠孝東路3段305號4樓之3,林宜勲,7500000,112/02/09,115/05/28,公司名稱變更修正章程,G801010 倉儲業；G402011 海運承攬運送業；F401010 國際貿易業；IZ06010 理貨包裝業；I301020 資料處理服務業；G601011 航空貨運承攬業；G799990 其他運輸輔助業；I301010 資訊軟體服務業；I199990 其他顧問服務業,臺北市,變更,11505
89195289,雅典文創顧問有限公司,臺北市大同區承德路3段165之1號4樓之5,鄭惠文,500000,111/12/20,115/05/05,股東出資轉讓修正章程,I103060 管理顧問業；I102010 投資顧問業；I105010 藝術品諮詢顧問業；I199990 其他顧問服務業；I301020 資料處理服務業；IZ99990 其他工商服務業；F399990 其他綜合零售業；F399040 無店面零售業；F401010 國際貿易業；F299990 其他零售業,臺北市,變更,11505
89199172,共樂生活實業有限公司,臺北市松山區南京東路4段133巷4弄26號1樓,廖勻宥,1500000,112/01/04,115/05/05,股東出資轉讓修正章程,C199030 即食餐食製造業；F399990 其他綜合零售業；F399040 無店面零售業；F501060 餐館業；F101050 水產品批發業；F201010 農產品零售業；F201030 水產品零售業；F101990 其他農、畜、水產品批發業；F101130 蔬果批發業；F102170 食品什貨批發業,臺北市,變更,11505
89199320,弘翌健康事業股份有限公司,臺北市中正區武昌街1段1之2號5樓,詹坤泉,55000000,112/01/04,115/05/11,特殊補正,I101090 食品顧問業；I103060 管理顧問業；I199990 其他顧問服務業；IZ12010 人力派遣業；F208040 化粧品零售業；F401010 國際貿易業；JE01010 租賃業；JZ99050 仲介服務業；JZ99990 未分類其他服務業；ZZ99999 除許可業務外，得經營法令非禁止或限制之業務,臺北市,變更,11505
89224778,北新庄瀝青股份有限公司,臺北市中山區民族東路270號,林建同,27000000,83/08/01,115/05/25,特殊補正,,臺北市,變更,11505
89283298,臺灣華懋投資股份有限公司,臺北市中山區南京東路2段111號14樓,王弘瀚,29000000,83/09/30,115/05/21,特殊補正,,臺北市,變更,11505
89389617,康美包股份有限公司,臺北市北投區中央南路2段37號4樓之3,Ann-Kristin Erkens,15000000,84/02/16,115/05/29,特殊補正,C601030 紙容器製造業；CB01010 機械設備製造業；JE01010 租賃業；F401010 國際貿易業；ZZ99999 除許可業務外，得經營法令非禁止或限制之業務,臺北市,變更,11505
89393014,香港商雅科國際有限公司,臺北市中山區新生北路2段31-1號6樓之5,原真,5000000,84/04/17,115/05/14,一般補正案,F102050 茶批發業；F108040 化粧品批發業；F118010 資訊軟體批發業；F208040 化粧品零售業；F218010 資訊軟體零售業；F401010 國際貿易業；I301020 資訊處理服務業；I301030 電子資訊供應服務業；I301010 資訊軟體服務業；I401010 一般廣告服務業,臺北市,變更,11505
89395287,日商野村總合研究所股份有限公司,臺北市松山區敦化北路168號10樓,張正武,103000000,84/05/26,115/05/15,一般補正案,,臺北市,變更,11505
89405686,台灣華特迪士尼股份有限公司,臺北市內湖區堤頂大道2段183號3樓,"陳永樂Chan,Yung Lo Mark",26630020,84/11/07,115/05/27,改選董事/監察人(一人法人股東指派董事/監察人),J503050 錄影節目帶業；F109070 文教、樂器、育樂用品批發業；F209060 文教、樂器、育樂用品零售業；F118010 資訊軟體批發業；F218010 資訊軟體零售業；I103060 管理顧問業；J503030 廣播電視節目發行業；J503020 電視節目製作業；J503040 廣播電視廣告業；J503010 廣播節目製作業,臺北市,變更,11505
89407501,商船三井股份有限公司,臺北市中山區南京東路2段71號3樓,林子傑,30000000,84/12/12,115/05/29,補繳規費,G401011 船務代理業；G402011 海運承攬運送業；G601011 航空貨運承攬業；F401010 國際貿易業；F112010 汽油、柴油批發業；ZZ99999 除許可業務外，得經營法令非禁止或限制之業務,臺北市,變更,11505
89432656,鑫众通運有限公司,臺北市士林區永平街71號1樓,李尉民,50000000,84/09/08,115/05/25,特殊補正,,臺北市,變更,11505
89440585,磐石設計股份有限公司,臺北市中山區民權東路2段46號7樓之1,彭泳錫,17000000,84/03/20,115/05/11,改選董事/監察人(一人法人股東指派董事/監察人),I503010 景觀、室內設計業；I501010 產品設計業；I401010 一般廣告服務業；I103060 管理顧問業；E801010 室內裝潢業；E801020 門窗安裝工程業；E801030 室內輕鋼架工程業；E801040 玻璃安裝工程業；E801070 廚具、衛浴設備安裝工程業；ZZ99999 除許可業務外，得經營法令非禁止或限制之業務,臺北市,變更,11505
89449489,恒生環保工程股份有限公司,臺北市松山區八德路3段210號11樓,江明桂,5000000,84/04/17,115/05/22,改選董事/監察人(一人法人股東指派董事/監察人),F401010 國際貿易業；E103101 環境保護工程專業營造業；E103071 地下管線工程專業營造業；F113100 污染防治設備批發業；J101050 環境檢測服務業；J101060 廢（污）水處理業；ZZ99999 除許可業務外，得經營法令非禁止或限制之業務,臺北市,變更,11505
89463019,浩翔國際運通有限公司,臺北市松山區南京東路4段164號7樓,邱楸萍,20000000,84/05/20,115/05/21,特殊補正,G601011 航空貨運承攬業；G402011 海運承攬運送業；G801010 倉儲業；IZ06010 理貨包裝業；F401010 國際貿易業,臺北市,變更,11505
89477695,吉立文具有限公司,臺北市中山區松江路328號11樓之5,陳美瑤,1000000,84/07/04,115/05/11,特殊補正,,臺北市,變更,11505
89545595,千迎保險經紀人股份有限公司,臺北市松山區南京東路3段311號7樓,徐迎囷,40000000,84/06/08,115/05/21,特殊補正,,臺北市,變更,11505
89552531,榮利營造有限公司,臺北市中山區林森北路50號12樓,張銘津,22500000,84/06/14,115/05/12,特殊補正,E101011 綜合營造業；E801010 室內裝潢業；E801020 門窗安裝工程業；E801030 室內輕鋼架工程業；E603050 自動控制設備工程業；E604010 機械安裝業；E599010 配管工程業；E901010 油漆工程業；EZ02010 起重工程業；I503010 景觀設計業,臺北市,變更,11505
89573070,聯擎實業股份有限公司,臺北市大安區和平東路2段107巷23弄3號1樓,林大隆,1000000,84/06/30,115/05/12,特殊補正,CC01110 電腦及其週邊設備製造業；CC01120 資料儲存媒體製造及複製業；E599010 配管工程業；E601010 電器承裝業；E601020 電器安裝業；E603010 電纜安裝工程業；E603040 消防安全設備安裝工程業；E603050 自動控制設備工程業；E603080 交通號誌安裝工程業；E603090 照明設備安裝工程業,臺北市,變更,11505
89590465,喬葳有限公司,臺北市萬華區中華路1段180之1號1樓,馮錦財,5000000,84/07/29,115/05/11,特殊補正,F109020 文具批發業。；F209010 書籍、文具零售業。；F106020 日常用品批發業。；F206020 日常用品零售業。；F105020 室內裝飾品紡織品批發業。；F205020 裝設品零售業。；F204050 服飾品零售業。,臺北市,變更,11505
89595139,高盛茶業股份有限公司,臺北市文山區羅斯福路5段130號5樓,高聖婷,10000000,84/08/11,115/05/19,特殊補正,,臺北市,變更,11505
89597565,和雅保險經紀人有限公司,臺北市中山區松江路50號8樓,郭扶中,6000000,84/08/17,115/05/20,申登機關變更（遷入，含卷）,,臺北市,變更,11505
89602223,昌和國際股份有限公司,臺北市信義區忠孝東路5段293號5樓,練軒城,200000000,84/08/30,115/05/25,特殊補正,A101020 農作物栽培業；A101030 特用作物栽培業；A101040 食用菌菇類栽培業；A101050 花卉栽培業；A102020 農產品整理業；A102050 作物栽培服務業；A102060 糧商業；A199990 其他農業；F101130 蔬果批發業；F101990 其他農、畜、水產品批發業,臺北市,變更,11505
89604685,樹福貿易有限公司,臺北市大同區迪化街1段172號1樓,林澤明,29000000,84/09/06,115/05/07,特殊補正,F102170 食品什貨批發業；F203010 食品什貨、飲料零售業；F401010 國際貿易業；H703100 不動產租賃業；ZZ99999 除許可業務外，得經營法令非禁止或限制之業務,臺北市,變更,11505
89608697,惠安國際開發有限公司,臺北市大安區忠孝東路4段148號11樓之8,李梅齡,8000000,84/09/19,115/05/07,特殊補正,JA04011 移民服務業代辦留學業務及其有關諮詢顧問業務。,臺北市,變更,11505
89621349,福國資產管理股份有限公司,臺北市中山區南京東路3段101號4樓,張劍平,397500000,84/10/30,115/05/19,公司所在地,H703090 不動產買賣業；H703100 不動產租賃業；HZ02010 金融機構金錢債權收買業務；ZZ99999 除許可業務外，得經營法令非禁止或限制之業務,臺北市,變更,11505
89621501,林三號國際事業股份有限公司,臺北市松山區敦化北路167號18樓,林鴻志,25000000,84/11/01,115/05/06,特殊補正,F211010 建材零售業；F401010 國際貿易業；H701010 住宅及大樓開發租售業；H701020 工業廠房開發租售業；H701040 特定專業區開發業；H701050 投資興建公共建設業；H701060 新市鎮、新社區開發業；H701070 區段徵收及市地重劃代辦業；H703010 廠房出租業；H703020 倉庫出租業,臺北市,變更,11505
89637314,諾司實業股份有限公司,臺北市中山區建國北路2段89號2樓,鄧順炫,114000000,84/12/18,115/05/04,補繳規費,E601020 電器安裝業；E601010 電器承裝業；F113020 電器批發業；E801010 室內裝潢業；E801020 門窗安裝工程業；E801030 室內輕鋼架工程業；E801040 玻璃安裝工程業；F111090 建材批發業；F106010 五金批發業；F119010 電子材料批發業,臺北市,變更,11505
89715198,福進圖紙有限公司,臺北市信義區忠孝東路5段55號1樓,張雯鈞,3000000,84/10/02,115/05/25,特殊補正,F113050 電腦及事務性機器設備批發業；F119010 電子材料批發業；F109070 文教、樂器、育樂用品批發業；F399040 無店面零售業；F401010 國際貿易業；I501010 產品設計業；IZ01010 影印業；IZ02010 打字業；C701010 印刷業；C703010 印刷品裝訂及加工業,臺北市,變更,11505
89799318,邁其利德股份有限公司,臺北市中山區民族東路60號6樓,顧芸,20000000,84/12/06,115/05/07,改選董事/監察人(一人法人股東指派董事/監察人),F104110 布疋、衣著、鞋、帽、傘、服飾品批發業；F105050 家具、寢具、廚房器具、裝設品批發業；F106010 五金批發業；F106020 日常用品批發業；F107030 清潔用品批發業；F108040 化粧品批發業；F109070 文教、樂器、育樂用品批發業；F111090 建材批發業；F113020 電器批發業；F113030 精密儀器批發業,臺北市,變更,11505
89820868,吉鉅企業有限公司,臺北市萬華區漢口街2段56號6樓之2,陳寶英,2000000,85/01/03,115/05/06,申登機關變更（遷入，含卷）,CA02030 螺絲、螺帽、螺絲釘、及鉚釘等製品製造業；CC01080 電子零組件製造業；CD01030 汽車及其零件製造業；CP01010 手工具製造業；F113010 機械批發業；F106010 五金批發業；F114030 汽、機車零件配備批發業；F119010 電子材料批發業；F213080 機械器具零售業；F206010 五金零售業,臺北市,變更,11505
89873576,偉婷股份有限公司,臺北市中山區松江路67號6樓之3,葉玟伶,60000000,83/10/08,115/05/29,特殊補正,CB01010 機械設備製造業；F102040 飲料批發業；F102170 食品什貨批發業；F104110 布疋、衣著、鞋、帽、傘、服飾品批發業；F106010 五金批發業；F109070 文教、樂器、育樂用品批發業；F111090 建材批發業；F113010 機械批發業；F114060 船舶及其零件批發業；F203010 食品什貨、飲料零售業,臺北市,變更,11505
89875390,歡樂線上股份有限公司,臺北市內湖區瑞湖街39號2樓,練軒城,140000000,83/10/12,115/05/18,改選董事/監察人(一人法人股東指派董事/監察人),F501030 飲料店業；F101100 花卉批發業；F101130 蔬果批發業；F101990 其他農、畜、水產品批發業；F102020 食用油脂批發業；F102030 菸酒批發業；F102040 飲料批發業；F102050 茶葉批發業；F102170 食品什貨批發業；F104110 布疋、衣著、鞋、帽、傘、服飾品批發業,臺北市,變更,11505
89919215,富國置地股份有限公司,臺北市中正區博愛路77號28樓之1,徐翊銘,34000000,83/11/26,115/05/04,特殊補正,A201040 森林遊樂區經營業；E801010 室內裝潢業；F111090 建材批發業；F205040 家具、寢具、廚房器具、裝設品零售業；F401010 國際貿易業；F501060 餐館業；G202010 停車場經營業；H201010 一般投資業；H701010 住宅及大樓開發租售業；H701020 工業廠房開發租售業,臺北市,變更,11505
89930746,聯華聯合液化石油氣股份有限公司,臺北市南港區南港路1段209號A棟8樓,陳盈福,320000000,83/10/20,115/05/29,改選董事/監察人(一人法人股東指派董事/監察人),IF03010 液化石油氣鋼瓶檢驗業；C803990 其他石油及煤製品製造業；F107200 化學原料批發業；F207200 化學原料零售業；D201040 液化石油氣分裝業；C801010 基本化學工業；ZZ99999 除許可業務外，得經營法令非禁止或限制之業務,臺北市,變更,11505
89943947,太隆興企業股份有限公司,臺北市大安區和平東路2段100號2樓之5,穆繼誠,5000000,83/11/28,115/05/25,特殊補正,F112011 汽油、柴油批發業；F112040 石油製品批發業；F114030 汽、機車零件配備批發業；F212050 石油製品零售業；F214030 汽、機車零件配備零售業,臺北市,變更,11505
89952570,華漢投資股份有限公司,臺北市北投區致遠一路2段129巷3號1樓,温心華,150000000,83/12/20,115/05/26,特殊補正,,臺北市,變更,11505
89963133,金吉晟企業有限公司,臺北市士林區承德路4段242號3樓,鄭勝泰,5000000,84/01/20,115/05/27,股東出資轉讓修正章程,C109010 調味品製造業；C110010 飲料製造業；C114010 食品添加物製造業；F102050 茶葉批發業；F102030 菸酒批發業；F102040 飲料批發業；F102170 食品什貨批發業；F102180 酒精批發業；F106050 陶瓷玻璃器皿批發業；F107190 塑膠膜、袋批發業,臺北市,變更,11505
89983243,新業貿易股份有限公司,臺北市中山區天祥路59號9樓,郭冠廷,25000000,83/12/09,115/05/14,改選董事/監察人(一人法人股東指派董事/監察人),F118010 資訊軟體批發業；F119010 電子材料批發業；F107990 其他化學製品批發業﹝矽利光、架橋劑﹞；F207990 其他化學製品零售業﹝矽利光、架橋劑﹞；F218010 資訊軟體零售業；F219010 電子材料零售業；ZZ99999 除許可業務外，得經營法令非禁止或限制之業務,臺北市,變更,11505
90003886,台灣山德士藥業股份有限公司,臺北市中山區民生東路3段2號8樓,許勝維,184000000,111/12/01,115/05/18,發行新股,F108021 西藥批發業；F208021 西藥零售業；F108031 醫療器材批發業；F208031 醫療器材零售業；ZZ99999 除許可業務外，得經營法令非禁止或限制之業務,臺北市,變更,11505
90009967,人見人愛娛樂有限公司,臺北市信義區忠孝東路5段1之8號2樓,楊宗翰,1000000,112/01/31,115/05/14,股東出資轉讓修正章程,F104110 布疋、衣著、鞋、帽、傘、服飾品批發業；F105050 家具、寢具、廚房器具、裝設品批發業；F106010 五金批發業；F106020 日常用品批發業；F109070 文教、樂器、育樂用品批發業；F204110 布疋、衣著、鞋、帽、傘、服飾品零售業；F205040 家具、寢具、廚房器具、裝設品零售業；F206010 五金零售業；F206020 日常用品零售業；F209060 文教、樂器、育樂用品零售業,臺北市,變更,11505
90010079,舍享室內裝修股份有限公司,臺北市大安區敦化南路2段65號3樓,蔡惠銘,5000000,112/02/01,115/05/29,特殊補正,E599010 配管工程業；E601020 電器安裝業；E801010 室內裝潢業；E801020 門窗安裝工程業；E801030 室內輕鋼架工程業；E801040 玻璃安裝工程業；E801070 廚具、衛浴設備安裝工程業；E901010 油漆工程業；E903010 防蝕、防銹工程業；EZ02010 起重工程業,臺北市,變更,11505
90010388,心華食品工業有限公司,臺北市中山區長安東路2段173號3樓,柯大宇,5000000,112/02/03,115/05/04,公司名稱變更修正章程,C103050 罐頭、冷凍、脫水及醃漬食品製造業；C104020 烘焙炊蒸食品製造業；C109010 調味品製造業；C114010 食品添加物製造業；C199010 麵條、粉條類食品製造業；C199040 豆類加工食品製造業；C199990 未分類其他食品製造業；F101040 家畜家禽批發業；F101050 水產品批發業；F101130 蔬果批發業,臺北市,變更,11505
90011936,竑銓投資有限公司,臺北市中正區中華路1段59號9樓,蔡易儒,25000000,111/10/13,115/05/07,補繳規費,H201010 一般投資業,臺北市,變更,11505
90013929,福遠娛樂行銷有限公司,臺北市萬華區西寧南路36號2樓之89,王遠寰,1588888,111/11/03,115/05/21,增資,F101040 家畜家禽批發業；F101050 水產品批發業；F101070 漁具批發業；F101130 蔬果批發業；F102030 菸酒批發業；F102040 飲料批發業；F102050 茶葉批發業；F102170 食品什貨批發業；F104110 布疋、衣著、鞋、帽、傘、服飾品批發業；F105050 家具、寢具、廚房器具、裝設品批發業,臺北市,變更,11505
90013977,博鼎房屋仲介股份有限公司,臺北市士林區文林路418號1樓,紀翊平,4500000,111/11/03,115/05/19,董事/監察人持股變動報備,H703090 不動產買賣業；H703100 不動產租賃業；H704031 不動產仲介經紀業；I401010 一般廣告服務業；ZZ99999 除許可業務外，得經營法令非禁止或限制之業務,臺北市,變更,11505
90016691,沅星航空興業股份有限公司,臺北市松山區敦化北路307號2樓,盧浩智,166052100,111/09/07,115/05/21,發行新股,F114070 航空器及其零件批發業；F214070 航空器及其零件零售業；G501020 民用航空總代理業；G502011 普通航空業；G799990 其他運輸輔助業；F112060 航空站、商港或工業專用港加油業；I101100 航空顧問業；JA02990 其他修理業；JE01010 租賃業；F401010 國際貿易業,臺北市,變更,11505
90018023,拾景總會有限公司,臺北市士林區後港街100號5樓,董育廷,200000,111/10/25,115/05/06,股東出資轉讓修正章程,I105010 藝術品諮詢顧問業；I401010 一般廣告服務業；I501010 產品設計業；I503010 景觀、室內設計業；I599990 其他設計業；I199990 其他顧問服務業；J304010 圖書出版業；J305010 有聲出版業；J401010 電影片製作業；J404020 提供設備及場地供電影片拍攝業,臺北市,變更,11505
90018059,華熊土地開發股份有限公司,臺北市松山區南京東路5段307號,陳宜欣,14000000,111/10/25,115/05/14,特殊補正,A102020 農產品整理業；E599010 配管工程業；E601020 電器安裝業；E603040 消防安全設備安裝工程業；E603050 自動控制設備工程業；E603090 照明設備安裝工程業；E604010 機械安裝業；E605010 電腦設備安裝業；E701030 電信管制射頻器材裝設工程業；E701040 簡易電信設備安裝業,臺北市,變更,11505
90018086,駿逸國際有限公司,臺北市大同區承德路1段17號10樓之6,莊鎮豪,1000000,111/10/25,115/05/20,特殊補正,F113050 電腦及事務性機器設備批發業；F119010 電子材料批發業；F213030 電腦及事務性機器設備零售業；F219010 電子材料零售業；F401010 國際貿易業；ZZ99999 除許可業務外，得經營法令非禁止或限制之業務,臺北市,變更,11505
90018656,雪洱互動整合行銷有限公司,臺北市中正區重慶南路1段57號8樓之5,陳冠今,1000000,111/10/27,115/05/11,特殊補正,J601010 藝文服務業；J602010 演藝活動業；J603010 音樂展演空間業；JB01010 會議及展覽服務業；F399990 其他綜合零售業；I401010 一般廣告服務業；I501010 產品設計業；I599990 其他設計業；E603090 照明設備安裝工程業；CC01040 照明設備製造業,臺北市,變更,11505
90019487,唯暘股份有限公司,臺北市大安區安和路1段135巷4號1樓,陳毅桓,10000000,111/09/15,115/05/25,特殊補正,F203010 食品什貨、飲料零售業；F204110 布疋、衣著、鞋、帽、傘、服飾品零售業；F206020 日常用品零售業；F401010 國際貿易業；F501030 飲料店業；F501060 餐館業；ZZ99999 除許可業務外，得經營法令非禁止或限制之業務,臺北市,變更,11505
90019682,意逸投資股份有限公司,臺北市信義區松高路1號4樓,郭冠群,49580660,111/09/16,115/05/27,改選董事/監察人(一人法人股東指派董事/監察人),H201010 一般投資業；ZZ99999 除許可業務外，得經營法令非禁止或限制之業務,臺北市,變更,11505
90019769,樽爵事業有限公司,臺北市中正區忠孝東路2段80號3樓,高曼玲,11000000,111/09/16,115/05/05,特殊補正,F203020 菸酒零售業；F102030 菸酒批發業；F102040 飲料批發業；F102050 茶葉批發業；F102170 食品什貨批發業；F106020 日常用品批發業；F199990 其他批發業；F399040 無店面零售業；F401010 國際貿易業；F501030 飲料店業,臺北市,變更,11505
90019992,初立方貿易有限公司,臺北市大安區敦化南路1段190巷46號,張雅文,2000000,111/09/16,115/05/04,補繳規費,C802100 化粧品製造業；F102040 飲料批發業；F102170 食品什貨批發業；F104110 布疋、衣著、鞋、帽、傘、服飾品批發業；F106010 五金批發業；F106020 日常用品批發業；F107030 清潔用品批發業；F108040 化粧品批發業；F109070 文教、樂器、育樂用品批發業；F201010 農產品零售業,臺北市,變更,11505
90029154,汪寶科技藝術有限公司,臺北市文山區羅斯福路6段208號2樓,江汪家興,100000,111/11/22,115/05/26,特殊補正,F601010 智慧財產權業；I301010 資訊軟體服務業；I301050 實境體感應用服務業；JI01010 互動式情境體驗服務業；I503010 景觀、室內設計業；I105010 藝術品諮詢顧問業；F205040 家具、寢具、廚房器具、裝設品零售業；ZZ99999 除許可業務外，得經營法令非禁止或限制之業務；I501010 產品設計業；I504010 花藝設計業,臺北市,變更,11505
90030390,台灣科高供應鏈有限公司,臺北市信義區信義路5段7號73樓之1,Santhosh Srinivasan,2564700000,111/12/26,115/05/25,增資,F119010 電子材料批發業；F401010 國際貿易業；F601010 智慧財產權業；I301010 資訊軟體服務業；ZZ99999 除許可業務外，得經營法令非禁止或限制之業務,臺北市,變更,11505
90032284,榮裕國際企業有限公司,臺北市中山區建國北路3段113巷19弄9號2樓,賴明男,3000000,111/09/20,115/05/06,特殊補正,C805060 塑膠皮製品製造業；E603050 自動控制設備工程業；E603090 照明設備安裝工程業；E607010 太陽熱能設備安裝工程業；E801010 室內裝潢業；E801030 室內輕鋼架工程業；E901010 油漆工程業；EZ05010 儀器、儀表安裝工程業；E801070 廚具、衛浴設備安裝工程業；F102170 食品什貨批發業,臺北市,變更,11505
90032622,銓幻元科技股份有限公司,臺北市大同區延平北路1段22號5樓之10,蔡佳恩,5000000,111/09/20,115/05/19,發行新股,E605010 電腦設備安裝業；F118010 資訊軟體批發業；F218010 資訊軟體零售業；F401010 國際貿易業；H703100 不動產租賃業；I301010 資訊軟體服務業；I301020 資料處理服務業；I301030 電子資訊供應服務業；I401010 一般廣告服務業；JE01010 租賃業,臺北市,變更,11505
90039913,盛品綠能工程有限公司,臺北市松山區光復南路58巷35號1樓,謝品華,500000,111/09/27,115/05/11,特殊補正,EZ99990 其他工程業；F211010 建材零售業；F107010 漆料、塗料批發業,臺北市,變更,11505
90046689,人生清理員股份有限公司,臺北市松山區南京東路3段270號8樓,范姜奇秀,23200000,111/09/28,115/05/12,特殊補正,J401010 電影片製作業；J402010 電影片發行業；J503010 廣播節目製作業；J503020 電視節目製作業；J503030 廣播電視節目發行業；J503040 廣播電視廣告業；J503050 錄影節目帶業；J601010 藝文服務業；J602010 演藝活動業；J304010 圖書出版業,臺北市,變更,11505
90046864,同合升有限公司,臺北市松山區復興北路201號4樓,蔡偉科,6000000,111/09/28,115/05/12,特殊補正,F102050 茶葉批發業；F401010 國際貿易業,臺北市,變更,11505
90049686,怡世界國際移民事業有限公司,臺北市中山區明水路636號2樓之5,陳維妤,8000000,111/11/10,115/05/21,股東出資轉讓修正章程,JA04011 移民服務業；JA05010 留、遊學服務業；F401010 國際貿易業；I103060 管理顧問業；I301020 資料處理服務業；H703090 不動產買賣業；JZ99050 仲介服務業；I102010 一般投資顧問業；H704031 不動產仲介經紀業；H704041 不動產代銷經紀業,臺北市,變更,11505
90055687,沐笙資本股份有限公司,臺北市大安區敦化南路2段97號25樓,游語笙,1000000,111/10/04,115/05/29,特殊補正,I102010 投資顧問業；I103060 管理顧問業；I301010 資訊軟體服務業；I301020 資料處理服務業；I301030 電子資訊供應服務業；HZ02020 辦理金融機構金錢債權之評價或拍賣業務；ZZ99999 除許可業務外，得經營法令非禁止或限制之業務,臺北市,變更,11505
90056335,菁選旅行社股份有限公司,臺北市大同區長安西路150號10樓,劉鑑堂,10000000,111/10/05,115/05/18,補繳規費,J902011 旅行業,臺北市,變更,11505
90056383,永續食農科技股份有限公司,臺北市文山區辛亥路4段128之1號1樓,黃俊傑,14103000,111/10/06,115/05/07,發行新股,H201010 一般投資業,臺北市,變更,11505
90056594,璐璐國際有限公司,臺北市中正區羅斯福路4段6號1、2樓,LONT HSUNG趙佳卿,111276847,111/10/11,115/05/12,特殊補正,F111090 建材批發業；F112040 石油製品批發業；F401010 國際貿易業；ZZ99999 除許可業務外，得經營法令非禁止或限制之業務；F102020 食用油脂批發業；F102040 飲料批發業；F102170 食品什貨批發業；F106020 日常用品批發業；F199990 其他批發業；F203010 食品什貨、飲料零售業,臺北市,變更,11505
90061077,新加坡商沃貝國際股份有限公司,臺北市松山區民生東路三段156號10樓,Maarten Jan Henk Weck,300000,111/11/29,115/05/13,補繳規費,F601010 智慧財產權業；I103060 管理顧問業；I105010 藝術品諮詢顧問業；I199990 其他顧問服務業；I301010 資訊軟體服務業；I301020 資料處理服務業；I401010 一般廣告服務業；I501010 產品設計業；J302010 通訊稿業；J303010 雜誌（期刊）出版業,臺北市,變更,11505
90062667,瀚寶有限公司,臺北市內湖區瑞光路408號6樓之5,林正宏,152923570,111/09/16,115/05/28,補繳規費,H201010 一般投資業,臺北市,變更,11505
90063862,百醫有心生技股份有限公司,臺北市文山區木新路2段78號,黃瀚臻,15000000,111/09/05,115/05/28,增資(資本總額),I103060 管理顧問業；I401010 一般廣告服務業；I199990 其他顧問服務業；F401010 國際貿易業；F208040 化粧品零售業；IG01010 生物技術服務業；IG02010 研究發展服務業；F108040 化粧品批發業；F207070 動物用藥零售業；F208050 乙類成藥零售業,臺北市,變更,11505
90064790,豐銓資本股份有限公司,臺北市信義區光復南路495號4樓,郭承翰,1000000,111/09/13,115/05/04,特殊補正,I102010 投資顧問業；I103060 管理顧問業；JE01010 租賃業；H201010 一般投資業；H701010 住宅及大樓開發租售業；H701020 工業廠房開發租售業；H701040 特定專業區開發業；H701050 投資興建公共建設業；H701060 新市鎮、新社區開發業；H701070 區段徵收及市地重劃代辦業,臺北市,變更,11505
90071440,利格機電工程股份有限公司,臺北市內湖區內湖路1段91巷35弄25之6號4樓,黃裕東,2000000,111/10/20,115/05/15,特殊補正,E599010 配管工程業；E601010 電器承裝業；E601020 電器安裝業；E603010 電纜安裝工程業；E603020 電梯安裝工程業；E603050 自動控制設備工程業；E603080 交通號誌安裝工程業；E603090 照明設備安裝工程業；E603110 冷作工程業；E604010 機械安裝業,臺北市,變更,11505
90071504,健康卡片股份有限公司,臺北市大安區復興南路1段167號2樓,張皓維,18087500,111/10/20,115/05/11,補繳規費,I301010 資訊軟體服務業；I301020 資料處理服務業；I301030 電子資訊供應服務業；F601010 智慧財產權業；I401010 一般廣告服務業；I501010 產品設計業；I599990 其他設計業；F399040 無店面零售業；F399990 其他綜合零售業；I103060 管理顧問業,臺北市,變更,11505
90072454,彥愷國際貿易有限公司,臺北市大同區南京西路163號2樓之43,林彥夆,100000,111/10/24,115/05/28,補繳規費,F106020 日常用品批發業；F107030 清潔用品批發業；F108040 化粧品批發業；F199990 其他批發業；F206020 日常用品零售業；F207030 清潔用品零售業；F208040 化粧品零售業；F299990 其他零售業；F399040 無店面零售業；F399990 其他綜合零售業,臺北市,變更,11505
90073947,聯和科創股份有限公司,臺北市中山區中山北路2段44號5樓,蔡焜煌,424147620,111/09/14,115/05/21,公司所在地,F118010 資訊軟體批發業；F218010 資訊軟體零售業；H201010 一般投資業；I103060 管理顧問業；I301010 資訊軟體服務業；I301020 資料處理服務業；I301030 電子資訊供應服務業；I501010 產品設計業；IF04010 非破壞檢測業；IZ09010 管理系統驗證業,臺北市,變更,11505
90075430,博格網絡科技股份有限公司,臺北市大安區安和路2段78號6樓之2,鄭茗方,5000000,111/09/27,115/05/15,特殊補正,CC01110 電腦及其週邊設備製造業；E701010 電信工程業；F109070 文教、樂器、育樂用品批發業；F113070 電信器材批發業；F118010 資訊軟體批發業；F209060 文教、樂器、育樂用品零售業；F218010 資訊軟體零售業；F401010 國際貿易業；I301010 資訊軟體服務業；I301030 電子資訊供應服務業,臺北市,變更,11505
90076923,化繁為簡軟體開發有限公司,臺北市松山區復興北路1號10樓之2,車龘東,300000,111/09/30,115/05/28,特殊補正,I301010 資訊軟體服務業；J399010 軟體出版業；ZZ99999 除許可業務外，得經營法令非禁止或限制之業務,臺北市,變更,11505
90079127,耀勝實業有限公司,臺北市信義區基隆路1段143號11樓之3,李映融,6500000,111/11/04,115/05/06,特殊補正,CC01010 發電、輸電、配電機械製造業；CC01020 電線及電纜製造業；D101050 汽電共生業；E502010 燃料導管安裝工程業；E599010 配管工程業；E601010 電器承裝業；E601020 電器安裝業；E603010 電纜安裝工程業；E603020 電梯安裝工程業；E603040 消防安全設備安裝工程業,臺北市,變更,11505
90100206,台灣德奈澈貿易股份有限公司,臺北市松山區復興北路369號6樓,"朴煐俊PARK,YOUNG JUN",235000000,111/09/23,115/05/08,特殊補正,C306010 成衣業；C307010 服飾品製造業；F104110 布疋、衣著、鞋、帽、傘、服飾品批發業；F108040 化粧品批發業；F204110 布疋、衣著、鞋、帽、傘、服飾品零售業；F208040 化粧品零售業；F401010 國際貿易業,臺北市,變更,11505
90100515,亞設佳美食品有限公司,臺北市內湖區新明路321巷10弄13號2樓,何祖榮,15000000,111/10/17,115/05/06,特殊補正,F101040 家畜家禽批發業；F101050 水產品批發業；F101990 其他農、畜、水產品批發業；F102030 菸酒批發業；F102040 飲料批發業；F102050 茶葉批發業；F102170 食品什貨批發業；F201010 農產品零售業；F201020 畜產品零售業；F201030 水產品零售業,臺北市,變更,11505
90101253,好船股份有限公司,臺北市大安區忠孝東路4段300號5樓,潘俊宏,11469400,111/10/20,115/05/25,消除股份減資(特別股收回),H201010 一般投資業；ZZ99999 除許可業務外，得經營法令非禁止或限制之業務,臺北市,變更,11505
90104316,海中資本有限公司,臺北市大同區鄭州路87號2樓之1,周言達,2000000,111/09/08,115/05/07,增資,H201010 一般投資業；H202010 創業投資業；H204010 私募股權投資業；I301010 資訊軟體服務業；I301020 資料處理服務業；I103060 管理顧問業；I102010 一般投資顧問業；I301030 電子資訊供應服務業；I301050 實境體感應用服務業；J399010 軟體出版業,臺北市,變更,11505
90104738,捌酵茶股份有限公司,臺北市大安區復興南路2段9號1樓,黃聖峰,9000000,111/09/12,115/05/18,董事/監察人持股變動報備,F102030 菸酒批發業；F203020 菸酒零售業；F102040 飲料批發業；F102170 食品什貨批發業；F203010 食品什貨、飲料零售業；F501030 飲料店業；I103060 管理顧問業；C110010 飲料製造業；C113020 酒類半成品製造業；F199990 其他批發業,臺北市,變更,11505
90107968,香港商作之力有限公司,臺北市大同區赤峯街44巷17號,林倢伃,500000,111/09/16,115/05/18,在中華民國所營事業增加登記,F104110 布疋、衣著、鞋、帽、傘、服飾品批發業；F106020 日常用品批發業；F106050 陶瓷玻璃器皿批發業；F204110 布疋、衣著、鞋、帽、傘、服飾品零售業；F206020 日常用品零售業；F401010 國際貿易業；ZZ99999 除許可業務外，得經營法令非禁止或限制之業務；E801010 室內裝潢業；F205040 家具、寢具、廚房器具、裝設品零售業；I301060 網路廣告平臺業,臺北市,變更,11505
90114052,優碩工程有限公司,臺北市文山區辛亥路4段101巷14之2號3樓,楊智淵,1000000,111/10/13,115/05/15,特殊補正,E599010 配管工程業；E601020 電器安裝業；E603050 自動控制設備工程業；EZ99990 其他工程業；F106010 五金批發業；F106040 水器材料批發業；F113020 電器批發業；F206010 五金零售業；F206040 水器材料零售業；F213010 電器零售業,臺北市,變更,11505
90116122,恆越國際股份有限公司,臺北市大安區忠孝東路4段221號12樓,曾翊宸,1000000,111/10/11,115/05/13,改選董事/監察人(一人法人股東指派董事/監察人),J202010 產業育成業；I103060 管理顧問業；I301010 資訊軟體服務業；I301020 資料處理服務業；I301030 電子資訊供應服務業；I401010 一般廣告服務業；IZ09010 管理系統驗證業；IZ13010 網路認證服務業；IZ15010 市場研究及民意調查業；IZ99990 其他工商服務業,臺北市,變更,11505
90117826,宏茂開發股份有限公司,臺北市中正區仁愛路2段1號11樓,李芳華,60000000,111/10/28,115/05/13,董事/監察人持股變動報備,F102030 菸酒批發業；F102040 飲料批發業；F102170 食品什貨批發業；F104110 布疋、衣著、鞋、帽、傘、服飾品批發業；F105050 家具、寢具、廚房器具、裝設品批發業；F109070 文教、樂器、育樂用品批發業；F203010 食品什貨、飲料零售業；F203020 菸酒零售業；F204110 布疋、衣著、鞋、帽、傘、服飾品零售業；F205040 家具、寢具、廚房器具、裝設品零售業,臺北市,變更,11505
90135508,問路傳媒有限公司,臺北市中山區松江路50號9樓,路怡珍,150000,111/05/10,115/05/28,特殊補正,I401010 一般廣告服務業；J602010 演藝活動業；J503020 電視節目製作業；F102020 食用油脂批發業；F102040 飲料批發業；F102050 茶葉批發業；F102170 食品什貨批發業；F104110 布疋、衣著、鞋、帽、傘、服飾品批發業；F105050 家具、寢具、廚房器具、裝設品批發業；F106020 日常用品批發業,臺北市,變更,11505
90135887,央進科技股份有限公司,臺北市大安區敦化南路2段104號4樓之1,張維德,3500000,111/05/11,115/05/13,公司所營事業變更修正章程,CB01010 機械設備製造業；CB01990 其他機械製造業；CC01010 發電、輸電、配電機械製造業；CC01030 電器及視聽電子產品製造業；CC01080 電子零組件製造業；CC01090 電池製造業；CD01990 其他運輸工具及其零件製造業；D101060 再生能源自用發電設備業；E601010 電器承裝業；E601020 電器安裝業,臺北市,變更,11505
90137359,想像創新股份有限公司,臺北市大安區光復南路632號2樓,郭子揚,20001000,111/03/11,115/05/15,特殊補正,E601010 電器承裝業；E603050 自動控制設備工程業；E603080 交通號誌安裝工程業；E603090 照明設備安裝工程業；E604010 機械安裝業；E701030 電信管制射頻器材裝設工程業；E801070 廚具、衛浴設備安裝工程業；EZ05010 儀器、儀表安裝工程業；EZ06010 交通標示工程業；F102170 食品什貨批發業,臺北市,變更,11505
90137457,好事創意股份有限公司,臺北市中山區民權西路35號10樓,伍安怡,1000000,111/03/11,115/05/28,改選董事/監察人(一人法人股東指派董事/監察人),F104110 布疋、衣著、鞋、帽、傘、服飾品批發業；F109070 文教、樂器、育樂用品批發業；F204110 布疋、衣著、鞋、帽、傘、服飾品零售業；F209060 文教、樂器、育樂用品零售業；F399040 無店面零售業；F401010 國際貿易業；F601010 智慧財產權業；I103060 管理顧問業；I199990 其他顧問服務業；I401010 一般廣告服務業,臺北市,變更,11505
90138385,源泓投資股份有限公司,臺北市文山區車前路11之7號2樓,方偉全,1000000,111/03/15,115/05/13,特殊補正,H201010 一般投資業；H704031 不動產仲介經紀業；H704041 不動產代銷經紀業；H703090 不動產買賣業；H703100 不動產租賃業；HZ99990 其他金融、保險及不動產業；I103060 管理顧問業；I199990 其他顧問服務業；I301010 資訊軟體服務業；I301020 資料處理服務業,臺北市,變更,11505
90138688,威力視國際有限公司,臺北市中山區南京東路2段160號8樓,湯念祖,100000,111/03/15,115/05/26,公司所在地,F102170 食品什貨批發業；F106020 日常用品批發業；F119010 電子材料批發業；F401010 國際貿易業；ZZ99999 除許可業務外，得經營法令非禁止或限制之業務,臺北市,變更,11505
90143768,溫楓曼國際顧問有限公司,臺北市松山區八德路4段91巷3弄39號6樓,劉宥佑,250000,111/05/16,115/05/06,特殊補正,I103060 管理顧問業；I199990 其他顧問服務業；IG02010 研究發展服務業；IZ99990 其他工商服務業；JA05010 留、遊學服務業；JZ99050 仲介服務業；ZZ99999 除許可業務外，得經營法令非禁止或限制之業務,臺北市,變更,11505
90144632,四月有限公司,臺北市松山區八德路3段198之1號4樓之1,張人中,100000,111/05/18,115/05/29,股東出資轉讓修正章程,JB01010 會議及展覽服務業；F104110 布疋、衣著、鞋、帽、傘、服飾品批發業；F108040 化粧品批發業；F109070 文教、樂器、育樂用品批發業；F113050 電腦及事務性機器設備批發業；F204110 布疋、衣著、鞋、帽、傘、服飾品零售業；F209060 文教、樂器、育樂用品零售業；F208040 化粧品零售業；F213030 電腦及事務性機器設備零售業；I401010 一般廣告服務業,臺北市,變更,11505
90145153,六島創意有限公司,臺北市萬華區中華路1段106號8樓,周盈君,350000,111/05/18,115/05/22,公司所在地,F102170 食品什貨批發業；F104110 布疋、衣著、鞋、帽、傘、服飾品批發業；F109070 文教、樂器、育樂用品批發業；F199990 其他批發業；F203010 食品什貨、飲料零售業；F203020 菸酒零售業；F399040 無店面零售業；F399990 其他綜合零售業；F401010 國際貿易業；F601010 智慧財產權業,臺北市,變更,11505
90145479,夸克能源股份有限公司,臺北市中山區南京東路二段2號10樓,陳席宇,592641400,111/03/16,115/05/18,一般補正案,IG03010 能源技術服務業；D101050 汽電共生業；D101060 再生能源自用發電設備業；D401010 熱能供應業；E601020 電器安裝業；E605010 電腦設備安裝業；E606010 用電設備檢驗維護業；E607010 太陽熱能設備安裝工程業；F113010 機械批發業；F113020 電器批發業,臺北市,變更,11505
90146630,谷鎂商貿股份有限公司,臺北市信義區基隆路2段131之12號,陳韋豪,2000000,111/03/18,115/05/15,特殊補正,F102020 食用油脂批發業；F102030 菸酒批發業；F102040 飲料批發業；F102050 茶葉批發業；F102170 食品什貨批發業；F104110 布疋、衣著、鞋、帽、傘、服飾品批發業；F105050 家具、寢具、廚房器具、裝設品批發業；F106010 五金批發業；F106020 日常用品批發業；F106040 水器材料批發業,臺北市,變更,11505
90146792,鳴昇股份有限公司,臺北市信義區永吉路185號4樓之1,李鴻鳴,150000,111/03/18,115/05/25,改選董事/監察人(一人法人股東指派董事/監察人),E599010 配管工程業；E601010 電器承裝業；E601020 電器安裝業；E603040 消防安全設備安裝工程業；E603050 自動控制設備工程業；E603090 照明設備安裝工程業；E604010 機械安裝業；E605010 電腦設備安裝業；E606010 用電設備檢驗維護業；E801010 室內裝潢業,臺北市,變更,11505
90151387,三洋綠能股份有限公司,臺北市中山區長春路6號4樓,劉首暄,76000000,111/04/28,115/05/05,特殊補正,F113010 機械批發業；F113070 電信器材批發業；F113020 電器批發業；F106010 五金批發業；F113030 精密儀器批發業；F119010 電子材料批發業；F113990 其他機械器具批發業；F118010 資訊軟體批發業；F113110 電池批發業；F111090 建材批發業,臺北市,變更,11505
90153815,夢劇場有限公司,臺北市中正區八德路1段46號9樓,盧家正,100000,111/05/19,115/05/25,公司所營事業變更修正章程,F108031 醫療器材批發業；F208031 醫療器材零售業；I103060 管理顧問業；I199990 其他顧問服務業；I301010 資訊軟體服務業；I301020 資料處理服務業；I301030 電子資訊供應服務業；I401010 一般廣告服務業；J601010 藝文服務業；F401010 國際貿易業,臺北市,變更,11505
90155519,第一誠勝股份有限公司,臺北市大同區南京西路288號13樓之5,劉錦福,35000000,111/03/10,115/05/26,特殊補正,I301010 資訊軟體服務業；I301020 資料處理服務業；I301030 電子資訊供應服務業；I103060 管理顧問業；H201010 一般投資業；HZ99990 其他金融、保險及不動產業；JE01010 租賃業；ZZ99999 除許可業務外，得經營法令非禁止或限制之業務,臺北市,變更,11505
90156432,台灣瑞慶合股份有限公司,臺北市松山區南京東路3段259號5樓之1,羅麗芬,23500000,111/04/06,115/05/06,改選董事/監察人(一人法人股東指派董事/監察人),F106020 日常用品批發業；F206020 日常用品零售業；F107030 清潔用品批發業；F207030 清潔用品零售業；F108031 醫療器材批發業；F208031 醫療器材零售業；F108040 化粧品批發業；F208040 化粧品零售業；F208050 乙類成藥零售業；F401010 國際貿易業,臺北市,變更,11505
90156480,睿得醫療器材股份有限公司,臺北市信義區松山路421號5樓之3,趙則鈞,5600000,111/04/06,115/05/08,特殊補正,E701030 電信管制射頻器材裝設工程業；F108031 醫療器材批發業；F113010 機械批發業；F116010 照相器材批發業；F208031 醫療器材零售業；F208050 乙類成藥零售業；F213080 機械器具零售業；F216010 照相器材零售業；F401010 國際貿易業；F113050 電腦及事務性機器設備批發業,臺北市,變更,11505
90156518,環澎一風能股份有限公司,臺北市中山區長安東路1段23號8樓之1,吳坤達,70100000,111/04/06,115/05/26,特殊補正,E601020 電器安裝業；E601010 電器承裝業；E603010 電纜安裝工程業；E606010 用電設備檢驗維護業；F401010 國際貿易業；I103060 管理顧問業；IG03010 能源技術服務業；CC01010 發電、輸電、配電機械製造業；ZZ99999 除許可業務外，得經營法令非禁止或限制之業務,臺北市,變更,11505
90156664,環澎三風能股份有限公司,臺北市中山區長安東路1段23號8樓之1,吳坤達,50100000,111/04/06,115/05/27,特殊補正,E601010 電器承裝業；E601020 電器安裝業；E603010 電纜安裝工程業；E606010 用電設備檢驗維護業；F401010 國際貿易業；I103060 管理顧問業；IG03010 能源技術服務業；CC01010 發電、輸電、配電機械製造業；ZZ99999 除許可業務外，得經營法令非禁止或限制之業務,臺北市,變更,11505
90156741,傳聲筒數位科技有限公司,臺北市信義區忠孝東路5段1之8號2樓,辜志偉,1000000,111/04/06,115/05/04,股東出資轉讓修正章程,I301010 資訊軟體服務業；I301020 資料處理服務業；I301030 電子資訊供應服務業；F109070 文教、樂器、育樂用品批發業；F104110 布疋、衣著、鞋、帽、傘、服飾品批發業；F204110 布疋、衣著、鞋、帽、傘、服飾品零售業；F218010 資訊軟體零售業；F219010 電子材料零售業；I301040 第三方支付服務業；I501010 產品設計業,臺北市,變更,11505
90178442,富思人工智能股份有限公司,臺北市大同區承德路3段287之2號3樓,張凱鈞,15000000,111/05/18,115/05/13,額定資本額增加變更章程,CC01010 發電、輸電、配電機械製造業；CC01030 電器及視聽電子產品製造業；CC01060 有線通信機械器材製造業；CC01070 無線通信機械器材製造業；CC01080 電子零組件製造業；CC01100 電信管制射頻器材製造業；CC01110 電腦及其週邊設備製造業；CC01120 資料儲存媒體製造及複製業；CE01010 一般儀器製造業；E701030 電信管制射頻器材裝設工程業,臺北市,變更,11505
90183352,橙花實業有限公司,臺北市文山區景福街1號,陳志祥,1000000,110/12/15,115/05/08,特殊補正,F401010 國際貿易業；F399040 無店面零售業；F104110 布疋、衣著、鞋、帽、傘、服飾品批發業；F105050 家具、寢具、廚房器具、裝設品批發業；F106020 日常用品批發業；F102170 食品什貨批發業；F199990 其他批發業；F204110 布疋、衣著、鞋、帽、傘、服飾品零售業；F205040 家具、寢具、廚房器具、裝設品零售業；F206020 日常用品零售業,臺北市,變更,11505
90187195,梅森資本股份有限公司,臺北市大安區安和路1段29號15樓,許芳瑜,3980000,111/05/16,115/05/19,特殊補正,H201010 一般投資業；I102010 投資顧問業；I103060 管理顧問業；ZZ99999 除許可業務外，得經營法令非禁止或限制之業務,臺北市,變更,11505
90188167,滿園苑景觀設計有限公司,臺北市內湖區民權東路6段180巷6號11樓之20,賀宣融,1000000,111/05/23,115/05/18,申登機關變更（遷入，含卷）,E801010 室內裝潢業；EZ99990 其他工程業；I101070 農、林、漁、畜牧顧問業；I501010 產品設計業；I503010 景觀、室內設計業；I504010 花藝設計業；A101050 花卉栽培業；A102080 園藝服務業；F101100 花卉批發業；F101990 其他農、畜、水產品批發業,臺北市,變更,11505
90189335,首爾的夜有限公司,臺北市大同區華陰街103號4樓,李瑩珠,500000,111/03/22,115/05/22,特殊補正,IZ04010 翻譯業；F401010 國際貿易業；F102170 食品什貨批發業；F104110 布疋、衣著、鞋、帽、傘、服飾品批發業；F106020 日常用品批發業；F106060 寵物食品及其用品批發業；F109070 文教、樂器、育樂用品批發業；J202010 產業育成業；JB01010 會議及展覽服務業；JA05010 留、遊學服務業,臺北市,變更,11505
90189412,華磐地產股份有限公司,臺北市信義區忠孝東路5段510號16樓之3,潘士華,10000000,111/03/22,115/05/14,公司所營事業變更修正章程,E801010 室內裝潢業；F211010 建材零售業；F401010 國際貿易業；H701010 住宅及大樓開發租售業；H701080 都市更新重建業；H701090 都市更新整建維護業；H703090 不動產買賣業；H703100 不動產租賃業；H704041 不動產代銷經紀業；I401010 一般廣告服務業,臺北市,變更,11505
90192991,詰埕科技股份有限公司,臺北市信義區松仁路97號10樓,方敬陽,1000000,111/03/31,115/05/22,減資,D101050 汽電共生業；D101060 再生能源自用發電設備業；D401010 熱能供應業；E601010 電器承裝業；I102010 一般投資顧問業；I103060 管理顧問業；IG03010 能源技術服務業；I199990 其他顧問服務業；ZZ99999 除許可業務外，得經營法令非禁止或限制之業務；CC01990 其他電機及電子機械器材製造業,臺北市,變更,11505
90206518,明心文化事業股份有限公司,臺北市信義區基隆路2段81號4樓,辜浚維,1000000,111/03/25,115/05/11,特殊補正,IG01010 生物技術服務業；IG02010 研究發展服務業；F102040 飲料批發業；F102170 食品什貨批發業；F106020 日常用品批發業；F108040 化粧品批發業；F203010 食品什貨、飲料零售業；F206020 日常用品零售業；F208040 化粧品零售業；F299990 其他零售業,臺北市,變更,11505
90206616,瑞麒教育培訓股份有限公司,臺北市士林區文林路338號3樓之1,陳嵩洋,3120000,111/03/28,115/05/29,特殊補正,I103060 管理顧問業；I199990 其他顧問服務業；J202010 產業育成業；J601010 藝文服務業；ZZ99999 除許可業務外，得經營法令非禁止或限制之業務,臺北市,變更,11505
90206658,諾吉克國際股份有限公司,臺北市大安區忠孝東路4段197號13樓,李中平,5000000,111/03/28,115/05/07,特殊補正,F203010 食品什貨、飲料零售業；F204110 布疋、衣著、鞋、帽、傘、服飾品零售業；F205040 家具、寢具、廚房器具、裝設品零售業；F206020 日常用品零售業；F208040 化粧品零售業；F209060 文教、樂器、育樂用品零售業；F210010 鐘錶零售業；F399040 無店面零售業；F401010 國際貿易業；F501060 餐館業,臺北市,變更,11505
90206691,諾斯克國際股份有限公司,臺北市中山區長春路24號1樓,李中平,5000000,111/03/28,115/05/11,特殊補正,F203010 食品什貨、飲料零售業；F204110 布疋、衣著、鞋、帽、傘、服飾品零售業；F205040 家具、寢具、廚房器具、裝設品零售業；F206020 日常用品零售業；F208040 化粧品零售業；F209060 文教、樂器、育樂用品零售業；F210010 鐘錶零售業；F399040 無店面零售業；F401010 國際貿易業；I103060 管理顧問業,臺北市,變更,11505
90209178,英屬開曼群島商宏太股份有限公司,臺北市中山區中山北路二段46號10樓,黃愛玲,41000000,111/04/25,115/05/20,本公司董事及其他負責人變更,F102040 飲料批發業；F102170 食品什貨批發業；F104110 布疋、衣著、鞋、帽、傘、服飾品批發業；F105050 家具、寢具、廚房器具、裝設品批發業；F106020 日常用品批發業；F108040 化粧品批發業；F113020 電器批發業；F203010 食品什貨、飲料零售業；F204110 布疋、衣著、鞋、帽、傘、服飾品零售業；F205040 家具、寢具、廚房器具、裝設品零售業,臺北市,變更,11505
90209206,新加坡商新明和亞洲有限公司,臺北市松山區南京東路五段188號7樓之2,施錦煌,5500000,111/04/21,115/05/12,補繳規費,E604010 機械安裝業；F113010 機械批發業；F213080 機械器具零售業；E601020 電器安裝業；F401010 國際貿易業；I599990 其他設計業；I199990 其他顧問服務業；CA02010 金屬結構及建築組件製造業；CD01060 航空器及其零件製造業；CA01020 鋼鐵軋延及擠型業,臺北市,變更,11505
90210132,彩視界隱形眼鏡有限公司,臺北市中山區復興北路58號10樓,余其峰,100000,111/04/08,115/05/05,公司所營事業變更修正章程,I401010 一般廣告服務業；I301010 資訊軟體服務業；I301020 資料處理服務業；I301030 電子資訊供應服務業；F108031 醫療器材批發業；F208031 醫療器材零售業；I199990 其他顧問服務業；ZZ99999 除許可業務外，得經營法令非禁止或限制之業務；F102170 食品什貨批發業；F401010 國際貿易業,臺北市,變更,11505
90210442,好窩管理顧問股份有限公司,臺北市大同區民權西路268號3樓之5,江長泰,3000000,111/04/11,115/05/21,公司所營事業變更修正章程,H701010 住宅及大樓開發租售業；H701020 工業廠房開發租售業；H701040 特定專業區開發業；H701050 投資興建公共建設業；H701060 新市鎮、新社區開發業；H701070 區段徵收及市地重劃代辦業；H701080 都市更新重建業；H703100 不動產租賃業；H703090 不動產買賣業；H706011 租賃住宅代管業,臺北市,變更,11505
90215973,詠翰實業有限公司,臺北市士林區中山北路5段516號6樓,謝宗翰,2000000,111/03/21,115/05/05,特殊補正,F107200 化學原料批發業；F199010 回收物料批發業；F401010 國際貿易業；F115010 首飾及貴金屬批發業；F215010 首飾及貴金屬零售業；H201010 一般投資業；ZZ99999 除許可業務外，得經營法令非禁止或限制之業務,臺北市,變更,11505
90222616,市場異象顧問有限公司,臺北市大安區復興南路1段352號2樓,楊至中,2500000,111/04/29,115/05/26,增資,I401010 一般廣告服務業；J304010 圖書出版業；J305010 有聲出版業；F118010 資訊軟體批發業；F218010 資訊軟體零售業；F109070 文教、樂器、育樂用品批發業；F399040 無店面零售業；F401010 國際貿易業；J303010 雜誌（期刊）出版業；J399010 軟體出版業,臺北市,變更,11505
90222664,獷作有限公司,臺北市大安區新生南路1段141之1號,葉韋廷,500000,111/05/02,115/05/14,特殊補正,F114030 汽、機車零件配備批發業；F214030 汽、機車零件配備零售業；F104110 布疋、衣著、鞋、帽、傘、服飾品批發業；F204110 布疋、衣著、鞋、帽、傘、服飾品零售業；F106020 日常用品批發業；F206020 日常用品零售業；F114020 機車批發業；F214020 機車零售業；F114050 車胎批發業；F214050 車胎零售業,臺北市,變更,11505
90223024,飲朋國際餐飲有限公司,臺北市內湖區瑞光路268號10樓,嚴唯寧,7100000,111/05/02,115/05/18,特殊補正,F401010 國際貿易業；F501030 飲料店業；F501060 餐館業；I103060 管理顧問業；J604010 聲音錄製及音樂發行業；J603010 音樂展演空間業；J602010 演藝活動業；J601010 藝文服務業；ZZ99999 除許可業務外，得經營法令非禁止或限制之業務,臺北市,變更,11505
90230812,康源基因科技股份有限公司,臺北市中山區南京東路2段216號8樓,董冠言,195240,111/05/05,115/05/25,特殊補正,IG01010 生物技術服務業；IG02010 研究發展服務業；I199990 其他顧問服務業；I301020 資料處理服務業；F401010 國際貿易業；HZ99990 其他金融、保險及不動產業,臺北市,變更,11505
90231143,香印永續股份有限公司,臺北市信義區松高路1號10樓之1,林麗珍,53000000,111/05/06,115/05/18,增資(資本總額),A101020 農作物栽培業；A101030 特用作物栽培業；A101040 食用菌菇類栽培業；A101050 花卉栽培業；A102020 農產品整理業；A102050 作物栽培服務業；A102080 園藝服務業；A199990 其他農業；A201030 特殊林木經營業；A299990 其他林業,臺北市,變更,11505
90243507,肆意生技股份有限公司,臺北市中正區館前路2號12樓,黃冠中,2445000,111/03/23,115/05/25,特殊補正,F102170 食品什貨批發業；F121010 食品添加物批發業；F199990 其他批發業；F203010 食品什貨、飲料零售業；F221010 食品添加物零售業；F399040 無店面零售業；F399990 其他綜合零售業；F401010 國際貿易業；JB01010 會議及展覽服務業；ZZ99999 除許可業務外，得經營法令非禁止或限制之業務,臺北市,變更,11505
90244153,其特人力派遣股份有限公司,臺北市信義區松德路161號7樓之1,謝梓揚,800000,111/03/24,115/05/13,增資(資本總額),F104110 布疋、衣著、鞋、帽、傘、服飾品批發業；F203020 菸酒零售業；F401010 國際貿易業；G799990 其他運輸輔助業；G801010 倉儲業；H703100 不動產租賃業；I102010 一般投資顧問業；I103060 管理顧問業；IZ06010 理貨包裝業；IZ12010 人力派遣業,臺北市,變更,11505
90245266,宣榮能源股份有限公司,臺北市松山區民生東路4段54號8樓之14,高英隆,155000000,111/03/25,115/05/28,增資(資本總額),F113020 電器批發業；F213010 電器零售業；F113110 電池批發業；F119010 電子材料批發業；F113070 電信器材批發業；F107990 其他化學製品批發業；F113010 機械批發業；F106010 五金批發業；IG03010 能源技術服務業；I103060 管理顧問業,臺北市,變更,11505
90254320,達沃斯資本投資股份有限公司,臺北市大安區安和路1段27號15樓,陳威華,80000000,110/12/10,115/05/06,特殊補正,H201010 一般投資業；H202010 創業投資業；H703090 不動產買賣業；H703100 不動產租賃業；HZ02020 辦理金融機構金錢債權之評價或拍賣業務；I103060 管理顧問業；I301030 電子資訊供應服務業；JE01010 租賃業；ZZ99999 除許可業務外，得經營法令非禁止或限制之業務,臺北市,變更,11505
90254969,荷琇國際有限公司,臺北市信義區基隆路1段432號9樓之6,吳定恆,10000000,110/12/14,115/05/04,特殊補正,F401010 國際貿易業；F102170 食品什貨批發業；F203010 食品什貨、飲料零售業；F102030 菸酒批發業；F203020 菸酒零售業；F114030 汽、機車零件配備批發業；F214030 汽、機車零件配備零售業；F106020 日常用品批發業；F206020 日常用品零售業；F108040 化粧品批發業,臺北市,變更,11505
90255067,松格人文志業股份有限公司,臺北市中山區復興北路60號10樓之4,羅浩然,3200000,110/12/14,115/05/26,特殊補正,A102080 園藝服務業；F203010 食品什貨、飲料零售業；F204110 布疋、衣著、鞋、帽、傘、服飾品零售業；F206010 五金零售業；F206020 日常用品零售業；F208040 化粧品零售業；F209060 文教、樂器、育樂用品零售業；F215010 首飾及貴金屬零售業；F215020 礦石零售業；F399040 無店面零售業,臺北市,變更,11505
90257902,飛揚綠能開發有限公司,臺北市大同區民族西路251號1樓,賴意雯,100000,111/04/14,115/05/27,特殊補正,I102010 一般投資顧問業；I103060 管理顧問業；I199990 其他顧問服務業；I301010 資訊軟體服務業；I301030 電子資訊供應服務業；IG02010 研究發展服務業；IG03010 能源技術服務業；E605010 電腦設備安裝業；E607010 太陽熱能設備安裝工程業；E606010 用電設備檢驗維護業,臺北市,變更,11505
90258114,漢鴻願建設股份有限公司,臺北市中山區松江路101號7樓,侯秉奇,115000000,111/04/14,115/05/12,特殊補正,H701010 住宅及大樓開發租售業；H701020 工業廠房開發租售業；H701040 特定專業區開發業；H701060 新市鎮、新社區開發業；H701080 都市更新重建業；H701090 都市更新整建維護業；H703100 不動產租賃業；ZZ99999 除許可業務外，得經營法令非禁止或限制之業務,臺北市,變更,11505
90258389,時刻娛樂有限公司,臺北市大同區民權西路136號9樓之14,潘信維,1000000,111/04/18,115/05/21,特殊補正,F104110 布疋、衣著、鞋、帽、傘、服飾品批發業；F204110 布疋、衣著、鞋、帽、傘、服飾品零售業；F109070 文教、樂器、育樂用品批發業；F209060 文教、樂器、育樂用品零售業；F399040 無店面零售業；F601010 智慧財產權業；I301020 資料處理服務業；I301030 電子資訊供應服務業；F401010 國際貿易業；I501010 產品設計業,臺北市,變更,11505
90265662,好味來餐飲有限公司,臺北市松山區東興路7號及9號1樓,林政宏,5000000,111/04/18,115/05/21,特殊補正,C199030 即食餐食製造業；F101130 蔬果批發業；F102020 食用油脂批發業；F102040 飲料批發業；F102170 食品什貨批發業；F113010 機械批發業；F113020 電器批發業；F121010 食品添加物批發業；F203020 菸酒零售業；F206020 日常用品零售業,臺北市,變更,11505
90266228,倫米有限公司,臺北市大安區復興南路1段352號2樓,吳秉倫,100000,111/04/19,115/05/19,特殊補正,I401010 一般廣告服務業；J404010 動畫影片製作業；F102040 飲料批發業；F102170 食品什貨批發業；F203010 食品什貨、飲料零售業；F105050 家具、寢具、廚房器具、裝設品批發業；F205040 家具、寢具、廚房器具、裝設品零售業；F106020 日常用品批發業；F206020 日常用品零售業；F109070 文教、樂器、育樂用品批發業,臺北市,變更,11505
90266260,拓荒數碼科技股份有限公司,臺北市大安區敦化南路2段38號4樓之1,陳鵬宇,207280200,111/04/19,115/05/15,補繳規費,I301010 資訊軟體服務業；I301020 資料處理服務業；I301030 電子資訊供應服務業；F399040 無店面零售業；I401010 一般廣告服務業；I103060 管理顧問業；I199990 其他顧問服務業；F399990 其他綜合零售業；F299990 其他零售業；J799990 其他休閒服務業,臺北市,變更,11505
90266732,毛毛月股份有限公司,臺北市松山區市民大道4段213號1樓,黃翊書,5600000,111/04/21,115/05/11,特殊補正,F203010 食品什貨、飲料零售業；F203020 菸酒零售業；F203030 酒精零售業；F401010 國際貿易業；F501050 飲酒店業；F501060 餐館業；I101090 食品顧問業；I102010 一般投資顧問業；I103060 管理顧問業；I301030 電子資訊供應服務業,臺北市,變更,11505
90266992,凱孟科技有限公司,臺北市信義區基隆路1段186號5樓之6,陳致君,1000000,111/04/21,115/05/29,特殊補正,F119010 電子材料批發業；F219010 電子材料零售業；F113020 電器批發業；F213010 電器零售業；F113050 電腦及事務性機器設備批發業；F213030 電腦及事務性機器設備零售業；F399040 無店面零售業；F401010 國際貿易業；ZZ99999 除許可業務外，得經營法令非禁止或限制之業務；I301010 資訊軟體服務業,臺北市,變更,11505
90269294,再出發有限公司,臺北市大同區南京西路57號3樓,吳盈憲,2000000,111/07/29,115/05/21,特殊補正,F203010 食品什貨、飲料零售業；F206020 日常用品零售業；ZZ99999 除許可業務外，得經營法令非禁止或限制之業務,臺北市,變更,11505
90273494,康博思生醫科技有限公司,臺北市文山區育英街17巷5弄10號2樓,周富竹,1000000,111/06/20,115/05/26,公司所在地,F102170 食品什貨批發業；F108040 化粧品批發業；F108031 醫療器材批發業；F113020 電器批發業；F113030 精密儀器批發業；F113070 電信器材批發業；F116010 照相器材批發業；F118010 資訊軟體批發業；F208031 醫療器材零售業；F208040 化粧品零售業,臺北市,變更,11505
90273749,漢神海洋生技股份有限公司,臺北市士林區基河路350之1號1樓,王紀珮,5000000,111/06/21,115/05/21,改選董事/監察人(一人法人股東指派董事/監察人),F101050 水產品批發業；F101990 其他農、畜、水產品批發業；F102170 食品什貨批發業；F201030 水產品零售業；F201990 其他農畜水產品零售業；F203010 食品什貨、飲料零售業；F399990 其他綜合零售業；C199030 即食餐食製造業；C103050 罐頭、冷凍、脫水及醃漬食品製造業；F401010 國際貿易業,臺北市,變更,11505
90276577,我愛禪股份有限公司,臺北市中正區杭州南路1段15之1號5樓,房美華,8000000,111/08/02,115/05/05,特殊補正,F118010 資訊軟體批發業；F218010 資訊軟體零售業；F399040 無店面零售業；F401010 國際貿易業；I301010 資訊軟體服務業；I301020 資料處理服務業；I301030 電子資訊供應服務業；I199990 其他顧問服務業；I401010 一般廣告服務業；I501010 產品設計業,臺北市,變更,11505
90276669,佳文投資股份有限公司,臺北市中山區中山北路1段53巷28號8樓,李祥全,100000,111/08/02,115/05/22,改選董事/監察人(一人法人股東指派董事/監察人),H201010 一般投資業,臺北市,變更,11505
90276817,古斯股份有限公司,臺北市中山區南京東路3段219號9樓,丁豪,100000,111/08/04,115/05/12,特殊補正,F106020 日常用品批發業；F113050 電腦及事務性機器設備批發業；F206020 日常用品零售業；F213030 電腦及事務性機器設備零售業；F401010 國際貿易業；I103060 管理顧問業；I301010 資訊軟體服務業；I301020 資料處理服務業；I301030 電子資訊供應服務業；I401010 一般廣告服務業,臺北市,變更,11505
90277581,群辰股份有限公司,臺北市中山區南京東路3段219號9樓,周宸邑,1000000,111/08/04,115/05/21,特殊補正,D101060 再生能源自用發電設備業；E601020 電器安裝業；E603050 自動控制設備工程業；F401010 國際貿易業；H201010 一般投資業；I103060 管理顧問業；I199990 其他顧問服務業；I301010 資訊軟體服務業；I301030 電子資訊供應服務業；IG03010 能源技術服務業,臺北市,變更,11505
90284957,大川康健股份有限公司,臺北市中正區羅斯福路1段38號11樓,高嘉足,500000,111/08/08,115/05/14,特殊補正,F401010 國際貿易業；H201010 一般投資業；H202010 創業投資業；H703090 不動產買賣業；H703100 不動產租賃業；I102010 投資顧問業；I103060 管理顧問業；I199990 其他顧問服務業；ZZ99999 除許可業務外，得經營法令非禁止或限制之業務,臺北市,變更,11505
90289398,昕洲國際股份有限公司,臺北市大同區長安西路106號9樓,阮仲洲,24100000,111/03/28,115/05/18,特殊補正,I103060 管理顧問業；I301010 資訊軟體服務業；I301020 資料處理服務業；IZ12010 人力派遣業；H201010 一般投資業；ZZ99999 除許可業務外，得經營法令非禁止或限制之業務,臺北市,變更,11505
90321783,悅霖開發有限公司,臺北市大同區延平北路2段145號2樓,郭乃綸,11000000,111/08/30,115/05/14,特殊補正,A101020 農作物栽培業；A102020 農產品整理業；A102050 作物栽培服務業；C802070 農藥製造業；F201010 農產品零售業；I101070 農、林、漁、畜牧顧問業；F401010 國際貿易業；F108040 化粧品批發業；F208040 化粧品零售業；F203010 食品什貨、飲料零售業,臺北市,變更,11505
90323255,町金企業有限公司,臺北市大同區南京西路239巷14號1樓,杜泉慧,500000,111/06/22,115/05/05,特殊補正,JB01010 會議及展覽服務業；F399040 無店面零售業；F209060 文教、樂器、育樂用品零售業；I401010 一般廣告服務業；F201010 農產品零售業；F203010 食品什貨、飲料零售業；F206020 日常用品零售業；F207030 清潔用品零售業；ZZ99999 除許可業務外，得經營法令非禁止或限制之業務；F205040 家具、寢具、廚房器具、裝設品零售業,臺北市,變更,11505
90324830,和洋綠能股份有限公司,臺北市信義區忠孝東路5段68號14樓,黃良傑,300000000,111/06/22,115/05/19,特殊補正,IG03010 能源技術服務業；D401010 熱能供應業；I103060 管理顧問業；ZZ99999 除許可業務外，得經營法令非禁止或限制之業務,臺北市,變更,11505
90325628,如意生技股份有限公司,臺北市松山區復興北路231巷9號1樓,曾國亮,21000000,111/07/05,115/05/18,增資(資本總額),F108031 醫療器材批發業；F208031 醫療器材零售業；F113010 機械批發業；F113020 電器批發業；F113030 精密儀器批發業；F118010 資訊軟體批發業；F401010 國際貿易業；I301010 資訊軟體服務業；I103060 管理顧問業；IZ12010 人力派遣業,臺北市,變更,11505
90325991,晶彩娛樂有限公司,臺北市士林區後港街96號7樓,李勻伶,500000,111/07/06,115/05/13,特殊補正,J601010 藝文服務業；J602010 演藝活動業；J803010 運動表演業；JB01010 會議及展覽服務業；I401010 一般廣告服務業；J304010 圖書出版業；J305010 有聲出版業；J503010 廣播節目製作業；J503020 電視節目製作業；J503030 廣播電視節目發行業,臺北市,變更,11505
90326464,鏈客策略行銷股份有限公司,臺北市中正區公園路32號12樓,彭翊,250000,111/06/28,115/05/15,特殊補正,I401010 一般廣告服務業；F118010 資訊軟體批發業；F218010 資訊軟體零售業；F109070 文教、樂器、育樂用品批發業；F399040 無店面零售業；F401010 國際貿易業；J303010 雜誌（期刊）出版業；J399010 軟體出版業；J304010 圖書出版業；J305010 有聲出版業,臺北市,變更,11505
90326865,穩健科技股份有限公司,臺北市大安區敦化南路2段59號5樓之2,徐崇寶,40471220,111/06/28,115/05/14,特殊補正,I301010 資訊軟體服務業；I301020 資料處理服務業；I301030 電子資訊供應服務業；F399040 無店面零售業；F399990 其他綜合零售業；JZ99050 仲介服務業；ZZ99999 除許可業務外，得經營法令非禁止或限制之業務,臺北市,變更,11505
90329791,沁沁有限公司,臺北市內湖區內湖路1段66號3樓,葉宥琳,1000000,111/08/24,115/05/08,增資,F102040 飲料批發業；F102170 食品什貨批發業；F104110 布疋、衣著、鞋、帽、傘、服飾品批發業；F107030 清潔用品批發業；F108040 化粧品批發業；F203010 食品什貨、飲料零售業；F207030 清潔用品零售業；F208040 化粧品零售業；F399040 無店面零售業；F401010 國際貿易業,臺北市,變更,11505
90330185,長耀資產有限公司,臺北市中正區北平東路30號13樓,謝建國,60000000,111/08/25,115/05/21,特殊補正,F601010 智慧財產權業；H201010 一般投資業；H701010 住宅及大樓開發租售業；H701020 工業廠房開發租售業；H703090 不動產買賣業；H703100 不動產租賃業；I102010 投資顧問業；I103060 管理顧問業；I301010 資訊軟體服務業；I301020 資料處理服務業,臺北市,變更,11505
90330679,唐姬服飾有限公司,臺北市大同區長安西路45之1號3樓之2,張雅玲,1000000,111/08/26,115/05/04,特殊補正,F104110 布疋、衣著、鞋、帽、傘、服飾品批發業；F105050 家具、寢具、廚房器具、裝設品批發業；F106020 日常用品批發業；F204110 布疋、衣著、鞋、帽、傘、服飾品零售業；F205040 家具、寢具、廚房器具、裝設品零售業；F206020 日常用品零售業；F108040 化粧品批發業；F215010 首飾及貴金屬零售業；F399040 無店面零售業；F401010 國際貿易業,臺北市,變更,11505
90330729,晶恒能源股份有限公司,臺北市大安區忠孝東路4段270號2樓之1,李潤,100000,111/08/26,115/05/28,特殊補正,CC01010 發電、輸電、配電機械製造業；CC01040 照明設備製造業；CC01080 電子零組件製造業；CC01090 電池製造業；D101060 再生能源自用發電設備業；E599010 配管工程業；E601010 電器承裝業；E601020 電器安裝業；E603050 自動控制設備工程業；E605010 電腦設備安裝業,臺北市,變更,11505
90330761,伊玖國際股份有限公司,臺北市大安區忠孝東路4段300號5樓,,1000000,111/08/29,115/05/28,特殊補正,J602010 演藝活動業；F401010 國際貿易業；F204110 布疋、衣著、鞋、帽、傘、服飾品零售業；F203010 食品什貨、飲料零售業；ZZ99999 除許可業務外，得經營法令非禁止或限制之業務,臺北市,變更,11505
90330973,三域開發股份有限公司,臺北市中正區忠孝西路1段66號21樓,久一康洋,100100000,111/08/30,115/05/11,票據兌現/他機關函復/補正,H701010 住宅及大樓開發租售業；H701020 工業廠房開發租售業；H701040 特定專業區開發業；H701050 投資興建公共建設業；H701060 新市鎮、新社區開發業；H701070 區段徵收及市地重劃代辦業；H701080 都市更新重建業；H702010 建築經理業；H703090 不動產買賣業；H703100 不動產租賃業,臺北市,變更,11505
90333985,威果農業股份有限公司,臺北市信義區忠孝東路5段1之7號7樓,李厚寬,1159850,111/06/30,115/05/20,特殊補正,A199990 其他農業；F101130 蔬果批發業；F401010 國際貿易業；H703090 不動產買賣業；H703100 不動產租賃業；I101070 農、林、漁、畜牧顧問業；I199990 其他顧問服務業；I301010 資訊軟體服務業；I301020 資料處理服務業；I301030 電子資訊供應服務業,臺北市,變更,11505
90334555,星顏生物科技有限公司,臺北市文山區辛亥路4段128之1號1樓,黃依伊,1000000,111/07/01,115/05/22,董事/股東更名,F113030 精密儀器批發業；F213040 精密儀器零售業；F113050 電腦及事務性機器設備批發業；F213030 電腦及事務性機器設備零售業；F118010 資訊軟體批發業；F218010 資訊軟體零售業；F601010 智慧財產權業；F401010 國際貿易業；I301010 資訊軟體服務業；I301020 資料處理服務業,臺北市,變更,11505
90337130,英商瓦沙克媒體有限公司,臺北市大同區民生西路236號2樓,米安傑,0,111/07/29,115/05/04,辦事處所在地變更,,臺北市,變更,11505
90337687,星期安有限公司,臺北市萬華區大理街132之7號,陳宏奕,1000000,111/08/01,115/05/21,公司所在地,F399040 無店面零售業；F209060 文教、樂器、育樂用品零售業；F109070 文教、樂器、育樂用品批發業；I401010 一般廣告服務業；F106020 日常用品批發業；F206020 日常用品零售業；F104110 布疋、衣著、鞋、帽、傘、服飾品批發業；F204110 布疋、衣著、鞋、帽、傘、服飾品零售業；F105050 家具、寢具、廚房器具、裝設品批發業；F205040 家具、寢具、廚房器具、裝設品零售業,臺北市,變更,11505
90338102,愛鈺科技有限公司,臺北市中山區松江路101號4樓之2,蔡依容,10500000,111/09/01,115/05/13,特殊補正,I103060 管理顧問業；I199990 其他顧問服務業；JZ99050 仲介服務業；F401010 國際貿易業；F113020 電器批發業；F213010 電器零售業；F113010 機械批發業；F213080 機械器具零售業；F119010 電子材料批發業；F219010 電子材料零售業,臺北市,變更,11505
90344028,延電智能股份有限公司,臺北市中山區南京東路3段201號9樓,張鶴騰,6100000,111/06/29,115/05/05,發行新股,I101070 農、林、漁、畜牧顧問業；A199990 其他農業；A302020 漁業服務業；CC01030 電器及視聽電子產品製造業；CC01040 照明設備製造業；CC01080 電子零組件製造業；CC01110 電腦及其週邊設備製造業；CC01990 其他電機及電子機械器材製造業；E601010 電器承裝業；E601020 電器安裝業,臺北市,變更,11505
90349564,艾草美人股份有限公司,臺北市大安區忠孝東路4段319號6樓之1,陳玲萱,1000000,111/07/14,115/05/04,特殊補正,F208040 化粧品零售業；F207030 清潔用品零售業；F401010 國際貿易業；I103060 管理顧問業；J303010 雜誌（期刊）出版業；J304010 圖書出版業；J305010 有聲出版業；J601010 藝文服務業；J602010 演藝活動業；F206020 日常用品零售業,臺北市,變更,11505
90349874,秝芙策略有限公司,臺北市中山區南京東路2段160號6號,林筱薇,1100000,111/07/15,115/05/13,特殊補正,J305010 有聲出版業；J603010 音樂展演空間業；J601010 藝文服務業；J202010 產業育成業；J602010 演藝活動業；J803010 運動表演業；JB01010 會議及展覽服務業；F299990 其他零售業；J803020 運動比賽業；IZ06010 理貨包裝業,臺北市,變更,11505
90350273,安曜科技股份有限公司,臺北市大安區敦化南路2段105號14樓,連建欽,50000000,111/07/18,115/05/14,改派董事/監察人,E605010 電腦設備安裝業；F118010 資訊軟體批發業；F213030 電腦及事務性機器設備零售業；F218010 資訊軟體零售業；F399040 無店面零售業；F401010 國際貿易業；F601010 智慧財產權業；I301010 資訊軟體服務業；I301020 資料處理服務業；I301030 電子資訊供應服務業,臺北市,變更,11505
90350457,輔昶科技股份有限公司,臺北市中正區寧波西街1號3樓,曾冠皓,2000000,111/07/19,115/05/26,增資(資本總額),F109070 文教、樂器、育樂用品批發業；F119010 電子材料批發業；F209060 文教、樂器、育樂用品零售業；F218010 資訊軟體零售業；F219010 電子材料零售業；I199990 其他顧問服務業；I301010 資訊軟體服務業；I301020 資料處理服務業；J202010 產業育成業；IZ12010 人力派遣業,臺北市,變更,11505
90350528,井超貿易有限公司,臺北市萬華區開封街2段57號2樓,翁銘劭,200000,111/08/12,115/05/29,特殊補正,F105050 家具、寢具、廚房器具、裝設品批發業；F106010 五金批發業；F106060 寵物食品及其用品批發業；F107030 清潔用品批發業；F107070 動物用藥品批發業；F107080 環境用藥批發業；F108040 化粧品批發業；F109070 文教、樂器、育樂用品批發業；F203010 食品什貨、飲料零售業；F207030 清潔用品零售業,臺北市,變更,11505
90355729,指舞春秋養生國際有限公司,臺北市中山區新生北路3段19巷26號1樓,張逢時,100000,111/06/23,115/05/18,分公司經理人變更,E801010 室內裝潢業；F102170 食品什貨批發業；F108040 化粧品批發業；F115010 首飾及貴金屬批發業；F203010 食品什貨、飲料零售業；F208040 化粧品零售業；F208050 乙類成藥零售業；F301010 百貨公司業；F399040 無店面零售業；F401010 國際貿易業,臺北市,變更,11505
90355896,恒如投資股份有限公司,臺北市中正區羅斯福路2段18號4樓,王偉任,29870400,111/06/27,115/05/26,改選董事/監察人(一人法人股東指派董事/監察人),H201010 一般投資業,臺北市,變更,11505
90356826,豪穎科技股份有限公司,臺北市內湖區瑞光路335號3樓,陳怡君,14497650,111/06/13,115/05/06,特殊補正,F118010 資訊軟體批發業；I301010 資訊軟體服務業；I301020 資料處理服務業；I301030 電子資訊供應服務業；IG03010 能源技術服務業；I199990 其他顧問服務業；IG02010 研究發展服務業；EZ05010 儀器、儀表安裝工程業；E603050 自動控制設備工程業；F401010 國際貿易業,臺北市,變更,11505
90357108,相鐵國際台灣股份有限公司,臺北市中正區中華路1段57號,西田尚,5000000,111/06/14,115/05/08,特殊補正,JZ99050 仲介服務業；J901020 一般旅館業；F111090 建材批發業；F205040 家具、寢具、廚房器具、裝設品零售業；F211010 建材零售業；F105050 家具、寢具、廚房器具、裝設品批發業；F401010 國際貿易業；I103060 管理顧問業；H703100 不動產租賃業；J101010 建築物清潔服務業,臺北市,變更,11505
90358417,美商科恩股份有限公司,臺北市大安區復興南路二段291號7樓之4,謝復,0,111/07/15,115/05/12,補繳規費,,臺北市,變更,11505
90363185,嘉尹資產管理有限公司,臺北市中山區松江路318號13樓,劉亞辰,10000000,111/05/26,115/05/20,特殊補正,H701010 住宅及大樓開發租售業；H703090 不動產買賣業；H703100 不動產租賃業；HZ02010 金融機構金錢債權收買業務；HZ02020 辦理金融機構金錢債權之評價或拍賣業務；I102010 投資顧問業；I103060 管理顧問業；IZ12010 人力派遣業；G202010 停車場經營業；J901020 一般旅館業,臺北市,變更,11505
90366704,奕奕健築工程股份有限公司,臺北市信義區虎林街232巷42號1樓,顧懷德,210000000,55/01/15,115/05/27,特殊補正,,臺北市,變更,11505
90367345,喆語有限公司,臺北市中山區建國北路1段33巷5號1樓,楊婷嵐,100000,111/07/21,115/05/26,特殊補正,F205040 家具、寢具、廚房器具、裝設品零售業；F401010 國際貿易業；F206020 日常用品零售業；F215010 首飾及貴金屬零售業；F399990 其他綜合零售業；ZZ99999 除許可業務外，得經營法令非禁止或限制之業務；G799990 其他運輸輔助業；JE01010 租賃業；IZ99990 其他工商服務業；I103060 管理顧問業,臺北市,變更,11505
90368415,台灣若美科技股份有限公司,臺北市南港區園區街6之10號,李厚毓,21000000,111/08/08,115/05/11,補繳規費,CA04010 表面處理業；CB01010 機械設備製造業；CC01080 電子零組件製造業；CC01110 電腦及其週邊設備製造業；CC01990 其他電機及電子機械器材製造業；CD01030 汽車及其零件製造業；CE01010 一般儀器製造業；CQ01010 模具製造業；F114030 汽、機車零件配備批發業；F106010 五金批發業,臺北市,變更,11505
90370708,威耀時代股份有限公司,臺北市中山區松江路54號7樓之1,陳虹,43831900,111/05/31,115/05/12,特殊補正,F501060 餐館業；F203010 食品什貨、飲料零售業；F501030 飲料店業；F102170 食品什貨批發業；C110010 飲料製造業；F102040 飲料批發業；I101090 食品顧問業；F102030 菸酒批發業；F102180 酒精批發業；F203020 菸酒零售業,臺北市,變更,11505
90372895,炘越共創股份有限公司,臺北市中山區松江路50號4樓,陳靖惠,13000000,111/07/07,115/05/26,特殊補正,F199990 其他批發業；F299990 其他零售業；F399990 其他綜合零售業；F399040 無店面零售業；F401010 國際貿易業；I102010 投資顧問業；I103060 管理顧問業；I199990 其他顧問服務業；I401010 一般廣告服務業；IZ15010 市場研究及民意調查業,臺北市,變更,11505
90374958,上集能源股份有限公司,臺北市內湖區成功路4段188號11樓之18,許峻瑋,30000000,111/07/26,115/05/07,修正章程,CA02010 金屬結構及建築組件製造業；CZ99990 未分類其他工業製品製造業；D101091 再生能源售電業；D401010 熱能供應業；E601020 電器安裝業；E607010 太陽熱能設備安裝工程業；E603090 照明設備安裝工程業；E606010 用電設備檢驗維護業；E604010 機械安裝業；E601010 電器承裝業,臺北市,變更,11505
90375247,築光創意股份有限公司,臺北市中正區南陽街1號5樓,李祥戎,1250000,111/07/27,115/05/07,改選董事/監察人(一人法人股東指派董事/監察人),F113070 電信器材批發業；F118010 資訊軟體批發業；F218010 資訊軟體零售業；F401010 國際貿易業；I103060 管理顧問業；I301010 資訊軟體服務業；I301020 資料處理服務業；I301030 電子資訊供應服務業；I401010 一般廣告服務業；I401020 廣告傳單分送業,臺北市,變更,11505
90375416,勤英科技股份有限公司,臺北市內湖區內湖路1段66號3樓,陳凱廷,10000000,111/07/27,115/05/18,特殊補正,I301010 資訊軟體服務業；I301020 資料處理服務業；I301030 電子資訊供應服務業；I401010 一般廣告服務業；I103060 管理顧問業；F213030 電腦及事務性機器設備零售業；F113050 電腦及事務性機器設備批發業；E605010 電腦設備安裝業；F218010 資訊軟體零售業；F118010 資訊軟體批發業,臺北市,變更,11505
90375555,租寓平台股份有限公司,臺北市信義區光復南路461號2樓,黃晧呈,10826474,111/07/27,115/05/05,特殊補正,E801010 室內裝潢業；H701010 住宅及大樓開發租售業；H703100 不動產租賃業；H704031 不動產仲介經紀業；H704041 不動產代銷經紀業；H706011 租賃住宅代管業；H706021 租賃住宅包租業；I103060 管理顧問業；I199990 其他顧問服務業；I301010 資訊軟體服務業,臺北市,變更,11505
90378005,參壹國際顧問整合行銷股份有限公司,臺北市士林區德行東路65號1樓,沈士勛,1900000,111/08/22,115/05/22,增資(資本總額),I199990 其他顧問服務業；I301010 資訊軟體服務業；I301020 資料處理服務業；I301030 電子資訊供應服務業；I401010 一般廣告服務業；F118010 資訊軟體批發業；F218010 資訊軟體零售業；F399040 無店面零售業；F399990 其他綜合零售業；F401010 國際貿易業,臺北市,變更,11505
90379790,靜安健康股份有限公司,臺北市松山區南京東路4段186號6樓之6,孫維欣,45900000,111/06/09,115/05/28,特殊補正,JH01011 居家式服務業；JH02011 日間照顧服務業；IZ12010 人力派遣業；JZ99050 仲介服務業；I103060 管理顧問業；H703110 老人住宅業；F399040 無店面零售業；F401010 國際貿易業；H201010 一般投資業；H202010 創業投資業,臺北市,變更,11505
90386315,森崎有限公司,臺北市萬華區貴陽街2段51號3樓,柯宗堯,3000000,111/08/29,115/05/27,股東出資轉讓修正章程,F109070 文教、樂器、育樂用品批發業；F113050 電腦及事務性機器設備批發業；F102180 酒精批發業；F203030 酒精零售業；F208050 乙類成藥零售業；F106010 五金批發業；F106020 日常用品批發業；F107030 清潔用品批發業；F107190 塑膠膜、袋批發業；F105050 家具、寢具、廚房器具、裝設品批發業,臺北市,變更,11505
90388952,台灣卓博思有限公司,臺北市信義區松智路1號11樓,Lisa Heffron Youel,250000,111/03/29,115/05/05,法人股東指(改)派代表人為董事,I301020 資料處理服務業；ZZ99999 除許可業務外，得經營法令非禁止或限制之業務,臺北市,變更,11505
90388995,言形創意整合行銷有限公司,臺北市中山區南京東路2段111號6樓,溫榮献,3000000,111/03/29,115/05/21,特殊補正,I301010 資訊軟體服務業；I301030 電子資訊供應服務業；I401010 一般廣告服務業；I501010 產品設計業；F401010 國際貿易業；ZZ99999 除許可業務外，得經營法令非禁止或限制之業務,臺北市,變更,11505
90389538,橙宸管理顧問股份有限公司,臺北市信義區基隆路1段141號10樓之7,陳浩倫,2000000,111/03/30,115/05/19,公司所在地,H703100 不動產租賃業；JE01010 租賃業；I103060 管理顧問業；E801010 室內裝潢業；I503010 景觀、室內設計業；I102010 投資顧問業；I401010 一般廣告服務業；IZ12010 人力派遣業；H202010 創業投資業；H703090 不動產買賣業,臺北市,變更,11505
90390916,樂頤生技股份有限公司,臺北市大同區長安西路106號9樓,徐淑芬,1000000,111/03/31,115/05/19,特殊補正,H201010 一般投資業；H202010 創業投資業；IG01010 生物技術服務業；IG02010 研究發展服務業；ZZ99999 除許可業務外，得經營法令非禁止或限制之業務,臺北市,變更,11505
90392724,卓越維運股份有限公司,臺北市中正區忠孝西路1段80號16樓,Motoki Horikoshi (堀越基希),800000,111/07/08,115/05/05,特殊補正,CC01010 發電、輸電、配電機械製造業；CC01080 電子零組件製造業；CB01010 機械設備製造業；D101060 再生能源自用發電設備業；E601010 電器承裝業；E601020 電器安裝業；E607010 太陽熱能設備安裝工程業；F401010 國際貿易業；I103060 管理顧問業；E606010 用電設備檢驗維護業,臺北市,變更,11505
90393189,富裕智慧國際有限公司,臺北市萬華區康定路103號15樓之9,周籽伶,3000000,111/07/08,115/05/27,減資,F102040 飲料批發業；F102170 食品什貨批發業；F106020 日常用品批發業；F107990 其他化學製品批發業；F108040 化粧品批發業；F109070 文教、樂器、育樂用品批發業；F113020 電器批發業；F113030 精密儀器批發業；F115010 首飾及貴金屬批發業；F118010 資訊軟體批發業,臺北市,變更,11505
90411052,和順興管理顧問股份有限公司,臺北市南港區經貿二路168號21樓,陳允進,40000000,110/10/12,115/05/11,董事(常務董事.董事長)/監察人解任,H201010 一般投資業；H202010 創業投資業；I102010 投資顧問業；I103060 管理顧問業；ZZ99999 除許可業務外，得經營法令非禁止或限制之業務,臺北市,變更,11505
90412566,新加坡商紅點股份有限公司,臺北市中山區南京東路二段101號12樓,"THAM LISHENG,LIONEL",2000000,110/10/29,115/05/26,本公司董事及其他負責人變更,I103060 管理顧問業；I301010 資訊軟體服務業；I301020 資料處理服務業；I301030 電子資訊供應服務業；I401010 一般廣告服務業；IZ13010 網路認證服務業；IZ99990 其他工商服務業；JD01010 工商徵信服務業；F113050 電腦及事務性機器設備批發業；F118010 資訊軟體批發業,臺北市,變更,11505
90417675,日商詩國秋田股份有限公司,臺北市松山區民生東路3段156號7樓之3,高嶋年彌,1500000,110/09/02,115/05/11,在中華民國所營事業增加登記,F102170 食品什貨批發業；F106020 日常用品批發業；F108040 化粧品批發業；F401010 國際貿易業；F401171 酒類輸入業；A102060 糧商業；F101050 水產品批發業；F101990 其他農、畜、水產品批發業；F201030 水產品零售業；F201990 其他農畜水產品零售業,臺北市,變更,11505
90424465,日商傑富意工程技術股份有限公司,臺北市中山區中山北路二段96號7樓,服部伸也,5000000,110/09/08,115/05/22,本公司董事及其他負責人變更,CA02010 金屬結構及建築組件製造業；CA02060 金屬容器製造業；CB01010 機械設備製造業；CB01030 污染防治設備製造業；CB01990 其他機械製造業；CC01010 發電、輸電、配電機械製造業；E599010 配管工程業；E601010 電器承裝業；E603010 電纜安裝工程業；E604010 機械安裝業,臺北市,變更,11505
90428960,慧築營建科技股份有限公司,臺北市中正區杭州北路26號14樓,黃慧仁,286055000,110/10/18,115/05/11,特殊補正,E101011 綜合營造業；E401010 疏濬業；E402010 沙石、淤泥海拋業；E599010 配管工程業；E601010 電器承裝業；E603050 自動控制設備工程業；E603080 交通號誌安裝工程業；E603090 照明設備安裝工程業；E604010 機械安裝業；E605010 電腦設備安裝業,臺北市,變更,11505
90430396,好事室內裝修工程有限公司,臺北市中正區廈門街117之1號,呂巧芸,7000000,110/10/25,115/05/19,特殊補正,E601020 電器安裝業；E801010 室內裝潢業；E801060 室內裝修業；E801070 廚具、衛浴設備安裝工程業；E901010 油漆工程業；E801020 門窗安裝工程業；E801030 室內輕鋼架工程業；E801040 玻璃安裝工程業；EZ99990 其他工程業；E603090 照明設備安裝工程業,臺北市,變更,11505
90431183,全銳室內裝修工程有限公司,臺北市松山區基隆路1段10號10樓之1,高宇蓁,6000000,110/11/08,115/05/08,股東出資轉讓修正章程,E599010 配管工程業；E601010 電器承裝業；E601020 電器安裝業；E603040 消防安全設備安裝工程業；E603090 照明設備安裝工程業；E603130 燃氣熱水器承裝業；E801010 室內裝潢業；E801020 門窗安裝工程業；E801030 室內輕鋼架工程業；E801040 玻璃安裝工程業,臺北市,變更,11505
90435907,元邑建築股份有限公司,臺北市中山區建國北路2段66號3樓之2,吳厚毅,30000000,110/09/17,115/05/19,特殊補正,H201010 一般投資業；H701010 住宅及大樓開發租售業；H701020 工業廠房開發租售業；H701040 特定專業區開發業；H701050 投資興建公共建設業；H701060 新市鎮、新社區開發業；H701070 區段徵收及市地重劃代辦業；H701080 都市更新重建業；H701090 都市更新整建維護業；H703090 不動產買賣業,臺北市,變更,11505
90436666,海天離岸工程股份有限公司,臺北市中山區長安東路1段23號8樓之1,鍾裕民,31500000,110/10/04,115/05/07,特殊補正,E401010 疏濬業；E402010 沙石、淤泥海拋業；E603010 電纜安裝工程業；E603050 自動控制設備工程業；E604010 機械安裝業；EZ99990 其他工程業；F214060 船舶及其零件零售業；F401010 國際貿易業；G302010 小船經營業；G403010 船舶出租業,臺北市,變更,11505
90436808,木日生有限公司,臺北市信義區基隆路2段189號15樓之3,周昕宜,529250,110/10/05,115/05/27,公司所營事業變更修正章程,F102040 飲料批發業；F102170 食品什貨批發業；F203010 食品什貨、飲料零售業；F206020 日常用品零售業；F399040 無店面零售業；F401010 國際貿易業；I101090 食品顧問業；I103060 管理顧問業；I199990 其他顧問服務業；I301010 資訊軟體服務業,臺北市,變更,11505
90437095,瑞淏國際股份有限公司,臺北市信義區莊敬路325巷60號3樓,劉怡茹,20000000,110/10/05,115/05/25,增資,F105050 家具、寢具、廚房器具、裝設品批發業；F106010 五金批發業；F106020 日常用品批發業；F106030 模具批發業；F111090 建材批發業；F113010 機械批發業；F113020 電器批發業；F113030 精密儀器批發業；F113050 電腦及事務性機器設備批發業；F113110 電池批發業,臺北市,變更,11505
90441915,雲沛科技股份有限公司,臺北市大同區承德路2段81號13樓之1,謝國東,100000000,110/09/11,115/05/21,特殊補正,CC01080 電子零組件製造業；CC01110 電腦及其週邊設備製造業；CC01120 資料儲存媒體製造及複製業；C805010 塑膠皮、布、板、管材製造業；CB01010 機械設備製造業；CB01990 其他機械製造業；CC01040 照明設備製造業；F107010 漆料、塗料批發業；F107020 染料、顏料批發業；F107050 肥料批發業,臺北市,變更,11505
90442695,脈拓創意行銷股份有限公司,臺北市士林區社正路23號2樓,滑翌軒,2000000,110/09/14,115/05/20,改選董事/監察人(一人法人股東指派董事/監察人),C701010 印刷業；C703010 印刷品裝訂及加工業；F601010 智慧財產權業；I103060 管理顧問業；I105010 藝術品諮詢顧問業；I199990 其他顧問服務業；I401010 一般廣告服務業；I401020 廣告傳單分送業；I501010 產品設計業；I599990 其他設計業,臺北市,變更,11505
90442956,全日一號光電股份有限公司,臺北市內湖區瑞光路583巷23號4樓,楊碧玟,10100000,110/09/14,115/05/26,特殊補正,CC01010 發電、輸電、配電機械製造業；D101050 汽電共生業；D101060 再生能源自用發電設備業；D401010 熱能供應業；I102010 投資顧問業；I103060 管理顧問業；IG03010 能源技術服務業；I199990 其他顧問服務業；ZZ99999 除許可業務外，得經營法令非禁止或限制之業務；A101020 農作物栽培業,臺北市,變更,11505
90442978,全日光電股份有限公司,臺北市內湖區瑞光路583巷23號4樓,楊碧玟,11500000,110/09/14,115/05/27,特殊補正,CC01010 發電、輸電、配電機械製造業；D101050 汽電共生業；D101060 再生能源自用發電設備業；D401010 熱能供應業；F401010 國際貿易業；H201010 一般投資業；H202010 創業投資業；I102010 一般投資顧問業；I103060 管理顧問業；IG03010 能源技術服務業,臺北市,變更,11505
90443152,皇均股份有限公司,臺北市松山區南京東路4段75號7樓,陳妤鎔,100000000,110/09/15,115/05/29,發行新股,C306010 成衣業；EZ99990 其他工程業；F102030 菸酒批發業；F102180 酒精批發業；F112040 石油製品批發業；F113010 機械批發業；F115010 首飾及貴金屬批發業；F119010 電子材料批發業；F201070 花卉零售業；F203020 菸酒零售業,臺北市,變更,11505
90443245,豐貽食品股份有限公司,臺北市松山區南京東路4段133巷5弄14號1樓,林玉貽,3000000,110/09/15,115/05/21,董事/監察人持股變動報備,F102170 食品什貨批發業；F203010 食品什貨、飲料零售業；F401010 國際貿易業；I101090 食品顧問業；I199990 其他顧問服務業；F206020 日常用品零售業；F207030 清潔用品零售業；F208040 化粧品零售業；F501030 飲料店業；F501060 餐館業,臺北市,變更,11505
90447930,創曦資訊科技股份有限公司,臺北市大安區復興南路2段237號13樓,陳正倫,73000000,110/11/23,115/05/15,特殊補正,G903010 電信事業；I103060 管理顧問業；I199990 其他顧問服務業；I301010 資訊軟體服務業；I301020 資料處理服務業；I301030 電子資訊供應服務業；IE01010 電信業務門號代辦業；IG02010 研究發展服務業；IG03010 能源技術服務業；IZ09010 管理系統驗證業,臺北市,變更,11505
90453290,海崛國際有限公司,臺北市大安區信義路3段150號地下室,黃愛慧,1500000,110/10/13,115/05/22,申登機關變更（遷入，含卷）,H201010 一般投資業；H202010 創業投資業；F102030 菸酒批發業；F203020 菸酒零售業；F102040 飲料批發業；F202010 飼料零售業；I199990 其他顧問服務業；H703100 不動產租賃業；H703090 不動產買賣業；JE01010 租賃業,臺北市,變更,11505
90463683,旺得富投資有限公司,臺北市大同區承德路1段17號10樓之8,許凱琳,17900000,110/10/25,115/05/27,特殊補正,H201010 一般投資業,臺北市,變更,11505
90465649,芃朋智能科技股份有限公司,臺北市中山區錦州街46號9樓之3,林庭宇,10050000,110/11/23,115/05/28,特殊補正,F399040 無店面零售業；F401010 國際貿易業；I103060 管理顧問業；I102010 一般投資顧問業；I199990 其他顧問服務業；I301010 資訊軟體服務業；I301020 資料處理服務業；I301030 電子資訊供應服務業；IZ12010 人力派遣業；IZ99990 其他工商服務業,臺北市,變更,11505
90467127,鈦飛科創股份有限公司,臺北市大同區承德路2段81號8樓之2,張迺豪,8000000,110/11/16,115/05/18,改選董事/監察人(一人法人股東指派董事/監察人),I301010 資訊軟體服務業；I301020 資料處理服務業；I301030 電子資訊供應服務業；J399010 軟體出版業；F118010 資訊軟體批發業；F218010 資訊軟體零售業；F119010 電子材料批發業；F219010 電子材料零售業；F113070 電信器材批發業；F213060 電信器材零售業,臺北市,變更,11505
90468462,臺灣投緣第二品牌股份有限公司,臺北市大安區忠孝東路4段300號5樓,潘俊宏,3955991,110/09/06,115/05/15,特殊補正,H201010 一般投資業；ZZ99999 除許可業務外，得經營法令非禁止或限制之業務,臺北市,變更,11505
90468575,海天股份有限公司,臺北市中山區長安東路1段23號8樓之1,鍾裕民,40000000,110/09/07,115/05/06,特殊補正,H201010 一般投資業；H701050 投資興建公共建設業；HZ99990 其他金融、保險及不動產業；F401010 國際貿易業；I103060 管理顧問業；I102010 投資顧問業；IZ99990 其他工商服務業；ZZ99999 除許可業務外，得經營法令非禁止或限制之業務,臺北市,變更,11505
90474859,澔亞興業有限公司,臺北市萬華區中華路1段106號8樓,李明鴻,500000,110/11/18,115/05/12,特殊補正,D101060 再生能源自用發電設備業；F101990 其他農、畜、水產品批發業；F201990 其他農畜水產品零售業；F206010 五金零售業；F213010 電器零售業；F219010 電子材料零售業；F401010 國際貿易業；E601010 電器承裝業；E606010 用電設備檢驗維護業；H201010 一般投資業,臺北市,變更,11505
90475267,紅豆你股份有限公司,臺北市信義區忠孝東路5段510號18樓之3,楊佳燊,12000000,110/11/18,115/05/07,特殊補正,F102170 食品什貨批發業；F104110 布疋、衣著、鞋、帽、傘、服飾品批發業；F106020 日常用品批發業；F108040 化粧品批發業；F121010 食品添加物批發業；F203010 食品什貨、飲料零售業；F204110 布疋、衣著、鞋、帽、傘、服飾品零售業；F206020 日常用品零售業；F208040 化粧品零售業；F221010 食品添加物零售業,臺北市,變更,11505
90480634,快快到物流有限公司,臺北市中山區復興北路164號4樓,梁仲華,18000000,110/11/09,115/05/29,董事/股東證照變更,IZ06010 理貨包裝業；G801010 倉儲業；I301030 電子資訊供應服務業；IZ12010 人力派遣業；F501060 餐館業；F501030 飲料店業；H201010 一般投資業；F102170 食品什貨批發業；F203010 食品什貨、飲料零售業,臺北市,變更,11505
90480803,沐鑫媒體股份有限公司,臺北市信義區基隆路1段101巷28號5樓,蔡妤涵,6941000,110/11/09,115/05/27,發行新股,F113070 電信器材批發業；F118010 資訊軟體批發業；F213010 電器零售業；F113020 電器批發業；F213060 電信器材零售業；F218010 資訊軟體零售業；F401010 國際貿易業；JA01990 其他汽車服務業；F399990 其他綜合零售業；I301010 資訊軟體服務業,臺北市,變更,11505
90481140,基隆嶼聯合船務有限公司,臺北市中山區錦州街32號2樓,張安畇,1200000,110/11/11,115/05/04,董事/股東更名,A301040 娛樂漁業；A302020 漁業服務業；A399990 其他漁業；I101070 農、林、漁、畜牧顧問業；I103060 管理顧問業；F203010 食品什貨、飲料零售業；J701080 水域遊憩活動經營業；J799990 其他休閒服務業；JZ99990 未分類其他服務業；ZZ99999 除許可業務外，得經營法令非禁止或限制之業務,臺北市,變更,11505
90483506,橙光再生能源股份有限公司,臺北市中正區忠孝西路1段80號15樓,Hendrik Rudolph Bohne,245209020,110/09/01,115/05/05,改選董事/監察人(一人法人股東指派董事/監察人),ZZ99999 除許可業務外，得經營法令非禁止或限制之業務；I103060 管理顧問業；IG03010 能源技術服務業；D101060 再生能源自用發電設備業；F401010 國際貿易業；F199990 其他批發業；D101011 發電業,臺北市,變更,11505
90483999,森林甜點股份有限公司,臺北市信義區福德街300巷2號1樓,王韻怡,10000000,110/09/02,115/05/18,特殊補正,C104010 糖果製造業；C104020 烘焙炊蒸食品製造業；F102040 飲料批發業；F102050 茶葉批發業；F102170 食品什貨批發業；F203010 食品什貨、飲料零售業；F399040 無店面零售業；F401010 國際貿易業；F501030 飲料店業；F501990 其他餐飲業,臺北市,變更,11505
90484110,哲序有限公司,臺北市中山區撫順街33號2樓之1,張哲綸,1000000,110/09/03,115/05/05,特殊補正,E599010 配管工程業；E605010 電腦設備安裝業；E701040 簡易電信設備安裝業；EZ05010 儀器、儀表安裝工程業；F113050 電腦及事務性機器設備批發業；F113070 電信器材批發業；F118010 資訊軟體批發業；F119010 電子材料批發業；F213030 電腦及事務性機器設備零售業；F213060 電信器材零售業,臺北市,變更,11505
90488018,和勁企業股份有限公司,臺北市內湖區瑞光路605號10樓,陳建州,3255316020,110/10/26,115/05/15,發行新股,D101050 汽電共生業；D101060 再生能源自用發電設備業；D401010 熱能供應業；E601010 電器承裝業；E601020 電器安裝業；E603040 消防安全設備安裝工程業；E603050 自動控制設備工程業；E604010 機械安裝業；E605010 電腦設備安裝業；E606010 用電設備檢驗維護業,臺北市,變更,11505
90492998,靚遠設計有限公司,臺北市大同區民權西路136號13樓之11,鄧又翔,1000000,110/08/25,115/05/14,特殊補正,JB01010 會議及展覽服務業；I301010 資訊軟體服務業；I301020 資料處理服務業；I301030 電子資訊供應服務業；I501010 產品設計業；I599990 其他設計業；IZ99990 其他工商服務業；F118010 資訊軟體批發業；F218010 資訊軟體零售業；F401010 國際貿易業,臺北市,變更,11505
90501785,禾花素食股份有限公司,臺北市中山區天祥路48巷6之1號1樓、8號1樓,張銘龍,16000000,110/11/02,115/05/12,特殊補正,F501060 餐館業；F501030 飲料店業；F203010 食品什貨、飲料零售業；ZZ99999 除許可業務外，得經營法令非禁止或限制之業務,臺北市,變更,11505
90509549,五和裝飾股份有限公司,臺北市松山區復興北路417號1樓,葉永蓁,1000000,110/11/03,115/05/06,公司印鑑變更,E801010 室內裝潢業；E801030 室內輕鋼架工程業；EZ15010 保溫、保冷安裝工程業；E801040 玻璃安裝工程業；E801070 廚具、衛浴設備安裝工程業；E901010 油漆工程業；E603050 自動控制設備工程業；E603010 電纜安裝工程業；E601010 電器承裝業；E601020 電器安裝業,臺北市,變更,11505
90511138,馥森敘事規劃股份有限公司,臺北市松山區八德路3段2號6樓之1,吳玲玲,24000000,110/11/08,115/05/26,特殊補正,J601010 藝文服務業；J602010 演藝活動業；J701040 休閒活動場館業；J901020 一般旅館業；JZ99080 美容美髮服務業；I102010 投資顧問業；I103060 管理顧問業；F203010 食品什貨、飲料零售業；F203020 菸酒零售業；F401010 國際貿易業,臺北市,變更,11505
90511427,果宇全球演出事業股份有限公司,臺北市大安區敦化南路1段233巷20號4樓,范姜奇秀,38500000,110/09/02,115/05/19,增資(資本總額),I105010 藝術品諮詢顧問業；I199990 其他顧問服務業；J303010 雜誌（期刊）出版業；J305010 有聲出版業；J602010 演藝活動業；JB01010 會議及展覽服務業；ZZ99999 除許可業務外，得經營法令非禁止或限制之業務,臺北市,變更,11505
90512087,品佳建設有限公司,臺北市大安區通化街28巷6號,王成維,13000000,110/09/03,115/05/14,票據兌現/他機關函復/補正,H701010 住宅及大樓開發租售業；H701020 工業廠房開發租售業；H701060 新市鎮、新社區開發業；H701090 都市更新整建維護業；H701070 區段徵收及市地重劃代辦業；H703090 不動產買賣業；H703100 不動產租賃業；G202010 停車場經營業；F111090 建材批發業；I401010 一般廣告服務業,臺北市,變更,11505
90514368,英屬開曼群島商廣仁電科有限公司,臺北市內湖區陽光街300號8樓,湯逸安,250000000,110/10/22,115/05/28,一般補正案,F113050 電腦及事務性機器設備批發業(限中華民國行業標準分類4641電腦及其週邊設備、軟體批發業及4644辦公用機械器具批發業)。；F119010 電子材料批發業(限中華民國行業標準分類4642電子備及其零組件批發業)。；F401010 國際貿易業(限所登記營業項目對應之輸出入業)。；CC01080 電子零組件製造業(限中華民國行業標準分類2612分離式元件製造業、2620被動電子元件製造業、2630印刷電路板製造業、2649其他光電材料及元件製造業、2691印刷電路板組件製造業及2699未分類其他電子零組件製造業)。；CC01110 電腦及其週邊設備製造業(限中華民國行業標準分類2711電腦製造業、2712顯示器及終端機製造業及2719其他電腦週邊設備製造業)。；CE01010 一般儀器製造業(限中華民國行業標準分類2751量測、導航及控制設備製造業及2760輻射及電子醫學設備製造業)。,臺北市,變更,11505
90515922,台灣岡村食品貿易股份有限公司,臺北市中山區中山北路2段112號2樓之5,康孟凱,105000000,110/10/27,115/05/05,特殊補正,F101050 水產品批發業；F102170 食品什貨批發業；F401010 國際貿易業；C103050 罐頭、冷凍、脫水及醃漬食品製造業；ZZ99999 除許可業務外，得經營法令非禁止或限制之業務,臺北市,變更,11505
90516611,紅安企業有限公司,臺北市士林區中山北路5段811巷29號2樓,劉絲燕,1000000,110/10/13,115/05/11,特殊補正,F113070 電信器材批發業；F203010 食品什貨、飲料零售業；F206020 日常用品零售業；F213030 電腦及事務性機器設備零售業；F213060 電信器材零售業；F213110 電池零售業；F218010 資訊軟體零售業；F219010 電子材料零售業；F399040 無店面零售業；I301010 資訊軟體服務業,臺北市,變更,11505
90516817,森呼吸醫療用品有限公司,臺北市大安區敦化南路2段164號10樓之1,徐元梣,500000,110/10/13,115/05/20,股東出資轉讓修正章程,F102170 食品什貨批發業；F203010 食品什貨、飲料零售業；F108031 醫療器材批發業；F208031 醫療器材零售業；F106020 日常用品批發業；F206020 日常用品零售業；F107200 化學原料批發業；F207200 化學原料零售業；F113020 電器批發業；F213010 電器零售業,臺北市,變更,11505
90517415,安嵐股份有限公司,臺北市中山區錦州街5號6樓之2,邱凡華,2300000,110/10/15,115/05/04,特殊補正,I103060 管理顧問業；I401010 一般廣告服務業；IZ12010 人力派遣業；I501010 產品設計業；F399040 無店面零售業；F203010 食品什貨、飲料零售業；F206020 日常用品零售業；ZZ99999 除許可業務外，得經營法令非禁止或限制之業務,臺北市,變更,11505
90530923,富佳揚投資股份有限公司,臺北市士林區承德路4段354號10摟,鄭世君,16180000,110/05/20,115/05/18,改選董事/監察人(一人法人股東指派董事/監察人),H201010 一般投資業；ZZ99999 除許可業務外，得經營法令非禁止或限制之業務,臺北市,變更,11505
90531211,即美生醫股份有限公司,臺北市中正區開封街1段40號4樓,許家豪,5300000,110/05/20,115/05/11,增資(資本總額),F106020 日常用品批發業；F107020 染料、顏料批發業；F107030 清潔用品批發業；F108040 化粧品批發業；F207030 清潔用品零售業；F208040 化粧品零售業；F399040 無店面零售業；F401010 國際貿易業；I103060 管理顧問業；I501010 產品設計業,臺北市,變更,11505
90531253,美業網路行銷有限公司,臺北市中山區復興北路48號10樓之1,,200000,110/05/21,115/05/29,特殊補正,F399040 無店面零售業；I301030 電子資訊供應服務業；J202010 產業育成業；I199990 其他顧問服務業；ZZ99999 除許可業務外，得經營法令非禁止或限制之業務,臺北市,變更,11505
90531492,跳動活力有限公司,臺北市北投區中央南路2段32號4樓,暢達,100000,110/05/24,115/05/11,公司所在地,F106020 日常用品批發業；F106050 陶瓷玻璃器皿批發業；F401010 國際貿易業；CO01010 餐具製造業；ZZ99999 除許可業務外，得經營法令非禁止或限制之業務,臺北市,變更,11505
90537334,華潤創業投資有限公司,臺北市中山區植福路193號10樓,張佑華,10000000,110/08/26,115/05/21,公司所在地,F401010 國際貿易業；H201010 一般投資業；H202010 創業投資業；H701010 住宅及大樓開發租售業；H703090 不動產買賣業；H703100 不動產租賃業；I102010 一般投資顧問業；I103060 管理顧問業；I199990 其他顧問服務業；ZZ99999 除許可業務外，得經營法令非禁止或限制之業務,臺北市,變更,11505
90538262,光華能源股份有限公司,臺北市中山區復興北路48號3樓,黃世賢,10000000,110/08/30,115/05/08,特殊補正,CC01010 發電、輸電、配電機械製造業；D101060 再生能源自用發電設備業；E605010 電腦設備安裝業；E606010 用電設備檢驗維護業；E607010 太陽熱能設備安裝工程業；I102010 投資顧問業；I103060 管理顧問業；I199990 其他顧問服務業；IG03010 能源技術服務業；ZZ99999 除許可業務外，得經營法令非禁止或限制之業務,臺北市,變更,11505
90538328,共生居間有限公司,臺北市信義區祥雲街13號之1地下,朱俊勵,1500000,110/08/30,115/05/20,董事/股東證照變更,E601010 電器承裝業；E603090 照明設備安裝工程業；E801010 室內裝潢業；EZ99990 其他工程業；F111090 建材批發業；F113020 電器批發業；F120010 耐火材料批發業；F205040 家具、寢具、廚房器具、裝設品零售業；F206020 日常用品零售業；F220010 耐火材料零售業,臺北市,變更,11505
90538679,臺企銀管理顧問股份有限公司,臺北市大同區塔城街30號11樓,欒家瑞,50000000,110/08/30,115/05/15,董事(常務董事.董事長)/監察人解任,H201010 一般投資業；H202010 創業投資業；I102010 投資顧問業；I103060 管理顧問業；ZZ99999 除許可業務外，得經營法令非禁止或限制之業務,臺北市,變更,11505
90543011,台灣博利世資本有限公司,臺北市信義區信義路4段415號12樓,Jason Sheng Chang,500000,110/10/20,115/05/04,特殊補正,I102010 一般投資顧問業；I103060 管理顧問業；I199990 其他顧問服務業；ZZ99999 除許可業務外，得經營法令非禁止或限制之業務,臺北市,變更,11505
90544406,曜上投資股份有限公司,臺北市中正區新生南路1段50號10樓,江佳純,25200000,110/10/21,115/05/28,特殊補正,H201010 一般投資業,臺北市,變更,11505
90544948,棋大投資股份有限公司,臺北市中正區新生南路1段50號10樓,江佳純,25200000,110/10/22,115/05/28,特殊補正,H201010 一般投資業,臺北市,變更,11505
90547065,開展洛城股份有限公司,臺北市大安區敦化南路2段77號17樓,邱泰翰,3000000,111/02/16,115/05/21,特殊補正,I103060 管理顧問業；H201010 一般投資業；F203010 食品什貨、飲料零售業；F203020 菸酒零售業；F203030 酒精零售業；F204110 布疋、衣著、鞋、帽、傘、服飾品零售業；F205040 家具、寢具、廚房器具、裝設品零售業；F206020 日常用品零售業；F401010 國際貿易業；F501030 飲料店業,臺北市,變更,11505
90547826,達豐工程顧問有限公司,臺北市中正區忠孝西路1段33號7摟,趙樂文,6000000,111/02/18,115/05/18,特殊補正,F106020 日常用品批發業；F206020 日常用品零售業；F105050 家具、寢具、廚房器具、裝設品批發業；F205040 家具、寢具、廚房器具、裝設品零售業；I501010 產品設計業；I103060 管理顧問業；I199990 其他顧問服務業,臺北市,變更,11505
90548206,大於投資有限公司,臺北市中山區明水路602號5樓,甘詩賢,6000000,111/02/21,115/05/05,股東出資轉讓修正章程,H201010 一般投資業；H701010 住宅及大樓開發租售業；H701020 工業廠房開發租售業；H701050 投資興建公共建設業；H701060 新市鎮、新社區開發業；H701070 區段徵收及市地重劃代辦業；H701090 都市更新整建維護業；H702010 建築經理業；H703090 不動產買賣業；H703100 不動產租賃業,臺北市,變更,11505
90550743,美味韓食有限公司,臺北市大同區南京西路25巷18之6號2樓,戴瑞廷,2000000,110/12/23,115/05/26,改推董事/董事長,F501060 餐館業；F501030 飲料店業；F203010 食品什貨、飲料零售業；F203020 菸酒零售業；F401010 國際貿易業,臺北市,變更,11505
90550928,巨冠大海洋股份有限公司,臺北市信義區忠孝東路5段68號23樓,吳兆誠,42000000,110/12/23,115/05/27,特殊補正,E402010 沙石、淤泥海拋業；E603010 電纜安裝工程業；E604010 機械安裝業；EZ02010 起重工程業；EZ07010 鑽孔工程業；F401010 國際貿易業；G403010 船舶出租業；G702010 船舶勞務承攬業；G799990 其他運輸輔助業；I103060 管理顧問業,臺北市,變更,11505
90551074,藝橋藝術股份有限公司,臺北市松山區復興北路201號4樓之1,張家華,2788830,110/12/24,115/05/20,改選董事/監察人(一人法人股東指派董事/監察人),I301010 資訊軟體服務業；I301020 資料處理服務業；I301030 電子資訊供應服務業；I103060 管理顧問業；I105010 藝術品諮詢顧問業；I401010 一般廣告服務業；I501010 產品設計業；J601010 藝文服務業；IZ13010 網路認證服務業；JZ99050 仲介服務業,臺北市,變更,11505
90551378,安德普翰台灣股份有限公司,臺北市信義區信義路4段460號18樓,Leanne Chin Su Yin,500000,110/12/27,115/05/27,改選董事/監察人(一人法人股東指派董事/監察人),I103060 管理顧問業；I301010 資訊軟體服務業；I301020 資料處理服務業；I301030 電子資訊供應服務業；I301040 第三方支付服務業；IZ99990 其他工商服務業；ZZ99999 除許可業務外，得經營法令非禁止或限制之業務,臺北市,變更,11505
90551980,台灣維昇藥業有限公司,臺北市中山區民生東路3段2號7樓,林柏佑,65000000,110/12/28,115/05/18,特殊補正,F108021 西藥批發業；F208021 西藥零售業；F108031 醫療器材批發業；F208031 醫療器材零售業；F401010 國際貿易業；F102170 食品什貨批發業；F203010 食品什貨、飲料零售業；ZZ99999 除許可業務外，得經營法令非禁止或限制之業務,臺北市,變更,11505
90553431,東山能源股份有限公司,臺北市信義區松仁路89號17樓,Clay Patrick Kinney,500000,111/01/21,115/05/15,特殊補正,D101060 再生能源自用發電設備業；E599010 配管工程業；E601010 電器承裝業；E601020 電器安裝業；E603050 自動控制設備工程業；E606010 用電設備檢驗維護業；E607010 太陽熱能設備安裝工程業；EZ99990 其他工程業；IG03010 能源技術服務業；ZZ99999 除許可業務外，得經營法令非禁止或限制之業務,臺北市,變更,11505
90554810,丞億設計有限公司,臺北市信義區市民大道6段250號6樓,凌國軒,100000,111/02/21,115/05/11,特殊補正,H703100 不動產租賃業；H703090 不動產買賣業；H701010 住宅及大樓開發租售業；E801010 室內裝潢業；F108040 化粧品批發業；F401010 國際貿易業；I199990 其他顧問服務業；JZ99080 美容美髮服務業；JZ99990 未分類其他服務業；E601010 電器承裝業,臺北市,變更,11505
90571873,東緹企業有限公司,臺北市內湖區東湖路11號3樓,陳柏瑞,500000,111/01/26,115/05/25,改推董事/董事長,A102060 糧商業；C199990 未分類其他食品製造業；F101040 家畜家禽批發業；F101050 水產品批發業；F101130 蔬果批發業；F102020 食用油脂批發業；F102170 食品什貨批發業；F103010 飼料批發業；F106020 日常用品批發業；F107050 肥料批發業,臺北市,變更,11505
90574549,青定土也有限公司,臺北市中正區忠孝東路2段122號11樓,白宗益,2000000,110/12/07,115/05/22,特殊補正,I102010 一般投資顧問業；I105010 藝術品諮詢顧問業；I199990 其他顧問服務業；ZZ99999 除許可業務外，得經營法令非禁止或限制之業務；H703100 不動產租賃業；JE01010 租賃業；F401010 國際貿易業；H706011 租賃住宅代管業；H706021 租賃住宅包租業,臺北市,變更,11505
90587164,睿科金融科技有限公司,臺北市信義區忠孝東路5段1之7號7樓,蔡孟凌,5000000,111/01/19,115/05/07,補繳規費,E605010 電腦設備安裝業；E701010 電信工程業；F113030 精密儀器批發業；F113050 電腦及事務性機器設備批發業；F113070 電信器材批發業；F118010 資訊軟體批發業；F213030 電腦及事務性機器設備零售業；F213040 精密儀器零售業；F213060 電信器材零售業；F218010 資訊軟體零售業,臺北市,變更,11505
90588261,聿品良鋪有限公司,臺北市內湖區內湖路1段737巷61弄3號,侯慧玉,500000,111/01/21,115/05/26,股東出資轉讓修正章程,F399040 無店面零售業；I501010 產品設計業；I401010 一般廣告服務業；F102170 食品什貨批發業；F203010 食品什貨、飲料零售業；F401010 國際貿易業；F104110 布疋、衣著、鞋、帽、傘、服飾品批發業；F106020 日常用品批發業；F109070 文教、樂器、育樂用品批發業；F113020 電器批發業,臺北市,變更,11505
90597212,儷晉投資股份有限公司,臺北市中山區松江路122號11樓,王奕翔,5880000,111/02/11,115/05/11,改選董事/監察人(一人法人股東指派董事/監察人),H201010 一般投資業；H202010 創業投資業；H701010 住宅及大樓開發租售業；H703110 老人住宅業；HZ99990 其他金融、保險及不動產業；J901020 一般旅館業；JZ99990 未分類其他服務業；ZZ99999 除許可業務外，得經營法令非禁止或限制之業務,臺北市,變更,11505
90597297,睡到飽有限公司,臺北市中山區新生北路3段16號9樓之1,蘇楷文,1000000,111/02/11,115/05/04,特殊補正,F101130 蔬果批發業；F102040 飲料批發業；F102170 食品什貨批發業；F104110 布疋、衣著、鞋、帽、傘、服飾品批發業；F105050 家具、寢具、廚房器具、裝設品批發業；F106010 五金批發業；F106020 日常用品批發業；F106050 陶瓷玻璃器皿批發業；F106060 寵物食品及其用品批發業；F107030 清潔用品批發業,臺北市,變更,11505
90602566,準時下班品牌顧問有限公司,臺北市中山區南京東路2段140號4樓,林朝儀,150000,110/12/29,115/05/06,特殊補正,I103060 管理顧問業；I401010 一般廣告服務業；IZ15010 市場研究及民意調查業；JB01010 會議及展覽服務業；J601010 藝文服務業；JZ99030 攝影業；J404010 動畫影片製作業；J404050 電影特效製作業；I199990 其他顧問服務業；ZZ99999 除許可業務外，得經營法令非禁止或限制之業務,臺北市,變更,11505
90603474,勝耀電子股份有限公司,臺北市松山區復興北路1號13樓之7,周敬勇,5000000,111/01/03,115/05/04,公司所在地,CC01060 有線通信機械器材製造業；CC01070 無線通信機械器材製造業；CC01080 電子零組件製造業；CC01990 其他電機及電子機械器材製造業；F113070 電信器材批發業；F119010 電子材料批發業；F213060 電信器材零售業；F219010 電子材料零售業；F401010 國際貿易業；F601010 智慧財產權業,臺北市,變更,11505
90603777,集聯餐飲有限公司,臺北市松山區南京東路5段1號7樓,何文富,6000000,111/01/03,115/05/22,特殊補正,F501060 餐館業,臺北市,變更,11505
90606388,奧星台灣有限公司,臺北市中山區南京東路3段1號4樓,徐璇Xu Xuan,42000000,111/02/23,115/05/29,特殊補正,I103060 管理顧問業；F401010 國際貿易業；E604010 機械安裝業；F113030 精密儀器批發業；F113010 機械批發業；F113990 其他機械器具批發業；F213040 精密儀器零售業；F213080 機械器具零售業；F213990 其他機械器具零售業；I199990 其他顧問服務業,臺北市,變更,11505
90607838,豐邑能源開發有限公司,臺北市士林區承德路4段246號3樓,李環英,200000,111/03/01,115/05/25,特殊補正,I102010 一般投資顧問業；I103060 管理顧問業；I199990 其他顧問服務業；I301010 資訊軟體服務業；I301030 電子資訊供應服務業；IG02010 研究發展服務業；IG03010 能源技術服務業；E605010 電腦設備安裝業；E607010 太陽熱能設備安裝工程業；E606010 用電設備檢驗維護業,臺北市,變更,11505
90610539,青望科技有限公司,臺北市松山區復興北路57號2樓之1,,1500000,111/01/04,115/05/19,解散,F104110 布疋、衣著、鞋、帽、傘、服飾品批發業；F118010 資訊軟體批發業；F119010 電子材料批發業；I101110 紡織顧問業；I301030 電子資訊供應服務業；ZZ99999 除許可業務外，得經營法令非禁止或限制之業務,臺北市,變更,11505
90611143,富聿資本股份有限公司,臺北市南港區忠孝東路7段508號4樓,歐朝銓,400000000,111/01/06,115/05/22,改選董事/監察人(一人法人股東指派董事/監察人),H201010 一般投資業；I102010 投資顧問業；IZ99990 其他工商服務業；I199990 其他顧問服務業；ZZ99999 除許可業務外，得經營法令非禁止或限制之業務,臺北市,變更,11505
90611761,萬星科技股份有限公司,臺北市松山區民生東路3段128號7樓之2,葉旭昇,40000000,111/01/07,115/05/20,特殊補正,CC01080 電子零組件製造業；E605010 電腦設備安裝業；F102170 食品什貨批發業；F104110 布疋、衣著、鞋、帽、傘、服飾品批發業；F106020 日常用品批發業；F106050 陶瓷玻璃器皿批發業；F108040 化粧品批發業；F113020 電器批發業；F113030 精密儀器批發業；F113050 電腦及事務性機器設備批發業,臺北市,變更,11505
90612298,不二制研室內裝修有限公司,臺北市大同區重慶北路2段72號3樓,李尚勲,100000,111/01/11,115/05/06,特殊補正,E801010 室內裝潢業；E801060 室內裝修業；E801020 門窗安裝工程業；E801030 室內輕鋼架工程業；E801040 玻璃安裝工程業；E801070 廚具、衛浴設備安裝工程業；E901010 油漆工程業；E903010 防蝕、防銹工程業；F105050 家具、寢具、廚房器具、裝設品批發業；F106010 五金批發業,臺北市,變更,11505
90615204,博智科技股份有限公司,臺北市大安區仁愛路4段37之31號3樓,張瑋蒂,300000,111/03/03,115/05/12,公司所在地,F106030 模具批發業；F113010 機械批發業；F113020 電器批發業；F113030 精密儀器批發業；F113050 電腦及事務性機器設備批發業；F118010 資訊軟體批發業；F119010 電子材料批發業；F206010 五金零售業；F206030 模具零售業；F213010 電器零售業,臺北市,變更,11505
90619476,質達康股份有限公司,臺北市中山區民權東路2段26號3樓之2,蔡鉑盛,1000000,111/01/12,115/05/14,特殊補正,IG01010 生物技術服務業；IG02010 研究發展服務業；IG03010 能源技術服務業；F401010 國際貿易業；EZ13010 核子工程業；I301020 資料處理服務業；I103060 管理顧問業；E604010 機械安裝業；F208031 醫療器材零售業；F108031 醫療器材批發業,臺北市,變更,11505
90623485,艾瑪瑪有限公司,臺北市信義區光復南路415號2樓,陳怡君,360000,111/03/09,115/05/13,特殊補正,H706011 租賃住宅代管業；I301030 電子資訊供應服務業；J101010 建築物清潔服務業；F205040 家具、寢具、廚房器具、裝設品零售業；F211010 建材零售業；H706021 租賃住宅包租業；H701010 住宅及大樓開發租售業；H703100 不動產租賃業；E801020 門窗安裝工程業；E901010 油漆工程業,臺北市,變更,11505
90624061,三石而立有限公司,臺北市松山區復興南路1段43號10樓,金治磊,50000,111/03/10,115/05/11,公司所在地,J401010 電影片製作業；J402010 電影片發行業；J403010 電影片映演業；J404010 動畫影片製作業；J404020 提供設備及場地供電影片拍攝業；J404030 電影沖印業；J404040 電影錄音業；J404050 電影特效製作業；J503010 廣播節目製作業；J503020 電視節目製作業,臺北市,變更,11505
90633478,台灣奧雅納工程顧問有限公司,臺北市信義區松高路1號4樓之1,陳彥強,35000000,110/12/22,115/05/26,特殊補正,E502010 燃料導管安裝工程業；E599010 配管工程業；E603010 電纜安裝工程業；E603020 電梯安裝工程業；E603040 消防安全設備安裝工程業；E603050 自動控制設備工程業；E603090 照明設備安裝工程業；E801030 室內輕鋼架工程業；E801040 玻璃安裝工程業；E801070 廚具、衛浴設備安裝工程業,臺北市,變更,11505
90633792,日天國際資產管理股份有限公司,臺北市中山區南京西路1號5樓之1,吳明浩,58900000,110/12/22,115/05/22,公司所在地,H201010 一般投資業；H202010 創業投資業；H703100 不動產租賃業；H703090 不動產買賣業；I103060 管理顧問業；I102010 投資顧問業；I199990 其他顧問服務業；ZZ99999 除許可業務外，得經營法令非禁止或限制之業務,臺北市,變更,11505
90633961,詠約投資有限公司,臺北市中正區濟南路2段22之1號1樓,李愛蓮,25000000,110/12/23,115/05/04,股東出資轉讓修正章程,H201010 一般投資業；ZZ99999 除許可業務外，得經營法令非禁止或限制之業務,臺北市,變更,11505
90641929,源伶企業股份有限公司,臺北市信義區莊敬路369號1樓,郭昱伶,28000000,110/12/20,115/05/15,特殊補正,F104110 布疋、衣著、鞋、帽、傘、服飾品批發業；F101050 水產品批發業；F102030 菸酒批發業；F102040 飲料批發業；F102170 食品什貨批發業；F106010 五金批發業；F106020 日常用品批發業；F108040 化粧品批發業；F111090 建材批發業；F115010 首飾及貴金屬批發業,臺北市,變更,11505
90646924,三重置業地產股份有限公司,臺北市大安區敦化南路2段218號2樓,林清樑,2780000000,110/11/29,115/05/07,改派董事/監察人,H701010 住宅及大樓開發租售業；H701020 工業廠房開發租售業；H701040 特定專業區開發業；H701050 投資興建公共建設業；H701060 新市鎮、新社區開發業；H701070 區段徵收及市地重劃代辦業；H701080 都市更新重建業；H701090 都市更新整建維護業；H702010 建築經理業；H703090 不動產買賣業,臺北市,變更,11505
90647022,繆台灣工作室有限公司,臺北市中正區忠孝東路2段14號2樓,Andrew Oliver Michael Ballantyne畢安狄,500000,110/11/29,115/05/11,特殊補正,I501010 產品設計業；I503010 景觀、室內設計業；I599990 其他設計業；I199990 其他顧問服務業；ZZ99999 除許可業務外，得經營法令非禁止或限制之業務,臺北市,變更,11505
90647825,承仰投資有限公司,臺北市中正區濟南路2段22之1號1樓,傅清權,25000000,110/12/01,115/05/12,股東出資轉讓修正章程,H201010 一般投資業；H202010 創業投資業；H703090 不動產買賣業；ZZ99999 除許可業務外，得經營法令非禁止或限制之業務,臺北市,變更,11505
90648492,九大旅行社有限公司,臺北市內湖區內湖路1段411巷87號2樓,張長傑,1200000,110/12/03,115/05/07,特殊補正,J902011 旅行業,臺北市,變更,11505
90655388,上上瑜伽有限公司,臺北市大同區華陰街99號2樓,張迪嘉,6000000,110/12/06,115/05/20,補繳規費,F204110 布疋、衣著、鞋、帽、傘、服飾品零售業；F209060 文教、樂器、育樂用品零售業；J802010 運動訓練業；F399040 無店面零售業；F104110 布疋、衣著、鞋、帽、傘、服飾品批發業；F109070 文教、樂器、育樂用品批發業；IZ12010 人力派遣業,臺北市,變更,11505
90655893,量宇生技股份有限公司,臺北市士林區中山北路7段220巷4之1號5樓,林文彬,5000000,110/12/07,115/05/04,特殊補正,F107200 化學原料批發業；F207200 化學原料零售業；F207990 其他化學製品零售業；IG03010 能源技術服務業；E601010 電器承裝業；F119010 電子材料批發業；F219010 電子材料零售業；D101060 再生能源自用發電設備業；E607010 太陽熱能設備安裝工程業；F401010 國際貿易業,臺北市,變更,11505
90656422,威旭數據科技股份有限公司,臺北市中山區南京東路3段63號8樓,張希寧,235632060,110/12/08,115/05/25,特殊補正,F106010 五金批發業；F109070 文教、樂器、育樂用品批發業；F113020 電器批發業；F113050 電腦及事務性機器設備批發業；F113070 電信器材批發業；F118010 資訊軟體批發業；F206010 五金零售業；F209060 文教、樂器、育樂用品零售業；F213030 電腦及事務性機器設備零售業；F213060 電信器材零售業,臺北市,變更,11505
90657040,合眾綠能股份有限公司,臺北市松山區光復南路65號11樓,顏志光,36966000,110/12/10,115/05/11,董事(常務董事.董事長)/監察人解任,D101060 再生能源自用發電設備業；E607010 太陽熱能設備安裝工程業；CC01010 發電、輸電、配電機械製造業；IG03010 能源技術服務業；I102010 投資顧問業；I103060 管理顧問業；I199990 其他顧問服務業；F401010 國際貿易業；JE01010 租賃業；JZ99050 仲介服務業,臺北市,變更,11505
90664598,信篤家族辦公室股份有限公司,臺北市信義區松隆路245號2樓,鄧媛元,10000000,110/09/27,115/05/07,特殊補正,I103060 管理顧問業；I102010 投資顧問業；IZ99990 其他工商服務業；F199990 其他批發業；F299990 其他零售業；F399990 其他綜合零售業；IZ09010 管理系統驗證業；F401010 國際貿易業；F601010 智慧財產權業；J303010 雜誌（期刊）出版業,臺北市,變更,11505
90665148,米希企業有限公司,臺北市信義區基隆路1段141號2樓,林上筑,500000,110/09/28,115/05/20,特殊補正,F102040 飲料批發業；F102170 食品什貨批發業；F104110 布疋、衣著、鞋、帽、傘、服飾品批發業；F105050 家具、寢具、廚房器具、裝設品批發業；F106020 日常用品批發業；F107030 清潔用品批發業；F108040 化粧品批發業；F118010 資訊軟體批發業；F203010 食品什貨、飲料零售業；F204110 布疋、衣著、鞋、帽、傘、服飾品零售業,臺北市,變更,11505
90668047,達特艾立股份有限公司,臺北市萬華區桂林路224巷13號1樓,張瑜芹,5000000,111/01/25,115/05/13,發行新股,C703010 印刷品裝訂及加工業；F104110 布疋、衣著、鞋、帽、傘、服飾品批發業；F105050 家具、寢具、廚房器具、裝設品批發業；F106020 日常用品批發業；F108040 化粧品批發業；F109070 文教、樂器、育樂用品批發業；F110010 鐘錶批發業；F110020 眼鏡批發業；F113050 電腦及事務性機器設備批發業；F115010 首飾及貴金屬批發業,臺北市,變更,11505
90668264,馬雅花台灣旅行社股份有限公司,臺北市中山區南京東路2段20號4樓,Chin Ten Hoy陳天海,45000000,111/01/25,115/05/05,改選董事/監察人(一人法人股東指派董事/監察人),J902011 旅行業,臺北市,變更,11505
90668551,富揚不動產開發有限公司,臺北市大安區忠孝東路4段162號12樓之3,吳貞誼,40000000,111/01/27,115/05/27,增資,H701010 住宅及大樓開發租售業；H701020 工業廠房開發租售業；H701050 投資興建公共建設業；H701060 新市鎮、新社區開發業；H701070 區段徵收及市地重劃代辦業；H701090 都市更新整建維護業；H702010 建築經理業；H703090 不動產買賣業；H703100 不動產租賃業；H703110 老人住宅業,臺北市,變更,11505
90669377,英屬維京群島商亞頎有限公司,臺北市內湖區洲子街181號6樓,辛培奇,5000000,111/01/27,115/05/19,在中華民國境內負責人姓名、護照號碼、國籍變更登記,I501010 產品設計業；I301010 資訊軟體服務業；I301020 資料處理服務業；I301030 電子資訊供應服務業；F114040 自行車及其零件批發業；F214040 自行車及其零件零售業；F401010 國際貿易業；F102170 食品什貨批發業；F203010 食品什貨、飲料零售業；F102030 菸酒批發業,臺北市,變更,11505
90675461,和碩聯合行銷有限公司,臺北市北投區北投路2段11號5樓之3,謝孟諴,2000000,111/01/05,115/05/07,申登機關變更（遷入，含卷）,I401010 一般廣告服務業；I501010 產品設計業；I599990 其他設計業；I503010 景觀、室內設計業；I103060 管理顧問業；F401010 國際貿易業；E801010 室內裝潢業；E801070 廚具、衛浴設備安裝工程業；IZ99990 其他工商服務業；F118010 資訊軟體批發業,臺北市,變更,11505
90680014,賦能港科技股份有限公司,臺北市大安區信義路4段170號3樓,陳朔晏,48489560,110/02/26,115/05/26,公司所在地,I301010 資訊軟體服務業；I501010 產品設計業；F401010 國際貿易業；F601010 智慧財產權業；ZZ99999 除許可業務外，得經營法令非禁止或限制之業務；I301020 資料處理服務業；I301030 電子資訊供應服務業；I401010 一般廣告服務業,臺北市,變更,11505
90680302,銓鑫國際美容有限公司,臺北市中山區遼寧街76巷6之3號1樓,侯蕾安,410000,110/02/26,115/05/25,公司所在地,F107020 染料、顏料批發業；F108040 化粧品批發業；F199990 其他批發業；F113990 其他機械器具批發業；F207020 染料、顏料零售業；F208040 化粧品零售業；F213990 其他機械器具零售業；F299990 其他零售業；F401010 國際貿易業；JZ99080 美容美髮服務業,臺北市,變更,11505
90690575,澄暉生技股份有限公司,臺北市北投區承德路6段120號4樓,蔡宜君,6000000,110/03/31,115/05/07,特殊補正,F401010 國際貿易業；ZZ99999 除許可業務外，得經營法令非禁止或限制之業務；F108040 化粧品批發業；F208040 化粧品零售業；C802100 化粧品製造業；I103060 管理顧問業；IG01010 生物技術服務業,臺北市,變更,11505
90692270,樂約科技股份有限公司,臺北市中正區南陽街24號2樓,曹展維,31660000,110/03/30,115/05/18,特殊補正,D101060 再生能源自用發電設備業；F118010 資訊軟體批發業；F218010 資訊軟體零售業；F399040 無店面零售業；F601010 智慧財產權業；I103060 管理顧問業；I199990 其他顧問服務業；I301010 資訊軟體服務業；I301020 資料處理服務業；I301030 電子資訊供應服務業,臺北市,變更,11505
90699597,振業事業有限公司,臺北市信義區基隆路1段394號5樓,黃綉茹,1000000,110/02/08,115/05/21,特殊補正,H701010 住宅及大樓開發租售業；H701020 工業廠房開發租售業；H703100 不動產租賃業；H703090 不動產買賣業；I102010 投資顧問業；I103060 管理顧問業；I301010 資訊軟體服務業；I301020 資料處理服務業；I301030 電子資訊供應服務業；I401010 一般廣告服務業,臺北市,變更,11505
90709259,睿展國際股份有限公司,臺北市大安區敦化南路1段205號6樓,吳宥樺,8000000,110/05/11,115/05/29,申登機關變更（遷入，含卷）,F107190 塑膠膜、袋批發業；F213030 電腦及事務性機器設備零售業；F219010 電子材料零售業；F207190 塑膠膜、袋零售業；F399040 無店面零售業；F119010 電子材料批發業；F401010 國際貿易業；F207200 化學原料零售業；F206030 模具零售業；F213080 機械器具零售業,臺北市,變更,11505
90710880,奕智醫研顧問有限公司,臺北市松山區南京東路5段188號3樓之2,林定杰,28000000,110/03/11,115/05/06,公司所營事業變更修正章程,F108040 化粧品批發業；F208040 化粧品零售業；F208050 乙類成藥零售業；F401010 國際貿易業；F601010 智慧財產權業；I102010 投資顧問業；I103060 管理顧問業；I199990 其他顧問服務業；I501010 產品設計業；IG01010 生物技術服務業,臺北市,變更,11505
90711282,克爾豪股份有限公司,臺北市大安區忠孝東路4段300號5樓,KIM HYUN JIN,5000000,110/03/10,115/05/11,特殊補正,I301010 資訊軟體服務業；I301020 資料處理服務業；I301030 電子資訊供應服務業；I401010 一般廣告服務業；IZ13010 網路認證服務業；F218010 資訊軟體零售業；F399040 無店面零售業；F601010 智慧財產權業；F118010 資訊軟體批發業；F401010 國際貿易業,臺北市,變更,11505
90728170,英屬安吉拉商碧舍有限公司,臺北市中山區北安路554巷31號1樓,黃世忠,36000000,110/03/17,115/05/15,改派在中華民國境內負責人變更登記,H201010 一般投資業；H703090 不動產買賣業；H703100 不動產租賃業；H701010 住宅及大樓開發租售業；I103060 管理顧問業；I102010 投資顧問業；I199990 其他顧問服務業；F601010 智慧財產權業；F401010 國際貿易業；F399040 無店面零售業,臺北市,變更,11505
90744621,專注行銷有限公司,臺北市中山區松江路50號9樓,林晏廷,3000000,110/05/11,115/05/07,公司所在地,I103060 管理顧問業；I199990 其他顧問服務業；I301010 資訊軟體服務業；I301020 資料處理服務業；I301030 電子資訊供應服務業；I401010 一般廣告服務業；I401020 廣告傳單分送業；I501010 產品設計業；J802010 運動訓練業；J803010 運動表演業,臺北市,變更,11505
90746439,天鴻娛樂文創有限公司,臺北市萬華區忠孝西路2段20號3樓,黃俊豪,500000,110/03/10,115/05/11,董事/股東地址變更,F101050 水產品批發業；F101130 蔬果批發業；F101990 其他農、畜、水產品批發業；F102020 食用油脂批發業；F102030 菸酒批發業；F102040 飲料批發業；F102050 茶葉批發業；F102170 食品什貨批發業；F102180 酒精批發業；F104110 布疋、衣著、鞋、帽、傘、服飾品批發業,臺北市,變更,11505
90751707,和德旺福科技有限公司,臺北市萬華區漢口街2段56號6樓之2,蕭智元,1000000,110/03/25,115/05/28,特殊補正,I301010 資訊軟體服務業；I301020 資料處理服務業；I301030 電子資訊供應服務業；I501010 產品設計業；I103060 管理顧問業；IZ13010 網路認證服務業；F118010 資訊軟體批發業；F218010 資訊軟體零售業；F113050 電腦及事務性機器設備批發業；F213030 電腦及事務性機器設備零售業,臺北市,變更,11505
90760781,雅述市場行銷有限公司,臺北市大安區忠孝東路4段148號6樓之3,呂贊柱,6080223,110/05/13,115/05/06,特殊補正,I301010 資訊軟體服務業；F102170 食品什貨批發業,臺北市,變更,11505
90762090,星騰國際貿易有限公司,臺北市中山區民權西路70號11樓,張耿豪,5000000,110/05/14,115/05/20,特殊補正,F113070 電信器材批發業；F213060 電信器材零售業；F399040 無店面零售業；F401010 國際貿易業；IZ99990 其他工商服務業；JZ99990 未分類其他服務業；ZZ99999 除許可業務外，得經營法令非禁止或限制之業務；I301010 資訊軟體服務業；I301020 資料處理服務業,臺北市,變更,11505
90763318,樂程集樂園有限公司,臺北市大安區忠孝東路4段183號13樓之2,湯翰晴,600000,110/05/18,115/05/18,特殊補正,F102170 食品什貨批發業；F203010 食品什貨、飲料零售業；F101050 水產品批發業；F201030 水產品零售業；F201010 農產品零售業；F203020 菸酒零售業；F221010 食品添加物零售業；F501030 飲料店業；F208040 化粧品零售業；F206020 日常用品零售業,臺北市,變更,11505
90763942,賽搏國際貿易有限公司,臺北市信義區松仁路100號34樓,陳安生,700000,110/05/19,115/05/13,特殊補正,F204110 布疋、衣著、鞋、帽、傘、服飾品零售業；F215010 首飾及貴金屬零售業；F299990 其他零售業；F301010 百貨公司業；F401010 國際貿易業；I103060 管理顧問業；F601010 智慧財產權業；J602010 演藝活動業；J601010 藝文服務業；J401010 電影片製作業,臺北市,變更,11505
90770633,吉爾有限公司,臺北市北投區磺港路267號,呂浩庭,6000000,110/02/20,115/05/05,特殊補正,I503010 景觀、室內設計業；E801010 室內裝潢業；I504010 花藝設計業；F201070 花卉零售業；F206020 日常用品零售業；F205040 家具、寢具、廚房器具、裝設品零售業,臺北市,變更,11505
90774096,力能電實業股份有限公司,臺北市內湖區安康路250號5樓,陳泰良,4000000,110/02/04,115/05/08,申登機關變更（遷入，含卷）,E801010 室內裝潢業；E901010 油漆工程業；E903010 防蝕、防銹工程業；EZ99990 其他工程業；F106010 五金批發業；F113010 機械批發業；F113020 電器批發業；F113110 電池批發業；F119010 電子材料批發業；F206010 五金零售業,臺北市,變更,11505
90800637,喬橙投資顧問有限公司,臺北市大同區寧夏路23號2樓,楊惠茹,17000000,110/04/22,115/05/28,公司所營事業變更修正章程,I102010 一般投資顧問業；I103060 管理顧問業；I401010 一般廣告服務業；I501010 產品設計業；I503010 景觀設計業；J101010 建築物清潔服務業；H202010 創業投資業；I199990 其他顧問服務業；JZ99050 仲介服務業；IZ12010 人力派遣業,臺北市,變更,11505
90807081,黃金島餐飲有限公司,臺北市中山區中山北路2段59巷4號1樓,大野由之,1500000,110/05/06,115/05/25,特殊補正,F501990 其他餐飲業；F501060 餐館業；F203010 食品什貨、飲料零售業；F102170 食品什貨批發業；F102040 飲料批發業；ZZ99999 除許可業務外，得經營法令非禁止或限制之業務,臺北市,變更,11505
90817905,新宸工程有限公司,臺北市中山區新生北路2段31之1號9樓之7,陳恩佑,1000000,110/04/07,115/05/29,股東出資轉讓修正章程,E601010 電器承裝業；E601020 電器安裝業；F206010 五金零售業；IF01010 消防安全設備檢修業；IG03010 能源技術服務業；A102080 園藝服務業；CB01030 污染防治設備製造業；CC01010 發電、輸電、配電機械製造業；CC01030 電器及視聽電子產品製造業；CC01060 有線通信機械器材製造業,臺北市,變更,11505
90822858,好好教股份有限公司,臺北市中正區重慶南路1段57號11樓之10,馮昌國,6696200,110/04/22,115/05/29,特殊補正,I199990 其他顧問服務業；J303010 雜誌（期刊）出版業；J304010 圖書出版業；J305010 有聲出版業；J399010 軟體出版業；J399990 其他出版業；J503010 廣播節目製作業；J503020 電視節目製作業；J503030 廣播電視節目發行業,臺北市,變更,11505
90824151,臺灣造績股份有限公司,臺北市中山區南京東路3段201號3樓,傅韋叡,2700000,110/04/23,115/05/07,發行新股,F102040 飲料批發業；F102050 茶葉批發業；F102170 食品什貨批發業；F106020 日常用品批發業；F109070 文教、樂器、育樂用品批發業；F118010 資訊軟體批發業；F203010 食品什貨、飲料零售業；F206020 日常用品零售業；F209060 文教、樂器、育樂用品零售業；F218010 資訊軟體零售業,臺北市,變更,11505
90824434,大禾居作有限公司,臺北市大安區溫州街52巷11號1樓,陳亮瑄,500000,110/04/23,115/05/28,特殊補正,E801010 室內裝潢業；I503010 景觀設計業；F106010 五金批發業；F111090 建材批發業；I501010 產品設計業；F401010 國際貿易業；ZZ99999 除許可業務外，得經營法令非禁止或限制之業務,臺北市,變更,11505
90828585,歐希德有限公司,臺北市中正區許昌街42號8樓,吳立凡,1000000,110/03/15,115/05/27,特殊補正,I103060 管理顧問業；F119010 電子材料批發業；F113050 電腦及事務性機器設備批發業；F213030 電腦及事務性機器設備零售業；F213080 機械器具零售業；F206030 模具零售業；F106030 模具批發業；F214040 自行車及其零件零售業；F114040 自行車及其零件批發業；JA02010 電器及電子產品修理業,臺北市,變更,11505
90829613,茂昌有限公司,臺北市內湖區洲子街62號6樓,黃日晟,200000,110/03/17,115/05/26,特殊補正,F102040 飲料批發業；F102050 茶葉批發業；F102170 食品什貨批發業；F102180 酒精批發業；F106020 日常用品批發業；F107030 清潔用品批發業；F108040 化粧品批發業；F203010 食品什貨、飲料零售業；F203020 菸酒零售業；F203030 酒精零售業,臺北市,變更,11505
90832960,中山一品麵包股份有限公司,臺北市大同區承德路3段58號4樓之1,宋書慶,5000000,110/04/26,115/05/18,公司所在地,C104020 烘焙炊蒸食品製造業；F102040 飲料批發業；F102170 食品什貨批發業；F203010 食品什貨、飲料零售業；F399990 其他綜合零售業；F501030 飲料店業；F501060 餐館業；F501990 其他餐飲業；ZZ99999 除許可業務外，得經營法令非禁止或限制之業務,臺北市,變更,11505
90833659,盛輝國際股份有限公司,臺北市中山區長安東路2段81號9樓之2,孫日輝,3000000,110/04/27,115/05/20,董事長印鑑變更,C901020 玻璃及玻璃製品製造業；F105050 家具、寢具、廚房器具、裝設品批發業；F106010 五金批發業；F111090 建材批發業；F113030 精密儀器批發業；F113050 電腦及事務性機器設備批發業；F113070 電信器材批發業；F113090 交通標誌器材批發業；F113990 其他機械器具批發業；F114080 軌道車輛及其零件批發業,臺北市,變更,11505
90833980,台灣椿本貿易股份有限公司,臺北市中山區松江路146號4樓之2,上岡健一,20000000,110/04/29,115/05/04,董事/監察人證照變更,CB01010 機械設備製造業；F113010 機械批發業；F113990 其他機械器具批發業；F213080 機械器具零售業；F213990 其他機械器具零售業；F399040 無店面零售業；F401010 國際貿易業；ZZ99999 除許可業務外，得經營法令非禁止或限制之業務,臺北市,變更,11505
90837424,臺灣投緣第一品牌股份有限公司,臺北市信義區基隆路1段176號13樓,潘俊宏,12594034,110/03/24,115/05/26,消除股份減資(特別股收回),H201010 一般投資業；ZZ99999 除許可業務外，得經營法令非禁止或限制之業務,臺北市,變更,11505
90837590,白日夢劇場股份有限公司,臺北市大安區忠孝東路3段207之3號3樓,張嘉玲,1000000,110/03/23,115/05/21,改選董事/監察人(一人法人股東指派董事/監察人),J701040 休閒活動場館業；J601010 藝文服務業；J602010 演藝活動業；J304010 圖書出版業；JE01010 租賃業,臺北市,變更,11505
90837971,虎貓興業有限公司,臺北市中山區民生東路1段42號4樓之3,陳楷元,1000000,110/03/23,115/05/08,增資,I301010 資訊軟體服務業；ZZ99999 除許可業務外，得經營法令非禁止或限制之業務,臺北市,變更,11505
90838275,有戲娛樂股份有限公司,臺北市中山區龍江路377巷4號,莊啓祥,200000000,110/03/24,115/05/05,補繳規費,C104020 烘焙炊蒸食品製造業；F118010 資訊軟體批發業；F119010 電子材料批發業；F203010 食品什貨、飲料零售業；F203020 菸酒零售業；F204110 布疋、衣著、鞋、帽、傘、服飾品零售業；F206020 日常用品零售業；F208040 化粧品零售業；F209060 文教、樂器、育樂用品零售業；F213010 電器零售業,臺北市,變更,11505
90838562,台灣前瞻電漿股份有限公司,臺北市大安區復興南路1段380號4樓之3,李慧芳,2000000,110/02/04,115/05/07,特殊補正,F113030 精密儀器批發業；F207070 動物用藥零售業；F207080 環境用藥零售業；F213040 精密儀器零售業；F213100 污染防治設備零售業；F401010 國際貿易業；IG01010 生物技術服務業；I101070 農、林、漁、畜牧顧問業；CB01030 污染防治設備製造業；CE01010 一般儀器製造業,臺北市,變更,11505
90849462,璞倍科技股份有限公司,臺北市大同區民族西路126之1號2樓,鄭振中,2000000,110/03/30,115/05/14,董事/監察人持股變動報備,A301030 水產養殖業；CC01060 有線通信機械器材製造業；CC01070 無線通信機械器材製造業；CC01080 電子零組件製造業；CC01100 電信管制射頻器材製造業；CC01110 電腦及其週邊設備製造業；CE01010 一般儀器製造業；E603050 自動控制設備工程業；E605010 電腦設備安裝業；EZ05010 儀器、儀表安裝工程業,臺北市,變更,11505
90849792,森品材料有限公司,臺北市中正區南昌路2段222號7樓之11,孫境妍,500000,110/03/31,115/05/07,特殊補正,F203010 食品什貨、飲料零售業；F399990 其他綜合零售業；ZZ99999 除許可業務外，得經營法令非禁止或限制之業務；F399040 無店面零售業；F106020 日常用品批發業；F108040 化粧品批發業；F206020 日常用品零售業；F208040 化粧品零售業；I199990 其他顧問服務業,臺北市,變更,11505
90850707,捷達動力科技有限公司,臺北市中山區中山北路3段30號4樓之5,林書按,8000000,110/03/31,115/05/07,特殊補正,F213080 機械器具零售業；F106010 五金批發業；F206010 五金零售業；E801020 門窗安裝工程業；F113010 機械批發業；E801040 玻璃安裝工程業；F111090 建材批發業；F401010 國際貿易業；E601020 電器安裝業；E603050 自動控制設備工程業,臺北市,變更,11505
90851044,三豐榮實業股份有限公司,臺北市松山區南京東路5段16號9樓之3,潘逸學,15000000,110/04/01,115/05/14,特殊補正,H701010 住宅及大樓開發租售業；H701020 工業廠房開發租售業；H701040 特定專業區開發業；H701070 區段徵收及市地重劃代辦業；H701080 都市更新重建業；H701090 都市更新整建維護業；H703090 不動產買賣業；H703100 不動產租賃業；I301020 資料處理服務業；ZZ99999 除許可業務外，得經營法令非禁止或限制之業務,臺北市,變更,11505
90871750,共想行銷顧問股份有限公司,臺北市中山區松江路237號3樓之2,莊淑芬,24000000,110/03/02,115/05/29,董事/監察人持股變動報備,F401010 國際貿易業；I103060 管理顧問業；I199990 其他顧問服務業；I301010 資訊軟體服務業；I301020 資料處理服務業；I301030 電子資訊供應服務業；I401010 一般廣告服務業；I501010 產品設計業；IZ12010 人力派遣業；IZ15010 市場研究及民意調查業,臺北市,變更,11505
90874004,品芋餐飲股份有限公司,臺北市大同區寧夏路60號1樓,李佳穎,2000000,110/04/09,115/05/20,特殊補正,F501030 飲料店業；F501060 餐館業；F299990 其他零售業；F203010 食品什貨、飲料零售業,臺北市,變更,11505
90874449,普普樂國際股份有限公司,臺北市中山區松江路64巷10之2號2樓,連珮如,10000000,110/04/12,115/05/05,特殊補正,J601010 藝文服務業；J602010 演藝活動業；J603010 音樂展演空間業；JB01010 會議及展覽服務業；I103060 管理顧問業；J304010 圖書出版業；J305010 有聲出版業；J401010 電影片製作業；J402010 電影片發行業；J403010 電影片映演業,臺北市,變更,11505
90875974,恆惟科技股份有限公司,臺北市中正區南海路48號7樓之3,林怡亭,120000,110/04/14,115/05/19,特殊補正,F601010 智慧財產權業；I501010 產品設計業；I599990 其他設計業；IG01010 生物技術服務業；IG02010 研究發展服務業；I199990 其他顧問服務業；H201010 一般投資業；I301010 資訊軟體服務業；I301020 資料處理服務業；ZZ99999 除許可業務外，得經營法令非禁止或限制之業務,臺北市,變更,11505
90877868,好棒棒科技股份有限公司,臺北市中正區仁愛路2段99號10樓,葉淨元,8900000,110/04/30,115/05/05,公司所在地,I199990 其他顧問服務業；I301010 資訊軟體服務業；I301020 資料處理服務業；I301030 電子資訊供應服務業；I501010 產品設計業；I599990 其他設計業；ZZ99999 除許可業務外，得經營法令非禁止或限制之業務；F108031 醫療器材批發業；F208031 醫療器材零售業；I701011 就業服務業,臺北市,變更,11505
90880548,英商思傲有限公司,臺北市內湖區文湖街2號7樓,CATHERINE JANE SHEVLIN,500000,110/02/23,115/05/04,改派在中華民國境內負責人變更登記,I199990 其他顧問服務業；IZ12010 人力派遣業；I103060 管理顧問業；IZ99990 其他工商服務業；F401010 國際貿易業；IG03010 能源技術服務業；ZZ99999 除許可業務外，得經營法令非禁止或限制之業務,臺北市,變更,11505
90881167,芮吉事業有限公司,臺北市中山區長安東路2段246號12樓,譚如君,200000,110/02/03,115/05/12,特殊補正,H701010 住宅及大樓開發租售業；H703100 不動產租賃業；H703090 不動產買賣業；H201010 一般投資業；I103060 管理顧問業；I199990 其他顧問服務業；IZ99990 其他工商服務業；JE01010 租賃業；HZ02010 金融機構金錢債權收買業務；HZ99990 其他金融、保險及不動產業,臺北市,變更,11505
90884621,漾豐國際娛樂有限公司,臺北市中山區吉林路26巷26號,徐晨倩,250000,110/04/30,115/05/28,補繳規費,J602010 演藝活動業；J601010 藝文服務業；IZ12010 人力派遣業；I103060 管理顧問業；I199990 其他顧問服務業；I301010 資訊軟體服務業；I301020 資料處理服務業；I401010 一般廣告服務業；I401020 廣告傳單分送業；I501010 產品設計業,臺北市,變更,11505
90884707,妥善循環科技股份有限公司,臺北市中山區中山北路2段113號11樓,魏家珮,1000000,110/04/29,115/05/06,特殊補正,J101090 廢棄物清理業；J101040 廢棄物處理業；J101030 廢棄物清除業；J101060 廢（污）水處理業；D101050 汽電共生業；IG03010 能源技術服務業；J101990 其他環境衛生及污染防治服務業；J101010 建築物清潔服務業；CB01030 污染防治設備製造業；F113100 污染防治設備批發業,臺北市,變更,11505
90888817,大浩娛樂行銷股份有限公司,臺北市中正區忠孝西路1段72號2樓之5,陳安齊,36000000,110/03/25,115/05/14,改選董事/監察人(一人法人股東指派董事/監察人),F106020 日常用品批發業；F206020 日常用品零售業；F109070 文教、樂器、育樂用品批發業；F209060 文教、樂器、育樂用品零售業；F105050 家具、寢具、廚房器具、裝設品批發業；F205040 家具、寢具、廚房器具、裝設品零售業；F218010 資訊軟體零售業；F118010 資訊軟體批發業；J503050 錄影節目帶業；J503010 廣播節目製作業,臺北市,變更,11505
90897371,吸引力科技有限公司,臺北市中山區南京東路2段53號2樓,鄭仲傑,500000,110/06/17,115/05/26,公司所營事業變更修正章程,F104110 布疋、衣著、鞋、帽、傘、服飾品批發業；F105050 家具、寢具、廚房器具、裝設品批發業；F106010 五金批發業；F106020 日常用品批發業；F106050 陶瓷玻璃器皿批發業；F107030 清潔用品批發業；F108040 化粧品批發業；F109070 文教、樂器、育樂用品批發業；F113050 電腦及事務性機器設備批發業；F118010 資訊軟體批發業,臺北市,變更,11505
90897463,國勤工程有限公司,臺北市內湖區民權東路6段180巷18號7樓之1,湯政庭,20000000,110/06/17,115/05/12,增資,E503011 下水道用戶排水設備承裝商；E599010 配管工程業；F111090 建材批發業；F401010 國際貿易業；IZ12010 人力派遣業；J101030 廢棄物清除業；J101040 廢棄物處理業；J101060 廢（污）水處理業；J101080 資源回收業；J101090 廢棄物清理業,臺北市,變更,11505
90897479,巧翊有限公司,臺北市大安區羅斯福路3段29號6樓,胡茗硯,200000,110/06/15,115/05/27,特殊補正,ZZ99999 除許可業務外，得經營法令非禁止或限制之業務；E801010 室內裝潢業；E599010 配管工程業；E601020 電器安裝業；E801020 門窗安裝工程業；E801030 室內輕鋼架工程業；E801040 玻璃安裝工程業；E801070 廚具、衛浴設備安裝工程業；E901010 油漆工程業；E903010 防蝕、防銹工程業,臺北市,變更,11505
90897891,法可夢資訊科技股份有限公司,臺北市中正區衡陽路51號6樓之1,鍾佩陵,25000000,110/06/16,115/05/20,特殊補正,I102010 投資顧問業；I103060 管理顧問業；I199990 其他顧問服務業；I301010 資訊軟體服務業；I301020 資料處理服務業；I301030 電子資訊供應服務業；I301040 第三方支付服務業；I301050 實境體感應用服務業；I401010 一般廣告服務業；I401020 廣告傳單分送業,臺北市,變更,11505
91001963,爾升資訊股份有限公司,臺北市大安區敦化南路2段65號3樓,蔡惠銘,15000000,110/06/25,115/05/25,公司印鑑變更,E605010 電腦設備安裝業；F113050 電腦及事務性機器設備批發業；F118010 資訊軟體批發業；F213030 電腦及事務性機器設備零售業；F218010 資訊軟體零售業；F399040 無店面零售業；F401010 國際貿易業；I103060 管理顧問業；I301010 資訊軟體服務業；I301020 資料處理服務業,臺北市,變更,11505
91002652,洞天股份有限公司,臺北市大安區敦化南路2段81巷35號,郭力豪,16357400,110/06/23,115/05/05,特殊補正,F501060 餐館業；F501030 飲料店業；F203020 菸酒零售業；I103060 管理顧問業；IZ99990 其他工商服務業；F601010 智慧財產權業；ZZ99999 除許可業務外，得經營法令非禁止或限制之業務,臺北市,變更,11505
91002745,永立佳投資有限公司,臺北市松山區民生東路5段151號7樓之2,王嘉弘,6000000,110/06/23,115/05/21,特殊補正,H201010 一般投資業；I103060 管理顧問業；F401010 國際貿易業；ZZ99999 除許可業務外，得經營法令非禁止或限制之業務,臺北市,變更,11505
91002999,酷澎股份有限公司,臺北市信義區信義路五段7號13樓、13樓之1、13樓之2,Ankit Dewan,11845401470,110/06/23,115/05/08,發行新股,A102060 糧商業；F203010 食品什貨、飲料零售業；F204110 布疋、衣著、鞋、帽、傘、服飾品零售業；F205040 家具、寢具、廚房器具、裝設品零售業；F206010 五金零售業；F206020 日常用品零售業；F206050 寵物食品及其用品零售業；F207030 清潔用品零售業；F208040 化粧品零售業；F208050 乙類成藥零售業,臺北市,變更,11505
91003364,映緹生醫有限公司,臺北市信義區松德路171號6樓之3,李依芸,31000000,110/06/24,115/05/04,特殊補正,C306010 成衣業；F104110 布疋、衣著、鞋、帽、傘、服飾品批發業；F204110 布疋、衣著、鞋、帽、傘、服飾品零售業；F105050 家具、寢具、廚房器具、裝設品批發業；F401010 國際貿易業；F108031 醫療器材批發業；F113020 電器批發業；F208031 醫療器材零售業；F108040 化粧品批發業；F102040 飲料批發業,臺北市,變更,11505
91007214,嘉正生物科技股份有限公司,臺北市南港區研究院路1段130巷99號3樓,王克舜,646754930,110/08/05,115/05/21,補繳規費,F401010 國際貿易業；I199990 其他顧問服務業；IG01010 生物技術服務業；ZZ99999 除許可業務外，得經營法令非禁止或限制之業務,臺北市,變更,11505
91014968,福能股份有限公司,臺北市松山區精忠里民生東路四段54號9樓之1,王文潮,1114800000,110/08/13,115/05/25,發行新股,C901010 陶瓷及陶瓷製品製造業；C901030 水泥製造業；C901040 預拌混凝土製造業；C901050 水泥及混凝土製品製造業；C901070 石材製品製造業；C901990 其他非金屬礦物製品製造業；D101060 再生能源自用發電設備業；D401010 熱能供應業；E601010 電器承裝業；E607010 太陽熱能設備安裝工程業,臺北市,變更,11505
91017607,惠澤國際股份有限公司,臺北市內湖區安泰街81號4摟,何惠玲,1000000,110/06/08,115/05/19,特殊補正,F111090 建材批發業；F113010 機械批發業；F113020 電器批發業；F113990 其他機械器具批發業；F115020 礦石批發業；F211010 建材零售業；F213010 電器零售業；F213080 機械器具零售業；F213990 其他機械器具零售業；F215020 礦石零售業,臺北市,變更,11505
91036225,天稜有限公司,臺北市大安區信義路4段24號9樓,黃少華,500000,110/07/08,115/05/15,股東出資轉讓修正章程,F401010 國際貿易業；F399040 無店面零售業；ZZ99999 除許可業務外，得經營法令非禁止或限制之業務；F206020 日常用品零售業；I501010 產品設計業；F209060 文教、樂器、育樂用品零售業；F204110 布疋、衣著、鞋、帽、傘、服飾品零售業；F201010 農產品零售業；F202010 飼料零售業；F203010 食品什貨、飲料零售業,臺北市,變更,11505
91046700,捷立康生物科技股份有限公司,臺北市內湖區洲子街57號6樓,曾昱嘉,451100000,110/07/29,115/05/06,補繳規費,C801030 精密化學材料製造業；F108031 醫療器材批發業；F113030 精密儀器批發業；F208031 醫療器材零售業；F401010 國際貿易業；F601010 智慧財產權業；I301010 資訊軟體服務業；IG01010 生物技術服務業；IG02010 研究發展服務業；CF01011 醫療器材製造業,臺北市,變更,11505
91046737,台灣動產股份有限公司,臺北市中正區信義路2段213號11樓,吳錦融,6000000,110/07/29,115/05/19,特殊補正,JE01010 租賃業；JZ99050 仲介服務業；I199990 其他顧問服務業；F399040 無店面零售業；F399990 其他綜合零售業；ZZ99999 除許可業務外，得經營法令非禁止或限制之業務,臺北市,變更,11505
91047068,鑫蘊林科股份有限公司,臺北市大安區忠孝東路三段136號9樓之3,謝源寶,919442500,110/07/30,115/05/28,認股憑證換發新股,CC01070 無線通信機械器材製造業；E605010 電腦設備安裝業；F113050 電腦及事務性機器設備批發業；F113070 電信器材批發業；F118010 資訊軟體批發業；F401010 國際貿易業；I301010 資訊軟體服務業；I301030 電子資訊供應服務業；I103060 管理顧問業；IZ09010 管理系統驗證業,臺北市,變更,11505
91047709,瑞璞股份有限公司,臺北市中山區中山北路2段112號10樓之5,林振瀚,10000000,110/08/03,115/05/14,特殊補正,F101070 漁具批發業；F104110 布疋、衣著、鞋、帽、傘、服飾品批發業；F105050 家具、寢具、廚房器具、裝設品批發業；F106010 五金批發業；F106020 日常用品批發業；F109070 文教、樂器、育樂用品批發業；F113030 精密儀器批發業；F113060 度量衡器批發業；F201050 漁具零售業；F204110 布疋、衣著、鞋、帽、傘、服飾品零售業,臺北市,變更,11505
91047829,鷹傑管理顧問有限公司,臺北市大安區敦化南路1段188號5樓,江明吉,6500000,110/08/02,115/05/08,特殊補正,F401010 國際貿易業；H201010 一般投資業；H202010 創業投資業；I102010 一般投資顧問業；I103060 管理顧問業；I301010 資訊軟體服務業；I401010 一般廣告服務業；I301030 電子資訊供應服務業；I301020 資料處理服務業；I401020 廣告傳單分送業,臺北市,變更,11505
91052786,三橋建設股份有限公司,臺北市大安區敦化南路二段19號9樓,段偉國,1200000000,110/08/04,115/05/11,改派董事/監察人,H701010 住宅及大樓開發租售業；H703090 不動產買賣業；H703100 不動產租賃業；I401010 一般廣告服務業；I401020 廣告傳單分送業；E801010 室內裝潢業；F111090 建材批發業；ZZ99999 除許可業務外，得經營法令非禁止或限制之業務,臺北市,變更,11505
91054412,小食后股份有限公司,臺北市中山區民生東路3段2號7樓,郭夏羽,5000000,110/08/03,115/05/08,特殊補正,F301010 百貨公司業；F301020 超級市場業；F399010 便利商店業；F399040 無店面零售業；F399990 其他綜合零售業；F203010 食品什貨、飲料零售業；F203020 菸酒零售業；F204110 布疋、衣著、鞋、帽、傘、服飾品零售業；F206020 日常用品零售業；F205040 家具、寢具、廚房器具、裝設品零售業,臺北市,變更,11505
91054449,歐渥有限公司,臺北市大安區羅斯福路3段37號5樓,舒雨凡,100000,110/08/03,115/05/12,法人股東指(改)派代表人為董事,I301010 資訊軟體服務業；I301020 資料處理服務業；I301030 電子資訊供應服務業；I301040 第三方支付服務業；I301050 實境體感應用服務業；I401010 一般廣告服務業；I103060 管理顧問業；IZ13010 網路認證服務業；E605010 電腦設備安裝業；F113050 電腦及事務性機器設備批發業,臺北市,變更,11505
91061363,台灣愛思開海力士記憶體科技股份有限公司,臺北市南港區經貿一路170號2樓,Kelsey Lenz,112550000,110/06/30,115/05/18,董事(常務董事.董事長)/監察人解任,CC01080 電子零組件製造業；I301010 資訊軟體服務業；ZZ99999 除許可業務外，得經營法令非禁止或限制之業務,臺北市,變更,11505
91064946,星躍科技股份有限公司,臺北市中山區南京西路1之1號6樓,陳惟恩,6000000,110/08/20,115/05/18,補繳規費,F118010 資訊軟體批發業；F218010 資訊軟體零售業；F213030 電腦及事務性機器設備零售業；F399040 無店面零售業；F401010 國際貿易業；I199990 其他顧問服務業；I301010 資訊軟體服務業；I301020 資料處理服務業；I301030 電子資訊供應服務業；I301040 第三方支付服務業,臺北市,變更,11505
91074846,寶儲能源股份有限公司,臺北市內湖區行善路463號8樓,蔡佳晋,203333330,110/06/10,115/05/21,特殊補正,CC01010 發電、輸電、配電機械製造業；CC01080 電子零組件製造業；CC01090 電池製造業；F113110 電池批發業；F119010 電子材料批發業；F213010 電器零售業；F219010 電子材料零售業；F401010 國際貿易業；I501010 產品設計業；IG03010 能源技術服務業,臺北市,變更,11505
91075438,環亞風能股份有限公司,臺北市中山區長安東路1段23號8樓之1,吳坤達,76000000,110/07/14,115/05/25,特殊補正,E601010 電器承裝業；E601020 電器安裝業；E603010 電纜安裝工程業；E606010 用電設備檢驗維護業；F401010 國際貿易業；I103060 管理顧問業；IG03010 能源技術服務業；CC01010 發電、輸電、配電機械製造業；ZZ99999 除許可業務外，得經營法令非禁止或限制之業務,臺北市,變更,11505
91076210,脈易科技股份有限公司,臺北市中山區南京西路1之1號6樓,施彥仰,3000000,110/07/19,115/05/28,補繳規費,F118010 資訊軟體批發業；F218010 資訊軟體零售業；IG02010 研究發展服務業；I301010 資訊軟體服務業；I301020 資料處理服務業；I301030 電子資訊供應服務業；I301050 實境體感應用服務業；I501010 產品設計業；ZZ99999 除許可業務外，得經營法令非禁止或限制之業務,臺北市,變更,11505
91078982,嘉琦國際有限公司,臺北市北投區中央北路1段191號11樓之1,沈世偉,1199000,110/08/13,115/05/14,經理人變更,F501060 餐館業；F203010 食品什貨、飲料零售業,臺北市,變更,11505
91082347,耀興有限公司,臺北市中山區林森北路450號1樓,徐茵萱,100000,110/06/16,115/05/18,申登機關變更（遷入，含卷）,E599010 配管工程業；E603090 照明設備安裝工程業；E701040 簡易電信設備安裝業；E801010 室內裝潢業；E801020 門窗安裝工程業；E801030 室內輕鋼架工程業；E801040 玻璃安裝工程業；E801070 廚具、衛浴設備安裝工程業；E901010 油漆工程業；E903010 防蝕、防銹工程業,臺北市,變更,11505
91086189,米莉安數位媒體行銷有限公司,臺北市中正區忠孝東路2段80號3樓,李安那,2000000,110/08/02,115/05/18,公司所在地,I401010 一般廣告服務業；J202010 產業育成業；I301030 電子資訊供應服務業；I301010 資訊軟體服務業；I301020 資料處理服務業；JB01010 會議及展覽服務業；IZ15010 市場研究及民意調查業；JZ99030 攝影業；I103060 管理顧問業；JE01010 租賃業,臺北市,變更,11505
91100577,松旭營造股份有限公司,臺北市中山區建國北路2段86號7樓,呂理全,49000000,110/07/15,115/05/25,發行新股,E101011 綜合營造業；H701010 住宅及大樓開發租售業；H703090 不動產買賣業；H703100 不動產租賃業；H701020 工業廠房開發租售業；H701050 投資興建公共建設業；H701060 新市鎮、新社區開發業；ZZ99999 除許可業務外，得經營法令非禁止或限制之業務,臺北市,變更,11505
91103510,哥本哈根基礎設施渢成股份有限公司,臺北市信義區忠孝東路5段68號26樓,Thomas Wibe Poulsen,256122820,110/08/19,115/05/29,特殊補正,H201010 一般投資業；I102010 投資顧問業；I103060 管理顧問業；IG03010 能源技術服務業；ZZ99999 除許可業務外，得經營法令非禁止或限制之業務,臺北市,變更,11505
91103764,哥本哈根基礎設施渢利股份有限公司,臺北市信義區忠孝東路5段68號26樓,Thomas Wibe Poulsen,274967220,110/08/18,115/05/29,特殊補正,H201010 一般投資業；I102010 投資顧問業；I103060 管理顧問業；IG03010 能源技術服務業；ZZ99999 除許可業務外，得經營法令非禁止或限制之業務,臺北市,變更,11505
91104969,瀚睿埬有限公司,臺北市中山區民權西路35號12樓之2,林濬琟,2000000,110/08/05,115/05/07,特殊補正,F109070 文教、樂器、育樂用品批發業；F113020 電器批發業；F113050 電腦及事務性機器設備批發業；F113030 精密儀器批發業；F119010 電子材料批發業；F206020 日常用品零售業；F218010 資訊軟體零售業；F399990 其他綜合零售業；F401010 國際貿易業；F601010 智慧財產權業,臺北市,變更,11505
91105138,啾啾良品實業有限公司,臺北市松山區三民路43巷19號4樓,張育誠,27000000,110/08/06,115/05/04,特殊補正,F399990 其他綜合零售業；F401010 國際貿易業；I103060 管理顧問業；I301030 電子資訊供應服務業；I301010 資訊軟體服務業；I501010 產品設計業；J601010 藝文服務業；JB01010 會議及展覽服務業；JZ99990 未分類其他服務業；IZ99990 其他工商服務業,臺北市,變更,11505
91109747,搜咖科技股份有限公司,臺北市內湖區安康路20號4樓之6,孫竹君,34000000,110/07/21,115/05/04,特殊補正,CC01030 電器及視聽電子產品製造業；CC01070 無線通信機械器材製造業；E701030 電信管制射頻器材裝設工程業；F113050 電腦及事務性機器設備批發業；F113070 電信器材批發業；F118010 資訊軟體批發業；F119010 電子材料批發業；F213060 電信器材零售業；F401010 國際貿易業；I301010 資訊軟體服務業,臺北市,變更,11505
91110809,聯手科技股份有限公司,臺北市中正區仁愛路2段63號1樓,黃士峰,50000000,110/07/26,115/05/27,特殊補正,I301010 資訊軟體服務業；I301020 資料處理服務業；I301030 電子資訊供應服務業；F218010 資訊軟體零售業；I501010 產品設計業；ZZ99999 除許可業務外，得經營法令非禁止或限制之業務,臺北市,變更,11505
91111309,亦凡國際股份有限公司,臺北市大安區忠孝東路4段71之5號6樓,高偉球,1000000,110/07/27,115/05/21,特殊補正,H202010 創業投資業；F102170 食品什貨批發業；F203010 食品什貨、飲料零售業；F401010 國際貿易業；I301020 資料處理服務業；I301030 電子資訊供應服務業；I401010 一般廣告服務業；IZ06010 理貨包裝業；ZZ99999 除許可業務外，得經營法令非禁止或限制之業務,臺北市,變更,11505
91111390,普拉斯國際股份有限公司,臺北市中正區重慶南路1段83號6樓,孫豪佑,100000,110/07/27,115/05/05,改選董事/監察人(一人法人股東指派董事/監察人),F401010 國際貿易業；I301010 資訊軟體服務業；I301020 資料處理服務業；I301030 電子資訊供應服務業；I401010 一般廣告服務業；I401020 廣告傳單分送業；I501010 產品設計業；I599990 其他設計業；IG02010 研究發展服務業；J601010 藝文服務業,臺北市,變更,11505
91113799,華熊實業股份有限公司,臺北市文山區羅斯福路6段100號1樓,曾煥杰,20700000,110/05/28,115/05/18,特殊補正,E801010 室內裝潢業；F111090 建材批發業；F211010 建材零售業；F401010 國際貿易業；H701010 住宅及大樓開發租售業；H701020 工業廠房開發租售業；H701050 投資興建公共建設業；H701060 新市鎮、新社區開發業；H701070 區段徵收及市地重劃代辦業；H701090 都市更新整建維護業,臺北市,變更,11505
91114354,光容創業投資管理顧問股份有限公司,臺北市松山區敦化北路207號11樓之5,范姜奇秀,35800000,110/05/31,115/05/28,發行新股,H201010 一般投資業；H202010 創業投資業；I102010 投資顧問業；I103060 管理顧問業；ZZ99999 除許可業務外，得經營法令非禁止或限制之業務,臺北市,變更,11505
91125275,就是棒股份有限公司,臺北市中山區敬業二路69巷59號5樓之7,邱光宗,800000,110/02/05,115/05/27,特殊補正,F104110 布疋、衣著、鞋、帽、傘、服飾品批發業；F204110 布疋、衣著、鞋、帽、傘、服飾品零售業；F109070 文教、樂器、育樂用品批發業；F209060 文教、樂器、育樂用品零售業；F399040 無店面零售業；F501030 飲料店業；F501060 餐館業；F401010 國際貿易業；J801030 競技及休閒運動場館業；J802010 運動訓練業,臺北市,變更,11505
93366658,瑞心投資股份有限公司,臺北市信義區松德路159號21樓,袁文龍,66700000,112/04/14,115/05/05,改選董事/監察人(一人法人股東指派董事/監察人),H201010 一般投資業；ZZ99999 除許可業務外，得經營法令非禁止或限制之業務,臺北市,變更,11505
93367381,力曼有限公司,臺北市信義區忠孝東路4段563號10樓,柳允敎(RYU YUN-GYO),24000000,112/04/14,115/05/22,法人股東指(改)派代表人為董事,F102040 飲料批發業；F102170 食品什貨批發業；F104110 布疋、衣著、鞋、帽、傘、服飾品批發業；F106020 日常用品批發業；F107030 清潔用品批發業；F108040 化粧品批發業；F203010 食品什貨、飲料零售業；F204110 布疋、衣著、鞋、帽、傘、服飾品零售業；F206020 日常用品零售業；F207030 清潔用品零售業,臺北市,變更,11505
93367782,安乘車隊有限公司,臺北市松山區南京東路4段56號9樓之1,吳金龍,5000000,112/04/17,115/05/15,股東出資轉讓修正章程,G201011 計程車客運服務業；I301010 資訊軟體服務業；F118010 資訊軟體批發業；F401010 國際貿易業；I301040 第三方支付服務業；ZZ99999 除許可業務外，得經營法令非禁止或限制之業務,臺北市,變更,11505
93367848,心靈幸福站有限公司,臺北市中正區忠孝西路1段72號6樓之8,朱碧瑩,6000000,112/04/18,115/05/07,特殊補正,F204110 布疋、衣著、鞋、帽、傘、服飾品零售業；F209060 文教、樂器、育樂用品零售業；F399990 其他綜合零售業；F401010 國際貿易業；F399040 無店面零售業；F104110 布疋、衣著、鞋、帽、傘、服飾品批發業；F109070 文教、樂器、育樂用品批發業；H703100 不動產租賃業,臺北市,變更,11505
93367869,福又華生物科技股份有限公司,臺北市內湖區內湖路1段120巷16號4樓,陳國華,10000000,112/04/18,115/05/06,發行新股,F102170 食品什貨批發業；F102040 飲料批發業；F108040 化粧品批發業；F203010 食品什貨、飲料零售業；F208040 化粧品零售業；F401010 國際貿易業；IG01010 生物技術服務業；IG02010 研究發展服務業；F601010 智慧財產權業；ZZ99999 除許可業務外，得經營法令非禁止或限制之業務,臺北市,變更,11505
93368353,日加國際有限公司,臺北市大安區安和路2段64號3樓,楊凱雯,2000000,112/04/18,115/05/18,增資,F204110 布疋、衣著、鞋、帽、傘、服飾品零售業；F205040 家具、寢具、廚房器具、裝設品零售業；F209060 文教、樂器、育樂用品零售業；F213010 電器零售業；F213030 電腦及事務性機器設備零售業；F218010 資訊軟體零售業；H703100 不動產租賃業；I301010 資訊軟體服務業；I301020 資料處理服務業；I301030 電子資訊供應服務業,臺北市,變更,11505
93368712,說人話有限公司,臺北市信義區松德路169巷11號1樓,吳念真,1000000,112/04/20,115/05/28,減少所營事業變更修正章程,I301010 資訊軟體服務業；I301020 資料處理服務業；I301030 電子資訊供應服務業；I301050 實境體感應用服務業；F118010 資訊軟體批發業；F218010 資訊軟體零售業；F399040 無店面零售業；F401010 國際貿易業；F601010 智慧財產權業；I103060 管理顧問業,臺北市,變更,11505
93369297,克麗德台灣娛樂有限公司,臺北市信義區信義路4段415號5樓之4,白井浩一,9000000,112/04/21,115/05/07,特殊補正,F102030 菸酒批發業；F102040 飲料批發業；F102050 茶葉批發業；F102170 食品什貨批發業；F104110 布疋、衣著、鞋、帽、傘、服飾品批發業；F105050 家具、寢具、廚房器具、裝設品批發業；F106020 日常用品批發業；F107030 清潔用品批發業；F108040 化粧品批發業；F109070 文教、樂器、育樂用品批發業,臺北市,變更,11505
93483353,奇牧科技工程有限公司,臺北市萬華區環河南路1段23號12樓之2,林松樺,10000,113/01/02,115/05/05,特殊補正,F106010 五金批發業；F106020 日常用品批發業；F106040 水器材料批發業；F111090 建材批發業；F113010 機械批發業；F113020 電器批發業；F113030 精密儀器批發業；F113070 電信器材批發業；F113100 污染防治設備批發業；F113110 電池批發業,臺北市,變更,11505
93484016,聲泰投資股份有限公司,臺北市松山區敦化南路1段7號6樓之1,于家慶,69000000,113/01/02,115/05/21,發行新股,H201010 一般投資業；I102010 一般投資顧問業；ZZ99999 除許可業務外，得經營法令非禁止或限制之業務,臺北市,變更,11505
93484058,麟雲數據科技有限公司,臺北市南港區園區街3之1號4樓之1,謝政達,70000000,113/01/02,115/05/27,特殊補正,H201010 一般投資業；H202010 創業投資業；CC01110 電腦及其週邊設備製造業；CC01060 有線通信機械器材製造業；CC01070 無線通信機械器材製造業；CC01080 電子零組件製造業；I301010 資訊軟體服務業；I501010 產品設計業；F401010 國際貿易業；CE01030 光學儀器製造業,臺北市,變更,11505
93484260,蘊韻有限公司,臺北市大安區忠孝東路4段169號12樓之4,蔡宛芷,5300000,113/01/02,115/05/25,補繳規費,C802100 化粧品製造業；F108040 化粧品批發業；F208040 化粧品零售業；F107030 清潔用品批發業；F207030 清潔用品零售業；F102170 食品什貨批發業；F102040 飲料批發業；F203010 食品什貨、飲料零售業；F104110 布疋、衣著、鞋、帽、傘、服飾品批發業；F204110 布疋、衣著、鞋、帽、傘、服飾品零售業,臺北市,變更,11505
93485090,永策不動產股份有限公司,臺北市大同區重慶北路1段96號2樓,黃子洋,2500000,113/01/08,115/05/29,特殊補正,H202010 創業投資業；H704031 不動產仲介經紀業；H706011 租賃住宅代管業；H706021 租賃住宅包租業；J101010 建築物清潔服務業；I102010 一般投資顧問業；I103060 管理顧問業；ZZ99999 除許可業務外，得經營法令非禁止或限制之業務,臺北市,變更,11505
93485280,伊迪剛投資股份有限公司,臺北市中山區建國北路3段92號7樓,陳泰源,8462000,113/01/04,115/05/08,增資(資本總額),H201010 一般投資業,臺北市,變更,11505
93485296,沃欣照明科技有限公司,臺北市大同區環河北路2段111號7樓,吳紹瑋,500000,113/01/05,115/05/06,申登機關變更（遷入，含卷）,E601010 電器承裝業；E601020 電器安裝業；E603050 自動控制設備工程業；E603080 交通號誌安裝工程業；E603090 照明設備安裝工程業；E605010 電腦設備安裝業；E801010 室內裝潢業；EZ05010 儀器、儀表安裝工程業；F113020 電器批發業；F113030 精密儀器批發業,臺北市,變更,11505
93498291,先生太太有限公司,臺北市中正區忠孝西路1段21號7樓,謝閔,1000000,112/12/29,115/05/26,公司所在地,F106020 日常用品批發業；F108040 化粧品批發業；F107030 清潔用品批發業；F102170 食品什貨批發業；F104110 布疋、衣著、鞋、帽、傘、服飾品批發業；F206020 日常用品零售業；F208040 化粧品零售業；F207030 清潔用品零售業；F203010 食品什貨、飲料零售業；F204110 布疋、衣著、鞋、帽、傘、服飾品零售業,臺北市,變更,11505
93501079,英商英廣股份有限公司,臺北市信義區松高路11號25樓,Yogesh Yadav,1200000,112/12/29,115/05/22,改派在中華民國境內負責人變更登記,I301030 電子資訊供應服務業；ZZ99999 除許可業務外，得經營法令非禁止或限制之業務,臺北市,變更,11505
93502197,和潤興業股份有限公司,臺北市內湖區瑞光路605號10樓,陳建州,3027510000,113/01/29,115/05/05,發行新股,D101050 汽電共生業；D101060 再生能源自用發電設備業；D401010 熱能供應業；E601010 電器承裝業；E601020 電器安裝業；E603040 消防安全設備安裝工程業；E603050 自動控制設備工程業；E604010 機械安裝業；E605010 電腦設備安裝業；E606010 用電設備檢驗維護業,臺北市,變更,11505
93514882,熙澄國際有限公司,臺北市萬華區開封街2段32號5樓之1,江伊庭,3000000,112/12/01,115/05/15,特殊補正,F102170 食品什貨批發業；F104110 布疋、衣著、鞋、帽、傘、服飾品批發業；F106020 日常用品批發業；F108040 化粧品批發業；F115010 首飾及貴金屬批發業；F203010 食品什貨、飲料零售業；F204110 布疋、衣著、鞋、帽、傘、服飾品零售業；F206020 日常用品零售業；F208040 化粧品零售業；F401010 國際貿易業,臺北市,變更,11505
93515329,英屬維京群島商奈普投資股份有限公司,臺北市大安區敦化南路2段77號19樓之3,江朝瑞,100000,112/12/08,115/05/08,改派在中華民國境內負責人變更登記,H201010 一般投資業；ZZ99999 除許可業務外，得經營法令非禁止或限制之業務,臺北市,變更,11505
93516241,邁邏行銷顧問有限公司,臺北市松山區八德路3段2號10樓之1,袁仕修,100000,112/12/05,115/05/05,特殊補正,I102010 一般投資顧問業；I103060 管理顧問業；I199990 其他顧問服務業；I401010 一般廣告服務業；F401010 國際貿易業；ZZ99999 除許可業務外，得經營法令非禁止或限制之業務,臺北市,變更,11505
93520511,簡單溫度計媒體科技股份有限公司,臺北市信義區基隆路1段178號5樓,翁子騏,10000000,112/11/23,115/05/07,特殊補正,I301010 資訊軟體服務業；I401010 一般廣告服務業；IZ13010 網路認證服務業；I199990 其他顧問服務業；JB01010 會議及展覽服務業；F501050 飲酒店業；F501060 餐館業；F501030 飲料店業；F601010 智慧財產權業；ZZ99999 除許可業務外，得經營法令非禁止或限制之業務,臺北市,變更,11505
93520673,矽基崛起有限公司,臺北市大安區仁愛路4段34號2樓,廖玄同,1000000,112/11/24,115/05/04,特殊補正,I301010 資訊軟體服務業；I301020 資料處理服務業；I301030 電子資訊供應服務業；I301050 實境體感應用服務業；J399010 軟體出版業；IG02010 研究發展服務業；I103060 管理顧問業；F218010 資訊軟體零售業；F213040 精密儀器零售業；F399040 無店面零售業,臺北市,變更,11505
93525776,智嶼科技有限公司,臺北市信義區忠孝東路5段482號5樓之1,許禮磬,3000000,112/12/19,115/05/14,公司所在地,I301010 資訊軟體服務業；I301020 資料處理服務業；I301030 電子資訊供應服務業；I301050 實境體感應用服務業；I501010 產品設計業；F119010 電子材料批發業；F218010 資訊軟體零售業；F601010 智慧財產權業；F401010 國際貿易業；J399010 軟體出版業,臺北市,變更,11505
93529816,皓談心理科技股份有限公司,臺北市大同區重慶北路2段48號9樓之3,黃文宏,7480000,112/12/21,115/05/19,特殊補正,I301010 資訊軟體服務業；I301020 資料處理服務業；I301030 電子資訊供應服務業；I401010 一般廣告服務業；F118010 資訊軟體批發業；F218010 資訊軟體零售業；F399040 無店面零售業；F401010 國際貿易業；IG02010 研究發展服務業；I199990 其他顧問服務業,臺北市,變更,11505
93535465,登豐科技自助儲物有限公司,臺北市松山區民生東路3段128號12樓之1,林聰敏,3000000,112/11/28,115/05/07,特殊補正,H703120 自助儲物空間業；H703100 不動產租賃業；I103060 管理顧問業；IZ99990 其他工商服務業；JE01010 租賃業；ZZ99999 除許可業務外，得經營法令非禁止或限制之業務,臺北市,變更,11505
93535578,心翔橙國際有限公司,臺北市士林區承德路4段12巷39號1樓,簡錦村,1000000,112/12/01,115/05/26,特殊補正,F102170 食品什貨批發業；F121010 食品添加物批發業；F101990 其他農、畜、水產品批發業；F203010 食品什貨、飲料零售業；F221010 食品添加物零售業；F201010 農產品零售業；F201020 畜產品零售業；F201030 水產品零售業；F399990 其他綜合零售業；F399040 無店面零售業,臺北市,變更,11505
93535697,德康餐飲股份有限公司,臺北市大安區光復南路262之1號1樓,楊克生,7000000,112/11/28,115/05/14,公司所在地,F201010 農產品零售業；F201020 畜產品零售業；F201030 水產品零售業；F203010 食品什貨、飲料零售業；F203020 菸酒零售業；F221010 食品添加物零售業；F399040 無店面零售業；F401010 國際貿易業；F501060 餐館業；F501030 飲料店業,臺北市,變更,11505
93535824,蓁達國際投資股份有限公司,臺北市內湖區內湖路1段604號2樓,潘冠達,27000000,112/11/28,115/05/05,改選董事/監察人(一人法人股東指派董事/監察人),H201010 一般投資業,臺北市,變更,11505
93535872,魅力傳媒有限公司,臺北市大安區忠孝東路4段221號10樓,熊仁莊,530000,112/11/28,115/05/20,股東出資轉讓修正章程,J401010 電影片製作業；J402010 電影片發行業；J404050 電影特效製作業；J503040 廣播電視廣告業；J305010 有聲出版業；J399010 軟體出版業；J601010 藝文服務業；I103060 管理顧問業；I199990 其他顧問服務業；I401010 一般廣告服務業,臺北市,變更,11505
93535887,中華創新都更地產股份有限公司,臺北市大安區建國南路1段160號7樓之2,吳錦宗,2400000,112/11/29,115/05/19,公司所在地,E801010 室內裝潢業；E801070 廚具、衛浴設備安裝工程業；E601020 電器安裝業；E901010 油漆工程業；EZ99990 其他工程業；I102010 一般投資顧問業；I103060 管理顧問業；I401010 一般廣告服務業；I503010 景觀、室內設計業；I301010 資訊軟體服務業,臺北市,變更,11505
93536443,扁平地球管理顧問有限公司,臺北市中山區長春路366號3樓,,500000,112/11/30,115/05/06,經理人解任,I103060 管理顧問業；E603010 電纜安裝工程業；E599010 配管工程業；IG02010 研究發展服務業；ZZ99999 除許可業務外，得經營法令非禁止或限制之業務,臺北市,變更,11505
93536957,山畝餐飲有限公司,臺北市中山區吉林路16號1樓,陳彥豪,8000000,112/12/01,115/05/21,特殊補正,F501060 餐館業；F102040 飲料批發業；F102170 食品什貨批發業；F203010 食品什貨、飲料零售業；F203020 菸酒零售業；F401010 國際貿易業；F601010 智慧財產權業；F501030 飲料店業；C199030 即食餐食製造業；ZZ99999 除許可業務外，得經營法令非禁止或限制之業務,臺北市,變更,11505
93545816,頡祥投資股份有限公司,臺北市大安區復興南路1段380號8樓,張許淑華,49401720,112/12/07,115/05/27,增資(資本總額),H201010 一般投資業,臺北市,變更,11505
93545822,金鑰匙國際股份有限公司,臺北市大安區忠孝東路4段183號13樓之2,陳俊元,1100000,112/12/07,115/05/07,特殊補正,J202010 產業育成業；JA05010 留、遊學服務業；H704041 不動產代銷經紀業；J901020 一般旅館業；H701020 工業廠房開發租售業；H202010 創業投資業；F301010 百貨公司業；IZ15010 市場研究及民意調查業；JE01010 租賃業；J304010 圖書出版業,臺北市,變更,11505
93546147,唯至顧問行銷有限公司,臺北市北投區大業路160號3樓,周庭聿,500000,112/12/07,115/05/18,股東出資轉讓修正章程,I103060 管理顧問業；I199990 其他顧問服務業；I301010 資訊軟體服務業；IZ04010 翻譯業；F399040 無店面零售業；F401010 國際貿易業；ZZ99999 除許可業務外，得經營法令非禁止或限制之業務,臺北市,變更,11505
93546527,築京亞洲資本股份有限公司,臺北市大安區基隆路2段112號6樓,吳宗憲,2500000,112/12/08,115/05/06,公司所在地,HZ99990 其他金融、保險及不動產業；H201010 一般投資業；H701010 住宅及大樓開發租售業；H703090 不動產買賣業；H703100 不動產租賃業；H702010 建築經理業；H701080 都市更新重建業；H701090 都市更新整建維護業；H701060 新市鎮、新社區開發業；I401010 一般廣告服務業,臺北市,變更,11505
93546723,寶佳莉有限公司,臺北市中正區重慶南路1段57號10樓之17,陳莉蓁,1050000,112/12/11,115/05/28,增資,F399040 無店面零售業；F203010 食品什貨、飲料零售業；F204110 布疋、衣著、鞋、帽、傘、服飾品零售業；F208040 化粧品零售業；F104110 布疋、衣著、鞋、帽、傘、服飾品批發業；F108040 化粧品批發業；F101130 蔬果批發業；F299990 其他零售業；F201010 農產品零售業；F102170 食品什貨批發業,臺北市,變更,11505
93547552,長春阿二麻辣有限公司,臺北市中山區伊通街102號1樓,蔡世力,2000000,112/12/13,115/05/12,特殊補正,F203010 食品什貨、飲料零售業；F203020 菸酒零售業；F501030 飲料店業；F501060 餐館業；I101090 食品顧問業；I103060 管理顧問業；ZZ99999 除許可業務外，得經營法令非禁止或限制之業務,臺北市,變更,11505
93547878,引沛科技股份有限公司,臺北市中正區仁愛路2段25號5樓,廖紹叡,1000000,112/12/13,115/05/04,特殊補正,D101060 再生能源自用發電設備業；D401010 熱能供應業；E601020 電器安裝業；E502010 燃料導管安裝工程業；E603010 電纜安裝工程業；E603050 自動控制設備工程業；E603090 照明設備安裝工程業；E603100 電焊工程業；E605010 電腦設備安裝業；E701040 簡易電信設備安裝業,臺北市,變更,11505
93556947,悅陽投資股份有限公司,臺北市信義區基隆路1段159號17樓,楊世宇,40000000,113/02/22,115/05/21,特殊補正,H201010 一般投資業；H701010 住宅及大樓開發租售業；H701020 工業廠房開發租售業；H703090 不動產買賣業；H703100 不動產租賃業；ZZ99999 除許可業務外，得經營法令非禁止或限制之業務,臺北市,變更,11505
93557495,台灣大和房屋不動產管理顧問股份有限公司,臺北市中正區忠孝西路1段6號9樓,佐藤一哉,297023000,113/02/23,115/05/14,發行新股,JZ99050 仲介服務業；I103060 管理顧問業；H701010 住宅及大樓開發租售業；H703090 不動產買賣業；H703100 不動產租賃業；G202010 停車場經營業；ZZ99999 除許可業務外，得經營法令非禁止或限制之業務,臺北市,變更,11505
93557740,時時日有限公司,臺北市大同區重慶北路2段198號1樓,葉育莙,100000,113/02/26,115/05/29,特殊補正,F102170 食品什貨批發業；F102040 飲料批發業；F104110 布疋、衣著、鞋、帽、傘、服飾品批發業；F105050 家具、寢具、廚房器具、裝設品批發業；F109070 文教、樂器、育樂用品批發業；F202010 飼料零售業；F203010 食品什貨、飲料零售業；F204110 布疋、衣著、鞋、帽、傘、服飾品零售業；F205040 家具、寢具、廚房器具、裝設品零售業；F209060 文教、樂器、育樂用品零售業,臺北市,變更,11505
93557832,煥松投資股份有限公司,臺北市中山區長安西路12號3樓之1,賴碧君,66000000,113/02/23,115/05/25,董事/監察人持股變動報備,H201010 一般投資業；H202010 創業投資業；H204010 私募股權投資業；ZZ99999 除許可業務外，得經營法令非禁止或限制之業務,臺北市,變更,11505
93557930,開源台灣股份有限公司,臺北市大安區敦化南路2段63巷46號,汪純和,8500000,113/02/26,115/05/27,特殊補正,F106020 日常用品批發業；F206020 日常用品零售業；F203010 食品什貨、飲料零售業；F206040 水器材料零售業；F209060 文教、樂器、育樂用品零售業；F205040 家具、寢具、廚房器具、裝設品零售業；J399010 軟體出版業；F118010 資訊軟體批發業；F218010 資訊軟體零售業；F399040 無店面零售業,臺北市,變更,11505
93557973,正格資訊工程股份有限公司,臺北市信義區中坡南路24號2樓,夏萍,5000000,113/02/26,115/05/06,公司所營事業變更修正章程,CC01020 電線及電纜製造業；CC01060 有線通信機械器材製造業；E599010 配管工程業；E601010 電器承裝業；E601020 電器安裝業；E603010 電纜安裝工程業；E603040 消防安全設備安裝工程業；E603080 交通號誌安裝工程業；E603090 照明設備安裝工程業；E605010 電腦設備安裝業,臺北市,變更,11505
93558810,信泰航空服務股份有限公司,臺北市信義區忠孝東路5段1之2號5樓,楊丹云,5000000,113/02/29,115/05/14,特殊補正,G501020 民用航空總代理業；G601011 航空貨運承攬業；ZZ99999 除許可業務外，得經營法令非禁止或限制之業務,臺北市,變更,11505
93558895,利安達永續發展服務有限公司,臺北市大安區光復南路102號4樓,吳明儀,5000000,113/02/29,115/05/12,特殊補正,I101070 農、林、漁、畜牧顧問業；I101080 工、礦顧問業；I101090 食品顧問業；I101110 紡織顧問業；I102010 一般投資顧問業；I103060 管理顧問業；I199990 其他顧問服務業；IC01010 藥品檢驗業；E606010 用電設備檢驗維護業；IF04010 非破壞檢測業,臺北市,變更,11505
93567888,上騰嘉國際有限公司,臺北市中正區衡陽路10號7樓,陳冠融,1000000,106/07/18,115/05/11,補繳規費,I103060 管理顧問業；I199990 其他顧問服務業；I301010 資訊軟體服務業；I301030 電子資訊供應服務業；I401010 一般廣告服務業；F399040 無店面零售業；F401010 國際貿易業；F601010 智慧財產權業；H703090 不動產買賣業；H703100 不動產租賃業,臺北市,變更,11505
93570390,影易數位股份有限公司,臺北市中山區建國北路3段90號,王思翰,555000,113/03/21,115/05/11,增資(資本總額),F104110 布疋、衣著、鞋、帽、傘、服飾品批發業；F106010 五金批發業；F108040 化粧品批發業；F116010 照相器材批發業；F113020 電器批發業；F204110 布疋、衣著、鞋、帽、傘、服飾品零售業；F206010 五金零售業；F208040 化粧品零售業；F216010 照相器材零售業；F213010 電器零售業,臺北市,變更,11505
93586301,雷格西股份有限公司,臺北市松山區敦化南路1段2號10樓,劉揚懿,2800000,113/01/05,115/05/11,補繳規費,H201010 一般投資業,臺北市,變更,11505
93587028,讀想股份有限公司,臺北市松山區敦化南路1段2號10樓,劉媫,4450000,113/01/08,115/05/12,補繳規費,H201010 一般投資業,臺北市,變更,11505
93590754,小熊行銷有限公司,臺北市大同區民權西路268號3樓,許斐淳,200000,113/01/24,115/05/27,公司所營事業變更修正章程,I401010 一般廣告服務業；I599990 其他設計業；I501010 產品設計業；JZ99030 攝影業；J399990 其他出版業；F399040 無店面零售業；I301010 資訊軟體服務業；H201010 一般投資業；I503010 景觀設計業；I103060 管理顧問業,臺北市,變更,11505
93591178,飛躍電商有限公司,臺北市中山區撫順街6之1號4樓之1,CALVIN LEE KUOK FUNG,500000,113/01/24,115/05/11,經理人解任,F105050 家具、寢具、廚房器具、裝設品批發業；F106010 五金批發業；F106020 日常用品批發業；F107030 清潔用品批發業；F108040 化粧品批發業；F205040 家具、寢具、廚房器具、裝設品零售業；F206010 五金零售業；F206020 日常用品零售業；F207030 清潔用品零售業；F208040 化粧品零售業,臺北市,變更,11505
93591374,集星資通股份有限公司,臺北市中山區長安東路1段23號10樓之2,呂柏彥,45362500,113/01/25,115/05/29,發行新股,I301030 電子資訊供應服務業；JZ99990 未分類其他服務業；CC01120 資料儲存媒體製造及複製業；I301010 資訊軟體服務業；JI01010 互動式情境體驗服務業；I301020 資料處理服務業；I401010 一般廣告服務業；IZ13010 網路認證服務業；IZ99990 其他工商服務業；J602010 演藝活動業,臺北市,變更,11505
93591466,林國財有限公司,臺北市大安區忠孝東路4段162號12樓之2,POOCHIT LIMPAKANONT,30010000,113/01/25,115/05/21,特殊補正,F113070 電信器材批發業；F213060 電信器材零售業；F401010 國際貿易業；H201010 一般投資業；H202010 創業投資業；I102010 一般投資顧問業；I301010 資訊軟體服務業；I301020 資料處理服務業；F118010 資訊軟體批發業；F218010 資訊軟體零售業,臺北市,變更,11505
93591590,安昕租賃有限公司,臺北市松山區光復南路32巷16弄4號1樓,林垂穎,16000000,113/01/26,115/05/29,特殊補正,G101041 小客車租賃業；JE01010 租賃業；IZ12010 人力派遣業；F207990 其他化學製品零售業；F212050 石油製品零售業；F214010 汽車零售業；F114010 汽車批發業；ZZ99999 除許可業務外，得經營法令非禁止或限制之業務,臺北市,變更,11505
93591894,珍和企業有限公司,臺北市中正區羅斯福路4段68號7樓之9,王仕維,5000000,113/01/29,115/05/06,特殊補正,F108040 化粧品批發業；F208040 化粧品零售業；F399040 無店面零售業；F106010 五金批發業；F106020 日常用品批發業；F113020 電器批發業；F113070 電信器材批發業；F118010 資訊軟體批發業；F119010 電子材料批發業；F113050 電腦及事務性機器設備批發業,臺北市,變更,11505
93597291,伊布國際股份有限公司,臺北市松山區敦化北路207號7樓之1,黃新雅,1000000,113/03/05,115/05/27,特殊補正,F104110 布疋、衣著、鞋、帽、傘、服飾品批發業；F204110 布疋、衣著、鞋、帽、傘、服飾品零售業；JZ99090 喜慶綜合服務業；I401010 一般廣告服務業；JZ99050 仲介服務業；JI01010 互動式情境體驗服務業；F109070 文教、樂器、育樂用品批發業；F209060 文教、樂器、育樂用品零售業；F199990 其他批發業；JZ99030 攝影業,臺北市,變更,11505
93597911,初心聚儒股份有限公司,臺北市中正區羅斯福路2段140號11樓之2,薛博文,200000,113/04/08,115/05/12,特殊補正,H703100 不動產租賃業；JE01010 租賃業；I102010 一般投資顧問業；H201010 一般投資業；J202010 產業育成業；I103060 管理顧問業；I199990 其他顧問服務業；F399040 無店面零售業；F102170 食品什貨批發業；F203010 食品什貨、飲料零售業,臺北市,變更,11505
93598799,金東貴金屬股份有限公司,臺北市松山區復興北路367號10樓,林仁偉,10000000,113/04/10,115/05/08,改選董事/監察人(一人法人股東指派董事/監察人),F401010 國際貿易業；F106010 五金批發業；F115010 首飾及貴金屬批發業；F206010 五金零售業；CC01030 電器及視聽電子產品製造業；CA02090 金屬線製品製造業；CG01010 珠寶及貴金屬製品製造業；CA01990 其他非鐵金屬基本工業；IZ12010 人力派遣業；ZZ99999 除許可業務外，得經營法令非禁止或限制之業務,臺北市,變更,11505
93599158,尼森環球有限公司,臺北市大安區龍泉街5巷10號1樓,彭則之,600000,113/04/11,115/05/22,特殊補正,F399040 無店面零售業；F401010 國際貿易業；F102030 菸酒批發業；F102040 飲料批發業；F102050 茶葉批發業；F104110 布疋、衣著、鞋、帽、傘、服飾品批發業；G799990 其他運輸輔助業；JE01010 租賃業；F102170 食品什貨批發業；G801010 倉儲業,臺北市,變更,11505
93599241,康興樂活股份有限公司,臺北市文山區景興路217號6樓之1,蔡淑芬,40000000,113/04/12,115/05/18,特殊補正,F106020 日常用品批發業；F102170 食品什貨批發業；F104110 布疋、衣著、鞋、帽、傘、服飾品批發業；F101130 蔬果批發業；F101050 水產品批發業；F107030 清潔用品批發業；F108040 化粧品批發業；F109070 文教、樂器、育樂用品批發業；F201010 農產品零售業；F201020 畜產品零售業,臺北市,變更,11505
93604531,伊利宸股份有限公司,臺北市大安區忠孝東路4段162號12樓之2,姜伊凡,1500000,113/01/08,115/05/26,董事/監察人持股變動報備,E801010 室內裝潢業；E801020 門窗安裝工程業；E801030 室內輕鋼架工程業；E801040 玻璃安裝工程業；E901010 油漆工程業；E903010 防蝕、防銹工程業；EZ99990 其他工程業；F106010 五金批發業；F107010 漆料、塗料批發業；F111090 建材批發業,臺北市,變更,11505
93614664,永鼎設計有限公司,臺北市中正區重慶南路1段43號12樓之4,王詠儀,5000000,113/03/21,115/05/19,特殊補正,CH01040 玩具製造業；E599010 配管工程業；E601010 電器承裝業；E601020 電器安裝業；E603010 電纜安裝工程業；E603050 自動控制設備工程業；E603090 照明設備安裝工程業；E605010 電腦設備安裝業；E701010 電信工程業；E701040 簡易電信設備安裝業,臺北市,變更,11505
93614756,艾森網路資訊有限公司,臺北市中正區南陽街24號2樓,黃建豐,500000,113/03/22,115/05/21,改推董事/董事長,I301010 資訊軟體服務業；I301020 資料處理服務業；I301030 電子資訊供應服務業；I401010 一般廣告服務業；I199990 其他顧問服務業；IZ09010 管理系統驗證業；IZ13010 網路認證服務業；IZ99990 其他工商服務業；J399010 軟體出版業；F104110 布疋、衣著、鞋、帽、傘、服飾品批發業,臺北市,變更,11505
93614783,和臻實業有限公司,臺北市中山區松江路152號6樓之6,彭棏隆,2000000,113/03/21,115/05/27,特殊補正,E599010 配管工程業；E601020 電器安裝業；E603010 電纜安裝工程業；E603020 電梯安裝工程業；E603040 消防安全設備安裝工程業；E603050 自動控制設備工程業；E603090 照明設備安裝工程業；E603100 電焊工程業；E603110 冷作工程業；E603120 噴砂工程業,臺北市,變更,11505
93614812,天佑室內裝修有限公司,臺北市中正區開封街1段37號7樓,吳建賢,5000000,113/03/21,115/05/29,增資,E801060 室內裝修業；E801010 室內裝潢業；E701040 簡易電信設備安裝業；E603090 照明設備安裝工程業；E801020 門窗安裝工程業；E801070 廚具、衛浴設備安裝工程業；E901010 油漆工程業；EZ99990 其他工程業；E603040 消防安全設備安裝工程業；E601020 電器安裝業,臺北市,變更,11505
93614849,進金生國際股份有限公司,臺北市內湖區新湖二路257號5樓,黃舉昇,593822800,113/03/21,115/05/07,補選董事(常務董事.董事長)/監察人,CB01020 事務機器製造業；CC01030 電器及視聽電子產品製造業；CC01060 有線通信機械器材製造業；CC01070 無線通信機械器材製造業；CC01080 電子零組件製造業；CC01110 電腦及其週邊設備製造業；CE01030 光學儀器製造業；E601010 電器承裝業；E601020 電器安裝業；E603050 自動控制設備工程業,臺北市,變更,11505
93614881,鈦磐工程有限公司,臺北市中山區中山北路1段121巷27號5樓,姚雯玥,3100000,113/03/21,115/05/06,特殊補正,CB01010 機械設備製造業；CB01990 其他機械製造業；CZ99990 未分類其他工業製品製造業；F106020 日常用品批發業；F107020 染料、顏料批發業；F107030 清潔用品批發業；F108040 化粧品批發業；F113030 精密儀器批發業；F206020 日常用品零售業；F207020 染料、顏料零售業,臺北市,變更,11505
93616092,協碼智慧科技股份有限公司,臺北市中山區德惠街9號4樓之1,李昱達,1000000,113/03/25,115/05/08,特殊補正,I301010 資訊軟體服務業；I301020 資料處理服務業；I301030 電子資訊供應服務業；I401010 一般廣告服務業；F399040 無店面零售業；F102170 食品什貨批發業；F113050 電腦及事務性機器設備批發業；F118010 資訊軟體批發業；F203010 食品什貨、飲料零售業；F213030 電腦及事務性機器設備零售業,臺北市,變更,11505
93616375,睿誠生技股份有限公司,臺北市大安區仁愛路4段101號14樓,林敬涵,7000000,113/03/26,115/05/27,特殊補正,IG01010 生物技術服務業；F102040 飲料批發業；F102170 食品什貨批發業；F106020 日常用品批發業；F108040 化粧品批發業；F203010 食品什貨、飲料零售業；F206020 日常用品零售業；F208040 化粧品零售業；F401010 國際貿易業；F399040 無店面零售業,臺北市,變更,11505
93619627,信喜工程股份有限公司,臺北市文山區興隆路1段159號2樓,曹曼健,5000000,113/04/08,115/05/05,特殊補正,E601020 電器安裝業；E603040 消防安全設備安裝工程業；E603090 照明設備安裝工程業；E604010 機械安裝業；E801010 室內裝潢業；E801020 門窗安裝工程業；E801030 室內輕鋼架工程業；E801040 玻璃安裝工程業；E801070 廚具、衛浴設備安裝工程業；E901010 油漆工程業,臺北市,變更,11505
93619963,起而行實業有限公司,臺北市中山區長安東路2段230號10樓,王致瑋,1000000,113/04/09,115/05/06,申登機關變更（遷入，含卷）,F401010 國際貿易業；F106020 日常用品批發業；F106010 五金批發業；F206010 五金零售業；F119010 電子材料批發業；F219010 電子材料零售業；F399040 無店面零售業；F113050 電腦及事務性機器設備批發業；F213030 電腦及事務性機器設備零售業；ZZ99999 除許可業務外，得經營法令非禁止或限制之業務,臺北市,變更,11505
93620672,好事就花生股份有限公司,臺北市中正區仁愛路2段25號5樓,陳兆伸,100000,113/04/03,115/05/25,特殊補正,F118010 資訊軟體批發業；F218010 資訊軟體零售業；F119010 電子材料批發業；F219010 電子材料零售業；I301010 資訊軟體服務業；I301020 資料處理服務業；I301030 電子資訊供應服務業；I401010 一般廣告服務業；I501010 產品設計業；I103060 管理顧問業,臺北市,變更,11505
93621258,食集資訊股份有限公司,臺北市中山區中山北路2段170號8樓,張瀚仁,24445960,113/01/17,115/05/25,特殊補正,I301010 資訊軟體服務業；I301020 資料處理服務業；I301030 電子資訊供應服務業；I401010 一般廣告服務業；I501010 產品設計業；F399040 無店面零售業；F401010 國際貿易業；I103060 管理顧問業；JE01010 租賃業；ZZ99999 除許可業務外，得經營法令非禁止或限制之業務,臺北市,變更,11505
93641521,野川開發有限公司,臺北市中山區吉林路456巷5號1樓,游禮謙,5000000,113/01/11,115/05/19,改推董事/董事長,H201010 一般投資業；H701010 住宅及大樓開發租售業；H701050 投資興建公共建設業；H701060 新市鎮、新社區開發業；H701070 區段徵收及市地重劃代辦業；H703090 不動產買賣業；H703100 不動產租賃業；I401010 一般廣告服務業；I401020 廣告傳單分送業；F206010 五金零售業,臺北市,變更,11505
93642417,寶齊投資股份有限公司,臺北市中山區建國北路3段92號7樓,陳温良,6980000,113/01/11,115/05/08,增資(資本總額),H201010 一般投資業,臺北市,變更,11505
93648236,原根道股份有限公司,臺北市中山區南京東路2段124號9樓,周郁恩,1050000,113/01/30,115/05/18,特殊補正,F104110 布疋、衣著、鞋、帽、傘、服飾品批發業；F105050 家具、寢具、廚房器具、裝設品批發業；F106020 日常用品批發業；F106050 陶瓷玻璃器皿批發業；F109070 文教、樂器、育樂用品批發業；F203010 食品什貨、飲料零售業；F204110 布疋、衣著、鞋、帽、傘、服飾品零售業；F205040 家具、寢具、廚房器具、裝設品零售業；F206020 日常用品零售業；F209060 文教、樂器、育樂用品零售業,臺北市,變更,11505
93649066,星光資本有限公司,臺北市信義區松勤街9號16樓之7,曹暖玉,21000000,113/01/31,115/05/06,特殊補正,J803010 運動表演業；J802010 運動訓練業；J803020 運動比賽業；J801030 競技及休閒運動場館業；F109070 文教、樂器、育樂用品批發業；F209060 文教、樂器、育樂用品零售業；I501010 產品設計業；I502010 服飾設計業；I503010 景觀設計業；I504010 花藝設計業,臺北市,變更,11505
93649349,幻星科技有限公司,臺北市大安區復興南路2段237號13樓,陳敏玲,5000000,113/01/31,115/05/18,特殊補正,CC01120 資料儲存媒體製造及複製業；E605010 電腦設備安裝業；E701010 電信工程業；F113030 精密儀器批發業；F113050 電腦及事務性機器設備批發業；F113070 電信器材批發業；F118010 資訊軟體批發業；F119010 電子材料批發業；F213030 電腦及事務性機器設備零售業；F213040 精密儀器零售業,臺北市,變更,11505
93649782,澄晨生技有限公司,臺北市信義區忠孝東路5段1之8號12樓,曾芷澄,1100000,113/02/02,115/05/08,特殊補正,C103050 罐頭、冷凍、脫水及醃漬食品製造業；C114010 食品添加物製造業；C199990 未分類其他食品製造業；F102020 食用油脂批發業；F102040 飲料批發業；F102170 食品什貨批發業；F107030 清潔用品批發業；F108040 化粧品批發業；F121010 食品添加物批發業；F203010 食品什貨、飲料零售業,臺北市,變更,11505
93649903,心路投資股份有限公司,臺北市南港區市民大道8段207號4樓,劉湘萍,3000000,113/02/05,115/05/21,特殊補正,H201010 一般投資業；I102010 一般投資顧問業；I103060 管理顧問業；I199990 其他顧問服務業；ZZ99999 除許可業務外，得經營法令非禁止或限制之業務,臺北市,變更,11505
93650801,酷里奇貝爾實業有限公司,臺北市松山區南京東路5段118號6樓之3,蔣禮,1000000,113/02/02,115/05/15,特殊補正,F214010 汽車零售業；F214030 汽、機車零件配備零售業；JA01990 其他汽車服務業；F102170 食品什貨批發業；F203010 食品什貨、飲料零售業；JZ99050 仲介服務業；F501060 餐館業；F102040 飲料批發業；F102030 菸酒批發業；F203020 菸酒零售業,臺北市,變更,11505
93651029,魔客築夢有限公司,臺北市大同區承德路3段125號3樓,謝欣漢,500000,113/02/02,115/05/19,公司所在地,F102170 食品什貨批發業；F104110 布疋、衣著、鞋、帽、傘、服飾品批發業；F105050 家具、寢具、廚房器具、裝設品批發業；F106020 日常用品批發業；F113050 電腦及事務性機器設備批發業；F199990 其他批發業；F203010 食品什貨、飲料零售業；F204110 布疋、衣著、鞋、帽、傘、服飾品零售業；F205040 家具、寢具、廚房器具、裝設品零售業；F206020 日常用品零售業,臺北市,變更,11505
93651301,聯訊玖創業投資股份有限公司,臺北市內湖區堤頂大道二段187號7樓,周德虔,772800000,113/02/05,115/05/20,一般補正案,H202010 創業投資業,臺北市,變更,11505
93651843,祿高股份有限公司,臺北市中山區八德路2段281號1樓,楊正平,5900000,113/02/05,115/05/25,發行新股,F102170 食品什貨批發業；F203010 食品什貨、飲料零售業；F203020 菸酒零售業；F501030 飲料店業；F501050 飲酒店業；F501060 餐館業；ZZ99999 除許可業務外，得經營法令非禁止或限制之業務,臺北市,變更,11505
93668915,捌拓制作設計有限公司,臺北市信義區基隆路2段7號4樓,唐丞凱,1000000,113/03/04,115/05/19,特殊補正,E599010 配管工程業；E601010 電器承裝業；E603040 消防安全設備安裝工程業；E603050 自動控制設備工程業；E603090 照明設備安裝工程業；E605010 電腦設備安裝業；E701010 電信工程業；E701020 衛星電視ＫＵ頻道、Ｃ頻道器材安裝業；E701030 電信管制射頻器材裝設工程業；E701040 簡易電信設備安裝業,臺北市,變更,11505
93680811,鉅盛鑫實業有限公司,臺北市大同區民權西路136號9樓之14,楊學昌,791000,113/03/12,115/05/26,改推董事/董事長,H202010 創業投資業；H701010 住宅及大樓開發租售業；H701020 工業廠房開發租售業；H701050 投資興建公共建設業；H701060 新市鎮、新社區開發業；H701070 區段徵收及市地重劃代辦業；H701090 都市更新整建維護業；H702010 建築經理業；H703090 不動產買賣業；H703100 不動產租賃業,臺北市,變更,11505
93681699,昀軒有限公司,臺北市內湖區陽光街345巷14號4樓,余秉叡,2000000,113/03/12,115/05/18,特殊補正,F102040 飲料批發業；F102170 食品什貨批發業；F105050 家具、寢具、廚房器具、裝設品批發業；F106010 五金批發業；F106020 日常用品批發業；F106040 水器材料批發業；F111090 建材批發業；F113020 電器批發業；F113050 電腦及事務性機器設備批發業；F113070 電信器材批發業,臺北市,變更,11505
93686033,愛詩國際有限公司,臺北市中山區德惠街167巷29號1樓,水野桂子,500000,113/03/15,115/05/04,公司所營事業變更修正章程,F399040 無店面零售業；I401010 一般廣告服務業；J202010 產業育成業；I501010 產品設計業；I301020 資料處理服務業；F104110 布疋、衣著、鞋、帽、傘、服飾品批發業；F105050 家具、寢具、廚房器具、裝設品批發業；F106020 日常用品批發業；F219010 電子材料零售業；F108040 化粧品批發業,臺北市,變更,11505
93693490,金協興營造股份有限公司,臺北市南港區經貿一路170號11樓之2,陳學聖,200000000,68/03/09,115/05/25,發行新股,E101011 綜合營造業；ZZ99999 除許可業務外，得經營法令非禁止或限制之業務,臺北市,變更,11505
93696721,福鈺投資股份有限公司,臺北市大安區信義路4段296號15樓,高玉汶,12000000,113/03/18,115/05/08,發行新股,H201010 一般投資業；ZZ99999 除許可業務外，得經營法令非禁止或限制之業務,臺北市,變更,11505
93697284,群山企業有限公司,臺北市信義區忠孝東路5段482號9樓之8,林晴晴,960000,113/03/18,115/05/19,特殊補正,I301010 資訊軟體服務業；I301020 資料處理服務業；I301030 電子資訊供應服務業；I103060 管理顧問業；F399040 無店面零售業；JB01010 會議及展覽服務業；I199990 其他顧問服務業；IG02010 研究發展服務業；ZZ99999 除許可業務外，得經營法令非禁止或限制之業務；I401010 一般廣告服務業,臺北市,變更,11505
93699419,登福有限公司,臺北市內湖區內湖路1段91巷102弄18號2樓之3,LEE JOHNNY(楊謀鈞),149745324,113/03/20,115/05/18,增資,H201010 一般投資業；ZZ99999 除許可業務外，得經營法令非禁止或限制之業務,臺北市,變更,11505
93705756,天工工程有限公司,臺北市內湖區成功路2段235號2樓,王婷芬,2000000,113/04/02,115/05/05,特殊補正,F399040 無店面零售業；JZ99050 仲介服務業；F106020 日常用品批發業；I102010 一般投資顧問業；IZ99990 其他工商服務業；I103060 管理顧問業；I199990 其他顧問服務業；EZ99990 其他工程業；E599010 配管工程業；E601020 電器安裝業,臺北市,變更,11505
93707467,辰星耀眼科技有限公司,臺北市內湖區成功路2段235號2樓,劉貞炘,2000000,113/04/09,115/05/05,特殊補正,CC01110 電腦及其週邊設備製造業；CC01120 資料儲存媒體製造及複製業；F109070 文教、樂器、育樂用品批發業；F118010 資訊軟體批發業；F218010 資訊軟體零售業；F399040 無店面零售業；F401010 國際貿易業；I301010 資訊軟體服務業；I301020 資料處理服務業；I301030 電子資訊供應服務業,臺北市,變更,11505
93714045,弘發國際貿易有限公司,臺北市中山區中山北路3段47號6樓,陳立軒,200000,113/04/01,115/05/08,特殊補正,F102170 食品什貨批發業；F199990 其他批發業；F201010 農產品零售業；F203010 食品什貨、飲料零售業；F206020 日常用品零售業；F299990 其他零售業；F399040 無店面零售業；F399990 其他綜合零售業；F401010 國際貿易業；ZZ99999 除許可業務外，得經營法令非禁止或限制之業務,臺北市,變更,11505
93714349,躍泓科技股份有限公司,臺北市大安區忠孝東路4段270號14樓之1,周家豪,20000,113/04/01,115/05/29,特殊補正,IG03010 能源技術服務業；D101060 再生能源自用發電設備業；I103060 管理顧問業；CC01010 發電、輸電、配電機械製造業；ZZ99999 除許可業務外，得經營法令非禁止或限制之業務,臺北市,變更,11505
93716276,木子投資股份有限公司,臺北市大安區忠孝東路4段148號6樓,李應陞,16000000,113/04/02,115/05/06,特殊補正,H201010 一般投資業,臺北市,變更,11505
93717325,加核策略股份有限公司,臺北市大安區復興南路1段243號6樓,劉晏汝,505000,113/01/09,115/05/20,特殊補正,I301010 資訊軟體服務業；I301020 資料處理服務業；I401010 一般廣告服務業；I501010 產品設計業；I503010 景觀設計業；I504010 花藝設計業；F104110 布疋、衣著、鞋、帽、傘、服飾品批發業；F105050 家具、寢具、廚房器具、裝設品批發業；F106010 五金批發業；F111090 建材批發業,臺北市,變更,11505
93718345,晟耀國際貿易有限公司,臺北市中山區長安東路2段110號9樓,高晟淵,300000,113/01/11,115/05/21,公司所營事業變更修正章程,F106010 五金批發業；F106030 模具批發業；F106040 水器材料批發業；F206010 五金零售業；F206030 模具零售業；F206040 水器材料零售業；F399040 無店面零售業；J101010 建築物清潔服務業；JA02010 電器及電子產品修理業；JA02990 其他修理業,臺北市,變更,11505
93718366,瑞米偲行銷顧問有限公司,臺北市中正區忠孝西路1段39號7樓,林佩冠,150000,113/01/11,115/05/13,特殊補正,F102030 菸酒批發業；F102040 飲料批發業；F102050 茶葉批發業；F102170 食品什貨批發業；F102180 酒精批發業；F104110 布疋、衣著、鞋、帽、傘、服飾品批發業；F105050 家具、寢具、廚房器具、裝設品批發業；F106010 五金批發業；F106020 日常用品批發業；F107030 清潔用品批發業,臺北市,變更,11505
93722122,冒險精靈國際旅行社有限公司,臺北市大同區民權西路136號6樓之6,李美涼,6000000,113/01/15,115/05/15,經理人變更,J902011 旅行業,臺北市,變更,11505
93722827,台灣洛克比科技有限公司,臺北市中正區忠孝東路2段14號2樓,畢安狄BALLANTYNE ANDREW OLIVER MICHAEL,500000,113/01/17,115/05/19,特殊補正,I301010 資訊軟體服務業；I301020 資料處理服務業；ZZ99999 除許可業務外，得經營法令非禁止或限制之業務,臺北市,變更,11505
93724472,泰鋼投資股份有限公司,臺北市中山區建國北路3段92號7樓,陳秋江,18574500,113/01/18,115/05/11,增資(資本總額),H201010 一般投資業,臺北市,變更,11505
93726540,康斯特科技股份有限公司,臺北市南港區南港路3段47巷55號18樓,蔡明志,195170382,113/01/19,115/05/05,特殊補正,F213030 電腦及事務性機器設備零售業；F218010 資訊軟體零售業；I301010 資訊軟體服務業；F399040 無店面零售業；E601010 電器承裝業；E605010 電腦設備安裝業；F113020 電器批發業；F113050 電腦及事務性機器設備批發業；F118010 資訊軟體批發業；F119010 電子材料批發業,臺北市,變更,11505
93726582,全人健康股份有限公司,臺北市信義區信義路4段458號11樓,謝麗華,25000000,113/01/19,115/05/19,公司所在地,F107990 其他化學製品批發業；F399040 無店面零售業；H703100 不動產租賃業；IG01010 生物技術服務業；JZ99050 仲介服務業；ZZ99999 除許可業務外，得經營法令非禁止或限制之業務；F108031 醫療器材批發業；F208031 醫療器材零售業,臺北市,變更,11505
93739329,萬花瞳幼兒服裝有限公司,臺北市內湖區洲子街12號3樓,蘇靜雯,250000,113/02/07,115/05/13,特殊補正,F104110 布疋、衣著、鞋、帽、傘、服飾品批發業；F204110 布疋、衣著、鞋、帽、傘、服飾品零售業；F299990 其他零售業；F399990 其他綜合零售業；F399040 無店面零售業；I502010 服飾設計業；JZ99070 裁縫服務業；C307010 服飾品製造業；C306010 成衣業；C399990 其他紡織及製品製造業,臺北市,變更,11505
93740108,合府股份有限公司,臺北市大安區光復南路262之1號1樓,楊克生,4800000,113/02/15,115/05/20,特殊補正,F201030 水產品零售業；F201990 其他農畜水產品零售業；F203010 食品什貨、飲料零售業；F203020 菸酒零售業；F401010 國際貿易業；F501030 飲料店業；F501060 餐館業,臺北市,變更,11505
93740563,新越不動產仲介經紀有限公司,臺北市萬華區西寧南路138號1樓,蕭仁忠,2000000,113/02/16,115/05/15,補繳規費,H704031 不動產仲介經紀業；H703090 不動產買賣業；H703100 不動產租賃業；E801010 室內裝潢業；ZZ99999 除許可業務外，得經營法令非禁止或限制之業務,臺北市,變更,11505
93741768,愛宣恩有限公司,臺北市信義區松山路421號5樓之4,高婉瑟,250000,113/02/17,115/05/26,特殊補正,F401010 國際貿易業；F113010 機械批發業；F113030 精密儀器批發業；F118010 資訊軟體批發業；F119010 電子材料批發業；F113020 電器批發業；F206010 五金零售業；F206030 模具零售業；F213010 電器零售業；F213040 精密儀器零售業,臺北市,變更,11505
93742160,朵叻健康股份有限公司,臺北市信義區市民大道6段250號6樓,劉竹寧,7000000,113/02/20,115/05/05,特殊補正,F204110 布疋、衣著、鞋、帽、傘、服飾品零售業；F206020 日常用品零售業；F207030 清潔用品零售業；F401010 國際貿易業；I199990 其他顧問服務業；IG01010 生物技術服務業；IZ12010 人力派遣業；JF01010 傳統整復推拿業；JF01020 按摩業；JF01030 腳底按摩業,臺北市,變更,11505
93742892,翊新空間設計有限公司,臺北市松山區南京東路4段1號2樓,趙永籐,1000000,113/02/19,115/05/27,股東出資轉讓修正章程,E801010 室內裝潢業；I103060 管理顧問業；I401010 一般廣告服務業；I501010 產品設計業；I503010 景觀、室內設計業；ZZ99999 除許可業務外，得經營法令非禁止或限制之業務,臺北市,變更,11505
93743230,復理國際有限公司,臺北市信義區基隆路1段159號17樓,李佩貞,100000,113/02/19,115/05/05,特殊補正,I103060 管理顧問業；I199990 其他顧問服務業；ZZ99999 除許可業務外，得經營法令非禁止或限制之業務；I301010 資訊軟體服務業；I501010 產品設計業；IZ99990 其他工商服務業；F201070 花卉零售業；I504010 花藝設計業；F205040 家具、寢具、廚房器具、裝設品零售業；F401010 國際貿易業,臺北市,變更,11505
93760504,酷玩科技股份有限公司,臺北市松山區南京東路5段250巷2弄15之1號3樓,高碩澤,3000000,112/06/21,115/05/18,票據兌現/他機關函復/補正,I301010 資訊軟體服務業；F218010 資訊軟體零售業；F401010 國際貿易業；J399010 軟體出版業；I501010 產品設計業；ZZ99999 除許可業務外，得經營法令非禁止或限制之業務,臺北市,變更,11505
93761757,說來容易有限公司,臺北市信義區基隆路2段149之49號8樓之13,,500000,112/06/20,115/05/04,解散,IZ04010 翻譯業；F401010 國際貿易業；IZ12010 人力派遣業；IZ10010 排版業；IZ02010 打字業；IZ99990 其他工商服務業；J305010 有聲出版業；J604010 聲音錄製及音樂發行業,臺北市,變更,11505
93762088,同電實業有限公司,臺北市北投區中央北路2段265號1樓,王芙蓉,2000000,112/06/29,115/05/13,特殊補正,F113010 機械批發業；F113020 電器批發業；F113030 精密儀器批發業；F113050 電腦及事務性機器設備批發業；F113110 電池批發業；F113990 其他機械器具批發業；F118010 資訊軟體批發業；F119010 電子材料批發業；F401010 國際貿易業；I301010 資訊軟體服務業,臺北市,變更,11505
93765677,境宇工程有限公司,臺北市士林區社中街458巷68號1樓,楊文進,500000,112/07/06,115/05/05,公司所在地,E801010 室內裝潢業；EZ99990 其他工程業；ZZ99999 除許可業務外，得經營法令非禁止或限制之業務,臺北市,變更,11505
93766520,半里月數位設計股份有限公司,臺北市大安區羅斯福路2段41號4樓,郭家瑋,300000,112/07/10,115/05/06,特殊補正,F102170 食品什貨批發業；F104110 布疋、衣著、鞋、帽、傘、服飾品批發業；F105050 家具、寢具、廚房器具、裝設品批發業；F108040 化粧品批發業；F111090 建材批發業；F118010 資訊軟體批發業；F401010 國際貿易業；F601010 智慧財產權業；I103060 管理顧問業；I301010 資訊軟體服務業,臺北市,變更,11505
93766535,寬御開發股份有限公司,臺北市大安區敦化南路2段267號4樓之2,徐瑞駿,217000000,112/07/11,115/05/18,特殊補正,E801010 室內裝潢業；E801020 門窗安裝工程業；E801030 室內輕鋼架工程業；E801040 玻璃安裝工程業；E801070 廚具、衛浴設備安裝工程業；F401010 國際貿易業；H701010 住宅及大樓開發租售業；I401010 一般廣告服務業；I503010 景觀、室內設計業；ZZ99999 除許可業務外，得經營法令非禁止或限制之業務,臺北市,變更,11505
93766943,誠密資訊股份有限公司,臺北市中正區重慶南路1段10號8樓之15,胡龍雲,1000000,112/07/11,115/05/08,改選董事/監察人(一人法人股東指派董事/監察人),F113070 電信器材批發業；F118010 資訊軟體批發業；F218010 資訊軟體零售業；F399040 無店面零售業；F401010 國際貿易業；JZ99050 仲介服務業；I301010 資訊軟體服務業；I301020 資料處理服務業；I301030 電子資訊供應服務業；I401010 一般廣告服務業,臺北市,變更,11505
93790042,雙峰壹股份有限公司,臺北市中正區館前路2號12樓,黃柏齊,15800000,112/05/30,115/05/22,發行新股,I102010 投資顧問業；I103060 管理顧問業；I301010 資訊軟體服務業；I301020 資料處理服務業；I301030 電子資訊供應服務業；H201010 一般投資業；H202010 創業投資業；JZ99050 仲介服務業；F401010 國際貿易業；ZZ99999 除許可業務外，得經營法令非禁止或限制之業務,臺北市,變更,11505
93790113,寶樹林業股份有限公司,臺北市內湖區行善路463號8樓,蔡佳晋,2000000,112/05/30,115/05/29,改選董事/監察人(一人法人股東指派董事/監察人),A101030 特用作物栽培業；A102050 作物栽培服務業；A101050 花卉栽培業；A102080 園藝服務業；A199990 其他農業；A201010 造林業；A201030 特殊林木經營業；A202010 野生物採取業；A299990 其他林業；A202040 伐木業,臺北市,變更,11505
93790155,友信創新股份有限公司,臺北市內湖區瑞光路358巷30弄6號6樓,彭建彰,6000000,112/05/30,115/05/21,改選董事/監察人(一人法人股東指派董事/監察人),F401010 國際貿易業；I103060 管理顧問業；I301010 資訊軟體服務業；I301020 資料處理服務業；I301030 電子資訊供應服務業；I401010 一般廣告服務業；IZ13010 網路認證服務業；IZ15010 市場研究及民意調查業；ZZ99999 除許可業務外，得經營法令非禁止或限制之業務,臺北市,變更,11505
93790492,寶陞能源股份有限公司,臺北市內湖區行善路463號8樓,蔡佳晋,10000000,112/05/31,115/05/26,改選董事/監察人(一人法人股東指派董事/監察人),CC01010 發電、輸電、配電機械製造業；CC01080 電子零組件製造業；CC01090 電池製造業；F119010 電子材料批發業；F213010 電器零售業；F219010 電子材料零售業；F401010 國際貿易業；I501010 產品設計業；IG03010 能源技術服務業；D401010 熱能供應業,臺北市,變更,11505
93790649,富盛凱股份有限公司,臺北市內湖區陽光街300號7樓,林傳凱,5000000,112/05/31,115/05/20,改選董事/監察人(一人法人股東指派董事/監察人),F401010 國際貿易業；ZZ99999 除許可業務外，得經營法令非禁止或限制之業務,臺北市,變更,11505
93791078,世方旅居控股股份有限公司,臺北市中正區青島西路11號4樓之5,魏秋富,1000000,112/06/01,115/05/21,改選董事/監察人(一人法人股東指派董事/監察人),H201010 一般投資業,臺北市,變更,11505
93794259,得盛開發有限公司,臺北市大同區延平北路1段104號10樓,劉銘維,1000000,112/06/14,115/05/22,申登機關變更（遷入，含卷）,H701010 住宅及大樓開發租售業；H701050 投資興建公共建設業；H701090 都市更新整建維護業；H703090 不動產買賣業；E801010 室內裝潢業；F111090 建材批發業；F106010 五金批發業；F208040 化粧品零售業；F401010 國際貿易業；I503010 景觀、室內設計業,臺北市,變更,11505
93795546,索倫投資有限公司,臺北市中山區松江路42號10樓之14,卓英傑,1000000,112/06/19,115/05/19,申登機關變更（遷入，含卷）,H201010 一般投資業；H701010 住宅及大樓開發租售業；H702010 建築經理業；H703090 不動產買賣業；H703100 不動產租賃業；I102010 投資顧問業；I103060 管理顧問業；JZ99050 仲介服務業；JE01010 租賃業；ZZ99999 除許可業務外，得經營法令非禁止或限制之業務,臺北市,變更,11505
93796073,澄韻休閒股份有限公司,臺北市松山區南京東路3段301號1樓、2樓、3樓、4樓,劉竹寧,10000000,112/06/20,115/05/11,董事/監察人持股變動報備,J701030 視聽歌唱業；F102030 菸酒批發業；F102040 飲料批發業；F102170 食品什貨批發業；F203010 食品什貨、飲料零售業；F203020 菸酒零售業；F401010 國際貿易業；I103060 管理顧問業；ZZ99999 除許可業務外，得經營法令非禁止或限制之業務,臺北市,變更,11505
93796123,安塔拉文創有限公司,臺北市松山區敦化北路102號4樓,黃南豪,3000000,112/06/21,115/05/13,特殊補正,F601010 智慧財產權業；J399990 其他出版業；J304010 圖書出版業；J601010 藝文服務業；J602010 演藝活動業；J799990 其他休閒服務業；J801030 競技及休閒運動場館業；J802010 運動訓練業；J803010 運動表演業；J803020 運動比賽業,臺北市,變更,11505
93799563,騰鑫建設股份有限公司,臺北市松山區民權東路3段142號4樓之3,方元宏,100000000,112/06/20,115/05/22,發行新股,H701010 住宅及大樓開發租售業；H701020 工業廠房開發租售業；H701040 特定專業區開發業；H701050 投資興建公共建設業；H701060 新市鎮、新社區開發業；H701070 區段徵收及市地重劃代辦業；H701080 都市更新重建業；H701090 都市更新整建維護業；H703090 不動產買賣業；H703100 不動產租賃業,臺北市,變更,11505
93799894,民展國際餐飲股份有限公司,臺北市中山區敬業二路69巷51號2樓,蘇小惠,32000000,112/06/21,115/05/22,公司所在地,F203010 食品什貨、飲料零售業；F203020 菸酒零售業；F401010 國際貿易業；F501030 飲料店業；F501060 餐館業；F102030 菸酒批發業；IZ06010 理貨包裝業；ZZ99999 除許可業務外，得經營法令非禁止或限制之業務,臺北市,變更,11505
93845335,興豐旅行社股份有限公司,臺北市中山區林森北路258號4樓,戴偉竹,1220000,112/06/26,115/05/08,經理人變更,J902011 旅行業,臺北市,變更,11505
93857367,熹萬事業股份有限公司,臺北市中山區建國北路2段147號10樓之6,金開文,2000000,112/06/27,115/05/04,特殊補正,IG01010 生物技術服務業；IG02010 研究發展服務業；F601010 智慧財產權業；F213040 精密儀器零售業；F113030 精密儀器批發業；F109070 文教、樂器、育樂用品批發業；F209060 文教、樂器、育樂用品零售業；F102170 食品什貨批發業；F203010 食品什貨、飲料零售業；F401010 國際貿易業,臺北市,變更,11505
93858204,格睿思晡兒股份有限公司,臺北市中正區仁愛路1段47號,廖英帆,18000000,112/06/27,115/05/05,特殊補正,A102050 作物栽培服務業；A401060 其他動物服務業；C102010 乳品製造業；C103050 罐頭、冷凍、脫水及醃漬食品製造業；C104020 烘焙炊蒸食品製造業；C109010 調味品製造業；C201010 飼料製造業；C201020 寵物食品製造業；E605010 電腦設備安裝業；F101120 觀賞魚批發業,臺北市,變更,11505
93924990,天美國際健康股份有限公司,臺北市中山區南京東路2段132號3樓,蘇永村,7000000,112/06/29,115/05/19,董事/監察人持股變動報備,F106020 日常用品批發業；F107030 清潔用品批發業；F109070 文教、樂器、育樂用品批發業；F399040 無店面零售業；F601010 智慧財產權業；I103060 管理顧問業；F108040 化粧品批發業；F203010 食品什貨、飲料零售業；F206020 日常用品零售業；F207030 清潔用品零售業,臺北市,變更,11505
93956232,昀創建材有限公司,臺北市內湖區陽光街355號,鄭思妤,3000000,112/07/14,115/05/07,特殊補正,F111090 建材批發業；F113070 電信器材批發業；F115020 礦石批發業；F113010 機械批發業；F119010 電子材料批發業；E599010 配管工程業；E801010 室內裝潢業；E801020 門窗安裝工程業；E801030 室內輕鋼架工程業；I503010 景觀、室內設計業,臺北市,變更,11505
94001657,哲霖開發股份有限公司,臺北市大安區敦化南路2段267號4樓之2,徐家恩,41500000,112/07/13,115/05/15,特殊補正,E801010 室內裝潢業；E801020 門窗安裝工程業；E801030 室內輕鋼架工程業；E801040 玻璃安裝工程業；E801070 廚具、衛浴設備安裝工程業；F401010 國際貿易業；H701010 住宅及大樓開發租售業；I401010 一般廣告服務業；I503010 景觀、室內設計業；ZZ99999 除許可業務外，得經營法令非禁止或限制之業務,臺北市,變更,11505
94002760,雲毓整合設計有限公司,臺北市內湖區成功路3段174巷33弄5號,謝秀明,2000000,112/07/14,115/05/25,增資,I401010 一般廣告服務業；J601010 藝文服務業；I501010 產品設計業；I503010 景觀、室內設計業；ZZ99999 除許可業務外，得經營法令非禁止或限制之業務,臺北市,變更,11505
94003819,全感生態策略股份有限公司,臺北市中山區南京東路2段172號6樓,古傑文,4800000,112/07/19,115/05/20,發行新股,F118010 資訊軟體批發業；F218010 資訊軟體零售業；F399040 無店面零售業；F399990 其他綜合零售業；F401010 國際貿易業；H201010 一般投資業；I102010 一般投資顧問業；I103060 管理顧問業；I199990 其他顧問服務業；I301010 資訊軟體服務業,臺北市,變更,11505
94010614,海廣國際投資股份有限公司,臺北市信義區信義路5段106號10樓,林雍堯,979729550,112/07/24,115/05/04,改派董事/監察人,H201010 一般投資業；H703100 不動產租賃業；ZZ99999 除許可業務外，得經營法令非禁止或限制之業務,臺北市,變更,11505
94010641,合作金庫證券投資顧問股份有限公司,臺北市中山區南京東路2段85、87號2樓,徐千婷,50000000,112/07/21,115/05/29,特殊補正,H304011 證券投資顧問業,臺北市,變更,11505
94014082,醫知彼科技股份有限公司,臺北市中正區仁愛路2段99號10樓,周宥宇,49649533,112/08/17,115/05/12,特殊補正,F118010 資訊軟體批發業；F218010 資訊軟體零售業；F113020 電器批發業；F213010 電器零售業；F119010 電子材料批發業；F219010 電子材料零售業；F113050 電腦及事務性機器設備批發業；F213030 電腦及事務性機器設備零售業；J304010 圖書出版業；J399010 軟體出版業,臺北市,變更,11505
94015420,美果子有限公司,臺北市中正區館前路6號4樓之7,,1500000,112/08/07,115/05/12,補繳規費,F102050 茶葉批發業；F201010 農產品零售業；F203010 食品什貨、飲料零售業；F204110 布疋、衣著、鞋、帽、傘、服飾品零售業；F205040 家具、寢具、廚房器具、裝設品零售業；F206020 日常用品零售業；F207030 清潔用品零售業；F208040 化粧品零售業；F209060 文教、樂器、育樂用品零售業；F299990 其他零售業,臺北市,變更,11505
94016315,花漾蒔光有限公司,臺北市松山區復興北路313巷38號1樓,洪湧智,500000,112/08/09,115/05/20,特殊補正,F201010 農產品零售業；F203010 食品什貨、飲料零售業；F203020 菸酒零售業；F204110 布疋、衣著、鞋、帽、傘、服飾品零售業；F205040 家具、寢具、廚房器具、裝設品零售業；F206020 日常用品零售業；F209060 文教、樂器、育樂用品零售業；F399040 無店面零售業；F399990 其他綜合零售業；F401010 國際貿易業,臺北市,變更,11505
94017031,世方國際開發股份有限公司,臺北市中正區青島西路11號4樓之5,魏秋富,2000000,112/04/27,115/05/22,改選董事/監察人(一人法人股東指派董事/監察人),H201010 一般投資業；H202010 創業投資業；H701010 住宅及大樓開發租售業；H701020 工業廠房開發租售業；H703090 不動產買賣業；H703100 不動產租賃業；I102010 投資顧問業；I103060 管理顧問業；I105010 藝術品諮詢顧問業；I199990 其他顧問服務業,臺北市,變更,11505
94018405,台灣大成國際開發股份有限公司,臺北市松山區南京東路4段16號6樓,三谷誠一郎,70000000,112/05/02,115/05/05,改派董事/監察人,H701010 住宅及大樓開發租售業；H701020 工業廠房開發租售業；H701040 特定專業區開發業；H701050 投資興建公共建設業；H701060 新市鎮、新社區開發業；H701070 區段徵收及市地重劃代辦業；H701080 都市更新重建業；H703090 不動產買賣業；H703100 不動產租賃業；I401010 一般廣告服務業,臺北市,變更,11505
94018593,日友達股份有限公司,臺北市大安區敦化南路2段98號2樓,詹坤泉,37000000,112/05/01,115/05/28,特殊補正,H201010 一般投資業；IZ12010 人力派遣業；JE01010 租賃業；ZZ99999 除許可業務外，得經營法令非禁止或限制之業務,臺北市,變更,11505
94032477,高聖國際股份有限公司,臺北市中山區民生東路3段36號3樓之6,林義翔,5000000,112/08/04,115/05/18,董事/監察人更名,CC01110 電腦及其週邊設備製造業；F118010 資訊軟體批發業；F218010 資訊軟體零售業；I301010 資訊軟體服務業；I301020 資料處理服務業；I301030 電子資訊供應服務業；I401010 一般廣告服務業；J303010 雜誌（期刊）出版業；J602010 演藝活動業；JZ99050 仲介服務業,臺北市,變更,11505
94032856,豆樂逗樂股份有限公司,臺北市松山區復興北路81巷20號,郭哲佑,10000000,112/08/07,115/05/08,公司所營事業變更修正章程,A102020 農產品整理業；F102170 食品什貨批發業；F101990 其他農、畜、水產品批發業；F201010 農產品零售業；F203010 食品什貨、飲料零售業；F299990 其他零售業；F399040 無店面零售業；F401010 國際貿易業；F399010 便利商店業；I103060 管理顧問業,臺北市,變更,11505
94039719,鉑風企業管理顧問有限公司,臺北市中山區中山北路2段45巷11號6樓,張智皓,200000,112/08/11,115/05/04,申登機關變更（遷入，含卷）,I102010 一般投資顧問業；I103060 管理顧問業；I199990 其他顧問服務業；IZ99990 其他工商服務業；ZZ99999 除許可業務外，得經營法令非禁止或限制之業務；F106010 五金批發業；F206010 五金零售業；F119010 電子材料批發業；F219010 電子材料零售業；F111090 建材批發業,臺北市,變更,11505
94040758,銓新國際企業股份有限公司,臺北市大安區信義路4段6號14樓之7,陳美秀,2604800,112/05/01,115/05/27,改選董事/監察人(一人法人股東指派董事/監察人),F401010 國際貿易業；I503010 景觀、室內設計業；EZ99990 其他工程業；I103060 管理顧問業；I199990 其他顧問服務業；ZZ99999 除許可業務外，得經營法令非禁止或限制之業務；F113010 機械批發業；F113020 電器批發業；F113030 精密儀器批發業；F113990 其他機械器具批發業,臺北市,變更,11505
94048983,高野家飲食事業有限公司,臺北市大安區敦化南路2段63巷57號1樓,高野靖浩,5000000,112/05/17,115/05/22,經理人變更,F102030 菸酒批發業；F102040 飲料批發業；F102170 食品什貨批發業；F203010 食品什貨、飲料零售業；F203020 菸酒零售業；F501030 飲料店業；F501060 餐館業；ZZ99999 除許可業務外，得經營法令非禁止或限制之業務,臺北市,變更,11505
94049815,緣初室內裝修設計有限公司,臺北市松山區南京東路4段19號6樓之2,秦詣擎,2000000,112/05/19,115/05/19,增資,E801010 室內裝潢業；E801020 門窗安裝工程業；E801030 室內輕鋼架工程業；E801040 玻璃安裝工程業；E801070 廚具、衛浴設備安裝工程業；E901010 油漆工程業；I503010 景觀、室內設計業；I501010 產品設計業；E801060 室內裝修業；ZZ99999 除許可業務外，得經營法令非禁止或限制之業務,臺北市,變更,11505
94049998,炬福股份有限公司,臺北市松山區長安東路2段215號9樓之1,鄭又晉,100000,112/05/19,115/05/27,減資,H201010 一般投資業；F401010 國際貿易業；F114030 汽、機車零件配備批發業；F118010 資訊軟體批發業；F119010 電子材料批發業；F102030 菸酒批發業；F102040 飲料批發業；F108040 化粧品批發業；ZZ99999 除許可業務外，得經營法令非禁止或限制之業務,臺北市,變更,11505
94050657,嵐帝工程有限公司,臺北市中山區長安東路2段169號5樓,戴宥任,2000000,112/05/24,115/05/21,申登機關變更（遷入，含卷）,E801020 門窗安裝工程業；E801010 室內裝潢業；E801030 室內輕鋼架工程業；E901010 油漆工程業；F106010 五金批發業；F111090 建材批發業；F401010 國際貿易業；I503010 景觀、室內設計業；ZZ99999 除許可業務外，得經營法令非禁止或限制之業務,臺北市,變更,11505
94050663,姗拾投資股份有限公司,臺北市信義區基隆路2段51號8樓之7,翁玉真,23500000,112/05/24,115/05/25,增資(資本總額),H201010 一般投資業；I199990 其他顧問服務業；ZZ99999 除許可業務外，得經營法令非禁止或限制之業務,臺北市,變更,11505
94053090,聚愢科技股份有限公司,臺北市中山區松江路363號11樓,魯思玉,6000000,112/05/23,115/05/25,特殊補正,I301010 資訊軟體服務業；I301020 資料處理服務業；I301030 電子資訊供應服務業；I103060 管理顧問業；J304010 圖書出版業；J305010 有聲出版業；J399990 其他出版業；JA05010 留、遊學服務業；IZ04010 翻譯業；F118010 資訊軟體批發業,臺北市,變更,11505
94053182,妥妥租有限公司,臺北市松山區南京東路5段66巷2弄5號1樓,張庭嘉,1100000,112/05/23,115/05/25,特殊補正,J101010 建築物清潔服務業；E801010 室內裝潢業；F105050 家具、寢具、廚房器具、裝設品批發業；F205040 家具、寢具、廚房器具、裝設品零售業；F111090 建材批發業；F211010 建材零售業；F399040 無店面零售業；F401010 國際貿易業；I401010 一般廣告服務業；I503010 景觀、室內設計業,臺北市,變更,11505
94054507,住展創新股份有限公司,臺北市內湖區洲子街85號6樓之1,徐珍翌,1392870,112/05/25,115/05/08,特殊補正,JB01010 會議及展覽服務業；J303010 雜誌（期刊）出版業；J304010 圖書出版業；J601010 藝文服務業；J602010 演藝活動業；I401010 一般廣告服務業；IZ99990 其他工商服務業；F218010 資訊軟體零售業；I199990 其他顧問服務業；H703100 不動產租賃業,臺北市,變更,11505
94060135,歐亞環保投顧有限公司,臺北市內湖區堤頂大道1段35號6樓,陳誌興,29000000,112/06/09,115/05/27,申登機關變更（遷入，含卷）,H202010 創業投資業；H201010 一般投資業；F113100 污染防治設備批發業；F113990 其他機械器具批發業；F213100 污染防治設備零售業；F213990 其他機械器具零售業；ZZ99999 除許可業務外，得經營法令非禁止或限制之業務；J101990 其他環境衛生及污染防治服務業；I301010 資訊軟體服務業,臺北市,變更,11505
94072478,長睿投資有限公司,臺北市大安區復興南路2段167號10樓,李必勤,13000000,112/06/05,115/05/22,減資,H201010 一般投資業,臺北市,變更,11505
94072688,領感風格軟裝設計有限公司,臺北市大同區延平北路2段202號17樓之2,翁妙羚,50000,112/06/05,115/05/27,特殊補正,F104110 布疋、衣著、鞋、帽、傘、服飾品批發業；F105050 家具、寢具、廚房器具、裝設品批發業；F106010 五金批發業；F106020 日常用品批發業；F106040 水器材料批發業；F113020 電器批發業；F111090 建材批發業；F199990 其他批發業；F204110 布疋、衣著、鞋、帽、傘、服飾品零售業；F205040 家具、寢具、廚房器具、裝設品零售業,臺北市,變更,11505
94073027,未來視界科技股份有限公司,臺北市中正區懷寧街12號2樓,何曜宏,1000000,112/06/06,115/05/29,改選董事/監察人(一人法人股東指派董事/監察人),F118010 資訊軟體批發業；I102010 投資顧問業；I103060 管理顧問業；I301010 資訊軟體服務業；I301020 資料處理服務業；I301030 電子資訊供應服務業；I501010 產品設計業；ZZ99999 除許可業務外，得經營法令非禁止或限制之業務,臺北市,變更,11505
94077635,泰豪喝有限公司,臺北市松山區南京東路4段77號2樓之1,劉奕廷,710000,112/06/26,115/05/04,申登機關變更（遷入，含卷）,F203010 食品什貨、飲料零售業；F501030 飲料店業；F501060 餐館業；F501990 其他餐飲業；ZZ99999 除許可業務外，得經營法令非禁止或限制之業務,臺北市,變更,11505
94078607,奧地利商福豪盛傳感器技術有限公司,臺北市信義區松德路65號9樓之3,李國禎,500000,112/06/17,115/05/05,本公司董事及其他負責人變更,CC01080 電子零組件製造業；CC01110 電腦及其週邊設備製造業；CC01990 其他電機及電子機械器材製造業；CD01020 軌道車輛及其零件製造業；CE01990 其他光學及精密器械製造業；E601010 電器承裝業；E601020 電器安裝業；E603010 電纜安裝工程業；E603080 交通號誌安裝工程業；EZ99990 其他工程業,臺北市,變更,11505
94079140,香港商炫星實業有限公司,臺北市內湖區洲子街58號3樓,王庭光,21900000,112/07/05,115/05/12,一般補正案,F113020 電器批發業；F401010 國際貿易業；I103060 管理顧問業,臺北市,變更,11505
94079578,躍聚科技有限公司,臺北市信義區光復南路429號5樓,周家豪,20000,112/06/07,115/05/29,特殊補正,I102010 投資顧問業；I103060 管理顧問業；I199990 其他顧問服務業；I301020 資料處理服務業；I301030 電子資訊供應服務業；IG02010 研究發展服務業；IZ99990 其他工商服務業；F218010 資訊軟體零售業；F118010 資訊軟體批發業；ZZ99999 除許可業務外，得經營法令非禁止或限制之業務,臺北市,變更,11505
94079824,豪利航空代理有限公司,臺北市北投區中和街28號12樓之14,葉宗凡,5000000,112/06/07,115/05/28,公司所營事業變更修正章程,G501020 民用航空總代理業；ZZ99999 除許可業務外，得經營法令非禁止或限制之業務；G601011 航空貨運承攬業,臺北市,變更,11505
94085847,納斯數位行銷有限公司,臺北市中正區館前路2號12樓,嚴翊倫,2500000,112/07/04,115/05/28,公司所營事業變更修正章程,I301010 資訊軟體服務業；I301020 資料處理服務業；I301030 電子資訊供應服務業；I401010 一般廣告服務業；I501010 產品設計業；I599990 其他設計業；I102010 投資顧問業；F107170 工業助劑批發業；F107200 化學原料批發業；F113010 機械批發業,臺北市,變更,11505
94086418,義同璽有限公司,臺北市大安區大安路1段51巷21號,古庭瑋,15200000,112/07/05,115/05/04,特殊補正,F104110 布疋、衣著、鞋、帽、傘、服飾品批發業；F204110 布疋、衣著、鞋、帽、傘、服飾品零售業；F106020 日常用品批發業；F206020 日常用品零售業；F102170 食品什貨批發業；F203010 食品什貨、飲料零售業；F102030 菸酒批發業；F199990 其他批發業；F299990 其他零售業；F102050 茶葉批發業,臺北市,變更,11505
94086472,日阪有限公司,臺北市中山區松江路129號2樓之5,吳安彥,1500000,112/07/06,115/05/26,特殊補正,E599010 配管工程業；E601020 電器安裝業；E603090 照明設備安裝工程業；E801070 廚具、衛浴設備安裝工程業；E901010 油漆工程業；F106010 五金批發業；F107010 漆料、塗料批發業；F107030 清潔用品批發業；F107990 其他化學製品批發業；F111090 建材批發業,臺北市,變更,11505
94092729,大和正實業有限公司,臺北市大安區仁愛路3段26號5樓,黃志明,1500000,112/07/19,115/05/08,特殊補正,F104110 布疋、衣著、鞋、帽、傘、服飾品批發業；F106010 五金批發業；F106020 日常用品批發業；F106060 寵物食品及其用品批發業；F109070 文教、樂器、育樂用品批發業；F113020 電器批發業；F117010 消防安全設備批發業；F118010 資訊軟體批發業；F204110 布疋、衣著、鞋、帽、傘、服飾品零售業；F206020 日常用品零售業,臺北市,變更,11505
94095633,瑞盈欣業股份有限公司,臺北市中山區朱崙街15號,焦威聯,51000000,112/07/26,115/05/26,董事/監察人持股變動報備,H201010 一般投資業；I102010 一般投資顧問業；I103060 管理顧問業；ZZ99999 除許可業務外，得經營法令非禁止或限制之業務,臺北市,變更,11505
94095731,日月鑫國際行銷聯合展業股份有限公司,臺北市南港區重陽路166巷3號5樓,陳宏洋,5000000,112/07/25,115/05/27,董事/監察人持股變動報備,F106020 日常用品批發業；F106010 五金批發業；F105050 家具、寢具、廚房器具、裝設品批發業；F106060 寵物食品及其用品批發業；F107030 清潔用品批發業；F108040 化粧品批發業；F110010 鐘錶批發業；F110020 眼鏡批發業；F205040 家具、寢具、廚房器具、裝設品零售業；F206010 五金零售業,臺北市,變更,11505
94096062,九分田企業有限公司,臺北市信義區崇德街26號,楊蕙茵,100000,112/07/25,115/05/29,公司所營事業變更修正章程,F101130 蔬果批發業；F102170 食品什貨批發業；F201010 農產品零售業；F203010 食品什貨、飲料零售業；F399040 無店面零售業；F401010 國際貿易業；C114010 食品添加物製造業；C801010 基本化學工業；C801020 石油化工原料製造業；C801030 精密化學材料製造業,臺北市,變更,11505
94096648,金旺聖地產投資顧問有限公司,臺北市中正區許昌街42號10樓,吳聖文,1000000,112/07/26,115/05/05,特殊補正,E801010 室內裝潢業；E601020 電器安裝業；E801070 廚具、衛浴設備安裝工程業；E901010 油漆工程業；F211010 建材零售業；F213010 電器零售業；F299990 其他零售業；H202010 創業投資業；H701010 住宅及大樓開發租售業；H701020 工業廠房開發租售業,臺北市,變更,11505
94097294,靈果數位股份有限公司,臺北市松山區敦化北路207號4樓之2,余慧娟,2200000,112/07/28,115/05/25,特殊補正,F118010 資訊軟體批發業；F218010 資訊軟體零售業；F401010 國際貿易業；I103060 管理顧問業；I199990 其他顧問服務業；I301010 資訊軟體服務業；I301020 資料處理服務業；I301030 電子資訊供應服務業；I401010 一般廣告服務業；I501010 產品設計業,臺北市,變更,11505
94097421,豐洪資產管理股份有限公司,臺北市信義區信義路4段456號6樓,洪吉亮,10000000,112/07/28,115/05/13,特殊補正,H701010 住宅及大樓開發租售業；H701020 工業廠房開發租售業；H701040 特定專業區開發業；H703090 不動產買賣業；H703100 不動產租賃業；I102010 投資顧問業；I103060 管理顧問業；ZZ99999 除許可業務外，得經營法令非禁止或限制之業務,臺北市,變更,11505
94097674,熊福利有限公司,臺北市大同區重慶北路3段223巷36號1樓,潘譓如,2000000,112/07/31,115/05/28,特殊補正,F104110 布疋、衣著、鞋、帽、傘、服飾品批發業；F204110 布疋、衣著、鞋、帽、傘、服飾品零售業；F401010 國際貿易業；F106020 日常用品批發業；F206020 日常用品零售業；F102170 食品什貨批發業；F203010 食品什貨、飲料零售業；F205040 家具、寢具、廚房器具、裝設品零售業；F209060 文教、樂器、育樂用品零售業；F106010 五金批發業,臺北市,變更,11505
94097891,頑張運動事業有限公司,臺北市中正區公園路32號12樓,張瑋玶,360000,112/08/01,115/05/18,特殊補正,JZ99990 未分類其他服務業；J802010 運動訓練業；J803010 運動表演業；J803020 運動比賽業；J801030 競技及休閒運動場館業；I401010 一般廣告服務業；J503020 電視節目製作業；J399990 其他出版業；I199990 其他顧問服務業；ZZ99999 除許可業務外，得經營法令非禁止或限制之業務,臺北市,變更,11505
94098049,滿侑有限公司,臺北市大安區敦化南路1段160巷32號1樓,徐偉紘,4000000,112/07/31,115/05/04,特殊補正,F203010 食品什貨、飲料零售業；F203020 菸酒零售業；F206020 日常用品零售業；F501030 飲料店業；F501060 餐館業；F401010 國際貿易業；ZZ99999 除許可業務外，得經營法令非禁止或限制之業務；F203040 雪茄零售業,臺北市,變更,11505
94104035,行珩全人均衡系統股份有限公司,臺北市松山區南京東路3段285號7樓,周行知,1875090,112/05/04,115/05/08,改選董事/監察人(一人法人股東指派董事/監察人),H201010 一般投資業；H202010 創業投資業；H703090 不動產買賣業；H703100 不動產租賃業；I102010 投資顧問業；I103060 管理顧問業；I199990 其他顧問服務業；I301010 資訊軟體服務業；I301020 資料處理服務業；I401010 一般廣告服務業,臺北市,變更,11505
94105219,首翔國際航運有限公司,臺北市松山區復興北路1號9樓之4,張靜雯,7500000,112/05/08,115/05/20,特殊補正,F401010 國際貿易業；G402011 海運承攬運送業；G405010 貨櫃出租業；G702010 船舶勞務承攬業；G801010 倉儲業；IZ06010 理貨包裝業；IZ12010 人力派遣業；ZZ99999 除許可業務外，得經營法令非禁止或限制之業務,臺北市,變更,11505
94105597,孔雀魚數位科技股份有限公司,臺北市大安區和平東路2段36巷3號1樓,林坤正,23000000,112/05/05,115/05/13,特殊補正,I301010 資訊軟體服務業；I301020 資料處理服務業；I301030 電子資訊供應服務業；I301040 第三方支付服務業；I301050 實境體感應用服務業；I401010 一般廣告服務業；I401020 廣告傳單分送業；I102010 投資顧問業；I103060 管理顧問業；IZ13010 網路認證服務業,臺北市,變更,11505
94106815,昱名生物科技股份有限公司,臺北市南港區園區街3號17樓,陳名偉,18702173,112/05/09,115/05/08,改選董事/監察人(一人法人股東指派董事/監察人),C801030 精密化學材料製造業；C801990 其他化學材料製造業；C802990 其他化學製品製造業；C802060 動物用藥製造業；F107200 化學原料批發業；F113030 精密儀器批發業；F207200 化學原料零售業；F213040 精密儀器零售業；F399040 無店面零售業；F401010 國際貿易業,臺北市,變更,11505
94108089,飛速科技股份有限公司,臺北市中正區八德路1段46號9樓,曾少軒,2000000,112/05/02,115/05/13,特殊補正,E601020 電器安裝業；E604010 機械安裝業；EZ05010 儀器、儀表安裝工程業；F105050 家具、寢具、廚房器具、裝設品批發業；F106010 五金批發業；F106020 日常用品批發業；F106040 水器材料批發業；F107030 清潔用品批發業；F113010 機械批發業；F113020 電器批發業,臺北市,變更,11505
94114630,三晏聯合企業有限公司,臺北市中山區南京東路1段25號9樓,高紫綾,3000000,112/05/15,115/05/13,增資,C901060 耐火材料製造業；C901020 玻璃及玻璃製品製造業；CA01050 鋼材二次加工業；CA02010 金屬結構及建築組件製造業；E801020 門窗安裝工程業；E801030 室內輕鋼架工程業；E801040 玻璃安裝工程業；E903010 防蝕、防銹工程業；EZ99990 其他工程業；F111090 建材批發業,臺北市,變更,11505
94114786,維億智滙股份有限公司,臺北市信義區基隆路1段143號11樓之3,陳容基,2000000,112/05/15,115/05/29,公司所在地,H201010 一般投資業；ZZ99999 除許可業務外，得經營法令非禁止或限制之業務,臺北市,變更,11505
94115011,開玩笑有限公司,臺北市信義區忠孝東路4段563號11樓,游本炫,1000000,112/05/15,115/05/11,特殊補正,J404010 動畫影片製作業；J401010 電影片製作業；J402010 電影片發行業；C306010 成衣業；C307010 服飾品製造業；F104110 布疋、衣著、鞋、帽、傘、服飾品批發業；F204110 布疋、衣著、鞋、帽、傘、服飾品零售業；C399990 其他紡織及製品製造業；F399040 無店面零售業；JZ99030 攝影業,臺北市,變更,11505
94115624,富上動物生技股份有限公司,臺北市北投區實踐街82巷2號1樓,翁志富,29000000,112/05/17,115/05/11,改選董事/監察人(一人法人股東指派董事/監察人),F401010 國際貿易業；C802060 動物用藥製造業；F107070 動物用藥品批發業；F207070 動物用藥零售業；F103010 飼料批發業；F106060 寵物食品及其用品批發業；F202010 飼料零售業；F206050 寵物食品及其用品零售業；IG02010 研究發展服務業；F399040 無店面零售業,臺北市,變更,11505
94116975,世界航鈦科技貿易有限公司,臺北市中正區忠孝西路1段72號6樓之8,黃毓祺,1200000,112/06/09,115/05/22,特殊補正,C306010 成衣業；C307010 服飾品製造業；C399990 其他紡織及製品製造業；C401030 皮革、毛皮整製業；CA02010 金屬結構及建築組件製造業；F102030 菸酒批發業；F102040 飲料批發業；F103010 飼料批發業；F104110 布疋、衣著、鞋、帽、傘、服飾品批發業；F105050 家具、寢具、廚房器具、裝設品批發業,臺北市,變更,11505
94118880,花葉時代股份有限公司,臺北市松山區敦化北路165巷16號1樓,王怡文,600000,112/06/19,115/05/21,特殊補正,F108040 化粧品批發業；F208040 化粧品零售業；JZ99080 美容美髮服務業；H703100 不動產租賃業；F401010 國際貿易業；JB01010 會議及展覽服務業；I103060 管理顧問業；I199990 其他顧問服務業；C802100 化粧品製造業；JZ99030 攝影業,臺北市,變更,11505
94130646,想美生技事業有限公司,臺北市大同區太原路50號2樓,陳語甄,1000000,112/06/13,115/05/28,董事/股東更名,F106020 日常用品批發業；F102170 食品什貨批發業；F102040 飲料批發業；F108040 化粧品批發業；F113020 電器批發業；F399040 無店面零售業；F401010 國際貿易業；F104110 布疋、衣著、鞋、帽、傘、服飾品批發業；F106010 五金批發業；F113050 電腦及事務性機器設備批發業,臺北市,變更,11505
94130701,成譽創新有限公司,臺北市中正區武昌街1段22巷16號1樓,胡尚諭,1500000,112/06/13,115/05/05,特殊補正,F203010 食品什貨、飲料零售業；F399040 無店面零售業；ZZ99999 除許可業務外，得經營法令非禁止或限制之業務,臺北市,變更,11505
94130738,誠新資本股份有限公司,臺北市松山區復興北路57號2樓之1,鄭价展,2000000,112/06/13,115/05/04,特殊補正,H201010 一般投資業；H202010 創業投資業；I102010 投資顧問業；I103060 管理顧問業；I199990 其他顧問服務業；ZZ99999 除許可業務外，得經營法令非禁止或限制之業務,臺北市,變更,11505
94130934,綨彩有限公司,臺北市大同區重慶北路3段80巷2樓,梁國基,6000000,112/06/13,115/05/13,特殊補正,F102040 飲料批發業；F102170 食品什貨批發業；F203010 食品什貨、飲料零售業；F401010 國際貿易業；F501030 飲料店業；F501060 餐館業,臺北市,變更,11505
94131526,華鼎事業股份有限公司,臺北市松山區東興路12號14樓,周志明,490100000,112/06/14,115/05/26,特殊補正,F203010 食品什貨、飲料零售業；F206020 日常用品零售業；F299990 其他零售業；F301010 百貨公司業；F301020 超級市場業；F399010 便利商店業；F399040 無店面零售業；F401010 國際貿易業；F501990 其他餐飲業；G202010 停車場經營業,臺北市,變更,11505
94131933,普世康生技室內裝修有限公司,臺北市大安區信義路4段1號2樓,簡禎佑,10000000,112/06/15,115/05/08,特殊補正,E801060 室內裝修業；IG01010 生物技術服務業；E599010 配管工程業；E603010 電纜安裝工程業；E601010 電器承裝業；E601020 電器安裝業；E603040 消防安全設備安裝工程業；E603050 自動控制設備工程業；E603090 照明設備安裝工程業；E605010 電腦設備安裝業,臺北市,變更,11505
94132335,伊格酒坊有限公司,臺北市文山區永安街60號4樓,王卉文,300000,112/06/16,115/05/05,特殊補正,F102030 菸酒批發業；F102040 飲料批發業；F102170 食品什貨批發業；F106050 陶瓷玻璃器皿批發業；F203010 食品什貨、飲料零售業；F203020 菸酒零售業；F399040 無店面零售業；F401010 國際貿易業；I101090 食品顧問業；I501010 產品設計業,臺北市,變更,11505
94142832,萬益特醫療用品股份有限公司,臺北市信義區忠孝東路5段68號20樓,黃家駒(Wong Ka Kui),326200000,112/10/05,115/05/21,董事/監察人證照變更,F108031 醫療器材批發業；F208031 醫療器材零售業；F108021 西藥批發業；F208021 西藥零售業；F102170 食品什貨批發業；F203010 食品什貨、飲料零售業；F113070 電信器材批發業；F213060 電信器材零售業；F401010 國際貿易業；E701040 簡易電信設備安裝業,臺北市,變更,11505
94143059,台濼控制工程股份有限公司,臺北市南港區經貿二路135號10樓,金孝唐,2000000,112/10/05,115/05/07,改派董事/監察人,CA02990 其他金屬製品製造業；CB01990 其他機械製造業；CC01030 電器及視聽電子產品製造業；CC01060 有線通信機械器材製造業；CC01070 無線通信機械器材製造業；CC01080 電子零組件製造業；CC01110 電腦及其週邊設備製造業；CC01990 其他電機及電子機械器材製造業；CE01990 其他光學及精密器械製造業；CZ99990 未分類其他工業製品製造業,臺北市,變更,11505
94151183,加點魔法科學教育股份有限公司,臺北市內湖區內湖路1段360巷15號2樓之4,周代祥,2700000,112/10/24,115/05/19,特殊補正,F109070 文教、樂器、育樂用品批發業；F209060 文教、樂器、育樂用品零售業；F401010 國際貿易業；I103060 管理顧問業；J304010 圖書出版業；J601010 藝文服務業；J602010 演藝活動業；J799990 其他休閒服務業；ZZ99999 除許可業務外，得經營法令非禁止或限制之業務,臺北市,變更,11505
94166221,繽智科技有限公司,臺北市士林區延平北路5段72號2樓,李建祥,1000000,112/08/22,115/05/08,申登機關變更（遷入，含卷）,I103060 管理顧問業；H201010 一般投資業；F401010 國際貿易業；F119010 電子材料批發業；I199990 其他顧問服務業；ZZ99999 除許可業務外，得經營法令非禁止或限制之業務,臺北市,變更,11505
94167426,永旭國際顧問股份有限公司,臺北市信義區忠孝東路5段482號5樓之1,任家治,2000000,112/08/24,115/05/14,增資(資本總額),I103060 管理顧問業；I199990 其他顧問服務業；I301010 資訊軟體服務業；IZ09010 管理系統驗證業；IZ99990 其他工商服務業；J202010 產業育成業；ZZ99999 除許可業務外，得經營法令非禁止或限制之業務；IG03010 能源技術服務業；F218010 資訊軟體零售業；J101060 廢（污）水處理業,臺北市,變更,11505
94167452,太空船國際物流股份有限公司,臺北市松山區復興北路191號15樓之1,沈懷祖,10000000,112/08/25,115/05/18,特殊補正,G801010 倉儲業；IZ06010 理貨包裝業；F401010 國際貿易業；H201010 一般投資業；H202010 創業投資業；J202010 產業育成業；I102010 投資顧問業；I103060 管理顧問業；I199990 其他顧問服務業；IZ99990 其他工商服務業,臺北市,變更,11505
94174720,喬彥科技股份有限公司,臺北市中山區南京東路3段210號9樓,黃飛文,29250000,112/09/01,115/05/20,認股憑證換發新股,CE01030 光學儀器製造業；CQ01010 模具製造業；F113030 精密儀器批發業；F213010 電器零售業；F213080 機械器具零售業；F401010 國際貿易業；F601010 智慧財產權業；ZZ99999 除許可業務外，得經營法令非禁止或限制之業務,臺北市,變更,11505
94175349,桔豐國際股份有限公司,臺北市內湖區內湖路1段360巷15號8樓之1,吳佩玲,50000,112/09/05,115/05/07,公司所在地,H201010 一般投資業；I102010 一般投資顧問業；I199990 其他顧問服務業；I103060 管理顧問業；ZZ99999 除許可業務外，得經營法令非禁止或限制之業務；I301010 資訊軟體服務業；I301020 資料處理服務業；I301030 電子資訊供應服務業；F118010 資訊軟體批發業；F119010 電子材料批發業,臺北市,變更,11505
94175489,資慧科技股份有限公司,臺北市松山區八德路2段374號2樓之8,陳春成,13345000,112/09/06,115/05/06,發行新股,J399010 軟體出版業；F118010 資訊軟體批發業；F218010 資訊軟體零售業；F113050 電腦及事務性機器設備批發業；F213030 電腦及事務性機器設備零售業；F299990 其他零售業；F399040 無店面零售業；F401010 國際貿易業；I401010 一般廣告服務業；I501010 產品設計業,臺北市,變更,11505
94176543,和平海洋再生資源股份有限公司,臺北市中山區中山北路2段113號10樓,張安平,2000000,112/09/11,115/05/11,改派董事/監察人,IG03010 能源技術服務業；CC01010 發電、輸電、配電機械製造業；D101060 再生能源自用發電設備業；D401010 熱能供應業；E606010 用電設備檢驗維護業；A101020 農作物栽培業；A101050 花卉栽培業；A301030 水產養殖業；C802100 化粧品製造業；EZ05010 儀器、儀表安裝工程業,臺北市,變更,11505
94176754,美迪斯企業股份有限公司,臺北市中正區重慶南路1段13號8樓,謝裕偉,3000000,112/09/08,115/05/05,特殊補正,H703100 不動產租賃業；I103060 管理顧問業；I301030 電子資訊供應服務業；I401020 廣告傳單分送業；JE01010 租賃業；JZ99990 未分類其他服務業；I301010 資訊軟體服務業；I301020 資料處理服務業；F401010 國際貿易業；F106020 日常用品批發業,臺北市,變更,11505
94176874,樂晏資本有限公司,臺北市中山區南京東路2段132號9樓之1,黃皆瑞,1000000,112/09/08,115/05/18,改推董事/董事長,H201010 一般投資業,臺北市,變更,11505
94178872,齊城資本股份有限公司,臺北市中正區信義路2段261號,林傳捷,100000,112/09/22,115/05/20,特殊補正,H201010 一般投資業；H703090 不動產買賣業；H703100 不動產租賃業；H701010 住宅及大樓開發租售業；H701050 投資興建公共建設業；H701080 都市更新重建業；H701090 都市更新整建維護業；H702010 建築經理業；H703110 老人住宅業；G202010 停車場經營業,臺北市,變更,11505
94179078,堉溱投資有限公司,臺北市大安區新生南路1段141之8號9樓之1,馬銓佐,29476800,112/09/22,115/05/18,特殊補正,H201010 一般投資業,臺北市,變更,11505
94179274,六木村有限公司,臺北市大同區長安西路68號2樓,高林廷,1000000,112/09/22,115/05/22,股東出資轉讓修正章程,F106020 日常用品批發業；F108040 化粧品批發業；F208040 化粧品零售業；JF01010 傳統整復推拿業；JF01020 按摩業；JF01030 腳底按摩業；JZ99080 美容美髮服務業；JZ99110 瘦身美容業；JE01010 租賃業；ZZ99999 除許可業務外，得經營法令非禁止或限制之業務,臺北市,變更,11505
94179485,逸康達旅行社有限公司,臺北市中山區民生東路3段25號3樓,陳暄興,6000000,112/09/23,115/05/13,股東出資轉讓修正章程,J902011 旅行業,臺北市,變更,11505
94185851,弘志能元股份有限公司,臺北市萬華區和平西路3段109巷11號3樓,張世明,1000000,112/10/11,115/05/20,特殊補正,I199990 其他顧問服務業；IG03010 能源技術服務業；J101050 環境檢測服務業；I103060 管理顧問業；IF04010 非破壞檢測業；IZ09010 管理系統驗證業；IZ12010 人力派遣業；IZ13010 網路認證服務業；F109070 文教、樂器、育樂用品批發業；F104110 布疋、衣著、鞋、帽、傘、服飾品批發業,臺北市,變更,11505
94185894,于城興業股份有限公司,臺北市信義區永吉路168號7樓之1,林柏源,207738310,112/10/11,115/05/26,特殊補正,I103060 管理顧問業；H703100 不動產租賃業；H703090 不動產買賣業；E801010 室內裝潢業；E801030 室內輕鋼架工程業；E801040 玻璃安裝工程業；E801070 廚具、衛浴設備安裝工程業；E901010 油漆工程業；E903010 防蝕、防銹工程業；F205040 家具、寢具、廚房器具、裝設品零售業,臺北市,變更,11505
94186232,博承行銷有限公司,臺北市大安區光復南路688號4樓之2,黃國殷,1000000,112/10/13,115/05/13,公司所營事業變更修正章程,I103060 管理顧問業；I401010 一般廣告服務業；JB01010 會議及展覽服務業；JE01010 租賃業；F109070 文教、樂器、育樂用品批發業；F106020 日常用品批發業；F107030 清潔用品批發業；F204110 布疋、衣著、鞋、帽、傘、服飾品零售業；F205040 家具、寢具、廚房器具、裝設品零售業；F206020 日常用品零售業,臺北市,變更,11505
94187485,皮拉克斯家族股份有限公司,臺北市內湖區瑞光路335號11樓,馮聖中,1000000,112/10/16,115/05/20,改選董事/監察人(一人法人股東指派董事/監察人),F102020 食用油脂批發業；F102040 飲料批發業；F102170 食品什貨批發業；F107030 清潔用品批發業；F107990 其他化學製品批發業；F108040 化粧品批發業；F203010 食品什貨、飲料零售業；F207030 清潔用品零售業；F207990 其他化學製品零售業；F208040 化粧品零售業,臺北市,變更,11505
94187725,台灣科琴有限公司,臺北市信義區忠孝東路4段560號8樓,Andreas Theodoor Lanning,69235000,112/10/17,115/05/26,特殊補正,F107170 工業助劑批發業；F107200 化學原料批發業；F107990 其他化學製品批發業；F207170 工業助劑零售業；F207200 化學原料零售業；F207990 其他化學製品零售業；F401010 國際貿易業；ZZ99999 除許可業務外，得經營法令非禁止或限制之業務,臺北市,變更,11505
94188626,浩鼎卓匯投資股份有限公司,臺北市松山區南京東路4段164號7樓,邱楸萍,12500000,112/10/18,115/05/05,發行新股,H201010 一般投資業,臺北市,變更,11505
94195540,錫旺資產管理有限公司,臺北市大同區西寧北路78之18號,游文傑,1000000,112/10/26,115/05/26,改推董事/董事長,H201010 一般投資業；H701010 住宅及大樓開發租售業；H701050 投資興建公共建設業；H701060 新市鎮、新社區開發業；H703090 不動產買賣業；H703100 不動產租賃業；HZ02010 金融機構金錢債權收買業務；ZZ99999 除許可業務外，得經營法令非禁止或限制之業務,臺北市,變更,11505
94196718,頤碩亞洲壹投資股份有限公司,臺北市信義區基隆路1段333號13樓,鄭敦謙,100562750,112/10/30,115/05/19,特殊補正,H201010 一般投資業；ZZ99999 除許可業務外，得經營法令非禁止或限制之業務,臺北市,變更,11505
94203865,鈦達生技股份有限公司,臺北市信義區福德街300巷10號,黃瑞源,54700000,112/11/06,115/05/15,減資,C201010 飼料製造業；C201020 寵物食品製造業；C801110 肥料製造業；F106060 寵物食品及其用品批發業；F107050 肥料批發業；F207050 肥料零售業；F113010 機械批發業；F213080 機械器具零售業；F199990 其他批發業；F299990 其他零售業,臺北市,變更,11505
94205857,日山滑雪股份有限公司,臺北市內湖區瑞光路258巷2之1號1樓,林建甫,15000000,112/11/13,115/05/21,特殊補正,J801030 競技及休閒運動場館業；F501990 其他餐飲業；ZZ99999 除許可業務外，得經營法令非禁止或限制之業務,臺北市,變更,11505
94209208,佑豪能源科技有限公司,臺北市萬華區東園街28巷50號2樓之1,楊晧隆,500000,112/08/14,115/05/28,特殊補正,E599010 配管工程業；E601010 電器承裝業；E601020 電器安裝業；E603010 電纜安裝工程業；E603040 消防安全設備安裝工程業；E603050 自動控制設備工程業；E603090 照明設備安裝工程業；E603130 燃氣熱水器承裝業；E604010 機械安裝業；E606010 用電設備檢驗維護業,臺北市,變更,11505
94209262,芯鴻有限公司,臺北市信義區忠孝東路5段508號2樓之5,陳詠婕,3000000,112/08/14,115/05/13,申登機關變更（遷入，含卷）,CC01080 電子零組件製造業；CC01090 電池製造業；CC01100 電信管制射頻器材製造業；CC01110 電腦及其週邊設備製造業；CC01120 資料儲存媒體製造及複製業；CC01990 其他電機及電子機械器材製造業；F113020 電器批發業；F113050 電腦及事務性機器設備批發業；F119010 電子材料批發業；F401010 國際貿易業,臺北市,變更,11505
94213060,采鋐健康投資控股股份有限公司,臺北市信義區信義路5段5號2樓,張向昕,76356000,112/09/21,115/05/20,董事/監察人持股變動報備,H201010 一般投資業；ZZ99999 除許可業務外，得經營法令非禁止或限制之業務,臺北市,變更,11505
94217729,泰敬軒有限公司,臺北市大安區忠孝東路4段162號10樓之6,李怡蓁,1000000,112/10/03,115/05/15,特殊補正,F106020 日常用品批發業；F107030 清潔用品批發業；F108040 化粧品批發業；F199990 其他批發業；F206020 日常用品零售業；F208040 化粧品零售業；F299990 其他零售業；F401010 國際貿易業；I199990 其他顧問服務業；JZ99080 美容美髮服務業,臺北市,變更,11505
94229605,無限國際創意有限公司,臺北市松山區復興北路15之1號,詹怡靜,52000000,112/11/03,115/05/14,增資,F501060 餐館業；F501050 飲酒店業；F501030 飲料店業；F399040 無店面零售業；F102040 飲料批發業；F203010 食品什貨、飲料零售業；F102170 食品什貨批發業；F203020 菸酒零售業；F401010 國際貿易業；I103060 管理顧問業,臺北市,變更,11505
94235233,芝羽有限公司,臺北市大同區長安西路106號11樓之2,賴奕臣,500000,112/11/01,115/05/26,特殊補正,G801010 倉儲業；H703100 不動產租賃業；I401010 一般廣告服務業；I501010 產品設計業；IZ06010 理貨包裝業；ZZ99999 除許可業務外，得經營法令非禁止或限制之業務,臺北市,變更,11505
94235402,芙逸美學有限公司,臺北市大安區忠孝東路4段216巷11弄8號1樓,黃日新,5000000,112/11/02,115/05/06,特殊補正,JZ99080 美容美髮服務業；JZ99990 未分類其他服務業；F206020 日常用品零售業；F208040 化粧品零售業；JF01020 按摩業；JF01030 腳底按摩業；JZ99110 瘦身美容業；ZZ99999 除許可業務外，得經營法令非禁止或限制之業務；F399040 無店面零售業,臺北市,變更,11505
94237611,永樂旺有限公司,臺北市松山區南京東路4段77號2樓之1,劉奕廷,500000,112/11/10,115/05/29,申登機關變更（遷入，含卷）,F203010 食品什貨、飲料零售業；F501030 飲料店業；F501060 餐館業；F501990 其他餐飲業；ZZ99999 除許可業務外，得經營法令非禁止或限制之業務,臺北市,變更,11505
94237936,世晨生技有限公司,臺北市中山區建國北路3段42號8樓,簡聰彬,1000000,112/11/14,115/05/21,特殊補正,F108021 西藥批發業；F208021 西藥零售業；F108031 醫療器材批發業；F208031 醫療器材零售業；F118010 資訊軟體批發業；F213010 電器零售業；F209060 文教、樂器、育樂用品零售業；F206020 日常用品零售業；F205040 家具、寢具、廚房器具、裝設品零售業；F113050 電腦及事務性機器設備批發業,臺北市,變更,11505
94237963,瑞德龐達數位科技股份有限公司,臺北市中正區重慶南路1段57號10樓之17,劉子勤,7250000,112/11/15,115/05/27,公司所在地,CC01120 資料儲存媒體製造及複製業；F106020 日常用品批發業；F109070 文教、樂器、育樂用品批發業；F206020 日常用品零售業；F209060 文教、樂器、育樂用品零售業；F218010 資訊軟體零售業；F399040 無店面零售業；F399990 其他綜合零售業；F401010 國際貿易業；I103060 管理顧問業,臺北市,變更,11505
94238034,政大之星創業投資股份有限公司,臺北市大安區敦化南路2段97號25樓,李志豪,426500000,112/11/14,115/05/06,董事/監察人持股變動報備,H201010 一般投資業；H202010 創業投資業,臺北市,變更,11505
94238153,兆銓國際科技股份有限公司,臺北市中山區遼寧街112號2樓之4,黃育家,1000000,112/11/15,115/05/05,特殊補正,F113050 電腦及事務性機器設備批發業；F213030 電腦及事務性機器設備零售業；F119010 電子材料批發業；F219010 電子材料零售業；F107170 工業助劑批發業；F207170 工業助劑零售業；F107200 化學原料批發業；F207200 化學原料零售業；F106010 五金批發業；F206010 五金零售業,臺北市,變更,11505
94238267,明德懷月股份有限公司,臺北市大安區信義路4段170號3樓,羅國銓,29000000,112/11/15,115/05/18,特殊補正,I103060 管理顧問業；H201010 一般投資業；H703100 不動產租賃業；JE01010 租賃業；IZ12010 人力派遣業；ZZ99999 除許可業務外，得經營法令非禁止或限制之業務；F108031 醫療器材批發業；F208031 醫療器材零售業,臺北市,變更,11505
94238365,皇詳工程股份有限公司,臺北市信義區忠孝東路5段1之7號9樓,陳文華,500000,112/11/15,115/05/13,特殊補正,A102080 園藝服務業；E599010 配管工程業；E601010 電器承裝業；E603090 照明設備安裝工程業；E801010 室內裝潢業；E801020 門窗安裝工程業；E801030 室內輕鋼架工程業；E801040 玻璃安裝工程業；E801070 廚具、衛浴設備安裝工程業；E901010 油漆工程業,臺北市,變更,11505
94238750,艾克杰股份有限公司,臺北市內湖區行愛路140巷27號5樓,陳愷珍,10000000,112/11/16,115/05/06,改選董事/監察人(一人法人股東指派董事/監察人),H201010 一般投資業；F114010 汽車批發業；F214010 汽車零售業；I301010 資訊軟體服務業；I301020 資料處理服務業；I301030 電子資訊供應服務業；ZZ99999 除許可業務外，得經營法令非禁止或限制之業務,臺北市,變更,11505
94239358,倍加資本股份有限公司,臺北市南港區園區街3號14樓,歐朝銓,260000000,112/11/17,115/05/28,特殊補正,H201010 一般投資業；H202010 創業投資業；I102010 投資顧問業；I199990 其他顧問服務業；IZ99990 其他工商服務業；ZZ99999 除許可業務外，得經營法令非禁止或限制之業務,臺北市,變更,11505
94239483,潮居科技股份有限公司,臺北市中山區建國北路2段65號12樓,鄧慶筠,3720240,112/11/17,115/05/14,特殊補正,J304010 圖書出版業；I102010 一般投資顧問業；I103060 管理顧問業；I301010 資訊軟體服務業；I301020 資料處理服務業；I301030 電子資訊供應服務業；I401010 一般廣告服務業；I401020 廣告傳單分送業；I501010 產品設計業；IZ03010 剪報業,臺北市,變更,11505
94239759,磐京資本股份有限公司,臺北市大安區羅斯福路2段33號12樓之1,彭馨逸,3000000,112/11/20,115/05/20,特殊補正,CC01120 資料儲存媒體製造及複製業；F118010 資訊軟體批發業；F213030 電腦及事務性機器設備零售業；F218010 資訊軟體零售業；F299990 其他零售業；F399040 無店面零售業；F399990 其他綜合零售業；F401010 國際貿易業；F601010 智慧財產權業；H201010 一般投資業,臺北市,變更,11505
94243590,神瑞人工智慧股份有限公司,臺北市南港區三重路19之13號4樓,錢美娟,69071432,112/08/29,115/05/15,特殊補正,F109070 文教、樂器、育樂用品批發業；F113050 電腦及事務性機器設備批發業；F118010 資訊軟體批發業；F119010 電子材料批發業；F209060 文教、樂器、育樂用品零售業；F213030 電腦及事務性機器設備零售業；F218010 資訊軟體零售業；F219010 電子材料零售業；I301010 資訊軟體服務業；H201010 一般投資業,臺北市,變更,11505
94243825,辰安餐飲股份有限公司,臺北市松山區復興北路313巷23號1樓,莊協霖,6000000,112/08/29,115/05/12,特殊補正,F203010 食品什貨、飲料零售業；F501060 餐館業；ZZ99999 除許可業務外，得經營法令非禁止或限制之業務,臺北市,變更,11505
94245823,蘭田國際股份有限公司,臺北市大同區民族西路201號1樓,陸根田,86605000,112/08/29,115/05/20,發行新股,H201010 一般投資業；F401010 國際貿易業；I102010 投資顧問業；I103060 管理顧問業；I199990 其他顧問服務業；H703100 不動產租賃業；H703090 不動產買賣業；F101050 水產品批發業；F101990 其他農、畜、水產品批發業；C103050 罐頭、冷凍、脫水及醃漬食品製造業,臺北市,變更,11505
94246837,思輔科技股份有限公司,臺北市大安區信義路4段279號11樓,周皓凱,17072000,112/08/31,115/05/29,票據兌現/他機關函復/補正,CB01010 機械設備製造業；CC01070 無線通信機械器材製造業；CC01080 電子零組件製造業；CC01120 資料儲存媒體製造及複製業；CE01030 光學儀器製造業；F113030 精密儀器批發業；F119010 電子材料批發業；F213040 精密儀器零售業；F213060 電信器材零售業；F218010 資訊軟體零售業,臺北市,變更,11505
94247012,群益健康管理顧問有限公司,臺北市中山區林森北路627號5樓,陳泓勳,500000,112/08/21,115/05/21,特殊補正,I103060 管理顧問業；I101090 食品顧問業；I199990 其他顧問服務業；IG02010 研究發展服務業；F208050 乙類成藥零售業；F208040 化粧品零售業；F207070 動物用藥零售業；F203010 食品什貨、飲料零售業；F399040 無店面零售業；F299990 其他零售業,臺北市,變更,11505
94253463,極域科技股份有限公司,臺北市信義區吳興街600巷70號,蔡宗鵬,30000000,112/08/21,115/05/28,特殊補正,F399040 無店面零售業；I301010 資訊軟體服務業；I301020 資料處理服務業；F213010 電器零售業；F401010 國際貿易業；IZ99990 其他工商服務業；F113020 電器批發業；I103060 管理顧問業；JZ99050 仲介服務業；ZZ99999 除許可業務外，得經營法令非禁止或限制之業務,臺北市,變更,11505
94255151,又上控股股份有限公司,臺北市中山區建國北路1段67巷21號,闕又云,354040000,112/08/25,115/05/25,特殊補正,H201010 一般投資業；ZZ99999 除許可業務外，得經營法令非禁止或限制之業務,臺北市,變更,11505
94255315,康福國際資產顧問股份有限公司,臺北市中山區長春路172號11樓之5,黃明峰,1278743960,112/08/25,115/05/26,增資(資本總額),C307010 服飾品製造業；E801010 室內裝潢業；E801070 廚具、衛浴設備安裝工程業；F101130 蔬果批發業；F104110 布疋、衣著、鞋、帽、傘、服飾品批發業；F105050 家具、寢具、廚房器具、裝設品批發業；F109070 文教、樂器、育樂用品批發業；F111090 建材批發業；F113050 電腦及事務性機器設備批發業；F118010 資訊軟體批發業,臺北市,變更,11505
94263928,岢欣有限公司,臺北市信義區忠孝東路5段482號15樓之4,林雅筠,5000000,112/09/06,115/05/06,特殊補正,A401060 其他動物服務業；E601010 電器承裝業；E801010 室內裝潢業；F109070 文教、樂器、育樂用品批發業；F116010 照相器材批發業；F203010 食品什貨、飲料零售業；F216010 照相器材零售業；F399040 無店面零售業；F399990 其他綜合零售業；F401010 國際貿易業,臺北市,變更,11505
94266946,顏絮國際股份有限公司,臺北市大安區光復南路280巷23號1樓,顏詣縝,1253330,112/09/15,115/05/18,發行新股,F102030 菸酒批發業；F102170 食品什貨批發業；F104110 布疋、衣著、鞋、帽、傘、服飾品批發業；F106020 日常用品批發業；F107030 清潔用品批發業；F108040 化粧品批發業；F199990 其他批發業；F203010 食品什貨、飲料零售業；F203020 菸酒零售業；F204110 布疋、衣著、鞋、帽、傘、服飾品零售業,臺北市,變更,11505
94270385,三象之力整合行銷股份有限公司,臺北市南港區玉成街66之12號1樓,崔治中,1000000,112/10/03,115/05/07,特殊補正,J601010 藝文服務業；J602010 演藝活動業；J603010 音樂展演空間業；J799990 其他休閒服務業；J803010 運動表演業；JZ99030 攝影業；JZ99090 喜慶綜合服務業；C701010 印刷業；I301020 資料處理服務業；I401010 一般廣告服務業,臺北市,變更,11505
94270580,悅而康生活事業股份有限公司,臺北市萬華區長沙街2段92號3樓之1,張富傑,300000,112/09/18,115/05/26,特殊補正,C802100 化粧品製造業；F203010 食品什貨、飲料零售業；F102170 食品什貨批發業；F206020 日常用品零售業；F106020 日常用品批發業；F208040 化粧品零售業；F108040 化粧品批發業；F221010 食品添加物零售業；F206050 寵物食品及其用品零售業；F106060 寵物食品及其用品批發業,臺北市,變更,11505
94270857,食造國際有限公司,臺北市中正區漢口街1段85號4樓之3,葉宗華,1000000,112/09/18,115/05/11,特殊補正,F101990 其他農、畜、水產品批發業；F102170 食品什貨批發業；F102040 飲料批發業；F201010 農產品零售業；F201020 畜產品零售業；F201030 水產品零售業；F203010 食品什貨、飲料零售業；F206010 五金零售業；F213010 電器零售業；F213080 機械器具零售業,臺北市,變更,11505
94270977,丹煐股份有限公司,臺北市信義區虎林街239號,王玉香,1000000,112/09/19,115/05/18,特殊補正,H201010 一般投資業；ZZ99999 除許可業務外，得經營法令非禁止或限制之業務,臺北市,變更,11505
95427498,禹初有限公司,臺北市士林區中山北路5段520號5樓,沈子芹,100000,113/05/23,115/05/04,公司所在地,F102030 菸酒批發業；F102170 食品什貨批發業；F104110 布疋、衣著、鞋、帽、傘、服飾品批發業；F105050 家具、寢具、廚房器具、裝設品批發業；F106020 日常用品批發業；F108040 化粧品批發業；F109070 文教、樂器、育樂用品批發業；F110010 鐘錶批發業；F110020 眼鏡批發業；F113020 電器批發業,臺北市,變更,11505
95430894,小黑與小花生物科技有限公司,臺北市大安區忠孝東路4段183號13樓之2,吳曉華,1000000,113/07/05,115/05/05,特殊補正,F103010 飼料批發業；F202010 飼料零售業；F106020 日常用品批發業；F206020 日常用品零售業；F106060 寵物食品及其用品批發業；F102170 食品什貨批發業；F203010 食品什貨、飲料零售業；F101980 其他動物批發業；F201980 其他動物零售業；F101990 其他農、畜、水產品批發業,臺北市,變更,11505
95432598,悦系國際有限公司,臺北市萬華區成都路139號8樓之1,陳悦嘉,2300000,113/05/03,115/05/20,補繳規費,F102170 食品什貨批發業；F106020 日常用品批發業；F108040 化粧品批發業；F203010 食品什貨、飲料零售業；F204110 布疋、衣著、鞋、帽、傘、服飾品零售業；F206020 日常用品零售業；F208040 化粧品零售業；F208050 乙類成藥零售業；F209060 文教、樂器、育樂用品零售業；F210010 鐘錶零售業,臺北市,變更,11505
95433999,弘微科技股份有限公司,臺北市大同區長安西路106號5樓,廖群,54970000,113/05/17,115/05/29,增資(資本總額),I102010 一般投資顧問業；I103060 管理顧問業；I199990 其他顧問服務業；I301010 資訊軟體服務業；I301020 資料處理服務業；F401010 國際貿易業；ZZ99999 除許可業務外，得經營法令非禁止或限制之業務；I301050 實境體感應用服務業,臺北市,變更,11505
95435531,新加坡商友量娛樂科技有限公司,臺北市中山區龍江路120巷9號7樓之8,陳蕾琪,1000000,113/04/24,115/05/19,在中華民國所營事業增加登記,I401010 一般廣告服務業；J601010 藝文服務業；JB01010 會議及展覽服務業；F401010 國際貿易業；F109070 文教、樂器、育樂用品批發業；F209060 文教、樂器、育樂用品零售業；J303010 雜誌（期刊）出版業；J304010 圖書出版業；J305010 有聲出版業；J401010 電影片製作業,臺北市,變更,11505
95436139,瀚汎數創股份有限公司,臺北市萬華區西園路1段220巷50之3號1樓,姜伯翰,1000000,113/08/02,115/05/06,特殊補正,F118010 資訊軟體批發業；F113050 電腦及事務性機器設備批發業；F213030 電腦及事務性機器設備零售業；F218010 資訊軟體零售業；F399990 其他綜合零售業；F399040 無店面零售業；F601010 智慧財產權業；E605010 電腦設備安裝業；I103060 管理顧問業；I301010 資訊軟體服務業,臺北市,變更,11505
95437101,宸財管理顧問股份有限公司,臺北市中山區松江路122號2樓,林瑛明,71500000,114/01/21,115/05/20,特殊補正,H201010 一般投資業；H202010 創業投資業；I102010 一般投資顧問業；I103060 管理顧問業；I199990 其他顧問服務業；ZZ99999 除許可業務外，得經營法令非禁止或限制之業務,臺北市,變更,11505
95437616,久襄國際股份有限公司,臺北市大安區忠孝東路4段231號10樓之2,潘襄澄,4000000,113/06/12,115/05/25,特殊補正,F104110 布疋、衣著、鞋、帽、傘、服飾品批發業；F102170 食品什貨批發業；F106020 日常用品批發業；F204110 布疋、衣著、鞋、帽、傘、服飾品零售業；F203010 食品什貨、飲料零售業；F206020 日常用品零售業；F401010 國際貿易業；I502010 服飾設計業；I501010 產品設計業；ZZ99999 除許可業務外，得經營法令非禁止或限制之業務,臺北市,變更,11505
95439797,騏立企業股份有限公司,臺北市北投區西安街1段227號,梁育寧,5000000,113/04/30,115/05/06,改選董事/監察人(一人法人股東指派董事/監察人),IG01010 生物技術服務業；IG02010 研究發展服務業；CC01080 電子零組件製造業；CC01110 電腦及其週邊設備製造業；F118010 資訊軟體批發業；F119010 電子材料批發業；F113030 精密儀器批發業；F213040 精密儀器零售業；F218010 資訊軟體零售業；F219010 電子材料零售業,臺北市,變更,11505
95445215,品奕國際股份有限公司,臺北市大安區忠孝東路4段290號2樓,黃浩然,100000,113/05/16,115/05/27,特殊補正,IG03010 能源技術服務業；I199990 其他顧問服務業；ZZ99999 除許可業務外，得經營法令非禁止或限制之業務,臺北市,變更,11505
95447939,基法生物科技股份有限公司,臺北市大安區忠孝東路4段107號8樓之1,蘇芳世,1000000,113/06/28,115/05/25,減少所營事業變更修正章程,F208050 乙類成藥零售業；F102040 飲料批發業；F102170 食品什貨批發業；F104110 布疋、衣著、鞋、帽、傘、服飾品批發業；F105050 家具、寢具、廚房器具、裝設品批發業；F106010 五金批發業；F106020 日常用品批發業；F106060 寵物食品及其用品批發業；F107030 清潔用品批發業；F108040 化粧品批發業,臺北市,變更,11505
95450390,軒寓閣樓府旺股份有限公司,臺北市大安區信義路4段26號6樓之1,陳亮宇,83600000,113/05/27,115/05/14,補繳規費,I102010 一般投資顧問業；H201010 一般投資業；I103060 管理顧問業；F501030 飲料店業；F501060 餐館業；F501990 其他餐飲業；F203010 食品什貨、飲料零售業；F401010 國際貿易業；F501050 飲酒店業；F102030 菸酒批發業,臺北市,變更,11505
95451145,極致餐飲股份有限公司,臺北市信義區松仁路89號2樓,黃國欣,80000000,114/03/04,115/05/22,特殊補正,F501060 餐館業；F203010 食品什貨、飲料零售業；F203020 菸酒零售業；F201030 水產品零售業；F101050 水產品批發業；F201010 農產品零售業；F205040 家具、寢具、廚房器具、裝設品零售業；F206020 日常用品零售業；I101090 食品顧問業；I199990 其他顧問服務業,臺北市,變更,11505
95454380,信波有限公司,臺北市中山區南京東路3段208號9樓,江俞逸,3000000,114/02/13,115/05/19,公司所營事業變更修正章程,I301010 資訊軟體服務業；I301020 資料處理服務業；I301030 電子資訊供應服務業；I401010 一般廣告服務業；I501010 產品設計業；I102010 一般投資顧問業；I103060 管理顧問業；F399040 無店面零售業；F401010 國際貿易業；JZ99050 仲介服務業,臺北市,變更,11505
95458294,宅和室內裝修股份有限公司,臺北市大安區敦化南路2段46號3樓,林容靚,2000000,114/01/17,115/05/15,特殊補正,E801010 室內裝潢業；E801060 室內裝修業；F105050 家具、寢具、廚房器具、裝設品批發業；F111090 建材批發業；F113020 電器批發業；F120010 耐火材料批發業；F205040 家具、寢具、廚房器具、裝設品零售業；F211010 建材零售業；F213010 電器零售業；F220010 耐火材料零售業,臺北市,變更,11505
95472465,苡杏創意空間有限公司,臺北市士林區承德路4段188號3樓,高景怡,500000,113/05/30,115/05/05,特殊補正,F102170 食品什貨批發業；F104110 布疋、衣著、鞋、帽、傘、服飾品批發業；F109070 文教、樂器、育樂用品批發業；F203010 食品什貨、飲料零售業；F204110 布疋、衣著、鞋、帽、傘、服飾品零售業；F209060 文教、樂器、育樂用品零售業；J202010 產業育成業；J601010 藝文服務業；J602010 演藝活動業；J603010 音樂展演空間業,臺北市,變更,11505
95475651,慰心科技股份有限公司,臺北市大安區忠孝東路4段155號6樓,陳柏旭,5000000,113/07/19,115/05/04,公司所在地,I301010 資訊軟體服務業；I301030 電子資訊供應服務業；I501010 產品設計業,臺北市,變更,11505
95475738,為愛發光未來教育有限公司,臺北市大安區復興南路2段35號3樓之2,馬富宏,1000000,113/04/23,115/05/19,特殊補正,I102010 一般投資顧問業；I103060 管理顧問業；I199990 其他顧問服務業；I301010 資訊軟體服務業；I301030 電子資訊供應服務業；I301020 資料處理服務業；I401010 一般廣告服務業；I501010 產品設計業；IZ04010 翻譯業；IZ99990 其他工商服務業,臺北市,變更,11505
95477996,咕咕咕國際有限公司,臺北市信義區基隆路1段350號1樓之23,安德生,500000,113/05/30,115/05/07,特殊補正,F501030 飲料店業；F501060 餐館業；F501990 其他餐飲業；ZZ99999 除許可業務外，得經營法令非禁止或限制之業務,臺北市,變更,11505
95480036,天晟運實業股份有限公司,臺北市松山區南京東路5段62號8樓,余天,4500000,113/06/14,115/05/20,董事/監察人持股變動報備,I301010 資訊軟體服務業；IZ09010 管理系統驗證業；IZ13010 網路認證服務業；I199990 其他顧問服務業；F401010 國際貿易業；G202010 停車場經營業；JZ99990 未分類其他服務業；ZZ99999 除許可業務外，得經營法令非禁止或限制之業務,臺北市,變更,11505
95480227,憲上快客股份有限公司,臺北市大安區信義路4段258號12樓之1,吳宗憲,10000000,113/05/13,115/05/22,特殊補正,F399040 無店面零售業；I301010 資訊軟體服務業；I301060 網路廣告平臺業；F401010 國際貿易業；F399990 其他綜合零售業；F203010 食品什貨、飲料零售業；F203020 菸酒零售業；F203030 酒精零售業；F204110 布疋、衣著、鞋、帽、傘、服飾品零售業；F205040 家具、寢具、廚房器具、裝設品零售業,臺北市,變更,11505
95482288,聽覺的東西股份有限公司,臺北市松山區八德路2段346巷5弄5號,余昊益,550000,113/08/02,115/05/15,公司所在地,J601010 藝文服務業；J305010 有聲出版業；J399990 其他出版業；J401010 電影片製作業；J404010 動畫影片製作業；J404040 電影錄音業；J602010 演藝活動業；ZZ99999 除許可業務外，得經營法令非禁止或限制之業務,臺北市,變更,11505
95482870,奧藝廣告股份有限公司,臺北市內湖區內湖路1段1巷9弄66號2樓,陳幸志,5000000,113/08/12,115/05/04,特殊補正,I103060 管理顧問業；I199990 其他顧問服務業；F213030 電腦及事務性機器設備零售業；F113050 電腦及事務性機器設備批發業；I301010 資訊軟體服務業；I401010 一般廣告服務業；I501010 產品設計業；F119010 電子材料批發業；F219010 電子材料零售業,臺北市,變更,11505
95485594,維亮有限公司,臺北市文山區興隆路4段133號15樓之1,許雅婷,200000,113/07/31,115/05/19,特殊補正,F102040 飲料批發業；F102170 食品什貨批發業；F106020 日常用品批發業；F107030 清潔用品批發業；F108040 化粧品批發業；F113020 電器批發業；F113030 精密儀器批發業；F113050 電腦及事務性機器設備批發業；F113060 度量衡器批發業；F119010 電子材料批發業,臺北市,變更,11505
95487158,伯斯悟有限公司,臺北市內湖區民權東路6段296巷121號地下一層之1,游琇淇,1000000,113/06/20,115/05/28,特殊補正,F203010 食品什貨、飲料零售業；F206050 寵物食品及其用品零售業；F209060 文教、樂器、育樂用品零售業；F299990 其他零售業；F401010 國際貿易業；F501990 其他餐飲業；I105010 藝術品諮詢顧問業；I301010 資訊軟體服務業；I401010 一般廣告服務業；I501010 產品設計業,臺北市,變更,11505
95487376,亞洲群星管理顧問股份有限公司,臺北市南港區忠孝東路6段21號6樓之7,黃冠融,2000000,113/08/05,115/05/20,特殊補正,J202010 產業育成業；J404010 動畫影片製作業；H201010 一般投資業；I401010 一般廣告服務業；F399040 無店面零售業；F401010 國際貿易業；F601010 智慧財產權業；I199990 其他顧問服務業；I301010 資訊軟體服務業；I301020 資料處理服務業,臺北市,變更,11505
95488749,洺雋股份有限公司,臺北市大安區忠孝東路4段300號5樓,許哲維,1500000,114/03/07,115/05/05,減少所營事業變更修正章程,I103060 管理顧問業；I199990 其他顧問服務業；I301010 資訊軟體服務業；I301020 資料處理服務業；ZZ99999 除許可業務外，得經營法令非禁止或限制之業務,臺北市,變更,11505
95491499,太吉友福健康股份有限公司,臺北市信義區松德路171號19樓之7,謝菁菁,110000000,113/07/26,115/05/05,增資(資本總額),F102170 食品什貨批發業；F106010 五金批發業；F106020 日常用品批發業；F107030 清潔用品批發業；F108040 化粧品批發業；F118010 資訊軟體批發業；F203010 食品什貨、飲料零售業；F206010 五金零售業；F206020 日常用品零售業；F208040 化粧品零售業,臺北市,變更,11505
95495185,達沃斯新能源股份有限公司,臺北市大安區安和路1段27號15樓,陳威華,1000000,113/05/21,115/05/04,董事(常務董事.董事長)/監察人解任,D101060 再生能源自用發電設備業；E601020 電器安裝業；E603050 自動控制設備工程業；E606010 用電設備檢驗維護業；F401010 國際貿易業；I103060 管理顧問業；I199990 其他顧問服務業；I301010 資訊軟體服務業；I301030 電子資訊供應服務業；IF04010 非破壞檢測業,臺北市,變更,11505
95497135,惟睿投資股份有限公司,臺北市松山區民生東路3段128號7樓,許惟堯,28966250,113/06/13,115/05/27,特殊補正,H201010 一般投資業；ZZ99999 除許可業務外，得經營法令非禁止或限制之業務,臺北市,變更,11505
95498541,大峻貿易有限公司,臺北市萬華區環河南路2段233號1樓,林佳儒,1000000,113/07/10,115/05/08,申登機關變更（遷入，含卷）,F203010 食品什貨、飲料零售業；F501030 飲料店業；F102170 食品什貨批發業；C110010 飲料製造業；F102040 飲料批發業；I101090 食品顧問業；F102030 菸酒批發業；F102180 酒精批發業；F203020 菸酒零售業；F203030 酒精零售業,臺北市,變更,11505
95498818,帶動地方股份有限公司,臺北市中山區民權東路2段206號5樓之2,簡詩恩,50000,113/12/17,115/05/04,特殊補正,D101060 再生能源自用發電設備業；D401010 熱能供應業；E601010 電器承裝業；E603090 照明設備安裝工程業；E604010 機械安裝業；E607010 太陽熱能設備安裝工程業；EZ99990 其他工程業；F101050 水產品批發業；F101070 漁具批發業；F101120 觀賞魚批發業,臺北市,變更,11505
96155001,療癒我股份有限公司,臺北市信義區基隆路1段432號9樓之7,劉至浩,100000,113/06/14,115/05/19,特殊補正,F213010 電器零售業；F208040 化粧品零售業；F206020 日常用品零售業；I301030 電子資訊供應服務業；F399040 無店面零售業；F204110 布疋、衣著、鞋、帽、傘、服飾品零售業；I401010 一般廣告服務業；F213060 電信器材零售業；F203010 食品什貨、飲料零售業；F221010 食品添加物零售業,臺北市,變更,11505
96576642,六榮有限公司,臺北市內湖區內湖路1段356號8樓,吳孟彬,12600000,114/02/26,115/05/08,特殊補正,CC01040 照明設備製造業；CC01080 電子零組件製造業；E601020 電器安裝業；E603090 照明設備安裝工程業；E801010 室內裝潢業；E801030 室內輕鋼架工程業；F106010 五金批發業；F106020 日常用品批發業；F106040 水器材料批發業；F109070 文教、樂器、育樂用品批發業,臺北市,變更,11505
96618782,任信科技股份有限公司,臺北市大安區敦化南路1段205號2樓之5,,200000,113/07/08,115/05/05,解散,H201010 一般投資業；ZZ99999 除許可業務外，得經營法令非禁止或限制之業務,臺北市,變更,11505
96623217,艾奇美台灣有限公司,臺北市中山區南京東路2段160號6樓,鍾年洪,5000000,113/07/22,115/05/21,特殊補正,E604010 機械安裝業；F104110 布疋、衣著、鞋、帽、傘、服飾品批發業；F107020 染料、顏料批發業；F113010 機械批發業；F113990 其他機械器具批發業；F204110 布疋、衣著、鞋、帽、傘、服飾品零售業；F207200 化學原料零售業；F401010 國際貿易業；I101110 紡織顧問業；JA02990 其他修理業,臺北市,變更,11505
96624665,雲奧股份有限公司,臺北市松山區敦化南路1段3號3樓,周筱梅,10000000,114/03/07,115/05/26,公司所在地,F106020 日常用品批發業；F108040 化粧品批發業；F206020 日常用品零售業；F208040 化粧品零售業；F399040 無店面零售業；F401010 國際貿易業；I103060 管理顧問業；I199990 其他顧問服務業；I301010 資訊軟體服務業；I301020 資料處理服務業,臺北市,變更,11505
96627945,坤輝科技有限公司,臺北市大安區忠孝東路3段201之2號2樓,劉家齊,1000000,113/12/31,115/05/21,公司外文名稱變更修正章程,F399990 其他綜合零售業；F399040 無店面零售業；F401010 國際貿易業；H703100 不動產租賃業；H703090 不動產買賣業；I199990 其他顧問服務業；I103060 管理顧問業；H201010 一般投資業；ZZ99999 除許可業務外，得經營法令非禁止或限制之業務；CC01110 電腦及其週邊設備製造業,臺北市,變更,11505
96660042,高青股份有限公司,臺北市中山區龍江路23號4樓,潘在幸,9750000,113/06/24,115/05/25,董事/監察人持股變動報備,H201010 一般投資業；H703090 不動產買賣業；H703100 不動產租賃業；I103060 管理顧問業,臺北市,變更,11505
96663717,一九六管理顧問有限公司,臺北市中正區金山北路1號6樓之3,葛允增,1000000,113/05/09,115/05/26,特殊補正,I103060 管理顧問業；I199990 其他顧問服務業；I401010 一般廣告服務業；IZ12010 人力派遣業；IZ15010 市場研究及民意調查業；J202010 產業育成業；J601010 藝文服務業；JB01010 會議及展覽服務業；JZ99050 仲介服務業；ZZ99999 除許可業務外，得經營法令非禁止或限制之業務,臺北市,變更,11505
96684570,日日國際顧問有限公司,臺北市中山區民權東路3段37號12樓,楊苔偵,1370000,113/08/01,115/05/15,增資,I103060 管理顧問業；I401010 一般廣告服務業；IZ04010 翻譯業；IZ12010 人力派遣業；J304010 圖書出版業；JB01010 會議及展覽服務業；JA05010 留、遊學服務業；JE01010 租賃業；JD01010 工商徵信服務業；JZ99050 仲介服務業,臺北市,變更,11505
96687083,傳睿科技股份有限公司,臺北市內湖區堤頂大道2段473號2樓,陳英圖,51000000,114/03/04,115/05/07,特殊補正,J101060 廢（污）水處理業；E599010 配管工程業；E603040 消防安全設備安裝工程業；E603050 自動控制設備工程業；E604010 機械安裝業；E801010 室內裝潢業；EZ99990 其他工程業；F113010 機械批發業；F213080 機械器具零售業；F213010 電器零售業,臺北市,變更,11505
96752817,鑒洋有限公司,臺北市大同區西寧北路78之18號9樓,顏才洋,100000,113/05/31,115/05/27,特殊補正,F104110 布疋、衣著、鞋、帽、傘、服飾品批發業；F105050 家具、寢具、廚房器具、裝設品批發業；F106010 五金批發業；F106020 日常用品批發業；F106030 模具批發業；F106040 水器材料批發業；F106050 陶瓷玻璃器皿批發業；F107030 清潔用品批發業；F108040 化粧品批發業；F109070 文教、樂器、育樂用品批發業,臺北市,變更,11505
96760627,相閎國際有限公司,臺北市大同區民權西路205號8樓之1,張芸柔,2000000,113/06/04,115/05/18,特殊補正,J503010 廣播節目製作業；J503020 電視節目製作業；J503040 廣播電視廣告業；I401010 一般廣告服務業；I501010 產品設計業；I599990 其他設計業；ZZ99999 除許可業務外，得經營法令非禁止或限制之業務,臺北市,變更,11505
96761077,信欣網路娛樂股份有限公司,臺北市大安區忠孝東路4段2號6樓之3,王信硯,1000000,113/08/06,115/05/19,特殊補正,F102030 菸酒批發業；F102040 飲料批發業；F102050 茶葉批發業；F102170 食品什貨批發業；F203010 食品什貨、飲料零售業；F203020 菸酒零售業；F203030 酒精零售業；F203040 雪茄零售業；F401010 國際貿易業；F501030 飲料店業,臺北市,變更,11505
96764052,京震工程顧問有限公司,臺北市中正區忠孝西路1段25號5樓,林祐全,3000000,113/05/17,115/05/11,減少所營事業變更修正章程,I199990 其他顧問服務業；E801010 室內裝潢業；E801020 門窗安裝工程業；E801030 室內輕鋼架工程業；E801040 玻璃安裝工程業；E901010 油漆工程業；E903010 防蝕、防銹工程業；E601010 電器承裝業；E601020 電器安裝業；EZ02010 起重工程業,臺北市,變更,11505
96765307,廣福錦開發有限公司,臺北市內湖區新民路246巷3弄28號5樓,黃朝彬,1000000,113/05/14,115/05/15,特殊補正,F101050 水產品批發業；F101130 蔬果批發業；F101990 其他農、畜、水產品批發業；F102030 菸酒批發業；F102050 茶葉批發業；F102170 食品什貨批發業；F104110 布疋、衣著、鞋、帽、傘、服飾品批發業；F105050 家具、寢具、廚房器具、裝設品批發業；F106010 五金批發業；F106020 日常用品批發業,臺北市,變更,11505
96768472,貝比富冷凍食品有限公司,臺北市大安區忠孝東路4段155號6樓,陳湘婷,1000000,113/04/24,115/05/26,增資,F201030 水產品零售業；F101050 水產品批發業；F102170 食品什貨批發業；F201020 畜產品零售業；F203010 食品什貨、飲料零售業；F206020 日常用品零售業；F201990 其他農畜水產品零售業；F399040 無店面零售業；F501990 其他餐飲業；ZZ99999 除許可業務外，得經營法令非禁止或限制之業務,臺北市,變更,11505
96769471,易語資訊股份有限公司,臺北市大安區信義路4段1號2樓,柯宥均,500000,113/07/04,115/05/06,改選董事/監察人(一人法人股東指派董事/監察人),I301030 電子資訊供應服務業；I301010 資訊軟體服務業；I301040 第三方支付服務業；I103060 管理顧問業；F118010 資訊軟體批發業；F218010 資訊軟體零售業；F401010 國際貿易業；F399040 無店面零售業；J202010 產業育成業；ZZ99999 除許可業務外，得經營法令非禁止或限制之業務,臺北市,變更,11505
96779203,雲躍有限公司,臺北市中正區重慶南路1段57號10樓之17,林家瑄,500000,113/07/29,115/05/04,公司所在地,F104110 布疋、衣著、鞋、帽、傘、服飾品批發業；F105050 家具、寢具、廚房器具、裝設品批發業；F106020 日常用品批發業；F204110 布疋、衣著、鞋、帽、傘、服飾品零售業；F205040 家具、寢具、廚房器具、裝設品零售業；F206020 日常用品零售業；F399040 無店面零售業；F299990 其他零售業；F399990 其他綜合零售業；F108040 化粧品批發業,臺北市,變更,11505
96793113,途銳資訊股份有限公司,臺北市大安區忠孝東路4段222號9樓,李伊蕉,15000000,113/06/05,115/05/18,特殊補正,I103060 管理顧問業；I301010 資訊軟體服務業；I301020 資料處理服務業；I301030 電子資訊供應服務業；I401010 一般廣告服務業；IE01010 電信業務門號代辦業；IZ09010 管理系統驗證業；F118010 資訊軟體批發業；F218010 資訊軟體零售業；F113050 電腦及事務性機器設備批發業,臺北市,變更,11505
96794056,多格斯有限公司,臺北市中山區松江路31號9樓之3,賴榮志,11950000,113/07/29,115/05/25,增資,F106060 寵物食品及其用品批發業；F206050 寵物食品及其用品零售業；F401010 國際貿易業；ZZ99999 除許可業務外，得經營法令非禁止或限制之業務,臺北市,變更,11505
96796738,月老文創股份有限公司,臺北市中山區中山北路3段49號3樓之5,王寶萱,100000,114/02/27,115/05/11,特殊補正,F104110 布疋、衣著、鞋、帽、傘、服飾品批發業；F105050 家具、寢具、廚房器具、裝設品批發業；F106020 日常用品批發業；F204110 布疋、衣著、鞋、帽、傘、服飾品零售業；F205040 家具、寢具、廚房器具、裝設品零售業；F206020 日常用品零售業；F299990 其他零售業；F501030 飲料店業；J304010 圖書出版業；J305010 有聲出版業,臺北市,變更,11505
96797791,台灣智慧聯合股份有限公司,臺北市大安區敦化南路2段77號7樓之4,柯世峰,21500000,113/06/27,115/05/05,經理人變更,I301010 資訊軟體服務業；I301020 資料處理服務業；I301030 電子資訊供應服務業；IG02010 研究發展服務業；I103060 管理顧問業；ZZ99999 除許可業務外，得經營法令非禁止或限制之業務；F118010 資訊軟體批發業,臺北市,變更,11505
96797862,新睦美生醫股份有限公司,臺北市士林區中山北路5段500號4樓,王亦衡,87000000,113/07/22,115/05/27,特殊補正,F108031 醫療器材批發業；F108040 化粧品批發業；F208040 化粧品零售業；F208050 乙類成藥零售業；F399040 無店面零售業；F399990 其他綜合零售業；F401010 國際貿易業；F601010 智慧財產權業；H703100 不動產租賃業；I199990 其他顧問服務業,臺北市,變更,11505
96799714,擁抱心身股份有限公司,臺北市內湖區瑞光路335號3樓,鳴醫股份有限公司,11111110,113/05/30,115/05/13,特殊補正,I199990 其他顧問服務業；I301030 電子資訊供應服務業；I401010 一般廣告服務業；IG01010 生物技術服務業；H201010 一般投資業；ZZ99999 除許可業務外，得經營法令非禁止或限制之業務,臺北市,變更,11505
96800542,日盛台駿全實業股份有限公司,臺北市中山區松江路68號2樓,朱志威,1300000000,113/07/29,115/05/25,改派董事/監察人,F114010 汽車批發業；F214010 汽車零售業；F114020 機車批發業；F214020 機車零售業；F114030 汽、機車零件配備批發業；F214030 汽、機車零件配備零售業；F113010 機械批發業；F213080 機械器具零售業；F401010 國際貿易業；A102060 糧商業,臺北市,變更,11505
96804168,一朵花企業有限公司,臺北市松山區南京東路4段50號12樓之1,林懿蕊,1000000,114/01/15,115/05/27,增資,I301010 資訊軟體服務業；I301030 電子資訊供應服務業；I401010 一般廣告服務業；I401020 廣告傳單分送業；I501010 產品設計業；I599990 其他設計業；F401010 國際貿易業；IZ12010 人力派遣業；F109070 文教、樂器、育樂用品批發業；F209060 文教、樂器、育樂用品零售業,臺北市,變更,11505
96805602,茂域科技股份有限公司,臺北市松山區南京東路3段346號10樓之4,鮑毓強,30000000,114/03/04,115/05/06,特殊補正,H201010 一般投資業；ZZ99999 除許可業務外，得經營法令非禁止或限制之業務,臺北市,變更,11505
96805976,凡賢智能地產有限公司,臺北市中正區重慶南路1段83號6樓,楊永耀,100000,113/05/22,115/05/13,減少所營事業變更修正章程,H703100 不動產租賃業；I401010 一般廣告服務業；H703090 不動產買賣業；F401010 國際貿易業；IZ99990 其他工商服務業；I102010 一般投資顧問業；I103060 管理顧問業；H702010 建築經理業；H701010 住宅及大樓開發租售業；H201010 一般投資業,臺北市,變更,11505
96805997,言錦有限公司,臺北市中山區中山北路2段45巷11號6樓,林群翔,1000000,114/01/14,115/05/08,公司所營事業變更修正章程,H201010 一般投資業；F401010 國際貿易業；I199990 其他顧問服務業；I301010 資訊軟體服務業；I301020 資料處理服務業；F119010 電子材料批發業；F219010 電子材料零售業；F113010 機械批發業；F213080 機械器具零售業；F213990 其他機械器具零售業,臺北市,變更,11505
96807159,利川聯合有限公司,臺北市中山區南京東路2段96號3樓之1,楊順婷,8400000,113/05/24,115/05/28,特殊補正,F108040 化粧品批發業；F208040 化粧品零售業；F208050 乙類成藥零售業；F401010 國際貿易業；F399040 無店面零售業；H201010 一般投資業；I102010 一般投資顧問業；I199990 其他顧問服務業；I103060 管理顧問業；I401010 一般廣告服務業,臺北市,變更,11505
96810653,柏仲顧問有限公司,臺北市內湖區環山路1段48號4樓之2,陳仲鈴,750000,113/12/20,115/05/25,特殊補正,F601010 智慧財產權業；H201010 一般投資業；I102010 一般投資顧問業；I103060 管理顧問業；I199990 其他顧問服務業；ZZ99999 除許可業務外，得經營法令非禁止或限制之業務,臺北市,變更,11505
96812224,冠鮮國際企業有限公司,臺北市松山區八德路4段699號5樓之3,陳仕杰,8300000,113/06/03,115/05/06,增資,F101050 水產品批發業；F101990 其他農、畜、水產品批發業；F101040 家畜家禽批發業；F102030 菸酒批發業；F102040 飲料批發業；F102050 茶葉批發業；F102170 食品什貨批發業；F103010 飼料批發業；F104110 布疋、衣著、鞋、帽、傘、服飾品批發業；F105050 家具、寢具、廚房器具、裝設品批發業,臺北市,變更,11505
96812982,崇偉環保科技股份有限公司,臺北市松山區南京東路5段16號9樓之3,潘逸學,1200000,113/04/25,115/05/15,特殊補正,J101080 資源回收業；F199010 回收物料批發業；F199990 其他批發業；ZZ99999 除許可業務外，得經營法令非禁止或限制之業務；J101030 廢棄物清除業,臺北市,變更,11505
96813785,叡豪投資股份有限公司,臺北市松山區民生東路3段128號7樓,許瓊文,28966250,113/06/19,115/05/28,特殊補正,H201010 一般投資業；ZZ99999 除許可業務外，得經營法令非禁止或限制之業務,臺北市,變更,11505
96816404,整合敘事學智慧數位說故事有限公司,臺北市大安區安和路1段78巷2號7樓,游源淳,3333000,113/05/27,115/05/08,特殊補正,I301010 資訊軟體服務業；I103060 管理顧問業,臺北市,變更,11505
96817234,不利自己有限公司,臺北市大安區信義路4段1號2樓,黃芷萱,1100000,113/06/13,115/05/15,公司所在地,C701010 印刷業；F204110 布疋、衣著、鞋、帽、傘、服飾品零售業；F206020 日常用品零售業；F209060 文教、樂器、育樂用品零售業；F399040 無店面零售業；F401010 國際貿易業；F601010 智慧財產權業；I103060 管理顧問業；I301010 資訊軟體服務業；I401010 一般廣告服務業,臺北市,變更,11505
96817240,蒔和整合行銷有限公司,臺北市大安區忠孝東路4段169號11樓之1,孫苒,3000000,114/01/15,115/05/27,特殊補正,C701010 印刷業；C703010 印刷品裝訂及加工業；E801010 室內裝潢業；I103060 管理顧問業；I199990 其他顧問服務業；I401010 一般廣告服務業；IG02010 研究發展服務業；IZ04010 翻譯業；IZ10010 排版業；IZ15010 市場研究及民意調查業,臺北市,變更,11505
96825121,和眾工程顧問實業有限公司,臺北市大同區延平北路1段104號5樓,丁秀春,550000,113/05/01,115/05/19,特殊補正,E599010 配管工程業；E601010 電器承裝業；E601020 電器安裝業；E603040 消防安全設備安裝工程業；E603050 自動控制設備工程業；E603080 交通號誌安裝工程業；E604010 機械安裝業；EZ06010 交通標示工程業；EZ99990 其他工程業；F113010 機械批發業,臺北市,變更,11505
96825712,亞瀚國際股份有限公司,臺北市大安區羅斯福路3段29號6樓,呂正一,8000000,114/01/06,115/05/14,改選董事/監察人(一人法人股東指派董事/監察人),E605010 電腦設備安裝業；E801010 室內裝潢業；F102170 食品什貨批發業；F104110 布疋、衣著、鞋、帽、傘、服飾品批發業；F109070 文教、樂器、育樂用品批發業；F113020 電器批發業；F116010 照相器材批發業；F118010 資訊軟體批發業；F119010 電子材料批發業；F201010 農產品零售業,臺北市,變更,11505
96825847,誠信資產鑑定有限公司,臺北市文山區指南路2段45巷14弄5號,楊育慈,4700000,113/05/16,115/05/19,股東出資轉讓修正章程,I102010 一般投資顧問業；I103060 管理顧問業；I101070 農、林、漁、畜牧顧問業；I101080 工、礦顧問業；I101090 食品顧問業；I101100 航空顧問業；I101110 紡織顧問業；I101120 造船顧問業；I105010 藝術品諮詢顧問業；I199990 其他顧問服務業,臺北市,變更,11505
96828366,日日鑫生技有限公司,臺北市文山區辛亥路4段166巷11號1樓,范睿婷,4000000,113/05/08,115/05/25,特殊補正,F108031 醫療器材批發業；F208031 醫療器材零售業；F104110 布疋、衣著、鞋、帽、傘、服飾品批發業；F204110 布疋、衣著、鞋、帽、傘、服飾品零售業；F203010 食品什貨、飲料零售業；F208040 化粧品零售業；F215010 首飾及貴金屬零售業；F401010 國際貿易業；F206020 日常用品零售業；ZZ99999 除許可業務外，得經營法令非禁止或限制之業務,臺北市,變更,11505
96830004,宅蒔室內裝修股份有限公司,臺北市大安區敦化南路2段46號3樓,羅閎,2000000,114/03/03,115/05/20,特殊補正,E801010 室內裝潢業；E801060 室內裝修業；F105050 家具、寢具、廚房器具、裝設品批發業；F111090 建材批發業；F113020 電器批發業；F120010 耐火材料批發業；F205040 家具、寢具、廚房器具、裝設品零售業；F211010 建材零售業；F213010 電器零售業；F220010 耐火材料零售業,臺北市,變更,11505
96830481,台泥高和綠能股份有限公司,臺北市中山區中山北路2段113號8樓,翁吉良,14000000,113/05/27,115/05/11,特殊補正,D101060 再生能源自用發電設備業；IG03010 能源技術服務業；A301030 水產養殖業；A302020 漁業服務業；EZ05010 儀器、儀表安裝工程業；F211010 建材零售業；F213080 機械器具零售業；F601010 智慧財產權業；JA02990 其他修理業；G801010 倉儲業,臺北市,變更,11505
96831329,愛上原廠設定有限公司,臺北市中山區南京東路3段201號9樓,李怡瑾,500000,113/05/14,115/05/04,特殊補正,I103060 管理顧問業；I199990 其他顧問服務業；F104110 布疋、衣著、鞋、帽、傘、服飾品批發業；F105050 家具、寢具、廚房器具、裝設品批發業；F106020 日常用品批發業；F108040 化粧品批發業；F115010 首飾及貴金屬批發業；F115020 礦石批發業；F204110 布疋、衣著、鞋、帽、傘、服飾品零售業；F205040 家具、寢具、廚房器具、裝設品零售業,臺北市,變更,11505
96831658,天一投顧有限公司,臺北市士林區中山北路5段472號8樓,莊景淙,10000000,113/05/29,115/05/18,特殊補正,H201010 一般投資業；F401010 國際貿易業；F118010 資訊軟體批發業；F109070 文教、樂器、育樂用品批發業；J399010 軟體出版業；F113020 電器批發業；F113050 電腦及事務性機器設備批發業；I301010 資訊軟體服務業；F218010 資訊軟體零售業；F209060 文教、樂器、育樂用品零售業,臺北市,變更,11505
96833255,奇想會有限公司,臺北市大安區安和路1段21巷7號,戴寧,4000000,114/01/10,115/05/05,特殊補正,J601010 藝文服務業；JB01010 會議及展覽服務業；JE01010 租賃業；JZ99050 仲介服務業；JZ99990 未分類其他服務業；I105010 藝術品諮詢顧問業；I199990 其他顧問服務業；I301030 電子資訊供應服務業；IZ99990 其他工商服務業；F104110 布疋、衣著、鞋、帽、傘、服飾品批發業,臺北市,變更,11505
96835373,石澗開發股份有限公司,臺北市大安區敦化南路1段205號5樓之6,蕭伊珍,22600000,113/07/30,115/05/20,補選董事(常務董事.董事長)/監察人,H701010 住宅及大樓開發租售業；H701020 工業廠房開發租售業；H701040 特定專業區開發業；H701050 投資興建公共建設業；H701060 新市鎮、新社區開發業；H701070 區段徵收及市地重劃代辦業；H701080 都市更新重建業；H701090 都市更新整建維護業；H703090 不動產買賣業；H703100 不動產租賃業,臺北市,變更,11505
96835459,亞美國際生醫股份有限公司,臺北市士林區忠義街151號,鄒登旭,36500000,114/02/25,115/05/27,特殊補正,F108040 化粧品批發業；F208040 化粧品零售業；F113010 機械批發業；F213080 機械器具零售業；F113030 精密儀器批發業；F213040 精密儀器零售業；F102170 食品什貨批發業；F203010 食品什貨、飲料零售業；F107030 清潔用品批發業；F207030 清潔用品零售業,臺北市,變更,11505
96836443,弘邦日實業有限公司,臺北市文山區興隆路4段49之4號1樓,陳弘霖,100000,113/07/09,115/05/15,股東出資轉讓修正章程,F106070 祭祀用品批發業；F199990 其他批發業；F206060 祭祀用品零售業；F299990 其他零售業；F102050 茶葉批發業；F208040 化粧品零售業；F401010 國際貿易業；F203010 食品什貨、飲料零售業；ZZ99999 除許可業務外，得經營法令非禁止或限制之業務,臺北市,變更,11505
96840559,泛亞資產管理有限公司,臺北市大安區敦化南路2段2號4樓之1、4樓之2,韓士平,25000000,113/07/16,115/05/20,特殊補正,F401010 國際貿易業；H201010 一般投資業；H703100 不動產租賃業；I103060 管理顧問業；ZZ99999 除許可業務外，得經營法令非禁止或限制之業務,臺北市,變更,11505
96841712,祤琳有限公司,臺北市大安區敦化南路1段270巷12之1號1樓,潘韻琳,1300000,114/02/12,115/05/22,公司所在地,F104110 布疋、衣著、鞋、帽、傘、服飾品批發業；F204110 布疋、衣著、鞋、帽、傘、服飾品零售業；F399040 無店面零售業；F401010 國際貿易業；F206020 日常用品零售業；F106020 日常用品批發業；F108040 化粧品批發業；F208040 化粧品零售業；F215010 首飾及貴金屬零售業；F210020 眼鏡零售業,臺北市,變更,11505
96843508,勢承資本有限公司,臺北市松山區敦化北路167號17樓,盧晉佑,23000000,113/04/26,115/05/08,增資,H201010 一般投資業；H703090 不動產買賣業；H703100 不動產租賃業；F401010 國際貿易業；I102010 一般投資顧問業；I103060 管理顧問業；I199990 其他顧問服務業；ZZ99999 除許可業務外，得經營法令非禁止或限制之業務,臺北市,變更,11505
96843850,合果行銷有限公司,臺北市文山區景豐街48巷5號1樓,高怡瑄,2000000,113/06/25,115/05/12,特殊補正,F104110 布疋、衣著、鞋、帽、傘、服飾品批發業；F106020 日常用品批發業；F108040 化粧品批發業；F109070 文教、樂器、育樂用品批發業；F204110 布疋、衣著、鞋、帽、傘、服飾品零售業；F208040 化粧品零售業；F209060 文教、樂器、育樂用品零售業；F399040 無店面零售業；H703100 不動產租賃業；I199990 其他顧問服務業,臺北市,變更,11505
96844773,蔣老爹愛吃鍋有限公司,臺北市大安區市民大道4段124號,蔣有文,2500000,113/06/26,115/05/27,股東出資轉讓修正章程,F102170 食品什貨批發業；F203010 食品什貨、飲料零售業；F401010 國際貿易業；F399040 無店面零售業；F501030 飲料店業；F501060 餐館業；ZZ99999 除許可業務外，得經營法令非禁止或限制之業務,臺北市,變更,11505
96847737,祥安欣業有限公司,臺北市中山區新生北路2段31之1號9樓之7,江志盛,500000,113/07/01,115/05/20,股東出資轉讓修正章程,H701010 住宅及大樓開發租售業；H701020 工業廠房開發租售業；H701050 投資興建公共建設業；H701060 新市鎮、新社區開發業；H701070 區段徵收及市地重劃代辦業；H701090 都市更新整建維護業；H703090 不動產買賣業；H703100 不動產租賃業；HZ99990 其他金融、保險及不動產業；I401010 一般廣告服務業,臺北市,變更,11505
96924558,弘璽興業有限公司,臺北市中山區林森北路575號3樓之2,顏杜麗雪,3000000,85/01/05,115/05/11,改推董事/董事長,,臺北市,變更,11505
96927632,永佑祥建材有限公司,臺北市中正區忠孝西路1段50號22樓之18,林元昌,6000000,85/01/15,115/05/12,特殊補正,F105050 家具、寢具、廚房器具、裝設品批發業；F111090 建材批發業；F120010 耐火材料批發業；F205040 家具、寢具、廚房器具、裝設品零售業；F211010 建材零售業；F220010 耐火材料零售業；F401010 國際貿易業；E801010 室內裝潢業；E801070 廚具、衛浴設備安裝工程業；ZZ99999 除許可業務外，得經營法令非禁止或限制之業務,臺北市,變更,11505
96929815,竝甡股份有限公司,臺北市信義區基隆路2段51號15樓,洪品森,14200000,85/01/22,115/05/08,特殊補正,ZZ99999 除許可業務外，得經營法令非禁止或限制之業務,臺北市,變更,11505
96936457,築源建設股份有限公司,臺北市南港區重陽里重陽路269號6樓,林智源,1287000000,85/02/09,115/05/25,改選董事/監察人(一人法人股東指派董事/監察人),E801010 室內裝潢業；F111090 建材批發業；F113010 機械批發業；F211010 建材零售業；F213080 機械器具零售業；F401010 國際貿易業；H701010 住宅及大樓開發租售業；H701020 工業廠房開發租售業；H701040 特定專業區開發業；H701050 投資興建公共建設業,臺北市,變更,11505
96937408,陽明山娛樂事業有限公司,臺北市信義區基隆路1段200號8樓之1,武祥生,200000000,85/02/12,115/05/20,改推董事/董事長,A101050 花卉栽培業；A201040 森林遊樂區經營業；D401010 熱能供應業；D501010 溫泉取供業；F201010 農產品零售業；F203010 食品什貨、飲料零售業；F204110 布疋、衣著、鞋、帽、傘、服飾品零售業；F205040 家具、寢具、廚房器具、裝設品零售業；F209060 文教、樂器、育樂用品零售業；F215020 礦石零售業,臺北市,變更,11505
96946292,恆隆行貿易股份有限公司,臺北市內湖區洲子街88號7樓之1,陳政鴻,800000000,85/03/20,115/05/06,改選董事/監察人(一人法人股東指派董事/監察人),E601020 電器安裝業；E801070 廚具、衛浴設備安裝工程業；F401181 度量衡器輸入業；F105050 家具、寢具、廚房器具、裝設品批發業；F205040 家具、寢具、廚房器具、裝設品零售業；F113020 電器批發業；F213010 電器零售業；CC01030 電器及視聽電子產品製造業；CC01040 照明設備製造業；CN01010 家具及裝設品製造業,臺北市,變更,11505
96955284,上峰資訊有限公司,臺北市中正區汀州路2段145號1樓,彭坤寶,1000000,85/04/17,115/05/15,負責人印鑑變更,,臺北市,變更,11505
96958228,開榮股份有限公司,臺北市信義區基隆路1段155號5樓之8,許俊嵩,74700000,85/04/25,115/05/14,公司所在地,F113030 精密儀器批發業。；F118010 資訊軟體批發業。；F213040 精密儀器零售業。；F401010 國際貿易業。；E605010 電腦設備安裝業。；I301010 資訊軟體服務業。；I601010 租賃業。,臺北市,變更,11505
96969175,嘉怡興業有限公司,臺北市大安區忠孝東路4段208號3樓,,5000000,85/05/22,115/05/20,解散,F399040 無店面零售業；F401010 國際貿易業；J401010 電影片製作業；J402010 電影片發行業；J404010 動畫影片製作業；J603010 音樂展演空間業；JI01010 互動式情境體驗服務業；ZZ99999 除許可業務外，得經營法令非禁止或限制之業務,臺北市,變更,11505
96970320,台灣開益禧股份有限公司,臺北市中山區松江路375號5樓,朴明德,9000000,84/12/28,115/05/22,公司所在地,,臺北市,變更,11505
96970481,香港商升寶運動器材有限公司,臺北市中山區民生東路二段174號5樓,黃郁芬,0,84/12/30,115/05/29,本公司所在地變更,,臺北市,變更,11505
96978694,亞太朝日股份有限公司,臺北市中山區長安東路1段23號11樓之2,宮本弘治,15000000,85/05/27,115/05/22,改選董事/監察人(一人法人股東指派董事/監察人),E599010 配管工程業；E601020 電器安裝業；E602011 冷凍空調工程業；E603010 電纜安裝工程業；E603040 消防安全設備安裝工程業；E603050 自動控制設備工程業；E603090 照明設備安裝工程業；E604010 機械安裝業；E701040 簡易電信設備安裝業；E801010 室內裝潢業,臺北市,變更,11505
97025978,綠界科技股份有限公司,臺北市南港區成功路1段58號5樓,林雪慧,184039130,85/06/04,115/05/07,公司所在地,I301010 資訊軟體服務業；I301020 資料處理服務業；I301030 電子資訊供應服務業；I301040 第三方支付服務業,臺北市,變更,11505
97091532,合航企業有限公司,臺北市信義區永吉路302號3樓之5,陳國光,20000000,85/06/22,115/05/26,特殊補正,E601010 電器承裝業；E601020 電器安裝業；E603040 消防安全設備安裝工程業；E603050 自動控制設備工程業；EZ05010 儀器、儀表安裝工程業；F113020 電器批發業；F113030 精密儀器批發業；F117010 消防安全設備批發業；F119010 電子材料批發業；F120010 耐火材料批發業,臺北市,變更,11505
97115014,鈺城實業股份有限公司,臺北市信義區信義路4段458號6樓,雷聲遠,5000000,85/08/21,115/05/22,改選董事/監察人(一人法人股東指派董事/監察人),C804020 工業用橡膠製品製造業；C805050 工業用塑膠製品製造業；CC01080 電子零組件製造業；E605010 電腦設備安裝業；F113020 電器批發業；F113050 電腦及事務性機器設備批發業；F113070 電信器材批發業；F118010 資訊軟體批發業；F119010 電子材料批發業；F401010 國際貿易業,臺北市,變更,11505
97116386,海創有限公司,臺北市松山區八德路4段135號7樓之2,許珈菱,7500000,85/08/24,115/05/07,特殊補正,,臺北市,變更,11505
97119308,正茂塑膠有限公司,臺北市信義區嘉興街311號1樓,張昌中,25000000,85/09/03,115/05/27,公司所在地,F401010 國際貿易業；F106010 五金批發業；F104110 布疋、衣著、鞋、帽、傘、服飾品批發業；F107990 其他化學製品批發業；F109070 文教、樂器、育樂用品批發業；F107200 化學原料批發業；E801010 室內裝潢業；EZ11010 球場跑道樹脂材料鋪設工程業；EZ14010 運動場地用設備工程業；F105050 家具、寢具、廚房器具、裝設品批發業,臺北市,變更,11505
97120332,林稚翔設計顧問有限公司,臺北市信義區忠孝東路5段1之8號5樓,林稚翔,1000000,85/09/05,115/05/21,公司所在地,I401010 一般廣告服務業；I501010 產品設計業；J303010 雜誌（期刊）出版業；J304010 圖書出版業；J305010 有聲出版業；I103060 管理顧問業；I105010 藝術品諮詢顧問業；I502010 服飾設計業；I503010 景觀、室內設計業；I504010 花藝設計業,臺北市,變更,11505
97121677,格瑞特保險代理人有限公司,臺北市松山區八德路4段30號,陳錦祥,5003240,85/09/10,115/05/11,股東出資轉讓修正章程,,臺北市,變更,11505
97123289,昱安投資股份有限公司,臺北市大安區瑞安街61巷1弄5號2樓,陳維垣,25000000,85/09/13,115/05/28,公司印鑑變更,,臺北市,變更,11505
97127102,嘉昱科技股份有限公司,臺北市中正區忠孝東路1段112號8樓之5,林忠仁,11000000,85/09/24,115/05/19,特殊補正,,臺北市,變更,11505
97128094,東京都公寓大廈管理維護股份有限公司,臺北市中正區忠孝東路1段55號4樓,菅野信之,40000000,85/09/26,115/05/25,特殊補正,I801011 公寓大廈管理服務業；G202010 停車場經營業；E601010 電器承裝業；E601020 電器安裝業；E603040 消防安全設備安裝工程業；E603050 自動控制設備工程業；E603090 照明設備安裝工程業；E605010 電腦設備安裝業；E701010 電信工程業；E701030 電信管制射頻器材裝設工程業,臺北市,變更,11505
97160609,元大證券股份有限公司,臺北市中山區南京東路三段219號11樓,陳修偉,65924526430,85/06/26,115/05/28,修正章程,H301011 證券商；H408011 期貨交易輔助人；H401011 期貨商；H105011 信託業,臺北市,變更,11505
97162070,香港商斯坦雷電氣（亞洲太平洋）有限公司,臺北市中山區松江路126號4樓、4樓之1、4樓之2,小川健太郎,5000000,85/07/23,115/05/15,改派在中華民國境內負責人變更登記,,臺北市,變更,11505
97168433,凱馳清潔設備股份有限公司,臺北市內湖區陽光街300號6樓,瓦勒瑞,20000000,85/10/22,115/05/11,特殊補正,J101060 廢（污）水處理業；CB01010 機械設備製造業；F113010 機械批發業；F213080 機械器具零售業；E604010 機械安裝業；F107030 清潔用品批發業；F113100 污染防治設備批發業；F213100 污染防治設備零售業；F401010 國際貿易業；F399040 無店面零售業,臺北市,變更,11505
97171937,瑞士商梅特勒托利多股份有限公司,臺北市內湖區舊宗路2段171巷17號2樓,林桂興,10000000,85/12/20,115/05/26,在中華民國境內負責人姓名、護照號碼、國籍變更登記,CE01021 度量衡器製造業；F113060 度量衡器批發業；F113030 精密儀器批發業；F213050 度量衡器零售業；F213040 精密儀器零售業；F401010 國際貿易業；I301010 資訊軟體服務業,臺北市,變更,11505
97172915,大慶票券金融股份有限公司,臺北市中山區松江路152號14樓,莊隆昌,3291112500,86/01/03,115/05/04,修正章程,H102011 票券金融業,臺北市,變更,11505
97176399,台灣三菱商事股份有限公司,臺北市信義區忠孝東路4段525號19樓,三田地肇,400000000,86/02/27,115/05/19,公司所在地,F401010 國際貿易業；E604010 機械安裝業；A102060 糧商業；F107041 農藥批發業；G801010 倉儲業；F107080 環境用藥批發業；F207080 環境用藥零售業；F103010 飼料批發業；F202010 飼料零售業；IZ15010 市場研究及民意調查業,臺北市,變更,11505
97179430,遠傳電信股份有限公司,臺北市內湖區瑞光路468號5樓,徐旭東,36077053570,86/04/11,115/05/27,發行新股,G903010 電信事業；F213060 電信器材零售業；F113070 電信器材批發業；JA02010 電器及電子產品修理業；E701030 電信管制射頻器材裝設工程業；F401010 國際貿易業；F204110 布疋、衣著、鞋、帽、傘、服飾品零售業；CC01070 無線通信機械器材製造業；I301020 資料處理服務業；IZ11010 逾期應收帳款管理服務業,臺北市,變更,11505
97284192,群力設計室內裝修工程股份有限公司,臺北市大安區仁愛路3段118巷12弄25之1號2樓,劉春照,5000000,85/10/21,115/05/04,特殊補正,E801060 室內裝修業；E801010 室內裝潢業；F105050 家具、寢具、廚房器具、裝設品批發業；F111090 建材批發業；F205040 家具、寢具、廚房器具、裝設品零售業；F211010 建材零售業；I503010 景觀、室內設計業；C501990 其他木製品製造業；C501070 竹、藤製品製造業；CN01010 家具及裝設品製造業,臺北市,變更,11505
97289149,陽明山天然石材有限公司,臺北市北投區民族街10號2樓,林廷宇,7000000,85/11/04,115/05/14,減資,,臺北市,變更,11505
97292572,泓林投資股份有限公司,臺北市大安區復興南路1段380號11樓之1,高南華,257600000,85/11/15,115/05/28,改選董事/監察人(一人法人股東指派董事/監察人),H201010 一般投資業；ZZ99999 除許可業務外，得經營法令非禁止或限制之業務,臺北市,變更,11505
97298631,長欣邦設計工程有限公司,臺北市松山區南京東路5段162號4樓,温宗翰,18500000,85/12/02,115/05/19,公司所在地,CN01010 家具及裝設品製造業；E801010 室內裝潢業；F105050 家具、寢具、廚房器具、裝設品批發業；F106010 五金批發業；F111090 建材批發業；F113010 機械批發業；F113030 精密儀器批發業；F205040 家具、寢具、廚房器具、裝設品零售業；F206010 五金零售業；F211010 建材零售業,臺北市,變更,11505
97314267,嘉佶合金材料有限公司,臺北市大安區延吉街161號2樓,簡素玉,20000000,86/01/16,115/05/21,經理人解任,F199990 其他批發業(矽鐵、錳鐵、矽錳鐵、碳化矽、鉻鐵、鎳鐵、釩鐵、鈮鐵、硼鐵、保溫劑、脫氧劑、保爐渣)；F401010 國際貿易業；CA01010 鋼鐵冶鍊業；F111070 金屬建材批發業；F120010 耐火材料批發業；F113010 機械批發業；CA01090 鋁鑄造業；ZZ99999 除許可業務外，得經營法令非禁止或限制之業務,臺北市,變更,11505
97328810,又新生技企業有限公司,臺北市中正區金山南路1段77號2樓之1,陳漢東,5000000,86/03/05,115/05/29,改推董事/董事長,F108040 化粧品批發業；F208040 化粧品零售業；F102170 食品什貨批發業；F203010 食品什貨、飲料零售業；I199990 其他顧問服務業；F401010 國際貿易業；F401991 其他輸出入業；F106020 日常用品批發業；F206020 日常用品零售業；F108031 醫療器材批發業,臺北市,變更,11505
97434571,計然投資顧問股份有限公司,臺北市大安區大安路1段249號9樓,張詠涵,100000000,86/03/21,115/05/04,公司所在地,ZZ99999 除許可業務外，得經營法令非禁止或限制之業務；I103060 管理顧問業；I102010 投資顧問業；I105010 藝術品諮詢顧問業；I199990 其他顧問服務業,臺北市,變更,11505
97434951,語宸國際有限公司,臺北市內湖區民權東路6段409號1樓,李鈞宸,5000000,86/03/22,115/05/28,改推董事/董事長,ZZ99999 除許可業務外，得經營法令非禁止或限制之業務；F203010 食品什貨、飲料零售業；F206020 日常用品零售業；F208040 化粧品零售業；F209060 文教、樂器、育樂用品零售業；F218010 資訊軟體零售業；F399040 無店面零售業；I199990 其他顧問服務業；I501010 產品設計業；E801010 室內裝潢業,臺北市,變更,11505
97436022,珍聰有限公司,臺北市內湖區堤頂大道2段407巷20弄39號1樓,李謀聰,35000000,86/03/26,115/05/21,增資,F114010 汽車批發業；F214010 汽車零售業；F114030 汽、機車零件配備批發業；F114050 車胎批發業；F214030 汽、機車零件配備零售業；F214050 車胎零售業；F401010 國際貿易業；H703090 不動產買賣業；H703100 不動產租賃業；I102010 投資顧問業,臺北市,變更,11505
97447251,萬隆工程實業有限公司,臺北市中山區雙城街25巷2號3樓之1,詹振旺,5000000,86/04/23,115/05/15,特殊補正,E599010 配管工程業；E601010 電器承裝業；E601020 電器安裝業；E603050 自動控制設備工程業；E604010 機械安裝業；E605010 電腦設備安裝業；EZ05010 儀器、儀表安裝工程業；EZ99990 其他工程業；F106010 五金批發業；F106040 水器材料批發業,臺北市,變更,11505
97459919,陽鵬資訊股份有限公司,臺北市內湖區民權東路6段495號4樓之1,郭晉慧,10000000,86/05/24,115/05/07,特殊補正,,臺北市,變更,11505
97461653,公益傳播有限公司,臺北市中山區八德路2段245號12樓,佡承翰,10000000,86/05/28,115/05/14,特殊補正,J301010 報紙業；J303010 雜誌（期刊）出版業；J503020 電視節目製作業；J503030 廣播電視節目發行業；J503040 廣播電視廣告業；J602010 演藝活動業；I401010 一般廣告服務業；H201010 一般投資業；H204010 私募股權投資業；I102010 一般投資顧問業,臺北市,變更,11505
97469682,澎湖灣開發建設股份有限公司,臺北市內湖區內湖路1段68號10樓,呂淑真,3060000000,86/06/14,115/05/27,所營事業撤銷廢止,,臺北市,變更,11505
97470251,力誠國際企業有限公司,臺北市中山區南京東路3段89巷3弄10號1樓,涂瑞雲,3500000,86/06/18,115/05/04,特殊補正,F104110 布疋、衣著、鞋、帽、傘、服飾品批發業；F105050 家具、寢具、廚房器具、裝設品批發業；F106020 日常用品批發業；F102050 茶葉批發業；F101100 花卉批發業；F101130 蔬果批發業；F102030 菸酒批發業；F102040 飲料批發業；F102170 食品什貨批發業；F106040 水器材料批發業,臺北市,變更,11505
97474192,興元投資有限公司,臺北市大安區羅斯福路2段105號4樓,趙興偉,3500000,86/06/28,115/05/21,特殊補正,,臺北市,變更,11505
97478508,九山興業有限公司,臺北市大安區樂利路5巷15弄6號2樓,鐘憲生,1000000,86/07/04,115/05/13,特殊補正,F107030 清潔用品批發業；F207030 清潔用品零售業；E601020 電器安裝業；F113020 電器批發業；F213010 電器零售業；F113010 機械批發業；F213080 機械器具零售業；F401010 國際貿易業；F601010 智慧財產權業；J401010 電影片製作業,臺北市,變更,11505
97479675,安永管理顧問股份有限公司,臺北市信義區基隆路1段333號8樓,傅文芳,11000000,86/07/07,115/05/14,公司所營事業變更修正章程,I701011 就業服務業；I301010 資訊軟體服務業；I301020 資料處理服務業；I301030 電子資訊供應服務業；F213030 電腦及事務性機器設備零售業；F401010 國際貿易業；I103060 管理顧問業；IZ01010 影印業；IZ02010 打字業；JA04011 移民服務業,臺北市,變更,11505
97488077,聚浪股份有限公司,臺北市北投區石牌路1段166巷33號,廖健翔,100000,114/03/04,115/05/08,特殊補正,E801010 室內裝潢業；F102030 菸酒批發業；F203020 菸酒零售業；F208050 乙類成藥零售業；F209060 文教、樂器、育樂用品零售業；F301010 百貨公司業；F301020 超級市場業；F399010 便利商店業；F401010 國際貿易業；F501030 飲料店業,臺北市,變更,11505
97509880,明略資本股份有限公司,臺北市中山區長安東路2段106號9樓之2,陳鼎文,26500000,113/12/26,115/05/22,增資(資本總額),F601010 智慧財產權業；H201010 一般投資業；H202010 創業投資業；I102010 一般投資顧問業；I103060 管理顧問業；I199990 其他顧問服務業；ZZ99999 除許可業務外，得經營法令非禁止或限制之業務,臺北市,變更,11505
97513630,香港商萬事館有限公司,臺北市大同區南京西路57號5樓之10,梁芷珊,0,113/07/15,115/05/11,一般補正案,,臺北市,變更,11505
97515270,弘旭國際行銷股份有限公司,臺北市中山區中山北路2段168號6樓之1,莊仁愷,160000,113/04/19,115/05/22,特殊補正,F104110 布疋、衣著、鞋、帽、傘、服飾品批發業；F109070 文教、樂器、育樂用品批發業；F204110 布疋、衣著、鞋、帽、傘、服飾品零售業；F209060 文教、樂器、育樂用品零售業；F399040 無店面零售業；F401010 國際貿易業；F501030 飲料店業；F501060 餐館業；F501990 其他餐飲業；I103060 管理顧問業,臺北市,變更,11505
97521358,赫依皮卡有限公司,臺北市中正區羅斯福路4段52巷1號1樓,黃子豪,3200000,113/05/31,115/05/06,增資,F108040 化粧品批發業；F208040 化粧品零售業；F399040 無店面零售業；F401010 國際貿易業；F104110 布疋、衣著、鞋、帽、傘、服飾品批發業；F106020 日常用品批發業；F199990 其他批發業；F204110 布疋、衣著、鞋、帽、傘、服飾品零售業；F206020 日常用品零售業；F299990 其他零售業,臺北市,變更,11505
97524192,新單位有限公司,臺北市信義區和平東路3段341巷49號1樓,許正泰,500000,113/05/21,115/05/26,公司所在地,J601010 藝文服務業；J602010 演藝活動業；J604010 聲音錄製及音樂發行業；J305010 有聲出版業；J304010 圖書出版業；J401010 電影片製作業；J402010 電影片發行業；J404010 動畫影片製作業；J404040 電影錄音業；JB01010 會議及展覽服務業,臺北市,變更,11505
97533734,黑曜宇宙有限公司,臺北市中正區仁愛路2段25號5樓,蘇逸樺,88888,113/07/11,115/05/08,特殊補正,I501010 產品設計業；I599990 其他設計業；JZ99090 喜慶綜合服務業；I199990 其他顧問服務業；JZ99990 未分類其他服務業；F204110 布疋、衣著、鞋、帽、傘、服飾品零售業；F209060 文教、樂器、育樂用品零售業；F205040 家具、寢具、廚房器具、裝設品零售業；F206020 日常用品零售業；F299990 其他零售業,臺北市,變更,11505
97542115,韻采詠佳股份有限公司,臺北市中山區南京東路2段96號10樓之1,鄭毓婷,15000000,113/04/26,115/05/26,特殊補正,F102040 飲料批發業；F104110 布疋、衣著、鞋、帽、傘、服飾品批發業；F109070 文教、樂器、育樂用品批發業；F203010 食品什貨、飲料零售業；F204110 布疋、衣著、鞋、帽、傘、服飾品零售業；F209060 文教、樂器、育樂用品零售業；F399040 無店面零售業；F401010 國際貿易業；F601010 智慧財產權業；I103060 管理顧問業,臺北市,變更,11505
97544660,台灣濾器股份有限公司,臺北市中山區南京東路3段168號2樓之2,服部敦,5000000,113/06/26,115/05/05,法人股東更名、國籍、地址變更,F113990 其他機械器具批發業；F113010 機械批發業；F113030 精密儀器批發業；F106040 水器材料批發業；F213990 其他機械器具零售業；F213080 機械器具零售業；F213040 精密儀器零售業；F206040 水器材料零售業；F401010 國際貿易業；ZZ99999 除許可業務外，得經營法令非禁止或限制之業務,臺北市,變更,11505
97545675,網擎娛動科技有限公司,臺北市大同區承德路1段70之1號16樓,白瑞元,2000000,113/05/07,115/05/22,特殊補正,I301010 資訊軟體服務業；I301020 資料處理服務業；I301030 電子資訊供應服務業；I401010 一般廣告服務業；IG02010 研究發展服務業；F113050 電腦及事務性機器設備批發業；F118010 資訊軟體批發業；F213030 電腦及事務性機器設備零售業；F218010 資訊軟體零售業；F399040 無店面零售業,臺北市,變更,11505
97547673,智迅醫研科技有限公司,臺北市大安區安和路2段171巷7號5樓,林育民,1000000,113/06/04,115/05/06,公司所在地,IG02010 研究發展服務業；I301020 資料處理服務業；I199990 其他顧問服務業；JB01010 會議及展覽服務業；IZ99990 其他工商服務業；F401010 國際貿易業；F109070 文教、樂器、育樂用品批發業；IZ03010 剪報業；JZ99030 攝影業；ZZ99999 除許可業務外，得經營法令非禁止或限制之業務,臺北市,變更,11505
97552773,活水資本管理顧問股份有限公司,臺北市中正區青島東路4號4樓之3,鄭琮翰,20710000,113/07/18,115/05/18,發行新股,H201010 一般投資業；H202010 創業投資業；H703090 不動產買賣業；H703100 不動產租賃業；I102010 一般投資顧問業；I103060 管理顧問業；I199990 其他顧問服務業；I301030 電子資訊供應服務業；I301010 資訊軟體服務業；I301020 資料處理服務業,臺北市,變更,11505
97561512,台北數位海洋生態娛樂開發股份有限公司,臺北市信義區光復南路495號4樓,郭福進,200000000,113/04/17,115/05/18,特殊補正,A401060 其他動物服務業；E601010 電器承裝業；F101050 水產品批發業；F109070 文教、樂器、育樂用品批發業；F101120 觀賞魚批發業；F201030 水產品零售業；F201090 觀賞魚零售業；F203010 食品什貨、飲料零售業；F203020 菸酒零售業；F204110 布疋、衣著、鞋、帽、傘、服飾品零售業,臺北市,變更,11505
97576064,寒山會館股份有限公司,臺北市大安區金山南路2段12號3樓之1,陳志璋,55000000,113/06/04,115/05/14,特殊補正,J601010 藝文服務業；J701040 休閒活動場館業；JB01010 會議及展覽服務業；I103060 管理顧問業；ZZ99999 除許可業務外，得經營法令非禁止或限制之業務,臺北市,變更,11505
97580709,易知國際教育有限公司,臺北市信義區信義路5段7號57樓之1,WONG AARON PAKUAN,10000000,113/07/08,115/05/11,特殊補正,F106020 日常用品批發業；F109070 文教、樂器、育樂用品批發業；F206020 日常用品零售業；F209060 文教、樂器、育樂用品零售業；F401010 國際貿易業；I102010 一般投資顧問業；I103060 管理顧問業；I199990 其他顧問服務業；I301010 資訊軟體服務業；I301020 資料處理服務業,臺北市,變更,11505
97594921,健頤股份有限公司,臺北市大同區承德路1段70之1號13樓之1,阮建維,5500000,113/07/19,115/05/11,特殊補正,I103060 管理顧問業；I301010 資訊軟體服務業；I301020 資料處理服務業；IZ12010 人力派遣業；H201010 一般投資業；F108040 化粧品批發業；F106020 日常用品批發業；F206020 日常用品零售業；F208040 化粧品零售業；F208050 乙類成藥零售業,臺北市,變更,11505
97599828,泉興科技工程股份有限公司,臺北市內湖區文德路66巷32弄11號,郭育志,2600000,114/02/17,115/05/26,董事/監察人持股變動報備,J701020 遊樂園業；J701040 休閒活動場館業；J701080 水域遊憩活動經營業；J801030 競技及休閒運動場館業；J802010 運動訓練業；J803010 運動表演業；J803020 運動比賽業；J101010 建築物清潔服務業；J101050 環境檢測服務業；J101060 廢（污）水處理業,臺北市,變更,11505
97751647,你姐映像有限公司,臺北市大安區大安路1段224巷11號,黃惠偵,200000,114/02/26,115/05/07,特殊補正,J401010 電影片製作業；J404010 動畫影片製作業；J404020 提供設備及場地供電影片拍攝業；J503010 廣播節目製作業；J503020 電視節目製作業；J503030 廣播電視節目發行業；J503040 廣播電視廣告業；J503050 錄影節目帶業；J601010 藝文服務業；J602010 演藝活動業,臺北市,變更,11505
98644929,品品室內裝修設計有限公司,臺北市中正區中華路1段59號9樓,陳怡君,2000000,113/07/18,115/05/05,特殊補正,F111090 建材批發業；F105050 家具、寢具、廚房器具、裝設品批發業；F106040 水器材料批發業；E801010 室內裝潢業；E801060 室內裝修業；E801020 門窗安裝工程業；E801030 室內輕鋼架工程業；E801040 玻璃安裝工程業；E604010 機械安裝業；E605010 電腦設備安裝業,臺北市,變更,11505
98644961,屾淼苑餐飲有限公司,臺北市松山區民生東路3段113巷7弄1號7樓,吳明勲,7000000,113/08/07,115/05/08,特殊補正,F501060 餐館業；F501050 飲酒店業；F203010 食品什貨、飲料零售業；F203020 菸酒零售業；I401010 一般廣告服務業；I199990 其他顧問服務業；ZZ99999 除許可業務外，得經營法令非禁止或限制之業務,臺北市,變更,11505
98646519,皇欽健康事業股份有限公司,臺北市中山區南京東路2段132號11樓,黎育欽,6050000,113/04/30,115/05/08,補選董事(常務董事.董事長)/監察人,F104110 布疋、衣著、鞋、帽、傘、服飾品批發業；F204110 布疋、衣著、鞋、帽、傘、服飾品零售業；F109070 文教、樂器、育樂用品批發業；F209060 文教、樂器、育樂用品零售業；I301030 電子資訊供應服務業；I501010 產品設計業；I401010 一般廣告服務業；J601010 藝文服務業；J602010 演藝活動業；J801030 競技及休閒運動場館業,臺北市,變更,11505
98648039,開篇有限公司,臺北市信義區松德路10號6樓,欽筱京,7000000,114/03/11,115/05/21,特殊補正,H706011 租賃住宅代管業；H706021 租賃住宅包租業；I503010 景觀、室內設計業；I103060 管理顧問業；F106020 日常用品批發業；F399040 無店面零售業；ZZ99999 除許可業務外，得經營法令非禁止或限制之業務,臺北市,變更,11505
98649950,宸昕行銷有限公司,臺北市松山區延壽街402巷3弄21號,林子宸,1000000,113/04/29,115/05/07,公司所在地,F113050 電腦及事務性機器設備批發業；F213030 電腦及事務性機器設備零售業；I301010 資訊軟體服務業；I401010 一般廣告服務業；F106010 五金批發業；F106020 日常用品批發業；F109070 文教、樂器、育樂用品批發業；F113020 電器批發業；F118010 資訊軟體批發業；F119010 電子材料批發業,臺北市,變更,11505
99995872,杰運投資有限公司,臺北市大安區市民大道4段240號,劉承鈞,60000000,113/04/18,115/05/12,公司所在地,H201010 一般投資業,臺北市,變更,11505
99998723,台灣安能默動物營養品股份有限公司,臺北市中正區衡陽路51號11樓,陳炳傑,52500000,114/01/14,115/05/15,改選董事/監察人(一人法人股東指派董事/監察人),C201010 飼料製造業；C802060 動物用藥製造業；F103010 飼料批發業；F202010 飼料零售業；F107070 動物用藥品批發業；F207070 動物用藥零售業；F102170 食品什貨批發業；F107990 其他化學製品批發業；F207990 其他化學製品零售業；F401010 國際貿易業,臺北市,變更,11505
