統一編號,公司名稱,公司所在地,代表人,資本額,核准設立日期,核准變更日期,案由或變更事項,營業項目,縣市,清冊,期別
00013509,新南向不動產投資有限公司,桃園市觀音區大潭里大潭六街88號5樓,洪崑傑,1000000,114/02/24,115/08/04,一般補正案,H201010 一般投資業；H703100 不動產租賃業；H703090 不動產買賣業；ZZ99999 除許可業務外，得經營法令非禁止或限制之業務,桃園市,變更,11508
00022612,厘米室內裝修工程有限公司,桃園市楊梅區文化街351巷13號4樓,呂牧兗,1000000,113/11/18,115/08/14,公司所在地,E801010 室內裝潢業；E801020 門窗安裝工程業；E801030 室內輕鋼架工程業；E801040 玻璃安裝工程業；E801070 廚具、衛浴設備安裝工程業；E901010 油漆工程業；E601020 電器安裝業；E603040 消防安全設備安裝工程業；E603050 自動控制設備工程業；E603090 照明設備安裝工程業,桃園市,變更,11508
00030367,鑫寶璽工程股份有限公司,桃園市中壢區龍昌路252巷45號,賴薪媛,2000000,114/01/07,115/08/19,公司所在地,E603120 噴砂工程業；E901010 油漆工程業；E903010 防蝕、防銹工程業；E599010 配管工程業；E601010 電器承裝業；E601020 電器安裝業；E603040 消防安全設備安裝工程業；E604010 機械安裝業；E605010 電腦設備安裝業；E801010 室內裝潢業,桃園市,變更,11508
00039120,富誠貨運有限公司,桃園市中壢區福州路257號地下1樓,余春鳳,25000000,113/11/05,115/08/31,公司所在地,G101061 汽車貨運業；G801010 倉儲業；IZ06010 理貨包裝業；G702010 船舶勞務承攬業；G409050 工業專用港或工業專用碼頭船舶貨物裝卸承攬業；EZ02010 起重工程業；IZ12010 人力派遣業；JZ99050 仲介服務業；JE01010 租賃業；IZ99990 其他工商服務業,桃園市,變更,11508
00046918,越騰室內裝修工程有限公司,桃園市桃園區中山里中山路777號1樓之5,楊宗修,1000000,113/11/19,115/08/13,公司所在地,E801060 室內裝修業；E801010 室內裝潢業；E801030 室內輕鋼架工程業；E801020 門窗安裝工程業；E801040 玻璃安裝工程業；E801070 廚具、衛浴設備安裝工程業；E599010 配管工程業；E901010 油漆工程業；E903010 防蝕、防銹工程業；EZ99990 其他工程業,桃園市,變更,11508
00047183,程揚土地開發有限公司,桃園市中壢區永園路一段502號,潘俊彥,3000000,113/09/12,115/08/28,一般補正案,F111090 建材批發業；F211010 建材零售業；F401010 國際貿易業；H701010 住宅及大樓開發租售業；H701020 工業廠房開發租售業；H701050 投資興建公共建設業；H701060 新市鎮、新社區開發業；H701070 區段徵收及市地重劃代辦業；H701090 都市更新整建維護業；H703090 不動產買賣業,桃園市,變更,11508
00051762,汕鈞工程有限公司,桃園市中壢區文平路70號10樓,阮廷強,300000,113/08/28,115/08/21,申登機關變更（遷入，含卷）,E599010 配管工程業；E603100 電焊工程業；E603110 冷作工程業；E604010 機械安裝業；E801010 室內裝潢業；E801020 門窗安裝工程業；E801070 廚具、衛浴設備安裝工程業；E901010 油漆工程業；E903010 防蝕、防銹工程業；EZ02010 起重工程業,桃園市,變更,11508
00052571,庭展空間設計有限公司,桃園市桃園區龍祥里國強二街277巷6弄5號(1樓）,張佑聖,300000,114/01/22,115/08/07,一般補正案,I503010 景觀設計業；I599990 其他設計業；E801010 室內裝潢業；I401010 一般廣告服務業；F205040 家具、寢具、廚房器具、裝設品零售業；F211010 建材零售業；E901010 油漆工程業；E603090 照明設備安裝工程業；E601020 電器安裝業；ZZ99999 除許可業務外，得經營法令非禁止或限制之業務,桃園市,變更,11508
00063514,乙賞玩具有限公司,桃園市桃園區安東街85號一樓,黃富美,200000,113/10/18,115/08/07,一般補正案,F101070 漁具批發業；F101100 花卉批發業；F101130 蔬果批發業；F101990 其他農、畜、水產品批發業；F102020 食用油脂批發業；F102030 菸酒批發業；F102040 飲料批發業；F102050 茶葉批發業；F102170 食品什貨批發業；F102180 酒精批發業,桃園市,變更,11508
00064289,憶得包裝有限公司,桃園市大園區後厝里後厝三路30號,郭喬鈞,1000000,113/08/19,115/08/26,公司所營事業變更修正章程,F107190 塑膠膜、袋批發業；F199990 其他批發業；F401010 國際貿易業；C501060 木質容器製造業；C501040 組合木材製造業；F111090 建材批發業；F211010 建材零售業；IZ06010 理貨包裝業；G799990 其他運輸輔助業；G801010 倉儲業,桃園市,變更,11508
00066961,璟玉汽車有限公司,桃園市平鎮區環南路18號6樓之二,呂宜璟,300000,113/08/27,115/08/07,股東出資轉讓修正章程,JA01010 汽車修理業；JA01020 汽車拖吊業；JA01990 其他汽車服務業；JA02010 電器及電子產品修理業；JA02990 其他修理業；F114010 汽車批發業；F114030 汽、機車零件配備批發業；F114050 車胎批發業；F114990 其他交通運輸工具及其零件批發業；F113010 機械批發業,桃園市,變更,11508
00068757,泓泰聯合股份有限公司,桃園市中壢區高鐵站前西路一段268號十三樓之1,蔣興德,239607790,113/08/30,115/08/17,董事(常務董事.董事長)/監察人解任,F199010 回收物料批發業；I103060 管理顧問業；I102010 一般投資顧問業；C801990 其他化學材料製造業；C801010 基本化學工業；CA01990 其他非鐵金屬基本工業；CB01010 機械設備製造業；CB01030 污染防治設備製造業；CB01990 其他機械製造業；D101050 汽電共生業,桃園市,變更,11508
00070971,謙序餐飲有限公司,桃園市桃園區藝文一街86之5號4樓,鍾詩平,3100000,114/01/02,115/08/10,一般補正案,F501060 餐館業；F501030 飲料店業；F501990 其他餐飲業；E599010 配管工程業；E601010 電器承裝業；E601020 電器安裝業；E801020 門窗安裝工程業；E801010 室內裝潢業；E801030 室內輕鋼架工程業；E901010 油漆工程業,桃園市,變更,11508
00079065,凌允投資有限公司,桃園市八德區忠勇街356號(4樓),羅紫翊,1000000,114/02/14,115/08/26,股東出資轉讓修正章程,H201010 一般投資業,桃園市,變更,11508
00090126,吉祥如意創意開發有限公司,桃園市桃園區慈文路311號一樓之3,周玉如,50000,113/11/08,115/08/26,公司所營事業變更修正章程,F115010 首飾及貴金屬批發業；F115020 礦石批發業；F215010 首飾及貴金屬零售業；F215020 礦石零售業；F104110 布疋、衣著、鞋、帽、傘、服飾品批發業；F105050 家具、寢具、廚房器具、裝設品批發業；F204110 布疋、衣著、鞋、帽、傘、服飾品零售業；F205040 家具、寢具、廚房器具、裝設品零售業；F399040 無店面零售業；F401010 國際貿易業,桃園市,變更,11508
00115180,騰翔國際實業有限公司,桃園市中壢區執信二街26號3樓,林毅諺,5000000,113/11/05,115/08/17,公司所營事業變更修正章程,A102080 園藝服務業；E801010 室內裝潢業；F106020 日常用品批發業；F107030 清潔用品批發業；F107080 環境用藥批發業；F206020 日常用品零售業；F207030 清潔用品零售業；IB01010 建築物公共安全檢查業；IF01010 消防安全設備檢修業；IZ15010 市場研究及民意調查業,桃園市,變更,11508
00116370,禾強工程有限公司,桃園市桃園區國際路一段386巷28號(1樓),温正譽,500000,113/08/29,115/08/14,公司所在地,EZ99990 其他工程業；E599010 配管工程業；E801030 室內輕鋼架工程業；E901010 油漆工程業；E903010 防蝕、防銹工程業；EZ07010 鑽孔工程業；F106010 五金批發業；F106040 水器材料批發業；F107010 漆料、塗料批發業；F120010 耐火材料批發業,桃園市,變更,11508
00120705,永成豐建設股份有限公司,桃園市桃園區中正路366號7樓之１,張維銘,10000000,113/09/02,115/08/06,一般補正案,J901020 一般旅館業；E603040 消防安全設備安裝工程業；E603090 照明設備安裝工程業；E801010 室內裝潢業；E801030 室內輕鋼架工程業；E801070 廚具、衛浴設備安裝工程業；E901010 油漆工程業；E603020 電梯安裝工程業；F111090 建材批發業；F211010 建材零售業,桃園市,變更,11508
00129868,碩楷有限公司,桃園市龍潭區百年里百年路48號地下室,林草屯,200000,113/09/12,115/08/28,股東出資轉讓修正章程,F106010 五金批發業；F111090 建材批發業；F199010 回收物料批發業；F399040 無店面零售業；F401010 國際貿易業；IZ12010 人力派遣業；IZ99990 其他工商服務業；ZZ99999 除許可業務外，得經營法令非禁止或限制之業務,桃園市,變更,11508
00130416,昶豐環保有限公司,桃園市觀音區白玉里白沙屯24之2號,馮宣伶,8200000,113/12/20,115/08/14,股東出資轉讓修正章程,J101080 資源回收業；J101010 建築物清潔服務業；J101030 廢棄物清除業；J101090 廢棄物清理業；J101040 廢棄物處理業；J101990 其他環境衛生及污染防治服務業；F111090 建材批發業；F199990 其他批發業；F199010 回收物料批發業；F401010 國際貿易業,桃園市,變更,11508
00131702,思微智能股份有限公司,桃園市中壢區青航里青峰路一段47號5樓,趙燿庚,2100000,113/11/12,115/08/10,公司所在地,I301010 資訊軟體服務業；I301020 資料處理服務業；I301030 電子資訊供應服務業；IG02010 研究發展服務業；IG01010 生物技術服務業；I301060 網路廣告平臺業；I401010 一般廣告服務業；IF04010 非破壞檢測業,桃園市,變更,11508
00136663,傳恆綠能科技股份有限公司,桃園市平鎮區湧光里工業十一路1號(2樓),林仲志,451790000,113/12/23,115/08/26,改選董事/監察人(一人法人股東指派董事/監察人),CA02990 其他金屬製品製造業；CB01010 機械設備製造業；CB01990 其他機械製造業；CC01010 發電、輸電、配電機械製造業；CC01080 電子零組件製造業；CC01990 其他電機及電子機械器材製造業；CZ99990 未分類其他工業製品製造業；IG03010 能源技術服務業；CC01110 電腦及其週邊設備製造業；CD01030 汽車及其零件製造業,桃園市,變更,11508
00136994,川禾天然有限公司,桃園市龍潭區中興路553巷94弄15號3樓,戴季茹,2000000,114/01/06,115/08/26,股東出資轉讓修正章程,F107030 清潔用品批發業；F207030 清潔用品零售業；F108040 化粧品批發業；F208040 化粧品零售業；ZZ99999 除許可業務外，得經營法令非禁止或限制之業務,桃園市,變更,11508
00140131,雅藝有限公司,桃園市桃園區光興里縣府路270之2號,陳淑慧,100000,114/01/22,115/08/18,公司所在地,F102040 飲料批發業；F102170 食品什貨批發業；F104110 布疋、衣著、鞋、帽、傘、服飾品批發業；F105050 家具、寢具、廚房器具、裝設品批發業；F106010 五金批發業；F106020 日常用品批發業；F106050 陶瓷玻璃器皿批發業；F107030 清潔用品批發業；F109070 文教、樂器、育樂用品批發業；F113010 機械批發業,桃園市,變更,11508
00142877,冠冠健康事業有限公司,桃園市龜山區復興一路236號,吳冠霖,8000000,113/09/26,115/08/14,公司所在地,F204110 布疋、衣著、鞋、帽、傘、服飾品零售業；F109070 文教、樂器、育樂用品批發業；I103060 管理顧問業；J802010 運動訓練業；J601010 藝文服務業；J803010 運動表演業；J803020 運動比賽業；ZZ99999 除許可業務外，得經營法令非禁止或限制之業務；IZ12010 人力派遣業,桃園市,變更,11508
00143334,尚順資訊有限公司,桃園市中壢區舊明里明德南路40之2號1樓,吳尚薇,2000000,113/11/14,115/08/06,公司所在地,F213030 電腦及事務性機器設備零售業；F219010 電子材料零售業；E605010 電腦設備安裝業；F213010 電器零售業；F213060 電信器材零售業；F218010 資訊軟體零售業；I301010 資訊軟體服務業；I301020 資料處理服務業；F209060 文教、樂器、育樂用品零售業；F401010 國際貿易業,桃園市,變更,11508
00144299,恒邦科技有限公司,桃園市蘆竹區長興里南崁路二段9號9樓之2,劉胤廷,5000000,114/02/10,115/08/07,股東出資轉讓修正章程,E801010 室內裝潢業；F106010 五金批發業；F106020 日常用品批發業；F106030 模具批發業；F107020 染料、顏料批發業；F107190 塑膠膜、袋批發業；F113010 機械批發業；F113030 精密儀器批發業；F113070 電信器材批發業；F114030 汽、機車零件配備批發業,桃園市,變更,11508
00147042,睿思未來有限公司,桃園市桃園區同安里藝文一街86之1號15樓,林采榆,100000,113/10/22,115/08/10,股東出資轉讓修正章程,I103060 管理顧問業；I199990 其他顧問服務業；I301010 資訊軟體服務業；I301020 資料處理服務業；I301030 電子資訊供應服務業；I501010 產品設計業；I599990 其他設計業；IG02010 研究發展服務業；IZ12010 人力派遣業；F118010 資訊軟體批發業,桃園市,變更,11508
00149908,靜晟實業股份有限公司,桃園市龜山區文工一路318號4樓,吳昱信,800000,113/12/30,115/08/18,發行新股,H201010 一般投資業,桃園市,變更,11508
00154866,環友股份有限公司,桃園市桃園區泰昌九街52號11樓,林均翰,4000000,113/11/25,115/08/20,增資(資本總額),CA02990 其他金屬製品製造業；CC01080 電子零組件製造業；F106010 五金批發業；F113010 機械批發業；F119010 電子材料批發業；F401010 國際貿易業；E603050 自動控制設備工程業；I501010 產品設計業；ZZ99999 除許可業務外，得經營法令非禁止或限制之業務；F199990 其他批發業,桃園市,變更,11508
00155318,萬亨通股份有限公司,桃園市龜山區文工一路318號4樓,吳書楷,4270000,113/12/30,115/08/24,發行新股,H201010 一般投資業,桃園市,變更,11508
00157441,崧暄有限公司,桃園市觀音區廣福里福山路二段9號(1樓),朱亦翾,1000000,113/09/18,115/08/03,增資,E603050 自動控制設備工程業；E801010 室內裝潢業；E603040 消防安全設備安裝工程業；E599010 配管工程業；E601020 電器安裝業；I401010 一般廣告服務業；I501010 產品設計業；IZ12010 人力派遣業；JE01010 租賃業；J101010 建築物清潔服務業,桃園市,變更,11508
00158666,安藤管理顧問有限公司,桃園市桃園區中寧里中正路927號10樓,鄭凱駿,300000,113/12/20,115/08/11,公司所營事業變更修正章程,G801010 倉儲業；H701010 住宅及大樓開發租售業；H703100 不動產租賃業；I102010 一般投資顧問業；I103060 管理顧問業；I199990 其他顧問服務業；IZ99990 其他工商服務業；JZ99050 仲介服務業；JZ99990 未分類其他服務業；ZZ99999 除許可業務外，得經營法令非禁止或限制之業務,桃園市,變更,11508
00159742,友誼科技管理顧問有限公司,桃園市楊梅區富豐里民安路328號(1樓),沈紅,400000,113/10/14,115/08/06,股東出資轉讓修正章程,F119010 電子材料批發業；F113070 電信器材批發業；F113010 機械批發業；F113030 精密儀器批發業；F399040 無店面零售業；F401010 國際貿易業；I102010 一般投資顧問業；I103060 管理顧問業；I199990 其他顧問服務業；I301020 資料處理服務業,桃園市,變更,11508
00161677,程翔精密科技工業有限公司,桃園市桃園區文中里國際路二段219巷127之1號,曾貴漢,2000000,113/09/30,115/08/28,股東出資轉讓修正章程,CB01010 機械設備製造業；CE01010 一般儀器製造業；CE01030 光學儀器製造業；CA02010 金屬結構及建築組件製造業；CA01050 鋼材二次加工業；CQ01010 模具製造業；F113030 精密儀器批發業；F206030 模具零售業；F213040 精密儀器零售業；F106030 模具批發業,桃園市,變更,11508
00168876,團圓概念股份有限公司,桃園市中壢區中央西路一段1號7樓,宋柏諍,4000000,114/02/14,115/08/25,一般補正案,E801010 室內裝潢業；I503010 景觀、室內設計業；F399040 無店面零售業；I599990 其他設計業；F111090 建材批發業；E801030 室內輕鋼架工程業；E599010 配管工程業；E801020 門窗安裝工程業；E801040 玻璃安裝工程業；E801070 廚具、衛浴設備安裝工程業,桃園市,變更,11508
00178543,蕎駿有限公司,桃園市中壢區忠福里南園二路296巷46號九樓,謝天麟,500000,113/09/26,115/08/05,公司所在地,E801010 室內裝潢業；H201010 一般投資業；H701010 住宅及大樓開發租售業；H701020 工業廠房開發租售業；H703100 不動產租賃業；HZ99990 其他金融、保險及不動產業；I102010 一般投資顧問業；I103060 管理顧問業；I199990 其他顧問服務業；J101010 建築物清潔服務業,桃園市,變更,11508
00180034,誠鑫科技農機有限公司,桃園市桃園區藝文一街86之5號6樓,黃仁勇,2000000,113/09/03,115/08/10,改推董事/董事長,CB01010 機械設備製造業；CB01990 其他機械製造業；CE01010 一般儀器製造業；F113010 機械批發業；IG02010 研究發展服務業；ZZ99999 除許可業務外，得經營法令非禁止或限制之業務,桃園市,變更,11508
00180554,新陽國際行銷股份有限公司,桃園市桃園區青溪里春日路495號,陳冠允,1000000,113/09/13,115/08/21,公司所在地,I401010 一般廣告服務業；I401020 廣告傳單分送業；I503010 景觀設計業；IZ12010 人力派遣業；H701010 住宅及大樓開發租售業；E801010 室內裝潢業；F105050 家具、寢具、廚房器具、裝設品批發業；F401010 國際貿易業；ZZ99999 除許可業務外，得經營法令非禁止或限制之業務；I102010 一般投資顧問業,桃園市,變更,11508
00180978,金兆源股份有限公司,桃園市桃園區復興路51之2號10樓之2,邵致穎,100000,113/09/19,115/08/11,補選董事(常務董事.董事長)/監察人,F199990 其他批發業；F401010 國際貿易業；ZZ99999 除許可業務外，得經營法令非禁止或限制之業務,桃園市,變更,11508
00188562,時序開發股份有限公司,桃園市中壢區青航里高鐵站前西路一段268號16樓之1,毛鐿崴,16300000,114/02/19,115/08/04,改選董事/監察人(一人法人股東指派董事/監察人),H701010 住宅及大樓開發租售業；H703090 不動產買賣業；H703110 老人住宅業；E801070 廚具、衛浴設備安裝工程業；E801010 室內裝潢業；I503010 景觀、室內設計業；I599990 其他設計業；I105010 藝術品諮詢顧問業,桃園市,變更,11508
00188768,名謙工程有限公司,桃園市平鎮區東勢里金陵路七段317巷30弄5號13樓,陳棟森,10000,113/11/27,115/08/20,負責人印鑑變更,E801010 室內裝潢業；E599010 配管工程業；E601010 電器承裝業；E601020 電器安裝業；E603010 電纜安裝工程業；E603050 自動控制設備工程業；E604010 機械安裝業；E605010 電腦設備安裝業；E606010 用電設備檢驗維護業；E901010 油漆工程業,桃園市,變更,11508
00190510,源釀國際文化股份有限公司,桃園市楊梅區瑞坪里蘋果路108巷1弄1號(2樓),顧源倫,5000000,113/12/03,115/08/12,一般補正案,F102030 菸酒批發業；F102040 飲料批發業；F102170 食品什貨批發業；F102180 酒精批發業；F203010 食品什貨、飲料零售業；F203020 菸酒零售業；F299990 其他零售業；F399040 無店面零售業；F401010 國際貿易業；F501030 飲料店業,桃園市,變更,11508
00196535,嶝曄投資有限公司,桃園市中壢區元化路224號12樓,陳信良,27677650,114/02/13,115/08/18,公司印鑑變更,H201010 一般投資業,桃園市,變更,11508
00202608,弘御建設股份有限公司,桃園市八德區瑞泰里瑞源街23號,王榮星,30000000,113/08/13,115/08/25,補選董事(常務董事.董事長)/監察人,H701050 投資興建公共建設業；H701010 住宅及大樓開發租售業；H201010 一般投資業；H701020 工業廠房開發租售業；H701040 特定專業區開發業；H703090 不動產買賣業；H703100 不動產租賃業；F111090 建材批發業；F211010 建材零售業；H701080 都市更新重建業,桃園市,變更,11508
00205653,靡亞國際股份有限公司,桃園市桃園區中和里中正路224號(1樓),李惠婷,1000000,114/01/03,115/08/13,一般補正案,F102170 食品什貨批發業；F104110 布疋、衣著、鞋、帽、傘、服飾品批發業；F105050 家具、寢具、廚房器具、裝設品批發業；F107030 清潔用品批發業；F108040 化粧品批發業；F109070 文教、樂器、育樂用品批發業；F203010 食品什貨、飲料零售業；F204110 布疋、衣著、鞋、帽、傘、服飾品零售業；F205040 家具、寢具、廚房器具、裝設品零售業；F206020 日常用品零售業,桃園市,變更,11508
00206409,宇海國際事業有限公司,桃園市桃園區藝文一街86之1號8樓,莊惟傑,6000000,113/10/04,115/08/24,增資,F101040 家畜家禽批發業；F101050 水產品批發業；F101130 蔬果批發業；F101990 其他農、畜、水產品批發業；F104110 布疋、衣著、鞋、帽、傘、服飾品批發業；F201010 農產品零售業；F201020 畜產品零售業；F201030 水產品零售業；F201990 其他農畜水產品零售業；F204110 布疋、衣著、鞋、帽、傘、服飾品零售業,桃園市,變更,11508
00208949,崎森貿易有限公司,桃園市中壢區中山東路一段336號,柯俊伍,2000000,113/10/30,115/08/18,負責人印鑑變更,F101040 家畜家禽批發業；F101050 水產品批發業；F101130 蔬果批發業；F101990 其他農、畜、水產品批發業；F102170 食品什貨批發業；F201010 農產品零售業；F201020 畜產品零售業；F201030 水產品零售業；F201990 其他農畜水產品零售業；F203010 食品什貨、飲料零售業,桃園市,變更,11508
00214549,美國伊利諾國際教育有限公司,桃園市桃園區藝文里中正路1086號12樓,吳鼎鈞,3000000,113/11/06,115/08/19,一般補正案,I103060 管理顧問業；I199990 其他顧問服務業；JA05010 留、遊學服務業；JB01010 會議及展覽服務業；JZ99050 仲介服務業；JZ99990 未分類其他服務業；F401010 國際貿易業；ZZ99999 除許可業務外，得經營法令非禁止或限制之業務,桃園市,變更,11508
00218593,小丑微笑企業有限公司,桃園市桃園區三元里民有八街9號13樓,吳佩馨,50000,113/09/19,115/08/20,公司所營事業變更修正章程,F108040 化粧品批發業；F113010 機械批發業；F113020 電器批發業；F113990 其他機械器具批發業；F107030 清潔用品批發業；F208040 化粧品零售業；F213010 電器零售業；F213080 機械器具零售業；F213990 其他機械器具零售業；F207030 清潔用品零售業,桃園市,變更,11508
00221915,旭澤科技有限公司,桃園市龜山區樂善三路76號8樓,褚漢懋,3000000,113/12/03,115/08/14,申登機關變更（遷入，含卷）,E603050 自動控制設備工程業；E604010 機械安裝業；EZ02010 起重工程業；EZ05010 儀器、儀表安裝工程業；F113010 機械批發業；F113020 電器批發業；F401010 國際貿易業；CC01010 發電、輸電、配電機械製造業；ZZ99999 除許可業務外，得經營法令非禁止或限制之業務,桃園市,變更,11508
00224429,展頌企業有限公司,桃園市大園區竹圍里海方路42號4樓之1,陳嬿卉,1000000,113/09/12,115/08/05,公司所在地,C501040 組合木材製造業；C501060 木質容器製造業；C501990 其他木製品製造業；F111090 建材批發業；F199990 其他批發業；F401010 國際貿易業；J101010 建築物清潔服務業；J101030 廢棄物清除業；J101080 資源回收業；ZZ99999 除許可業務外，得經營法令非禁止或限制之業務,桃園市,變更,11508
00231842,詠鼎盛投資有限公司,桃園市桃園區龍鳳里國強八街29號(4樓),簡廉哲,18000000,113/08/28,115/08/20,股東出資轉讓修正章程,H201010 一般投資業；ZZ99999 除許可業務外，得經營法令非禁止或限制之業務,桃園市,變更,11508
00233588,旭能生技科技股份有限公司,桃園市桃園區龍岡里上海路262號(1樓),曾憲群,23910000,113/12/03,115/08/28,發行新股,F102170 食品什貨批發業；F104110 布疋、衣著、鞋、帽、傘、服飾品批發業；F105050 家具、寢具、廚房器具、裝設品批發業；F106010 五金批發業；F108040 化粧品批發業；F109070 文教、樂器、育樂用品批發業；F111090 建材批發業；F113020 電器批發業；F113030 精密儀器批發業；F113050 電腦及事務性機器設備批發業,桃園市,變更,11508
00243256,叡楓有限公司,桃園市桃園區南埔里溫州街53號4樓,徐瑞泯,1200000,113/11/08,115/08/06,申登機關變更（遷入，含卷）,IZ06010 理貨包裝業；IZ12010 人力派遣業；G801010 倉儲業；F601010 智慧財產權業；ZZ99999 除許可業務外，得經營法令非禁止或限制之業務,桃園市,變更,11508
00251190,天罡智慧股份有限公司,桃園市龜山區文工一路318號4樓,吳庭儀,4310000,113/12/26,115/08/18,發行新股,H201010 一般投資業,桃園市,變更,11508
00842875,江航國際物流股份有限公司,桃園市蘆竹區南崁路一段83號18樓之2,陳鈺鴻,5000000,71/04/15,115/08/04,一般補正案,F399040 無店面零售業；F401010 國際貿易業；G799990 其他運輸輔助業；G801010 倉儲業；IZ06010 理貨包裝業；IZ12010 人力派遣業；ZZ99999 除許可業務外，得經營法令非禁止或限制之業務,桃園市,變更,11508
01858585,富晟系統股份有限公司,桃園市桃園區中正路1249號15樓之3,林育如,11000000,74/08/12,115/08/13,一般補正案,CA02990 其他金屬製品製造業；CA04010 表面處理業；CC01080 電子零組件製造業；E603050 自動控制設備工程業；F106010 五金批發業；F119010 電子材料批發業；F219010 電子材料零售業；F401010 國際貿易業；I103060 管理顧問業；I199990 其他顧問服務業,桃園市,變更,11508
01988715,喬田建設股份有限公司,桃園市桃園區中正路876巷31號,李堃弘,30000000,74/12/21,115/08/26,申登機關變更（遷入，含卷）,,桃園市,變更,11508
02626830,茗廬企業有限公司,桃園市桃園區成功路二段33之1號,劉陳金鳳,2000000,74/08/21,115/08/06,股東出資轉讓修正章程,E801010 室內裝潢業；E801060 室內裝修業；F105050 家具、寢具、廚房器具、裝設品批發業；F106010 五金批發業；F111090 建材批發業；F205040 家具、寢具、廚房器具、裝設品零售業；F401010 國際貿易業；I503010 景觀、室內設計業；ZZ99999 除許可業務外，得經營法令非禁止或限制之業務,桃園市,變更,11508
03607500,聲寶股份有限公司,桃園市龜山區大華里頂湖26-3號,君瑜投資有限公司,3842000000,51/09/11,115/08/05,經理人變更,A102060 糧商業；C802090 清潔用品製造業；C805010 塑膠皮、布、板、管材製造業；C805030 塑膠日用品製造業；C805050 工業用塑膠製品製造業；C805070 強化塑膠製品製造業；C805990 其他塑膠製品製造業；CA01020 鋼鐵軋延及擠型業；CA01050 鋼材二次加工業；CA01130 銅材軋延、伸線、擠型業,桃園市,變更,11508
04308163,顯傑化工股份有限公司,桃園市觀音區大同一路9號,游嘉持,100000000,63/09/07,115/08/19,董事/監察人持股變動報備,,桃園市,變更,11508
04401392,華通電腦股份有限公司,桃園市蘆竹區新莊里大新路814巷91號,江培琨,12338205890,62/08/30,115/08/11,發行新股,C801010 基本化學工業；CC01080 電子零組件製造業；CC01090 電池製造業；CC01110 電腦及其週邊設備製造業；CA01050 鋼材二次加工業；CA01110 鍊銅業；CA02010 金屬結構及建築組件製造業；CA04010 表面處理業；CB01010 機械設備製造業；CB01030 污染防治設備製造業,桃園市,變更,11508
04789211,昇貿科技股份有限公司,桃園市觀音區大潭北路665號,李三蓮,1433739740,67/04/24,115/08/19,可轉換公司債換發新股,C801100 合成樹脂及塑膠製造業；C802120 工業助劑製造業；C805010 塑膠皮、布、板、管材製造業；C805060 塑膠皮製品製造業；CA01990 其他非鐵金屬基本工業；CA02030 螺絲、螺帽、螺絲釘、及鉚釘等製品製造業；CA02090 金屬線製品製造業；CA02990 其他金屬製品製造業；F107170 工業助劑批發業；F107200 化學原料批發業,桃園市,變更,11508
05024240,大展電線電纜股份有限公司,桃園市觀音區富源里新富路855號,沈尚弘,857460020,69/05/26,115/08/04,補繳規費,CA01090 鋁鑄造業；CA01100 鋁材軋延、伸線、擠型業；CA01120 銅鑄造業；CA01130 銅材軋延、伸線、擠型業；CC01020 電線及電纜製造業；F106010 五金批發業；F206010 五金零售業；F401010 國際貿易業；CA02990 其他金屬製品製造業；CA01990 其他非鐵金屬基本工業,桃園市,變更,11508
05411306,大鉅企業有限公司,桃園市桃園區復興路389號5樓之1,張國宏,12000000,73/01/16,115/08/21,公司所在地,F106010 五金批發業；F401010 國際貿易業；F108031 醫療器材批發業；F401991 其他輸出入業；ZZ99999 除許可業務外，得經營法令非禁止或限制之業務,桃園市,變更,11508
07137207,有生實業股份有限公司,桃園市桃園區會稽里大有路543號5樓,陳建州,9500100,58/06/16,115/08/05,修正章程,,桃園市,變更,11508
07647004,皇霖實業股份有限公司,桃園市桃園區汴洲里經國路888號11樓之11,謝弘書,45000000,68/09/21,115/08/25,改選董事/監察人(一人法人股東指派董事/監察人),F104110 布疋、衣著、鞋、帽、傘、服飾品批發業；F107020 染料、顏料批發業；F113010 機械批發業；F204110 布疋、衣著、鞋、帽、傘、服飾品零售業；F207020 染料、顏料零售業；F213080 機械器具零售業；F213030 電腦及事務性機器設備零售業；F218010 資訊軟體零售業；I103060 管理顧問業；I301010 資訊軟體服務業,桃園市,變更,11508
07717802,隆意工業股份有限公司,桃園市新屋區中華路1251巷48號,陳進吉,30000000,72/11/03,115/08/21,一般補正案,,桃園市,變更,11508
09431521,聖風有限公司,桃園市桃園區汴洲里經國路888號12樓之8,陳一紳,5020000,72/12/19,115/08/13,股東出資轉讓修正章程,F102170 食品什貨批發業；F106020 日常用品批發業；F107020 染料、顏料批發業；F107030 清潔用品批發業；F108040 化粧品批發業；F399040 無店面零售業；F401010 國際貿易業；I501010 產品設計業；ZZ99999 除許可業務外，得經營法令非禁止或限制之業務,桃園市,變更,11508
09459371,林邁企業股份有限公司,桃園市龍潭區東興里中興路63巷88號,林家雄,16000000,73/10/22,115/08/04,一般補正案,,桃園市,變更,11508
09497109,迎廣科技股份有限公司,桃園市龜山區南上路350巷57號,賴文賢,925867490,74/12/11,115/08/28,可轉換公司債換發新股,CC01030 電器製造業；CC01060 有線通信機械器材製造業；CQ01010 模具製造業；F113020 電器批發業；F113070 電信器材批發業；F106030 模具批發業；F213010 電器零售業,桃園市,變更,11508
12331482,臺唐工業股份有限公司,桃園市觀音區樹林里國建一路3號,王世雄,604393360,69/03/25,115/08/13,一般補正案,C802200 塗料、油漆、染料及顏料製造業；C802120 工業助劑製造業；CC01080 電子零組件製造業；H703100 不動產租賃業；C199990 未分類其他食品製造業；ZZ99999 除許可業務外，得經營法令非禁止或限制之業務,桃園市,變更,11508
12632950,陸發國際股份有限公司,桃園市龍潭區九龍里中興路九龍段129巷175弄12、16號,李麗珠,15000000,89/10/12,115/08/05,一般補正案,CB01030 污染防治設備製造業；F113030 精密儀器批發業；F106040 水器材料批發業；F213040 精密儀器零售業；F206040 水器材料零售業；F401010 國際貿易業；F113100 污染防治設備批發業；F213100 污染防治設備零售業；E599010 配管工程業；F107170 工業助劑批發業,桃園市,變更,11508
12660131,昱鐳應材股份有限公司,桃園市中壢區安東路5號5樓,詹文雄,500000000,89/10/30,115/08/07,發行新股,CC01080 電子零組件製造業；F119010 電子材料批發業；C801030 精密化學材料製造業；C801990 其他化學材料製造業；F107200 化學原料批發業；C802200 塗料、油漆、染料及顏料製造業；F107010 漆料、塗料批發業；ZZ99999 除許可業務外，得經營法令非禁止或限制之業務,桃園市,變更,11508
12661080,優鎂投資有限公司,桃園市大溪區瑞源里20鄰員東路511號,黃淑岑,180000000,89/11/02,115/08/12,申登機關變更（遷入，含卷）,H201010 一般投資業,桃園市,變更,11508
12717916,國延股份有限公司,桃園市桃園區中成里永星街88巷2弄10號1樓,姚維謀,35000000,89/12/11,115/08/28,董事/監察人持股變動報備,F108021 西藥批發業；F108031 醫療器材批發業；F102020 食用油脂批發業；F102030 菸酒批發業；F102040 飲料批發業；F102170 食品什貨批發業；F104110 布疋、衣著、鞋、帽、傘、服飾品批發業；F106020 日常用品批發業；F107030 清潔用品批發業；F109070 文教、樂器、育樂用品批發業,桃園市,變更,11508
12725471,力韡股份有限公司,桃園市桃園區復興路51之2號10樓之1,王駿東,323250000,89/12/21,115/08/17,停業副本,F108031 醫療器材批發業；F113030 精密儀器批發業；F114030 汽、機車零件配備批發業；F401010 國際貿易業；I501010 產品設計業；CD01030 汽車及其零件製造業；CD01040 機車及其零件製造業；CE01010 一般儀器製造業；CE01030 光學儀器製造業；CN01010 家具及裝設品製造業,桃園市,變更,11508
12738623,銘鈺精密工業股份有限公司,桃園市觀音區觀音工業區國瑞路2號,謝錦興,770000000,90/01/18,115/08/03,改選董事/監察人(一人法人股東指派董事/監察人),C805050 工業用塑膠製品製造業；C805010 塑膠皮、布、板、管材製造業；C805030 塑膠日用品製造業；CA02010 金屬結構及建築組件製造業；CA04010 表面處理業；CA01050 鋼材二次加工業；CB01010 機械設備製造業；CB01990 其他機械製造業；CC01080 電子零組件製造業；CN01010 家具及裝設品製造業,桃園市,變更,11508
12742725,藝典鐳射科技有限公司,桃園市龜山區南上里民生北路一段523號,汪睿翃,5000000,90/02/02,115/08/05,申登機關變更（遷入，含卷）,F113020 電器批發業；F113030 精密儀器批發業；F113010 機械批發業；F213010 電器零售業；F213040 精密儀器零售業；F213080 機械器具零售業；CB01990 其他機械製造業；CC01080 電子零組件製造業；CQ01010 模具製造業；ZZ99999 除許可業務外，得經營法令非禁止或限制之業務,桃園市,變更,11508
12748805,超淨科技股份有限公司,桃園市龜山區大湖里文三一街15號3樓,周俊鈺,13500000,90/02/15,115/08/10,增資(資本總額),CB01010 機械設備製造業；CB01030 污染防治設備製造業；CB01990 其他機械製造業；E604010 機械安裝業；E599010 配管工程業；E603050 自動控制設備工程業；F213100 污染防治設備零售業；F213040 精密儀器零售業；F113010 機械批發業；F113020 電器批發業,桃園市,變更,11508
12755592,帝科有限公司,桃園市觀音區崙坪里崙坪五路215巷31號(1樓),聶裕康,15000000,90/02/27,115/08/14,股東出資轉讓修正章程,C802990 其他化學製品製造業；C802090 清潔用品製造業；C802120 工業助劑製造業；F107030 清潔用品批發業；F107170 工業助劑批發業；F107990 其他化學製品批發業；F401010 國際貿易業；ZZ99999 除許可業務外，得經營法令非禁止或限制之業務,桃園市,變更,11508
12778265,昇凰交通有限公司,桃園市平鎮區開封街183巷1號(1樓),周世傑,25000000,90/04/04,115/08/10,股東出資轉讓修正章程,F106010 五金批發業；F106020 日常用品批發業；F111090 建材批發業；F113010 機械批發業；F113990 其他機械器具批發業；F114990 其他交通運輸工具及其零件批發業；F119010 電子材料批發業；C901030 水泥製造業；C901040 預拌混凝土製造業；C901050 水泥及混凝土製品製造業,桃園市,變更,11508
12793012,成昱科技有限公司,桃園市龍潭區九龍里聯和街49號1樓,羅鴻正,11000000,90/04/30,115/08/10,增資,E603050 自動控制設備工程業；F113010 機械批發業；F401010 國際貿易業；CB01010 機械設備製造業；CC01010 發電、輸電、配電機械製造業；J101010 建築物清潔服務業；ZZ99999 除許可業務外，得經營法令非禁止或限制之業務；CA01100 鋁材軋延、伸線、擠型業；CA01990 其他非鐵金屬基本工業；CA02990 其他金屬製品製造業,桃園市,變更,11508
12797848,僑泰投資有限公司,桃園市中壢區明德里吉長街73號一樓,邱奕喜,5000000,90/05/08,115/08/21,一般補正案,H201010 一般投資業；H701010 住宅及大樓開發租售業；H701050 投資興建公共建設業；H701060 新市鎮、新社區開發業；H703100 不動產租賃業；H703120 自助儲物空間業；H701020 工業廠房開發租售業；ZZ99999 除許可業務外，得經營法令非禁止或限制之業務,桃園市,變更,11508
12809719,美星電氣股份有限公司,桃園市桃園區慈文里中正路755號1、2樓,李鄭純真,21150000,90/05/25,115/08/24,董事/監察人地址變更,F113020 電器批發業。；F213010 電器零售業。；F106010 五金批發業；F106020 日常用品批發業；F106040 水器材料批發業；F106050 陶瓷玻璃器皿批發業；F107030 清潔用品批發業；F111090 建材批發業；F105050 家具、寢具、廚房器具、裝設品批發業；F205040 家具、寢具、廚房器具、裝設品零售業,桃園市,變更,11508
12810286,豐達保全股份有限公司,桃園市桃園區中寧里大興西路2段99號5樓之1,謝禎樺,40000000,90/05/25,115/08/28,改選董事/監察人(一人法人股東指派董事/監察人),I901011 保全業,桃園市,變更,11508
12812067,添鑫實業有限公司,桃園市龍潭區九龍里健行路725號(1樓),郭博文,10000000,90/05/29,115/08/27,申登機關變更（遷入，含卷）,C901010 陶瓷及陶瓷製品製造業；C805050 工業用塑膠製品製造業；CA02990 其他金屬製品製造業；C701010 印刷業；C702010 製版業；C703010 印刷品裝訂及加工業；CH01010 體育用品製造業；F106050 陶瓷玻璃器皿批發業；F114030 汽、機車零件配備批發業；F109070 文教、樂器、育樂用品批發業,桃園市,變更,11508
12819006,瑞億生技藥品股份有限公司,桃園市蘆竹區安中街3巷2號(一樓),李有棚,3000000,90/06/12,115/08/06,一般補正案,F102160 輔助食品批發業；F108011 中藥批發業；F108031 醫療器材批發業；F108040 化粧品批發業；F108060 乙類成藥批發業；F401010 國際貿易業；IZ99990 其他工商服務業,桃園市,變更,11508
12822564,泰哖金屬有限公司,桃園市龜山區文東五街101號2樓之2,哖侑助,1000000,90/06/18,115/08/06,申登機關變更（遷入，含卷）,F111070 金屬建材批發業；F199990 其他批發業（鋅錠、鋁錠）；F401010 國際貿易業,桃園市,變更,11508
12828053,愛德萬互聯科技股份有限公司,桃園市蘆竹區內溪路47號,Timothy Louis McNulty,1176384650,90/06/27,115/08/17,改選董事/監察人(一人法人股東指派董事/監察人),CC01070 無線通信機械器材製造業；CC01080 電子零組件製造業；CC01120 資料儲存媒體製造及複製業；CC01101 電信管制射頻器材製造業；F401021 電信管制射頻器材輸入業；F113030 精密儀器批發業；F118010 資訊軟體批發業；F119010 電子材料批發業；F113050 電腦及事務性機器設備批發業；ZZ99999 除許可業務外，得經營法令非禁止或限制之業務,桃園市,變更,11508
12837742,龍詮有限公司,桃園市桃園區寶慶里大興西路二段190巷6號3樓,游景元,1500000,90/07/17,115/08/26,公司所營事業變更修正章程,CB01010 機械設備製造業；CB01030 污染防治設備製造業；CD01030 汽車及其零件製造業；CD01990 其他運輸工具及其零件製造業；CA01050 鋼材二次加工業；C901040 預拌混凝土製造業；F111090 建材批發業；F211010 建材零售業；EZ02010 起重工程業；EZ99990 其他工程業,桃園市,變更,11508
12845187,元素實業有限公司,桃園市蘆竹區大竹里大興路373號（1樓）,游有恒,18000000,90/08/01,115/08/28,公司所在地,CA02990 其他金屬製品製造業；CN01010 家具及裝設品製造業；F105050 家具、寢具、廚房器具、裝設品批發業；F106010 五金批發業；F401010 國際貿易業；I503010 景觀、室內設計業；E801010 室內裝潢業；H703090 不動產買賣業；H703100 不動產租賃業；ZZ99999 除許可業務外，得經營法令非禁止或限制之業務,桃園市,變更,11508
12861469,長陽開發股份有限公司,桃園市桃園區經國路369號地下室1樓、1樓及2樓,王俊超,1463550000,90/05/08,115/08/27,改選董事/監察人(一人法人股東指派董事/監察人),H701010 住宅及大樓開發租售業；F301030 一般百貨業；H703040 攤位出租業；I103010 企業經營管理顧問業；F501060 餐館業；F501030 飲料店業；F301020 超級市場業；I105010 藝術品諮詢顧問業；J701020 遊樂園業；JZ99060 驗光配鏡服務業(依衛福部驗光人員法止該項營業項目登記),桃園市,變更,11508
12862116,中台資源科技股份有限公司,桃園市觀音區大潭里環科路328號,鄭光傑,904390000,90/05/09,115/08/24,註銷庫藏股減資,J101030 廢棄物清除業；J101040 廢棄物處理業；J101050 環境檢測服務業；J101070 放射性廢料處理服務業；JZ99050 仲介服務業；D301010 自來水經營業；F113100 污染防治設備批發業；F113030 精密儀器批發業；C901020 玻璃及玻璃製品製造業；CA01070 廢車船解體及廢鋼鐵五金處理業,桃園市,變更,11508
12883436,幼上科技有限公司,桃園市龍潭區三林里中正路三林段226巷145號,葉斯芳,4200000,90/08/14,115/08/13,一般補正案,CC01080 電子零組件製造業；CC01060 有線通信機械器材製造業；F213010 電器零售業；F219010 電子材料零售業；F401010 國際貿易業,桃園市,變更,11508
12884441,彩雋印前整合資訊有限公司,桃園市楊梅區裕成里裕成南路384號1樓,陳彥維,1000000,90/08/15,115/08/03,股東出資轉讓修正章程,I301010 資訊軟體服務業；I301020 資料處理服務業；I301030 電子資訊供應服務業；I401010 一般廣告服務業；IZ99990 其他工商服務業(電腦及週邊研發)；I501010 產品設計業,桃園市,變更,11508
12887215,泓辰材料股份有限公司,桃園市平鎮區工業一路2之3號,陳宏力,946495800,90/08/21,115/08/12,修正章程,CC01090 電池製造業；F401010 國際貿易業；E604010 機械安裝業；CB01010 機械設備製造業；I301030 電子資訊供應服務業；I301020 資料處理服務業；JE01010 租賃業；ZZ99999 除許可業務外，得經營法令非禁止或限制之業務,桃園市,變更,11508
12894840,位速科技股份有限公司,桃園市楊梅區高青路26號,廖世文,1088667370,90/09/04,115/08/03,發行新股,C805030 塑膠日用品製造業；CA04010 表面處理業；CC01080 電子零組件製造業；CD01030 汽車及其零件製造業；C805050 工業用塑膠製品製造業；CH01010 體育用品製造業；F106020 日常用品批發業；F113010 機械批發業；F114030 汽、機車零件配備批發業；F119010 電子材料批發業,桃園市,變更,11508
12898424,圓基企業有限公司,桃園市桃園區國際路1段728號,廖宜章,102339931,90/09/11,115/08/19,增資,CA03010 熱處理業；CA04010 表面處理業；CB01010 機械設備製造業；F106030 模具批發業；F113010 機械批發業；F213080 機械器具零售業；F401010 國際貿易業；CA02990 其他金屬製品製造業；CD01030 汽車及其零件製造業；CD01040 機車及其零件製造業,桃園市,變更,11508
12898515,漢雲保全股份有限公司,桃園市八德區廣興一路70號(1樓),陳信昌,40000000,90/09/12,115/08/04,公司所在地,I901011 保全業。,桃園市,變更,11508
12951790,怡凌股份有限公司,桃園市蘆竹區內厝里內溪路39巷11號1樓,蔡明宏,76000000,90/10/09,115/08/12,發行新股,F107020 染料、顏料批發業；F207010 漆料、塗料零售業；F119010 電子材料批發業；F219010 電子材料零售業；F118010 資訊軟體批發業；F218010 資訊軟體零售業；F108040 化粧品批發業；F208040 化粧品零售業；F110020 眼鏡批發業；F210020 眼鏡零售業,桃園市,變更,11508
12960720,龍品國際股份有限公司,桃園市蘆竹區龍安街3段153巷51之1號,洪偉倫,5000000,90/11/21,115/08/05,一般補正案,CD01030 汽車及其零件製造業；F114010 汽車批發業；F214010 汽車零售業；F113010 機械批發業；F213080 機械器具零售業；F117010 消防安全設備批發業；F217010 消防安全設備零售業；F113020 電器批發業；F107080 環境用藥批發業；F119010 電子材料批發業,桃園市,變更,11508
12980704,台灣速霸陸股份有限公司,桃園市中壢區永福里東園路38之2號,盧翰瑻,53000000,91/01/23,115/08/21,一般補正案,F114010 汽車批發業；F214010 汽車零售業；F114030 汽、機車零件配備批發業；F214030 汽、機車零件配備零售業；F114050 車胎批發業；F214050 車胎零售業；I103060 管理顧問業；G801010 倉儲業；JA01010 汽車修理業；F113030 精密儀器批發業,桃園市,變更,11508
12982533,思柏國際有限公司,桃園市蘆竹區南崁路二段402巷2弄12號,詹智錦,20000000,90/11/26,115/08/24,股東出資轉讓修正章程,F107030 清潔用品批發業；F107100 基本化學材料批發業；F119010 電子材料批發業；ZZ99999 除許可業務外，得經營法令非禁止或限制之業務,桃園市,變更,11508
13000192,事欣科技股份有限公司,桃園市中壢區領航南路3段188號15樓,廖文嘉,1240825390,90/12/27,115/08/26,可轉換公司債換發新股,CC01060 有線通信機械器材製造業；CC01070 無線通信機械器材製造業；CC01080 電子零組件製造業；F401010 國際貿易業；F113020 電器批發業；F213010 電器零售業；F113070 電信器材批發業；F213060 電信器材零售業；CC01101 電信管制射頻器材製造業,桃園市,變更,11508
13004845,禾林室內設計工程有限公司,桃園市桃園區同安里大興西路1段337號,吳瑞麒,20000000,91/01/07,115/08/07,改推董事/董事長,E801010 室內裝潢業；E801020 門窗安裝工程業；E801030 室內輕鋼架工程業；E801040 玻璃安裝工程業；E801070 廚具、衛浴設備安裝工程業；E901010 油漆工程業；I503010 景觀、室內設計業；ZZ99999 除許可業務外，得經營法令非禁止或限制之業務,桃園市,變更,11508
13038248,永順欣投資股份有限公司,桃園市桃園區鎮二街122號1樓,鄭秀金,29000000,91/03/07,115/08/06,董事/監察人持股變動報備,H201010 一般投資業。；H703090 不動產買賣業；H703100 不動產租賃業,桃園市,變更,11508
13045487,弘詮興業有限公司,桃園市蘆竹區內厝里南山路2段394巷2號,李正裕,10000000,91/03/19,115/08/21,減資,C302010 織布業；C303010 不織布業；F104010 布疋批發業；F104080 紡織線類批發業；F113010 機械批發業；F401010 國際貿易業,桃園市,變更,11508
13051804,巨和鋁業股份有限公司,桃園市楊梅區青山里青山一街65巷15弄110號(1樓),陳煌輝,120000000,91/03/26,115/08/12,董事/監察人持股變動報備,CD01030 汽車及其零件製造業；CB01010 機械設備製造業；CQ01010 模具製造業；F114030 汽、機車零件配備批發業；F113010 機械批發業；F106030 模具批發業；F114050 車胎批發業；F199990 其他批發業；F401010 國際貿易業；CA04010 表面處理業,桃園市,變更,11508
13055739,碩陽電機股份有限公司,桃園市中壢區內定里內定20街76巷72號,林明昌,260390500,91/04/01,115/08/25,發行新股,CC01010 發電、輸電、配電機械製造業；F113010 機械批發業；F113020 電器批發業；F119010 電子材料批發業；F213010 電器零售業；F213080 機械器具零售業；F219010 電子材料零售業；F401010 國際貿易業；ZZ99999 除許可業務外，得經營法令非禁止或限制之業務；CB01010 機械設備製造業,桃園市,變更,11508
13120794,聯創開發有限公司,桃園市楊梅區瑞溪里瑞梅街165號(1樓),劉宜菲,10500000,91/05/23,115/08/26,董事/股東更名,H701010 住宅及大樓開發租售業；H701020 工業廠房開發租售業；H701050 投資興建公共建設業；H701060 新市鎮、新社區開發業；H701070 區段徵收及市地重劃代辦業；H701090 都市更新整建維護業；H702010 建築經理業；H703090 不動產買賣業；H703100 不動產租賃業；H703110 老人住宅業,桃園市,變更,11508
16003518,宏達國際電子股份有限公司,桃園市桃園區興華路21巷1號,王雪紅,8360970860,86/05/15,115/08/21,認股憑證換發新股,CC01080 電子零組件製造業；CC01100 電信管制射頻器材製造業；CC01110 電腦及其週邊設備製造業；C805050 工業用塑膠製品製造業；CC01120 資料儲存媒體製造及複製業；E605010 電腦設備安裝業；E701040 簡易電信設備安裝業；E701020 衛星電視ＫＵ頻道、Ｃ頻道器材安裝業；E701030 電信管制射頻器材裝設工程業；F113030 精密儀器批發業,桃園市,變更,11508
16010932,祥鼎投資股份有限公司,桃園市觀音區中山路一段1171巷11弄22號（1樓）,陳杏雪,65000000,86/05/22,115/08/21,修正章程,H201010 一般投資業。,桃園市,變更,11508
16017111,銚原有限公司,桃園市桃園區福林里介壽路503號,林海松,1000000,86/05/28,115/08/26,公司所營事業變更修正章程,F106010 五金批發業；F206010 五金零售業；F206020 日常用品零售業；F106020 日常用品批發業；F107030 清潔用品批發業；F207030 清潔用品零售業；F211010 建材零售業；F219010 電子材料零售業；F299990 其他零售業；F208031 醫療器材零售業,桃園市,變更,11508
16033920,鎧迪威科技股份有限公司,桃園市楊梅區三湖里楊湖路一段676巷1號,葉德順,80000000,86/06/13,115/08/14,董事/監察人持股變動報備,F106010 五金批發業；F106020 日常用品批發業；F106030 模具批發業；F107190 塑膠膜、袋批發業；F107200 化學原料批發業；F107990 其他化學製品批發業；F109070 文教、樂器、育樂用品批發業；F199990 其他批發業；F401010 國際貿易業；C805020 塑膠膜、袋製造業,桃園市,變更,11508
16057133,新寶典企業有限公司,桃園市八德區瑞德里福樂街87號,洪秀卿,1000000,86/07/05,115/08/05,股東出資轉讓修正章程,F104020 成衣批發業。,桃園市,變更,11508
16095404,豐達科技股份有限公司,桃園市平鎮區太平東路5號,蔡豐賜,643650550,86/10/14,115/08/13,認股憑證換發新股,CD01060 航空器及其零件製造業；CD01010 船舶及其零件製造業；CD01020 軌道車輛及其零件製造業；CD01030 汽車及其零件製造業；CD01990 其他運輸工具及其零件製造業；F401010 國際貿易業；I501010 產品設計業；J101030 廢棄物清除業；J101040 廢棄物處理業；J101080 資源回收業,桃園市,變更,11508
16133688,翊暘工業股份有限公司,桃園市桃園區中正路1092號25樓,陳瑩玲,40000000,86/07/14,115/08/14,一般補正案,F113010 機械批發業；F113990 其他機械器具批發業；F119010 電子材料批發業；F213080 機械器具零售業；F213990 其他機械器具零售業；F219010 電子材料零售業；F401010 國際貿易業；CB01010 機械設備製造業；CB01990 其他機械製造業；CC01990 其他電機及電子機械器材製造業,桃園市,變更,11508
16160404,尚久實業股份有限公司,桃園市蘆竹區奉化路286號,陳淑惠,5000000,86/09/24,115/08/05,變更組織,E603040 消防安全設備安裝工程業；IF01010 消防安全設備檢修業；E599010 配管工程業；E601010 電器承裝業；E601020 電器安裝業；E603050 自動控制設備工程業；E603090 照明設備安裝工程業；E605010 電腦設備安裝業；E606010 用電設備檢驗維護業；F106010 五金批發業,桃園市,變更,11508
16168742,聯台通運股份有限公司,桃園市觀音區坑尾里濱海路廣興段251號,郭晉宏,25000000,86/10/18,115/08/20,一般補正案,G101061 汽車貨運業；F401010 國際貿易業；JZ99050 仲介服務業；F114010 汽車批發業；F214010 汽車零售業；F114020 機車批發業；F214020 機車零售業；F114030 汽、機車零件配備批發業；F214030 汽、機車零件配備零售業；F214050 車胎零售業,桃園市,變更,11508
16215034,全球星科技有限公司,桃園市桃園區明德里中正路1247號4樓之3,申士峻,4000000,86/09/06,115/08/05,股東出資轉讓修正章程,E605010 電腦設備安裝業；E701030 電信管制射頻器材裝設工程業；F113030 精密儀器批發業；F113050 電腦及事務性機器設備批發業；F113070 電信器材批發業；F113990 其他機械器具批發業；F119010 電子材料批發業；F118010 資訊軟體批發業；F213060 電信器材零售業；F213030 電腦及事務性機器設備零售業,桃園市,變更,11508
16227741,僑瑞工業有限公司,桃園市中壢區後寮里龍興路717巷10號,詹前桂,5000000,86/09/25,115/08/17,股東出資轉讓修正章程,,桃園市,變更,11508
16230703,極品化學科技股份有限公司,桃園市觀音區經建五路14號,高桐波,134300000,86/09/27,115/08/06,董事/監察人持股變動報備,ZZ99999 除許可業務外，得經營法令非禁止或限制之業務,桃園市,變更,11508
16264983,台灣嘉碩科技股份有限公司,桃園市平鎮區湧豐里工業二路3號,黃鈺同,1049892100,86/11/10,115/08/24,其他減資,CB01010 機械設備製造業；CC01070 無線通信機械器材製造業；CC01080 電子零組件製造業；CC01101 電信管制射頻器材製造業；CC01110 電腦及其週邊設備製造業；CE01010 一般儀器製造業；CF01011 醫療器材製造業；F108031 醫療器材批發業；F113070 電信器材批發業；F208031 醫療器材零售業,桃園市,變更,11508
16271936,加百裕工業股份有限公司,桃園市龍潭區烏林里39鄰工五路128號,李益仁,995933850,86/11/20,115/08/24,可轉換公司債換發新股,CC01080 電子零組件製造業；CC01090 電池製造業；F213010 電器零售業；F219010 電子材料零售業；F113020 電器批發業；F119010 電子材料批發業；F401010 國際貿易業,桃園市,變更,11508
16342361,晶堡股份有限公司,桃園市楊梅區瑞溪路二段172號(1樓),葉文貞,25000000,86/12/13,115/08/18,改選董事/監察人(一人法人股東指派董事/監察人),F106010 五金批發業；F107190 塑膠膜、袋批發業；F119010 電子材料批發業；F199010 回收物料批發業；F199990 其他批發業；F206010 五金零售業；F299990 其他零售業；F401010 國際貿易業；J101010 建築物清潔服務業；J101020 病媒防治業,桃園市,變更,11508
16354160,宇伸企業有限公司,桃園市龍潭區中興路九龍段129巷135弄35號2樓,,5000000,86/12/27,115/08/10,一般補正案,,桃園市,變更,11508
16359290,鉅倞有限公司,桃園市觀音區中山路二段538之2號,吳東倞,3000000,87/01/05,115/08/14,股東出資轉讓修正章程,,桃園市,變更,11508
16385184,美宏洋有限公司,桃園市龜山區東舊路街160巷5號,范紀賢,30000000,87/02/19,115/08/10,股東出資轉讓修正章程,CA01020 鋼鐵軋延及擠型業；CA01030 鋼鐵鑄造業；CA01050 鋼材二次加工業；CA01090 鋁鑄造業；CA01100 鋁材軋延、伸線、擠型業；CA01120 銅鑄造業；CA01130 銅材軋延、伸線、擠型業；F113010 機械批發業；CA01150 鎂鑄造業；CA01160 鎂材軋延、伸線、擠型業,桃園市,變更,11508
16398316,波銲電機工業有限公司,桃園市平鎮區宋屋里快速路三段795號1樓,張祥添,900000,87/03/10,115/08/26,減資,CB01010 機械設備製造業。；F113010 機械批發業。；F213080 機械器具零售業。,桃園市,變更,11508
16418946,玖鋐環保科技有限公司,桃園市中壢區月眉里6鄰環保路560號,詹利庭,23100000,87/04/04,115/08/25,增資,CB01010 機械設備製造業；CB01030 污染防治設備製造業；J101060 廢（污）水處理業；EZ99990 其他工程業；EZ15010 保溫、保冷安裝工程業；E599010 配管工程業；E603050 自動控制設備工程業；E607010 太陽熱能設備安裝工程業；J101030 廢棄物清除業；J101040 廢棄物處理業,桃園市,變更,11508
16443213,台灣歐地希股份有限公司,桃園市中壢區環北路153號1樓、2樓,中川大輔,8000000,87/04/13,115/08/10,改選董事/監察人(一人法人股東指派董事/監察人),CB01010 機械設備製造業；CC01010 發電、輸電、配電機械製造業；E604010 機械安裝業；F401010 國際貿易業；F213080 機械器具零售業；F219010 電子材料零售業；JE01010 租賃業；F401021 電信管制射頻器材輸入業；ZZ99999 除許可業務外，得經營法令非禁止或限制之業務,桃園市,變更,11508
16494893,碩豐營造有限公司,桃園市大溪區埔頂路一段102號1樓,侯乙蓁,3600000,87/05/06,115/08/24,停業,E101011 綜合營造業,桃園市,變更,11508
16512787,東亞彩藝股份有限公司,桃園市中壢區興華里復華九街50號11樓,徐傳智,50000000,87/05/28,115/08/20,改選董事/監察人(一人法人股東指派董事/監察人),C601030 紙容器製造業；F109060 包裝材料批發業；F209050 包裝材料零售業；C701010 印刷業；C601040 加工紙業；C805020 塑膠膜、袋製造業,桃園市,變更,11508
16545422,國煜交通有限公司,桃園市楊梅區梅溪里三民路19號1樓,郭智裕,25000000,87/07/09,115/08/24,股東出資轉讓修正章程,G101061 汽車貨運業。；EZ02010 起重工程業。；F214010 汽車零售業。；F214030 汽、機車零件配備零售業。；F114030 汽、機車零件配備批發業。；F213080 機械器具零售業。；F211010 建材零售業。；F111030 磚、瓦、石建材批發業。,桃園市,變更,11508
16637576,大盛投資股份有限公司,桃園市中壢區內定里中園路200之6號3樓,于凱先,20000000,87/08/13,115/08/04,公司所在地,H201010 一般投資業；ZZ99999 除許可業務外，得經營法令非禁止或限制之業務；H703090 不動產買賣業；H703100 不動產租賃業；I103060 管理顧問業,桃園市,變更,11508
16644128,若林企業股份有限公司,桃園市楊梅區高榮里梅高路二段668巷158號1樓,彭文樂,106828000,87/08/29,115/08/26,董事/監察人持股變動報備,C805050 工業用塑膠製品製造業(限中華民國行業標準分類2203工業用塑膠製品製造業)；CD01030 汽車及其零件製造業(限中華民國行業標準分類3010汽車製造業、3020車體製造業及3030汽車零件製造業)；CD01040 機車及其零件製造業(限中華民國行業標準分類3121機車製造業、33122機車零件製造業)；F114030 汽、機車零件配備批發業 (限中華民國行業標準分類4653汽機車零件配件、用品批發業)；F111090 建材批發業(限中華民國行業標準分類4611木製建材批發業、4612磚瓦、砂石、水泥及其製品批發業、4613磁磚、貼面石材、衛浴設備批發業、4615金屬建材批發業及4619其他建材批發業)；F214030 汽、機車零件配備零售業 (限中華民國行業標準分類4843汽機車零件配件、用品零售業)；F401010 國際貿易業 (限所登記營業項目對應之輸出入業)；CA02010 金屬結構及建築組件製造業 (限中華民國行業標準分類2521金屬結構製造業及2522金屬建築組件製造業)；CB01010 機械設備製造業(限中華民國行業標準分類2531鍋爐、金屬貯槽及壓力容器製造業、2911冶金機械製造業、2919其他金屬加工用機械設備製造業、2921農用及林用機械設備製造業、2922採礦及營造用機械設備製造業、2923食品、飲料及菸草製作用機械設備製造業、2924紡織、成衣及皮革生產用機械設備製造業、2925木工機械設備製造業、2926化工機械設備製造業；非屬「同位素分離機與設備及其零件」、2927橡膠及塑膠加工用機械設備製造業、2929未分類其他專用機械設備製造業；非屬火器,桃園市,變更,11508
16647899,元智建設股份有限公司,桃園市蘆竹區南順一街83號10樓,陳怡如,201000000,87/09/03,115/08/05,增資(資本總額),H701010 住宅及大樓開發租售業；E801010 室內裝潢業；F211010 建材零售業,桃園市,變更,11508
16673143,濬鐸國際有限公司,桃園市桃園區經國一路90號4樓,林厚志,5000000,87/10/09,115/08/04,股東出資轉讓修正章程,F106010 五金批發業；F106040 水器材料批發業；F106050 陶瓷玻璃器皿批發業；F401010 國際貿易業；F113010 機械批發業；F113020 電器批發業；F113030 精密儀器批發業；F113050 事務性機器設備批發業；F113070 電信器材批發業；F113090 交通標誌器材批發業,桃園市,變更,11508
16728132,昌勝營造股份有限公司,桃園市蘆竹區營盤里長興路一段68號(二樓),褚春來,50000000,88/01/08,115/08/18,發行新股,E101011 綜合營造業；H701010 住宅及大樓開發租售業；H701020 工業廠房開發租售業；H701050 投資興建公共建設業；H701060 新市鎮、新社區開發業；H702010 建築經理業；ZZ99999 除許可業務外，得經營法令非禁止或限制之業務,桃園市,變更,11508
16742303,台灣科祿格通風設備股份有限公司,桃園市桃園區國強一街265號2樓之2,王秋月,70000000,87/09/17,115/08/10,董事/監察人證照變更,CB01071 冷凍空調設備製造業；F113990 其他機械器具批發業；F213990 其他機械器具零售業；CA02030 螺絲、螺帽、螺絲釘、及鉚釘等製品製造業；F206010 五金零售業；F106010 五金批發業；F401010 國際貿易業；CC01030 電器及視聽電子產品製造業；IG03010 能源技術服務業；CB01010 機械設備製造業,桃園市,變更,11508
16748101,朋程科技股份有限公司,桃園市蘆竹區南崁路2段22號1樓,姚宕梁,1019610410,87/11/17,115/08/24,可轉換公司債換發新股,CC01010 發電、輸電、配電機械製造業；F119010 電子材料批發業；F219010 電子材料零售業；F401030 製造輸出業；F401010 國際貿易業；CC01080 電子零組件製造業；ZZ99999 除許可業務外，得經營法令非禁止或限制之業務,桃園市,變更,11508
16851532,建宇投資股份有限公司,桃園市桃園區中泰里宏昌八街107號12樓,林柏宇,29000000,88/01/30,115/08/24,改選董事/監察人(一人法人股東指派董事/監察人),H201010 一般投資業,桃園市,變更,11508
16879980,甲芝生物科技股份有限公司,桃園市觀音區工業二路18號,許春草,170000000,88/03/26,115/08/06,董事/監察人持股變動報備,C110010 飲料製造業；CA02060 製罐業；C199030 即食餐食業；A102040 休閒農業；F102040 飲料批發業；F401010 國際貿易業；F102160 輔助食品批發業；IZ99990 其他工商服務業（生物菌種培養技術研究開發）；F102030 菸酒批發業；C199990 雜項食品製造業（輔助營養食品如紅麴、乳酸菌、色素、香料、食品添加物、真菌等之發酵、製造）,桃園市,變更,11508
16905832,華曜建設股份有限公司,桃園市桃園區大林里樹仁三街88號9樓,簡雅玲,201010000,88/04/30,115/08/14,改選董事/監察人(一人法人股東指派董事/監察人),H701010 住宅及大樓開發租售業；H704010 房屋仲介業；H704020 土地仲介業；E801010 室內裝潢業；F211010 建材零售業,桃園市,變更,11508
16911026,翔駿國際有限公司,桃園市中壢區文發路185號7樓,巫德勝,5000000,88/05/06,115/08/03,公司所在地,G601011 航空貨運承攬業；F401010 國際貿易業；ZZ99999 除許可業務外，得經營法令非禁止或限制之業務,桃園市,變更,11508
16912474,欣鴻陽模具開發股份有限公司,桃園市觀音區富源里嘉富路1169巷41號,劉鐵城,29000000,88/05/07,115/08/27,改選董事/監察人(一人法人股東指派董事/監察人),CD01030 汽車及其零件製造業；CD01040 機車及其零件製造業；CD01050 自行車及其零件製造業；CD01060 航空器及其零件製造業；CQ01010 模具製造業；F106010 五金批發業；F106030 模具批發業；F113010 機械批發業；F114030 汽、機車零件配備批發業；F114040 自行車及其零件批發業,桃園市,變更,11508
16929519,特菱實業股份有限公司,桃園市中壢區新生路182號9樓,黃賢忠,88000000,88/05/29,115/08/17,董事/監察人持股變動報備,H701010 住宅及大樓開發租售業；H703100 不動產租賃業；H201010 一般投資業；ZZ99999 除許可業務外，得經營法令非禁止或限制之業務,桃園市,變更,11508
16958035,順業營造工程有限公司,桃園市中壢區榮安十三街278號12樓,倉中智,180000000,88/07/12,115/08/03,增資,E101011 綜合營造業；E501011 自來水管承裝商；E601010 電器承裝業；ZZ99999 除許可業務外，得經營法令非禁止或限制之業務,桃園市,變更,11508
16961904,綠德光電股份有限公司,桃園市蘆竹區長安路2段39巷23號(2樓),吳厚德,16000000,88/07/17,115/08/26,董事長印鑑變更,A101030 特用作物栽培業；A101040 食用菌菇類栽培業；A401040 畜牧服務業；CB01990 其他機械製造業；CE01010 一般儀器製造業；CZ99990 未分類其他工業製品製造業；F102170 食品什貨批發業；F107030 清潔用品批發業；F107050 肥料批發業；F107080 環境用藥批發業,桃園市,變更,11508
16971939,昌伯實業股份有限公司,桃園市楊梅區民隆路43號,吳忠興,60000000,88/07/31,115/08/11,董事/監察人持股變動報備,C805010 塑膠皮、布、板、管材製造業。；C805020 塑膠膜、袋製造業。；F107190 塑膠膜、袋批發業。；F207190 塑膠膜、袋零售業。；C301010 紡紗業。；F104010 布疋批發業。；F204010 布疋零售業。,桃園市,變更,11508
16977074,實益通運有限公司,桃園市桃園區中正路1071號6樓之5,林益徵,25000000,88/08/06,115/08/20,公司名稱變更修正章程,G101061 汽車貨運業。；EZ02010 起重工程業。；IZ06010 理貨包裝業。,桃園市,變更,11508
16981752,雄牧企業有限公司,桃園市蘆竹區內厝里安中街30號,楊永洲,124030000,88/08/13,115/08/25,一般補正案,F213080 機械器具零售業；F401010 國際貿易業；F113010 機械批發業；CB01010 機械設備製造業；CB01990 其他機械製造業；F113990 其他機械器具批發業；F213990 其他機械器具零售業；ZZ99999 除許可業務外，得經營法令非禁止或限制之業務,桃園市,變更,11508
18679306,共德營造工業股份有限公司,桃園市大園區高鐵北路二段196號10樓,李俊億,199800000,45/12/07,115/08/06,董事(常務董事.董事長)/監察人解任,E101011 綜合營造業；E599010 配管工程業；E601020 電器安裝業；E603010 電纜安裝工程業；E603020 電梯安裝工程業；E603050 自動控制設備工程業；E603080 交通號誌安裝工程業；E603090 照明設備安裝工程業；E604010 機械安裝業；E801010 室內裝潢業,桃園市,變更,11508
20642919,凱台通運報關有限公司,桃園市蘆竹區南昌路6號14樓,蘇嘉年,10000000,59/09/23,115/08/10,增資,G601011 航空貨運承攬業；G701011 報關業；IZ06010 理貨包裝業,桃園市,變更,11508
20774544,群鹿企業股份有限公司,桃園市蘆竹區南山路三段4號,施純津,1112640000,66/11/24,115/08/20,改選董事/監察人(一人法人股東指派董事/監察人),C301010 紡紗業；C302010 織布業；C306010 成衣業；C307010 服飾品製造業；C399990 其他紡織及製品製造業；F104110 布疋、衣著、鞋、帽、傘、服飾品批發業；F204110 布疋、衣著、鞋、帽、傘、服飾品零售業；F399040 無店面零售業；F401010 國際貿易業；H701010 住宅及大樓開發租售業,桃園市,變更,11508
20799117,台伸行興業股份有限公司,桃園市中壢區中央西路二段36號2樓,謝礎安,15000000,67/09/16,115/08/03,一般補正案,F106010 五金批發業；F107200 化學原料批發業；F112040 石油製品批發業；F113010 機械批發業；F207200 化學原料零售業；F212050 石油製品零售業；F213080 機械器具零售業；F401010 國際貿易業；G801010 倉儲業；ZZ99999 除許可業務外，得經營法令非禁止或限制之業務,桃園市,變更,11508
20936528,紅石工業股份有限公司,桃園市桃園區中寧里莊一街33號十四樓,謝國權,13000000,71/08/23,115/08/27,減資,H703010 廠房出租業。,桃園市,變更,11508
20977392,台灣扣具工業股份有限公司,桃園市觀音區忠愛路二段198之81號,劉方蕊,150000000,72/05/16,115/08/12,修正章程,C805030 塑膠日用品製造業；C805050 工業用塑膠製品製造業；C805070 強化塑膠製品製造業；C805990 其他塑膠製品製造業；CQ01010 模具製造業；I501010 產品設計業；I599990 其他設計業；F401010 國際貿易業；F399040 無店面零售業；F399990 其他綜合零售業,桃園市,變更,11508
20999375,明和電子企業股份有限公司,桃園市蘆竹區內厝里榮安路6號,郭丙榮,100000000,72/11/15,115/08/12,董事/監察人持股變動報備,CC01080 電子零組件製造業；CC01101 電信管制射頻器材製造業；CC01990 其他電機及電子機械器材製造業；CC01070 無線通信機械器材製造業；CD01030 汽車及其零件製造業；F113070 電信器材批發業；F114030 汽、機車零件配備批發業；F119010 電子材料批發業；F401010 國際貿易業；F401021 電信管制射頻器材輸入業,桃園市,變更,11508
22006020,禾昌興業股份有限公司,桃園市桃園區興華路9，9-1號,陳可宣,550287880,75/01/11,115/08/25,補繳規費,ZZ99999 除許可業務外，得經營法令非禁止或限制之業務,桃園市,變更,11508
22048035,協明工業股份有限公司,桃園市蘆竹區內厝里南山路二段394巷47號,賴志昀,20000000,75/05/09,115/08/06,董事/監察人持股變動報備,CA02990 其他金屬製品製造業；CC01990 其他電機及電子機械器材製造業；CN01010 家具及裝設品製造業；F401010 國際貿易業；H703100 不動產租賃業；ZZ99999 除許可業務外，得經營法令非禁止或限制之業務,桃園市,變更,11508
22059659,震倫工業股份有限公司,桃園市龜山區民生北路一段二巷三弄二號,楊文銓,60000000,75/01/22,115/08/11,改選董事/監察人(一人法人股東指派董事/監察人),C802120 工業助劑製造業；CA01100 鋁材軋延、伸線、擠型業；CA02010 金屬結構及建築組件製造業；CA02030 螺絲、螺帽、螺絲釘、及鉚釘等製品製造業；CA02040 彈簧製造業；CA02070 製鎖業；CA02090 金屬線製品製造業；CA02990 其他金屬製品製造業；CA04010 表面處理業；CB01010 機械設備製造業,桃園市,變更,11508
22080365,華美網版製版有限公司,桃園市八德區茄苳里東泰街270號（1樓）,徐忠勇,5000000,75/03/12,115/08/03,公司所在地,C701010 印刷業；C702010 製版業；C703010 印刷品裝訂及加工業；C805070 強化塑膠製品製造業；CA04010 表面處理業；F119010 電子材料批發業；F199990 其他批發業；F219010 電子材料零售業；F299990 其他零售業；F401010 國際貿易業,桃園市,變更,11508
22081961,直佑營造股份有限公司,桃園市桃園區大有路487號5樓之1,陳仲華,191200000,74/12/11,115/08/05,改選董事/監察人(一人法人股東指派董事/監察人),,桃園市,變更,11508
22132286,慶陞工業股份有限公司,桃園市平鎮區北貴里關爺東路32號,甘錦茂,200000000,75/05/16,115/08/28,改選董事/監察人(一人法人股東指派董事/監察人),,桃園市,變更,11508
22180358,好晟企業股份有限公司,桃園市桃園區經國路888號6樓之1,許志仲,36000000,75/08/08,115/08/24,改選董事/監察人(一人法人股東指派董事/監察人),CB01010 機械設備製造業；CB01990 其他機械製造業；E604010 機械安裝業；F113010 機械批發業；F113990 其他機械器具批發業；F118010 資訊軟體批發業；F119010 電子材料批發業；F401010 國際貿易業；ZZ99999 除許可業務外，得經營法令非禁止或限制之業務,桃園市,變更,11508
22193918,文鋒實業股份有限公司,桃園市龜山區民生北路一段356巷8號,解文隆,70000000,75/09/17,115/08/25,改選董事/監察人(一人法人股東指派董事/監察人),CC01020 電線及電纜製造業；F401010 國際貿易業；ZZ99999 除許可業務外，得經營法令非禁止或限制之業務,桃園市,變更,11508
22210727,精準橡膠工業股份有限公司,桃園市新屋區清華里北勢12之15號,林明卿,28000000,75/06/23,115/08/27,董事(常務董事.董事長)/監察人解任,,桃園市,變更,11508
22228108,浩潤纖維股份有限公司,桃園市桃園區同德六街127號12樓,陳鴻霖,106000000,75/07/22,115/08/21,發行新股,C305010 印染整理業；F104110 布疋、衣著、鞋、帽、傘、服飾品批發業；F199990 其他批發業；F107020 染料、顏料批發業；H703100 不動產租賃業；JE01010 租賃業；ZZ99999 除許可業務外，得經營法令非禁止或限制之業務,桃園市,變更,11508
22233952,樂山股份有限公司,桃園市龍潭區聖德里12鄰湧光路一段127號,陳宏寬,339552000,75/08/01,115/08/18,改選董事/監察人(一人法人股東指派董事/監察人),,桃園市,變更,11508
22374452,川慶化學股份有限公司,桃園市觀音區大同二路15號,李承宗,15000000,76/01/08,115/08/27,公司所營事業變更修正章程,F107060 毒性及關注化學物質批發業；F107200 化學原料批發業；F107990 其他化學製品批發業；F207060 毒性及關注化學物質零售業；F207200 化學原料零售業；F207990 其他化學製品零售業；F401010 國際貿易業；F399040 無店面零售業；C801010 基本化學工業；C801030 精密化學材料製造業,桃園市,變更,11508
22401900,光普貿易有限公司,桃園市桃園區龍山里雙龍街42號2樓,羅少澤,12000000,76/03/04,115/08/14,股東出資轉讓修正章程,F113010 機械批發業；F113030 精密儀器批發業；F213040 精密儀器零售業；F213080 機械器具零售業；F401010 國際貿易業；ZZ99999 除許可業務外，得經營法令非禁止或限制之業務,桃園市,變更,11508
22420771,世聯貨櫃運輸股份有限公司,桃園市蘆竹區長榮路22號,高志誠,30000000,76/03/03,115/08/17,一般補正案,G101081 汽車貨櫃貨運業；ZZ99999 除許可業務外，得經營法令非禁止或限制之業務,桃園市,變更,11508
22468253,信和股份有限公司,桃園市龜山區龍校街139號,吳以恒,100000000,76/06/19,115/08/25,公司所營事業變更修正章程,A102060 糧商業；F101990 其他農、畜、水產品批發業；F102170 食品什貨批發業；F201990 其他農畜水產品零售業；F203010 食品什貨、飲料零售業；G801010 倉儲業；C199040 豆類加工食品製造業；A101011 種苗業；F101050 水產品批發業；F201030 水產品零售業,桃園市,變更,11508
22481208,瑞泰育樂企業有限公司,桃園市桃園區文化里復興路190、190之1、192、194號,許風木,2000000,76/04/17,115/08/14,一般補正案,JE01010 租賃業；F102050 茶葉批發業；F106010 五金批發業；F106020 日常用品批發業；F108040 化粧品批發業；F109070 文教、樂器、育樂用品批發業；F113020 電器批發業；F401010 國際貿易業；J701040 休閒活動場館業；ZZ99999 除許可業務外，得經營法令非禁止或限制之業務,桃園市,變更,11508
22520639,燈冠塑膠工業股份有限公司,桃園市龜山區南上里民生北路一段54巷2弄17號1樓,賴燈龍,11000000,76/06/23,115/08/19,一般補正案,C802160 黏性膠帶製造業；C805020 塑膠膜、袋製造業；C805070 強化塑膠製品製造業；C805990 其他塑膠製品製造業；CB01010 機械設備製造業；F107190 塑膠膜、袋批發業；F113010 機械批發業；F113990 其他機械器具批發業；F207190 塑膠膜、袋零售業；E604010 機械安裝業,桃園市,變更,11508
22556376,川菱機械股份有限公司,桃園市楊梅區員本里新富一街66號,林麗雀,5000000,76/06/26,115/08/10,一般補正案,,桃園市,變更,11508
22585652,伍全企業股份有限公司,桃園市中壢區內定里新北園路20號,陳協發,128000000,85/09/11,115/08/04,董事/監察人持股變動報備,F113020 電器批發業；F213010 電器零售業；ZZ99999 除許可業務外，得經營法令非禁止或限制之業務,桃園市,變更,11508
22589593,台翰精密科技股份有限公司,桃園市龜山區民生北路1段558號1樓,蔡鎮隆,776144190,76/08/28,115/08/10,改選董事/監察人(一人法人股東指派董事/監察人),CQ01010 模具製造業；CC01080 電子零組件製造業；F401010 國際貿易業；ZZ99999 除許可業務外，得經營法令非禁止或限制之業務,桃園市,變更,11508
22590260,先拿金屬工業股份有限公司,桃園市新屋區九斗里中華南路1段381巷85號,吳富銑,40000000,76/08/29,115/08/10,董事/監察人持股變動報備,,桃園市,變更,11508
22602505,千弘氣體有限公司,桃園市蘆竹區中福里內定二街636巷81號,張秋源,3000000,76/09/24,115/08/28,一般補正案,F108021 西藥批發業；F208021 西藥零售業；F107990 其他化學製品批發業；F207990 其他化學製品零售業；F121010 食品添加物批發業；F221010 食品添加物零售業；F212050 石油製品零售業；F112040 石油製品批發業；F107200 化學原料批發業；F207200 化學原料零售業,桃園市,變更,11508
22608297,精工碳素股份有限公司,桃園市觀音區崙坪里崙坪5路168號,高多學,18750000,76/07/07,115/08/11,補選董事(常務董事.董事長)/監察人,,桃園市,變更,11508
22631369,大地生活用品有限公司,桃園市楊梅區楊湖路三段751巷43弄39號,林振山,10000000,76/08/27,115/08/18,公司所在地,C399990 其他紡織及製品製造業；C501070 竹、藤製品製造業；F104110 布疋、衣著、鞋、帽、傘、服飾品批發業；F105050 家具、寢具、廚房器具、裝設品批發業；F106010 五金批發業；F106020 日常用品批發業；F204110 布疋、衣著、鞋、帽、傘、服飾品零售業；F205040 家具、寢具、廚房器具、裝設品零售業；F206020 日常用品零售業；F206010 五金零售業,桃園市,變更,11508
22665212,科訊企業管理顧問有限公司,桃園市中壢區永光里環西路2段226巷34弄1之1號1樓,池廖鳳英,1000000,76/10/05,115/08/03,股東出資轉讓修正章程,,桃園市,變更,11508
22668695,慶榮保利龍有限公司,桃園市龜山區龍華里萬壽路1段370號(2樓),郭陳碧珊,1000000,76/10/12,115/08/11,公司所在地,,桃園市,變更,11508
22669408,統偉視聽工程有限公司,桃園市桃園區莊敬里中正路1256號,,15000000,76/10/15,115/08/19,解散,E801010 室內裝潢業；E601020 電器安裝業,桃園市,變更,11508
22687601,展明齒輪股份有限公司,桃園市蘆竹區濱海路一段365號,陳銘煌,89000000,76/11/24,115/08/19,董事/監察人持股變動報備,,桃園市,變更,11508
22703258,順昌紙箱企業有限公司,桃園市中壢區光明里三光路84號8樓,游銘達,20000000,76/12/29,115/08/26,一般補正案,C601030 紙容器製造業；C601040 加工紙製造業；C601990 其他紙製品製造業；ZZ99999 除許可業務外，得經營法令非禁止或限制之業務,桃園市,變更,11508
22765839,永儲股份有限公司,桃園市中壢區青航里高鐵站前西路一段286號8樓之7,佑全國際投資有限公司,488000000,76/12/15,115/08/14,經理人解任,G801010 倉儲業電子零件及產品（音響、電視機、收錄音機、擴音機、電腦及其週邊設備）之製造加工及買賣。；ZZ99999 除許可業務外，得經營法令非禁止或限制之業務,桃園市,變更,11508
22774942,明冠消防器材有限公司,桃園市八德區瑞泰里介壽路二段586號,高孟成,5000000,77/02/03,115/08/31,公司所營事業變更修正章程,F117010 消防安全設備批發業；F217010 消防安全設備零售業；IB01010 建築物公共安全檢查業；IF01010 消防安全設備檢修業；E603040 消防安全設備安裝工程業；E599010 配管工程業；E603050 自動控制設備工程業；F113020 電器批發業；F213010 電器零售業；E601020 電器安裝業,桃園市,變更,11508
22778399,尖峰環能水塔股份有限公司,桃園市桃園區永安路1468巷172之10號1樓,黃曉晴,29051000,77/02/10,115/08/21,修正章程,C805010 塑膠皮、布、板、管材製造業；C805030 塑膠日用品製造業；C901020 玻璃及玻璃製品製造業；C805070 強化塑膠製品製造業；CA02060 金屬容器製造業；F106010 五金批發業；F107990 其他化學製品批發業；F111090 建材批發業；F113010 機械批發業；F113100 污染防治設備批發業,桃園市,變更,11508
22808921,台灣元宏酵素股份有限公司,桃園市桃園區建國里林森路103巷6號,魏漢宏,5030000,77/04/12,115/08/28,一般補正案,,桃園市,變更,11508
22822281,廣達電腦股份有限公司,桃園市龜山區文化里文化二路188號,林百里,41076274320,77/05/09,115/08/24,一般補正案,CC01101 電信管制射頻器材製造業；F401021 電信管制射頻器材輸入業；CF01011 醫療器材製造業；F108031 醫療器材批發業；CC01010 發電、輸電、配電機械製造業；CC01030 電器及視聽電子產品製造業；CC01060 有線通信機械器材製造業；CC01070 無線通信機械器材製造業；CC01080 電子零組件製造業；CE01010 一般儀器製造業,桃園市,變更,11508
22847255,大旗楠國際股份有限公司,桃園市桃園區大興西路三段790號,鄧魏秋菊,50000000,78/01/18,115/08/26,補選董事(常務董事.董事長)/監察人,F212011 加油站業；JA01990 其他汽車服務業；F114010 汽車批發業；F114030 汽、機車零件配備批發業；F214010 汽車零售業；F214030 汽、機車零件配備零售業；F401010 國際貿易業,桃園市,變更,11508
22949041,永源化工原料股份有限公司,桃園市大園區中山北路280巷15號,吳旻鴻,300000000,77/06/21,115/08/11,一般補正案,CA01130 銅材軋延、伸線、擠型業；J101070 放射性廢料處理服務業；C802120 工業助劑製造業；J101030 廢棄物清除業；J101040 廢棄物處理業；J101080 資源回收業；J101090 廢棄物清理業,桃園市,變更,11508
22969051,弘琦貿易股份有限公司,桃園市龜山區南美里南上路350巷23號,簡惠美,35000000,77/07/12,115/08/20,一般補正案,CB01010 機械設備製造業；E604010 機械安裝業；F113010 機械批發業；F213080 機械器具零售業；F401010 國際貿易業；ZZ99999 除許可業務外，得經營法令非禁止或限制之業務,桃園市,變更,11508
22973956,精通企業有限公司,桃園市平鎮區建安里平東路1段178巷38弄5號,張美蓉,13000000,77/07/20,115/08/21,股東出資轉讓修正章程,F106010 五金批發業；F106020 日常用品批發業；F106030 模具批發業；F106040 水器材料批發業；F107030 清潔用品批發業；F111090 建材批發業；F113010 機械批發業；F113020 電器批發業；F113110 電池批發業；F113030 精密儀器批發業,桃園市,變更,11508
22982982,久雅塗料實業有限公司,桃園市平鎮區金陵里金陵路二段96巷5號,葉明衡,3000000,77/08/03,115/08/14,一般補正案,,桃園市,變更,11508
22996515,赤陽工業有限公司,桃園市中壢區龍興路715號,詹增坤,5000000,77/08/23,115/08/07,公司所在地,F208031 醫療器材零售業；F108031 醫療器材批發業；CC01030 電器及視聽電子產品製造業；C805990 其他塑膠製品製造業；CA02010 金屬結構及建築組件製造業；CA02030 螺絲、螺帽、螺絲釘、及鉚釘等製品製造業；CA02990 其他金屬製品製造業；F401010 國際貿易業,桃園市,變更,11508
23032911,華辰企業股份有限公司,桃園市龜山區文工一路220號2樓,陳逸松,25000000,77/08/09,115/08/07,修正章程,CA02010 金屬結構及建築組件製造業；CA02030 螺絲、螺帽、螺絲釘、及鉚釘等製品製造業；CA02040 彈簧製造業；CA02090 金屬線製品製造業；CA02990 其他金屬製品製造業；CB01010 機械設備製造業；CC01010 發電、輸電、配電機械製造業；CD01030 汽車及其零件製造業；CE01040 鐘錶製造業；CQ01010 模具製造業,桃園市,變更,11508
23060351,台灣鐵三角股份有限公司,桃園市中壢區福達路二段322巷6號,松下和雄,20000000,77/08/26,115/08/19,改派董事/監察人,CC01030 電器及視聽電子產品製造業；CE01010 一般儀器製造業；E601010 電器承裝業；E601020 電器安裝業；F119010 電子材料批發業；F113070 電信器材批發業；F113020 電器批發業；F219010 電子材料零售業；F213060 電信器材零售業；F213010 電器零售業,桃園市,變更,11508
23071913,灣雅鋼鐵股份有限公司,桃園市龜山區福源街75號,吳春木,15000000,77/10/05,115/08/27,董事/監察人持股變動報備,CA01020 鋼鐵軋延及擠型業；CA01030 鋼鐵鑄造業；CA01050 鋼材二次加工業；CA02010 金屬結構及建築組件製造業；CA02080 金屬鍛造業；CA02990 其他金屬製品製造業；CD01020 軌道車輛及其零件製造業；E603080 交通號誌安裝工程業；E603100 電焊工程業；E604010 機械安裝業,桃園市,變更,11508
23074073,玖陽汽車租賃有限公司,桃園市桃園區中山路425巷3號7樓之2、之7、之9,高立新,15000000,77/10/01,115/08/28,股東出資轉讓修正章程,G101041 小客車租賃業；IZ12010 人力派遣業；JZ99050 仲介服務業；JE01010 租賃業；F114010 汽車批發業；F114020 機車批發業；F114050 車胎批發業；F114990 其他交通運輸工具及其零件批發業；F214010 汽車零售業；F214020 機車零售業,桃園市,變更,11508
23074377,宏基精密工業股份有限公司,桃園市楊梅區高上里青年路4號,黃振坤,20000000,77/10/11,115/08/14,改選董事/監察人(一人法人股東指派董事/監察人),CA02990 其他金屬製品製造業；CB01010 機械設備製造業；CB01990 其他機械製造業；CC01010 發電、輸電、配電機械製造業；CC01990 其他電機及電子機械器材製造業；CP01010 手工具製造業；CQ01010 模具製造業；CZ99990 未分類其他工業製品製造業；F106010 五金批發業；F106030 模具批發業,桃園市,變更,11508
23105385,云強實業股份有限公司,桃園市龜山區公西里文興路146號7樓之1,江木坤,36000000,77/12/05,115/08/12,改選董事/監察人(一人法人股東指派董事/監察人),H703090 不動產買賣業；H701020 工業廠房開發租售業；C804990 其他橡膠製品製造業；C805990 其他塑膠製品製造業；CA02010 金屬結構及建築組件製造業；CA02990 其他金屬製品製造業；CQ01010 模具製造業；CC01060 有線通信機械器材製造業；CC01080 電子零組件製造業；CC01120 資料儲存媒體製造及複製業,桃園市,變更,11508
23200064,盈亮健康科技股份有限公司,桃園市八德區瑞興里介壽路2段252巷71弄66號,林月圓,100000000,78/02/17,115/08/26,一般補正案,C805030 塑膠日用品製造業；C805050 工業用塑膠製品製造業；C805990 其他塑膠製品製造業；CC01030 電器及視聽電子產品製造業；CC01080 電子零組件製造業；CH01010 體育用品製造業；ZZ99999 除許可業務外，得經營法令非禁止或限制之業務；CF01011 醫療器材製造業；F102170 食品什貨批發業；F108031 醫療器材批發業,桃園市,變更,11508
23252631,元力汽車股份有限公司,桃園市平鎮區宋屋里延平路三段588號,許明榮,40000000,78/04/27,115/08/17,董事/監察人持股變動報備,F114010 汽車批發業；F114030 汽、機車零件配備批發業；F114050 車胎批發業；F214010 汽車零售業；F214030 汽、機車零件配備零售業；F214050 車胎零售業；JA01010 汽車修理業；JA01040 液化石油氣車改裝業；JA01990 其他汽車服務業；CD01030 汽車及其零件製造業,桃園市,變更,11508
23256221,上興股份有限公司,桃園市龜山區嶺頂里萬壽路二段412之1號9樓,郭正直,5000000,78/05/03,115/08/28,一般補正案,C805050 工業用塑膠製品製造業；C805030 塑膠日用品製造業；C805990 其他塑膠製品製造業；CC01080 電子零組件製造業；CD01030 汽車及其零件製造業；CH01030 文具製造業；CH01040 玩具製造業；CQ01010 模具製造業；C501030 合板製造業；C501040 組合木材製造業,桃園市,變更,11508
23282059,中國氣動工業股份有限公司,桃園市中壢區自強一路16號,朱秀鋒,20000000,78/03/14,115/08/14,改選董事/監察人(一人法人股東指派董事/監察人),F113020 電器批發業；F119010 電子材料批發業；F213010 電器零售業；F401010 國際貿易業；I199990 其他顧問服務業；IG03010 能源技術服務業；E601010 電器承裝業；E601020 電器安裝業；E603010 電纜安裝工程業；E603050 自動控制設備工程業,桃園市,變更,11508
23290121,芝普企業股份有限公司,桃園市八德區豐成街22號,林士堯,222370070,78/04/03,115/08/26,董事(常務董事.董事長)/監察人解任,C801010 基本化學工業；C801030 精密化學材料製造業；C801100 合成樹脂及塑膠製造業；C801110 肥料製造業；C801990 其他化學材料製造業；C802080 環境用藥製造業；C802120 工業助劑製造業；C802990 其他化學製品製造業；F107050 肥料批發業；F107080 環境用藥批發業,桃園市,變更,11508
23398066,淞竹塑膠股份有限公司,桃園市龜山區兔坑里茶專一街112巷11號,施秀玉,35000000,78/07/27,115/08/14,董事/監察人持股變動報備,,桃園市,變更,11508
23469857,富順通運股份有限公司,桃園市中壢區復華街41巷24號1樓,余詩皓,29000000,78/08/16,115/08/19,改選董事/監察人(一人法人股東指派董事/監察人),F114010 汽車批發業。；F214010 汽車零售業。；JA01020 汽車拖吊業。；J101030 廢棄物清除業。,桃園市,變更,11508
23487617,昇騰實業有限公司,桃園市桃園區愛二街96號(1樓),吳純菁,5000000,78/09/12,115/08/04,股東出資轉讓修正章程,F211010 建材零售業；F111050 玻璃建材批發業；F107990 其他化學製品批發業(玻璃纖維桶槽、污水槽、截油槽)；F113100 污染防治設備批發業；F213100 污染防治設備零售業,桃園市,變更,11508
23535435,欣興電子股份有限公司,桃園市龜山區山鶯路179號,簡山傑,16412915960,79/01/25,115/08/28,可轉換公司債換發新股,A101020 農作物栽培業；A101030 特用作物栽培業；A101040 食用菌菇類栽培業；A102050 作物栽培服務業；CC01080 電子零組件製造業；CB01010 機械設備製造業；CE01010 一般儀器製造業；CQ01010 模具製造業；CC01110 電腦及其週邊設備製造業；CC01990 其他電機及電子機械器材製造業,桃園市,變更,11508
23570376,第一宏展營造股份有限公司,桃園市中壢區中正路4段79號1樓,劉千傑,100000000,79/01/16,115/08/24,公司所營事業變更修正章程,E101011 綜合營造業；I103060 管理顧問業；ZZ99999 除許可業務外，得經營法令非禁止或限制之業務,桃園市,變更,11508
23599845,宗漢企業有限公司,桃園市蘆竹區長興路二段72巷1號6樓,沈子揚,22000000,78/12/09,115/08/05,股東出資轉讓修正章程,E599010 配管工程業；E603100 電焊工程業；E603110 冷作工程業；E604010 機械安裝業；F109070 文教、樂器、育樂用品批發業；F113010 機械批發業；F113050 電腦及事務性機器設備批發業；F113990 其他機械器具批發業；F114030 汽、機車零件配備批發業；F119010 電子材料批發業,桃園市,變更,11508
23641338,信昌電子陶瓷股份有限公司,桃園市楊梅區高獅路566-1號,焦佑衡,1609280000,79/05/21,115/08/24,減資,C801030 精密化學材料製造業；C801990 其他化學材料製造業；CC01080 電子零組件製造業；CC01990 其他電機及電子機械器材製造業；F119010 電子材料批發業；F219010 電子材料零售業；ZZ99999 除許可業務外，得經營法令非禁止或限制之業務,桃園市,變更,11508
23648487,照敏企業股份有限公司,桃園市龜山區南美街108號,黃瑞興,180000000,79/05/29,115/08/21,改選董事/監察人(一人法人股東指派董事/監察人),CC01080 電子零組件製造業；F118010 資訊軟體批發業；F119010 電子材料批發業；I301010 資訊軟體服務業；F401010 國際貿易業；F113010 機械批發業；F113020 電器批發業；F113050 事務性機器設備批發業；IZ10010 排版業；ZZ99999 除許可業務外，得經營法令非禁止或限制之業務,桃園市,變更,11508
23672211,榮康科技股份有限公司,桃園市楊梅區水美里楊湖路一段194巷3號,蔡榮炫,19000000,79/03/05,115/08/27,改選董事/監察人(一人法人股東指派董事/監察人),CC01080 電子零組件製造業；CC01990 其他電機及電子機械器材製造業；CD01030 汽車及其零件製造業；CD01040 機車及其零件製造業；F113010 機械批發業；F113030 精密儀器批發業；F114030 汽、機車零件配備批發業；F119010 電子材料批發業；F199990 其他批發業；F401010 國際貿易業,桃園市,變更,11508
23674581,銀城紙業股份有限公司,桃園市平鎮區復旦里復旦路2段136號2樓之1,林茂盛,82000000,79/03/07,115/08/04,改選董事/監察人(一人法人股東指派董事/監察人),,桃園市,變更,11508
23703707,宏誠資訊有限公司,桃園市八德區大勇里忠勇六街1號2樓,王美蘭,2500000,79/04/20,115/08/06,修正章程,F113050 電腦及事務性機器設備批發業；F118010 資訊軟體批發業；I301010 資訊軟體服務業；I301020 資料處理服務業；I301030 電子資訊供應服務業；IZ13010 網路認證服務業；J399010 軟體出版業；JA02990 其他修理業；ZZ99999 除許可業務外，得經營法令非禁止或限制之業務,桃園市,變更,11508
23708772,精鍊企業股份有限公司,桃園市桃園區中原里泰昌二街57巷5號(1樓),林志鴻,1000000,79/04/27,115/08/07,改選董事/監察人(一人法人股東指派董事/監察人),CA02990 其他金屬製品製造業；CA04010 表面處理業；CC01080 電子零組件製造業；CC01110 電腦及其週邊設備製造業；CC01990 其他電機及電子機械器材製造業；F113030 精密儀器批發業；F113050 電腦及事務性機器設備批發業；F119010 電子材料批發業；F213030 電腦及事務性機器設備零售業；F213040 精密儀器零售業,桃園市,變更,11508
23814112,統琳實業有限公司,桃園市蘆竹區新莊里大新路610巷52之1號(1樓),蘇佐榮,60000000,79/07/24,115/08/13,申登機關變更（遷入，含卷）,CA02990 其他金屬製品製造業；CB01010 機械設備製造業；CD01030 汽車及其零件製造業；CD01990 其他運輸工具及其零件製造業；F106010 五金批發業；F107190 塑膠膜、袋批發業；F109070 文教、樂器、育樂用品批發業；F113010 機械批發業；F199010 回收物料批發業；F199990 其他批發業,桃園市,變更,11508
23844376,和信製網工業股份有限公司,桃園市中壢區內定里內定八街23號,陳浩彬,30000000,79/08/31,115/08/06,董事/監察人持股變動報備,CA01050 鋼材二次加工業；CA02990 其他金屬製品製造業；CB01010 機械設備製造業；CQ01010 模具製造業；F102170 食品什貨批發業；F104110 布疋、衣著、鞋、帽、傘、服飾品批發業；F105050 家具、寢具、廚房器具、裝設品批發業；F106020 日常用品批發業；F106030 模具批發業；F107030 清潔用品批發業,桃園市,變更,11508
23883150,敏成健康科技股份有限公司,桃園市桃園區武陵里民生路107號19樓,楊弘仁,365355140,79/08/06,115/08/28,改派董事/監察人,F102170 食品什貨批發業；F104110 布疋、衣著、鞋、帽、傘、服飾品批發業；F106020 日常用品批發業；F107030 清潔用品批發業；F108011 中藥批發業；F108021 西藥批發業；F108031 醫療器材批發業；F108040 化粧品批發業；F109070 文教、樂器、育樂用品批發業；F203010 食品什貨、飲料零售業,桃園市,變更,11508
23944868,金傳貿易股份有限公司,桃園市平鎮區南平路2段503號,尤文忠,29000000,79/11/30,115/08/21,改選董事/監察人(一人法人股東指派董事/監察人),,桃園市,變更,11508
23994521,恒固股份有限公司,桃園市中壢區環北路398號14樓之5,楊居淳,28800000,80/01/03,115/08/17,一般補正案,IZ99990 其他工商服務業（接受委託辦理郵件分揀業務）；IZ12010 人力派遣業；I103010 企業經營管理顧問業；F109020 文具批發業；F209010 書籍文具零售業,桃園市,變更,11508
24230191,生財興業有限公司,桃園市大園區內海里中華路257巷16號,陳瑋杰,5000000,97/09/05,115/08/04,股東出資轉讓修正章程,C805990 其他塑膠製品製造業；F199010 回收物料批發業；J101080 廢棄物資源回收業；ZZ99999 除許可業務外，得經營法令非禁止或限制之業務；J101090 廢棄物清理業；J101030 廢棄物清除業；J101040 廢棄物處理業；J101050 環境檢測服務業；F211010 建材零售業；F111090 建材批發業,桃園市,變更,11508
24269499,尼爾泰科技有限公司,桃園市中壢區龍川四街23號4樓,羅戎成,1000000,97/11/24,115/08/07,修正章程,F107080 環境用藥批發業；F113030 精密儀器批發業；F113100 污染防治設備批發業；F119010 電子材料批發業；F401010 國際貿易業；E604010 機械安裝業；EZ05010 儀器、儀表安裝工程業；I103060 管理顧問業；J101010 建築物清潔服務業；J101020 病媒防治業,桃園市,變更,11508
24277738,承雋科技有限公司,桃園市中壢區中華路一段805巷30弄1號(1樓),汪正龍,800000,97/12/10,115/08/04,公司所營事業變更修正章程,F113010 機械批發業；F113100 污染防治設備批發業；F113990 其他機械器具批發業；F120010 耐火材料批發業；F213080 機械器具零售業；F213100 污染防治設備零售業；F213990 其他機械器具零售業；F220010 耐火材料零售業；F401010 國際貿易業；E604010 機械安裝業,桃園市,變更,11508
24282556,金順精密有限公司,桃園市中壢區中園路28之8號,梁鴻銘,5950000,97/12/19,115/08/25,一般補正案,CB01010 機械設備製造業；CB01990 其他機械製造業；CD01040 機車及其零件製造業；CD01050 自行車及其零件製造業；CD01990 其他運輸工具及其零件製造業；E604010 機械安裝業；E901010 油漆工程業；F114020 機車批發業；F114030 汽、機車零件配備批發業；F114040 自行車及其零件批發業,桃園市,變更,11508
24283555,勝崴閥業有限公司,桃園市蘆竹區長興里厚生路88號2樓之3,林德源,5000000,97/12/23,115/08/18,公司所在地,F106010 五金批發業；F113010 機械批發業；F113030 精密儀器批發業；F213080 機械器具零售業；F401010 國際貿易業；CA02050 閥類製造業；CE01010 一般儀器製造業；E603050 自動控制設備工程業；E604010 機械安裝業；E605010 電腦設備安裝業,桃園市,變更,11508
24286482,福翊事業股份有限公司,桃園市龜山區龜山里萬壽二段746號,吳永錦,28500000,97/12/29,115/08/26,增資(資本總額),ZZ99999 除許可業務外，得經營法令非禁止或限制之業務,桃園市,變更,11508
24286602,勁便利實業有限公司,桃園市八德區高城里高城六街51號11樓,余沿蓁,1000000,97/12/29,115/08/26,公司所營事業變更修正章程,ZZ99999 除許可業務外，得經營法令非禁止或限制之業務；I401020 廣告傳單分送業；I401010 一般廣告服務業；C701010 印刷業；C702010 製版業；C703010 印刷品裝訂及加工業；CA02010 金屬結構及建築組件製造業；E603090 照明設備安裝工程業；E801010 室內裝潢業,桃園市,變更,11508
24355620,鴻富環保科技有限公司,桃園市蘆竹區上興里上興路145號,林宏駿,6000000,98/02/17,115/08/12,公司所營事業變更修正章程,F106010 五金批發業；F106030 模具批發業；F113010 機械批發業；F113030 精密儀器批發業；F113100 污染防治設備批發業；F113990 其他機械器具批發業；F206010 五金零售業；F206030 模具零售業；F213080 機械器具零售業；F213100 污染防治設備零售業,桃園市,變更,11508
24372901,廉騰科技股份有限公司,桃園市龜山區萬壽路二段438號,陳進教,46000000,98/03/19,115/08/04,改派董事/監察人,F106010 五金批發業；F106030 模具批發業；F113010 機械批發業；F113030 精密儀器批發業；F113050 電腦及事務性機器設備批發業；F113990 其他機械器具批發業；F118010 資訊軟體批發業；F119010 電子材料批發業；F206010 五金零售業；F206030 模具零售業,桃園市,變更,11508
24397229,甲東電子股份有限公司,桃園市桃園區龍山里龍壽街300之4號,吳政財,80000000,98/04/29,115/08/06,增資(資本總額),F113050 電腦及事務性機器設備批發業；F113070 電信器材批發業；F119010 電子材料批發業；F401010 國際貿易業；CC01080 電子零組件製造業；F102050 茶葉批發業；F102170 食品什貨批發業；F113010 機械批發業；F113020 電器批發業；F113030 精密儀器批發業,桃園市,變更,11508
24398682,昊暘科技有限公司,桃園市楊梅區楊明里金山街275巷20號15樓,鄒本緯,10000000,98/04/30,115/08/18,公司所在地,CB01010 機械設備製造業；CB01030 污染防治設備製造業；CC01080 電子零組件製造業；CB01990 其他機械製造業；E599010 配管工程業；E502010 燃料導管安裝工程業；EZ15010 保溫、保冷安裝工程業；E603050 自動控制設備工程業；EZ05010 儀器、儀表安裝工程業；E604010 機械安裝業,桃園市,變更,11508
24406450,鴻朧生活館有限公司,桃園市龜山區新興里自強南路85號1樓,蔡旺岐,10000000,98/05/15,115/08/06,股東出資轉讓修正章程,F102030 菸酒批發業；F102040 飲料批發業；F102170 食品什貨批發業；F106010 五金批發業；F106020 日常用品批發業；F106050 陶瓷玻璃器皿批發業；F107190 塑膠膜、袋批發業；F108031 醫療器材批發業；F109070 文教、樂器、育樂用品批發業；F201010 農產品零售業,桃園市,變更,11508
24418049,優順工程有限公司,桃園市龍潭區中原路一段56巷19弄12號,林華堅,5000000,98/06/05,115/08/10,股東出資轉讓修正章程,E601010 電器承裝業；E601020 電器安裝業；E603010 電纜安裝工程業；E603040 消防安全設備安裝工程業；E603050 自動控制設備工程業；E603090 照明設備安裝工程業；E603130 燃氣熱水器承裝業；E604010 機械安裝業；E605010 電腦設備安裝業；EZ15010 保溫、保冷安裝工程業,桃園市,變更,11508
24490251,綠捷股份有限公司,桃園市楊梅區青年路3號,曾鑫城,143300000,98/12/24,115/08/07,發行新股,CD01030 汽車及其零件製造業；CD01040 機車及其零件製造業；CD01050 自行車及其零件製造業；F113070 電信器材批發業；F113110 電池批發業；F114010 汽車批發業；F114020 機車批發業；F114030 汽、機車零件配備批發業；F114040 自行車及其零件批發業；F114050 車胎批發業,桃園市,變更,11508
24562775,興豐盛有限公司,桃園市桃園區中正路1092號25樓,吳泓陞,2000000,103/06/27,115/08/12,申登機關變更（遷入，含卷）,I301020 資料處理服務業；I301010 資訊軟體服務業；I301030 電子資訊供應服務業；I401010 一般廣告服務業；I401020 廣告傳單分送業；I501010 產品設計業；J601010 藝文服務業；J602010 演藝活動業；J603010 音樂展演空間業；JB01010 會議及展覽服務業,桃園市,變更,11508
24563107,聯京建設開發股份有限公司,桃園市桃園區中正路1092號21樓,范秉豐,460000000,103/06/30,115/08/19,改選董事/監察人(一人法人股東指派董事/監察人),H701010 住宅及大樓開發租售業；H701020 工業廠房開發租售業；H701050 投資興建公共建設業；H701060 新市鎮、新社區開發業；H701070 區段徵收及市地重劃代辦業；H701090 都市更新整建維護業；H703090 不動產買賣業；H703100 不動產租賃業；ZZ99999 除許可業務外，得經營法令非禁止或限制之業務,桃園市,變更,11508
24610663,宏盛管理顧問股份有限公司,桃園市中壢區環北路425巷42弄7號(1樓),李偉誠,3000000,103/06/12,115/08/05,公司所營事業變更修正章程,IZ06010 理貨包裝業；IZ12010 人力派遣業；G799990 其他運輸輔助業；F401010 國際貿易業；ZZ99999 除許可業務外，得經營法令非禁止或限制之業務,桃園市,變更,11508
24610903,華億環保有限公司,桃園市平鎮區復旦路66巷76號1樓,鄧曉雲,10000000,103/06/13,115/08/28,增資,J101030 廢棄物清除業；J101040 廢棄物處理業；J101090 廢棄物清理業；J101010 建築物清潔服務業；J101020 病媒防治業；J101050 環境檢測服務業；J101060 廢（污）水處理業；J101080 資源回收業；J101990 其他環境衛生及污染防治服務業；J101070 放射性廢料處理服務業,桃園市,變更,11508
24611831,永琚建設有限公司,桃園市中壢區中正路82號6樓,黃雲良,23500000,103/06/17,115/08/10,修正章程,E801010 室內裝潢業；F111090 建材批發業；F401010 國際貿易業；H701010 住宅及大樓開發租售業；H701020 工業廠房開發租售業；H701050 投資興建公共建設業；H701060 新市鎮、新社區開發業；H701090 都市更新整建維護業；H703090 不動產買賣業；H703100 不動產租賃業,桃園市,變更,11508
24612466,美仁工程有限公司,桃園市中壢區榮安一街393巷7號7樓,鍾依儒,8000000,103/06/19,115/08/27,一般補正案,E101011 綜合營造業；E599010 配管工程業；E603090 照明設備安裝工程業；E604010 機械安裝業；F107010 漆料、塗料批發業；F111090 建材批發業；H702010 建築經理業；F401010 國際貿易業；I503010 景觀、室內設計業；I599990 其他設計業,桃園市,變更,11508
24624771,東騏生技有限公司,桃園市桃園區中山里中平路102號10樓之2,陳厚甫,1000000,103/08/01,115/08/11,公司所在地,C802090 清潔用品製造業；F107030 清潔用品批發業；F399040 無店面零售業；F401010 國際貿易業；IG01010 生物技術服務業；ZZ99999 除許可業務外，得經營法令非禁止或限制之業務,桃園市,變更,11508
24628262,辰翃有限公司,桃園市桃園區自強里莊敬路一段181巷47弄6號（1樓）,江辰翃,5000000,103/08/14,115/08/19,公司所在地,C102010 乳品製造業；C103050 罐頭、冷凍、脫水及醃漬食品製造業；C104020 烘焙炊蒸食品製造業；C109010 調味品製造業；C110010 飲料製造業；C199040 豆類加工食品製造業；C199990 未分類其他食品製造業；E102011 土木包工業；E502010 燃料導管安裝工程業；E599010 配管工程業,桃園市,變更,11508
24629446,昱炘電子科技股份有限公司,桃園市楊梅區楊梅里光復北街18號10樓,葉國新,6180000,103/08/19,115/08/03,改選董事/監察人(一人法人股東指派董事/監察人),CC01080 電子零組件製造業；F119010 電子材料批發業；F219010 電子材料零售業；CB01010 機械設備製造業；F113010 機械批發業；F213080 機械器具零售業；F401010 國際貿易業；ZZ99999 除許可業務外，得經營法令非禁止或限制之業務,桃園市,變更,11508
24629945,弘均企業股份有限公司,桃園市桃園區同安街580號、580號2樓,簡國恒,16000000,103/08/20,115/08/14,改選董事/監察人(一人法人股東指派董事/監察人),F105050 家具、寢具、廚房器具、裝設品批發業；F111090 建材批發業；F113020 電器批發業；F205040 家具、寢具、廚房器具、裝設品零售業；F211010 建材零售業；F213010 電器零售業；F401010 國際貿易業；ZZ99999 除許可業務外，得經營法令非禁止或限制之業務,桃園市,變更,11508
24642341,爾康生醫有限公司,桃園市桃園區寶慶里2鄰中埔二街131號5樓之1,劉玫君,500000,103/10/06,115/08/13,公司名稱變更修正章程,F102170 食品什貨批發業；F106020 日常用品批發業；F108031 醫療器材批發業；F203010 食品什貨、飲料零售業；F206020 日常用品零售業；F208031 醫療器材零售業；F208040 化粧品零售業；ZZ99999 除許可業務外，得經營法令非禁止或限制之業務；F207030 清潔用品零售業,桃園市,變更,11508
24642709,鼎昇營造有限公司,桃園市楊梅區梅溪里三民北路167號1樓,陳嘉玲,12000000,103/10/07,115/08/05,股東出資轉讓修正章程,E101011 綜合營造業；E401010 疏濬業；E402010 沙石、淤泥海拋業；E599010 配管工程業；E601010 電器承裝業；E601020 電器安裝業；E603040 消防安全設備安裝工程業；E603080 交通號誌安裝工程業；E603090 照明設備安裝工程業；E604010 機械安裝業,桃園市,變更,11508
24643361,中壢職業男女服飾有限公司,桃園市中壢區環西路62號,尹藝,2500000,103/10/08,115/08/17,一般補正案,F104110 布疋、衣著、鞋、帽、傘、服飾品批發業；F105050 家具、寢具、廚房器具、裝設品批發業；F106020 日常用品批發業；F110010 鐘錶批發業；F110020 眼鏡批發業；F115010 首飾及貴金屬批發業；F204110 布疋、衣著、鞋、帽、傘、服飾品零售業；F205040 家具、寢具、廚房器具、裝設品零售業；F206020 日常用品零售業；F210010 鐘錶零售業,桃園市,變更,11508
24646135,錡揚實業有限公司,桃園市楊梅區楊明里金山街275巷20號15樓,鄒本緯,2000000,103/10/20,115/08/18,公司所在地,F107030 清潔用品批發業；F107190 塑膠膜、袋批發業；F111090 建材批發業；F113070 電信器材批發業；F114030 汽、機車零件配備批發業；F119010 電子材料批發業；F120010 耐火材料批發業；E599010 配管工程業；E801070 廚具、衛浴設備安裝工程業；EZ03010 鎔爐安裝業,桃園市,變更,11508
24646923,銘邑投資股份有限公司,桃園市蘆竹區錦順街48之4號,謝孟佳,17000000,103/10/21,115/08/03,一般補正案,H201010 一般投資業；H703100 不動產租賃業,桃園市,變更,11508
24651501,安潔莉商業有限公司,桃園市蘆竹區五福一路50巷19號(2樓),陳雅倫,100000,103/11/06,115/08/05,公司所在地,F105050 家具、寢具、廚房器具、裝設品批發業；F104110 布疋、衣著、鞋、帽、傘、服飾品批發業；F106010 五金批發業；F106020 日常用品批發業；F106050 陶瓷玻璃器皿批發業；F107010 漆料、塗料批發業；F107020 染料、顏料批發業；F107030 清潔用品批發業；F109070 文教、樂器、育樂用品批發業；F111090 建材批發業,桃園市,變更,11508
24651805,永康包裝實業有限公司,桃園市平鎮區湧豐里南豐路190巷53號1樓,胡家毅,300000,103/11/07,115/08/07,公司印鑑變更,F106010 五金批發業；F106020 日常用品批發業；F107030 清潔用品批發業；F107190 塑膠膜、袋批發業；F109070 文教、樂器、育樂用品批發業；F113990 其他機械器具批發業；F119010 電子材料批發業；F199990 其他批發業；F401010 國際貿易業；ZZ99999 除許可業務外，得經營法令非禁止或限制之業務,桃園市,變更,11508
24655990,曜衡能源股份有限公司,桃園市大溪區員林路一段15巷91號,衡鼎投資控股有限公司,200000000,103/11/21,115/08/21,一般補正案,CB01010 機械設備製造業；CC01040 照明設備製造業；F106010 五金批發業；F206010 五金零售業；F401010 國際貿易業；ZZ99999 除許可業務外，得經營法令非禁止或限制之業務；H201010 一般投資業；I199990 其他顧問服務業；I301010 資訊軟體服務業；I301020 資料處理服務業,桃園市,變更,11508
24696520,樸暘室內裝修有限公司,桃園市中壢區青航里高鐵站前西路一段268號16樓之1,毛鐿崴,3600000,103/09/22,115/08/06,股東出資轉讓修正章程,E801010 室內裝潢業；E801070 廚具、衛浴設備安裝工程業；H703090 不動產買賣業；I105010 藝術品諮詢顧問業；I503010 景觀、室內設計業；I599990 其他設計業；E801060 室內裝修業,桃園市,變更,11508
24700019,宏益美宅股份有限公司,桃園市桃園區東門里中山東路55號13樓之16,林建欽,33000000,103/10/13,115/08/27,公司所營事業變更修正章程,E599010 配管工程業；E601010 電器承裝業；E601020 電器安裝業；E603090 照明設備安裝工程業；E603110 冷作工程業；E603130 燃氣熱水器承裝業；E604010 機械安裝業；E605010 電腦設備安裝業；E801010 室內裝潢業；E801020 門窗安裝工程業,桃園市,變更,11508
24703037,音熱國際貿易有限公司,桃園市中壢區永福里萬能路34號(1樓),程漢強,600000,103/10/22,115/08/31,股東出資轉讓修正章程,F106010 五金批發業；F206010 五金零售業；F106020 日常用品批發業；F109070 文教、樂器、育樂用品批發業；F209060 文教、樂器、育樂用品零售業；F113020 電器批發業；F213010 電器零售業；F114030 汽、機車零件配備批發業；F214030 汽、機車零件配備零售業；F118010 資訊軟體批發業,桃園市,變更,11508
24710023,雲遊汽車租賃有限公司,桃園市觀音區福祥街35號(2樓),劉又甄,5000000,103/11/24,115/08/25,股東出資轉讓修正章程,G101041 小客車租賃業；JA01990 其他汽車服務業；F214030 汽、機車零件配備零售業；F214050 車胎零售業；ZZ99999 除許可業務外，得經營法令非禁止或限制之業務,桃園市,變更,11508
24718600,上德億工程有限公司,桃園市大溪區仁善里埔頂一路357巷928弄18號,官哲良,1000000,104/01/07,115/08/13,申登機關變更（遷入，含卷）,E903010 防蝕、防銹工程業；E801010 室內裝潢業；EZ02010 起重工程業；EZ11010 球場跑道樹脂材料鋪設工程業；EZ14010 運動場地用設備工程業；E701040 簡易電信設備安裝業；EZ99990 其他工程業；E901010 油漆工程業；F401010 國際貿易業；F211010 建材零售業,桃園市,變更,11508
24837296,格斯科技股份有限公司,桃園市中壢區東園路79號,沈國榮,801282375,104/02/11,115/08/03,補繳規費,F113010 機械批發業；F113990 其他機械器具批發業；F119010 電子材料批發業；F113020 電器批發業；F213010 電器零售業；F213080 機械器具零售業；F213990 其他機械器具零售業；F219010 電子材料零售業；C801990 其他化學材料製造業；I103060 管理顧問業,桃園市,變更,11508
24852394,永宸綠能有限公司,桃園市中壢區新街里元化路224號12樓,李思漢,20000000,103/12/12,115/08/19,公司所在地,D101060 再生能源自用發電設備業；E601010 電器承裝業；E604010 機械安裝業；EZ05010 儀器、儀表安裝工程業；F119010 電子材料批發業；F213040 精密儀器零售業；F213990 其他機械器具零售業；F219010 電子材料零售業；F401010 國際貿易業；ZZ99999 除許可業務外，得經營法令非禁止或限制之業務,桃園市,變更,11508
24854267,威創興業股份有限公司,桃園市龍潭區九龍里中興路九龍段50巷51之1號,江明煌,389000000,103/12/18,115/08/19,改選董事/監察人(一人法人股東指派董事/監察人),H201010 一般投資業；F401010 國際貿易業；F114030 汽、機車零件配備批發業；F214030 汽、機車零件配備零售業；I102010 投資顧問業；I103060 管理顧問業；ZZ99999 除許可業務外，得經營法令非禁止或限制之業務,桃園市,變更,11508
24854914,富川國際投資有限公司,桃園市龍潭區中央街169巷11弄72號,曾富棠,16900000,103/12/19,115/08/25,增資,H201010 一般投資業；ZZ99999 除許可業務外，得經營法令非禁止或限制之業務,桃園市,變更,11508
24866799,川嘉工程有限公司,桃園市八德區廣隆里國豐五街30號6樓,黃智賢,1000000,104/01/30,115/08/28,股東出資轉讓修正章程,E601010 電器承裝業；E601020 電器安裝業；E603040 消防安全設備安裝工程業；E603090 照明設備安裝工程業；E801010 室內裝潢業；E801070 廚具、衛浴設備安裝工程業；EZ02010 起重工程業；EZ99990 其他工程業；F106040 水器材料批發業；F113020 電器批發業,桃園市,變更,11508
24867002,台悅塑化科技股份有限公司,桃園市桃園區桃一街38號(1樓),林曉薇,9072000,104/01/30,115/08/17,董事/監察人持股變動報備,C805020 塑膠膜、袋製造業；C805030 塑膠日用品製造業；C805050 工業用塑膠製品製造業；C805990 其他塑膠製品製造業；F106020 日常用品批發業；F199010 回收物料批發業；F206020 日常用品零售業；F207010 漆料、塗料零售業；F207020 染料、顏料零售業；F207030 清潔用品零售業,桃園市,變更,11508
24872244,天淵實業股份有限公司,桃園市楊梅區富豐南路8號,許傳壽,289200000,104/02/16,115/08/10,一般補正案,C801990 其他化學材料製造業；CC01080 電子零組件製造業；CC01990 其他電機及電子機械器材製造業；CE01010 一般儀器製造業；CE01030 光學儀器製造業；CE01990 其他光學及精密器械製造業；F107200 化學原料批發業；F118010 資訊軟體批發業；F199990 其他批發業；F218010 資訊軟體零售業,桃園市,變更,11508
24873525,金緹國際企業有限公司,桃園市蘆竹區大竹里大新二街80號(一樓),黃忠智,3300000,104/03/02,115/08/04,申登機關變更（遷入，含卷）,F102040 飲料批發業；F102170 食品什貨批發業；F105050 家具、寢具、廚房器具、裝設品批發業；F106010 五金批發業；F106020 日常用品批發業；F106040 水器材料批發業；F106050 陶瓷玻璃器皿批發業；F107030 清潔用品批發業；F113020 電器批發業；F113060 度量衡器批發業,桃園市,變更,11508
24874067,鉑辰投資股份有限公司,桃園市大溪區一心里和二路79巷25號,謝昌歷,23201800,104/03/04,115/08/14,董事/監察人持股變動報備,H201010 一般投資業,桃園市,變更,11508
24876375,勝詰實業有限公司,桃園市桃園區同安里藝文一街86之3號12樓,吳宗諺,5000000,104/03/12,115/08/18,增資,C601010 紙漿製造業；C601020 紙製造業；C601030 紙容器製造業；C601040 加工紙製造業；C601990 其他紙製品製造業；F105050 家具、寢具、廚房器具、裝設品批發業；F106020 日常用品批發業；F205040 家具、寢具、廚房器具、裝設品零售業；F206020 日常用品零售業；F401010 國際貿易業,桃園市,變更,11508
24879470,佳世福有限公司,桃園市觀音區白玉里玉林路一段522號,許李維,55000000,104/03/23,115/08/19,公司所營事業變更修正章程,F501990 其他餐飲業；F501060 餐館業；C114010 食品添加物製造業；C199030 即食餐食製造業；C199990 未分類其他食品製造業；JZ99090 喜慶綜合服務業；F102040 飲料批發業；F102170 食品什貨批發業；F106020 日常用品批發業；F121010 食品添加物批發業,桃園市,變更,11508
24887181,綻薇國際開發有限公司,桃園市桃園區中山東路55號7樓,洪亘宸,5000000,104/04/14,115/08/19,一般補正案,C306010 成衣業；C701010 印刷業；C702010 製版業；CC01030 電器及視聽電子產品製造業；CC01040 照明設備製造業；CC01060 有線通信機械器材製造業；CC01070 無線通信機械器材製造業；CC01080 電子零組件製造業；CC01110 電腦及其週邊設備製造業；CC01120 資料儲存媒體製造及複製業,桃園市,變更,11508
24960210,迪寶小客車租賃有限公司,桃園市大園區青昇二街72號,張郭亭婷,5000000,104/04/27,115/08/04,公司所在地,G101041 小客車租賃業；J901020 一般旅館業；ZZ99999 除許可業務外，得經營法令非禁止或限制之業務；IZ12010 人力派遣業；F208040 化粧品零售業,桃園市,變更,11508
25023557,久盟歐化廚具有限公司,桃園市龜山區文化東路68號3樓,李榮珍,1500000,98/08/31,115/08/28,公司所在地,F106010 五金批發業；F105050 家具、寢具、廚房器具、裝設品批發業；F106020 日常用品批發業；F205040 家具、寢具、廚房器具、裝設品零售業；E801070 廚具、衛浴設備安裝工程業；E801010 室內裝潢業；E601020 電器安裝業；E901010 油漆工程業；F111090 建材批發業；F213010 電器零售業,桃園市,變更,11508
25046094,育宸企業有限公司,桃園市八德區福元里豐田七街20巷12號（1樓）,陳其煌,1000000,98/10/08,115/08/03,公司所在地,F113050 電腦及事務性機器設備批發業；F113070 電信器材批發業；F118010 資訊軟體批發業；F119010 電子材料批發業；F213030 電腦及事務性機器設備零售業；F213060 電信器材零售業；F218010 資訊軟體零售業；F219010 電子材料零售業；E601020 電器安裝業；E603040 消防安全設備安裝工程業,桃園市,變更,11508
25048213,十方曾興業有限公司,桃園市中壢區洽溪里永能路69號2樓,曾韋綸,11600000,98/10/12,115/08/21,增資,C601030 紙容器製造業；F102170 食品什貨批發業；F106010 五金批發業；F106020 日常用品批發業；F107190 塑膠膜、袋批發業；F199990 其他批發業；F203010 食品什貨、飲料零售業；F206010 五金零售業；F206020 日常用品零售業；F207190 塑膠膜、袋零售業,桃園市,變更,11508
25055543,鉑登實業有限公司,桃園市桃園區春日里大業路二段28號(1樓),曾素貞,38000000,98/10/22,115/08/05,修正章程,F205040 家具、寢具、廚房器具、裝設品零售業；F204110 布疋、衣著、鞋、帽、傘、服飾品零售業；E801010 室內裝潢業；F401010 國際貿易業；I503010 景觀、室內設計業；E801020 門窗安裝工程業；E801030 室內輕鋼架工程業；E801040 玻璃安裝工程業；E801070 廚具、衛浴設備安裝工程業；E901010 油漆工程業,桃園市,變更,11508
25083180,鑫詮科技股份有限公司,桃園市龍潭區烏林里工二路312巷16號,陳慧萍,211500000,98/12/07,115/08/20,發行新股,CB01010 機械設備製造業；CC01010 發電、輸電、配電機械製造業；CE01010 一般儀器製造業；CE01990 其他光學及精密器械製造業；F106010 五金批發業；F106030 模具批發業；F113010 機械批發業；F113020 電器批發業；F113030 精密儀器批發業；F119010 電子材料批發業,桃園市,變更,11508
25089240,禾佳餐飲股份有限公司,桃園市八德區介壽路二段136號,徐志國,95880000,98/12/16,115/08/28,增資(資本總額),F501060 餐館業；F501030 飲料店業；F101990 其他農、畜、水產品批發業；F102040 飲料批發業；F102050 茶葉批發業；F102170 食品什貨批發業；F104110 布疋、衣著、鞋、帽、傘、服飾品批發業；F106020 日常用品批發業；F106050 陶瓷玻璃器皿批發業；F107190 塑膠膜、袋批發業,桃園市,變更,11508
25105620,華羽工程室內裝修股份有限公司,桃園市桃園區明德里中正路1223號16樓,祝美瑜,20000000,99/02/23,115/08/14,一般補正案,E603090 照明設備安裝工程業；E801010 室內裝潢業；E801060 室內裝修業；F101990 其他農、畜、水產品批發業；F102040 飲料批發業；F102170 食品什貨批發業；F104110 布疋、衣著、鞋、帽、傘、服飾品批發業；F105050 家具、寢具、廚房器具、裝設品批發業；F106010 五金批發業；F106020 日常用品批發業,桃園市,變更,11508
25150954,百合苑設計有限公司,桃園市桃園區永安路189號14樓之1,許彥紘,2000000,99/01/04,115/08/26,股東出資轉讓修正章程,I301010 資訊軟體服務業；I301020 資料處理服務業；I301030 電子資訊供應服務業；I401010 一般廣告服務業；I501010 產品設計業；I502010 服飾設計業；I503010 景觀、室內設計業；I599990 其他設計業；J601010 藝文服務業；JZ99030 攝影業,桃園市,變更,11508
25151882,三杰校正科技股份有限公司,桃園市龍潭區高平里龍源路30巷12號1樓,蕭俊源,1000000,99/01/05,115/08/05,董事/監察人持股變動報備,F113010 機械批發業；F113030 精密儀器批發業；IF04010 非破壞檢測業；IG02010 研究發展服務業；IZ07010 公證業；F401010 國際貿易業；ZZ99999 除許可業務外，得經營法令非禁止或限制之業務,桃園市,變更,11508
25161256,禾林開發建設股份有限公司,桃園市桃園區新埔六街77號3樓之1,吳瑞麒,25000000,99/01/25,115/08/17,改派董事/監察人,H701010 住宅及大樓開發租售業；ZZ99999 除許可業務外，得經營法令非禁止或限制之業務,桃園市,變更,11508
25168075,久旺機械股份有限公司,桃園市大園區圳頭里西濱路二段108巷97號,連金成,20000000,99/02/06,115/08/20,改選董事/監察人(一人法人股東指派董事/監察人),CA02010 金屬結構及建築組件製造業；CA02030 螺絲、螺帽、螺絲釘、及鉚釘等製品製造業；CA02990 其他金屬製品製造業；CB01010 機械設備製造業；CZ99990 未分類其他工業製品製造業；E599010 配管工程業；E603110 冷作工程業；EZ05010 儀器、儀表安裝工程業；F106010 五金批發業；F113010 機械批發業,桃園市,變更,11508
25180922,光春照明股份有限公司,桃園市八德區大安里長安街140之17號,熊德昌,10000000,99/03/17,115/08/04,公司所在地,CC01040 照明設備製造業；F106010 五金批發業；F113020 電器批發業；F119010 電子材料批發業；F206010 五金零售業；F213010 電器零售業；F219010 電子材料零售業；F401010 國際貿易業；E603090 照明設備安裝工程業；I599990 其他設計業,桃園市,變更,11508
25186448,昆洋企業有限公司,桃園市桃園區復興路51之2號10樓之3,黃國維,1300000,99/03/26,115/08/05,公司所在地,F106060 寵物食品及其用品批發業；F103010 飼料批發業；F107070 動物用藥品批發業；F202010 飼料零售業；F206050 寵物食品及其用品零售業；F207070 動物用藥零售業；F401010 國際貿易業；F601010 智慧財產權業；ZZ99999 除許可業務外，得經營法令非禁止或限制之業務,桃園市,變更,11508
25187642,桃園航空城股份有限公司,桃園市桃園區光興里縣府路1號,,7866016410,99/03/29,115/08/10,董事(常務董事.董事長)/監察人解任,I102010 投資顧問業；H701060 新市鎮、新社區開發業；H701070 區段徵收及市地重劃代辦業；JB01010 會議及展覽服務業；A102020 農產品加工業；A102080 園藝服務業；A301040 娛樂漁業；G202010 停車場經營業；G801010 倉儲業；H701010 住宅及大樓開發租售業,桃園市,變更,11508
25193412,新群科技股份有限公司,桃園市中壢區吉林路25之1號(1樓),李宏益,52500000,99/04/09,115/08/04,增資(資本總額),CB01010 機械設備製造業；CB01990 其他機械製造業；CC01080 電子零組件製造業；CC01990 其他電機及電子機械器材製造業；CQ01010 模具製造業；F219010 電子材料零售業；ZZ99999 除許可業務外，得經營法令非禁止或限制之業務,桃園市,變更,11508
27260302,尚裕企業有限公司,桃園市八德區大竹里興豐路1820巷73號,陳文雄,6050000,93/04/08,115/08/11,公司所在地,CB01010 機械設備製造業；CB01990 其他機械製造業(機械零件)；CQ01010 模具製造業；F113010 機械批發業；F114030 汽、機車零件配備批發業；F106030 模具批發業；F213080 機械器具零售業；F214030 汽、機車零件配備零售業；F206030 模具零售業；ZZ99999 除許可業務外，得經營法令非禁止或限制之業務,桃園市,變更,11508
27278210,文生真空科技股份有限公司,桃園市楊梅區員本里民隆路30號1樓,董燕山,80000000,94/11/28,115/08/06,公司所營事業變更修正章程,CA03010 熱處理業；CB01010 機械設備製造業；F106010 五金批發業；F113010 機械批發業；F401010 國際貿易業；ZZ99999 除許可業務外，得經營法令非禁止或限制之業務；CC01080 電子零組件製造業,桃園市,變更,11508
27285063,全球淨水國際有限公司,桃園市桃園區大樹里興隆路8號,黃美翠,20000000,93/05/06,115/08/19,改推董事/董事長,CB01990 其他機械製造業；E599010 配管工程業；E601020 電器安裝業；E603050 自動控制設備工程業；E604010 機械安裝業；E605010 電腦設備安裝業；F106040 水器材料批發業；F113010 機械批發業；F113020 電器批發業；F113990 其他機械器具批發業,桃園市,變更,11508
27294226,聯麥房屋廣告有限公司,桃園市龜山區大同里明德路259號,葉東豪,1000000,93/05/18,115/08/06,公司所在地,I102010 投資顧問業；I401010 一般廣告服務業；I401020 廣告傳單分送業；I501010 產品設計業；I503010 景觀、室內設計業；E801010 室內裝潢業；H704031 不動產仲介經紀業；H704041 不動產代銷經紀業；H701010 住宅及大樓開發租售業；H703100 不動產租賃業,桃園市,變更,11508
27297146,應材高分子股份有限公司,桃園市八德區華康街272號,沈俊亨,153793210,93/05/21,115/08/13,發行新股,C801060 合成橡膠製造業；C805010 塑膠皮、布、板、管材製造業；C805020 塑膠膜、袋製造業；C805030 塑膠日用品製造業；C805050 工業用塑膠製品製造業；C805070 強化塑膠製品製造業；C805990 其他塑膠製品製造業；C901990 其他非金屬礦物製品製造業；F113010 機械批發業；F113030 精密儀器批發業,桃園市,變更,11508
27308501,長岡機電股份有限公司,桃園市龜山區樂善里文德二路18號,彭森榮,25000000,93/06/07,115/08/10,董事/監察人地址變更,CB01010 機械設備製造業；F401010 國際貿易業；E801020 門窗安裝工程業；CA01020 鋼鐵軋延及擠型業；CA01100 鋁材軋延、伸線、擠型業；CA02010 金屬結構及建築組件製造業；C901060 耐火材料製造業；F120010 耐火材料批發業；F217010 消防安全設備零售業；E603020 電梯安裝工程業,桃園市,變更,11508
27310627,巍嘉國際股份有限公司,桃園市龜山區萬壽路一段609號8樓,龔詩哲,60000000,93/04/20,115/08/10,改選董事/監察人(一人法人股東指派董事/監察人),F106010 五金批發業；F401010 國際貿易業；F109070 文教、樂器、育樂用品批發業；F104110 布疋、衣著、鞋、帽、傘、服飾品批發業；F119010 電子材料批發業；F113050 電腦及事務性機器設備批發業；F209060 文教、樂器、育樂用品零售業；F206010 五金零售業；F204110 布疋、衣著、鞋、帽、傘、服飾品零售業；F219010 電子材料零售業,桃園市,變更,11508
27332220,日翔軟板科技股份有限公司,桃園市桃園區大林里興邦路34號1、2樓,呂永美,122816000,93/06/18,115/08/11,一般補正案,CC01080 電子組件製造業；F119010 電子材料批發業；F219010 電子材料零售業；F401010 國際貿易業；ZZ99999 除許可業務外，得經營法令非禁止或限制之業務,桃園市,變更,11508
27370899,萬錡鋼鐵有限公司,桃園市桃園區中成里吉安街23號(一樓),陳明坤,10000000,93/06/09,115/08/25,公司所在地,ZZ99999 除許可業務外，得經營法令非禁止或限制之業務,桃園市,變更,11508
27374895,向達建設有限公司,桃園市楊梅區文化街264號,温玉湧,15000000,93/06/15,115/08/21,公司所營事業變更修正章程,H701010 住宅及大樓開發租售業；H703090 不動產買賣業；H703100 不動產租賃業；E603010 電纜安裝工程業；E603040 消防安全設備安裝工程業；E603020 電梯安裝工程業；E603090 照明設備安裝工程業；E605010 電腦設備安裝業；E701010 電信工程業；E701030 電信管制射頻器材裝設工程業,桃園市,變更,11508
27384606,峰宇實業股份有限公司,桃園市桃園區中泰里宏昌八街107號12樓,林典佑,29000000,93/06/28,115/08/26,改選董事/監察人(一人法人股東指派董事/監察人),H201010 一般投資業；ZZ99999 除許可業務外，得經營法令非禁止或限制之業務,桃園市,變更,11508
27418057,塔塔家食品有限公司,桃園市新屋區埔工一路65號,王柏峰,28000000,93/08/06,115/08/06,公司所在地,C306010 成衣業；CJ01010 製帽業；CK01010 製鞋業；F113020 電器批發業；F113060 度量衡器批發業；F119010 電子材料批發業；F401010 國際貿易業；ZZ99999 除許可業務外，得經營法令非禁止或限制之業務；C104020 烘焙炊蒸食品製造業；F102030 菸酒批發業,桃園市,變更,11508
27447855,台灣千旺股份有限公司,桃園市龜山區大湖一路106巷146號,陳坤松,20000000,93/09/20,115/08/18,改選董事/監察人(一人法人股東指派董事/監察人),ZZ99999 除許可業務外，得經營法令非禁止或限制之業務,桃園市,變更,11508
27449208,金滿億建設有限公司,桃園市八德區大湳里東勇街80號(3樓),楊雅淇,29000000,93/09/21,115/08/14,公司所在地,F111090 建材批發業；F211010 建材零售業；F401010 國際貿易業；H701010 住宅及大樓開發租售業；H701020 工業廠房開發租售業；H701050 投資興建公共建設業；H701060 新市鎮、新社區開發業；H701070 區段徵收及市地重劃代辦業；H703090 不動產買賣業；H703100 不動產租賃業,桃園市,變更,11508
27459676,蓬慶國際有限公司,桃園市龍潭區富林里民生路52號,傅麗花,1000000,93/10/05,115/08/19,公司所在地,F102170 食品什貨批發業；F106020 日常用品批發業；F107030 清潔用品批發業；F108040 化粧品批發業；F104110 布疋、衣著、鞋、帽、傘、服飾品批發業；F105050 家具、寢具、廚房器具、裝設品批發業；F111090 建材批發業；F120010 耐火材料批發業；F204110 布疋、衣著、鞋、帽、傘、服飾品零售業；F205040 家具、寢具、廚房器具、裝設品零售業,桃園市,變更,11508
27471572,億大立有限公司,桃園市中壢區自強里富村街30巷7號6樓,邱美珍,6000000,93/10/19,115/08/11,改推董事/董事長,F105050 家具、寢具、廚房器具、裝設品批發業；F106010 五金批發業；F106040 水器材料批發業；F111090 建材批發業；F113020 電器批發業；F205040 家具、寢具、廚房器具、裝設品零售業；F206010 五金零售業；F206040 水器材料零售業；F211010 建材零售業；F213010 電器零售業,桃園市,變更,11508
27493626,保順工程有限公司,桃園市龜山區萬壽路2段578號,吳文章,2000000,93/11/18,115/08/19,股東出資轉讓修正章程,ZZ99999 除許可業務外，得經營法令非禁止或限制之業務；F106010 五金批發業；F111090 建材批發業；F206010 五金零售業；F211010 建材零售業；F401010 國際貿易業；I503010 景觀、室內設計業；E801010 室內裝潢業；E603050 自動控制設備工程業；E901010 油漆工程業,桃園市,變更,11508
27503602,嘉信保全股份有限公司,桃園市桃園區三民路三段188號3樓之2,胡玉蓉,40000000,93/12/01,115/08/26,董事/監察人持股變動報備,I901011 保全業,桃園市,變更,11508
27585462,華晶精密工業股份有限公司,桃園市八德區永豐里華康街207巷22弄17號,蔣孝經,20000000,93/12/28,115/08/13,公司所在地,CB01010 機械設備製造業；CB01990 其他機械製造業；E604010 機械安裝業；F113010 機械批發業；F213080 機械器具零售業；F401010 國際貿易業；ZZ99999 除許可業務外，得經營法令非禁止或限制之業務,桃園市,變更,11508
27585625,兆聯實業股份有限公司,桃園市桃園區桃鶯路439之3號,林國清,996942860,93/12/29,115/08/20,發行新股,E599010 配管工程業；E604010 機械安裝業；E603050 自動控制設備工程業；EZ05010 儀器、儀表安裝工程業；E502010 燃料導管安裝工程業；F113010 機械批發業；F113030 精密儀器批發業；F106010 五金批發業；F401010 國際貿易業；E103101 環境保護工程專業營造業,桃園市,變更,11508
27588643,新協賢企業有限公司,桃園市桃園區汴洲里春日路1823巷3弄7號(1樓、2樓),楊竣傑,5000000,93/12/31,115/08/11,一般補正案,C805050 工業用塑膠製品製造業；F106010 五金批發業；F113010 機械批發業；F119010 電子材料批發業；F401010 國際貿易業；ZZ99999 除許可業務外，得經營法令非禁止或限制之業務；CA02090 金屬線製品製造業；CA02990 其他金屬製品製造業；CA01020 鋼鐵軋延及擠型業；CA01050 鋼材二次加工業,桃園市,變更,11508
27590021,和錡科技有限公司,桃園市桃園區朝陽街359號25樓,李在坤,28000000,94/01/04,115/08/20,公司所在地,F113010 機械批發業；F113020 電器批發業；F113050 電腦及事務性機器設備批發業；F113070 電信器材批發業；F119010 電子材料批發業；CB01010 機械設備製造業；CC01030 電器及視聽電子產品製造業；CC01080 電子零組件製造業；F213010 電器零售業；F213030 電腦及事務性機器設備零售業,桃園市,變更,11508
27591561,永源金屬科技股份有限公司,桃園市大園區中山北路268巷12號,吳旻鴻,70000000,94/01/06,115/08/12,一般補正案,CA01030 鋼鐵鑄造業；CA01070 廢車船解體及廢鋼鐵五金處理業；CA01110 鍊銅業；CA01120 銅鑄造業；CA01130 銅材軋延、伸線、擠型業；F115010 首飾及貴金屬批發業；F199010 回收物料批發業；F199990 其他批發業；F401010 國際貿易業；J101030 廢棄物清除業,桃園市,變更,11508
27601300,芫墱科技有限公司,桃園市中壢區青埔四街77號12樓,朱耕肊,29500000,94/01/19,115/08/24,股東出資轉讓修正章程,CA02990 其他金屬製品製造業；CD01030 汽車及其零件製造業；CQ01010 模具製造業；CP01010 手工具製造業；F106010 五金批發業；F106020 日常用品批發業；F106040 水器材料批發業；F113010 機械批發業；F401010 國際貿易業；ZZ99999 除許可業務外，得經營法令非禁止或限制之業務,桃園市,變更,11508
27617555,雲山酒廠股份有限公司,桃園市新屋區社子路92巷92弄30號4樓,許詠翔,7000000,94/02/14,115/08/24,一般補正案,C113011 製酒業；C113020 酒類半成品製造業；F102030 菸酒批發業；F401161 菸類輸入業；F401171 酒類輸入業；ZZ99999 除許可業務外，得經營法令非禁止或限制之業務,桃園市,變更,11508
27648728,浩雲企業有限公司,桃園市桃園區中埔一街88巷60號3樓,鄭玄洋,2000000,94/03/24,115/08/26,一般補正案,F107170 工業助劑批發業；F119010 電子材料批發業；F104110 布疋、衣著、鞋、帽、傘、服飾品批發業；F199990 其他批發業；F401010 國際貿易業；F207170 工業助劑零售業；F219010 電子材料零售業；F204110 布疋、衣著、鞋、帽、傘、服飾品零售業；F299990 其他零售業；ZZ99999 除許可業務外，得經營法令非禁止或限制之業務,桃園市,變更,11508
27663234,能翔自動科技股份有限公司,桃園市八德區瑞興里建國路442巷32號,翁增鈞,5000000,94/04/08,115/08/18,一般補正案,F113010 機械批發業；F113020 電器批發業；F113030 精密儀器批發業；F113050 電腦及事務性機器設備批發業；F113070 電信器材批發業；F113100 污染防治設備批發業；F113990 其他機械器具批發業；F119010 電子材料批發業；F113110 電池批發業；G903010 電信事業,桃園市,變更,11508
27723818,亞璿資訊有限公司,桃園市中壢區高鐵站前西路一段268號6樓之2,沈鳳馨,5000000,94/05/06,115/08/06,股東出資轉讓修正章程,F118010 資訊軟體批發業；F218010 資訊軟體零售業；I301010 資訊軟體服務業；I301020 資料處理服務業；I301030 電子資訊供應服務業；J399010 軟體出版業；F115010 首飾及貴金屬批發業；F215010 首飾及貴金屬零售業；F105050 家具、寢具、廚房器具、裝設品批發業；F205040 家具、寢具、廚房器具、裝設品零售業,桃園市,變更,11508
27729572,元茂聯合開發股份有限公司,桃園市中壢區自信里環中東路228號11樓,劉向慶,106600000,94/05/23,115/08/28,董事/監察人持股變動報備,ZZ99999 除許可業務外，得經營法令非禁止或限制之業務；H701010 住宅及大樓開發租售業；H701020 工業廠房開發租售業；H701040 特定專業區開發業；H701060 新市鎮、新社區開發業；HZ02010 金融機構金錢債權收買業務；HZ02020 辦理金融機構金錢債權之評價或拍賣業務；H703100 不動產租賃業；H703090 不動產買賣業；I103060 管理顧問業,桃園市,變更,11508
27778550,安立司食品股份有限公司,桃園市中壢區西園路77巷32弄35號(1、3、4、5、6樓),華大維,29000000,94/05/03,115/08/12,改選董事/監察人(一人法人股東指派董事/監察人),C103050 罐頭、冷凍、脫水及醃漬食品製造業；C104010 糖果製造業；C108010 糖類製造業；C110010 飲料製造業；C199010 麵條、粉條類食品製造業；C199990 未分類其他食品製造業；F102040 飲料批發業；F102050 茶葉批發業；F102170 食品什貨批發業；F104110 布疋、衣著、鞋、帽、傘、服飾品批發業,桃園市,變更,11508
27780161,精漬有限公司,桃園市中壢區復興里長春路261巷11號10樓,張筱涓,10000000,94/05/04,115/08/07,公司所營事業變更修正章程,J101080 資源回收業；J101030 廢棄物清除業；J101040 廢棄物處理業；J101050 環境檢測服務業；J101010 建築物清潔服務業；J101990 其他環境衛生及污染防治服務業；F401010 國際貿易業；F199010 回收物料批發業；CB01010 機械設備製造業；CC01990 其他電機及電子機械器材製造業,桃園市,變更,11508
27835497,亞裕實業股份有限公司,桃園市蘆竹區文中路一段133號3樓,林廷懋,6000000,94/07/05,115/08/05,一般補正案,F105050 家具、寢具、廚房器具、裝設品批發業；F205040 家具、寢具、廚房器具、裝設品零售業；F106010 五金批發業；F206010 五金零售業；F109070 文教、樂器、育樂用品批發業；F209060 文教、樂器、育樂用品零售業；F199990 其他批發業；F299990 其他零售業；F401010 國際貿易業；CC01040 照明設備製造業,桃園市,變更,11508
27835715,鴻全衡器科技有限公司,桃園市楊梅區瑞坪路271巷60弄98號,吳怡君,3000000,94/07/05,115/08/12,股東出資轉讓修正章程,F113060 度量衡器批發業；F213050 度量衡器零售業；F401010 國際貿易業；ZZ99999 除許可業務外，得經營法令非禁止或限制之業務,桃園市,變更,11508
27851019,鑫立工業有限公司,桃園市桃園區同德一街11號12樓,劉安源,4000000,94/07/25,115/08/18,公司所在地,F106010 五金批發業；F106030 模具批發業；F106040 水器材料批發業；F113010 機械批發業；F401010 國際貿易業；CB01010 機械設備製造業；CC01010 發電、輸電、配電機械製造業；CC01020 電線及電纜製造業；CC01030 電器及視聽電子產品製造業；CC01040 照明設備製造業,桃園市,變更,11508
27874580,誼鴻建設股份有限公司,桃園市大園區田心里新興路269巷7號(1樓),陳玉梅,201000000,94/08/22,115/08/28,增資(資本總額),E801010 室內裝潢業；H701010 住宅及大樓開發租售業,桃園市,變更,11508
27875075,百勁源實業有限公司,桃園市八德區瑞祥里介壽路2段1233巷125號2樓,陳志明,10000000,94/08/22,115/08/19,公司所營事業變更修正章程,I503010 景觀設計業；E801010 室內裝潢業；I105010 藝術品諮詢顧問業；F101100 花卉批發業；F201070 花卉零售業；F106010 五金批發業；F206010 五金零售業；F211010 建材零售業；ZZ99999 除許可業務外，得經營法令非禁止或限制之業務；F102030 菸酒批發業,桃園市,變更,11508
27879121,中華精測科技股份有限公司,桃園市平鎮區湧豐里工業三路15號,洪維國,329291380,94/08/26,115/08/17,可轉換公司債換發新股,CC01080 電子零組件製造業；CC01110 電腦及其週邊設備製造業；CC01120 資料儲存媒體製造及複製業；CC01990 其他電機及電子機械器材製造業；F119010 電子材料批發業；F219010 電子材料零售業；CB01010 機械設備製造業；CB01990 其他機械製造業；ZZ99999 除許可業務外，得經營法令非禁止或限制之業務,桃園市,變更,11508
27887635,捷晟材料科技股份有限公司,桃園市中壢區自強一路11之1號,鄧加惠,143850000,94/09/07,115/08/11,一般補正案,ZZ99999 除許可業務外，得經營法令非禁止或限制之業務,桃園市,變更,11508
27899870,薪豐企業管理顧問有限公司,桃園市中壢區石頭里中正路82號11樓,殷于茹,1000000,94/09/23,115/08/14,公司所在地,I103060 管理顧問業；I301020 資料處理服務業；F401010 國際貿易業；JZ99050 仲介服務業；IZ12010 人力派遣業；F109070 文教、樂器、育樂用品批發業；I199990 其他顧問服務業；H703100 不動產租賃業；F104110 布疋、衣著、鞋、帽、傘、服飾品批發業；F399040 無店面零售業,桃園市,變更,11508
27901334,萬亨達有限公司,桃園市桃園區東門里成功路二段105號9樓,陳學翔,5000000,94/09/26,115/08/04,公司所營事業變更修正章程,E801010 室內裝潢業；E801020 門窗安裝工程業；E801070 廚具、衛浴設備安裝工程業；F111090 建材批發業；F211010 建材零售業；F401010 國際貿易業；ZZ99999 除許可業務外，得經營法令非禁止或限制之業務；CA02010 金屬結構及建築組件製造業；EZ99990 其他工程業；F105050 家具、寢具、廚房器具、裝設品批發業,桃園市,變更,11508
27965786,家樂除蟲有限公司,桃園市平鎮區大勇街2巷6弄3號5樓,余文翔,1000000,94/11/01,115/08/06,公司所營事業變更修正章程,ZZ99999 除許可業務外，得經營法令非禁止或限制之業務；J101020 病媒防治業,桃園市,變更,11508
27992171,佑鋼工業股份有限公司,桃園市大園區後厝里後厝路216之6號,林庭光,6800000,95/01/20,115/08/21,公司所營事業變更修正章程,F105050 家具、寢具、廚房器具、裝設品批發業；F106010 五金批發業；F107050 肥料批發業；F111090 建材批發業；F113010 機械批發業；F211010 建材零售業；F219010 電子材料零售業；F401010 國際貿易業；E603040 消防安全設備安裝工程業；E801010 室內裝潢業,桃園市,變更,11508
28012386,育全精機股份有限公司,桃園市龜山區海萍路7號,林建良,30870000,94/10/20,115/08/05,增資(資本總額),ZZ99999 除許可業務外，得經營法令非禁止或限制之業務,桃園市,變更,11508
28017636,陸昇建設股份有限公司,桃園市桃園區同德里中正路1071號20樓之1,何文山,120000000,94/10/27,115/08/28,改選董事/監察人(一人法人股東指派董事/監察人),H701010 住宅及大樓開發租售業；F111090 建材批發業；F401010 國際貿易業；E801010 室內裝潢業；ZZ99999 除許可業務外，得經營法令非禁止或限制之業務,桃園市,變更,11508
28057812,寶富物流貨運有限公司,桃園市龍潭區龍源路60號,蔡碧倫,25000000,94/12/19,115/08/17,一般補正案,G101061 汽車貨運業；G801010 倉儲業；IZ99990 其他工商服務業；EZ02010 起重工程業；IZ06010 理貨包裝業；J101030 廢棄物清除業；ZZ99999 除許可業務外，得經營法令非禁止或限制之業務,桃園市,變更,11508
28061956,全蓬實業股份有限公司,桃園市大溪區仁美里4鄰新光東路61巷11號,魏志樺,102520000,94/12/23,115/08/21,一般補正案,F207190 塑膠膜、袋零售業；F107190 塑膠膜、袋批發業；F109070 文教、樂器、育樂用品批發業；F209060 文教、樂器、育樂用品零售業；C601030 紙容器製造業；C601040 加工紙製造業；C601990 其他紙製品製造業；C805020 塑膠膜、袋製造業；F401010 國際貿易業；C701010 印刷業,桃園市,變更,11508
28076965,威曜建築事業有限公司,桃園市桃園區新埔六街77號10樓之2,黃素嬌,500000,95/01/13,115/08/24,申登機關變更（遷入，含卷）,E801010 室內裝潢業；F401010 國際貿易業；H702010 建築經理業；I102010 一般投資顧問業；I103060 管理顧問業；I101080 工、礦顧問業；I301010 資訊軟體服務業；I301020 資料處理服務業；I301030 電子資訊供應服務業；I503010 景觀設計業,桃園市,變更,11508
28088287,諾瓦材料科技股份有限公司,桃園市觀音區忠愛路二段198之238號,楊聯智,203000000,95/02/03,115/08/05,一般補正案,C801030 精密化學材料製造業；C802990 其他化學製品製造業；CB01010 機械設備製造業；CB01030 污染防治設備製造業；CB01990 其他機械製造業；E601010 電器承裝業；E903010 防蝕、防銹工程業；F107990 其他化學製品批發業；F108031 醫療器材批發業；F113100 污染防治設備批發業,桃園市,變更,11508
28113764,神雲科技股份有限公司,桃園市龜山區文化二路202號,何繼武,5834874030,103/07/25,115/08/18,發行新股,CC01030 電器及視聽電子產品製造業；CC01060 有線通信機械器材製造業；CC01070 無線通信機械器材製造業；CC01080 電子零組件製造業；CC01100 電信管制射頻器材製造業；CC01110 電腦及其週邊設備製造業；F401010 國際貿易業；I501010 產品設計業；E605010 電腦設備安裝業一、研究．設計、開發、製造及銷售下列產品,桃園市,變更,11508
28120792,勝祥泉生物科技有限公司,桃園市龜山區樂善里文山街37巷15號2樓,邱湙雅,1000000,95/03/14,115/08/14,股東出資轉讓修正章程,ZZ99999 除許可業務外，得經營法令非禁止或限制之業務,桃園市,變更,11508
28140994,赫宸國際事業有限公司,桃園市蘆竹區內厝里長興路1段72號1樓,吳順益,1250000,95/04/06,115/08/27,增資,F104110 布疋、衣著、鞋、帽、傘、服飾品批發業；F115010 首飾及貴金屬批發業；F204110 布疋、衣著、鞋、帽、傘、服飾品零售業；F215010 首飾及貴金屬零售業；F401010 國際貿易業；F108040 化粧品批發業；F208040 化粧品零售業；F102040 飲料批發業；F102170 食品什貨批發業；F105050 家具、寢具、廚房器具、裝設品批發業,桃園市,變更,11508
28152864,禾鈦工程有限公司,桃園市中壢區內定里合圳北路二段95巷56弄38號,,2000000,95/04/18,115/08/04,解散,E599010 配管工程業；E601010 電器承裝業；E801020 門窗安裝工程業；E801030 室內輕鋼架工程業；E901010 油漆工程業；E903010 防蝕、防銹工程業；EZ99990 其他工程業；F106040 水器材料批發業；F111090 建材批發業；F401010 國際貿易業,桃園市,變更,11508
28187786,台灣掌翼科技有限公司,桃園市中壢區新興路162號,黃永昌,5000000,95/05/25,115/08/05,一般補正案,CC01010 發電、輸電、配電機械製造業；CC01030 電器及視聽電子產品製造業；CC01060 有線通信機械器材製造業；CC01070 無線通信機械器材製造業；CC01080 電子零組件製造業；CC01110 電腦及其週邊設備製造業；CC01120 資料儲存媒體製造及複製業；CE01010 一般儀器製造業；E605010 電腦設備安裝業；E701010 通信工程業,桃園市,變更,11508
28310907,鴻德生活館有限公司,桃園市中壢區中美路二段157號及中豐路225號,蔡旺岐,5000000,95/05/10,115/08/03,股東出資轉讓修正章程,A102060 糧商業；F102030 菸酒批發業；F102170 食品什貨批發業；F106010 五金批發業；F106020 日常用品批發業；F106050 陶瓷玻璃器皿批發業；F107190 塑膠膜、袋批發業；F108031 醫療器材批發業；F201010 農產品零售業；F201020 畜產品零售業,桃園市,變更,11508
28317839,喬凡尼服裝設計有限公司,桃園市中壢區興元路519巷178號(1樓),陳阿素,2000000,95/05/19,115/08/18,公司所在地門牌整編,ZZ99999 除許可業務外，得經營法令非禁止或限制之業務,桃園市,變更,11508
28323781,震宇靜電科技有限公司,桃園市八德區瑞德里介壽路2段1410巷15號,,500000,95/05/26,115/08/27,解散,F113100 污染防治設備批發業；F401010 國際貿易業；ZZ99999 除許可業務外，得經營法令非禁止或限制之業務,桃園市,變更,11508
28328456,群閎科技股份有限公司,桃園市桃園區經國路9號10樓之2,邱春華,15000000,95/06/05,115/08/21,改選董事/監察人(一人法人股東指派董事/監察人),IZ99990 其他工商服務業；F119010 電子材料批發業；F219010 電子材料零售業；F113050 電腦及事務性機器設備批發業；F213030 電腦及事務性機器設備零售業；I301010 資訊軟體服務業；I301020 資料處理服務業；I301030 電子資訊供應服務業；F106010 五金批發業；F111090 建材批發業,桃園市,變更,11508
28331516,金達富有限公司,桃園市蘆竹區內厝里長興路三段229巷13號,王機材,12000000,95/06/08,115/08/21,一般補正案,F119010 電子材料批發業；F199010 回收物料批發業；F113050 電腦及事務性機器設備批發業；F106010 五金批發業；F106030 模具批發業；CA02990 其他金屬製品製造業；CA04010 表面處理業；CP01010 手工具製造業；CQ01010 模具製造業；CZ99990 未分類其他工業製品製造業,桃園市,變更,11508
28368750,捷勁自動化股份有限公司,桃園市大溪區仁美里新光東路39號,陳樂煌,40000000,95/07/27,115/08/10,改選董事/監察人(一人法人股東指派董事/監察人),F113010 機械批發業；F113030 精密儀器批發業；F113050 電腦及事務性機器設備批發業；F213030 電腦及事務性機器設備零售業；F213040 精密儀器零售業；F213080 機械器具零售業；F401010 國際貿易業；I501010 產品設計業；I599990 其他設計業(機械自動化)；CB01010 機械設備製造業,桃園市,變更,11508
28369499,眾安企業管理有限公司,桃園市桃園區東埔里信光路123號6樓,曾文山,500000,95/07/28,115/08/28,股東出資轉讓修正章程,I103060 管理顧問業；IZ12010 人力派遣業；IZ02010 打字業；IZ01010 影印業；I102010 投資顧問業；F401010 國際貿易業；ZZ99999 除許可業務外，得經營法令非禁止或限制之業務,桃園市,變更,11508
28386624,鴻益國際實業有限公司,桃園市桃園區樹林八街19巷2弄1號(1樓),周鐘良,36000000,95/08/23,115/08/20,一般補正案,CC01080 電子零組件製造業；E605010 電腦設備安裝業；F113050 電腦及事務性機器設備批發業；F119010 電子材料批發業；F213030 電腦及事務性機器設備零售業；F219010 電子材料零售業；F401010 國際貿易業；I501010 產品設計業；ZZ99999 除許可業務外，得經營法令非禁止或限制之業務,桃園市,變更,11508
28398656,益奇生科技股份有限公司,桃園市蘆竹區南崁路二段142巷51號,楊文傑,228500000,95/09/11,115/08/27,董事/監察人地址變更,CC01080 電子零組件製造業；F119010 電子材料批發業；F219010 電子材料零售業；F401010 國際貿易業；ZZ99999 除許可業務外，得經營法令非禁止或限制之業務,桃園市,變更,11508
28456000,興城科技股份有限公司,桃園市中壢區文化里吉林路27之1號7樓,戴又新,190765210,95/12/13,115/08/21,一般補正案,F113010 機械批發業；F213080 機械器具零售業；F119010 電子材料批發業；F219010 電子材料零售業；F118010 資訊軟體批發業；F218010 資訊軟體零售業；F401010 國際貿易業；I103060 管理顧問業；I301010 資訊軟體服務業；I301020 資料處理服務業,桃園市,變更,11508
28468863,瞻航海空通運有限公司,桃園市中壢區民族路三段86巷15號,林慧芳,17500000,96/01/30,115/08/06,董事/股東地址變更,G601011 航空貨運承攬業；F401010 國際貿易業；G402011 海運承攬運送業；ZZ99999 除許可業務外，得經營法令非禁止或限制之業務,桃園市,變更,11508
28493292,萊億無塵潔淨工程有限公司,桃園市楊梅區上田里和平路195號2樓,李泳明,5000000,95/10/03,115/08/06,一般補正案,J101010 建築物清潔服務業；J101020 病媒防治業；J101080 資源回收業；J101030 廢棄物清除業；J101990 其他環境衛生及污染防治服務業；F207030 清潔用品零售業；A102080 園藝服務業；A102050 作物栽培服務業；IZ12010 人力派遣業；ZZ99999 除許可業務外，得經營法令非禁止或限制之業務,桃園市,變更,11508
28493899,新紋股份有限公司,桃園市中壢區芝芭里聖德路一段420號1樓,呂昇皇,60000000,95/10/04,115/08/17,公司所營事業變更修正章程,E103101 環境保護工程專業營造業；E604010 機械安裝業；EZ05010 儀器、儀表安裝工程業；F102030 菸酒批發業；F106010 五金批發業；F106030 模具批發業；F106040 水器材料批發業；F107010 漆料、塗料批發業；F107020 染料、顏料批發業；F107080 環境用藥批發業,桃園市,變更,11508
28504235,台塑能源科技股份有限公司,桃園市觀音區樹林里經建四路4號,廖秋惠,86000000,95/10/23,115/08/28,公司所營事業變更修正章程,D401010 熱能供應業；E599010 配管工程業；E603050 自動控制設備工程業；F199990 其他批發業；F401010 國際貿易業；IG03010 能源技術服務業；J101030 廢棄物清除業；J101040 廢棄物處理業；EZ99990 其他工程業；F199010 回收物料批發業,桃園市,變更,11508
28505543,鴻億生活館有限公司,桃園市桃園區會稽里大有路620號,蔡旺岐,5000000,95/10/24,115/08/03,股東出資轉讓修正章程,A102060 糧商業；F102030 菸酒批發業；F102170 食品什貨批發業；F106010 五金批發業；F106020 日常用品批發業；F106050 陶瓷玻璃器皿批發業；F107190 塑膠膜、袋批發業；F108031 醫療器材批發業；F201010 農產品零售業；F201020 畜產品零售業,桃園市,變更,11508
28509512,慧德投資有限公司,桃園市平鎮區高民路168號2樓,廖敏君,3000000,95/10/30,115/08/24,改推董事/董事長,H201010 一般投資業,桃園市,變更,11508
28510031,邦達國際開發股份有限公司,桃園市桃園區經國一路86號6樓,王彰德,12000000,95/10/31,115/08/28,公司所在地,F401010 國際貿易業；I103060 管理顧問業；I701011 就業服務業；IZ12010 人力派遣業；IZ99990 其他工商服務業；ZZ99999 除許可業務外，得經營法令非禁止或限制之業務,桃園市,變更,11508
28516324,精茂有限公司,桃園市桃園區龍岡里國強一街220之1號7樓,于海泙,500000,95/11/08,115/08/10,股東出資轉讓修正章程,CA02010 金屬結構及建築組件製造業；CA02990 其他金屬製品製造業；F111090 建材批發業；F211010 建材零售業；F401010 國際貿易業；E801020 門窗安裝工程業；ZZ99999 除許可業務外，得經營法令非禁止或限制之業務,桃園市,變更,11508
28516725,龍磐科技股份有限公司,桃園市蘆竹區長興里南崁路二段228巷273弄13號,陳思妤,8000000,95/11/09,115/08/04,董事(常務董事.董事長)/監察人解任,CB01010 機械設備製造業；CC01080 電子零組件製造業；CE01990 其他光學及精密器械製造業；F106010 五金批發業；F113010 機械批發業；F113030 精密儀器批發業；F119010 電子材料批發業；F401010 國際貿易業；IZ06010 理貨包裝業；ZZ99999 除許可業務外，得經營法令非禁止或限制之業務,桃園市,變更,11508
28522661,上溢機電有限公司,桃園市龜山區文化二路46號2樓之2,曾聖芸,19500000,95/11/20,115/08/17,一般補正案,E502010 燃料導管安裝工程業；E599010 配管工程業；E601010 電器承裝業；E601020 電器安裝業；E602011 冷凍空調工程業；E603010 電纜安裝工程業；E603020 電梯安裝工程業；E603040 消防安全設備安裝工程業；E603050 自動控制設備工程業；E603080 交通號誌安裝工程業,桃園市,變更,11508
28536790,金如億建設有限公司,桃園市八德區大湳里東勇街80號(2樓),張添庸,29000000,95/12/08,115/08/20,一般補正案,H701010 住宅及大樓開發租售業；F401010 國際貿易業；F111090 建材批發業；H701020 工業廠房開發租售業；H701050 投資興建公共建設業；H701060 新市鎮、新社區開發業；H701070 區段徵收及市地重劃代辦業；H703090 不動產買賣業；H703100 不動產租賃業,桃園市,變更,11508
28553306,白金科技股份有限公司,桃園市龜山區科技二路37號,王蕙貞,623902500,96/01/03,115/08/14,發行新股,C801010 基本化學工業；C801020 石油化工原料製造業；C801030 精密化學材料製造業；C801990 其他化學材料製造業；C901020 玻璃及玻璃製品製造業；CA02990 其他金屬製品製造業；CA03010 熱處理業；CA04010 表面處理業；CC01080 電子零組件製造業；CE01030 光學儀器製造業,桃園市,變更,11508
28556063,宥廷工程有限公司,桃園市蘆竹區中福里文中路一段119巷1之6號,許豐釗,10000000,96/01/08,115/08/04,公司所在地,E599010 配管工程業；E603100 電焊工程業；E603110 冷作工程業；E603120 噴砂工程業；E901010 油漆工程業；E604010 機械安裝業；J101990 其他環境衛生及污染防治服務業；IZ12010 人力派遣業；ZZ99999 除許可業務外，得經營法令非禁止或限制之業務；F112040 石油製品批發業,桃園市,變更,11508
28580654,三好起重工程有限公司,桃園市桃園區大業里民有十二街21號2樓,許澤民,1000000,96/02/13,115/08/20,股東出資轉讓修正章程,EZ02010 起重工程業；E604010 機械安裝業；E801020 門窗安裝工程業；EZ99990 其他工程業；ZZ99999 除許可業務外，得經營法令非禁止或限制之業務,桃園市,變更,11508
28622113,振興鋼鐵有限公司,桃園市龍潭區祥和里龍平路1018號(1樓),鄧文瑀,10000000,96/03/14,115/08/28,股東出資轉讓修正章程,E801030 室內輕鋼架工程業；F111090 建材批發業；F113010 機械批發業；F120010 耐火材料批發業；F206010 五金零售業；F401010 國際貿易業；ZZ99999 除許可業務外，得經營法令非禁止或限制之業務,桃園市,變更,11508
28666890,智尹科技有限公司,桃園市中壢區中央西路1段1號7樓,楊嘉祐,1000000,96/05/17,115/08/28,公司印鑑變更,F118010 資訊軟體批發業；F218010 資訊軟體零售業；I301010 資訊軟體服務業；F119010 電子材料批發業；F219010 電子材料零售業；I301030 電子資訊供應服務業；F113050 電腦及事務性機器設備批發業；F213030 電腦及事務性機器設備零售業；F113030 精密儀器批發業；F213040 精密儀器零售業,桃園市,變更,11508
28675574,太極能源科技股份有限公司,桃園市中壢區自強一路5號,謝明凱,2250000000,96/05/14,115/08/06,改派董事/監察人,CC01010 發電、輸電、配電機械製造業；CC01060 有線通信機械器材製造業；CC01070 無線通信機械器材製造業；CC01080 電子零組件製造業；CC01090 電池製造業；D401010 熱能供應業；E604010 機械安裝業；E701030 電信管制射頻器材裝設工程業；F113010 機械批發業；F113110 電池批發業,桃園市,變更,11508
28724771,燁鋒輕合金股份有限公司,桃園市新屋區東明里埔工路588號,劉光輝,557750000,96/05/29,115/08/21,補繳規費,CA01080 鍊鋁業；CA01090 鋁鑄造業；CA01100 鋁材軋延、伸線、擠型業；CA01160 鎂材軋延、伸線、擠型業；CA01990 其他非鐵金屬基本工業；CA02080 金屬鍛造業；CD01010 船舶及其零件製造業；CD01060 航空器及其零件製造業；F401010 國際貿易業；ZZ99999 除許可業務外，得經營法令非禁止或限制之業務,桃園市,變更,11508
28727377,東竑營造有限公司,桃園市大溪區中央路21之2號,莊思綺,3600000,96/06/01,115/08/05,公司所在地,E101011 綜合營造業；E401010 疏濬業；E599010 配管工程業；E603040 消防安全設備安裝工程業；E603050 自動控制設備工程業；E603080 交通號誌安裝工程業；E603090 照明設備安裝工程業；E603100 電焊工程業；E603110 冷作工程業；E603120 噴砂工程業,桃園市,變更,11508
28730838,至齊企業有限公司,桃園市大園區文興街20巷1號(1樓),丁國政,1000000,96/06/07,115/08/28,公司所在地,F111090 建材批發業；F401010 國際貿易業；EZ99990 其他工程業；ZZ99999 除許可業務外，得經營法令非禁止或限制之業務,桃園市,變更,11508
28757152,帝凱國際實業股份有限公司,桃園市桃園區國際路二段561巷4號,蔡心心,199800000,96/07/17,115/08/20,發行新股,F107030 清潔用品批發業；C802990 其他化學製品製造業；C802090 清潔用品製造業；F401010 國際貿易業；ZZ99999 除許可業務外，得經營法令非禁止或限制之業務,桃園市,變更,11508
28761183,凱德士管理顧問有限公司,桃園市桃園區朝陽里東興街61號4樓,蔡月霞,500000,96/07/23,115/08/11,公司所在地,IZ09010 管理系統驗證業；I103060 管理顧問業；ZZ99999 除許可業務外，得經營法令非禁止或限制之業務,桃園市,變更,11508
28767525,璨星投資股份有限公司,桃園市桃園區中正路1082號11樓,王尊武,7000000,96/07/31,115/08/21,一般補正案,H201010 一般投資業；F401010 國際貿易業,桃園市,變更,11508
28790265,石倡企業有限公司,桃園市桃園區江南十街32巷3號12樓,楊三又,15000000,96/09/06,115/08/19,公司所在地,E599010 配管工程業；E603040 消防安全設備安裝工程業；F106040 水器材料批發業；F117010 消防安全設備批發業；F213010 電器零售業；F217010 消防安全設備零售業；F401010 國際貿易業；IZ12010 人力派遣業；E501011 自來水管承裝商；E601010 電器承裝業,桃園市,變更,11508
28795629,德揚環境生物科技有限公司,桃園市蘆竹區安中街15巷7號,林暢貴,15000000,96/09/17,115/08/21,股東出資轉讓修正章程,C199990 未分類其他食品製造業；C801110 肥料製造業；C802060 動物用藥製造業；C802070 農藥製造業；C802080 環境用藥製造業；C802100 化粧品製造業；C802110 化粧品色素製造業；F102170 食品什貨批發業；F107030 清潔用品批發業；F107070 動物用藥品批發業,桃園市,變更,11508
28798230,臻強興業有限公司,桃園市觀音區草漯里福德街55號,駱原程,3000000,96/09/21,115/08/12,股東出資轉讓修正章程,J101030 廢棄物清除業；J101040 廢棄物處理業；J101010 建築物清潔服務業；E901010 油漆工程業；E603120 噴砂工程業；E604010 機械安裝業；E801010 室內裝潢業；EZ06010 交通標示工程業；E599010 配管工程業；H703100 不動產租賃業,桃園市,變更,11508
28842329,煜森國際有限公司,桃園市桃園區大興西路一段325號10樓之5,馬夢玲,500000,97/01/23,115/08/27,特殊補正,F102020 食用油脂批發業；F102040 飲料批發業；F102050 茶葉批發業；F102170 食品什貨批發業；F105050 家具、寢具、廚房器具、裝設品批發業；F106020 日常用品批發業；F107190 塑膠膜、袋批發業；F113020 電器批發業；F113050 電腦及事務性機器設備批發業；F401010 國際貿易業,桃園市,變更,11508
28845753,勝隆開發建設股份有限公司,桃園市中壢區元化路224號12樓,杜修蘭,40000000,97/02/14,115/08/04,改選董事/監察人(一人法人股東指派董事/監察人),H701010 住宅及大樓開發租售業；H701020 工業廠房開發租售業；H701040 特定專業區開發業；H701050 投資興建公共建設業；H701060 新市鎮、新社區開發業；H701080 都市更新重建業；H701090 都市更新整建維護業；H703090 不動產買賣業；H703100 不動產租賃業；G202010 停車場經營業,桃園市,變更,11508
28889013,先磊科技有限公司,桃園市中壢區青埔里領航南路三段315號8樓,劉國千,20000000,96/12/03,115/08/05,公司所在地,F102170 食品什貨批發業；F106010 五金批發業；F113010 機械批發業；F118010 資訊軟體批發業；F119010 電子材料批發業；F401010 國際貿易業；ZZ99999 除許可業務外，得經營法令非禁止或限制之業務,桃園市,變更,11508
28891685,旭聲科技股份有限公司,桃園市八德區大發里1鄰和平路704巷18號,廖海煉,10000000,96/12/06,115/08/07,改選董事/監察人(一人法人股東指派董事/監察人),ZZ99999 除許可業務外，得經營法令非禁止或限制之業務；F401010 國際貿易業；CC01080 電子零組件製造業；CP01010 手工具製造業；CQ01010 模具製造業；CB01010 機械設備製造業；CB01990 其他機械製造業,桃園市,變更,11508
28892679,伊盛電子有限公司,桃園市大園區高鐵南路一段85號7樓,王偉聰,1000000,96/12/07,115/08/27,股東出資轉讓修正章程,F113020 電器批發業；F118010 資訊軟體批發業；F119010 電子材料批發業；F113070 電信器材批發業；F113110 電池批發業；F401010 國際貿易業；I103060 管理顧問業；F107190 塑膠膜、袋批發業；F115020 礦石批發業；ZZ99999 除許可業務外，得經營法令非禁止或限制之業務,桃園市,變更,11508
28952232,翊邦企業股份有限公司,桃園市龜山區新嶺里新嶺一街68號,簡麗鈴,5000000,97/03/28,115/08/20,申登機關變更（遷入，含卷）,F113020 電器批發業；F401010 國際貿易業；F113050 電腦及事務性機器設備批發業；ZZ99999 除許可業務外，得經營法令非禁止或限制之業務；CC01020 電線及電纜製造業；CC01080 電子零組件製造業,桃園市,變更,11508
29006539,辰曜先進半導體股份有限公司,桃園市中壢區青心路218號4樓,村上誠一,600000000,97/10/31,115/08/21,一般補正案,CC01080 電子零組件製造業；F401010 國際貿易業；ZZ99999 除許可業務外，得經營法令非禁止或限制之業務,桃園市,變更,11508
29082894,鈞鈦貿易有限公司,桃園市中壢區內厝里福祥路890巷11號,張家豪,1000000,97/04/25,115/08/19,公司所營事業變更修正章程,F106010 五金批發業；F106020 日常用品批發業；F106030 模具批發業；F106040 水器材料批發業；F107010 漆料、塗料批發業；F107020 染料、顏料批發業；F107030 清潔用品批發業；F107190 塑膠膜、袋批發業；F401010 國際貿易業；ZZ99999 除許可業務外，得經營法令非禁止或限制之業務,桃園市,變更,11508
29086569,杏德生技股份有限公司,桃園市楊梅區高鐵南路十段179號,邱秀鳳,30990000,97/05/01,115/08/05,董事/監察人持股變動報備,F102170 食品什貨批發業；F106020 日常用品批發業；F107030 清潔用品批發業；F108040 化粧品批發業；F113030 精密儀器批發業；F199990 其他批發業；F203010 食品什貨、飲料零售業；F206020 日常用品零售業；F207030 清潔用品零售業；F208040 化粧品零售業,桃園市,變更,11508
29095363,同奕有限公司,桃園市龜山區嶺頂里東萬壽路311巷11號,許日強,3000000,97/05/19,115/08/11,股東出資轉讓修正章程,C804020 工業用橡膠製品製造業；C805010 塑膠皮、布、板、管材製造業；C805030 塑膠日用品製造業；C805050 工業用塑膠製品製造業；CA02990 其他金屬製品製造業；CC01080 電子零組件製造業；CH01030 文具製造業；CH01040 玩具製造業；CQ01010 模具製造業；F106010 五金批發業,桃園市,變更,11508
29095700,國祿環保回收企業有限公司,桃園市蘆竹區長興路四段60巷150弄9號(1樓),莊仁寶,5000000,97/05/19,115/08/11,增資,J101030 廢棄物清除業；J101040 廢棄物處理業；J101080 資源回收業；J101090 廢棄物清理業；H701010 住宅及大樓開發租售業；H701020 工業廠房開發租售業；H703100 不動產租賃業；ZZ99999 除許可業務外，得經營法令非禁止或限制之業務,桃園市,變更,11508
29113828,凱普開發有限公司,桃園市龍潭區金龍路8巷55號,任慧剛,27440000,97/06/18,115/08/04,股東出資轉讓修正章程,IZ12010 人力派遣業；F401010 國際貿易業；I103060 管理顧問業；I301020 資料處理服務業；ZZ99999 除許可業務外，得經營法令非禁止或限制之業務,桃園市,變更,11508
29140640,永潤包裝實業有限公司,桃園市平鎮區湧豐里南豐路190巷53號(3樓),胡家毅,2500000,99/03/09,115/08/17,申登機關變更（遷入，含卷）,F106010 五金批發業；F107030 清潔用品批發業；F107190 塑膠膜、袋批發業；F109070 文教、樂器、育樂用品批發業；F119010 電子材料批發業；F199990 其他批發業；F401010 國際貿易業；ZZ99999 除許可業務外，得經營法令非禁止或限制之業務,桃園市,變更,11508
29156993,全友生活科技有限公司,桃園市桃園區南門里南興街35號2樓,劉惠雲,5000000,99/05/18,115/08/17,公司所在地,F102050 茶葉批發業；F102170 食品什貨批發業；F104110 布疋、衣著、鞋、帽、傘、服飾品批發業；F105050 家具、寢具、廚房器具、裝設品批發業；F106010 五金批發業；F106020 日常用品批發業；F108040 化粧品批發業；F113020 電器批發業；F113050 電腦及事務性機器設備批發業；F201010 農產品零售業,桃園市,變更,11508
29170783,東麟系統有限公司,桃園市中壢區正義里廣州路217號7樓,謝萬寅,2000000,99/07/20,115/08/19,申登機關變更（遷入，含卷）,F106010 五金批發業；F113010 機械批發業；F113020 電器批發業；F117010 消防安全設備批發業；F119010 電子材料批發業；F120010 耐火材料批發業；F401010 國際貿易業；E599010 配管工程業；E601020 電器安裝業；E603010 電纜安裝工程業,桃園市,變更,11508
30016985,千松交通器材股份有限公司,桃園市大園區南港里環區西路266巷12號3樓,呂祥辰,8500000,61/04/21,115/08/26,改選董事/監察人(一人法人股東指派董事/監察人),,桃園市,變更,11508
30897480,銘異科技股份有限公司,桃園市龜山區龍華里萬壽路一段492之1號10樓之1,謝錦興,1375631900,68/10/03,115/08/21,改選董事/監察人(一人法人股東指派董事/監察人),C805050 工業用塑膠製品製造業；CC01110 電腦及其週邊設備製造業；CD01030 汽車及其零件製造業；CD01040 機車及其零件製造業；CE01030 光學儀器製造業；CQ01010 模具製造業；F401010 國際貿易業；CE01021 度量衡器製造業；CF01011 醫療器材製造業；F108031 醫療器材批發業,桃園市,變更,11508
30955404,金像電子股份有限公司,桃園市中壢區西園路113號,楊承澤,5229329730,70/09/05,115/08/05,可轉換公司債換發新股,CC01080 電子零組件製造業；CC01110 電腦及其週邊設備製造業；CC01990 其他電機及電子機械器材製造業；CA04010 表面處理業；F119010 電子材料批發業；F219010 電子材料零售業；F401010 國際貿易業；I501010 產品設計業；ZZ99999 除許可業務外，得經營法令非禁止或限制之業務,桃園市,變更,11508
31300690,王佳實業股份有限公司,桃園市桃園區經國路888號14樓之2,吳加祿,413000000,72/05/19,115/08/31,董事/監察人持股變動報備,,桃園市,變更,11508
31303015,實全實業股份有限公司,桃園市觀音區經建二路50號,蘇欽良,25000000,72/06/13,115/08/28,改選董事/監察人(一人法人股東指派董事/監察人),,桃園市,變更,11508
33284077,華城電機股份有限公司,桃園市中壢區吉林路10號,許邦福,3474689290,58/08/26,115/08/26,發行新股,CC01010 發電、輸電、配電機械製造業；CC01080 電子零組件製造業；CC01990 其他電機及電子機械器材製造業；E601010 電器承裝業；E603040 消防安全設備安裝工程業；E603050 自動控制設備工程業；EZ05010 儀器、儀表安裝工程業；F113020 電器批發業；F114030 汽、機車零件配備批發業；F213010 電器零售業,桃園市,變更,11508
33715843,仁和機械股份有限公司,桃園市中壢區工業區南園路8號,劉斯豪,10000000,62/05/29,115/08/17,改選董事/監察人(一人法人股東指派董事/監察人),,桃園市,變更,11508
33864012,喜福惠瓦斯股份有限公司,桃園市龜山區文化七路95巷12號,謝志宏,8000000,64/05/15,115/08/18,董事/監察人持股變動報備,F205040 家具、寢具、廚房器具、裝設品零售業；F212050 石油製品零售業；E502010 燃料導管安裝工程業；E603130 燃氣熱水器承裝業；E801070 廚具、衛浴設備安裝工程業；ZZ99999 除許可業務外，得經營法令非禁止或限制之業務,桃園市,變更,11508
33916996,東源物流事業股份有限公司,桃園市龜山區大華里頂湖五街18之1號,陳盛沺,433884920,63/12/26,115/08/19,改派董事/監察人,G101061 汽車貨運業；G101081 汽車貨櫃貨運業；G801010 倉儲業；IZ06010 理貨包裝業；F213010 電器零售業；F119010 電子材料批發業；F219010 電子材料零售業；F102040 飲料批發業；F102170 食品什貨批發業；F209060 文教、樂器、育樂用品零售業（玩具槍除外）,桃園市,變更,11508
33923841,承恩企業股份有限公司,桃園市桃園區大興里經國路9號14樓之2,梁議云,30000000,64/01/06,115/08/21,董事/監察人持股變動報備,J101990 其他環境衛生及污染防治服務業；B601010 土石採取業；E402010 沙石、淤泥海拋業；F114030 汽、機車零件配備批發業；F401010 國際貿易業；F111090 建材批發業；IG03010 能源技術服務業；J101110 營建剩餘土石方資源處理業；J101120 營建混合物分類處理業；J701040 休閒活動場館業,桃園市,變更,11508
34270559,瑞怡造漆有限公司,桃園市龜山區山頂里山鶯路171之1號,卓彌建,50000000,68/03/28,115/08/07,股東出資轉讓修正章程,,桃園市,變更,11508
35319185,高力熱處理工業股份有限公司,桃園市中壢區中壢工業區吉林北路5-2號,吳誌雄,935015370,59/10/11,115/08/18,可轉換公司債換發新股,CA02010 金屬結構及建築組件製造業；CA02090 金屬線製品製造業；CA02990 其他金屬製品製造業；CA03010 熱處理業；CB01010 機械設備製造業；CB01990 其他機械製造業；CC01030 電器及視聽電子產品製造業；CC01990 其他電機及電子機械器材製造業；CD01020 軌道車輛及其零件製造業；CD01060 航空器及其零件製造業,桃園市,變更,11508
35856255,鑫光金屬工業股份有限公司,桃園市龜山區兔坑里大同路841巷1號,黃祥恩,504490780,65/05/24,115/08/14,董事/監察人持股變動報備,CA02090 金屬線製品製造業；CA02990 其他金屬製品製造業；F401010 國際貿易業；CB01010 機械設備製造業除許可業務外，得經營法令非禁止或限制之業務,桃園市,變更,11508
35878722,台灣資生堂股份有限公司,桃園市中壢區西園路148號,李國祥,1154588490,60/05/27,115/08/12,改選董事/監察人(一人法人股東指派董事/監察人),C802090 清潔用品製造業；C802100 化粧品製造業；F102040 飲料批發業；F102170 食品什貨批發業；F107030 清潔用品批發業；F108040 化粧品批發業；F203010 食品什貨、飲料零售業；F207030 清潔用品零售業；F208040 化粧品零售業；F401010 國際貿易業,桃園市,變更,11508
35953046,福隆硬鉻工業股份有限公司,桃園市楊梅區青年路5號,許木同,310000000,68/03/27,115/08/21,改選董事/監察人(一人法人股東指派董事/監察人),CA04010 表面處理業；CB01010 機械設備製造業；F113010 機械批發業；F401010 國際貿易業；I501010 產品設計業；ZZ99999 除許可業務外，得經營法令非禁止或限制之業務,桃園市,變更,11508
36009835,均展機械有限公司,桃園市中壢區忠孝里忠孝路336巷17號6樓,朱嘉勝,6000000,69/06/09,115/08/18,公司所在地,,桃園市,變更,11508
36024857,元大電子股份有限公司,桃園市桃園區同安里中正路1082號23樓,張深海,115000000,69/09/05,115/08/05,改選董事/監察人(一人法人股東指派董事/監察人),CC01030 電器及視聽電子產品製造業；F113020 電器批發業；F213010 電器零售業；F401010 國際貿易業；H703100 不動產租賃業；ZZ99999 除許可業務外，得經營法令非禁止或限制之業務；F399040 無店面零售業；E604010 機械安裝業,桃園市,變更,11508
36069452,大世紀塗料股份有限公司,桃園市龜山區華亞科技園區華亞一路40號,陳山清,32000000,70/07/30,115/08/26,改選董事/監察人(一人法人股東指派董事/監察人),C802200 塗料、油漆、染料及顏料製造業；F107010 漆料、塗料批發業；F107020 染料、顏料批發業；JE01010 租賃業；F401010 國際貿易業；ZZ99999 除許可業務外，得經營法令非禁止或限制之業務,桃園市,變更,11508
36234093,天星料管工業股份有限公司,桃園市龜山區大華里頂湖九街11號1樓,吳憲忠,180000000,73/06/12,115/08/21,董事/監察人持股變動報備,,桃園市,變更,11508
36354343,騰煒科技股份有限公司,桃園市大園區新南里18鄰長發一路237號,林洪瓊裡,29500000,74/04/16,115/08/03,公司所在地門牌整編,F401010 國際貿易業。；CC01080 電子零組件製造業。；F219010 電子材料零售業。；F119010 電子材料批發業。,桃園市,變更,11508
36548518,雙有機械有限公司,桃園市蘆竹區大竹路119巷6號1樓,李金美,10000000,68/03/28,115/08/20,改推董事/董事長,,桃園市,變更,11508
38400738,富積電子股份有限公司,桃園市蘆竹區南崁路二段355號,平野芳晴,439050000,70/01/27,115/08/05,一般補正案,CC01080 電子零組件製造業；CC01990 其他電機及電子機械器材製造業；F113990 其他機械器具批發業；F119010 電子材料批發業；F213990 其他機械器具零售業；F219010 電子材料零售業；F104110 布疋、衣著、鞋、帽、傘、服飾品批發業；F204110 布疋、衣著、鞋、帽、傘、服飾品零售業；F113110 電池批發業；F213110 電池零售業,桃園市,變更,11508
42564732,暘岡有限公司,桃園市桃園區藝文里藝文一街86之6號5樓,蕭小岡,500000,104/06/01,115/08/17,公司所在地,F113020 電器批發業；F213010 電器零售業；E601020 電器安裝業；E606010 用電設備檢驗維護業；JA02010 電器及電子產品修理業；JA02990 其他修理業；ZZ99999 除許可業務外，得經營法令非禁止或限制之業務,桃園市,變更,11508
42566990,竹豐科技有限公司,桃園市桃園區南埔里大興西路二段279號14樓之1,鄭逸豐,2000000,104/06/08,115/08/18,一般補正案,JA02990 其他修理業；CB01010 機械設備製造業；CC01080 電子零組件製造業；F119010 電子材料批發業；F113010 機械批發業；F113030 精密儀器批發業；E604010 機械安裝業；E599010 配管工程業；F401010 國際貿易業；E603050 自動控制設備工程業,桃園市,變更,11508
42569589,安卓自動化有限公司,桃園市楊梅區瑞坪里瑞坪路143巷12號1樓,蔡芝翎,1000000,104/06/15,115/08/21,股東出資轉讓修正章程,E599010 配管工程業；E601010 電器承裝業；E601020 電器安裝業；E603010 電纜安裝工程業；E603040 消防安全設備安裝工程業；E603050 自動控制設備工程業；E604010 機械安裝業；E605010 電腦設備安裝業；EZ05010 儀器、儀表安裝工程業；F111090 建材批發業,桃園市,變更,11508
42582437,誼盛投資有限公司,桃園市桃園區新埔八街31號2樓,廖興珉,20000000,104/07/23,115/08/04,公司名稱變更修正章程,F401010 國際貿易業；H201010 一般投資業；H701010 住宅及大樓開發租售業；H703090 不動產買賣業；H703100 不動產租賃業；I102010 投資顧問業；I103060 管理顧問業；ZZ99999 除許可業務外，得經營法令非禁止或限制之業務,桃園市,變更,11508
42586193,台灣精品國際股份有限公司,桃園市桃園區龍祥里裕和街17巷66號,陳祥寶,28000000,104/08/04,115/08/06,董事/監察人持股變動報備,F401010 國際貿易業；CC01990 其他電機及電子機械器材製造業；F105050 家具、寢具、廚房器具、裝設品批發業；F106010 五金批發業；ZZ99999 除許可業務外，得經營法令非禁止或限制之業務；CC01101 電信管制射頻器材製造業；F401021 電信管制射頻器材輸入業,桃園市,變更,11508
42590773,賽亞德科技股份有限公司,桃園市中壢區新街里環北路400號17樓之6,陳乃榕,2500000,104/08/18,115/08/14,公司所在地,ZZ99999 除許可業務外，得經營法令非禁止或限制之業務；F118010 資訊軟體批發業；F119010 電子材料批發業；F218010 資訊軟體零售業；F219010 電子材料零售業；F399040 無店面零售業；F401010 國際貿易業；F601010 智慧財產權業；I103060 管理顧問業；I301010 資訊軟體服務業,桃園市,變更,11508
42591908,揚秦國際企業股份有限公司,桃園市中壢區合江路16號,卓靖倫,467924910,104/08/21,115/08/24,可轉換公司債換發新股,C104020 烘焙炊蒸食品製造業；F101050 水產品批發業；F101130 蔬果批發業；F102170 食品什貨批發業；F201010 農產品零售業；F201020 畜產品零售業；F201030 水產品零售業；F203010 食品什貨、飲料零售業；F401010 國際貿易業；F501060 餐館業,桃園市,變更,11508
42592505,歐麥第室內裝修有限公司,桃園市中壢區龍岡路三段37巷53弄6號,胡錦芳,11000000,104/08/24,115/08/05,公司名稱變更修正章程,F213010 電器零售業；F113020 電器批發業；E601010 電器承裝業；E603090 照明設備安裝工程業；E606010 用電設備檢驗維護業；IG03010 能源技術服務業；F119010 電子材料批發業；F219010 電子材料零售業；F113050 電腦及事務性機器設備批發業；F213030 電腦及事務性機器設備零售業,桃園市,變更,11508
42598418,易潔智能環衞股份有限公司,桃園市蘆竹區長興里長榮路165號,蔡易潔,26000000,104/09/14,115/08/24,改選董事/監察人(一人法人股東指派董事/監察人),I301030 電子資訊供應服務業；I401010 一般廣告服務業；I501010 產品設計業；J101010 建築物清潔服務業；ZZ99999 除許可業務外，得經營法令非禁止或限制之業務；F108031 醫療器材批發業；F208031 醫療器材零售業,桃園市,變更,11508
42601201,春好芯生活工藝有限公司,桃園市桃園區中央街505號(1樓),邱春華,5000000,104/09/22,115/08/17,公司所在地,F101100 花卉批發業；F101130 蔬果批發業；F102020 食用油脂批發業；F102030 菸酒批發業；F102050 茶葉批發業；F102170 食品什貨批發業；F104110 布疋、衣著、鞋、帽、傘、服飾品批發業；F105050 家具、寢具、廚房器具、裝設品批發業；F106010 五金批發業；F106020 日常用品批發業,桃園市,變更,11508
42601455,樺冠科技有限公司,桃園市平鎮區建安里平東路659巷24號(3樓),黃偉冠,7900000,104/09/23,115/08/13,股東出資轉讓修正章程,CC01030 電器及視聽電子產品製造業；CC01040 照明設備製造業；CC01080 電子零組件製造業；F113020 電器批發業；F119010 電子材料批發業；F401010 國際貿易業；C901010 陶瓷及陶瓷製品製造業；CA02010 金屬結構及建築組件製造業；CA02990 其他金屬製品製造業；CB01010 機械設備製造業,桃園市,變更,11508
42607922,優岦恩記憶體有限公司,桃園市大園區中山南路二段661號、661號2樓,黃名玉,5000000,104/10/16,115/08/20,公司所在地,CC01080 電子零組件製造業；F119010 電子材料批發業；F219010 電子材料零售業；F401010 國際貿易業；I103060 管理顧問業；I199990 其他顧問服務業；I301010 資訊軟體服務業；I301020 資料處理服務業；IG02010 研究發展服務業；ZZ99999 除許可業務外，得經營法令非禁止或限制之業務,桃園市,變更,11508
42609816,樂達創意科技股份有限公司,桃園市中壢區青峰路一段47號6樓,黃哲瑄,26020470,104/10/23,115/08/21,一般補正案,I301010 資訊軟體服務業；I301020 資料處理服務業；I301030 電子資訊供應服務業；I501010 產品設計業；I599990 其他設計業；IG02010 研究發展服務業；E603050 自動控制設備工程業；E605010 電腦設備安裝業；E701040 簡易電信設備安裝業；F213010 電器零售業,桃園市,變更,11508
42629947,源泰開發有限公司,桃園市平鎮區東社里明德路11號5樓,,1000000,104/08/10,115/08/11,解散,ZZ99999 除許可業務外，得經營法令非禁止或限制之業務；F106010 五金批發業；F111090 建材批發業；F113990 其他機械器具批發業；F120010 耐火材料批發業；F199990 其他批發業；F206010 五金零售業；F207010 漆料、塗料零售業；F211010 建材零售業；F213080 機械器具零售業,桃園市,變更,11508
42637088,程沛科技股份有限公司,桃園市中壢區興仁路二段331號11樓之5,王建興,25400000,104/08/31,115/08/06,申登機關變更（遷入，含卷）,CC01080 電子零組件製造業；F113070 電信器材批發業；F118010 資訊軟體批發業；F119010 電子材料批發業；F213060 電信器材零售業；F218010 資訊軟體零售業；F219010 電子材料零售業；F401010 國際貿易業；F601010 智慧財產權業；I301010 資訊軟體服務業,桃園市,變更,11508
42642569,通量三維股份有限公司,桃園市楊梅區新農街二段209巷79之3號(1樓),柯軒恩,27800000,104/09/17,115/08/27,增資(資本總額),CC01110 電腦及其週邊設備製造業；CE01990 其他光學及精密器械製造業；F109070 文教、樂器、育樂用品批發業；F119010 電子材料批發業；F213030 電腦及事務性機器設備零售業；I301010 資訊軟體服務業；ZZ99999 除許可業務外，得經營法令非禁止或限制之業務；F213060 電信器材零售業；CB01010 機械設備製造業；CC01990 其他電機及電子機械器材製造業,桃園市,變更,11508
42702138,特騰綠的包材股份有限公司,桃園市龍潭區工一路150巷82號,郭彭益,56928000,105/01/06,115/08/28,發行新股,C701010 印刷業；C703010 印刷品裝訂及加工業；C805020 塑膠膜、袋製造業；C805030 塑膠日用品製造業；C805050 工業用塑膠製品製造業；CQ01010 模具製造業；F106020 日常用品批發業；F106030 模具批發業；F206020 日常用品零售業；F401010 國際貿易業,桃園市,變更,11508
42702854,訊盟科技股份有限公司,桃園市八德區長安街306號(1樓),梁見發,75000000,105/01/11,115/08/25,一般補正案,CC01110 電腦及其週邊設備製造業；CC01120 資料儲存媒體製造及複製業；E605010 電腦設備安裝業；F213040 精密儀器零售業；F213080 機械器具零售業；ZZ99999 除許可業務外，得經營法令非禁止或限制之業務；CC01080 電子零組件製造業；CA02990 其他金屬製品製造業；CQ01010 模具製造業；F219010 電子材料零售業,桃園市,變更,11508
42706155,宥辰興業股份有限公司,桃園市八德區大安里興豐路2350巷520之2號,藍隆寬,400000000,105/01/22,115/08/14,申登機關變更（遷入，含卷）,H201010 一般投資業；C901040 預拌混凝土製造業；C901050 水泥及混凝土製品製造業；B601010 土石採取業；F111090 建材批發業；F211010 建材零售業；C901990 其他非金屬礦物製品製造業；F401010 國際貿易業；E801010 室內裝潢業；G202010 停車場經營業,桃園市,變更,11508
42741245,昶奕科技有限公司,桃園市桃園區明德里同德十二街179號1樓,連仁杰,2000000,104/10/28,115/08/19,股東出資轉讓修正章程,F113010 機械批發業；F113030 精密儀器批發業；F113050 電腦及事務性機器設備批發業；F118010 資訊軟體批發業；F119010 電子材料批發業；F213030 電腦及事務性機器設備零售業；F213040 精密儀器零售業；F213080 機械器具零售業；F218010 資訊軟體零售業；F219010 電子材料零售業,桃園市,變更,11508
42746902,漁都興業有限公司,桃園市大園區仁德里華興路一段31巷9號1樓,李炎紅,500000,104/11/12,115/08/11,公司所在地門牌整編,F101050 水產品批發業；F201030 水產品零售業；F101040 家畜家禽批發業；F201020 畜產品零售業；F101990 其他農、畜、水產品批發業；ZZ99999 除許可業務外，得經營法令非禁止或限制之業務,桃園市,變更,11508
42748253,昭揚投資股份有限公司,桃園市桃園區藝文一街86之5號18樓,聶玉璞,3500000000,104/11/17,115/08/11,增資(資本總額),H201010 一般投資業；H701010 住宅及大樓開發租售業；ZZ99999 除許可業務外，得經營法令非禁止或限制之業務,桃園市,變更,11508
42748508,永龍國際有限公司,桃園市觀音區樹林里長春街38號(1樓),NGAN VAN TINH(銀文情),999998,104/11/18,115/08/04,公司所營事業變更修正章程,IE01010 電信業務門號代辦業；F213060 電信器材零售業；ZZ99999 除許可業務外，得經營法令非禁止或限制之業務；JZ99050 仲介服務業；F104110 布疋、衣著、鞋、帽、傘、服飾品批發業；F204110 布疋、衣著、鞋、帽、傘、服飾品零售業；F105050 家具、寢具、廚房器具、裝設品批發業；F205040 家具、寢具、廚房器具、裝設品零售業；F102170 食品什貨批發業；F203010 食品什貨、飲料零售業,桃園市,變更,11508
42757787,星研媒體有限公司,桃園市中壢區忠福里福州二街445號12樓之1,蕭光駿,200000,104/12/18,115/08/12,公司名稱變更修正章程,F104110 布疋、衣著、鞋、帽、傘、服飾品批發業；F105050 家具、寢具、廚房器具、裝設品批發業；F106020 日常用品批發業；F107030 清潔用品批發業；F115010 首飾及貴金屬批發業；F199990 其他批發業；F204110 布疋、衣著、鞋、帽、傘、服飾品零售業；F205040 家具、寢具、廚房器具、裝設品零售業；F206020 日常用品零售業；F207030 清潔用品零售業,桃園市,變更,11508
42759482,福格工程有限公司,桃園市蘆竹區福祿里五福六路90號6樓,陳瑞昇,10000000,104/12/23,115/08/12,增資,E103091 庭園、景觀工程專業營造業；A102080 園藝服務業；F101100 花卉批發業；F106050 陶瓷玻璃器皿批發業；F401010 國際貿易業；EZ02010 起重工程業；I503010 景觀、室內設計業；F101081 種苗批發業；A102050 作物栽培服務業；F201061 種苗零售業,桃園市,變更,11508
42768222,森鹿映像有限公司,桃園市中壢區青溪里6鄰領航北路二段78巷11號,李威儀,300000,105/01/20,115/08/26,公司所在地,I401010 一般廣告服務業；I501010 產品設計業；J303010 雜誌（期刊）出版業；J304010 圖書出版業；J305010 有聲出版業；J401010 電影片製作業；J402010 電影片發行業；J404010 動畫影片製作業；J404050 電影特效製作業；JE01010 租賃業,桃園市,變更,11508
42770418,樂嘉生物科技有限公司,桃園市大溪區瑞興里大鶯路780號（1樓）,鄭月屏,1000000,105/01/27,115/08/07,股東出資轉讓修正章程,A101020 農作物栽培業；A102080 園藝服務業；F107040 農藥批發業；F107050 肥料批發業；F103010 飼料批發業；F106010 五金批發業；ZZ99999 除許可業務外，得經營法令非禁止或限制之業務；A102050 作物栽培服務業；F201020 畜產品零售業；F207040 農藥零售業,桃園市,變更,11508
42775103,春曙生醫國際股份有限公司,桃園市大溪區信義路43號4樓,邱伶樺,2000000,105/02/18,115/08/04,董事/監察人持股變動報備,A101020 農作物栽培業；A101030 特用作物栽培業；A101040 食用菌菇類栽培業；A401020 家畜禽飼育業；A401040 畜牧服務業；C801120 人造纖維製造業；C801990 其他化學材料製造業；C802100 化粧品製造業；C802110 化粧品色素製造業；C802990 其他化學製品製造業,桃園市,變更,11508
42785849,極益有限公司,桃園市中壢區龍興里龍岡路三段139巷34弄1號1樓,張淑貞,5000000,105/03/24,115/08/24,股東出資轉讓修正章程,C805030 塑膠日用品製造業；C805050 工業用塑膠製品製造業；C805990 其他塑膠製品製造業；F199010 回收物料批發業；F107190 塑膠膜、袋批發業；F106010 五金批發業；F199990 其他批發業；F401010 國際貿易業；ZZ99999 除許可業務外，得經營法令非禁止或限制之業務,桃園市,變更,11508
42989490,微塵國際文創股份有限公司,桃園市桃園區藝文一街86之2號4樓,陳鴻明,2101000,105/08/10,115/08/12,一般補正案,J202010 產業育成業；J301010 報紙業；J302010 通訊稿業；J303010 雜誌（期刊）出版業；J304010 圖書出版業；J305010 有聲出版業；J399010 軟體出版業；J399990 其他出版業；J401010 電影片製作業；J402010 電影片發行業,桃園市,變更,11508
43002035,六發電器股份有限公司,桃園市桃園區寶慶里寶慶路150號6樓,蕭秀貞,12000000,58/06/04,115/08/04,改選董事/監察人(一人法人股東指派董事/監察人),,桃園市,變更,11508
43139623,東生紡織企業股份有限公司,桃園市桃園區中成里永安路385巷1號10樓之3,葉源芳,720000,61/10/03,115/08/13,改選董事/監察人(一人法人股東指派董事/監察人),F401010 國際貿易業；JE01010 租賃業；H703100 不動產租賃業；ZZ99999 除許可業務外，得經營法令非禁止或限制之業務,桃園市,變更,11508
43147546,欣桃天然氣股份有限公司,桃園市桃園區法治路10號1-6樓,房茂宏,1828449170,61/07/18,115/08/14,改派董事/監察人,CR01010 瓦斯器材及其零件製造業；D201011 公用天然氣事業；E502010 燃料導管安裝工程業；E603130 燃氣熱水器承裝業；E801070 廚具、衛浴設備安裝工程業；F105050 家具、寢具、廚房器具、裝設品批發業；F113010 機械批發業；F113060 度量衡器批發業；F117010 消防安全設備批發業；F205040 家具、寢具、廚房器具、裝設品零售業,桃園市,變更,11508
43411453,嘉成建材工業股份有限公司,桃園市楊梅區高榮里3鄰梅高路二段668巷68號,來憶德,62400000,54/07/30,115/08/20,增資(資本總額),CA02060 金屬容器製造業；CA02990 其他金屬製品製造業；D101060 再生能源自用發電設備業；F106010 五金批發業；F206010 五金零售業；F401010 國際貿易業；ZZ99999 除許可業務外，得經營法令非禁止或限制之業務,桃園市,變更,11508
43412100,遠東油脂股份有限公司,桃園市桃園區建國里吉林路5號,謝端純,72000000,45/09/21,115/08/05,一般補正案,C105010 食用油脂製造業；F401010 國際貿易業；ZZ99999 除許可業務外，得經營法令非禁止或限制之業務,桃園市,變更,11508
43644848,合力交通有限公司,桃園市桃園區同德二街78號1樓,游騰翊,10000000,63/04/18,115/08/14,一般補正案,,桃園市,變更,11508
43645121,廣明實業股份有限公司,桃園市蘆竹區海湖里海山路2段211號,林邱富美,497952000,62/05/14,115/08/24,一般補正案,C801010 基本化學工業；C801030 精密化學材料製造業；C801990 其他化學材料製造業；F107200 化學原料批發業；F207200 化學原料零售業；F401010 國際貿易業；ZZ99999 除許可業務外，得經營法令非禁止或限制之業務,桃園市,變更,11508
43645749,太千五金有限公司,桃園市桃園區永安路870號,江衍臻,12000000,63/04/26,115/08/11,股東出資轉讓修正章程,F106010 五金批發業；F111090 建材批發業；F113010 機械批發業；F113030 精密儀器批發業；F113990 其他機械器具批發業；F206010 五金零售業；F213040 精密儀器零售業；F401010 國際貿易業；F105050 家具、寢具、廚房器具、裝設品批發業；F106020 日常用品批發業,桃園市,變更,11508
43657977,勝泰電話有限公司,桃園市龜山區舊路里西舊路坑22之3號,,3000000,63/09/26,115/08/03,解散,E701010 電信工程業；E701020 衛星電視ＫＵ頻道、Ｃ頻道器材安裝業；E701030 電信管制射頻器材裝設工程業；E701040 簡易電信設備安裝業；F113070 電信器材批發業；F213060 電信器材零售業；F401010 國際貿易業；ZZ99999 除許可業務外，得經營法令非禁止或限制之業務,桃園市,變更,11508
43681505,新宙企業股份有限公司,桃園市中壢區水尾里新生路3段340號,莊麗鶯,9000000,62/02/12,115/08/17,發行新股,C301010 紡紗業；C302010 織布業；C303010 不織布業；C305010 印染整理業；C306010 成衣業；C307010 服飾品製造業；F104110 布疋、衣著、鞋、帽、傘、服飾品批發業；H701010 住宅及大樓開發租售業；H701020 工業廠房開發租售業；F401010 國際貿易業,桃園市,變更,11508
43693544,世聯倉運股份有限公司,桃園市楊梅區獅一路7號2樓,黃仁安,478400000,63/05/28,115/08/05,董事/監察人持股變動報備,G801010 倉儲業；G101061 汽車貨運業；G101081 汽車貨櫃貨運業；CA02990 其他金屬製品製造業；IZ06010 理貨包裝業；JA01010 汽車修理業；I103060 管理顧問業；I301010 資訊軟體服務業；F102030 菸酒批發業；F102040 飲料批發業,桃園市,變更,11508
43737732,寶燕彩藝股份有限公司,桃園市龜山區文化里頂湖一街53號,黃振嘉,580000000,65/02/18,115/08/05,減資,C601040 加工紙製造業；C801020 石油化工原料製造業；C805020 塑膠膜、袋製造業；C805990 其他塑膠製品製造業；F107990 其他化學製品批發業；F113010 機械批發業；F113990 其他機械器具批發業；F207190 塑膠膜、袋零售業；F207200 化學原料零售業；F207990 其他化學製品零售業,桃園市,變更,11508
43749385,兆豐工業有限公司,桃園市八德區瑞泰里介壽路二段七七０巷五二號,張崇顯,5000000,65/09/03,115/08/11,董事/股東地址變更,,桃園市,變更,11508
43758460,順強紙器股份有限公司,桃園市八德區竹園里新興路1325號,李曜臣,450000000,65/10/06,115/08/11,改選董事/監察人(一人法人股東指派董事/監察人),,桃園市,變更,11508
43759448,日偉機械工業股份有限公司,桃園市八德區大安里榮興路73巷21號,徐瑞蓮,10000000,66/03/19,115/08/20,改選董事/監察人(一人法人股東指派董事/監察人),,桃園市,變更,11508
43802402,佳邦營造有限公司,桃園市蘆竹區新莊里大興11街61巷11號1樓,呂長安,150000000,67/09/16,115/08/13,增資,E101011 綜合營造業；ZZ99999 除許可業務外，得經營法令非禁止或限制之業務；H701010 住宅及大樓開發租售業,桃園市,變更,11508
43833138,桃建交通股份有限公司,桃園市桃園區慈文路314之1號,陳玉芬,25000000,68/08/22,115/08/14,董事/監察人持股變動報備,J101090 廢棄物清理業；ZZ99999 除許可業務外，得經營法令非禁止或限制之業務,桃園市,變更,11508
43842636,精佳企業有限公司,桃園市桃園區龍壽街273巷25號,陳阿偶,1000000,69/07/30,115/08/03,減資,,桃園市,變更,11508
43852036,大益電子廠股份有限公司,桃園市蘆竹區錦中里10鄰南崁路1段133號,王柏捷,11175000,70/04/16,115/08/06,分割減資,,桃園市,變更,11508
43877851,全豪電子股份有限公司,桃園市蘆竹區新興里龍安街一段105號,簡月雲,12000000,71/05/03,115/08/20,改選董事/監察人(一人法人股東指派董事/監察人),,桃園市,變更,11508
43912787,建錩實業股份有限公司,桃園市大園區田心里大觀路178號,李慶柏,1832650540,72/07/28,115/08/10,改選董事/監察人(一人法人股東指派董事/監察人),CA01050 鋼材二次加工業；CA02010 金屬結構及建築組件製造業；CA02060 金屬容器製造業；CA02990 其他金屬製品製造業；CB01010 機械設備製造業；D101050 汽電共生業；E599010 配管工程業；F401010 國際貿易業；G801010 倉儲業；H201010 一般投資業,桃園市,變更,11508
43913744,坤昌物業股份有限公司,桃園市八德區桃鶯路宏福巷1弄15號,羅秉坤,1000000000,72/08/09,115/08/24,發行新股,E801010 室內裝潢業；E801020 門窗安裝工程業；E801030 室內輕鋼架工程業；E801040 玻璃安裝工程業；E801070 廚具、衛浴設備安裝工程業；E901010 油漆工程業；E903010 防蝕、防銹工程業；EZ99990 其他工程業；F102020 食用油脂批發業；F102030 菸酒批發業,桃園市,變更,11508
43923150,元莆冷氣冷凍有限公司,桃園市桃園區忠二路7號(1樓),陳俊言,6000000,73/03/12,115/08/20,公司所營事業變更修正章程,ZZ99999 除許可業務外，得經營法令非禁止或限制之業務；CB01010 機械設備製造業；CB01990 其他機械製造業；F113020 電器批發業；F213010 電器零售業；F113990 其他機械器具批發業；F213080 機械器具零售業；F106010 五金批發業；F206010 五金零售業；F401010 國際貿易業,桃園市,變更,11508
43929746,指南噴砂油漆工程有限公司,桃園市桃園區自強里莊敬路1段181巷41弄7號1樓,沈志成,12400000,72/11/01,115/08/07,改推董事/董事長,,桃園市,變更,11508
43932144,金碁企業有限公司,桃園市桃園區春日路1289號,王士珍,10000000,73/08/27,115/08/03,股東出資轉讓修正章程,,桃園市,變更,11508
43958066,誼山精機股份有限公司,桃園市平鎮區中豐路南勢二段460巷25號,張秀鄉,397700000,74/04/25,115/08/20,補選董事(常務董事.董事長)/監察人,C804020 工業用橡膠製品製造業；C804990 其他橡膠製品製造業；C805050 工業用塑膠製品製造業；C805990 其他塑膠製品製造業；CA01100 鋁材軋延、伸線、擠型業；CA01990 其他非鐵金屬基本工業；CA02030 螺絲、螺帽、螺絲釘、及鉚釘等製品製造業；CA04010 表面處理業；CB01010 機械設備製造業；CB01020 事務機器製造業,桃園市,變更,11508
44412557,太漢企業有限公司,桃園市大溪區瑞興里瑞安路一段298巷38號,簡勝雄,5000000,73/06/22,115/08/07,負責人印鑑變更,,桃園市,變更,11508
44500334,眾益農業生技股份有限公司,桃園市中壢區中正路1043號,陳吉興,12000000,55/05/26,115/08/20,改選董事/監察人(一人法人股東指派董事/監察人),A199990 其他農業；C801110 肥料製造業；C801990 其他化學材料製造業；C802070 農藥製造業；C802080 環境用藥製造業；C802990 其他化學製品製造業；F103010 飼料批發業；F107041 農藥批發業；F107050 肥料批發業；F107080 環境用藥批發業,桃園市,變更,11508
44549792,台灣瀧澤科技股份有限公司,桃園市平鎮區宋屋里九鄰延平路3段505號,松田哲,724562460,61/09/15,115/08/26,改派董事/監察人,CB01010 機械設備製造業；CC01990 其他電機及電子機械器材製造業（半導體機械、ＰＣＢ鑽孔機製造）；CD01060 航空器及其零件製造業；ZZ99999 除許可業務外，得經營法令非禁止或限制之業務,桃園市,變更,11508
44561113,永強化工股份有限公司,桃園市平鎮區北興里關爺北路43號,李詩煒,68000000,60/09/30,115/08/04,一般補正案,,桃園市,變更,11508
44953764,十大交通股份有限公司,桃園市平鎮區北安里康樂路43號1樓,黃英達,10000000,65/06/25,115/08/28,改選董事/監察人(一人法人股東指派董事/監察人),,桃園市,變更,11508
44982634,大平企業有限公司,桃園市楊梅區秀才里甡甡路173巷35號,曾國森,5000000,66/12/08,115/08/17,修正章程,C303010 不織布業；C399990 其他紡織及製品製造業；F204110 布疋、衣著、鞋、帽、傘、服飾品零售業；F119010 電子材料批發業；F401010 國際貿易業；C805030 塑膠日用品製造業；C805050 工業用塑膠製品製造業；F118010 資訊軟體批發業；F212050 石油製品零售業；ZZ99999 除許可業務外，得經營法令非禁止或限制之業務,桃園市,變更,11508
44988617,台灣耐蝕企業股份有限公司,桃園市中壢區育英路40號(1樓),胡春蘭,5000000,67/05/31,115/08/24,改選董事/監察人(一人法人股東指派董事/監察人),CB01010 機械設備製造業；F113100 污染防治設備批發業；F113030 精密儀器批發業；F113010 機械批發業；H703100 不動產租賃業；E604010 機械安裝業；F401010 國際貿易業；ZZ99999 除許可業務外，得經營法令非禁止或限制之業務,桃園市,變更,11508
44994701,元鐵工業股份有限公司,桃園市中壢區松柏路13號,賴威克,13000000,67/09/26,115/08/19,公司所營事業變更修正章程,H703100 不動產租賃業；H201010 一般投資業；CD01030 汽車及其零件製造業；CQ01010 模具製造業；CB01010 機械設備製造業；CC01080 電子零組件製造業；F401010 國際貿易業；ZZ99999 除許可業務外，得經營法令非禁止或限制之業務,桃園市,變更,11508
45024870,臺益工業股份有限公司,桃園市觀音區保障里9鄰68之1號,陳素娥,60000000,69/05/10,115/08/21,改選董事/監察人(一人法人股東指派董事/監察人),A199990 其他農業；C801110 肥料製造業；C801990 其他化學材料製造業；C802070 農藥製造業；C802080 環境用藥製造業；C802990 其他化學製品製造業；F103010 飼料批發業；F107041 農藥批發業；F107050 肥料批發業；F107200 化學原料批發業,桃園市,變更,11508
45033977,泉信企業股份有限公司,桃園市中壢區三民里中正路696號2樓,吳克禎,28800000,67/11/22,115/08/24,補選董事(常務董事.董事長)/監察人,A102020 農產品整理業；C103050 罐頭、冷凍、脫水及醃漬食品製造業；C104010 糖果製造業；C104020 烘焙炊蒸食品製造業；C199020 食用冰製造業；F101050 水產品批發業；F101130 蔬果批發業；F102170 食品什貨批發業；F201010 農產品零售業；F201020 畜產品零售業,桃園市,變更,11508
45040512,通天禮儀股份有限公司,桃園市中壢區忠福里培英路218號1樓,張志偉,3600000,70/02/27,115/08/12,一般補正案,JZ99151 殯葬禮儀服務業；ZZ99999 除許可業務外，得經營法令非禁止或限制之業務,桃園市,變更,11508
45071021,承峰能源科技股份有限公司,桃園市桃園區天祥五街52號2樓,陳佩姗,17000000,105/04/07,115/08/19,公司印鑑變更,IG03010 能源技術服務業；D101060 再生能源自用發電設備業；CC01010 發電、輸電、配電機械製造業；CC01080 電子零組件製造業；E601020 電器安裝業；CC01090 電池製造業；I103060 管理顧問業；I102010 投資顧問業；H201010 一般投資業；H701010 住宅及大樓開發租售業,桃園市,變更,11508
45074744,薇果有限公司,桃園市龍潭區中山里北龍路391號,劉得鈞,630000,105/04/11,115/08/12,股東出資轉讓修正章程,F501030 飲料店業；F501060 餐館業；F203010 食品什貨、飲料零售業；ZZ99999 除許可業務外，得經營法令非禁止或限制之業務,桃園市,變更,11508
45091997,兆陽智慧科技股份有限公司,桃園市蘆竹區長興里長榮路165號,蔡易潔,15105500,105/04/19,115/08/04,復業副本,H201010 一般投資業；ZZ99999 除許可業務外，得經營法令非禁止或限制之業務,桃園市,變更,11508
45099626,松鈞工業股份有限公司,桃園市龍潭區梅龍路66號,許志銘,135000000,72/12/13,115/08/04,改選董事/監察人(一人法人股東指派董事/監察人),CC01080 電子零組件製造業；F119010 電子材料批發業；F219010 電子材料零售業；CQ01010 模具製造業；F106030 模具批發業；F206030 模具零售業；CC01990 其他電機及電子機械器材製造業；CB01010 機械設備製造業；F113010 機械批發業；F213080 機械器具零售業,桃園市,變更,11508
45101881,復旦科技有限公司,桃園市蘆竹區海湖里海山路二段164號1樓,郭讚銘,2500000,105/04/29,115/08/17,公司所營事業變更修正章程,D401010 熱能供應業；E501011 自來水管承裝商；E599010 配管工程業；E601010 電器承裝業；E603040 消防安全設備安裝工程業；E603050 自動控制設備工程業；E603090 照明設備安裝工程業；E603130 燃氣熱水器承裝業；E604010 機械安裝業；E605010 電腦設備安裝業,桃園市,變更,11508
45102811,佳達低溫物流有限公司,桃園市中壢區新中北路846巷1弄37號1樓,陳守德,25000000,105/05/03,115/08/14,股東出資轉讓修正章程,G101061 汽車貨運業；G801010 倉儲業；JA01990 其他汽車服務業；IZ06010 理貨包裝業；F114010 汽車批發業；F114030 汽、機車零件配備批發業；F114050 車胎批發業；ZZ99999 除許可業務外，得經營法令非禁止或限制之業務,桃園市,變更,11508
45104640,冠翔精密有限公司,桃園市中壢區文化里吉林二路31巷16號4樓,徐偉翔,3000000,105/05/09,115/08/05,增資,CC01010 發電、輸電、配電機械製造業；CC01080 電子零組件製造業；CC01990 其他電機及電子機械器材製造業；CA03010 熱處理業；CB01990 其他機械製造業；CD01060 航空器及其零件製造業；F104110 布疋、衣著、鞋、帽、傘、服飾品批發業；F106010 五金批發業；F107170 工業助劑批發業；F107200 化學原料批發業,桃園市,變更,11508
45104938,金倫有限公司,桃園市蘆竹區中山里福祿一街216號2樓,官益同,8473200,105/05/10,115/08/07,增資,F102030 菸酒批發業；F102170 食品什貨批發業；F208040 化粧品零售業；F208050 乙類成藥零售業；ZZ99999 除許可業務外，得經營法令非禁止或限制之業務,桃園市,變更,11508
45110208,金和旺實業有限公司,桃園市蘆竹區蘆興街100巷1弄13之1號1樓,李港水,2000000,105/05/24,115/08/25,股東出資轉讓修正章程,CA01050 鋼材二次加工業；CA02060 金屬容器製造業；CA02990 其他金屬製品製造業；CA04010 表面處理業；CB01010 機械設備製造業；CB01990 其他機械製造業；CC01010 發電、輸電、配電機械製造業；E502010 燃料導管安裝工程業；E599010 配管工程業；E601010 電器承裝業,桃園市,變更,11508
45111327,安適森股份有限公司,桃園市桃園區三民里中山東路167號4樓,許宥渝,1000000,105/05/27,115/08/03,改選董事/監察人(一人法人股東指派董事/監察人),F104110 布疋、衣著、鞋、帽、傘、服飾品批發業；F107030 清潔用品批發業；F108040 化粧品批發業；F114030 汽、機車零件配備批發業；F115010 首飾及貴金屬批發業；F205040 家具、寢具、廚房器具、裝設品零售業；F208040 化粧品零售業；F219010 電子材料零售業；F401010 國際貿易業；ZZ99999 除許可業務外，得經營法令非禁止或限制之業務,桃園市,變更,11508
45112085,台灣昕東超精密有限公司,桃園市中壢區新街里環北路398號17樓之6,李雁翔,8000000,105/05/30,115/08/19,公司所營事業變更修正章程,E603050 自動控制設備工程業；E604010 機械安裝業；E605010 電腦設備安裝業；F113010 機械批發業；F113030 精密儀器批發業；F113050 電腦及事務性機器設備批發業；JA02010 電器及電子產品修理業；F401010 國際貿易業；F101130 蔬果批發業；F102170 食品什貨批發業,桃園市,變更,11508
45112141,誠鷹特勤保全股份有限公司,桃園市桃園區中成里慈文路635巷31號(1樓),張家榕,40000000,105/05/31,115/08/11,董事/監察人地址變更,I901011 保全業,桃園市,變更,11508
45150263,順泰營造有限公司,桃園市中壢區幸福里延平路118號3樓,劉文桂,135000000,72/09/16,115/08/03,增資,,桃園市,變更,11508
45911974,天樺股份有限公司,桃園市楊梅區梅溪里新農街二段209巷63號,陳淡明,70000000,72/10/07,115/08/13,董事/監察人持股變動報備,,桃園市,變更,11508
50750702,鳳英顧問有限公司,桃園市平鎮區延平路二段15號15樓,唐杰,1000000,107/03/21,115/08/07,申登機關變更（遷入，含卷）,F104110 布疋、衣著、鞋、帽、傘、服飾品批發業；F399040 無店面零售業；F401010 國際貿易業；H703090 不動產買賣業；H703100 不動產租賃業；I102010 投資顧問業；I103060 管理顧問業；I199990 其他顧問服務業；I501010 產品設計業；J202010 產業育成業,桃園市,變更,11508
50842484,世鑫軸承國際有限公司,桃園市龍潭區民有一街231之13號13樓,易士軒,11000000,107/08/09,115/08/18,一般補正案,F106010 五金批發業；F106030 模具批發業；F107030 清潔用品批發業；F109070 文教、樂器、育樂用品批發業；F113010 機械批發業；F113020 電器批發業；F113030 精密儀器批發業；F119010 電子材料批發業；F206010 五金零售業；F206030 模具零售業,桃園市,變更,11508
50857325,平安國際租賃有限公司,桃園市大園區仁德路20號,葛戴陽,40000000,107/10/17,115/08/25,修正章程,G101041 小客車租賃業；G202010 停車場經營業；F114010 汽車批發業；F114030 汽、機車零件配備批發業；F399040 無店面零售業；I103060 管理顧問業；I301030 電子資訊供應服務業；I401010 一般廣告服務業；I501010 產品設計業；IZ12010 人力派遣業,桃園市,變更,11508
50908773,順發食品有限公司,桃園市楊梅區富豐里富民街668巷1號,卓玉堂,17600000,108/01/03,115/08/17,增資,C199990 未分類其他食品製造業；F102170 食品什貨批發業；F113010 機械批發業；F203010 食品什貨、飲料零售業；F213080 機械器具零售業；F399040 無店面零售業；F401010 國際貿易業；I101090 食品顧問業；I401010 一般廣告服務業；IZ12010 人力派遣業,桃園市,變更,11508
50910460,宇亮開發有限公司,桃園市蘆竹區山腳里12鄰海山路191巷31弄15號(1樓),郭寶元,100000,108/01/23,115/08/05,一般補正案,H701010 住宅及大樓開發租售業；H703090 不動產買賣業；H703100 不動產租賃業；H701020 工業廠房開發租售業；H702010 建築經理業；HZ99990 其他金融、保險及不動產業；I102010 投資顧問業；ZZ99999 除許可業務外，得經營法令非禁止或限制之業務；IZ12010 人力派遣業,桃園市,變更,11508
50911215,晨盟精機有限公司,桃園市中壢區中園路2段303巷65弄5號(1樓),陳怜伶,10000000,108/01/30,115/08/19,增資,CA01100 鋁材軋延、伸線、擠型業；CB01010 機械設備製造業；CB01990 其他機械製造業；CQ01010 模具製造業；CD01030 汽車及其零件製造業；CD01040 機車及其零件製造業；CE01010 一般儀器製造業；E603050 自動控制設備工程業；E604010 機械安裝業；EZ05010 儀器、儀表安裝工程業,桃園市,變更,11508
50912517,辰信通信有限公司,桃園市楊梅區埔心里中興路3號,楊寶鳳,2000000,108/02/23,115/08/21,股東出資轉讓修正章程,F113070 電信器材批發業；F213060 電信器材零售業；F206020 日常用品零售業；F208040 化粧品零售業；F209060 文教、樂器、育樂用品零售業；F213010 電器零售業；F213030 電腦及事務性機器設備零售業；IE01010 電信業務門號代辦業；ZZ99999 除許可業務外，得經營法令非禁止或限制之業務,桃園市,變更,11508
50912523,驊曖體育文化有限公司,桃園市中壢區新生路261號,林冠宇,9650000,108/02/23,115/08/07,增資,F209060 文教、樂器、育樂用品零售業；J803010 運動表演業；J802010 運動訓練業；J801030 競技及休閒運動場館業；ZZ99999 除許可業務外，得經營法令非禁止或限制之業務,桃園市,變更,11508
50912875,昆燡實業有限公司,桃園市蘆竹區福興里奉化路166之6號7樓,孫子明,5000000,108/02/26,115/08/21,增資,F199010 回收物料批發業；J101080 資源回收業；J101030 廢棄物清除業；J101040 廢棄物處理業；C805990 其他塑膠製品製造業；F106010 五金批發業；F119010 電子材料批發業；CA01070 廢車船解體及廢鋼鐵五金處理業；J101010 建築物清潔服務業；J101090 廢棄物清理業,桃園市,變更,11508
50914199,伯達國際實業股份有限公司,桃園市桃園區龍安街96號6樓之1,鍾帆,6180000,108/03/13,115/08/12,發行新股,F103010 飼料批發業；F202010 飼料零售業；F106060 寵物食品及其用品批發業；F206050 寵物食品及其用品零售業；F107070 動物用藥品批發業；F207070 動物用藥零售業；F107080 環境用藥批發業；F207080 環境用藥零售業；F121010 食品添加物批發業；F221010 食品添加物零售業,桃園市,變更,11508
50916083,渠泉國際有限公司,桃園市桃園區汴洲里春日路1434巷69號2樓,林郎永清,2000000,108/03/27,115/08/11,董事/股東地址變更,C104020 烘焙炊蒸食品製造業；F102170 食品什貨批發業；F201010 農產品零售業；F203010 食品什貨、飲料零售業；F206020 日常用品零售業；I101090 食品顧問業；F501030 飲料店業；F501060 餐館業；I103060 管理顧問業；ZZ99999 除許可業務外，得經營法令非禁止或限制之業務,桃園市,變更,11508
50916231,美心設計有限公司,桃園市新屋區清華一街62號,陳語欣,100000,108/03/28,115/08/18,公司所在地,E801010 室內裝潢業；E801020 門窗安裝工程業；E801030 室內輕鋼架工程業；E801040 玻璃安裝工程業；E801070 廚具、衛浴設備安裝工程業；E901010 油漆工程業；EZ99990 其他工程業；F105050 家具、寢具、廚房器具、裝設品批發業；F111090 建材批發業；I501010 產品設計業,桃園市,變更,11508
50916611,飛翔網路有限公司,桃園市八德區桃鶯路南僑巷12號4樓,鍾震遠,1570000,108/04/03,115/08/06,增資,I301010 資訊軟體服務業；IZ99990 其他工商服務業；F399040 無店面零售業；ZZ99999 除許可業務外，得經營法令非禁止或限制之業務,桃園市,變更,11508
50917702,拜樂威有限公司,桃園市桃園區中成里正光二街8巷2號7樓,王輝源,500000,108/04/12,115/08/11,一般補正案,F104110 布疋、衣著、鞋、帽、傘、服飾品批發業；F102170 食品什貨批發業；F105050 家具、寢具、廚房器具、裝設品批發業；F106010 五金批發業；F106020 日常用品批發業；F107030 清潔用品批發業；F108040 化粧品批發業；F109070 文教、樂器、育樂用品批發業；F204110 布疋、衣著、鞋、帽、傘、服飾品零售業；F203010 食品什貨、飲料零售業,桃園市,變更,11508
50917837,宜丞公寓大廈管理維護股份有限公司,桃園市中壢區松義路82號,楊楚丞,10000000,108/04/15,115/08/03,公司所在地,I801011 公寓大廈管理服務業；IB01010 建築物公共安全檢查業；J101010 建築物清潔服務業；A102080 園藝服務業；H703100 不動產租賃業；E603040 消防安全設備安裝工程業；G202010 停車場經營業；ZZ99999 除許可業務外，得經營法令非禁止或限制之業務,桃園市,變更,11508
50918890,金祿企業有限公司,桃園市蘆竹區南山路三段300號（1樓）,陳怡婷,100000,108/04/24,115/08/31,公司所營事業變更修正章程,F214030 汽、機車零件配備零售業；F214050 車胎零售業；F114030 汽、機車零件配備批發業；F114050 車胎批發業；F113010 機械批發業；F113020 電器批發業；F113030 精密儀器批發業；F113050 電腦及事務性機器設備批發業；F113070 電信器材批發業；F113090 交通標誌器材批發業,桃園市,變更,11508
50919758,鈦合有限公司,桃園市大溪區仁愛里埔頂路一段379之1號,蘇峻鋌,4000000,108/05/01,115/08/27,公司名稱變更修正章程,F214010 汽車零售業；F214020 機車零售業；F214030 汽、機車零件配備零售業；F401010 國際貿易業；JA01010 汽車修理業；JA01990 其他汽車服務業；IZ99990 其他工商服務業；ZZ99999 除許可業務外，得經營法令非禁止或限制之業務,桃園市,變更,11508
50920517,聖安實業有限公司,桃園市桃園區天祥七街98之1號5樓,林慈容,5000000,108/05/08,115/08/19,股東出資轉讓修正章程,E502010 燃料導管安裝工程業；E599010 配管工程業；E601010 電器承裝業；E601020 電器安裝業；E603010 電纜安裝工程業；E603040 消防安全設備安裝工程業；E603090 照明設備安裝工程業；E801010 室內裝潢業；E801020 門窗安裝工程業；E801030 室內輕鋼架工程業,桃園市,變更,11508
50922796,恆智實業有限公司,桃園市桃園區泰山里中山路425巷6號6樓之8,張智舜,10000000,108/05/27,115/08/10,增資,E599010 配管工程業；E601010 電器承裝業；E601020 電器安裝業；EZ15010 保溫、保冷安裝工程業；E801030 室內輕鋼架工程業；IZ15010 市場研究及民意調查業；F199990 其他批發業；F120010 耐火材料批發業；F220010 耐火材料零售業；A102080 園藝服務業,桃園市,變更,11508
50924020,禾健生技股份有限公司,桃園市桃園區介壽路22號,柯長崎,56000000,108/06/11,115/08/03,一般補正案,F102030 菸酒批發業；F203020 菸酒零售業；F399040 無店面零售業；F399990 其他綜合零售業；F102040 飲料批發業；F102170 食品什貨批發業；F203010 食品什貨、飲料零售業；F102050 茶葉批發業；F108040 化粧品批發業；F401010 國際貿易業,桃園市,變更,11508
50956346,樂瑞有限公司,桃園市蘆竹區長興里南崁路二段66之8號8樓,黃仁政,1750000,108/06/28,115/08/10,股東出資轉讓修正章程,F201010 農產品零售業；F203010 食品什貨、飲料零售業；F204110 布疋、衣著、鞋、帽、傘、服飾品零售業；F205040 家具、寢具、廚房器具、裝設品零售業；F206020 日常用品零售業；F206010 五金零售業；F207030 清潔用品零售業；F208040 化粧品零售業；F209060 文教、樂器、育樂用品零售業；F299990 其他零售業,桃園市,變更,11508
50956351,鴻憘生活館有限公司,桃園市八德區介壽路二段245號(一樓、二樓),蔡旺岐,10000000,108/06/28,115/08/10,一般補正案,F102030 菸酒批發業；F102040 飲料批發業；F102170 食品什貨批發業；F106010 五金批發業；F106020 日常用品批發業；F106050 陶瓷玻璃器皿批發業；F107190 塑膠膜、袋批發業；F108031 醫療器材批發業；F109070 文教、樂器、育樂用品批發業；F201010 農產品零售業,桃園市,變更,11508
50956900,荃聚整合行銷有限公司,桃園市中壢區新街里環北路400號10樓之3,李忠憲,3000000,108/07/03,115/08/17,公司所營事業變更修正章程,I103060 管理顧問業；I199990 其他顧問服務業；I301010 資訊軟體服務業；I301020 資料處理服務業；I301030 電子資訊供應服務業；I401010 一般廣告服務業；I401020 廣告傳單分送業；I501010 產品設計業；IZ12010 人力派遣業；J601010 藝文服務業,桃園市,變更,11508
50957008,晴安國際體育有限公司,桃園市桃園區中平里中山路683之2號,曾秭畇,1000000,108/07/04,115/08/24,改推董事/董事長,F102040 飲料批發業；F102170 食品什貨批發業；F104110 布疋、衣著、鞋、帽、傘、服飾品批發業；F105050 家具、寢具、廚房器具、裝設品批發業；F106020 日常用品批發業；F109070 文教、樂器、育樂用品批發業；F110010 鐘錶批發業；F113010 機械批發業；F113020 電器批發業；F113030 精密儀器批發業,桃園市,變更,11508
50957106,永立開發工程有限公司,桃園市桃園區龍祥里中山路1216巷102號7樓,吳松謙,2000000,108/07/04,115/08/11,公司所在地,E601010 電器承裝業；E601020 電器安裝業；E603010 電纜安裝工程業；E603020 電梯安裝工程業；E603040 消防安全設備安裝工程業；E603050 自動控制設備工程業；E603090 照明設備安裝工程業；E603100 電焊工程業；EZ99990 其他工程業；F106010 五金批發業,桃園市,變更,11508
50959239,爬森股份有限公司,桃園市桃園區同安街522號,廖政琦,5000000,108/07/23,115/08/19,一般補正案,J701040 休閒活動場館業；J801030 競技及休閒運動場館業；J802010 運動訓練業；J803020 運動比賽業；J799990 其他休閒服務業；F102170 食品什貨批發業；F203010 食品什貨、飲料零售業；F109070 文教、樂器、育樂用品批發業；F209060 文教、樂器、育樂用品零售業；F399040 無店面零售業,桃園市,變更,11508
50959940,勤鑫投資有限公司,桃園市蘆竹區南竹路一段98巷18號二樓,周勤富,11000000,108/07/29,115/08/21,公司所在地,H201010 一般投資業；ZZ99999 除許可業務外，得經營法令非禁止或限制之業務,桃園市,變更,11508
50966858,晟泰豐有限公司,桃園市龍潭區八德里梅龍路515巷47之5號（1樓）,徐春安,20000000,108/10/31,115/08/12,減少所營事業變更修正章程,C703010 印刷品裝訂及加工業；C805010 塑膠皮、布、板、管材製造業；C805020 塑膠膜、袋製造業；C805030 塑膠日用品製造業；C805050 工業用塑膠製品製造業；C805060 塑膠皮製品製造業；C805070 強化塑膠製品製造業；C805990 其他塑膠製品製造業；CM01010 箱、包、袋製造業；F107190 塑膠膜、袋批發業,桃園市,變更,11508
50970375,大晉精密科技有限公司,桃園市中壢區民族路六段642巷65號,張玉真,20000000,107/11/05,115/08/27,增資,CA02990 其他金屬製品製造業；C805990 其他塑膠製品製造業；C501990 其他木製品製造業；C901990 其他非金屬礦物製品製造業；C805070 強化塑膠製品製造業；CA01990 其他非鐵金屬基本工業；CZ99990 未分類其他工業製品製造業；F213080 機械器具零售業；F106010 五金批發業；F111090 建材批發業,桃園市,變更,11508
50972535,愛力美企業有限公司,桃園市楊梅區梅溪里三元街160巷20號(1樓),陳惟傑,1000000,107/11/16,115/08/19,申登機關變更（遷入，含卷）,F114030 汽、機車零件配備批發業；F105050 家具、寢具、廚房器具、裝設品批發業；F104110 布疋、衣著、鞋、帽、傘、服飾品批發業；F119010 電子材料批發業；I501010 產品設計業；ZZ99999 除許可業務外，得經營法令非禁止或限制之業務,桃園市,變更,11508
50986361,呈云科技有限公司,桃園市蘆竹區長興里南崁路二段9號3樓之6,蔡孟澤,5200000,108/01/30,115/08/24,股東出資轉讓修正章程,F102170 食品什貨批發業；F106020 日常用品批發業；F107030 清潔用品批發業；F108040 化粧品批發業；F109070 文教、樂器、育樂用品批發業；F114030 汽、機車零件配備批發業；F119010 電子材料批發業；F201010 農產品零售業；F201030 水產品零售業；F203010 食品什貨、飲料零售業,桃園市,變更,11508
50991651,昂誠科技股份有限公司,桃園市中壢區洽溪里民溪七路43號8樓,劉勇利,3200000,108/03/08,115/08/05,申登機關變更（遷入，含卷）,F113050 電腦及事務性機器設備批發業；F213030 電腦及事務性機器設備零售業；F113030 精密儀器批發業；F213040 精密儀器零售業；F113060 度量衡器批發業；F213050 度量衡器零售業；F113070 電信器材批發業；F213060 電信器材零售業；F118010 資訊軟體批發業；F218010 資訊軟體零售業,桃園市,變更,11508
52559420,萊晶綠能科技股份有限公司,桃園市平鎮區大昌路57巷41號3樓,許文智,40000000,106/02/07,115/08/19,一般補正案,D101060 再生能源自用發電設備業；I103060 管理顧問業；IG02010 研究發展服務業；IG03010 能源技術服務業；E603050 自動控制設備工程業；EZ05010 儀器、儀表安裝工程業；EZ15010 保溫、保冷安裝工程業；EZ99990 其他工程業；E603010 電纜安裝工程業；E603090 照明設備安裝工程業,桃園市,變更,11508
52628257,千川鼎有限公司,桃園市桃園區三元里民有六街111號2樓,謝欣蓉,200000,106/03/30,115/08/27,公司名稱變更修正章程,F102170 食品什貨批發業；F105050 家具、寢具、廚房器具、裝設品批發業；F102040 飲料批發業；F113020 電器批發業；F205040 家具、寢具、廚房器具、裝設品零售業；F213010 電器零售業；F203010 食品什貨、飲料零售業；F399040 無店面零售業；F399990 其他綜合零售業；F401010 國際貿易業,桃園市,變更,11508
52686798,翔駿國際物流有限公司,桃園市中壢區文發路185號7樓,巫坤樺,25000000,106/05/12,115/08/24,一般補正案,G101061 汽車貨運業；G601011 航空貨運承攬業；G801010 倉儲業；IZ06010 理貨包裝業；ZZ99999 除許可業務外，得經營法令非禁止或限制之業務,桃園市,變更,11508
53034541,美麗華國際保全股份有限公司,桃園市桃園區經國一路96號13樓,蘇麗華,40000000,99/04/30,115/08/10,公司所在地,I901011 保全業,桃園市,變更,11508
53035817,銘宏億興業有限公司,桃園市大園區溪海里聖德北路22巷76弄7號,張瑞明,5000000,99/05/03,115/08/12,一般補正案,F113010 機械批發業；F113030 精密儀器批發業；F113100 污染防治設備批發業；F199010 回收物料批發業；ZZ99999 除許可業務外，得經營法令非禁止或限制之業務,桃園市,變更,11508
53043577,集智建設有限公司,桃園市桃園區福安里保羅街56巷12號,珮瑩,25000000,99/05/18,115/08/26,股東出資轉讓修正章程,H701010 住宅及大樓開發租售業；H701020 工業廠房開發租售業；H701050 投資興建公共建設業；H701060 新市鎮、新社區開發業；H701070 區段徵收及市地重劃代辦業；H703090 不動產買賣業；F111090 建材批發業；H703100 不動產租賃業；I401010 一般廣告服務業；I503010 景觀、室內設計業,桃園市,變更,11508
53056853,達金開發有限公司,桃園市中壢區青埔里青埔四街77號12樓,朱耕肊,3000000,99/06/11,115/08/24,股東出資轉讓修正章程,F114030 汽、機車零件配備批發業；F401010 國際貿易業；ZZ99999 除許可業務外，得經營法令非禁止或限制之業務,桃園市,變更,11508
53110723,萬嘉環保工業股份有限公司,桃園市觀音區環科路188號,范治平,206000000,99/11/22,115/08/13,減資,J101030 廢棄物清除業；J101040 廢棄物處理業；J101050 環境檢測服務業；J101060 廢（污）水處理業；J101070 放射性廢料處理服務業；J101080 資源回收業；J101090 廢棄物清理業；J101990 其他環境衛生及污染防治服務業；JZ99990 未分類其他服務業；C802080 環境用藥製造業,桃園市,變更,11508
53111363,新盟投資股份有限公司,桃園市桃園區藝文一街86之3號12樓,邱雲超,60000000,99/11/23,115/08/05,申登機關變更（遷入，含卷）,H201010 一般投資業,桃園市,變更,11508
53139904,泓宙科技有限公司,桃園市桃園區莊敬路一段332號2樓之2,金怡葒,2000000,99/08/17,115/08/20,改推董事/董事長,F113010 機械批發業；F113030 精密儀器批發業；F113990 其他機械器具批發業；F119010 電子材料批發業；F213040 精密儀器零售業；F213080 機械器具零售業；F213990 其他機械器具零售業；F219010 電子材料零售業；E599010 配管工程業；E601010 電器承裝業,桃園市,變更,11508
53143941,浤溥開發有限公司,桃園市桃園區同安里藝文一街60號四樓,康政昱,30000000,99/08/25,115/08/10,公司名稱變更修正章程,F101040 家畜家禽批發業；F102170 食品什貨批發業；F401010 國際貿易業；F101050 水產品批發業；F101130 蔬果批發業；F101990 其他農、畜、水產品批發業；F399040 無店面零售業；ZZ99999 除許可業務外，得經營法令非禁止或限制之業務；CA02060 金屬容器製造業；F106010 五金批發業,桃園市,變更,11508
53170398,吉澧建設股份有限公司,桃園市桃園區中正里忠一路166號,鄭皓文,10000000,99/10/18,115/08/11,改選董事/監察人(一人法人股東指派董事/監察人),H701010 住宅及大樓開發租售業；H701020 工業廠房開發租售業；H701050 投資興建公共建設業；H701060 新市鎮、新社區開發業；H703090 不動產買賣業；H703100 不動產租賃業；I401010 一般廣告服務業；I401020 廣告傳單分送業；I503010 景觀、室內設計業；IZ12010 人力派遣業,桃園市,變更,11508
53170545,兆佑昌有限公司,桃園市龍潭區八德里梅龍一街50巷3弄12號1樓,黃識軒,3100000,99/10/19,115/08/19,股東出資轉讓修正章程,J101010 建築物清潔服務業；J101020 病媒防治業；J101060 廢（污）水處理業；J101080 廢棄物資源回收業；IZ12010 人力派遣業；E599010 配管工程業；E901010 油漆工程業；F106020 日常用品批發業；F107030 清潔用品批發業；F113100 污染防治設備批發業,桃園市,變更,11508
53208514,寶泰建設股份有限公司,桃園市龜山區科技一路69號3樓,陳銘智,250000000,100/01/31,115/08/13,一般補正案,H701010 住宅及大樓開發租售業；H701020 工業廠房開發租售業；H701040 特定專業區開發業；H701050 投資興建公共建設業；H701060 新市鎮、新社區開發業；H701070 區段徵收及市地重劃代辦業；H701080 都市更新重建業；H701090 都市更新整建維護業；H703090 不動產買賣業；H703100 不動產租賃業,桃園市,變更,11508
53267885,昆岱企業有限公司,桃園市八德區興仁里豐田三路12巷7號1樓,康何勇,6000000,99/11/24,115/08/19,公司所營事業變更修正章程,F106010 五金批發業；F111090 建材批發業；F113010 機械批發業；F113110 電池批發業；F199990 其他批發業；F401010 國際貿易業；J101030 廢棄物清除業；J101080 資源回收業；J101090 廢棄物清理業；J101040 廢棄物處理業,桃園市,變更,11508
53275745,兆春工程股份有限公司,桃園市八德區和平路1441巷109弄3號,高畦銨,10000000,99/12/10,115/08/05,改選董事/監察人(一人法人股東指派董事/監察人),E502010 燃料導管安裝工程業；E599010 配管工程業；E601010 電器承裝業；E601020 電器安裝業；E604010 機械安裝業；E701020 衛星電視ＫＵ頻道、Ｃ頻道器材安裝業；EZ02010 起重工程業；EZ07010 鑽孔工程業；F113020 電器批發業；A102080 園藝服務業,桃園市,變更,11508
53282577,金永興科技股份有限公司,桃園市八德區瑞豐里友聯街52號,李婷如,50000000,99/12/23,115/08/06,一般補正案,CA05010 粉末冶金業；CA02990 其他金屬製品製造業；CC01080 電子零組件製造業；F401010 國際貿易業；F106030 模具批發業；ZZ99999 除許可業務外，得經營法令非禁止或限制之業務,桃園市,變更,11508
53307774,耀太建設有限公司,桃園市八德區大勇里忠勇街356號(2樓),李芳榆,20000000,100/02/23,115/08/19,公司所在地,H701010 住宅及大樓開發租售業；H701020 工業廠房開發租售業；H701050 投資興建公共建設業；H701060 新市鎮、新社區開發業；H703090 不動產買賣業；H703100 不動產租賃業；I503010 景觀、室內設計業；ZZ99999 除許可業務外，得經營法令非禁止或限制之業務；I102010 一般投資顧問業；I103060 管理顧問業,桃園市,變更,11508
53370305,富達管理顧問股份有限公司,桃園市觀音區草新里學文一街42號3樓,廖書嫻,2500000,100/03/18,115/08/21,增資(資本總額),I103060 管理顧問業；IZ12010 人力派遣業；IZ15010 市場研究及民意調查業；JB01010 會議及展覽服務業；H703090 不動產買賣業；H703100 不動產租賃業；ZZ99999 除許可業務外，得經營法令非禁止或限制之業務；I199990 其他顧問服務業；I301020 資料處理服務業；IZ04010 翻譯業,桃園市,變更,11508
53376429,緯柏國際貿易有限公司,桃園市平鎮區延平路三段640巷151之8號,陳義乾,20000000,100/03/30,115/08/11,一般補正案,F102170 食品什貨批發業；F102020 食用油脂批發業；F102030 菸酒批發業；F102040 飲料批發業；F102050 茶葉批發業；F121010 食品添加物批發業；F101990 其他農、畜、水產品批發業；F106070 祭祀用品批發業；F107030 清潔用品批發業；A102020 農產品整理業,桃園市,變更,11508
53378952,龍盟環保交通有限公司,桃園市八德區介壽路二段909號,吳冠穎,25000000,100/04/06,115/08/03,股東出資轉讓修正章程,G101061 汽車貨運業；J101030 廢棄物清除業；J101040 廢棄物處理業；J101090 廢棄物清理業；JA01010 汽車修理業；G801010 倉儲業；I103060 管理顧問業；IZ06010 理貨包裝業；IZ12010 人力派遣業；IZ99990 其他工商服務業,桃園市,變更,11508
53384271,無上菩提開發有限公司,桃園市中壢區松嶺里松勤路52號9樓,袁友山,300000,100/04/14,115/08/13,一般補正案,F101050 水產品批發業；F101120 觀賞魚批發業；F101130 蔬果批發業；F102020 食用油脂批發業；F102030 菸酒批發業；F102040 飲料批發業；F102050 茶葉批發業；F102170 食品什貨批發業；F104110 布疋、衣著、鞋、帽、傘、服飾品批發業；F105050 家具、寢具、廚房器具、裝設品批發業,桃園市,變更,11508
53401068,翃裕有限公司,桃園市蘆竹區新莊里龍安街三段141巷32號,黃菊枝,2000000,100/05/16,115/08/10,增資,C501990 其他木製品製造業；F106010 五金批發業；F111090 建材批發業；F199990 其他批發業；ZZ99999 除許可業務外，得經營法令非禁止或限制之業務,桃園市,變更,11508
53410658,順誠建設股份有限公司,桃園市龜山區樂善里文禾路188號13樓,葉宜學,15000000,100/05/20,115/08/06,改選董事/監察人(一人法人股東指派董事/監察人),H701010 住宅及大樓開發租售業；H701020 工業廠房開發租售業；H701050 投資興建公共建設業；H701060 新市鎮、新社區開發業；H703100 不動產租賃業；JZ99050 仲介服務業；H701040 特定專業區開發業；H701070 區段徵收及市地重劃代辦業；H701080 都市更新重建業；H702010 建築經理業,桃園市,變更,11508
53504389,萬瑞不動產有限公司,桃園市中壢區環中東路二段518號2樓,劉邦譽,1000000,100/08/04,115/08/21,公司所在地,H704031 不動產仲介經紀業；H704041 不動產代銷經紀業；I401010 一般廣告服務業；E801010 室內裝潢業；F105050 家具、寢具、廚房器具、裝設品批發業；ZZ99999 除許可業務外，得經營法令非禁止或限制之業務；H706011 租賃住宅代管業；H706021 租賃住宅包租業,桃園市,變更,11508
53511781,旭強裝潢工程有限公司,桃園市中壢區青商路61號2樓,潘旭純,4000000,100/08/19,115/08/12,增資,E801030 室內輕鋼架工程業；E801010 室內裝潢業；EZ99990 其他工程業；F111090 建材批發業；ZZ99999 除許可業務外，得經營法令非禁止或限制之業務,桃園市,變更,11508
53601615,杰雨有限公司,桃園市平鎮區延平路二段15號15樓,周哲緯,1000000,100/09/09,115/08/10,申登機關變更（遷入，含卷）,I102010 投資顧問業；I103060 管理顧問業；I401010 一般廣告服務業；F102170 食品什貨批發業；F103010 飼料批發業；F104110 布疋、衣著、鞋、帽、傘、服飾品批發業；F106020 日常用品批發業；F108040 化粧品批發業；F109070 文教、樂器、育樂用品批發業；F113050 電腦及事務性機器設備批發業,桃園市,變更,11508
53618313,穎誠實業股份有限公司,桃園市觀音區坑尾里中山路一段928巷527號(1樓),王佑誠,2000000,100/10/14,115/08/21,改選董事/監察人(一人法人股東指派董事/監察人),F106010 五金批發業；F106030 模具批發業；F111090 建材批發業；F113010 機械批發業；F115020 礦石批發業；F401010 國際貿易業；E603050 自動控制設備工程業；ZZ99999 除許可業務外，得經營法令非禁止或限制之業務,桃園市,變更,11508
53622484,先馳資訊有限公司,桃園市中壢區福州路35號(1樓),黃芳盈,5000000,100/10/24,115/08/26,改推董事/董事長,F109070 文教、樂器、育樂用品批發業；F113020 電器批發業；F113030 精密儀器批發業；F113050 電腦及事務性機器設備批發業；F118010 資訊軟體批發業；F213030 電腦及事務性機器設備零售業；F213060 電信器材零售業；F218010 資訊軟體零售業；F401010 國際貿易業；I301010 資訊軟體服務業,桃園市,變更,11508
53624032,百喆精密工業有限公司,桃園市桃園區同安里藝文一街86之2號7樓,,3000000,100/10/27,115/08/24,解散,F106010 五金批發業；F401010 國際貿易業；ZZ99999 除許可業務外，得經營法令非禁止或限制之業務,桃園市,變更,11508
53627994,京程科技股份有限公司,桃園市龜山區民生北路1段40之2號5樓之3,蘇苗宗,26000000,100/11/03,115/08/07,一般補正案,F107010 漆料、塗料批發業；F107200 化學原料批發業；F111090 建材批發業；F113010 機械批發業；F114030 汽、機車零件配備批發業；F118010 資訊軟體批發業；F119010 電子材料批發業；F207010 漆料、塗料零售業；F207020 染料、顏料零售業；F207030 清潔用品零售業,桃園市,變更,11508
53629249,新碩達瓶裝系統科技股份有限公司,桃園市八德區後庄街33巷14號(1樓),賴紓婕,10000000,100/11/07,115/08/05,改選董事/監察人(一人法人股東指派董事/監察人),F113010 機械批發業；F113030 精密儀器批發業；F113050 電腦及事務性機器設備批發業；F113990 其他機械器具批發業；F114990 其他交通運輸工具及其零件批發業；F118010 資訊軟體批發業；F119010 電子材料批發業；F120010 耐火材料批發業；F199990 其他批發業；F399040 無店面零售業,桃園市,變更,11508
53641709,睿驊生技國際股份有限公司,桃園市蘆竹區南崁路二段228巷250弄41號,虞彩驊,10000000,100/12/05,115/08/21,公司所在地,C802100 化粧品製造業；F108040 化粧品批發業；F206020 日常用品零售業；F207030 清潔用品零售業；F208040 化粧品零售業；F399040 無店面零售業；F399990 其他綜合零售業；F401010 國際貿易業；IG01010 生物技術服務業；F102170 食品什貨批發業,桃園市,變更,11508
53643684,吉样廚具有限公司,桃園市平鎮區南勢里南東路447號1樓,張秀音,2000000,100/12/08,115/08/03,股東出資轉讓修正章程,F105050 家具、寢具、廚房器具、裝設品批發業；F106010 五金批發業；F106040 水器材料批發業；ZZ99999 除許可業務外，得經營法令非禁止或限制之業務,桃園市,變更,11508
53646893,豪士多包裝材料有限公司,桃園市中壢區興華里復華九街50號11樓,簡素秋,1000000,100/12/13,115/08/17,股東出資轉讓修正章程,F107190 塑膠膜、袋批發業；F109070 文教、樂器、育樂用品批發業；F119010 電子材料批發業；F207190 塑膠膜、袋零售業；F209060 文教、樂器、育樂用品零售業；F219010 電子材料零售業；F113010 機械批發業；F213080 機械器具零售業；F401010 國際貿易業；ZZ99999 除許可業務外，得經營法令非禁止或限制之業務,桃園市,變更,11508
53683290,煒宸工程有限公司,桃園市楊梅區梅獅路二段789巷12弄25號(1樓),林宏樺,10000000,101/02/10,115/08/06,申登機關變更（遷入，含卷）,E603100 電焊工程業；E604010 機械安裝業；E801010 室內裝潢業；EZ02010 起重工程業；E901010 油漆工程業；EZ99990 其他工程業；F106010 五金批發業；F111090 建材批發業；F113010 機械批發業；ZZ99999 除許可業務外，得經營法令非禁止或限制之業務,桃園市,變更,11508
53769992,超捷境有限公司,桃園市桃園區介壽路495巷65號14樓,林釗名,2000000,101/05/30,115/08/10,公司所在地,F118010 資訊軟體批發業；JZ99050 仲介服務業；I103060 管理顧問業；I401010 一般廣告服務業；F399040 無店面零售業；ZZ99999 除許可業務外，得經營法令非禁止或限制之業務,桃園市,變更,11508
53779099,玉綺國際股份有限公司,桃園市桃園區建國路90號6樓,吳清顯,22500000,101/06/28,115/08/27,申登機關變更（遷入，含卷）,F107200 化學原料批發業；F207200 化學原料零售業；F119010 電子材料批發業；F219010 電子材料零售業；F401010 國際貿易業；F107010 漆料、塗料批發業；F207010 漆料、塗料零售業；F107020 染料、顏料批發業；F207020 染料、顏料零售業；F107170 工業助劑批發業,桃園市,變更,11508
53781258,上班族服飾有限公司,桃園市桃園區中正路１４１１號,尹藝,2500000,100/12/23,115/08/04,增資,F204110 布疋、衣著、鞋、帽、傘、服飾品零售業；F205040 家具、寢具、廚房器具、裝設品零售業；F104110 布疋、衣著、鞋、帽、傘、服飾品批發業,桃園市,變更,11508
53781932,聖禾投資有限公司,桃園市桃園區藝文一街86之3號12樓,葉步章,6650000,100/12/26,115/08/14,公司所在地,H201010 一般投資業,桃園市,變更,11508
53782117,和暘投資有限公司,桃園市桃園區藝文一街86之3號12樓,吳明致,7000000,100/12/26,115/08/25,公司所在地,H201010 一般投資業,桃園市,變更,11508
53789955,宏軒投資有限公司,桃園市桃園區藝文一街86之3號12樓,林豐正,6550000,101/01/12,115/08/14,公司所在地,H201010 一般投資業,桃園市,變更,11508
53794660,鈞廣定貿易股份有限公司,桃園市八德區大竹里榮興路33號,李紹翊,6000000,101/01/20,115/08/14,改選董事/監察人(一人法人股東指派董事/監察人),CB01020 事務機器製造業；CC01030 電器及視聽電子產品製造業；CC01080 電子零組件製造業；E601010 電器承裝業；E601020 電器安裝業；F106030 模具批發業；F113020 電器批發業；F113050 電腦及事務性機器設備批發業；F113070 電信器材批發業；F113110 電池批發業,桃園市,變更,11508
53797688,五炫甲歸林資產管理有限公司,桃園市龜山區文化一路282號十一樓,林景炫,5002000,101/02/07,115/08/26,改推董事/董事長,HZ02010 金融機構金錢債權收買業務；ZZ99999 除許可業務外，得經營法令非禁止或限制之業務,桃園市,變更,11508
53800142,新味商店有限公司,桃園市蘆竹區中福里興福街69巷13號,顏震傑,100000,101/02/13,115/08/26,股東出資轉讓修正章程,F101990 其他農、畜、水產品批發業；F102170 食品什貨批發業；F199990 其他批發業；F401010 國際貿易業；ZZ99999 除許可業務外，得經營法令非禁止或限制之業務,桃園市,變更,11508
53807807,興聚建設股份有限公司,桃園市桃園區大興西路二段6號15樓之1,蘇孟光,10000000,101/03/01,115/08/18,一般補正案,H701010 住宅及大樓開發租售業；H702010 建築經理業；H703090 不動產買賣業；H703100 不動產租賃業；H701020 工業廠房開發租售業；H701060 新市鎮、新社區開發業；H701070 區段徵收及市地重劃代辦業；H701080 都市更新重建業；H701090 都市更新整建維護業；ZZ99999 除許可業務外，得經營法令非禁止或限制之業務,桃園市,變更,11508
53810731,鴻鼎市地重劃開發股份有限公司,桃園市桃園區青溪里中央街293號六樓,張永湘,1000000,101/03/06,115/08/24,改選董事/監察人(一人法人股東指派董事/監察人),H701010 住宅及大樓開發租售業；H701040 特定專業區開發業；H701060 新市鎮、新社區開發業；H701070 區段徵收及市地重劃代辦業；H701080 都市更新重建業；H701090 都市更新整建維護業；H702010 建築經理業；H703090 不動產買賣業；H703100 不動產租賃業；ZZ99999 除許可業務外，得經營法令非禁止或限制之業務,桃園市,變更,11508
53811078,南方企業股份有限公司,桃園市桃園區中正路1071號15樓之3,鍾麗華,273219840,101/03/06,115/08/06,改派董事/監察人,F101050 水產品批發業；F102040 飲料批發業；F102170 食品什貨批發業；F103010 飼料批發業；F108040 化粧品批發業；F113990 其他機械器具批發業；F201030 水產品零售業；F202010 飼料零售業；F208040 化粧品零售業；F401010 國際貿易業,桃園市,變更,11508
53819389,達勛聯通有限公司,桃園市楊梅區雙榮里民族路五段147巷55號3樓,鄭俊庭,4000000,101/03/22,115/08/12,減資,F101050 水產品批發業；F101130 蔬果批發業；F102170 食品什貨批發業；F106010 五金批發業；IZ06010 理貨包裝業；G799990 其他運輸輔助業；ZZ99999 除許可業務外，得經營法令非禁止或限制之業務,桃園市,變更,11508
53823659,廣茗翔貿易股份有限公司,桃園市八德區大竹里榮興路33號,李紹翊,6000000,101/03/28,115/08/14,改選董事/監察人(一人法人股東指派董事/監察人),CB01020 事務機器製造業；CC01030 電器及視聽電子產品製造業；CC01080 電子零組件製造業；E601010 電器承裝業；E601020 電器安裝業；F106030 模具批發業；F107990 其他化學製品批發業；F113020 電器批發業；F113050 電腦及事務性機器設備批發業；F113070 電信器材批發業,桃園市,變更,11508
53831525,台鎔科技材料股份有限公司,桃園市觀音區大潭里1鄰環科路216號,陳麗麗,1061263340,101/04/12,115/08/07,發行新股,F107170 工業助劑批發業；F107990 其他化學製品批發業；F111090 建材批發業；F113010 機械批發業；F115010 首飾及貴金屬批發業；F119010 電子材料批發業；F120010 耐火材料批發業；F199010 回收物料批發業；F215010 首飾及貴金屬零售業；F401010 國際貿易業,桃園市,變更,11508
53832475,雋詠工程有限公司,桃園市中壢區中央里復興路29號,李紀影,2000000,101/04/13,115/08/18,公司所在地,E801010 室內裝潢業；E801020 門窗安裝工程業；E801030 室內輕鋼架工程業；E801040 玻璃安裝工程業；E801070 廚具、衛浴設備安裝工程業；E901010 油漆工程業；E903010 防蝕、防銹工程業；F106010 五金批發業；F106040 水器材料批發業；F111090 建材批發業,桃園市,變更,11508
53837176,禾麥烘焙有限公司,桃園市龜山區大華里文化七路146號,陳奕達,500000,101/04/23,115/08/27,股東出資轉讓修正章程,C104020 烘焙炊蒸食品製造業；F102170 食品什貨批發業；F203010 食品什貨、飲料零售業；F401010 國際貿易業；ZZ99999 除許可業務外，得經營法令非禁止或限制之業務,桃園市,變更,11508
53839580,大田開發有限公司,桃園市桃園區同安里新埔六街77號3樓之2,吳瑞麒,31000000,101/04/27,115/08/07,改推董事/董事長,H703090 不動產買賣業；H703100 不動產租賃業；ZZ99999 除許可業務外，得經營法令非禁止或限制之業務；H701010 住宅及大樓開發租售業,桃園市,變更,11508
53839717,上田開發有限公司,桃園市桃園區同安里新埔六街77號3樓之2,吳瑞麒,30000000,101/04/27,115/08/07,改推董事/董事長,H703090 不動產買賣業；H703100 不動產租賃業；ZZ99999 除許可業務外，得經營法令非禁止或限制之業務；H701010 住宅及大樓開發租售業,桃園市,變更,11508
53850162,遠揚發展股份有限公司,桃園市蘆竹區南崁路1段99號12樓之1,林朝熙,29000000,101/05/17,115/08/20,一般補正案,I103060 管理顧問業；JE01010 租賃業；F401010 國際貿易業；ZZ99999 除許可業務外，得經營法令非禁止或限制之業務,桃園市,變更,11508
53852582,成冠電機有限公司,桃園市龍潭區中正里富華街24巷6弄3號(1樓),林怍闊,500000,101/05/22,115/08/25,公司所在地,E601010 電器承裝業；E603050 自動控制設備工程業；E604010 機械安裝業；F119010 電子材料批發業；F219010 電子材料零售業；I301010 資訊軟體服務業；ZZ99999 除許可業務外，得經營法令非禁止或限制之業務,桃園市,變更,11508
53855764,星田建設事業股份有限公司,桃園市楊梅區楊明里新農街531號,賈豫華,15000000,101/05/29,115/08/04,改選董事/監察人(一人法人股東指派董事/監察人),H701010 住宅及大樓開發租售業；H701040 特定專業區開發業；H701060 新市鎮、新社區開發業；H701070 區段徵收及市地重劃代辦業；I401010 一般廣告服務業；I503010 景觀、室內設計業；H701020 工業廠房開發租售業；H701050 投資興建公共建設業；H701080 都市更新重建業；H702010 建築經理業,桃園市,變更,11508
53876579,台灣奇普股份有限公司,桃園市蘆竹區南山路二段394巷6號,田代雅也,1000000,101/07/09,115/08/19,一般補正案,F106010 五金批發業；F113010 機械批發業；F113030 精密儀器批發業；F113050 電腦及事務性機器設備批發業；F116010 照相器材批發業；F199990 其他批發業；F206010 五金零售業；F213030 電腦及事務性機器設備零售業；F213040 精密儀器零售業；F216010 照相器材零售業,桃園市,變更,11508
53876698,正崴五金有限公司,桃園市新屋區赤欄里赤欄五路178巷221弄19號,林英傑,3000000,101/07/09,115/08/14,股東出資轉讓修正章程,E601020 電器安裝業；F105050 家具、寢具、廚房器具、裝設品批發業；F106010 五金批發業；F106020 日常用品批發業；F106040 水器材料批發業；F107010 漆料、塗料批發業；F107030 清潔用品批發業；F107190 塑膠膜、袋批發業；F109070 文教、樂器、育樂用品批發業；F113020 電器批發業,桃園市,變更,11508
53882559,全創新國際有限公司,桃園市桃園區同德里中正路1071號6樓之5,周冠澐,5000000,101/07/10,115/08/07,股東出資轉讓修正章程,A301030 水產養殖業；F101050 水產品批發業；F201030 水產品零售業；IG01010 生物技術服務業；A101020 農作物栽培業；A101030 特用作物栽培業；A101040 食用菌菇類栽培業；A101050 花卉栽培業；A102050 作物栽培服務業；A199990 其他農業,桃園市,變更,11508
53929549,禮御生活事業股份有限公司,桃園市平鎮區延平路二段15號15樓,唐杰,29500000,101/09/06,115/08/06,申登機關變更（遷入，含卷）,F104110 布疋、衣著、鞋、帽、傘、服飾品批發業；F106050 陶瓷玻璃器皿批發業；F110010 鐘錶批發業；F115010 首飾及貴金屬批發業；F115020 礦石批發業；F204110 布疋、衣著、鞋、帽、傘、服飾品零售業；F210010 鐘錶零售業；F215010 首飾及貴金屬零售業；F215020 礦石零售業；F401010 國際貿易業,桃園市,變更,11508
53960576,禎祥環保科技有限公司,桃園市龍潭區公園路66之2號13樓,吳旺達,30000000,101/07/18,115/08/20,公司所營事業變更修正章程,F106010 五金批發業；F199010 回收物料批發業；F199990 其他批發業；F206010 五金零售業；F401010 國際貿易業；J101040 廢棄物處理業；J101080 資源回收業；CA01090 鋁鑄造業；EZ99990 其他工程業；E601010 電器承裝業,桃園市,變更,11508
53989026,翊豐國際旅行社有限公司,桃園市桃園區桃智路21號7樓,劉婷婷,6000000,101/09/25,115/08/21,公司所在地,J902011 旅行業,桃園市,變更,11508
53991156,碩聯自動化有限公司,桃園市平鎮區天津街151巷36號,黃俊能,17500000,101/10/01,115/08/27,公司所在地,E601020 電器安裝業；E603050 自動控制設備工程業；E604010 機械安裝業；E605010 電腦設備安裝業；EZ05010 儀器、儀表安裝工程業；F113010 機械批發業；F113020 電器批發業；F113030 精密儀器批發業；F113050 電腦及事務性機器設備批發業；F118010 資訊軟體批發業,桃園市,變更,11508
54008465,睿宇光學有限公司,桃園市桃園區力行路758號,劉怡廷,3000000,101/11/12,115/08/11,公司所營事業變更修正章程,F108031 醫療器材批發業；F110020 眼鏡批發業；F208031 醫療器材零售業；F203010 食品什貨、飲料零售業；F208050 乙類成藥零售業；F210020 眼鏡零售業；F401010 國際貿易業；ZZ99999 除許可業務外，得經營法令非禁止或限制之業務；F102040 飲料批發業；F102170 食品什貨批發業,桃園市,變更,11508
54014017,巨茂應用材料股份有限公司,桃園市龜山區南上里大坑路一段18巷1號,李俊緯,199277200,101/10/08,115/08/17,發行新股,C801990 其他化學材料製造業；CC01990 其他電機及電子機械器材製造業；CD01030 汽車及其零件製造業；CD01990 其他運輸工具及其零件製造業；CE01010 一般儀器製造業；EZ05010 儀器、儀表安裝工程業；EZ99990 其他工程業；F107060 毒性化學物質批發業；F107170 工業助劑批發業；F107200 化學原料批發業,桃園市,變更,11508
54055831,尼得立斯股份有限公司,桃園市楊梅區瑞坪里梅獅路二段578巷16弄2號,簡智瑋,76500000,102/04/26,115/08/19,改派董事/監察人,F108031 醫療器材批發業；F108040 化粧品批發業；F119010 電子材料批發業；F208031 醫療器材零售業；F208040 化粧品零售業；F213040 精密儀器零售業；F218010 資訊軟體零售業；F219010 電子材料零售業；F401010 國際貿易業；ZZ99999 除許可業務外，得經營法令非禁止或限制之業務,桃園市,變更,11508
54058555,圓生緣國際事業有限公司,桃園市龜山區文興路30號2樓,,500000,102/05/09,115/08/20,一般補正案,F113020 電器批發業；F119010 電子材料批發業；F401010 國際貿易業；F102040 飲料批發業；F106070 祭祀用品批發業；F201010 農產品零售業；F206060 祭祀用品零售業；F101130 蔬果批發業；F102050 茶葉批發業；F104110 布疋、衣著、鞋、帽、傘、服飾品批發業,桃園市,變更,11508
54104571,店餃食餐飲有限公司,桃園市蘆竹區新興里2鄰龍安街一段96號,呂栯昀,500000,101/12/20,115/08/03,公司名稱變更修正章程,F102170 食品什貨批發業；F203010 食品什貨、飲料零售業；F501060 餐館業；ZZ99999 除許可業務外，得經營法令非禁止或限制之業務,桃園市,變更,11508
54119949,勁瑋企業有限公司,桃園市龍潭區中山里中正路梨園巷92號(1樓),范宥葳,3000000,102/01/24,115/08/17,股東出資轉讓修正章程,E599010 配管工程業；E603100 電焊工程業；E603110 冷作工程業；E604010 機械安裝業；E801020 門窗安裝工程業；E801040 玻璃安裝工程業；E901010 油漆工程業；EZ07010 鑽孔工程業；EZ99990 其他工程業；I501010 產品設計業,桃園市,變更,11508
54120903,尊騰建設股份有限公司,桃園市桃園區光興里縣府路294號1樓,蕭惠仁,209800000,102/01/28,115/08/24,改選董事/監察人(一人法人股東指派董事/監察人),H701010 住宅及大樓開發租售業；H701060 新市鎮、新社區開發業；H701070 區段徵收及市地重劃代辦業；H701080 都市更新重建業；H703090 不動產買賣業；H703100 不動產租賃業；F111090 建材批發業；F401010 國際貿易業；I401010 一般廣告服務業；E801010 室內裝潢業,桃園市,變更,11508
54124350,宣吉有限公司,桃園市龍潭區八德里梅龍一街50巷3弄12號2樓,郭庭羽,1100000,102/02/04,115/08/19,股東出資轉讓修正章程,J101010 建築物清潔服務業；J101020 病媒防治業；J101060 廢（污）水處理業；J101080 資源回收業；IZ12010 人力派遣業；E599010 配管工程業；E901010 油漆工程業；F106020 日常用品批發業；F107030 清潔用品批發業；F113100 污染防治設備批發業,桃園市,變更,11508
54135309,東立佳科技股份有限公司,桃園市楊梅區瑞坪里蘋果路80號1樓,薛文評,75000000,102/03/11,115/08/05,一般補正案,E602011 冷凍空調工程業；E599010 配管工程業；E601010 電器承裝業；E603040 消防安全設備安裝工程業；E603050 自動控制設備工程業；E603080 交通號誌安裝工程業；E604010 機械安裝業；E605010 電腦設備安裝業；E701030 電信管制射頻器材裝設工程業；EZ05010 儀器、儀表安裝工程業,桃園市,變更,11508
54155260,衍創工程有限公司,桃園市觀音區藍埔里快速路八段501巷9號,廖家德,10000000,102/01/08,115/08/21,股東出資轉讓修正章程,E599010 配管工程業；E601020 電器安裝業；E801010 室內裝潢業；E901010 油漆工程業；EZ07010 鑽孔工程業；EZ99990 其他工程業；ZZ99999 除許可業務外，得經營法令非禁止或限制之業務；F106010 五金批發業；F106030 模具批發業；F113030 精密儀器批發業,桃園市,變更,11508
54221178,安鑫建設有限公司,桃園市中壢區信義里廣州路234之3號2樓,劉美玲,3000000,102/03/21,115/08/31,股東出資轉讓修正章程,H701010 住宅及大樓開發租售業；H703090 不動產買賣業；H703100 不動產租賃業；ZZ99999 除許可業務外，得經營法令非禁止或限制之業務,桃園市,變更,11508
54222824,益聖鋁業有限公司,桃園市八德區永豐里永豐路518巷22號十一樓,丁玉蓮,300000,102/03/25,115/08/12,公司所在地,F106010 五金批發業；F106030 模具批發業；F111090 建材批發業；F113010 機械批發業；F113990 其他機械器具批發業；F206010 五金零售業；F206030 模具零售業；F213080 機械器具零售業；F213990 其他機械器具零售業；F401010 國際貿易業,桃園市,變更,11508
54225998,協利興實業有限公司,桃園市蘆竹區大興十一街100巷76號2樓,林秉逸,500000,102/03/29,115/08/19,董事/股東更名,CB01010 機械設備製造業；CB01990 其他機械製造業；CC01080 電子零組件製造業；CC01110 電腦及其週邊設備製造業；CQ01010 模具製造業；F118010 資訊軟體批發業；F218010 資訊軟體零售業；F401010 國際貿易業；F106010 五金批發業；F206010 五金零售業,桃園市,變更,11508
54226103,忠源企業有限公司,桃園市中壢區龍東里龍東路29巷28弄40號（1樓）,陳建忠,1000000,102/04/01,115/08/11,公司所在地,F106010 五金批發業；F106040 水器材料批發業；F107010 漆料、塗料批發業；F111090 建材批發業；F113010 機械批發業；F120010 耐火材料批發業；F206010 五金零售業；F206040 水器材料零售業；F207010 漆料、塗料零售業；F211010 建材零售業,桃園市,變更,11508
54234119,福銓工程有限公司,桃園市新屋區新榮路276號,江桂芬,2000000,102/04/17,115/08/10,公司所營事業變更修正章程,F206010 五金零售業；F206040 水器材料零售業；F211010 建材零售業；F213010 電器零售業；E599010 配管工程業；E601010 電器承裝業；E601020 電器安裝業；F206020 日常用品零售業；E801010 室內裝潢業；E801020 門窗安裝工程業,桃園市,變更,11508
54242645,舍計室內裝修有限公司,桃園市龍潭區中興路211巷24之3號,吳泰任,1000000,102/05/03,115/08/18,一般補正案,E599010 配管工程業；E601020 電器安裝業；E603040 消防安全設備安裝工程業；E603050 自動控制設備工程業；E603090 照明設備安裝工程業；E603100 電焊工程業；E604010 機械安裝業；E605010 電腦設備安裝業；E701040 簡易電信設備安裝業；E801010 室內裝潢業,桃園市,變更,11508
54247472,九匯營造有限公司,桃園市龜山區興華一街388號5樓,陳百雄,38000000,102/05/13,115/08/07,一般補正案,E101011 綜合營造業；ZZ99999 除許可業務外，得經營法令非禁止或限制之業務,桃園市,變更,11508
54249984,固德科技股份有限公司,桃園市桃園區正光路423之2號14樓,許文澤,20000000,102/05/17,115/08/03,發行新股,CC01990 其他電機及電子機械器材製造業；CE01010 一般儀器製造業；E603050 自動控制設備工程業；E605010 電腦設備安裝業；EZ05010 儀器、儀表安裝工程業；F113010 機械批發業；F113030 精密儀器批發業；F113060 度量衡器批發業；F119010 電子材料批發業；F213040 精密儀器零售業,桃園市,變更,11508
54250519,永聯汽車有限公司,桃園市桃園區春日路1475號14樓,洪明昌,3000000,102/05/20,115/08/10,公司所在地,F114010 汽車批發業；F114030 汽、機車零件配備批發業；F114050 車胎批發業；JA01990 其他汽車服務業；JE01010 租賃業；F401010 國際貿易業；ZZ99999 除許可業務外，得經營法令非禁止或限制之業務,桃園市,變更,11508
54251257,上賀雷射精機有限公司,桃園市八德區廣福路451巷33號,林瑞貞,18000000,102/05/21,115/08/26,股東出資轉讓修正章程,CA01050 鋼材二次加工業；CA01100 鋁材軋延、伸線、擠型業；CA01130 銅材軋延、伸線、擠型業；CA02010 金屬結構及建築組件製造業；CA04010 表面處理業；CB01010 機械設備製造業；CC01010 發電、輸電、配電機械製造業；CC01120 資料儲存媒體製造及複製業；CC01080 電子零組件製造業；CE01010 一般儀器製造業,桃園市,變更,11508
54253179,冠捷國際開發有限公司,桃園市楊梅區青山里青山一街63號,林彰文,5000000,102/05/23,115/08/21,經理人解任,I701011 就業服務業；IZ12010 人力派遣業；JZ99050 仲介服務業；I103060 管理顧問業；F401010 國際貿易業；ZZ99999 除許可業務外，得經營法令非禁止或限制之業務,桃園市,變更,11508
54255681,睿智精密科技股份有限公司,桃園市中壢區福祥路296號,陳昌坤,80000000,102/05/29,115/08/19,董事/監察人持股變動報備,CB01010 機械設備製造業；CC01080 電子零組件製造業；CE01010 一般儀器製造業；CQ01010 模具製造業；F106010 五金批發業；F106030 模具批發業；F113010 機械批發業；F113030 精密儀器批發業；F119010 電子材料批發業；F120010 耐火材料批發業,桃園市,變更,11508
54260663,巨陽建設股份有限公司,桃園市桃園區經國路336巷78號10樓,陳昱名,100000000,102/06/07,115/08/13,改選董事/監察人(一人法人股東指派董事/監察人),H701010 住宅及大樓開發租售業；H703090 不動產買賣業；H703100 不動產租賃業；H701020 工業廠房開發租售業；H701040 特定專業區開發業；H701050 投資興建公共建設業；H702010 建築經理業；J701040 休閒活動場館業；J901020 一般旅館業；E801010 室內裝潢業,桃園市,變更,11508
54262233,傑瑞國際智權有限公司,桃園市中壢區龍德里龍興路167號8樓之17,高懷揚,500000,102/06/11,115/08/21,公司所在地,F601010 智慧財產權業；F401010 國際貿易業；I103060 管理顧問業；I199990 其他顧問服務業；ZZ99999 除許可業務外，得經營法令非禁止或限制之業務,桃園市,變更,11508
54264675,御典共好股份有限公司,桃園市中壢區領航南路三段186號10樓,黃子珍,500000,102/06/18,115/08/26,公司所在地,F102170 食品什貨批發業；F104110 布疋、衣著、鞋、帽、傘、服飾品批發業；F105050 家具、寢具、廚房器具、裝設品批發業；F106070 祭祀用品批發業；F108040 化粧品批發業；F111090 建材批發業；F118010 資訊軟體批發業；F199990 其他批發業；F201070 花卉零售業；F206060 祭祀用品零售業,桃園市,變更,11508
54284320,勤友光電股份有限公司,桃園市蘆竹區新南路1段305巷5弄1之3號(3樓),陳志政,207935320,102/07/17,115/08/27,減資,CA04010 表面處理業；CB01010 機械設備製造業；CE01010 一般儀器製造業；CE01030 光學儀器製造業；F113030 精密儀器批發業；F113060 度量衡器批發業；F213040 精密儀器零售業；F213050 度量衡器零售業；F401010 國際貿易業；ZZ99999 除許可業務外，得經營法令非禁止或限制之業務,桃園市,變更,11508
54286798,禾義國際包裝材料有限公司,桃園市楊梅區紅梅里環南路316號,朱添助,25000000,102/07/26,115/08/19,公司所在地,C601010 紙漿製造業；C601020 紙製造業；C601030 紙容器製造業；C601040 加工紙製造業；C701010 印刷業；C702010 製版業；C703010 印刷品裝訂及加工業；C804990 其他橡膠製品製造業；C805010 塑膠皮、布、板、管材製造業；C805020 塑膠膜、袋製造業,桃園市,變更,11508
54287966,聿光科技有限公司,桃園市中壢區領航南路三段301號10樓,陳家進,12380000,102/08/01,115/08/06,修正章程,C901010 陶瓷及陶瓷製品製造業；C805050 工業用塑膠製品製造業；CC01080 電子零組件製造業；F106010 五金批發業；F113030 精密儀器批發業；F113010 機械批發業；F113990 其他機械器具批發業；F119010 電子材料批發業；F199990 其他批發業；F401010 國際貿易業,桃園市,變更,11508
54289845,富豐環保企業有限公司,桃園市龜山區大同里大同路190號2樓,羅鴻逸,5000000,102/08/09,115/08/26,股東出資轉讓修正章程,F199010 回收物料批發業；F199990 其他批發業；J101080 資源回收業；J101030 廢棄物清除業；J101040 廢棄物處理業；J101090 廢棄物清理業；ZZ99999 除許可業務外，得經營法令非禁止或限制之業務,桃園市,變更,11508
54294235,優毅電機股份有限公司,桃園市龜山區樂善三路76號8樓,褚桂杉,15000000,102/08/30,115/08/14,申登機關變更（遷入，含卷）,E502010 燃料導管安裝工程業；E603050 自動控制設備工程業；E604010 機械安裝業；E605010 電腦設備安裝業；EZ02010 起重工程業；EZ05010 儀器、儀表安裝工程業；EZ11010 球場跑道樹脂材料鋪設工程業；F106040 水器材料批發業；F113010 機械批發業；F113020 電器批發業,桃園市,變更,11508
54348823,麥克思智慧資本遠東股份有限公司,桃園市桃園區正光路423之9號3樓,吳俊逸,20000000,102/08/08,115/08/03,申登機關變更（遷入，含卷）,ZZ99999 除許可業務外，得經營法令非禁止或限制之業務；I103060 管理顧問業,桃園市,變更,11508
54363133,存真音樂創意有限公司,桃園市龜山區文化里15鄰文化三路321號6樓,黃士杰,250000,102/09/27,115/08/03,一般補正案,J602010 演藝活動業；J305010 有聲出版業；J601010 藝文服務業；I401010 一般廣告服務業；F209060 文教、樂器、育樂用品零售業；J303010 雜誌（期刊）出版業；F109070 文教、樂器、育樂用品批發業；F601010 智慧財產權業；I301010 資訊軟體服務業；I301020 資料處理服務業,桃園市,變更,11508
54503872,合証檢驗科技有限公司,桃園市平鎮區復旦路三段97巷4號,黃念慈,1050000,102/07/05,115/08/03,改推董事/董事長,J101050 環境檢測服務業；IZ07010 公證業；IF04010 非破壞檢測業；IZ09010 管理系統驗證業；F111090 建材批發業；F113030 精密儀器批發業；F213040 精密儀器零售業；ZZ99999 除許可業務外，得經營法令非禁止或限制之業務,桃園市,變更,11508
54503887,達布流藝術設計工程有限公司,桃園市八德區忠勇街415號1樓,葉恩岑,10000000,102/05/08,115/08/04,公司印鑑變更,E801010 室內裝潢業；E801020 門窗安裝工程業；E801030 室內輕鋼架工程業；E801040 玻璃安裝工程業；E801070 廚具、衛浴設備安裝工程業；E901010 油漆工程業；E903010 防蝕、防銹工程業；E599010 配管工程業；E601020 電器安裝業；E603020 電梯安裝工程業,桃園市,變更,11508
54504534,聖環開發建設有限公司,桃園市八德區和平路961巷10之1號,黃彩華,5000000,102/07/08,115/08/18,股東出資轉讓修正章程,H701010 住宅及大樓開發租售業；H701020 工業廠房開發租售業；H701050 投資興建公共建設業；H701060 新市鎮、新社區開發業；H703090 不動產買賣業；H703100 不動產租賃業；I401010 一般廣告服務業；ZZ99999 除許可業務外，得經營法令非禁止或限制之業務,桃園市,變更,11508
54515589,全球李時珍醫藥生技有限公司,桃園市中壢區興和里新生路三段25號,賴鼎元,1000000,102/08/15,115/08/17,一般補正案,A101040 食用菌菇類栽培業；C199040 豆類加工食品製造業；C199990 未分類其他食品製造業；I101090 食品顧問業；IG01010 生物技術服務業；F101990 其他農、畜、水產品批發業；F102020 食用油脂批發業；F102030 菸酒批發業；F102040 飲料批發業；F102170 食品什貨批發業,桃園市,變更,11508
54516356,晟裕科技股份有限公司,桃園市龜山區萬壽路一段161號18樓之1,林朝榮,501245900,102/08/19,115/08/11,一般補正案,CA01080 鍊鋁業；CA01110 鍊銅業；CA01990 其他非鐵金屬基本工業；CC01990 其他電機及電子機械器材製造業；CA02080 金屬鍛造業；CA02090 金屬線製品製造業；CA02990 其他金屬製品製造業；CA03010 熱處理業；CB01010 機械設備製造業；CB01030 污染防治設備製造業,桃園市,變更,11508
54517881,靖鵬不動產有限公司,桃園市中壢區芝芭里領航南路一段125號,劉定燊,1000000,102/08/26,115/08/17,公司所在地,H704031 不動產仲介經紀業；H703090 不動產買賣業；H703100 不動產租賃業；I401010 一般廣告服務業；H701010 住宅及大樓開發租售業；H701020 工業廠房開發租售業；H702010 建築經理業；I401020 廣告傳單分送業；I103060 管理顧問業；I102010 投資顧問業,桃園市,變更,11508
54518592,高山青莊園有限公司,桃園市復興區羅浮里高坡30之3號2樓,曾庭希,1500000,102/08/27,115/08/26,一般補正案,F102050 茶葉批發業；F401010 國際貿易業；J601010 藝文服務業；F106020 日常用品批發業；F106050 陶瓷玻璃器皿批發業；F201010 農產品零售業；F201070 花卉零售業；F203010 食品什貨、飲料零售業；F203020 菸酒零售業；F107030 清潔用品批發業,桃園市,變更,11508
54520014,億瓏貿易股份有限公司,桃園市八德區建國路366號,吳震煌,59000000,102/09/03,115/08/18,一般補正案,ZZ99999 除許可業務外，得經營法令非禁止或限制之業務；IZ06010 理貨包裝業；IZ12010 人力派遣業；F102030 菸酒批發業；F401010 國際貿易業；F401161 菸類輸入業；F401171 酒類輸入業；F101990 其他農、畜、水產品批發業；F102170 食品什貨批發業；F106010 五金批發業,桃園市,變更,11508
54523693,力仁環保有限公司,桃園市蘆竹區長壽里3鄰中山路57之6號2樓,謝麗萍,1000000,102/09/16,115/08/10,公司所在地,F107030 清潔用品批發業；F107080 環境用藥批發業；F207030 清潔用品零售業；F207080 環境用藥零售業；J101020 病媒防治業；ZZ99999 除許可業務外，得經營法令非禁止或限制之業務,桃園市,變更,11508
54525284,大容興業有限公司,桃園市蘆竹區長興里南崁路二段9號7樓之8,林有剛,10000000,102/09/24,115/08/05,更正,C301010 紡紗業；C302010 織布業；C303010 不織布業；C305010 印染整理業；C306010 成衣業；C307010 服飾品製造業；F104110 布疋、衣著、鞋、帽、傘、服飾品批發業；F107020 染料、顏料批發業；F401010 國際貿易業；ZZ99999 除許可業務外，得經營法令非禁止或限制之業務,桃園市,變更,11508
54525405,佑冠昇科技股份有限公司,桃園市桃園區中路北街39巷4弄19號1樓,王嘉妍,28000000,102/09/24,115/08/11,改選董事/監察人(一人法人股東指派董事/監察人),C701010 印刷業；C702010 製版業；C703010 印刷品裝訂及加工業；C805020 塑膠膜、袋製造業；C805030 塑膠日用品製造業；C805050 工業用塑膠製品製造業；C805060 塑膠皮製品製造業；C805070 強化塑膠製品製造業；C805990 其他塑膠製品製造業；CM01010 箱、包、袋製造業,桃園市,變更,11508
54526919,璟富開發股份有限公司,桃園市桃園區中正路1071號16樓之3,許任疇,60000000,102/09/30,115/08/12,董事/監察人持股變動報備,H701010 住宅及大樓開發租售業；H701020 工業廠房開發租售業；H701040 特定專業區開發業；H701050 投資興建公共建設業；H701060 新市鎮、新社區開發業；E801010 室內裝潢業；F109070 文教、樂器、育樂用品批發業；F111090 建材批發業；F120010 耐火材料批發業；ZZ99999 除許可業務外，得經營法令非禁止或限制之業務,桃園市,變更,11508
54534360,昆澤實業有限公司,桃園市龜山區兔坑里茶專路67之2號,魏倩玉,3000000,102/10/25,115/08/06,一般補正案,C805030 塑膠日用品製造業；C805020 塑膠膜、袋製造業；C805050 工業用塑膠製品製造業；C805010 塑膠皮、布、板、管材製造業；F107190 塑膠膜、袋批發業；F107990 其他化學製品批發業；F207190 塑膠膜、袋零售業；F207990 其他化學製品零售業；F401010 國際貿易業；ZZ99999 除許可業務外，得經營法令非禁止或限制之業務,桃園市,變更,11508
54536108,友創娛樂行銷有限公司,桃園市桃園區正光路231號九樓,黃啟倫,4000000,102/10/31,115/08/20,公司所在地,F106020 日常用品批發業；F109070 文教、樂器、育樂用品批發業；F113020 電器批發業；F116010 照相器材批發業；F119010 電子材料批發業；F206020 日常用品零售業；F209060 文教、樂器、育樂用品零售業；F213010 電器零售業；F216010 照相器材零售業；F219010 電子材料零售業,桃園市,變更,11508
54538507,澄洋企業股份有限公司,桃園市平鎮區民族路二段231號14樓,李姉萱,5000000,102/11/08,115/08/28,申登機關變更（遷入，含卷）,F401010 國際貿易業；F113030 精密儀器批發業；F113010 機械批發業；F213040 精密儀器零售業；J101010 建築物清潔服務業；J101030 廢棄物清除業；J101040 廢棄物處理業；J101060 廢（污）水處理業；J101080 資源回收業；J101090 廢棄物清理業,桃園市,變更,11508
54540052,陽帆國際有限公司,桃園市蘆竹區南崁里經國路896號9樓,楊淑鈴,10000000,102/11/14,115/08/20,公司所在地,E801010 室內裝潢業；E801020 門窗安裝工程業；E801030 室內輕鋼架工程業；E801040 玻璃安裝工程業；E801070 廚具、衛浴設備安裝工程業；E901010 油漆工程業；F105050 家具、寢具、廚房器具、裝設品批發業；F111090 建材批發業；F113050 電腦及事務性機器設備批發業；F120010 耐火材料批發業,桃園市,變更,11508
54546801,酷樂寶有限公司,桃園市桃園區東山里2鄰鎮江街49號6樓之1,郭人豪,3000000,102/12/05,115/08/14,增資,F101100 花卉批發業；F101120 觀賞魚批發業；F101130 蔬果批發業；F101990 其他農、畜、水產品批發業；F102030 菸酒批發業；F102040 飲料批發業；F102050 茶葉批發業；F102170 食品什貨批發業；F103010 飼料批發業；F104110 布疋、衣著、鞋、帽、傘、服飾品批發業,桃園市,變更,11508
54575994,興宥泰企業有限公司,桃園市大園區內海里12鄰潮音北路103巷11號,翁冠紘,8100000,104/01/29,115/08/20,公司所在地,ZZ99999 除許可業務外，得經營法令非禁止或限制之業務；E599010 配管工程業；E601010 電器承裝業；E601020 電器安裝業；E603010 電纜安裝工程業；E603020 電梯安裝工程業；E603040 消防安全設備安裝工程業；E603050 自動控制設備工程業；E603090 照明設備安裝工程業；E604010 機械安裝業,桃園市,變更,11508
54637008,京鎧電波股份有限公司,桃園市桃園區縣府路110號8樓,吳宥霈,12500000,103/07/18,115/08/17,改選董事/監察人(一人法人股東指派董事/監察人),CC01060 有線通信機械器材製造業；CC01070 無線通信機械器材製造業；CC01080 電子零組件製造業；CE01010 一般儀器製造業；CE01030 光學儀器製造業；CE01990 其他光學及精密器械製造業；F113070 電信器材批發業(限區外經營)；F119010 電子材料批發業(限區外經營)；F213060 電信器材零售業(限區外經營)；F219010 電子材料零售業(限區外經營),桃園市,變更,11508
54721672,誠謙生物科技有限公司,桃園市中壢區高鐵南路2段358之5號15樓,陳禧瑩,1300000,103/05/22,115/08/14,股東出資轉讓修正章程,A101040 食用菌菇類栽培業；A102020 農產品整理業；A201030 特殊林木經營業；C106010 製粉業；C199990 未分類其他食品製造業；C802100 化粧品製造業；C802110 化粧品色素製造業；F101990 其他農、畜、水產品批發業；F102170 食品什貨批發業；F103010 飼料批發業,桃園市,變更,11508
54727373,時機租賃有限公司,桃園市中壢區永福里中園路159號,魏子揚,10000000,103/06/17,115/08/05,一般補正案,G101041 小客車租賃業；F214010 汽車零售業；F214030 汽、機車零件配備零售業；F214050 車胎零售業；F214990 其他交通運輸工具及其零件零售業；F401010 國際貿易業；JA01010 汽車修理業；JA01990 其他汽車服務業；JE01010 租賃業；I199990 其他顧問服務業,桃園市,變更,11508
54769437,金禾有限公司,桃園市桃園區青溪里鎮四街83之1號,蔡文祥,1000000,102/12/16,115/08/06,公司所在地,F112040 石油製品批發業；F212050 石油製品零售業；F114030 汽、機車零件配備批發業；F214030 汽、機車零件配備零售業；F109070 文教、樂器、育樂用品批發業；F209060 文教、樂器、育樂用品零售業；F399040 無店面零售業；F199990 其他批發業；F299990 其他零售業；F401010 國際貿易業,桃園市,變更,11508
54769915,奇亞數位國際有限公司,桃園市八德區福興里仁德五路58號,古鎮豪,5000000,102/12/17,115/08/12,減少所營事業變更修正章程,E603050 自動控制設備工程業；E605010 電腦設備安裝業；E701020 衛星電視ＫＵ頻道、Ｃ頻道器材安裝業；E701030 電信管制射頻器材裝設工程業；F113050 電腦及事務性機器設備批發業；F113070 電信器材批發業；F118010 資訊軟體批發業；F119010 電子材料批發業；F209060 文教、樂器、育樂用品零售業；F213030 電腦及事務性機器設備零售業,桃園市,變更,11508
54773946,廉陞投資開發股份有限公司,桃園市龜山區萬壽路二段438號,陳建安,22000000,102/12/30,115/08/04,改選董事/監察人(一人法人股東指派董事/監察人),CA01050 鋼材二次加工業；CA02030 螺絲、螺帽、螺絲釘、及鉚釘等製品製造業；CC01110 電腦及其週邊設備製造業；F106010 五金批發業；F113050 電腦及事務性機器設備批發業；F118010 資訊軟體批發業；F213030 電腦及事務性機器設備零售業；F218010 資訊軟體零售業；F401010 國際貿易業；H201010 一般投資業,桃園市,變更,11508
54776541,艾格創新科技有限公司,桃園市桃園區藝文一街86之7號16樓,趙偉孝,10500000,103/01/10,115/08/24,修正章程,F113070 電信器材批發業；F113050 電腦及事務性機器設備批發業；F118010 資訊軟體批發業；F119010 電子材料批發業；F401010 國際貿易業；F213030 電腦及事務性機器設備零售業；F213060 電信器材零售業；F218010 資訊軟體零售業；F219010 電子材料零售業；I301010 資訊軟體服務業,桃園市,變更,11508
54778999,禮御整合行銷有限公司,桃園市平鎮區延平路二段15號15樓,唐杰,1000000,103/01/20,115/08/06,申登機關變更（遷入，含卷）,F102170 食品什貨批發業；F104110 布疋、衣著、鞋、帽、傘、服飾品批發業；F106020 日常用品批發業；F201010 農產品零售業；F201020 畜產品零售業；F201030 水產品零售業；F204110 布疋、衣著、鞋、帽、傘、服飾品零售業；F205040 家具、寢具、廚房器具、裝設品零售業；F206020 日常用品零售業；F208040 化粧品零售業,桃園市,變更,11508
54779792,高暢國際有限公司,桃園市中壢區文化里長春三路19號14樓,高進萬,2000000,103/01/22,115/08/13,股東出資轉讓修正章程,F111090 建材批發業；F211010 建材零售業；JZ99990 未分類其他服務業；C901030 水泥製造業；C901040 預拌混凝土製造業；C901050 水泥及混凝土製品製造業；G799990 其他運輸輔助業；IZ06010 理貨包裝業；F401010 國際貿易業；ZZ99999 除許可業務外，得經營法令非禁止或限制之業務,桃園市,變更,11508
54782585,台灣都更顧問股份有限公司,桃園市平鎮區雙連里1鄰中央路15號,陳毓秀,10000000,103/02/07,115/08/05,一般補正案,H701010 住宅及大樓開發租售業；F111090 建材批發業；F211010 建材零售業；F401010 國際貿易業；ZZ99999 除許可業務外，得經營法令非禁止或限制之業務；E801010 室內裝潢業；E801020 門窗安裝工程業；E801030 室內輕鋼架工程業；E801070 廚具、衛浴設備安裝工程業；E901010 油漆工程業,桃園市,變更,11508
54786604,世曆機械有限公司,桃園市大園區後厝里後厝路160巷12號,連金成,26000000,103/02/24,115/08/28,一般補正案,CA01090 鋁鑄造業；CA01100 鋁材軋延、伸線、擠型業；CA01120 銅鑄造業；CA01130 銅材軋延、伸線、擠型業；CA02010 金屬結構及建築組件製造業；CA02030 螺絲、螺帽、螺絲釘、及鉚釘等製品製造業；CA02990 其他金屬製品製造業；CB01010 機械設備製造業；CB01030 污染防治設備製造業；CB01990 其他機械製造業,桃園市,變更,11508
54795527,濾能股份有限公司,桃園市楊梅區中山里中山北路一段199巷98號2樓,黃銘文,332339200,103/03/24,115/08/26,發行新股,F113010 機械批發業；F113020 電器批發業；F113030 精密儀器批發業；F113050 電腦及事務性機器設備批發業；F113100 污染防治設備批發業；F119010 電子材料批發業；F213030 電腦及事務性機器設備零售業；F213040 精密儀器零售業；F213080 機械器具零售業；F213100 污染防治設備零售業,桃園市,變更,11508
54800182,星瀚數位科技有限公司,桃園市中壢區興南里延平路326號11樓,范哲碩,5000000,103/04/07,115/08/21,一般補正案,F104110 布疋、衣著、鞋、帽、傘、服飾品批發業；F105050 家具、寢具、廚房器具、裝設品批發業；F108040 化粧品批發業；F109070 文教、樂器、育樂用品批發業；F113050 電腦及事務性機器設備批發業；F113070 電信器材批發業；F113110 電池批發業；F118010 資訊軟體批發業；F119010 電子材料批發業；F204110 布疋、衣著、鞋、帽、傘、服飾品零售業,桃園市,變更,11508
54801160,協侑科技有限公司,桃園市蘆竹區內厝里長興路三段229巷15號,呂承翰,10000000,103/04/09,115/08/07,公司所營事業變更修正章程,F113010 機械批發業；CB01010 機械設備製造業；C802990 其他化學製品製造業；CE01990 其他光學及精密器械製造業；E604010 機械安裝業；J101030 廢棄物清除業；J101090 廢棄物清理業；J101080 資源回收業；F199010 回收物料批發業；F199990 其他批發業,桃園市,變更,11508
54814714,倍飼特營養科技股份有限公司,桃園市桃園區中正路1071號15樓之3,鍾麗華,161341170,103/05/21,115/08/04,改派董事/監察人,A301030 水產養殖業；A401020 家畜禽飼育業；A401040 畜牧服務業；A401060 其他動物服務業；C201010 飼料製造業；C801110 肥料製造業；F103010 飼料批發業；F107050 肥料批發業；F202010 飼料零售業；F401010 國際貿易業,桃園市,變更,11508
54815761,旭登建築開發有限公司,桃園市桃園區莊敬里12鄰中正路1260巷6號(4樓),謝祥鑫,5000000,103/05/26,115/08/05,一般補正案,F111090 建材批發業；F211010 建材零售業；H701010 住宅及大樓開發租售業；H701020 工業廠房開發租售業；H701050 投資興建公共建設業；H701060 新市鎮、新社區開發業；H701070 區段徵收及市地重劃代辦業；H701090 都市更新整建維護業；H703090 不動產買賣業；H703100 不動產租賃業,桃園市,變更,11508
54815919,昌緯金屬有限公司,桃園市中壢區至善里後寮二路201巷10號9樓,陳嘉文,1000000,103/05/26,115/08/11,公司所在地,CA02010 金屬結構及建築組件製造業；CA01990 其他非鐵金屬基本工業；E801030 室內輕鋼架工程業；E801010 室內裝潢業；E801020 門窗安裝工程業；EZ99990 其他工程業；F111090 建材批發業；F211010 建材零售業；F401010 國際貿易業；ZZ99999 除許可業務外，得經營法令非禁止或限制之業務,桃園市,變更,11508
54816939,禾裕投資股份有限公司,桃園市大園區大智路103號,邱垂裕,40000000,103/05/28,115/08/26,變更組織,H201010 一般投資業；H202010 創業投資業；H701010 住宅及大樓開發租售業；H703090 不動產買賣業；H703100 不動產租賃業；I102010 投資顧問業；I103060 管理顧問業；ZZ99999 除許可業務外，得經營法令非禁止或限制之業務,桃園市,變更,11508
54817374,崇信環保有限公司,桃園市八德區桃和街101巷17號(1樓),蘇千峯,5000000,103/05/29,115/08/18,增資,F199010 回收物料批發業；J101080 資源回收業；J101030 廢棄物清除業；J101040 廢棄物處理業；F106010 五金批發業；F111090 建材批發業；F113990 其他機械器具批發業；F401010 國際貿易業；G799990 其他運輸輔助業；JE01010 租賃業,桃園市,變更,11508
54817607,鴻悌生活館有限公司,桃園市中壢區龍岡路二段95、97號,蔡旺岐,15000000,103/05/29,115/08/10,一般補正案,A102060 糧商業；F102030 菸酒批發業；F102170 食品什貨批發業；F106010 五金批發業；F106020 日常用品批發業；F106050 陶瓷玻璃器皿批發業；F107190 塑膠膜、袋批發業；F108031 醫療器材批發業；F201010 農產品零售業；F201020 畜產品零售業,桃園市,變更,11508
54818021,福禧投資股份有限公司,桃園市桃園區北埔里敬三街209巷7號7樓,賴惠華,3500000,103/05/30,115/08/28,改選董事/監察人(一人法人股東指派董事/監察人),H201010 一般投資業；I103060 管理顧問業；I199990 其他顧問服務業；H703090 不動產買賣業；H703100 不動產租賃業；H701050 投資興建公共建設業；H701010 住宅及大樓開發租售業；H701060 新市鎮、新社區開發業；F401010 國際貿易業；F119010 電子材料批發業,桃園市,變更,11508
54837879,卡孚光科技股份有限公司,桃園市龜山區迴龍里自由街8巷6號,吳貞儀,6000000,104/05/05,115/08/20,一般補正案,F102170 食品什貨批發業；F104110 布疋、衣著、鞋、帽、傘、服飾品批發業；F105050 家具、寢具、廚房器具、裝設品批發業；F106020 日常用品批發業；F108040 化粧品批發業；F109070 文教、樂器、育樂用品批發業；F113050 電腦及事務性機器設備批發業；F119010 電子材料批發業；F121010 食品添加物批發業；F203010 食品什貨、飲料零售業,桃園市,變更,11508
54855361,佳美實業股份有限公司,桃園市龍潭區工七路18號,徐淑芬,15000000,104/07/14,115/08/06,一般補正案,F102040 飲料批發業；F102050 茶葉批發業；F102170 食品什貨批發業；F106020 日常用品批發業；F106050 陶瓷玻璃器皿批發業；F203010 食品什貨、飲料零售業；F399040 無店面零售業；F401010 國際貿易業；F501030 飲料店業；F501060 餐館業,桃園市,變更,11508
54919772,歐派國際貿易有限公司,桃園市大園區橫峰里致祥一街101之1號5樓,,500000,105/07/06,115/08/05,解散,F201980 其他動物零售業；F101980 其他動物批發業；A401060 其他動物服務業；F103010 飼料批發業；F106060 寵物食品及其用品批發業；F107070 動物用藥品批發業；F202010 飼料零售業；F206050 寵物食品及其用品零售業；F399040 無店面零售業；F401010 國際貿易業,桃園市,變更,11508
54920948,永源科技材料股份有限公司,桃園市大園區民權路3號(1樓),吳旻鴻,26000000,105/07/22,115/08/14,一般補正案,F107010 漆料、塗料批發業；J101030 廢棄物清除業；F115010 首飾及貴金屬批發業；F119010 電子材料批發業；F199010 回收物料批發業；F199990 其他批發業；F401010 國際貿易業；G801010 倉儲業；ZZ99999 除許可業務外，得經營法令非禁止或限制之業務,桃園市,變更,11508
54921475,立達行銷顧問有限公司,桃園市桃園區中山路507巷16號,鄭盛騏,5000000,105/07/26,115/08/11,修正章程,F106010 五金批發業；F106020 日常用品批發業；F107030 清潔用品批發業；F113070 電信器材批發業；F119010 電子材料批發業；F199990 其他批發業；F399040 無店面零售業；F399990 其他綜合零售業；F401010 國際貿易業；I103060 管理顧問業,桃園市,變更,11508
54923348,彬宸悅消防有限公司,桃園市桃園區春日里大業路二段88號,陳翔騏,10000000,105/08/08,115/08/28,增資,IB01010 建築物公共安全檢查業；ZZ99999 除許可業務外，得經營法令非禁止或限制之業務；E601020 電器安裝業；E603040 消防安全設備安裝工程業；E603090 照明設備安裝工程業；E604010 機械安裝業；E606010 用電設備檢驗維護業；E801010 室內裝潢業；E901010 油漆工程業；E903010 防蝕、防銹工程業,桃園市,變更,11508
54925176,綠鼎實業有限公司,桃園市桃園區中泰里國聖一街177之5巷2號1樓,張學堅,250000,107/02/27,115/08/14,公司所營事業變更修正章程,F107030 清潔用品批發業；F108040 化粧品批發業；F107080 環境用藥批發業；F207030 清潔用品零售業；F208040 化粧品零售業；F207080 環境用藥零售業；I103060 管理顧問業；ZZ99999 除許可業務外，得經營法令非禁止或限制之業務；F203010 食品什貨、飲料零售業；F102170 食品什貨批發業,桃園市,變更,11508
54926350,益富木業有限公司,桃園市中壢區龍德里龍清街221號1樓,曾喜煌,5000000,107/03/13,115/08/28,一般補正案,F111090 建材批發業；F211010 建材零售業；C501010 製材業；C501040 組合木材製造業；C501060 木質容器製造業；C501990 其他木製品製造業；F401010 國際貿易業；ZZ99999 除許可業務外，得經營法令非禁止或限制之業務,桃園市,變更,11508
54926772,宣銘生技股份有限公司,桃園市桃園區中德里桃德路29巷72號,,1000000,107/03/15,115/08/14,解散,F108031 醫療器材批發業；F113030 精密儀器批發業；F208031 醫療器材零售業；F213040 精密儀器零售業；F399990 其他綜合零售業；F401010 國際貿易業；I103060 管理顧問業；I301020 資料處理服務業；JE01010 租賃業；JZ99050 仲介服務業,桃園市,變更,11508
54927908,芒菓丹創意環保股份有限公司,桃園市楊梅區富豐里富民街670號,林澤嵐,1000000,107/03/23,115/08/12,改選董事/監察人(一人法人股東指派董事/監察人),C805990 其他塑膠製品製造業；F114030 汽、機車零件配備批發業；F114050 車胎批發業；F114990 其他交通運輸工具及其零件批發業；F199010 回收物料批發業；J101080 資源回收業；F401010 國際貿易業；ZZ99999 除許可業務外，得經營法令非禁止或限制之業務；C801060 合成橡膠製造業；F113010 機械批發業,桃園市,變更,11508
54928364,呈哲科技有限公司,桃園市龜山區文光街62號1樓,李泓緯,5000000,107/03/27,115/08/17,股東出資轉讓修正章程,E599010 配管工程業；E601010 電器承裝業；E603010 電纜安裝工程業；E603040 消防安全設備安裝工程業；E603050 自動控制設備工程業；E603080 交通號誌安裝工程業；E603090 照明設備安裝工程業；E605010 電腦設備安裝業；E701040 簡易電信設備安裝業；EZ05010 儀器、儀表安裝工程業,桃園市,變更,11508
54929716,昇敏交通有限公司,桃園市平鎮區開封街183巷1號(1樓),游小娟,25000000,107/04/03,115/08/10,股東出資轉讓修正章程,F106010 五金批發業；F106020 日常用品批發業；F111090 建材批發業；F113010 機械批發業；F113990 其他機械器具批發業；F114990 其他交通運輸工具及其零件批發業；F119010 電子材料批發業；C901030 水泥製造業；C901040 預拌混凝土製造業；C901050 水泥及混凝土製品製造業,桃園市,變更,11508
54931374,君悅建設股份有限公司,桃園市桃園區中正路1223號12樓,鍾牧桓,90000000,107/04/24,115/08/10,一般補正案,H701010 住宅及大樓開發租售業；H701020 工業廠房開發租售業；H701050 投資興建公共建設業；H701060 新市鎮、新社區開發業；H701070 區段徵收及市地重劃代辦業；H703090 不動產買賣業；H703100 不動產租賃業；F111090 建材批發業；F401010 國際貿易業；E801010 室內裝潢業,桃園市,變更,11508
54932022,甘丹投資股份有限公司,桃園市平鎮區北貴里關爺東路32號,甘錦茂,50000000,107/04/30,115/08/27,改選董事/監察人(一人法人股東指派董事/監察人),H201010 一般投資業；ZZ99999 除許可業務外，得經營法令非禁止或限制之業務,桃園市,變更,11508
54934865,光順企業有限公司,桃園市中壢區民族路六段642巷67號(4樓）,邱永明,40000000,107/05/23,115/08/11,股東出資轉讓修正章程,H703090 不動產買賣業；H703100 不動產租賃業；H701010 住宅及大樓開發租售業；F401010 國際貿易業；I102010 投資顧問業；ZZ99999 除許可業務外，得經營法令非禁止或限制之業務,桃園市,變更,11508
54935766,安馨資產管理有限公司,桃園市中壢區自立里榮安一街421號五樓,王志義,500000,107/05/30,115/08/20,公司所在地,H701010 住宅及大樓開發租售業；H701020 工業廠房開發租售業；H701050 投資興建公共建設業；H701060 新市鎮、新社區開發業；H701070 區段徵收及市地重劃代辦業；H701090 都市更新整建維護業；H702010 建築經理業；H703090 不動產買賣業；H703100 不動產租賃業；E801010 室內裝潢業,桃園市,變更,11508
54936701,昶威事業股份有限公司,桃園市中壢區中央西路二段30號15樓之4,OOI WOAN LIN,2000000,107/06/08,115/08/21,一般補正案,I102010 一般投資顧問業；I103060 管理顧問業；I199990 其他顧問服務業；I301010 資訊軟體服務業；I301020 資料處理服務業；I501010 產品設計業；I599990 其他設計業；H201010 一般投資業；H202010 創業投資業；F118010 資訊軟體批發業,桃園市,變更,11508
54938089,有元來投資有限公司,桃園市中壢區內定里中園路200之6號3樓,温玉美,24000000,107/06/20,115/08/04,公司所在地,H701010 住宅及大樓開發租售業；H702010 建築經理業；H703090 不動產買賣業；H703100 不動產租賃業；I103060 管理顧問業；ZZ99999 除許可業務外，得經營法令非禁止或限制之業務；H201010 一般投資業,桃園市,變更,11508
54938193,達烽國際有限公司,桃園市蘆竹區奉化路258巷51號13樓,許育綸,500000,107/06/22,115/08/13,股東出資轉讓修正章程,H703100 不動產租賃業；JZ99050 仲介服務業；IZ99990 其他工商服務業；IZ12010 人力派遣業；F401010 國際貿易業；I199990 其他顧問服務業；G799990 其他運輸輔助業；ZZ99999 除許可業務外，得經營法令非禁止或限制之業務,桃園市,變更,11508
54939952,聚鑫國際碳中和諮詢有限公司,桃園市中壢區榮安一街421號5樓,陳惠姍,1000000,107/07/06,115/08/19,公司所在地,IG03010 能源技術服務業；I199990 其他顧問服務業；ZZ99999 除許可業務外，得經營法令非禁止或限制之業務,桃園市,變更,11508
54941937,新馬貿易有限公司,桃園市桃園區長德里愛7街82號10樓,潘重雲,3000000,107/07/25,115/08/07,股東出資轉讓修正章程,F114010 汽車批發業；F114030 汽、機車零件配備批發業；F114050 車胎批發業；F104110 布疋、衣著、鞋、帽、傘、服飾品批發業；F111090 建材批發業；F214010 汽車零售業；F214030 汽、機車零件配備零售業；F214050 車胎零售業；F214990 其他交通運輸工具及其零件零售業；F204110 布疋、衣著、鞋、帽、傘、服飾品零售業,桃園市,變更,11508
54943478,饗安心樂活有限公司,桃園市中壢區仁愛里榮民路566號（2樓）,蕭麗雅,1000000,107/08/08,115/08/06,公司所在地,F108040 化粧品批發業；C103050 罐頭、冷凍、脫水及醃漬食品製造業；C104020 烘焙炊蒸食品製造業；C199030 即食餐食製造業；F101040 家畜家禽批發業；F101050 水產品批發業；F101130 蔬果批發業；F102040 飲料批發業；F102170 食品什貨批發業；F203010 食品什貨、飲料零售業,桃園市,變更,11508
54946601,歐皇系統傢俱有限公司,桃園市桃園區昆明路260號,謝曜澤,1000000,107/08/28,115/08/10,股東出資轉讓修正章程,B601010 土石採取業；E401010 疏濬業；E402010 沙石、淤泥海拋業；J101990 其他環境衛生及污染防治服務業；E801010 室內裝潢業；E801020 門窗安裝工程業；E801030 室內輕鋼架工程業；E801040 玻璃安裝工程業；E801070 廚具、衛浴設備安裝工程業；E901010 油漆工程業,桃園市,變更,11508
54946763,達特達特股份有限公司,桃園市中壢區五褔里民族路174號7樓,邱宇鴻,3680000,107/08/29,115/08/10,一般補正案,E605010 電腦設備安裝業；E701040 簡易電信設備安裝業；F113020 電器批發業；F113030 精密儀器批發業；F113050 電腦及事務性機器設備批發業；F113070 電信器材批發業；F118010 資訊軟體批發業；F213010 電器零售業；F213030 電腦及事務性機器設備零售業；F218010 資訊軟體零售業,桃園市,變更,11508
54947849,晨赫有限公司,桃園市八德區大宏里大明街13號(1樓),李思璇,1000000,107/10/05,115/08/07,股東出資轉讓修正章程,F106010 五金批發業；F113010 機械批發業；F113020 電器批發業；F113030 精密儀器批發業；F119010 電子材料批發業；F206010 五金零售業；F213010 電器零售業；F213040 精密儀器零售業；F213080 機械器具零售業；F219010 電子材料零售業,桃園市,變更,11508
54979258,鉅晨國際有限公司,桃園市蘆竹區羊稠里中山北街76號3樓,郭亭延,5000000,108/03/08,115/08/28,申登機關變更（遷入，含卷）,CA02010 金屬結構及建築組件製造業；CA02050 閥類製造業；CA02060 金屬容器製造業；CC01030 電器及視聽電子產品製造業；CC01080 電子零組件製造業；CP01010 手工具製造業；CQ01010 模具製造業；F102040 飲料批發業；F102170 食品什貨批發業；F104110 布疋、衣著、鞋、帽、傘、服飾品批發業,桃園市,變更,11508
55661010,青田悅股份有限公司,桃園市桃園區水岸二街200號(1樓),湯方宇,28010000,106/10/24,115/08/06,一般補正案,C103050 罐頭、冷凍、脫水及醃漬食品製造業；C104020 烘焙炊蒸食品製造業；C199030 即食餐食製造業；F102040 飲料批發業；F102170 食品什貨批發業；F104110 布疋、衣著、鞋、帽、傘、服飾品批發業；F105050 家具、寢具、廚房器具、裝設品批發業；F106020 日常用品批發業；F107030 清潔用品批發業；F108040 化粧品批發業,桃園市,變更,11508
55709400,必爾思生物科技有限公司,桃園市中壢區高鐵南路2段358之5號15樓,陳妤,1000000,106/11/15,115/08/21,股東出資轉讓修正章程,IG01010 生物技術服務業；IG02010 研究發展服務業；F401010 國際貿易業；F121010 食品添加物批發業；C114010 食品添加物製造業；IZ99990 其他工商服務業；F199990 其他批發業；ZZ99999 除許可業務外，得經營法令非禁止或限制之業務,桃園市,變更,11508
55955465,女王蜂有限公司,桃園市平鎮區廣明路21巷8號3樓之2,劉哲夫,2000000,105/12/23,115/08/21,公司名稱變更修正章程,F102040 飲料批發業；F102050 茶葉批發業；F102170 食品什貨批發業；F104110 布疋、衣著、鞋、帽、傘、服飾品批發業；F105050 家具、寢具、廚房器具、裝設品批發業；F106010 五金批發業；F106020 日常用品批發業；F107030 清潔用品批發業；F108040 化粧品批發業；F109070 文教、樂器、育樂用品批發業,桃園市,變更,11508
56697959,錢多多精品百貨有限公司,桃園市桃園區自強里五福四街7號,,1000000,106/07/10,115/08/07,解散,F201010 農產品零售業；F101050 水產品批發業；F201030 水產品零售業；F102170 食品什貨批發業；F203010 食品什貨、飲料零售業；F104110 布疋、衣著、鞋、帽、傘、服飾品批發業；F204110 布疋、衣著、鞋、帽、傘、服飾品零售業；F105050 家具、寢具、廚房器具、裝設品批發業；F205040 家具、寢具、廚房器具、裝設品零售業；F106010 五金批發業,桃園市,變更,11508
60301125,仁梅投資股份有限公司,桃園市中壢區青雲路118號3樓之9,黃琮萱,4600000,115/03/16,115/08/25,申登機關變更（遷入，含卷）,H201010 一般投資業；ZZ99999 除許可業務外，得經營法令非禁止或限制之業務,桃園市,變更,11508
60303593,齊栩管理顧問有限公司,桃園市桃園區復興路51之2號10樓之3,馮錦輝,500000,115/02/12,115/08/24,公司所在地,F208050 乙類成藥零售業；JZ99990 未分類其他服務業；I199990 其他顧問服務業；I103060 管理顧問業；J202010 產業育成業；ZZ99999 除許可業務外，得經營法令非禁止或限制之業務,桃園市,變更,11508
60303876,科測有限公司,桃園市中壢區內定里內定二十街72號(1樓),黃長琍,1000000,115/02/13,115/08/07,公司所在地,F119010 電子材料批發業；F113050 電腦及事務性機器設備批發業；F113070 電信器材批發業；F113030 精密儀器批發業；F113010 機械批發業；F106010 五金批發業；F401010 國際貿易業；F601010 智慧財產權業；I501010 產品設計業；CE01010 一般儀器製造業,桃園市,變更,11508
60304116,樂慈建材國際有限公司,桃園市楊梅區中興路273巷17弄11號4樓,張家銘,16164000,115/02/24,115/08/05,增資,I103060 管理顧問業；H201010 一般投資業；F111090 建材批發業；F120010 耐火材料批發業；F106050 陶瓷玻璃器皿批發業；F106010 五金批發業；F211010 建材零售業；F220010 耐火材料零售業；F206010 五金零售業；F401010 國際貿易業,桃園市,變更,11508
60317930,寶富精密有限公司,桃園市觀音區大同二路24號,黃意晶,5000000,106/02/03,115/08/13,申登機關變更（遷入，含卷）,H703090 不動產買賣業；H703100 不動產租賃業；E801010 室內裝潢業；F401010 國際貿易業；ZZ99999 除許可業務外，得經營法令非禁止或限制之業務,桃園市,變更,11508
60328601,法諾科研有限公司,桃園市中壢區元化路245號3樓之6,賴靜怡,2000000,115/02/05,115/08/05,一般補正案,F401010 國際貿易業；F399040 無店面零售業；I501010 產品設計業；I103060 管理顧問業；F107030 清潔用品批發業；I401010 一般廣告服務業；I102010 一般投資顧問業；F108040 化粧品批發業；F203010 食品什貨、飲料零售業；F102170 食品什貨批發業,桃園市,變更,11508
60343981,許邦福二號控股股份有限公司,桃園市平鎮區環南路18號11樓之3,許邦福,4949900,115/03/06,115/08/25,變更為閉鎖性,H201010 一般投資業；ZZ99999 除許可業務外，得經營法令非禁止或限制之業務,桃園市,變更,11508
60343997,許邦福三號控股股份有限公司,桃園市平鎮區環南路18號11樓之5,許邦福,6637080,115/03/09,115/08/18,變更為閉鎖性,H201010 一般投資業；ZZ99999 除許可業務外，得經營法令非禁止或限制之業務,桃園市,變更,11508
60345073,許邦福一號控股股份有限公司,桃園市桃園區春日路987之4號,許邦福,6422610,115/03/06,115/08/18,變更為閉鎖性,H201010 一般投資業；ZZ99999 除許可業務外，得經營法令非禁止或限制之業務,桃園市,變更,11508
60345159,許邦福四號控股股份有限公司,桃園市平鎮區環南路18號6樓之2,許邦福,3688740,115/03/09,115/08/24,變更為閉鎖性,H201010 一般投資業；ZZ99999 除許可業務外，得經營法令非禁止或限制之業務,桃園市,變更,11508
60355466,君鼎餐飲事業股份有限公司,桃園市中壢區中央里復興路1號（1樓）,黃騰暉,7500000,114/12/31,115/08/28,一般補正案,F501060 餐館業；F102170 食品什貨批發業；F401010 國際貿易業；ZZ99999 除許可業務外，得經營法令非禁止或限制之業務,桃園市,變更,11508
60355584,崑成有限公司,桃園市大溪區中華路220號(1樓),吳勝智,1000000,114/12/31,115/08/21,公司所營事業變更修正章程,E599010 配管工程業；E601020 電器安裝業；E801010 室內裝潢業；E801020 門窗安裝工程業；E801070 廚具、衛浴設備安裝工程業；E901010 油漆工程業；F213010 電器零售業；F399040 無店面零售業；J101030 廢棄物清除業；J101090 廢棄物清理業,桃園市,變更,11508
60355661,泓昱交通有限公司,桃園市大溪區南興里快速路162號12樓,李應忠,16000000,60/09/25,115/08/20,公司所在地,G101061 汽車貨運業；G801010 倉儲業；J101030 廢棄物清除業；J101040 廢棄物處理業；J101060 廢（污）水處理業；J101090 廢棄物清理業；J101990 其他環境衛生及污染防治服務業；JA01020 汽車拖吊業；F114010 汽車批發業；F114030 汽、機車零件配備批發業,桃園市,變更,11508
60356107,仲澤複利有限公司,桃園市龜山區文化里復興一路30巷38號5樓,康哲維,1000000,115/01/06,115/08/10,一般補正案,I103060 管理顧問業；I102010 一般投資顧問業；I199990 其他顧問服務業；IZ12010 人力派遣業；IZ15010 市場研究及民意調查業；JZ99050 仲介服務業；IZ99990 其他工商服務業；I301010 資訊軟體服務業；I301020 資料處理服務業；I301030 電子資訊供應服務業,桃園市,變更,11508
60356731,台灣積光股份有限公司,桃園市楊梅區中山北路一段199巷27號四樓,洪候忠,149954450,115/01/12,115/08/05,發行新股,CA02990 其他金屬製品製造業；CB01010 機械設備製造業；CC01060 有線通信機械器材製造業；CC01080 電子零組件製造業；CC01990 其他電機及電子機械器材製造業；CE01030 光學儀器製造業；F119010 電子材料批發業；F401010 國際貿易業；F601010 智慧財產權業；I301010 資訊軟體服務業,桃園市,變更,11508
60360756,崇森有限公司,桃園市中壢區中央西路一段1號7樓,陳昱孝,1000000,115/01/09,115/08/10,申登機關變更（遷入，含卷）,F114010 汽車批發業；F214010 汽車零售業；F214030 汽、機車零件配備零售業；F214040 自行車及其零件零售業；F214050 車胎零售業；IZ99990 其他工商服務業；JA01010 汽車修理業；JA01020 汽車拖吊業；JA01990 其他汽車服務業；JE01010 租賃業,桃園市,變更,11508
60364768,悠特國際有限公司,桃園市蘆竹區羊稠里中山北街76號4樓,郭亭延,5000000,115/01/22,115/08/28,公司所在地,CA02010 金屬結構及建築組件製造業；CA02050 閥類製造業；CA02060 金屬容器製造業；CC01030 電器及視聽電子產品製造業；CC01080 電子零組件製造業；CP01010 手工具製造業；CQ01010 模具製造業；F102040 飲料批發業；F102170 食品什貨批發業；F104110 布疋、衣著、鞋、帽、傘、服飾品批發業,桃園市,變更,11508
60365400,英盛國際股份有限公司,桃園市蘆竹區南崁里經國路896號16樓,簡豪廷,2000000,115/01/28,115/08/25,一般補正案,I301010 資訊軟體服務業；I301020 資料處理服務業；I301030 電子資訊供應服務業；F118010 資訊軟體批發業；F218010 資訊軟體零售業；F113050 電腦及事務性機器設備批發業；F213030 電腦及事務性機器設備零售業；F401010 國際貿易業；ZZ99999 除許可業務外，得經營法令非禁止或限制之業務,桃園市,變更,11508
60365491,樂君建材國際有限公司,桃園市楊梅區中興路273巷17弄11號4樓,蔣若瑜,15164000,115/01/28,115/08/05,增資,I103060 管理顧問業；H201010 一般投資業；F111090 建材批發業；F120010 耐火材料批發業；F106050 陶瓷玻璃器皿批發業；F106010 五金批發業；F211010 建材零售業；F220010 耐火材料零售業；F206010 五金零售業；F401010 國際貿易業,桃園市,變更,11508
60365767,泓林營造有限公司,桃園市平鎮區莊敬里坤慶二街52巷9號(3樓),王勇量,3800000,115/01/30,115/08/11,股東出資轉讓修正章程,E101011 綜合營造業；ZZ99999 除許可業務外，得經營法令非禁止或限制之業務,桃園市,變更,11508
60380015,璽承控股股份有限公司,桃園市蘆竹區忠孝東路17號3樓,岳紅,2600000,115/01/30,115/08/24,增資(資本總額),F106010 五金批發業；F113050 電腦及事務性機器設備批發業；F114030 汽、機車零件配備批發業；F114040 自行車及其零件批發業；F119010 電子材料批發業；F206010 五金零售業；F213030 電腦及事務性機器設備零售業；F214030 汽、機車零件配備零售業；F214040 自行車及其零件零售業；F219010 電子材料零售業,桃園市,變更,11508
60380351,經瑋投資有限公司,桃園市八德區永豐里華康街207巷22弄17號,蔣孝經,1000000,115/02/03,115/08/13,公司所在地,H201010 一般投資業,桃園市,變更,11508
60380373,鑫桃汽車有限公司,桃園市桃園區中山路1014號,章立人,10000000,115/02/03,115/08/26,股東出資轉讓修正章程,F114010 汽車批發業；F214010 汽車零售業；F401010 國際貿易業；F114030 汽、機車零件配備批發業；F214030 汽、機車零件配備零售業；JA01010 汽車修理業；JA01990 其他汽車服務業；I301010 資訊軟體服務業；I301020 資料處理服務業；I301030 電子資訊供應服務業,桃園市,變更,11508
60380818,慶呈人力管理顧問有限公司,桃園市龜山區文化東路50號,林慶昇,500000,115/02/06,115/08/04,股東出資轉讓修正章程,IZ12010 人力派遣業；J101010 建築物清潔服務業；I102010 一般投資顧問業；JE01010 租賃業；JZ99050 仲介服務業；H201010 一般投資業；H703090 不動產買賣業；H703100 不動產租賃業；H703110 老人住宅業；G801010 倉儲業,桃園市,變更,11508
60382560,益可吸紙品股份有限公司,桃園市蘆竹區中興一街61巷8號(2樓),楊玳潭,33000000,115/02/09,115/08/21,發行新股,C601020 紙製造業；C601030 紙容器製造業；C601040 加工紙製造業；C601050 家庭及衛生用紙製造業；C601990 其他紙製品製造業；C701010 印刷業；C805010 塑膠皮、布、板、管材製造業；C805020 塑膠膜、袋製造業；C805030 塑膠日用品製造業；C805050 工業用塑膠製品製造業,桃園市,變更,11508
60388311,漢湘國際有限公司,桃園市中壢區新街里延平路261號9樓,張正毅,1000000,114/12/23,115/08/19,申登機關變更（遷入，含卷）,I301010 資訊軟體服務業；I301020 資料處理服務業；I301030 電子資訊供應服務業；F101050 水產品批發業；F102170 食品什貨批發業；F106010 五金批發業；F106020 日常用品批發業；F107030 清潔用品批發業；F119010 電子材料批發業；F199990 其他批發業,桃園市,變更,11508
60394242,識元睿策顧問有限公司,桃園市龜山區文興路217號,陳睿盈,1680000,115/01/19,115/08/11,一般補正案,I301010 資訊軟體服務業；I301020 資料處理服務業；I301030 電子資訊供應服務業；I103060 管理顧問業；I199990 其他顧問服務業；I401010 一般廣告服務業；IZ99990 其他工商服務業；J202010 產業育成業；JB01010 會議及展覽服務業；F401010 國際貿易業,桃園市,變更,11508
60396966,正文能源有限公司,桃園市中壢區青航里青峰路一段49號5樓,張宜真,1000000,115/01/20,115/08/03,申登機關變更（遷入，含卷）,I102010 一般投資顧問業；D101060 再生能源自用發電設備業；H201010 一般投資業；IG03010 能源技術服務業；JE01010 租賃業；JZ99050 仲介服務業；ZZ99999 除許可業務外，得經營法令非禁止或限制之業務,桃園市,變更,11508
60398021,光匠空間整合實業有限公司,桃園市桃園區光興里四維街12號,劉羿汶,380000,115/01/19,115/08/18,股東出資轉讓修正章程,E599010 配管工程業；E601010 電器承裝業；E601020 電器安裝業；E603090 照明設備安裝工程業；E701040 簡易電信設備安裝業；E801010 室內裝潢業；E801020 門窗安裝工程業；E801030 室內輕鋼架工程業；E801040 玻璃安裝工程業；E801070 廚具、衛浴設備安裝工程業,桃園市,變更,11508
60398079,均鑶有限公司,桃園市楊梅區新農街586號14樓,吳素貞,10000000,115/01/20,115/08/24,增資,F218010 資訊軟體零售業；IZ12010 人力派遣業；IZ13010 網路認證服務業；CC01120 資料儲存媒體製造及複製業；I103060 管理顧問業；I199990 其他顧問服務業；F401010 國際貿易業；CC01110 電腦及其週邊設備製造業；F118010 資訊軟體批發業；F601010 智慧財產權業,桃園市,變更,11508
60398155,馨境裝潢有限公司,桃園市中壢區中建里延平路500號10樓之4,蔡懿軒,200000,115/01/20,115/08/07,公司所在地,E801010 室內裝潢業；E801020 門窗安裝工程業；E801070 廚具、衛浴設備安裝工程業；EZ99990 其他工程業,桃園市,變更,11508
60407154,蘊創生技有限公司,桃園市中壢區中建里延平路500號十樓之4,邱昭君,19000000,114/12/19,115/08/19,公司所營事業變更修正章程,F108040 化粧品批發業；F401010 國際貿易業；F601010 智慧財產權業；IG01010 生物技術服務業；IG02010 研究發展服務業；ZZ99999 除許可業務外，得經營法令非禁止或限制之業務；F108031 醫療器材批發業；F208031 醫療器材零售業；F399040 無店面零售業；I501010 產品設計業,桃園市,變更,11508
60407669,新寳紘科技股份有限公司,桃園市中壢區自強一路11之2號,詹文雄,517330000,114/12/26,115/08/25,認股憑證換發新股,C802160 黏性膠帶製造業；C802990 其他化學製品製造業；ZZ99999 除許可業務外，得經營法令非禁止或限制之業務,桃園市,變更,11508
60420662,雋益開發顧問股份有限公司,桃園市龜山區中興里萬壽路二段1193之1號,周俊仁,10760000,114/10/02,115/08/07,一般補正案,E801010 室內裝潢業；F106010 五金批發業；F111090 建材批發業；F206010 五金零售業；F211010 建材零售業；H701010 住宅及大樓開發租售業；H701020 工業廠房開發租售業；H701050 投資興建公共建設業；H701070 區段徵收及市地重劃代辦業；H701080 都市更新重建業,桃園市,變更,11508
60458168,星聯通訊科技股份有限公司,桃園市中壢區青埔里青峰路一段39號11樓,周瑞宏,25055000,114/10/17,115/08/26,一般補正案,F113030 精密儀器批發業；F113020 電器批發業；F113070 電信器材批發業；F119010 電子材料批發業；F213040 精密儀器零售業；F219010 電子材料零售業；F401010 國際貿易業；CD01010 船舶及其零件製造業；CD01020 軌道車輛及其零件製造業；CD01060 航空器及其零件製造業,桃園市,變更,11508
60483552,名嶸貨運有限公司,桃園市中壢區新中北路896號,廖文章,25000000,114/09/22,115/08/25,股東出資轉讓修正章程,G101061 汽車貨運業；G202010 停車場經營業；EZ02010 起重工程業；EZ99990 其他工程業；F114010 汽車批發業；F114030 汽、機車零件配備批發業；IZ12010 人力派遣業；ZZ99999 除許可業務外，得經營法令非禁止或限制之業務,桃園市,變更,11508
60483912,好鳦溙國際貿易股份有限公司,桃園市中壢區延平路500號12樓之3,黃浵晅,1000000,114/09/23,115/08/10,一般補正案,F401010 國際貿易業；F111090 建材批發業；C901990 其他非金屬礦物製品製造業；B601010 土石採取業；B101010 煤礦業；B102010 石油及天然氣礦業；B201010 金屬礦業；B202010 非金屬礦業；F199990 其他批發業；F113010 機械批發業,桃園市,變更,11508
60484638,菁博資本有限公司,桃園市蘆竹區吉林路171號11樓,黃博彥,12545389,114/09/26,115/08/05,增資,H201010 一般投資業；ZZ99999 除許可業務外，得經營法令非禁止或限制之業務,桃園市,變更,11508
60484877,京杉有限公司,桃園市楊梅區楊新路二段58巷54號,,5000,114/09/30,115/08/27,解散,ZZ99999 除許可業務外，得經營法令非禁止或限制之業務；F399990 其他綜合零售業；F399040 無店面零售業；F299990 其他零售業；F214030 汽、機車零件配備零售業,桃園市,變更,11508
60485284,保利管理顧問有限公司,桃園市桃園區民有十五街192號,劉友全,1000000,114/10/02,115/08/28,公司所在地,F104110 布疋、衣著、鞋、帽、傘、服飾品批發業；F106010 五金批發業；F106020 日常用品批發業；F109070 文教、樂器、育樂用品批發業；F204110 布疋、衣著、鞋、帽、傘、服飾品零售業；F206010 五金零售業；F206020 日常用品零售業；F209060 文教、樂器、育樂用品零售業；F399040 無店面零售業；F401010 國際貿易業,桃園市,變更,11508
60488249,希馬行銷顧問股份有限公司,桃園市桃園區藝文一街86之3號12樓,馬任輝,4000000,114/10/09,115/08/12,一般補正案,JB01010 會議及展覽服務業；J803010 運動表演業；J803020 運動比賽業；J802010 運動訓練業；J603010 音樂展演空間業；J602010 演藝活動業；J601010 藝文服務業；JA05010 留、遊學服務業；JZ99050 仲介服務業；I103060 管理顧問業,桃園市,變更,11508
60489465,宣德工業股份有限公司,桃園市龜山區民生北路一段568號7樓,蔡鎮隆,185000000,114/10/20,115/08/03,增資(資本總額),C804020 工業用橡膠製品製造業；C805050 工業用塑膠製品製造業；CA01130 銅材軋延、伸線、擠型業；CA02010 金屬結構及建築組件製造業；CB01010 機械設備製造業；CC01010 發電、輸電、配電機械製造業；CC01020 電線及電纜製造業；CC01030 電器及視聽電子產品製造業；CC01060 有線通信機械器材製造業；CC01080 電子零組件製造業,桃園市,變更,11508
60490110,蜂島行銷設計有限公司,桃園市桃園區大興西路二段6號10樓之5,簡若庭,250000,114/10/23,115/08/07,公司所在地,ZZ99999 除許可業務外，得經營法令非禁止或限制之業務；F101130 蔬果批發業；F101990 其他農、畜、水產品批發業；F102040 飲料批發業；F102050 茶葉批發業；F102170 食品什貨批發業；F104110 布疋、衣著、鞋、帽、傘、服飾品批發業；F106020 日常用品批發業；F105050 家具、寢具、廚房器具、裝設品批發業；F109070 文教、樂器、育樂用品批發業,桃園市,變更,11508
60491151,耀尚國際貿易股份有限公司,桃園市八德區興中里建德路182號（1樓）,林依嫺,2500000,114/11/03,115/08/28,公司所在地,F208040 化粧品零售業；F108040 化粧品批發業；F204110 布疋、衣著、鞋、帽、傘、服飾品零售業；F104110 布疋、衣著、鞋、帽、傘、服飾品批發業；F207030 清潔用品零售業；F107030 清潔用品批發業；F206020 日常用品零售業；F106020 日常用品批發業；F399990 其他綜合零售業；F401010 國際貿易業,桃園市,變更,11508
60499533,台灣量化金融科技股份有限公司,桃園市龜山區華亞一路36號,王榕宏,45500000,114/11/13,115/08/04,改派董事/監察人,F118010 資訊軟體批發業；F218010 資訊軟體零售業；F399040 無店面零售業；I301010 資訊軟體服務業；I301020 資料處理服務業；I301030 電子資訊供應服務業；I501010 產品設計業；I599990 其他設計業；J202010 產業育成業；ZZ99999 除許可業務外，得經營法令非禁止或限制之業務,桃園市,變更,11508
60510185,歐皇室內裝修設計有限公司,桃園市桃園區經國一路39號3樓,張維鈞,500000,114/09/18,115/08/07,股東出資轉讓修正章程,E801060 室內裝修業；E801010 室內裝潢業；E801020 門窗安裝工程業；E801030 室內輕鋼架工程業；E801040 玻璃安裝工程業；E801070 廚具、衛浴設備安裝工程業；E601020 電器安裝業；E603040 消防安全設備安裝工程業；E603090 照明設備安裝工程業；E901010 油漆工程業,桃園市,變更,11508
60523082,興和淨化科技股份有限公司,桃園市大園區三和路28巷1號(1樓),賴家聲,30000000,114/12/05,115/08/17,改選董事/監察人(一人法人股東指派董事/監察人),CB01030 污染防治設備製造業；F113100 污染防治設備批發業；CB01990 其他機械製造業；F119010 電子材料批發業；F113030 精密儀器批發業；F213040 精密儀器零售業；F213100 污染防治設備零售業；F219010 電子材料零售業；IG02010 研究發展服務業；I501010 產品設計業,桃園市,變更,11508
60523490,薾尹工程有限公司,桃園市楊梅區新榮里裕榮路327巷28號(2樓),許美婕,5000000,114/12/09,115/08/18,增資,A102080 園藝服務業；EZ02010 起重工程業；EZ99990 其他工程業；F106010 五金批發業；F111090 建材批發業；F213080 機械器具零售業；F213090 交通標誌器材零售業；F213100 污染防治設備零售業；F213990 其他機械器具零售業；F401010 國際貿易業,桃園市,變更,11508
60523689,橙艗有限公司,桃園市中壢區中北路二段117號15樓之1,曾日榮,3000000,114/12/10,115/08/14,停業副本,F111090 建材批發業；F211010 建材零售業；F199990 其他批發業；F401010 國際貿易業；ZZ99999 除許可業務外，得經營法令非禁止或限制之業務,桃園市,變更,11508
60523914,智擎尖端科技股份有限公司,桃園市桃園區中德里國際路一段246號,黃英士,50000000,114/12/12,115/08/07,改派董事/監察人,CB01010 機械設備製造業；CC01070 無線通信機械器材製造業；CC01080 電子零組件製造業；CC01100 電信管制射頻器材製造業；CE01030 光學儀器製造業；F113030 精密儀器批發業；F113050 電腦及事務性機器設備批發業；F113070 電信器材批發業；F114070 航空器及其零件批發業；F118010 資訊軟體批發業,桃園市,變更,11508
60524147,土田制所有限公司,桃園市大園區青山里致成路60號13樓之1,戴佑廷,500000,114/12/15,115/08/13,股東出資轉讓修正章程,A101020 農作物栽培業；A101030 特用作物栽培業；A101040 食用菌菇類栽培業；A101050 花卉栽培業；A102020 農產品整理業；A102030 蠶絲業；A102050 作物栽培服務業；A102060 糧商業；A102070 菸草整理業；A102080 園藝服務業,桃園市,變更,11508
60524250,泌萃力有限公司,桃園市桃園區三民里中山東路169號,鄭乃中,400000,114/12/15,115/08/12,公司所在地,C802100 化粧品製造業；F208040 化粧品零售業；IG01010 生物技術服務業；IG02010 研究發展服務業；F601010 智慧財產權業；F208050 乙類成藥零售業；G801010 倉儲業；H201010 一般投資業；H202010 創業投資業；I102010 一般投資顧問業,桃園市,變更,11508
60524532,金潤開發有限公司,桃園市龜山區樂善二路189號,劉芯彤,1000000,114/12/16,115/08/06,股東出資轉讓修正章程,H703090 不動產買賣業；H703100 不動產租賃業；H704031 不動產仲介經紀業；E601020 電器安裝業；E603090 照明設備安裝工程業；E801010 室內裝潢業；E801020 門窗安裝工程業；E801030 室內輕鋼架工程業；E801040 玻璃安裝工程業；E801070 廚具、衛浴設備安裝工程業,桃園市,變更,11508
60525005,映特有限公司,桃園市中壢區青埔里青峰路一段37號8樓,廖慧芳,1000000,114/10/07,115/08/06,公司所在地,F113030 精密儀器批發業；F113050 電腦及事務性機器設備批發業；F116010 照相器材批發業；F119010 電子材料批發業；F213030 電腦及事務性機器設備零售業；F213040 精密儀器零售業；F216010 照相器材零售業；F219010 電子材料零售業；CE01010 一般儀器製造業；CE01030 光學儀器製造業,桃園市,變更,11508
60525265,達勵國際股份有限公司,桃園市桃園區興邦路41號,王海峰,6000000,114/10/08,115/08/12,一般補正案,F206010 五金零售業；F213990 其他機械器具零售業；F401010 國際貿易業；CA02990 其他金屬製品製造業；F213080 機械器具零售業；C901010 陶瓷及陶瓷製品製造業；CA02090 金屬線製品製造業；CC01080 電子零組件製造業；CZ99990 未分類其他工業製品製造業；ZZ99999 除許可業務外，得經營法令非禁止或限制之業務,桃園市,變更,11508
60525413,昱智管理顧問有限公司,桃園市桃園區東山里復興路18之1號12樓,卓孟賡,500000,114/10/09,115/08/05,股東出資轉讓修正章程,E801010 室內裝潢業；E801020 門窗安裝工程業；E801030 室內輕鋼架工程業；E801070 廚具、衛浴設備安裝工程業；E901010 油漆工程業；EZ99990 其他工程業；F101130 蔬果批發業；F102020 食用油脂批發業；F102040 飲料批發業；F102050 茶葉批發業,桃園市,變更,11508
60526406,太初鼎盛有限公司,桃園市中壢區龍德里龍岡路三段261號(1樓),林思吟,500000,114/09/23,115/08/04,更正,F206060 祭祀用品零售業；F206020 日常用品零售業；F209060 文教、樂器、育樂用品零售業；F215010 首飾及貴金屬零售業；F215020 礦石零售業；F399040 無店面零售業；H703090 不動產買賣業；H703100 不動產租賃業；G202010 停車場經營業；ZZ99999 除許可業務外，得經營法令非禁止或限制之業務,桃園市,變更,11508
60526927,駿可股份有限公司,桃園市蘆竹區上興里18鄰大竹路289號(1樓),陳寶潭,3000000,114/11/06,115/08/20,發行新股,F106020 日常用品批發業；F106050 陶瓷玻璃器皿批發業；F206020 日常用品零售業；F106040 水器材料批發業；F120010 耐火材料批發業；F206040 水器材料零售業；F220010 耐火材料零售業；F213040 精密儀器零售業；F401010 國際貿易業；F601010 智慧財產權業,桃園市,變更,11508
60535046,領智創匯顧問股份有限公司,桃園市桃園區武陵里大同路73號,康皓雄,300000,114/11/14,115/08/07,一般補正案,I301010 資訊軟體服務業；I301020 資料處理服務業；I301030 電子資訊供應服務業；F218010 資訊軟體零售業；J399010 軟體出版業；ZZ99999 除許可業務外，得經營法令非禁止或限制之業務；J202010 產業育成業；I103060 管理顧問業；I199990 其他顧問服務業；F401010 國際貿易業,桃園市,變更,11508
60535593,銅鑼開發股份有限公司,桃園市中壢區過嶺里民族路六段576巷88之1號5樓,馮柏華,1000000,114/11/19,115/08/19,公司所營事業變更修正章程,I102010 一般投資顧問業；I199990 其他顧問服務業；I105010 藝術品諮詢顧問業；I103060 管理顧問業；I401010 一般廣告服務業；I401020 廣告傳單分送業；I501010 產品設計業；I503010 景觀、室內設計業；I599990 其他設計業；F401010 國際貿易業,桃園市,變更,11508
60535806,俊誠工程股份有限公司,桃園市蘆竹區中興路41號,李俊麒,4800000,114/11/21,115/08/20,公司所營事業變更修正章程,CA02010 金屬結構及建築組件製造業；CQ01010 模具製造業；CB01990 其他機械製造業；CC01020 電線及電纜製造業；CC01990 其他電機及電子機械器材製造業；CB01010 機械設備製造業；C805050 工業用塑膠製品製造業；F106010 五金批發業；F113010 機械批發業；F117010 消防安全設備批發業,桃園市,變更,11508
60535910,律政鑫股份有限公司,桃園市楊梅區民有路一段478巷7弄21號,鄭祖榮,1000000,114/11/21,115/08/03,董事/監察人持股變動報備,CA04010 表面處理業；CB01010 機械設備製造業；CC01080 電子零組件製造業；CE01010 一般儀器製造業；CE01030 光學儀器製造業；CQ01010 模具製造業；I301010 資訊軟體服務業；F106010 五金批發業；F106030 模具批發業；F113030 精密儀器批發業,桃園市,變更,11508
60536903,大量先進智能股份有限公司,桃園市八德區瑞豐里豐田路68號,王作京,121000000,114/12/01,115/08/28,一般補正案,CB01010 機械設備製造業；CC01010 發電、輸電、配電機械製造業；CC01110 電腦及其週邊設備製造業；CQ01010 模具製造業；F601010 智慧財產權業；H202010 創業投資業；I103060 管理顧問業；JE01010 租賃業；ZZ99999 除許可業務外，得經營法令非禁止或限制之業務,桃園市,變更,11508
60537023,峰慶科技有限公司,桃園市蘆竹區蘆興里蘆興南路281巷70號（1樓）,蔡姍珮,10000000,114/12/02,115/08/06,增資,F113010 機械批發業；F113020 電器批發業；F113030 精密儀器批發業；F113050 電腦及事務性機器設備批發業；F119010 電子材料批發業；F213010 電器零售業；F213030 電腦及事務性機器設備零售業；F213040 精密儀器零售業；F213080 機械器具零售業；F219010 電子材料零售業,桃園市,變更,11508
60545522,正昕能源有限公司,桃園市中壢區青航里青峰路一段49號5樓,張宜真,20000000,114/06/20,115/08/10,申登機關變更（遷入，含卷）,I102010 一般投資顧問業；D101060 再生能源自用發電設備業；H201010 一般投資業；JE01010 租賃業；JZ99050 仲介服務業；IG03010 能源技術服務業；ZZ99999 除許可業務外，得經營法令非禁止或限制之業務,桃園市,變更,11508
60546233,尾品匯國際有限公司,桃園市桃園區大連二街179之3號,陳福彬,200000,114/06/19,115/08/07,股東出資轉讓修正章程,G799990 其他運輸輔助業；G801010 倉儲業；F104110 布疋、衣著、鞋、帽、傘、服飾品批發業；F106010 五金批發業；F106020 日常用品批發業；F106060 寵物食品及其用品批發業；F399040 無店面零售業；F401010 國際貿易業；IZ06010 理貨包裝業；ZZ99999 除許可業務外，得經營法令非禁止或限制之業務,桃園市,變更,11508
60562774,梗生有限公司,桃園市八德區介壽路一段16巷50號1樓,謝承孝,200000,114/08/20,115/08/26,申登機關變更（遷入，含卷）,E599010 配管工程業；E601020 電器安裝業；E603010 電纜安裝工程業；E601010 電器承裝業；E603090 照明設備安裝工程業；E607010 太陽熱能設備安裝工程業；IG03010 能源技術服務業；D101060 再生能源自用發電設備業；EZ07010 鑽孔工程業；E903010 防蝕、防銹工程業,桃園市,變更,11508
60570872,霸總企業有限公司,桃園市平鎮區平南里中豐路南勢二段326號,黃峻浩,2800000,114/09/05,115/08/05,公司所在地,F501060 餐館業；I101090 食品顧問業；F102170 食品什貨批發業；F221010 食品添加物零售業；F101990 其他農、畜、水產品批發業；F203010 食品什貨、飲料零售業；F203020 菸酒零售業；F399040 無店面零售業；F401010 國際貿易業；F501990 其他餐飲業,桃園市,變更,11508
60571041,頤心樂苑有限公司,桃園市大溪區仁德二街231號(1樓),蔡沂伶,300000,114/09/08,115/08/03,增資,IZ12010 人力派遣業；H703110 老人住宅業；I103060 管理顧問業；JZ99050 仲介服務業；ZZ99999 除許可業務外，得經營法令非禁止或限制之業務,桃園市,變更,11508
60571393,盈毅國際股份有限公司,桃園市龜山區山福里頂興路64巷9號,李谿翔,100000,114/09/10,115/08/27,公司所在地,F101040 家畜家禽批發業；F101050 水產品批發業；F102030 菸酒批發業；F102040 飲料批發業；F102050 茶葉批發業；F102170 食品什貨批發業；F106020 日常用品批發業；F201010 農產品零售業；F201020 畜產品零售業；F201030 水產品零售業,桃園市,變更,11508
60571794,駿騫有限公司,桃園市桃園區龍壽里龍壽街162號,蕭煒錞,2900000,114/09/15,115/08/10,修正章程,I401010 一般廣告服務業；I199990 其他顧問服務業；F399040 無店面零售業；F199990 其他批發業；F201010 農產品零售業；F203010 食品什貨、飲料零售業；F204110 布疋、衣著、鞋、帽、傘、服飾品零售業；F205040 家具、寢具、廚房器具、裝設品零售業；F206010 五金零售業；F401010 國際貿易業,桃園市,變更,11508
60572007,豐昇營造有限公司,桃園市桃園區藝文里藝文一街86之7號6樓,李彥勳,3600000,114/09/16,115/08/13,公司所在地,E101011 綜合營造業；E401010 疏濬業；E402010 沙石、淤泥海拋業；E599010 配管工程業；E601010 電器承裝業；E601020 電器安裝業；E603040 消防安全設備安裝工程業；E603080 交通號誌安裝工程業；E603090 照明設備安裝工程業；E604010 機械安裝業,桃園市,變更,11508
60572132,珉立國際投資有限公司,桃園市中壢區復興路50號12樓,張珉榛,5000000,114/09/17,115/08/13,公司所在地,H201010 一般投資業；ZZ99999 除許可業務外，得經營法令非禁止或限制之業務,桃園市,變更,11508
60578712,亞勒斯科技有限公司,桃園市楊梅區楊湖路一段773巷70弄88號(1樓),廖建豪,5000000,114/06/30,115/08/12,增資,CB01010 機械設備製造業；CB01990 其他機械製造業；CC01010 發電、輸電、配電機械製造業；CC01030 電器及視聽電子產品製造業；CC01080 電子零組件製造業；CC01990 其他電機及電子機械器材製造業；E601020 電器安裝業；E601010 電器承裝業；E603050 自動控制設備工程業；E604010 機械安裝業,桃園市,變更,11508
60578776,咘吉國際有限公司,桃園市中壢區新生路3段12之2號,簡茂家,3000000,114/07/01,115/08/03,增資,F102020 食用油脂批發業；F102170 食品什貨批發業；F203010 食品什貨、飲料零售業；F399040 無店面零售業；F401010 國際貿易業；F501060 餐館業；F101040 家畜家禽批發業；F101050 水產品批發業；F101990 其他農、畜、水產品批發業；F201020 畜產品零售業,桃園市,變更,11508
60579156,懿騏科技有限公司,桃園市桃園區三民路三段28之1號4樓之1,蔡余有騏,10000000,114/07/02,115/08/13,增資,F113020 電器批發業；F213010 電器零售業；F102170 食品什貨批發業；F208040 化粧品零售業；F199990 其他批發業；F299990 其他零售業；F401010 國際貿易業；I103060 管理顧問業；ZZ99999 除許可業務外，得經營法令非禁止或限制之業務；F108031 醫療器材批發業,桃園市,變更,11508
60579607,詠錡資本股份有限公司,桃園市桃園區朝陽街359號25樓,李在坤,16000000,114/07/08,115/08/20,公司所在地,H201010 一般投資業；ZZ99999 除許可業務外，得經營法令非禁止或限制之業務,桃園市,變更,11508
60585684,鋁想家環保建材有限公司,桃園市大園區領航北路四段135巷22號,王妃,500000,114/07/22,115/08/12,一般補正案,ZZ99999 除許可業務外，得經營法令非禁止或限制之業務；J101080 資源回收業；E801010 室內裝潢業；F111090 建材批發業；F399040 無店面零售業；I401010 一般廣告服務業；F104110 布疋、衣著、鞋、帽、傘、服飾品批發業；I599990 其他設計業；CD01050 自行車及其零件製造業；CD01060 航空器及其零件製造業,桃園市,變更,11508
60585777,有容深超冷科技有限公司,桃園市蘆竹區長興里南崁路2段228巷16弄21號,孫大維,3000000,114/07/23,115/08/06,股東出資轉讓修正章程,F106030 模具批發業；F113010 機械批發業；F113990 其他機械器具批發業；F114030 汽、機車零件配備批發業；F114070 航空器及其零件批發業；F206010 五金零售業；F206030 模具零售業；F214030 汽、機車零件配備零售業；F213990 其他機械器具零售業；F299990 其他零售業,桃園市,變更,11508
60586023,天永國際貿易股份有限公司,桃園市大溪區中華路127巷26弄24號(1樓),李川浩,1000000,114/07/24,115/08/14,改選董事/監察人(一人法人股東指派董事/監察人),A101020 農作物栽培業；A101030 特用作物栽培業；A101040 食用菌菇類栽培業；A102020 農產品整理業；A102050 作物栽培服務業；A102060 糧商業；A199990 其他農業；C103050 罐頭、冷凍、脫水及醃漬食品製造業；C104020 烘焙炊蒸食品製造業；C109010 調味品製造業,桃園市,變更,11508
60588015,鈔能量國際有限公司,桃園市中壢區領航南路三段309號10樓,魏睿辰,500000,114/07/23,115/08/25,申登機關變更（遷入，含卷）,F108040 化粧品批發業；F102170 食品什貨批發業；F206020 日常用品零售業；F205040 家具、寢具、廚房器具、裝設品零售業；F208040 化粧品零售業；F203010 食品什貨、飲料零售業；F399040 無店面零售業；I103060 管理顧問業；I199990 其他顧問服務業；ZZ99999 除許可業務外，得經營法令非禁止或限制之業務,桃園市,變更,11508
60593615,杺澔有限公司,桃園市龜山區文化里復興二路103號(1樓),莊皓茗,100000,114/08/14,115/08/11,一般補正案,JZ99080 美容美髮服務業；F399040 無店面零售業；F401010 國際貿易業；F108040 化粧品批發業；F208040 化粧品零售業；ZZ99999 除許可業務外，得經營法令非禁止或限制之業務,桃園市,變更,11508
60595418,界權顧問有限公司,桃園市龜山區大同路313巷1號,蔡凱珞,500000,114/08/04,115/08/10,公司所營事業變更修正章程,I103060 管理顧問業；I199990 其他顧問服務業；J601010 藝文服務業；I501010 產品設計業；I599990 其他設計業；F109070 文教、樂器、育樂用品批發業；F115010 首飾及貴金屬批發業；F105050 家具、寢具、廚房器具、裝設品批發業；F209060 文教、樂器、育樂用品零售業；F215010 首飾及貴金屬零售業,桃園市,變更,11508
60595775,逸雲科技有限公司,桃園市中壢區青航里高鐵站前西路一段268號12樓之3,李冠庭,1000000,114/08/06,115/08/24,公司所在地,F119010 電子材料批發業；F219010 電子材料零售業；F401010 國際貿易業；F113010 機械批發業；F113050 電腦及事務性機器設備批發業；I301010 資訊軟體服務業；I301020 資料處理服務業；I301030 電子資訊供應服務業；IZ99990 其他工商服務業；ZZ99999 除許可業務外，得經營法令非禁止或限制之業務,桃園市,變更,11508
60595851,騰曦實業有限公司,桃園市大溪區仁文里介壽路913號（1樓）,呂世于,1400000,114/08/07,115/08/13,公司所營事業變更修正章程,B601010 土石採取業；E604010 機械安裝業；EZ02010 起重工程業；EZ07010 鑽孔工程業；F111090 建材批發業；F114010 汽車批發業；F211010 建材零售業；F214010 汽車零售業；F214030 汽、機車零件配備零售業；F214050 車胎零售業,桃園市,變更,11508
60595923,鴻辰精密科技有限公司,桃園市八德區大愛里重慶街109巷15號,李辰鴻,2100000,114/08/07,115/08/14,增資,F102050 茶葉批發業；F102170 食品什貨批發業；F104110 布疋、衣著、鞋、帽、傘、服飾品批發業；F105050 家具、寢具、廚房器具、裝設品批發業；F106010 五金批發業；F106020 日常用品批發業；F106040 水器材料批發業；F106050 陶瓷玻璃器皿批發業；F106070 祭祀用品批發業；F107010 漆料、塗料批發業,桃園市,變更,11508
60596583,奈司歐科技有限公司,桃園市八德區忠孝街23號三樓之4,廖居安,100000,114/08/13,115/08/21,公司所在地,J601010 藝文服務業；I105010 藝術品諮詢顧問業；F401010 國際貿易業；F399040 無店面零售業；F299990 其他零售業；F219010 電子材料零售業；F213030 電腦及事務性機器設備零售業；F213010 電器零售業；F206020 日常用品零售業；F206010 五金零售業,桃園市,變更,11508
60596660,尊環旅行社有限公司,桃園市中壢區金華里元化路311號,吳語嫻,10000000,114/08/14,115/08/19,增資,J902011 旅行業,桃園市,變更,11508
60606490,小棉兒有限公司,桃園市平鎮區復旦路二段150巷73號(3樓),鍾宜樺,10400000,114/06/13,115/08/28,申登機關變更（遷入，含卷）,F102170 食品什貨批發業；F106020 日常用品批發業；F107030 清潔用品批發業；F108031 醫療器材批發業；F108040 化粧品批發業；F113030 精密儀器批發業；F199990 其他批發業；F203010 食品什貨、飲料零售業；F204110 布疋、衣著、鞋、帽、傘、服飾品零售業；F206020 日常用品零售業,桃園市,變更,11508
60616075,福龍建設有限公司,桃園市八德區永福街82巷3弄2之1號(2樓),黃琦敏,10000000,114/08/01,115/08/31,公司所在地,H701010 住宅及大樓開發租售業；H703090 不動產買賣業；H703100 不動產租賃業；E801010 室內裝潢業；I199990 其他顧問服務業；I401010 一般廣告服務業；I401020 廣告傳單分送業；I503010 景觀、室內設計業；JE01010 租賃業；JZ99050 仲介服務業,桃園市,變更,11508
60616259,成緒投資顧問有限公司,桃園市桃園區介壽路495巷63號2樓,闕祐穎,1600000,114/08/01,115/08/11,公司所在地,H201010 一般投資業；ZZ99999 除許可業務外，得經營法令非禁止或限制之業務,桃園市,變更,11508
60624194,正宸能源有限公司,桃園市中壢區青航里青峰路一段49號5樓,張宜真,30000000,114/08/04,115/08/13,一般補正案,I102010 一般投資顧問業；D101060 再生能源自用發電設備業；H201010 一般投資業；IG03010 能源技術服務業；JE01010 租賃業；JZ99050 仲介服務業；ZZ99999 除許可業務外，得經營法令非禁止或限制之業務,桃園市,變更,11508
60626670,艾特電科技股份有限公司,桃園市中壢區青埔路二段111號12、13樓,詹益良,1400000000,114/08/20,115/08/20,經理人變更,CE01030 光學儀器製造業；CB01010 機械設備製造業；CB01990 其他機械製造業；CC01030 電器及視聽電子產品製造業；CC01070 無線通信機械器材製造業；CC01080 電子零組件製造業；CC01990 其他電機及電子機械器材製造業；CD01030 汽車及其零件製造業；F119010 電子材料批發業；I501010 產品設計業,桃園市,變更,11508
60639767,昕曜生技有限公司,桃園市八德區大安里興豐路1906巷80號(1樓),許雅茹,200000,114/06/23,115/08/06,一般補正案,F108031 醫療器材批發業；F208031 醫療器材零售業；F106020 日常用品批發業；F206020 日常用品零售業；F113050 電腦及事務性機器設備批發業；F213030 電腦及事務性機器設備零售業；F113070 電信器材批發業；F213060 電信器材零售業；F399040 無店面零售業；F401010 國際貿易業,桃園市,變更,11508
60666834,翰東地產有限公司,桃園市觀音區樹林里吉祥街85號5樓,楊京翰,5000000,114/08/26,115/08/24,公司所營事業變更修正章程,H704031 不動產仲介經紀業；H701010 住宅及大樓開發租售業；H701020 工業廠房開發租售業；H701060 新市鎮、新社區開發業；H701070 區段徵收及市地重劃代辦業；H702010 建築經理業；H703090 不動產買賣業；H703100 不動產租賃業；I102010 一般投資顧問業；I401010 一般廣告服務業,桃園市,變更,11508
60666927,舒適圈餐飲顧問有限公司,桃園市中壢區興和里興北一路200號11樓之1,吳承翰,400000,114/08/27,115/08/12,公司所在地,F101990 其他農、畜、水產品批發業；F102020 食用油脂批發業；F102030 菸酒批發業；F102040 飲料批發業；F102170 食品什貨批發業；F102180 酒精批發業；F104110 布疋、衣著、鞋、帽、傘、服飾品批發業；F109070 文教、樂器、育樂用品批發業；F113010 機械批發業；F201990 其他農畜水產品零售業,桃園市,變更,11508
60667361,甜米家教育股份有限公司,桃園市桃園區龍鳳里國豐五街55號(1樓),張哲維,5000000,114/08/29,115/08/13,增資(資本總額),F109070 文教、樂器、育樂用品批發業；F209060 文教、樂器、育樂用品零售業；I103060 管理顧問業；IZ12010 人力派遣業；F401010 國際貿易業；I301010 資訊軟體服務業；F118010 資訊軟體批發業；F218010 資訊軟體零售業；I301020 資料處理服務業；I301030 電子資訊供應服務業,桃園市,變更,11508
60667382,曜昌實業有限公司,桃園市桃園區中山路1308巷320弄23號(3樓),林建昌,1000000,114/08/29,115/08/19,公司所在地,F117010 消防安全設備批發業；F120010 耐火材料批發業；F211010 建材零售業；F220010 耐火材料零售業；E603040 消防安全設備安裝工程業；E603050 自動控制設備工程業；E603090 照明設備安裝工程業；E801010 室內裝潢業；E901010 油漆工程業；J101010 建築物清潔服務業,桃園市,變更,11508
60667833,峰暐投資控股股份有限公司,桃園市平鎮區工業一路11號,許珮毓,75659990,114/06/03,115/08/20,一般補正案,H201010 一般投資業；H703100 不動產租賃業；H703090 不動產買賣業；I103060 管理顧問業；ZZ99999 除許可業務外，得經營法令非禁止或限制之業務,桃園市,變更,11508
60668262,聖文營造工程股份有限公司,桃園市龜山區文七三街11號(1樓),林冠宇,5000000,114/06/05,115/08/14,一般補正案,E101011 綜合營造業；E599010 配管工程業；E601020 電器安裝業；E603010 電纜安裝工程業；E603040 消防安全設備安裝工程業；E603050 自動控制設備工程業；E603090 照明設備安裝工程業；E603100 電焊工程業；E604010 機械安裝業；E701040 簡易電信設備安裝業,桃園市,變更,11508
60668951,初日拾光有限公司,桃園市桃園區藝文里藝文一街86之6號4樓,游輝誌,100000,114/06/10,115/08/03,公司所在地,E801010 室內裝潢業；F201070 花卉零售業；F206020 日常用品零售業；F501030 飲料店業；F501990 其他餐飲業；I503010 景觀、室內設計業；I504010 花藝設計業；JB01010 會議及展覽服務業；ZZ99999 除許可業務外，得經營法令非禁止或限制之業務,桃園市,變更,11508
60672239,樂博醫學科技有限公司,桃園市桃園區文中里正光路423之9號3樓,徐銘鴻,3000000,114/03/06,115/08/13,一般補正案,CC01080 電子零組件製造業；CE01010 一般儀器製造業；CH01010 體育用品製造業；F113030 精密儀器批發業；F113070 電信器材批發業；F119010 電子材料批發業；F213040 精密儀器零售業；F401010 國際貿易業；I301010 資訊軟體服務業；I301020 資料處理服務業,桃園市,變更,11508
60672499,文焊實業有限公司,桃園市楊梅區富岡里富全街288號,李文,5000000,114/03/07,115/08/21,股東出資轉讓修正章程,F101040 家畜家禽批發業；F101130 蔬果批發業；F104110 布疋、衣著、鞋、帽、傘、服飾品批發業；F105050 家具、寢具、廚房器具、裝設品批發業；F106010 五金批發業；F106020 日常用品批發業；F102170 食品什貨批發業；F109070 文教、樂器、育樂用品批發業；F113050 電腦及事務性機器設備批發業；F114030 汽、機車零件配備批發業,桃園市,變更,11508
60673379,木子易整合行銷有限公司,桃園市桃園區大里樹仁二街68之1號,李承恩,1000000,114/03/13,115/08/03,增資,J401010 電影片製作業；J404010 動畫影片製作業；J404020 提供設備及場地供電影片拍攝業；J601010 藝文服務業；J602010 演藝活動業；JZ99030 攝影業；J402010 電影片發行業；J404040 電影錄音業；J404050 電影特效製作業；J399990 其他出版業,桃園市,變更,11508
60673624,鈞安防災工程有限公司,桃園市中壢區福德路127號9樓,曾珮涵,3000000,114/03/14,115/08/12,股東出資轉讓修正章程,F106040 水器材料批發業；F106010 五金批發業；F111090 建材批發業；E599010 配管工程業；E801070 廚具、衛浴設備安裝工程業；E601010 電器承裝業；E601020 電器安裝業；E502010 燃料導管安裝工程業；E603040 消防安全設備安裝工程業；F117010 消防安全設備批發業,桃園市,變更,11508
60678206,速工有限公司,桃園市桃園區中正路1249號2樓,蔡維邦,3000000,114/03/24,115/08/07,申登機關變更（遷入，含卷）,F199010 回收物料批發業；F199990 其他批發業；F299990 其他零售業；F106010 五金批發業；F106020 日常用品批發業；F111090 建材批發業；F211010 建材零售業；F113070 電信器材批發業；F213060 電信器材零售業；F401010 國際貿易業,桃園市,變更,11508
60705169,希絆股份有限公司,桃園市八德區霄裡里金城街10巷8號（1樓）,詹尹州,500000,114/03/18,115/08/06,改選董事/監察人(一人法人股東指派董事/監察人),I401010 一般廣告服務業；I301020 資料處理服務業；I501010 產品設計業；I599990 其他設計業；JB01010 會議及展覽服務業；J202010 產業育成業；J503010 廣播節目製作業；J503030 廣播電視節目發行業；J503040 廣播電視廣告業；IZ12010 人力派遣業,桃園市,變更,11508
60705479,亞智全球股份有限公司,桃園市中壢區中園路168之1號4樓,林育業,205000000,114/03/20,115/08/19,一般補正案,CA04010 表面處理業；CB01010 機械設備製造業；CC01060 有線通信機械器材製造業；CC01070 無線通信機械器材製造業；CC01080 電子零組件製造業；CC01090 電池製造業；CC01100 電信管制射頻器材製造業；CE01030 光學儀器製造業；E603050 自動控制設備工程業；E701030 電信管制射頻器材裝設工程業,桃園市,變更,11508
60712083,欣富隆投資有限公司,桃園市桃園區南埔里蓮埔街76號,趙國隆,28000000,114/03/28,115/08/05,公司所營事業變更修正章程,H201010 一般投資業；H703100 不動產租賃業；ZZ99999 除許可業務外，得經營法令非禁止或限制之業務,桃園市,變更,11508
60720725,潔漢汽車精品有限公司,桃園市大園區溪海里溪海路178號,陳琮慈,1200000,114/04/16,115/08/14,增資,F399040 無店面零售業；F204110 布疋、衣著、鞋、帽、傘、服飾品零售業；F207030 清潔用品零售業；F203010 食品什貨、飲料零售業；F206020 日常用品零售業；F214030 汽、機車零件配備零售業；F214010 汽車零售業；F213010 電器零售業；F299990 其他零售業；F219010 電子材料零售業,桃園市,變更,11508
60720865,貨通天下國際貿易有限公司,桃園市中壢區內厝五路129巷255號(1樓),曾瑞鈞,2500000,114/04/16,115/08/14,增資,I301010 資訊軟體服務業；I301020 資料處理服務業；I301030 電子資訊供應服務業；IZ06010 理貨包裝業；IZ12010 人力派遣業；G801010 倉儲業；F105050 家具、寢具、廚房器具、裝設品批發業；F106010 五金批發業；F106020 日常用品批發業；F106030 模具批發業,桃園市,變更,11508
60729937,戊丁科技有限公司,桃園市中壢區青埔里青商路59號2樓,朱書妤,750000,114/05/26,115/08/17,申登機關變更（遷入，含卷）,F106010 五金批發業；F206010 五金零售業；F111090 建材批發業；F211010 建材零售業；F120010 耐火材料批發業；F220010 耐火材料零售業；F205040 家具、寢具、廚房器具、裝設品零售業；E801010 室內裝潢業；E801020 門窗安裝工程業；E801040 玻璃安裝工程業,桃園市,變更,11508
60739246,允慕有限公司,桃園市桃園區新埔六街95號21樓,高崇榮,100000,114/03/18,115/08/20,股東出資轉讓修正章程,F204110 布疋、衣著、鞋、帽、傘、服飾品零售業；F104110 布疋、衣著、鞋、帽、傘、服飾品批發業；F205040 家具、寢具、廚房器具、裝設品零售業；F105050 家具、寢具、廚房器具、裝設品批發業；F399040 無店面零售業；F401010 國際貿易業；I103060 管理顧問業；I199990 其他顧問服務業；IZ99990 其他工商服務業；H201010 一般投資業,桃園市,變更,11508
60739858,鼎揚開發有限公司,桃園市桃園區新埔六街95號21樓,高崇榮,100000,114/03/20,115/08/13,股東出資轉讓修正章程,E801070 廚具、衛浴設備安裝工程業；E801020 門窗安裝工程業；E903010 防蝕、防銹工程業；E901010 油漆工程業；F106010 五金批發業；F206010 五金零售業；F106020 日常用品批發業；F206020 日常用品零售業；F105050 家具、寢具、廚房器具、裝設品批發業；F205040 家具、寢具、廚房器具、裝設品零售業,桃園市,變更,11508
60744711,淨立方生物科技有限公司,桃園市桃園區同安里藝文一街86之3號十二樓,王欽彥,3000000,114/04/10,115/08/13,股東出資轉讓修正章程,F107030 清潔用品批發業；F107080 環境用藥批發業；F108040 化粧品批發業；F207030 清潔用品零售業；F208040 化粧品零售業；F399040 無店面零售業；F118010 資訊軟體批發業；F218010 資訊軟體零售業；I301020 資料處理服務業；I301030 電子資訊供應服務業,桃園市,變更,11508
60744867,逸誠股份有限公司,桃園市桃園區福林里介壽路495巷65號14樓,羅浩文,1000000,114/04/10,115/08/24,一般補正案,F102040 飲料批發業；F102170 食品什貨批發業；F106020 日常用品批發業；F107030 清潔用品批發業；F108040 化粧品批發業；F109070 文教、樂器、育樂用品批發業；F118010 資訊軟體批發業；F401010 國際貿易業；F106060 寵物食品及其用品批發業；F103010 飼料批發業,桃園市,變更,11508
60752471,點安居租賃住宅代管有限公司,桃園市龜山區大同里明德路259號,黎玉蓮,300000,114/04/21,115/08/05,公司所在地,H706021 租賃住宅包租業；H706011 租賃住宅代管業；H701010 住宅及大樓開發租售業；I401010 一般廣告服務業；J101010 建築物清潔服務業；I103060 管理顧問業；ZZ99999 除許可業務外，得經營法令非禁止或限制之業務,桃園市,變更,11508
60752726,保宥股份有限公司,桃園市龜山區文山街9號(1樓),楊淑芬,19000000,114/04/22,115/08/21,增資(資本總額),H201010 一般投資業；ZZ99999 除許可業務外，得經營法令非禁止或限制之業務,桃園市,變更,11508
60761160,呈祥興業有限公司,桃園市八德區大智里介壽路一段796號(1樓),邱繼輝,16000000,114/05/09,115/08/05,增資,C701010 印刷業；C703010 印刷品裝訂及加工業；I301010 資訊軟體服務業；I301020 資料處理服務業；I401010 一般廣告服務業；I501010 產品設計業；I503010 景觀、室內設計業；I599990 其他設計業；F104110 布疋、衣著、鞋、帽、傘、服飾品批發業；F109070 文教、樂器、育樂用品批發業,桃園市,變更,11508
60761817,美順貿易有限公司,桃園市龍潭區烏林里工五路13巷2弄2號(2樓),何美珍,300000,114/05/15,115/08/07,公司所營事業變更修正章程,F102170 食品什貨批發業；F104110 布疋、衣著、鞋、帽、傘、服飾品批發業；F105050 家具、寢具、廚房器具、裝設品批發業；F106010 五金批發業；F106020 日常用品批發業；F107030 清潔用品批發業；F108040 化粧品批發業；F109070 文教、樂器、育樂用品批發業；F203010 食品什貨、飲料零售業；F204110 布疋、衣著、鞋、帽、傘、服飾品零售業,桃園市,變更,11508
60770908,築遠營造股份有限公司,桃園市中壢區領航南路三段301號16樓,潘威宇,180000000,114/06/02,115/08/14,發行新股,E101011 綜合營造業；E401010 疏濬業；E599010 配管工程業；E601020 電器安裝業；E603020 電梯安裝工程業；E603050 自動控制設備工程業；E603090 照明設備安裝工程業；E603100 電焊工程業；E603110 冷作工程業；E603120 噴砂工程業,桃園市,變更,11508
60773118,競界有限公司,桃園市桃園區新埔六街95號21樓,王寵惠,1000000,114/03/21,115/08/10,一般補正案,F204110 布疋、衣著、鞋、帽、傘、服飾品零售業；F104110 布疋、衣著、鞋、帽、傘、服飾品批發業；F205040 家具、寢具、廚房器具、裝設品零售業；F105050 家具、寢具、廚房器具、裝設品批發業；F399040 無店面零售業；F401010 國際貿易業；I103060 管理顧問業；I199990 其他顧問服務業；IZ99990 其他工商服務業；H201010 一般投資業,桃園市,變更,11508
60789630,醇飲時光有限公司,桃園市楊梅區大模街31號(5樓),王登輝,6000000,114/04/25,115/08/24,申登機關變更（遷入，含卷）,F401161 菸類輸入業；F401171 酒類輸入業；F102030 菸酒批發業；F102040 飲料批發業；F102170 食品什貨批發業；F107030 清潔用品批發業；F199990 其他批發業；F203010 食品什貨、飲料零售業；F203020 菸酒零售業；ZZ99999 除許可業務外，得經營法令非禁止或限制之業務,桃園市,變更,11508
61845987,芯科紡織有限公司,桃園市蘆竹區長興里南崁路二段9號7樓之8,林有容,10000000,106/07/20,115/08/10,一般補正案,C301010 紡紗業；F104110 布疋、衣著、鞋、帽、傘、服飾品批發業；F106010 五金批發業；F113010 機械批發業；F113030 精密儀器批發業；F401010 國際貿易業；F601010 智慧財產權業；I101110 紡織顧問業；C302010 織布業；C303010 不織布業,桃園市,變更,11508
62057870,豐葦房產有限公司,桃園市桃園區青溪里春日路330號,林嘉珍,5000000,115/05/28,115/08/14,減少所營事業變更修正章程,H701010 住宅及大樓開發租售業；H701020 工業廠房開發租售業；H701050 投資興建公共建設業；H701060 新市鎮、新社區開發業；H701070 區段徵收及市地重劃代辦業；H701090 都市更新整建維護業；H703090 不動產買賣業；H703100 不動產租賃業；H703110 老人住宅業；H702010 建築經理業,桃園市,變更,11508
62057908,承安環保科技股份有限公司,桃園市中壢區青峰路一段47號5樓,林俊甫,26400000,115/05/28,115/08/07,發行新股,C201010 飼料製造業；C801110 肥料製造業；IG03010 能源技術服務業；J101080 資源回收業；J101090 廢棄物清理業；J101040 廢棄物處理業；ZZ99999 除許可業務外，得經營法令非禁止或限制之業務；F107030 清潔用品批發業；F207030 清潔用品零售業；F401010 國際貿易業,桃園市,變更,11508
62057999,韓享餐飲股份有限公司,桃園市龍潭區龍星里龍青路29號,鍾荊雲,1000000,115/05/29,115/08/13,變更組織,F501060 餐館業；F203010 食品什貨、飲料零售業；F203030 酒精零售業；F299990 其他零售業；F206020 日常用品零售業；ZZ99999 除許可業務外，得經營法令非禁止或限制之業務,桃園市,變更,11508
62058385,巴羽室內裝修設計有限公司,桃園市平鎮區廣達里廣西路30巷24號（1樓）,黃芷緁,600000,115/06/02,115/08/07,增資,E801010 室內裝潢業；E801060 室內裝修業；E801030 室內輕鋼架工程業；E599010 配管工程業；E801020 門窗安裝工程業；E801040 玻璃安裝工程業；E801070 廚具、衛浴設備安裝工程業；E901010 油漆工程業；EZ99990 其他工程業；E607010 太陽熱能設備安裝工程業,桃園市,變更,11508
62073457,敦鄰食品有限公司,桃園市中壢區環中東路875號,林子揚,4500000,115/07/22,115/08/20,公司所營事業變更修正章程,F102170 食品什貨批發業；F102040 飲料批發業；F102030 菸酒批發業；F203010 食品什貨、飲料零售業；F203020 菸酒零售業；F399040 無店面零售業；F401010 國際貿易業；I301060 網路廣告平臺業；F101130 蔬果批發業；F201010 農產品零售業,桃園市,變更,11508
62073941,立芯科技股份有限公司,桃園市中壢區新街里延平路261號9樓,何秋英,500000,115/07/27,115/08/04,改選董事/監察人(一人法人股東指派董事/監察人),F113030 精密儀器批發業；F213040 精密儀器零售業；F119010 電子材料批發業；F219010 電子材料零售業；F113010 機械批發業；F213080 機械器具零售業；F106030 模具批發業；F206030 模具零售業；F213030 電腦及事務性機器設備零售業；F113050 電腦及事務性機器設備批發業,桃園市,變更,11508
62089916,荔提茶所有限公司,桃園市桃園區寶山街249號(1樓),鄭朝友,5000000,115/06/05,115/08/25,修正章程,F501030 飲料店業；F102170 食品什貨批發業；F102040 飲料批發業；F102050 茶葉批發業；F105050 家具、寢具、廚房器具、裝設品批發業；F106020 日常用品批發業；F106010 五金批發業；F113010 機械批發業；I101090 食品顧問業；J202010 產業育成業,桃園市,變更,11508
62089970,妤則有限公司,桃園市楊梅區永平里青山三街107號七樓,涂則緯,200000,115/06/08,115/08/21,增資,F102170 食品什貨批發業；F203010 食品什貨、飲料零售業；F399040 無店面零售業；F401010 國際貿易業；I401010 一般廣告服務業；J304010 圖書出版業；J399990 其他出版業；F399990 其他綜合零售業；I301030 電子資訊供應服務業；ZZ99999 除許可業務外，得經營法令非禁止或限制之業務,桃園市,變更,11508
62090076,濎新精密材料有限公司,桃園市中壢區三民路一段489號(2樓),黃文青,500000,115/06/08,115/08/24,一般補正案,CA04010 表面處理業；F113010 機械批發業；F113030 精密儀器批發業；F119010 電子材料批發業；F206030 模具零售業；F213040 精密儀器零售業；F219010 電子材料零售業；F401010 國際貿易業；F601010 智慧財產權業；I103060 管理顧問業,桃園市,變更,11508
62090688,鐙舜企業股份有限公司,桃園市觀音區樹林里15鄰工業一路9號,郭明智,20000000,115/06/11,115/08/18,一般補正案,ZZ99999 除許可業務外，得經營法令非禁止或限制之業務；C501010 製材業；C501030 合板製造業；C501040 組合木材製造業；C501060 木質容器製造業；C501990 其他木製品製造業；CA01050 鋼材二次加工業；F105050 家具、寢具、廚房器具、裝設品批發業；F106010 五金批發業；F106050 陶瓷玻璃器皿批發業,桃園市,變更,11508
62090738,英政美有限公司,桃園市桃園區春日路1471號12樓,陳守儀,100000,115/06/12,115/08/12,股東出資轉讓修正章程,F206010 五金零售業；EZ99990 其他工程業；E801010 室內裝潢業；E801020 門窗安裝工程業；E901010 油漆工程業；F111090 建材批發業；F106010 五金批發業；F206020 日常用品零售業；F399040 無店面零售業；F204110 布疋、衣著、鞋、帽、傘、服飾品零售業,桃園市,變更,11508
62090913,曼荼羅文創有限公司,桃園市中壢區永能路15號,許倩瑜,300000,115/06/15,115/08/06,公司所在地,JZ99990 未分類其他服務業；I199990 其他顧問服務業；J601010 藝文服務業；J202010 產業育成業；F102170 食品什貨批發業；F203010 食品什貨、飲料零售業；F108040 化粧品批發業；F208040 化粧品零售業；F401010 國際貿易業；F113030 精密儀器批發業,桃園市,變更,11508
62090982,駿福真有限公司,桃園市桃園區鎮一街79號2樓,林駿宏,300000,115/06/15,115/08/12,公司所在地,F104110 布疋、衣著、鞋、帽、傘、服飾品批發業；F204110 布疋、衣著、鞋、帽、傘、服飾品零售業；F106020 日常用品批發業；F206020 日常用品零售業；F108040 化粧品批發業；F208040 化粧品零售業；F105050 家具、寢具、廚房器具、裝設品批發業；F205040 家具、寢具、廚房器具、裝設品零售業；F102170 食品什貨批發業；F203010 食品什貨、飲料零售業,桃園市,變更,11508
62091125,凡盛資本投資股份有限公司,桃園市蘆竹區奉化路190號,王信智,10700000,115/06/16,115/08/24,公司外文名稱登記修正章程,H201010 一般投資業；ZZ99999 除許可業務外，得經營法令非禁止或限制之業務,桃園市,變更,11508
62099604,津合製冷工程有限公司,桃園市桃園區介壽路495巷67號14樓,李暄珮,1000000,115/06/18,115/08/25,公司名稱變更修正章程,E801070 廚具、衛浴設備安裝工程業；F205040 家具、寢具、廚房器具、裝設品零售業；E599010 配管工程業；E601020 電器安裝業；E601010 電器承裝業；E603010 電纜安裝工程業；E603040 消防安全設備安裝工程業；E603050 自動控制設備工程業；E603090 照明設備安裝工程業；E603100 電焊工程業,桃園市,變更,11508
62113900,佐諭實業有限公司,桃園市桃園區民有東路22之2號二樓,吳孟昇,1000000,115/07/29,115/08/07,申請變更統一編號,E801030 室內輕鋼架工程業；E801010 室內裝潢業；E607010 太陽熱能設備安裝工程業；E901010 油漆工程業；E801020 門窗安裝工程業；E601020 電器安裝業；E603050 自動控制設備工程業；E603090 照明設備安裝工程業；E604010 機械安裝業；E605010 電腦設備安裝業,桃園市,變更,11508
62131864,鉅擎有限公司,桃園市八德區豐田路287號,李忠治,10818000,115/06/30,115/08/25,一般補正案,H201010 一般投資業；ZZ99999 除許可業務外，得經營法令非禁止或限制之業務,桃園市,變更,11508
62132168,寶島氫動能科技股份有限公司,桃園市中壢區中央西路一段1號7樓,周哲平,4000000,115/07/02,115/08/20,發行新股,IG03010 能源技術服務業；IG02010 研究發展服務業；CC01010 發電、輸電、配電機械製造業；CB01010 機械設備製造業,桃園市,變更,11508
62132505,紅蜥蜴娛樂有限公司,桃園市桃園區中正里文中東路99號,薛巧希,500000,115/07/07,115/08/28,公司所營事業變更修正章程,F203020 菸酒零售業；F501060 餐館業；J602010 演藝活動業；J601010 藝文服務業；J603010 音樂展演空間業；I401010 一般廣告服務業；JZ99090 喜慶綜合服務業；ZZ99999 除許可業務外，得經營法令非禁止或限制之業務,桃園市,變更,11508
62132673,鑫馭有限公司,桃園市中壢區青航里高鐵站前西路1段268號13樓之7,徐志勇,13772500,115/07/08,115/08/12,增資,H201010 一般投資業；ZZ99999 除許可業務外，得經營法令非禁止或限制之業務,桃園市,變更,11508
62132792,回味藝品茶行有限公司,桃園市八德區大千里和平路281號,張宜驊,300000,115/07/08,115/08/25,公司所營事業變更修正章程,F501030 飲料店業；C110010 飲料製造業；F501060 餐館業；C104020 烘焙炊蒸食品製造業；C111010 製茶業；C199030 即食餐食製造業；C199010 麵條、粉條類食品製造業；C103050 罐頭、冷凍、脫水及醃漬食品製造業；C109010 調味品製造業；C199040 豆類加工食品製造業,桃園市,變更,11508
62132934,聯豐運動用品有限公司,桃園市桃園區中德里國際一路166號8樓,蔡宗樹,300000,115/07/09,115/08/21,公司所營事業變更修正章程,F401010 國際貿易業；F206010 五金零售業；F206020 日常用品零售業；F209060 文教、樂器、育樂用品零售業；F204110 布疋、衣著、鞋、帽、傘、服飾品零售業；F213080 機械器具零售業；F299990 其他零售業；IZ12010 人力派遣業；J802010 運動訓練業；J803020 運動比賽業,桃園市,變更,11508
62133259,愛寶有限公司,桃園市桃園區中正里正光路203巷28號(1樓),陳浩鈞,2000000,115/07/14,115/08/04,公司所營事業變更修正章程,F207030 清潔用品零售業；F208040 化粧品零售業；F209060 文教、樂器、育樂用品零售業；F213010 電器零售業；F215010 首飾及貴金屬零售業；F219010 電子材料零售業；F399040 無店面零售業；F401010 國際貿易業；I101090 食品顧問業；I105010 藝術品諮詢顧問業,桃園市,變更,11508
62184334,境成投資股份有限公司,桃園市八德區高城八街98號8樓,支和咸,4000000,115/07/16,115/08/17,公司所營事業變更修正章程,H201010 一般投資業；H701010 住宅及大樓開發租售業；H701020 工業廠房開發租售業；H701050 投資興建公共建設業；H701060 新市鎮、新社區開發業；H703090 不動產買賣業；H703100 不動產租賃業；I102010 一般投資顧問業；I103060 管理顧問業；I401010 一般廣告服務業,桃園市,變更,11508
62184616,燿妍生技有限公司,桃園市桃園區中寧里大興西路二段6號10樓之5,蕭惠馨,1000000,115/07/17,115/08/28,公司印鑑變更,F102040 飲料批發業；F102170 食品什貨批發業；F104110 布疋、衣著、鞋、帽、傘、服飾品批發業；F105050 家具、寢具、廚房器具、裝設品批發業；F108040 化粧品批發業；F109070 文教、樂器、育樂用品批發業；F121010 食品添加物批發業；F203010 食品什貨、飲料零售業；F208040 化粧品零售業；F399040 無店面零售業,桃園市,變更,11508
62184664,鈞澄國際有限公司,桃園市龜山區文學路11號8樓,陳祺潔,500000,115/07/17,115/08/27,公司所營事業變更修正章程,F102040 飲料批發業；F102050 茶葉批發業；F102170 食品什貨批發業；F104110 布疋、衣著、鞋、帽、傘、服飾品批發業；F105050 家具、寢具、廚房器具、裝設品批發業；F106020 日常用品批發業；F106050 陶瓷玻璃器皿批發業；F108040 化粧品批發業；F109070 文教、樂器、育樂用品批發業；F115010 首飾及貴金屬批發業,桃園市,變更,11508
62184995,萬重投資股份有限公司,桃園市龜山區大華里頂湖九街11號,吳瑞敏,22700000,115/07/21,115/08/27,一般補正案,H201010 一般投資業；ZZ99999 除許可業務外，得經營法令非禁止或限制之業務,桃園市,變更,11508
62194972,半分甦人文股份有限公司,桃園市中壢區青埔里青昇路280號,謝學孟,1000000,115/04/24,115/08/24,改選董事/監察人(一人法人股東指派董事/監察人),F501990 其他餐飲業；F501030 飲料店業；F501060 餐館業；J202010 產業育成業；I199990 其他顧問服務業；I103060 管理顧問業；IZ99990 其他工商服務業；F209060 文教、樂器、育樂用品零售業；I301030 電子資訊供應服務業；JE01010 租賃業,桃園市,變更,11508
62195000,訂閱管家科技有限公司,桃園市新屋區中山西路二段266巷219號(1樓),張津豪,200000,115/04/24,115/08/05,股東出資轉讓修正章程,F118010 資訊軟體批發業；F399040 無店面零售業；F399990 其他綜合零售業；JZ99990 未分類其他服務業；F108040 化粧品批發業；F401010 國際貿易業；ZZ99999 除許可業務外，得經營法令非禁止或限制之業務,桃園市,變更,11508
62195183,槿濠企業有限公司,桃園市蘆竹區長興里南崁路二段228巷282號,張寶升,500000,115/04/24,115/08/13,公司所在地,CA01050 鋼材二次加工業；CB01990 其他機械製造業；CB01010 機械設備製造業；CP01010 手工具製造業；I501010 產品設計業；F106010 五金批發業；F106020 日常用品批發業；F109070 文教、樂器、育樂用品批發業；F120010 耐火材料批發業；F206010 五金零售業,桃園市,變更,11508
62195254,安緹生物科技有限公司,桃園市龍潭區高楊北路106巷139號,林定岡,100000,115/04/27,115/08/19,公司所營事業變更修正章程,F108031 醫療器材批發業；F113030 精密儀器批發業；F208031 醫療器材零售業；F213040 精密儀器零售業；IG01010 生物技術服務業；ZZ99999 除許可業務外，得經營法令非禁止或限制之業務；CB01010 機械設備製造業；CB01020 事務機器製造業；CB01030 污染防治設備製造業；CC01030 電器及視聽電子產品製造業,桃園市,變更,11508
62195347,源衡有限公司,桃園市楊梅區環南路75巷3號4樓,莊倫勝,300000,115/04/27,115/08/20,公司所營事業變更修正章程,G801010 倉儲業；IZ06010 理貨包裝業；IZ12010 人力派遣業；F401010 國際貿易業；F104110 布疋、衣著、鞋、帽、傘、服飾品批發業；F105050 家具、寢具、廚房器具、裝設品批發業；F106010 五金批發業；F106020 日常用品批發業；F113070 電信器材批發業；F206010 五金零售業,桃園市,變更,11508
62208053,日釺綠能工程股份有限公司,桃園市大溪區員林路2段173巷21號10樓,李明秋,121500000,115/05/20,115/08/28,一般補正案,CB01010 機械設備製造業；CB01030 污染防治設備製造業；CC01060 有線通信機械器材製造業；CC01070 無線通信機械器材製造業；CC01080 電子零組件製造業；CC01110 電腦及其週邊設備製造業；CE01010 一般儀器製造業；E599010 配管工程業；E601010 電器承裝業；E603040 消防安全設備安裝工程業,桃園市,變更,11508
62212599,貝瑞國際股份有限公司,桃園市中壢區仁福四街32號（1樓）,尤亞晴,500000,115/03/13,115/08/24,一般補正案,F102050 茶葉批發業；F104110 布疋、衣著、鞋、帽、傘、服飾品批發業；F204110 布疋、衣著、鞋、帽、傘、服飾品零售業；F105050 家具、寢具、廚房器具、裝設品批發業；F205040 家具、寢具、廚房器具、裝設品零售業；F106020 日常用品批發業；F206020 日常用品零售業；F106060 寵物食品及其用品批發業；F206050 寵物食品及其用品零售業；F109070 文教、樂器、育樂用品批發業,桃園市,變更,11508
62212845,心閎投資有限公司,桃園市大園區仁德路18之17號（1樓）,謝育朋,10000000,115/03/18,115/08/19,增資,EZ07010 鑽孔工程業；E599010 配管工程業；J101990 其他環境衛生及污染防治服務業；E604010 機械安裝業；F111090 建材批發業；I103060 管理顧問業；B601010 土石採取業；JE01010 租賃業；E401010 疏濬業；EZ02010 起重工程業,桃園市,變更,11508
62212850,本德台灣股份有限公司,桃園市桃園區新埔六街77號3樓之3,STROTMANN JAN,500000,115/03/18,115/08/17,一般補正案,F401010 國際貿易業；F113030 精密儀器批發業；F113010 機械批發業；F113050 電腦及事務性機器設備批發業；F113990 其他機械器具批發業；F106010 五金批發業；F213040 精密儀器零售業；F213010 電器零售業；F213030 電腦及事務性機器設備零售業；F213990 其他機械器具零售業,桃園市,變更,11508
62213534,安森企業有限公司,桃園市桃園區中山里中平路98號14樓之1,楊子翔,1000000,115/03/23,115/08/07,一般補正案,F108040 化粧品批發業；F118010 資訊軟體批發業；F399040 無店面零售業；I103060 管理顧問業；I301020 資料處理服務業；I401010 一般廣告服務業；J202010 產業育成業；J602010 演藝活動業；JB01010 會議及展覽服務業；ZZ99999 除許可業務外，得經營法令非禁止或限制之業務,桃園市,變更,11508
62213801,德臻草本股份有限公司,桃園市桃園區經國路888號10樓之1,呂侑城,100000,115/03/25,115/08/05,改選董事/監察人(一人法人股東指派董事/監察人),C104020 烘焙炊蒸食品製造業；C199990 未分類其他食品製造業；F102040 飲料批發業；F102050 茶葉批發業；F102170 食品什貨批發業；F105050 家具、寢具、廚房器具、裝設品批發業；F106050 陶瓷玻璃器皿批發業；F108040 化粧品批發業；F203010 食品什貨、飲料零售業；F205040 家具、寢具、廚房器具、裝設品零售業,桃園市,變更,11508
62221350,快網飛有限公司,桃園市楊梅區光前街46號(1樓),曾馨苓,1000000,115/04/14,115/08/21,公司所在地,F209060 文教、樂器、育樂用品零售業；F299990 其他零售業；ZZ99999 除許可業務外，得經營法令非禁止或限制之業務；F203010 食品什貨、飲料零售業；F206020 日常用品零售業；I301010 資訊軟體服務業；JE01010 租賃業；IZ99990 其他工商服務業；F501990 其他餐飲業,桃園市,變更,11508
62221990,興翔科技有限公司,桃園市龜山區文青路355號十四樓之2,王璿凱,1000000,115/04/17,115/08/27,股東出資轉讓修正章程,F102170 食品什貨批發業；F106020 日常用品批發業；F107030 清潔用品批發業；F108040 化粧品批發業；F109070 文教、樂器、育樂用品批發業；F114030 汽、機車零件配備批發業；F119010 電子材料批發業；F201010 農產品零售業；F201030 水產品零售業；F203010 食品什貨、飲料零售業,桃園市,變更,11508
62232912,精耀科技有限公司,桃園市新屋區清華里清華路815號及北勢66之26號,曾紹騏,8000000,115/05/05,115/08/14,增資,CA01020 鋼鐵軋延及擠型業；CA01030 鋼鐵鑄造業；CA01050 鋼材二次加工業；CA01990 其他非鐵金屬基本工業；CA02010 金屬結構及建築組件製造業；CA02060 金屬容器製造業；CA02990 其他金屬製品製造業；CB01010 機械設備製造業；CB01990 其他機械製造業；CC01010 發電、輸電、配電機械製造業,桃園市,變更,11508
62233530,御星有限公司,桃園市中壢區華祥一街3巷6弄16號四樓,陳宜廷,100000,115/05/12,115/08/20,增資,F399040 無店面零售業；F401010 國際貿易業；I199990 其他顧問服務業；I301010 資訊軟體服務業；I301020 資料處理服務業；I301030 電子資訊供應服務業；IZ12010 人力派遣業；JZ99050 仲介服務業；JZ99990 未分類其他服務業；J503040 廣播電視廣告業,桃園市,變更,11508
62233692,頑強資產管理有限公司,桃園市大園區領航北路4段135巷22號,林瑞興,300000,115/05/12,115/08/18,一般補正案,H701020 工業廠房開發租售業；H703100 不動產租賃業；H703090 不動產買賣業；G202010 停車場經營業；I102010 一般投資顧問業；I103060 管理顧問業；ZZ99999 除許可業務外，得經營法令非禁止或限制之業務；I401010 一般廣告服務業；I501010 產品設計業；I503010 景觀設計業,桃園市,變更,11508
62249688,欣安工程有限公司,桃園市桃園區文中二路25巷8號(1樓),趙世強,1000000,115/04/13,115/08/11,申登機關變更（遷入，含卷）,E599010 配管工程業；E601010 電器承裝業；E601020 電器安裝業；E603010 電纜安裝工程業；E603020 電梯安裝工程業；E603040 消防安全設備安裝工程業；E603050 自動控制設備工程業；E603100 電焊工程業；E801010 室內裝潢業；E701040 簡易電信設備安裝業,桃園市,變更,11508
66262145,悅峰建設股份有限公司,桃園市桃園區青溪里日光路72號,王國峰,33000000,105/10/31,115/08/10,改選董事/監察人(一人法人股東指派董事/監察人),H701010 住宅及大樓開發租售業；H701020 工業廠房開發租售業；H701050 投資興建公共建設業；H701060 新市鎮、新社區開發業；H701070 區段徵收及市地重劃代辦業；H701090 都市更新整建維護業；H702010 建築經理業；H703090 不動產買賣業；H703100 不動產租賃業；H703110 老人住宅業,桃園市,變更,11508
66588516,柏菁有限公司,桃園市龜山區文化二路78號11樓,魏均泰,10000000,106/05/15,115/08/24,公司所在地,J503010 廣播節目製作業；J503020 電視節目製作業；J503030 廣播電視節目發行業；J503040 廣播電視廣告業；J503050 錄影節目帶業；F399040 無店面零售業；F399990 其他綜合零售業；F401010 國際貿易業；I301010 資訊軟體服務業；I301020 資料處理服務業,桃園市,變更,11508
66613183,祥宏健康股份有限公司,桃園市大溪區義和里內柵路2段156巷45號,林哲弘,400000000,106/06/12,115/08/27,公司所在地,H701050 投資興建公共建設業；H701060 新市鎮、新社區開發業；H701070 區段徵收及市地重劃代辦業；H701080 都市更新重建業；H701090 都市更新整建維護業；H701010 住宅及大樓開發租售業；H701020 工業廠房開發租售業；H703090 不動產買賣業；H703100 不動產租賃業；H703110 老人住宅業,桃園市,變更,11508
66620831,信毅國際租賃有限公司,桃園市桃園區經國路9號7樓之1,詹育芳,5000000,106/06/23,115/08/19,一般補正案,G101041 小客車租賃業；G202010 停車場經營業；JA01020 汽車拖吊業；JA02010 電器及電子產品修理業；JD01010 工商徵信服務業；JE01010 租賃業；JZ99050 仲介服務業；F113110 電池批發業；F114030 汽、機車零件配備批發業；F114050 車胎批發業,桃園市,變更,11508
66902705,元鈦電訊有限公司,桃園市中壢區後寮里中山東路3段40號(1樓),沈曼玲,2000000,106/09/11,115/08/19,股東出資轉讓修正章程,F113050 電腦及事務性機器設備批發業；F113070 電信器材批發業；F118010 資訊軟體批發業；F213030 電腦及事務性機器設備零售業；F213060 電信器材零售業；F218010 資訊軟體零售業；F401010 國際貿易業；I301010 資訊軟體服務業；IE01010 電信業務門號代辦業；ZZ99999 除許可業務外，得經營法令非禁止或限制之業務,桃園市,變更,11508
69316264,威俐國際股份有限公司,桃園市桃園區大興西路二段6號10樓之5,JOEL LEONG KUM HOE,78800000,107/02/14,115/08/18,申登機關變更（遷入，含卷）,H202010 創業投資業；I102010 投資顧問業；I103060 管理顧問業；I199990 其他顧問服務業；I301010 資訊軟體服務業；I301020 資料處理服務業；I501010 產品設計業；I599990 其他設計業；H201010 一般投資業；F118010 資訊軟體批發業,桃園市,變更,11508
69488553,穎台材料股份有限公司,桃園市龍潭區三和里新和路255號,張志成,300000000,105/09/23,115/08/05,改選董事/監察人(一人法人股東指派董事/監察人),C805010 塑膠皮、布、板、管材製造業；C805030 塑膠日用品製造業；CC01080 電子零組件製造業；F107010 漆料、塗料批發業；F107200 化學原料批發業；F119010 電子材料批發業；F219010 電子材料零售業；F401010 國際貿易業；ZZ99999 除許可業務外，得經營法令非禁止或限制之業務,桃園市,變更,11508
69500450,艾迪文有限公司,桃園市中壢區新街里元化路226號10樓,鄧宇晨,400000,105/10/03,115/08/12,股東出資轉讓修正章程,F106010 五金批發業；F106020 日常用品批發業；F109070 文教、樂器、育樂用品批發業；F113050 電腦及事務性機器設備批發業；F204110 布疋、衣著、鞋、帽、傘、服飾品零售業；F206010 五金零售業；F206020 日常用品零售業；F209060 文教、樂器、育樂用品零售業；F213030 電腦及事務性機器設備零售業；F399040 無店面零售業,桃園市,變更,11508
69502921,冠倫室內裝修有限公司,桃園市中壢區月眉里圓光路一段411巷3弄16號(一樓),林展同,3000000,105/10/05,115/08/20,增資,E801010 室內裝潢業；E801020 門窗安裝工程業；E801030 室內輕鋼架工程業；E801040 玻璃安裝工程業；E801070 廚具、衛浴設備安裝工程業；E901010 油漆工程業；E903010 防蝕、防銹工程業；F105050 家具、寢具、廚房器具、裝設品批發業；F111090 建材批發業；EZ99990 其他工程業,桃園市,變更,11508
69552098,安和電氣工程有限公司,桃園市桃園區瑞慶里寶慶路512號6樓,許文中,3720000,105/12/07,115/08/05,股東出資轉讓修正章程,E502010 燃料導管安裝工程業；E599010 配管工程業；E601020 電器安裝業；E603040 消防安全設備安裝工程業；E603050 自動控制設備工程業；E603090 照明設備安裝工程業；E604010 機械安裝業；E801070 廚具、衛浴設備安裝工程業；EZ99990 其他工程業；EZ15010 保溫、保冷安裝工程業,桃園市,變更,11508
69567959,吉鴻國際運輸有限公司,桃園市中壢區新中北路846巷1弄37號1樓,孔良禎,25000000,105/12/28,115/08/10,股東出資轉讓修正章程,G101061 汽車貨運業；G799990 其他運輸輔助業；IZ06010 理貨包裝業；G801010 倉儲業；F114010 汽車批發業；F114030 汽、機車零件配備批發業；F114050 車胎批發業；ZZ99999 除許可業務外，得經營法令非禁止或限制之業務,桃園市,變更,11508
69577289,煌都建設股份有限公司,桃園市桃園區藝文一街86之3號12樓,林崇恩,11880000,106/01/09,115/08/05,一般補正案,F111090 建材批發業；F401010 國際貿易業；H701010 住宅及大樓開發租售業；H701020 工業廠房開發租售業；H703090 不動產買賣業；H703100 不動產租賃業；I401010 一般廣告服務業；ZZ99999 除許可業務外，得經營法令非禁止或限制之業務,桃園市,變更,11508
69579596,德川新科技有限公司,桃園市蘆竹區錦中里南崁路一段99號2樓之4,林義雄,100000,106/01/13,115/08/10,公司所在地,E599010 配管工程業；E601020 電器安裝業；E604010 機械安裝業；J101990 其他環境衛生及污染防治服務業；JA02010 電器及電子產品修理業；ZZ99999 除許可業務外，得經營法令非禁止或限制之業務,桃園市,變更,11508
69583439,雷得綠捷能科技股份有限公司,桃園市八德區大成里大成街9號,張友嘉,5000000,106/01/19,115/08/25,公司印鑑變更,D101050 汽電共生業；D101060 再生能源自用發電設備業；D401010 熱能供應業；E599010 配管工程業；E601010 電器承裝業；E601020 電器安裝業；E603050 自動控制設備工程業；E606010 用電設備檢驗維護業；E607010 太陽熱能設備安裝工程業；EZ09010 靜電防護及消除工程業,桃園市,變更,11508
69599832,台灣路凱股份有限公司,桃園市蘆竹區三德街48號,鍾沛勲,45000000,106/02/21,115/08/19,改派董事/監察人,C501060 木質容器製造業（限中華民國行業標準分類1404木質容器製造業）；C501990 其他木製品製造業（限中華民國行業標準分類1403 建築用木製品製造業及1409 其他木竹製品製造業）；C805020 塑膠膜、袋製造業（限中華民國行業標準分類2202塑膠膜袋製造業）；C805070 強化塑膠製品製造業（限中華民國行業標準分類2209其他塑膠製品製造業）；JA02990 其他修理業（限中華民國行業標準分類9599 未分類其他個人及家庭用品維修業）；F299990 其他零售業（限中華民國行業標準分類4852 其他全新商品零售業、4853中古商品零售業及4872 直銷業；多層次傳銷，以及藥局、藥房、藥粧店或活動物之零售除外）；F401010 國際貿易業（限所登記營業項目對應之輸出入業）；J101080 資源回收業（限中華民國行業標準分類3830 資源回收業）；J101040 廢棄物處理業（限中華民國行業標準分類3821無害廢棄物處理業及3822有害廢棄物處理業）；J101060 廢（污）水處理業（限中華民國行業標準分類3700廢（污）水處理業）,桃園市,變更,11508
69608614,太紘工程有限公司,桃園市龜山區精忠里長峰路63號,羅愷喆,200000,106/03/07,115/08/12,公司所在地,EZ07010 鑽孔工程業；EZ99990 其他工程業；E801010 室內裝潢業；E801020 門窗安裝工程業；E801030 室內輕鋼架工程業；E801040 玻璃安裝工程業；E801070 廚具、衛浴設備安裝工程業；E901010 油漆工程業；E903010 防蝕、防銹工程業；E603090 照明設備安裝工程業,桃園市,變更,11508
69614313,阜康工程股份有限公司,桃園市大溪區一德里010鄰大漢街48號2樓,林朝榮,3000000,106/03/13,115/08/19,一般補正案,C801110 肥料製造業；F107050 肥料批發業；F113010 機械批發業；F201010 農產品零售業；F201020 畜產品零售業；F201030 水產品零售業；F207050 肥料零售業；F213080 機械器具零售業；F401010 國際貿易業；F102170 食品什貨批發業,桃園市,變更,11508
69659747,耀悅建設股份有限公司,桃園市桃園區中成里大興西路三段271號,詹子賢,62000000,106/06/01,115/08/20,改選董事/監察人(一人法人股東指派董事/監察人),F111090 建材批發業；F211010 建材零售業；F401010 國際貿易業；H201010 一般投資業；H701010 住宅及大樓開發租售業；H701020 工業廠房開發租售業；H701040 特定專業區開發業；H701050 投資興建公共建設業；H701060 新市鎮、新社區開發業；H701080 都市更新重建業,桃園市,變更,11508
69661238,碩仁有限公司,桃園市八德區大和路100號9樓,李中仁,10000000,106/06/05,115/08/10,公司所在地,F106010 五金批發業；F113010 機械批發業；F106020 日常用品批發業；F109070 文教、樂器、育樂用品批發業；C601040 加工紙製造業；C601020 紙製造業；C601030 紙容器製造業；C601050 家庭及衛生用紙製造業；C601990 其他紙製品製造業；C701010 印刷業,桃園市,變更,11508
69666472,伯樂營養生技股份有限公司,桃園市桃園區龍安街96號6樓之1,鍾帆,7350000,106/06/14,115/08/12,發行新股,A401040 畜牧服務業；F101040 家畜家禽批發業；F101050 水產品批發業；F101130 蔬果批發業；F107070 動物用藥品批發業；F207070 動物用藥零售業；F121010 食品添加物批發業；F102170 食品什貨批發業；F203010 食品什貨、飲料零售業；F101990 其他農、畜、水產品批發業,桃園市,變更,11508
69667628,富傑實業股份有限公司,桃園市中壢區青埔里青埔八街109號,游明富,35000000,106/06/15,115/08/20,公司所在地,H701010 住宅及大樓開發租售業；H703090 不動產買賣業；H703100 不動產租賃業；F401010 國際貿易業；ZZ99999 除許可業務外，得經營法令非禁止或限制之業務,桃園市,變更,11508
69669082,冠盛土地開發有限公司,桃園市蘆竹區福昌里南昌路230號,藍晨滐,500000,106/06/20,115/08/14,公司所營事業變更修正章程,H704031 不動產仲介經紀業；H201010 一般投資業；H706011 租賃住宅代管業；H706021 租賃住宅包租業；H701010 住宅及大樓開發租售業；H701020 工業廠房開發租售業；H701050 投資興建公共建設業；H701060 新市鎮、新社區開發業；H701070 區段徵收及市地重劃代辦業；H701090 都市更新整建維護業,桃園市,變更,11508
69670258,煌竣開發有限公司,桃園市桃園區寶慶路160號12樓,黃文瑞,11880000,106/06/21,115/08/12,一般補正案,F111090 建材批發業；F211010 建材零售業；E801010 室內裝潢業；H701010 住宅及大樓開發租售業；H701020 工業廠房開發租售業；H703090 不動產買賣業；H703100 不動產租賃業；I401010 一般廣告服務業；I401020 廣告傳單分送業；I503010 景觀、室內設計業,桃園市,變更,11508
69677294,金穎材料股份有限公司,桃園市桃園區汴洲里春日路1492之7號6樓,陳湸垣,33049900,106/07/05,115/08/07,改選董事/監察人(一人法人股東指派董事/監察人),C701010 印刷業；F119010 電子材料批發業；F401010 國際貿易業；ZZ99999 除許可業務外，得經營法令非禁止或限制之業務,桃園市,變更,11508
69684696,台灣活力生技新藥股份有限公司,桃園市桃園區天祥一街78號7樓,黃昭蓮,191630750,106/07/19,115/08/05,改選董事/監察人(一人法人股東指派董事/監察人),C802041 西藥製造業；C802060 動物用藥製造業；F106060 寵物食品及其用品批發業；F107070 動物用藥品批發業；F206050 寵物食品及其用品零售業；F207070 動物用藥零售業；F108021 西藥批發業；F208021 西藥零售業；F208050 乙類成藥零售業；F401010 國際貿易業,桃園市,變更,11508
69687194,富勝工程有限公司,桃園市平鎮區鎮興里中興路平鎮段432號,謝泳錡,10000000,106/07/25,115/08/25,申登機關變更（遷入，含卷）,EZ06010 交通標示工程業；E603080 交通號誌安裝工程業；E604010 機械安裝業；E801020 門窗安裝工程業；E901010 油漆工程業；F204110 布疋、衣著、鞋、帽、傘、服飾品零售業；F206010 五金零售業；F211010 建材零售業；F213080 機械器具零售業；F213090 交通標誌器材零售業,桃園市,變更,11508
69691269,善友國際有限公司,桃園市桃園區瑞慶里莊敬路2段175之1號5樓,簡佳臻,500000,106/08/01,115/08/04,股東出資轉讓修正章程,F102040 飲料批發業；F102170 食品什貨批發業；F113010 機械批發業；F113020 電器批發業；F113050 電腦及事務性機器設備批發業；F113070 電信器材批發業；F119010 電子材料批發業；F113990 其他機械器具批發業；F203010 食品什貨、飲料零售業；F213010 電器零售業,桃園市,變更,11508
69692197,澄豐環境科技有限公司,桃園市楊梅區富民街33巷240號,呂政宏,3000000,106/08/03,115/08/24,一般補正案,CB01010 機械設備製造業；CB01030 污染防治設備製造業；E599010 配管工程業；E604010 機械安裝業；F102030 菸酒批發業；F102040 飲料批發業；F113010 機械批發業；F113100 污染防治設備批發業；F203020 菸酒零售業；F213080 機械器具零售業,桃園市,變更,11508
69694391,軍誠實業有限公司,桃園市大園區南港里大觀路1229巷1弄36號,曾武義,200000,106/08/09,115/08/20,公司所在地,A102080 園藝服務業；A202040 伐木業；J101020 病媒防治業；J101030 廢棄物清除業；J101080 資源回收業；J101090 廢棄物清理業；F106010 五金批發業；F114990 其他交通運輸工具及其零件批發業；F107050 肥料批發業；C801110 肥料製造業,桃園市,變更,11508
69694505,金妮健康國際有限公司,桃園市蘆竹區中正路301號3樓之1,,2000000,106/08/09,115/08/26,解散,JZ99990 未分類其他服務業；J701040 休閒活動場館業；J802010 運動訓練業；J202010 產業育成業；J801030 競技及休閒運動場館業；JE01010 租賃業；ZZ99999 除許可業務外，得經營法令非禁止或限制之業務,桃園市,變更,11508
69694575,海天科有限公司,桃園市中壢區青埔里青峰路一段35號13樓,劉夏言,29000000,106/08/09,115/08/05,增資,F119010 電子材料批發業；E603050 自動控制設備工程業；JA02010 電器及電子產品修理業；F113030 精密儀器批發業；F113990 其他機械器具批發業；EZ05010 儀器、儀表安裝工程業；E601020 電器安裝業；JA02990 其他修理業；E606010 用電設備檢驗維護業；ZZ99999 除許可業務外，得經營法令非禁止或限制之業務,桃園市,變更,11508
69696948,亞運貿易有限公司,桃園市桃園區長德里愛七街82號10樓,沈欣怡,2000000,106/08/15,115/08/12,股東出資轉讓修正章程,F114010 汽車批發業；F114030 汽、機車零件配備批發業；F114050 車胎批發業；F111090 建材批發業；F104110 布疋、衣著、鞋、帽、傘、服飾品批發業；F214010 汽車零售業；F214030 汽、機車零件配備零售業；F214050 車胎零售業；F214990 其他交通運輸工具及其零件零售業；F204110 布疋、衣著、鞋、帽、傘、服飾品零售業,桃園市,變更,11508
69697480,保泰精密工業股份有限公司,桃園市龍潭區烏林里工二路一段207號,呂保儀,31000000,106/08/17,115/08/21,發行新股,CA02990 其他金屬製品製造業；F106010 五金批發業；F206010 五金零售業；C805050 工業用塑膠製品製造業；CB01010 機械設備製造業；CB01990 其他機械製造業；CC01110 電腦及其週邊設備製造業；CQ01010 模具製造業；F106030 模具批發業；F206030 模具零售業,桃園市,變更,11508
69699229,堃貿電子有限公司,桃園市中壢區合圳北路二段43號,簡劭容,2500000,106/08/21,115/08/26,股東出資轉讓修正章程,CA01050 鋼材二次加工業；CA02010 金屬結構及建築組件製造業；CA02990 其他金屬製品製造業；CC01080 電子零組件製造業；CZ99990 未分類其他工業製品製造業；F111090 建材批發業；F119010 電子材料批發業；F401010 國際貿易業；ZZ99999 除許可業務外，得經營法令非禁止或限制之業務,桃園市,變更,11508
69700540,五全有限公司,桃園市桃園區中成里文中一路313號,劉宜濱,12000000,106/08/23,115/08/03,修正章程,H201010 一般投資業；H202010 創業投資業；ZZ99999 除許可業務外，得經營法令非禁止或限制之業務,桃園市,變更,11508
69703080,弘迎系統科技股份有限公司,桃園市桃園區雲林里大豐路90號,解邦緯,3000000,106/08/29,115/08/12,董事長印鑑變更,I103060 管理顧問業；I199990 其他顧問服務業；I301010 資訊軟體服務業；I301020 資料處理服務業；I301030 電子資訊供應服務業；I301040 第三方支付服務業；I401010 一般廣告服務業；IG02010 研究發展服務業；IZ09010 管理系統驗證業；IZ13010 網路認證服務業,桃園市,變更,11508
69709866,本間室內裝修工程有限公司,桃園市中壢區五福里五族街178號,吳家豪,8000000,106/09/14,115/08/14,增資,E801060 室內裝修業；E801010 室內裝潢業；E801020 門窗安裝工程業；E801030 室內輕鋼架工程業；E801070 廚具、衛浴設備安裝工程業；E601020 電器安裝業；E603090 照明設備安裝工程業；EZ99990 其他工程業；F105050 家具、寢具、廚房器具、裝設品批發業；F111090 建材批發業,桃園市,變更,11508
69714869,六弦音樂有限公司,桃園市龜山區文化三路321號6樓,黃士杰,500000,106/09/26,115/08/03,一般補正案,J602010 演藝活動業；J305010 有聲出版業；J601010 藝文服務業；I401010 一般廣告服務業；F109070 文教、樂器、育樂用品批發業；J303010 雜誌（期刊）出版業；F209060 文教、樂器、育樂用品零售業；F601010 智慧財產權業；I301010 資訊軟體服務業；I301020 資料處理服務業,桃園市,變更,11508
69741991,源淨企業有限公司,桃園市平鎮區宋屋里廣泰路306號(1樓),宋源勝,1300000,106/12/20,115/08/13,公司所在地,F106040 水器材料批發業；F113020 電器批發業；F206040 水器材料零售業；F213010 電器零售業；F399040 無店面零售業；E601020 電器安裝業；JA02010 電器及電子產品修理業；JE01010 租賃業；F111090 建材批發業；F211010 建材零售業,桃園市,變更,11508
69745737,精準健康股份有限公司,桃園市桃園區經國路168號(19樓),楊弘仁,429918750,106/12/26,115/08/18,董事(常務董事.董事長)/監察人解任,C802100 化粧品製造業；C802170 毒性及關注化學物質製造業；CE01010 一般儀器製造業；E605010 電腦設備安裝業；F102170 食品什貨批發業；F106020 日常用品批發業；F108031 醫療器材批發業；F108040 化粧品批發業；F109070 文教、樂器、育樂用品批發業；F113030 精密儀器批發業,桃園市,變更,11508
69746953,益廣實業有限公司,桃園市中壢區仁和里華美一路223之1號1樓,邱家畇,10000000,106/12/28,115/08/04,股東出資轉讓修正章程,F401010 國際貿易業；F213080 機械器具零售業；F206010 五金零售業；F211010 建材零售業；F106010 五金批發業；F111090 建材批發業；F207990 其他化學製品零售業；F107990 其他化學製品批發業；ZZ99999 除許可業務外，得經營法令非禁止或限制之業務,桃園市,變更,11508
69755657,建鼎工程有限公司,桃園市大園區溪海里聖溪三路76號,張淑貞,3600000,107/01/26,115/08/19,股東出資轉讓修正章程,E801010 室內裝潢業；E801020 門窗安裝工程業；E801030 室內輕鋼架工程業；E901010 油漆工程業；F106010 五金批發業；F111090 建材批發業；F206010 五金零售業；F207010 漆料、塗料零售業；E599010 配管工程業；E603040 消防安全設備安裝工程業,桃園市,變更,11508
69759422,酷博網絡有限公司,桃園市中壢區振興街140號6樓之41,許富鈞,1460000,107/02/09,115/08/04,增資,I103060 管理顧問業；I199990 其他顧問服務業；I301010 資訊軟體服務業；I301020 資料處理服務業；I301030 電子資訊供應服務業；IZ99990 其他工商服務業；F218010 資訊軟體零售業；ZZ99999 除許可業務外，得經營法令非禁止或限制之業務,桃園市,變更,11508
70354764,昕琦科技股份有限公司,桃園市楊梅區員本里民隆路26號,朱德祥,391833000,88/04/23,115/08/27,一般補正案,F113030 精密儀器批發業；F110020 眼鏡批發業；F401010 國際貿易業；CE01030 光學儀器製造業；C801030 精密化學材料製造業；CE01010 一般儀器製造業；CF01011 醫療器材製造業；F108031 醫療器材批發業；F208031 醫療器材零售業；ZZ99999 除許可業務外，得經營法令非禁止或限制之業務,桃園市,變更,11508
70430221,總包工程有限公司,桃園市蘆竹區富國路二段805巷12號(2樓),郭致華,5000000,92/07/02,115/08/28,申登機關變更（遷入，含卷）,I401010 一般廣告服務業；E801010 室內裝潢業；E903010 防蝕、防銹工程業；EZ99990 其他工程業；E603090 照明設備安裝工程業；E801070 廚具、衛浴設備安裝工程業；E901010 油漆工程業；IZ06010 理貨包裝業；IZ12010 人力派遣業；E801020 門窗安裝工程業,桃園市,變更,11508
70452890,佳和桂科技股份有限公司,桃園市楊梅區青山里獅四路2號,魏士益,400000000,88/11/15,115/08/05,一般補正案,C801010 基本化學工業；C801020 石油化工原料製造業；C802060 動物用藥製造業；C802080 環境用藥製造業；C802120 工業助劑製造業；F107030 清潔用品批發業；F107080 環境用藥批發業；F107170 工業助劑批發業；F107990 其他化學製品批發業；F108040 化粧品批發業,桃園市,變更,11508
70454237,廣喆金屬工業股份有限公司,桃園市八德區大安里長安街61號,張永燦,108000000,88/11/20,115/08/04,改選董事/監察人(一人法人股東指派董事/監察人),CA01030 鋼鐵鑄造業；CP01010 手工具製造業；CD01020 軌道車輛及其零件製造業；CQ01010 模具製造業；CB01990 其他機械製造業（熔爐）；F199990 其他批發業（鑄鐵管、灰口鑄鐵、球墨鑄鐵、可鍛鑄鐵、鑄鋼件）；F299990 其他零售業（鑄鐵管、灰口鑄鐵、球墨鑄鐵、可鍛鑄鐵、鑄鋼件）；F106030 模具批發業；F401010 國際貿易業；J801030 競技及運動場館業,桃園市,變更,11508
70469490,如岳企業股份有限公司,桃園市桃園區同安街572號2樓,呂雅蕙,29000000,89/01/07,115/08/26,改選董事/監察人(一人法人股東指派董事/監察人),I401010 一般廣告服務業；F205040 家具、寢具、廚房器具、裝設品零售業；F211010 建材零售業；E801010 室內裝潢業；I503010 景觀、室內設計業；F401010 國際貿易業；I102010 投資顧問業；I103060 管理顧問業；I199990 其他顧問服務業；H703090 不動產買賣業,桃園市,變更,11508
70496670,合智工業股份有限公司,桃園市楊梅區上田里和平路725號,黃成業,100000000,89/04/28,115/08/21,一般補正案,CA01090 鋁鑄造業；CA01100 鋁材二次加工業；CA04010 表面處理業；CD01030 汽車及其零件製造業；F114030 汽、機車零件配備批發業；F401030 製造輸出業,桃園市,變更,11508
70508872,佳澄交通貨運有限公司,桃園市中壢區新中北路846巷1弄37號1樓,孔良禎,25000000,89/05/17,115/08/10,股東出資轉讓修正章程,G101061 汽車貨運業；G801010 倉儲業；JA01990 其他汽車服務業；IZ06010 理貨包裝業；F114010 汽車批發業；F114030 汽、機車零件配備批發業；F114050 車胎批發業；ZZ99999 除許可業務外，得經營法令非禁止或限制之業務,桃園市,變更,11508
70513762,巨鎵科技股份有限公司,桃園市楊梅區楊湖路一段676巷33弄5號,,188166980,89/05/23,115/08/19,公司所在地,F401010 國際貿易業；CB01010 機械設備製造業；CB01990 其他機械製造業；ZZ99999 除許可業務外，得經營法令非禁止或限制之業務,桃園市,變更,11508
70520953,國際美國村文教事業股份有限公司,桃園市桃園區中路里國際路2段38之1號7樓,黃奕婷,5200000,89/06/01,115/08/04,公司所營事業變更修正章程,J801030 競技及休閒運動場館業；J802010 運動訓練業；JB01010 會議及展覽服務業；JA05010 留、遊學服務業；I102010 一般投資顧問業；I103060 管理顧問業；I199990 其他顧問服務業；I401010 一般廣告服務業；IZ04010 翻譯業；IZ12010 人力派遣業,桃園市,變更,11508
70546074,富益成科技有限公司,桃園市蘆竹區羊稠里吉林路105之1號13樓,黃嘉和,5400000,89/04/10,115/08/14,負責人印鑑變更,F113010 機械批發業；F113030 精密儀器批發業；I501010 產品設計業；F401010 國際貿易業,桃園市,變更,11508
70557114,旗茂實業有限公司,桃園市桃園區中平路98號6樓之3,黃裕東,5000000,89/05/08,115/08/07,申登機關變更（遷入，含卷）,E801010 室內裝潢業；I503010 景觀、室內設計業；F106010 五金批發業；F206010 五金零售業；F211010 建材零售業；I401010 一般廣告服務業；F213010 電器零售業；F113020 電器批發業；E901010 油漆工程業；ZZ99999 除許可業務外，得經營法令非禁止或限制之業務,桃園市,變更,11508
70565389,元瀚材料股份有限公司,桃園市龜山區華亞二路199號,林宗勇,1838192680,89/05/29,115/08/18,改派董事/監察人,H201010 一般投資業；C801100 合成樹脂及塑膠製造業；C805010 塑膠皮、布、板、管材製造業；CC01080 電子零組件製造業；CC01110 電腦及其週邊設備製造業；F113050 電腦及事務性機器設備批發業；F118010 資訊軟體批發業；F119010 電子材料批發業；F213030 電腦及事務性機器設備零售業；F218010 資訊軟體零售業,桃園市,變更,11508
70570405,台灣三菱商事物流股份有限公司,桃園市中壢區環北路398號2樓之3,長田洋始,20000000,89/06/13,115/08/12,改派董事/監察人,G801010 倉儲業。；G501020 民用航空總代理業。；IZ07010 公證業。；G202010 停車場經營業。；G406020 商港區倉棧業。；F401010 國際貿易業。；F113010 機械批發業。；F114030 汽、機車零件配備批發業。；F114010 汽車批發業。；F114050 車胎批發業。,桃園市,變更,11508
70602510,達鉦機械股份有限公司,桃園市楊梅區新榮路369號,吳國,29000000,89/07/17,115/08/06,董事/監察人持股變動報備,CB01010 機械設備製造業；CD01010 船舶及其零件製造業；F114060 船舶及其零件批發業；F214060 船舶及其零件零售業；F106010 五金批發業；F113990 其他機械器具批發業；F401010 國際貿易業；C802090 清潔用品製造業；C802200 塗料、油漆、染料及顏料製造業；C901060 耐火材料製造業,桃園市,變更,11508
70610363,崧虹科技股份有限公司,桃園市八德區竹園里新興路1139號,孫貽謀,490000000,89/07/28,115/08/07,改選董事/監察人(一人法人股東指派董事/監察人),CC01080 電子零組件製造業；F119010 電子材料批發業；F219010 電子材料零售業；F401010 國際貿易業；CC01110 電腦及其週邊設備製造業；CC01030 電器及視聽電子產品製造業；ZZ99999 除許可業務外，得經營法令非禁止或限制之業務,桃園市,變更,11508
70619322,新群鼎實業股份有限公司,桃園市八德區興豐路2350巷369號,吳秀芬,51000000,89/08/10,115/08/21,公司所營事業變更修正章程,F111090 建材批發業；F211010 建材零售業；B601010 土石採取業；C901040 預拌混凝土製造業；C901990 其他非金屬礦物製品製造業；ZZ99999 除許可業務外，得經營法令非禁止或限制之業務；J101030 廢棄物清除業；J101040 廢棄物處理業；J101090 廢棄物清理業,桃園市,變更,11508
70639636,力生科技股份有限公司,桃園市龍潭區三和里楊銅路二段540巷1號,王梅貞,10000000,88/10/12,115/08/21,改選董事/監察人(一人法人股東指派董事/監察人),F107030 清潔用品批發業；F107200 化學原料批發業；F107990 其他化學製品批發業；F108040 化粧品批發業；F113010 機械批發業；F113100 污染防治設備批發業；F199010 回收物料批發業；F199990 其他批發業；F401010 國際貿易業；C801010 基本化學工業,桃園市,變更,11508
70655781,承盛熱處理股份有限公司,桃園市龜山區大華里頂湖路65號,謝國村,35000000,88/11/06,115/08/25,改選董事/監察人(一人法人股東指派董事/監察人),CA03010 金屬熱處理業。,桃園市,變更,11508
70665943,全鑫物流有限公司,桃園市龜山區萬壽路一段666號(2樓),蔡水琴,25000000,88/11/24,115/08/03,一般補正案,G101061 汽車貨運業；J101030 廢棄物清除業；J101040 廢棄物處理業；EZ02010 起重工程業；IZ06010 理貨包裝業；ZZ99999 除許可業務外，得經營法令非禁止或限制之業務,桃園市,變更,11508
70684110,向鋒投資股份有限公司,桃園市觀音區中山路一段1171巷11弄22號(1樓),陳杏雪,30000000,88/12/29,115/08/24,修正章程,H201010 一般投資業。,桃園市,變更,11508
70691647,興僑工業有限公司,桃園市桃園區大林里大仁路50巷38號1樓,李奕蓁,20000000,89/01/14,115/08/28,股東出資轉讓修正章程,CQ01010 模具製造業；F106030 模具批發業；CD01030 汽車及其零件製造業；CD01040 機車及其零件製造業；C805050 工業用塑膠製品製造業；F401010 國際貿易業,桃園市,變更,11508
70702145,精台鐳射精密股份有限公司,桃園市龍潭區烏林里工一路150巷15號,陳馨湘,50000000,89/02/02,115/08/12,董事/監察人持股變動報備,CA01050 鋼材二次加工業；I599990 其他設計業（機械五金設計）；E604010 機械安裝業；F113010 機械批發業；F401010 國際貿易業除許可業務外，得經營法令非禁止或限制之業務,桃園市,變更,11508
70721038,政福鋼鐵股份有限公司,桃園市觀音區富源里中觀路1段116號,黃浩泓,25000000,89/03/13,115/08/11,改選董事/監察人(一人法人股東指派董事/監察人),F206010 五金零售業；F211010 建材零售業；F111090 建材批發業；CB01010 機械設備製造業；CA01050 鋼材二次加工業；ZZ99999 除許可業務外，得經營法令非禁止或限制之業務,桃園市,變更,11508
70785139,景碩科技股份有限公司,桃園市新屋區石磊里中華路1245號,廖賜政,5269103600,89/09/11,115/08/12,其他減資,CC01080 電子零組件製造業；F119010 電子材料批發業；F219010 電子材料零售業；I103060 管理顧問業；CQ01010 模具製造業；CC01990 其他電機及電子機械器材製造業；CB01990 其他機械製造業；F401010 國際貿易業；C801010 基本化學工業；ZZ99999 除許可業務外，得經營法令非禁止或限制之業務,桃園市,變更,11508
70833553,國光電力股份有限公司,桃園市龜山區南上里北油一區11號,李皇章,10838000000,89/08/08,115/08/06,改派董事/監察人,D101011 發電業；D101050 汽電共生業；E604010 機械安裝業；F113010 機械批發業；F213080 機械器具零售業；F113020 電器批發業；F213010 電器零售業,桃園市,變更,11508
79953776,群鼎營造有限公司,桃園市大溪區員林路一段3巷31號15樓,簡俊德,75000000,91/05/07,115/08/20,股東出資轉讓修正章程,E101011 綜合營造業；ZZ99999 除許可業務外，得經營法令非禁止或限制之業務,桃園市,變更,11508
79970331,申旻製衣實業股份有限公司,桃園市平鎮區建安里金陵路四段475號3樓,林美麗,27000000,91/05/29,115/08/10,董事/監察人持股變動報備,ZZ99999 除許可業務外，得經營法令非禁止或限制之業務,桃園市,變更,11508
79978137,邦達國際人力股份有限公司,桃園市桃園區經國一路88號6樓,王彰德,50000000,91/06/10,115/08/28,公司所在地,I701011 就業服務業；IZ99990 其他工商服務業(協助雇主代辦外勞入境後之匯款手續)；F401010 國際貿易業；ZZ99999 除許可業務外，得經營法令非禁止或限制之業務,桃園市,變更,11508
80016665,英丞工程有限公司,桃園市桃園區中成里正光二街71巷13號,陳怡樺,3000000,92/03/21,115/08/18,減資,E599010 配管工程業；E601020 電器安裝業；E603040 消防安全設備安裝工程業；E603010 電纜安裝工程業；E801020 門窗安裝工程業；E601010 電器承裝業；EZ15010 保溫、保冷安裝工程業；E603050 自動控制設備工程業；E603090 照明設備安裝工程業；E701010 通信工程業,桃園市,變更,11508
80052850,品創實業有限公司,桃園市八德區瑞泰里瑞源街21號,陳美秀,20000000,91/10/04,115/08/26,一般補正案,E801010 室內裝潢業；E901010 油漆工程業；F106010 五金批發業；F401010 國際貿易業；F104110 布疋、衣著、鞋、帽、傘、服飾品批發業；F105050 家具、寢具、廚房器具、裝設品批發業；F106020 日常用品批發業；F106040 水器材料批發業；F106050 陶瓷玻璃器皿批發業；F111090 建材批發業,桃園市,變更,11508
80080096,佢朋股份有限公司,桃園市中壢區中堅里龍東路597號1樓,張友敬,84341560,91/11/14,115/08/19,修正章程,ZZ99999 除許可業務外，得經營法令非禁止或限制之業務；JA02990 其他修理業；E604010 機械安裝業；EZ99990 其他工程業；F106010 五金批發業；F106020 日常用品批發業；F106030 模具批發業；F106040 水器材料批發業；F107080 環境用藥批發業；F107190 塑膠膜、袋批發業,桃園市,變更,11508
80132313,坤銘實業有限公司,桃園市八德區茄苳里寶豐街15巷19弄9號,楊麗萍,3000000,92/01/30,115/08/21,股東出資轉讓修正章程,"F207010 漆料、塗料零售業；F207020 染料、顏料零售業；F107010 漆料、塗料批發業；F107020 染料、顏料批發業；F401010 國際貿易業；E901010 油漆工程業；ZZ99999 除許可業務外,得經營法令非禁止或限制之業務。",桃園市,變更,11508
80186014,優美園國際有限公司,桃園市桃園區中平路143號2樓,蘇慧雯,1000000,92/04/25,115/08/05,股東出資轉讓修正章程,F108040 化粧品批發業；F208040 化粧品零售業；F401010 國際貿易業；F102170 食品什貨批發業；F203010 食品什貨、飲料零售業；ZZ99999 除許可業務外，得經營法令非禁止或限制之業務,桃園市,變更,11508
80225038,瑞鋐科技股份有限公司,桃園市新屋區清華里清華一街29號,羅文燕,108101000,91/08/06,115/08/19,董事/監察人地址變更,CA02030 螺絲、螺帽、螺絲釘、及鉚釘等製品製造業；CB01010 機械設備製造業；CD01030 汽車及其零件製造業；CD01040 機車及其零件製造業；CP01010 手工具製造業；CQ01010 模具製造業；CA04010 表面處理業；CA02020 鋁銅製品製造業；CC01080 電子零組件製造業；F106010 五金批發業,桃園市,變更,11508
80257919,精敏科技股份有限公司,桃園市平鎮區貿易里貿一路162巷37號（1樓）,李國仕,10000000,91/09/24,115/08/19,發行新股,F119010 電子材料批發業；F401010 國際貿易業；F114030 汽、機車零件配備批發業；F214030 汽、機車零件配備零售業；F118010 資訊軟體批發業；F218010 資訊軟體零售業；ZZ99999 除許可業務外，得經營法令非禁止或限制之業務,桃園市,變更,11508
80260061,洋華光電股份有限公司,桃園市觀音區觀音工業區經建一路31號,白志強,1513276000,91/07/30,115/08/27,改選董事/監察人(一人法人股東指派董事/監察人),CB01010 機械設備製造業。；CC01010 發電、輸電、配電機械製造業。；CC01020 電線及電纜製造業。；CC01070 無線通信機械器材製造業。；CC01080 電子零組件製造業。；E603010 電纜安裝工程業。；E604010 機械安裝業。；F113010 機械批發業。；F113020 電器批發業。；F106010 五金批發業。,桃園市,變更,11508
80305546,禾禾果國際企業有限公司,桃園市桃園區大有里大有路509號10樓之1,呂辰夫,6000000,91/12/12,115/08/05,股東出資轉讓修正章程,C104020 烘焙炊蒸食品製造業；C105010 食用油脂製造業；C110010 飲料製造業；C201010 飼料製造業；C601020 紙製造業；C601030 紙容器製造業；C601040 加工紙製造業；F101040 家畜家禽批發業；F101050 水產品批發業；F102020 食用油脂批發業,桃園市,變更,11508
80310055,翔誠投資股份有限公司,桃園市中壢區洽溪里永能路23巷9號1樓,邱振崑,5000000,92/04/14,115/08/10,一般補正案,ZZ99999 除許可業務外，得經營法令非禁止或限制之業務,桃園市,變更,11508
80371361,棨暘企業有限公司,桃園市龍潭區八德里梅龍三街116巷241弄2之1號,郭家宏,1000000,93/01/13,115/08/27,股東出資轉讓修正章程,F401010 國際貿易業；ZZ99999 除許可業務外，得經營法令非禁止或限制之業務,桃園市,變更,11508
80390183,世鉅投資有限公司,桃園市桃園區同德五街131巷2弄8號3樓,姚宇洋,3000000,92/05/06,115/08/05,公司所在地,H201010 一般投資業；H202010 創業投資業；ZZ99999 除許可業務外，得經營法令非禁止或限制之業務,桃園市,變更,11508
80402483,亞德光機股份有限公司,桃園市平鎮區天津街171號,吳堉文,116800000,92/05/23,115/08/05,減資,F401010 國際貿易業；F219010 電子材料零售業；F119010 電子材料批發業；CC01040 照明設備製造業；CC01080 電子零組件製造業；I501010 產品設計業；ZZ99999 除許可業務外，得經營法令非禁止或限制之業務,桃園市,變更,11508
80420258,薰遊股份有限公司,桃園市大溪區福安里復興路1段1093巷27號,林志揚,25870000,92/06/17,115/08/14,一般補正案,F501030 飲料店業；F501060 餐館業；J101010 建築物清潔服務業；F201010 農產品零售業；A101020 農作物栽培業；A101030 特用作物栽培業；A101040 食用菌菇類栽培業；A101050 花卉栽培業；A102020 農產品整理業；A102030 蠶絲業,桃園市,變更,11508
80440698,富利久有限公司,桃園市平鎮區北勢里莒光路13巷40弄4號,吳碧貞,1000000,92/07/15,115/08/14,股東出資轉讓修正章程,F113050 電腦及事務性機器設備批發業；F213030 電腦及事務性機器設備零售業；F113030 精密儀器批發業；F113070 電信器材批發業；F119010 電子材料批發業；F109070 文教、樂器、育樂用品批發業；F105050 家具、寢具、廚房器具、裝設品批發業；E605010 電腦設備安裝業；JA02010 電器及電子產品修理業；I301020 資料處理服務業,桃園市,變更,11508
80452005,欣合鑫科技股份有限公司,桃園市平鎮區平南里66鄰天津街226巷2號1樓,申瑜珍,15000000,92/07/30,115/08/19,董事/監察人持股變動報備,F111090 建材批發業；F106030 模具批發業；F206030 模具零售業；F401010 國際貿易業；F111070 金屬建材批發業；F113010 機械批發業；F213080 機械器具零售業；F206010 五金零售業；E801020 門窗安裝工程業；F113020 電器批發業,桃園市,變更,11508
80472184,觀音環境資源科技股份有限公司,桃園市觀音區樹林里工業七路5號1樓,邱創海,750931100,92/08/27,115/08/10,增資(資本總額),CA01070 廢車船解體及廢鋼鐵五金處理業；F106010 五金批發業；F113050 電腦及事務性機器設備批發業；F114030 汽、機車零件配備批發業；JA01020 汽車拖吊業；F107990 其他化學製品批發業；F111090 建材批發業；F112040 石油製品批發業；F113110 電池批發業；F114010 汽車批發業,桃園市,變更,11508
80510461,昌明文化有限公司,桃園市龜山區新路里17鄰中原街32號,向永昌,2000000,92/08/20,115/08/11,股東出資轉讓修正章程,F109010 圖書批發業。；F401010 國際貿易業；J304010 圖書出版業；IZ01010 影印業；ZZ99999 除許可業務外，得經營法令非禁止或限制之業務,桃園市,變更,11508
80526421,創園實業股份有限公司,桃園市桃園區藝文一街86之6號十三樓,林仲斌,28000000,92/10/06,115/08/12,變更組織,H704041 不動產代銷經紀業；H704031 不動產仲介經紀業；H701010 住宅及大樓開發租售業；H703090 不動產買賣業；H703100 不動產租賃業；I401010 一般廣告服務業；F105010 家具批發業；F205010 家具零售業；F211010 建材零售業；E801010 室內裝潢業,桃園市,變更,11508
80531796,鴻錩國際股份有限公司,桃園市龜山區文化五路19號(1樓),余朝信,7500000,92/10/21,115/08/27,改選董事/監察人(一人法人股東指派董事/監察人),E604010 機械安裝業；E603050 自動控制設備工程業；EZ05010 儀器、儀表安裝工程業；E599010 配管工程業；F113060 度量衡器批發業；F114060 船舶及其零件批發業；F213040 精密儀器零售業；F213080 機械器具零售業；F214060 船舶及其零件零售業；F113030 精密儀器批發業,桃園市,變更,11508
80551069,新應材股份有限公司,桃園市龍潭區三和里新和路455號,詹文雄,947328650,92/09/25,115/08/20,發行新股,F119010 電子材料批發業；C802990 其他化學製品製造業；J101080 資源回收業；ZZ99999 除許可業務外，得經營法令非禁止或限制之業務,桃園市,變更,11508
80554946,昶鑫鋼鐵股份有限公司,桃園市蘆竹區中福里龍壽街一段95巷33號,林志鵬,229000000,92/09/30,115/08/11,增資(資本總額),CA01050 鋼材二次加工業；CA01100 鋁材二次加工業；CA01130 銅材二次加工業；F111070 金屬建材批發業；F106030 模具批發業；F106010 五金批發業；ZZ99999 除許可業務外，得經營法令非禁止或限制之業務,桃園市,變更,11508
80564846,源發科高端機械設備股份有限公司,桃園市平鎮區環南路521號(4樓),張倉豪,5000000,92/10/14,115/08/13,一般補正案,CB01010 機械設備製造業；E604010 機械安裝業；F113010 機械批發業；F213080 機械器具零售業；F401010 國際貿易業；ZZ99999 除許可業務外，得經營法令非禁止或限制之業務,桃園市,變更,11508
80611545,矽瑪科技股份有限公司,桃園市桃園區瑞慶里中正路1351號14樓、1353號14樓,黃漢州,799729450,92/12/15,115/08/03,改選董事/監察人(一人法人股東指派董事/監察人),CQ01010 模具製造業；F106030 模具批發業；F206030 模具零售業；C805050 工業用塑膠製品製造業；CC01080 電子零組件製造業；F119010 電子材料批發業；F219010 電子材料零售業；CA01050 鋼材二次加工業；F106010 五金批發業；F206010 五金零售業,桃園市,變更,11508
80663698,全人中原育成投資股份有限公司,桃園市中壢區普忠里新中北路499號,高庚鑽,19200000,93/01/13,115/08/14,公司所在地,H201010 一般投資業,桃園市,變更,11508
80701546,鎮旦木業有限公司,桃園市中壢區內定里合圳北路二段158號,葉曉娟,20000000,93/02/13,115/08/11,增資,ZZ99999 除許可業務外，得經營法令非禁止或限制之業務；C501040 組合木材製造業；C501990 其他木製品製造業；F106010 五金批發業；F111090 建材批發業；F206010 五金零售業；F211010 建材零售業；F401010 國際貿易業,桃園市,變更,11508
80743573,華而達工程股份有限公司,桃園市八德區陸光里陸光街60巷1號6樓,翁齊鉦,20000000,93/04/01,115/08/18,修正章程,E503011 下水道用戶排水設備承裝商；E599010 配管工程業；E604010 機械安裝業；E801010 室內裝潢業；E801070 廚具、衛浴設備安裝工程業；E801020 門窗安裝工程業；E901010 油漆工程業；E903010 防蝕、防銹工程業；EZ06010 交通標示工程業；EZ99990 其他工程業,桃園市,變更,11508
82767380,寶輩貿易有限公司,桃園市桃園區中德里國際路一段422號,張俊賢,5500000,107/09/17,115/08/19,公司所營事業變更修正章程,F114010 汽車批發業；F114030 汽、機車零件配備批發業；F114050 車胎批發業；F104110 布疋、衣著、鞋、帽、傘、服飾品批發業；F111090 建材批發業；F214010 汽車零售業；F214030 汽、機車零件配備零售業；F214050 車胎零售業；F214990 其他交通運輸工具及其零件零售業；F204110 布疋、衣著、鞋、帽、傘、服飾品零售業,桃園市,變更,11508
82767473,奕千投資股份有限公司,桃園市大溪區一心里復興路92號,邱顯能,467400000,107/09/18,115/08/28,變更組織,H201010 一般投資業,桃園市,變更,11508
82767749,永祥泵浦有限公司,桃園市桃園區中正五街231號(1樓),許義麟,5000000,107/09/19,115/08/13,增資,F113010 機械批發業；F113020 電器批發業；F113990 其他機械器具批發業；F106010 五金批發業；F213080 機械器具零售業；F213010 電器零售業；F213990 其他機械器具零售業；F206010 五金零售業；F401010 國際貿易業；E601020 電器安裝業,桃園市,變更,11508
82767924,泉新屋汽車有限公司,桃園市新屋區清華里中山東路一段266號(1樓),陳帆毅,600000,107/09/21,115/08/24,改推董事/董事長,JA01010 汽車修理業；F214050 車胎零售業；F114050 車胎批發業；F214030 汽、機車零件配備零售業；F114030 汽、機車零件配備批發業；JA01990 其他汽車服務業；ZZ99999 除許可業務外，得經營法令非禁止或限制之業務,桃園市,變更,11508
82773117,頑味國際餐飲股份有限公司,桃園市龜山區大華里頂湖路26號,陳連春,192000000,107/10/26,115/08/18,發行新股,A102020 農產品整理業；C104020 烘焙炊蒸食品製造業；C199030 即食餐食製造業；C199990 未分類其他食品製造業；E801010 室內裝潢業；F101040 家畜家禽批發業；F101050 水產品批發業；F101130 蔬果批發業；F101990 其他農、畜、水產品批發業；F102020 食用油脂批發業,桃園市,變更,11508
82775213,韓商一七三優質選物股份有限公司,桃園市大園區致祥三街55號1樓,KIM SON GONE,6100000,108/01/18,115/08/06,在中華民國所營事業增加登記,F102170 食品什貨批發業；F104110 布疋、衣著、鞋、帽、傘、服飾品批發業；F105050 家具、寢具、廚房器具、裝設品批發業；F106020 日常用品批發業；F108040 化粧品批發業；F109070 文教、樂器、育樂用品批發業；F113020 電器批發業；F114030 汽、機車零件配備批發業；F199990 其他批發業；F204110 布疋、衣著、鞋、帽、傘、服飾品零售業,桃園市,變更,11508
82780551,滿記餐飲管理顧問有限公司,桃園市龍潭區中山里北龍路274號(1樓),,500000,107/11/07,115/08/14,解散,F501060 餐館業；F102170 食品什貨批發業；F203010 食品什貨、飲料零售業；F201010 農產品零售業；F201020 畜產品零售業；F201030 水產品零售業；F201990 其他農畜水產品零售業；F101990 其他農、畜、水產品批發業；F401010 國際貿易業；E801010 室內裝潢業,桃園市,變更,11508
82781165,濰泓工程有限公司,桃園市中壢區永清街281巷60號,林宏龍,23000000,107/11/14,115/08/26,股東出資轉讓修正章程,CA02010 金屬結構及建築組件製造業；CA02990 其他金屬製品製造業；CA03010 熱處理業；CA04010 表面處理業；E502010 燃料導管安裝工程業；E599010 配管工程業；E601020 電器安裝業；E603010 電纜安裝工程業；E603020 電梯安裝工程業；E603040 消防安全設備安裝工程業,桃園市,變更,11508
82787338,林不動產仲介經紀有限公司,桃園市龍潭區龍星里大同路199號(4樓),林浩然,1680000,107/11/29,115/08/24,公司名稱變更修正章程,H201010 一般投資業；H701010 住宅及大樓開發租售業；H701020 工業廠房開發租售業；H701050 投資興建公共建設業；H701060 新市鎮、新社區開發業；H701070 區段徵收及市地重劃代辦業；H701090 都市更新整建維護業；H702010 建築經理業；H703090 不動產買賣業；H703100 不動產租賃業,桃園市,變更,11508
82788934,宏發工程有限公司,桃園市桃園區信光里義光街47號,孫寶玲,1000000,107/12/17,115/08/04,股東出資轉讓修正章程,IZ12010 人力派遣業；E599010 配管工程業；EZ99990 其他工程業；ZZ99999 除許可業務外，得經營法令非禁止或限制之業務,桃園市,變更,11508
82823756,華耀投資有限公司,桃園市桃園區中正路1249號2樓,呂旭明,10000000,108/03/18,115/08/07,公司所在地,H201010 一般投資業；H703090 不動產買賣業；H703100 不動產租賃業；ZZ99999 除許可業務外，得經營法令非禁止或限制之業務,桃園市,變更,11508
82890889,昇泰有限公司,桃園市桃園區林森路18之3號,楊清金,300000,108/06/14,115/08/12,申登機關變更（遷入，含卷）,F106020 日常用品批發業；F107190 塑膠膜、袋批發業；F199990 其他批發業；F401010 國際貿易業；ZZ99999 除許可業務外，得經營法令非禁止或限制之業務,桃園市,變更,11508
82915349,爭鋒通運有限公司,桃園市平鎮區東勢里金龍路190巷39弄100號7樓,張建亞,25000000,108/06/20,115/08/05,申登機關變更（遷入，含卷）,G101061 汽車貨運業；G202010 停車場經營業；EZ02010 起重工程業；F106010 五金批發業；F114010 汽車批發業；F114030 汽、機車零件配備批發業；F206010 五金零售業；F214010 汽車零售業；F214030 汽、機車零件配備零售業；IZ06010 理貨包裝業,桃園市,變更,11508
82934991,旭烽應用科技有限公司,桃園市中壢區興南里延平路356之2號7樓,許哲隆,1600000,108/07/12,115/08/17,增資,F106010 五金批發業；F106030 模具批發業；F113010 機械批發業；F113030 精密儀器批發業；F119010 電子材料批發業；F199990 其他批發業；F206010 五金零售業；F206030 模具零售業；F213040 精密儀器零售業；F213080 機械器具零售業,桃園市,變更,11508
82935204,九如汽車租賃有限公司,桃園市八德區東勇街617巷11號（1樓）,柯九如,5000000,108/07/12,115/08/05,申登機關變更（遷入，含卷）,G101041 小客車租賃業；H703100 不動產租賃業；IZ12010 人力派遣業；G202010 停車場經營業；ZZ99999 除許可業務外，得經營法令非禁止或限制之業務,桃園市,變更,11508
82992598,富玉物流有限公司,桃園市中壢區福州路257號地下一樓,余春鳳,25000000,112/03/08,115/08/31,公司所在地,G101061 汽車貨運業；G801010 倉儲業；IZ06010 理貨包裝業；IZ12010 人力派遣業；E601020 電器安裝業；E801070 廚具、衛浴設備安裝工程業；EZ99990 其他工程業；JA02990 其他修理業；JZ99990 未分類其他服務業；J101010 建築物清潔服務業,桃園市,變更,11508
82994358,三奇有限公司,桃園市平鎮區湧安里工業南路53巷30弄55號(1樓),陳敏惠,300000,112/03/21,115/08/12,一般補正案,E601010 電器承裝業；E603090 照明設備安裝工程業；E599010 配管工程業；E601020 電器安裝業；E603040 消防安全設備安裝工程業；E603050 自動控制設備工程業；E604010 機械安裝業；E605010 電腦設備安裝業；E606010 用電設備檢驗維護業；E607010 太陽熱能設備安裝工程業,桃園市,變更,11508
83017294,本拿比國際有限公司,桃園市桃園區莊敬里新埔八街61號5樓,呂學龍,1000000,112/04/07,115/08/25,申登機關變更（遷入，含卷）,J404010 動畫影片製作業；J503030 廣播電視節目發行業；J503040 廣播電視廣告業；F118010 資訊軟體批發業；J305010 有聲出版業；CC01120 資料儲存媒體製造及複製業；F218010 資訊軟體零售業；F601010 智慧財產權業；JA05010 留、遊學服務業；JZ99050 仲介服務業,桃園市,變更,11508
83018863,鉅潤工程有限公司,桃園市平鎮區忠貞里中正一路100號(2樓),王健瑋,3000000,112/03/24,115/08/18,增資,E502010 燃料導管安裝工程業；E599010 配管工程業；E601020 電器安裝業；E603010 電纜安裝工程業；E603020 電梯安裝工程業；E603040 消防安全設備安裝工程業；E603050 自動控制設備工程業；E603100 電焊工程業；E603110 冷作工程業；E603120 噴砂工程業,桃園市,變更,11508
83019700,匯芯有限公司,桃園市蘆竹區蘆竹里南崁路二段147之29號,李心怡,10000000,112/03/29,115/08/03,董事解任登記,F401010 國際貿易業；H201010 一般投資業；H703100 不動產租賃業；H703090 不動產買賣業；I102010 投資顧問業；JE01010 租賃業；ZZ99999 除許可業務外，得經營法令非禁止或限制之業務,桃園市,變更,11508
83019737,佺璟科技股份有限公司,桃園市蘆竹區南崁里經國路902號6樓,邱俊隆,168190070,112/03/29,115/08/06,補選董事(常務董事.董事長)/監察人,CC01030 電器及視聽電子產品製造業；CC01080 電子零組件製造業；CC01990 其他電機及電子機械器材製造業；F119010 電子材料批發業；F219010 電子材料零售業；F401010 國際貿易業；CC01060 有線通信機械器材製造業；CC01070 無線通信機械器材製造業；F113050 電腦及事務性機器設備批發業；F113070 電信器材批發業,桃園市,變更,11508
83019785,高程室內設計裝潢有限公司,桃園市桃園區經國路243號(1樓),洪靜柔,1000000,112/03/29,115/08/11,公司所營事業變更修正章程,E801010 室內裝潢業；E801020 門窗安裝工程業；E801030 室內輕鋼架工程業；E801070 廚具、衛浴設備安裝工程業；F105050 家具、寢具、廚房器具、裝設品批發業；F205040 家具、寢具、廚房器具、裝設品零售業；ZZ99999 除許可業務外，得經營法令非禁止或限制之業務；F401010 國際貿易業；F206010 五金零售業；F219010 電子材料零售業,桃園市,變更,11508
83036969,金億順有限公司,桃園市中壢區環北路398號5樓之6,蘇嘉鳳,1000000,112/04/07,115/08/07,公司名稱變更修正章程,E601020 電器安裝業；F113070 電信器材批發業；F119010 電子材料批發業；F219010 電子材料零售業；F399990 其他綜合零售業；F106010 五金批發業；F206010 五金零售業；ZZ99999 除許可業務外，得經營法令非禁止或限制之業務；E603090 照明設備安裝工程業；E801010 室內裝潢業,桃園市,變更,11508
83048888,廷偉股份有限公司,桃園市桃園區中正路1071號20樓之2,吳詩尉,10000000,109/10/22,115/08/18,改選董事/監察人(一人法人股東指派董事/監察人),H201010 一般投資業；E801010 室內裝潢業；F111090 建材批發業；F113010 機械批發業；F401010 國際貿易業；H701010 住宅及大樓開發租售業；H702010 建築經理業；H703090 不動產買賣業；H703100 不動產租賃業；I102010 投資顧問業,桃園市,變更,11508
83049107,大麗廣告有限公司,桃園市中壢區芝芭里文發路23號13樓,黃雅娟,1200000,109/10/22,115/08/11,公司所在地,H704041 不動產代銷經紀業；H704031 不動產仲介經紀業；H701010 住宅及大樓開發租售業；H703090 不動產買賣業；H703100 不動產租賃業；E801010 室內裝潢業；F205040 家具、寢具、廚房器具、裝設品零售業；F111090 建材批發業；I401010 一般廣告服務業；I401020 廣告傳單分送業,桃園市,變更,11508
83058484,金谷投資股份有限公司,桃園市桃園區中寧里中正路941號(1、2樓),宋秉軒,23000000,109/11/16,115/08/27,一般補正案,H201010 一般投資業；H701010 住宅及大樓開發租售業；H703090 不動產買賣業；H703100 不動產租賃業；I103060 管理顧問業；F401010 國際貿易業；F501060 餐館業；F501030 飲料店業；F501990 其他餐飲業；ZZ99999 除許可業務外，得經營法令非禁止或限制之業務,桃園市,變更,11508
83058885,拓鑫能源股份有限公司,桃園市八德區廣豐路81號,白木坤,22000000,109/10/28,115/08/14,董事/監察人持股變動報備,IG03010 能源技術服務業；D101060 再生能源自用發電設備業；CC01010 發電、輸電、配電機械製造業；CC01080 電子零組件製造業；E601010 電器承裝業；E604010 機械安裝業；EZ05010 儀器、儀表安裝工程業；D401010 熱能供應業；F113110 電池批發業；CC01030 電器及視聽電子產品製造業,桃園市,變更,11508
83059033,財星開發股份有限公司,桃園市桃園區大興西路二段65號11樓,高吉忠,29800000,109/10/28,115/08/04,改選董事/監察人(一人法人股東指派董事/監察人),H701010 住宅及大樓開發租售業；H701020 工業廠房開發租售業；H701050 投資興建公共建設業；H701060 新市鎮、新社區開發業；H701070 區段徵收及市地重劃代辦業；H701090 都市更新整建維護業；H702010 建築經理業；H703090 不動產買賣業；H703100 不動產租賃業；H703110 老人住宅業,桃園市,變更,11508
83081252,明廬開發股份有限公司,桃園市中壢區青埔里領航南路3段188號9樓,羅新福,26000000,109/09/28,115/08/24,增資(資本總額),F113990 其他機械器具批發業；F113010 機械批發業；F401010 國際貿易業；H201010 一般投資業；ZZ99999 除許可業務外，得經營法令非禁止或限制之業務,桃園市,變更,11508
83097711,田宇園藝景觀有限公司,桃園市楊梅區上田里高鐵南路七段883巷20弄7號(1樓),邱宇承,3000000,109/11/05,115/08/18,公司所營事業變更修正章程,A102080 園藝服務業；F101081 種苗批發業；A101050 花卉栽培業；A199990 其他農業；A201010 造林業；E801010 室內裝潢業；E801020 門窗安裝工程業；E801030 室內輕鋼架工程業；E801040 玻璃安裝工程業；E901010 油漆工程業,桃園市,變更,11508
83100687,築目眼鏡有限公司,桃園市中壢區興南里元化路302號,張雅涵,2000000,109/07/23,115/08/28,一般補正案,F210020 眼鏡零售業；F401010 國際貿易業；F110020 眼鏡批發業；F213010 電器零售業；F214040 自行車及其零件零售業；F204110 布疋、衣著、鞋、帽、傘、服飾品零售業；F210010 鐘錶零售業；F301010 百貨公司業；F205040 家具、寢具、廚房器具、裝設品零售業；F213050 度量衡器零售業,桃園市,變更,11508
83101341,善若水細胞宇宙有限公司,桃園市桃園區新埔里慈文路30號(1樓),吳詠錡,1000000,109/07/29,115/08/25,公司所營事業變更修正章程,F102040 飲料批發業；F102170 食品什貨批發業；F104110 布疋、衣著、鞋、帽、傘、服飾品批發業；F203010 食品什貨、飲料零售業；F204110 布疋、衣著、鞋、帽、傘、服飾品零售業；JE01010 租賃業；JZ99990 未分類其他服務業；ZZ99999 除許可業務外，得經營法令非禁止或限制之業務；F501060 餐館業；F501030 飲料店業,桃園市,變更,11508
83102242,宜丞創意行銷股份有限公司,桃園市中壢區松義路82號,陳政煇,3000000,109/08/05,115/08/03,停業副本,H704041 不動產代銷經紀業；H704031 不動產仲介經紀業；H701010 住宅及大樓開發租售業；H703090 不動產買賣業；H703100 不動產租賃業；I401010 一般廣告服務業；I501010 產品設計業；I503010 景觀、室內設計業；F211010 建材零售業；E801010 室內裝潢業,桃園市,變更,11508
83121395,熱血模型玩具有限公司,桃園市桃園區永安路376號(1、2樓),楊耀輝,9000000,109/09/18,115/08/05,公司所在地,F109070 文教、樂器、育樂用品批發業；F209060 文教、樂器、育樂用品零售業；F206020 日常用品零售業；F401010 國際貿易業；I301010 資訊軟體服務業；I301020 資料處理服務業；I301030 電子資訊供應服務業；F118010 資訊軟體批發業；F218010 資訊軟體零售業；CH01040 玩具製造業,桃園市,變更,11508
83156859,千畝田開發有限公司,桃園市楊梅區瑞溪里瑞梅街165號,劉宜菲,1000000,109/09/18,115/08/25,董事/股東更名,H201010 一般投資業；H701010 住宅及大樓開發租售業；H701020 工業廠房開發租售業；H701050 投資興建公共建設業；H701060 新市鎮、新社區開發業；H701070 區段徵收及市地重劃代辦業；H701090 都市更新整建維護業；H703090 不動產買賣業；H703100 不動產租賃業；F109070 文教、樂器、育樂用品批發業,桃園市,變更,11508
83156871,叮億旅行社有限公司,桃園市八德區豐德路166號,丁群峰,10000000,109/09/18,115/08/03,一般補正案,J902011 旅行業,桃園市,變更,11508
83161467,環球必應工程有限公司,桃園市平鎮區平南里上海路119巷15號,陳凱翔,500000,109/10/07,115/08/21,公司印鑑變更,E599010 配管工程業；E601010 電器承裝業；E603010 電纜安裝工程業；E603040 消防安全設備安裝工程業；E603090 照明設備安裝工程業；E605010 電腦設備安裝業；E801010 室內裝潢業；E801020 門窗安裝工程業；E801030 室內輕鋼架工程業；E801040 玻璃安裝工程業,桃園市,變更,11508
83164035,廣圓投資顧問股份有限公司,桃園市桃園區武陵里復興路51之2號7樓之1,唐健惟,60000000,109/10/08,115/08/05,改選董事/監察人(一人法人股東指派董事/監察人),H201010 一般投資業；H202010 創業投資業；I103060 管理顧問業；H701010 住宅及大樓開發租售業；H701020 工業廠房開發租售業；H703090 不動產買賣業；H703100 不動產租賃業；HZ99990 其他金融、保險及不動產業；I102010 投資顧問業；I199990 其他顧問服務業,桃園市,變更,11508
83169284,名德塑膠廠有限公司,桃園市龜山區東萬壽路311巷18號,巫淑靖,10000000,109/10/19,115/08/28,增資,C805010 塑膠皮、布、板、管材製造業；C805020 塑膠膜、袋製造業；C805030 塑膠日用品製造業；C805050 工業用塑膠製品製造業；C805060 塑膠皮製品製造業；C805070 強化塑膠製品製造業；C805990 其他塑膠製品製造業；F106010 五金批發業；F106020 日常用品批發業；F107190 塑膠膜、袋批發業,桃園市,變更,11508
83174287,旭達實業股份有限公司,桃園市桃園區同安里中正路1058號15樓,吳美鈴,29000000,109/11/06,115/08/20,改選董事/監察人(一人法人股東指派董事/監察人),H201010 一般投資業；ZZ99999 除許可業務外，得經營法令非禁止或限制之業務,桃園市,變更,11508
83182940,聯富國際投資股份有限公司,桃園市桃園區中正路1249號2樓,呂旭明,5000000,109/08/19,115/08/06,公司所在地,I103060 管理顧問業；I301030 電子資訊供應服務業；ZZ99999 除許可業務外，得經營法令非禁止或限制之業務；H703090 不動產買賣業；H703100 不動產租賃業,桃園市,變更,11508
83198680,牛津光學有限公司,桃園市中壢區中央西路二段30號15樓之4,趙方萍,12000000,109/09/18,115/08/20,一般補正案,F102040 飲料批發業；F102170 食品什貨批發業；F104110 布疋、衣著、鞋、帽、傘、服飾品批發業；F105050 家具、寢具、廚房器具、裝設品批發業；F106020 日常用品批發業；F107030 清潔用品批發業；F108031 醫療器材批發業；F108040 化粧品批發業；F109070 文教、樂器、育樂用品批發業；F110020 眼鏡批發業,桃園市,變更,11508
83198957,鼎業長佑管理顧問股份有限公司,桃園市桃園區中正路1080號11樓,林鼎鈞,12000000,109/09/22,115/08/03,改選董事/監察人(一人法人股東指派董事/監察人),H703100 不動產租賃業；H703090 不動產買賣業；H201010 一般投資業；H202010 創業投資業；I102010 投資顧問業；I103060 管理顧問業；I301010 資訊軟體服務業；I301020 資料處理服務業；I301030 電子資訊供應服務業；I401010 一般廣告服務業,桃園市,變更,11508
83198990,愛琲國際有限公司,桃園市桃園區瑞慶里瑞慶路389之1號6樓,劉家卉,3010000,109/09/21,115/08/10,增資,ZZ99999 除許可業務外，得經營法令非禁止或限制之業務；I103060 管理顧問業；I199990 其他顧問服務業；I401010 一般廣告服務業；I501010 產品設計業；I502010 服飾設計業；IZ12010 人力派遣業；IZ99990 其他工商服務業；J202010 產業育成業；J799990 其他休閒服務業,桃園市,變更,11508
83243279,居家好食在直播有限公司,桃園市蘆竹區長興里西溪路221號,黃聖凱,18750000,110/01/11,115/08/19,申登機關變更（遷入，含卷）,F101040 家畜家禽批發業；F101050 水產品批發業；F101130 蔬果批發業；F101990 其他農、畜、水產品批發業；F102040 飲料批發業；F102170 食品什貨批發業；F106010 五金批發業；F106020 日常用品批發業；F199990 其他批發業；F201010 農產品零售業,桃園市,變更,11508
83251262,中聯環保有限公司,桃園市龍潭區民強街37號12樓之14,張麗娟,100000,110/01/27,115/08/17,公司所在地,J101010 建築物清潔服務業；J101080 資源回收業；C802090 清潔用品製造業；F207030 清潔用品零售業；J101030 廢棄物清除業；J101090 廢棄物清理業；J101990 其他環境衛生及污染防治服務業；H703090 不動產買賣業；H703100 不動產租賃業；F106010 五金批發業,桃園市,變更,11508
83252059,赫連電腦有限公司,桃園市平鎮區廣泰路230號4樓,李旭騰,3000000,110/02/03,115/08/25,一般補正案,F113050 電腦及事務性機器設備批發業；F118010 資訊軟體批發業；F213030 電腦及事務性機器設備零售業；F218010 資訊軟體零售業；I103060 管理顧問業；I301010 資訊軟體服務業；I301020 資料處理服務業；I301030 電子資訊供應服務業；IZ12010 人力派遣業；J201031 短期補習班業,桃園市,變更,11508
83252522,心曦望股份有限公司,桃園市平鎮區大昌路55巷14號5樓,鍾政斌,888888,112/02/10,115/08/12,變更組織,I301020 資料處理服務業；I401010 一般廣告服務業；I501010 產品設計業；I599990 其他設計業；I103060 管理顧問業；I199990 其他顧問服務業；IZ12010 人力派遣業；IZ99990 其他工商服務業；H201010 一般投資業；H703090 不動產買賣業,桃園市,變更,11508
83253254,光勤科技有限公司,桃園市八德區興仁里興豐路376號5樓,賴奕維,20834640,112/02/16,115/08/11,公司所在地,ZZ99999 除許可業務外，得經營法令非禁止或限制之業務；H201010 一般投資業,桃園市,變更,11508
83254346,鮨玖日有限公司,桃園市中壢區洽溪里民權路四段545號,劉又旭,1000000,112/02/23,115/08/11,增資,F501060 餐館業；F203020 菸酒零售業；F203010 食品什貨、飲料零售業；F501990 其他餐飲業；ZZ99999 除許可業務外，得經營法令非禁止或限制之業務,桃園市,變更,11508
83260240,立軒國際股份有限公司,桃園市龜山區樂善一路285號3樓,顏婉瑜,2000000,109/11/05,115/08/25,一般補正案,F108031 醫療器材批發業；F401010 國際貿易業；I199990 其他顧問服務業；JZ99050 仲介服務業；ZZ99999 除許可業務外，得經營法令非禁止或限制之業務；F208031 醫療器材零售業,桃園市,變更,11508
83273717,源流建設股份有限公司,桃園市蘆竹區蘆竹里南工路7之1號,謝金興,25000000,110/02/08,115/08/03,一般補正案,E599010 配管工程業；E601020 電器安裝業；E601010 電器承裝業；E603040 消防安全設備安裝工程業；E603050 自動控制設備工程業；E603100 電焊工程業；E603120 噴砂工程業；E607010 太陽熱能設備安裝工程業；E801010 室內裝潢業；E801020 門窗安裝工程業,桃園市,變更,11508
83274194,建和物流股份有限公司,桃園市蘆竹區海山路三段140號,楊文智,3500000,110/02/18,115/08/28,改選董事/監察人(一人法人股東指派董事/監察人),B101010 煤礦業；B202010 非金屬礦業；E599010 配管工程業；E603050 自動控制設備工程業；E604010 機械安裝業；EZ02010 起重工程業；G799990 其他運輸輔助業；G801010 倉儲業；I103060 管理顧問業；I503010 景觀設計業,桃園市,變更,11508
83274574,捷立通運有限公司,桃園市蘆竹區大興十街382號(1樓),陳逸修,25000000,110/02/23,115/08/26,股東出資轉讓修正章程,G101061 汽車貨運業；G202010 停車場經營業；G799990 其他運輸輔助業；G801010 倉儲業；F114990 其他交通運輸工具及其零件批發業；F214030 汽、機車零件配備零售業；F214990 其他交通運輸工具及其零件零售業；F401010 國際貿易業；IZ06010 理貨包裝業；IZ12010 人力派遣業,桃園市,變更,11508
83294017,日眾開發有限公司,桃園市新屋區頭洲里民族路六段515巷36號2樓之3,洪子晴,5000000,109/12/11,115/08/19,公司所在地,B601010 土石採取業；C501990 其他木製品製造業；C804990 其他橡膠製品製造業；C805990 其他塑膠製品製造業；D401010 熱能供應業；E401010 疏濬業；E604010 機械安裝業；E801010 室內裝潢業；E901010 油漆工程業；EZ03010 鎔爐安裝業,桃園市,變更,11508
83294065,友禮國際有限公司,桃園市大溪區仁武里員林路一段4號2樓,吳坤庭,10000000,109/12/11,115/08/11,增資,IZ12010 人力派遣業；H702010 建築經理業；H701010 住宅及大樓開發租售業；H701090 都市更新整建維護業；H703090 不動產買賣業；H703100 不動產租賃業；H701060 新市鎮、新社區開發業；H701020 工業廠房開發租售業；JE01010 租賃業；H701070 區段徵收及市地重劃代辦業,桃園市,變更,11508
83294277,世登投資有限公司,桃園市大溪區仁和路二段567號(1樓),高麗琴,6000000,109/12/14,115/08/25,減資,H201010 一般投資業,桃園市,變更,11508
83303825,鉅量投資有限公司,桃園市中壢區中園路192號9樓之5,許光邦,6000000,109/11/26,115/08/28,公司所在地,H201010 一般投資業；ZZ99999 除許可業務外，得經營法令非禁止或限制之業務,桃園市,變更,11508
83309308,耀泰國際投資有限公司,桃園市桃園區中寧里大興西路二段6號15樓之1,蘇孟光,50000000,109/12/18,115/08/24,一般補正案,H201010 一般投資業；H701010 住宅及大樓開發租售業；H703090 不動產買賣業；H703100 不動產租賃業；ZZ99999 除許可業務外，得經營法令非禁止或限制之業務,桃園市,變更,11508
83362957,韋麟實業有限公司,桃園市桃園區文中里正光路423之9號13樓,張蕎麟,1000000,109/12/18,115/08/18,股東出資轉讓修正章程,F113010 機械批發業；F113990 其他機械器具批發業；F107200 化學原料批發業；F107990 其他化學製品批發業；E604010 機械安裝業；F108040 化粧品批發業；F208040 化粧品零售業；F401010 國際貿易業；ZZ99999 除許可業務外，得經營法令非禁止或限制之業務；F399990 其他綜合零售業,桃園市,變更,11508
83367221,旭昌建材有限公司,桃園市桃園區東門里中興街18號8樓之15,余宏濱,5000000,110/01/05,115/08/03,一般補正案,F111090 建材批發業；F211010 建材零售業；F113010 機械批發業；F199010 回收物料批發業；F206010 五金零售業；F213080 機械器具零售業；F299990 其他零售業；F401010 國際貿易業；E502010 燃料導管安裝工程業；E599010 配管工程業,桃園市,變更,11508
83372435,圓一整合行銷有限公司,桃園市桃園區南華街113號,劉修豪,4000000,110/01/11,115/08/13,股東出資轉讓修正章程,JA02010 電器及電子產品修理業；F119010 電子材料批發業；F113070 電信器材批發業；F213060 電信器材零售業；F113110 電池批發業；F213110 電池零售業；F113050 電腦及事務性機器設備批發業；F213030 電腦及事務性機器設備零售業；IE01010 電信業務門號代辦業；F113020 電器批發業,桃園市,變更,11508
83373342,居邑長照有限公司,桃園市桃園區南門里三民路3段284號4樓之2,汪俊雄,1800000,110/01/15,115/08/28,股東出資轉讓修正章程,IZ12010 人力派遣業；JH01011 居家式服務業；ZZ99999 除許可業務外，得經營法令非禁止或限制之業務,桃園市,變更,11508
83373413,鑫豐興業股份有限公司,桃園市中壢區忠福里中福路116號(二樓),劉清漢,150000000,110/01/15,115/08/24,改選董事/監察人(一人法人股東指派董事/監察人),CC01080 電子零組件製造業；CP01010 手工具製造業；D101060 再生能源自用發電設備業；E801020 門窗安裝工程業；E801030 室內輕鋼架工程業；E801040 玻璃安裝工程業；E801070 廚具、衛浴設備安裝工程業；EZ99990 其他工程業；F106010 五金批發業；F106030 模具批發業,桃園市,變更,11508
83402156,樂寶建設股份有限公司,桃園市桃園區中平里壽昌街20巷54之1號,陳育苹,33537370,109/11/30,115/08/12,發行新股,H701010 住宅及大樓開發租售業；H701020 工業廠房開發租售業；H701050 投資興建公共建設業；H701060 新市鎮、新社區開發業；H701070 區段徵收及市地重劃代辦業；H701090 都市更新整建維護業；H702010 建築經理業；H703090 不動產買賣業；H703100 不動產租賃業；E801010 室內裝潢業,桃園市,變更,11508
83403319,尚品櫥藝有限公司,桃園市蘆竹區五福路12號(1樓),陳柏霖,1000000,109/12/07,115/08/03,公司所在地,F205040 家具、寢具、廚房器具、裝設品零售業；F204110 布疋、衣著、鞋、帽、傘、服飾品零售業；F206020 日常用品零售業；F211010 建材零售業；F220010 耐火材料零售業；F105050 家具、寢具、廚房器具、裝設品批發業；F104110 布疋、衣著、鞋、帽、傘、服飾品批發業；F106010 五金批發業；F106020 日常用品批發業；F106030 模具批發業,桃園市,變更,11508
83421127,廣昱鑫有限公司,桃園市桃園區瑞慶里莊一街90之1號10樓,李世鑫,550000,109/02/19,115/08/12,增資,ZZ99999 除許可業務外，得經營法令非禁止或限制之業務；JA02010 電器及電子產品修理業；JE01010 租賃業；E601010 電器承裝業；E601020 電器安裝業；E603050 自動控制設備工程業；E604010 機械安裝業；E605010 電腦設備安裝業；E606010 用電設備檢驗維護業；F107030 清潔用品批發業,桃園市,變更,11508
83426100,永順成實業有限公司,桃園市平鎮區民族路雙連二段118巷53弄39號,劉耀仁,12800000,109/02/25,115/08/05,減資,CC01080 電子零組件製造業；E801010 室內裝潢業；F102170 食品什貨批發業；F105050 家具、寢具、廚房器具、裝設品批發業；F106010 五金批發業；F109070 文教、樂器、育樂用品批發業；F111090 建材批發業；F113010 機械批發業；F113020 電器批發業；F113030 精密儀器批發業,桃園市,變更,11508
83456069,萬泰運能服務股份有限公司,桃園市蘆竹區南崁路一段207號,顏秀惠,25000000,108/12/25,115/08/26,改選董事/監察人(一人法人股東指派董事/監察人),G101061 汽車貨運業；G801010 倉儲業；IZ12010 人力派遣業；E601010 電器承裝業；ZZ99999 除許可業務外，得經營法令非禁止或限制之業務,桃園市,變更,11508
83468826,清泉實業有限公司,桃園市桃園區中正路1249號2樓,郭宛華,1486376683,109/01/20,115/08/13,補繳規費,H201010 一般投資業；H701010 住宅及大樓開發租售業；H703090 不動產買賣業；H703100 不動產租賃業；ZZ99999 除許可業務外，得經營法令非禁止或限制之業務,桃園市,變更,11508
83473481,星宇鑫國際有限公司,桃園市楊梅區楊梅里新梅八街17號(1樓),傅建華,3000000,109/03/09,115/08/11,公司名稱變更修正章程,F119010 電子材料批發業；F113050 電腦及事務性機器設備批發業；F118010 資訊軟體批發業；F213030 電腦及事務性機器設備零售業；F218010 資訊軟體零售業；F199990 其他批發業；E603050 自動控制設備工程業；E605010 電腦設備安裝業；F399040 無店面零售業；F401010 國際貿易業,桃園市,變更,11508
83473530,祥蕊科技股份有限公司,桃園市龍潭區烏林里工五路217巷18號,咼昇華,25000000,109/03/10,115/08/14,改選董事/監察人(一人法人股東指派董事/監察人),CC01080 電子零組件製造業；CA04010 表面處理業；CB01010 機械設備製造業；F106010 五金批發業；F119010 電子材料批發業；F113010 機械批發業；F401010 國際貿易業；H201010 一般投資業；ZZ99999 除許可業務外，得經營法令非禁止或限制之業務,桃園市,變更,11508
83490186,泰酉建設股份有限公司,桃園市中壢區過嶺里民族路六段576巷88之1號5樓,宋煦仁,15000000,108/12/11,115/08/06,公司所在地,H701010 住宅及大樓開發租售業；H701020 工業廠房開發租售業；H701060 新市鎮、新社區開發業；H703090 不動產買賣業；H703100 不動產租賃業；HZ02010 金融機構金錢債權收買業務；E801010 室內裝潢業；I401010 一般廣告服務業；I401020 廣告傳單分送業；EZ99990 其他工程業,桃園市,變更,11508
83513483,耘泰科技有限公司,桃園市新屋區後庄里文化路一段748號,許玉霞,1000000,109/02/25,115/08/24,一般補正案,E701010 電信工程業；F213060 電信器材零售業；F213030 電腦及事務性機器設備零售業；I301010 資訊軟體服務業；I301020 資料處理服務業；E605010 電腦設備安裝業；F219010 電子材料零售業；F113050 電腦及事務性機器設備批發業；F118010 資訊軟體批發業；F218010 資訊軟體零售業,桃園市,變更,11508
83520626,誠裕有限公司,桃園市桃園區三民里成功路2段183號3樓,謝江一,5000000,109/03/24,115/08/27,股東出資轉讓修正章程,F201010 農產品零售業；F203010 食品什貨、飲料零售業；F204110 布疋、衣著、鞋、帽、傘、服飾品零售業；F206020 日常用品零售業；F399040 無店面零售業；F399990 其他綜合零售業；I105010 藝術品諮詢顧問業；I199990 其他顧問服務業；I701011 就業服務業；IZ04010 翻譯業,桃園市,變更,11508
83521293,拾隱空間設計有限公司,桃園市中壢區青埔里青商路22號,劉佳鑫,5000000,109/03/13,115/08/05,一般補正案,E801010 室內裝潢業；E599010 配管工程業；E601010 電器承裝業；E601020 電器安裝業；E701040 簡易電信設備安裝業；E801020 門窗安裝工程業；E801030 室內輕鋼架工程業；E801040 玻璃安裝工程業；E801070 廚具、衛浴設備安裝工程業；E901010 油漆工程業,桃園市,變更,11508
83546885,一文亞洲貿易有限公司,桃園市龜山區文學路43號27樓,梁盈慧,3000000,109/02/14,115/08/25,申登機關變更（遷入，含卷）,F106020 日常用品批發業；F107030 清潔用品批發業；F399990 其他綜合零售業,桃園市,變更,11508
83553392,小手藝術有限公司,桃園市中壢區青溪里文安街17號(1樓),陳宜文,100000,109/03/06,115/08/24,股東出資轉讓修正章程,J601010 藝文服務業；I599990 其他設計業；F209060 文教、樂器、育樂用品零售業；I503010 景觀、室內設計業；I501010 產品設計業,桃園市,變更,11508
83554651,凰堡鋼構有限公司,桃園市龍潭區中山里中正路梨園巷92號（1樓）,范宥葳,3000000,109/03/19,115/08/06,股東出資轉讓修正章程,CA01020 鋼鐵軋延及擠型業；CA01050 鋼材二次加工業；CA01130 銅材軋延、伸線、擠型業；CA02010 金屬結構及建築組件製造業；CA02060 金屬容器製造業；CA02090 金屬線製品製造業；CA02990 其他金屬製品製造業；CA04010 表面處理業；CB01010 機械設備製造業；CB01990 其他機械製造業,桃園市,變更,11508
83554961,福益美投資開發有限公司,桃園市桃園區中正路1069號6樓,陳美娟,17000000,109/03/23,115/08/05,增資,EZ99990 其他工程業；EZ07010 鑽孔工程業；EZ02010 起重工程業；E901010 油漆工程業；E903010 防蝕、防銹工程業；E801070 廚具、衛浴設備安裝工程業；E801040 玻璃安裝工程業；E801030 室內輕鋼架工程業；E801020 門窗安裝工程業；E801010 室內裝潢業,桃園市,變更,11508
83555883,鴻博生活館有限公司,桃園市桃園區三民路三段267號,蔡旺岐,11000000,109/03/31,115/08/06,一般補正案,F102030 菸酒批發業；F102040 飲料批發業；F102170 食品什貨批發業；F106010 五金批發業；F106020 日常用品批發業；F106050 陶瓷玻璃器皿批發業；F107190 塑膠膜、袋批發業；F108031 醫療器材批發業；F109070 文教、樂器、育樂用品批發業；F201010 農產品零售業,桃園市,變更,11508
83558360,祥百同有限公司,桃園市平鎮區新勢里中豐路1號(2樓),黃正昌,50000,109/03/20,115/08/07,股東出資轉讓修正章程,IZ99990 其他工商服務業；ZZ99999 除許可業務外，得經營法令非禁止或限制之業務；I103060 管理顧問業；F219010 電子材料零售業；F501990 其他餐飲業；F203010 食品什貨、飲料零售業；F118010 資訊軟體批發業；F113050 電腦及事務性機器設備批發業；F213030 電腦及事務性機器設備零售業；F218010 資訊軟體零售業,桃園市,變更,11508
83584640,微笑原木生活工場有限公司,桃園市龜山區迴龍里萬壽路一段163之1號19樓之2,張昆南,3000000,109/06/08,115/08/07,一般補正案,C501070 竹、藤製品製造業；C501040 組合木材製造業；C501060 木質容器製造業；C501990 其他木製品製造業；CN01010 家具及裝設品製造業；C399990 其他紡織及製品製造業；E599010 配管工程業；E601020 電器安裝業；E603040 消防安全設備安裝工程業；E603050 自動控制設備工程業,桃園市,變更,11508
83585161,和昱環保有限公司,桃園市平鎮區義興里復旦路66巷76號,吳嘉祥,300000,109/06/24,115/08/25,股東出資轉讓修正章程,J101030 廢棄物清除業；J101040 廢棄物處理業；J101090 廢棄物清理業；J101010 建築物清潔服務業；J101020 病媒防治業；J101050 環境檢測服務業；J101060 廢（污）水處理業；J101080 資源回收業；J101990 其他環境衛生及污染防治服務業；J101070 放射性廢料處理服務業,桃園市,變更,11508
83632039,大辣天后國際股份有限公司,桃園市中壢區昆明街68號(1樓),黃唯恩,5000000,109/05/19,115/08/28,一般補正案,F102040 飲料批發業；F102050 茶葉批發業；F102170 食品什貨批發業；F103010 飼料批發業；F104110 布疋、衣著、鞋、帽、傘、服飾品批發業；F106060 寵物食品及其用品批發業；F108040 化粧品批發業；F109070 文教、樂器、育樂用品批發業；F110020 眼鏡批發業；F118010 資訊軟體批發業,桃園市,變更,11508
83703723,禾軒建材股份有限公司,桃園市中壢區永能路17號,葉庭麒,11080000,109/07/02,115/08/28,改選董事/監察人(一人法人股東指派董事/監察人),F111090 建材批發業；F211010 建材零售業；F106010 五金批發業；F106040 水器材料批發業；F106050 陶瓷玻璃器皿批發業；F105050 家具、寢具、廚房器具、裝設品批發業；F115020 礦石批發業；F120010 耐火材料批發業；F205040 家具、寢具、廚房器具、裝設品零售業；F206010 五金零售業,桃園市,變更,11508
83708972,吉魯巴有限公司,桃園市桃園區中正路1059號,黃嘉千,200000,109/07/10,115/08/25,申登機關變更（遷入，含卷）,J601010 藝文服務業；J602010 演藝活動業；J303010 雜誌（期刊）出版業；J304010 圖書出版業；J305010 有聲出版業；J399010 軟體出版業；J401010 電影片製作業；J402010 電影片發行業；J503010 廣播節目製作業；J503020 電視節目製作業,桃園市,變更,11508
83721882,德菱新建築股份有限公司,桃園市桃園區瑞慶里中正路1351號8樓,黃敦修,30000000,109/04/09,115/08/07,改選董事/監察人(一人法人股東指派董事/監察人),H701010 住宅及大樓開發租售業；H701020 工業廠房開發租售業；H701060 新市鎮、新社區開發業；H703090 不動產買賣業；H703100 不動產租賃業；H701080 都市更新重建業；H701090 都市更新整建維護業；I401010 一般廣告服務業；I401020 廣告傳單分送業；I503010 景觀、室內設計業,桃園市,變更,11508
83722931,精冠科技股份有限公司,桃園市楊梅區三民里瑞坪路18巷55之1號,楊皓勛,1000000,109/04/15,115/08/12,公司名稱變更修正章程,F105050 家具、寢具、廚房器具、裝設品批發業；F106010 五金批發業；F106020 日常用品批發業；F106060 寵物食品及其用品批發業；F107190 塑膠膜、袋批發業；F109070 文教、樂器、育樂用品批發業；F113010 機械批發業；F113020 電器批發業；F113070 電信器材批發業；F114030 汽、機車零件配備批發業,桃園市,變更,11508
83723299,悍克國際有限公司,桃園市桃園區大林里樹仁三街86號10樓,黃宗翰,1500000,109/04/16,115/08/06,一般補正案,I301010 資訊軟體服務業；I301020 資料處理服務業；I301030 電子資訊供應服務業；I501010 產品設計業；I401010 一般廣告服務業；I103060 管理顧問業；F399040 無店面零售業；F204110 布疋、衣著、鞋、帽、傘、服飾品零售業；F206020 日常用品零售業；F213010 電器零售業,桃園市,變更,11508
83725487,帆益科技教育股份有限公司,桃園市中壢區永福里中園路192號五樓之1,陳定閒,13500000,109/04/29,115/08/07,一般補正案,CB01010 機械設備製造業；CB01990 其他機械製造業；CE01010 一般儀器製造業；CZ99990 未分類其他工業製品製造業；E604010 機械安裝業；E801010 室內裝潢業；F107200 化學原料批發業；F111090 建材批發業；F113010 機械批發業；F113030 精密儀器批發業,桃園市,變更,11508
83750014,軒程建設有限公司,桃園市觀音區富源里富仁路60巷9號(1樓),彭靖程,2600000,109/04/24,115/08/10,增資,F111090 建材批發業；EZ99990 其他工程業；E801020 門窗安裝工程業；E801010 室內裝潢業；E801040 玻璃安裝工程業；E901010 油漆工程業；E801070 廚具、衛浴設備安裝工程業；E599010 配管工程業；H701010 住宅及大樓開發租售業；H701020 工業廠房開發租售業,桃園市,變更,11508
83750529,龍興股份有限公司,桃園市中壢區永福里東園二路22號,連培傑,3000000,109/04/30,115/08/10,一般補正案,CA01050 鋼材二次加工業；CB01010 機械設備製造業；E604010 機械安裝業；EZ99990 其他工程業；F106010 五金批發業；F106030 模具批發業；F199990 其他批發業；ZZ99999 除許可業務外，得經營法令非禁止或限制之業務,桃園市,變更,11508
83750611,翔涎有限公司,桃園市中壢區新街里元化路226號10樓,陳曉慧,62000,109/05/01,115/08/25,補繳規費,I199990 其他顧問服務業；IZ12010 人力派遣業；IZ06010 理貨包裝業；ZZ99999 除許可業務外，得經營法令非禁止或限制之業務,桃園市,變更,11508
83756875,秉豐行銷有限公司,桃園市楊梅區楊湖路一段676巷51弄111號,鄒俊宇,500000,109/05/15,115/08/10,公司所在地,F206020 日常用品零售業；F106020 日常用品批發業；F204110 布疋、衣著、鞋、帽、傘、服飾品零售業；F209060 文教、樂器、育樂用品零售業；F104110 布疋、衣著、鞋、帽、傘、服飾品批發業；F102170 食品什貨批發業；F105050 家具、寢具、廚房器具、裝設品批發業；F106010 五金批發業；F107030 清潔用品批發業；F108040 化粧品批發業,桃園市,變更,11508
83757109,古意汽車有限公司,桃園市中壢區環中東路650號,方猷新,5000000,109/05/18,115/08/03,公司所在地,F114010 汽車批發業；F214010 汽車零售業；F114030 汽、機車零件配備批發業；F401010 國際貿易業；JA01990 其他汽車服務業；ZZ99999 除許可業務外，得經營法令非禁止或限制之業務,桃園市,變更,11508
83757419,茗鼎有限公司,桃園市桃園區永安里中正路531號,黃婷如,1500000,109/05/20,115/08/18,董事/股東更名,F501030 飲料店業；F208040 化粧品零售業；F108040 化粧品批發業；F104110 布疋、衣著、鞋、帽、傘、服飾品批發業；F105050 家具、寢具、廚房器具、裝設品批發業；F102170 食品什貨批發業；F114030 汽、機車零件配備批發業；F107030 清潔用品批發業；F115010 首飾及貴金屬批發業；F119010 電子材料批發業,桃園市,變更,11508
83766965,盛新材料科技股份有限公司,桃園市中壢區中壢工業區自強一路5號,謝明凱,900000000,109/06/16,115/08/03,改派董事/監察人,CC01080 電子零組件製造業；F119010 電子材料批發業；F219010 電子材料零售業；F401010 國際貿易業；ZZ99999 除許可業務外，得經營法令非禁止或限制之業務,桃園市,變更,11508
83767227,頡宸有限公司,桃園市桃園區莊敬里莊敬路一段373號8樓之1,蔡定洪,400000,109/06/18,115/08/07,股東出資轉讓修正章程,H201010 一般投資業；H703090 不動產買賣業；F204110 布疋、衣著、鞋、帽、傘、服飾品零售業；F215020 礦石零售業；ZZ99999 除許可業務外，得經營法令非禁止或限制之業務；E801010 室內裝潢業；EZ99990 其他工程業；E599010 配管工程業；E601010 電器承裝業；E601020 電器安裝業,桃園市,變更,11508
84071204,欣高股份有限公司,桃園市龍潭區富林里中正路三林段226巷145號1樓,葉俊賢,15000000,81/11/27,115/08/06,改選董事/監察人(一人法人股東指派董事/監察人),,桃園市,變更,11508
84072251,世茂紙業有限公司,桃園市平鎮區復旦里文化街8巷3號,謝春鴻,1000000,81/11/28,115/08/05,股東出資轉讓修正章程,,桃園市,變更,11508
84087260,天陽企業股份有限公司,桃園市平鎮區湧豐里工業一路二之三號,劉姝嫻,40000000,81/12/15,115/08/13,改選董事/監察人(一人法人股東指派董事/監察人),CA02990 其他金屬製品製造業；F106010 五金批發業；F113010 機械批發業；CC01060 有線通信機械器材製造業；CC01070 無線通信機械器材製造業；CC01110 電腦及其週邊設備製造業；CD01030 汽車及其零件製造業；F401010 國際貿易業；ZZ99999 除許可業務外，得經營法令非禁止或限制之業務；H703100 不動產租賃業,桃園市,變更,11508
84094966,富呈科技股份有限公司,桃園市龜山區文工一路298巷29號(1樓),黃金鐘,120000000,81/12/23,115/08/21,一般補正案,E599010 配管工程業；E603110 冷作工程業；E604010 機械安裝業；E801010 室內裝潢業；E801030 室內輕鋼架工程業；E901010 油漆工程業；EZ99990 其他工程業；F113010 機械批發業；F213080 機械器具零售業；I503010 景觀、室內設計業,桃園市,變更,11508
84176896,百事達建設股份有限公司,桃園市八德區大勇里忠勇街418巷10號8樓,鄭正忠,80000000,82/02/09,115/08/28,董事/監察人持股變動報備,H701010 住宅及大樓開發租售業；H703090 不動產買賣業；H703100 不動產租賃業；H704031 不動產仲介經紀業；H704041 不動產代銷經紀業；F105050 家具、寢具、廚房器具、裝設品批發業；F106010 五金批發業；F106040 水器材料批發業；F111090 建材批發業；I503010 景觀、室內設計業,桃園市,變更,11508
84177699,健泰營造有限公司,桃園市中壢區新明里中央西路二段270之1號3樓,胡鈺炫,30000000,82/02/10,115/08/19,一般補正案,E101011 綜合營造業；J101030 廢棄物清除業；J101040 廢棄物處理業；J101090 廢棄物清理業；J101080 資源回收業；J101110 營建剩餘土石方資源處理業；B601010 土石採取業；H701010 住宅及大樓開發租售業；H703090 不動產買賣業；EZ02010 起重工程業,桃園市,變更,11508
84197457,勝道工程有限公司,桃園市大園區大園里中興街31號(2樓),黃教良,2000000,82/03/02,115/08/12,股東出資轉讓修正章程,I503010 景觀、室內設計業；E901010 油漆工程業；EZ99990 其他工程業；F111090 建材批發業；JE01010 租賃業；ZZ99999 除許可業務外，得經營法令非禁止或限制之業務,桃園市,變更,11508
84220892,振興起重股份有限公司,桃園市蘆竹區上興里大竹路485巷4弄1號(2樓),徐李阿綢,1000000,82/03/25,115/08/28,公司所在地,,桃園市,變更,11508
84255625,旺業交通股份有限公司,桃園市蘆竹區海湖里海山路二段46號1樓,余慶全,30000000,82/05/12,115/08/03,改選董事/監察人(一人法人股東指派董事/監察人),G101061 汽車貨運業；F111090 建材批發業；F211010 建材零售業；ZZ99999 除許可業務外，得經營法令非禁止或限制之業務,桃園市,變更,11508
84255717,豪建交通股份有限公司,桃園市桃園區慈文路314之1號,陳玉芬,25000000,82/05/18,115/08/24,改選董事/監察人(一人法人股東指派董事/監察人),,桃園市,變更,11508
84310660,台灣得立鼎股份有限公司,桃園市平鎮區義民里環南路二段11號22樓之2,野田健介,11200000,83/04/20,115/08/06,一般補正案,F114030 汽、機車零件配備批發業。,桃園市,變更,11508
84385802,正淳機械工程有限公司,桃園市中壢區光明里民權路332之15號15樓,黃權茂,2500000,82/06/03,115/08/26,公司印鑑變更,,桃園市,變更,11508
84415025,安舒有限公司,桃園市中壢區環中東路二段518號,劉春沐,1000000,82/06/29,115/08/18,公司所在地,H704031 不動產仲介經紀業；H704041 不動產代銷經紀業；I401010 一般廣告服務業室內裝璜設計及施工業務。（營造業除外）各種傢俱買賣業務。,桃園市,變更,11508
84416875,弘園機械企業有限公司,桃園市桃園區春日路1651巷20號,,1000000,82/06/30,115/08/04,解散,CB01010 機械設備製造業；F113010 機械批發業；F213080 機械器具零售業；F401010 國際貿易業；CB01990 其他機械製造業；F113990 其他機械器具批發業；F213990 其他機械器具零售業；ZZ99999 除許可業務外，得經營法令非禁止或限制之業務,桃園市,變更,11508
84421477,鑫祺家具企業有限公司,桃園市平鎮區雙連里民族路雙連二段118巷51弄24號,李朱海,15000000,84/12/12,115/08/21,股東出資轉讓修正章程,,桃園市,變更,11508
84521519,宜陞國際股份有限公司,桃園市桃園區中成里永安路401號3樓,鄭傑文,45310000,82/08/10,115/08/05,改選董事/監察人(一人法人股東指派董事/監察人),C305010 印染整理業；C399990 其他紡織及製品製造業；F104110 布疋、衣著、鞋、帽、傘、服飾品批發業；F401010 國際貿易業；ZZ99999 除許可業務外，得經營法令非禁止或限制之業務,桃園市,變更,11508
84526079,大園汽電共生股份有限公司,桃園市大園區潮音北路276號,吳進忠,1222548620,82/08/14,115/08/31,改選董事/監察人(一人法人股東指派董事/監察人),D101050 汽電共生業；F113990 其他機械器具批發業；F213990 其他機械器具零售業；I199990 其他顧問服務業；E604010 機械安裝業；I599990 其他設計業；J101030 廢棄物清除業；J101040 廢棄物處理業；C801020 石油化工原料製造業；C801030 精密化學材料製造業,桃園市,變更,11508
84531241,郁皇事務機器有限公司,桃園市平鎮區北安里承德路73號1樓,洪勝傳,1000000,82/08/19,115/08/26,一般補正案,F113050 電腦及事務性機器設備批發業；F213030 電腦及事務性機器設備零售業；F113070 電信器材批發業；F213060 電信器材零售業；F109070 文教、樂器、育樂用品批發業；F209060 文教、樂器、育樂用品零售業；JA02010 電器及電子產品修理業；JE01010 租賃業；IZ01010 影印業；C701010 印刷業,桃園市,變更,11508
84570757,詠聯股份有限公司,桃園市龜山區龍壽里龍校街119巷6號,簡金龍,100000000,82/10/01,115/08/03,增資(資本總額),ZZ99999 除許可業務外，得經營法令非禁止或限制之業務,桃園市,變更,11508
84587770,金號機械有限公司,桃園市龜山區南美街132、132之1號,周靜芬,18000000,82/10/20,115/08/12,股東出資轉讓修正章程,C805020 塑膠膜、袋製造業。,桃園市,變更,11508
84593225,冠霖紡織股份有限公司,桃園市桃園區中正路1082號29樓,周淑珍,10000000,82/10/26,115/08/05,一般補正案,C301010 紡紗業；C302010 織布業；F104010 布疋批發業；F104020 成衣批發業；F104050 服飾品批發業；F401010 國際貿易業,桃園市,變更,11508
84627858,佳豐餐飲服務有限公司,桃園市楊梅區高青路28巷8號,古振佳,9000000,82/12/03,115/08/26,減資,F101130 蔬果批發業；F102170 食品什貨批發業；F101050 水產品批發業；F101040 家畜家禽批發業；F102040 飲料批發業；F203010 食品什貨、飲料零售業；F201010 農產品零售業；F501990 其他餐飲業；IZ12010 人力派遣業；F401010 國際貿易業,桃園市,變更,11508
84656500,鑫將金屬工業股份有限公司,桃園市大園區圳頭里濱海路二段198號,黃祥恩,86000000,83/01/05,115/08/26,改選董事/監察人(一人法人股東指派董事/監察人),,桃園市,變更,11508
84670257,傑裕實業股份有限公司,桃園市桃園區大興西路二段6號19樓之1,蔣作傑,100000000,83/01/20,115/08/11,董事/監察人持股變動報備,,桃園市,變更,11508
84689761,康呈股份有限公司,桃園市八德區瑞豐里豐成街25號,韓蔚華,23020000,83/02/15,115/08/07,改選董事/監察人(一人法人股東指派董事/監察人),,桃園市,變更,11508
84690541,鴻亞機械有限公司,桃園市八德區福德里建德路1巷33之1號,黃世聰,5000000,83/02/17,115/08/14,股東出資轉讓修正章程,CB01010 機械設備製造業；CB01990 其他機械製造業；CQ01010 模具製造業；F113010 機械批發業；F106030 模具批發業；F401010 國際貿易業；ZZ99999 除許可業務外，得經營法令非禁止或限制之業務,桃園市,變更,11508
84704545,信毅交通有限公司,桃園市桃園區經國路9號7樓之1,詹育芳,25000000,82/12/08,115/08/19,一般補正案,G101061 汽車貨運業；G202010 停車場經營業；G801010 倉儲業；EZ02010 起重工程業；IZ06010 理貨包裝業；IZ12010 人力派遣業；J101030 廢棄物清除業；JA01020 汽車拖吊業；F114010 汽車批發業；F114030 汽、機車零件配備批發業,桃園市,變更,11508
84747621,國合精密股份有限公司,桃園市中壢區青峰路1段49號5樓,林廷芳,120000000,83/01/24,115/08/20,一般補正案,F106050 陶瓷玻璃器皿批發業；F120010 耐火材料批發業；F220010 耐火材料零售業；ZZ99999 除許可業務外，得經營法令非禁止或限制之業務,桃園市,變更,11508
84822206,元翔營造股份有限公司,桃園市桃園區中正里正光路186巷82號(3樓),林玉霜,39800000,83/04/08,115/08/20,改選董事/監察人(一人法人股東指派董事/監察人),E101011 綜合營造業；B601010 土石採取業；J101990 其他環境衛生及污染防治服務業；E401010 疏濬業；E402010 沙石、淤泥海拋業；E599010 配管工程業；E601020 電器安裝業；E603010 電纜安裝工程業；E603020 電梯安裝工程業；E603040 消防安全設備安裝工程業,桃園市,變更,11508
84864922,勤明工程有限公司,桃園市桃園區樹林四街95號,吳文章,2000000,83/05/10,115/08/19,股東出資轉讓修正章程,,桃園市,變更,11508
84867977,其弘工程有限公司,桃園市龜山區萬壽路2段578號,吳文章,5000000,83/05/12,115/08/19,股東出資轉讓修正章程,,桃園市,變更,11508
84881577,資邦工程有限公司,桃園市八德區東勇街400巷5弄1號,蔣億亨,2000000,83/05/23,115/08/13,一般補正案,,桃園市,變更,11508
84900976,藍摩半導體股份有限公司,桃園市觀音區樹林里工業一路7號,蔡白井,250000000,83/12/28,115/08/19,減資,CC01080 電子零組件製造業；CC01110 電腦及其週邊設備製造業；CC01120 資料儲存媒體製造及複製業；F113050 電腦及事務性機器設備批發業；F118010 資訊軟體批發業；F119010 電子材料批發業；F219010 電子材料零售業；F401010 國際貿易業；I301010 資訊軟體服務業；I301030 電子資訊供應服務業,桃園市,變更,11508
84935433,和盛股份有限公司,桃園市中壢區南園二路355號(1樓),石明燦,450000,83/08/24,115/08/24,改選董事/監察人(一人法人股東指派董事/監察人),ZZ99999 除許可業務外，得經營法令非禁止或限制之業務,桃園市,變更,11508
84957148,昇昇通運股份有限公司,桃園市楊梅區上湖里楊湖路三段315號(1樓),饒孟玲,28500000,83/06/03,115/08/11,改選董事/監察人(一人法人股東指派董事/監察人),G101061 汽車貨運業；J101030 廢棄物清除業；IZ12010 人力派遣業；ZZ99999 除許可業務外，得經營法令非禁止或限制之業務,桃園市,變更,11508
84962199,力輝事業有限公司,桃園市楊梅區中山里行善路22巷7號,陳炎輝,10000000,83/06/08,115/08/06,改推董事/董事長,F106010 五金批發業；E604010 機械安裝業；ZZ99999 除許可業務外，得經營法令非禁止或限制之業務；CC01010 發電、輸電、配電機械製造業；D101050 汽電共生業；D101060 再生能源自用發電設備業；D401010 熱能供應業；E603100 電焊工程業；E603020 電梯安裝工程業,桃園市,變更,11508
85032600,鵬璨投資股份有限公司,桃園市桃園區國際路二段132號7樓,鄭瑞發,54500000,108/10/28,115/08/04,改選董事/監察人(一人法人股東指派董事/監察人),H201010 一般投資業,桃園市,變更,11508
85067190,世安國際貿易有限公司,桃園市桃園區慈光街1號(1樓),李繼世,2000000,108/10/07,115/08/12,申登機關變更（遷入，含卷）,F104110 布疋、衣著、鞋、帽、傘、服飾品批發業；F106010 五金批發業；F106030 模具批發業；F107030 清潔用品批發業；F113010 機械批發業；F113020 電器批發業；F113050 電腦及事務性機器設備批發業；F113090 交通標誌器材批發業；F113110 電池批發業；F113990 其他機械器具批發業,桃園市,變更,11508
85071265,日元太陽能股份有限公司,桃園市桃園區同安里新埔六街99號19樓,蔡忠志,4000000,108/10/17,115/08/12,發行新股,F401010 國際貿易業；IG03010 能源技術服務業；I103060 管理顧問業；ZZ99999 除許可業務外，得經營法令非禁止或限制之業務,桃園市,變更,11508
85071413,佳業開發有限公司,桃園市桃園區中聖里國鼎一街5號10樓之3,簡美鳳,2000000,108/10/17,115/08/05,公司所營事業變更修正章程,EZ99990 其他工程業；E604010 機械安裝業；EZ02010 起重工程業；JE01010 租賃業；E601020 電器安裝業；F113010 機械批發業；F111090 建材批發業；E801010 室內裝潢業；I503010 景觀、室內設計業；H703090 不動產買賣業,桃園市,變更,11508
85072026,有善股份有限公司,桃園市中壢區過嶺里民族路6段576巷88之1號5樓,馮應傑,8100000,108/10/04,115/08/21,董事/監察人持股變動報備,H701010 住宅及大樓開發租售業；H701020 工業廠房開發租售業；H701060 新市鎮、新社區開發業；H703090 不動產買賣業；H703100 不動產租賃業；HZ02010 金融機構金錢債權收買業務；E801010 室內裝潢業；I401010 一般廣告服務業；I401020 廣告傳單分送業；EZ99990 其他工程業,桃園市,變更,11508
85072118,德瑞開發股份有限公司,桃園市桃園區瑞慶里中正路1351號8樓,黃敦修,91000000,108/10/04,115/08/12,一般補正案,H701010 住宅及大樓開發租售業；H701020 工業廠房開發租售業；H701050 投資興建公共建設業；H701060 新市鎮、新社區開發業；H701070 區段徵收及市地重劃代辦業；H701080 都市更新重建業；H701090 都市更新整建維護業；H703090 不動產買賣業；H703100 不動產租賃業；H201010 一般投資業,桃園市,變更,11508
85078160,安建投資股份有限公司,桃園市龍潭區渴望路127巷27號(1樓）,呂淑暖,79000000,108/11/07,115/08/31,董事/監察人持股變動報備,H201010 一般投資業,桃園市,變更,11508
85078176,京璟投資股份有限公司,桃園市龍潭區渴望路127巷32號(1樓),柳權恩,79000000,108/11/07,115/08/31,董事/監察人持股變動報備,H201010 一般投資業,桃園市,變更,11508
85078350,鴻恩生活館有限公司,桃園市中壢區自強里榮民路128號1樓、2樓、3樓,蔡旺岐,10000000,108/11/08,115/08/07,一般補正案,A102060 糧商業；F102030 菸酒批發業；F102170 食品什貨批發業；F106010 五金批發業；F106020 日常用品批發業；F106050 陶瓷玻璃器皿批發業；F107190 塑膠膜、袋批發業；F108031 醫療器材批發業；F201010 農產品零售業；F201020 畜產品零售業,桃園市,變更,11508
85099257,安普有限公司,桃園市中壢區中園路200之8號10樓,邱暄晴,2000000,108/09/17,115/08/28,一般補正案,F104110 布疋、衣著、鞋、帽、傘、服飾品批發業；F105050 家具、寢具、廚房器具、裝設品批發業；F106020 日常用品批發業；F107030 清潔用品批發業；F109070 文教、樂器、育樂用品批發業；F113020 電器批發業；F113050 電腦及事務性機器設備批發業；F204110 布疋、衣著、鞋、帽、傘、服飾品零售業；F205040 家具、寢具、廚房器具、裝設品零售業；F206020 日常用品零售業,桃園市,變更,11508
85114341,福思材料股份有限公司,桃園市楊梅區高青路12號(3樓),陳衍文,12892425,108/10/28,115/08/04,一般補正案,C701010 印刷業；C901010 陶瓷及陶瓷製品製造業；C901020 玻璃及玻璃製品製造業；C901060 耐火材料製造業；C901990 其他非金屬礦物製品製造業；CA01990 其他非鐵金屬基本工業；CA02080 金屬鍛造業；CA02990 其他金屬製品製造業；CA04010 表面處理業；CA05010 粉末冶金業,桃園市,變更,11508
85131587,桓雲國際有限公司,桃園市中壢區青雲路116號2樓之11,蔡沛桓,700000,108/09/03,115/08/25,申登機關變更（遷入，含卷）,F106020 日常用品批發業；F206020 日常用品零售業；F110010 鐘錶批發業；F210010 鐘錶零售業；F110020 眼鏡批發業；F210020 眼鏡零售業；F115020 礦石批發業；F215020 礦石零售業；F115010 首飾及貴金屬批發業；F215010 首飾及貴金屬零售業,桃園市,變更,11508
86081558,瓷能設計有限公司,桃園市桃園區大仁路58號6樓之4,林建台,5100000,80/03/02,115/08/21,股東出資轉讓修正章程,,桃園市,變更,11508
86094688,虹僑電機有限公司,桃園市桃園區光興里忠一路57號,何鳳玲,1500000,80/03/25,115/08/10,股東出資轉讓修正章程,,桃園市,變更,11508
86107467,益大理研股份有限公司,桃園市平鎮區湧安里工業南路2號,蔡國生,38000000,80/04/16,115/08/26,一般補正案,C199040 豆類加工食品製造業；C199990 未分類其他食品製造業；F102170 食品什貨批發業；F201010 農產品零售業；F113010 機械批發業；F401010 國際貿易業；CB01010 機械設備製造業；CB01990 其他機械製造業；F101990 其他農、畜、水產品批發業；F203010 食品什貨、飲料零售業,桃園市,變更,11508
86120270,國智經編工業股份有限公司,桃園市龍潭區聖亭路207號,吳中庸,197820000,80/06/03,115/08/03,一般補正案,,桃園市,變更,11508
86140901,茂太科技股份有限公司,桃園市蘆竹區錦中里南崁路一段231巷36號,蔡豐文,30000000,80/06/08,115/08/04,公司所營事業變更修正章程,F113030 精密儀器批發業；F119010 電子材料批發業；F113990 其他機械器具批發業；C701010 印刷業；C702010 製版業；CA04010 表面處理業；CB01010 機械設備製造業；CC01080 電子零組件製造業；CD01010 船舶及其零件製造業；CD01060 航空器及其零件製造業,桃園市,變更,11508
86189798,興統鋼鐵有限公司,桃園市蘆竹區新興里中興2街16號,陳麗雲,13000000,80/05/18,115/08/05,股東出資轉讓修正章程,,桃園市,變更,11508
86215281,長聲工業股份有限公司,桃園市大園區和平西路一段78巷56號,林奕志,200000000,80/06/14,115/08/11,增資(資本總額),,桃園市,變更,11508
86395164,台州企業股份有限公司,桃園市平鎮區新勢里中豐路55號2樓,梁玟誠,73800000,80/11/11,115/08/26,增資(資本總額),F106010 五金批發業；F106020 日常用品批發業；F108031 醫療器材批發業；F109070 文教、樂器、育樂用品批發業；F113030 精密儀器批發業；F113050 電腦及事務性機器設備批發業；F199990 其他批發業；F401010 國際貿易業；ZZ99999 除許可業務外，得經營法令非禁止或限制之業務,桃園市,變更,11508
86492047,柏德建設股份有限公司,桃園市中壢區大仁二街17號2樓,林國義,65000000,81/03/03,115/08/07,改選董事/監察人(一人法人股東指派董事/監察人),H701010 住宅及大樓開發租售業,桃園市,變更,11508
86518200,工鼎鋼鐵股份有限公司,桃園市龜山區文化里公園路30號10樓,周松森,180000000,81/01/28,115/08/19,修正章程,,桃園市,變更,11508
86534980,耀勝電子股份有限公司,桃園市大溪區瑞興里大鶯路309之28號,蘇浩熙,664221240,81/01/13,115/08/06,修正章程,CC01010 發電、輸電、配電機械製造業；CC01040 照明設備製造業；CC01080 電子零組件製造業；CC01110 電腦及其週邊設備製造業；CC01990 其他電機及電子機械器材製造業；CF01011 醫療器材製造業；F107990 其他化學製品批發業；F108031 醫療器材批發業；F113020 電器批發業；F208031 醫療器材零售業,桃園市,變更,11508
86548719,雄國建設股份有限公司,桃園市桃園區同德二街160之5號,黃楚珺,68000000,81/01/07,115/08/21,董事/監察人持股變動報備,,桃園市,變更,11508
86551875,三鶯建設有限公司,桃園市中壢區自治里陸光五街7號1樓,林修三,25000000,81/01/30,115/08/17,股東出資轉讓修正章程,F111090 建材批發業；F211010 建材零售業；H701010 住宅及大樓開發租售業；H701020 工業廠房開發租售業；H701050 投資興建公共建設業；H701060 新市鎮、新社區開發業；H701070 區段徵收及市地重劃代辦業；H701090 都市更新整建維護業；H703090 不動產買賣業；H703100 不動產租賃業,桃園市,變更,11508
86787099,欣道實業股份有限公司,桃園市觀音區樹林里玉林路二段939號,徐文廣,90000000,81/07/10,115/08/03,董事/監察人持股變動報備,C803990 其他石油及煤製品製造業；C901030 水泥製造業；C901050 水泥及混凝土製品製造業；E801010 室內裝潢業；F106010 五金批發業；F111090 建材批發業；F113010 機械批發業；F113020 電器批發業；F206010 五金零售業；F106040 水器材料批發業,桃園市,變更,11508
86884472,尊皇鑄鋁股份有限公司,桃園市龜山區兔坑里大同路949巷12號,林士斌,27000000,81/10/24,115/08/19,改選董事/監察人(一人法人股東指派董事/監察人),,桃園市,變更,11508
86944289,弘電工程顧問股份有限公司,桃園市桃園區南豐一街7號三樓,鄭嘉斌,3500000,81/09/22,115/08/06,一般補正案,E599010 配管工程業；E603040 消防安全設備安裝工程業；E603050 自動控制設備工程業；E603080 交通號誌安裝工程業；E603090 照明設備安裝工程業；E604010 機械安裝業；E605010 電腦設備安裝業；E701040 簡易電信設備安裝業；EZ05010 儀器、儀表安裝工程業；EZ06010 交通標示工程業,桃園市,變更,11508
86959711,冠嘉科技實業有限公司,桃園市桃園區中原里泰昌一街48之1號1樓,蕭育靜,3000000,81/10/09,115/08/14,股東出資轉讓修正章程,E603050 自動控制設備工程業。；E605010 電腦設備安裝業。；F118010 資訊軟體批發業。；F119010 電子材料批發業。；F218010 資訊軟體零售業。；F401010 國際貿易業。,桃園市,變更,11508
89146823,定峰投資有限公司,桃園市龍潭區佳安里文化路49巷53弄8之1號,林昱亘,3000000,111/12/16,115/08/26,董事/股東更名,H201010 一般投資業,桃園市,變更,11508
89148619,鼎石營造有限公司,桃園市觀音區草漯里德二街56號2樓,連勝發,14000000,112/01/06,115/08/04,公司印鑑變更,E101011 綜合營造業；E502010 燃料導管安裝工程業；E599010 配管工程業；E601010 電器承裝業；E601020 電器安裝業；E603010 電纜安裝工程業；E603020 電梯安裝工程業；E603040 消防安全設備安裝工程業；E603050 自動控制設備工程業；E603080 交通號誌安裝工程業,桃園市,變更,11508
89148815,陽光極限有限公司,桃園市大溪區南興里仁和路二段159巷96弄16號,謝鴻文,5000000,112/01/12,115/08/04,增資,D101060 再生能源自用發電設備業；E601020 電器安裝業；E603050 自動控制設備工程業；F401010 國際貿易業；I103060 管理顧問業；I199990 其他顧問服務業；I301010 資訊軟體服務業；I301030 電子資訊供應服務業；IG03010 能源技術服務業,桃園市,變更,11508
89148907,第一強室內裝修有限公司,桃園市大園區領航北路4段135巷22號,王妃,1000000,112/01/12,115/08/18,一般補正案,E801010 室內裝潢業；E801020 門窗安裝工程業；E801030 室內輕鋼架工程業；E801040 玻璃安裝工程業；E801060 室內裝修業；E801070 廚具、衛浴設備安裝工程業；E901010 油漆工程業；EZ99990 其他工程業；I501010 產品設計業；I599990 其他設計業,桃園市,變更,11508
89153226,浤新開發股份有限公司,桃園市中壢區芝芭里領航南路一段135號,賴靈欣,16000000,111/12/28,115/08/20,一般補正案,E603090 照明設備安裝工程業；E801010 室內裝潢業；E801020 門窗安裝工程業；E801030 室內輕鋼架工程業；E801040 玻璃安裝工程業；E801070 廚具、衛浴設備安裝工程業；E901010 油漆工程業；E903010 防蝕、防銹工程業；EZ99990 其他工程業；H701010 住宅及大樓開發租售業,桃園市,變更,11508
89169590,沐岩室內裝修有限公司,桃園市桃園區民有東路2巷18號13樓,張家豪,200000,112/01/04,115/08/04,申登機關變更（遷入，含卷）,E603040 消防安全設備安裝工程業；E603090 照明設備安裝工程業；E801010 室內裝潢業；E801020 門窗安裝工程業；E801030 室內輕鋼架工程業；E801040 玻璃安裝工程業；E801060 室內裝修業；E801070 廚具、衛浴設備安裝工程業；E901010 油漆工程業；F401010 國際貿易業,桃園市,變更,11508
89207285,喬豐壢昇實業股份有限公司,桃園市龍潭區中興路九龍段50巷51號,江明煌,365276010,83/07/18,115/08/18,註銷庫藏股減資,CQ01010 模具製造業；CD01030 汽車及其零件製造業；CD01040 機車及其零件製造業；C805050 工業用塑膠製品製造業；F106030 模具批發業；F114030 汽、機車零件配備批發業；F206030 模具零售業；F214030 汽、機車零件配備零售業；F401010 國際貿易業；I501010 產品設計業,桃園市,變更,11508
89227487,冠佳企業股份有限公司,桃園市平鎮區廣平街163號,莊素英,20000000,83/08/03,115/08/13,一般補正案,F119010 電子材料批發業；F113010 機械批發業；F113030 精密儀器批發業；F219010 電子材料零售業；F213080 機械器具零售業；F213040 精密儀器零售業；F401010 國際貿易業；CB01010 機械設備製造業；CC01080 電子零組件製造業；CC01110 電腦及其週邊設備製造業,桃園市,變更,11508
89291810,慶潤工業股份有限公司,桃園市龜山區舊路里振興路229巷37弄10之1號,莊明辰,59400000,83/12/30,115/08/24,改選董事/監察人(一人法人股東指派董事/監察人),C802200 塗料、油漆、染料及顏料製造業；F107010 漆料、塗料批發業；F112040 石油製品批發業；F207010 漆料、塗料零售業；F212050 石油製品零售業；C805990 其他塑膠製品製造業；F401010 國際貿易業；ZZ99999 除許可業務外，得經營法令非禁止或限制之業務；C802090 清潔用品製造業；C802080 環境用藥製造業,桃園市,變更,11508
89326374,聚光太陽能設備實業有限公司,桃園市平鎮區高雙里高民路182巷2之1號(1樓),鍾汶憲,1000000,84/02/14,115/08/20,公司所在地,,桃園市,變更,11508
89333500,百年加油站股份有限公司,桃園市龍潭區中山里中豐路117號,馮天乙,16200000,84/02/22,115/08/06,董事/監察人持股變動報備,D101050 汽電共生業；F102040 飲料批發業；F102170 食品什貨批發業；F108031 醫療器材批發業；F109070 文教、樂器、育樂用品批發業；F112010 汽油、柴油批發業；F203010 食品什貨、飲料零售業；F208031 醫療器材零售業；F209060 文教、樂器、育樂用品零售業；F212011 加油站業,桃園市,變更,11508
89356192,儒于企業有限公司,桃園市龍潭區工二路82巷22號,黃菊鳳,5000000,84/03/18,115/08/06,股東出資轉讓修正章程,C802160 黏性膠帶製造業；C805010 塑膠皮、布、板、管材製造業；C805020 塑膠膜、袋製造業；C805030 塑膠日用品製造業；C805050 工業用塑膠製品製造業；C805990 其他塑膠製品製造業；CQ01010 模具製造業；CZ99990 未分類其他工業製品製造業；E601010 電器承裝業；E801020 門窗安裝工程業,桃園市,變更,11508
89386055,正謙股份有限公司,桃園市中壢區合江二路7號,鄭馮美蓮,200000000,84/04/18,115/08/25,董事/監察人持股變動報備,H703100 不動產租賃業；H703090 不動產買賣業；CC01080 電子零組件製造業；JZ99050 仲介服務業；ZZ99999 除許可業務外，得經營法令非禁止或限制之業務,桃園市,變更,11508
89495531,博智電子股份有限公司,桃園市龍潭區烏林里工二路128號,張永青,623677000,84/04/26,115/08/24,可轉換公司債換發新股,F119010 電子材料批發業；F219010 電子材料零售業；F401010 國際貿易業；CC01080 電子零組件製造業；ZZ99999 除許可業務外，得經營法令非禁止或限制之業務,桃園市,變更,11508
89499369,凰堡企業有限公司,桃園市龍潭區中正路梨園巷92號1樓,邱勝發,27000000,84/04/29,115/08/11,增資,CA01020 鋼鐵軋延及擠型業；CA01050 鋼材二次加工業；CA01130 銅材軋延、伸線、擠型業；CA01990 其他非鐵金屬基本工業；CA02010 金屬結構及建築組件製造業；CA02060 金屬容器製造業；CA02090 金屬線製品製造業；CA02990 其他金屬製品製造業；CA04010 表面處理業；CB01010 機械設備製造業,桃園市,變更,11508
89571256,友健精密工業股份有限公司,桃園市蘆竹區內厝里長安路二段37號,林芳萍,5000000,84/06/29,115/08/10,改選董事/監察人(一人法人股東指派董事/監察人),,桃園市,變更,11508
89586883,掌任食品有限公司,桃園市蘆竹區錦興里錦秀街13巷15號,張掌向,5000000,84/07/14,115/08/27,一般補正案,C103010 罐頭食品製造業。；C109010 調味品製造業。；F101020 蔬菜批發業。；F101030 水果批發業。；F102020 食用油批發業。,桃園市,變更,11508
89639410,億客隆有限公司,桃園市龍潭區百年一街16巷1弄14號1樓,雷嗣源,2000000,84/07/18,115/08/04,股東出資轉讓修正章程,,桃園市,變更,11508
89676006,展銨機電股份有限公司,桃園市中壢區內壢里成功路94巷4號,劉慶鴻,1960000,84/08/18,115/08/20,一般補正案,CB01010 機械設備製造業；CC01010 發電、輸電、配電機械製造業；CC01020 電線及電纜製造業；E604010 機械安裝業；F106010 五金批發業；F113010 機械批發業；F401010 國際貿易業；ZZ99999 除許可業務外，得經營法令非禁止或限制之業務,桃園市,變更,11508
89688559,美雲實業有限公司,桃園市桃園區中信里中山路904巷10號,王江美,5000000,84/08/31,115/08/19,公司所在地,,桃園市,變更,11508
89721282,台灣氰達工業有限公司,桃園市觀音區工業一路11之1號,朱榮華,6000000,84/10/07,115/08/18,股東出資轉讓修正章程,C801990 其他化學材料製造業；C802990 其他化學製品製造業；C805990 其他塑膠製品製造業；C805050 工業用塑膠製品製造業；C805070 強化塑膠製品製造業；F107200 化學原料批發業；F107990 其他化學製品批發業；F199990 其他批發業；ZZ99999 除許可業務外，得經營法令非禁止或限制之業務,桃園市,變更,11508
89771228,印田實業股份有限公司,桃園市中壢區內定里合圳北路2段285號,黃秀霞,121500000,84/11/01,115/08/18,改選董事/監察人(一人法人股東指派董事/監察人),CD01030 汽車及其零件製造業；CD01040 機車及其零件製造業；F114030 汽、機車零件配備批發業；CQ01010 模具製造業；F106010 五金批發業；F401010 國際貿易業；CA02990 其他金屬製品製造業；CA02010 金屬結構及建築組件製造業；ZZ99999 除許可業務外，得經營法令非禁止或限制之業務,桃園市,變更,11508
89794812,和泰加油站企業股份有限公司,桃園市龍潭區高原里中原路2段660號,黃淑玲,15000000,84/11/29,115/08/06,改選董事/監察人(一人法人股東指派董事/監察人),,桃園市,變更,11508
89802030,韋特工程有限公司,桃園市平鎮區中豐路山頂段1巷58弄45號1樓,,1000000,84/12/08,115/08/04,解散,F104110 布疋、衣著、鞋、帽、傘、服飾品批發業；F204110 布疋、衣著、鞋、帽、傘、服飾品零售業；C306010 成衣業；C307010 服飾品製造業；C399990 其他紡織及製品製造業；I502010 服飾設計業；CA04010 表面處理業；CB01010 機械設備製造業；CB01020 事務機器製造業；CC01080 電子零組件製造業,桃園市,變更,11508
89829636,達瑩金屬股份有限公司,桃園市平鎮區建安里平東路684號,沈恆甫,60000000,83/08/26,115/08/27,董事/監察人持股變動報備,CA02010 金屬結構及建築組件製造業；CA02030 螺絲、螺帽、螺絲釘、及鉚釘等製品製造業；CA02040 彈簧製造業；CA02090 金屬線製品製造業；CA02990 其他金屬製品製造業；CC01030 電器及視聽電子產品製造業；CD01030 汽車及其零件製造業；F113020 電器批發業；F401010 國際貿易業；CQ01010 模具製造業,桃園市,變更,11508
89879207,元博電子股份有限公司,桃園市中壢區中央里中山路88號18樓,王當時,40000000,83/10/15,115/08/18,董事/監察人持股變動報備,,桃園市,變更,11508
89890110,元倉企業有限公司,桃園市大溪區大鶯路270號一樓,林岳豐,5000000,83/10/26,115/08/17,股東出資轉讓修正章程,JE01010 租賃業；C901030 水泥製造業；C901040 預拌混凝土製造業；C901050 水泥及混凝土製品製造業；I503010 景觀、室內設計業；F111090 建材批發業；F211010 建材零售業；J101090 廢棄物清理業；ZZ99999 除許可業務外，得經營法令非禁止或限制之業務；EZ99990 其他工程業,桃園市,變更,11508
89896199,利菱企業股份有限公司,桃園市平鎮區湧安里工業十路1號,王一聖,27100000,83/11/02,115/08/14,改選董事/監察人(一人法人股東指派董事/監察人),C804020 工業用橡膠製品製造業；CQ01010 模具製造業；F106030 模具批發業；F107200 化學原料批發業；F111090 建材批發業；F113010 機械批發業；F114030 汽、機車零件配備批發業；C804010 輪胎製造業；CD01050 自行車及其零件製造業；F401010 國際貿易業,桃園市,變更,11508
89897057,伽華股份有限公司,桃園市中壢區內定里定寧路10號,莊元芳,168000000,83/11/04,115/08/20,董事/監察人持股變動報備,CC01080 電子零組件製造業；F119010 電子材料批發業；F401010 國際貿易業；F199990 其他批發業；ZZ99999 除許可業務外，得經營法令非禁止或限制之業務,桃園市,變更,11508
89913556,豐駿富興業有限公司,桃園市平鎮區雙連里中央路75號,劉金森,8000000,83/11/21,115/08/27,股東出資轉讓修正章程,F106060 寵物食品及其用品批發業；F102170 食品什貨批發業；F104110 布疋、衣著、鞋、帽、傘、服飾品批發業；F106020 日常用品批發業；F206050 寵物食品及其用品零售業；F203010 食品什貨、飲料零售業；F204110 布疋、衣著、鞋、帽、傘、服飾品零售業；F206020 日常用品零售業；F401010 國際貿易業；ZZ99999 除許可業務外，得經營法令非禁止或限制之業務,桃園市,變更,11508
89916478,碩人企業有限公司,桃園市楊梅區金溪里長青三街25號(1樓),陳宏源,1000000,83/11/24,115/08/20,公司所在地,,桃園市,變更,11508
89983222,敬聯機械有限公司,桃園市楊梅區高榮里高榮路12之1號(1樓),傅禮勇,3000000,83/12/09,115/08/20,公司所在地,,桃園市,變更,11508
90019141,津賀食材有限公司,桃園市中壢區康樂路62號(1樓),李俊明,200000,111/11/01,115/08/14,申登機關變更（遷入，含卷）,F203010 食品什貨、飲料零售業；C104020 烘焙炊蒸食品製造業；F501060 餐館業；F501990 其他餐飲業；ZZ99999 除許可業務外，得經營法令非禁止或限制之業務,桃園市,變更,11508
90028438,關鍵字有限公司,桃園市桃園區天祥七街81號2樓,謝雅惠,1000000,111/11/21,115/08/04,申登機關變更（遷入，含卷）,I401010 一般廣告服務業；I103060 管理顧問業；I301010 資訊軟體服務業；I301020 資料處理服務業；I301030 電子資訊供應服務業；I501010 產品設計業；J305010 有聲出版業；J399010 軟體出版業；J601010 藝文服務業；J602010 演藝活動業,桃園市,變更,11508
90030531,聚大牙科器材有限公司,桃園市八德區大湳里和義街17號9樓,陳尚傑,23500000,111/12/21,115/08/12,增資,F108031 醫療器材批發業；F208031 醫療器材零售業；F213040 精密儀器零售業；F401010 國際貿易業；F108040 化粧品批發業；F208040 化粧品零售業；F107030 清潔用品批發業；F207030 清潔用品零售業；J202010 產業育成業；J303010 雜誌（期刊）出版業,桃園市,變更,11508
90043613,源益管理顧問有限公司,桃園市桃園區文中里正光路423之7號12樓,黃少廷,500000,111/09/19,115/08/13,股東出資轉讓修正章程,I401010 一般廣告服務業；I301010 資訊軟體服務業；I301020 資料處理服務業；I301030 電子資訊供應服務業；I103060 管理顧問業；I102010 投資顧問業；IZ99990 其他工商服務業；JE01010 租賃業；JZ99050 仲介服務業；F401010 國際貿易業,桃園市,變更,11508
90043923,奕東有限公司,桃園市龜山區嶺頂里東萬壽路311巷11號(2樓),陳純東,1500000,111/09/22,115/08/11,公司所營事業變更修正章程,F107990 其他化學製品批發業；F106010 五金批發業；F106020 日常用品批發業；F106030 模具批發業；F107190 塑膠膜、袋批發業；F113010 機械批發業；F119010 電子材料批發業；F207990 其他化學製品零售業；F206010 五金零售業；F206020 日常用品零售業,桃園市,變更,11508
90053528,購樂趣有限公司,桃園市八德區金和路68號14樓,鄭修鋒,500000,111/12/27,115/08/13,一般補正案,F102170 食品什貨批發業；F104110 布疋、衣著、鞋、帽、傘、服飾品批發業；F105050 家具、寢具、廚房器具、裝設品批發業；F106010 五金批發業；F106060 寵物食品及其用品批發業；F108040 化粧品批發業；F109070 文教、樂器、育樂用品批發業；F113020 電器批發業；F113050 電腦及事務性機器設備批發業；F113060 度量衡器批發業,桃園市,變更,11508
90055005,頂富生技股份有限公司,桃園市龜山區明興街33號(2樓),高立龍,1000000,112/01/17,115/08/27,公司所在地,F102170 食品什貨批發業；F102180 酒精批發業；F104110 布疋、衣著、鞋、帽、傘、服飾品批發業；F105050 家具、寢具、廚房器具、裝設品批發業；F106010 五金批發業；F106020 日常用品批發業；F106030 模具批發業；F106060 寵物食品及其用品批發業；F106070 祭祀用品批發業；F107030 清潔用品批發業,桃園市,變更,11508
90062104,領創有限公司,桃園市大溪區康莊路三段835號,陳彥廷,1650000,111/11/09,115/08/04,增資,F501060 餐館業；F501030 飲料店業；F501990 其他餐飲業；C199990 未分類其他食品製造業；F203010 食品什貨、飲料零售業；F399040 無店面零售業；F401010 國際貿易業；E801010 室內裝潢業；I503010 景觀設計業；I103060 管理顧問業,桃園市,變更,11508
90095962,帝融室內裝修設計有限公司,桃園市平鎮區上海路211巷5號5樓,林庭宇,2000000,111/11/07,115/08/06,公司名稱變更修正章程,E801010 室內裝潢業；H701010 住宅及大樓開發租售業；H701050 投資興建公共建設業；H701060 新市鎮、新社區開發業；H701090 都市更新整建維護業；H703090 不動產買賣業；H703100 不動產租賃業；I103060 管理顧問業；I199990 其他顧問服務業；I401010 一般廣告服務業,桃園市,變更,11508
90099539,由里糕點有限公司,桃園市八德區大興里指玄街290號2樓,黃淑萍,2800000,111/09/26,115/08/07,股東出資轉讓修正章程,F102170 食品什貨批發業；F203010 食品什貨、飲料零售業；F102020 食用油脂批發業；F199990 其他批發業；F221010 食品添加物零售業；F299990 其他零售業；F399040 無店面零售業；F399990 其他綜合零售業；I101090 食品顧問業；J202010 產業育成業,桃園市,變更,11508
90102350,亞太萊亞諾電機股份有限公司,桃園市蘆竹區南山北路2段290號,Mauro Mereghetti,478080000,111/11/10,115/08/19,董事(常務董事.董事長)/監察人解任,CC01010 發電、輸電、配電機械製造業；CC01990 其他電機及電子機械器材製造業；CA02010 金屬結構及建築組件製造業；CA02080 金屬鍛造業；CA02990 其他金屬製品製造業；CC01080 電子零組件製造業；F113020 電器批發業；F113030 精密儀器批發業；F213010 電器零售業；F213040 精密儀器零售業,桃園市,變更,11508
90103153,大長興水泥化工有限公司,桃園市新屋區石磊里三民路二段345巷20號(1樓),許炎堅,1000000,111/11/16,115/08/11,股東出資轉讓修正章程,F401010 國際貿易業；F107010 漆料、塗料批發業；F107020 染料、顏料批發業；F107030 清潔用品批發業；F111090 建材批發業；F120010 耐火材料批發業；E901010 油漆工程業；E903010 防蝕、防銹工程業；EZ11010 球場跑道樹脂材料鋪設工程業；ZZ99999 除許可業務外，得經營法令非禁止或限制之業務,桃園市,變更,11508
90109543,序室設計有限公司,桃園市中壢區青航里高鐵站前西路一段268號16樓之1,毛維祥,3000000,111/10/20,115/08/06,股東出資轉讓修正章程,E801010 室內裝潢業；E801070 廚具、衛浴設備安裝工程業；H703090 不動產買賣業；I105010 藝術品諮詢顧問業；I503010 景觀、室內設計業；I599990 其他設計業,桃園市,變更,11508
90109889,光之有限公司,桃園市桃園區自強里五福四街7號,,500000,111/10/21,115/08/07,解散,F101040 家畜家禽批發業；F201020 畜產品零售業；F101050 水產品批發業；F201030 水產品零售業；F201990 其他農畜水產品零售業；F101990 其他農、畜、水產品批發業；F101130 蔬果批發業；F201010 農產品零售業；F102030 菸酒批發業；F203020 菸酒零售業,桃園市,變更,11508
90109895,千禾機電有限公司,桃園市中壢區篤行里新中北路二段451號,李立仁,200000,111/10/24,115/08/19,股東出資轉讓修正章程,F106010 五金批發業；F106040 水器材料批發業；F111090 建材批發業；F113020 電器批發業；F206010 五金零售業；F206040 水器材料零售業；F211010 建材零售業；F113050 電腦及事務性機器設備批發業；F213010 電器零售業；F213030 電腦及事務性機器設備零售業,桃園市,變更,11508
90114222,弘昌科技管理顧問有限公司,桃園市楊梅區楊梅里大成路220號4樓,葉高沂,5000000,111/10/26,115/08/31,公司名稱變更修正章程,IZ06010 理貨包裝業；I103060 管理顧問業；I301020 資料處理服務業；I401010 一般廣告服務業；I401020 廣告傳單分送業；I501010 產品設計業；IZ99990 其他工商服務業；I199990 其他顧問服務業；J101010 建築物清潔服務業；JE01010 租賃業,桃園市,變更,11508
90131616,同為國際有限公司,桃園市桃園區大有里大有路460號14樓,羅婉甄,1000000,111/03/25,115/08/24,一般補正案,F204110 布疋、衣著、鞋、帽、傘、服飾品零售業；F206020 日常用品零售業；F399040 無店面零售業；F401010 國際貿易業；H701010 住宅及大樓開發租售業；H703090 不動產買賣業；H703100 不動產租賃業；C802090 清潔用品製造業；ZZ99999 除許可業務外，得經營法令非禁止或限制之業務；F207030 清潔用品零售業,桃園市,變更,11508
90133229,千弘國際車業有限公司,桃園市桃園區中埔里富國路216巷85弄1號(2樓),劉炯儀,10000000,111/05/03,115/08/21,股東出資轉讓修正章程,F114010 汽車批發業；F214010 汽車零售業；JA01990 其他汽車服務業；F114030 汽、機車零件配備批發業；F214030 汽、機車零件配備零售業；F401010 國際貿易業；IZ12010 人力派遣業；IZ99990 其他工商服務業；JE01010 租賃業；JZ99050 仲介服務業,桃園市,變更,11508
90133781,曜城能源資產股份有限公司,桃園市桃園區信光里民生路685號（2樓）,呂典錡,5000000,111/05/06,115/08/07,一般補正案,E801010 室內裝潢業；F111090 建材批發業；H701010 住宅及大樓開發租售業；H703090 不動產買賣業；H703100 不動產租賃業；ZZ99999 除許可業務外，得經營法令非禁止或限制之業務；CC01010 發電、輸電、配電機械製造業；CC01020 電線及電纜製造業；CC01040 照明設備製造業；CC01080 電子零組件製造業,桃園市,變更,11508
90134698,捷綠盟科技股份有限公司,桃園市楊梅區民富路一段136巷2號,徐宏權,43400000,111/05/25,115/08/11,公司所在地,J101030 廢棄物清除業；J101040 廢棄物處理業；J101080 資源回收業；J101090 廢棄物清理業；J101990 其他環境衛生及污染防治服務業；JE01010 租賃業；F106010 五金批發業；F113010 機械批發業；F206010 五金零售業；F299990 其他零售業,桃園市,變更,11508
90135015,壹起拿企業股份有限公司,桃園市蘆竹區南榮里中正路109巷14號(1樓),李啟平,5000000,111/05/27,115/08/04,改選董事/監察人(一人法人股東指派董事/監察人),F109070 文教、樂器、育樂用品批發業；F108031 醫療器材批發業；F108040 化粧品批發業；F106020 日常用品批發業；F107030 清潔用品批發業；F102040 飲料批發業；F102170 食品什貨批發業；F113020 電器批發業；F113050 電腦及事務性機器設備批發業；F208031 醫療器材零售業,桃園市,變更,11508
90139217,安然企業股份有限公司,桃園市中壢區元化路二段126之1號2樓,林鴻淙,6116000,111/03/30,115/08/10,一般補正案,I102010 投資顧問業；I103060 管理顧問業；I199990 其他顧問服務業；ZZ99999 除許可業務外，得經營法令非禁止或限制之業務；I401010 一般廣告服務業；IZ12010 人力派遣業；I301010 資訊軟體服務業；I301020 資料處理服務業；J101010 建築物清潔服務業；J202010 產業育成業,桃園市,變更,11508
90139883,聯雄建設股份有限公司,桃園市楊梅區瑞溪里瑞梅街165號(1樓),劉宜菲,15000000,111/04/06,115/08/27,董事/監察人更名,E801010 室內裝潢業；F111090 建材批發業；F113010 機械批發業；F211010 建材零售業；F213080 機械器具零售業；F401010 國際貿易業；H701010 住宅及大樓開發租售業；H701020 工業廠房開發租售業；H701050 投資興建公共建設業；H701060 新市鎮、新社區開發業,桃園市,變更,11508
90140256,榮瑞精密機械股份有限公司,桃園市中壢區三民里民權路三段75巷426號(1樓),黃敏鋅,1000000,111/04/08,115/08/21,改選董事/監察人(一人法人股東指派董事/監察人),CB01010 機械設備製造業；CB01990 其他機械製造業；F106010 五金批發業；F113010 機械批發業；F113020 電器批發業；F113030 精密儀器批發業；F113050 電腦及事務性機器設備批發業；F113060 度量衡器批發業；F113070 電信器材批發業；F119010 電子材料批發業,桃園市,變更,11508
90140615,鴻濤建設企業有限公司,桃園市桃園區青溪里中央街293號6樓,李莉莉,10000000,111/04/12,115/08/20,公司所在地,H703100 不動產租賃業；H703090 不動產買賣業；H701090 都市更新整建維護業；H701070 區段徵收及市地重劃代辦業；H701060 新市鎮、新社區開發業；H701050 投資興建公共建設業；H701020 工業廠房開發租售業；H701010 住宅及大樓開發租售業；H702010 建築經理業；F111090 建材批發業,桃園市,變更,11508
90140621,鉦億機械有限公司,桃園市桃園區大林里榮華街63巷1之2號(1樓),黃嘉欣,500000,111/04/12,115/08/14,公司所在地,CA02990 其他金屬製品製造業；CA04010 表面處理業；CC01080 電子零組件製造業；CQ01010 模具製造業；F401010 國際貿易業；F106010 五金批發業；F106030 模具批發業；F113010 機械批發業；F213080 機械器具零售業；ZZ99999 除許可業務外，得經營法令非禁止或限制之業務,桃園市,變更,11508
90144350,青華家鏈照股份有限公司,桃園市中壢區中央西路一段1號7樓,林青穀,4000000,111/05/16,115/08/05,申登機關變更（遷入，含卷）,JH01011 居家式服務業；ZZ99999 除許可業務外，得經營法令非禁止或限制之業務,桃園市,變更,11508
90155341,旭揚精密股份有限公司,桃園市中壢區興國里中豐路179號(1樓),何紹維,4200000,111/03/10,115/08/20,減資,CB01010 機械設備製造業；F106030 模具批發業；F113010 機械批發業；F213080 機械器具零售業；F113030 精密儀器批發業；ZZ99999 除許可業務外，得經營法令非禁止或限制之業務；E604010 機械安裝業；I103060 管理顧問業；I199990 其他顧問服務業；JA02990 其他修理業,桃園市,變更,11508
90159971,美富生技有限公司,桃園市中壢區普忠里大仁二街10號3樓,周芬芳,100000,111/04/22,115/08/19,一般補正案,F102170 食品什貨批發業；F203010 食品什貨、飲料零售業；F108040 化粧品批發業；F399040 無店面零售業；F401010 國際貿易業；F114030 汽、機車零件配備批發業；I101090 食品顧問業；I103060 管理顧問業；J202010 產業育成業；ZZ99999 除許可業務外，得經營法令非禁止或限制之業務,桃園市,變更,11508
90160787,美四季國際股份有限公司,桃園市中壢區領航北路一段265號15樓,游雅玲,5000000,111/05/11,115/08/11,一般補正案,C306010 成衣業；C307010 服飾品製造業；C399990 其他紡織及製品製造業；C802100 化粧品製造業；F101990 其他農、畜、水產品批發業；F102170 食品什貨批發業；F104110 布疋、衣著、鞋、帽、傘、服飾品批發業；F106060 寵物食品及其用品批發業；F108040 化粧品批發業；F121010 食品添加物批發業,桃園市,變更,11508
90161977,廣玄有限公司,桃園市中壢區龍岡路三段428號,李祐彰,10000000,111/05/19,115/08/13,股東出資轉讓修正章程,F106020 日常用品批發業；F102170 食品什貨批發業；I301010 資訊軟體服務業；I401010 一般廣告服務業；F104110 布疋、衣著、鞋、帽、傘、服飾品批發業；F106010 五金批發業；F113020 電器批發業；F113030 精密儀器批發業；F113050 電腦及事務性機器設備批發業；F114030 汽、機車零件配備批發業,桃園市,變更,11508
90167326,禾碩電子商務有限公司,桃園市龍潭區神龍路236號,彭裕龍,5000000,111/05/12,115/08/18,修正章程,F102050 茶葉批發業；F104110 布疋、衣著、鞋、帽、傘、服飾品批發業；F105050 家具、寢具、廚房器具、裝設品批發業；F106020 日常用品批發業；F401010 國際貿易業；F601010 智慧財產權業；F399040 無店面零售業；F399990 其他綜合零售業；F205040 家具、寢具、廚房器具、裝設品零售業；F208040 化粧品零售業,桃園市,變更,11508
90236421,芬迪有限公司,桃園市龍潭區八德里德湖街369號,孫岱榆,27950000,111/04/13,115/08/04,增資,F102170 食品什貨批發業；F203010 食品什貨、飲料零售業；F203020 菸酒零售業；F206020 日常用品零售業；F399040 無店面零售業；F401010 國際貿易業；F501030 飲料店業；F501060 餐館業；ZZ99999 除許可業務外，得經營法令非禁止或限制之業務；J601010 藝文服務業,桃園市,變更,11508
90254187,比利恩科技工程股份有限公司,桃園市桃園區汴洲里經國路857號2樓,林純伶,12000000,111/03/21,115/08/06,增資(資本總額),E599010 配管工程業；E601010 電器承裝業；E601020 電器安裝業；E603010 電纜安裝工程業；E603040 消防安全設備安裝工程業；E603050 自動控制設備工程業；E603090 照明設備安裝工程業；E604010 機械安裝業；E801010 室內裝潢業；E801020 門窗安裝工程業,桃園市,變更,11508
90292128,宸峰智能工程股份有限公司,桃園市龜山區大華里文七一街14號2樓,李宗駿,3000000,111/08/09,115/08/27,一般補正案,A301030 水產養殖業；A302020 漁業服務業；E607010 太陽熱能設備安裝工程業；D101060 再生能源自用發電設備業；CC01010 發電、輸電、配電機械製造業；D401010 熱能供應業；IG03010 能源技術服務業；E601010 電器承裝業；E599010 配管工程業；E601020 電器安裝業,桃園市,變更,11508
90301230,婕宇森工程有限公司,桃園市龜山區萬壽路一段21巷10號4樓,陳語婕,20000000,111/08/02,115/08/10,增資,F111090 建材批發業；F399040 無店面零售業；E801010 室內裝潢業；E801020 門窗安裝工程業；E801030 室內輕鋼架工程業；E801040 玻璃安裝工程業；E801070 廚具、衛浴設備安裝工程業；E901010 油漆工程業；E903010 防蝕、防銹工程業；EZ99990 其他工程業,桃園市,變更,11508
90302364,靖誠工程有限公司,桃園市八德區和義街13號7樓,簡筱容,7300000,111/08/04,115/08/14,申登機關變更（遷入，含卷）,E599010 配管工程業；E601020 電器安裝業；E604010 機械安裝業；E801010 室內裝潢業；E801020 門窗安裝工程業；E801030 室內輕鋼架工程業；E801040 玻璃安裝工程業；E801070 廚具、衛浴設備安裝工程業；E901010 油漆工程業；E903010 防蝕、防銹工程業,桃園市,變更,11508
90302792,定穎投資控股股份有限公司,桃園市蘆竹區南崁里民權路50號6樓,黃銘宏,2835745840,111/08/25,115/08/04,改選董事/監察人(一人法人股東指派董事/監察人),H201010 一般投資業,桃園市,變更,11508
90304095,祥崴機械有限公司,桃園市桃園區中成里永安路385巷3號10樓之1,周姿伶,2000000,111/08/16,115/08/25,股東出資轉讓修正章程,CB01010 機械設備製造業；D401010 熱能供應業；E502010 燃料導管安裝工程業；E599010 配管工程業；E604010 機械安裝業；F111090 建材批發業；F112020 煤及煤製品批發業；F113100 污染防治設備批發業；F120010 耐火材料批發業；F211010 建材零售業,桃園市,變更,11508
90304362,鴻富發實業有限公司,桃園市桃園區民富十三街85巷52號,陳溫美雲,300000,111/08/18,115/08/14,公司所在地,EZ99990 其他工程業；E604010 機械安裝業；F213080 機械器具零售業；F399040 無店面零售業；F401010 國際貿易業；F113010 機械批發業；J101030 廢棄物清除業；J101040 廢棄物處理業；F106010 五金批發業；F206010 五金零售業,桃園市,變更,11508
90316682,慕恩投資股份有限公司,桃園市楊梅區新榮里電研路8之2號,廖仲儀,20000000,111/07/04,115/08/17,董事/監察人持股變動報備,H201010 一般投資業；H701010 住宅及大樓開發租售業；H701020 工業廠房開發租售業；H701050 投資興建公共建設業；H701060 新市鎮、新社區開發業；H701070 區段徵收及市地重劃代辦業；H703090 不動產買賣業；H703100 不動產租賃業；F105050 家具、寢具、廚房器具、裝設品批發業；F111090 建材批發業,桃園市,變更,11508
90317459,墨綠色科技文創有限公司,桃園市蘆竹區上興里中興四街212號11樓,林家妤,5200000,111/07/08,115/08/21,股東出資轉讓修正章程,F113020 電器批發業；F113030 精密儀器批發業；F116010 照相器材批發業；F213010 電器零售業；F213030 電腦及事務性機器設備零售業；F213040 精密儀器零售業；F213060 電信器材零售業；F214990 其他交通運輸工具及其零件零售業；F213110 電池零售業；F214030 汽、機車零件配備零售業,桃園市,變更,11508
90317471,碩群資訊股份有限公司,桃園市桃園區正光路423之13號3樓,趙逸凱,9000000,111/07/08,115/08/25,一般補正案,F118010 資訊軟體批發業；F218010 資訊軟體零售業；I301010 資訊軟體服務業；I301020 資料處理服務業；I301030 電子資訊供應服務業；J399010 軟體出版業；ZZ99999 除許可業務外，得經營法令非禁止或限制之業務；D101060 再生能源自用發電設備業；D101050 汽電共生業；E601010 電器承裝業,桃園市,變更,11508
90327512,同心文化有限公司,桃園市蘆竹區福興里奉化路148之2號5樓,童自頡,1000000,111/07/20,115/08/21,股東出資轉讓修正章程,F102030 菸酒批發業；F102040 飲料批發業；F102170 食品什貨批發業；F104110 布疋、衣著、鞋、帽、傘、服飾品批發業；F105050 家具、寢具、廚房器具、裝設品批發業；F106020 日常用品批發業；F109070 文教、樂器、育樂用品批發業；F199990 其他批發業；F203010 食品什貨、飲料零售業；F203020 菸酒零售業,桃園市,變更,11508
90327999,敏卓科技有限公司,桃園市桃園區成功里桃二街59號6樓,廖芳敏,1000000,111/07/25,115/08/04,公司所在地,F102170 食品什貨批發業；F105050 家具、寢具、廚房器具、裝設品批發業；F106020 日常用品批發業；F106060 寵物食品及其用品批發業；F113010 機械批發業；F101990 其他農、畜、水產品批發業；F119010 電子材料批發業；F201010 農產品零售業；F206050 寵物食品及其用品零售業；F203010 食品什貨、飲料零售業,桃園市,變更,11508
90328076,有朋購股份有限公司,桃園市中壢區中榮里博愛一路41號,程泓瑋,1000000,111/07/25,115/08/27,發行新股,E605010 電腦設備安裝業；F213030 電腦及事務性機器設備零售業；F218010 資訊軟體零售業；F219010 電子材料零售業；F401010 國際貿易業；I301010 資訊軟體服務業；I301030 電子資訊供應服務業；F213010 電器零售業；F213060 電信器材零售業；ZZ99999 除許可業務外，得經營法令非禁止或限制之業務,桃園市,變更,11508
90328456,彩鈺實業有限公司,桃園市龜山區樂善里樂善二路181號8樓之3,陳佳彤,200000,111/07/27,115/08/05,股東出資轉讓修正章程,C802090 清潔用品製造業；C802100 化粧品製造業；F118010 資訊軟體批發業；F218010 資訊軟體零售業；F106020 日常用品批發業；F206020 日常用品零售業；F104110 布疋、衣著、鞋、帽、傘、服飾品批發業；F204110 布疋、衣著、鞋、帽、傘、服飾品零售業；F105050 家具、寢具、廚房器具、裝設品批發業；F205040 家具、寢具、廚房器具、裝設品零售業,桃園市,變更,11508
90332070,大澤科技工程有限公司,桃園市桃園區藝文一街86之3號12樓,黃彬愷,5000000,111/06/15,115/08/04,股東出資轉讓修正章程,E801010 室內裝潢業；E901010 油漆工程業；F107010 漆料、塗料批發業；F111090 建材批發業；F119010 電子材料批發業；F207010 漆料、塗料零售業；F211010 建材零售業；F219010 電子材料零售業；H201010 一般投資業；J101010 建築物清潔服務業,桃園市,變更,11508
90340016,越升工程有限公司,桃園市平鎮區義民里復旦路二段199巷9號2樓,潘國華,50000,111/06/24,115/08/28,公司所在地,F111090 建材批發業；F401010 國際貿易業；I503010 景觀、室內設計業；J101990 其他環境衛生及污染防治服務業；IB01010 建築物公共安全檢查業；IF01010 消防安全設備檢修業；E599010 配管工程業；E601020 電器安裝業；E801010 室內裝潢業；E903010 防蝕、防銹工程業,桃園市,變更,11508
90357509,瓚美建設股份有限公司,桃園市平鎮區武昌街42號,朱郁蕙,10000000,111/07/15,115/08/14,改選董事/監察人(一人法人股東指派董事/監察人),E801010 室內裝潢業；F111090 建材批發業；H701010 住宅及大樓開發租售業；I401010 一般廣告服務業；I503010 景觀、室內設計業；F399040 無店面零售業；ZZ99999 除許可業務外，得經營法令非禁止或限制之業務,桃園市,變更,11508
90357825,頂匯創新食品有限公司,桃園市桃園區正光二街158號8樓之1,劉德禧,2000000,111/07/19,115/08/14,股東出資轉讓修正章程,F102170 食品什貨批發業；F221010 食品添加物零售業；F203010 食品什貨、飲料零售業；F102040 飲料批發業；F399040 無店面零售業；F399990 其他綜合零售業；F401010 國際貿易業；F206020 日常用品零售業；F207030 清潔用品零售業；F201990 其他農畜水產品零售業,桃園市,變更,11508
90404783,金捷紳興業有限公司,桃園市蘆竹區長興里南崁路二段228巷16弄33號,吳姝雯,10000000,111/07/27,115/08/04,增資,CA04010 表面處理業；CA01090 鋁鑄造業；CA01100 鋁材軋延、伸線、擠型業；CQ01010 模具製造業；CA01050 鋼材二次加工業；CB01010 機械設備製造業；CA03010 熱處理業；CA02010 金屬結構及建築組件製造業；CC01030 電器及視聽電子產品製造業；C804020 工業用橡膠製品製造業,桃園市,變更,11508
90452031,印式享食有限公司,桃園市中壢區中北路二段328號(1至2樓),辛拉梅司PUNDIR RAMESH SINGH,500000,110/09/09,115/08/07,一般補正案,I103060 管理顧問業；F501060 餐館業,桃園市,變更,11508
90464711,示有企業有限公司,桃園市桃園區明德街13巷10號3樓,陳語甄,1000000,110/10/27,115/08/05,一般補正案,F213030 電腦及事務性機器設備零售業；F399040 無店面零售業；F401010 國際貿易業；I105010 藝術品諮詢顧問業；I301010 資訊軟體服務業；I301020 資料處理服務業；I301030 電子資訊供應服務業；I301050 實境體感應用服務業；I401010 一般廣告服務業；I501010 產品設計業,桃園市,變更,11508
90478715,丞拾有限公司,桃園市龍潭區中正里新龍路219巷10號5樓,吳聖期,2000000,110/10/14,115/08/03,一般補正案,F201010 農產品零售業；F203010 食品什貨、飲料零售業；F206020 日常用品零售業；F399040 無店面零售業；F399990 其他綜合零售業；F401010 國際貿易業；F102030 菸酒批發業；F101050 水產品批發業；F203020 菸酒零售業；F201030 水產品零售業,桃園市,變更,11508
90485005,翔順起重工程有限公司,桃園市龍潭區高原里高楊北路511號,葉青柏,1000000,110/09/24,115/08/10,增資,EZ02010 起重工程業；E604010 機械安裝業；EZ99990 其他工程業；G799990 其他運輸輔助業；F401010 國際貿易業；ZZ99999 除許可業務外，得經營法令非禁止或限制之業務,桃園市,變更,11508
90508372,爆牙蘇食品有限公司,桃園市龜山區兔坑里茶專路252巷2號1樓,蘇俊銘,1360000,110/10/05,115/08/05,公司所營事業變更修正章程,C103050 罐頭、冷凍、脫水及醃漬食品製造業；C104020 烘焙炊蒸食品製造業；C109010 調味品製造業；C199030 即食餐食製造業；C199990 未分類其他食品製造業；F102020 食用油脂批發業；F102040 飲料批發業；F102170 食品什貨批發業；F106020 日常用品批發業；F107030 清潔用品批發業,桃園市,變更,11508
90509098,築尚工程有限公司,桃園市八德區竹圍里崁頂路358號,蔡林道,5000000,110/10/08,115/08/18,增資,E502010 燃料導管安裝工程業；E599010 配管工程業；E601010 電器承裝業；E601020 電器安裝業；E603010 電纜安裝工程業；E603040 消防安全設備安裝工程業；E603050 自動控制設備工程業；E603090 照明設備安裝工程業；E604010 機械安裝業；E605010 電腦設備安裝業,桃園市,變更,11508
90511094,台灣杰普特光電有限公司,桃園市桃園區經國路888號8樓之8,CHENG XUEPING,2950000,110/11/08,115/08/20,董事/股東更名,F113010 機械批發業(限中華民國行業標準分類4643農用及工業用機械設備批發業)；F401010 國際貿易業(限所登記營業項目對應之輸出入業),桃園市,變更,11508
90517674,瑞台綠能股份有限公司,桃園市桃園區新埔六街101號6樓,蔡忠志,18000000,110/10/15,115/08/06,一般補正案,IG03010 能源技術服務業；D101060 再生能源自用發電設備業；CC01010 發電、輸電、配電機械製造業；E603090 照明設備安裝工程業；E605010 電腦設備安裝業；F106040 水器材料批發業；F111090 建材批發業；F113030 精密儀器批發業；F399040 無店面零售業；F601010 智慧財產權業,桃園市,變更,11508
90535482,朗旭有限公司,桃園市蘆竹區福祿一街195號2樓,徐三泰,1000000,110/11/05,115/08/03,增資,E605010 電腦設備安裝業；E701040 簡易電信設備安裝業；F113050 電腦及事務性機器設備批發業；F113070 電信器材批發業；F118010 資訊軟體批發業；F209060 文教、樂器、育樂用品零售業；F213030 電腦及事務性機器設備零售業；F213060 電信器材零售業；F218010 資訊軟體零售業；I199990 其他顧問服務業,桃園市,變更,11508
90535639,弘盛室內裝潢有限公司,桃園市桃園區縣府路110號8樓,朱建弘,1000000,110/11/08,115/08/19,股東出資轉讓修正章程,F111090 建材批發業；H701010 住宅及大樓開發租售業；H701020 工業廠房開發租售業；H703090 不動產買賣業；H703100 不動產租賃業；IZ12010 人力派遣業；JZ99050 仲介服務業；E599010 配管工程業；E801010 室內裝潢業；E901010 油漆工程業,桃園市,變更,11508
90537019,旭登投資有限公司,桃園市桃園區莊敬里12鄰中正路1260巷6號4樓,謝祥鑫,1960000,110/11/18,115/08/05,一般補正案,H201010 一般投資業；ZZ99999 除許可業務外，得經營法令非禁止或限制之業務,桃園市,變更,11508
90552566,莯髮國際貿易有限公司,桃園市桃園區民生里中山東路1巷61號,程漢強,500000,110/12/15,115/08/24,股東出資轉讓修正章程,F108040 化粧品批發業；F208040 化粧品零售業；F401010 國際貿易業；F399040 無店面零售業；F206020 日常用品零售業；F207030 清潔用品零售業；F106020 日常用品批發業；F107030 清潔用品批發業；F104110 布疋、衣著、鞋、帽、傘、服飾品批發業；F204110 布疋、衣著、鞋、帽、傘、服飾品零售業,桃園市,變更,11508
90559385,沐暄設計室內裝修有限公司,桃園市桃園區萬壽里復興路51之2號10樓之3,楊雪如,500000,110/12/17,115/08/05,一般補正案,E801060 室內裝修業；I503010 景觀、室內設計業；E801010 室內裝潢業；I501010 產品設計業；I599990 其他設計業；E599010 配管工程業；E601010 電器承裝業；E601020 電器安裝業；E603010 電纜安裝工程業；E603020 電梯安裝工程業,桃園市,變更,11508
90560257,恆昱盛股份有限公司,桃園市中壢區高鐵站前西路一段268號9樓之3,陳衍志,11990000,110/12/24,115/08/10,改選董事/監察人(一人法人股東指派董事/監察人),H201010 一般投資業,桃園市,變更,11508
90561262,佇間設計室內裝修有限公司,桃園市桃園區漢中路108巷2號14樓,陳品瑄,2000000,111/01/10,115/08/12,增資,E603050 自動控制設備工程業；E701040 簡易電信設備安裝業；E801010 室內裝潢業；E801020 門窗安裝工程業；E801030 室內輕鋼架工程業；E801040 玻璃安裝工程業；E801060 室內裝修業；E801070 廚具、衛浴設備安裝工程業；E901010 油漆工程業；EZ99990 其他工程業,桃園市,變更,11508
90561586,旺來人工智慧股份有限公司,桃園市蘆竹區龍安街二段1639巷142弄40號(1樓),李浩正,7400000,111/01/11,115/08/18,發行新股,CC01110 電腦及其週邊設備製造業；CC01120 資料儲存媒體製造及複製業；E603050 自動控制設備工程業；E605010 電腦設備安裝業；F113030 精密儀器批發業；F118010 資訊軟體批發業；F119010 電子材料批發業；F213010 電器零售業；F213030 電腦及事務性機器設備零售業；F213040 精密儀器零售業,桃園市,變更,11508
90562403,益暻科技教育股份有限公司,桃園市桃園區同安里中正路784號3樓,陳定閒,3500000,110/05/18,115/08/10,一般補正案,F109070 文教、樂器、育樂用品批發業；F209060 文教、樂器、育樂用品零售業；J304010 圖書出版業；J399990 其他出版業；JB01010 會議及展覽服務業；ZZ99999 除許可業務外，得經營法令非禁止或限制之業務；J201031 短期補習班業；J202010 產業育成業；J601010 藝文服務業；CB01010 機械設備製造業,桃園市,變更,11508
90562733,弘日昇資產管理有限公司,桃園市楊梅區高上路一段455號,羅文殿,60000000,111/01/20,115/08/04,改推董事/董事長,F113090 交通標誌器材批發業；F201010 農產品零售業；F203010 食品什貨、飲料零售業；F213090 交通標誌器材零售業；H201010 一般投資業；H701010 住宅及大樓開發租售業；H701020 工業廠房開發租售業；H701050 投資興建公共建設業；H701060 新市鎮、新社區開發業；H701070 區段徵收及市地重劃代辦業,桃園市,變更,11508
90565730,極智仁科創股份有限公司,桃園市中壢區中北路2段168號3樓,李梓英,945000,110/11/22,115/08/17,一般補正案,C802090 清潔用品製造業；C802110 化粧品色素製造業；C805050 工業用塑膠製品製造業；C805990 其他塑膠製品製造業；C901010 陶瓷及陶瓷製品製造業；CC01080 電子零組件製造業；CC01090 電池製造業；CC01110 電腦及其週邊設備製造業；CC01120 資料儲存媒體製造及複製業；CC01990 其他電機及電子機械器材製造業,桃園市,變更,11508
90566111,上欣隔熱紙有限公司,桃園市桃園區經國路889之2號（1樓）,廖秉詳,3000000,110/11/23,115/08/14,公司所在地,F114030 汽、機車零件配備批發業；F214030 汽、機車零件配備零售業；F401010 國際貿易業；JA01990 其他汽車服務業；JZ99990 未分類其他服務業；JZ99050 仲介服務業；I199990 其他顧問服務業；ZZ99999 除許可業務外，得經營法令非禁止或限制之業務,桃園市,變更,11508
90566506,星宇消防機電有限公司,桃園市八德區福興里建德路506號2樓,謝松霖,10000000,110/11/26,115/08/27,公司所在地,F117010 消防安全設備批發業；F217010 消防安全設備零售業；F119010 電子材料批發業；F106010 五金批發業；F206010 五金零售業；F219010 電子材料零售業；F299990 其他零售業；F401010 國際貿易業；E599010 配管工程業；E603010 電纜安裝工程業,桃園市,變更,11508
90566822,顧得樂長照有限公司,桃園市中壢區延平路500號12樓之1,張譽籇,2000000,110/11/30,115/08/11,股東出資轉讓修正章程,IZ12010 人力派遣業；JH01011 居家式服務業；F206020 日常用品零售業；ZZ99999 除許可業務外，得經營法令非禁止或限制之業務,桃園市,變更,11508
90571830,灰熊好買有限公司,桃園市中壢區復華里長興街56號(1樓),丁建華,1000000,111/01/25,115/08/06,申登機關變更（遷入，含卷）,F203010 食品什貨、飲料零售業；F204110 布疋、衣著、鞋、帽、傘、服飾品零售業；F205040 家具、寢具、廚房器具、裝設品零售業；F206020 日常用品零售業；F299990 其他零售業；F399040 無店面零售業；F201010 農產品零售業；F201020 畜產品零售業；F201030 水產品零售業；F206010 五金零售業,桃園市,變更,11508
90572253,承茂實業有限公司,桃園市桃園區忠義里大業路1段53號地下一層,吳亦心,500000,111/02/11,115/08/03,股東出資轉讓修正章程,F106020 日常用品批發業；F107030 清潔用品批發業；F199990 其他批發業；F206020 日常用品零售業；F207030 清潔用品零售業；F299990 其他零售業；F401010 國際貿易業；J101010 建築物清潔服務業；J101020 病媒防治業；J101030 廢棄物清除業,桃園市,變更,11508
90573181,滿帆洋行有限公司,桃園市中壢區新街里元化路224號12樓,黃亞琳,300000,111/02/18,115/08/18,公司所在地,F102030 菸酒批發業；F203020 菸酒零售業；F401010 國際貿易業；F401171 酒類輸入業；ZZ99999 除許可業務外，得經營法令非禁止或限制之業務,桃園市,變更,11508
90581675,君玥國際有限公司,桃園市桃園區大興西路2段3號6樓,詹琬婷,100000,111/02/11,115/08/12,申登機關變更（遷入，含卷）,F203010 食品什貨、飲料零售業；F204110 布疋、衣著、鞋、帽、傘、服飾品零售業；F205040 家具、寢具、廚房器具、裝設品零售業；F206020 日常用品零售業；F206040 水器材料零售業；F206050 寵物食品及其用品零售業；F207030 清潔用品零售業；F208040 化粧品零售業；F210010 鐘錶零售業；F213010 電器零售業,桃園市,變更,11508
90626259,安穩投資股份有限公司,桃園市桃園區同安里新埔六街97號7樓,鄭雅仁,50000000,111/01/27,115/08/10,增資(資本總額),H201010 一般投資業,桃園市,變更,11508
90626477,天鉅工程檢驗有限公司,桃園市龜山區樂善二路826號(1樓),羅達珮,1000000,111/02/07,115/08/05,股東出資轉讓修正章程,IB01010 建築物公共安全檢查業；IF01010 消防安全設備檢修業；IF04010 非破壞檢測業；J101050 環境檢測服務業；H702010 建築經理業；I199990 其他顧問服務業；I103060 管理顧問業；IZ09010 管理系統驗證業；IZ15010 市場研究及民意調查業；E801010 室內裝潢業,桃園市,變更,11508
90638558,元熙健康管理顧問有限公司,桃園市平鎮區金星里新光路四段147號,李慧貞,5000000,110/12/06,115/08/04,股東出資轉讓修正章程,F108031 醫療器材批發業；F208031 醫療器材零售業；E605010 電腦設備安裝業；F208050 乙類成藥零售業；EZ05010 儀器、儀表安裝工程業；F101130 蔬果批發業；F102020 食用油脂批發業；F102170 食品什貨批發業；F104110 布疋、衣著、鞋、帽、傘、服飾品批發業；F106020 日常用品批發業,桃園市,變更,11508
90638614,佳鋒精科國際股份有限公司,桃園市中壢區復興里北園路14號,黃美珍,20000000,110/12/07,115/08/06,董事(常務董事.董事長)/監察人解任,CA01130 銅材軋延、伸線、擠型業；CA01990 其他非鐵金屬基本工業；CA02010 金屬結構及建築組件製造業；CA02990 其他金屬製品製造業；F106010 五金批發業；F206010 五金零售業；F401010 國際貿易業；F199010 回收物料批發業；J101080 資源回收業；F111090 建材批發業,桃園市,變更,11508
90638939,杉居建築室內裝修有限公司,桃園市中壢區興國里新生路159號(3樓),黃漢章,2100000,110/12/08,115/08/03,增資,E801010 室內裝潢業；E601020 電器安裝業；E603040 消防安全設備安裝工程業；E603050 自動控制設備工程業；E603090 照明設備安裝工程業；E701040 簡易電信設備安裝業；E801020 門窗安裝工程業；E801030 室內輕鋼架工程業；E801040 玻璃安裝工程業；E801070 廚具、衛浴設備安裝工程業,桃園市,變更,11508
90668150,優勝新能源再生科技股份有限公司,桃園市蘆竹區榮安路6巷82號(2樓),吳昱均,39778330,111/01/25,115/08/11,一般補正案,C801010 基本化學工業；C801030 精密化學材料製造業；C801990 其他化學材料製造業；C802090 清潔用品製造業；C802990 其他化學製品製造業；C901010 陶瓷及陶瓷製品製造業；C901990 其他非金屬礦物製品製造業；CA01990 其他非鐵金屬基本工業；CA02080 金屬鍛造業；CA02990 其他金屬製品製造業,桃園市,變更,11508
90671140,新光幼獅股份有限公司,桃園市平鎮區延平路3段223號(1樓),陳榮坤,1110000000,111/03/04,115/08/03,發行新股,C301010 紡紗業；C302010 織布業；C303010 不織布業；C306010 成衣業；C307010 服飾品製造業；C801010 基本化學工業；C801020 石油化工原料製造業；C801030 精密化學材料製造業；C801060 合成橡膠製造業；C801100 合成樹脂及塑膠製造業,桃園市,變更,11508
90674527,配客永續整合股份有限公司,桃園市平鎮區新富五街62號(地下一樓),葉德偉,96826810,110/12/30,115/08/12,董事/監察人持股變動報備,IZ06010 理貨包裝業；F399040 無店面零售業；F401010 國際貿易業；F102170 食品什貨批發業；F203010 食品什貨、飲料零售業；F106020 日常用品批發業；F206020 日常用品零售業；I501010 產品設計業；H201010 一般投資業；G801010 倉儲業,桃園市,變更,11508
90678087,法商六創科技股份有限公司,桃園市蘆竹區南崁里經國路892號16樓,"Cyril,Jamal Haoudi",0,110/05/17,115/08/06,補繳規費,,桃園市,變更,11508
90681409,新展土地開發有限公司,桃園市中壢區松義路82號,楊楚丞,1000000,110/03/09,115/08/03,公司所在地,H701010 住宅及大樓開發租售業；H701020 工業廠房開發租售業；H701050 投資興建公共建設業；H701060 新市鎮、新社區開發業；H701070 區段徵收及市地重劃代辦業；H701090 都市更新整建維護業；H702010 建築經理業；H703090 不動產買賣業；H703100 不動產租賃業；H201010 一般投資業,桃園市,變更,11508
90681766,永滕科技股份有限公司,桃園市楊梅區仁美里仁平路27巷16號,莊英漢,10000000,110/03/11,115/08/06,改選董事/監察人(一人法人股東指派董事/監察人),F113010 機械批發業；F113100 污染防治設備批發業；E502010 燃料導管安裝工程業；E599010 配管工程業；E601020 電器安裝業；E604010 機械安裝業；F401010 國際貿易業；CC01030 電器及視聽電子產品製造業；CB01010 機械設備製造業；CB01030 污染防治設備製造業,桃園市,變更,11508
90688917,紓健有限公司,桃園市桃園區龍壽里龍城二街10號(1樓),林姿伶,1000000,110/03/17,115/08/13,一般補正案,JH01011 居家式服務業；ZZ99999 除許可業務外，得經營法令非禁止或限制之業務；JH02011 日間照顧服務業；JZ99990 未分類其他服務業,桃園市,變更,11508
90688965,松達宏科技股份有限公司,桃園市中壢區中園路192號9樓之1,孫慶鋒,50000000,110/03/18,115/08/17,公司所在地,CC01070 無線通信機械器材製造業；CC01080 電子零組件製造業；CC01110 電腦及其週邊設備製造業；CC01990 其他電機及電子機械器材製造業；F119010 電子材料批發業；F401010 國際貿易業；F399040 無店面零售業；ZZ99999 除許可業務外，得經營法令非禁止或限制之業務；H201010 一般投資業；H703100 不動產租賃業,桃園市,變更,11508
90695369,馥珍軒有限公司,桃園市桃園區汴洲里經國一路168號7樓,方正昌,1000000,110/05/07,115/08/27,一般補正案,F203010 食品什貨、飲料零售業；F102040 飲料批發業；F102170 食品什貨批發業；F399990 其他綜合零售業；F401010 國際貿易業；ZZ99999 除許可業務外，得經營法令非禁止或限制之業務,桃園市,變更,11508
90716104,在一起永續科技股份有限公司,桃園市平鎮區新富五街62號地下一樓,薛煒立,40000000,110/04/09,115/08/27,申登機關變更（遷入，含卷）,F213010 電器零售業；F113020 電器批發業；F113050 電腦及事務性機器設備批發業；F119010 電子材料批發業；F401010 國際貿易業；JA02010 電器及電子產品修理業；E601020 電器安裝業；I103060 管理顧問業；F399040 無店面零售業；H201010 一般投資業,桃園市,變更,11508
90738374,去你的日常股份有限公司,桃園市蘆竹區南崁里經國路900號12樓,翁紹明,3600000,110/04/27,115/08/07,公司名稱變更修正章程,F102030 菸酒批發業；F102040 飲料批發業；F102050 茶葉批發業；F102170 食品什貨批發業；F104110 布疋、衣著、鞋、帽、傘、服飾品批發業；F105050 家具、寢具、廚房器具、裝設品批發業；F106020 日常用品批發業；F107030 清潔用品批發業；F108040 化粧品批發業；F109070 文教、樂器、育樂用品批發業,桃園市,變更,11508
90738584,職人顧問有限公司,桃園市桃園區同安里中正路1092號10樓,徐珮真,5000000,110/04/13,115/08/24,增資,IZ12010 人力派遣業；I103060 管理顧問業；I401010 一般廣告服務業；IZ99990 其他工商服務業；F401010 國際貿易業；F106020 日常用品批發業；F199990 其他批發業；F399040 無店面零售業；ZZ99999 除許可業務外，得經營法令非禁止或限制之業務,桃園市,變更,11508
90739578,杜拜創意行銷有限公司,桃園市八德區廣德里大勤街100巷18弄16號(1樓),張明美,2000000,110/04/15,115/08/21,減少所營事業變更修正章程,H701010 住宅及大樓開發租售業；H701020 工業廠房開發租售業；H703090 不動產買賣業；H703100 不動產租賃業；I501010 產品設計業；F211010 建材零售業；F401010 國際貿易業；E801010 室內裝潢業；ZZ99999 除許可業務外，得經營法令非禁止或限制之業務,桃園市,變更,11508
90740250,瑞源資產股份有限公司,桃園市蘆竹區長興里厚生路88號5樓之3,鄒明晉,2000000,110/04/16,115/08/20,改選董事/監察人(一人法人股東指派董事/監察人),I102010 投資顧問業；H201010 一般投資業；H202010 創業投資業；H701010 住宅及大樓開發租售業；H701020 工業廠房開發租售業；H701040 特定專業區開發業；H701050 投資興建公共建設業；H701060 新市鎮、新社區開發業；H701070 區段徵收及市地重劃代辦業；H701080 都市更新重建業,桃園市,變更,11508
90754866,希塔食品股份有限公司,桃園市中壢區普忠里普忠路153號,賴三禹,8000000,110/04/19,115/08/14,公司所營事業變更修正章程,C103050 罐頭、冷凍、脫水及醃漬食品製造業；C104020 烘焙炊蒸食品製造業；C199030 即食餐食製造業；C199990 未分類其他食品製造業；F102170 食品什貨批發業；F203010 食品什貨、飲料零售業；F206020 日常用品零售業；F401010 國際貿易業；ZZ99999 除許可業務外，得經營法令非禁止或限制之業務；F102030 菸酒批發業,桃園市,變更,11508
90757076,駿躍國際貿易有限公司,桃園市平鎮區建安里建明路一段269巷2弄7號(2樓),蕭文婷,1500000,110/04/23,115/08/20,增資,F104110 布疋、衣著、鞋、帽、傘、服飾品批發業；F105050 家具、寢具、廚房器具、裝設品批發業；F106010 五金批發業；F106020 日常用品批發業；F106050 陶瓷玻璃器皿批發業；F106060 寵物食品及其用品批發業；F107030 清潔用品批發業；F108040 化粧品批發業；F109070 文教、樂器、育樂用品批發業；F110010 鐘錶批發業,桃園市,變更,11508
90757202,晶顥不動產開發有限公司,桃園市蘆竹區順興里南竹路二段57號（1樓）,許素娟,5000000,110/04/23,115/08/04,股東出資轉讓修正章程,H704031 不動產仲介經紀業；H701010 住宅及大樓開發租售業；H701020 工業廠房開發租售業；H701050 投資興建公共建設業；H701060 新市鎮、新社區開發業；H701070 區段徵收及市地重劃代辦業；H701090 都市更新整建維護業；H702010 建築經理業；H703090 不動產買賣業；H703100 不動產租賃業,桃園市,變更,11508
90758568,中華警備保全股份有限公司,桃園市八德區新興路342巷54弄57之2號(2樓),楊麗雅,40000000,110/04/27,115/08/28,公司所在地,I901011 保全業,桃園市,變更,11508
90871251,昇旻通運有限公司,桃園市平鎮區開封街183巷1號(1樓),周森煌,25000000,110/02/24,115/08/10,股東出資轉讓修正章程,G101061 汽車貨運業；C901030 水泥製造業；C901040 預拌混凝土製造業；C901050 水泥及混凝土製品製造業；CB01010 機械設備製造業；CB01990 其他機械製造業；CC01010 發電、輸電、配電機械製造業；CC01990 其他電機及電子機械器材製造業；CD01030 汽車及其零件製造業；CD01990 其他運輸工具及其零件製造業,桃園市,變更,11508
90874362,遠哲國際有限公司,桃園市中壢區忠孝路345巷23號(1棲),吳嘉哲,100000,110/04/12,115/08/05,申登機關變更（遷入，含卷）,F102170 食品什貨批發業；F104110 布疋、衣著、鞋、帽、傘、服飾品批發業；F105050 家具、寢具、廚房器具、裝設品批發業；F106010 五金批發業；F106020 日常用品批發業；F203010 食品什貨、飲料零售業；F204110 布疋、衣著、鞋、帽、傘、服飾品零售業；F205040 家具、寢具、廚房器具、裝設品零售業；F206010 五金零售業；F206020 日常用品零售業,桃園市,變更,11508
90880126,晟相企業有限公司,桃園市中壢區高鐵站前西路一段286號17樓之5,唐湘陵,10000000,110/03/08,115/08/05,一般補正案,C305010 印染整理業；F107020 染料、顏料批發業；F107990 其他化學製品批發業；F207020 染料、顏料零售業；F207990 其他化學製品零售業；F401010 國際貿易業；J801030 競技及休閒運動場館業；J802010 運動訓練業；J803010 運動表演業；ZZ99999 除許可業務外，得經營法令非禁止或限制之業務,桃園市,變更,11508
90888458,聚泰食品有限公司,桃園市蘆竹區六福路255號2樓,廖定閎,1000000,110/03/24,115/08/06,申登機關變更（遷入，含卷）,F203010 食品什貨、飲料零售業；ZZ99999 除許可業務外，得經營法令非禁止或限制之業務,桃園市,變更,11508
90891833,翔翼方案通風空調有限公司,桃園市中壢區興華里長樂街79巷7之3號,王英二,1500000,110/04/07,115/08/13,申登機關變更（遷入，含卷）,CA02990 其他金屬製品製造業；CB01010 機械設備製造業；CB01990 其他機械製造業；E601020 電器安裝業；E603050 自動控制設備工程業；E603100 電焊工程業；E604010 機械安裝業；E801020 門窗安裝工程業；E801040 玻璃安裝工程業；E903010 防蝕、防銹工程業,桃園市,變更,11508
91006637,寶駿開發建設有限公司,桃園市桃園區同安里中正路876巷42號,謝源寶,100000,110/08/03,115/08/28,公司所在地,E801010 室內裝潢業；E801020 門窗安裝工程業；E801030 室內輕鋼架工程業；E801040 玻璃安裝工程業；E801070 廚具、衛浴設備安裝工程業；E901010 油漆工程業；E903010 防蝕、防銹工程業；EZ14010 運動場地用設備工程業；F106010 五金批發業；F107190 塑膠膜、袋批發業,桃園市,變更,11508
91021314,捷星車業有限公司,桃園市中壢區忠孝路282巷6號（2樓）,張育銘,1000000,110/07/28,115/08/28,公司所在地,F114010 汽車批發業；F114030 汽、機車零件配備批發業；F114050 車胎批發業；F214010 汽車零售業；F214030 汽、機車零件配備零售業；F214050 車胎零售業；JZ99050 仲介服務業；I103060 管理顧問業；F399040 無店面零售業；F401010 國際貿易業,桃園市,變更,11508
91026296,聚寶塑膠企業有限公司,桃園市龜山區茶專一街112巷16號,陳威全,17000000,110/05/24,115/08/10,股東出資轉讓修正章程,C805010 塑膠皮、布、板、管材製造業；C805020 塑膠膜、袋製造業；C805030 塑膠日用品製造業；C805050 工業用塑膠製品製造業；C805060 塑膠皮製品製造業；C805070 強化塑膠製品製造業；C901060 耐火材料製造業；CA01050 鋼材二次加工業；CA02010 金屬結構及建築組件製造業；CA02030 螺絲、螺帽、螺絲釘、及鉚釘等製品製造業,桃園市,變更,11508
91026459,億勝水電有限公司,桃園市中壢區仁愛里新中北路846巷5弄21號(2樓),吳永盛,1200000,110/05/25,115/08/17,增資,E601010 電器承裝業；E601020 電器安裝業；E603090 照明設備安裝工程業；E604010 機械安裝業；E599010 配管工程業；E603050 自動控制設備工程業；E603040 消防安全設備安裝工程業；E605010 電腦設備安裝業；E606010 用電設備檢驗維護業；E607010 太陽熱能設備安裝工程業,桃園市,變更,11508
91028230,吉田開發實業有限公司,桃園市桃園區同安里新埔六街77號3樓之5,吳瑞麒,46000000,110/06/22,115/08/07,改推董事/董事長,H703090 不動產買賣業；H703100 不動產租賃業；H701010 住宅及大樓開發租售業；H201010 一般投資業；G202010 停車場經營業；ZZ99999 除許可業務外，得經營法令非禁止或限制之業務,桃園市,變更,11508
91029126,日高昇科技有限公司,桃園市龍潭區中興里中興路392巷9弄8衖1號,高紹學,500000,110/07/01,115/08/26,股東出資轉讓修正章程,F213060 電信器材零售業；F113070 電信器材批發業；F218010 資訊軟體零售業；F118010 資訊軟體批發業；F213040 精密儀器零售業；F113030 精密儀器批發業；F219010 電子材料零售業；F119010 電子材料批發業；F213030 電腦及事務性機器設備零售業；F113050 電腦及事務性機器設備批發業,桃園市,變更,11508
91031431,金勝翔環境清潔股份有限公司,桃園市龜山區樂學路147號10樓,黃國軒,5000000,110/07/20,115/08/21,一般補正案,J101010 建築物清潔服務業；J101020 病媒防治業；J101030 廢棄物清除業；J101040 廢棄物處理業；J101990 其他環境衛生及污染防治服務業；A102080 園藝服務業；I103060 管理顧問業；I301020 資料處理服務業；I503010 景觀、室內設計業；F107080 環境用藥批發業,桃園市,變更,11508
91032282,象楠國際有限公司,桃園市龜山區文興路217號,洪誠佑,1000000,110/08/13,115/08/05,公司所在地,E801010 室內裝潢業；E599010 配管工程業；E801020 門窗安裝工程業；E801030 室內輕鋼架工程業；E801040 玻璃安裝工程業；E801070 廚具、衛浴設備安裝工程業；E901010 油漆工程業；EZ99990 其他工程業；E603090 照明設備安裝工程業；F105050 家具、寢具、廚房器具、裝設品批發業,桃園市,變更,11508
91033276,和萬企業股份有限公司,桃園市中壢區環中東路二段154號(3樓),周立佳,2000000,110/08/20,115/08/06,減資,F114010 汽車批發業；F114030 汽、機車零件配備批發業；F106020 日常用品批發業；F113020 電器批發業；F113050 電腦及事務性機器設備批發業；F113070 電信器材批發業；F401010 國際貿易業；JA01010 汽車修理業；JA01020 汽車拖吊業；JA01990 其他汽車服務業,桃園市,變更,11508
91035350,兆瑋科技股份有限公司,桃園市中壢區成都路38巷16號,許建民,6000000,110/03/25,115/08/20,董事(常務董事.董事長)/監察人解任,E604010 機械安裝業；F113010 機械批發業；F113020 電器批發業；F113030 精密儀器批發業；F113050 電腦及事務性機器設備批發業；F113070 電信器材批發業；F113100 污染防治設備批發業；F113990 其他機械器具批發業；F118010 資訊軟體批發業；F119010 電子材料批發業,桃園市,變更,11508
91035561,安賀國際企業有限公司,桃園市蘆竹區內厝里2鄰長安路一段159巷5號,游証安,6500000,110/03/25,115/08/31,公司所營事業變更修正章程,F214020 機車零售業；F214030 汽、機車零件配備零售業；F214010 汽車零售業；F214040 自行車及其零件零售業；F214050 車胎零售業；F399040 無店面零售業；F206010 五金零售業；F206030 模具零售業；F119010 電子材料批發業；JA01010 汽車修理業,桃園市,變更,11508
91067140,東業貿易有限公司,桃園市龜山區頂湖二街48號(2樓),陳少柔,1000000,110/07/12,115/08/20,一般補正案,F104110 布疋、衣著、鞋、帽、傘、服飾品批發業；F105050 家具、寢具、廚房器具、裝設品批發業；F106010 五金批發業；F106020 日常用品批發業；F106030 模具批發業；F107190 塑膠膜、袋批發業；F108040 化粧品批發業；F109070 文教、樂器、育樂用品批發業；F111090 建材批發業；F113010 機械批發業,桃園市,變更,11508
91072994,富康益實業有限公司,桃園市中壢區新街里環北路400號14樓之2,李坤宸,10000000,110/06/25,115/08/25,申登機關變更（遷入，含卷）,F101050 水產品批發業；F101130 蔬果批發業；F101990 其他農、畜、水產品批發業；F102040 飲料批發業；F102170 食品什貨批發業；F106010 五金批發業；F119010 電子材料批發業；F201010 農產品零售業；F201020 畜產品零售業；F201030 水產品零售業,桃園市,變更,11508
91084534,熊灝室內裝修租賃住宅服務有限公司,桃園市龜山區文東五街10號二樓,楊棟生,1200000,110/07/26,115/08/04,公司名稱變更修正章程,E801060 室內裝修業；H706011 租賃住宅代管業；H706021 租賃住宅包租業；E801010 室內裝潢業；I503010 景觀設計業；E801020 門窗安裝工程業；E801030 室內輕鋼架工程業；E801040 玻璃安裝工程業；E801070 廚具、衛浴設備安裝工程業；E901010 油漆工程業,桃園市,變更,11508
91112200,台一不動產股份有限公司,桃園市桃園區泰昌三街17號,鄭皓謙,5000000,110/08/31,115/08/05,一般補正案,H704031 不動產仲介經紀業；H706011 租賃住宅代管業；H706021 租賃住宅包租業；H703100 不動產租賃業；JE01010 租賃業；I103060 管理顧問業；E801010 室內裝潢業；I503010 景觀、室內設計業；I102010 投資顧問業；I401010 一般廣告服務業,桃園市,變更,11508
91112898,伊豆企業有限公司,桃園市中壢區水尾里環北路313號3樓,呂紹勤,5000000,110/09/03,115/08/13,公司印鑑變更,F104110 布疋、衣著、鞋、帽、傘、服飾品批發業；F106020 日常用品批發業；F106010 五金批發業；F107030 清潔用品批發業；F107190 塑膠膜、袋批發業；F111090 建材批發業；F113100 污染防治設備批發業；F113010 機械批發業；F113020 電器批發業；F113030 精密儀器批發業,桃園市,變更,11508
91112911,鴻洋生活館有限公司,桃園市桃園區永安里永安路330號(1樓),陳卓甫,11000000,110/09/03,115/08/05,一般補正案,F102030 菸酒批發業；F102040 飲料批發業；F102170 食品什貨批發業；F106010 五金批發業；F106020 日常用品批發業；F106050 陶瓷玻璃器皿批發業；F107190 塑膠膜、袋批發業；F108031 醫療器材批發業；F109070 文教、樂器、育樂用品批發業；F201010 農產品零售業,桃園市,變更,11508
91119148,捷興物流股份有限公司,桃園市蘆竹區興仁路206號,羅蓉慧,25000000,110/07/21,115/08/12,一般補正案,G101061 汽車貨運業；G801010 倉儲業；G405010 貨櫃出租業；IZ06010 理貨包裝業；G702010 船舶勞務承攬業；G409050 工業專用港或工業專用碼頭船舶貨物裝卸承攬業；EZ02010 起重工程業；IZ12010 人力派遣業；JZ99050 仲介服務業；JE01010 租賃業,桃園市,變更,11508
91119251,合源工業有限公司,桃園市新屋區清華里新文路1176號,徐正煒,500000,110/07/22,115/08/05,股東出資轉讓修正章程,E603120 噴砂工程業；E903010 防蝕、防銹工程業；E901010 油漆工程業；E599010 配管工程業；E603100 電焊工程業；EZ02010 起重工程業；EZ05010 儀器、儀表安裝工程業；E801040 玻璃安裝工程業；E801020 門窗安裝工程業；E801030 室內輕鋼架工程業,桃園市,變更,11508
91119533,流行一號傳媒股份有限公司,桃園市中壢區新明里中央西路二段30號7樓,李彩娟,5000000,110/07/26,115/08/13,公司所在地,I103060 管理顧問業；I199990 其他顧問服務業；I301010 資訊軟體服務業；I301020 資料處理服務業；I301030 電子資訊供應服務業；I401010 一般廣告服務業；I401020 廣告傳單分送業；I501010 產品設計業；I599990 其他設計業；IG02010 研究發展服務業,桃園市,變更,11508
91119941,伊萊客有限公司,桃園市桃園區經國路242號7樓,林宸伊,200000,110/02/23,115/08/21,公司所在地,F213010 電器零售業；F213040 精密儀器零售業；F401010 國際貿易業；F601010 智慧財產權業；F199990 其他批發業；F213990 其他機械器具零售業；F299990 其他零售業；F399040 無店面零售業；F113020 電器批發業；F113050 電腦及事務性機器設備批發業,桃園市,變更,11508
91123614,翔晶半導體股份有限公司,桃園市楊梅區中山里中山北路一段199巷55號,蕭國益,38800000,110/02/05,115/08/21,一般補正案,CA02990 其他金屬製品製造業；CB01010 機械設備製造業；CC01080 電子零組件製造業；C901010 陶瓷及陶瓷製品製造業；C901020 玻璃及玻璃製品製造業；CE01030 光學儀器製造業；E604010 機械安裝業；E603050 自動控制設備工程業；E599010 配管工程業；EZ05010 儀器、儀表安裝工程業,桃園市,變更,11508
92605420,淏勝有限公司,桃園市龜山區山德里山鶯路111號(1樓),張洧承,600000,112/04/24,115/08/04,公司所在地,F114030 汽、機車零件配備批發業；F214030 汽、機車零件配備零售業；F399040 無店面零售業；F401010 國際貿易業；ZZ99999 除許可業務外，得經營法令非禁止或限制之業務；F214020 機車零售業；JA02020 機車修理業；IZ99990 其他工商服務業,桃園市,變更,11508
92606336,奇楠王股份有限公司,桃園市桃園區武陵里復興路51之2號10樓之3,余進長,3000000,112/05/01,115/08/04,一般補正案,C501010 製材業；C501040 組合木材製造業；C802100 化粧品製造業；CZ99990 未分類其他工業製品製造業；F102030 菸酒批發業；F102170 食品什貨批發業；F103010 飼料批發業；F106070 祭祀用品批發業；F108040 化粧品批發業；F111090 建材批發業,桃園市,變更,11508
92606482,八逸科技有限公司,桃園市桃園區長安街22號(1樓),呂學培,500000,112/05/02,115/08/10,增資,CB01010 機械設備製造業；CB01990 其他機械製造業；CC01010 發電、輸電、配電機械製造業；CC01990 其他電機及電子機械器材製造業；E502010 燃料導管安裝工程業；E599010 配管工程業；E601010 電器承裝業；E601020 電器安裝業；E603010 電纜安裝工程業；E603020 電梯安裝工程業,桃園市,變更,11508
93377563,丹和有限公司,桃園市新屋區新生里信義街92巷6號,江勝山,400000,112/04/17,115/08/20,一般補正案,F214040 自行車及其零件零售業；F209060 文教、樂器、育樂用品零售業；F206010 五金零售業；F206020 日常用品零售業；F204110 布疋、衣著、鞋、帽、傘、服飾品零售業；F104110 布疋、衣著、鞋、帽、傘、服飾品批發業；F106010 五金批發業；F106020 日常用品批發業；F109070 文教、樂器、育樂用品批發業；F114040 自行車及其零件批發業,桃園市,變更,11508
93379675,德亞建設開發有限公司,桃園市中壢區金華里環北路358號8樓之3,賴晁鈞,10000000,112/04/25,115/08/19,增資,H701010 住宅及大樓開發租售業；H701020 工業廠房開發租售業；H701050 投資興建公共建設業；H701060 新市鎮、新社區開發業；H701070 區段徵收及市地重劃代辦業；H701090 都市更新整建維護業；H702010 建築經理業；H703090 不動產買賣業；H703100 不動產租賃業；H703110 老人住宅業,桃園市,變更,11508
93488934,柒伍國際股份有限公司,桃園市桃園區經國一路75號,莊鎮圩,10000000,112/12/22,115/08/24,董事/監察人持股變動報備,F101990 其他農、畜、水產品批發業；F102030 菸酒批發業；F102040 飲料批發業；F102050 茶葉批發業；F102170 食品什貨批發業；F105050 家具、寢具、廚房器具、裝設品批發業；F106020 日常用品批發業；F201010 農產品零售業；F201990 其他農畜水產品零售業；F203010 食品什貨、飲料零售業,桃園市,變更,11508
93488998,剴新水電有限公司,桃園市八德區介壽路一段210號,邱柏賢,1000000,112/12/22,115/08/25,公司所在地,E599010 配管工程業；E601010 電器承裝業；E603040 消防安全設備安裝工程業；E603090 照明設備安裝工程業；E601020 電器安裝業；F106010 五金批發業；F106040 水器材料批發業；F113020 電器批發業；F113070 電信器材批發業；F119010 電子材料批發業,桃園市,變更,11508
93489455,東堅有限公司,桃園市桃園區大同西路97號,LE TRUNG KIEN(黎忠堅),500000,112/12/27,115/08/24,公司所在地,JA02010 電器及電子產品修理業；I301010 資訊軟體服務業；ZZ99999 除許可業務外，得經營法令非禁止或限制之業務；F501060 餐館業；F501990 其他餐飲業；F203010 食品什貨、飲料零售業,桃園市,變更,11508
93504934,旭景投資有限公司,桃園市桃園區中正路1071號18樓之2,張權儒,8000000,113/01/11,115/08/18,公司所在地,H201010 一般投資業,桃園市,變更,11508
93505785,渴生飲有限公司,桃園市中壢區高鐵站前路390號2樓,林政毅,1000000,113/01/17,115/08/26,公司所在地,F203010 食品什貨、飲料零售業；F102040 飲料批發業；F213080 機械器具零售業；F399040 無店面零售業；F102170 食品什貨批發業；F113010 機械批發業；F401010 國際貿易業；I401010 一般廣告服務業；I501010 產品設計業；IZ99990 其他工商服務業,桃園市,變更,11508
93524559,戲味有限公司,桃園市中壢區新明里中央西路二段192巷31號,朱沙萍,2500000,112/12/08,115/08/31,股東出資轉讓修正章程,F101040 家畜家禽批發業；F101050 水產品批發業；F102020 食用油脂批發業；F102040 飲料批發業；F105050 家具、寢具、廚房器具、裝設品批發業；F106010 五金批發業；F106020 日常用品批發業；F106030 模具批發業；F106050 陶瓷玻璃器皿批發業；F101990 其他農、畜、水產品批發業,桃園市,變更,11508
93532517,星越科技有限公司,桃園市桃園區中埔里吉安一街199號9樓,林雅芳,1000000,112/11/21,115/08/17,股東出資轉讓修正章程,CB01010 機械設備製造業；F401010 國際貿易業；F113010 機械批發業；F213080 機械器具零售業；F106010 五金批發業；F113990 其他機械器具批發業；F113070 電信器材批發業；F119010 電子材料批發業；E599010 配管工程業；E604010 機械安裝業,桃園市,變更,11508
93533163,筱豆有限公司,桃園市桃園區正光路423之9號3樓,廖筱軒,500000,112/11/27,115/08/19,董事/股東地址變更,F401010 國際貿易業；F601010 智慧財產權業；I301020 資料處理服務業；I301030 電子資訊供應服務業；I401010 一般廣告服務業；I501010 產品設計業；J303010 雜誌（期刊）出版業；J304010 圖書出版業；J305010 有聲出版業；F399040 無店面零售業,桃園市,變更,11508
93533706,廣台通貿易有限公司,桃園市龍潭區民治三街165號5樓之1,傅順康,200000,112/11/29,115/08/05,公司所營事業變更修正章程,F102170 食品什貨批發業；F104110 布疋、衣著、鞋、帽、傘、服飾品批發業；F105050 家具、寢具、廚房器具、裝設品批發業；F106010 五金批發業；F106020 日常用品批發業；F107030 清潔用品批發業；F108040 化粧品批發業；F109070 文教、樂器、育樂用品批發業；F203010 食品什貨、飲料零售業；F204110 布疋、衣著、鞋、帽、傘、服飾品零售業,桃園市,變更,11508
93533804,盈家丰芸芯創國際有限公司,桃園市中壢區環北路400號五樓之2,,2000000,112/11/29,115/08/20,股東出資轉讓修正章程,F102170 食品什貨批發業；F203010 食品什貨、飲料零售業；F399990 其他綜合零售業；F401010 國際貿易業；F601010 智慧財產權業；I101090 食品顧問業；I199990 其他顧問服務業；F102040 飲料批發業；F108040 化粧品批發業；F121010 食品添加物批發業,桃園市,變更,11508
93538224,詳盛發貿易有限公司,桃園市桃園區南埔里吉安街38號(1樓),張恩綾,200000,112/11/27,115/08/07,一般補正案,F401010 國際貿易業；F115010 首飾及貴金屬批發業；F115020 礦石批發業；F215010 首飾及貴金屬零售業；F215020 礦石零售業；ZZ99999 除許可業務外，得經營法令非禁止或限制之業務,桃園市,變更,11508
93554862,幸福傳承不動產股份有限公司,桃園市龜山區文青里文青路131號（1樓）,李家豪,4000000,113/02/06,115/08/03,公司所在地,H701010 住宅及大樓開發租售業；H701060 新市鎮、新社區開發業；H704031 不動產仲介經紀業；H701020 工業廠房開發租售業；H703090 不動產買賣業；H703100 不動產租賃業；I102010 一般投資顧問業；I103060 管理顧問業；I199990 其他顧問服務業；I301020 資料處理服務業,桃園市,變更,11508
93554981,楷翰有限公司,桃園市桃園區青溪里鎮撫街55號(2樓),張智益,24000000,113/02/07,115/08/21,股東出資轉讓修正章程,H201010 一般投資業；H703090 不動產買賣業；H703100 不動產租賃業；ZZ99999 除許可業務外，得經營法令非禁止或限制之業務,桃園市,變更,11508
93555671,元璽事業有限公司,桃園市桃園區同安里新埔六街77號9樓之5,孟思妘,2000000,113/02/21,115/08/28,一般補正案,I101090 食品顧問業；F102020 食用油脂批發業；F102170 食品什貨批發業；F106020 日常用品批發業；F201010 農產品零售業；F201020 畜產品零售業；F121010 食品添加物批發業；F203010 食品什貨、飲料零售業；F501060 餐館業；F399040 無店面零售業,桃園市,變更,11508
93563975,富溱實業有限公司,桃園市平鎮區復興里廣德街10號,劉凊妤,8000000,113/02/26,115/08/04,改推董事/董事長,I504010 花藝設計業；I301010 資訊軟體服務業；I301020 資料處理服務業；I301030 電子資訊供應服務業；J101010 建築物清潔服務業；J101030 廢棄物清除業；J101040 廢棄物處理業；J101090 廢棄物清理業；JZ99050 仲介服務業；F101100 花卉批發業,桃園市,變更,11508
93600248,輕安科技有限公司,桃園市中壢區五權里中大路186號,李勝隆,1000000,113/04/25,115/08/07,股東出資轉讓修正章程,CA05010 粉末冶金業；CA01090 鋁鑄造業；CA01100 鋁材軋延、伸線、擠型業；CA02010 金屬結構及建築組件製造業；CA02060 金屬容器製造業；CZ99990 未分類其他工業製品製造業；F120010 耐火材料批發業；F401010 國際貿易業；ZZ99999 除許可業務外，得經營法令非禁止或限制之業務,桃園市,變更,11508
93616255,蝦旺有限公司,桃園市平鎮區大昌路55巷14號5樓,黃昱閎,100000,113/03/26,115/08/21,公司所營事業變更修正章程,F399040 無店面零售業；F213030 電腦及事務性機器設備零售業；F113050 電腦及事務性機器設備批發業；F213010 電器零售業；F206020 日常用品零售業；F106020 日常用品批發業；F204110 布疋、衣著、鞋、帽、傘、服飾品零售業；F104110 布疋、衣著、鞋、帽、傘、服飾品批發業；F299990 其他零售業；F199990 其他批發業,桃園市,變更,11508
93618161,瑋瑋國際有限公司,桃園市桃園區建新街277號,陳昱瑋,1000000,113/04/10,115/08/03,一般補正案,F114010 汽車批發業；F214010 汽車零售業；F214030 汽、機車零件配備零售業；F214040 自行車及其零件零售業；F214050 車胎零售業；IZ99990 其他工商服務業；JA01010 汽車修理業；JA01020 汽車拖吊業；JA01990 其他汽車服務業；JE01010 租賃業,桃園市,變更,11508
93631208,弘陞醫藥生技股份有限公司,桃園市中壢區延平路500號10樓之3,林盈谷,6840000,113/01/22,115/08/25,改選董事/監察人(一人法人股東指派董事/監察人),F102170 食品什貨批發業；F106020 日常用品批發業；F106060 寵物食品及其用品批發業；F107030 清潔用品批發業；F108040 化粧品批發業；F121010 食品添加物批發業；F206020 日常用品零售業；F206050 寵物食品及其用品零售業；F207030 清潔用品零售業；F208040 化粧品零售業,桃園市,變更,11508
93653547,暘茗國際有限公司,桃園市桃園區文中里正光路423之9號3樓,王照全,3000000,113/02/06,115/08/06,公司所在地,F114010 汽車批發業；F214010 汽車零售業；F114020 機車批發業；F214020 機車零售業；F114030 汽、機車零件配備批發業；F214030 汽、機車零件配備零售業；F114050 車胎批發業；F214050 車胎零售業；F114990 其他交通運輸工具及其零件批發業；F214990 其他交通運輸工具及其零件零售業,桃園市,變更,11508
93658249,官宏檳營造股份有限公司,桃園市楊梅區金溪里三民路二段86巷22號(1樓),劉美玲,80000000,113/02/01,115/08/06,增資(資本總額),E101011 綜合營造業；E599010 配管工程業；E801010 室內裝潢業；EZ99990 其他工程業；H703090 不動產買賣業；H703100 不動產租賃業；H701010 住宅及大樓開發租售業；H701020 工業廠房開發租售業；H701040 特定專業區開發業；H701050 投資興建公共建設業,桃園市,變更,11508
93673071,九五樂維資訊股份有限公司,桃園市八德區大正里正福街40號15樓,徐嘉煒,15000000,113/03/06,115/08/21,公司所在地,I301030 電子資訊供應服務業；J404010 動畫影片製作業；I301010 資訊軟體服務業；CQ01010 模具製造業；CH01040 玩具製造業；F206030 模具零售業；F106030 模具批發業；F109070 文教、樂器、育樂用品批發業；F209060 文教、樂器、育樂用品零售業；F299990 其他零售業,桃園市,變更,11508
93687461,兆軒實業股份有限公司,桃園市桃園區介壽路495巷65號14樓,巫紫汝,1000000,113/03/18,115/08/06,申登機關變更（遷入，含卷）,F201010 農產品零售業；F201020 畜產品零售業；F203010 食品什貨、飲料零售業；F221010 食品添加物零售業；F203020 菸酒零售業；F399040 無店面零售業；F501030 飲料店業；F501060 餐館業；F501990 其他餐飲業；ZZ99999 除許可業務外，得經營法令非禁止或限制之業務,桃園市,變更,11508
93695770,晉建興業有限公司,桃園市桃園區中路里國際路二段178號(1樓),何承翰,1000000,113/04/01,115/08/14,公司所在地,F107190 塑膠膜、袋批發業；F199010 回收物料批發業；F207190 塑膠膜、袋零售業；J101030 廢棄物清除業；J101040 廢棄物處理業；J101080 資源回收業；C805020 塑膠膜、袋製造業；C805990 其他塑膠製品製造業,桃園市,變更,11508
93696573,勁嘉股份有限公司,桃園市八德區和平路433號,謝育修,28000000,113/04/03,115/08/17,一般補正案,F113020 電器批發業；F119010 電子材料批發業；F213010 電器零售業；F213030 電腦及事務性機器設備零售業；F213080 機械器具零售業；F219010 電子材料零售業；F401010 國際貿易業；JA02010 電器及電子產品修理業；JZ99050 仲介服務業；I103060 管理顧問業,桃園市,變更,11508
93717129,奇冷工程有限公司,桃園市八德區廣興里廣福路769號(1樓),蔡宗倫,200000,113/01/09,115/08/25,申登機關變更（遷入，含卷）,E601010 電器承裝業；E601020 電器安裝業；E603010 電纜安裝工程業；E603090 照明設備安裝工程業；E604010 機械安裝業；E801010 室內裝潢業；E801020 門窗安裝工程業；E801030 室內輕鋼架工程業；E801040 玻璃安裝工程業；E801070 廚具、衛浴設備安裝工程業,桃園市,變更,11508
93736511,阿蒂瑪有限公司,桃園市桃園區中平路98號14樓之1,黃銘祥,5000000,113/01/26,115/08/21,公司所在地,I401010 一般廣告服務業；I401020 廣告傳單分送業；I301010 資訊軟體服務業；I301020 資料處理服務業；I301030 電子資訊供應服務業；E701010 電信工程業；F118010 資訊軟體批發業；F218010 資訊軟體零售業；J399010 軟體出版業；I103060 管理顧問業,桃園市,變更,11508
93737504,風之川文創有限公司,桃園市桃園區莊敬里莊敬路一段162號2樓,周姿宜,1000000,113/01/30,115/08/12,改推董事/董事長,F104110 布疋、衣著、鞋、帽、傘、服飾品批發業；F109070 文教、樂器、育樂用品批發業；F106070 祭祀用品批發業；F107030 清潔用品批發業；F106020 日常用品批發業；I501010 產品設計業；F204110 布疋、衣著、鞋、帽、傘、服飾品零售業；F209060 文教、樂器、育樂用品零售業；F206060 祭祀用品零售業；F207030 清潔用品零售業,桃園市,變更,11508
93777879,毛焦點科技股份有限公司,桃園市平鎮區新富五街122號(1樓),沈育愷,1242310,112/08/17,115/08/05,發行新股,C201020 寵物食品製造業；CC01070 無線通信機械器材製造業；CC01990 其他電機及電子機械器材製造業；F106060 寵物食品及其用品批發業；F206050 寵物食品及其用品零售業；F399040 無店面零售業；F401010 國際貿易業；I301010 資訊軟體服務業；I301020 資料處理服務業；I301030 電子資訊供應服務業,桃園市,變更,11508
93783680,紐法科技股份有限公司,桃園市桃園區泰成路62巷33之5號,陳漢棟,65000000,112/05/22,115/08/27,經理人變更,F102170 食品什貨批發業；F108040 化粧品批發業；F102040 飲料批發業；F203010 食品什貨、飲料零售業；F208040 化粧品零售業；C802100 化粧品製造業；C110010 飲料製造業；CB01010 機械設備製造業；F299990 其他零售業；F199990 其他批發業,桃園市,變更,11508
93797571,銓安興業有限公司,桃園市桃園區民富一街10之1號5樓,楊志文,1000000,112/06/13,115/08/31,改推董事/董事長,E599010 配管工程業；E603100 電焊工程業；E603050 自動控制設備工程業；F111090 建材批發業；EZ99990 其他工程業；F106010 五金批發業；F105050 家具、寢具、廚房器具、裝設品批發業；E603010 電纜安裝工程業；E603020 電梯安裝工程業；E603080 交通號誌安裝工程業,桃園市,變更,11508
93798332,易像國際有限公司,桃園市桃園區大豐里大豐路230號8樓,凃春霞,1000000,112/06/16,115/08/28,改推董事/董事長,F113020 電器批發業；F113030 精密儀器批發業；F113050 電腦及事務性機器設備批發業；F113990 其他機械器具批發業；F118010 資訊軟體批發業；F119010 電子材料批發業；F213010 電器零售業；F213030 電腦及事務性機器設備零售業；F213040 精密儀器零售業；F213990 其他機械器具零售業,桃園市,變更,11508
93798537,世宏智能科技股份有限公司,桃園市龜山區頂湖路32號,呂禮正,200000000,112/06/19,115/08/04,一般補正案,CB01010 機械設備製造業；CB01990 其他機械製造業；CC01010 發電、輸電、配電機械製造業；CC01090 電池製造業；CC01110 電腦及其週邊設備製造業；CZ99990 未分類其他工業製品製造業；F113050 電腦及事務性機器設備批發業；F213030 電腦及事務性機器設備零售業；E604010 機械安裝業；F113010 機械批發業,桃園市,變更,11508
93798570,心健科技股份有限公司,桃園市楊梅區裕成里裕成路192巷11弄1號,陳崗熒,8120000,112/06/19,115/08/10,一般補正案,F113020 電器批發業；F113030 精密儀器批發業；F113050 電腦及事務性機器設備批發業；F113070 電信器材批發業；F118010 資訊軟體批發業；F119010 電子材料批發業；F213010 電器零售業；F213030 電腦及事務性機器設備零售業；F213040 精密儀器零售業；F213060 電信器材零售業,桃園市,變更,11508
93799022,嚮億國際有限公司,桃園市桃園區武陵里復興路51之2號10樓之1,黃如君,1000000,112/06/26,115/08/19,申登機關變更（遷入，含卷）,A101040 食用菌菇類栽培業；C109010 調味品製造業；C114010 食品添加物製造業；C199990 未分類其他食品製造業；C201010 飼料製造業；C201020 寵物食品製造業；F106060 寵物食品及其用品批發業；F206050 寵物食品及其用品零售業；F103010 飼料批發業；F202010 飼料零售業,桃園市,變更,11508
93799058,泓宥不動產經紀有限公司,桃園市中壢區青埔里高鐵北路2段76號,李宜臻,2000000,112/06/26,115/08/25,股東出資轉讓修正章程,H701010 住宅及大樓開發租售業；H701020 工業廠房開發租售業；H703090 不動產買賣業；H703100 不動產租賃業；H704031 不動產仲介經紀業；H704041 不動產代銷經紀業；E801010 室內裝潢業；E801020 門窗安裝工程業；E801030 室內輕鋼架工程業；E801040 玻璃安裝工程業,桃園市,變更,11508
94011472,銳爾國際汽車有限公司,桃園市桃園區大業里民富九街84之1號12樓,陳宇鴻,1000000,112/08/09,115/08/14,董事/股東更名,F113110 電池批發業；F114010 汽車批發業；F114020 機車批發業；F114030 汽、機車零件配備批發業；F114050 車胎批發業；F213110 電池零售業；F214010 汽車零售業；F214020 機車零售業；F214030 汽、機車零件配備零售業；F214050 車胎零售業,桃園市,變更,11508
94025187,兆美科技有限公司,桃園市平鎮區新英里新富街176號10樓,黃琇楨,400000,112/07/24,115/08/19,一般補正案,F106010 五金批發業；F106040 水器材料批發業；F113020 電器批發業；F106060 寵物食品及其用品批發業；F101120 觀賞魚批發業；F103010 飼料批發業；F101070 漁具批發業；F201050 漁具零售業；F201090 觀賞魚零售業；F113990 其他機械器具批發業,桃園市,變更,11508
94027306,忠原交通企業股份有限公司,桃園市中壢區中央西路二段247號1樓,涂明惠,25000000,54/10/21,115/08/05,改選董事/監察人(一人法人股東指派董事/監察人),,桃園市,變更,11508
94046606,阿不拉清潔有限公司,桃園市楊梅區楊新路三段1巷366號（1樓）,余信昌,200000,112/05/11,115/08/12,股東出資轉讓修正章程,A102080 園藝服務業；E599010 配管工程業；E603040 消防安全設備安裝工程業；E603090 照明設備安裝工程業；E604010 機械安裝業；E606010 用電設備檢驗維護業；E701040 簡易電信設備安裝業；E801010 室內裝潢業；E801020 門窗安裝工程業；E801030 室內輕鋼架工程業,桃園市,變更,11508
94046681,中日電力股份有限公司,桃園市桃園區新埔六街101號6樓,蔡忠志,7000000,112/05/11,115/08/17,發行新股,IG03010 能源技術服務業；F401010 國際貿易業；D101091 再生能源售電業；ZZ99999 除許可業務外，得經營法令非禁止或限制之業務,桃園市,變更,11508
94046937,健明工程有限公司,桃園市中壢區文平路70號10樓,阮廷強,200000,112/05/12,115/08/10,公司所在地,E599010 配管工程業；E603100 電焊工程業；E603110 冷作工程業；E604010 機械安裝業；E801010 室內裝潢業；E901010 油漆工程業；E903010 防蝕、防銹工程業；EZ02010 起重工程業；EZ07010 鑽孔工程業；EZ99990 其他工程業,桃園市,變更,11508
94047366,立儒教育事業股份有限公司,桃園市中壢區興農路125號4樓,陳正儒,12000000,112/05/16,115/08/27,改選董事/監察人(一人法人股東指派董事/監察人),F109070 文教、樂器、育樂用品批發業；F209060 文教、樂器、育樂用品零售業；F118010 資訊軟體批發業；F218010 資訊軟體零售業；F401010 國際貿易業；F601010 智慧財產權業；I199990 其他顧問服務業；I401010 一般廣告服務業；IZ12010 人力派遣業；J202010 產業育成業,桃園市,變更,11508
94047393,威漢昌科技股份有限公司,桃園市中壢區青航里領航南路三段311號3樓,蔡鴻凱,9600000,112/05/16,115/08/25,一般補正案,IG03010 能源技術服務業；D101060 再生能源自用發電設備業；I102010 一般投資顧問業；F119010 電子材料批發業；CC01110 電腦及其週邊設備製造業；F113020 電器批發業；F118010 資訊軟體批發業；F213010 電器零售業；F213040 精密儀器零售業；F219010 電子材料零售業,桃園市,變更,11508
94063674,予盛有限公司,桃園市龜山區新嶺里東萬壽路50號9樓,丁伊佐,3000000,112/05/29,115/08/05,股東出資轉讓修正章程,E401010 疏濬業；E402010 沙石、淤泥海拋業；E801020 門窗安裝工程業；E801030 室內輕鋼架工程業；E801070 廚具、衛浴設備安裝工程業；E901010 油漆工程業；E903010 防蝕、防銹工程業；EZ02010 起重工程業；EZ99990 其他工程業；F101100 花卉批發業,桃園市,變更,11508
94073510,信豐國際股份有限公司,桃園市蘆竹區福興里奉化路182號10樓之2,樊孝千,3000000,112/05/25,115/08/21,改選董事/監察人(一人法人股東指派董事/監察人),E599010 配管工程業；JA02990 其他修理業；IZ06010 理貨包裝業；F401010 國際貿易業；EZ11010 球場跑道樹脂材料鋪設工程業；E901010 油漆工程業；E801010 室內裝潢業；E801020 門窗安裝工程業；E801030 室內輕鋼架工程業；E801040 玻璃安裝工程業,桃園市,變更,11508
94073602,禾浩數位國際股份有限公司,桃園市八德區陸光里陸光街43號,温彩雲,500000,112/05/25,115/08/06,改選董事/監察人(一人法人股東指派董事/監察人),F213060 電信器材零售業；IE01010 電信業務門號代辦業；JA02010 電器及電子產品修理業；ZZ99999 除許可業務外，得經營法令非禁止或限制之業務,桃園市,變更,11508
94091138,明和資產管理股份有限公司,桃園市桃園區南華街60號4樓之7,沈琳雯,2000000,112/07/10,115/08/11,一般補正案,E801010 室內裝潢業；F111090 建材批發業；F199990 其他批發業；F401010 國際貿易業；G202010 停車場經營業；H701010 住宅及大樓開發租售業；H701020 工業廠房開發租售業；H701050 投資興建公共建設業；H701060 新市鎮、新社區開發業；H701070 區段徵收及市地重劃代辦業,桃園市,變更,11508
94091708,蓮發富有限公司,桃園市大園區仁壽路21號,徐昌煥,67833190,112/07/13,115/08/18,增資,H701010 住宅及大樓開發租售業；H703090 不動產買賣業；H703100 不動產租賃業；JE01010 租賃業；ZZ99999 除許可業務外，得經營法令非禁止或限制之業務,桃園市,變更,11508
94092208,昇紘鈞工程開發有限公司,桃園市觀音區富林里二聖路431巷17號(1樓),楊紘宇,500000,112/07/18,115/08/27,股東出資轉讓修正章程,B601010 土石採取業；E801010 室內裝潢業；EZ99990 其他工程業；E599010 配管工程業；F111090 建材批發業；F115020 礦石批發業；I102010 投資顧問業；I103060 管理顧問業；I503010 景觀、室內設計業；J101080 資源回收業,桃園市,變更,11508
94116530,瓶子整合行銷有限公司,桃園市八德區正福街131號(一樓),黃俊傑,10000000,112/06/06,115/08/20,增資,F106020 日常用品批發業；F109070 文教、樂器、育樂用品批發業；F113020 電器批發業；F116010 照相器材批發業；F119010 電子材料批發業；F206020 日常用品零售業；F209060 文教、樂器、育樂用品零售業；F213010 電器零售業；F216010 照相器材零售業；F219010 電子材料零售業,桃園市,變更,11508
94116721,豈家股份有限公司,桃園市桃園區新埔六街95號16樓,黃晧呈,3000000,112/06/07,115/08/03,更正,E801010 室內裝潢業；H701010 住宅及大樓開發租售業；H703100 不動產租賃業；H703090 不動產買賣業；H704031 不動產仲介經紀業；H704041 不動產代銷經紀業；H706011 租賃住宅代管業；H706021 租賃住宅包租業；I103060 管理顧問業；I199990 其他顧問服務業,桃園市,變更,11508
94116877,安可不動產有限公司,桃園市桃園區同安里新埔六街101號二十二樓,陳淑芬,12000000,112/06/08,115/08/10,一般補正案,H703090 不動產買賣業；H703100 不動產租賃業；H704031 不動產仲介經紀業；JZ99050 仲介服務業；I103060 管理顧問業；I102010 投資顧問業；F401010 國際貿易業；ZZ99999 除許可業務外，得經營法令非禁止或限制之業務,桃園市,變更,11508
94127902,聯合電力股份有限公司,桃園市蘆竹區海湖東路151號,林冠州,43500000,112/06/05,115/08/06,改派董事/監察人,CC01010 發電、輸電、配電機械製造業；CC01080 電子零組件製造業；CC01990 其他電機及電子機械器材製造業；F401010 國際貿易業；ZZ99999 除許可業務外，得經營法令非禁止或限制之業務,桃園市,變更,11508
94135516,華逸投資股份有限公司,桃園市蘆竹區羊稠里中山北街76號4樓,郭亭延,185100000,112/09/28,115/08/26,公司所在地,G801010 倉儲業；H201010 一般投資業；H701020 工業廠房開發租售業；H701040 特定專業區開發業；H701050 投資興建公共建設業；H701060 新市鎮、新社區開發業；H701080 都市更新重建業；H703090 不動產買賣業；H703100 不動產租賃業；ZZ99999 除許可業務外，得經營法令非禁止或限制之業務,桃園市,變更,11508
94135543,君昌沛有限公司,桃園市桃園區泰昌三街21號6樓,莊獻誠,5000000,112/09/28,115/08/12,董事/股東更名,F101990 其他農、畜、水產品批發業；F102030 菸酒批發業；F102040 飲料批發業；F102050 茶葉批發業；F102170 食品什貨批發業；F104110 布疋、衣著、鞋、帽、傘、服飾品批發業；F105050 家具、寢具、廚房器具、裝設品批發業；F106010 五金批發業；F106020 日常用品批發業；F106040 水器材料批發業,桃園市,變更,11508
94135620,合鼎國際實業有限公司,桃園市大園區環區西路29號（1樓）,游輝鑫,1000000,112/10/02,115/08/05,公司所營事業變更修正章程,F399040 無店面零售業；F203010 食品什貨、飲料零售業；F501030 飲料店業；ZZ99999 除許可業務外，得經營法令非禁止或限制之業務；E502010 燃料導管安裝工程業；E599010 配管工程業；E604010 機械安裝業；E801010 室內裝潢業；E801020 門窗安裝工程業；E801030 室內輕鋼架工程業,桃園市,變更,11508
94135972,連宸有限公司,桃園市中壢區新街里延平路261號10樓,廖翊辰,500000,112/10/03,115/08/17,增資,F106010 五金批發業；F206010 五金零售業；F111090 建材批發業；F199990 其他批發業；F211010 建材零售業；F299990 其他零售業；F401010 國際貿易業；F106020 日常用品批發業；F206020 日常用品零售業；E801010 室內裝潢業,桃園市,變更,11508
94149997,毛茸茸東京有限公司,桃園市龜山區復興一路456號7樓,黃致誠,250000,112/10/19,115/08/26,一般補正案,F104110 布疋、衣著、鞋、帽、傘、服飾品批發業；F105050 家具、寢具、廚房器具、裝設品批發業；F106010 五金批發業；F106020 日常用品批發業；F116010 照相器材批發業；F204110 布疋、衣著、鞋、帽、傘、服飾品零售業；F206010 五金零售業；F206020 日常用品零售業；F208040 化粧品零售業；F216010 照相器材零售業,桃園市,變更,11508
94165877,天荷有限公司,桃園市桃園區莊敬路一段342號6樓之1,陳為汛,300000,112/08/16,115/08/28,申登機關變更（遷入，含卷）,F102040 飲料批發業；F102170 食品什貨批發業；F203010 食品什貨、飲料零售業；F399040 無店面零售業；F399990 其他綜合零售業；F401010 國際貿易業；C199990 未分類其他食品製造業；I101090 食品顧問業；ZZ99999 除許可業務外，得經營法令非禁止或限制之業務；CB01010 機械設備製造業,桃園市,變更,11508
94167930,榮昌投資股份有限公司,桃園市平鎮區東勢里中興路九龍段192巷1號2樓,蔡倍榮,7826000,112/08/22,115/08/11,一般補正案,H201010 一般投資業,桃園市,變更,11508
94168157,桃園資產管理股份有限公司,桃園市桃園區永安路277之2號,黃宗源,200000000,112/08/23,115/08/28,董事(常務董事.董事長)/監察人解任,H202010 創業投資業；H703100 不動產租賃業；ZZ99999 除許可業務外，得經營法令非禁止或限制之業務,桃園市,變更,11508
94181291,李一工程有限公司,桃園市中壢區青心路208號19樓,李貞儀,2000000,112/09/27,115/08/21,申登機關變更（遷入，含卷）,E599010 配管工程業；E601010 電器承裝業；E601020 電器安裝業；E603010 電纜安裝工程業；E603040 消防安全設備安裝工程業；E603050 自動控制設備工程業；E603090 照明設備安裝工程業；E603100 電焊工程業；E603110 冷作工程業；E604010 機械安裝業,桃園市,變更,11508
94213646,禾寺空間製作有限公司,桃園市中壢區新街里元化路226號10樓,陳少淇,200000,112/09/21,115/08/04,公司所在地,E801010 室內裝潢業；I503010 景觀、室內設計業；E801020 門窗安裝工程業；E801030 室內輕鋼架工程業；E901010 油漆工程業；F111090 建材批發業；F211010 建材零售業；E801070 廚具、衛浴設備安裝工程業；F105050 家具、寢具、廚房器具、裝設品批發業；F205040 家具、寢具、廚房器具、裝設品零售業,桃園市,變更,11508
94214032,凱薩國際股份有限公司,桃園市中壢區青航里領航南路三段305號9樓,劉元凱,1000000,112/09/25,115/08/19,公司所在地,F102170 食品什貨批發業；F106020 日常用品批發業；F107030 清潔用品批發業；F108040 化粧品批發業；F109070 文教、樂器、育樂用品批發業；F399040 無店面零售業；F401010 國際貿易業；I102010 投資顧問業；I103060 管理顧問業；I501010 產品設計業,桃園市,變更,11508
94223200,迎欣適能顧問股份有限公司,桃園市龍潭區中豐路上林段541號,彭康洲,2000000,112/10/30,115/08/26,一般補正案,ZZ99999 除許可業務外，得經營法令非禁止或限制之業務；I101090 食品顧問業；I103060 管理顧問業；IZ12010 人力派遣業；IZ99990 其他工商服務業；F102170 食品什貨批發業；F109070 文教、樂器、育樂用品批發業；F203010 食品什貨、飲料零售業；F399040 無店面零售業；F401010 國際貿易業,桃園市,變更,11508
94232735,築全興業有限公司,桃園市中壢區洽溪里永順一街208號9樓,許宏智,3000000,112/10/27,115/08/20,一般補正案,E603040 消防安全設備安裝工程業；E605010 電腦設備安裝業；E801010 室內裝潢業；E801030 室內輕鋼架工程業；E901010 油漆工程業；EZ02010 起重工程業；EZ99990 其他工程業；F105050 家具、寢具、廚房器具、裝設品批發業；F106010 五金批發業；F111090 建材批發業,桃園市,變更,11508
94232897,根生地產股份有限公司,桃園市桃園區建國里大林路85巷8號2樓,蔡根生,1000000,112/10/30,115/08/21,申登機關變更（遷入，含卷）,H701010 住宅及大樓開發租售業；H701020 工業廠房開發租售業；H701040 特定專業區開發業；H701050 投資興建公共建設業；H701060 新市鎮、新社區開發業；H701070 區段徵收及市地重劃代辦業；H701080 都市更新重建業；H701090 都市更新整建維護業；H702010 建築經理業；H703090 不動產買賣業,桃園市,變更,11508
94233122,沐橙工程有限公司,桃園市中壢區健行里健行路56巷1號3樓,胡淳譯,3350000,112/10/31,115/08/24,增資,F113020 電器批發業；F213010 電器零售業；F111090 建材批發業；E801010 室內裝潢業；I503010 景觀、室內設計業；I501010 產品設計業；F105050 家具、寢具、廚房器具、裝設品批發業；F106010 五金批發業；F106040 水器材料批發業；F206010 五金零售業,桃園市,變更,11508
94233214,昌吉國際有限公司,桃園市龍潭區聖亭路300巷110號(1樓),黃識軒,10000000,112/11/01,115/08/19,股東出資轉讓修正章程,JE01010 租賃業；EZ02010 起重工程業；F401010 國際貿易業；F113010 機械批發業；E604010 機械安裝業；F106010 五金批發業；F113990 其他機械器具批發業；F114990 其他交通運輸工具及其零件批發業；F199990 其他批發業；F213080 機械器具零售業,桃園市,變更,11508
94233235,馥圓億地產有限公司,桃園市中壢區青埔里青峰路2段63號,王品瀚,1000000,112/11/01,115/08/12,股東出資轉讓修正章程,H701010 住宅及大樓開發租售業；H701020 工業廠房開發租售業；H701050 投資興建公共建設業；H701060 新市鎮、新社區開發業；H701070 區段徵收及市地重劃代辦業；H701090 都市更新整建維護業；H702010 建築經理業；H703090 不動產買賣業；H703100 不動產租賃業；H703110 老人住宅業,桃園市,變更,11508
94233740,向風國際貿易有限公司,桃園市蘆竹區龍壽街一段213之9號(4樓),曾琬茜,2000000,112/11/06,115/08/28,公司所營事業變更修正章程,F401010 國際貿易業；F111090 建材批發業；E801010 室內裝潢業；F105050 家具、寢具、廚房器具、裝設品批發業；I503010 景觀、室內設計業；F106010 五金批發業；F399040 無店面零售業；F106040 水器材料批發業；F106020 日常用品批發業；F106050 陶瓷玻璃器皿批發業,桃園市,變更,11508
94234190,強盛電機工程有限公司,桃園市中壢區青溪里領航北路一段308號20樓之5,蔡名凱,10000000,112/11/08,115/08/03,增資,D101060 再生能源自用發電設備業；E599010 配管工程業；E601010 電器承裝業；E601020 電器安裝業；E603090 照明設備安裝工程業；E603100 電焊工程業；E604010 機械安裝業；E606010 用電設備檢驗維護業；E607010 太陽熱能設備安裝工程業；EZ15010 保溫、保冷安裝工程業,桃園市,變更,11508
94234797,宜德股份有限公司,桃園市龍潭區九龍里中興路九龍段50巷51號,陸瑾萱,29645010,112/11/10,115/08/04,一般補正案,CA01090 鋁鑄造業；CA01150 鎂鑄造業；CA01990 其他非鐵金屬基本工業；CC01110 電腦及其週邊設備製造業；CB01010 機械設備製造業；CA02080 金屬鍛造業；CB01990 其他機械製造業；C805050 工業用塑膠製品製造業；CA04010 表面處理業；CQ01010 模具製造業,桃園市,變更,11508
94255461,啓圓工程有限公司,桃園市桃園區瑞慶里莊敬路二段179號(1樓),周斯瑾,1000000,112/08/28,115/08/18,股東出資轉讓修正章程,E599010 配管工程業；E604010 機械安裝業；E605010 電腦設備安裝業；E801010 室內裝潢業；E801030 室內輕鋼架工程業；EZ99990 其他工程業；F106010 五金批發業；F111090 建材批發業；F120010 耐火材料批發業；ZZ99999 除許可業務外，得經營法令非禁止或限制之業務,桃園市,變更,11508
94255552,巨鴨工程有限公司,桃園市大溪區仁和里仁和二街261號(2樓),王秋蘋,1000000,112/08/29,115/08/06,公司名稱變更修正章程,F209060 文教、樂器、育樂用品零售業；JE01010 租賃業；CA01050 鋼材二次加工業；E599010 配管工程業；E601020 電器安裝業；E603090 照明設備安裝工程業；E603100 電焊工程業；E801010 室內裝潢業；E801020 門窗安裝工程業；E801030 室內輕鋼架工程業,桃園市,變更,11508
94255862,裕禾行貿易有限公司,桃園市蘆竹區忠孝東路17之3號(二樓),黃美和,5000000,112/09/01,115/08/10,股東出資轉讓修正章程,F102040 飲料批發業；F102170 食品什貨批發業；F106010 五金批發業；F106020 日常用品批發業；F113020 電器批發業；F113990 其他機械器具批發業；F203010 食品什貨、飲料零售業；F206010 五金零售業；F206020 日常用品零售業；F213010 電器零售業,桃園市,變更,11508
94256258,辰宇系統櫥櫃有限公司,桃園市桃園區光興里縣府路110號四樓之一,簡瑋廷,4700000,112/09/05,115/08/03,公司印鑑變更,E801010 室內裝潢業；E801030 室內輕鋼架工程業；E801070 廚具、衛浴設備安裝工程業；F105050 家具、寢具、廚房器具、裝設品批發業；F120010 耐火材料批發業；I503010 景觀、室內設計業；I501010 產品設計業；I401010 一般廣告服務業；I401020 廣告傳單分送業；ZZ99999 除許可業務外，得經營法令非禁止或限制之業務,桃園市,變更,11508
94258191,萬利萬有限公司,桃園市楊梅區金山街298巷78號,賴宥勝,100000,112/08/22,115/08/28,公司所在地,F104110 布疋、衣著、鞋、帽、傘、服飾品批發業；F105050 家具、寢具、廚房器具、裝設品批發業；F106010 五金批發業；F106020 日常用品批發業；F106040 水器材料批發業；F106050 陶瓷玻璃器皿批發業；F107030 清潔用品批發業；F108040 化粧品批發業；F109070 文教、樂器、育樂用品批發業；F115020 礦石批發業,桃園市,變更,11508
95427194,富田國際日用品有限公司,桃園市龜山區新興里中興路168之8號7樓,張如郢,100000,113/04/30,115/08/27,股東出資轉讓修正章程,F203010 食品什貨、飲料零售業；F206010 五金零售業；F206020 日常用品零售業；F207030 清潔用品零售業；F208040 化粧品零售業；F401010 國際貿易業；ZZ99999 除許可業務外，得經營法令非禁止或限制之業務,桃園市,變更,11508
95435286,宏璟竣凱股份有限公司,桃園市楊梅區電研路68號(1樓、2樓),林正基,700000,114/01/17,115/08/21,申登機關變更（遷入，含卷）,F401010 國際貿易業；H201010 一般投資業；H202010 創業投資業；H703090 不動產買賣業；H703100 不動產租賃業；I102010 一般投資顧問業；I103060 管理顧問業；I301030 電子資訊供應服務業；G801010 倉儲業；IZ06010 理貨包裝業,桃園市,變更,11508
95441029,永芯行運有限公司,桃園市中壢區中原里成章四街61號,戴益芯,600000,113/08/06,115/08/27,公司所在地,F501060 餐館業；F501030 飲料店業；F102170 食品什貨批發業；F102040 飲料批發業；F203010 食品什貨、飲料零售業；F102050 茶葉批發業；F101040 家畜家禽批發業；F201020 畜產品零售業；F101050 水產品批發業；F201030 水產品零售業,桃園市,變更,11508
95443862,金聖興業有限公司,桃園市平鎮區環南路二段32號四樓之六,陳威志,500000,113/05/28,115/08/26,公司所在地,E801020 門窗安裝工程業；E801010 室內裝潢業；E801030 室內輕鋼架工程業；E801040 玻璃安裝工程業；E801070 廚具、衛浴設備安裝工程業；E901010 油漆工程業；E903010 防蝕、防銹工程業；E601020 電器安裝業；E599010 配管工程業；EZ07010 鑽孔工程業,桃園市,變更,11508
95446880,安信車輛管理顧問有限公司,桃園市桃園區長德里愛七街82號10樓,李采珊,5000000,113/07/10,115/08/24,一般補正案,F214010 汽車零售業；F114010 汽車批發業；F214030 汽、機車零件配備零售業；JA01990 其他汽車服務業；F114030 汽、機車零件配備批發業；F401010 國際貿易業；F214020 機車零售業；F114020 機車批發業；F399040 無店面零售業；HZ02010 金融機構金錢債權收買業務,桃園市,變更,11508
95452209,振彥鋼鐵科技有限公司,桃園市龜山區民生北路一段505號(1樓),陳真芳,5000000,113/07/02,115/08/10,一般補正案,C901060 耐火材料製造業；CA01010 鋼鐵冶鍊業；CA01020 鋼鐵軋延及擠型業；CA01030 鋼鐵鑄造業；CA01050 鋼材二次加工業；CA01060 鋼線鋼纜製造業；CA01070 廢車船解體及廢鋼鐵五金處理業；CA02060 金屬容器製造業；CB01010 機械設備製造業；CB01990 其他機械製造業,桃園市,變更,11508
95455326,珩耀投資有限公司,桃園市桃園區大興西路二段6號15樓之1,蘇孟光,500000,113/05/07,115/08/05,公司所在地,H201010 一般投資業；H701010 住宅及大樓開發租售業；H703090 不動產買賣業；H703100 不動產租賃業；ZZ99999 除許可業務外，得經營法令非禁止或限制之業務,桃園市,變更,11508
95476574,逸笙有限公司,桃園市蘆竹區正興里奉化路54之2號(1樓),周孟鈞,100000,113/08/01,115/08/25,申登機關變更（遷入，含卷）,CB01020 事務機器製造業；CC01110 電腦及其週邊設備製造業；F107020 染料、顏料批發業；F113050 電腦及事務性機器設備批發業；F207020 染料、顏料零售業；F213030 電腦及事務性機器設備零售業；F218010 資訊軟體零售業；F401010 國際貿易業；C901010 陶瓷及陶瓷製品製造業；ZZ99999 除許可業務外，得經營法令非禁止或限制之業務,桃園市,變更,11508
95484526,梁家餐飲事業股份有限公司,桃園市中壢區青航里青峰路一段53號,梁祐齊,3000000,114/02/04,115/08/06,一般補正案,F501060 餐館業；F501990 其他餐飲業；F203010 食品什貨、飲料零售業；F203020 菸酒零售業；ZZ99999 除許可業務外，得經營法令非禁止或限制之業務,桃園市,變更,11508
95490597,萬昱建設股份有限公司,桃園市桃園區幸福里中正路1398之1號4樓,蘇振銘,18000000,113/05/09,115/08/04,公司所在地,H701010 住宅及大樓開發租售業；H701020 工業廠房開發租售業；H701050 投資興建公共建設業；H703090 不動產買賣業；H703100 不動產租賃業；HZ99990 其他金融、保險及不動產業；H701060 新市鎮、新社區開發業；H701080 都市更新重建業；H702010 建築經理業；H701070 區段徵收及市地重劃代辦業,桃園市,變更,11508
95492639,沐居設計室內裝修有限公司,桃園市八德區永豐里永豐路518巷18號,呂濬羿,300000,113/07/11,115/08/06,公司所在地,E801060 室內裝修業；E801070 廚具、衛浴設備安裝工程業；E801010 室內裝潢業；E599010 配管工程業；E601010 電器承裝業；E603090 照明設備安裝工程業；E801020 門窗安裝工程業；E801030 室內輕鋼架工程業；E801040 玻璃安裝工程業；E901010 油漆工程業,桃園市,變更,11508
95505000,捷特醫股份有限公司,桃園市桃園區成功路1段32號5樓,許由忠,13000000,113/05/16,115/08/21,發行新股,CA02010 金屬結構及建築組件製造業；CA02990 其他金屬製品製造業；CB01010 機械設備製造業；CB01990 其他機械製造業；CC01080 電子零組件製造業；CC01110 電腦及其週邊設備製造業；CC01990 其他電機及電子機械器材製造業；CE01010 一般儀器製造業；F106010 五金批發業；F113010 機械批發業,桃園市,變更,11508
96061052,勝新工業有限公司,桃園市中壢區永福路1073號11樓,林文霞,1000000,113/05/07,115/08/06,一般補正案,CB01990 其他機械製造業；CC01990 其他電機及電子機械器材製造業；CB01010 機械設備製造業；CE01010 一般儀器製造業；E604010 機械安裝業；F113010 機械批發業；F113030 精密儀器批發業；F213040 精密儀器零售業；F213080 機械器具零售業；F113990 其他機械器具批發業,桃園市,變更,11508
96587964,奧立日華有限公司,桃園市桃園區明德里中寧街12巷5號,陳盈蓁,1000000,113/07/05,115/08/07,公司所在地,F108040 化粧品批發業；F208040 化粧品零售業；F107030 清潔用品批發業；F106020 日常用品批發業；F206020 日常用品零售業；F104110 布疋、衣著、鞋、帽、傘、服飾品批發業；F204110 布疋、衣著、鞋、帽、傘、服飾品零售業；F105050 家具、寢具、廚房器具、裝設品批發業；F205040 家具、寢具、廚房器具、裝設品零售業；F106050 陶瓷玻璃器皿批發業,桃園市,變更,11508
96671049,昇創有限公司,桃園市八德區公園路120號二樓,張珩,100000,114/02/07,115/08/21,股東出資轉讓修正章程,F113050 電腦及事務性機器設備批發業；F113070 電信器材批發業；F213030 電腦及事務性機器設備零售業；F118010 資訊軟體批發業；F218010 資訊軟體零售業；F209060 文教、樂器、育樂用品零售業；F109070 文教、樂器、育樂用品批發業；F401010 國際貿易業；I401010 一般廣告服務業；JZ99050 仲介服務業,桃園市,變更,11508
96754701,海洲實業股份有限公司,桃園市龜山區文工一路318號4樓,吳進源,2870000,113/12/30,115/08/26,發行新股,H201010 一般投資業,桃園市,變更,11508
96765165,依杰健康企業有限公司,桃園市桃園區藝文里新埔六街95號21樓,張敬媛,300000,113/06/12,115/08/03,公司所在地,F102170 食品什貨批發業；F106020 日常用品批發業；F203010 食品什貨、飲料零售業；F206020 日常用品零售業；F101990 其他農、畜、水產品批發業；F102050 茶葉批發業；C111010 製茶業；C199030 即食餐食製造業；C199990 未分類其他食品製造業；F501030 飲料店業,桃園市,變更,11508
96766360,凱昱電子有限公司,桃園市桃園區光興里縣府路110號8樓,,200000,113/06/26,115/08/06,解散,CC01080 電子零組件製造業；CC01990 其他電機及電子機械器材製造業；F113030 精密儀器批發業；F119010 電子材料批發業；F213040 精密儀器零售業；F219010 電子材料零售業；F401010 國際貿易業；I501010 產品設計業；I599990 其他設計業；ZZ99999 除許可業務外，得經營法令非禁止或限制之業務,桃園市,變更,11508
96782191,雨晨設計企業有限公司,桃園市八德區豐德路240號2樓,黃郁馨,4000000,113/08/05,115/08/03,增資,F102040 飲料批發業；F102050 茶葉批發業；F101130 蔬果批發業；F102170 食品什貨批發業；F106050 陶瓷玻璃器皿批發業；F107190 塑膠膜、袋批發業；F109070 文教、樂器、育樂用品批發業；F113010 機械批發業；F401010 國際貿易業；F399040 無店面零售業,桃園市,變更,11508
96793774,德宇新材股份有限公司,桃園市中壢區青埔里20鄰青峰路一段47號3樓,陳碧霞,13500000,113/04/24,115/08/27,增資(資本總額),F107200 化學原料批發業；F119010 電子材料批發業；F113010 機械批發業；F113020 電器批發業；F113030 精密儀器批發業；F113050 電腦及事務性機器設備批發業；F207200 化學原料零售業；F213080 機械器具零售業；F213010 電器零售業；F219010 電子材料零售業,桃園市,變更,11508
96795528,精準永續科技股份有限公司,桃園市平鎮區南京路99號(1樓),陳承澧,7146860,114/02/08,115/08/11,一般補正案,I103060 管理顧問業；I102010 一般投資顧問業；I199990 其他顧問服務業；ZZ99999 除許可業務外，得經營法令非禁止或限制之業務,桃園市,變更,11508
96799117,巨石能源有限公司,桃園市中壢區青航里青峰路一段49號5樓,張宜真,60000000,114/01/13,115/08/10,申登機關變更（遷入，含卷）,I102010 一般投資顧問業；D101060 再生能源自用發電設備業；H201010 一般投資業；IG03010 能源技術服務業；JE01010 租賃業；JZ99050 仲介服務業；ZZ99999 除許可業務外，得經營法令非禁止或限制之業務,桃園市,變更,11508
96809023,竤業實業有限公司,桃園市蘆竹區上竹里南竹路五段157號（一樓）,劉鴻龍,12000000,113/07/02,115/08/25,增資,E599010 配管工程業；E601020 電器安裝業；E603040 消防安全設備安裝工程業；E603050 自動控制設備工程業；E603090 照明設備安裝工程業；E701010 電信工程業；E801070 廚具、衛浴設備安裝工程業；E606010 用電設備檢驗維護業；EZ99990 其他工程業；F106040 水器材料批發業,桃園市,變更,11508
96812569,兆台科技股份有限公司,桃園市桃園區藝文里新埔六街77號9樓之5,趙珮淳,3000000,113/12/31,115/08/25,公司所在地,F119010 電子材料批發業；F113070 電信器材批發業；F108040 化粧品批發業；F102170 食品什貨批發業；F113010 機械批發業；F115010 首飾及貴金屬批發業；F208040 化粧品零售業；F208050 乙類成藥零售業；F213040 精密儀器零售業；F213060 電信器材零售業,桃園市,變更,11508
96814383,弘旺物流有限公司,桃園市楊梅區新榮路489號(2樓),鄧珺月,25000000,113/06/14,115/08/10,股東出資轉讓修正章程,G101061 汽車貨運業；G801010 倉儲業；G799990 其他運輸輔助業；IZ12010 人力派遣業；IZ06010 理貨包裝業；JA01020 汽車拖吊業；JA01990 其他汽車服務業；F114010 汽車批發業；F114050 車胎批發業；F114990 其他交通運輸工具及其零件批發業,桃園市,變更,11508
96816713,本木一有限公司,桃園市桃園區民富二街19號(1樓),張玄硯,200000,113/05/28,115/08/12,股東出資轉讓修正章程,F102030 菸酒批發業；F102040 飲料批發業；F102170 食品什貨批發業；F104110 布疋、衣著、鞋、帽、傘、服飾品批發業；F105050 家具、寢具、廚房器具、裝設品批發業；F106010 五金批發業；F106020 日常用品批發業；F106060 寵物食品及其用品批發業；F107030 清潔用品批發業；F108040 化粧品批發業,桃園市,變更,11508
96817071,百大明醫股份有限公司,桃園市平鎮區廣達里環南路223巷2號(1樓),許春梅,2000000,113/07/03,115/08/18,改選董事/監察人(一人法人股東指派董事/監察人),I101090 食品顧問業；I102010 一般投資顧問業；I105010 藝術品諮詢顧問業；I199990 其他顧問服務業；IG01010 生物技術服務業；IZ13010 網路認證服務業；I301010 資訊軟體服務業；I301020 資料處理服務業；I301030 電子資訊供應服務業；I401010 一般廣告服務業,桃園市,變更,11508
96832832,月竹升租賃股份有限公司,桃園市大園區青昇二街72號,林馳晴,10000000,113/07/04,115/08/05,改選董事/監察人(一人法人股東指派董事/監察人),G101041 小客車租賃業；G202010 停車場經營業；F114010 汽車批發業；F114030 汽、機車零件配備批發業；F114050 車胎批發業；F114990 其他交通運輸工具及其零件批發業；F214010 汽車零售業；F214030 汽、機車零件配備零售業；F214050 車胎零售業；F214990 其他交通運輸工具及其零件零售業,桃園市,變更,11508
96841121,吉捷國際實業有限公司,桃園市大園區後厝里後厝一路89號,陳雨農,500000,113/07/15,115/08/10,公司所營事業變更修正章程,EZ02010 起重工程業；JZ99990 未分類其他服務業；IZ12010 人力派遣業；IZ99990 其他工商服務業；F105050 家具、寢具、廚房器具、裝設品批發業；F106010 五金批發業；F106050 陶瓷玻璃器皿批發業；F118010 資訊軟體批發業；F119010 電子材料批發業；F199990 其他批發業,桃園市,變更,11508
96841207,得地為業貿易有限公司,桃園市桃園區自強路81號3樓,郭慈欣,200000,113/06/28,115/08/05,股東出資轉讓修正章程,F105050 家具、寢具、廚房器具、裝設品批發業；F106020 日常用品批發業；F108040 化粧品批發業；F113020 電器批發業；F118010 資訊軟體批發業；F119010 電子材料批發業；F205040 家具、寢具、廚房器具、裝設品零售業；F206020 日常用品零售業；F208040 化粧品零售業；F213010 電器零售業,桃園市,變更,11508
96933037,長生電力股份有限公司,桃園市蘆竹區濱海里濱海路一段199號,王長生,5150000000,85/01/30,115/08/17,補選董事(常務董事.董事長)/監察人,CC01010 發電、輸電、配電機械製造業；D101011 發電業；D101050 汽電共生業；F401010 國際貿易業；ZZ99999 除許可業務外，得經營法令非禁止或限制之業務,桃園市,變更,11508
96972262,豐詠精密工業股份有限公司,桃園市楊梅區高青路32巷8號,游義原,56000000,85/02/02,115/08/07,董事/監察人持股變動報備,,桃園市,變更,11508
96982254,禾岳營造有限公司,桃園市楊梅區新成路122號1樓,姚季涓,3600000,85/04/22,115/08/04,公司名稱變更修正章程,E101011 綜合營造業；ZZ99999 除許可業務外，得經營法令非禁止或限制之業務,桃園市,變更,11508
96987053,臺灣聚益有限公司,桃園市龜山區優美街7巷2號3樓,蔡文明,80000000,85/04/26,115/08/12,股東出資轉讓修正章程,F109070 文教、樂器、育樂用品批發業；F113050 電腦及事務性機器設備批發業；F116010 照相器材批發業；F118010 資訊軟體批發業；F401010 國際貿易業；I301020 資料處理服務業；IZ01010 影印業；I401010 一般廣告服務業；ZZ99999 除許可業務外，得經營法令非禁止或限制之業務,桃園市,變更,11508
96992669,明鈞源精微科技股份有限公司,桃園市楊梅區員本里15鄰民隆路27號,張宏基,351525000,85/05/01,115/08/24,一般補正案,CA01050 鋼材二次加工業；CA01990 其他非鐵金屬基本工業；CA02990 其他金屬製品製造業；CC01020 電線及電纜製造業；CC01080 電子零組件製造業；CC01110 電腦及其週邊設備製造業；CC01990 其他電機及電子機械器材製造業；CP01010 手工具製造業；CQ01010 模具製造業；F106010 五金批發業,桃園市,變更,11508
97025153,大正銳業有限公司,桃園市新屋區石牌里東興路二段100號,林佳正,11000000,85/06/03,115/08/12,減少所營事業變更修正章程,A101020 農作物栽培業；A101030 特用作物栽培業；A101040 食用菌菇類栽培業；A101050 花卉栽培業；A102030 蠶絲業；A102050 作物栽培服務業；A102060 糧商業；A102070 菸草整理業；A102080 園藝服務業；A199990 其他農業,桃園市,變更,11508
97175440,敏盛醫控股份有限公司,桃園市桃園區三民路三段106號11樓,楊弘仁,1453579060,86/02/05,115/08/18,改選董事/監察人(一人法人股東指派董事/監察人),C103050 罐頭、冷凍、脫水及醃漬食品製造業；C104020 烘焙炊蒸食品製造業；C110010 飲料製造業；C199030 即食餐食製造業；C199990 未分類其他食品製造業；F101040 家畜家禽批發業；F101050 水產品批發業；F101130 蔬果批發業；F101990 其他農、畜、水產品批發業；F102040 飲料批發業,桃園市,變更,11508
97196374,歐樂麗股份有限公司,桃園市新屋區梅高路3段97號,鄭麗華,76000000,85/08/21,115/08/05,增資(資本總額),ZZ99999 除許可業務外，得經營法令非禁止或限制之業務,桃園市,變更,11508
97196395,鑫鴻緯有限公司,桃園市桃園區中成里吉安街23號(1樓),鄭惠楨,2500000,85/08/21,115/08/27,公司所在地,,桃園市,變更,11508
97201334,久代加油站有限公司,桃園市大園區大園里民生路79號一樓,陳瑞和,10000000,85/08/27,115/08/14,股東出資轉讓修正章程,,桃園市,變更,11508
97213922,集鴻礦泉水有限公司,桃園市中壢區仁祥里華勛街163巷47號,王可雯,1000000,85/09/10,115/08/10,股東出資轉讓修正章程,,桃園市,變更,11508
97255099,來順發企業有限公司,桃園市大溪區信義路21號,,5000000,85/11/04,115/08/24,解散,F106010 五金批發業；F106040 水器材料批發業；F119010 電子材料批發業；F106020 日常用品批發業；E601020 電器安裝業；E801070 廚具、衛浴設備安裝工程業；I501010 產品設計業；F101050 水產品批發業；F101990 其他農、畜、水產品批發業；F401010 國際貿易業,桃園市,變更,11508
97268637,黎豐電子股份有限公司,桃園市蘆竹區大新一街118巷7號(1樓),黃文達,110500000,85/12/21,115/08/18,公司所在地,,桃園市,變更,11508
97277100,鴻陞電器有限公司,桃園市龜山區龍壽里萬壽路一段330號,林孝謙,4500000,85/12/02,115/08/21,增資,,桃園市,變更,11508
97374139,宏益昌機械有限公司,桃園市蘆竹區錦順街48之2號,陳好,1000000,86/01/31,115/08/20,股東出資轉讓修正章程,,桃園市,變更,11508
97383025,展盛工程有限公司,桃園市觀音區富源里富年路27號(1樓),廖裕昭,3000000,86/02/19,115/08/28,股東出資轉讓修正章程,E603120 噴砂工程業；E801010 室內裝潢業；E901010 油漆工程業；E903010 防蝕、防銹工程業；F106010 五金批發業；EZ11010 球場跑道樹脂材料鋪設工程業；F107010 漆料、塗料批發業；F120010 耐火材料批發業；F401010 國際貿易業；ZZ99999 除許可業務外，得經營法令非禁止或限制之業務,桃園市,變更,11508
97422006,辰毅企業有限公司,桃園市中壢區環中東路二段480號2樓,楊賢能,3000000,86/04/14,115/08/05,改推董事/董事長,F105050 家具、寢具、廚房器具、裝設品批發業；F205040 家具、寢具、廚房器具、裝設品零售業；E801010 室內裝潢業；E601010 電器承裝業；EZ99990 其他工程業；ZZ99999 除許可業務外，得經營法令非禁止或限制之業務,桃園市,變更,11508
97468038,創技電子股份有限公司,桃園市平鎮區義民里環南路二段11號6樓之3,范瑞美,45000000,86/06/11,115/08/17,增資(資本總額),F113020 電器批發業；F113050 電腦及事務性機器設備批發業；F113070 電信器材批發業；F119010 電子材料批發業；F199990 其他批發業；I501010 產品設計業；F401010 國際貿易業；ZZ99999 除許可業務外，得經營法令非禁止或限制之業務,桃園市,變更,11508
97513081,艾客空間設計有限公司,桃園市桃園區正光路423之9號三樓,楊北斗,200000,113/05/30,115/08/28,股東出資轉讓修正章程,E801010 室內裝潢業；E901010 油漆工程業；E801040 玻璃安裝工程業；E801030 室內輕鋼架工程業；E801020 門窗安裝工程業；E801070 廚具、衛浴設備安裝工程業；I102010 一般投資顧問業；I103060 管理顧問業；I503010 景觀、室內設計業；IZ12010 人力派遣業,桃園市,變更,11508
97513202,鴻旺股份有限公司,桃園市桃園區新埔六街77號11樓之5,呂宜玲,500000,114/01/08,115/08/03,變更組織,H201010 一般投資業,桃園市,變更,11508
97517684,富聯國際開發股份有限公司,桃園市中壢區黃興街43號,張博仁,4000000,113/05/29,115/08/19,公司所在地,H704031 不動產仲介經紀業；H704041 不動產代銷經紀業；H701010 住宅及大樓開發租售業；H701020 工業廠房開發租售業；H701040 特定專業區開發業；H701050 投資興建公共建設業；H701060 新市鎮、新社區開發業；H701070 區段徵收及市地重劃代辦業；H701080 都市更新重建業；H701090 都市更新整建維護業,桃園市,變更,11508
97518516,立德機電工程有限公司,桃園市大園區領航南路四段211號4樓之2,許英輝,6000000,113/05/21,115/08/11,公司所營事業變更修正章程,E502010 燃料導管安裝工程業；E599010 配管工程業；E601010 電器承裝業；E601020 電器安裝業；E603010 電纜安裝工程業；E603020 電梯安裝工程業；E603040 消防安全設備安裝工程業；E603050 自動控制設備工程業；E603080 交通號誌安裝工程業；E603090 照明設備安裝工程業,桃園市,變更,11508
97582018,宗泰科技環保股份有限公司,桃園市桃園區新埔六街95號21樓,王寵惠,9220000,114/01/16,115/08/28,一般補正案,ZZ99999 除許可業務外，得經營法令非禁止或限制之業務；F104110 布疋、衣著、鞋、帽、傘、服飾品批發業；F102170 食品什貨批發業；F105050 家具、寢具、廚房器具、裝設品批發業；F106020 日常用品批發業；F106010 五金批發業；F199990 其他批發業；F203010 食品什貨、飲料零售業；F204110 布疋、衣著、鞋、帽、傘、服飾品零售業；F205040 家具、寢具、廚房器具、裝設品零售業,桃園市,變更,11508
97603560,雿埬建材有限公司,桃園市中壢區大同路31號8樓之1,李湘淋,1000000,113/05/06,115/08/25,股東出資轉讓修正章程,F111090 建材批發業；F211010 建材零售業；F120010 耐火材料批發業；F220010 耐火材料零售業；F105050 家具、寢具、廚房器具、裝設品批發業；F205040 家具、寢具、廚房器具、裝設品零售業；F106010 五金批發業；F206010 五金零售業；F106040 水器材料批發業；F206040 水器材料零售業,桃園市,變更,11508
98244698,鈨漾國際股份有限公司,桃園市中壢區中北路二段221號,蔡祐庭,11310000,113/07/26,115/08/14,法人股東更名、國籍、地址變更,F104110 布疋、衣著、鞋、帽、傘、服飾品批發業；F106020 日常用品批發業；F107030 清潔用品批發業；F108040 化粧品批發業；F113020 電器批發業；F113050 電腦及事務性機器設備批發業；F113990 其他機械器具批發業；F208040 化粧品零售業；F213030 電腦及事務性機器設備零售業；F213010 電器零售業,桃園市,變更,11508
