統一編號,公司名稱,公司所在地,代表人,資本額,核准設立日期,核准變更日期,案由或變更事項,營業項目,縣市,清冊,期別
00003262,上日十先生有限公司,桃園市桃園區青溪三路10號,卓少凱,1000000,,115/06/12,一般補正案,F299990 其他零售業；J503050 錄影節目帶業；F501030 飲料店業；F501990 其他餐飲業；F399990 其他綜合零售業；F203010 食品什貨、飲料零售業；F205040 家具、寢具、廚房器具、裝設品零售業；F206010 五金零售業；F206020 日常用品零售業,桃園市,變更,11506
00009505,品岳工程有限公司,桃園市龍潭區高平里中豐路高平段123巷110號,莊岳洋,1000000,,115/06/26,公司所在地,E801020 門窗安裝工程業；E801040 玻璃安裝工程業；E801010 室內裝潢業；E603100 電焊工程業；E604010 機械安裝業；E903010 防蝕、防銹工程業；E801070 廚具、衛浴設備安裝工程業；E603090 照明設備安裝工程業；F211010 建材零售業；F111090 建材批發業,桃園市,變更,11506
00016479,中井機電工程有限公司,桃園市桃園區中德里桃德路127巷49號(1樓),駱毅恒,3100000,,115/06/25,增資,E599010 配管工程業；E601010 電器承裝業；E601020 電器安裝業；E603010 電纜安裝工程業；E603040 消防安全設備安裝工程業；E603050 自動控制設備工程業；E603090 照明設備安裝工程業；E604010 機械安裝業；EZ05010 儀器、儀表安裝工程業；F106010 五金批發業,桃園市,變更,11506
00040338,和川企業有限公司,桃園市中壢區新街里11鄰環北路398號5樓之6,張順平,2000000,,115/06/25,公司所在地,IZ12010 人力派遣業；I103060 管理顧問業；IZ06010 理貨包裝業；J101010 建築物清潔服務業；J101030 廢棄物清除業；J101040 廢棄物處理業；JZ99050 仲介服務業；JZ99990 未分類其他服務業；J101110 營建剩餘土石方資源處理業；J101120 營建混合物分類處理業,桃園市,變更,11506
00040457,以亞斯不動產有限公司,桃園市觀音區樹林里民生路53號,黃進生,700000,,115/06/15,公司所營事業變更修正章程,H704031 不動產仲介經紀業；JE01010 租賃業；JZ99050 仲介服務業；H703100 不動產租賃業；E801010 室內裝潢業；E901010 油漆工程業；F105050 家具、寢具、廚房器具、裝設品批發業；I103060 管理顧問業；I102010 一般投資顧問業；I401010 一般廣告服務業,桃園市,變更,11506
00043237,小太陽廣告設計顧問股份有限公司,桃園市中壢區龍慈里龍和一街249巷5號7樓,金曉梅,1000000,,115/06/11,一般補正案,I401010 一般廣告服務業；I401020 廣告傳單分送業；I501010 產品設計業；I503010 景觀、室內設計業；I301010 資訊軟體服務業；I301020 資料處理服務業；I301030 電子資訊供應服務業；I599990 其他設計業；IZ15010 市場研究及民意調查業；H201010 一般投資業,桃園市,變更,11506
00044881,巴躍管理顧問有限公司,桃園市中壢區環中東路268號及268號2樓,劉芸秀,15000000,,115/06/03,增資,H703100 不動產租賃業；I103060 管理顧問業；F208040 化粧品零售業；F108031 醫療器材批發業；F208031 醫療器材零售業；JE01010 租賃業；ZZ99999 除許可業務外，得經營法令非禁止或限制之業務,桃園市,變更,11506
00058842,明偉消防機電工程有限公司,桃園市八德區豐田二路38號15樓之2,蕭雅云,300000,,115/06/18,公司所在地,E603040 消防安全設備安裝工程業；F117010 消防安全設備批發業；F217010 消防安全設備零售業；IF01010 消防安全設備檢修業；F106010 五金批發業；F206010 五金零售業；F199990 其他批發業；F399990 其他綜合零售業；E599010 配管工程業；EZ99990 其他工程業,桃園市,變更,11506
00069123,宥懋有限公司,桃園市中壢區龍岡里龍岡路三段440巷25號(1樓),董清玉,1000000,,115/06/30,股東出資轉讓修正章程,CA01020 鋼鐵軋延及擠型業；CA01050 鋼材二次加工業；CA01030 鋼鐵鑄造業；F113010 機械批發業；ZZ99999 除許可業務外，得經營法令非禁止或限制之業務,桃園市,變更,11506
00071198,昱泰實業有限公司,桃園市楊梅區中山里中山北路一段2號,劉昱良,1900000,,115/06/10,一般補正案,E599010 配管工程業；E601010 電器承裝業；E601020 電器安裝業；E603010 電纜安裝工程業；E603020 電梯安裝工程業；E603040 消防安全設備安裝工程業；E603100 電焊工程業；E604010 機械安裝業；E606010 用電設備檢驗維護業；E701010 電信工程業,桃園市,變更,11506
00073978,厚誠餐飲有限公司,桃園市中壢區水尾里新生路512之1號,陳銪圻,1000000,,115/06/04,股東出資轉讓修正章程,F501060 餐館業；F501030 飲料店業；F501990 其他餐飲業；ZZ99999 除許可業務外，得經營法令非禁止或限制之業務,桃園市,變更,11506
00092270,寶進廣告有限公司,桃園市桃園區新埔里同安街338巷6號2樓,王憶琪,1000000,,115/06/24,減少所營事業變更修正章程,H701010 住宅及大樓開發租售業；H701020 工業廠房開發租售業；H701060 新市鎮、新社區開發業；H703090 不動產買賣業；H703100 不動產租賃業；I401010 一般廣告服務業；I401020 廣告傳單分送業；I501010 產品設計業；I503010 景觀、室內設計業；F111090 建材批發業,桃園市,變更,11506
00094235,協盛流通有限公司,桃園市中壢區青心路218號10樓,謝涵宇,25000000,,115/06/24,股東出資轉讓修正章程,G101061 汽車貨運業；G801010 倉儲業；IZ06010 理貨包裝業；F114010 汽車批發業；F114020 機車批發業；F114030 汽、機車零件配備批發業；F114050 車胎批發業；F114990 其他交通運輸工具及其零件批發業；F214010 汽車零售業；F214020 機車零售業,桃園市,變更,11506
00104199,芯順貿易有限公司,桃園市龍潭區烏林里工五路13巷2弄2號(2樓),傅宸洋,110000,,115/06/10,一般補正案,F102170 食品什貨批發業；F104110 布疋、衣著、鞋、帽、傘、服飾品批發業；F105050 家具、寢具、廚房器具、裝設品批發業；F106010 五金批發業；F106020 日常用品批發業；F107030 清潔用品批發業；F108040 化粧品批發業；F109070 文教、樂器、育樂用品批發業；F203010 食品什貨、飲料零售業；F204110 布疋、衣著、鞋、帽、傘、服飾品零售業,桃園市,變更,11506
00112661,春橙餐飲有限公司,桃園市楊梅區新成路32號,楊凱迪,7000000,,115/06/12,股東出資轉讓修正章程,F501990 其他餐飲業；F501060 餐館業；F501030 飲料店業；F399040 無店面零售業；F299990 其他零售業；F203010 食品什貨、飲料零售業；ZZ99999 除許可業務外，得經營法令非禁止或限制之業務,桃園市,變更,11506
00116511,泊鈺日能股份有限公司,桃園市中壢區青峰路一段43號九樓,蘇玉枝,100000,,115/06/24,申登機關變更（遷入，含卷）,A101020 農作物栽培業；A301030 水產養殖業；D101060 再生能源自用發電設備業；I101070 農、林、漁、畜牧顧問業；IG03010 能源技術服務業；ZZ99999 除許可業務外，得經營法令非禁止或限制之業務,桃園市,變更,11506
00117455,曙雀生物科技有限公司,桃園市桃園區自強里天祥六街65巷16號8樓,鄧欣宜,500000,,115/06/24,公司所營事業變更修正章程,F206020 日常用品零售業；F208040 化粧品零售業；F208050 乙類成藥零售業；F401010 國際貿易業；I103060 管理顧問業；JE01010 租賃業；F108031 醫療器材批發業；F208031 醫療器材零售業,桃園市,變更,11506
00120655,宇思投資股份有限公司,桃園市中壢區青園里領航南路三段468號3樓之8,劉守禮,1500000,,115/06/26,申登機關變更（遷入，含卷）,H201010 一般投資業,桃園市,變更,11506
00122773,道通有限公司,桃園市桃園區中正路366號地下一層,楊聖模,500000,,115/06/15,一般補正案,JE01010 租賃業；JA01990 其他汽車服務業；IZ12010 人力派遣業；I103060 管理顧問業；F114030 汽、機車零件配備批發業；F214030 汽、機車零件配備零售業；F114050 車胎批發業；F214050 車胎零售業；F114990 其他交通運輸工具及其零件批發業；F214990 其他交通運輸工具及其零件零售業,桃園市,變更,11506
00125309,珈欣實業有限公司,桃園市楊梅區上湖里上湖二路90巷8之1號,林昌緯,100000,,115/06/18,公司名稱變更修正章程,JA01990 其他汽車服務業；JA01010 汽車修理業；JA02990 其他修理業；IZ12010 人力派遣業；ZZ99999 除許可業務外，得經營法令非禁止或限制之業務,桃園市,變更,11506
00129403,京贊工程有限公司,桃園市中壢區中央西路一段1號4樓,鍾易豪,100000,,115/06/30,股東出資轉讓修正章程,EZ99990 其他工程業；F106010 五金批發業；F111090 建材批發業；IZ12010 人力派遣業；ZZ99999 除許可業務外，得經營法令非禁止或限制之業務,桃園市,變更,11506
00132603,固德工程股份有限公司,桃園市中壢區中央西路二段229之1號1樓,曾有驎,100000,,115/06/18,一般補正案,C501040 組合木材製造業；C501990 其他木製品製造業；E801070 廚具、衛浴設備安裝工程業；E901010 油漆工程業；E903010 防蝕、防銹工程業；EZ99990 其他工程業；H201010 一般投資業；H701050 投資興建公共建設業；H703090 不動產買賣業；HZ99990 其他金融、保險及不動產業,桃園市,變更,11506
00134308,藝極科技股份有限公司,桃園市中壢區文化里吉林路99巷4號1樓,朱南旗,3000000,,115/06/12,董事/監察人持股變動報備,I401010 一般廣告服務業；I301010 資訊軟體服務業；I103060 管理顧問業,桃園市,變更,11506
00135025,傳新教育事業股份有限公司,桃園市平鎮區廣泰路100號,林頌凱,1000000,,115/06/09,一般補正案,F106020 日常用品批發業；F109070 文教、樂器、育樂用品批發業；F206020 日常用品零售業；F218010 資訊軟體零售業；F299990 其他零售業；F401010 國際貿易業；J802010 運動訓練業；I103060 管理顧問業；I301010 資訊軟體服務業；I301020 資料處理服務業,桃園市,變更,11506
00141146,郡耀投資股份有限公司,桃園市桃園區中正路1223號12樓,鍾牧桓,14650000,,115/06/29,增資(資本總額),H201010 一般投資業,桃園市,變更,11506
00161677,程翔精密科技工業有限公司,桃園市桃園區文中里國際路二段219巷127之1號,曾貴漢,2000000,,115/06/26,股東出資轉讓修正章程,CB01010 機械設備製造業；CE01010 一般儀器製造業；CE01030 光學儀器製造業；CA02010 金屬結構及建築組件製造業；CA01050 鋼材二次加工業；CQ01010 模具製造業；F113030 精密儀器批發業；F206030 模具零售業；F213040 精密儀器零售業；F106030 模具批發業,桃園市,變更,11506
00162009,垚淼工程有限公司,桃園市大園區中正東路一段163巷36弄20之10號,陳淵全,100000,,115/06/29,股東出資轉讓修正章程,E801010 室內裝潢業；F111090 建材批發業；E901010 油漆工程業；EZ99990 其他工程業；F207030 清潔用品零售業；C901030 水泥製造業；ZZ99999 除許可業務外，得經營法令非禁止或限制之業務,桃園市,變更,11506
00174504,鋐大投資股份有限公司,桃園市桃園區成功路二段169號14樓,楊金城,500000,,115/06/22,公司印鑑變更,H201010 一般投資業,桃園市,變更,11506
00180317,大仁寶裝潢設計股份有限公司,桃園市中壢區忠孝里忠孝路282巷51號3樓,金曉梅,2000000,,115/06/29,一般補正案,E801010 室內裝潢業；F111090 建材批發業；I301010 資訊軟體服務業；I301020 資料處理服務業；I301030 電子資訊供應服務業；I401010 一般廣告服務業；I401020 廣告傳單分送業；I501010 產品設計業；I503010 景觀、室內設計業；I599990 其他設計業,桃園市,變更,11506
00180554,新陽國際行銷股份有限公司,桃園市中壢區青埔里青商路61號二樓,陳冠允,1000000,,115/06/30,一般補正案,I401010 一般廣告服務業；I401020 廣告傳單分送業；IZ12010 人力派遣業；H701010 住宅及大樓開發租售業；E801010 室內裝潢業；F105050 家具、寢具、廚房器具、裝設品批發業；F401010 國際貿易業；ZZ99999 除許可業務外，得經營法令非禁止或限制之業務；I102010 一般投資顧問業；H704041 不動產代銷經紀業,桃園市,變更,11506
00184664,森華地產股份有限公司,桃園市中壢區民權路4段561號15樓,王翊,2500000,,115/06/11,一般補正案,H704031 不動產仲介經紀業；H704041 不動產代銷經紀業；H701010 住宅及大樓開發租售業；H701020 工業廠房開發租售業；H701080 都市更新重建業；E801010 室內裝潢業；E801070 廚具、衛浴設備安裝工程業；F106010 五金批發業；F106020 日常用品批發業；F199990 其他批發業,桃園市,變更,11506
00197627,永佳長照有限公司,桃園市楊梅區環南路222號,楊文婷,1000000,,115/06/05,一般補正案,JH01011 居家式服務業；JZ99990 未分類其他服務業；IZ12010 人力派遣業；IZ99990 其他工商服務業；F106020 日常用品批發業；F399990 其他綜合零售業；F399040 無店面零售業；JZ99050 仲介服務業；ZZ99999 除許可業務外，得經營法令非禁止或限制之業務,桃園市,變更,11506
00204063,安同國際開發有限公司,桃園市龜山區南上里民生北路一段256巷8弄7號(1樓),陳真芳,10000000,,115/06/30,修正章程,C901060 耐火材料製造業；CA01010 鋼鐵冶鍊業；CA01020 鋼鐵軋延及擠型業；CA01030 鋼鐵鑄造業；CA01050 鋼材二次加工業；CA01060 鋼線鋼纜製造業；CA01070 廢車船解體及廢鋼鐵五金處理業；CA02060 金屬容器製造業；CB01010 機械設備製造業；CB01990 其他機械製造業,桃園市,變更,11506
00214127,衍鑽營造有限公司,桃園市桃園區光興里縣府路110號8樓,廖家德,8000000,,115/06/18,公司所營事業變更修正章程,E103071 地下管線工程專業營造業；F401010 國際貿易業；B601010 土石採取業；E401010 疏濬業；E402010 沙石、淤泥海拋業；F111090 建材批發業；J101090 廢棄物清理業；E502010 燃料導管安裝工程業；E599010 配管工程業；E601010 電器承裝業,桃園市,變更,11506
00217855,鼎鋒開發有限公司,桃園市大園區南港里大觀路620號,楊宇宸,1500000,,115/06/17,股東出資轉讓修正章程,H703090 不動產買賣業；H703100 不動產租賃業；H704031 不動產仲介經紀業；H701010 住宅及大樓開發租售業；I103060 管理顧問業；I401010 一般廣告服務業；I401020 廣告傳單分送業；IZ12010 人力派遣業；IZ99990 其他工商服務業；ZZ99999 除許可業務外，得經營法令非禁止或限制之業務,桃園市,變更,11506
00225107,碩山交通股份有限公司,桃園市大溪區福安里頭寮路187巷20號2樓,李淑芬,25000000,,115/06/30,改選董事/監察人(一人法人股東指派董事/監察人),G101061 汽車貨運業；F111090 建材批發業；F114010 汽車批發業；F114050 車胎批發業；G801010 倉儲業；J101030 廢棄物清除業；J101040 廢棄物處理業；J101090 廢棄物清理業；J101990 其他環境衛生及污染防治服務業；ZZ99999 除許可業務外，得經營法令非禁止或限制之業務,桃園市,變更,11506
00247078,多巴胺藝術行銷股份有限公司,桃園市楊梅區大華街19之2號,陳東勝,1000000,,115/06/02,一般補正案,I103060 管理顧問業；I105010 藝術品諮詢顧問業；I199990 其他顧問服務業；I401010 一般廣告服務業；I401020 廣告傳單分送業；I501010 產品設計業；I502010 服飾設計業；I503010 景觀、室內設計業；I504010 花藝設計業；I599990 其他設計業,桃園市,變更,11506
00254014,唐氏國際有限公司,桃園市中壢區忠義里中華路2段201號4樓,阮玉平,3000000,,115/06/18,公司所在地,E603050 自動控制設備工程業；E603100 電焊工程業；EZ99990 其他工程業；CA02010 金屬結構及建築組件製造業；I301020 資料處理服務業；I103060 管理顧問業；I301010 資訊軟體服務業；E599010 配管工程業；E604010 機械安裝業；E801010 室內裝潢業,桃園市,變更,11506
01180254,泰豐特殊膠帶股份有限公司,桃園市龜山區幸美十一街71號4樓,,7380000,,115/06/18,解散,,桃園市,變更,11506
01988623,宇邦企業有限公司,桃園市蘆竹區海湖里海湖東路239巷9號,方建洲,20000000,,115/06/23,股東出資轉讓修正章程,CB01010 機械設備製造業；CC01080 電子零組件製造業；CB01030 污染防治設備製造業；CD01020 軌道車輛及其零件製造業；CC01050 資料儲存及處理設備製造業；CB01990 其他機械製造業（高壓容器）；F113010 機械批發業；F213080 機械器具零售業,桃園市,變更,11506
03004634,七福工業股份有限公司,桃園市中壢區合定路13號,張瑞蕙,58000000,,115/06/16,改選董事/監察人(一人法人股東指派董事/監察人),ZZ99999 除許可業務外，得經營法令非禁止或限制之業務,桃園市,變更,11506
04374424,建全工業股份有限公司,桃園市蘆竹區富竹里南竹路三段51號,楊建漢,29800000,,115/06/15,改選董事/監察人(一人法人股東指派董事/監察人),,桃園市,變更,11506
04401392,華通電腦股份有限公司,桃園市蘆竹區新莊里大新路814巷91號,江培琨,11918205890,,115/06/22,改選董事/監察人(一人法人股東指派董事/監察人),C801010 基本化學工業；CC01080 電子零組件製造業；CC01090 電池製造業；CC01110 電腦及其週邊設備製造業；CA01050 鋼材二次加工業；CA01110 鍊銅業；CA02010 金屬結構及建築組件製造業；CA04010 表面處理業；CB01010 機械設備製造業；CB01030 污染防治設備製造業,桃園市,變更,11506
04406559,長榮國際儲運股份有限公司,桃園市桃園區經國路899號,邱顯育,5335705470,,115/06/18,改選董事/監察人(一人法人股東指派董事/監察人),F112010 汽油、柴油批發業；F212011 加油站業；G101041 小客車租賃業；G101051 遊覽車客運業；G101081 汽車貨櫃貨運業；G301011 船舶運送業；G401011 船務代理業；G404011 貨櫃集散站經營業；G406061 船舶貨物裝卸承攬業；G801010 倉儲業,桃園市,變更,11506
04467859,安聯速運股份有限公司,桃園市蘆竹區南崁路二段417號,謝宜成,200000000,,115/06/17,董事/監察人持股變動報備,G101061 汽車貨運業；IZ06010 理貨包裝業；G801010 倉儲業；JE01010 租賃業；J101030 廢棄物清除業；ZZ99999 除許可業務外，得經營法令非禁止或限制之業務；CD01030 汽車及其零件製造業；CD01040 機車及其零件製造業,桃園市,變更,11506
04674153,萬泰科技股份有限公司,桃園市中壢區復興里北園路17號,張銘烈,1865224410,,115/06/02,可轉換公司債換發新股,CC01020 電線及電纜製造業；F113020 電器批發業；F213010 電器零售業；F119010 電子材料批發業；F219010 電子材料零售業；F401010 國際貿易業；F401030 製造輸出業；CC01080 電子零組件製造業；ZZ99999 除許可業務外，得經營法令非禁止或限制之業務,桃園市,變更,11506
07524930,台灣鐵芯股份有限公司,桃園市楊梅區中山北路2段265巷46號,黃國真,10000000,,115/06/26,改選董事/監察人(一人法人股東指派董事/監察人),,桃園市,變更,11506
07634845,景陽製瓶工業股份有限公司,桃園市蘆竹區海湖里濱海路1段433號,張正德,78000000,,115/06/12,董事/監察人持股變動報備,C805030 塑膠日用品製造業；C805990 其他塑膠製品製造業；F107140 塑膠原料批發業；F401030 製造輸出業；F401010 國際貿易業；ZZ99999 除許可業務外，得經營法令非禁止或限制之業務,桃園市,變更,11506
07655242,興甯通運有限公司,桃園市中壢區復華五街31號,羅紀成,5000000,,115/06/15,股東出資轉讓修正章程,G101061 汽車貨運業；IZ12010 人力派遣業；IZ06010 理貨包裝業；G801010 倉儲業；ZZ99999 除許可業務外，得經營法令非禁止或限制之業務,桃園市,變更,11506
09461025,致茂電子股份有限公司,桃園市龜山區文茂路88號,黃欽明,4252457420,,115/06/29,補繳規費,CC01110 電腦及其週邊設備製造業；F113050 電腦及事務性機器設備批發業；F213030 電腦及事務性機器設備零售業；E605010 電腦設備安裝業；CC01080 電子零組件製造業；F119010 電子材料批發業；F219010 電子材料零售業；JA02010 電器及電子產品修理業；CC01120 資料儲存媒體製造及複製業；F118010 資訊軟體批發業,桃園市,變更,11506
11145904,中華航空股份有限公司,桃園市大園區埔心里16鄰航站南路1號,高星潢,61199649370,,115/06/02,可轉換公司債換發新股,G501011 民用航空運輸業；G501020 民用航空總代理業；G502011 普通航空業；G602011 航空站地勤業；G605011 空廚業；G801010 倉儲業；F114070 航空器及其零件批發業；F214070 航空器及其零件零售業；I301010 資訊軟體服務業；I301020 資料處理服務業,桃園市,變更,11506
11838671,臺灣惠爾得股份有限公司,桃園市八德區大興里和平路342號,宮坂隆志,79926000,,115/06/18,改派董事/監察人,CI01020 毯、氈製造業；F113100 污染防治設備批發業；F213100 污染防治設備零售業；F401010 國際貿易業；G202010 停車場經營業；G801010 倉儲業；H703100 不動產租賃業；ZZ99999 除許可業務外，得經營法令非禁止或限制之業務,桃園市,變更,11506
11893415,台灣日鍛工業股份有限公司,桃園市八德區長興路729號,北林英雄(Kitabayashi Hideo),91083950,,115/06/15,一般補正案,CB01010 機械設備製造業；CC01010 發電、輸電、配電機械製造業；CD01030 汽車及其零件製造業；CD01040 機車及其零件製造業；F401010 國際貿易業,桃園市,變更,11506
12200469,九德松益股份有限公司,桃園市中壢區忠義里南園路2之22號,許梓恂,345487190,,115/06/08,改選董事/監察人(一人法人股東指派董事/監察人),CC01010 發電、輸電、配電機械製造業；CB01010 機械設備製造業；F401010 國際貿易業；IG03010 能源技術服務業；ZZ99999 除許可業務外，得經營法令非禁止或限制之業務,桃園市,變更,11506
12281764,英堡科技股份有限公司,桃園市蘆竹區新南路一段121號11樓之5,高明義,5000000,,115/06/17,董事/監察人持股變動報備,CD01050 自行車及其零件製造業；CD01040 機車及其零件製造業；CD01990 其他運輸工具及其零件製造業；CH01010 體育用品製造業；CH01040 玩具製造業；CP01010 手工具製造業；CN01010 家具及裝設品製造業；F209060 文教、樂器、育樂用品零售業；F213010 電器零售業；F213080 機械器具零售業,桃園市,變更,11506
12338577,寶祥貿易股份有限公司,桃園市桃園區春日路1434巷158號,黃根在,28680000,,115/06/05,改選董事/監察人(一人法人股東指派董事/監察人),C199040 豆類加工食品製造業；C199990 未分類其他食品製造業；C802990 其他化學製品製造業；F102040 飲料批發業；F102170 食品什貨批發業；F103010 飼料批發業；F121010 食品添加物批發業；F202010 飼料零售業；F203010 食品什貨、飲料零售業；F299990 其他零售業,桃園市,變更,11506
12365270,振鑫交通有限公司,桃園市八德區大宏里桃德路128巷26號（1樓）,鄭家楷,25000000,,115/06/03,股東出資轉讓修正章程,,桃園市,變更,11506
12402042,自然興電通科技股份有限公司,桃園市蘆竹區南崁路二段66之6號(1樓),郭潘淑媛,228019390,,115/06/03,改選董事/監察人(一人法人股東指派董事/監察人),ZZ99999 除許可業務外，得經營法令非禁止或限制之業務,桃園市,變更,11506
12490306,佳世達科技股份有限公司,桃園市龜山區山鶯路157號,陳其宏,15805065050,,115/06/10,改選董事/監察人(一人法人股東指派董事/監察人),CC01030 電器及視聽電子產品製造業；CC01110 電腦及其週邊設備製造業；CC01070 無線通信機械器材製造業；CC01100 電信管制射頻器材製造業；CC01040 照明設備製造業；CF01011 醫療器材製造業；F108031 醫療器材批發業；F208031 醫療器材零售業；F401010 國際貿易業；CB01010 機械設備製造業,桃園市,變更,11506
12529007,環泰企業股份有限公司,桃園市蘆竹區南崁路265號5樓,康智量,1985380080,,115/06/30,改選董事/監察人(一人法人股東指派董事/監察人),CA02060 製罐業；CC01060 有線通信機械器材製造業；CC01070 無線通信機械器材製造業；CC01080 電子零組件製造業；CD01030 汽車及其零件製造業９有關前各項產品及原物料之進出口貿易業務（期貨除外）。10農漁牧場、遊樂場、超級市場及旅館餐廳之經營。,桃園市,變更,11506
12553765,九連環境開發股份有限公司,桃園市龍潭區工五路90巷49號,宮本俊明,408160000,,115/06/05,法人股東更名、國籍、地址變更,E501011 自來水管承裝商；E601010 電器承裝業；J101050 環境檢測服務業；ZZ99999 除許可業務外，得經營法令非禁止或限制之業務；F113100 污染防治設備批發業；F213100 污染防治設備零售業,桃園市,變更,11506
12607495,九龍環球運通有限公司,桃園市蘆竹區南崁路二段147之36號(2樓),李瑞敏,7500000,,115/06/30,一般補正案,G701011 報關業；G601011 航空貨運承攬業；F401010 國際貿易業；G402011 海運承攬運送業；ZZ99999 除許可業務外，得經營法令非禁止或限制之業務,桃園市,變更,11506
12615761,智敦通訊科技股份有限公司,桃園市桃園區中央街26號2樓,楊建國,86000000,,115/06/12,改選董事/監察人(一人法人股東指派董事/監察人),E599010 配管工程業；E603010 電纜安裝工程業；E605010 電腦設備安裝業；E701010 電信工程業；E701020 衛星電視ＫＵ頻道、Ｃ頻道器材安裝業；E701030 電信管制射頻器材裝設工程業；F113070 電信器材批發業；F119010 電子材料批發業；F219010 電子材料零售業；F401010 國際貿易業,桃園市,變更,11506
12629271,升宏氣體有限公司,桃園市桃園區同德十一街137號1樓,陳俊堯,1000000,,115/06/24,減少所營事業變更修正章程,D201030 家用液化石油氣承銷業。；F207160 高壓氣體零售業。；F207100 基本化學材料零售業。；F207110 石油化工原料零售業。；F107160 高壓氣體批發業。；F107110 石油化工原料批發業。；F107100 基本化學材料批發業；ZZ99999 除許可業務外，得經營法令非禁止或限制之業務,桃園市,變更,11506
12665804,美麗安生化醫學科技股份有限公司,桃園市桃園區復興路96號6樓之8,池國樑,26000000,,115/06/23,一般補正案,F118010 資訊軟體批發業；F218010 資訊軟體零售業；F113050 電腦及事務性機器設備批發業；F113030 精密儀器批發業；I301010 資訊軟體服務業；I301020 資料處理服務業；F119010 電子材料批發業；I301030 電子資訊供應服務業；I102010 投資顧問業；I401010 一般廣告服務業,桃園市,變更,11506
12700366,辰烝企業有限公司,桃園市桃園區民有五街99號7樓,黃宸翰,3000000,,115/06/25,股東出資轉讓修正章程,I102010 一般投資顧問業；IZ12010 人力派遣業；I201010 工商徵信服務業；JZ99090 喜慶綜合服務業；J602010 演藝活動業；E801010 室內裝潢業；E801030 室內輕鋼架工程業；E603090 照明設備安裝工程業；F114010 汽車批發業；F114020 機車批發業,桃園市,變更,11506
12715699,科宇智能有限公司,桃園市桃園區中寧里大興西路二段63號12樓,孫佩蘭,5000000,,115/06/18,改推董事/董事長,J101010 建築物清潔服務業；J101030 廢棄物清除業；J101040 廢棄物處理業；J101050 環境檢測服務業；J101060 廢（污）水處理業；F107030 清潔用品批發業；F107080 環境用藥批發業；J101020 病媒防治業；J101990 其他環境衛生及污染防治服務業；IG01010 生物技術服務業,桃園市,變更,11506
12733248,坤鼎國際開發股份有限公司,桃園市中壢區新街里元化路226號10樓,李淑靜,3000000,,115/06/09,變更組織,F113010 機械批發業；F113050 電腦及事務性機器設備批發業；F119010 電子材料批發業；F114030 汽、機車零件配備批發業；F106010 五金批發業；F113020 電器批發業；F113990 其他機械器具批發業；F401010 國際貿易業；F109070 文教、樂器、育樂用品批發業；F108040 化粧品批發業,桃園市,變更,11506
12736575,莎特企業有限公司,桃園市楊梅區梅獅路二段716巷60弄58號,陳貞儒,8000000,,115/06/29,公司所在地,C802090 清潔用品製造業；C802100 化粧品製造業；F107030 清潔用品批發業；F108040 化粧品批發業；F207030 清潔用品零售業；F208040 化粧品零售業；F401010 國際貿易業,桃園市,變更,11506
12760808,笠蕎實業有限公司,桃園市中壢區內定里文中路二段297號,張智瑋,12000000,,115/06/22,股東出資轉讓修正章程,J101010 建築物清潔服務業；J101050 環境檢測服務業；J101090 廢棄物清理業；ZZ99999 除許可業務外，得經營法令非禁止或限制之業務；G202010 停車場經營業；I102010 投資顧問業；J101060 廢（污）水處理業；J101990 其他環境衛生及污染防治服務業；F106010 五金批發業；F113110 電池批發業,桃園市,變更,11506
12776246,旺築企業股份有限公司,桃園市中壢區復興里長春路171號(1樓),陳政宏,10000000,,115/06/25,改選董事/監察人(一人法人股東指派董事/監察人),E599010 配管工程業。；E604010 機械安裝業。；EZ02010 起重工程業。；E901010 油漆工程業。；F107010 漆料、塗料批發業。；F106010 五金批發業。；F111070 金屬建材批發業。；F113010 機械批發業。；F207010 漆料、塗料零售業。；F206010 五金零售業。,桃園市,變更,11506
12802820,源程科技股份有限公司,桃園市蘆竹區內厝里長興路三段18巷43號,許宗寅,26000000,,115/06/09,改選董事/監察人(一人法人股東指派董事/監察人),CC01010 發電、輸電、配電機械製造業；E603050 自動控制設備工程業；F113990 其他機械器具批發業（自動控制器材）；F213990 其他機械器具零售業（自動控制器材）,桃園市,變更,11506
12803476,大樹醫藥股份有限公司,桃園市桃園區復興路186號18樓,鄭明龍,1500532020,,115/06/15,改選董事/監察人(一人法人股東指派董事/監察人),F108021 西藥批發業；F208021 西藥零售業；F108031 醫療器材批發業；F208031 醫療器材零售業；F208050 乙類成藥零售業；F102170 食品什貨批發業；F203010 食品什貨、飲料零售業；F104110 布疋、衣著、鞋、帽、傘、服飾品批發業；F204110 布疋、衣著、鞋、帽、傘、服飾品零售業；F106020 日常用品批發業,桃園市,變更,11506
12828053,愛德萬互聯科技股份有限公司,桃園市蘆竹區內溪路47號,Timothy Louis McNulty,1176384650,,115/06/15,修正章程,CC01070 無線通信機械器材製造業；CC01080 電子零組件製造業；CC01120 資料儲存媒體製造及複製業；CC01101 電信管制射頻器材製造業；F401021 電信管制射頻器材輸入業；F113030 精密儀器批發業；F118010 資訊軟體批發業；F119010 電子材料批發業；F113050 電腦及事務性機器設備批發業；ZZ99999 除許可業務外，得經營法令非禁止或限制之業務,桃園市,變更,11506
12838263,東峻開發建設有限公司,桃園市桃園區莊敬里同德十一街37巷28之4號,許盈盈,1000000,,115/06/25,股東出資轉讓修正章程,ZZ99999 除許可業務外，得經營法令非禁止或限制之業務,桃園市,變更,11506
12839360,紅點工業股份有限公司,桃園市中壢區松柏路12號,吳靜蘭,20000000,,115/06/30,公司印鑑變更,CC01010 發電、輸電、配電機械製造業；CC01990 其他電機及電子機械器材製造業 (馬達交互運轉盤)；CC01080 電子零組件製造業；E603050 自動控制設備工程業；E604010 機械安裝業；F113010 機械批發業；F113020 電器批發業；F113030 精密儀器批發業；F113990 其他機械器具批發業 (機械自動控制箱.自動控制盤.馬達交互運轉盤.配電盤)；F401010 國際貿易業,桃園市,變更,11506
12844194,映岱企業有限公司,桃園市中壢區興平里元化路二段126之2號2樓,劉芸羽,3010000,,115/06/23,股東出資轉讓修正章程,F113050 電腦及事務性機器設備批發業；F213030 電腦及事務性機器設備零售業；F213080 機械器具零售業；F113030 精密儀器批發業；F213040 精密儀器零售業；F113010 機械批發業；E604010 機械安裝業；I501010 產品設計業；F401010 國際貿易業；F113110 電池批發業,桃園市,變更,11506
12862116,中台資源科技股份有限公司,桃園市觀音區大潭里環科路328號,鄭光傑,914880000,,115/06/04,修正章程,J101030 廢棄物清除業；J101040 廢棄物處理業；J101050 環境檢測服務業；J101070 放射性廢料處理服務業；JZ99050 仲介服務業；D301010 自來水經營業；F113100 污染防治設備批發業；F113030 精密儀器批發業；C901020 玻璃及玻璃製品製造業；CA01070 廢車船解體及廢鋼鐵五金處理業,桃園市,變更,11506
12887398,碩瑋精密股份有限公司,桃園市龜山區東舊路街118巷10號1樓,林成李,25000000,,115/06/23,改選董事/監察人(一人法人股東指派董事/監察人),C805030 塑膠日用品製造業；C805050 工業用塑膠製品製造業；CP01010 手工具製造業；CQ01010 模具製造業；F106030 模具批發業；F107020 染料、顏料批發業；F107140 塑膠原料批發業；F206010 五金零售業；F206030 模具零售業；F207140 塑膠原料零售業,桃園市,變更,11506
12911947,儀禮科技股份有限公司,桃園市中壢區培英路312號,黃筱婷,320000000,,115/06/18,增資(資本總額),C601020 紙製造業；C601030 紙容器製造業；F113020 電器批發業；F206060 祭祀用品零售業；F299990 其他零售業；JZ99151 殯葬禮儀服務業；F213060 電信器材零售業；F219010 電子材料零售業；F119010 電子材料批發業；F106010 五金批發業,桃園市,變更,11506
12914472,力創投資股份有限公司,桃園市桃園區民有五街90號2樓,孫福成,27000000,,115/06/25,改選董事/監察人(一人法人股東指派董事/監察人),H201010 一般投資業,桃園市,變更,11506
12916247,內壢鐘錶股份有限公司,桃園市中壢區中華路1段194號1樓,丁文志,8200000,,115/06/16,減資,F110010 鐘錶批發業；F210010 鐘錶零售業；JA02040 鐘錶修理業；F115010 首飾及貴金屬批發業；F215010 首飾及貴金屬零售業；F209010 書籍、文具零售業；F299990 其他零售業(打火機、煙具)；F401010 國際貿易業,桃園市,變更,11506
12917344,龍曄國際科技有限公司,桃園市蘆竹區上竹里祥賀街31號(1樓),張芬如,5000000,,115/06/25,股東出資轉讓修正章程,E605010 電腦設備安裝業；F113010 機械批發業；F401010 國際貿易業；I102010 投資顧問業；I301010 資訊軟體服務業；F109070 文教、樂器、育樂用品批發業；F119010 電子材料批發業；H703100 不動產租賃業；ZZ99999 除許可業務外，得經營法令非禁止或限制之業務,桃園市,變更,11506
12927477,華星光通科技股份有限公司,桃園市中壢區合江路6號,簡惠敏,1423592840,,115/06/16,可轉換公司債換發新股,CC01080 電子零組件製造業。；F119010 電子材料批發業。；F219010 電子材料零售業。；F401010 國際貿易業。；I501010 產品設計業。,桃園市,變更,11506
12936258,安大科技股份有限公司,桃園市楊梅區高獅路367號,趙麗珠,231660000,,115/06/17,改選董事/監察人(一人法人股東指派董事/監察人),CC01080 電子零組件製造業；CD01030 汽車及其零件製造業（限汽車零件製造業）；CD01040 機車及其零件製造業；CD01050 自行車及其零件製造業；CH01010 體育用品製造業；F109030 運動器材批發業；F114030 汽、機車零件配備批發業；F114040 自行車及其零件批發業；F119010 電子材料批發業；ZZ99999 除許可業務外，得經營法令非禁止或限制之業務,桃園市,變更,11506
12985341,捷天科技有限公司,桃園市平鎮區高雙里高民路80巷3號(1樓),賴盈勳,9000000,,115/06/18,公司所在地,E605010 電腦設備安裝業；I301020 資料處理服務業；I301030 電子資訊供應服務業；F113070 電信器材批發業；F118010 資訊軟體批發業；F401010 國際貿易業；F119010 電子材料批發業；E601020 電器安裝業；F104110 布疋、衣著、鞋、帽、傘、服飾品批發業；F105050 家具、寢具、廚房器具、裝設品批發業,桃園市,變更,11506
12988620,伍冠興業有限公司,桃園市觀音區保障里12鄰保障二路645號,鄧家祥,24000000,,115/06/17,股東出資轉讓修正章程,E603100 電焊工程業；E604010 機械安裝業；E903010 防蝕、防銹工程業；EZ02010 起重工程業；EZ99990 其他工程業；CA01050 鋼材二次加工業；CA02010 金屬結構及建築組件製造業；E801030 室內輕鋼架工程業；F401010 國際貿易業；I103060 管理顧問業,桃園市,變更,11506
12992639,鴻騏新技股份有限公司,桃園市蘆竹區福祿里五福一路32巷15號,黃俊榮,63000000,,115/06/05,改選董事/監察人(一人法人股東指派董事/監察人),CB01010 機械設備製造業；CC01120 資料儲存媒體製造及複製業；CC01110 電腦及其週邊設備製造業；CC01990 其他電機及電子機械器材製造業；E604010 機械安裝業；F113010 機械批發業；F113030 精密儀器批發業；F119010 電子材料批發業；F213040 精密儀器零售業；F219010 電子材料零售業,桃園市,變更,11506
13000192,事欣科技股份有限公司,桃園市中壢區領航南路三段188號15樓,廖文嘉,1237140730,,115/06/04,可轉換公司債換發新股,CC01060 有線通信機械器材製造業；CC01070 無線通信機械器材製造業；CC01080 電子零組件製造業；F401010 國際貿易業；F113020 電器批發業；F213010 電器零售業；F113070 電信器材批發業；F213060 電信器材零售業；CC01101 電信管制射頻器材製造業,桃園市,變更,11506
13002558,豐鼎工程有限公司,桃園市龜山區大同路1102號,張薰筠,4600000,,115/06/17,股東出資轉讓修正章程,F111090 建材批發業；E801010 室內裝潢業；E603040 消防安全設備安裝工程業；E599010 配管工程業；F113990 其他機械器具批發業；ZZ99999 除許可業務外，得經營法令非禁止或限制之業務；CO01010 餐具製造業；E801070 廚具、衛浴設備安裝工程業；E601020 電器安裝業；E601010 電器承裝業,桃園市,變更,11506
13060748,呈新科技股份有限公司,桃園市蘆竹區蘆竹里南工路98號,黃金龍,44000000,,115/06/12,董事/監察人持股變動報備,ZZ99999 除許可業務外，得經營法令非禁止或限制之業務,桃園市,變更,11506
13093945,宣茂科技股份有限公司,桃園市大溪區仁善里9鄰新光東路76巷55號,簡顯璋,82000000,,115/06/15,一般補正案,F119010 電子材料批發業；F113070 電信器材批發業；F118010 資訊軟體批發業；F113030 精密儀器批發業；F401010 國際貿易業；CC01080 電子零組件製造業；C805050 工業用塑膠製品製造業；CC01050 資料儲存及處理設備製造業；CE01030 光學儀器製造業；ZZ99999 除許可業務外，得經營法令非禁止或限制之業務,桃園市,變更,11506
16009816,安德力有限公司,桃園市平鎮區金陵里振平街282號1樓,吳孟潔,5000000,,115/06/04,修正章程,F106010 五金批發業；F108031 醫療器材批發業；F113010 機械批發業；F113030 精密儀器批發業；F113050 電腦及事務性機器設備批發業；F113070 電信器材批發業；F119010 電子材料批發業；F206010 五金零售業；F208031 醫療器材零售業；F213030 電腦及事務性機器設備零售業,桃園市,變更,11506
16010433,頂技工業有限公司,桃園市龜山區文工一路298巷112號,王鴻建,10000000,,115/06/24,公司所在地,,桃園市,變更,11506
16010932,祥鼎投資股份有限公司,桃園市觀音區中山路一段1171巷11弄22號（1樓）,陳杏雪,65000000,,115/06/26,一般補正案,H201010 一般投資業。,桃園市,變更,11506
16016226,鎰信自動化機械有限公司,桃園市八德區豐成街15號,郭信敬,29000000,,115/06/18,股東出資轉讓修正章程,,桃園市,變更,11506
16031887,金力誠汽車事業股份有限公司,桃園市楊梅區梅獅路二段916巷29號,邱奕鈞,92000000,,115/06/25,改派董事/監察人,C805050 工業用塑膠製品製造業；C804020 工業用橡膠製品製造業；CD01030 汽車及其零件製造業；CQ01010 模具製造業；F106010 五金批發業；F106030 模具批發業；F113010 機械批發業；F114030 汽、機車零件配備批發業；F206010 五金零售業；F206030 模具零售業,桃園市,變更,11506
16043407,寶虹電子股份有限公司,桃園市中壢區永光里民權路三段334巷52號,麥中光,100000000,,115/06/23,一般補正案,CB01010 機械設備製造業；CB01990 其他機械製造業；CC01010 發電、輸電、配電機械製造業；CC01030 電器及視聽電子產品製造業；CC01040 照明設備製造業；CC01060 有線通信機械器材製造業；CC01070 無線通信機械器材製造業；CC01080 電子零組件製造業；CC01090 電池製造業；CC01110 電腦及其週邊設備製造業,桃園市,變更,11506
16047240,福佑木業有限公司,桃園市楊梅區瑞坪里梅獅路2段616巷1號,陳武雄,2000000,,115/06/10,股東出資轉讓修正章程,A201010 造林業；A201030 特殊林木經營業；A202020 薪炭業；A202040 伐木業；C501010 製材業；C501030 合板製造業；C501040 組合木材製造業；C501990 其他木製品製造業；CC01010 發電、輸電、配電機械製造業；F111090 建材批發業,桃園市,變更,11506
16047419,慶源營造工程有限公司,桃園市平鎮區環南路184號5樓之1,江俊昇,100000000,,115/06/24,一般補正案,E101011 綜合營造業；ZZ99999 除許可業務外，得經營法令非禁止或限制之業務,桃園市,變更,11506
16050589,阜豪工程有限公司,桃園市中壢區內定里內定二十街185巷9號,陳杉字,2000000,,115/06/16,公司所營事業變更修正章程,E599010 配管工程業；E502010 燃料導管安裝工程業；F206010 五金零售業；E901010 油漆工程業；E603120 噴砂工程業；EZ03010 鎔爐安裝業；E604010 機械安裝業；EZ99990 其他工程業；E601020 電器安裝業；E603010 電纜安裝工程業,桃園市,變更,11506
16083358,中華科盛德光罩股份有限公司,桃園市八德區大湳里和平路1127之3號,二ノ宮照雄,2742387660,,115/06/10,改選董事/監察人(一人法人股東指派董事/監察人),CC01080 電子零組件製造業；CC01990 其他電機及電子機械器材製造業；F119010 電子材料批發業；F219010 電子材料零售業；I103060 管理顧問業；I102010 投資顧問業；F401010 國際貿易業；I599990 其他設計業；JZ99050 仲介服務業；J303010 雜誌（期刊）出版業,桃園市,變更,11506
16161781,阡貿股份有限公司,桃園市蘆竹區中興里興福街59號(1樓),郭展源,12600000,,115/06/12,申登機關變更（遷入，含卷）,F401010 國際貿易業；J101080 資源回收業；J101030 廢棄物清除業；J101040 廢棄物處理業；H703100 不動產租賃業；H701020 工業廠房開發租售業；H701010 住宅及大樓開發租售業；C805010 塑膠皮、布、板、管材製造業；C805020 塑膠膜、袋製造業；C805050 工業用塑膠製品製造業,桃園市,變更,11506
16177377,晟新企業股份有限公司,桃園市蘆竹區南青路1188號,葉奕廷,5000000,,115/06/05,改選董事/監察人(一人法人股東指派董事/監察人),F213010 電器零售業；H201010 一般投資業；F213030 電腦及事務性機器設備零售業；F401010 國際貿易業；F119010 電子材料批發業；F219010 電子材料零售業；F113070 電信器材批發業；F213060 電信器材零售業；ZZ99999 除許可業務外，得經營法令非禁止或限制之業務,桃園市,變更,11506
16199370,佳啟有限公司,桃園市桃園區龍安里文中路623之3號3樓,劉偉林,5000000,,115/06/10,股東出資轉讓修正章程,,桃園市,變更,11506
16226948,森業實業有限公司,桃園市龜山區忠義路二段260巷59號1樓,陳美緣,60000000,,115/06/12,修正章程,C805010 塑膠皮、布、板、管材製造業；CB01010 機械設備製造業；CC01040 照明設備製造業；E603050 自動控制設備工程業；E603090 照明設備安裝工程業；E605010 電腦設備安裝業；F113110 電池批發業；F119010 電子材料批發業；F213010 電器零售業；F213100 污染防治設備零售業,桃園市,變更,11506
16234089,均英精密工業股份有限公司,桃園市八德區大發里和平路704巷1號1樓,羅偉仁,181254600,,115/06/26,改選董事/監察人(一人法人股東指派董事/監察人),CB01010 機械設備製造業；CC01080 電子零組件製造業；CC01990 其他電機及電子機械器材製造業；CE01030 光學儀器製造業；CQ01010 模具製造業；CZ99990 未分類其他工業製品製造業；F106030 模具批發業；F113010 機械批發業；F113030 精密儀器批發業；F113990 其他機械器具批發業,桃園市,變更,11506
16236489,佳偉農產股份有限公司,桃園市桃園區泰山里中山路549號7樓,楊季唐,28000000,,115/06/08,改選董事/監察人(一人法人股東指派董事/監察人),H701010 住宅及大樓開發租售業；H701020 工業廠房開發租售業；H703090 不動產買賣業；H703100 不動產租賃業；I401010 一般廣告服務業；E801010 室內裝潢業；F111090 建材批發業；F401010 國際貿易業；EZ99990 其他工程業；H701040 特定專業區開發業,桃園市,變更,11506
16243897,鋐陽建設有限公司,桃園市中壢區水尾里華夏路22號,張仕廷,25000000,,115/06/04,修正章程,H701010 住宅及大樓開發租售業。；H701020 工業廠房開發租售業。；H701030 納骨塔開發租售業。；H701040 特定專業區開發業。；H701050 投資興建公共建設業。；H701060 新巿鎮、新社區開發業。；F106010 五金批發業。；F206010 五金零售業。；F113020 電器批發業。；F213010 電器零售業。,桃園市,變更,11506
16265651,洪國公寓大廈管理維護股份有限公司,桃園市桃園區中山路425巷3號4樓3之7號,趙大博,10000000,,115/06/29,改選董事/監察人(一人法人股東指派董事/監察人),I801011 公寓大廈管理服務業；J101010 建築物清潔服務業；ZZ99999 除許可業務外，得經營法令非禁止或限制之業務,桃園市,變更,11506
16294641,鴻震工業股份有限公司,桃園市中壢區榮民路447號,高瑜鴻,18000000,,115/06/18,董事/監察人持股變動報備,C804020 工業用橡膠製品製造業；C804990 其他橡膠製品製造業；C805030 塑膠日用品製造業；C805050 工業用塑膠製品製造業；C805070 強化塑膠製品製造業；C805990 其他塑膠製品製造業；CD01030 汽車及其零件製造業；CQ01010 模具製造業；F109070 文教、樂器、育樂用品批發業；F114030 汽、機車零件配備批發業,桃園市,變更,11506
16297247,國嶽有限公司,桃園市蘆竹區錦興里聯福街2巷55號(1樓),蔡振華,31000000,,115/06/03,增資,F111090 建材批發業；F211010 建材零售業；CA01050 鋼材二次加工業；C901060 耐火材料製造業；F120010 耐火材料批發業；F220010 耐火材料零售業；F106010 五金批發業；F206010 五金零售業；F401010 國際貿易業；ZZ99999 除許可業務外，得經營法令非禁止或限制之業務,桃園市,變更,11506
16317665,貝盟行銷股份有限公司,桃園市蘆竹區奉化路70之5號8樓,許美滋,5000000,,115/06/18,董事/監察人持股變動報備,F401010 國際貿易業。,桃園市,變更,11506
16357883,亞世弘有限公司,桃園市龍潭區高楊南路320巷13弄7號,許禎芳,10000000,,115/06/12,股東出資轉讓修正章程,CC01020 電線及電纜製造業。；CC01030 電器及視聽電子產品製造業。；CC01080 電子零組件製造業。；F401010 國際貿易業。；F106010 五金批發業。；F106030 模具批發業。,桃園市,變更,11506
16361009,哥德國際股份有限公司,桃園市八德區大福里天祥街102巷18號(1樓),王潤元,2000000,,115/06/04,改選董事/監察人(一人法人股東指派董事/監察人),F106010 五金批發業；F106020 日常用品批發業；F401010 國際貿易業,桃園市,變更,11506
16363920,世鑫環境工程有限公司,桃園市桃園區新埔六街77號14樓之3,張榮樹,10000000,,115/06/30,公司印鑑變更,,桃園市,變更,11506
16369924,普利斯堡文教事業股份有限公司,桃園市桃園區建國里吉林路22號7樓,蔡淑真,55000000,,115/06/04,增資(資本總額),ZZ99999 除許可業務外，得經營法令非禁止或限制之業務,桃園市,變更,11506
16370112,紘翔汽車有限公司,桃園市中壢區榮民南路65巷139號,羅世樞,1000000,,115/06/09,公司所在地,F114030 汽、機車零件配備批發業。；F214010 汽車零售業。；F214050 車胎零售業。；F214030 汽、機車零件配備零售業。；JA01010 汽車修理業。；JA01030 汽車服務輔助業。；JA02020 機車修理業。,桃園市,變更,11506
16372929,億銘科技股份有限公司,桃園市平鎮區平南里天津街233號,余健銘,20000000,,115/06/22,改選董事/監察人(一人法人股東指派董事/監察人),F401010 國際貿易業；E604010 機械安裝業；CB01010 機械設備製造業；CB01020 事務機器製造業；CB01030 污染防治設備製造業；F113010 機械批發業；F113050 電腦及事務性機器設備批發業；F213030 電腦及事務性機器設備零售業；ZZ99999 除許可業務外，得經營法令非禁止或限制之業務,桃園市,變更,11506
16391290,喜弘企業有限公司,桃園市桃園區大興西路1段166號16樓之2,李博膺,1000000,,115/06/04,公司所在地,F901010 油漆工程業。；E801010 室內裝潢業。；F107010 漆料、塗料批發業。；F207010 漆料、塗料零售業。；F211010 建材零售業。；F106010 五金批發業。；F206010 五金零售業。；F113010 機械批發業。；F213080 機械器具零售業。；F111070 金屬建材批發業。,桃園市,變更,11506
16395824,錦展實業股份有限公司,桃園市觀音區國光路6號,温錦輝,120500000,,115/06/05,增資(資本總額),C301010 紡紗業。；C302010 織布業。；C305010 印染整理業。；C306010 成衣業。；C802150 染料顏料製造業。；F104010 布疋批發業。；F107020 染料顏料批發業。；F401010 國際貿易業。；F401030 製造輸出業。；H703010 廠房出租業。,桃園市,變更,11506
16405554,成楊企業有限公司,桃園市龜山區龍壽里東萬壽路666號,高學仁,3200000,,115/06/18,一般補正案,CA02010 金屬結構及建築組件製造業；CA02080 金屬鍛造業；CB01010 機械設備製造業；CH01010 體育用品製造業；CH01030 文具製造業；ZZ99999 除許可業務外，得經營法令非禁止或限制之業務；F106010 五金批發業；F109070 文教、樂器、育樂用品批發業；F111090 建材批發業；F113010 機械批發業,桃園市,變更,11506
16409904,柚子花花股份有限公司,桃園市桃園區莊敬里中正路1270號1樓,邱慧玲,4000000,,115/06/09,董事/監察人持股變動報備,F501060 餐館業；F501990 其他餐飲業；F501030 飲料店業；F203010 食品什貨、飲料零售業；F102170 食品什貨批發業；C199030 即食餐食製造業；C104020 烘焙炊蒸食品製造業；I101090 食品顧問業；I103060 管理顧問業；I199990 其他顧問服務業,桃園市,變更,11506
16421843,貝爾國際驗證股份有限公司,桃園市桃園區中平路102號19樓之2,蔡重成,288800000,,115/06/22,董事/監察人持股變動報備,IZ09010 管理系統驗證業；J202010 產業育成業；ZZ99999 除許可業務外，得經營法令非禁止或限制之業務,桃園市,變更,11506
16422337,鑫東明瀚企業股份有限公司,桃園市平鎮區中豐路南勢二段二六二巷一六弄三一之四號五樓,,3000000,,115/06/17,解散,CQ01010 模具製造業。；F106030 模具批發業。；F206030 模具零售業。；F206010 五金零售業。；F106010 五金批發業。；CZ99990 未分類其他工業製品製造業（五金零件）,桃園市,變更,11506
16431363,尚茂電子材料股份有限公司,桃園市大園區濱海路二段208號,佐佐木Beji,174784500,,115/06/10,董事(常務董事.董事長)/監察人解任,,桃園市,變更,11506
16441448,美立堅科技股份有限公司,桃園市大溪區仁善里介壽路575號,黃紹翔,467649430,,115/06/10,修正章程,C805050 工業用塑膠製品製造業；CC01080 電子零組件製造業；CQ01010 模具製造業；CA01050 鋼材二次加工業；F401010 國際貿易業；CC01060 有線通信機械器材製造業；CC01070 無線通信機械器材製造業；F113070 電信器材批發業；F213060 電信器材零售業；CE01030 光學儀器製造業,桃園市,變更,11506
16485347,金裕芳食品有限公司,桃園市龍潭區九龍里五福街262巷391號,魏佩玲,6000000,,115/06/04,股東出資轉讓修正章程,C103050 罐頭、冷凍、脫水及醃漬食品製造業；F102170 食品什貨批發業；F203010 食品什貨、飲料零售業；F401010 國際貿易業；F101050 水產品批發業；F101990 其他農、畜、水產品批發業；G799990 其他運輸輔助業；IZ06010 理貨包裝業；F101040 家畜家禽批發業；C199990 未分類其他食品製造業,桃園市,變更,11506
16490427,傳欣科技股份有限公司,桃園市八德區介壽路一段982號（4樓）,紀志昌,10000000,,115/06/18,一般補正案,F401010 國際貿易業；ZZ99999 除許可業務外，得經營法令非禁止或限制之業務；F199990 其他批發業；F113020 電器批發業；F105050 家具、寢具、廚房器具、裝設品批發業；F399040 無店面零售業；F399990 其他綜合零售業；F205040 家具、寢具、廚房器具、裝設品零售業；F213010 電器零售業；F199010 回收物料批發業,桃園市,變更,11506
16492017,諭禮有限公司,桃園市中壢區環中東路241號4樓之7,陳中興,2500000,,115/06/23,公司印鑑變更,CB01010 機械設備製造業。；F113010 機械批發業。；F213080 機械器具零售業。；F401010 國際貿易業。,桃園市,變更,11506
16501199,光遠科技股份有限公司,桃園市龜山區樂善里文茂路88號(6樓),黃欽明,360541000,,115/06/22,補選董事(常務董事.董事長)/監察人,CE01030 光學儀器製造業；CC01040 照明設備製造業；F113030 精密儀器批發業；F213040 精密儀器零售業；CC01050 資料儲存及處理設備製造業；F113050 事務性機器設備批發業；F213030 事務性機器設備零售業；E605010 電腦設備安裝業；I301010 資訊軟體服務業；I301020 資訊處理服務業,桃園市,變更,11506
16501424,威揚投資有限公司,桃園市中壢區中央里元化路73號（2樓）,鄧竹浩,5000000,,115/06/12,股東出資轉讓修正章程,H201010 一般投資業,桃園市,變更,11506
16503984,富淼實業有限公司,桃園市大溪區仁美里4鄰新光東路61巷19弄30號,林新城,40000000,,115/06/29,增資,E303010 空氣污染防制工程業。；E599010 配管工程業。；E903010 防蝕、防銹工程業。；F401010 國際貿易業。,桃園市,變更,11506
16534579,華利全來科技股份有限公司,桃園市大園區中正東路三段6之0號,黃月卿,110000000,,115/06/15,一般補正案,CC01080 電子零組件製造業；F119010 電子材料批發業；C801990 其他化學材料製造業(環氧樹脂成型化合物，液態鍺半導體高分子聚合物)；F107990 其他化學製品批發業(環氧樹脂成型化合物，液態鍺半導體高分子聚合物)；F401010 國際貿易業；I501010 產品設計業；I199990 其他顧問服務業(液相層析，氣相層析之生化技術與製藥技術顧問)；IZ99990 其他工商服務業(積體電路測試、研發)；CA02010 金屬建築結構及組件製造業；CD01020 軌道車輛及其零件製造業,桃園市,變更,11506
16539110,昀詳工程有限公司,桃園市八德區興中里中山一路103號,齊金益,12000000,,115/06/17,公司所在地,CC01010 發電、輸電、配電機械製造業。；F113020 電器批發業。；F213010 電器零售業。；F106040 水器材料批發業。；F206040 水器材料零售業。；F701010 通信工程業。；F113070 電信器材批發業。；F213030 事務性機器設備零售業。；F117010 消防安全設備批發業。；F217010 消防安全設備零售業。,桃園市,變更,11506
16544752,楊鏡投資股份有限公司,桃園市蘆竹區榮安路10號,陳欣意,62000000,,115/06/25,補選董事(常務董事.董事長)/監察人,H201010 一般投資業,桃園市,變更,11506
16568212,士剛實業有限公司,桃園市大溪區康莊路3段80號,蘇月雲,5000000,,115/06/08,股東出資轉讓修正章程,F212011 加油站業。；F212990 其他石油製品燃料零售業（潤滑油）。；JA01030 汽車服務輔助業。；F214030 汽、機車零件配備零售業。,桃園市,變更,11506
16626022,利豐國際股份有限公司,桃園市桃園區文中里力行路521號(3樓),侯佑霖,10000000,,115/06/29,一般補正案,I701011 就業服務業。；I103010 企業經營管理顧問業。；F401010 國際貿易業。；F113010 機械批發業。；F114030 汽、機車零件配備批發業。；F113990 其他機械器具批發業（航空餐飲設備）。；F119010 電子材料批發業。；F104020 成衣批發業。；F104050 服飾品批發業。；F114010 汽車批發業。,桃園市,變更,11506
16632235,新綜工業股份有限公司,桃園市平鎮區工業五路7號,湯田克久,50000000,,115/06/26,董事/監察人持股變動報備,F108031 醫療器材批發業；F208031 醫療器材零售業；C801990 其他化學材料製造業；C802200 塗料、油漆、染料及顏料製造業；C802990 其他化學製品製造業；F107990 其他化學製品批發業；F207990 其他化學製品零售業；C802160 黏性膠帶製造業；F107190 塑膠膜、袋批發業；F107010 漆料、塗料批發業,桃園市,變更,11506
16636181,綠電再生股份有限公司,桃園市楊梅區頭湖里泰圳路313巷128號,陳正林,502552990,,115/06/15,修正章程,J101030 廢棄物清除業；J101040 廢棄物處理業；CA01070 廢車船解體及廢鋼鐵五金處理業；CB01030 污染防治設備製造業；F113100 污染防治設備批發業；F213100 污染防治設備零售業；F401010 國際貿易業；C805990 其他塑膠製品製造業；C901020 玻璃及玻璃製品製造業；CA01990 其他非鐵金屬基本工業,桃園市,變更,11506
16647244,憶之旅國際旅行社有限公司,桃園市中壢區信義里環中東路二段312巷1號5樓之1,黃春榮,10000000,,115/06/15,股東出資轉讓修正章程,J902011 旅行業（甲種）。,桃園市,變更,11506
16673501,森茂科技股份有限公司,桃園市中壢區文化里北園路31號,廖本添,241034100,,115/06/29,改選董事/監察人(一人法人股東指派董事/監察人),CC01080 電子零組件製造業；F113020 電器批發業；F119010 電子材料批發業；CA04010 表面處理業；CC01990 其他電機及電子機械器材製造業；ZZ99999 除許可業務外，得經營法令非禁止或限制之業務,桃園市,變更,11506
16682184,裕乘股份有限公司,桃園市觀音區大同里正大路58巷26號,朱永璟,22000000,,115/06/24,減少所營事業變更修正章程,F213010 電器零售業；F213060 電信器材零售業；F401010 國際貿易業；CB01010 機械設備製造業；ZZ99999 除許可業務外，得經營法令非禁止或限制之業務,桃園市,變更,11506
16712265,維澤科技股份有限公司,桃園市蘆竹區蘆竹里蘆興街49之3號,陳義進,30000000,,115/06/23,公司所在地,CC01080 電子零組件製造業；CC01050 資料儲存及處理設備製造業；C702010 製版業；C704010 排版業；F119010 電子材料批發業；F219010 電子材料零售業；F401010 國際貿易業；F401030 製造輸出業,桃園市,變更,11506
16749811,和康生物科技股份有限公司,桃園市龜山區科技一路88號,林詠翔,896981150,,115/06/04,改派董事/監察人,F108031 醫療器材批發業；F108011 中藥批發業；F108021 西藥批發業；F108040 化粧品批發業；IG01010 生物技術服務業；C802100 化粧品製造業；C801030 精密化學材料製造業；CF01011 醫療器材製造業；CE01030 光學儀器製造業；C802060 動物用藥製造業,桃園市,變更,11506
16782732,邦揚國際股份有限公司,桃園市桃園區經國一路86號14樓,何志昌,28000000,,115/06/11,一般補正案,F113010 機械批發業；F213080 機械器具零售業；F113020 電器批發業；F213010 電器零售業；F113030 精密儀器批發業；F213040 精密儀器零售業；F119010 電子材料批發業；F219010 電子材料零售業；F107990 其他化學製品批發業（印刷機械所使用之橡皮布清洗液、水槽液、版面清洗液等化學有機溶劑）；F207990 其他化學製品零售業（印刷機械所使用之橡皮布清洗液、水槽液、版面清洗液等化學有機溶劑）,桃園市,變更,11506
16791444,華亞園區管理顧問股份有限公司,桃園市龜山區文化里文化二路176號,林善志,1000000,,115/06/25,改選董事/監察人(一人法人股東指派董事/監察人),H701040 特定專業區開發業；I103010 企業經營管理顧問業；E201010 景觀工程業；E301010 水處理工程業；G202010 停車場經營業；J101010 住宅及建築清潔服務業；J101030 廢棄物清除業；J901020 一般旅館業；JA01020 汽車拖吊業；ZZ99999 除許可業務外，得經營法令非禁止或限制之業務,桃園市,變更,11506
16836218,廣明光電股份有限公司,桃園市龜山區華亞二路58之2號6樓,何世池,2783589100,,115/06/02,改選董事/監察人(一人法人股東指派董事/監察人),CC01030 電器及視聽電子產品製造業；CC01120 資料儲存媒體製造及複製業；CC01080 電子零組件製造業；CE01030 光學儀器製造業；F113050 電腦及事務性機器設備批發業；F118010 資訊軟體批發業；F119010 電子材料批發業；F401010 國際貿易業；CC01101 電信管制射頻器材製造業；F401021 電信管制射頻器材輸入業,桃園市,變更,11506
16860440,川寶科技股份有限公司,桃園市蘆竹區內厝里長興路三段277巷33號,張鴻明,542233520,,115/06/03,可轉換公司債換發新股,F113010 機械批發業；F213080 機械器具零售業；E604010 機械安裝業；CB01010 機械設備製造業；F401010 國際貿易業；I301010 資訊軟體服務業；JE01010 租賃業；C805050 工業用塑膠製品製造業；CC01080 電子零組件製造業；CD01060 航空器及其零件製造業,桃園市,變更,11506
16862496,博高隆實業有限公司,桃園市楊梅區瑞原里楊新路三段1巷331號,黃仲宏,5000000,,115/06/08,一般補正案,C801040 合成樹脂製造業。；C801050 塑膠原料製造業。；C802120 工業助劑製造業。；F107170 工業助劑批發業。；F207170 工業助劑零售業。；F107130 合成樹脂批發業。；F207130 合成樹脂零售業。；F107140 塑膠原料批發業。；F207140 塑膠原料零售業。；F113010 機械批發業。,桃園市,變更,11506
16874660,新三亞預拌混凝土廠股份有限公司,桃園市龍潭區高平里10鄰龍源路81號,陳易穰,60000000,,115/06/11,改選董事/監察人(一人法人股東指派董事/監察人),C901040 預拌混凝土製造業。；F111020 水泥、石灰及其製品批發業。,桃園市,變更,11506
16895341,玉城股份有限公司,桃園市大園區五權里五青路180巷59之15號,吳立昇,15000000,,115/06/03,董事/監察人持股變動報備,F113100 污染防治設備批發業。；F107140 塑膠原料批發業。；E301010 水處理工程業。；E303010 空氣污染防制工程業。；E509010 配管工程業。,桃園市,變更,11506
16907711,享玄環保工程有限公司,桃園市楊梅區四維里文化街248號2樓,傅妤欣,5000000,,115/06/30,改推董事/董事長,ZZ99999 除許可業務外，得經營法令非禁止或限制之業務；C501010 製材業；C501030 合板製造業；C501040 組合木材製造業；C501060 木質容器製造業；C501990 其他木製品製造業；F199010 回收物料批發業；F113010 機械批發業；F199990 其他批發業；F211010 建材零售業,桃園市,變更,11506
16909703,康輝投資股份有限公司,桃園市桃園區大興西路二段6號10樓之2,黃鈴茹,160000000,,115/06/17,增資(資本總額),H201010 一般投資業；H202010 創業投資業,桃園市,變更,11506
16967127,瑞中科技股份有限公司,桃園市八德區茄苳里聯明街23號,吳麗惠,12000000,,115/06/23,改選董事/監察人(一人法人股東指派董事/監察人),ZZ99999 除許可業務外，得經營法令非禁止或限制之業務,桃園市,變更,11506
16968271,台灣亨斯邁化學工業股份有限公司,桃園市觀音區樹林里工業三路19號,Kwek Beng Siong Mark,258520000,,115/06/08,改派董事/監察人,C801020 石油化工原料製造業。；C801050 塑膠原料製造業。；C801040 合成樹脂製造業。；F401010 國際貿易業。；F107020 染料、顏料批發業；F107990 其他化學製品批發業；F207020 染料、顏料零售業；F207990 其他化學製品零售業；ZZ99999 除許可業務外，得經營法令非禁止或限制之業務,桃園市,變更,11506
16976006,三揚開發科技有限公司,桃園市中壢區內定里中園路200之9號6樓,游美嫻,5000000,,115/06/24,一般補正案,E603040 消防安全設備安裝工程業；E603050 自動控制設備工程業；E701020 衛星電視ＫＵ頻道、Ｃ頻道器材安裝業；J502020 社區共同天線電視設備業；F113070 電信器材批發業；F213060 電信器材零售業；F117010 消防安全設備批發業；F217010 消防安全設備零售業；F113020 電器批發業；F213010 電器零售業,桃園市,變更,11506
16993476,東陞投資興業股份有限公司,桃園市蘆竹區海山路586號,林謂德,5100000,,115/06/09,停業副本,H201010 一般投資業,桃園市,變更,11506
19062201,嘉泰企業股份有限公司,桃園市平鎮區東勢里金陵路7段457號,鄭敦仁,105000000,,115/06/26,一般補正案,,桃園市,變更,11506
20520248,方達股份有限公司,桃園市蘆竹區南崁路265號7樓之1,陳翊豪,21000000,,115/06/05,公司所營事業變更修正章程,F106010 五金批發業；F113030 精密儀器批發業；F114070 航空器及其零件批發業；F401091 槍砲彈藥刀械輸出入業；E701020 衛星電視ＫＵ頻道、Ｃ頻道器材安裝業；F119010 電子材料批發業；JA02061 槍枝保養業；F113010 機械批發業；F113050 電腦及事務性機器設備批發業；F113070 電信器材批發業,桃園市,變更,11506
20806736,桃園航勤股份有限公司,桃園市大園區埔心里16鄰航勤北路15號,趙正宇,700000000,,115/06/15,董事/監察人證照變更,G602011 航空站地勤業客貨機行李、貨物、郵件之裝卸及運輸。機場作業之裝備之製造及銷售。航站作業各項設備及車輛之維護與修理。各航空公司委託代辦之航勤業務。倉儲勞務作業之承攬。；ZZ99999 除許可業務外，得經營法令非禁止或限制之業務,桃園市,變更,11506
20819325,名超企業股份有限公司,桃園市八德區大發里後庄街51號,羅遠瑋,375000000,,115/06/09,改選董事/監察人(一人法人股東指派董事/監察人),C805070 強化塑膠製品製造業；F101130 蔬果批發業；F201010 農產品零售業；F401010 國際貿易業；F102170 食品什貨批發業；F203010 食品什貨、飲料零售業；C805050 工業用塑膠製品製造業；C805990 其他塑膠製品製造業；E599010 配管工程業；CB01010 機械設備製造業,桃園市,變更,11506
20832896,連慶實業有限公司,桃園市龜山區文青路345號23樓之5,王麗芬,3000000,,115/06/03,申登機關變更（遷入，含卷）,,桃園市,變更,11506
21204867,台灣晶技股份有限公司,桃園市平鎮區工業六路4號,林萬興,3429929710,,115/06/22,修正章程,CB01010 機械設備製造業；CC01070 無線通信機械器材製造業；CC01080 電子零組件製造業；CC01110 電腦及其週邊設備製造業；CE01010 一般儀器製造業；CE01030 光學儀器製造業；F401010 國際貿易業；I301010 資訊軟體服務業；ZZ99999 除許可業務外，得經營法令非禁止或限制之業務,桃園市,變更,11506
22050165,威得客國際股份有限公司,桃園市龜山區文化里華亞一路50號,林金龍,45000000,,115/06/29,一般補正案,,桃園市,變更,11506
22102699,亞智科技股份有限公司,桃園市中壢區永福里中園路168-1號4樓,林育業,928685670,,115/06/12,一般補正案,CB01010 機械設備製造業。；E603050 自動控制設備工程業。；CE01030 光學儀器製造業。；F219010 電子材料零售業。；CC01080 電子零組件製造業。；CA04010 表面處理業。；CC01101 電信管制射頻器材製造業。；E701030 電信管制射頻器材裝設工程業。；F401021 電信管制射頻器材輸入業。；F113070 電信器材批發業。,桃園市,變更,11506
22124173,傑章工業股份有限公司,桃園市楊梅區上田里和平路180巷138號,張賢章,5000000,,115/06/25,申登機關變更（遷入，含卷）,J101030 廢棄物清除業。；J101040 廢棄物處理業。上項有關業務之進出口貿易業務。,桃園市,變更,11506
22133530,迅德興業股份有限公司,桃園市龜山區民生北路一段38之1號,陳嘉雄,466007120,,115/06/04,修正章程,CB01010 機械設備製造業；CB01990 其他機械製造業；CC01010 發電、輸電、配電機械製造業；CC01080 電子零組件製造業；CC01990 其他電機及電子機械器材製造業；CQ01010 模具製造業；F401010 國際貿易業；ZZ99999 除許可業務外，得經營法令非禁止或限制之業務,桃園市,變更,11506
22201305,鈺銓電子股份有限公司,桃園市龜山區民生北路一段54巷19之2號(2樓),吳家坤,15000000,,115/06/04,一般補正案,CC01080 電子零組件製造業；CC01040 照明設備製造業；CZ99990 未分類其他工業製品製造業；CC01110 電腦及其週邊設備製造業；CC01030 電器及視聽電子產品製造業；CC01060 有線通信機械器材製造業；CC01070 無線通信機械器材製造業；CC01120 資料儲存媒體製造及複製業；CD01030 汽車及其零件製造業；CE01010 一般儀器製造業,桃園市,變更,11506
22227608,鑫聖實業有限公司,桃園市中壢區中正路4段286巷151號,黃鶴仁,60000000,,115/06/16,股東出資轉讓修正章程,,桃園市,變更,11506
22268620,森進營造股份有限公司,桃園市桃園區中寧里大興西路二段6號20樓之2,徐淑芬,200000000,,115/06/05,改選董事/監察人(一人法人股東指派董事/監察人),E101011 綜合營造業；E801010 室內裝潢業；H701010 住宅及大樓開發租售業；H701050 投資興建公共建設業；H701060 新市鎮、新社區開發業；H701070 區段徵收及市地重劃代辦業；I503010 景觀、室內設計業；ZZ99999 除許可業務外，得經營法令非禁止或限制之業務,桃園市,變更,11506
22273644,六俊電機儀具股份有限公司,桃園市中壢區文化里吉林路27-2號2樓,賴介村,627000000,,115/06/05,發行新股,CB01010 機械設備製造業；CB01990 其他機械製造業；CC01010 發電、輸電、配電機械製造業；CC01030 電器及視聽電子產品製造業；CC01060 有線通信機械器材製造業；CC01080 電子零組件製造業；CC01990 其他電機及電子機械器材製造業；CD01010 船舶及其零件製造業；CD01020 軌道車輛及其零件製造業；CD01030 汽車及其零件製造業,桃園市,變更,11506
22274101,值達鋼模股份有限公司,桃園市龜山區東舊路街118巷10號3樓,林銘智,20000000,,115/06/16,改選董事/監察人(一人法人股東指派董事/監察人),,桃園市,變更,11506
22286129,行特精密企業股份有限公司,桃園市平鎮區平鎮里5鄰新光路三段安居巷11號,林雅婷,102000000,,115/06/23,董事/監察人持股變動報備,CB01010 機械設備製造業；CQ01010 模具製造業有關前項之進出口貿易業務。,桃園市,變更,11506
22298080,政新金屬工業股份有限公司,桃園市八德區華康街207巷22弄37號,鄭世光,10000000,,115/06/16,改選董事/監察人(一人法人股東指派董事/監察人),,桃園市,變更,11506
22306130,鈞寶電子工業股份有限公司,桃園市平鎮區南豐路269號,楊正利,880239880,,115/06/08,修正章程,CC01080 電子零組件製造業；CA02990 其他金屬製品製造業；ZZ99999 除許可業務外，得經營法令非禁止或限制之業務,桃園市,變更,11506
22306429,泉昇金屬工業有限公司,桃園市平鎮區北貴里關爺東路19之3號,李雲珠,2000000,,115/06/05,股東出資轉讓修正章程,,桃園市,變更,11506
22318641,台灣松下電材股份有限公司,桃園市大溪區信義路228號,陳建宏,250000000,,115/06/17,改選董事/監察人(一人法人股東指派董事/監察人),CC01990 其他電機及電子機械器材製造業；CQ01010 模具製造業；CC01040 照明設備製造業；F401010 國際貿易業；CC01070 無線通信機械器材製造業；F113070 電信器材批發業；F213060 電信器材零售業；C805990 其他塑膠製品製造業；CC01030 電器及視聽電子產品製造業；ZZ99999 除許可業務外，得經營法令非禁止或限制之業務,桃園市,變更,11506
22407910,上博工業股份有限公司,桃園市新屋區中興路581巷76號,張群康,28000000,,115/06/17,公司所營事業變更修正章程,CQ01010 模具製造業；CA02010 金屬結構及建築組件製造業；CA02030 螺絲、螺帽、螺絲釘、及鉚釘等製品製造業；CA02040 彈簧製造業；CA02090 金屬線製品製造業；CA02990 其他金屬製品製造業；CD01030 汽車及其零件製造業；CD01040 機車及其零件製造業；CD01050 自行車及其零件製造業；F401010 國際貿易業,桃園市,變更,11506
22415854,健策精密工業股份有限公司,桃園市龜山區文化里19鄰科技一路40號,趙宗信,1467328030,,115/06/16,修正章程,CQ01010 模具製造業；F106010 五金批發業；CC01030 電器及視聽電子產品製造業；F119010 電子材料批發業；CB01010 機械設備製造業；CB01990 其他機械製造業；CC01110 電腦及其週邊設備製造業；CC01080 電子零組件製造業。；C805050 工業用塑膠製品製造業；CA02080 金屬鍛造業,桃園市,變更,11506
22625269,台灣蠟品股份有限公司,桃園市大園區中山南路二段610號3樓,陳霆瑞,926713000,,115/06/09,補繳規費,C802990 其他化學製品製造業；C803990 其他石油及煤製品製造業；F401010 國際貿易業；ZZ99999 除許可業務外，得經營法令非禁止或限制之業務；CH01040 玩具製造業；F109070 文教、樂器、育樂用品批發業；F209060 文教、樂器、育樂用品零售業；I501010 產品設計業；J601010 藝文服務業；G801010 倉儲業,桃園市,變更,11506
22657108,統盟電子股份有限公司,桃園市平鎮區湧豐里工業二路12號,李明熹,3948319330,,115/06/18,補繳規費,CC01080 電子零組件製造業；F219010 電子材料零售業；F401010 國際貿易業；ZZ99999 除許可業務外，得經營法令非禁止或限制之業務,桃園市,變更,11506
22662019,台灣不二工機股份有限公司,桃園市蘆竹區內厝里長興路3段20號,平川浩二,103278160,,115/06/26,改派董事/監察人,,桃園市,變更,11506
22706353,宥任企業有限公司,桃園市龜山區樂善里文明三街3之1號1樓,林金魚,8000000,,115/06/05,增資,CB01010 機械設備製造業；F113010 機械批發業；CQ01010 模具製造業,桃園市,變更,11506
22737861,臂力人有限公司,桃園市平鎮區復旦里12鄰廣德街179號4樓,林莨傑,5000000,,115/06/26,改推董事/董事長,,桃園市,變更,11506
22774892,詠昇電子股份有限公司,桃園市中壢區中福路2段10巷2號,張祐銘,345220000,,115/06/24,修正章程,CC01020 電線及電纜製造業；CC01030 電器及視聽電子產品製造業；CC01060 有線通信機械器材製造業；CC01070 無線通信機械器材製造業；CC01080 電子零組件製造業；CC01100 電信管制射頻器材製造業；CC01110 電腦及其週邊設備製造業；CC01990 其他電機及電子機械器材製造業；CD01030 汽車及其零件製造業；CD01060 航空器及其零件製造業,桃園市,變更,11506
22782485,三五機械工程有限公司,桃園市楊梅區仁美里永美路10之3號（1樓）,莊盛火,10000000,,115/06/15,公司所在地,,桃園市,變更,11506
22786551,營暢企業股份有限公司,桃園市楊梅區高青路22巷13號,李忠,80000000,,115/06/23,董事/監察人持股變動報備,,桃園市,變更,11506
22795382,桃金鋼鐵有限公司,桃園市中壢區內定里合圳北路二段633號,洪士顓,15000000,,115/06/23,股東出資轉讓修正章程,CA01050 鋼材二次加工業。；CA02010 金屬建築結構及組件製造業。,桃園市,變更,11506
22807325,順崙有限公司,桃園市桃園區慈文路314之1號,陳玉芬,5000000,,115/06/11,公司所在地,G101041 小客車租賃業；JE01010 租賃業；IZ12010 人力派遣業；F214010 汽車零售業；F214020 機車零售業；F401010 國際貿易業；ZZ99999 除許可業務外，得經營法令非禁止或限制之業務,桃園市,變更,11506
22929930,天暉企業有限公司,桃園市桃園區春日路1811號,林瑞琪,3000000,,115/06/29,股東出資轉讓修正章程,,桃園市,變更,11506
22948084,佳穎精密企業股份有限公司,桃園市大園區和平西路2段110號,林坡圳,749484020,,115/06/23,補繳規費,CA02990 其他金屬製品製造業；CA04010 表面處理業；CC01080 電子零組件製造業；CQ01010 模具製造業；F106010 五金批發業；F119010 電子材料批發業；F401010 國際貿易業；H701010 住宅及大樓開發租售業；H703090 不動產買賣業；H703100 不動產租賃業,桃園市,變更,11506
22957528,東方育樂事業股份有限公司,桃園市龜山區東方球場路100號,潘方仁,2014656000,,115/06/15,改派董事/監察人,A101020 農作物栽培業；A101050 花卉栽培業；A102020 農產品整理業；A102050 作物栽培服務業；A102080 園藝服務業；A201040 森林遊樂區經營業；C103050 罐頭、冷凍、脫水及醃漬食品製造業；C110010 飲料製造業；CG01010 珠寶及貴金屬製品製造業；F101100 花卉批發業,桃園市,變更,11506
22967693,日聖工業有限公司,桃園市楊梅區大模街65號4樓,范秀珍,2000000,,115/06/29,股東出資轉讓修正章程,E603050 自動控制設備工程業；E604010 機械安裝業；E605010 電腦設備安裝業；C111010 製茶業；C802100 化粧品製造業；C804020 工業用橡膠製品製造業；CA02010 金屬結構及建築組件製造業；CB01010 機械設備製造業；CB01030 污染防治設備製造業；CC01010 發電、輸電、配電機械製造業,桃園市,變更,11506
22993144,定穎電子股份有限公司,桃園市蘆竹區南崁里民權路50號6樓,黃銘宏,5198543510,,115/06/09,發行新股,CC01080 電子零組件製造業；F119010 電子材料批發業；F401010 國際貿易業；ZZ99999 除許可業務外，得經營法令非禁止或限制之業務,桃園市,變更,11506
22994919,易發精機股份有限公司,桃園市中壢區自強四路3之2號2樓,羅文進,508252520,,115/06/03,可轉換公司債換發新股,CB01010 機械設備製造業；CB01020 事務機器製造業；CB01990 其他機械製造業；CC01070 無線通信機械器材製造業；CC01080 電子零組件製造業；CC01090 電池製造業；CC01010 發電、輸電、配電機械製造業；CC01110 電腦及其週邊設備製造業；CE01010 一般儀器製造業；CE01030 光學儀器製造業,桃園市,變更,11506
22996352,弘名家具實業有限公司,桃園市中壢區五權里志廣路279號,姚家源,1000000,,115/06/02,股東出資轉讓修正章程,,桃園市,變更,11506
23072075,盛江流通股份有限公司,桃園市桃園區敬二街40號,許復,55000000,,115/06/16,改選董事/監察人(一人法人股東指派董事/監察人),C803990 其他石油及煤製品製造業；C804010 輪胎製造業；CC01090 電池製造業；CD01030 汽車及其零件製造業；CD01040 機車及其零件製造業；F112040 石油製品批發業；F113020 電器批發業；F114010 汽車批發業；F114030 汽、機車零件配備批發業；F212050 石油製品零售業,桃園市,變更,11506
23134591,嘉新旅行社股份有限公司,桃園市桃園區三民路三段170號,李秀玲,10000000,,115/06/01,改選董事/監察人(一人法人股東指派董事/監察人),,桃園市,變更,11506
23138132,成宇工業股份有限公司,桃園市蘆竹區長興里南崁路二段228巷58號,陳文昌,174504000,,115/06/29,一般補正案,C805050 工業用塑膠製品製造業；C805070 強化塑膠製品製造業；CB01010 機械設備製造業；CB01020 事務機器製造業；CD01030 汽車及其零件製造業；CD01040 機車及其零件製造業；CD01050 自行車及其零件製造業；CE01010 一般儀器製造業；CQ01010 模具製造業；F106010 五金批發業,桃園市,變更,11506
23176867,忠賢電機有限公司,桃園市蘆竹區中興里興福街39號(2樓),呂忠政,1000000,,115/06/12,公司所在地,CC01010 發電、輸電、配電機械製造業；CC01990 其他電機及電子機械器材製造業；CB01990 其他機械製造業；F113010 機械批發業；F213080 機械器具零售業；F113050 電腦及事務性機器設備批發業；F118010 資訊軟體批發業；F213030 電腦及事務性機器設備零售業；I301010 資訊軟體服務業；F401010 國際貿易業,桃園市,變更,11506
23181502,航耀國際物流有限公司,桃園市大園區三石里三和路三巷20號(1樓),蘇鄭桂美,8000000,,115/06/02,股東出資轉讓修正章程,F401010 國際貿易業；IZ99990 其他工商服務業；IZ06010 理貨包裝業；G601011 航空貨運承攬業；ZZ99999 除許可業務外，得經營法令非禁止或限制之業務,桃園市,變更,11506
23185057,安重企業有限公司,桃園市中壢區普忠里普忠路211巷7弄6號,葉佳智,5000000,,115/06/18,股東出資轉讓修正章程,CC01080 電子零組件製造業。；F119010 電子材料批發業。,桃園市,變更,11506
23186529,聯懿金屬股份有限公司,桃園市中壢區青峰路一段41號3樓,張鴻聯,160000000,,115/06/24,董事/監察人持股變動報備,CA02010 金屬結構及建築組件製造業；E103081 帷幕牆工程專業營造業；CA02080 金屬鍛造業；E801020 門窗安裝工程業；E801040 玻璃安裝工程業；F111090 建材批發業；F211010 建材零售業；E599010 配管工程業；E601010 電器承裝業；E601020 電器安裝業,桃園市,變更,11506
23194921,三業股份有限公司,桃園市桃園區中山里中平路102號5樓之2,楊明財,10000000,,115/06/08,改選董事/監察人(一人法人股東指派董事/監察人),F108031 醫療器材批發業；F113030 精密儀器批發業；F401010 國際貿易業；ZZ99999 除許可業務外，得經營法令非禁止或限制之業務；CF01011 醫療器材製造業,桃園市,變更,11506
23225229,長榮航空股份有限公司,桃園市蘆竹區新南路1段376號,林寶水,54004443350,,115/06/29,改選董事/監察人(一人法人股東指派董事/監察人),G501011 民用航空運輸業；G502011 普通航空業；F108031 醫療器材批發業；F208031 醫療器材零售業；ZZ99999 除許可業務外，得經營法令非禁止或限制之業務,桃園市,變更,11506
23230525,金興精密工業股份有限公司,桃園市平鎮區湧豐里工業一路3號,施春景,646800000,,115/06/22,修正章程,CD01030 汽車及其零件製造業；CD01040 機車及其零件製造業；CD01050 自行車及其零件製造業；CA02060 金屬容器製造業；CC01030 電器及視聽電子產品製造業；CC01080 電子零組件製造業；F401010 國際貿易業；ZZ99999 除許可業務外，得經營法令非禁止或限制之業務,桃園市,變更,11506
23259085,常宏保麗龍有限公司,桃園市平鎮區新貴里中豐路一段40號,吳進生,44500000,,115/06/23,增資,C601020 紙製造業；H701010 住宅及大樓開發租售業；H701020 工業廠房開發租售業；H703090 不動產買賣業；H703100 不動產租賃業；ZZ99999 除許可業務外，得經營法令非禁止或限制之業務；C601030 紙容器製造業；C601040 加工紙製造業；C601990 其他紙製品製造業；C801100 合成樹脂及塑膠製造業,桃園市,變更,11506
23383388,坤典企業有限公司,桃園市楊梅區三元街164號5樓,倪秀蘭,5000000,,115/06/26,申登機關變更（遷入，含卷）,F107190 塑膠膜、袋批發業；F106010 五金批發業；F113010 機械批發業；F113990 其他機械器具批發業；F119010 電子材料批發業；F401010 國際貿易業；ZZ99999 除許可業務外，得經營法令非禁止或限制之業務；J101010 建築物清潔服務業；E603100 電焊工程業；E801010 室內裝潢業,桃園市,變更,11506
23474227,石橋證券股份有限公司,桃園市平鎮區環南路二段16號,陳正曜,202000000,,115/06/03,董事(常務董事.董事長)/監察人解任,H301011 證券商,桃園市,變更,11506
23479790,三代營造有限公司,桃園市中壢區中建里延平路500號12樓之1,黃麗芳,46000000,,115/06/17,申登機關變更（遷入，含卷）,E101011 綜合營造業；H701010 住宅及大樓開發租售業；ZZ99999 除許可業務外，得經營法令非禁止或限制之業務,桃園市,變更,11506
23492169,華懋科技股份有限公司,桃園市中壢區中山路88號17樓,鄭石治,421080000,,115/06/02,一般補正案,E602011 冷凍空調工程業；CA02010 金屬結構及建築組件製造業；CB01010 機械設備製造業；CB01030 污染防治設備製造業；CB01990 其他機械製造業；CC01010 發電、輸電、配電機械製造業；CE01010 一般儀器製造業；D401010 熱能供應業；F107990 其他化學製品批發業；F113030 精密儀器批發業,桃園市,變更,11506
23494498,騏穩企業有限公司,桃園市楊梅區金溪里三民路二段108號,洪琬婷,5000000,,115/06/29,改推董事/董事長,F199010 回收物料批發業；F401010 國際貿易業；J101080 資源回收業；C301010 紡紗業；C302010 織布業；C399990 其他紡織及製品製造業；F104110 布疋、衣著、鞋、帽、傘、服飾品批發業；ZZ99999 除許可業務外，得經營法令非禁止或限制之業務；F106010 五金批發業；J101030 廢棄物清除業,桃園市,變更,11506
23495193,桃鼎營造工程有限公司,桃園市桃園區三民里三民路一段42巷2之5號,李汪根,29800000,,115/06/01,減資,E101011 綜合營造業；H701010 住宅及大樓開發租售業；H701090 都市更新整建維護業；H703090 不動產買賣業；H703100 不動產租賃業；B601010 土石採取業；J101030 廢棄物清除業；J101040 廢棄物處理業；G202010 停車場經營業；I401010 一般廣告服務業,桃園市,變更,11506
23509611,昶昕實業股份有限公司,桃園市大園區北港里大工路19號,陳國金,699430000,,115/06/02,改選董事/監察人(一人法人股東指派董事/監察人),C801010 基本化學工業；F107200 化學原料批發業；F207200 化學原料零售業；CB01010 機械設備製造業；CE01010 一般儀器製造業；CC01080 電子零組件製造業；CB01030 污染防治設備製造業；C802120 工業助劑製造業；F113010 機械批發業；F113030 精密儀器批發業,桃園市,變更,11506
23512664,漢威保全股份有限公司,桃園市桃園區汴洲里經國一路67號9樓,吳承勲,80000000,,115/06/12,董事/監察人持股變動報備,I901011 保全業,桃園市,變更,11506
23512799,圓通電信工程股份有限公司,桃園市八德區桃鶯路宏福巷53之1號4樓,林朝欽,35500000,,115/06/24,改選董事/監察人(一人法人股東指派董事/監察人),F113020 電器批發業；F106010 五金批發業；F113070 電信器材批發業；F113110 電池批發業；F111090 建材批發業；F213010 電器零售業；F213060 電信器材零售業；F213110 電池零售業；F206010 五金零售業；F211010 建材零售業,桃園市,變更,11506
23535435,欣興電子股份有限公司,桃園市龜山區山鶯路179號,簡山傑,15888729560,,115/06/11,改選董事/監察人(一人法人股東指派董事/監察人),A101020 農作物栽培業；A101030 特用作物栽培業；A101040 食用菌菇類栽培業；A102050 作物栽培服務業；CC01080 電子零組件製造業；CB01010 機械設備製造業；CE01010 一般儀器製造業；CQ01010 模具製造業；CC01110 電腦及其週邊設備製造業；CC01990 其他電機及電子機械器材製造業,桃園市,變更,11506
23554474,晟世企業有限公司,桃園市龜山區文學路35號12樓,蔡承芳,5000000,,115/06/15,一般補正案,CC01010 發電、輸電、配電機械製造業；IZ12010 人力派遣業；F102170 食品什貨批發業；F104110 布疋、衣著、鞋、帽、傘、服飾品批發業；F106020 日常用品批發業；F107030 清潔用品批發業；F108040 化粧品批發業；F109070 文教、樂器、育樂用品批發業；F115010 首飾及貴金屬批發業；F199990 其他批發業,桃園市,變更,11506
23603284,瑞智精密股份有限公司,桃園市觀音區成功路二段943號,陳盛沺,4948951050,,115/06/26,改選董事/監察人(一人法人股東指派董事/監察人),CB01990 其他機械製造業；CC01010 發電、輸電、配電機械製造業；CC01030 電器及視聽電子產品製造業；E601020 電器安裝業；E603050 自動控制設備工程業；E801070 廚具、衛浴設備安裝工程業；F113020 電器批發業；IG03010 能源技術服務業；ZZ99999 除許可業務外，得經營法令非禁止或限制之業務,桃園市,變更,11506
23648487,照敏企業股份有限公司,桃園市龜山區南美街108號,黃瑞興,180000000,,115/06/16,增資(資本總額),CC01080 電子零組件製造業；F118010 資訊軟體批發業；F119010 電子材料批發業；I301010 資訊軟體服務業；F401010 國際貿易業；F113010 機械批發業；F113020 電器批發業；F113050 事務性機器設備批發業；IZ10010 排版業；ZZ99999 除許可業務外，得經營法令非禁止或限制之業務,桃園市,變更,11506
23659596,江山旅行社有限公司,桃園市大園區大興路101號5樓,陳翠英,10000000,,115/06/23,申登機關變更（遷入，含卷）,J902011 旅行業,桃園市,變更,11506
23693285,皓騰工業股份有限公司,桃園市八德區瑞泰里瑞源一街47號,呂玉玲,10000000,,115/06/23,改選董事/監察人(一人法人股東指派董事/監察人),,桃園市,變更,11506
23723909,駿瀚生化股份有限公司,桃園市新屋區永安里永福路600號,謝孟璋,431518500,,115/06/03,一般補正案,F121010 食品添加物批發業；F107200 化學原料批發業；C801010 基本化學工業；F401010 國際貿易業；F107990 其他化學製品批發業；C199990 未分類其他食品製造業；C802990 其他化學製品製造業；I103060 管理顧問業；I199990 其他顧問服務業；J101080 資源回收業,桃園市,變更,11506
23819025,志和電機有限公司,桃園市龍潭區富林里民生路208號,張銳宏,1000000,,115/06/15,公司所營事業變更修正章程,F213080 機械器具零售業；F206010 五金零售業；F219010 電子材料零售業；E604010 機械安裝業；JA02010 電器及電子產品修理業；IZ12010 人力派遣業,桃園市,變更,11506
23849549,晶禾保全股份有限公司,桃園市觀音區廣興里中山路1段269號,徐永興,40000000,,115/06/18,改選董事/監察人(一人法人股東指派董事/監察人),,桃園市,變更,11506
23866949,宣德科技股份有限公司,桃園市龜山區民生北路一段568號,蔡鎮隆,1964288000,,115/06/10,其他減資,CC01020 電線及電纜製造業(限中華民國行業標準分類2831電線及電纜製造業)。；CC01060 有線通信機械器材製造業(限中華民國行業標準分類2721電話及手機製造業及2729其他通訊傳播設備製造業)。；CQ01010 模具製造業(限中華民國行業標準分類2512金模具製造業)。；CC01080 電子零組件製造業(限中華民國行業標準分類2699未分類其他電子零組件製造業)。；CA01130 銅材軋延、伸線、擠型業(限中華民國行業標準分類2433銅材軋延、擠型、伸線業)。；CA02010 金屬結構及建築組件製造業(限中華民國行業標準分類2521金屬結構製造業及2522金屬建築組件製造業)。；C804020 工業用橡膠製品製造業(限中華民國行業標準分類2102工業用橡膠製品製造業)。；C805050 工業用塑膠製品製造業(限中華民國行業標準分類2203工業用塑膠製品製造業)。；I501010 產品設計業(限中華民國行業標準分類7402工業設計業中之特製品之設計服務及7409其他專門設計服務業中之特製品之設計服務)。；F119010 電子材料批發業(限中華民國行業標準分類4642電子設備及其零組件批發業)。,桃園市,變更,11506
23911326,寶結企業有限公司,桃園市桃園區大興西路二段6號14樓之3,謝志帆,29800000,,115/06/12,一般補正案,F104110 布疋、衣著、鞋、帽、傘、服飾品批發業；F401010 國際貿易業；C302010 織布業；ZZ99999 除許可業務外，得經營法令非禁止或限制之業務,桃園市,變更,11506
23968777,台灣艾特斯工程股份有限公司,桃園市龍潭區九龍里中興路九龍段129巷175弄15號,章文仁,35000000,,115/06/08,增資(資本總額),CB01030 污染防治設備製造業；E599010 配管工程業；CB01010 機械設備製造業；E604010 機械安裝業；EZ05010 儀器、儀表安裝工程業；C801100 合成樹脂及塑膠製造業；C805070 強化塑膠製品製造業；F401010 國際貿易業；ZZ99999 除許可業務外，得經營法令非禁止或限制之業務,桃園市,變更,11506
24017311,中光橡膠工業股份有限公司,桃園市平鎮區新安里太平東路7號,方強,261004000,,115/06/03,改選董事/監察人(一人法人股東指派董事/監察人),ZZ99999 除許可業務外，得經營法令非禁止或限制之業務。,桃園市,變更,11506
24202060,歐帝仕精密工業有限公司,桃園市大園區田心里中園街13號11樓,駱榮龍,10000000,,115/06/17,公司所營事業變更修正章程,F119010 電子材料批發業；CC01040 照明設備製造業；F113050 電腦及事務性機器設備批發業；F113010 機械批發業；F106030 模具批發業；CA02010 金屬結構及建築組件製造業；CC01010 發電、輸電、配電機械製造業；E601010 電器承裝業；E603040 消防安全設備安裝工程業；F106040 水器材料批發業,桃園市,變更,11506
24204335,翰林國際廣告有限公司,桃園市平鎮區高雙里高雙路199號(1樓),施麗菊,1000000,,115/06/22,股東出資轉讓修正章程,I401010 一般廣告服務業；I401020 廣告傳單分送業；IZ12010 人力派遣業；JE01010 租賃業；JZ99050 仲介服務業；I503010 景觀、室內設計業；H703090 不動產買賣業；H703100 不動產租賃業；E801010 室內裝潢業；ZZ99999 除許可業務外，得經營法令非禁止或限制之業務,桃園市,變更,11506
24208022,維納思國際貿易有限公司,桃園市桃園區春日路1119號11樓之3,徐秀貞,10000000,,115/06/22,一般補正案,F111090 建材批發業；F115020 礦石批發業；F120010 耐火材料批發業；F401010 國際貿易業；C901070 石材製品製造業；CA02010 金屬結構及建築組件製造業；CA02990 其他金屬製品製造業；E801010 室內裝潢業；EZ99990 其他工程業；F105050 家具、寢具、廚房器具、裝設品批發業,桃園市,變更,11506
24236028,諦一科技有限公司,桃園市龍潭區渴望路185號3樓之2,徐淑滿,28800000,,115/06/29,股東出資轉讓修正章程,F113050 電腦及事務性機器設備批發業；F113020 電器批發業；F119010 電子材料批發業；F113070 電信器材批發業；F113030 精密儀器批發業；F116010 照相器材批發業；F113010 機械批發業；F399040 無店面零售業；F401010 國際貿易業；ZZ99999 除許可業務外，得經營法令非禁止或限制之業務,桃園市,變更,11506
24250098,葳鋼興業有限公司,桃園市龜山區復興一路146巷1號5樓,卓曼晴,168800000,,115/06/22,股東出資轉讓修正章程,H703100 不動產租賃業；JE01010 租賃業；I103060 管理顧問業；I102010 投資顧問業；F109070 文教、樂器、育樂用品批發業；F209060 文教、樂器、育樂用品零售業；A201010 造林業；A102050 作物栽培服務業；A101020 農作物栽培業；A102080 園藝服務業,桃園市,變更,11506
24263663,興宏榮科技股份有限公司,桃園市龍潭區烏林里工二路89號,邱華聰,10000000,,115/06/09,改選董事/監察人(一人法人股東指派董事/監察人),CA02060 金屬容器製造業；CA02990 其他金屬製品製造業；CB01010 機械設備製造業；H701020 工業廠房開發租售業；E502010 燃料導管安裝工程業；E599010 配管工程業；E604010 機械安裝業；E801030 室內輕鋼架工程業；ZZ99999 除許可業務外，得經營法令非禁止或限制之業務,桃園市,變更,11506
24275696,長邑建材有限公司,桃園市中壢區長春五路32號四樓,游凱鈞,1000000,,115/06/09,股東出資轉讓修正章程,F111090 建材批發業；F211010 建材零售業；F299990 其他零售業；F401010 國際貿易業；F199010 回收物料批發業；J101030 廢棄物清除業；J101040 廢棄物處理業；J101080 廢棄物資源回收業；J101090 廢棄物清理業；J101990 其他環境衛生及污染防治服務業,桃園市,變更,11506
24282205,萬泰興國際實業有限公司,桃園市新屋區頭州里1鄰新榮路68巷7號,李建樺,5000000,,115/06/23,股東出資轉讓修正章程,F104110 布疋、衣著、鞋、帽、傘、服飾品批發業；F204110 布疋、衣著、鞋、帽、傘、服飾品零售業；F401010 國際貿易業；ZZ99999 除許可業務外，得經營法令非禁止或限制之業務；C302010 織布業；C307010 服飾品製造業；C399990 其他紡織及製品製造業,桃園市,變更,11506
24289256,興家邦有限公司,桃園市大園區領航北路四段352之2號（1樓）,冉淑芬,5000000,,115/06/17,公司所在地,F113020 電器批發業；F113050 電腦及事務性機器設備批發業；F113070 電信器材批發業；F118010 資訊軟體批發業；F119010 電子材料批發業；F401010 國際貿易業；CC01080 電子零組件製造業；CC01120 資料儲存媒體製造及複製業；ZZ99999 除許可業務外，得經營法令非禁止或限制之業務；IG02010 研究發展服務業,桃園市,變更,11506
24349557,基石廣告事業股份有限公司,"桃園市楊梅區三民路二段94巷1,3號12樓",陳冠宇,5000000,,115/06/26,申登機關變更（遷入，含卷）,H704031 不動產仲介經紀業；H704041 不動產代銷經紀業；I401010 一般廣告服務業；I401020 廣告傳單分送業；I503010 景觀、室內設計業；E801010 室內裝潢業；F105050 家具、寢具、廚房器具、裝設品批發業；F111090 建材批發業；F113020 電器批發業；F205040 家具、寢具、廚房器具、裝設品零售業,桃園市,變更,11506
24367365,新北智捷汽車股份有限公司,桃園市八德區中華路256號,王理巍,105000000,,115/06/29,一般補正案,F114010 汽車批發業；F114030 汽、機車零件配備批發業；F214010 汽車零售業；F214030 汽、機車零件配備零售業；F214050 車胎零售業；F401010 國際貿易業；JA01010 汽車修理業；JA01990 其他汽車服務業；JE01010 租賃業；ZZ99999 除許可業務外，得經營法令非禁止或限制之業務,桃園市,變更,11506
24379236,生資水企業有限公司,桃園市平鎮區中豐路南勢二段352號(1樓、地下層),呂奕翔,1000000,,115/06/24,公司所在地,F102040 飲料批發業；F106020 日常用品批發業；F106040 水器材料批發業；F203010 食品什貨、飲料零售業；F206020 日常用品零售業；F206040 水器材料零售業；ZZ99999 除許可業務外，得經營法令非禁止或限制之業務,桃園市,變更,11506
24405678,甘之露資產管理有限公司,桃園市桃園區中山路777號一樓之5,董玉芬,500000,,115/06/17,公司所在地,F101050 水產品批發業；F101100 花卉批發業；C110010 飲料製造業；F106060 寵物食品及其用品批發業；F107050 肥料批發業；F108040 化粧品批發業；F401010 國際貿易業；F102040 飲料批發業；F102050 茶葉批發業；F102170 食品什貨批發業,桃園市,變更,11506
24410721,鐵人活動設計企劃有限公司,桃園市桃園區大興里春日路658巷1號11樓之2,鄧詩婷,8500000,,115/06/24,增資,J601010 藝文服務業；J602010 演藝活動業；JB01010 會議及展覽服務業；JE01010 租賃業；JZ99090 喜慶綜合服務業；JZ99990 未分類其他服務業；I199990 其他顧問服務業；I501010 產品設計業；J799990 其他休閒服務業；I103060 管理顧問業,桃園市,變更,11506
24425148,車族貿易有限公司,桃園市蘆竹區新興里文新街346巷131號,黃朝熙,16000000,,115/06/17,增資,F114010 汽車批發業；F114020 機車批發業；F114030 汽、機車零件配備批發業；F214010 汽車零售業；F214020 機車零售業；F214030 汽、機車零件配備零售業；F401010 國際貿易業；JA01990 其他汽車服務業；ZZ99999 除許可業務外，得經營法令非禁止或限制之業務,桃園市,變更,11506
24433695,璦司柏電子股份有限公司,桃園市龜山區南上路526號,余長欣,331259080,,115/06/29,額定資本額增加變更章程,CC01040 照明設備製造業；CC01080 電子零組件製造業；CC01090 電池製造業；CE01990 其他光學及精密器械製造業；F113020 電器批發業；F113110 電池批發業；F119010 電子材料批發業；F213010 電器零售業；F213110 電池零售業；F219010 電子材料零售業,桃園市,變更,11506
24471276,豐園興業股份有限公司,桃園市龜山區萬壽路一段609號3樓之5,江秋弘,1000000,,115/06/03,一般補正案,D401010 熱能供應業；IG03010 能源技術服務業；D101040 非屬公用之發電業；D101050 汽電共生業；F113020 電器批發業；F113100 污染防治設備批發業；F119010 電子材料批發業；F401010 國際貿易業；H701060 新市鎮、新社區開發業；I102010 投資顧問業,桃園市,變更,11506
24475239,品頡奈米光學股份有限公司,桃園市蘆竹區長興路2段72巷5號5樓,林家偉,16000000,,115/06/15,發行新股,CC01080 電子零組件製造業；F113010 機械批發業；F113030 精密儀器批發業；F119010 電子材料批發業；F219010 電子材料零售業；F213080 機械器具零售業；F213040 精密儀器零售業；F113110 電池批發業；F213110 電池零售業；F106010 五金批發業,桃園市,變更,11506
24482999,晶泰國際科技股份有限公司,桃園市中壢區永福里中園路168之1號六樓,蔡憲聰,60000000,,115/06/10,改選董事/監察人(一人法人股東指派董事/監察人),CA01990 其他非鐵金屬基本工業；CC01990 其他電機及電子機械器材製造業；CC01080 電子零組件製造業；CC01090 電池製造業；F113110 電池批發業；F119010 電子材料批發業；F213110 電池零售業；F219010 電子材料零售業；F401010 國際貿易業；IG03010 能源技術服務業,桃園市,變更,11506
24490251,綠捷股份有限公司,桃園市楊梅區青年路3號,曾鑫城,141890000,,115/06/11,一般補正案,CD01030 汽車及其零件製造業；CD01040 機車及其零件製造業；CD01050 自行車及其零件製造業；F113070 電信器材批發業；F113110 電池批發業；F114010 汽車批發業；F114020 機車批發業；F114030 汽、機車零件配備批發業；F114040 自行車及其零件批發業；F114050 車胎批發業,桃園市,變更,11506
24611804,聯擎工業股份有限公司,桃園市楊梅區新榮里電研路69巷29號,許兆佑,15000000,,115/06/29,改選董事/監察人(一人法人股東指派董事/監察人),CA01990 其他非鐵金屬基本工業；CA02030 螺絲、螺帽、螺絲釘、及鉚釘等製品製造業；CA02990 其他金屬製品製造業；CB01010 機械設備製造業；CB01990 其他機械製造業；CD01030 汽車及其零件製造業；CD01040 機車及其零件製造業；CQ01010 模具製造業；F106030 模具批發業；F114030 汽、機車零件配備批發業,桃園市,變更,11506
24613401,東居不動產仲介經紀有限公司,桃園市桃園區同安里新埔六街122號(1樓),宋文傑,3000000,,115/06/23,股東出資轉讓修正章程,H704031 不動產仲介經紀業；ZZ99999 除許可業務外，得經營法令非禁止或限制之業務,桃園市,變更,11506
24614984,裔點股份有限公司,桃園市桃園區同安里中正路784號3樓,陳定閒,3078000,,115/06/15,公司所在地,JG01011 兒童課後照顧服務業；F109070 文教、樂器、育樂用品批發業；F209060 文教、樂器、育樂用品零售業；F401010 國際貿易業；F601010 智慧財產權業；J303010 雜誌（期刊）出版業；J304010 圖書出版業；J305010 有聲出版業；J399010 軟體出版業；J601010 藝文服務業,桃園市,變更,11506
24625482,明融實業有限公司,桃園市八德區大正里介壽路一段256號1樓,王胤芳,15000000,,115/06/29,公司所營事業變更修正章程,C801110 肥料製造業；F107050 肥料批發業；C802990 其他化學製品製造業；F107990 其他化學製品批發業；F107200 化學原料批發業；J101090 廢棄物清理業；F199010 回收物料批發業；J101080 資源回收業；F199990 其他批發業；IG01010 生物技術服務業,桃園市,變更,11506
24650138,比撒列設計室內裝修工程有限公司,桃園市龜山區精忠里長壽路166號,陳光富,100000,,115/06/24,公司名稱變更修正章程,E801010 室內裝潢業；E801020 門窗安裝工程業；E801030 室內輕鋼架工程業；E801040 玻璃安裝工程業；E801070 廚具、衛浴設備安裝工程業；E901010 油漆工程業；E903010 防蝕、防銹工程業；I503010 景觀設計業；ZZ99999 除許可業務外，得經營法令非禁止或限制之業務；E603040 消防安全設備安裝工程業,桃園市,變更,11506
24650448,榕泰國際物業股份有限公司,桃園市桃園區中成里慈文路583號(1樓),張家榕,1000000,,115/06/18,一般補正案,IZ12010 人力派遣業；IF01010 消防安全設備檢修業；IB01010 建築物公共安全檢查業；I103060 管理顧問業；I401010 一般廣告服務業；J101010 建築物清潔服務業；J101020 病媒防治業；J101030 廢棄物清除業；J101040 廢棄物處理業；J101060 廢（污）水處理業,桃園市,變更,11506
24655990,曜衡能源股份有限公司,桃園市大溪區員林路一段15巷91號,林舜孝,110024000,,115/06/10,發行新股,CB01010 機械設備製造業；CC01040 照明設備製造業；F106010 五金批發業；F206010 五金零售業；F401010 國際貿易業；ZZ99999 除許可業務外，得經營法令非禁止或限制之業務；H201010 一般投資業；I199990 其他顧問服務業；I301010 資訊軟體服務業；I301020 資料處理服務業,桃園市,變更,11506
24767833,極致渲染有限公司,桃園市中壢區華勛里8鄰華勛街208巷38弄5號,,1000000,,115/06/10,一般補正案,ZZ99999 除許可業務外，得經營法令非禁止或限制之業務；I199990 其他顧問服務業；I301010 資訊軟體服務業；I501010 產品設計業；I599990 其他設計業；I301020 資料處理服務業；I301030 電子資訊供應服務業,桃園市,變更,11506
24812561,泉鼎水務股份有限公司,桃園市中壢區青松街368號,徐震宇,2154000000,,115/06/10,補選董事(常務董事.董事長)/監察人,E599010 配管工程業；E603040 消防安全設備安裝工程業；E604010 機械安裝業；F113100 污染防治設備批發業；F401010 國際貿易業；IG03010 能源技術服務業；J101030 廢棄物清除業；J101040 廢棄物處理業；J101050 環境檢測服務業；J101060 廢（污）水處理業,桃園市,變更,11506
24851091,欣鮮國際餐飲股份有限公司,桃園市龜山區山鶯路181號,廖本衛,48986950,,115/06/03,董事/監察人持股變動報備,A101020 農作物栽培業；A101030 特用作物栽培業；A101040 食用菌菇類栽培業；A102050 作物栽培服務業；C104020 烘焙炊蒸食品製造業；F102040 飲料批發業；F102170 食品什貨批發業；F203010 食品什貨、飲料零售業；F203020 菸酒零售業；F399040 無店面零售業,桃園市,變更,11506
24855126,朱墨工程有限公司,桃園市桃園區青溪里三民路一段171號13樓,許秉燊,1000000,,115/06/24,公司所在地,E102011 土木包工業；EZ99990 其他工程業；F106010 五金批發業；F111090 建材批發業；H702010 建築經理業；IZ12010 人力派遣業；ZZ99999 除許可業務外，得經營法令非禁止或限制之業務,桃園市,變更,11506
24856286,高祿國際股份有限公司,桃園市桃園區中埔六街72號2樓,鐘子貴,3000000,,115/06/29,改選董事/監察人(一人法人股東指派董事/監察人),F106010 五金批發業；F107030 清潔用品批發業；F113010 機械批發業；F119010 電子材料批發業；F401010 國際貿易業；F113020 電器批發業；F107010 漆料、塗料批發業；F107020 染料、顏料批發業；C701010 印刷業；C702010 製版業,桃園市,變更,11506
24856309,好采頭股份有限公司,桃園市蘆竹區海山中街71號,林純美,5000000,,115/06/17,改選董事/監察人(一人法人股東指派董事/監察人),F106020 日常用品批發業；F106050 陶瓷玻璃器皿批發業；F106070 祭祀用品批發業；F206020 日常用品零售業；F206060 祭祀用品零售業；F399040 無店面零售業；F399990 其他綜合零售業；ZZ99999 除許可業務外，得經營法令非禁止或限制之業務,桃園市,變更,11506
24859853,全美奇肌有限公司,桃園市中壢區復華里復華街107巷11號(1樓),黃素蘭,100000,,115/06/08,股東出資轉讓修正章程,F102040 飲料批發業；F102170 食品什貨批發業；F106020 日常用品批發業；F108040 化粧品批發業；F109070 文教、樂器、育樂用品批發業；F113020 電器批發業；F199990 其他批發業；F203010 食品什貨、飲料零售業；F206020 日常用品零售業；F208040 化粧品零售業,桃園市,變更,11506
24860660,又群資訊有限公司,桃園市桃園區國際一路126號3樓,許志銓,1000000,,115/06/30,減少所營事業變更修正章程,I301010 資訊軟體服務業；I301020 資料處理服務業；I301030 電子資訊供應服務業；I401010 一般廣告服務業；E605010 電腦設備安裝業；I501010 產品設計業；I599990 其他設計業；F213030 電腦及事務性機器設備零售業；F113050 電腦及事務性機器設備批發業；F399040 無店面零售業,桃園市,變更,11506
24867761,盛輝再生能源股份有限公司,桃園市龜山區茶專一街60巷9號,林政輝,18000000,,115/06/26,減少所營事業變更修正章程,F106010 五金批發業；ZZ99999 除許可業務外，得經營法令非禁止或限制之業務,桃園市,變更,11506
24868831,詩崙國際投資有限公司,桃園市蘆竹區內厝里油管路一段696號,蘇芃云,13000000,,115/06/04,增資,I101090 食品顧問業；I103060 管理顧問業；I501010 產品設計業；I503010 景觀設計業；I599990 其他設計業；F102020 食用油脂批發業；F102170 食品什貨批發業；F102040 飲料批發業；F203010 食品什貨、飲料零售業；F102050 茶葉批發業,桃園市,變更,11506
24870800,佰佳膠黏股份有限公司,桃園市楊梅區光華里文化街239號1樓,劉士豪,6000000,,115/06/15,增資(資本總額),I501010 產品設計業；CC01020 電線及電纜製造業；CC01030 電器及視聽電子產品製造業；CC01060 有線通信機械器材製造業；CC01070 無線通信機械器材製造業；CC01080 電子零組件製造業；CC01110 電腦及其週邊設備製造業；CC01120 資料儲存媒體製造及複製業；CC01990 其他電機及電子機械器材製造業；CB01020 事務機器製造業,桃園市,變更,11506
24877178,啓誠電氣工程有限公司,桃園市桃園區武陵里復興路51之2號10樓之2,黃聖民,1000000,,115/06/02,公司所營事業變更修正章程,E599010 配管工程業；E601010 電器承裝業；E603010 電纜安裝工程業；E603040 消防安全設備安裝工程業；E603090 照明設備安裝工程業；E603100 電焊工程業；E801010 室內裝潢業；E801020 門窗安裝工程業；E801030 室內輕鋼架工程業；E801040 玻璃安裝工程業,桃園市,變更,11506
24878583,睿靖科技股份有限公司,桃園市大溪區瑞源里員林路三段257巷35弄60衖3號(2樓),洪建中,7000000,,115/06/17,改選董事/監察人(一人法人股東指派董事/監察人),CB01010 機械設備製造業；CB01990 其他機械製造業；CC01110 電腦及其週邊設備製造業；CC01990 其他電機及電子機械器材製造業；E604010 機械安裝業；E605010 電腦設備安裝業；F113010 機械批發業；F113050 電腦及事務性機器設備批發業；F118010 資訊軟體批發業；F213030 電腦及事務性機器設備零售業,桃園市,變更,11506
24878893,燦元投資股份有限公司,桃園市桃園區中路里益壽一街45號,黃鈴茹,6500000,,115/06/22,一般補正案,H201010 一般投資業；ZZ99999 除許可業務外，得經營法令非禁止或限制之業務,桃園市,變更,11506
24881763,信元企業管理顧問有限公司,桃園市桃園區桃一街75號1樓,廖偉光,100000,,115/06/25,公司名稱變更修正章程,I199990 其他顧問服務業；I103060 管理顧問業；I102010 投資顧問業；ZZ99999 除許可業務外，得經營法令非禁止或限制之業務,桃園市,變更,11506
24882025,成莊廣告有限公司,桃園市觀音區藍埔里新華路一段696巷36弄6號(1樓),莊梅玉,8000000,,115/06/25,增資,H704031 不動產仲介經紀業；H704041 不動產代銷經紀業；H701010 住宅及大樓開發租售業；H701020 工業廠房開發租售業；H703090 不動產買賣業；H703100 不動產租賃業；I103060 管理顧問業；I401010 一般廣告服務業；I401020 廣告傳單分送業；I503010 景觀、室內設計業,桃園市,變更,11506
24888055,欣融實業有限公司,桃園市中壢區福德里成章二街58號4樓,林榮淦,1000000,,115/06/18,股東出資轉讓修正章程,A101020 農作物栽培業；A199990 其他農業；EZ99990 其他工程業；F106010 五金批發業；F113010 機械批發業；F113020 電器批發業；F119010 電子材料批發業；F199990 其他批發業；F206010 五金零售業；F213010 電器零售業,桃園市,變更,11506
24893748,展橙有限公司,桃園市桃園區明德里中埔六街190巷6號1樓,李昆璋,10100000,,115/06/08,減資,F102170 食品什貨批發業；F108031 醫療器材批發業；F199990 其他批發業；F203010 食品什貨、飲料零售業；F208031 醫療器材零售業；F208050 乙類成藥零售業；F401010 國際貿易業；I103060 管理顧問業；IZ12010 人力派遣業；ZZ99999 除許可業務外，得經營法令非禁止或限制之業務,桃園市,變更,11506
24895767,丞鎰科技有限公司,桃園市楊梅區永平里梅獅路一段439巷28號(2樓),謝宗佑,5000000,,115/06/12,一般補正案,CQ01010 模具製造業；F106030 模具批發業；F114030 汽、機車零件配備批發業；F114990 其他交通運輸工具及其零件批發業；F113010 機械批發業；F113990 其他機械器具批發業；F106010 五金批發業；F214030 汽、機車零件配備零售業；F214990 其他交通運輸工具及其零件零售業；F206030 模具零售業,桃園市,變更,11506
24895801,忠貞一號股份有限公司,桃園市中壢區龍平里龍東路204號,杜晏霆,500000,,115/06/17,一般補正案,F113050 電腦及事務性機器設備批發業；F213060 電信器材零售業；F119010 電子材料批發業；F113070 電信器材批發業；F213030 電腦及事務性機器設備零售業；F207190 塑膠膜、袋零售業；F204110 布疋、衣著、鞋、帽、傘、服飾品零售業；F219010 電子材料零售業；F399040 無店面零售業；F113020 電器批發業,桃園市,變更,11506
24896908,維瑀國際有限公司,桃園市桃園區中成里溫州一路202號4樓,呂美燕,7000000,,115/06/05,一般補正案,C301010 紡紗業；C302010 織布業；C303010 不織布業；C305010 印染整理業；C306010 成衣業；C307010 服飾品製造業；C399990 其他紡織及製品製造業；F401010 國際貿易業；F104110 布疋、衣著、鞋、帽、傘、服飾品批發業；ZZ99999 除許可業務外，得經營法令非禁止或限制之業務,桃園市,變更,11506
24937773,和木家國際有限公司,桃園市桃園區中山路1000號三樓之2,鄭郁馨,1000000,,115/06/17,申登機關變更（遷入，含卷）,F102040 飲料批發業；F102170 食品什貨批發業；F104110 布疋、衣著、鞋、帽、傘、服飾品批發業；F105050 家具、寢具、廚房器具、裝設品批發業；F106010 五金批發業；F106020 日常用品批發業；F108031 醫療器材批發業；F108040 化粧品批發業；F109070 文教、樂器、育樂用品批發業；F110010 鐘錶批發業,桃園市,變更,11506
24992418,醫櫃國際有限公司,桃園市龍潭區烏林里中豐路461巷182號6樓,謝文麟,10000000,,115/06/11,公司所在地,F102170 食品什貨批發業；F104110 布疋、衣著、鞋、帽、傘、服飾品批發業；F106020 日常用品批發業；F108040 化粧品批發業；F109070 文教、樂器、育樂用品批發業；F113010 機械批發業；F113030 精密儀器批發業；F203010 食品什貨、飲料零售業；F204110 布疋、衣著、鞋、帽、傘、服飾品零售業；F206020 日常用品零售業,桃園市,變更,11506
25001863,欣亮興實業有限公司,桃園市中壢區內定十六街641號(1樓),顏世亮,6000000,,115/06/23,股東出資轉讓修正章程,C805020 塑膠膜、袋製造業；C805030 塑膠日用品製造業；CH01030 文具製造業；C601030 紙容器製造業；F107190 塑膠膜、袋批發業；F113050 電腦及事務性機器設備批發業；F106010 五金批發業；F106020 日常用品批發業；F206010 五金零售業；F206020 日常用品零售業,桃園市,變更,11506
25053539,耀昕企業有限公司,桃園市八德區和平路973巷16號,高美娟,8000000,,115/06/09,公司所營事業變更修正章程,CC01110 電腦及其週邊設備製造業；F119010 電子材料批發業；F106030 模具批發業；F113010 機械批發業；F401010 國際貿易業；F106050 陶瓷玻璃器皿批發業；F113050 電腦及事務性機器設備批發業；ZZ99999 除許可業務外，得經營法令非禁止或限制之業務；A102080 園藝服務業；CA02990 其他金屬製品製造業,桃園市,變更,11506
25070946,永環榮工程有限公司,桃園市桃園區大業路一段330號6樓,江清志,12500000,,115/06/24,股東出資轉讓修正章程,E599010 配管工程業；E603010 電纜安裝工程業；E603100 電焊工程業；E801010 室內裝潢業；E801020 門窗安裝工程業；E801030 室內輕鋼架工程業；E801040 玻璃安裝工程業；E901010 油漆工程業；E903010 防蝕、防銹工程業；EZ07010 鑽孔工程業,桃園市,變更,11506
25074295,維廣資訊有限公司,桃園市八德區茄苳里國聯街29號1樓,林秀貞,1000000,,115/06/18,股東出資轉讓修正章程,E605010 電腦設備安裝業；F109070 文教、樂器、育樂用品批發業；F113050 電腦及事務性機器設備批發業；F118010 資訊軟體批發業；F209060 文教、樂器、育樂用品零售業；F213030 電腦及事務性機器設備零售業；F218010 資訊軟體零售業；F401010 國際貿易業；I301010 資訊軟體服務業；I301020 資料處理服務業,桃園市,變更,11506
25083180,鑫詮科技股份有限公司,桃園市龍潭區烏林里工二路312巷16號,陳慧萍,176500000,,115/06/24,董事/監察人持股變動報備,CB01010 機械設備製造業；CC01010 發電、輸電、配電機械製造業；CE01010 一般儀器製造業；CE01990 其他光學及精密器械製造業；F106010 五金批發業；F106030 模具批發業；F113010 機械批發業；F113020 電器批發業；F113030 精密儀器批發業；F119010 電子材料批發業,桃園市,變更,11506
25086047,統洲工程有限公司,桃園市大溪區中央路78號1樓,陳重企,1300000,,115/06/08,改推董事/董事長,E599010 配管工程業；E601020 電器安裝業；E603010 電纜安裝工程業；E603050 自動控制設備工程業；E603080 交通號誌安裝工程業；E603090 照明設備安裝工程業；E605010 電腦設備安裝業；EZ99990 其他工程業；E801070 廚具、衛浴設備安裝工程業,桃園市,變更,11506
25088586,台益豐股份有限公司,桃園市大溪區信義路502號,秦錫鋒,500000000,,115/06/04,改選董事/監察人(一人法人股東指派董事/監察人),C801010 基本化學工業；C801990 其他化學材料製造業；C802120 工業助劑製造業；C802990 其他化學製品製造業；C803990 其他石油及煤製品製造業；F107170 工業助劑批發業；F107200 化學原料批發業；F107990 其他化學製品批發業；F401010 國際貿易業；G801010 倉儲業,桃園市,變更,11506
25105059,普樂思科技有限公司,桃園市桃園區中成里吉安一街193號13樓,林慧香,12000000,,115/06/26,一般補正案,F106010 五金批發業；F107200 化學原料批發業；F113010 機械批發業；F113020 電器批發業；F113030 精密儀器批發業；F113050 電腦及事務性機器設備批發業；F113060 度量衡器批發業；F113070 電信器材批發業；F118010 資訊軟體批發業；F119010 電子材料批發業,桃園市,變更,11506
25165598,三信至善有限公司,桃園市桃園區新埔里天祥三街56號,梁信郎,10000000,,115/06/30,公司所營事業變更修正章程,A401010 畜牧場經營業；A401020 家畜禽飼育業；A401040 畜牧服務業；A401990 其他畜牧業；F101040 家畜家禽批發業；F101990 其他農、畜、水產品批發業；F401010 國際貿易業；J101030 廢棄物清除業；J101040 廢棄物處理業；J101020 病媒防治業,桃園市,變更,11506
25182956,麗江建設股份有限公司,桃園市桃園區同德里中正路1071號18樓之4,周建宏,20000000,,115/06/08,改選董事/監察人(一人法人股東指派董事/監察人),H701010 住宅及大樓開發租售業；H703090 不動產買賣業；H703100 不動產租賃業；ZZ99999 除許可業務外，得經營法令非禁止或限制之業務；H201010 一般投資業；I401010 一般廣告服務業；H701020 工業廠房開發租售業；H701040 特定專業區開發業；H701050 投資興建公共建設業；H701060 新市鎮、新社區開發業,桃園市,變更,11506
25193412,新群科技股份有限公司,桃園市中壢區文化里20鄰吉林路25之1號(1樓),江少杰,20400000,,115/06/03,改採紙本申辦簽章,CB01010 機械設備製造業；CB01990 其他機械製造業；CC01080 電子零組件製造業；CC01990 其他電機及電子機械器材製造業；CQ01010 模具製造業；F219010 電子材料零售業；ZZ99999 除許可業務外，得經營法令非禁止或限制之業務,桃園市,變更,11506
25199598,益吉國際貿易有限公司,桃園市桃園區中聖里國聖一街63號3樓之1,劉碧真,500000,,115/06/17,公司所在地,F109070 文教、樂器、育樂用品批發業；F106030 模具批發業；F106010 五金批發業；F106020 日常用品批發業；F113050 電腦及事務性機器設備批發業；F113020 電器批發業；F119010 電子材料批發業；F102030 菸酒批發業；F104110 布疋、衣著、鞋、帽、傘、服飾品批發業；F114030 汽、機車零件配備批發業,桃園市,變更,11506
25199746,豐田流通供應鏈物流有限公司,桃園市新屋區文化路二段1631號,吳旻頻,36500000,,115/06/25,一般補正案,G101061 汽車貨運業；F101100 花卉批發業；F113990 其他機械器具批發業；F401010 國際貿易業；G801010 倉儲業；I103060 管理顧問業；I199990 其他顧問服務業；I301020 資料處理服務業；IG02010 研究發展服務業；IZ06010 理貨包裝業,桃園市,變更,11506
27104112,星華鐘錶工業股份有限公司,桃園市龜山區舊路里3鄰東舊路街39號,范創堯,238000000,,115/06/17,一般補正案,C805050 工業用塑膠製品製造業；CE01040 鐘錶製造業；F110010 鐘錶批發業；F210010 鐘錶零售業；H703100 不動產租賃業；F401010 國際貿易業；JE01010 租賃業；G801010 倉儲業；C102010 乳品製造業；C103050 罐頭、冷凍、脫水及醃漬食品製造業,桃園市,變更,11506
27230027,浩瀚動力股份有限公司,桃園市桃園區大仁路50巷51弄19號,羅光偉,1475000280,,115/06/09,改選董事/監察人(一人法人股東指派董事/監察人),F401010 國際貿易業；I301010 資訊軟體服務業；I301020 資料處理服務業；I301030 電子資訊供應服務業；F118010 資訊軟體批發業；F218010 資訊軟體零售業；F119010 電子材料批發業；F219010 電子材料零售業；I501010 產品設計業；IZ06010 理貨包裝業,桃園市,變更,11506
27230595,日商長瀨科技股份有限公司,桃園市桃園區同德七街120號,椋梨康雄,5000000,,115/06/16,本公司董事及其他負責人變更,ZZ99999 除許可業務外，得經營法令非禁止或限制之業務,桃園市,變更,11506
27297933,潔鼎科技股份有限公司,桃園市中壢區大圳路三段51巷16弄16號,陳鳳真,5000000,,115/06/11,改選董事/監察人(一人法人股東指派董事/監察人),F113100 污染防治設備批發業。；F401010 國際貿易業。；E301010 水處理工程業。；E302010 廢棄物清理設備安裝工程業。；E303030 土壤污染防治工程業。；IZ09010 品質、環境管理驗證業。；J101030 廢棄物清除業。；J101040 廢棄物處理業。；J101050 環境檢測服務業。；J101080 廢棄物資源回收業,桃園市,變更,11506
27314932,冠崴科技有限公司,桃園市蘆竹區安中街12巷9號,楊金漢,12000000,,115/06/04,股東出資轉讓修正章程,C802160 黏性膠帶製造業；C805070 強化塑膠製品製造業；CC01080 電子零組件製造業；F106030 模具批發業；F206030 模具零售業；F119010 電子材料批發業；F219010 電子材料零售業；F106010 五金批發業；F206010 五金零售業；F401010 國際貿易業,桃園市,變更,11506
27318016,傑能環衛整合股份有限公司,桃園市蘆竹區中正路中正巷20號1樓,林靜谷,5000000,,115/06/26,改選董事/監察人(一人法人股東指派董事/監察人),ZZ99999 除許可業務外，得經營法令非禁止或限制之業務,桃園市,變更,11506
27355222,榮昱國際股份有限公司,桃園市桃園區三民路3段286號3樓,林宏達,1000000,,115/06/09,改選董事/監察人(一人法人股東指派董事/監察人),F401010 國際貿易業；F114030 汽、機車零件配備批發業；F108040 化粧品批發業；F119010 電子材料批發業；F113020 電器批發業；F113030 精密儀器批發業；F113050 電腦及事務性機器設備批發業；F113100 污染防治設備批發業；F113990 其他機械器具批發業；F113010 機械批發業,桃園市,變更,11506
27394484,宜烽企業有限公司,桃園市楊梅區上湖里上湖二路535號,張金水,2000000,,115/06/29,公司所營事業變更修正章程,E601010 電器承裝業；E501011 自來水管承裝商；E801010 室內裝潢業；E901010 油漆工程業；EZ99990 其他工程業；F111090 建材批發業；F211010 建材零售業；F106010 五金批發業；F206010 五金零售業；I503010 景觀設計業,桃園市,變更,11506
27434182,安立材料科技股份有限公司,桃園市八德區大安里長安街61之1號,林德銘,325000000,,115/06/26,改選董事/監察人(一人法人股東指派董事/監察人),CA01990 其他非鐵金屬基本工業,桃園市,變更,11506
27457017,中韋國際開發有限公司,桃園市平鎮區新安里平等路104號(1樓),仲重光,1000000,,115/06/02,股東出資轉讓修正章程,F101100 花卉批發業；F105050 家具、寢具、廚房器具、裝設品批發業；F106050 陶瓷玻璃器皿批發業；F109070 文教、樂器、育樂用品批發業；F113020 電器批發業；F201070 花卉零售業；F205040 家具、寢具、廚房器具、裝設品零售業；F209060 文教、樂器、育樂用品零售業；F213010 電器零售業；F401010 國際貿易業,桃園市,變更,11506
27464376,裕豐曜家具有限公司,桃園市中壢區環西路2段257號,陳徐崇,500000,,115/06/08,公司印鑑變更,F205040 家具、寢具、廚房器具、裝設品零售業；F105050 家具、寢具、廚房器具、裝設品批發業；ZZ99999 除許可業務外，得經營法令非禁止或限制之業務,桃園市,變更,11506
27471209,研碩實業有限公司,桃園市觀音區忠愛路二段198之189號,劉馥樓,36000000,,115/06/12,公司所營事業變更修正章程,C802200 塗料、油漆、染料及顏料製造業；F107010 漆料、塗料批發業；F401010 國際貿易業。；I501010 產品設計業；I502010 服飾設計業；I503010 景觀設計業；CA04010 表面處理業；C701010 印刷業；C703010 印刷品裝訂及加工業；C802100 化粧品製造業,桃園市,變更,11506
27559859,祥翊製藥股份有限公司,桃園市龍潭區龍園一路255號,吳永連,1696790000,,115/06/03,發行新股,IC01010 藥品檢驗業；IG01010 生物技術服務業；F401010 國際貿易業；C802041 西藥製造業；F601010 智慧財產權業；F208021 西藥零售業；F108021 西藥批發業；IG02010 研究發展服務業研究、開發、製造及銷售下列產品：1、505（b）2新藥,桃園市,變更,11506
27585293,家博士建築材料有限公司,桃園市大溪區仁和里仁和九街22巷26號(1樓),許正華,8000000,,115/06/24,股東出資轉讓修正章程,F111090 建材批發業；F211010 建材零售業；F401010 國際貿易業；ZZ99999 除許可業務外，得經營法令非禁止或限制之業務,桃園市,變更,11506
27594602,欣泰油壓有限公司,桃園市楊梅區梅溪里中山北路二段216號1樓,楊國孟,3000000,,115/06/12,公司所營事業變更修正章程,CB01010 機械設備製造業；CB01990 其他機械製造業；CA02990 其他金屬製品製造業；CQ01010 模具製造業；F106010 五金批發業；F106030 模具批發業；F106040 水器材料批發業；F111090 建材批發業；F113010 機械批發業；F113020 電器批發業,桃園市,變更,11506
27599070,佑陞資訊管理顧問有限公司,桃園市蘆竹區中山路158巷2弄10號3樓,張高森,1000000,,115/06/24,申登機關變更（遷入，含卷）,I103060 管理顧問業；I301010 資訊軟體服務業；I301020 資料處理服務業；E605010 電腦設備安裝業；F118010 資訊軟體批發業；F218010 資訊軟體零售業；ZZ99999 除許可業務外，得經營法令非禁止或限制之業務,桃園市,變更,11506
27607986,三大業有限公司,桃園市桃園區大業路一段322號,魏詮昇,29400000,,115/06/30,股東出資轉讓修正章程,H701010 住宅及大樓開發租售業；H701020 工業廠房開發租售業；H701050 投資興建公共建設業；JE01010 租賃業；ZZ99999 除許可業務外，得經營法令非禁止或限制之業務,桃園市,變更,11506
27625099,千鋼有限公司,桃園市龍潭區工五路139巷60弄30號,陳翠琴,5000000,,115/06/16,一般補正案,CB01990 其他機械製造業；F106010 五金批發業；F113010 機械批發業；F401010 國際貿易業,桃園市,變更,11506
27631780,聯億電氣工程股份有限公司,桃園市平鎮區廣興里忠孝路38號1樓,許明鎮,10000000,,115/06/08,增資(資本總額),E701030 電信管制射頻器材裝設工程業；E603050 自動控制設備工程業；E601010 電器承裝業；EZ99990 其他工程業；F113070 電信器材批發業；F213060 電信器材零售業；F401010 國際貿易業；F113010 機械批發業；F113020 電器批發業；F213010 電器零售業,桃園市,變更,11506
27639039,瑋聯金屬企業有限公司,桃園市蘆竹區大竹路288巷11號10樓,李芸錚,26000000,,115/06/22,一般補正案,J101030 廢棄物清除業；J101040 廢棄物處理業；J101990 其他環境衛生及污染防治服務業；J101080 資源回收業；J101090 廢棄物清理業；F199010 回收物料批發業；F401010 國際貿易業；F113010 機械批發業；F213080 機械器具零售業；F106010 五金批發業,桃園市,變更,11506
27642463,湧德電子股份有限公司,桃園市蘆竹區內溪路68巷13號2樓,陳旻徹,893909910,,115/06/29,補繳規費,F219010 電子材料零售業；F401010 國際貿易業；ZZ99999 除許可業務外，得經營法令非禁止或限制之業務,桃園市,變更,11506
27653073,崇育企業有限公司,桃園市八德區白鷺里成功街20巷75弄32衖12號(1樓),蕭榮忠,3000000,,115/06/12,公司所在地,F106040 水器材料批發業；F113020 電器批發業；F117010 消防安全設備批發業；E599010 配管工程業；E601010 電器承裝業；E601020 電器安裝業；E603040 消防安全設備安裝工程業；E603050 自動控制設備工程業；E603090 照明設備安裝工程業；E801070 廚具、衛浴設備安裝工程業,桃園市,變更,11506
27723676,龍鑫租賃有限公司,桃園市中壢區內厝里福祥路一段291號,鄒雅婷,10000000,,115/06/12,公司所在地,G101041 小客車租賃業；F114010 汽車批發業；F214010 汽車零售業；F114020 機車批發業；F214020 機車零售業；F114030 汽、機車零件配備批發業；F214030 汽、機車零件配備零售業；F214050 車胎零售業；F114050 車胎批發業；F214990 其他交通運輸工具及其零件零售業,桃園市,變更,11506
27730249,丰碩利投資股份有限公司,桃園市桃園區中正路1080號11樓,蔡周賢,4000000,,115/06/12,董事長印鑑變更,H201010 一般投資業,桃園市,變更,11506
27737117,敏榛實業有限公司,桃園市龜山區光明街290巷15弄19號,陳秋萍,5000000,,115/06/02,申登機關變更（遷入，含卷）,CA02060 金屬容器製造業；F199990 其他批發業；F299990 其他零售業；F106010 五金批發業；F206010 五金零售業；F401010 國際貿易業；I301010 資訊軟體服務業；I301020 資料處理服務業；I301030 電子資訊供應服務業；I501010 產品設計業,桃園市,變更,11506
27745783,愛王生活櫥藝有限公司,桃園市楊梅區員本里民生街375巷96弄25號,桑淳淳,3500000,,115/06/08,增資,F205040 家具、寢具、廚房器具、裝設品零售業；F206010 五金零售業；F206020 日常用品零售業；F206030 模具零售業；F206040 水器材料零售業；F213010 電器零售業；F401010 國際貿易業；ZZ99999 除許可業務外，得經營法令非禁止或限制之業務,桃園市,變更,11506
27775744,冠承不動產仲介經紀有限公司,桃園市桃園區慈文路885號,郭寶元,3000000,,115/06/24,股東出資轉讓修正章程,H704031 不動產仲介經紀業；ZZ99999 除許可業務外，得經營法令非禁止或限制之業務,桃園市,變更,11506
27793807,啟翔輕金屬科技股份有限公司,桃園市新屋區埔頂里埔頂路6號,陳臆云,748400000,,115/06/03,消除股份減資(特別股收回),CA03010 熱處理業；CA04010 表面處理業；CA01090 鋁鑄造業；CA01100 鋁材軋延、伸線、擠型業；CA02010 金屬結構及建築組件製造業；CA02030 螺絲、螺帽、螺絲釘、及鉚釘等製品製造業；F106010 五金批發業；F111090 建材批發業；C805050 工業用塑膠製品製造業；I501010 產品設計業,桃園市,變更,11506
27797629,鑫嶸科技股份有限公司,桃園市中壢區內定里新北園路16號,余遠騏,10000000,,115/06/16,修正章程,CD01030 汽車及其零件製造業；CD01040 機車及其零件製造業；CA02030 螺絲、螺帽、螺絲釘、及鉚釘等製品製造業；CA02990 其他金屬製品製造業；CB01010 機械設備製造業；CC01080 電子零組件製造業；CC01110 電腦及其週邊設備製造業；E604010 機械安裝業；CC01010 發電、輸電、配電機械製造業；F106010 五金批發業,桃園市,變更,11506
27810030,豐達公寓大廈管理維護股份有限公司,桃園市中壢區德義里永泰街113號（1樓）,謝禎樺,10000000,,115/06/12,一般補正案,I801011 公寓大廈管理服務業；IZ12010 人力派遣業；J101010 建築物清潔服務業；J101020 病媒防治業；J101030 廢棄物清除業；J101040 廢棄物處理業；J101080 資源回收業；J101090 廢棄物清理業；J101110 營建剩餘土石方資源處理業；J101990 其他環境衛生及污染防治服務業,桃園市,變更,11506
27811832,永佰科技有限公司,桃園市桃園區經國路618號7樓之3,孫美雄,1000000,,115/06/15,公司所營事業變更修正章程,F113050 電腦及事務性機器設備批發業；F118010 資訊軟體批發業；I301010 資訊軟體服務業；I301030 電子資訊供應服務業；F113070 電信器材批發業；F216010 照相器材零售業；F213040 精密儀器零售業；G903010 電信事業；ZZ99999 除許可業務外，得經營法令非禁止或限制之業務,桃園市,變更,11506
27812924,際揚企業有限公司,桃園市八德區義勇街128號2樓,蔡水雹,6000000,,115/06/12,公司所在地,C805030 塑膠日用品製造業；C805050 工業用塑膠製品製造業；CQ01010 模具製造業；F107190 塑膠膜、袋批發業；F106030 模具批發業；F209060 文教、樂器、育樂用品零售業；F401010 國際貿易業；JZ99030 攝影業；J304010 圖書出版業；J305010 有聲出版業,桃園市,變更,11506
27831400,億昌冷凍空調工程有限公司,桃園市中壢區明德里惠州街61號,劉美惠,10000000,,115/06/25,股東出資轉讓修正章程,E602011 冷凍空調工程業；ZZ99999 除許可業務外，得經營法令非禁止或限制之業務,桃園市,變更,11506
27834069,鑫隆程開發建設股份有限公司,桃園市桃園區莊敬里莊二街39號12樓之1,劉明柱,20000000,,115/06/04,一般補正案,H701010 住宅及大樓開發租售業；H701020 工業廠房開發租售業；H701050 投資興建公共建設業；H701060 新市鎮、新社區開發業；H701070 區段徵收及市地重劃代辦業；H701090 都市更新整建維護業；H702010 建築經理業；H703090 不動產買賣業；H703100 不動產租賃業；H703110 老人住宅業,桃園市,變更,11506
27842321,鼎安公寓大廈管理維護股份有限公司,桃園市中壢區德義里永泰街2巷10號4樓,曾祥熙,10000000,,115/06/16,改選董事/監察人(一人法人股東指派董事/監察人),I801011 公寓大廈管理服務業,桃園市,變更,11506
27842878,毅久工程有限公司,桃園市蘆竹區羊稠里仁愛路三段260巷33號6樓,陳靜風,1000000,,115/06/15,股東出資轉讓修正章程,E801010 室內裝潢業；E801020 門窗安裝工程業；E801070 廚具、衛浴設備安裝工程業；E901010 油漆工程業；E903010 防蝕、防銹工程業；EZ06010 交通標示工程業；EZ09010 靜電防護及消除工程業；EZ11010 球場跑道樹脂材料鋪設工程業；EZ14010 運動場地用設備工程業；F111090 建材批發業,桃園市,變更,11506
27850200,友立光電股份有限公司,桃園市大溪區公園路57號,林淑貞,20000000,,115/06/15,公司所在地,ZZ99999 除許可業務外，得經營法令非禁止或限制之業務；CC01080 電子零組件製造業；E604010 機械安裝業；F113010 機械批發業；F119010 電子材料批發業；F401010 國際貿易業,桃園市,變更,11506
27856458,台灣好運輪胎有限公司,桃園市大園區五權里青昇路一段91巷71號,葉少青,6600000,,115/06/11,公司所在地,F114050 車胎批發業；F114010 汽車批發業；F114030 汽、機車零件配備批發業；F199010 回收物料批發業；F112010 汽油、柴油批發業；F401010 國際貿易業；ZZ99999 除許可業務外，得經營法令非禁止或限制之業務,桃園市,變更,11506
27879121,中華精測科技股份有限公司,桃園市平鎮區湧豐里工業三路15號,洪維國,327890220,,115/06/11,改選董事/監察人(一人法人股東指派董事/監察人),CC01080 電子零組件製造業；CC01110 電腦及其週邊設備製造業；CC01120 資料儲存媒體製造及複製業；CC01990 其他電機及電子機械器材製造業；F119010 電子材料批發業；F219010 電子材料零售業；CB01010 機械設備製造業；CB01990 其他機械製造業；ZZ99999 除許可業務外，得經營法令非禁止或限制之業務,桃園市,變更,11506
27892588,興裕鼎投資有限公司,桃園市桃園區東埔里民光路101號1樓,陳妍伶,2000000,,115/06/15,公司所營事業變更修正章程,H201010 一般投資業,桃園市,變更,11506
27896986,特展股份有限公司,桃園市楊梅區頭湖里中山南路800巷98弄12號,王茂寅,364000000,,115/06/03,一般補正案,C402030 皮革、毛皮製品製造業；C805010 塑膠皮、布、板、管材製造業；F204110 布疋、衣著、鞋、帽、傘、服飾品零售業；ZZ99999 除許可業務外，得經營法令非禁止或限制之業務；C305010 印染整理業；C805060 塑膠皮製品製造業；F104110 布疋、衣著、鞋、帽、傘、服飾品批發業,桃園市,變更,11506
27900476,凱懿國際股份有限公司,桃園市龍潭區烏林里工二路一段185號,黃玉宣,34020000,,115/06/25,變更組織,ZZ99999 除許可業務外，得經營法令非禁止或限制之業務；F106010 五金批發業；F113010 機械批發業；F113030 精密儀器批發業；F113990 其他機械器具批發業；CB01990 其他機械製造業；CB01010 機械設備製造業；H703100 不動產租賃業,桃園市,變更,11506
27913057,國盛股份有限公司,桃園市平鎮區廣興里延平路二段46號8樓,謝幸容,11500000,,115/06/01,增資(資本總額),CB01010 機械設備製造業；CC01080 電子零組件製造業；CC01110 電腦及其週邊設備製造業；F113050 電腦及事務性機器設備批發業；F118010 資訊軟體批發業；F119010 電子材料批發業；F213030 電腦及事務性機器設備零售業；F218010 資訊軟體零售業；F219010 電子材料零售業；F401010 國際貿易業,桃園市,變更,11506
28024658,大陸營建廢棄物共同清除處理股份有限公司,桃園市楊梅區高山里5鄰高獅路711號,徐碧雲,25600000,,115/06/16,一般補正案,J101101 營建廢棄物共同清理業；J101030 廢棄物清除業；J101040 廢棄物處理業；ZZ99999 除許可業務外，得經營法令非禁止或限制之業務,桃園市,變更,11506
28059706,榮民製藥股份有限公司,桃園市中壢區中山東路三段447號,柯長崎,700000000,,115/06/10,改選董事/監察人(一人法人股東指派董事/監察人),C802041 西藥製造業；C802051 中藥製造業；C802060 動物用藥製造業；C802100 化粧品製造業；CF01011 醫療器材製造業；C199990 未分類其他食品製造業；F102170 食品什貨批發業；F107070 動物用藥品批發業；F108011 中藥批發業；F108021 西藥批發業,桃園市,變更,11506
28061956,全蓬實業股份有限公司,桃園市大溪區仁美里4鄰新光東路61巷11號,魏志樺,102520000,,115/06/17,董事(常務董事.董事長)/監察人解任,F207190 塑膠膜、袋零售業；F107190 塑膠膜、袋批發業；F109070 文教、樂器、育樂用品批發業；F209060 文教、樂器、育樂用品零售業；C601030 紙容器製造業；C601040 加工紙製造業；C601990 其他紙製品製造業；C805020 塑膠膜、袋製造業；F401010 國際貿易業；C701010 印刷業,桃園市,變更,11506
28076395,亞泰電機有限公司,桃園市八德區寶豐街15巷18號1樓,陳儒美,900000,,115/06/15,改推董事/董事長,CC01010 發電、輸電、配電機械製造業；CC01080 電子零組件製造業；F113010 機械批發業；F113020 電器批發業；F113030 精密儀器批發業；F113050 電腦及事務性機器設備批發業；F213010 電器零售業；F213030 電腦及事務性機器設備零售業；F213040 精密儀器零售業；F213080 機械器具零售業,桃園市,變更,11506
28095718,世康企業股份有限公司,桃園市桃園區中原里泰昌三街61號8樓,游于慶,9000000,,115/06/29,公司所營事業變更修正章程,E599010 配管工程業；E801010 室內裝潢業；E801070 廚具、衛浴設備安裝工程業；E901010 油漆工程業；E903010 防蝕、防銹工程業；EZ11010 球場跑道樹脂材料鋪設工程業；EZ99990 其他工程業；F105050 家具、寢具、廚房器具、裝設品批發業；F107010 漆料、塗料批發業；F111090 建材批發業,桃園市,變更,11506
28106671,全勝鴻實業有限公司,桃園市蘆竹區內厝里長興路3段213號,林子堯,10000000,,115/06/16,改推董事/董事長,ZZ99999 除許可業務外，得經營法令非禁止或限制之業務；F107200 化學原料批發業；F107990 其他化學製品批發業；C801010 基本化學工業；F113010 機械批發業；F113100 污染防治設備批發業；J101030 廢棄物清除業；F199010 回收物料批發業；CA01990 其他非鐵金屬基本工業；C801990 其他化學材料製造業,桃園市,變更,11506
28107854,建大科技股份有限公司,桃園市蘆竹區南崁路2段66號3樓之2,廖豐瑩,63600000,,115/06/23,一般補正案,CB01010 機械設備製造業；CB01020 事務機器製造業；CC01120 資料儲存媒體製造及複製業；CC01060 有線通信機械器材製造業；CC01070 無線通信機械器材製造業；CC01080 電子零組件製造業；CE01010 一般儀器製造業；C802120 工業助劑製造業；C802200 塗料、油漆、染料及顏料製造業；ZZ99999 除許可業務外，得經營法令非禁止或限制之業務,桃園市,變更,11506
28113764,神雲科技股份有限公司,桃園市龜山區文化二路202號,何繼武,4134874030,,115/06/09,發行新股,CC01030 電器及視聽電子產品製造業；CC01060 有線通信機械器材製造業；CC01070 無線通信機械器材製造業；CC01080 電子零組件製造業；CC01100 電信管制射頻器材製造業；CC01110 電腦及其週邊設備製造業；F401010 國際貿易業；I501010 產品設計業；E605010 電腦設備安裝業一、研究．設計、開發、製造及銷售下列產品,桃園市,變更,11506
28115616,睿晶科技股份有限公司,桃園市龍潭區龍園一路100號6樓,焦平海,60000000,,115/06/05,修正章程,CC01080 電子零組件製造業；C801990 其他化學材料製造業；CB01010 機械設備製造業；F401010 國際貿易業研究、設計、開發、製造及銷售下列產品或服務：1.半導體SOI晶圓2.兼營與前項產品相關之產品技術諮詢、服務業務及進出口貿易業務,桃園市,變更,11506
28140755,存億龍企業有限公司,桃園市中壢區過嶺里民族路五段496號（3樓）,鄧裕蓁,10000000,,115/06/15,公司所營事業變更修正章程,ZZ99999 除許可業務外，得經營法令非禁止或限制之業務；F106010 五金批發業；F106020 日常用品批發業；F107010 漆料、塗料批發業；F111090 建材批發業；F401010 國際貿易業；E801020 門窗安裝工程業；E901010 油漆工程業；E903010 防蝕、防銹工程業；CA01050 鋼材二次加工業,桃園市,變更,11506
28145344,凱鈦科技有限公司,桃園市蘆竹區五福里中山路101號,吳哲豪,1000000,,115/06/09,改推董事/董事長,F113010 機械批發業；F113030 精密儀器批發業；F113050 電腦及事務性機器設備批發業；F106030 模具批發業；F106010 五金批發業；F206010 五金零售業；F206030 模具零售業；F213030 電腦及事務性機器設備零售業；F213040 精密儀器零售業；F213080 機械器具零售業,桃園市,變更,11506
28160153,丰鼎媒體股份有限公司,桃園市桃園區成功里中央街26號2樓,楊建國,50000000,,115/06/04,董事/監察人持股變動報備,I401010 一般廣告服務業；I401020 廣告傳單分送業；J305010 有聲出版業；J602010 演藝活動業；J304010 圖書出版業；I301020 資料處理服務業；I301010 資訊軟體服務業；I301030 電子資訊供應服務業；J601010 藝文服務業；JZ99090 喜慶綜合服務業,桃園市,變更,11506
28194203,聖揚倫企業有限公司,桃園市平鎮區大勇街45巷49號,周妮娜,500000,,115/06/01,一般補正案,F104110 布疋、衣著、鞋、帽、傘、服飾品批發業；F106010 五金批發業；F106020 日常用品批發業；F113010 機械批發業；F111090 建材批發業；F105050 家具、寢具、廚房器具、裝設品批發業；F109070 文教、樂器、育樂用品批發業；F401010 國際貿易業；ZZ99999 除許可業務外，得經營法令非禁止或限制之業務；F107030 清潔用品批發業,桃園市,變更,11506
28211049,翰星國際傳播有限公司,桃園市中壢區民權路三段75巷218之7號(1樓),彭薇霖,1200000,,115/06/12,一般補正案,F109070 文教、樂器、育樂用品批發業；F401010 國際貿易業；F601010 智慧財產權業；I103060 管理顧問業；I301020 資料處理服務業；I501010 產品設計業；I502010 服飾設計業；J304010 圖書出版業；J305010 有聲出版業；J503011 廣播節目製作業,桃園市,變更,11506
28320855,崇德科技企業有限公司,桃園市平鎮區南勢里南東路50巷14號(1樓),莊國龍,3000000,,115/06/12,股東出資轉讓修正章程,CC01030 電器及視聽電子產品製造業；C802090 清潔用品製造業；C802100 化粧品製造業；F401010 國際貿易業；ZZ99999 除許可業務外，得經營法令非禁止或限制之業務；F106040 水器材料批發業；F107030 清潔用品批發業；F107050 肥料批發業；F107080 環境用藥批發業；F107200 化學原料批發業,桃園市,變更,11506
28325129,宜兆豐股份有限公司,桃園市蘆竹區吉祥里吉林路121之1號7樓,鄒岱凌,10000000,,115/06/02,公司所營事業變更修正章程,H201010 一般投資業；H701040 特定專業區開發業；E901010 油漆工程業；E903010 防蝕、防銹工程業；F104110 布疋、衣著、鞋、帽、傘、服飾品批發業；F108040 化粧品批發業；F204110 布疋、衣著、鞋、帽、傘、服飾品零售業；F208040 化粧品零售業；H703090 不動產買賣業；E801010 室內裝潢業,桃園市,變更,11506
28325161,正碁國際股份有限公司,桃園市八德區瑞興里1鄰仁德五路58號2樓,邱文冠,50000000,,115/06/05,董事/監察人持股變動報備,CC01110 電腦及其週邊設備製造業；CC01120 資料儲存媒體製造及複製業；E605010 電腦設備安裝業；F113050 電腦及事務性機器設備批發業；F118010 資訊軟體批發業；F401010 國際貿易業；I103060 管理顧問業；I301010 資訊軟體服務業；I301030 電子資訊供應服務業；F104110 布疋、衣著、鞋、帽、傘、服飾品批發業,桃園市,變更,11506
28330538,百奇虹航空貨運承攬有限公司,桃園市桃園區漢中路120號1樓,許春蘭,5000000,,115/06/03,股東出資轉讓修正章程,G601011 航空貨運承攬業；ZZ99999 除許可業務外，得經營法令非禁止或限制之業務,桃園市,變更,11506
28354496,永立詮精密工業股份有限公司,桃園市中壢區永福里中福路2段4號,魏建堂,10000000,,115/06/01,董事/監察人持股變動報備,CA02990 其他金屬製品製造業；CA04010 表面處理業；F119010 電子材料批發業；F106010 五金批發業；F113010 機械批發業；F113990 其他機械器具批發業；F199990 其他批發業；F206010 五金零售業；F213080 機械器具零售業；F213990 其他機械器具零售業,桃園市,變更,11506
28363951,興侑工程有限公司,桃園市桃園區富國路646巷2弄5號(1樓),邱泰傑,12000000,,115/06/10,股東出資轉讓修正章程,E599010 配管工程業；E601010 電器承裝業；E601020 電器安裝業；E603010 電纜安裝工程業；E603040 消防安全設備安裝工程業；E603050 自動控制設備工程業；E603090 照明設備安裝工程業；F106040 水器材料批發業；F113020 電器批發業；F113100 污染防治設備批發業,桃園市,變更,11506
28378883,鑫暘車業股份有限公司,桃園市中壢區普忠路225號,邱明慧,4000000,,115/06/11,減資,CD01040 機車及其零件製造業；F114020 機車批發業；F114030 汽、機車零件配備批發業；F114050 車胎批發業；J101990 其他環境衛生及污染防治服務業；F214020 機車零售業；F214030 汽、機車零件配備零售業；F214050 車胎零售業；F109070 文教、樂器、育樂用品批發業；F113010 機械批發業,桃園市,變更,11506
28379145,夆茂有限公司,桃園市八德區開隆街76巷76號3樓,陳聯錦,63000000,,115/06/08,增資,ZZ99999 除許可業務外，得經營法令非禁止或限制之業務,桃園市,變更,11506
28468863,瞻航海空通運有限公司,桃園市中壢區民族路三段86巷15號,林慧芳,17500000,,115/06/03,法人股東指(改)派代表人為董事,G601011 航空貨運承攬業；F401010 國際貿易業；G402011 海運承攬運送業；ZZ99999 除許可業務外，得經營法令非禁止或限制之業務,桃園市,變更,11506
28491822,佑瑋電信工程有限公司,桃園市中壢區明德里內江街3之3號3樓,劉玉樑,5000000,,115/06/05,股東出資轉讓修正章程,E599010 配管工程業；E701011 電信工程業；E701020 衛星電視ＫＵ頻道、Ｃ頻道器材安裝業；E701030 電信管制射頻器材裝設工程業；EZ06010 交通標示工程業；F113050 電腦及事務性機器設備批發業；F113070 電信器材批發業；F118010 資訊軟體批發業；F119010 電子材料批發業；I301010 資訊軟體服務業,桃園市,變更,11506
28498655,源美建設股份有限公司,桃園市中壢區環北路398號9樓之6,黃民佐,26000000,,115/06/22,改選董事/監察人(一人法人股東指派董事/監察人),H701010 住宅及大樓開發租售業；E801010 室內裝潢業；I401010 一般廣告服務業；I503010 景觀、室內設計業；F111090 建材批發業；ZZ99999 除許可業務外，得經營法令非禁止或限制之業務,桃園市,變更,11506
28507872,名崧企業有限公司,桃園市桃園區藝文里新埔六街95號22樓,游榮輝,1500000,,115/06/29,公司所在地,H701010 住宅及大樓開發租售業；H701020 工業廠房開發租售業；H703090 不動產買賣業；H703100 不動產租賃業；F401010 國際貿易業；F102170 食品什貨批發業；F399990 其他綜合零售業；F501060 餐館業；ZZ99999 除許可業務外，得經營法令非禁止或限制之業務,桃園市,變更,11506
28513939,國成麵粉股份有限公司,桃園市楊梅區富豐里富豐南路22號,韓芳豪,610000000,,115/06/23,一般補正案,C106010 製粉業；C199010 麵條、粉條類食品製造業；C199990 未分類其他食品製造業；F101990 其他農、畜、水產品批發業；F102020 食用油脂批發業；F102170 食品什貨批發業；F103010 飼料批發業；F202010 飼料零售業；ZZ99999 除許可業務外，得經營法令非禁止或限制之業務,桃園市,變更,11506
28520349,建鴻科技有限公司,桃園市平鎮區金陵里環南路三段321巷2弄12號二樓,李浚瑋,45000000,,115/06/18,董事/股東更名,C801010 基本化學工業；C801030 精密化學材料製造業；C801990 其他化學材料製造業；C802120 工業助劑製造業；C802200 塗料、油漆、染料及顏料製造業；C802990 其他化學製品製造業；CC01080 電子零組件製造業；CC01110 電腦及其週邊設備製造業；E605010 電腦設備安裝業；F107020 染料、顏料批發業,桃園市,變更,11506
28523508,商雋實業有限公司,桃園市中壢區高鐵站前西路一段286號9樓之2,段柏宇,10000000,,115/06/18,減少所營事業變更修正章程,H701010 住宅及大樓開發租售業；H701020 工業廠房開發租售業；H701060 新市鎮、新社區開發業；H702010 建築經理業；H703090 不動產買賣業；H703100 不動產租賃業；I401010 一般廣告服務業；I401020 廣告傳單分送業；ZZ99999 除許可業務外，得經營法令非禁止或限制之業務,桃園市,變更,11506
28536341,竣友電氣工程有限公司,桃園市楊梅區梅溪里三元街158號,辛文裕,500000,,115/06/25,股東出資轉讓修正章程,E599010 配管工程業；E601010 電器承裝業；E601020 電器安裝業；E603040 消防安全設備安裝工程業；E603090 照明設備安裝工程業；E801010 室內裝潢業；E801030 室內輕鋼架工程業；F106010 五金批發業；F106040 水器材料批發業；F113020 電器批發業,桃園市,變更,11506
28539683,正鑫塑膠有限公司,桃園市楊梅區員本里民隆路39號,涂漢鑫,3000000,,115/06/09,公司印鑑變更,C804990 其他橡膠製品製造業；C805010 塑膠皮、布、板、管材製造業；C805020 塑膠膜、袋製造業；C805030 塑膠日用品製造業；C805050 工業用塑膠製品製造業；C805060 塑膠皮製品製造業；C805070 強化塑膠製品製造業；C805990 其他塑膠製品製造業；F107190 塑膠膜、袋批發業；F207190 塑膠膜、袋零售業,桃園市,變更,11506
28551757,立城消防企業有限公司,桃園市桃園區汴洲里水岸五街55號(1樓),古金城,20000000,,115/06/23,增資,E603040 消防安全設備安裝工程業；F117010 消防安全設備批發業；IF01010 消防安全設備檢修業；E603090 照明設備安裝工程業；E599010 配管工程業；F106010 五金批發業；E701010 通信工程業；E801010 室內裝潢業；H703100 不動產租賃業；JE01010 租賃業,桃園市,變更,11506
28573555,金創開發有限公司,桃園市桃園區中正路1092號10樓,董政樵,5000000,,115/06/03,公司所在地,F113020 電器批發業；F213010 電器零售業；F118010 資訊軟體批發業；F218010 資訊軟體零售業；F119010 電子材料批發業；F219010 電子材料零售業；F113050 電腦及事務性機器設備批發業；F213030 電腦及事務性機器設備零售業；F104110 布疋、衣著、鞋、帽、傘、服飾品批發業；F204110 布疋、衣著、鞋、帽、傘、服飾品零售業,桃園市,變更,11506
28589064,興億針織股份有限公司,桃園市中壢區合圳北路5號,李元海,36000000,,115/06/09,改選董事/監察人(一人法人股東指派董事/監察人),C301010 紡紗業；C302010 織布業；C305010 印染整理業；C306010 成衣業；F104110 布疋、衣著、鞋、帽、傘、服飾品批發業；F204110 布疋、衣著、鞋、帽、傘、服飾品零售業；F401010 國際貿易業；ZZ99999 除許可業務外，得經營法令非禁止或限制之業務,桃園市,變更,11506
28598486,鼎研生技股份有限公司,桃園市中壢區環北路398號14樓之8,林勝基,89000000,,115/06/25,董事/監察人持股變動報備,F108031 醫療器材批發業；F208031 醫療器材零售業；F113020 電器批發業；F213010 電器零售業；F113030 精密儀器批發業；F213040 精密儀器零售業；F113050 電腦及事務性機器設備批發業；F213030 電腦及事務性機器設備零售業；F118010 資訊軟體批發業；F218010 資訊軟體零售業,桃園市,變更,11506
28624549,佺忻實業有限公司,桃園市蘆竹區營盤里六福路257號7樓,談恩慈,1000000,,115/06/03,公司所在地,J101080 資源回收業；J101030 廢棄物清除業；J101040 廢棄物處理業；F401010 國際貿易業；J101010 建築物清潔服務業；I102010 投資顧問業；I103060 管理顧問業；IZ12010 人力派遣業；IZ10010 排版業；F106010 五金批發業,桃園市,變更,11506
28629452,百浩實業有限公司,桃園市八德區白鷺里廣福路1142巷23弄2號,趙子成,5000000,,115/06/16,增資,F106010 五金批發業；E599010 配管工程業；E601010 電器承裝業；E601020 電器安裝業；E603090 照明設備安裝工程業；E801040 玻璃安裝工程業；E901010 油漆工程業；E903010 防蝕、防銹工程業；F113020 電器批發業；F213010 電器零售業,桃園市,變更,11506
28642151,萬達科技顧問有限公司,桃園市大溪區員林路一段3巷17號12樓,江美怡,12000000,,115/06/26,股東出資轉讓修正章程,F119010 電子材料批發業；E605010 電腦設備安裝業；IZ06010 理貨包裝業；IZ12010 人力派遣業；F107030 清潔用品批發業；F401010 國際貿易業；I301010 資訊軟體服務業；I301020 資料處理服務業；I401010 一般廣告服務業；I401020 廣告傳單分送業,桃園市,變更,11506
28646868,清淨海生技股份有限公司,桃園市平鎮區關爺東路43號,羅允俊,193089280,,115/06/24,改選董事/監察人(一人法人股東指派董事/監察人),C802080 環境用藥製造業；C802090 清潔用品製造業；C802100 化粧品製造業；F102170 食品什貨批發業；F102180 酒精批發業；F106020 日常用品批發業；F107010 漆料、塗料批發業；F107020 染料、顏料批發業；F107030 清潔用品批發業；F108031 醫療器材批發業,桃園市,變更,11506
28660220,碩正科技股份有限公司,桃園市蘆竹區南工路72號,楊允斌,220000000,,115/06/26,董事/監察人持股變動報備,F119010 電子材料批發業；F113030 精密儀器批發業；F401010 國際貿易業；CC01080 電子零組件製造業；CE01030 光學儀器製造業；C805020 塑膠膜、袋製造業；ZZ99999 除許可業務外，得經營法令非禁止或限制之業務,桃園市,變更,11506
28721367,尚詮土木包工業有限公司,桃園市蘆竹區吉林路83號2樓,,800000,,115/06/10,解散,E102011 土木包工業；ZZ99999 除許可業務外，得經營法令非禁止或限制之業務,桃園市,變更,11506
28756169,貝爾威勒電子股份有限公司,桃園市桃園區中正路1071號9樓之1,徐瑞瑛,646000000,,115/06/17,修正章程,CC01110 電腦及其週邊設備製造業；CC01080 電子零組件製造業；CC01090 電池製造業；CQ01010 模具製造業；F113050 電腦及事務性機器設備批發業；F119010 電子材料批發業；F113110 電池批發業；F106030 模具批發業；I501010 產品設計業；F601010 智慧財產權業,桃園市,變更,11506
28757152,帝凱國際實業股份有限公司,桃園市桃園區國際路二段561巷4號,蔡心心,159840000,,115/06/18,額定資本額增加變更章程,F107030 清潔用品批發業；C802990 其他化學製品製造業；C802090 清潔用品製造業；F401010 國際貿易業；ZZ99999 除許可業務外，得經營法令非禁止或限制之業務,桃園市,變更,11506
28766639,虹一企業有限公司,桃園市平鎮區環南路二段11號19樓之4,黃紅源,25000000,,115/06/05,公司所營事業變更修正章程,F102170 食品什貨批發業；IZ06010 理貨包裝業；G801010 倉儲業；F401010 國際貿易業；EZ02010 起重工程業；F203010 食品什貨、飲料零售業；G405010 貨櫃出租業；IZ12010 人力派遣業；JE01010 租賃業；F107030 清潔用品批發業,桃園市,變更,11506
28783861,中福整合行銷股份有限公司,桃園市桃園區龍壽里龍泉六街210號(1樓),黃立中,3000000,,115/06/18,改選董事/監察人(一人法人股東指派董事/監察人),F106010 五金批發業；F113070 電信器材批發業；F114030 汽、機車零件配備批發業；F206010 五金零售業；F214030 汽、機車零件配備零售業；F401010 國際貿易業；F601010 智慧財產權業；IG01010 生物技術服務業；IG03010 能源技術服務業；I102010 投資顧問業,桃園市,變更,11506
28786678,鑫隆運通有限公司,桃園市蘆竹區瓦窯里南山路1段57號8樓,席俊華,3000000,,115/06/04,一般補正案,IZ06010 理貨包裝業；IZ12010 人力派遣業；EZ02010 起重工程業；ZZ99999 除許可業務外，得經營法令非禁止或限制之業務；F199010 回收物料批發業；F106010 五金批發業,桃園市,變更,11506
28811965,彩天科技股份有限公司,桃園市中壢區正義里7鄰中北路二段463號(2樓),呂柏廷,10000000,,115/06/04,公司所在地,A101020 農作物栽培業；A102050 作物栽培服務業；A102080 園藝服務業；A199990 其他農業；A301030 水產養殖業；C104020 烘焙炊蒸食品製造業；C110010 飲料製造業；E601020 電器安裝業；E605010 電腦設備安裝業；E701040 簡易電信設備安裝業,桃園市,變更,11506
28826144,台灣曼茲科技股份有限公司,桃園市中壢區永福里中園路168之1號4樓,林峻生,244295950,,115/06/15,改選董事/監察人(一人法人股東指派董事/監察人),E601020 電器安裝業；E604010 機械安裝業；F113030 精密儀器批發業；F118010 資訊軟體批發業；F119010 電子材料批發業；F213040 精密儀器零售業；F219010 電子材料零售業；F401010 國際貿易業；F218010 資訊軟體零售業；I301010 資訊軟體服務業,桃園市,變更,11506
28870703,禾凱股份有限公司,桃園市桃園區莊敬里中正路1252號2樓,李麗珠,60000000,,115/06/05,變更為閉鎖性,F108031 醫療器材批發業；F208031 醫療器材零售業；H703100 不動產租賃業；JE01010 租賃業；ZZ99999 除許可業務外，得經營法令非禁止或限制之業務；IZ12010 人力派遣業,桃園市,變更,11506
28875952,曦立光電股份有限公司,桃園市龜山區萬壽路1段609號4樓之2,張慕真,49000000,,115/06/16,改選董事/監察人(一人法人股東指派董事/監察人),CC01080 電子零組件製造業；CC01110 電腦及其週邊設備製造業；F113050 電腦及事務性機器設備批發業；F119010 電子材料批發業；F213030 電腦及事務性機器設備零售業；F219010 電子材料零售業；F401010 國際貿易業；F601010 智慧財產權業；I501010 產品設計業；CC01030 電器及視聽電子產品製造業,桃園市,變更,11506
28887351,力泰旅行社股份有限公司,桃園市桃園區愛八街5號1樓,林秋烈,8000000,,115/06/17,一般補正案,J902011 旅行業,桃園市,變更,11506
28889528,喜仕多有限公司,桃園市平鎮區環南路二段271號5樓之1,殷玉容,10000000,,115/06/04,公司所營事業變更修正章程,ZZ99999 除許可業務外，得經營法令非禁止或限制之業務；F102170 食品什貨批發業；F101980 其他動物批發業；A102060 糧商業；F101040 家畜家禽批發業；F111090 建材批發業；F106010 五金批發業；F106020 日常用品批發業；F106040 水器材料批發業；F113020 電器批發業,桃園市,變更,11506
28906364,永旭昶開發有限公司,桃園市蘆竹區中興路626巷33號11樓,陳杰煬,1000000,,115/06/17,公司所在地,E801010 室內裝潢業；E801070 廚具、衛浴設備安裝工程業；EZ99990 其他工程業；F111090 建材批發業；ZZ99999 除許可業務外，得經營法令非禁止或限制之業務,桃園市,變更,11506
28925926,森禾農業科技有限公司,桃園市龜山區南上里民生北路一段40之2號6樓之14,葉綵茱,1000000,,115/06/16,一般補正案,F101100 花卉批發業；F103010 飼料批發業；F107050 肥料批發業；F107070 動物用藥品批發業；F107080 環境用藥批發業；F201010 農產品零售業；F201070 花卉零售業；F202010 飼料零售業；F207050 肥料零售業；F207070 動物用藥零售業,桃園市,變更,11506
28933067,鋐澤機械有限公司,桃園市蘆竹區福祿里五福一路32巷19號(1樓),吳臣洋,3300000,,115/06/17,公司所在地,CA01050 鋼材二次加工業；CA01020 鋼鐵軋延及擠型業；CB01010 機械設備製造業；F113010 機械批發業；F106010 五金批發業；F401010 國際貿易業；ZZ99999 除許可業務外，得經營法令非禁止或限制之業務,桃園市,變更,11506
28937113,長治投資股份有限公司,桃園市桃園區龍祥里國強二街249號1樓,吳健,158500000,,115/06/09,改選董事/監察人(一人法人股東指派董事/監察人),H201010 一般投資業,桃園市,變更,11506
29066613,日新開發有限公司,桃園市平鎮區雙連里民族路雙連2段118巷53弄42號,蕭志堅,5000000,,115/06/15,股東出資轉讓修正章程,F105050 家具、寢具、廚房器具、裝設品批發業；F106010 五金批發業；F106020 日常用品批發業；F107030 清潔用品批發業；F205040 家具、寢具、廚房器具、裝設品零售業；F206010 五金零售業；F206020 日常用品零售業；F207030 清潔用品零售業；F401010 國際貿易業；IG02010 研究發展服務業,桃園市,變更,11506
29083562,津味企業有限公司,桃園市大溪區新光東路61巷20弄6號,陳金界,12000000,,115/06/02,股東出資轉讓修正章程,C199030 即食餐食製造業；ZZ99999 除許可業務外，得經營法令非禁止或限制之業務；F101130 蔬果批發業；F501060 餐館業,桃園市,變更,11506
29086224,艾曼達實業有限公司,桃園市桃園區大興里春日路1119號12樓之3,葉維中,10000000,,115/06/16,公司所營事業變更修正章程,F111090 建材批發業；E801010 室內裝潢業；F105050 家具、寢具、廚房器具、裝設品批發業；F106010 五金批發業；F120010 耐火材料批發業；F401010 國際貿易業；C901070 石材製品製造業；F115020 礦石批發業；I501010 產品設計業；I503010 景觀、室內設計業,桃園市,變更,11506
29094152,吉陞國際開發有限公司,桃園市桃園區中寧里大興西路二段31號5樓,蕭振貴,5000000,,115/06/26,公司所營事業變更修正章程,F104110 布疋、衣著、鞋、帽、傘、服飾品批發業；JZ99050 仲介服務業；IZ12010 人力派遣業；I701011 就業服務業；F401010 國際貿易業；I102010 一般投資顧問業；I103060 管理顧問業；JD01010 工商徵信服務業；JB01010 會議及展覽服務業；JZ99090 喜慶綜合服務業,桃園市,變更,11506
29100540,宏達檢測有限公司,桃園市龜山區文化里公園路32號7樓,李華麗,12500000,,115/06/03,公司所營事業變更修正章程,IF04010 非破壞檢測業；F113010 機械批發業；F113030 精密儀器批發業；F113990 其他機械器具批發業；F213040 精密儀器零售業；F213080 機械器具零售業；F213990 其他機械器具零售業；F401010 國際貿易業；I103060 管理顧問業；I199990 其他顧問服務業,桃園市,變更,11506
29102076,名贊建設股份有限公司,桃園市桃園區同安里同德六街89號14樓之3,余詮泓,30000000,,115/06/23,董事/監察人持股變動報備,H701010 住宅及大樓開發租售業；H701020 工業廠房開發租售業；H701050 投資興建公共建設業；H701060 新市鎮、新社區開發業；E801010 室內裝潢業；I401010 一般廣告服務業；I503010 景觀、室內設計業；F111090 建材批發業；H703100 不動產租賃業；H703090 不動產買賣業,桃園市,變更,11506
29108281,沛紳科技有限公司,桃園市平鎮區新榮里崇德街24巷18號（1樓）,申鎮源,1000000,,115/06/16,公司所在地,E601010 電器承裝業；E601020 電器安裝業；E603050 自動控制設備工程業；E604010 機械安裝業；F206010 五金零售業；F206030 模具零售業；F213010 電器零售業；F213030 電腦及事務性機器設備零售業；F213040 精密儀器零售業；F213080 機械器具零售業,桃園市,變更,11506
29129504,全致資訊科技有限公司,桃園市桃園區江南十街75巷1弄1號,洪秋燕,10000000,,115/06/30,股東出資轉讓修正章程,F113020 電器批發業；F113050 電腦及事務性機器設備批發業；JA02010 電器及電子產品修理業；F213010 電器零售業；F213030 電腦及事務性機器設備零售業；F219010 電子材料零售業；E601020 電器安裝業；E605010 電腦設備安裝業；F119010 電子材料批發業；ZZ99999 除許可業務外，得經營法令非禁止或限制之業務,桃園市,變更,11506
29173971,台宇工程有限公司,桃園市桃園區中興街16號八樓之三,王坤亮,5000000,,115/06/09,股東出資轉讓修正章程,EZ02010 起重工程業；F106010 五金批發業；F111090 建材批發業；F199010 回收物料批發業；F206010 五金零售業；F211010 建材零售業；F213080 機械器具零售業；F299990 其他零售業；F401010 國際貿易業；J101030 廢棄物清除業,桃園市,變更,11506
29174417,普毓電子有限公司,桃園市龜山區新嶺里1鄰優美街7巷7號4樓,許棓棕,1000000,,115/06/03,股東出資轉讓修正章程,CB01020 事務機器製造業；CC01030 電器及視聽電子產品製造業；CC01080 電子零組件製造業；F113050 電腦及事務性機器設備批發業；F119010 電子材料批發業；F213010 電器零售業；F401010 國際貿易業；ZZ99999 除許可業務外，得經營法令非禁止或限制之業務；CD01030 汽車及其零件製造業；CD01040 機車及其零件製造業,桃園市,變更,11506
29515800,三和紙業股份有限公司,桃園市八德區廣德里新興路三和巷52號,傅冠群,180000000,,115/06/26,修正章程,,桃園市,變更,11506
30840213,人人化學製藥股份有限公司,桃園市中壢區南園二路三號,林智暉,30000000,,115/06/24,改選董事/監察人(一人法人股東指派董事/監察人),C802041 西藥製造業；F102170 食品什貨批發業；F108021 西藥批發業；F208021 西藥零售業；F203010 食品什貨、飲料零售業；ZZ99999 除許可業務外，得經營法令非禁止或限制之業務,桃園市,變更,11506
31211825,台灣貝克工業股份有限公司,桃園市龍潭區高平里19鄰龍源路30巷32號1樓,貝克羅倫,27759350,,115/06/01,改選董事/監察人(一人法人股東指派董事/監察人),E605010 電腦設備安裝業；E701010 通信工程業；E701030 電信管制射頻器材裝設工程業；EZ05010 儀器、儀表安裝工程業；F113030 精密儀器批發業；F113050 電腦及事務性機器設備批發業；F113070 電信器材批發業；F114070 航空器及其零件批發業；F119010 電子材料批發業；F401010 國際貿易業,桃園市,變更,11506
33284077,華城電機股份有限公司,桃園市中壢區吉林路10號,許邦福,3158808440,,115/06/26,改選董事/監察人(一人法人股東指派董事/監察人),CC01010 發電、輸電、配電機械製造業；CC01080 電子零組件製造業；CC01990 其他電機及電子機械器材製造業；E601010 電器承裝業；E603040 消防安全設備安裝工程業；E603050 自動控制設備工程業；EZ05010 儀器、儀表安裝工程業；F113020 電器批發業；F114030 汽、機車零件配備批發業；F213010 電器零售業,桃園市,變更,11506
33715750,日上精機工業股份有限公司,桃園市中壢區明德里長沙路118號（1樓）,陳光賢,5000000,,115/06/16,減資,ZZ99999 除許可業務外，得經營法令非禁止或限制之業務,桃園市,變更,11506
33750329,美隆工業股份有限公司,桃園市桃園區幸福路99號,吳堂誌,1585732440,,115/06/16,補選董事(常務董事.董事長)/監察人,ZZ99999 除許可業務外，得經營法令非禁止或限制之業務；F401021 電信管制射頻器材輸入業；CC01101 電信管制射頻器材製造業,桃園市,變更,11506
33814528,寬大交通有限公司,桃園市桃園區同德里中正路1071號6樓之5,陳姿琳,20000000,,115/06/11,一般補正案,G101061 汽車貨運業；G202010 停車場經營業；F114010 汽車批發業；F214010 汽車零售業；J101030 廢棄物清除業；J101040 廢棄物處理業；ZZ99999 除許可業務外，得經營法令非禁止或限制之業務；EZ02010 起重工程業；JE01010 租賃業；IZ12010 人力派遣業,桃園市,變更,11506
33916996,東源物流事業股份有限公司,桃園市龜山區大華里頂湖五街18之1號,陳盛沺,433884920,,115/06/03,修正章程,G101061 汽車貨運業；G101081 汽車貨櫃貨運業；G801010 倉儲業；IZ06010 理貨包裝業；F213010 電器零售業；F119010 電子材料批發業；F219010 電子材料零售業；F102040 飲料批發業；F102170 食品什貨批發業；F209060 文教、樂器、育樂用品零售業（玩具槍除外）,桃園市,變更,11506
34362620,台灣林吉金屬股份有限公司,桃園市龜山區龍壽里龍校街117號,徐德盛,494142870,,115/06/25,改選董事/監察人(一人法人股東指派董事/監察人),CA01050 鋼材二次加工業；CA01130 銅材二次加工業；CA01990 其他非鐵金屬基本工業（在常溫中對具有塑性之各種金屬線材如鋼鐵類、不銹鋼類、銅及銅合金類、鈦及鈦合金類等之金屬線材及管材加工成三角形、四角形、六角形、八角形、橢圓形等斷面面積在800厘米平方以下之各種斷面為異形狀，如異形線、異形條、異形棒、異形管等材料）。；F106010 五金批發業；F206010 五金零售業前各項有關業務之經營及進出口貿易。,桃園市,變更,11506
34495136,禾華營造股份有限公司,桃園市龜山區文化里13鄰文化二路185巷7號1樓,吳清湖,430000000,,115/06/16,額定資本額增加變更章程,H701010 住宅及大樓開發租售業；H701020 工業廠房開發租售業；H701040 特定專業區開發業；H701050 投資興建公共建設業；H701060 新市鎮、新社區開發業；H701070 區段徵收及市地重劃代辦業；H701080 都市更新重建業；H703090 不動產買賣業；H703100 不動產租賃業；E101011 綜合營造業,桃園市,變更,11506
34690362,日振機械有限公司,桃園市蘆竹區大竹里新福街52之1號,陳柏村,5000000,,115/06/09,改推董事/董事長,H703010 廠房出租業；I601010 租賃業；CA02010 金屬建築結構及組件製造業；CN01010 家具及裝設品製造業；CH01010 體育用品製造業；ZZ99999 除許可業務外，得經營法令非禁止或限制之業務,桃園市,變更,11506
35012903,大西洋飲料股份有限公司,桃園市平鎮區南勢里2鄰南東路410號,蘇芸樂,566226270,,115/06/16,修正章程,C110010 飲料製造業；F102040 飲料批發業；F203010 食品什貨、飲料零售業；F301010 百貨公司業；F301020 超級市場業；F401010 國際貿易業；F501030 飲料店業；F501050 飲酒店業；F501060 餐館業；H701010 住宅及大樓開發租售業,桃園市,變更,11506
35286207,南洋染整股份有限公司,桃園市蘆竹區山腳里南山路3段233號,何鈞,620000000,,115/06/25,修正章程,H701020 工業廠房開發租售業；H703010 廠房出租業；H703020 倉庫出租業；H703030 辦公大樓出租業；ZZ99999 除許可業務外，得經營法令非禁止或限制之業務,桃園市,變更,11506
35489006,永發鋼鐵工業股份有限公司,桃園市龜山區楓福里長壽路86號,陳佳君,357390000,,115/06/24,改選董事/監察人(一人法人股東指派董事/監察人),CA01050 鋼材二次加工業；CB01010 機械設備製造業；F113010 機械批發業；CA01080 鍊鋁業；CA01100 鋁材軋延、伸線、擠型業；CA01990 其他非鐵金屬基本工業；CN01010 家具及裝設品製造業；CR01010 瓦斯器材及其零件製造業；F105050 家具、寢具、廚房器具、裝設品批發業；F401010 國際貿易業,桃園市,變更,11506
35502269,僑興煤氣有限公司,桃園市新屋區頭洲里一鄰新榮路94號,葉黎櫻,500000,,115/06/15,股東出資轉讓修正章程,,桃園市,變更,11506
35928390,致威精機企業有限公司,桃園市龜山區茶專一街112巷32號1樓,蔡宛諺,29000000,,115/06/29,減少所營事業變更修正章程,F106010 五金批發業；F401010 國際貿易業；H703100 不動產租賃業；ZZ99999 除許可業務外，得經營法令非禁止或限制之業務,桃園市,變更,11506
36011207,立揚化工有限公司,桃園市龜山區忠義路一段167巷2弄11號（1樓）,李新添,5000000,,115/06/04,減資,F107010 漆料、塗料批發業；F107020 染料、顏料批發業；F199990 其他批發業；C802200 塗料、油漆、染料及顏料製造業；C805010 塑膠皮、布、板、管材製造業；ZZ99999 除許可業務外，得經營法令非禁止或限制之業務,桃園市,變更,11506
36049822,陽程科技股份有限公司,桃園市大園區溪海里8鄰聖德北路68號,黃秋逢,612730080,,115/06/29,補選董事(常務董事.董事長)/監察人,E603020 電梯安裝工程業；E604010 機械安裝業；CB01010 機械設備製造業；CB01030 污染防治設備製造業；CB01990 其他機械製造業（機械零組件）；CC01010 發電、輸電、配電機械製造業；CC01030 電器及視聽電子產品製造業；CC01060 有線通信機械器材製造業；CC01070 無線通信機械器材製造業；CC01080 電子零組件製造業,桃園市,變更,11506
36075449,上品綜合工業股份有限公司,桃園市中壢區領航南路3段188號14樓,侯嘉生,799760000,,115/06/12,修正章程,C805010 塑膠皮、布、板、管材製造業；C805020 塑膠膜、袋製造業；C805050 工業用塑膠製品製造業；CB01010 機械設備製造業；CB01030 污染防治設備製造業,桃園市,變更,11506
36123364,昶和纖維興業股份有限公司,桃園市蘆竹區南崁路1段277號,陳明澤,1604052440,,115/06/26,改選董事/監察人(一人法人股東指派董事/監察人),C306010 成衣業；C399990 其他織品及紡織製品製造業（花邊、畫布、毛巾、床單、睡袋、桌巾及窗簾）；F104040 皮包、手提袋、皮箱批發業；F104990 其他布疋、衣著、服飾品批發業（畫布）；CM01010 箱、包、袋製造業,桃園市,變更,11506
36189885,永達金屬雕刻股份有限公司,桃園市龜山區嶺頂里長壽路26號,陳慶耀,5000000,,115/06/11,改選董事/監察人(一人法人股東指派董事/監察人),,桃園市,變更,11506
36256096,謚欣機械工程股份有限公司,桃園市龜山區文化里華亞五路116巷8號,王銘松,28200000,,115/06/01,董事/監察人持股變動報備,,桃園市,變更,11506
36274545,天田股份有限公司,桃園市龜山區文明路21號,蔡永興,82670000,,115/06/29,改選董事/監察人(一人法人股東指派董事/監察人),CB01010 機械設備製造業；E604010 機械安裝業；F113010 機械批發業；CP01010 手工具製造業；CQ01010 模具製造業；F113030 精密儀器批發業；F112040 石油製品批發業；F113060 度量衡器批發業；F107190 塑膠膜、袋批發業；C701010 印刷業,桃園市,變更,11506
36286578,勝勝交通有限公司,桃園市大溪區大鶯路1352號,盧姵蓉,15000000,,115/06/24,申登機關變更（遷入，含卷）,,桃園市,變更,11506
36355820,久綸實業有限公司,桃園市桃園區雲林里大豐路62號5樓,林麗菁,10000000,,115/06/29,股東出資轉讓修正章程,C601030 紙容器製造業；C601040 加工紙製造業；C703010 印刷品裝訂及加工業；CM01010 箱、包、袋製造業；F199010 回收物料批發業；J101040 廢棄物處理業；J101090 廢棄物清理業；F401010 國際貿易業；F106010 五金批發業；J101080 資源回收業,桃園市,變更,11506
40673306,豫富營造股份有限公司,桃園市桃園區經國一路86號18樓,郭啟權,88000000,,115/06/03,公司所在地,E101011 綜合營造業；ZZ99999 除許可業務外，得經營法令非禁止或限制之業務,桃園市,變更,11506
42561475,長青生醫科技股份有限公司,桃園市八德區榮興路73巷24號1樓,賴家德,13080000,,115/06/05,減資,CF01011 醫療器材製造業；F108031 醫療器材批發業；F113030 精密儀器批發業；F119010 電子材料批發業；ZZ99999 除許可業務外，得經營法令非禁止或限制之業務,桃園市,變更,11506
42572959,翊暐泰科技有限公司,桃園市八德區興中里建德路78號6樓,吳筱翠,1000000,,115/06/16,股東出資轉讓修正章程,F119010 電子材料批發業；F219010 電子材料零售業；F113010 機械批發業；F213080 機械器具零售業；E603050 自動控制設備工程業；E604010 機械安裝業；EZ99990 其他工程業；F401010 國際貿易業；I501010 產品設計業；I599990 其他設計業,桃園市,變更,11506
42573394,旭証國際企業有限公司,桃園市中壢區青峰路一段47號5樓,李佳益,1000000,,115/06/26,申登機關變更（遷入，含卷）,F108040 化粧品批發業；F208040 化粧品零售業；I103060 管理顧問業；I199990 其他顧問服務業；F102170 食品什貨批發業；F106020 日常用品批發業；F107030 清潔用品批發業；F113010 機械批發業；F121010 食品添加物批發業；F199990 其他批發業,桃園市,變更,11506
42582561,永眾航空貨運承攬有限公司,桃園市蘆竹區新福街28之3號1樓,許家瑜,5000000,,115/06/08,減少所營事業變更修正章程,G799990 其他運輸輔助業；IZ09010 管理系統驗證業；IZ12010 人力派遣業；I199990 其他顧問服務業；I301010 資訊軟體服務業；I301020 資料處理服務業；I301030 電子資訊供應服務業；F401010 國際貿易業；IZ99990 其他工商服務業；JZ99990 未分類其他服務業,桃園市,變更,11506
42591908,揚秦國際企業股份有限公司,桃園市中壢區合江路16號,卓靖倫,373742460,,115/06/16,一般補正案,C104020 烘焙炊蒸食品製造業；F101050 水產品批發業；F101130 蔬果批發業；F102170 食品什貨批發業；F201010 農產品零售業；F201020 畜產品零售業；F201030 水產品零售業；F203010 食品什貨、飲料零售業；F401010 國際貿易業；F501060 餐館業,桃園市,變更,11506
42592505,歐麥第國際有限公司,桃園市中壢區龍岡路三段37巷53弄6號,胡錦芳,11000000,,115/06/26,公司所營事業變更修正章程,F213010 電器零售業；F113020 電器批發業；E601010 電器承裝業；E603090 照明設備安裝工程業；E606010 用電設備檢驗維護業；IG03010 能源技術服務業；F119010 電子材料批發業；F219010 電子材料零售業；F113050 電腦及事務性機器設備批發業；F213030 電腦及事務性機器設備零售業,桃園市,變更,11506
42597902,聯盛國際興業有限公司,桃園市平鎮區大興街60號8樓,吳源泰,22000000,,115/06/02,公司所在地,F111090 建材批發業；F114010 汽車批發業；F114030 汽、機車零件配備批發業；F114050 車胎批發業；F214010 汽車零售業；F214030 汽、機車零件配備零售業；F214050 車胎零售業；F401010 國際貿易業；J101030 廢棄物清除業；J101040 廢棄物處理業,桃園市,變更,11506
42608020,歐瑞普國際股份有限公司,桃園市桃園區大有路401號11樓,郭武文,800000,,115/06/23,董事長印鑑變更,ZZ99999 除許可業務外，得經營法令非禁止或限制之業務；F105050 家具、寢具、廚房器具、裝設品批發業；F106010 五金批發業；F106020 日常用品批發業；F106040 水器材料批發業；F106050 陶瓷玻璃器皿批發業；F107030 清潔用品批發業；F107190 塑膠膜、袋批發業；F109070 文教、樂器、育樂用品批發業；F113020 電器批發業,桃園市,變更,11506
42609816,樂達創意科技股份有限公司,桃園市中壢區青峰路一段47號6樓,黃哲瑄,26020470,,115/06/05,發行新股,I301010 資訊軟體服務業；I301020 資料處理服務業；I301030 電子資訊供應服務業；I501010 產品設計業；I599990 其他設計業；IG02010 研究發展服務業；E603050 自動控制設備工程業；E605010 電腦設備安裝業；E701040 簡易電信設備安裝業；F213010 電器零售業,桃園市,變更,11506
42617739,輝動系統有限公司,桃園市中壢區新街里環北路398號5樓之6,何添祥,5000000,,115/06/10,公司所在地,CB01010 機械設備製造業；CC01030 電器及視聽電子產品製造業；CC01040 照明設備製造業；CC01060 有線通信機械器材製造業；CC01070 無線通信機械器材製造業；CC01110 電腦及其週邊設備製造業；CC01120 資料儲存媒體製造及複製業；CE01010 一般儀器製造業；CE01030 光學儀器製造業；F113010 機械批發業,桃園市,變更,11506
42643271,達明機器人股份有限公司,桃園市龜山區華亞二路58之2號5樓,何世池,1046090000,,115/06/09,額定資本額增加變更章程,CB01010 機械設備製造業；CC01010 發電、輸電、配電機械製造業；CC01030 電器及視聽電子產品製造業；CC01080 電子零組件製造業；CD01030 汽車及其零件製造業；F113010 機械批發業；F114010 汽車批發業；F114050 車胎批發業；F119010 電子材料批發業；F213010 電器零售業,桃園市,變更,11506
42651617,揚海國際股份有限公司,桃園市龜山區文化里公園路8號15樓,黃啓彰,5000000,,115/06/15,改選董事/監察人(一人法人股東指派董事/監察人),C802990 其他化學製品製造業；F106010 五金批發業；F199010 回收物料批發業；F401010 國際貿易業；F113010 機械批發業；F113990 其他機械器具批發業；ZZ99999 除許可業務外，得經營法令非禁止或限制之業務,桃園市,變更,11506
42712972,嚨福工業有限公司,桃園市大園區民生路125之1號,歐嘉昌,29800000,,115/06/22,增資,F106010 五金批發業；F113010 機械批發業；F206010 五金零售業；F213080 機械器具零售業；F401010 國際貿易業；G801010 倉儲業；ZZ99999 除許可業務外，得經營法令非禁止或限制之業務；F113060 度量衡器批發業；F213050 度量衡器零售業；F401181 度量衡器輸入業,桃園市,變更,11506
42727659,捷富通科技有限公司,桃園市龜山區東舊路街118巷128號,蔡富名,3000000,,115/06/01,增資,F113020 電器批發業；F118010 資訊軟體批發業；F119010 電子材料批發業；F399040 無店面零售業；F401010 國際貿易業；I301020 資料處理服務業；I301030 電子資訊供應服務業；ZZ99999 除許可業務外，得經營法令非禁止或限制之業務；E601010 電器承裝業；E601020 電器安裝業,桃園市,變更,11506
42749008,阿法碼科技股份有限公司,桃園市中壢區興平里中豐北路63號7樓之1,謝侑達,23333330,,115/06/26,一般補正案,F219010 電子材料零售業；F213060 電信器材零售業；F213030 電腦及事務性機器設備零售業；F218010 資訊軟體零售業；F401010 國際貿易業；I301010 資訊軟體服務業；I301020 資料處理服務業；E605010 電腦設備安裝業；F399040 無店面零售業；JE01010 租賃業,桃園市,變更,11506
42761522,禾蘴機械股份有限公司,桃園市新屋區社子里社子路252巷220號,周采螢,30000000,,115/06/16,改選董事/監察人(一人法人股東指派董事/監察人),C801100 合成樹脂及塑膠製造業；CA02990 其他金屬製品製造業；CB01010 機械設備製造業；CQ01010 模具製造業；E603050 自動控制設備工程業；F106010 五金批發業；F113010 機械批發業；F106030 模具批發業；F107190 塑膠膜、袋批發業；F206010 五金零售業,桃園市,變更,11506
42770521,富江餐飲有限公司,桃園市中壢區中建里延平路560號1樓,邱建誠,500000,,115/06/10,公司印鑑變更,F203010 食品什貨、飲料零售業；F401010 國際貿易業；F501060 餐館業；F501990 其他餐飲業；ZZ99999 除許可業務外，得經營法令非禁止或限制之業務,桃園市,變更,11506
42778761,原春室內裝修工程有限公司,桃園市桃園區三和街5號1樓,許翊玲,1000000,,115/06/15,股東出資轉讓修正章程,E603040 消防安全設備安裝工程業；E801010 室內裝潢業；E801020 門窗安裝工程業；E801030 室內輕鋼架工程業；E801040 玻璃安裝工程業；E801070 廚具、衛浴設備安裝工程業；E901010 油漆工程業；E903010 防蝕、防銹工程業；EZ99990 其他工程業；H701010 住宅及大樓開發租售業,桃園市,變更,11506
42784530,樂萌寶有限公司,桃園市楊梅區豐野里中正路420巷8弄9號1樓,彭康憲,1500000,,115/06/16,公司所營事業變更修正章程,F204110 布疋、衣著、鞋、帽、傘、服飾品零售業；F399040 無店面零售業；ZZ99999 除許可業務外，得經營法令非禁止或限制之業務；F105050 家具、寢具、廚房器具、裝設品批發業；F205040 家具、寢具、廚房器具、裝設品零售業；CN01010 家具及裝設品製造業；F401010 國際貿易業,桃園市,變更,11506
42785192,倢順科技有限公司,桃園市蘆竹區南山路2段120號,陳彥儒,1700000,,115/06/12,公司所在地,C805010 塑膠皮、布、板、管材製造業；C805030 塑膠日用品製造業；C805990 其他塑膠製品製造業；F401010 國際貿易業；ZZ99999 除許可業務外，得經營法令非禁止或限制之業務；I501010 產品設計業；I599990 其他設計業；I103060 管理顧問業；F104110 布疋、衣著、鞋、帽、傘、服飾品批發業；F105050 家具、寢具、廚房器具、裝設品批發業,桃園市,變更,11506
42785670,融聯股份有限公司,桃園市桃園區藝文一街56號6樓,黃雅瑄,40000000,,115/06/04,董事/監察人地址變更,H701010 住宅及大樓開發租售業；H703090 不動產買賣業；H703100 不動產租賃業；IZ16010 餐具清洗業；J799990 其他休閒服務業；ZZ99999 除許可業務外，得經營法令非禁止或限制之業務,桃園市,變更,11506
42821900,穎台科技股份有限公司,桃園市平鎮區湧豐里工業五路12號,王志鴻,1095000000,,115/06/29,發行新股,CC01080 電子零組件製造業；F107010 漆料、塗料批發業；F107200 化學原料批發業；C805010 塑膠皮、布、板、管材製造業；C805030 塑膠日用品製造業；F119010 電子材料批發業；F219010 電子材料零售業；F401010 國際貿易業；ZZ99999 除許可業務外，得經營法令非禁止或限制之業務,桃園市,變更,11506
42822210,泉長股份有限公司,桃園市桃園區清溪二路73號(二樓),蕭立志,10000000,,115/06/15,申登機關變更（遷入，含卷）,H201010 一般投資業；H701010 住宅及大樓開發租售業；ZZ99999 除許可業務外，得經營法令非禁止或限制之業務,桃園市,變更,11506
42864132,恆縉國際事業有限公司,桃園市蘆竹區內厝里油管路一段676巷25號(1樓),趙威勝,6000000,,115/06/22,公司名稱變更修正章程,I501010 產品設計業；I599990 其他設計業；F401010 國際貿易業；F106010 五金批發業；F106020 日常用品批發業；F107030 清潔用品批發業；F108031 醫療器材批發業；F199990 其他批發業；F206010 五金零售業；F206020 日常用品零售業,桃園市,變更,11506
42866618,中法鑫實業股份有限公司,桃園市蘆竹區經國路900號10樓,張坤昱,80000000,,115/06/08,公司所營事業變更修正章程,G801010 倉儲業；IZ06010 理貨包裝業；F401010 國際貿易業；JE01010 租賃業；ZZ99999 除許可業務外，得經營法令非禁止或限制之業務；F108040 化粧品批發業；F208040 化粧品零售業；C802100 化粧品製造業,桃園市,變更,11506
42876833,皓元興業有限公司,桃園市中壢區延平路500號12樓之2,陳博凱,1000000,,115/06/12,一般補正案,F102030 菸酒批發業；F102040 飲料批發業；F102050 茶葉批發業；F102170 食品什貨批發業；F104110 布疋、衣著、鞋、帽、傘、服飾品批發業；F105050 家具、寢具、廚房器具、裝設品批發業；F203010 食品什貨、飲料零售業；F203020 菸酒零售業；F204110 布疋、衣著、鞋、帽、傘、服飾品零售業；F205040 家具、寢具、廚房器具、裝設品零售業,桃園市,變更,11506
42890687,饗悅股份有限公司,桃園市桃園區正光路72號(2樓),簡玉玲,3000000,,115/06/10,申登機關變更（遷入，含卷）,F102170 食品什貨批發業；F201010 農產品零售業；F201020 畜產品零售業；F201030 水產品零售業；F203010 食品什貨、飲料零售業；F399990 其他綜合零售業；F401010 國際貿易業；F501990 其他餐飲業；ZZ99999 除許可業務外，得經營法令非禁止或限制之業務；I103060 管理顧問業,桃園市,變更,11506
42959622,士迪有限公司,桃園市觀音區福祥街86號12樓,陳筠淇,16000000,,115/06/03,增資,CA04010 表面處理業；CB01010 機械設備製造業；CC01010 發電、輸電、配電機械製造業；CD01010 船舶及其零件製造業；E401010 疏濬業；E599010 配管工程業；E603010 電纜安裝工程業；E603020 電梯安裝工程業；E603040 消防安全設備安裝工程業；E603050 自動控制設備工程業,桃園市,變更,11506
42969641,歐米國際精品有限公司,桃園市蘆竹區大竹路109號,李明德,9000000,,115/06/09,增資,C307010 服飾品製造業；C401030 皮革、毛皮整製業；C402030 皮革、毛皮製品製造業；CM01010 箱、包、袋製造業；CN01010 家具及裝設品製造業；F104110 布疋、衣著、鞋、帽、傘、服飾品批發業；F105050 家具、寢具、廚房器具、裝設品批發業；F106020 日常用品批發業；F108040 化粧品批發業；F109070 文教、樂器、育樂用品批發業,桃園市,變更,11506
43206306,茂成建設股份有限公司,桃園市中壢區慈惠二街59號四樓,呂理雄,125000000,,115/06/30,董事/監察人持股變動報備,E101011 綜合營造業；E604010 機械安裝業；F106010 五金批發業；F111090 建材批發業；F113010 機械批發業；F113990 其他機械器具批發業；JE01010 租賃業；CA02010 金屬結構及建築組件製造業；CA02030 螺絲、螺帽、螺絲釘、及鉚釘等製品製造業；CB01010 機械設備製造業,桃園市,變更,11506
43628805,三允工業股份有限公司,桃園市中壢區內定里吉林北路5號,王文政,98000000,,115/06/23,改選董事/監察人(一人法人股東指派董事/監察人),,桃園市,變更,11506
43697561,順立企業股份有限公司,桃園市中壢區仁德里崁頂路1507巷57號,陳清峰,5000000,,115/06/01,董事/監察人持股變動報備,,桃園市,變更,11506
43704649,噴聲企業有限公司,桃園市中壢區志廣路82號1樓,鄧張雯惠,12000000,,115/06/25,減少所營事業變更修正章程,CA02010 金屬結構及建築組件製造業；CA02030 螺絲、螺帽、螺絲釘、及鉚釘等製品製造業；CA02050 閥類製造業；CA02990 其他金屬製品製造業；CB01010 機械設備製造業；CB01990 其他機械製造業；CC01010 發電、輸電、配電機械製造業；CC01070 無線通信機械器材製造業；CC01080 電子零組件製造業；CC01110 電腦及其週邊設備製造業,桃園市,變更,11506
43755689,木興號實業股份有限公司,桃園市桃園區北門里民生路401號,呂聰明,10000000,,115/06/15,改選董事/監察人(一人法人股東指派董事/監察人),,桃園市,變更,11506
43767664,聯豐樂器有限公司,桃園市桃園區和興街44號,林韻暄,3000000,,115/06/26,一般補正案,F104110 布疋、衣著、鞋、帽、傘、服飾品批發業；F105050 家具、寢具、廚房器具、裝設品批發業；F109070 文教、樂器、育樂用品批發業；F113010 機械批發業；F113020 電器批發業；F113030 精密儀器批發業；F113050 電腦及事務性機器設備批發業；F117010 消防安全設備批發業；F118010 資訊軟體批發業；F119010 電子材料批發業,桃園市,變更,11506
43784495,弘洲機械有限公司,桃園市蘆竹區中福里龍壽街1段41巷11號,楊鳳周,5000000,,115/06/29,股東出資轉讓修正章程,F113010 機械批發業；F113990 其他機械器具批發業；F106010 五金批發業；CB01010 機械設備製造業；CB01020 事務機器製造業；CB01990 其他機械製造業；CP01010 手工具製造業；E599010 配管工程業；E604010 機械安裝業；E603050 自動控制設備工程業,桃園市,變更,11506
43929746,指南噴砂油漆工程有限公司,桃園市桃園區自強里莊敬路1段181巷41弄7號1樓,呂鳳哖,12400000,,115/06/25,改推董事/董事長,,桃園市,變更,11506
43939202,陸穀實業股份有限公司,桃園市新屋區石磊里8鄰華興路536號,蘇柏嘉,22000000,,115/06/08,改選董事/監察人(一人法人股東指派董事/監察人),,桃園市,變更,11506
44408316,宏榮鋼瓶股份有限公司,桃園市龍潭區烏林里工二路99號,邱源選,71000000,,115/06/12,改選董事/監察人(一人法人股東指派董事/監察人),,桃園市,變更,11506
44411522,台榮興業股份有限公司,桃園市大溪區瑞興里大鶯路536巷65號,吳志仁,29000000,,115/06/24,公司所營事業變更修正章程,C901990 其他非金屬礦物製品製造業；F111090 建材批發業；J101990 其他環境衛生及污染防治服務業；J101030 廢棄物清除業；ZZ99999 除許可業務外，得經營法令非禁止或限制之業務,桃園市,變更,11506
44509829,三能塗料股份有限公司,桃園市中壢區內定二十街158巷56號,蔡東勳,188000000,,115/06/15,改選董事/監察人(一人法人股東指派董事/監察人),E901010 油漆工程業；F107010 漆料、塗料批發業；F207010 漆料、塗料零售業；CD01030 汽車及其零件製造業；CD01040 機車及其零件製造業；F114030 汽、機車零件配備批發業；F214040 自行車及其零件零售業；F114040 自行車及其零件批發業；F214030 汽、機車零件配備零售業；C801100 合成樹脂及塑膠製造業,桃園市,變更,11506
44579401,百壽製藥廠有限公司,桃園市中壢區忠福里中福路349巷36號,陳裕淇,28000000,,115/06/16,一般補正案,F108011 中藥批發業；F208011 中藥零售業；F102170 食品什貨批發業；F203010 食品什貨、飲料零售業；F108040 化粧品批發業；F208040 化粧品零售業；F401010 國際貿易業；ZZ99999 除許可業務外，得經營法令非禁止或限制之業務,桃園市,變更,11506
44721408,泰豐輪胎股份有限公司,桃園市中壢區環北路398號2樓之2,郭林諒,4733292070,,115/06/29,補繳規費,C804010 輪胎製造業；C804020 工業用橡膠製品製造業；C804990 其他橡膠製品製造業；F114030 汽、機車零件配備批發業；F114050 車胎批發業；F214030 汽、機車零件配備零售業；F214050 車胎零售業；F299990 其他零售業；F301010 百貨公司業；F301020 超級市場業,桃園市,變更,11506
44807101,新明實業股份有限公司,桃園市中壢區石頭里中山路141號12樓,劉邦株,135004480,,115/06/05,董事/監察人持股變動報備,F106010 五金批發業；F106020 日常用品批發業；F111090 建材批發業；F206010 五金零售業；F206020 日常用品零售業；F211010 建材零售業；H701010 住宅及大樓開發租售業；H703090 不動產買賣業；H703100 不動產租賃業；I102010 投資顧問業,桃園市,變更,11506
44883108,台灣華可貴股份有限公司,桃園市中壢區吉林北路12號,杵淵真一郎,100000000,,115/06/26,一般補正案,C901070 石材製品製造業；CA02010 金屬結構及建築組件製造業；CA02090 金屬線製品製造業；CZ99020 拉鍊及鈕扣製造業；CZ99990 未分類其他工業製品製造業；E801020 門窗安裝工程業；F105050 家具、寢具、廚房器具、裝設品批發業；F111090 建材批發業；F205040 家具、寢具、廚房器具、裝設品零售業；F211010 建材零售業,桃園市,變更,11506
44947686,正峰工業股份有限公司,桃園市中壢區民族路六段576巷39弄28號,潘素敏,323000000,,115/06/26,一般補正案,CA02090 金屬線製品製造業；CA02990 其他金屬製品製造業；CB01010 機械設備製造業；CB01990 其他機械製造業；CC01010 發電、輸電、配電機械製造業；CC01030 電器及視聽電子產品製造業；CD01030 汽車及其零件製造業；CH01040 玩具製造業；CP01010 手工具製造業；F106010 五金批發業,桃園市,變更,11506
44955117,憶聲電子股份有限公司,桃園市中壢區永福里中園路198號,彭君平,2771574960,,115/06/01,補繳規費,C399990 其他紡織及製品製造業；C802100 化粧品製造業；CB01020 事務機器製造業；CC01030 電器及視聽電子產品製造業；CC01060 有線通信機械器材製造業；CC01070 無線通信機械器材製造業；CC01080 電子零組件製造業；CC01100 電信管制射頻器材製造業；CC01110 電腦及其週邊設備製造業；CE01030 光學儀器製造業,桃園市,變更,11506
44974634,啟美油漆塗料有限公司,桃園市平鎮區復旦里民族路二段155號,江傳芳,2700000,,115/06/29,股東出資轉讓修正章程,,桃園市,變更,11506
44992210,立晶企業有限公司,桃園市中壢區中和路186號(2樓),黃玉珍,5000000,,115/06/24,公司所在地,CA01050 鋼材二次加工業；CA02010 金屬結構及建築組件製造業；CB01010 機械設備製造業；CD01030 汽車及其零件製造業；CD01040 機車及其零件製造業；E604010 機械安裝業；F106010 五金批發業；F113010 機械批發業；F114030 汽、機車零件配備批發業除許可業務外，得經營法令非禁止或限制之業務,桃園市,變更,11506
44997051,桃福運輸有限公司,桃園市中壢區松嶺里民族路5段366號(1樓),陳盛銘,29000000,,115/06/22,公司所在地,G101061 汽車貨運業；J101030 廢棄物清除業；J101080 資源回收業；ZZ99999 除許可業務外，得經營法令非禁止或限制之業務,桃園市,變更,11506
45005352,財福運輸股份有限公司,桃園市中壢區松嶺里民族路5段366號(1樓),陳盛銘,29000000,,115/06/23,改選董事/監察人(一人法人股東指派董事/監察人),G101061 汽車貨運業,桃園市,變更,11506
45011782,千如電機工業股份有限公司,桃園市楊梅區中山里環東路298巷98號,徐錫愷,1050006130,,115/06/25,改選董事/監察人(一人法人股東指派董事/監察人),CC01040 照明設備製造業；CC01080 電子零組件製造業；CC01990 其他電機及電子機械器材製造業；CB01010 機械設備製造業；F113020 電器批發業；F114030 汽、機車零件配備批發業；F119010 電子材料批發業；F213010 電器零售業；F213080 機械器具零售業；F214030 汽、機車零件配備零售業,桃園市,變更,11506
45074456,沛澤生技有限公司,桃園市桃園區新埔六街77號9樓之5,陳宥汝,3200000,,115/06/24,公司所在地,F108040 化粧品批發業；F208040 化粧品零售業；F208050 乙類成藥零售業；I101090 食品顧問業；I103060 管理顧問業；IG01010 生物技術服務業；F203010 食品什貨、飲料零售業；ZZ99999 除許可業務外，得經營法令非禁止或限制之業務；F108031 醫療器材批發業；F208031 醫療器材零售業,桃園市,變更,11506
45092644,百居邑公寓大廈管理維護有限公司,桃園市蘆竹區六福路257號7樓,談恩慈,10000000,,115/06/03,公司所在地,I801011 公寓大廈管理服務業；IZ12010 人力派遣業；ZZ99999 除許可業務外，得經營法令非禁止或限制之業務；E801010 室內裝潢業；F106020 日常用品批發業；F107030 清潔用品批發業；J101010 建築物清潔服務業,桃園市,變更,11506
45101263,嵩瑞有限公司,桃園市桃園區汴洲里經國路888號12樓之14,趙淵卿,8000000,,115/06/02,增資,CB01010 機械設備製造業；F113010 機械批發業；F119010 電子材料批發業；F213080 機械器具零售業；F601010 智慧財產權業；I301010 資訊軟體服務業；I301030 電子資訊供應服務業；F401010 國際貿易業；F113030 精密儀器批發業；ZZ99999 除許可業務外，得經營法令非禁止或限制之業務,桃園市,變更,11506
45101881,復旦科技有限公司,桃園市蘆竹區海湖里海山路二段164號1樓,郭讚銘,2500000,,115/06/26,增資,D401010 熱能供應業；E599010 配管工程業；E603040 消防安全設備安裝工程業；E603050 自動控制設備工程業；E603090 照明設備安裝工程業；E603130 燃氣熱水器承裝業；E604010 機械安裝業；E605010 電腦設備安裝業；E701010 電信工程業；E701020 衛星電視ＫＵ頻道、Ｃ頻道器材安裝業,桃園市,變更,11506
45112043,宇全有限公司,桃園市中壢區龍慈里龍川四街29巷2號,蔡正宏,2000000,,115/06/08,減少所營事業變更修正章程,F102030 菸酒批發業；F102040 飲料批發業；F102170 食品什貨批發業；F106020 日常用品批發業；F108040 化粧品批發業；F113050 電腦及事務性機器設備批發業；F119010 電子材料批發業；F203010 食品什貨、飲料零售業；F203020 菸酒零售業；F206020 日常用品零售業,桃園市,變更,11506
45121676,宏澄氟素科技股份有限公司,桃園市中壢區福全路196巷1號,邱淑珍,28000000,,115/06/09,改選董事/監察人(一人法人股東指派董事/監察人),CA04010 表面處理業；E903010 防蝕、防銹工程業；C805050 工業用塑膠製品製造業；F401010 國際貿易業；E599010 配管工程業；F106010 五金批發業；F206010 五金零售業；F119010 電子材料批發業；F219010 電子材料零售業；ZZ99999 除許可業務外，得經營法令非禁止或限制之業務,桃園市,變更,11506
45129608,隆芯微電子有限公司,桃園市桃園區中正路1101之1號(1樓),柯佑隆,500000,,115/06/09,公司外文名稱登記修正章程,F113050 電腦及事務性機器設備批發業；F113070 電信器材批發業；F118010 資訊軟體批發業；F119010 電子材料批發業；F401010 國際貿易業；I301010 資訊軟體服務業；I301020 資料處理服務業；I301030 電子資訊供應服務業；I401010 一般廣告服務業；I501010 產品設計業,桃園市,變更,11506
45152065,格敦企業股份有限公司,桃園市中壢區忠福里南園二路373號1樓,曾建榮,15000000,,115/06/29,公司所營事業變更修正章程,F401010 國際貿易業；F106020 日常用品批發業；F106010 五金批發業；F106030 模具批發業；F106060 寵物食品及其用品批發業；F104110 布疋、衣著、鞋、帽、傘、服飾品批發業；F109070 文教、樂器、育樂用品批發業；F110010 鐘錶批發業；F399040 無店面零售業；I301010 資訊軟體服務業,桃園市,變更,11506
45164169,羚機企業有限公司,桃園市平鎮區復旦里廣德街34號,陳献仁,5000000,,115/06/09,公司所營事業變更修正章程,C701010 印刷業；C703010 印刷品裝訂及加工業；E603050 自動控制設備工程業；E605010 電腦設備安裝業；E701040 簡易電信設備安裝業；F109070 文教、樂器、育樂用品批發業；F113020 電器批發業；F113050 電腦及事務性機器設備批發業；F113070 電信器材批發業；F118010 資訊軟體批發業,桃園市,變更,11506
45190379,慶生電子股份有限公司,桃園市中壢區松江北路24號,王興榮,350480000,,115/06/23,改選董事/監察人(一人法人股東指派董事/監察人),CC01080 電子零組件製造業；F401010 國際貿易業。,桃園市,變更,11506
46183832,米國屋實業有限公司,桃園市楊梅區上湖三路380巷127號(1樓),張可欣,600000,,115/06/30,股東出資轉讓修正章程,F219010 電子材料零售業；F214030 汽、機車零件配備零售業；F213080 機械器具零售業；F206010 五金零售業；F206020 日常用品零售業；F206030 模具零售業；F214010 汽車零售業；F214020 機車零售業；F213010 電器零售業；F205040 家具、寢具、廚房器具、裝設品零售業,桃園市,變更,11506
50757682,安思比有限公司,桃園市桃園區新埔六街77號9樓之5,鄭鈞瑋,3000000,,115/06/18,申登機關變更（遷入，含卷）,F104110 布疋、衣著、鞋、帽、傘、服飾品批發業；F106020 日常用品批發業；F108040 化粧品批發業；F204110 布疋、衣著、鞋、帽、傘、服飾品零售業；F206020 日常用品零售業；F208040 化粧品零售業；F399040 無店面零售業；F401010 國際貿易業；I103060 管理顧問業；I401010 一般廣告服務業,桃園市,變更,11506
50817942,宥芯有限公司,桃園市大園區新南里溪福路10之1號三樓,李思彤,88888,,115/06/10,股東出資轉讓修正章程,G799990 其他運輸輔助業；IZ06010 理貨包裝業；JE01010 租賃業；F399040 無店面零售業；F401010 國際貿易業；F102170 食品什貨批發業；F104110 布疋、衣著、鞋、帽、傘、服飾品批發業；F108040 化粧品批發業；F113020 電器批發業；F115010 首飾及貴金屬批發業,桃園市,變更,11506
50863797,柏希樂有限公司,桃園市桃園區正光路87號(1樓),陳麗群,6500000,,115/06/10,一般補正案,ZZ99999 除許可業務外，得經營法令非禁止或限制之業務；H701010 住宅及大樓開發租售業；H703090 不動產買賣業；H703100 不動產租賃業；JB01010 會議及展覽服務業；JE01010 租賃業；I105010 藝術品諮詢顧問業；I501010 產品設計業；F102170 食品什貨批發業；F104110 布疋、衣著、鞋、帽、傘、服飾品批發業,桃園市,變更,11506
50890400,美格儲能股份有限公司,桃園市蘆竹區經國路890號12樓,徐瑞姬,181739130,,115/06/29,一般補正案,D401010 熱能供應業；IG03010 能源技術服務業；ZZ99999 除許可業務外，得經營法令非禁止或限制之業務；IG02010 研究發展服務業,桃園市,變更,11506
50904137,臻品霏股份有限公司,桃園市蘆竹區中興里興福街59號(1樓),王譽臻,7700000,,115/06/11,申登機關變更（遷入，含卷）,H201010 一般投資業,桃園市,變更,11506
50904143,阡堡股份有限公司,桃園市蘆竹區中興里福興街59號(一樓),郭展源,7950000,,115/06/09,申登機關變更（遷入，含卷）,H201010 一般投資業,桃園市,變更,11506
50907747,萬鑑國際有限公司,桃園市中壢區水尾里新生路562之1號（1樓）,袁如蘋,3000000,,115/06/22,公司所在地,F102030 菸酒批發業；F203020 菸酒零售業；F401010 國際貿易業；F102170 食品什貨批發業；F105050 家具、寢具、廚房器具、裝設品批發業；F106020 日常用品批發業；F107030 清潔用品批發業；F107080 環境用藥批發業；F108040 化粧品批發業；F203010 食品什貨、飲料零售業,桃園市,變更,11506
50909359,騰鑫發有限公司,桃園市平鎮區平安里興安路118巷28號(1樓),彭秀湧,3000000,,115/06/24,股東出資轉讓修正章程,CA01050 鋼材二次加工業；CA02990 其他金屬製品製造業；CQ01010 模具製造業；CD01030 汽車及其零件製造業；CD01040 機車及其零件製造業；F106030 模具批發業；F113990 其他機械器具批發業；F114030 汽、機車零件配備批發業；F113010 機械批發業；F401010 國際貿易業,桃園市,變更,11506
50910378,鴻緣有限公司,桃園市龜山區大湖里文化三路37巷1號8樓,吳素媚,1000000,,115/06/15,增資,I301010 資訊軟體服務業；JZ99050 仲介服務業；E605010 電腦設備安裝業；F113050 電腦及事務性機器設備批發業；F118010 資訊軟體批發業；F601010 智慧財產權業；F401010 國際貿易業；I401010 一般廣告服務業；I103060 管理顧問業；CC01120 資料儲存媒體製造及複製業,桃園市,變更,11506
50910911,維攀微電子有限公司,桃園市龜山區精忠里長峰路66號4樓之2,李泰毅,2000000,,115/06/24,股東出資轉讓修正章程,CC01080 電子零組件製造業；CC01110 電腦及其週邊設備製造業；F113020 電器批發業；F113030 精密儀器批發業；F113050 電腦及事務性機器設備批發業；F113070 電信器材批發業；F118010 資訊軟體批發業；F119010 電子材料批發業；F199990 其他批發業；F213030 電腦及事務性機器設備零售業,桃園市,變更,11506
50911670,辰龍有限公司,桃園市中壢區石頭里中正路15號10樓之11,陳皓文,400000,,115/06/24,公司所在地,F111090 建材批發業；F120010 耐火材料批發業；F199010 回收物料批發業；F211010 建材零售業；F220010 耐火材料零售業；EZ99990 其他工程業；EZ02010 起重工程業；IZ99990 其他工商服務業；IZ12010 人力派遣業；I101070 農、林、漁、畜牧顧問業,桃園市,變更,11506
50913115,薇霖企業有限公司,桃園市新屋區清華里1鄰清文路449巷63弄37號,廖妤庭,2000000,,115/06/01,股東出資轉讓修正章程,F208040 化粧品零售業；F210020 眼鏡零售業；F207030 清潔用品零售業；F203010 食品什貨、飲料零售業；F108040 化粧品批發業；F110020 眼鏡批發業；F401010 國際貿易業；F399040 無店面零售業；F299990 其他零售業；F199990 其他批發業,桃園市,變更,11506
50913375,將泰營造股份有限公司,桃園市平鎮區貿一路346號(1樓),洪于婷,26000000,,115/06/16,改選董事/監察人(一人法人股東指派董事/監察人),E101011 綜合營造業；ZZ99999 除許可業務外，得經營法令非禁止或限制之業務,桃園市,變更,11506
50914206,叮噹有限公司,桃園市桃園區長美里中正路205號1樓,李錦媚,2000000,,115/06/23,減少所營事業變更修正章程,A102060 糧商業；F201010 農產品零售業；F201020 畜產品零售業；F201030 水產品零售業；F201050 漁具零售業；F201070 花卉零售業；F202010 飼料零售業；F203010 食品什貨、飲料零售業；F203020 菸酒零售業；F204110 布疋、衣著、鞋、帽、傘、服飾品零售業,桃園市,變更,11506
50914748,祐國國際車業有限公司,桃園市大園區民安路167巷6號(1樓),潘柏睿,3000000,,115/06/16,公司所在地,F214010 汽車零售業；F214030 汽、機車零件配備零售業；F214990 其他交通運輸工具及其零件零售業；F399040 無店面零售業；F399990 其他綜合零售業；F401010 國際貿易業；JA01010 汽車修理業；JA01020 汽車拖吊業；JA01990 其他汽車服務業；F114010 汽車批發業,桃園市,變更,11506
50922347,鑫匠室內裝修設計有限公司,桃園市桃園區青溪里中央街208號4樓,郭忠信,5000000,,115/06/29,公司所在地,E801060 室內裝修業；E801010 室內裝潢業；F106010 五金批發業；F111090 建材批發業；F105050 家具、寢具、廚房器具、裝設品批發業；F106020 日常用品批發業；F113020 電器批發業；F401010 國際貿易業；F101100 花卉批發業；I503010 景觀、室內設計業,桃園市,變更,11506
50923465,信展科技有限公司,桃園市中壢區中華路一段743巷38弄32號(1樓),游尚諭,1000000,,115/06/01,公司所營事業變更修正章程,F106010 五金批發業；F113010 機械批發業；F113020 電器批發業；F113030 精密儀器批發業；F113050 電腦及事務性機器設備批發業；F113070 電信器材批發業；F113990 其他機械器具批發業；F119010 電子材料批發業；I501010 產品設計業；IG03010 能源技術服務業,桃園市,變更,11506
50923704,美麗一生有限公司,桃園市桃園區慈光街101巷35號8樓,,50000,,115/06/08,解散,F102170 食品什貨批發業；F203010 食品什貨、飲料零售業；F108040 化粧品批發業；F208040 化粧品零售業；F299990 其他零售業；F399040 無店面零售業；F204110 布疋、衣著、鞋、帽、傘、服飾品零售業；F104110 布疋、衣著、鞋、帽、傘、服飾品批發業；F218010 資訊軟體零售業；F118010 資訊軟體批發業,桃園市,變更,11506
50923922,翊誠科技物流股份有限公司,桃園市桃園區美光街93號(1樓),張哲睿,25000000,,115/06/16,董事(常務董事.董事長)/監察人解任,G101061 汽車貨運業；G801010 倉儲業；IZ06010 理貨包裝業；G702010 船舶勞務承攬業；G409050 工業專用港或工業專用碼頭船舶貨物裝卸承攬業；EZ02010 起重工程業；IZ12010 人力派遣業；JZ99050 仲介服務業；JE01010 租賃業；IZ99990 其他工商服務業,桃園市,變更,11506
50923958,群邑建設股份有限公司,桃園市桃園區中正路1058號15樓,陳志昇,300000000,,115/06/16,減資,H701010 住宅及大樓開發租售業；H701020 工業廠房開發租售業；H701040 特定專業區開發業；H701050 投資興建公共建設業；H701060 新市鎮、新社區開發業；H701070 區段徵收及市地重劃代辦業；H701080 都市更新重建業；H701090 都市更新整建維護業；H702010 建築經理業；H703090 不動產買賣業,桃園市,變更,11506
50924197,新翔昌有限公司,桃園市蘆竹區奉化路166之2號6樓,陳渝淋,20500000,,115/06/04,一般補正案,H701010 住宅及大樓開發租售業；H703100 不動產租賃業；H703090 不動產買賣業；H701020 工業廠房開發租售業；H701060 新市鎮、新社區開發業；H701070 區段徵收及市地重劃代辦業；H701090 都市更新整建維護業；H702010 建築經理業；HZ99990 其他金融、保險及不動產業；I103060 管理顧問業,桃園市,變更,11506
50955888,國丞國際興業有限公司,桃園市蘆竹區山鼻里南山路三段57號(1樓),曾建丞,3000000,,115/06/12,增資,F113050 電腦及事務性機器設備批發業；F213030 電腦及事務性機器設備零售業；F118010 資訊軟體批發業；F218010 資訊軟體零售業；I301010 資訊軟體服務業；I301020 資料處理服務業；I301030 電子資訊供應服務業；I501010 產品設計業；IG03010 能源技術服務業；E603050 自動控制設備工程業,桃園市,變更,11506
50956731,福瑞斯優生技股份有限公司,桃園市龍潭區烏林里中豐路461巷190號8樓,楊彥彬,17000000,,115/06/30,增資(資本總額),A101020 農作物栽培業；A101030 特用作物栽培業；A102020 農產品整理業；C110010 飲料製造業；C111010 製茶業；C103050 罐頭、冷凍、脫水及醃漬食品製造業；F102050 茶葉批發業；F102040 飲料批發業；F102170 食品什貨批發業；F201010 農產品零售業,桃園市,變更,11506
50958127,佳全建設有限公司,桃園市平鎮區廣平街186號(一樓),古哲綸,20000000,,115/06/16,一般補正案,H701010 住宅及大樓開發租售業；H701020 工業廠房開發租售業；H701050 投資興建公共建設業；H701060 新市鎮、新社區開發業；H703090 不動產買賣業；F106010 五金批發業；F111090 建材批發業；E801020 門窗安裝工程業；E801070 廚具、衛浴設備安裝工程業；E901010 油漆工程業,桃園市,變更,11506
50959110,紘維有限公司,桃園市中壢區內定里內定十八街212之1號,許玉芳,300000,,115/06/10,公司所營事業變更修正章程,F102170 食品什貨批發業；F106020 日常用品批發業；F107030 清潔用品批發業；F108040 化粧品批發業；F203010 食品什貨、飲料零售業；F206020 日常用品零售業；F207030 清潔用品零售業；F208040 化粧品零售業；F401010 國際貿易業；F399990 其他綜合零售業,桃園市,變更,11506
50960117,冠恒建設股份有限公司,桃園市平鎮區環南路184號7樓之1,江俊昇,12700000,,115/06/23,增資(資本總額),ZZ99999 除許可業務外，得經營法令非禁止或限制之業務；H701010 住宅及大樓開發租售業；H703090 不動產買賣業；H703100 不動產租賃業；H701020 工業廠房開發租售業；H701040 特定專業區開發業；H701050 投資興建公共建設業；H701070 區段徵收及市地重劃代辦業；H701060 新市鎮、新社區開發業；H701080 都市更新重建業,桃園市,變更,11506
50961116,達飛有限公司,桃園市中壢區延平路353巷37號(3樓),李宥瀞,3500000,,115/06/11,公司所營事業變更修正章程,F104110 布疋、衣著、鞋、帽、傘、服飾品批發業；F204110 布疋、衣著、鞋、帽、傘、服飾品零售業；F109070 文教、樂器、育樂用品批發業；F209060 文教、樂器、育樂用品零售業；F110010 鐘錶批發業；F210010 鐘錶零售業；F110020 眼鏡批發業；F210020 眼鏡零售業；F108040 化粧品批發業；F208040 化粧品零售業,桃園市,變更,11506
50961404,華軒生物科技有限公司,桃園市中壢區內定里內定十八街212之1號,許麗華,300000,,115/06/10,公司所營事業變更修正章程,F102170 食品什貨批發業；F106020 日常用品批發業；F107030 清潔用品批發業；F108040 化粧品批發業；F203010 食品什貨、飲料零售業；F206020 日常用品零售業；F207030 清潔用品零售業；F208040 化粧品零售業；F401010 國際貿易業；F399990 其他綜合零售業,桃園市,變更,11506
50961523,逸嘉國際有限公司,桃園市八德區陸光街60巷3之1號10樓,劉椿暉,600000,,115/06/10,公司所在地,F104110 布疋、衣著、鞋、帽、傘、服飾品批發業；F105050 家具、寢具、廚房器具、裝設品批發業；F113020 電器批發業；F204110 布疋、衣著、鞋、帽、傘、服飾品零售業；F205040 家具、寢具、廚房器具、裝設品零售業；F213010 電器零售業；F399040 無店面零售業；F401010 國際貿易業；F108031 醫療器材批發業；F208031 醫療器材零售業,桃園市,變更,11506
50962121,伽馬文創有限公司,桃園市大園區橫峰里青昇二街58號(1樓),李鎧揚,1050000,,115/06/22,增資,F109070 文教、樂器、育樂用品批發業；F105050 家具、寢具、廚房器具、裝設品批發業；F209060 文教、樂器、育樂用品零售業；F205040 家具、寢具、廚房器具、裝設品零售業；F399040 無店面零售業；F401010 國際貿易業；F601010 智慧財產權業；I401010 一般廣告服務業；I501010 產品設計業；I103060 管理顧問業,桃園市,變更,11506
50964900,奇朔國際有限公司,桃園市平鎮區建安里平東路492巷1弄21號(2樓),許晏甄,2000000,,115/06/23,公司所在地,CA02030 螺絲、螺帽、螺絲釘、及鉚釘等製品製造業；F106010 五金批發業；F111090 建材批發業；F206010 五金零售業；F211010 建材零售業；F401010 國際貿易業；I103060 管理顧問業；H703100 不動產租賃業；H703090 不動產買賣業；F113990 其他機械器具批發業,桃園市,變更,11506
51873512,榮鼎綠能股份有限公司,桃園市觀音區環西路128號,陳志哲,1600000000,,115/06/02,改派董事/監察人,J101040 廢棄物處理業；D101050 汽電共生業；J101030 廢棄物清除業；ZZ99999 除許可業務外，得經營法令非禁止或限制之業務,桃園市,變更,11506
52622373,富全國際股份有限公司,桃園市楊梅區光裕南街126號,張煌樹,3000000,,115/06/25,董事/監察人持股變動報備,A102060 糧商業；CC01080 電子零組件製造業；CC01090 電池製造業；F102030 菸酒批發業；F108040 化粧品批發業；F111090 建材批發業；F113110 電池批發業；F114010 汽車批發業；F114020 機車批發業；F119010 電子材料批發業,桃園市,變更,11506
52638261,安全反光有限公司,桃園市楊梅區楊湖路3段751巷36弄61號,莊香蘭,300000,,115/06/05,股東出資轉讓修正章程,F104110 布疋、衣著、鞋、帽、傘、服飾品批發業；F113090 交通標誌器材批發業；F401010 國際貿易業；C306010 成衣業；C307010 服飾品製造業；C399990 其他紡織及製品製造業；C402030 皮革、毛皮製品製造業；CJ01010 製帽業；I501010 產品設計業；ZZ99999 除許可業務外，得經營法令非禁止或限制之業務,桃園市,變更,11506
52852682,太聯股份有限公司,桃園市觀音區大潭南路188號,苑竣唐,679503000,,115/06/09,改選董事/監察人(一人法人股東指派董事/監察人),C901010 陶瓷及陶瓷製品製造業；CA01090 鋁鑄造業；CA01100 鋁材軋延、伸線、擠型業；CA01120 銅鑄造業；CA01130 銅材軋延、伸線、擠型業；CA02990 其他金屬製品製造業；CC01020 電線及電纜製造業；CC01080 電子零組件製造業；CC01990 其他電機及電子機械器材製造業；D101060 再生能源自用發電設備業,桃園市,變更,11506
53002013,桃園國際機場股份有限公司,桃園市大園區航站南路9號,楊偉甫,58255741440,,115/06/09,修正章程,G606021 航空站經營業；ZZ99999 除許可業務外，得經營法令非禁止或限制之業務,桃園市,變更,11506
53032902,摩比亞科技有限公司,桃園市桃園區龍鳳里龍鳳三街65巷2號1樓,陳安斐,10000000,,115/06/03,公司印鑑變更,F213060 電信器材零售業；F401010 國際貿易業；IE01010 電信業務門號代辦業；IZ09010 管理系統驗證業；F113050 電腦及事務性機器設備批發業；F113070 電信器材批發業；F213030 電腦及事務性機器設備零售業；F401021 電信管制射頻器材輸入業；F108031 醫療器材批發業；F208031 醫療器材零售業,桃園市,變更,11506
53042063,立信精密股份有限公司,桃園市龜山區南上里民生北路一段40之2號3樓之14,葉毓傑,40000000,,115/06/15,一般補正案,CC01010 發電、輸電、配電機械製造業；CC01020 電線及電纜製造業；CC01080 電子零組件製造業；F113070 電信器材批發業；F119010 電子材料批發業；F213060 電信器材零售業；F219010 電子材料零售業；F401010 國際貿易業；I301030 電子資訊供應服務業；ZZ99999 除許可業務外，得經營法令非禁止或限制之業務,桃園市,變更,11506
53042768,正弘氣體股份有限公司,桃園市蘆竹區中福里內定二街636巷81號,張秋源,5000000,,115/06/24,董事/監察人持股變動報備,F107200 化學原料批發業；F207200 化學原料零售業；F199990 其他批發業；F299990 其他零售業；F401010 國際貿易業；C801010 基本化學工業；C802041 西藥製造業；F108021 西藥批發業；F208021 西藥零售業；ZZ99999 除許可業務外，得經營法令非禁止或限制之業務,桃園市,變更,11506
53047476,棋榮五金股份有限公司,桃園市八德區中正北路70號13樓,羅吉圻,6000000,,115/06/25,公司所在地,EZ15010 保溫、保冷安裝工程業；E599010 配管工程業；E603050 自動控制設備工程業；E603090 照明設備安裝工程業；E603040 消防安全設備安裝工程業；E801010 室內裝潢業；E801030 室內輕鋼架工程業；E801040 玻璃安裝工程業；E901010 油漆工程業；EZ06010 交通標示工程業,桃園市,變更,11506
53061125,愛多寶國際有限公司,桃園市龜山區復興北路52號,呂素娟,500000,,115/06/08,股東出資轉讓修正章程,F104110 布疋、衣著、鞋、帽、傘、服飾品批發業；F105050 家具、寢具、廚房器具、裝設品批發業；F106020 日常用品批發業；F106050 陶瓷玻璃器皿批發業；F107030 清潔用品批發業；F109070 文教、樂器、育樂用品批發業；F113020 電器批發業；F199990 其他批發業；F204110 布疋、衣著、鞋、帽、傘、服飾品零售業；F205040 家具、寢具、廚房器具、裝設品零售業,桃園市,變更,11506
53067269,均昂企業有限公司,桃園市平鎮區延平路二段239巷37號14樓,陳文清,1000000,,115/06/03,復業副本,F113010 機械批發業；F119010 電子材料批發業；F114040 自行車及其零件批發業；F113990 其他機械器具批發業；F113030 精密儀器批發業；F107990 其他化學製品批發業；I501010 產品設計業；F401010 國際貿易業；F214010 汽車零售業；F114010 汽車批發業,桃園市,變更,11506
53076295,瑞寶工程股份有限公司,桃園市龍潭區工二路99號,邱華瑞,5000000,,115/06/16,改選董事/監察人(一人法人股東指派董事/監察人),H701020 工業廠房開發租售業；CA01050 鋼材二次加工業；CA02010 金屬結構及建築組件製造業；E601010 電器承裝業；E603100 電焊工程業；E603040 消防安全設備安裝工程業；E502010 燃料導管安裝工程業；E599010 配管工程業；E604010 機械安裝業；E801030 室內輕鋼架工程業,桃園市,變更,11506
53089307,環宇開發生技食品股份有限公司,桃園市大溪區新光東路76巷55號,陳玟娟,5000000,,115/06/25,一般補正案,F101990 其他農、畜、水產品批發業；F102020 食用油脂批發業；F102040 飲料批發業；F102170 食品什貨批發業；F201010 農產品零售業；F201020 畜產品零售業；F201030 水產品零售業；F203010 食品什貨、飲料零售業；F203020 菸酒零售業；F401010 國際貿易業,桃園市,變更,11506
53101870,瑞林投資股份有限公司,桃園市中壢區西園路109號,林文東,31102500,,115/06/05,發行新股,H201010 一般投資業；F401010 國際貿易業；H703100 不動產租賃業；IZ12010 人力派遣業；J701080 水域遊憩活動經營業；J799990 其他休閒服務業；ZZ99999 除許可業務外，得經營法令非禁止或限制之業務,桃園市,變更,11506
53125710,立誠光電股份有限公司,桃園市蘆竹區南山路三段17巷5號6樓,周萬順,300422500,,115/06/01,改選董事/監察人(一人法人股東指派董事/監察人),CB01010 機械設備製造業；CB01020 事務機器製造業；CC01030 電器及視聽電子產品製造業；CC01040 照明設備製造業；CC01080 電子零組件製造業；CC01110 電腦及其週邊設備製造業；CQ01010 模具製造業；F106030 模具批發業；F113010 機械批發業；F113020 電器批發業,桃園市,變更,11506
53129595,聰買有限公司,桃園市蘆竹區鎮江街34號,李郁蘋,2000000,,115/06/11,一般補正案,F203010 食品什貨、飲料零售業；F206020 日常用品零售業；F207030 清潔用品零售業；F208040 化粧品零售業；F299990 其他零售業；F399040 無店面零售業；F399990 其他綜合零售業；JZ99050 仲介服務業；F101050 水產品批發業；F101130 蔬果批發業,桃園市,變更,11506
53130137,冠全展業有限公司,桃園市桃園區春日路1095號,郭宏俊,16000000,,115/06/23,增資,F214010 汽車零售業；F214030 汽、機車零件配備零售業；F401010 國際貿易業；JD01010 工商徵信服務業；JZ99050 仲介服務業；ZZ99999 除許可業務外，得經營法令非禁止或限制之業務；IZ99990 其他工商服務業,桃園市,變更,11506
53134020,吉紡國際股份有限公司,桃園市桃園區大業里春日路636號15樓之1,袁宏嘉,5000000,,115/06/26,改選董事/監察人(一人法人股東指派董事/監察人),F104110 布疋、衣著、鞋、帽、傘、服飾品批發業；F105050 家具、寢具、廚房器具、裝設品批發業；F401010 國際貿易業；F120010 耐火材料批發業；F107190 塑膠膜、袋批發業；IZ06010 理貨包裝業；F199990 其他批發業；ZZ99999 除許可業務外，得經營法令非禁止或限制之業務；E603020 電梯安裝工程業,桃園市,變更,11506
53151012,詮沛企業股份有限公司,桃園市中壢區福壽二街18號,薛維仁,14000000,,115/06/15,增資(資本總額),CC01010 發電、輸電、配電機械製造業；CC01030 電器及視聽電子產品製造業；CC01040 照明設備製造業；CC01080 電子零組件製造業；CC01110 電腦及其週邊設備製造業；CC01120 資料儲存媒體製造及複製業；CC01990 其他電機及電子機械器材製造業；F113020 電器批發業；F113070 電信器材批發業；F119010 電子材料批發業,桃園市,變更,11506
53152434,宏荃科技有限公司,桃園市桃園區自強里莊敬路一段181巷47弄7號(1樓),沈志宏,4000000,,115/06/22,股東出資轉讓修正章程,CB01010 機械設備製造業；CA02010 金屬結構及建築組件製造業；CA04010 表面處理業；E901010 油漆工程業；E903010 防蝕、防銹工程業；F107010 漆料、塗料批發業；F113010 機械批發業；F111090 建材批發業；J101090 廢棄物清理業；J101030 廢棄物清除業,桃園市,變更,11506
53166303,紅酒堡有限公司,桃園市中壢區水尾里環北路375號(1樓),徐腀袗,1000000,,115/06/03,董事/股東更名,F203010 食品什貨、飲料零售業；F203020 菸酒零售業；F204110 布疋、衣著、鞋、帽、傘、服飾品零售業；F206020 日常用品零售業；F208040 化粧品零售業；F215010 首飾及貴金屬零售業；ZZ99999 除許可業務外，得經營法令非禁止或限制之業務；I401010 一般廣告服務業；I401020 廣告傳單分送業；IZ12010 人力派遣業,桃園市,變更,11506
53170974,大器廣告股份有限公司,桃園市桃園區大興里23鄰春日路987之2號,徐瑋營,6250000,,115/06/01,改選董事/監察人(一人法人股東指派董事/監察人),F401010 國際貿易業；I401010 一般廣告服務業；I401020 廣告傳單分送業；I301010 資訊軟體服務業；IZ99990 其他工商服務業；F113050 電腦及事務性機器設備批發業；JZ99050 仲介服務業；ZZ99999 除許可業務外，得經營法令非禁止或限制之業務；JE01010 租賃業；CC01040 照明設備製造業,桃園市,變更,11506
53174205,貿阜實業有限公司,桃園市蘆竹區海山東街37巷85號,高忠光,2000000,,115/06/05,公司所在地,C805030 塑膠日用品製造業；C805020 塑膠膜、袋製造業；C805050 工業用塑膠製品製造業；F207020 染料、顏料零售業；F207190 塑膠膜、袋零售業；IZ06010 理貨包裝業；ZZ99999 除許可業務外，得經營法令非禁止或限制之業務,桃園市,變更,11506
53181445,美標室內裝修工程有限公司,桃園市桃園區上海路143號,鍾育文,5000000,,115/06/15,負責人印鑑變更,E801010 室內裝潢業；I503010 景觀、室內設計業；F105050 家具、寢具、廚房器具、裝設品批發業；F111090 建材批發業；E801070 廚具、衛浴設備安裝工程業；F401010 國際貿易業；J101010 建築物清潔服務業；F106010 五金批發業；E901010 油漆工程業；E601010 電器承裝業,桃園市,變更,11506
53187551,心明興業有限公司,桃園市桃園區經國路280號13樓之2,留健竣,1000000,,115/06/04,股東出資轉讓修正章程,C302010 織布業；F104110 布疋、衣著、鞋、帽、傘、服飾品批發業；F107020 染料、顏料批發業；F107030 清潔用品批發業；F109070 文教、樂器、育樂用品批發業；F401010 國際貿易業；ZZ99999 除許可業務外，得經營法令非禁止或限制之業務,桃園市,變更,11506
53210954,長盛建材有限公司,桃園市桃園區中興街16號八樓之3,游凱鈞,5000000,,115/06/09,股東出資轉讓修正章程,EZ02010 起重工程業；F106010 五金批發業；F111090 建材批發業；F199010 回收物料批發業；F206010 五金零售業；F211010 建材零售業；F213080 機械器具零售業；F299990 其他零售業；F401010 國際貿易業；J101030 廢棄物清除業,桃園市,變更,11506
53260898,震鋼精密科技股份有限公司,桃園市八德區華康街207巷19號（1樓）,謝育晴,27000000,,115/06/03,一般補正案,F113010 機械批發業；F113030 精密儀器批發業；F113990 其他機械器具批發業；F213080 機械器具零售業；E604010 機械安裝業；CB01990 其他機械製造業；ZZ99999 除許可業務外，得經營法令非禁止或限制之業務；F119010 電子材料批發業；F213010 電器零售業；F219010 電子材料零售業,桃園市,變更,11506
53263298,東起國際企業有限公司,桃園市蘆竹區新興里中興二街36號(1樓),歐安東,5000000,,115/06/29,公司印鑑變更,C802090 清潔用品製造業；C802100 化粧品製造業；C802110 化粧品色素製造業；F104110 布疋、衣著、鞋、帽、傘、服飾品批發業；F107030 清潔用品批發業；F108040 化粧品批發業；F204110 布疋、衣著、鞋、帽、傘、服飾品零售業；F207030 清潔用品零售業；F208040 化粧品零售業；F401010 國際貿易業,桃園市,變更,11506
53294193,宇崎科技有限公司,桃園市八德區大福里思源街170號,林劍輝,9500000,,115/06/03,公司所在地,CB01010 機械設備製造業；E604010 機械安裝業；F113010 機械批發業；F213080 機械器具零售業；F206010 五金零售業；F401010 國際貿易業；C805020 塑膠膜、袋製造業；C805030 塑膠日用品製造業；C805050 工業用塑膠製品製造業；C805060 塑膠皮製品製造業,桃園市,變更,11506
53356423,羅氏法蘭股份有限公司,桃園市八德區中正北路70號13樓,羅吉圻,5000000,,115/06/25,公司所在地,EZ15010 保溫、保冷安裝工程業；E599010 配管工程業；E603050 自動控制設備工程業；E603090 照明設備安裝工程業；E603040 消防安全設備安裝工程業；E801010 室內裝潢業；E801030 室內輕鋼架工程業；E801040 玻璃安裝工程業；E901010 油漆工程業；EZ06010 交通標示工程業,桃園市,變更,11506
53360313,彰晨國際開發有限公司,桃園市桃園區大興西路二段31號5樓,黃芮晨,5000000,,115/06/26,減少所營事業變更修正章程,I102010 一般投資顧問業；I103060 管理顧問業；IZ12010 人力派遣業；IZ99990 其他工商服務業；JZ99050 仲介服務業；F401010 國際貿易業；F104110 布疋、衣著、鞋、帽、傘、服飾品批發業；F107190 塑膠膜、袋批發業；F204110 布疋、衣著、鞋、帽、傘、服飾品零售業；F207190 塑膠膜、袋零售業,桃園市,變更,11506
53369829,新宇賢砂石實業有限公司,桃園市平鎮區德育路2段368巷8號1樓,魏向賢,25000000,,115/06/16,減資,F111090 建材批發業；F211010 建材零售業；ZZ99999 除許可業務外，得經營法令非禁止或限制之業務,桃園市,變更,11506
53374111,漢方料理有限公司,桃園市中壢區中央里裕民街26之1號11樓,莊明雪,100000,,115/06/10,改推董事/董事長,F102040 飲料批發業；F102170 食品什貨批發業；F203010 食品什貨、飲料零售業；F101990 其他農、畜、水產品批發業；F399040 無店面零售業；ZZ99999 除許可業務外，得經營法令非禁止或限制之業務,桃園市,變更,11506
53384075,星捷科技股份有限公司,桃園市桃園區汴洲里春日路1492之5號3樓,林瑞岳,50000000,,115/06/23,改選董事/監察人(一人法人股東指派董事/監察人),CF01011 醫療器材製造業；F108031 醫療器材批發業；F208031 醫療器材零售業；F401010 國際貿易業；ZZ99999 除許可業務外，得經營法令非禁止或限制之業務；C802100 化粧品製造業；F108040 化粧品批發業；F208040 化粧品零售業；IZ06010 理貨包裝業,桃園市,變更,11506
53384862,恩業有限公司,桃園市蘆竹區五福里中山路135號1樓,吳佩蓉,50000,,115/06/11,減少所營事業變更修正章程,F102170 食品什貨批發業；F203010 食品什貨、飲料零售業；F104110 布疋、衣著、鞋、帽、傘、服飾品批發業；F204110 布疋、衣著、鞋、帽、傘、服飾品零售業；F108040 化粧品批發業；F208040 化粧品零售業；F199990 其他批發業；F299990 其他零售業；JZ99080 美容美髮服務業；I199990 其他顧問服務業,桃園市,變更,11506
53385118,勁洋科技有限公司,桃園市楊梅區楊明里新農街505號,張桑偼,5288000,,115/06/10,一般補正案,F119010 電子材料批發業；F219010 電子材料零售業；CC01080 電子零組件製造業；F113070 電信器材批發業；F213060 電信器材零售業；F113010 機械批發業；F213080 機械器具零售業；E604010 機械安裝業；JA02010 電器及電子產品修理業；F401010 國際貿易業,桃園市,變更,11506
53415350,昌碩鋼鐵興業有限公司,桃園市蘆竹區長興里南崁路二段142巷13號,唐瑞均,5000000,,115/06/22,一般補正案,E801010 室內裝潢業；E801020 門窗安裝工程業；E801030 室內輕鋼架工程業；F105050 家具、寢具、廚房器具、裝設品批發業；F106010 五金批發業；F107010 漆料、塗料批發業；F111090 建材批發業；F120010 耐火材料批發業；F205040 家具、寢具、廚房器具、裝設品零售業；F206010 五金零售業,桃園市,變更,11506
53416581,點金科技有限公司,桃園市桃園區龍岡里江南十街32巷6號3樓,蔡宜辰,1500000,,115/06/18,公司所營事業變更修正章程,I301010 資訊軟體服務業；I301020 資料處理服務業；I301030 電子資訊供應服務業；I501010 產品設計業；IG02010 研究發展服務業；IG03010 能源技術服務業；IZ06010 理貨包裝業；IZ12010 人力派遣業；G799990 其他運輸輔助業；F401010 國際貿易業,桃園市,變更,11506
53495804,永粒不動產仲介有限公司,桃園市楊梅區楊明里新農街569號(1樓),黃子瑤,500000,,115/06/26,董事/股東更名,H701010 住宅及大樓開發租售業；H701020 工業廠房開發租售業；H703090 不動產買賣業；H703100 不動產租賃業；H704031 不動產仲介經紀業；I102010 投資顧問業；I401010 一般廣告服務業；I401020 廣告傳單分送業；I503010 景觀、室內設計業；ZZ99999 除許可業務外，得經營法令非禁止或限制之業務,桃園市,變更,11506
53506133,恩龍科技有限公司,桃園市龍潭區工二路一段203號(3樓),羅珮芬,10000000,,115/06/17,股東出資轉讓修正章程,F106010 五金批發業；F113010 機械批發業；F113020 電器批發業；F113030 精密儀器批發業；F113990 其他機械器具批發業；F113100 污染防治設備批發業；F206010 五金零售業；F213040 精密儀器零售業；F213080 機械器具零售業；F213100 污染防治設備零售業,桃園市,變更,11506
53513556,柏特行銷企劃有限公司,桃園市桃園區南埔里蓮埔街32號,胡若穎,1000000,,115/06/16,股東出資轉讓修正章程,I103060 管理顧問業；I301020 資料處理服務業；I401010 一般廣告服務業；F106010 五金批發業；F106020 日常用品批發業；F107030 清潔用品批發業；F108040 化粧品批發業；F206010 五金零售業；F206020 日常用品零售業；F207030 清潔用品零售業,桃園市,變更,11506
53599435,龍圖科技有限公司,桃園市楊梅區四維里益新三街60號1樓,彭振興,5000000,,115/06/26,股東出資轉讓修正章程,E599010 配管工程業；E603050 自動控制設備工程業；E604010 機械安裝業；E605010 電腦設備安裝業；EZ05010 儀器、儀表安裝工程業；EZ15010 保溫、保冷安裝工程業；F106010 五金批發業；F113010 機械批發業；F113030 精密儀器批發業；F113050 電腦及事務性機器設備批發業,桃園市,變更,11506
53600355,遠城營造有限公司,桃園市大溪區內柵路一段87號1樓,蔡妙珊,50000000,,115/06/29,增資,E101011 綜合營造業；E801010 室內裝潢業；E801020 門窗安裝工程業；E801030 室內輕鋼架工程業；E801040 玻璃安裝工程業；E801070 廚具、衛浴設備安裝工程業；E901010 油漆工程業；I503010 景觀、室內設計業；F106010 五金批發業；F111090 建材批發業,桃園市,變更,11506
53604697,冠源不動產仲介經紀有限公司,桃園市桃園區大興里大興路179號(1樓),文婷霆,3000000,,115/06/16,股東出資轉讓修正章程,H704031 不動產仲介經紀業；H703090 不動產買賣業；H703100 不動產租賃業；JZ99050 仲介服務業；JE01010 租賃業；H701010 住宅及大樓開發租售業；H701020 工業廠房開發租售業；H701050 投資興建公共建設業；H701060 新市鎮、新社區開發業；H701070 區段徵收及市地重劃代辦業,桃園市,變更,11506
53620845,大研金屬科技股份有限公司,桃園市觀音區富源里新富路855號,沈尚弘,145560000,,115/06/12,改選董事/監察人(一人法人股東指派董事/監察人),C801010 基本化學工業；C801030 精密化學材料製造業；C801990 其他化學材料製造業；C802200 塗料、油漆、染料及顏料製造業；C802990 其他化學製品製造業；F107200 化學原料批發業；F207010 漆料、塗料零售業；F207020 染料、顏料零售業；F401010 國際貿易業；ZZ99999 除許可業務外，得經營法令非禁止或限制之業務,桃園市,變更,11506
53624687,聯崴建設有限公司,桃園市八德區瑞興里仁德一路191號(1樓),羅程耀,20000000,,115/06/11,公司所在地,H701010 住宅及大樓開發租售業；H701060 新市鎮、新社區開發業；H703090 不動產買賣業；H703100 不動產租賃業；E801010 室內裝潢業；I503010 景觀、室內設計業；ZZ99999 除許可業務外，得經營法令非禁止或限制之業務,桃園市,變更,11506
53635191,高鼎投資事業有限公司,桃園市蘆竹區南崁路1段92號1樓,簡歆瑜,5000000,,115/06/10,公司所營事業變更修正章程,H201010 一般投資業；I401010 一般廣告服務業；I103060 管理顧問業；IZ15010 市場研究及民意調查業；I301010 資訊軟體服務業；I301020 資料處理服務業；I301030 電子資訊供應服務業；I501010 產品設計業；J401010 電影片製作業；I401020 廣告傳單分送業,桃園市,變更,11506
53710830,佳棋企業有限公司,桃園市桃園區民富十一街108號2樓,林舜揚,2000000,,115/06/15,申登機關變更（遷入，含卷）,E801010 室內裝潢業；E801020 門窗安裝工程業；E801030 室內輕鋼架工程業；E801070 廚具、衛浴設備安裝工程業；E601020 電器安裝業；E603010 電纜安裝工程業；E603090 照明設備安裝工程業；E599010 配管工程業；EZ99990 其他工程業；F105050 家具、寢具、廚房器具、裝設品批發業,桃園市,變更,11506
53712788,涌棋有限公司,桃園市龜山區大坑里員林坑路100之1號,羅玉琴,500000,,115/06/18,公司所在地,E603120 噴砂工程業；E901010 油漆工程業；E801010 室內裝潢業；E801020 門窗安裝工程業；E903010 防蝕、防銹工程業；EZ11010 球場跑道樹脂材料鋪設工程業；EZ14010 運動場地用設備工程業；EZ99990 其他工程業；F106010 五金批發業；F107010 漆料、塗料批發業,桃園市,變更,11506
53783397,上億水泥坊有限公司,桃園市大園區溪海里大觀路585巷66弄19號1樓,,200000,,115/06/02,解散,E603080 交通號誌安裝工程業；E903010 防蝕、防銹工程業；EZ06010 交通標示工程業；F111090 建材批發業；I503010 景觀、室內設計業；ZZ99999 除許可業務外，得經營法令非禁止或限制之業務,桃園市,變更,11506
53784311,新世通科技股份有限公司,桃園市中壢區西園路19巷33號1樓,楊靜宜,5000000,,115/06/02,改選董事/監察人(一人法人股東指派董事/監察人),F106010 五金批發業；F106020 日常用品批發業；F106030 模具批發業；F107030 清潔用品批發業；F107170 工業助劑批發業；F107190 塑膠膜、袋批發業；F109070 文教、樂器、育樂用品批發業；F113010 機械批發業；F113050 電腦及事務性機器設備批發業；F113070 電信器材批發業,桃園市,變更,11506
53800311,京閣國際酒店股份有限公司,桃園市八德區大仁里仁安街59號(1樓),蕭惠君,50000000,,115/06/15,改選董事/監察人(一人法人股東指派董事/監察人),F501030 飲料店業；F501060 餐館業；F501990 其他餐飲業；F203010 食品什貨、飲料零售業；I101090 食品顧問業；I103060 管理顧問業；I199990 其他顧問服務業；J901020 一般旅館業；JA03010 洗衣業；JE01010 租賃業,桃園市,變更,11506
53807834,聖典工程顧問有限公司,桃園市桃園區光興里孝二街8號1樓,陳嘉惠,300000,,115/06/04,股東出資轉讓修正章程,I103060 管理顧問業；I199990 其他顧問服務業；IZ99990 其他工商服務業；ZZ99999 除許可業務外，得經營法令非禁止或限制之業務,桃園市,變更,11506
53809018,潤可成有限公司,桃園市大溪區仁一街21號1樓,蔡于琦,1000000,,115/06/23,一般補正案,F102020 食用油脂批發業；F106010 五金批發業；F114030 汽、機車零件配備批發業；F212050 石油製品零售業；F214030 汽、機車零件配備零售業；F112040 石油製品批發業；F401010 國際貿易業；I103060 管理顧問業；ZZ99999 除許可業務外，得經營法令非禁止或限制之業務,桃園市,變更,11506
53817734,柏彌蘭金屬化股份有限公司,桃園市平鎮區中豐路671號,吳聲昌,343353240,,115/06/22,一般補正案,CC01080 電子零組件製造業；F119010 電子材料批發業；F219010 電子材料零售業；F401010 國際貿易業；CA04010 表面處理業；ZZ99999 除許可業務外，得經營法令非禁止或限制之業務,桃園市,變更,11506
53833690,晴天夢工廠股份有限公司,桃園市平鎮區南平路50號4樓之6,吳俊傑,12000000,,115/06/23,申登機關變更（遷入，含卷）,I301030 電子資訊供應服務業；J303010 雜誌（期刊）出版業；J304010 圖書出版業；J399010 軟體出版業；J399990 其他出版業；I103060 管理顧問業；I401010 一般廣告服務業；I501010 產品設計業；I599990 其他設計業；IG01010 生物技術服務業,桃園市,變更,11506
53838647,台灣山榮應用化學股份有限公司,桃園市桃園區同安里中正路1092號9樓,古閑幸博,12500000,,115/06/01,改選董事/監察人(一人法人股東指派董事/監察人),F107010 漆料、塗料批發業；F207010 漆料、塗料零售業；F107020 染料、顏料批發業；F207020 染料、顏料零售業；F107170 工業助劑批發業；F207170 工業助劑零售業；F107200 化學原料批發業；F207200 化學原料零售業；F119010 電子材料批發業；F219010 電子材料零售業,桃園市,變更,11506
53863737,力霖股份有限公司,桃園市中壢區忠義里自強三路2號,周智慧,372000000,,115/06/26,增資(資本總額),C301010 紡紗業；C302010 織布業；C303010 不織布業；C306010 成衣業；C399990 其他紡織及製品製造業；CC01080 電子零組件製造業；F101050 水產品批發業；F102170 食品什貨批發業；F104110 布疋、衣著、鞋、帽、傘、服飾品批發業；F119010 電子材料批發業,桃園市,變更,11506
53871954,十德飲食股份有限公司,桃園市桃園區自強里經國路288號,鄭姿玫,4860000,,115/06/10,董事/監察人持股變動報備,F501060 餐館業；F501030 飲料店業；F101050 水產品批發業；F401010 國際貿易業；ZZ99999 除許可業務外，得經營法令非禁止或限制之業務,桃園市,變更,11506
53875781,渼士電子有限公司,桃園市桃園區泰山里壽昌街89號,呂如惠,75000000,,115/06/25,增資,F113050 電腦及事務性機器設備批發業；F118010 資訊軟體批發業；F119010 電子材料批發業；F213030 電腦及事務性機器設備零售業；F218010 資訊軟體零售業；F219010 電子材料零售業；I301010 資訊軟體服務業；I301030 電子資訊供應服務業；I599990 其他設計業；CC01040 照明設備製造業,桃園市,變更,11506
53960034,京采國際光學有限公司,桃園市桃園區長安里長春路338號2樓,鄭銘禎,16000000,,115/06/12,公司所營事業變更修正章程,F110020 眼鏡批發業；F210020 眼鏡零售業；F401010 國際貿易業；ZZ99999 除許可業務外，得經營法令非禁止或限制之業務；F102040 飲料批發業；F102170 食品什貨批發業；F104110 布疋、衣著、鞋、帽、傘、服飾品批發業；F108031 醫療器材批發業；F203010 食品什貨、飲料零售業；F208031 醫療器材零售業,桃園市,變更,11506
53962883,禾泰生技股份有限公司,桃園市新屋區永興里東興路二段1640號(1樓),姜益豐,25600000,,115/06/08,公司所在地,CE01010 一般儀器製造業；F113030 精密儀器批發業；F199990 其他批發業；F213040 精密儀器零售業；F299990 其他零售業；F401010 國際貿易業；IG01010 生物技術服務業；ZZ99999 除許可業務外，得經營法令非禁止或限制之業務；F102040 飲料批發業；F102170 食品什貨批發業,桃園市,變更,11506
53966733,綺鈺企業有限公司,桃園市桃園區同德五街25號1樓,吳達融,5000000,,115/06/23,減少所營事業變更修正章程,A102060 糧商業；F201010 農產品零售業；F201020 畜產品零售業；F201030 水產品零售業；F201050 漁具零售業；F201070 花卉零售業；F202010 飼料零售業；F203010 食品什貨、飲料零售業；F203020 菸酒零售業；F204110 布疋、衣著、鞋、帽、傘、服飾品零售業,桃園市,變更,11506
53970265,鈺創企業有限公司,桃園市中壢區永興里中豐路263號,吳聰明,5000000,,115/06/23,減少所營事業變更修正章程,A102060 糧商業；F201010 農產品零售業；F201020 畜產品零售業；F201030 水產品零售業；F201050 漁具零售業；F201070 花卉零售業；F202010 飼料零售業；F203010 食品什貨、飲料零售業；F203020 菸酒零售業；F204110 布疋、衣著、鞋、帽、傘、服飾品零售業,桃園市,變更,11506
53983590,駟泓實業有限公司,桃園市觀音區廣興里中山路一段388巷30號(2樓),李泓澔,2000000,,115/06/22,股東出資轉讓修正章程,F106010 五金批發業；F106020 日常用品批發業；F106030 模具批發業；F106040 水器材料批發業；F106050 陶瓷玻璃器皿批發業；F107010 漆料、塗料批發業；F107020 染料、顏料批發業；F107030 清潔用品批發業；F108040 化粧品批發業；F109070 文教、樂器、育樂用品批發業,桃園市,變更,11506
53988976,龍傑開發有限公司,桃園市桃園區寶安里寶慶路306號,吳宏育,5000000,,115/06/29,股東出資轉讓修正章程,A102080 園藝服務業；B601010 土石採取業；CA01070 廢車船解體及廢鋼鐵五金處理業；CB01990 其他機械製造業；E401010 疏濬業；E402010 沙石、淤泥海拋業；E599010 配管工程業；E603040 消防安全設備安裝工程業；E604010 機械安裝業；E801010 室內裝潢業,桃園市,變更,11506
53991281,杰翔國際有限公司,桃園市桃園區永興里中正路293號,陳慧甄,5500000,,115/06/22,股東出資轉讓修正章程,E502010 燃料導管安裝工程業；E599010 配管工程業；E601010 電器承裝業；E601020 電器安裝業；E603040 消防安全設備安裝工程業；E603130 燃氣熱水器承裝業；E801020 門窗安裝工程業；E801040 玻璃安裝工程業；E801070 廚具、衛浴設備安裝工程業；EZ07010 鑽孔工程業,桃園市,變更,11506
54077639,百亭企業有限公司,桃園市大園區領航北路四段366之9號3樓,陳義明,500000,,115/06/17,公司所營事業變更修正章程,F104110 布疋、衣著、鞋、帽、傘、服飾品批發業；F105050 家具、寢具、廚房器具、裝設品批發業；H703090 不動產買賣業；H703100 不動產租賃業；F401010 國際貿易業；ZZ99999 除許可業務外，得經營法令非禁止或限制之業務；CB01010 機械設備製造業；F203010 食品什貨、飲料零售業；F501030 飲料店業；F501060 餐館業,桃園市,變更,11506
54090485,三根建設開發有限公司,桃園市平鎮區山峰里山福路195巷9弄15號,陳靜宥,810000,,115/06/09,復業副本,H701010 住宅及大樓開發租售業；E801010 室內裝潢業；H701020 工業廠房開發租售業；H701050 投資興建公共建設業；H701060 新市鎮、新社區開發業；H701070 區段徵收及市地重劃代辦業,桃園市,變更,11506
54092049,益啟工程有限公司,桃園市楊梅區瑞原里楊新路三段316號,邱偉銘,2000000,,115/06/26,公司所在地,J101010 建築物清潔服務業；J101030 廢棄物清除業；J101040 廢棄物處理業；JE01010 租賃業；EZ99990 其他工程業；E903010 防蝕、防銹工程業；EZ07010 鑽孔工程業；E801020 門窗安裝工程業；E801030 室內輕鋼架工程業；E801070 廚具、衛浴設備安裝工程業,桃園市,變更,11506
54094166,永曜建設開發股份有限公司,桃園市楊梅區福人路75巷28弄15號,黃永晴,8100000,,115/06/26,改選董事/監察人(一人法人股東指派董事/監察人),H701010 住宅及大樓開發租售業；H701020 工業廠房開發租售業；H701040 特定專業區開發業；H701050 投資興建公共建設業；H701060 新市鎮、新社區開發業；F111090 建材批發業；F113010 機械批發業；F211010 建材零售業；F213080 機械器具零售業；H702010 建築經理業,桃園市,變更,11506
54095691,羅馬磁磚股份有限公司,桃園市中壢區內厝里大圳路三段51巷18弄8號2樓,葉士華,2000000,,115/06/26,一般補正案,F106010 五金批發業；F111090 建材批發業；F120010 耐火材料批發業；F206010 五金零售業；F211010 建材零售業；F220010 耐火材料零售業；F401010 國際貿易業；ZZ99999 除許可業務外，得經營法令非禁止或限制之業務,桃園市,變更,11506
54101820,北橫工程有限公司,桃園市大溪區一心里復興路82號7樓,邱淑芬,15000000,,115/06/09,股東出資轉讓修正章程,F113010 機械批發業；F113990 其他機械器具批發業；E604010 機械安裝業；JE01010 租賃業；EZ02010 起重工程業；EZ99990 其他工程業；F111090 建材批發業；E401010 疏濬業；ZZ99999 除許可業務外，得經營法令非禁止或限制之業務,桃園市,變更,11506
54103756,真津股份有限公司,桃園市新屋區中山西路二段136號,許嘉顯,20000000,,115/06/22,改選董事/監察人(一人法人股東指派董事/監察人),F102030 菸酒批發業；F102040 飲料批發業；F102050 茶葉批發業；F102170 食品什貨批發業；F104110 布疋、衣著、鞋、帽、傘、服飾品批發業；F105050 家具、寢具、廚房器具、裝設品批發業；F106010 五金批發業；F106020 日常用品批發業；F106050 陶瓷玻璃器皿批發業；F107010 漆料、塗料批發業,桃園市,變更,11506
54104896,宥軒新能源有限公司,桃園市桃園區三民路三段317號四樓之14,李思漢,34500000,,115/06/26,公司印鑑變更,E604010 機械安裝業；EZ05010 儀器、儀表安裝工程業；EZ99990 其他工程業；E601010 電器承裝業；F113020 電器批發業；F113030 精密儀器批發業；F113990 其他機械器具批發業；F119010 電子材料批發業；F213010 電器零售業；F213040 精密儀器零售業,桃園市,變更,11506
54105234,精鉅富建設股份有限公司,桃園市桃園區中正路1071號12樓之4,余朝忠,15000000,,115/06/26,修正章程,H701010 住宅及大樓開發租售業；H701020 工業廠房開發租售業；H701040 特定專業區開發業；H701050 投資興建公共建設業；H701060 新市鎮、新社區開發業；H701070 區段徵收及市地重劃代辦業；H701080 都市更新重建業；H701090 都市更新整建維護業；H703090 不動產買賣業；H703100 不動產租賃業,桃園市,變更,11506
54106108,鼎貞有限公司,桃園市蘆竹區長壽二街21號8樓,黃秀雯,1000000,,115/06/30,公司所在地,F113010 機械批發業；F113990 其他機械器具批發業；F113030 精密儀器批發業；F113060 度量衡器批發業；F119010 電子材料批發業；CB01010 機械設備製造業；CB01990 其他機械製造業；CE01010 一般儀器製造業；CC01990 其他電機及電子機械器材製造業；F401010 國際貿易業,桃園市,變更,11506
54126998,武承鑫有限公司,桃園市楊梅區中山北路一段199巷17之1號10樓,歐秀芬,5000000,,115/06/15,股東出資轉讓修正章程,F108040 化粧品批發業；F399040 無店面零售業；F102040 飲料批發業；F102050 茶葉批發業；F107990 其他化學製品批發業；F113990 其他機械器具批發業；F104110 布疋、衣著、鞋、帽、傘、服飾品批發業；F105050 家具、寢具、廚房器具、裝設品批發業；F106010 五金批發業；F106020 日常用品批發業,桃園市,變更,11506
54132106,寶倉物流股份有限公司,桃園市桃園區長德里愛七街62號1樓,林麗君,552000000,,115/06/02,改選董事/監察人(一人法人股東指派董事/監察人),I102010 投資顧問業；I103060 管理顧問業；IZ06010 理貨包裝業；H703090 不動產買賣業；H703100 不動產租賃業；EZ02010 起重工程業；F106010 五金批發業；F113010 機械批發業；F113030 精密儀器批發業；F113050 電腦及事務性機器設備批發業,桃園市,變更,11506
54224962,易陞工程有限公司,桃園市中壢區新興里自忠街107號4樓,徐昌弘,10000000,,115/06/22,增資,E601010 電器承裝業；E601020 電器安裝業；E599010 配管工程業；E603040 消防安全設備安裝工程業；E603090 照明設備安裝工程業；E801010 室內裝潢業；E801020 門窗安裝工程業；E801030 室內輕鋼架工程業；E801070 廚具、衛浴設備安裝工程業；E901010 油漆工程業,桃園市,變更,11506
54234259,森品元實業有限公司,桃園市桃園區福林里介壽路495巷65號14樓,,280000,,115/06/09,依職權之廢止,E605010 電腦設備安裝業；F113050 電腦及事務性機器設備批發業；F218010 資訊軟體零售業；CC01030 電器及視聽電子產品製造業；CC01080 電子零組件製造業；CC01990 其他電機及電子機械器材製造業；F119010 電子材料批發業；F219010 電子材料零售業；I301020 資料處理服務業；F102170 食品什貨批發業,桃園市,變更,11506
54262091,鑫龍環保有限公司,桃園市八德區大宏里廣豐路159號15樓,王清龍,5000000,,115/06/02,公司所營事業變更修正章程,F106010 五金批發業；F111090 建材批發業；F113010 機械批發業；F199010 回收物料批發業；F199990 其他批發業；F401010 國際貿易業；J101010 建築物清潔服務業；J101030 廢棄物清除業；J101040 廢棄物處理業；J101080 資源回收業,桃園市,變更,11506
54306416,百匯營造股份有限公司,桃園市蘆竹區南崁里經國路906號13樓,陳胡美妹,12000000,,115/06/17,補選董事(常務董事.董事長)/監察人,E101011 綜合營造業；E401010 疏濬業；E402010 沙石、淤泥海拋業；E599010 配管工程業；E601010 電器承裝業；E601020 電器安裝業；E603010 電纜安裝工程業；E603020 電梯安裝工程業；E603040 消防安全設備安裝工程業；E603050 自動控制設備工程業,桃園市,變更,11506
54316596,博望創新股份有限公司,桃園市桃園區汴洲里春日路1651巷13號,謝伯達,3000000,,115/06/25,一般補正案,F113020 電器批發業；F113070 電信器材批發業；F213060 電信器材零售業；F401010 國際貿易業；F206010 五金零售業；F206020 日常用品零售業；F203010 食品什貨、飲料零售業；F205040 家具、寢具、廚房器具、裝設品零售業；F213010 電器零售業；F399040 無店面零售業,桃園市,變更,11506
54318308,閃亮星娛樂有限公司,桃園市桃園區同德五街10號6樓,張筑涵,1000000,,115/06/12,一般補正案,J202010 產業育成業；J601010 藝文服務業；J602010 演藝活動業；J603010 音樂展演空間業；JB01010 會議及展覽服務業；JZ99050 仲介服務業；JZ99090 喜慶綜合服務業；IZ12010 人力派遣業；I103060 管理顧問業；I199990 其他顧問服務業,桃園市,變更,11506
54381049,台灣虎航股份有限公司,桃園市大園區航站南路1號,黃世惠,4595300000,,115/06/24,修正章程,G501011 民用航空運輸業；G501020 民用航空總代理業；ZZ99999 除許可業務外，得經營法令非禁止或限制之業務,桃園市,變更,11506
54500615,華耀生技股份有限公司,桃園市八德區永豐路216巷27號,林立華,52500000,,115/06/09,發行新股,A401010 畜牧場經營業；A401020 家畜禽飼育業；F101040 家畜家禽批發業；F101100 花卉批發業；F107070 動物用藥品批發業；F207070 動物用藥零售業；F107080 環境用藥批發業；F207080 環境用藥零售業；F107200 化學原料批發業；F207200 化學原料零售業,桃園市,變更,11506
54504289,嘉大砂石股份有限公司,桃園市桃園區寶慶路76號(1樓),林嘉信,10000000,,115/06/12,改派董事/監察人,F111090 建材批發業；E401010 疏濬業；EZ02010 起重工程業；ZZ99999 除許可業務外，得經營法令非禁止或限制之業務,桃園市,變更,11506
54506287,耀鼎資源循環股份有限公司,桃園市觀音區樹林里國建三路7之1號,刁秀華,90000000,,115/06/18,改派董事/監察人,C801010 基本化學工業；C801990 其他化學材料製造業；C802090 清潔用品製造業；C802120 工業助劑製造業；C802990 其他化學製品製造業；CZ99990 未分類其他工業製品製造業；D101091 再生能源售電業；F107030 清潔用品批發業；F107080 環境用藥批發業；F107170 工業助劑批發業,桃園市,變更,11506
54508551,川彡餐飲有限公司,桃園市平鎮區復興里環南路46號(1樓),沈美如,6000000,,115/06/03,申登機關變更（遷入，含卷）,F501060 餐館業；F203010 食品什貨、飲料零售業；F201030 水產品零售業；F201020 畜產品零售業；F501030 飲料店業；F203020 菸酒零售業；F399040 無店面零售業；ZZ99999 除許可業務外，得經營法令非禁止或限制之業務,桃園市,變更,11506
54514738,台灣凱瑞光學有限公司,桃園市中壢區安東路5號4樓之2,Simon Zilian,10500000,,115/06/05,改推董事/董事長,CA01050 鋼材二次加工業；CA01100 鋁材軋延、伸線、擠型業；CA01130 銅材軋延、伸線、擠型業；CB01010 機械設備製造業；CC01080 電子零組件製造業；CC01990 其他電機及電子機械器材製造業；CP01010 手工具製造業；CQ01010 模具製造業；F102170 食品什貨批發業；F106010 五金批發業,桃園市,變更,11506
54516567,銳益實業有限公司,桃園市蘆竹區長安路2段120巷10號,劉時亘,13000000,,115/06/11,股東出資轉讓修正章程,F106010 五金批發業；F111090 建材批發業；F113100 污染防治設備批發業；F117010 消防安全設備批發業；F104110 布疋、衣著、鞋、帽、傘、服飾品批發業；F107010 漆料、塗料批發業；F110020 眼鏡批發業；F113030 精密儀器批發業；F113090 交通標誌器材批發業；F113990 其他機械器具批發業,桃園市,變更,11506
54519972,隆騰保全股份有限公司,桃園市桃園區永安路191號15樓之1,莊義政,40000000,,115/06/26,改選董事/監察人(一人法人股東指派董事/監察人),I901011 保全業,桃園市,變更,11506
54530391,名騰建設股份有限公司,桃園市平鎮區雙福路二段135號2樓,蔡建宏,340000000,,115/06/25,一般補正案,E801010 室內裝潢業；F111090 建材批發業；H701010 住宅及大樓開發租售業；H701020 工業廠房開發租售業；H701060 新市鎮、新社區開發業；H703090 不動產買賣業；H703100 不動產租賃業；I102010 投資顧問業；I401010 一般廣告服務業；I503010 景觀、室內設計業,桃園市,變更,11506
54530717,誠璽不動產開發有限公司,桃園市中壢區仁愛里榮民路510號,蔡欽印,21000000,,115/06/22,增資,H701010 住宅及大樓開發租售業；H701020 工業廠房開發租售業；H703090 不動產買賣業；H703100 不動產租賃業；ZZ99999 除許可業務外，得經營法令非禁止或限制之業務；H201010 一般投資業；H202010 創業投資業；H701050 投資興建公共建設業；H702010 建築經理業；F111090 建材批發業,桃園市,變更,11506
54531201,睿陞國際地產開發有限公司,桃園市桃園區永安路772號1樓,尤高月娥,1000000,,115/06/17,股東出資轉讓修正章程,H704031 不動產仲介經紀業；H703090 不動產買賣業；H703100 不動產租賃業；H701010 住宅及大樓開發租售業；H701020 工業廠房開發租售業；H701060 新市鎮、新社區開發業；I401010 一般廣告服務業；ZZ99999 除許可業務外，得經營法令非禁止或限制之業務；I102010 投資顧問業；I401020 廣告傳單分送業,桃園市,變更,11506
54538696,濰得股份有限公司,桃園市龜山區大華里頂湖七街7號,卓得仁,50000000,,115/06/10,發行新股,C805010 塑膠皮、布、板、管材製造業；C805020 塑膠膜、袋製造業；C805030 塑膠日用品製造業；C805050 工業用塑膠製品製造業；C805990 其他塑膠製品製造業；F107190 塑膠膜、袋批發業；F119010 電子材料批發業；F207190 塑膠膜、袋零售業；F219010 電子材料零售業；F401010 國際貿易業,桃園市,變更,11506
54542452,翌兆科技有限公司,桃園市中壢區三民里民權路三段75巷439號1樓,,500000,,115/06/04,解散,F106010 五金批發業；F106020 日常用品批發業；F107060 毒性化學物質批發業；F107200 化學原料批發業；F109070 文教、樂器、育樂用品批發業；F113010 機械批發業；F113020 電器批發業；F113030 精密儀器批發業；F113050 電腦及事務性機器設備批發業；F113070 電信器材批發業,桃園市,變更,11506
54543059,雲濟實業股份有限公司,桃園市龜山區文化里文化二路38之11號2樓,蔡陳雅雲,20669000,,115/06/01,變更組織,H701010 住宅及大樓開發租售業；H701020 工業廠房開發租售業；H701050 投資興建公共建設業；H701060 新市鎮、新社區開發業；H703100 不動產租賃業；I401010 一般廣告服務業；JE01010 租賃業；ZZ99999 除許可業務外，得經營法令非禁止或限制之業務；F102170 食品什貨批發業；F203010 食品什貨、飲料零售業,桃園市,變更,11506
54605548,熊笑了綠色生活國際有限公司,桃園市八德區大福里介壽路一段16巷16號4樓,,61100,,115/06/23,補繳規費,A101020 農作物栽培業；A199990 其他農業；C802090 清潔用品製造業；C802100 化粧品製造業；F107030 清潔用品批發業；F108040 化粧品批發業；F113110 電池批發業；F201010 農產品零售業；F207030 清潔用品零售業；F208040 化粧品零售業,桃園市,變更,11506
54662717,立盈環保科技股份有限公司,桃園市平鎮區湧豐里工業二路7號,陳俊琦,377680960,,115/06/26,修正章程,C801010 基本化學工業；C801030 精密化學材料製造業；C801060 合成橡膠製造業；C801100 合成樹脂及塑膠製造業；C801990 其他化學材料製造業；C802120 工業助劑製造業；C804020 工業用橡膠製品製造業；C804990 其他橡膠製品製造業；C805010 塑膠皮、布、板、管材製造業；C805050 工業用塑膠製品製造業,桃園市,變更,11506
54669726,佳恩貿易有限公司,桃園市中壢區內定二十街15巷18號,熊英杰,500000,,115/06/04,經理人解任,F401010 國際貿易業；F102170 食品什貨批發業；F203010 食品什貨、飲料零售業；F106020 日常用品批發業；F206020 日常用品零售業；F399990 其他綜合零售業；F399040 無店面零售業；I401010 一般廣告服務業；J601010 藝文服務業；J602010 演藝活動業,桃園市,變更,11506
54716636,寬瑭食品餐飲有限公司,桃園市桃園區漢中路119巷26弄72號(1樓),簡銓廷,8600000,,115/06/22,一般補正案,F102170 食品什貨批發業；F203010 食品什貨、飲料零售業；F399040 無店面零售業；F401010 國際貿易業；C199030 即食餐食製造業；I101090 食品顧問業；JZ99090 喜慶綜合服務業；JZ99990 未分類其他服務業；F101990 其他農、畜、水產品批發業；F102040 飲料批發業,桃園市,變更,11506
54728345,千翔工程有限公司,桃園市大溪區介壽路654號(1樓),許曜成,10000000,,115/06/17,一般補正案,E801070 廚具、衛浴設備安裝工程業；E601010 電器承裝業；E603040 消防安全設備安裝工程業；E801010 室內裝潢業；EZ02010 起重工程業；F106010 五金批發業；F111090 建材批發業；J101030 廢棄物清除業；J101080 資源回收業；E401010 疏濬業,桃園市,變更,11506
54769491,辰明實業有限公司,桃園市蘆竹區南興里大正街6號5樓,陳賽花,3000000,,115/06/23,減資,F101050 水產品批發業；F101070 漁具批發業；F101100 花卉批發業；F101120 觀賞魚批發業；F101130 蔬果批發業；F101990 其他農、畜、水產品批發業；F102030 菸酒批發業；F102040 飲料批發業；F102050 茶葉批發業；F102170 食品什貨批發業,桃園市,變更,11506
54779548,旭晨國際有限公司,桃園市八德區正福一街81號1樓,簡佳德,2000000,,115/06/17,減資,F102050 茶葉批發業；I401010 一般廣告服務業；I599990 其他設計業；J601010 藝文服務業；JB01010 會議及展覽服務業；F401010 國際貿易業；F115010 首飾及貴金屬批發業；F115020 礦石批發業；F215010 首飾及貴金屬零售業；F215020 礦石零售業,桃園市,變更,11506
54784802,慶盈國際有限公司,桃園市蘆竹區新庄里4鄰新生路5號1樓,宋玟璇,5000000,,115/06/10,更正,I102010 投資顧問業；I103060 管理顧問業；I701011 就業服務業；IZ04010 翻譯業；IZ12010 人力派遣業；ZZ99999 除許可業務外，得經營法令非禁止或限制之業務,桃園市,變更,11506
54793008,貝爾系統科技有限公司,桃園市龍潭區渴望路616巷16號1樓,呂麗紅,7556000,,115/06/18,一般補正案,F213040 精密儀器零售業；F213080 機械器具零售業；F401010 國際貿易業；F601010 智慧財產權業；I103060 管理顧問業；I199990 其他顧問服務業；I301020 資料處理服務業；I501010 產品設計業；IG03010 能源技術服務業；JZ99050 仲介服務業,桃園市,變更,11506
54794392,台豐工程有限公司,桃園市中壢區長春五路32號4樓,余宏濱,5000000,,115/06/09,股東出資轉讓修正章程,EZ02010 起重工程業；F106010 五金批發業；F111090 建材批發業；F199010 回收物料批發業；F206010 五金零售業；F211010 建材零售業；F213080 機械器具零售業；F299990 其他零售業；F401010 國際貿易業；J101030 廢棄物清除業,桃園市,變更,11506
54797665,豪足養生會舘有限公司,桃園市中壢區永興里中豐路305號,楊倩怡,1000000,,115/06/01,一般補正案,JZ99080 美容美髮服務業；JZ99110 瘦身美容業；JZ99990 未分類其他服務業；F208040 化粧品零售業；F203010 食品什貨、飲料零售業；F203020 菸酒零售業；F209060 文教、樂器、育樂用品零售業；F299990 其他零售業；JF01020 按摩業；IZ12010 人力派遣業,桃園市,變更,11506
54799066,垚有限公司,桃園市蘆竹區錦中里南崁路一段180號,蘇汶彥,1000000,,115/06/03,公司所在地,CB01010 機械設備製造業；CB01990 其他機械製造業；CC01030 電器及視聽電子產品製造業；CA01050 鋼材二次加工業；CC01080 電子零組件製造業；CC01990 其他電機及電子機械器材製造業；CZ99990 未分類其他工業製品製造業；F102040 飲料批發業；F102170 食品什貨批發業；F106050 陶瓷玻璃器皿批發業,桃園市,變更,11506
54799853,定成開發有限公司,桃園市中壢區芝芭里高鐵南路二段287號1樓,熊葵,15000000,,115/06/08,增資,F119010 電子材料批發業；F113030 精密儀器批發業；F219010 電子材料零售業；F213040 精密儀器零售業；F401010 國際貿易業；F106010 五金批發業；F113010 機械批發業；F113020 電器批發業；F113110 電池批發業；F113050 電腦及事務性機器設備批發業,桃園市,變更,11506
54816678,雅緻住宅事業股份有限公司,桃園市龍潭區渴望路185號3樓之2,劉志鵬,37400000,,115/06/11,發行新股,H702010 建築經理業；H703090 不動產買賣業；E603050 自動控制設備工程業；E801010 室內裝潢業；E801020 門窗安裝工程業；E801030 室內輕鋼架工程業；E801070 廚具、衛浴設備安裝工程業；EZ05010 儀器、儀表安裝工程業；F601010 智慧財產權業；F105050 家具、寢具、廚房器具、裝設品批發業,桃園市,變更,11506
54817037,神九國際股份有限公司,桃園市中壢區新明里中央西路二段206巷25號,朱九龍,6600000,,115/06/23,改選董事/監察人(一人法人股東指派董事/監察人),A102080 園藝服務業；C801110 肥料製造業；C802080 環境用藥製造業；C802120 工業助劑製造業；C901050 水泥及混凝土製品製造業；CB01010 機械設備製造業；CB01030 污染防治設備製造業；CB01990 其他機械製造業；CE01010 一般儀器製造業；E599010 配管工程業,桃園市,變更,11506
54855073,載來有限公司,桃園市中壢區青航里5鄰領航南路三段301號10樓,陳家進,5000000,,115/06/02,公司所在地,F203010 食品什貨、飲料零售業；F102040 飲料批發業；F102050 茶葉批發業；F102170 食品什貨批發業；F106020 日常用品批發業；F206020 日常用品零售業；F299990 其他零售業；F399040 無店面零售業；F401010 國際貿易業；F108040 化粧品批發業,桃園市,變更,11506
54922158,億城國際貿易有限公司,桃園市平鎮區東勢里金陵路五段243號1樓,王偲菡,2000000,,115/06/22,股東出資轉讓修正章程,JA01990 其他汽車服務業；F114030 汽、機車零件配備批發業；F114050 車胎批發業；F106010 五金批發業；F401010 國際貿易業；G799990 其他運輸輔助業；G801010 倉儲業；F107030 清潔用品批發業；F114990 其他交通運輸工具及其零件批發業；ZZ99999 除許可業務外，得經營法令非禁止或限制之業務,桃園市,變更,11506
54923760,點石科技有限公司,桃園市桃園區吉安一街187號13樓,陳堃綸,3000000,,115/06/24,股東出資轉讓修正章程,F105050 家具、寢具、廚房器具、裝設品批發業；F106010 五金批發業；F106020 日常用品批發業；F106030 模具批發業；F106040 水器材料批發業；F106050 陶瓷玻璃器皿批發業；F107030 清潔用品批發業；F107190 塑膠膜、袋批發業；F109070 文教、樂器、育樂用品批發業；F113020 電器批發業,桃園市,變更,11506
54929080,旭翊科技有限公司,桃園市中壢區過嶺里福達路1段177巷108號,林國君,5000000,,115/06/04,公司所營事業變更修正章程,F213010 電器零售業；F213030 電腦及事務性機器設備零售業；F213040 精密儀器零售業；F213080 機械器具零售業；F213100 污染防治設備零售業；F213110 電池零售業；F213990 其他機械器具零售業；F216010 照相器材零售業；F218010 資訊軟體零售業；F219010 電子材料零售業,桃園市,變更,11506
54932888,源泰精密機械股份有限公司,桃園市八德區福興里豐田路287號1樓,李忠治,11800000,,115/06/12,變更組織,F106010 五金批發業；F113010 機械批發業；F113020 電器批發業；F113030 精密儀器批發業；F113070 電信器材批發業；F118010 資訊軟體批發業；F119010 電子材料批發業；F206010 五金零售業；F213010 電器零售業；F213040 精密儀器零售業,桃園市,變更,11506
54936224,正昕企業股份有限公司,桃園市八德區大和里建國路1126號,陳怡君,3000000,,115/06/18,一般補正案,F104110 布疋、衣著、鞋、帽、傘、服飾品批發業；F110020 眼鏡批發業；F210020 眼鏡零售業；F113020 電器批發業；F113030 精密儀器批發業；F113070 電信器材批發業；F119010 電子材料批發業；F203020 菸酒零售業；F204110 布疋、衣著、鞋、帽、傘、服飾品零售業；F213080 機械器具零售業,桃園市,變更,11506
54936580,明禾傢俱有限公司,桃園市大園區圳頭里圳頭路458巷6號,顏嘉宏,3600000,,115/06/10,公司所在地,F105050 家具、寢具、廚房器具、裝設品批發業；F106010 五金批發業；ZZ99999 除許可業務外，得經營法令非禁止或限制之業務,桃園市,變更,11506
54937125,禾穎系統傢俱有限公司,桃園市桃園區新民街20號1樓,鄧穎芝,300000,,115/06/04,股東出資轉讓修正章程,I503010 景觀、室內設計業；CN01010 家具及裝設品製造業；E801010 室內裝潢業；E801020 門窗安裝工程業；E801030 室內輕鋼架工程業；E801070 廚具、衛浴設備安裝工程業；F105050 家具、寢具、廚房器具、裝設品批發業；F205040 家具、寢具、廚房器具、裝設品零售業；F401010 國際貿易業；ZZ99999 除許可業務外，得經營法令非禁止或限制之業務,桃園市,變更,11506
54937321,全興國際控股股份有限公司,桃園市桃園區中正路1071號14樓之1,柯吉剛,159925670,,115/06/16,一般補正案,H201010 一般投資業；I102010 投資顧問業；I103060 管理顧問業；ZZ99999 除許可業務外，得經營法令非禁止或限制之業務,桃園市,變更,11506
54937779,昌虹新能源股份有限公司,桃園市中壢區新街里環北路400號11樓之7,楊少榮,14000000,,115/06/22,改選董事/監察人(一人法人股東指派董事/監察人),CA01030 鋼鐵鑄造業；CA01050 鋼材二次加工業；CA01060 鋼線鋼纜製造業；CA01090 鋁鑄造業；CA01100 鋁材軋延、伸線、擠型業；CA02010 金屬結構及建築組件製造業；CA02990 其他金屬製品製造業；CB01010 機械設備製造業；CB01990 其他機械製造業；CC01010 發電、輸電、配電機械製造業,桃園市,變更,11506
54938031,廉揚科技股份有限公司,桃園市龜山區萬壽路2段438號,陳明杰,67000000,,115/06/22,改選董事/監察人(一人法人股東指派董事/監察人),F113010 機械批發業；F119010 電子材料批發業；F399040 無店面零售業；F401010 國際貿易業；CA02030 螺絲、螺帽、螺絲釘、及鉚釘等製品製造業；CA02990 其他金屬製品製造業；CB01010 機械設備製造業；CB01990 其他機械製造業；CC01080 電子零組件製造業；ZZ99999 除許可業務外，得經營法令非禁止或限制之業務,桃園市,變更,11506
54938525,屹澧股份有限公司,桃園市蘆竹區內厝里油管路一段696號,李明宗,42000000,,115/06/08,一般補正案,F102170 食品什貨批發業；F102020 食用油脂批發業；F203010 食品什貨、飲料零售業；F102040 飲料批發業；F102050 茶葉批發業；F201010 農產品零售業；F105050 家具、寢具、廚房器具、裝設品批發業；F106050 陶瓷玻璃器皿批發業；F205040 家具、寢具、廚房器具、裝設品零售業；F107030 清潔用品批發業,桃園市,變更,11506
54939340,正耀精密有限公司,桃園市平鎮區廣興里延平路二段42號14樓,賴美芳,5000000,,115/06/05,股東出資轉讓修正章程,CA01090 鋁鑄造業；CA01120 銅鑄造業；CA01990 其他非鐵金屬基本工業；CA02030 螺絲、螺帽、螺絲釘、及鉚釘等製品製造業；CA02050 閥類製造業；CA02060 金屬容器製造業；CA03010 熱處理業；CA04010 表面處理業；CB01010 機械設備製造業；CB01990 其他機械製造業,桃園市,變更,11506
54940590,南園國際有限公司,桃園市八德區福興里仁德一路28號1樓,殷翠芳,300000,,115/06/23,公司所營事業變更修正章程,I101090 食品顧問業；I103060 管理顧問業；I199990 其他顧問服務業；I301010 資訊軟體服務業；I301020 資料處理服務業；IG01010 生物技術服務業；IG02010 研究發展服務業；IZ99990 其他工商服務業；ZZ99999 除許可業務外，得經營法令非禁止或限制之業務；F108031 醫療器材批發業,桃園市,變更,11506
54941084,耀維職業健康顧問有限公司,桃園市桃園區福林里介壽路495巷61號11樓,林佩洵,500000,,115/06/26,公司所營事業變更修正章程,F209060 文教、樂器、育樂用品零售業；F218010 資訊軟體零售業；I101080 工、礦顧問業；I103060 管理顧問業；I199990 其他顧問服務業；I301020 資料處理服務業；IZ12010 人力派遣業；IZ99990 其他工商服務業；IF01010 消防安全設備檢修業；I301010 資訊軟體服務業,桃園市,變更,11506
54942339,和靜國際有限公司,桃園市蘆竹區仁和街119號,,1000000,,115/06/11,解散,F102040 飲料批發業；F102170 食品什貨批發業；F106020 日常用品批發業；F107030 清潔用品批發業；F108040 化粧品批發業；F203010 食品什貨、飲料零售業；F206020 日常用品零售業；F207030 清潔用品零售業；F208040 化粧品零售業；F399040 無店面零售業,桃園市,變更,11506
54942513,永泉晶圓股份有限公司,桃園市中壢區內定里定安路1號,戈啓犎,255527160,,115/06/24,發行新股,F106020 日常用品批發業；F107030 清潔用品批發業；F107080 環境用藥批發業；F206020 日常用品零售業；F207030 清潔用品零售業；F207080 環境用藥零售業；F401010 國際貿易業；JZ99050 仲介服務業；IG01010 生物技術服務業；ZZ99999 除許可業務外，得經營法令非禁止或限制之業務,桃園市,變更,11506
54945321,美居房屋有限公司,桃園市中壢區復華里復華街87號（2樓）,陳畇橋,2000000,,115/06/26,董事/股東更名,I103060 管理顧問業；H703090 不動產買賣業；H703100 不動產租賃業；H701010 住宅及大樓開發租售業；ZZ99999 除許可業務外，得經營法令非禁止或限制之業務；H706011 租賃住宅代管業；H706021 租賃住宅包租業；H704031 不動產仲介經紀業；H704041 不動產代銷經紀業；I401010 一般廣告服務業,桃園市,變更,11506
54946588,翊競汽車有限公司,桃園市蘆竹區中山里中山路165號8樓,徐翊維,2000000,,115/06/08,公司名稱變更修正章程,F214010 汽車零售業；F214030 汽、機車零件配備零售業；JA01990 其他汽車服務業；F401010 國際貿易業；JD01010 工商徵信服務業；JZ99050 仲介服務業；ZZ99999 除許可業務外，得經營法令非禁止或限制之業務,桃園市,變更,11506
54947284,捷承科技工程有限公司,桃園市八德區重慶街174巷8弄1號,莊竣程,5000000,,115/06/18,增資,E599010 配管工程業；E601020 電器安裝業；E603010 電纜安裝工程業；E603090 照明設備安裝工程業；E603130 燃氣熱水器承裝業；E605010 電腦設備安裝業；E701040 簡易電信設備安裝業；E801030 室內輕鋼架工程業；E801070 廚具、衛浴設備安裝工程業；E901010 油漆工程業,桃園市,變更,11506
54974824,御峰物業管理顧問有限公司,桃園市中壢區德義里中山東路一段102號(一樓),楊珮玲,200000,,115/06/09,公司所營事業變更修正章程,H703100 不動產租賃業；H706011 租賃住宅代管業；H706021 租賃住宅包租業；I103060 管理顧問業；I199990 其他顧問服務業；JE01010 租賃業；JZ99050 仲介服務業；JZ99990 未分類其他服務業；ZZ99999 除許可業務外，得經營法令非禁止或限制之業務；H704031 不動產仲介經紀業,桃園市,變更,11506
54979476,捷昇汽車科技有限公司,桃園市龍潭區上林里金龍路548巷7號(1樓),管宥捷,5200000,,115/06/15,一般補正案,F118010 資訊軟體批發業；F218010 資訊軟體零售業；F213030 電腦及事務性機器設備零售業；F119010 電子材料批發業；F219010 電子材料零售業；F401010 國際貿易業；JA02010 電器及電子產品修理業；F213080 機械器具零售業；F114030 汽、機車零件配備批發業；F214030 汽、機車零件配備零售業,桃園市,變更,11506
54987757,隆騰公寓大廈管理維護股份有限公司,桃園市桃園區寶慶里中埔二街135號5樓,莊義政,10000000,,115/06/26,改選董事/監察人(一人法人股東指派董事/監察人),I801011 公寓大廈管理服務業,桃園市,變更,11506
54992554,永恆居建設有限公司,桃園市桃園區北門里民生路371號(1樓),郭威軍,20000000,,115/06/29,一般補正案,E801010 室內裝潢業；E801020 門窗安裝工程業；E801030 室內輕鋼架工程業；E801040 玻璃安裝工程業；E801070 廚具、衛浴設備安裝工程業；E901010 油漆工程業；EZ99990 其他工程業；H701010 住宅及大樓開發租售業；H701020 工業廠房開發租售業；H701050 投資興建公共建設業,桃園市,變更,11506
55761685,日常型態影像有限公司,桃園市桃園區檜樂里大有路732號4樓,郭維新,100000,,115/06/16,公司所在地,F399040 無店面零售業；F601010 智慧財產權業；I105010 藝術品諮詢顧問業；I199990 其他顧問服務業；I301030 電子資訊供應服務業；I401010 一般廣告服務業；I401020 廣告傳單分送業；I501010 產品設計業；I502010 服飾設計業；I503010 景觀、室內設計業,桃園市,變更,11506
55957365,宸義科技有限公司,桃園市桃園區福林里介壽路495巷67號14樓,賴若榳,1500000,,115/06/15,一般補正案,H201010 一般投資業；H703100 不動產租賃業；JZ99990 未分類其他服務業；ZZ99999 除許可業務外，得經營法令非禁止或限制之業務；F106010 五金批發業；F106040 水器材料批發業；F113070 電信器材批發業；F206010 五金零售業；F206040 水器材料零售業；F211010 建材零售業,桃園市,變更,11506
56811585,賢勝股份有限公司,桃園市蘆竹區經國路892號16樓,KIM HYUNCHUL,25000000,,115/06/30,經理人變更,G101061 汽車貨運業；ZZ99999 除許可業務外，得經營法令非禁止或限制之業務,桃園市,變更,11506
59017891,弘鷹公寓大廈管理維護有限公司,桃園市桃園區藝文里藝文一街86之1號14樓,林淑鳳,10000000,,115/06/17,公司所在地,I102010 投資顧問業；I103060 管理顧問業；I301010 資訊軟體服務業；I801011 公寓大廈管理服務業；IF01010 消防安全設備檢修業；IZ12010 人力派遣業；IZ13010 網路認證服務業；H701010 住宅及大樓開發租售業；H701020 工業廠房開發租售業；H701050 投資興建公共建設業,桃園市,變更,11506
60303329,富匯有限公司,桃園市桃園區同安里藝文一街86之3號12樓,曾智勤,100000,,115/06/16,特殊補正,E801010 室內裝潢業；E901010 油漆工程業；EZ11010 球場跑道樹脂材料鋪設工程業；EZ14010 運動場地用設備工程業；EZ99990 其他工程業；F106010 五金批發業；F111090 建材批發業；F113990 其他機械器具批發業；F199010 回收物料批發業；F199990 其他批發業,桃園市,變更,11506
60337860,桃福多元有限公司,桃園市蘆竹區南崁路2段279號,陳永福,500000,,115/06/10,一般補正案,F501060 餐館業；F399040 無店面零售業；ZZ99999 除許可業務外，得經營法令非禁止或限制之業務,桃園市,變更,11506
60343477,範黎不動產有限公司,桃園市桃園區春日路1689號,鄒宗穎,2100000,,115/06/30,股東出資轉讓修正章程,H704031 不動產仲介經紀業；H703090 不動產買賣業；H703100 不動產租賃業；H701020 工業廠房開發租售業；H701010 住宅及大樓開發租售業；H701050 投資興建公共建設業；H701060 新市鎮、新社區開發業；H701070 區段徵收及市地重劃代辦業；JZ99050 仲介服務業；I503010 景觀設計業,桃園市,變更,11506
60350194,御天航太科技股份有限公司,桃園市中壢區芝芭里高鐵南路二段267號11樓,許明仁,1000000,,115/06/23,一般補正案,CC01080 電子零組件製造業；CC01110 電腦及其週邊設備製造業；CA04010 表面處理業；F114070 航空器及其零件批發業；F214070 航空器及其零件零售業；F113010 機械批發業；F113030 精密儀器批發業；F113050 電腦及事務性機器設備批發業；F119010 電子材料批發業；F401010 國際貿易業,桃園市,變更,11506
60355276,卉鴻尚有限公司,桃園市桃園區新埔六街77號14樓之5,林卉穎,100000,,115/06/17,公司所營事業變更修正章程,I103060 管理顧問業；J202010 產業育成業；JB01010 會議及展覽服務業；I301030 電子資訊供應服務業；JZ99990 未分類其他服務業；ZZ99999 除許可業務外，得經營法令非禁止或限制之業務,桃園市,變更,11506
60355418,晨育工程有限公司,桃園市桃園區藝文里藝文一街86之1號15樓,程郁婷,1000000,,115/06/22,公司所在地,E599010 配管工程業；E603010 電纜安裝工程業；E604010 機械安裝業；E603100 電焊工程業；IZ12010 人力派遣業；E601010 電器承裝業；E601020 電器安裝業；E901010 油漆工程業；E801030 室內輕鋼架工程業；EZ99990 其他工程業,桃園市,變更,11506
60355732,佑迎股份有限公司,桃園市平鎮區關爺東路37巷8號,劉宗仁,16880000,,115/06/02,改選董事/監察人(一人法人股東指派董事/監察人),F111090 建材批發業；H201010 一般投資業；H701010 住宅及大樓開發租售業；H701050 投資興建公共建設業；H701060 新市鎮、新社區開發業；H701070 區段徵收及市地重劃代辦業；H701090 都市更新整建維護業；H703090 不動產買賣業；H703100 不動產租賃業；I401010 一般廣告服務業,桃園市,變更,11506
60355748,源沐科技有限公司,桃園市平鎮區平興里延平路三段104巷196號十樓,李美芳,10000000,,115/06/05,增資,E603050 自動控制設備工程業；E605010 電腦設備安裝業；EZ05010 儀器、儀表安裝工程業；F113050 電腦及事務性機器設備批發業；F118010 資訊軟體批發業；I301010 資訊軟體服務業；I301020 資料處理服務業；I301030 電子資訊供應服務業；E701010 電信工程業；F219010 電子材料零售業,桃園市,變更,11506
60365041,千安電子有限公司,桃園市蘆竹區經國路906號11樓,吳慧珊,1000000,,115/06/18,增資,F119010 電子材料批發業；F401010 國際貿易業；ZZ99999 除許可業務外，得經營法令非禁止或限制之業務,桃園市,變更,11506
60365197,程優教育科技股份有限公司,桃園市桃園區同德二街5號(1樓),蔡佩芳,46000000,,115/06/30,改選董事/監察人(一人法人股東指派董事/監察人),I301010 資訊軟體服務業；I301020 資料處理服務業；I301030 電子資訊供應服務業；I401010 一般廣告服務業；I501010 產品設計業；J304010 圖書出版業；J305010 有聲出版業；J399010 軟體出版業；JA05010 留、遊學服務業；JB01010 會議及展覽服務業,桃園市,變更,11506
60380367,小幫手長照企業股份有限公司,桃園市蘆竹區南崁路一段99號2樓之4,王金萍,1000000,,115/06/22,公司所營事業變更修正章程,JH01011 居家式服務業；F399040 無店面零售業；F401010 國際貿易業；H703110 老人住宅業；I103060 管理顧問業；J202010 產業育成業；JB01010 會議及展覽服務業；JZ99990 未分類其他服務業；ZZ99999 除許可業務外，得經營法令非禁止或限制之業務,桃園市,變更,11506
60392687,智森工程顧問有限公司,桃園市中壢區福州二街367號,劉貞星,1000000,,115/06/03,一般補正案,E604010 機械安裝業；H701010 住宅及大樓開發租售業；H701020 工業廠房開發租售業；H701050 投資興建公共建設業；H701060 新市鎮、新社區開發業；H701070 區段徵收及市地重劃代辦業；H701090 都市更新整建維護業；I102010 一般投資顧問業；I103060 管理顧問業；I199990 其他顧問服務業,桃園市,變更,11506
60397846,富商樂有限公司,桃園市龍潭區湧光路一段186巷31號,王俊維,18000000,,115/06/04,增資,J101010 建築物清潔服務業；J101020 病媒防治業；J101030 廢棄物清除業；J101040 廢棄物處理業；J101050 環境檢測服務業；J101060 廢（污）水處理業；J101070 放射性廢料處理服務業；J101080 資源回收業；J101090 廢棄物清理業；J101110 營建剩餘土石方資源處理業,桃園市,變更,11506
60398015,永元智能股份有限公司,桃園市中壢區領航南路三段319號15樓,顏明宏,70000000,,115/06/08,改選董事/監察人(一人法人股東指派董事/監察人),CB01010 機械設備製造業；CB01990 其他機械製造業；CC01010 發電、輸電、配電機械製造業；CC01030 電器及視聽電子產品製造業；CC01080 電子零組件製造業；E604010 機械安裝業；F113010 機械批發業；F113990 其他機械器具批發業；F118010 資訊軟體批發業；F119010 電子材料批發業,桃園市,變更,11506
60398113,啟華有限公司,桃園市中壢區元化路226號10樓,梁躍起,500000,,115/06/09,公司所營事業變更修正章程,F104110 布疋、衣著、鞋、帽、傘、服飾品批發業；F106010 五金批發業；F106020 日常用品批發業；F204110 布疋、衣著、鞋、帽、傘、服飾品零售業；F206010 五金零售業；F206020 日常用品零售業；F399040 無店面零售業；ZZ99999 除許可業務外，得經營法令非禁止或限制之業務；H201010 一般投資業,桃園市,變更,11506
60406789,勝宏興業有限公司,桃園市桃園區復興路51之2號10樓之3,張芸溱,500000,,115/06/04,公司名稱變更修正章程,F203010 食品什貨、飲料零售業；F204110 布疋、衣著、鞋、帽、傘、服飾品零售業；F206020 日常用品零售業；F209060 文教、樂器、育樂用品零售業；F401010 國際貿易業；I401010 一般廣告服務業；I501010 產品設計業；C701010 印刷業；C703010 印刷品裝訂及加工業；ZZ99999 除許可業務外，得經營法令非禁止或限制之業務,桃園市,變更,11506
60406900,泰泰好有限公司,桃園市蘆竹區龍安街三段129巷2號(2樓),蔡美鈴,100000,,115/06/05,公司所營事業變更修正章程,C703010 印刷品裝訂及加工業；F102040 飲料批發業；F102170 食品什貨批發業；F106020 日常用品批發業；F107030 清潔用品批發業；F203010 食品什貨、飲料零售業；F206020 日常用品零售業；F207030 清潔用品零售業；F209060 文教、樂器、育樂用品零售業；F399040 無店面零售業,桃園市,變更,11506
60406922,萊金設計有限公司,桃園市大溪區仁和路二段190巷65弄46號,丁柏文,300000,,115/06/08,公司所在地,F104110 布疋、衣著、鞋、帽、傘、服飾品批發業；F106010 五金批發業；F106020 日常用品批發業；F106030 模具批發業；F114030 汽、機車零件配備批發業；F114050 車胎批發業；F114040 自行車及其零件批發業；F114020 機車批發業；F206010 五金零售業；F206020 日常用品零售業,桃園市,變更,11506
60407416,玖黎美學有限公司,桃園市平鎮區新英里新富一街201號(1樓),龔姿菱,30000,,115/06/03,公司所營事業變更修正章程,JZ99080 美容美髮服務業；ZZ99999 除許可業務外，得經營法令非禁止或限制之業務；F208040 化粧品零售業；F108040 化粧品批發業；F204110 布疋、衣著、鞋、帽、傘、服飾品零售業；F104110 布疋、衣著、鞋、帽、傘、服飾品批發業；F399040 無店面零售業,桃園市,變更,11506
60407653,誠豐投資有限公司,桃園市桃園區玉山街183巷13弄1號,陳光福,11000000,,115/06/09,股東出資轉讓修正章程,H201010 一般投資業；IZ12010 人力派遣業；F113010 機械批發業；ZZ99999 除許可業務外，得經營法令非禁止或限制之業務；I103060 管理顧問業；I199990 其他顧問服務業,桃園市,變更,11506
60413064,總章塑膠有限公司,桃園市平鎮區太平東路2之7號,鄒森輝,9000000,,115/06/24,申登機關變更（遷入，含卷）,C805050 工業用塑膠製品製造業；C805990 其他塑膠製品製造業；CB01010 機械設備製造業；CQ01010 模具製造業；C804020 工業用橡膠製品製造業；F106030 模具批發業；F107990 其他化學製品批發業；F111090 建材批發業；F113010 機械批發業；F113020 電器批發業,桃園市,變更,11506
60457920,泰樂國際餐飲事業有限公司,桃園市平鎮區富貴街26巷2弄7號,陳文章,10000000,,115/06/04,增資,F501060 餐館業；F501990 其他餐飲業；F101990 其他農、畜、水產品批發業；F102170 食品什貨批發業；F201010 農產品零售業；F201990 其他農畜水產品零售業；F203010 食品什貨、飲料零售業；F401010 國際貿易業；ZZ99999 除許可業務外，得經營法令非禁止或限制之業務,桃園市,變更,11506
60458168,星聯通訊科技股份有限公司,桃園市中壢區青埔里青峰路一段39號11樓,周瑞宏,20800000,,115/06/18,一般補正案,F113030 精密儀器批發業；F113020 電器批發業；F113070 電信器材批發業；F119010 電子材料批發業；F213040 精密儀器零售業；F219010 電子材料零售業；F401010 國際貿易業；CD01010 船舶及其零件製造業；CD01020 軌道車輛及其零件製造業；CD01060 航空器及其零件製造業,桃園市,變更,11506
60458239,康裕活力股份有限公司,桃園市桃園區天祥五街29號,李焯雅,14581351,,115/06/15,一般補正案,J801030 競技及休閒運動場館業；J802010 運動訓練業；J803010 運動表演業；I103060 管理顧問業；H202010 創業投資業；ZZ99999 除許可業務外，得經營法令非禁止或限制之業務,桃園市,變更,11506
60458385,軒奕有限公司,桃園市龜山區福源里湖山街318巷62之1號,洪國棟,1500000,,115/06/11,公司所在地,E599010 配管工程業；EZ99990 其他工程業；F207010 漆料、塗料零售業；JE01010 租賃業；JZ99050 仲介服務業；EZ06010 交通標示工程業；ZZ99999 除許可業務外，得經營法令非禁止或限制之業務,桃園市,變更,11506
60483498,電次郎工程有限公司,桃園市大溪區仁愛里埔頂路一段480號,簡冲勇,2000000,,115/06/18,股東出資轉讓修正章程,E601010 電器承裝業；E601020 電器安裝業；E603040 消防安全設備安裝工程業；E603050 自動控制設備工程業；E603090 照明設備安裝工程業；E604010 機械安裝業；E701010 電信工程業；EZ99990 其他工程業；F106010 五金批發業；F106040 水器材料批發業,桃園市,變更,11506
60484102,湛藍國際股份有限公司,桃園市桃園區同安里藝文一街86之5號4樓,藍淑貞,3200000,,115/06/08,一般補正案,F208040 化粧品零售業；F113030 精密儀器批發業；F113010 機械批發業；F102170 食品什貨批發業；F203010 食品什貨、飲料零售業；F213040 精密儀器零售業；F213080 機械器具零售業；F104110 布疋、衣著、鞋、帽、傘、服飾品批發業；F105050 家具、寢具、廚房器具、裝設品批發業；F107030 清潔用品批發業,桃園市,變更,11506
60484320,文索半導體股份有限公司,桃園市楊梅區楊新路157號8樓,蘇華,80000000,,115/06/10,增資(資本總額),CB01010 機械設備製造業；CC01080 電子零組件製造業；CE01010 一般儀器製造業；F401010 國際貿易業；I301010 資訊軟體服務業；I501010 產品設計業；IZ99990 其他工商服務業；ZZ99999 除許可業務外，得經營法令非禁止或限制之業務,桃園市,變更,11506
60484530,窩窩頭有限公司,桃園市八德區興中里建德路140號(1樓),趙宸盟,368888,,115/06/15,股東出資轉讓修正章程,F104110 布疋、衣著、鞋、帽、傘、服飾品批發業；F105050 家具、寢具、廚房器具、裝設品批發業；F106010 五金批發業；F106020 日常用品批發業；F106050 陶瓷玻璃器皿批發業；F106040 水器材料批發業；F106060 寵物食品及其用品批發業；F111090 建材批發業；F112030 木炭批發業；F113020 電器批發業,桃園市,變更,11506
60484665,宏科精密機械股份有限公司,桃園市楊梅區豐野里富聯路261號,林姵誼,1000000,,115/06/03,改選董事/監察人(一人法人股東指派董事/監察人),CA01050 鋼材二次加工業；CA02990 其他金屬製品製造業；CB01010 機械設備製造業；F111090 建材批發業；F113010 機械批發業；ZZ99999 除許可業務外，得經營法令非禁止或限制之業務,桃園市,變更,11506
60484969,奧沛寵物有限公司,桃園市龜山區公西里文化三路1之26號,李苑瑜,500000,,115/06/25,股東出資轉讓修正章程,A401031 特定寵物服務業；A401060 其他動物服務業；F202010 飼料零售業；F204110 布疋、衣著、鞋、帽、傘、服飾品零售業；F206020 日常用品零售業；F206050 寵物食品及其用品零售業；F207030 清潔用品零售業；F209060 文教、樂器、育樂用品零售業；F399040 無店面零售業；JE01010 租賃業,桃園市,變更,11506
60490110,蜂島行銷設計有限公司,桃園市桃園區文中一路95巷20號(1樓),簡若庭,250000,,115/06/23,一般補正案,ZZ99999 除許可業務外，得經營法令非禁止或限制之業務；F101130 蔬果批發業；F101990 其他農、畜、水產品批發業；F102040 飲料批發業；F102050 茶葉批發業；F102170 食品什貨批發業；F104110 布疋、衣著、鞋、帽、傘、服飾品批發業；F106020 日常用品批發業；F105050 家具、寢具、廚房器具、裝設品批發業；F109070 文教、樂器、育樂用品批發業,桃園市,變更,11506
60490603,立帕智慧科技有限公司,桃園市龜山區文信路286號,劉偉傑,5000000,,115/06/12,公司所在地,CC01080 電子零組件製造業；CC01110 電腦及其週邊設備製造業；CC01990 其他電機及電子機械器材製造業；E605010 電腦設備安裝業；F113030 精密儀器批發業；F113070 電信器材批發業；F118010 資訊軟體批發業；F119010 電子材料批發業；F213030 電腦及事務性機器設備零售業；F213040 精密儀器零售業,桃園市,變更,11506
60490667,三川有限公司,桃園市大溪區員林里員林路二段336巷29號,張浩莆,500000,,115/06/12,增資,I501010 產品設計業；I599990 其他設計業；CN01010 家具及裝設品製造業；C901020 玻璃及玻璃製品製造業；C901990 其他非金屬礦物製品製造業；CH01040 玩具製造業；CZ99990 未分類其他工業製品製造業；F205040 家具、寢具、廚房器具、裝設品零售業；F399990 其他綜合零售業；F105050 家具、寢具、廚房器具、裝設品批發業,桃園市,變更,11506
60491315,銘富營造有限公司,桃園市龜山區興華三街28巷28號5樓,林錦祥,5600000,,115/06/04,增資,E101011 綜合營造業；ZZ99999 除許可業務外，得經營法令非禁止或限制之業務,桃園市,變更,11506
60497872,蓋展工程有限公司,桃園市桃園區同安里新埔六街101號22摟,許承洲,5000000,,115/06/05,申登機關變更（遷入，含卷）,E599010 配管工程業；F106040 水器材料批發業；F206040 水器材料零售業；E601010 電器承裝業；E601020 電器安裝業；E603050 自動控制設備工程業；E603090 照明設備安裝工程業；E801010 室內裝潢業；E903010 防蝕、防銹工程業；EZ02010 起重工程業,桃園市,變更,11506
60499180,程翊企業股份有限公司,桃園市八德區高明里高城路167號（1樓）,郭威廷,7300000,,115/06/03,公司名稱變更修正章程,E599010 配管工程業；E601010 電器承裝業；E603040 消防安全設備安裝工程業；E603050 自動控制設備工程業；E603090 照明設備安裝工程業；E701010 電信工程業；E801010 室內裝潢業；E801070 廚具、衛浴設備安裝工程業；F106040 水器材料批發業；F113020 電器批發業,桃園市,變更,11506
60510262,瑞颺有限公司,桃園市中壢區長安街70號,趙伯瑋,2000000,,115/06/17,修正章程,F113070 電信器材批發業；F113020 電器批發業；F113030 精密儀器批發業；F113050 電腦及事務性機器設備批發業；F106010 五金批發業；F113990 其他機械器具批發業；F118010 資訊軟體批發業；F206010 五金零售業；F213010 電器零售業；F213030 電腦及事務性機器設備零售業,桃園市,變更,11506
60510360,原源不絕行銷有限公司,桃園市平鎮區金城街12號,康懷琪,3000000,,115/06/10,增資,C601020 紙製造業；C601030 紙容器製造業；C601040 加工紙製造業；C701010 印刷業；C702010 製版業；C703010 印刷品裝訂及加工業；E601010 電器承裝業；E603090 照明設備安裝工程業；E604010 機械安裝業；E605010 電腦設備安裝業,桃園市,變更,11506
60522725,加利利生物科技股份有限公司,桃園市龜山區南上里民生北路一段40之2號3樓之6,葉約雅,10000000,,115/06/29,一般補正案,F102030 菸酒批發業；F199990 其他批發業；A101020 農作物栽培業；A101040 食用菌菇類栽培業；A301030 水產養殖業；C102010 乳品製造業；C103050 罐頭、冷凍、脫水及醃漬食品製造業；C106010 製粉業；C108010 糖類製造業；C109010 調味品製造業,桃園市,變更,11506
60523626,三新物流有限公司,桃園市蘆竹區福祿一街109號6樓,簡信紘,500000,,115/06/08,公司所營事業變更修正章程,F102040 飲料批發業；F101050 水產品批發業；F101990 其他農、畜、水產品批發業；F102030 菸酒批發業；F102170 食品什貨批發業；F104110 布疋、衣著、鞋、帽、傘、服飾品批發業；F105050 家具、寢具、廚房器具、裝設品批發業；F106010 五金批發業；F106020 日常用品批發業；F399040 無店面零售業,桃園市,變更,11506
60524809,晨曦光有限公司,桃園市桃園區永安里永光街113之6號,陳怡涵,100000,,115/06/17,公司所在地,I103060 管理顧問業；I199990 其他顧問服務業；I301010 資訊軟體服務業；I301020 資料處理服務業；I301030 電子資訊供應服務業；I401010 一般廣告服務業；J304010 圖書出版業；J305010 有聲出版業；J399010 軟體出版業；J399990 其他出版業,桃園市,變更,11506
60525526,連暉有限公司,桃園市平鎮區東安里平東路22號,許哲瑋,200000,,115/06/15,股東出資轉讓修正章程,F501060 餐館業,桃園市,變更,11506
60525589,沛凜股份有限公司,桃園市中壢區青松街195號2樓,蔡鈺深,2000000,,115/06/30,發行新股,C802090 清潔用品製造業；C802100 化粧品製造業；F106020 日常用品批發業；F107030 清潔用品批發業；F108040 化粧品批發業；F207030 清潔用品零售業；F208040 化粧品零售業；F401010 國際貿易業；F399040 無店面零售業；F206020 日常用品零售業,桃園市,變更,11506
60535714,永川盛電梯有限公司,桃園市八德區高城二街9巷2號(1樓),黃世玄,6050000,,115/06/08,增資,E603020 電梯安裝工程業；E604010 機械安裝業；E603050 自動控制設備工程業；E603090 照明設備安裝工程業；E603100 電焊工程業；E603040 消防安全設備安裝工程業；E603010 電纜安裝工程業；E701040 簡易電信設備安裝業；E701010 電信工程業；E801030 室內輕鋼架工程業,桃園市,變更,11506
60546206,品星能源科技有限公司,桃園市平鎮區雙連里清泉街5巷11號,田吉憲,2000000,,115/06/11,公司所在地,F205040 家具、寢具、廚房器具、裝設品零售業；F213010 電器零售業；F105050 家具、寢具、廚房器具、裝設品批發業；F106010 五金批發業；F106040 水器材料批發業；F113020 電器批發業；F206040 水器材料零售業；F401010 國際貿易業；E603130 燃氣熱水器承裝業；E502010 燃料導管安裝工程業,桃園市,變更,11506
60547248,鋐澤有限公司,桃園市蘆竹區南崁里經國路892號16樓,林洧鋐,1000000,,115/06/11,公司所在地,IZ06010 理貨包裝業；IZ12010 人力派遣業；ZZ99999 除許可業務外，得經營法令非禁止或限制之業務,桃園市,變更,11506
60553472,瑋唐管理顧問有限公司,桃園市中壢區新街里11鄰環北路400號12樓之8,邱垂烽,200000,,115/06/02,股東出資轉讓修正章程,I102010 一般投資顧問業；I103060 管理顧問業；I199990 其他顧問服務業；ZZ99999 除許可業務外，得經營法令非禁止或限制之業務,桃園市,變更,11506
60572082,武熊牟智能機有限公司,桃園市觀音區建國路232號,陳成志,2000000,,115/06/15,公司所在地,F102030 菸酒批發業；F102040 飲料批發業；F102050 茶葉批發業；F102170 食品什貨批發業；F102180 酒精批發業；F109070 文教、樂器、育樂用品批發業；F121010 食品添加物批發業；F201010 農產品零售業；F201020 畜產品零售業；F201030 水產品零售業,桃園市,變更,11506
60578488,妮享美學有限公司,桃園市蘆竹區大新路37號,陳苡瑄,300000,,115/06/12,公司所在地,F209060 文教、樂器、育樂用品零售業；J802010 運動訓練業；ZZ99999 除許可業務外，得經營法令非禁止或限制之業務,桃園市,變更,11506
60578494,昇澤行銷有限公司,桃園市中壢區青航里青峰路一段57號13樓,王薏雯,3000000,,115/06/12,增資,F108040 化粧品批發業；F104110 布疋、衣著、鞋、帽、傘、服飾品批發業；F199990 其他批發業；F204110 布疋、衣著、鞋、帽、傘、服飾品零售業；F299990 其他零售業；F399040 無店面零售業；IE01010 電信業務門號代辦業；F213060 電信器材零售業；F213110 電池零售業；F213030 電腦及事務性機器設備零售業,桃園市,變更,11506
60578939,大鴻企業有限公司,桃園市龍潭區健行路289巷23之1號,郭家宏,2050000,,115/06/29,增資,C104020 烘焙炊蒸食品製造業；C104010 糖果製造業；F102170 食品什貨批發業；F102040 飲料批發業；F203010 食品什貨、飲料零售業；F121010 食品添加物批發業；F221010 食品添加物零售業；F102020 食用油脂批發業；F399040 無店面零售業；F401010 國際貿易業,桃園市,變更,11506
60579260,順億國際興業有限公司,桃園市桃園區春日里大業路二段38號（二樓）,許靖怡,1000000,,115/06/25,公司所在地,F401010 國際貿易業；F101130 蔬果批發業；F101990 其他農、畜、水產品批發業；F102170 食品什貨批發業；F102040 飲料批發業；F113010 機械批發業；F203010 食品什貨、飲料零售業；F213030 電腦及事務性機器設備零售業；F113050 電腦及事務性機器設備批發業；F206010 五金零售業,桃園市,變更,11506
60579965,盛世紀股份有限公司,桃園市桃園區天祥二街8巷7號(1樓),楊婉瑜,26780000,,115/06/17,一般補正案,H201010 一般投資業,桃園市,變更,11506
60585143,展盈國際管理顧問有限公司,桃園市大溪區仁愛里埔頂路一段392號（2樓）,凌盈盈,5000000,,115/06/09,增資,IZ12010 人力派遣業；JZ99050 仲介服務業；I103060 管理顧問業；I301010 資訊軟體服務業；I301020 資料處理服務業；I301030 電子資訊供應服務業；F104110 布疋、衣著、鞋、帽、傘、服飾品批發業；F105050 家具、寢具、廚房器具、裝設品批發業；F106020 日常用品批發業；F109070 文教、樂器、育樂用品批發業,桃園市,變更,11506
60585278,云辰通信科技有限公司,桃園市八德區忠孝街23號三樓之6,林廷諭,200000,,115/06/24,公司所在地,E502010 燃料導管安裝工程業；E599010 配管工程業；E601010 電器承裝業；E601020 電器安裝業；E603010 電纜安裝工程業；E603020 電梯安裝工程業；E603040 消防安全設備安裝工程業；E603050 自動控制設備工程業；E603080 交通號誌安裝工程業；E603090 照明設備安裝工程業,桃園市,變更,11506
60585734,長順永發運通有限公司,桃園市桃園區民權路6號5樓之4,涂家瑜,5000000,,115/06/17,公司名稱變更修正章程,G101041 小客車租賃業；G202010 停車場經營業；F114010 汽車批發業；F114030 汽、機車零件配備批發業；F213030 電腦及事務性機器設備零售業；F214010 汽車零售業；F214030 汽、機車零件配備零售業；F401010 國際貿易業；I103060 管理顧問業；JA01990 其他汽車服務業,桃園市,變更,11506
60585755,世強穩基工程有限公司,桃園市蘆竹區文新街7號2樓,劉興濱,100000,,115/06/15,公司所營事業變更修正章程,E599010 配管工程業；E601010 電器承裝業；E601020 電器安裝業；E603010 電纜安裝工程業；E603040 消防安全設備安裝工程業；E603090 照明設備安裝工程業；E603100 電焊工程業；E603130 燃氣熱水器承裝業；E604010 機械安裝業；E607010 太陽熱能設備安裝工程業,桃園市,變更,11506
60586380,政營股份有限公司,桃園市楊梅區大同里24鄰自立街283號,張書爕,41000000,,115/06/23,一般補正案,H201010 一般投資業；CC01080 電子零組件製造業；ZZ99999 除許可業務外，得經營法令非禁止或限制之業務；CH01010 體育用品製造業；CQ01010 模具製造業；D101060 再生能源自用發電設備業；F118010 資訊軟體批發業；F119010 電子材料批發業；F109070 文教、樂器、育樂用品批發業；F209060 文教、樂器、育樂用品零售業,桃園市,變更,11506
60595775,逸雲科技有限公司,桃園市八德區茄明里中華路322號7樓之2,李冠庭,1000000,,115/06/08,增資,F119010 電子材料批發業；F219010 電子材料零售業；F401010 國際貿易業；F113010 機械批發業；F113050 電腦及事務性機器設備批發業；I301010 資訊軟體服務業；I301020 資料處理服務業；I301030 電子資訊供應服務業；IZ99990 其他工商服務業；ZZ99999 除許可業務外，得經營法令非禁止或限制之業務,桃園市,變更,11506
60595923,鴻辰精密科技有限公司,桃園市八德區大愛里重慶街109巷15號,李辰鴻,100000,,115/06/08,公司所營事業變更修正章程,CA01050 鋼材二次加工業；CA02990 其他金屬製品製造業；CB01010 機械設備製造業；F106010 五金批發業；F113010 機械批發業；F218010 資訊軟體零售業；F118010 資訊軟體批發業；F206010 五金零售業；F213080 機械器具零售業；F401010 國際貿易業,桃園市,變更,11506
60596583,奈司歐科技有限公司,桃園市八德區大忠里永福街26號(1樓),周喬安,100000,,115/06/26,股東出資轉讓修正章程,J601010 藝文服務業；I105010 藝術品諮詢顧問業；F401010 國際貿易業；F399040 無店面零售業；F299990 其他零售業；F219010 電子材料零售業；F213030 電腦及事務性機器設備零售業；F213010 電器零售業；F206020 日常用品零售業；F206010 五金零售業,桃園市,變更,11506
60596628,添翔工程有限公司,桃園市龜山區大崗里忠義路二段369之5號3樓之１,王薏婷,1050000,,115/06/18,增資,E801010 室內裝潢業；E801020 門窗安裝工程業；E801030 室內輕鋼架工程業；E801040 玻璃安裝工程業；E801070 廚具、衛浴設備安裝工程業；E901010 油漆工程業；E903010 防蝕、防銹工程業；EZ02010 起重工程業；EZ05010 儀器、儀表安裝工程業；EZ06010 交通標示工程業,桃園市,變更,11506
60600355,中信榮盛股份有限公司,桃園市桃園區經國路899號3樓,王卓鈞,3096038590,,115/06/15,發行新股,H701010 住宅及大樓開發租售業；H701020 工業廠房開發租售業；H701040 特定專業區開發業；H701050 投資興建公共建設業；H701060 新市鎮、新社區開發業；H701070 區段徵收及市地重劃代辦業；I301010 資訊軟體服務業；I301020 資料處理服務業；I301030 電子資訊供應服務業；I199990 其他顧問服務業,桃園市,變更,11506
60614098,晨曦創意有限公司,桃園市桃園區瑞慶里中正路1351號12樓,傅誌生,250324,,115/06/24,申登機關變更（遷入，含卷）,F399040 無店面零售業；F399990 其他綜合零售業；F106020 日常用品批發業；F206020 日常用品零售業；F110010 鐘錶批發業；F210010 鐘錶零售業；F105050 家具、寢具、廚房器具、裝設品批發業；F205040 家具、寢具、廚房器具、裝設品零售業；F106010 五金批發業；F206010 五金零售業,桃園市,變更,11506
60616309,富杭投資股份有限公司,桃園市中壢區長春三路11號8樓,林毅志,2258800,,115/06/16,董事/監察人持股變動報備,H201010 一般投資業,桃園市,變更,11506
60626453,事欣投資股份有限公司,桃園市中壢區領航南路三段188號15樓,廖文嘉,180000000,,115/06/29,發行新股,H201010 一般投資業；ZZ99999 除許可業務外，得經營法令非禁止或限制之業務,桃園市,變更,11506
60627050,風湧欲來啊有限公司,桃園市龍潭區百年里中豐路367號,蔣明澄,500000,,115/06/25,股東出資轉讓修正章程,C102010 乳品製造業；F102170 食品什貨批發業；F106020 日常用品批發業；F203010 食品什貨、飲料零售業；F204110 布疋、衣著、鞋、帽、傘、服飾品零售業；F209060 文教、樂器、育樂用品零售業；F501030 飲料店業；F501060 餐館業；F501990 其他餐飲業；J303010 雜誌（期刊）出版業,桃園市,變更,11506
60636184,尋界娛樂有限公司,桃園市楊梅區萬大路116巷17號,楊玄楷,500000,,115/06/17,公司所在地,I301010 資訊軟體服務業；I301020 資料處理服務業；I301030 電子資訊供應服務業；ZZ99999 除許可業務外，得經營法令非禁止或限制之業務,桃園市,變更,11506
60636255,洗雲科技股份有限公司,桃園市中壢區興平里12鄰中豐北路67號七樓,蔡尚志,3000000,,115/06/17,一般補正案,JA03010 洗衣業；F113010 機械批發業；F207030 清潔用品零售業；F213080 機械器具零售業；ZZ99999 除許可業務外，得經營法令非禁止或限制之業務,桃園市,變更,11506
60667307,森泉澗有限公司,桃園市中壢區新街里環北路400號5樓之2,黃幸掀,500000,,115/06/25,一般補正案,F106020 日常用品批發業；F105050 家具、寢具、廚房器具、裝設品批發業；F104110 布疋、衣著、鞋、帽、傘、服飾品批發業；F106050 陶瓷玻璃器皿批發業；F106060 寵物食品及其用品批發業；F106070 祭祀用品批發業；F107030 清潔用品批發業；F108040 化粧品批發業；F109070 文教、樂器、育樂用品批發業；F111090 建材批發業,桃園市,變更,11506
60667382,曜昌實業有限公司,桃園市楊梅區水美里民富路一段56巷3弄19號(5樓),林建昌,1000000,,115/06/11,股東出資轉讓修正章程,F117010 消防安全設備批發業；F120010 耐火材料批發業；F211010 建材零售業；F220010 耐火材料零售業；E603040 消防安全設備安裝工程業；E603050 自動控制設備工程業；E603090 照明設備安裝工程業；E801010 室內裝潢業；E901010 油漆工程業；J101010 建築物清潔服務業,桃園市,變更,11506
60667691,格煦管理顧問股份有限公司,桃園市平鎮區工業十一路1號,沈郁婕,76052630,,115/06/29,增資(資本總額),H201010 一般投資業；I103060 管理顧問業；I199990 其他顧問服務業；ZZ99999 除許可業務外，得經營法令非禁止或限制之業務,桃園市,變更,11506
60671864,拼什鍋有限公司,桃園市中壢區莊敬里莊敬路196號（1樓）,牛兆陽,510000,,115/06/18,公司所在地,F501060 餐館業；F501990 其他餐飲業；ZZ99999 除許可業務外，得經營法令非禁止或限制之業務,桃園市,變更,11506
60672575,鈞陽科技有限公司,桃園市中壢區青埔里高鐵站前西路一段268號17樓之1,陳正彥,10000000,,115/06/01,增資,E601020 電器安裝業；E603090 照明設備安裝工程業；E701040 簡易電信設備安裝業；E801070 廚具、衛浴設備安裝工程業；F105050 家具、寢具、廚房器具、裝設品批發業；F106010 五金批發業；F106040 水器材料批發業；F111090 建材批發業；F205040 家具、寢具、廚房器具、裝設品零售業；F211010 建材零售業,桃園市,變更,11506
60673173,穩立地產開發股份有限公司,桃園市中壢區青溪里民權路4段438號4樓,陳霆航,1000000,,115/06/05,改選董事/監察人(一人法人股東指派董事/監察人),H701010 住宅及大樓開發租售業；H701020 工業廠房開發租售業；H701050 投資興建公共建設業；H701060 新市鎮、新社區開發業；H701070 區段徵收及市地重劃代辦業；H701090 都市更新整建維護業；H703090 不動產買賣業；H703100 不動產租賃業；I102010 一般投資顧問業；I103060 管理顧問業,桃園市,變更,11506
60705294,就是孝尼美容有限公司,桃園市龜山區長慶二街26號,檀鎮宇,200000,,115/06/26,公司所在地,JZ99080 美容美髮服務業；ZZ99999 除許可業務外，得經營法令非禁止或限制之業務,桃園市,變更,11506
60711015,悅能國際有限公司,桃園市桃園區民有十一街193號10樓,林詩怡,680000,,115/06/03,一般補正案,ZZ99999 除許可業務外，得經營法令非禁止或限制之業務；IG03010 能源技術服務業；D101060 再生能源自用發電設備業；F401010 國際貿易業；F114020 機車批發業；F114030 汽、機車零件配備批發業；F113050 電腦及事務性機器設備批發業；F214010 汽車零售業；F214020 機車零售業；F214030 汽、機車零件配備零售業,桃園市,變更,11506
60711373,辰川有限公司,桃園市桃園區文化里民權路6號12樓,林恩,500000,,115/06/24,股東出資轉讓修正章程,A102080 園藝服務業；C802990 其他化學製品製造業；C805990 其他塑膠製品製造業；C901050 水泥及混凝土製品製造業；C901060 耐火材料製造業；C901990 其他非金屬礦物製品製造業；CZ99990 未分類其他工業製品製造業；EZ02010 起重工程業；EZ99990 其他工程業；F111090 建材批發業,桃園市,變更,11506
60717088,滋烏優投資有限公司,桃園市蘆竹區中福里龍安街1639巷142弄40號(3樓),楊凱文,200000,,115/06/16,申登機關變更（遷入，含卷）,H201010 一般投資業,桃園市,變更,11506
60720128,永鑫慈股份有限公司,桃園市中壢區中央里中美路29號4樓,彭俊雄,55101000,,115/06/15,增資(資本總額),H201010 一般投資業；I103060 管理顧問業；I102010 一般投資顧問業；I199990 其他顧問服務業；I301010 資訊軟體服務業；I301020 資料處理服務業；I301030 電子資訊供應服務業；I401010 一般廣告服務業；I501010 產品設計業；I599990 其他設計業,桃園市,變更,11506
60721273,英迅有限公司,桃園市桃園區龍泉二街55號3樓,林忠皇,8400000,,115/06/16,增資,H201010 一般投資業,桃園市,變更,11506
60752492,朗德爾科技有限公司,桃園市中壢區新街里環北路400號17樓之6,沈義明,1000000,,115/06/12,增資,F119010 電子材料批發業；F113030 精密儀器批發業；F213990 其他機械器具零售業；I199990 其他顧問服務業；JA02010 電器及電子產品修理業；I301010 資訊軟體服務業；I301030 電子資訊供應服務業；I301020 資料處理服務業；IG02010 研究發展服務業；IZ99990 其他工商服務業,桃園市,變更,11506
60752970,果居貿易有限公司,桃園市桃園區藝文里中正路1092號25樓,陳立婷,200000,,115/06/09,一般補正案,F201010 農產品零售業；F101130 蔬果批發業；F102170 食品什貨批發業；F102040 飲料批發業；F203010 食品什貨、飲料零售業；F101050 水產品批發業；F201030 水產品零售業；F401010 國際貿易業；ZZ99999 除許可業務外，得經營法令非禁止或限制之業務,桃園市,變更,11506
60753507,宏尉投資有限公司,桃園市桃園區藝文一街86之6號4樓,吳詩尉,500000,,115/06/25,公司所在地,H201010 一般投資業,桃園市,變更,11506
60753963,立澄科技有限公司,桃園市桃園區大德三街62巷43號,林美君,100000,,115/06/24,公司名稱變更修正章程,CA01100 鋁材軋延、伸線、擠型業；CA02010 金屬結構及建築組件製造業；CB01010 機械設備製造業；CB01990 其他機械製造業；CB01030 污染防治設備製造業；CC01110 電腦及其週邊設備製造業；CC01990 其他電機及電子機械器材製造業；CC01010 發電、輸電、配電機械製造業；CC01090 電池製造業；CD01040 機車及其零件製造業,桃園市,變更,11506
60761957,宸曜工程有限公司,桃園市八德區陸光里陸光街59號10樓,張騰,100000,,115/06/04,公司名稱變更修正章程,E599010 配管工程業；E801010 室內裝潢業；E801020 門窗安裝工程業；E801030 室內輕鋼架工程業；E801070 廚具、衛浴設備安裝工程業；EZ99990 其他工程業；E901010 油漆工程業；IZ12010 人力派遣業；J101010 建築物清潔服務業；J101030 廢棄物清除業,桃園市,變更,11506
60762098,正榮精密有限公司,桃園市八德區大安里長安街29之2號,賴美芳,1000000,,115/06/02,股東出資轉讓修正章程,CA01090 鋁鑄造業；CA01120 銅鑄造業；CA01990 其他非鐵金屬基本工業；CA02030 螺絲、螺帽、螺絲釘、及鉚釘等製品製造業；CA02050 閥類製造業；CA02060 金屬容器製造業；CA03010 熱處理業；CA04010 表面處理業；CB01010 機械設備製造業；CB01990 其他機械製造業,桃園市,變更,11506
60762528,欣樂文旅股份有限公司,桃園市八德區東勇北路173號,吳欣如,5000000,,115/06/09,改選董事/監察人(一人法人股東指派董事/監察人),G101041 小客車租賃業；G202010 停車場經營業；G799990 其他運輸輔助業；F114010 汽車批發業；F114030 汽、機車零件配備批發業；F214010 汽車零售業；F213010 電器零售業；F219010 電子材料零售業；F214030 汽、機車零件配備零售業；F213110 電池零售業,桃園市,變更,11506
60772997,佳利威有限公司,桃園市大園區中山北路218號,石乃威,100000,,115/06/04,股東出資轉讓修正章程,E801010 室內裝潢業；E801070 廚具、衛浴設備安裝工程業；E801030 室內輕鋼架工程業；F105050 家具、寢具、廚房器具、裝設品批發業；E603090 照明設備安裝工程業；E604010 機械安裝業；E603050 自動控制設備工程業；E603100 電焊工程業；E606010 用電設備檢驗維護業；CB01010 機械設備製造業,桃園市,變更,11506
60781665,齊碁生醫股份有限公司,桃園市桃園區汴洲里春日路1490之1號3樓,劉哲嘉,98000000,,115/06/18,發行新股,IG02010 研究發展服務業；IC01010 藥品檢驗業；IG01010 生物技術服務業；F208050 乙類成藥零售業；F108040 化粧品批發業；F208040 化粧品零售業；F113030 精密儀器批發業；F213040 精密儀器零售業；F399040 無店面零售業；F401010 國際貿易業,桃園市,變更,11506
60781757,築本營造有限公司,桃園市中壢區中正路257號8樓,張莛和,8000000,,115/06/04,股東出資轉讓修正章程,E101011 綜合營造業；A102080 園藝服務業；B601010 土石採取業；E599010 配管工程業；E601020 電器安裝業；E603020 電梯安裝工程業；E603040 消防安全設備安裝工程業；E603090 照明設備安裝工程業；E801010 室內裝潢業；E801020 門窗安裝工程業,桃園市,變更,11506
60785698,開泰文創有限公司,桃園市楊梅區環南路162巷13號8樓,黃凱汶,200000,,115/06/25,一般補正案,F101050 水產品批發業；F101130 蔬果批發業；F102050 茶葉批發業；F102170 食品什貨批發業；F104110 布疋、衣著、鞋、帽、傘、服飾品批發業；F106020 日常用品批發業；F106070 祭祀用品批發業；F108040 化粧品批發業；F109070 文教、樂器、育樂用品批發業；F199990 其他批發業,桃園市,變更,11506
62194375,保全家健康股份有限公司,桃園市中壢區中央西路一段1號7樓,藍琛涵,1600000,,115/06/03,發行新股,F102040 飲料批發業；F102170 食品什貨批發業；F102180 酒精批發業；F106020 日常用品批發業；F107030 清潔用品批發業；F108040 化粧品批發業；F208050 乙類成藥零售業；F399040 無店面零售業；F401010 國際貿易業；F601010 智慧財產權業,桃園市,變更,11506
62194635,境研空間設計股份有限公司,桃園市平鎮區復旦路二段150巷277號十三樓,李玟儒,1200000,,115/06/09,一般補正案,F111090 建材批發業；F211010 建材零售業；F105050 家具、寢具、廚房器具、裝設品批發業；F205040 家具、寢具、廚房器具、裝設品零售業；F106010 五金批發業；F206010 五金零售業；F113020 電器批發業；F213010 電器零售業；F119010 電子材料批發業；F219010 電子材料零售業,桃園市,變更,11506
62195206,辰芸有限公司,桃園市桃園區福林街50號(3樓),徐晨晞,500000,,115/06/24,公司所在地,F102040 飲料批發業；F102050 茶葉批發業；F102170 食品什貨批發業；F104110 布疋、衣著、鞋、帽、傘、服飾品批發業；F105050 家具、寢具、廚房器具、裝設品批發業；F106010 五金批發業；F106020 日常用品批發業；F107030 清潔用品批發業；F108040 化粧品批發業；F109070 文教、樂器、育樂用品批發業,桃園市,變更,11506
62195331,杏茀生技有限公司,桃園市蘆竹區南崁里經國路890號16樓,王思騰,1000000,,115/06/12,增資,F108031 醫療器材批發業；F208031 醫療器材零售業；F108040 化粧品批發業；F113030 精密儀器批發業；F113010 機械批發業；F113990 其他機械器具批發業；F119010 電子材料批發業；F106010 五金批發業；F206010 五金零售業；F399040 無店面零售業,桃園市,變更,11506
62207358,昇境創新有限公司,桃園市中壢區元化路226號6樓,闕彤宇,200000,,115/06/23,公司所營事業變更修正章程,I301010 資訊軟體服務業；I301020 資料處理服務業；I301030 電子資訊供應服務業；J399010 軟體出版業；I401010 一般廣告服務業；I103060 管理顧問業；IZ12010 人力派遣業；F399040 無店面零售業；J701080 水域遊憩活動經營業；ZZ99999 除許可業務外，得經營法令非禁止或限制之業務,桃園市,變更,11506
62207420,廣鑫食堂有限公司,桃園市平鎮區福壽路86號(1樓),汪玉梅,100000,,115/06/16,公司所在地,F501060 餐館業；ZZ99999 除許可業務外，得經營法令非禁止或限制之業務,桃園市,變更,11506
62207771,沃爾派克有限公司,桃園市中壢區中正路82號10樓,李仁智,150000,,115/06/24,公司名稱變更修正章程,E701010 電信工程業；E701040 簡易電信設備安裝業；F113020 電器批發業；F213010 電器零售業；F113030 精密儀器批發業；F213040 精密儀器零售業；F113050 電腦及事務性機器設備批發業；F213030 電腦及事務性機器設備零售業；F113070 電信器材批發業；F213060 電信器材零售業,桃園市,變更,11506
62213611,金綺國際有限公司,桃園市中壢區永康三街21之2號,王芊茵,500000,,115/06/08,公司所營事業變更修正章程,F104110 布疋、衣著、鞋、帽、傘、服飾品批發業；F105050 家具、寢具、廚房器具、裝設品批發業；F106010 五金批發業；F109070 文教、樂器、育樂用品批發業；F118010 資訊軟體批發業；F119010 電子材料批發業；F204110 布疋、衣著、鞋、帽、傘、服飾品零售業；F205040 家具、寢具、廚房器具、裝設品零售業；F206020 日常用品零售業；F207030 清潔用品零售業,桃園市,變更,11506
62220541,承景景觀有限公司,桃園市蘆竹區中福里龍壽街1段77之1號,劉瑞蓮,1000000,,115/06/03,增資,CH01010 體育用品製造業；CH01040 玩具製造業；CQ01010 模具製造業；EZ11010 球場跑道樹脂材料鋪設工程業；EZ14010 運動場地用設備工程業；F106010 五金批發業；F106030 模具批發業；F109070 文教、樂器、育樂用品批發業；F111090 建材批發業；F199990 其他批發業,桃園市,變更,11506
62220818,富芃科技有限公司,桃園市龜山區大華里文東五街126巷6號2樓,徐新傑,1500000,,115/06/11,增資,E502010 燃料導管安裝工程業；E599010 配管工程業；E603050 自動控制設備工程業；E603100 電焊工程業；E603110 冷作工程業；E604010 機械安裝業；EZ05010 儀器、儀表安裝工程業；EZ99990 其他工程業；F106010 五金批發業；F106030 模具批發業,桃園市,變更,11506
62220916,全省輪胎有限公司,桃園市桃園區中德里國際路1段538號,張嘉廷,5000000,,115/06/10,公司所營事業變更修正章程,F214050 車胎零售業；F114050 車胎批發業；F214030 汽、機車零件配備零售業；F401010 國際貿易業；JA01010 汽車修理業；ZZ99999 除許可業務外，得經營法令非禁止或限制之業務,桃園市,變更,11506
62221507,境昀工程股份有限公司,桃園市平鎮區金星里上海路200號10樓之2,羅瑋姍,3500000,,115/06/30,董事/監察人持股變動報備,C501010 製材業；C501030 合板製造業；C501040 組合木材製造業；C501990 其他木製品製造業；CN01010 家具及裝設品製造業；E599010 配管工程業；E601020 電器安裝業；E603090 照明設備安裝工程業；E701040 簡易電信設備安裝業；E801010 室內裝潢業,桃園市,變更,11506
62221561,砌基資產管理股份有限公司,桃園市中壢區五光三街69號1樓,陳弘穎,866960,,115/06/10,發行新股,H201010 一般投資業；H202010 創業投資業；I102010 一般投資顧問業；I103060 管理顧問業；I199990 其他顧問服務業；J202010 產業育成業；ZZ99999 除許可業務外，得經營法令非禁止或限制之業務,桃園市,變更,11506
62221788,盛景智慧公寓大廈管理維護股份有限公司,桃園市中壢區領航南路三段319號16樓,黃文廷,10000000,,115/06/08,董事(常務董事.董事長)/監察人解任,I801011 公寓大廈管理服務業；A102080 園藝服務業；E601010 電器承裝業；E601020 電器安裝業；E603040 消防安全設備安裝工程業；E603090 照明設備安裝工程業；E801010 室內裝潢業；E801070 廚具、衛浴設備安裝工程業；F106010 五金批發業；F106020 日常用品批發業,桃園市,變更,11506
62233882,鼎宸國際商業有限公司,桃園市桃園區永安路173號(2樓),梁韡瀚,200000,,115/06/24,股東出資轉讓修正章程,I103060 管理顧問業；I199990 其他顧問服務業；F214010 汽車零售業；H703090 不動產買賣業；H703100 不動產租賃業；I102010 一般投資顧問業；JD01010 工商徵信服務業；JE01010 租賃業；JZ99990 未分類其他服務業；IZ99990 其他工商服務業,桃園市,變更,11506
62234340,成國環保清運有限公司,桃園市中壢區新街里元化路226號10樓,楊子芹,5000000,,115/06/29,公司所在地,J101030 廢棄物清除業；J101040 廢棄物處理業；J101080 資源回收業；J101090 廢棄物清理業；J101010 建築物清潔服務業；J101990 其他環境衛生及污染防治服務業；I101070 農、林、漁、畜牧顧問業；F199010 回收物料批發業；F201010 農產品零售業；F201020 畜產品零售業,桃園市,變更,11506
62234355,菟窟菟餐飲國際有限公司,桃園市桃園區寶山里寶山街186號(1樓),吳定家,5000000,,115/06/12,公司所在地,F102170 食品什貨批發業；F203010 食品什貨、飲料零售業；F399040 無店面零售業；F501030 飲料店業；F501060 餐館業；F501990 其他餐飲業；F401010 國際貿易業；F399990 其他綜合零售業；F102040 飲料批發業；F102050 茶葉批發業,桃園市,變更,11506
62239345,添富景觀設計有限公司,桃園市平鎮區南勢里南東路50巷5號,鄭維全,500000,,115/06/03,公司所營事業變更修正章程,I503010 景觀設計業；I504010 花藝設計業；I599990 其他設計業；F101100 花卉批發業；F106010 五金批發業；F106040 水器材料批發業；F106050 陶瓷玻璃器皿批發業；F107050 肥料批發業；F107080 環境用藥批發業；F111090 建材批發業,桃園市,變更,11506
62239648,瀚渤科技股份有限公司,桃園市中壢區至善里2鄰後興路一段127號,金也明,3300000,,115/06/24,一般補正案,CC01080 電子零組件製造業；CC01070 無線通信機械器材製造業；F401010 國際貿易業；I301010 資訊軟體服務業；I501010 產品設計業；ZZ99999 除許可業務外，得經營法令非禁止或限制之業務,桃園市,變更,11506
63229405,芳園國際有限公司,桃園市桃園區復興路51之2號10樓之3,鄭秀微,500000,,115/06/23,一般補正案,F108040 化粧品批發業；F109070 文教、樂器、育樂用品批發業；F121010 食品添加物批發業；F102170 食品什貨批發業；F104110 布疋、衣著、鞋、帽、傘、服飾品批發業；F105050 家具、寢具、廚房器具、裝設品批發業；F106010 五金批發業；F106020 日常用品批發業；F106040 水器材料批發業；F107030 清潔用品批發業,桃園市,變更,11506
66464395,善億營造開發股份有限公司,桃園市楊梅區裕新里裕成南路197巷5號,鄭家億,380000000,,115/06/26,一般補正案,E101011 綜合營造業；H701010 住宅及大樓開發租售業；H701020 工業廠房開發租售業；H701050 投資興建公共建設業；H701060 新市鎮、新社區開發業；H701070 區段徵收及市地重劃代辦業；H701090 都市更新整建維護業；H702010 建築經理業；H703090 不動產買賣業；H703100 不動產租賃業,桃園市,變更,11506
66902705,元鈦電訊有限公司,桃園市中壢區後寮里中山東路3段40號(1樓),沈曼玲,2000000,,115/06/01,申登機關變更（遷入，含卷）,F113050 電腦及事務性機器設備批發業；F113070 電信器材批發業；F118010 資訊軟體批發業；F213030 電腦及事務性機器設備零售業；F213060 電信器材零售業；F218010 資訊軟體零售業；F401010 國際貿易業；I301010 資訊軟體服務業；IE01010 電信業務門號代辦業；ZZ99999 除許可業務外，得經營法令非禁止或限制之業務,桃園市,變更,11506
69453604,傳宸廚藝股份有限公司,桃園市蘆竹區長春路53號5樓,林怡瑜,3400000,,115/06/11,公司所在地,F111090 建材批發業；E801070 廚具、衛浴設備安裝工程業；F105050 家具、寢具、廚房器具、裝設品批發業；F106010 五金批發業；F106020 日常用品批發業；F205040 家具、寢具、廚房器具、裝設品零售業；F211010 建材零售業；F401010 國際貿易業；ZZ99999 除許可業務外，得經營法令非禁止或限制之業務,桃園市,變更,11506
69507411,正奇精密科技股份有限公司,桃園市龍潭區工二路一段193號,廖家倩,10000000,,115/06/17,公司所在地,E603050 自動控制設備工程業；F213080 機械器具零售業；IF04010 非破壞檢測業；F213040 精密儀器零售業；F218010 資訊軟體零售業；I599990 其他設計業；E604010 機械安裝業；E605010 電腦設備安裝業；EZ05010 儀器、儀表安裝工程業；EZ99990 其他工程業,桃園市,變更,11506
69531236,鴻輝投資股份有限公司,桃園市桃園區中山路543號11樓,邱瑞沐,53000000,,115/06/03,董事/監察人持股變動報備,H201010 一般投資業；H202010 創業投資業；H702010 建築經理業；H703090 不動產買賣業；H703100 不動產租賃業；ZZ99999 除許可業務外，得經營法令非禁止或限制之業務,桃園市,變更,11506
69544008,佳璋有限公司,桃園市桃園區三民里壽山路182號1樓,李新,350000,,115/06/11,股東出資轉讓修正章程,F113050 電腦及事務性機器設備批發業(限中華民國行業標準分類4611電腦及其週邊設備、軟體批發業及4644辦公用機械器具批發業)；F113110 電池批發業(限中華民國行業標準分類4642電子設備及零組件批發業及4649其他機械器具批發業)；F119010 電子材料批發業(限中華民國行業標準分類4642電子設備及其零組件批發業),桃園市,變更,11506
69555102,彩宴餐廳有限公司,桃園市桃園區三民里成功路二段265號一樓,莊昭彥,300000,,115/06/25,股東出資轉讓修正章程,F501060 餐館業；F203020 菸酒零售業；ZZ99999 除許可業務外，得經營法令非禁止或限制之業務,桃園市,變更,11506
69562856,憲成金屬有限公司,桃園市新屋區石磊里中華路885巷17號8樓,,21200000,,115/06/05,解散,CB01010 機械設備製造業；CA01090 鋁鑄造業；CB01990 其他機械製造業；CA01100 鋁材軋延、伸線、擠型業；F106010 五金批發業；F206010 五金零售業；F113010 機械批發業；F213080 機械器具零售業；F113990 其他機械器具批發業；F401010 國際貿易業,桃園市,變更,11506
69583439,雷得綠捷能科技股份有限公司,桃園市八德區大成里大成街9號,張友嘉,5000000,,115/06/09,董事長印鑑變更,D101050 汽電共生業；D101060 再生能源自用發電設備業；D401010 熱能供應業；E599010 配管工程業；E601010 電器承裝業；E601020 電器安裝業；E603050 自動控制設備工程業；E606010 用電設備檢驗維護業；E607010 太陽熱能設備安裝工程業；EZ09010 靜電防護及消除工程業,桃園市,變更,11506
69588743,欣寶智慧環境股份有限公司,桃園市桃園區春日路1434巷69號6樓,曾婷婷,53500000,,115/06/08,改選董事/監察人(一人法人股東指派董事/監察人),F401021 電信管制射頻器材輸入業；F113070 電信器材批發業；F213060 電信器材零售業；E603110 冷作工程業；E604010 機械安裝業；E605010 電腦設備安裝業；E801010 室內裝潢業；E801070 廚具、衛浴設備安裝工程業；E901010 油漆工程業；F106010 五金批發業,桃園市,變更,11506
69600319,守善建設股份有限公司,桃園市楊梅區裕成南路197巷5號1樓,馮應傑,15000000,,115/06/05,變更組織,H701010 住宅及大樓開發租售業；H701020 工業廠房開發租售業；H701060 新市鎮、新社區開發業；H703090 不動產買賣業；H703100 不動產租賃業；HZ02010 金融機構金錢債權收買業務；E801010 室內裝潢業；I401010 一般廣告服務業；I401020 廣告傳單分送業；EZ99990 其他工程業,桃園市,變更,11506
69601443,恩光服務股份有限公司,桃園市中壢區仁慈路120號六樓,曲恒達,3100000,,115/06/09,申登機關變更（遷入，含卷）,I103060 管理顧問業；I199990 其他顧問服務業；IZ12010 人力派遣業；JZ99050 仲介服務業；J202010 產業育成業；ZZ99999 除許可業務外，得經營法令非禁止或限制之業務；J101030 廢棄物清除業；G799990 其他運輸輔助業,桃園市,變更,11506
69614854,賀仲投資股份有限公司,桃園市中壢區新街里慈惠三街158巷8號8樓,李淑如,28000000,,115/06/25,董事/監察人持股變動報備,H201010 一般投資業,桃園市,變更,11506
69616683,益德工業有限公司,桃園市大溪區美華里金山路39巷50弄62號(1樓),簡金福,1000000,,115/06/26,股東出資轉讓修正章程,F119010 電子材料批發業；F113050 電腦及事務性機器設備批發業；F113070 電信器材批發業；F113110 電池批發業；F401010 國際貿易業,桃園市,變更,11506
69618606,依代國際貿易有限公司,桃園市八德區永豐里華康街207巷19之1號,洪崇益,5000000,,115/06/02,公司所在地,F113010 機械批發業；F113030 精密儀器批發業；F113990 其他機械器具批發業；F119010 電子材料批發業；F213010 電器零售業；F213080 機械器具零售業；F219010 電子材料零售業；E604010 機械安裝業；CB01990 其他機械製造業；ZZ99999 除許可業務外，得經營法令非禁止或限制之業務,桃園市,變更,11506
69625607,永亮股份有限公司,桃園市中壢區西園路111之2號二樓,卓聖光,80000000,,115/06/18,一般補正案,F104110 布疋、衣著、鞋、帽、傘、服飾品批發業；F111090 建材批發業；F113010 機械批發業；F113030 精密儀器批發業；F113050 電腦及事務性機器設備批發業；F113070 電信器材批發業；F113100 污染防治設備批發業；F113990 其他機械器具批發業；F114010 汽車批發業；F114030 汽、機車零件配備批發業,桃園市,變更,11506
69629287,僕人空間設計有限公司,桃園市中壢區青埔九街57號,李靜敏,15000000,,115/06/04,增資,I501010 產品設計業；I503010 景觀、室內設計業；J101010 建築物清潔服務業；E603090 照明設備安裝工程業；E801010 室內裝潢業；E801030 室內輕鋼架工程業；E801070 廚具、衛浴設備安裝工程業；E901010 油漆工程業；F111090 建材批發業；F105050 家具、寢具、廚房器具、裝設品批發業,桃園市,變更,11506
69631571,慶昌實業有限公司,桃園市蘆竹區仁愛路三段46號4樓,李欣芸,5000000,,115/06/29,公司所在地,F106010 五金批發業；F106040 水器材料批發業；F113990 其他機械器具批發業；F119010 電子材料批發業；F199990 其他批發業；F401010 國際貿易業；F113070 電信器材批發業；F213060 電信器材零售業；F219010 電子材料零售業；I301030 電子資訊供應服務業,桃園市,變更,11506
69640380,冠鼎鋼構有限公司,桃園市楊梅區上田里和平路128號,劉美玲,2000000,,115/06/26,一般補正案,E603100 電焊工程業；E801010 室內裝潢業；E801020 門窗安裝工程業；E801030 室內輕鋼架工程業；E801040 玻璃安裝工程業；E801070 廚具、衛浴設備安裝工程業；E901010 油漆工程業；F105050 家具、寢具、廚房器具、裝設品批發業；F106010 五金批發業；F107010 漆料、塗料批發業,桃園市,變更,11506
69644338,秝宏實業有限公司,桃園市龜山區南上里民生北路一段411號(1樓),余楊綉紅,3000000,,115/06/04,股東出資轉讓修正章程,CA02010 金屬結構及建築組件製造業；CA02080 金屬鍛造業；CA02090 金屬線製品製造業；CA02990 其他金屬製品製造業；CC01040 照明設備製造業；CN01010 家具及裝設品製造業；CZ99990 未分類其他工業製品製造業；E603050 自動控制設備工程業；E604010 機械安裝業；E801020 門窗安裝工程業,桃園市,變更,11506
69646259,喬絲琳工程有限公司,桃園市桃園區中山里中山路777號1樓之5,楊春蘭,1000000,,115/06/24,公司所在地,E801010 室內裝潢業；F104110 布疋、衣著、鞋、帽、傘、服飾品批發業；F105050 家具、寢具、廚房器具、裝設品批發業；F106010 五金批發業；F106050 陶瓷玻璃器皿批發業；F111090 建材批發業；F107010 漆料、塗料批發業；F120010 耐火材料批發業；F401010 國際貿易業；I105010 藝術品諮詢顧問業,桃園市,變更,11506
69648550,協亨汽材有限公司,桃園市平鎮區復興里環南路214號(1樓),劉峻愷,5000000,,115/06/02,公司所在地,F114030 汽、機車零件配備批發業；F114990 其他交通運輸工具及其零件批發業；F114010 汽車批發業；F106010 五金批發業；F214030 汽、機車零件配備零售業；F214990 其他交通運輸工具及其零件零售業；F214010 汽車零售業；F206010 五金零售業；F401010 國際貿易業；CA02030 螺絲、螺帽、螺絲釘、及鉚釘等製品製造業,桃園市,變更,11506
69654975,亞展國際有限公司,桃園市桃園區莊敬路一段234號12樓,陳鄭明珠,3000000,,115/06/11,一般補正案,F107030 清潔用品批發業；F108040 化粧品批發業；F109070 文教、樂器、育樂用品批發業；F113010 機械批發業；F113030 精密儀器批發業；F113050 電腦及事務性機器設備批發業；F114030 汽、機車零件配備批發業；F114040 自行車及其零件批發業；F114070 航空器及其零件批發業；F114080 軌道車輛及其零件批發業,桃園市,變更,11506
69670861,克拉企業有限公司,桃園市桃園區大業路一段73之1號5樓,林宜群,12000000,,115/06/23,股東出資轉讓修正章程,F106020 日常用品批發業；F206020 日常用品零售業；F104110 布疋、衣著、鞋、帽、傘、服飾品批發業；F204110 布疋、衣著、鞋、帽、傘、服飾品零售業；F109070 文教、樂器、育樂用品批發業；F209060 文教、樂器、育樂用品零售業；F113020 電器批發業；F213010 電器零售業；F106010 五金批發業；F206010 五金零售業,桃園市,變更,11506
69675394,偲喬有限公司,桃園市龜山區舊路里振興路615號,吳俊彥,1000000,,115/06/04,申登機關變更（遷入，含卷）,F104110 布疋、衣著、鞋、帽、傘、服飾品批發業；F106010 五金批發業；F106020 日常用品批發業；F109070 文教、樂器、育樂用品批發業；F113020 電器批發業；F113050 電腦及事務性機器設備批發業；F113070 電信器材批發業；F118010 資訊軟體批發業；F119010 電子材料批發業；F199990 其他批發業,桃園市,變更,11506
69681749,紫晴企業有限公司,桃園市八德區永豐路208之1號,黃晴汝,3000000,,115/06/30,公司所在地,C103050 罐頭、冷凍、脫水及醃漬食品製造業；C104020 烘焙炊蒸食品製造業；C199030 即食餐食製造業；F101040 家畜家禽批發業；F101050 水產品批發業；F101100 花卉批發業；F101130 蔬果批發業；F101990 其他農、畜、水產品批發業；F201010 農產品零售業；F201030 水產品零售業,桃園市,變更,11506
69681781,冠懿自動化科技有限公司,桃園市桃園區泰山里潮洲街76號,温玉如,10000000,,115/06/12,股東出資轉讓修正章程,F106010 五金批發業；F106030 模具批發業；F107170 工業助劑批發業；F113010 機械批發業；F113020 電器批發業；F113030 精密儀器批發業；F113110 電池批發業；F113990 其他機械器具批發業；F119010 電子材料批發業；F206010 五金零售業,桃園市,變更,11506
69692128,億祥達有限公司,桃園市桃園區慈文里蓮華街45號,孫儒祥,5000000,,115/06/09,股東出資轉讓修正章程,F102170 食品什貨批發業；F104110 布疋、衣著、鞋、帽、傘、服飾品批發業；F105050 家具、寢具、廚房器具、裝設品批發業；F106020 日常用品批發業；F106050 陶瓷玻璃器皿批發業；F106060 寵物食品及其用品批發業；F107030 清潔用品批發業；F107190 塑膠膜、袋批發業；F108040 化粧品批發業；F109070 文教、樂器、育樂用品批發業,桃園市,變更,11506
69704721,立允科技有限公司,桃園市楊梅區雙榮路56巷19號,王珮璿,1000000,,115/06/09,公司所營事業變更修正章程,CB01010 機械設備製造業；CC01030 電器及視聽電子產品製造業；CC01080 電子零組件製造業；CC01110 電腦及其週邊設備製造業；CC01990 其他電機及電子機械器材製造業；CE01010 一般儀器製造業；CE01030 光學儀器製造業；CE01990 其他光學及精密器械製造業；E603050 自動控制設備工程業；E604010 機械安裝業,桃園市,變更,11506
69705600,野田科技股份有限公司,桃園市中壢區東園路22號1樓,野田拓哉,60000000,,115/06/05,一般補正案,F119010 電子材料批發業；F219010 電子材料零售業；F401010 國際貿易業；CC01080 電子零組件製造業；JA02010 電器及電子產品修理業；F113010 機械批發業；E604010 機械安裝業；I103060 管理顧問業；I501010 產品設計業；IG02010 研究發展服務業,桃園市,變更,11506
69722988,中天開發企業有限公司,桃園市桃園區中山東路51號7樓之1,袁敬堯,500000,,115/06/17,公司所在地,F102170 食品什貨批發業；F203010 食品什貨、飲料零售業；F121010 食品添加物批發業；F221010 食品添加物零售業；H201010 一般投資業；F203020 菸酒零售業；F102030 菸酒批發業；F215010 首飾及貴金屬零售業；F110010 鐘錶批發業；F106070 祭祀用品批發業,桃園市,變更,11506
69725900,藏奇境股份有限公司,桃園市桃園區和愛街19號(1樓),蔡文川,25000000,,115/06/05,改選董事/監察人(一人法人股東指派董事/監察人),C601020 紙製造業；C601030 紙容器製造業；C601040 加工紙製造業；C601990 其他紙製品製造業；C805010 塑膠皮、布、板、管材製造業；C805020 塑膠膜、袋製造業；C805050 工業用塑膠製品製造業；C805990 其他塑膠製品製造業；CH01010 體育用品製造業；F107190 塑膠膜、袋批發業,桃園市,變更,11506
69726274,鼎堃地產股份有限公司,桃園市平鎮區金陵里振中街120巷1號,陳姵穎,16000000,,115/06/17,公司所營事業變更修正章程,H701010 住宅及大樓開發租售業；H701020 工業廠房開發租售業；H701050 投資興建公共建設業；H701060 新市鎮、新社區開發業；H701070 區段徵收及市地重劃代辦業；H701090 都市更新整建維護業；H703090 不動產買賣業；H703100 不動產租賃業；E801010 室內裝潢業；I103060 管理顧問業,桃園市,變更,11506
69735267,通力金屬股份有限公司,桃園市八德區中正北路70號13樓,謝秀玉,5000000,,115/06/25,公司所在地,E599010 配管工程業；E601010 電器承裝業；E603040 消防安全設備安裝工程業；E603050 自動控制設備工程業；E603080 交通號誌安裝工程業；E603090 照明設備安裝工程業；E801010 室內裝潢業；E801030 室內輕鋼架工程業；E801040 玻璃安裝工程業；E901010 油漆工程業,桃園市,變更,11506
69735935,坤鉅營造有限公司,桃園市大溪區天祥街7號(1樓),李玉婷,3600000,,115/06/12,公司所營事業變更修正章程,E101011 綜合營造業；B601010 土石採取業；F112040 石油製品批發業；F401010 國際貿易業；A102080 園藝服務業；E401010 疏濬業；E402010 沙石、淤泥海拋業；E599010 配管工程業；E601020 電器安裝業；E801010 室內裝潢業,桃園市,變更,11506
69741465,軒廚有限公司,桃園市中壢區青商路286號19樓,劉鈞軒,50000,,115/06/01,公司所在地,F101050 水產品批發業；F101130 蔬果批發業；F101990 其他農、畜、水產品批發業；F102020 食用油脂批發業；F102030 菸酒批發業；F102040 飲料批發業；F102050 茶葉批發業；F102170 食品什貨批發業；F105050 家具、寢具、廚房器具、裝設品批發業；F106020 日常用品批發業,桃園市,變更,11506
69742598,晟凱鑫國際有限公司,桃園市桃園區光興里忠一路93號(1樓),王淳暐,6000000,,115/06/12,股東出資轉讓修正章程,F199010 回收物料批發業；F199990 其他批發業；F114030 汽、機車零件配備批發業；F206010 五金零售業；F299990 其他零售業；CA01070 廢車船解體及廢鋼鐵五金處理業；F401010 國際貿易業；J101010 建築物清潔服務業；F213030 電腦及事務性機器設備零售業；J101030 廢棄物清除業,桃園市,變更,11506
69751152,晨壹倉儲設備有限公司,桃園市龜山區大崗里大湖一路228巷5號1樓,禇冠德,5200000,,115/06/10,公司外文名稱登記修正章程,E603050 自動控制設備工程業；E604010 機械安裝業；E801030 室內輕鋼架工程業；G801010 倉儲業；F111090 建材批發業；F113010 機械批發業；JE01010 租賃業；I599990 其他設計業；F105050 家具、寢具、廚房器具、裝設品批發業；ZZ99999 除許可業務外，得經營法令非禁止或限制之業務,桃園市,變更,11506
69752188,和久營造股份有限公司,桃園市楊梅區大同里自立街150號1樓,王大維,4370000,,115/06/23,增資(資本總額),E101011 綜合營造業；E401010 疏濬業；E601010 電器承裝業；E801010 室內裝潢業；F111090 建材批發業；F113020 電器批發業；A102080 園藝服務業；J101090 廢棄物清理業；ZZ99999 除許可業務外，得經營法令非禁止或限制之業務,桃園市,變更,11506
69753004,傑亨生技實業有限公司,桃園市中壢區新街里環北路400號10樓之1,鄧如意,200000,,115/06/08,股東出資轉讓修正章程,F102040 飲料批發業；F102050 茶葉批發業；F102170 食品什貨批發業；F103010 飼料批發業；F104110 布疋、衣著、鞋、帽、傘、服飾品批發業；F106020 日常用品批發業；F106060 寵物食品及其用品批發業；F107030 清潔用品批發業；F107070 動物用藥品批發業；F108040 化粧品批發業,桃園市,變更,11506
69753948,鑫鼎奈米科技股份有限公司,桃園市蘆竹區新南路1段305巷5弄1之3號(1樓),王證鼎,145000000,,115/06/04,增資(資本總額),C114010 食品添加物製造業；C199990 未分類其他食品製造業；C201020 寵物食品製造業；C301010 紡紗業；C302010 織布業；C303010 不織布業；C305010 印染整理業；C306010 成衣業；C801110 肥料製造業；C801120 人造纖維製造業,桃園市,變更,11506
69756240,欣懿廣告有限公司,桃園市大溪區仁武里仁善一街116號,王文廷,1000000,,115/06/25,股東出資轉讓修正章程,JZ99050 仲介服務業；H703090 不動產買賣業；H703100 不動產租賃業；I102010 投資顧問業；I103060 管理顧問業；I401010 一般廣告服務業；I401020 廣告傳單分送業；I503010 景觀、室內設計業；F211010 建材零售業；E801010 室內裝潢業,桃園市,變更,11506
69758198,海神全球股份有限公司,桃園市大園區民族街6號,林伯勲,250618983,,115/06/22,一般補正案,C801020 石油化工原料製造業；C801990 其他化學材料製造業；C802120 工業助劑製造業；C802990 其他化學製品製造業；C803990 其他石油及煤製品製造業；C805050 工業用塑膠製品製造業；C805990 其他塑膠製品製造業；C901990 其他非金屬礦物製品製造業；CZ99990 未分類其他工業製品製造業；E603040 消防安全設備安裝工程業,桃園市,變更,11506
69758681,雅和實業有限公司,桃園市中壢區自強里興仁路一段58巷37號1樓,邱創來,1000000,,115/06/02,增資,E801010 室內裝潢業；E801020 門窗安裝工程業；E801030 室內輕鋼架工程業；E801040 玻璃安裝工程業；E801070 廚具、衛浴設備安裝工程業；E901010 油漆工程業；F105050 家具、寢具、廚房器具、裝設品批發業；F111090 建材批發業；I401010 一般廣告服務業；I503010 景觀、室內設計業,桃園市,變更,11506
70353527,飛拓數位科技股份有限公司,桃園市中壢區環北路153號3樓,李慶隆,31000000,,115/06/26,一般補正案,F401010 國際貿易業；ZZ99999 除許可業務外，得經營法令非禁止或限制之業務；F108040 化粧品批發業；F208040 化粧品零售業；F118010 資訊軟體批發業；F218010 資訊軟體零售業；I301010 資訊軟體服務業；I301020 資料處理服務業；I301030 電子資訊供應服務業；F601010 智慧財產權業,桃園市,變更,11506
70377648,德安人力仲介有限公司,桃園市桃園區玉山街52巷3之1號,紀秀慧,5000000,,115/06/22,申登機關變更（遷入，含卷）,I701011 就業服務業。,桃園市,變更,11506
70507895,好鮮股份有限公司,桃園市蘆竹區龍壽街1段8號1樓,唐德文,12000000,,115/06/11,修正章程,C199030 即食餐食業。；F501010 餐館業。；F101020 蔬菜批發業。；F101030 水果批發業。；F101040 畜產品批發業。；F101050 水產品批發業。,桃園市,變更,11506
70527652,采正企業有限公司,桃園市中壢區仁愛里功學社新村89號,彭信振,1000000,,115/06/15,公司所在地,C805050 工業用塑膠製品製造業。；CC01080 電子零組件製造業。；F119010 電子材批發業。；F219010 電子材料零售業。；F113020 電器批發業。；F213010 電器零售業。,桃園市,變更,11506
70533710,真善美實業股份有限公司,桃園市桃園區中正路1224巷1之4號5樓,門宇庭,1000000,,115/06/09,董事長印鑑變更,H703090 不動產買賣業；HZ99990 其他金融、保險及不動產業；JB01010 會議及展覽服務業；ZZ99999 除許可業務外，得經營法令非禁止或限制之業務,桃園市,變更,11506
70580023,永志工業有限公司,桃園市中壢區月眉里圓光路一段516巷51號1樓,陳柏丞,2000000,,115/06/01,股東出資轉讓修正章程,F105010 家具批發業；F106010 五金批發業；F205010 家具零售業；F206010 五金零售業；CN01010 家具及裝設品製造業,桃園市,變更,11506
70591020,信華國際工業股份有限公司,桃園市蘆竹區長興里南工路1段6號5樓,古望成,12000000,,115/06/15,改選董事/監察人(一人法人股東指派董事/監察人),CB01010 機械設備製造業。；CC01080 電子零組件製造業。；CD01030 汽車及其零件製造業。；F113010 機械批發業。；F114010 汽車批發業。；F114030 汽、機車零件配備批發業。；F119010 電子材料批發業。；F401030 製造業輸出業。；ZZ99999 除許可業務外，得經營法令非禁止或限制之業務,桃園市,變更,11506
70595433,尚艾美有限公司,桃園市龜山區萬壽路一段492之14號3樓,許皓華,1000000,,115/06/05,股東出資轉讓修正章程,C307010 服飾品製造業；C802100 化粧品製造業；C805030 塑膠日用品製造業；C805070 強化塑膠製品製造業；F104050 服飾品批發業；F106020 日常用品批發業；F108040 化粧品批發業；F204050 服飾品零售業；F206020 日常用品零售業；F208040 化粧品零售業,桃園市,變更,11506
70607402,仁仁食品有限公司,桃園市桃園區林森路68巷20弄2號,蔡明坤,3000000,,115/06/17,股東出資轉讓修正章程,C199010 麵條、粉條類食品製造業；C199030 即食餐食製造業；F399010 便利商店業；ZZ99999 除許可業務外，得經營法令非禁止或限制之業務,桃園市,變更,11506
70609507,品祥消防安全設備檢修股份有限公司,桃園市蘆竹區上興路77巷12號,蕭靖,5000000,,115/06/29,改選董事/監察人(一人法人股東指派董事/監察人),E603040 消防安全設備安裝工程業；IF01010 消防安全設備檢修業；F117010 消防安全設備批發業；IB01010 建築物公共安全檢查業；E801010 室內裝潢業；I103060 管理顧問業；ZZ99999 除許可業務外，得經營法令非禁止或限制之業務,桃園市,變更,11506
70619322,新群鼎實業有限公司,桃園市八德區興豐路2350巷369號,吳秀芬,51000000,,115/06/12,股東出資轉讓修正章程,F111090 建材批發業；F211010 建材零售業；B601010 土石採取業；C901040 預拌混凝土製造業；C901990 其他非金屬礦物製品製造業；ZZ99999 除許可業務外，得經營法令非禁止或限制之業務,桃園市,變更,11506
70620777,康祥實業有限公司,桃園市觀音區富源里富源一路126之1號,徐美珠,20000000,,115/06/23,股東出資轉讓修正章程,C601030 紙容器製造業。；C805030 塑膠日用品製造業。；C805990 其他塑膠製品製造業（塑膠軟管）。；ZZ99999 除許可業務外，得經營法令非禁止或限制之業務；CA01020 鋼鐵軋延及擠型業；CA01030 鋼鐵鑄造業；CA01050 鋼材二次加工業；CA01990 其他非鐵金屬基本工業；CA02010 金屬結構及建築組件製造業；CA02060 金屬容器製造業,桃園市,變更,11506
70623304,宇立興記工程有限公司,桃園市中壢區中正路82號11樓,達辣瑪阿奈,5000000,,115/06/30,公司所營事業變更修正章程,CA01070 廢車船解體及廢鋼鐵五金處理業；E599010 配管工程業；E801030 室內輕鋼架工程業；E801010 室內裝潢業；EZ99990 其他工程業；E801020 門窗安裝工程業；E801040 玻璃安裝工程業；F106010 五金批發業；F111090 建材批發業；I503010 景觀設計業,桃園市,變更,11506
70628336,百易工業股份有限公司,桃園市大溪區月眉里信義路四七六巷二弄五號之一,田斐翠,3000000,,115/06/03,改選董事/監察人(一人法人股東指派董事/監察人),C802990 雜項化學製品製造業（保麗龍板、發泡板）。；CQ01010 模具製造業。；C601030 紙容器製造業。；F106030 模具批發業。；F109060 包裝材料批發業。；F206030 模具零售業。；F209050 包裝材料零售業。；F401010 國際貿易業。；F401030 製造輸出業。,桃園市,變更,11506
70633062,佰事達物流股份有限公司,桃園市平鎮區環南路二段11號19樓之4,張力,225000000,,115/06/26,一般補正案,G101061 汽車貨運業；IZ06010 理貨包裝業；EZ02010 起重工程業；F214010 汽車零售業；I301010 資訊軟體服務業；F102170 食品什貨批發業；F203010 食品什貨、飲料零售業；F401010 國際貿易業；G801010 倉儲業；IZ12010 人力派遣業,桃園市,變更,11506
70636671,家慶資訊股份有限公司,桃園市八德區茄明里國強二街270號,林玉婷,5000000,,115/06/03,改選董事/監察人(一人法人股東指派董事/監察人),C701010 印刷業；C703010 印刷品裝訂及加工業；CC01120 資料儲存媒體製造及複製業；E605010 電腦設備安裝業；F105050 家具、寢具、廚房器具、裝設品批發業；F109070 文教、樂器、育樂用品批發業；F113050 電腦及事務性機器設備批發業；F113070 電信器材批發業；F117010 消防安全設備批發業；F118010 資訊軟體批發業,桃園市,變更,11506
70643574,承特股份有限公司,桃園市龜山區永吉街178號1樓,林益源,2000000,,115/06/25,一般補正案,F114030 汽、機車零件配備批發業；F214030 汽、機車零件配備零售業；F105050 家具、寢具、廚房器具、裝設品批發業；F205040 家具、寢具、廚房器具、裝設品零售業；F106010 五金批發業；F106030 模具批發業；F401010 國際貿易業；ZZ99999 除許可業務外，得經營法令非禁止或限制之業務；CB01010 機械設備製造業；CB01990 其他機械製造業,桃園市,變更,11506
70670164,豐彩營造有限公司,桃園市大溪區瑞興里大鶯路60巷162號5樓,蔡建均,6000000,,115/06/16,公司所在地,E101011 綜合營造業；H701010 住宅及大樓開發租售業；H701050 投資興建公共建設業；H701060 新市鎮、新社區開發業；H703090 不動產買賣業；H703100 不動產租賃業；J101030 廢棄物清除業；J101040 廢棄物處理業；JZ99050 仲介服務業；IZ12010 人力派遣業,桃園市,變更,11506
70684110,向鋒投資股份有限公司,桃園市觀音區中山路一段1171巷11弄22號(1樓),陳杏雪,30000000,,115/06/24,改選董事/監察人(一人法人股東指派董事/監察人),H201010 一般投資業。,桃園市,變更,11506
70684527,宇環科技股份有限公司,桃園市平鎮區湧豐里工業二路12號,李明熹,697126660,,115/06/29,補選董事(常務董事.董事長)/監察人,CC01080 電子零組件製造業；F219010 電子材料零售業；F401030 製造輸出業；F119010 電子材料批發業,桃園市,變更,11506
70698542,善祥鋁業股份有限公司,桃園市新屋區文大路1216號,鍾志謀,103500000,,115/06/25,一般補正案,CA01100 鋁材二次加工業；CA02020 鋁銅製品製造業；CQ01010 模具製造業；F111070 金屬建材批發業；F106030 模具批發業；F113010 機械批發業,桃園市,變更,11506
70701357,圻鋼工程有限公司,桃園市中壢區東芝路一段351號1樓,周正成,5000000,,115/06/15,公司印鑑變更,E801020 門窗安裝工程業。；E604010 機械安裝業。；E603050 自動控制設備工程業。；F111070 金屬建材批發業。；F111080 門窗建材批發業。；F113010 機械批發業。；F211010 建材零售業。；F213080 機械器具零售業。；CB01010 機械設備製造業。；CA02010 金屬建築結構及組件製造業。,桃園市,變更,11506
70701568,峵廣企業有限公司,桃園市中壢區和平里12鄰忠孝路355巷37號,賴惠姨,1000000,,115/06/01,公司所在地,F119010 電子材料批發業。；F114030 汽、機車零件配備批發業。,桃園市,變更,11506
70724485,廣豐食品股份有限公司,桃園市平鎮區民族路雙連2段118巷51弄16號,陳大維,10000000,,115/06/29,一般補正案,C199030 即食餐食製造業。；F501060 餐館業。,桃園市,變更,11506
70785139,景碩科技股份有限公司,桃園市新屋區石磊里中華路1245號,廖賜政,5269157600,,115/06/12,修正章程,CC01080 電子零組件製造業；F119010 電子材料批發業；F219010 電子材料零售業；I103060 管理顧問業；CQ01010 模具製造業；CC01990 其他電機及電子機械器材製造業；CB01990 其他機械製造業；F401010 國際貿易業；C801010 基本化學工業；ZZ99999 除許可業務外，得經營法令非禁止或限制之業務,桃園市,變更,11506
70791435,富晶通科技股份有限公司,桃園市龜山區華亞三路50號6樓之1,翁明顯,291859460,,115/06/23,改選董事/監察人(一人法人股東指派董事/監察人),CC01080 電子零組件製造業；F119010 電子材料批發業；F219010 電子材料零售業；CC01050 資料儲存及處理設備製造業；JA02990 其他修理業（監視器、觸控面板及其零組件之修理）；F401010 國際貿易業；CB01010 機械設備製造業；F401030 製造輸出業；I301010 資訊軟體服務業,桃園市,變更,11506
70801378,志超科技股份有限公司限公司,桃園市平鎮區湧豐里工業二路12號業三路19號,李明熹Siew Lay),2712424880,,115/06/04,修正章程人,CC01080 電子零組件製造業；F219010 電子材料零售業；F401010 國際貿易業；A102050 作物栽培服務業；A102060 糧商業；A102080 園藝服務業；C109010 調味品製造業；C801110 肥料製造業；F101130 蔬果批發業；F102170 食品什貨批發業溶液」、「固態環氧樹脂」、「固態環氧樹脂混合液」、「含環氧樹脂之組合材料」、「硬化劑」、「促進劑」。進口銷售其國外母公司及其關係企業之產品。代理國內外前各項產品之報價、投標及經銷業務。發貨中心保稅倉庫業務。；C802990 雜項化學製品製造業（印刷電路板光阻劑含防焊綠漆、抗蝕油墨、抗電鍍油墨）；C801040 合成樹脂製造業；F107130 合成樹脂批發業；F207130 合成樹脂零售業；ZZ99999 除許可業務外，得經營法令非禁止或限制之業務,桃園市,變更,11506
79964289,力華科技有限公司,桃園市桃園區武陵里復興路51號12樓之1,黃秀鳳,6000000,,115/06/18,公司所在地,F401010 國際貿易業；CC01080 電子零組件製造業；F119010 電子材料批發業；ZZ99999 除許可業務外，得經營法令非禁止或限制之業務,桃園市,變更,11506
79993550,大耀寶股份有限公司,桃園市楊梅區瑞原里民有路1段202號,王帆,1000000,,115/06/23,公司印鑑變更,ZZ99999 除許可業務外，得經營法令非禁止或限制之業務,桃園市,變更,11506
80050136,通威工業股份有限公司,桃園市觀音區崙坪里1鄰崙坪1之3號,黃政麒,307360000,,115/06/29,改選董事/監察人(一人法人股東指派董事/監察人),C801100 合成樹脂及塑膠製造業；C802200 塗料、油漆、染料及顏料製造業；CA04010 表面處理業；E901010 油漆工程業；E903010 防蝕、防銹工程業；F106010 五金批發業；F106030 模具批發業；F107010 漆料、塗料批發業；F107020 染料、顏料批發業；F107170 工業助劑批發業,桃園市,變更,11506
80060768,復空食品股份有限公司,桃園市大園區竹圍里三民路一段568號,吳祐綸,539571920,,115/06/05,合併存續發行新股,C104020 烘焙炊蒸食品製造業；C109010 調味品製造業；C110010 飲料製造業；C199020 食用冰製造業；C199030 即食餐食製造業；F399990 其他綜合零售業；F401010 國際貿易業；G801010 倉儲業；F102030 菸酒批發業；F203020 菸酒零售業,桃園市,變更,11506
80079577,威昱不動產經紀有限公司,桃園市桃園區正光二街179號,郭寶元,3000000,,115/06/23,股東出資轉讓修正章程,H704031 不動產仲介經紀業；ZZ99999 除許可業務外，得經營法令非禁止或限制之業務,桃園市,變更,11506
80107969,詡芝有限公司,桃園市楊梅區楊梅里楊新路97號,張楨誼,500000,,115/06/03,公司所營事業變更修正章程,F102170 食品什貨批發業；F203010 食品什貨、飲料零售業；F104110 布疋、衣著、鞋、帽、傘、服飾品批發業；F204110 布疋、衣著、鞋、帽、傘、服飾品零售業；F108040 化粧品批發業；F208040 化粧品零售業；F199990 其他批發業；F299990 其他零售業；I199990 其他顧問服務業；ZZ99999 除許可業務外，得經營法令非禁止或限制之業務,桃園市,變更,11506
80142467,精鋼興業有限公司,桃園市八德區高明里富城街6號1樓,江威廷,10000000,,115/06/23,股東出資轉讓修正章程,F111080 門窗建材批發業；F113010 機械批發業；F106010 五金批發業；F105010 家具批發業；F106020 日常用品批發業；F105040 廚房器具批發業；F106040 水器材料批發業；F106050 陶瓷玻璃器皿批發業；F107010 漆料、塗料批發業；F111010 木材批發業,桃園市,變更,11506
80215382,連程科技有限公司,桃園市大園區菓林里菓林路59巷27號,陳建成,3000000,,115/06/10,股東出資轉讓修正章程,CC01010 發電、輸電、配電機械製造業；E603050 自動控制設備工程業；F113990 其他機械器具批發業(自動控制器材)；F213990 其他機械器具零售業(自動控制器材)；ZZ99999 除許可業務外，得經營法令非禁止或限制之業務,桃園市,變更,11506
80239315,平哲消防工程股份有限公司,桃園市桃園區同安里藝文一街86之3號12樓,陳平哲,1000000,,115/06/01,公司所在地,E603040 消防安全設備安裝工程業；IF01010 消防安全設備檢修業；F113010 機械批發業；F113020 電器批發業；F401010 國際貿易業；E601010 電器承裝業；E599010 配管工程業；ZZ99999 除許可業務外，得經營法令非禁止或限制之業務,桃園市,變更,11506
80389670,威遠投資股份有限公司,桃園市觀音區崙坪里1鄰崙坪1之3號,黃政麒,70755700,,115/06/25,改選董事/監察人(一人法人股東指派董事/監察人),H201010 一般投資業,桃園市,變更,11506
80394857,玉津餐飲國際有限公司,桃園市桃園區藝文里新埔六街77號7樓之5,楊凱進,6000000,,115/06/24,公司所在地,F102040 飲料批發業；F102170 食品什貨批發業；F102050 茶葉批發業；F203010 食品什貨、飲料零售業；F203020 菸酒零售業；F203030 酒精零售業；F399010 便利商店業；F501030 飲料店業；F501990 其他餐飲業；C104020 烘焙炊蒸食品製造業,桃園市,變更,11506
80444126,宙際開發有限公司,桃園市桃園區泰昌十三街11號6樓,劉建興,1000000,,115/06/02,申登機關變更（遷入，含卷）,F401010 國際貿易業；F106010 五金批發業；I102010 投資顧問業；I103060 管理顧問業；H703090 不動產買賣業；H703100 不動產租賃業；H701010 住宅及大樓開發租售業；H701020 工業廠房開發租售業；ZZ99999 除許可業務外，得經營法令非禁止或限制之業務；F106020 日常用品批發業,桃園市,變更,11506
80449163,乙全科技股份有限公司,桃園市大溪區普濟路60之2號6樓,陳冠緯,405000000,,115/06/25,改選董事/監察人(一人法人股東指派董事/監察人),F113020 電器批發業；F119010 電子材料批發業；F213010 電器零售業；F219010 電子材料零售業；F401010 國際貿易業；CC01040 照明設備製造業；CC01080 電子零組件製造業；CB01010 機械設備製造業；I501010 產品設計業；CC01010 發電、輸電、配電機械製造業,桃園市,變更,11506
80461320,鼎福建設有限公司,桃園市平鎮區北華里振昌街34號1樓,張瑋辰,2200000,,115/06/09,改推董事/董事長,H701010 住宅及大樓開發租售業；H701020 工業廠房開發租售業；H701050 投資興建公共建設業；ZZ99999 除許可業務外，得經營法令非禁止或限制之業務,桃園市,變更,11506
80472184,觀音環境資源科技股份有限公司,桃園市觀音區樹林里工業七路5號1樓,邱創海,701801100,,115/06/22,董事(常務董事.董事長)/監察人解任,CA01070 廢車船解體及廢鋼鐵五金處理業；F106010 五金批發業；F113050 電腦及事務性機器設備批發業；F114030 汽、機車零件配備批發業；JA01020 汽車拖吊業；F107990 其他化學製品批發業；F111090 建材批發業；F112040 石油製品批發業；F113110 電池批發業；F114010 汽車批發業,桃園市,變更,11506
80522240,盛新股份有限公司,桃園市蘆竹區南青路1188號,葉泰德,100000000,,115/06/11,改選董事/監察人(一人法人股東指派董事/監察人),H703090 不動產買賣業；H703100 不動產租賃業；ZZ99999 除許可業務外，得經營法令非禁止或限制之業務,桃園市,變更,11506
80547896,大溪育樂股份有限公司,桃園市大溪區永福里日新路168號,台彰投資有限公司,900000000,,115/06/25,改選董事/監察人(一人法人股東指派董事/監察人),J801010 高爾夫球場業；J801030 競技及休閒運動場館業；J802010 運動訓練業；J803010 運動表演業；J803020 運動比賽業；J901020 一般旅館業；J701020 遊樂園業；J701040 休閒活動場館業；J701080 水域遊憩活動經營業；F501030 飲料店業,桃園市,變更,11506
80569011,源璟建設股份有限公司,桃園市中壢區環北路398號10樓之5,葛姵吟,29000000,,115/06/04,減資,H701010 住宅及大樓開發租售業；E801010 室內裝潢業；I401010 一般廣告服務業；I503010 景觀、室內設計業；F211010 建材零售業；ZZ99999 除許可業務外，得經營法令非禁止或限制之業務,桃園市,變更,11506
80586594,雅逸設計工程有限公司,桃園市中壢區環中東路二段716號,高鴻旗,500000,,115/06/02,一般補正案,E801010 室內裝潢業；E801020 門窗安裝工程業；E801030 室內輕鋼架工程業；E801040 玻璃安裝工程業；E801070 廚具、衛浴設備安裝工程業；E901010 油漆工程業；F205040 家具、寢具、廚房器具、裝設品零售業；F206010 五金零售業；F206020 日常用品零售業；F213010 電器零售業,桃園市,變更,11506
80627321,福達興業有限公司,桃園市大溪區石園路463巷28號,陳清福,14400000,,115/06/08,股東出資轉讓修正章程,F113010 機械批發業；F114030 汽、機車零件配備批發業；F106030 模具批發業；F106010 五金批發業；CB01010 機械設備製造業；CD01030 汽車及其零件製造業；CD01040 機車及其零件製造業；CQ01010 模具製造業；F401010 國際貿易業；ZZ99999 除許可業務外，得經營法令非禁止或限制之業務,桃園市,變更,11506
81193371,安興營造股份有限公司,桃園市中壢區領航南路三段307號16樓,江政霖,250000000,,115/06/26,改選董事/監察人(一人法人股東指派董事/監察人),E101011 綜合營造業；F111090 建材批發業；F211010 建材零售業；H701010 住宅及大樓開發租售業；H701020 工業廠房開發租售業；H701050 投資興建公共建設業；H701060 新市鎮、新社區開發業；H701070 區段徵收及市地重劃代辦業；H701090 都市更新整建維護業；H703090 不動產買賣業,桃園市,變更,11506
81271967,皇普建設股份有限公司,桃園市桃園區文中路747號6樓,蘇永平,4359964670,,115/06/16,改選董事/監察人(一人法人股東指派董事/監察人),,桃園市,變更,11506
82766919,運豐國際物流股份有限公司,桃園市蘆竹區五福六路71巷22號,杜嘉彬,5000000,,115/06/25,變更組織,G601011 航空貨運承攬業；G701011 報關業；G801010 倉儲業；IZ06010 理貨包裝業；I301010 資訊軟體服務業；I301020 資料處理服務業；I301030 電子資訊供應服務業；F401161 菸類輸入業；F401171 酒類輸入業；F102030 菸酒批發業,桃園市,變更,11506
82766988,新仁機械有限公司,桃園市八德區廣興里新興路342巷91弄11號(1樓),曾忠仁,1000000,,115/06/26,公司所營事業變更修正章程,CB01010 機械設備製造業；CB01990 其他機械製造業；E604010 機械安裝業；F113010 機械批發業；F113990 其他機械器具批發業；F401010 國際貿易業；H201010 一般投資業；H202010 創業投資業；F107030 清潔用品批發業；F207030 清潔用品零售業,桃園市,變更,11506
82787421,野旭有限公司,桃園市楊梅區萬福街99號,徐瑋璘,1000000,,115/06/08,股東出資轉讓修正章程,C802100 化粧品製造業；C802090 清潔用品製造業；F208040 化粧品零售業；F207030 清潔用品零售業；F401010 國際貿易業；F399040 無店面零售業；F102040 飲料批發業；F102050 茶葉批發業；F102170 食品什貨批發業；F106020 日常用品批發業,桃園市,變更,11506
82787436,奇美汽車企業有限公司,桃園市中壢區民族路三段36號,劉宇曜,2000000,,115/06/09,股東出資轉讓修正章程,JA01010 汽車修理業；JA01020 汽車拖吊業；JA01990 其他汽車服務業；JA01040 液化石油氣車改裝業；JA02020 機車修理業；JA02030 自行車修理業；JZ99050 仲介服務業；JZ99990 未分類其他服務業；CD01010 船舶及其零件製造業；F114010 汽車批發業,桃園市,變更,11506
82787560,聚煜峰工程股份有限公司,桃園市楊梅區中山北路一段199巷17號11樓,端木立豪,12000000,,115/06/25,改選董事/監察人(一人法人股東指派董事/監察人),F113070 電信器材批發業；F113050 電腦及事務性機器設備批發業；F113020 電器批發業；F401010 國際貿易業；E603050 自動控制設備工程業；E603090 照明設備安裝工程業；E604010 機械安裝業；E605010 電腦設備安裝業；E701020 衛星電視ＫＵ頻道、Ｃ頻道器材安裝業；EZ05010 儀器、儀表安裝工程業,桃園市,變更,11506
82788110,騏旺實業有限公司,桃園市桃園區新埔里天祥五街52號2樓,何百騏,3000000,,115/06/08,公司所在地,G801010 倉儲業；F199990 其他批發業；F299990 其他零售業；F399990 其他綜合零售業；F401010 國際貿易業；ZZ99999 除許可業務外，得經營法令非禁止或限制之業務；IZ12010 人力派遣業；F204110 布疋、衣著、鞋、帽、傘、服飾品零售業；F210010 鐘錶零售業；F210020 眼鏡零售業,桃園市,變更,11506
82788147,久力機械有限公司,桃園市平鎮區雙連里民族路雙連二段37之3號(1樓),陳裕雄,2000000,,115/06/05,公司所營事業變更修正章程,CB01990 其他機械製造業；CB01010 機械設備製造業；E604010 機械安裝業；F106010 五金批發業；F113010 機械批發業；F113990 其他機械器具批發業；F213080 機械器具零售業；F213990 其他機械器具零售業；JA02010 電器及電子產品修理業；JA02990 其他修理業,桃園市,變更,11506
82788929,信佳驗證有限公司,桃園市中壢區民權路五段76巷31號5樓,劉佩琪,480000,,115/06/08,公司所在地,IZ09010 管理系統驗證業；I103060 管理顧問業；I102010 投資顧問業；I199990 其他顧問服務業；ZZ99999 除許可業務外，得經營法令非禁止或限制之業務,桃園市,變更,11506
82883487,新北電摩股份有限公司,桃園市大園區溪海里和平西路一段145號,范嘉寧,10000000,,115/06/05,改選董事/監察人(一人法人股東指派董事/監察人),CA01050 鋼材二次加工業；F106010 五金批發業；F114010 汽車批發業；F114030 汽、機車零件配備批發業；F114990 其他交通運輸工具及其零件批發業；F214010 汽車零售業；F401010 國際貿易業；F105050 家具、寢具、廚房器具、裝設品批發業；F111090 建材批發業；E599010 配管工程業,桃園市,變更,11506
82900155,瑞冠工程有限公司,桃園市桃園區民生路521號7樓之4,林思瑋,1000000,,115/06/11,申登機關變更（遷入，含卷）,E599010 配管工程業；E601010 電器承裝業；E601020 電器安裝業；E603010 電纜安裝工程業；E603050 自動控制設備工程業；E603090 照明設備安裝工程業；E604010 機械安裝業；E606010 用電設備檢驗維護業；E607010 太陽熱能設備安裝工程業；E701010 電信工程業,桃園市,變更,11506
82907299,旭越新技股份有限公司,桃園市蘆竹區瓦窯里六福路43號,李欣達,50000000,,115/06/23,增資(資本總額),F119010 電子材料批發業；F401010 國際貿易業；I199990 其他顧問服務業；ZZ99999 除許可業務外，得經營法令非禁止或限制之業務；C801030 精密化學材料製造業；C801990 其他化學材料製造業；C802120 工業助劑製造業；C802990 其他化學製品製造業；F107200 化學原料批發業；F107990 其他化學製品批發業,桃園市,變更,11506
82973537,鶴昇工程有限公司,桃園市中壢區延平路500號12樓之3,蕭偉譯,6000000,,115/06/01,申登機關變更（遷入，含卷）,E601010 電器承裝業；E801010 室內裝潢業；E801020 門窗安裝工程業；E801030 室內輕鋼架工程業；E801040 玻璃安裝工程業；E801070 廚具、衛浴設備安裝工程業；F111090 建材批發業；F401010 國際貿易業；ZZ99999 除許可業務外，得經營法令非禁止或限制之業務,桃園市,變更,11506
82985870,春滿影音股份有限公司,桃園市桃園區藝文一街86之2號7樓,莊雅涵,500000,,115/06/05,一般補正案,F104110 布疋、衣著、鞋、帽、傘、服飾品批發業；F204110 布疋、衣著、鞋、帽、傘、服飾品零售業；F399040 無店面零售業；F401010 國際貿易業；F601010 智慧財產權業；J302010 通訊稿業；J303010 雜誌（期刊）出版業；J305010 有聲出版業；J399010 軟體出版業；J399990 其他出版業,桃園市,變更,11506
82991704,睿宥電子股份有限公司,桃園市中壢區復興里自強一路121號(5樓),張瑞杰,12000000,,115/06/24,改選董事/監察人(一人法人股東指派董事/監察人),F119010 電子材料批發業；F219010 電子材料零售業；F401010 國際貿易業；CC01080 電子零組件製造業；CD01030 汽車及其零件製造業；CC01030 電器及視聽電子產品製造業；CC01060 有線通信機械器材製造業；CC01110 電腦及其週邊設備製造業；CC01990 其他電機及電子機械器材製造業；CE01010 一般儀器製造業,桃園市,變更,11506
82992464,鍾楊股份有限公司,桃園市新屋區三民路一段632巷76弄1號,鍾皓宇,6000000,,115/06/25,增資(資本總額),F106010 五金批發業；F106020 日常用品批發業；F114010 汽車批發業；F114030 汽、機車零件配備批發業；F114050 車胎批發業；F401010 國際貿易業；JZ99050 仲介服務業；I401010 一般廣告服務業；F399040 無店面零售業；ZZ99999 除許可業務外，得經營法令非禁止或限制之業務,桃園市,變更,11506
82993230,紀宗工程有限公司,桃園市楊梅區裕新里裕成南路376號8樓之4,陳文正,1000000,,115/06/05,一般補正案,EZ99990 其他工程業；E801010 室內裝潢業；E801020 門窗安裝工程業；E801030 室內輕鋼架工程業；E801040 玻璃安裝工程業；E901010 油漆工程業；E903010 防蝕、防銹工程業；ZZ99999 除許可業務外，得經營法令非禁止或限制之業務,桃園市,變更,11506
82993793,馥懿地產廣告事業股份有限公司,桃園市大園區五福路137號,王家宥,5000000,,115/06/26,增資(資本總額),H701010 住宅及大樓開發租售業；H701020 工業廠房開發租售業；H703090 不動產買賣業；H703100 不動產租賃業；I401010 一般廣告服務業；JZ99050 仲介服務業；I501010 產品設計業；I599990 其他設計業；H201010 一般投資業；E801010 室內裝潢業,桃園市,變更,11506
83019119,大道控股有限公司,桃園市桃園區明德里中正路1247號19樓之1,戴文斌,13000000,,115/06/26,股東出資轉讓修正章程,H201010 一般投資業,桃園市,變更,11506
83019737,佺璟科技股份有限公司,桃園市蘆竹區南崁里經國路902號6樓,邱俊隆,133190070,,115/06/12,一般補正案,CC01030 電器及視聽電子產品製造業；CC01080 電子零組件製造業；CC01990 其他電機及電子機械器材製造業；F119010 電子材料批發業；F219010 電子材料零售業；F401010 國際貿易業；CC01060 有線通信機械器材製造業；CC01070 無線通信機械器材製造業；F113050 電腦及事務性機器設備批發業；F113070 電信器材批發業,桃園市,變更,11506
83028659,三合應用有限公司,桃園市桃園區光興里縣府路110號4樓之2,蘇雨荷,100000,,115/06/15,公司所在地,E604010 機械安裝業；E603050 自動控制設備工程業；E603080 交通號誌安裝工程業；EZ06010 交通標示工程業；F113090 交通標誌器材批發業；F107030 清潔用品批發業；F111090 建材批發業；F113010 機械批發業；F113050 電腦及事務性機器設備批發業；F113070 電信器材批發業,桃園市,變更,11506
83048395,永力包裝實業有限公司,桃園市龍潭區烏林里6鄰中豐路543巷32號,陳怡婷,2500000,,115/06/01,股東出資轉讓修正章程,IZ06010 理貨包裝業；C103050 罐頭、冷凍、脫水及醃漬食品製造業；C111010 製茶業；C110010 飲料製造業；A102060 糧商業；F102040 飲料批發業；F102050 茶葉批發業；F102170 食品什貨批發業；F121010 食品添加物批發業；F203010 食品什貨、飲料零售業,桃園市,變更,11506
83048536,薇閣餐旅股份有限公司,桃園市中壢區高鐵南路三段66號,許明揚,40000000,,115/06/24,改選董事/監察人(一人法人股東指派董事/監察人),H701010 住宅及大樓開發租售業；H701050 投資興建公共建設業；H701060 新市鎮、新社區開發業；H701070 區段徵收及市地重劃代辦業；H701090 都市更新整建維護業；H702010 建築經理業；H703090 不動產買賣業；H703100 不動產租賃業；J901020 一般旅館業；F501030 飲料店業,桃園市,變更,11506
83057823,力達商行股份有限公司,桃園市平鎮區北勢里金陵路156號,余明珠,2000000,,115/06/26,公司所在地,F102030 菸酒批發業；F102040 飲料批發業；F102170 食品什貨批發業；F106020 日常用品批發業；F108031 醫療器材批發業；F109070 文教、樂器、育樂用品批發業；F401010 國際貿易業；IZ12010 人力派遣業；JZ99050 仲介服務業；ZZ99999 除許可業務外，得經營法令非禁止或限制之業務,桃園市,變更,11506
83059343,中順工程有限公司,桃園市八德區永福街82巷1弄10號,王順財,3500000,,115/06/29,增資,E599010 配管工程業；E603040 消防安全設備安裝工程業；E601020 電器安裝業；E603050 自動控制設備工程業；E603090 照明設備安裝工程業；EZ05010 儀器、儀表安裝工程業；EZ15010 保溫、保冷安裝工程業；EZ99990 其他工程業；IZ12010 人力派遣業；ZZ99999 除許可業務外，得經營法令非禁止或限制之業務,桃園市,變更,11506
83072303,首善營造股份有限公司,桃園市楊梅區裕新里裕成南路197巷5號（2樓）,張庭瑋,12000000,,115/06/05,更正,E101011 綜合營造業；F111090 建材批發業；H701010 住宅及大樓開發租售業；H701020 工業廠房開發租售業；H701050 投資興建公共建設業；H701060 新市鎮、新社區開發業；H701070 區段徵收及市地重劃代辦業；H701080 都市更新重建業；H701090 都市更新整建維護業；H702010 建築經理業,桃園市,變更,11506
83080866,台灣愛創客有限公司,桃園市桃園區桃鶯路380之9號12樓,羅意如,381613,,115/06/25,減資,F102170 食品什貨批發業；F104110 布疋、衣著、鞋、帽、傘、服飾品批發業；F105050 家具、寢具、廚房器具、裝設品批發業；F106010 五金批發業；F106020 日常用品批發業；F107030 清潔用品批發業；F108040 化粧品批發業；F109070 文教、樂器、育樂用品批發業；F102040 飲料批發業；F106040 水器材料批發業,桃園市,變更,11506
83100363,景揚室內裝修有限公司,桃園市中壢區永昌路125號,許宇志,8200000,,115/06/16,增資,E801060 室內裝修業；E801010 室內裝潢業；E701010 電信工程業；E701020 衛星電視ＫＵ頻道、Ｃ頻道器材安裝業；E701030 電信管制射頻器材裝設工程業；E701040 簡易電信設備安裝業；E801020 門窗安裝工程業；E801030 室內輕鋼架工程業；E801040 玻璃安裝工程業；E801070 廚具、衛浴設備安裝工程業,桃園市,變更,11506
83100434,日清和興業有限公司,桃園市八德區忠孝街23號3樓之8,林進吉,1000000,,115/06/18,公司所在地,F106010 五金批發業；F106020 日常用品批發業；F113010 機械批發業；F113100 污染防治設備批發業；F199010 回收物料批發業；F401010 國際貿易業；J101030 廢棄物清除業；J101040 廢棄物處理業；J101060 廢（污）水處理業；J101080 資源回收業,桃園市,變更,11506
83102432,業澄實業有限公司,桃園市桃園區縣府路110號4樓之1,李滄朔,11000000,,115/06/22,增資,E599010 配管工程業；E601010 電器承裝業；E601020 電器安裝業；E603040 消防安全設備安裝工程業；E603090 照明設備安裝工程業；E605010 電腦設備安裝業；E701010 電信工程業；F106010 五金批發業；F111090 建材批發業；F113030 精密儀器批發業,桃園市,變更,11506
83109929,鴻瑞興業有限公司,桃園市楊梅區楊明里新農街517巷10號(1樓),黃碧容,7500000,,115/06/16,增資,F111090 建材批發業；F211010 建材零售業；F106010 五金批發業；F206010 五金零售業；F120010 耐火材料批發業；F220010 耐火材料零售業；F113010 機械批發業；F213080 機械器具零售業；F105050 家具、寢具、廚房器具、裝設品批發業；F205040 家具、寢具、廚房器具、裝設品零售業,桃園市,變更,11506
83138255,法蘭摩沙股份有限公司,桃園市觀音區工業五路5之1號,戚志生,725000000,,115/06/18,經理人解任,C801010 基本化學工業；C801990 其他化學材料製造業；C802990 其他化學製品製造業；ZZ99999 除許可業務外，得經營法令非禁止或限制之業務；D401010 熱能供應業；J101060 廢（污）水處理業,桃園市,變更,11506
83198133,均動有限公司,桃園市八德區興仁里豐田二路152號,張竣凱,1040000,,115/06/15,改推董事/董事長,F203010 食品什貨、飲料零售業；F206020 日常用品零售業；F207030 清潔用品零售業；F208040 化粧品零售業；F209060 文教、樂器、育樂用品零售業；F401010 國際貿易業；F501030 飲料店業；J801030 競技及休閒運動場館業；J802010 運動訓練業；J803010 運動表演業,桃園市,變更,11506
83234378,寵郵國際運輸有限公司,桃園市蘆竹區南崁路一段99號2樓之4,楊琇硯,1100000,,115/06/03,公司所在地,A401060 其他動物服務業；F106060 寵物食品及其用品批發業；F401010 國際貿易業；JZ99050 仲介服務業；JZ99990 未分類其他服務業；ZZ99999 除許可業務外，得經營法令非禁止或限制之業務,桃園市,變更,11506
83252987,覓特貿易股份有限公司,桃園市八德區瑞豐里友聯街39號(2樓),陳冠宇,4000000,,115/06/16,增資(資本總額),F101040 家畜家禽批發業；F101050 水產品批發業；F101990 其他農、畜、水產品批發業；F201010 農產品零售業；F201020 畜產品零售業；F201990 其他農畜水產品零售業；F203010 食品什貨、飲料零售業；F401010 國際貿易業；ZZ99999 除許可業務外，得經營法令非禁止或限制之業務,桃園市,變更,11506
83253212,沛德永續科技股份有限公司,桃園市龍潭區渴望路185號3樓之3,劉曜達,22800000,,115/06/11,一般補正案,CB01990 其他機械製造業；CC01080 電子零組件製造業；CC01110 電腦及其週邊設備製造業；CE01010 一般儀器製造業；CE01030 光學儀器製造業；EZ99990 其他工程業；F106010 五金批發業；F111090 建材批發業；F113010 機械批發業；F113030 精密儀器批發業,桃園市,變更,11506
83253228,永淞機電工程有限公司,桃園市蘆竹區龍安街二段1680巷31號,戴昆明,10000000,,115/06/12,改推董事/董事長,E599010 配管工程業；E601010 電器承裝業；E601020 電器安裝業；E603010 電纜安裝工程業；E603040 消防安全設備安裝工程業；E603050 自動控制設備工程業；E603080 交通號誌安裝工程業；E603090 照明設備安裝工程業；E604010 機械安裝業；E701040 簡易電信設備安裝業,桃園市,變更,11506
83253326,榮晟物流有限公司,桃園市平鎮區南豐路161巷45號(1樓),湯哲威,25000000,,115/06/11,股東出資轉讓修正章程,G101061 汽車貨運業；G202010 停車場經營業；G799990 其他運輸輔助業；G801010 倉儲業；EZ02010 起重工程業；F214030 汽、機車零件配備零售業；F214990 其他交通運輸工具及其零件零售業；IZ06010 理貨包裝業；IZ12010 人力派遣業；J101030 廢棄物清除業,桃園市,變更,11506
83254438,豪德車庫有限公司,桃園市桃園區明德里中正路1247號14樓之2,洪家豪,300000,,115/06/10,復業副本,F114010 汽車批發業；F114030 汽、機車零件配備批發業；F114050 車胎批發業；F104110 布疋、衣著、鞋、帽、傘、服飾品批發業；F106010 五金批發業；F214010 汽車零售業；F214020 機車零售業；F214030 汽、機車零件配備零售業；F214050 車胎零售業；F204110 布疋、衣著、鞋、帽、傘、服飾品零售業,桃園市,變更,11506
83265955,殷平有限公司,桃園市觀音區草漯里福興街180號,黃子殷,6800000,,115/06/29,公司所在地,F401010 國際貿易業；F105050 家具、寢具、廚房器具、裝設品批發業；F106020 日常用品批發業；F206020 日常用品零售業；F205040 家具、寢具、廚房器具、裝設品零售業,桃園市,變更,11506
83294071,傳富股份有限公司,桃園市中壢區環西路26號(1樓),莊燕萍,12000000,,115/06/17,改選董事/監察人(一人法人股東指派董事/監察人),I103060 管理顧問業；I199990 其他顧問服務業；H703090 不動產買賣業；H703100 不動產租賃業；H201010 一般投資業,桃園市,變更,11506
83302662,韋德貿易有限公司,桃園市蘆竹區光明路二段163之1號3樓,劉建麟,1400000,,115/06/04,增資,F206040 水器材料零售業；F205040 家具、寢具、廚房器具、裝設品零售業；F206020 日常用品零售業；F106040 水器材料批發業；F105050 家具、寢具、廚房器具、裝設品批發業；F106020 日常用品批發業；F401010 國際貿易業；F501030 飲料店業；F501060 餐館業；F501990 其他餐飲業,桃園市,變更,11506
83303043,建宇室內裝修有限公司,桃園市大溪區田心里中華路70巷15號(一樓),呂榳真,1000000,,115/06/22,公司名稱變更修正章程,CA01990 其他非鐵金屬基本工業；CA02010 金屬結構及建築組件製造業；CA02060 金屬容器製造業；CA02080 金屬鍛造業；CA02090 金屬線製品製造業；CA02990 其他金屬製品製造業；CB01010 機械設備製造業；CP01010 手工具製造業；E102011 土木包工業；E599010 配管工程業,桃園市,變更,11506
83304021,誠詠機電顧問有限公司,桃園市平鎮區中正里龍江路136號(一樓),,6500000,,115/06/11,解散,A102080 園藝服務業；D101050 汽電共生業；D101060 再生能源自用發電設備業；D301010 自來水經營業；E501011 自來水管承裝商；E502010 燃料導管安裝工程業；E599010 配管工程業；E601010 電器承裝業；E601020 電器安裝業；E602011 冷凍空調工程業,桃園市,變更,11506
83309659,嘉錩金屬科技有限公司,桃園市中壢區華美一路143號13樓,許財情,100000,,115/06/29,公司所在地,CA01050 鋼材二次加工業；CA02010 金屬結構及建築組件製造業；CA02990 其他金屬製品製造業；CA01990 其他非鐵金屬基本工業；F106010 五金批發業；F106030 模具批發業；F111090 建材批發業；F401010 國際貿易業；E599010 配管工程業；E603100 電焊工程業,桃園市,變更,11506
83371180,屋蹐文化有限公司,桃園市新屋區新生里忠孝街18號(1樓),莊茹絜,1600000,,115/06/29,一般補正案,F106020 日常用品批發業；F206020 日常用品零售業；F102040 飲料批發業；F102170 食品什貨批發業；F203010 食品什貨、飲料零售業；F102050 茶葉批發業；F399040 無店面零售業；F401010 國際貿易業；I401010 一般廣告服務業；J399010 軟體出版業,桃園市,變更,11506
83371766,宜達恆飲食有限公司,桃園市龜山區文化里文昌三街88號,林宜蒂,15000000,,115/06/03,增資,F501060 餐館業；F501030 飲料店業；F203010 食品什貨、飲料零售業；F205040 家具、寢具、廚房器具、裝設品零售業；F206020 日常用品零售業；F209060 文教、樂器、育樂用品零售業；F213080 機械器具零售業；F601010 智慧財產權業；JZ99090 喜慶綜合服務業；JB01010 會議及展覽服務業,桃園市,變更,11506
83371908,禮遇佳車業有限公司,桃園市龜山區復興一路471號（1樓）,李御嘉,1000000,,115/06/15,公司所在地,F214010 汽車零售業；F399040 無店面零售業；F401010 國際貿易業；F214030 汽、機車零件配備零售業；F299990 其他零售業；IZ99990 其他工商服務業；ZZ99999 除許可業務外，得經營法令非禁止或限制之業務,桃園市,變更,11506
83423552,英屬開曼群島商宸大科技股份有限公司,桃園市龜山區華亞二路222號,江朝瑞,400000000,,115/06/02,一般補正案,CK01010 製鞋業；C804020 工業用橡膠製品製造業；C804990 其他橡膠製品製造業；C805050 工業用塑膠製品製造業；C805990 其他塑膠製品製造業；F401010 國際貿易業；CH01010 體育用品製造業；CD01050 自行車及其零件製造業；ZZ99999 除許可業務外，得經營法令非禁止或限制之業務,桃園市,變更,11506
83460021,天使移動有限公司,桃園市龜山區大華里文化五路49號,羅婉菱,6000000,,115/06/26,董事/股東證照變更,F118010 資訊軟體批發業；F218010 資訊軟體零售業；F109070 文教、樂器、育樂用品批發業；F209060 文教、樂器、育樂用品零售業；F204110 布疋、衣著、鞋、帽、傘、服飾品零售業；F205040 家具、寢具、廚房器具、裝設品零售業；F206010 五金零售業；F206020 日常用品零售業；F207030 清潔用品零售業；F213010 電器零售業,桃園市,變更,11506
83483642,鑫富清潔科技有限公司,桃園市桃園區同安街76之1號,李訓旻,5000000,,115/06/25,補繳規費,F107030 清潔用品批發業；F207030 清潔用品零售業；F107080 環境用藥批發業；F207080 環境用藥零售業；F113030 精密儀器批發業；F213040 精密儀器零售業；F113100 污染防治設備批發業；F213100 污染防治設備零售業；F113020 電器批發業；F213010 電器零售業,桃園市,變更,11506
83487909,睿能再生能源有限公司,桃園市桃園區中正路1092號10樓,于靖,1000000,,115/06/30,股東出資轉讓修正章程,E599010 配管工程業；E601020 電器安裝業；E604010 機械安裝業；EZ05010 儀器、儀表安裝工程業；EZ99990 其他工程業；F106010 五金批發業；F111090 建材批發業；F113010 機械批發業；F113020 電器批發業；F206010 五金零售業,桃園市,變更,11506
83490685,卓越網路通信工程有限公司,桃園市桃園區中信里中山路1000之2號5樓之3,曾國德,2600000,,115/06/23,增資,E601020 電器安裝業；E603040 消防安全設備安裝工程業；E603050 自動控制設備工程業；E603090 照明設備安裝工程業；E599010 配管工程業；E605010 電腦設備安裝業；E701010 電信工程業；E701020 衛星電視ＫＵ頻道、Ｃ頻道器材安裝業；E701030 電信管制射頻器材裝設工程業；EZ05010 儀器、儀表安裝工程業,桃園市,變更,11506
83493851,莫里實業有限公司,桃園市中壢區民權路四段500號,林芯澄,2000000,,115/06/09,股東出資轉讓修正章程,F104110 布疋、衣著、鞋、帽、傘、服飾品批發業；F204110 布疋、衣著、鞋、帽、傘、服飾品零售業；F105050 家具、寢具、廚房器具、裝設品批發業；F205040 家具、寢具、廚房器具、裝設品零售業；F206020 日常用品零售業；I503010 景觀、室內設計業；E801010 室內裝潢業；F199990 其他批發業；F401010 國際貿易業；F399990 其他綜合零售業,桃園市,變更,11506
83524046,寶圓國際開發有限公司,桃園市桃園區東埔里北埔路17巷30號(1樓),邊芩瑱,5050000,,115/06/04,一般補正案,I701011 就業服務業；I199990 其他顧問服務業；F401010 國際貿易業；ZZ99999 除許可業務外，得經營法令非禁止或限制之業務,桃園市,變更,11506
83551850,耀佳實業有限公司,桃園市中壢區過嶺里21鄰松仁路213號8樓,薛順成,3000000,,115/06/05,公司所在地,F401010 國際貿易業；I301010 資訊軟體服務業；I301020 資料處理服務業；I501010 產品設計業；F113010 機械批發業；IZ13010 網路認證服務業；F399990 其他綜合零售業；F213060 電信器材零售業；F213040 精密儀器零售業；IZ12010 人力派遣業,桃園市,變更,11506
83555173,兆劦有限公司,桃園市桃園區大豐里樹林四街180號(1樓),黃垚丁,28390000,,115/06/10,增資,E601020 電器安裝業；E603010 電纜安裝工程業；E603050 自動控制設備工程業；E603090 照明設備安裝工程業；E604010 機械安裝業；E605010 電腦設備安裝業；E701010 電信工程業；EZ05010 儀器、儀表安裝工程業；F113010 機械批發業；F113020 電器批發業,桃園市,變更,11506
83556102,沁驥冷氣空調科技有限公司,桃園市平鎮區金陵里北興街2段38號(1樓),徐同洋,200000,,115/06/17,公司名稱變更修正章程,F213010 電器零售業；E601020 電器安裝業；JA02010 電器及電子產品修理業；I501010 產品設計業；I301010 資訊軟體服務業；I301020 資料處理服務業；IG02010 研究發展服務業；I199990 其他顧問服務業；ZZ99999 除許可業務外，得經營法令非禁止或限制之業務,桃園市,變更,11506
83558024,鈞天系統科技股份有限公司,桃園市蘆竹區長興路三段277巷33號(1樓),楊錦添,182762857,,115/06/08,改選董事/監察人(一人法人股東指派董事/監察人),CC01010 發電、輸電、配電機械製造業；CC01060 有線通信機械器材製造業；CC01080 電子零組件製造業；CC01110 電腦及其週邊設備製造業；CC01990 其他電機及電子機械器材製造業；CE01010 一般儀器製造業；F119010 電子材料批發業；F401010 國際貿易業；I501010 產品設計業；ZZ99999 除許可業務外，得經營法令非禁止或限制之業務,桃園市,變更,11506
83574761,遠順投資有限公司,桃園市中壢區領航南路三段301號16樓,蘇永平,5000000,,115/06/25,公司所在地,H701010 住宅及大樓開發租售業；H201010 一般投資業；H703090 不動產買賣業；H703100 不動產租賃業；ZZ99999 除許可業務外，得經營法令非禁止或限制之業務,桃園市,變更,11506
83574994,鴻洋管理顧問有限公司,桃園市桃園區民生路17號6樓之10,林明鴻,500000,,115/06/29,公司所在地,I102010 投資顧問業；I103060 管理顧問業；I199990 其他顧問服務業；I301010 資訊軟體服務業；I301020 資料處理服務業；I301030 電子資訊供應服務業；I401010 一般廣告服務業；I503010 景觀、室內設計業；IZ15010 市場研究及民意調查業；IZ16010 餐具清洗業,桃園市,變更,11506
83579941,北埕建設股份有限公司,桃園市桃園區莊敬里同德十一街56號6樓之2,邱顯昌,105000000,,115/06/16,董事(常務董事.董事長)/監察人解任,E801010 室內裝潢業；E801020 門窗安裝工程業；E801030 室內輕鋼架工程業；E801040 玻璃安裝工程業；E801070 廚具、衛浴設備安裝工程業；F111090 建材批發業；F120010 耐火材料批發業；F211010 建材零售業；F220010 耐火材料零售業；H701010 住宅及大樓開發租售業,桃園市,變更,11506
83749087,品緹國際有限公司,桃園市桃園區新生路107號,黃巧菱,2340000,,115/06/04,股東出資轉讓修正章程,F102040 飲料批發業；F102170 食品什貨批發業；F104110 布疋、衣著、鞋、帽、傘、服飾品批發業；F107030 清潔用品批發業；F108040 化粧品批發業；F208040 化粧品零售業；F208050 乙類成藥零售業；F203010 食品什貨、飲料零售業；F401010 國際貿易業；JZ99080 美容美髮服務業,桃園市,變更,11506
83750020,新技術供應鏈與物流股份有限公司,桃園市觀音區寶倉街102號,葛玉和,82000000,,115/06/18,一般補正案,G801010 倉儲業；IZ06010 理貨包裝業；F102040 飲料批發業；F108040 化粧品批發業；F208040 化粧品零售業；F207030 清潔用品零售業；F102030 菸酒批發業；F203020 菸酒零售業；F102170 食品什貨批發業；F199990 其他批發業,桃園市,變更,11506
83750582,聖鑫生物科技股份有限公司,桃園市蘆竹區長興里南崁路2段66之9號8樓,侯彥良,50000000,,115/06/29,減少所營事業變更修正章程,F102020 食用油脂批發業；F102030 菸酒批發業；F102040 飲料批發業；F102170 食品什貨批發業；F104110 布疋、衣著、鞋、帽、傘、服飾品批發業；F105050 家具、寢具、廚房器具、裝設品批發業；F106020 日常用品批發業；F106060 寵物食品及其用品批發業；F107010 漆料、塗料批發業；F107030 清潔用品批發業,桃園市,變更,11506
83758108,馥地國際實業有限公司,桃園市中壢區和平里文成北街47號4樓,,200000,,115/06/23,一般補正案,F203010 食品什貨、飲料零售業；F401010 國際貿易業；F201010 農產品零售業；F101130 蔬果批發業；F201990 其他農畜水產品零售業；F399040 無店面零售業；F399990 其他綜合零售業；F101990 其他農、畜、水產品批發業；F101100 花卉批發業；F102170 食品什貨批發業,桃園市,變更,11506
83765939,路卡塗裝工程有限公司,桃園市大園區南港里溪福路10號3樓,陳彥文,500000,,115/06/01,公司所在地,C802090 清潔用品製造業；C802200 塗料、油漆、染料及顏料製造業；C802990 其他化學製品製造業；C901070 石材製品製造業；E801010 室內裝潢業；E901010 油漆工程業；E903010 防蝕、防銹工程業；EZ09010 靜電防護及消除工程業；EZ11010 球場跑道樹脂材料鋪設工程業；EZ99990 其他工程業,桃園市,變更,11506
83766206,睿烽實業有限公司,桃園市龍潭區中正里新龍路209號11樓,邱望斌,2000000,,115/06/23,增資,F113010 機械批發業；F113020 電器批發業；F113030 精密儀器批發業；F113060 度量衡器批發業；F113070 電信器材批發業；F114060 船舶及其零件批發業；F114070 航空器及其零件批發業；F119010 電子材料批發業；F109070 文教、樂器、育樂用品批發業；F206010 五金零售業,桃園市,變更,11506
83766965,盛新材料科技股份有限公司,桃園市中壢區中壢工業區自強一路5號,謝明凱,700000000,,115/06/11,修正章程,CC01080 電子零組件製造業；F119010 電子材料批發業；F219010 電子材料零售業；F401010 國際貿易業；ZZ99999 除許可業務外，得經營法令非禁止或限制之業務,桃園市,變更,11506
83767057,經海國際貿易有限公司,桃園市中壢區仁祥里晉元路218號2樓,張傳杰,5000000,,115/06/30,股東出資轉讓修正章程,F102170 食品什貨批發業；F102040 飲料批發業；F106020 日常用品批發業；F112040 石油製品批發業；F199990 其他批發業；F401010 國際貿易業；ZZ99999 除許可業務外，得經營法令非禁止或限制之業務,桃園市,變更,11506
83776577,安茄有限公司,桃園市中壢區普慶里環中東路585號,吳聰明,2000000,,115/06/23,減少所營事業變更修正章程,A102060 糧商業；F201010 農產品零售業；F201020 畜產品零售業；F201030 水產品零售業；F201050 漁具零售業；F201070 花卉零售業；F202010 飼料零售業；F203010 食品什貨、飲料零售業；F203020 菸酒零售業；F204110 布疋、衣著、鞋、帽、傘、服飾品零售業,桃園市,變更,11506
83777359,晅揚有限公司,桃園市桃園區同德里中正路1071號12樓之7,,10000,,115/06/23,解散,F399040 無店面零售業；F206050 寵物食品及其用品零售業；F106060 寵物食品及其用品批發業；F104110 布疋、衣著、鞋、帽、傘、服飾品批發業；F204110 布疋、衣著、鞋、帽、傘、服飾品零售業；ZZ99999 除許可業務外，得經營法令非禁止或限制之業務,桃園市,變更,11506
84099580,泰舜實業股份有限公司,桃園市蘆竹區大有街36號,吳祐綸,29900000,,115/06/17,一般補正案,C306010 成衣業；C307010 服飾品製造業；C399990 其他紡織及製品製造業；F113010 機械批發業；F113990 其他機械器具批發業；F213080 機械器具零售業；F213990 其他機械器具零售業；F401010 國際貿易業；JA03010 洗衣業；JZ99990 未分類其他服務業,桃園市,變更,11506
84149863,喬聯科技股份有限公司,桃園市蘆竹區南山路2段5巷12號4樓,楊嘉欽,95000000,,115/06/02,改選董事/監察人(一人法人股東指派董事/監察人),C802041 西藥製造業；CF01011 醫療器材製造業；F401010 國際貿易業；CE01010 一般儀器製造業；CC01101 電信管制射頻器材製造業；F401021 電信管制射頻器材輸入業；CC01080 電子零組件製造業；F119010 電子材料批發業；F113030 精密儀器批發業；F108031 醫療器材批發業,桃園市,變更,11506
84163175,可博科技有限公司,桃園市中壢區中北路二段46巷11號(1樓),林清勳,5000000,,115/06/18,公司所營事業變更修正章程,I599990 其他設計業；F213010 電器零售業；F113020 電器批發業；F113050 電腦及事務性機器設備批發業；F213030 電腦及事務性機器設備零售業；F118010 資訊軟體批發業；F218010 資訊軟體零售業；F113030 精密儀器批發業；F213040 精密儀器零售業；F113070 電信器材批發業,桃園市,變更,11506
84211325,凹凸實業股份有限公司,桃園市桃園區龍祥街50之18號4樓,劉維貞,13320000,,115/06/10,董事/監察人持股變動報備,,桃園市,變更,11506
84216095,順城油漆工程有限公司,桃園市桃園區三元里大有路140號,祝玉玫,3600000,,115/06/22,股東出資轉讓修正章程,,桃園市,變更,11506
84248250,寶麗欣貿易有限公司,桃園市大園區田心里華興路二段435巷286號1樓,許來妹,31500000,,115/06/26,股東出資轉讓修正章程,,桃園市,變更,11506
84415854,石大股份有限公司,桃園市龜山區大華里頂湖二街73號,洪明慧,81000000,,115/06/12,董事/監察人持股變動報備,CB01010 機械設備製造業；CB01990 其他機械製造業；F401010 國際貿易業；ZZ99999 除許可業務外，得經營法令非禁止或限制之業務,桃園市,變更,11506
84417522,聯樟建設有限公司,桃園市八德區瑞興里仁德一路191號(1樓),羅福順,83000000,,115/06/11,公司所在地,,桃園市,變更,11506
84432235,暐特實業有限公司,桃園市中壢區福祥路259巷5號,任筱惠,5000000,,115/06/26,申登機關變更（遷入，含卷）,,桃園市,變更,11506
84440880,長瑞佳工業有限公司,桃園市八德區大竹里榮興路73巷18號,李任揚,20000000,,115/06/16,股東出資轉讓修正章程,CB01990 其他機械製造業；CA01050 鋼材二次加工業；CA01120 銅鑄造業；CA01130 銅材軋延、伸線、擠型業；CA01990 其他非鐵金屬基本工業；CA02990 其他金屬製品製造業；CC01080 電子零組件製造業；CC01990 其他電機及電子機械器材製造業；CE01990 其他光學及精密器械製造業；CZ99990 未分類其他工業製品製造業,桃園市,變更,11506
84442352,易和通運股份有限公司,桃園市桃園區莊敬路1段173號13樓,康景賢,30000000,,115/06/24,董事/監察人持股變動報備,G101081 汽車貨櫃貨運業,桃園市,變更,11506
84449952,寶利徠光學科技股份有限公司,桃園市大園區新南里18鄰長發路406號,宋一新,466355100,,115/06/17,補繳規費,CE01030 光學儀器製造業；CF01011 醫療器材製造業；F108031 醫療器材批發業；F208031 醫療器材零售業；CC01120 資料儲存媒體製造及複製業；F401010 國際貿易業；ZZ99999 除許可業務外，得經營法令非禁止或限制之業務,桃園市,變更,11506
84501598,怡客咖啡股份有限公司,桃園市龜山區華亞二路222號(3樓),葉丞凱,82400000,,115/06/05,改選董事/監察人(一人法人股東指派董事/監察人),F203010 食品什貨、飲料零售業；F203020 菸酒零售業；F206020 日常用品零售業；F301030 一般百貨業；F401010 國際貿易業；F501030 飲料店業；F501060 餐館業；ZZ99999 除許可業務外，得經營法令非禁止或限制之業務,桃園市,變更,11506
84519540,磊鑫營造有限公司,桃園市大園區後厝里後厝路100巷75號(3樓),李秋玉,23400000,,115/06/01,股東出資轉讓修正章程,E101011 綜合營造業；H701010 住宅及大樓開發租售業；H701020 工業廠房開發租售業；H701050 投資興建公共建設業；H701060 新市鎮、新社區開發業；H701070 區段徵收及市地重劃代辦業；H701090 都市更新整建維護業；H702010 建築經理業；H703090 不動產買賣業；H703100 不動產租賃業,桃園市,變更,11506
84532500,連盟興業股份有限公司,桃園市八德區榮興路27號,包仁志,62000000,,115/06/11,改選董事/監察人(一人法人股東指派董事/監察人),,桃園市,變更,11506
84564782,鉅鎮企業有限公司,桃園市平鎮區建安里金陵路4段409號1樓,莊旻諺,20000000,,115/06/22,增資,E601020 電器安裝業；E602011 冷凍空調工程業；F113020 電器批發業；F401010 國際貿易業；ZZ99999 除許可業務外，得經營法令非禁止或限制之業務；E601010 電器承裝業；E603010 電纜安裝工程業；E603050 自動控制設備工程業；E603090 照明設備安裝工程業；E604010 機械安裝業,桃園市,變更,11506
84572495,聯騰工業股份有限公司,桃園市大溪區大鶯路1633號,張景翔,60000000,,115/06/09,改選董事/監察人(一人法人股東指派董事/監察人),,桃園市,變更,11506
84580185,永昱旅行社有限公司,桃園市桃園區萬壽路三段190號1樓,張品慈,7000000,,115/06/05,經理人解任,,桃園市,變更,11506
84637125,宏瑒五金有限公司,桃園市觀音區保障里大觀路一段313號1樓,郭淑雲,2000000,,115/06/12,股東出資轉讓修正章程,,桃園市,變更,11506
84680950,元祥旅行社股份有限公司,桃園市桃園區莊敬路1段167號1、2樓,申明德,8000000,,115/06/23,修正章程,,桃園市,變更,11506
84707873,萬翔通運有限公司,桃園市大溪區員林路二段155巷110號1樓,陳峻浩,25000000,,115/06/03,股東出資轉讓修正章程,G101061 汽車貨運業；G202010 停車場經營業；G801010 倉儲業；EZ02010 起重工程業；IZ06010 理貨包裝業；IZ12010 人力派遣業；F114010 汽車批發業；F114030 汽、機車零件配備批發業；F214010 汽車零售業；F214030 汽、機車零件配備零售業,桃園市,變更,11506
84763494,佑亞物業管理顧問有限公司,桃園市桃園區中平路102號6樓之3,彭佑婷,5000000,,115/06/18,申登機關變更（遷入，含卷）,F106010 五金批發業；F113020 電器批發業；F113050 電腦及事務性機器設備批發業；F115010 首飾及貴金屬批發業；F115020 礦石批發業；F401010 國際貿易業；IF01010 消防安全設備檢修業；IZ12010 人力派遣業；H701010 住宅及大樓開發租售業；H701020 工業廠房開發租售業,桃園市,變更,11506
84794308,雄崎股份有限公司,桃園市中壢區文林街66號2樓,杜秀花,26250000,,115/06/05,補選董事(常務董事.董事長)/監察人,,桃園市,變更,11506
84807922,昌聖精機股份有限公司,桃園市八德區和平路528巷69號,林美容,125000000,,115/06/22,改選董事/監察人(一人法人股東指派董事/監察人),,桃園市,變更,11506
84819223,倉和股份有限公司,桃園市龜山區萬壽路1段492之16號3樓,陳柑富,380220000,,115/06/05,改選董事/監察人(一人法人股東指派董事/監察人),C701010 印刷業；C702010 製版業；C802200 塗料、油漆、染料及顏料製造業；CA02990 其他金屬製品製造業；CB01010 機械設備製造業；CC01080 電子零組件製造業；CE01030 光學儀器製造業；F107010 漆料、塗料批發業；F107020 染料、顏料批發業；F113010 機械批發業,桃園市,變更,11506
84882920,允泉企業有限公司,桃園市八德區大正里大明街95號,林黃寶雪,6000000,,115/06/23,股東出資轉讓修正章程,J101030 廢棄物清除業。；J101040 廢棄物處理業。；J101080 廢棄物資源回收業。；J101090 廢棄物清理業。；ZZ99999 除許可業務外，得經營法令非禁止或限制之業務。,桃園市,變更,11506
84952354,岳興股份有限公司,桃園市蘆竹區長興路1段107之1號,邱小楨,8000000,,115/06/17,增資(資本總額),F119010 電子材料批發業；ZZ99999 除許可業務外，得經營法令非禁止或限制之業務,桃園市,變更,11506
84995500,敍豐企業股份有限公司,桃園市八德區茄苳路760巷16號,周政均,385008500,,115/06/08,改選董事/監察人(一人法人股東指派董事/監察人),C802200 塗料、油漆、染料及顏料製造業；CB01010 機械設備製造業；CB01030 污染防治設備製造業；CC01080 電子零組件製造業；CC01110 電腦及其週邊設備製造業；F401010 國際貿易業；I599990 其他設計業；C801010 基本化學工業；C801020 石油化工原料製造業；CB01990 其他機械製造業,桃園市,變更,11506
85032910,米籽有限公司,桃園市桃園區成功里春日路232號7樓之5,,100000,,115/06/08,解散,F399040 無店面零售業；F104110 布疋、衣著、鞋、帽、傘、服飾品批發業；F204110 布疋、衣著、鞋、帽、傘、服飾品零售業；F105050 家具、寢具、廚房器具、裝設品批發業；F205040 家具、寢具、廚房器具、裝設品零售業；F115010 首飾及貴金屬批發業；F215010 首飾及貴金屬零售業；F106020 日常用品批發業；F206020 日常用品零售業；F401010 國際貿易業,桃園市,變更,11506
85044009,育沐科技有限公司,桃園市桃園區中山路507巷12號13樓,傅彥豪,1000000,,115/06/12,申登機關變更（遷入，含卷）,C701010 印刷業；C702010 製版業；C703010 印刷品裝訂及加工業；CC01110 電腦及其週邊設備製造業；CC01120 資料儲存媒體製造及複製業；F109070 文教、樂器、育樂用品批發業；F113020 電器批發業；F113030 精密儀器批發業；F113050 電腦及事務性機器設備批發業；F113070 電信器材批發業,桃園市,變更,11506
85075754,第一強股份有限公司,桃園市大園區五權里青昇路一段48巷166號,林瑞興,20000000,,115/06/22,一般補正案,ZZ99999 除許可業務外，得經營法令非禁止或限制之業務；H701010 住宅及大樓開發租售業；E801010 室內裝潢業；F111090 建材批發業；F399040 無店面零售業；I401010 一般廣告服務業；I503010 景觀、室內設計業；C802090 清潔用品製造業；C802100 化粧品製造業；F102050 茶葉批發業,桃園市,變更,11506
85078680,威揚建設有限公司,桃園市楊梅區梅溪里三民北路97號(1樓),陳宏毅,50000000,,115/06/26,一般補正案,H701010 住宅及大樓開發租售業；H703090 不動產買賣業；H703100 不動產租賃業；H702010 建築經理業；H701020 工業廠房開發租售業；H701050 投資興建公共建設業；H701060 新市鎮、新社區開發業；H701070 區段徵收及市地重劃代辦業；H701090 都市更新整建維護業；ZZ99999 除許可業務外，得經營法令非禁止或限制之業務,桃園市,變更,11506
85079301,英花不動產有限公司,桃園市大溪區介壽路991之7號(1樓),蕭英花,550000,,115/06/26,股東出資轉讓修正章程,H704031 不動產仲介經紀業；H703090 不動產買賣業；H703100 不動產租賃業；H701010 住宅及大樓開發租售業；H701020 工業廠房開發租售業；H701090 都市更新整建維護業；E801010 室內裝潢業；ZZ99999 除許可業務外，得經營法令非禁止或限制之業務,桃園市,變更,11506
85079490,展矅精密有限公司,桃園市平鎮區新貴里關爺北路46巷17號（1樓）,蔡定毅,2000000,,115/06/11,股東出資轉讓修正章程,C701010 印刷業；C703010 印刷品裝訂及加工業；C805030 塑膠日用品製造業；C805050 工業用塑膠製品製造業；C805990 其他塑膠製品製造業；CA01050 鋼材二次加工業；CA03010 熱處理業；CA04010 表面處理業；CC01080 電子零組件製造業；CC01990 其他電機及電子機械器材製造業,桃園市,變更,11506
85082994,鼎芯科技股份有限公司,桃園市桃園區藝文一街86之7號16樓,趙偉孝,15200000,,115/06/03,一般補正案,CC01080 電子零組件製造業；F119010 電子材料批發業；F118010 資訊軟體批發業；F219010 電子材料零售業；F213030 電腦及事務性機器設備零售業；F113050 電腦及事務性機器設備批發業；F113070 電信器材批發業；E605010 電腦設備安裝業；F401010 國際貿易業；ZZ99999 除許可業務外，得經營法令非禁止或限制之業務,桃園市,變更,11506
85103843,御璟鑫國際貿易有限公司,桃園市大園區致祥一街97號,馮玉燕,8000000,,115/06/17,申登機關變更（遷入，含卷）,F111090 建材批發業；F199990 其他批發業；F106050 陶瓷玻璃器皿批發業；F105050 家具、寢具、廚房器具、裝設品批發業；F401010 國際貿易業；F106020 日常用品批發業；F206020 日常用品零售業；ZZ99999 除許可業務外，得經營法令非禁止或限制之業務,桃園市,變更,11506
85115123,宏翰流通有限公司,桃園市中壢區龍慈里龍慈路276號,宋智偉,28000000,,115/06/23,公司所在地,JE01010 租賃業；G202010 停車場經營業；F212011 加油站業；F399010 便利商店業；ZZ99999 除許可業務外，得經營法令非禁止或限制之業務,桃園市,變更,11506
85121103,秝欣有限公司,桃園市桃園區中山路777號1樓之5,陳玫君,2000000,,115/06/10,一般補正案,F104110 布疋、衣著、鞋、帽、傘、服飾品批發業；F106020 日常用品批發業；F121010 食品添加物批發業；J202010 產業育成業；F107030 清潔用品批發業；F108040 化粧品批發業；F207030 清潔用品零售業；F208040 化粧品零售業；F208050 乙類成藥零售業；F401010 國際貿易業,桃園市,變更,11506
86030475,連城實業有限公司,桃園市龜山區文青路345號23樓之5,王麗芬,2000000,,115/06/04,申登機關變更（遷入，含卷）,,桃園市,變更,11506
86083253,金易股份有限公司,桃園市蘆竹區中興里豪登一街46號,陳冠滔,72000000,,115/06/16,董事/監察人持股變動報備,C302010 織布業；C305010 印染整理業；F104110 布疋、衣著、鞋、帽、傘、服飾品批發業；F204110 布疋、衣著、鞋、帽、傘、服飾品零售業；F401010 國際貿易業；F601010 智慧財產權業；H701010 住宅及大樓開發租售業；H703090 不動產買賣業；H703100 不動產租賃業；IG01010 生物技術服務業,桃園市,變更,11506
86110723,立鎮建材有限公司,桃園市桃園區信光里民生路688號1樓,,3200000,,115/06/12,解散,,桃園市,變更,11506
86114278,豐達營造股份有限公司,桃園市桃園區經國一路67號6樓,莊育貴,250000000,,115/06/02,改選董事/監察人(一人法人股東指派董事/監察人),E101011 綜合營造業；H701010 住宅及大樓開發租售業；H701090 都市更新整建維護業；J101990 其他環境衛生及污染防治服務業；F111090 建材批發業；F211010 建材零售業；ZZ99999 除許可業務外，得經營法令非禁止或限制之業務,桃園市,變更,11506
86179665,元盈鋼鐵股份有限公司,桃園市蘆竹區新生路48號,陳美雲,6000000,,115/06/18,改選董事/監察人(一人法人股東指派董事/監察人),CA01050 鋼材二次加工業；CB01010 機械設備製造業；CZ99990 未分類其他工業製品製造業；F106010 五金批發業；F206010 五金零售業；F401010 國際貿易業,桃園市,變更,11506
86182991,立本營造股份有限公司,桃園市中壢區領航南路三段309號16樓,林筱菁,250000000,,115/06/02,公司所在地,A102080 園藝服務業；B601010 土石採取業；E101011 綜合營造業；E604010 機械安裝業；F111090 建材批發業；F211010 建材零售業；H701010 住宅及大樓開發租售業；H701020 工業廠房開發租售業；H701050 投資興建公共建設業；H701060 新市鎮、新社區開發業,桃園市,變更,11506
86233422,仲慶汽車股份有限公司,桃園市桃園區中山路631號,陳幸雄,20000000,,115/06/11,董事/監察人持股變動報備,,桃園市,變更,11506
86326857,利保橡膠企業有限公司,桃園市中壢區過嶺里民族路六段246號1樓,賴宏周,1000000,,115/06/26,一般補正案,,桃園市,變更,11506
86332422,光譜電工股份有限公司,桃園市中壢區忠福里東園路38-1號,凃俊光,2076905620,,115/06/12,其他減資,F106010 五金批發業；F113010 機械批發業；F113030 精密儀器批發業；F120010 耐火材料批發業；F119010 電子材料批發業；F107170 工業助劑批發業；CA02990 其他金屬製品製造業；CA04010 表面處理業；CC01080 電子零組件製造業；F401010 國際貿易業,桃園市,變更,11506
86407372,興邦機械有限公司,桃園市八德區霄裡里長興路493巷550弄37號,劉邦寶,2000000,,115/06/02,股東出資轉讓修正章程,,桃園市,變更,11506
86432864,世泓營造股份有限公司,桃園市中壢區高鐵站前西路2段105號(3樓),廖文宏,182500000,,115/06/29,增資(資本總額),E101011 綜合營造業；ZZ99999 除許可業務外，得經營法令非禁止或限制之業務；E801010 室內裝潢業；E599010 配管工程業；EZ99990 其他工程業；F401010 國際貿易業；I503010 景觀、室內設計業；H701010 住宅及大樓開發租售業；H701020 工業廠房開發租售業；H701050 投資興建公共建設業,桃園市,變更,11506
86504846,金展代股份有限公司,桃園市蘆竹區中山路19號8樓,陳麗卿,12000000,,115/06/08,改選董事/監察人(一人法人股東指派董事/監察人),C501990 其他木製品製造業；CN01010 家具及裝設品製造業；CA02010 金屬結構及建築組件製造業；CA02990 其他金屬製品製造業；CA04010 表面處理業；F105050 家具、寢具、廚房器具、裝設品批發業；F401010 國際貿易業；ZZ99999 除許可業務外，得經營法令非禁止或限制之業務；H703100 不動產租賃業；F111090 建材批發業,桃園市,變更,11506
86515843,里雅股份有限公司,桃園市中壢區興和里新生路3段195號,游士彥,85000000,,115/06/01,一般補正案,CC01040 照明設備製造業；CN01010 家具及裝設品製造業；CA02990 其他金屬製品製造業；E801070 廚具、衛浴設備安裝工程業；F105050 家具、寢具、廚房器具、裝設品批發業；F106010 五金批發業；F106020 日常用品批發業；F111090 建材批發業；F205040 家具、寢具、廚房器具、裝設品零售業；F206010 五金零售業,桃園市,變更,11506
86538607,洪邦金屬股份有限公司,桃園市中壢區新街里環北路398號9樓之8,林政緯,25000000,,115/06/05,申登機關變更（遷入，含卷）,CA02010 金屬結構及建築組件製造業；CA02990 其他金屬製品製造業；F106010 五金批發業；F199010 回收物料批發業；F206010 五金零售業；F401010 國際貿易業；J101080 資源回收業；J101090 廢棄物清理業；ZZ99999 除許可業務外，得經營法令非禁止或限制之業務,桃園市,變更,11506
86543572,英寶有限公司,桃園市八德區大發里和成路45之1號,林俊成,3000000,,115/06/30,股東出資轉讓修正章程,F104110 布疋、衣著、鞋、帽、傘、服飾品批發業；F199010 回收物料批發業；F199990 其他批發業；F401010 國際貿易業；CB01010 機械設備製造業；CB01990 其他機械製造業；C301010 紡紗業；C303010 不織布業；ZZ99999 除許可業務外，得經營法令非禁止或限制之業務；G799990 其他運輸輔助業,桃園市,變更,11506
86596113,挺晉企業有限公司,桃園市八德區廣興路410巷30弄6衖10號,,1000000,,115/06/30,解散,,桃園市,變更,11506
86647801,鈞盛企業股份有限公司,桃園市桃園區慈文里慈文路298巷10號,,1000000,,115/06/16,解散,C805050 工業用塑膠製品製造業；C805990 其他塑膠製品製造業；CQ01010 模具製造業；CC01080 電子零組件製造業；F106030 模具批發業；F114030 汽、機車零件配備批發業；F119010 電子材料批發業；F401010 國際貿易業；ZZ99999 除許可業務外，得經營法令非禁止或限制之業務,桃園市,變更,11506
86649006,杏一醫療用品股份有限公司,桃園市龜山區復興一路361號5樓,陳麗如,423233070,,115/06/11,改選董事/監察人(一人法人股東指派董事/監察人),D101060 再生能源自用發電設備業；E605010 電腦設備安裝業；E801010 室內裝潢業；E801070 廚具、衛浴設備安裝工程業；F102040 飲料批發業；F102170 食品什貨批發業；F102180 酒精批發業；F104110 布疋、衣著、鞋、帽、傘、服飾品批發業；F105050 家具、寢具、廚房器具、裝設品批發業；F106010 五金批發業,桃園市,變更,11506
86661373,五十甲廣告股份有限公司,桃園市蘆竹區經國路896號6樓,張承志,260000000,,115/06/22,公司所營事業變更修正章程,I401010 一般廣告服務業；I401020 廣告傳單分送業；H704041 不動產代銷經紀業；ZZ99999 除許可業務外，得經營法令非禁止或限制之業務,桃園市,變更,11506
86789218,華佑企業股份有限公司,桃園市楊梅區高青路10巷17號,彭元勝,260329040,,115/06/10,董事/監察人持股變動報備,,桃園市,變更,11506
86794227,鉅揚工程顧問股份有限公司,桃園市中壢區中華路一段859號6樓,林世杰,5000000,,115/06/24,經理人解任,H701070 區段徵收及市地重劃代辦業；EZ07010 鑽孔工程業；IG03010 能源技術服務業；E401010 疏濬業；E402010 沙石、淤泥海拋業；E599010 配管工程業；I503010 景觀、室內設計業；I101061 工程技術顧問業；E801010 室內裝潢業；I103060 管理顧問業,桃園市,變更,11506
86800136,逢泰企業股份有限公司,桃園市龜山區振興路706之8號,王樹樟,375000000,,115/06/10,改選董事/監察人(一人法人股東指派董事/監察人),F101050 水產品批發業；F102170 食品什貨批發業；F102030 菸酒批發業；F102040 飲料批發業；F201030 水產品零售業；F203020 菸酒零售業；F401010 國際貿易業；F113020 電器批發業；F113070 電信器材批發業；F117010 消防安全設備批發業,桃園市,變更,11506
86836818,志佳水電工程有限公司,桃園市中壢區內定里中園路二段136巷17號,范振球,10000000,,115/06/29,公司所營事業變更修正章程,E601010 電器承裝業；E501011 自來水管承裝商；E603040 消防安全設備安裝工程業；E603050 自動控制設備工程業；E603090 照明設備安裝工程業；E603100 電焊工程業；E603110 冷作工程業；E599010 配管工程業；E603010 電纜安裝工程業；E606010 用電設備檢驗維護業,桃園市,變更,11506
86838442,政營水電工程有限公司,桃園市中壢區振興里龍泉街85號1樓,涂義武,3000000,,115/06/16,股東出資轉讓修正章程,E501011 自來水管承裝商；E502010 燃料導管安裝工程業；E599010 配管工程業；E601010 電器承裝業；E601020 電器安裝業；E603040 消防安全設備安裝工程業；E603050 自動控制設備工程業；E603080 交通號誌安裝工程業；E801070 廚具、衛浴設備安裝工程業；E901010 油漆工程業,桃園市,變更,11506
86923340,國輝交通股份有限公司,桃園市楊梅區瑞塘里瑞梅街192號,張義雄,33000000,,115/06/10,董事/監察人持股變動報備,G101081 汽車貨櫃貨運業；J101080 資源回收業；F106010 五金批發業；F199010 回收物料批發業；F401010 國際貿易業；ZZ99999 除許可業務外，得經營法令非禁止或限制之業務,桃園市,變更,11506
86978512,西北臺慶科技股份有限公司,桃園市楊梅區幼四路1號,謝明諺,1149369710,,115/06/25,補繳規費,CC01080 電子零組件製造業２晶片線圈及其他線圈之製造加工與買賣。３代理有關前項國內外廠商產品報價投標經銷業務及進出口貿易業務。；ZZ99999 除許可業務外，得經營法令非禁止或限制之業務,桃園市,變更,11506
89121695,宏旭國際投資股份有限公司,桃園市蘆竹區長興里南崁路2段66號7樓之1,林柏宇,10000000,,115/06/23,改選董事/監察人(一人法人股東指派董事/監察人),H201010 一般投資業；ZZ99999 除許可業務外，得經營法令非禁止或限制之業務,桃園市,變更,11506
89121772,火山妍有限公司,桃園市中壢區榮安三街142之1號(1樓),簡筠芸,1000000,,115/06/22,股東出資轉讓修正章程,C104020 烘焙炊蒸食品製造業；C199990 未分類其他食品製造業；F201010 農產品零售業；F201020 畜產品零售業；F201030 水產品零售業；F201070 花卉零售業；F201990 其他農畜水產品零售業；F202010 飼料零售業；F203010 食品什貨、飲料零售業；F203020 菸酒零售業,桃園市,變更,11506
89121864,富家町清潔有限公司,桃園市觀音區草漯里莊敬路622號,劉庭萱,1000000,,115/06/01,公司所在地,J101010 建築物清潔服務業；J101090 廢棄物清理業；EZ99990 其他工程業；IZ12010 人力派遣業；ZZ99999 除許可業務外，得經營法令非禁止或限制之業務,桃園市,變更,11506
89121891,新展開發建設有限公司,桃園市中壢區仁和里仁德五街31號(1樓),,500000,,115/06/05,股東出資轉讓修正章程,H701010 住宅及大樓開發租售業；H701020 工業廠房開發租售業；H701060 新市鎮、新社區開發業；H703090 不動產買賣業；H703100 不動產租賃業；HZ99990 其他金融、保險及不動產業；I401010 一般廣告服務業；I401020 廣告傳單分送業；IB01010 建築物公共安全檢查業；IZ99990 其他工商服務業,桃園市,變更,11506
89147983,源釀有限公司,桃園市中壢區中興里環中東路321號8樓,顧源倫,500000,,115/06/26,公司所營事業變更修正章程,F102040 飲料批發業；F102030 菸酒批發業；F203020 菸酒零售業；F102170 食品什貨批發業；F203010 食品什貨、飲料零售業；F105050 家具、寢具、廚房器具、裝設品批發業；F205040 家具、寢具、廚房器具、裝設品零售業；F106020 日常用品批發業；F206020 日常用品零售業；F106050 陶瓷玻璃器皿批發業,桃園市,變更,11506
89148104,思妍有限公司,桃園市大園區新南里溪福路10之1號3樓,李思彤,580000,,115/06/10,股東出資轉讓修正章程,IZ06010 理貨包裝業；G801010 倉儲業；I301020 資料處理服務業；I301030 電子資訊供應服務業；IZ99990 其他工商服務業；IZ12010 人力派遣業；F401010 國際貿易業；G799990 其他運輸輔助業；JE01010 租賃業；JZ99050 仲介服務業,桃園市,變更,11506
89148548,艾昀國際有限公司,桃園市桃園區同安里藝文一街86之6號17樓,林嫚琳,6000000,,115/06/17,增資,F108040 化粧品批發業；F208040 化粧品零售業；F401010 國際貿易業；F299990 其他零售業；F102170 食品什貨批發業；F203010 食品什貨、飲料零售業；F107080 環境用藥批發業；F207080 環境用藥零售業；I101090 食品顧問業；I199990 其他顧問服務業,桃園市,變更,11506
89148792,聯群物流有限公司,桃園市中壢區龍慈里龍慈路239巷22號11樓,黃曉芊,6000000,,115/06/22,增資,G405010 貨櫃出租業；JE01010 租賃業；G799990 其他運輸輔助業；JA01990 其他汽車服務業；JZ99990 未分類其他服務業；ZZ99999 除許可業務外，得經營法令非禁止或限制之業務；F102170 食品什貨批發業；F102040 飲料批發業；F102020 食用油脂批發業；F102030 菸酒批發業,桃園市,變更,11506
89150516,竑力精密工業股份有限公司,桃園市八德區瑞豐里友聯街51巷2號,胡志良,25830940,,115/06/22,一般補正案,CB01010 機械設備製造業；CC01080 電子零組件製造業；CC01110 電腦及其週邊設備製造業；CC01120 資料儲存媒體製造及複製業；F113010 機械批發業；F113020 電器批發業；F113050 電腦及事務性機器設備批發業；F118010 資訊軟體批發業；F119010 電子材料批發業；F213010 電器零售業,桃園市,變更,11506
89152654,群玉有限公司,桃園市桃園區大興西路二段63號11樓,林純如,5000000,,115/06/02,股東出資轉讓修正章程,J101010 建築物清潔服務業；J101020 病媒防治業；J101030 廢棄物清除業；J101060 廢（污）水處理業；J101070 放射性廢料處理服務業；F107080 環境用藥批發業；F113100 污染防治設備批發業；F401010 國際貿易業；CA01070 廢車船解體及廢鋼鐵五金處理業；F106010 五金批發業,桃園市,變更,11506
89158714,友購順國際有限公司,桃園市龜山區山鶯路35號,張耀揚,3000000,,115/06/25,增資,F209060 文教、樂器、育樂用品零售業；F213030 電腦及事務性機器設備零售業；F213060 電信器材零售業；F213110 電池零售業；F218010 資訊軟體零售業；F219010 電子材料零售業；IE01010 電信業務門號代辦業；J601010 藝文服務業；JA02010 電器及電子產品修理業；IZ12010 人力派遣業,桃園市,變更,11506
89160633,紅租物業股份有限公司,桃園市桃園區同安里大興西路一段188號5樓,雷安群,8300000,,115/06/25,公司印鑑變更,H703090 不動產買賣業；H703100 不動產租賃業；H701010 住宅及大樓開發租售業；H701020 工業廠房開發租售業；H701050 投資興建公共建設業；H701060 新市鎮、新社區開發業；H701070 區段徵收及市地重劃代辦業；I102010 投資顧問業；I103060 管理顧問業；E801010 室內裝潢業,桃園市,變更,11506
89182968,欣展力企業有限公司,桃園市桃園區民光東路91號3樓,林永曄,3000000,,115/06/16,股東出資轉讓修正章程,E601020 電器安裝業；E604010 機械安裝業；JA02010 電器及電子產品修理業；F114010 汽車批發業；F214010 汽車零售業；F105050 家具、寢具、廚房器具、裝設品批發業；F205040 家具、寢具、廚房器具、裝設品零售業；E901010 油漆工程業；E599010 配管工程業；E603010 電纜安裝工程業,桃園市,變更,11506
89238528,原鶴旅館有限公司,桃園市桃園區雙峰路122號,陳惠珠,42000000,,115/06/12,一般補正案,J901020 一般旅館業；G202010 停車場經營業；H703100 不動產租賃業；F501060 餐館業；F203010 食品什貨、飲料零售業；ZZ99999 除許可業務外，得經營法令非禁止或限制之業務,桃園市,變更,11506
89282663,華膳空廚股份有限公司,桃園市蘆竹區海山路二段156巷22號,張花冠,1421000000,,115/06/15,一般補正案,G605011 空廚業；C103050 罐頭、冷凍、脫水及醃漬食品製造業；C104020 烘焙炊蒸食品製造業；C199030 即食餐食製造業；C199990 未分類其他食品製造業；F102170 食品什貨批發業；F203010 食品什貨、飲料零售業；F399010 便利商店業；F401010 國際貿易業；F501060 餐館業,桃園市,變更,11506
89331881,釱順通運股份有限公司,桃園市桃園區同德里同德六街157號9樓,林瑞蓮,10000000,,115/06/30,董事/監察人地址變更,F114030 汽、機車零件配備批發業；F114990 其他交通運輸工具及其零件批發業；F401010 國際貿易業；G801010 倉儲業；G799990 其他運輸輔助業；IZ06010 理貨包裝業；ZZ99999 除許可業務外，得經營法令非禁止或限制之業務,桃園市,變更,11506
89355665,億鍵昌機械有限公司,桃園市蘆竹區新興里中興二街38號1樓,李春玉,28000000,,115/06/10,股東出資轉讓修正章程,,桃園市,變更,11506
89387195,昇旺輪業有限公司,桃園市八德區大義里介壽路1段685號,林呂旺,500000,,115/06/03,更正,F214020 機車零售業；F214030 汽、機車零件配備零售業；F214040 自行車及其零件零售業；F214050 車胎零售業；F401010 國際貿易業；J101050 環境檢測服務業；J101990 其他環境衛生及污染防治服務業；IZ99990 其他工商服務業；JA02020 機車修理業,桃園市,變更,11506
89495384,晟岳營造股份有限公司,桃園市中壢區普仁里中山東路二段9號四樓,温奇翔,15000000,,115/06/17,變更組織,,桃園市,變更,11506
89495531,博智電子股份有限公司,桃園市龍潭區烏林里工二路128號,張永青,606934260,,115/06/23,改選董事/監察人(一人法人股東指派董事/監察人),F119010 電子材料批發業；F219010 電子材料零售業；F401010 國際貿易業；CC01080 電子零組件製造業；ZZ99999 除許可業務外，得經營法令非禁止或限制之業務,桃園市,變更,11506
89549585,百一電子股份有限公司,桃園市中壢區自強一路3號,許錦輝,1677384630,,115/06/24,補選董事(常務董事.董事長)/監察人,CC01060 有線通信機械器材製造業；CC01070 無線通信機械器材製造業；CC01080 電子零組件製造業；CC01101 電信管制射頻器材製造業；CC01990 其他電機及電子機械器材製造業；F401010 國際貿易業；F401021 電信管制射頻器材輸入業；ZZ99999 除許可業務外，得經營法令非禁止或限制之業務,桃園市,變更,11506
89550908,三詠交通有限公司,桃園市桃園區寶慶里南平路472號1樓,林曉蘭,25000000,,115/06/16,股東出資轉讓修正章程,,桃園市,變更,11506
89570123,桃德資產開發股份有限公司,桃園市桃園區藝文一街86之1號15樓,梁玉峯,20000000,,115/06/18,改選董事/監察人(一人法人股東指派董事/監察人),H701010 住宅及大樓開發租售業；H703100 不動產租賃業；I102010 投資顧問業；I103060 管理顧問業；JD01010 工商徵信服務業；I401010 一般廣告服務業；I503010 景觀、室內設計業；I504010 花藝設計業；J101010 建築物清潔服務業；F201010 農產品零售業,桃園市,變更,11506
89581249,康琦精密有限公司,桃園市中壢區普忠里普忠路231巷18之2號,黃正耀,6000000,,115/06/30,公司所營事業變更修正章程,F106010 五金批發業；F113990 其他機械器具批發業；JE01010 租賃業；CA01050 鋼材二次加工業；CA02990 其他金屬製品製造業；CQ01010 模具製造業；F401010 國際貿易業；ZZ99999 除許可業務外，得經營法令非禁止或限制之業務,桃園市,變更,11506
89583957,廣豐加油站有限公司,桃園市楊梅區中山南路259號,王祥旭,7100000,,115/06/22,股東出資轉讓修正章程,,桃園市,變更,11506
89593343,凌華科技股份有限公司,桃園市龜山區華亞一路66號1樓,劉鈞,2177692570,,115/06/18,認股憑證換發新股,CC01060 有線通信機械器材製造業；CC01070 無線通信機械器材製造業；CC01080 電子零組件製造業；CC01110 電腦及其週邊設備製造業；CE01010 一般儀器製造業；E605010 電腦設備安裝業；EZ05010 儀器、儀表安裝工程業；I301010 資訊軟體服務業；I301020 資料處理服務業；I301030 電子資訊供應服務業,桃園市,變更,11506
89647869,力隆工程有限公司,桃園市桃園區同安里新埔六街77號10樓之3,陳玟臻,4000000,,115/06/17,股東出資轉讓修正章程,ZZ99999 除許可業務外，得經營法令非禁止或限制之業務,桃園市,變更,11506
89683055,寶結實業股份有限公司,桃園市桃園區中寧里大興西路二段六號十四樓之四,謝志遠,29800000,,115/06/12,一般補正案,C301010 紡紗業；C302010 織布業；F401010 國際貿易業；C305010 印染整理業；ZZ99999 除許可業務外，得經營法令非禁止或限制之業務,桃園市,變更,11506
89701976,麗馨清潔事業有限公司,桃園市中壢區普強里環中東路2段52號,鄭燕玲,15000000,,115/06/29,股東出資轉讓修正章程,J101010 建築物清潔服務業；J101030 廢棄物清除業。；F207030 清潔用品零售業。；A102050 作物栽培服務業；I503010 景觀、室內設計業。；F213080 機械器具零售業。；J101050 環境檢測服務業。；E801010 室內裝潢業。；E801020 門窗安裝工程業。；E801030 室內輕鋼架工程業。,桃園市,變更,11506
89899082,欣瑞室內裝修工程有限公司,桃園市中壢區永光里民權路三段156巷70號（1樓）,呂瑞凰,5000000,,115/06/01,公司所在地,E801060 室內裝修業；E801010 室內裝潢業；E603090 照明設備安裝工程業；E801030 室內輕鋼架工程業；E801020 門窗安裝工程業；E801040 玻璃安裝工程業；I503010 景觀、室內設計業；F106010 五金批發業；F120010 耐火材料批發業；F211010 建材零售業,桃園市,變更,11506
89921943,川稷有限公司,桃園市龜山區復興一路360號,程含杶,23800000,,115/06/29,股東出資轉讓修正章程,F201010 農產品零售業；F203010 食品什貨、飲料零售業；F203020 菸酒零售業；F204110 布疋、衣著、鞋、帽、傘、服飾品零售業；F205040 家具、寢具、廚房器具、裝設品零售業；F206010 五金零售業；F206020 日常用品零售業；F207030 清潔用品零售業；F218010 資訊軟體零售業；F301020 超級市場業,桃園市,變更,11506
90003909,前電科創股份有限公司,桃園市龍潭區龍園五路28號,Rahul Bhargava,1553600000,,115/06/24,減資,CC01080 電子零組件製造業；F401010 國際貿易業；CC01020 電線及電纜製造業研究、設計、開發、製造及銷售下列產品或服務：極細導線（Ultra thin litz wire）,桃園市,變更,11506
90011507,筑囿室內裝修有限公司,桃園市桃園區同安里中正路1092號10樓,楊婕妤,2000000,,115/06/11,增資,E801060 室內裝修業；E801010 室內裝潢業；E801040 玻璃安裝工程業；E801020 門窗安裝工程業；E801070 廚具、衛浴設備安裝工程業；E801030 室內輕鋼架工程業；E901010 油漆工程業；E903010 防蝕、防銹工程業；JA02990 其他修理業；J601010 藝文服務業,桃園市,變更,11506
90016215,本和事業有限公司,桃園市龜山區牛角坡路276號15樓之1,黃聖評,300000,,115/06/17,申登機關變更（遷入，含卷）,H201010 一般投資業,桃園市,變更,11506
90025328,豐川綠能科技股份有限公司,桃園市新屋區永安里永福路281號,葉惠青,130000000,,115/06/15,經理人變更,J101060 廢（污）水處理業；J101030 廢棄物清除業；J101040 廢棄物處理業；J101050 環境檢測服務業；J101080 資源回收業；D101060 再生能源自用發電設備業；D101011 發電業；ZZ99999 除許可業務外，得經營法令非禁止或限制之業務,桃園市,變更,11506
90025426,眾福田有限公司,桃園市中壢區青航里領航南路三段301號13樓,林惠珍,2000000,,115/06/02,公司所在地,F102170 食品什貨批發業；E801010 室內裝潢業；E599010 配管工程業；E901010 油漆工程業；EZ99990 其他工程業；H201010 一般投資業；H703090 不動產買賣業；F401010 國際貿易業；I401010 一般廣告服務業；IZ12010 人力派遣業,桃園市,變更,11506
90028839,美強生廣告有限公司,桃園市中壢區元化路226號10樓,劉義生,300000,,115/06/24,公司所在地,I401010 一般廣告服務業；IZ01010 影印業；IZ03010 剪報業；IZ10010 排版業；C701010 印刷業；F104110 布疋、衣著、鞋、帽、傘、服飾品批發業；F204110 布疋、衣著、鞋、帽、傘、服飾品零售業；IZ99990 其他工商服務業；J601010 藝文服務業；J602010 演藝活動業,桃園市,變更,11506
90054815,境拓科技股份有限公司,桃園市八德區廣興路601巷20弄9號,卓俊宏,4150000,,115/06/04,一般補正案,I301010 資訊軟體服務業；F399040 無店面零售業；J404010 動畫影片製作業；J305010 有聲出版業；I503010 景觀、室內設計業；I504010 花藝設計業；J399010 軟體出版業；I301020 資料處理服務業；CC01110 電腦及其週邊設備製造業；I301030 電子資訊供應服務業,桃園市,變更,11506
90055005,頂富生技股份有限公司,桃園市龜山區明興街33號(1樓),高立龍,1000000,,115/06/03,公司所在地,F102170 食品什貨批發業；F102180 酒精批發業；F104110 布疋、衣著、鞋、帽、傘、服飾品批發業；F105050 家具、寢具、廚房器具、裝設品批發業；F106010 五金批發業；F106020 日常用品批發業；F106030 模具批發業；F106060 寵物食品及其用品批發業；F106070 祭祀用品批發業；F107030 清潔用品批發業,桃園市,變更,11506
90061528,摩蔬大溪股份有限公司,桃園市大溪區福安里慈康路698巷36號,周慶安,43500000,,115/06/09,發行新股,A101020 農作物栽培業；A101030 特用作物栽培業；A101040 食用菌菇類栽培業；A101050 花卉栽培業；A102020 農產品整理業；A102050 作物栽培服務業；A301030 水產養殖業；F101050 水產品批發業；F101100 花卉批發業；F101130 蔬果批發業,桃園市,變更,11506
90072855,啟榕國際有限公司,桃園市中壢區中北路二段226號(1、2樓),陳厚君,1500000,,115/06/26,公司所在地,F104110 布疋、衣著、鞋、帽、傘、服飾品批發業；F204110 布疋、衣著、鞋、帽、傘、服飾品零售業；F114030 汽、機車零件配備批發業；F214030 汽、機車零件配備零售業；I501010 產品設計業；I502010 服飾設計業；I401010 一般廣告服務業；I401020 廣告傳單分送業；F102170 食品什貨批發業；F203010 食品什貨、飲料零售業,桃園市,變更,11506
90081974,卓木股份有限公司,桃園市中壢區西園路109號,林文東,29928000,,115/06/05,發行新股,H201010 一般投資業；H703100 不動產租賃業；ZZ99999 除許可業務外，得經營法令非禁止或限制之業務,桃園市,變更,11506
90099496,德樸建設股份有限公司,桃園市桃園區瑞慶里中正路1351號8樓,黃敦修,170000000,,115/06/29,改選董事/監察人(一人法人股東指派董事/監察人),H701010 住宅及大樓開發租售業；H701020 工業廠房開發租售業；H701050 投資興建公共建設業；H701060 新市鎮、新社區開發業；H701070 區段徵收及市地重劃代辦業；H701080 都市更新重建業；H701090 都市更新整建維護業；H703090 不動產買賣業；H703100 不動產租賃業；H201010 一般投資業,桃園市,變更,11506
90099572,仁萱健康管理顧問有限公司,桃園市大園區中華路2號3樓,黃香萱,6000000,,115/06/08,一般補正案,I103060 管理顧問業；I199990 其他顧問服務業；H703100 不動產租賃業；F108031 醫療器材批發業；ZZ99999 除許可業務外，得經營法令非禁止或限制之業務,桃園市,變更,11506
90099664,程翔開發建設有限公司,桃園市桃園區福山街42巷3號,郭玟君,50000000,,115/06/01,改推董事/董事長,H701010 住宅及大樓開發租售業；H701020 工業廠房開發租售業；H701050 投資興建公共建設業；H701060 新市鎮、新社區開發業；H701070 區段徵收及市地重劃代辦業；H701090 都市更新整建維護業；H702010 建築經理業；H703090 不動產買賣業；H703100 不動產租賃業；H703110 老人住宅業,桃園市,變更,11506
90099720,瓦力室內裝修有限公司,桃園市桃園區中寧里中正路985號7樓,楊子成,1000000,,115/06/23,公司名稱變更修正章程,E801010 室內裝潢業；E801020 門窗安裝工程業；E801030 室內輕鋼架工程業；E801040 玻璃安裝工程業；E801070 廚具、衛浴設備安裝工程業；E603090 照明設備安裝工程業；E599010 配管工程業；E901010 油漆工程業；E903010 防蝕、防銹工程業；EZ99990 其他工程業,桃園市,變更,11506
90102491,上銀工程有限公司,桃園市楊梅區新明街101巷11號2樓,曾增興,200000,,115/06/03,股東出資轉讓修正章程,E502010 燃料導管安裝工程業；E599010 配管工程業；E601010 電器承裝業；E601020 電器安裝業；E603010 電纜安裝工程業；E603040 消防安全設備安裝工程業；E603050 自動控制設備工程業；E603090 照明設備安裝工程業；E603100 電焊工程業；E604010 機械安裝業,桃園市,變更,11506
90104575,龍大生活有限公司,桃園市中壢區延平路500號12樓之2,黃寶珠,80000,,115/06/22,股東出資轉讓修正章程,I301010 資訊軟體服務業；I301020 資料處理服務業；I301030 電子資訊供應服務業；ZZ99999 除許可業務外，得經營法令非禁止或限制之業務,桃園市,變更,11506
90108994,春暉生技文創股份有限公司,桃園市龜山區大湖里文化三路63號地下一層之2,藍志豐,25000000,,115/06/29,一般補正案,I103060 管理顧問業；I501010 產品設計業；JZ99050 仲介服務業；I102010 一般投資顧問業；F106070 祭祀用品批發業；IZ99990 其他工商服務業；F401010 國際貿易業；H703100 不動產租賃業；HZ99990 其他金融、保險及不動產業；J601010 藝文服務業,桃園市,變更,11506
90109179,謙悅興業有限公司,桃園市中壢區新街里元化路226號7樓,高儀雄,5000000,,115/06/26,公司所營事業變更修正章程,F106010 五金批發業；F113010 機械批發業；F113030 精密儀器批發業；F113050 電腦及事務性機器設備批發業；F113090 交通標誌器材批發業；F118010 資訊軟體批發業；F119010 電子材料批發業；F401010 國際貿易業；I102010 投資顧問業；I103060 管理顧問業,桃園市,變更,11506
90109728,彩盛工程有限公司,桃園市蘆竹區大新路814巷155號(3樓),顧家瑋,1000000,,115/06/22,公司所在地,E801010 室內裝潢業；I503010 景觀、室內設計業；E901010 油漆工程業；F107010 漆料、塗料批發業；E801020 門窗安裝工程業；E601010 電器承裝業；E603090 照明設備安裝工程業；E599010 配管工程業；E801030 室內輕鋼架工程業；E801040 玻璃安裝工程業,桃園市,變更,11506
90110226,帝旭開發建設有限公司,桃園市桃園區中平里中平路77巷22號4樓之6,陳嘉慶,1000000,,115/06/23,股東出資轉讓修正章程,E599010 配管工程業；E603040 消防安全設備安裝工程業；E603090 照明設備安裝工程業；E604010 機械安裝業；E801010 室內裝潢業；E801020 門窗安裝工程業；E801030 室內輕鋼架工程業；E801040 玻璃安裝工程業；E801070 廚具、衛浴設備安裝工程業；E901010 油漆工程業,桃園市,變更,11506
90121693,和睦工程有限公司,桃園市中壢區華勛里華勛街425號1樓,李作鵬,2000000,,115/06/16,公司所在地,E801010 室內裝潢業；E801020 門窗安裝工程業；E801030 室內輕鋼架工程業；E801040 玻璃安裝工程業；E801070 廚具、衛浴設備安裝工程業；E901010 油漆工程業；E601020 電器安裝業；E603040 消防安全設備安裝工程業；E603050 自動控制設備工程業；E603090 照明設備安裝工程業,桃園市,變更,11506
90132973,泓熹國際實業有限公司,桃園市蘆竹區內厝里長興路一段205巷32號四樓,王信評,3000000,,115/06/08,一般補正案,H201010 一般投資業；H703090 不動產買賣業；H703100 不動產租賃業；F106020 日常用品批發業；F206020 日常用品零售業；ZZ99999 除許可業務外，得經營法令非禁止或限制之業務；I102010 投資顧問業；I103060 管理顧問業；H701010 住宅及大樓開發租售業；H701020 工業廠房開發租售業,桃園市,變更,11506
90133635,合碩投資控股股份有限公司,桃園市中壢區三民里三樂二街13號,吳璿豪,51000000,,115/06/02,公司所在地,H201010 一般投資業；ZZ99999 除許可業務外，得經營法令非禁止或限制之業務,桃園市,變更,11506
90135269,龍鉦交通有限公司,桃園市桃園區大興西路2段190巷6號3樓,呂秀鳯,25000000,,115/06/05,股東出資轉讓修正章程,G101061 汽車貨運業；G202010 停車場經營業；G799990 其他運輸輔助業；G801010 倉儲業；C901030 水泥製造業；C901040 預拌混凝土製造業；C901050 水泥及混凝土製品製造業；F111090 建材批發業；F114010 汽車批發業；F114030 汽、機車零件配備批發業,桃園市,變更,11506
90138955,珺翌國際有限公司,桃園市桃園區福元里民富二街21號14樓,温令明,500000,,115/06/11,公司所在地,F102170 食品什貨批發業；F106020 日常用品批發業；F108040 化粧品批發業；F203010 食品什貨、飲料零售業；F206020 日常用品零售業；F208040 化粧品零售業；F399040 無店面零售業；F401010 國際貿易業；ZZ99999 除許可業務外，得經營法令非禁止或限制之業務；F601010 智慧財產權業,桃園市,變更,11506
90139434,侑朋企業有限公司,桃園市平鎮區東勢里金龍路190巷56號(2樓),曹炳貴,2000000,,115/06/10,股東出資轉讓修正章程,CA02990 其他金屬製品製造業；CA01050 鋼材二次加工業；E801020 門窗安裝工程業；F111090 建材批發業；F106010 五金批發業；F120010 耐火材料批發業；EZ99990 其他工程業；F199990 其他批發業；F401010 國際貿易業；ZZ99999 除許可業務外，得經營法令非禁止或限制之業務,桃園市,變更,11506
90139666,宏谷建設股份有限公司,桃園市桃園區春日路1094號(1樓),李登農,36000000,,115/06/17,董事/監察人持股變動報備,H701010 住宅及大樓開發租售業；H701020 工業廠房開發租售業；H703090 不動產買賣業；H703100 不動產租賃業；E801010 室內裝潢業；I503010 景觀、室內設計業；F401010 國際貿易業；ZZ99999 除許可業務外，得經營法令非禁止或限制之業務,桃園市,變更,11506
90140100,泓芯有限公司,桃園市桃園區復興路51之2號10樓之1,陳彤莉,500000,,115/06/25,公司所在地,F107030 清潔用品批發業；F207030 清潔用品零售業；I103060 管理顧問業；I199990 其他顧問服務業；IZ12010 人力派遣業；IZ99990 其他工商服務業；HZ99990 其他金融、保險及不動產業；JZ99990 未分類其他服務業；J202010 產業育成業；F108040 化粧品批發業,桃園市,變更,11506
90154841,同心健康股份有限公司,桃園市楊梅區永美路333號(3樓),劉培媛,5000000,,115/06/26,董事/監察人持股變動報備,F102040 飲料批發業；F102170 食品什貨批發業；F102180 酒精批發業；F104110 布疋、衣著、鞋、帽、傘、服飾品批發業；F105050 家具、寢具、廚房器具、裝設品批發業；F106010 五金批發業；F106020 日常用品批發業；F107030 清潔用品批發業；F107080 環境用藥批發業；F108011 中藥批發業,桃園市,變更,11506
90156186,來嘉有限公司,桃園市桃園區同安里新埔六街77號9樓之5,張力祥,69000,,115/06/29,股東出資轉讓修正章程,CA03010 熱處理業；CA04010 表面處理業；E599010 配管工程業；E601020 電器安裝業；E603100 電焊工程業；E604010 機械安裝業；EZ03010 鎔爐安裝業；F106010 五金批發業；F113010 機械批發業；F113030 精密儀器批發業,桃園市,變更,11506
90159233,合全積木機電系統科技股份有限公司,桃園市龜山區頂湖路9號1樓,談子暢,10000000,,115/06/16,補選董事(常務董事.董事長)/監察人,E601010 電器承裝業；E603010 電纜安裝工程業；E603040 消防安全設備安裝工程業；E603050 自動控制設備工程業；E603090 照明設備安裝工程業；E603100 電焊工程業；E603110 冷作工程業；E604010 機械安裝業；E605010 電腦設備安裝業；E606010 用電設備檢驗維護業,桃園市,變更,11506
90160479,百伸工程有限公司,桃園市桃園區民安路112之3號,蕭文源,100000,,115/06/18,減資,E801010 室內裝潢業；E801030 室內輕鋼架工程業；E901010 油漆工程業；EZ02010 起重工程業；E603010 電纜安裝工程業；E603020 電梯安裝工程業；E603040 消防安全設備安裝工程業；E903010 防蝕、防銹工程業；E603090 照明設備安裝工程業；E603100 電焊工程業,桃園市,變更,11506
90162379,青冠科技有限公司,桃園市龜山區舊路里振興路795巷27之11號(1樓),江泰霖,10000000,,115/06/26,公司所營事業變更修正章程,A102080 園藝服務業；CA01990 其他非鐵金屬基本工業；CA02010 金屬結構及建築組件製造業；CA02990 其他金屬製品製造業；CB01010 機械設備製造業；CB01990 其他機械製造業；CC01010 發電、輸電、配電機械製造業；CC01030 電器及視聽電子產品製造業；E502010 燃料導管安裝工程業；E599010 配管工程業,桃園市,變更,11506
90197095,翊滄起重工程有限公司,桃園市龜山區萬壽路二段660巷3號,李翊銘,500000,,115/06/03,一般補正案,C901050 水泥及混凝土製品製造業；E599010 配管工程業；E601020 電器安裝業；E603010 電纜安裝工程業；E603020 電梯安裝工程業；E603050 自動控制設備工程業；E604010 機械安裝業；E801010 室內裝潢業；E801020 門窗安裝工程業；E801030 室內輕鋼架工程業,桃園市,變更,11506
90202843,寶鼎再生水股份有限公司,桃園市蘆竹區南青路838號,林榮顯,1345000000,,115/06/05,改派董事/監察人,D101060 再生能源自用發電設備業；D601011 再生水經營業；E599010 配管工程業；E603040 消防安全設備安裝工程業；E603050 自動控制設備工程業；E604010 機械安裝業；EZ05010 儀器、儀表安裝工程業；F107050 肥料批發業；F113100 污染防治設備批發業；F401010 國際貿易業,桃園市,變更,11506
90253167,全謙有限公司,桃園市桃園區寶民里民有五街133號6樓,張舜翔,100000,,115/06/08,公司所在地,E801010 室內裝潢業；E801030 室內輕鋼架工程業；F105050 家具、寢具、廚房器具、裝設品批發業；F111090 建材批發業；F213080 機械器具零售業；F399040 無店面零售業；F401010 國際貿易業；H703100 不動產租賃業；H703110 老人住宅業；I501010 產品設計業,桃園市,變更,11506
90303912,典樺工程有限公司,桃園市中壢區三民里環西路二段47號(1樓),呂素華,1000000,,115/06/15,一般補正案,E102011 土木包工業；E801010 室內裝潢業；I503010 景觀、室內設計業；E603090 照明設備安裝工程業；E601010 電器承裝業；E601020 電器安裝業；E599010 配管工程業；E801020 門窗安裝工程業；E801030 室內輕鋼架工程業；E801040 玻璃安裝工程業,桃園市,變更,11506
90304551,慶功股份有限公司,桃園市桃園區同安里藝文一街86之6號17樓,葉惠玉,5000000,,115/06/24,一般補正案,H201010 一般投資業；ZZ99999 除許可業務外，得經營法令非禁止或限制之業務,桃園市,變更,11506
90311547,歐耶旅行社有限公司,桃園市平鎮區民族路雙連二段12號(1樓),葉時政,6000000,,115/06/02,股東出資轉讓修正章程,J902011 旅行業,桃園市,變更,11506
90311645,長家國際食品股份有限公司,桃園市蘆竹區長興路四段63號,柯金成,300000000,,115/06/25,補選董事(常務董事.董事長)/監察人,C103050 罐頭、冷凍、脫水及醃漬食品製造業；C104020 烘焙炊蒸食品製造業；C199010 麵條、粉條類食品製造業；C199030 即食餐食製造業；C199990 未分類其他食品製造業；F401010 國際貿易業；ZZ99999 除許可業務外，得經營法令非禁止或限制之業務,桃園市,變更,11506
90312118,旺弘鑫有限公司,桃園市桃園區龍祥里國強二街299巷2弄11號,余俊達,5000000,,115/06/17,一般補正案,F102030 菸酒批發業；F102040 飲料批發業；F102050 茶葉批發業；F102170 食品什貨批發業；F102180 酒精批發業；F109070 文教、樂器、育樂用品批發業；F121010 食品添加物批發業；F201010 農產品零售業；F201020 畜產品零售業；F201030 水產品零售業,桃園市,變更,11506
90316070,元生活有限公司,桃園市中壢區圓光路二段500號,劉立宏,4000000,,115/06/25,增資,F201010 農產品零售業；F201020 畜產品零售業；F201030 水產品零售業；F203010 食品什貨、飲料零售業；F203020 菸酒零售業；F203030 酒精零售業；F399040 無店面零售業；F401010 國際貿易業；F501030 飲料店業；F501060 餐館業,桃園市,變更,11506
90316233,佳祐企業有限公司,桃園市新屋區石磊里三民路二段3巷56號（1樓）,鍾秉成,100000,,115/06/01,公司所在地,F111090 建材批發業；EZ99990 其他工程業；EZ02010 起重工程業；F114020 機車批發業；ZZ99999 除許可業務外，得經營法令非禁止或限制之業務,桃園市,變更,11506
90317021,瑞尚電子有限公司,桃園市蘆竹區長興路二段72巷31號6樓,呂瑋銘,1000000,,115/06/22,公司所在地,F401010 國際貿易業；F219010 電子材料零售業；F399040 無店面零售業；F113020 電器批發業；F113030 精密儀器批發業；F113050 電腦及事務性機器設備批發業；F113070 電信器材批發業；F119010 電子材料批發業；F213010 電器零售業；F213030 電腦及事務性機器設備零售業,桃園市,變更,11506
90326197,定源智能股份有限公司,桃園市桃園區建國路312巷142號(1樓),陳東揚,2000000,,115/06/04,一般補正案,E605010 電腦設備安裝業；F113050 電腦及事務性機器設備批發業；F113070 電信器材批發業；F118010 資訊軟體批發業；F213030 電腦及事務性機器設備零售業；F213060 電信器材零售業；F218010 資訊軟體零售業；F401010 國際貿易業；I301010 資訊軟體服務業；I301020 資料處理服務業,桃園市,變更,11506
90327512,同心文化有限公司,桃園市蘆竹區福興里奉化路148之2號5樓,童自頡,1000000,,115/06/10,增資,F102030 菸酒批發業；F102040 飲料批發業；F102170 食品什貨批發業；F104110 布疋、衣著、鞋、帽、傘、服飾品批發業；F105050 家具、寢具、廚房器具、裝設品批發業；F106020 日常用品批發業；F109070 文教、樂器、育樂用品批發業；F199990 其他批發業；F203010 食品什貨、飲料零售業；F203020 菸酒零售業,桃園市,變更,11506
90328147,亞太領峰國際股份有限公司,桃園市中壢區內定里內定十八街212之1號,張文益,500000,,115/06/10,改選董事/監察人(一人法人股東指派董事/監察人),F102170 食品什貨批發業；F106050 陶瓷玻璃器皿批發業；F108040 化粧品批發業；F111090 建材批發業；F115020 礦石批發業；F120010 耐火材料批發業；F199010 回收物料批發業；F203010 食品什貨、飲料零售業；F208040 化粧品零售業；F208050 乙類成藥零售業,桃園市,變更,11506
90328548,元元數位有限公司,桃園市中壢區健行里健行路169號六樓,謝祥君,500000,,115/06/08,公司所在地,F104110 布疋、衣著、鞋、帽、傘、服飾品批發業；F108040 化粧品批發業；F204110 布疋、衣著、鞋、帽、傘、服飾品零售業；F208040 化粧品零售業；F399040 無店面零售業；F401010 國際貿易業；I301010 資訊軟體服務業；I301020 資料處理服務業；I301030 電子資訊供應服務業；JE01010 租賃業,桃園市,變更,11506
90328625,安成環球國際股份有限公司,桃園市平鎮區清泉街36號,馮應傑,73000000,,115/06/08,增資(資本總額),G801010 倉儲業；IZ06010 理貨包裝業；G799990 其他運輸輔助業；F401010 國際貿易業；IZ12010 人力派遣業；ZZ99999 除許可業務外，得經營法令非禁止或限制之業務；H701010 住宅及大樓開發租售業；H701020 工業廠房開發租售業；H701050 投資興建公共建設業；H701060 新市鎮、新社區開發業,桃園市,變更,11506
90332022,正禾裝潢有限公司,桃園市桃園區南平路110巷10號五樓,孫紹綸,1500000,,115/06/04,公司所在地,JE01010 租賃業；H703100 不動產租賃業；I103060 管理顧問業；F209060 文教、樂器、育樂用品零售業；F109070 文教、樂器、育樂用品批發業；F401010 國際貿易業；F114010 汽車批發業；F114050 車胎批發業；F106020 日常用品批發業；F214010 汽車零售業,桃園市,變更,11506
90332091,豪大車業有限公司,桃園市八德區永豐路517號(1樓),關伯豪,1550000,,115/06/12,一般補正案,F214030 汽、機車零件配備零售業；JA02020 機車修理業；IZ99990 其他工商服務業；F214020 機車零售業；F114030 汽、機車零件配備批發業；F114020 機車批發業；ZZ99999 除許可業務外，得經營法令非禁止或限制之業務,桃園市,變更,11506
90336272,同心光杏股份有限公司,桃園市楊梅區永美路339號(2樓),姜博文,8000000,,115/06/26,董事/監察人持股變動報備,F102040 飲料批發業；F102170 食品什貨批發業；F102180 酒精批發業；F104110 布疋、衣著、鞋、帽、傘、服飾品批發業；F105050 家具、寢具、廚房器具、裝設品批發業；F106010 五金批發業；F106020 日常用品批發業；F107030 清潔用品批發業；F107080 環境用藥批發業；F108011 中藥批發業,桃園市,變更,11506
90336569,翠峰精品行銷有限公司,桃園市桃園區中山里中平路102號11樓之2,游侑霖,3000000,,115/06/15,增資,F105050 家具、寢具、廚房器具、裝設品批發業；F106010 五金批發業；F106020 日常用品批發業；F107030 清潔用品批發業；F108040 化粧品批發業；F113020 電器批發業；F113050 電腦及事務性機器設備批發業；F114030 汽、機車零件配備批發業；F115010 首飾及貴金屬批發業；F118010 資訊軟體批發業,桃園市,變更,11506
90339812,印熊食品有限公司,桃園市龜山區樂善二路215號21樓,熊棟昌,500000,,115/06/10,經理人解任,F401010 國際貿易業；F102170 食品什貨批發業；F203010 食品什貨、飲料零售業；F106020 日常用品批發業；F206020 日常用品零售業；F399990 其他綜合零售業；F399040 無店面零售業；F299990 其他零售業；C103050 罐頭、冷凍、脫水及醃漬食品製造業；C104020 烘焙炊蒸食品製造業,桃園市,變更,11506
90343702,旅館達人有限公司,桃園市平鎮區復興里環南路18號11樓之3,李文惠,500000,,115/06/16,公司所在地,IZ99990 其他工商服務業；JZ99990 未分類其他服務業；J799990 其他休閒服務業；I199990 其他顧問服務業；IZ12010 人力派遣業；J601010 藝文服務業；J901020 一般旅館業；J903020 登山嚮導業；JB01010 會議及展覽服務業；JE01010 租賃業,桃園市,變更,11506
90357445,亨鍀工程有限公司,桃園市桃園區中正路1092號25樓,陳辳鍀,10000000,,115/06/24,增資,F106010 五金批發業；F106030 模具批發業；F111090 建材批發業；F206010 五金零售業；I103060 管理顧問業；I503010 景觀、室內設計業；IZ12010 人力派遣業；EZ99990 其他工程業；J101010 建築物清潔服務業；ZZ99999 除許可業務外，得經營法令非禁止或限制之業務,桃園市,變更,11506
90357677,芙芮亞國際有限公司,桃園市桃園區大有里大有路379之5號1樓,張家源,3000000,,115/06/02,公司所營事業變更修正章程,F104110 布疋、衣著、鞋、帽、傘、服飾品批發業；F108040 化粧品批發業；F102170 食品什貨批發業；F121010 食品添加物批發業；F203010 食品什貨、飲料零售業；F204110 布疋、衣著、鞋、帽、傘、服飾品零售業；F208040 化粧品零售業；F208050 乙類成藥零售業；F221010 食品添加物零售業；F399040 無店面零售業,桃園市,變更,11506
90370974,擴境國際有限公司,桃園市中壢區環北路400號16樓之8,卓聖逸,2000000,,115/06/11,申登機關變更（遷入，含卷）,F113010 機械批發業；F113100 污染防治設備批發業；F113990 其他機械器具批發業；F113030 精密儀器批發業；F213040 精密儀器零售業；F117010 消防安全設備批發業；F213080 機械器具零售業；F217010 消防安全設備零售業；F401010 國際貿易業；F401091 槍砲彈藥刀械輸出入業,桃園市,變更,11506
90406380,禾畯社會企業有限公司,桃園市中壢區國泰街72號4樓,董秩維,1000000,,115/06/15,公司印鑑變更,I102010 投資顧問業；JD01010 工商徵信服務業；IZ12010 人力派遣業；HZ99990 其他金融、保險及不動產業；I103060 管理顧問業；I199990 其他顧問服務業；JZ99990 未分類其他服務業；IC01010 藥品檢驗業；ZZ99999 除許可業務外，得經營法令非禁止或限制之業務,桃園市,變更,11506
90421896,決對值廣告有限公司,桃園市桃園區慈文路805號19樓,邱瑞瑩,1000000,,115/06/30,公司所在地,H703090 不動產買賣業；H703100 不動產租賃業；I401010 一般廣告服務業；I401020 廣告傳單分送業；I503010 景觀、室內設計業；I599990 其他設計業；F401010 國際貿易業；E801010 室內裝潢業；F111090 建材批發業；ZZ99999 除許可業務外，得經營法令非禁止或限制之業務,桃園市,變更,11506
90426674,潤灃國際有限公司,桃園市中壢區仁和里仁德五街21號,程婉芝,1000000,,115/06/16,公司名稱變更修正章程,F102170 食品什貨批發業；F203010 食品什貨、飲料零售業；C104020 烘焙炊蒸食品製造業；F399040 無店面零售業；ZZ99999 除許可業務外，得經營法令非禁止或限制之業務,桃園市,變更,11506
90427224,一荃順國際物流股份有限公司,桃園市蘆竹區五福六路71巷22號,杜儀宸,10800000,,115/06/25,變更組織,G402011 海運承攬運送業；G601011 航空貨運承攬業；G701011 報關業；G801010 倉儲業；IZ06010 理貨包裝業；F401010 國際貿易業；I301010 資訊軟體服務業；I301020 資料處理服務業；I301030 電子資訊供應服務業；ZZ99999 除許可業務外，得經營法令非禁止或限制之業務,桃園市,變更,11506
90460790,艾睿巴迪有限公司,桃園市平鎮區大昌路55巷14號5樓,黃昱閎,1100000,,115/06/08,一般補正案,F204110 布疋、衣著、鞋、帽、傘、服飾品零售業；F104110 布疋、衣著、鞋、帽、傘、服飾品批發業；F208040 化粧品零售業；F108040 化粧品批發業；F206020 日常用品零售業；F106020 日常用品批發業；F218010 資訊軟體零售業；F118010 資訊軟體批發業；F299990 其他零售業；F199990 其他批發業,桃園市,變更,11506
90467371,晶成材料股份有限公司,桃園市蘆竹區瓦窯里南山路一段108巷2號,劉明怡,590000000,,115/06/12,減資,CC01080 電子零組件製造業；CC01990 其他電機及電子機械器材製造業；F106010 五金批發業；F206010 五金零售業；F113020 電器批發業；F213010 電器零售業；F113030 精密儀器批發業；F213040 精密儀器零售業；F113070 電信器材批發業；F213060 電信器材零售業,桃園市,變更,11506
90476651,立浩實業有限公司,桃園市蘆竹區南興里榮興路54號6樓,周新喜,10000000,,115/06/12,增資,F113020 電器批發業；F213010 電器零售業；F119010 電子材料批發業；F219010 電子材料零售業；F114040 自行車及其零件批發業；F214040 自行車及其零件零售業；F114990 其他交通運輸工具及其零件批發業；F214990 其他交通運輸工具及其零件零售業；F109070 文教、樂器、育樂用品批發業；F209060 文教、樂器、育樂用品零售業,桃園市,變更,11506
90477005,稻鄉村複合式餐廳有限公司,桃園市龜山區忠義路二段118巷69號,劉泔炫,400000,,115/06/25,股東出資轉讓修正章程,F501060 餐館業；F501990 其他餐飲業；F203010 食品什貨、飲料零售業；F501030 飲料店業；F203020 菸酒零售業；ZZ99999 除許可業務外，得經營法令非禁止或限制之業務,桃園市,變更,11506
90477146,訊田股份有限公司,桃園市楊梅區環東路150巷32號,謝蓓眞,29000000,,115/06/01,減資,CB01010 機械設備製造業；CE01990 其他光學及精密器械製造業；E604010 機械安裝業；F102040 飲料批發業；F102170 食品什貨批發業；F113010 機械批發業；F113020 電器批發業；F113990 其他機械器具批發業；F119010 電子材料批發業；F203010 食品什貨、飲料零售業,桃園市,變更,11506
90478052,茂瑞投資股份有限公司,桃園市蘆竹區中福里文中路1段133號3樓,林佑信,30100000,,115/06/10,一般補正案,H201010 一般投資業,桃園市,變更,11506
90478503,康悅藥品股份有限公司,桃園市桃園區文中里正光路423之11號15樓,劉靜怡,5550000,,115/06/09,修正章程,F102040 飲料批發業；F102050 茶葉批發業；F102170 食品什貨批發業；F106040 水器材料批發業；F107030 清潔用品批發業；F108021 西藥批發業；F108031 醫療器材批發業；F108040 化粧品批發業；F113020 電器批發業；F113030 精密儀器批發業,桃園市,變更,11506
90479192,光璉國際股份有限公司,桃園市蘆竹區中福里文中路一段133號3樓,林佑信,30000000,,115/06/12,一般補正案,G202010 停車場經營業；H701010 住宅及大樓開發租售業；H701020 工業廠房開發租售業；H701040 特定專業區開發業；H701050 投資興建公共建設業；H701060 新市鎮、新社區開發業；H701070 區段徵收及市地重劃代辦業；H701080 都市更新重建業；H701090 都市更新整建維護業；H702010 建築經理業,桃園市,變更,11506
90479806,德鐿建設股份有限公司,桃園市桃園區瑞慶里中正路1351號9樓,劉佩瑜,56000000,,115/06/10,增資(資本總額),E603090 照明設備安裝工程業；E801010 室內裝潢業；E801020 門窗安裝工程業；E801070 廚具、衛浴設備安裝工程業；E901010 油漆工程業；F105050 家具、寢具、廚房器具、裝設品批發業；F106010 五金批發業；F106040 水器材料批發業；F106050 陶瓷玻璃器皿批發業；F111090 建材批發業,桃園市,變更,11506
90480043,羿品系統傢俱有限公司,桃園市桃園區成功路二段167之5號(1樓),林裕欽,1000000,,115/06/08,增資,E801010 室內裝潢業；E801020 門窗安裝工程業；E801030 室內輕鋼架工程業；E801040 玻璃安裝工程業；E801070 廚具、衛浴設備安裝工程業；E901010 油漆工程業；F105050 家具、寢具、廚房器具、裝設品批發業；F106020 日常用品批發業；F111090 建材批發業；F205040 家具、寢具、廚房器具、裝設品零售業,桃園市,變更,11506
90480557,欣翔和實業有限公司,桃園市蘆竹區南崁路一段99號2樓之4,黃婷婷,1000000,,115/06/08,公司所在地,IZ06010 理貨包裝業；I301040 第三方支付服務業；IZ12010 人力派遣業；I103060 管理顧問業；G801010 倉儲業；G799990 其他運輸輔助業；ZZ99999 除許可業務外，得經營法令非禁止或限制之業務,桃園市,變更,11506
90485053,貝軒堤生技國際有限公司,桃園市平鎮區金星里南京路205號,羅偉倫,20000000,,115/06/04,公司所營事業變更修正章程,F101050 水產品批發業；F102040 飲料批發業；F102050 茶葉批發業；F102170 食品什貨批發業；F104110 布疋、衣著、鞋、帽、傘、服飾品批發業；F105050 家具、寢具、廚房器具、裝設品批發業；F106010 五金批發業；F106020 日常用品批發業；F106060 寵物食品及其用品批發業；F107030 清潔用品批發業,桃園市,變更,11506
90536567,五聚國際企業有限公司,桃園市楊梅區福人路106巷11號(4樓),李岳霖,5500000,,115/06/26,一般補正案,F119010 電子材料批發業；F219010 電子材料零售業；F109070 文教、樂器、育樂用品批發業；F209060 文教、樂器、育樂用品零售業；F113050 電腦及事務性機器設備批發業；F213030 電腦及事務性機器設備零售業；F106010 五金批發業；F206010 五金零售業；F401010 國際貿易業；ZZ99999 除許可業務外，得經營法令非禁止或限制之業務,桃園市,變更,11506
90559630,品志科技有限公司,桃園市八德區大福里瑞泰街18號(1樓),陳建志,1000000,,115/06/10,董事/股東地址變更,E605010 電腦設備安裝業；F113020 電器批發業；F113030 精密儀器批發業；F113050 電腦及事務性機器設備批發業；F113070 電信器材批發業；F118010 資訊軟體批發業；F119010 電子材料批發業；F213010 電器零售業；F213030 電腦及事務性機器設備零售業；F213040 精密儀器零售業,桃園市,變更,11506
90559786,高醫股份有限公司,桃園市楊梅區永美路333號(2樓),劉培媛,27000000,,115/06/26,董事/監察人持股變動報備,H201010 一般投資業,桃園市,變更,11506
90560411,俐信科技有限公司,桃園市桃園區大明街25號,黃信彰,3000000,,115/06/22,增資,E601010 電器承裝業；E601020 電器安裝業；E603010 電纜安裝工程業；E603040 消防安全設備安裝工程業；E603050 自動控制設備工程業；E603080 交通號誌安裝工程業；E603090 照明設備安裝工程業；E603130 燃氣熱水器承裝業；E604010 機械安裝業；E605010 電腦設備安裝業,桃園市,變更,11506
90561100,睿俊有限公司,桃園市桃園區中正路1086號21樓,吳貞誼,51000000,,115/06/29,一般補正案,H201010 一般投資業；H202010 創業投資業；I102010 投資顧問業；ZZ99999 除許可業務外，得經營法令非禁止或限制之業務,桃園市,變更,11506
90561690,采洺股份有限公司,桃園市觀音區三和里保興路二段323巷85號（1樓）,謝澤欣,10000000,,115/06/29,減資,C805010 塑膠皮、布、板、管材製造業；C805020 塑膠膜、袋製造業；C805030 塑膠日用品製造業；F103010 飼料批發業；F105050 家具、寢具、廚房器具、裝設品批發業；F106030 模具批發業；F107010 漆料、塗料批發業；F107050 肥料批發業；F107190 塑膠膜、袋批發業；F111090 建材批發業,桃園市,變更,11506
90561777,智鑰科技有限公司,桃園市平鎮區環南路二段11號4樓,李宛儒,6000000,,115/06/16,減少所營事業變更修正章程,F113010 機械批發業；F113030 精密儀器批發業；F113050 電腦及事務性機器設備批發業；F119010 電子材料批發業；F118010 資訊軟體批發業；F108031 醫療器材批發業；F206020 日常用品零售業；F213030 電腦及事務性機器設備零售業；F213010 電器零售業；F218010 資訊軟體零售業,桃園市,變更,11506
90562023,武霖有限公司,桃園市中壢區五福里五光二街48號,陳建甫,1000000,,115/06/18,股東出資轉讓修正章程,H701010 住宅及大樓開發租售業；H701020 工業廠房開發租售業；H701050 投資興建公共建設業；H701060 新市鎮、新社區開發業；H701070 區段徵收及市地重劃代辦業；H701090 都市更新整建維護業；H703090 不動產買賣業；H703100 不動產租賃業；F105050 家具、寢具、廚房器具、裝設品批發業；F106010 五金批發業,桃園市,變更,11506
90562298,華泰名品城企業股份有限公司,桃園市中壢區青埔里春德路159、169、189號,陳炯福,100000000,,115/06/22,補選董事(常務董事.董事長)/監察人,E599010 配管工程業；E601020 電器安裝業；E603040 消防安全設備安裝工程業；E603050 自動控制設備工程業；E603090 照明設備安裝工程業；F101040 家畜家禽批發業；F101050 水產品批發業；F101130 蔬果批發業；F101990 其他農、畜、水產品批發業；F102170 食品什貨批發業,桃園市,變更,11506
90563796,森嶸電子股份有限公司,桃園市楊梅區中山北路一段199巷19號3樓,林正隆,80000000,,115/06/18,一般補正案,CB01010 機械設備製造業；CC01010 發電、輸電、配電機械製造業；CC01040 照明設備製造業；CC01080 電子零組件製造業；CC01120 資料儲存媒體製造及複製業；F113030 精密儀器批發業；F118010 資訊軟體批發業；F119010 電子材料批發業；F213040 精密儀器零售業；F218010 資訊軟體零售業,桃園市,變更,11506
90565909,世鈦有限公司,桃園市楊梅區福羚路232巷13號（1樓）,廖玉萍,200000,,115/06/22,公司所營事業變更修正章程,F107010 漆料、塗料批發業；F107020 染料、顏料批發業；F113010 機械批發業；F113020 電器批發業；F113030 精密儀器批發業；F119010 電子材料批發業；F401010 國際貿易業；F601010 智慧財產權業；I103060 管理顧問業；ZZ99999 除許可業務外，得經營法令非禁止或限制之業務,桃園市,變更,11506
90566055,創聯系統股份有限公司,桃園市中壢區新街里環北路398號5樓之6,何添祥,5000000,,115/06/10,公司所在地,F113050 電腦及事務性機器設備批發業；F118010 資訊軟體批發業；F119010 電子材料批發業；F399040 無店面零售業；I301010 資訊軟體服務業；E605010 電腦設備安裝業；I301030 電子資訊供應服務業；F113020 電器批發業；F113990 其他機械器具批發業；E603050 自動控制設備工程業,桃園市,變更,11506
90566225,永寶豐開發建設股份有限公司,桃園市中壢區龍慈里龍和一街249巷5號7樓,金曉梅,20000000,,115/06/22,改選董事/監察人(一人法人股東指派董事/監察人),H701010 住宅及大樓開發租售業；H701020 工業廠房開發租售業；H701050 投資興建公共建設業；H701060 新市鎮、新社區開發業；H701080 都市更新重建業；H703100 不動產租賃業；H703090 不動產買賣業；JZ99050 仲介服務業；ZZ99999 除許可業務外，得經營法令非禁止或限制之業務；I401010 一般廣告服務業,桃園市,變更,11506
90566858,安捷國際有限公司,桃園市桃園區信光里民生路796巷5號,翁德媛,3000000,,115/06/29,一般補正案,F114030 汽、機車零件配備批發業；F214030 汽、機車零件配備零售業；F106010 五金批發業；F206010 五金零售業；F106030 模具批發業；F206030 模具零售業；F199990 其他批發業；F299990 其他零售業；F401010 國際貿易業；ZZ99999 除許可業務外，得經營法令非禁止或限制之業務,桃園市,變更,11506
90566920,吉隆整合行銷國際有限公司,桃園市桃園區慈文里慈文路348巷10號（二樓）,王敏芳,5900000,,115/06/04,增資,E801010 室內裝潢業；EZ99990 其他工程業；F102050 茶葉批發業；F104110 布疋、衣著、鞋、帽、傘、服飾品批發業；F105050 家具、寢具、廚房器具、裝設品批發業；F106010 五金批發業；F106020 日常用品批發業；F106050 陶瓷玻璃器皿批發業；F107030 清潔用品批發業；F108040 化粧品批發業,桃園市,變更,11506
90572900,晁昇投資有限公司,桃園市平鎮區中正里中正六路13號,陳志忠,2000000,,115/06/23,公司所在地,ZZ99999 除許可業務外，得經營法令非禁止或限制之業務；H201010 一般投資業；H703090 不動產買賣業；H703100 不動產租賃業,桃園市,變更,11506
90573154,咕咕喵電子商務有限公司,桃園市龜山區山福里頂興路39之3號2樓,陳怡吟,2000000,,115/06/22,股東出資轉讓修正章程,F206020 日常用品零售業；F106020 日常用品批發業；F399040 無店面零售業；F219010 電子材料零售業；F102170 食品什貨批發業；F401010 國際貿易業；F105050 家具、寢具、廚房器具、裝設品批發業；F209060 文教、樂器、育樂用品零售業；F206050 寵物食品及其用品零售業；F204110 布疋、衣著、鞋、帽、傘、服飾品零售業,桃園市,變更,11506
90573268,金城建材有限公司,桃園市桃園區幸福路206號,李嘉玲,20000000,,115/06/24,公司所在地,E801010 室內裝潢業；E801020 門窗安裝工程業；E801030 室內輕鋼架工程業；E801040 玻璃安裝工程業；E801070 廚具、衛浴設備安裝工程業；E901010 油漆工程業；F111090 建材批發業；F211010 建材零售業；F106010 五金批發業；F206010 五金零售業,桃園市,變更,11506
90573318,卷創意設計有限公司,桃園市桃園區新埔里新埔七街20號(3樓),余盈,6500000,,115/06/24,增資,F401010 國際貿易業；F299990 其他零售業；F399040 無店面零售業；F106020 日常用品批發業；F109070 文教、樂器、育樂用品批發業；F206020 日常用品零售業；F209060 文教、樂器、育樂用品零售業；F399990 其他綜合零售業；I401010 一般廣告服務業；I501010 產品設計業,桃園市,變更,11506
90573561,凱毅有限公司,桃園市楊梅區東流里中山南路620號14樓,高任德,500000,,115/06/30,公司印鑑變更,F113020 電器批發業；F213010 電器零售業；F113050 電腦及事務性機器設備批發業；F213030 電腦及事務性機器設備零售業；F113070 電信器材批發業；F213060 電信器材零售業；F118010 資訊軟體批發業；F218010 資訊軟體零售業；F119010 電子材料批發業；F219010 電子材料零售業,桃園市,變更,11506
90626075,杏谷有限公司,桃園市蘆竹區經國路898號9樓,陳湘富,1000000,,115/06/05,公司所在地,F108040 化粧品批發業；F208040 化粧品零售業；F399040 無店面零售業；F299990 其他零售業；I301010 資訊軟體服務業；I301020 資料處理服務業；I501010 產品設計業；ZZ99999 除許可業務外，得經營法令非禁止或限制之業務,桃園市,變更,11506
90626785,威保工程科技有限公司,桃園市蘆竹區長興里南崁路二段9號9樓之7,游御欣,500000,,115/06/02,股東出資轉讓修正章程,E599010 配管工程業；E601010 電器承裝業；E601020 電器安裝業；E603040 消防安全設備安裝工程業；E603050 自動控制設備工程業；E604010 機械安裝業；E801010 室內裝潢業；E801020 門窗安裝工程業；E801070 廚具、衛浴設備安裝工程業；E901010 油漆工程業,桃園市,變更,11506
90680653,長威管理顧問有限公司,桃園市桃園區博愛路44號,周伯鍾,15120000,,115/06/09,公司所在地,H201010 一般投資業；H703100 不動產租賃業；I102010 投資顧問業；I103060 管理顧問業；I199990 其他顧問服務業；JZ99050 仲介服務業；JZ99990 未分類其他服務業；ZZ99999 除許可業務外，得經營法令非禁止或限制之業務,桃園市,變更,11506
90681668,元澄營造有限公司,桃園市桃園區文中里力行路550巷9號(3樓),劉宇倫,42000000,,115/06/05,改推董事/董事長,E101011 綜合營造業；I103060 管理顧問業；I503010 景觀、室內設計業；IF01010 消防安全設備檢修業；E599010 配管工程業；E601010 電器承裝業；E603010 電纜安裝工程業；E603050 自動控制設備工程業；E603080 交通號誌安裝工程業；E603090 照明設備安裝工程業,桃園市,變更,11506
90689492,三翊有限公司,桃園市平鎮區環南路三段313號(2樓),翁茂槐,25000000,,115/06/22,增資,A102050 作物栽培服務業；A102060 糧商業；E801010 室內裝潢業；F111090 建材批發業；H701010 住宅及大樓開發租售業；H701020 工業廠房開發租售業；H701050 投資興建公共建設業；H701060 新市鎮、新社區開發業；H701070 區段徵收及市地重劃代辦業；H703090 不動產買賣業,桃園市,變更,11506
90695728,紘銓國際有限公司,桃園市中壢區延平路500號12樓之1,張炳堂,18000000,,115/06/23,增資,H201010 一般投資業；F401010 國際貿易業；F114030 汽、機車零件配備批發業；F114050 車胎批發業；F214030 汽、機車零件配備零售業；F214050 車胎零售業；ZZ99999 除許可業務外，得經營法令非禁止或限制之業務,桃園市,變更,11506
90695918,九豫廣告行銷有限公司,桃園市楊梅區金溪路209巷20號6樓,邱渝蓁,1000000,,115/06/05,公司所在地,I401010 一般廣告服務業；H703090 不動產買賣業；E801010 室內裝潢業；JE01010 租賃業；IZ12010 人力派遣業；EZ99990 其他工程業；IZ99990 其他工商服務業；ZZ99999 除許可業務外，得經營法令非禁止或限制之業務,桃園市,變更,11506
90718270,松和國際股份有限公司,桃園市中壢區民權路二段147號,李舜得,15000000,,115/06/16,一般補正案,F105050 家具、寢具、廚房器具、裝設品批發業；F106010 五金批發業；F106020 日常用品批發業；F106040 水器材料批發業；F106050 陶瓷玻璃器皿批發業；F111090 建材批發業；F113020 電器批發業；F113990 其他機械器具批發業；F118010 資訊軟體批發業；F205040 家具、寢具、廚房器具、裝設品零售業,桃園市,變更,11506
90724441,美高玫醫學科技股份有限公司,桃園市中壢區復華里長興街150巷18號11樓,蕭蘭香,40100000,,115/06/03,經理人變更,CF01011 醫療器材製造業；C802060 動物用藥製造業；C802041 西藥製造業；C802100 化粧品製造業；C199990 未分類其他食品製造業；F108031 醫療器材批發業；F208031 醫療器材零售業；F102170 食品什貨批發業；F203010 食品什貨、飲料零售業；F107070 動物用藥品批發業,桃園市,變更,11506
90739628,仁赫投資開發股份有限公司,桃園市桃園區大有里大有路348之1號13樓,傅燕仁,40000000,,115/06/24,改選董事/監察人(一人法人股東指派董事/監察人),H201010 一般投資業；H202010 創業投資業；H701010 住宅及大樓開發租售業；H701020 工業廠房開發租售業；H701060 新市鎮、新社區開發業；H703090 不動產買賣業；H703100 不動產租賃業；ZZ99999 除許可業務外，得經營法令非禁止或限制之業務,桃園市,變更,11506
90755788,睿揚國際開發有限公司,桃園市桃園區南埔里永安路772號（1樓）,尤高月娥,100000,,115/06/18,股東出資轉讓修正章程,H703090 不動產買賣業；H703100 不動產租賃業；H701010 住宅及大樓開發租售業；H701020 工業廠房開發租售業；E801010 室內裝潢業；I102010 一般投資顧問業；HZ99990 其他金融、保險及不動產業；ZZ99999 除許可業務外，得經營法令非禁止或限制之業務；CA02030 螺絲、螺帽、螺絲釘、及鉚釘等製品製造業；CA02040 彈簧製造業,桃園市,變更,11506
90756127,利霖環保科技股份有限公司,桃園市八德區大智里31鄰公園路73號2樓,謝松霖,5000000,,115/06/04,一般補正案,J101060 廢（污）水處理業；F213100 污染防治設備零售業；F401010 國際貿易業；E599010 配管工程業；E604010 機械安裝業；JA02990 其他修理業；EZ05010 儀器、儀表安裝工程業；F213040 精密儀器零售業；F213080 機械器具零售業；CB01030 污染防治設備製造業,桃園市,變更,11506
90757744,仟璨國際教育股份有限公司,桃園市平鎮區義興里環南路361號,鍾明男,3000000,,115/06/18,一般補正案,J303010 雜誌（期刊）出版業；J304010 圖書出版業；J305010 有聲出版業；J399010 軟體出版業；J399990 其他出版業；J202010 產業育成業；JA05010 留、遊學服務業；I301010 資訊軟體服務業；I103060 管理顧問業；H201010 一般投資業,桃園市,變更,11506
90774125,金日昇營造有限公司,桃園市大園區南港里南和路118號（1樓）,陳祐昌,10000000,,115/06/25,申登機關變更（遷入，含卷）,E101011 綜合營造業；E601010 電器承裝業；E601020 電器安裝業；E603010 電纜安裝工程業；E603020 電梯安裝工程業；E603040 消防安全設備安裝工程業；E801020 門窗安裝工程業；E801030 室內輕鋼架工程業；E801040 玻璃安裝工程業；EZ05010 儀器、儀表安裝工程業,桃園市,變更,11506
90790342,謙福室內裝修有限公司,桃園市楊梅區水美里大平街288號,彭聖福,8000000,,115/06/24,增資,E599010 配管工程業；E601020 電器安裝業；E603050 自動控制設備工程業；E603040 消防安全設備安裝工程業；E603090 照明設備安裝工程業；E604010 機械安裝業；E801010 室內裝潢業；E801020 門窗安裝工程業；E801030 室內輕鋼架工程業；E801040 玻璃安裝工程業,桃園市,變更,11506
90837297,兆億國際有限公司,桃園市中壢區領航南路三段309號10樓,魏筠芯,500000,,115/06/23,申登機關變更（遷入，含卷）,F102170 食品什貨批發業；F201030 水產品零售業；F206020 日常用品零售業；F205040 家具、寢具、廚房器具、裝設品零售業；F208040 化粧品零售業；F203010 食品什貨、飲料零售業；F399040 無店面零售業；ZZ99999 除許可業務外，得經營法令非禁止或限制之業務；I103060 管理顧問業；I199990 其他顧問服務業,桃園市,變更,11506
91026710,喬黎國際有限公司,桃園市平鎮區新光路二段8巷171號(1樓),黃信融,50000,,115/06/16,一般補正案,F204110 布疋、衣著、鞋、帽、傘、服飾品零售業；F105050 家具、寢具、廚房器具、裝設品批發業；F214050 車胎零售業；F399040 無店面零售業；F114050 車胎批發業；F401010 國際貿易業；JA02020 機車修理業；JB01010 會議及展覽服務業；CC01030 電器及視聽電子產品製造業；CC01060 有線通信機械器材製造業,桃園市,變更,11506
91027582,諾美健康事業發展股份有限公司,桃園市觀音區忠愛路二段198之238號,楊聯智,8000000,,115/06/18,發行新股,F102170 食品什貨批發業；F105050 家具、寢具、廚房器具、裝設品批發業；F106020 日常用品批發業；F107030 清潔用品批發業；F108031 醫療器材批發業；F108040 化粧品批發業；F109070 文教、樂器、育樂用品批發業；F113070 電信器材批發業；F114030 汽、機車零件配備批發業；F203010 食品什貨、飲料零售業,桃園市,變更,11506
91027859,宜樂融融國際有限公司,桃園市平鎮區北勢里4鄰金華街111巷4號(1樓),巫承融,6688888,,115/06/23,增資,ZZ99999 除許可業務外，得經營法令非禁止或限制之業務；F204110 布疋、衣著、鞋、帽、傘、服飾品零售業；H201010 一般投資業；J304010 圖書出版業；JZ99990 未分類其他服務業；F399040 無店面零售業；H202010 創業投資業；H703090 不動產買賣業；H703100 不動產租賃業；I103060 管理顧問業,桃園市,變更,11506
91028463,馥郁資產管理有限公司,桃園市桃園區樹林八街19巷2弄24之2號,范娟,1000000,,115/06/23,一般補正案,F102170 食品什貨批發業；E801010 室內裝潢業；F205040 家具、寢具、廚房器具、裝設品零售業；F206020 日常用品零售業；F211010 建材零售業；F213010 電器零售業；F299990 其他零售業；F399040 無店面零售業；F401010 國際貿易業；G202010 停車場經營業,桃園市,變更,11506
91028581,慶伯股份有限公司,桃園市中壢區忠義里中園路22號13樓之27,許傳祥,500000,,115/06/10,修正章程,F107200 化學原料批發業；F207200 化學原料零售業；F107990 其他化學製品批發業；F207990 其他化學製品零售業；F107030 清潔用品批發業；F207030 清潔用品零售業；F107170 工業助劑批發業；F207170 工業助劑零售業；F113010 機械批發業；F213080 機械器具零售業,桃園市,變更,11506
91032699,賓力國際生技有限公司,桃園市桃園區介壽路495巷65號14樓,范姜清柔,30000,,115/06/29,公司所在地,F102040 飲料批發業；F102170 食品什貨批發業；F106020 日常用品批發業；F108040 化粧品批發業；F107030 清潔用品批發業；F203010 食品什貨、飲料零售業；F206020 日常用品零售業；F207030 清潔用品零售業；F208040 化粧品零售業；F399040 無店面零售業,桃園市,變更,11506
91033141,歐珊科技股份有限公司,桃園市桃園區同安里藝文一街86之3號12樓,陳家盛,5000000,,115/06/09,減少所營事業變更修正章程,E502010 燃料導管安裝工程業；E604010 機械安裝業；CA02050 閥類製造業；CB01010 機械設備製造業；CB01030 污染防治設備製造業；CB01990 其他機械製造業；CC01010 發電、輸電、配電機械製造業；D401010 熱能供應業；E599010 配管工程業；E601010 電器承裝業,桃園市,變更,11506
91035491,火爆娛樂有限公司,桃園市蘆竹區南崁里經國路892號18樓,陳啓莊,1000000,,115/06/08,一般補正案,I401010 一般廣告服務業；I401020 廣告傳單分送業；I105010 藝術品諮詢顧問業；IZ99990 其他工商服務業；I301010 資訊軟體服務業；I301020 資料處理服務業；I301030 電子資訊供應服務業；I501010 產品設計業；I599990 其他設計業；J305010 有聲出版業,桃園市,變更,11506
91035529,鈞富國際置業顧問有限公司,桃園市桃園區同德里中正路1071號6樓之5,張鈞凱,1100000,,115/06/02,股東出資轉讓修正章程,H701010 住宅及大樓開發租售業；H701020 工業廠房開發租售業；H701050 投資興建公共建設業；H701060 新市鎮、新社區開發業；H701070 區段徵收及市地重劃代辦業；H701090 都市更新整建維護業；H703090 不動產買賣業；H703100 不動產租賃業；H703110 老人住宅業；H703120 自助儲物空間業,桃園市,變更,11506
91066698,信毅園藝有限公司,桃園市桃園區經國路9號7樓之1,詹育芳,100000,,115/06/25,申登機關變更（遷入，含卷）,A102080 園藝服務業；A101020 農作物栽培業；A101050 花卉栽培業；A102020 農產品整理業；A102050 作物栽培服務業；A102070 菸草整理業；C501040 組合木材製造業；C501060 木質容器製造業；C501070 竹、藤製品製造業；C801110 肥料製造業,桃園市,變更,11506
91119251,合源工業有限公司,桃園市新屋區清華里北勢15號之15,武翠鸞,500000,,115/06/11,股東出資轉讓修正章程,E603120 噴砂工程業；E903010 防蝕、防銹工程業；E901010 油漆工程業；E599010 配管工程業；E603100 電焊工程業；EZ02010 起重工程業；EZ05010 儀器、儀表安裝工程業；E801040 玻璃安裝工程業；E801020 門窗安裝工程業；E801030 室內輕鋼架工程業,桃園市,變更,11506
92604392,談點設計有限公司,桃園市中壢區興福里福安三街42號,李芮嘉,1000000,,115/06/15,增資,I401010 一般廣告服務業；I401020 廣告傳單分送業；I501010 產品設計業；I503010 景觀、室內設計業；I599990 其他設計業；I199990 其他顧問服務業；JZ99030 攝影業；C701010 印刷業；C703010 印刷品裝訂及加工業；E801070 廚具、衛浴設備安裝工程業,桃園市,變更,11506
92605483,糧倉富有限公司,桃園市桃園區同德里中正路1061號(2樓),林怡雯,8000000,,115/06/10,股東出資轉讓修正章程,H201010 一般投資業；I102010 投資顧問業；I103060 管理顧問業；F401010 國際貿易業；ZZ99999 除許可業務外，得經營法令非禁止或限制之業務,桃園市,變更,11506
92605955,世大開發科技股份有限公司,桃園市蘆竹區長興里南崁路二段228巷16弄19號,林伯俊,6000000,,115/06/04,發行新股,CC01080 電子零組件製造業；F119010 電子材料批發業；F219010 電子材料零售業；F401010 國際貿易業,桃園市,變更,11506
92606336,奇楠王股份有限公司,桃園市桃園區武陵里復興路51之2號10樓之3,劉政宗,3000000,,115/06/18,一般補正案,C501010 製材業；C501040 組合木材製造業；C802100 化粧品製造業；CZ99990 未分類其他工業製品製造業；F102030 菸酒批發業；F102170 食品什貨批發業；F103010 飼料批發業；F106070 祭祀用品批發業；F108040 化粧品批發業；F111090 建材批發業,桃園市,變更,11506
92606722,新陛國股份有限公司,桃園市桃園區青溪里青溪二路3號,王國睿,5559600,,115/06/29,公司所在地,H201010 一般投資業；ZZ99999 除許可業務外，得經營法令非禁止或限制之業務,桃園市,變更,11506
93377260,邁倍司車業有限公司,桃園市八德區和義二街3巷13號,王力德,2000000,,115/06/16,申登機關變更（遷入，含卷）,F214030 汽、機車零件配備零售業；JA01010 汽車修理業；F114010 汽車批發業；F214010 汽車零售業；ZZ99999 除許可業務外，得經營法令非禁止或限制之業務,桃園市,變更,11506
93486823,成献產業科技股份有限公司,桃園市桃園區昆明路34號2樓,蘇藝薪,14000000,,115/06/24,公司所營事業變更修正章程,F113020 電器批發業；F213010 電器零售業；F199990 其他批發業；F119010 電子材料批發業；F219010 電子材料零售業；F401010 國際貿易業；F108031 醫療器材批發業；F208031 醫療器材零售業；F103010 飼料批發業；F202010 飼料零售業,桃園市,變更,11506
93488499,隆鈦投資有限公司,桃園市蘆竹區羊稠里中山北街76號4樓,郭亭延,1000000,,115/06/22,公司所在地,H201010 一般投資業,桃園市,變更,11506
93488625,聖奇橡膠有限公司,桃園市龜山區文化里華亞三路28號2樓,趙榮桂,6000000,,115/06/16,股東出資轉讓修正章程,C804020 工業用橡膠製品製造業；C804990 其他橡膠製品製造業；C805030 塑膠日用品製造業；C805990 其他塑膠製品製造業；CA02010 金屬結構及建築組件製造業；CD01030 汽車及其零件製造業；CQ01010 模具製造業；F401010 國際貿易業；JE01010 租賃業；ZZ99999 除許可業務外，得經營法令非禁止或限制之業務,桃園市,變更,11506
93489321,典泰檢驗科技有限公司,桃園市龍潭區梅龍二街45號（1樓）,洪廣華,6000000,,115/06/25,公司所在地,I103060 管理顧問業；IZ09010 管理系統驗證業；J101030 廢棄物清除業；J101040 廢棄物處理業；F213100 污染防治設備零售業；I101080 工、礦顧問業；J101050 環境檢測服務業；CB01030 污染防治設備製造業；F113030 精密儀器批發業；F113100 污染防治設備批發業,桃園市,變更,11506
93489498,德瑞國際流通有限公司,桃園市新屋區清華里中山東路一段156巷93弄19號,陳專德,5000000,,115/06/18,股東出資轉讓修正章程,G801010 倉儲業；G799990 其他運輸輔助業；F113010 機械批發業；E603050 自動控制設備工程業；E604010 機械安裝業；IZ06010 理貨包裝業；IZ12010 人力派遣業；F106010 五金批發業；F113020 電器批發業；F118010 資訊軟體批發業,桃園市,變更,11506
93489574,攜芽實業有限公司,桃園市中壢區福田路599號,王晟汝,500000,,115/06/05,股東出資轉讓修正章程,CA01050 鋼材二次加工業；CA02060 金屬容器製造業；CA02990 其他金屬製品製造業；CH01040 玩具製造業；CZ99990 未分類其他工業製品製造業；C103050 罐頭、冷凍、脫水及醃漬食品製造業；C199990 未分類其他食品製造業；F101040 家畜家禽批發業；F102170 食品什貨批發業；F107190 塑膠膜、袋批發業,桃園市,變更,11506
93504717,艾茵有限公司,桃園市楊梅區梅新里中山路3號(2樓),廖珮琄,200000,,115/06/16,一般補正案,F106010 五金批發業；F106020 日常用品批發業；F399040 無店面零售業；F401010 國際貿易業；I103060 管理顧問業；I199990 其他顧問服務業；I301020 資料處理服務業；I401010 一般廣告服務業；I501010 產品設計業；IZ04010 翻譯業,桃園市,變更,11506
93506320,加西亞文創教育有限公司,桃園市桃園區成功路二段101號9樓,簡龍珍,1000000,,115/06/03,公司所營事業變更修正章程,F109070 文教、樂器、育樂用品批發業；F209060 文教、樂器、育樂用品零售業；F213030 電腦及事務性機器設備零售業；F299990 其他零售業；F401010 國際貿易業；ZZ99999 除許可業務外，得經營法令非禁止或限制之業務；F101040 家畜家禽批發業；F101050 水產品批發業；F101130 蔬果批發業；F101990 其他農、畜、水產品批發業,桃園市,變更,11506
93518141,筑元有限公司,桃園市中壢區新興路224號（2樓）,廖國義,10000000,,115/06/01,公司所在地,H201010 一般投資業；ZZ99999 除許可業務外，得經營法令非禁止或限制之業務,桃園市,變更,11506
93521130,長奇居家裝潢有限公司,桃園市桃園區瑞慶里中正路1351號12樓,邵旻,500000,,115/06/12,股東出資轉讓修正章程,E801010 室內裝潢業；E603090 照明設備安裝工程業；E801020 門窗安裝工程業；E801030 室內輕鋼架工程業；E801040 玻璃安裝工程業；E801070 廚具、衛浴設備安裝工程業；E901010 油漆工程業；EZ99990 其他工程業；F105050 家具、寢具、廚房器具、裝設品批發業；F111090 建材批發業,桃園市,變更,11506
93524501,皓騰空間設計工程有限公司,桃園市桃園區南華里民族路111號,戴振文,1000000,,115/06/10,公司所在地,F205040 家具、寢具、廚房器具、裝設品零售業；F105050 家具、寢具、廚房器具、裝設品批發業；F206010 五金零售業；F106010 五金批發業；F211010 建材零售業；F111090 建材批發業；F401010 國際貿易業；E603090 照明設備安裝工程業；E801010 室內裝潢業；E801030 室內輕鋼架工程業,桃園市,變更,11506
93524690,杰瑞奇有限公司,桃園市觀音區大潭里保生六路45號,呂鴻農,500000,,115/06/10,股東出資轉讓修正章程,A301010 遠洋漁撈業；A301020 近海沿岸及內陸漁撈業；A301030 水產養殖業；A301040 娛樂漁業；A302010 對外漁業合作業；A302020 漁業服務業；A399990 其他漁業；F101050 水產品批發業；F101070 漁具批發業；F101990 其他農、畜、水產品批發業,桃園市,變更,11506
93525115,宥銓精密有限公司,桃園市蘆竹區中福里龍壽街一段30號,劉柏均,300000,,115/06/16,公司所在地,CA01050 鋼材二次加工業；CA01090 鋁鑄造業；CA01100 鋁材軋延、伸線、擠型業；CA01130 銅材軋延、伸線、擠型業；CA02990 其他金屬製品製造業；CA04010 表面處理業；CB01010 機械設備製造業；CQ01010 模具製造業；F106010 五金批發業；F106030 模具批發業,桃園市,變更,11506
93527958,一嵎藝術有限公司,桃園市蘆竹區南榮里忠孝西路49號2樓,李欣育,1000000,,115/06/02,一般補正案,ZZ99999 除許可業務外，得經營法令非禁止或限制之業務；J304010 圖書出版業；J401010 電影片製作業；J404010 動畫影片製作業；J601010 藝文服務業；JZ99030 攝影業；JZ99990 未分類其他服務業；J404020 提供設備及場地供電影片拍攝業；J404050 電影特效製作業；I599990 其他設計業,桃園市,變更,11506
93532755,源焱工程股份有限公司,桃園市中壢區西園路116號5樓,周子龍,11600000,,115/06/25,一般補正案,CC01030 電器及視聽電子產品製造業；CC01080 電子零組件製造業；CC01110 電腦及其週邊設備製造業；F113030 精密儀器批發業；F113050 電腦及事務性機器設備批發業；F114010 汽車批發業；F114020 機車批發業；F114030 汽、機車零件配備批發業；F114050 車胎批發業；F213040 精密儀器零售業,桃園市,變更,11506
93533115,永家生醫科技有限公司,桃園市桃園區大興西路二段65號11樓,朱雅如,500000,,115/06/23,公司所營事業變更修正章程,F108040 化粧品批發業；F199990 其他批發業；F203010 食品什貨、飲料零售業；F208040 化粧品零售業；F399040 無店面零售業；F399990 其他綜合零售業；F401010 國際貿易業；F601010 智慧財產權業；H201010 一般投資業；H202010 創業投資業,桃園市,變更,11506
93533635,杉杉眼鏡有限公司,桃園市桃園區文化里民權路29號,王廷岳,1000000,,115/06/02,股東出資轉讓修正章程,F104110 布疋、衣著、鞋、帽、傘、服飾品批發業；F105050 家具、寢具、廚房器具、裝設品批發業；F106020 日常用品批發業；F110020 眼鏡批發業；F204110 布疋、衣著、鞋、帽、傘、服飾品零售業；F205040 家具、寢具、廚房器具、裝設品零售業；F206020 日常用品零售業；F210020 眼鏡零售業；F399990 其他綜合零售業；F401010 國際貿易業,桃園市,變更,11506
93534472,久統工程有限公司,桃園市大園區新南里園航路391之10號2樓,郭立東,2000000,,115/06/25,增資,F106010 五金批發業；J101010 建築物清潔服務業；IZ12010 人力派遣業；E801010 室內裝潢業；E801020 門窗安裝工程業；E901010 油漆工程業；E801070 廚具、衛浴設備安裝工程業；J101030 廢棄物清除業；J101040 廢棄物處理業；J101080 資源回收業,桃園市,變更,11506
93550774,拾瑠實物資產有限公司,桃園市中壢區青峰路一段43號九樓,周照美,3600000,,115/06/23,申登機關變更（遷入，含卷）,IG03010 能源技術服務業；D101060 再生能源自用發電設備業；D401010 熱能供應業；I103060 管理顧問業；I102010 一般投資顧問業；H201010 一般投資業；ZZ99999 除許可業務外，得經營法令非禁止或限制之業務,桃園市,變更,11506
93563291,永源能科股份有限公司,桃園市桃園區經國一路90號四樓,陳玫蓁,157391520,,115/06/25,發行新股,C801110 肥料製造業；C901050 水泥及混凝土製品製造業；C901990 其他非金屬礦物製品製造業；CB01010 機械設備製造業；CB01030 污染防治設備製造業；CC01010 發電、輸電、配電機械製造業；CC01090 電池製造業；CE01010 一般儀器製造業；D101050 汽電共生業；D101060 再生能源自用發電設備業,桃園市,變更,11506
93570440,麥麥屋有限公司,桃園市中壢區普忠里中北路191號(1樓),張湚沄,1000000,,115/06/24,一般補正案,F102170 食品什貨批發業；F102040 飲料批發業；F203010 食品什貨、飲料零售業；F102050 茶葉批發業；F501030 飲料店業；F501060 餐館業；F105050 家具、寢具、廚房器具、裝設品批發業；F205040 家具、寢具、廚房器具、裝設品零售業；ZZ99999 除許可業務外，得經營法令非禁止或限制之業務,桃園市,變更,11506
93574847,辰榮有限公司,桃園市中壢區中和路186號(2樓),潘玉青,500000,,115/06/30,公司所在地,F118010 資訊軟體批發業；F218010 資訊軟體零售業；F399040 無店面零售業；I301010 資訊軟體服務業；I301020 資料處理服務業；I301030 電子資訊供應服務業；I102010 一般投資顧問業；I103060 管理顧問業；I199990 其他顧問服務業；I501010 產品設計業,桃園市,變更,11506
93592535,心華傳媒有限公司,桃園市平鎮區廣達里4鄰廣平街28號,馮媛,500000,,115/06/12,一般補正案,F601010 智慧財產權業；I103060 管理顧問業；I301010 資訊軟體服務業；I301020 資料處理服務業；I301030 電子資訊供應服務業；I401010 一般廣告服務業；I401020 廣告傳單分送業；I501010 產品設計業；J303010 雜誌（期刊）出版業；J304010 圖書出版業,桃園市,變更,11506
93616255,蝦旺有限公司,桃園市平鎮區大昌路55巷14號5樓,黃昱閎,100000,,115/06/08,一般補正案,F399040 無店面零售業；F213030 電腦及事務性機器設備零售業；F113050 電腦及事務性機器設備批發業；F213010 電器零售業；F206020 日常用品零售業；F106020 日常用品批發業；F204110 布疋、衣著、鞋、帽、傘、服飾品零售業；F104110 布疋、衣著、鞋、帽、傘、服飾品批發業；F299990 其他零售業；F199990 其他批發業,桃園市,變更,11506
93625607,合欣開發投資股份有限公司,桃園市桃園區同安里藝文一街86之6號5樓,戈啓犎,2950000,,115/06/18,董事/監察人更名,H201010 一般投資業；ZZ99999 除許可業務外，得經營法令非禁止或限制之業務,桃園市,變更,11506
93626140,雯志投資股份有限公司,桃園市桃園區同安里藝文一街86之6號5樓,戈啓犎,3900000,,115/06/18,董事/監察人更名,H201010 一般投資業；ZZ99999 除許可業務外，得經營法令非禁止或限制之業務,桃園市,變更,11506
93673804,東東石頭火鍋有限公司,桃園市大園區新生路4段121號,劉東昀,2350000,,115/06/24,增資,F501030 飲料店業；F501060 餐館業；F399040 無店面零售業；ZZ99999 除許可業務外，得經營法令非禁止或限制之業務,桃園市,變更,11506
93674846,鄉下人生鮮水產有限公司,桃園市楊梅區楊梅里金德路60號3樓,謝宇翔,300000,,115/06/12,公司所在地,F101040 家畜家禽批發業；F101050 水產品批發業；F101130 蔬果批發業；F101990 其他農、畜、水產品批發業；F102030 菸酒批發業；F102040 飲料批發業；F102170 食品什貨批發業；F199990 其他批發業；F201010 農產品零售業；F201020 畜產品零售業,桃園市,變更,11506
93674851,京遠有限公司,桃園市蘆竹區羊稠里中山北街76號4樓,郭亭延,1000000,,115/06/23,股東出資轉讓修正章程,E599010 配管工程業；E603040 消防安全設備安裝工程業；E801010 室內裝潢業；F111090 建材批發業；H201010 一般投資業；H202010 創業投資業；H701010 住宅及大樓開發租售業；H701020 工業廠房開發租售業；H701050 投資興建公共建設業；H701060 新市鎮、新社區開發業,桃園市,變更,11506
93675140,德嶼貿易有限公司,桃園市桃園區中正路1080號11樓,藍悅禎,1000000,,115/06/12,股東出資轉讓修正章程,A102060 糧商業；F102020 食用油脂批發業；F102030 菸酒批發業；F102050 茶葉批發業；F102170 食品什貨批發業；F104110 布疋、衣著、鞋、帽、傘、服飾品批發業；F106020 日常用品批發業；F107030 清潔用品批發業；F108040 化粧品批發業；F109070 文教、樂器、育樂用品批發業,桃園市,變更,11506
93694809,凡誼股份有限公司,桃園市觀音區新坡里中山路二段595號(1樓),周明樺,500000,,115/06/04,董事/監察人地址變更,IZ06010 理貨包裝業；IZ12010 人力派遣業；JZ99050 仲介服務業；E601010 電器承裝業；E601020 電器安裝業；F106010 五金批發業；F106020 日常用品批發業；F109070 文教、樂器、育樂用品批發業；F114030 汽、機車零件配備批發業；F199990 其他批發業,桃園市,變更,11506
93766009,鉦大科技股份有限公司,桃園市中壢區高鐵站前路408號2樓,王才豪,12000000,,115/06/22,申登機關變更（遷入，含卷）,F119010 電子材料批發業；F219010 電子材料零售業；F113030 精密儀器批發業；F213040 精密儀器零售業；F113070 電信器材批發業；F213060 電信器材零售業；F113020 電器批發業；F213010 電器零售業；F113010 機械批發業；F213080 機械器具零售業,桃園市,變更,11506
93774388,耘合有限公司,桃園市桃園區藝文一街86之5號6樓,黃柏翔,1000000,,115/06/10,公司所在地,F102020 食用油脂批發業；F102170 食品什貨批發業；F201010 農產品零售業；F203010 食品什貨、飲料零售業；F203020 菸酒零售業；F206020 日常用品零售業；F401010 國際貿易業；ZZ99999 除許可業務外，得經營法令非禁止或限制之業務,桃園市,變更,11506
93775133,昶潁有限公司,桃園市桃園區光興里縣府路110號11樓,李玉玲,1000000,,115/06/05,股東出資轉讓修正章程,G799990 其他運輸輔助業；IZ06010 理貨包裝業；IZ12010 人力派遣業；JZ99050 仲介服務業；JZ99990 未分類其他服務業；F213060 電信器材零售業；F399040 無店面零售業；F401010 國際貿易業；F204110 布疋、衣著、鞋、帽、傘、服飾品零售業；F104110 布疋、衣著、鞋、帽、傘、服飾品批發業,桃園市,變更,11506
93780810,豆立遊戲有限公司,桃園市中壢區致遠一路278號4樓,許仲廷,100000,,115/06/17,申登機關變更（遷入，含卷）,J399010 軟體出版業；I301010 資訊軟體服務業；I301030 電子資訊供應服務業；I301020 資料處理服務業；F113050 電腦及事務性機器設備批發業；F118010 資訊軟體批發業；F218010 資訊軟體零售業；F401010 國際貿易業；ZZ99999 除許可業務外，得經營法令非禁止或限制之業務,桃園市,變更,11506
93798396,碁石儀測股份有限公司,桃園市中壢區正義里廣州路217號3樓,簡心慈,5000000,,115/06/03,董事/監察人持股變動報備,CC01030 電器及視聽電子產品製造業；CC01040 照明設備製造業；CC01060 有線通信機械器材製造業；CC01070 無線通信機械器材製造業；CC01080 電子零組件製造業；CE01010 一般儀器製造業；E605010 電腦設備安裝業；EZ05010 儀器、儀表安裝工程業；F106020 日常用品批發業；F113010 機械批發業,桃園市,變更,11506
93799466,新誼不動產經紀股份有限公司,桃園市桃園區中成里正光二街73號,何旻諭,3000000,,115/06/12,公司所在地,H704031 不動產仲介經紀業；H701010 住宅及大樓開發租售業；H701020 工業廠房開發租售業；H701050 投資興建公共建設業；H701060 新市鎮、新社區開發業；H701090 都市更新整建維護業；H702010 建築經理業；H703090 不動產買賣業；H703100 不動產租賃業；I102010 投資顧問業,桃園市,變更,11506
94011091,箱行天下貿易有限公司,桃園市平鎮區高雙里賦梅北路396之5號,黃力泓,500000,,115/06/09,負責人印鑑變更,F401010 國際貿易業；F113050 電腦及事務性機器設備批發業；F114010 汽車批發業；H201010 一般投資業；F102170 食品什貨批發業；F101130 蔬果批發業；F104110 布疋、衣著、鞋、帽、傘、服飾品批發業；F113020 電器批發業；F116010 照相器材批發業；F115010 首飾及貴金屬批發業,桃園市,變更,11506
94012818,康富建設開發股份有限公司,桃園市八德區大榮里介壽路一段645巷10弄89號(一樓),曾國繁,12000000,,115/06/12,改選董事/監察人(一人法人股東指派董事/監察人),H701010 住宅及大樓開發租售業；H701020 工業廠房開發租售業；H701050 投資興建公共建設業；H701060 新市鎮、新社區開發業；H701090 都市更新整建維護業；H702010 建築經理業；H703090 不動產買賣業；H703100 不動產租賃業；EZ99990 其他工程業；E801010 室內裝潢業,桃園市,變更,11506
94021106,邁思達數位科技有限公司,桃園市平鎮區新富五街62號地下一樓,張愷珉,1000000,,115/06/05,申登機關變更（遷入，含卷）,I301010 資訊軟體服務業；I301020 資料處理服務業；I301030 電子資訊供應服務業；F118010 資訊軟體批發業；F119010 電子材料批發業；F218010 資訊軟體零售業；F219010 電子材料零售業；F401010 國際貿易業；ZZ99999 除許可業務外，得經營法令非禁止或限制之業務,桃園市,變更,11506
94052037,宇承有限公司,桃園市大園區溪福路10之1號3樓,黃子裕,1580000,,115/06/26,申登機關變更（遷入，含卷）,F104110 布疋、衣著、鞋、帽、傘、服飾品批發業；F105050 家具、寢具、廚房器具、裝設品批發業；F106010 五金批發業；F106020 日常用品批發業；F102170 食品什貨批發業；F102050 茶葉批發業；F102040 飲料批發業；F109070 文教、樂器、育樂用品批發業；F113010 機械批發業；F113020 電器批發業,桃園市,變更,11506
94073700,仙女座網路科技有限公司,桃園市中壢區興和里興北一路200號11樓之1,張允成,20000,,115/06/29,公司所在地,I103060 管理顧問業；I199990 其他顧問服務業；I301010 資訊軟體服務業；I301020 資料處理服務業；I401010 一般廣告服務業；I401020 廣告傳單分送業；I501010 產品設計業；IZ99990 其他工商服務業；IZ12010 人力派遣業；J503040 廣播電視廣告業,桃園市,變更,11506
94073737,禾凡有限公司,桃園市桃園區同安里中正路1092號25樓,宋宸鈞,880000,,115/06/10,股東出資轉讓修正章程,F104110 布疋、衣著、鞋、帽、傘、服飾品批發業；F105050 家具、寢具、廚房器具、裝設品批發業；F106010 五金批發業；F106020 日常用品批發業；F102170 食品什貨批發業；F102050 茶葉批發業；F102040 飲料批發業；F109070 文教、樂器、育樂用品批發業；F113010 機械批發業；F113020 電器批發業,桃園市,變更,11506
94073862,恆久事業有限公司,桃園市中壢區中央西路1段78號5樓,羅松廷,1000000,,115/06/03,公司所在地,I301010 資訊軟體服務業；F217010 消防安全設備零售業；EZ99990 其他工程業；ZZ99999 除許可業務外，得經營法令非禁止或限制之業務,桃園市,變更,11506
94080456,潤泰環宇投資股份有限公司,桃園市龍潭區中正里中正路533號,,5000000,,115/06/01,解散,H201010 一般投資業,桃園市,變更,11506
94080646,信賴生醫股份有限公司,桃園市龜山區文昌一街15巷8號,李詩偉,18560280,,115/06/05,發行新股,F106020 日常用品批發業；F108040 化粧品批發業；F203010 食品什貨、飲料零售業；F208040 化粧品零售業；F208050 乙類成藥零售業；F213040 精密儀器零售業；F299990 其他零售業；F399040 無店面零售業；F399990 其他綜合零售業；F401010 國際貿易業,桃園市,變更,11506
94080792,天欣有限公司,桃園市楊梅區楊梅里新梅二街27號(2樓),黃子瑤,200000,,115/06/25,董事/股東更名,F108040 化粧品批發業；F208040 化粧品零售業；F102040 飲料批發業；F102170 食品什貨批發業；F102020 食用油脂批發業；F107030 清潔用品批發業；F106020 日常用品批發業；F207030 清潔用品零售業；F206020 日常用品零售業；F221010 食品添加物零售業,桃園市,變更,11506
94081743,川賦商旅實業股份有限公司,桃園市龍潭區民治十六街87巷99號,余溪湖,85000000,,115/06/16,增資(資本總額),J901020 一般旅館業；F501060 餐館業；F501990 其他餐飲業；I103060 管理顧問業；I199990 其他顧問服務業；IZ99990 其他工商服務業；J601010 藝文服務業；J602010 演藝活動業；J603010 音樂展演空間業；ZZ99999 除許可業務外，得經營法令非禁止或限制之業務,桃園市,變更,11506
94090594,唯心醫院管理顧問股份有限公司,桃園市桃園區民生里10鄰中山路27號,蔡丞哲,11227500,,115/06/05,一般補正案,I101090 食品顧問業；I102010 投資顧問業；I103060 管理顧問業；I199990 其他顧問服務業；I301010 資訊軟體服務業；I301020 資料處理服務業；I301030 電子資訊供應服務業；I401010 一般廣告服務業；I501010 產品設計業；I599990 其他設計業,桃園市,變更,11506
94091067,呈至科技有限公司,桃園市八德區永豐路252號,沈威宏,10000000,,115/06/01,公司所在地,CA01050 鋼材二次加工業；CB01010 機械設備製造業；CC01080 電子零組件製造業；F106010 五金批發業；F106030 模具批發業；F113010 機械批發業；F206010 五金零售業；F213080 機械器具零售業；CA02990 其他金屬製品製造業；CQ01010 模具製造業,桃園市,變更,11506
94091236,廣星有限公司,桃園市桃園區復興路51之2號10樓之3,彭思淵,200000,,115/06/01,一般補正案,F203010 食品什貨、飲料零售業；F501030 飲料店業；ZZ99999 除許可業務外，得經營法令非禁止或限制之業務,桃園市,變更,11506
94103824,穩立環保有限公司,桃園市桃園區光興里縣府路110號8樓,戴鳳豪,100000,,115/06/09,公司所營事業變更修正章程,F104110 布疋、衣著、鞋、帽、傘、服飾品批發業；F105050 家具、寢具、廚房器具、裝設品批發業；F106010 五金批發業；F106020 日常用品批發業；F106040 水器材料批發業；F109070 文教、樂器、育樂用品批發業；F113010 機械批發業；F113020 電器批發業；F113050 電腦及事務性機器設備批發業；F113110 電池批發業,桃園市,變更,11506
94109094,創欣材料股份有限公司,桃園市大園區工六路3號,李振豪,6000000,,115/06/04,一般補正案,CA01050 鋼材二次加工業；CA01090 鋁鑄造業；CA01990 其他非鐵金屬基本工業；CA02990 其他金屬製品製造業；CA04010 表面處理業；CB01010 機械設備製造業；CB01990 其他機械製造業；CC01080 電子零組件製造業；CD01030 汽車及其零件製造業；CQ01010 模具製造業,桃園市,變更,11506
94116721,豈家股份有限公司,桃園市桃園區新埔六街95號16樓,張意澐,3000000,,115/06/17,董事/監察人地址變更,E801010 室內裝潢業；H701010 住宅及大樓開發租售業；H703100 不動產租賃業；H703090 不動產買賣業；H704031 不動產仲介經紀業；H704041 不動產代銷經紀業；H706011 租賃住宅代管業；H706021 租賃住宅包租業；I103060 管理顧問業；I199990 其他顧問服務業,桃園市,變更,11506
94116813,翼聯科技有限公司,桃園市桃園區藝文里藝文一街86之6號17樓,黃柏豪,105000,,115/06/23,公司所在地,F399040 無店面零售業；F113070 電信器材批發業；F213060 電信器材零售業；F113020 電器批發業；F213010 電器零售業；F113110 電池批發業；F213110 電池零售業；F401010 國際貿易業；JE01010 租賃業；I301010 資訊軟體服務業,桃園市,變更,11506
94136000,村益室內裝修有限公司,桃園市八德區中興街11號7樓,蘇湘羚,5000000,,115/06/02,增資,E502010 燃料導管安裝工程業；E599010 配管工程業；E601010 電器承裝業；E601020 電器安裝業；E603010 電纜安裝工程業；E603020 電梯安裝工程業；E603040 消防安全設備安裝工程業；E603050 自動控制設備工程業；E603080 交通號誌安裝工程業；E603090 照明設備安裝工程業,桃園市,變更,11506
94136156,映豐設計有限公司,桃園市桃園區藝文一街86之1號15樓,鄭恩,88888,,115/06/29,股東出資轉讓修正章程,E801010 室內裝潢業；CN01010 家具及裝設品製造業；F105050 家具、寢具、廚房器具、裝設品批發業；F205040 家具、寢具、廚房器具、裝設品零售業；E801070 廚具、衛浴設備安裝工程業；F111090 建材批發業；F211010 建材零售業；F120010 耐火材料批發業；F220010 耐火材料零售業；F106010 五金批發業,桃園市,變更,11506
94147702,好欣環保企業有限公司,桃園市桃園區莊敬路1段210巷41號6樓,簡靜玉,500000,,115/06/30,公司所在地,J101010 建築物清潔服務業；J101020 病媒防治業；J101990 其他環境衛生及污染防治服務業；A102080 園藝服務業；F107080 環境用藥批發業；F207080 環境用藥零售業；J101030 廢棄物清除業；J101040 廢棄物處理業；I503010 景觀、室內設計業；IZ12010 人力派遣業,桃園市,變更,11506
94155174,茂昂有限公司,桃園市新屋區頭洲里高鐵南路六段98號(1樓),沈建緯,200000,,115/06/18,公司所在地,F106010 五金批發業；F111090 建材批發業；F113010 機械批發業；F113020 電器批發業；F113030 精密儀器批發業；F113090 交通標誌器材批發業；F113100 污染防治設備批發業；F113990 其他機械器具批發業；F117010 消防安全設備批發業；F120010 耐火材料批發業,桃園市,變更,11506
94155478,永玲投資控股股份有限公司,桃園市桃園區同安里藝文一街86之6號5樓,戈啓犎,4000000,,115/06/18,董事/監察人更名,H201010 一般投資業；ZZ99999 除許可業務外，得經營法令非禁止或限制之業務,桃園市,變更,11506
94155738,穎達資通有限公司,桃園市中壢區普慶里中山東路二段291號(1樓),黃睿豐,840000,,115/06/25,一般補正案,F104110 布疋、衣著、鞋、帽、傘、服飾品批發業；F105050 家具、寢具、廚房器具、裝設品批發業；F106010 五金批發業；F106020 日常用品批發業；F106050 陶瓷玻璃器皿批發業；F107030 清潔用品批發業；F109070 文教、樂器、育樂用品批發業；F199990 其他批發業；F204110 布疋、衣著、鞋、帽、傘、服飾品零售業；F206010 五金零售業,桃園市,變更,11506
94168255,中原設計整合顧問有限公司,桃園市中壢區信義里甘蕭三街21號,吳韶國,1000000,,115/06/16,公司所在地,E801010 室內裝潢業；F105050 家具、寢具、廚房器具、裝設品批發業；F111090 建材批發業；F113020 電器批發業；F205040 家具、寢具、廚房器具、裝設品零售業；F206020 日常用品零售業；F213010 電器零售業；F101100 花卉批發業；F401010 國際貿易業；I401010 一般廣告服務業,桃園市,變更,11506
94214672,思耀餐飲有限公司,桃園市大溪區一心里慈湖路127號,張志豪,6000000,,115/06/24,一般補正案,F501060 餐館業；F501990 其他餐飲業；F501030 飲料店業；F399040 無店面零售業；F299990 其他零售業；F203010 食品什貨、飲料零售業；ZZ99999 除許可業務外，得經營法令非禁止或限制之業務,桃園市,變更,11506
94226473,小精靈投資有限公司,桃園市中壢區領航南路三段309號16樓,林筱菁,5000000,,115/06/02,公司所在地,H201010 一般投資業；H701010 住宅及大樓開發租售業；H703090 不動產買賣業；H703100 不動產租賃業；ZZ99999 除許可業務外，得經營法令非禁止或限制之業務,桃園市,變更,11506
94227711,富星耀有限公司,桃園市中壢區吉林路166號,江至晟,3000000,,115/06/05,公司所在地,I301030 電子資訊供應服務業；JZ99990 未分類其他服務業；ZZ99999 除許可業務外，得經營法令非禁止或限制之業務,桃園市,變更,11506
94232411,正理股份有限公司,桃園市楊梅區金山街275巷20號6樓,鄭羽翔,8800000,,115/06/22,改選董事/監察人(一人法人股東指派董事/監察人),F106010 五金批發業；F113020 電器批發業；F113050 電腦及事務性機器設備批發業；F113070 電信器材批發業；F118010 資訊軟體批發業；F119010 電子材料批發業；F219010 電子材料零售業；F401010 國際貿易業；ZZ99999 除許可業務外，得經營法令非禁止或限制之業務,桃園市,變更,11506
94232480,皇星資源有限公司,桃園市蘆竹區錦中里南崁路一段83號18樓之3,莫家銓,500000,,115/06/03,改推董事/董事長,G801010 倉儲業；IZ06010 理貨包裝業；JZ99990 未分類其他服務業；ZZ99999 除許可業務外，得經營法令非禁止或限制之業務,桃園市,變更,11506
94255737,明煒實業有限公司,桃園市楊梅區環東路295巷6號,鄧秀蘭,500000,,115/06/03,公司所營事業變更修正章程,F501060 餐館業；F102170 食品什貨批發業；F106020 日常用品批發業；F203010 食品什貨、飲料零售業；F206020 日常用品零售業；C103050 罐頭、冷凍、脫水及醃漬食品製造業；C104020 烘焙炊蒸食品製造業；F201010 農產品零售業；F201990 其他農畜水產品零售業；J101010 建築物清潔服務業,桃園市,變更,11506
94255933,浩鋐股份有限公司,桃園市桃園區莊敬里中正路1252號(2樓),李昆璋,1000000,,115/06/08,變更組織,F102170 食品什貨批發業；F203010 食品什貨、飲料零售業；F208050 乙類成藥零售業；I103060 管理顧問業；F401010 國際貿易業；F199990 其他批發業；IZ12010 人力派遣業；ZZ99999 除許可業務外，得經營法令非禁止或限制之業務,桃園市,變更,11506
94256258,辰宇系統櫥櫃有限公司,桃園市桃園區光興里縣府路110號四樓之一,簡瑋廷,4700000,,115/06/12,增資,E801010 室內裝潢業；E801030 室內輕鋼架工程業；E801070 廚具、衛浴設備安裝工程業；F105050 家具、寢具、廚房器具、裝設品批發業；F120010 耐火材料批發業；I503010 景觀、室內設計業；I501010 產品設計業；I401010 一般廣告服務業；I401020 廣告傳單分送業；ZZ99999 除許可業務外，得經營法令非禁止或限制之業務,桃園市,變更,11506
94256497,宥禾有限公司,桃園市桃園區龍山里龍壽街273巷27號,陳嘉瑩,3000000,,115/06/02,股東出資轉讓修正章程,CC01080 電子零組件製造業；F113050 電腦及事務性機器設備批發業；F119010 電子材料批發業；F401010 國際貿易業；ZZ99999 除許可業務外，得經營法令非禁止或限制之業務,桃園市,變更,11506
94257257,百慶國際興業有限公司,桃園市觀音區中正路210號,江東峻,2000000,,115/06/08,一般補正案,IZ06010 理貨包裝業；IZ12010 人力派遣業；JZ99050 仲介服務業；JZ99090 喜慶綜合服務業；JZ99990 未分類其他服務業；JA01990 其他汽車服務業；E601010 電器承裝業；E601020 電器安裝業；F106010 五金批發業；F106020 日常用品批發業,桃園市,變更,11506
95428503,創奇生醫股份有限公司,桃園市龍潭區高楊南路215巷121號,陳立凱,134600000,,115/06/16,修正章程,CA02050 閥類製造業；CQ01010 模具製造業；CC01020 電線及電纜製造業；CC01080 電子零組件製造業；CC01990 其他電機及電子機械器材製造業；C805050 工業用塑膠製品製造業；F119010 電子材料批發業；F401010 國際貿易業；F213080 機械器具零售業；F113990 其他機械器具批發業,桃園市,變更,11506
95440350,義盛房屋仲介有限公司,桃園市龍潭區高原里福源路286巷48弄20號(1樓),黃楀喬,500000,,115/06/23,公司所在地,H704031 不動產仲介經紀業；H703090 不動產買賣業；H701010 住宅及大樓開發租售業；H701020 工業廠房開發租售業；H703100 不動產租賃業；I103060 管理顧問業；I401010 一般廣告服務業；I401020 廣告傳單分送業；IZ12010 人力派遣業；J101010 建築物清潔服務業,桃園市,變更,11506
95459202,醉生夢室有限公司,桃園市桃園區中山路1560號,羅健聞,1000000,,115/06/25,公司所營事業變更修正章程,F203010 食品什貨、飲料零售業；F203020 菸酒零售業；F102170 食品什貨批發業；F102030 菸酒批發業；F102040 飲料批發業；F399040 無店面零售業；F501060 餐館業；F501990 其他餐飲業；F601010 智慧財產權業；I199990 其他顧問服務業,桃園市,變更,11506
95469068,鑫柏有限公司,桃園市桃園區光興里縣府路110號4樓之2,潘景賓,100000,,115/06/15,公司所營事業變更修正章程,I103060 管理顧問業；I301010 資訊軟體服務業；I301020 資料處理服務業；I401010 一般廣告服務業；F203010 食品什貨、飲料零售業；F205040 家具、寢具、廚房器具、裝設品零售業；F206050 寵物食品及其用品零售業；F299990 其他零售業；F399040 無店面零售業；ZZ99999 除許可業務外，得經營法令非禁止或限制之業務,桃園市,變更,11506
95473197,宮藤企業有限公司,桃園市桃園區中正路876巷20之4號(1樓),楊永聖,500000,,115/06/12,公司所營事業變更修正章程,F207030 清潔用品零售業；F208040 化粧品零售業；F399040 無店面零售業；F401010 國際貿易業；F108040 化粧品批發業；F206020 日常用品零售業；F203010 食品什貨、飲料零售業；F204110 布疋、衣著、鞋、帽、傘、服飾品零售業；F205040 家具、寢具、廚房器具、裝設品零售業；F209060 文教、樂器、育樂用品零售業,桃園市,變更,11506
95479024,山城食品有限公司,桃園市桃園區玉山里玉山街233巷35弄4號(1樓),吳博仁,2000000,,115/06/18,一般補正案,F102020 食用油脂批發業；F102170 食品什貨批發業；F203010 食品什貨、飲料零售業；F199990 其他批發業；F299990 其他零售業；F105050 家具、寢具、廚房器具、裝設品批發業；F205040 家具、寢具、廚房器具、裝設品零售業；F113990 其他機械器具批發業；F213990 其他機械器具零售業；ZZ99999 除許可業務外，得經營法令非禁止或限制之業務,桃園市,變更,11506
95479468,惠杉投資股份有限公司,桃園市桃園區莊敬里中正路1416之1號5樓,楊金蓮,20000000,,115/06/26,一般補正案,H201010 一般投資業,桃園市,變更,11506
95484526,梁家餐飲事業股份有限公司,桃園市蘆竹區正興里奉化路24巷2號,梁祐齊,3000000,,115/06/17,一般補正案,F501060 餐館業；F501990 其他餐飲業；F203010 食品什貨、飲料零售業；F203020 菸酒零售業；ZZ99999 除許可業務外，得經營法令非禁止或限制之業務,桃園市,變更,11506
95494670,太助投資有限公司,桃園市八德區建國路50巷1號,陳柏誠,16000000,,115/06/25,增資,H201010 一般投資業,桃園市,變更,11506
95495220,清元室內裝修有限公司,桃園市平鎮區平安里南平路121巷53號(1樓),許瀚元,500000,,115/06/18,公司所在地,E801010 室內裝潢業；E801060 室內裝修業；F105050 家具、寢具、廚房器具、裝設品批發業；F205040 家具、寢具、廚房器具、裝設品零售業；C501040 組合木材製造業；E601010 電器承裝業；E601020 電器安裝業；E603090 照明設備安裝工程業；E801020 門窗安裝工程業；E801030 室內輕鋼架工程業,桃園市,變更,11506
95499773,駿弘包裝有限公司,桃園市新屋區清華里中山東路一段239號,劉國平,1000000,,115/06/17,申登機關變更（遷入，含卷）,C805020 塑膠膜、袋製造業；F107190 塑膠膜、袋批發業；F207190 塑膠膜、袋零售業；C805990 其他塑膠製品製造業；F108040 化粧品批發業；F208040 化粧品零售業；F401010 國際貿易業；F601010 智慧財產權業；I501010 產品設計業；IG01010 生物技術服務業,桃園市,變更,11506
95499979,呈盛股份有限公司,桃園市大園區水源路907號,黃立升,22000000,,115/06/24,補選董事(常務董事.董事長)/監察人,F105050 家具、寢具、廚房器具、裝設品批發業；F106010 五金批發業；F106020 日常用品批發業；F107030 清潔用品批發業；F111090 建材批發業；F113010 機械批發業；F113030 精密儀器批發業；F115020 礦石批發業；F120010 耐火材料批發業；F205040 家具、寢具、廚房器具、裝設品零售業,桃園市,變更,11506
96039968,喬申建設有限公司,桃園市中壢區龍岡路3段257巷29號5樓之1,劉邦烜,2500000,,115/06/26,公司所營事業變更修正章程,H701010 住宅及大樓開發租售業；H701020 工業廠房開發租售業；H701050 投資興建公共建設業；H701060 新市鎮、新社區開發業；H701070 區段徵收及市地重劃代辦業；H701090 都市更新整建維護業；H703090 不動產買賣業；H703100 不動產租賃業；J101030 廢棄物清除業；J101040 廢棄物處理業,桃園市,變更,11506
96355205,昀毅交通有限公司,桃園市龜山區萬壽路2段1273號11樓,林瑰雅,25000000,,115/06/09,股東出資轉讓修正章程,G101061 汽車貨運業；G202010 停車場經營業；G801010 倉儲業；EZ02010 起重工程業；F114010 汽車批發業；F114030 汽、機車零件配備批發業；F214010 汽車零售業；F214030 汽、機車零件配備零售業；F401010 國際貿易業；IZ06010 理貨包裝業,桃園市,變更,11506
96573259,采彤實業有限公司,桃園市新屋區永興里文化路三段593巷8號,胡郁華,200000,,115/06/17,公司所在地,F108031 醫療器材批發業；F208031 醫療器材零售業；CC01080 電子零組件製造業；CE01030 光學儀器製造業；CQ01010 模具製造業；F106030 模具批發業；F113030 精密儀器批發業；F113050 電腦及事務性機器設備批發業；F119010 電子材料批發業；F106010 五金批發業,桃園市,變更,11506
96586803,苡晨國際有限公司,桃園市桃園區中正路1092號25樓,邱以軒,200000,,115/06/15,股東出資轉讓修正章程,F118010 資訊軟體批發業；F218010 資訊軟體零售業；I301010 資訊軟體服務業；J399010 軟體出版業；I301030 電子資訊供應服務業；F399040 無店面零售業；F401010 國際貿易業；ZZ99999 除許可業務外，得經營法令非禁止或限制之業務,桃園市,變更,11506
96628487,承岳精品有限公司,桃園市新屋區新文路1088巷150弄138號7樓,郭曆曆,100000,,115/06/23,股東出資轉讓修正章程,F104110 布疋、衣著、鞋、帽、傘、服飾品批發業；F105050 家具、寢具、廚房器具、裝設品批發業；F106010 五金批發業；F106020 日常用品批發業；F107030 清潔用品批發業；F109070 文教、樂器、育樂用品批發業；F110010 鐘錶批發業；F110020 眼鏡批發業；F111090 建材批發業；F112020 煤及煤製品批發業,桃園市,變更,11506
96649103,富有愛有限公司,桃園市桃園區光興里中山北路54號,謝富貴,3500000,,115/06/09,公司所營事業變更修正章程,F102050 茶葉批發業；F203010 食品什貨、飲料零售業；F206020 日常用品零售業；F106020 日常用品批發業；F399040 無店面零售業；I199990 其他顧問服務業；IZ12010 人力派遣業；I301010 資訊軟體服務業；F501030 飲料店業；C110010 飲料製造業,桃園市,變更,11506
96655195,綠洲醫藥生技股份有限公司,桃園市龜山區山鶯路348號(8樓),李明順,15000000,,115/06/29,發行新股,C110010 飲料製造業；C199990 未分類其他食品製造業；C802080 環境用藥製造業；C802100 化粧品製造業；F108040 化粧品批發業；F208040 化粧品零售業；C802990 其他化學製品製造業；I199990 其他顧問服務業；F201010 農產品零售業；F208050 乙類成藥零售業,桃園市,變更,11506
96663907,后羿轆有限公司,桃園市中壢區復華街272號(1樓),尹柏龍,1000000,,115/06/29,公司所在地,F214030 汽、機車零件配備零售業；F204110 布疋、衣著、鞋、帽、傘、服飾品零售業；F206010 五金零售業；F206020 日常用品零售業；F206030 模具零售業；F213080 機械器具零售業；F214990 其他交通運輸工具及其零件零售業；I401010 一般廣告服務業；F399040 無店面零售業；F401010 國際貿易業,桃園市,變更,11506
96752416,辰康事業有限公司,桃園市桃園區文中東路79號,江成福,1000000,,115/06/25,股東出資轉讓修正章程,IG01010 生物技術服務業；I199990 其他顧問服務業；C199990 未分類其他食品製造業；C802100 化粧品製造業；C805990 其他塑膠製品製造業；CB01010 機械設備製造業；CB01990 其他機械製造業；CC01010 發電、輸電、配電機械製造業；CE01010 一般儀器製造業；CE01030 光學儀器製造業,桃園市,變更,11506
96764222,聯通資訊有限公司,桃園市中壢區復興路67號8樓之3,吳玉煌,2000000,,115/06/25,股東出資轉讓修正章程,F399040 無店面零售業；H703090 不動產買賣業；H703100 不動產租賃業；HZ02010 金融機構金錢債權收買業務；HZ02020 辦理金融機構金錢債權之評價或拍賣業務；HZ99990 其他金融、保險及不動產業；I102010 一般投資顧問業；I103060 管理顧問業；I401010 一般廣告服務業；I401020 廣告傳單分送業,桃園市,變更,11506
96770701,萬立運通有限公司,桃園市中壢區中央西路一段1號7樓,黃莉聲,2000000,,115/06/29,增資,F201010 農產品零售業；F201030 水產品零售業；F203010 食品什貨、飲料零售業；F204110 布疋、衣著、鞋、帽、傘、服飾品零售業；F205040 家具、寢具、廚房器具、裝設品零售業；F206020 日常用品零售業；F207030 清潔用品零售業；F209060 文教、樂器、育樂用品零售業；F399040 無店面零售業；F401010 國際貿易業,桃園市,變更,11506
96774798,蒔間生活設計有限公司,桃園市平鎮區東豐路662巷117號,陳玟臻,200000,,115/06/02,股東出資轉讓修正章程,F601010 智慧財產權業；E801010 室內裝潢業；I503010 景觀設計業；E603040 消防安全設備安裝工程業；E603090 照明設備安裝工程業；F105050 家具、寢具、廚房器具、裝設品批發業；F206010 五金零售業；I103060 管理顧問業；I105010 藝術品諮詢顧問業；I401010 一般廣告服務業,桃園市,變更,11506
96778990,雄厚建設股份有限公司,桃園市中壢區明德里龍岡路二段73巷52號(1樓),施淑珠,100000,,115/06/15,改選董事/監察人(一人法人股東指派董事/監察人),E801010 室內裝潢業；F105050 家具、寢具、廚房器具、裝設品批發業；F111090 建材批發業；F211010 建材零售業；H201010 一般投資業；H701010 住宅及大樓開發租售業；H701020 工業廠房開發租售業；H701050 投資興建公共建設業；H701060 新市鎮、新社區開發業；H701070 區段徵收及市地重劃代辦業,桃園市,變更,11506
96784070,富豆整合行銷有限公司,桃園市桃園區文中里文中一路25巷56號(2樓),孫塋茜,200000,,115/06/15,公司所在地,F208040 化粧品零售業；F206020 日常用品零售業；F207030 清潔用品零售業；F299990 其他零售業；I199990 其他顧問服務業；ZZ99999 除許可業務外，得經營法令非禁止或限制之業務；I102010 一般投資顧問業；J202010 產業育成業；I401010 一般廣告服務業,桃園市,變更,11506
96788940,萬順達有限公司,桃園市龜山區龜山里中和南路94巷1號5樓,王聖凱,100000,,115/06/24,股東出資轉讓修正章程,F203010 食品什貨、飲料零售業；F204110 布疋、衣著、鞋、帽、傘、服飾品零售業；F205040 家具、寢具、廚房器具、裝設品零售業；F206010 五金零售業；F206020 日常用品零售業；F206040 水器材料零售業；F206050 寵物食品及其用品零售業；F210010 鐘錶零售業；F210020 眼鏡零售業；F211010 建材零售業,桃園市,變更,11506
96807876,小草服飾有限公司,桃園市中壢區石頭里復興路123號（2樓）,何氏草,573000,,115/06/08,公司所在地,F206020 日常用品零售業；F204110 布疋、衣著、鞋、帽、傘、服飾品零售業；F208040 化粧品零售業；F401010 國際貿易業；ZZ99999 除許可業務外，得經營法令非禁止或限制之業務,桃園市,變更,11506
96814834,康睎能源股份有限公司,桃園市桃園區同安里中正路1082號24樓,邱政勳,150000000,,115/06/11,發行新股,CA01010 鋼鐵冶鍊業；CA01990 其他非鐵金屬基本工業；CA02070 製鎖業；CA02080 金屬鍛造業；CA02990 其他金屬製品製造業；CA04010 表面處理業；CA05010 粉末冶金業；CB01010 機械設備製造業；CB01990 其他機械製造業；D101060 再生能源自用發電設備業,桃園市,變更,11506
96817071,百大明醫股份有限公司,桃園市平鎮區廣達里環南路223巷2號(1樓),許春梅,2000000,,115/06/23,增資(資本總額),I101090 食品顧問業；I102010 一般投資顧問業；I105010 藝術品諮詢顧問業；I199990 其他顧問服務業；IG01010 生物技術服務業；IZ13010 網路認證服務業；I301010 資訊軟體服務業；I301020 資料處理服務業；I301030 電子資訊供應服務業；I401010 一般廣告服務業,桃園市,變更,11506
96817115,丰進有限公司,桃園市桃園區中路里國際路二段178號1樓,葉世芳,1010000,,115/06/25,公司所在地,F107190 塑膠膜、袋批發業；F199010 回收物料批發業；F207190 塑膠膜、袋零售業；J101030 廢棄物清除業；J101040 廢棄物處理業；J101080 資源回收業；C805020 塑膠膜、袋製造業；C805990 其他塑膠製品製造業,桃園市,變更,11506
96822004,希圖創意行銷有限公司,桃園市大溪區福居街60號二樓,周心怡,1000000,,115/06/11,公司所營事業變更修正章程,A301030 水產養殖業；A301040 娛樂漁業；A399990 其他漁業；A401060 其他動物服務業；CC01010 發電、輸電、配電機械製造業；CC01040 照明設備製造業；D101050 汽電共生業；D101060 再生能源自用發電設備業；E605010 電腦設備安裝業；E701030 電信管制射頻器材裝設工程業,桃園市,變更,11506
96833332,謙慕建築行銷股份有限公司,桃園市桃園區藝文一街86之5號4樓,鍾詩平,1000000,,115/06/12,公司所在地,H704041 不動產代銷經紀業；H704031 不動產仲介經紀業；I401010 一般廣告服務業；I401020 廣告傳單分送業；H703090 不動產買賣業；H703100 不動產租賃業；H701010 住宅及大樓開發租售業；H701020 工業廠房開發租售業；H702010 建築經理業；H201010 一般投資業,桃園市,變更,11506
96839069,茂芽興業有限公司,桃園市桃園區莊敬里莊敬路一段373號6樓之2,洪暄茨,500000,,115/06/24,公司所營事業變更修正章程,I501010 產品設計業；I599990 其他設計業；I401010 一般廣告服務業；I199990 其他顧問服務業；F199990 其他批發業；IG02010 研究發展服務業；IG03010 能源技術服務業；IZ99990 其他工商服務業；E603090 照明設備安裝工程業；F106010 五金批發業,桃園市,變更,11506
96841488,聚泉國際有限公司,桃園市桃園區大興西路二段63號2樓,黃翊芸,6500000,,115/06/05,一般補正案,E605010 電腦設備安裝業；F113020 電器批發業；F213010 電器零售業；F113050 電腦及事務性機器設備批發業；F213030 電腦及事務性機器設備零售業；F118010 資訊軟體批發業；F218010 資訊軟體零售業；F119010 電子材料批發業；F219010 電子材料零售業；F401010 國際貿易業,桃園市,變更,11506
96843845,家誠開發實業有限公司,桃園市桃園區西埔里富國路920巷199弄2號(1樓),謝佳卉,1000000,,115/06/24,公司所在地,A101050 花卉栽培業；A102050 作物栽培服務業；A102080 園藝服務業；E599010 配管工程業；E601020 電器安裝業；E603010 電纜安裝工程業；E603040 消防安全設備安裝工程業；E603090 照明設備安裝工程業；E603100 電焊工程業；E604010 機械安裝業,桃園市,變更,11506
96846765,鋐泰光電股份有限公司,桃園市中壢區永福里中園路168之1號六樓,林澄鋒,51480860,,115/06/10,發行新股,CC01080 電子零組件製造業；CC01090 電池製造業；CC01990 其他電機及電子機械器材製造業；IG03010 能源技術服務業；F113110 電池批發業；F119010 電子材料批發業；F213110 電池零售業；F219010 電子材料零售業；F401010 國際貿易業；CA01990 其他非鐵金屬基本工業,桃園市,變更,11506
96933037,長生電力股份有限公司,桃園市蘆竹區濱海里濱海路一段199號,王長生,5150000000,,115/06/22,董事(常務董事.董事長)/監察人解任,CC01010 發電、輸電、配電機械製造業；D101011 發電業；D101050 汽電共生業；F401010 國際貿易業；ZZ99999 除許可業務外，得經營法令非禁止或限制之業務,桃園市,變更,11506
96961336,集隆股份有限公司,桃園市桃園區經國路842號九樓之1,林威宇,80000000,,115/06/02,董事/監察人持股變動報備,,桃園市,變更,11506
97025153,大正銳業有限公司,桃園市新屋區石牌里東興路二段100號,林佳正,11000000,,115/06/04,減少所營事業變更修正章程,A101020 農作物栽培業；A101030 特用作物栽培業；A101040 食用菌菇類栽培業；A101050 花卉栽培業；A102030 蠶絲業；A102050 作物栽培服務業；A102060 糧商業；A102070 菸草整理業；A102080 園藝服務業；A199990 其他農業,桃園市,變更,11506
97026553,勝晟精密機械股份有限公司,桃園市八德區茄苳路760巷6號,詹前鋕,100000000,,115/06/24,一般補正案,CB01010 機械設備製造業；CQ01010 模具製造業；I501010 產品設計業；E604010 機械安裝業；F106030 模具批發業；F113010 機械批發業；F206030 模具零售業；F213080 機械器具零售業；F401010 國際貿易業；CD01030 汽車及其零件製造業,桃園市,變更,11506
97058750,福進興營造有限公司,桃園市龍潭區中正里中正路420號1樓,林昭同,22500000,,115/06/11,股東出資轉讓修正章程,E101011 綜合營造業；H701010 住宅及大樓開發租售業；ZZ99999 除許可業務外，得經營法令非禁止或限制之業務,桃園市,變更,11506
97069291,泉裕機械股份有限公司,桃園市八德區介壽路二段780號七樓,呂學揚,10000000,,115/06/16,公司所在地,,桃園市,變更,11506
97178087,德宏工業股份有限公司,桃園市楊梅區楊湖路2段718號,劉暉麟,1271270170,,115/06/30,修正章程,C804020 工業用橡膠製品製造業；C805070 強化塑膠製品製造業；C805990 其他塑膠製品製造業；CC01080 電子零組件製造業；F118010 資訊軟體批發業；F119010 電子材料批發業；F199990 其他批發業；F218010 資訊軟體零售業；F399990 其他綜合零售業；F401010 國際貿易業,桃園市,變更,11506
97188938,燁品企業有限公司,桃園市龍潭區烏林里工五路239號1樓,吳謦彤,5000000,,115/06/09,股東出資轉讓修正章程,CC01990 其他電機及電子機械器材製造業。（模具溫度控制機械）。；CB01010 機械設備製造業。,桃園市,變更,11506
97194039,羚洋科技股份有限公司,桃園市桃園區汴洲里經國路888號11樓之16,許演洲,126540000,,115/06/22,改選董事/監察人(一人法人股東指派董事/監察人),CC01040 照明設備製造業；CC01080 電子零組件製造業；E601010 電器承裝業；E603090 照明設備安裝工程業；EZ06010 交通標示工程業；F117010 消防安全設備批發業；F119010 電子材料批發業；F217010 消防安全設備零售業；F401010 國際貿易業；IG03010 能源技術服務業,桃園市,變更,11506
97211972,佳龍科技工程股份有限公司,桃園市觀音區大潭里1鄰環科路323號,吳界欣,1044358290,,115/06/17,董事(常務董事.董事長)/監察人解任,C801010 基本化學工業；C802170 毒性化學物質製造業；C802990 其他化學製品製造業；C805070 強化塑膠製品製造業；C805990 其他塑膠製品製造業；C901010 陶瓷及陶瓷製品製造業；C901020 玻璃及玻璃製品製造業；C901040 預拌混凝土製造業；C901060 耐火材料製造業；C901070 石材製品製造業,桃園市,變更,11506
97257738,宏致電子股份有限公司,桃園市中壢區過嶺里過嶺路二段530-6號,袁万丁,1746974410,,115/06/02,一般補正案,C805050 工業用塑膠製品製造業；CC01080 電子零組件製造業；CF01011 醫療器材製造業；CQ01010 模具製造業；E605010 電腦設備安裝業；F108031 醫療器材批發業；F113050 電腦及事務性機器設備批發業；F113070 電信器材批發業；F118010 資訊軟體批發業；F119010 電子材料批發業,桃園市,變更,11506
97274440,誠峰環保工程股份有限公司,桃園市龜山區中興里三民路66號,康如琇,10000000,,115/06/11,改選董事/監察人(一人法人股東指派董事/監察人),E599010 配管工程業；E601020 電器安裝業；J101050 環境檢測服務業；J101060 廢（污）水處理業；CB01010 機械設備製造業；CB01030 污染防治設備製造業；CB01990 其他機械製造業；F102170 食品什貨批發業；F105050 家具、寢具、廚房器具、裝設品批發業；F113010 機械批發業,桃園市,變更,11506
97277354,祥瑜自動化股份有限公司,桃園市楊梅區三民里三民路13號,莊霈晴,8000000,,115/06/04,公司印鑑變更,CB01010 機械設備製造業；CQ01010 模具製造業；CC01010 發電、輸電、配電機械製造業；CC01050 資料儲存及處理設備製造業,桃園市,變更,11506
97278895,玖群營造有限公司,桃園市桃園區龍泉二街55號3樓,吳惠琳,6000000,,115/06/09,股東出資轉讓修正章程,E101011 綜合營造業；E599010 配管工程業；E601010 電器承裝業；E601020 電器安裝業；E603020 電梯安裝工程業；E603040 消防安全設備安裝工程業；E603050 自動控制設備工程業；E603080 交通號誌安裝工程業；E603090 照明設備安裝工程業；E607010 太陽熱能設備安裝工程業,桃園市,變更,11506
97350397,力敏營造有限公司,桃園市大園區南港里文興街15號(1樓),林庭鴻,27000000,,115/06/08,股東出資轉讓修正章程,E101011 綜合營造業；E401010 疏濬業；E402010 沙石、淤泥海拋業；E599010 配管工程業；E603040 消防安全設備安裝工程業；E603080 交通號誌安裝工程業；E901010 油漆工程業；B601010 土石採取業；J101010 建築物清潔服務業；J101030 廢棄物清除業,桃園市,變更,11506
97395492,多益利股份有限公司,桃園市平鎮區高雙里1鄰復旦路三段111巷62弄1號1樓,許梓恂,15000000,,115/06/11,改選董事/監察人(一人法人股東指派董事/監察人),CC01010 發電、輸電、配電機械製造業；CC01080 電子零組件製造業；CC01990 其他電機及電子機械器材製造業；F401010 國際貿易業；ZZ99999 除許可業務外，得經營法令非禁止或限制之業務,桃園市,變更,11506
97399645,久軒實業有限公司,桃園市大溪區復興路208號,蘇月雲,5000000,,115/06/08,股東出資轉讓修正章程,,桃園市,變更,11506
97414322,日懋家具有限公司,桃園市桃園區春日路1293號,林維仁,1000000,,115/06/30,股東出資轉讓修正章程,F105050 家具、寢具、廚房器具、裝設品批發業；F106020 日常用品批發業；F106010 五金批發業；F111090 建材批發業；F113010 機械批發業；F113020 電器批發業；F205040 家具、寢具、廚房器具、裝設品零售業；F206010 五金零售業；F206020 日常用品零售業；F215020 礦石零售業,桃園市,變更,11506
97420035,永通污水處理工程股份有限公司,桃園市蘆竹區南竹路三段150巷10弄15號(1樓),張育銘,5000000,,115/06/15,改選董事/監察人(一人法人股東指派董事/監察人),E303010 空氣污染防制工程業；CB01030 污染防治設備製造業,桃園市,變更,11506
97447870,華碩系統工程股份有限公司,桃園市桃園區中正路1351號7樓,林瑞崇,60000000,,115/06/18,增資(資本總額),E603050 自動控制設備工程業；E604010 機械安裝業；E605010 電腦設備安裝業；EZ05010 儀器、儀表安裝工程業；F113090 交通標誌器材批發業；F113990 其他機械器具批發業；F114080 軌道車輛及其零件批發業；F214080 軌道車輛及其零件零售業；F401010 國際貿易業；I103060 管理顧問業,桃園市,變更,11506
97453979,佰侖水泥製品有限公司,桃園市蘆竹區長春路60號9樓,劉彤昤,1000000,,115/06/12,公司所營事業變更修正章程,J101030 廢棄物清除業；J101040 廢棄物處理業；J101080 資源回收業；J101090 廢棄物清理業；J101010 建築物清潔服務業；J101990 其他環境衛生及污染防治服務業；F111090 建材批發業；EZ99990 其他工程業；F401010 國際貿易業；ZZ99999 除許可業務外，得經營法令非禁止或限制之業務,桃園市,變更,11506
97455929,司麥特機械股份有限公司,桃園市八德區茄苳路510巷28號,林健民,5000000,,115/06/23,改派董事/監察人,,桃園市,變更,11506
97462301,秋雨物流股份有限公司,桃園市蘆竹區宏竹里大竹北路370號,王舒榛,42000000,,115/06/22,改選董事/監察人(一人法人股東指派董事/監察人),F102030 菸酒批發業；F102040 飲料批發業；F102050 茶葉批發業；F102170 食品什貨批發業；F104110 布疋、衣著、鞋、帽、傘、服飾品批發業；F109070 文教、樂器、育樂用品批發業；F118010 資訊軟體批發業；F401010 國際貿易業；G801010 倉儲業；J304010 圖書出版業,桃園市,變更,11506
97500810,樂洋投資股份有限公司,桃園市桃園區文化里復興路168號8樓之5,陳建凱,12000000,,115/06/26,增資(資本總額),H201010 一般投資業,桃園市,變更,11506
97526353,牧穀食品有限公司,桃園市大園區田心里大觀路142號,楊學恩,6000000,,115/06/12,一般補正案,C103050 罐頭、冷凍、脫水及醃漬食品製造業；C104020 烘焙炊蒸食品製造業；C109010 調味品製造業；C114010 食品添加物製造業；C199030 即食餐食製造業；C199990 未分類其他食品製造業；C105010 食用油脂製造業；F101040 家畜家禽批發業；F101050 水產品批發業；F101990 其他農、畜、水產品批發業,桃園市,變更,11506
97528887,我的皮拉提斯有限公司,桃園市桃園區同安里同德六街89號11樓之2,楊蕙如,1000000,,115/06/04,公司所營事業變更修正章程,J801030 競技及休閒運動場館業；J802010 運動訓練業；J803010 運動表演業；J601010 藝文服務業；F204110 布疋、衣著、鞋、帽、傘、服飾品零售業；F209060 文教、樂器、育樂用品零售業；F399040 無店面零售業；F399990 其他綜合零售業；ZZ99999 除許可業務外，得經營法令非禁止或限制之業務；F108040 化粧品批發業,桃園市,變更,11506
97582018,宗泰科技環保股份有限公司,桃園市蘆竹區南崁路二段274號,王寵惠,9220000,,115/06/22,一般補正案,ZZ99999 除許可業務外，得經營法令非禁止或限制之業務；F104110 布疋、衣著、鞋、帽、傘、服飾品批發業；F102170 食品什貨批發業；F105050 家具、寢具、廚房器具、裝設品批發業；F106020 日常用品批發業；F106010 五金批發業；F199990 其他批發業；F203010 食品什貨、飲料零售業；F204110 布疋、衣著、鞋、帽、傘、服飾品零售業；F205040 家具、寢具、廚房器具、裝設品零售業,桃園市,變更,11506
97702127,安澤智能自動化股份有限公司,桃園市中壢區中央里中央東路88號18樓,莊雅安,20000000,,115/06/29,一般補正案,F113030 精密儀器批發業；F113050 電腦及事務性機器設備批發業；E603050 自動控制設備工程業；F401010 國際貿易業；F219010 電子材料零售業；F119010 電子材料批發業；F218010 資訊軟體零售業；F118010 資訊軟體批發業；F113070 電信器材批發業；F213060 電信器材零售業,桃園市,變更,11506
97750458,賢通儲運有限公司,桃園市大園區仁德里仁德路87號(1樓),呂銘賢,1000000,,115/06/26,減少所營事業變更修正章程,G799990 其他運輸輔助業；EZ02010 起重工程業；G801010 倉儲業；JE01010 租賃業；F219010 電子材料零售業；F214990 其他交通運輸工具及其零件零售業；F213080 機械器具零售業；IZ12010 人力派遣業；IZ06010 理貨包裝業；F401010 國際貿易業,桃園市,變更,11506
98641556,火箭物流倉儲股份有限公司,桃園市觀音區玉林路一段523號,Mark Ross,3817539920,,115/06/15,改選董事/監察人(一人法人股東指派董事/監察人),F401010 國際貿易業；G801010 倉儲業；IZ06010 理貨包裝業；I102010 一般投資顧問業；I103060 管理顧問業；I301010 資訊軟體服務業；I301020 資料處理服務業；I301030 電子資訊供應服務業；I401010 一般廣告服務業；ZZ99999 除許可業務外，得經營法令非禁止或限制之業務,桃園市,變更,11506
