統一編號,公司名稱,公司所在地,代表人,資本額,核准設立日期,核准變更日期,案由或變更事項,營業項目,縣市,清冊,期別
00002860,數位優品國際有限公司,臺北市中山區中山北路3段27號7樓之6,田承明,5500000,,115/06/16,特殊補正,F102170 食品什貨批發業；F113050 電腦及事務性機器設備批發業；F113070 電信器材批發業；F119010 電子材料批發業；F199990 其他批發業；F203010 食品什貨、飲料零售業；F213010 電器零售業；F213030 電腦及事務性機器設備零售業；F213080 機械器具零售業；F219010 電子材料零售業,臺北市,變更,11506
00002952,昱成資產管理顧問有限公司,臺北市內湖區文湖街82號2樓,吳冠緯,20000000,,115/06/16,增資,I102010 一般投資顧問業；I103060 管理顧問業；I199990 其他顧問服務業；I301010 資訊軟體服務業；I301020 資料處理服務業；I301030 電子資訊供應服務業；IZ99990 其他工商服務業；F401010 國際貿易業；F218010 資訊軟體零售業；J202010 產業育成業,臺北市,變更,11506
00012558,群曜數位科技股份有限公司,臺北市中山區民權東路3段65號1樓,張松鑌,250000000,,115/06/22,特殊補正,CB01010 機械設備製造業；CC01060 有線通信機械器材製造業；CC01070 無線通信機械器材製造業；CC01080 電子零組件製造業；CC01120 資料儲存媒體製造及複製業；E601010 電器承裝業；E601020 電器安裝業；E603010 電纜安裝工程業；E603040 消防安全設備安裝工程業；E603050 自動控制設備工程業,臺北市,變更,11506
00016180,創豐年代股份有限公司,臺北市中山區中山北路3段27號7樓之6,蘇瑋婷,330000,,115/06/11,特殊補正,ZZ99999 除許可業務外，得經營法令非禁止或限制之業務；F102170 食品什貨批發業；F105050 家具、寢具、廚房器具、裝設品批發業；F106020 日常用品批發業；F107030 清潔用品批發業；F108040 化粧品批發業；F399040 無店面零售業；I103060 管理顧問業；I301010 資訊軟體服務業；I301020 資料處理服務業,臺北市,變更,11506
00022492,合穎國際有限公司,臺北市文山區保儀路77巷1號,周愛玲,500000,,115/06/29,特殊補正,C199030 即食餐食製造業；C199010 麵條、粉條類食品製造業；C104020 烘焙炊蒸食品製造業；F102170 食品什貨批發業；F108040 化粧品批發業；F206050 寵物食品及其用品零售業；F208040 化粧品零售業；F199990 其他批發業；F299990 其他零售業；F399040 無店面零售業,臺北市,變更,11506
00022704,金世德時尚國際有限公司,臺北市中山區民生東路1段72號2樓之2,吳中錡,1000000,,115/06/30,特殊補正,F107020 染料、顏料批發業；F108040 化粧品批發業；F199990 其他批發業；F206020 日常用品零售業；F208040 化粧品零售業；F213990 其他機械器具零售業；F218010 資訊軟體零售業；F299990 其他零售業；F399990 其他綜合零售業；F399040 無店面零售業,臺北市,變更,11506
00023555,賧久古有限公司,臺北市大同區重慶北路2段198號1樓,盧峮毅,100000,,115/06/01,股東出資轉讓修正章程,F501060 餐館業；F501030 飲料店業；F102170 食品什貨批發業；F102040 飲料批發業；F104110 布疋、衣著、鞋、帽、傘、服飾品批發業；F105050 家具、寢具、廚房器具、裝設品批發業；F109070 文教、樂器、育樂用品批發業；F202010 飼料零售業；F203020 菸酒零售業；F203010 食品什貨、飲料零售業,臺北市,變更,11506
00027567,欣澄整合行銷有限公司,臺北市南港區研究院路2段70巷10弄8號5樓,王華欣,5513914,,115/06/04,增資,E599010 配管工程業；E601020 電器安裝業；E603040 消防安全設備安裝工程業；E603050 自動控制設備工程業；E603090 照明設備安裝工程業；E605010 電腦設備安裝業；E701040 簡易電信設備安裝業；E801010 室內裝潢業；E801020 門窗安裝工程業；E801030 室內輕鋼架工程業,臺北市,變更,11506
00029256,香港商希杰娛樂媒體香港有限公司,臺北市中山區南京東路三段168號15樓之２,JUNG SUNG HOON,44500000,,115/06/02,一般補正案,J401010 電影片製作業；J402010 電影片發行業；J503020 電視節目製作業；J503030 廣播電視節目發行業；J503040 廣播電視廣告業；J601010 藝文服務業；J602010 演藝活動業；ZZ99999 除許可業務外，得經營法令非禁止或限制之業務,臺北市,變更,11506
00032750,善漾股份有限公司,臺北市大安區瑞安街61巷1弄3號1樓,杜冠鋐,9800000,,115/06/25,特殊補正,JZ99080 美容美髮服務業；F208040 化粧品零售業；ZZ99999 除許可業務外，得經營法令非禁止或限制之業務,臺北市,變更,11506
00036496,又一間餐飲有限公司,臺北市大安區通安街46號1樓,謝乃文,5100000,,115/06/09,特殊補正,F501990 其他餐飲業；H201010 一般投資業；I101090 食品顧問業；I102010 一般投資顧問業；I103060 管理顧問業；ZZ99999 除許可業務外，得經營法令非禁止或限制之業務,臺北市,變更,11506
00041076,研香塾股份有限公司,臺北市大安區和平東路1段10號5樓,邱凱莉,3000000,,115/06/03,特殊補正,F208040 化粧品零售業；F108040 化粧品批發業；F399040 無店面零售業；F401010 國際貿易業；IG01010 生物技術服務業；J202010 產業育成業；F102170 食品什貨批發業；F203010 食品什貨、飲料零售業；F102020 食用油脂批發業；ZZ99999 除許可業務外，得經營法令非禁止或限制之業務,臺北市,變更,11506
00043861,麥麥斯科技有限公司,臺北市大安區信義路4段210號11樓,張宬赫,1000000,,115/06/15,股東出資轉讓修正章程,F399040 無店面零售業；I301010 資訊軟體服務業；I301020 資料處理服務業；I301030 電子資訊供應服務業；I301060 網路廣告平臺業；I199990 其他顧問服務業；I401010 一般廣告服務業；ZZ99999 除許可業務外，得經營法令非禁止或限制之業務,臺北市,變更,11506
00046847,金上億實業有限公司,臺北市信義區莊敬路423巷6弄8號,許政杰,10000000,,115/06/09,公司印鑑變更,E599010 配管工程業；E601010 電器承裝業；E601020 電器安裝業；E603010 電纜安裝工程業；E603040 消防安全設備安裝工程業；E603050 自動控制設備工程業；E603090 照明設備安裝工程業；E801070 廚具、衛浴設備安裝工程業；F217010 消防安全設備零售業；F117010 消防安全設備批發業,臺北市,變更,11506
00050567,實現夢想國際文教有限公司,臺北市大安區復興南路2段237號13樓,施聿銘,400000,,115/06/24,特殊補正,I301010 資訊軟體服務業；F218010 資訊軟體零售業；I103060 管理顧問業；I199990 其他顧問服務業；IZ04010 翻譯業；F209060 文教、樂器、育樂用品零售業；F399040 無店面零售業；ZZ99999 除許可業務外，得經營法令非禁止或限制之業務,臺北市,變更,11506
00053425,亞尚恩國際股份有限公司,臺北市松山區南京東路3段261號5樓,張智彥,5000000,,115/06/11,法人股東更名、國籍、地址變更,F112020 煤及煤製品批發業；F212030 煤零售業；F401010 國際貿易業,臺北市,變更,11506
00054233,律思科技股份有限公司,臺北市中山區南京東路2段150號7樓,顧念宗,3000000,,115/06/15,特殊補正,I301010 資訊軟體服務業；I301020 資料處理服務業；I301030 電子資訊供應服務業；I103060 管理顧問業；I199990 其他顧問服務業；I401010 一般廣告服務業；I501010 產品設計業；I599990 其他設計業；IZ09010 管理系統驗證業；IZ12010 人力派遣業,臺北市,變更,11506
00057549,賽普勒斯商艾克索拉有限公司,臺北市信義區基隆路一段206號18樓,DMITRY BURKOVSKIY,2300000,,115/06/25,一般補正案,F601010 智慧財產權業；I199990 其他顧問服務業；I301010 資訊軟體服務業；I301020 資料處理服務業；I301030 電子資訊供應服務業；I401010 一般廣告服務業；I401020 廣告傳單分送業；I501010 產品設計業；F401010 國際貿易業；ZZ99999 除許可業務外，得經營法令非禁止或限制之業務,臺北市,變更,11506
00059271,韜旭運動行銷股份有限公司,臺北市中山區南京東路2段150號11樓,賴人綱,500000,,115/06/01,董事(常務董事.董事長)/監察人解任,F104110 布疋、衣著、鞋、帽、傘、服飾品批發業；F109070 文教、樂器、育樂用品批發業；F203010 食品什貨、飲料零售業；F204110 布疋、衣著、鞋、帽、傘、服飾品零售業；F209060 文教、樂器、育樂用品零售業；F401010 國際貿易業；I103060 管理顧問業；I301010 資訊軟體服務業；I301020 資料處理服務業；I301030 電子資訊供應服務業,臺北市,變更,11506
00062894,共好策劃行銷有限公司,臺北市中正區忠孝東路2段80號3樓之1,曾凡珊,10000000,,115/06/26,公司所在地,F104110 布疋、衣著、鞋、帽、傘、服飾品批發業；F105050 家具、寢具、廚房器具、裝設品批發業；F108040 化粧品批發業；F203010 食品什貨、飲料零售業；F204110 布疋、衣著、鞋、帽、傘、服飾品零售業；F205040 家具、寢具、廚房器具、裝設品零售業；F218010 資訊軟體零售業；F399040 無店面零售業；F401010 國際貿易業；F601010 智慧財產權業,臺北市,變更,11506
00062965,棋麟實業有限公司,臺北市內湖區內湖路1段356號8樓,吳孟昊,28100000,,115/06/15,特殊補正,CC01040 照明設備製造業；CC01080 電子零組件製造業；E601020 電器安裝業；E603090 照明設備安裝工程業；E801010 室內裝潢業；E801030 室內輕鋼架工程業；F106010 五金批發業；F106020 日常用品批發業；F106040 水器材料批發業；F109070 文教、樂器、育樂用品批發業,臺北市,變更,11506
00064794,百變全球餐飲股份有限公司,臺北市松山區八德路4段123號7樓,謝采蓁,500000,,115/06/08,特殊補正,F101130 蔬果批發業；F102170 食品什貨批發業；F201010 農產品零售業；F201030 水產品零售業；F203010 食品什貨、飲料零售業；F206020 日常用品零售業；F218010 資訊軟體零售業；F399040 無店面零售業；F501030 飲料店業；F501060 餐館業,臺北市,變更,11506
00070830,秀泰全球影城股份有限公司,臺北市大同區承德路1段40號6樓,廖偉銘,250000000,,115/06/15,特殊補正,J403010 電影片映演業；J402010 電影片發行業；J601010 藝文服務業；J602010 演藝活動業；F203010 食品什貨、飲料零售業；F501030 飲料店業；I401010 一般廣告服務業；ZZ99999 除許可業務外，得經營法令非禁止或限制之業務,臺北市,變更,11506
00073816,太廈綠能股份有限公司,臺北市大安區大安路1段31巷41號1樓,鄭旭捷,29000000,,115/06/09,發行新股,IG03010 能源技術服務業；D101060 再生能源自用發電設備業；F113110 電池批發業；F119010 電子材料批發業；I103060 管理顧問業；E606010 用電設備檢驗維護業；E607010 太陽熱能設備安裝工程業；F113010 機械批發業；CC01010 發電、輸電、配電機械製造業；CC01080 電子零組件製造業,臺北市,變更,11506
00075440,仲和資產管理股份有限公司,臺北市內湖區瑞光路360號3樓之1,劉復興,200000000,,115/06/09,改選董事/監察人(一人法人股東指派董事/監察人),H702010 建築經理業；HZ02020 辦理金融機構金錢債權之評價或拍賣業務；I102010 一般投資顧問業；I103060 管理顧問業；H701010 住宅及大樓開發租售業；H701080 都市更新重建業；H701090 都市更新整建維護業；H703100 不動產租賃業；JE01010 租賃業；H701020 工業廠房開發租售業,臺北市,變更,11506
00076932,鼎豐亞太投資股份有限公司,臺北市信義區松智路1號5樓,方翰瑋,1000000,,115/06/08,公司所在地,F401010 國際貿易業；F601010 智慧財產權業；H201010 一般投資業；H202010 創業投資業；H204010 私募股權投資業；H703090 不動產買賣業；H703100 不動產租賃業；I102010 一般投資顧問業；I103060 管理顧問業；ZZ99999 除許可業務外，得經營法令非禁止或限制之業務,臺北市,變更,11506
00077974,金富陽能源股份有限公司,臺北市南港區園區街3號16樓之1,許宏斌,2500000,,115/06/30,改選董事/監察人(一人法人股東指派董事/監察人),CC01010 發電、輸電、配電機械製造業；D401010 熱能供應業；E599010 配管工程業；E601010 電器承裝業；E601020 電器安裝業；E603010 電纜安裝工程業；E603050 自動控制設備工程業；E604010 機械安裝業；E701040 簡易電信設備安裝業；EZ05010 儀器、儀表安裝工程業,臺北市,變更,11506
00084861,旺德發展投資股份有限公司,臺北市大安區信義路4段210號11樓,陳婉萍,1000000,,115/06/24,改選董事/監察人(一人法人股東指派董事/監察人),H201010 一般投資業,臺北市,變更,11506
00086853,影墨文創股份有限公司,臺北市信義區松德路65號10樓之5,徐桂森,2500000,,115/06/08,改選董事/監察人(一人法人股東指派董事/監察人),F401010 國際貿易業；F601010 智慧財產權業；I102010 一般投資顧問業；I103060 管理顧問業；I105010 藝術品諮詢顧問業；I401010 一般廣告服務業；I501010 產品設計業；IZ12010 人力派遣業；IZ99990 其他工商服務業；J202010 產業育成業,臺北市,變更,11506
00091429,龍大悅行銷有限公司,臺北市大安區信義路4段1號2樓,陳秀蘭,1000000,,115/06/29,增資,J602010 演藝活動業；F104110 布疋、衣著、鞋、帽、傘、服飾品批發業；F109070 文教、樂器、育樂用品批發業；F118010 資訊軟體批發業；F204110 布疋、衣著、鞋、帽、傘、服飾品零售業；F209060 文教、樂器、育樂用品零售業；F218010 資訊軟體零售業；F401010 國際貿易業；F601010 智慧財產權業；I301010 資訊軟體服務業,臺北市,變更,11506
00092285,庫洛洛國際貿易有限公司,臺北市中山區錦州街216號1樓,何志強,5000000,,115/06/15,增資,ZZ99999 除許可業務外，得經營法令非禁止或限制之業務；F102040 飲料批發業；F102170 食品什貨批發業；F104110 布疋、衣著、鞋、帽、傘、服飾品批發業；F105050 家具、寢具、廚房器具、裝設品批發業；F106010 五金批發業；F106020 日常用品批發業；F108040 化粧品批發業；F109070 文教、樂器、育樂用品批發業；F113010 機械批發業,臺北市,變更,11506
00092665,達意投資股份有限公司,臺北市信義區忠孝東路5段1號2樓,蔡裕隆,1000000,,115/06/25,改選董事/監察人(一人法人股東指派董事/監察人),H201010 一般投資業,臺北市,變更,11506
00097681,路易行銷有限公司,臺北市大同區華陰街91號3樓之3,楊琨雁,750000,,115/06/29,股東出資轉讓修正章程,F102170 食品什貨批發業；F104110 布疋、衣著、鞋、帽、傘、服飾品批發業；F105050 家具、寢具、廚房器具、裝設品批發業；F106020 日常用品批發業；F108040 化粧品批發業；F399040 無店面零售業；I401010 一般廣告服務業；I501010 產品設計業；ZZ99999 除許可業務外，得經營法令非禁止或限制之業務,臺北市,變更,11506
00111494,維度諮詢股份有限公司,臺北市信義區基隆路1段206號18樓,謝秉諺,300000,,115/06/17,特殊補正,I102010 一般投資顧問業；I301030 電子資訊供應服務業；I103060 管理顧問業；ZZ99999 除許可業務外，得經營法令非禁止或限制之業務,臺北市,變更,11506
00113296,咖啡宇宙有限公司,臺北市中山區四平街73號,沈柏文,500000,,115/06/25,股東出資轉讓修正章程,F203010 食品什貨、飲料零售業；F501030 飲料店業；ZZ99999 除許可業務外，得經營法令非禁止或限制之業務,臺北市,變更,11506
00114979,天神國際投資有限公司,臺北市中正區博愛路80號11樓,高旭旭,100000,,115/06/24,公司所在地,H201010 一般投資業,臺北市,變更,11506
00115273,洞見創意娛樂有限公司,臺北市松山區南京東路5段156號4樓,孔繁亭,500000,,115/06/30,特殊補正,F102170 食品什貨批發業；F104110 布疋、衣著、鞋、帽、傘、服飾品批發業；F105050 家具、寢具、廚房器具、裝設品批發業；F106020 日常用品批發業；F106050 陶瓷玻璃器皿批發業；F106060 寵物食品及其用品批發業；F109070 文教、樂器、育樂用品批發業；F116010 照相器材批發業；F118010 資訊軟體批發業；F203010 食品什貨、飲料零售業,臺北市,變更,11506
00119995,艸敘室內設計股份有限公司,臺北市信義區松隆路245號2樓,卓嘉緣,3100000,,115/06/15,申登機關變更（遷入，含卷）,E801010 室內裝潢業；E801020 門窗安裝工程業；E801030 室內輕鋼架工程業；E801040 玻璃安裝工程業；E801070 廚具、衛浴設備安裝工程業；E901010 油漆工程業；F401010 國際貿易業；I503010 景觀、室內設計業；E603040 消防安全設備安裝工程業；E603090 照明設備安裝工程業,臺北市,變更,11506
00122529,鼎頤資本投資股份有限公司,臺北市中山區南京東路2段111號12樓,陳建成,9300000,,115/06/16,發行新股,I102010 一般投資顧問業；I103060 管理顧問業；JZ99050 仲介服務業；ZZ99999 除許可業務外，得經營法令非禁止或限制之業務；H201010 一般投資業；H202010 創業投資業,臺北市,變更,11506
00124337,台灣魁力屋國際股份有限公司,臺北市信義區基隆路2段51號14樓,田口剛,45000000,,115/06/03,經理人更名、證照變更,F102030 菸酒批發業；F102040 飲料批發業；F102170 食品什貨批發業；F109070 文教、樂器、育樂用品批發業；F113010 機械批發業；F113020 電器批發業；F113990 其他機械器具批發業；F203010 食品什貨、飲料零售業；F203020 菸酒零售業；F209060 文教、樂器、育樂用品零售業,臺北市,變更,11506
00126671,威凜科技股份有限公司,臺北市中山區南京東路2段101號12樓,John Keh,50000000,,115/06/22,特殊補正,I301030 電子資訊供應服務業；I301010 資訊軟體服務業；I301020 資料處理服務業；F601010 智慧財產權業；I501010 產品設計業；F401010 國際貿易業；CC01070 無線通信機械器材製造業；CC01080 電子零組件製造業；CC01100 電信管制射頻器材製造業；CC01990 其他電機及電子機械器材製造業,臺北市,變更,11506
00129179,王冠千大投資控股股份有限公司,臺北市中山區民生東路1段42號3樓之1,王蘿翔,100000,,115/06/25,特殊補正,H201010 一般投資業；ZZ99999 除許可業務外，得經營法令非禁止或限制之業務；F113050 電腦及事務性機器設備批發業；F213030 電腦及事務性機器設備零售業；F118010 資訊軟體批發業；F218010 資訊軟體零售業；F113070 電信器材批發業；F113060 度量衡器批發業；F119010 電子材料批發業；F219010 電子材料零售業,臺北市,變更,11506
00129213,左眼跳財有限公司,臺北市大同區太原路115巷18號,吳奕宏,1000000,,115/06/24,增資,J604010 聲音錄製及音樂發行業；J305010 有聲出版業；F109070 文教、樂器、育樂用品批發業；F209060 文教、樂器、育樂用品零售業；F399040 無店面零售業；F401010 國際貿易業；I401010 一般廣告服務業；J303010 雜誌（期刊）出版業；J399990 其他出版業；I501010 產品設計業,臺北市,變更,11506
00131528,連豐國際投資股份有限公司,臺北市內湖區內湖路1段250號12樓,盧達一,1000000,,115/06/25,改選董事/監察人(一人法人股東指派董事/監察人),H201010 一般投資業,臺北市,變更,11506
00132049,玉詩多元有限公司,臺北市大同區重慶北路3段108號2樓,許育瑞,1000000,,115/06/24,特殊補正,F113050 電腦及事務性機器設備批發業；F113020 電器批發業；F111090 建材批發業；F114040 自行車及其零件批發業；F114030 汽、機車零件配備批發業；F116010 照相器材批發業；F119010 電子材料批發業；F201030 水產品零售業；F203020 菸酒零售業；F203030 酒精零售業,臺北市,變更,11506
00138959,瑋翎管理顧問股份有限公司,臺北市中正區館前路2號11樓,陳瑋,1000000,,115/06/17,特殊補正,I103060 管理顧問業；I199990 其他顧問服務業；I301010 資訊軟體服務業；I301020 資料處理服務業；I102010 一般投資顧問業；ZZ99999 除許可業務外，得經營法令非禁止或限制之業務,臺北市,變更,11506
00139774,迎龍科技股份有限公司,臺北市大安區安和路1段35號2樓之1,蔡喬安,5000000,,115/06/24,公司所在地,F401010 國際貿易業；I301010 資訊軟體服務業；I103060 管理顧問業；ZZ99999 除許可業務外，得經營法令非禁止或限制之業務,臺北市,變更,11506
00145543,淥淞有限公司,臺北市大安區信義路4段1號2樓,李咨蓉,100000,,115/06/05,公司印鑑變更,I103060 管理顧問業；IG03010 能源技術服務業；F401010 國際貿易業；IF04010 非破壞檢測業；I199990 其他顧問服務業；IZ99990 其他工商服務業；G407010 打撈業；G799990 其他運輸輔助業；F299990 其他零售業；I401010 一般廣告服務業,臺北市,變更,11506
00150307,台日友好飲食人股份有限公司,臺北市松山區復興北路313巷14號1樓,蔡威華,5000000,,115/06/08,公司印鑑變更,I101090 食品顧問業；IZ12010 人力派遣業；I301020 資料處理服務業；I301030 電子資訊供應服務業；F218010 資訊軟體零售業；F203010 食品什貨、飲料零售業；F401010 國際貿易業；F501030 飲料店業；F203020 菸酒零售業；F399040 無店面零售業,臺北市,變更,11506
00154367,高天興業有限公司,臺北市大安區忠孝東路4段290號10樓,洪敬博,2000000,,115/06/25,公司所營事業變更修正章程,H201010 一般投資業；ZZ99999 除許可業務外，得經營法令非禁止或限制之業務；F399040 無店面零售業,臺北市,變更,11506
00156718,翊翔資本股份有限公司,臺北市中山區民生東路1段42號3樓之1,王瀙翊,100000,,115/06/29,特殊補正,H201010 一般投資業；H703090 不動產買賣業；H703100 不動產租賃業；H701010 住宅及大樓開發租售業；H701020 工業廠房開發租售業；H701050 投資興建公共建設業；H701060 新市鎮、新社區開發業；H701070 區段徵收及市地重劃代辦業；H701090 都市更新整建維護業；H702010 建築經理業,臺北市,變更,11506
00161819,找到了旅行社股份有限公司,臺北市內湖區內湖路1段120巷15弄25號3、7樓,艾施鴻,273000000,,115/06/23,特殊補正,J902011 旅行業,臺北市,變更,11506
00162937,樂利築國際建材有限公司,臺北市松山區八德路4段72巷12弄2號1樓,林焉湄,1000000,,115/06/02,特殊補正,F111090 建材批發業；F119010 電子材料批發業；F120010 耐火材料批發業；F206010 五金零售業；F206020 日常用品零售業；F211010 建材零售業；F219010 電子材料零售業；F220010 耐火材料零售業；F401010 國際貿易業；I301010 資訊軟體服務業,臺北市,變更,11506
00164203,鮨冶吉股份有限公司,臺北市中山區林森北路107巷73號1樓,何建明,3750000,,115/06/10,特殊補正,F102170 食品什貨批發業；F203010 食品什貨、飲料零售業；F203020 菸酒零售業；F399040 無店面零售業；F399990 其他綜合零售業；F401010 國際貿易業；F501030 飲料店業；F501990 其他餐飲業；ZZ99999 除許可業務外，得經營法令非禁止或限制之業務,臺北市,變更,11506
00165420,地平線整合運動股份有限公司,臺北市中正區水源路41之3號1樓,李翰暄,25000000,,115/06/23,特殊補正,F209060 文教、樂器、育樂用品零售業；F399040 無店面零售業；F399990 其他綜合零售業；F401010 國際貿易業；I103060 管理顧問業；I199990 其他顧問服務業；I401010 一般廣告服務業；I501010 產品設計業；I599990 其他設計業；IZ13010 網路認證服務業,臺北市,變更,11506
00167736,炘躍資訊股份有限公司,臺北市內湖區內湖路1段68號10樓,趙政豪,2000000,,115/06/11,補選董事(常務董事.董事長)/監察人,F113010 機械批發業；F113020 電器批發業；F113030 精密儀器批發業；F113050 電腦及事務性機器設備批發業；F113070 電信器材批發業；F113110 電池批發業；F113990 其他機械器具批發業；F118010 資訊軟體批發業；F119010 電子材料批發業；F199990 其他批發業,臺北市,變更,11506
00168989,萊翁司農產有限公司,臺北市中山區復興北路16號11樓,林嘉慧,55000000,,115/06/22,公司所在地,F401010 國際貿易業；F101130 蔬果批發業；F102040 飲料批發業；F102170 食品什貨批發業；F201010 農產品零售業；F399040 無店面零售業；F399990 其他綜合零售業；I501010 產品設計業；G801010 倉儲業；ZZ99999 除許可業務外，得經營法令非禁止或限制之業務,臺北市,變更,11506
00170113,競合智數股份有限公司,臺北市南港區三重路19之11號4樓,龔柏諺,6000000,,115/06/23,補繳規費,F102170 食品什貨批發業；F203010 食品什貨、飲料零售業；F102040 飲料批發業；F399040 無店面零售業；F401010 國際貿易業；I301010 資訊軟體服務業；I301020 資料處理服務業；I301030 電子資訊供應服務業；I401010 一般廣告服務業；I103060 管理顧問業,臺北市,變更,11506
00170325,百兆金融科技有限公司,臺北市大安區瑞安街89號4樓之2,鄭永鎮,10000000,,115/06/05,特殊補正,H201010 一般投資業；H703100 不動產租賃業；I301020 資料處理服務業；ZZ99999 除許可業務外，得經營法令非禁止或限制之業務,臺北市,變更,11506
00172359,艾儒貿易有限公司,臺北市大同區太原路50號2樓,陳盈如,4000000,,115/06/26,特殊補正,F104110 布疋、衣著、鞋、帽、傘、服飾品批發業；F105050 家具、寢具、廚房器具、裝設品批發業；F106010 五金批發業；F106020 日常用品批發業；F107030 清潔用品批發業；F109070 文教、樂器、育樂用品批發業；F115010 首飾及貴金屬批發業；F115020 礦石批發業；F204110 布疋、衣著、鞋、帽、傘、服飾品零售業；F205040 家具、寢具、廚房器具、裝設品零售業,臺北市,變更,11506
00172766,未來人工智慧股份有限公司,臺北市士林區延平北路6段228號1樓,塗陳心瑀,1000000,,115/06/02,改選董事/監察人(一人法人股東指派董事/監察人),I301010 資訊軟體服務業；I199990 其他顧問服務業；I301020 資料處理服務業；I301030 電子資訊供應服務業；I301050 實境體感應用服務業；IG01010 生物技術服務業；IG02010 研究發展服務業；IZ09010 管理系統驗證業；IZ13010 網路認證服務業；IZ99990 其他工商服務業,臺北市,變更,11506
00173364,影響力動能股份有限公司,臺北市中正區忠孝西路1段39號7樓,陳家奇,10000000,,115/06/02,董事(常務董事.董事長)/監察人解任,J601010 藝文服務業；J602010 演藝活動業；J603010 音樂展演空間業；CC01120 資料儲存媒體製造及複製業；F601010 智慧財產權業；I401010 一般廣告服務業；J304010 圖書出版業；J305010 有聲出版業；J401010 電影片製作業；J402010 電影片發行業,臺北市,變更,11506
00173391,旭展國際投資股份有限公司,臺北市中山區南京東路3段201號9樓,游素秋,1000000,,115/06/23,改選董事/監察人(一人法人股東指派董事/監察人),H201010 一般投資業,臺北市,變更,11506
00174053,星遊國際有限公司,臺北市萬華區開封街2段66之2號2樓,陳以理,100000,,115/06/15,改推董事/董事長,JZ99030 攝影業；F213010 電器零售業；F401010 國際貿易業；F399040 無店面零售業；IZ99990 其他工商服務業；ZZ99999 除許可業務外，得經營法令非禁止或限制之業務,臺北市,變更,11506
00176783,嗶嗶鳥旅行社有限公司,臺北市中山區天祥路57號2樓,張太文,8000000,,115/06/10,補繳規費,J902011 旅行業,臺北市,變更,11506
00180365,美哉設計有限公司,臺北市大安區大安路1段191號6樓之1,徐婉婷,250000,,115/06/05,公司印鑑變更,C399990 其他紡織及製品製造業；C601040 加工紙製造業；C601990 其他紙製品製造業；C802100 化粧品製造業；C802090 清潔用品製造業；C802990 其他化學製品製造業；C901070 石材製品製造業；F105050 家具、寢具、廚房器具、裝設品批發業；F106010 五金批發業；F106020 日常用品批發業,臺北市,變更,11506
00181667,暢邁國際貿易有限公司,臺北市士林區前港街68巷3號1樓,廖芳君,1000000,,115/06/26,特殊補正,F106020 日常用品批發業；F206020 日常用品零售業；F102040 飲料批發業；F102170 食品什貨批發業；F203010 食品什貨、飲料零售業；F104110 布疋、衣著、鞋、帽、傘、服飾品批發業；F105050 家具、寢具、廚房器具、裝設品批發業；F106010 五金批發業；F204110 布疋、衣著、鞋、帽、傘、服飾品零售業；F205040 家具、寢具、廚房器具、裝設品零售業,臺北市,變更,11506
00181955,海融有限公司,臺北市大安區安和路1段35號2樓之1,蔡麗虹,7000000,,115/06/18,公司所在地,F111090 建材批發業；F120010 耐火材料批發業；F106010 五金批發業；F211010 建材零售業；F220010 耐火材料零售業；F206010 五金零售業；F401010 國際貿易業,臺北市,變更,11506
00182624,榕城欣業有限公司,臺北市信義區基隆路2段77號5樓,陳威憲,1000000,,115/06/22,股東出資轉讓修正章程,F102050 茶葉批發業；F102170 食品什貨批發業；F203010 食品什貨、飲料零售業；F102030 菸酒批發業；F203020 菸酒零售業；F102040 飲料批發業；JZ99050 仲介服務業；I103060 管理顧問業；F401010 國際貿易業；ZZ99999 除許可業務外，得經營法令非禁止或限制之業務,臺北市,變更,11506
00189350,久道有限公司,臺北市北投區知行路260巷52號1樓,黃文玫,1500000,,115/06/02,股東出資轉讓修正章程,C103050 罐頭、冷凍、脫水及醃漬食品製造業；C104020 烘焙炊蒸食品製造業；C199030 即食餐食製造業；C199990 未分類其他食品製造業；F102030 菸酒批發業；F102040 飲料批發業；F203010 食品什貨、飲料零售業；F203020 菸酒零售業；F206020 日常用品零售業；F399040 無店面零售業,臺北市,變更,11506
00189485,森語有限公司,臺北市中山區長安東路2段189號5樓,邱昱穎,2000000,,115/06/16,特殊補正,F204110 布疋、衣著、鞋、帽、傘、服飾品零售業；F206010 五金零售業；F206020 日常用品零售業；F209060 文教、樂器、育樂用品零售業；F399040 無店面零售業；F401010 國際貿易業；J903020 登山嚮導業；JE01010 租賃業；ZZ99999 除許可業務外，得經營法令非禁止或限制之業務,臺北市,變更,11506
00189936,精鼎國際有限公司,臺北市中山區復興北路48號3樓,蕭惠光,500000,,115/06/10,股東出資轉讓修正章程,F401010 國際貿易業；JZ99050 仲介服務業；I103060 管理顧問業；I199990 其他顧問服務業；I301010 資訊軟體服務業；I301020 資料處理服務業；I301030 電子資訊供應服務業；IZ06010 理貨包裝業；IZ99990 其他工商服務業；F106010 五金批發業,臺北市,變更,11506
00191150,梅森服裝有限公司,臺北市中山區松江路122號11樓,CHEN MASON,200000,,115/06/23,特殊補正,F204110 布疋、衣著、鞋、帽、傘、服飾品零售業；F205040 家具、寢具、廚房器具、裝設品零售業；F206020 日常用品零售業；F209060 文教、樂器、育樂用品零售業；F401010 國際貿易業；F399040 無店面零售業；ZZ99999 除許可業務外，得經營法令非禁止或限制之業務；I501010 產品設計業；I502010 服飾設計業；I401010 一般廣告服務業,臺北市,變更,11506
00193100,詹皇股份有限公司,臺北市松山區南京東路5段66巷2弄5號1樓,陳育群,1000000,,115/06/18,特殊補正,F106020 日常用品批發業；F106030 模具批發業；F108040 化粧品批發業；F206020 日常用品零售業；F206030 模具零售業；F208040 化粧品零售業；F399040 無店面零售業；F401010 國際貿易業；F601010 智慧財產權業；I103060 管理顧問業,臺北市,變更,11506
00193278,領賦企業股份有限公司,臺北市中山區民族東路190號3樓,毛玉行,1100000,,115/06/05,特殊補正,H201010 一般投資業；F104110 布疋、衣著、鞋、帽、傘、服飾品批發業；F105050 家具、寢具、廚房器具、裝設品批發業；F106010 五金批發業；F106040 水器材料批發業；F108040 化粧品批發業；F109070 文教、樂器、育樂用品批發業；F111090 建材批發業；F113010 機械批發業；F113020 電器批發業,臺北市,變更,11506
00196280,穎貝有限公司,臺北市內湖區內湖路1段591巷2號,楊麗,6916050,,115/06/29,董事/股東證照變更,"F102040 飲料批發業(限中華民國行業標準分類4547非酒精飲料批發業)；F102050 茶葉批發業(限中華民國行業標準分類4548咖啡、茶葉及香料批發業)；F102170 食品什貨批發業(限中華民國行業標準分類4544冷凍調理食品批發業、4545乳製品、蛋及食用油脂批發業、4548咖啡、茶葉及香料批發業及4549其他食品批發業;農產品市場交易法所稱之農產品批發場除外)；F106020 日常用品批發業(限中華民國行業標準分類4569其他家庭器具及用品批發業)；F203010 食品什貨、飲料零售業(限中華民國行業標準分類4711食品飲料為主之綜合商品零售業及4729其他食品及飲料、菸草製品零售業;藥局、藥房、藥粧店或活動物之零售除外)；F206020 日常用品零售業(限中華民國行業標準分類4749其他家庭器具及用品零售業)；F501030 飲料店業(限中華民國行業標準分類5621非酒精飲料店業)；F109070 文教、樂器、育樂用品批發業(限中華民國行業標準分類4581書籍、文具批發業、4582運動用品、器材批發業及4583玩具、娛樂用品批發業),但不得經營書籍、報紙、雜誌之批發業務；F209060 文教、樂器、育樂用品零售業(限中華民國行業標準分類4761書籍、文具零售業、4762運動用品、器材零售業、4763玩具、娛樂用品零售業及4764音樂帶及影片零售業),但不得經營書籍、報紙、雜誌之零售業務；F104110 布疋、衣著、鞋、帽、傘、服飾品批發業(限中華民國行業標準分類4551布疋批發業、4552服裝及其配件批發業、4553鞋類批發業及4559其他服飾品批發業)",臺北市,變更,11506
00197176,亦展管理顧問有限公司,臺北市信義區信義路5段7號57樓之1,廖豐原,1000000,,115/06/10,特殊補正,I103060 管理顧問業；I401010 一般廣告服務業；IZ99990 其他工商服務業；JB01010 會議及展覽服務業；I199990 其他顧問服務業；IG02010 研究發展服務業；J202010 產業育成業；F401010 國際貿易業；F601010 智慧財產權業；JZ99050 仲介服務業,臺北市,變更,11506
00199189,摩爾安有限公司,臺北市士林區承德路4段12巷39號,李奕賢,300000,,115/06/08,股東出資轉讓修正章程,F105050 家具、寢具、廚房器具、裝設品批發業；F106010 五金批發業；F106020 日常用品批發業；F113020 電器批發業；F205040 家具、寢具、廚房器具、裝設品零售業；F206010 五金零售業；F206020 日常用品零售業；F213010 電器零售業；I501010 產品設計業；I503010 景觀、室內設計業,臺北市,變更,11506
00200587,韋葦國際有限公司,臺北市中正區南陽街15之5號,,1500000,,115/06/24,解散,F501030 飲料店業；F102040 飲料批發業；F102050 茶葉批發業；F102170 食品什貨批發業；F203010 食品什貨、飲料零售業；ZZ99999 除許可業務外，得經營法令非禁止或限制之業務,臺北市,變更,11506
00202473,全盈發展投資股份有限公司,臺北市中正區館前路8號7樓,王建華,1000000,,115/06/22,改選董事/監察人(一人法人股東指派董事/監察人),H201010 一般投資業,臺北市,變更,11506
00205751,海盛發電股份有限公司,臺北市信義區三張里信義路五段108號10樓,林雍堯,13888456600,,115/06/22,發行新股,D101011 發電業；F401010 國際貿易業,臺北市,變更,11506
00207580,沐曜昕有限公司,臺北市北投區裕民六路120號4樓,陳柏翰,500000,,115/06/08,股東出資轉讓修正章程,I103060 管理顧問業；I501010 產品設計業；I102010 一般投資顧問業；I301030 電子資訊供應服務業；I301010 資訊軟體服務業；IZ06010 理貨包裝業；F399040 無店面零售業；ZZ99999 除許可業務外，得經營法令非禁止或限制之業務,臺北市,變更,11506
00208407,肆佳科技股份有限公司,臺北市大安區敦化南路2段77號7樓之4,王韋仁,5681820,,115/06/02,增資(資本總額),F118010 資訊軟體批發業；F218010 資訊軟體零售業；F399040 無店面零售業；I102010 一般投資顧問業；I103060 管理顧問業；I199990 其他顧問服務業；I301010 資訊軟體服務業；I301020 資料處理服務業；I301030 電子資訊供應服務業；I401010 一般廣告服務業,臺北市,變更,11506
00208803,英和煤礦股份有限公司,臺北市大安區忠孝東路4段97號4樓之38,呂文華,6000000,,115/06/16,特殊補正,B101010 煤礦業；C801010 基本化學工業；F112020 煤及煤製品批發業；F112040 石油製品批發業；F212030 煤零售業；F212050 石油製品零售業；IG03010 能源技術服務業；D101060 再生能源自用發電設備業；D101050 汽電共生業；H701010 住宅及大樓開發租售業,臺北市,變更,11506
00210728,鴻福英特泰有限公司,臺北市中山區長春路172號8樓之7,薛人瑋,500000,,115/06/16,特殊補正,I103060 管理顧問業；F401010 國際貿易業；F399040 無店面零售業；I101090 食品顧問業；F102170 食品什貨批發業；F203010 食品什貨、飲料零售業；A102060 糧商業；F101050 水產品批發業；F201030 水產品零售業；F101990 其他農、畜、水產品批發業,臺北市,變更,11506
00213204,譽安台灣有限公司,臺北市中正區忠孝西路1段50號22樓之9,李明玫,1100000,,115/06/22,增資,F104110 布疋、衣著、鞋、帽、傘、服飾品批發業；F105050 家具、寢具、廚房器具、裝設品批發業；F106020 日常用品批發業；F106050 陶瓷玻璃器皿批發業；F107200 化學原料批發業；F109070 文教、樂器、育樂用品批發業；F204110 布疋、衣著、鞋、帽、傘、服飾品零售業；F205040 家具、寢具、廚房器具、裝設品零售業；F206020 日常用品零售業；F207200 化學原料零售業,臺北市,變更,11506
00213561,全海通有限公司,臺北市松山區民生東路3段156號19樓,黃靜麗,60200417,,115/06/09,董事解任登記,A102060 糧商業；F102170 食品什貨批發業；F203010 食品什貨、飲料零售業；F104110 布疋、衣著、鞋、帽、傘、服飾品批發業；F204110 布疋、衣著、鞋、帽、傘、服飾品零售業；F105050 家具、寢具、廚房器具、裝設品批發業；F205040 家具、寢具、廚房器具、裝設品零售業；F106010 五金批發業；F206010 五金零售業；F106020 日常用品批發業,臺北市,變更,11506
00213942,大牛牛建設股份有限公司,臺北市內湖區行善路463號4樓,黃宗元,670000000,,115/06/23,改選董事/監察人(一人法人股東指派董事/監察人),F111090 建材批發業；H701010 住宅及大樓開發租售業；H701020 工業廠房開發租售業；H701040 特定專業區開發業；H701050 投資興建公共建設業；H701060 新市鎮、新社區開發業；H701070 區段徵收及市地重劃代辦業；H701080 都市更新重建業；H702010 建築經理業；H703090 不動產買賣業,臺北市,變更,11506
00213990,德運開發投資股份有限公司,臺北市信義區基隆路1段143號3樓之3,高志雄,1000000,,115/06/30,改選董事/監察人(一人法人股東指派董事/監察人),H201010 一般投資業,臺北市,變更,11506
00217551,標準營造股份有限公司,臺北市大安區市民大道4段68巷3號4樓,林黎楨,22500000,,115/06/15,特殊補正,E101011 綜合營造業；E599010 配管工程業；E801010 室內裝潢業；EZ99990 其他工程業；ZZ99999 除許可業務外，得經營法令非禁止或限制之業務；H701010 住宅及大樓開發租售業；H701060 新市鎮、新社區開發業；H703090 不動產買賣業,臺北市,變更,11506
00219312,金萬能綜合投資股份有限公司,臺北市中山區南京東路3段201號9樓,簡錫欣,1000000,,115/06/23,改選董事/監察人(一人法人股東指派董事/監察人),H201010 一般投資業,臺北市,變更,11506
00220079,大馬士多有限公司,臺北市中山區長安東路2段169號5樓,石漢榕,10000000,,115/06/02,補繳規費,H201010 一般投資業；H202010 創業投資業；I102010 一般投資顧問業；ZZ99999 除許可業務外，得經營法令非禁止或限制之業務,臺北市,變更,11506
00221041,好好响响國際股份有限公司,臺北市北投區自強街35號1樓,陳惟君,5000000,,115/06/24,特殊補正,F102020 食用油脂批發業；F102040 飲料批發業；F102170 食品什貨批發業；F104110 布疋、衣著、鞋、帽、傘、服飾品批發業；F105050 家具、寢具、廚房器具、裝設品批發業；F106010 五金批發業；F106020 日常用品批發業；F107030 清潔用品批發業；F108040 化粧品批發業；F109070 文教、樂器、育樂用品批發業,臺北市,變更,11506
00224568,人客多股份有限公司,臺北市大同區重慶北路1段1號8樓之1,廖士鈞,19000000,,115/06/09,特殊補正,F102170 食品什貨批發業；F104110 布疋、衣著、鞋、帽、傘、服飾品批發業；F105050 家具、寢具、廚房器具、裝設品批發業；F106020 日常用品批發業；F109070 文教、樂器、育樂用品批發業；F118010 資訊軟體批發業；F203010 食品什貨、飲料零售業；F204110 布疋、衣著、鞋、帽、傘、服飾品零售業；F205040 家具、寢具、廚房器具、裝設品零售業；F206020 日常用品零售業,臺北市,變更,11506
00224862,鼎珅投資顧問有限公司,臺北市松山區復興南路1段45號5樓,陳盈如,500000,,115/06/12,公司所在地,I103060 管理顧問業；I102010 一般投資顧問業；I199990 其他顧問服務業；H703100 不動產租賃業；H201010 一般投資業；ZZ99999 除許可業務外，得經營法令非禁止或限制之業務,臺北市,變更,11506
00226003,盛和不動產股份有限公司,臺北市大同區民生西路105號2樓,劉睿杰,7000000,,115/06/16,公司印鑑變更,E801010 室內裝潢業；E801020 門窗安裝工程業；E801030 室內輕鋼架工程業；E801070 廚具、衛浴設備安裝工程業；E901010 油漆工程業；E903010 防蝕、防銹工程業；EZ99990 其他工程業；F203010 食品什貨、飲料零售業；F218010 資訊軟體零售業；F401010 國際貿易業,臺北市,變更,11506
00228754,森彥本草永續科技股份有限公司,臺北市中正區羅斯福路2段68號6樓,黃孟倪,5000000,,115/06/17,特殊補正,A101030 特用作物栽培業；A102020 農產品整理業；A102050 作物栽培服務業；A102070 菸草整理業；A201010 造林業；A201030 特殊林木經營業；A201040 森林遊樂區經營業；A202020 薪炭業；A202040 伐木業；A299990 其他林業,臺北市,變更,11506
00229682,淨浩有限公司,臺北市萬華區萬大路458號1樓,陳冠諭,5000000,,115/06/04,增資,F101070 漁具批發業；F102040 飲料批發業；F102050 茶葉批發業；F102170 食品什貨批發業；F102180 酒精批發業；F103010 飼料批發業；F104110 布疋、衣著、鞋、帽、傘、服飾品批發業；F105050 家具、寢具、廚房器具、裝設品批發業；F106010 五金批發業；F106020 日常用品批發業,臺北市,變更,11506
00230169,欖亞顧問股份有限公司,臺北市中正區懷寧街76號1樓,廖昱程,500000,,115/06/12,補繳規費,F118010 資訊軟體批發業；F218010 資訊軟體零售業；F109070 文教、樂器、育樂用品批發業；F209060 文教、樂器、育樂用品零售業；F401010 國際貿易業；F601010 智慧財產權業；I103060 管理顧問業；I199990 其他顧問服務業；I301010 資訊軟體服務業；I301020 資料處理服務業,臺北市,變更,11506
00232912,味萬股份有限公司,臺北市中山區樂群三路303號1樓,林明健,10000000,,115/06/30,增資(資本總額),F102040 飲料批發業；F102170 食品什貨批發業；F102030 菸酒批發業；F101040 家畜家禽批發業；F101050 水產品批發業；F101130 蔬果批發業；F201010 農產品零售業；F201020 畜產品零售業；F201030 水產品零售業；F203010 食品什貨、飲料零售業,臺北市,變更,11506
00239393,星火音樂有限公司,臺北市松山區南京東路4段180號5樓之4,陳星甫,500000,,115/06/26,特殊補正,J601010 藝文服務業；J602010 演藝活動業；J799990 其他休閒服務業；J305010 有聲出版業；J402010 電影片發行業；F209060 文教、樂器、育樂用品零售業；F399040 無店面零售業；F218010 資訊軟體零售業；F401010 國際貿易業；I301010 資訊軟體服務業,臺北市,變更,11506
00241617,新鵬國際物流有限公司,臺北市內湖區陽光街106號3樓,邱彥齊,4000000,,115/06/05,增資,F105050 家具、寢具、廚房器具、裝設品批發業；F106010 五金批發業；F106020 日常用品批發業；F114030 汽、機車零件配備批發業；F114050 車胎批發業；F114990 其他交通運輸工具及其零件批發業；F118010 資訊軟體批發業；F205040 家具、寢具、廚房器具、裝設品零售業；F206010 五金零售業；F206020 日常用品零售業,臺北市,變更,11506
00242236,安霦貿易有限公司,臺北市松山區南京東路4段53巷11弄5號,葉雅琪,500000,,115/06/01,申登機關變更（遷入，含卷）,F104110 布疋、衣著、鞋、帽、傘、服飾品批發業；F106010 五金批發業；F106020 日常用品批發業；F107030 清潔用品批發業；F109070 文教、樂器、育樂用品批發業；F199990 其他批發業；F204110 布疋、衣著、鞋、帽、傘、服飾品零售業；F206010 五金零售業；F206020 日常用品零售業；F207030 清潔用品零售業,臺北市,變更,11506
00243158,睿源智策有限公司,臺北市中山區中山北路3段27號4樓之10,江美玉,300000,,115/06/09,特殊補正,I301010 資訊軟體服務業；IZ12010 人力派遣業；I199990 其他顧問服務業；F401010 國際貿易業；F601010 智慧財產權業；I301020 資料處理服務業；I301030 電子資訊供應服務業；ZZ99999 除許可業務外，得經營法令非禁止或限制之業務,臺北市,變更,11506
00245607,新加坡商智賦科技股份有限公司,臺北市松山區東興路12號2樓,陳奕舜,20000000,,115/06/23,一般補正案,F118010 資訊軟體批發業；F218010 資訊軟體零售業；F401010 國際貿易業；CC01080 電子零組件製造業；CC01110 電腦及其週邊設備製造業；CC01120 資料儲存媒體製造及複製業；I301010 資訊軟體服務業；I301020 資料處理服務業；I301030 電子資訊供應服務業；ZZ99999 除許可業務外，得經營法令非禁止或限制之業務,臺北市,變更,11506
00246401,源鼎水資源股份有限公司,臺北市士林區中山北路6段89號10樓,徐震宇,780000000,,115/06/04,董事長變更,CB01010 機械設備製造業；CB01030 污染防治設備製造業；D301010 自來水經營業；E599010 配管工程業；E601010 電器承裝業；E601020 電器安裝業；E603050 自動控制設備工程業；E604010 機械安裝業；EZ05010 儀器、儀表安裝工程業；F113100 污染防治設備批發業,臺北市,變更,11506
00247577,邱比特實業有限公司,臺北市大同區重慶北路2段67號4樓之8,陳宇旋,200000,,115/06/22,公司所在地,JF01020 按摩業；F208040 化粧品零售業；F207030 清潔用品零售業；JZ99080 美容美髮服務業；ZZ99999 除許可業務外，得經營法令非禁止或限制之業務,臺北市,變更,11506
00248870,台灣稻葉食品股份有限公司,臺北市松山區南京東路5段92號3樓,稲垣知英,500000,,115/06/03,特殊補正,F103010 飼料批發業；F106060 寵物食品及其用品批發業；F202010 飼料零售業；F203010 食品什貨、飲料零售業；F206050 寵物食品及其用品零售業；F401010 國際貿易業；ZZ99999 除許可業務外，得經營法令非禁止或限制之業務,臺北市,變更,11506
00250880,漫旅時光股份有限公司,臺北市中山區林森北路282號3樓,王重鈞,2000000,,115/06/09,董事/監察人持股變動報備,J901020 一般旅館業；ZZ99999 除許可業務外，得經營法令非禁止或限制之業務,臺北市,變更,11506
00250903,好事多創意整合行銷有限公司,臺北市中山區松江路50號9樓,黃秋月,300000,,115/06/26,公司所在地,I199990 其他顧問服務業；I301010 資訊軟體服務業；I301020 資料處理服務業；I301030 電子資訊供應服務業；I103060 管理顧問業；I401010 一般廣告服務業；I501010 產品設計業；J601010 藝文服務業；JB01010 會議及展覽服務業；JZ99030 攝影業,臺北市,變更,11506
00252536,頻率文明有限公司,臺北市信義區信義路4段415號14樓之2,陳槿唐,10000000,,115/06/01,增資,H201010 一般投資業；F108040 化粧品批發業；F213040 精密儀器零售業；F601010 智慧財產權業；I103060 管理顧問業；I301010 資訊軟體服務業；I301020 資料處理服務業；I301030 電子資訊供應服務業；I301050 實境體感應用服務業；I301060 網路廣告平臺業,臺北市,變更,11506
00713302,友亦企業股份有限公司,臺北市中山區德惠街9號6樓,孫靜源,100000000,,115/06/10,特殊補正,E603010 電纜安裝工程業；E603110 冷作工程業；E604010 機械安裝業；F101990 其他農、畜、水產品批發業；F106010 五金批發業；F107200 化學原料批發業；F109070 文教、樂器、育樂用品批發業；F111090 建材批發業；F112040 石油製品批發業；F113010 機械批發業,臺北市,變更,11506
01184272,雞家莊股份有限公司,臺北市中山區中山北路1段105巷9號2樓,張玉華,1000000,,115/06/10,董事/監察人持股變動報備,I103010 企業經營管理顧問業,臺北市,變更,11506
01193862,馭航股份有限公司,臺北市內湖區瑞湖街103號5樓之2,蕭邦濬,7500000,,115/06/22,特殊補正,G402011 海運承攬運送業務；F401010 國際貿易業務；G405010 貨櫃出租業；IZ06010 理貨包裝業；JZ99050 仲介服務業；IZ12010 人力派遣業；G702010 船舶勞務承攬業；ZZ99999 除許可業務外，得經營法令非禁止或限制之業務,臺北市,變更,11506
01514219,歐坊設計工程有限公司,臺北市信義區光復南路445號2樓,鄧仲佑,79000000,,115/06/18,減少所營事業變更修正章程,E801010 室內裝潢業；F105050 家具、寢具、廚房器具、裝設品批發業；F102040 飲料批發業；F102030 菸酒批發業；F203020 菸酒零售業；F203010 食品什貨、飲料零售業；F401010 國際貿易業；ZZ99999 除許可業務外，得經營法令非禁止或限制之業務；D501010 溫泉取供業；H701010 住宅及大樓開發租售業,臺北市,變更,11506
01517124,國眾電腦股份有限公司,臺北市內湖區陽光街298號3樓,王超群,922846230,,115/06/15,修正章程,F113050 電腦及事務性機器設備批發業；F113020 電器批發業；F113070 電信器材批發業；F118010 資訊軟體批發業；F119010 電子材料批發業；F213010 電器零售業；F213030 電腦及事務性機器設備零售業；F213060 電信器材零售業；F218010 資訊軟體零售業；F219010 電子材料零售業,臺北市,變更,11506
02659037,榮金營造工程股份有限公司,臺北市信義區信義路5段150巷2號8樓之5,侯憲航,241000000,,115/06/05,董事/監察人持股變動報備,E101011 綜合營造業；F401010 國際貿易業；ZZ99999 除許可業務外，得經營法令非禁止或限制之業務；G202010 停車場經營業,臺北市,變更,11506
03028404,工信工程股份有限公司,臺北市大安區市民大道四段102號8樓,潘瑩娟,4922801550,,115/06/03,修正章程,E101011 綜合營造業；E401010 疏濬業；E599010 配管工程業；E801010 室內裝潢業；E801020 門窗安裝工程業；E801030 室內輕鋼架工程業；E801040 玻璃安裝工程業；E801070 廚具、衛浴設備安裝工程業；E901010 油漆工程業；E903010 防蝕、防銹工程業,臺北市,變更,11506
03042102,大統海運股份有限公司,臺北市中山區中吉里南京東路二段71號6樓及8樓之3,林宏年,800907400,,115/06/26,補繳規費,G301011 船舶運送業；G401011 船務代理業；ZZ99999 除許可業務外，得經營法令非禁止或限制之業務,臺北市,變更,11506
03042308,三越企業股份有限公司,臺北市中正區重慶南路2段51號11樓,葉惠青,25000000,,115/06/15,經理人變更,D101050 汽電共生業；E201010 景觀工程業；E301010 水處理工程業；E302010 廢棄物清理設備安裝工程業；E303010 空氣污染防制工程業；E303020 噪音及振動防制工程業；E303030 土壤污染防治工程業；E599010 配管工程業；E603050 自動控制設備工程業；E603080 交通號誌安裝工程業,臺北市,變更,11506
03051501,三聯科技股份有限公司,臺北市大安區復興南路1段390號5樓之3,林大鈞,436892550,,115/06/12,特殊補正,CB01010 機械設備製造業；CC01010 發電、輸電、配電機械製造業；CC01060 有線通信機械器材製造業；CC01080 電子零組件製造業；CC01110 電腦及其週邊設備製造業；CE01010 一般儀器製造業；E501011 自來水管承裝商；E599010 配管工程業；E601010 電器承裝業；E603010 電纜安裝工程業,臺北市,變更,11506
03089909,中國電氣器材廠股份有限公司,臺北市中正區館前路65號9樓,朱復之,1000000,,115/06/09,特殊補正,F401010 國際貿易業；H703100 不動產租賃業；ZZ99999 除許可業務外，得經營法令非禁止或限制之業務,臺北市,變更,11506
03097302,中華海事檢定社股份有限公司,臺北市中山區復興南路1段36之10號8樓,孫德康,40000000,,115/06/10,改選董事/監察人(一人法人股東指派董事/監察人),,臺北市,變更,11506
03127903,鑫永利股份有限公司,臺北市中正區延平南路75號3樓,李俊永,1000,,115/06/08,特殊補正,ZZ99999 除許可業務外，得經營法令非禁止或限制之業務,臺北市,變更,11506
03134643,豪景大酒店股份有限公司,臺北市萬華區環河南路1段77號,陳珀玲,348452790,,115/06/29,改派董事/監察人,J901011 觀光旅館業；H703100 不動產租賃業；J901020 一般旅館業；ZZ99999 除許可業務外，得經營法令非禁止或限制之業務,臺北市,變更,11506
03149202,幼獅文化事業股份有限公司,臺北市中正區重慶南路1段66之1號3樓,葛永光,153120000,,115/06/03,特殊補正,J304010 圖書出版業；J303010 雜誌（期刊）出版業；F109070 文教、樂器、育樂用品批發業；F209060 文教、樂器、育樂用品零售業；F104110 布疋、衣著、鞋、帽、傘、服飾品批發業；F204110 布疋、衣著、鞋、帽、傘、服飾品零售業；F105050 家具、寢具、廚房器具、裝設品批發業；F205040 家具、寢具、廚房器具、裝設品零售業；F106020 日常用品批發業；F206020 日常用品零售業,臺北市,變更,11506
03149408,本源鐵路承攬運輸股份有限公司,臺北市中山區南京東路2段71號8樓之3,林宏穎,1800000,,115/06/22,特殊補正,,臺北市,變更,11506
03185902,老達利貿易股份有限公司,臺北市南港區重陽路223號5樓,林澤安,120000000,,115/06/02,特殊補正,CC01040 照明設備製造業；CC01080 電子零組件製造業；F108031 醫療器材批發業；F113060 度量衡器批發業；F119010 電子材料批發業；F208031 醫療器材零售業；F213050 度量衡器零售業；F219010 電子材料零售業；F401010 國際貿易業；F401021 電信管制射頻器材輸入業,臺北市,變更,11506
03217904,東方廣告股份有限公司,臺北市中正區許昌街42號10樓,溫肇東,60000000,,115/06/11,特殊補正,,臺北市,變更,11506
03218306,亞中實業股份有限公司,臺北市中山區中山北路2段112號7樓,吳俊彥,350000000,,115/06/29,改選董事/監察人(一人法人股東指派董事/監察人),C801010 基本化學工業；C801990 其他化學材料製造業；C802120 工業助劑製造業；C802990 其他化學製品製造業；C901990 其他非金屬礦物製品製造業；F107010 漆料、塗料批發業；F107020 染料、顏料批發業；F107040 農藥批發業；F107050 肥料批發業；F107060 毒性化學物質批發業,臺北市,變更,11506
03228304,和成欣業股份有限公司,臺北市內湖區行善路398號1樓,邱立堅,3023037190,,115/06/29,修正章程,B202010 非金屬礦業；C802090 清潔用品製造業；C802200 塗料、油漆、染料及顏料製造業；C805030 塑膠日用品製造業；C805070 強化塑膠製品製造業；C901010 陶瓷及陶瓷製品製造業；C901050 水泥及混凝土製品製造業；C901060 耐火材料製造業；CA01120 銅鑄造業；CA02010 金屬結構及建築組件製造業,臺北市,變更,11506
03244509,亞洲水泥股份有限公司,臺北市大安區敦化南路二段207號30、31樓,徐旭東,35465628810,,115/06/24,改選董事/監察人(一人法人股東指派董事/監察人),C901030 水泥製造業；C901040 預拌混凝土製造業；B601010 土石採取業；C901050 水泥及混凝土製品製造業；C901990 其他非金屬礦物製品製造業；F111090 建材批發業；F211010 建材零售業；F401010 國際貿易業；IZ06010 理貨包裝業；A201010 造林業,臺北市,變更,11506
03301825,皇佳國際股份有限公司,臺北市中山區民族東路60號8樓之1,費祖蔭,26500000,,115/06/17,補選董事(常務董事.董事長)/監察人,F113020 電器批發業；F113050 電腦及事務性機器設備批發業；F118010 資訊軟體批發業；F119010 電子材料批發業；F213010 電器零售業；F213030 電腦及事務性機器設備零售業；F218010 資訊軟體零售業；F219010 電子材料零售業；F401010 國際貿易業；F401021 電信管制射頻器材輸入業,臺北市,變更,11506
03358805,保誠人壽保險股份有限公司,臺北市信義區松智路1號8樓,劉添,10732362570,,115/06/23,一般補正案,H501011 人身保險業,臺北市,變更,11506
03374805,富邦金融控股股份有限公司,臺北市中山區遼寧街179號15樓、16樓,蔡明興,156073549520,,115/06/25,改選董事/監察人(一人法人股東指派董事/監察人),H801011 金融控股公司業,臺北市,變更,11506
03408404,隆昌企業股份有限公司,臺北市中山區松江路168號4樓,辜朝明,50000000,,115/06/05,特殊補正,,臺北市,變更,11506
03420012,華泰茶莊有限公司,臺北市中正區博愛路69號1樓,林聖泰,8000000,,115/06/25,特殊補正,,臺北市,變更,11506
03457903,瑞光企業股份有限公司,臺北市中正區中華路1段85巷8號1樓,盧杰輝,5000000,,115/06/29,特殊補正,,臺北市,變更,11506
03539102,豪華大戲院股份有限公司,臺北市萬華區漢口街2段103號10樓,蔡榮華,207000000,,115/06/10,公司所在地,J403011 電影片映演業；JE01010 租賃業；F203010 食品什貨、飲料零售業；F501030 飲料店業；ZZ99999 除許可業務外，得經營法令非禁止或限制之業務,臺北市,變更,11506
03557311,臺灣銀行股份有限公司,臺北市中正區建國里重慶南路1段120號,凌忠嫄,109000000000,,115/06/16,改派董事/監察人,H101991 其他銀行業；H601011 人身保險代理人；H601021 財產保險代理人,臺北市,變更,11506
03584817,雍興實業股份有限公司,臺北市中山區吉林路100號7樓,周慧瑛,29999800,,115/06/05,改選董事/監察人(一人法人股東指派董事/監察人),C701010 印刷業；C703010 印刷品裝訂及加工業；F401010 國際貿易業；I301010 資訊軟體服務業；I301020 資料處理服務業；IZ02010 打字業；IZ06010 理貨包裝業；IZ12010 人力派遣業；J101030 廢棄物清除業；J101040 廢棄物處理業,臺北市,變更,11506
03628006,建成銲條股份有限公司,臺北市中正區開封街1段105之2號,陳鼎翰,20000000,,115/06/24,改選董事/監察人(一人法人股東指派董事/監察人),,臺北市,變更,11506
03700301,臺灣土地銀行股份有限公司,臺北市中正區黎明里10鄰館前路46號,何英明,86200000000,,115/06/18,改派董事/監察人,H101091 不動產信用銀行業；H601011 人身保險代理人；H601021 財產保險代理人,臺北市,變更,11506
03741302,中華郵政股份有限公司,臺北市大安區永康里金山南路2段55號,王國材,85720000000,,115/06/15,發行新股,H106010 郵政儲金匯兌業；H501040 簡易人壽保險業；JA01010 汽車修理業；C701010 印刷業；C703010 印刷品裝訂及加工業；I401020 廣告傳單分送業；J601010 藝文服務業；JB01010 會議及展覽服務業；J799990 其他休閒服務業；G801010 倉儲業,臺北市,變更,11506
03750168,台北富邦商業銀行股份有限公司,臺北市中山區中山北路二段50號1、2、3、5、8、12樓,蔡明興,171800000560,,115/06/17,分公司經理人變更,H101021 商業銀行業；H601011 人身保險代理人；H601021 財產保險代理人,臺北市,變更,11506
04201459,台灣石原產業股份有限公司,臺北市中山區松江路87號11樓之1,新名芳行,200000000,,115/06/18,特殊補正,,臺北市,變更,11506
04208143,會昌實業股份有限公司,臺北市中山區天祥路59號9樓,孫翕泰,50000000,,115/06/11,改選董事/監察人(一人法人股東指派董事/監察人),F108011 中藥批發業；F208011 中藥零售業；A102060 糧商業；F102040 飲料批發業；F102170 食品什貨批發業；F102180 酒精批發業；F103010 飼料批發業；F107020 染料、顏料批發業；F107050 肥料批發業；F107080 環境用藥批發業,臺北市,變更,11506
04217446,國際電信開發股份有限公司,臺北市大安區愛國東路31號5樓,陳元凱,20000000,,115/06/05,特殊補正,,臺北市,變更,11506
04224381,和安行股份有限公司,臺北市中山區復興北路164號6樓,愛卓利股份有限公司,80000000,,115/06/26,特殊補正,F203010 食品、飲料零售業；F113030 精密儀器批發業；F113061 度量衡器批發業；F401010 國際貿易業,臺北市,變更,11506
04240501,誠建股份有限公司,臺北市信義區松德路196號地下1樓,吳旻潔,75000050,,115/06/04,特殊補正,F401010 國際貿易業；I102010 一般投資顧問業；J601010 藝文服務業；JD01010 工商徵信服務業；ZZ99999 除許可業務外，得經營法令非禁止或限制之業務；H201010 一般投資業；I103060 管理顧問業；I105010 藝術品諮詢顧問業；I199990 其他顧問服務業；IZ99990 其他工商服務業,臺北市,變更,11506
04245631,至亨企業有限公司,臺北市大同區承德路1段35號8樓之1,江明順,15000000,,115/06/05,股東出資轉讓修正章程,,臺北市,變更,11506
04254342,欣蘭企業股份有限公司,臺北市南港區經貿二路135號9樓,李美慧,80586000,,115/06/03,改選董事/監察人(一人法人股東指派董事/監察人),F107200 化學原料批發業；F107990 其他化學製品批發業；B601010 土石採取業；C901040 預拌混凝土製造業；F101050 水產品批發業；F102040 飲料批發業；F102170 食品什貨批發業；F107030 清潔用品批發業；F107080 環境用藥批發業；F111090 建材批發業,臺北市,變更,11506
04267141,安倉營造股份有限公司,臺北市中山區松江路223號6樓,張立雍,585290130,,115/06/02,補繳規費,B601010 土石採取業；CB01010 機械設備製造業；E101011 綜合營造業；E401010 疏濬業；E604010 機械安裝業；F111090 建材批發業；F211010 建材零售業；F213080 機械器具零售業；J101990 其他環境衛生及污染防治服務業；CA02010 金屬結構及建築組件製造業,臺北市,變更,11506
04274804,兄弟大飯店股份有限公司,臺北市松山區南京東路3段255號,洪杰,150000000,,115/06/29,改選董事/監察人(一人法人股東指派董事/監察人),J901011 觀光旅館業；F501060 餐館業；J803020 運動比賽業；G202010 停車場經營業；ZZ99999 除許可業務外，得經營法令非禁止或限制之業務,臺北市,變更,11506
04294365,綿興紡織股份有限公司,臺北市大同區迪化街1段24號1樓,施家安,196981750,,115/06/18,改選董事/監察人(一人法人股東指派董事/監察人),C301010 紡紗業；C302010 織布業；F104110 布疋、衣著、鞋、帽、傘、服飾品批發業；F204110 布疋、衣著、鞋、帽、傘、服飾品零售業；H703090 不動產買賣業；H703100 不動產租賃業；G801010 倉儲業；A101020 農作物栽培業；A102050 作物栽培服務業；A102080 園藝服務業,臺北市,變更,11506
04301859,慶寶企業股份有限公司,臺北市大同區重慶北路3段235之1號,黃天然,20000000,,115/06/26,特殊補正,,臺北市,變更,11506
04302219,國興機電股份有限公司,臺北市大同區重慶北路3段230號,陳俊佑,186000000,,115/06/15,改選董事/監察人(一人法人股東指派董事/監察人),CP01010 手工具製造業；CB01010 機械設備製造業；CC01010 發電、輸電、配電機械製造業；CC01030 電器及視聽電子產品製造業；CC01080 電子零組件製造業；CC01070 無線通信機械器材製造業；H703100 不動產租賃業；H201010 一般投資業,臺北市,變更,11506
04315397,可樂旅遊旅行社股份有限公司,臺北市中山區南京東路二段85、87號9樓、10樓、13樓,黃明峰,1000000000,,115/06/23,增資(資本總額),J902011 旅行業,臺北市,變更,11506
04322046,英業達股份有限公司,臺北市士林區後港街66號,葉力誠,35874750660,,115/06/24,改選董事/監察人(一人法人股東指派董事/監察人),CC01030 電器及視聽電子產品製造業；CC01060 有線通信機械器材製造業；CC01070 無線通信機械器材製造業；CC01080 電子零組件製造業；CC01101 電信管制射頻器材製造業；CC01110 電腦及其週邊設備製造業；CC01990 其他電機及電子機械器材製造業；CE01030 光學儀器製造業；CE01040 鐘錶製造業；F113010 機械批發業,臺北市,變更,11506
04354969,南榮倉儲股份有限公司,臺北市松山區復興北路1號9樓之6,言志修,28000000,,115/06/01,特殊補正,ZZ99999 除許可業務外，得經營法令非禁止或限制之業務,臺北市,變更,11506
04368318,台美壓克力股份有限公司,臺北市中山區中山北路2段46號12樓之1,許鈞堤,95000000,,115/06/18,票據兌現/他機關函復/補正,C805010 塑膠皮、布、板、管材製造業；C805030 塑膠日用品製造業；C805050 工業用塑膠製品製造業；C805990 其他塑膠製品製造業；C901020 玻璃及玻璃製品製造業；CB01010 機械設備製造業；CB01990 其他機械製造業；CQ01010 模具製造業；F105050 家具、寢具、廚房器具、裝設品批發業；F106020 日常用品批發業,臺北市,變更,11506
04369506,華誼股份有限公司,臺北市中山區錦州街288號1樓,郭堯軒,13000000,,115/06/22,減資,,臺北市,變更,11506
04370927,金寶電子工業股份有限公司,臺北市松山區南京東路五段99號10樓,許介立,15057812110,,115/06/04,認股憑證換發新股,CB01020 事務機器製造業；CB01990 其他機械製造業；CC01030 電器及視聽電子產品製造業；CC01060 有線通信機械器材製造業；CC01070 無線通信機械器材製造業；CC01080 電子零組件製造業；CC01110 電腦及其週邊設備製造業；E601020 電器安裝業；E603050 自動控制設備工程業；E604010 機械安裝業,臺北市,變更,11506
04377371,麗嬰房股份有限公司,臺北市內湖區陽光街321巷60號,林柏蒼,1051259990,,115/06/25,改選董事/監察人(一人法人股東指派董事/監察人),C306010 成衣業；F104110 布疋、衣著、鞋、帽、傘、服飾品批發業；F204110 布疋、衣著、鞋、帽、傘、服飾品零售業；CN01010 家具及裝設品製造業；CK01010 製鞋業；C307010 服飾品製造業；F105050 家具、寢具、廚房器具、裝設品批發業；F205040 家具、寢具、廚房器具、裝設品零售業；CH01040 玩具製造業；F109070 文教、樂器、育樂用品批發業,臺北市,變更,11506
04377983,台灣海州股份有限公司,臺北市中山區復興北路366號5樓,孫榮斌,21000000,,115/06/26,修正章程,F401010 國際貿易業；H701010 住宅及大樓開發租售業；H703100 不動產租賃業；ZZ99999 除許可業務外，得經營法令非禁止或限制之業務,臺北市,變更,11506
04378961,華新置業股份有限公司,臺北市信義區松智路1號24樓,潘文虎,5340994320,,115/06/05,修正章程,ZZ99999 除許可業務外，得經營法令非禁止或限制之業務,臺北市,變更,11506
04379700,工興實業股份有限公司,臺北市中山區民權東路1段53號11樓,趙張惠芬,24500000,,115/06/01,董事長變更,,臺北市,變更,11506
04387434,雪山企業股份有限公司,臺北市中山區南京東路3段61號11樓,汪時慶,25000000,,115/06/01,改選董事/監察人(一人法人股東指派董事/監察人),,臺北市,變更,11506
04389453,華宇商信服務股份有限公司,臺北市中正區開封街1段37號5樓,王泓翔,8000000,,115/06/23,特殊補正,J303010 雜誌(期刊)出版業；J304010 圖書出版業；J305010 有聲出版業；ZZ99999 除許可業務外，得經營法令非禁止或限制之業務,臺北市,變更,11506
04401230,嘉新國際股份有限公司,臺北市中山區中山北路2段96號1樓,張剛綸,2948605870,,115/06/08,改選董事/監察人(一人法人股東指派董事/監察人),F111010 木材批發業；F111020 水泥、石灰及其製品批發業；F111030 磚、瓦、石建材批發業；F111040 磁磚、貼面石材批發業；F111050 玻璃建材批發業；F111060 衛浴設備批發業；F111070 金屬建材批發業；F111080 門窗建材批發業；F112020 煤及煤製品批發業；F113010 機械批發業,臺北市,變更,11506
04405123,威尼都貿易有限公司,臺北市士林區中山北路7段54之3號,廖神助,5000000,,115/06/25,股東出資轉讓修正章程,,臺北市,變更,11506
04418247,讓德投資股份有限公司,臺北市信義區忠孝東路4段560號9樓,吳姿秀,199000000,,115/06/12,董事/監察人持股變動報備,,臺北市,變更,11506
04435512,台灣士敏工程企業股份有限公司,臺北市中山區中山北路2段113號10樓,王建全,204563040,,115/06/01,特殊補正,,臺北市,變更,11506
04460407,瑞馥貿易有限公司,臺北市北投區北投路2段13號4樓之1,施佳瑜,10000000,,115/06/03,特殊補正,,臺北市,變更,11506
04485060,資商貿易有限公司,臺北市中山區吉林路51巷11號,陳錦梅,5000000,,115/06/01,公司所營事業變更修正章程,F106010 五金批發業；F113010 機械批發業；F113030 精密儀器批發業；F113990 其他機械器具批發業；F199990 其他批發業；F206010 五金零售業；F213040 精密儀器零售業；F213080 機械器具零售業；F213990 其他機械器具零售業；F299990 其他零售業,臺北市,變更,11506
04488910,添盛實業有限公司,臺北市大同區興城街33號1樓,吳秀麗,14000000,,115/06/15,減資,F113010 機械批發業；F114030 汽、機車零件配備批發業；F106010 五金批發業；F401010 國際貿易業；ZZ99999 除許可業務外，得經營法令非禁止或限制之業務,臺北市,變更,11506
04516752,總行營造興業股份有限公司,臺北市士林區中山北路5段518號10樓,吳金燕,200000000,,115/06/05,補選董事(常務董事.董事長)/監察人,E101011 綜合營造業；H701010 住宅及大樓開發租售業；H701020 工業廠房開發租售業；H701040 特定專業區開發業；H701050 投資興建公共建設業；H701060 新市鎮、新社區開發業；H701070 區段徵收及市地重劃代辦業；H701080 都市更新重建業；H701090 都市更新整建維護業；H703100 不動產租賃業,臺北市,變更,11506
04559301,新本實業股份有限公司,臺北市萬華區柳州街90號1樓,楊秀鑾,41126400,,115/06/03,改選董事/監察人(一人法人股東指派董事/監察人),H703100 不動產租賃業；H703090 不動產買賣業；H701010 住宅及大樓開發租售業；F111090 建材批發業；F401010 國際貿易業,臺北市,變更,11506
04616794,天天旅行社股份有限公司,臺北市中正區重慶南路1段10號11樓,陳昭德,6000000,,115/06/26,特殊補正,,臺北市,變更,11506
04618569,信安旅行社股份有限公司,臺北市中山區松江路131之28號14樓,蔡向忠,37800000,,115/06/01,特殊補正,,臺北市,變更,11506
04623177,漢達交通股份有限公司,臺北市北投區育仁路155之1號2樓,吳恩存,6000000,,115/06/05,特殊補正,G101031 計程車客運業；ZZ99999 除許可業務外，得經營法令非禁止或限制之業務,臺北市,變更,11506
04633983,志成股份有限公司,臺北市中正區羅斯福路3段230號,李玉鼎,312000000,,115/06/03,公司所營事業變更修正章程,C802080 環境用藥製造業；F107080 環境用藥批發業；F207080 環境用藥零售業；F107030 清潔用品批發業；F108040 化粧品批發業；F106020 日常用品批發業；F206020 日常用品零售業；C801110 肥料製造業；F107050 肥料批發業；F207050 肥料零售業,臺北市,變更,11506
04639760,育貿股份有限公司,臺北市中正區羅斯福路1段7號7樓,程文晋,62798430,,115/06/04,特殊補正,F401010 國際貿易業；F113020 電器批發業；F119010 電子材料批發業；F113070 電信器材批發業；E603050 自動控制設備工程業；E601010 電器承裝業；E601020 電器安裝業；E605010 電腦設備安裝業；E701040 簡易電信設備安裝業；E701030 電信管制射頻器材裝設工程業,臺北市,變更,11506
04663368,金津交通股份有限公司,臺北市北投區育仁路155之1號2樓,吳恩存,4000000,,115/06/04,特殊補正,,臺北市,變更,11506
04673318,遠雄建設事業股份有限公司,臺北市信義區基隆路一段200號16樓,趙文嘉,7815962410,,115/06/23,補選董事(常務董事.董事長)/監察人,H701010 住宅及大樓開發租售業；H701020 工業廠房開發租售業；H701040 特定專業區開發業；H701050 投資興建公共建設業；H701060 新市鎮、新社區開發業；H701070 區段徵收及市地重劃代辦業；H701080 都市更新重建業；H702010 建築經理業；H703090 不動產買賣業；H703100 不動產租賃業,臺北市,變更,11506
04697347,台灣國際標準電子股份有限公司,臺北市松山區民生東路3段100號9樓,陳世榮,440000000,,115/06/12,特殊補正,CC01060 有線通信機械器材製造業；CC01070 無線通信機械器材製造業；E701011 電信工程業；E603080 交通號誌安裝工程業；E701030 電信管制射頻器材裝設工程業；E603010 電纜安裝工程業；F113070 電信器材批發業；F213060 電信器材零售業；I301010 資訊軟體服務業；I301020 資料處理服務業,臺北市,變更,11506
04731859,陸商電子股份有限公司,臺北市中山區南京東路2段20號6樓,胡淑雰,29000000,,115/06/11,董事/監察人持股變動報備,CC01080 電子零組件製造業；F104110 布疋、衣著、鞋、帽、傘、服飾品批發業；F106010 五金批發業；F107200 化學原料批發業；F113010 機械批發業；F113020 電器批發業；F119010 電子材料批發業；F205040 家具、寢具、廚房器具、裝設品零售業；F401010 國際貿易業；F401021 電信管制射頻器材輸入業,臺北市,變更,11506
04777186,晟銘電子科技股份有限公司,臺北市內湖區民權東路六段27號2、3、4、5、6樓,林木和,2051389300,,115/06/25,改選董事/監察人(一人法人股東指派董事/監察人),CC01030 電器製造業；CC01060 有線通信機械器材製造業；CC01050 資料儲存及處理設備製造業；CC01070 無線通信機械器材製造業；CC01080 電子零組件製造業；E605010 電腦設備安裝業；F113070 電信器材批發業；F213060 電信器材零售業；F601010 智慧財產權業,臺北市,變更,11506
04803543,上水股份有限公司,臺北市中山區德惠街16之5號7樓,簡敏議,120000000,,115/06/04,改派董事/監察人,E103101 環境保護工程專業營造業；E599010 配管工程業；E604010 機械安裝業；EZ05010 儀器、儀表安裝工程業；F207170 工業助劑零售業。；F207200 化學原料零售業；F207030 清潔用品零售業。；J101030 廢棄物清除業；J101040 廢棄物處理業；J101060 廢（污）水處理業,臺北市,變更,11506
04873478,吉盛交通股份有限公司,臺北市北投區育仁路155之1號2樓,李樂伯,28000000,,115/06/01,特殊補正,,臺北市,變更,11506
04933975,美孚建設股份有限公司,臺北市中山區建國北路1段80號6樓,彭誠浩,35100000,,115/06/18,減資,E801010 室內裝潢業；F111090 建材批發業；F113010 機械批發業；F211010 建材零售業；F213080 機械器具零售業；F501060 餐館業；G202010 停車場經營業；G801010 倉儲業；H701020 工業廠房開發租售業；H701040 特定專業區開發業,臺北市,變更,11506
04950925,丞泰企業有限公司,臺北市中山區復興北路156號7樓,黎澄汝,45000000,,115/06/12,特殊補正,F108021 西藥批發業；F208021 西藥零售業；F108011 中藥批發業；F208011 中藥零售業；F108031 醫療器材批發業；F107080 環境用藥批發業；F106010 五金批發業；F206010 五金零售業；F107200 化學原料批發業；F207200 化學原料零售業,臺北市,變更,11506
04956759,任氏電子工業股份有限公司,臺北市中山區長安東路2段81號6樓,任人俊(JEN STEPHEN JEN-CHUEN),1000000,,115/06/16,特殊補正,F113030 精密儀器批發業；F113060 度量衡器批發業；F401010 國際貿易業；F399040 無店面零售業；F113010 機械批發業；F113990 其他機械器具批發業；F119010 電子材料批發業；F213040 精密儀器零售業；F213050 度量衡器零售業；F213080 機械器具零售業,臺北市,變更,11506
04967550,凌群電腦股份有限公司,臺北市萬華區峨眉街115號6樓,劉瑞復,1000000000,,115/06/24,修正章程,CB01010 機械設備製造業；CC01030 電器及視聽電子產品製造業；CC01060 有線通信機械器材製造業；CC01080 電子零組件製造業；CC01110 電腦及其週邊設備製造業；CC01120 資料儲存媒體製造及複製業；E601010 電器承裝業；E603050 自動控制設備工程業；E605010 電腦設備安裝業；E701010 電信工程業,臺北市,變更,11506
05081369,香港商勞力士中心有限公司,臺北市大安區敦化南路二段105號、105號2、3、4樓、107號2樓,林人和,9219368,,115/06/01,本公司董事及其他負責人變更,,臺北市,變更,11506
05094603,德勝科技股份有限公司,臺北市南港區南港路三段50巷21號5樓,林坤銘,577057520,,115/06/17,修正章程,CC01060 有線通信機械器材製造業；CC01070 無線通信機械器材製造業；CC01080 電子零組件製造業；CC01110 電腦及其週邊設備製造業；E605010 電腦設備安裝業；F113070 電信器材批發業；F119010 電子材料批發業；F213060 電信器材零售業；I501010 產品設計業；F401021 電信管制射頻器材輸入業,臺北市,變更,11506
05110456,新迪綜合股份有限公司,臺北市大安區羅斯福路3段283巷4弄7號10樓,顧建農,10400000,,115/06/05,改選董事/監察人(一人法人股東指派董事/監察人),J101070 放射性廢料處理服務業；J101050 環境檢測服務業,臺北市,變更,11506
05145808,隆瑩企業股份有限公司,臺北市士林區中山北路7段141巷6號,毛詠皓,20000000,,115/06/01,改選董事/監察人(一人法人股東指派董事/監察人),CB01010 機械設備製造業；CB01990 其他機械製造業；CC01010 發電、輸電、配電機械製造業；CD01010 船舶及其零件製造業；CD01020 軌道車輛及其零件製造業；CD01030 汽車及其零件製造業；E601020 電器安裝業；E603040 消防安全設備安裝工程業；E603100 電焊工程業；E604010 機械安裝業,臺北市,變更,11506
05148164,財誠股份有限公司,臺北市中正區仁愛路1段4號7樓,阮大成,64000000,,115/06/25,董事/監察人持股變動報備,,臺北市,變更,11506
05151420,愈明股份有限公司,臺北市中正區羅斯福路1段7號7樓,程文晋,42074400,,115/06/17,特殊補正,ZZ99999 除許可業務外，得經營法令非禁止或限制之業務,臺北市,變更,11506
05156902,東服企業股份有限公司,臺北市中山區中山北路1段72號11樓之6,馮五鋒,50000000,,115/06/04,董事/監察人持股變動報備,C801030 精密化學材料製造業；CB01010 機械設備製造業；CB01030 污染防治設備製造業；CC01080 電子零組件製造業；CE01010 一般儀器製造業；CE01030 光學儀器製造業；E603050 自動控制設備工程業；E604010 機械安裝業；JA02010 電器及電子產品修理業；IG03010 能源技術服務業,臺北市,變更,11506
05257824,鈦和實業有限公司,臺北市大同區承德路2段81號8樓,洪志達,10000000,,115/06/25,特殊補正,,臺北市,變更,11506
05634475,宸暘有限公司,臺北市中正區中華路1段59號9樓,王耀緯,1000000,,115/06/03,特殊補正,,臺北市,變更,11506
07014916,大同染整股份有限公司,臺北市大同區塔城街66號3樓,葉泉發,308000000,,115/06/12,特殊補正,,臺北市,變更,11506
07015014,大宇紡織股份有限公司,臺北市大同區西寧北路62之5號7樓,陳曜銘,1306660340,,115/06/25,補繳規費,C301010 紡紗業；C302010 織布業；C303010 不織布業；C305010 印染整理業；C306010 成衣業；C399990 其他紡織及製品製造業；C801120 人造纖維製造業；F104110 布疋、衣著、鞋、帽、傘、服飾品批發業；F204110 布疋、衣著、鞋、帽、傘、服飾品零售業；F401010 國際貿易業,臺北市,變更,11506
07049400,王田毛紡股份有限公司,臺北市中山區南京東路2段167號10樓之1,彭雪芬,258960000,,115/06/12,特殊補正,H701010 住宅及大樓開發租售業；ZZ99999 除許可業務外，得經營法令非禁止或限制之業務,臺北市,變更,11506
07127904,臺灣新光實業股份有限公司,臺北市中山區南京東路2段167號10樓之1,彭雪芬,194400000,,115/06/30,特殊補正,C306010 成衣業；C307010 服飾品製造業；C399990 其他紡織及製品製造業；F104110 布疋、衣著、鞋、帽、傘、服飾品批發業；F204110 布疋、衣著、鞋、帽、傘、服飾品零售業；F106020 日常用品批發業；F206020 日常用品零售業；CH01010 體育用品製造業；F106010 五金批發業；F206010 五金零售業,臺北市,變更,11506
07140104,光和貿易股份有限公司,臺北市中山區南京東路3段219號6樓,陳弘,445500000,,115/06/15,改選董事/監察人(一人法人股東指派董事/監察人),F106010 五金批發業；F113010 機械批發業；F113030 精密儀器批發業；F119010 電子材料批發業；F206010 五金零售業；F213040 精密儀器零售業；F213080 機械器具零售業；F219010 電子材料零售業；F401010 國際貿易業；F401021 電信管制射頻器材輸入業,臺北市,變更,11506
07305105,台灣豐田通商股份有限公司,臺北市信義區松仁路101號5樓,濱田明生,142485000,,115/06/11,特殊補正,A102060 糧商業；E603040 消防安全設備安裝工程業；E604010 機械安裝業；E701030 電信管制射頻器材裝設工程業；F113070 電信器材批發業；F117010 消防安全設備批發業；F213060 電信器材零售業；F217010 消防安全設備零售業；F401010 國際貿易業；F401021 電信管制射頻器材輸入業,臺北市,變更,11506
07305506,南僑投資控股股份有限公司,臺北市大同區延平北路4段100號,陳正文,2941329620,,115/06/17,修正章程,H201010 一般投資業,臺北市,變更,11506
07387302,集昌股份有限公司,臺北市大同區民生西路403號1樓,馬偉智,5000000,,115/06/12,補選董事(常務董事.董事長)/監察人,,臺北市,變更,11506
07414244,隆億紡織股份有限公司,臺北市大同區甘谷街35號9樓之2,許坤海,3000000,,115/06/03,改選董事/監察人(一人法人股東指派董事/監察人),,臺北市,變更,11506
07435515,新光合成纖維股份有限公司,臺北市大安區仁愛路3段136號5樓,吳東昇,16184092860,,115/06/29,改選董事/監察人(一人法人股東指派董事/監察人),C301010 紡紗業；C302010 織布業；C303010 不織布業；C306010 成衣業；C801100 合成樹脂及塑膠製造業；C801120 人造纖維製造業；C805050 工業用塑膠製品製造業；CB01010 機械設備製造業；CC01120 資料儲存媒體製造及複製業；F501060 餐館業,臺北市,變更,11506
07446702,新芳春茶行兩合公司,臺北市大同區民生西路309號,,460000,,115/06/25,解散,,臺北市,變更,11506
07524729,國營臺灣鐵路股份有限公司,臺北市中正區黎明里003鄰北平西路3號,鄭光遠,80000000000,,115/06/29,修正章程,G104031 傳統鐵路經營業；CB01990 其他機械製造業；CD01020 軌道車輛及其零件製造業；CD01990 其他運輸工具及其零件製造業；E604010 機械安裝業；F114080 軌道車輛及其零件批發業；F214080 軌道車輛及其零件零售業；F203010 食品什貨、飲料零售業；F204110 布疋、衣著、鞋、帽、傘、服飾品零售業；F205040 家具、寢具、廚房器具、裝設品零售業,臺北市,變更,11506
07568009,環球水泥股份有限公司,臺北市中山區中央里南京東路二段125號10樓,侯博義,6866818160,,115/06/11,改選董事/監察人(一人法人股東指派董事/監察人),C901030 水泥製造業；C901040 預拌混凝土製造業；C901990 其他非金屬礦物製品製造業；CC01080 電子零組件製造業；CC01110 電腦及其週邊設備製造業；E801030 室內輕鋼架工程業；F111090 建材批發業；F119010 電子材料批發業；F219010 電子材料零售業；F120010 耐火材料批發業,臺北市,變更,11506
07625016,安昕交通有限公司,臺北市松山區光復南路32巷16弄4號1樓,林垂穎,5000000,,115/06/23,特殊補正,,臺北市,變更,11506
07630806,三宜油化股份有限公司,臺北市中山區民權西路48號7樓,李淑惠,29850000,,115/06/15,董事/監察人持股變動報備,,臺北市,變更,11506
07635561,喬木紡織股份有限公司,臺北市大同區迪化街1段9號3樓,陳威任,12810000,,115/06/22,特殊補正,C305010 印染整理業；CA02990 其他金屬製品製造業；F104110 布疋、衣著、鞋、帽、傘、服飾品批發業；F401010 國際貿易業；H701010 住宅及大樓開發租售業；H701020 工業廠房開發租售業；H703100 不動產租賃業；ZZ99999 除許可業務外，得經營法令非禁止或限制之業務,臺北市,變更,11506
07648290,三圓建設股份有限公司,臺北市中山區南京東路二段96號8樓,王雅麟,735862130,,115/06/22,改派董事/監察人,J801030 競技及休閒運動場館業；ZZ99999 除許可業務外，得經營法令非禁止或限制之業務,臺北市,變更,11506
07674206,義芳興業股份有限公司,臺北市萬華區莒光路310號6樓,陳芳堯,84600000,,115/06/22,改選董事/監察人(一人法人股東指派董事/監察人),,臺北市,變更,11506
07692555,同山貿易有限公司,臺北市萬華區莒光路225號6樓,社團法人新北市彌勒大道弘慈會,15000000,,115/06/29,股東出資轉讓修正章程,F104020 成衣批發業；F106010 五金批發業；F106020 日常用品批發業；F203010 食品、飲料零售業；F206060 祭祀用品零售業；F207030 清潔用品零售業；F401010 國際貿易業；ZZ99999 除許可業務外，得經營法令非禁止或限制之業務,臺北市,變更,11506
07702646,良瑋纖維股份有限公司,臺北市大同區迪化街1段63號10樓C室,周芳如,220000000,,115/06/29,公司所營事業變更修正章程,F104110 布疋、衣著、鞋、帽、傘、服飾品批發業；F107200 化學原料批發業；F107020 染料、顏料批發業；F107170 工業助劑批發業；F107990 其他化學製品批發業；F401010 國際貿易業；ZZ99999 除許可業務外，得經營法令非禁止或限制之業務；CC01080 電子零組件製造業；CC01110 電腦及其週邊設備製造業；CC01120 資料儲存媒體製造及複製業,臺北市,變更,11506
07708830,花仙子企業股份有限公司,臺北市大同區承德路3段230號13樓,蔡心心,632338510,,115/06/25,修正章程,C103050 罐頭、冷凍、脫水及醃漬食品製造業；C104010 糖果製造業；C104020 烘焙炊蒸食品製造業；C303010 不織布業；C307010 服飾品製造業；C601020 紙製造業；C601040 加工紙製造業；C802080 環境用藥製造業；C802090 清潔用品製造業；C802100 化粧品製造業,臺北市,變更,11506
07992639,聖州企業股份有限公司,臺北市大安區嘉興街319號1樓,楊明舜,600000000,,115/06/29,修正章程,F399990 其他綜合零售業；C306010 成衣業；CD01030 汽車及其零件製造業；C805060 塑膠皮製品製造業；CM01010 箱、包、袋製造業；CQ01010 模具製造業；F104110 布疋、衣著、鞋、帽、傘、服飾品批發業；F106020 日常用品批發業；F107030 清潔用品批發業；F114030 汽、機車零件配備批發業,臺北市,變更,11506
09401651,國商投資股份有限公司,臺北市大安區敦化南路2段267號17樓之4,張玉鐶,105000000,,115/06/08,改選董事/監察人(一人法人股東指派董事/監察人),H201010 一般投資業,臺北市,變更,11506
09410883,昱盛工業股份有限公司,臺北市松山區民生東路4段80巷3弄4號4樓之2,陳偉鴻,128000000,,115/06/29,特殊補正,CP01010 手工具製造業；F106010 五金批發業；CD01030 汽車及其零件製造業；F114030 汽、機車零件配備批發業；CB01010 機械設備製造業；F113010 機械批發業；F399040 無店面零售業；G801010 倉儲業；I501010 產品設計業；IZ06010 理貨包裝業,臺北市,變更,11506
09423867,浩揮股份有限公司,臺北市中正區懷寧街76號1樓,黃椿蓮,10000000,,115/06/26,公司所在地,F113010 機械批發業；F113020 電器批發業；F113030 精密儀器批發業；F113990 其他機械器具批發業；F104110 布疋、衣著、鞋、帽、傘、服飾品批發業；F106010 五金批發業；F119010 電子材料批發業；F401010 國際貿易業；ZZ99999 除許可業務外，得經營法令非禁止或限制之業務,臺北市,變更,11506
09426626,岱德股份有限公司,臺北市大同區民權西路106號11樓,曾鴻洋,34000000,,115/06/24,特殊補正,,臺北市,變更,11506
09426702,漢岱實業股份有限公司,臺北市內湖區瑞光路618號5樓,林壯恭,80000000,,115/06/10,改選董事/監察人(一人法人股東指派董事/監察人),F104110 布疋、衣著、鞋、帽、傘、服飾品批發業；F106010 五金批發業；F106020 日常用品批發業；F106040 水器材料批發業；F107010 漆料、塗料批發業；F107020 染料、顏料批發業；F107170 工業助劑批發業；F107200 化學原料批發業；F107990 其他化學製品批發業；F113010 機械批發業,臺北市,變更,11506
09469820,誼泰水電工程有限公司,臺北市中正區金門街12巷6之1號1樓,李榮周,30000000,,115/06/03,股東出資轉讓修正章程,E501011 自來水管承裝商；E601010 電器承裝業；E603040 消防安全設備安裝工程業；E801010 室內裝潢業；EZ99990 其他工程業,臺北市,變更,11506
09480022,復國工程有限公司,臺北市士林區福國路95號6樓之2,李惠文,25000000,,115/06/29,股東出資轉讓修正章程,,臺北市,變更,11506
11005404,力大貿易股份有限公司,臺北市中山區南京東路3段91號2樓,楊智鈞,50000000,,115/06/22,改選董事/監察人(一人法人股東指派董事/監察人),F401021 電信管制射頻器材輸入業；CD01030 汽車及其零件製造業；CB01010 機械設備製造業；F113010 機械批發業；F213080 機械器具零售業；ZZ99999 除許可業務外，得經營法令非禁止或限制之業務,臺北市,變更,11506
11007515,七巧通運股份有限公司,臺北市中山區建國北路2段147之2號,藤田德之,20500000,,115/06/08,改選董事/監察人(一人法人股東指派董事/監察人),G601011 航空貨運承攬業；G701011 報關業；G801010 倉儲業；F401010 國際貿易業；G402011 海運承攬運送業；G501020 民用航空總代理業；F102030 菸酒批發業；F203020 菸酒零售業；F401171 酒類輸入業；ZZ99999 除許可業務外，得經營法令非禁止或限制之業務,臺北市,變更,11506
11011623,大南汽車股份有限公司,臺北市士林區承德路4段274號,張捷,308652850,,115/06/15,特殊補正,G101021 市區汽車客運業；JA01010 汽車修理業；JA01990 其他汽車服務業；E605010 電腦設備安裝業；F213030 電腦及事務性機器設備零售業；I301010 資訊軟體服務業；F218010 資訊軟體零售業；ZZ99999 除許可業務外，得經營法令非禁止或限制之業務,臺北市,變更,11506
11022852,大通旅行社股份有限公司,臺北市大安區忠孝東路4段132號11樓,林寬仁,7000000,,115/06/03,董事(常務董事.董事長)/監察人解任,J902011 旅行業,臺北市,變更,11506
11025106,大江興貿易有限公司,臺北市松山區健康路156號12樓,杜文虎,5000000,,115/06/25,公司所在地,,臺北市,變更,11506
11026506,大同股份有限公司,臺北市中山區集英里21鄰中山北路三段22號,張榮華,21508348510,,115/06/18,董事(常務董事.董事長)/監察人解任,CC01100 電信管制射頻器材製造業；CB01030 污染防治設備製造業；E599010 配管工程業；E603050 自動控制設備工程業；EZ05010 儀器、儀表安裝工程業；CB01990 其他機械製造業；J101050 環境檢測服務業；CC01990 其他電機及電子機械器材製造業；C701010 印刷業；C702010 製版業,臺北市,變更,11506
11050809,三益夾板股份有限公司,臺北市中山區長安東路2段246號7樓之8,陳嘉文,29000000,,115/06/26,改選董事/監察人(一人法人股東指派董事/監察人),,臺北市,變更,11506
11086454,中菱機電股份有限公司,臺北市大安區復興南路2段363號4樓,李昆武,50000000,,115/06/17,特殊補正,CB01010 機械設備製造業；CB01990 其他機械製造業；CC01010 發電、輸電、配電機械製造業；CC01030 電器及視聽電子產品製造業；CN01010 家具及裝設品製造業；E604010 機械安裝業；F113010 機械批發業；F113020 電器批發業；F213010 電器零售業；F213080 機械器具零售業,臺北市,變更,11506
11087101,方大股份有限公司,臺北市中山區敬業一路97號4樓,張稀文(SIMON CHANG),25000000,,115/06/25,增資(資本總額),F401010 國際貿易業；ZZ99999 除許可業務外，得經營法令非禁止或限制之業務,臺北市,變更,11506
11102308,天行貿易股份有限公司,臺北市中山區長安東路1段21號2樓,林德璋,256385000,,115/06/30,發行新股,F108021 西藥批發業；F108031 醫療器材批發業；F208021 西藥零售業；F208031 醫療器材零售業；F102040 飲料批發業；F102170 食品什貨批發業；F108040 化粧品批發業；F113060 度量衡器批發業；F203010 食品什貨、飲料零售業；F208040 化粧品零售業,臺北市,變更,11506
11113500,六和紡織廠股份有限公司,臺北市大同區承德路1段40號12樓,宗成道,339200000,,115/06/30,改選董事/監察人(一人法人股東指派董事/監察人),G202010 停車場經營業；H701010 住宅及大樓開發租售業；H701060 新市鎮、新社區開發業；H703010 廠房出租業；H703030 辦公大樓出租業,臺北市,變更,11506
11133506,中國物產股份有限公司,臺北市中山區吉林路100號,缺額,5000000,,115/06/15,改派董事/監察人,,臺北市,變更,11506
11166999,正和鋼鐵股份有限公司,臺北市大同區承德路1段17號7樓之8,陳建帆,200000000,,115/06/04,董事/監察人持股變動報備,,臺北市,變更,11506
11189803,永和順股份有限公司,臺北市中山區南京東路2段98號10樓,陳百鈞,280800000,,115/06/18,改選董事/監察人(一人法人股東指派董事/監察人),F401010 國際貿易業；G801010 倉儲業；IZ06010 理貨包裝業；F106010 五金批發業；F206010 五金零售業；ZZ99999 除許可業務外，得經營法令非禁止或限制之業務,臺北市,變更,11506
11285278,利峰投資股份有限公司,臺北市內湖區瑞光路68號6樓,Rahul Dhand,287996000,,115/06/05,特殊補正,H201010 一般投資業；ZZ99999 除許可業務外，得經營法令非禁止或限制之業務,臺北市,變更,11506
11298247,良維科技股份有限公司,臺北市中山區長安東路一段36號10樓,李淳正,1695008980,,115/06/10,可轉換公司債換發新股,CC01050 資料儲存及處理設備製造業；H701010 住宅及大樓開發租售業；H701020 工業廠房開發租售業,臺北市,變更,11506
11322915,鳳凰國際旅行社股份有限公司,臺北市中山區長安東路1段25號4樓,張巍耀,849109200,,115/06/29,改選董事/監察人(一人法人股東指派董事/監察人),J902011 旅行業,臺北市,變更,11506
11332202,東元電機股份有限公司,臺北市南港區三重路19-9號5樓,利明献,23764406840,,115/06/05,經理人解任,C805050 工業用塑膠製品製造業；C805070 強化塑膠製品製造業；CA01030 鋼鐵鑄造業；CA01050 鋼材二次加工業；CA02010 金屬結構及建築組件製造業；CB01010 機械設備製造業；CB01020 事務機器製造業；CB01030 污染防治設備製造業；CB01071 冷凍空調設備製造業；CC01010 發電、輸電、配電機械製造業,臺北市,變更,11506
11337775,長榮海運股份有限公司,臺北市中山區民生東路二段166號1至4樓,張衍義,21650429960,,115/06/24,改選董事/監察人(一人法人股東指派董事/監察人),G301011 船舶運送業；G401011 船務代理業；G404011 貨櫃集散站經營業；CD01070 商港區船舶小修業；ZZ99999 除許可業務外，得經營法令非禁止或限制之業務,臺北市,變更,11506
11411509,昌隆貿易股份有限公司,臺北市內湖區基湖路37號12樓,吳亦圭,90736580,,115/06/09,改選董事/監察人(一人法人股東指派董事/監察人),,臺北市,變更,11506
11456006,南山人壽保險股份有限公司,臺北市信義區莊敬路168號,尹崇堯,146992460000,,115/06/11,董事(常務董事.董事長)/監察人解任,H501011 人身保險業,臺北市,變更,11506
11520008,信惠股份有限公司,臺北市中山區吉林路12巷23號1樓,陳銘源,32400000,,115/06/29,特殊補正,,臺北市,變更,11506
11551634,恩德科技股份有限公司,臺北市士林區中山北路5段478號6樓,廖文嘉,1913310000,,115/06/30,改選董事/監察人(一人法人股東指派董事/監察人),CB01010 機械設備製造業；CB01990 其他機械製造業；CN01010 家具及裝設品製造業；F113010 機械批發業；F113990 其他機械器具批發業；F105050 家具、寢具、廚房器具、裝設品批發業；F106010 五金批發業；F107200 化學原料批發業；F213080 機械器具零售業；F213990 其他機械器具零售業,臺北市,變更,11506
11603817,國揚實業股份有限公司,臺北市南港區經貿一路170號11樓之8,侯西峰,3800000000,,115/06/29,改選董事/監察人(一人法人股東指派董事/監察人),,臺北市,變更,11506
11646935,富勤企業股份有限公司,臺北市大安區敦化南路2段2號10樓,陳陞,15000000,,115/06/24,特殊補正,F102040 飲料批發業；F102170 食品什貨批發業；F104110 布疋、衣著、鞋、帽、傘、服飾品批發業；F203010 食品什貨、飲料零售業；F203020 菸酒零售業；F204110 布疋、衣著、鞋、帽、傘、服飾品零售業；F301020 超級市場業；F399010 便利商店業；F399990 其他綜合零售業；F401010 國際貿易業,臺北市,變更,11506
11686106,華夏海灣塑膠股份有限公司,臺北市內湖區基湖路37號12樓,吳亦圭,5810504940,,115/06/15,董事/監察人地址變更,F107110 石油化工原料批發業；F207110 石油化工原料零售業；ZZ99999 除許可業務外，得經營法令非禁止或限制之業務,臺北市,變更,11506
11730150,鉅工實業股份有限公司,臺北市中山區南京東路3段91號2樓,楊智鈞,50000000,,115/06/12,改選董事/監察人(一人法人股東指派董事/監察人),F401021 電信管制射頻器材輸入業；CD01030 汽車及其零件製造業；CB01010 機械設備製造業；F113010 機械批發業；F213080 機械器具零售業；ZZ99999 除許可業務外，得經營法令非禁止或限制之業務,臺北市,變更,11506
11733804,英屬維京群島商吉時洋行股份有限公司,臺北市中山區南京東路三段200號8、9樓,吳易騰,10000000,,115/06/11,本公司董事及其他負責人變更,F108031 醫療器材批發業；F208031 醫療器材零售業；F108021 西藥批發業；F208021 西藥零售業；F113030 精密儀器批發業；F213040 精密儀器零售業；F113060 度量衡器批發業；F213050 度量衡器零售業；F401010 國際貿易業；CZ99990 未分類其他工業製品製造業,臺北市,變更,11506
11820053,台灣史谷脫紙業股份有限公司,臺北市信義區信義路5段8號9樓,康珊蒂(Vasanthi Kandasamy),545204400,,115/06/09,改選董事/監察人(一人法人股東指派董事/監察人),C601020 紙製造業；C601040 加工紙製造業；F401010 國際貿易業；F110020 眼鏡批發業；C303010 不織布業；F108031 醫療器材批發業；ZZ99999 除許可業務外，得經營法令非禁止或限制之業務,臺北市,變更,11506
11825450,福華電子股份有限公司,臺北市中山區中山北路三段22號,宋成璽,1399830600,,115/06/26,董事(常務董事.董事長)/監察人解任,CC01010 發電、輸電、配電機械製造業；CC01030 電器及視聽電子產品製造業；CC01040 照明設備製造業；CC01070 無線通信機械器材製造業；CC01080 電子零組件製造業；CC01101 電信管制射頻器材製造業；CC01110 電腦及其週邊設備製造業；CC01990 其他電機及電子機械器材製造業；CD01030 汽車及其零件製造業；CD01050 自行車及其零件製造業,臺北市,變更,11506
11825655,台歐企業股份有限公司,臺北市中山區中山北路2段112號3樓,王淦,150000000,,115/06/11,特殊補正,E601020 電器安裝業；E605010 電腦設備安裝業；F106010 五金批發業；F106030 模具批發業；F108031 醫療器材批發業；F113020 電器批發業；F113050 電腦及事務性機器設備批發業；F113060 度量衡器批發業；F113110 電池批發業；F114010 汽車批發業,臺北市,變更,11506
11825825,嘉裕股份有限公司,臺北市大安區仁愛路四段25號7樓,陳陞,1899418400,,115/06/03,改選董事/監察人(一人法人股東指派董事/監察人),C306010 成衣業；F104110 布疋、衣著、鞋、帽、傘、服飾品批發業；F204110 布疋、衣著、鞋、帽、傘、服飾品零售業；F203020 菸酒零售業；C307010 服飾品製造業；C399990 其他紡織及製品製造業；F108040 化粧品批發業；F208040 化粧品零售業；H701010 住宅及大樓開發租售業；F401010 國際貿易業,臺北市,變更,11506
11829913,產協企業股份有限公司,臺北市中山區南京東路2段90號3樓,郭昌沛,748600000,,115/06/11,補繳規費,,臺北市,變更,11506
11844800,日勝遠東股份有限公司,臺北市大安區忠孝東路4段270號5樓之2,林榮顯,388000000,,115/06/17,改選董事/監察人(一人法人股東指派董事/監察人),ZZ99999 除許可業務外，得經營法令非禁止或限制之業務,臺北市,變更,11506
11892801,嘉新水泥股份有限公司,臺北市中山區中山北路二段96號,張剛綸,8328745530,,115/06/22,股份交換發行新股,C901030 水泥製造業；F111090 建材批發業；F211010 建材零售業；B202010 非金屬礦業；C901990 其他非金屬礦物製品製造業；F115020 礦石批發業；F215020 礦石零售業；B601010 土石採取業；C901040 預拌混凝土製造業；C901050 水泥及混凝土製品製造業,臺北市,變更,11506
11893409,台達化學工業股份有限公司,臺北市內湖區基湖路37號12樓,吳亦圭,3975868480,,115/06/30,董事/監察人地址變更,E303020 噪音及振動防制工程業；E801010 室內裝潢業；ZZ99999 除許可業務外，得經營法令非禁止或限制之業務,臺北市,變更,11506
11913502,臺灣水泥股份有限公司,臺北市中山區中山北路二段113號,張安平,77231817420,,115/06/10,修正章程,C901030 水泥製造業；C901040 預拌混凝土製造業；C901050 水泥及混凝土製品製造業；C901990 其他非金屬礦物製品製造業；B601010 土石採取業；F111090 建材批發業；F211010 建材零售業；F399990 其他綜合零售業；F501060 餐館業；J101040 廢棄物處理業,臺北市,變更,11506
11914002,台灣玻璃工業股份有限公司,臺北市松山區南京東路三段261號11樓,林伯豐,29080608000,,115/06/04,改派董事/監察人,C901020 玻璃及玻璃製品製造業；F106050 陶瓷玻璃器皿批發業；F107990 其他化學製品批發業；F207990 其他化學製品零售業；CB01010 機械設備製造業；F401010 國際貿易業；E801040 玻璃安裝工程業；F105050 家具、寢具、廚房器具、裝設品批發業；F205040 家具、寢具、廚房器具、裝設品零售業；F106020 日常用品批發業,臺北市,變更,11506
11916108,台灣歐雅實業股份有限公司,臺北市中山區長安東路2段108號3樓,賴頡,50000000,,115/06/10,改選董事/監察人(一人法人股東指派董事/監察人),,臺北市,變更,11506
11922609,台灣必治妥施貴寶股份有限公司,臺北市松山區健康路156號4樓、5樓,黃淯誠,237161000,,115/06/08,改派董事/監察人,F108021 西藥批發業；F208021 西藥零售業；F208050 乙類成藥零售業；F107990 其他化學製品批發業；F207990 其他化學製品零售業；F102180 酒精批發業；F203030 酒精零售業；F107070 動物用藥品批發業；F207070 動物用藥零售業；F107040 農藥批發業,臺北市,變更,11506
12017104,雙龍塑膠廠有限公司,臺北市大同區重慶北路3段223巷1弄4號1樓,張金龍,7000000,,115/06/17,股東出資轉讓修正章程,,臺北市,變更,11506
12107610,欣葉國際餐飲股份有限公司,臺北市中山區雙城街34之1之2號、34之1號2樓、34之1號地下1樓,李秀英,309421530,,115/06/23,特殊補正,ZZ99999 除許可業務外，得經營法令非禁止或限制之業務,臺北市,變更,11506
12115702,華經資訊企業股份有限公司,臺北市內湖區行愛路78巷25號6樓,袁興文,699612490,,115/06/11,補選董事(常務董事.董事長)/監察人,I301030 電子資訊供應服務業,臺北市,變更,11506
12121676,吉門企業股份有限公司,臺北市大安區復興南路1段243號9樓,莊威,22000000,,115/06/30,特殊補正,F401010 國際貿易業；F114010 汽車批發業；F214010 汽車零售業；F113020 電器批發業；F213010 電器零售業；F113110 電池批發業；F213110 電池零售業；F113070 電信器材批發業；F213060 電信器材零售業；F114060 船舶及其零件批發業,臺北市,變更,11506
12136930,春原營造股份有限公司,臺北市中山區復興北路502號4樓之2、4樓之3,蔡宗憲,1815185570,,115/06/16,發行新股,E101011 綜合營造業；E604010 機械安裝業；F113010 機械批發業；F111090 建材批發業；F401010 國際貿易業；ZZ99999 除許可業務外，得經營法令非禁止或限制之業務,臺北市,變更,11506
12139612,潤泰創新國際股份有限公司,臺北市中山區八德路二段308號11樓之1,簡滄圳,28442250860,,115/06/18,改選董事/監察人(一人法人股東指派董事/監察人),E801010 室內裝潢業；F111090 建材批發業；F211010 建材零售業；H701010 住宅及大樓開發租售業；H701040 特定專業區開發業；H701060 新市鎮、新社區開發業；H701070 區段徵收及市地重劃代辦業；H701080 都市更新重建業；H703100 不動產租賃業；F108031 醫療器材批發業,臺北市,變更,11506
12148598,中興保全科技股份有限公司,臺北市南港區經貿二路135號13樓,林建涵,4511970930,,115/06/10,分公司地址變更,I901011 保全業,臺北市,變更,11506
12156148,環境有限公司,臺北市松山區八德路3段20號11樓之1,許樊曼儂,10000000,,115/06/05,特殊補正,F102040 飲料批發業；F104110 布疋、衣著、鞋、帽、傘、服飾品批發業；F106020 日常用品批發業；F109070 文教、樂器、育樂用品批發業；F113010 機械批發業；F113020 電器批發業；F113030 精密儀器批發業；F116010 照相器材批發業；F203010 食品什貨、飲料零售業；F204110 布疋、衣著、鞋、帽、傘、服飾品零售業,臺北市,變更,11506
12158814,漢霖有限公司,臺北市信義區基隆路1段432號13樓之3,朱華玲,9000000,,115/06/12,股東出資轉讓修正章程,F102170 食品什貨批發業；F109070 文教、樂器、育樂用品批發業；F203010 食品什貨、飲料零售業；F209060 文教、樂器、育樂用品零售業；H703100 不動產租賃業；J303010 雜誌（期刊）出版業；JE01010 租賃業；ZZ99999 除許可業務外，得經營法令非禁止或限制之業務,臺北市,變更,11506
12175905,金洋交通股份有限公司,臺北市北投區育仁路155之1號2樓,吳恩存,4000000,,115/06/03,改選董事/監察人(一人法人股東指派董事/監察人),,臺北市,變更,11506
12178831,佳普股份有限公司,臺北市大安區信義路4段184號5樓,余榮昌,360000000,,115/06/09,特殊補正,CC01080 電子零組件製造業；F107200 化學原料批發業；F113070 電信器材批發業；F119010 電子材料批發業；F207200 化學原料零售業；F213110 電池零售業；F219010 電子材料零售業；F299990 其他零售業；F401010 國際貿易業；G801010 倉儲業,臺北市,變更,11506
12189730,金湧交通股份有限公司,臺北市北投區育仁路155之1號2樓,吳恩存,3000000,,115/06/04,特殊補正,,臺北市,變更,11506
12192088,夏姿國際開發股份有限公司,臺北市中山區中山北路2段49之2號,王元宏,468000000,,115/06/22,補繳規費,F104110 布疋、衣著、鞋、帽、傘、服飾品批發業；H701010 住宅及大樓開發租售業；H701020 工業廠房開發租售業；H701050 投資興建公共建設業；H701060 新市鎮、新社區開發業；H701070 區段徵收及市地重劃代辦業；H703090 不動產買賣業；H703100 不動產租賃業；H703110 老人住宅業；I103060 管理顧問業,臺北市,變更,11506
12230999,三陽匯租賃有限公司,臺北市大同區重慶北路3段254號1樓,莊金浥,50000000,,115/06/25,公司名稱變更修正章程,G101041 小客車租賃業；G202010 停車場經營業；H703100 不動產租賃業；F401010 國際貿易業；ZZ99999 除許可業務外，得經營法令非禁止或限制之業務；I301010 資訊軟體服務業；I301020 資料處理服務業；I301030 電子資訊供應服務業；F102010 冷凍食品批發業；F102040 飲料批發業,臺北市,變更,11506
12232981,台灣東芝電子零組件股份有限公司,臺北市中山區南京東路3段168號4樓,塩出浩一,45846000,,115/06/03,改派董事/監察人,E601020 電器安裝業；E603010 電纜安裝工程業；E603040 消防安全設備安裝工程業；E603050 自動控制設備工程業；E603080 交通號誌安裝工程業；E603090 照明設備安裝工程業；E604010 機械安裝業；E605010 電腦設備安裝業；E701030 電信管制射頻器材裝設工程業；EZ02010 起重工程業,臺北市,變更,11506
12235116,百勳投資股份有限公司,臺北市松山區光復北路11巷35號5樓,洪子仁,470660000,,115/06/09,特殊補正,,臺北市,變更,11506
12250875,和康交通有限公司,臺北市士林區中正路499號1樓,呂奇龍,4000000,,115/06/12,特殊補正,G101031 計程車客運業；ZZ99999 除許可業務外，得經營法令非禁止或限制之業務,臺北市,變更,11506
12262529,金龍照明股份有限公司,臺北市中正區許昌街42之1號7樓,王永宏,15200000,,115/06/02,特殊補正,,臺北市,變更,11506
12296014,北一冷凍材料股份有限公司,臺北市中山區新生北路1段11之1號,陳昱均,28000000,,115/06/02,董事/監察人持股變動報備,,臺北市,變更,11506
12304443,和椿科技股份有限公司,臺北市內湖區洲子街60號2樓,張以昇,827896930,,115/06/17,改選董事/監察人(一人法人股東指派董事/監察人),CC01080 電子零組件製造業；F118010 資訊軟體批發業；F119010 電子材料批發業；CB01010 機械設備製造業；CB01990 其他機械製造業（軸承）；E604010 機械安裝業；F113010 機械批發業；F113990 其他機械器具批發業（馬達、軸承、滑軌及螺桿）；E603040 消防安全設備安裝工程業；E303020 噪音及振動防制工程業,臺北市,變更,11506
12305196,康和建設實業股份有限公司,臺北市大安區信義路四段98號8樓,謝樹府,2079000000,,115/06/04,改選董事/監察人(一人法人股東指派董事/監察人),,臺北市,變更,11506
12314771,新和興投資股份有限公司,臺北市信義區忠孝東路4段560號9樓,陳皇州,218240000,,115/06/25,改選董事/監察人(一人法人股東指派董事/監察人),,臺北市,變更,11506
12324476,唯勝實業股份有限公司,臺北市中山區松江路131號9樓,朱定陸,15000000,,115/06/17,特殊補正,F401010 國際貿易業；ZZ99999 除許可業務外，得經營法令非禁止或限制之業務,臺北市,變更,11506
12325806,千倫實業股份有限公司,臺北市中正區新生南路1段144號1樓,林錦標,28000000,,115/06/26,改選董事/監察人(一人法人股東指派董事/監察人),F204110 布疋、衣著、鞋、帽、傘、服飾品零售業；F205040 家具、寢具、廚房器具、裝設品零售業；F206020 日常用品零售業；F401010 國際貿易業；ZZ99999 除許可業務外，得經營法令非禁止或限制之業務,臺北市,變更,11506
12341051,康舒科技股份有限公司,臺北市松山區南京東路五段99號11樓,許介立,8560312940,,115/06/01,可轉換公司債換發新股,CB01020 事務機器製造業；CC01010 發電、輸電、配電機械製造業；CC01030 電器及視聽電子產品製造業；CC01040 照明設備製造業；CC01060 有線通信機械器材製造業；CC01070 無線通信機械器材製造業；CC01080 電子零組件製造業；CC01100 電信管制射頻器材製造業；CC01110 電腦及其週邊設備製造業；CC01990 其他電機及電子機械器材製造業,臺北市,變更,11506
12358067,中菲電腦股份有限公司,臺北市內湖區行愛路151號8樓,莊斯威,781761230,,115/06/16,改選董事/監察人(一人法人股東指派董事/監察人),F113050 電腦及事務性機器設備批發業；F118010 資訊軟體批發業；F213030 電腦及事務性機器設備零售業；F218010 資訊軟體零售業；E605010 電腦設備安裝業；I301010 資訊軟體服務業；I301020 資料處理服務業；I103060 管理顧問業；JE01010 租賃業；ZZ99999 除許可業務外，得經營法令非禁止或限制之業務,臺北市,變更,11506
12365840,安德美運通股份有限公司,臺北市內湖區瑞光路66巷23號5樓,陳玉明,10000000,,115/06/30,公司所在地,G601011 航空貨運承攬業；G402011 海運承攬運送業；F401010 國際貿易業,臺北市,變更,11506
12369022,造合企業有限公司,臺北市中山區中山北路1段121巷10之1號4樓,蔡文海,5000000,,115/06/15,特殊補正,J602010 演藝活動業；F108040 化粧品批發業；F104110 布疋、衣著、鞋、帽、傘、服飾品批發業；JE01010 租賃業；JZ99080 美容美髮服務業,臺北市,變更,11506
12371385,惠普股份有限公司,臺北市內湖區新湖一路8號5樓,吳志仁,360543680,,115/06/05,特殊補正,C399990 其他紡織及製品製造業；C805990 其他塑膠製品製造業；C901060 耐火材料製造業；C901990 其他非金屬礦物製品製造業；E801010 室內裝潢業；F104110 布疋、衣著、鞋、帽、傘、服飾品批發業；F111090 建材批發業；F114010 汽車批發業；F114030 汽、機車零件配備批發業；F120010 耐火材料批發業,臺北市,變更,11506
12374355,聯科半導體股份有限公司,臺北市萬華區中華路2段504巷55號1樓,張凱鈞,50000000,,115/06/03,特殊補正,CB01010 機械設備製造業；CC01990 其他電機及電子機械器材製造業；E603050 自動控制設備工程業；E604010 機械安裝業；EZ05010 儀器、儀表安裝工程業；F109070 文教、樂器、育樂用品批發業；F113010 機械批發業；F113030 精密儀器批發業；F113050 電腦及事務性機器設備批發業；F114080 軌道車輛及其零件批發業,臺北市,變更,11506
12379485,中菲營造事業股份有限公司,臺北市中山區中山北路2段77巷12之5號7樓,許家偉,80000000,,115/06/15,特殊補正,E101011 綜合營造業；ZZ99999 除許可業務外，得經營法令非禁止或限制之業務,臺北市,變更,11506
12390741,億品有限公司,臺北市士林區天母北路28巷19號1樓,賀萌,10000000,,115/06/22,公司所在地,,臺北市,變更,11506
12392678,純青實業股份有限公司,臺北市中山區松江路125號3樓,黃文瑞,238084680,,115/06/05,改選董事/監察人(一人法人股東指派董事/監察人),,臺北市,變更,11506
12394676,康和開發股份有限公司,臺北市大安區信義路4段98號8樓,謝樹府,220000000,,115/06/04,特殊補正,ZZ99999 除許可業務外，得經營法令非禁止或限制之業務,臺北市,變更,11506
12407406,展奇實業有限公司,臺北市文山區羅斯福路6段234之1號6樓,張瑜倩,5000000,,115/06/23,特殊補正,F211010 建材零售業；J101020 病媒防治業；E603050 自動控制設備工程業；E603110 冷作工程業；E603100 電焊工程業；E604010 機械安裝業；E801010 室內裝潢業；E901010 油漆工程業；EZ02010 起重工程業；EZ03010 鎔爐安裝業,臺北市,變更,11506
12441191,康全工程股份有限公司,臺北市中山區松江路127號9樓,李文學,43000000,,115/06/22,特殊補正,CA02010 金屬結構及建築組件製造業；CB01010 機械設備製造業；CB01030 污染防治設備製造業；E502010 燃料導管安裝工程業；E599010 配管工程業；E601010 電器承裝業；E604010 機械安裝業；E605010 電腦設備安裝業；E901010 油漆工程業；EZ05010 儀器、儀表安裝工程業,臺北市,變更,11506
12452154,安惠實業股份有限公司,臺北市內湖區洲子街81號6樓,吳成良,45000000,,115/06/25,改派董事/監察人,I301010 資訊軟體服務業；I301030 電子資訊供應服務業；I501010 產品設計業；I301020 資料處理服務業；F113060 度量衡器批發業；F213050 度量衡器零售業；F399040 無店面零售業；F401010 國際貿易業；F401021 電信管制射頻器材輸入業；IZ06010 理貨包裝業,臺北市,變更,11506
12458642,義新營造股份有限公司,臺北市信義區忠孝東路4段559巷20號1樓,王文杰,24000000,,115/06/05,公司所在地,,臺北市,變更,11506
12466782,台灣索理思股份有限公司,臺北市中山區中山北路1段27號8樓之1,孫紹坤,202459000,,115/06/30,公司所在地,C802120 工業助劑製造業；CB01030 污染防治設備製造業；E604010 機械安裝業；F107170 工業助劑批發業；F113010 機械批發業；F113100 污染防治設備批發業；F207170 工業助劑零售業；F213080 機械器具零售業；F213100 污染防治設備零售業；I501010 產品設計業,臺北市,變更,11506
12492114,潤泰興股份有限公司,臺北市中山區八德路二段308號11樓之1,李天傑,612000000,,115/06/03,董事(常務董事.董事長)/監察人解任,H701010 住宅及大樓開發租售業；I101100 航空顧問業；F114070 航空器及其零件批發業；F214070 航空器及其零件零售業；JA02990 其他修理業；JE01010 租賃業；F113010 機械批發業；F213080 機械器具零售業；I103060 管理顧問業；CA04010 表面處理業,臺北市,變更,11506
12496104,友翔實業股份有限公司,臺北市萬華區中華路2段6號6樓,李明奇,10000000,,115/06/09,特殊補正,,臺北市,變更,11506
12526389,納新實業股份有限公司,臺北市松山區南京東路5段162號9樓,温彩熙,32000000,,115/06/17,特殊補正,E801010 室內裝潢業；F105050 家具、寢具、廚房器具、裝設品批發業；F106010 五金批發業；F111090 建材批發業；F113010 機械批發業；F113030 精密儀器批發業；F205040 家具、寢具、廚房器具、裝設品零售業；F206010 五金零售業；F211010 建材零售業；F213040 精密儀器零售業,臺北市,變更,11506
12535916,晨藝室內裝修工程有限公司,臺北市中山區新生北路1段88號10樓,呂俊毅,10000000,,115/06/18,股東出資轉讓修正章程,E801020 門窗安裝工程業；E801030 室內輕鋼架工程業；E801040 玻璃安裝工程業；F111070 金屬建材批發業；F211010 建材零售業；E801060 室內裝修業；I503010 景觀、室內設計業；C501040 組合木材製造業；C501070 竹、藤製品製造業；C501990 其他木製品製造業,臺北市,變更,11506
12545506,匯弘投資股份有限公司,臺北市中山區八德路二段308號11樓之1,黃明端,50080000000,,115/06/04,補選董事(常務董事.董事長)/監察人,H201010 一般投資業；H202010 創業投資業；H701010 住宅及大樓開發租售業；H703090 不動產買賣業；I102010 投資顧問業；I103060 管理顧問業；I199990 其他顧問服務業；IZ12010 人力派遣業；ZZ99999 除許可業務外，得經營法令非禁止或限制之業務,臺北市,變更,11506
12550578,台灣富美家股份有限公司,臺北市中山區南京東路3段68號6樓及70號6樓,丘志豪（Vongsady Gérard）,347902000,,115/06/11,特殊補正,C805070 強化塑膠製品製造業；C805990 其他塑膠製品製造業；CN01010 家具及裝設品製造業；E801010 室內裝潢業；F111090 建材批發業；F401010 國際貿易業；I503010 景觀、室內設計業；ZZ99999 除許可業務外，得經營法令非禁止或限制之業務,臺北市,變更,11506
12551801,四維航業股份有限公司,臺北市松山區復興北路167號16樓,藍心琪,3892761380,,115/06/22,改選董事/監察人(一人法人股東指派董事/監察人),G401011 船務代理業；G301011 船舶運送業；F114060 船舶及其零件批發業；F214060 船舶及其零件零售業；ZZ99999 除許可業務外，得經營法令非禁止或限制之業務,臺北市,變更,11506
12555736,易駿企業股份有限公司,臺北市中山區松江路28號12樓之1,陳紅珠,5000000,,115/06/18,特殊補正,F106010 五金批發業；F113010 機械批發業；F113050 電腦及事務性機器設備批發業；F113060 度量衡器批發業；F118010 資訊軟體批發業；F401010 國際貿易業；F102170 食品什貨批發業；F121010 食品添加物批發業；ZZ99999 除許可業務外，得經營法令非禁止或限制之業務,臺北市,變更,11506
12561815,縉捷有限公司,臺北市中山區北安路476巷36號4樓,林碧芝,3500000,,115/06/18,特殊補正,,臺北市,變更,11506
12602816,中華數位科技股份有限公司,臺北市中山區南京東路2段2號7樓,陳建成,70000000,,115/06/17,改選董事/監察人(一人法人股東指派董事/監察人),I301010 資訊軟體服務業。；I103010 企業經營管理顧問業。；E605010 電腦設備安裝業。；I301020 資料處理服務業。；I301030 電子資訊供應服務業。；I601010 租賃業。；F218010 資訊軟體零售業。；F213030 事務性機器設備零售業。；F113050 事務性機器設備批發業。；F213060 電信器材零售業。,臺北市,變更,11506
12616121,敦新科技股份有限公司,臺北市中山區民生東路3段49號9樓,林承軒,399250000,,115/06/15,改派董事/監察人,E605010 電腦設備安裝業；F109010 圖書批發業；F113050 事務性機器設備批發業；F118010 資訊軟體批發業；F119010 電子材料批發業；F218010 資訊軟體零售業；F219010 電子材料零售業；F401010 國際貿易業；I103010 企業經營管理顧問業；I301010 資訊軟體服務業,臺北市,變更,11506
12642459,數博整合股份有限公司,臺北市信義區基隆路2段91號4樓之1,張志綸,27000000,,115/06/29,發行新股,C301010 紡紗業；C302010 織布業；C303010 不織布業；C305010 印染整理業；C306010 成衣業；F102050 茶葉批發業；F102170 食品什貨批發業；F104110 布疋、衣著、鞋、帽、傘、服飾品批發業；F105050 家具、寢具、廚房器具、裝設品批發業；F106010 五金批發業,臺北市,變更,11506
12647004,弘諺科技股份有限公司,臺北市內湖區瑞光路408號3樓之1,倪衍鴻,51000000,,115/06/24,改選董事/監察人(一人法人股東指派董事/監察人),E605010 電腦設備安裝業；F118010 資訊軟體批發業；F218010 資訊軟體零售業；I301010 資訊軟體服務業；I301020 資料處理服務業；I301030 電子資訊供應服務業；F119010 電子材料批發業；F219010 電子材料零售業；F401010 國際貿易業；F113070 電信器材批發業,臺北市,變更,11506
12657255,嘻哈五福股份有限公司,臺北市大安區復興南路2段13號12樓,林藎誠,55300000,,115/06/25,特殊補正,CC01110 電腦及其週邊設備製造業；E605010 電腦設備安裝業；F102170 食品什貨批發業；F104110 布疋、衣著、鞋、帽、傘、服飾品批發業；F108040 化粧品批發業；F109070 文教、樂器、育樂用品批發業；F113050 電腦及事務性機器設備批發業；F113070 電信器材批發業；F114030 汽、機車零件配備批發業；F118010 資訊軟體批發業,臺北市,變更,11506
12661764,廣暢包裝機械有限公司,臺北市中正區忠孝西路1段50號20樓之26,連晨賀,5000000,,115/06/23,特殊補正,F113010 機械批發業；F113030 精密儀器批發業；F106010 五金批發業；F206010 五金零售業；F213010 電器零售業；F213040 精密儀器零售業；F213080 機械器具零售業；EZ05010 儀器、儀表安裝工程業；E604010 機械安裝業；F401010 國際貿易業,臺北市,變更,11506
12663186,群益保險經紀人股份有限公司,臺北市松山區民生東路3段156號13樓,邱昭健,5000000,,115/06/24,特殊補正,H602011 人身保險經紀人。；H602021 財產保險經紀人。,臺北市,變更,11506
12664880,權鋒國際股份有限公司,臺北市南港區園區街3之2號4樓,李育錚,20400000,,115/06/22,特殊補正,F102170 食品什貨批發業；F106020 日常用品批發業；F203010 食品什貨、飲料零售業；F206020 日常用品零售業；F108040 化粧品批發業；F208040 化粧品零售業；F102040 飲料批發業；F399040 無店面零售業；ZZ99999 除許可業務外，得經營法令非禁止或限制之業務,臺北市,變更,11506
12665972,卡邦國際空間設計有限公司,臺北市內湖區南京東路6段461號9樓之3,魏美玲,5000000,,115/06/22,特殊補正,I503010 景觀、室內設計業；F401010 國際貿易業；I103060 管理顧問業；JB01010 會議及展覽服務業；ZZ99999 除許可業務外，得經營法令非禁止或限制之業務,臺北市,變更,11506
12666141,中菱保全股份有限公司,臺北市大安區復興南路2段363號1樓,李昆武,40000000,,115/06/15,改選董事/監察人(一人法人股東指派董事/監察人),I901011 保全業。,臺北市,變更,11506
12666493,中保資通股份有限公司,臺北市士林區中山北路5段693號4樓,陳素玲,20000000,,115/06/23,補繳規費,CB01020 事務機器製造業；CC01020 電線及電纜製造業；CC01030 電器及視聽電子產品製造業；CC01060 有線通信機械器材製造業；CC01070 無線通信機械器材製造業；CC01080 電子零組件製造業；CC01110 電腦及其週邊設備製造業；CC01120 資料儲存媒體製造及複製業；CC01990 其他電機及電子機械器材製造業；CE01030 光學儀器製造業,臺北市,變更,11506
12667606,台灣珊華科技股份有限公司,臺北市中山區長安東路1段18號10樓,米崎明,10000000,,115/06/01,特殊補正,E601020 電器安裝業；E603050 自動控制設備工程業；E604010 機械安裝業；E605010 電腦設備安裝業；F113070 電信器材批發業；F213010 電器零售業；F113990 其他機械器具批發業︹水處理設備之機件︺；F119010 電子材料批發業；F113010 機械批發業；F113050 事務性機器設備批發業,臺北市,變更,11506
12671284,一名清潔衛生有限公司,臺北市南港區成福路170號3樓之5,蔡志宏,3000000,,115/06/15,申登機關變更（遷入，含卷）,J101010 住宅及建築清潔服務業；E801010 室內裝潢業；J101020 病媒防治業；J101030 廢棄物清除業；J101040 廢棄物處理業；J101050 環境檢測服務業；J101060 廢︹污︺水處理業；J101070 放射性廢料處理服務業；F107030 清潔用品批發業,臺北市,變更,11506
12673699,展茂運通股份有限公司,臺北市大安區信義路4段137號11樓,謝元輝,20000000,,115/06/12,特殊補正,F401010 國際貿易業；IZ06010 理貨包裝業；G601011 航空貨運承攬業；G402011 海運承攬運送業,臺北市,變更,11506
12675697,禾拓規劃設計顧問有限公司,臺北市中山區長安東路1段36號6樓,許晉誌,15000000,,115/06/16,增資,E201010 景觀工程業；E801010 室內裝潢業；F105010 家具批發業；F105020 室內裝飾品紡織品批發業；F105990 其他家具及裝設品批發業︹手工藝品︺；F113020 電器批發業；F401010 國際貿易業；H701060 新市鎮、新社區開發業；H701070 區段徵收及市地重劃代辦業；I102010 投資顧問業,臺北市,變更,11506
12681620,台灣賓士股份有限公司,臺北市松山區民生東路三段129號13樓,劉禹策,1715000000,,115/06/02,補選董事(常務董事.董事長)/監察人,F114010 汽車批發業；F114030 汽、機車零件配備批發業；F214010 汽車零售業；F214030 汽、機車零件配備零售業；F401010 國際貿易業；JA01010 汽車修理業；F113070 電信器材批發業；F213060 電信器材零售業；J303010 雜誌業；F401021 電信管制射頻器材輸入業,臺北市,變更,11506
12682542,友德國際股份有限公司,臺北市內湖區瑞湖街103號6樓,石朝楨,60000000,,115/06/05,發行新股,F107200 化學原料批發業；F107990 其他化學製品批發業；F107060 毒性及關注化學物質批發業；F113010 機械批發業；F113020 電器批發業；F113030 精密儀器批發業；F113050 電腦及事務性機器設備批發業；F113100 污染防治設備批發業；F207060 毒性及關注化學物質零售業；F207200 化學原料零售業,臺北市,變更,11506
12685409,資鼎投資有限公司,臺北市中山區撫順街31號3樓之9,熊慶申,10000000,,115/06/16,特殊補正,H201010 一般投資業,臺北市,變更,11506
12687504,栗光股份有限公司,臺北市中山區南京東路2段160號3樓,入江健,15000000,,115/06/25,特殊補正,CA02050 閥類製造業。；F111070 金屬建材批發業。；F106010 五金批發業。；F113990 其他機械器具批發業（接頭）。；F401010 國際貿易業。,臺北市,變更,11506
12687672,工安興業股份有限公司,臺北市士林區中山北路7段56號,黃成助,125800000,,115/06/22,發行新股,E603040 消防安全設備安裝工程業；F217010 消防安全設備零售業；IF01010 消防安全設備檢修業；J101050 環境檢測服務業；F208040 化粧品零售業；F108040 化粧品批發業；I199990 其他顧問服務業；F206010 五金零售業；EZ05010 儀器、儀表安裝工程業；F213100 污染防治設備零售業,臺北市,變更,11506
12694701,台聚管理顧問股份有限公司,臺北市內湖區基湖路37號12樓,吳亦圭,10928520,,115/06/16,改選董事/監察人(一人法人股東指派董事/監察人),I102010 投資顧問服務業；I103010 企業經營管理顧問業。；I201010 徵信服務業。；I301010 資訊軟體服務業；I301020 資料處理服務業；I301030 電子資訊供應服務業；ZZ99999 除許可業務外，得經營法令非禁止或限制之業務,臺北市,變更,11506
12696551,東勝電氣股份有限公司,臺北市南港區三重路19之9號5樓,蔡尚育,200000000,,115/06/26,改派董事/監察人,CB01010 機械設備製造業；CB01071 冷凍空調設備製造業；CC01030 電器及視聽電子產品製造業；CC01120 資料儲存媒體製造及複製業；CC01060 有線通信機械器材製造業；CC01080 電子零組件製造業；C805050 工業用塑膠製品製造業；E601020 電器安裝業；E602011 冷凍空調工程業；E605010 電腦設備安裝業,臺北市,變更,11506
12696757,芮凡工程有限公司,臺北市大安區光復南路458號11樓之2,馮定一,10000000,,115/06/10,特殊補正,F213040 精密儀器零售業；F213080 機械器具零售業；F213100 污染防治設備零售業；F401010 國際貿易業；E604010 機械安裝業；EZ05010 儀器、儀表安裝工程業；EZ13010 核子工程業；CA01050 鋼材二次加工業；CA02010 金屬結構及建築組件製造業；CA02050 閥類製造業,臺北市,變更,11506
12698734,川漢投資股份有限公司,臺北市大安區敦化南路1段138號3樓之2,鄭雅仁,100000000,,115/06/17,改選董事/監察人(一人法人股東指派董事/監察人),H201010 一般投資業；H703100 不動產租賃業；F401010 國際貿易業；ZZ99999 除許可業務外，得經營法令非禁止或限制之業務,臺北市,變更,11506
12699488,詮力科技股份有限公司,臺北市南港區忠孝東路6段21號10樓之2,姜冠宇,63000000,,115/06/30,改選董事/監察人(一人法人股東指派董事/監察人),E605010 電腦設備安裝業；E701010 通信工程業；E701030 電信管制射頻器材裝設工程業；F109040 玩具、娛樂用品批發業；F209030 玩具、娛樂用品零售業；F113050 事務性機器設備批發業；F213030 事務性機器設備零售業；F118010 資訊軟體批發業；F218010 資訊軟體零售業；F119010 電子材料批發業,臺北市,變更,11506
12701013,大樂司文創股份有限公司,臺北市士林區國泰街3號,楊慰芬,278283570,,115/06/11,特殊補正,H201010 一般投資業；H701010 住宅及大樓開發租售業；H701020 工業廠房開發租售業；H701030 殯葬場所開發租售業；H701040 特定專業區開發業；H701050 投資興建公共建設業；H703090 不動產買賣業；H703100 不動產租賃業；H703110 老人住宅業；F102170 食品什貨批發業,臺北市,變更,11506
12706925,明熾科技有限公司,臺北市大同區南京西路62號7樓,趙傳鳴,25500000,,115/06/30,增資,F119010 電子材料批發業。；I301010 資訊軟體服務業。；I301030 電子資訊供應服務業。；F401010 國際貿易業。；F218010 資訊軟體零售業。；F106010 五金批發業。；F113070 電信器材批發業。；F113020 電器批發業。；F113050 事務性機器設備批發業。；F118010 資訊軟體批發業。,臺北市,變更,11506
12725107,高溥科技企業有限公司,臺北市士林區重慶北路4段81之11號1樓,劉貴羚,1000000,,115/06/18,改推董事/董事長,C805050 工業用塑膠製品製造業；CC01080 電子零組件製造業；F119010 電子材料批發業；F401010 國際貿易業；F104110 布疋、衣著、鞋、帽、傘、服飾品批發業；F105050 家具、寢具、廚房器具、裝設品批發業；C302010 織布業,臺北市,變更,11506
12725275,濟人堂藥粧科技有限公司,臺北市大同區延平北路2段202號15樓之3,林威廷,10000000,,115/06/29,減資,F401010 國際貿易業；F108011 中藥批發業；F108040 化粧品批發業；F208011 中藥零售業；F208040 化粧品零售業；F208021 西藥零售業；F203010 食品什貨、飲料零售業；F203020 菸酒零售業；F203030 酒精零售業；F204110 布疋、衣著、鞋、帽、傘、服飾品零售業,臺北市,變更,11506
12748988,創意家企業股份有限公司,臺北市大安區安和路2段32巷19號1樓,李冠緯,43500000,,115/06/22,特殊補正,I301010 資訊軟體服務業；I301020 資料處理服務業；I401010 一般廣告服務業；I501010 產品設計業；I503010 景觀、室內設計業；E801010 室內裝潢業；F105050 家具、寢具、廚房器具、裝設品批發業；F106010 五金批發業；F111090 建材批發業；F113020 電器批發業,臺北市,變更,11506
12852172,再生緣細胞生技股份有限公司,臺北市松山區民生東路4段54號6樓之2,何啓功,233500000,,115/06/25,特殊補正,F113030 精密儀器批發業；IZ99990 其他工商服務業；F401010 國際貿易業；IG01010 生物技術服務業；I103060 管理顧問業；F108031 醫療器材批發業；F208031 醫療器材零售業；F209060 文教、樂器、育樂用品零售業；I301020 資料處理服務業；IC01010 藥品檢驗業,臺北市,變更,11506
12855754,世勤建設股份有限公司,臺北市松山區饒河街51號1樓,洪秀郎,80000000,,115/06/26,特殊補正,H701010 住宅及大樓開發租售業；H701020 工業廠房開發租售業；H701060 新市鎮、新社區開發業；E201010 景觀工程業；E301010 水處理工程業；E303010 空氣污染防制工程業；E303020 噪音及振動防制工程業；E303030 土壤污染防治工程業；E599010 配管工程業；E603020 電梯安裝工程業,臺北市,變更,11506
12859604,椰子林企業股份有限公司,臺北市松山區南京東路4段164號10樓之4,王中儀,158000000,,115/06/01,董事(常務董事.董事長)/監察人解任,F101050 水產品批發業；F102040 飲料批發業；F201030 水產品零售業；F203010 食品什貨、飲料零售業；F501060 餐館業；J901020 一般旅館業；F102170 食品什貨批發業；F399010 便利商店業；A201040 森林遊樂區經營業；ZZ99999 除許可業務外，得經營法令非禁止或限制之業務,臺北市,變更,11506
12860969,群安公寓大廈管理維護股份有限公司,臺北市中正區杭州南路1段23號9樓之3,蕭明吉,10000000,,115/06/23,申登機關變更（遷入，含卷）,I801011 公寓大廈管理服務業,臺北市,變更,11506
12861019,威剛科技股份有限公司,臺北市內湖區潭美街539號25樓,陳立白,3257440480,,115/06/02,改選董事/監察人(一人法人股東指派董事/監察人),CC01080 電子零組件製造業；CC01100 電信管制射頻器材製造業；CC01110 電腦及其週邊設備製造業；CB01020 事務機器製造業；E605010 電腦設備安裝業；F113020 電器批發業；F113050 電腦及事務性機器設備批發業；F113070 電信器材批發業；F118010 資訊軟體批發業；F119010 電子材料批發業,臺北市,變更,11506
12862050,智凱開發股份有限公司,臺北市大安區忠孝東路4段233號7樓之11,王中正,29980000,,115/06/02,特殊補正,A101020 農作物栽培業；A101030 特用作物栽培業；A101040 食用菌菇類栽培業；A101050 花卉栽培業；F101100 花卉批發業；F101130 蔬果批發業；F102050 茶葉批發業；F102170 食品什貨批發業；F201010 農產品零售業；F201070 花卉零售業,臺北市,變更,11506
12865768,碩耕永續股份有限公司,臺北市萬華區貴陽街2段51號9樓之2,張瑞珍,14000000,,115/06/10,特殊補正,I102010 一般投資顧問業；I103060 管理顧問業；I301010 資訊軟體服務業；I301020 資料處理服務業；IZ13010 網路認證服務業；IZ99990 其他工商服務業；F113050 電腦及事務性機器設備批發業；F118010 資訊軟體批發業；F213030 電腦及事務性機器設備零售業；F218010 資訊軟體零售業,臺北市,變更,11506
12869413,合相股份有限公司,臺北市中山區長安東路1段21號6樓之1,陳增文,10000000,,115/06/10,特殊補正,F114010 汽車批發業；F214010 汽車零售業；F114030 汽、機車零件配備批發業；F214030 汽、機車零件配備零售業；I601010 租賃業；G101041 小客車租賃業；G101091 小貨車租賃業；ZZ99999 除許可業務外，得經營法令非禁止或限制之業務,臺北市,變更,11506
12870468,詮勢廣告股份有限公司,臺北市大安區敦化南路2段76號21樓,劉茗銓,7780000,,115/06/29,特殊補正,I401010 一般廣告服務業；I501010 產品設計業；E801010 室內裝潢業；E801020 門窗安裝工程業；E801030 室內輕鋼架工程業；E801040 玻璃安裝工程業；E801070 廚具、衛浴設備安裝工程業；E901010 油漆工程業；I503010 景觀、室內設計業；ZZ99999 除許可業務外，得經營法令非禁止或限制之業務,臺北市,變更,11506
12872037,盈碼科技股份有限公司,臺北市內湖區內湖路1段252號7樓,蕭子凱,45000000,,115/06/29,公司所營事業變更修正章程,CC01030 電器及視聽電子產品製造業；CC01110 電腦及其週邊設備製造業；CC01060 有線通信機械器材製造業；CC01070 無線通信機械器材製造業；CC01080 電子零組件製造業；CE01010 一般儀器製造業；CE01030 光學儀器製造業；CH01040 玩具製造業；I301010 資訊軟體服務業；I301020 資料處理服務業,臺北市,變更,11506
12874083,元閏有限公司,臺北市松山區八德路4段626號6樓之4,黃獻成,4500000,,115/06/03,票據兌現/他機關函復/補正,F102040 飲料批發業；F102050 茶葉批發業；F102170 食品什貨批發業；F203010 食品什貨、飲料零售業；F211010 建材零售業；F214030 汽、機車零件配備零售業；F401010 國際貿易業；ZZ99999 除許可業務外，得經營法令非禁止或限制之業務；F106010 五金批發業；CC01010 發電、輸電、配電機械製造業,臺北市,變更,11506
12875745,台灣生命科學技術開發有限公司,臺北市大同區華陰街99號1樓,吳桂錦,1000000,,115/06/15,特殊補正,F214080 軌道車輛及其零件零售業；F214070 航空器及其零件零售業；F214060 船舶及其零件零售業；F214030 汽、機車零件配備零售業；F213080 機械器具零售業；F213040 精密儀器零售業；F213010 電器零售業；F206010 五金零售業；F214990 其他交通運輸工具及其零件零售業；F219010 電子材料零售業,臺北市,變更,11506
12876033,群星瑞智國際藝能股份有限公司,臺北市信義區信義路5段150巷2號15樓之3,柴智屏,10000000,,115/06/22,公司所在地,J303010 雜誌（期刊）出版業；J304010 圖書出版業；J305010 有聲出版業；J401010 電影片製作業；J402010 電影片發行業；J503010 廣播節目製作業；J503020 電視節目製作業；J503030 廣播電視節目發行業；J503040 廣播電視廣告業；J601010 藝文服務業,臺北市,變更,11506
12920431,鑫甫科技有限公司,臺北市萬華區成都路100之2號,張惠梅,19000000,,115/06/10,增資,I401010 一般廣告服務業；F219010 電子材料零售業；F213030 事務性機器設備零售業；F401010 國際貿易業；E605010 電腦設備安裝業；JA02010 電器及電子產品修理業；CC01110 電腦及其週邊設備製造業；C701010 印刷業；I105010 藝術品諮詢顧問業；I103060 管理顧問業,臺北市,變更,11506
12936010,奇宏策略媒體有限公司,臺北市中山區復興北路378號8樓,何湯尼Anthony Harradine,500000,,115/06/24,特殊補正,F601010 智慧財產權業；I103060 管理顧問業；H703100 不動產租賃業；I199990 其他顧問服務業；ZZ99999 除許可業務外，得經營法令非禁止或限制之業務；I401010 一般廣告服務業；I501010 產品設計業,臺北市,變更,11506
12937257,利興建設股份有限公司,臺北市北投區大興街55號1樓,余曜宇,29900000,,115/06/10,特殊補正,H701010 住宅及大樓開發租售業；F111090 建材批發業；F113010 機械批發業；F401010 國際貿易業,臺北市,變更,11506
12938495,鍾山投資股份有限公司,臺北市信義區信義路4段456號7樓,鍾卓君,28000000,,115/06/12,改選董事/監察人(一人法人股東指派董事/監察人),H201010 一般投資業,臺北市,變更,11506
12939939,瞻博網路股份有限公司,臺北市中山區南京東路2段167號5樓之1,王嘉昇,500000,,115/06/01,改選董事/監察人(一人法人股東指派董事/監察人),E605010 電腦設備安裝業；F401010 國際貿易業；I301030 電子資訊供應服務業；JZ99050 仲介服務業；I301010 資訊軟體服務業；I301020 資料處理服務業；ZZ99999 除許可業務外，得經營法令非禁止或限制之業務,臺北市,變更,11506
12942934,原動力亞細亞有限公司,臺北市萬華區武昌街2段14號2樓,石博文,3800000,,115/06/18,特殊補正,C701010 印刷業；CC01120 資料儲存媒體製造及複製業；CH01040 玩具製造業；F109070 文教、樂器、育樂用品批發業；F118010 資訊軟體批發業；F209060 文教、樂器、育樂用品零售業；F218010 資訊軟體零售業；F501030 飲料店業；F501060 餐館業；F601010 智慧財產權業,臺北市,變更,11506
12951877,創建機電科技股份有限公司,臺北市大安區敦化南路2段69號20樓,吳昌修,90000000,,115/06/23,補繳規費,F401010 國際貿易業；E602011 冷凍空調工程業；E603050 自動控制設備工程業；E603040 消防安全設備安裝工程業；F117010 消防安全設備批發業；F217010 消防安全設備零售業；IF01010 消防安全設備檢修業；EZ13010 核子工程業；F113010 機械批發業；H701050 投資興建公共建設業,臺北市,變更,11506
12953431,鈺誠科技股份有限公司,臺北市大安區忠孝東路3段136號11樓,簡鈺銘,80094570,,115/06/09,特殊補正,E599010 配管工程業；E601010 電器承裝業；E603040 消防安全設備安裝工程業；E603050 自動控制設備工程業；E603080 交通號誌安裝工程業；E603090 照明設備安裝工程業；E604010 機械安裝業；E605010 電腦設備安裝業；EZ05010 儀器、儀表安裝工程業；EZ06010 交通標示工程業,臺北市,變更,11506
12955135,上品國際不動產經紀有限公司,臺北市信義區基隆路1段141號5樓之6,陳毓芝,2500000,,115/06/23,股東出資轉讓修正章程,H703100 不動產租賃業；IZ04010 翻譯業；F111090 建材批發業；F401010 國際貿易業；E801010 室內裝潢業；F109070 文教、樂器、育樂用品批發業；F209060 文教、樂器、育樂用品零售業；J304010 圖書出版業；H701010 住宅及大樓開發租售業；H704031 不動產仲介經紀業,臺北市,變更,11506
12957160,同旺開發股份有限公司,臺北市信義區松高路9號11樓,陳坤維,20000000,,115/06/29,特殊補正,HZ01010 應收帳款收買業務；HZ02010 金融機構金錢債權收買業務；HZ02020 辦理金融機構金錢債權之評價或拍賣業務；I102010 投資顧問業；I103010 企業經營管理顧問業；I503010 景觀、室內設計業；F113050 事務性機器設備批發業；F118010 資訊軟體批發業；F213030 事務性機器設備零售業；F218010 資訊軟體零售業,臺北市,變更,11506
12963120,第一電商有限公司,臺北市南港區重陽路592號5樓,謝佩芳,2000000,,115/06/02,特殊補正,F218010 資訊軟體零售業；I301030 電子資訊供應服務業；I401010 一般廣告服務業；I301020 資料處理服務業；I301010 資訊軟體服務業；F119010 電子材料批發業；F118010 資訊軟體批發業；F219010 電子材料零售業；F401010 國際貿易業；ZZ99999 除許可業務外，得經營法令非禁止或限制之業務,臺北市,變更,11506
12974421,亞諾法生技股份有限公司,臺北市內湖區西湖里洲子街108號9樓,Wilber Huang,605535940,,115/06/24,改選董事/監察人(一人法人股東指派董事/監察人),C801010 基本化學工業；C801030 精密化學材料製造業；C802060 動物用藥製造業；C802080 環境用藥製造業；C802100 化粧品製造業；F103010 飼料批發業；F107050 肥料批發業；F107070 動物用藥品批發業；F107080 環境用藥批發業；F107200 化學原料批發業,臺北市,變更,11506
12977763,華智投資股份有限公司,臺北市中正區開封街1段37號6樓,鄭崇華,77000000,,115/06/15,改選董事/監察人(一人法人股東指派董事/監察人),H201010 一般投資業,臺北市,變更,11506
12978030,兆豐管理顧問股份有限公司,臺北市中正區衡陽路91號7樓,丁涵茵,10000000,,115/06/02,特殊補正,I103060 管理顧問業；I102010 投資顧問業；H201010 一般投資業；ZZ99999 除許可業務外，得經營法令非禁止或限制之業務,臺北市,變更,11506
13067117,璽全企業有限公司,臺北市萬華區東園街66巷20弄19號1樓,曾璽容,1000000,,115/06/10,特殊補正,E801010 室內裝潢業；E901010 油漆工程業；F111090 建材批發業；F211010 建材零售業；F401010 國際貿易業；H202010 創業投資業；H701010 住宅及大樓開發租售業；H702010 建築經理業；I102010 一般投資顧問業；I103060 管理顧問業,臺北市,變更,11506
13067854,久恆金屬有限公司,臺北市大同區重慶北路2段67號8樓之2,陳思儀,10000000,,115/06/10,特殊補正,J101010 建築物清潔服務業；J101030 廢棄物清除業；J101040 廢棄物處理業；J101050 環境檢測服務業；J101020 病媒防治業；J101060 廢（污）水處理業；J101090 廢棄物清理業；IZ12010 人力派遣業；E402010 沙石、淤泥海拋業；F113010 機械批發業,臺北市,變更,11506
13081716,台灣高虎股份有限公司,臺北市中山區長春路328號9樓,JAN MARTIN WALLGREN,38000000,,115/06/25,特殊補正,G402011 海運承攬運送業；G601011 航空貨運承攬業；F401010 國際貿易業；G801010 倉儲業；G401011 船務代理業；F112010 汽油、柴油批發業；F112040 石油製品批發業；F112060 航空站、商港或工業專用港加油業；F401100 石油輸出業；JZ99050 仲介服務業,臺北市,變更,11506
13082406,橫山企業有限公司,臺北市信義區永吉路302號2樓之3,徐千翔,28000000,,115/06/29,增資,F203010 食品什貨、飲料零售業；F102170 食品什貨批發業；F401010 國際貿易業；ZZ99999 除許可業務外，得經營法令非禁止或限制之業務；F108021 西藥批發業；F208021 西藥零售業；F107070 動物用藥品批發業；F108031 醫療器材批發業；F108040 化粧品批發業；F207070 動物用藥零售業,臺北市,變更,11506
13084299,群頂國際有限公司,臺北市大安區四維路214號1樓,呂國炎,5500000,,115/06/30,特殊補正,F104110 布疋、衣著、鞋、帽、傘、服飾品批發業；I502010 服飾設計業；F401010 國際貿易業；ZZ99999 除許可業務外，得經營法令非禁止或限制之業務；F105050 家具、寢具、廚房器具、裝設品批發業；F106010 五金批發業；F106020 日常用品批發業；F106040 水器材料批發業；F106050 陶瓷玻璃器皿批發業；F109070 文教、樂器、育樂用品批發業,臺北市,變更,11506
13085059,富貴道生活事業有限公司,臺北市松山區敦化北路170號5樓之1,許玉鳳,5000000,,115/06/10,特殊補正,F401010 國際貿易業；IE99990 其他工商服務業（代辦演講會）；I103010 企業經營管理顧問業；F203010 食品、飲料零售業；F204020 成衣零售業；F205020 裝設品零售業；F208040 化粧品零售業；F209010 書籍、文具零售業；F209020 運動器材零售業；F209030 玩具、娛樂用品零售業,臺北市,變更,11506
13088083,傳動行銷製作有限公司,臺北市中正區公園路32號12樓,郭惠宇,1000000,,115/06/09,特殊補正,I103010 企業經營管理顧問業；I401010 一般廣告服務業；F401010 國際貿易業；I501010 產品設計業；J602010 演藝活動業；I503010 景觀、室內設計業JZ9903 攝影業,臺北市,變更,11506
13088226,虹華科技股份有限公司,臺北市松山區撫遠街376巷6號,周錦昌,4000000,,115/06/10,董事/監察人持股變動報備,E601010 電器承裝業；E601020 電器安裝業；E603010 電纜安裝工程業；E603020 電梯安裝工程業；E603040 消防安全設備安裝工程業；E603050 自動控制設備工程業；E603080 交通號誌安裝工程業；E603090 照明設備安裝工程業；E603100 電焊工程業；E603110 冷作工程業,臺北市,變更,11506
13095325,基佳電子材料股份有限公司,臺北市松山區敦化北路170號12樓,七井秀寿,50000000,,115/06/30,特殊補正,ZZ99999 除許可業務外，得經營法令非禁止或限制之業務；F107010 漆料、塗料批發業；F107020 染料、顏料批發業；F107060 毒性化學物質批發業；F107170 工業助劑批發業；F107200 化學原料批發業；F107990 其他化學製品批發業；G801010 倉儲業,臺北市,變更,11506
13100896,建凱輪胎有限公司,臺北市內湖區文湖街10號1樓,張均特,29000000,,115/06/23,股東出資轉讓修正章程,CD01030 汽車及其零件製造業；JA01010 汽車修理業；F214010 汽車零售業；F214030 汽、機車零件配備零售業；F214050 車胎零售業；F401010 國際貿易業；F501030 飲料店業,臺北市,變更,11506
13102389,漢欣醫藥生技股份有限公司,臺北市士林區忠誠路1段106號4樓,李昆侖,7000000,,115/06/05,改選董事/監察人(一人法人股東指派董事/監察人),F108021 西藥批發業；F108031 醫療器材批發業；F208021 西藥零售業；F208031 醫療器材零售業；ZZ99999 除許可業務外，得經營法令非禁止或限制之業務,臺北市,變更,11506
13102986,永發國際投資有限公司,臺北市中山區撫順街31號3樓之7,熊慶申,10000000,,115/06/16,特殊補正,H201010 一般投資業,臺北市,變更,11506
13103015,東方民用航空總代理股份有限公司,臺北市中山區長安東路2段230號3樓,吳亜娇,2000000,,115/06/04,特殊補正,G501020 民用航空總代理業,臺北市,變更,11506
13109539,連昇實業有限公司,臺北市信義區忠孝東路5段1之8號2樓,林惠蓮,5000000,,115/06/26,特殊補正,G202010 停車場經營業；H701010 住宅及大樓開發租售業；H701020 工業廠房開發租售業；H701050 投資興建公共建設業；H701060 新市鎮、新社區開發業；H701070 區段徵收及市地重劃代辦業；H701090 都市更新整建維護業；H702010 建築經理業；H703090 不動產買賣業；H703100 不動產租賃業,臺北市,變更,11506
13112160,新醫科技股份有限公司,臺北市中正區南陽街1號5樓,都暎昊,46150000,,115/06/29,特殊補正,I103060 管理顧問業；F401010 國際貿易業；EZ05010 儀器、儀表安裝工程業；IZ99990 其他工商服務業；I301010 資訊軟體服務業；F301010 百貨公司業；CE01010 一般儀器製造業；F401021 電信管制射頻器材輸入業；CF01011 醫療器材製造業；F108031 醫療器材批發業,臺北市,變更,11506
13113858,鴻立室內裝修工程股份有限公司,臺北市中正區紹興北街8號5樓,李燊堯,9000000,,115/06/30,特殊補正,E201010 景觀工程業；E603040 消防安全設備安裝工程業；E801010 室內裝潢業；E801020 門窗安裝工程業；E801030 室內輕鋼架工程業；E801040 玻璃安裝工程業；E801061 室內裝修業；E801070 廚具、衛浴設備安裝工程業；E901010 油漆工程業；E903010 防蝕、防銹工程業,臺北市,變更,11506
13115770,小水滴國際商貿有限公司,臺北市松山區南京東路4段197號4樓,劉宋福,10000000,,115/06/23,股東出資轉讓修正章程,C701010 印刷業；C702010 製版業；I401010 一般廣告服務業；I501010 產品設計業；F209060 文教、樂器、育樂用品零售業；F401010 國際貿易業；C501060 木質容器製造業；C601030 紙容器製造業；C901010 陶瓷及陶瓷製品製造業；C901020 玻璃及玻璃製品製造業,臺北市,變更,11506
13121490,為客資訊股份有限公司,臺北市內湖區民權東路6段16之1號4樓,廖緯綸,5000000,,115/06/24,改選董事/監察人(一人法人股東指派董事/監察人),F118010 資訊軟體批發業；F113050 電腦及事務性機器設備批發業；F113070 電信器材批發業；F119010 電子材料批發業；F401010 國際貿易業；I301010 資訊軟體服務業；I301020 資料處理服務業；I301030 電子資訊供應服務業；ZZ99999 除許可業務外，得經營法令非禁止或限制之業務,臺北市,變更,11506
13122272,濾太有限公司,臺北市大同區長安西路78巷3弄1號,王泓喜,5000000,,115/06/02,股東出資轉讓修正章程,F113010 機械批發業；F113100 污染防治設備批發業；F114030 汽、機車零件配備批發業；F114060 船舶及其零件批發業；F106010 五金批發業；F206010 五金零售業；F213100 污染防治設備零售業。；F213080 機械器具零售業；F214030 汽、機車零件配備零售業；F214060 船舶及其零件零售業,臺北市,變更,11506
13126621,千鄉萬才股份有限公司,臺北市松山區南京東路5段343號7樓,温世義,10000000,,115/06/23,特殊補正,ZZ99999 除許可業務外，得經營法令非禁止或限制之業務,臺北市,變更,11506
13131315,緯博投資股份有限公司,臺北市信義區基隆路2段151之7號5樓之1,劉台誠,3700000,,115/06/22,改選董事/監察人(一人法人股東指派董事/監察人),H201010 一般投資業,臺北市,變更,11506
13131413,統一客樂得服務股份有限公司,臺北市松山區東興路8號8樓,黃瑞典,15000000,,115/06/08,補選董事(常務董事.董事長)/監察人,IZ99990 其他工商服務業；I301020 資料處理服務業；ZZ99999 除許可業務外，得經營法令非禁止或限制之業務,臺北市,變更,11506
13132285,台灣賽峰股份有限公司,臺北市大安區敦化南路2段38號7樓之1,Sébastien IMBOURG,3000350,,115/06/26,特殊補正,E604010 機械安裝業；F114070 航空器及其零件批發業；F214070 航空器及其零件零售業；F401010 國際貿易業；I101100 航空顧問業；I102010 投資顧問業；I103060 管理顧問業；IZ99990 其他工商服務業；JA02990 其他修理業；JB01010 會議及展覽服務業,臺北市,變更,11506
13132659,揚生生化科技股份有限公司,臺北市中山區中山北路3段49號3樓,許正郎,50700000,,115/06/29,特殊補正,C802100 化粧品製造業；C199990 未分類其他食品製造業；F108040 化粧品批發業；IG01010 生物技術服務業；F401010 國際貿易業；I103060 管理顧問業；IZ12010 人力派遣業；ZZ99999 除許可業務外，得經營法令非禁止或限制之業務,臺北市,變更,11506
13134925,新通環宇股份有限公司,臺北市內湖區陽光街347號6樓之1,梁永新Leung Wing Sun,5000000,,115/06/22,改派董事/監察人,I301030 電子資訊供應服務業；ZZ99999 除許可業務外，得經營法令非禁止或限制之業務,臺北市,變更,11506
13137113,甘氏資訊股份有限公司,臺北市大安區復興南路2段236號4樓之5,鄭嘉燕,7000000,,115/06/11,特殊補正,F118010 資訊軟體批發業；F119010 電子材料批發業；F113050 事務性機器設備批發業；I301010 資訊軟體服務業；I301020 資料處理服務業；I301030 電子資訊供應服務業；F109010 圖書批發業。；J303010 雜誌業；J304010 圖書出版業；F199990 其他批發業（藝術品等）,臺北市,變更,11506
13138289,季科投資股份有限公司,臺北市信義區松智路1號18樓,林宗良,180351000,,115/06/30,補繳規費,H201010 一般投資業；H703100 不動產租賃業；ZZ99999 除許可業務外，得經營法令非禁止或限制之業務,臺北市,變更,11506
13141432,立和生醫股份有限公司,臺北市南港區忠孝東路6段21號8樓之1,林呈烈,18800000,,115/06/18,特殊補正,F108021 西藥批發業；F208021 西藥零售業；F108031 醫療器材批發業；F208031 醫療器材零售業；F208040 化粧品零售業；F208050 乙類成藥零售業；F121010 食品添加物批發業；F221010 食品添加物零售業；F102170 食品什貨批發業；F203010 食品什貨、飲料零售業,臺北市,變更,11506
13154225,環球世達保險經紀人股份有限公司,臺北市信義區忠孝東路5段1之6號6樓,阮錦昇,20000000,,115/06/26,增資(資本總額),H602011 人身保險經紀人。；H602021 財產保險經紀人。,臺北市,變更,11506
14026403,華東旅行社有限公司,臺北市中正區博愛路60號8樓Ｂ室,吳信宏,3000000,,115/06/25,特殊補正,,臺北市,變更,11506
14037318,宏國建設股份有限公司,臺北市松山區敦化北路167號17樓,林謝罕見,23450000,,115/06/02,改選董事/監察人(一人法人股東指派董事/監察人),ZZ99999 除許可業務外，得經營法令非禁止或限制之業務,臺北市,變更,11506
14040691,中美和石油化學股份有限公司,臺北市內湖區堤頂大道二段413號6樓,何敏豪,6883970048,,115/06/09,改派董事/監察人,,臺北市,變更,11506
14056715,法台化學股份有限公司,臺北市中山區民生東路3段2號4樓之3,Francois Didier BLEGER,36339200,,115/06/10,特殊補正,F102020 食用油脂批發業；F102170 食品什貨批發業；F103010 飼料批發業；F107010 漆料、塗料批發業；F107020 染料、顏料批發業；F107030 清潔用品批發業；F107040 農藥批發業；F107050 肥料批發業；F107070 動物用藥品批發業；F107080 環境用藥批發業,臺北市,變更,11506
14057806,歐粹實業股份有限公司,臺北市南港區南港路3段47巷2號7樓,陳森鴻,33000000,,115/06/01,特殊補正,,臺北市,變更,11506
14067826,兆豐票券金融股份有限公司,臺北市中正區衡陽路91號地下1樓、2-5樓、10樓,缺額,15114410840,,115/06/09,改派董事/監察人,H102011 票券金融業,臺北市,變更,11506
14071286,福利營造股份有限公司,臺北市中山區長春路408號12樓,簡進吉,150000000,,115/06/29,公司所在地,E101011 綜合營造業；H701010 住宅及大樓開發租售業；H703100 不動產租賃業；H703090 不動產買賣業；H701020 工業廠房開發租售業；H701050 投資興建公共建設業,臺北市,變更,11506
14078176,志沛企業有限公司,臺北市中山區天祥路45號2樓,李鴻英,12000000,,115/06/18,特殊補正,CC01080 電子零組件製造業；CC01120 資料儲存媒體製造及複製業；CC01990 其他電機及電子機械器材製造業；F119010 電子材料批發業；F219010 電子材料零售業；F401010 國際貿易業；I501010 產品設計業；ZZ99999 除許可業務外，得經營法令非禁止或限制之業務,臺北市,變更,11506
14087702,曄信企業有限公司,臺北市中山區民族東路564號1樓,蔡榮聰,4000000,,115/06/17,特殊補正,,臺北市,變更,11506
14104929,台灣火星塞工業股份有限公司,臺北市松山區敦化北路102號3樓,松岡秀樹,5100000,,115/06/17,改選董事/監察人(一人法人股東指派董事/監察人),F114030 汽、機車零件配備批發業；F119010 電子材料批發業；F214030 汽、機車零件配備零售業；F219010 電子材料零售業；F401010 國際貿易業；ZZ99999 除許可業務外，得經營法令非禁止或限制之業務,臺北市,變更,11506
15494706,仕鼎股份有限公司,臺北市萬華區康定路46之5號,詹秋霞,10000000,,115/06/12,董事/監察人持股變動報備,F104110 布疋、衣著、鞋、帽、傘、服飾品批發業；F401010 國際貿易業；I103060 管理顧問業；JE01010 租賃業；H703100 不動產租賃業,臺北市,變更,11506
15988530,三銨企業股份有限公司,臺北市萬華區西園路2段45之1號1樓,鄭羽珊,10000000,,115/06/05,特殊補正,C306010 成衣業；F107030 清潔用品批發業；F113010 機械批發業；F113020 電器批發業；F114030 汽、機車零件配備批發業；F119010 電子材料批發業；F204110 布疋、衣著、鞋、帽、傘、服飾品零售業；F205040 家具、寢具、廚房器具、裝設品零售業；F206010 五金零售業；F206020 日常用品零售業,臺北市,變更,11506
16006310,精準投資股份有限公司,臺北市中山區長安東路2段169之6號3樓之3,李湘蓮,6700000,,115/06/18,改選董事/監察人(一人法人股東指派董事/監察人),H201010 一般投資業,臺北市,變更,11506
16052186,廣九物流股份有限公司,臺北市內湖區江南街107巷2號1樓,王慶輝,30000000,,115/06/04,董事(常務董事.董事長)/監察人解任,G801010 倉儲業；IZ06010 理貨包裝業；F102040 飲料批發業；F102050 茶葉批發業；F102170 食品什貨批發業；F104110 布疋、衣著、鞋、帽、傘、服飾品批發業；F105050 家具、寢具、廚房器具、裝設品批發業；F106010 五金批發業；F106020 日常用品批發業；F106050 陶瓷玻璃器皿批發業,臺北市,變更,11506
16084477,聯華電信股份有限公司,臺北市內湖區舊宗路2段105號4樓,吳建璋,405000000,,115/06/23,改選董事/監察人(一人法人股東指派董事/監察人),G901011 第一類電信事業；F401021 電信管制射頻器材輸入業；F401010 國際貿易業；CE01021 度量衡器製造業；I301010 資訊軟體服務業；F118010 資訊軟體批發業；ZZ99999 除許可業務外，得經營法令非禁止或限制之業務；I301020 資料處理服務業；I301030 電子資訊供應服務業；I301040 第三方支付服務業,臺北市,變更,11506
16086448,威秀影城股份有限公司,臺北市信義區松壽路20號2樓,王超立,1000000000,,115/06/08,改派董事/監察人,F203010 食品什貨、飲料零售業；F102030 菸酒批發業；F203020 菸酒零售業；F209060 文教、樂器、育樂用品零售業；F301010 百貨公司業；F399040 無店面零售業；F401010 國際貿易業；F501030 飲料店業；F501050 飲酒店業；F601010 智慧財產權業,臺北市,變更,11506
16091049,陽信商業銀行股份有限公司,臺北市中山區集英里中山北路二段156號,陳勝宏,40403056200,,115/06/01,董事(常務董事.董事長)/監察人解任,H101021 商業銀行業；H601011 人身保險代理人；H601021 財產保險代理人；H301011 證券商,臺北市,變更,11506
16092130,臺灣期貨交易所股份有限公司,臺北市中正區羅斯福路二段100號14樓,吳自心,7215725380,,115/06/17,董事/監察人持股變動報備,H402011 期貨交易所；H403011 期貨結算機構,臺北市,變更,11506
16093530,台灣絲織開發股份有限公司,臺北市中正區愛國東路22號6樓,,608755500,,115/06/23,一般補正案,H701010 住宅及大樓開發租售業；H701040 特定專業區開發業；H701050 投資興建公共建設業；D101050 汽電共生業；D301010 自來水經營業；J101030 廢棄物清除業；J101040 廢棄物處理業；J101060 廢（污）水處理業；H701020 工業廠房開發租售業；H701060 新市鎮、新社區開發業,臺北市,變更,11506
16094812,台新大安租賃股份有限公司,臺北市中山區中山北路二段44號7樓,張南星,3785151340,,115/06/02,補選董事(常務董事.董事長)/監察人,JE01010 租賃業；F108031 醫療器材批發業；F113010 機械批發業；F208031 醫療器材零售業；F213080 機械器具零售業；F113030 精密儀器批發業；F213040 精密儀器零售業；F214010 汽車零售業；F214020 機車零售業；F214060 船舶及其零件零售業,臺北市,變更,11506
16096804,南亞電路板股份有限公司,臺北市內湖區石潭里南京東路六段390號7樓,鄒明仁,6461654870,,115/06/09,改選董事/監察人(一人法人股東指派董事/監察人),CC01080 電子零組件製造業；CC01090 電池製造業；I199990 其他顧問服務業；ZZ99999 除許可業務外，得經營法令非禁止或限制之業務,臺北市,變更,11506
16097091,悠旅生活事業股份有限公司,臺北市松山區東興路8號8樓,高秀玲,356377900,,115/06/23,改派董事/監察人,F102170 食品什貨批發業；F203010 食品什貨、飲料零售業；F204110 布疋、衣著、鞋、帽、傘、服飾品零售業；F209060 文教、樂器、育樂用品零售業；F401010 國際貿易業；F501030 飲料店業；F501060 餐館業；IZ06010 理貨包裝業；F203020 菸酒零售業；ZZ99999 除許可業務外，得經營法令非禁止或限制之業務,臺北市,變更,11506
16146620,上展投資股份有限公司,臺北市中山區復興北路58號6樓,陳建成,10000000,,115/06/22,董事/監察人持股變動報備,,臺北市,變更,11506
16154536,勇竣營造工程有限公司,臺北市中山區林森北路615號10樓,蔡威儀,25000000,,115/06/16,股東出資轉讓修正章程,E101011 營造業,臺北市,變更,11506
16156176,台友國際股份有限公司,臺北市中正區延平南路75號2、3樓,李俊永,117200000,,115/06/18,改選董事/監察人(一人法人股東指派董事/監察人),F113050 電腦及事務性機器設備批發業；F118010 資訊軟體批發業；F119010 電子材料批發業；F213030 電腦及事務性機器設備零售業；F218010 資訊軟體零售業；F219010 電子材料零售業；F399040 無店面零售業；F401010 國際貿易業；F501060 餐館業；I301010 資訊軟體服務業,臺北市,變更,11506
16161564,昶捷物流股份有限公司,臺北市士林區德行東路266巷8號2樓,劉世楠,60000000,,115/06/26,補繳規費,G101061 汽車貨運業；G801010 倉儲業；C802100 化粧品製造業；CA02990 其他金屬製品製造業；H703100 不動產租賃業；IZ06010 理貨包裝業；IZ12010 人力派遣業；JE01010 租賃業；JZ99050 仲介服務業；ZZ99999 除許可業務外，得經營法令非禁止或限制之業務,臺北市,變更,11506
16161831,奕廷投資股份有限公司,臺北市大同區歸綏街132之2號5樓,林玲玉,3000000,,115/06/25,董事/監察人持股變動報備,H201010 一般投資業。,臺北市,變更,11506
16162705,軒容貿易有限公司,臺北市文山區興隆路3段192巷8弄92號1樓,方瑀,5000000,,115/06/26,特殊補正,F401010 國際貿易業；F203010 食品什貨、飲料零售業；F219010 電子材料零售業；F213060 電信器材零售業；E701010 通信工程業；E605010 電腦設備安裝業；E604010 機械安裝業；E601020 電器安裝業；ZZ99999 除許可業務外，得經營法令非禁止或限制之業務,臺北市,變更,11506
16167357,雅創投資開發股份有限公司,臺北市大安區忠孝東路4段162號9樓之5,李永川,1200000,,115/06/18,董事/監察人持股變動報備,H201010 一般投資業。,臺北市,變更,11506
16170347,鴻匠室內設計工程有限公司,臺北市大安區仁愛路3段141號4樓,王泰貴,1000000,,115/06/22,特殊補正,,臺北市,變更,11506
16172598,晉德印刷有限公司,臺北市中山區撫順街25號2樓之3,蔡錦純,1000000,,115/06/18,改推董事/董事長,,臺北市,變更,11506
16178973,萬通影音科技股份有限公司,臺北市松山區敦化北路207號6樓之1,邱傑男,29000000,,115/06/17,改選董事/監察人(一人法人股東指派董事/監察人),J503051 錄影節目帶業；F401010 國際貿易業；ZZ99999 除許可業務外，得經營法令非禁止或限制之業務；J401011 電影片製作業；J402011 電影片發行業；J404011 動畫影片製作業；J503011 廣播節目製作業；J503021 電視節目製作業；J503031 廣播電視節目發行業；J503041 廣播電視廣告業,臺北市,變更,11506
16289416,大元企業管理顧問股份有限公司,臺北市內湖區陽光街351號8樓之2,蘇怡,10000000,,115/06/08,改選董事/監察人(一人法人股東指派董事/監察人),,臺北市,變更,11506
16290862,冠慶機電股份有限公司,臺北市大安區和平東路3段131號3樓,范錦華,77500000,,115/06/05,特殊補正,E601010 電器承裝業；E603040 消防安全設備安裝工程業；E501011 自來水管承裝商；F217010 消防安全設備零售業；F213060 電信器材零售業；E604010 機械安裝業；H701010 住宅及大樓開發租售業；EZ99990 其他工程業；ZZ99999 除許可業務外，得經營法令非禁止或限制之業務,臺北市,變更,11506
16290912,超級圓頂事業股份有限公司,臺北市中正區八德路1段23號3樓之1,葛福鴻,1000000,,115/06/09,減資,F203010 食品飲料零售業；F204020 成衣零售業；F204050 服飾品零售業；F209010 書籍文具零售業；F209030 玩具娛樂用品零售業；J503010 廣播節目製作業,臺北市,變更,11506
16294430,柏凱欣業股份有限公司,臺北市中山區中山北路2段27巷7號6樓,李凱萍,24000000,,115/06/16,董事/監察人持股變動報備,F213060 電信器材零售業；F113070 電信器材批發業；H701010 住宅及大樓開發租售業；H701020 工業廠房開發租售業；H701040 特定專業區開發業；H701050 投資興建公共建設業；H703090 不動產買賣業；H703100 不動產租賃業,臺北市,變更,11506
16295873,富佑盛實業股份有限公司,臺北市大同區西寧北路62之5號3樓之1,林永紘,14000000,,115/06/12,公司所在地,F401010 國際貿易業,臺北市,變更,11506
16297014,合康工程顧問股份有限公司,臺北市中正區仁愛路2段34號4樓、4樓之1、4樓之2,陳秀嬪,288000000,,115/06/30,特殊補正,I103010 企業經營管理顧問業；I301010 資訊軟體服務業；I503010 景觀、室內設計業；E801010 室內裝潢業；H701010 住宅及大樓開發租售業；H701020 工業廠房開發租售業；H701040 特定專業區開發業；H701050 投資興建公共建設業；H701060 新市鎮、新社區開發業；H701070 區段徵收及市地重劃代辦業,臺北市,變更,11506
16297788,奇鈦科技股份有限公司,臺北市大安區忠孝東路4段285號9樓之3,龍筱芬,337160850,,115/06/17,改選董事/監察人(一人法人股東指派董事/監察人),C802120 工業助劑製造業。；C802200 塗料、油漆、染料及顏料製造業；CC01120 資料儲存媒體製造及複製業；CC01080 電子零組件製造業,臺北市,變更,11506
16298674,明日工作室股份有限公司,臺北市松山區南京東路5段343號7樓,劉湘民,187000000,,115/06/15,改選董事/監察人(一人法人股東指派董事/監察人),F109070 文教、樂器、育樂用品批發業；F113020 電器批發業；F118010 資訊軟體批發業；F209060 文教、樂器、育樂用品零售業；F213010 電器零售業；F218010 資訊軟體零售業；F401010 國際貿易業；I301010 資訊軟體服務業；I301020 資料處理服務業；I301030 電子資訊供應服務業,臺北市,變更,11506
16301489,捷群投資股份有限公司,臺北市大安區和平東路3段131號3樓,林淑媛,164000000,,115/06/16,特殊補正,H201010 一般投資業,臺北市,變更,11506
16302558,奇偶科技股份有限公司,臺北市內湖區內湖路一段246號9樓,王有傳,805416720,,115/06/17,發行新股,F118010 資訊軟體批發業；F119010 電子材料批發業；F213010 電器零售業；F213030 電腦及事務性機器設備零售業；E605010 電腦設備安裝業；F219010 電子材料零售業；F401010 國際貿易業；F218010 資訊軟體零售業；I301030 電子資訊供應服務業；I301010 資訊軟體服務業,臺北市,變更,11506
16307420,一路發旅行社股份有限公司,臺北市大同區民權西路136號7樓之11,孫惠珊,12000000,,115/06/10,特殊補正,J902011 旅行業,臺北市,變更,11506
16307603,嵩森科技股份有限公司,臺北市內湖區瑞光路605號7樓,吳堉文,532000000,,115/06/24,一般補正案,F113020 電器批發業。；F113050 電腦及事務性機器設備批發業；F113070 電信器材批發業。；F118010 資訊軟體批發業。；F401010 國際貿易業。；F401021 電信管制射頻器材輸入業。；ZZ99999 除許可業務外，得經營法令非禁止或限制之業務,臺北市,變更,11506
16314858,尚林實業股份有限公司,臺北市大安區忠孝東路4段169號11樓,劉昇昌,21000000,,115/06/04,特殊補正,F203010 食品、飲料零售業。；F205020 裝設品零售業。；F201010 農產品零售業。；C501020 木材保存處理業。；H703030 辦公大樓出租業,臺北市,變更,11506
16320731,建通亞太股份有限公司,臺北市中山區長安東路2段189號8樓之2,林大中,10000000,,115/06/02,特殊補正,F113070 電信器材批發業；F213060 電信器材零售業；F113020 電器批發業；F213010 電器零售業；F119010 電子材料批發業；F219010 電子材料零售業；F118010 資訊軟體批發業；F218010 資訊軟體零售業；I301010 資訊軟體服務業；I301020 資料處理服務業,臺北市,變更,11506
16324194,首阜企業管理顧問股份有限公司,臺北市松山區東興路8號8樓,李宗賢,25000000,,115/06/24,改選董事/監察人(一人法人股東指派董事/監察人),I301010 資訊軟體服務業；I103060 管理顧問業；JE01010 租賃業；F401010 國際貿易業；I301020 資料處理服務業；I301030 電子資訊供應服務業；IZ12010 人力派遣業；F109070 文教、樂器、育樂用品批發業；F209060 文教、樂器、育樂用品零售業；J202010 產業育成業,臺北市,變更,11506
16325665,富徠建設股份有限公司,臺北市信義區忠孝東路5段510號6樓之3,蔡宏建,100000000,,115/06/01,發行新股,H701010 住宅及大樓開發租售業；H701020 工業廠房開發租售業；H701040 特定專業區開發業；H701050 投資興建公共建設業；I401010 一般廣告服務業；G202010 停車場經營業；ZZ99999 除許可業務外，得經營法令非禁止或限制之業務,臺北市,變更,11506
16326947,凱亞投資股份有限公司,臺北市大安區敦化南路1段197號7樓之1,黃春榕,30000000,,115/06/03,特殊補正,H201010 一般投資業,臺北市,變更,11506
16363766,惠特影科技有限公司,臺北市大同區南京西路18巷8之2號,蘇敏惠,2000000,,115/06/03,減少所營事業變更修正章程,E605010 電腦設備安裝業；E701010 電信工程業；F106020 日常用品批發業；F113050 電腦及事務性機器設備批發業；F113070 電信器材批發業；F118010 資訊軟體批發業；F218010 資訊軟體零售業；F119010 電子材料批發業；F206020 日常用品零售業；F213030 電腦及事務性機器設備零售業,臺北市,變更,11506
16367854,巨鼎工程建設股份有限公司,臺北市中山區民生東路2段147巷3之1號地下室,陳英森,22800000,,115/06/11,董事長印鑑變更,E101011 綜合營造業；ZZ99999 除許可業務外，得經營法令非禁止或限制之業務；E401010 疏濬業；E599010 配管工程業；E601010 電器承裝業；E801010 室內裝潢業；EZ99990 其他工程業；F111090 建材批發業；F113010 機械批發業；F211010 建材零售業,臺北市,變更,11506
16431976,金佰利克拉克投資股份有限公司,臺北市信義區信義路5段8號9樓,Charles Paradowski帕查爾,1000000,,115/06/22,董事/監察人更名,H201010 一般投資業,臺北市,變更,11506
16433714,日華投資企業股份有限公司,臺北市大安區仁愛路4段85號4樓,何佩玲,676831090,,115/06/08,補繳規費,H201010 一般投資業。,臺北市,變更,11506
16440975,臺灣阿斯特捷利康股份有限公司,臺北市大安區敦化南路2段207號21樓,"李麥郡(Dvorak Little,Mark Andrew)",110000000,,115/06/12,改選董事/監察人(一人法人股東指派董事/監察人),F108021 西藥批發業；F108031 醫療器材批發業；F208021 西藥零售業；F208031 醫療器材零售業；F401010 國際貿易業；F401021 電信管制射頻器材輸入業；ZZ99999 除許可業務外，得經營法令非禁止或限制之業務,臺北市,變更,11506
16441670,沅灃創業投資股份有限公司,臺北市大安區敦化南路2段76號12樓,林育新,120000000,,115/06/16,特殊補正,H202010 創業投資業。,臺北市,變更,11506
16441860,台灣兼松股份有限公司,臺北市松山區長春路451號10樓,佐藤正,68250000,,115/06/22,特殊補正,E601020 電器安裝業；E603010 電纜安裝工程業；E603050 自動控制設備工程業；EZ99990 其他工程業；E604010 機械安裝業；E605010 電腦設備安裝業；F101040 家畜家禽批發業；F101050 水產品批發業；F101130 蔬果批發業；F101990 其他農、畜、水產品批發業,臺北市,變更,11506
16446274,台灣高速鐵路股份有限公司,臺北市南港區經貿二路66號13~15樓,史哲,56282930580,,115/06/23,改選董事/監察人(一人法人股東指派董事/監察人),G104011 高速鐵路經營業；H701050 投資興建公共建設業；CD01020 軌道車輛及其零件製造業；CB01990 其他機械製造業；E604010 機械安裝業；I401010 一般廣告服務業；JE01010 租賃業；H701010 住宅及大樓開發租售業；H701020 工業廠房開發租售業；H701040 特定專業區開發業,臺北市,變更,11506
16447610,金居開發股份有限公司,臺北市內湖區瑞光路392號18樓,李思賢,2525880000,,115/06/23,修正章程,CA01110 鍊銅業；CA04010 表面處理業；CC01010 發電、輸電、配電機械製造業；CC01080 電子零組件製造業；F401010 國際貿易業；F106010 五金批發業；CA01130 銅材軋延、伸線、擠型業；CA01120 銅鑄造業；C801010 基本化學工業；F107200 化學原料批發業,臺北市,變更,11506
16447956,力信投資股份有限公司,臺北市中山區南京東路三段70號8樓,羅英華,3726194250,,115/06/11,補繳規費,H201010 一般投資業；F401010 國際貿易業,臺北市,變更,11506
16448955,中安企業股份有限公司,臺北市大安區敦化南路2段46號6樓之11,沈瑞瑾,180000000,,115/06/03,修正章程,H701010 住宅及大樓開發租售業；H704010 房屋仲介業；H704020 土地仲介業；F301010 百貨公司業；F301020 超級市場業；F301030 一般百貨業；F399010 便利商店業,臺北市,變更,11506
16450500,瀚宇彩晶股份有限公司,臺北市內湖區行善路168巷15號4樓,焦佑麒,28586548510,,115/06/11,修正章程,CC01080 電子零組件製造業；F119010 電子材料批發業；F219010 電子材料零售業；JA02990 其他修理業；F401010 國際貿易業；CC01030 電器及視聽電子產品製造業；F113020 電器批發業；F213010 電器零售業；CC01110 電腦及其週邊設備製造業；CC01120 資料儲存媒體製造及複製業,臺北市,變更,11506
16463168,漢華水處理工程股份有限公司,臺北市內湖區瑞光路618號5樓,林壯恭,100000000,,115/06/09,改選董事/監察人(一人法人股東指派董事/監察人),F113010 機械批發業；E604010 機械安裝業；E301010 水處理工程業；E303010 空氣污染防制工程業；E303020 噪音及振動防制工程業,臺北市,變更,11506
16469851,天逸財金科技服務股份有限公司,臺北市士林區承德路4段174號7樓,林勇廷,284816000,,115/06/03,特殊補正,I301010 資訊軟體服務業；I301020 資料處理服務業；I102010 投資顧問業；F218010 資訊軟體零售業；F213030 電腦及事務性機器設備零售業；F113050 電腦及事務性機器設備批發業；F109070 文教、樂器、育樂用品批發業；F209060 文教、樂器、育樂用品零售業；F401010 國際貿易業；JE01010 租賃業,臺北市,變更,11506
16491657,台灣斯巴克環保工程股份有限公司,臺北市中山區民生東路2段176號10樓,林錦堂,100000000,,115/06/24,發行新股,J101010 住宅及建築物清潔服務業；J101030 廢棄物清除業；J101040 廢棄物處理業；I503010 景觀、室內設計業；E201010 景觀工程業；F207030 清潔用品零售業；J101020 病媒防治業；ZZ99999 除許可業務外，得經營法令非禁止或限制之業務,臺北市,變更,11506
16493141,嘉傑生物科技有限公司,臺北市大同區延平北路2段69號4樓之1,簡素芳,56000000,,115/06/05,增資,F113030 精密儀器批發業。；F118010 資訊軟體批發業。；F213010 電器零售業。；F213030 事務性機器設備零售業。；F213060 電信器材零售業。；F219010 電子材料零售業。；I301010 資訊軟體服務業。；I301020 資料處理服務業。；I301030 電子資訊供應服務業。；IE01010 電信業務門號代辦業。,臺北市,變更,11506
16532361,同興旅行社有限公司,臺北市萬華區西園路2段198之1號1樓,鄭芳宜,25000000,,115/06/29,特殊補正,J902011 旅行業(甲種),臺北市,變更,11506
16588744,源融投資股份有限公司,臺北市大安區敦化南路2段95號11樓,汪明璟,403420000,,115/06/15,增資(資本總額),H201010 一般投資業。,臺北市,變更,11506
16589722,瑞孚開發事業股份有限公司,臺北市中正區漢口街1段82號8樓,厚生股份有限公司,1000000,,115/06/24,特殊補正,F401010 國際貿易業；I102010 投資顧問業；H703030 辦公大樓出租業；H704010 房屋仲介業；H704020 土地仲介業,臺北市,變更,11506
16590495,富堅投資管理顧問股份有限公司,臺北市中正區林森南路10號5樓,柯玲嫻,451246630,,115/06/29,特殊補正,I103060 管理顧問業；I102010 投資顧問業；F107200 化學原料批發業；F119010 電子材料批發業；ZZ99999 除許可業務外，得經營法令非禁止或限制之業務；H201010 一般投資業；H202010 創業投資業；H701010 住宅及大樓開發租售業；H703090 不動產買賣業；H703100 不動產租賃業,臺北市,變更,11506
16591255,生生投資股份有限公司,臺北市內湖區洲子街101號7樓,姚祖驤,129777770,,115/06/01,特殊補正,H201010 一般投資業；H701010 住宅及大樓開發租售業；H701080 都市更新重建業；H703100 不動產租賃業,臺北市,變更,11506
16610653,森涵置基有限公司,臺北市中山區長安東路2段246號7樓之4,鍾芳馨,1500000,,115/06/02,復業副本,F401010 國際貿易業；I401010 一般廣告服務業；C701010 印刷業；H201010 一般投資業；H701010 住宅及大樓開發租售業；H701020 工業廠房開發租售業；H701090 都市更新整建維護業；H702010 建築經理業；H703090 不動產買賣業；H703100 不動產租賃業,臺北市,變更,11506
16612907,光聚晶電聯合股份有限公司,臺北市大安區敦化南路二段11巷8號7樓,凃俊光,1085110510,,115/06/17,註銷庫藏股減資,I599990 其他設計業；F401010 國際貿易業；I301010 資訊軟體服務業；F209060 文教、樂器、育樂用品零售業；F109070 文教、樂器、育樂用品批發業；JE01010 租賃業；F118010 資訊軟體批發業；F218010 資訊軟體零售業；F113050 電腦及事務性機器設備批發業；F213030 電腦及事務性機器設備零售業,臺北市,變更,11506
16618199,名冠投資股份有限公司,臺北市中正區許昌街42之1號11樓,李春燕,55000000,,115/06/18,票據兌現/他機關函復/補正,H201010 一般投資業,臺北市,變更,11506
16619747,天下生活出版股份有限公司,臺北市中山區南京東路2段139號11樓,吳迎春,130461440,,115/06/05,特殊補正,J303010 雜誌（期刊）出版業；J503010 廣播節目製作業；J503020 電視節目製作業；I401010 一般廣告服務業；J305010 有聲出版業；J503050 錄影節目帶業；I103060 管理顧問業；I599990 其他設計業；F209060 文教、樂器、育樂用品零售業；J304010 圖書出版業,臺北市,變更,11506
16625641,艾訊投資有限公司,臺北市內湖區民權東路6段123巷34弄10號2樓,李清鋒,46000000,,115/06/23,特殊補正,H201010 一般投資業,臺北市,變更,11506
16650789,台池實業有限公司,臺北市松山區南京東路5段70號5樓之2,姚錦發,13000000,,115/06/18,補繳規費,F101990 其他農、畜、水產品批發業；F101130 蔬果批發業；F101040 家畜家禽批發業；F101050 水產品批發業；F107190 塑膠膜、袋批發業；F107030 清潔用品批發業；F401010 國際貿易業；C103050 罐頭、冷凍、脫水及醃漬食品製造業；C104020 烘焙炊蒸食品製造業；C114010 食品添加物製造業,臺北市,變更,11506
16695907,暐凱國際檢驗科技股份有限公司,臺北市內湖區內湖路1段120巷15弄28號,黃乃芸,29000000,,115/06/02,特殊補正,I301010 資訊軟體服務業；I301020 資料處理服務業；I301030 電子資訊供應服務業；IZ04010 翻譯業；IZ07010 公證業；JB01010 會議及展覽服務業；IG01010 生物技術服務業；IZ09010 管理系統驗證業；EZ05010 儀器、儀表安裝工程業；J101050 環境檢測服務業,臺北市,變更,11506
16731707,宇澤田股份有限公司,臺北市中山區長安東路1段27號9樓,吳秉澤,77800000,,115/06/03,董事/監察人持股變動報備,I301020 資料處理服務業；IZ02010 打字業；H703090 不動產買賣業；H703100 不動產租賃業；IZ01010 影印業；ZZ99999 除許可業務外，得經營法令非禁止或限制之業務,臺北市,變更,11506
16740184,三川投資有限公司,臺北市大安區安和路2段60號16樓,王啓元,16000000,,115/06/01,股東出資轉讓修正章程,H201010 一般投資業,臺北市,變更,11506
16740332,日商永井國際股份有限公司,臺北市中山區復興北路178號8樓之4,元持友貴,1000000,,115/06/26,改派在中華民國境內負責人變更登記,F104010 布疋批發業；F104020 成衣批發業；F104030 鞋類批發業；F104050 服飾品批發業；F204010 布疋零售業；F204020 成衣零售業；F204030 鞋類零售業；F204050 服飾品零售業；F401010 國際貿易業,臺北市,變更,11506
16741108,美商埃克森美孚液化天然氣營銷股份有限公司,臺北市松山區敦化南路1段2號6樓,黄志培,5000000,,115/06/18,一般補正案,F401010 國際貿易業；F112040 石油製品批發業；I103010 企業經營管理顧問業,臺北市,變更,11506
16742465,台火投資股份有限公司,臺北市中正區延平南路75號3樓,李俊永,95330000,,115/06/25,特殊補正,H201010 一般投資業,臺北市,變更,11506
16748307,澳大利亞商美科資訊股份有限公司,臺北市松山區南京東路4段21號9樓之2,劉自春,5000000,,115/06/10,補繳規費,CC01050 資料儲存及處理設備製造業；E605010 電腦設備安裝業；F118010 資訊軟體批發業；F218010 資訊軟體零售業；F109010 圖書批發業；I301010 資訊軟體服務業；I103010 企業經營管理顧問業；I301030 電子資訊供應服務業；I601010 租賃業,臺北市,變更,11506
16748600,台灣大日本印刷股份有限公司,臺北市中山區中山北路2段44號14樓,津森渉,10000000,,115/06/02,改選董事/監察人(一人法人股東指派董事/監察人),F119010 電子材料批發業；F219010 電子材料零售業；F113050 電腦及事務性機器設備批發業；F213030 電腦及事務性機器設備零售業；F113010 機械批發業；F213080 機械器具零售業；F113020 電器批發業；F213010 電器零售業；F401010 國際貿易業；F109070 文教、樂器、育樂用品批發業,臺北市,變更,11506
16750540,江浚實業有限公司,臺北市士林區社中街330號1樓,巫宗憲,5000000,,115/06/03,股東出資轉讓修正章程,EZ02010 起重工程業；F106010 五金批發業；F206010 五金零售業；F211010 建材零售業；F213080 機械器具零售業；J101030 廢棄物清除業；J101040 廢棄物處理業；J101990 其他環境衛生及污染防治服務業；J101110 營建剩餘土石方資源處理業；J101120 營建混合物分類處理業,臺北市,變更,11506
16753217,英福達科技股份有限公司,臺北市中正區重慶南路1段10號6樓,賴國旺,41189620,,115/06/08,改選董事/監察人(一人法人股東指派董事/監察人),E605010 電腦設備安裝業。；F109010 書籍批發業。；F109020 文具批發業。；F113050 事務性機器設備批發業。；F118010 資訊軟體批發業。；F119010 電子材料批發業。；F209010 書籍、文具零售業。；F213030 事務性機器設備零售業。；F218010 資訊軟體零售業。；F219010 電子材料零售業。,臺北市,變更,11506
16756734,德先股份有限公司,臺北市中山區民權東路3段2號12樓,黃春發,300000000,,115/06/22,特殊補正,F301010 百貨公司業；J901020 一般旅館業；F301020 超級市場業；I401010 一般廣告服務業；G202010 停車場經營業；J701040 休閒活動場館業；I601010 租賃業；C306010 成衣業；H704010 房屋仲介業；H704020 土地仲介業,臺北市,變更,11506
16757635,信德紡織股份有限公司,臺北市松山區光復北路96號4樓,李水樹,5000000,,115/06/29,董事長印鑑變更,F104010 布疋批發業；F104020 成衣批發業；F104050 服飾品批發業；F204010 布疋零售業；F204020 成衣零售業；F204050 服飾品零售業；F401010 國際貿易業,臺北市,變更,11506
16759177,瑞築建設股份有限公司,臺北市內湖區行善路467號7樓,陳朝城,1714003500,,115/06/30,改選董事/監察人(一人法人股東指派董事/監察人),F111090 建材批發業；H701010 住宅及大樓開發租售業；H701020 工業廠房開發租售業；H701040 特定專業區開發業；H701050 投資興建公共建設業；H701060 新市鎮、新社區開發業；H701070 區段徵收及市地重劃代辦業；H701080 都市更新重建業；H702010 建築經理業；H703090 不動產買賣業,臺北市,變更,11506
16759508,高森工程顧問股份有限公司,臺北市松山區八德路4段666號6樓,方嘉和,21000000,,115/06/10,公司所營事業變更修正章程,E603010 電纜安裝工程業；E603020 電梯安裝工程業；E603040 消防安全設備安裝工程業；E603050 自動控制設備工程業；E603080 交通號誌安裝工程業；E603090 照明設備安裝工程業；E603100 電焊工程業；E603110 冷作工程業；E603120 噴砂工程業；E604010 機械安裝業,臺北市,變更,11506
16762335,法蝶國際有限公司,臺北市中正區重慶南路1段61號8樓,李涵寧,3000000,,115/06/11,股東出資轉讓修正章程,F115010 首飾及貴金屬批發業；F115020 礦石批發業；F401010 國際貿易業,臺北市,變更,11506
16765419,佑肯企業有限公司,臺北市中山區中山北路2段102號3樓之3,賴美華,5000000,,115/06/24,特殊補正,F204110 布疋、衣著、鞋、帽、傘、服飾品零售業；F209060 文教、樂器、育樂用品零售業；F205040 家具、寢具、廚房器具、裝設品零售業；F104110 布疋、衣著、鞋、帽、傘、服飾品批發業；F109070 文教、樂器、育樂用品批發業；F105050 家具、寢具、廚房器具、裝設品批發業；F401010 國際貿易業；F102170 食品什貨批發業；F106010 五金批發業；F106040 水器材料批發業,臺北市,變更,11506
16769978,羅特麗股份有限公司,臺北市大安區忠孝東路4段67之2號3樓,王韻雯,10000000,,115/06/24,公司所在地,F106010 五金批發業；F111030 磚、瓦、石建材批發業。；F111040 磁磚、貼面石材批發業。；F111050 玻璃建材批發業。；F111060 衛浴設備批發業。；F206010 五金零售業；F211010 建材零售業；F401010 國際貿易業,臺北市,變更,11506
16772761,匯智投資股份有限公司,臺北市內湖區民權東路6段27號7樓,林敬原,50000000,,115/06/25,改選董事/監察人(一人法人股東指派董事/監察人),H201010 一般投資業,臺北市,變更,11506
16783818,普金企管顧問股份有限公司,臺北市信義區信義路4段415號7樓之5,邵紹芬,2000000,,115/06/18,特殊補正,I103060 管理顧問業；I199990 其他顧問服務業；IZ12010 人力派遣業；I701011 就業服務業；ZZ99999 除許可業務外，得經營法令非禁止或限制之業務,臺北市,變更,11506
16784990,廣駿通運股份有限公司,臺北市大安區羅斯福路3段29號6樓,歐陽民崇,26000000,,115/06/15,改選董事/監察人(一人法人股東指派董事/監察人),F401010 國際貿易業；IZ06010 理貨包裝業；G601011 航空貨運承攬業；C306010 成衣業；C307010 服飾品製造業；C399990 其他紡織及製品製造業；F101050 水產品批發業；F105050 家具、寢具、廚房器具、裝設品批發業；F106020 日常用品批發業；F106050 陶瓷玻璃器皿批發業,臺北市,變更,11506
16786110,藍科投資股份有限公司,臺北市大安區敦化南路1段205號7樓之5,陳甫彥,90000000,,115/06/12,修正章程,H201010 一般投資業；I103060 管理顧問業；ZZ99999 除許可業務外，得經營法令非禁止或限制之業務,臺北市,變更,11506
16791612,凹凸電子股份有限公司,臺北市中山區復興北路58號10樓,邱碧玉,100000000,,115/06/04,補繳規費,F119010 電子材料批發業；F219010 電子材料零售業；E605010 電腦設備安裝業,臺北市,變更,11506
16793999,金洋科技股份有限公司,臺北市中正區濟南路2段31之47號,饒正奇,10000000,,115/06/09,特殊補正,F401010 國際貿易業；F501060 餐館業；F501030 飲料店業；F501990 其他餐飲業；F115010 首飾及貴金屬批發業；F215010 首飾及貴金屬零售業；B201010 金屬礦業；B202010 非金屬礦業；C901070 石材製品製造業；ZZ99999 除許可業務外，得經營法令非禁止或限制之業務,臺北市,變更,11506
16796546,崴凌股份有限公司,臺北市中山區松江路506號9樓之2,何永國,5000000,,115/06/11,公司印鑑變更,F107140 塑膠原料批發業；F119010 電子材料批發業；F113020 電器批發業；F113050 事務性機器設備批發業；F213080 機械器具零售業；F114030 汽、機車零件配備批發業；F401010 國際貿易業,臺北市,變更,11506
16798018,經典電子股份有限公司,臺北市信義區松德路171號21樓之1,黃秀珍,50000000,,115/06/29,特殊補正,F113020 電器批發業；F118010 資訊軟體批發業；F119010 電子材料批發業；F113070 電信器材批發業；F113010 機械批發業；F113030 精密儀器批發業；F113050 電腦及事務性機器設備批發業；F113990 其他機械器具批發業；F114070 航空器及其零件批發業；F213040 精密儀器零售業,臺北市,變更,11506
16798170,華卡企業股份有限公司,臺北市大安區羅斯福路3段37號14樓之1,鄭凱中,30000000,,115/06/04,特殊補正,IZ08010 信用卡代辦業；I103010 企業經營管理顧問業；I301020 資料處理服務業；I401010 一般廣告服務業；F209010 書籍、文具零售業；F209030 玩具、娛樂用品零售業；F213030 電腦及事務性機器設備零售業；F218010 資訊軟體零售業；F301030 一般百貨業；J903010 旅遊諮詢服務業,臺北市,變更,11506
16831570,華泰商業銀行股份有限公司,臺北市中山區長安東路二段246號1樓、2樓、6樓、6樓之1、6樓之2,賴昭銑,14012394890,,115/06/23,改選董事/監察人(一人法人股東指派董事/監察人),H101021 商業銀行業；H601011 人身保險代理人；H601021 財產保險代理人,臺北市,變更,11506
16832297,聯邦證券投資信託股份有限公司,臺北市中山區南京東路2段137號6樓,涂洪茂,311400000,,115/06/15,特殊補正,H303011 證券投資信託業,臺北市,變更,11506
16832894,浩騰媒體股份有限公司,臺北市中山區復興北路378號7樓,何湯尼Anthony Harradine,3000000,,115/06/29,特殊補正,I401010 一般廣告服務業；I501010 產品設計業；I199990 其他顧問服務業；ZZ99999 除許可業務外，得經營法令非禁止或限制之業務；F601010 智慧財產權業；I103060 管理顧問業；H703100 不動產租賃業,臺北市,變更,11506
16839714,台亞石油股份有限公司,臺北市內湖區石潭里南京東路六段388號6樓,曹明,1000000000,,115/06/09,改選董事/監察人(一人法人股東指派董事/監察人),F212050 石油製品零售業；F112040 石油製品批發業；F215020 礦石零售業；F115020 礦石批發業；JZ99050 仲介服務業；F401010 國際貿易業；F212011 加油站業；JA01010 汽車修理業；JA01990 其他汽車服務業；G202010 停車場經營業,臺北市,變更,11506
16841367,新加坡商京瓷亞太有限公司,臺北市中山區市民大道3段209號3樓,河野有基,5000000,,115/06/04,本公司董事及其他負責人變更,F401010 國際貿易業；I103010 企業經營管理顧問業,臺北市,變更,11506
16842491,華研國際音樂股份有限公司,臺北市中山區建國北路二段135號15樓,呂燕清,529144050,,115/06/22,修正章程,J303010 雜誌（期刊）出版業；J304010 圖書出版業；J305010 有聲出版業；J401010 電影片製作業；J402010 電影片發行業；J503010 廣播節目製作業；J503020 電視節目製作業；J503030 廣播電視節目發行業；J503040 廣播電視廣告業；J503050 錄影節目帶業,臺北市,變更,11506
16848544,康和期貨股份有限公司,臺北市松山區復興北路143號5樓、6樓,葉光章,815000000,,115/06/11,改選董事/監察人(一人法人股東指派董事/監察人),H401011 期貨商；H405011 期貨顧問事業；H310011 證券交易輔助人,臺北市,變更,11506
16857091,崧嶺實業有限公司,臺北市大安區忠孝東路4段270號2樓之1,李美珠,50000000,,115/06/25,增資,F108040 化粧品批發業；F113020 電器批發業；E605010 電腦設備安裝業；E801010 室內裝潢業；J101030 廢棄物清除業；J101040 廢棄物處理業；ZZ99999 除許可業務外，得經營法令非禁止或限制之業務；H701010 住宅及大樓開發租售業；H701020 工業廠房開發租售業；H701050 投資興建公共建設業,臺北市,變更,11506
18556705,和泰營造股份有限公司,臺北市中山區中山北路2段52號4樓,邱智亮,28000000,,115/06/23,董事/監察人持股變動報備,E101011 綜合營造業；ZZ99999 除許可業務外，得經營法令非禁止或限制之業務,臺北市,變更,11506
18664107,普捷汽車股份有限公司,臺北市北投區育仁路155之1號2樓,吳恩存,3000000,,115/06/05,特殊補正,,臺北市,變更,11506
18739212,欣欣客運股份有限公司,臺北市中正區汀州路三段50號1樓,章元勲,519002790,,115/06/03,改派董事/監察人,G101021 市區汽車客運業；JA01010 汽車修理業；JA01990 其他汽車服務業；JZ99050 仲介服務業；IZ99990 其他工商服務業；ZZ99999 除許可業務外，得經營法令非禁止或限制之業務,臺北市,變更,11506
18930007,勝昌製藥廠股份有限公司,臺北市中正區和平西路2段56號,陳伯宸,360000000,,115/06/30,特殊補正,ZZ99999 除許可業務外，得經營法令非禁止或限制之業務,臺北市,變更,11506
19073018,寬聯營造股份有限公司,臺北市士林區承德路4段246號7樓,葉正福,360000000,,115/06/03,增資(資本總額),E101011 綜合營造業；E801010 室內裝潢業；E901010 油漆工程業；F111090 建材批發業；F211010 建材零售業,臺北市,變更,11506
19092036,欽發產業股份有限公司,臺北市中山區吉林路267號4樓,林蔡素娥,20000000,,115/06/25,改選董事/監察人(一人法人股東指派董事/監察人),JA02010 電器及電子產品修理業；JA02990 其他修理業；F113050 電腦及事務性機器設備批發業；F113070 電信器材批發業；F114070 航空器及其零件批發業；F114080 軌道車輛及其零件批發業；F119010 電子材料批發業；F219010 電子材料零售業；F401010 國際貿易業；I102010 投資顧問業,臺北市,變更,11506
19141108,環球工程股份有限公司,臺北市中山區林森北路356號11樓,顧家昌,29000000,,115/06/12,董事/監察人持股變動報備,F106040 水器材料批發業；F113020 電器批發業；F117010 消防安全設備批發業；F119010 電子材料批發業；JE01010 租賃業；E801010 室內裝潢業,臺北市,變更,11506
20515358,文鴻貿易股份有限公司,臺北市內湖區瑞光路188巷43號6樓,嚴志弘,18000000,,115/06/17,補繳規費,F107200 化學原料批發業；F107990 其他化學製品批發業；F113070 電信器材批發業；F207200 化學原料零售業；F207990 其他化學製品零售業；F213010 電器零售業；F213060 電信器材零售業；F299990 其他零售業；F401010 國際貿易業；F401021 電信管制射頻器材輸入業,臺北市,變更,11506
20561107,貝民股份有限公司,臺北市中山區松江路168號8樓,林正東,1225265570,,115/06/29,增資(資本總額),C801010 基本化學工業；C801110 肥料製造業；C801990 其他化學材料製造業；C802990 其他化學製品製造業；CA01990 其他非鐵金屬基本工業；CA02090 金屬線製品製造業；CB01010 機械設備製造業；CB01990 其他機械製造業；CC01080 電子零組件製造業；D101050 汽電共生業,臺北市,變更,11506
20561562,汎德股份有限公司,臺北市內湖區行愛路100號7樓,德成股份有限公司,1300000000,,115/06/09,修正章程,CD01030 汽車及其零件製造業（限汽車零件）；F114030 汽、機車零件配備批發業；E701030 電信管制射頻器材裝設工程業；F401021 電信管制射頻器材輸入業；F114020 機車批發業,臺北市,變更,11506
20660303,新東高木材工業股份有限公司,臺北市松山區南京東路5段250巷18弄23號1樓,彭思哲,19000000,,115/06/08,修正章程,,臺北市,變更,11506
20664526,安和營造有限公司,臺北市中山區吉林路71號2樓,焦玲,25000000,,115/06/24,特殊補正,E101011 綜合營造業；F205040 家具、寢具、廚房器具、裝設品零售業；F211010 建材零售業；F401010 國際貿易業,臺北市,變更,11506
20748835,台興炭酸股份有限公司,臺北市信義區永吉路30巷12弄3號,洪至信,20000000,,115/06/08,特殊補正,,臺北市,變更,11506
20749665,國業股份有限公司,臺北市大安區敦化南路2段267號17樓之4,張玉鐶,133000000,,115/06/16,特殊補正,F203010 食品、飲料零售業。；F205030 廚房器具零售業。；F213030 事務性機器設備零售業。；F213050 度量衡器零售業,臺北市,變更,11506
20752083,佳順電子股份有限公司,臺北市內湖區安康路145之1號,郭美玲,160000000,,115/06/24,董事/監察人持股變動報備,CC01010 發電、輸電、配電機械製造業；CC01020 電線及電纜製造業；F102020 食用油脂批發業；F102170 食品什貨批發業；F104110 布疋、衣著、鞋、帽、傘、服飾品批發業；F113020 電器批發業；F113030 精密儀器批發業；F113050 電腦及事務性機器設備批發業；F113070 電信器材批發業；F118010 資訊軟體批發業,臺北市,變更,11506
20757762,元茂有限公司,臺北市中山區松江路192號10樓之1,詹美玲,5000000,,115/06/11,特殊補正,,臺北市,變更,11506
20758615,順勝國際實業有限公司,臺北市信義區松信路76號1樓,林柏本,5000000,,115/06/17,特殊補正,CA02010 金屬結構及建築組件製造業；CA02990 其他金屬製品製造業；E801020 門窗安裝工程業；F106010 五金批發業；F111090 建材批發業；F113010 機械批發業；F113020 電器批發業；F113030 精密儀器批發業；F113070 電信器材批發業；F113990 其他機械器具批發業,臺北市,變更,11506
20773257,展碁國際股份有限公司,臺北市中正區忠孝西路一段39號(2樓),林佳璋,915814300,,115/06/04,補繳規費,CC01030 電器及視聽電子產品製造業；CC01070 無線通信機械器材製造業；CC01110 電腦及其週邊設備製造業；CC01120 資料儲存媒體製造及複製業；E605010 電腦設備安裝業；E701030 電信管制射頻器材裝設工程業；F113020 電器批發業；F113050 電腦及事務性機器設備批發業；F113070 電信器材批發業；F113110 電池批發業,臺北市,變更,11506
20774376,益源交通股份有限公司,臺北市北投區育仁路155之1號2樓,吳恩存,5000000,,115/06/09,改選董事/監察人(一人法人股東指派董事/監察人),G101031 計程車客運業,臺北市,變更,11506
20777704,乃弘股份有限公司,臺北市松山區復興北路1號9樓之6,鄒少明,28000000,,115/06/05,特殊補正,ZZ99999 除許可業務外，得經營法令非禁止或限制之業務,臺北市,變更,11506
20784114,金帝股份有限公司,臺北市松山區南京東路5段188號3樓之5,黃世雄,31500000,,115/06/18,特殊補正,CB01010 機械設備製造業；CB01990 其他機械製造業；CD01990 其他運輸工具及其零件製造業；F113010 機械批發業；F213080 機械器具零售業；F114990 其他交通運輸工具及其零件批發業；F214990 其他交通運輸工具及其零件零售業；F106010 五金批發業；F206010 五金零售業；F112040 石油製品批發業,臺北市,變更,11506
20787724,聯全建設開發股份有限公司,臺北市內湖區內湖路3段211號,高智明,29000000,,115/06/04,特殊補正,H701010 住宅及大樓開發租售業；H701020 工業廠房開發租售業；H701040 特定專業區開發業；H701050 投資興建公共建設業；H701060 新市鎮、新社區開發業；H701070 區段徵收及市地重劃代辦業；H701080 都市更新業；H702010 建築經理業；H703090 不動產買賣業；H703100 不動產租賃業,臺北市,變更,11506
20809467,青上化工廠股份有限公司,臺北市中山區南京東路2段2號8樓,陳和成,326200000,,115/06/26,改選董事/監察人(一人法人股東指派董事/監察人),C802010 肥料製造業；C801010 基本化學工業製造業；F107050 肥料批發業；F107100 基本化學材料批發業,臺北市,變更,11506
20810555,新象股份有限公司,臺北市松山區八德路3段20號11樓之1,許樊曼儂,20000000,,115/06/05,特殊補正,F104110 布疋、衣著、鞋、帽、傘、服飾品批發業；F106020 日常用品批發業；F109070 文教、樂器、育樂用品批發業；F113020 電器批發業；F116010 照相器材批發業；F199990 其他批發業；F204110 布疋、衣著、鞋、帽、傘、服飾品零售業；F206020 日常用品零售業；F209060 文教、樂器、育樂用品零售業；F213010 電器零售業,臺北市,變更,11506
20818509,聖心交通事業股份有限公司,臺北市北投區育仁路155之1號2樓,吳恩存,6000000,,115/06/03,改選董事/監察人(一人法人股東指派董事/監察人),,臺北市,變更,11506
20828393,宏碁股份有限公司,臺北市松山區民福里復興北路369號7樓之5,陳俊聖,30478538280,,115/06/22,改選董事/監察人(一人法人股東指派董事/監察人),F113050 電腦及事務性機器設備批發業；F213030 電腦及事務性機器設備零售業；F118010 資訊軟體批發業；I301010 資訊軟體服務業；I301020 資料處理服務業；F401010 國際貿易業；JA02010 電器及電子產品修理業；JE01010 租賃業；CC01030 電器及視聽電子產品製造業；CC01070 無線通信機械器材製造業,臺北市,變更,11506
20832663,兄弟百貨有限公司,臺北市松山區南京東路3段255號1樓,洪杰,3000000,,115/06/08,股東出資轉讓修正章程,,臺北市,變更,11506
20835134,台實實業股份有限公司,臺北市中山區中山北路2段96號5樓501室,高光治,70000000,,115/06/29,改選董事/監察人(一人法人股東指派董事/監察人),E601010 電器承裝業；E601020 電器安裝業；E603010 電纜安裝工程業；E603050 自動控制設備工程業；E606010 用電設備檢驗維護業；E607010 太陽熱能設備安裝工程業；E701040 簡易電信設備安裝業；F107030 清潔用品批發業；F113010 機械批發業；F113020 電器批發業,臺北市,變更,11506
20882993,祥翊企業股份有限公司,臺北市中山區南京東路2段100號5樓,鄭暐昱,5000000,,115/06/02,補繳規費,,臺北市,變更,11506
20887028,昂展有限公司,臺北市松山區南京東路5段160號5樓之1,沈逸芳,9500000,,115/06/04,股東出資轉讓修正章程,,臺北市,變更,11506
20890109,永安租賃股份有限公司,臺北市大安區敦化南路2段46號6樓之11,沈瑞瑾,170000000,,115/06/23,特殊補正,ZZ99999 除許可業務外，得經營法令非禁止或限制之業務。,臺北市,變更,11506
20891326,禾伸堂企業股份有限公司,臺北市內湖區環山路2段62號1樓,唐錦榮,1658903180,,115/06/11,修正章程,C901010 陶瓷及陶瓷製品製造業；CC01080 電子零組件製造業；CC01110 電腦及其週邊設備製造業；CC01990 其他電機及電子機械器材製造業；F106010 五金批發業；F113020 電器批發業；F113050 電腦及事務性機器設備批發業；F113070 電信器材批發業；F118010 資訊軟體批發業；F119010 電子材料批發業,臺北市,變更,11506
20892747,平慎貿易有限公司,臺北市松山區八德路3段20號5樓之2,朱淑真,29000000,,115/06/02,補繳規費,F101130 蔬果批發業；F101990 其他農、畜、水產品批發業；F102170 食品什貨批發業；F106010 五金批發業；F106020 日常用品批發業；F107030 清潔用品批發業；F108040 化粧品批發業；F113010 機械批發業；F113020 電器批發業；F113050 電腦及事務性機器設備批發業,臺北市,變更,11506
20895462,嘉宏股份有限公司,臺北市松山區南京東路3段261號10樓,許素瑛,29500000,,115/06/04,改選董事/監察人(一人法人股東指派董事/監察人),ZZ99999 除許可業務外，得經營法令非禁止或限制之業務,臺北市,變更,11506
20896434,日盛台駿國際租賃股份有限公司,臺北市中山區松江路68號7樓,朱志威,4412893600,,115/06/22,註銷庫藏股減資,F114010 汽車批發業；F214010 汽車零售業；F114020 機車批發業；F214020 機車零售業；F114030 汽、機車零件配備批發業；F214030 汽、機車零件配備零售業；F113010 機械批發業；F213080 機械器具零售業；F401010 國際貿易業；HZ01010 應收帳款收買業務,臺北市,變更,11506
20904856,橋登企業股份有限公司,臺北市大安區信義路4段1號8樓之5,蔡岳坊,51000000,,115/06/10,改選董事/監察人(一人法人股東指派董事/監察人),C306010 成衣業；C399990 其他紡織及製品製造業；C402030 皮革、毛皮製品製造業；F104110 布疋、衣著、鞋、帽、傘、服飾品批發業；F105050 家具、寢具、廚房器具、裝設品批發業；F113050 電腦及事務性機器設備批發業；F118010 資訊軟體批發業；F204110 布疋、衣著、鞋、帽、傘、服飾品零售業；F213030 電腦及事務性機器設備零售業；F218010 資訊軟體零售業,臺北市,變更,11506
20914783,聯浩營造工程股份有限公司,臺北市中正區羅斯福路4段162號12樓,方斐世,60000000,,115/06/02,增資(資本總額),,臺北市,變更,11506
20915973,永磐科技股份有限公司,臺北市內湖區瑞光路478巷18弄20號3樓,楊清文,120000000,,115/06/01,改選董事/監察人(一人法人股東指派董事/監察人),CC01110 電腦及其週邊設備製造業；F113050 電腦及事務性機器設備批發業；F113110 電池批發業；F118010 資訊軟體批發業；F119010 電子材料批發業；I103060 管理顧問業；I301010 資訊軟體服務業；F213030 電腦及事務性機器設備零售業；F218010 資訊軟體零售業；F219010 電子材料零售業,臺北市,變更,11506
20930144,威倫電子股份有限公司,臺北市信義區信義路4段415號11樓,劉振陪,110000000,,115/06/18,董事/監察人持股變動報備,I301010 資訊軟體服務業；I501010 產品設計業；I599990 其他設計業；F601010 智慧財產權業；F119010 電子材料批發業；F219010 電子材料零售業；F113070 電信器材批發業；F213060 電信器材零售業；F118010 資訊軟體批發業；F218010 資訊軟體零售業,臺北市,變更,11506
20936175,信晃貿易有限公司,臺北市松山區民生東路5段137巷2號5樓之4,洪秀芳,10000000,,115/06/24,股東出資轉讓修正章程,F218010 資訊軟體零售業；F213030 事務性機器設備零售業代理過內外廠商有關產品之投標報價經銷業務（期貨除外）。,臺北市,變更,11506
20972018,海霆股份有限公司,臺北市中正區忠孝東路2段130號10樓之1及之2,戴治中,15000000,,115/06/18,特殊補正,G402011 海運承攬運送業；G601011 航空貨運承攬業；F401010 國際貿易業；IZ06010 理貨包裝業；ZZ99999 除許可業務外，得經營法令非禁止或限制之業務,臺北市,變更,11506
20982085,高齊企業有限公司,臺北市大安區安和路1段137號5樓,楊文濱,15000000,,115/06/26,特殊補正,,臺北市,變更,11506
21203987,香港商香港上海滙豐銀行股份有限公司,臺北市信義區信義路五段7號54樓,蔣書城,1750000000,,115/06/22,本公司董事及其他負責人變更,H101021 商業銀行業,臺北市,變更,11506
21221177,萬鼎工程服務股份有限公司,臺北市士林區中山北路六段89號10樓,古定國,800738800,,115/06/10,改派董事/監察人,B101010 煤礦業；B102010 石油及天然氣礦業；B201010 金屬礦業；B202010 非金屬礦業；B601010 土石採取業；CB01010 機械設備製造業；CB01030 污染防治設備製造業；CD01020 軌道車輛及其零件製造業；C901050 水泥及混凝土製品製造業；D301010 自來水經營業,臺北市,變更,11506
21224821,友助企業有限公司,臺北市中正區中山北路1段2號7樓,黃正宗,15000000,,115/06/29,特殊補正,F102170 食品什貨批發業；F104110 布疋、衣著、鞋、帽、傘、服飾品批發業；F105050 家具、寢具、廚房器具、裝設品批發業；F106010 五金批發業；F106020 日常用品批發業；F107030 清潔用品批發業；F108031 醫療器材批發業；F108040 化粧品批發業；F109070 文教、樂器、育樂用品批發業；F113010 機械批發業,臺北市,變更,11506
21237826,昶盟有限公司,臺北市萬華區西園路2段155號5樓,余江文,5000000,,115/06/30,公司所在地,,臺北市,變更,11506
21244495,一太衛生工程有限公司,臺北市萬華區國興路1巷7之1號1樓,王坤庫,1000000,,115/06/29,申登機關變更（遷入，含卷）,E801070 廚具、衛浴設備安裝工程業；F111060 衛浴設備批發業；J101010 住宅及建築清潔服務業；J101020 病媒防治業；J101030 廢棄物清除業；J101040 廢棄物處理業；J101060 廢（污）水處理業；E301010 水處理工程業；E302010 廢棄物清理設備安裝工程業；E603090 照明設備安裝工程業,臺北市,變更,11506
21244538,太平洋房屋仲介股份有限公司,臺北市信義區光復南路495號,孫寶國,150000000,,115/06/12,特殊補正,H704031 不動產仲介經紀業；H704041 不動產代銷經紀業；H701010 住宅及大樓開發租售業；H701020 工業廠房開發租售業；H701040 特定專業區開發業；H701050 投資興建公共建設業；H701060 新市鎮、新社區開發業；H701070 區段徵收及市地重劃代辦業；H701080 都市更新重建業；H701090 都市更新整建維護業,臺北市,變更,11506
21247319,筌昱工程股份有限公司,臺北市信義區基隆路2段48號8樓,陳益深,2000000,,115/06/18,董事/監察人持股變動報備,E301010 水處理工程業；E302010 廢棄物清理設備安裝工程業；E303030 土壤污染防治工程業；F211010 建材零售業；F120010 耐火材料批發業,臺北市,變更,11506
21249034,台北世界貿易中心國際貿易大樓股份有限公司,臺北市信義區基隆路1段333號32樓及地下1至3樓,馬維建,900000000,,115/06/02,改選董事/監察人(一人法人股東指派董事/監察人),G202010 停車場經營業；ZZ99999 除許可業務外，得經營法令非禁止或限制之業務,臺北市,變更,11506
21252826,皓敏企業股份有限公司,臺北市內湖區內湖路1段250號12樓,吳靖遠,25000000,,115/06/17,董事/監察人持股變動報備,,臺北市,變更,11506
22001453,中國建築經理股份有限公司,臺北市松山區光復南路35號11樓之1,鄭重,931500000,,115/06/10,改派董事/監察人,H702010 建築經理業；H701080 都市更新業；H703090 不動產買賣業；H703100 不動產租賃業；H701010 住宅及大樓開發租售業；H701020 工業廠房開發租售業；H701040 特定專業區開發業；H701050 投資興建公共建設業；H701060 新市鎮、新社區開發業；H701070 區段徵收及市地重劃代辦業,臺北市,變更,11506
22004521,見達毛刷企業有限公司,臺北市內湖區新明路380巷3弄23號1樓,林瑞堂,5000000,,115/06/08,改推董事/董事長,,臺北市,變更,11506
22018335,東產股份有限公司,臺北市中山區中山北路2段46號4樓之1,山田浩司,5000000,,115/06/29,改派董事/監察人,F401010 國際貿易業,臺北市,變更,11506
22023180,安得利設計藝術股份有限公司,臺北市松山區敦化南路1段88號2樓,Gary Neiman,35863350,,115/06/01,改選董事/監察人(一人法人股東指派董事/監察人),F104110 布疋、衣著、鞋、帽、傘、服飾品批發業；F105050 家具、寢具、廚房器具、裝設品批發業；F106020 日常用品批發業；F204110 布疋、衣著、鞋、帽、傘、服飾品零售業；F205040 家具、寢具、廚房器具、裝設品零售業；F206020 日常用品零售業；F401010 國際貿易業；F213010 電器零售業；I503010 景觀、室內設計業；E801010 室內裝潢業,臺北市,變更,11506
22071751,川飛能源股份有限公司,臺北市信義區光復南路495號6樓之5,FANG JASON KIN HOI,400081950,,115/06/30,補選董事(常務董事.董事長)/監察人,F401010 國際貿易業；H701010 住宅及大樓開發租售業；H701020 工業廠房開發租售業；F113010 機械批發業；F113030 精密儀器批發業；F119010 電子材料批發業；F213080 機械器具零售業；F213040 精密儀器零售業；F219010 電子材料零售業；IG03010 能源技術服務業,臺北市,變更,11506
22099189,友訊科技股份有限公司,臺北市內湖區新湖三路289號,郭金河,6021703730,,115/06/04,補繳規費,CC01101 電信管制射頻器材製造業；CC01030 電器及視聽電子產品製造業；CC01060 有線通信機械器材製造業；CC01110 電腦及其週邊設備製造業；E605010 電腦設備安裝業；E701010 通信工程業；E701030 電信管制射頻器材裝設工程業；F113020 電器批發業；F113050 電腦及事務性機器設備批發業；F113070 電信器材批發業,臺北市,變更,11506
22099532,神基控股股份有限公司,臺北市南港區南港路一段209號5樓,黃明漢,6243101500,,115/06/18,補繳規費,H201010 一般投資業；IH01010 產業控股公司業；F401010 國際貿易業；I301010 資訊軟體服務業；ZZ99999 除許可業務外，得經營法令非禁止或限制之業務,臺北市,變更,11506
22099744,友勁科技股份有限公司,臺北市內湖區新湖三路275號2樓,吳宗哲,3307792150,,115/06/04,改選董事/監察人(一人法人股東指派董事/監察人),CC01101 電信管制射頻器材製造業；CC01030 電器及視聽電子產品製造業；CC01060 有線通信機械器材製造業；CC01110 電腦及其週邊設備製造業；E605010 電腦設備安裝業；E701010 通信工程業；E701030 電信管制射頻器材裝設工程業；F113020 電器批發業；F113050 電腦及事務性機器設備批發業；F113070 電信器材批發業,臺北市,變更,11506
22102255,滙豐證券投資信託股份有限公司,臺北市信義區忠孝東路5段68號36樓,金子正幸,438477820,,115/06/09,特殊補正,H303011 證券投資信託業；H304011 證券投資顧問業,臺北市,變更,11506
22102635,順昶塑膠股份有限公司,臺北市內湖區西湖里基湖路37號12樓,吳亦圭,1543118500,,115/06/05,改選董事/監察人(一人法人股東指派董事/監察人),C805020 塑膠膜、袋製造業；C805050 工業用塑膠製品製造業；C805070 強化塑膠製品製造業；C805990 其他塑膠製品製造業；CB01010 機械設備製造業；CB01990 其他機械製造業；F107190 塑膠膜、袋批發業；F107200 化學原料批發業；F107990 其他化學製品批發業；F113010 機械批發業,臺北市,變更,11506
22102706,駱鈴工程顧問股份有限公司,臺北市大安區信義路4段155號8樓之2,薛興成,2000000,,115/06/25,特殊補正,E502010 燃料導管安裝工程業；E599010 配管工程業；E601010 電器承裝業；E601020 電器安裝業；E603010 電纜安裝工程業；E603050 自動控制設備工程業；E603090 照明設備安裝工程業；E604010 機械安裝業；E606010 用電設備檢驗維護業；E607010 太陽熱能設備安裝工程業,臺北市,變更,11506
22102831,北杉化學股份有限公司,臺北市中山區吉林路154巷3號1樓,杜益銘,50000000,,115/06/04,特殊補正,C802120 工業助劑製造業；C802990 其他化學製品製造業；C803990 其他石油及煤製品製造業；F107170 工業助劑批發業；F107200 化學原料批發業；F107990 其他化學製品批發業；F112040 石油製品批發業；F113010 機械批發業；F401010 國際貿易業；ZZ99999 除許可業務外，得經營法令非禁止或限制之業務,臺北市,變更,11506
22141406,樺良企業股份有限公司,臺北市大同區長安西路239號10樓之1,張良正,100000000,,115/06/15,董事/監察人持股變動報備,C301010 紡紗業；C302010 織布業；C303010 不織布業；C305010 印染整理業；C306010 成衣業；C399990 其他紡織及製品製造業；C801120 人造纖維製造業；CA02990 其他金屬製品製造業；CB01990 其他機械製造業；CD01030 汽車及其零件製造業,臺北市,變更,11506
22166736,吉勵有限公司,臺北市大安區安居街90號2樓,周麗卿,1000000,,115/06/29,特殊補正,F102170 食品什貨批發業；F106020 日常用品批發業；F401010 國際貿易業；I103060 管理顧問業；I199990 其他顧問服務業；J202010 產業育成業；ZZ99999 除許可業務外，得經營法令非禁止或限制之業務,臺北市,變更,11506
22170725,鍵寧企業股份有限公司,臺北市南港區八德路4段768巷1弄18號2樓,李家瑞,80000000,,115/06/03,改選董事/監察人(一人法人股東指派董事/監察人),F401010 國際貿易業；CC01080 電子零組件製造業；CC01990 其他電機及電子機械器材製造業；F401021 電信管制射頻器材輸入業；IZ99990 其他工商服務業；I301010 資訊軟體服務業；F113050 電腦及事務性機器設備批發業；F119010 電子材料批發業；F219010 電子材料零售業；ZZ99999 除許可業務外，得經營法令非禁止或限制之業務,臺北市,變更,11506
22172337,康鈺生化科技股份有限公司,臺北市大安區安和路2段7號4樓之1,許智誦,10000000,,115/06/29,改選董事/監察人(一人法人股東指派董事/監察人),F108031 醫療器材批發業；F108051 化粧品色素販賣業；ZZ99999 除許可業務外，得經營法令非禁止或限制之業務,臺北市,變更,11506
22185797,尚磊科技股份有限公司,臺北市內湖區瑞光路258巷50號2樓,白陽泉,126500000,,115/06/15,特殊補正,F113990 其他機械器具批發業；F213990 其他機械器具零售業；F102040 飲料批發業；JA03010 洗衣業；F207030 清潔用品零售業；F107030 清潔用品批發業；F206040 水器材料零售業；F106040 水器材料批發業；E604010 機械安裝業；E605010 電腦設備安裝業,臺北市,變更,11506
22188648,天下翻譯企業有限公司,臺北市中正區忠孝西路1段72號2樓之1,張修華,5000000,,115/06/04,特殊補正,I102010 一般投資顧問業；JZ99050 仲介服務業；J302010 通訊稿業；J304010 圖書出版業；IZ04010 翻譯業；IZ02010 打字業；I301020 資料處理服務業；I301030 電子資訊供應服務業；IZ10010 排版業；IZ99990 其他工商服務業,臺北市,變更,11506
22221180,宏盛建設股份有限公司,臺北市松山區敦化北路168號14樓,林新欽,4742279700,,115/06/23,改選董事/監察人(一人法人股東指派董事/監察人),H701010 住宅及大樓開發租售業；E801010 室內裝潢業；F111090 建材批發業；F211010 建材零售業；F199990 其他批發業；F301020 超級市場業；I401010 一般廣告服務業；H701040 特定專業區開發業；G202010 停車場經營業；H701050 投資興建公共建設業,臺北市,變更,11506
22329154,安技實業股份有限公司,臺北市大安區敦化南路2段57號10樓之3,王定亞,15000000,,115/06/15,特殊補正,CC01080 電子零組件製造業；F119010 電子材料批發業；F219010 電子材料零售業；F401010 國際貿易業；F111090 建材批發業；F211010 建材零售業；C805050 工業用塑膠製品製造業；F106010 五金批發業；F106020 日常用品批發業；F206010 五金零售業,臺北市,變更,11506
22340411,信泰貿易有限公司,臺北市信義區基隆路2段149之49號10樓之14,李燦璣,5000000,,115/06/26,特殊補正,F401010 國際貿易業；F109050 玩具槍批發業；F209040 玩具槍零售業,臺北市,變更,11506
22343509,純勁企業股份有限公司,臺北市大安區忠孝東路4段166號5樓之1,張家桹,12000000,,115/06/05,改選董事/監察人(一人法人股東指派董事/監察人),H703090 不動產買賣業；H703100 不動產租賃業；JE01010 租賃業；F401010 國際貿易業；ZZ99999 除許可業務外，得經營法令非禁止或限制之業務,臺北市,變更,11506
22354940,信義房屋股份有限公司,臺北市信義區信義路五段100號,周耕宇,7368465000,,115/06/02,修正章程,H701010 住宅及大樓開發租售業；H701020 工業廠房開發租售業；H704031 不動產仲介經紀業；H704041 不動產代銷經紀業；ZZ99999 除許可業務外，得經營法令非禁止或限制之業務,臺北市,變更,11506
22363292,穩好高分子化學工業股份有限公司,臺北市內湖區內湖路1段120巷21號6樓,彭琮舜,277830000,,115/06/08,改選董事/監察人(一人法人股東指派董事/監察人),C801030 精密化學材料製造業；C801100 合成樹脂及塑膠製造業；C802090 清潔用品製造業；C802120 工業助劑製造業；ZZ99999 除許可業務外，得經營法令非禁止或限制之業務,臺北市,變更,11506
22407637,阡禾實業有限公司,臺北市士林區通河街54號1樓,謝宛媛,2000000,,115/06/01,股東出資轉讓修正章程,,臺北市,變更,11506
22433591,克瑞格有限公司,臺北市中山區中山北路2段22之3號4樓.24號4樓,孫天,5000000,,115/06/22,經理人解任,,臺北市,變更,11506
22449566,精英電腦股份有限公司,臺北市中山區中山北路三段22-1號9樓,張榮華,5574029680,,115/06/17,改選董事/監察人(一人法人股東指派董事/監察人),CC01060 有線通信機械器材製造業；CC01070 無線通信機械器材製造業；CC01080 電子零組件製造業；CC01101 電信管制射頻器材製造業；CC01110 電腦及其週邊設備製造業；CC01990 其他電機及電子機械器材製造業；CE01010 一般儀器製造業；E701030 電信管制射頻器材裝設工程業；EZ05010 儀器、儀表安裝工程業；F113030 精密儀器批發業,臺北市,變更,11506
22459212,歐雅士半導體股份有限公司,臺北市中山區林森北路577號8樓之2,成田直生,10000000,,115/06/01,票據兌現/他機關函復/補正,,臺北市,變更,11506
22482847,馬興化工原料有限公司,臺北市大安區信義路4段302巷1號5樓,馬金泉,16600000,,115/06/25,股東出資轉讓修正章程,,臺北市,變更,11506
22508488,毅遠國際有限公司,臺北市松山區南京東路4段170號12樓,鄭原良,10000000,,115/06/25,特殊補正,F114030 汽、機車零件配備批發業；F114040 自行車及其零件批發業；F204110 布疋、衣著、鞋、帽、傘、服飾品零售業；F214030 汽、機車零件配備零售業；F214040 自行車及其零件零售業；F399040 無店面零售業；I103060 管理顧問業；I503010 景觀、室內設計業；IG01010 生物技術服務業；ZZ99999 除許可業務外，得經營法令非禁止或限制之業務,臺北市,變更,11506
22522307,台灣山崎股份有限公司,臺北市松山區敦化北路88號2樓之1,花井司,40000000,,115/06/10,特殊補正,C104020 烘焙炊蒸食品製造業；F102040 飲料批發業；F102170 食品什貨批發業；F203010 食品什貨、飲料零售業；F401010 國際貿易業；F501030 飲料店業；F501060 餐館業；ZZ99999 除許可業務外，得經營法令非禁止或限制之業務,臺北市,變更,11506
22553069,名億實業股份有限公司,臺北市大同區甘谷街35號9樓之3,許坤海,9000000,,115/06/12,改選董事/監察人(一人法人股東指派董事/監察人),,臺北市,變更,11506
22553390,任遠實業股份有限公司,臺北市松山區復興北路181號7樓之3,李鳴羽,198000000,,115/06/18,補選董事(常務董事.董事長)/監察人,,臺北市,變更,11506
22606642,台年高科技股份有限公司,臺北市中山區中山北路2段99號10樓之1,呂昀瑄,15983000,,115/06/30,特殊補正,CC01080 電子零組件製造業；CA01990 其他非鐵金屬基本工業（鎂合金錠、鎂合金壓鑄）；F199990 其他批發業（鎂錠、鎂合金錠）,臺北市,變更,11506
22608986,普羅小客車租賃股份有限公司,臺北市大安區羅斯福路2段41號3樓,李樂伯,278747000,,115/06/05,改選董事/監察人(一人法人股東指派董事/監察人),G101041 小客車租賃業；G101091 小貨車租賃業；JE01010 租賃業；E801040 玻璃安裝工程業；F101050 水產品批發業；F102040 飲料批發業；F102170 食品什貨批發業；F113010 機械批發業；F113020 電器批發業；F114010 汽車批發業,臺北市,變更,11506
22611764,伍馬股份有限公司,臺北市中山區中山北路1段72號11樓之5,馮五裕,5000000,,115/06/04,董事/監察人持股變動報備,,臺北市,變更,11506
22619999,新鼎系統股份有限公司,臺北市北投區福善路16號11樓,鍾士偉,285513450,,115/06/08,可轉換公司債換發新股,CC01010 發電、輸電、配電機械製造業；CC01110 電腦及其週邊設備製造業；CC01120 資料儲存媒體製造及複製業；CD01020 軌道車輛及其零件製造業；E599010 配管工程業；E601010 電器承裝業；E601020 電器安裝業；E603010 電纜安裝工程業；E603040 消防安全設備安裝工程業；E603050 自動控制設備工程業,臺北市,變更,11506
22633704,僑德實業有限公司,臺北市中山區中山北路2段112號11樓之5,,5000000,,115/06/12,解散,,臺北市,變更,11506
22639691,桐寶股份有限公司,臺北市南港區南港路一段209號7樓,李鴻順,678668000,,115/06/04,一般補正案,C901030 水泥製造業；C901050 水泥及混凝土製品製造業；C901990 其他非金屬礦物製品製造業；G801010 倉儲業；F111090 建材批發業；ZZ99999 除許可業務外，得經營法令非禁止或限制之業務；C801020 石油化工原料製造業；C802090 清潔用品製造業；C803990 其他石油及煤製品製造業；F107030 清潔用品批發業,臺北市,變更,11506
22645531,力新國際科技股份有限公司,臺北市內湖區新湖一路128巷15號6樓,李雲琴,890940000,,115/06/05,改選董事/監察人(一人法人股東指派董事/監察人),CC01060 有線通信機械器材製造業；CC01070 無線通信機械器材製造業；CC01101 電信管制射頻器材製造業（經目的事業主管機關核准營業項目為限）；F113050 電腦及事務性機器設備批發業；F113070 電信器材批發業；F119010 電子材料批發業；F213030 電腦及事務性機器設備零售業；F213060 電信器材零售業；F218010 資訊軟體零售業；F219010 電子材料零售業,臺北市,變更,11506
22650920,廣益開發企業股份有限公司,臺北市信義區信義路4段415號8樓之3,蔡顏錦秀,131000000,,115/06/15,特殊補正,I103060 管理顧問業；H701010 住宅及大樓開發租售業；H701020 工業廠房開發租售業；H703090 不動產買賣業；H703100 不動產租賃業；ZZ99999 除許可業務外，得經營法令非禁止或限制之業務,臺北市,變更,11506
22658129,中華建築經理股份有限公司,臺北市信義區基隆路1段396號15樓,鍾榮吉,255672000,,115/06/08,特殊補正,H702010 建築經理業；H701080 都市更新重建業；H703090 不動產買賣業；H703100 不動產租賃業；H701010 住宅及大樓開發租售業；H701020 工業廠房開發租售業；H701040 特定專業區開發業；H701050 投資興建公共建設業；H701060 新市鎮、新社區開發業；H701070 區段徵收及市地重劃代辦業,臺北市,變更,11506
22661399,東亞建築經理股份有限公司,臺北市中正區忠孝東路2段94號9樓,曹奮平,50000000,,115/06/04,特殊補正,H702010 建築經理業；H701080 都市更新重建業；H701090 都市更新整建維護業；ZZ99999 除許可業務外，得經營法令非禁止或限制之業務,臺北市,變更,11506
22661975,臺北漁產運銷股份有限公司,臺北市萬華區萬大路531號,鄭世維,50000000,,115/06/10,特殊補正,F101050 水產品批發業；F101061 農產品批發市場；F101990 其他農、畜、水產品批發業；F201030 水產品零售業；F401010 國際貿易業；F301020 超級市場業；G202010 停車場經營業；G801010 倉儲業；ZZ99999 除許可業務外，得經營法令非禁止或限制之業務,臺北市,變更,11506
22662284,台灣迪生股份有限公司,臺北市松山區健康路156號11樓,潘冠達,5000000,,115/06/15,特殊補正,F104110 布疋、衣著、鞋、帽、傘、服飾品批發業；F204110 布疋、衣著、鞋、帽、傘、服飾品零售業；F105050 家具、寢具、廚房器具、裝設品批發業；F205040 家具、寢具、廚房器具、裝設品零售業；F106020 日常用品批發業；F206020 日常用品零售業；F107030 清潔用品批發業；F207030 清潔用品零售業；F109070 文教、樂器、育樂用品批發業；F209060 文教、樂器、育樂用品零售業,臺北市,變更,11506
22662664,台灣吉野家股份有限公司,臺北市中正區館前路59號2樓,成瀨哲也,549200000,,115/06/09,分公司廢止,F401010 國際貿易業；F201010 農產品零售業；F201020 畜產品零售業；F206020 日常用品零售業；F501060 餐館業；F102030 菸酒批發業；F203020 菸酒零售業；A102060 糧商業；ZZ99999 除許可業務外，得經營法令非禁止或限制之業務；F101990 其他農、畜、水產品批發業,臺北市,變更,11506
22663002,台灣施舒雅美容世界股份有限公司,臺北市松山區復興北路57號4樓之2,長南進亮,55000000,,115/06/09,特殊補正,F108040 化粧品批發業；F208040 化粧品零售業；JZ99080 美容美髮服務業；JZ99110 瘦身美容業；I199990 其他顧問服務業；F401010 國際貿易業；J801030 競技及休閒運動場館業；F102170 食品什貨批發業；F203010 食品什貨、飲料零售業；ZZ99999 除許可業務外，得經營法令非禁止或限制之業務,臺北市,變更,11506
22663690,臺田環工股份有限公司,臺北市內湖區基湖路35巷16號7樓,飯田隆,28000000,,115/06/11,特殊補正,E603040 消防安全設備安裝工程業；E604010 機械安裝業；E599010 配管工程業；EZ15010 保溫、保冷安裝工程業；F113100 污染防治設備批發業；F113010 機械批發業；F120010 耐火材料批發業；F213100 污染防治設備零售業；F213080 機械器具零售業；F220010 耐火材料零售業,臺北市,變更,11506
22664706,新太投資股份有限公司,臺北市北投區大業路162號2樓,張賢素,15000000,,115/06/22,改選董事/監察人(一人法人股東指派董事/監察人),H201010 一般投資業,臺北市,變更,11506
22728639,英利得國際股份有限公司,臺北市內湖區洲子街120號8樓,李麗娟,65000000,,115/06/18,董事/監察人持股變動報備,C306010 成衣業；F104110 布疋、衣著、鞋、帽、傘、服飾品批發業；F105050 家具、寢具、廚房器具、裝設品批發業；F109070 文教、樂器、育樂用品批發業；F204110 布疋、衣著、鞋、帽、傘、服飾品零售業；F206020 日常用品零售業；F301010 百貨公司業；F399040 無店面零售業；F401010 國際貿易業；H201010 一般投資業,臺北市,變更,11506
22729200,日茂實業有限公司,臺北市中山區南京東路3段217號9樓之2,丁清煌,1000000,,115/06/02,特殊補正,,臺北市,變更,11506
22740964,帕斯卡科技股份有限公司,臺北市中正區羅斯福路2段150號15樓之3,蘇全清,25000000,,115/06/11,董事/監察人持股變動報備,F113070 電信器材批發業；F213060 電信器材零售業；E701010 通信工程業,臺北市,變更,11506
22746496,祥合企業有限公司,臺北市大安區和平東路3段98巷35號1樓,周建全,5000000,,115/06/01,停業副本,,臺北市,變更,11506
22751758,普羅汽車股份有限公司,臺北市大安區金山南路2段101巷8號1樓,李樂伯,265749430,,115/06/11,改選董事/監察人(一人法人股東指派董事/監察人),G101041 小客車租賃業；G101091 小貨車租賃業；JE01010 租賃業；E801040 玻璃安裝工程業；F101050 水產品批發業；F102040 飲料批發業；F102170 食品什貨批發業；F113010 機械批發業；F113020 電器批發業；F114010 汽車批發業,臺北市,變更,11506
22754328,大爭工業股份有限公司,臺北市松山區民生東路3段127巷10號5樓之2,羅煥貴,51000000,,115/06/02,特殊補正,ZZ99999 除許可業務外，得經營法令非禁止或限制之業務；CB01010 機械設備製造業；CB01990 其他機械製造業；F113010 機械批發業；F113990 其他機械器具批發業；F213080 機械器具零售業；E603050 自動控制設備工程業；E604010 機械安裝業；F401010 國際貿易業,臺北市,變更,11506
22766020,瑞盟行銷股份有限公司,臺北市中山區復興北路420號8樓,高志誠,374000000,,115/06/26,增資(資本總額),F101040 家畜家禽批發業；F201020 畜產品零售業；F102030 菸酒批發業；F102040 飲料批發業；F102170 食品什貨批發業；F301020 超級市場業；H703100 不動產租賃業；ZZ99999 除許可業務外，得經營法令非禁止或限制之業務,臺北市,變更,11506
22778757,新三和窯業有限公司,臺北市萬華區環河南路1段157號1樓,,5000000,,115/06/10,解散,,臺北市,變更,11506
22817581,德安開發股份有限公司,臺北市中山區民權東路三段2號12樓,黃詠倫,1066800000,,115/06/22,改選董事/監察人(一人法人股東指派董事/監察人),C306010 成衣業；C307010 服飾品製造業；CB01010 機械設備製造業；CB01030 污染防治設備製造業；CC01060 有線通信機械器材製造業；CC01070 無線通信機械器材製造業；CC01110 電腦及其週邊設備製造業；CE01030 光學儀器製造業；CQ01010 模具製造業；E605010 電腦設備安裝業,臺北市,變更,11506
22819589,台北畜產運銷股份有限公司,臺北市萬華區環河南路2段338號4樓,楊靜宇,50000000,,115/06/11,特殊補正,F101040 家畜家禽批發業；F101061 農產品批發市場；F201020 畜產品零售業；C101010 屠宰業；C103050 罐頭、冷凍、脫水及醃漬食品製造業；F401010 國際貿易業；F301020 超級市場業；A401020 家畜禽飼育業；A401040 畜牧服務業；A401051 野生動物飼養業,臺北市,變更,11506
22853404,太克科技股份有限公司,臺北市內湖區堤頂大道2段89號3樓,John David Gardner,40000000,,115/06/12,特殊補正,F401021 電信管制射頻器材輸入業。；ZZ99999 除許可業務外，得經營法令非禁止或限制之業務,臺北市,變更,11506
22853452,台灣和亞留土股份有限公司,臺北市松山區南京東路3段248號5樓之2,吉田玲子,285060000,,115/06/08,特殊補正,E801010 室內裝潢業；F104110 布疋、衣著、鞋、帽、傘、服飾品批發業；F105050 家具、寢具、廚房器具、裝設品批發業；F106020 日常用品批發業；F109070 文教、樂器、育樂用品批發業；F110020 眼鏡批發業；F115010 首飾及貴金屬批發業；F204110 布疋、衣著、鞋、帽、傘、服飾品零售業；F205040 家具、寢具、廚房器具、裝設品零售業；F206020 日常用品零售業,臺北市,變更,11506
22855374,德丸興業股份有限公司,臺北市松山區八德路3段2號7樓之1,黃柏森,30000000,,115/06/25,改選董事/監察人(一人法人股東指派董事/監察人),A102020 農產品加工業；F107200 化學原料批發業；F207200 化學原料零售業；H703100 不動產租賃業；F401010 國際貿易業；E604010 機械安裝業；E605010 電腦設備安裝業；G202010 停車場經營業；I103060 管理顧問業；H703090 不動產買賣業,臺北市,變更,11506
22863276,臺一國際投資顧問股份有限公司,臺北市中山區長安東路2段112號5樓,何金柱,8000000,,115/06/26,改選董事/監察人(一人法人股東指派董事/監察人),JA04011 移民服務業國內外投資之引介提供諮商顧問業務(證券投資顧問業務除外)有關投資之技術合作提供商情資料及引介諮商顧問業務有關商業文書撰擬及經營顧問業務留學服務業務,臺北市,變更,11506
22864211,三本工程有限公司,臺北市大安區和平東路1段77號3樓,曾啓斌,25000000,,115/06/26,股東出資轉讓修正章程,F401010 國際貿易業；F107170 工業助劑批發業；F107200 化學原料批發業；F601010 智慧財產權業；EZ07010 鑽孔工程業；E903010 防蝕、防銹工程業；E901010 油漆工程業；E801040 玻璃安裝工程業；E801030 室內輕鋼架工程業；E801010 室內裝潢業,臺北市,變更,11506
22866724,波音無線電股份有限公司,臺北市中山區八德路2段67號1樓,何金城,5000000,,115/06/09,特殊補正,,臺北市,變更,11506
22866793,飛雁有限公司,臺北市內湖區瑞光路585號11樓,余聲均,165000000,,115/06/16,股東出資轉讓修正章程,F104110 布疋、衣著、鞋、帽、傘、服飾品批發業；F204110 布疋、衣著、鞋、帽、傘、服飾品零售業；F401010 國際貿易業；I101110 紡織顧問業；ZZ99999 除許可業務外，得經營法令非禁止或限制之業務；C306010 成衣業；C307010 服飾品製造業；C399990 其他紡織及製品製造業；F113010 機械批發業；F113020 電器批發業,臺北市,變更,11506
22884547,旗辰實業有限公司,臺北市中山區中山北路3段49號4樓之3,趙家琳,5000000,,115/06/12,改推董事/董事長,,臺北市,變更,11506
22899350,天新資訊股份有限公司,臺北市松山區民生東路4段133號3樓,盧佳琪,30000000,,115/06/29,改選董事/監察人(一人法人股東指派董事/監察人),I301010 資訊軟體服務業；I301020 資料處理服務業；ZZ99999 除許可業務外，得經營法令非禁止或限制之業務,臺北市,變更,11506
22955802,大展證券股份有限公司,臺北市大同區承德路一段17號17樓,李玉萍,2523531540,,115/06/24,改選董事/監察人(一人法人股東指派董事/監察人),H301011 證券商；H408011 期貨交易輔助人,臺北市,變更,11506
22956176,東展興業股份有限公司,臺北市大安區仁愛路四段25號9樓,吳澄清,1742400000,,115/06/15,改派董事/監察人,ZZ99999 除許可業務外，得經營法令非禁止或限制之業務,臺北市,變更,11506
22959687,誠意投資股份有限公司,臺北市中山區五常街11巷3號13樓之1,李成家,111000000,,115/06/08,改選董事/監察人(一人法人股東指派董事/監察人),,臺北市,變更,11506
23015997,旭陽育樂事業股份有限公司,臺北市大安區復興南路1段209號11樓,林秀貞,487900000,,115/06/18,董事(常務董事.董事長)/監察人解任,J801010 高爾夫球場業；F109070 文教、樂器、育樂用品批發業；F209060 文教、樂器、育樂用品零售業；F501030 飲料店業；F501060 餐館業；F203010 食品什貨、飲料零售業；F203020 菸酒零售業；ZZ99999 除許可業務外，得經營法令非禁止或限制之業務,臺北市,變更,11506
23016763,凱興保險代理人股份有限公司,臺北市中山區民生東路2段176號2樓,蔡維峰,6250000,,115/06/02,補選董事(常務董事.董事長)/監察人,,臺北市,變更,11506
23020838,上鼎有限公司,臺北市中山區龍江路45巷10號1樓,王錦惠,1000000,,115/06/05,股東出資轉讓修正章程,C701010 印刷業；C703010 印刷品裝訂及加工業；IZ01010 影印業；C702010 製版業；IZ02010 打字業；IZ10010 排版業；I501010 產品設計業；F399040 無店面零售業；F109070 文教、樂器、育樂用品批發業；F209060 文教、樂器、育樂用品零售業,臺北市,變更,11506
23022580,萬穎實業股份有限公司,臺北市內湖區瑞光路478巷22號6樓,洪玲月,8000000,,115/06/22,董事/監察人地址變更,,臺北市,變更,11506
23026354,繪寶企業有限公司,臺北市中山區中山北路2段26巷1號1樓,,1500000,,115/06/18,解散,F109070 文教、樂器、育樂用品批發業；F113060 度量衡器批發業；F209060 文教、樂器、育樂用品零售業；F401010 國際貿易業；ZZ99999 除許可業務外，得經營法令非禁止或限制之業務,臺北市,變更,11506
23027332,固碁工程顧問有限公司,臺北市中山區新生北路3段19巷45號1樓,蔡震邦,1000000,,115/06/18,特殊補正,I103060 管理顧問業；ZZ99999 除許可業務外，得經營法令非禁止或限制之業務,臺北市,變更,11506
23028493,興隆旅行社股份有限公司,臺北市信義區基隆路2段189號7樓之6,王彥仁,64700000,,115/06/29,特殊補正,,臺北市,變更,11506
23039724,六上實業股份有限公司,臺北市中正區林森南路4號7樓之1,陳文昌,60000000,,115/06/25,特殊補正,C303010 不織布業；C305010 印染整理業；C501040 組合木材製造業；C805060 塑膠皮製品製造業；F104110 布疋、衣著、鞋、帽、傘、服飾品批發業；F111090 建材批發業；F401010 國際貿易業；ZZ99999 除許可業務外，得經營法令非禁止或限制之業務,臺北市,變更,11506
23043353,高齊能源科技股份有限公司,臺北市大安區新生南路1段123號9樓,黃緒耀,10000000,,115/06/30,特殊補正,E599010 配管工程業；E601020 電器安裝業；E603010 電纜安裝工程業；E603040 消防安全設備安裝工程業；E603050 自動控制設備工程業；E603090 照明設備安裝工程業；E801070 廚具、衛浴設備安裝工程業；EZ05010 儀器、儀表安裝工程業；EZ07010 鑽孔工程業；F401010 國際貿易業,臺北市,變更,11506
23048934,臺達發股份有限公司,臺北市中正區館前路8號7樓,王錫淵,277730400,,115/06/16,補繳規費,J701020 遊樂園業；J801030 競技及休閒運動場館業；A201040 森林遊樂區經營業；J701080 水域遊憩活動經營業；H701040 特定專業區開發業；F301010 百貨公司業；F301020 超級市場業；F501060 餐館業；J901020 一般旅館業；ZZ99999 除許可業務外，得經營法令非禁止或限制之業務,臺北市,變更,11506
23052232,水美開發實業股份有限公司,臺北市中山區南京東路3段21號11樓,周水美,2800000,,115/06/18,改選董事/監察人(一人法人股東指派董事/監察人),H701010 住宅及大樓開發租售業；H701060 新市鎮、新社區開發業；H703090 不動產買賣業；H703100 不動產租賃業；H703110 老人住宅業；E801010 室內裝潢業；F111090 建材批發業；ZZ99999 除許可業務外，得經營法令非禁止或限制之業務,臺北市,變更,11506
23060079,台灣佐鳥股份有限公司,臺北市松山區八德路4段760號6樓之1,小川薫己,300000000,,115/06/10,特殊補正,F213060 電信器材零售業；F113010 機械批發業；F113020 電器批發業；F113030 精密儀器批發業；F119010 電子材料批發業；F213010 電器零售業；F213040 精密儀器零售業；F213080 機械器具零售業；F219010 電子材料零售業；E601020 電器安裝業,臺北市,變更,11506
23060248,全家便利商店股份有限公司,臺北市中山區中山北路二段61號7樓,葉榮廷,2232200000,,115/06/03,分公司設立,F399010 便利商店業；F201010 農產品零售業；F203010 食品什貨、飲料零售業；F203020 菸酒零售業；F209060 文教、樂器、育樂用品零售業；F201070 花卉零售業；F205040 家具、寢具、廚房器具、裝設品零售業；F206020 日常用品零售業；F207030 清潔用品零售業；F208040 化妝品零售業,臺北市,變更,11506
23060818,台素股份有限公司,臺北市中山區中山北路2段68號10樓,松本晋一,10000000,,115/06/05,董事/監察人證照變更,F107170 工業助劑批發業。；F107990 其他化學製品批發業（活性碳）；ZZ99999 除許可業務外，得經營法令非禁止或限制之業務,臺北市,變更,11506
23111915,凱基證券股份有限公司,臺北市中山區成功里明水路698號3樓、700號3樓,許道義,18174785440,,115/06/25,經理人變更,H301011 證券商；H408011 期貨交易輔助人；H401011 期貨商；H105011 信託業；H304011 證券投資顧問業,臺北市,變更,11506
23117565,環璵國際商事顧問有限公司,臺北市大安區敦化南路2段92號7樓,鄭春雪,9000000,,115/06/16,補繳規費,F109010 圖書批發業,臺北市,變更,11506
23123644,優盛醫學科技股份有限公司,臺北市內湖區港墘路189號12樓,劉志平,831110450,,115/06/10,改選董事/監察人(一人法人股東指派董事/監察人),CC01060 有線通信機械器材製造業；F113070 電信器材批發業；F213060 電信器材零售業；CF01011 醫療器材製造業；F108031 醫療器材批發業；F208031 醫療器材零售業；CC01030 電器及視聽電子產品製造業；CC01101 電信管制射頻器材製造業；CC01110 電腦及其週邊設備製造業；CC01070 無線通信機械器材製造業,臺北市,變更,11506
23124475,新易數位科技有限公司,臺北市中山區林森北路101號5樓,張明政,1500000,,115/06/08,公司名稱變更修正章程,E603010 電纜安裝工程業；E605010 電腦設備安裝業；E701010 電信工程業；E701040 簡易電信設備安裝業；EZ05010 儀器、儀表安裝工程業；F113030 精密儀器批發業；F113070 電信器材批發業；F213030 電腦及事務性機器設備零售業；F213040 精密儀器零售業；F213060 電信器材零售業,臺北市,變更,11506
23128471,佳的星股份有限公司,臺北市內湖區南京東路6段388號6樓,黃耀頌,48000000,,115/06/16,特殊補正,F112040 石油製品批發業；F112060 航空站、商港或工業專用港加油業；F212050 石油製品零售業；F401100 石油輸出業；ZZ99999 除許可業務外，得經營法令非禁止或限制之業務,臺北市,變更,11506
23145485,鴻春企業有限公司,臺北市中正區杭州南路1段101巷28號1樓,楊宇書,2000000,,115/06/25,特殊補正,,臺北市,變更,11506
23148336,立揚機電工程股份有限公司,臺北市中正區忠孝東路2段130號12樓之5,黃俊仁,60000000,,115/06/24,特殊補正,E501011 自來水管承裝商；E502010 燃料導管安裝工程業；E599010 配管工程業；E601010 電器承裝業；E601020 電器安裝業；E602011 冷凍空調工程業；E603010 電纜安裝工程業；E603020 電梯安裝工程業；E603040 消防安全設備安裝工程業；E603050 自動控制設備工程業,臺北市,變更,11506
23148363,樹森開發股份有限公司,臺北市信義區忠孝東路五段510號13樓,周易,819897380,,115/06/05,補繳規費,F101040 家畜家禽批發業；F101050 水產品批發業；F101130 蔬果批發業；F102020 食用油脂批發業；F102030 菸酒批發業；F102040 飲料批發業；F102050 茶葉批發業；F102170 食品什貨批發業；F105050 家具、寢具、廚房器具、裝設品批發業；F106010 五金批發業,臺北市,變更,11506
23155531,誠品股份有限公司,臺北市信義區松德路196號B1、B1-1至B1-6,吳旻潔,344760000,,115/06/25,修正章程,E502010 燃料導管安裝工程業；E604010 機械安裝業；E605010 電腦設備安裝業；E801010 室內裝潢業；E801070 廚具、衛浴設備安裝工程業；F101100 花卉批發業；F102030 菸酒批發業；F102040 飲料批發業；F102050 茶葉批發業；F102170 食品什貨批發業,臺北市,變更,11506
23157019,鈺軍國際股份有限公司,臺北市大安區信義路4段151號3樓之1,侯天立,32180000,,115/06/01,經理人變更,F114070 航空器及其零件批發業；F113070 電信器材批發業；F119010 電子材料批發業；E604010 機械安裝業；F401010 國際貿易業；I101100 航空顧問業；I103060 管理顧問業；JE01010 租賃業；F401091 槍砲彈藥刀械輸出入業；F401021 電信管制射頻器材輸入業,臺北市,變更,11506
23161055,耀光有限公司,臺北市信義區基隆路2段189號4樓之5,蔡明蒼,10000000,,115/06/02,改推董事/董事長,,臺北市,變更,11506
23167608,台灣殼牌股份有限公司,臺北市信義區基隆路1段333號20樓,何智生(Jason Chi Sang HO),25000000,,115/06/15,改選董事/監察人(一人法人股東指派董事/監察人),I103060 管理顧問業；I199990 其他顧問服務業；C801020 石油化工原料製造業；F107990 其他化學製品批發業；F207990 其他化學製品零售業；ZZ99999 除許可業務外，得經營法令非禁止或限制之業務,臺北市,變更,11506
23167712,保聖那管理顧問股份有限公司,臺北市松山區敦化北路170號12樓,許書揚,12000000,,115/06/29,特殊補正,I103060 管理顧問業；I701011 就業服務業；IZ12010 人力派遣業；ZZ99999 除許可業務外，得經營法令非禁止或限制之業務；J202010 產業育成業,臺北市,變更,11506
23167776,台灣帝業技凱股份有限公司,臺北市士林區承德路4段192之1號7樓,寺町彰博,90000000,,115/06/25,改派董事/監察人,CB01010 機械設備製造業；F113030 精密儀器批發業；F113010 機械批發業；F213080 機械器具零售業；F106010 五金批發業；E604010 機械安裝業；F401010 國際貿易業；ZZ99999 除許可業務外，得經營法令非禁止或限制之業務,臺北市,變更,11506
23206102,合機電線電纜股份有限公司,臺北市中山區復興南路一段36之9號3樓,李新政,1926917470,,115/06/02,修正章程,CA02080 金屬鍛造業；F401010 國際貿易業；E601010 電器承裝業；E599010 配管工程業；H703100 不動產租賃業；CC01020 電線及電纜製造業；E603010 電纜安裝工程業；CC01010 發電、輸電、配電機械製造業；CC01080 電子零組件製造業；F113020 電器批發業,臺北市,變更,11506
23219388,美商優比速國際股份有限公司,臺北市士林區大南路361號地下1樓,洪毅,625000000,,115/06/16,在中華民國境內負責人姓名、護照號碼、國籍變更登記,G801010 倉儲業；G101061 汽車貨運業,臺北市,變更,11506
23221933,臺億建築經理股份有限公司,臺北市中山區松江路87號10樓之3,陳長琪,50000000,,115/06/11,改選董事/監察人(一人法人股東指派董事/監察人),,臺北市,變更,11506
23226748,敦和容器股份有限公司,臺北市內湖區民權東路6段160號8樓之4,下間庸三郎,58000000,,115/06/30,改選董事/監察人(一人法人股東指派董事/監察人),,臺北市,變更,11506
23285106,明基三豐醫療器材股份有限公司,臺北市內湖區洲子街46號7樓,陳其宏,445660000,,115/06/15,改選董事/監察人(一人法人股東指派董事/監察人),CF01011 醫療器材製造業；CE01010 一般儀器製造業；F108031 醫療器材批發業；F208031 醫療器材零售業；F113030 精密儀器批發業；F213040 精密儀器零售業；F113060 度量衡器批發業；F213050 度量衡器零售業；F119010 電子材料批發業；EZ05010 儀器、儀表安裝工程業,臺北市,變更,11506
23285605,萬達展運股份有限公司,臺北市中山區市民大道3段209號5樓,王成發,25000000,,115/06/15,董事/監察人持股變動報備,G402011 海運承攬運送業；G601011 航空貨運承攬業；JB01010 會議及展覽服務業；J601010 藝文服務業；F101990 其他農、畜、水產品批發業；F102030 菸酒批發業；F113070 電信器材批發業；F199990 其他批發業；F203020 菸酒零售業；F213060 電信器材零售業,臺北市,變更,11506
23322159,維正建設股份有限公司,臺北市士林區士東路91巷53號1樓,周淑燕,219000000,,115/06/22,特殊補正,,臺北市,變更,11506
23325705,集士國際開發股份有限公司,臺北市中山區長安東路1段27號10樓,張寶釵,170000000,,115/06/18,特殊補正,ZZ99999 除許可業務外，得經營法令非禁止或限制之業務；I103060 管理顧問業；IZ15010 市場研究及民意調查業；I401010 一般廣告服務業；F109070 文教、樂器、育樂用品批發業；F209060 文教、樂器、育樂用品零售業；I701011 就業服務業；F113050 電腦及事務性機器設備批發業；F213030 電腦及事務性機器設備零售業；E605010 電腦設備安裝業,臺北市,變更,11506
23357902,泛太資訊科技開發股份有限公司,臺北市大安區光復南路102號7樓,謝煜峰,30000000,,115/06/24,改選董事/監察人(一人法人股東指派董事/監察人),E605010 電腦設備安裝業；F109070 文教、樂器、育樂用品批發業；F113020 電器批發業；F113050 電腦及事務性機器設備批發業；F118010 資訊軟體批發業；F119010 電子材料批發業；F209060 文教、樂器、育樂用品零售業；F213010 電器零售業；F213030 電腦及事務性機器設備零售業；F218010 資訊軟體零售業,臺北市,變更,11506
23358846,華固建設股份有限公司,臺北市信義區中興里2鄰信義路四段456號7樓,鍾榮昌,3197186970,,115/06/02,改選董事/監察人(一人法人股東指派董事/監察人),ZZ99999 除許可業務外，得經營法令非禁止或限制之業務,臺北市,變更,11506
23362193,合眾建築經理股份有限公司,臺北市松山區光復南路65號11樓,顏文澤,337187660,,115/06/26,改派董事/監察人,H702010 建築經理業；HZ02020 辦理金融機構金錢債權之評價或拍賣業務；I102010 投資顧問業；I103060 管理顧問業；H701010 住宅及大樓開發租售業；H701080 都市更新重建業；H701090 都市更新整建維護業；H703100 不動產租賃業；JE01010 租賃業；H701020 工業廠房開發租售業,臺北市,變更,11506
23362519,台聚投資股份有限公司,臺北市內湖區基湖路37號12樓,吳亦圭,896470000,,115/06/11,董事/監察人地址變更,,臺北市,變更,11506
23415754,藍天建設股份有限公司,臺北市萬華區漢口街2段73號,沈柏臣,100000000,,115/06/12,特殊補正,,臺北市,變更,11506
23416851,中國信託綜合證券股份有限公司,臺北市南港區經貿二路168號3樓,謝載祥,7904542390,,115/06/02,改選董事/監察人(一人法人股東指派董事/監察人),H301011 證券商；H401011 期貨商,臺北市,變更,11506
23420546,財瑞企業股份有限公司,臺北市大安區忠孝東路4段166號5樓之3室,李珮娟,60000000,,115/06/11,改選董事/監察人(一人法人股東指派董事/監察人),,臺北市,變更,11506
23446187,創見資訊股份有限公司,臺北市內湖區行忠路70號,束崇萬,4313456750,,115/06/01,發行新股,CC01110 電腦及其週邊設備製造業；CC01120 資料儲存媒體製造及複製業；F113050 電腦及事務性機器設備批發業；F118010 資訊軟體批發業；F119010 電子材料批發業；F401010 國際貿易業；I301010 資訊軟體服務業；CC01080 電子零組件製造業；F401021 電信管制射頻器材輸入業；CC01101 電信管制射頻器材製造業,臺北市,變更,11506
23449614,台灣利豐股份有限公司,臺北市內湖區瑞光路68號6樓,Rahul Dhand,5000000,,115/06/12,特殊補正,F104110 布疋、衣著、鞋、帽、傘、服飾品批發業；F204110 布疋、衣著、鞋、帽、傘、服飾品零售業；I103060 管理顧問業；JD01010 工商徵信服務業；JZ99050 仲介服務業；F401010 國際貿易業；ZZ99999 除許可業務外，得經營法令非禁止或限制之業務,臺北市,變更,11506
23469441,金利投資股份有限公司,臺北市中山區松江路237號15樓,陳韻如,844000000,,115/06/18,改選董事/監察人(一人法人股東指派董事/監察人),,臺北市,變更,11506
23471312,蘭記投資股份有限公司,臺北市大安區敦化南路2段207號31樓,楊惠國,131882000,,115/06/15,改選董事/監察人(一人法人股東指派董事/監察人),,臺北市,變更,11506
23471761,維善投資股份有限公司,臺北市大安區敦化南路2段38號14樓,劉順吉,250000000,,115/06/29,特殊補正,H201010 一般投資業,臺北市,變更,11506
23472678,東纖精密工業股份有限公司,臺北市中山區樂群二路267號5樓之1,陳冠州,50000000,,115/06/18,改選董事/監察人(一人法人股東指派董事/監察人),,臺北市,變更,11506
23473986,長春投資股份有限公司,臺北市中山區八德路2段308號11樓之1,黃明端,7347840000,,115/06/03,補選董事(常務董事.董事長)/監察人,,臺北市,變更,11506
23474649,兆豐證券股份有限公司,臺北市中正區忠孝東路2段95號3樓,陳佩君,12100000000,,115/06/15,董事(常務董事.董事長)/監察人解任,H301011 證券商；H401011 期貨商；H408011 期貨交易輔助人；H105011 信託業,臺北市,變更,11506
23504398,和聯通商股份有限公司,臺北市大安區敦化南路2段97號17樓,陳志展,15000000,,115/06/10,修正章程,F108040 化粧品批發業；F208040 化粧品零售業；F107030 清潔用品批發業；F207030 清潔用品零售業；F106020 家庭日常用品批發業；F206020 家庭日常用品零售業；F102040 飲料批發業；F203010 食品、飲料零售業,臺北市,變更,11506
23525844,實密科技股份有限公司,臺北市信義區忠孝東路5段1之3號10樓,葉文勇,41850000,,115/06/02,特殊補正,F401010 國際貿易業；F108031 醫療器材批發業；F208031 醫療器材零售業；F213030 電腦及事務性機器設備零售業；I301010 資訊軟體服務業；I301020 資料處理服務業；F213080 機械器具零售業；IF04010 非破壞檢測業；CA04010 表面處理業；CC01010 發電、輸電、配電機械製造業,臺北市,變更,11506
23527907,住重塑膠機械股份有限公司,臺北市士林區德行西路35號6樓,五十嵐和治,7200000,,115/06/26,改派董事/監察人,,臺北市,變更,11506
23528130,裕融企業股份有限公司,臺北市大安區敦化南路二段2號15樓,嚴陳莉蓮,6756363460,,115/06/17,修正章程,JE01010 租賃業；JZ99050 仲介服務業,臺北市,變更,11506
23528309,台灣三井物產股份有限公司,臺北市大同區承德路一段2號22、23樓,增田裕一,600000000,,115/06/29,修正章程,F401010 國際貿易業；G801010 倉儲業；A102060 糧商業；F103010 飼料批發業；F202010 飼料零售業；I102010 投資顧問業；I103060 管理顧問業；ZZ99999 除許可業務外，得經營法令非禁止或限制之業務；F401171 酒類輸入業,臺北市,變更,11506
23529784,捷盟行銷股份有限公司,臺北市信義區忠孝東路4段560號7樓,黃瑞典,257200000,,115/06/25,特殊補正,A102060 糧商業；F101040 家畜家禽批發業；F101050 水產品批發業；F101100 花卉批發業；F101130 蔬果批發業；F101990 其他農、畜、水產品批發業；F102020 食用油脂批發業；F102030 菸酒批發業；F102040 飲料批發業；F102050 茶葉批發業,臺北市,變更,11506
23532768,豐洋興業股份有限公司,臺北市信義區光復南路495號,連錦,1845000000,,115/06/15,修正章程,E605010 電腦設備安裝業；F101100 花卉批發業；F102030 菸酒批發業；F102180 酒精批發業；F103010 飼料批發業；F104110 布疋、衣著、鞋、帽、傘、服飾品批發業；F105050 家具、寢具、廚房器具、裝設品批發業；F106010 五金批發業；F106020 日常用品批發業；F107010 漆料、塗料批發業,臺北市,變更,11506
23533627,敦年建設股份有限公司,臺北市大安區忠孝東路3段6號2樓,王悅娜,300000000,,115/06/08,改選董事/監察人(一人法人股東指派董事/監察人),E599010 配管工程業；E601010 電器承裝業；E603090 照明設備安裝工程業；E801010 室內裝潢業；E801020 門窗安裝工程業；E801030 室內輕鋼架工程業；E801040 玻璃安裝工程業；E801070 廚具、衛浴設備安裝工程業；E901010 油漆工程業；E903010 防蝕、防銹工程業,臺北市,變更,11506
23535890,誠心投資股份有限公司,臺北市中山區五常街11巷3號13樓之1,李成家,2156000,,115/06/08,改選董事/監察人(一人法人股東指派董事/監察人),,臺北市,變更,11506
23595714,章丞實業有限公司,臺北市松山區南京東路4段186號7樓之9,林威丞,25000000,,115/06/30,股東出資轉讓修正章程,,臺北市,變更,11506
23597558,峰內有限公司,臺北市松山區民生東路5段171號14樓之1,張廣村,5000000,,115/06/16,減少所營事業變更修正章程,F401010 國際貿易業；EZ02010 起重工程業；F219010 電子材料零售業；ZZ99999 除許可業務外，得經營法令非禁止或限制之業務；F102170 食品什貨批發業；F203010 食品什貨、飲料零售業,臺北市,變更,11506
23598901,世錞貿易股份有限公司,臺北市松山區延壽街8號11樓之3,陳棟樑,5000000,,115/06/24,改選董事/監察人(一人法人股東指派董事/監察人),F106020 日常用品批發業；F102170 食品什貨批發業；F108040 化粧品批發業；F208050 乙類成藥零售業；F104110 布疋、衣著、鞋、帽、傘、服飾品批發業；F209060 文教、樂器、育樂用品零售業；H201010 一般投資業；I103060 管理顧問業；I199990 其他顧問服務業；I301020 資料處理服務業,臺北市,變更,11506
23599423,生于貿易股份有限公司,臺北市中山區建國北路2段65號8樓,紀怡明,50000000,,115/06/18,改選董事/監察人(一人法人股東指派董事/監察人),C301010 紡紗業；F102030 菸酒批發業；F104110 布疋、衣著、鞋、帽、傘、服飾品批發業；F113010 機械批發業；F203020 菸酒零售業；F204110 布疋、衣著、鞋、帽、傘、服飾品零售業；F401010 國際貿易業；F401161 菸類輸入業；F401171 酒類輸入業；G801010 倉儲業,臺北市,變更,11506
23622424,佳美檢驗科技股份有限公司,臺北市內湖區瑞光路302號9樓之1,許瑞麟,60000000,,115/06/02,特殊補正,J101050 環境檢測服務業；C801010 基本化學工業；F107030 清潔用品批發業；F107060 毒性及關注化學物質批發業；F107200 化學原料批發業；F107990 其他化學製品批發業；F113030 精密儀器批發業；F113100 污染防治設備批發業；F119010 電子材料批發業；F207030 清潔用品零售業,臺北市,變更,11506
23622655,力高運通有限公司,臺北市內湖區瑞湖街103號5樓之2,蕭邦濬,10000000,,115/06/18,股東出資轉讓修正章程,IZ12010 人力派遣業；JZ99050 仲介服務業；H703100 不動產租賃業；ZZ99999 除許可業務外，得經營法令非禁止或限制之業務；G601011 航空貨運承攬業；G405010 貨櫃出租業；IZ06010 理貨包裝業,臺北市,變更,11506
23637670,合聯興投資股份有限公司,臺北市大安區復興南路1段209號11樓,林秀貞,70280000,,115/06/29,董事(常務董事.董事長)/監察人解任,H201010 一般投資業。,臺北市,變更,11506
23718075,富樺精密材料股份有限公司,臺北市大同區長安西路239號10樓之1,張良正,20000000,,115/06/23,董事/監察人持股變動報備,F104110 布疋、衣著、鞋、帽、傘、服飾品批發業；F107200 化學原料批發業；F107990 其他化學製品批發業；F107190 塑膠膜、袋批發業；F113110 電池批發業；F119010 電子材料批發業；F113030 精密儀器批發業；F120010 耐火材料批發業；F401010 國際貿易業；C301010 紡紗業,臺北市,變更,11506
23725929,阡鉅貿易有限公司,臺北市信義區基隆路1段143號11樓之3,謝中芳,5000000,,115/06/01,股東出資轉讓修正章程,F401010 國際貿易業；F114030 汽、機車零件配備批發業；F214030 汽、機車零件配備零售業；F114990 其他交通運輸工具及其零件批發業；F214990 其他交通運輸工具及其零件零售業；ZZ99999 除許可業務外，得經營法令非禁止或限制之業務,臺北市,變更,11506
23728904,振一信業有限公司,臺北市內湖區民權東路6段109號4樓,顧正乾,500000,,115/06/24,減資,,臺北市,變更,11506
23735150,全懋消防器材有限公司,臺北市松山區民權東路3段178號8樓,游碧霞,2000000,,115/06/23,特殊補正,,臺北市,變更,11506
23740225,台灣經濟新報文化事業股份有限公司,臺北市信義區東興路57號11樓,錢素英,108788000,,115/06/23,特殊補正,F109070 文教、樂器、育樂用品批發業；F209060 文教、樂器、育樂用品零售業；I102010 投資顧問業；J303010 雜誌（期刊）出版業；J304010 圖書出版業；JD01010 工商徵信服務業；C701010 印刷業；C703010 印刷品裝訂及加工業；I301010 資訊軟體服務業；I301020 資料處理服務業,臺北市,變更,11506
23741049,翊昌股份有限公司,臺北市中山區建國北路2段92號6樓,洪立人,126800000,,115/06/16,改選董事/監察人(一人法人股東指派董事/監察人),,臺北市,變更,11506
23746282,財閣國際有限公司,臺北市大同區民權西路108號1樓,林彰白,5000000,,115/06/12,股東出資轉讓修正章程,,臺北市,變更,11506
23747992,安橋智居公寓大廈管理維護股份有限公司,臺北市松山區八德路3段20號10樓之1,鍾鼎君,15000000,,115/06/16,特殊補正,I801011 公寓大廈管理服務業。,臺北市,變更,11506
23751545,岱宇國際股份有限公司,臺北市中山區朱園里松江路111號12樓,林佑穎,1791420920,,115/06/04,改選董事/監察人(一人法人股東指派董事/監察人),CA02990 其他金屬製品製造業；CC01040 照明設備製造業；CC01080 電子零組件製造業；CC01990 其他電機及電子機械器材製造業；CD01050 自行車及其零件製造業；CF01011 醫療器材製造業；CH01010 體育用品製造業；CN01010 家具及裝設品製造業；F108031 醫療器材批發業；F109070 文教、樂器、育樂用品批發業,臺北市,變更,11506
23754590,啟發證券投資顧問股份有限公司,臺北市中正區忠孝西路1段100號9樓、102號9樓,陳思穎,123868000,,115/06/29,補繳規費,H304011 證券投資顧問業；H405011 期貨顧問事業,臺北市,變更,11506
23761403,集航企業有限公司,臺北市中山區松江路42號8樓之11,王超南,5000000,,115/06/25,股東出資轉讓修正章程,F104110 布疋、衣著、鞋、帽、傘、服飾品批發業；F105050 家具、寢具、廚房器具、裝設品批發業；F106020 日常用品批發業；F108040 化粧品批發業；F204110 布疋、衣著、鞋、帽、傘、服飾品零售業；F205040 家具、寢具、廚房器具、裝設品零售業；F206020 日常用品零售業；F208040 化粧品零售業；F210020 眼鏡零售業；F215010 首飾及貴金屬零售業,臺北市,變更,11506
23765581,育冠企業股份有限公司,臺北市內湖區江南街107巷2號,王慶輝,243272220,,115/06/04,董事(常務董事.董事長)/監察人解任,F201010 農產品零售業；F209010 書籍、文具零售業；F213050 度量衡器零售業；F215010 首飾及貴金屬零售業；F210010 鐘錶零售業；F210020 眼鏡零售業,臺北市,變更,11506
23768644,新達電腦股份有限公司,臺北市內湖區堤頂大道2段187號7樓,陳原森,117338280,,115/06/05,改選董事/監察人(一人法人股東指派董事/監察人),CC01030 電器及視聽電子產品製造業；CC01060 有線通信機械器材製造業；CC01070 無線通信機械器材製造業；CC01080 電子零組件製造業；CC01110 電腦及其週邊設備製造業；CC01990 其他電機及電子機械器材製造業；E601010 電器承裝業；E601020 電器安裝業；E603040 消防安全設備安裝工程業；E604010 機械安裝業,臺北市,變更,11506
23771394,重億企業股份有限公司,臺北市士林區文昌路132號1樓,郭順景,18000000,,115/06/25,特殊補正,F104110 布疋、衣著、鞋、帽、傘、服飾品批發業；F107030 清潔用品批發業；F107990 其他化學製品批發業；F113010 機械批發業；F199990 其他批發業；F204110 布疋、衣著、鞋、帽、傘、服飾品零售業；F207030 清潔用品零售業；F207990 其他化學製品零售業；F213080 機械器具零售業；F299990 其他零售業,臺北市,變更,11506
23771958,協航報關有限公司,臺北市中山區松江路42號8樓之11,王超南,5000000,,115/06/25,股東出資轉讓修正章程,,臺北市,變更,11506
23825309,都和企業股份有限公司,臺北市大安區忠孝東路4段166號5樓,李正都,136080000,,115/06/10,改選董事/監察人(一人法人股東指派董事/監察人),,臺北市,變更,11506
23827860,馥鴻建設股份有限公司,臺北市中山區南京東路3段65號7樓,王昭卿,377950000,,115/06/09,補選董事(常務董事.董事長)/監察人,F119010 電子材料批發業；F219010 電子材料零售業；CC01030 電器及視聽電子產品製造業；F213010 電器零售業；F113070 電信器材批發業；F213060 電信器材零售業；ZZ99999 除許可業務外，得經營法令非禁止或限制之業務；F111090 建材批發業；H701010 住宅及大樓開發租售業；H701020 工業廠房開發租售業,臺北市,變更,11506
23833096,博凱音樂用品股份有限公司,臺北市大安區羅斯福路3段37號8樓之1,王皓,53074430,,115/06/12,發行新股,F104020 成衣批發業。；F104030 鞋類批發業。；F104050 服飾品批發業。；F104100 帽類批發業。；ZZ99999 除許可業務外，得經營法令非禁止或限制之業務；JA02010 電器及電子產品修理業；JA02990 其他修理業；JE01010 租賃業；F104110 布疋、衣著、鞋、帽、傘、服飾品批發業；F109070 文教、樂器、育樂用品批發業,臺北市,變更,11506
23862471,禾進營造工程有限公司,臺北市內湖區新湖一路151號4樓,陳章隆,30000000,,115/06/29,補繳規費,,臺北市,變更,11506
23883052,中菱物業管理股份有限公司,臺北市大安區復興南路2段363號2樓,李昆武,45000000,,115/06/15,改選董事/監察人(一人法人股東指派董事/監察人),E603020 電梯安裝工程業。；E604010 機械安裝業。；E601010 電器承裝業；EZ05010 儀器、儀表安裝工程業。；F213010 電器零售業。；F213040 精密儀器零售業。；F213080 機械器具零售業。；F213100 污染防治設備零售業。；F217010 消防安全設備零售業。；F207030 清潔用品零售業。,臺北市,變更,11506
23895888,大晏資訊股份有限公司,臺北市大安區四維路86號2樓,馮芬美,3000000,,115/06/09,改選董事/監察人(一人法人股東指派董事/監察人),F104110 布疋、衣著、鞋、帽、傘、服飾品批發業。；F107190 塑膠膜、袋批發業。；F109070 文教、樂器、育樂用品批發業。；F118010 資訊軟體批發業。；F204110 布疋、衣著、鞋、帽、傘、服飾品零售業。；F206020 日常用品零售業。；F207190 塑膠膜、袋零售業。；F218010 資訊軟體零售業。；F399040 無店面零售業。；F401010 國際貿易業。,臺北市,變更,11506
23925807,明美科技股份有限公司,臺北市士林區德行西路33號3樓,謝志強,104889500,,115/06/04,董事/監察人持股變動報備,F113030 精密儀器批發業；CE01010 一般儀器製造業；I501010 產品設計業；IG01010 生物技術服務業；F108031 醫療器材批發業；F208031 醫療器材零售業；F207200 化學原料零售業；F207990 其他化學製品零售業；F119010 電子材料批發業；F219010 電子材料零售業,臺北市,變更,11506
23928945,安心食品服務股份有限公司,臺北市南港區經貿2路66號16樓之3,黃茂雄,323895000,,115/06/03,補繳規費,C102010 乳品製造業；C103050 罐頭、冷凍、脫水及醃漬食品製造業；C104020 烘焙炊蒸食品製造業；C109010 調味品製造業；C110010 飲料製造業；C199020 食用冰製造業；C199030 即食餐食製造業；F102170 食品什貨批發業；F105050 家具、寢具、廚房器具、裝設品批發業；F106020 日常用品批發業,臺北市,變更,11506
23929141,長華塑膠股份有限公司,臺北市松山區民權東路3段171號7樓,張尊賢,100000000,,115/06/09,特殊補正,,臺北市,變更,11506
23930512,台灣巴斯夫股份有限公司,臺北市中山區松江路106號10樓,黎博曼(Jens Liebermann),500000000,,115/06/11,一般補正案,EZ05010 儀器、儀表安裝工程業；F102180 酒精批發業；F107200 化學原料批發業；F107990 其他化學製品批發業；F113010 機械批發業；F203030 酒精零售業；F207200 化學原料零售業；F207990 其他化學製品零售業；F213040 精密儀器零售業；F401010 國際貿易業,臺北市,變更,11506
23980884,上準工程有限公司,臺北市中山區建國北路2段88號8樓,凃煌秋,50000000,,115/06/15,特殊補正,E602011 冷凍空調工程業；H703100 不動產租賃業；E501011 自來水管承裝商；E599010 配管工程業；E601010 電器承裝業；E601020 電器安裝業；F113020 電器批發業；F401010 國際貿易業；IG03010 能源技術服務業；E603040 消防安全設備安裝工程業,臺北市,變更,11506
23984170,欣霖工程顧問股份有限公司,臺北市中山區長春路172號8樓之7,董海龍,22500000,,115/06/29,特殊補正,E201010 景觀工程業；E301010 水處理工程業；E302010 廢棄物清理設備安裝工程業,臺北市,變更,11506
23997652,汎宇電商股份有限公司,臺北市南港區南港路三段50巷7號4樓,許靜華,500000000,,115/06/26,改選董事/監察人(一人法人股東指派董事/監察人),I301010 資訊軟體服務業；I301020 資料處理服務業；I301030 電子資訊供應服務業；CC01080 電子零組件製造業；E605010 電腦設備安裝業；CC01110 電腦及其週邊設備製造業；F118010 資訊軟體批發業；F218010 資訊軟體零售業；F401010 國際貿易業；F119010 電子材料批發業,臺北市,變更,11506
24237928,台灣東榮欣業有限公司,臺北市信義區忠孝東路4段563號17樓,趙千誼,1100000,,115/06/26,特殊補正,CA01050 鋼材二次加工業；CA02060 金屬容器製造業；CA02990 其他金屬製品製造業；CB01010 機械設備製造業；CC01010 發電、輸電、配電機械製造業；CC01030 電器及視聽電子產品製造業；CC01080 電子零組件製造業；CQ01010 模具製造業；E603050 自動控制設備工程業；E604010 機械安裝業,臺北市,變更,11506
24291669,康聯生醫科技股份有限公司,臺北市中正區忠孝東路1段54號5樓,黃英士,453501330,,115/06/10,改選董事/監察人(一人法人股東指派董事/監察人),C802100 化粧品製造業；C802110 化粧品色素製造業；E605010 電腦設備安裝業；F102170 食品什貨批發業；F106020 日常用品批發業；F108040 化粧品批發業；F199990 其他批發業；F203010 食品什貨、飲料零售業；F206020 日常用品零售業；F208040 化粧品零售業,臺北市,變更,11506
24300479,良鑫開發建設股份有限公司,臺北市文山區興隆路4段128號1樓,沈榮琪,29500000,,115/06/23,特殊補正,E401010 疏濬業；E402010 沙石、淤泥海拋業；E801010 室內裝潢業；F501060 餐館業；H701010 住宅及大樓開發租售業；H701020 工業廠房開發租售業；H701060 新市鎮、新社區開發業；H701070 區段徵收及市地重劃代辦業；H701080 都市更新重建業；H703090 不動產買賣業,臺北市,變更,11506
24301224,天睿國際室內裝修設計有限公司,臺北市松山區復興北路57號2樓之1,劉貴美,13500000,,115/06/05,公司所在地,E801010 室內裝潢業；E801020 門窗安裝工程業；E801030 室內輕鋼架工程業；E801040 玻璃安裝工程業；E801061 室內裝修業；E801070 廚具、衛浴設備安裝工程業；E901010 油漆工程業；F105050 家具、寢具、廚房器具、裝設品批發業；F111090 建材批發業；F205040 家具、寢具、廚房器具、裝設品零售業,臺北市,變更,11506
24304117,台灣智能機器人科技股份有限公司,臺北市內湖區瑞光路335號9樓,黃國聰,150740460,,115/06/30,額定資本額增加變更章程,CB01010 機械設備製造業；CC01010 發電、輸電、配電機械製造業；CC01030 電器及視聽電子產品製造業；CC01060 有線通信機械器材製造業；CC01080 電子零組件製造業；CC01090 電池製造業；CC01110 電腦及其週邊設備製造業；CC01120 資料儲存媒體製造及複製業；CE01010 一般儀器製造業；CH01040 玩具製造業,臺北市,變更,11506
24306353,皮克朱投資股份有限公司,臺北市南港區興中路68巷14號,黃碧華,15000200,,115/06/04,特殊補正,H201010 一般投資業,臺北市,變更,11506
24307352,科達投資有限公司,臺北市士林區忠誠路1段186號3樓,林煒禎,11000000,,115/06/08,董事/股東更名,H201010 一般投資業,臺北市,變更,11506
24309318,翊鼎汽車有限公司,臺北市中正區羅斯福路1段25號6樓,林明翰,250000,,115/06/25,公司所在地,ZZ99999 除許可業務外，得經營法令非禁止或限制之業務；JA01010 汽車修理業；JA01040 液化石油氣車改裝業,臺北市,變更,11506
24310574,三商美邦保險代理人股份有限公司,臺北市信義區信義路5段150巷2號12樓之8,陳翔中,10000000,,115/06/22,特殊補正,H601021 財產保險代理人,臺北市,變更,11506
24310737,臺灣樂金生活健康股份有限公司,臺北市信義區基隆路1段159號9樓,翟守信,95497000,,115/06/29,修正章程,F102040 飲料批發業；F102050 茶葉批發業；F102170 食品什貨批發業；F104110 布疋、衣著、鞋、帽、傘、服飾品批發業；F106020 日常用品批發業；F107030 清潔用品批發業；F107190 塑膠膜、袋批發業；F107200 化學原料批發業；F107990 其他化學製品批發業；F108040 化粧品批發業,臺北市,變更,11506
24311948,昱永泰有限公司,臺北市中正區羅斯福路3段100號1樓之13,楊淑弘,300000,,115/06/05,特殊補正,F401010 國際貿易業；F104110 布疋、衣著、鞋、帽、傘、服飾品批發業；F204110 布疋、衣著、鞋、帽、傘、服飾品零售業；F215010 首飾及貴金屬零售業；F115010 首飾及貴金屬批發業；ZZ99999 除許可業務外，得經營法令非禁止或限制之業務,臺北市,變更,11506
24312881,美捷國際有限公司,臺北市中正區衡陽路51號11樓之1,Stephen Paul Ewald,250000,,115/06/08,特殊補正,F108021 西藥批發業；F108031 醫療器材批發業；F208021 西藥零售業；F208031 醫療器材零售業；ZZ99999 除許可業務外，得經營法令非禁止或限制之業務,臺北市,變更,11506
24320279,碩泰網通股份有限公司,臺北市內湖區瑞光路76巷49號4樓,許承強,61700000,,115/06/26,改選董事/監察人(一人法人股東指派董事/監察人),F109070 文教、樂器、育樂用品批發業；F113010 機械批發業；F113020 電器批發業；F113030 精密儀器批發業；F113050 電腦及事務性機器設備批發業；F113070 電信器材批發業；F118010 資訊軟體批發業；F119010 電子材料批發業；F213010 電器零售業；F213030 電腦及事務性機器設備零售業,臺北市,變更,11506
24321093,大璽國際顧問股份有限公司,臺北市中正區羅斯福路3段166號3樓,杜曦,21100000,,115/06/04,改選董事/監察人(一人法人股東指派董事/監察人),F113050 電腦及事務性機器設備批發業；F118010 資訊軟體批發業；I103060 管理顧問業；I301010 資訊軟體服務業；I301020 資料處理服務業；I301030 電子資訊供應服務業；I401010 一般廣告服務業；J202010 產業育成業；JA05010 留、遊學服務業；JZ99990 未分類其他服務業,臺北市,變更,11506
24322327,台灣兄弟國際行銷股份有限公司,臺北市中山區松江路169號8樓,森田繁,150000000,,115/06/12,改選董事/監察人(一人法人股東指派董事/監察人),F113050 電腦及事務性機器設備批發業；F213030 電腦及事務性機器設備零售業；F113010 機械批發業；F213080 機械器具零售業；F113020 電器批發業；F213010 電器零售業；F401010 國際貿易業；I101110 紡織顧問業；I103060 管理顧問業；F401021 電信管制射頻器材輸入業,臺北市,變更,11506
24322797,易德食食品有限公司,臺北市大安區辛亥路1段46號1樓,邱岱玉,15000000,,115/06/10,特殊補正,F501030 飲料店業；F501060 餐館業；F401010 國際貿易業；C103050 罐頭、冷凍、脫水及醃漬食品製造業；C104020 烘焙炊蒸食品製造業；C199030 即食餐食製造業；F102170 食品什貨批發業；F203010 食品什貨、飲料零售業；ZZ99999 除許可業務外，得經營法令非禁止或限制之業務,臺北市,變更,11506
24326626,皇家聯合國際股份有限公司,臺北市大安區仁愛路4段107號7樓,陳安莉,21000000,,115/06/26,特殊補正,E603090 照明設備安裝工程業；E801010 室內裝潢業；F102030 菸酒批發業；F399990 其他綜合零售業；F401010 國際貿易業；H703090 不動產買賣業；H703100 不動產租賃業；I102010 投資顧問業；I103060 管理顧問業；ZZ99999 除許可業務外，得經營法令非禁止或限制之業務,臺北市,變更,11506
24327189,帝圖科技文化股份有限公司,臺北市大安區仁愛路3段136號3樓,劉熙海,310900630,,115/06/25,改選董事/監察人(一人法人股東指派董事/監察人),F118010 資訊軟體批發業；F218010 資訊軟體零售業；F399040 無店面零售業；F401010 國際貿易業；F601010 智慧財產權業；I102010 投資顧問業；I105010 藝術品諮詢顧問業；I301010 資訊軟體服務業；I301020 資料處理服務業；I301030 電子資訊供應服務業,臺北市,變更,11506
24328413,新一村建設開發有限公司,臺北市信義區虎林街118號2樓,林原春,15000000,,115/06/23,股東出資轉讓修正章程,E801010 室內裝潢業；E801020 門窗安裝工程業；E801030 室內輕鋼架工程業；E801040 玻璃安裝工程業；E801070 廚具、衛浴設備安裝工程業；E901010 油漆工程業；E903010 防蝕、防銹工程業；F105050 家具、寢具、廚房器具、裝設品批發業；F106010 五金批發業；F109070 文教、樂器、育樂用品批發業,臺北市,變更,11506
24329497,易積生活科技股份有限公司,臺北市信義區基隆路1段133號11樓之16,劉俊鑫,31920000,,115/06/03,董事/監察人持股變動報備,ZZ99999 除許可業務外，得經營法令非禁止或限制之業務,臺北市,變更,11506
24330754,海灣動力股份有限公司,臺北市中山區南京東路2段124號9樓,林彥廷,10000000,,115/06/10,公司外文名稱變更修正章程,CB01010 機械設備製造業；CB01990 其他機械製造業；CC01010 發電、輸電、配電機械製造業；CC01090 電池製造業；CC01120 資料儲存媒體製造及複製業；CD01990 其他運輸工具及其零件製造業；D101060 再生能源自用發電設備業；E603050 自動控制設備工程業；F113990 其他機械器具批發業；F401010 國際貿易業,臺北市,變更,11506
24331206,汐鎏制作室內裝修有限公司,臺北市信義區信義路4段415號14樓之2,張凱翔,1000000,,115/06/23,特殊補正,E801010 室內裝潢業；I502010 服飾設計業；I501010 產品設計業；I599990 其他設計業；J601010 藝文服務業；J602010 演藝活動業；I401010 一般廣告服務業；EZ99990 其他工程業；F111090 建材批發業；F211010 建材零售業,臺北市,變更,11506
24334344,振皓車業有限公司,臺北市文山區景興路42巷4弄10號1樓,林駿傑,500000,,115/06/23,特殊補正,F114030 汽、機車零件配備批發業；F214030 汽、機車零件配備零售業；F114050 車胎批發業；F214050 車胎零售業；F214010 汽車零售業；JA01010 汽車修理業；JA01990 其他汽車服務業；ZZ99999 除許可業務外，得經營法令非禁止或限制之業務,臺北市,變更,11506
24336531,彥宏精密科技有限公司,臺北市南港區八德路4段877號2樓,林樹民,5000000,,115/06/04,特殊補正,F113010 機械批發業；F113030 精密儀器批發業；F113050 電腦及事務性機器設備批發業；F119010 電子材料批發業；F399040 無店面零售業；CC01080 電子零組件製造業；CC01110 電腦及其週邊設備製造業；F401010 國際貿易業；I501010 產品設計業；F106010 五金批發業,臺北市,變更,11506
24336960,金鑽國際有限公司,臺北市中正區許昌街42號8樓,劉貴美,4416000,,115/06/29,特殊補正,F101990 其他農、畜、水產品批發業；F102020 食用油脂批發業；F102040 飲料批發業；F102050 茶葉批發業；F105050 家具、寢具、廚房器具、裝設品批發業；F106020 日常用品批發業；F201020 畜產品零售業；F201030 水產品零售業；F201990 其他農畜水產品零售業；F203010 食品什貨、飲料零售業,臺北市,變更,11506
24339045,愛樂門國際娛樂有限公司,臺北市中山區松江路32之1號8樓,王世平,3000000,,115/06/01,特殊補正,I401010 一般廣告服務業；I501010 產品設計業；I301030 電子資訊供應服務業；I301020 資料處理服務業；F401010 國際貿易業；I103060 管理顧問業；I301010 資訊軟體服務業；J202010 產業育成業；J304010 圖書出版業；J305010 有聲出版業,臺北市,變更,11506
24339657,帆翔影視傳播有限公司,臺北市松山區八德路4段602號1樓之5,黃祺棋,5000000,,115/06/11,公司所在地,J503020 電視節目製作業；J503030 廣播電視節目發行業；J503040 廣播電視廣告業；I401010 一般廣告服務業；J601010 藝文服務業；J602010 演藝活動業；JB01010 會議及展覽服務業；J603010 音樂展演空間業；JZ99030 攝影業；F401010 國際貿易業,臺北市,變更,11506
24342436,群尚彩藝玻璃有限公司,臺北市中山區長春路172號10樓之7,李一尚,7000000,,115/06/11,特殊補正,F106050 陶瓷玻璃器皿批發業；F205040 家具、寢具、廚房器具、裝設品零售業；F206010 五金零售業；F206020 日常用品零售業；E801040 玻璃安裝工程業；I501010 產品設計業；I503010 景觀、室內設計業；F401010 國際貿易業；ZZ99999 除許可業務外，得經營法令非禁止或限制之業務,臺北市,變更,11506
24347191,力馬國際旅行社有限公司,臺北市中正區鎮江街7之2號1樓,陳政揚,6000000,,115/06/04,特殊補正,J902011 旅行業,臺北市,變更,11506
24347235,軒郁國際股份有限公司,臺北市松山區民生東路三段109號5樓,胡蕙郁,329838270,,115/06/11,修正章程,F102170 食品什貨批發業；F104110 布疋、衣著、鞋、帽、傘、服飾品批發業；F105050 家具、寢具、廚房器具、裝設品批發業；F106010 五金批發業；F106020 日常用品批發業；F108031 醫療器材批發業；F108040 化粧品批發業；F110010 鐘錶批發業；F110020 眼鏡批發業；F201990 其他農畜水產品零售業,臺北市,變更,11506
24348234,亞太建材實業有限公司,臺北市大同區延平北路1段104號5樓,吳文華,10000000,,115/06/10,特殊補正,F111090 建材批發業；F401010 國際貿易業；IZ06010 理貨包裝業；J101030 廢棄物清除業；J101040 廢棄物處理業；F211010 建材零售業；ZZ99999 除許可業務外，得經營法令非禁止或限制之業務；C901030 水泥製造業；C901040 預拌混凝土製造業；C901050 水泥及混凝土製品製造業,臺北市,變更,11506
24348500,萬華龍國際實業股份有限公司,臺北市松山區光復南路1號5樓之2,陳明嘉,32900000,,115/06/05,修正章程,H701040 特定專業區開發業；H701050 投資興建公共建設業；H701060 新市鎮、新社區開發業；H701080 都市更新重建業；H703090 不動產買賣業；H703100 不動產租賃業；H703110 老人住宅業；I102010 投資顧問業；I103060 管理顧問業；JE01010 租賃業,臺北市,變更,11506
24378270,康見國際股份有限公司,臺北市大安區復興南路1段200號12樓,吳俊毅,120000000,,115/06/04,改派董事/監察人,F208050 乙類成藥零售業；F213990 其他機械器具零售業；F108040 化粧品批發業；F208040 化粧品零售業；F207080 環境用藥零售業；IC01010 藥品檢驗業；IG01010 生物技術服務業；IG02010 研究發展服務業；J303010 雜誌（期刊）出版業；J304010 圖書出版業,臺北市,變更,11506
24413473,利方國際有限公司,臺北市中山區長春路380號5樓,黃再新,9000000,,115/06/29,股東出資轉讓修正章程,G601011 航空貨運承攬業；G701011 報關業；G501020 民用航空總代理業；F401010 國際貿易業；IZ06010 理貨包裝業；ZZ99999 除許可業務外，得經營法令非禁止或限制之業務；G402011 海運承攬運送業；I301040 第三方支付服務業,臺北市,變更,11506
24451172,馮馬國際企業有限公司,臺北市大安區敦化南路2段265巷13號,石村竜勳,500000,,115/06/18,經理人變更,F203010 食品什貨、飲料零售業；F203020 菸酒零售業；F401010 國際貿易業；F501060 餐館業；ZZ99999 除許可業務外，得經營法令非禁止或限制之業務,臺北市,變更,11506
24451573,東申首選國際有限公司,臺北市中正區重慶南路1段61號8樓,李佑寧,2000000,,115/06/12,股東出資轉讓修正章程,F115010 首飾及貴金屬批發業；F115020 礦石批發業；F401010 國際貿易業；F102170 食品什貨批發業；F203010 食品什貨、飲料零售業；F399040 無店面零售業；I103060 管理顧問業；JZ99030 攝影業；I501010 產品設計業；ZZ99999 除許可業務外，得經營法令非禁止或限制之業務,臺北市,變更,11506
24452051,皓展資訊股份有限公司,臺北市松山區復興北路1號3樓之4,杜東勝,27000000,,115/06/11,額定資本額增加變更章程,E605010 電腦設備安裝業；F113050 電腦及事務性機器設備批發業；F118010 資訊軟體批發業；F119010 電子材料批發業；F213010 電器零售業；F213030 電腦及事務性機器設備零售業；F218010 資訊軟體零售業；F219010 電子材料零售業；F399040 無店面零售業；F401010 國際貿易業,臺北市,變更,11506
24452778,兆峰開發建設股份有限公司,臺北市大安區信義路2段44巷9號1樓,鄧世山,50000000,,115/06/22,補選董事(常務董事.董事長)/監察人,H701010 住宅及大樓開發租售業；H701020 工業廠房開發租售業；H701040 特定專業區開發業；H701050 投資興建公共建設業；H701060 新市鎮、新社區開發業；H703090 不動產買賣業；H703100 不動產租賃業；G202010 停車場經營業；E801010 室內裝潢業；E801030 室內輕鋼架工程業,臺北市,變更,11506
24456367,金莎世紀有限公司,臺北市士林區大南路285巷9弄7號2樓,蔡一興,3000000,,115/06/05,特殊補正,F113050 電腦及事務性機器設備批發業；F102030 菸酒批發業；F401010 國際貿易業；ZZ99999 除許可業務外，得經營法令非禁止或限制之業務,臺北市,變更,11506
24456459,瑄穎股份有限公司,臺北市松山區復興北路369號9樓之1,王嘉玲,18000000,,115/06/02,特殊補正,F199990 其他批發業；F299990 其他零售業；F401010 國際貿易業；ZZ99999 除許可業務外，得經營法令非禁止或限制之業務,臺北市,變更,11506
24463796,禾創國際股份有限公司,臺北市松山區敦化北路102號11樓,楊宗,35000000,,115/06/17,特殊補正,JB01010 會議及展覽服務業；JZ99030 攝影業；J601010 藝文服務業；I105010 藝術品諮詢顧問業；I199990 其他顧問服務業；I301010 資訊軟體服務業；I301030 電子資訊供應服務業；I401010 一般廣告服務業；I401020 廣告傳單分送業；I501010 產品設計業,臺北市,變更,11506
24465577,圓圓創作股份有限公司,臺北市大安區忠孝東路4段169號11樓之1,郭曉雯,4000000,,115/06/11,特殊補正,J503011 廣播節目製作業；J503021 電視節目製作業；J503031 廣播電視節目發行業；J503041 廣播電視廣告業；ZZ99999 除許可業務外，得經營法令非禁止或限制之業務,臺北市,變更,11506
24467049,紘宇國際有限公司,臺北市大同區重慶北路1段51號,鍾宇軒,500000,,115/06/09,改推董事/董事長,F114030 汽、機車零件配備批發業；F214030 汽、機車零件配備零售業；F106010 五金批發業；F206010 五金零售業；F104110 布疋、衣著、鞋、帽、傘、服飾品批發業；F204110 布疋、衣著、鞋、帽、傘、服飾品零售業；F113010 機械批發業；F213080 機械器具零售業；F113020 電器批發業；F213010 電器零售業,臺北市,變更,11506
24467462,無限大網路整合行銷有限公司,臺北市大安區敦化南路2段76號21樓,劉茗銓,3000000,,115/06/25,公司所在地,F109070 文教、樂器、育樂用品批發業；F113050 電腦及事務性機器設備批發業；F118010 資訊軟體批發業；F209060 文教、樂器、育樂用品零售業；F213030 電腦及事務性機器設備零售業；F218010 資訊軟體零售業；F399040 無店面零售業；F401010 國際貿易業；F601010 智慧財產權業；I103060 管理顧問業,臺北市,變更,11506
24470038,潤昌實業股份有限公司,臺北市中山區民權東路1段64號1樓,林致宇,10000000,,115/06/29,改選董事/監察人(一人法人股東指派董事/監察人),E599010 配管工程業；E601020 電器安裝業；E603040 消防安全設備安裝工程業；E603090 照明設備安裝工程業；E603100 電焊工程業；E603110 冷作工程業；E603120 噴砂工程業；E605010 電腦設備安裝業；E801010 室內裝潢業；E801020 門窗安裝工程業,臺北市,變更,11506
24470950,順昶先進科技股份有限公司,臺北市內湖區基湖路37號12樓,吳亦圭,200001000,,115/06/04,公司所營事業變更修正章程,A101011 種苗業；C103050 罐頭、冷凍、脫水及醃漬食品製造業；C805010 塑膠皮、布、板、管材製造業；C805020 塑膠膜、袋製造業；C805050 工業用塑膠製品製造業；C805060 塑膠皮製品製造業；C805990 其他塑膠製品製造業；CB01010 機械設備製造業；F101081 種苗批發業；F101130 蔬果批發業,臺北市,變更,11506
24471705,荷夏有限公司,臺北市士林區文林路404巷9號1樓,陳沛恩,200000,,115/06/09,董事/股東更名,F104110 布疋、衣著、鞋、帽、傘、服飾品批發業；F105050 家具、寢具、廚房器具、裝設品批發業；F109070 文教、樂器、育樂用品批發業；F204110 布疋、衣著、鞋、帽、傘、服飾品零售業；F205040 家具、寢具、廚房器具、裝設品零售業；F209060 文教、樂器、育樂用品零售業；F399040 無店面零售業；F401010 國際貿易業；ZZ99999 除許可業務外，得經營法令非禁止或限制之業務,臺北市,變更,11506
24472275,台灣塞爾克斯應用生技有限公司,臺北市內湖區瑞光路631號4樓及633號4樓,Christopher Wayne Hagen,18771100,,115/06/08,特殊補正,IG01010 生物技術服務業；F108031 醫療器材批發業；F208031 醫療器材零售業；ZZ99999 除許可業務外，得經營法令非禁止或限制之業務,臺北市,變更,11506
24475527,晴麗得國際有限公司,臺北市中山區中山北路3段27號4樓之5,何文麗,2000000,,115/06/23,特殊補正,F102170 食品什貨批發業；F104110 布疋、衣著、鞋、帽、傘、服飾品批發業；F105050 家具、寢具、廚房器具、裝設品批發業；F106020 日常用品批發業；F106050 陶瓷玻璃器皿批發業；F107030 清潔用品批發業；F108040 化粧品批發業；F109070 文教、樂器、育樂用品批發業；F114030 汽、機車零件配備批發業；F115010 首飾及貴金屬批發業,臺北市,變更,11506
24475934,江鈞科技有限公司,臺北市大安區忠孝東路4段71之5號6樓,張振煌,1500000,,115/06/10,公司所在地,CB01020 事務機器製造業；CC01060 有線通信機械器材製造業；CC01070 無線通信機械器材製造業；CC01080 電子零組件製造業；CC01110 電腦及其週邊設備製造業；E603050 自動控制設備工程業；E701030 電信管制射頻器材裝設工程業；F106030 模具批發業；F113050 電腦及事務性機器設備批發業；F113070 電信器材批發業,臺北市,變更,11506
24477659,鈺富國際有限公司,臺北市大同區重慶北路2段72號3樓,吳琴娜,3000000,,115/06/01,公司所在地,F401010 國際貿易業；ZZ99999 除許可業務外，得經營法令非禁止或限制之業務,臺北市,變更,11506
24479191,依仕曼有限公司,臺北市中山區錦州街146號1樓,許韶容,1000000,,115/06/25,特殊補正,F108040 化粧品批發業；F199990 其他批發業；F208040 化粧品零售業；F401010 國際貿易業；I199990 其他顧問服務業；JZ99080 美容美髮服務業；ZZ99999 除許可業務外，得經營法令非禁止或限制之業務,臺北市,變更,11506
24481247,印世界有限公司,臺北市中山區松江路204巷2之1號4樓,王雅芬,500000,,115/06/09,經理人變更,F203010 食品什貨、飲料零售業；F203020 菸酒零售業；F399990 其他綜合零售業；F401010 國際貿易業；IZ99990 其他工商服務業；ZZ99999 除許可業務外，得經營法令非禁止或限制之業務,臺北市,變更,11506
24482034,台北數位廣告股份有限公司,臺北市南港區三重路19之6號7樓,藍信彰,25000000,,115/06/22,特殊補正,CC01080 電子零組件製造業；F119010 電子材料批發業；F219010 電子材料零售業；F401010 國際貿易業；I102010 投資顧問業；I103060 管理顧問業；I301010 資訊軟體服務業；I301020 資料處理服務業；I301030 電子資訊供應服務業；I401010 一般廣告服務業,臺北市,變更,11506
24483786,大羅屋有限公司,臺北市大安區羅斯福路2段81巷1號,張孟權律師,28000000,,115/06/08,特殊補正,H701010 住宅及大樓開發租售業；H701020 工業廠房開發租售業；H701050 投資興建公共建設業；H701060 新市鎮、新社區開發業；H701090 都市更新整建維護業；H702010 建築經理業；H703090 不動產買賣業；H703100 不動產租賃業；F401010 國際貿易業；I103060 管理顧問業,臺北市,變更,11506
24486209,亞勤科技股份有限公司,臺北市南港區三重路19之2號11樓,黃俞淵,55000000,,115/06/12,董事/監察人持股變動報備,F102170 食品什貨批發業；F109070 文教、樂器、育樂用品批發業；F113050 電腦及事務性機器設備批發業；F118010 資訊軟體批發業；F201070 花卉零售業；F203010 食品什貨、飲料零售業；F204110 布疋、衣著、鞋、帽、傘、服飾品零售業；F205040 家具、寢具、廚房器具、裝設品零售業；F208050 乙類成藥零售業；F209060 文教、樂器、育樂用品零售業,臺北市,變更,11506
24488585,湛天創新科技股份有限公司,臺北市大安區羅斯福路3段37號13樓,蔡競賢,87000000,,115/06/04,特殊補正,I301010 資訊軟體服務業；I301020 資料處理服務業；I301030 電子資訊供應服務業；I401010 一般廣告服務業；J303010 雜誌（期刊）出版業；J304010 圖書出版業；J305010 有聲出版業；J399010 軟體出版業；J399990 其他出版業；F399040 無店面零售業,臺北市,變更,11506
24491483,查理布朗有限公司,臺北市松山區民生東路4段126號1樓,侯元仁,5000000,,115/06/11,公司所營事業變更修正章程,F203010 食品什貨、飲料零售業；F102170 食品什貨批發業；F399990 其他綜合零售業；F401010 國際貿易業；F501060 餐館業；ZZ99999 除許可業務外，得經營法令非禁止或限制之業務,臺北市,變更,11506
24493139,綠環境科技有限公司,臺北市中山區民生東路2段176號7樓,施泙如,158300000,,115/06/12,改推董事/董事長,J101030 廢棄物清除業；J101040 廢棄物處理業；J101080 廢棄物資源回收業；J101090 廢棄物清理業；F401010 國際貿易業；H703100 不動產租賃業；F107200 化學原料批發業；F207200 化學原料零售業；F199010 回收物料批發業；F299990 其他零售業,臺北市,變更,11506
24493200,珍酩股份有限公司,臺北市松山區民生東路5段124之1號,何宣瑩,1000000,,115/06/24,特殊補正,F401010 國際貿易業；F401171 酒類輸入業；F102020 食用油脂批發業；F102030 菸酒批發業；F102040 飲料批發業；F102050 茶葉批發業；F102170 食品什貨批發業；F105050 家具、寢具、廚房器具、裝設品批發業；F199990 其他批發業；F203010 食品什貨、飲料零售業,臺北市,變更,11506
24494284,台灣三洋化成股份有限公司,臺北市中山區中山北路2段129號8樓之2,辻井良成,10000000,,115/06/05,改選董事/監察人(一人法人股東指派董事/監察人),F107010 漆料、塗料批發業；F107020 染料、顏料批發業；F107030 清潔用品批發業；F107060 毒性化學物質批發業；F107080 環境用藥批發業；F107170 工業助劑批發業；F107190 塑膠膜、袋批發業；F107200 化學原料批發業；F107990 其他化學製品批發業；F108040 化粧品批發業,臺北市,變更,11506
24495045,鴻伸投資股份有限公司,臺北市內湖區堤頂大道2段501號4樓,榮周淑霞,18300000,,115/06/24,特殊補正,H201010 一般投資業；F401010 國際貿易業；I199990 其他顧問服務業；H703100 不動產租賃業；ZZ99999 除許可業務外，得經營法令非禁止或限制之業務,臺北市,變更,11506
24495925,中詮開發管理顧問股份有限公司,臺北市中正區杭州南路1段23號7樓之2,廖紹普,10000000,,115/06/29,申登機關變更（遷入，含卷）,E801010 室內裝潢業；EZ07010 鑽孔工程業；EZ14010 運動場地用設備工程業；F111090 建材批發業；H701010 住宅及大樓開發租售業；H701020 工業廠房開發租售業；H701050 投資興建公共建設業；H701060 新市鎮、新社區開發業；H701070 區段徵收及市地重劃代辦業；I102010 一般投資顧問業,臺北市,變更,11506
24497254,威潤科技股份有限公司,臺北市內湖區潭美街539號6樓,吳佳蓉,470736850,,115/06/12,額定資本額增加變更章程,F113010 機械批發業；F113050 電腦及事務性機器設備批發業；F113070 電信器材批發業；F118010 資訊軟體批發業；F119010 電子材料批發業；F213030 電腦及事務性機器設備零售業；F213040 精密儀器零售業；F213060 電信器材零售業；F218010 資訊軟體零售業；F219010 電子材料零售業,臺北市,變更,11506
24534814,綠生活能源科技股份有限公司,臺北市文山區羅斯福路5段17號,鍾勤娣,10000000,,115/06/29,特殊補正,F102020 食用油脂批發業；F102170 食品什貨批發業；F401010 國際貿易業；IG03010 能源技術服務業；E603110 冷作工程業；F113020 電器批發業；F107010 漆料、塗料批發業；E601010 電器承裝業；E603050 自動控制設備工程業；E604010 機械安裝業,臺北市,變更,11506
24535948,合富環球投資有限公司,臺北市信義區基隆路1段420號2樓之3,林砡妃,28000000,,115/06/03,改推董事/董事長,H201010 一般投資業；ZZ99999 除許可業務外，得經營法令非禁止或限制之業務,臺北市,變更,11506
24536735,天美藥業股份有限公司,臺北市大安區信義路3段178號12樓,翁紹評,5000000,,115/06/25,特殊補正,F102170 食品什貨批發業；F108031 醫療器材批發業；F108040 化粧品批發業；F109070 文教、樂器、育樂用品批發業；F113020 電器批發業；F118010 資訊軟體批發業；F203010 食品什貨、飲料零售業；F208031 醫療器材零售業；F208040 化粧品零售業；F208050 乙類成藥零售業,臺北市,變更,11506
24536806,五倍紅寶石股份有限公司,臺北市中正區襄陽路6號6樓,鄧慕凡,5656760,,115/06/16,特殊補正,F113050 電腦及事務性機器設備批發業；F118010 資訊軟體批發業；F213030 電腦及事務性機器設備零售業；F218010 資訊軟體零售業；F401010 國際貿易業；I103060 管理顧問業；I199990 其他顧問服務業；I301010 資訊軟體服務業；I301020 資料處理服務業；I301030 電子資訊供應服務業,臺北市,變更,11506
24537468,安威旅行社有限公司,臺北市中山區中山北路3段26號4樓,李大文,6000000,,115/06/18,特殊補正,J902011 旅行業,臺北市,變更,11506
24537734,時間證券投資顧問股份有限公司,臺北市大安區仁愛路4段109號13樓,曾俊傑,200000000,,115/06/25,董事(常務董事.董事長)/監察人解任,H304011 證券投資顧問業,臺北市,變更,11506
24541110,萃綠股份有限公司,臺北市大安區敦化南路1段205號2樓之8,孫一正,5000000,,115/06/04,補繳規費,F401010 國際貿易業；F601010 智慧財產權業；H201010 一般投資業；H701020 工業廠房開發租售業；H701060 新市鎮、新社區開發業；H703090 不動產買賣業；H703100 不動產租賃業；HZ02010 金融機構金錢債權收買業務；HZ02020 辦理金融機構金錢債權之評價或拍賣業務；HZ99990 其他金融、保險及不動產業,臺北市,變更,11506
24545707,樂宇宙科技股份有限公司,臺北市中山區南京東路3段91號6樓之2,吳崟睿,25607850,,115/06/12,特殊補正,F399040 無店面零售業；F501060 餐館業；I102010 投資顧問業；I103060 管理顧問業；I301010 資訊軟體服務業；I301030 電子資訊供應服務業；I401010 一般廣告服務業；JZ99050 仲介服務業；ZZ99999 除許可業務外，得經營法令非禁止或限制之業務；CC01120 資料儲存媒體製造及複製業,臺北市,變更,11506
24545729,凱德資本股份有限公司,臺北市大安區忠孝東路4段169號11樓之4,邱翊雲,30300000,,115/06/26,特殊補正,H201010 一般投資業；H202010 創業投資業,臺北市,變更,11506
24546564,宗杰食品有限公司,臺北市松山區光復北路30號1樓,蔡宗杰,3000000,,115/06/18,特殊補正,F102170 食品什貨批發業；F203010 食品什貨、飲料零售業；F399040 無店面零售業；F401010 國際貿易業；ZZ99999 除許可業務外，得經營法令非禁止或限制之業務；F501060 餐館業,臺北市,變更,11506
24546635,喆揚農技股份有限公司,臺北市南港區經貿一路170號11樓之6,侯嘉騏,2500000,,115/06/09,改派董事/監察人,A102080 園藝服務業；A201010 造林業；A201030 特殊林木經營業；A201040 森林遊樂區經營業；A202010 野生物採取業；A202020 薪炭業；A202040 伐木業；F501030 飲料店業；F501050 飲酒店業；F501060 餐館業,臺北市,變更,11506
24547536,郁台投資有限公司,臺北市大安區建國南路2段73號5樓,簡郁人,2000000,,115/06/17,股東出資轉讓修正章程,H201010 一般投資業；H701010 住宅及大樓開發租售業；H701020 工業廠房開發租售業；H703090 不動產買賣業；H703100 不動產租賃業；ZZ99999 除許可業務外，得經營法令非禁止或限制之業務,臺北市,變更,11506
24548079,台灣科慕股份有限公司,臺北市松山區敦化北路167號7樓,Premal Subhash Shah,300000000,,115/06/23,改派董事/監察人,C801010 基本化學工業；C801990 其他化學材料製造業；C901040 預拌混凝土製造業；C901050 水泥及混凝土製品製造業；C901990 其他非金屬礦物製品製造業；F107010 漆料、塗料批發業；F107200 化學原料批發業；F401010 國際貿易業；F601010 智慧財產權業；I101080 工、礦顧問業,臺北市,變更,11506
24548161,亮華有限公司,臺北市內湖區瑞光路192號7樓之1,吳婉婷,100000000,,115/06/11,補繳規費,F113020 電器批發業；F113030 精密儀器批發業；F113050 電腦及事務性機器設備批發業；F114010 汽車批發業；F114030 汽、機車零件配備批發業；F118010 資訊軟體批發業；F213010 電器零售業；F213030 電腦及事務性機器設備零售業；F214010 汽車零售業；F214030 汽、機車零件配備零售業,臺北市,變更,11506
24549507,睿驊國際股份有限公司,臺北市萬華區桂林路100號1樓,謝恩芯,13000000,,115/06/18,改選董事/監察人(一人法人股東指派董事/監察人),H701010 住宅及大樓開發租售業；H701020 工業廠房開發租售業；H701050 投資興建公共建設業；H701060 新市鎮、新社區開發業；H701070 區段徵收及市地重劃代辦業；H703090 不動產買賣業；H703100 不動產租賃業；H703110 老人住宅業；E599010 配管工程業；E601010 電器承裝業,臺北市,變更,11506
24549838,加量工業有限公司,臺北市大安區辛亥路2段167號13樓,賀安生,1000000,,115/06/22,特殊補正,F114030 汽、機車零件配備批發業；F214030 汽、機車零件配備零售業；F401010 國際貿易業,臺北市,變更,11506
24550969,洋田科技有限公司,臺北市中正區延平南路46號3樓,林詠翔,6500000,,115/06/22,負責人印鑑變更,F102040 飲料批發業；F102170 食品什貨批發業；F104110 布疋、衣著、鞋、帽、傘、服飾品批發業；F105050 家具、寢具、廚房器具、裝設品批發業；F106010 五金批發業；F106020 日常用品批發業；F106050 陶瓷玻璃器皿批發業；F107030 清潔用品批發業；F108040 化粧品批發業；F109070 文教、樂器、育樂用品批發業,臺北市,變更,11506
24552066,米點星有限公司,臺北市大安區仁愛路4段107號7樓,王襼晴,3000000,,115/06/10,特殊補正,I301010 資訊軟體服務業；I401010 一般廣告服務業；F201010 農產品零售業；F203010 食品什貨、飲料零售業；I101090 食品顧問業；F399040 無店面零售業；F399990 其他綜合零售業；F401010 國際貿易業；F102170 食品什貨批發業；H703090 不動產買賣業,臺北市,變更,11506
24552093,大宏群精密工程股份有限公司,臺北市內湖區大湖山莊街205號1樓,劉美月,6000000,,115/06/03,補繳規費,E502010 燃料導管安裝工程業；E599010 配管工程業；E601010 電器承裝業；E601020 電器安裝業；E603010 電纜安裝工程業；E603020 電梯安裝工程業；E603040 消防安全設備安裝工程業；E603050 自動控制設備工程業；E603090 照明設備安裝工程業；E603100 電焊工程業,臺北市,變更,11506
24552811,麟銳股份有限公司,臺北市南港區南港路2段99之1號,陳文瑞,300000000,,115/06/05,公司印鑑變更,E601020 電器安裝業；E603010 電纜安裝工程業；E603050 自動控制設備工程業；E603080 交通號誌安裝工程業；E604010 機械安裝業；E605010 電腦設備安裝業；E701010 電信工程業；E701020 衛星電視ＫＵ頻道、Ｃ頻道器材安裝業；E701030 電信管制射頻器材裝設工程業；EZ05010 儀器、儀表安裝工程業,臺北市,變更,11506
24554584,本誠創業投資股份有限公司,臺北市信義區基隆路1段176號13樓,林之晨,286547070,,115/06/22,特殊補正,H202010 創業投資業；F401010 國際貿易業；ZZ99999 除許可業務外，得經營法令非禁止或限制之業務,臺北市,變更,11506
24555248,邁思創意有限公司,臺北市大安區羅斯福路3段335號11樓之2,徐偉凡,1000000,,115/06/17,公司所在地,F401010 國際貿易業；F601010 智慧財產權業；I103060 管理顧問業；I301010 資訊軟體服務業；I301020 資料處理服務業；I301030 電子資訊供應服務業；I401010 一般廣告服務業；I501010 產品設計業；I599990 其他設計業；IZ99990 其他工商服務業,臺北市,變更,11506
24555704,宏鑫建設股份有限公司,臺北市中正區重慶南路1段10號8樓之15,周瑞國,10000000,,115/06/16,特殊補正,H701010 住宅及大樓開發租售業；H701020 工業廠房開發租售業；H701040 特定專業區開發業；H701050 投資興建公共建設業；H701060 新市鎮、新社區開發業；H701080 都市更新重建業；H701090 都市更新整建維護業；H703090 不動產買賣業；H703100 不動產租賃業；H703110 老人住宅業,臺北市,變更,11506
24557169,寶瑞不動產租賃有限公司,臺北市士林區中正路342號1樓,林慶輝,300000,,115/06/30,特殊補正,H703090 不動產買賣業；H703100 不動產租賃業；ZZ99999 除許可業務外，得經營法令非禁止或限制之業務,臺北市,變更,11506
24558250,鎂群實業有限公司,臺北市北投區承德路6段126號6樓,李品慧,5000000,,115/06/25,特殊補正,E601010 電器承裝業；E601020 電器安裝業；E605010 電腦設備安裝業；F104110 布疋、衣著、鞋、帽、傘、服飾品批發業；F108040 化粧品批發業；F113050 電腦及事務性機器設備批發業；F113070 電信器材批發業；F118010 資訊軟體批發業；F204110 布疋、衣著、鞋、帽、傘、服飾品零售業；F208040 化粧品零售業,臺北市,變更,11506
24558934,雲易網股份有限公司,臺北市中山區南京東路2段132號11樓,呂坤庭,33259630,,115/06/29,特殊補正,I301010 資訊軟體服務業；I301020 資料處理服務業；I301030 電子資訊供應服務業；F401010 國際貿易業；ZZ99999 除許可業務外，得經營法令非禁止或限制之業務,臺北市,變更,11506
24558961,台灣樂天信用卡股份有限公司,臺北市中山區民生東路3段51號16樓,大山隆司,1450000000,,115/06/15,改選董事/監察人(一人法人股東指派董事/監察人),H104011 信用卡業,臺北市,變更,11506
24560100,源壹科技股份有限公司,臺北市內湖區瑞光路513巷22弄5號2樓,許永偉,41000000,,115/06/08,特殊補正,CC01030 電器及視聽電子產品製造業；CC01060 有線通信機械器材製造業；CC01070 無線通信機械器材製造業；CC01080 電子零組件製造業；CC01110 電腦及其週邊設備製造業；CC01990 其他電機及電子機械器材製造業；F401021 電信管制射頻器材輸入業；ZZ99999 除許可業務外，得經營法令非禁止或限制之業務,臺北市,變更,11506
24561305,健裕生技股份有限公司,臺北市中山區林森北路50號4樓之5,柯彥輝,376000000,,115/06/24,發行新股,C114010 食品添加物製造業；C199990 未分類其他食品製造業；C802100 化粧品製造業；C802990 其他化學製品製造業；F102030 菸酒批發業；F102170 食品什貨批發業；F107200 化學原料批發業；F107990 其他化學製品批發業；F108040 化粧品批發業；F121010 食品添加物批發業,臺北市,變更,11506
24562070,翰昇生化科技有限公司,臺北市大安區信義路3段151號8樓,陳蘇靖育,4500000,,115/06/16,特殊補正,F102170 食品什貨批發業；F104110 布疋、衣著、鞋、帽、傘、服飾品批發業；F105050 家具、寢具、廚房器具、裝設品批發業；F106010 五金批發業；F106020 日常用品批發業；F107190 塑膠膜、袋批發業；F108040 化粧品批發業；F113010 機械批發業；F113020 電器批發業；F113030 精密儀器批發業,臺北市,變更,11506
24563140,品晴國際整合行銷有限公司,臺北市中山區伊通街41之1號1樓,鄭元翔,5000000,,115/06/09,特殊補正,E601020 電器安裝業；E605010 電腦設備安裝業；E701040 簡易電信設備安裝業；E801010 室內裝潢業；F101050 水產品批發業；F102030 菸酒批發業；F102040 飲料批發業；F102180 酒精批發業；F104110 布疋、衣著、鞋、帽、傘、服飾品批發業；F109070 文教、樂器、育樂用品批發業,臺北市,變更,11506
24564513,森澤文鼎股份有限公司,臺北市中正區八德路1段5號6樓,森澤武士,10000000,,115/06/26,改派董事/監察人,I301010 資訊軟體服務業；I301030 電子資訊供應服務業；F118010 資訊軟體批發業；F218010 資訊軟體零售業；J399010 軟體出版業；JE01010 租賃業；F113020 電器批發業；F213010 電器零售業；F113050 電腦及事務性機器設備批發業；F213030 電腦及事務性機器設備零售業,臺北市,變更,11506
24566168,聚焦網路科技有限公司,臺北市中山區松江路76號9樓,楊耀凱,10000000,,115/06/24,特殊補正,I103060 管理顧問業；I199990 其他顧問服務業；I401020 廣告傳單分送業；I501010 產品設計業；IZ99990 其他工商服務業；J303010 雜誌（期刊）出版業；J304010 圖書出版業；J305010 有聲出版業；J399990 其他出版業；J601010 藝文服務業,臺北市,變更,11506
24566934,洸悦科技有限公司,臺北市信義區忠孝東路5段1之8號12樓,林秉頡,2000000,,115/06/04,停業副本,F102170 食品什貨批發業；F107030 清潔用品批發業；F108040 化粧品批發業；F109070 文教、樂器、育樂用品批發業；F203010 食品什貨、飲料零售業；F207030 清潔用品零售業；F208040 化粧品零售業；F208050 乙類成藥零售業；F209060 文教、樂器、育樂用品零售業；F215010 首飾及貴金屬零售業,臺北市,變更,11506
24567960,泰俐管理顧問有限公司,臺北市中山區松江路125號3樓,簡宏輝,1000000,,115/06/05,股東出資轉讓修正章程,H201010 一般投資業；H701010 住宅及大樓開發租售業；H703090 不動產買賣業；H703100 不動產租賃業；I102010 投資顧問業；I103060 管理顧問業；ZZ99999 除許可業務外，得經營法令非禁止或限制之業務,臺北市,變更,11506
24569382,豐越國際貿易有限公司,臺北市大安區龍泉街5巷10號1樓,王柔心,6000000,,115/06/05,公司所在地,F108040 化粧品批發業；F208040 化粧品零售業；F106020 日常用品批發業；F206020 日常用品零售業；F107030 清潔用品批發業；F207030 清潔用品零售業；F102040 飲料批發業；F102170 食品什貨批發業；F399040 無店面零售業；I102010 一般投資顧問業,臺北市,變更,11506
24570037,梅爵數位創意股份有限公司,臺北市大同區塔城街64號3樓,王竑文,12000000,,115/06/15,特殊補正,I301010 資訊軟體服務業；I301020 資料處理服務業；I301030 電子資訊供應服務業；I401010 一般廣告服務業；I501010 產品設計業；I599990 其他設計業；F399040 無店面零售業；F218010 資訊軟體零售業；J305010 有聲出版業；I199990 其他顧問服務業,臺北市,變更,11506
24570368,微傳股份有限公司,臺北市南港區園區街3號10樓之5,陳貴弘,30000000,,115/06/04,特殊補正,F113030 精密儀器批發業；F113060 度量衡器批發業；F401010 國際貿易業；I103060 管理顧問業；IG01010 生物技術服務業；IG02010 研究發展服務業；IG03010 能源技術服務業；A401990 其他畜牧業；A401060 其他動物服務業；F101990 其他農、畜、水產品批發業,臺北市,變更,11506
24570944,數果網路股份有限公司,臺北市大安區市民大道3段198號3樓,康瑋成,1150000,,115/06/24,特殊補正,I401010 一般廣告服務業；I401020 廣告傳單分送業；I301010 資訊軟體服務業；I301020 資料處理服務業；I301030 電子資訊供應服務業；ZZ99999 除許可業務外，得經營法令非禁止或限制之業務；F102170 食品什貨批發業；F104110 布疋、衣著、鞋、帽、傘、服飾品批發業；F105050 家具、寢具、廚房器具、裝設品批發業；F106020 日常用品批發業,臺北市,變更,11506
24573581,安茂微電子股份有限公司,臺北市內湖區文湖街12號8樓之1,郭俊廷,197370000,,115/06/26,額定資本額增加變更章程,F119010 電子材料批發業；F401010 國際貿易業；I501010 產品設計業；CC01080 電子零組件製造業；ZZ99999 除許可業務外，得經營法令非禁止或限制之業務,臺北市,變更,11506
24574028,普捷開發股份有限公司,臺北市大安區羅斯福路2段41號3樓之2,李樂伯,56160000,,115/06/15,改選董事/監察人(一人法人股東指派董事/監察人),G101041 小客車租賃業；G101091 小貨車租賃業；F114010 汽車批發業；F214010 汽車零售業；JE01010 租賃業；JA01990 其他汽車服務業；F101050 水產品批發業；F101990 其他農、畜、水產品批發業；F102170 食品什貨批發業；F201010 農產品零售業,臺北市,變更,11506
24574441,雲威開發有限公司,臺北市中山區明水路557巷10號地下,黃伯元,3000000,,115/06/01,股東出資轉讓修正章程,F104110 布疋、衣著、鞋、帽、傘、服飾品批發業；F105050 家具、寢具、廚房器具、裝設品批發業；F106020 日常用品批發業；F106050 陶瓷玻璃器皿批發業；F107030 清潔用品批發業；F108040 化粧品批發業；F113020 電器批發業；F115010 首飾及貴金屬批發業；F204110 布疋、衣著、鞋、帽、傘、服飾品零售業；F205040 家具、寢具、廚房器具、裝設品零售業,臺北市,變更,11506
24575645,世田谷企業股份有限公司,臺北市中山區南京東路2段6號9樓,陳國屏,20000000,,115/06/30,特殊補正,E801010 室內裝潢業；E801070 廚具、衛浴設備安裝工程業；F102030 菸酒批發業；F102040 飲料批發業；F102170 食品什貨批發業；F102180 酒精批發業；F105050 家具、寢具、廚房器具、裝設品批發業；F203010 食品什貨、飲料零售業；F203020 菸酒零售業；F203030 酒精零售業,臺北市,變更,11506
24576623,易晶綠能系統有限公司,臺北市松山區民生東路3段103號11樓,吳佳珉,70000000,,115/06/18,特殊補正,A101020 農作物栽培業；A101050 花卉栽培業；A102020 農產品整理業；A102050 作物栽培服務業；A102080 園藝服務業；A199990 其他農業；D101060 再生能源自用發電設備業；D401010 熱能供應業；E401010 疏濬業；E402010 沙石、淤泥海拋業,臺北市,變更,11506
24577572,志合訊息股份有限公司,臺北市內湖區內湖路1段246號7樓,陳文全,216000000,,115/06/02,改選董事/監察人(一人法人股東指派董事/監察人),CC01060 有線通信機械器材製造業；CC01070 無線通信機械器材製造業；CC01080 電子零組件製造業；CC01110 電腦及其週邊設備製造業；CE01010 一般儀器製造業；CE01990 其他光學及精密器械製造業；E701030 電信管制射頻器材裝設工程業；E701040 簡易電信設備安裝業；F113050 電腦及事務性機器設備批發業；F113070 電信器材批發業,臺北市,變更,11506
24577741,國家儀器股份有限公司,臺北市信義區信義路5段7號56樓,Soo Lee Huat,31100000,,115/06/08,董事/監察人地址變更,F113020 電器批發業；F113030 精密儀器批發業；F113050 電腦及事務性機器設備批發業；F118010 資訊軟體批發業；F119010 電子材料批發業；F213010 電器零售業；F213030 電腦及事務性機器設備零售業；F213040 精密儀器零售業；F218010 資訊軟體零售業；F219010 電子材料零售業,臺北市,變更,11506
24629255,匯萊和投資有限公司,臺北市士林區後港街96號7樓,沈淑貞,3200000,,115/06/03,補繳規費,H201010 一般投資業；I103060 管理顧問業；ZZ99999 除許可業務外，得經營法令非禁止或限制之業務；F401010 國際貿易業；F114010 汽車批發業；F214010 汽車零售業；F114030 汽、機車零件配備批發業；F114080 軌道車輛及其零件批發業；F214080 軌道車輛及其零件零售業；H703090 不動產買賣業,臺北市,變更,11506
24653022,全源科技股份有限公司,臺北市文山區恆光街17巷15之1號2樓,李靖琳,10000000,,115/06/17,特殊補正,C801030 精密化學材料製造業；CC01080 電子零組件製造業；CC01110 電腦及其週邊設備製造業；F102030 菸酒批發業；F113050 電腦及事務性機器設備批發業；F113070 電信器材批發業；F118010 資訊軟體批發業；F219010 電子材料零售業；F401010 國際貿易業；F601010 智慧財產權業,臺北市,變更,11506
24688541,爵鼎多媒體有限公司,臺北市中山區復興北路48號10樓之1,劉慕南,200000,,115/06/15,特殊補正,I301010 資訊軟體服務業；I301020 資料處理服務業；I401010 一般廣告服務業；I503010 景觀、室內設計業；ZZ99999 除許可業務外，得經營法令非禁止或限制之業務,臺北市,變更,11506
24690244,先知傳媒股份有限公司,臺北市大同區市民大道1段207號9樓,楊方儒,1000000,,115/06/02,特殊補正,I301010 資訊軟體服務業；I301020 資料處理服務業；I301030 電子資訊供應服務業；F399040 無店面零售業；F401010 國際貿易業；ZZ99999 除許可業務外，得經營法令非禁止或限制之業務,臺北市,變更,11506
24691412,裕安工程有限公司,臺北市中山區南京西路6號9樓之3,朱嘉諺,8000000,,115/06/17,股東出資轉讓修正章程,F106010 五金批發業；F111090 建材批發業；CA02990 其他金屬製品製造業；CA01990 其他非鐵金屬基本工業；E801010 室內裝潢業；E801020 門窗安裝工程業；E801030 室內輕鋼架工程業；E801040 玻璃安裝工程業；E801070 廚具、衛浴設備安裝工程業；E901010 油漆工程業,臺北市,變更,11506
24702902,遊達有限公司,臺北市文山區辛亥路4段166巷19弄1之3號3樓,蘇鈺婷,100000,,115/06/02,申登機關變更（遷入，含卷）,F118010 資訊軟體批發業；F218010 資訊軟體零售業；F399040 無店面零售業；I103060 管理顧問業；I199990 其他顧問服務業；I301010 資訊軟體服務業；I301020 資料處理服務業；I301030 電子資訊供應服務業；I401010 一般廣告服務業；J302010 通訊稿業,臺北市,變更,11506
24706576,橘子支行動支付股份有限公司,臺北市內湖區瑞湖街111號,劉柏園,630000000,,115/06/26,發行新股,HZ06011 電子支付業,臺北市,變更,11506
24730772,藍色神盾資訊股份有限公司,臺北市內湖區金莊路26號5樓之5,張尚愷,30000000,,115/06/22,董事/監察人持股變動報備,I199990 其他顧問服務業；I301010 資訊軟體服務業；I301030 電子資訊供應服務業；IZ12010 人力派遣業；I301020 資料處理服務業；J202010 產業育成業；I103060 管理顧問業；F113050 電腦及事務性機器設備批發業；F118010 資訊軟體批發業；E605010 電腦設備安裝業,臺北市,變更,11506
24736282,晶英時尚股份有限公司,臺北市中正區杭州南路1段15之1號15樓,陳薰怡,50500000,,115/06/09,特殊補正,C301010 紡紗業；C302010 織布業；C303010 不織布業；C305010 印染整理業；C306010 成衣業；C307010 服飾品製造業；C801120 人造纖維製造業；C805060 塑膠皮製品製造業；CJ01010 製帽業；CK01010 製鞋業,臺北市,變更,11506
24737120,文治投資股份有限公司,臺北市大同區承德路1段35號11樓,丁亞平,5500000,,115/06/29,改選董事/監察人(一人法人股東指派董事/監察人),H201010 一般投資業,臺北市,變更,11506
24738839,世豪佳國際股份有限公司,臺北市松山區民生東路3段118號,李靜佳,19800000,,115/06/04,特殊補正,F203010 食品什貨、飲料零售業；F203020 菸酒零售業；F399040 無店面零售業；F401010 國際貿易業；F501030 飲料店業；F501060 餐館業；ZZ99999 除許可業務外，得經營法令非禁止或限制之業務,臺北市,變更,11506
24741264,啟景國際顧問有限公司,臺北市大安區敦化南路1段205號14樓,邊原,8000000,,115/06/09,特殊補正,JA05010 留、遊學服務業；I103060 管理顧問業；I199990 其他顧問服務業；J304010 圖書出版業；J305010 有聲出版業；J601010 藝文服務業；F601010 智慧財產權業；JZ99050 仲介服務業；F109070 文教、樂器、育樂用品批發業；F209060 文教、樂器、育樂用品零售業,臺北市,變更,11506
24742003,勝太建設股份有限公司,臺北市大安區羅斯福路3段125號12樓之1,吳中元,30000000,,115/06/03,增資(資本總額),H701010 住宅及大樓開發租售業；H701020 工業廠房開發租售業；H701040 特定專業區開發業；H701060 新市鎮、新社區開發業；H701070 區段徵收及市地重劃代辦業；H701080 都市更新重建業；H701090 都市更新整建維護業；H702010 建築經理業；H703090 不動產買賣業；H703100 不動產租賃業,臺北市,變更,11506
24745064,亭美有限公司,臺北市中正區羅斯福路1段25號6樓,鄭勵淳,360000,,115/06/26,公司所在地,F106010 五金批發業；F106020 日常用品批發業；F106030 模具批發業；F106050 陶瓷玻璃器皿批發業；F108040 化粧品批發業；F113010 機械批發業；F113050 電腦及事務性機器設備批發業；F206010 五金零售業；F206020 日常用品零售業；F206030 模具零售業,臺北市,變更,11506
24746438,安惠信實國際股份有限公司,臺北市中山區德惠街10號7樓之5,王妙鳳,5000000,,115/06/03,特殊補正,F102170 食品什貨批發業；F104110 布疋、衣著、鞋、帽、傘、服飾品批發業；F105050 家具、寢具、廚房器具、裝設品批發業；F106010 五金批發業；F106020 日常用品批發業；F107200 化學原料批發業；F108040 化粧品批發業；F109070 文教、樂器、育樂用品批發業；F113010 機械批發業；F113020 電器批發業,臺北市,變更,11506
24747458,股感資訊股份有限公司,臺北市松山區民生東路3段135號3樓,廖偉盛,60000000,,115/06/11,特殊補正,F118010 資訊軟體批發業；F218010 資訊軟體零售業；F399040 無店面零售業；I102010 投資顧問業；I103060 管理顧問業；I199990 其他顧問服務業；I301010 資訊軟體服務業；I301020 資料處理服務業；I301030 電子資訊供應服務業；I401010 一般廣告服務業,臺北市,變更,11506
24749202,傳譯國際有限公司,臺北市信義區忠孝東路5段68號29樓(2911室),顧學甫,1000000,,115/06/12,特殊補正,IZ04010 翻譯業；I401010 一般廣告服務業；F118010 資訊軟體批發業；F218010 資訊軟體零售業；I301010 資訊軟體服務業；I301020 資料處理服務業；I301030 電子資訊供應服務業；I103060 管理顧問業；I199990 其他顧問服務業；ZZ99999 除許可業務外，得經營法令非禁止或限制之業務,臺北市,變更,11506
24749673,麒昌企業管理顧問有限公司,臺北市大安區信義路4段170號10樓之1,徐瑞昌,500000,,115/06/25,申登機關變更（遷入，含卷）,I102010 投資顧問業；I103060 管理顧問業；IZ02010 打字業；IZ04010 翻譯業；IZ07010 公證業；F401010 國際貿易業；F601010 智慧財產權業；IZ99990 其他工商服務業；I199990 其他顧問服務業；JZ99990 未分類其他服務業,臺北市,變更,11506
24751115,共信醫藥科技股份有限公司,臺北市中山區建國北路一段80號3樓,吳崇漢,1735978000,,115/06/11,改選董事/監察人(一人法人股東指派董事/監察人),F203010 食品什貨、飲料零售業；F401010 國際貿易業；F601010 智慧財產權業；I103060 管理顧問業；IC01010 藥品檢驗業；IG01010 生物技術服務業；IG02010 研究發展服務業；F108021 西藥批發業；F208021 西藥零售業；F107200 化學原料批發業,臺北市,變更,11506
24753042,禾暘投資股份有限公司,臺北市大安區忠孝東路4段285號5樓,王建宇,15200000,,115/06/25,改選董事/監察人(一人法人股東指派董事/監察人),H201010 一般投資業,臺北市,變更,11506
24754176,心誠鎂行動醫電股份有限公司,臺北市大安區敦化南路2段319號10樓,鄭傑升,359727620,,115/06/11,修正章程,CA02010 金屬結構及建築組件製造業；CA02990 其他金屬製品製造業；CB01010 機械設備製造業；CB01990 其他機械製造業；CC01080 電子零組件製造業；CC01110 電腦及其週邊設備製造業；CC01990 其他電機及電子機械器材製造業；CE01010 一般儀器製造業；F106010 五金批發業；F108031 醫療器材批發業,臺北市,變更,11506
24755978,日陽投資股份有限公司,臺北市中正區漢口街1段85號,黃大維,110000000,,115/06/29,改選董事/監察人(一人法人股東指派董事/監察人),H201010 一般投資業；H701010 住宅及大樓開發租售業；ZZ99999 除許可業務外，得經營法令非禁止或限制之業務,臺北市,變更,11506
24758638,旭曄能源有限公司,臺北市大安區信義路3段153號4樓,敦陽能源股份有限公司,34000000,,115/06/10,修正章程,C803990 其他石油及煤製品製造業；CB01010 機械設備製造業；CB01990 其他機械製造業；CC01010 發電、輸電、配電機械製造業；CC01990 其他電機及電子機械器材製造業；D101040 非屬公用之發電業；D101050 汽電共生業；D101060 再生能源自用發電設備業；D401010 熱能供應業；E603050 自動控制設備工程業,臺北市,變更,11506
24758644,暐曜能源有限公司,臺北市大安區信義路3段153號4樓,敦陽能源股份有限公司,46300000,,115/06/10,減資,C803990 其他石油及煤製品製造業；CB01010 機械設備製造業；CB01990 其他機械製造業；CC01010 發電、輸電、配電機械製造業；CC01990 其他電機及電子機械器材製造業；D101040 非屬公用之發電業；D101050 汽電共生業；D101060 再生能源自用發電設備業；D401010 熱能供應業；E603050 自動控制設備工程業,臺北市,變更,11506
24758659,嘉興能源有限公司,臺北市大安區信義路3段153號4樓,永昌能源股份有限公司,42660000,,115/06/11,減資,C803990 其他石油及煤製品製造業；CB01010 機械設備製造業；CB01990 其他機械製造業；CC01010 發電、輸電、配電機械製造業；CC01990 其他電機及電子機械器材製造業；D101040 非屬公用之發電業；D101050 汽電共生業；D101060 再生能源自用發電設備業；D401010 熱能供應業；E603050 自動控制設備工程業,臺北市,變更,11506
24758665,昀曜能源有限公司,臺北市大安區信義路3段153號4樓,日照能源股份有限公司,44780000,,115/06/18,減資,C803990 其他石油及煤製品製造業；CB01010 機械設備製造業；CB01990 其他機械製造業；CC01010 發電、輸電、配電機械製造業；CC01990 其他電機及電子機械器材製造業；D101040 非屬公用之發電業；D101050 汽電共生業；D101060 再生能源自用發電設備業；D401010 熱能供應業；E603050 自動控制設備工程業,臺北市,變更,11506
24758671,翔旭綠能有限公司,臺北市大安區信義路3段153號4樓,日照能源股份有限公司,42190000,,115/06/10,減資,C803990 其他石油及煤製品製造業；CB01010 機械設備製造業；CB01990 其他機械製造業；CC01010 發電、輸電、配電機械製造業；CC01990 其他電機及電子機械器材製造業；D101040 非屬公用之發電業；D101050 汽電共生業；D101060 再生能源自用發電設備業；D401010 熱能供應業；E603050 自動控制設備工程業,臺北市,變更,11506
24758686,旭晁有限公司,臺北市大安區信義路3段153號4樓,永昌能源股份有限公司,44500000,,115/06/11,減資,C803990 其他石油及煤製品製造業；CB01010 機械設備製造業；CB01990 其他機械製造業；CC01010 發電、輸電、配電機械製造業；CC01990 其他電機及電子機械器材製造業；D101040 非屬公用之發電業；D101050 汽電共生業；D101060 再生能源自用發電設備業；D401010 熱能供應業；E603050 自動控制設備工程業,臺北市,變更,11506
24759828,快意科技股份有限公司,臺北市內湖區陽光街351號2樓之5,劉建良,65180000,,115/06/15,董事(常務董事.董事長)/監察人解任,F113050 電腦及事務性機器設備批發業；F213030 電腦及事務性機器設備零售業；F118010 資訊軟體批發業；F218010 資訊軟體零售業；F119010 電子材料批發業；F219010 電子材料零售業；F113020 電器批發業；F213010 電器零售業；ZZ99999 除許可業務外，得經營法令非禁止或限制之業務；E601010 電器承裝業,臺北市,變更,11506
24760634,靖呈企業有限公司,臺北市中山區新生北路3段16號8樓之1,林俊逸,5000000,,115/06/23,特殊補正,F104110 布疋、衣著、鞋、帽、傘、服飾品批發業；F107010 漆料、塗料批發業；F107190 塑膠膜、袋批發業；F113010 機械批發業；F119010 電子材料批發業；F199990 其他批發業；F401010 國際貿易業；ZZ99999 除許可業務外，得經營法令非禁止或限制之業務,臺北市,變更,11506
24761296,桔豐科技股份有限公司,臺北市內湖區內湖路1段360巷15號8樓之1,徐毓豐,73654000,,115/06/29,董事/監察人持股變動報備,I301010 資訊軟體服務業；I301020 資料處理服務業；I301030 電子資訊供應服務業；ZZ99999 除許可業務外，得經營法令非禁止或限制之業務；F118010 資訊軟體批發業；F119010 電子材料批發業；F199990 其他批發業；F213030 電腦及事務性機器設備零售業；F218010 資訊軟體零售業；F219010 電子材料零售業,臺北市,變更,11506
24765309,銀泰投資股份有限公司,臺北市大安區新生南路3段2號6樓之3,周士傑,29000000,,115/06/08,補繳規費,H201010 創業投資業,臺北市,變更,11506
24768495,欣永豐科技股份有限公司,臺北市內湖區行忠路28巷1號5樓,吳成,75808920,,115/06/10,董事/監察人持股變動報備,F119010 電子材料批發業；F219010 電子材料零售業；F113030 精密儀器批發業；F213040 精密儀器零售業；F113010 機械批發業；F107190 塑膠膜、袋批發業；F401010 國際貿易業；ZZ99999 除許可業務外，得經營法令非禁止或限制之業務；CC01080 電子零組件製造業；E701010 電信工程業,臺北市,變更,11506
24768609,欣泰生技股份有限公司,臺北市中正區杭州南路1段27號9樓,黄崇銘,28000000,,115/06/23,董事/監察人地址變更,C110010 飲料製造業；C802090 清潔用品製造業；C802100 化粧品製造業；F107030 清潔用品批發業；F108031 醫療器材批發業；F108040 化粧品批發業；F208031 醫療器材零售業；F401010 國際貿易業；F601010 智慧財產權業；IG01010 生物技術服務業,臺北市,變更,11506
24771273,宏盛商業有限公司,臺北市松山區南京東路4段164號12樓,林書鋐,1000000,,115/06/26,股東出資轉讓修正章程,JE01010 租賃業；G405010 貨櫃出租業；G801010 倉儲業；H701010 住宅及大樓開發租售業；H701020 工業廠房開發租售業；H703100 不動產租賃業；IZ06010 理貨包裝業；IZ12010 人力派遣業；JA01990 其他汽車服務業；F399040 無店面零售業,臺北市,變更,11506
24772603,好食國際股份有限公司,臺北市內湖區新明路298巷8號4樓,陳碧珠,10000000,,115/06/01,申登機關變更（遷入，含卷）,C103050 罐頭、冷凍、脫水及醃漬食品製造業；C109010 調味品製造業；C110010 飲料製造業；C199990 未分類其他食品製造業；F102020 食用油脂批發業；F102030 菸酒批發業；F102040 飲料批發業；F102170 食品什貨批發業；F199990 其他批發業；F203010 食品什貨、飲料零售業,臺北市,變更,11506
24775236,晶越能源科技股份有限公司,臺北市內湖區洲子街176號3樓,黃盈文,100610860,,115/06/29,補繳規費,A101020 農作物栽培業；A101030 特用作物栽培業；A101040 食用菌菇類栽培業；A102050 作物栽培服務業；A199990 其他農業；F101130 蔬果批發業；F101990 其他農、畜、水產品批發業；F119010 電子材料批發業；F219010 電子材料零售業；F401010 國際貿易業,臺北市,變更,11506
24776538,台灣小野藥品工業股份有限公司,臺北市信義區忠孝東路5段68號12樓,中野邦博,90000000,,115/06/05,改選董事/監察人(一人法人股東指派董事/監察人),F108021 西藥批發業；F208021 西藥零售業；F108031 醫療器材批發業；F208031 醫療器材零售業；F108040 化粧品批發業；F208040 化粧品零售業；F102040 飲料批發業；F102170 食品什貨批發業；F203010 食品什貨、飲料零售業；F121010 食品添加物批發業,臺北市,變更,11506
24777847,百聿數碼創意股份有限公司,臺北市內湖區瑞光路478巷18弄34號3樓,富德亞投資有限公司,353009500,,115/06/29,改選董事/監察人(一人法人股東指派董事/監察人),F109070 文教、樂器、育樂用品批發業；F113030 精密儀器批發業；F113050 電腦及事務性機器設備批發業；F113070 電信器材批發業；F118010 資訊軟體批發業；F119010 電子材料批發業；F209060 文教、樂器、育樂用品零售業；F213030 電腦及事務性機器設備零售業；F218010 資訊軟體零售業；F219010 電子材料零售業,臺北市,變更,11506
24777902,瀚宇國際有限公司,臺北市中正區仁愛路2段25號5樓,姜采緹,4200000,,115/06/17,特殊補正,F101050 水產品批發業；F106040 水器材料批發業；F113110 電池批發業；F401010 國際貿易業；IG01010 生物技術服務業；IG03010 能源技術服務業；J101050 環境檢測服務業；ZZ99999 除許可業務外，得經營法令非禁止或限制之業務；F102040 飲料批發業；F102170 食品什貨批發業,臺北市,變更,11506
24779937,菲利達生技股份有限公司,臺北市中山區中山北路2段79號10樓,陳世振,39490000,,115/06/17,改選董事/監察人(一人法人股東指派董事/監察人),F108021 西藥批發業；F108031 醫療器材批發業；F102170 食品什貨批發業；F108040 化粧品批發業；F208021 西藥零售業；F208031 醫療器材零售業；F203010 食品什貨、飲料零售業；F208040 化粧品零售業；F208050 乙類成藥零售業；ZZ99999 除許可業務外，得經營法令非禁止或限制之業務,臺北市,變更,11506
24780049,文鈞國際股份有限公司,臺北市內湖區瑞光路106號4樓之1,王強生,29500000,,115/06/24,特殊補正,F113030 精密儀器批發業；F213040 精密儀器零售業；F113070 電信器材批發業；F213060 電信器材零售業；F119010 電子材料批發業；F219010 電子材料零售業；F106010 五金批發業；F206010 五金零售業；F106020 日常用品批發業；F206020 日常用品零售業,臺北市,變更,11506
24782362,敦陽能源股份有限公司,臺北市大安區信義路3段153號4樓,陳坤宏,107630000,,115/06/10,減資,D101040 非屬公用之發電業；D101050 汽電共生業；D401010 熱能供應業；IG03010 能源技術服務業；E601010 電器承裝業；E603010 電纜安裝工程業；E604010 機械安裝業；E606010 用電設備檢驗維護業；CB01010 機械設備製造業；CB01030 污染防治設備製造業,臺北市,變更,11506
24789040,南港國際一股份有限公司,臺北市大安區敦化南路二段218號8樓,郭文鎧,5200000000,,115/06/08,補選董事(常務董事.董事長)/監察人,H701010 住宅及大樓開發租售業；F501030 飲料店業；H702010 建築經理業；H701040 特定專業區開發業；F501060 餐館業；JE01010 租賃業；H701050 投資興建公共建設業；F501050 飲酒店業；H201010 一般投資業；H701080 都市更新重建業,臺北市,變更,11506
24789323,奧地利商雅苒環保科技有限公司,臺北市內湖區民權東路6段180巷56號1樓,洪維良,5000000,,115/06/23,一般補正案,CB01010 機械設備製造業；CB01030 污染防治設備製造業；CC01010 發電、輸電、配電機械製造業；D101040 非屬公用之發電業；F113100 污染防治設備批發業；F213100 污染防治設備零售業；F401010 國際貿易業；I103060 管理顧問業；I199990 其他顧問服務業；IG03010 能源技術服務業,臺北市,變更,11506
24794352,益鼎生技創業投資股份有限公司,臺北市大安區新生南路1段99號8樓,邱德成,248976000,,115/06/29,減資,H202010 創業投資業,臺北市,變更,11506
24795459,群鑫創業投資股份有限公司,臺北市中山區中山北路2段116巷2號6樓,汪秉龍,335000000,,115/06/30,特殊補正,H202010 創業投資業,臺北市,變更,11506
24798717,日商富士急行股份有限公司,臺北市中山區南京東路1段15號3樓,戸嶋順一,0,,115/06/30,改派在中華民國境內代表人,,臺北市,變更,11506
24799238,合作金庫創業投資股份有限公司,臺北市中正區羅斯福路一段7號4樓之1,王育群,1513957750,,115/06/04,修正章程,H202010 創業投資業；I103060 管理顧問業；I102010 投資顧問業,臺北市,變更,11506
24803161,英屬維京群島商榮耀全球股份有限公司,臺北市士林區中山北路5段528號8樓,翁以智,3000000,,115/06/08,改派在中華民國境內負責人變更登記,H201010 一般投資業；ZZ99999 除許可業務外，得經營法令非禁止或限制之業務,臺北市,變更,11506
24804598,香港商檸檬設計股份有限公司,臺北市萬華區成都路4號6樓、12樓、12樓之1,游建邦,800000,,115/06/11,補繳規費,J701040 休閒活動場館業；F399990 其他綜合零售業；F401010 國際貿易業；I401010 一般廣告服務業；J601010 藝文服務業；J602010 演藝活動業；JB01010 會議及展覽服務業；ZZ99999 除許可業務外，得經營法令非禁止或限制之業務；JI01010 互動式情境體驗服務業,臺北市,變更,11506
24806884,日商近鐵投資控股股份有限公司,臺北市中山區松江路126號8樓,土井康敬,5000000,,115/06/25,本公司董事及其他負責人變更,I401010 一般廣告服務業；JZ99050 仲介服務業；F401010 國際貿易業；I103060 管理顧問業；IZ99990 其他工商服務業；ZZ99999 除許可業務外，得經營法令非禁止或限制之業務,臺北市,變更,11506
24811232,新加坡商威兆科技有限公司,臺北市內湖區瑞湖街88號3樓之5,許俊雄,9000000,,115/06/17,一般補正案,I199990 其他顧問服務業；I301010 資訊軟體服務業；I301020 資料處理服務業；F118010 資訊軟體批發業；F213030 電腦及事務性機器設備零售業；F218010 資訊軟體零售業；F401010 國際貿易業；E605010 電腦設備安裝業；ZZ99999 除許可業務外，得經營法令非禁止或限制之業務,臺北市,變更,11506
24811970,美商火焰進出口有限公司,臺北市中正區許昌街17號13樓之1,徐佑凱,0,,115/06/08,辦事處所在地變更,,臺北市,變更,11506
24812268,台灣扶桑商車股份有限公司,臺北市松山區民有里敦化北路260號6樓,Andreas Deuschle,650000000,,115/06/17,一般補正案,CD01030 汽車及其零件製造業；F114010 汽車批發業；F114030 汽、機車零件配備批發業；F214010 汽車零售業；F214030 汽、機車零件配備零售業；F401010 國際貿易業；F401021 電信管制射頻器材輸入業；ZZ99999 除許可業務外，得經營法令非禁止或限制之業務,臺北市,變更,11506
24859559,亞洲大豆有限公司,臺北市中山區南京東路2段108號17樓之9,詹雯筑,2000000,,115/06/23,補繳規費,F102170 食品什貨批發業；F203010 食品什貨、飲料零售業；F401010 國際貿易業；ZZ99999 除許可業務外，得經營法令非禁止或限制之業務,臺北市,變更,11506
24872286,心格創新有限公司,臺北市中山區德惠街165號1樓,孟繁中,2500000,,115/06/05,特殊補正,I501010 產品設計業；I503010 景觀設計業；I599990 其他設計業；C501060 木質容器製造業；C501070 竹、藤製品製造業；C501990 其他木製品製造業；C805030 塑膠日用品製造業；CN01010 家具及裝設品製造業；F105050 家具、寢具、廚房器具、裝設品批發業；F205040 家具、寢具、廚房器具、裝設品零售業,臺北市,變更,11506
24906687,傑泰開發有限公司,臺北市大安區信義路3段153號4樓,日照能源股份有限公司,24000000,,115/06/24,減資,F113990 其他機械器具批發業；EZ99990 其他工程業；E601020 電器安裝業；E603050 自動控制設備工程業；E604010 機械安裝業；E801070 廚具、衛浴設備安裝工程業；EZ05010 儀器、儀表安裝工程業；F105050 家具、寢具、廚房器具、裝設品批發業；F106010 五金批發業；F111090 建材批發業,臺北市,變更,11506
24929653,豐盛號炭烤土司有限公司,臺北市士林區中正路223巷6號1樓,許岷弘,1000000,,115/06/10,補繳規費,C104020 烘焙炊蒸食品製造業；F102170 食品什貨批發業；F203010 食品什貨、飲料零售業；F399990 其他綜合零售業；F401010 國際貿易業；F501030 飲料店業；F501060 餐館業；ZZ99999 除許可業務外，得經營法令非禁止或限制之業務,臺北市,變更,11506
24930069,東方傳奇娛樂股份有限公司,臺北市信義區基隆路1段176號13樓,陳煒皓,10000000,,115/06/04,特殊補正,J602010 演藝活動業；J601010 藝文服務業；J603010 音樂展演空間業；JB01010 會議及展覽服務業；JZ99050 仲介服務業；IZ12010 人力派遣業；JZ99990 未分類其他服務業；I103060 管理顧問業；JZ99030 攝影業；I401010 一般廣告服務業,臺北市,變更,11506
24930764,大音室內裝修設計股份有限公司,臺北市南港區南港路2段147號7樓,吳文元,4200000,,115/06/29,改選董事/監察人(一人法人股東指派董事/監察人),F104110 布疋、衣著、鞋、帽、傘、服飾品批發業；F105050 家具、寢具、廚房器具、裝設品批發業；F106010 五金批發業；F106020 日常用品批發業；F109070 文教、樂器、育樂用品批發業；F111090 建材批發業；F113010 機械批發業；F113020 電器批發業；F113030 精密儀器批發業；F113050 電腦及事務性機器設備批發業,臺北市,變更,11506
24932405,臺灣三越股份有限公司,臺北市中山區南京東路1段15號3樓,釣谷伸行,2700000,,115/06/09,改選董事/監察人(一人法人股東指派董事/監察人),F116010 照相器材批發業；F216010 照相器材零售業；F113030 精密儀器批發業；F213040 精密儀器零售業；F119010 電子材料批發業；F219010 電子材料零售業；F106040 水器材料批發業；F206040 水器材料零售業；F113020 電器批發業；F213010 電器零售業,臺北市,變更,11506
24937128,哈佛生技藥業股份有限公司,臺北市大同區承德路1段70之1號13樓之1,黃宜騫,5000000,,115/06/30,改選董事/監察人(一人法人股東指派董事/監察人),F102040 飲料批發業；F102170 食品什貨批發業；F108021 西藥批發業；F108031 醫療器材批發業；F118010 資訊軟體批發業；F203010 食品什貨、飲料零售業；F208021 西藥零售業；F208031 醫療器材零售業；F208050 乙類成藥零售業；F218010 資訊軟體零售業,臺北市,變更,11506
24938288,演繹動線設計有限公司,臺北市內湖區文德路210巷30弄98號1樓,蔡睿誼,1000000,,115/06/08,改推董事/董事長,CN01010 家具及裝設品製造業；E603090 照明設備安裝工程業；E801010 室內裝潢業；E801020 門窗安裝工程業；E801030 室內輕鋼架工程業；E801040 玻璃安裝工程業；E801070 廚具、衛浴設備安裝工程業；F120010 耐火材料批發業；F105050 家具、寢具、廚房器具、裝設品批發業；F205040 家具、寢具、廚房器具、裝設品零售業,臺北市,變更,11506
24938750,沃祈數位科技股份有限公司,臺北市中正區延平南路189號5樓,許書綺,111166720,,115/06/22,發行新股,F118010 資訊軟體批發業；F218010 資訊軟體零售業；F401010 國際貿易業；F601010 智慧財產權業；I301010 資訊軟體服務業；I301020 資料處理服務業；I301030 電子資訊供應服務業；I401010 一般廣告服務業；I501010 產品設計業；I103060 管理顧問業,臺北市,變更,11506
24939028,鑫境景觀設計有限公司,臺北市大安區仁愛路3段26號5樓,曾子翔,10000000,,115/06/16,補繳規費,A102080 園藝服務業；I504010 花藝設計業；F401010 國際貿易業；ZZ99999 除許可業務外，得經營法令非禁止或限制之業務；E103091 庭園、景觀工程專業營造業；I503010 景觀設計業,臺北市,變更,11506
24941093,連加網路商業股份有限公司,臺北市南港區經貿二路121號18樓,丁雄注,680000000,,115/06/10,改選董事/監察人(一人法人股東指派董事/監察人),I301020 資料處理服務業；I301030 電子資訊供應服務業；I301040 第三方支付服務業；ZZ99999 除許可業務外，得經營法令非禁止或限制之業務,臺北市,變更,11506
24941973,長富機電工程顧問有限公司,臺北市中山區敬業一路160號7樓,陳佩珊,9000000,,115/06/26,公司所在地,E599010 配管工程業；E601010 電器承裝業；E601020 電器安裝業；E603010 電纜安裝工程業；E603020 電梯安裝工程業；E603040 消防安全設備安裝工程業；E603050 自動控制設備工程業；E603080 交通號誌安裝工程業；E603090 照明設備安裝工程業；E603100 電焊工程業,臺北市,變更,11506
24944747,海底撈火鍋股份有限公司,臺北市信義區松仁路100號地下1層,舒萍,115000000,,115/06/30,改派董事/監察人,F501060 餐館業（限中華民國行業標準分類5610餐館業）；F102170 食品什貨批發業（限中華民國行業標準分類4544冷凍調理食品批發業、4545乳製品、蛋及食用油脂批發業、4548咖啡、茶葉及香料批發業及4549其他食品批發業；農產品市場交易法所稱之農產品批發市場除外）；F199990 其他批發業（限中華民國行業標準分類4520綜合商品批發業及4699未分類其他專賣批發業；農產品市場交易法所稱之農產品批發市場除外）；F203010 食品什貨、飲料零售業（限中華民國行業標準分類4711食品飲料為主之綜合商品零售業及4729其他食品及飲料、菸草製品零售業；藥局、藥房、藥粧店或活動物之零售除外）；F299990 其他零售業（限中華民國行業標準分類4852其他全新商品零售業、4853中古商品零售業及4872直銷業；多層次傳銷，以及藥局、藥房、藥粧店或活動物之零售除外）,臺北市,變更,11506
24946153,醫鏈康科技有限公司,臺北市大安區忠孝東路4段183號13樓之2,廖慧鈴,3290000,,115/06/01,特殊補正,CC01120 資料儲存媒體製造及複製業；F118010 資訊軟體批發業；F401010 國際貿易業；I199990 其他顧問服務業；I301010 資訊軟體服務業；I301020 資料處理服務業；I301030 電子資訊供應服務業；I301040 第三方支付服務業；IG02010 研究發展服務業；ZZ99999 除許可業務外，得經營法令非禁止或限制之業務,臺北市,變更,11506
24946506,鼎龍國際股份有限公司,臺北市萬華區雙園街106巷4號,林奇鋒,6000000,,115/06/18,公司所營事業變更修正章程,E502010 燃料導管安裝工程業；E599010 配管工程業；E601020 電器安裝業；E603010 電纜安裝工程業；E603040 消防安全設備安裝工程業；E603050 自動控制設備工程業；E603080 交通號誌安裝工程業；E603090 照明設備安裝工程業；E604010 機械安裝業；E701010 電信工程業,臺北市,變更,11506
24948504,歐硬整合行銷股份有限公司,臺北市大同區甘谷街35號4樓之3,呂志忠,3000000,,115/06/11,特殊補正,J304010 圖書出版業；J601010 藝文服務業；J602010 演藝活動業；J603010 音樂展演空間業；JB01010 會議及展覽服務業；JE01010 租賃業；J799990 其他休閒服務業；JZ99030 攝影業；JZ99990 未分類其他服務業；I103060 管理顧問業,臺北市,變更,11506
24950613,藍青實業有限公司,臺北市松山區健康路227號1樓,楊浚泯,5000000,,115/06/30,特殊補正,F109070 文教、樂器、育樂用品批發業；F213080 機械器具零售業；F204110 布疋、衣著、鞋、帽、傘、服飾品零售業；J799990 其他休閒服務業；F299990 其他零售業；F206020 日常用品零售業；IZ12010 人力派遣業；I103060 管理顧問業；J803010 運動表演業；J802010 運動訓練業,臺北市,變更,11506
24951198,成城共創股份有限公司,臺北市中正區南昌路2段31號2樓,歐敏銓,6000000,,115/06/29,特殊補正,I102010 投資顧問業；I103060 管理顧問業；I301030 電子資訊供應服務業；H201010 一般投資業；H202010 創業投資業；JB01010 會議及展覽服務業；J202010 產業育成業；F399040 無店面零售業；F104110 布疋、衣著、鞋、帽、傘、服飾品批發業；F106030 模具批發業,臺北市,變更,11506
24951752,捷豐國際物流股份有限公司,臺北市大安區復興南路2段268號9樓之1,王惠祝,36600000,,115/06/10,特殊補正,F101990 其他農、畜、水產品批發業；F102030 菸酒批發業；F102040 飲料批發業；F102170 食品什貨批發業；F104110 布疋、衣著、鞋、帽、傘、服飾品批發業；F105050 家具、寢具、廚房器具、裝設品批發業；F106010 五金批發業；F106020 日常用品批發業；F107030 清潔用品批發業；F109070 文教、樂器、育樂用品批發業,臺北市,變更,11506
24952957,禮蓮有限公司,臺北市信義區基隆路1段155號12樓之6,劉珊如,1500000,,115/06/22,特殊補正,F399040 無店面零售業；I102010 投資顧問業；I103060 管理顧問業；ZZ99999 除許可業務外，得經營法令非禁止或限制之業務,臺北市,變更,11506
24953885,親子天下股份有限公司,臺北市中山區長安東路2段101號10樓,何琦瑜,128744510,,115/06/04,特殊補正,J303010 雜誌（期刊）出版業；J304010 圖書出版業；J399010 軟體出版業；J404010 動畫影片製作業；J503010 廣播節目製作業；J503020 電視節目製作業；J503030 廣播電視節目發行業；J503040 廣播電視廣告業；J503050 錄影節目帶業；J601010 藝文服務業,臺北市,變更,11506
24954723,台灣泰利特無線通信有限公司,臺北市中山區復興北路2號6樓之10,林華彰,500000,,115/06/10,改推董事/董事長,I301010 資訊軟體服務業；IG02010 研究發展服務業；F401010 國際貿易業；JA02010 電器及電子產品修理業；ZZ99999 除許可業務外，得經營法令非禁止或限制之業務,臺北市,變更,11506
24957377,啤兒麥斯特股份有限公司,臺北市內湖區港墘路200號4樓之1,簡良益,3645670,,115/06/15,分公司設立,C110010 飲料製造業；F101990 其他農、畜、水產品批發業；F102030 菸酒批發業；F102040 飲料批發業；F102170 食品什貨批發業；F201990 其他農畜水產品零售業；F203010 食品什貨、飲料零售業；F203020 菸酒零售業；F399040 無店面零售業；F399990 其他綜合零售業,臺北市,變更,11506
24959375,禾運開發股份有限公司,臺北市松山區民權東路3段166號8樓,林建榮,45000000,,115/06/10,特殊補正,H701010 住宅及大樓開發租售業；H701020 工業廠房開發租售業；H701040 特定專業區開發業；H701050 投資興建公共建設業；H701080 都市更新重建業；H701090 都市更新整建維護業；H703090 不動產買賣業；H703100 不動產租賃業；H703110 老人住宅業；J901020 一般旅館業,臺北市,變更,11506
24960247,永達自力更新管理顧問股份有限公司,臺北市信義區松德路161號8樓,陳秀月,29000000,,115/06/25,特殊補正,H701010 住宅及大樓開發租售業；H701040 特定專業區開發業；H701050 投資興建公共建設業；H701060 新市鎮、新社區開發業；H701070 區段徵收及市地重劃代辦業；H701080 都市更新重建業；H701090 都市更新整建維護業；H702010 建築經理業；H703090 不動產買賣業；H703100 不動產租賃業,臺北市,變更,11506
24962224,牡來丹好有限公司,臺北市內湖區堤頂大道2段285號10樓,顏采薇,8000000,,115/06/01,減少所營事業變更修正章程,H201010 一般投資業；H202010 創業投資業；F401010 國際貿易業；I102010 投資顧問業；I103060 管理顧問業；I199990 其他顧問服務業；I301030 電子資訊供應服務業；I501010 產品設計業；IZ15010 市場研究及民意調查業；ZZ99999 除許可業務外，得經營法令非禁止或限制之業務,臺北市,變更,11506
24962272,瀚暘貿易股份有限公司,臺北市松山區八德路3段198之1號1樓,蔡曜鴻,2000000,,115/06/24,特殊補正,F105050 家具、寢具、廚房器具、裝設品批發業；F115010 首飾及貴金屬批發業；F115020 礦石批發業；F104110 布疋、衣著、鞋、帽、傘、服飾品批發業；F109070 文教、樂器、育樂用品批發業；F204110 布疋、衣著、鞋、帽、傘、服飾品零售業；F205040 家具、寢具、廚房器具、裝設品零售業；F209060 文教、樂器、育樂用品零售業；F215010 首飾及貴金屬零售業；F215020 礦石零售業,臺北市,變更,11506
24965073,微晶科股份有限公司,臺北市大安區光復南路306號11樓,王鴻鈞,80880000,,115/06/01,特殊補正,H201010 一般投資業；H703090 不動產買賣業；H703100 不動產租賃業；HZ99990 其他金融、保險及不動產業；JE01010 租賃業；CC01080 電子零組件製造業；E599010 配管工程業；E603010 電纜安裝工程業；E604010 機械安裝業；E605010 電腦設備安裝業,臺北市,變更,11506
24965762,棒點有限公司,臺北市信義區忠孝東路5段476號8樓,林健華,2000000,,115/06/05,特殊補正,F102020 食用油脂批發業；F102030 菸酒批發業；F102040 飲料批發業；F102050 茶葉批發業；F102170 食品什貨批發業；F102180 酒精批發業；F103010 飼料批發業；F104110 布疋、衣著、鞋、帽、傘、服飾品批發業；F105050 家具、寢具、廚房器具、裝設品批發業；F106010 五金批發業,臺北市,變更,11506
24966988,糖蛙線上娛樂股份有限公司,臺北市南港區園區街3號16樓之1,許宏斌,133050000,,115/06/24,增資(資本總額),CC01110 電腦及其週邊設備製造業；F118010 資訊軟體批發業；F218010 資訊軟體零售業；I301010 資訊軟體服務業；I301020 資料處理服務業；I301030 電子資訊供應服務業；I401010 一般廣告服務業；J303010 雜誌（期刊）出版業；J602010 演藝活動業；JZ99050 仲介服務業,臺北市,變更,11506
24969958,中國信託證券投資顧問股份有限公司,臺北市南港區經貿二路188號5樓及18樓,林明杉,300000000,,115/06/08,特殊補正,H304011 證券投資顧問業,臺北市,變更,11506
24970131,槐然數位股份有限公司,臺北市中正區忠孝東路1段85號9樓,廖文鐸,12000000,,115/06/25,特殊補正,E605010 電腦設備安裝業；F109070 文教、樂器、育樂用品批發業；F118010 資訊軟體批發業；F209060 文教、樂器、育樂用品零售業；F218010 資訊軟體零售業；F401010 國際貿易業；F601010 智慧財產權業；I199990 其他顧問服務業；I301010 資訊軟體服務業；I301020 資料處理服務業,臺北市,變更,11506
24970553,人宏建設股份有限公司,臺北市中山區中山北路3段30號4樓之2,謝守重,20000000,,115/06/12,特殊補正,H701010 住宅及大樓開發租售業；H701020 工業廠房開發租售業；H701050 投資興建公共建設業；H701060 新市鎮、新社區開發業；H703090 不動產買賣業；H703100 不動產租賃業；I401010 一般廣告服務業；E801010 室內裝潢業；F101050 水產品批發業；F102170 食品什貨批發業,臺北市,變更,11506
24971309,中法興資產股份有限公司,臺北市信義區光復南路521號9樓之6,張坤昱,210000000,,115/06/08,特殊補正,G801010 倉儲業；CB01990 其他機械製造業；H703090 不動產買賣業；H703100 不動產租賃業；I103060 管理顧問業；F401010 國際貿易業；F113050 電腦及事務性機器設備批發業；JE01010 租賃業；ZZ99999 除許可業務外，得經營法令非禁止或限制之業務；H701010 住宅及大樓開發租售業,臺北市,變更,11506
24973088,漢碁股份有限公司,臺北市南港區園區街3號12樓之5,陳貴弘,143000000,,115/06/23,特殊補正,H201010 一般投資業；I102010 投資顧問業；ZZ99999 除許可業務外，得經營法令非禁止或限制之業務,臺北市,變更,11506
24974853,三思資訊股份有限公司,臺北市大安區忠孝東路4段300號5樓,鮑立羲,1000000,,115/06/10,公司所在地,I301010 資訊軟體服務業；I301020 資料處理服務業；I301030 電子資訊供應服務業；F118010 資訊軟體批發業；F218010 資訊軟體零售業；F401010 國際貿易業；F601010 智慧財產權業；F113050 電腦及事務性機器設備批發業；F399990 其他綜合零售業；I103060 管理顧問業,臺北市,變更,11506
24975678,台灣昕諾飛股份有限公司,臺北市南港區忠孝東路7段508號2樓之1,郭家彰,100000000,,115/06/04,改派董事/監察人,CC01030 電器及視聽電子產品製造業；CC01040 照明設備製造業；CC01080 電子零組件製造業；CC01110 電腦及其週邊設備製造業；CC01120 資料儲存媒體製造及複製業；E601010 電器承裝業；E603050 自動控制設備工程業；E603080 交通號誌安裝工程業；E603090 照明設備安裝工程業；E604010 機械安裝業,臺北市,變更,11506
25042506,穎嘉產業科技股份有限公司,臺北市大安區信義路3段153號4樓,陳坤宏,27000000,,115/06/10,減資,F107200 化學原料批發業；F113050 電腦及事務性機器設備批發業；F119010 電子材料批發業；F207200 化學原料零售業；F213030 電腦及事務性機器設備零售業；F219010 電子材料零售業；F401010 國際貿易業；IG02010 研究發展服務業；ZZ99999 除許可業務外，得經營法令非禁止或限制之業務；F113010 機械批發業,臺北市,變更,11506
25076842,雅峰小客車租賃有限公司,臺北市松山區撫遠街390巷28號1樓,許瓊文,10000000,,115/06/25,補繳規費,G101041 小客車租賃業；F114010 汽車批發業；F214010 汽車零售業；F214030 汽、機車零件配備零售業；IZ12010 人力派遣業；IZ99990 其他工商服務業；G799990 其他運輸輔助業；JA01990 其他汽車服務業；ZZ99999 除許可業務外，得經營法令非禁止或限制之業務,臺北市,變更,11506
25092358,東興事務機器有限公司,臺北市內湖區新明路380巷4弄17號1樓,胡國平,3500000,,115/06/02,增資,F113020 電器批發業；F113050 電腦及事務性機器設備批發業；F113070 電信器材批發業；F118010 資訊軟體批發業；F119010 電子材料批發業；F209060 文教、樂器、育樂用品零售業；F213010 電器零售業；F213030 電腦及事務性機器設備零售業；F213060 電信器材零售業；I301010 資訊軟體服務業,臺北市,變更,11506
25104214,泰緯生命科技股份有限公司,臺北市松山區東興路12號2樓,葛樹人,707399260,,115/06/12,補繳規費,IG01010 生物技術服務業；I199990 其他顧問服務業；IZ99990 其他工商服務業；F601010 智慧財產權業；F107200 化學原料批發業；F207200 化學原料零售業；F113030 精密儀器批發業；F401010 國際貿易業；ZZ99999 除許可業務外，得經營法令非禁止或限制之業務,臺北市,變更,11506
25104360,金郁奈米材料股份有限公司,臺北市松山區南京東路5段34號12樓之1,李鎂慧,4500000,,115/06/09,改選董事/監察人(一人法人股東指派董事/監察人),F107030 清潔用品批發業；F107080 環境用藥批發業；F107170 工業助劑批發業；F207030 清潔用品零售業；F207080 環境用藥零售業；F207170 工業助劑零售業；F401010 國際貿易業；ZZ99999 除許可業務外，得經營法令非禁止或限制之業務,臺北市,變更,11506
25105683,加築實業股份有限公司,臺北市中正區忠孝東路2段134巷30號14樓,陳怡樺,5000000,,115/06/29,改選董事/監察人(一人法人股東指派董事/監察人),F105050 家具、寢具、廚房器具、裝設品批發業；F111090 建材批發業；F113020 電器批發業；F119010 電子材料批發業；F401010 國際貿易業；E801010 室內裝潢業；I503010 景觀、室內設計業；H701010 住宅及大樓開發租售業；H703090 不動產買賣業；H703100 不動產租賃業,臺北市,變更,11506
25107459,愛薇樂國際有限公司,臺北市北投區光明路26號27樓之2,江卓穎,2000000,,115/06/02,公司所在地,F109070 文教、樂器、育樂用品批發業；F209060 文教、樂器、育樂用品零售業；F213030 電腦及事務性機器設備零售業；F213060 電信器材零售業；I301030 電子資訊供應服務業；J399010 軟體出版業；F104110 布疋、衣著、鞋、帽、傘、服飾品批發業；F204110 布疋、衣著、鞋、帽、傘、服飾品零售業；F401010 國際貿易業；ZZ99999 除許可業務外，得經營法令非禁止或限制之業務,臺北市,變更,11506
25115697,梅林水果有限公司,臺北市中正區開封街1段81號,袁勝雄,5000000,,115/06/03,公司印鑑變更,F101130 蔬果批發業；F102170 食品什貨批發業；F201010 農產品零售業；F203010 食品什貨、飲料零售業；F401010 國際貿易業；I101070 農、林、漁、畜牧顧問業；ZZ99999 除許可業務外，得經營法令非禁止或限制之業務,臺北市,變更,11506
25116268,權益智權管理顧問有限公司,臺北市松山區八德路3段27號5樓之1,李世森,300000,,115/06/25,公司所在地,F601010 智慧財產權業；I103060 管理顧問業；I199990 其他顧問服務業；ZZ99999 除許可業務外，得經營法令非禁止或限制之業務,臺北市,變更,11506
25120495,艾斯比國際貿易股份有限公司,臺北市松山區光復北路11巷46號3樓,陳二玄,84110000,,115/06/18,改選董事/監察人(一人法人股東指派董事/監察人),F109070 文教、樂器、育樂用品批發業；F209060 文教、樂器、育樂用品零售業；F401010 國際貿易業；F107190 塑膠膜、袋批發業；F207190 塑膠膜、袋零售業；ZZ99999 除許可業務外，得經營法令非禁止或限制之業務,臺北市,變更,11506
25120832,一象科技股份有限公司,臺北市大安區大安路1段206巷11號1樓,林育生,60000000,,115/06/08,補繳規費,CC01030 電器及視聽電子產品製造業；CC01080 電子零組件製造業；CC01110 電腦及其週邊設備製造業；CC01120 資料儲存媒體製造及複製業；F108031 醫療器材批發業；F208031 醫療器材零售業；F113050 電腦及事務性機器設備批發業；F213030 電腦及事務性機器設備零售業；F113070 電信器材批發業；F118010 資訊軟體批發業,臺北市,變更,11506
25121282,彤達餐飲股份有限公司,臺北市大安區羅斯福路3段277之10號,楊欣,7652200,,115/06/08,改選董事/監察人(一人法人股東指派董事/監察人),I102010 投資顧問業；I103060 管理顧問業；I401010 一般廣告服務業；I501010 產品設計業；IZ15010 市場研究及民意調查業；J202010 產業育成業；J601010 藝文服務業；F401010 國際貿易業；F501030 飲料店業；F501060 餐館業,臺北市,變更,11506
25132345,敦泰興業股份有限公司,臺北市中山區長春路172號8樓之7,羅惠民,20000000,,115/06/09,公司所在地,H701010 住宅及大樓開發租售業；H701020 工業廠房開發租售業；H701040 特定專業區開發業；H701050 投資興建公共建設業；H701060 新市鎮、新社區開發業；H701070 區段徵收及市地重劃代辦業；H701080 都市更新重建業；H701090 都市更新整建維護業；H702010 建築經理業；H703090 不動產買賣業,臺北市,變更,11506
25133772,志生不動產股份有限公司,臺北市中山區民權東路三段65號1樓,張榮華,578046910,,115/06/25,董事(常務董事.董事長)/監察人解任,H201010 一般投資業；H701010 住宅及大樓開發租售業；H701020 工業廠房開發租售業；H701040 特定專業區開發業；H701050 投資興建公共建設業；H701080 都市更新重建業；H701090 都市更新整建維護業；H703090 不動產買賣業；H703100 不動產租賃業；I103060 管理顧問業,臺北市,變更,11506
25133908,富日國際股份有限公司,臺北市中山區南京東路2段137號6樓,郭耀文,10000000,,115/06/26,特殊補正,F401010 國際貿易業；F399040 無店面零售業；F203010 食品什貨、飲料零售業；F108040 化粧品批發業；F208040 化粧品零售業；IZ12010 人力派遣業；I301030 電子資訊供應服務業；F206020 日常用品零售業；I103060 管理顧問業；I501010 產品設計業,臺北市,變更,11506
25138235,娜亞資訊科技股份有限公司,臺北市中山區民權西路70號3樓,為廣曉雄,12000000,,115/06/09,補繳規費,E605010 電腦設備安裝業；E701020 衛星電視ＫＵ頻道、Ｃ頻道器材安裝業；E701030 電信管制射頻器材裝設工程業；F102170 食品什貨批發業；F118010 資訊軟體批發業；F119010 電子材料批發業；F203010 食品什貨、飲料零售業；F401010 國際貿易業；I102010 投資顧問業；I103060 管理顧問業,臺北市,變更,11506
25139332,楓韻開發股份有限公司,臺北市大安區義安里敦化南路二段99號28樓,徐楓,535500000,,115/06/15,董監事人數變更修正章程,H701010 住宅及大樓開發租售業；H701020 工業廠房開發租售業；H701040 特定專業區開發業；H701050 投資興建公共建設業；H701060 新市鎮、新社區開發業；H701070 區段徵收及市地重劃代辦業；H701080 都市更新重建業；H701090 都市更新整建維護業；H702010 建築經理業；H703090 不動產買賣業,臺北市,變更,11506
25139797,環輿科技股份有限公司,臺北市大安區忠孝東路4段310號4樓,管永愷,7500000,,115/06/29,改選董事/監察人(一人法人股東指派董事/監察人),I199990 其他顧問服務業；I301010 資訊軟體服務業；I301020 資料處理服務業；I301030 電子資訊供應服務業；IG03010 能源技術服務業；IZ09010 管理系統驗證業；IZ12010 人力派遣業；F113100 污染防治設備批發業；F118010 資訊軟體批發業；F207080 環境用藥零售業,臺北市,變更,11506
25144145,達恩國際開發有限公司,臺北市大同區承德路2段81號8樓,何淑慧,2000000,,115/06/15,公司所在地,F104110 布疋、衣著、鞋、帽、傘、服飾品批發業；F204110 布疋、衣著、鞋、帽、傘、服飾品零售業；F401010 國際貿易業；ZZ99999 除許可業務外，得經營法令非禁止或限制之業務,臺北市,變更,11506
25146410,安弘投資股份有限公司,臺北市內湖區內湖路1段360巷17號5樓,莊雲美,9500000,,115/06/15,減資,H201010 一般投資業,臺北市,變更,11506
25146426,普世開發股份有限公司,臺北市中山區植福路286巷30號9樓,朱英帆,38500000,,115/06/16,減資,F401010 國際貿易業；F104110 布疋、衣著、鞋、帽、傘、服飾品批發業；F108040 化粧品批發業；F109070 文教、樂器、育樂用品批發業；F110010 鐘錶批發業；F110020 眼鏡批發業；F115010 首飾及貴金屬批發業；F204110 布疋、衣著、鞋、帽、傘、服飾品零售業；F208040 化粧品零售業；F208050 乙類成藥零售業,臺北市,變更,11506
25173458,台灣泰崧精品企業股份有限公司,臺北市信義區信義路4段456號21樓之1,呂美月,130000000,,115/06/26,改派董事/監察人,F104110 布疋、衣著、鞋、帽、傘、服飾品批發業；F204110 布疋、衣著、鞋、帽、傘、服飾品零售業；F105050 家具、寢具、廚房器具、裝設品批發業；F106050 陶瓷玻璃器皿批發業；F205040 家具、寢具、廚房器具、裝設品零售業；F106020 日常用品批發業；F206020 日常用品零售業；F108040 化粧品批發業；F208040 化粧品零售業；F209060 文教、樂器、育樂用品零售業,臺北市,變更,11506
25188620,塔圖科技股份有限公司,臺北市大安區信義路4段267號11樓,楊長峯,144784650,,115/06/23,改選董事/監察人(一人法人股東指派董事/監察人),I301010 資訊軟體服務業；I301020 資料處理服務業；I401010 一般廣告服務業；IZ13010 網路認證服務業；IZ99990 其他工商服務業；F113050 電腦及事務性機器設備批發業；F118010 資訊軟體批發業；ZZ99999 除許可業務外，得經營法令非禁止或限制之業務,臺北市,變更,11506
27240313,香港商雅虎資訊股份有限公司,臺北市南港區三重路66號14樓,陳國煇,6038584500,,115/06/26,在中華民國所營事業減少登記,F118010 資訊軟體批發業；F218010 資訊軟體零售業；I301010 資訊軟體服務業；I301020 資料處理服務業；I301030 電子資訊供應服務業；I103060 管理顧問業；I401010 一般廣告服務業；F401010 國際貿易業；ZZ99999 除許可業務外，得經營法令非禁止或限制之業務；F301010 百貨公司業,臺北市,變更,11506
27251850,英商永利國際事業股份有限公司,臺北市信義區松仁路89號2樓,"KRUM,Jacqui",1000000,,115/06/15,改派在中華民國境內負責人變更登記,I102010 投資顧問業；JZ99050 仲介服務業；JB01010 展覽服務業；F109070 文教、樂器、育樂用品批發業；F209060 文教、樂器、育樂用品零售業；F401010 國際貿易業；I401010 一般廣告服務業；IZ99990 其他工商服務業；ZZ99999 ９除許可業務外，得經營法令非禁止或限制之業務。,臺北市,變更,11506
27252915,英屬蓋曼群島商防特網股份有限公司,臺北市內湖區行愛路176號2樓,費戴克蘭,1000000,,115/06/10,本公司董事及其他負責人變更,F401010 國際貿易業；I301010 資訊軟體服務業；I301020 資料處理服務業；I103060 管理顧問業；ZZ99999 除許可業務外，得經營法令非禁止或限制之業務,臺北市,變更,11506
27256145,滙揚創業投資股份有限公司,臺北市大安區敦化南路2段59號20樓,蔡文賢,27300140,,115/06/22,特殊補正,H202010 創業投資業,臺北市,變更,11506
27264905,新聯華國際旅行社股份有限公司,臺北市中山區長安東路1段18號6樓,徐麗敏,49950000,,115/06/15,特殊補正,J902011 旅行業,臺北市,變更,11506
27280779,聖筌國際有限公司,臺北市中正區金門街12之1號1樓,,5000000,,115/06/16,特殊補正,F106010 五金批發業；F106020 日常用品批發業；F106040 水器材料批發業；F119010 電子材料批發業；F206010 五金零售業；F206040 水器材料零售業；F219010 電子材料零售業；F401010 國際貿易業；F102040 飲料批發業；F102170 食品什貨批發業,臺北市,變更,11506
27282256,逢達不動產開發顧問股份有限公司,臺北市信義區松德路161號8樓,黃明達,20000000,,115/06/23,特殊補正,H701040 特定專業區開發業；H701050 投資興建公共建設業；H701060 新市鎮、新社區開發業；H701070 區段徵收及市地重劃代辦業；H701080 都市更新業；H703090 不動產買賣業；H703100 不動產租賃業；I102010 投資顧問業；I103060 管理顧問業；JZ99050 仲介服務業,臺北市,變更,11506
27308489,亞橘投資股份有限公司,臺北市內湖區瑞湖街111號,劉柏園,90000000,,115/06/18,減資,H201010 一般投資業,臺北市,變更,11506
27312364,富億通投資開發有限公司,臺北市士林區仰德大道1段91巷47號,蔡雨潔,20000000,,115/06/17,改推董事/董事長,H201010 一般投資業,臺北市,變更,11506
27315812,吉立富資訊管理股份有限公司,臺北市大安區忠孝東路4段87號10樓之2,劉詩聖,230000000,,115/06/25,特殊補正,I301020 資料處理服務業；I103050 創業投資事業管理顧問業；F401010 國際貿易業；I301010 資訊軟體服務業；I301030 電子資訊供應服務業；JE01010 租賃業；F113050 電腦及事務性機器設備批發業；IZ12010 人力派遣業；ZZ99999 除許可業務外，得經營法令非禁止或限制之業務,臺北市,變更,11506
27318281,藝拓國際股份有限公司,臺北市信義區基隆路1段159號13樓,曾國源,15000000,,115/06/29,董事/監察人持股變動報備,F601010 智慧財產權業；I105010 藝術品諮詢顧問業；I501010 產品設計業；J303010 雜誌（期刊）出版業；J304010 圖書出版業；J305010 有聲出版業；JB01010 會議及展覽服務業；JZ99050 仲介服務業；J602010 演藝活動業；J803010 運動表演業,臺北市,變更,11506
27320408,松肯營造工程有限公司,臺北市大安區和平東路1段77號3樓,羅秀貞,40000000,,115/06/26,股東出資轉讓修正章程,E101011 綜合營造業,臺北市,變更,11506
27320961,傑眾公共關係顧問股份有限公司,臺北市松山區南京東路5段202號8樓之4,王少甫,4500000,,115/06/29,特殊補正,F401010 國際貿易業；I501010 產品設計業；I401020 廣告傳單分送業；I401010 一般廣告服務業；I301030 電子資訊供應服務業；I301020 資料處理服務業；I301010 資訊軟體服務業；I103010 企業經營管理顧問業；I102010 投資顧問業；JB01010 展覽服務業,臺北市,變更,11506
27322308,敦元建設股份有限公司,臺北市內湖區金湖路95號,吳為國,30000000,,115/06/30,特殊補正,H701080 都市更新業；H701010 住宅及大樓開發租售業；H701040 特定專業區開發業；H701060 新市鎮、新社區開發業；H701070 區段徵收及市地重劃代辦業；H701020 工業廠房開發租售業；H703090 不動產買賣業；H703100 不動產租賃業；H701050 投資興建公共建設業；I601010 租賃業,臺北市,變更,11506
27323708,立綸股份有限公司,臺北市松山區南京東路4段171號12樓之4,蘇崇文,17500000,,115/06/29,改選董事/監察人(一人法人股東指派董事/監察人),H703100 不動產租賃業；ZZ99999 除許可業務外，得經營法令非禁止或限制之業務,臺北市,變更,11506
27324397,威瑞國際股份有限公司,臺北市大同區重慶北路2段67號12樓,曾瑞霞,20000000,,115/06/17,特殊補正,F104110 布疋、衣著、鞋、帽、傘、服飾品批發業；F204110 布疋、衣著、鞋、帽、傘、服飾品零售業；F106020 日常用品批發業；F206020 日常用品零售業；F106040 水器材料批發業；F206040 水器材料零售業；F113020 電器批發業；F213010 電器零售業；F401010 國際貿易業；ZZ99999 除許可業務外，得經營法令非禁止或限制之業務,臺北市,變更,11506
27327937,府城館生物科技事業有限公司,臺北市南港區忠孝東路6段310號7樓,盧靖穎,4000000,,115/06/26,特殊補正,F101020 蔬菜批發業。；F101030 水果批發業；F101040 畜產品批發業；F101050 水產品批發業；F102010 冷凍食品批發業；F102070 罐頭食品批發業；F102080 脫水食品批發業；F102090 醃漬食品批發業；F102130 調味品批發業；F102150 食用冰批發業,臺北市,變更,11506
27340690,昇輝投資股份有限公司,臺北市內湖區洲子街101號7樓,趙玉華,3000000,,115/06/04,特殊補正,H201010 一般投資業；H701010 住宅及大樓開發租售業；H701080 都市更新重建業；H703100 不動產租賃業,臺北市,變更,11506
27345816,廣盛科技股份有限公司,臺北市內湖區瑞湖街103號4樓,陳志鵬,95442840,,115/06/08,特殊補正,CC01050 資料儲存及處理設備製造業。；E605010 電腦設備安裝業；F113050 事務性機器設備批發業；F118010 資訊軟體批發業；F119010 電子材料批發業；F213030 事務性機器設備零售業；F213040 精密儀器零售業；F218010 資訊軟體零售業；F219010 電子材料零售業；F401010 國際貿易業,臺北市,變更,11506
27354125,分享旅行社股份有限公司,臺北市大安區和平東路2段175巷15弄12號,李奇嶽,6000000,,115/06/17,法人股東更名、國籍、地址變更,J902011 旅行業,臺北市,變更,11506
27358425,遠企齒研有限公司,臺北市內湖區瑞光路26巷20弄28號2樓,陳宏毅,29500000,,115/06/24,特殊補正,F108031 醫療器材批發業；F208031 醫療器材零售業；F113050 電腦及事務性機器設備批發業；F213030 電腦及事務性機器設備零售業；F113990 其他機械器具批發業；F213990 其他機械器具零售業；F109070 文教、樂器、育樂用品批發業；F209060 文教、樂器、育樂用品零售業；F113030 精密儀器批發業；F213040 精密儀器零售業,臺北市,變更,11506
27358608,德勝航運股份有限公司,臺北市松山區敦化北路167號6樓,莊壯麗,300000000,,115/06/29,特殊補正,G405010 貨櫃出租業；G801010 倉儲業；I102010 投資顧問業；I103060 管理顧問業；IZ06010 理貨包裝業；JE01010 租賃業；F401010 國際貿易業；G301011 船舶運送業；ZZ99999 除許可業務外，得經營法令非禁止或限制之業務,臺北市,變更,11506
27359233,吉吉田企業有限公司,臺北市大同區重慶北路2段15號4樓,簡嘉成,29000000,,115/06/18,股東出資轉讓修正章程,ZZ99999 除許可業務外，得經營法令非禁止或限制之業務,臺北市,變更,11506
27364741,詮橋科技有限公司,臺北市信義區基隆路1段109之6號4樓之2,詹裕恒,6000000,,115/06/08,股東出資轉讓修正章程,F401010 國際貿易業；F107170 工業助劑批發業；F207170 工業助劑零售業；F119010 電子材料批發業；F219010 電子材料零售業；ZZ99999 除許可業務外，得經營法令非禁止或限制之業務,臺北市,變更,11506
27365925,富邦媒體科技股份有限公司,臺北市內湖區洲子街96號4樓,蔡明忠,2649752750,,115/06/11,改選董事/監察人(一人法人股東指派董事/監察人),J503020 電視節目製作業；J503010 廣播節目製作業；J503030 廣播電視節目發行業；J503040 廣播電視廣告業；J503050 錄影節目帶業；F108031 醫療器材批發業；F208031 醫療器材零售業；F208050 乙類成藥零售業；F401161 菸類輸入業；F401171 酒類輸入業,臺北市,變更,11506
27451061,煒鉑投資股份有限公司,臺北市信義區忠孝東路5段1之6號14樓,范淑珍,120600000,,115/06/05,特殊補正,H201010 一般投資業,臺北市,變更,11506
27523163,友立群有限公司,臺北市萬華區西園路1段145號（龍山寺地下街商場22號店舖）,洪文和,500000,,115/06/22,股東出資轉讓修正章程,F210010 鐘錶零售業；F215010 首飾及貴金屬零售業；F206020 日常用品零售業；F209060 文教、樂器、育樂用品零售業；F213030 電腦及事務性機器設備零售業；F204110 布疋、衣著、鞋、帽、傘、服飾品零售業；F399990 其他綜合零售業；I103060 管理顧問業,臺北市,變更,11506
27524542,大器聯合室內裝修設計股份有限公司,臺北市文山區萬慶街38之1號2樓,黃裕傑,6000000,,115/06/30,特殊補正,I103060 管理顧問業；I101080 工、礦顧問業；E801010 室內裝潢業；E801060 室內裝修業；E901010 油漆工程業；F111090 建材批發業；F211010 建材零售業；I105010 藝術品諮詢顧問業；I401010 一般廣告服務業；I503010 景觀設計業,臺北市,變更,11506
27525697,文怡開發股份有限公司,臺北市內湖區瑞光路358巷30弄6號3樓,王香谷,30000000,,115/06/22,改選董事/監察人(一人法人股東指派董事/監察人),CC01080 電子零組件製造業；F102030 菸酒批發業；F105050 家具、寢具、廚房器具、裝設品批發業；F110010 鐘錶批發業；F203020 菸酒零售業；F205040 家具、寢具、廚房器具、裝設品零售業；F210010 鐘錶零售業；F401010 國際貿易業；H703090 不動產買賣業；H703100 不動產租賃業,臺北市,變更,11506
27526801,觀策整合行銷有限公司,臺北市大安區敦化南路2段76號21樓,劉茗銓,10000000,,115/06/24,特殊補正,F401010 國際貿易業；I401010 一般廣告服務業；I103060 管理顧問業；I301030 電子資訊供應服務業；IZ99990 其他工商服務業；J304010 圖書出版業；J305010 有聲出版業；J601010 藝文服務業；J602010 演藝活動業；J803010 運動表演業,臺北市,變更,11506
27530930,振弘興業股份有限公司,臺北市松山區復興北路167號7樓,蕭守惠,2000000,,115/06/18,特殊補正,F110020 眼鏡批發業；F113050 電腦及事務性機器設備批發業；F119010 電子材料批發業；F106010 五金批發業；F106020 日常用品批發業；F401010 國際貿易業；ZZ99999 除許可業務外，得經營法令非禁止或限制之業務,臺北市,變更,11506
27538258,樂文股份有限公司,臺北市大安區敦化南路2段2號10樓,陳陞,60000000,,115/06/15,改選董事/監察人(一人法人股東指派董事/監察人),E604010 機械安裝業；F112040 石油製品批發業；F107010 漆料、塗料批發業；F401010 國際貿易業；F113010 機械批發業；F114030 汽、機車零件配備批發業；JA01010 汽車修理業；F114010 汽車批發業；I199990 其他顧問服務業；IZ12010 人力派遣業,臺北市,變更,11506
27542648,新陳投資股份有限公司,臺北市信義區松仁路36號11樓之1,陳志明,1212000000,,115/06/09,公司所在地,H201010 一般投資業；H703090 不動產買賣業；H703100 不動產租賃業；H701010 住宅及大樓開發租售業；ZZ99999 除許可業務外，得經營法令非禁止或限制之業務,臺北市,變更,11506
27551955,緯能凱能電子股份有限公司,臺北市南港區重陽路263巷4號4樓,張敏宏,19000000,,115/06/10,公司所在地,CC01060 有線通信機械器材製造業；CC01070 無線通信機械器材製造業；CC01080 電子零組件製造業；CC01110 電腦及其週邊設備製造業；F113050 電腦及事務性機器設備批發業；F113070 電信器材批發業；F119010 電子材料批發業；F401010 國際貿易業；ZZ99999 除許可業務外，得經營法令非禁止或限制之業務,臺北市,變更,11506
27553222,君壘建設股份有限公司,臺北市中正區杭州南路1段12號,黃馨瑩,113500000,,115/06/05,增資(資本總額),H701010 住宅及大樓開發租售業；I503010 景觀、室內設計業；E801010 室內裝潢業；I502010 服飾設計業；G202010 停車場經營業；JZ99050 仲介服務業；F111090 建材批發業；H701020 工業廠房開發租售業；H701050 投資興建公共建設業,臺北市,變更,11506
27555973,人揚長遠科技股份有限公司,臺北市內湖區新湖二路345號7樓,林孟佑,20000000,,115/06/15,特殊補正,CC01120 資料儲存媒體製造及複製業；CC01060 有線通信機械器材製造業；CC01070 無線通信機械器材製造業；CE01040 鐘錶製造業；I301010 資訊軟體服務業；I301030 電子資訊供應服務業；E605010 電腦設備安裝業；F113070 電信器材批發業；F118010 資訊軟體批發業；F401010 國際貿易業,臺北市,變更,11506
27558079,大智電子科技有限公司,臺北市內湖區新湖一路88號4樓,馬治健,20000000,,115/06/08,特殊補正,E605010 電腦設備安裝業；F113050 電腦及事務性機器設備批發業；F118010 資訊軟體批發業；F119010 電子材料批發業；F213030 電腦及事務性機器設備零售業；F218010 資訊軟體零售業；F219010 電子材料零售業；F401010 國際貿易業；I301010 資訊軟體服務業；I301020 資料處理服務業,臺北市,變更,11506
27558562,英瀚科技工程股份有限公司,臺北市大同區重慶北路1段1號5樓,董妍瑋,4780000,,115/06/22,特殊補正,E901010 油漆工程業；EZ02010 起重工程業；E801010 室內裝潢業；F107030 清潔用品批發業；F106010 五金批發業；E599010 配管工程業；F107080 環境用藥批發業；F207080 環境用藥零售業；F113100 污染防治設備批發業；E502010 燃料導管安裝工程業,臺北市,變更,11506
27568702,知識流出版股份有限公司,臺北市信義區信義路4段415號14樓之2,周翠如,6000000,,115/06/05,特殊補正,ZZ99999 除許可業務外，得經營法令非禁止或限制之業務,臺北市,變更,11506
27569250,家園不動產股份有限公司,臺北市松山區南京東路5段399號3樓之1,何秀鏡,1000000,,115/06/11,特殊補正,H704031 不動產仲介經紀業；H704041 不動產代銷經紀業；ZZ99999 除許可業務外，得經營法令非禁止或限制之業務,臺北市,變更,11506
27569391,育創科技有限公司,臺北市南港區忠孝東路5段815號6樓,林素惠,500000,,115/06/25,補繳規費,I301010 資訊軟體服務業；I301020 資料處理服務業；I301030 電子資訊供應服務業；F213030 電腦及事務性機器設備零售業；F218010 資訊軟體零售業；F113050 電腦及事務性機器設備批發業；F118010 資訊軟體批發業,臺北市,變更,11506
27570215,雅祥生技醫藥股份有限公司,臺北市松山區復興北路367號9樓,張鴻仁,1370000000,,115/06/25,修正章程,C801030 精密化學材料製造業；C801990 其他化學材料製造業；C802100 化粧品製造業；C802990 其他化學製品製造業；F107990 其他化學製品批發業；F207990 其他化學製品零售業；F107200 化學原料批發業；F207200 化學原料零售業；F108040 化粧品批發業；F102170 食品什貨批發業,臺北市,變更,11506
27570427,大都會國際移動事務股份有限公司,臺北市松山區敦化北路102號10樓,陳應富,35000000,,115/06/29,特殊補正,H201010 一般投資業；H202010 創業投資業；I103060 管理顧問業；JZ99050 仲介服務業；JA05010 留、遊學服務業；JA04011 移民服務業；ZZ99999 除許可業務外，得經營法令非禁止或限制之業務,臺北市,變更,11506
27571256,緯德科技股份有限公司,臺北市松山區敦化北路207號8樓之13,陳柏涵,1500000,,115/06/09,特殊補正,CC01080 電子零組件製造業；E605010 電腦設備安裝業；E701010 通信工程業；EZ05010 儀器、儀表安裝工程業；F102170 食品什貨批發業；F109070 文教、樂器、育樂用品批發業；F209060 文教、樂器、育樂用品零售業；F113030 精密儀器批發業；F213040 精密儀器零售業；F113050 電腦及事務性機器設備批發業,臺北市,變更,11506
27572261,燊燊有限公司,臺北市大安區敦化南路1段225號7樓之2,鍾雯,2000000,,115/06/05,特殊補正,F104110 布疋、衣著、鞋、帽、傘、服飾品批發業；F105050 家具、寢具、廚房器具、裝設品批發業；F109070 文教、樂器、育樂用品批發業；F204110 布疋、衣著、鞋、帽、傘、服飾品零售業；F205040 家具、寢具、廚房器具、裝設品零售業；F209060 文教、樂器、育樂用品零售業；F401010 國際貿易業；I103060 管理顧問業；I401010 一般廣告服務業；I502010 服飾設計業,臺北市,變更,11506
27573487,福星顧問有限公司,臺北市中山區復興北路178號2樓,張博能,500000,,115/06/26,公司名稱變更修正章程,I199990 其他顧問服務業；I103060 管理顧問業；F209060 文教、樂器、育樂用品零售業；F401010 國際貿易業；F203010 食品什貨、飲料零售業；J304010 圖書出版業；J305010 有聲出版業；ZZ99999 除許可業務外，得經營法令非禁止或限制之業務,臺北市,變更,11506
27574839,京潤科技股份有限公司,臺北市南港區三重路19之9號6樓,姚其賢,13786820,,115/06/05,改選董事/監察人(一人法人股東指派董事/監察人),CC01080 電子零組件製造業；F119010 電子材料批發業；F219010 電子材料零售業；I501010 產品設計業；ZZ99999 除許可業務外，得經營法令非禁止或限制之業務,臺北市,變更,11506
27577717,盛大資訊股份有限公司,臺北市中山區樂群二路267號5樓之6,江威娜,124000000,,115/06/29,特殊補正,F113050 電腦及事務性機器設備批發業；F118010 資訊軟體批發業；F119010 電子材料批發業；F213030 電腦及事務性機器設備零售業；F218010 資訊軟體零售業；F219010 電子材料零售業；F401010 國際貿易業；I301010 資訊軟體服務業；I301020 資料處理服務業；I301030 電子資訊供應服務業,臺北市,變更,11506
27715205,亞勝財產保險代理人股份有限公司,臺北市信義區信義路4段460號20樓,Clifton Sentrell Sain,5000000,,115/06/23,改選董事/監察人(一人法人股東指派董事/監察人),H601021 財產保險代理人,臺北市,變更,11506
27719758,美創光科技股份有限公司,臺北市內湖區行善路48巷18號3樓之3,張震亞,20000000,,115/06/08,特殊補正,F113020 電器批發業；F213010 電器零售業；F119010 電子材料批發業；F219010 電子材料零售業；F113050 電腦及事務性機器設備批發業；F213030 電腦及事務性機器設備零售業；F118010 資訊軟體批發業；F218010 資訊軟體零售業；F401010 國際貿易業；E601020 電器安裝業,臺北市,變更,11506
27720609,宏福百貨企業有限公司,臺北市萬華區西園路1段145號(龍山寺地下街商場21號店舖),梁琮鈞,504000,,115/06/23,股東出資轉讓修正章程,F204110 布疋、衣著、鞋、帽、傘、服飾品零售業；F205040 家具、寢具、廚房器具、裝設品零售業；F206020 日常用品零售業；F208040 化粧品零售業；F210010 鐘錶零售業；F210020 眼鏡零售業；F213010 電器零售業；F213060 電信器材零售業；F215010 首飾及貴金屬零售業；F399010 便利商店業,臺北市,變更,11506
27725479,臺北紅獅有限公司,臺北市士林區天母北路87巷2弄6號2樓,毛一風,2000000,,115/06/11,公司名稱變更修正章程,ZZ99999 除許可業務外，得經營法令非禁止或限制之業務；J801030 競技及休閒運動場館業；J802010 運動訓練業；J803010 運動表演業；J903020 登山嚮導業；F104110 布疋、衣著、鞋、帽、傘、服飾品批發業；J803020 運動比賽業；J602010 演藝活動業；I199990 其他顧問服務業,臺北市,變更,11506
27726934,平台科技股份有限公司,臺北市信義區基隆路2段149之16號10樓,潘振球,36236800,,115/06/12,改選董事/監察人(一人法人股東指派董事/監察人),F401010 國際貿易業；F103010 飼料批發業；F106060 寵物食品及其用品批發業；F107020 染料、顏料批發業；F107060 毒性及關注化學物質批發業；F107170 工業助劑批發業；F107200 化學原料批發業；F121010 食品添加物批發業；F202010 飼料零售業；F206050 寵物食品及其用品零售業,臺北市,變更,11506
27731697,勁揚國際旅行社有限公司,臺北市信義區和平東路3段525號,張文林,10000000,,115/06/11,公司所在地,J902011 旅行業,臺北市,變更,11506
27733549,鷹鼎科技股份有限公司,臺北市內湖區內湖路1段66號10樓,郭寶謙,25000000,,115/06/12,特殊補正,I301030 電子資訊供應服務業；I301020 資料處理服務業；F601010 智慧財產權業；I102010 投資顧問業；I301010 資訊軟體服務業；F119010 電子材料批發業；F219010 電子材料零售業；F118010 資訊軟體批發業；F218010 資訊軟體零售業；I103060 管理顧問業,臺北市,變更,11506
27737263,威士有限公司,臺北市內湖區陽光街345巷12號4樓,陳美淑,1000000,,115/06/11,特殊補正,F119010 電子材料批發業；F219010 電子材料零售業；F401010 國際貿易業；ZZ99999 除許可業務外，得經營法令非禁止或限制之業務,臺北市,變更,11506
27737799,東昇國際管理顧問股份有限公司,臺北市中正區忠孝東路2段130號9樓之5,菅野信之,5000000,,115/06/12,特殊補正,H701010 住宅及大樓開發租售業；H701020 工業廠房開發租售業；H704031 不動產仲介經紀業；H706011 租賃住宅代管業；H706021 租賃住宅包租業；I102010 投資顧問業；I103060 管理顧問業；I199990 其他顧問服務業；J304010 圖書出版業；JE01010 租賃業,臺北市,變更,11506
27738404,敦銘科技有限公司,臺北市士林區承德路4段327號,劉大中,5000000,,115/06/02,特殊補正,F209060 文教、樂器、育樂用品零售業；F213110 電池零售業；F218010 資訊軟體零售業；F219010 電子材料零售業；F213010 電器零售業；F213030 電腦及事務性機器設備零售業；F207190 塑膠膜、袋零售業；I501010 產品設計業；F401010 國際貿易業；F107030 清潔用品批發業,臺北市,變更,11506
27739403,德丸倉儲有限公司,臺北市松山區八德路3段2號7樓之1,黃振進,3000000,,115/06/24,股東出資轉讓修正章程,G801010 倉儲業；ZZ99999 除許可業務外，得經營法令非禁止或限制之業務,臺北市,變更,11506
27740400,瑞信興業股份有限公司,臺北市南港區玉成街89號8樓之2,陳信佑,94000000,,115/06/15,改選董事/監察人(一人法人股東指派董事/監察人),H201010 一般投資業；ZZ99999 除許可業務外，得經營法令非禁止或限制之業務,臺北市,變更,11506
27743217,宏一通運股份有限公司,臺北市中山區南京東路2段69號6樓,林鴻昌,60000000,,115/06/02,特殊補正,G101051 遊覽車客運業；ZZ99999 除許可業務外，得經營法令非禁止或限制之業務,臺北市,變更,11506
27747608,世座建設股份有限公司,臺北市松山區基隆路1段38號11樓,陳世昌,180000000,,115/06/04,改選董事/監察人(一人法人股東指派董事/監察人),H701010 住宅及大樓開發租售業；H701080 都市更新重建業；H701090 都市更新整建維護業；H703090 不動產買賣業；H703100 不動產租賃業；F401010 國際貿易業；I401010 一般廣告服務業；E801010 室內裝潢業；I503010 景觀、室內設計業；F301010 百貨公司業,臺北市,變更,11506
27750379,達煬科技股份有限公司,臺北市內湖區潭美街539號11樓,王俞騛,29883000,,115/06/01,公司所在地,F118010 資訊軟體批發業；F218010 資訊軟體零售業；I301010 資訊軟體服務業；I301020 資料處理服務業；I301030 電子資訊供應服務業；J399010 軟體出版業；F119010 電子材料批發業；F219010 電子材料零售業；F113050 電腦及事務性機器設備批發業；F213030 電腦及事務性機器設備零售業,臺北市,變更,11506
27752545,國浦股份有限公司,臺北市內湖區新湖一路8號5樓,倪勇,1000000,,115/06/09,改選董事/監察人(一人法人股東指派董事/監察人),F111090 建材批發業；F120010 耐火材料批發業；ZZ99999 除許可業務外，得經營法令非禁止或限制之業務,臺北市,變更,11506
27757751,最靡國際視覺整合有限公司,臺北市大安區大安路1段224巷11號1樓,黃文志,2000000,,115/06/16,特殊補正,J303010 雜誌（期刊）出版業；J304010 圖書出版業；J399990 其他出版業；I401010 一般廣告服務業；I501010 產品設計業；JB01010 會議及展覽服務業；F401010 國際貿易業；ZZ99999 除許可業務外，得經營法令非禁止或限制之業務,臺北市,變更,11506
27764177,新光保險代理人股份有限公司,臺北市中正區重慶南路1段66之1號8樓,楊宗來,20000000,,115/06/08,特殊補正,H601011 人身保險代理人,臺北市,變更,11506
27765149,宜達國際開發股份有限公司,臺北市松山區光復北路7號地下1樓,汪宏財,10000000,,115/06/10,董事/監察人持股變動報備,F104110 布疋、衣著、鞋、帽、傘、服飾品批發業；F109070 文教、樂器、育樂用品批發業；F204110 布疋、衣著、鞋、帽、傘、服飾品零售業；F209060 文教、樂器、育樂用品零售業；F118010 資訊軟體批發業；F218010 資訊軟體零售業；F601010 智慧財產權業；F401010 國際貿易業；ZZ99999 除許可業務外，得經營法令非禁止或限制之業務,臺北市,變更,11506
27768238,台化地毯股份有限公司,臺北市內湖區南京東路6段388號9樓之1,洪福源,220371850,,115/06/22,改選董事/監察人(一人法人股東指派董事/監察人),C301010 紡紗業；C305010 印染整理業；C801120 人造纖維製造業；CI01020 毯、氈製造業；ZZ99999 除許可業務外，得經營法令非禁止或限制之業務,臺北市,變更,11506
27771542,學學國際文化創意事業股份有限公司,臺北市內湖區堤頂大道2段207號1、2樓,林伯實,80332400,,115/06/29,特殊補正,F209060 文教、樂器、育樂用品零售業；F301010 百貨公司業；F399010 便利商店業；F501060 餐館業；I102010 投資顧問業；I103060 管理顧問業；I199990 其他顧問服務業；I301010 資訊軟體服務業；I301030 電子資訊供應服務業；IZ12010 人力派遣業,臺北市,變更,11506
27824962,泰禾傳播有限公司,臺北市大安區敦化南路1段225號3樓之3,呂家柔,1000000,,115/06/22,特殊補正,F204110 布疋、衣著、鞋、帽、傘、服飾品零售業；F401010 國際貿易業；F601010 智慧財產權業；I501010 產品設計業；J303010 雜誌（期刊）出版業；J304010 圖書出版業；J305010 有聲出版業；J399990 其他出版業；J601010 藝文服務業；J602010 演藝活動業,臺北市,變更,11506
27838396,方圓紙業股份有限公司,臺北市中山區復興北路436號6樓之4,黃俊旻,60000000,,115/06/18,一般補正案,C601020 紙製造業；C601030 紙容器製造業；C601040 加工紙製造業；F106020 日常用品批發業；F109070 文教、樂器、育樂用品批發業；F113010 機械批發業；F206020 日常用品零售業；F209060 文教、樂器、育樂用品零售業；F213080 機械器具零售業；F401010 國際貿易業,臺北市,變更,11506
27877263,觀林室內裝修工程有限公司,臺北市中山區合江街180巷15號1樓,黃傳林,10000000,,115/06/04,特殊補正,E801060 室內裝修業；I503010 景觀設計業；I501010 產品設計業；F105050 家具、寢具、廚房器具、裝設品批發業；F106010 五金批發業；F211010 建材零售業；F113020 電器批發業；F401010 國際貿易業；E801010 室內裝潢業；F107010 漆料、塗料批發業,臺北市,變更,11506
27888000,五角獸企業有限公司,臺北市大同區景化街2號4樓,王思凱,500000,,115/06/09,特殊補正,ZZ99999 除許可業務外，得經營法令非禁止或限制之業務,臺北市,變更,11506
27899111,智新資通股份有限公司,臺北市萬華區西園路1段200號10樓之1,陳貴成,7850050,,115/06/24,特殊補正,E601010 電器承裝業；E601020 電器安裝業；E603050 自動控制設備工程業；E605010 電腦設備安裝業；F118010 資訊軟體批發業；F119010 電子材料批發業；F113050 電腦及事務性機器設備批發業；F401010 國際貿易業；F601010 智慧財產權業；I103060 管理顧問業,臺北市,變更,11506
27927067,弘鼎創業投資股份有限公司,臺北市內湖區內湖路一段120巷17號5樓,洪嘉聰,4563935100,,115/06/05,減資,H202010 創業投資業,臺北市,變更,11506
27928328,大聯大控股股份有限公司,臺北市南港區經貿二路189號22樓,黃偉祥,16836206990,,115/06/04,可轉換公司債換發新股,H201010 一般投資業；F401010 國際貿易業；IH01010 產業控股公司業；ZZ99999 除許可業務外，得經營法令非禁止或限制之業務,臺北市,變更,11506
27931908,皇吉投資股份有限公司,臺北市中正區博愛路38號7樓,廖年吉,800000000,,115/06/01,一般補正案,H201010 一般投資業,臺北市,變更,11506
27943361,英商戴比珠寶有限公司,臺北市信義區信義路五段2號8樓,楊爵銘,5000000,,115/06/12,改派在中華民國境內負責人變更登記,F210010 鐘錶零售業；F215010 首飾及貴金屬零售業；ZZ99999 除許可業務外，得經營法令非禁止或限制之業務,臺北市,變更,11506
27946368,台灣摩根士丹利證券股份有限公司,臺北市信義區信義路五段7號83樓及83樓之1,李迎春,7108210000,,115/06/10,增資(資本總額),H301011 證券商；H401011 期貨商,臺北市,變更,11506
27948865,英屬百慕達商美國再保險股份有限公司,臺北市信義區基隆路一段333號20樓,何軒傑,100000000,,115/06/11,本公司董事及其他負責人變更,H501031 再保險業,臺北市,變更,11506
27949626,香港商瑞士維氏香港有限公司,臺北市大同區南京西路66號7樓,郭耀宗,500000,,115/06/05,改派在中華民國境內負責人變更登記,F104110 布疋、衣著、鞋、帽、傘、服飾品批發業；F204110 布疋、衣著、鞋、帽、傘、服飾品零售業；F105050 家具、寢具、廚房器具、裝設品批發業；F205040 家具、寢具、廚房器具、裝設品零售業；F106010 五金批發業；F206010 五金零售業；F106020 日常用品批發業；F206020 日常用品零售業；F109070 文教、樂器、育樂用品批發業；F209060 文教、樂器、育樂用品零售業,臺北市,變更,11506
27951869,美商德盟全球凱展股份有限公司,臺北市內湖區民權東路六段16-1號3樓,莫雷博,1000000,,115/06/23,本公司董事及其他負責人變更,JB01010 會議及展覽服務業；I101090 食品顧問業；IZ99990 其他工商服務業；ZZ99999 除許可業務外，得經營法令非禁止或限制之業務,臺北市,變更,11506
27952500,鴻富開發股份有限公司,臺北市內湖區民權東路6段123巷28號4樓之1,林詹瑞芬,60000000,,115/06/17,特殊補正,F106010 五金批發業；F111090 建材批發業；F115020 礦石批發業；F117010 消防安全設備批發業；F120010 耐火材料批發業；H701010 住宅及大樓開發租售業；H701050 投資興建公共建設業；H701080 都市更新業；I503010 景觀、室內設計業；ZZ99999 除許可業務外，得經營法令非禁止或限制之業務,臺北市,變更,11506
27952831,灃祿有限公司,臺北市士林區天母北路28巷19號1樓,賀萌,6000000,,115/06/18,公司所在地,F104110 布疋、衣著、鞋、帽、傘、服飾品批發業；F105050 家具、寢具、廚房器具、裝設品批發業；F106010 五金批發業；F106020 日常用品批發業；F106050 陶瓷玻璃器皿批發業；F108040 化粧品批發業；F109070 文教、樂器、育樂用品批發業；F115010 首飾及貴金屬批發業；F401010 國際貿易業；I105010 藝術品諮詢顧問業,臺北市,變更,11506
27952966,誠品生活股份有限公司,臺北市信義區松德路196號地下1層,吳旻潔,473896500,,115/06/18,特殊補正,H701010 住宅及大樓開發租售業；H702010 建築經理業；H703090 不動產買賣業；H703100 不動產租賃業；I102010 投資顧問業；I103060 管理顧問業；I199990 其他顧問服務業；JZ99050 仲介服務業；E502010 燃料導管安裝工程業；E599010 配管工程業,臺北市,變更,11506
27957651,國華公寓大廈管理維護股份有限公司,臺北市內湖區港墘路221巷33號7樓,楊博竣,10000000,,115/06/09,特殊補正,I801011 公寓大廈管理服務業；I103060 管理顧問業；E599010 配管工程業；E603010 電纜安裝工程業；E603040 消防安全設備安裝工程業；E603090 照明設備安裝工程業；E604010 機械安裝業；E801010 室內裝潢業；E801020 門窗安裝工程業；IZ12010 人力派遣業,臺北市,變更,11506
27961901,鋒寰國際工程股份有限公司,臺北市中山區南京東路2段124號9樓,劉國龍,20000000,,115/06/17,特殊補正,F107010 漆料、塗料批發業；F119010 電子材料批發業；I103060 管理顧問業；F601010 智慧財產權業；ZZ99999 除許可業務外，得經營法令非禁止或限制之業務；E599010 配管工程業；E603010 電纜安裝工程業；E603020 電梯安裝工程業；E603040 消防安全設備安裝工程業；E603050 自動控制設備工程業,臺北市,變更,11506
27963485,能昱投資股份有限公司,臺北市南港區舊庄街1段61號1樓,李承陽,25000000,,115/06/12,董事長印鑑變更,H201010 一般投資業,臺北市,變更,11506
27967975,金鋒山股份有限公司,臺北市中山區南京東路2段206號4樓之1,羅惠玲,250000000,,115/06/23,董事/監察人持股變動報備,H703100 不動產租賃業；I103060 管理顧問業；I102010 投資顧問業；H201010 一般投資業；F106070 祭祀用品批發業；F206060 祭祀用品零售業；F299990 其他零售業；ZZ99999 除許可業務外，得經營法令非禁止或限制之業務,臺北市,變更,11506
27973759,中鼎機械有限公司,臺北市信義區松山路540巷3弄19號1樓,李佳壕,12000000,,115/06/26,特殊補正,ZZ99999 除許可業務外，得經營法令非禁止或限制之業務,臺北市,變更,11506
27974096,北捷管理顧問股份有限公司,臺北市中山區中山北路2段48巷7號地下1樓,陳建財,50000000,,115/06/09,改派董事/監察人,I103060 管理顧問業；I199990 其他顧問服務業；I301010 資訊軟體服務業；I301020 資料處理服務業；I401010 一般廣告服務業；IZ12010 人力派遣業；IZ99990 其他工商服務業；CD01020 軌道車輛及其零件製造業；E601010 電器承裝業；E601020 電器安裝業,臺北市,變更,11506
27982321,文森建設股份有限公司,臺北市松山區敦化北路167號2樓,簡君玲,230000000,,115/06/02,特殊補正,H701010 住宅及大樓開發租售業；H701020 工業廠房開發租售業；H702010 建築經理業；H703090 不動產買賣業；H703100 不動產租賃業；ZZ99999 除許可業務外，得經營法令非禁止或限制之業務,臺北市,變更,11506
27984046,力鉅環保科技股份有限公司,臺北市內湖區康寧路3段189巷155弄20號1樓,黃國城,8000000,,115/06/16,特殊補正,C805990 其他塑膠製品製造業；C901060 耐火材料製造業；CB01010 機械設備製造業；CB01030 污染防治設備製造業；CC01080 電子零組件製造業；CZ99990 未分類其他工業製品製造業；F401010 國際貿易業；F113010 機械批發業；F113990 其他機械器具批發業；F119010 電子材料批發業,臺北市,變更,11506
27989226,捷仕通運股份有限公司,臺北市信義區信義路5段8號13樓,雷博飛(Marco Rebuffi),45000000,,115/06/08,改選董事/監察人(一人法人股東指派董事/監察人),G402011 海運承攬運送業；G601011 航空貨運承攬業；G701011 報關業；ZZ99999 除許可業務外，得經營法令非禁止或限制之業務,臺北市,變更,11506
27989555,勤業保險經紀人股份有限公司,臺北市中山區吉林路24號3樓之1,張含興,18500000,,115/06/22,公司所在地,H602011 人身保險經紀人；H602021 財產保險經紀人,臺北市,變更,11506
27990096,歐力士保險代理人股份有限公司,臺北市大安區復興南路1段303號10樓,王偉甄,5000000,,115/06/03,改派董事/監察人,H601021 財產保險代理人,臺北市,變更,11506
27995867,泓凱實業股份有限公司,臺北市萬華區成都路104號,陳鴻智,4000000,,115/06/24,改選董事/監察人(一人法人股東指派董事/監察人),H201010 一般投資業；F401010 國際貿易業；ZZ99999 除許可業務外，得經營法令非禁止或限制之業務,臺北市,變更,11506
27997942,鴻寬國際開發股份有限公司,臺北市松山區復興北路181號13樓,劉蕙萱,400000000,,115/06/10,減少所營事業變更修正章程,I102010 投資顧問業；I103060 管理顧問業；J901020 一般旅館業；ZZ99999 除許可業務外，得經營法令非禁止或限制之業務；F501060 餐館業；F501990 其他餐飲業；JZ99120 一般浴室業；JZ99080 美容美髮服務業；J701040 休閒活動場館業；F113050 電腦及事務性機器設備批發業,臺北市,變更,11506
27998153,勝泰豐建設股份有限公司,臺北市士林區延平北路6段228號、228號2樓、228號2樓之1,塗佩容,138300000,,115/06/10,特殊補正,H701010 住宅及大樓開發租售業；H701020 工業廠房開發租售業；H701050 投資興建公共建設業；H701080 都市更新重建業；H703090 不動產買賣業；H703100 不動產租賃業；ZZ99999 除許可業務外，得經營法令非禁止或限制之業務；I103060 管理顧問業；JZ99050 仲介服務業；JB01010 會議及展覽服務業,臺北市,變更,11506
27999081,大物環保股份有限公司,臺北市中山區新生北路2段21巷9號1樓,陳澔羽,4000000,,115/06/03,特殊補正,F401010 國際貿易業；I103060 管理顧問業；F399040 無店面零售業；F107030 清潔用品批發業；F207030 清潔用品零售業；F206050 寵物食品及其用品零售業；F106060 寵物食品及其用品批發業；F115010 首飾及貴金屬批發業；F215010 首飾及貴金屬零售業；J101030 廢棄物清除業,臺北市,變更,11506
28004219,愛亂跑有限公司,臺北市文山區福興路95巷67號6樓,李逸鈞,2600000,,115/06/09,停業副本,F102040 飲料批發業；F102170 食品什貨批發業；F104110 布疋、衣著、鞋、帽、傘、服飾品批發業；F106010 五金批發業；F107010 漆料、塗料批發業；F107030 清潔用品批發業；F109070 文教、樂器、育樂用品批發業；F110010 鐘錶批發業；F110020 眼鏡批發業；F113110 電池批發業,臺北市,變更,11506
28006808,廿一世紀資融股份有限公司,臺北市信義區基隆路1段163號2樓之2,周以明,100000000,,115/06/01,改選董事/監察人(一人法人股東指派董事/監察人),F214010 汽車零售業；F214030 汽、機車零件配備零售業；F114010 汽車批發業；F114030 汽、機車零件配備批發業；HZ01010 應收帳款收買業務；HZ02010 金融機構金錢債權收買業務；HZ02020 辦理金融機構金錢債權之評價或拍賣業務；HZ02040 辦理金融機構金錢債權管理服務業務；IZ11010 逾期應收帳款管理服務業；I401010 一般廣告服務業,臺北市,變更,11506
28007068,保捷興汽車股份有限公司,臺北市內湖區民權東路6段12之1號,李建進,6000000,,115/06/18,董事/監察人持股變動報備,F214010 汽車零售業；F214020 機車零售業；F214030 汽、機車零件配備零售業；JA01010 汽車修理業；JA01020 汽車拖吊業；JA01990 其他汽車服務業；F401010 國際貿易業；ZZ99999 除許可業務外，得經營法令非禁止或限制之業務,臺北市,變更,11506
28008242,晶盛材料股份有限公司,臺北市內湖區瑞光路258巷53號3樓及55號3樓之1,蔡爾賢,42500000,,115/06/17,特殊補正,CC01040 照明設備製造業；CC01080 電子零組件製造業；F119010 電子材料批發業；F401010 國際貿易業；ZZ99999 除許可業務外，得經營法令非禁止或限制之業務,臺北市,變更,11506
28024550,盈揚國際有限公司,臺北市中正區中華路2段377之1號3樓,施曉揚,3000000,,115/06/22,特殊補正,F114030 汽、機車零件配備批發業；F114040 自行車及其零件批發業；F106010 五金批發業；F119010 電子材料批發業；F401010 國際貿易業；ZZ99999 除許可業務外，得經營法令非禁止或限制之業務,臺北市,變更,11506
28049763,遠宏資產管理有限公司,臺北市中山區松江路315號7樓,陳裕豐,12000000,,115/06/23,減少所營事業變更修正章程,I102010 投資顧問業；I103060 管理顧問業；I301010 資訊軟體服務業；I301020 資料處理服務業；I301030 電子資訊供應服務業；I401010 一般廣告服務業；IZ11010 逾期應收帳款管理服務業；IZ12010 人力派遣業；HZ01010 應收帳款收買業務；HZ02010 金融機構金錢債權收買業務,臺北市,變更,11506
28114807,雅億創新股份有限公司,臺北市內湖區成功路2段115巷7號9樓之2,胡立銘,16000,,115/06/23,公司所在地,I501010 產品設計業；I301010 資訊軟體服務業；F102170 食品什貨批發業；F399040 無店面零售業；F399990 其他綜合零售業；ZZ99999 除許可業務外，得經營法令非禁止或限制之業務；F208031 醫療器材零售業；F102050 茶葉批發業；F101130 蔬果批發業；F501030 飲料店業,臺北市,變更,11506
28128534,海利普電子科技股份有限公司,臺北市內湖區瑞光路34號7樓,謝宇霖,388566850,,115/06/29,特殊補正,F113010 機械批發業；F113020 電器批發業；F113030 精密儀器批發業；F113050 電腦及事務性機器設備批發業；F113070 電信器材批發業；F118010 資訊軟體批發業；F119010 電子材料批發業；F213010 電器零售業；F213030 電腦及事務性機器設備零售業；F213040 精密儀器零售業,臺北市,變更,11506
28170201,泓威資訊科技有限公司,臺北市松山區南京東路4段186號6樓之7,朱文川,3000000,,115/06/26,特殊補正,F113050 電腦及事務性機器設備批發業；F401010 國際貿易業；J399010 軟體出版業；E605010 電腦設備安裝業；F119010 電子材料批發業；F118010 資訊軟體批發業；I301010 資訊軟體服務業；I301020 資料處理服務業；I301030 電子資訊供應服務業；F113070 電信器材批發業,臺北市,變更,11506
28175156,新和泰開發股份有限公司,臺北市大同區甘谷街26號5樓,掌雙菊,16000000,,115/06/01,公司所營事業變更修正章程,ZZ99999 除許可業務外，得經營法令非禁止或限制之業務；F203010 食品什貨、飲料零售業；F501030 飲料店業；F501060 餐館業；F501990 其他餐飲業；F114010 汽車批發業；F214010 汽車零售業；F114030 汽、機車零件配備批發業；F214030 汽、機車零件配備零售業,臺北市,變更,11506
28178077,正瀚投資股份有限公司,臺北市中山區南京東路2段206號5樓之1,林虹伶,20000000,,115/06/17,特殊補正,H201010 一般投資業；F102030 菸酒批發業；F102040 飲料批發業；F102170 食品什貨批發業；F203010 食品什貨、飲料零售業；F203020 菸酒零售業；F401010 國際貿易業；H701010 住宅及大樓開發租售業；H701020 工業廠房開發租售業；H703090 不動產買賣業,臺北市,變更,11506
28180480,原生國際股份有限公司,臺北市中山區八德路2段164號,羅詠琇,10000000,,115/06/02,改選董事/監察人(一人法人股東指派董事/監察人),F105050 家具、寢具、廚房器具、裝設品批發業；F205040 家具、寢具、廚房器具、裝設品零售業；F401010 國際貿易業；F109070 文教、樂器、育樂用品批發業；F209060 文教、樂器、育樂用品零售業；F106050 陶瓷玻璃器皿批發業；F299990 其他零售業；I105010 藝術品諮詢顧問業；J601010 藝文服務業；ZZ99999 除許可業務外，得經營法令非禁止或限制之業務,臺北市,變更,11506
28183563,財富開發有限公司,臺北市中山區龍江路31號7樓之1,趙秀英,2000000,,115/06/03,公司所在地,F102170 食品什貨批發業；F203010 食品什貨、飲料零售業；H703090 不動產買賣業；H703100 不動產租賃業；H701010 住宅及大樓開發租售業；H701020 工業廠房開發租售業；H701050 投資興建公共建設業；H701060 新市鎮、新社區開發業；H701070 區段徵收及市地重劃代辦業；I102010 投資顧問業,臺北市,變更,11506
28191016,喜祥國際有限公司,臺北市內湖區康寧路3段189巷81號,張淑茹,8000000,,115/06/12,增資,F113020 電器批發業；F113030 精密儀器批發業；F120010 耐火材料批發業；F213010 電器零售業；F213040 精密儀器零售業；F220010 耐火材料零售業；F401010 國際貿易業；ZZ99999 除許可業務外，得經營法令非禁止或限制之業務,臺北市,變更,11506
28191228,勤立國際有限公司,臺北市中山區松江路204巷2號5樓,黃庭文,13300000,,115/06/08,增資,IZ12010 人力派遣業；F401010 國際貿易業；JE01010 租賃業；I102010 投資顧問業；J202010 產業育成業；F203010 食品什貨、飲料零售業；F206020 日常用品零售業；F213060 電信器材零售業；F204110 布疋、衣著、鞋、帽、傘、服飾品零售業；ZZ99999 除許可業務外，得經營法令非禁止或限制之業務,臺北市,變更,11506
28193062,普雷威股份有限公司,臺北市內湖區基湖路37號3樓,金學俊,50000000,,115/06/08,特殊補正,I301010 資訊軟體服務業；I301020 資料處理服務業；I301030 電子資訊供應服務業；I401010 一般廣告服務業；J305010 有聲出版業；J399010 軟體出版業；JZ99050 仲介服務業；F113020 電器批發業；F113050 電腦及事務性機器設備批發業；F118010 資訊軟體批發業,臺北市,變更,11506
28195955,浩氏設計有限公司,臺北市信義區忠孝東路5段1號2樓,楊奭凡,10000000,,115/06/10,特殊補正,E801010 室內裝潢業；E801020 門窗安裝工程業；E801030 室內輕鋼架工程業；E801040 玻璃安裝工程業；E801070 廚具、衛浴設備安裝工程業；E901010 油漆工程業；F401010 國際貿易業；F104110 布疋、衣著、鞋、帽、傘、服飾品批發業；F105050 家具、寢具、廚房器具、裝設品批發業；F106010 五金批發業,臺北市,變更,11506
28197670,台灣大哥大投資股份有限公司,臺北市中山區合江街17巷15號4樓之8,林俊輝,5000000,,115/06/26,特殊補正,H201010 一般投資業,臺北市,變更,11506
28199256,凱圖國際股份有限公司,臺北市內湖區基湖路18號9樓,陳明正,200000000,,115/06/25,改選董事/監察人(一人法人股東指派董事/監察人),F108021 西藥批發業；F208021 西藥零售業；F108031 醫療器材批發業；F208031 醫療器材零售業；F208050 乙類成藥零售業；F401010 國際貿易業；F102040 飲料批發業；F102170 食品什貨批發業；F203010 食品什貨、飲料零售業；F108040 化粧品批發業,臺北市,變更,11506
28201529,博學屋國際事業股份有限公司,臺北市中山區民權西路27號3樓,王偉勲,23000000,,115/06/16,特殊補正,J304010 圖書出版業；F109070 文教、樂器、育樂用品批發業；F209060 文教、樂器、育樂用品零售業；F399040 無店面零售業；C801010 基本化學工業；E599010 配管工程業；E603040 消防安全設備安裝工程業；E603050 自動控制設備工程業；E603080 交通號誌安裝工程業；E604010 機械安裝業,臺北市,變更,11506
28202098,開泰豐國際股份有限公司,臺北市松山區松基里15鄰敦化北路158號,林命群,5300000000,,115/06/15,改選董事/監察人(一人法人股東指派董事/監察人),F201070 花卉零售業；F203020 菸酒零售業；F204110 布疋、衣著、鞋、帽、傘、服飾品零售業；F210010 鐘錶零售業；F215010 首飾及貴金屬零售業；F399990 其他綜合零售業；F401010 國際貿易業；F501030 飲料店業；F501050 飲酒店業；F501060 餐館業,臺北市,變更,11506
28206242,三加一能量科技股份有限公司,臺北市中山區吉林路150號2樓之6,郭峰源,15000000,,115/06/03,特殊補正,F215010 首飾及貴金屬零售業；F115010 首飾及貴金屬批發業；F401010 國際貿易業；F205040 家具、寢具、廚房器具、裝設品零售業；F204110 布疋、衣著、鞋、帽、傘、服飾品零售業；F104110 布疋、衣著、鞋、帽、傘、服飾品批發業；F207170 工業助劑零售業；F107170 工業助劑批發業；F206050 寵物食品及其用品零售業；F208040 化粧品零售業,臺北市,變更,11506
28210689,香味股份有限公司,臺北市中山區長安東路2段230號7樓之1,中野耕志,5000000,,115/06/25,特殊補正,F501030 飲料店業；F501050 飲酒店業；F501060 餐館業；C104020 烘焙炊蒸食品製造業；C104010 糖果製造業；F102170 食品什貨批發業；F203010 食品什貨、飲料零售業；H702010 建築經理業；H703090 不動產買賣業；H703100 不動產租賃業,臺北市,變更,11506
28215312,鼎昌建築管理股份有限公司,臺北市文山區保儀路9號9樓之1,黃明發,27000000,,115/06/10,特殊補正,E801010 室內裝潢業；I102010 投資顧問業；I103060 管理顧問業；I105010 藝術品諮詢顧問業；I199990 其他顧問服務業；I401010 一般廣告服務業；I501010 產品設計業；I503010 景觀、室內設計業；I599990 其他設計業；IZ15010 市場研究及民意調查業,臺北市,變更,11506
28215827,全面防衛有限公司,臺北市北投區大業路506號2樓,郭志偉(KWEK TZE WEI),5133600,,115/06/25,特殊補正,F102170 食品什貨批發業；F113030 精密儀器批發業；F113070 電信器材批發業；F113990 其他機械器具批發業；F114060 船舶及其零件批發業；F114070 航空器及其零件批發業；F117010 消防安全設備批發業；F118010 資訊軟體批發業；F203010 食品什貨、飲料零售業；F203020 菸酒零售業,臺北市,變更,11506
28218367,頤宗投資股份有限公司,臺北市信義區松德路196號地下1樓,吳旻潔,214500000,,115/06/03,改選董事/監察人(一人法人股東指派董事/監察人),H201010 一般投資業；ZZ99999 除許可業務外，得經營法令非禁止或限制之業務,臺北市,變更,11506
28219324,君吉實業有限公司,臺北市北投區稻香路193號,周林冠鎔,20000000,,115/06/24,特殊補正,I301010 資訊軟體服務業；F213030 電腦及事務性機器設備零售業；E605010 電腦設備安裝業；JA02010 電器及電子產品修理業；F401010 國際貿易業；C703010 印刷品裝訂及加工業；CC01080 電子零組件製造業；F119010 電子材料批發業；F219010 電子材料零售業；C701010 印刷業,臺北市,變更,11506
28219746,婕彤有限公司,臺北市大安區敦化南路1段225號7樓之2,鍾雯,25500000,,115/06/04,公司所在地,F104110 布疋、衣著、鞋、帽、傘、服飾品批發業；F108040 化粧品批發業；F115010 首飾及貴金屬批發業；F401010 國際貿易業；ZZ99999 除許可業務外，得經營法令非禁止或限制之業務,臺北市,變更,11506
28229955,立吉富線上金流股份有限公司,臺北市北投區文承路28號7樓,陳世鈞,16000000,,115/06/29,特殊補正,I103060 管理顧問業；I301010 資訊軟體服務業；I301020 資料處理服務業；I301030 電子資訊供應服務業；I401010 一般廣告服務業；I401020 廣告傳單分送業；I501010 產品設計業；J601010 藝文服務業；J602010 演藝活動業；J903020 登山嚮導業,臺北市,變更,11506
28310033,一如永續股份有限公司,臺北市松山區復興北路1號5樓之8,宏圖國際股份有限公司,280000000,,115/06/24,特殊補正,F401010 國際貿易業；H201010 一般投資業；H202010 創業投資業；H703090 不動產買賣業；H703100 不動產租賃業；H704031 不動產仲介經紀業；H704041 不動產代銷經紀業；HZ02010 金融機構金錢債權收買業務；HZ02020 辦理金融機構金錢債權之評價或拍賣業務；I102010 一般投資顧問業,臺北市,變更,11506
28311498,德美國際投資有限公司,臺北市松山區市民大道6段139號7樓之5,孫德風,29000000,,115/06/01,特殊補正,H201010 一般投資業,臺北市,變更,11506
28321094,簡訊王數位媒體股份有限公司,臺北市中山區南京東路1段52號3樓,郭政宏,40000000,,115/06/05,公司所在地,I301010 資訊軟體服務業；I301020 資料處理服務業；I301030 電子資訊供應服務業；F118010 資訊軟體批發業；F113070 電信器材批發業；I501010 產品設計業；F601010 智慧財產權業；E605010 電腦設備安裝業；E701010 通信工程業；I401010 一般廣告服務業,臺北市,變更,11506
28324634,德茂投資股份有限公司,臺北市大安區忠孝東路4段218之3號3樓,李梅,20000000,,115/06/22,改選董事/監察人(一人法人股東指派董事/監察人),H201010 一般投資業,臺北市,變更,11506
28371994,寶盛國際股份有限公司,臺北市南港區三重路19之5號2樓,莊景順,258823520,,115/06/16,特殊補正,CB01010 機械設備製造業；E603020 電梯安裝工程業；E603050 自動控制設備工程；E604010 機械安裝業；E605010 電腦設備安裝業；EZ06010 交通標示工程業；F117010 消防安全設備批發業；F118010 資訊軟體批發業；F213060 電信器材零售業；F213080 機械器具零售業,臺北市,變更,11506
28388566,華鋒科技股份有限公司,臺北市內湖區洲子街50號7樓,楊宏培,10000000,,115/06/03,特殊補正,F108031 醫療器材批發業；F208031 醫療器材零售業；I103060 管理顧問業；I199990 其他顧問服務業；JB01010 會議及展覽服務業；F401010 國際貿易業；F108040 化粧品批發業；F102170 食品什貨批發業；F113070 電信器材批發業；F208040 化粧品零售業,臺北市,變更,11506
28409773,意精研有限公司,臺北市松山區慶城街1號1樓,王賢明,99000000,,115/06/03,減資,F102040 飲料批發業；F102050 茶葉批發業；F102170 食品什貨批發業；F106010 五金批發業；F106020 日常用品批發業；F201010 農產品零售業；F203010 食品什貨、飲料零售業；F206010 五金零售業；F206020 日常用品零售業；F501030 飲料店業,臺北市,變更,11506
28428384,臺銀人壽保險股份有限公司,臺北市大安區敦化南路二段69號6樓,張志宏,63500000000,,115/06/16,改派董事/監察人,H501011 人身保險業,臺北市,變更,11506
28431992,遠鼎創業投資股份有限公司,臺北市大安區新生南路1段99號8樓,邱德成,25039870,,115/06/29,減資,H202010 創業投資業,臺北市,變更,11506
28440599,思路行銷股份有限公司,臺北市中山區明水路477號地下1層,林才揚,90000000,,115/06/12,增資(資本總額),F401010 國際貿易業；F108040 化粧品批發業；F208040 化粧品零售業；F501060 餐館業；F501030 飲料店業；F102170 食品什貨批發業；F203010 食品什貨、飲料零售業；ZZ99999 除許可業務外，得經營法令非禁止或限制之業務,臺北市,變更,11506
28444384,利金財務顧問股份有限公司,臺北市內湖區陽光街351號8樓之2,林慧珠,150000000,,115/06/05,改選董事/監察人(一人法人股東指派董事/監察人),I102010 投資顧問業；I103060 管理顧問業；I301010 資訊軟體服務業；I301020 資料處理服務業；I301030 電子資訊供應服務業；I501010 產品設計業；F401010 國際貿易業；IZ15010 市場研究及民意調查業；I199990 其他顧問服務業；ZZ99999 除許可業務外，得經營法令非禁止或限制之業務,臺北市,變更,11506
28446545,金德欣國際健康事業股份有限公司,臺北市中山區中山北路3段26號8樓,李昆侖,1000000,,115/06/11,改選董事/監察人(一人法人股東指派董事/監察人),I103060 管理顧問業；IG01010 生物技術服務業；F102170 食品什貨批發業；F108040 化粧品批發業；F401010 國際貿易業；I199990 其他顧問服務業；J202010 產業育成業；F108031 醫療器材批發業；F208031 醫療器材零售業；ZZ99999 除許可業務外，得經營法令非禁止或限制之業務,臺北市,變更,11506
28446637,合美興業股份有限公司,臺北市中正區林森南路10號5樓,劉明勳,36000000,,115/06/01,特殊補正,C801020 石油化工原料製造業；C801030 精密化學材料製造業；C801100 合成樹脂及塑膠製造業；F107200 化學原料批發業；F401010 國際貿易業；F108031 醫療器材批發業；F208031 醫療器材零售業；I103060 管理顧問業；H201010 一般投資業；H701010 住宅及大樓開發租售業,臺北市,變更,11506
28449141,沛強實業股份有限公司,臺北市南港區研究院路1段99之10號,戴華北,50000000,,115/06/24,公司所在地,H701010 住宅及大樓開發租售業；H701020 工業廠房開發租售業；H701030 殯葬場所開發租售業；H701040 特定專業區開發業；H701050 投資興建公共建設業；H701060 新市鎮、新社區開發業；H701070 區段徵收及市地重劃代辦業；H703090 不動產買賣業；H703100 不動產租賃業；H703110 老人住宅業,臺北市,變更,11506
28450110,村山資產管理股份有限公司,臺北市松山區民權東路3段106巷3弄65號1樓,陳秀美,10000000,,115/06/04,改選董事/監察人(一人法人股東指派董事/監察人),H703100 不動產租賃業；JE01010 租賃業；ZZ99999 除許可業務外，得經營法令非禁止或限制之業務,臺北市,變更,11506
28452996,力平國際股份有限公司,臺北市內湖區環山路2段133號3樓,郭美雅,100000000,,115/06/30,增資(資本總額),F102020 食用油脂批發業；F102040 飲料批發業；F102050 茶葉批發業；F104110 布疋、衣著、鞋、帽、傘、服飾品批發業；F108040 化粧品批發業；F115010 首飾及貴金屬批發業；F204110 布疋、衣著、鞋、帽、傘、服飾品零售業；F208040 化粧品零售業；F215010 首飾及貴金屬零售業；F399040 無店面零售業,臺北市,變更,11506
28453123,旺得富國際貿易有限公司,臺北市萬華區西園路2段203號4樓,許勝斌,1000000,,115/06/08,股東出資轉讓修正章程,F401010 國際貿易業；F102170 食品什貨批發業；F203010 食品什貨、飲料零售業；F113090 交通標誌器材批發業；F213090 交通標誌器材零售業；F199010 回收物料批發業；F399990 其他綜合零售業；F113990 其他機械器具批發業；C804020 工業用橡膠製品製造業,臺北市,變更,11506
28456304,台灣維特斯有限公司,臺北市信義區松仁路100號6樓之1,Swapnil RAI,500000,,115/06/08,改推董事/董事長,IG03010 能源技術服務業；CC01010 發電、輸電、配電機械製造業；F401010 國際貿易業；ZZ99999 除許可業務外，得經營法令非禁止或限制之業務,臺北市,變更,11506
28457253,珍又國際貿易股份有限公司,臺北市信義區忠孝東路5段370號,陳淑滿,29000000,,115/06/26,特殊補正,F206020 日常用品零售業；F209060 文教、樂器、育樂用品零售業；F401010 國際貿易業；H703090 不動產買賣業；H703100 不動產租賃業；H701010 住宅及大樓開發租售業；ZZ99999 除許可業務外，得經營法令非禁止或限制之業務,臺北市,變更,11506
28463451,百生有限公司,臺北市內湖區行愛路78巷26號1樓,張顥騫,1000000,,115/06/24,公司所在地,C802100 化粧品製造業；I501010 產品設計業；I301010 資訊軟體服務業；I301020 資料處理服務業；I301030 電子資訊供應服務業；F401010 國際貿易業；ZZ99999 除許可業務外，得經營法令非禁止或限制之業務,臺北市,變更,11506
28465134,晟翌健康科技股份有限公司,臺北市大同區重慶北路3段108號2樓,陳阿蕊,6000000,,115/06/11,特殊補正,F206020 日常用品零售業；F106020 日常用品批發業；F208040 化粧品零售業；F108040 化粧品批發業；F209060 文教、樂器、育樂用品零售業；F109070 文教、樂器、育樂用品批發業；F207030 清潔用品零售業；F107030 清潔用品批發業；F203010 食品什貨、飲料零售業；F102170 食品什貨批發業,臺北市,變更,11506
28465676,中華黃頁多媒體整合行銷股份有限公司,臺北市大安區信義路4段89之1號,郭昆文,150000000,,115/06/29,經理人變更,I301030 電子資訊供應服務業；I401010 一般廣告服務業；IZ10010 排版業；J399990 其他出版業；ZZ99999 除許可業務外，得經營法令非禁止或限制之業務；F401010 國際貿易業；G202010 停車場經營業；H703100 不動產租賃業；I103060 管理顧問業；I301010 資訊軟體服務業,臺北市,變更,11506
28467750,恆久興股份有限公司,臺北市信義區信義路5段5號6樓,江蘭意,5000000,,115/06/17,特殊補正,F106010 五金批發業；F114030 汽、機車零件配備批發業；F114040 自行車及其零件批發業；F107200 化學原料批發業；F109070 文教、樂器、育樂用品批發業；F113010 機械批發業；F113020 電器批發業；F113050 電腦及事務性機器設備批發業；F113070 電信器材批發業；F115010 首飾及貴金屬批發業,臺北市,變更,11506
28470002,音浪有限公司,臺北市信義區松仁路100號23樓,黃立行,8100000,,115/06/22,特殊補正,I401010 一般廣告服務業；J305010 有聲出版業；J399990 其他出版業；J601010 藝文服務業；J602010 演藝活動業；JB01010 會議及展覽服務業；F401010 國際貿易業；ZZ99999 除許可業務外，得經營法令非禁止或限制之業務,臺北市,變更,11506
28470122,皇興建設股份有限公司,臺北市中山區八德路2段245號12樓,吳宜芬,60000000,,115/06/25,改選董事/監察人(一人法人股東指派董事/監察人),F111090 建材批發業；F301010 百貨公司業；H701010 住宅及大樓開發租售業；H701020 工業廠房開發租售業；H701040 特定專業區開發業；H701050 投資興建公共建設業；H701060 新市鎮、新社區開發業；H701070 區段徵收及市地重劃代辦業；H701080 都市更新業；H703090 不動產買賣業,臺北市,變更,11506
28470426,搏盟科技股份有限公司,臺北市內湖區瑞光路316巷56號8樓,黃奇咸,251004400,,115/06/26,特殊補正,E605010 電腦設備安裝業；E701030 電信管制射頻器材裝設工程業；F113050 電腦及事務性機器設備批發業；F113070 電信器材批發業；F118010 資訊軟體批發業；F213030 電腦及事務性機器設備零售業；F213060 電信器材零售業；F218010 資訊軟體零售業；F401010 國際貿易業；I301030 電子資訊供應服務業,臺北市,變更,11506
28476028,荃能小客車租賃股份有限公司,臺北市大安區忠孝東路4段270號11樓之5,紀春錦,65000000,,115/06/25,改選董事/監察人(一人法人股東指派董事/監察人),G101041 小客車租賃業；G101091 小貨車租賃業；JE01010 租賃業；ZZ99999 除許可業務外，得經營法令非禁止或限制之業務,臺北市,變更,11506
28476815,三鈦建設開發有限公司,臺北市中山區建國北路2段3巷15號8樓之3,陳和裕,28000000,,115/06/29,股東出資轉讓修正章程,H701010 住宅及大樓開發租售業；H701020 工業廠房開發租售業；H701050 投資興建公共建設業；H701060 新市鎮、新社區開發業；H701070 區段徵收及市地重劃代辦業；H702010 建築經理業；H703090 不動產買賣業；H703100 不動產租賃業；H703110 老人住宅業；H705010 國有非公用財產代管業,臺北市,變更,11506
28478953,訣勝國際企業有限公司,臺北市士林區天玉街35號6樓,鍾季軒,7000000,,115/06/23,申登機關變更（遷入，含卷）,ZZ99999 除許可業務外，得經營法令非禁止或限制之業務；F102170 食品什貨批發業；F108040 化粧品批發業；F109070 文教、樂器、育樂用品批發業；F401010 國際貿易業；F399040 無店面零售業；F501030 飲料店業；I401010 一般廣告服務業；I103060 管理顧問業；I102010 投資顧問業,臺北市,變更,11506
28479046,揚銘投資顧問股份有限公司,臺北市大安區忠孝東路4段206號4樓,沈中鴻,42500000,,115/06/05,特殊補正,ZZ99999 除許可業務外，得經營法令非禁止或限制之業務,臺北市,變更,11506
28481887,渥奇數位資訊股份有限公司,臺北市松山區敦化北路168號15樓,Richard Peter Jenner,26031000,,115/06/10,改派董事/監察人,I301030 電子資訊供應服務業；F401010 國際貿易業；ZZ99999 除許可業務外，得經營法令非禁止或限制之業務,臺北市,變更,11506
28482204,新隆國際有限公司,臺北市大安區敦化南路2段100號10樓之1,林博珅,1000000,,115/06/04,特殊補正,F501990 其他餐飲業,臺北市,變更,11506
28482422,竺艷有限公司,臺北市中正區厦門街94號2樓,姚采穎,500000,,115/06/10,特殊補正,F109070 文教、樂器、育樂用品批發業；F209060 文教、樂器、育樂用品零售業；F399990 其他綜合零售業；F401010 國際貿易業；F601010 智慧財產權業；I103060 管理顧問業；I301010 資訊軟體服務業；I301020 資料處理服務業；I401010 一般廣告服務業；I501010 產品設計業,臺北市,變更,11506
28483554,高濟興業有限公司,臺北市大安區安和路1段137號5樓,饒揚仁,10000000,,115/06/25,特殊補正,ZZ99999 除許可業務外，得經營法令非禁止或限制之業務,臺北市,變更,11506
28483739,隋棠有限公司,臺北市北投區北投路2段9號4樓,胡志宏,2000000,,115/06/18,申登機關變更（遷入，含卷）,F399040 無店面零售業；F401010 國際貿易業；F113030 精密儀器批發業；F213040 精密儀器零售業；I501010 產品設計業；F106020 日常用品批發業；F206020 日常用品零售業；F107190 塑膠膜、袋批發業；C601030 紙容器製造業；C601040 加工紙製造業,臺北市,變更,11506
28486026,碩榮股份有限公司,臺北市大同區南京西路36號9樓,羅榮科,28000000,,115/06/03,特殊補正,CJ01010 製帽業；CK01010 製鞋業；CM01010 箱、包、袋製造業；F104110 布疋、衣著、鞋、帽、傘、服飾品批發業；F105050 家具、寢具、廚房器具、裝設品批發業；F109070 文教、樂器、育樂用品批發業；F204110 布疋、衣著、鞋、帽、傘、服飾品零售業；F205040 家具、寢具、廚房器具、裝設品零售業；F209060 文教、樂器、育樂用品零售業；F301010 百貨公司業,臺北市,變更,11506
28486285,吉禮有限公司,臺北市信義區基隆路2段151之6號2樓,夏山米,5000000,,115/06/01,特殊補正,F401010 國際貿易業；F115010 首飾及貴金屬批發業；F115020 礦石批發業；F215010 首飾及貴金屬零售業；F215020 礦石零售業；I501010 產品設計業；I105010 藝術品諮詢顧問業；ZZ99999 除許可業務外，得經營法令非禁止或限制之業務,臺北市,變更,11506
28488811,嘉才投資有限公司,臺北市信義區光復南路547號12樓之3,陳秀卿,15000000,,115/06/26,補繳規費,H201010 一般投資業,臺北市,變更,11506
28489895,長春商務有限公司,臺北市內湖區堤頂大道2段207號8樓,楊健福,25000000,,115/06/23,股東出資轉讓修正章程,H703090 不動產買賣業；H703100 不動產租賃業；ZZ99999 除許可業務外，得經營法令非禁止或限制之業務；E401010 疏濬業；E402010 沙石、淤泥海拋業；F401010 國際貿易業；G302010 小船經營業；G403010 船舶出租業；G406040 商港區拖駁船業；G406130 商港區曳船業,臺北市,變更,11506
28491745,庠樂實業有限公司,臺北市中山區民生西路16號7樓,呂孟澔,14000000,,115/06/04,股東出資轉讓修正章程,F101040 家畜家禽批發業；F101050 水產品批發業；F101130 蔬果批發業；F102170 食品什貨批發業；F106020 日常用品批發業；F401010 國際貿易業；ZZ99999 除許可業務外，得經營法令非禁止或限制之業務,臺北市,變更,11506
28497918,博弘雲端科技股份有限公司,臺北市中山區樂群二路267號5樓之8,井琪,221005000,,115/06/22,補繳規費,I301010 資訊軟體服務業；I301020 資料處理服務業；I301030 電子資訊供應服務業；I401010 一般廣告服務業；I103060 管理顧問業；F213030 電腦及事務性機器設備零售業；F401010 國際貿易業；F218010 資訊軟體零售業；F209060 文教、樂器、育樂用品零售業；F118010 資訊軟體批發業,臺北市,變更,11506
28647698,台灣江藤科技股份有限公司,臺北市大同區南京西路41號5樓之10,山本和久,5000000,,115/06/25,特殊補正,CB01010 機械設備製造業；E604010 機械安裝業；F113010 機械批發業；F113030 精密儀器批發業；F213040 精密儀器零售業；F213080 機械器具零售業；F401010 國際貿易業；I501010 產品設計業；ZZ99999 除許可業務外，得經營法令非禁止或限制之業務,臺北市,變更,11506
28658694,博立股份有限公司,臺北市北投區文林北路159號,劉志揚,5000000,,115/06/29,特殊補正,C399990 其他紡織及製品製造業；CA02990 其他金屬製品製造業；CB01010 機械設備製造業；CC01080 電子零組件製造業；CE01010 一般儀器製造業；CE01030 光學儀器製造業；CE01040 鐘錶製造業；CE01990 其他光學及精密器械製造業；CN01010 家具及裝設品製造業；F105050 家具、寢具、廚房器具、裝設品批發業,臺北市,變更,11506
28675547,台灣愛思唯爾有限公司,臺北市中山區中山北路2段96號9樓,LEE MAY YEE,6500000,,115/06/03,法人股東指(改)派代表人為董事,F399040 無店面零售業；F401010 國際貿易業；F601010 智慧財產權業；I103060 管理顧問業；I199990 其他顧問服務業；I301010 資訊軟體服務業；I301030 電子資訊供應服務業；I401010 一般廣告服務業；I501010 產品設計業；J301010 報紙業,臺北市,變更,11506
28676383,聯達資訊股份有限公司,臺北市內湖區港墘路221巷41號9樓,劉端,394736850,,115/06/26,特殊補正,CC01110 電腦及其週邊設備製造業；CC01120 資料儲存媒體製造及複製業；E601020 電器安裝業；E603050 自動控制設備工程業；E605010 電腦設備安裝業；E701010 通信工程業；F113020 電器批發業；F113030 精密儀器批發業；F113050 電腦及事務性機器設備批發業；F113070 電信器材批發業,臺北市,變更,11506
28676932,捷通軟體股份有限公司,臺北市內湖區瑞光路358巷38弄36號2樓之5,張秦綺,10000000,,115/06/25,公司所營事業變更修正章程,F113050 電腦及事務性機器設備批發業；F118010 資訊軟體批發業；I301010 資訊軟體服務業；I301020 資料處理服務業；I301030 電子資訊供應服務業；E605010 電腦設備安裝業；IZ12010 人力派遣業；F401010 國際貿易業；ZZ99999 除許可業務外，得經營法令非禁止或限制之業務,臺北市,變更,11506
28680871,台灣范倫鐵諾股份有限公司,臺北市大同區南京西路41號3樓之11,Richard Yu Zhang,280216000,,115/06/02,特殊補正,F102170 食品什貨批發業；F105050 家具、寢具、廚房器具、裝設品批發業；F104110 布疋、衣著、鞋、帽、傘、服飾品批發業；F106020 日常用品批發業；F106060 寵物食品及其用品批發業；F108040 化粧品批發業；F109070 文教、樂器、育樂用品批發業；F110010 鐘錶批發業；F110020 眼鏡批發業；F113020 電器批發業,臺北市,變更,11506
28682195,安加投資股份有限公司,臺北市中正區新生南路1段56號12樓,謝吳秀琴,5000000,,115/06/29,特殊補正,H201010 一般投資業,臺北市,變更,11506
28685046,愛比科技股份有限公司,臺北市內湖區南京東路6段348號,洪裕鈞,272204750,,115/06/12,改選董事/監察人(一人法人股東指派董事/監察人),CC01030 電器及視聽電子產品製造業；F113070 電信器材批發業；F113050 電腦及事務性機器設備批發業；F118010 資訊軟體批發業；F213030 電腦及事務性機器設備零售業；F213060 電信器材零售業；F218010 資訊軟體零售業；F399040 無店面零售業；F401021 電信管制射頻器材輸入業；F401010 國際貿易業,臺北市,變更,11506
28686805,創奕工程顧問股份有限公司,臺北市中正區羅斯福路1段24號6樓,簡益正,5000000,,115/06/25,特殊補正,EZ05010 儀器、儀表安裝工程業；EZ08010 測量工程業；F118010 資訊軟體批發業；F218010 資訊軟體零售業；F401010 國際貿易業；G202010 停車場經營業；I101061 工程技術顧問業；I102010 投資顧問業；I103060 管理顧問業；I301010 資訊軟體服務業,臺北市,變更,11506
28692004,德奇雅洛國際股份有限公司,臺北市萬華區漢口街2段55號6樓,李基全,5000000,,115/06/26,改選董事/監察人(一人法人股東指派董事/監察人),F102170 食品什貨批發業；F106020 日常用品批發業；F107030 清潔用品批發業；F113010 機械批發業；F114030 汽、機車零件配備批發業；F213080 機械器具零售業；F113020 電器批發業；F106010 五金批發業；F119010 電子材料批發業；F113070 電信器材批發業,臺北市,變更,11506
28702571,芝光貿易有限公司,臺北市大同區南京西路163號2樓之27,楊國召,12000000,,115/06/16,股東出資轉讓修正章程,F101040 家畜家禽批發業；F101050 水產品批發業；F102040 飲料批發業；F106010 五金批發業；F107010 漆料、塗料批發業；F107080 環境用藥批發業；F109070 文教、樂器、育樂用品批發業；F113010 機械批發業；F113020 電器批發業；F113050 電腦及事務性機器設備批發業,臺北市,變更,11506
28705654,聯馥食品股份有限公司,臺北市北投區文承路22號13樓,江文喜,90000000,,115/06/26,公司所營事業變更修正章程,F102170 食品什貨批發業；F203010 食品什貨、飲料零售業；F203020 菸酒零售業；F401010 國際貿易業；A102060 糧商業；C104010 糖果製造業；C104020 烘焙炊蒸食品製造業；C110010 飲料製造業；F401171 酒類輸入業；ZZ99999 除許可業務外，得經營法令非禁止或限制之業務,臺北市,變更,11506
28710447,微素實業有限公司,臺北市北投區致遠三路119巷12弄25號1樓,鍾銘銘,5000000,,115/06/30,公司所在地,F204110 布疋、衣著、鞋、帽、傘、服飾品零售業；F206020 日常用品零售業；F209060 文教、樂器、育樂用品零售業；F210020 眼鏡零售業；F399040 無店面零售業；F401010 國際貿易業；ZZ99999 除許可業務外，得經營法令非禁止或限制之業務,臺北市,變更,11506
28710946,富邦育樂股份有限公司,臺北市松山區敦化南路1段108號10樓,蔡明忠,122657640,,115/06/30,特殊補正,J602010 演藝活動業；J801030 競技及休閒運動場館業；J802010 運動訓練業；J803010 運動表演業；J803020 運動比賽業；F109070 文教、樂器、育樂用品批發業；F209060 文教、樂器、育樂用品零售業；ZZ99999 除許可業務外，得經營法令非禁止或限制之業務,臺北市,變更,11506
28762325,現玳實業有限公司,臺北市大安區忠孝東路4段71之5號6樓,陳宥強,1000000,,115/06/16,特殊補正,F401010 國際貿易業；JA01010 汽車修理業；F114010 汽車批發業；F114050 車胎批發業；F214010 汽車零售業；F214050 車胎零售業；JA01990 其他汽車服務業；E604010 機械安裝業；F113010 機械批發業；F113020 電器批發業,臺北市,變更,11506
28823337,燕福生技有限公司,臺北市大安區羅斯福路3段283巷14弄14之3號,溫亮鈞,1000000,,115/06/12,減少所營事業變更修正章程,F102170 食品什貨批發業；F102180 酒精批發業；F104110 布疋、衣著、鞋、帽、傘、服飾品批發業；F105050 家具、寢具、廚房器具、裝設品批發業；F106020 日常用品批發業；F106030 模具批發業；F106060 寵物用品批發業；F107030 清潔用品批發業；F107050 肥料批發業；F107070 動物用藥品批發業,臺北市,變更,11506
28825399,唐文莉莎國際有限公司,臺北市松山區八德路3段247號4樓之2,羅淑萌,500000,,115/06/24,特殊補正,CG01010 珠寶及貴金屬製品製造業；F115010 首飾及貴金屬批發業；F215010 首飾及貴金屬零售業；F115020 礦石批發業；F215020 礦石零售業；F204110 布疋、衣著、鞋、帽、傘、服飾品零售業；F205040 家具、寢具、廚房器具、裝設品零售業；JD01010 工商徵信服務業；I101080 工、礦顧問業；I501010 產品設計業,臺北市,變更,11506
28830294,學成國際有限公司,臺北市信義區吳興街118巷35弄3號1樓,邱翊雲,3000000,,115/06/24,特殊補正,F401010 國際貿易業；H703100 不動產租賃業；J399010 軟體出版業；JB01010 會議及展覽服務業；JE01010 租賃業；IZ99990 其他工商服務業；ZZ99999 除許可業務外，得經營法令非禁止或限制之業務,臺北市,變更,11506
28831765,財金文化事業股份有限公司,臺北市中山區南京東路1段52號11樓,謝金河,100000000,,115/06/04,改選董事/監察人(一人法人股東指派董事/監察人),J303010 雜誌（期刊）出版業；J304010 圖書出版業；F109070 文教、樂器、育樂用品批發業；I401010 一般廣告服務業；I501010 產品設計業；F118010 資訊軟體批發業；F113050 電腦及事務性機器設備批發業；I102010 投資顧問業；I103060 管理顧問業；J302010 通訊稿業,臺北市,變更,11506
28832244,酒源有限公司,臺北市文山區興隆路4段179巷7號,蘇瑋俊,259880000,,115/06/30,補繳規費,F102030 菸酒批發業；F203020 菸酒零售業；F401010 國際貿易業；ZZ99999 除許可業務外，得經營法令非禁止或限制之業務,臺北市,變更,11506
28833362,仲恩生醫科技股份有限公司,臺北市內湖區瑞光路607號4樓,王玲美,805729910,,115/06/26,補繳規費,F401010 國際貿易業；IG01010 生物技術服務業；F108021 西藥批發業；C802100 化粧品製造業；F108040 化粧品批發業；F207990 其他化學製品零售業；F208040 化粧品零售業；IC01010 藥品檢驗業；F601010 智慧財產權業；I301020 資料處理服務業,臺北市,變更,11506
28834221,亞洲聚合投資股份有限公司,臺北市內湖區基湖路37號12樓,吳亦圭,200000000,,115/06/05,董事/監察人地址變更,H201010 一般投資業,臺北市,變更,11506
28834355,台灣艾希亞投資股份有限公司,臺北市中山區南京東路3段168號14樓,松本篤,4142007390,,115/06/26,改選董事/監察人(一人法人股東指派董事/監察人),H201010 一般投資業；D101060 再生能源自用發電設備業；I103060 管理顧問業；IG03010 能源技術服務業；ZZ99999 除許可業務外，得經營法令非禁止或限制之業務,臺北市,變更,11506
28835143,台灣拉斯維加斯金沙國際有限公司,臺北市信義區松仁路100號34樓,Randy Allen Hyzak,5000000,,115/06/08,董事/股東證照變更,ZZ99999 除許可業務外，得經營法令非禁止或限制之業務,臺北市,變更,11506
28837016,異奇科技股份有限公司,臺北市內湖區瑞光路583巷21號2樓,大朏吉秀(OTSUKI YOSHIHIDE,70000000,,115/06/05,改選董事/監察人(一人法人股東指派董事/監察人),F113010 機械批發業；F113020 電器批發業；F113030 精密儀器批發業；F113070 電信器材批發業；F118010 資訊軟體批發業；F119010 電子材料批發業；F199990 其他批發業；F213010 電器零售業；F213040 精密儀器零售業；F213060 電信器材零售業,臺北市,變更,11506
28843946,逸寬股份有限公司,臺北市信義區松仁路90號3樓,王念秋,20000000,,115/06/01,減資,H701040 特定專業區開發業；H701060 新市鎮、新社區開發業；I503010 景觀、室內設計業；ZZ99999 除許可業務外，得經營法令非禁止或限制之業務；J601010 藝文服務業；J602010 演藝活動業；J701030 視聽歌唱業；J701040 休閒活動場館業；J901020 一般旅館業；JA03010 洗衣業,臺北市,變更,11506
28844662,寶康行銷股份有限公司,臺北市大同區承德路3段97號,李玉鼎,10000000,,115/06/23,改選董事/監察人(一人法人股東指派董事/監察人),F102040 飲料批發業；F102170 食品什貨批發業；F203010 食品什貨、飲料零售業；F401010 國際貿易業；ZZ99999 除許可業務外，得經營法令非禁止或限制之業務,臺北市,變更,11506
28846227,新東旅行社有限公司,臺北市中山區南京東路2段69號5樓,謝憲治,6000000,,115/06/01,特殊補正,J902011 旅行業,臺北市,變更,11506
28846704,瑞締科技有限公司,臺北市大安區信義路3段106號3樓之4,廖明麗,20000000,,115/06/30,特殊補正,E605010 電腦設備安裝業；F101050 水產品批發業；F102170 食品什貨批發業；F105050 家具、寢具、廚房器具、裝設品批發業；F106020 日常用品批發業；F108040 化粧品批發業；F113020 電器批發業；F113050 電腦及事務性機器設備批發業；F113070 電信器材批發業；F118010 資訊軟體批發業,臺北市,變更,11506
28849884,水華佗國際實業有限公司,臺北市萬華區西園路1段264之1號,周裕淳,1000000,,115/06/10,特殊補正,F107030 清潔用品批發業；F108040 化粧品批發業；F118010 資訊軟體批發業；F215020 礦石零售業；F115020 礦石批發業；F115010 首飾及貴金屬批發業；F215010 首飾及貴金屬零售業；F203010 食品什貨、飲料零售業；F102170 食品什貨批發業；F109070 文教、樂器、育樂用品批發業,臺北市,變更,11506
28860655,柏欣資訊有限公司,臺北市中山區復興北路66號6樓,莊偉柏,1000000,,115/06/16,特殊補正,I301010 資訊軟體服務業；I301020 資料處理服務業；I301030 電子資訊供應服務業；F213030 電腦及事務性機器設備零售業；F218010 資訊軟體零售業；I501010 產品設計業；JA02010 電器及電子產品修理業；F113020 電器批發業；F113030 精密儀器批發業；F113050 電腦及事務性機器設備批發業,臺北市,變更,11506
28861633,瑞寶基因股份有限公司,臺北市內湖區民權東路6段160號13樓,江輝邦,573000000,,115/06/30,董事(常務董事.董事長)/監察人解任,C110010 飲料製造業；C199990 未分類其他食品製造業；C201010 飼料製造業；C802060 動物用藥製造業；C802100 化粧品製造業；C802990 其他化學製品製造業；F102170 食品什貨批發業；F103010 飼料批發業；F107070 動物用藥品批發業；F108040 化粧品批發業,臺北市,變更,11506
28863560,樂屋國際資訊股份有限公司,臺北市大安區敦化南路2段105號12樓,陳錫琮,126110960,,115/06/09,特殊補正,F118010 資訊軟體批發業；F207030 清潔用品零售業；F218010 資訊軟體零售業；F399040 無店面零售業；I103060 管理顧問業；I301010 資訊軟體服務業；I301020 資料處理服務業；I301030 電子資訊供應服務業；I401010 一般廣告服務業；H703090 不動產買賣業,臺北市,變更,11506
28865032,旭隼科技股份有限公司,臺北市內湖區新湖一路406號,謝卓明,882535660,,115/06/15,一般補正案,F113050 電腦及事務性機器設備批發業；F118010 資訊軟體批發業；F119010 電子材料批發業；F401010 國際貿易業；IG03010 能源技術服務業；E605010 電腦設備安裝業；E603050 自動控制設備工程業；CC01010 發電、輸電、配電機械製造業；I501010 產品設計業；I599990 其他設計業,臺北市,變更,11506
28867947,仲安資產管理股份有限公司,臺北市文山區興隆路1段84之1號,陳義聰,31000000,,115/06/12,改選董事/監察人(一人法人股東指派董事/監察人),ZZ99999 除許可業務外，得經營法令非禁止或限制之業務,臺北市,變更,11506
28868811,潤淂康資訊服務股份有限公司,臺北市松山區敦化北路207號4樓之2,馬銘嬭,30000000,,115/06/03,改選董事/監察人(一人法人股東指派董事/監察人),I301010 資訊軟體服務業；I103060 管理顧問業；ZZ99999 除許可業務外，得經營法令非禁止或限制之業務,臺北市,變更,11506
28897040,朝洋有限公司,臺北市大同區南京西路62號7樓,黃怡婕,500000,,115/06/30,公司所在地,ZZ99999 除許可業務外，得經營法令非禁止或限制之業務,臺北市,變更,11506
28903991,虹景投資股份有限公司,臺北市中山區明水路672巷27號2樓之1,林國輝,23009000,,115/06/22,特殊補正,H201010 一般投資業,臺北市,變更,11506
28909453,未來保險代理人股份有限公司,臺北市松山區民權東路3段181號3樓,段繼明,5000000,,115/06/18,公司名稱變更修正章程,H601021 財產保險代理人,臺北市,變更,11506
28930765,龍宸汽車有限公司,臺北市南港區東新街77巷15弄6號1樓,陳靚宸,3000000,,115/06/12,特殊補正,F114030 汽、機車零件配備批發業；F114050 車胎批發業；F214010 汽車零售業；F214020 機車零售業；F214030 汽、機車零件配備零售業；F214050 車胎零售業；F106010 五金批發業；JA01010 汽車修理業；F401010 國際貿易業；ZZ99999 除許可業務外，得經營法令非禁止或限制之業務,臺北市,變更,11506
28935706,明映科技有限公司,臺北市信義區信義路4段415號4樓之4,劉彥伯,13200000,,115/06/05,特殊補正,CB01010 機械設備製造業；CB01990 其他機械製造業；ZZ99999 除許可業務外，得經營法令非禁止或限制之業務；CC01010 發電、輸電、配電機械製造業；CC01030 電器及視聽電子產品製造業；CC01040 照明設備製造業；CC01080 電子零組件製造業；CC01090 電池製造業；CC01990 其他電機及電子機械器材製造業；CD01030 汽車及其零件製造業,臺北市,變更,11506
28949194,九邦投資股份有限公司,臺北市大安區復興南路1段380號12樓,張玉梅,68974730,,115/06/05,補繳規費,H201010 一般投資業,臺北市,變更,11506
28957601,普瑞投資股份有限公司,臺北市中山區復興北路48號4樓,胡儀全,10000000,,115/06/16,特殊補正,H201010 一般投資業,臺北市,變更,11506
28982003,大陸商中國國際航空股份有限公司,臺北市信義區信義路5段7號61樓之1,程丹,2000000,,115/06/16,一般補正案,G501011 民用航空運輸業（限中華民國行業標準分類5101民用航空運輸業）,臺北市,變更,11506
28982355,大陸商深圳航空有限公司,臺北市信義區信義路5段7號61樓之1,程丹,2000000,,115/06/16,一般補正案,G501011 民用航空運輸業（限中華民國行業標準分類5101民用航空運輸業）,臺北市,變更,11506
28986710,香港商博思軟體有限公司,臺北市信義區松智路1號11樓,Vikas CHHABRA,0,,115/06/18,改派在中華民國境內代表人,,臺北市,變更,11506
28990783,美商艾比傑媒體行銷股份有限公司,臺北市信義區松仁路97號13樓,黃麗萍,10000000,,115/06/11,在中華民國所營事業增加登記,F601010 智慧財產權業；I401010 一般廣告服務業；JD01010 工商徵信服務業；I103060 管理顧問業；JZ99050 仲介服務業；I501010 產品設計業；I199990 其他顧問服務業；H703100 不動產租賃業；ZZ99999 除許可業務外，得經營法令非禁止或限制之業務,臺北市,變更,11506
28990910,香港商慶云恩有限公司,臺北市松山區復興北路57號14樓之3,花田光一,13800000,,115/06/04,改派在中華民國境內負責人變更登記,ZZ99999 除許可業務外，得經營法令非禁止或限制之業務；F104110 布疋、衣著、鞋、帽、傘、服飾品批發業；F299990 其他零售業；F206020 日常用品零售業；F205040 家具、寢具、廚房器具、裝設品零售業；F401991 其他輸出入業；F204110 布疋、衣著、鞋、帽、傘、服飾品零售業；F399040 無店面零售業；F399990 其他綜合零售業；F401010 國際貿易業,臺北市,變更,11506
28992115,美商洛可拓股份有限公司,臺北市信義區信義路四段401號4樓,Eran Haim,0,,115/06/23,中文名稱變更,,臺北市,變更,11506
28996219,大陸商廈門國貿集團股份有限公司,臺北市中山區南京東路3段168號5樓,葉志成,0,,115/06/25,補繳規費,,臺北市,變更,11506
29031220,新娘物語股份有限公司,臺北市中正區忠孝西路1段66號28樓,謝冠雄,12000000,,115/06/01,特殊補正,F106020 日常用品批發業；F109070 文教、樂器、育樂用品批發業；F206020 日常用品零售業；F208040 化粧品零售業；I103060 管理顧問業；I401010 一般廣告服務業；I501010 產品設計業；J303010 雜誌（期刊）出版業；J304010 圖書出版業；J602010 演藝活動業,臺北市,變更,11506
29035865,安利物流股份有限公司,臺北市中山區長安東路2段246號7樓之1,梁智新,10000000,,115/06/29,改選董事/監察人(一人法人股東指派董事/監察人),G601011 航空貨運承攬業；G402011 海運承攬運送業；F401010 國際貿易業；ZZ99999 除許可業務外，得經營法令非禁止或限制之業務,臺北市,變更,11506
29043099,康達盛通公寓大廈管理維護股份有限公司,臺北市萬華區桂林路1號地下1樓,王俊超,30000000,,115/06/25,特殊補正,A102080 園藝服務業；E603040 消防安全設備安裝工程業；E603050 自動控制設備工程業；E603090 照明設備安裝工程業；E604010 機械安裝業；E605010 電腦設備安裝業；E606010 用電設備檢驗維護業；E801010 室內裝潢業；E801070 廚具、衛浴設備安裝工程業；EZ05010 儀器、儀表安裝工程業,臺北市,變更,11506
29043577,良軒投資股份有限公司,臺北市大安區復興南路1段283號3樓之1,朱淑敏,19800000,,115/06/23,改選董事/監察人(一人法人股東指派董事/監察人),H201010 一般投資業,臺北市,變更,11506
29043844,台北再開發規劃股份有限公司,臺北市大安區敦化南路2段92號7樓,胡英鵬,12000000,,115/06/25,公司所在地,H701010 住宅及大樓開發租售業；H701080 都市更新業；H703090 不動產買賣業；H703100 不動產租賃業；H701020 工業廠房開發租售業；H701040 特定專業區開發業；H701050 投資興建公共建設業；H701070 區段徵收及市地重劃代辦業；H705010 國有非公用財產代管業；I102010 投資顧問業,臺北市,變更,11506
29053259,賽基有限公司,臺北市松山區健康路156號5樓,黃淯誠,500000,,115/06/04,改推董事/董事長,IG01010 生物技術服務業；F401010 國際貿易業；ZZ99999 除許可業務外，得經營法令非禁止或限制之業務,臺北市,變更,11506
29054905,皇隆建設股份有限公司,臺北市中山區南京東路2段206號10樓,吳宜芬,100000000,,115/06/25,改選董事/監察人(一人法人股東指派董事/監察人),F111090 建材批發業；F301010 百貨公司業；H701010 住宅及大樓開發租售業；H701020 工業廠房開發租售業；H701040 特定專業區開發業；H701050 投資興建公共建設業；H701060 新市鎮、新社區開發業；H701070 區段徵收及市地重劃代辦業；H701080 都市更新業；H703090 不動產買賣業,臺北市,變更,11506
29056848,歐原形象設計股份有限公司,臺北市南港區三重路19之6號10樓,徐國展,2000000,,115/06/02,特殊補正,I103060 管理顧問業；I301010 資訊軟體服務業；I301020 資料處理服務業；I301030 電子資訊供應服務業；I401010 一般廣告服務業；I401020 廣告傳單分送業；I501010 產品設計業；I502010 服飾設計業；I503010 景觀、室內設計業；E801010 室內裝潢業,臺北市,變更,11506
29059985,緯德電腦股份有限公司,臺北市松山區敦化北路207號8樓之13,陳柏涵,500000,,115/06/09,特殊補正,CC01080 電子零組件製造業；E605010 電腦設備安裝業；E701010 通信工程業；EZ05010 儀器、儀表安裝工程業；F102170 食品什貨批發業；F109070 文教、樂器、育樂用品批發業；F209060 文教、樂器、育樂用品零售業；F113030 精密儀器批發業；F213040 精密儀器零售業；F113050 電腦及事務性機器設備批發業,臺北市,變更,11506
29061482,普岳投資股份有限公司,臺北市中山區復興北路48號4樓,胡儀全,460447650,,115/06/10,申登機關變更（遷入，含卷）,H201010 一般投資業,臺北市,變更,11506
29062927,卡佛李兒有限公司,臺北市大安區信義路4段233號10樓之1,堅尼斯,7500000,,115/06/26,經理人變更,F115010 首飾及貴金屬批發業；F115020 礦石批發業；F215010 首飾及貴金屬零售業；F215020 礦石零售業；F401010 國際貿易業,臺北市,變更,11506
29063003,永三汽車股份有限公司,臺北市內湖區瑞光路258巷2號2樓,張定民,1000000000,,115/06/30,改選董事/監察人(一人法人股東指派董事/監察人),F114010 汽車批發業；F114030 汽、機車零件配備批發業；F119010 電子材料批發業；F214010 汽車零售業；F214030 汽、機車零件配備零售業；F219010 電子材料零售業；F401010 國際貿易業；F401021 電信管制射頻器材輸入業；JA01010 汽車修理業；ZZ99999 除許可業務外，得經營法令非禁止或限制之業務,臺北市,變更,11506
29064559,緹亞紡織股份有限公司,臺北市大同區西寧北路62之5號3樓之1,吳振育,17000000,,115/06/08,公司所在地,C301010 紡紗業；C302010 織布業；F104110 布疋、衣著、鞋、帽、傘、服飾品批發業；F204110 布疋、衣著、鞋、帽、傘、服飾品零售業；F401010 國際貿易業；ZZ99999 除許可業務外，得經營法令非禁止或限制之業務,臺北市,變更,11506
29064994,倍力投資股份有限公司,臺北市大安區仁愛路4段37之31號3樓,林振宏,2800000,,115/06/25,特殊補正,H201010 一般投資業；F401010 國際貿易業；I103060 管理顧問業；I105010 藝術品諮詢顧問業；I199990 其他顧問服務業；IH01010 產業控股公司業；ZZ99999 除許可業務外，得經營法令非禁止或限制之業務,臺北市,變更,11506
29066944,亞洲奧德賽旅行社有限公司,臺北市中山區南京東路2段38號11樓,廖乙臻,6000000,,115/06/08,特殊補正,J902011 旅行業,臺北市,變更,11506
29067090,元太數位科技有限公司,臺北市信義區基隆路1段432號14樓之7,劉國琰,12200000,,115/06/24,特殊補正,F113050 電腦及事務性機器設備批發業；F118010 資訊軟體批發業；F119010 電子材料批發業；F401010 國際貿易業；F213030 電腦及事務性機器設備零售業；F218010 資訊軟體零售業；F219010 電子材料零售業；I103060 管理顧問業；I301010 資訊軟體服務業；I301020 資料處理服務業,臺北市,變更,11506
29067514,茂吉開發股份有限公司,臺北市中正區漢口街1段85號12樓之3,陳詩方,29000000,,115/06/29,改選董事/監察人(一人法人股東指派董事/監察人),ZZ99999 除許可業務外，得經營法令非禁止或限制之業務,臺北市,變更,11506
29069127,普達系統股份有限公司,臺北市內湖區行愛路77巷59號5樓,翁宗斌,210000000,,115/06/17,補選董事(常務董事.董事長)/監察人,CC01030 電器及視聽電子產品製造業；CC01060 有線通信機械器材製造業；CC01070 無線通信機械器材製造業；CC01110 電腦及其週邊設備製造業；CC01120 資料儲存媒體製造及複製業；CE01010 一般儀器製造業；CE01030 光學儀器製造業；F113030 精密儀器批發業；F113050 電腦及事務性機器設備批發業；F113070 電信器材批發業,臺北市,變更,11506
29078391,建旭投資股份有限公司,臺北市中山區松江路152號8樓之10,李景雲,720000,,115/06/18,減資,H201010 一般投資業,臺北市,變更,11506
29078478,九世國際有限公司,臺北市大同區南京西路103號11樓之5,李忠潔,1500000,,115/06/29,公司所在地,F102170 食品什貨批發業；F104110 布疋、衣著、鞋、帽、傘、服飾品批發業；F105050 家具、寢具、廚房器具、裝設品批發業；F106010 五金批發業；F106020 日常用品批發業；F107030 清潔用品批發業；F107190 塑膠膜、袋批發業；F108040 化粧品批發業；F109070 文教、樂器、育樂用品批發業；F113020 電器批發業,臺北市,變更,11506
29082542,榞榮國際開發有限公司,臺北市中正區中山北路1段2號4樓之2,劉耀仁,4500000,,115/06/25,特殊補正,E801010 室內裝潢業；E801020 門窗安裝工程業；E801030 室內輕鋼架工程業；E801040 玻璃安裝工程業；E801070 廚具、衛浴設備安裝工程業；F105050 家具、寢具、廚房器具、裝設品批發業；F106040 水器材料批發業；F205040 家具、寢具、廚房器具、裝設品零售業；F206040 水器材料零售業；CN01010 家具及裝設品製造業,臺北市,變更,11506
29085822,齊舍設計事業有限公司,臺北市大安區仁愛路4段433號6樓,簡武棟,1000000,,115/06/10,申登機關變更（遷入，含卷）,E801010 室內裝潢業；F401010 國際貿易業；I105010 藝術品諮詢顧問業；I501010 產品設計業；I503010 景觀、室內設計業；JB01010 會議及展覽服務業；F105050 家具、寢具、廚房器具、裝設品批發業；F106020 日常用品批發業；F204110 布疋、衣著、鞋、帽、傘、服飾品零售業；F205040 家具、寢具、廚房器具、裝設品零售業,臺北市,變更,11506
29120763,財富方舟股份有限公司,臺北市中正區開封街1段37號12樓,吳建賢,39200000,,115/06/29,董事/監察人持股變動報備,F401010 國際貿易業；I103060 管理顧問業；JZ99050 仲介服務業；F109070 文教、樂器、育樂用品批發業；F118010 資訊軟體批發業；J304010 圖書出版業；J305010 有聲出版業；J399010 軟體出版業；H703100 不動產租賃業；I102010 投資顧問業,臺北市,變更,11506
29132705,立勳企業管理顧問有限公司,臺北市南港區向陽路191號5樓,林望興,5000000,,115/06/17,特殊補正,I103060 管理顧問業；I199990 其他顧問服務業；ZZ99999 除許可業務外，得經營法令非禁止或限制之業務；I301010 資訊軟體服務業,臺北市,變更,11506
29138911,旺馬廣告股份有限公司,臺北市大安區忠孝東路4段166號6樓之2,張瀛珠,25000000,,115/06/05,特殊補正,I401010 一般廣告服務業；E801010 室內裝潢業；F401010 國際貿易業；ZZ99999 除許可業務外，得經營法令非禁止或限制之業務；H704031 不動產仲介經紀業；H704041 不動產代銷經紀業,臺北市,變更,11506
29150415,美賣科技股份有限公司,臺北市中山區民生東路3段51號12樓,宇福投資股份有限公司,200000000,,115/06/22,修正章程,F601010 智慧財產權業；I301010 資訊軟體服務業；I301020 資料處理服務業；I301030 電子資訊供應服務業；F113050 電腦及事務性機器設備批發業；F118010 資訊軟體批發業；F119010 電子材料批發業；F213030 電腦及事務性機器設備零售業；F218010 資訊軟體零售業；F219010 電子材料零售業,臺北市,變更,11506
29159767,晶元寶有限公司,臺北市中正區杭州南路1段23號9樓之3,翁秀美,3000000,,115/06/01,特殊補正,F102040 飲料批發業；F102050 茶葉批發業；F102170 食品什貨批發業；F104110 布疋、衣著、鞋、帽、傘、服飾品批發業；F105050 家具、寢具、廚房器具、裝設品批發業；F106010 五金批發業；F106020 日常用品批發業；F107200 化學原料批發業；F109070 文教、樂器、育樂用品批發業；F111090 建材批發業,臺北市,變更,11506
29161052,碩鈦國際有限公司,臺北市大同區重慶北路2段74號8樓,江政哲,500000,,115/06/17,特殊補正,F106020 日常用品批發業；F106010 五金批發業；F113020 電器批發業；F113050 電腦及事務性機器設備批發業；F109070 文教、樂器、育樂用品批發業；F113030 精密儀器批發業；F113060 度量衡器批發業；F116010 照相器材批發業；F119010 電子材料批發業；F206010 五金零售業,臺北市,變更,11506
29161258,順億水電有限公司,臺北市大安區四維路170巷47號,陳臆安,1000000,,115/06/29,特殊補正,F108040 化粧品批發業；F113020 電器批發業；F113050 電腦及事務性機器設備批發業；F114030 汽、機車零件配備批發業；F118010 資訊軟體批發業；F119010 電子材料批發業；I103060 管理顧問業；I301010 資訊軟體服務業；I301020 資料處理服務業；ZZ99999 除許可業務外，得經營法令非禁止或限制之業務,臺北市,變更,11506
29171657,國際暢行科技有限公司,臺北市中正區南昌路2段216號10樓之1,陳智明,5000000,,115/06/22,特殊補正,C701010 印刷業；C702010 製版業；C703010 印刷品裝訂及加工業；CB01020 事務機器製造業；CC01110 電腦及其週邊設備製造業；E605010 電腦設備安裝業；F109070 文教、樂器、育樂用品批發業；F113020 電器批發業；F113050 電腦及事務性機器設備批發業；F118010 資訊軟體批發業,臺北市,變更,11506
29171782,東豐清潔有限公司,臺北市中山區錦州街46號9樓之5,許雅涵,200000,,115/06/08,特殊補正,J101010 建築物清潔服務業；J101020 病媒防治業；J101030 廢棄物清除業；A102080 園藝服務業；F207030 清潔用品零售業；ZZ99999 除許可業務外，得經營法令非禁止或限制之業務,臺北市,變更,11506
29504079,三星實業有限公司,臺北市士林區中正路212巷10弄9號1樓,趙傑,2000000,,115/06/12,股東出資轉讓修正章程,F401010 國際貿易業；ZZ99999 除許可業務外，得經營法令非禁止或限制之業務,臺北市,變更,11506
29508603,大同開發股份有限公司,臺北市中山區中山北路三段22號,張榮華,20800000000,,115/06/26,董事(常務董事.董事長)/監察人解任,H701010 住宅及大樓開發租售業；H701020 工業廠房開發租售業；H701040 特定專業區開發業；H701050 投資興建公共建設業；H701060 新市鎮、新社區開發業；H701070 區段徵收及市地重劃代辦業；H701080 都市更新重建業；H703090 不動產買賣業；H703100 不動產租賃業；I102010 投資顧問業,臺北市,變更,11506
29517407,大信觀光企業股份有限公司,臺北市士林區格致路237號,林文東,99750000,,115/06/29,董事/監察人持股變動報備,F204110 布疋、衣著、鞋、帽、傘、服飾品零售業；F205040 家具、寢具、廚房器具、裝設品零售業；F215010 首飾及貴金屬零售業；F215020 礦石零售業；F299990 其他零售業；F501060 餐館業；H703100 不動產租賃業；J801030 競技及休閒運動場館業；J901011 觀光旅館業；JZ99080 美容美髮服務業,臺北市,變更,11506
29539802,群通興業股份有限公司,臺北市北投區大業路260號6樓,林月霞,29800000,,115/06/22,改選董事/監察人(一人法人股東指派董事/監察人),,臺北市,變更,11506
29705246,陽明山瓦斯股份有限公司,臺北市士林區葫蘆街61巷9號2樓,賴秋育,744093430,,115/06/09,董事(常務董事.董事長)/監察人解任,D201011 公用天然氣事業；CR01010 瓦斯器材及其零件製造業；E502010 燃料導管安裝工程業；E801070 廚具、衛浴設備安裝工程業；E603130 燃氣熱水器承裝業；F112040 石油製品批發業；F212050 石油製品零售業；F113060 度量衡器批發業；F213050 度量衡器零售業；H703100 不動產租賃業,臺北市,變更,11506
29817214,賓樂交通事業股份有限公司,臺北市松山區塔悠路327號1樓,陳信謙,5000000,,115/06/23,董事/監察人持股變動報備,G201011 計程車客運服務業；F214010 汽車零售業；F214030 汽、機車零件配備零售業；ZZ99999 除許可業務外，得經營法令非禁止或限制之業務,臺北市,變更,11506
30822587,吉承日電股份有限公司,臺北市中山區松江路226巷12之2號1樓,杜啟禎,100000000,,115/06/30,特殊補正,CA02010 金屬結構及建築組件製造業；CB01010 機械設備製造業；CC01010 發電、輸電、配電機械製造業；CC01080 電子零組件製造業；CC01990 其他電機及電子機械器材製造業；E599010 配管工程業；E603020 電梯安裝工程業；E603040 消防安全設備安裝工程業；E603050 自動控制設備工程業；E603090 照明設備安裝工程業,臺北市,變更,11506
30843062,沛華實業股份有限公司,臺北市大同區南京西路62號10樓,林祐宇,35000000,,115/06/03,經理人變更,G402011 海運承攬運送業；G405010 貨櫃出租業；I199990 其他顧問服務業,臺北市,變更,11506
30870433,漢永企業有限公司,臺北市大安區復興南路1段135巷15號8樓之1,施曉揚,5000000,,115/06/18,特殊補正,,臺北市,變更,11506
30885338,小林鐘錶眼鏡股份有限公司,臺北市大安區大安路1段210號1樓,劉永禎,130000000,,115/06/01,分公司地址變更,F110020 眼鏡批發業；F210020 眼鏡零售業；F110010 鐘錶批發業；F210010 鐘錶零售業；F108031 醫療器材批發業；F208031 醫療器材零售業；F102170 食品什貨批發業；F203010 食品什貨、飲料零售業；F208050 乙類成藥零售業；F401010 國際貿易業,臺北市,變更,11506
30896187,星裕國際股份有限公司,臺北市內湖區基湖路3巷47號8樓,林世偉,1424987300,,115/06/22,修正章程,C306010 成衣業；CK01010 製鞋業；EZ14010 運動場地用設備工程業；F102040 飲料批發業；F102170 食品什貨批發業；F104110 布疋、衣著、鞋、帽、傘、服飾品批發業；F105050 家具、寢具、廚房器具、裝設品批發業；F106010 五金批發業；F106020 日常用品批發業；F107030 清潔用品批發業,臺北市,變更,11506
30901647,辛耘企業股份有限公司,臺北市內湖區瑞光路208號11樓,謝宏亮,803460800,,115/06/01,可轉換公司債換發新股,CB01010 機械設備製造業；CC01080 電子零組件製造業；E603050 自動控制設備工程業；F113010 機械批發業；F119010 電子材料批發業；F113030 精密儀器批發業；F401010 國際貿易業；F401021 電信管制射頻器材輸入業；C901010 陶瓷及陶瓷製品製造業；C901020 玻璃及玻璃製品製造業,臺北市,變更,11506
30920222,千揮科技企業股份有限公司,臺北市中正區羅斯福路3段28號6樓,邱春兆,35000000,,115/06/26,特殊補正,F401010 國際貿易業；E601010 電器承裝業；E603050 自動控制設備工程業；F105050 家具、寢具、廚房器具、裝設品批發業；F106010 五金批發業；F109070 文教、樂器、育樂用品批發業；F113010 機械批發業；F113020 電器批發業；F113050 電腦及事務性機器設備批發業；F113060 度量衡器批發業,臺北市,變更,11506
30922431,零壹科技股份有限公司,臺北市內湖區內湖路一段360巷8號10樓,林嘉勲,1670052120,,115/06/03,補繳規費,F113050 電腦及事務性機器設備批發業；F213030 電腦及事務性機器設備零售業；F118010 資訊軟體批發業；F218010 資訊軟體零售業；I301010 資訊軟體服務業；J399010 軟體出版業；I301020 資料處理服務業；I501010 產品設計業；I199990 其他顧問服務業；ZZ99999 除許可業務外，得經營法令非禁止或限制之業務,臺北市,變更,11506
30960878,健億汽車百貨有限公司,臺北市大安區潮州街50號樓下,温鵬達,3000000,,115/06/05,改推董事/董事長,,臺北市,變更,11506
30962025,合聯實業股份有限公司,臺北市信義區基隆路2段189號8樓之2,連香鐘,31000000,,115/06/08,特殊補正,CD01010 船舶及其零件製造業；CD01020 軌道車輛及其零件製造業；E599010 配管工程業；E601020 電器安裝業；E603010 電纜安裝工程業；E603050 自動控制設備工程業；E603080 交通號誌安裝工程業；E604010 機械安裝業；E605010 電腦設備安裝業；E801070 廚具、衛浴設備安裝工程業,臺北市,變更,11506
30975680,善仕國際有限公司,臺北市大安區復興南路1段135巷27號5樓之5,周秋貴,2000000,,115/06/26,增資,J305010 有聲出版業；F109070 文教、樂器、育樂用品批發業；F108040 化粧品批發業；F104110 布疋、衣著、鞋、帽、傘、服飾品批發業；F102170 食品什貨批發業；F401010 國際貿易業；F108031 醫療器材批發業；F102040 飲料批發業；H702010 建築經理業；H703090 不動產買賣業,臺北市,變更,11506
30982296,貝泰有限公司,臺北市內湖區石潭路27號5樓之5,曹秀娟,25000000,,115/06/26,公司所在地,F105050 家具、寢具、廚房器具、裝設品批發業；F106010 五金批發業；F106020 日常用品批發業；F401010 國際貿易業；I301020 資料處理服務業；ZZ99999 除許可業務外，得經營法令非禁止或限制之業務,臺北市,變更,11506
31115344,怡美室內裝修有限公司,臺北市內湖區康樂街204之3號1樓,江哲和,1000000,,115/06/05,公司所在地,C501990 其他木製品製造業；F105050 家具、寢具、廚房器具、裝設品批發業；F205040 家具、寢具、廚房器具、裝設品零售業；E801061 室內裝修業,臺北市,變更,11506
31151798,勵格際盟股份有限公司,臺北市內湖區洲子街88號3樓之1,李明哲,35000000,,115/06/23,董事/監察人持股變動報備,CB01010 機械設備製造業；CC01020 電線及電纜製造業；CC01080 電子零組件製造業；CC01990 其他電機及電子機械器材製造業；CE01010 一般儀器製造業；CE01990 其他光學及精密器械製造業；F113010 機械批發業；F113030 精密儀器批發業；F401010 國際貿易業；ZZ99999 除許可業務外，得經營法令非禁止或限制之業務,臺北市,變更,11506
33030758,中日合成化學股份有限公司,臺北市中正區仁愛路2段99號14樓,北景介,144732000,,115/06/25,特殊補正,,臺北市,變更,11506
33111800,光隆實業股份有限公司,臺北市大安區敦化南路二段105號16樓,詹賀博,1505791510,,115/06/05,修正章程,CJ01010 製帽業；C306010 成衣業；F401030 製造輸出業；F104040 皮包、手提袋、皮箱批發業；F104060 寢具批發業；F204040 皮包、手提袋、皮箱零售業；F204060 寢具零售業,臺北市,變更,11506
33144175,怡華實業股份有限公司,臺北市內湖區內湖路1段392號12樓之1,黃士豪,937200000,,115/06/23,董事(常務董事.董事長)/監察人解任,C301010 紡紗業；C302010 織布業；C305010 印染整理業；C801120 人造纖維製造業；C801010 基本化學工業；C802120 工業助劑製造業；F107020 染料、顏料批發業；F107170 工業助劑批發業；F207020 染料、顏料零售業；F207170 工業助劑零售業,臺北市,變更,11506
33653494,聯發紡織纖維股份有限公司,臺北市大同區玉泉里環河北路1段73號5樓之5,葉清澤,2689716800,,115/06/16,減資,C301010 紡紗業；C302010 織布業；C801120 人造纖維製造業；F401010 國際貿易業；H701010 住宅及大樓開發租售業；H701020 工業廠房開發租售業；H201010 一般投資業；ZZ99999 除許可業務外，得經營法令非禁止或限制之業務,臺北市,變更,11506
33700601,偉全實業股份有限公司,臺北市大同區西寧北路62之5號6樓,陳建柱,1036072670,,115/06/22,改選董事/監察人(一人法人股東指派董事/監察人),C302010 織布業；C306010 成衣業；C399990 其他紡織及製品製造業；ZZ99999 除許可業務外，得經營法令非禁止或限制之業務；C301010 紡紗業；C303010 不織布業；C305010 印染整理業；C307010 服飾品製造業；C801120 人造纖維製造業,臺北市,變更,11506
33807420,一加國際投資股份有限公司,臺北市中山區松江路125號3樓,黃光弘,2000000,,115/06/02,公司所在地,H201010 一般投資業；ZZ99999 除許可業務外，得經營法令非禁止或限制之業務,臺北市,變更,11506
33977304,全家福股份有限公司,臺北市大安區敦化南路2段207號36樓,何永生,210975730,,115/06/26,公司所營事業變更修正章程,F104110 布疋、衣著、鞋、帽、傘、服飾品批發業；F204110 布疋、衣著、鞋、帽、傘、服飾品零售業；F105050 家具、寢具、廚房器具、裝設品批發業；F205040 家具、寢具、廚房器具、裝設品零售業；F106020 日常用品批發業；F206020 日常用品零售業；F106050 陶瓷玻璃器皿批發業；F109070 文教、樂器、育樂用品批發業；F209060 文教、樂器、育樂用品零售業；F110010 鐘錶批發業,臺北市,變更,11506
34060414,世誠營造股份有限公司,臺北市南港區三重路66號4樓,游文杰,104888220,,115/06/17,特殊補正,,臺北市,變更,11506
34284955,台一國際股份有限公司,臺北市松山區民生東路3段129號10樓,許守信,2274184710,,115/06/26,修正章程,CA01110 煉銅業２各類裸銅線、銅絞線、鍍錫銅線、鍍錫絞線、各種鋁合金線及電纜之產銷。３各類銅材、銅板之銷售及加工製造。４各類漆包線「一般漆包線」「耐冷媒漆包線」「耐熱漆包線」「自融著漆包線」「熔斷漆包線」「漆包平行線」「漆包絞線」「特殊用途漆包線」「未列各漆包線」等之產銷。５各類線圈之產銷。６各類塑膠、橡膠電力電纜、塑膠原料、凡立水之產銷及卷取軸之產銷。７各類電話線及通信電纜之產銷。８交連ＰＥ電力電纜及電子之產銷。９各類控制電纜及電子配線之產銷。10進口銷售其國外之母公司或其他關係企業之產品。,臺北市,變更,11506
35360705,國泰樹脂工業股份有限公司,臺北市中山區長安東路1段18號11樓,李綺敏,213570730,,115/06/04,改選董事/監察人(一人法人股東指派董事/監察人),,臺北市,變更,11506
35412204,華新麗華股份有限公司,臺北市信義區松智路1號25樓,焦佑倫,44313329480,,115/06/22,改選董事/監察人(一人法人股東指派董事/監察人),H701010 住宅及大樓開發租售業；E601010 電器承裝業；CC01020 電線及電纜製造業；CA01010 鋼鐵冶鍊業；CA01020 鋼鐵軋延及擠型業；CA01050 鋼材二次加工業；B201010 金屬礦業；CA01030 鋼鐵鑄造業；CA02080 金屬鍛造業；CA03010 熱處理業,臺北市,變更,11506
35531102,信華毛紡股份有限公司,臺北市中山區長安東路1段21號8樓,簡茂男,2882880,,115/06/15,特殊補正,ZZ99999 除許可業務外，得經營法令非禁止或限制之業務。,臺北市,變更,11506
35535607,勤益投資控股股份有限公司,臺北市大安區忠孝東路4段320號9樓,顧立楷,2018712840,,115/06/22,改選董事/監察人(一人法人股東指派董事/監察人),H201010 一般投資業；ZZ99999 除許可業務外，得經營法令非禁止或限制之業務,臺北市,變更,11506
35568331,聯昌電子企業股份有限公司,臺北市內湖區南京東路六段501號11樓,陳恆偉,1109270140,,115/06/03,改選董事/監察人(一人法人股東指派董事/監察人),C805030 塑膠日用品製造業；CB01020 事務機器製造業；CC01010 發電、輸電、配電機械製造業；CC01020 電線及電纜製造業；CC01030 電器及視聽電子產品製造業；CC01040 照明設備製造業；CC01060 有線通信機械器材製造業；CC01070 無線通信機械器材製造業；CC01080 電子零組件製造業；CC01090 電池製造業,臺北市,變更,11506
36117623,士集實業有限公司,臺北市大同區市民大道1段211號13樓之6,許恒豪,29000000,,115/06/30,特殊補正,,臺北市,變更,11506
36163061,德恆鋼鐵工業有限公司,臺北市士林區福港街259巷9弄1號1樓,翁德東,8000000,,115/06/22,特殊補正,,臺北市,變更,11506
36251894,聯合安豐股份有限公司,臺北市中山區朱崙街15號,焦威聯,670000000,,115/06/11,董事/監察人持股變動報備,G202010 停車場經營業；H701010 住宅及大樓開發租售業；H703090 不動產買賣業；H703100 不動產租賃業；I101120 造船顧問業；I102010 投資顧問業；I103060 管理顧問業；I503010 景觀、室內設計業；J901020 一般旅館業；ZZ99999 除許可業務外，得經營法令非禁止或限制之業務,臺北市,變更,11506
36264814,神盟超技股份有限公司,臺北市中正區羅斯福路2段14號2樓,游峯彬,12000000,,115/06/22,特殊補正,ZZ99999 除許可業務外，得經營法令非禁止或限制之業務；F401021 電信管制射頻器材輸入業；F113010 機械批發業；F113020 電器批發業；F113070 電信器材批發業；F213010 電器零售業；F213060 電信器材零售業；F213080 機械器具零售業；F401010 國際貿易業；CB01010 機械設備製造業,臺北市,變更,11506
36523994,樺永有限公司,臺北市中正區青島東路33之5號1樓,,1000000,,115/06/22,解散,,臺北市,變更,11506
36532614,邦貴企業管理顧問股份有限公司,臺北市松山區南京東路4段130號7樓,簡翠芬,3300000,,115/06/23,特殊補正,,臺北市,變更,11506
38130708,台麥開發股份有限公司,臺北市中山區中山北路2段26巷15號1樓,葉啟昭,184800000,,115/06/30,改選董事/監察人(一人法人股東指派董事/監察人),F301010 百貨公司業；F301020 超級市場業；F399010 便利商店業；F399040 無店面零售業；F399990 其他綜合零售業；F401010 國際貿易業；F501030 飲料店業；F501050 飲酒店業；F501060 餐館業；F501990 其他餐飲業,臺北市,變更,11506
38412312,全日通電梯有限公司,臺北市大同區延平北路2段202號17樓之2,邱彥豪,6000000,,115/06/29,公司所在地,E603020 電梯安裝工程業；E603090 照明設備安裝工程業；E604010 機械安裝業；EZ03010 鎔爐安裝業；EZ05010 儀器、儀表安裝工程業；F106010 五金批發業；F106040 水器材料批發業；F113010 機械批發業；F113020 電器批發業；F401010 國際貿易業,臺北市,變更,11506
42404010,博晟生醫股份有限公司,臺北市南港區園區街3-2號4樓,陳德禮,1343160260,,115/06/04,其他減資,F107070 動物用藥品批發業；F113030 精密儀器批發業；F208050 乙類成藥零售業；F213040 精密儀器零售業；F601010 智慧財產權業；F108031 醫療器材批發業；F208031 醫療器材零售業；F108021 西藥批發業；F208021 西藥零售業；IG01010 生物技術服務業,臺北市,變更,11506
42593814,悅富久國際有限公司,臺北市中正區博愛路134號6樓,林國強,5000000,,115/06/24,特殊補正,F106010 五金批發業；F113010 機械批發業；F113020 電器批發業；F113030 精密儀器批發業；F113050 電腦及事務性機器設備批發業；F117010 消防安全設備批發業；F119010 電子材料批發業；F213030 電腦及事務性機器設備零售業；F213040 精密儀器零售業；F213050 度量衡器零售業,臺北市,變更,11506
42595453,葉宿文旅有限公司,臺北市內湖區康寧路3段54之7號3樓,盧申威,5500000,,115/06/02,減資,J901020 一般旅館業；H701010 住宅及大樓開發租售業；H703100 不動產租賃業；F501030 飲料店業；ZZ99999 除許可業務外，得經營法令非禁止或限制之業務,臺北市,變更,11506
42613635,漢衢股份有限公司,臺北市南港區園區街3號12樓之5,陳貴弘,48000000,,115/06/23,特殊補正,H201010 一般投資業；I102010 投資顧問業；ZZ99999 除許可業務外，得經營法令非禁止或限制之業務,臺北市,變更,11506
42615704,台灣奧拓利股份有限公司,臺北市大同區承德路2段81號14樓,岡本崇義,5000000,,115/06/18,改選董事/監察人(一人法人股東指派董事/監察人),E604010 機械安裝業；F113010 機械批發業；F113020 電器批發業；F113030 精密儀器批發業；F119010 電子材料批發業；F213010 電器零售業；F213040 精密儀器零售業；F213080 機械器具零售業；F219010 電子材料零售業；F401010 國際貿易業,臺北市,變更,11506
42615752,海綿樹網路社群媒體股份有限公司,臺北市內湖區堤頂大道2段407巷32號1樓,陳可吟,10245000,,115/06/12,補繳規費,I301010 資訊軟體服務業；I301020 資料處理服務業；I301030 電子資訊供應服務業；I401010 一般廣告服務業；I501010 產品設計業；I502010 服飾設計業；J303010 雜誌（期刊）出版業；JZ99050 仲介服務業；F113050 電腦及事務性機器設備批發業；F118010 資訊軟體批發業,臺北市,變更,11506
42618532,承端投資股份有限公司,臺北市中山區德惠街16之5號6樓,辜公怡,5000000,,115/06/25,改選董事/監察人(一人法人股東指派董事/監察人),H201010 一般投資業,臺北市,變更,11506
42619856,飛買家股份有限公司,臺北市中山區建國北路2段33號11樓,周育蔚,300000000,,115/06/26,特殊補正,F113050 電腦及事務性機器設備批發業；F113070 電信器材批發業；F118010 資訊軟體批發業；F119010 電子材料批發業；F201010 農產品零售業；F201020 畜產品零售業；F201050 漁具零售業；F201070 花卉零售業；F201090 觀賞魚零售業；F202010 飼料零售業,臺北市,變更,11506
42621213,欣億機電工程有限公司,臺北市南港區興中路80巷17號,廖文琦,500000,,115/06/10,股東出資轉讓修正章程,F105050 家具、寢具、廚房器具、裝設品批發業；F113010 機械批發業；F113020 電器批發業；F113030 精密儀器批發業；F113050 電腦及事務性機器設備批發業；F113990 其他機械器具批發業；F118010 資訊軟體批發業；F119010 電子材料批發業；F213010 電器零售業；F401010 國際貿易業,臺北市,變更,11506
42621656,臺灣普艾物理儀器有限公司,臺北市大安區信義路4段170號4樓之1,Michael Patrick Josef Albiez,1800000,,115/06/26,特殊補正,EZ05010 儀器、儀表安裝工程業；F113030 精密儀器批發業；F213040 精密儀器零售業；F401010 國際貿易業；I199990 其他顧問服務業；IF04010 非破壞檢測業；IZ99990 其他工商服務業；ZZ99999 除許可業務外，得經營法令非禁止或限制之業務,臺北市,變更,11506
42622775,日台通販國際股份有限公司,臺北市松山區八德路3段34號13樓,岡裕太,2000000,,115/06/29,增資(資本總額),ZZ99999 除許可業務外，得經營法令非禁止或限制之業務；F101040 家畜家禽批發業；F101050 水產品批發業；F101130 蔬果批發業；F102030 菸酒批發業；F102040 飲料批發業；F102170 食品什貨批發業；F104110 布疋、衣著、鞋、帽、傘、服飾品批發業；F105050 家具、寢具、廚房器具、裝設品批發業；F106020 日常用品批發業,臺北市,變更,11506
42623155,奇異之旅媒體股份有限公司,臺北市松山區延壽街361號1樓,楊海彬,5000000,,115/06/23,特殊補正,I401010 一般廣告服務業；I501010 產品設計業；I199990 其他顧問服務業；ZZ99999 除許可業務外，得經營法令非禁止或限制之業務；I401020 廣告傳單分送業；I301030 電子資訊供應服務業；IZ01010 影印業；IZ03010 剪報業；IZ10010 排版業；JZ99050 仲介服務業,臺北市,變更,11506
42623373,展通國際有限公司,臺北市中山區民權西路35號12樓之1,俞萬忠,5000000,,115/06/16,特殊補正,E701030 電信管制射頻器材裝設工程業；F113020 電器批發業；F113050 電腦及事務性機器設備批發業；F113070 電信器材批發業；F113110 電池批發業；F118010 資訊軟體批發業；F119010 電子材料批發業；F213010 電器零售業；F213030 電腦及事務性機器設備零售業；F213060 電信器材零售業,臺北市,變更,11506
42626006,鈺立微電子股份有限公司,臺北市內湖區西湖里基湖路35巷22號2樓,鄧茂松,1313500000,,115/06/18,改選董事/監察人(一人法人股東指派董事/監察人),CC01030 電器及視聽電子產品製造業；CC01080 電子零組件製造業；CC01110 電腦及其週邊設備製造業；CC01120 資料儲存媒體製造及複製業；F113050 電腦及事務性機器設備批發業；F113070 電信器材批發業；F118010 資訊軟體批發業；F119010 電子材料批發業；F213030 電腦及事務性機器設備零售業；F213060 電信器材零售業,臺北市,變更,11506
42626033,鈺群科技股份有限公司,臺北市內湖區基湖路35巷22號2樓,鄧茂松,434500000,,115/06/25,特殊補正,CC01080 電子零組件製造業；CC01110 電腦及其週邊設備製造業；F401010 國際貿易業；F601010 智慧財產權業；I301010 資訊軟體服務業；I199990 其他顧問服務業；F119010 電子材料批發業；F219010 電子材料零售業；I501010 產品設計業；ZZ99999 除許可業務外，得經營法令非禁止或限制之業務,臺北市,變更,11506
42626929,媽媽心股份有限公司,臺北市中山區民生東路1段70號5樓,陳貞穎,3600000,,115/06/25,董事/監察人持股變動報備,F102040 飲料批發業；F102170 食品什貨批發業；F106020 日常用品批發業；F108040 化粧品批發業；F203010 食品什貨、飲料零售業；F206020 日常用品零售業；F208040 化粧品零售業；F301010 百貨公司業；F399040 無店面零售業；F401010 國際貿易業,臺北市,變更,11506
42628969,林瑀希藝術有限公司,臺北市中山區中山北路2段115巷43號5樓之4,林瑀希,2000000,,115/06/02,公司所在地,I105010 藝術品諮詢顧問業；J303010 雜誌（期刊）出版業；J304010 圖書出版業；J305010 有聲出版業；J399010 軟體出版業；J601010 藝文服務業；J602010 演藝活動業；JB01010 會議及展覽服務業；F209060 文教、樂器、育樂用品零售業；F401010 國際貿易業,臺北市,變更,11506
42630938,許智彥導演工作室有限公司,臺北市大安區仁愛路3段26號5樓,許智彥,400000,,115/06/30,特殊補正,I401010 一般廣告服務業；I501010 產品設計業；I502010 服飾設計業；I599990 其他設計業；J401010 電影片製作業；J402010 電影片發行業；J403010 電影片映演業；J404020 提供設備及場地供電影片拍攝業；J404030 電影沖印業；J404040 電影錄音業,臺北市,變更,11506
42633127,通宇投資股份有限公司,臺北市信義區基隆路1段333號21樓,梁嘉玲,12000000,,115/06/29,特殊補正,J901020 一般旅館業；F201010 農產品零售業；F203010 食品什貨、飲料零售業；F203020 菸酒零售業；F204110 布疋、衣著、鞋、帽、傘、服飾品零售業；F206020 日常用品零售業；F301020 超級市場業；F399990 其他綜合零售業；F401010 國際貿易業；F501030 飲料店業,臺北市,變更,11506
42634033,恩至建設股份有限公司,臺北市大安區永康街14巷12號,周瑞國,150000000,,115/06/23,特殊補正,H701010 住宅及大樓開發租售業；H701020 工業廠房開發租售業；H701040 特定專業區開發業；H701050 投資興建公共建設業；H701060 新市鎮、新社區開發業；H701080 都市更新重建業；H701090 都市更新整建維護業；H703090 不動產買賣業；H703100 不動產租賃業；ZZ99999 除許可業務外，得經營法令非禁止或限制之業務,臺北市,變更,11506
42634174,逢元開發股份有限公司,臺北市松山區南京東路3段346之12號9樓,王維君,10000000,,115/06/24,董事/監察人持股變動報備,F102030 菸酒批發業；F102170 食品什貨批發業；F106020 日常用品批發業；F203020 菸酒零售業；F401010 國際貿易業；I199990 其他顧問服務業；I103060 管理顧問業；I102010 投資顧問業；ZZ99999 除許可業務外，得經營法令非禁止或限制之業務,臺北市,變更,11506
42634701,創兆力室內裝修設計股份有限公司,臺北市大安區安和路2段211號6樓,鄧光暉,40000000,,115/06/02,董事/監察人持股變動報備,E801060 室內裝修業；E801010 室內裝潢業；F105050 家具、寢具、廚房器具、裝設品批發業；F106010 五金批發業；F106020 日常用品批發業；F107010 漆料、塗料批發業；F111090 建材批發業；F205040 家具、寢具、廚房器具、裝設品零售業；F206010 五金零售業；F206020 日常用品零售業,臺北市,變更,11506
42637290,超級遊戲股份有限公司,臺北市南港區南港路3段47巷2號4樓,呂學森,10000000,,115/06/16,改選董事/監察人(一人法人股東指派董事/監察人),CC01120 資料儲存媒體製造及複製業；F113050 電腦及事務性機器設備批發業；F118010 資訊軟體批發業；F401010 國際貿易業；F601010 智慧財產權業；I301010 資訊軟體服務業；I301020 資料處理服務業；I301030 電子資訊供應服務業；I401010 一般廣告服務業；IZ13010 網路認證服務業,臺北市,變更,11506
42647972,緣蓉資訊有限公司,臺北市大安區復興南路1段222號2樓,曹珍珍,5000000,,115/06/03,特殊補正,F115010 首飾及貴金屬批發業；F215010 首飾及貴金屬零售業；F115020 礦石批發業；F215020 礦石零售業；F401010 國際貿易業；F106050 陶瓷玻璃器皿批發業；F299990 其他零售業；F199990 其他批發業；F399040 無店面零售業；F109070 文教、樂器、育樂用品批發業,臺北市,變更,11506
42649084,沛資投資股份有限公司,臺北市內湖區瑞光路76巷20號6樓,王榮哲,57000000,,115/06/11,特殊補正,H202010 創業投資業；ZZ99999 除許可業務外，得經營法令非禁止或限制之業務,臺北市,變更,11506
42649177,永視科技有限公司,臺北市大安區敦化南路2段333號9樓,林永樹,10000000,,115/06/01,公司所在地,E603050 自動控制設備工程業；E604010 機械安裝業；E605010 電腦設備安裝業；EZ05010 儀器、儀表安裝工程業；F109070 文教、樂器、育樂用品批發業；F113010 機械批發業；F113020 電器批發業；F113030 精密儀器批發業；F113050 電腦及事務性機器設備批發業；F113070 電信器材批發業,臺北市,變更,11506
42650201,亞洲德利國際股份有限公司,臺北市內湖區新湖一路75號2樓,王志文,10000000,,115/06/23,董事/監察人持股變動報備,F401161 菸類輸入業；F401171 酒類輸入業；F102030 菸酒批發業；F106020 日常用品批發業；F203020 菸酒零售業；F206020 日常用品零售業；F401010 國際貿易業；G601011 航空貨運承攬業；ZZ99999 除許可業務外，得經營法令非禁止或限制之業務；F104110 布疋、衣著、鞋、帽、傘、服飾品批發業,臺北市,變更,11506
42651026,勝投顧問股份有限公司,臺北市中山區松江路76號7樓之1,何浩宇,38000000,,115/06/10,特殊補正,F501030 飲料店業；F501060 餐館業；ZZ99999 除許可業務外，得經營法令非禁止或限制之業務；I199990 其他顧問服務業；JE01010 租賃業；I103060 管理顧問業；I102010 一般投資顧問業；H201010 一般投資業；H202010 創業投資業,臺北市,變更,11506
42651150,邁思行銷有限公司,臺北市大安區羅斯福路3段335號11樓之2,陳劭怡,500000,,115/06/26,特殊補正,I401010 一般廣告服務業；I501010 產品設計業；J303010 雜誌（期刊）出版業；J601010 藝文服務業；J602010 演藝活動業；JB01010 會議及展覽服務業；J304010 圖書出版業；J305010 有聲出版業；J401010 電影片製作業；J402010 電影片發行業,臺北市,變更,11506
42653122,凌陽有限公司,臺北市中山區民生東路3段31號3樓,林嘉陽,3000000,,115/06/05,公司所在地,E801010 室內裝潢業；F401010 國際貿易業；H704031 不動產仲介經紀業；I102010 投資顧問業；I103060 管理顧問業；I401010 一般廣告服務業；J101010 建築物清潔服務業；JE01010 租賃業；JZ99050 仲介服務業；ZZ99999 除許可業務外，得經營法令非禁止或限制之業務,臺北市,變更,11506
42658421,金峰實業有限公司,臺北市中山區明水路555號12樓之7,花函瑛,340000,,115/06/18,改推董事/董事長,C401030 皮革、毛皮整製業；C402030 皮革、毛皮製品製造業；CZ99990 未分類其他工業製品製造業；F104110 布疋、衣著、鞋、帽、傘、服飾品批發業；F107020 染料、顏料批發業；F204110 布疋、衣著、鞋、帽、傘、服飾品零售業；F207020 染料、顏料零售業；F399040 無店面零售業；F401010 國際貿易業；F102170 食品什貨批發業,臺北市,變更,11506
42658528,喜得滿販促有限公司,臺北市萬華區漢口街2段103號10樓,蔡榮華,1000000,,115/06/16,特殊補正,F102170 食品什貨批發業；F203010 食品什貨、飲料零售業；F204110 布疋、衣著、鞋、帽、傘、服飾品零售業；F205040 家具、寢具、廚房器具、裝設品零售業；F206020 日常用品零售業；F299990 其他零售業；F301020 超級市場業；F399010 便利商店業；F399990 其他綜合零售業；F401010 國際貿易業,臺北市,變更,11506
42658604,八達網股份有限公司,臺北市松山區民生東路5段186號5樓,林尹川,114000000,,115/06/01,改選董事/監察人(一人法人股東指派董事/監察人),C802090 清潔用品製造業；C802100 化粧品製造業；F102020 食用油脂批發業；F102030 菸酒批發業；F102040 飲料批發業；F102050 茶葉批發業；F102170 食品什貨批發業；F102180 酒精批發業；F103010 飼料批發業；F104110 布疋、衣著、鞋、帽、傘、服飾品批發業,臺北市,變更,11506
42661621,喜雙達旅行社有限公司,臺北市中山區松江路17號8樓,劉富誠,12000000,,115/06/02,特殊補正,J902011 旅行業,臺北市,變更,11506
42680198,百碩企管顧問股份有限公司,臺北市松山區延壽街402巷3弄21號1樓,洪麗卿,7120000,,115/06/24,特殊補正,F501990 其他餐飲業；ZZ99999 除許可業務外，得經營法令非禁止或限制之業務；H201010 一般投資業；H202010 創業投資業；H703100 不動產租賃業；HZ99990 其他金融、保險及不動產業；I102010 投資顧問業；I103060 管理顧問業；I199990 其他顧問服務業；IZ99990 其他工商服務業,臺北市,變更,11506
42681289,達客林食品有限公司,臺北市信義區忠孝東路5段236巷8號1樓,林香杉,300000,,115/06/16,特殊補正,F102040 飲料批發業；F102050 茶葉批發業；F102170 食品什貨批發業；F401010 國際貿易業；ZZ99999 除許可業務外，得經營法令非禁止或限制之業務；C199020 食用冰製造業；C110010 飲料製造業；F501030 飲料店業；C104020 烘焙炊蒸食品製造業；C104010 糖果製造業,臺北市,變更,11506
42704810,力賦投資股份有限公司,臺北市松山區八德路4段465號7樓,,8000000,,115/06/17,解散,H201010 一般投資業；ZZ99999 除許可業務外，得經營法令非禁止或限制之業務,臺北市,變更,11506
42709462,鴻盛電子股份有限公司,臺北市中山區新生北路2段131之3號1樓,張善斐,8000000,,115/06/26,特殊補正,C801030 精密化學材料製造業；C901010 陶瓷及陶瓷製品製造業；CA02990 其他金屬製品製造業；CB01010 機械設備製造業；CB01990 其他機械製造業；CC01010 發電、輸電、配電機械製造業；CC01020 電線及電纜製造業；CC01030 電器及視聽電子產品製造業；CC01080 電子零組件製造業；CC01110 電腦及其週邊設備製造業,臺北市,變更,11506
42710101,登新有限公司,臺北市中山區復興北路36巷3號3樓,賀淑婷,500000,,115/06/22,特殊補正,F104110 布疋、衣著、鞋、帽、傘、服飾品批發業；F105050 家具、寢具、廚房器具、裝設品批發業；F106010 五金批發業；F106020 日常用品批發業；F106050 陶瓷玻璃器皿批發業；F106060 寵物食品及其用品批發業；F108040 化粧品批發業；F109070 文教、樂器、育樂用品批發業；F401010 國際貿易業,臺北市,變更,11506
42711729,元朔資訊股份有限公司,臺北市信義區信義路5段7號56樓,劉興漢,25000000,,115/06/26,公司所在地,E701020 衛星電視ＫＵ頻道、Ｃ頻道器材安裝業；E701030 電信管制射頻器材裝設工程業；F113050 電腦及事務性機器設備批發業；F118010 資訊軟體批發業；F213030 電腦及事務性機器設備零售業；F218010 資訊軟體零售業；F401010 國際貿易業；I103060 管理顧問業；I301010 資訊軟體服務業；I301020 資料處理服務業,臺北市,變更,11506
42712712,蝦皮支付股份有限公司,臺北市中正區八德路1段55號2樓,胡育嘉,5000000,,115/06/11,特殊補正,F401010 國際貿易業；F601010 智慧財產權業；I103060 管理顧問業；I301020 資料處理服務業；I301030 電子資訊供應服務業；ZZ99999 除許可業務外，得經營法令非禁止或限制之業務；I301040 第三方支付服務業；F399040 無店面零售業；I401010 一般廣告服務業,臺北市,變更,11506
42714084,曾頭有限公司,臺北市中山區長春路133之2號3樓,曾均揚,1000000,,115/06/25,特殊補正,F399040 無店面零售業；F401010 國際貿易業；F601010 智慧財產權業；I199990 其他顧問服務業；I301010 資訊軟體服務業；I301020 資料處理服務業；I301030 電子資訊供應服務業；I401010 一般廣告服務業；I501010 產品設計業；I503010 景觀、室內設計業,臺北市,變更,11506
42727567,金鉑國際股份有限公司,臺北市大安區金山南路2段146號4樓,蔡秀宜,37800000,,115/06/30,發行新股,F102020 食用油脂批發業；F102040 飲料批發業；F102050 茶葉批發業；F102170 食品什貨批發業；F105050 家具、寢具、廚房器具、裝設品批發業；F106020 日常用品批發業；F106050 陶瓷玻璃器皿批發業；F109070 文教、樂器、育樂用品批發業；F203010 食品什貨、飲料零售業；F205040 家具、寢具、廚房器具、裝設品零售業,臺北市,變更,11506
42733126,櫟禾有限公司,臺北市中山區松江路22號8樓之2,吳薇妮,500000,,115/06/25,特殊補正,F102170 食品什貨批發業；F104110 布疋、衣著、鞋、帽、傘、服飾品批發業；F105050 家具、寢具、廚房器具、裝設品批發業；F106020 日常用品批發業；F109070 文教、樂器、育樂用品批發業；F203010 食品什貨、飲料零售業；F204110 布疋、衣著、鞋、帽、傘、服飾品零售業；F205040 家具、寢具、廚房器具、裝設品零售業；F206020 日常用品零售業；F209060 文教、樂器、育樂用品零售業,臺北市,變更,11506
42735412,動力開發建設有限公司,臺北市中山區中原街107號1樓,姜富鈞,1000000,,115/06/05,特殊補正,A101020 農作物栽培業；A301030 水產養殖業；D101060 再生能源自用發電設備業；D401010 熱能供應業；E601010 電器承裝業；E601020 電器安裝業；E603050 自動控制設備工程業；E606010 用電設備檢驗維護業；E607010 太陽熱能設備安裝工程業；E801030 室內輕鋼架工程業,臺北市,變更,11506
42738712,佳旺國際投資有限公司,臺北市大安區忠孝東路3段88號7樓,吳宗熹,7000000,,115/06/24,特殊補正,H201010 一般投資業；H202010 創業投資業；ZZ99999 除許可業務外，得經營法令非禁止或限制之業務,臺北市,變更,11506
42739418,竹耘室內裝修有限公司,臺北市北投區大業路506號2樓,蔡宗杰,2000000,,115/06/17,公司所在地,E599010 配管工程業；E601010 電器承裝業；E601020 電器安裝業；E603010 電纜安裝工程業；E603040 消防安全設備安裝工程業；E603050 自動控制設備工程業；E603080 交通號誌安裝工程業；E603090 照明設備安裝工程業；E605010 電腦設備安裝業；E701010 電信工程業,臺北市,變更,11506
42739471,平衡互動有限公司,臺北市信義區信義路4段415號14樓之2,羅伯特約書亞,500000,,115/06/17,特殊補正,I103060 管理顧問業；I501010 產品設計業；I401010 一般廣告服務業；I301010 資訊軟體服務業；JB01010 會議及展覽服務業；F601010 智慧財產權業；F108040 化粧品批發業；F208040 化粧品零售業；F401010 國際貿易業；ZZ99999 除許可業務外，得經營法令非禁止或限制之業務,臺北市,變更,11506
42772751,炫意宸建設股份有限公司,臺北市中山區合江街78號,梁承濠,15000000,,115/06/09,特殊補正,H701010 住宅及大樓開發租售業；H703090 不動產買賣業；H703100 不動產租賃業；H201010 一般投資業；H202010 創業投資業；I102010 投資顧問業；I103060 管理顧問業；I503010 景觀、室內設計業；IZ12010 人力派遣業；H701020 工業廠房開發租售業,臺北市,變更,11506
42775482,永偉實業有限公司,臺北市大安區忠孝東路4段155號6樓,簡英偉,6000000,,115/06/30,特殊補正,F401010 國際貿易業；H201010 一般投資業；H703090 不動產買賣業；H703100 不動產租賃業；ZZ99999 除許可業務外，得經營法令非禁止或限制之業務；I105010 藝術品諮詢顧問業；F199990 其他批發業；F299990 其他零售業,臺北市,變更,11506
42788803,韋志機電有限公司,臺北市大安區八德路2段11號,張文義,6000000,,115/06/29,股東出資轉讓修正章程,E603010 電纜安裝工程業；E603020 電梯安裝工程業；E603050 自動控制設備工程業；E603100 電焊工程業；E604010 機械安裝業；F401010 國際貿易業；ZZ99999 除許可業務外，得經營法令非禁止或限制之業務,臺北市,變更,11506
42793046,光鮮生技股份有限公司,臺北市大安區敦化南路2段99號12樓,陳貴光,120000000,,115/06/04,減資,A101020 農作物栽培業；A101030 特用作物栽培業；A101040 食用菌菇類栽培業；A101050 花卉栽培業；A102020 農產品整理業；A102050 作物栽培服務業；A199990 其他農業；A301030 水產養殖業；A301040 娛樂漁業；A302020 漁業服務業,臺北市,變更,11506
42821161,鼎翔資訊有限公司,臺北市大同區市民大道1段209號12樓,吳宜蓁,1200000,,115/06/29,特殊補正,E605010 電腦設備安裝業；E603050 自動控制設備工程業；E701010 電信工程業；F113050 電腦及事務性機器設備批發業；F113070 電信器材批發業；F118010 資訊軟體批發業；F119010 電子材料批發業；F213030 電腦及事務性機器設備零售業；F213060 電信器材零售業；F218010 資訊軟體零售業,臺北市,變更,11506
42822598,台灣科萊恩股份有限公司,臺北市內湖區瑞光路335號11樓,王建基,36000000,,115/06/16,改選董事/監察人(一人法人股東指派董事/監察人),C801030 精密化學材料製造業；C802120 工業助劑製造業；C802200 塗料、油漆、染料及顏料製造業；C802990 其他化學製品製造業；F107020 染料、顏料批發業；F107030 清潔用品批發業；F107200 化學原料批發業；F107170 工業助劑批發業；F107990 其他化學製品批發業；F121010 食品添加物批發業,臺北市,變更,11506
42828158,窩屋有限公司,臺北市信義區基隆路1段178號7樓,李冠萱,2600000,,115/06/29,特殊補正,F104110 布疋、衣著、鞋、帽、傘、服飾品批發業；F105050 家具、寢具、廚房器具、裝設品批發業；F399040 無店面零售業；F401010 國際貿易業；I301010 資訊軟體服務業；I401010 一般廣告服務業；J399990 其他出版業；J601010 藝文服務業；ZZ99999 除許可業務外，得經營法令非禁止或限制之業務,臺北市,變更,11506
42828559,台灣群創廣告行銷有限公司,臺北市中正區延平南路44號5樓,葉松鑫,6000000,,115/06/02,增資,I401010 一般廣告服務業；I501010 產品設計業；I599990 其他設計業；I301030 電子資訊供應服務業；IZ99990 其他工商服務業；F401010 國際貿易業；J601010 藝文服務業；J602010 演藝活動業；JB01010 會議及展覽服務業；ZZ99999 除許可業務外，得經營法令非禁止或限制之業務,臺北市,變更,11506
42830231,昕瑞能源有限公司,臺北市松山區光復北路11巷35號6樓,寶島陽光再生能源股份有限公司,53922000,,115/06/23,公司所在地,C803990 其他石油及煤製品製造業；CB01010 機械設備製造業；CB01990 其他機械製造業；CC01010 發電、輸電、配電機械製造業；CC01990 其他電機及電子機械器材製造業；D101050 汽電共生業；D101060 再生能源自用發電設備業；D401010 熱能供應業；E603050 自動控制設備工程業；E604010 機械安裝業,臺北市,變更,11506
42830437,日沛能源有限公司,臺北市松山區光復北路11巷35號6樓,寶島陽光再生能源股份有限公司,37801000,,115/06/22,公司所在地,C803990 其他石油及煤製品製造業；CB01010 機械設備製造業；CB01990 其他機械製造業；CC01010 發電、輸電、配電機械製造業；CC01990 其他電機及電子機械器材製造業；D101050 汽電共生業；D101060 再生能源自用發電設備業；D401010 熱能供應業；E603050 自動控制設備工程業；E604010 機械安裝業,臺北市,變更,11506
42833785,果多數位有限公司,臺北市士林區德行西路37號8樓,葉其鴻,2000000,,115/06/08,修正章程,F109070 文教、樂器、育樂用品批發業；F118010 資訊軟體批發業；F209060 文教、樂器、育樂用品零售業；F218010 資訊軟體零售業；F401010 國際貿易業；I103060 管理顧問業；I301010 資訊軟體服務業；I301020 資料處理服務業；I301030 電子資訊供應服務業；I501010 產品設計業,臺北市,變更,11506
42834200,斯格加有限公司,臺北市中山區林森北路72號1樓至4樓,森山直樹,5000000,,115/06/18,經理人解任,J799990 其他休閒服務業；J901020 一般旅館業；JZ99080 美容美髮服務業；ZZ99999 除許可業務外，得經營法令非禁止或限制之業務；F203010 食品什貨、飲料零售業；F203020 菸酒零售業；F501030 飲料店業；F501050 飲酒店業；F501060 餐館業,臺北市,變更,11506
42840929,愛可信股份有限公司,臺北市大同區南京西路36號11樓,森田朋之,24500000,,115/06/02,特殊補正,D401010 熱能供應業；E605010 電腦設備安裝業；E701010 電信工程業；E701040 簡易電信設備安裝業；F109070 文教、樂器、育樂用品批發業；F209060 文教、樂器、育樂用品零售業；F113050 電腦及事務性機器設備批發業；F213030 電腦及事務性機器設備零售業；F118010 資訊軟體批發業；F218010 資訊軟體零售業,臺北市,變更,11506
42841238,朗司股份有限公司,臺北市大安區信義路3段147巷18號1樓至7樓及2樓之1及6樓之1,李永忠,36209220,,115/06/08,特殊補正,J901020 一般旅館業；F501060 餐館業；ZZ99999 除許可業務外，得經營法令非禁止或限制之業務,臺北市,變更,11506
42841758,國際鐵人股份有限公司,臺北市大安區復興南路2段125巷28號1樓,鄭世奇,4000000,,115/06/22,增資(資本總額),F104110 布疋、衣著、鞋、帽、傘、服飾品批發業；F109070 文教、樂器、育樂用品批發業；F114040 自行車及其零件批發業；F204110 布疋、衣著、鞋、帽、傘、服飾品零售業；F209060 文教、樂器、育樂用品零售業；F214040 自行車及其零件零售業；F401010 國際貿易業；I401010 一般廣告服務業；J802010 運動訓練業；J803010 運動表演業,臺北市,變更,11506
42842692,觀享人文有限公司,臺北市中山區長春路20號8樓,高琦,3000000,,115/06/29,公司所在地,F102040 飲料批發業；F102050 茶葉批發業；F102170 食品什貨批發業；F105050 家具、寢具、廚房器具、裝設品批發業；F109070 文教、樂器、育樂用品批發業；F115010 首飾及貴金屬批發業；F115020 礦石批發業；F203010 食品什貨、飲料零售業；F204110 布疋、衣著、鞋、帽、傘、服飾品零售業；F205040 家具、寢具、廚房器具、裝設品零售業,臺北市,變更,11506
42843860,興立投資股份有限公司,臺北市松山區南京東路3段261號3樓,何美頤,41000000,,115/06/25,董事/監察人持股變動報備,H201010 一般投資業,臺北市,變更,11506
42845261,海潤運通有限公司,臺北市大同區南京西路62號7樓,黃怡婕,1000000,,115/06/26,特殊補正,F107200 化學原料批發業；F107990 其他化學製品批發業；F112040 石油製品批發業；F114060 船舶及其零件批發業；F207200 化學原料零售業；F207990 其他化學製品零售業；F212050 石油製品零售業；F214060 船舶及其零件零售業；F214990 其他交通運輸工具及其零件零售業；F401010 國際貿易業,臺北市,變更,11506
42848458,閎鼎資本股份有限公司,臺北市信義區基隆路1段333號13樓,鄭敦謙,14738880,,115/06/02,改選董事/監察人(一人法人股東指派董事/監察人),I102010 投資顧問業；I103060 管理顧問業；ZZ99999 除許可業務外，得經營法令非禁止或限制之業務,臺北市,變更,11506
42849029,金蘋果投資股份有限公司,臺北市信義區基隆路1段206號16樓,馬維欣,250000000,,115/06/23,增資(資本總額),H201010 一般投資業；C102010 乳品製造業；CC01120 資料儲存媒體製造及複製業；F201010 農產品零售業；F203010 食品什貨、飲料零售業；F204110 布疋、衣著、鞋、帽、傘、服飾品零售業；F206020 日常用品零售業；F209060 文教、樂器、育樂用品零售業；F215010 首飾及貴金屬零售業；F299990 其他零售業,臺北市,變更,11506
42849956,睿嘉國際有限公司,臺北市文山區羅斯福路5段218巷30號4樓,吳春菊,5000000,,115/06/15,特殊補正,F113020 電器批發業；F113050 電腦及事務性機器設備批發業；F113070 電信器材批發業；F113110 電池批發業；F116010 照相器材批發業；F118010 資訊軟體批發業；F119010 電子材料批發業；F213010 電器零售業；F213030 電腦及事務性機器設備零售業；F213060 電信器材零售業,臺北市,變更,11506
42850334,信集界科技股份有限公司,臺北市南港區南港路3段52號9樓,林璟宇,116500000,,115/06/29,增資(資本總額),C601040 加工紙製造業；C701010 印刷業；C702010 製版業；C805050 工業用塑膠製品製造業；CC01110 電腦及其週邊設備製造業；F109070 文教、樂器、育樂用品批發業；F218010 資訊軟體零售業；F399040 無店面零售業；F401010 國際貿易業；F601010 智慧財產權業,臺北市,變更,11506
42850432,中軒創業投資股份有限公司,臺北市中山區民生東路2段172號10樓,吳春發,210101840,,115/06/15,特殊補正,H202010 創業投資業,臺北市,變更,11506
42850622,嘉新能源股份有限公司,臺北市松山區復興北路99號13樓之1,何英津,25300000,,115/06/23,改選董事/監察人(一人法人股東指派董事/監察人),D101040 非屬公用之發電業；ZZ99999 除許可業務外，得經營法令非禁止或限制之業務,臺北市,變更,11506
42854388,永康建設股份有限公司,臺北市大安區復興南路2段86號13樓之2,廖進平,55000000,,115/06/11,特殊補正,ZZ99999 除許可業務外，得經營法令非禁止或限制之業務；H701010 住宅及大樓開發租售業；H701020 工業廠房開發租售業；H701050 投資興建公共建設業；H701060 新市鎮、新社區開發業；H701070 區段徵收及市地重劃代辦業；H701090 都市更新整建維護業；H702010 建築經理業；H703090 不動產買賣業；H703100 不動產租賃業,臺北市,變更,11506
42857940,伯康有限公司,臺北市士林區士商路72號1樓,温致群,6000000,,115/06/18,減少所營事業變更修正章程,F102020 食用油脂批發業；F102040 飲料批發業；F102050 茶葉批發業；F102170 食品什貨批發業；F103010 飼料批發業；F104110 布疋、衣著、鞋、帽、傘、服飾品批發業；F105050 家具、寢具、廚房器具、裝設品批發業；F106010 五金批發業；F106020 日常用品批發業；F106040 水器材料批發業,臺北市,變更,11506
42858011,新視野整合有限公司,臺北市松山區復興南路1段45號5樓,鍾智媛,500000,,115/06/18,特殊補正,F301010 百貨公司業；A102020 農產品整理業；F201010 農產品零售業；F201020 畜產品零售業；F201030 水產品零售業；F201990 其他農畜水產品零售業；F203010 食品什貨、飲料零售業；F203020 菸酒零售業；F203030 酒精零售業；F204110 布疋、衣著、鞋、帽、傘、服飾品零售業,臺北市,變更,11506
42858048,善能科技股份有限公司,臺北市文山區羅斯福路5段160號6樓,吳燦文,5000000,,115/06/12,特殊補正,I301010 資訊軟體服務業；I301020 資料處理服務業；I301030 電子資訊供應服務業；I501010 產品設計業；CC01060 有線通信機械器材製造業；CC01070 無線通信機械器材製造業；CC01080 電子零組件製造業；CC01110 電腦及其週邊設備製造業；CE01010 一般儀器製造業；E605010 電腦設備安裝業,臺北市,變更,11506
42860473,煌騏化工股份有限公司,臺北市士林區中山北路6段405巷6號,陳威志,50000000,,115/06/12,增資(資本總額),F107020 染料、顏料批發業；F107170 工業助劑批發業；F107200 化學原料批發業；F119010 電子材料批發業；F401010 國際貿易業；ZZ99999 除許可業務外，得經營法令非禁止或限制之業務,臺北市,變更,11506
42862633,廣泉源股份有限公司,臺北市中正區寧波西街106之6號,黃鈺枝,10000000,,115/06/17,特殊補正,F102020 食用油脂批發業；F102030 菸酒批發業；F102040 飲料批發業；F102050 茶葉批發業；F102170 食品什貨批發業；F104110 布疋、衣著、鞋、帽、傘、服飾品批發業；F105050 家具、寢具、廚房器具、裝設品批發業；F106050 陶瓷玻璃器皿批發業；F107030 清潔用品批發業；F108040 化粧品批發業,臺北市,變更,11506
42867047,鑫鼎鑽科技有限公司,臺北市南港區三重路19之5號10樓,陳瑋涵,11360000,,115/06/24,特殊補正,F401010 國際貿易業；I301010 資訊軟體服務業；IZ13010 網路認證服務業；ZZ99999 除許可業務外，得經營法令非禁止或限制之業務,臺北市,變更,11506
42940048,泰商世界多元有限公司,臺北市中山區長安東路2段81號3樓之1,泰里沙科,500000,,115/06/02,在中華民國境內負責人姓名、護照號碼、國籍變更登記,E599010 配管工程業；E604010 機械安裝業；EZ07010 鑽孔工程業；EZ99990 其他工程業；F113010 機械批發業；F213080 機械器具零售業；ZZ99999 除許可業務外，得經營法令非禁止或限制之業務,臺北市,變更,11506
42954231,杰倫智能科技股份有限公司,臺北市信義區基隆路1段111號3樓,黃建豪,31007967,,115/06/11,改選董事/監察人(一人法人股東指派董事/監察人),ZZ99999 除許可業務外，得經營法令非禁止或限制之業務；F113010 機械批發業；F113050 電腦及事務性機器設備批發業；F118010 資訊軟體批發業；F119010 電子材料批發業；F213030 電腦及事務性機器設備零售業；F213080 機械器具零售業；F218010 資訊軟體零售業；F219010 電子材料零售業；F399040 無店面零售業,臺北市,變更,11506
42959741,香港商哲基亞洲有限公司,臺北市信義區松智路1號11樓,Yap Guat San (as known as Jasmine Yap),5000000,,115/06/16,本公司董事及其他負責人變更,I102010 投資顧問業；I103060 管理顧問業；I199990 其他顧問服務業；I301020 資料處理服務業；I301030 電子資訊供應服務業；I401010 一般廣告服務業；I401020 廣告傳單分送業；I501010 產品設計業；I599990 其他設計業；IZ15010 市場研究及民意調查業,臺北市,變更,11506
42964054,英屬維京群島商峰愉有限公司,臺北市信義區基隆路一段420號4樓之2,姜文惠,208930000,,115/06/02,補繳規費,H201010 一般投資業；H703090 不動產買賣業；H703100 不動產租賃業；I103060 管理顧問業；I199990 其他顧問服務業；F401010 國際貿易業；ZZ99999 除許可業務外，得經營法令非禁止或限制之業務,臺北市,變更,11506
42964667,香港商浩奇有限公司,臺北市中山區復興北路378號9樓,黃麗萍,500000,,115/06/25,在中華民國所營事業增加登記,I199990 其他顧問服務業；I401010 一般廣告服務業；I501010 產品設計業；ZZ99999 除許可業務外，得經營法令非禁止或限制之業務；F601010 智慧財產權業；I103060 管理顧問業；H703100 不動產租賃業,臺北市,變更,11506
42965378,香港商酷玩世界有限公司,臺北市大安區信義路四段380號3樓,葉加行,150000,,115/06/24,一般補正案,F118010 資訊軟體批發業；F218010 資訊軟體零售業；F401010 國際貿易業；I301010 資訊軟體服務業；I301020 資料處理服務業；J601010 藝文服務業；J602010 演藝活動業；J701070 資訊休閒業；JZ99990 未分類其他服務業；ZZ99999 除許可業務外，得經營法令非禁止或限制之業務,臺北市,變更,11506
42974166,香港商優蜜全球有限公司,臺北市松山區敦化北路153-27號,黃玉曛,20000000,,115/06/01,一般補正案,F104110 布疋、衣著、鞋、帽、傘、服飾品批發業；F105050 家具、寢具、廚房器具、裝設品批發業；F109070 文教、樂器、育樂用品批發業；F204110 布疋、衣著、鞋、帽、傘、服飾品零售業；F205040 家具、寢具、廚房器具、裝設品零售業；F215010 首飾及貴金屬零售業；F401010 國際貿易業；H201010 一般投資業；H202010 創業投資業；I102010 投資顧問業,臺北市,變更,11506
42979042,臺灣立方能源股份有限公司,臺北市信義區忠孝東路5段68號14樓,JOSHUA DAMIEL CHAN KAIWEI曾凱蔚,300500000,,115/06/03,改選董事/監察人(一人法人股東指派董事/監察人),F401010 國際貿易業；CC01010 發電、輸電、配電機械製造業；D101050 汽電共生業；D401010 熱能供應業；E601010 電器承裝業；E601020 電器安裝業；E603010 電纜安裝工程業；E603020 電梯安裝工程業；E603040 消防安全設備安裝工程業；E603050 自動控制設備工程業,臺北市,變更,11506
42980667,起元生物科技股份有限公司,臺北市信義區信義路5段109號地下1樓,邱一帆,16680000,,115/06/23,改選董事/監察人(一人法人股東指派董事/監察人),IG01010 生物技術服務業；IG02010 研究發展服務業；IZ99990 其他工商服務業；JZ99050 仲介服務業；F601010 智慧財產權業；ZZ99999 除許可業務外，得經營法令非禁止或限制之業務,臺北市,變更,11506
42981027,香港商阿努亞科技有限公司,臺北市中山區南京東路1段86號7樓之4,黃健華,0,,115/06/01,辦事處所在地變更,,臺北市,變更,11506
42997597,玉豐企業有限公司,臺北市松山區八德路3段20號7樓之1,王招治,50000,,115/06/23,股東出資轉讓修正章程,F111090 建材批發業；F211010 建材零售業；H201010 一般投資業；H703100 不動產租賃業；ZZ99999 除許可業務外，得經營法令非禁止或限制之業務,臺北市,變更,11506
42999074,鉅萬財務顧問股份有限公司,臺北市中山區松江路185號11樓之4,陳世銘,200000,,115/06/25,特殊補正,I102010 投資顧問業；I103060 管理顧問業；I199990 其他顧問服務業；IZ15010 市場研究及民意調查業；J202010 產業育成業；J304010 圖書出版業；JD01010 工商徵信服務業；JE01010 租賃業；H201010 一般投資業；H701010 住宅及大樓開發租售業,臺北市,變更,11506
43296812,華大毛紡股份有限公司,臺北市中山區松江路139號8樓,朱國華,40000000,,115/06/17,董事/監察人持股變動報備,C301010 紡紗業；C399990 其他紡織及製品製造業；CA02990 其他金屬製品製造業；F401010 國際貿易業；H701010 住宅及大樓開發租售業；H701060 新市鎮、新社區開發業；H701040 特定專業區開發業；H703100 不動產租賃業；ZZ99999 除許可業務外，得經營法令非禁止或限制之業務,臺北市,變更,11506
43348121,裕元紡織股份有限公司,臺北市士林區基河路396巷16號6樓,沈信宏,150000000,,115/06/23,公司所在地,H703090 不動產買賣業；H703100 不動產租賃業；F113010 機械批發業；F102070 罐頭食品批發業,臺北市,變更,11506
43388501,緣龍股份有限公司,臺北市中山區新生北路1段132號,宮澤寬竹,500000,,115/06/05,特殊補正,F203010 食品什貨、飲料零售業；F203020 菸酒零售業；F401010 國際貿易業；F501060 餐館業；I101090 食品顧問業；I103060 管理顧問業；I199990 其他顧問服務業；IZ12010 人力派遣業；ZZ99999 除許可業務外，得經營法令非禁止或限制之業務,臺北市,變更,11506
43622696,盛義實業有限公司,臺北市大安區復興南路1段209號4樓,朱盛華,1500000,,115/06/16,特殊補正,C601050 家庭及衛生用紙製造業；C601990 其他紙製品製造業；C802090 清潔用品製造業；C802120 工業助劑製造業；C802990 其他化學製品製造業；E599010 配管工程業；E601020 電器安裝業；E603050 自動控制設備工程業；E604010 機械安裝業；E605010 電腦設備安裝業,臺北市,變更,11506
43636410,君怡泰富投資有限公司,臺北市中山區南京東路2段101號11樓,,1100000,,115/06/24,臨時管理人註銷,H201010 一般投資業；ZZ99999 除許可業務外，得經營法令非禁止或限制之業務,臺北市,變更,11506
43643828,頭癮創意遊戲有限公司,臺北市萬華區長沙街2段128號4樓,胡珉,500000,,115/06/11,特殊補正,J601010 藝文服務業；J602010 演藝活動業；JB01010 會議及展覽服務業；JZ99990 未分類其他服務業；I501010 產品設計業；F109070 文教、樂器、育樂用品批發業；F209060 文教、樂器、育樂用品零售業；JI01010 互動式情境體驗服務業；ZZ99999 除許可業務外，得經營法令非禁止或限制之業務,臺北市,變更,11506
43679965,領勝股份有限公司,臺北市大安區敦化南路2段97號2樓,郭燕淑,8000000,,115/06/16,特殊補正,H201010 一般投資業；I102010 投資顧問業；I103060 管理顧問業；I199990 其他顧問服務業；ZZ99999 除許可業務外，得經營法令非禁止或限制之業務,臺北市,變更,11506
43723511,御賞室內設計有限公司,臺北市大安區復興南路1段390號8樓之1,李昭明,500000,,115/06/05,公司所在地,E599010 配管工程業；E601020 電器安裝業；E603040 消防安全設備安裝工程業；E603050 自動控制設備工程業；E603090 照明設備安裝工程業；E801010 室內裝潢業；E801020 門窗安裝工程業；E801030 室內輕鋼架工程業；E801040 玻璃安裝工程業；E801070 廚具、衛浴設備安裝工程業,臺北市,變更,11506
43743185,炘萬國際有限公司,臺北市松山區復興北路181號10樓之3,陳博軒,1000000,,115/06/02,特殊補正,F114030 汽、機車零件配備批發業；F214030 汽、機車零件配備零售業；F401010 國際貿易業；ZZ99999 除許可業務外，得經營法令非禁止或限制之業務；I103060 管理顧問業；I199990 其他顧問服務業；I301010 資訊軟體服務業；I301020 資料處理服務業；I599990 其他設計業,臺北市,變更,11506
43777847,賓尼法利納股份有限公司,臺北市內湖區成功路2段115巷7號9樓之2,胡立銘,2000000,,115/06/15,特殊補正,F399040 無店面零售業；F399990 其他綜合零售業；F401010 國際貿易業；H201010 一般投資業；H202010 創業投資業；H703090 不動產買賣業；H703100 不動產租賃業；I102010 投資顧問業；I103060 管理顧問業；I199990 其他顧問服務業,臺北市,變更,11506
43820106,鈺和國際股份有限公司,臺北市中正區延平南路35號5樓,蕭蔥蕙,29960000,,115/06/02,特殊補正,H201010 一般投資業,臺北市,變更,11506
43836304,尚誼生技有限公司,臺北市松山區南京東路5段70號5樓之2,蔡裕陞,1000000,,115/06/18,補繳規費,F102170 食品什貨批發業；F102040 飲料批發業；F102050 茶葉批發業；F106020 日常用品批發業；F106050 陶瓷玻璃器皿批發業；F201010 農產品零售業；F203010 食品什貨、飲料零售業；F206020 日常用品零售業；F399040 無店面零售業；F401010 國際貿易業,臺北市,變更,11506
43854479,澄網科技有限公司,臺北市中正區開封街1段37號5樓,李協衛,4000000,,115/06/26,公司所在地,CC01070 無線通信機械器材製造業；CE01990 其他光學及精密器械製造業；I301030 電子資訊供應服務業；F401010 國際貿易業；ZZ99999 除許可業務外，得經營法令非禁止或限制之業務,臺北市,變更,11506
43859208,東祿建築開發股份有限公司,臺北市松山區民權東路3段166號8樓,王繼彥,20000000,,115/06/11,公司所在地,H201010 一般投資業；H701010 住宅及大樓開發租售業；H701020 工業廠房開發租售業；H701040 特定專業區開發業；H701050 投資興建公共建設業；H701080 都市更新重建業；H701090 都市更新整建維護業；H703090 不動產買賣業；H703100 不動產租賃業；H703110 老人住宅業,臺北市,變更,11506
43868585,共享棒球股份有限公司,臺北市中山區中山北路2段52號5樓之1,簡倍祥,675960000,,115/06/11,一般補正案,F102040 飲料批發業；F102170 食品什貨批發業；F109070 文教、樂器、育樂用品批發業；F104110 布疋、衣著、鞋、帽、傘、服飾品批發業；F203010 食品什貨、飲料零售業；F203020 菸酒零售業；F204110 布疋、衣著、鞋、帽、傘、服飾品零售業；F206020 日常用品零售業；F206050 寵物食品及其用品零售業；F209060 文教、樂器、育樂用品零售業,臺北市,變更,11506
43870908,秘方雪人兄弟有限公司,臺北市中山區民權東路2段26號5樓之6,羅鎮,800000,,115/06/23,特殊補正,F501030 飲料店業；F203010 食品什貨、飲料零售業；F401010 國際貿易業；ZZ99999 除許可業務外，得經營法令非禁止或限制之業務,臺北市,變更,11506
43876760,根基營造股份有限公司,臺北市松山區民權東路三段169號9樓,袁藹維,1305241930,,115/06/15,改選董事/監察人(一人法人股東指派董事/監察人),E101011 綜合營造業；H701010 住宅及大樓開發租售業；H701020 工業廠房開發租售業；H701040 特定專業區開發業；H701050 投資興建公共建設業；H701060 新市鎮、新社區開發業；H701070 區段徵收及市地重劃代辦業；H701080 都市更新重建業；H701090 都市更新整建維護業；H702010 建築經理業,臺北市,變更,11506
43882910,后庒食品有限公司,臺北市松山區饒河街62號1樓,楊淑惠,20000000,,115/06/30,股東出資轉讓修正章程,F102170 食品什貨批發業；F203010 食品什貨、飲料零售業；F401010 國際貿易業；F501060 餐館業；C199010 麵條、粉條類食品製造業；ZZ99999 除許可業務外，得經營法令非禁止或限制之業務,臺北市,變更,11506
43882947,利笙竑企業股份有限公司,臺北市信義區基隆路1段186號3樓之7,鄧金弼,10000000,,115/06/22,特殊補正,H201010 一般投資業；H701010 住宅及大樓開發租售業；H703090 不動產買賣業；H703100 不動產租賃業；I102010 投資顧問業；I103060 管理顧問業；ZZ99999 除許可業務外，得經營法令非禁止或限制之業務,臺北市,變更,11506
43905364,巨煇實業有限公司,臺北市大安區忠孝東路3段100號9樓,張瑋鈞,1000000,,115/06/09,特殊補正,C701010 印刷業；C702010 製版業；C307010 服飾品製造業；F104110 布疋、衣著、鞋、帽、傘、服飾品批發業；F204110 布疋、衣著、鞋、帽、傘、服飾品零售業；F399040 無店面零售業；ZZ99999 除許可業務外，得經營法令非禁止或限制之業務,臺北市,變更,11506
43905441,台灣牙易通股份有限公司,臺北市中正區羅斯福路3段136號4樓之1,陳欽章,82470940,,115/06/10,補繳規費,F102040 飲料批發業；F102170 食品什貨批發業；F106020 日常用品批發業；F108031 醫療器材批發業；F108040 化粧品批發業；F113020 電器批發業；F113050 電腦及事務性機器設備批發業；F116010 照相器材批發業；F118010 資訊軟體批發業；F203010 食品什貨、飲料零售業,臺北市,變更,11506
43940897,台灣新散熱股份有限公司,臺北市南港區三重路19之13號7樓,王台光,55000000,,115/06/29,改選董事/監察人(一人法人股東指派董事/監察人),CA03010 熱處理業；CB01010 機械設備製造業；CB01990 其他機械製造業；CC01990 其他電機及電子機械器材製造業；E604010 機械安裝業；F113010 機械批發業；F401010 國際貿易業；IG02010 研究發展服務業；ZZ99999 除許可業務外，得經營法令非禁止或限制之業務,臺北市,變更,11506
43941805,台菱國際工程股份有限公司,臺北市信義區忠孝東路4段560號2樓之1,雷曉鴻,350000000,,115/06/05,特殊補正,E501011 自來水管承裝商；E502010 燃料導管安裝工程業；E599010 配管工程業；E601010 電器承裝業；E601020 電器安裝業；E602011 冷凍空調工程業；E603040 消防安全設備安裝工程業；E603090 照明設備安裝工程業；IG03010 能源技術服務業；ZZ99999 除許可業務外，得經營法令非禁止或限制之業務,臺北市,變更,11506
43942656,巴旺塞柏德克有限公司,臺北市中山區北安路780號5樓,Vishwanathan Srinivasan,8000000,,115/06/30,特殊補正,F218010 資訊軟體零售業；F401010 國際貿易業；F601010 智慧財產權業；I103060 管理顧問業；I301010 資訊軟體服務業；I301020 資料處理服務業；I301030 電子資訊供應服務業；I501010 產品設計業；IG02010 研究發展服務業；ZZ99999 除許可業務外，得經營法令非禁止或限制之業務,臺北市,變更,11506
43943769,恒岳電子有限公司,臺北市松山區光復北路26巷3號6樓,潘怡君,6000000,,115/06/22,增資,F206030 模具零售業；F213060 電信器材零售業；F213110 電池零售業；F219010 電子材料零售業；F299990 其他零售業；F399040 無店面零售業；F401010 國際貿易業；I501010 產品設計業；F501030 飲料店業,臺北市,變更,11506
43945746,牛津資優教育股份有限公司,臺北市中正區重慶南路1段10號8樓,,1500000,,115/06/16,特殊補正,I103060 管理顧問業；I301010 資訊軟體服務業；I301020 資料處理服務業；I301030 電子資訊供應服務業；I401010 一般廣告服務業；I401020 廣告傳單分送業；I501010 產品設計業；IZ10010 排版業；IZ13010 網路認證服務業；IZ15010 市場研究及民意調查業,臺北市,變更,11506
43946914,中徵股份有限公司,臺北市信義區東興路57號5樓,張大為,35600000,,115/06/24,特殊補正,I102010 投資顧問業；I103060 管理顧問業；I199990 其他顧問服務業；IZ07010 公證業；IZ99990 其他工商服務業；H201010 一般投資業；H703090 不動產買賣業；H703100 不動產租賃業；I301010 資訊軟體服務業；I301020 資料處理服務業,臺北市,變更,11506
45010138,寶島陽光再生能源股份有限公司,臺北市松山區光復北路11巷35號6樓,郭肇基,1820001000,,115/06/17,公司所在地,CC01010 發電、輸電、配電機械製造業；D101060 再生能源自用發電設備業；E606010 用電設備檢驗維護業；EZ05010 儀器、儀表安裝工程業；F601010 智慧財產權業；H201010 一般投資業；H202010 創業投資業；H703090 不動產買賣業；H703100 不動產租賃業；I102010 投資顧問業,臺北市,變更,11506
45013971,新興國際窗膜有限公司,臺北市士林區劍潭路53號1樓,葉穎星,5000000,,115/06/08,改推董事/董事長,F106010 五金批發業；F107190 塑膠膜、袋批發業；F114030 汽、機車零件配備批發業；F206010 五金零售業；F214030 汽、機車零件配備零售業；F399040 無店面零售業；F401010 國際貿易業；ZZ99999 除許可業務外，得經營法令非禁止或限制之業務,臺北市,變更,11506
45019882,攸仕國際有限公司,臺北市大安區和平東路3段308巷38號1樓,林茂松,1000000,,115/06/18,股東出資轉讓修正章程,F102030 菸酒批發業；F102170 食品什貨批發業；F106020 日常用品批發業；F113050 電腦及事務性機器設備批發業；F118010 資訊軟體批發業；F203020 菸酒零售業；F218010 資訊軟體零售業；F399040 無店面零售業；F401010 國際貿易業；ZZ99999 除許可業務外，得經營法令非禁止或限制之業務,臺北市,變更,11506
45020430,和駿工業股份有限公司,臺北市內湖區康寧路3段189巷73弄7號,吳清耀,130000000,,115/06/17,改選董事/監察人(一人法人股東指派董事/監察人),CB01010 機械設備製造業；CC01030 電器及視聽電子產品製造業；CD01030 汽車及其零件製造業；CD01040 機車及其零件製造業；CD01050 自行車及其零件製造業；CD01990 其他運輸工具及其零件製造業；CH01010 體育用品製造業；CQ01010 模具製造業；F106030 模具批發業；F109070 文教、樂器、育樂用品批發業,臺北市,變更,11506
45029565,恆運投資股份有限公司,臺北市大安區忠孝東路4段166號10樓,簡智仁,511753900,,115/06/08,改選董事/監察人(一人法人股東指派董事/監察人),H201010 一般投資業,臺北市,變更,11506
45030958,睦群股份有限公司,臺北市大安區仁愛路3段141號11樓,游志豪,700000000,,115/06/01,一般補正案,H703090 不動產買賣業；H703100 不動產租賃業；JE01010 租賃業；I103060 管理顧問業；ZZ99999 除許可業務外，得經營法令非禁止或限制之業務,臺北市,變更,11506
45031008,易活國際有限公司,臺北市南港區忠孝東路5段815號6樓,陳菀菁,1000000,,115/06/18,公司所在地,F102040 飲料批發業；F102050 茶葉批發業；F104110 布疋、衣著、鞋、帽、傘、服飾品批發業；F105050 家具、寢具、廚房器具、裝設品批發業；F106010 五金批發業；F106020 日常用品批發業；F107190 塑膠膜、袋批發業；F108040 化粧品批發業；F109070 文教、樂器、育樂用品批發業；F111090 建材批發業,臺北市,變更,11506
45088000,鼎曜國際商務股份有限公司,臺北市士林區倫等街42巷10號2樓,高振翔,100000,,115/06/15,特殊補正,H703100 不動產租賃業；I102010 一般投資顧問業；I503010 景觀、室內設計業；I599990 其他設計業；I199990 其他顧問服務業；IZ99990 其他工商服務業；H201010 一般投資業；I103060 管理顧問業；F111090 建材批發業；E801010 室內裝潢業,臺北市,變更,11506
45903088,凱信達科技有限公司,臺北市中正區仁愛路2段25號5樓,劉雯凱,500000,,115/06/26,董事/股東地址變更,F119010 電子材料批發業；F106010 五金批發業；F106030 模具批發業；F107990 其他化學製品批發業；F113010 機械批發業；F401010 國際貿易業；CC01080 電子零組件製造業；CC01990 其他電機及電子機械器材製造業；E801010 室內裝潢業；EZ99990 其他工程業,臺北市,變更,11506
46452701,直流電通股份有限公司,臺北市內湖區安康路20號4樓之7,陳彥甫,18238290,,115/06/02,特殊補正,F113020 電器批發業；F213010 電器零售業；F401010 國際貿易業；I301010 資訊軟體服務業；I301020 資料處理服務業；I301030 電子資訊供應服務業；I401010 一般廣告服務業；F299990 其他零售業；F301010 百貨公司業；F301020 超級市場業,臺北市,變更,11506
47001108,誠霖創研股份有限公司,臺北市大同區承德路1段17號9樓之8,陳彥君,3400000,,115/06/11,特殊補正,F118010 資訊軟體批發業；I301010 資訊軟體服務業；I199990 其他顧問服務業；F401010 國際貿易業；F113050 電腦及事務性機器設備批發業；F113070 電信器材批發業；F119010 電子材料批發業；F218010 資訊軟體零售業；F219010 電子材料零售業；I301020 資料處理服務業,臺北市,變更,11506
47022602,氏爾有限公司,臺北市中正區漢口街1段3號7樓,陳湘穎,1000000,,115/06/24,特殊補正,C802100 化粧品製造業；F102170 食品什貨批發業；F102180 酒精批發業；F104110 布疋、衣著、鞋、帽、傘、服飾品批發業；F107030 清潔用品批發業；F107990 其他化學製品批發業；F108040 化粧品批發業；F109070 文教、樂器、育樂用品批發業；F203010 食品什貨、飲料零售業；F203030 酒精零售業,臺北市,變更,11506
47088147,信華開發股份有限公司,臺北市中山區長安東路1段21號8樓,簡凱琳,132000000,,115/06/16,特殊補正,I103060 管理顧問業；H701010 住宅及大樓開發租售業；H701020 工業廠房開發租售業；H701050 投資興建公共建設業；H701060 新市鎮、新社區開發業；H701070 區段徵收及市地重劃代辦業；H703090 不動產買賣業；H703100 不動產租賃業；H703110 老人住宅業；F105050 家具、寢具、廚房器具、裝設品批發業,臺北市,變更,11506
50752949,凱因生物科技股份有限公司,臺北市中山區松江路220號9樓,謝富名,6703000,,115/06/25,特殊補正,IG01010 生物技術服務業；IG02010 研究發展服務業；I103060 管理顧問業；I199990 其他顧問服務業；F299990 其他零售業；F401010 國際貿易業；ZZ99999 除許可業務外，得經營法令非禁止或限制之業務,臺北市,變更,11506
50753953,向榮生醫科技股份有限公司,臺北市內湖區民權東路6段13之20號5樓,蔡意文,636370000,,115/06/30,補繳規費,C802100 化粧品製造業；F108040 化粧品批發業；F207990 其他化學製品零售業；F208040 化粧品零售業；F401010 國際貿易業；F601010 智慧財產權業；I301020 資料處理服務業；IG01010 生物技術服務業；IG02010 研究發展服務業；ZZ99999 除許可業務外，得經營法令非禁止或限制之業務,臺北市,變更,11506
50755208,鈞澤國際有限公司,臺北市大安區忠孝東路4段270號2樓之1,袁永林,100000,,115/06/12,公司所在地,IG01010 生物技術服務業；F102170 食品什貨批發業；F121010 食品添加物批發業；F199990 其他批發業；F401010 國際貿易業；I103060 管理顧問業；I199990 其他顧問服務業；J304010 圖書出版業；F399990 其他綜合零售業；I301010 資訊軟體服務業,臺北市,變更,11506
50756213,純白色有限公司,臺北市大安區復興南路2段137號3樓,朱柔穎,3000000,,115/06/12,增資,F102040 飲料批發業；F102170 食品什貨批發業；F203010 食品什貨、飲料零售業；F399040 無店面零售業；F401010 國際貿易業；I101090 食品顧問業；I103060 管理顧問業；I199990 其他顧問服務業；I501010 產品設計業；J202010 產業育成業,臺北市,變更,11506
50759485,泓順投資股份有限公司,臺北市信義區松高路1號4樓,郭冠群,10556060270,,115/06/11,補繳規費,H201010 一般投資業；I103060 管理顧問業,臺北市,變更,11506
50759555,騰飛達有限公司,臺北市中山區長安西路24號3樓,陳冠學,10000000,,115/06/12,增資,F113020 電器批發業；F113070 電信器材批發業；F118010 資訊軟體批發業；F213010 電器零售業；F213060 電信器材零售業；F218010 資訊軟體零售業；F399040 無店面零售業；F401010 國際貿易業；I102010 投資顧問業；I103060 管理顧問業,臺北市,變更,11506
50760378,臻澄設計有限公司,臺北市南港區玉成街201巷6弄3號,謝尚倫,168888,,115/06/22,改推董事/董事長,I301010 資訊軟體服務業；I301020 資料處理服務業；I301030 電子資訊供應服務業；I301040 第三方支付服務業；I401010 一般廣告服務業；I501010 產品設計業；I502010 服飾設計業；I503010 景觀、室內設計業；I599990 其他設計業；IZ12010 人力派遣業,臺北市,變更,11506
50761026,日購生活網有限公司,臺北市中正區許昌街42號8樓,朱鎮宇,200000,,115/06/10,特殊補正,F102170 食品什貨批發業；F106020 日常用品批發業；F107030 清潔用品批發業；F108040 化粧品批發業；F109070 文教、樂器、育樂用品批發業；F112040 石油製品批發業；F113020 電器批發業；F113050 電腦及事務性機器設備批發業；F114030 汽、機車零件配備批發業；F118010 資訊軟體批發業,臺北市,變更,11506
50761686,華勝國際有限公司,臺北市內湖區文湖街60巷35號3樓,蔡勝賢,20000000,,115/06/23,增資,C801990 其他化學材料製造業；F119010 電子材料批發業；F219010 電子材料零售業；F401010 國際貿易業；H201010 一般投資業；H202010 創業投資業；H701010 住宅及大樓開發租售業；H701020 工業廠房開發租售業；H703090 不動產買賣業；H703100 不動產租賃業,臺北市,變更,11506
50761882,全智網科技股份有限公司,臺北市松山區復興北路57號2樓之1,李桂枝,10000000,,115/06/03,特殊補正,I199990 其他顧問服務業；I103060 管理顧問業；I301010 資訊軟體服務業；I301020 資料處理服務業；I301030 電子資訊供應服務業；I301040 第三方支付服務業；CC01120 資料儲存媒體製造及複製業；I102010 投資顧問業；F601010 智慧財產權業；F399040 無店面零售業,臺北市,變更,11506
50765120,鑫燁電子有限公司,臺北市中山區南京東路3段101號4樓,張宜芹,1000000,,115/06/26,公司所在地,CC01080 電子零組件製造業；C805050 工業用塑膠製品製造業；F213010 電器零售業；F401010 國際貿易業；ZZ99999 除許可業務外，得經營法令非禁止或限制之業務,臺北市,變更,11506
50765368,台湾全農國際股份有限公司,臺北市中山區雙城街28巷3號1樓,福島義規,5000000,,115/06/15,特殊補正,A102060 糧商業；F101130 蔬果批發業；F101990 其他農、畜、水產品批發業；F102020 食用油脂批發業；F102030 菸酒批發業；F102040 飲料批發業；F102050 茶葉批發業；F102170 食品什貨批發業；F103010 飼料批發業；F201010 農產品零售業,臺北市,變更,11506
50767838,楞嚴企業有限公司,臺北市中正區重慶南路1段63號11樓之9,沈宏易,1200000,,115/06/25,公司所在地,F106010 五金批發業；F206010 五金零售業；F102030 菸酒批發業；F203020 菸酒零售業；F106020 日常用品批發業；F206020 日常用品零售業；F106070 祭祀用品批發業；F206060 祭祀用品零售業；F108040 化粧品批發業；F208040 化粧品零售業,臺北市,變更,11506
50768457,雪歐有限公司,臺北市松山區延壽街330巷17弄4之1號2樓,宋朋燁,1100000,,115/06/03,特殊補正,I301010 資訊軟體服務業；I301020 資料處理服務業；I301030 電子資訊供應服務業；I599990 其他設計業；I199990 其他顧問服務業；F118010 資訊軟體批發業；F218010 資訊軟體零售業；J399010 軟體出版業；F113050 電腦及事務性機器設備批發業；F213030 電腦及事務性機器設備零售業,臺北市,變更,11506
50769049,富業科技國際有限公司,臺北市大安區忠孝東路4段107號11樓之2,繆艷艷,3500000,,115/06/05,公司所在地,I301010 資訊軟體服務業；I301020 資料處理服務業；I501010 產品設計業；F214020 機車零售業；I599990 其他設計業；J399010 軟體出版業；F118010 資訊軟體批發業；F218010 資訊軟體零售業；F399040 無店面零售業；I401010 一般廣告服務業,臺北市,變更,11506
50770405,八十後有限公司,臺北市中山區南京東路3段215號8樓,成鎮安,11800000,,115/06/11,增資,F203010 食品什貨、飲料零售業；F203020 菸酒零售業；F501060 餐館業；J802010 運動訓練業；ZZ99999 除許可業務外，得經營法令非禁止或限制之業務,臺北市,變更,11506
50771185,壽都貿易有限公司,臺北市中正區許昌街42之1號10樓,,5000000,,115/06/05,特殊補正,F104110 布疋、衣著、鞋、帽、傘、服飾品批發業；F204110 布疋、衣著、鞋、帽、傘、服飾品零售業；F108040 化粧品批發業；F110010 鐘錶批發業；F110020 眼鏡批發業；F208040 化粧品零售業；F210010 鐘錶零售業；F210020 眼鏡零售業；F206020 日常用品零售業；F299990 其他零售業,臺北市,變更,11506
50771805,興特人力仲介股份有限公司,臺北市中正區延平南路189號地下1樓之2,楊家興,7789470,,115/06/08,減少所營事業變更修正章程,F601010 智慧財產權業；I102010 投資顧問業；I103060 管理顧問業；I301010 資訊軟體服務業；I301020 資料處理服務業；I301030 電子資訊供應服務業；I401010 一般廣告服務業；I401020 廣告傳單分送業；IG02010 研究發展服務業；IZ04010 翻譯業,臺北市,變更,11506
50775014,杰紳實業有限公司,臺北市信義區中坡南路16號,陳麗香,3000000,,115/06/05,特殊補正,ZZ99999 除許可業務外，得經營法令非禁止或限制之業務；F102170 食品什貨批發業；F104110 布疋、衣著、鞋、帽、傘、服飾品批發業；F105050 家具、寢具、廚房器具、裝設品批發業；F106010 五金批發業；F106020 日常用品批發業；F107080 環境用藥批發業；F108040 化粧品批發業；F109070 文教、樂器、育樂用品批發業；F113020 電器批發業,臺北市,變更,11506
50775339,湊伙股份有限公司,臺北市中正區南海路1號13樓,林蔚,8000000,,115/06/16,特殊補正,F113050 電腦及事務性機器設備批發業；F118010 資訊軟體批發業；F213030 電腦及事務性機器設備零售業；F218010 資訊軟體零售業；F399040 無店面零售業；F399990 其他綜合零售業；F401010 國際貿易業；F601010 智慧財產權業；H201010 一般投資業；H202010 創業投資業,臺北市,變更,11506
50776294,丹米生技國際股份有限公司,臺北市中山區松江路317號4樓,梁瑜容,5000000,,115/06/25,改選董事/監察人(一人法人股東指派董事/監察人),F101990 其他農、畜、水產品批發業；F102170 食品什貨批發業；F201010 農產品零售業；F203010 食品什貨、飲料零售業；F399040 無店面零售業；F401010 國際貿易業；F501990 其他餐飲業；F601010 智慧財產權業；ZZ99999 除許可業務外，得經營法令非禁止或限制之業務,臺北市,變更,11506
50776631,湛藝貿易有限公司,臺北市中山區敬業二路69巷8號5樓之2,王容芬,1000000,,115/06/25,申登機關變更（遷入，含卷）,F101040 家畜家禽批發業；F101050 水產品批發業；F101130 蔬果批發業；F101990 其他農、畜、水產品批發業；F102170 食品什貨批發業；F199990 其他批發業；F201020 畜產品零售業；F201030 水產品零售業；F201990 其他農畜水產品零售業；F203010 食品什貨、飲料零售業,臺北市,變更,11506
50776668,原彩生物科技股份有限公司,臺北市大安區市民大道3段198號7樓,萬寶城,35000000,,115/06/15,特殊補正,I301010 資訊軟體服務業；I301020 資料處理服務業；I301030 電子資訊供應服務業；I401010 一般廣告服務業；I501010 產品設計業；F109070 文教、樂器、育樂用品批發業；F118010 資訊軟體批發業；F218010 資訊軟體零售業；J304010 圖書出版業；J399010 軟體出版業,臺北市,變更,11506
50778510,康創永業有限公司,臺北市松山區民生東路5段153號14樓之9,朱令雅,750000,,115/06/12,特殊補正,F115010 首飾及貴金屬批發業；F102170 食品什貨批發業；F104110 布疋、衣著、鞋、帽、傘、服飾品批發業；F106020 日常用品批發業；F108040 化粧品批發業；F215010 首飾及貴金屬零售業；F203010 食品什貨、飲料零售業；F204110 布疋、衣著、鞋、帽、傘、服飾品零售業；F206020 日常用品零售業；F208040 化粧品零售業,臺北市,變更,11506
50780868,大山國際投資股份有限公司,臺北市中正區寧波西街85之1號1樓,蘇文寬,17000000,,115/06/24,特殊補正,H201010 一般投資業,臺北市,變更,11506
50782042,翔暉興業有限公司,臺北市中山區南京東路3段189號8樓,潘建明,5000000,,115/06/29,特殊補正,E801010 室內裝潢業；E801020 門窗安裝工程業；E801030 室內輕鋼架工程業；E801070 廚具、衛浴設備安裝工程業；E901010 油漆工程業；E903010 防蝕、防銹工程業；F120010 耐火材料批發業；F211010 建材零售業；F220010 耐火材料零售業；F401010 國際貿易業,臺北市,變更,11506
50783252,昕洋企業有限公司,臺北市中山區南京東路2段178號7樓,楊淯婷,1000000,,115/06/05,股東出資轉讓修正章程,F401010 國際貿易業；H201010 一般投資業；H701010 住宅及大樓開發租售業；H703090 不動產買賣業；H703100 不動產租賃業；I102010 投資顧問業；I103060 管理顧問業；JE01010 租賃業；ZZ99999 除許可業務外，得經營法令非禁止或限制之業務,臺北市,變更,11506
50783339,湘萍願有限公司,臺北市南港區市民大道8段207號4樓,蕭蕾,1350000,,115/06/23,特殊補正,F102040 飲料批發業；F102050 茶葉批發業；F102170 食品什貨批發業；F104110 布疋、衣著、鞋、帽、傘、服飾品批發業；F105050 家具、寢具、廚房器具、裝設品批發業；F106010 五金批發業；F106020 日常用品批發業；F107030 清潔用品批發業；F108040 化粧品批發業；F109070 文教、樂器、育樂用品批發業,臺北市,變更,11506
50784013,風珀國際管理顧問有限公司,臺北市中正區杭州南路1段23號9樓之3,林安雅,310000,,115/06/04,特殊補正,I103060 管理顧問業；I599990 其他設計業；J303010 雜誌（期刊）出版業；J304010 圖書出版業；J305010 有聲出版業；J399010 軟體出版業；J601010 藝文服務業；J602010 演藝活動業；IZ04010 翻譯業；JE01010 租賃業,臺北市,變更,11506
50784392,喬名有限公司,臺北市松山區民權東路3段142號5樓之3,李政橋,5000000,,115/06/24,補繳規費,F102170 食品什貨批發業；F203010 食品什貨、飲料零售業；ZZ99999 除許可業務外，得經營法令非禁止或限制之業務,臺北市,變更,11506
50784718,極風雲創股份有限公司,臺北市信義區松德路159號12樓,張紘綱,120000000,,115/06/18,特殊補正,E701010 電信工程業；E801010 室內裝潢業；F113020 電器批發業；F113030 精密儀器批發業；F113050 電腦及事務性機器設備批發業；F113070 電信器材批發業；F118010 資訊軟體批發業；F119010 電子材料批發業；F213010 電器零售業；F213030 電腦及事務性機器設備零售業,臺北市,變更,11506
50785097,永永久久投資有限公司,臺北市中山區建國北路3段8巷14號,,4000000,,115/06/18,特殊補正,H201010 一般投資業,臺北市,變更,11506
50788361,潔匠有限公司,臺北市北投區石牌路2段89之1號4樓,褚睿霖,200000,,115/06/18,特殊補正,E599010 配管工程業；E801010 室內裝潢業；E801020 門窗安裝工程業；E801030 室內輕鋼架工程業；E801040 玻璃安裝工程業；E801070 廚具、衛浴設備安裝工程業；E901010 油漆工程業；J101010 建築物清潔服務業；J101030 廢棄物清除業；J101040 廢棄物處理業,臺北市,變更,11506
50789116,美斯特股份有限公司,臺北市大同區承德路3段230號12樓,郭承錠,10000000,,115/06/02,特殊補正,F108040 化粧品批發業；F208040 化粧品零售業；F218010 資訊軟體零售業；F219010 電子材料零售業；F118010 資訊軟體批發業；F119010 電子材料批發業；F206010 五金零售業；F206020 日常用品零售業；F106010 五金批發業；F106020 日常用品批發業,臺北市,變更,11506
50789164,聚上雲股份有限公司,臺北市內湖區內湖路1段516號10樓,曾文興,30000000,,115/06/29,增資(資本總額),CC01120 資料儲存媒體製造及複製業；E601020 電器安裝業；E605010 電腦設備安裝業；F113050 電腦及事務性機器設備批發業；F113070 電信器材批發業；F118010 資訊軟體批發業；F119010 電子材料批發業；F213030 電腦及事務性機器設備零售業；F213060 電信器材零售業；F218010 資訊軟體零售業,臺北市,變更,11506
50796691,品策方舟有限公司,臺北市中正區衡陽路10號7樓,梁哲華,1000000,,115/06/15,特殊補正,I102010 投資顧問業；I103060 管理顧問業；I199990 其他顧問服務業；I301010 資訊軟體服務業；I301020 資料處理服務業；I301030 電子資訊供應服務業；I401010 一般廣告服務業；I501010 產品設計業；I599990 其他設計業；JB01010 會議及展覽服務業,臺北市,變更,11506
50797354,博斯資訊安全股份有限公司,臺北市內湖區潭美街535號10樓,黃啟誠,53000000,,115/06/11,改選董事/監察人(一人法人股東指派董事/監察人),F113070 電信器材批發業；F118010 資訊軟體批發業；F218010 資訊軟體零售業；F399040 無店面零售業；F401010 國際貿易業；JZ99050 仲介服務業；I301010 資訊軟體服務業；I301020 資料處理服務業；I301030 電子資訊供應服務業；I401010 一般廣告服務業,臺北市,變更,11506
50802125,捷亨有限公司,臺北市中山區復興北路86號9樓,王承文,300000,,115/06/01,特殊補正,I401010 一般廣告服務業；J802010 運動訓練業；J803010 運動表演業；J803020 運動比賽業；JB01010 會議及展覽服務業；J303010 雜誌（期刊）出版業；J304010 圖書出版業；J305010 有聲出版業；J399010 軟體出版業；J399990 其他出版業,臺北市,變更,11506
50845974,自然好國際有限公司,臺北市松山區八德路3段212號6樓,陳幸均,1000000,,115/06/04,特殊補正,F399010 便利商店業；F401010 國際貿易業；F601010 智慧財產權業；H701050 投資興建公共建設業；H701060 新市鎮、新社區開發業；H701070 區段徵收及市地重劃代辦業；I102010 一般投資顧問業；I103060 管理顧問業；I105010 藝術品諮詢顧問業；I301010 資訊軟體服務業,臺北市,變更,11506
50857681,太妃熊國際開發有限公司,臺北市大安區永康街31之2號,蔡佩霓,500000,,115/06/30,特殊補正,C104020 烘焙炊蒸食品製造業；F102170 食品什貨批發業；F104110 布疋、衣著、鞋、帽、傘、服飾品批發業；F105050 家具、寢具、廚房器具、裝設品批發業；F106010 五金批發業；F119010 電子材料批發業；F203010 食品什貨、飲料零售業；F204110 布疋、衣著、鞋、帽、傘、服飾品零售業；F205040 家具、寢具、廚房器具、裝設品零售業；F206020 日常用品零售業,臺北市,變更,11506
50858458,致興企管顧問有限公司,臺北市中山區龍江路31號7樓之1,林嘉鴻,250000,,115/06/26,公司所在地,I103060 管理顧問業；I102010 投資顧問業；I301020 資料處理服務業；I301030 電子資訊供應服務業；JD01010 工商徵信服務業；I199990 其他顧問服務業；IZ99990 其他工商服務業；JZ99050 仲介服務業；J304010 圖書出版業；J303010 雜誌（期刊）出版業,臺北市,變更,11506
50861405,興中和投資股份有限公司,臺北市南港區經貿一路170號11樓,侯嘉騏,200000000,,115/06/24,改選董事/監察人(一人法人股東指派董事/監察人),H201010 一般投資業；ZZ99999 除許可業務外，得經營法令非禁止或限制之業務,臺北市,變更,11506
50862100,獵速科技股份有限公司,臺北市中山區民權東路3段35號4樓之1,蕭文雄,76990003,,115/06/12,發行新股,F113030 精密儀器批發業；F113070 電信器材批發業；F119010 電子材料批發業；F213030 電腦及事務性機器設備零售業；F213040 精密儀器零售業；F213060 電信器材零售業；F219010 電子材料零售業；F401010 國際貿易業；F601010 智慧財產權業；I301010 資訊軟體服務業,臺北市,變更,11506
50862729,愛樂康股份有限公司,臺北市中山區松江路289之702號,賴妍安,6000000,,115/06/25,特殊補正,I102010 投資顧問業；I103060 管理顧問業；I199990 其他顧問服務業；I501010 產品設計業；I503010 景觀、室內設計業；J901020 一般旅館業；JZ99080 美容美髮服務業；JZ99110 瘦身美容業；JZ99120 一般浴室業；H201010 一般投資業,臺北市,變更,11506
50863059,烜喆室內裝修設計有限公司,臺北市松山區光復南路32巷16弄21號,連喆,2400000,,115/06/24,特殊補正,E801060 室內裝修業；I503010 景觀設計業；E801010 室內裝潢業；EZ99990 其他工程業；I199990 其他顧問服務業；I301010 資訊軟體服務業；I301020 資料處理服務業；I301030 電子資訊供應服務業；I401010 一般廣告服務業；I501010 產品設計業,臺北市,變更,11506
50863516,黃檸檬投資股份有限公司,臺北市中山區植福路195之1號6樓,陶琳,160000000,,115/06/25,特殊補正,F102040 飲料批發業；F102170 食品什貨批發業；F118010 資訊軟體批發業；F203010 食品什貨、飲料零售業；F218010 資訊軟體零售業；H201010 一般投資業；H202010 創業投資業；H701010 住宅及大樓開發租售業；H701020 工業廠房開發租售業；H703090 不動產買賣業,臺北市,變更,11506
50863683,宏圓文創有限公司,臺北市松山區敦化北路170號3樓,謝智宇,1000000,,115/06/11,股東出資轉讓修正章程,F102170 食品什貨批發業；F104110 布疋、衣著、鞋、帽、傘、服飾品批發業；F106020 日常用品批發業；F109070 文教、樂器、育樂用品批發業；F113050 電腦及事務性機器設備批發業；F203010 食品什貨、飲料零售業；F204110 布疋、衣著、鞋、帽、傘、服飾品零售業；F206020 日常用品零售業；F213030 電腦及事務性機器設備零售業；F401010 國際貿易業,臺北市,變更,11506
50866128,麻吉砥加電影股份有限公司,臺北市信義區松仁路100號23樓,張昱,400000000,,115/06/10,特殊補正,J401010 電影片製作業；J402010 電影片發行業；J403010 電影片映演業；J404010 動畫影片製作業；J404030 電影沖印業；J404040 電影錄音業；J404050 電影特效製作業；J503020 電視節目製作業；J503030 廣播電視節目發行業；J503040 廣播電視廣告業,臺北市,變更,11506
50866339,祥虞建設開發股份有限公司,臺北市大安區羅斯福路3段125號12樓之2,趙婉君,22000000,,115/06/12,特殊補正,H701010 住宅及大樓開發租售業；H701020 工業廠房開發租售業；H701050 投資興建公共建設業；H701060 新市鎮、新社區開發業；H701070 區段徵收及市地重劃代辦業；H701090 都市更新整建維護業；H703090 不動產買賣業；H703100 不動產租賃業；H703110 老人住宅業；F111090 建材批發業,臺北市,變更,11506
50866422,一特安餐飲股份有限公司,臺北市中正區忠孝西路1段50號23樓之19,西田晃,18000000,,115/06/08,特殊補正,C103050 罐頭、冷凍、脫水及醃漬食品製造業；C109010 調味品製造業；C199030 即食餐食製造業；F102030 菸酒批發業；F102040 飲料批發業；F102170 食品什貨批發業；F203010 食品什貨、飲料零售業；F203020 菸酒零售業；F399040 無店面零售業；F401010 國際貿易業,臺北市,變更,11506
50866915,賓瑞智訊股份有限公司,臺北市內湖區瑞光路168號9樓,關力隆,10000000,,115/06/12,補繳規費,E601020 電器安裝業；E603040 消防安全設備安裝工程業；E603090 照明設備安裝工程業；E604010 機械安裝業；E605010 電腦設備安裝業；E606010 用電設備檢驗維護業；E607010 太陽熱能設備安裝工程業；E701010 電信工程業；E701040 簡易電信設備安裝業；E801010 室內裝潢業,臺北市,變更,11506
50867180,百革斯天馬股份有限公司,臺北市內湖區瑞光路302號10樓,彭琬婷,5000000,,115/06/03,補繳規費,F399040 無店面零售業；F401010 國際貿易業；F104110 布疋、衣著、鞋、帽、傘、服飾品批發業；F108040 化粧品批發業；F110010 鐘錶批發業；F110020 眼鏡批發業；F115010 首飾及貴金屬批發業；F115020 礦石批發業；F204110 布疋、衣著、鞋、帽、傘、服飾品零售業；F208040 化粧品零售業,臺北市,變更,11506
50867977,慕約會有限公司,臺北市信義區松德路98號,解沛誼,2500000,,115/06/15,特殊補正,I301010 資訊軟體服務業；I301030 電子資訊供應服務業；I401010 一般廣告服務業；JZ99050 仲介服務業；JZ99090 喜慶綜合服務業；JZ99990 未分類其他服務業；I599990 其他設計業；E801010 室內裝潢業；E901010 油漆工程業；E801070 廚具、衛浴設備安裝工程業,臺北市,變更,11506
50868337,黃檸檬餐飲股份有限公司,臺北市中山區植福路195之1號6樓,陶琳,29800000,,115/06/25,特殊補正,F102030 菸酒批發業；F102040 飲料批發業；F102170 食品什貨批發業；F118010 資訊軟體批發業；F203010 食品什貨、飲料零售業；F203020 菸酒零售業；F218010 資訊軟體零售業；F501060 餐館業；H201010 一般投資業；H202010 創業投資業,臺北市,變更,11506
50869476,馥甘股份有限公司,臺北市松山區南京東路4段133巷5弄2號,許耀中,4500000,,115/06/25,特殊補正,F501030 飲料店業；F203010 食品什貨、飲料零售業；F102050 茶葉批發業；F102170 食品什貨批發業；F102040 飲料批發業；F401010 國際貿易業；ZZ99999 除許可業務外，得經營法令非禁止或限制之業務,臺北市,變更,11506
50870592,伯明翰室內裝修有限公司,臺北市信義區永吉路225巷13之2號1樓,陳佩君,5000000,,115/06/18,增資,F106010 五金批發業；F206010 五金零售業；F111090 建材批發業；F211010 建材零售業；F105050 家具、寢具、廚房器具、裝設品批發業；F205040 家具、寢具、廚房器具、裝設品零售業；F399040 無店面零售業；F401010 國際貿易業；I401010 一般廣告服務業；J601010 藝文服務業,臺北市,變更,11506
50870972,全球綠認證股份有限公司,臺北市內湖區內湖路1段306號5樓之1,饒允政,1000000,,115/06/02,改選董事/監察人(一人法人股東指派董事/監察人),IZ07010 公證業；I103060 管理顧問業；I199990 其他顧問服務業；IZ09010 管理系統驗證業；IZ99990 其他工商服務業；F401010 國際貿易業；F601010 智慧財產權業；ZZ99999 除許可業務外，得經營法令非禁止或限制之業務,臺北市,變更,11506
50872177,源流成文化股份有限公司,臺北市中山區南京東路3段19號3樓之2,王娜,32100000,,115/06/30,改選董事/監察人(一人法人股東指派董事/監察人),F104110 布疋、衣著、鞋、帽、傘、服飾品批發業；F106020 日常用品批發業；F109070 文教、樂器、育樂用品批發業；F601010 智慧財產權業；I301020 資料處理服務業；I501010 產品設計業；IG02010 研究發展服務業；IZ01010 影印業；IZ02010 打字業；IZ04010 翻譯業,臺北市,變更,11506
50873084,鈺福塗裝工程顧問有限公司,臺北市中山區吉林路51巷11號1樓,辜鈺期,3000000,,115/06/02,公司所營事業變更修正章程,F113010 機械批發業；F113030 精密儀器批發業；F113990 其他機械器具批發業；F213080 機械器具零售業；F213040 精密儀器零售業；CA04010 表面處理業；CD01070 商港區船舶小修業；CD01080 工業專用港或工業專用碼頭船舶小修業；F401010 國際貿易業；G702010 船舶勞務承攬業,臺北市,變更,11506
50873916,永睿基系統整合股份有限公司,臺北市南港區南港路3段50巷15號3樓,李享洲,60000000,,115/06/30,增資(資本總額),E601020 電器安裝業；E603050 自動控制設備工程業；E604010 機械安裝業；E605010 電腦設備安裝業；E701010 電信工程業；E701020 衛星電視ＫＵ頻道、Ｃ頻道器材安裝業；E701030 電信管制射頻器材裝設工程業；F113020 電器批發業；F113030 精密儀器批發業；F113050 電腦及事務性機器設備批發業,臺北市,變更,11506
50874534,超雲科技股份有限公司,臺北市松山區民生東路3段130巷9號10樓,丁俊宏,250000,,115/06/12,特殊補正,I301010 資訊軟體服務業；I301020 資料處理服務業；F118010 資訊軟體批發業；I401010 一般廣告服務業；J399010 軟體出版業；E605010 電腦設備安裝業；F601010 智慧財產權業；F401010 國際貿易業；I103060 管理顧問業；I599990 其他設計業,臺北市,變更,11506
50875105,合聖發投資股份有限公司,臺北市松山區敦化北路167號9樓,林王淑蓉,265000000,,115/06/29,改選董事/監察人(一人法人股東指派董事/監察人),H201010 一般投資業；H701010 住宅及大樓開發租售業；H701050 投資興建公共建設業；H701060 新市鎮、新社區開發業；H701070 區段徵收及市地重劃代辦業；H701090 都市更新整建維護業；H703090 不動產買賣業；H703100 不動產租賃業；ZZ99999 除許可業務外，得經營法令非禁止或限制之業務,臺北市,變更,11506
50875169,瞻新資訊有限公司,臺北市中山區中山北路2段79號11樓,張安邦,3000000,,115/06/05,增資,E801010 室內裝潢業；F113050 電腦及事務性機器設備批發業；F118010 資訊軟體批發業；F213030 電腦及事務性機器設備零售業；F218010 資訊軟體零售業；I301010 資訊軟體服務業；I301020 資料處理服務業；I301030 電子資訊供應服務業；I401010 一般廣告服務業；I501010 產品設計業,臺北市,變更,11506
50875506,富利旺開發有限公司,臺北市中山區吉林路71號14樓,焦玲,10000000,,115/06/04,特殊補正,F101050 水產品批發業；F106010 五金批發業；F111090 建材批發業；F114060 船舶及其零件批發業；H701010 住宅及大樓開發租售業；H703090 不動產買賣業；H703100 不動產租賃業；I103060 管理顧問業；ZZ99999 除許可業務外，得經營法令非禁止或限制之業務,臺北市,變更,11506
50875816,全祥投資顧問股份有限公司,臺北市中正區羅斯福路1段25號6樓,林岳,15000000,,115/06/30,公司所在地,H201010 一般投資業；I102010 投資顧問業；I199990 其他顧問服務業；IZ99990 其他工商服務業；F401010 國際貿易業；ZZ99999 除許可業務外，得經營法令非禁止或限制之業務,臺北市,變更,11506
50877271,環德國際醫管顧問股份有限公司,臺北市松山區復興北路167號3樓之1,李易遠,26500000,,115/06/18,特殊補正,H201010 一般投資業；H202010 創業投資業；I102010 投資顧問業；I103060 管理顧問業；I199990 其他顧問服務業；I301010 資訊軟體服務業；I301020 資料處理服務業；I301030 電子資訊供應服務業；IZ04010 翻譯業；IZ12010 人力派遣業,臺北市,變更,11506
50878356,和旅瓏有限公司,臺北市中山區中山北路2段79號3樓,頴川欽和,29764000,,115/06/08,特殊補正,J901020 一般旅館業；F106020 日常用品批發業；F109070 文教、樂器、育樂用品批發業；F401010 國際貿易業；I301010 資訊軟體服務業；I301020 資料處理服務業；I301030 電子資訊供應服務業；I401010 一般廣告服務業；I401020 廣告傳單分送業；IZ01010 影印業,臺北市,變更,11506
50881057,盈泰投資股份有限公司,臺北市內湖區瑞光路68號7樓,陳彩芬,400000000,,115/06/30,改派董事/監察人,H201010 一般投資業；ZZ99999 除許可業務外，得經營法令非禁止或限制之業務,臺北市,變更,11506
50881599,碩宇智控有限公司,臺北市大安區忠孝東路4段59號10樓之2,吳宗浩,1000000,,115/06/24,增資,E601010 電器承裝業；E601020 電器安裝業；E603050 自動控制設備工程業；E603090 照明設備安裝工程業；E605010 電腦設備安裝業；E599010 配管工程業；EZ05010 儀器、儀表安裝工程業；F113030 精密儀器批發業；F113050 電腦及事務性機器設備批發業；F118010 資訊軟體批發業,臺北市,變更,11506
50883718,創科廣告有限公司,臺北市中山區復興北路420號14樓,陳楚冠,18131071,,115/06/23,補繳規費,F399040 無店面零售業；F401010 國際貿易業；I301010 資訊軟體服務業；I301020 資料處理服務業；I301030 電子資訊供應服務業；I401010 一般廣告服務業；ZZ99999 除許可業務外，得經營法令非禁止或限制之業務,臺北市,變更,11506
50884033,沐穎股份有限公司,臺北市信義區松高路1號4樓,郭冠群,881679660,,115/06/09,發行新股,H201010 一般投資業；I103060 管理顧問業；ZZ99999 除許可業務外，得經營法令非禁止或限制之業務,臺北市,變更,11506
50884147,冠宏開發股份有限公司,臺北市松山區敦化北路167號9樓,林柏源,1020000000,,115/06/11,修正章程,H201010 一般投資業；H701010 住宅及大樓開發租售業；H701040 特定專業區開發業；H701050 投資興建公共建設業；H701060 新市鎮、新社區開發業；H701070 區段徵收及市地重劃代辦業；H701080 都市更新重建業；H701090 都市更新整建維護業；H703090 不動產買賣業；H703100 不動產租賃業,臺北市,變更,11506
50884603,日學館留學中心有限公司,臺北市中山區農安街23號4樓之1,繁田禮二,8000000,,115/06/05,公司所在地,JA05010 留、遊學服務業；IZ12010 人力派遣業；IZ02010 打字業；IZ04010 翻譯業；J304010 圖書出版業；J305010 有聲出版業；J399010 軟體出版業；J399990 其他出版業；JB01010 會議及展覽服務業；JZ99050 仲介服務業,臺北市,變更,11506
50885194,奕芯半導體股份有限公司,臺北市中山區長安東路1段63之1號5樓,余建榮,20000000,,115/06/01,特殊補正,E607010 太陽熱能設備安裝工程業；IG03010 能源技術服務業；CC01080 電子零組件製造業；CC01040 照明設備製造業；E603090 照明設備安裝工程業；F401010 國際貿易業；ZZ99999 除許可業務外，得經營法令非禁止或限制之業務,臺北市,變更,11506
50886258,德唯特股份有限公司,臺北市大同區南京西路62號17樓之3,邱浩維,900000,,115/06/17,特殊補正,IG03010 能源技術服務業；ZZ99999 除許可業務外，得經營法令非禁止或限制之業務,臺北市,變更,11506
50886476,均典投資有限公司,臺北市信義區基隆路1段143號11樓之3,林其吟,5000000,,115/06/08,公司所營事業變更修正章程,H201010 一般投資業；H703100 不動產租賃業；H703090 不動產買賣業；ZZ99999 除許可業務外，得經營法令非禁止或限制之業務,臺北市,變更,11506
50886481,尚炫投資有限公司,臺北市信義區基隆路1段155號13樓之5,林芸禾,5000000,,115/06/12,公司所營事業變更修正章程,H201010 一般投資業；H703100 不動產租賃業；H703090 不動產買賣業；ZZ99999 除許可業務外，得經營法令非禁止或限制之業務,臺北市,變更,11506
50887003,寰宇利人教育股份有限公司,臺北市大安區敦化南路2段59號13樓之1,蔡淑惠,19000000,,115/06/01,減資,F109070 文教、樂器、育樂用品批發業；F209060 文教、樂器、育樂用品零售業；F401010 國際貿易業；I103060 管理顧問業；I301010 資訊軟體服務業；I301020 資料處理服務業；I301030 電子資訊供應服務業；I501010 產品設計業；J399010 軟體出版業；JA05010 留、遊學服務業,臺北市,變更,11506
50887593,紅樓資本股份有限公司,臺北市中山區復興北路156號2樓,楊曜陽,135600000,,115/06/15,改選董事/監察人(一人法人股東指派董事/監察人),I102010 一般投資顧問業；I301010 資訊軟體服務業；I301020 資料處理服務業；I301030 電子資訊供應服務業；I401010 一般廣告服務業；IZ13010 網路認證服務業；IZ99990 其他工商服務業；F299990 其他零售業；F601010 智慧財產權業；F399040 無店面零售業,臺北市,變更,11506
50888262,怡達資本控股有限公司,臺北市大安區忠孝東路4段124之1號2樓,陳清怡,13100000,,115/06/15,特殊補正,H201010 一般投資業；ZZ99999 除許可業務外，得經營法令非禁止或限制之業務,臺北市,變更,11506
50888538,禾佳投資有限公司,臺北市大安區復興南路1段259號8樓之1,林育謙,5000000,,115/06/04,公司所營事業變更修正章程,H201010 一般投資業；H703100 不動產租賃業；H703090 不動產買賣業；ZZ99999 除許可業務外，得經營法令非禁止或限制之業務,臺北市,變更,11506
50888919,全能通實業有限公司,臺北市士林區大南路407號1樓,黃妍慈,1000000,,115/06/15,特殊補正,F102170 食品什貨批發業；F104110 布疋、衣著、鞋、帽、傘、服飾品批發業；F105050 家具、寢具、廚房器具、裝設品批發業；F106010 五金批發業；F106020 日常用品批發業；F107030 清潔用品批發業；F107080 環境用藥批發業；F113020 電器批發業；F113050 電腦及事務性機器設備批發業；F113070 電信器材批發業,臺北市,變更,11506
50889017,台灣跨境數字資產交易有限公司,臺北市中山區中山北路3段27號7樓之6,林志彥,200000,,115/06/23,公司所在地,I101070 農、林、漁、畜牧顧問業；I101090 食品顧問業；I102010 投資顧問業；I103060 管理顧問業；I105010 藝術品諮詢顧問業；I199990 其他顧問服務業；I301010 資訊軟體服務業；I301020 資料處理服務業；I301030 電子資訊供應服務業；I301040 第三方支付服務業,臺北市,變更,11506
50889972,成御媒體科技股份有限公司,臺北市信義區忠孝東路5段482號5樓之1,陳少承,23926140,,115/06/18,特殊補正,F114010 汽車批發業；F114030 汽、機車零件配備批發業；F114050 車胎批發業；F114990 其他交通運輸工具及其零件批發業；F214010 汽車零售業；F214050 車胎零售業；F214990 其他交通運輸工具及其零件零售業；F218010 資訊軟體零售業；F401010 國際貿易業；I301010 資訊軟體服務業,臺北市,變更,11506
50891180,橙玨都市更新股份有限公司,臺北市松山區民權東路3段142號10樓之2,陳思帆,4588888,,115/06/02,特殊補正,E801010 室內裝潢業；F111090 建材批發業；F117010 消防安全設備批發業；F120010 耐火材料批發業；F211010 建材零售業；F217010 消防安全設備零售業；F220010 耐火材料零售業；G202010 停車場經營業；H701010 住宅及大樓開發租售業；H701020 工業廠房開發租售業,臺北市,變更,11506
50891421,台灣柯尼卡美能達行銷服務有限公司,臺北市中山區長春路378號6樓,David Thomas Griffiths,650000,,115/06/09,特殊補正,C701010 印刷業；C702010 製版業；C703010 印刷品裝訂及加工業；E801010 室內裝潢業；F104110 布疋、衣著、鞋、帽、傘、服飾品批發業；F105050 家具、寢具、廚房器具、裝設品批發業；F106010 五金批發業；F106020 日常用品批發業；F107990 其他化學製品批發業；F109070 文教、樂器、育樂用品批發業,臺北市,變更,11506
50892765,尼亞墨管理顧問有限公司,臺北市信義區松高路9號25樓,AMACHA ADHOK BILDIKAR,100000,,115/06/01,特殊補正,I103060 管理顧問業；I199990 其他顧問服務業；I301010 資訊軟體服務業；I301020 資料處理服務業；I301030 電子資訊供應服務業；ZZ99999 除許可業務外，得經營法令非禁止或限制之業務,臺北市,變更,11506
50893791,帆晴股份有限公司,臺北市大安區復興南路1段129號7樓,簡境寬,5100000,,115/06/18,特殊補正,F203010 食品什貨、飲料零售業；F204110 布疋、衣著、鞋、帽、傘、服飾品零售業；F205040 家具、寢具、廚房器具、裝設品零售業；F206010 五金零售業；F206020 日常用品零售業；F208040 化粧品零售業；F399040 無店面零售業；F399990 其他綜合零售業；F401010 國際貿易業；I103060 管理顧問業,臺北市,變更,11506
50894790,敦恩供應鏈數據諮詢科技有限公司,臺北市信義區基隆路1段143號10樓之1,詹斯敦,2200000,,115/06/25,特殊補正,I103060 管理顧問業；I301020 資料處理服務業；I301030 電子資訊供應服務業；F214010 汽車零售業；F114010 汽車批發業；F401010 國際貿易業；ZZ99999 除許可業務外，得經營法令非禁止或限制之業務,臺北市,變更,11506
50897852,東畇策創科技股份有限公司,臺北市中山區民生東路1段72號2樓之2,聞芹利,7500000,,115/06/09,特殊補正,I301010 資訊軟體服務業；I301020 資料處理服務業；I301030 電子資訊供應服務業；I401010 一般廣告服務業；I102010 投資顧問業；I103060 管理顧問業；J305010 有聲出版業；J601010 藝文服務業；J602010 演藝活動業；F109070 文教、樂器、育樂用品批發業,臺北市,變更,11506
50898183,吉祥好運管理顧問股份有限公司,臺北市中山區德惠街34號10樓之29,陳玉翎,3617000,,115/06/04,改選董事/監察人(一人法人股東指派董事/監察人),F399040 無店面零售業；F401010 國際貿易業；F601010 智慧財產權業；H202010 創業投資業；H201010 一般投資業；H701010 住宅及大樓開發租售業；H701020 工業廠房開發租售業；H703090 不動產買賣業；H703100 不動產租賃業；H703110 老人住宅業,臺北市,變更,11506
50899367,岩寬生醫股份有限公司,臺北市信義區信義路4段415號14樓之2,陳槿唐,10000000,,115/06/09,增資(資本總額),F106020 日常用品批發業；F107030 清潔用品批發業；F108040 化粧品批發業；F206020 日常用品零售業；F207030 清潔用品零售業；F208040 化粧品零售業；F399040 無店面零售業；F401010 國際貿易業；F102170 食品什貨批發業；F203010 食品什貨、飲料零售業,臺北市,變更,11506
50901315,鴻元家電有限公司,臺北市松山區南京東路4段130號2樓之1,楊文杰,100000,,115/06/03,特殊補正,F113020 電器批發業；F213010 電器零售業；F401010 國際貿易業；JA02010 電器及電子產品修理業；ZZ99999 除許可業務外，得經營法令非禁止或限制之業務,臺北市,變更,11506
50903171,瑪菲司股份有限公司,臺北市信義區基隆路1段155號13樓之5,謝俊民,500000,,115/06/18,董事/監察人持股變動報備,F204110 布疋、衣著、鞋、帽、傘、服飾品零售業；F205040 家具、寢具、廚房器具、裝設品零售業；F208040 化粧品零售業；F206020 日常用品零售業；F209060 文教、樂器、育樂用品零售業；F203010 食品什貨、飲料零售業；F210010 鐘錶零售業；F210020 眼鏡零售業；F401010 國際貿易業；F213010 電器零售業,臺北市,變更,11506
50903828,雲豐資本股份有限公司,臺北市大安區忠孝東路4段169號11樓之4,邱翊雲,8512280,,115/06/22,公司所在地,H202010 創業投資業；H201010 一般投資業,臺北市,變更,11506
50903989,新時股份有限公司,臺北市中山區復興北路164號8樓之1,蔡崇華,1000000,,115/06/30,公司所在地,F109070 文教、樂器、育樂用品批發業；F209060 文教、樂器、育樂用品零售業；I103060 管理顧問業；I199990 其他顧問服務業；I301010 資訊軟體服務業；I301020 資料處理服務業；I301030 電子資訊供應服務業；I401010 一般廣告服務業；I501010 產品設計業；J202010 產業育成業,臺北市,變更,11506
50904312,精碩生技股份有限公司,臺北市大安區信義路4段337號7樓,呂信瑩,6390000,,115/06/04,特殊補正,F113030 精密儀器批發業；F119010 電子材料批發業；F213030 電腦及事務性機器設備零售業；F213040 精密儀器零售業；F218010 資訊軟體零售業；F401010 國際貿易業；I103060 管理顧問業；I199990 其他顧問服務業；I301010 資訊軟體服務業；I301020 資料處理服務業,臺北市,變更,11506
50904559,巧酷思有限公司,臺北市文山區景文街1號4樓之6,趙偉成,6000000,,115/06/02,停業副本,F107030 清潔用品批發業；F206020 日常用品零售業；F207030 清潔用品零售業；F209060 文教、樂器、育樂用品零售業；I103060 管理顧問業；I199990 其他顧問服務業；IZ99990 其他工商服務業；J202010 產業育成業；JA03010 洗衣業；JZ99050 仲介服務業,臺北市,變更,11506
50905179,宇泰高爾夫股份有限公司,臺北市內湖區基湖路35巷16號2樓,黃家聲,837000000,,115/06/25,補選董事(常務董事.董事長)/監察人,CH01010 體育用品製造業；C804020 工業用橡膠製品製造業；F109070 文教、樂器、育樂用品批發業；F401010 國際貿易業；F209060 文教、樂器、育樂用品零售業；CH01030 文具製造業；CH01040 玩具製造業；I501010 產品設計業；IZ06010 理貨包裝業；ZZ99999 除許可業務外，得經營法令非禁止或限制之業務,臺北市,變更,11506
50906389,造星文創娛樂有限公司,臺北市中山區中山北路3段26號12樓之1,張子芸,100000,,115/06/18,特殊補正,J602010 演藝活動業；J601010 藝文服務業；J305010 有聲出版業；J304010 圖書出版業；I501010 產品設計業；I502010 服飾設計業；I599990 其他設計業；J401010 電影片製作業；J402010 電影片發行業；J802010 運動訓練業,臺北市,變更,11506
50906796,錡郁教學顧問有限公司,臺北市中山區南京東路3段101號4樓,吳秉錡,1000000,,115/06/10,特殊補正,F109070 文教、樂器、育樂用品批發業；F209060 文教、樂器、育樂用品零售業；F399040 無店面零售業；F401010 國際貿易業；F601010 智慧財產權業；I103060 管理顧問業；I199990 其他顧問服務業；I301020 資料處理服務業；I301010 資訊軟體服務業；I301030 電子資訊供應服務業,臺北市,變更,11506
50916035,台灣華可貴建材股份有限公司,臺北市中山區民權東路2段40號5樓,杵淵真一郎,350050000,,115/06/23,特殊補正,C901070 石材製品製造業；CA02010 金屬結構及建築組件製造業；CA02090 金屬線製品製造業；CA02990 其他金屬製品製造業；E801020 門窗安裝工程業；F105050 家具、寢具、廚房器具、裝設品批發業；F111090 建材批發業；F205040 家具、寢具、廚房器具、裝設品零售業；F211010 建材零售業；F401010 國際貿易業,臺北市,變更,11506
50973675,郁成投資股份有限公司,臺北市信義區基隆路2段77號11樓之1,王念台,1000000,,115/06/18,改選董事/監察人(一人法人股東指派董事/監察人),H201010 一般投資業；H701010 住宅及大樓開發租售業；H701020 工業廠房開發租售業；H703090 不動產買賣業；H703100 不動產租賃業；ZZ99999 除許可業務外，得經營法令非禁止或限制之業務,臺北市,變更,11506
50978778,暉致醫藥股份有限公司,臺北市信義區信義路5段7號27樓,張博勝,646100000,,115/06/08,一般補正案,F108021 西藥批發業；F208021 西藥零售業；F401010 國際貿易業；F108031 醫療器材批發業；F208031 醫療器材零售業；F107030 清潔用品批發業；F207030 清潔用品零售業；F102170 食品什貨批發業；F203010 食品什貨、飲料零售業；F108040 化粧品批發業,臺北市,變更,11506
50991673,晨訊科技有限公司,臺北市大同區重慶北路3段80號2樓,林彥辰,2500000,,115/06/30,減少所營事業變更修正章程,F399040 無店面零售業；ZZ99999 除許可業務外，得經營法令非禁止或限制之業務；F114010 汽車批發業；F114020 機車批發業；F114030 汽、機車零件配備批發業；F206020 日常用品零售業；F206010 五金零售業；F205040 家具、寢具、廚房器具、裝設品零售業；F203010 食品什貨、飲料零售業；F399990 其他綜合零售業,臺北市,變更,11506
50996163,天新娛樂有限公司,臺北市大同區甘谷街26號5樓,方新儀,500000,,115/06/03,特殊補正,IZ99990 其他工商服務業；J601010 藝文服務業；J602010 演藝活動業；JZ99990 未分類其他服務業；ZZ99999 除許可業務外，得經營法令非禁止或限制之業務,臺北市,變更,11506
50997769,寶泰生醫股份有限公司,臺北市信義區松智路1號3樓,宋豪麟,976587500,,115/06/26,補選董事(常務董事.董事長)/監察人,IG01010 生物技術服務業；F601010 智慧財產權業；F107200 化學原料批發業；F207200 化學原料零售業；C802060 動物用藥製造業；F208050 乙類成藥零售業；F199990 其他批發業；F106060 寵物食品及其用品批發業；F206050 寵物食品及其用品零售業；F107070 動物用藥品批發業,臺北市,變更,11506
51031603,瑞士商哈莫尼克科技股份有限公司,臺北市松山區敦化北路168號15樓,朱正平,500000,,115/06/03,本公司董事及其他負責人變更,E601010 電器承裝業；E601020 電器安裝業；E603010 電纜安裝工程業；E603050 自動控制設備工程業；E605010 電腦設備安裝業；E701010 電信工程業；E701020 衛星電視ＫＵ頻道、Ｃ頻道器材安裝業；E701030 電信管制射頻器材裝設工程業；EZ05010 儀器、儀表安裝工程業；F113020 電器批發業,臺北市,變更,11506
51037304,大東紡織股份有限公司,臺北市松山區南京東路3段346號3樓,陳修忠,717443870,,115/06/29,改選董事/監察人(一人法人股東指派董事/監察人),C301010 紡紗業；C302010 織布業；C305010 印染整理業；C306010 成衣業；C399990 其他紡織及製品製造業；F104110 布疋、衣著、鞋、帽、傘、服飾品批發業；F113010 機械批發業；F113020 電器批發業；F113050 電腦及事務性機器設備批發業；F118010 資訊軟體批發業,臺北市,變更,11506
51701407,世康開發股份有限公司,臺北市南港區忠孝東路7段508號2樓之3,黃茂雄,2532474000,,115/06/11,補繳規費,F301010 百貨公司業；F301020 超級市場業；F501060 餐館業；F601010 智慧財產權業；G202010 停車場經營業；H701010 住宅及大樓開發租售業；H701040 特定專業區開發業；H701050 投資興建公共建設業；H701060 新市鎮、新社區開發業；H703100 不動產租賃業,臺北市,變更,11506
51712072,星宇航空股份有限公司,臺北市信義區忠孝東路4段525號11樓,張國煒,30087350000,,115/06/22,修正章程,G501011 民用航空運輸業；G602011 航空站地勤業；J201051 民用航空人員訓練業；F401171 酒類輸入業；ZZ99999 除許可業務外，得經營法令非禁止或限制之業務,臺北市,變更,11506
52206361,俞萱有限公司,臺北市大安區復興南路1段342號4樓之1,吳正發,6000000,,115/06/12,特殊補正,H201010 一般投資業,臺北市,變更,11506
52216369,淘克斯創意股份有限公司,臺北市大同區太原路61號4樓,陳君霖,800000,,115/06/25,特殊補正,CH01030 文具製造業；CH01040 玩具製造業；F109070 文教、樂器、育樂用品批發業；F118010 資訊軟體批發業；F209060 文教、樂器、育樂用品零售業；F399040 無店面零售業；F401010 國際貿易業；F601010 智慧財產權業；I199990 其他顧問服務業；I401010 一般廣告服務業,臺北市,變更,11506
52241114,洋霆科技股份有限公司,臺北市中正區寧波東街1號8樓,朱炳煌,29900000,,115/06/18,公司所在地,I301020 資料處理服務業；I301030 電子資訊供應服務業；I401010 一般廣告服務業；IZ13010 網路認證服務業；CC01110 電腦及其週邊設備製造業；CC01120 資料儲存媒體製造及複製業；F113050 電腦及事務性機器設備批發業；F113070 電信器材批發業；F118010 資訊軟體批發業；F213010 電器零售業,臺北市,變更,11506
52265375,威網影音股份有限公司,臺北市內湖區舊宗路1段159號9樓之7,高明慧,36131440,,115/06/17,改選董事/監察人(一人法人股東指派董事/監察人),F118010 資訊軟體批發業；F218010 資訊軟體零售業；F401010 國際貿易業；F601010 智慧財產權業；I103060 管理顧問業；I301020 資料處理服務業；I301030 電子資訊供應服務業；I401010 一般廣告服務業；J303010 雜誌（期刊）出版業；J304010 圖書出版業,臺北市,變更,11506
52269040,神通光通信股份有限公司,臺北市內湖區堤頂大道2段187號9樓,陳錫裕,60000000,,115/06/08,特殊補正,E605010 電腦設備安裝業；EZ99990 其他工程業；F213060 電信器材零售業；F218010 資訊軟體零售業；F219010 電子材料零售業；F299990 其他零售業；F399040 無店面零售業；F401010 國際貿易業；F601010 智慧財產權業；I103060 管理顧問業,臺北市,變更,11506
52271778,睦晨數位創意有限公司,臺北市大安區信義路4段151號2樓之2,吳芝瑜,3000000,,115/06/10,公司所在地,F113050 電腦及事務性機器設備批發業；F118010 資訊軟體批發業；F399040 無店面零售業；F401010 國際貿易業；F601010 智慧財產權業；I103060 管理顧問業；I199990 其他顧問服務業；I301010 資訊軟體服務業；I301020 資料處理服務業；I301030 電子資訊供應服務業,臺北市,變更,11506
52279808,雲騰網絡科技股份有限公司,臺北市中山區南京東路2段2號7樓之1,林仕國,27036000,,115/06/26,改派董事/監察人,F113020 電器批發業；F113050 電腦及事務性機器設備批發業；F118010 資訊軟體批發業；F119010 電子材料批發業；F213010 電器零售業；F213030 電腦及事務性機器設備零售業；F213060 電信器材零售業；F218010 資訊軟體零售業；F219010 電子材料零售業；F399040 無店面零售業,臺北市,變更,11506
52282016,陽光投資股份有限公司,臺北市內湖區港墘路189號10樓,楊武男,660000000,,115/06/12,改選董事/監察人(一人法人股東指派董事/監察人),H201010 一般投資業,臺北市,變更,11506
52284871,杰爾有限公司,臺北市大安區復興南路1段145號,吳斌爾利米,5000000,,115/06/03,特殊補正,F108040 化粧品批發業；F208040 化粧品零售業；F401010 國際貿易業；ZZ99999 除許可業務外，得經營法令非禁止或限制之業務,臺北市,變更,11506
52286961,育德康投資有限公司,臺北市大安區忠孝東路3段303號10樓之2,曾德齡,1500000,,115/06/15,特殊補正,H201010 一般投資業；ZZ99999 除許可業務外，得經營法令非禁止或限制之業務,臺北市,變更,11506
52289165,格立威企業有限公司,臺北市大同區太原路50號2樓,林淑琴,1000000,,115/06/09,股東出資轉讓修正章程,F401010 國際貿易業；ZZ99999 除許可業務外，得經營法令非禁止或限制之業務,臺北市,變更,11506
52289539,神經元科技股份有限公司,臺北市中正區館前路49號10樓,陳維澄,37745000,,115/06/29,特殊補正,F401010 國際貿易業；I103060 管理顧問業；I199990 其他顧問服務業；I301010 資訊軟體服務業；I301020 資料處理服務業；I301030 電子資訊供應服務業；I501010 產品設計業；IZ15010 市場研究及民意調查業；F399040 無店面零售業；F399990 其他綜合零售業,臺北市,變更,11506
52296911,十心室內裝修設計有限公司,臺北市文山區景福街8號1樓,蔡明賢,6000000,,115/06/03,股東出資轉讓修正章程,E599010 配管工程業；E601020 電器安裝業；E603010 電纜安裝工程業；E603020 電梯安裝工程業；E603040 消防安全設備安裝工程業；E603090 照明設備安裝工程業；E605010 電腦設備安裝業；E801010 室內裝潢業；E801020 門窗安裝工程業；E801030 室內輕鋼架工程業,臺北市,變更,11506
52298777,順風文創股份有限公司,臺北市信義區祥雲街13之1號地下,林勝國,16000000,,115/06/23,特殊補正,F206020 日常用品零售業；F209060 文教、樂器、育樂用品零售業；F399040 無店面零售業；F401010 國際貿易業；I401010 一般廣告服務業；I501010 產品設計業；J304010 圖書出版業；J305010 有聲出版業；J401010 電影片製作業；J402010 電影片發行業,臺北市,變更,11506
52327153,埔頂環保股份有限公司,臺北市大安區敦化南路2段95號15樓,周黎明,789733000,,115/06/30,發行新股,D101060 再生能源自用發電設備業；E599010 配管工程業；E604010 機械安裝業；F107050 肥料批發業；J101030 廢棄物清除業；J101040 廢棄物處理業；J101050 環境檢測服務業；J101060 廢（污）水處理業；J101080 資源回收業；J101090 廢棄物清理業,臺北市,變更,11506
52330474,寶陞國際股份有限公司,臺北市信義區忠孝東路5段508號16樓,黃楷倫,310000000,,115/06/12,特殊補正,CN01010 家具及裝設品製造業；E801010 室內裝潢業；F105050 家具、寢具、廚房器具、裝設品批發業；F205040 家具、寢具、廚房器具、裝設品零售業；F111090 建材批發業；F199990 其他批發業；F211010 建材零售業；F299990 其他零售業；F399040 無店面零售業；F401010 國際貿易業,臺北市,變更,11506
52332037,玉山能源股份有限公司,臺北市中山區南京東路3段168號10樓之5,Ryo Zushiden,5050000,,115/06/29,特殊補正,D101040 非屬公用之發電業；D101060 再生能源自用發電設備業；H201010 一般投資業；H202010 創業投資業；I102010 投資顧問業；I103060 管理顧問業；I199990 其他顧問服務業；I301010 資訊軟體服務業；I301020 資料處理服務業；IG02010 研究發展服務業,臺北市,變更,11506
52337722,樑拓投資顧問股份有限公司,臺北市大安區敦化南路1段205號6樓,,15000000,,115/06/09,解散,J401010 電影片製作業；J402010 電影片發行業；J503010 廣播節目製作業；J503020 電視節目製作業；J503030 廣播電視節目發行業；J503040 廣播電視廣告業；J503050 錄影節目帶業；J601010 藝文服務業；J602010 演藝活動業；J603010 音樂展演空間業,臺北市,變更,11506
52356446,福清營造股份有限公司,臺北市內湖區行善路48巷15號7樓,黃大,2060926900,,115/06/22,發行新股,E101011 綜合營造業；H701010 住宅及大樓開發租售業；H701050 投資興建公共建設業；H701080 都市更新重建業；ZZ99999 除許可業務外，得經營法令非禁止或限制之業務；J101990 其他環境衛生及污染防治服務業,臺北市,變更,11506
52369744,樺智投資股份有限公司,臺北市萬華區昆明街96巷10號3樓,侯知遠,8950000,,115/06/22,特殊補正,H201010 一般投資業,臺北市,變更,11506
52378080,星美特有限公司,臺北市中山區新生北路2段72巷17號5樓,王有晟,1000000,,115/06/29,特殊補正,F113010 機械批發業；F213080 機械器具零售業；F119010 電子材料批發業；F106010 五金批發業；F113020 電器批發業；F113030 精密儀器批發業；F206010 五金零售業；F213010 電器零售業；F213040 精密儀器零售業；F219010 電子材料零售業,臺北市,變更,11506
52378862,茗蕎有限公司,臺北市中正區忠孝西路1段50號22樓之13,林亞秋,3010000,,115/06/29,補繳規費,F102030 菸酒批發業；F102040 飲料批發業；F102170 食品什貨批發業；F105050 家具、寢具、廚房器具、裝設品批發業；F106020 日常用品批發業；F106050 陶瓷玻璃器皿批發業；F203010 食品什貨、飲料零售業；F203020 菸酒零售業；F205040 家具、寢具、廚房器具、裝設品零售業；F206020 日常用品零售業,臺北市,變更,11506
52380564,宏碁智新股份有限公司,臺北市松山區復興北路369號7樓之5,侯知遠,280000000,,115/06/29,特殊補正,F113050 電腦及事務性機器設備批發業；F213030 電腦及事務性機器設備零售業；F401010 國際貿易業；I301010 資訊軟體服務業；I301020 資料處理服務業；I301030 電子資訊供應服務業；JE01010 租賃業；CC01030 電器及視聽電子產品製造業；CC01110 電腦及其週邊設備製造業；F113070 電信器材批發業,臺北市,變更,11506
52401879,路星股份有限公司,臺北市中正區忠孝西路1段39號7樓,許博鈞,18400500,,115/06/05,特殊補正,CH01040 玩具製造業；F109070 文教、樂器、育樂用品批發業；F113050 電腦及事務性機器設備批發業；F113070 電信器材批發業；F118010 資訊軟體批發業；F199990 其他批發業；F209060 文教、樂器、育樂用品零售業；F213010 電器零售業；F213040 精密儀器零售業；F213060 電信器材零售業,臺北市,變更,11506
52421235,恆悅國際食品有限公司,臺北市大安區泰順街33之6號1樓,王廷威,1000000,,115/06/17,董事/股東更名,F101130 蔬果批發業；F102170 食品什貨批發業；F201010 農產品零售業；F201020 畜產品零售業；F201030 水產品零售業；F203010 食品什貨、飲料零售業；F399040 無店面零售業；F401010 國際貿易業；ZZ99999 除許可業務外，得經營法令非禁止或限制之業務,臺北市,變更,11506
52440676,固德威食品股份有限公司,臺北市大同區南京西路57號3樓之9,林子超,500000,,115/06/04,特殊補正,F102170 食品什貨批發業；F102040 飲料批發業；F203010 食品什貨、飲料零售業；F401010 國際貿易業；IZ12010 人力派遣業；ZZ99999 除許可業務外，得經營法令非禁止或限制之業務,臺北市,變更,11506
52444949,富大實業有限公司,臺北市中正區博愛路60號7樓,李睿,25000000,,115/06/04,特殊補正,H201010 一般投資業；ZZ99999 除許可業務外，得經營法令非禁止或限制之業務,臺北市,變更,11506
52445124,台灣優仕不動產股份有限公司,臺北市內湖區瑞光路26巷36弄6號2樓,上島成介,588000000,,115/06/01,改派董事/監察人,I103060 管理顧問業；I102010 投資顧問業；H703090 不動產買賣業；H703100 不動產租賃業；H701010 住宅及大樓開發租售業；JZ99050 仲介服務業；JE01010 租賃業；ZZ99999 除許可業務外，得經營法令非禁止或限制之業務,臺北市,變更,11506
52459506,二十五電訊股份有限公司,臺北市中山區長安東路2段106號5樓,陳威良,60160000,,115/06/02,公司印鑑變更,F401010 國際貿易業；I301010 資訊軟體服務業；I301020 資料處理服務業；I301030 電子資訊供應服務業；ZZ99999 除許可業務外，得經營法令非禁止或限制之業務,臺北市,變更,11506
52468511,義電智慧能源股份有限公司,臺北市信義區基隆路2段189號18樓之4,陳威廷,399100000,,115/06/18,公司印鑑變更,IG03010 能源技術服務業；I103060 管理顧問業；F399040 無店面零售業；ZZ99999 除許可業務外，得經營法令非禁止或限制之業務,臺北市,變更,11506
52469912,儷客旅店有限公司,臺北市中正區忠孝西路1段72號5樓,楊孟杰,2000000,,115/06/01,特殊補正,J901020 一般旅館業；J799990 其他休閒服務業；F203010 食品什貨、飲料零售業；ZZ99999 除許可業務外，得經營法令非禁止或限制之業務,臺北市,變更,11506
52470642,優席國際有限公司,臺北市中山區錦州街121號1樓,,200000,,115/06/15,解散,F102050 茶葉批發業；F107020 染料、顏料批發業；F107200 化學原料批發業；F108040 化粧品批發業；F203010 食品什貨、飲料零售業；F207200 化學原料零售業；F208040 化粧品零售業；F401010 國際貿易業,臺北市,變更,11506
52486270,麻神餐飲國際股份有限公司,臺北市松山區南京東路5段8、10號3樓,陳永盛,25000000,,115/06/15,董事/監察人持股變動報備,F203010 食品什貨、飲料零售業；F203020 菸酒零售業；F501060 餐館業；F401010 國際貿易業；ZZ99999 除許可業務外，得經營法令非禁止或限制之業務,臺北市,變更,11506
52492792,悠勢科技股份有限公司,臺北市中山區八德路二段232號9樓,宋捷仁,834690342,,115/06/05,特殊補正,I301010 資訊軟體服務業；I301020 資料處理服務業；I301030 電子資訊供應服務業；I401010 一般廣告服務業；I501010 產品設計業；G202010 停車場經營業；IZ12010 人力派遣業；F401010 國際貿易業；I103060 管理顧問業；IZ99990 其他工商服務業,臺北市,變更,11506
52506183,福瑚有限公司,臺北市內湖區瑞光路335號11樓,藍恩,1010000,,115/06/01,公司所在地,JZ99030 攝影業；I401010 一般廣告服務業；I501010 產品設計業；F399040 無店面零售業；I301010 資訊軟體服務業；F401010 國際貿易業；ZZ99999 除許可業務外，得經營法令非禁止或限制之業務,臺北市,變更,11506
52510222,亮度品牌配方股份有限公司,臺北市萬華區興寧街27號,吳雅雯,500000,,115/06/01,特殊補正,F107030 清潔用品批發業；F107990 其他化學製品批發業；F108040 化粧品批發業；F207030 清潔用品零售業；F208040 化粧品零售業；F401010 國際貿易業；I401010 一般廣告服務業；I501010 產品設計業；F399040 無店面零售業；F106020 日常用品批發業,臺北市,變更,11506
52510882,有璽國際設計事業有限公司,臺北市松山區三民路136巷28號1樓,蘇郁婷,2000000,,115/06/22,董事/股東地址變更,CN01010 家具及裝設品製造業；E599010 配管工程業；E601010 電器承裝業；E601020 電器安裝業；E801010 室內裝潢業；E801020 門窗安裝工程業；E801030 室內輕鋼架工程業；E801040 玻璃安裝工程業；E801070 廚具、衛浴設備安裝工程業；E901010 油漆工程業,臺北市,變更,11506
52510898,有璽美學藝術事業有限公司,臺北市松山區三民路136巷26號1樓,蘇郁婷,2000000,,115/06/16,特殊補正,F205040 家具、寢具、廚房器具、裝設品零售業；F209060 文教、樂器、育樂用品零售業；F401010 國際貿易業；I103060 管理顧問業；I105010 藝術品諮詢顧問業；I401010 一般廣告服務業；I401020 廣告傳單分送業；I501010 產品設計業；I502010 服飾設計業；I599990 其他設計業,臺北市,變更,11506
52518358,兆陞開發股份有限公司,臺北市大同區承德路2段109巷3號,何平,1000000,,115/06/16,特殊補正,H701010 住宅及大樓開發租售業；H701020 工業廠房開發租售業；H701040 特定專業區開發業；H701050 投資興建公共建設業；H701060 新市鎮、新社區開發業；H701070 區段徵收及市地重劃代辦業；H701080 都市更新重建業；H701090 都市更新整建維護業；H702010 建築經理業；H703090 不動產買賣業,臺北市,變更,11506
52518511,凱陞開發股份有限公司,臺北市松山區敦化北路167號2樓,何平,10000000,,115/06/05,特殊補正,H701010 住宅及大樓開發租售業；H701020 工業廠房開發租售業；H701040 特定專業區開發業；H701050 投資興建公共建設業；H701060 新市鎮、新社區開發業；H701070 區段徵收及市地重劃代辦業；H701080 都市更新重建業；H701090 都市更新整建維護業；H702010 建築經理業；H703090 不動產買賣業,臺北市,變更,11506
52519498,曙光網路股份有限公司,臺北市大同區華亭街1號2樓、2樓之1、2樓之2、2樓之3,鄭光廷,52000000,,115/06/17,特殊補正,F118010 資訊軟體批發業；F601010 智慧財產權業；I103060 管理顧問業；I199990 其他顧問服務業；I301010 資訊軟體服務業；I301020 資料處理服務業；I301030 電子資訊供應業；I401010 一般廣告服務業；IZ13010 網路認證服務業；JZ99050 仲介服務業,臺北市,變更,11506
52520609,遠見國際教育股份有限公司,臺北市士林區福華路139號1樓,吳四賽,3000000,,115/06/29,改選董事/監察人(一人法人股東指派董事/監察人),J303010 雜誌（期刊）出版業；J304010 圖書出版業；J305010 有聲出版業；J802010 運動訓練業；J803010 運動表演業；JA05010 留、遊學服務業；JB01010 會議及展覽服務業；JZ99050 仲介服務業；IZ12010 人力派遣業；IZ99990 其他工商服務業,臺北市,變更,11506
52529502,奈堤科技股份有限公司,臺北市內湖區洲子街12號3樓,張朝翰,35120892,,115/06/18,改選董事/監察人(一人法人股東指派董事/監察人),CC01060 有線通信機械器材製造業；CC01070 無線通信機械器材製造業；CC01110 電腦及其週邊設備製造業；CC01990 其他電機及電子機械器材製造業；CE01010 一般儀器製造業；F113030 精密儀器批發業；F113050 電腦及事務性機器設備批發業；F113070 電信器材批發業；F118010 資訊軟體批發業；F213030 電腦及事務性機器設備零售業,臺北市,變更,11506
52530466,進入空間有限公司,臺北市中山區南京西路1之1號11樓,戚禎庭,113000000,,115/06/18,公司所在地,H201010 一般投資業；ZZ99999 除許可業務外，得經營法令非禁止或限制之業務,臺北市,變更,11506
52537469,三石天合國際股份有限公司,臺北市內湖區洲子街83號,陳漢銓,29000000,,115/06/15,特殊補正,F102030 菸酒批發業；F102040 飲料批發業；F102170 食品什貨批發業；F106010 五金批發業；F106020 日常用品批發業；F108040 化粧品批發業；F201010 農產品零售業；F203010 食品什貨、飲料零售業；F203020 菸酒零售業；F206010 五金零售業,臺北市,變更,11506
52549578,聯崴生技股份有限公司,臺北市松山區光復北路82號6樓,林憲宏,46612000,,115/06/25,改選董事/監察人(一人法人股東指派董事/監察人),I103060 管理顧問業；I301020 資料處理服務業；IZ12010 人力派遣業；F113030 精密儀器批發業；JE01010 租賃業；F213040 精密儀器零售業；F208031 醫療器材零售業；IZ99990 其他工商服務業；F401010 國際貿易業；I301010 資訊軟體服務業,臺北市,變更,11506
52552432,之道學習有限公司,臺北市中正區許昌街42號8樓,何明彥,1000000,,115/06/22,特殊補正,I102010 投資顧問業；I103060 管理顧問業；I199990 其他顧問服務業；I301020 資料處理服務業；I401010 一般廣告服務業；I501010 產品設計業；I599990 其他設計業；IG02010 研究發展服務業；IZ99990 其他工商服務業；IZ15010 市場研究及民意調查業,臺北市,變更,11506
52552664,格仲國際有限公司,臺北市中正區館前路8號7樓,謝仲城,300000,,115/06/18,特殊補正,JA05010 留、遊學服務業；JZ99050 仲介服務業；I103060 管理顧問業；F399040 無店面零售業；IZ04010 翻譯業；JZ99990 未分類其他服務業；I199990 其他顧問服務業；IZ99990 其他工商服務業；I301010 資訊軟體服務業；F109070 文教、樂器、育樂用品批發業,臺北市,變更,11506
52553919,打工趣股份有限公司,臺北市信義區松仁路168號3樓,林偉立,1000000,,115/06/16,特殊補正,CC01120 資料儲存媒體製造及複製業；F109070 文教、樂器、育樂用品批發業；F118010 資訊軟體批發業；F209060 文教、樂器、育樂用品零售業；F218010 資訊軟體零售業；F601010 智慧財產權業；I103060 管理顧問業；I301010 資訊軟體服務業；I301020 資料處理服務業；I301030 電子資訊供應服務業,臺北市,變更,11506
52558301,雲基智慧股份有限公司,臺北市內湖區基湖路14號,黃原福,717015459,,115/06/18,一般補正案,I301010 資訊軟體服務業；I301020 資料處理服務業；I301030 電子資訊供應服務業；IZ15010 市場研究及民意調查業；IZ99990 其他工商服務業；F113010 機械批發業；F113020 電器批發業；F113030 精密儀器批發業；F113050 電腦及事務性機器設備批發業；F113070 電信器材批發業,臺北市,變更,11506
52566007,關西國際船舶塗料股份有限公司,臺北市中山區松江路146號4樓之4,石田真一,3000000,,115/06/15,改派董事/監察人,F107010 漆料、塗料批發業；F207010 漆料、塗料零售業；F107170 工業助劑批發業；F207170 工業助劑零售業；F107990 其他化學製品批發業；F207990 其他化學製品零售業；E901010 油漆工程業；E903010 防蝕、防銹工程業；F401010 國際貿易業；ZZ99999 除許可業務外，得經營法令非禁止或限制之業務,臺北市,變更,11506
52579170,鈞庠科技有限公司,臺北市中山區南京東路2段150號10樓,胡家榛,2000000,,115/06/15,特殊補正,F401010 國際貿易業；I501010 產品設計業；I301030 電子資訊供應服務業；IZ99990 其他工商服務業；I103060 管理顧問業；I199990 其他顧問服務業；IG02010 研究發展服務業；I301010 資訊軟體服務業；I301020 資料處理服務業；JZ99990 未分類其他服務業,臺北市,變更,11506
52580417,檀僖珠寶有限公司,臺北市大同區重慶北路3段75號10樓,陳千盈,13000000,,115/06/29,增資,F115010 首飾及貴金屬批發業；F115020 礦石批發業；F215010 首飾及貴金屬零售業；F215020 礦石零售業；F401010 國際貿易業；F104110 布疋、衣著、鞋、帽、傘、服飾品批發業；F204110 布疋、衣著、鞋、帽、傘、服飾品零售業；F206020 日常用品零售業；F106020 日常用品批發業；F109070 文教、樂器、育樂用品批發業,臺北市,變更,11506
52583955,虹韻國際貿易股份有限公司,臺北市中正區重慶南路1段99號2樓,沈勝龍,21000000,,115/06/10,特殊補正,ZZ99999 除許可業務外，得經營法令非禁止或限制之業務；F108031 醫療器材批發業；F208031 醫療器材零售業；F401010 國際貿易業；F102170 食品什貨批發業；F104110 布疋、衣著、鞋、帽、傘、服飾品批發業；F105050 家具、寢具、廚房器具、裝設品批發業；F106010 五金批發業；F106020 日常用品批發業；F107030 清潔用品批發業,臺北市,變更,11506
52585428,邁爾史東股份有限公司,臺北市內湖區洲子街12號3樓,曹容豪,1500000,,115/06/22,改選董事/監察人(一人法人股東指派董事/監察人),F109070 文教、樂器、育樂用品批發業；F113020 電器批發業；F204110 布疋、衣著、鞋、帽、傘、服飾品零售業；F209060 文教、樂器、育樂用品零售業；F399040 無店面零售業；F401010 國際貿易業；F601010 智慧財產權業；I103060 管理顧問業；I301020 資料處理服務業；I401010 一般廣告服務業,臺北市,變更,11506
52588966,巧克科技新媒體股份有限公司,臺北市松山區民權東路三段142號15樓、15樓之1、15樓之2、15樓之3,陳立人,621699360,,115/06/23,經理人變更,F118010 資訊軟體批發業；F206020 日常用品零售業；F218010 資訊軟體零售業；F401010 國際貿易業；I301010 資訊軟體服務業；I301020 資料處理服務業；I301030 電子資訊供應服務業；I401010 一般廣告服務業；IZ13010 網路認證服務業；J503020 電視節目製作業,臺北市,變更,11506
52590034,艾恩創學國際股份有限公司,臺北市士林區福華路139號1樓,吳四賽,3000000,,115/06/18,特殊補正,J303010 雜誌（期刊）出版業；J304010 圖書出版業；J305010 有聲出版業；J802010 運動訓練業；J803010 運動表演業；JA05010 留、遊學服務業；JB01010 會議及展覽服務業；JZ99050 仲介服務業；IZ12010 人力派遣業；IZ99990 其他工商服務業,臺北市,變更,11506
52591174,木華企業股份有限公司,臺北市中山區長安東路2段88號4樓,陳翠華,60000000,,115/06/24,特殊補正,F104110 布疋、衣著、鞋、帽、傘、服飾品批發業；F105050 家具、寢具、廚房器具、裝設品批發業；F106020 日常用品批發業；F108040 化粧品批發業；F204110 布疋、衣著、鞋、帽、傘、服飾品零售業；F205040 家具、寢具、廚房器具、裝設品零售業；F206020 日常用品零售業；F208040 化粧品零售業；F208050 乙類成藥零售業；F299990 其他零售業,臺北市,變更,11506
52594171,金尚發實業有限公司,臺北市中正區新生南路1段150巷4號1樓,魏年懋,900000,,115/06/29,股東出資轉讓修正章程,F102170 食品什貨批發業；F106020 日常用品批發業；F104110 布疋、衣著、鞋、帽、傘、服飾品批發業；F102040 飲料批發業；I401010 一般廣告服務業；I501010 產品設計業；F399040 無店面零售業；ZZ99999 除許可業務外，得經營法令非禁止或限制之業務,臺北市,變更,11506
52594587,奧丁丁旅行社股份有限公司,臺北市北投區文承路26、28號6樓、26號7樓,王俊凱,7000000,,115/06/01,特殊補正,J902011 旅行業,臺北市,變更,11506
52606253,潤霖有限公司,臺北市信義區永吉路8號11樓,簡愛金,5000000,,115/06/09,特殊補正,E801010 室內裝潢業；F111090 建材批發業；F113010 機械批發業；F113020 電器批發業；F113030 精密儀器批發業；F113050 電腦及事務性機器設備批發業；F118010 資訊軟體批發業；F119010 電子材料批發業；F213010 電器零售業；F213030 電腦及事務性機器設備零售業,臺北市,變更,11506
52609815,臺灣利安德巴賽爾股份有限公司,臺北市信義區忠孝東路4段531號14樓,Timothy David Stephens,500000,,115/06/16,特殊補正,F107170 工業助劑批發業；F107200 化學原料批發業；F207170 工業助劑零售業；F207200 化學原料零售業；F401010 國際貿易業；ZZ99999 除許可業務外，得經營法令非禁止或限制之業務,臺北市,變更,11506
52610926,華強實業股份有限公司,臺北市中山區建國北路1段21號7樓,陳怡文,700000000,,115/06/29,減少所營事業變更修正章程,A102060 糧商業；C103050 罐頭、冷凍、脫水及醃漬食品製造業；C104010 糖果製造業；C104020 烘焙炊蒸食品製造業；C109010 調味品製造業；C110010 飲料製造業；C113020 酒類半成品製造業；C199010 麵條、粉條類食品製造業；C199030 即食餐食製造業；C601050 家庭及衛生用紙製造業,臺北市,變更,11506
52615529,嗯事物設計股份有限公司,臺北市大安區忠孝東路3段251巷9弄3號1樓,蔡維殷,6000000,,115/06/29,董事長印鑑變更,I501010 產品設計業；I502010 服飾設計業；F104110 布疋、衣著、鞋、帽、傘、服飾品批發業；F105050 家具、寢具、廚房器具、裝設品批發業；F106060 寵物食品及其用品批發業；F204110 布疋、衣著、鞋、帽、傘、服飾品零售業；F205040 家具、寢具、廚房器具、裝設品零售業；F115010 首飾及貴金屬批發業；F206010 五金零售業；F206020 日常用品零售業,臺北市,變更,11506
52620207,羽田日生有限公司,臺北市內湖區成功路4段223巷6弄11號1樓,雷衍星,1300000,,115/06/11,特殊補正,C305010 印染整理業；C307010 服飾品製造業；C402030 皮革、毛皮製品製造業；C501040 組合木材製造業；C501070 竹、藤製品製造業；C601990 其他紙製品製造業；C901990 其他非金屬礦物製品製造業；CA02990 其他金屬製品製造業；CG01010 珠寶及貴金屬製品製造業；CH01030 文具製造業,臺北市,變更,11506
52623886,震峰有限公司,臺北市內湖區民權東路6段11巷39號,鄭栩寬,1000000,,115/06/29,特殊補正,F106010 五金批發業；F107010 漆料、塗料批發業；F107020 染料、顏料批發業；F107190 塑膠膜、袋批發業；F107200 化學原料批發業；F114030 汽、機車零件配備批發業；F199990 其他批發業；F206010 五金零售業；F207190 塑膠膜、袋零售業；F207200 化學原料零售業,臺北市,變更,11506
52629376,納斯卡有限公司,臺北市松山區八德路2段386號9樓之11,黃敏彥,1650000,,115/06/12,特殊補正,J602010 演藝活動業；JZ99090 喜慶綜合服務業；I501010 產品設計業；I599990 其他設計業；F213080 機械器具零售業；F218010 資訊軟體零售業；I301010 資訊軟體服務業；ZZ99999 除許可業務外，得經營法令非禁止或限制之業務；I401010 一般廣告服務業；I301020 資料處理服務業,臺北市,變更,11506
52629474,維諾股份有限公司,臺北市信義區松德路161號13樓之1,,500000,,115/06/02,解散,F218010 資訊軟體零售業；F118010 資訊軟體批發業；F401010 國際貿易業；I301010 資訊軟體服務業；I301020 資料處理服務業；I301030 電子資訊供應服務業；IZ09010 管理系統驗證業；J101990 其他環境衛生及污染防治服務業；ZZ99999 除許可業務外，得經營法令非禁止或限制之業務,臺北市,變更,11506
52636480,柏孟世股份有限公司,臺北市大同區承德路1段70之1號16樓,曾柏仁,10000000,,115/06/11,補繳規費,I102010 一般投資顧問業；I103060 管理顧問業；I199990 其他顧問服務業；H201010 一般投資業；H701020 工業廠房開發租售業；H701060 新市鎮、新社區開發業；H701090 都市更新整建維護業；HZ99990 其他金融、保險及不動產業；F104110 布疋、衣著、鞋、帽、傘、服飾品批發業；F106010 五金批發業,臺北市,變更,11506
52638826,杜浦數位安全股份有限公司,臺北市松山區光復北路11巷46號15樓,蔡松廷,84613020,,115/06/18,特殊補正,E605010 電腦設備安裝業；F118010 資訊軟體批發業；F213030 電腦及事務性機器設備零售業；F218010 資訊軟體零售業；F399040 無店面零售業；F401010 國際貿易業；F601010 智慧財產權業；I103060 管理顧問業；I301010 資訊軟體服務業；I301020 資料處理服務業,臺北市,變更,11506
52648063,合流科技股份有限公司,臺北市內湖區潭美街535號10樓,黃啟誠,20000000,,115/06/10,改選董事/監察人(一人法人股東指派董事/監察人),C701010 印刷業；C702010 製版業；C703010 印刷品裝訂及加工業；E605010 電腦設備安裝業；F113050 電腦及事務性機器設備批發業；F118010 資訊軟體批發業；F218010 資訊軟體零售業；F399040 無店面零售業；F401010 國際貿易業；F601010 智慧財產權業,臺北市,變更,11506
52665323,寶正虹投資有限公司,臺北市大安區和平東路3段100號2樓,張雪虹,5000000,,115/06/29,特殊補正,H201010 一般投資業；ZZ99999 除許可業務外，得經營法令非禁止或限制之業務,臺北市,變更,11506
52667238,大和田有限公司,臺北市大安區忠孝東路4段148號4樓之3,李壬軒,2000000,,115/06/15,改推董事/董事長,JZ99050 仲介服務業；JE01010 租賃業；H701010 住宅及大樓開發租售業；H701020 工業廠房開發租售業；H701050 投資興建公共建設業；H701060 新市鎮、新社區開發業；H701090 都市更新整建維護業；H703090 不動產買賣業；H703100 不動產租賃業；I102010 投資顧問業,臺北市,變更,11506
52667589,微康電子商務股份有限公司,臺北市南港區市民大道8段207號4樓,劉湘萍,2770000,,115/06/10,公司所在地,F102040 飲料批發業；F102050 茶葉批發業；F102170 食品什貨批發業；F104110 布疋、衣著、鞋、帽、傘、服飾品批發業；F105050 家具、寢具、廚房器具、裝設品批發業；F106010 五金批發業；F106020 日常用品批發業；F107030 清潔用品批發業；F108040 化粧品批發業；F109070 文教、樂器、育樂用品批發業,臺北市,變更,11506
52673891,小東西來了股份有限公司,臺北市松山區南京東路4段1號11樓,蕭如涵,3500000,,115/06/12,改選董事/監察人(一人法人股東指派董事/監察人),I103060 管理顧問業；I301010 資訊軟體服務業；I301020 資料處理服務業；I301030 電子資訊供應服務業；I401010 一般廣告服務業；I501010 產品設計業；F401010 國際貿易業；JB01010 會議及展覽服務業；F601010 智慧財產權業；J602010 演藝活動業,臺北市,變更,11506
52678798,台灣富士高分子工業股份有限公司,臺北市中山區天祥路59號7樓,"麥永揚(Mak Wing Yeung,Kenneth)",10000000,,115/06/15,特殊補正,F107990 其他化學製品批發業；F207990 其他化學製品零售業；C801060 合成橡膠製造業；C801100 合成樹脂及塑膠製造業；C805070 強化塑膠製品製造業；F213080 機械器具零售業；F401010 國際貿易業；ZZ99999 除許可業務外，得經營法令非禁止或限制之業務,臺北市,變更,11506
52682110,諾金科技股份有限公司,臺北市中山區中山北路3段26號8樓,鄧宇辰,1000000,,115/06/05,公司印鑑變更,F113050 電腦及事務性機器設備批發業；F213030 電腦及事務性機器設備零售業；F118010 資訊軟體批發業；F218010 資訊軟體零售業；F113020 電器批發業；F213010 電器零售業；F113070 電信器材批發業；F213060 電信器材零售業；F115010 首飾及貴金屬批發業；F215010 首飾及貴金屬零售業,臺北市,變更,11506
52687620,明基健康生活股份有限公司,臺北市內湖區洲子街48號7樓,楊宏培,100000000,,115/06/08,特殊補正,F108031 醫療器材批發業；F208031 醫療器材零售業；F113030 精密儀器批發業；F213040 精密儀器零售業；F119010 電子材料批發業；F219010 電子材料零售業；EZ05010 儀器、儀表安裝工程業；F401010 國際貿易業；I103060 管理顧問業；E605010 電腦設備安裝業,臺北市,變更,11506
52691363,威爾斯物業開發股份有限公司,臺北市中山區樂群二路267號8樓之9,黃清水,3010000000,,115/06/04,修正章程,I102010 一般投資顧問業；I103060 管理顧問業；H703090 不動產買賣業；H703100 不動產租賃業；H701010 住宅及大樓開發租售業；H701060 新市鎮、新社區開發業；H701090 都市更新整建維護業；H701020 工業廠房開發租售業；J901020 一般旅館業；F401010 國際貿易業,臺北市,變更,11506
52696711,中庸資本有限公司,臺北市內湖區瑞光路607號4樓,張逸修,6793100,,115/06/24,特殊補正,I102010 投資顧問業；JB01010 會議及展覽服務業,臺北市,變更,11506
52699999,新睿升投資有限公司,臺北市中正區八德路1段46號9樓,林許美玲,1000000,,115/06/26,特殊補正,H201010 一般投資業；H701010 住宅及大樓開發租售業；H701050 投資興建公共建設業；H701060 新市鎮、新社區開發業；H701070 區段徵收及市地重劃代辦業；H701090 都市更新整建維護業；H703090 不動產買賣業；H703100 不動產租賃業；HZ02010 金融機構金錢債權收買業務；I401010 一般廣告服務業,臺北市,變更,11506
52705964,富邦閩投創業投資股份有限公司,臺北市大安區敦化南路1段111號9樓,郭永宜,200000000,,115/06/16,特殊補正,H202010 創業投資業(限中華民國行業標準分類6499未分類其他金融中介業中之創業投資公司),臺北市,變更,11506
52708569,泰勇股份有限公司,臺北市大同區甘谷街35號9樓,何志峯,13260000,,115/06/11,改選董事/監察人(一人法人股東指派董事/監察人),C306010 成衣業；C307010 服飾品製造業；C399990 其他紡織及製品製造業；CJ01010 製帽業；CM01010 箱、包、袋製造業；CH01010 體育用品製造業；F401010 國際貿易業；F104110 布疋、衣著、鞋、帽、傘、服飾品批發業；F204110 布疋、衣著、鞋、帽、傘、服飾品零售業；I501010 產品設計業,臺北市,變更,11506
52709700,興通投資股份有限公司,臺北市松山區八德路2段374號9樓之2,侯牧村,10000000,,115/06/29,特殊補正,H201010 一般投資業,臺北市,變更,11506
52710447,立如投資有限公司,臺北市中正區杭州北路26號12樓之1,楊立偉,1000000,,115/06/22,特殊補正,H201010 一般投資業；I103060 管理顧問業；ZZ99999 除許可業務外，得經營法令非禁止或限制之業務,臺北市,變更,11506
52711564,愛上大數據股份有限公司,臺北市松山區復興南路1段27號7樓,吳榮和,40000000,,115/06/23,特殊補正,F102170 食品什貨批發業；F113050 電腦及事務性機器設備批發業；F113070 電信器材批發業；F118010 資訊軟體批發業；F119010 電子材料批發業；F201010 農產品零售業；F201020 畜產品零售業；F201050 漁具零售業；F201070 花卉零售業；F201090 觀賞魚零售業,臺北市,變更,11506
52712846,冠諠電子有限公司,臺北市大同區延平北路1段102號10樓,陳玉麟,450000,,115/06/12,公司所在地,F119010 電子材料批發業；F219010 電子材料零售業；F401010 國際貿易業；F113020 電器批發業；F213010 電器零售業；F113050 電腦及事務性機器設備批發業；F213030 電腦及事務性機器設備零售業；F118010 資訊軟體批發業；F218010 資訊軟體零售業；I301010 資訊軟體服務業,臺北市,變更,11506
52723288,恩騰投資股份有限公司,臺北市中山區南京東路2段111號11樓,陳瓊讚,80074500,,115/06/15,特殊補正,H201010 一般投資業,臺北市,變更,11506
52750257,達觀開發投資有限公司,臺北市中正區八德路1段46號9樓,林許美玲,1000000,,115/06/12,公司所在地,H201010 一般投資業；H701010 住宅及大樓開發租售業；H701050 投資興建公共建設業；H701060 新市鎮、新社區開發業；H701070 區段徵收及市地重劃代辦業；H701090 都市更新整建維護業；H703090 不動產買賣業；H703100 不動產租賃業；HZ02010 金融機構金錢債權收買業務；I401010 一般廣告服務業,臺北市,變更,11506
52762541,豐蠅生物科技股份有限公司,臺北市士林區中正路305巷16號5樓,蔡怡蓁,1117875,,115/06/18,特殊補正,F107190 塑膠膜、袋批發業；F213040 精密儀器零售業；F401010 國際貿易業；F601010 智慧財產權業；I301010 資訊軟體服務業；I301020 資料處理服務業；I301030 電子資訊供應服務業；I501010 產品設計業；IG01010 生物技術服務業；ZZ99999 除許可業務外，得經營法令非禁止或限制之業務,臺北市,變更,11506
52780294,里德沛數位有限公司,臺北市松山區南京東路3段258號10樓,廖駿瑋,500000,,115/06/25,特殊補正,F103010 飼料批發業；F202010 飼料零售業；F106020 日常用品批發業；F206020 日常用品零售業；F106060 寵物食品及其用品批發業；F206050 寵物食品及其用品零售業；F107030 清潔用品批發業；F207030 清潔用品零售業；F203010 食品什貨、飲料零售業；F102170 食品什貨批發業,臺北市,變更,11506
52793093,映暉能源有限公司,臺北市松山區光復北路11巷35號6樓,寶島陽光再生能源股份有限公司,117357500,,115/06/22,公司所在地,D101011 發電業,臺北市,變更,11506
52797008,惠工實業有限公司,臺北市中山區南京東路3段101號4樓,周秀玲,1000000,,115/06/18,公司所在地,I103060 管理顧問業；I199990 其他顧問服務業；EZ99990 其他工程業；E603050 自動控制設備工程業；E603020 電梯安裝工程業；E603040 消防安全設備安裝工程業；E603080 交通號誌安裝工程業；E603090 照明設備安裝工程業；E801010 室內裝潢業；EZ06010 交通標示工程業,臺北市,變更,11506
52803070,台灣生資科技股份有限公司,臺北市內湖區新湖二路158號5樓,范滋庭,161983330,,115/06/18,特殊補正,F102170 食品什貨批發業；F107200 化學原料批發業；F107990 其他化學製品批發業；F108021 西藥批發業；F203010 食品什貨、飲料零售業；F207200 化學原料零售業；F207990 其他化學製品零售業；F208021 西藥零售業；F401010 國際貿易業；I101090 食品顧問業,臺北市,變更,11506
52806323,寬衍室內裝修設計股份有限公司,臺北市中正區杭州南路1段35號2樓之3,王思敏,5000000,,115/06/01,補繳規費,E801010 室內裝潢業；E801060 室內裝修業；E801070 廚具、衛浴設備安裝工程業；E901010 油漆工程業；F105050 家具、寢具、廚房器具、裝設品批發業；F106010 五金批發業；F106020 日常用品批發業；F106050 陶瓷玻璃器皿批發業；F107010 漆料、塗料批發業；F111090 建材批發業,臺北市,變更,11506
52807147,齊磬有限公司,臺北市松山區民生東路5段69巷21弄13號,鄭傑仁,2000000,,115/06/29,股東出資轉讓修正章程,F113010 機械批發業；F401010 國際貿易業；F601010 智慧財產權業；H201010 一般投資業；I501010 產品設計業；ZZ99999 除許可業務外，得經營法令非禁止或限制之業務,臺北市,變更,11506
52818279,焦點會議科技有限公司,臺北市中山區松江路76號9樓,張惠喻,29000000,,115/06/23,特殊補正,F118010 資訊軟體批發業；F218010 資訊軟體零售業；F401010 國際貿易業；I103060 管理顧問業；I199990 其他顧問服務業；I301010 資訊軟體服務業；I301020 資料處理服務業；I301030 電子資訊供應服務業；IZ12010 人力派遣業；IZ13010 網路認證服務業,臺北市,變更,11506
52823385,易得汽車股份有限公司,臺北市中正區博愛路222號5樓,吳葉玉霞,25000000,,115/06/10,改選董事/監察人(一人法人股東指派董事/監察人),G101061 汽車貨運業；G801010 倉儲業；G405010 貨櫃出租業；IZ06010 理貨包裝業；G702010 船舶勞務承攬業；G409030 工業專用港或工業專用碼頭船舶理貨業；G409050 工業專用港或工業專用碼頭船舶貨物裝卸承攬業；J101030 廢棄物清除業；EZ02010 起重工程業；IZ12010 人力派遣業,臺北市,變更,11506
52858715,街口網路金融科技股份有限公司,臺北市松山區長安東路二段225號4樓,胡亦嘉,1400000000,,115/06/04,補選董事(常務董事.董事長)/監察人,I301010 資訊軟體服務業；I301020 資料處理服務業；I301030 電子資訊供應服務業；I301040 第三方支付服務業；H201010 一般投資業；H202010 創業投資業；HZ99990 其他金融、保險及不動產業；ZZ99999 除許可業務外，得經營法令非禁止或限制之業務,臺北市,變更,11506
52860389,玉兔數位股份有限公司,臺北市大安區敦化南路2段76號24樓,朱勁宇,20563580,,115/06/26,補繳規費,I103060 管理顧問業；I301010 資訊軟體服務業；I301020 資料處理服務業；I301030 電子資訊供應服務業；I401010 一般廣告服務業；I501010 產品設計業；CC01120 資料儲存媒體製造及複製業；F218010 資訊軟體零售業；F299990 其他零售業；F399040 無店面零售業,臺北市,變更,11506
52863132,赤壤葡萄酒有限公司,臺北市大安區忠孝東路4段290號10樓,鄭伯陶,10000000,,115/06/22,特殊補正,F102030 菸酒批發業；F102040 飲料批發業；F102170 食品什貨批發業；F203010 食品什貨、飲料零售業；F203020 菸酒零售業；F399040 無店面零售業；F401010 國際貿易業；F401171 酒類輸入業；ZZ99999 除許可業務外，得經營法令非禁止或限制之業務,臺北市,變更,11506
52868609,弄碼科技有限公司,臺北市大安區忠孝東路4段183號13樓之2,鄒欣文,1000000,,115/06/02,公司所在地,F113050 電腦及事務性機器設備批發業；F118010 資訊軟體批發業；F119010 電子材料批發業；F213030 電腦及事務性機器設備零售業；F218010 資訊軟體零售業；F219010 電子材料零售業；F401010 國際貿易業；I103060 管理顧問業；I199990 其他顧問服務業；I301010 資訊軟體服務業,臺北市,變更,11506
52872168,跨界塗鴉國際有限公司,臺北市松山區民生東路3段156號9樓,韓琤,300000,,115/06/26,特殊補正,E801010 室內裝潢業；F401010 國際貿易業；H201010 一般投資業；I103060 管理顧問業；I199990 其他顧問服務業；I301010 資訊軟體服務業；I301020 資料處理服務業；I301030 電子資訊供應服務業；I301050 實境體感應用服務業；I401010 一般廣告服務業,臺北市,變更,11506
52874882,益佑貿易有限公司,臺北市中山區龍江路412巷35號1樓,謝佳宏,5000000,,115/06/25,公司所在地,F401161 菸類輸入業；F401171 酒類輸入業；F102030 菸酒批發業；F102040 飲料批發業；F102050 茶葉批發業；F102170 食品什貨批發業；F104110 布疋、衣著、鞋、帽、傘、服飾品批發業；F105050 家具、寢具、廚房器具、裝設品批發業；F106010 五金批發業；F106020 日常用品批發業,臺北市,變更,11506
52878064,傑皇兆鑽股份有限公司,臺北市松山區復興北路181號2樓之3,黃智群,11000000,,115/06/05,特殊補正,H201010 一般投資業；H202010 創業投資業；I102010 投資顧問業；I103060 管理顧問業；ZZ99999 除許可業務外，得經營法令非禁止或限制之業務,臺北市,變更,11506
52880478,亦果投資有限公司,臺北市內湖區民權東路6段180巷6號11樓之22,陳健鴻,5000000,,115/06/15,增資,I102010 一般投資顧問業；I103060 管理顧問業；H201010 一般投資業；ZZ99999 除許可業務外，得經營法令非禁止或限制之業務,臺北市,變更,11506
52883025,壹玖捌柒國際貿易有限公司,臺北市信義區基隆路1段432號7樓之1,王逸瑾,100000,,115/06/22,特殊補正,F204110 布疋、衣著、鞋、帽、傘、服飾品零售業；F205040 家具、寢具、廚房器具、裝設品零售業；F206010 五金零售業；F206020 日常用品零售業；F208040 化粧品零售業；F215010 首飾及貴金屬零售業；F301010 百貨公司業；F399040 無店面零售業；F399990 其他綜合零售業；F401010 國際貿易業,臺北市,變更,11506
52884903,高泰工程顧問有限公司,臺北市大安區忠孝東路4段319號11樓,黃朝勇,8000000,,115/06/03,股東出資轉讓修正章程,I101061 工程技術顧問業；I103060 管理顧問業；I199990 其他顧問服務業；I503010 景觀、室內設計業；IZ12010 人力派遣業；J101060 廢（污）水處理業；J101990 其他環境衛生及污染防治服務業；H701010 住宅及大樓開發租售業；H701020 工業廠房開發租售業；H701050 投資興建公共建設業,臺北市,變更,11506
52887970,豐旗有限公司,臺北市中山區復興北路2號11樓之8,周珠瑛,2000000,,115/06/15,公司所在地,F104110 布疋、衣著、鞋、帽、傘、服飾品批發業；F105050 家具、寢具、廚房器具、裝設品批發業；F106020 日常用品批發業；F401010 國際貿易業；I103060 管理顧問業；I199990 其他顧問服務業；ZZ99999 除許可業務外，得經營法令非禁止或限制之業務,臺北市,變更,11506
52890193,鉅恒利工程有限公司,臺北市中山區長安東路2段67號8樓,陳育慈,3000000,,115/06/11,股東出資轉讓修正章程,E801010 室內裝潢業；E599010 配管工程業；E601010 電器承裝業；E801020 門窗安裝工程業；E801030 室內輕鋼架工程業；E801040 玻璃安裝工程業；E903010 防蝕、防銹工程業；E901010 油漆工程業；E801070 廚具、衛浴設備安裝工程業；F111090 建材批發業,臺北市,變更,11506
52902819,菜蟲農食股份有限公司,臺北市松山區南京東路5段34號3樓,李昱德,252030000,,115/06/08,特殊補正,A102020 農產品整理業；A102060 糧商業；A102080 園藝服務業；F101050 水產品批發業；F101130 蔬果批發業；F201010 農產品零售業；F201020 畜產品零售業；F201030 水產品零售業；F203010 食品什貨、飲料零售業；I101070 農、林、漁、畜牧顧問業,臺北市,變更,11506
52918609,安潔艾森有限公司,臺北市松山區復興北路57號2樓之1,王潔,2000000,,115/06/11,公司所在地,F106010 五金批發業；F206010 五金零售業；F401010 國際貿易業；ZZ99999 除許可業務外，得經營法令非禁止或限制之業務,臺北市,變更,11506
52918967,徐氏不動產有限公司,臺北市萬華區長沙街2段132號,王政仁,1000000,,115/06/03,股東出資轉讓修正章程,H704031 不動產仲介經紀業；H704041 不動產代銷經紀業；H703090 不動產買賣業；H703100 不動產租賃業；H701010 住宅及大樓開發租售業；H701020 工業廠房開發租售業；H701060 新市鎮、新社區開發業；H701070 區段徵收及市地重劃代辦業；H701090 都市更新整建維護業；H702010 建築經理業,臺北市,變更,11506
52921153,禾青國際有限公司,臺北市中山區中山北路1段92號2樓之1,蔡青宏,5000000,,115/06/03,特殊補正,F109070 文教、樂器、育樂用品批發業；F113010 機械批發業；F113020 電器批發業；F113030 精密儀器批發業；F113050 電腦及事務性機器設備批發業；F113070 電信器材批發業；F110010 鐘錶批發業；F118010 資訊軟體批發業；F119010 電子材料批發業；F108031 醫療器材批發業,臺北市,變更,11506
52923878,承馨生技股份有限公司,臺北市信義區忠孝東路5段1之3號14樓,王俊明,30000000,,115/06/02,特殊補正,F102170 食品什貨批發業；F104110 布疋、衣著、鞋、帽、傘、服飾品批發業；F105050 家具、寢具、廚房器具、裝設品批發業；F106020 日常用品批發業；F108040 化粧品批發業；F109070 文教、樂器、育樂用品批發業；F113030 精密儀器批發業；F203010 食品什貨、飲料零售業；F204110 布疋、衣著、鞋、帽、傘、服飾品零售業；F205040 家具、寢具、廚房器具、裝設品零售業,臺北市,變更,11506
52931949,宸禾開發有限公司,臺北市南港區忠孝東路7段589號4樓,陳嘉文,2000000,,115/06/11,特殊補正,H201010 一般投資業；H202010 創業投資業；H701010 住宅及大樓開發租售業；H701020 工業廠房開發租售業；H701050 投資興建公共建設業；H701060 新市鎮、新社區開發業；H701070 區段徵收及市地重劃代辦業；H701090 都市更新整建維護業；H702010 建築經理業；H703090 不動產買賣業,臺北市,變更,11506
52936711,相遇想寓有限公司,臺北市士林區福志路103號1樓,呂仁傑,6000000,,115/06/03,增資,I501010 產品設計業；I503010 景觀、室內設計業；I401010 一般廣告服務業；I401020 廣告傳單分送業；F401010 國際貿易業；J601010 藝文服務業；J602010 演藝活動業；J603010 音樂展演空間業；JB01010 會議及展覽服務業；J304010 圖書出版業,臺北市,變更,11506
52937248,春樹美容國際有限公司,臺北市中正區衡陽路10號7樓,,1100000,,115/06/23,解散,JF01020 按摩業；JF01030 腳底按摩業；JZ99110 瘦身美容業；I102010 投資顧問業；I103060 管理顧問業；JZ99050 仲介服務業；I199990 其他顧問服務業；ZZ99999 除許可業務外，得經營法令非禁止或限制之業務,臺北市,變更,11506
52939365,苑麗生技有限公司,臺北市文山區羅斯褔路6段236號,張靜宜,100000,,115/06/24,股東出資轉讓修正章程,F102170 食品什貨批發業；F108040 化粧品批發業；F121010 食品添加物批發業；F203010 食品什貨、飲料零售業；F208040 化粧品零售業；F221010 食品添加物零售業；F299990 其他零售業；F399040 無店面零售業；F399990 其他綜合零售業；F401010 國際貿易業,臺北市,變更,11506
52945845,統英國際物流股份有限公司,臺北市內湖區安美街181號5樓,蔡松照,30000000,,115/06/15,改選董事/監察人(一人法人股東指派董事/監察人),EZ02010 起重工程業；F102020 食用油脂批發業；F102040 飲料批發業；F102170 食品什貨批發業；F105050 家具、寢具、廚房器具、裝設品批發業；F106020 日常用品批發業；F106040 水器材料批發業；F107030 清潔用品批發業；F108040 化粧品批發業；F109070 文教、樂器、育樂用品批發業,臺北市,變更,11506
53000633,台聚光電股份有限公司,臺北市內湖區西湖里基湖路37號12樓,吳亦圭,649017360,,115/06/22,董事/監察人地址變更,CC01080 電子零組件製造業；CB01010 機械設備製造業；CC01010 發電、輸電、配電機械製造業；CC01990 其他電機及電子機械器材製造業；F401010 國際貿易業；ZZ99999 除許可業務外，得經營法令非禁止或限制之業務,臺北市,變更,11506
53007045,香港商太古糖業有限公司,臺北市松山區南京東路4段1號11樓,COGMAN DAVID PETER,100000,,115/06/16,一般補正案,F102170 食品什貨批發業；F203010 食品什貨、飲料零售業；F401010 國際貿易業；ZZ99999 除許可業務外，得經營法令非禁止或限制之業務,臺北市,變更,11506
53010098,霖紀實業股份有限公司,臺北市大安區仁愛路4段296號27樓,李麗玲,854000000,,115/06/01,改選董事/監察人(一人法人股東指派董事/監察人),H703090 不動產買賣業；H703100 不動產租賃業；H701010 住宅及大樓開發租售業；I103060 管理顧問業；I301020 資料處理服務業；F106020 日常用品批發業；F111090 建材批發業；ZZ99999 除許可業務外，得經營法令非禁止或限制之業務,臺北市,變更,11506
53011168,英屬蓋曼群島商合富醫療器材股份有限公司,臺北市大安區敦化南路二段76號23樓,王瓊芝,136000000,,115/06/25,本公司董事及其他負責人變更,C801030 精密化學材料製造業；CE01010 一般儀器製造業；F107200 化學原料批發業；F107990 其他化學製品批發業；F108031 醫療器材批發業；F108040 化粧品批發業；F109070 文教、樂器、育樂用品批發業；F113030 精密儀器批發業；F118010 資訊軟體批發業；F207200 化學原料零售業,臺北市,變更,11506
53018113,瑞士商愛科國際有限公司,臺北市信義區西村里信義路5段7號57樓之1,白若杰,0,,115/06/04,辦事處所在地變更,,臺北市,變更,11506
53021877,智元創業投資股份有限公司,臺北市松山區復興北路369號7樓之6,張秋煌,241000000,,115/06/02,特殊補正,H202010 創業投資業,臺北市,變更,11506
53025584,香港商TRITON有限公司,臺北市松山區民生東路3段132號8樓,溫少安,0,,115/06/16,辦事處所在地變更,,臺北市,變更,11506
53085386,米樂士娛樂股份有限公司,臺北市信義區忠孝東路5段1之3號7樓,方文良,5500000,,115/06/17,改選董事/監察人(一人法人股東指派董事/監察人),J304010 圖書出版業；J305010 有聲出版業；J601010 藝文服務業；J602010 演藝活動業；F109070 文教、樂器、育樂用品批發業；F209060 文教、樂器、育樂用品零售業；F401010 國際貿易業；F601010 智慧財產權業；ZZ99999 除許可業務外，得經營法令非禁止或限制之業務,臺北市,變更,11506
53087666,東巨生物科技股份有限公司,臺北市大同區延平北路4段51號1樓,林東龍,100000000,,115/06/01,公司印鑑變更,I102010 一般投資顧問業；I103060 管理顧問業；IG01010 生物技術服務業；IG02010 研究發展服務業；F102040 飲料批發業；F102170 食品什貨批發業；F108040 化粧品批發業；F203010 食品什貨、飲料零售業；F208040 化粧品零售業；F401010 國際貿易業,臺北市,變更,11506
53087912,語岳股份有限公司,臺北市信義區松智路1號24樓,焦佑衡,5000000,,115/06/11,改選董事/監察人(一人法人股東指派董事/監察人),H703090 不動產買賣業；H703100 不動產租賃業；ZZ99999 除許可業務外，得經營法令非禁止或限制之業務；H201010 一般投資業,臺北市,變更,11506
53088270,台灣星崎股份有限公司,臺北市大安區敦化南路1段337號5樓,高木克明,170000000,,115/06/16,改派董事/監察人,F105050 家具、寢具、廚房器具、裝設品批發業；F107030 清潔用品批發業；F113010 機械批發業；F113020 電器批發業；F113990 其他機械器具批發業；F205040 家具、寢具、廚房器具、裝設品零售業；F207030 清潔用品零售業；F213010 電器零售業；F213080 機械器具零售業；F213990 其他機械器具零售業,臺北市,變更,11506
53088356,可立可設計有限公司,臺北市內湖區內湖路1段91巷12弄11號,陳澍宇,300000,,115/06/11,公司所在地,I301010 資訊軟體服務業；I301020 資料處理服務業；I301030 電子資訊供應服務業；I401010 一般廣告服務業；I401020 廣告傳單分送業；I501010 產品設計業；I502010 服飾設計業；I503010 景觀設計業；I504010 花藝設計業；I599990 其他設計業,臺北市,變更,11506
53089762,全家國際餐飲股份有限公司,臺北市中山區中山北路2段61號3樓,吳勝福,255000000,,115/06/15,特殊補正,A102020 農產品加工業；A102060 糧商業；C104020 烘焙炊蒸食品製造業；F201010 農產品零售業；F201020 畜產品零售業；F201030 水產品零售業；F203010 食品什貨、飲料零售業；F204110 布疋、衣著、鞋、帽、傘、服飾品零售業；F206020 日常用品零售業；F301020 超級市場業,臺北市,變更,11506
53089904,來頡科技股份有限公司,臺北市內湖區瑞光路358巷38弄36號9樓,林郁昕,436521930,,115/06/04,特殊補正,CC01080 電子零組件製造業；F119010 電子材料批發業；F219010 電子材料零售業；F401010 國際貿易業；F601010 智慧財產權業；I301010 資訊軟體服務業；I501010 產品設計業；JA02010 電器及電子產品修理業；ZZ99999 除許可業務外，得經營法令非禁止或限制之業務,臺北市,變更,11506
53090135,世良澤投資股份有限公司,臺北市大安區市民大道4段100號5樓,徐煒慈,420000000,,115/06/24,董事/監察人地址變更,H201010 一般投資業,臺北市,變更,11506
53091900,復盛應用科技股份有限公司,臺北市中山區南京東路二段172號3樓,江慶生,1393869730,,115/06/11,改選董事/監察人(一人法人股東指派董事/監察人),C804020 工業用橡膠製品製造業；C805050 工業用塑膠製品製造業；C805070 強化塑膠製品製造業；CA01030 鋼鐵鑄造業；CA01090 鋁鑄造業；CA01100 鋁材軋延、伸線、擠型業；CA01150 鎂鑄造業；CA01990 其他非鐵金屬基本工業；CA02030 螺絲、螺帽、螺絲釘、及鉚釘等製品製造業；CA02080 金屬鍛造業,臺北市,變更,11506
53092632,歐簿客科技股份有限公司,臺北市北投區文承路26、28號8樓、26、28號9樓,王俊凱,100000000,,115/06/24,特殊補正,I103060 管理顧問業；I301010 資訊軟體服務業；I301020 資料處理服務業；I301030 電子資訊供應服務業；I401010 一般廣告服務業；I501010 產品設計業；F113050 電腦及事務性機器設備批發業；F118010 資訊軟體批發業；F401010 國際貿易業；IZ13010 網路認證服務業,臺北市,變更,11506
53093442,聚揚興業股份有限公司,臺北市士林區承德路4段192之2號1樓,張國政,100000,,115/06/29,特殊補正,F101050 水產品批發業；F101130 蔬果批發業；F102170 食品什貨批發業；F119010 電子材料批發業；F401010 國際貿易業；H703090 不動產買賣業；H703100 不動產租賃業；I301010 資訊軟體服務業；I301020 資料處理服務業；I301030 電子資訊供應服務業,臺北市,變更,11506
53093941,紹升企業有限公司,臺北市大同區民權西路136號13樓之11,張博榮,1000000,,115/06/24,補繳規費,F102170 食品什貨批發業；F108031 醫療器材批發業；F108040 化粧品批發業；F110020 眼鏡批發業；F113010 機械批發業；F113030 精密儀器批發業；F113050 電腦及事務性機器設備批發業；F203010 食品什貨、飲料零售業；F208031 醫療器材零售業；F208040 化粧品零售業,臺北市,變更,11506
53097221,光合開發建築股份有限公司,臺北市松山區敦化南路1段102號11樓之1,柴世強,43000000,,115/06/03,補繳規費,H701010 住宅及大樓開發租售業；H701020 工業廠房開發租售業；H701040 特定專業區開發業；H701050 投資興建公共建設業；H701060 新市鎮、新社區開發業；H701070 區段徵收及市地重劃代辦業；H701080 都市更新重建業；H701090 都市更新整建維護業；H703090 不動產買賣業；H703100 不動產租賃業,臺北市,變更,11506
53099298,世展建設股份有限公司,臺北市松山區基隆路1段38號11樓,陳正義,100000000,,115/06/04,改選董事/監察人(一人法人股東指派董事/監察人),H701010 住宅及大樓開發租售業；H701020 工業廠房開發租售業；H701050 投資興建公共建設業；H703100 不動產租賃業；E801010 室內裝潢業；G202010 停車場經營業；J901020 一般旅館業；H701080 都市更新重建業；H701090 都市更新整建維護業；ZZ99999 除許可業務外，得經營法令非禁止或限制之業務,臺北市,變更,11506
53099380,雍勛生醫股份有限公司,臺北市大安區忠孝東路4段2號6樓之3,柯金鋒,11000000,,115/06/02,特殊補正,JZ99080 美容美髮服務業；JZ99110 瘦身美容業；F113050 電腦及事務性機器設備批發業；F213030 電腦及事務性機器設備零售業；F118010 資訊軟體批發業；F218010 資訊軟體零售業；F119010 電子材料批發業；F219010 電子材料零售業；F102040 飲料批發業；F109070 文教、樂器、育樂用品批發業,臺北市,變更,11506
53102625,亞範股份有限公司,臺北市中山區大直街67巷41號1樓,莊尚文,30000000,,115/06/23,公司印鑑變更,E801010 室內裝潢業；F111090 建材批發業；F211010 建材零售業；H701050 投資興建公共建設業；H701060 新市鎮、新社區開發業；H701080 都市更新重建業；H701090 都市更新整建維護業；H702010 建築經理業；H703090 不動產買賣業；H703100 不動產租賃業,臺北市,變更,11506
53103883,藝之美有限公司,臺北市松山區八德路3段20號11樓之1,許樊曼儂,1000000,,115/06/01,特殊補正,F102040 飲料批發業；F104110 布疋、衣著、鞋、帽、傘、服飾品批發業；F106020 日常用品批發業；F109070 文教、樂器、育樂用品批發業；F113010 機械批發業；F113020 電器批發業；F113030 精密儀器批發業；F116010 照相器材批發業；F203010 食品什貨、飲料零售業；F204110 布疋、衣著、鞋、帽、傘、服飾品零售業,臺北市,變更,11506
53107282,承諠國際室內裝修設計有限公司,臺北市信義區基隆路2段189號12樓之3,賴宇宣,10000000,,115/06/26,特殊補正,E801060 室內裝修業；E801010 室內裝潢業；E601020 電器安裝業；E603050 自動控制設備工程業；I503010 景觀、室內設計業；E599010 配管工程業；E601010 電器承裝業；E603040 消防安全設備安裝工程業；E603090 照明設備安裝工程業；E605010 電腦設備安裝業,臺北市,變更,11506
53108206,上研室內裝修設計有限公司,臺北市中山區建國北路2段147號8樓,阮家祺,38000000,,115/06/30,股東出資轉讓修正章程,E801010 室內裝潢業；E801020 門窗安裝工程業；E801030 室內輕鋼架工程業；E801040 玻璃安裝工程業；E801070 廚具、衛浴設備安裝工程業；E901010 油漆工程業；E903010 防蝕、防銹工程業；F105050 家具、寢具、廚房器具、裝設品批發業；F106020 日常用品批發業；F106040 水器材料批發業,臺北市,變更,11506
53108732,流線傳媒股份有限公司,臺北市大安區光復南路102號14樓,莊惠婷,52000000,,115/06/18,改選董事/監察人(一人法人股東指派董事/監察人),I301010 資訊軟體服務業；I301020 資料處理服務業；I301030 電子資訊供應服務業；I401010 一般廣告服務業；I199990 其他顧問服務業；J202010 產業育成業；J304010 圖書出版業；J305010 有聲出版業；J399010 軟體出版業；J399990 其他出版業,臺北市,變更,11506
53108888,緹耀貿易有限公司,臺北市大同區西寧北路62之5號3樓之1,谷崙之,3000000,,115/06/09,公司所在地,C301010 紡紗業；C302010 織布業；F104110 布疋、衣著、鞋、帽、傘、服飾品批發業；F204110 布疋、衣著、鞋、帽、傘、服飾品零售業；F401010 國際貿易業；ZZ99999 除許可業務外，得經營法令非禁止或限制之業務,臺北市,變更,11506
53108944,品泓貿易有限公司,臺北市大同區迪化街1段317號,陳彥龍,2000000,,115/06/15,改推董事/董事長,F101040 家畜家禽批發業；F101050 水產品批發業；F101130 蔬果批發業；F102030 菸酒批發業；F102170 食品什貨批發業；F104110 布疋、衣著、鞋、帽、傘、服飾品批發業；F105050 家具、寢具、廚房器具、裝設品批發業；F106020 日常用品批發業；F108040 化粧品批發業；F109070 文教、樂器、育樂用品批發業,臺北市,變更,11506
53111390,川崎何榮股份有限公司,臺北市萬華區漢口街2段103號10樓,何倪欣,4000000,,115/06/11,特殊補正,F111090 建材批發業；F113010 機械批發業；F211010 建材零售業；F213080 機械器具零售業；F401010 國際貿易業；E604010 機械安裝業；ZZ99999 除許可業務外，得經營法令非禁止或限制之業務,臺北市,變更,11506
53112671,軟實力科技股份有限公司,臺北市內湖區內湖路1段88號4樓,李正星,10000000,,115/06/10,特殊補正,CB01020 事務機器製造業；CC01030 電器及視聽電子產品製造業；CC01040 照明設備製造業；CC01080 電子零組件製造業；CC01110 電腦及其週邊設備製造業；F113020 電器批發業；F113030 精密儀器批發業；F113050 電腦及事務性機器設備批發業；F113070 電信器材批發業；F118010 資訊軟體批發業,臺北市,變更,11506
53113019,專住廣告股份有限公司,臺北市大安區忠孝東路4段166號6樓之1,張瀛珠,25000000,,115/06/04,特殊補正,I401010 一般廣告服務業；E801010 室內裝潢業；F401010 國際貿易業；H704031 不動產仲介經紀業；H704041 不動產代銷經紀業；ZZ99999 除許可業務外，得經營法令非禁止或限制之業務,臺北市,變更,11506
53113496,健佳生技有限公司,臺北市內湖區內湖路1段411巷89弄1號1樓,呂明橿,50000000,,115/06/02,特殊補正,F108031 醫療器材批發業；F203010 食品什貨、飲料零售業；F208040 化粧品零售業；F208050 乙類成藥零售業；F399040 無店面零售業；F399990 其他綜合零售業；F401010 國際貿易業；I101090 食品顧問業；I103060 管理顧問業；JE01010 租賃業,臺北市,變更,11506
53120068,鴻弘投資股份有限公司,臺北市大安區敦化南路1段183號4樓,陳仕信,10000000,,115/06/17,特殊補正,H201010 一般投資業,臺北市,變更,11506
53121236,趨勢民意調查股份有限公司,臺北市信義區基隆路1段159號12樓,陳亭潔,31600000,,115/06/29,改選董事/監察人(一人法人股東指派董事/監察人),F601010 智慧財產權業；I103060 管理顧問業；I105010 藝術品諮詢顧問業；I199990 其他顧問服務業；I301010 資訊軟體服務業；I301020 資料處理服務業；I301030 電子資訊供應服務業；I401010 一般廣告服務業；I401020 廣告傳單分送業；I501010 產品設計業,臺北市,變更,11506
53123369,酷彩廣告有限公司,臺北市松山區八德路4段697號2樓之1,劉夢盈,5000000,,115/06/16,特殊補正,I599990 其他設計業；I501010 產品設計業；I503010 景觀設計業；I401010 一般廣告服務業；I103060 管理顧問業；JB01010 會議及展覽服務業；E801010 室內裝潢業；C701010 印刷業；IZ10010 排版業；JZ99030 攝影業,臺北市,變更,11506
53125269,金車噶瑪蘭股份有限公司,臺北市中正區羅斯福路3段230號,李玉鼎,50000000,,115/06/02,改選董事/監察人(一人法人股東指派董事/監察人),F102030 菸酒批發業；F102170 食品什貨批發業；F106020 日常用品批發業；F107030 清潔用品批發業；F107080 環境用藥批發業；F203010 食品什貨、飲料零售業；F203020 菸酒零售業；F206020 日常用品零售業；F207030 清潔用品零售業；F207080 環境用藥零售業,臺北市,變更,11506
53128435,毅禾興企業有限公司,臺北市松山區八德路4段602號11樓之5,陳憲民,5000000,,115/06/30,特殊補正,F104110 布疋、衣著、鞋、帽、傘、服飾品批發業；F106010 五金批發業；F106020 日常用品批發業；F107030 清潔用品批發業；F204110 布疋、衣著、鞋、帽、傘、服飾品零售業；F206010 五金零售業；F207030 清潔用品零售業；F206020 日常用品零售業；F208040 化粧品零售業；F119010 電子材料批發業,臺北市,變更,11506
53169300,展幕資本股份有限公司,臺北市中山區民權東路2段206號5樓之2,彭馨逸,37340000,,115/06/12,發行新股,I103060 管理顧問業；H202010 創業投資業；H201010 一般投資業；F201010 農產品零售業；F201020 畜產品零售業；F201070 花卉零售業；F203010 食品什貨、飲料零售業；F204110 布疋、衣著、鞋、帽、傘、服飾品零售業；F208040 化粧品零售業；F299990 其他零售業,臺北市,變更,11506
53188030,文林室內裝修有限公司,臺北市萬華區貴陽街2段120號5樓之1,劉皖婷,2100000,,115/06/04,增資,E601020 電器安裝業；E603090 照明設備安裝工程業；E801010 室內裝潢業；E801020 門窗安裝工程業；E801030 室內輕鋼架工程業；E801040 玻璃安裝工程業；E801070 廚具、衛浴設備安裝工程業；E901010 油漆工程業；E903010 防蝕、防銹工程業；F105050 家具、寢具、廚房器具、裝設品批發業,臺北市,變更,11506
53201224,留白映象有限公司,臺北市中山區八德路2段245號12樓之3,吳榛畛,1300000,,115/06/11,特殊補正,J401010 電影片製作業；J402010 電影片發行業；J602010 演藝活動業；J601010 藝文服務業；J304010 圖書出版業；J305010 有聲出版業；I301020 資料處理服務業；I401010 一般廣告服務業；IZ99990 其他工商服務業；F109070 文教、樂器、育樂用品批發業,臺北市,變更,11506
53225794,昌垣貿易有限公司,臺北市士林區至誠路1段299號2樓,李昕玟,500000,,115/06/25,改推董事/董事長,F110010 鐘錶批發業；F210010 鐘錶零售業；F115010 首飾及貴金屬批發業；F215010 首飾及貴金屬零售業；F399040 無店面零售業；F399990 其他綜合零售業；F401010 國際貿易業；ZZ99999 除許可業務外，得經營法令非禁止或限制之業務,臺北市,變更,11506
53263136,伊洛帕科技股份有限公司,臺北市松山區復興南路1段39號2樓之2,張怡玲,5000000,,115/06/08,改選董事/監察人(一人法人股東指派董事/監察人),I301010 資訊軟體服務業；F401010 國際貿易業；ZZ99999 除許可業務外，得經營法令非禁止或限制之業務,臺北市,變更,11506
53289608,過鍋癮餐飲有限公司,臺北市萬華區和平西路3段290號1樓,高溢忠,100000,,115/06/22,公司所在地,F101040 家畜家禽批發業；F101050 水產品批發業；F101130 蔬果批發業；F101990 其他農、畜、水產品批發業；F102170 食品什貨批發業；F121010 食品添加物批發業；F201010 農產品零售業；F201020 畜產品零售業；F201030 水產品零售業；F201990 其他農畜水產品零售業,臺北市,變更,11506
53318408,饌食詣有限公司,臺北市信義區忠孝東路5段189號1樓,邱隆杰,9500000,,115/06/08,增資,F203010 食品什貨、飲料零售業；F203020 菸酒零售業；F401010 國際貿易業；F102030 菸酒批發業；F102170 食品什貨批發業；F399040 無店面零售業；F501060 餐館業；ZZ99999 除許可業務外，得經營法令非禁止或限制之業務,臺北市,變更,11506
53321240,威肯商用不動產有限公司,臺北市大安區信義路4段256號11樓之4,李慧琪,3600000,,115/06/18,特殊補正,H704031 不動產仲介經紀業；H703090 不動產買賣業；H703100 不動產租賃業；I103060 管理顧問業；IZ99990 其他工商服務業；ZZ99999 除許可業務外，得經營法令非禁止或限制之業務；H701010 住宅及大樓開發租售業；H701020 工業廠房開發租售業；I102010 投資顧問業；I199990 其他顧問服務業,臺北市,變更,11506
53321987,鑫佳國際開發股份有限公司,臺北市內湖區港墘路137號,李忻諭,2500000,,115/06/08,特殊補正,F104110 布疋、衣著、鞋、帽、傘、服飾品批發業；F105050 家具、寢具、廚房器具、裝設品批發業；F106020 日常用品批發業；F115010 首飾及貴金屬批發業；F115020 礦石批發業；F204110 布疋、衣著、鞋、帽、傘、服飾品零售業；F205040 家具、寢具、廚房器具、裝設品零售業；F206020 日常用品零售業；F215010 首飾及貴金屬零售業；F215020 礦石零售業,臺北市,變更,11506
53322819,德合投資有限公司,臺北市內湖區內湖路1段91巷35弄48號3樓,張曼羣,20000000,,115/06/25,特殊補正,H201010 一般投資業,臺北市,變更,11506
53324921,世承國際租賃有限公司,臺北市內湖區南京東路6段451巷57號10樓之3,邱奕力,5000000,,115/06/09,股東出資轉讓修正章程,G101041 小客車租賃業；G202010 停車場經營業；F114010 汽車批發業；F114030 汽、機車零件配備批發業；F114050 車胎批發業；F114990 其他交通運輸工具及其零件批發業；F214010 汽車零售業；F214050 車胎零售業；F214990 其他交通運輸工具及其零件零售業；F401010 國際貿易業,臺北市,變更,11506
53325436,展路股份有限公司,臺北市內湖區瑞光路192號5樓,陳榮論,60000000,,115/06/25,改選董事/監察人(一人法人股東指派董事/監察人),F104110 布疋、衣著、鞋、帽、傘、服飾品批發業；F109070 文教、樂器、育樂用品批發業；F110020 眼鏡批發業；F204110 布疋、衣著、鞋、帽、傘、服飾品零售業；F209060 文教、樂器、育樂用品零售業；F210020 眼鏡零售業；F401010 國際貿易業；ZZ99999 除許可業務外，得經營法令非禁止或限制之業務,臺北市,變更,11506
53326131,旭人科技股份有限公司,臺北市中山區復興北路58號12樓,黃柏源,20000000,,115/06/30,董事/監察人持股變動報備,I301010 資訊軟體服務業；F118010 資訊軟體批發業；F218010 資訊軟體零售業；CC01120 資料儲存媒體製造及複製業；F113030 精密儀器批發業；F213040 精密儀器零售業；F113050 電腦及事務性機器設備批發業；F401010 國際貿易業；ZZ99999 除許可業務外，得經營法令非禁止或限制之業務,臺北市,變更,11506
53327552,捷喜多媒體數位股份有限公司,臺北市大安區潮州街103號,簡介福,20000000,,115/06/18,特殊補正,I199990 其他顧問服務業；I401010 一般廣告服務業；I501010 產品設計業；I599990 其他設計業；IZ12010 人力派遣業；J601010 藝文服務業；J602010 演藝活動業；F104110 布疋、衣著、鞋、帽、傘、服飾品批發業；F204110 布疋、衣著、鞋、帽、傘、服飾品零售業；F399040 無店面零售業,臺北市,變更,11506
53327835,清大管理顧問股份有限公司,臺北市大安區敦化南路2段76號17樓之2,成群傑,700000,,115/06/30,特殊補正,I103060 管理顧問業；ZZ99999 除許可業務外，得經營法令非禁止或限制之業務,臺北市,變更,11506
53332149,超人氣新媒體股份有限公司,臺北市大安區信義路4段184號7樓,王奕傑,23569790,,115/06/03,公司所在地,J602010 演藝活動業；J601010 藝文服務業；JB01010 會議及展覽服務業；I401010 一般廣告服務業；I501010 產品設計業；IZ12010 人力派遣業；I105010 藝術品諮詢顧問業；JZ99050 仲介服務業；F104110 布疋、衣著、鞋、帽、傘、服飾品批發業；F106020 日常用品批發業,臺北市,變更,11506
53332871,宸藝股份有限公司,臺北市中山區長春路6號3樓,王秀宸,10000000,,115/06/09,特殊補正,F102020 食用油脂批發業；F102040 飲料批發業；F102050 茶葉批發業；F104110 布疋、衣著、鞋、帽、傘、服飾品批發業；F105050 家具、寢具、廚房器具、裝設品批發業；F106010 五金批發業；F106020 日常用品批發業；F106050 陶瓷玻璃器皿批發業；F107030 清潔用品批發業；F108040 化粧品批發業,臺北市,變更,11506
53333246,籐濱實業有限公司,臺北市中山區松江路31號6樓之2,賴榮志,18000000,,115/06/29,增資,F118010 資訊軟體批發業；F218010 資訊軟體零售業；F113050 電腦及事務性機器設備批發業；F213030 電腦及事務性機器設備零售業；F119010 電子材料批發業；F219010 電子材料零售業；F106010 五金批發業；F206010 五金零售業；F106020 日常用品批發業；F206020 日常用品零售業,臺北市,變更,11506
53340871,皇輝科技股份有限公司,臺北市內湖區民權東路6段11巷43之1號3樓,張智強,216133770,,115/06/22,增資(資本總額),CB01010 機械設備製造業；CC01030 電器及視聽電子產品製造業；CC01060 有線通信機械器材製造業；CC01070 無線通信機械器材製造業；CC01080 電子零組件製造業；CC01110 電腦及其週邊設備製造業；CC01120 資料儲存媒體製造及複製業；CC01990 其他電機及電子機械器材製造業；CD01020 軌道車輛及其零件製造業；E601010 電器承裝業,臺北市,變更,11506
53340990,歐森有限公司,臺北市南港區南港路3段52號5樓,趙盛坦,25000000,,115/06/11,特殊補正,F106010 五金批發業；F106020 日常用品批發業；F108040 化粧品批發業；F201020 畜產品零售業；F201030 水產品零售業；F203010 食品什貨、飲料零售業；F204110 布疋、衣著、鞋、帽、傘、服飾品零售業；F205040 家具、寢具、廚房器具、裝設品零售業；F215010 首飾及貴金屬零售業；F399040 無店面零售業,臺北市,變更,11506
53342462,弘星投資股份有限公司,臺北市中山區中山北路2段129號7樓之1,薛光奇,200000000,,115/06/12,董事/監察人持股變動報備,H201010 一般投資業；H701010 住宅及大樓開發租售業；H703100 不動產租賃業；I102010 投資顧問業；JE01010 租賃業；ZZ99999 除許可業務外，得經營法令非禁止或限制之業務,臺北市,變更,11506
53345171,台灣興和通商股份有限公司,臺北市中山區松江路122號8樓,宗田光央,40000000,,115/06/29,補繳規費,F101070 漁具批發業；F102170 食品什貨批發業；F103010 飼料批發業；F104110 布疋、衣著、鞋、帽、傘、服飾品批發業；F105050 家具、寢具、廚房器具、裝設品批發業；F106020 日常用品批發業；F107050 肥料批發業；F107200 化學原料批發業；F107990 其他化學製品批發業；F111090 建材批發業,臺北市,變更,11506
53345186,台灣秀摩股份有限公司,臺北市中山區建國北路3段92號7樓,陳宏欣,6200000,,115/06/04,特殊補正,F102170 食品什貨批發業；F106020 日常用品批發業；F108040 化粧品批發業；F399040 無店面零售業；ZZ99999 除許可業務外，得經營法令非禁止或限制之業務；IG01010 生物技術服務業；I301010 資訊軟體服務業；I301020 資料處理服務業；I301030 電子資訊供應服務業,臺北市,變更,11506
53345475,安盈科技股份有限公司,臺北市大安區敦化南路2段99號14樓,王元珈,500000,,115/06/22,改選董事/監察人(一人法人股東指派董事/監察人),I301010 資訊軟體服務業；I103060 管理顧問業；I199990 其他顧問服務業；F401010 國際貿易業；I301020 資料處理服務業；I301030 電子資訊供應服務業；IZ13010 網路認證服務業；F113050 電腦及事務性機器設備批發業；F118010 資訊軟體批發業；F213030 電腦及事務性機器設備零售業,臺北市,變更,11506
53346360,中創生物科技股份有限公司,臺北市松山區復興北路1號10樓之2,周少宗,20000000,,115/06/05,特殊補正,C801110 肥料製造業；C802080 環境用藥製造業；C802090 清潔用品製造業；C802100 化粧品製造業；A101020 農作物栽培業；A102020 農產品整理業；A401010 畜牧場經營業；F107030 清潔用品批發業；F108040 化粧品批發業；F113090 交通標誌器材批發業,臺北市,變更,11506
53347430,一日升股份有限公司,臺北市中山區民生東路2段168號12樓,黃石堂,150000000,,115/06/12,特殊補正,I103060 管理顧問業；I102010 投資顧問業；F109070 文教、樂器、育樂用品批發業；F113020 電器批發業；F113050 電腦及事務性機器設備批發業；F119010 電子材料批發業；F209060 文教、樂器、育樂用品零售業；F213010 電器零售業；F213030 電腦及事務性機器設備零售業；F213060 電信器材零售業,臺北市,變更,11506
53347451,攸泰科技股份有限公司,臺北市內湖區陽光街300號4樓,簡民智,860000000,,115/06/26,修正章程,CC01010 發電、輸電、配電機械製造業；CC01060 有線通信機械器材製造業；CC01070 無線通信機械器材製造業；CC01080 電子零組件製造業；CC01110 電腦及其週邊設備製造業；CC01120 資料儲存媒體製造及複製業；CE01010 一般儀器製造業；E605010 電腦設備安裝業；E701030 電信管制射頻器材裝設工程業；EZ05010 儀器、儀表安裝工程業,臺北市,變更,11506
53347804,陞瑞工程有限公司,臺北市信義區松山路197號2樓,陳金修,1000000,,115/06/17,特殊補正,F106040 水器材料批發業；F206040 水器材料零售業；F113020 電器批發業；F213010 電器零售業；F111090 建材批發業；F211010 建材零售業；F119010 電子材料批發業；F219010 電子材料零售業；F120010 耐火材料批發業；F220010 耐火材料零售業,臺北市,變更,11506
53349155,宏陽健康事業股份有限公司,臺北市大同區承德路1段17號7樓,黃松共,85000000,,115/06/23,特殊補正,F102170 食品什貨批發業；F107080 環境用藥批發業；F108011 中藥批發業；F108021 西藥批發業；F108031 醫療器材批發業；F108040 化粧品批發業；F113030 精密儀器批發業；F113050 電腦及事務性機器設備批發業；F118010 資訊軟體批發業；F203010 食品什貨、飲料零售業,臺北市,變更,11506
53350764,麗彤生醫科技股份有限公司,臺北市信義區松智路1號5樓,張麗綺,243494150,,115/06/29,改選董事/監察人(一人法人股東指派董事/監察人),I103060 管理顧問業；I199990 其他顧問服務業；I301020 資料處理服務業；I401010 一般廣告服務業；I401020 廣告傳單分送業；IG01010 生物技術服務業；IZ99990 其他工商服務業；F102170 食品什貨批發業；F108040 化粧品批發業；F109070 文教、樂器、育樂用品批發業,臺北市,變更,11506
53352910,匯友開發有限公司,臺北市中山區長安東路2段171號12樓,褚丹明,2000000,,115/06/24,公司所在地,HZ02010 金融機構金錢債權收買業務；HZ02020 辦理金融機構金錢債權之評價或拍賣業務；H703090 不動產買賣業；H703100 不動產租賃業；H701010 住宅及大樓開發租售業；H701020 工業廠房開發租售業；H701050 投資興建公共建設業；H701060 新市鎮、新社區開發業；H701070 區段徵收及市地重劃代辦業；H701090 都市更新整建維護業,臺北市,變更,11506
53353798,華光工程顧問股份有限公司,臺北市內湖區陽光街383號2樓,鄭運鵬,314425350,,115/06/23,特殊補正,J101050 環境檢測服務業；J101990 其他環境衛生及污染防治服務業；IZ09010 管理系統驗證業；I101061 工程技術顧問業；EZ99990 其他工程業；IZ99990 其他工商服務業；ZZ99999 除許可業務外，得經營法令非禁止或限制之業務,臺北市,變更,11506
53355579,慕捷企業股份有限公司,臺北市大安區安和路1段21巷19號,王偉如,1000000,,115/06/29,特殊補正,F104110 布疋、衣著、鞋、帽、傘、服飾品批發業；F109070 文教、樂器、育樂用品批發業；F115010 首飾及貴金屬批發業；F199990 其他批發業；F399040 無店面零售業；F401010 國際貿易業；ZZ99999 除許可業務外，得經營法令非禁止或限制之業務；F501030 飲料店業；F501060 餐館業,臺北市,變更,11506
53357577,天玥國際股份有限公司,臺北市北投區中山路3號,朱梅春,500000,,115/06/29,特殊補正,F203010 食品什貨、飲料零售業；F203020 菸酒零售業；F204110 布疋、衣著、鞋、帽、傘、服飾品零售業；F206020 日常用品零售業；F206040 水器材料零售業；F207030 清潔用品零售業；F209060 文教、樂器、育樂用品零售業；F501030 飲料店業；F501060 餐館業；J901020 一般旅館業,臺北市,變更,11506
53357817,佳鈦工程股份有限公司,臺北市內湖區瑞光路408號6樓之5,林子旭,1000000,,115/06/22,補繳規費,E601020 電器安裝業；E603010 電纜安裝工程業；E603020 電梯安裝工程業；E603040 消防安全設備安裝工程業；E603050 自動控制設備工程業；E603080 交通號誌安裝工程業；E603090 照明設備安裝工程業；E603100 電焊工程業；E603110 冷作工程業；E603120 噴砂工程業,臺北市,變更,11506
53359097,台灣鐘化股份有限公司,臺北市中山區松江路318號5樓,下大迫寛司,10000000,,115/06/04,改派董事/監察人,C105010 食用油脂製造業；C801100 合成樹脂及塑膠製造業；C801120 人造纖維製造業；C802060 動物用藥製造業；C802120 工業助劑製造業；CC01020 電線及電纜製造業；CC01080 電子零組件製造業；E604010 機械安裝業；F102020 食用油脂批發業；F107070 動物用藥品批發業,臺北市,變更,11506
53395489,沐糖演繹有限公司,臺北市信義區信義路4段415號14樓之1,葉蕙芝,250000,,115/06/15,申登機關變更（遷入，含卷）,J602010 演藝活動業；J601010 藝文服務業；J603010 音樂展演空間業(live house)；J701090 錄影節目帶播映業；JB01010 會議及展覽服務業；JZ99090 喜慶綜合服務業；ZZ99999 除許可業務外，得經營法令非禁止或限制之業務,臺北市,變更,11506
53431437,竹崙國際有限公司,臺北市中山區林森北路259巷13之2號1樓,簡雲霖,20000000,,115/06/18,增資,E901010 油漆工程業；E903010 防蝕、防銹工程業；E103101 環境保護工程專業營造業；J101080 資源回收業；J101090 廢棄物清理業；ZZ99999 除許可業務外，得經營法令非禁止或限制之業務,臺北市,變更,11506
53437734,懋如股份有限公司,臺北市大同區寧夏路165號12樓之1,陳清淵,30000000,,115/06/23,改選董事/監察人(一人法人股東指派董事/監察人),I103060 管理顧問業；IZ12010 人力派遣業；JE01010 租賃業；F102170 食品什貨批發業；F108040 化粧品批發業；F208050 乙類成藥零售業；F401010 國際貿易業；F108031 醫療器材批發業；ZZ99999 除許可業務外，得經營法令非禁止或限制之業務,臺北市,變更,11506
53459125,空間構築企業股份有限公司,臺北市內湖區行愛路77巷16號6樓,林維盈,5000000,,115/06/01,特殊補正,F105050 家具、寢具、廚房器具、裝設品批發業；F106010 五金批發業；F106040 水器材料批發業；F106050 陶瓷玻璃器皿批發業；F111090 建材批發業；F113020 電器批發業；F299990 其他零售業；F401010 國際貿易業；ZZ99999 除許可業務外，得經營法令非禁止或限制之業務；G801010 倉儲業,臺北市,變更,11506
53463508,暐儒工程有限公司,臺北市中山區中山北路1段33巷11號1樓,陳暐儒,200000,,115/06/04,股東出資轉讓修正章程,F111090 建材批發業；F211010 建材零售業；F106010 五金批發業；F206010 五金零售業；C501030 合板製造業；C501040 組合木材製造業；C501990 其他木製品製造業；C802200 塗料、油漆、染料及顏料製造業；CA01020 鋼鐵軋延及擠型業；CA01060 鋼線鋼纜製造業,臺北市,變更,11506
53500948,石茂興實業有限公司,臺北市信義區忠孝東路5段1之2號12樓,白光輝,16000000,,115/06/29,特殊補正,F105050 家具、寢具、廚房器具、裝設品批發業；F111090 建材批發業；F115020 礦石批發業；F205040 家具、寢具、廚房器具、裝設品零售業；F211010 建材零售業；F215020 礦石零售業；F401010 國際貿易業；ZZ99999 除許可業務外，得經營法令非禁止或限制之業務,臺北市,變更,11506
53519475,珍弘投資股份有限公司,臺北市中山區松江路125號3樓,黃致誠,29000000,,115/06/02,公司所在地,H201010 一般投資業,臺北市,變更,11506
53520064,百達證券投資顧問股份有限公司,臺北市信義區松仁路32號12樓,趙俊杰(Junjie WATKINS),70000000,,115/06/23,特殊補正,H304011 證券投資顧問業,臺北市,變更,11506
53521401,歐旻建設開發股份有限公司,臺北市中山區南京東路2段160號9樓,王錫平,200000000,,115/06/15,特殊補正,H701010 住宅及大樓開發租售業；H701020 工業廠房開發租售業；H701040 特定專業區開發業；H701050 投資興建公共建設業；H701060 新市鎮、新社區開發業；H701070 區段徵收及市地重劃代辦業；H701080 都市更新重建業；G202010 停車場經營業；E801010 室內裝潢業；E801020 門窗安裝工程業,臺北市,變更,11506
53522020,泰邦禮品有限公司,臺北市中正區忠孝西路1段33號7樓,黃麗嫦,500000,,115/06/15,董事/股東證照變更,F104110 布疋、衣著、鞋、帽、傘、服飾品批發業；F105050 家具、寢具、廚房器具、裝設品批發業；F106010 五金批發業；F106020 日常用品批發業；F108040 化粧品批發業；F109070 文教、樂器、育樂用品批發業；F115010 首飾及貴金屬批發業；F203010 食品什貨、飲料零售業；F204110 布疋、衣著、鞋、帽、傘、服飾品零售業；F206020 日常用品零售業,臺北市,變更,11506
53522181,六峰建設開發股份有限公司,臺北市士林區中山北路5段518號10樓,吳昭毅,30000000,,115/06/08,改選董事/監察人(一人法人股東指派董事/監察人),H701010 住宅及大樓開發租售業；H701020 工業廠房開發租售業；H701040 特定專業區開發業；H701050 投資興建公共建設業；H701060 新市鎮、新社區開發業；H701070 區段徵收及市地重劃代辦業；H701080 都市更新重建業；H703090 不動產買賣業；H703100 不動產租賃業；H703110 老人住宅業,臺北市,變更,11506
53522719,旺翔企業有限公司,臺北市信義區基隆路1段420號3樓,湯智凱,1000000,,115/06/25,改推董事/董事長,H703090 不動產買賣業；H703100 不動產租賃業；I102010 投資顧問業；I103060 管理顧問業；I199990 其他顧問服務業；ZZ99999 除許可業務外，得經營法令非禁止或限制之業務,臺北市,變更,11506
53525835,炎好投資股份有限公司,臺北市大同區涼州街47號1樓,黃向成,59500000,,115/06/25,改選董事/監察人(一人法人股東指派董事/監察人),H201010 一般投資業,臺北市,變更,11506
53525899,浯集有限公司,臺北市大同區南京西路185巷9號,李文民,5000000,,115/06/04,特殊補正,F104110 布疋、衣著、鞋、帽、傘、服飾品批發業；F105050 家具、寢具、廚房器具、裝設品批發業；F106020 日常用品批發業；F108040 化粧品批發業；F109070 文教、樂器、育樂用品批發業；F113020 電器批發業；F118010 資訊軟體批發業；F203010 食品什貨、飲料零售業；F204110 布疋、衣著、鞋、帽、傘、服飾品零售業；F205040 家具、寢具、廚房器具、裝設品零售業,臺北市,變更,11506
53527094,福慶國際投資股份有限公司,臺北市大同區南京西路64巷24弄1號6樓之1,郭雨宜,74000000,,115/06/26,特殊補正,H201010 一般投資業,臺北市,變更,11506
53527313,松林國際投資股份有限公司,臺北市大同區南京西路64巷24弄1號6樓,郭國億,59500000,,115/06/15,改選董事/監察人(一人法人股東指派董事/監察人),H201010 一般投資業,臺北市,變更,11506
53531745,德煌生醫科技股份有限公司,臺北市大同區長安西路88號4樓,廖健仲,412500000,,115/06/03,特殊補正,F108040 化粧品批發業；F203010 食品什貨、飲料零售業；F208040 化粧品零售業；F208050 乙類成藥零售業；F401010 國際貿易業；I103060 管理顧問業；J304010 圖書出版業；JE01010 租賃業；I101090 食品顧問業；F102170 食品什貨批發業,臺北市,變更,11506
53536354,泉鑫資產管理股份有限公司,臺北市中山區南京東路2段150號5樓,鍾仁義,20000000,,115/06/23,改選董事/監察人(一人法人股東指派董事/監察人),H202010 創業投資業；H703090 不動產買賣業；H703100 不動產租賃業；I102010 投資顧問業；I103060 管理顧問業；I199990 其他顧問服務業；JD01010 工商徵信服務業；JZ99050 仲介服務業；ZZ99999 除許可業務外，得經營法令非禁止或限制之業務,臺北市,變更,11506
53538212,緯宇國際有限公司,臺北市大安區忠孝東路4段169號12樓之4,劉柾甫,5000000,,115/06/18,特殊補正,E605010 電腦設備安裝業；EZ05010 儀器、儀表安裝工程業；F213030 電腦及事務性機器設備零售業；F219010 電子材料零售業；F401010 國際貿易業；ZZ99999 除許可業務外，得經營法令非禁止或限制之業務；F218010 資訊軟體零售業；I301010 資訊軟體服務業,臺北市,變更,11506
53539063,松信環保有限公司,臺北市松山區八德路4段650號5樓之14,黃覺儒,800000,,115/06/02,股東出資轉讓修正章程,J101080 資源回收業；F199010 回收物料批發業；J101030 廢棄物清除業；J101040 廢棄物處理業；J101090 廢棄物清理業；F401010 國際貿易業,臺北市,變更,11506
53539079,堉耕文創事業有限公司,臺北市信義區吳興街364巷11號3樓,溫榮禎,5000000,,115/06/12,增資,E801010 室內裝潢業；I503010 景觀、室內設計業；H703090 不動產買賣業；H701010 住宅及大樓開發租售業；H703100 不動產租賃業；JE01010 租賃業；I401010 一般廣告服務業；E601020 電器安裝業；F106040 水器材料批發業；F206040 水器材料零售業,臺北市,變更,11506
53540569,德慕柏資本股份有限公司,臺北市松山區八德路4段600號2樓,朱茂松,20000000,,115/06/05,特殊補正,ZZ99999 除許可業務外，得經營法令非禁止或限制之業務；I102010 投資顧問業；I103060 管理顧問業；I199990 其他顧問服務業；IZ99990 其他工商服務業；H201010 一般投資業；I101080 工、礦顧問業；I101090 食品顧問業；F401010 國際貿易業；HZ02020 辦理金融機構金錢債權之評價或拍賣業務,臺北市,變更,11506
53543496,新譽國際股份有限公司,臺北市中山區松江路152號12樓,林正,44500000,,115/06/30,特殊補正,F401010 國際貿易業；ZZ99999 除許可業務外，得經營法令非禁止或限制之業務；F101990 其他農、畜、水產品批發業；F102040 飲料批發業；F102170 食品什貨批發業；F104110 布疋、衣著、鞋、帽、傘、服飾品批發業；F106020 日常用品批發業；F108040 化粧品批發業；F109070 文教、樂器、育樂用品批發業；F113010 機械批發業,臺北市,變更,11506
53547535,原物創意股份有限公司,臺北市中山區北安路518巷14弄10號,蔡致偉,8000000,,115/06/30,特殊補正,I103060 管理顧問業；I105010 藝術品諮詢顧問業；I501010 產品設計業；I502010 服飾設計業；I599990 其他設計業；F106050 陶瓷玻璃器皿批發業；F109070 文教、樂器、育樂用品批發業；F206020 日常用品零售業；ZZ99999 除許可業務外，得經營法令非禁止或限制之業務；C701010 印刷業,臺北市,變更,11506
53550566,信實數碼股份有限公司,臺北市大安區信義路3段170號10樓之1,包福碧,70000000,,115/06/12,特殊補正,F113050 電腦及事務性機器設備批發業；F213030 電腦及事務性機器設備零售業；I301030 電子資訊供應服務業；F218010 資訊軟體零售業；I301010 資訊軟體服務業；F118010 資訊軟體批發業；I301020 資料處理服務業；F401010 國際貿易業；JE01010 租賃業；I102010 投資顧問業,臺北市,變更,11506
53554319,貝菲希可國際貿易有限公司,臺北市大安區龍泉街5巷10號1樓,林子亮,6000000,,115/06/09,公司所在地,F108040 化粧品批發業；F208040 化粧品零售業；F106020 日常用品批發業；F206020 日常用品零售業；F107030 清潔用品批發業；F207030 清潔用品零售業；F102040 飲料批發業；F102170 食品什貨批發業；F399040 無店面零售業；I102010 投資顧問業,臺北市,變更,11506
53556999,赫蒂法生技股份有限公司,臺北市南港區園區街3號16樓之5,謝偉斌,300000000,,115/06/29,特殊補正,F108021 西藥批發業；F208021 西藥零售業；F108031 醫療器材批發業；F208031 醫療器材零售業；CF01011 醫療器材製造業；JE01010 租賃業；F107200 化學原料批發業；F207200 化學原料零售業；F107080 環境用藥批發業；F207080 環境用藥零售業,臺北市,變更,11506
53560966,瑞誼資產管理有限公司,臺北市中山區松江路1號10樓,江育勝,4000000,,115/06/11,公司所在地,F203010 食品什貨、飲料零售業；F401010 國際貿易業；H201010 一般投資業；H701010 住宅及大樓開發租售業；H703090 不動產買賣業；H703100 不動產租賃業；I102010 一般投資顧問業；I103060 管理顧問業；IZ12010 人力派遣業；ZZ99999 除許可業務外，得經營法令非禁止或限制之業務,臺北市,變更,11506
53561058,丹利歐國際有限公司,臺北市內湖區成功路4段317號1樓,謝承璋,3000000,,115/06/26,特殊補正,E801010 室內裝潢業；E801070 廚具、衛浴設備安裝工程業；E903010 防蝕、防銹工程業；EZ07010 鑽孔工程業；EZ11010 球場跑道樹脂材料鋪設工程業；EZ14010 運動場地用設備工程業；F106010 五金批發業；F106020 日常用品批發業；F106040 水器材料批發業；F107010 漆料、塗料批發業,臺北市,變更,11506
53561135,勝威資產股份有限公司,臺北市中山區松江路152號12樓,林素霞,21500000,,115/06/03,改選董事/監察人(一人法人股東指派董事/監察人),I103060 管理顧問業；F401010 國際貿易業；ZZ99999 除許可業務外，得經營法令非禁止或限制之業務；I102010 一般投資顧問業；I199990 其他顧問服務業；JE01010 租賃業；F104110 布疋、衣著、鞋、帽、傘、服飾品批發業；F109070 文教、樂器、育樂用品批發業；F204110 布疋、衣著、鞋、帽、傘、服飾品零售業；F209060 文教、樂器、育樂用品零售業,臺北市,變更,11506
53562021,維西杰股份有限公司,臺北市松山區敦化北路222巷19之1號1樓,史奎謙,37900000,,115/06/02,發行新股,F203010 食品什貨、飲料零售業；F204110 布疋、衣著、鞋、帽、傘、服飾品零售業；F209060 文教、樂器、育樂用品零售業；J304010 圖書出版業；J801030 競技及休閒運動場館業；JZ99110 瘦身美容業；F401010 國際貿易業；J802010 運動訓練業；F108031 醫療器材批發業；F208031 醫療器材零售業,臺北市,變更,11506
53563627,瑞吉科有限公司,臺北市信義區忠孝東路5段1之2號12樓,洪國源,5000000,,115/06/18,公司所在地,C901060 耐火材料製造業；CA01120 銅鑄造業；CB01010 機械設備製造業；E502010 燃料導管安裝工程業；E599010 配管工程業；E903010 防蝕、防銹工程業；EZ03010 鎔爐安裝業；EZ15010 保溫、保冷安裝工程業；F107010 漆料、塗料批發業；F113010 機械批發業,臺北市,變更,11506
53564885,台灣牛樟產業股份有限公司,臺北市大同區長安西路274號1樓,,7450000,,115/06/03,補繳規費,A101040 食用菌菇類栽培業；F101990 其他農、畜、水產品批發業；F201990 其他農畜水產品零售業；F401010 國際貿易業；ZZ99999 除許可業務外，得經營法令非禁止或限制之業務,臺北市,變更,11506
53565786,己愛眼鏡有限公司,臺北市士林區德行東路113號,施己東,500000,,115/06/26,公司所在地,F208031 醫療器材零售業；F110020 眼鏡批發業；F210020 眼鏡零售業；F203010 食品什貨、飲料零售業；F102170 食品什貨批發業；F399040 無店面零售業；I401010 一般廣告服務業；ZZ99999 除許可業務外，得經營法令非禁止或限制之業務,臺北市,變更,11506
53568284,雲深創新股份有限公司,臺北市中正區羅斯福路2段70號9樓之2,彭念劬,10000000,,115/06/05,特殊補正,F109070 文教、樂器、育樂用品批發業；F113010 機械批發業；F113020 電器批發業；F113030 精密儀器批發業；F113050 電腦及事務性機器設備批發業；F113070 電信器材批發業；F118010 資訊軟體批發業；F119010 電子材料批發業；F209060 文教、樂器、育樂用品零售業；F213010 電器零售業,臺北市,變更,11506
53581673,丞明企業股份有限公司,臺北市大同區華陰街33號3樓之2,林明水,120000000,,115/06/12,特殊補正,E601010 電器承裝業；F401010 國際貿易業；ZZ99999 除許可業務外，得經營法令非禁止或限制之業務；CC01010 發電、輸電、配電機械製造業；E599010 配管工程業；E601020 電器安裝業；E603010 電纜安裝工程業；E604010 機械安裝業,臺北市,變更,11506
53612747,逗趣整合內容行銷有限公司,臺北市大安區通化街140巷2號,陳澤琪,2800000,,115/06/02,特殊補正,CC01120 資料儲存媒體製造及複製業；E801010 室內裝潢業；F102170 食品什貨批發業；F104110 布疋、衣著、鞋、帽、傘、服飾品批發業；F106020 日常用品批發業；F108040 化粧品批發業；F109070 文教、樂器、育樂用品批發業；F118010 資訊軟體批發業；F203010 食品什貨、飲料零售業；F206020 日常用品零售業,臺北市,變更,11506
53654632,韓商泰瑞航空股份有限公司,臺北市松山區敦化北路340之9號,安昇憲,991287,,115/06/15,一般補正案,G501011 民用航空運輸業；G501020 民用航空總代理業；ZZ99999 除許可業務外，得經營法令非禁止或限制之業務,臺北市,變更,11506
53669950,大陸商中國建設銀行股份有限公司,臺北市信義區信義路五段108號1樓及106號11樓,楊達遠,1494090059,,115/06/25,本公司董事及負責人變更,H101021 商業銀行業（限中華民國行業標準分類6412銀行業）,臺北市,變更,11506
53670366,新加坡商鈦坦科技股份有限公司,臺北市南港區三重里園區街3-1號11樓之1,李境展,15000000,,115/06/10,本公司所在地變更,F113050 電腦及事務性機器設備批發業；F118010 資訊軟體批發業；F119010 電子材料批發業；F401010 國際貿易業；I301010 資訊軟體服務業；ZZ99999 除許可業務外，得經營法令非禁止或限制之業務,臺北市,變更,11506
53670942,英商康年華旅行社股份有限公司,臺北市松山區復興北路57號2樓之1,MATTHEW DAVID RUTHERFORD,30000000,,115/06/17,本公司外文名稱變更,J902011 旅行業,臺北市,變更,11506
53676517,薩摩亞商座位空有限公司,臺北市信義區松德路65號8樓之5,邱舜,114153589,,115/06/22,一般補正案,I103060 管理顧問業；I199990 其他顧問服務業；ZZ99999 除許可業務外，得經營法令非禁止或限制之業務,臺北市,變更,11506
53681791,亞太國際地產股份有限公司,臺北市文山區興隆路3段137號1樓,秦啟松,22000000,,115/06/24,改選董事/監察人(一人法人股東指派董事/監察人),H704031 不動產仲介經紀業；H704041 不動產代銷經紀業；H703100 不動產租賃業；H703090 不動產買賣業；JZ99050 仲介服務業；F401010 國際貿易業；G202010 停車場經營業；I103060 管理顧問業；I102010 投資顧問業；I401010 一般廣告服務業,臺北市,變更,11506
53693522,華昱實業有限公司,臺北市北投區大業路506號2樓,李昇澔,5000000,,115/06/18,特殊補正,CC01080 電子零組件製造業；CC01110 電腦及其週邊設備製造業；F113030 精密儀器批發業；F113050 電腦及事務性機器設備批發業；F118010 資訊軟體批發業；F119010 電子材料批發業；F213030 電腦及事務性機器設備零售業；F213040 精密儀器零售業；F219010 電子材料零售業；F401010 國際貿易業,臺北市,變更,11506
53703084,臺灣碩騰股份有限公司,臺北市中山區松江路96號8樓,李金龍,247794660,,115/06/01,特殊補正,C201010 飼料製造業；C802060 動物用藥製造業；F103010 飼料批發業；F107070 動物用藥品批發業；F202010 飼料零售業；F207070 動物用藥零售業；F401010 國際貿易業；ZZ99999 除許可業務外，得經營法令非禁止或限制之業務；F113030 精密儀器批發業；F213040 精密儀器零售業,臺北市,變更,11506
53708010,奇換橘子股份有限公司,臺北市內湖區瑞湖街111號,劉柏園,24500000,,115/06/30,減資,F104110 布疋、衣著、鞋、帽、傘、服飾品批發業；F109070 文教、樂器、育樂用品批發業；F118010 資訊軟體批發業；F204110 布疋、衣著、鞋、帽、傘、服飾品零售業；F209060 文教、樂器、育樂用品零售業；F218010 資訊軟體零售業；F601010 智慧財產權業；I103060 管理顧問業；I301010 資訊軟體服務業；I301020 資料處理服務業,臺北市,變更,11506
53710986,慧智基因股份有限公司,臺北市中正區重慶南路1段66之1號4樓之2,蘇怡寧,215934000,,115/06/24,特殊補正,A101020 農作物栽培業；A101030 特用作物栽培業；A101040 食用菌菇類栽培業；A401020 家畜禽飼育業；A401040 畜牧服務業；C801990 其他化學材料製造業；C802100 化粧品製造業；C802110 化粧品色素製造業；CE01030 光學儀器製造業；CZ99990 未分類其他工業製品製造業,臺北市,變更,11506
53727868,升鼎科技股份有限公司,臺北市中正區北平東路30之1號7樓,沈允中,54000000,,115/06/04,增資(資本總額),F113050 電腦及事務性機器設備批發業；F118010 資訊軟體批發業；F119010 電子材料批發業；F218010 資訊軟體零售業；F401010 國際貿易業；F601010 智慧財產權業；I301010 資訊軟體服務業；I301020 資料處理服務業；I301030 電子資訊供應服務業；I401010 一般廣告服務業,臺北市,變更,11506
53730879,逸璨企業有限公司,臺北市信義區忠孝東路4段553巷52弄7號1樓,黃秀足,3000000,,115/06/22,特殊補正,F104110 布疋、衣著、鞋、帽、傘、服飾品批發業；F204110 布疋、衣著、鞋、帽、傘、服飾品零售業；F399040 無店面零售業；F401010 國際貿易業；F601010 智慧財產權業；I501010 產品設計業；I502010 服飾設計業；I102010 投資顧問業；IZ04010 翻譯業；JZ99050 仲介服務業,臺北市,變更,11506
53732969,靖懿顧問有限公司,臺北市中山區天津街51號3樓,黃靖懿,1000000,,115/06/26,公司所在地,I102010 投資顧問業；I103060 管理顧問業；I301010 資訊軟體服務業；I301020 資料處理服務業；I301030 電子資訊供應服務業；I501010 產品設計業；IZ12010 人力派遣業；JZ99050 仲介服務業；F118010 資訊軟體批發業；F401010 國際貿易業,臺北市,變更,11506
53733849,光智貿易有限公司,臺北市中正區北平東路16號5樓,蔡文正,5000000,,115/06/08,股東出資轉讓修正章程,F106010 五金批發業；F113010 機械批發業；F113020 電器批發業；F113030 精密儀器批發業；F113990 其他機械器具批發業；F114010 汽車批發業；F114020 機車批發業；F114030 汽、機車零件配備批發業；F206010 五金零售業；F213010 電器零售業,臺北市,變更,11506
53734988,萩原國際有限公司,臺北市大安區復興南路1段137號14樓,,500000,,115/06/24,特殊補正,CC01080 電子零組件製造業；F102020 食用油脂批發業；F102030 菸酒批發業；F102040 飲料批發業；F102050 茶葉批發業；F102170 食品什貨批發業；F102180 酒精批發業；F118010 資訊軟體批發業；F119010 電子材料批發業；F203010 食品什貨、飲料零售業,臺北市,變更,11506
53736108,長富國際地產有限公司,臺北市中山區敬業一路160號7樓,陳佩珊,7000000,,115/06/29,公司所營事業變更修正章程,H701010 住宅及大樓開發租售業；H703090 不動產買賣業；H703100 不動產租賃業；H704031 不動產仲介經紀業；I401010 一般廣告服務業；H701020 工業廠房開發租售業；H701060 新市鎮、新社區開發業；H701070 區段徵收及市地重劃代辦業；H701090 都市更新整建維護業；H704041 不動產代銷經紀業,臺北市,變更,11506
53737633,玖易國際事業有限公司,臺北市北投區大業路506號2樓,萬詠蘭,1000000,,115/06/22,特殊補正,F113010 機械批發業；F113030 精密儀器批發業；F113060 度量衡器批發業；F113070 電信器材批發業；F213040 精密儀器零售業；F213050 度量衡器零售業；F213060 電信器材零售業；F401010 國際貿易業；I103060 管理顧問業；I199990 其他顧問服務業,臺北市,變更,11506
53737731,揚勤實業有限公司,臺北市北投區新民路71巷2弄8號1樓,黃美雲,3000000,,115/06/18,特殊補正,C601030 紙容器製造業；C701010 印刷業；F107010 漆料、塗料批發業；F107200 化學原料批發業；F107990 其他化學製品批發業；F113050 電腦及事務性機器設備批發業；F115020 礦石批發業；F201010 農產品零售業；F215020 礦石零售業；F401010 國際貿易業,臺北市,變更,11506
53739409,宏碁資訊服務股份有限公司,臺北市南港區南港路3段9號18樓,陳俊聖,414490000,,115/06/11,改選董事/監察人(一人法人股東指派董事/監察人),F113050 電腦及事務性機器設備批發業；F118010 資訊軟體批發業；F218010 資訊軟體零售業；F401010 國際貿易業；I199990 其他顧問服務業；I301010 資訊軟體服務業；I301020 資料處理服務業；I301030 電子資訊供應服務業；IZ09010 管理系統驗證業；J399010 軟體出版業,臺北市,變更,11506
53739652,群傳媒股份有限公司,臺北市中山區八德路2段260號4樓,何飛鵬,202600000,,115/06/23,特殊補正,E605010 電腦設備安裝業；F109070 文教、樂器、育樂用品批發業；F113050 電腦及事務性機器設備批發業；F113070 電信器材批發業；F118010 資訊軟體批發業；F119010 電子材料批發業；F209060 文教、樂器、育樂用品零售業；F213030 電腦及事務性機器設備零售業；F213060 電信器材零售業；F218010 資訊軟體零售業,臺北市,變更,11506
53740638,古迪寵物食品有限公司,臺北市中山區復興北路270號1樓,鄭智昇,2000000,,115/06/24,修正章程,F102170 食品什貨批發業；F103010 飼料批發業；F104110 布疋、衣著、鞋、帽、傘、服飾品批發業；F105050 家具、寢具、廚房器具、裝設品批發業；F106020 日常用品批發業；F106060 寵物用品批發業；F107030 清潔用品批發業；F107070 動物用藥品批發業；F107080 環境用藥批發業；F109070 文教、樂器、育樂用品批發業,臺北市,變更,11506
53745465,臺灣泰格國際醫藥股份有限公司,臺北市大安區復興南路1段370號11樓,許鴻彥,12000000,,115/06/23,特殊補正,IG01010 生物技術服務業(限中華民國行業標準分類7210自然及工程科學研究發展服務業)；IG02010 研究發展服務業(限中華民國行業標準分類7210自然及工程科學研究發展服務業、7220社會及人文科學研究發展服務業及7230綜合研究發展服務業)；F108021 西藥批發業(限中華民國行業標準分類4571藥品及醫療用品批發業)；F108031 醫療器材批發業(限中華民國行業標準分類4565鐘錶及眼鏡批發業、4571藥品及醫療用品批發業及4649其他機械器具批發業)；F113050 電腦及事務性機器設備批發業(限中華民國行業標準分類4641電腦及其週邊設備、軟體批發業及4644辦公用機械器具批發業),臺北市,變更,11506
53748218,淓勵國際有限公司,臺北市北投區大業路506號2樓,黃韻如,300000,,115/06/17,特殊補正,F102040 飲料批發業；F102170 食品什貨批發業；F103010 飼料批發業；F104110 布疋、衣著、鞋、帽、傘、服飾品批發業；F106020 日常用品批發業；F106060 寵物食品及其用品批發業；F108040 化粧品批發業；F201010 農產品零售業；F202010 飼料零售業；F203010 食品什貨、飲料零售業,臺北市,變更,11506
53749737,利眾公關顧問股份有限公司,臺北市松山區民生東路3段138號5樓,嚴曉翠,28000000,,115/06/22,補繳規費,I103060 管理顧問業；I199990 其他顧問服務業；I301010 資訊軟體服務業；I301020 資料處理服務業；I301030 電子資訊供應服務業；I401010 一般廣告服務業；I501010 產品設計業；I599990 其他設計業；IZ03010 剪報業；IZ04010 翻譯業,臺北市,變更,11506
53749820,芥菜種創意股份有限公司,臺北市中正區重慶南路3段84號6樓,許展榕,27000000,,115/06/29,特殊補正,F213030 電腦及事務性機器設備零售業；E605010 電腦設備安裝業；F119010 電子材料批發業；F219010 電子材料零售業；F113070 電信器材批發業；F213060 電信器材零售業；CC01110 電腦及其週邊設備製造業；CC01080 電子零組件製造業；F113020 電器批發業；F213010 電器零售業,臺北市,變更,11506
53750585,資廚管理顧問股份有限公司,臺北市大安區仁愛路3段136號15樓,何英圻,108000000,,115/06/09,特殊補正,F109070 文教、樂器、育樂用品批發業；F113050 電腦及事務性機器設備批發業；F118010 資訊軟體批發業；F119010 電子材料批發業；F209060 文教、樂器、育樂用品零售業；F213030 電腦及事務性機器設備零售業；F218010 資訊軟體零售業；F219010 電子材料零售業；F399010 便利商店業；F399040 無店面零售業,臺北市,變更,11506
53751698,龍騰天下股份有限公司,臺北市中山區吉林路22巷4之1號1樓,黃建平,11000000,,115/06/16,特殊補正,F102170 食品什貨批發業；F104110 布疋、衣著、鞋、帽、傘、服飾品批發業；F121010 食品添加物批發業；F203010 食品什貨、飲料零售業；F204110 布疋、衣著、鞋、帽、傘、服飾品零售業；F221010 食品添加物零售業；F401010 國際貿易業；F501060 餐館業；F501990 其他餐飲業；ZZ99999 除許可業務外，得經營法令非禁止或限制之業務,臺北市,變更,11506
53755364,走著瞧股份有限公司,臺北市大安區敦化南路2段319號6樓,鄭勝丰,355299480,,115/06/01,發行新股,I301010 資訊軟體服務業；I301020 資料處理服務業；I301030 電子資訊供應服務業；I301060 網路廣告平臺業；I401010 一般廣告服務業；I501010 產品設計業；I102010 一般投資顧問業；I103060 管理顧問業；I599990 其他設計業；IE01010 電信業務門號代辦業,臺北市,變更,11506
53755630,鋆澤投資有限公司,臺北市內湖區洲子街101號7樓,姚智薰,10000000,,115/06/01,特殊補正,F401010 國際貿易業；H201010 一般投資業；H701010 住宅及大樓開發租售業；H703100 不動產租賃業；ZZ99999 除許可業務外，得經營法令非禁止或限制之業務,臺北市,變更,11506
53759832,威碩室內裝修有限公司,臺北市信義區福德街256號3樓,雷政耀,3000000,,115/06/03,申登機關變更（遷入，含卷）,E601020 電器安裝業；E603040 消防安全設備安裝工程業；E603090 照明設備安裝工程業；E605010 電腦設備安裝業；E801010 室內裝潢業；E801020 門窗安裝工程業；E801030 室內輕鋼架工程業；E801040 玻璃安裝工程業；E801060 室內裝修業；E801070 廚具、衛浴設備安裝工程業,臺北市,變更,11506
53760866,力緯能源有限公司,臺北市松山區敦化北路205號2樓,王長生,82698000,,115/06/25,增資,D101040 非屬公用之發電業；D101060 再生能源自用發電設備業；E601010 電器承裝業；E601020 電器安裝業；F113110 電池批發業；F119010 電子材料批發業；F219010 電子材料零售業；F401010 國際貿易業；IG03010 能源技術服務業；ZZ99999 除許可業務外，得經營法令非禁止或限制之業務,臺北市,變更,11506
53761226,合立鑫有限公司,臺北市中山區錦州街159號2樓之5,張文娟,500000,,115/06/16,公司所在地,F213080 機械器具零售業；F401010 國際貿易業；E604010 機械安裝業；JZ99050 仲介服務業；ZZ99999 除許可業務外，得經營法令非禁止或限制之業務,臺北市,變更,11506
53762843,豪宬企業股份有限公司,臺北市大安區敦化南路2段77號7樓之1,陳建宏,150000000,,115/06/17,特殊補正,F102040 飲料批發業；F102170 食品什貨批發業；F104110 布疋、衣著、鞋、帽、傘、服飾品批發業；F401010 國際貿易業；F601010 智慧財產權業；I102010 一般投資顧問業；F501060 餐館業；F501990 其他餐飲業；ZZ99999 除許可業務外，得經營法令非禁止或限制之業務,臺北市,變更,11506
53763929,瑞剛實業股份有限公司,臺北市中正區濟南路2段61之1號2樓,于振園,65000000,,115/06/08,特殊補正,F113020 電器批發業；F113030 精密儀器批發業；F113050 電腦及事務性機器設備批發業；F118010 資訊軟體批發業；H701010 住宅及大樓開發租售業；H702010 建築經理業；H703090 不動產買賣業；H703100 不動產租賃業；I102010 投資顧問業；I103060 管理顧問業,臺北市,變更,11506
53764722,大鐿先端科技股份有限公司,臺北市中山區民生東路2段170號4樓,闕聖哲,100000000,,115/06/22,修正章程,C801030 精密化學材料製造業；C801060 合成橡膠製造業；C801100 合成樹脂及塑膠製造業；C801990 其他化學材料製造業；C802120 工業助劑製造業；CA04010 表面處理業；CB01010 機械設備製造業；F106010 五金批發業；F107010 漆料、塗料批發業；F107020 染料、顏料批發業,臺北市,變更,11506
53772271,必士達生技股份有限公司,臺北市中山區松江路54號7樓,張瑩,36000000,,115/06/24,改選董事/監察人(一人法人股東指派董事/監察人),F103010 飼料批發業；F107070 動物用藥品批發業；F401010 國際貿易業；ZZ99999 除許可業務外，得經營法令非禁止或限制之業務,臺北市,變更,11506
53772976,拓華生技股份有限公司,臺北市中山區中山北路1段53巷20號2樓,張祐齊,31350000,,115/06/30,增資(資本總額),F108031 醫療器材批發業；F208031 醫療器材零售業；ZZ99999 除許可業務外，得經營法令非禁止或限制之業務；F102170 食品什貨批發業；F106020 日常用品批發業；F106060 寵物食品及其用品批發業；F107030 清潔用品批發業；F108040 化粧品批發業；F109070 文教、樂器、育樂用品批發業；F203010 食品什貨、飲料零售業,臺北市,變更,11506
53773341,艾得基客行銷顧問股份有限公司,臺北市大安區敦化南路2段76號16樓,陳建銘,36481840,,115/06/02,特殊補正,CC01120 資料儲存媒體製造及複製業；F118010 資訊軟體批發業；F119010 電子材料批發業；F199990 其他批發業；F218010 資訊軟體零售業；F219010 電子材料零售業；F399040 無店面零售業；F401010 國際貿易業；I102010 投資顧問業；I103060 管理顧問業,臺北市,變更,11506
53774658,億伸科技有限公司,臺北市中山區南京東路2段174號8樓,李易璁,2270000,,115/06/30,股東出資轉讓修正章程,F118010 資訊軟體批發業；I103060 管理顧問業；I199990 其他顧問服務業；I301010 資訊軟體服務業；I301020 資料處理服務業；I301030 電子資訊供應服務業；I401010 一般廣告服務業；I501010 產品設計業；IZ13010 網路認證服務業；J399010 軟體出版業,臺北市,變更,11506
53776749,侑趣有限公司,臺北市信義區嘉興街216巷17號1樓,高朕慶,3000000,,115/06/12,特殊補正,I103060 管理顧問業；J202010 產業育成業；IZ12010 人力派遣業；E801010 室內裝潢業；I503010 景觀、室內設計業；F102030 菸酒批發業；F102170 食品什貨批發業；F106020 日常用品批發業；F203010 食品什貨、飲料零售業；F203020 菸酒零售業,臺北市,變更,11506
53777389,永晶光電有限公司,臺北市大安區信義路3段153號4樓,天泰能源股份有限公司,14250000,,115/06/11,減資,IG03010 能源技術服務業；F113020 電器批發業；F113050 電腦及事務性機器設備批發業；F119010 電子材料批發業；F213010 電器零售業；F213030 電腦及事務性機器設備零售業；F219010 電子材料零售業；F401010 國際貿易業；ZZ99999 除許可業務外，得經營法令非禁止或限制之業務,臺北市,變更,11506
53777418,台慶國際股份有限公司,臺北市大安區敦化南路2段77號12樓,劉炳耀,10000000,,115/06/26,改選董事/監察人(一人法人股東指派董事/監察人),F118010 資訊軟體批發業；F218010 資訊軟體零售業；H704031 不動產仲介經紀業；I102010 投資顧問業；I103060 管理顧問業；I301010 資訊軟體服務業；I301020 資料處理服務業；I301030 電子資訊供應服務業；I401010 一般廣告服務業；J303010 雜誌（期刊）出版業,臺北市,變更,11506
53827965,和康顧問有限公司,臺北市中正區忠孝西路1段21號7樓,詹謙和,29848000,,115/06/01,特殊補正,I301010 資訊軟體服務業；I301020 資料處理服務業；I301030 電子資訊供應服務業；I103060 管理顧問業；F118010 資訊軟體批發業；F218010 資訊軟體零售業；ZZ99999 除許可業務外，得經營法令非禁止或限制之業務,臺北市,變更,11506
53910730,汎思公關顧問有限公司,臺北市大安區忠孝東路4段142號4樓之5,瞿鴻軒,3000000,,115/06/05,特殊補正,I103060 管理顧問業；I199990 其他顧問服務業；I301010 資訊軟體服務業；I401010 一般廣告服務業；I501010 產品設計業；I599990 其他設計業；IZ03010 剪報業；IZ10010 排版業；IZ12010 人力派遣業；IZ15010 市場研究及民意調查業,臺北市,變更,11506
53912701,亞洲國際藝術有限公司,臺北市中山區樂群三路128號,張玉芳,5000000,,115/06/12,特殊補正,J601010 藝文服務業；I105010 藝術品諮詢顧問業；JB01010 會議及展覽服務業；J303010 雜誌（期刊）出版業；J304010 圖書出版業；I501010 產品設計業；F399040 無店面零售業；F401010 國際貿易業；F109070 文教、樂器、育樂用品批發業；F209060 文教、樂器、育樂用品零售業,臺北市,變更,11506
53912863,藍鈞股份有限公司,臺北市中山區中山北路2段96號,張剛綸,83000000,,115/06/04,改派董事/監察人,F401010 國際貿易業；ZZ99999 除許可業務外，得經營法令非禁止或限制之業務,臺北市,變更,11506
53915806,旭達國際通運有限公司,臺北市松山區南京東路4段50號5樓之3,呂金宗,9000000,,115/06/05,股東出資轉讓修正章程,G402011 海運承攬運送業；G601011 航空貨運承攬業；F401010 國際貿易業；ZZ99999 除許可業務外，得經營法令非禁止或限制之業務,臺北市,變更,11506
53916262,聚達系統股份有限公司,臺北市南港區八德路4段768巷9號3樓之1,潘瓊如,165000000,,115/06/02,特殊補正,CC01060 有線通信機械器材製造業；CC01070 無線通信機械器材製造業；CC01080 電子零組件製造業；CC01120 資料儲存媒體製造及複製業；F113050 電腦及事務性機器設備批發業；F113070 電信器材批發業；F118010 資訊軟體批發業；F213030 電腦及事務性機器設備零售業；F218010 資訊軟體零售業；F401010 國際貿易業,臺北市,變更,11506
53917683,瑞皇生物科技國際股份有限公司,臺北市信義區松山路421號11樓之4,林耿立,10000000,,115/06/25,補繳規費,F102170 食品什貨批發業；F108040 化粧品批發業；F109070 文教、樂器、育樂用品批發業；F208040 化粧品零售業；F208050 乙類成藥零售業；F209060 文教、樂器、育樂用品零售業；F401010 國際貿易業；I102010 投資顧問業；I103060 管理顧問業；IG01010 生物技術服務業,臺北市,變更,11506
53922412,提領時尚國際股份有限公司,臺北市大安區敦化南路2段76號21樓,劉茗銓,5100000,,115/06/24,公司所在地,F204110 布疋、衣著、鞋、帽、傘、服飾品零售業；F203010 食品什貨、飲料零售業；F208040 化粧品零售業；F210010 鐘錶零售業；F215010 首飾及貴金屬零售業；F399040 無店面零售業；F401010 國際貿易業；I103060 管理顧問業；I401010 一般廣告服務業；I501010 產品設計業,臺北市,變更,11506
53924185,華謙股份有限公司,臺北市南港區三重路19之2號11樓,黃培輝,415771420,,115/06/17,增資(資本總額),H201010 一般投資業,臺北市,變更,11506
53925071,若拙土地開發有限公司,臺北市大同區承德路2段83之2號,郭春吉,5000000,,115/06/03,增資,H701010 住宅及大樓開發租售業；H701060 新市鎮、新社區開發業；H701070 區段徵收及市地重劃代辦業；F105050 家具、寢具、廚房器具、裝設品批發業；F109070 文教、樂器、育樂用品批發業；F111090 建材批發業；F113010 機械批發業；F113020 電器批發業；F120010 耐火材料批發業；F205040 家具、寢具、廚房器具、裝設品零售業,臺北市,變更,11506
53926016,慶陽國際有限公司,臺北市內湖區瑞光路607號4樓,蕭博陽,20000000,,115/06/03,特殊補正,F401010 國際貿易業；E604010 機械安裝業；F113010 機械批發業；F207200 化學原料零售業；F107200 化學原料批發業；F207080 環境用藥零售業；F107080 環境用藥批發業；ZZ99999 除許可業務外，得經營法令非禁止或限制之業務,臺北市,變更,11506
53927649,中華國際物聯網科技股份有限公司,臺北市南港區忠孝東路5段815號11樓,戴明仁,60000000,,115/06/12,董事/監察人持股變動報備,F109070 文教、樂器、育樂用品批發業；F113050 電腦及事務性機器設備批發業；F113070 電信器材批發業；F118010 資訊軟體批發業；F209060 文教、樂器、育樂用品零售業；F213030 電腦及事務性機器設備零售業；F213060 電信器材零售業；F218010 資訊軟體零售業；F401010 國際貿易業；E605010 電腦設備安裝業,臺北市,變更,11506
53928669,艾斯特物聯科技股份有限公司,臺北市信義區永吉路225巷16弄19號,戴家維,300000000,,115/06/02,公司所營事業變更修正章程,E599010 配管工程業；E603010 電纜安裝工程業；E603050 自動控制設備工程業；E604010 機械安裝業；E605010 電腦設備安裝業；E701020 衛星電視ＫＵ頻道、Ｃ頻道器材安裝業；E701030 電信管制射頻器材裝設工程業；EZ05010 儀器、儀表安裝工程業；F113010 機械批發業；F113030 精密儀器批發業,臺北市,變更,11506
53928865,晶朵有限公司,臺北市內湖區瑞光路225號1樓,李柳燕,1110000,,115/06/24,公司所在地,F208040 化粧品零售業；J202010 產業育成業；J304010 圖書出版業；J303010 雜誌（期刊）出版業；F401010 國際貿易業；F204110 布疋、衣著、鞋、帽、傘、服飾品零售業；I103060 管理顧問業；IZ12010 人力派遣業；F399040 無店面零售業；F207030 清潔用品零售業,臺北市,變更,11506
53929132,伊犁寶石國際有限公司,臺北市松山區八德路3段247號4樓之2,羅淑萌,3000000,,115/06/03,補繳規費,F115010 首飾及貴金屬批發業；F115020 礦石批發業；F215010 首飾及貴金屬零售業；F215020 礦石零售業；F204110 布疋、衣著、鞋、帽、傘、服飾品零售業；F205040 家具、寢具、廚房器具、裝設品零售業；F401010 國際貿易業；CG01010 珠寶及貴金屬製品製造業；JD01010 工商徵信服務業；I101080 工、礦顧問業,臺北市,變更,11506
53930193,克麗德國際股份有限公司,臺北市中山區南京東路3段201號9樓,黃文美,500000,,115/06/09,特殊補正,JZ99080 美容美髮服務業；JZ99110 瘦身美容業；F108040 化粧品批發業；F208040 化粧品零售業；I301010 資訊軟體服務業；I301030 電子資訊供應服務業；F399040 無店面零售業；IZ12010 人力派遣業；IZ15010 市場研究及民意調查業；F401010 國際貿易業,臺北市,變更,11506
53933184,東允餐飲股份有限公司,臺北市大安區延吉街160巷9號1樓,陳宜德,6012000,,115/06/11,發行新股,F102170 食品什貨批發業；F203010 食品什貨、飲料零售業；F401010 國際貿易業；F501030 飲料店業；F501060 餐館業；H703090 不動產買賣業；H703100 不動產租賃業；I103060 管理顧問業；ZZ99999 除許可業務外，得經營法令非禁止或限制之業務,臺北市,變更,11506
53935417,瑞謙國際貿易有限公司,臺北市大安區四維路170巷47號,凌正庭,500000,,115/06/26,特殊補正,F104110 布疋、衣著、鞋、帽、傘、服飾品批發業；F105050 家具、寢具、廚房器具、裝設品批發業；F106020 日常用品批發業；F108040 化粧品批發業；F204110 布疋、衣著、鞋、帽、傘、服飾品零售業；F205040 家具、寢具、廚房器具、裝設品零售業；F208040 化粧品零售業；F219010 電子材料零售業；F401010 國際貿易業；ZZ99999 除許可業務外，得經營法令非禁止或限制之業務,臺北市,變更,11506
53935795,威爾醫療器材有限公司,臺北市中山區南京東路3段189號4樓,陳威豪,3000000,,115/06/23,特殊補正,F108031 醫療器材批發業；F208031 醫療器材零售業；F401010 國際貿易業；ZZ99999 除許可業務外，得經營法令非禁止或限制之業務,臺北市,變更,11506
53937935,台灣卡普空股份有限公司,臺北市中正區襄陽路9號15樓,義永健人(YOSHINAGA TATSUHIKO),80000000,,115/06/18,改選董事/監察人(一人法人股東指派董事/監察人),F118010 資訊軟體批發業；F218010 資訊軟體零售業；F401010 國際貿易業；F601010 智慧財產權業；I301010 資訊軟體服務業；I301020 資料處理服務業；I301030 電子資訊供應服務業；J399010 軟體出版業；ZZ99999 除許可業務外，得經營法令非禁止或限制之業務；F203010 食品什貨、飲料零售業,臺北市,變更,11506
53939552,聯開投資股份有限公司,臺北市南港區園區街46之2號1樓,陳文森,1000000,,115/06/09,補繳規費,I301010 資訊軟體服務業；I301020 資料處理服務業；I301030 電子資訊供應服務業；F118010 資訊軟體批發業；F218010 資訊軟體零售業；F401010 國際貿易業；H701060 新市鎮、新社區開發業；H701070 區段徵收及市地重劃代辦業；H701080 都市更新重建業；H701090 都市更新整建維護業,臺北市,變更,11506
53939791,合旭室內裝修有限公司,臺北市信義區永吉路176號4樓,陳冠中,3000000,,115/06/18,改推董事/董事長,E801010 室內裝潢業；E801020 門窗安裝工程業；E801030 室內輕鋼架工程業；E801040 玻璃安裝工程業；E801060 室內裝修業；E801070 廚具、衛浴設備安裝工程業；E901010 油漆工程業；E903010 防蝕、防銹工程業；E601010 電器承裝業；E601020 電器安裝業,臺北市,變更,11506
53941071,鑽石糖創意行銷有限公司,臺北市中山區南京東路3段101號4樓,李書豪,6000000,,115/06/02,公司所在地,F104110 布疋、衣著、鞋、帽、傘、服飾品批發業；F105050 家具、寢具、廚房器具、裝設品批發業；F106010 五金批發業；F106020 日常用品批發業；F109070 文教、樂器、育樂用品批發業；F113050 電腦及事務性機器設備批發業；F119010 電子材料批發業；F399040 無店面零售業；F401010 國際貿易業；G801010 倉儲業,臺北市,變更,11506
53941396,鑫星采有限公司,臺北市中山區南京東路2段140號7樓,陳德仁,28300000,,115/06/05,公司所在地,F401010 國際貿易業；I102010 投資顧問業；I103060 管理顧問業；ZZ99999 除許可業務外，得經營法令非禁止或限制之業務,臺北市,變更,11506
53941430,陸迦有限公司,臺北市南港區經貿二路188號5樓,謝明鑫,4030450,,115/06/26,改推董事/董事長,F401010 國際貿易業；F102170 食品什貨批發業；F203010 食品什貨、飲料零售業；F105050 家具、寢具、廚房器具、裝設品批發業；F108040 化粧品批發業；F109070 文教、樂器、育樂用品批發業；F111090 建材批發業；F115010 首飾及貴金屬批發業；F121010 食品添加物批發業；F199990 其他批發業,臺北市,變更,11506
53942199,電獺股份有限公司,臺北市松山區光復北路85巷28號3樓,謝綸,8834730,,115/06/24,特殊補正,I199990 其他顧問服務業；I301010 資訊軟體服務業；I301020 資料處理服務業；I301030 電子資訊供應服務業；I401010 一般廣告服務業；I501010 產品設計業；I599990 其他設計業；J601010 藝文服務業；J602010 演藝活動業；F399040 無店面零售業,臺北市,變更,11506
53945219,兆同實業有限公司,臺北市士林區永平街65號1樓,朱麗芬,2500000,,115/06/01,增資,C805990 其他塑膠製品製造業；CA01010 鋼鐵冶鍊業；CA01020 鋼鐵軋延及擠型業；CA01030 鋼鐵鑄造業；CA01050 鋼材二次加工業；CA01120 銅鑄造業；CA01130 銅材軋延、伸線、擠型業；CA02990 其他金屬製品製造業；CB01010 機械設備製造業；CB01990 其他機械製造業,臺北市,變更,11506
53946168,華人置地股份有限公司,臺北市大安區敦化南路2段180號9樓之1,李采原,12030000,,115/06/08,特殊補正,H703090 不動產買賣業；H703100 不動產租賃業；HZ99990 其他金融、保險及不動產業；ZZ99999 除許可業務外，得經營法令非禁止或限制之業務；H701010 住宅及大樓開發租售業,臺北市,變更,11506
53946688,鼎福開發顧問有限公司,臺北市內湖區安康路28之1號7樓,曾偉雅,1500000,,115/06/04,公司名稱變更修正章程,F104110 布疋、衣著、鞋、帽、傘、服飾品批發業；F105050 家具、寢具、廚房器具、裝設品批發業；F111090 建材批發業；F204110 布疋、衣著、鞋、帽、傘、服飾品零售業；F211010 建材零售業；F401010 國際貿易業；CA02010 金屬結構及建築組件製造業；H701010 住宅及大樓開發租售業；H701020 工業廠房開發租售業；H703090 不動產買賣業,臺北市,變更,11506
53949236,展翼開發股份有限公司,臺北市中山區民生東路1段42號2樓之1至之5及3樓之1至之5,林宜霈,10500000,,115/06/10,董事/監察人持股變動報備,J901020 一般旅館業；F203010 食品什貨、飲料零售業；F206020 日常用品零售業；F401010 國際貿易業；F501030 飲料店業；F501060 餐館業；H703100 不動產租賃業；ZZ99999 除許可業務外，得經營法令非禁止或限制之業務,臺北市,變更,11506
53949524,安永生活事業股份有限公司,臺北市內湖區洲子街176號3樓,曾海華,295000000,,115/06/15,改派董事/監察人,A102020 農產品整理業；A102060 糧商業；C104020 烘焙炊蒸食品製造業；F101040 家畜家禽批發業；F101050 水產品批發業；F101130 蔬果批發業；F102040 飲料批發業；F102170 食品什貨批發業；F106020 日常用品批發業；F107030 清潔用品批發業,臺北市,變更,11506
53949587,承閎建設開發股份有限公司,臺北市大安區忠孝東路4段169號11樓之4,陳信玨,22500000,,115/06/26,改選董事/監察人(一人法人股東指派董事/監察人),H701010 住宅及大樓開發租售業；H701020 工業廠房開發租售業；H701080 都市更新重建業；H703090 不動產買賣業；H703100 不動產租賃業；H701060 新市鎮、新社區開發業；H701070 區段徵收及市地重劃代辦業；H702010 建築經理業；ZZ99999 除許可業務外，得經營法令非禁止或限制之業務；H201010 一般投資業,臺北市,變更,11506
53950269,台灣開道股份有限公司,臺北市松山區民生東路3段128號6樓之1,榎本創,96500000,,115/06/23,改選董事/監察人(一人法人股東指派董事/監察人),CB01010 機械設備製造業；EZ02010 起重工程業；F113010 機械批發業；F213080 機械器具零售業；F401010 國際貿易業；ZZ99999 除許可業務外，得經營法令非禁止或限制之業務,臺北市,變更,11506
53952338,天尚科技有限公司,臺北市南港區研究院路3段159號,羅志忠,4450000,,115/06/05,特殊補正,C306010 成衣業；C307010 服飾品製造業；C401030 皮革、毛皮整製業；C402030 皮革、毛皮製品製造業；C802100 化粧品製造業；C802110 化粧品色素製造業；C805030 塑膠日用品製造業；CC01020 電線及電纜製造業；CC01030 電器及視聽電子產品製造業；CC01040 照明設備製造業,臺北市,變更,11506
53953081,台灣北壽心股份有限公司,臺北市信義區忠孝東路4段553巷30號2樓,河越誠剛,22000000,,115/06/23,特殊補正,C104010 糖果製造業；C104020 烘焙炊蒸食品製造業；F501030 飲料店業；F501050 飲酒店業；F501060 餐館業；F102170 食品什貨批發業；F203010 食品什貨、飲料零售業；F401010 國際貿易業；ZZ99999 除許可業務外，得經營法令非禁止或限制之業務,臺北市,變更,11506
53953152,恒致投資有限公司,臺北市萬華區莒光路310號5樓,鄭有峰,300000,,115/06/30,特殊補正,H201010 一般投資業；ZZ99999 除許可業務外，得經營法令非禁止或限制之業務,臺北市,變更,11506
53953982,元元國際有限公司,臺北市大安區敦化南路225號7樓之2,鍾雯,200000,,115/06/05,特殊補正,F104110 布疋、衣著、鞋、帽、傘、服飾品批發業；F108040 化粧品批發業；F115010 首飾及貴金屬批發業；F401010 國際貿易業；ZZ99999 除許可業務外，得經營法令非禁止或限制之業務,臺北市,變更,11506
53956518,崧和有限公司,臺北市內湖區基湖路3巷49號,馬隆政,15000000,,115/06/10,股東出資轉讓修正章程,F401010 國際貿易業；I102010 投資顧問業；I103060 管理顧問業；I199990 其他顧問服務業；H201010 一般投資業；H703090 不動產買賣業；H703100 不動產租賃業；ZZ99999 除許可業務外，得經營法令非禁止或限制之業務,臺北市,變更,11506
53956881,世榮環保企業有限公司,臺北市內湖區麗山街68巷8號4樓,陳世榮,1000000,,115/06/17,股東出資轉讓修正章程,J101030 廢棄物清除業；J101040 廢棄物處理業；J101080 資源回收業；J101090 廢棄物清理業；J101010 建築物清潔服務業；J101020 病媒防治業；J101050 環境檢測服務業；J101060 廢（污）水處理業；J101990 其他環境衛生及污染防治服務業；ZZ99999 除許可業務外，得經營法令非禁止或限制之業務,臺北市,變更,11506
53957116,安沛國際有限公司,臺北市大安區敦化南路2段207號20樓,饒啟璋,65000000,,115/06/25,特殊補正,F401010 國際貿易業；F108021 西藥批發業；F108031 醫療器材批發業；F208021 西藥零售業；F208031 醫療器材零售業；ZZ99999 除許可業務外，得經營法令非禁止或限制之業務,臺北市,變更,11506
53957523,伊羅安企業股份有限公司,臺北市內湖區基湖路35巷16號6樓,羅榮科,226800000,,115/06/08,特殊補正,CJ01010 製帽業；CK01010 製鞋業；CM01010 箱、包、袋製造業；F104110 布疋、衣著、鞋、帽、傘、服飾品批發業；F105050 家具、寢具、廚房器具、裝設品批發業；F109070 文教、樂器、育樂用品批發業；F204110 布疋、衣著、鞋、帽、傘、服飾品零售業；F205040 家具、寢具、廚房器具、裝設品零售業；F209060 文教、樂器、育樂用品零售業；F301010 百貨公司業,臺北市,變更,11506
53968562,瑞群營造有限公司,臺北市內湖區行善路467號7樓,何銘忠,361342529,,115/06/12,增資,E101011 綜合營造業；H701010 住宅及大樓開發租售業；H701020 工業廠房開發租售業；H701050 投資興建公共建設業；H701060 新市鎮、新社區開發業；H701090 都市更新整建維護業；H701070 區段徵收及市地重劃代辦業；I503010 景觀、室內設計業；H702010 建築經理業；H703090 不動產買賣業,臺北市,變更,11506
53972382,旭峰能源有限公司,臺北市大安區信義路3段153號4樓,天泰能源股份有限公司,9470000,,115/06/10,減資,D101040 非屬公用之發電業；H701050 投資興建公共建設業；H703090 不動產買賣業；H703100 不動產租賃業；IG03010 能源技術服務業；JE01010 租賃業；CC01010 發電、輸電、配電機械製造業；I101070 農、林、漁、畜牧顧問業；F401010 國際貿易業；F101040 家畜家禽批發業,臺北市,變更,11506
54049418,道森企業股份有限公司,臺北市中正區羅斯福路4段68號7樓之12,馬道奇,6000000,,115/06/29,特殊補正,F106010 五金批發業；F106020 日常用品批發業；F111090 建材批發業；F118010 資訊軟體批發業；F120010 耐火材料批發業；F206010 五金零售業；F211010 建材零售業；F401010 國際貿易業；F601010 智慧財產權業；J101990 其他環境衛生及污染防治服務業,臺北市,變更,11506
54050688,新盛實業有限公司,臺北市中山區長春路40號4樓之4,張淑君,5000000,,115/06/26,特殊補正,F101040 家畜家禽批發業；F101050 水產品批發業；F101130 蔬果批發業；F102020 食用油脂批發業；F102030 菸酒批發業；F102040 飲料批發業；F102050 茶葉批發業；F102170 食品什貨批發業；F199990 其他批發業；F203010 食品什貨、飲料零售業,臺北市,變更,11506
54056418,約書亞廣告股份有限公司,臺北市中正區松江路76號7樓之2,劉易蓁,2500000,,115/06/23,特殊補正,J202010 產業育成業；J301010 報紙業；J302010 通訊稿業；J303010 雜誌（期刊）出版業；J304010 圖書出版業；J305010 有聲出版業；J601010 藝文服務業；J602010 演藝活動業；JZ99050 仲介服務業；F109070 文教、樂器、育樂用品批發業,臺北市,變更,11506
54058540,立普思股份有限公司,臺北市內湖區瑞光路100號2樓,劉凌偉,484917770,,115/06/03,特殊補正,CC01030 電器及視聽電子產品製造業；CC01060 有線通信機械器材製造業；CC01110 電腦及其週邊設備製造業；E605010 電腦設備安裝業；E701010 電信工程業；E701030 電信管制射頻器材裝設工程業；F106020 日常用品批發業；F109070 文教、樂器、育樂用品批發業；F113020 電器批發業；F113070 電信器材批發業,臺北市,變更,11506
54078742,雋和系統有限公司,臺北市大安區信義路3段153號4樓,吉甲能源股份有限公司,24780000,,115/06/10,減資,EZ05010 儀器、儀表安裝工程業；EZ15010 保溫、保冷安裝工程業；EZ99990 其他工程業；E604010 機械安裝業；E605010 電腦設備安裝業；E502010 燃料導管安裝工程業；E599010 配管工程業；F401010 國際貿易業；E601020 電器安裝業；E603050 自動控制設備工程業,臺北市,變更,11506
54086320,翔鶴科技有限公司,臺北市大安區信義路3段153號4樓,吉甲能源股份有限公司,15000000,,115/06/10,減資,CB01990 其他機械製造業；CC01080 電子零組件製造業；CC01090 電池製造業；E601010 電器承裝業；E601020 電器安裝業；E603050 自動控制設備工程業；E603080 交通號誌安裝工程業；E603090 照明設備安裝工程業；E604010 機械安裝業；EZ05010 儀器、儀表安裝工程業,臺北市,變更,11506
54108014,川碩實業有限公司,臺北市中山區松江路66號9樓,李明億,12000000,,115/06/30,減少所營事業變更修正章程,F101040 家畜家禽批發業；F101050 水產品批發業；F101980 其他動物批發業；F101990 其他農、畜、水產品批發業；F102020 食用油脂批發業；F102030 菸酒批發業；F102040 飲料批發業；F102050 茶葉批發業；F102170 食品什貨批發業；F102180 酒精批發業,臺北市,變更,11506
54123303,天璇投資有限公司,臺北市大安區信義路3段153號4樓,昭陽能源股份有限公司,60300000,,115/06/23,減資,H201010 一般投資業；I103060 管理顧問業；I199990 其他顧問服務業；IG03010 能源技術服務業；F401010 國際貿易業；ZZ99999 除許可業務外，得經營法令非禁止或限制之業務,臺北市,變更,11506
54139522,璟碩投資有限公司,臺北市大同區長安西路106號3樓之6,賴姵樺,10000000,,115/06/04,特殊補正,H201010 一般投資業,臺北市,變更,11506
54151237,理式意象設計有限公司,臺北市大安區忠孝東路3段10巷22號7樓,李孟杰,200000,,115/06/04,特殊補正,I301010 資訊軟體服務業；I301020 資料處理服務業；I301030 電子資訊供應服務業；I401010 一般廣告服務業；I501010 產品設計業；I502010 服飾設計業；I503010 景觀、室內設計業；J304010 圖書出版業；J601010 藝文服務業；J602010 演藝活動業,臺北市,變更,11506
54152003,凱利達廣告設計有限公司,臺北市大安區和平東路3段88號2樓,李震華,100000,,115/06/18,特殊補正,E801010 室內裝潢業；I401010 一般廣告服務業；I501010 產品設計業；I503010 景觀、室內設計業；I599990 其他設計業；ZZ99999 除許可業務外，得經營法令非禁止或限制之業務,臺北市,變更,11506
54152708,柏桔有限公司,臺北市中山區南京東路3段26號7樓,李明君,1000000,,115/06/03,公司所營事業變更修正章程,A101020 農作物栽培業；A199990 其他農業；I103060 管理顧問業；I199990 其他顧問服務業；IG02010 研究發展服務業；ZZ99999 除許可業務外，得經營法令非禁止或限制之業務,臺北市,變更,11506
54158029,庭楊股份有限公司,臺北市信義區光復南路495號6樓之5,KIM HOCK SENG,1010000,,115/06/23,改選董事/監察人(一人法人股東指派董事/監察人),F401010 國際貿易業；H201010 一般投資業；ZZ99999 除許可業務外，得經營法令非禁止或限制之業務,臺北市,變更,11506
54158718,德堡興業有限公司,臺北市中山區民生東路1段70巷6號6樓之2,廖春芬,33000000,,115/06/22,增資,H201010 一般投資業；H202010 創業投資業；H701010 住宅及大樓開發租售業；H703090 不動產買賣業；H703100 不動產租賃業；I102010 一般投資顧問業；ZZ99999 除許可業務外，得經營法令非禁止或限制之業務,臺北市,變更,11506
54161241,偉洱麟股份有限公司,臺北市中山區復興北路12號19樓,管心榆,75000000,,115/06/23,特殊補正,F401010 國際貿易業；F107190 塑膠膜、袋批發業；F120010 耐火材料批發業；F106010 五金批發業；H703100 不動產租賃業；H201010 一般投資業；H703090 不動產買賣業；ZZ99999 除許可業務外，得經營法令非禁止或限制之業務,臺北市,變更,11506
54161333,永擎電子股份有限公司,臺北市北投區中央南路二段37號4樓,許隆倫,717004450,,115/06/11,其他減資,CC01110 電腦及其週邊設備製造業；F113050 電腦及事務性機器設備批發業；F118010 資訊軟體批發業；F213030 電腦及事務性機器設備零售業；I301010 資訊軟體服務業；ZZ99999 除許可業務外，得經營法令非禁止或限制之業務,臺北市,變更,11506
54161740,凌聚整合股份有限公司,臺北市內湖區內湖路1段66號3樓,沈汶漳,18400000,,115/06/17,特殊補正,H201010 一般投資業；CC01120 資料儲存媒體製造及複製業；F113050 電腦及事務性機器設備批發業；F113070 電信器材批發業；F118010 資訊軟體批發業；F213030 電腦及事務性機器設備零售業；F218010 資訊軟體零售業；F401010 國際貿易業；I301010 資訊軟體服務業；I301020 資料處理服務業,臺北市,變更,11506
54162184,月球工程有限公司,臺北市中正區忠孝東路1段152號10樓之5,,1000000,,115/06/22,解散,ZZ99999 除許可業務外，得經營法令非禁止或限制之業務；E401010 疏濬業；E402010 沙石、淤泥海拋業；E502010 燃料導管安裝工程業；E599010 配管工程業；E601010 電器承裝業；E601020 電器安裝業；E603010 電纜安裝工程業；E603020 電梯安裝工程業；E603040 消防安全設備安裝工程業,臺北市,變更,11506
54163199,念璇有限公司,臺北市松山區光復北路100巷26號,方子璇,15000000,,115/06/11,股東出資轉讓修正章程,J901020 一般旅館業；J601010 藝文服務業；J602010 演藝活動業；I503010 景觀、室內設計業；I105010 藝術品諮詢顧問業；H703100 不動產租賃業；H701010 住宅及大樓開發租售業；H201010 一般投資業；F401010 國際貿易業,臺北市,變更,11506
54163472,源創國際投資股份有限公司,臺北市大安區復興南路1段321號7樓之3,吳玲翠,20000000,,115/06/12,減資,H201010 一般投資業,臺北市,變更,11506
54165350,喬尹國際股份有限公司,臺北市信義區忠孝東路5段800號9樓,蒙亞緹,5000000,,115/06/16,特殊補正,F113030 精密儀器批發業；F113050 電腦及事務性機器設備批發業；F118010 資訊軟體批發業；F119010 電子材料批發業；F213030 電腦及事務性機器設備零售業；F213040 精密儀器零售業；F218010 資訊軟體零售業；F219010 電子材料零售業；F399040 無店面零售業；F401010 國際貿易業,臺北市,變更,11506
54165366,傑恩資通有限公司,臺北市大同區大龍街108號1樓,林雅嫻,50000000,,115/06/09,特殊補正,CC01080 電子零組件製造業；CC01120 資料儲存媒體製造及複製業；E599010 配管工程業；E601010 電器承裝業；E601020 電器安裝業；E603010 電纜安裝工程業；E603040 消防安全設備安裝工程業；E603050 自動控制設備工程業；E603080 交通號誌安裝工程業；E603090 照明設備安裝工程業,臺北市,變更,11506
54165491,和利展業有限公司,臺北市中山區長安東路2段118號,王雪玲,2680000,,115/06/04,特殊補正,F401010 國際貿易業；H201010 一般投資業；H701010 住宅及大樓開發租售業；H701020 工業廠房開發租售業；H703090 不動產買賣業；H703100 不動產租賃業；I102010 投資顧問業；I103060 管理顧問業；JE01010 租賃業；JZ99050 仲介服務業,臺北市,變更,11506
54167694,綠威環保科技股份有限公司,臺北市信義區基隆路1段380號8樓,吳天銘,298420260,,115/06/30,特殊補正,F107200 化學原料批發業；F111090 建材批發業；F113010 機械批發業；F113030 精密儀器批發業；F118010 資訊軟體批發業；F119010 電子材料批發業；I301010 資訊軟體服務業；IG03010 能源技術服務業；J101060 廢（污）水處理業；J101090 廢棄物清理業,臺北市,變更,11506
54168878,興聯機械國際有限公司,臺北市內湖區堤頂大道1段327號3樓,賴滄坡,4000000,,115/06/01,特殊補正,F113010 機械批發業；F113060 度量衡器批發業；F213050 度量衡器零售業；F213080 機械器具零售業；F401010 國際貿易業；ZZ99999 除許可業務外，得經營法令非禁止或限制之業務,臺北市,變更,11506
54169356,敦凰顧問有限公司,臺北市信義區基隆路2段109號11樓,詹湘庭,2000000,,115/06/05,特殊補正,F106020 日常用品批發業；F206020 日常用品零售業；F108040 化粧品批發業；F208040 化粧品零售業；F113020 電器批發業；F213010 電器零售業；F113030 精密儀器批發業；F213040 精密儀器零售業；F113050 電腦及事務性機器設備批發業；F213030 電腦及事務性機器設備零售業,臺北市,變更,11506
54169692,初穗投資有限公司,臺北市大安區敦化南路2段77號16樓之2,王玉如,325000000,,115/06/29,特殊補正,H201010 一般投資業；ZZ99999 除許可業務外，得經營法令非禁止或限制之業務,臺北市,變更,11506
54170972,好事通國際有限公司,臺北市文山區試院路4巷11號4樓,孟憲正,1000000,,115/06/12,股東出資轉讓修正章程,F105050 家具、寢具、廚房器具、裝設品批發業；F106010 五金批發業；F113020 電器批發業；F115020 礦石批發業；F205040 家具、寢具、廚房器具、裝設品零售業；F206010 五金零售業；F213010 電器零售業；F215020 礦石零售業；F401010 國際貿易業；E601010 電器承裝業,臺北市,變更,11506
54171775,欣中聯機械銷售有限公司,臺北市中山區南京東路2段137號14樓,佟又森,1000000,,115/06/25,股東出資轉讓修正章程,F113010 機械批發業；F213080 機械器具零售業；F113030 精密儀器批發業；F213040 精密儀器零售業；F113060 度量衡器批發業；F213050 度量衡器零售業；F401010 國際貿易業；ZZ99999 除許可業務外，得經營法令非禁止或限制之業務,臺北市,變更,11506
54174668,金禾創意股份有限公司,臺北市萬華區內江街51號5樓之3、5樓之4,周美玲,1200000,,115/06/18,改選董事/監察人(一人法人股東指派董事/監察人),J304010 圖書出版業；J305010 有聲出版業；J401010 電影片製作業；J402010 電影片發行業；J503010 廣播節目製作業；J503020 電視節目製作業；J503030 廣播電視節目發行業；J503040 廣播電視廣告業；J601010 藝文服務業；J602010 演藝活動業,臺北市,變更,11506
54175630,洛商公關顧問有限公司,臺北市松山區南京東路3段346之4號8樓,蘇緯益,5000000,,115/06/02,公司所在地,JB01010 會議及展覽服務業；J601010 藝文服務業；J602010 演藝活動業；J603010 音樂展演空間業；JE01010 租賃業；JZ99030 攝影業；JZ99050 仲介服務業；I103060 管理顧問業；I301020 資料處理服務業；I401010 一般廣告服務業,臺北市,變更,11506
54179426,華上生技醫藥股份有限公司,臺北市南港區忠孝東路7段508號16樓之5,陳嘉南,540262350,,115/06/11,認股憑證換發新股,C110010 飲料製造業；C199990 未分類其他食品製造業；C802090 清潔用品製造業；C802100 化粧品製造業；F102040 飲料批發業；F108040 化粧品批發業；F208050 乙類成藥零售業；ZZ99999 除許可業務外，得經營法令非禁止或限制之業務；C802060 動物用藥製造業；C802080 環境用藥製造業,臺北市,變更,11506
54179642,臺灣企銀國際租賃股份有限公司,臺北市松山區南京東路4段147號、149號、151號5樓,陳紹晃,1660000000,,115/06/29,發行新股,A102060 糧商業；C302010 織布業；C303010 不織布業；C401030 皮革、毛皮整製業；E801010 室內裝潢業；F101040 家畜家禽批發業；F101050 水產品批發業；F101070 漁具批發業；F101100 花卉批發業；F102020 食用油脂批發業,臺北市,變更,11506
54183131,臺灣寶達興業有限公司,臺北市中山區南京東路三段168號5樓,榮坤明,500000000,,115/06/18,補繳規費,F102020 食用油脂批發業（限中華民國行業標準分類4545乳製品、蛋及食用油脂批發業）；F102030 菸酒批發業（限中華民國行業標準分類4546菸酒批發業）；F102040 飲料批發業（限中華民國行業標準分類4547非酒精飲料批發業）；F102170 食品什貨批發業（限中華民國行業標準分類4544冷凍調理食品批發業、4545乳製品、蛋及食用油脂批發業、4548咖啡、茶葉及香料批發業及4549其他食品批發業；農產品市場交易法所稱之農產品批發市場除外）；F104110 布疋、衣著、鞋、帽、傘、服飾品批發業（限中華民國行業標準分類4551布疋批發業、4552服裝及其配件批發業、4553鞋類批發業及4559其他服飾品批發業），但不得經營4553鞋類批發業；F105050 家具、寢具、廚房器具、裝設品批發業（限中華民國行業標準分類4562家具批發業及4563家飾品批發業），但不得經營寢具批發業；F106010 五金批發業（限中華民國行業標準分類4563家飾品批發業及4569其他家庭器具及用品批發業）；F106020 日常用品批發業（限中華民國行業標準分類4569其他家庭器具及用品批發業）；F107200 化學原料批發業（限中華民國行業標準分類4621化學原料批發業）；F107990 其他化學製品批發業（限中華民國行業標準分類4622化學製品批發業）,臺北市,變更,11506
54183152,大創亞旅行社股份有限公司,臺北市中山區雙城街18巷11號,黃侯恭,15000000,,115/06/16,董事/監察人持股變動報備,J902011 旅行業,臺北市,變更,11506
54184217,興達柴油噴射器有限公司,臺北市萬華區環河南路3段183號1樓,李建誠,1000000,,115/06/15,股東出資轉讓修正章程,CB01010 機械設備製造業；CC01010 發電、輸電、配電機械製造業；CC01080 電子零組件製造業；CD01030 汽車及其零件製造業；CD01990 其他運輸工具及其零件製造業；F113010 機械批發業；F113030 精密儀器批發業；F213040 精密儀器零售業；F213080 機械器具零售業；F214030 汽、機車零件配備零售業,臺北市,變更,11506
54184547,升茂投資股份有限公司,臺北市大安區忠孝東路4段218之3號3樓,李梅,50000000,,115/06/17,改選董事/監察人(一人法人股東指派董事/監察人),H201010 一般投資業,臺北市,變更,11506
54184568,仁茂科技管理顧問股份有限公司,臺北市大安區忠孝東路4段218之3號3樓,高繼祖,5000000,,115/06/18,改選董事/監察人(一人法人股東指派董事/監察人),H201010 一般投資業；I102010 投資顧問業；I103060 管理顧問業；I199990 其他顧問服務業；I501010 產品設計業；ZZ99999 除許可業務外，得經營法令非禁止或限制之業務；F401010 國際貿易業,臺北市,變更,11506
54184960,雀客國際酒店股份有限公司,臺北市中山區南京東路2段206號14樓之3,吳秉庭,332594070,,115/06/12,特殊補正,D501010 溫泉取供業；F203010 食品什貨、飲料零售業；F203020 菸酒零售業；F204110 布疋、衣著、鞋、帽、傘、服飾品零售業；F218010 資訊軟體零售業；F399040 無店面零售業；F399990 其他綜合零售業；F401010 國際貿易業；F501030 飲料店業；F501050 飲酒店業,臺北市,變更,11506
54186685,映捌玖數位影城股份有限公司,臺北市萬華區漢口街2段103號10樓,蔡榮華,5000000,,115/06/08,公司所在地,J403010 電影片映演業；F301010 百貨公司業；F399010 便利商店業；F401010 國際貿易業；F501030 飲料店業；H703100 不動產租賃業；I102010 投資顧問業；I103060 管理顧問業；I199990 其他顧問服務業；I301010 資訊軟體服務業,臺北市,變更,11506
54187615,品樂設計有限公司,臺北市大安區大安路1段191號6樓之1,蔡馥伊,500000,,115/06/22,特殊補正,I503010 景觀、室內設計業；E801010 室內裝潢業；E801030 室內輕鋼架工程業；I401010 一般廣告服務業；F401010 國際貿易業；F111090 建材批發業；F120010 耐火材料批發業；ZZ99999 除許可業務外，得經營法令非禁止或限制之業務,臺北市,變更,11506
54198795,瑞鑫能源有限公司,臺北市大安區信義路3段153號4樓,昭陽能源股份有限公司,8000000,,115/06/12,減資,CB01990 其他機械製造業；CC01080 電子零組件製造業；CC01090 電池製造業；D101040 非屬公用之發電業；D101060 再生能源自用發電設備業；E601010 電器承裝業；E601020 電器安裝業；E603050 自動控制設備工程業；E603080 交通號誌安裝工程業；E603090 照明設備安裝工程業,臺北市,變更,11506
54209955,中進峰能源有限公司,臺北市大安區信義路3段153號4樓,天泰壹能源股份有限公司,13350000,,115/06/11,減資,IG03010 能源技術服務業；F401010 國際貿易業；F101050 水產品批發業；F101040 家畜家禽批發業；F101100 花卉批發業；F101130 蔬果批發業；F101120 觀賞魚批發業；F201010 農產品零售業；F201020 畜產品零售業；F201030 水產品零售業,臺北市,變更,11506
54218482,晁興能源有限公司,臺北市大安區信義路3段153號4樓,昭陽能源股份有限公司,19369000,,115/06/22,減資,IG03010 能源技術服務業；ZZ99999 除許可業務外，得經營法令非禁止或限制之業務；F107200 化學原料批發業；F113010 機械批發業；F113020 電器批發業；F113030 精密儀器批發業；F113050 電腦及事務性機器設備批發業；F113070 電信器材批發業；F118010 資訊軟體批發業；F119010 電子材料批發業,臺北市,變更,11506
54229755,龍華物業管理顧問股份有限公司,臺北市士林區延平北路6段228號地下1樓,塗陳心瑀,3000000,,115/06/16,改選董事/監察人(一人法人股東指派董事/監察人),A102080 園藝服務業；E901010 油漆工程業；F107030 清潔用品批發業；F117010 消防安全設備批發業；F399040 無店面零售業；F401010 國際貿易業；G202010 停車場經營業；H701010 住宅及大樓開發租售業；H701020 工業廠房開發租售業；H701040 特定專業區開發業,臺北市,變更,11506
54239825,遠景科技股份有限公司,臺北市松山區民生東路3段128號12樓之1,任漢昇,5000000,,115/06/24,特殊補正,F118010 資訊軟體批發業；F119010 電子材料批發業；F218010 資訊軟體零售業；F219010 電子材料零售業；F401010 國際貿易業；I301030 電子資訊供應服務業；I501010 產品設計業,臺北市,變更,11506
54274771,安盛保險代理人股份有限公司,臺北市內湖區堤頂大道1段333號6樓,陳鼎鈞,5000000,,115/06/15,改選董事/監察人(一人法人股東指派董事/監察人),H601021 財產保險代理人,臺北市,變更,11506
54291315,澤洋有限公司,臺北市松山區復興南路1段63號6樓,黃宥臻,5000000,,115/06/09,特殊補正,F101130 蔬果批發業；F102030 菸酒批發業；F102040 飲料批發業；F102050 茶葉批發業；F102170 食品什貨批發業；F104110 布疋、衣著、鞋、帽、傘、服飾品批發業；F105050 家具、寢具、廚房器具、裝設品批發業；F106010 五金批發業；F106020 日常用品批發業；F106050 陶瓷玻璃器皿批發業,臺北市,變更,11506
54305676,駿陞實業有限公司,臺北市大同區市民大道1段209號12樓,盧志豪,500000,,115/06/23,特殊補正,F213060 電信器材零售業；F218010 資訊軟體零售業；F219010 電子材料零售業；F401010 國際貿易業,臺北市,變更,11506
54309531,臺灣發展軟體科技股份有限公司,臺北市內湖區瑞光路408號12樓之2,賴俊豪,47351640,,115/06/08,認股憑證換發新股,E605010 電腦設備安裝業；F113050 電腦及事務性機器設備批發業；F118010 資訊軟體批發業；F213030 電腦及事務性機器設備零售業；F218010 資訊軟體零售業；F401010 國際貿易業；F601010 智慧財產權業；I103060 管理顧問業；I301010 資訊軟體服務業；I199990 其他顧問服務業,臺北市,變更,11506
54312114,瑞廷創意影像有限公司,臺北市大安區忠孝東路4段155號6樓,鄭志良,3500000,,115/06/10,公司所在地,I301010 資訊軟體服務業；I301020 資料處理服務業；I301030 電子資訊供應服務業；I401010 一般廣告服務業；I501010 產品設計業；IZ10010 排版業；J305010 有聲出版業；J601010 藝文服務業；J602010 演藝活動業；JB01010 會議及展覽服務業,臺北市,變更,11506
54315793,綠創永續設計股份有限公司,臺北市中山區松江路87號11樓,林秋芬,1000000,,115/06/16,改選董事/監察人(一人法人股東指派董事/監察人),A102080 園藝服務業；E801010 室內裝潢業；F102170 食品什貨批發業；F106020 日常用品批發業；F111090 建材批發業；F113010 機械批發業；F201010 農產品零售業；F203010 食品什貨、飲料零售業；F206020 日常用品零售業；F213080 機械器具零售業,臺北市,變更,11506
54321232,台灣立力科股份有限公司,臺北市中山區南京東路3段77號3樓,宮崎正哉,13000000,,115/06/08,特殊補正,I501010 產品設計業；IG02010 研究發展服務業；IG01010 生物技術服務業；I101090 食品顧問業；I103060 管理顧問業；I301020 資料處理服務業；IZ12010 人力派遣業；F401010 國際貿易業；IC01010 藥品檢驗業；F108040 化粧品批發業,臺北市,變更,11506
54321633,艾玩天地互動娛樂科技股份有限公司,臺北市中正區衡陽路51號10樓之17,蕭士仁,18458510,,115/06/05,特殊補正,F109070 文教、樂器、育樂用品批發業；F113050 電腦及事務性機器設備批發業；F118010 資訊軟體批發業；F119010 電子材料批發業；F209060 文教、樂器、育樂用品零售業；F213030 電腦及事務性機器設備零售業；F218010 資訊軟體零售業；F219010 電子材料零售業；F399040 無店面零售業；F401010 國際貿易業,臺北市,變更,11506
54322345,漢津股份有限公司,臺北市南港區園區街3號12樓之5,陳貴弘,238000000,,115/06/25,改選董事/監察人(一人法人股東指派董事/監察人),H201010 一般投資業；H703090 不動產買賣業；H703100 不動產租賃業；I102010 投資顧問業；ZZ99999 除許可業務外，得經營法令非禁止或限制之業務,臺北市,變更,11506
54323203,寶通科技股份有限公司,臺北市信義區忠孝東路5段552號5樓,周桓生,15000000,,115/06/16,特殊補正,H201010 一般投資業；ZZ99999 除許可業務外，得經營法令非禁止或限制之業務,臺北市,變更,11506
54324977,大觀國際置業有限公司,臺北市松山區復興南路1段45號5樓,王秀珠,20000000,,115/06/15,特殊補正,F401010 國際貿易業；H703100 不動產租賃業；I102010 投資顧問業；JE01010 租賃業；H201010 一般投資業；H701010 住宅及大樓開發租售業；H701020 工業廠房開發租售業；H703090 不動產買賣業；I103060 管理顧問業；IZ12010 人力派遣業,臺北市,變更,11506
54325119,樂利豐股份有限公司,臺北市中山區民生東路3段2號7樓,鍾長穎,5000000,,115/06/26,增資(資本總額),F104110 布疋、衣著、鞋、帽、傘、服飾品批發業；F108040 化粧品批發業；F109070 文教、樂器、育樂用品批發業；F401010 國際貿易業；F501030 飲料店業；C701010 印刷業；I199990 其他顧問服務業；I301020 資料處理服務業；I301030 電子資訊供應服務業；I401010 一般廣告服務業,臺北市,變更,11506
54325167,駿泓國際有限公司,臺北市信義區光復南路429號5樓之1,林于喆,3000000,,115/06/24,特殊補正,H701010 住宅及大樓開發租售業；H701020 工業廠房開發租售業；H701050 投資興建公共建設業；H701060 新市鎮、新社區開發業；H701070 區段徵收及市地重劃代辦業；H701090 都市更新整建維護業；H703090 不動產買賣業；H703100 不動產租賃業；H703110 老人住宅業；HZ99990 其他金融、保險及不動產業,臺北市,變更,11506
54325407,裕和豐有限公司,臺北市北投區中央北路1段129號2樓之1,邱宥紳,4000000,,115/06/08,公司名稱變更修正章程,F101050 水產品批發業；F101130 蔬果批發業；F102170 食品什貨批發業；F104110 布疋、衣著、鞋、帽、傘、服飾品批發業；F105050 家具、寢具、廚房器具、裝設品批發業；F106010 五金批發業；F106020 日常用品批發業；F107030 清潔用品批發業；F108040 化粧品批發業；F109070 文教、樂器、育樂用品批發業,臺北市,變更,11506
54326010,歐美國際顧問有限公司,臺北市中正區館前路2號11樓,曾尹柔,1000000,,115/06/22,特殊補正,JA05010 留、遊學服務業；I103060 管理顧問業；IZ04010 翻譯業；IZ01010 影印業；JB01010 會議及展覽服務業；F109070 文教、樂器、育樂用品批發業；F209060 文教、樂器、育樂用品零售業；F401010 國際貿易業；IZ12010 人力派遣業；JZ99050 仲介服務業,臺北市,變更,11506
54326052,圓祥生技股份有限公司,臺北市南港區忠孝東路7段508號11樓之2,陳志全,969934100,,115/06/23,補繳規費,I199990 其他顧問服務業；IG01010 生物技術服務業；IZ99990 其他工商服務業；F107200 化學原料批發業；F113030 精密儀器批發業；F207200 化學原料零售業；F401010 國際貿易業；F601010 智慧財產權業；ZZ99999 除許可業務外，得經營法令非禁止或限制之業務,臺北市,變更,11506
54326291,奧比原有限公司,臺北市萬華區長沙街2段11號5樓之11,羅國原,1000000,,115/06/15,特殊補正,F104110 布疋、衣著、鞋、帽、傘、服飾品批發業；F115010 首飾及貴金屬批發業；F204110 布疋、衣著、鞋、帽、傘、服飾品零售業；F215010 首飾及貴金屬零售業；F399040 無店面零售業；F401010 國際貿易業；I502010 服飾設計業；F106060 寵物食品及其用品批發業；F113050 電腦及事務性機器設備批發業；F213030 電腦及事務性機器設備零售業,臺北市,變更,11506
54329831,苙豐實業股份有限公司,臺北市中正區杭州南路1段12號,吳秉庭,143000000,,115/06/23,補繳規費,F501060 餐館業；J901020 一般旅館業；H703100 不動產租賃業；JE01010 租賃業；ZZ99999 除許可業務外，得經營法令非禁止或限制之業務,臺北市,變更,11506
54331323,大均興業有限公司,臺北市大安區忠孝東路4段221號12樓,陳建廷,46000000,,115/06/23,股東出資轉讓修正章程,F102030 菸酒批發業；F102040 飲料批發業；F102170 食品什貨批發業；F203010 食品什貨、飲料零售業；F203020 菸酒零售業；F399040 無店面零售業；F401010 國際貿易業；I101090 食品顧問業；I301040 第三方支付服務業；I401010 一般廣告服務業,臺北市,變更,11506
54331463,柒木設計有限公司,臺北市信義區松山路529號,葉庭瑋,3000000,,115/06/04,特殊補正,F213010 電器零售業；F113020 電器批發業；F206010 五金零售業；F106010 五金批發業；I501010 產品設計業；I503010 景觀設計業；I599990 其他設計業；I401010 一般廣告服務業；I103060 管理顧問業；F105050 家具、寢具、廚房器具、裝設品批發業,臺北市,變更,11506
54332300,彩菲有限公司,臺北市萬華區西園路2段37號12樓,洪姵瑀,1100000,,115/06/04,特殊補正,F105050 家具、寢具、廚房器具、裝設品批發業；F205040 家具、寢具、廚房器具、裝設品零售業；F106010 五金批發業；F106020 日常用品批發業；F106040 水器材料批發業；F206010 五金零售業；F206020 日常用品零售業；F206040 水器材料零售業；F111090 建材批發業；F211010 建材零售業,臺北市,變更,11506
54332505,蘊白珠寶有限公司,臺北市內湖區瑞光路66巷31號4樓,李宗峻,2000000,,115/06/05,特殊補正,F401010 國際貿易業；F215010 首飾及貴金屬零售業；F115010 首飾及貴金屬批發業；F115020 礦石批發業；F215020 礦石零售業；F399040 無店面零售業；I501010 產品設計業；CG01010 珠寶及貴金屬製品製造業；ZZ99999 除許可業務外，得經營法令非禁止或限制之業務,臺北市,變更,11506
54333687,台灣開飯喇股份有限公司,臺北市中山區松江路158號7樓,邱桂雄(Yau Kwai Hung),5000000,,115/06/18,公司所在地,I301020 資料處理服務業；I301030 電子資訊供應服務業；I401010 一般廣告服務業；ZZ99999 除許可業務外，得經營法令非禁止或限制之業務,臺北市,變更,11506
54335257,札野有限公司,臺北市大安區安和路2段28號,郭熙宇,5000000,,115/06/15,股東出資轉讓修正章程,F102030 菸酒批發業；F102040 飲料批發業；F102050 茶葉批發業；F102170 食品什貨批發業；F106020 日常用品批發業；F106040 水器材料批發業；F106050 陶瓷玻璃器皿批發業；F201030 水產品零售業；F203010 食品什貨、飲料零售業；F203020 菸酒零售業,臺北市,變更,11506
54335881,天泰壹能源股份有限公司,臺北市大安區信義路3段153號4樓,陳坤宏,43470000,,115/06/22,減資,C803990 其他石油及煤製品製造業；CB01010 機械設備製造業；CB01990 其他機械製造業；CC01010 發電、輸電、配電機械製造業；CC01990 其他電機及電子機械器材製造業；D101040 非屬公用之發電業；D101050 汽電共生業；D101060 再生能源自用發電設備業；D401010 熱能供應業；E603050 自動控制設備工程業,臺北市,變更,11506
54338091,藝砌石材有限公司,臺北市內湖區內湖路1段285巷27弄4號,胡沁榆,2000000,,115/06/16,股東出資轉讓修正章程,E801010 室內裝潢業；F111090 建材批發業；F115020 礦石批發業；F211010 建材零售業；F220010 耐火材料零售業；F401010 國際貿易業；I103060 管理顧問業；I105010 藝術品諮詢顧問業；I501010 產品設計業；I503010 景觀、室內設計業,臺北市,變更,11506
54342686,露露樂蒙股份有限公司,臺北市中山區松江路50號7樓,Eveline van Verseveld,140300000,,115/06/26,特殊補正,F104110 布疋、衣著、鞋、帽、傘、服飾品批發業；F204110 布疋、衣著、鞋、帽、傘、服飾品零售業；F399040 無店面零售業；F401010 國際貿易業；J802010 運動訓練業；I103060 管理顧問業；ZZ99999 除許可業務外，得經營法令非禁止或限制之業務；F108040 化粧品批發業；F208040 化粧品零售業；F109070 文教、樂器、育樂用品批發業,臺北市,變更,11506
54346016,台灣聯合艾諾股份有限公司,臺北市大安區仁愛路4段71巷30、32號1樓,森本裕史,60000000,,115/06/30,特殊補正,F104110 布疋、衣著、鞋、帽、傘、服飾品批發業；F204110 布疋、衣著、鞋、帽、傘、服飾品零售業；F110010 鐘錶批發業；F210010 鐘錶零售業；F110020 眼鏡批發業；F210020 眼鏡零售業；F105050 家具、寢具、廚房器具、裝設品批發業；F205040 家具、寢具、廚房器具、裝設品零售業；F113020 電器批發業；F213010 電器零售業,臺北市,變更,11506
54346064,晨宏綠材有限公司,臺北市信義區基隆路1段109之6號2樓之2,,10000000,,115/06/30,解散,E502010 燃料導管安裝工程業；E599010 配管工程業；E801010 室內裝潢業；E601010 電器承裝業；E601020 電器安裝業；EZ99990 其他工程業；D101050 汽電共生業；D101060 再生能源自用發電設備業；CC01010 發電、輸電、配電機械製造業；CC01990 其他電機及電子機械器材製造業,臺北市,變更,11506
54346233,全福生物科技股份有限公司,臺北市內湖區瑞光路358巷30弄1號8樓,林羣,1330610000,,115/06/05,發行新股,IG01010 生物技術服務業；IG02010 研究發展服務業；I103060 管理顧問業；F401010 國際貿易業；F108021 西藥批發業；ZZ99999 除許可業務外，得經營法令非禁止或限制之業務,臺北市,變更,11506
54347697,花米電影有限公司,臺北市信義區忠孝東路5段1之2號12樓,劉天明,1200000,,115/06/15,公司所在地,F104110 布疋、衣著、鞋、帽、傘、服飾品批發業；F109070 文教、樂器、育樂用品批發業；F401010 國際貿易業；F601010 智慧財產權業；J303010 雜誌（期刊）出版業；J304010 圖書出版業；J305010 有聲出版業；J399010 軟體出版業；J401011 電影片製作業；J402011 電影片發行業,臺北市,變更,11506
54351777,奇杅實業股份有限公司,臺北市大安區仁愛路4段33號3樓,蘇眉晴,30000000,,115/06/01,改選董事/監察人(一人法人股東指派董事/監察人),A102080 園藝服務業；EZ99990 其他工程業；F102170 食品什貨批發業；F106020 日常用品批發業；F108040 化粧品批發業；F203010 食品什貨、飲料零售業；F206020 日常用品零售業；F208040 化粧品零售業；F399040 無店面零售業；F401010 國際貿易業,臺北市,變更,11506
54352614,安捷航空股份有限公司,臺北市內湖區瑞光路408號8樓之3,高健祐,950000000,,115/06/17,一般補正案,I101100 航空顧問業；I103060 管理顧問業；I199990 其他顧問服務業；IZ12010 人力派遣業；F114070 航空器及其零件批發業；F214070 航空器及其零件零售業；ZZ99999 除許可業務外，得經營法令非禁止或限制之業務；J201051 民用航空人員訓練業；JA05010 留、遊學服務業；G502011 普通航空業,臺北市,變更,11506
54352993,昇捷生物科技股份有限公司,臺北市中山區松江路54號10樓之3,王慧芬,45723690,,115/06/18,特殊補正,I101090 食品顧問業；I301010 資訊軟體服務業；IC01010 藥品檢驗業；IG01010 生物技術服務業；IG02010 研究發展服務業；ZZ99999 除許可業務外，得經營法令非禁止或限制之業務,臺北市,變更,11506
54353493,愛群生醫國際股份有限公司,臺北市大安區信義路3段178號12樓,翁紹評,136000000,,115/06/24,特殊補正,F102170 食品什貨批發業；F108040 化粧品批發業；F113030 精密儀器批發業；F203010 食品什貨、飲料零售業；F206020 日常用品零售業；F207030 清潔用品零售業；F208040 化粧品零售業；F208050 乙類成藥零售業；F213030 電腦及事務性機器設備零售業；H701010 住宅及大樓開發租售業,臺北市,變更,11506
54358075,佳軒廣告設計有限公司,臺北市大安區和平東路3段88號2樓,李震華,100000,,115/06/16,特殊補正,E801010 室內裝潢業；I401010 一般廣告服務業；I501010 產品設計業；I503010 景觀、室內設計業；I599990 其他設計業；ZZ99999 除許可業務外，得經營法令非禁止或限制之業務,臺北市,變更,11506
54358390,台灣拉克絲蒂股份有限公司,臺北市松山區南京東路3段287號8樓,"Vincent,Louis,Jean Allard",81000000,,115/06/04,改選董事/監察人(一人法人股東指派董事/監察人),C306010 成衣業；F204110 布疋、衣著、鞋、帽、傘、服飾品零售業；F206020 日常用品零售業；F210010 鐘錶零售業；F210020 眼鏡零售業；F215010 首飾及貴金屬零售業；F401010 國際貿易業；F104110 布疋、衣著、鞋、帽、傘、服飾品批發業；F106020 日常用品批發業；F110010 鐘錶批發業,臺北市,變更,11506
54358716,悅萊國際實業有限公司,臺北市中山區新生北路2段137巷17號3樓之1,林裕國,5000000,,115/06/05,特殊補正,F101130 蔬果批發業；F101990 其他農、畜、水產品批發業；F102040 飲料批發業；F102050 茶葉批發業；F102170 食品什貨批發業；F115010 首飾及貴金屬批發業；F118010 資訊軟體批發業；F199990 其他批發業；F201010 農產品零售業；F201020 畜產品零售業,臺北市,變更,11506
54360142,中生醫藥股份有限公司,臺北市信義區松仁路36號11樓,Jed Latkin,231534840,,115/06/25,補選董事(常務董事.董事長)/監察人,IG01010 生物技術服務業；F208050 乙類成藥零售業；F401010 國際貿易業；IC01010 藥品檢驗業；IG02010 研究發展服務業；F601010 智慧財產權業；ZZ99999 除許可業務外，得經營法令非禁止或限制之業務,臺北市,變更,11506
54373266,日商日本旅行股份有限公司,臺北市中山區長春路40號10樓之3,黎宥辰,0,,115/06/15,辦事處所在地變更,,臺北市,變更,11506
54377586,英屬維京群島商幫你優股份有限公司,臺北市中正區羅斯福路2段9號11樓之1,曾國維,248001000,,115/06/15,一般補正案,F109070 文教、樂器、育樂用品批發業；F113030 精密儀器批發業；F113050 電腦及事務性機器設備批發業；F116010 照相器材批發業；F118010 資訊軟體批發業；F119010 電子材料批發業；F399040 無店面零售業；F401010 國際貿易業；I102010 投資顧問業；I103060 管理顧問業,臺北市,變更,11506
54384171,香港商佳質亞太有限公司,臺北市信義區信義路五段7號57樓之1,ANTHONY STEPHEN PROCTOR,250000,,115/06/12,本公司董事及其他負責人變更,F401010 國際貿易業；I103060 管理顧問業；IG01010 生物技術服務業；JB01010 會議及展覽服務業；JZ99050 仲介服務業；ZZ99999 除許可業務外，得經營法令非禁止或限制之業務；F108031 醫療器材批發業；F108021 西藥批發業；F208021 西藥零售業,臺北市,變更,11506
54390363,中華開發生醫創業投資股份有限公司,臺北市松山區敦化北路135號12樓,何俊輝,1420000000,,115/06/02,改選董事/監察人(一人法人股東指派董事/監察人),H202010 創業投資業,臺北市,變更,11506
54393875,新加坡商萊札譜股份有限公司,臺北市中山區建國北路2段262號2樓,仲村厚輝,1000000,,115/06/26,一般補正案,C103050 罐頭、冷凍、脫水及醃漬食品製造業；C104020 烘焙炊蒸食品製造業；C106010 製粉業；C199010 麵條、粉條類食品製造業；C199030 即食餐食製造業；C199040 豆類加工食品製造業；C199990 未分類其他食品製造業；CB01990 其他機械製造業；CC01030 電器及視聽電子產品製造業；E801010 室內裝潢業,臺北市,變更,11506
54394115,文鼎創業投資股份有限公司,臺北市大安區新生南路1段99號8樓,邱德成,505400000,,115/06/01,改選董事/監察人(一人法人股東指派董事/監察人),H202010 創業投資業,臺北市,變更,11506
54394608,英屬維京群島商點石創新股份有限公司,臺北市信義區松仁路97號18樓,邱建華,60000000,,115/06/24,改派在中華民國境內負責人變更登記,CC01120 資料儲存媒體製造及複製業；F113050 電腦及事務性機器設備批發業；F118010 資訊軟體批發業；F119010 電子材料批發業；F213030 電腦及事務性機器設備零售業；F218010 資訊軟體零售業；F219010 電子材料零售業；F399040 無店面零售業；F401010 國際貿易業；I102010 投資顧問業,臺北市,變更,11506
54503373,國際海洋股份有限公司,臺北市松山區南京東路5段89號9樓,蔡明格,245748120,,115/06/25,特殊補正,E401010 疏濬業；F213990 其他機械器具零售業；F214060 船舶及其零件零售業；F401010 國際貿易業；G403010 船舶出租業；I101120 造船顧問業；IG02010 研究發展服務業；IZ12010 人力派遣業；JE01010 租賃業；EZ08011 測繪業,臺北市,變更,11506
54504345,全渠運購股份有限公司,臺北市松山區寶清街31號5樓,洪嘉緯,24371600,,115/06/09,特殊補正,F113020 電器批發業；F113050 電腦及事務性機器設備批發業；G799990 其他運輸輔助業；F401010 國際貿易業；ZZ99999 除許可業務外，得經營法令非禁止或限制之業務；F116010 照相器材批發業；F216010 照相器材零售業；F102170 食品什貨批發業；F203010 食品什貨、飲料零售業；F106010 五金批發業,臺北市,變更,11506
54510058,鼎恒數位科技股份有限公司,臺北市信義區東興路43號1樓,簡士評,370998990,,115/06/15,其他減資,I301010 資訊軟體服務業；I301020 資料處理服務業；I301030 電子資訊供應服務業；I501010 產品設計業；JB01010 會議及展覽服務業；JE01010 租賃業；I103060 管理顧問業；ZZ99999 除許可業務外，得經營法令非禁止或限制之業務,臺北市,變更,11506
54523504,佳賜國際股份有限公司,臺北市松山區復興北路361巷14號1樓,李富明,132500000,,115/06/12,發行新股,H701010 住宅及大樓開發租售業；H701030 殯葬場所開發租售業；H703090 不動產買賣業；H703100 不動產租賃業；I103060 管理顧問業；I199990 其他顧問服務業；IZ12010 人力派遣業；F106070 祭祀用品批發業；F206060 祭祀用品零售業；F401010 國際貿易業,臺北市,變更,11506
54531722,雋和一能源有限公司,臺北市大安區信義路3段153號4樓,昭陽能源股份有限公司,5000000,,115/06/15,減資,IG02010 研究發展服務業；IG03010 能源技術服務業；C803990 其他石油及煤製品製造業；CB01010 機械設備製造業；CB01990 其他機械製造業；CC01010 發電、輸電、配電機械製造業；CC01990 其他電機及電子機械器材製造業；D101040 非屬公用之發電業；D101050 汽電共生業；D101060 再生能源自用發電設備業,臺北市,變更,11506
54539148,鴻鋒資產管理顧問有限公司,臺北市松山區南京東路4段197號3樓,趙守文,1000000,,115/06/29,公司所營事業變更修正章程,H701010 住宅及大樓開發租售業；H701020 工業廠房開發租售業；H701050 投資興建公共建設業；H703090 不動產買賣業；H703100 不動產租賃業；HZ02010 金融機構金錢債權收買業務；HZ02020 辦理金融機構金錢債權之評價或拍賣業務；I102010 投資顧問業；I103060 管理顧問業；I301020 資料處理服務業,臺北市,變更,11506
54563478,加商卡薩羅馬科技股份有限公司,臺北市內湖區洲子街108號3樓,趙玉瑋,20000000,,115/06/05,特殊補正,F104110 布疋、衣著、鞋、帽、傘、服飾品批發業；F105050 家具、寢具、廚房器具、裝設品批發業；F106010 五金批發業；F106020 日常用品批發業；F204110 布疋、衣著、鞋、帽、傘、服飾品零售業；F205040 家具、寢具、廚房器具、裝設品零售業；F206010 五金零售業；F206020 日常用品零售業；F213030 電腦及事務性機器設備零售業；F213060 電信器材零售業,臺北市,變更,11506
54566171,雋和三能源有限公司,臺北市大安區信義路3段153號4樓,敦陽能源股份有限公司,26000000,,115/06/12,減資,IG02010 研究發展服務業；IG03010 能源技術服務業；C803990 其他石油及煤製品製造業；CB01010 機械設備製造業；CB01990 其他機械製造業；CC01010 發電、輸電、配電機械製造業；CC01990 其他電機及電子機械器材製造業；D101040 非屬公用之發電業；D101050 汽電共生業；D101060 再生能源自用發電設備業,臺北市,變更,11506
54570479,晟鑫能源有限公司,臺北市松山區光復北路11巷35號6樓,寶島陽光再生能源股份有限公司,38983000,,115/06/24,公司所在地,D101060 再生能源自用發電設備業；F401010 國際貿易業；IG03010 能源技術服務業；ZZ99999 除許可業務外，得經營法令非禁止或限制之業務；D101011 發電業,臺北市,變更,11506
54587605,宜興實業有限公司,臺北市大安區四維路198巷31弄10號2樓之3,李華書,23000000,,115/06/08,特殊補正,H701010 住宅及大樓開發租售業；H703090 不動產買賣業；H703100 不動產租賃業；I103060 管理顧問業；I199990 其他顧問服務業；IZ99990 其他工商服務業；JE01010 租賃業；JZ99990 未分類其他服務業；IZ12010 人力派遣業；G202010 停車場經營業,臺北市,變更,11506
54613688,台新證創業投資股份有限公司,臺北市中山區建國北路1段96號11樓,陳立國,542411530,,115/06/12,發行新股,H202010 創業投資業；I102010 投資顧問業；I103060 管理顧問業；ZZ99999 除許可業務外，得經營法令非禁止或限制之業務,臺北市,變更,11506
54641951,創達建設股份有限公司,臺北市內湖區瑞光路358巷38弄36號10樓,朱良能,1000000,,115/06/11,改選董事/監察人(一人法人股東指派董事/監察人),H701010 住宅及大樓開發租售業；H701020 工業廠房開發租售業；H703090 不動產買賣業；H703100 不動產租賃業；F211010 建材零售業；E801010 室內裝潢業；E801020 門窗安裝工程業；E801030 室內輕鋼架工程業；E801040 玻璃安裝工程業；E801070 廚具、衛浴設備安裝工程業,臺北市,變更,11506
54642353,統証創業投資股份有限公司,臺北市松山區東興路8號2樓,魏志旭,300000000,,115/06/22,特殊補正,I102010 投資顧問業；I103060 管理顧問業；H202010 創業投資業；ZZ99999 除許可業務外，得經營法令非禁止或限制之業務,臺北市,變更,11506
54643563,熱點創意設計有限公司,臺北市信義區信義路5段5號,何宜靜,3000000,,115/06/10,增資,JB01010 會議及展覽服務業；JE01010 租賃業；E599010 配管工程業；I401010 一般廣告服務業；I401020 廣告傳單分送業；E601020 電器安裝業；E605010 電腦設備安裝業；EZ99990 其他工程業；E603050 自動控制設備工程業；E603090 照明設備安裝工程業,臺北市,變更,11506
54645859,美全創新股份有限公司,臺北市大安區安和路2段7號5樓之1,陳德豐,61760000,,115/06/17,特殊補正,F102170 食品什貨批發業；F106030 模具批發業；F106050 陶瓷玻璃器皿批發業；F108040 化粧品批發業；F401010 國際貿易業；C802100 化粧品製造業；C805030 塑膠日用品製造業；C805060 塑膠皮製品製造業；C805070 強化塑膠製品製造業；C805990 其他塑膠製品製造業,臺北市,變更,11506
54647998,亞太新興產業創業投資股份有限公司,臺北市信義區忠孝東路4段563號16樓,張昌邦,277917820,,115/06/26,改派董事/監察人,H202010 創業投資業,臺北市,變更,11506
54652268,舜達建設股份有限公司,臺北市信義區松德路161號8樓,黃紹驊,20000000,,115/06/25,特殊補正,E801010 室內裝潢業；E801020 門窗安裝工程業；E801030 室內輕鋼架工程業；E801040 玻璃安裝工程業；E801070 廚具、衛浴設備安裝工程業；F105050 家具、寢具、廚房器具、裝設品批發業；F106010 五金批發業；F111090 建材批發業；F211010 建材零售業；F401010 國際貿易業,臺北市,變更,11506
54652921,七逗網路行銷有限公司,臺北市大安區光復南路260巷24號3樓,陳望騏,3000000,,115/06/04,股東出資轉讓修正章程,F401010 國際貿易業；I401010 一般廣告服務業；I401020 廣告傳單分送業；I501010 產品設計業；JB01010 會議及展覽服務業；JZ99050 仲介服務業；ZZ99999 除許可業務外，得經營法令非禁止或限制之業務,臺北市,變更,11506
54653153,集醫股份有限公司,臺北市大安區信義路4段151號9樓之1,蘇曉嵐,47500000,,115/06/30,改選董事/監察人(一人法人股東指派董事/監察人),F106020 日常用品批發業；F107030 清潔用品批發業；F108021 西藥批發業；F108031 醫療器材批發業；F108040 化粧品批發業；F110020 眼鏡批發業；F113010 機械批發業；F113020 電器批發業；F113030 精密儀器批發業；F208021 西藥零售業,臺北市,變更,11506
54654224,奇恩投資有限公司,臺北市信義區基隆路2段39巷14號1樓,王臆惟,6512500,,115/06/10,特殊補正,D101060 再生能源自用發電設備業；H201010 一般投資業；H703100 不動產租賃業；F113110 電池批發業；F115010 首飾及貴金屬批發業；F115020 礦石批發業；F213110 電池零售業；F215010 首飾及貴金屬零售業；F215020 礦石零售業；F399040 無店面零售業,臺北市,變更,11506
54654667,俐錦管理顧問有限公司,臺北市中山區松江路125號3樓,簡宏輝,10000000,,115/06/05,股東出資轉讓修正章程,H201010 一般投資業；H701010 住宅及大樓開發租售業；H703090 不動產買賣業；H703100 不動產租賃業；I102010 投資顧問業；I103060 管理顧問業；ZZ99999 除許可業務外，得經營法令非禁止或限制之業務,臺北市,變更,11506
54654842,動聯國際股份有限公司,臺北市內湖區內湖路1段360巷15號3樓之3,李嘉華,66720000,,115/06/23,補選董事(常務董事.董事長)/監察人,CC01040 照明設備製造業；CC01060 有線通信機械器材製造業；CC01070 無線通信機械器材製造業；CC01110 電腦及其週邊設備製造業；CC01990 其他電機及電子機械器材製造業；CZ99990 未分類其他工業製品製造業；F113020 電器批發業；F113030 精密儀器批發業；F113090 交通標誌器材批發業；F213010 電器零售業,臺北市,變更,11506
54657974,元鼎資源股份有限公司,臺北市士林區中山北路6段89號10樓,刁秀華,420000000,,115/06/09,票據兌現/他機關函復/補正,C801990 其他化學材料製造業；C802990 其他化學製品製造業；C803990 其他石油及煤製品製造業；C901990 其他非金屬礦物製品製造業；CZ99990 未分類其他工業製品製造業；F107200 化學原料批發業；F107990 其他化學製品批發業；F112010 汽油、柴油批發業；F112020 煤及煤製品批發業；F112040 石油製品批發業,臺北市,變更,11506
54659706,格蘭國際旅行社股份有限公司,臺北市中山區松江路42號12樓之6,應福民,15000000,,115/06/01,公司所在地,J902011 旅行業,臺北市,變更,11506
54661061,新晶實業有限公司,臺北市大安區信義路3段153號4樓,吉甲能源股份有限公司,20660000,,115/06/22,減資,F106010 五金批發業；F206010 五金零售業；F401010 國際貿易業；E601020 電器安裝業；E603010 電纜安裝工程業；E603020 電梯安裝工程業；E603050 自動控制設備工程業；E603090 照明設備安裝工程業；E605010 電腦設備安裝業；E801020 門窗安裝工程業,臺北市,變更,11506
54661512,牡蠣音樂有限公司,臺北市中正區仁愛路2段1號10樓,林柏宏,500000,,115/06/29,特殊補正,J303010 雜誌（期刊）出版業；J304010 圖書出版業；J305010 有聲出版業；J399010 軟體出版業；J601010 藝文服務業；J602010 演藝活動業；J603010 音樂展演空間業；I103060 管理顧問業；F109070 文教、樂器、育樂用品批發業；F209060 文教、樂器、育樂用品零售業,臺北市,變更,11506
54663032,拓連科技股份有限公司,臺北市南港區園區街3之1號4樓,王景弘,81020000,,115/06/29,特殊補正,CC01110 電腦及其週邊設備製造業；F118010 資訊軟體批發業；F218010 資訊軟體零售業；F601010 智慧財產權業；I301010 資訊軟體服務業；I301020 資料處理服務業；I301030 電子資訊供應服務業；I501010 產品設計業；IG02010 研究發展服務業；CC01060 有線通信機械器材製造業,臺北市,變更,11506
54663292,寶祥鑫實業有限公司,臺北市松山區民權東路3段136號7樓之9,王慧玲,10000000,,115/06/18,特殊補正,E599010 配管工程業；E601010 電器承裝業；E601020 電器安裝業；E603040 消防安全設備安裝工程業；E603050 自動控制設備工程業；E603090 照明設備安裝工程業；E605010 電腦設備安裝業；E701010 電信工程業；E801010 室內裝潢業；E801020 門窗安裝工程業,臺北市,變更,11506
54663862,必應創造股份有限公司,臺北市內湖區新湖一路370號3樓,周佑洋,579724880,,115/06/29,改選董事/監察人(一人法人股東指派董事/監察人),CC01030 電器及視聽電子產品製造業；CC01120 資料儲存媒體製造及複製業；E601010 電器承裝業；E601020 電器安裝業；E603090 照明設備安裝工程業；E604010 機械安裝業；E605010 電腦設備安裝業；E701020 衛星電視ＫＵ頻道、Ｃ頻道器材安裝業；E701030 電信管制射頻器材裝設工程業；E801010 室內裝潢業,臺北市,變更,11506
54664996,台灣裕利安宜有限公司,臺北市大安區敦化南路2段39號8樓,Hassan Bassam Salem Omaish,5000000,,115/06/17,特殊補正,JD01010 工商徵信服務業；I102010 投資顧問業；I103060 管理顧問業；HZ02010 金融機構金錢債權收買業務；ZZ99999 除許可業務外，得經營法令非禁止或限制之業務,臺北市,變更,11506
54665524,肯曼數位行銷有限公司,臺北市松山區南京東路3段346之4號8樓,蘇緯益,100000,,115/06/08,公司所在地,F218010 資訊軟體零售業；I103060 管理顧問業；I199990 其他顧問服務業；I301010 資訊軟體服務業；I301020 資料處理服務業；I301030 電子資訊供應服務業；I401010 一般廣告服務業；I401020 廣告傳單分送業；I501010 產品設計業；IZ15010 市場研究及民意調查業,臺北市,變更,11506
54665587,東方超捷國際物流股份有限公司,臺北市中正區衡陽路51號9樓之1,劉世仁,150000000,,115/06/11,延期補正,G402011 海運承攬運送業；G405010 貨櫃出租業；G601011 航空貨運承攬業；G801010 倉儲業；F401010 國際貿易業；IZ06010 理貨包裝業；ZZ99999 除許可業務外，得經營法令非禁止或限制之業務；F102040 飲料批發業；F102170 食品什貨批發業；F105050 家具、寢具、廚房器具、裝設品批發業,臺北市,變更,11506
54665897,雲鼎數位科技股份有限公司,臺北市南港區重陽路120號1樓,張家生,40900000,,115/06/29,改選董事/監察人(一人法人股東指派董事/監察人),ZZ99999 除許可業務外，得經營法令非禁止或限制之業務；CC01110 電腦及其週邊設備製造業；CC01120 資料儲存媒體製造及複製業；F113050 電腦及事務性機器設備批發業；F113070 電信器材批發業；F118010 資訊軟體批發業；F213030 電腦及事務性機器設備零售業；F218010 資訊軟體零售業；F401010 國際貿易業；F601010 智慧財產權業,臺北市,變更,11506
54667831,莎碧琳娜有限公司,臺北市中正區忠孝西路1段50號22樓之11,蕭如珊,200000,,115/06/05,特殊補正,F108040 化粧品批發業；F208040 化粧品零售業；JZ99080 美容美髮服務業；F199990 其他批發業；F299990 其他零售業；F399040 無店面零售業；F399990 其他綜合零售業；F401010 國際貿易業；ZZ99999 除許可業務外，得經營法令非禁止或限制之業務,臺北市,變更,11506
54669612,巨葉國際室內裝修股份有限公司,臺北市中山區建國北路2段33巷1號,簡佳榕,30000000,,115/06/12,特殊補正,E801010 室內裝潢業；E801070 廚具、衛浴設備安裝工程業；F105050 家具、寢具、廚房器具、裝設品批發業；F106010 五金批發業；F205040 家具、寢具、廚房器具、裝設品零售業；F206010 五金零售業；F211010 建材零售業；F401010 國際貿易業；I503010 景觀、室內設計業；E801060 室內裝修業,臺北市,變更,11506
54670239,三立文化股份有限公司,臺北市內湖區舊宗路1段159號9樓,高明慧,3000000,,115/06/24,改選董事/監察人(一人法人股東指派董事/監察人),J202010 產業育成業；J303010 雜誌（期刊）出版業；J304010 圖書出版業；J601010 藝文服務業；J602010 演藝活動業；J603010 音樂展演空間業；J701020 遊樂園業；J701040 休閒活動場館業；J799990 其他休閒服務業；JB01010 會議及展覽服務業,臺北市,變更,11506
54671194,讚賀生醫股份有限公司,臺北市內湖區行善路351號9樓,李欣,25000000,,115/06/02,董事(常務董事.董事長)/監察人解任,F108031 醫療器材批發業；F208031 醫療器材零售業；F401010 國際貿易業；I501010 產品設計業；IG01010 生物技術服務業；IG02010 研究發展服務業；EZ05010 儀器、儀表安裝工程業；F113030 精密儀器批發業；F213040 精密儀器零售業；ZZ99999 除許可業務外，得經營法令非禁止或限制之業務,臺北市,變更,11506
54671238,典洋國際有限公司,臺北市北投區尊賢街230巷12號2樓,陳貝玓,500000,,115/06/23,特殊補正,F104110 布疋、衣著、鞋、帽、傘、服飾品批發業；F105050 家具、寢具、廚房器具、裝設品批發業；F106050 陶瓷玻璃器皿批發業；F108040 化粧品批發業；F109070 文教、樂器、育樂用品批發業；F113020 電器批發業；F101050 水產品批發業；F102050 茶葉批發業；F102170 食品什貨批發業；I105010 藝術品諮詢顧問業,臺北市,變更,11506
54671407,來德美國際有限公司,臺北市中山區林森北路50號7樓之1,薛宏禮,1000000,,115/06/11,股東出資轉讓修正章程,F102170 食品什貨批發業；F104110 布疋、衣著、鞋、帽、傘、服飾品批發業；F106020 日常用品批發業；F199990 其他批發業；F204110 布疋、衣著、鞋、帽、傘、服飾品零售業；F206020 日常用品零售業；F299990 其他零售業；F401010 國際貿易業；ZZ99999 除許可業務外，得經營法令非禁止或限制之業務,臺北市,變更,11506
54672031,昭陽能源股份有限公司,臺北市大安區信義路3段153號4樓,陳坤宏,93315000,,115/06/12,減資,C803990 其他石油及煤製品製造業；CB01010 機械設備製造業；CB01990 其他機械製造業；CC01010 發電、輸電、配電機械製造業；CC01990 其他電機及電子機械器材製造業；D101040 非屬公用之發電業；D101050 汽電共生業；D101060 再生能源自用發電設備業；D401010 熱能供應業；E603050 自動控制設備工程業,臺北市,變更,11506
54674100,崧淵有限公司,臺北市中山區長安東路2段142號6樓之1,陳旻琪,1000000,,115/06/25,特殊補正,E801010 室內裝潢業；E801020 門窗安裝工程業；E801030 室內輕鋼架工程業；E801040 玻璃安裝工程業；E801070 廚具、衛浴設備安裝工程業；E901010 油漆工程業；F105050 家具、寢具、廚房器具、裝設品批發業；F106050 陶瓷玻璃器皿批發業；F113020 電器批發業；F401010 國際貿易業,臺北市,變更,11506
54674214,永盛房產有限公司,臺北市內湖區內湖路2段454號,黃珈筌,200000,,115/06/04,公司所在地,H701010 住宅及大樓開發租售業；H701020 工業廠房開發租售業；H703090 不動產買賣業；H703100 不動產租賃業；H704031 不動產仲介經紀業；ZZ99999 除許可業務外，得經營法令非禁止或限制之業務,臺北市,變更,11506
54676156,百姿數位股份有限公司,臺北市中山區敬業一路128巷26號6樓,張俞政,6000000,,115/06/29,改選董事/監察人(一人法人股東指派董事/監察人),I301030 電子資訊供應服務業；ZZ99999 除許可業務外，得經營法令非禁止或限制之業務；CC01110 電腦及其週邊設備製造業；I301010 資訊軟體服務業；CC01080 電子零組件製造業；I103060 管理顧問業；IZ12010 人力派遣業；I503010 景觀、室內設計業；F211010 建材零售業；F105050 家具、寢具、廚房器具、裝設品批發業,臺北市,變更,11506
54676830,台廣資訊股份有限公司,臺北市信義區信義路4段415號7樓之6,阮懷勝,16880000,,115/06/08,特殊補正,H201010 一般投資業；I102010 投資顧問業；I103060 管理顧問業；F118010 資訊軟體批發業；F401010 國際貿易業；F108031 醫療器材批發業；I199990 其他顧問服務業；J601010 藝文服務業；JB01010 會議及展覽服務業；JZ99050 仲介服務業,臺北市,變更,11506
54677556,潔貝菈國際生技有限公司,臺北市中山區明水路702號11樓之3,黃于容,1500000,,115/06/02,特殊補正,F108040 化粧品批發業；F208040 化粧品零售業；F401010 國際貿易業；IG01010 生物技術服務業；I199990 其他顧問服務業；JZ99080 美容美髮服務業；JZ99110 瘦身美容業；F102170 食品什貨批發業；F199990 其他批發業；F203010 食品什貨、飲料零售業,臺北市,變更,11506
54678268,葉晋發股份有限公司,臺北市大同區迪化街1段296號,葉晏廷,10000000,,115/06/23,改選董事/監察人(一人法人股東指派董事/監察人),F101130 蔬果批發業；F102030 菸酒批發業；F102050 茶葉批發業；F102170 食品什貨批發業；F104110 布疋、衣著、鞋、帽、傘、服飾品批發業；F105050 家具、寢具、廚房器具、裝設品批發業；F106050 陶瓷玻璃器皿批發業；F201010 農產品零售業；F203010 食品什貨、飲料零售業；F203020 菸酒零售業,臺北市,變更,11506
54679554,奧騰企業有限公司,臺北市中山區民族東路410巷59號1樓,陳宥延,500000,,115/06/03,股東出資轉讓修正章程,F113050 電腦及事務性機器設備批發業；F118010 資訊軟體批發業；F213030 電腦及事務性機器設備零售業；F218010 資訊軟體零售業；E605010 電腦設備安裝業；I301010 資訊軟體服務業；I301020 資料處理服務業；I301030 電子資訊供應服務業；F102170 食品什貨批發業；F113020 電器批發業,臺北市,變更,11506
54680362,海嘉國際有限公司,臺北市大同區南京西路62號7樓,張漢清,1000000,,115/06/30,公司所在地,E601020 電器安裝業；E603050 自動控制設備工程業；E603090 照明設備安裝工程業；E603010 電纜安裝工程業；E604010 機械安裝業；E605010 電腦設備安裝業；E701030 電信管制射頻器材裝設工程業；E701040 簡易電信設備安裝業；EZ05010 儀器、儀表安裝工程業；EZ99990 其他工程業,臺北市,變更,11506
54680715,無盡文創整合有限公司,臺北市士林區大北路42之1號1樓,孫顥澄,1000000,,115/06/04,公司印鑑變更,F108040 化粧品批發業；F115010 首飾及貴金屬批發業；F116010 照相器材批發業；F118010 資訊軟體批發業；F208040 化粧品零售業；F209060 文教、樂器、育樂用品零售業；F213040 精密儀器零售業；F215010 首飾及貴金屬零售業；F399040 無店面零售業；F401010 國際貿易業,臺北市,變更,11506
54681545,新源生物科技股份有限公司,臺北市信義區松仁路36號11樓之1,吳怡君,912600000,,115/06/05,公司所在地,C801010 基本化學工業；C801030 精密化學材料製造業；C801990 其他化學材料製造業；F102170 食品什貨批發業；F107200 化學原料批發業；F107990 其他化學製品批發業；F108040 化粧品批發業；F203010 食品什貨、飲料零售業；F207200 化學原料零售業；F207990 其他化學製品零售業,臺北市,變更,11506
54685280,珈瑜精品國際有限公司,臺北市松山區復興北路15號7樓之9,張珈瑜,5000000,,115/06/15,股東出資轉讓修正章程,F102030 菸酒批發業；F102040 飲料批發業；F104110 布疋、衣著、鞋、帽、傘、服飾品批發業；F105050 家具、寢具、廚房器具、裝設品批發業；F106020 日常用品批發業；F110020 眼鏡批發業；F203010 食品什貨、飲料零售業；F203020 菸酒零售業；F204110 布疋、衣著、鞋、帽、傘、服飾品零售業；F205040 家具、寢具、廚房器具、裝設品零售業,臺北市,變更,11506
54690474,美佳美帝國際企業有限公司,臺北市中山區松江路139號3樓之2、之3,郭國宏,5000000,,115/06/18,特殊補正,F208031 醫療器材零售業；F113030 精密儀器批發業；F213040 精密儀器零售業；F108040 化粧品批發業；F208040 化粧品零售業；F399040 無店面零售業；F401010 國際貿易業；I199990 其他顧問服務業；ZZ99999 除許可業務外，得經營法令非禁止或限制之業務；F208021 西藥零售業,臺北市,變更,11506
54698428,喜丞創意股份有限公司,臺北市大同區南京西路436號2樓,吳孝明,5000000,,115/06/18,改選董事/監察人(一人法人股東指派董事/監察人),JB01010 會議及展覽服務業；I501010 產品設計業；I401010 一般廣告服務業；J601010 藝文服務業；J602010 演藝活動業；J304010 圖書出版業；I301010 資訊軟體服務業；I301030 電子資訊供應服務業；I103060 管理顧問業；I199990 其他顧問服務業,臺北市,變更,11506
54725558,峰尚管理顧問有限公司,臺北市大安區忠孝東路4段148號11樓之6,熊健華,5000000,,115/06/10,公司所在地,F104110 布疋、衣著、鞋、帽、傘、服飾品批發業；F109070 文教、樂器、育樂用品批發業；F204110 布疋、衣著、鞋、帽、傘、服飾品零售業；F209060 文教、樂器、育樂用品零售業；I103060 管理顧問業；I199990 其他顧問服務業；I301030 電子資訊供應服務業；I401010 一般廣告服務業；J601010 藝文服務業；J602010 演藝活動業,臺北市,變更,11506
54731171,明威光科技工程有限公司,臺北市松山區民族東路747之1號,李佩珊,3000000,,115/06/16,特殊補正,E601020 電器安裝業；E603010 電纜安裝工程業；E603040 消防安全設備安裝工程業；E603050 自動控制設備工程業；E603080 交通號誌安裝工程業；E603090 照明設備安裝工程業；E605010 電腦設備安裝業；E701010 電信工程業；E701040 簡易電信設備安裝業；E801010 室內裝潢業,臺北市,變更,11506
54735731,生活工場國際股份有限公司,臺北市內湖區江南街107巷2號,王慶輝,144000000,,115/06/04,董事(常務董事.董事長)/監察人解任,F401010 國際貿易業；F102040 飲料批發業；F102050 茶葉批發業；F102170 食品什貨批發業；F104110 布疋、衣著、鞋、帽、傘、服飾品批發業；F105050 家具、寢具、廚房器具、裝設品批發業；F106010 五金批發業；F106020 日常用品批發業；F106050 陶瓷玻璃器皿批發業；F107030 清潔用品批發業,臺北市,變更,11506
54751984,宏圖建設股份有限公司,臺北市松山區復興北路1號2樓,陳怡樺,15000000,,115/06/03,特殊補正,H201010 一般投資業；H202010 創業投資業；H701010 住宅及大樓開發租售業；H701020 工業廠房開發租售業；H703090 不動產買賣業；H703100 不動產租賃業；HZ99990 其他金融、保險及不動產業；I102010 投資顧問業；I103060 管理顧問業；I199990 其他顧問服務業,臺北市,變更,11506
54777181,聯譜顧問股份有限公司,臺北市信義區信義路4段458號6樓,黃嫦芬,200000,,115/06/17,補繳規費,H201010 一般投資業；ZZ99999 除許可業務外，得經營法令非禁止或限制之業務；IG01010 生物技術服務業；IG02010 研究發展服務業；I102010 投資顧問業；I103060 管理顧問業；IZ99990 其他工商服務業；I301020 資料處理服務業；I301030 電子資訊供應服務業,臺北市,變更,11506
54802180,觀澄自在有限公司,臺北市信義區基隆路2段109號11樓,吳逸安,1000000,,115/06/11,特殊補正,F106020 日常用品批發業；F206020 日常用品零售業；F108040 化粧品批發業；F208040 化粧品零售業；F113020 電器批發業；F213010 電器零售業；F113030 精密儀器批發業；F213040 精密儀器零售業；F113050 電腦及事務性機器設備批發業；F213030 電腦及事務性機器設備零售業,臺北市,變更,11506
54802962,傑苙股份有限公司,臺北市大安區敦化南路2段2號6樓之1,莫菁菁,5000000,,115/06/08,改選董事/監察人(一人法人股東指派董事/監察人),F102170 食品什貨批發業；F109070 文教、樂器、育樂用品批發業；F113050 電腦及事務性機器設備批發業；F118010 資訊軟體批發業；F203010 食品什貨、飲料零售業；F204110 布疋、衣著、鞋、帽、傘、服飾品零售業；F205040 家具、寢具、廚房器具、裝設品零售業；F206010 五金零售業；F206020 日常用品零售業；F208040 化粧品零售業,臺北市,變更,11506
54834090,善因健康生技有限公司,臺北市中山區民生東路2段143號8樓,楊慧萍,1000000,,115/06/30,特殊補正,H201010 一般投資業；H202010 創業投資業；I103060 管理顧問業；I199990 其他顧問服務業；I102010 一般投資顧問業；F401010 國際貿易業；F399040 無店面零售業；F102170 食品什貨批發業；F203010 食品什貨、飲料零售業；F108040 化粧品批發業,臺北市,變更,11506
54837596,大數據股份有限公司,臺北市中山區民生東路2段145號5樓,金志丞,130516000,,115/06/10,特殊補正,ZZ99999 除許可業務外，得經營法令非禁止或限制之業務；F113050 電腦及事務性機器設備批發業；F118010 資訊軟體批發業；F213030 電腦及事務性機器設備零售業；F218010 資訊軟體零售業；F401010 國際貿易業；CB01020 事務機器製造業；CC01110 電腦及其週邊設備製造業；CC01120 資料儲存媒體製造及複製業；I103060 管理顧問業,臺北市,變更,11506
54850197,詮靚有限公司,臺北市萬華區西園路2段96巷24號4樓之4,林麗眞,500000,,115/06/25,特殊補正,F213030 電腦及事務性機器設備零售業；F113050 電腦及事務性機器設備批發業；JE01010 租賃業；JA02990 其他修理業；F113010 機械批發業；F118010 資訊軟體批發業；F119010 電子材料批發業；F209060 文教、樂器、育樂用品零售業；F218010 資訊軟體零售業；F219010 電子材料零售業,臺北市,變更,11506
54853954,興華汽車有限公司,臺北市大同區環河北路2段281號,陳玲莉,200000,,115/06/04,特殊補正,JA01010 汽車修理業；F214030 汽、機車零件配備零售業；F114030 汽、機車零件配備批發業；F214050 車胎零售業；F114050 車胎批發業；F401010 國際貿易業；ZZ99999 除許可業務外，得經營法令非禁止或限制之業務,臺北市,變更,11506
54854026,綠點能創股份有限公司,臺北市南港區重陽路267號10樓,馮嘯儒,148618350,,115/06/08,特殊補正,D101060 再生能源自用發電設備業；E601010 電器承裝業；IG03010 能源技術服務業；F119010 電子材料批發業；F219010 電子材料零售業；F399040 無店面零售業；F401010 國際貿易業；I103060 管理顧問業；I199990 其他顧問服務業；I301010 資訊軟體服務業,臺北市,變更,11506
54854980,瑞訊智能股份有限公司,臺北市信義區忠孝東路5段71巷38號1樓,魏嘉良,8000000,,115/06/01,特殊補正,I301010 資訊軟體服務業；I301030 電子資訊供應服務業；F118010 資訊軟體批發業；F113050 電腦及事務性機器設備批發業；CC01110 電腦及其週邊設備製造業；JB01010 會議及展覽服務業；JZ99090 喜慶綜合服務業；I401010 一般廣告服務業；I501010 產品設計業；F401010 國際貿易業,臺北市,變更,11506
54880024,晶焱國際事業股份有限公司,臺北市士林區後港街96號7樓,葉家豪,5000000,,115/06/25,特殊補正,CB01010 機械設備製造業；CC01010 發電、輸電、配電機械製造業；CC01090 電池製造業；CC01110 電腦及其週邊設備製造業；CC01120 資料儲存媒體製造及複製業；CD01030 汽車及其零件製造業；CD01040 機車及其零件製造業；F102040 飲料批發業；F102170 食品什貨批發業；F113010 機械批發業,臺北市,變更,11506
54917465,新加坡商迅星金融科技有限公司,臺北市大安區忠孝東路4段300號5樓,劉家豪,5000000,,115/06/11,補繳規費,I301010 資訊軟體服務業；I301020 資料處理服務業；I301030 電子資訊供應服務業；I501010 產品設計業；I102010 投資顧問業；I103060 管理顧問業；IZ13010 網路認證服務業；H201010 一般投資業；HZ99990 其他金融、保險及不動產業；F118010 資訊軟體批發業,臺北市,變更,11506
54936701,昶威事業股份有限公司,臺北市內湖區瑞光路583巷21號5樓之5,李庭君,2000000,,115/06/08,特殊補正,J801030 競技及休閒運動場館業；J802010 運動訓練業；J803010 運動表演業；J803020 運動比賽業；J601010 藝文服務業；J602010 演藝活動業；J202010 產業育成業；JB01010 會議及展覽服務業；JE01010 租賃業；JZ99050 仲介服務業,臺北市,變更,11506
54940682,達宸太豐實業有限公司,臺北市松山區民生東路3段131號3樓,梁作達,10000000,,115/06/16,補繳規費,C501030 合板製造業；C501040 組合木材製造業；C501060 木質容器製造業；C501990 其他木製品製造業；F111090 建材批發業；F401010 國際貿易業；JZ99050 仲介服務業；F105050 家具、寢具、廚房器具、裝設品批發業；F106010 五金批發業；F107200 化學原料批發業,臺北市,變更,11506
54950604,日商穴吹房屋服務股份有限公司,臺北市中山區朱崙街60號3樓,宮武保朝,1000000,,115/06/17,在中華民國所營事業增加登記,E801010 室內裝潢業；F203010 食品什貨、飲料零售業；F203020 菸酒零售業；F207030 清潔用品零售業；F218010 資訊軟體零售業；F399040 無店面零售業；F401010 國際貿易業；F501030 飲料店業；F501060 餐館業；H703090 不動產買賣業,臺北市,變更,11506
54952595,韓商魁匠團股份有限公司,臺北市信義區松仁路89號7樓之6,鄭洙英,164089362,,115/06/23,補繳規費,I301010 資訊軟體服務業,臺北市,變更,11506
54958681,竣樂家居設計有限公司,臺北市大安區忠孝東路4段300號5樓,李坤豪,2168000,,115/06/10,特殊補正,F105050 家具、寢具、廚房器具、裝設品批發業；F205040 家具、寢具、廚房器具、裝設品零售業；F401010 國際貿易業；F399040 無店面零售業；E801010 室內裝潢業；E801020 門窗安裝工程業；E801030 室內輕鋼架工程業；E801040 玻璃安裝工程業；E801070 廚具、衛浴設備安裝工程業；E901010 油漆工程業,臺北市,變更,11506
54983611,香港商安特來股份有限公司,臺北市北投區中央南路二段12-25號6樓,Diego Sylvain David Dultzin,2000000,,115/06/01,補繳規費,F399040 無店面零售業；I401010 一般廣告服務業；JB01010 會議及展覽服務業；F401010 國際貿易業；F208040 化粧品零售業；F204110 布疋、衣著、鞋、帽、傘、服飾品零售業；F210010 鐘錶零售業；F215010 首飾及貴金屬零售業；F203020 菸酒零售業；F205040 家具、寢具、廚房器具、裝設品零售業,臺北市,變更,11506
54993006,蜜樂活有機農業開發股份有限公司,臺北市中山區民生東路2段143號8樓,林文傑,2000000,,115/06/01,特殊補正,A101020 農作物栽培業；A101040 食用菌菇類栽培業；A101050 花卉栽培業；A102050 作物栽培服務業；C199030 即食餐食製造業；C201010 飼料製造業；C802070 農藥製造業；C802080 環境用藥製造業；C802100 化粧品製造業；F102050 茶葉批發業,臺北市,變更,11506
54999748,香港商歐姆龍香港有限公司,臺北市中山區松江路146號5樓之3,李昌儒,1000000,,115/06/02,減少營業所用資金,F113010 機械批發業；F119010 電子材料批發業；F213080 機械器具零售業；F219010 電子材料零售業；F113050 電腦及事務性機器設備批發業；F213030 電腦及事務性機器設備零售業；F401010 國際貿易業；JZ99050 仲介服務業；I501010 產品設計業；ZZ99999 除許可業務外，得經營法令非禁止或限制之業務,臺北市,變更,11506
55002903,尼特科技股份有限公司,臺北市大安區樂利路71號1樓,趙珍權,1500000,,115/06/15,特殊補正,F401010 國際貿易業；F113070 電信器材批發業；F119010 電子材料批發業；F113020 電器批發業；JA02010 電器及電子產品修理業；F118010 資訊軟體批發業；I301010 資訊軟體服務業；I301030 電子資訊供應服務業；I401010 一般廣告服務業；JE01010 租賃業,臺北市,變更,11506
55084714,哥本哈根風能開發股份有限公司,臺北市信義區忠孝東路5段68號26樓,Mads Skovgaard-Andersen,20000000,,115/06/02,改派董事/監察人,I102010 投資顧問業；I103060 管理顧問業；IG03010 能源技術服務業；ZZ99999 除許可業務外，得經營法令非禁止或限制之業務,臺北市,變更,11506
55120562,天職實業有限公司,臺北市內湖區民權東路6段180巷6號4樓,江其芳,5000000,,115/06/16,增資,F113050 電腦及事務性機器設備批發業；F113070 電信器材批發業；F118010 資訊軟體批發業；F119010 電子材料批發業；F213030 電腦及事務性機器設備零售業；F218010 資訊軟體零售業；F401010 國際貿易業；I301010 資訊軟體服務業；I301020 資料處理服務業；I301030 電子資訊供應服務業,臺北市,變更,11506
55121302,場地家投資有限公司,臺北市中山區松江路76號9樓,楊耀凱,20000000,,115/06/24,特殊補正,H201010 一般投資業；H202010 創業投資業；I102010 投資顧問業；I103060 管理顧問業；ZZ99999 除許可業務外，得經營法令非禁止或限制之業務,臺北市,變更,11506
55121680,神盾衛星股份有限公司,臺北市內湖區內湖路1段300號7樓,陳明宗,76600000,,115/06/12,增資(資本總額),ZZ99999 除許可業務外，得經營法令非禁止或限制之業務；J903020 登山嚮導業；JB01010 會議及展覽服務業；JZ99030 攝影業；JZ99990 未分類其他服務業；J799990 其他休閒服務業；J803010 運動表演業；J803020 運動比賽業；JA02010 電器及電子產品修理業；F113020 電器批發業,臺北市,變更,11506
55210402,僾寶科技有限公司,臺北市士林區前街103號1樓,陳姝婷,200000,,115/06/15,特殊補正,F399040 無店面零售業；F206020 日常用品零售業；F209060 文教、樂器、育樂用品零售業；F204110 布疋、衣著、鞋、帽、傘、服飾品零售業；F205040 家具、寢具、廚房器具、裝設品零售業；F206010 五金零售業；F207030 清潔用品零售業；F218010 資訊軟體零售業；F213060 電信器材零售業；F208040 化粧品零售業,臺北市,變更,11506
55634963,黑水虻農業科技股份有限公司,臺北市大安區安和路2段92號地下,黃韋凱,174700000,,115/06/11,增資(資本總額),J101030 廢棄物清除業；J101040 廢棄物處理業；J101080 資源回收業；IG01010 生物技術服務業；A101020 農作物栽培業；A102020 農產品整理業；A102050 作物栽培服務業；A199990 其他農業；F103010 飼料批發業；F107050 肥料批發業,臺北市,變更,11506
55639469,新俊泰投資有限公司,臺北市內湖區石潭路27號7樓之6,戴莒光,2400000,,115/06/30,特殊補正,H201010 一般投資業；ZZ99999 除許可業務外，得經營法令非禁止或限制之業務；F401010 國際貿易業；IG03010 能源技術服務業；D101060 再生能源自用發電設備業；E601010 電器承裝業；E604010 機械安裝業；EZ99990 其他工程業；F113010 機械批發業；F113020 電器批發業,臺北市,變更,11506
55639539,昕奇雲端科技股份有限公司,臺北市內湖區瑞光路76巷33號2樓,許承強,274260000,,115/06/15,補選董事(常務董事.董事長)/監察人,F109070 文教、樂器、育樂用品批發業；F113050 電腦及事務性機器設備批發業；F213030 電腦及事務性機器設備零售業；F118010 資訊軟體批發業；F218010 資訊軟體零售業；F401010 國際貿易業；I301010 資訊軟體服務業；JZ99990 未分類其他服務業；I199990 其他顧問服務業；I301020 資料處理服務業,臺北市,變更,11506
55653686,創家股份有限公司,臺北市中山區南京東路2段206號5樓,陳進福,120000000,,115/06/22,公司所營事業變更修正章程,E601020 電器安裝業；F106020 日常用品批發業；F105050 家具、寢具、廚房器具、裝設品批發業；F113020 電器批發業；F213010 電器零售業；F206020 日常用品零售業；F205040 家具、寢具、廚房器具、裝設品零售業；F399040 無店面零售業；F399990 其他綜合零售業；F301010 百貨公司業,臺北市,變更,11506
55653784,米樂行銷顧問有限公司,臺北市松山區南京東路5段145之1號8樓,林靖宸,5000000,,115/06/24,股東出資轉讓修正章程,I103060 管理顧問業；I199990 其他顧問服務業；I301010 資訊軟體服務業；I301020 資料處理服務業；I401010 一般廣告服務業；I501010 產品設計業；I599990 其他設計業；IZ04010 翻譯業；IZ12010 人力派遣業；IZ99990 其他工商服務業,臺北市,變更,11506
55655024,台灣科高工程有限公司,臺北市松山區敦化北路168號15樓,Svilen Karaivanov,39016100000,,115/06/22,董事/股東地址變更,I301010 資訊軟體服務業；I301020 資料處理服務業；I301030 電子資訊供應服務業；I103060 管理顧問業；F401010 國際貿易業；ZZ99999 除許可業務外，得經營法令非禁止或限制之業務,臺北市,變更,11506
55662968,名啟投資有限公司,臺北市松山區三民路38號4樓之3,黃白久美,500000,,115/06/24,股東出資轉讓修正章程,H201010 一般投資業；ZZ99999 除許可業務外，得經營法令非禁止或限制之業務,臺北市,變更,11506
55695026,利和國際有限公司,臺北市中山區南京東路2段174號12樓,張祐甄,1000000,,115/06/16,特殊補正,F113020 電器批發業；F113030 精密儀器批發業；F113050 電腦及事務性機器設備批發業；F113070 電信器材批發業；F213010 電器零售業；F213030 電腦及事務性機器設備零售業；F118010 資訊軟體批發業；F401010 國際貿易業；E601020 電器安裝業；E605010 電腦設備安裝業,臺北市,變更,11506
55697848,璞樂設計工程有限公司,臺北市文山區萬隆街58號1樓,陳業蕎,1000000,,115/06/17,改推董事/董事長,E603110 冷作工程業；E801020 門窗安裝工程業；E801030 室內輕鋼架工程業；E801040 玻璃安裝工程業；E801070 廚具、衛浴設備安裝工程業；E901010 油漆工程業；ZZ99999 除許可業務外，得經營法令非禁止或限制之業務,臺北市,變更,11506
55716866,艾諾瓦科技股份有限公司,臺北市信義區信義路4段413號3樓之2,張建榮,13000000,,115/06/10,特殊補正,F113010 機械批發業；F113020 電器批發業；F113030 精密儀器批發業；F113050 電腦及事務性機器設備批發業；F113060 度量衡器批發業；F113070 電信器材批發業；F113990 其他機械器具批發業；F116010 照相器材批發業；F117010 消防安全設備批發業；F118010 資訊軟體批發業,臺北市,變更,11506
55743961,達一一有限公司,臺北市中山區南京東路2段140號7樓,陳德仁,1000000,,115/06/10,公司所在地,F401010 國際貿易業；I102010 投資顧問業；I103060 管理顧問業；H201010 一般投資業；ZZ99999 除許可業務外，得經營法令非禁止或限制之業務,臺北市,變更,11506
55749374,波動智能科技有限公司,臺北市信義區基隆路1段206號16樓,崔睿哲,1000000,,115/06/23,特殊補正,F113050 電腦及事務性機器設備批發業；F113070 電信器材批發業；F119010 電子材料批發業；F213030 電腦及事務性機器設備零售業；F213060 電信器材零售業；F219010 電子材料零售業；F401010 國際貿易業；I301010 資訊軟體服務業；I501010 產品設計業；JZ99030 攝影業,臺北市,變更,11506
55762973,購達行銷股份有限公司,臺北市中山區民權東路3段4號地下1層,陳翔玢,80000000,,115/06/26,特殊補正,A102060 糧商業；C103050 罐頭、冷凍、脫水及醃漬食品製造業；C104020 烘焙炊蒸食品製造業；C110010 飲料製造業；C111010 製茶業；C199990 未分類其他食品製造業；CZ99990 未分類其他工業製品製造業；E605010 電腦設備安裝業；F101990 其他農、畜、水產品批發業；F102030 菸酒批發業,臺北市,變更,11506
55768097,深腦科技有限公司,臺北市士林區後港街139號,李思儒,1000000,,115/06/26,公司所營事業變更修正章程,F399040 無店面零售業；F399990 其他綜合零售業；F401010 國際貿易業；I103060 管理顧問業；I199990 其他顧問服務業；I301010 資訊軟體服務業；I301020 資料處理服務業；I301030 電子資訊供應服務業；I501010 產品設計業；IZ15010 市場研究及民意調查業,臺北市,變更,11506
55768738,盛偉創新股份有限公司,臺北市大同區重慶北路3段203之3號10樓之6,宋孟娟,12000000,,115/06/04,發行新股,H201010 一般投資業；H202010 創業投資業；I102010 投資顧問業；I103060 管理顧問業；IZ12010 人力派遣業；F102040 飲料批發業；F102170 食品什貨批發業；F401010 國際貿易業；A102060 糧商業；F102030 菸酒批發業,臺北市,變更,11506
55772698,適發創新有限公司,臺北市內湖區瑞光路358巷30弄3號7樓,黃根成,5197144,,115/06/05,公司所在地,CC01030 電器及視聽電子產品製造業；CC01080 電子零組件製造業；F107170 工業助劑批發業；F207170 工業助劑零售業；F107990 其他化學製品批發業；F207990 其他化學製品零售業；F113020 電器批發業；F213010 電器零售業；F113030 精密儀器批發業；F213040 精密儀器零售業,臺北市,變更,11506
55781275,萊達科技有限公司,臺北市松山區八德路4段245巷32弄15號1樓,陳怡如,2000000,,115/06/11,特殊補正,F102170 食品什貨批發業；F104110 布疋、衣著、鞋、帽、傘、服飾品批發業；F106010 五金批發業；F106020 日常用品批發業；F108040 化粧品批發業；F113010 機械批發業；F113020 電器批發業；F113030 精密儀器批發業；F113050 電腦及事務性機器設備批發業；F113060 度量衡器批發業,臺北市,變更,11506
55781845,伊斯酷軟體科技股份有限公司,臺北市內湖區瑞光路335號6樓,江衍玫,257500000,,115/06/15,特殊補正,I301010 資訊軟體服務業；I301020 資料處理服務業；I301030 電子資訊供應服務業；F399040 無店面零售業；F401010 國際貿易業；ZZ99999 除許可業務外，得經營法令非禁止或限制之業務,臺北市,變更,11506
55786638,蓁昀有限公司,臺北市大同區西寧北路62之5號3樓之1,吳振育,6500000,,115/06/16,特殊補正,I101110 紡織顧問業；I102010 投資顧問業；I103060 管理顧問業；I199990 其他顧問服務業；I301040 第三方支付服務業；I501010 產品設計業；I502010 服飾設計業；I599990 其他設計業；JE01010 租賃業；JZ99050 仲介服務業,臺北市,變更,11506
55787242,旌德生技股份有限公司,臺北市南港區重陽路453號9樓,徐國耀,14000000,,115/06/10,發行新股,F107200 化學原料批發業；F113030 精密儀器批發業；F207200 化學原料零售業；F213030 電腦及事務性機器設備零售業；F213040 精密儀器零售業；F218010 資訊軟體零售業；F401010 國際貿易業；F601010 智慧財產權業；I103060 管理顧問業；I199990 其他顧問服務業,臺北市,變更,11506
55790252,兌心科技有限公司,臺北市大安區和平東路2段177號9樓,陳宜慧,5000000,,115/06/30,減少所營事業變更修正章程,I301010 資訊軟體服務業；I301020 資料處理服務業；I301030 電子資訊供應服務業；IZ12010 人力派遣業；JZ99050 仲介服務業；I103060 管理顧問業；I199990 其他顧問服務業；F399040 無店面零售業；F401010 國際貿易業；F102170 食品什貨批發業,臺北市,變更,11506
55792890,耀榮有限公司,臺北市大同區西寧北路62之5號3樓之1,谷崙之,6500000,,115/06/17,特殊補正,I101110 紡織顧問業；I102010 投資顧問業；I103060 管理顧問業；I199990 其他顧問服務業；I301040 第三方支付服務業；I501010 產品設計業；I502010 服飾設計業；I599990 其他設計業；JE01010 租賃業；JZ99050 仲介服務業,臺北市,變更,11506
55793758,國泰飯店管理顧問事業股份有限公司,臺北市大安區敦化南路2段319號15樓,李虹明,100000000,,115/06/18,特殊補正,J901020 一般旅館業；I101090 食品顧問業；I103060 管理顧問業；I105010 藝術品諮詢顧問業；I501010 產品設計業；I503010 景觀、室內設計業；I504010 花藝設計業；IZ12010 人力派遣業；F301020 超級市場業；F399010 便利商店業,臺北市,變更,11506
55799599,知識發展股份有限公司,臺北市中山區松江路76號9樓,楊耀凱,20000000,,115/06/08,額定資本額增加變更章程,F118010 資訊軟體批發業；F218010 資訊軟體零售業；F299990 其他零售業；F399040 無店面零售業；F401010 國際貿易業；I199990 其他顧問服務業；I301010 資訊軟體服務業；I301020 資料處理服務業；I301030 電子資訊供應服務業；I301040 第三方支付服務業,臺北市,變更,11506
55820967,畢揚美國際有限公司,臺北市松山區民生東路5段93號2樓,李瑞珍,18000000,,115/06/24,特殊補正,F102170 食品什貨批發業；F108040 化粧品批發業；F203010 食品什貨、飲料零售業；F208040 化粧品零售業；F401010 國際貿易業；ZZ99999 除許可業務外，得經營法令非禁止或限制之業務,臺北市,變更,11506
55833978,大爺股份有限公司,臺北市內湖區民權東路6段166號,蔡靜宜,4400000,,115/06/22,特殊補正,A401060 其他動物服務業；C201020 寵物食品製造業；F101980 其他動物批發業；F106060 寵物食品及其用品批發業；F201980 其他動物零售業；F206050 寵物食品及其用品零售業；JZ99180 寵物美容服務業；F401010 國際貿易業；ZZ99999 除許可業務外，得經營法令非禁止或限制之業務；A401031 特定寵物服務業,臺北市,變更,11506
55837658,大清營造股份有限公司,臺北市中山區民權東路3段2號12樓,林志煌,290000000,,115/06/17,特殊補正,E101011 綜合營造業；F111090 建材批發業；F211010 建材零售業；ZZ99999 除許可業務外，得經營法令非禁止或限制之業務,臺北市,變更,11506
55841908,台灣松屋餐飲股份有限公司,臺北市中山區民權西路27號6樓之1,佐藤秀司,265000000,,115/06/12,增資(資本總額),F501060 餐館業；F101040 家畜家禽批發業；F101050 水產品批發業；F201030 水產品零售業；F101130 蔬果批發業；F101990 其他農、畜、水產品批發業；F201990 其他農畜水產品零售業；F201010 農產品零售業；F201020 畜產品零售業；F102170 食品什貨批發業,臺北市,變更,11506
55842857,好運光電科技有限公司,臺北市大同區哈密街68巷3號1樓,吳柏憙,1000000,,115/06/30,公司所營事業變更修正章程,F102050 茶葉批發業；F102170 食品什貨批發業；F213010 電器零售業；F219010 電子材料零售業；F299990 其他零售業；F401010 國際貿易業；IG03010 能源技術服務業；ZZ99999 除許可業務外，得經營法令非禁止或限制之業務；F203010 食品什貨、飲料零售業；F108040 化粧品批發業,臺北市,變更,11506
55843286,智能矽材股份有限公司,臺北市松山區復興北路57號13樓之4,何昆達,15000000,,115/06/26,特殊補正,C306010 成衣業；C307010 服飾品製造業；C399990 其他紡織及製品製造業；CC01030 電器及視聽電子產品製造業；CC01080 電子零組件製造業；CC01110 電腦及其週邊設備製造業；CC01120 資料儲存媒體製造及複製業；CQ01010 模具製造業；F104110 布疋、衣著、鞋、帽、傘、服飾品批發業；F118010 資訊軟體批發業,臺北市,變更,11506
55851237,台灣蜂巢商務有限公司,臺北市中山區松江路50號9樓,EDWARDS CHRISTOPHER IAN,500000,,115/06/02,公司所在地,H703100 不動產租賃業；IZ99990 其他工商服務業；J202010 產業育成業；JB01010 會議及展覽服務業；ZZ99999 除許可業務外，得經營法令非禁止或限制之業務,臺北市,變更,11506
55852094,幸福的一天食品股份有限公司,臺北市大安區忠孝東路4段206號5樓,陳品頴,1500000,,115/06/30,變更組織,F399040 無店面零售業；F401010 國際貿易業；F102170 食品什貨批發業；F203010 食品什貨、飲料零售業；F121010 食品添加物批發業；F102030 菸酒批發業；F203020 菸酒零售業；F301010 百貨公司業；F301020 超級市場業；F399010 便利商店業,臺北市,變更,11506
55859879,旭飛健康實業股份有限公司,臺北市中山區敬業一路19號9樓,林又立,15000000,,115/06/02,特殊補正,F104110 布疋、衣著、鞋、帽、傘、服飾品批發業；F107030 清潔用品批發業；F108040 化粧品批發業；F109070 文教、樂器、育樂用品批發業；F115010 首飾及貴金屬批發業；F204110 布疋、衣著、鞋、帽、傘、服飾品零售業；F206020 日常用品零售業；F207030 清潔用品零售業；F208040 化粧品零售業；F209060 文教、樂器、育樂用品零售業,臺北市,變更,11506
55861278,築紀工程股份有限公司,臺北市松山區八德路2段386號12樓之7,紀春梅,4001000,,115/06/30,票據兌現/他機關函復/補正,CA02010 金屬結構及建築組件製造業；CA02990 其他金屬製品製造業；E599010 配管工程業；E601020 電器安裝業；E603040 消防安全設備安裝工程業；E603050 自動控制設備工程業；E603090 照明設備安裝工程業；E604010 機械安裝業；E701040 簡易電信設備安裝業；E801010 室內裝潢業,臺北市,變更,11506
55862804,好奇心創意股份有限公司,臺北市松山區民生東路3段130巷18弄18號1樓,陳伯麒,1129338,,115/06/16,董事/監察人持股變動報備,I401010 一般廣告服務業；J303010 雜誌（期刊）出版業；J305010 有聲出版業；J399990 其他出版業；J304010 圖書出版業；J601010 藝文服務業；J202010 產業育成業；F109070 文教、樂器、育樂用品批發業；F209060 文教、樂器、育樂用品零售業；F104110 布疋、衣著、鞋、帽、傘、服飾品批發業,臺北市,變更,11506
55863304,智行股份有限公司,臺北市中正區博愛路52號9樓,林炳坤,18000000,,115/06/10,董事/監察人持股變動報備,F399040 無店面零售業；F401010 國際貿易業；G202010 停車場經營業；H201010 一般投資業；H701050 投資興建公共建設業；I102010 投資顧問業；I103060 管理顧問業；I199990 其他顧問服務業；I301010 資訊軟體服務業；I301020 資料處理服務業,臺北市,變更,11506
55986684,宇沛永續股份有限公司,臺北市南港區經貿二路198號9樓,李孝忠,747870500,,115/06/18,一般補正案,C801990 其他化學材料製造業；C802170 毒性及關注化學物質製造業；C805990 其他塑膠製品製造業；CA02990 其他金屬製品製造業；CB01010 機械設備製造業；CB01030 污染防治設備製造業；CB01990 其他機械製造業；CC01010 發電、輸電、配電機械製造業；CC01080 電子零組件製造業；CC01090 電池製造業,臺北市,變更,11506
58250510,鉅陞國際開發股份有限公司,臺北市中山區松江路72號9樓,褚學忠,1057693500,,115/06/26,發行新股,G801010 倉儲業；F113020 電器批發業；F211010 建材零售業；F213010 電器零售業；G202010 停車場經營業；H701010 住宅及大樓開發租售業；H701020 工業廠房開發租售業；H701040 特定專業區開發業；H701050 投資興建公共建設業；H701060 新市鎮、新社區開發業,臺北市,變更,11506
58439606,天亮醫療器材股份有限公司,臺北市大安區信義路4段1號2樓,廖學福,353639490,,115/06/22,特殊補正,CE01010 一般儀器製造業；CF01011 醫療器材製造業；F108031 醫療器材批發業；F208031 醫療器材零售業；F401010 國際貿易業；I103060 管理顧問業；I301010 資訊軟體服務業；I301020 資料處理服務業；I301030 電子資訊供應服務業；I501010 產品設計業,臺北市,變更,11506
59047327,香港商永道無線射頻標籤有限公司,臺北市中正區重慶南路2段51號17樓,林秉毅,551453300,,115/06/18,一般補正案,F118010 資訊軟體批發業(限中華民國行業標準分類4641電腦及其週邊設備、軟體批發業)。；F113070 電信器材批發業(限中華民國行業標準分類4642電子設備及其零組件批發業)。；F119010 電子材料批發業(限中華民國行業標準分類4642電子設備及其零組件批發業)。；I301010 資訊軟體服務業(限中華民國行業標準分類6201電腦軟體設計業、66202電腦系統整合服務業及6209其他電腦系統設計服務業)。；IG02010 研究發展服務業(限中華民國行業標準分類7210自然及工程科學研究發展服務業、7220社會及人文科學研究發展服務業及7230綜合研究發展服務業)。；F401021 電信管制射頻器材輸入業(限中華民國行業標準分類4642電子設備及其零組件批發業)。；CC01080 電子零組件製造業(限中華民國行業標準分類2620被動電子元件製造業、2691印刷電路板組件製造業)。；CC01101 電信管制射頻器材製造業(限中華民國行業標準分類2721電話及手機製造業、2729其他通訊傳播設備製造業、2751量測、導航及控制設備製造業及2760輻射及電子醫學設備製造業)。；CC01110 電腦及其週邊設備製造業(限中華民國行業標準分類2711電腦製造業、2712顯示器及終端機製造業及2719其他電腦週邊設備製造業)。；CC01070 無線通信機械器材製造業(限中華民國行業標準分類2721電話及手機製造業、2729其他通訊傳播設備製造業及2751量測、導航及控制設備製造業)。,臺北市,變更,11506
59590805,惠旺健康股份有限公司,臺北市中正區新生南路1段148號8樓之1,鍾澄吉,3000000,,115/06/18,特殊補正,F102170 食品什貨批發業；A101040 食用菌菇類栽培業；F107200 化學原料批發業；F107990 其他化學製品批發業；F108040 化粧品批發業；F401010 國際貿易業；IG01010 生物技術服務業；I103060 管理顧問業；ZZ99999 除許可業務外，得經營法令非禁止或限制之業務,臺北市,變更,11506
60201446,網銀國際影視股份有限公司,臺北市內湖區行愛路141巷39號3樓,郭秀娟,720000000,,115/06/23,改選董事/監察人(一人法人股東指派董事/監察人),CC01110 電腦及其週邊設備製造業；J401010 電影片製作業；J402010 電影片發行業；J404010 動畫影片製作業；J503030 廣播電視節目發行業；J503040 廣播電視廣告業；J503050 錄影節目帶業；F204110 布疋、衣著、鞋、帽、傘、服飾品零售業；F209060 文教、樂器、育樂用品零售業；F401010 國際貿易業,臺北市,變更,11506
60209236,潤泰茶葉股份有限公司,臺北市北投區吉利街149巷6號2樓,侯千華,500000,,115/06/02,特殊補正,C111010 製茶業；C306010 成衣業；CN01010 家具及裝設品製造業；F102040 飲料批發業；F102050 茶葉批發業；F102170 食品什貨批發業；F104110 布疋、衣著、鞋、帽、傘、服飾品批發業；F105050 家具、寢具、廚房器具、裝設品批發業；F106050 陶瓷玻璃器皿批發業；F203010 食品什貨、飲料零售業,臺北市,變更,11506
60301687,乙力股份有限公司,臺北市中山區天祥路59號6樓之3,吳俊德,6333660,,115/06/03,特殊補正,F114030 汽、機車零件配備批發業；F114040 自行車及其零件批發業；F119010 電子材料批發業；F401010 國際貿易業；I301010 資訊軟體服務業；CC01040 照明設備製造業；CC01080 電子零組件製造業；CD01030 汽車及其零件製造業；CD01040 機車及其零件製造業；CD01050 自行車及其零件製造業,臺北市,變更,11506
60301785,寶來資產管理股份有限公司,臺北市南港區忠孝東路6段6號3樓之2,魏志宇,1680000,,115/06/23,增資(資本總額),H201010 一般投資業；H701010 住宅及大樓開發租售業；H703090 不動產買賣業；H703100 不動產租賃業；H701020 工業廠房開發租售業；I103060 管理顧問業；I301020 資料處理服務業；F401010 國際貿易業；JE01010 租賃業；JZ99050 仲介服務業,臺北市,變更,11506
60302102,寶速通股份有限公司,臺北市士林區社正路45巷4弄1號1樓,李思明,17000000,,115/06/02,特殊補正,F113050 電腦及事務性機器設備批發業；F118010 資訊軟體批發業；F209060 文教、樂器、育樂用品零售業；F213030 電腦及事務性機器設備零售業；F218010 資訊軟體零售業；F399990 其他綜合零售業；F401010 國際貿易業；F601010 智慧財產權業；F109070 文教、樂器、育樂用品批發業；H201010 一般投資業,臺北市,變更,11506
60306563,甫劭股份有限公司,臺北市松山區光復南路67號10樓,顏志宇,162050000,,115/06/11,特殊補正,C302010 織布業；C303010 不織布業；C305010 印染整理業；C306010 成衣業；C307010 服飾品製造業；C501010 製材業；C501030 合板製造業；C501040 組合木材製造業；C501060 木質容器製造業；C501070 竹、藤製品製造業,臺北市,變更,11506
60306727,起點插畫文創有限公司,臺北市大安區信義路4段380號2樓,王敬涵,800000,,115/06/30,特殊補正,F206020 日常用品零售業；F209060 文教、樂器、育樂用品零售業；F399040 無店面零售業；I103060 管理顧問業；I199990 其他顧問服務業；I301010 資訊軟體服務業；I301030 電子資訊供應服務業；I401010 一般廣告服務業；I501010 產品設計業；I599990 其他設計業,臺北市,變更,11506
60306901,聖哲事業有限公司,臺北市大安區忠孝東路4段299號11樓,,500000,,115/06/29,解散,E801010 室內裝潢業；E801020 門窗安裝工程業；E801030 室內輕鋼架工程業；E801040 玻璃安裝工程業；E801070 廚具、衛浴設備安裝工程業；E901010 油漆工程業；F106010 五金批發業；F106020 日常用品批發業；F106040 水器材料批發業；F106070 祭祀用品批發業,臺北市,變更,11506
60307330,瑞騰投資顧問有限公司,臺北市中正區衡陽路10號7樓,陳詠姿,7000000,,115/06/11,特殊補正,H201010 一般投資業,臺北市,變更,11506
60307681,真豪開發股份有限公司,臺北市松山區南京東路5段23巷17號,王葳榛,500000,,115/06/02,特殊補正,E801010 室內裝潢業；H201010 一般投資業；H701010 住宅及大樓開發租售業；H701020 工業廠房開發租售業；H701040 特定專業區開發業；H701050 投資興建公共建設業；H701060 新市鎮、新社區開發業；H701070 區段徵收及市地重劃代辦業；H701080 都市更新重建業；H701090 都市更新整建維護業,臺北市,變更,11506
60307970,綻蘊生醫股份有限公司,臺北市松山區民權東路3段144號4樓之7,鄭文隆,201000,,115/06/29,特殊補正,F102040 飲料批發業；F102170 食品什貨批發業；F106020 日常用品批發業；F203010 食品什貨、飲料零售業；F108040 化粧品批發業；F107030 清潔用品批發業；F106040 水器材料批發業；F208040 化粧品零售業；F207030 清潔用品零售業；F208050 乙類成藥零售業,臺北市,變更,11506
60308268,侃宴股份有限公司,臺北市大安區忠孝東路4段101巷14號1樓,王璟琦,300000,,115/06/17,修正章程,C104020 烘焙炊蒸食品製造業；C199990 未分類其他食品製造業；F102030 菸酒批發業；F102040 飲料批發業；F102170 食品什貨批發業；F203010 食品什貨、飲料零售業；F203020 菸酒零售業；F399040 無店面零售業；F399990 其他綜合零售業；F401010 國際貿易業,臺北市,變更,11506
60308561,展聖生技股份有限公司,臺北市中山區民權東路2段46號2樓之1,劉于綺,6000000,,115/06/29,公司印鑑變更,F102170 食品什貨批發業；F107030 清潔用品批發業；F108031 醫療器材批發業；F108040 化粧品批發業；F121010 食品添加物批發業；F203010 食品什貨、飲料零售業；F207030 清潔用品零售業；F208031 醫療器材零售業；F208040 化粧品零售業；F213030 電腦及事務性機器設備零售業,臺北市,變更,11506
60327997,元啟實業有限公司,臺北市士林區忠誠路1段129號1樓,陳俊宇,2000000,,115/06/26,股東出資轉讓修正章程,C301010 紡紗業；C302010 織布業；C305010 印染整理業；C306010 成衣業；C307010 服飾品製造業；CC01090 電池製造業；E601010 電器承裝業；F104110 布疋、衣著、鞋、帽、傘、服飾品批發業；F102030 菸酒批發業；F113020 電器批發業,臺北市,變更,11506
60328150,荣鼎餐飲股份有限公司,臺北市中正區衡陽路10號7樓,劉桓廷,2500000,,115/06/26,公司印鑑變更,F501060 餐館業；F501030 飲料店業；F501990 其他餐飲業；F102030 菸酒批發業；F102040 飲料批發業；F102170 食品什貨批發業；F203010 食品什貨、飲料零售業；F203020 菸酒零售業；C199990 未分類其他食品製造業；C104020 烘焙炊蒸食品製造業,臺北市,變更,11506
60328406,捷碧能源股份有限公司,臺北市信義區松智路1號11樓,Kristof Verlinden,20000000,,115/06/03,特殊補正,I103060 管理顧問業；IG03010 能源技術服務業；I102010 一般投資顧問業；ZZ99999 除許可業務外，得經營法令非禁止或限制之業務,臺北市,變更,11506
60328840,泰東昇建設開發股份有限公司,臺北市中山區南京東路1段34號7樓,張承業,5000000,,115/06/01,補選董事(常務董事.董事長)/監察人,H701010 住宅及大樓開發租售業；H701020 工業廠房開發租售業；H701040 特定專業區開發業；H701050 投資興建公共建設業；H701060 新市鎮、新社區開發業；H701070 區段徵收及市地重劃代辦業；H701080 都市更新重建業；H701090 都市更新整建維護業；H702010 建築經理業；H703090 不動產買賣業,臺北市,變更,11506
60331107,泰然策略解密股份有限公司,臺北市中正區青島東路4之8號,彭明義,9333333,,115/06/15,發行新股,I103060 管理顧問業；I199990 其他顧問服務業；I501010 產品設計業；I301010 資訊軟體服務業；I301020 資料處理服務業；I301030 電子資訊供應服務業；I401010 一般廣告服務業；F118010 資訊軟體批發業；F218010 資訊軟體零售業；F109070 文教、樂器、育樂用品批發業,臺北市,變更,11506
60335309,森智聯科技股份有限公司,臺北市中山區民權東路3段70之2號2樓,施冠彰,1475129,,115/06/18,特殊補正,E605010 電腦設備安裝業；EZ05010 儀器、儀表安裝工程業；F113020 電器批發業；F113050 電腦及事務性機器設備批發業；F118010 資訊軟體批發業；F213010 電器零售業；F213030 電腦及事務性機器設備零售業；F218010 資訊軟體零售業；F399040 無店面零售業；F401010 國際貿易業,臺北市,變更,11506
60335315,六儀管理顧問有限公司,臺北市松山區八德路4段600號2樓,楊景涵,300000,,115/06/22,特殊補正,F203010 食品什貨、飲料零售業；F204110 布疋、衣著、鞋、帽、傘、服飾品零售業；F205040 家具、寢具、廚房器具、裝設品零售業；F206020 日常用品零售業；F208040 化粧品零售業；F399040 無店面零售業；F401010 國際貿易業；I101090 食品顧問業；I103060 管理顧問業；I199990 其他顧問服務業,臺北市,變更,11506
60335321,甲昴國際企業有限公司,臺北市萬華區大理街130巷2號3樓,陳姿伃,20000,,115/06/22,特殊補正,E599010 配管工程業；E601020 電器安裝業；E603040 消防安全設備安裝工程業；E606010 用電設備檢驗維護業；F215020 礦石零售業；F106040 水器材料批發業；F113020 電器批發業；F117010 消防安全設備批發業；IF01010 消防安全設備檢修業；J101010 建築物清潔服務業,臺北市,變更,11506
60335363,夢健身科技股份有限公司,臺北市大安區信義路4段1號2樓,歐千寧,2000000,,115/06/22,補繳規費,CH01010 體育用品製造業；I301010 資訊軟體服務業；I301020 資料處理服務業；I301030 電子資訊供應服務業；F113020 電器批發業；F113070 電信器材批發業；F119010 電子材料批發業；F213010 電器零售業；F213060 電信器材零售業；F219010 電子材料零售業,臺北市,變更,11506
60336052,銅心有限公司,臺北市中正區南陽街17巷2號1樓,蔡宜杰,4000000,,115/06/03,特殊補正,F501060 餐館業；F501990 其他餐飲業；C104020 烘焙炊蒸食品製造業；F203010 食品什貨、飲料零售業；F203020 菸酒零售業；ZZ99999 除許可業務外，得經營法令非禁止或限制之業務,臺北市,變更,11506
60336573,正洋國際運輸股份有限公司,臺北市松山區南京東路4段170號9樓之2,丘和正,16000000,,115/06/03,特殊補正,F401010 國際貿易業；F118010 資訊軟體批發業；JE01010 租賃業；H703100 不動產租賃業；G801010 倉儲業；G702010 船舶勞務承攬業；G799990 其他運輸輔助業；G405010 貨櫃出租業；G403010 船舶出租業；G409030 工業專用港或工業專用碼頭船舶理貨業,臺北市,變更,11506
60336948,豐炎資本福德股份有限公司,臺北市松山區復興北路1號10樓之2,陳威綱,14820000,,115/06/16,發行新股,H201010 一般投資業；H202010 創業投資業；H703090 不動產買賣業；H703100 不動產租賃業；I102010 一般投資顧問業；I103060 管理顧問業；I199990 其他顧問服務業；F401010 國際貿易業；ZZ99999 除許可業務外，得經營法令非禁止或限制之業務,臺北市,變更,11506
60341463,好芯娛樂股份有限公司,臺北市大同區鄭州路101號11樓之2,陳芯斐,3000000,,115/06/17,特殊補正,F102170 食品什貨批發業；F104110 布疋、衣著、鞋、帽、傘、服飾品批發業；F109070 文教、樂器、育樂用品批發業；F110010 鐘錶批發業；F110020 眼鏡批發業；F203010 食品什貨、飲料零售業；F204110 布疋、衣著、鞋、帽、傘、服飾品零售業；F209060 文教、樂器、育樂用品零售業；F210010 鐘錶零售業；F210020 眼鏡零售業,臺北市,變更,11506
60341647,台鋼數位資產管理股份有限公司,臺北市南港區市民大道7段100號,李雲琴,200000000,,115/06/25,修正章程,F218010 資訊軟體零售業；F399040 無店面零售業；H201010 一般投資業；I102010 一般投資顧問業；IZ99990 其他工商服務業；I301010 資訊軟體服務業；I301020 資料處理服務業；I301030 電子資訊供應服務業；I401010 一般廣告服務業；IE01010 電信業務門號代辦業,臺北市,變更,11506
60341858,永聯環保科技有限公司,臺北市中正區忠孝東路1段76號12樓之1,黃開彥,1500000,,115/06/24,特殊補正,I103060 管理顧問業；I199990 其他顧問服務業；E601010 電器承裝業；I301010 資訊軟體服務業；I301020 資料處理服務業；J101050 環境檢測服務業；J101990 其他環境衛生及污染防治服務業；EZ05010 儀器、儀表安裝工程業；EZ99990 其他工程業；JA02010 電器及電子產品修理業,臺北市,變更,11506
60342293,永采文創股份有限公司,臺北市內湖區行善路388號5樓,高明慧,5000000,,115/06/03,特殊補正,I301010 資訊軟體服務業；I301020 資料處理服務業；J302010 通訊稿業；J305010 有聲出版業；J399990 其他出版業；J601010 藝文服務業；J202010 產業育成業；J602010 演藝活動業；J799990 其他休閒服務業；J803010 運動表演業,臺北市,變更,11506
60349401,金百利克拉克國際個人用品股份有限公司,臺北市信義區信義路5段8號8樓,Charles Paradowski帕查爾,380061770,,115/06/22,董事/監察人更名,C601050 家庭及衛生用紙製造業；F106020 日常用品批發業；F107030 清潔用品批發業；F108040 化粧品批發業；F109070 文教、樂器、育樂用品批發業；F203010 食品什貨、飲料零售業；F203020 菸酒零售業；F206020 日常用品零售業；F207030 清潔用品零售業；F208040 化粧品零售業,臺北市,變更,11506
60349459,宥霖國際科技有限公司,臺北市大安區仁愛路3段26號5樓,陳少宥,500000,,115/06/17,特殊補正,F204110 布疋、衣著、鞋、帽、傘、服飾品零售業；F104110 布疋、衣著、鞋、帽、傘、服飾品批發業；F102170 食品什貨批發業；F106020 日常用品批發業；F399040 無店面零售業；I102010 一般投資顧問業；I103060 管理顧問業；I199990 其他顧問服務業；I501010 產品設計業；IG02010 研究發展服務業,臺北市,變更,11506
60350238,禎旺投資有限公司,臺北市信義區松德路171號6樓之3,李依芸,25000000,,115/06/03,補繳規費,H201010 一般投資業；H202010 創業投資業；I102010 一般投資顧問業；I103060 管理顧問業；I199990 其他顧問服務業；H701010 住宅及大樓開發租售業；H703100 不動產租賃業；ZZ99999 除許可業務外，得經營法令非禁止或限制之業務,臺北市,變更,11506
60350624,陞俐投資股份有限公司,臺北市大安區建國南路2段151巷45號2樓,林晉聲,2000000,,115/06/12,補繳規費,H201010 一般投資業；ZZ99999 除許可業務外，得經營法令非禁止或限制之業務,臺北市,變更,11506
60350981,台灣協同海洋有限公司,臺北市大同區民生西路236號2樓,CHAUDHRY AJAY KUMAR,100000,,115/06/11,改推董事/董事長,G702010 船舶勞務承攬業；I103060 管理顧問業；JZ99050 仲介服務業；F401010 國際貿易業；F114060 船舶及其零件批發業；F399020 商港區船舶船員日用品供應業；ZZ99999 除許可業務外，得經營法令非禁止或限制之業務,臺北市,變更,11506
60351068,奧沐仕亞太有限公司,臺北市大安區新生南路1段151巷9之1號1樓,洪士銘,1000000,,115/06/05,股東出資轉讓修正章程,C306010 成衣業；F104110 布疋、衣著、鞋、帽、傘、服飾品批發業；F199990 其他批發業；F399040 無店面零售業；F401010 國際貿易業；JZ99990 未分類其他服務業；I501010 產品設計業；I502010 服飾設計業；ZZ99999 除許可業務外，得經營法令非禁止或限制之業務,臺北市,變更,11506
60351258,耀揚國際開發股份有限公司,臺北市南港區經貿一路170號11樓之2,林懇伶,20000000,,115/06/24,補選董事(常務董事.董事長)/監察人,H701010 住宅及大樓開發租售業；H701020 工業廠房開發租售業；H701040 特定專業區開發業；H701050 投資興建公共建設業；H701060 新市鎮、新社區開發業；H701070 區段徵收及市地重劃代辦業；H701080 都市更新重建業；H701090 都市更新整建維護業；H702010 建築經理業；H703090 不動產買賣業,臺北市,變更,11506
60351623,辰玟貿易有限公司,臺北市大安區辛亥路2段203號,黃楨文,2500000,,115/06/11,增資,F102040 飲料批發業；F102170 食品什貨批發業；F401010 國際貿易業；F501030 飲料店業；F501060 餐館業；I101090 食品顧問業；I401010 一般廣告服務業；I503010 景觀、室內設計業；IZ16010 餐具清洗業；JE01010 租賃業,臺北市,變更,11506
60351861,隱光數位國際股份有限公司,臺北市大同區民權西路104號9樓之6,楊棠鈞,1500000,,115/06/09,補選董事(常務董事.董事長)/監察人,F106010 五金批發業；F113020 電器批發業；F203010 食品什貨、飲料零售業；F204110 布疋、衣著、鞋、帽、傘、服飾品零售業；F205040 家具、寢具、廚房器具、裝設品零售業；F206010 五金零售業；F206020 日常用品零售業；F207030 清潔用品零售業；F209060 文教、樂器、育樂用品零售業；F221010 食品添加物零售業,臺北市,變更,11506
60352088,犀牛數位股份有限公司,臺北市大同區民權西路104號9樓之6,楊棠鈞,5000000,,115/06/09,董事(常務董事.董事長)/監察人解任,F106010 五金批發業；F113020 電器批發業；F203010 食品什貨、飲料零售業；F204110 布疋、衣著、鞋、帽、傘、服飾品零售業；F205040 家具、寢具、廚房器具、裝設品零售業；F206010 五金零售業；F206020 日常用品零售業；F207030 清潔用品零售業；F209060 文教、樂器、育樂用品零售業；F221010 食品添加物零售業,臺北市,變更,11506
60352123,聚豐資本股份有限公司,臺北市士林區中山北路5段520號8樓,黃義盛,5000000,,115/06/01,特殊補正,H201010 一般投資業；H202010 創業投資業；I102010 一般投資顧問業；I103060 管理顧問業；I199990 其他顧問服務業；ZZ99999 除許可業務外，得經營法令非禁止或限制之業務,臺北市,變更,11506
60359152,理輝有限公司,臺北市中山區錦州街342號,陳宛玎,5000000,,115/06/24,股東出資轉讓修正章程,F208031 醫療器材零售業；F208040 化粧品零售業；I103060 管理顧問業；I199990 其他顧問服務業；IZ12010 人力派遣業；JE01010 租賃業；ZZ99999 除許可業務外，得經營法令非禁止或限制之業務,臺北市,變更,11506
60359250,毘努伊勒基礎建設有限公司,臺北市大安區忠孝東路4段300號5樓,陳彥辰,100000,,115/06/08,特殊補正,F114070 航空器及其零件批發業；F114990 其他交通運輸工具及其零件批發業；F214070 航空器及其零件零售業；F214990 其他交通運輸工具及其零件零售業；F401010 國際貿易業；H701050 投資興建公共建設業；ZZ99999 除許可業務外，得經營法令非禁止或限制之業務,臺北市,變更,11506
60359532,零曜科技有限公司,臺北市萬華區開封街2段75號5樓之5,周秦,2000000,,115/06/17,公司所在地,E605010 電腦設備安裝業；F113050 電腦及事務性機器設備批發業；F213030 電腦及事務性機器設備零售業；F118010 資訊軟體批發業；F218010 資訊軟體零售業；F119010 電子材料批發業；F219010 電子材料零售業；F399040 無店面零售業；F401010 國際貿易業；F601010 智慧財產權業,臺北市,變更,11506
60359771,新曜資產有限公司,臺北市松山區延吉街7之1號地下,曾琬茜,200000,,115/06/18,特殊補正,F105050 家具、寢具、廚房器具、裝設品批發業；F208040 化粧品零售業；H201010 一般投資業；H202010 創業投資業；ZZ99999 除許可業務外，得經營法令非禁止或限制之業務,臺北市,變更,11506
60359786,晨星集國際有限公司,臺北市松山區南京東路5段188號6樓之5,陳嘉慧,750000,,115/06/24,減資,F203010 食品什貨、飲料零售業；F203020 菸酒零售業；F204110 布疋、衣著、鞋、帽、傘、服飾品零售業；F209060 文教、樂器、育樂用品零售業；F301010 百貨公司業；F399040 無店面零售業；F401010 國際貿易業；F501030 飲料店業；F501990 其他餐飲業；I103060 管理顧問業,臺北市,變更,11506
60360221,聚勃國際股份有限公司,臺北市大安區敦化南路1段205號6樓,周維正,10000000,,115/06/26,補繳規費,IG02010 研究發展服務業；IG03010 能源技術服務業；I199990 其他顧問服務業；I301010 資訊軟體服務業；I301020 資料處理服務業；I301030 電子資訊供應服務業；I501010 產品設計業；I599990 其他設計業；IZ09010 管理系統驗證業；E601010 電器承裝業,臺北市,變更,11506
60360355,人可投資股份有限公司,臺北市中山區復興北路70號9樓之1,何政聲,600000,,115/06/30,改選董事/監察人(一人法人股東指派董事/監察人),H201010 一般投資業；H202010 創業投資業；I103060 管理顧問業；I199990 其他顧問服務業；IZ99990 其他工商服務業；F601010 智慧財產權業；ZZ99999 除許可業務外，得經營法令非禁止或限制之業務,臺北市,變更,11506
60360616,星達捌投資股份有限公司,臺北市松山區八德路3段2號6樓,朱啟銘,83000000,,115/06/24,增資(資本總額),H201010 一般投資業；ZZ99999 除許可業務外，得經營法令非禁止或限制之業務,臺北市,變更,11506
60360658,貞美學有限公司,臺北市大安區信義路4段296號15樓,萬寶城,4000000,,115/06/10,公司所營事業變更修正章程,I301010 資訊軟體服務業；I301020 資料處理服務業；I301030 電子資訊供應服務業；I401010 一般廣告服務業；I501010 產品設計業；I103060 管理顧問業；IG01010 生物技術服務業；F118010 資訊軟體批發業；F218010 資訊軟體零售業；F601010 智慧財產權業,臺北市,變更,11506
60360783,可聚乃股份有限公司,臺北市中山區中山北路1段126巷16號1樓,王倩儀,2158270,,115/06/01,特殊補正,F113020 電器批發業；F119010 電子材料批發業；F203010 食品什貨、飲料零售業；F203020 菸酒零售業；F203030 酒精零售業；F203040 雪茄零售業；F401010 國際貿易業；F501030 飲料店業；F501050 飲酒店業；J303010 雜誌（期刊）出版業,臺北市,變更,11506
60366626,浩諾系統股份有限公司,臺北市大安區復興南路1段352號2樓之1,邱駿,3700000,,115/06/26,增資(資本總額),F113030 精密儀器批發業；F119010 電子材料批發業；F118010 資訊軟體批發業；F213040 精密儀器零售業；F219010 電子材料零售業；F218010 資訊軟體零售業；F113010 機械批發業；F213080 機械器具零售業；F113990 其他機械器具批發業；F399040 無店面零售業,臺北市,變更,11506
60366652,默證股份有限公司,臺北市萬華區桂林路160號1樓,宋曜宇,800000,,115/06/11,特殊補正,F109070 文教、樂器、育樂用品批發業；F119010 電子材料批發業；F113010 機械批發業；F113030 精密儀器批發業；F113050 電腦及事務性機器設備批發業；F118010 資訊軟體批發業；F209060 文教、樂器、育樂用品零售業；F219010 電子材料零售業；F213030 電腦及事務性機器設備零售業；F213040 精密儀器零售業,臺北市,變更,11506
60366745,斯利普諾莫股份有限公司,臺北市中正區新生南路1段50號6樓之5,潘韻文,5000000,,115/06/12,特殊補正,C104020 烘焙炊蒸食品製造業；C110010 飲料製造業；C113020 酒類半成品製造業；E601020 電器安裝業；E801010 室內裝潢業；F102030 菸酒批發業；F102040 飲料批發業；F102170 食品什貨批發業；F105050 家具、寢具、廚房器具、裝設品批發業；F107200 化學原料批發業,臺北市,變更,11506
60367028,神台投資股份有限公司,臺北市中正區衡陽路51號10樓之18,張明晃,6500000,,115/06/24,特殊補正,F401010 國際貿易業；H201010 一般投資業；H202010 創業投資業；H703090 不動產買賣業；H703100 不動產租賃業；I102010 一般投資顧問業；ZZ99999 除許可業務外，得經營法令非禁止或限制之業務,臺北市,變更,11506
60367759,德合國際建材股份有限公司,臺北市中正區重慶南路1段57號7樓之15,廖黎花,2000000,,115/06/05,增資(資本總額),F401010 國際貿易業；E801010 室內裝潢業；E801030 室內輕鋼架工程業；ZZ99999 除許可業務外，得經營法令非禁止或限制之業務,臺北市,變更,11506
60367815,育見卓越國際股份有限公司,臺北市中正區衡陽路10號7樓,陳又寧,5700000,,115/06/15,特殊補正,F109070 文教、樂器、育樂用品批發業；F118010 資訊軟體批發業；F209060 文教、樂器、育樂用品零售業；F218010 資訊軟體零售業；F399040 無店面零售業；F399990 其他綜合零售業；F401010 國際貿易業；I401010 一般廣告服務業；IZ12010 人力派遣業；I103060 管理顧問業,臺北市,變更,11506
60370776,直上行銷科技股份有限公司,臺北市大安區安和路1段29號15樓,黃文愷,1000000,,115/06/24,申登機關變更（遷入，含卷）,I103060 管理顧問業；I199990 其他顧問服務業；I301010 資訊軟體服務業；I301020 資料處理服務業；I301030 電子資訊供應服務業；I301060 網路廣告平臺業；I401010 一般廣告服務業；IZ15010 市場研究及民意調查業；IZ99990 其他工商服務業；J399010 軟體出版業,臺北市,變更,11506
60372633,忻宸資本股份有限公司,臺北市松山區南京東路4段1號6樓,劉力瑋,60000000,,115/06/22,特殊補正,I102010 一般投資顧問業；I103060 管理顧問業；I199990 其他顧問服務業；H201010 一般投資業；ZZ99999 除許可業務外，得經營法令非禁止或限制之業務,臺北市,變更,11506
60372845,聚密室內裝修工程有限公司,臺北市士林區承德路4段277巷58號3樓,王豪翔,6000000,,115/06/26,特殊補正,F105050 家具、寢具、廚房器具、裝設品批發業；F106010 五金批發業；F107010 漆料、塗料批發業；F111090 建材批發業；F205040 家具、寢具、廚房器具、裝設品零售業；F206010 五金零售業；F207010 漆料、塗料零售業；F211010 建材零售業；F220010 耐火材料零售業；F401010 國際貿易業,臺北市,變更,11506
60372985,雲嶼數位有限公司,臺北市大同區太原路50號2樓,陳富平,200000,,115/06/04,減少所營事業變更修正章程,F213030 電腦及事務性機器設備零售業；F218010 資訊軟體零售業；F401010 國際貿易業；I301010 資訊軟體服務業；I301020 資料處理服務業；I401010 一般廣告服務業；I501010 產品設計業；I199990 其他顧問服務業；IZ12010 人力派遣業；JZ99050 仲介服務業,臺北市,變更,11506
60373289,領策科技有限公司,臺北市中山區松江路76號7樓之1,何寬延,7000000,,115/06/04,增資,F113050 電腦及事務性機器設備批發業；F213030 電腦及事務性機器設備零售業；F401010 國際貿易業；I301010 資訊軟體服務業；I301020 資料處理服務業；I301030 電子資訊供應服務業；JE01010 租賃業；CC01030 電器及視聽電子產品製造業；CC01110 電腦及其週邊設備製造業；F113070 電信器材批發業,臺北市,變更,11506
60373648,拓享生活科技有限公司,臺北市大安區大安路1段224巷11號,洪雋凱,300000,,115/06/12,公司所營事業變更修正章程,F401010 國際貿易業；I103060 管理顧問業；I301010 資訊軟體服務業；I301020 資料處理服務業；I301030 電子資訊供應服務業；I401010 一般廣告服務業；I501010 產品設計業；F207030 清潔用品零售業；F206020 日常用品零售業；F213010 電器零售業,臺北市,變更,11506
60373653,囍釀企業有限公司,臺北市中山區復興北路402巷24號1樓,顏文瑤,12000000,,115/06/23,增資,F501060 餐館業；F501030 飲料店業；ZZ99999 除許可業務外，得經營法令非禁止或限制之業務,臺北市,變更,11506
60373680,承影智慧股份有限公司,臺北市內湖區瑞光路335號3樓,葉肇元,33810000,,115/06/26,特殊補正,I301010 資訊軟體服務業；I301020 資料處理服務業；I301030 電子資訊供應服務業；I401010 一般廣告服務業；F118010 資訊軟體批發業；ZZ99999 除許可業務外，得經營法令非禁止或限制之業務,臺北市,變更,11506
60373696,斯門達有限公司,臺北市大同區市民大道1段209號10樓之1,,5000000,,115/06/18,解散,H201010 一般投資業,臺北市,變更,11506
60373838,珈品國際控股股份有限公司,臺北市大安區臥龍街3號6樓,劉宗原,40000000,,115/06/11,特殊補正,F501060 餐館業；F102030 菸酒批發業；F102040 飲料批發業；F102050 茶葉批發業；F102170 食品什貨批發業；F203010 食品什貨、飲料零售業；F203020 菸酒零售業；F299990 其他零售業；F399990 其他綜合零售業；F401010 國際貿易業,臺北市,變更,11506
60377525,銳智科技股份有限公司,臺北市大安區復興南路2段237號13樓,唐千雅,2000000,,115/06/02,特殊補正,E701010 電信工程業；E701040 簡易電信設備安裝業；F113020 電器批發業；F113030 精密儀器批發業；F113050 電腦及事務性機器設備批發業；F113070 電信器材批發業；F118010 資訊軟體批發業；F119010 電子材料批發業；F199990 其他批發業；F213010 電器零售業,臺北市,變更,11506
60381582,昌華澐靈活運動股份有限公司,臺北市內湖區新明路298巷8號1樓,葉俊昌,500000,,115/06/26,董事/監察人持股變動報備,F109070 文教、樂器、育樂用品批發業；F203010 食品什貨、飲料零售業；F206020 日常用品零售業；F209060 文教、樂器、育樂用品零售業；F401010 國際貿易業；CH01010 體育用品製造業；I103060 管理顧問業；I199990 其他顧問服務業；I301010 資訊軟體服務業；I401010 一般廣告服務業,臺北市,變更,11506
60386003,紅鑽有限公司,臺北市大安區和平東路1段182號1樓,林俊騰,1800000,,115/06/12,改推董事/董事長,F501060 餐館業；F501030 飲料店業；F203010 食品什貨、飲料零售業；F203020 菸酒零售業；ZZ99999 除許可業務外，得經營法令非禁止或限制之業務,臺北市,變更,11506
60386974,福企通商務整合有限公司,臺北市內湖區瑞光路607號4樓,郭益宏,1000000,,115/06/29,特殊補正,F113030 精密儀器批發業；F118010 資訊軟體批發業；F119010 電子材料批發業；F213040 精密儀器零售業；F219010 電子材料零售業；F401010 國際貿易業；I301010 資訊軟體服務業；E605010 電腦設備安裝業；EZ05010 儀器、儀表安裝工程業；F399040 無店面零售業,臺北市,變更,11506
60387191,大羽合國際控股股份有限公司,臺北市中山區民權西路11號3樓之2,宋美貴,1000000,,115/06/02,改選董事/監察人(一人法人股東指派董事/監察人),F101050 水產品批發業；F201030 水產品零售業；F203010 食品什貨、飲料零售業；F102170 食品什貨批發業；F102040 飲料批發業；F399040 無店面零售業；F101130 蔬果批發業；F201010 農產品零售業；F401010 國際貿易業；F108040 化粧品批發業,臺北市,變更,11506
60398704,衡蘊有限公司,臺北市中山區中山北路3段27號7樓之6,陳勃良,1000000,,115/06/15,特殊補正,ZZ99999 除許可業務外，得經營法令非禁止或限制之業務；I101080 工、礦顧問業；I103060 管理顧問業；I199990 其他顧問服務業；I301020 資料處理服務業；I301030 電子資訊供應服務業；IB01010 建築物公共安全檢查業；E502010 燃料導管安裝工程業；E599010 配管工程業；E601010 電器承裝業,臺北市,變更,11506
60398802,立峰隆昌控股有限公司,臺北市信義區忠孝東路5段1號2樓,杜秀枝,3500000,,115/06/05,特殊補正,A102080 園藝服務業；E801010 室內裝潢業；E801020 門窗安裝工程業；E801030 室內輕鋼架工程業；E801040 玻璃安裝工程業；E801070 廚具、衛浴設備安裝工程業；E901010 油漆工程業；H701010 住宅及大樓開發租售業；I102010 一般投資顧問業；I103060 管理顧問業,臺北市,變更,11506
60398887,桓浩建設股份有限公司,臺北市松山區民生東路3段128號9樓,李幹樂,300000000,,115/06/08,特殊補正,H701010 住宅及大樓開發租售業；H701020 工業廠房開發租售業；H701040 特定專業區開發業；H701080 都市更新重建業；H701090 都市更新整建維護業；H703090 不動產買賣業；H703100 不動產租賃業；H703110 老人住宅業；E801010 室內裝潢業；F111090 建材批發業,臺北市,變更,11506
60399128,百樂卡股份有限公司,臺北市中山區南京西路1之1號6樓,彭議慶,50000,,115/06/18,董事/監察人持股變動報備,F104110 布疋、衣著、鞋、帽、傘、服飾品批發業；F106020 日常用品批發業；F109070 文教、樂器、育樂用品批發業；F204110 布疋、衣著、鞋、帽、傘、服飾品零售業；F206020 日常用品零售業；F209060 文教、樂器、育樂用品零售業；F399040 無店面零售業；F399990 其他綜合零售業；I301010 資訊軟體服務業；ZZ99999 除許可業務外，得經營法令非禁止或限制之業務,臺北市,變更,11506
60399345,頤盛投資股份有限公司,臺北市信義區基隆路1段333號13樓,吳頌仁,216875000,,115/06/22,票據兌現/他機關函復/補正,H201010 一般投資業；ZZ99999 除許可業務外，得經營法令非禁止或限制之業務,臺北市,變更,11506
60399696,超級湯湯股份有限公司,臺北市大安區延吉街153之10號地下,陳瑋萱,2000000,,115/06/01,特殊補正,F299990 其他零售業；F401010 國際貿易業；F205040 家具、寢具、廚房器具、裝設品零售業；F209060 文教、樂器、育樂用品零售業；J601010 藝文服務業；J602010 演藝活動業；JB01010 會議及展覽服務業；I501010 產品設計業；I599990 其他設計業；J799990 其他休閒服務業,臺北市,變更,11506
60399746,展鉞有限公司,臺北市大同區鄭州路101號11樓之2,林豪仁,2000000,,115/06/26,公司所在地,H201010 一般投資業,臺北市,變更,11506
60400069,瑪思塔有限公司,臺北市萬華區峨眉街74號,孫鴻文,1000000,,115/06/23,特殊補正,F113050 電腦及事務性機器設備批發業；F113070 電信器材批發業；F116010 照相器材批發業；F118010 資訊軟體批發業；F119010 電子材料批發業；F213010 電器零售業；F213030 電腦及事務性機器設備零售業；F213060 電信器材零售業；F216010 照相器材零售業；F218010 資訊軟體零售業,臺北市,變更,11506
60410427,見遠資本股份有限公司,臺北市信義區基隆路2段149之17號3樓,陳棋富,21000000,,115/06/09,增資(資本總額),I102010 一般投資顧問業；I103060 管理顧問業；HZ99990 其他金融、保險及不動產業；H201010 一般投資業；H202010 創業投資業；H701010 住宅及大樓開發租售業；JZ99050 仲介服務業；F401010 國際貿易業；ZZ99999 除許可業務外，得經營法令非禁止或限制之業務,臺北市,變更,11506
60410812,與山甜點設計有限公司,臺北市大同區西寧北路87號之1一樓,黃思穎,500000,,115/06/16,特殊補正,F203010 食品什貨、飲料零售業；I504010 花藝設計業；F206020 日常用品零售業；I101090 食品顧問業；ZZ99999 除許可業務外，得經營法令非禁止或限制之業務,臺北市,變更,11506
60411050,得知之股份有限公司,臺北市中正區青島東路7號2樓之3,呂宜蓁,3500000,,115/06/26,增資(資本總額),I301010 資訊軟體服務業；I301030 電子資訊供應服務業；IZ13010 網路認證服務業；J305010 有聲出版業；I301020 資料處理服務業；I401010 一般廣告服務業；J401010 電影片製作業；J404010 動畫影片製作業；JZ99030 攝影業；I103060 管理顧問業,臺北市,變更,11506
60411376,穩盈商務國際有限公司,臺北市士林區忠誠路2段154巷15號1樓,張孝全,1000000,,115/06/11,公司印鑑變更,F203010 食品什貨、飲料零售業；F204110 布疋、衣著、鞋、帽、傘、服飾品零售業；F205040 家具、寢具、廚房器具、裝設品零售業；F206010 五金零售業；F206020 日常用品零售業；F299990 其他零售業；F399040 無店面零售業；F401010 國際貿易業；F102170 食品什貨批發業；F104110 布疋、衣著、鞋、帽、傘、服飾品批發業,臺北市,變更,11506
60411967,格緒科技股份有限公司,臺北市大安區敦化南路1段205號2樓之5,賴佳翎,6600000,,115/06/03,特殊補正,F104110 布疋、衣著、鞋、帽、傘、服飾品批發業；F106020 日常用品批發業；F107030 清潔用品批發業；F108031 醫療器材批發業；F109070 文教、樂器、育樂用品批發業；F118010 資訊軟體批發業；F204110 布疋、衣著、鞋、帽、傘、服飾品零售業；F206020 日常用品零售業；F207030 清潔用品零售業；F208031 醫療器材零售業,臺北市,變更,11506
60411994,旺承資本有限公司,臺北市中正區水源路89號3樓,陳柏羽,500000,,115/06/18,特殊補正,F102040 飲料批發業；F102170 食品什貨批發業；F107030 清潔用品批發業；F203010 食品什貨、飲料零售業；F205040 家具、寢具、廚房器具、裝設品零售業；F207030 清潔用品零售業；F401010 國際貿易業；H201010 一般投資業；ZZ99999 除許可業務外，得經營法令非禁止或限制之業務,臺北市,變更,11506
60412683,隱翔有限公司,臺北市大同區承德路1段17號8樓之5,陳暘昇,15500000,,115/06/18,補繳規費,H703090 不動產買賣業；H703100 不動產租賃業；I103060 管理顧問業；I199990 其他顧問服務業；I401010 一般廣告服務業；I503010 景觀、室內設計業；I599990 其他設計業；F111090 建材批發業；F211010 建材零售業；E801010 室內裝潢業,臺北市,變更,11506
60412781,鑫貽資產管理有限公司,臺北市中正區杭州南路1段18巷16號5樓,陳玉玫,10000000,,115/06/05,股東出資轉讓修正章程,H201010 一般投資業；H202010 創業投資業；H204010 私募股權投資業；HZ02010 金融機構金錢債權收買業務；I102010 一般投資顧問業；I103060 管理顧問業；JZ99050 仲介服務業；ZZ99999 除許可業務外，得經營法令非禁止或限制之業務,臺北市,變更,11506
60415210,森策品牌營銷顧問有限公司,臺北市中正區衡陽路10號7樓,陳怡志,100000,,115/06/24,股東出資轉讓修正章程,F104110 布疋、衣著、鞋、帽、傘、服飾品批發業；F105050 家具、寢具、廚房器具、裝設品批發業；F106010 五金批發業；F106020 日常用品批發業；F113020 電器批發業；F113050 電腦及事務性機器設備批發業；F204110 布疋、衣著、鞋、帽、傘、服飾品零售業；F205040 家具、寢具、廚房器具、裝設品零售業；F206010 五金零售業；F206020 日常用品零售業,臺北市,變更,11506
60415823,智掃通股份有限公司,臺北市松山區東興路26號12樓,賴繪阡,10500000,,115/06/04,特殊補正,I301010 資訊軟體服務業；I301020 資料處理服務業；I301030 電子資訊供應服務業；ZZ99999 除許可業務外，得經營法令非禁止或限制之業務,臺北市,變更,11506
60415865,道泉室內裝修設計股份有限公司,臺北市信義區信義路4段458號6樓,范云,300000,,115/06/01,特殊補正,E801010 室內裝潢業；E801060 室內裝修業；I503010 景觀設計業；I501010 產品設計業；I502010 服飾設計業；E601020 電器安裝業；E601010 電器承裝業；E603040 消防安全設備安裝工程業；E603090 照明設備安裝工程業；E605010 電腦設備安裝業,臺北市,變更,11506
60416029,屹海船舶股份有限公司,臺北市信義區松德路171號19樓之7,謝菁菁,740000000,,115/06/16,一般補正案,E401010 疏濬業；E402010 沙石、淤泥海拋業；E603010 電纜安裝工程業；EZ99990 其他工程業；F214060 船舶及其零件零售業；F401010 國際貿易業；G302010 小船經營業；G403010 船舶出租業；G407010 打撈業；G408010 海難救護業,臺北市,變更,11506
60416225,漫改食文創有限公司,臺北市中正區忠孝東路2段26號10樓,史姍妮,7000000,,115/06/04,增資,F118010 資訊軟體批發業；F201010 農產品零售業；F201020 畜產品零售業；F203010 食品什貨、飲料零售業；F203020 菸酒零售業；F204110 布疋、衣著、鞋、帽、傘、服飾品零售業；F205040 家具、寢具、廚房器具、裝設品零售業；F206020 日常用品零售業；F208040 化粧品零售業；F209060 文教、樂器、育樂用品零售業,臺北市,變更,11506
60416549,粹譜藝人經紀股份有限公司,臺北市內湖區洲子街69號,須家昌,3000000,,115/06/05,特殊補正,F106020 日常用品批發業；F109070 文教、樂器、育樂用品批發業；F113020 電器批發業；F118010 資訊軟體批發業；F199990 其他批發業；F206020 日常用品零售業；F209060 文教、樂器、育樂用品零售業；F213010 電器零售業；F218010 資訊軟體零售業；F299990 其他零售業,臺北市,變更,11506
60416597,熊貓原點有限公司,臺北市松山區復興北路201號4樓之2,潘信達,1000000,,115/06/01,增資,I401010 一般廣告服務業；I599990 其他設計業；F109070 文教、樂器、育樂用品批發業；F209060 文教、樂器、育樂用品零售業；F118010 資訊軟體批發業；F218010 資訊軟體零售業；F399040 無店面零售業；F401010 國際貿易業；J303010 雜誌（期刊）出版業；J304010 圖書出版業,臺北市,變更,11506
60416652,柒賢國際廣告股份有限公司,臺北市內湖區民權東路6段160號11樓之2,蕭國祥,1000000,,115/06/04,特殊補正,I301010 資訊軟體服務業；I301020 資料處理服務業；I301030 電子資訊供應服務業；I301060 網路廣告平臺業；I401010 一般廣告服務業；I401020 廣告傳單分送業；I501010 產品設計業；I503010 景觀、室內設計業；I599990 其他設計業；IZ99990 其他工商服務業,臺北市,變更,11506
60416718,思貿訊科技股份有限公司,臺北市信義區信義路4段458號6樓,陳建伶,11030010,,115/06/22,特殊補正,F203010 食品什貨、飲料零售業；F501030 飲料店業；F501060 餐館業；I103060 管理顧問業；F102040 飲料批發業；F102170 食品什貨批發業；F113010 機械批發業；F113020 電器批發業；F113990 其他機械器具批發業；F213010 電器零售業,臺北市,變更,11506
60427378,澄浩餐飲有限公司,臺北市萬華區峨眉街88號2樓之2,陳冠丞,1000000,,115/06/11,特殊補正,F501060 餐館業；F501030 飲料店業；F501990 其他餐飲業；ZZ99999 除許可業務外，得經營法令非禁止或限制之業務,臺北市,變更,11506
60427813,甄益國際貿易有限公司,臺北市內湖區陽光街161巷14號1樓,謝金益,1500000,,115/06/09,特殊補正,F102040 飲料批發業；F102170 食品什貨批發業；F104110 布疋、衣著、鞋、帽、傘、服飾品批發業；F106010 五金批發業；F106020 日常用品批發業；F107030 清潔用品批發業；F108040 化粧品批發業；F109070 文教、樂器、育樂用品批發業；F113010 機械批發業；F113020 電器批發業,臺北市,變更,11506
60432082,洵居空間有限公司,臺北市大同區鄭州路101號11樓之2,黃信融,500000,,115/06/25,公司所在地,E599010 配管工程業；E601020 電器安裝業；E603040 消防安全設備安裝工程業；E603050 自動控制設備工程業；E603090 照明設備安裝工程業；E701040 簡易電信設備安裝業；E801010 室內裝潢業；E801020 門窗安裝工程業；E801030 室內輕鋼架工程業；E801040 玻璃安裝工程業,臺北市,變更,11506
60432251,承埕股份有限公司,臺北市中正區開封街1段37號5樓,陳妙貞,50000000,,115/06/29,發行新股,H703090 不動產買賣業；H703100 不動產租賃業；E603050 自動控制設備工程業；F213010 電器零售業；F213030 電腦及事務性機器設備零售業；F213040 精密儀器零售業；F213080 機械器具零售業；F218010 資訊軟體零售業；F219010 電子材料零售業；F401010 國際貿易業,臺北市,變更,11506
60432463,藏樞製作設計有限公司,臺北市中山區南京東路3段210號9樓,邱劭瑜,700000,,115/06/24,特殊補正,JB01010 會議及展覽服務業；I503010 景觀、室內設計業；E801010 室內裝潢業；I401010 一般廣告服務業；I501010 產品設計業；I103060 管理顧問業；F401010 國際貿易業；J601010 藝文服務業；J602010 演藝活動業；I105010 藝術品諮詢顧問業,臺北市,變更,11506
60432787,領馭先進科技有限公司,臺北市大安區復興南路1段352號2樓,邱文宜,3333333,,115/06/24,特殊補正,F119010 電子材料批發業；F219010 電子材料零售業；F107200 化學原料批發業；F207200 化學原料零售業；F113050 電腦及事務性機器設備批發業；F213030 電腦及事務性機器設備零售業；F113070 電信器材批發業；F213060 電信器材零售業；F113010 機械批發業；F213080 機械器具零售業,臺北市,變更,11506
60433337,人予室內裝修股份有限公司,臺北市大同區長安西路150號13樓,李佳芫,1000000,,115/06/16,特殊補正,E599010 配管工程業；E601010 電器承裝業；E601020 電器安裝業；E603050 自動控制設備工程業；E603040 消防安全設備安裝工程業；E605010 電腦設備安裝業；E701040 簡易電信設備安裝業；E801010 室內裝潢業；E801060 室內裝修業；E801020 門窗安裝工程業,臺北市,變更,11506
60433343,承知有限公司,臺北市大安區復興南路1段243號6樓,胡文昶,100000,,115/06/17,股東出資轉讓修正章程,F118010 資訊軟體批發業；F218010 資訊軟體零售業；I103060 管理顧問業；I199990 其他顧問服務業；I301010 資訊軟體服務業；I401010 一般廣告服務業；J399010 軟體出版業；J503030 廣播電視節目發行業；ZZ99999 除許可業務外，得經營法令非禁止或限制之業務,臺北市,變更,11506
60438348,品度藝術有限公司,臺北市大同區涼州街48號1樓、2樓,曾哲偉,2000000,,115/06/30,特殊補正,J601010 藝文服務業；I105010 藝術品諮詢顧問業；J602010 演藝活動業；JB01010 會議及展覽服務業；I501010 產品設計業；I503010 景觀設計業；I599990 其他設計業；J304010 圖書出版業；J305010 有聲出版業；J399990 其他出版業,臺北市,變更,11506
60450911,仟閱生活有限公司,臺北市中山區復興北路70號9樓之1,陳春榮,500000,,115/06/15,特殊補正,F104110 布疋、衣著、鞋、帽、傘、服飾品批發業；F105050 家具、寢具、廚房器具、裝設品批發業；F106020 日常用品批發業；F109070 文教、樂器、育樂用品批發業；F113020 電器批發業；F113030 精密儀器批發業；F113050 電腦及事務性機器設備批發業；F113070 電信器材批發業；F118010 資訊軟體批發業；F119010 電子材料批發業,臺北市,變更,11506
60454297,沐韻股份有限公司,臺北市信義區忠孝東路5段370號4樓,林子淇,1500000,,115/06/09,公司印鑑變更,F106020 日常用品批發業；F109070 文教、樂器、育樂用品批發業；F113050 電腦及事務性機器設備批發業；F118010 資訊軟體批發業；F206020 日常用品零售業；F209060 文教、樂器、育樂用品零售業；F213030 電腦及事務性機器設備零售業；F218010 資訊軟體零售業；F399040 無店面零售業；F401010 國際貿易業,臺北市,變更,11506
60454727,愛來停有限公司,臺北市中山區新生北路2段79號,藍國宏,1000000,,115/06/23,特殊補正,G202010 停車場經營業；J101010 建築物清潔服務業；F219010 電子材料零售業；H701050 投資興建公共建設業；H701010 住宅及大樓開發租售業；H703100 不動產租賃業；H703090 不動產買賣業；JE01010 租賃業；JZ99050 仲介服務業；ZZ99999 除許可業務外，得經營法令非禁止或限制之業務,臺北市,變更,11506
60455134,童趣島股份有限公司,臺北市松山區復興南路1段45號5樓,羅錦諺,1000000,,115/06/08,特殊補正,F109070 文教、樂器、育樂用品批發業；F118010 資訊軟體批發業；F209060 文教、樂器、育樂用品零售業；F218010 資訊軟體零售業；I301010 資訊軟體服務業；I301020 資料處理服務業；I301030 電子資訊供應服務業；I301060 網路廣告平臺業；I401010 一般廣告服務業；I103060 管理顧問業,臺北市,變更,11506
60456274,靈宇國際股份有限公司,臺北市大安區敦安里仁愛路4段122巷63號3樓之4,陳延凱,1000000,,115/06/26,公司所在地,F106010 五金批發業；F113010 機械批發業；F113030 精密儀器批發業；F401010 國際貿易業；F399040 無店面零售業；I301020 資料處理服務業；I301030 電子資訊供應服務業；F118010 資訊軟體批發業；F601010 智慧財產權業；CC01080 電子零組件製造業,臺北市,變更,11506
60459639,香港商銘衡資本有限公司,臺北市中山區長春路172號8樓之7,開宇聲,0,,115/06/11,補繳規費,,臺北市,變更,11506
60464817,紅地球有限公司,臺北市大安區羅斯福路3段29號3樓之1,劉姵君,1000000,,115/06/26,特殊補正,F204110 布疋、衣著、鞋、帽、傘、服飾品零售業；F215020 礦石零售業；F299990 其他零售業；F399040 無店面零售業；F399990 其他綜合零售業；F401010 國際貿易業；ZZ99999 除許可業務外，得經營法令非禁止或限制之業務,臺北市,變更,11506
60464886,好覓寓所有限公司,臺北市大同區寧夏路84號4樓,張智筌,800000,,115/06/04,增資,H701010 住宅及大樓開發租售業；H703100 不動產租賃業；H703120 自助儲物空間業；H706011 租賃住宅代管業；H706021 租賃住宅包租業；I103060 管理顧問業；I199990 其他顧問服務業；JE01010 租賃業；ZZ99999 除許可業務外，得經營法令非禁止或限制之業務,臺北市,變更,11506
60467363,基曜科技股份有限公司,臺北市中正區忠孝東路2段88號4樓,梁凱翔,25000000,,115/06/10,申登機關變更（遷入，含卷）,CA02990 其他金屬製品製造業；CB01010 機械設備製造業；CC01010 發電、輸電、配電機械製造業；CC01030 電器及視聽電子產品製造業；CC01080 電子零組件製造業；CC01110 電腦及其週邊設備製造業；E599010 配管工程業；E601010 電器承裝業；E601020 電器安裝業；E603010 電纜安裝工程業,臺北市,變更,11506
60468829,出島有限公司,臺北市大安區忠孝東路4段71之5號6樓,查爾斯巴塔依,500000,,115/06/30,經理人變更,F104110 布疋、衣著、鞋、帽、傘、服飾品批發業；F105050 家具、寢具、廚房器具、裝設品批發業；F106020 日常用品批發業；F109070 文教、樂器、育樂用品批發業；F204110 布疋、衣著、鞋、帽、傘、服飾品零售業；F205040 家具、寢具、廚房器具、裝設品零售業；F206020 日常用品零售業；F209060 文教、樂器、育樂用品零售業；J601010 藝文服務業；J602010 演藝活動業,臺北市,變更,11506
60468980,墨玉資本股份有限公司,臺北市中山區長春路20號8樓,吳錫聰,1000000,,115/06/11,公司所在地,D101060 再生能源自用發電設備業；F102040 飲料批發業；F105050 家具、寢具、廚房器具、裝設品批發業；F106060 寵物食品及其用品批發業；F108040 化粧品批發業；F113100 污染防治設備批發業；F113110 電池批發業；F113990 其他機械器具批發業；F115010 首飾及貴金屬批發業；F199010 回收物料批發業,臺北市,變更,11506
60469587,上誠有限公司,臺北市大安區敦化南路2段1號12樓,王亨益,3000000,,115/06/12,增資,F399040 無店面零售業；F401010 國際貿易業；F204110 布疋、衣著、鞋、帽、傘、服飾品零售業；F208040 化粧品零售業；F205040 家具、寢具、廚房器具、裝設品零售業；F206020 日常用品零售業；F209060 文教、樂器、育樂用品零售業；F399990 其他綜合零售業；ZZ99999 除許可業務外，得經營法令非禁止或限制之業務；F203010 食品什貨、飲料零售業,臺北市,變更,11506
60470450,特里奧科技有限公司,臺北市松山區復興北路509號1樓,MULLAGURI IRUDAYARAJ KENNET JOAN,300000,,115/06/10,特殊補正,F113030 精密儀器批發業；F113050 電腦及事務性機器設備批發業；F113070 電信器材批發業；F401010 國際貿易業；CC01110 電腦及其週邊設備製造業；ZZ99999 除許可業務外，得經營法令非禁止或限制之業務,臺北市,變更,11506
60470705,準達投資股份有限公司,臺北市文山區羅斯福路5段101號7樓,曾淑瑩,23490000,,115/06/23,特殊補正,H201010 一般投資業；I102010 一般投資顧問業；ZZ99999 除許可業務外，得經營法令非禁止或限制之業務,臺北市,變更,11506
60482250,大研樂宿養生村股份有限公司,臺北市大安區羅斯福路三段37號12樓,林東慶,1130000000,,115/06/04,減資,A201010 造林業；A201030 特殊林木經營業；A201040 森林遊樂區經營業；F401010 國際貿易業；F601010 智慧財產權業；I102010 一般投資顧問業；I103060 管理顧問業；I301010 資訊軟體服務業；I301020 資料處理服務業；I301030 電子資訊供應服務業,臺北市,變更,11506
60482322,大研生醫併購投資股份有限公司,臺北市大安區羅斯福路3段37號12樓,林東慶,1138000000,,115/06/11,減資,H201010 一般投資業；H202010 創業投資業；H204010 私募股權投資業；I102010 一般投資顧問業；I103060 管理顧問業；I199990 其他顧問服務業；IH01010 產業控股公司業；JD01010 工商徵信服務業；ZZ99999 除許可業務外，得經營法令非禁止或限制之業務,臺北市,變更,11506
60484779,順賓商車股份有限公司,臺北市中山區民權東路2段150號1樓,林純姬,400000000,,115/06/25,特殊補正,CD01030 汽車及其零件製造業；C803990 其他石油及煤製品製造業；D101060 再生能源自用發電設備業；F113020 電器批發業；F113030 精密儀器批發業；F113060 度量衡器批發業；F113110 電池批發業；F113990 其他機械器具批發業；F114010 汽車批發業；F114030 汽、機車零件配備批發業,臺北市,變更,11506
60488233,千櫻樂旅有限公司,臺北市中山區華陰街29號3樓,廖唯婷,1000000,,115/06/12,特殊補正,JZ99050 仲介服務業；H202010 創業投資業；IZ12010 人力派遣業；H201010 一般投資業,臺北市,變更,11506
60488542,初見影像有限公司,臺北市松山區民權東路3段191巷8號,蔡紫荑,500000,,115/06/16,改推董事/董事長,J602010 演藝活動業；J401010 電影片製作業；J402010 電影片發行業；J404010 動畫影片製作業；J503010 廣播節目製作業；J503020 電視節目製作業；J503030 廣播電視節目發行業；J503040 廣播電視廣告業；J604010 聲音錄製及音樂發行業；JB01010 會議及展覽服務業,臺北市,變更,11506
60489438,振玉雞肉有限公司,臺北市中山區長安東路2段108號8樓之7,,501000,,115/06/17,解散,F102040 飲料批發業；F102170 食品什貨批發業；F203010 食品什貨、飲料零售業；F203030 酒精零售業；F399040 無店面零售業；F401010 國際貿易業；F501030 飲料店業；F501060 餐館業；F501990 其他餐飲業；ZZ99999 除許可業務外，得經營法令非禁止或限制之業務,臺北市,變更,11506
60491589,黃金魯斯特有限公司,臺北市大安區通化街34號,李亭儀,1000000,,115/06/04,特殊補正,F203010 食品什貨、飲料零售業；F102170 食品什貨批發業；F501030 飲料店業；F501060 餐館業；F501990 其他餐飲業；F399990 其他綜合零售業；F206050 寵物食品及其用品零售業；F399040 無店面零售業；F401010 國際貿易業；ZZ99999 除許可業務外，得經營法令非禁止或限制之業務,臺北市,變更,11506
60492932,泓鋒企業股份有限公司,臺北市中正區羅斯福路1段32號8樓,洪毓傑,4019300,,115/06/15,特殊補正,H201010 一般投資業,臺北市,變更,11506
60493025,德溱實業股份有限公司,臺北市中正區羅斯福路1段32號8樓,吳曉怡,4019300,,115/06/12,特殊補正,H201010 一般投資業,臺北市,變更,11506
60493171,宏建股份有限公司,臺北市內湖區民權東路6段23號3樓之2,蔡展彰,64000000,,115/06/12,特殊補正,H201010 一般投資業；JE01010 租賃業；ZZ99999 除許可業務外，得經營法令非禁止或限制之業務,臺北市,變更,11506
60497269,樺強國際投資股份有限公司,臺北市大安區和平東路1段180號7樓,林建志,20000000,,115/06/10,特殊補正,H201010 一般投資業；I102010 一般投資顧問業；I103060 管理顧問業；I301010 資訊軟體服務業；I301020 資料處理服務業；I301030 電子資訊供應服務業；F118010 資訊軟體批發業；F218010 資訊軟體零售業；F401010 國際貿易業；ZZ99999 除許可業務外，得經營法令非禁止或限制之業務,臺北市,變更,11506
60497275,漠陽築蘊室內裝修有限公司,臺北市松山區南京東路4段1號6樓,楊鎵宸,1500000,,115/06/04,特殊補正,E801060 室內裝修業；E801010 室內裝潢業；I503010 景觀設計業；E801070 廚具、衛浴設備安裝工程業；E901010 油漆工程業；F105050 家具、寢具、廚房器具、裝設品批發業；F205040 家具、寢具、廚房器具、裝設品零售業；F106010 五金批發業；F106040 水器材料批發業；F106050 陶瓷玻璃器皿批發業,臺北市,變更,11506
60502122,晉全有限公司,臺北市松山區八德路4段135號5樓之1,邱明仁,9500000,,115/06/24,特殊補正,H201010 一般投資業；I102010 一般投資顧問業；ZZ99999 除許可業務外，得經營法令非禁止或限制之業務,臺北市,變更,11506
60502360,台旻創新材料股份有限公司,臺北市中山區南京東路3段201號8樓之2,邱建民,15000000,,115/06/30,特殊補正,IG01010 生物技術服務業；IG02010 研究發展服務業；IG03010 能源技術服務業；C802100 化粧品製造業；F208040 化粧品零售業；ZZ99999 除許可業務外，得經營法令非禁止或限制之業務,臺北市,變更,11506
60502642,禾羽投資有限公司,臺北市大同區南京西路163號2樓之69,高友農,300000,,115/06/09,特殊補正,H201010 一般投資業；ZZ99999 除許可業務外，得經營法令非禁止或限制之業務,臺北市,變更,11506
60502713,天多熙股份有限公司,臺北市松山區南京東路5段213號5樓之1,陳玲淇,10000000,,115/06/18,特殊補正,F108031 醫療器材批發業；F208031 醫療器材零售業；JE01010 租賃業；C802100 化粧品製造業；F108040 化粧品批發業；F208040 化粧品零售業；I103060 管理顧問業；I199990 其他顧問服務業；IG01010 生物技術服務業；IG02010 研究發展服務業,臺北市,變更,11506
60503071,誠信證券投資顧問股份有限公司,臺北市大同區民生西路290號5樓,曾伎鞠,20000000,,115/06/04,董事(常務董事.董事長)/監察人解任,H304011 證券投資顧問業,臺北市,變更,11506
60506416,德銳投資有限公司,臺北市北投區大業路506號2樓,李銘傳,1000000,,115/06/30,申登機關變更（遷入，含卷）,H201010 一般投資業；H703100 不動產租賃業；ZZ99999 除許可業務外，得經營法令非禁止或限制之業務,臺北市,變更,11506
60511136,盛賀科技股份有限公司,臺北市內湖區基湖路1號4樓,趙振傑,26500000,,115/06/09,特殊補正,E599010 配管工程業；E601020 電器安裝業；E603010 電纜安裝工程業；E603040 消防安全設備安裝工程業；E603050 自動控制設備工程業；E603080 交通號誌安裝工程業；E603090 照明設備安裝工程業；E604010 機械安裝業；E605010 電腦設備安裝業；E606010 用電設備檢驗維護業,臺北市,變更,11506
60513710,胡康邦台灣移民顧問有限公司,臺北市信義區松德路171號8樓之4,HU WILLIE HO FUNG,6000000,,115/06/15,特殊補正,I102010 一般投資顧問業；H202010 創業投資業；H702010 建築經理業；H703090 不動產買賣業；H703100 不動產租賃業；JZ99050 仲介服務業；H701010 住宅及大樓開發租售業；F401010 國際貿易業；I103060 管理顧問業；I199990 其他顧問服務業,臺北市,變更,11506
60514979,玄華儀隊有限公司,臺北市中山區龍江路151號2樓,陳勁華,1000000,,115/06/11,公司所營事業變更修正章程,J602010 演藝活動業；JZ99090 喜慶綜合服務業；J802010 運動訓練業；J803010 運動表演業；J803020 運動比賽業；F102170 食品什貨批發業；F203010 食品什貨、飲料零售業；F102040 飲料批發業；F102030 菸酒批發業；F203020 菸酒零售業,臺北市,變更,11506
60514984,慧算環球有限公司,臺北市中正區南昌路1段7之1號3樓之5,陳建中,3000000,,115/06/10,股東出資轉讓修正章程,I301010 資訊軟體服務業；I301020 資料處理服務業；I301030 電子資訊供應服務業；IZ99990 其他工商服務業；F113050 電腦及事務性機器設備批發業；F118010 資訊軟體批發業；F119010 電子材料批發業；F213030 電腦及事務性機器設備零售業；F218010 資訊軟體零售業；F219010 電子材料零售業,臺北市,變更,11506
60515436,湛品有限公司,臺北市中山區南京東路2段150號7樓,鍾靈,100000,,115/06/26,特殊補正,I103060 管理顧問業；I199990 其他顧問服務業；I503010 景觀設計業；ZZ99999 除許可業務外，得經營法令非禁止或限制之業務；F299990 其他零售業；E801070 廚具、衛浴設備安裝工程業,臺北市,變更,11506
60515626,西城商品有限公司,臺北市內湖區新明路246巷3弄28號5樓,劉原呈,500000,,115/06/24,股東出資轉讓修正章程,F102040 飲料批發業；I301010 資訊軟體服務業；I301030 電子資訊供應服務業；I401010 一般廣告服務業,臺北市,變更,11506
60515956,宸麗生技股份有限公司,臺北市中山區南京東路3段1號5樓,王嘉瑋,50000000,,115/06/23,增資(資本總額),C199990 未分類其他食品製造業；C802090 清潔用品製造業；C802110 化粧品色素製造業；F107030 清潔用品批發業；F108040 化粧品批發業；F102170 食品什貨批發業；F106020 日常用品批發業；F107200 化學原料批發業；F203010 食品什貨、飲料零售業；F206020 日常用品零售業,臺北市,變更,11506
60516006,一傑科技股份有限公司,臺北市內湖區瑞光路302號5樓之3,趙忠傑,30000000,,115/06/09,董事/監察人持股變動報備,C801010 基本化學工業；C801030 精密化學材料製造業；C801100 合成樹脂及塑膠製造業；C801990 其他化學材料製造業；C901990 其他非金屬礦物製品製造業；CB01010 機械設備製造業；CB01020 事務機器製造業；CB01990 其他機械製造業；CC01010 發電、輸電、配電機械製造業；CC01060 有線通信機械器材製造業,臺北市,變更,11506
60522078,英商金百利克拉克歐洲股份有限公司,臺北市信義區信義路5段8號9樓,康珊蒂,1307050000,,115/06/16,改派在中華民國境內負責人變更登記,F102030 菸酒批發業；F104110 布疋、衣著、鞋、帽、傘、服飾品批發業；F106020 日常用品批發業；F107030 清潔用品批發業；F108040 化粧品批發業；F199990 其他批發業；F203020 菸酒零售業；F206020 日常用品零售業；F207030 清潔用品零售業；F208040 化粧品零售業,臺北市,變更,11506
60527236,瓦悠生活有限公司,臺北市中山區復興北路366號7樓,廖家頡,1000000,,115/06/09,特殊補正,I301020 資料處理服務業；I103060 管理顧問業；I105010 藝術品諮詢顧問業；E801010 室內裝潢業；I503010 景觀、室內設計業；C701010 印刷業；F111090 建材批發業；F211010 建材零售業；F105050 家具、寢具、廚房器具、裝設品批發業；F109070 文教、樂器、育樂用品批發業,臺北市,變更,11506
60528805,萌美學有限公司,臺北市北投區中央北路4段515巷60號12樓,劉芃均,500000,,115/06/02,負責人印鑑變更,A102080 園藝服務業；F101100 花卉批發業；F105050 家具、寢具、廚房器具、裝設品批發業；F106050 陶瓷玻璃器皿批發業；F106010 五金批發業；F109070 文教、樂器、育樂用品批發業；F209060 文教、樂器、育樂用品零售業；F201010 農產品零售業；F201070 花卉零售業；F205040 家具、寢具、廚房器具、裝設品零售業,臺北市,變更,11506
60529403,訊資旺雲端科技有限公司,臺北市中山區民權東路3段35號3樓之1,張家獻,5000000,,115/06/17,增資,I301010 資訊軟體服務業；I301020 資料處理服務業；I301030 電子資訊供應服務業；I401010 一般廣告服務業；I103060 管理顧問業；F213030 電腦及事務性機器設備零售業；F401010 國際貿易業；F218010 資訊軟體零售業；F209060 文教、樂器、育樂用品零售業；F118010 資訊軟體批發業,臺北市,變更,11506
60529425,諾星事業股份有限公司,臺北市大同區太原路50號2樓,黃冠霖,1000000,,115/06/29,特殊補正,I102010 一般投資顧問業；I103060 管理顧問業；I199990 其他顧問服務業；I301010 資訊軟體服務業；I301020 資料處理服務業；I301030 電子資訊供應服務業；I301060 網路廣告平臺業；I501010 產品設計業；IG01010 生物技術服務業；IG02010 研究發展服務業,臺北市,變更,11506
60529635,台北匹克球俱樂部股份有限公司,臺北市中山區長春路17號4樓,陳允懋,80000000,,115/06/12,增資(資本總額),J801030 競技及休閒運動場館業；J802010 運動訓練業；EZ14010 運動場地用設備工程業；F203010 食品什貨、飲料零售業；F203020 菸酒零售業；F501060 餐館業；F204110 布疋、衣著、鞋、帽、傘、服飾品零售業；F209060 文教、樂器、育樂用品零售業；ZZ99999 除許可業務外，得經營法令非禁止或限制之業務,臺北市,變更,11506
60529874,安佶氏股份有限公司,臺北市大安區和平東路3段11號地下室,張名翰,1200000,,115/06/08,特殊補正,F102050 茶葉批發業；F104110 布疋、衣著、鞋、帽、傘、服飾品批發業；F203010 食品什貨、飲料零售業；F204110 布疋、衣著、鞋、帽、傘、服飾品零售業；F206010 五金零售業；F206020 日常用品零售業；F207030 清潔用品零售業；F208040 化粧品零售業；F208050 乙類成藥零售業；F209060 文教、樂器、育樂用品零售業,臺北市,變更,11506
60529895,卓耀股份有限公司,臺北市信義區基隆路1段155號8樓之10,王勇祥,100000,,115/06/01,公司所營事業變更修正章程,H201010 一般投資業；F401010 國際貿易業；H204010 私募股權投資業；I102010 一般投資顧問業；I103060 管理顧問業；IZ15010 市場研究及民意調查業；ZZ99999 除許可業務外，得經營法令非禁止或限制之業務,臺北市,變更,11506
60529950,青溟科技有限公司,臺北市松山區南京東路5段2號3樓,賴士軒,300000,,115/06/15,特殊補正,I301010 資訊軟體服務業；I301020 資料處理服務業；I199990 其他顧問服務業；I301030 電子資訊供應服務業；I103060 管理顧問業；F401010 國際貿易業；I501010 產品設計業；J303010 雜誌（期刊）出版業；J304010 圖書出版業；IZ99990 其他工商服務業,臺北市,變更,11506
60530014,泰呈股份有限公司,臺北市信義區市民大道6段250號3樓,張滃,4286330,,115/06/18,特殊補正,F204110 布疋、衣著、鞋、帽、傘、服飾品零售業；F209060 文教、樂器、育樂用品零售業；F399990 其他綜合零售業；F401010 國際貿易業；F203010 食品什貨、飲料零售業；F206020 日常用品零售業；F399040 無店面零售業；I103060 管理顧問業；I401010 一般廣告服務業；I501010 產品設計業,臺北市,變更,11506
60530653,佑鋼都更管理顧問股份有限公司,臺北市萬華區西藏路199巷9號1樓,王顯得,10000000,,115/06/09,特殊補正,E801010 室內裝潢業；F111090 建材批發業；I102010 一般投資顧問業；I103060 管理顧問業；I401010 一般廣告服務業；I503010 景觀、室內設計業；H701080 都市更新重建業；H703090 不動產買賣業；H701010 住宅及大樓開發租售業；H703100 不動產租賃業,臺北市,變更,11506
60530990,鉅瀛資本投資有限公司,臺北市內湖區南京東路6段461號6樓之3,張育誠,5000000,,115/06/23,公司所在地,H201010 一般投資業；ZZ99999 除許可業務外，得經營法令非禁止或限制之業務,臺北市,變更,11506
60531034,氫禾低碳股份有限公司,臺北市大安區信義路3段153號5樓,陳坤宏,1000000,,115/06/03,額定資本額增加變更章程,D101060 再生能源自用發電設備業；D401010 熱能供應業；E601010 電器承裝業；E601020 電器安裝業；E603050 自動控制設備工程業；E606010 用電設備檢驗維護業；EZ99990 其他工程業；F107200 化學原料批發業；F107990 其他化學製品批發業；F207200 化學原料零售業,臺北市,變更,11506
60531055,宇沃生技股份有限公司,臺北市松山區南京東路5段2號3樓,林聖棋,6080000,,115/06/04,發行新股,CE01010 一般儀器製造業；IG01010 生物技術服務業；IG02010 研究發展服務業；I501010 產品設計業；I199990 其他顧問服務業；ZZ99999 除許可業務外，得經營法令非禁止或限制之業務,臺北市,變更,11506
60531392,大隻佬食堂有限公司,臺北市信義區光復南路417巷95號,王婷,200000,,115/06/04,股東出資轉讓修正章程,F204110 布疋、衣著、鞋、帽、傘、服飾品零售業；F104110 布疋、衣著、鞋、帽、傘、服飾品批發業；F203010 食品什貨、飲料零售業；F102170 食品什貨批發業；F501060 餐館業；F401010 國際貿易業；ZZ99999 除許可業務外，得經營法令非禁止或限制之業務,臺北市,變更,11506
60539465,慧聲智華股份有限公司,臺北市中山區建國北路2段82號2樓,周俞廷,1000000,,115/06/03,特殊補正,I301010 資訊軟體服務業；I301020 資料處理服務業；F118010 資訊軟體批發業；F218010 資訊軟體零售業；F219010 電子材料零售業；I103060 管理顧問業；I301060 網路廣告平臺業；IG02010 研究發展服務業；F401010 國際貿易業；ZZ99999 除許可業務外，得經營法令非禁止或限制之業務,臺北市,變更,11506
60539628,越住越健康股份有限公司,臺北市信義區松德路118巷3號,鄭博元,6250000,,115/06/15,特殊補正,E801010 室內裝潢業；F105050 家具、寢具、廚房器具、裝設品批發業；F106020 日常用品批發業；F117010 消防安全設備批發業；F205040 家具、寢具、廚房器具、裝設品零售業；F206020 日常用品零售業；F217010 消防安全設備零售業；H701010 住宅及大樓開發租售業；H703100 不動產租賃業；H704031 不動產仲介經紀業,臺北市,變更,11506
60541342,大佳發股份有限公司,臺北市中山區南京東路2段101號11樓,呂幸娟,20000000,,115/06/08,增資(資本總額),F205040 家具、寢具、廚房器具、裝設品零售業；F206020 日常用品零售業；F208040 化粧品零售業；F299990 其他零售業；H703100 不動產租賃業；I101090 食品顧問業；I103060 管理顧問業；I199990 其他顧問服務業；JE01010 租賃業；I301010 資訊軟體服務業,臺北市,變更,11506
60541552,樂齡歲悅股份有限公司,臺北市信義區基隆路1段364巷6號1樓,劉巧涵,50000,,115/06/29,特殊補正,F106020 日常用品批發業；F108040 化粧品批發業；F206020 日常用品零售業；F207030 清潔用品零售業；F208040 化粧品零售業；F208050 乙類成藥零售業；H703100 不動產租賃業；I101090 食品顧問業；I103060 管理顧問業；I199990 其他顧問服務業,臺北市,變更,11506
60541687,義多奇有限公司,臺北市士林區忠誠路2段148巷16號1樓,林宇駿,3800000,,115/06/23,特殊補正,C104010 糖果製造業；C104020 烘焙炊蒸食品製造業；F102040 飲料批發業；F102050 茶葉批發業；F102170 食品什貨批發業；F203010 食品什貨、飲料零售業；F399040 無店面零售業；F401010 國際貿易業；F501030 飲料店業；F501060 餐館業,臺北市,變更,11506
60542638,臺灣餐飲達人股份有限公司,臺北市松山區南京東路5段368號3樓,許瑜哲,3500000,,115/06/23,發行新股,A102060 糧商業；C103050 罐頭、冷凍、脫水及醃漬食品製造業；C104020 烘焙炊蒸食品製造業；C109010 調味品製造業；C199010 麵條、粉條類食品製造業；C199030 即食餐食製造業；C199040 豆類加工食品製造業；C199990 未分類其他食品製造業；F102040 飲料批發業；F102170 食品什貨批發業,臺北市,變更,11506
60543263,愛宇宙國際有限公司,臺北市中山區中山北路2段112號14樓,胡瑞羣,10000000,,115/06/29,補繳規費,C802100 化粧品製造業；F102040 飲料批發業；F102170 食品什貨批發業；F106020 日常用品批發業；F106060 寵物食品及其用品批發業；F108040 化粧品批發業；F199990 其他批發業；F202010 飼料零售業；F203010 食品什貨、飲料零售業；F204110 布疋、衣著、鞋、帽、傘、服飾品零售業,臺北市,變更,11506
60543469,作伴時光股份有限公司,臺北市內湖區內湖路2段51號2樓之2,魏倫均,1000000,,115/06/10,特殊補正,J601010 藝文服務業；I501010 產品設計業；F299990 其他零售業；C305010 印染整理業；C306010 成衣業；C701010 印刷業；C702010 製版業；C703010 印刷品裝訂及加工業；C901010 陶瓷及陶瓷製品製造業；C901020 玻璃及玻璃製品製造業,臺北市,變更,11506
60543545,一起饗科技有限公司,臺北市大安區光復南路438號9樓,陳奕伸,2000000,,115/06/12,特殊補正,I301010 資訊軟體服務業；I301020 資料處理服務業；I301030 電子資訊供應服務業；I501010 產品設計業；F113050 電腦及事務性機器設備批發業；F118010 資訊軟體批發業；F213030 電腦及事務性機器設備零售業；F218010 資訊軟體零售業；F401010 國際貿易業；CC01120 資料儲存媒體製造及複製業,臺北市,變更,11506
60543881,藝科種子股份有限公司,臺北市中正區懷寧街76號1樓,林明智,2000000,,115/06/01,公司所營事業變更修正章程,F399040 無店面零售業；F401010 國際貿易業；I301030 電子資訊供應服務業；I501010 產品設計業；I599990 其他設計業；J601010 藝文服務業；J602010 演藝活動業；ZZ99999 除許可業務外，得經營法令非禁止或限制之業務；I301010 資訊軟體服務業；I301020 資料處理服務業,臺北市,變更,11506
60549843,北商之星創業投資股份有限公司,臺北市大安區敦化南路2段97號25樓,李志豪,180000000,,115/06/04,特殊補正,H201010 一般投資業；H202010 創業投資業,臺北市,變更,11506
60550382,昇浵有限公司,臺北市信義區莊敬路224號1樓,陳展浩,1500000,,115/06/05,補繳規費,H201010 一般投資業；ZZ99999 除許可業務外，得經營法令非禁止或限制之業務,臺北市,變更,11506
60550480,榮信國際股份有限公司,臺北市大安區敦化南路2段77號4樓,許媖媖,50000000,,115/06/03,發行新股,H703090 不動產買賣業；H703100 不動產租賃業；H201010 一般投資業；ZZ99999 除許可業務外，得經營法令非禁止或限制之業務,臺北市,變更,11506
60550502,映鈔機影視製作有限公司,臺北市中山區松江路99號4樓,吳浴沂,500000,,115/06/05,特殊補正,J401010 電影片製作業；J402010 電影片發行業；J404010 動畫影片製作業；J404020 提供設備及場地供電影片拍攝業；J404030 電影沖印業；J404040 電影錄音業；J404050 電影特效製作業；J503010 廣播節目製作業；J503020 電視節目製作業；J503040 廣播電視廣告業,臺北市,變更,11506
60551002,洞察力股份有限公司,臺北市中山區錦州街48號10樓,董建華,3500000,,115/06/24,特殊補正,I103060 管理顧問業；I199990 其他顧問服務業；I301010 資訊軟體服務業；I301020 資料處理服務業；I301030 電子資訊供應服務業；I301060 網路廣告平臺業；I401010 一般廣告服務業；IZ15010 市場研究及民意調查業；F213030 電腦及事務性機器設備零售業；F218010 資訊軟體零售業,臺北市,變更,11506
60551158,超有感行銷股份有限公司,臺北市松山區復興北路191號13樓,鄭庭亦,8000000,,115/06/26,改選董事/監察人(一人法人股東指派董事/監察人),I401010 一般廣告服務業；I301010 資訊軟體服務業；I301020 資料處理服務業；I301030 電子資訊供應服務業；I102010 一般投資顧問業；I103060 管理顧問業；IZ12010 人力派遣業；F113050 電腦及事務性機器設備批發業；F213030 電腦及事務性機器設備零售業；ZZ99999 除許可業務外，得經營法令非禁止或限制之業務,臺北市,變更,11506
60554795,鼎泰廣告材料有限公司,臺北市中山區建國北路2段33號10樓之3,葉隆達,8500000,,115/06/18,特殊補正,F106010 五金批發業；F107010 漆料、塗料批發業；F107020 染料、顏料批發業；F107990 其他化學製品批發業；F109070 文教、樂器、育樂用品批發業；F111090 建材批發業；F119010 電子材料批發業；F120010 耐火材料批發業；F206010 五金零售業；F207010 漆料、塗料零售業,臺北市,變更,11506
60555247,棋雲股份有限公司,臺北市松山區復興北路201號4樓之1,林宗翰,71650000,,115/06/22,增資(資本總額),H201010 一般投資業；H202010 創業投資業；I102010 一般投資顧問業；I103060 管理顧問業；I199990 其他顧問服務業；F118010 資訊軟體批發業；F119010 電子材料批發業；F218010 資訊軟體零售業；F219010 電子材料零售業；F401010 國際貿易業,臺北市,變更,11506
60558379,連加電子支付股份有限公司,臺北市南港區經貿二路121號18樓,丁雄注(WoongJu Jeong),500000000,,115/06/22,董事/監察人地址變更,HZ06011 電子支付業,臺北市,變更,11506
60560163,元亨量子計算資本股份有限公司,臺北市大安區信義路4段296號6樓之5,陳彥龍,109750000,,115/06/30,特殊補正,H201010 一般投資業；H202010 創業投資業；I301010 資訊軟體服務業；I301020 資料處理服務業；I301030 電子資訊供應服務業；HZ99990 其他金融、保險及不動產業；I102010 一般投資顧問業；I103060 管理顧問業；I199990 其他顧問服務業；IG02010 研究發展服務業,臺北市,變更,11506
60561233,全域感知有限公司,臺北市中正區忠孝西路1段72號6樓之8,顏瑋志,1000000,,115/06/18,增資,I301010 資訊軟體服務業；I301030 電子資訊供應服務業；I501010 產品設計業；I301020 資料處理服務業；E601020 電器安裝業；E604010 機械安裝業；F113010 機械批發業；F113020 電器批發業；F113030 精密儀器批發業；F118010 資訊軟體批發業,臺北市,變更,11506
60561374,靚瑩于有限公司,臺北市士林區忠誠路2段96號3樓,宋惠緁,100000,,115/06/26,股東出資轉讓修正章程,F104110 布疋、衣著、鞋、帽、傘、服飾品批發業；F105050 家具、寢具、廚房器具、裝設品批發業；F106010 五金批發業；F106020 日常用品批發業；F204110 布疋、衣著、鞋、帽、傘、服飾品零售業；F205040 家具、寢具、廚房器具、裝設品零售業；F206010 五金零售業；F206020 日常用品零售業；F399040 無店面零售業；F399990 其他綜合零售業,臺北市,變更,11506
60565879,大功土木包工業有限公司,臺北市大同區寧夏路11號3樓之13,陳玉奇,1000000,,115/06/08,特殊補正,E102011 土木包工業；E801010 室內裝潢業；E801030 室內輕鋼架工程業；E801020 門窗安裝工程業；E801040 玻璃安裝工程業；E901010 油漆工程業；EZ99990 其他工程業；F401010 國際貿易業；F111090 建材批發業；J101010 建築物清潔服務業,臺北市,變更,11506
60566716,慷驊股份有限公司,臺北市大安區安和路1段135巷2號2樓,蔣俊峯,30000000,,115/06/04,補繳規費,E701030 電信管制射頻器材裝設工程業；F113020 電器批發業；F113050 電腦及事務性機器設備批發業；F118010 資訊軟體批發業；F213010 電器零售業；F213030 電腦及事務性機器設備零售業；F213060 電信器材零售業；F113070 電信器材批發業；F218010 資訊軟體零售業；I103060 管理顧問業,臺北市,變更,11506
60567428,夜光杯有限公司,臺北市中山區吉林路47之3號1樓,謝麗萍,5100000,,115/06/24,股東出資轉讓修正章程,F501060 餐館業；F203010 食品什貨、飲料零售業；F203020 菸酒零售業；F501030 飲料店業；ZZ99999 除許可業務外，得經營法令非禁止或限制之業務,臺北市,變更,11506
60567623,桓心科技股份有限公司,臺北市信義區松德路65號9樓之1,劉定英,3000000,,115/06/16,特殊補正,F401010 國際貿易業；F113020 電器批發業；F113050 電腦及事務性機器設備批發業；F113070 電信器材批發業；F118010 資訊軟體批發業；F119010 電子材料批發業；E701010 電信工程業；CC01030 電器及視聽電子產品製造業；CC01060 有線通信機械器材製造業；CC01070 無線通信機械器材製造業,臺北市,變更,11506
60567763,昕耀股份有限公司,臺北市大安區復興南路1段127號3樓之3,杜健銘,12000000,,115/06/01,特殊補正,H201010 一般投資業；ZZ99999 除許可業務外，得經營法令非禁止或限制之業務,臺北市,變更,11506
60567779,雲山水由布院休閒管理顧問股份有限公司,臺北市內湖區瑞光路168號9樓,葉俊良,50000000,,115/06/11,特殊補正,H201010 一般投資業；H703090 不動產買賣業；H703100 不動產租賃業；I102010 一般投資顧問業；I103060 管理顧問業；I105010 藝術品諮詢顧問業；I199990 其他顧問服務業；I401010 一般廣告服務業；I501010 產品設計業；IZ12010 人力派遣業,臺北市,變更,11506
60568735,奇京有限公司,臺北市大安區安和路1段49巷3號7樓之1,高一華,1000000,,115/06/30,申登機關變更（遷入，含卷）,F204110 布疋、衣著、鞋、帽、傘、服飾品零售業；F104110 布疋、衣著、鞋、帽、傘、服飾品批發業；F219010 電子材料零售業；F119010 電子材料批發業；F206010 五金零售業；F106010 五金批發業；F206020 日常用品零售業；F106020 日常用品批發業；F213110 電池零售業；F213060 電信器材零售業,臺北市,變更,11506
60572415,濠漾科技材料股份有限公司,臺北市大同區南京西路57號12樓之9,陳郭濬豪,90000000,,115/06/10,特殊補正,C901060 耐火材料製造業；C901990 其他非金屬礦物製品製造業；CB01030 污染防治設備製造業；CB01990 其他機械製造業；CC01030 電器及視聽電子產品製造業；E603040 消防安全設備安裝工程業；EZ15010 保溫、保冷安裝工程業；F401010 國際貿易業；CA01050 鋼材二次加工業；CA02990 其他金屬製品製造業,臺北市,變更,11506
60576405,東南工貿有限公司,臺北市中山區雙城街3巷2號6樓之8,康錫川,1000000,,115/06/30,特殊補正,F111090 建材批發業；F106010 五金批發業；F113010 機械批發業；F119010 電子材料批發業；F199990 其他批發業；F120010 耐火材料批發業；F206010 五金零售業；F213080 機械器具零售業；F211010 建材零售業；F219010 電子材料零售業,臺北市,變更,11506
60577164,湧豐工程有限公司,臺北市中山區中山北路1段83巷5號3樓之9,林妤蓁,10000000,,115/06/23,申登機關變更（遷入，含卷）,E603020 電梯安裝工程業；E603050 自動控制設備工程業；E604010 機械安裝業；E603010 電纜安裝工程業；E603100 電焊工程業；E801010 室內裝潢業；E801020 門窗安裝工程業；E801030 室內輕鋼架工程業；E801040 玻璃安裝工程業；E801070 廚具、衛浴設備安裝工程業,臺北市,變更,11506
60583052,諾譜科技有限公司,臺北市大同區重慶北路2段48號9樓之3,章建川,10000000,,115/06/26,補繳規費,EZ05010 儀器、儀表安裝工程業；F113010 機械批發業；F113030 精密儀器批發業；F113050 電腦及事務性機器設備批發業；F113070 電信器材批發業；F118010 資訊軟體批發業；F119010 電子材料批發業；F213010 電器零售業；F213030 電腦及事務性機器設備零售業；F213040 精密儀器零售業,臺北市,變更,11506
60583172,栢洁投資股份有限公司,臺北市大安區敦化南路1段205號6樓,詹容溱,3000000,,115/06/12,改選董事/監察人(一人法人股東指派董事/監察人),H201010 一般投資業；H202010 創業投資業；H703090 不動產買賣業；H703100 不動產租賃業；I102010 一般投資顧問業；I103060 管理顧問業；I199990 其他顧問服務業；F401010 國際貿易業；JE01010 租賃業；ZZ99999 除許可業務外，得經營法令非禁止或限制之業務,臺北市,變更,11506
60583406,祈馥國際顧問有限公司,臺北市中正區杭州北路26號4樓之2,洪祈,7000000,,115/06/22,公司所在地,I102010 一般投資顧問業；I103060 管理顧問業；I199990 其他顧問服務業；I301010 資訊軟體服務業；IZ99990 其他工商服務業；JB01010 會議及展覽服務業；JZ99050 仲介服務業；F401010 國際貿易業；ZZ99999 除許可業務外，得經營法令非禁止或限制之業務,臺北市,變更,11506
60587016,昱哲學力有限公司,臺北市大安區信義路4段281號11樓,林家榛,500000,,115/06/18,特殊補正,F208040 化粧品零售業；F209060 文教、樂器、育樂用品零售業；F399040 無店面零售業；I199990 其他顧問服務業；I301010 資訊軟體服務業；I301020 資料處理服務業；I301030 電子資訊供應服務業；I401010 一般廣告服務業；J799990 其他休閒服務業；JZ99050 仲介服務業,臺北市,變更,11506
60587418,依依可股份有限公司,臺北市士林區中正路187巷68號1樓,黃飛龍,3000000,,115/06/16,特殊補正,J802010 運動訓練業；F108040 化粧品批發業；F208040 化粧品零售業；I199990 其他顧問服務業；F102170 食品什貨批發業；F102040 飲料批發業；F203010 食品什貨、飲料零售業；F104110 布疋、衣著、鞋、帽、傘、服飾品批發業；F204110 布疋、衣著、鞋、帽、傘、服飾品零售業；F109070 文教、樂器、育樂用品批發業,臺北市,變更,11506
60587677,寶勝建設事業股份有限公司,臺北市大安區安和路1段32號12樓之3,邱麒璋,60000000,,115/06/25,發行新股,F401010 國際貿易業；F601010 智慧財產權業；H701010 住宅及大樓開發租售業；H702010 建築經理業；H703100 不動產租賃業；IZ99990 其他工商服務業；JB01010 會議及展覽服務業；JE01010 租賃業；JZ99050 仲介服務業；H701020 工業廠房開發租售業,臺北市,變更,11506
60587959,大同電纜股份有限公司,臺北市中山區中山北路3段22號3樓,張松鑌,35000000,,115/06/16,特殊補正,CC01010 發電、輸電、配電機械製造業；CC01020 電線及電纜製造業；CC01060 有線通信機械器材製造業；CC01070 無線通信機械器材製造業；CC01080 電子零組件製造業；CC01990 其他電機及電子機械器材製造業；CD01020 軌道車輛及其零件製造業；CD01030 汽車及其零件製造業；E601020 電器安裝業；E603010 電纜安裝工程業,臺北市,變更,11506
60588079,巴迪資訊科技股份有限公司,臺北市大安區復興南路2段151巷1號地下,郭家銘,1500000,,115/06/10,特殊補正,J399010 軟體出版業；I301030 電子資訊供應服務業；I401010 一般廣告服務業；F399040 無店面零售業；F118010 資訊軟體批發業；F218010 資訊軟體零售業；F113050 電腦及事務性機器設備批發業；F213030 電腦及事務性機器設備零售業；F113070 電信器材批發業；F213060 電信器材零售業,臺北市,變更,11506
60588578,新世界健康事業股份有限公司,臺北市大安區忠孝東路4段270號2樓之1,鍾依玲,42580000,,115/06/05,特殊補正,F102170 食品什貨批發業；F108040 化粧品批發業；F107030 清潔用品批發業；F106020 日常用品批發業；F102040 飲料批發業；F107990 其他化學製品批發業；F102020 食用油脂批發業；F203010 食品什貨、飲料零售業；F206020 日常用品零售業；F207030 清潔用品零售業,臺北市,變更,11506
60588612,睿瑜資產管理股份有限公司,臺北市萬華區長沙街2段91號6樓之2,章厚謙,100000,,115/06/04,特殊補正,E801010 室內裝潢業；I102010 一般投資顧問業；I103060 管理顧問業；I401010 一般廣告服務業；I503010 景觀、室內設計業；IZ12010 人力派遣業；H202010 創業投資業；H201010 一般投資業；H701010 住宅及大樓開發租售業；H703090 不動產買賣業,臺北市,變更,11506
60593235,辰彩股份有限公司,臺北市北投區承德路6段120號14樓,許佳敏,10000000,,115/06/03,票據兌現/他機關函復/補正,F401010 國際貿易業；H201010 一般投資業；I102010 一般投資顧問業；I103060 管理顧問業；ZZ99999 除許可業務外，得經營法令非禁止或限制之業務,臺北市,變更,11506
60593381,星寵控股股份有限公司,臺北市內湖區南京東路6段495號10樓,戴承宏,2910000,,115/06/22,減資,H201010 一般投資業；ZZ99999 除許可業務外，得經營法令非禁止或限制之業務,臺北市,變更,11506
60594348,綺宏建設股份有限公司,臺北市大安區建國南路1段161號12樓,張嘉慶,252000000,,115/06/12,特殊補正,F111090 建材批發業；F113010 機械批發業；F211010 建材零售業；F213080 機械器具零售業；H701010 住宅及大樓開發租售業；H701040 特定專業區開發業；H701060 新市鎮、新社區開發業；H701080 都市更新重建業；H701090 都市更新整建維護業；I503010 景觀、室內設計業,臺北市,變更,11506
60599786,翔曦國際旅行社有限公司,臺北市中山區南京東路2段101號11樓,陳成聰,6000000,,115/06/24,補繳規費,J902011 旅行業,臺北市,變更,11506
60603352,鎊鎊有限公司,臺北市大同區赤峰街49巷20號,韓依先,100000,,115/06/22,申登機關變更（遷入，含卷）,F102170 食品什貨批發業；C104020 烘焙炊蒸食品製造業；F102040 飲料批發業；F102030 菸酒批發業；F203010 食品什貨、飲料零售業；F203020 菸酒零售業；F399990 其他綜合零售業；F204110 布疋、衣著、鞋、帽、傘、服飾品零售業；F401010 國際貿易業；F501060 餐館業,臺北市,變更,11506
60604129,旺德管理顧問有限公司,臺北市士林區延平北路5段59巷17號3樓,汪奇賢,500000,,115/06/22,特殊補正,I102010 一般投資顧問業；I103060 管理顧問業；I301010 資訊軟體服務業；I301020 資料處理服務業；I301030 電子資訊供應服務業；I401010 一般廣告服務業；I401020 廣告傳單分送業；I501010 產品設計業；I503010 景觀、室內設計業；IZ12010 人力派遣業,臺北市,變更,11506
60605921,川花有限公司,臺北市信義區忠孝東路5段508號2樓之11,楊詠婷,300000,,115/06/09,一般補正案,F101100 花卉批發業；F102040 飲料批發業；F102170 食品什貨批發業；F104110 布疋、衣著、鞋、帽、傘、服飾品批發業；F105050 家具、寢具、廚房器具、裝設品批發業；F106020 日常用品批發業；F108040 化粧品批發業；F201070 花卉零售業；F204110 布疋、衣著、鞋、帽、傘、服飾品零售業；F205040 家具、寢具、廚房器具、裝設品零售業,臺北市,變更,11506
60606055,資晉科技有限公司,臺北市大安區光復南路412號6樓之2,王益和,5000000,,115/06/10,增資,F401010 國際貿易業；E604010 機械安裝業；E605010 電腦設備安裝業；E601020 電器安裝業；F213010 電器零售業；F213080 機械器具零售業；F219010 電子材料零售業；IZ12010 人力派遣業；F213060 電信器材零售業；CB01010 機械設備製造業,臺北市,變更,11506
60606127,密陽屋有限公司,臺北市中山區八德路2段300巷44號1樓,林子翔,500000,,115/06/18,公司所在地,F102030 菸酒批發業；F102040 飲料批發業；F102050 茶葉批發業；F102170 食品什貨批發業；F203020 菸酒零售業；F203010 食品什貨、飲料零售業；F501060 餐館業；F401010 國際貿易業；ZZ99999 除許可業務外，得經營法令非禁止或限制之業務,臺北市,變更,11506
60608194,亞嘉特零售有限公司,臺北市大安區復興南路2段148巷43號,曾文嬋,3000000,,115/06/09,補繳規費,F102170 食品什貨批發業；F203010 食品什貨、飲料零售業；F102040 飲料批發業；F104110 布疋、衣著、鞋、帽、傘、服飾品批發業；F204110 布疋、衣著、鞋、帽、傘、服飾品零售業；F106020 日常用品批發業；F206020 日常用品零售業；F107030 清潔用品批發業；F207030 清潔用品零售業；F213010 電器零售業,臺北市,變更,11506
60611557,羽泰科技股份有限公司,臺北市信義區基隆路1段155號7樓,李柏樺,2800000,,115/06/18,申登機關變更（遷入，含卷）,F113010 機械批發業；F113020 電器批發業；F113050 電腦及事務性機器設備批發業；F199990 其他批發業；F213010 電器零售業；F213030 電腦及事務性機器設備零售業；F213080 機械器具零售業；F219010 電子材料零售業；F299990 其他零售業；F401010 國際貿易業,臺北市,變更,11506
60616286,時刻智能國際有限公司,臺北市中正區重慶南路1段83號6樓,劉妍庭,2500000,,115/06/24,特殊補正,F109070 文教、樂器、育樂用品批發業；F118010 資訊軟體批發業；F209060 文教、樂器、育樂用品零售業；F218010 資訊軟體零售業；F399040 無店面零售業；F399990 其他綜合零售業；F401010 國際貿易業；I103060 管理顧問業；I199990 其他顧問服務業；I301010 資訊軟體服務業,臺北市,變更,11506
60617736,鷹皇娛樂傳媒股份有限公司,臺北市大同區延平北路3段18巷42之1號3樓,吳俊儀,1000000,,115/06/15,特殊補正,F109070 文教、樂器、育樂用品批發業；F113050 電腦及事務性機器設備批發業；F118010 資訊軟體批發業；F399040 無店面零售業；F601010 智慧財產權業；I199990 其他顧問服務業；I301010 資訊軟體服務業；I301020 資料處理服務業；I301030 電子資訊供應服務業；I501010 產品設計業,臺北市,變更,11506
60618192,康庄餐飲有限公司,臺北市中山區吉林路436號1樓,康隆凱,3000000,,115/06/17,增資,F501060 餐館業；C104020 烘焙炊蒸食品製造業；F203010 食品什貨、飲料零售業；F102170 食品什貨批發業；C103050 罐頭、冷凍、脫水及醃漬食品製造業；F205040 家具、寢具、廚房器具、裝設品零售業；F105050 家具、寢具、廚房器具、裝設品批發業；F106020 日常用品批發業；F206020 日常用品零售業；F399040 無店面零售業,臺北市,變更,11506
60618658,流明工作室股份有限公司,臺北市大安區忠孝東路4段183號4樓之2,江旻育,12000000,,115/06/26,特殊補正,J399010 軟體出版業；F118010 資訊軟體批發業；F218010 資訊軟體零售業；F109070 文教、樂器、育樂用品批發業；F209060 文教、樂器、育樂用品零售業；F113020 電器批發業；F213010 電器零售業；F113030 精密儀器批發業；F213040 精密儀器零售業；F113050 電腦及事務性機器設備批發業,臺北市,變更,11506
60618735,萬邦速達供應鏈股份有限公司,臺北市中山區中山北路2段162號10樓,林瑞明,5000000,,115/06/02,特殊補正,F401161 菸類輸入業；F401171 酒類輸入業；G601011 航空貨運承攬業；F102030 菸酒批發業；F106020 日常用品批發業；F203020 菸酒零售業；F206020 日常用品零售業；F401010 國際貿易業；F104110 布疋、衣著、鞋、帽、傘、服飾品批發業；F105050 家具、寢具、廚房器具、裝設品批發業,臺北市,變更,11506
60619262,鈺璽企業股份有限公司,臺北市大安區仁愛路3段29號5樓,劉祐豪,3000000,,115/06/30,特殊補正,F113050 電腦及事務性機器設備批發業；F213030 電腦及事務性機器設備零售業；F401010 國際貿易業；CC01110 電腦及其週邊設備製造業；I103060 管理顧問業；F106060 寵物食品及其用品批發業；F113020 電器批發業；F113070 電信器材批發業；F113110 電池批發業；F118010 資訊軟體批發業,臺北市,變更,11506
60619306,對捲起來有限公司,臺北市士林區承德路4段180號4樓,紀素琴,100000,,115/06/25,公司所在地,F102050 茶葉批發業；F102170 食品什貨批發業；F104110 布疋、衣著、鞋、帽、傘、服飾品批發業；F106010 五金批發業；F106020 日常用品批發業；F203010 食品什貨、飲料零售業；F204110 布疋、衣著、鞋、帽、傘、服飾品零售業；F206010 五金零售業；F206020 日常用品零售業；I301010 資訊軟體服務業,臺北市,變更,11506
60619684,世筑國際有限公司,臺北市松山區南京東路4段21號8樓之1,彭顯筑,7500000,,115/06/22,特殊補正,I103060 管理顧問業；I301010 資訊軟體服務業；I301020 資料處理服務業；I301030 電子資訊供應服務業；I401010 一般廣告服務業；I701011 就業服務業；IZ02010 打字業；IZ12010 人力派遣業；IZ15010 市場研究及民意調查業；IZ99990 其他工商服務業,臺北市,變更,11506
60625692,朋呈資訊科技有限公司,臺北市中正區重慶南路1段57號10樓之17,潘咨吟,1000000,,115/06/25,特殊補正,E599010 配管工程業；E601010 電器承裝業；E601020 電器安裝業；E603050 自動控制設備工程業；E603090 照明設備安裝工程業；E604010 機械安裝業；E605010 電腦設備安裝業；E701010 電信工程業；E701040 簡易電信設備安裝業；EZ05010 儀器、儀表安裝工程業,臺北市,變更,11506
60631478,上緯智聯科技股份有限公司,臺北市內湖區民權東路6段11巷27號1樓,蔡朝陽,360000000,,115/06/25,特殊補正,CA02090 金屬線製品製造業；CA02990 其他金屬製品製造業；CB01010 機械設備製造業；CB01990 其他機械製造業；CC01010 發電、輸電、配電機械製造業；CC01030 電器及視聽電子產品製造業；CC01060 有線通信機械器材製造業；CC01070 無線通信機械器材製造業；CC01080 電子零組件製造業；CC01090 電池製造業,臺北市,變更,11506
60638726,永福順工程有限公司,臺北市大安區大安路1段224巷11號,柯彥廷,5000000,,115/06/16,增資,EZ11010 球場跑道樹脂材料鋪設工程業；EZ99990 其他工程業；EZ06010 交通標示工程業；EZ15010 保溫、保冷安裝工程業；E901010 油漆工程業；E903010 防蝕、防銹工程業；E801010 室內裝潢業；F111090 建材批發業；F211010 建材零售業；F107010 漆料、塗料批發業,臺北市,變更,11506
60639942,寶呈實業有限公司,臺北市信義區忠孝東路5段1之10號3樓,,300000,,115/06/23,解散,F102050 茶葉批發業；F102170 食品什貨批發業；F104110 布疋、衣著、鞋、帽、傘、服飾品批發業；F105050 家具、寢具、廚房器具、裝設品批發業；F106010 五金批發業；F106020 日常用品批發業；F106050 陶瓷玻璃器皿批發業；F107030 清潔用品批發業；F108040 化粧品批發業；F109070 文教、樂器、育樂用品批發業,臺北市,變更,11506
60645000,暉燁投資股份有限公司,臺北市大安區信義路4段210號11樓,黃筱雯,120000000,,115/06/26,特殊補正,H201010 一般投資業；IH01010 產業控股公司業；H204010 私募股權投資業,臺北市,變更,11506
60645368,創紀數位股份有限公司,臺北市中山區南京東路2段150號7樓,林靖恆,1000000,,115/06/24,特殊補正,F399040 無店面零售業；F401010 國際貿易業；F113010 機械批發業；J303010 雜誌（期刊）出版業；J304010 圖書出版業；J399010 軟體出版業；I401010 一般廣告服務業；I301010 資訊軟體服務業；I301020 資料處理服務業；I301030 電子資訊供應服務業,臺北市,變更,11506
60645374,桑制庁有限公司,臺北市大安區仁愛路4段314號2樓之7,簡志宇,3000000,,115/06/04,特殊補正,I503010 景觀、室內設計業；I502010 服飾設計業；I501010 產品設計業；J404010 動畫影片製作業；J401010 電影片製作業；I401010 一般廣告服務業；E801010 室內裝潢業；I599990 其他設計業；F601010 智慧財產權業；I103060 管理顧問業,臺北市,變更,11506
60645640,芯農生機國際事業有限公司,臺北市信義區忠孝東路5段1之7號9樓,吳心如,1200000,,115/06/12,補繳規費,F101990 其他農、畜、水產品批發業；F102040 飲料批發業；F102170 食品什貨批發業；F104110 布疋、衣著、鞋、帽、傘、服飾品批發業；F199990 其他批發業；F201990 其他農畜水產品零售業；F203010 食品什貨、飲料零售業；F204110 布疋、衣著、鞋、帽、傘、服飾品零售業；F299990 其他零售業；F399040 無店面零售業,臺北市,變更,11506
60645711,丹丹小吃股份有限公司,臺北市中山區松江路50號9樓,翁皓穠,300000,,115/06/04,公司所在地,C103050 罐頭、冷凍、脫水及醃漬食品製造業；C104020 烘焙炊蒸食品製造業；C199010 麵條、粉條類食品製造業；F102170 食品什貨批發業；F203010 食品什貨、飲料零售業；F399040 無店面零售業；F401010 國際貿易業；F501030 飲料店業；F501060 餐館業；I101090 食品顧問業,臺北市,變更,11506
60645965,信之域數位身分有限公司,臺北市中山區復興北路48號10樓之1,蘇振聲,2800000,,115/06/01,特殊補正,I103060 管理顧問業；I301020 資料處理服務業；I301030 電子資訊供應服務業；I301050 實境體感應用服務業；I301060 網路廣告平臺業；I401010 一般廣告服務業；I199990 其他顧問服務業；F401010 國際貿易業；ZZ99999 除許可業務外，得經營法令非禁止或限制之業務；I301010 資訊軟體服務業,臺北市,變更,11506
60646015,艾信企業管理顧問有限公司,臺北市信義區基隆路2段22號2樓之9,李有財,500000,,115/06/15,特殊補正,F401010 國際貿易業；F601010 智慧財產權業；H201010 一般投資業；H703090 不動產買賣業；H703100 不動產租賃業；I101090 食品顧問業；I102010 一般投資顧問業；I103060 管理顧問業；I105010 藝術品諮詢顧問業；I199990 其他顧問服務業,臺北市,變更,11506
60646113,歐克曼企業有限公司,臺北市中山區建國北路1段69號4樓,施幸慧,10000000,,115/06/12,公司所在地,E599010 配管工程業；E603090 照明設備安裝工程業；E801010 室內裝潢業；E801020 門窗安裝工程業；E801030 室內輕鋼架工程業；E801040 玻璃安裝工程業；E801070 廚具、衛浴設備安裝工程業；E901010 油漆工程業；E903010 防蝕、防銹工程業；F106010 五金批發業,臺北市,變更,11506
60646346,目擊者有限公司,臺北市中正區廈門街102號,許秉滄,1000000,,115/06/24,股東出資轉讓修正章程,F105050 家具、寢具、廚房器具、裝設品批發業；F205040 家具、寢具、廚房器具、裝設品零售業；E801010 室內裝潢業；ZZ99999 除許可業務外，得經營法令非禁止或限制之業務；EZ99990 其他工程業；F199010 回收物料批發業；J101080 資源回收業；J101090 廢棄物清理業,臺北市,變更,11506
60646367,怪獸咖啡創意行銷有限公司,臺北市大安區光復南路328號,施沛予,1200000,,115/06/22,特殊補正,F501030 飲料店業；F501060 餐館業；I301010 資訊軟體服務業；I301020 資料處理服務業；I301030 電子資訊供應服務業；I401010 一般廣告服務業；I199990 其他顧問服務業；F401010 國際貿易業；F203010 食品什貨、飲料零售業；F203020 菸酒零售業,臺北市,變更,11506
60646438,昂森有限公司,臺北市中山區建國北路3段90號1樓,莊士賢,5000000,,115/06/08,股東出資轉讓修正章程,J101030 廢棄物清除業；J101040 廢棄物處理業；J101080 資源回收業；J101990 其他環境衛生及污染防治服務業；J101090 廢棄物清理業；ZZ99999 除許可業務外，得經營法令非禁止或限制之業務,臺北市,變更,11506
60646681,滿山投資有限公司,臺北市信義區忠孝東路5段1之2號5樓,王思婷,30000000,,115/06/22,修正章程,H201010 一般投資業,臺北市,變更,11506
60649723,思流科技有限公司,臺北市松山區八德路4段666號7樓之3,莊三修,1000000,,115/06/26,特殊補正,I199990 其他顧問服務業；I301010 資訊軟體服務業；I301020 資料處理服務業；I301030 電子資訊供應服務業；F113050 電腦及事務性機器設備批發業；F118010 資訊軟體批發業；F213030 電腦及事務性機器設備零售業；F218010 資訊軟體零售業；F601010 智慧財產權業；ZZ99999 除許可業務外，得經營法令非禁止或限制之業務,臺北市,變更,11506
60650967,安創全面財富管理顧問股份有限公司,臺北市中山區建國北路2段1號7樓之1,王雅禪,1020500,,115/06/24,補繳規費,F401010 國際貿易業；I103060 管理顧問業；I199990 其他顧問服務業；I301010 資訊軟體服務業；I301020 資料處理服務業；I301030 電子資訊供應服務業；JZ99990 未分類其他服務業；H201010 一般投資業；I102010 一般投資顧問業；H202010 創業投資業,臺北市,變更,11506
60654020,安曜寵物股份有限公司,臺北市大安區復興南路2段237號13樓,陳柏達,200000,,115/06/10,特殊補正,A401010 畜牧場經營業；A401020 家畜禽飼育業；A401040 畜牧服務業；A401060 其他動物服務業；A401990 其他畜牧業；C101010 屠宰業；C102010 乳品製造業；C103050 罐頭、冷凍、脫水及醃漬食品製造業；C104010 糖果製造業；C110010 飲料製造業,臺北市,變更,11506
60654181,馬來西亞商世建工程股份有限公司,臺北市中山區復興北路2號6樓之3,張德添,156000000,,115/06/25,一般補正案,E101011 綜合營造業；E599010 配管工程業；E604010 機械安裝業；EZ99990 其他工程業；I103060 管理顧問業；I199990 其他顧問服務業；ZZ99999 除許可業務外，得經營法令非禁止或限制之業務,臺北市,變更,11506
60656527,酷卡宇宙股份有限公司,臺北市中山區長安東路2段77號2樓,王彤方,5000000,,115/06/30,特殊補正,F399040 無店面零售業；F109070 文教、樂器、育樂用品批發業；F209060 文教、樂器、育樂用品零售業；I301010 資訊軟體服務業；F401010 國際貿易業；I401010 一般廣告服務業；J399010 軟體出版業；I501010 產品設計業；I599990 其他設計業；J601010 藝文服務業,臺北市,變更,11506
60661535,卓奕有限公司,臺北市大安區永康街14巷12號,周瑞國,1000000,,115/06/15,特殊補正,E604010 機械安裝業；F113010 機械批發業；F213080 機械器具零售業；F399040 無店面零售業；F601010 智慧財產權業；G202010 停車場經營業；I103060 管理顧問業；I401010 一般廣告服務業；JE01010 租賃業；EZ99990 其他工程業,臺北市,變更,11506
60662773,花時人間有限公司,臺北市中山區松江路50號9樓,黃筱軒,200000,,115/06/29,公司所在地,I504010 花藝設計業；F101100 花卉批發業；F201070 花卉零售業；A102080 園藝服務業；F399040 無店面零售業；F401010 國際貿易業；J601010 藝文服務業；I199990 其他顧問服務業；F204110 布疋、衣著、鞋、帽、傘、服飾品零售業；F205040 家具、寢具、廚房器具、裝設品零售業,臺北市,變更,11506
60672462,三體湧現股份有限公司,臺北市大安區忠孝東路4段71之5號6樓,汪志謙,6000000,,115/06/12,特殊補正,CC01120 資料儲存媒體製造及複製業；J503050 錄影節目帶業；J503020 電視節目製作業；J503030 廣播電視節目發行業；J503040 廣播電視廣告業；J503010 廣播節目製作業；J404010 動畫影片製作業；J602010 演藝活動業；J601010 藝文服務業；J302010 通訊稿業,臺北市,變更,11506
60673217,衍廣股份有限公司,臺北市中山區南京東路2段137號14樓,陳昱源,3500000,,115/06/25,特殊補正,F218010 資訊軟體零售業；F219010 電子材料零售業；F118010 資訊軟體批發業；F213030 電腦及事務性機器設備零售業；I301010 資訊軟體服務業；I301020 資料處理服務業；F401010 國際貿易業；F119010 電子材料批發業；I301060 網路廣告平臺業；I401010 一般廣告服務業,臺北市,變更,11506
60676143,三福生醫股份有限公司,臺北市中山區中山北路2段23號3樓,巫信弘,425950000,,115/06/17,認股憑證換發新股,IG02010 研究發展服務業；IG01010 生物技術服務業；F108040 化粧品批發業；F208040 化粧品零售業；C802100 化粧品製造業；F401010 國際貿易業；F601010 智慧財產權業；I103060 管理顧問業；I301010 資訊軟體服務業；I301020 資料處理服務業,臺北市,變更,11506
60676517,昱準企業有限公司,臺北市中山區復興北路70號8樓,陳昱竹,1400000,,115/06/18,特殊補正,J802010 運動訓練業；JZ99110 瘦身美容業；JF01010 傳統整復推拿業；F209060 文教、樂器、育樂用品零售業；F208040 化粧品零售業；ZZ99999 除許可業務外，得經營法令非禁止或限制之業務,臺北市,變更,11506
60676734,星曦有限公司,臺北市中正區南陽街24號2樓,徐光世,1000000,,115/06/29,改推董事/董事長,I301010 資訊軟體服務業；I301020 資料處理服務業；I301030 電子資訊供應服務業；I401010 一般廣告服務業；I199990 其他顧問服務業；IZ09010 管理系統驗證業；IZ13010 網路認證服務業；IZ99990 其他工商服務業；J399010 軟體出版業；F104110 布疋、衣著、鞋、帽、傘、服飾品批發業,臺北市,變更,11506
60676805,櫻雪股份有限公司,臺北市中山區八德路2段203號地下1樓,賈永謙,5000000,,115/06/15,特殊補正,IZ12010 人力派遣業；I102010 一般投資顧問業；I103060 管理顧問業；J101010 建築物清潔服務業；G202010 停車場經營業；F401010 國際貿易業；JZ99050 仲介服務業；G101041 小客車租賃業；J701080 水域遊憩活動經營業；J801030 競技及休閒運動場館業,臺北市,變更,11506
60677430,長遠投資股份有限公司,臺北市中正區和平西路1段30號9樓,蔡素月,29820000,,115/06/15,改選董事/監察人(一人法人股東指派董事/監察人),H201010 一般投資業；ZZ99999 除許可業務外，得經營法令非禁止或限制之業務,臺北市,變更,11506
60677446,樂星生技股份有限公司,臺北市大安區復興南路1段127號12樓之1,盧昶維,8166670,,115/06/10,特殊補正,F102170 食品什貨批發業；F102040 飲料批發業；F106020 日常用品批發業；F108040 化粧品批發業；F199990 其他批發業；F203010 食品什貨、飲料零售業；F206020 日常用品零售業；F208040 化粧品零售業；F299990 其他零售業；F399990 其他綜合零售業,臺北市,變更,11506
60680435,航智先鋒台灣有限公司,臺北市信義區松德路65號9樓之3,James John Stewart,506915,,115/06/26,董事/股東地址變更,F114070 航空器及其零件批發業；F119010 電子材料批發業；F214070 航空器及其零件零售業；F401010 國際貿易業；I301010 資訊軟體服務業；ZZ99999 除許可業務外，得經營法令非禁止或限制之業務,臺北市,變更,11506
60681146,超術感醫學科技股份有限公司,臺北市中山區南京東路1段25號10樓之3,黃宇軒,10000000,,115/06/23,特殊補正,CE01010 一般儀器製造業；CE01030 光學儀器製造業；CF01011 醫療器材製造業；CC01110 電腦及其週邊設備製造業；I301010 資訊軟體服務業；I301050 實境體感應用服務業；I301020 資料處理服務業；I301030 電子資訊供應服務業；IG01010 生物技術服務業；I103060 管理顧問業,臺北市,變更,11506
60681223,街口數位資產股份有限公司,臺北市大安區基隆路2段136號6樓之2,梅驊,11500000,,115/06/17,減資,I301010 資訊軟體服務業；I301020 資料處理服務業；I301030 電子資訊供應服務業；I401010 一般廣告服務業；IG02010 研究發展服務業；IZ13010 網路認證服務業；IZ15010 市場研究及民意調查業；IE01010 電信業務門號代辦業；IZ99990 其他工商服務業；F218010 資訊軟體零售業,臺北市,變更,11506
60681265,十五席有限公司,臺北市中山區復興北路492號1樓,陳力瑋,300000,,115/06/15,特殊補正,F501060 餐館業；F501050 飲酒店業；F203030 酒精零售業；F203040 雪茄零售業；F203020 菸酒零售業；ZZ99999 除許可業務外，得經營法令非禁止或限制之業務；F501990 其他餐飲業；F501030 飲料店業,臺北市,變更,11506
60684278,普極算力股份有限公司,臺北市中山區松江路66號9樓,張園宗,48810000,,115/06/17,特殊補正,I301010 資訊軟體服務業；I301020 資料處理服務業；I301030 電子資訊供應服務業；CC01030 電器及視聽電子產品製造業；CC01080 電子零組件製造業；CC01090 電池製造業；CC01110 電腦及其週邊設備製造業；CC01120 資料儲存媒體製造及複製業；CC01990 其他電機及電子機械器材製造業；CE01010 一般儀器製造業,臺北市,變更,11506
60687850,隆盛智能股份有限公司,臺北市中山區明水路602號3樓,許鑒隆,1000000,,115/06/08,特殊補正,H701010 住宅及大樓開發租售業；H701020 工業廠房開發租售業；H701040 特定專業區開發業；H701050 投資興建公共建設業；H701060 新市鎮、新社區開發業；H701070 區段徵收及市地重劃代辦業；H701080 都市更新重建業；H701090 都市更新整建維護業；H702010 建築經理業；H703090 不動產買賣業,臺北市,變更,11506
60698202,象奔奔國際餐飲有限公司,臺北市士林區天玉街35號6樓,鍾季軒,10500000,,115/06/10,特殊補正,F203010 食品什貨、飲料零售業；F501060 餐館業；F401010 國際貿易業；ZZ99999 除許可業務外，得經營法令非禁止或限制之業務,臺北市,變更,11506
60698569,中瑞匯投資股份有限公司,臺北市松山區南京東路4段50號11樓,鄭重,1000000,,115/06/23,改選董事/監察人(一人法人股東指派董事/監察人),H201010 一般投資業；H202010 創業投資業；H701010 住宅及大樓開發租售業；H701020 工業廠房開發租售業；H701040 特定專業區開發業；H701050 投資興建公共建設業；H701060 新市鎮、新社區開發業；H701070 區段徵收及市地重劃代辦業；H701080 都市更新重建業；H703090 不動產買賣業,臺北市,變更,11506
60698688,毛孩饗宴企業有限公司,臺北市信義區福德街300巷2號,黃楷文,3000000,,115/06/18,特殊補正,F101980 其他動物批發業；F103010 飼料批發業；F104110 布疋、衣著、鞋、帽、傘、服飾品批發業；F105050 家具、寢具、廚房器具、裝設品批發業；F106010 五金批發業；F106020 日常用品批發業；F107070 動物用藥品批發業；F199990 其他批發業；F201980 其他動物零售業；F203010 食品什貨、飲料零售業,臺北市,變更,11506
60699357,樂高品質有限公司,臺北市中山區南京東路1段15號3樓,李彥甫,2000000,,115/06/18,特殊補正,F114010 汽車批發業；F114020 機車批發業；F114030 汽、機車零件配備批發業；F114050 車胎批發業；F214010 汽車零售業；F214020 機車零售業；F214050 車胎零售業；F401010 國際貿易業；JE01010 租賃業；I199990 其他顧問服務業,臺北市,變更,11506
60699568,御水源科技股份有限公司,臺北市中正區公園路32號12樓,陳怡吟,2000000,,115/06/30,特殊補正,F106040 水器材料批發業；F206040 水器材料零售業；E601010 電器承裝業；E601020 電器安裝業；F401010 國際貿易業；E801010 室內裝潢業；E901010 油漆工程業；F113020 電器批發業；E801030 室內輕鋼架工程業；F107010 漆料、塗料批發業,臺北市,變更,11506
60699687,打球去有限公司,臺北市大同區重慶北路2段40號1樓,蕭巧郁,100000,,115/06/03,特殊補正,F399040 無店面零售業；J399010 軟體出版業；F118010 資訊軟體批發業；F218010 資訊軟體零售業；F109070 文教、樂器、育樂用品批發業；F209060 文教、樂器、育樂用品零售業；F113050 電腦及事務性機器設備批發業；F213030 電腦及事務性機器設備零售業；F104110 布疋、衣著、鞋、帽、傘、服飾品批發業；F204110 布疋、衣著、鞋、帽、傘、服飾品零售業,臺北市,變更,11506
60699835,聚創豪科技有限公司,臺北市士林區社正路45巷4弄1號1樓,林冠宏,1000000,,115/06/30,股東出資轉讓修正章程,E801010 室內裝潢業；F104110 布疋、衣著、鞋、帽、傘、服飾品批發業；F204110 布疋、衣著、鞋、帽、傘、服飾品零售業；F109070 文教、樂器、育樂用品批發業；F209060 文教、樂器、育樂用品零售業；I103060 管理顧問業；I199990 其他顧問服務業；I301010 資訊軟體服務業；I301020 資料處理服務業；I301030 電子資訊供應服務業,臺北市,變更,11506
60700262,安俐生技股份有限公司,臺北市松山區南京東路3段346號9樓之9,宋幼琳,1000000,,115/06/29,特殊補正,F102040 飲料批發業；F102050 茶葉批發業；F102170 食品什貨批發業；F106020 日常用品批發業；F108040 化粧品批發業；F208040 化粧品零售業；F301010 百貨公司業；F399040 無店面零售業；F401010 國際貿易業；I103060 管理顧問業,臺北市,變更,11506
60700410,天昊科技有限公司,臺北市信義區信義路4段415號14樓之1,陳采妤,2000000,,115/06/15,減少所營事業變更修正章程,CC01120 資料儲存媒體製造及複製業；E605010 電腦設備安裝業；F113050 電腦及事務性機器設備批發業；F118010 資訊軟體批發業；F119010 電子材料批發業；F199990 其他批發業；F213030 電腦及事務性機器設備零售業；F218010 資訊軟體零售業；F219010 電子材料零售業；F399990 其他綜合零售業,臺北市,變更,11506
60700489,譽科科技股份有限公司,臺北市內湖區瑞光路106號4樓之1,陳清福,36248000,,115/06/17,發行新股,F113050 電腦及事務性機器設備批發業；F118010 資訊軟體批發業；F113070 電信器材批發業；F113020 電器批發業；F113110 電池批發業；F119010 電子材料批發業；E605010 電腦設備安裝業；JA02010 電器及電子產品修理業；J399010 軟體出版業；IG02010 研究發展服務業,臺北市,變更,11506
60700538,凱喬有限公司,臺北市大安區復興南路2段237號8樓之3,吳欣怡,500000,,115/06/12,特殊補正,F102170 食品什貨批發業；F106020 日常用品批發業；F108040 化粧品批發業；F203010 食品什貨、飲料零售業；F206050 寵物食品及其用品零售業；F208040 化粧品零售業；F208050 乙類成藥零售業；F399040 無店面零售業；F401010 國際貿易業；F601010 智慧財產權業,臺北市,變更,11506
60703140,高池有限公司,臺北市萬華區長沙街二段91號6樓之2,鄭維毅,4500000,,115/06/08,增資,F203010 食品什貨、飲料零售業；F206020 日常用品零售業；F207030 清潔用品零售業；F208040 化粧品零售業；F214040 自行車及其零件零售業；F219010 電子材料零售業；F218010 資訊軟體零售業；F299990 其他零售業；F399040 無店面零售業；F399990 其他綜合零售業,臺北市,變更,11506
60704204,豐銳智能股份有限公司,臺北市松山區民生東路5段151號7樓之2,曾筱芸,4000000,,115/06/04,特殊補正,CC01030 電器及視聽電子產品製造業；CC01110 電腦及其週邊設備製造業；CC01120 資料儲存媒體製造及複製業；F113050 電腦及事務性機器設備批發業；F113070 電信器材批發業；F118010 資訊軟體批發業；F119010 電子材料批發業；F213030 電腦及事務性機器設備零售業；F218010 資訊軟體零售業；F401010 國際貿易業,臺北市,變更,11506
60704268,瑞爍品牌顧問股份有限公司,臺北市松山區八德路4段699號5樓之3,邱筱純,1000000,,115/06/30,公司所在地,J601010 藝文服務業；J602010 演藝活動業；JB01010 會議及展覽服務業；JZ99050 仲介服務業；JE01010 租賃業；I103060 管理顧問業；I301010 資訊軟體服務業；I401010 一般廣告服務業；I199990 其他顧問服務業；IZ12010 人力派遣業,臺北市,變更,11506
60708573,興富泰有限公司,臺北市內湖區文湖街82號2樓,吳冠緯,15000000,,115/06/29,特殊補正,A102080 園藝服務業；E801010 室內裝潢業；E801020 門窗安裝工程業；E801030 室內輕鋼架工程業；E801040 玻璃安裝工程業；E801070 廚具、衛浴設備安裝工程業；E901010 油漆工程業；EZ99990 其他工程業；F105050 家具、寢具、廚房器具、裝設品批發業；F106010 五金批發業,臺北市,變更,11506
60713301,太陽谷投資有限公司,臺北市大同區重慶北路2段48號9樓之3,趙立宇,50000000,,115/06/25,補繳規費,H201010 一般投資業；ZZ99999 除許可業務外，得經營法令非禁止或限制之業務,臺北市,變更,11506
60713908,好事循環科技股份有限公司,臺北市內湖區基湖路1號4樓之1,廖福生,30000000,,115/06/25,特殊補正,C801110 肥料製造業；E604010 機械安裝業；F107050 肥料批發業；I103060 管理顧問業；IG01010 生物技術服務業；IG02010 研究發展服務業；J101040 廢棄物處理業；J101090 廢棄物清理業；J101990 其他環境衛生及污染防治服務業；ZZ99999 除許可業務外，得經營法令非禁止或限制之業務,臺北市,變更,11506
60714771,和泰一股份有限公司,臺北市中正區許昌街42號8樓,林伯霖,250000,,115/06/03,特殊補正,F107200 化學原料批發業；F118010 資訊軟體批發業；F108040 化粧品批發業；F208040 化粧品零售業；F208050 乙類成藥零售業；IG01010 生物技術服務業；F601010 智慧財產權業；F218010 資訊軟體零售業；F399040 無店面零售業；F401010 國際貿易業,臺北市,變更,11506
60714884,虹驛投資有限公司,臺北市大安區和平東路2段297號13樓,陳朝瑞,1000000,,115/06/18,特殊補正,H201010 一般投資業；H202010 創業投資業；I102010 一般投資顧問業；ZZ99999 除許可業務外，得經營法令非禁止或限制之業務,臺北市,變更,11506
60724861,美商黃金體驗有限公司,臺北市信義區忠孝東路四段553巷6弄12號1樓,徐丹珞,17180000,,115/06/15,一般補正案,F501060 餐館業；F401010 國際貿易業；ZZ99999 除許可業務外，得經營法令非禁止或限制之業務,臺北市,變更,11506
60725637,炘躍工程顧問股份有限公司,臺北市中山區南京東路2段150號7樓,王偉華,3000000,,115/06/30,董事/監察人持股變動報備,F213010 電器零售業；F206040 水器材料零售業；E901010 油漆工程業；E603010 電纜安裝工程業；E601010 電器承裝業；E601020 電器安裝業；E603040 消防安全設備安裝工程業；E603050 自動控制設備工程業；E603090 照明設備安裝工程業；E801010 室內裝潢業,臺北市,變更,11506
60726087,心巢控股股份有限公司,臺北市中山區新生北路3段5號1樓,鍾元豪,41000029,,115/06/05,公司所在地,I103060 管理顧問業；I102010 一般投資顧問業；ZZ99999 除許可業務外，得經營法令非禁止或限制之業務,臺北市,變更,11506
60726164,永莉國際股份有限公司,臺北市中山區樂群二路309號,馬彥鵬,33450000,,115/06/18,特殊補正,F204110 布疋、衣著、鞋、帽、傘、服飾品零售業；F205040 家具、寢具、廚房器具、裝設品零售業；F206020 日常用品零售業；F215010 首飾及貴金屬零售業；F215020 礦石零售業；F399990 其他綜合零售業；F401010 國際貿易業；I501010 產品設計業；I599990 其他設計業；ZZ99999 除許可業務外，得經營法令非禁止或限制之業務。,臺北市,變更,11506
60726191,津海娛樂有限公司,臺北市內湖區瑞光路168號9樓,徐世光,1000000,,115/06/29,股東出資轉讓修正章程,J399010 軟體出版業；F118010 資訊軟體批發業；F218010 資訊軟體零售業；F113050 電腦及事務性機器設備批發業；F213030 電腦及事務性機器設備零售業；F399040 無店面零售業；F401010 國際貿易業；I401010 一般廣告服務業；J399990 其他出版業；I501010 產品設計業,臺北市,變更,11506
60727396,綺夢算力引擎有限公司,臺北市南港區南港路3段80巷17號3樓,陳達垠,500000,,115/06/04,特殊補正,I103060 管理顧問業；F401010 國際貿易業；F399040 無店面零售業；I401010 一般廣告服務業；I301010 資訊軟體服務業；I301020 資料處理服務業；I301030 電子資訊供應服務業；ZZ99999 除許可業務外，得經營法令非禁止或限制之業務；F102040 飲料批發業；F102170 食品什貨批發業,臺北市,變更,11506
60727451,伊那早文化創意股份有限公司,臺北市中正區衡陽路7號10樓,鄭心媚,6000000,,115/06/09,特殊補正,J304010 圖書出版業；J305010 有聲出版業；J399010 軟體出版業；J401010 電影片製作業；J402010 電影片發行業；J503010 廣播節目製作業；J503020 電視節目製作業；J503030 廣播電視節目發行業；J503040 廣播電視廣告業；J503050 錄影節目帶業,臺北市,變更,11506
60731547,正光電機電股份有限公司,臺北市南港區忠孝東路6段21號10樓,林錦鴻,60000000,,115/06/30,特殊補正,CC01010 發電、輸電、配電機械製造業；CC01080 電子零組件製造業；CB01010 機械設備製造業；CE01010 一般儀器製造業；E603050 自動控制設備工程業；F219010 電子材料零售業；F119010 電子材料批發業；F401010 國際貿易業；E605010 電腦設備安裝業；I301010 資訊軟體服務業,臺北市,變更,11506
60731764,三商海洋風力投資股份有限公司,臺北市大安區忠孝東路4段147巷1號5樓,森口岳泰Takeyasu Moriguchi,2908286760,,115/06/17,改派董事/監察人,H201010 一般投資業；ZZ99999 除許可業務外，得經營法令非禁止或限制之業務,臺北市,變更,11506
60741550,羅漢誦有限公司,臺北市大安區復興南路2段286號1樓,吳榮耀,6000000,,115/06/12,特殊補正,F206020 日常用品零售業；F207030 清潔用品零售業；F204110 布疋、衣著、鞋、帽、傘、服飾品零售業；F206010 五金零售業；F209060 文教、樂器、育樂用品零售業；F101040 家畜家禽批發業；F101050 水產品批發業；F101130 蔬果批發業；F501030 飲料店業；F501060 餐館業,臺北市,變更,11506
60741566,善源健康有限公司,臺北市大安區忠孝東路4段270號7樓,周冠廷,100000,,115/06/09,經理人變更,F101130 蔬果批發業；F101990 其他農、畜、水產品批發業；F201010 農產品零售業；F201990 其他農畜水產品零售業；F203010 食品什貨、飲料零售業；F399040 無店面零售業；F399990 其他綜合零售業；F401010 國際貿易業；I199990 其他顧問服務業；I301010 資訊軟體服務業,臺北市,變更,11506
60741691,光成投資有限公司,臺北市中山區樂群二路113號3樓,陳麗庭,11400000,,115/06/02,增資,H201010 一般投資業,臺北市,變更,11506
60745161,埃及商埃及豆豆旅行有限公司,臺北市中正區青島東路4之8號,Mohamed Ahmed Mohamed Abdeldayem,0,,115/06/04,補繳規費,,臺北市,變更,11506
60746226,雄鷹國際資本控股有限公司,臺北市中山區復興北路342號4樓之1,梁軒安,200000,,115/06/15,特殊補正,F108040 化粧品批發業；F109070 文教、樂器、育樂用品批發業；F208040 化粧品零售業；F209060 文教、樂器、育樂用品零售業；E801010 室內裝潢業；I103060 管理顧問業；I199990 其他顧問服務業；I301060 網路廣告平臺業；I401010 一般廣告服務業；I501010 產品設計業,臺北市,變更,11506
60746252,穩發開發投資股份有限公司,臺北市松山區南京東路5段2號3樓,蔡裕隆,1000000,,115/06/29,改選董事/監察人(一人法人股東指派董事/監察人),H201010 一般投資業,臺北市,變更,11506
60746470,朵朵魚有限公司,臺北市大安區通化街41號3樓,鍾國龍,500000,,115/06/24,股東出資轉讓修正章程,F206020 日常用品零售業；F207030 清潔用品零售業；F208040 化粧品零售業；JZ99080 美容美髮服務業,臺北市,變更,11506
60748224,上聘有限公司,臺北市大同區承德路3段105號1樓,彭偉倫,100000,,115/06/17,公司所營事業變更修正章程,J801030 競技及休閒運動場館業；J802010 運動訓練業；F501030 飲料店業；F102050 茶葉批發業；F102170 食品什貨批發業；F203010 食品什貨、飲料零售業；F399040 無店面零售業；F401010 國際貿易業；ZZ99999 除許可業務外，得經營法令非禁止或限制之業務,臺北市,變更,11506
60748499,曜庭國際電商有限公司,臺北市中山區長春路172號4樓之3,鄭亦庭,100000,,115/06/05,特殊補正,I103060 管理顧問業；I301010 資訊軟體服務業；I301020 資料處理服務業；I301030 電子資訊供應服務業；I401010 一般廣告服務業；I501010 產品設計業；I599990 其他設計業；C701010 印刷業；IZ10010 排版業；IZ06010 理貨包裝業,臺北市,變更,11506
60758616,台灣魔騎世界科技股份有限公司,臺北市大安區新生南路3段19巷19號1樓,謝長紘,200000,,115/06/11,特殊補正,F114030 汽、機車零件配備批發業；F119010 電子材料批發業；F214030 汽、機車零件配備零售業；F219010 電子材料零售業；F104110 布疋、衣著、鞋、帽、傘、服飾品批發業；F204110 布疋、衣著、鞋、帽、傘、服飾品零售業；F399040 無店面零售業；I301060 網路廣告平臺業；I401010 一般廣告服務業；F401010 國際貿易業,臺北市,變更,11506
60758685,擬視科技股份有限公司,臺北市中山區新生北路3段61號5樓之28,陳皇旻,1000000,,115/06/30,修正章程,F108031 醫療器材批發業；F208031 醫療器材零售業；F110020 眼鏡批發業；F113030 精密儀器批發業；F113050 電腦及事務性機器設備批發業；F213040 精密儀器零售業；I301030 電子資訊供應服務業；I301050 實境體感應用服務業；IG02010 研究發展服務業；C801030 精密化學材料製造業,臺北市,變更,11506
60758995,圓周率運動行銷有限公司,臺北市內湖區陽光街92巷25弄1號1樓,孫經緯,1000000,,115/06/25,特殊補正,F109070 文教、樂器、育樂用品批發業；F209060 文教、樂器、育樂用品零售業；F401010 國際貿易業；I103060 管理顧問業；I401010 一般廣告服務業；J503040 廣播電視廣告業；ZZ99999 除許可業務外，得經營法令非禁止或限制之業務,臺北市,變更,11506
60759116,雋墨傳媒有限公司,臺北市中山區建國北路3段90號1樓,賴駿良,200000,,115/06/23,補繳規費,J602010 演藝活動業；J601010 藝文服務業；J603010 音樂展演空間業；J399010 軟體出版業；J305010 有聲出版業；J304010 圖書出版業；JZ99050 仲介服務業；J399990 其他出版業；J303010 雜誌（期刊）出版業；JZ99990 未分類其他服務業,臺北市,變更,11506
60760042,一學就會圖書教具進口有限公司,臺北市大安區信義路4段199巷2號4樓之3,羅世淼,100000,,115/06/03,特殊補正,F109070 文教、樂器、育樂用品批發業；F209060 文教、樂器、育樂用品零售業；J304010 圖書出版業；F401010 國際貿易業；F399040 無店面零售業；ZZ99999 除許可業務外，得經營法令非禁止或限制之業務,臺北市,變更,11506
60760492,亞熙智能股份有限公司,臺北市南港區重陽路423巷1弄11號1樓,鄭紹勇,3000000,,115/06/23,董事/監察人持股變動報備,F106010 五金批發業；F106020 日常用品批發業；F109070 文教、樂器、育樂用品批發業；F113020 電器批發業；F113050 電腦及事務性機器設備批發業；F119010 電子材料批發業；F401010 國際貿易業；I301010 資訊軟體服務業；I301020 資料處理服務業；I301030 電子資訊供應服務業,臺北市,變更,11506
60767930,君弘國際有限公司,臺北市中正區和平西路2段64號3樓,徐佳君,100000,,115/06/17,特殊補正,H201010 一般投資業；H202010 創業投資業；HZ99990 其他金融、保險及不動產業；I102010 一般投資顧問業；I103060 管理顧問業；I199990 其他顧問服務業；IZ99990 其他工商服務業；ZZ99999 除許可業務外，得經營法令非禁止或限制之業務；I301020 資料處理服務業；JZ99990 未分類其他服務業,臺北市,變更,11506
60768001,愛達特力股份有限公司,臺北市大安區忠孝東路4段295號3樓,李忠成,11500000,,115/06/17,特殊補正,E605010 電腦設備安裝業；F118010 資訊軟體批發業；F119010 電子材料批發業；F218010 資訊軟體零售業；F219010 電子材料零售業；F399040 無店面零售業；F401010 國際貿易業；H201010 一般投資業；I103060 管理顧問業；I199990 其他顧問服務業,臺北市,變更,11506
60768305,島語地熱顧問有限公司,臺北市大安區復興南路2段237號13樓,宋庭瑞,250000,,115/06/24,公司所營事業變更修正章程,IG03010 能源技術服務業；I199990 其他顧問服務業；D401010 熱能供應業；F401010 國際貿易業；IZ99990 其他工商服務業；I501010 產品設計業；EZ05010 儀器、儀表安裝工程業；F113030 精密儀器批發業；F213040 精密儀器零售業；ZZ99999 除許可業務外，得經營法令非禁止或限制之業務,臺北市,變更,11506
60768516,肆雀有限公司,臺北市中正區延平南路70號4樓之4,吳沐豐,1000000,,115/06/03,特殊補正,I199990 其他顧問服務業；JZ99990 未分類其他服務業；ZZ99999 除許可業務外，得經營法令非禁止或限制之業務,臺北市,變更,11506
60769509,宸羽企業有限公司,臺北市中山區南京西路23巷1之3號,盧怡廷,1000000,,115/06/18,特殊補正,F203010 食品什貨、飲料零售業；F204110 布疋、衣著、鞋、帽、傘、服飾品零售業；F205040 家具、寢具、廚房器具、裝設品零售業；F206020 日常用品零售業；F208040 化粧品零售業；F209060 文教、樂器、育樂用品零售業；F210010 鐘錶零售業；F210020 眼鏡零售業；F399040 無店面零售業；F399990 其他綜合零售業,臺北市,變更,11506
60775782,寓居地產股份有限公司,臺北市中山區長安東路2段52號3樓,張穎頎,1000000,,115/06/04,特殊補正,H202010 創業投資業；H701010 住宅及大樓開發租售業；H703090 不動產買賣業；H703100 不動產租賃業；H704031 不動產仲介經紀業；I102010 一般投資顧問業；I103060 管理顧問業；I401010 一般廣告服務業；I503010 景觀、室內設計業；IZ12010 人力派遣業,臺北市,變更,11506
60777016,沐卉管理顧問股份有限公司,臺北市大安區復興南路2段218號7樓之8,王茗萱,108880,,115/06/11,特殊補正,HZ02010 金融機構金錢債權收買業務；HZ02020 辦理金融機構金錢債權之評價或拍賣業務；I102010 一般投資顧問業；I103060 管理顧問業；F401010 國際貿易業；F105050 家具、寢具、廚房器具、裝設品批發業；F106020 日常用品批發業；F107020 染料、顏料批發業；F107030 清潔用品批發業；F108040 化粧品批發業,臺北市,變更,11506
60777091,鉅瓏文教顧問有限公司,臺北市大安區信義路4段279號11樓,林宏諭,500000,,115/06/22,特殊補正,F109070 文教、樂器、育樂用品批發業；F113050 電腦及事務性機器設備批發業；F209060 文教、樂器、育樂用品零售業；F218010 資訊軟體零售業；F401010 國際貿易業；I103060 管理顧問業；I199990 其他顧問服務業；I301010 資訊軟體服務業；I301020 資料處理服務業；IZ02010 打字業,臺北市,變更,11506
60783410,中美生醫電子股份有限公司,臺北市中正區重慶南路1段49號10樓,陳素文,3000000,,115/06/11,特殊補正,F106010 五金批發業；F206010 五金零售業；F106020 日常用品批發業；F206020 日常用品零售業；F113010 機械批發業；F113020 電器批發業；F213010 電器零售業；F113050 電腦及事務性機器設備批發業；F213030 電腦及事務性機器設備零售業；F108031 醫療器材批發業,臺北市,變更,11506
60783523,皇大醫療用品有限公司,臺北市大安區建國南路1段212巷15號1樓,黃慶玉,21990000,,115/06/22,特殊補正,F206020 日常用品零售業；F213060 電信器材零售業；E701010 電信工程業；E601020 電器安裝業；I103060 管理顧問業；I401010 一般廣告服務業；F208031 醫療器材零售業；ZZ99999 除許可業務外，得經營法令非禁止或限制之業務,臺北市,變更,11506
60783811,盈瑞有限公司,臺北市文山區木新路3段74巷5號,賴珍心,800000,,115/06/30,特殊補正,F108040 化粧品批發業；I301030 電子資訊供應服務業；F399040 無店面零售業；F203010 食品什貨、飲料零售業；F204110 布疋、衣著、鞋、帽、傘、服飾品零售業；F205040 家具、寢具、廚房器具、裝設品零售業；F206020 日常用品零售業；F209060 文教、樂器、育樂用品零售業；F213010 電器零售業；F213060 電信器材零售業,臺北市,變更,11506
60783973,和氏璧國際物業投資顧問股份有限公司,臺北市信義區忠孝東路4段525號15樓,詹桂綺,30000000,,115/06/30,董事長變更,H703090 不動產買賣業；H703100 不動產租賃業；H704031 不動產仲介經紀業；H704041 不動產代銷經紀業；H701010 住宅及大樓開發租售業；H701020 工業廠房開發租售業；H701040 特定專業區開發業；H702010 建築經理業；I102010 一般投資顧問業；I103060 管理顧問業,臺北市,變更,11506
60784121,武德開發股份有限公司,臺北市內湖區瑞光路168號9樓,林庭睿,500000,,115/06/02,特殊補正,H701010 住宅及大樓開發租售業；H701020 工業廠房開發租售業；H701050 投資興建公共建設業；H701060 新市鎮、新社區開發業；H701070 區段徵收及市地重劃代辦業；H701080 都市更新重建業；H701090 都市更新整建維護業；H703090 不動產買賣業；H703100 不動產租賃業；H702010 建築經理業,臺北市,變更,11506
60784728,維儒有限公司,臺北市萬華區長沙街2段91號6樓之2,鄭維毅,1000000,,115/06/08,特殊補正,F109070 文教、樂器、育樂用品批發業；F209060 文教、樂器、育樂用品零售業；F299990 其他零售業；F399040 無店面零售業；F399990 其他綜合零售業；F401010 國際貿易業；F501030 飲料店業；H201010 一般投資業；H202010 創業投資業；I102010 一般投資顧問業,臺北市,變更,11506
60784810,清雲形象有限公司,臺北市北投區溫泉路65巷11之2號3樓,陳紘紳,200000,,115/06/01,特殊補正,J601010 藝文服務業；J602010 演藝活動業；JZ99030 攝影業；JZ99080 美容美髮服務業；JZ99090 喜慶綜合服務業；JZ99990 未分類其他服務業；F399040 無店面零售業；F209060 文教、樂器、育樂用品零售業；F399990 其他綜合零售業；ZZ99999 除許可業務外，得經營法令非禁止或限制之業務,臺北市,變更,11506
60785228,喬意空間設計股份有限公司,臺北市信義區松德路171號18樓之2,林佳甫,2000000,,115/06/05,董事/監察人持股變動報備,E601020 電器安裝業；E603010 電纜安裝工程業；E603050 自動控制設備工程業；E603090 照明設備安裝工程業；E603100 電焊工程業；E605010 電腦設備安裝業；E701040 簡易電信設備安裝業；E801010 室內裝潢業；E801020 門窗安裝工程業；E801030 室內輕鋼架工程業,臺北市,變更,11506
60785445,樂富證券投資顧問股份有限公司,臺北市大安區忠孝東路4段270號6樓之2,黎奕廷,50000000,,115/06/25,董事(常務董事.董事長)/監察人解任,H304011 證券投資顧問業,臺北市,變更,11506
60785450,沛祺食品有限公司,臺北市信義區基隆路2段22號2樓之3,周佩思,1810000,,115/06/16,增資,F203010 食品什貨、飲料零售業；F102170 食品什貨批發業；F102040 飲料批發業；F102050 茶葉批發業；F399040 無店面零售業；F401010 國際貿易業；I401010 一般廣告服務業；J303010 雜誌（期刊）出版業；J399990 其他出版業；I501010 產品設計業,臺北市,變更,11506
60787491,元碩生技有限公司,臺北市內湖區瑞光路300號2樓,夏筠婷,2000000,,115/06/24,修正章程,F102170 食品什貨批發業；F104110 布疋、衣著、鞋、帽、傘、服飾品批發業；F106020 日常用品批發業；F107030 清潔用品批發業；F109070 文教、樂器、育樂用品批發業；F113020 電器批發業；F118010 資訊軟體批發業；F119010 電子材料批發業；F203010 食品什貨、飲料零售業；F204110 布疋、衣著、鞋、帽、傘、服飾品零售業,臺北市,變更,11506
60787680,雲峰全球股份有限公司,臺北市信義區信義路4段458號6樓,曾嘉凌,2000000,,115/06/02,特殊補正,I301020 資料處理服務業；F401010 國際貿易業；I102010 一般投資顧問業；I199990 其他顧問服務業；I301010 資訊軟體服務業；F209060 文教、樂器、育樂用品零售業；J903020 登山嚮導業；F601010 智慧財產權業；I105010 藝術品諮詢顧問業；G801010 倉儲業,臺北市,變更,11506
60787696,斐燃顧問有限公司,臺北市中正區臨沂街8號2樓,賴立倫,100000,,115/06/16,特殊補正,I102010 一般投資顧問業；I103060 管理顧問業；I199990 其他顧問服務業；H202010 創業投資業；J802010 運動訓練業；J202010 產業育成業；JI01010 互動式情境體驗服務業；JB01010 會議及展覽服務業；I301010 資訊軟體服務業；I301020 資料處理服務業,臺北市,變更,11506
60788007,炬基科技有限公司,臺北市中正區館前路34號12樓,鄭淑碧,2000000,,115/06/16,改推董事/董事長,E603040 消防安全設備安裝工程業；E603050 自動控制設備工程業；E604010 機械安裝業；E605010 電腦設備安裝業；E701010 電信工程業；E701040 簡易電信設備安裝業；E701030 電信管制射頻器材裝設工程業；EZ05010 儀器、儀表安裝工程業；EZ15010 保溫、保冷安裝工程業；EZ99990 其他工程業,臺北市,變更,11506
60788230,日升月恆資本有限公司,臺北市大安區忠孝東路4段285號5樓,吳忠穎,1000000,,115/06/15,增資,I301010 資訊軟體服務業；I301030 電子資訊供應服務業；ZZ99999 除許可業務外，得經營法令非禁止或限制之業務,臺北市,變更,11506
60788560,漾漾康健有限公司,臺北市松山區敦化北路145巷6號,陳政宇,600000,,115/06/29,補繳規費,F102170 食品什貨批發業；F106020 日常用品批發業；F106060 寵物食品及其用品批發業；F108040 化粧品批發業；F203010 食品什貨、飲料零售業；F204110 布疋、衣著、鞋、帽、傘、服飾品零售業；F206020 日常用品零售業；F206050 寵物食品及其用品零售業；F208040 化粧品零售業；F399040 無店面零售業,臺北市,變更,11506
60788793,澍和生醫有限公司,臺北市信義區基隆路1段143號4樓,陳柏屼,700000,,115/06/16,增資,C199990 未分類其他食品製造業；F102170 食品什貨批發業；F121010 食品添加物批發業；F201010 農產品零售業；F203010 食品什貨、飲料零售業；F399040 無店面零售業；F399990 其他綜合零售業；F401010 國際貿易業；I401010 一般廣告服務業；I501010 產品設計業,臺北市,變更,11506
60789097,魔犬秋口有限公司,臺北市中山區建國北路3段90號1樓,陳泰呈,200000,,115/06/18,特殊補正,J399010 軟體出版業；F106060 寵物食品及其用品批發業；F206050 寵物食品及其用品零售業；F118010 資訊軟體批發業；F218010 資訊軟體零售業；F399040 無店面零售業；F401010 國際貿易業；I401010 一般廣告服務業；J399990 其他出版業；I501010 產品設計業,臺北市,變更,11506
60789385,靈賦智能股份有限公司,臺北市信義區信義路5段5號7樓,黃柏睿,5500000,,115/06/01,特殊補正,F401010 國際貿易業；F113030 精密儀器批發業；CB01010 機械設備製造業；CC01090 電池製造業；CC01010 發電、輸電、配電機械製造業；CC01030 電器及視聽電子產品製造業；CC01080 電子零組件製造業；I301010 資訊軟體服務業；IG02010 研究發展服務業；F113110 電池批發業,臺北市,變更,11506
60791973,神探科技行銷有限公司,臺北市大安區仁愛路4段376號6樓之9,楊書林,3200000,,115/06/02,增資,F118010 資訊軟體批發業；F218010 資訊軟體零售業；E605010 電腦設備安裝業；I103060 管理顧問業；I301010 資訊軟體服務業；I301020 資料處理服務業；I301030 電子資訊供應服務業；I401010 一般廣告服務業；F399040 無店面零售業；I199990 其他顧問服務業,臺北市,變更,11506
60792240,泓夏有限公司,臺北市中山區松江路66號9樓,黃宛柔,1000000,,115/06/15,股東出資轉讓修正章程,F101040 家畜家禽批發業；F101050 水產品批發業；F101990 其他農、畜、水產品批發業；F102040 飲料批發業；F102170 食品什貨批發業；F199990 其他批發業；F201990 其他農畜水產品零售業；F203010 食品什貨、飲料零售業；F399990 其他綜合零售業；F401010 國際貿易業,臺北市,變更,11506
60792972,鎧銓科技有限公司,臺北市中山區撫順街33號2樓之1,許軒凱,1000000,,115/06/26,公司所營事業變更修正章程,E599010 配管工程業；E601010 電器承裝業；E601020 電器安裝業；E603010 電纜安裝工程業；E603040 消防安全設備安裝工程業；E603050 自動控制設備工程業；E603090 照明設備安裝工程業；E605010 電腦設備安裝業；E604010 機械安裝業；E606010 用電設備檢驗維護業,臺北市,變更,11506
60793705,潛面實業股份有限公司,臺北市松山區八德路3段232號7樓之1,王亮卜,10000000,,115/06/10,特殊補正,F399040 無店面零售業；F399990 其他綜合零售業；F401010 國際貿易業；G202010 停車場經營業；G801010 倉儲業；I199990 其他顧問服務業；I301020 資料處理服務業；I301030 電子資訊供應服務業；IZ06010 理貨包裝業；IZ12010 人力派遣業,臺北市,變更,11506
60796225,大澤室內裝修設計股份有限公司,臺北市中山區民權東路2段206號5樓之2,李坤駿,6250000,,115/06/18,一般補正案,E599010 配管工程業；E601010 電器承裝業；E601020 電器安裝業；E603020 電梯安裝工程業；E801010 室內裝潢業；EZ99990 其他工程業；E901010 油漆工程業；E903010 防蝕、防銹工程業；E801020 門窗安裝工程業；E801030 室內輕鋼架工程業,臺北市,變更,11506
60796610,好坊教育有限公司,臺北市內湖區五分街98號12樓,吳雅琦,2000000,,115/06/22,特殊補正,F299990 其他零售業；F399040 無店面零售業；F401010 國際貿易業；I199990 其他顧問服務業；I301010 資訊軟體服務業；I301020 資料處理服務業；I301030 電子資訊供應服務業；I501010 產品設計業；I599990 其他設計業；J202010 產業育成業,臺北市,變更,11506
61771269,錦順營造股份有限公司,臺北市中山區長春路263號3樓,連敏華,100000000,,115/06/16,特殊補正,E101011 綜合營造業；E501011 自來水管承裝商；E599010 配管工程業；E601010 電器承裝業；E601020 電器安裝業；E603010 電纜安裝工程業；E603040 消防安全設備安裝工程業；E603050 自動控制設備工程業；E603090 照明設備安裝工程業；E701010 電信工程業,臺北市,變更,11506
61936261,鄉林旅行社有限公司,臺北市士林區中山北路5段472號3樓,廖振利,10000000,,115/06/22,股東出資轉讓修正章程,,臺北市,變更,11506
62096091,泰泓通運股份有限公司,臺北市松山區南京東路4段170號9樓之6,歐陽民崇,20000000,,115/06/16,特殊補正,IZ12010 人力派遣業；I103060 管理顧問業；F401010 國際貿易業；F101100 花卉批發業；F101130 蔬果批發業；F101040 家畜家禽批發業；F101050 水產品批發業；F102170 食品什貨批發業；F104110 布疋、衣著、鞋、帽、傘、服飾品批發業；F105050 家具、寢具、廚房器具、裝設品批發業,臺北市,變更,11506
62120000,宋妮妮旅行社有限公司,臺北市中山區南京東路2段101號12樓,宋月琴,6000000,,115/06/24,申登機關變更（遷入，含卷）,J902011 旅行業,臺北市,變更,11506
62120873,三協順水產有限公司,臺北市中山區長安東路2段162號7樓,邱思瑀,3500000,,115/06/22,特殊補正,G801010 倉儲業；F101040 家畜家禽批發業；F101050 水產品批發業；F101130 蔬果批發業；F102040 飲料批發業；F102050 茶葉批發業；F102170 食品什貨批發業；F104110 布疋、衣著、鞋、帽、傘、服飾品批發業；F105050 家具、寢具、廚房器具、裝設品批發業；F106020 日常用品批發業,臺北市,變更,11506
62125005,榮御實業有限公司,臺北市中山區吉林路394號1樓,吳沁縈,5000000,,115/06/11,特殊補正,E599010 配管工程業；E601020 電器安裝業；E801070 廚具、衛浴設備安裝工程業；EZ99990 其他工程業；F106040 水器材料批發業；F113020 電器批發業；F113100 污染防治設備批發業；F201010 農產品零售業；F206040 水器材料零售業；F213010 電器零售業,臺北市,變更,11506
62152207,序光旅行社股份有限公司,臺北市萬華區康定路62號5樓,廖芃韋,6000000,,115/06/12,特殊補正,J902011 旅行業,臺北市,變更,11506
62152261,凱威德新投資有限公司,臺北市信義區基隆路1段19號11樓之2,游子慶,2710000,,115/06/29,特殊補正,H201010 一般投資業；H202010 創業投資業；I103060 管理顧問業；ZZ99999 除許可業務外，得經營法令非禁止或限制之業務,臺北市,變更,11506
62152298,安璟檢測有限公司,臺北市中山區南京東路三段189號10樓,孫挺,500000,,115/06/17,經理人變更,C802120 工業助劑製造業；CB01030 污染防治設備製造業；F107170 工業助劑批發業；F107200 化學原料批發業；F207170 工業助劑零售業；F207200 化學原料零售業；F113010 機械批發業；F213080 機械器具零售業；F113100 污染防治設備批發業；F213100 污染防治設備零售業,臺北市,變更,11506
62152895,坤裕投資股份有限公司,臺北市北投區北投路2段13號4樓之1,陳冠諭,10000000,,115/06/25,特殊補正,H201010 一般投資業,臺北市,變更,11506
62152945,彰化餐飲有限公司,臺北市中山區中山北路2段115巷38號1樓,張世佑,200000,,115/06/26,補繳規費,F501060 餐館業；F102170 食品什貨批發業；F102040 飲料批發業；F203010 食品什貨、飲料零售業；F102180 酒精批發業；F203030 酒精零售業；F399040 無店面零售業；ZZ99999 除許可業務外，得經營法令非禁止或限制之業務,臺北市,變更,11506
62152972,翔鸞健康生活股份有限公司,臺北市大安區忠孝東路4段153號8樓,黄詩雅,500000,,115/06/22,特殊補正,J802010 運動訓練業；ZZ99999 除許可業務外，得經營法令非禁止或限制之業務,臺北市,變更,11506
62153070,倬域媒體有限公司,臺北市大安區敦化南路2段77號9樓之1,周之婷,100000,,115/06/23,特殊補正,C701010 印刷業；F601010 智慧財產權業；I103060 管理顧問業；I199990 其他顧問服務業；I301010 資訊軟體服務業；I301020 資料處理服務業；I301060 網路廣告平臺業；I401010 一般廣告服務業；I401020 廣告傳單分送業；I501010 產品設計業,臺北市,變更,11506
62158693,鉅格工程有限公司,臺北市文山區羅斯福路5段148號,王煊,2000000,,115/06/25,增資,E502010 燃料導管安裝工程業；E599010 配管工程業；E601020 電器安裝業；E603010 電纜安裝工程業；E603020 電梯安裝工程業；E603040 消防安全設備安裝工程業；E603050 自動控制設備工程業；E603080 交通號誌安裝工程業；E603090 照明設備安裝工程業；E603100 電焊工程業,臺北市,變更,11506
62158722,啟諾智能股份有限公司,臺北市中山區松江路76號7樓之2,練建麟,300000,,115/06/24,特殊補正,I301010 資訊軟體服務業；I301020 資料處理服務業；I301030 電子資訊供應服務業；I301040 第三方支付服務業；I401010 一般廣告服務業；I501010 產品設計業；F401010 國際貿易業；F601010 智慧財產權業；F118010 資訊軟體批發業；F218010 資訊軟體零售業,臺北市,變更,11506
62158862,亨森有限公司,臺北市北投區中央南路2段32之1號,阮大禮,800000,,115/06/25,公司所營事業變更修正章程,I199990 其他顧問服務業；I103060 管理顧問業；JF01010 傳統整復推拿業；JF01020 按摩業；F206020 日常用品零售業；F203010 食品什貨、飲料零售業；F209060 文教、樂器、育樂用品零售業；F109070 文教、樂器、育樂用品批發業；F204110 布疋、衣著、鞋、帽、傘、服飾品零售業；F104110 布疋、衣著、鞋、帽、傘、服飾品批發業,臺北市,變更,11506
62159335,易航船務代理股份有限公司,臺北市南港區忠孝東路6段467號6樓,楊英俊,10000000,,115/06/15,經理人變更,G401011 船務代理業,臺北市,變更,11506
62159996,弘淵科技有限公司,臺北市大安區安和路2段80號15樓,李皓宣,7000000,,115/06/16,公司名稱變更修正章程,H201010 一般投資業；H202010 創業投資業；IH01010 產業控股公司業；I102010 一般投資顧問業；I103060 管理顧問業；I199990 其他顧問服務業；ZZ99999 除許可業務外，得經營法令非禁止或限制之業務,臺北市,變更,11506
62187923,鼎豐參號投資股份有限公司,臺北市中正區忠孝東路1段76號10樓之1,方翰瑋,310060000,,115/06/29,增資(資本總額),H201010 一般投資業；H701010 住宅及大樓開發租售業；H703090 不動產買賣業；H703100 不動產租賃業；HZ99990 其他金融、保險及不動產業；ZZ99999 除許可業務外，得經營法令非禁止或限制之業務,臺北市,變更,11506
62188227,愛奕啟股份有限公司,臺北市中山區明水路397巷19弄26號地下1層,楊鎮豪,3000000,,115/06/24,特殊補正,J304010 圖書出版業；J305010 有聲出版業；J503050 錄影節目帶業；J399010 軟體出版業；F209060 文教、樂器、育樂用品零售業；F218010 資訊軟體零售業；J601010 藝文服務業；F601010 智慧財產權業；ZZ99999 除許可業務外，得經營法令非禁止或限制之業務,臺北市,變更,11506
62195634,光大國際事業有限公司,臺北市士林區延平北路5段244巷11號3樓,莊明華,400000,,115/06/30,特殊補正,F401010 國際貿易業；CH01010 體育用品製造業；E599010 配管工程業；E601010 電器承裝業；E601020 電器安裝業；E603040 消防安全設備安裝工程業；E605010 電腦設備安裝業；E801070 廚具、衛浴設備安裝工程業；E801010 室內裝潢業；EZ11010 球場跑道樹脂材料鋪設工程業,臺北市,變更,11506
62195705,芃盈品購有限公司,臺北市中山區農安街166巷9號1樓,林姿吟,2000000,,115/06/29,特殊補正,F203010 食品什貨、飲料零售業；F102170 食品什貨批發業；F102040 飲料批發業；F204110 布疋、衣著、鞋、帽、傘、服飾品零售業；F104110 布疋、衣著、鞋、帽、傘、服飾品批發業；F206020 日常用品零售業；F106020 日常用品批發業；F207030 清潔用品零售業；F208040 化粧品零售業；F209060 文教、樂器、育樂用品零售業,臺北市,變更,11506
62195803,雙子星投資有限公司,臺北市大安區信義路2段230號6樓,洪念萱,3000000,,115/06/26,特殊補正,H201010 一般投資業,臺北市,變更,11506
62196676,金壽豐泰有限公司,臺北市信義區基隆路1段186號3樓之6,張貽婷,500000,,115/06/04,公司所在地,F113050 電腦及事務性機器設備批發業；F119010 電子材料批發業；F213030 電腦及事務性機器設備零售業；F219010 電子材料零售業；I301010 資訊軟體服務業；I301020 資料處理服務業；ZZ99999 除許可業務外，得經營法令非禁止或限制之業務,臺北市,變更,11506
62196731,睿智文教事業有限公司,臺北市內湖區康寧路3段72號4樓之1,唐睿哲FRANCE RICHARD THOMAS,1000000,,115/06/24,公司所營事業變更修正章程,F109070 文教、樂器、育樂用品批發業；F118010 資訊軟體批發業；F209060 文教、樂器、育樂用品零售業；F218010 資訊軟體零售業；F401010 國際貿易業；I103060 管理顧問業；I301010 資訊軟體服務業；I401010 一般廣告服務業；IZ04010 翻譯業；J303010 雜誌（期刊）出版業,臺北市,變更,11506
62196768,全能原動力有限公司,臺北市南港區玉成街42巷11號,林婉婷,3000000,,115/06/04,股東出資轉讓修正章程,C306010 成衣業；C307010 服飾品製造業；CL01010 製傘業；CK01010 製鞋業；CJ01010 製帽業；CM01010 箱、包、袋製造業；CH01040 玩具製造業；F104110 布疋、衣著、鞋、帽、傘、服飾品批發業；F204110 布疋、衣著、鞋、帽、傘、服飾品零售業；F109070 文教、樂器、育樂用品批發業,臺北市,變更,11506
62200968,旭堯有限公司,臺北市中正區中華路1段59號9樓,陳旭恩,1000000,,115/06/05,申登機關變更（遷入，含卷）,F102020 食用油脂批發業；F102030 菸酒批發業；F102040 飲料批發業；F102170 食品什貨批發業；F121010 食品添加物批發業；F203010 食品什貨、飲料零售業；F221010 食品添加物零售業；F401010 國際貿易業；F206020 日常用品零售業；F201010 農產品零售業,臺北市,變更,11506
62202608,乘以二有限公司,臺北市中山區復興北路48號10樓,陳律安,120000,,115/06/10,改推董事/董事長,E605010 電腦設備安裝業；E801010 室內裝潢業；F206020 日常用品零售業；F299990 其他零售業；F399040 無店面零售業；F399990 其他綜合零售業；F401010 國際貿易業；I103060 管理顧問業；I199990 其他顧問服務業；I301010 資訊軟體服務業,臺北市,變更,11506
62203206,春秋御所股份有限公司,臺北市中山區南京東路1段86號3樓,指舞春秋國際生活事業有限公司,30000000,,115/06/25,增資(資本總額),E801010 室內裝潢業；F102170 食品什貨批發業；F108040 化粧品批發業；F115010 首飾及貴金屬批發業；F203010 食品什貨、飲料零售業；F208040 化粧品零售業；F301010 百貨公司業；F399040 無店面零售業；F401010 國際貿易業；I102010 一般投資顧問業,臺北市,變更,11506
62203347,永瑞資產股份有限公司,臺北市中山區松江路185號7樓之2,顏晴秋,67800000,,115/06/18,特殊補正,H703090 不動產買賣業；H703100 不動產租賃業；H201010 一般投資業；I102010 一般投資顧問業；I103060 管理顧問業；I199990 其他顧問服務業；ZZ99999 除許可業務外，得經營法令非禁止或限制之業務,臺北市,變更,11506
62204155,吉克查克股份有限公司,臺北市中山區南京東路1段15號3樓,松野亘,500000,,115/06/12,特殊補正,I401010 一般廣告服務業；I103060 管理顧問業；I301010 資訊軟體服務業；I301020 資料處理服務業；I301030 電子資訊供應服務業；JB01010 會議及展覽服務業；ZZ99999 除許可業務外，得經營法令非禁止或限制之業務,臺北市,變更,11506
62204330,毅源開發股份有限公司,臺北市松山區寶清街21號4樓之1,吳品毅,200000,,115/06/01,特殊補正,G202010 停車場經營業；H703100 不動產租賃業；I103060 管理顧問業；IZ12010 人力派遣業；JE01010 租賃業；ZZ99999 除許可業務外，得經營法令非禁止或限制之業務,臺北市,變更,11506
62204660,小朋友電腦店有限公司,臺北市大安區忠孝東路4段155號6樓,謝闓隆,100000,,115/06/02,股東出資轉讓修正章程,F109070 文教、樂器、育樂用品批發業；F113010 機械批發業；F113020 電器批發業；F113030 精密儀器批發業；F113050 電腦及事務性機器設備批發業；F118010 資訊軟體批發業；F119010 電子材料批發業；F207190 塑膠膜、袋零售業；F209060 文教、樂器、育樂用品零售業；F213010 電器零售業,臺北市,變更,11506
62204964,可樂數位科技股份有限公司,臺北市中山區南京東路2段76號4樓,韓益群,6000000,,115/06/08,發行新股,I301010 資訊軟體服務業；I301020 資料處理服務業；I301030 電子資訊供應服務業；F118010 資訊軟體批發業；F218010 資訊軟體零售業；I401010 一般廣告服務業；F106020 日常用品批發業；F108040 化粧品批發業；F199990 其他批發業；F107030 清潔用品批發業,臺北市,變更,11506
62205041,米花國際股份有限公司,臺北市萬華區貴陽街2段51號7樓之5,蘇鼎鈞,500000,,115/06/11,特殊補正,I301010 資訊軟體服務業；I301030 電子資訊供應服務業；I301020 資料處理服務業；I301060 網路廣告平臺業；I501010 產品設計業；I401010 一般廣告服務業；I599990 其他設計業；IZ13010 網路認證服務業；IZ15010 市場研究及民意調查業；IZ99990 其他工商服務業,臺北市,變更,11506
62205181,心酒藏有限公司,臺北市士林區德行西路40號1樓,林淑雯,750000,,115/06/15,公司所營事業變更修正章程,F102170 食品什貨批發業；F203010 食品什貨、飲料零售業；F102030 菸酒批發業；F203020 菸酒零售業；F401010 國際貿易業；F401171 酒類輸入業；ZZ99999 除許可業務外，得經營法令非禁止或限制之業務,臺北市,變更,11506
62205204,瀚昱開發股份有限公司,臺北市中山區松江路50號9樓,錢漢洲,200000,,115/06/02,變更組織,G202010 停車場經營業；H703100 不動產租賃業；I103060 管理顧問業；IZ12010 人力派遣業；JE01010 租賃業；ZZ99999 除許可業務外，得經營法令非禁止或限制之業務,臺北市,變更,11506
62211162,志宜資產管理顧問股份有限公司,臺北市信義區忠孝東路5段476號5樓,陳士懿,5000000,,115/06/05,公司所營事業變更修正章程,I102010 一般投資顧問業；I103060 管理顧問業；I199990 其他顧問服務業；JZ99050 仲介服務業；F111090 建材批發業；F211010 建材零售業；E801010 室內裝潢業；I401010 一般廣告服務業；F401010 國際貿易業；I503010 景觀設計業,臺北市,變更,11506
62211584,知養雲股份有限公司,臺北市大安區信義路4段210號11樓,劉致顯,100000,,115/06/16,修正章程,F203010 食品什貨、飲料零售業；F208050 乙類成藥零售業；F208040 化粧品零售業；F399040 無店面零售業；F102170 食品什貨批發業；F213080 機械器具零售業；JE01010 租賃業；I501010 產品設計業；I301020 資料處理服務業；ZZ99999 除許可業務外，得經營法令非禁止或限制之業務,臺北市,變更,11506
62214196,瑋泉資本國際股份有限公司,臺北市信義區東興路37號6樓,郭祐彰,9400000,,115/06/22,補繳規費,H201010 一般投資業；CC01080 電子零組件製造業；CC01110 電腦及其週邊設備製造業；CC01120 資料儲存媒體製造及複製業；CE01010 一般儀器製造業；CE01030 光學儀器製造業；ZZ99999 除許可業務外，得經營法令非禁止或限制之業務,臺北市,變更,11506
62214288,洺睿科技股份有限公司,臺北市士林區德行西路50號4樓之1,王燕暉,13400000,,115/06/02,特殊補正,I501010 產品設計業；I301030 電子資訊供應服務業；I301010 資訊軟體服務業；ZZ99999 除許可業務外，得經營法令非禁止或限制之業務,臺北市,變更,11506
62214652,知之創意行銷有限公司,臺北市大安區和平東路2段98號,戴志達,1000000,,115/06/05,改推董事/董事長,I401010 一般廣告服務業；I501010 產品設計業；I599990 其他設計業；IG02010 研究發展服務業；IZ12010 人力派遣業；IZ15010 市場研究及民意調查業；I103060 管理顧問業；I199990 其他顧問服務業；I301010 資訊軟體服務業；I301020 資料處理服務業,臺北市,變更,11506
62215049,皇璽娛樂傳媒有限公司,臺北市大安區基隆路2段232號4樓,黃子瑄,1000000,,115/06/26,特殊補正,I401010 一般廣告服務業；JZ99050 仲介服務業；I301010 資訊軟體服務業；F401010 國際貿易業；IZ99990 其他工商服務業；I199990 其他顧問服務業；F399040 無店面零售業；ZZ99999 除許可業務外，得經營法令非禁止或限制之業務,臺北市,變更,11506
62215060,波格思股份有限公司,臺北市中正區懷寧街12號2樓,許巧妮,1000000,,115/06/01,董事/監察人持股變動報備,F399040 無店面零售業；F401010 國際貿易業；I301010 資訊軟體服務業；I301030 電子資訊供應服務業；I501010 產品設計業；J399010 軟體出版業；ZZ99999 除許可業務外，得經營法令非禁止或限制之業務,臺北市,變更,11506
62215174,威力全球健康股份有限公司,臺北市中正區重慶南路1段10號4樓之6、7,王文欽,50000000,,115/06/18,補繳規費,I103060 管理顧問業；I199990 其他顧問服務業；IG01010 生物技術服務業；F108040 化粧品批發業；F208040 化粧品零售業；F102170 食品什貨批發業；F203010 食品什貨、飲料零售業；F399040 無店面零售業；F401010 國際貿易業；C802100 化粧品製造業,臺北市,變更,11506
62215955,華翎國際物流有限公司,臺北市中山區南京東路2段66號10樓之1,潘昀謙,7500000,,115/06/23,特殊補正,G601011 航空貨運承攬業；G402011 海運承攬運送業；G701011 報關業；F401010 國際貿易業；G799990 其他運輸輔助業；G801010 倉儲業；IZ06010 理貨包裝業；ZZ99999 除許可業務外，得經營法令非禁止或限制之業務,臺北市,變更,11506
62216096,得與控股有限公司,臺北市內湖區陽光街345巷14號4樓,李建德,19800000,,115/06/29,增資,H201010 一般投資業；F401010 國際貿易業；ZZ99999 除許可業務外，得經營法令非禁止或限制之業務,臺北市,變更,11506
62216119,天昭數位科技有限公司,臺北市信義區吳興街156巷22弄4號1樓,陳淑芬,5000000,,115/06/02,增資,I103060 管理顧問業；I301010 資訊軟體服務業；I401010 一般廣告服務業；IZ13010 網路認證服務業；ZZ99999 除許可業務外，得經營法令非禁止或限制之業務；I301030 電子資訊供應服務業；I199990 其他顧問服務業；J602010 演藝活動業；H703100 不動產租賃業；H701010 住宅及大樓開發租售業,臺北市,變更,11506
62219002,星應有限公司,臺北市大安區信義路3段155號9樓,曾浩維,1000000,,115/06/04,特殊補正,I301020 資料處理服務業；I301030 電子資訊供應服務業；I199990 其他顧問服務業；I103060 管理顧問業；I102010 一般投資顧問業；ZZ99999 除許可業務外，得經營法令非禁止或限制之業務,臺北市,變更,11506
62222421,歐時瑞有限公司,臺北市大同區重慶北路二段72號3樓,陳玉卿,1000000,,115/06/17,股東出資轉讓修正章程,F106010 五金批發業；F106030 模具批發業；F113010 機械批發業；F113030 精密儀器批發業；F113990 其他機械器具批發業；F119010 電子材料批發業；F401010 國際貿易業；IF04010 非破壞檢測業；I301030 電子資訊供應服務業；I501010 產品設計業,臺北市,變更,11506
62222506,鑫億科技資訊有限公司,臺北市大同區承德路1段70號11樓,吳宇凡,5000000,,115/06/08,特殊補正,E605010 電腦設備安裝業；F102170 食品什貨批發業；F104110 布疋、衣著、鞋、帽、傘、服飾品批發業；F105050 家具、寢具、廚房器具、裝設品批發業；F106010 五金批發業；F106020 日常用品批發業；F113020 電器批發業；F113050 電腦及事務性機器設備批發業；F118010 資訊軟體批發業；F119010 電子材料批發業,臺北市,變更,11506
62225243,日商羅森伯格高頻技術有限公司,臺北市中山區南京東路一段15號3樓,加藤秀二,0,,115/06/22,本公司所在地變更,,臺北市,變更,11506
62229114,珍豪食品股份有限公司,臺北市中山區南京東路2段150號5樓,吳世豪,1010000,,115/06/02,董事(常務董事.董事長)/監察人解任,C104010 糖果製造業；C104020 烘焙炊蒸食品製造業；C110010 飲料製造業；C199010 麵條、粉條類食品製造業；C199020 食用冰製造業；C199030 即食餐食製造業；C199040 豆類加工食品製造業；C199990 未分類其他食品製造業；F102020 食用油脂批發業；F102030 菸酒批發業,臺北市,變更,11506
62229536,蘊亮有限公司,臺北市松山區南京東路4段103號6樓之1,卓榮添,3000000,,115/06/17,特殊補正,F108031 醫療器材批發業；F208031 醫療器材零售業；F108040 化粧品批發業；F208040 化粧品零售業；H703100 不動產租賃業；JE01010 租賃業；F208050 乙類成藥零售業；F102170 食品什貨批發業；F203010 食品什貨、飲料零售業；F399040 無店面零售業,臺北市,變更,11506
62230082,森泳航太工業股份有限公司,臺北市中山區民權西路70號10樓之1,葉泳蘭,10000000,,115/06/01,特殊補正,I101100 航空顧問業；I501010 產品設計業；H201010 一般投資業；F113010 機械批發業；F113050 電腦及事務性機器設備批發業；F113030 精密儀器批發業；F114070 航空器及其零件批發業；F118010 資訊軟體批發業；F401010 國際貿易業；F601010 智慧財產權業,臺北市,變更,11506
62230457,阿利亞有限公司,臺北市信義區吳興街106巷14號,陳柏翰,1200000,,115/06/26,增資,F114070 航空器及其零件批發業；F214070 航空器及其零件零售業；F119010 電子材料批發業；F401010 國際貿易業；E605010 電腦設備安裝業；CD01060 航空器及其零件製造業；I101100 航空顧問業；I103060 管理顧問業；I199990 其他顧問服務業；I301010 資訊軟體服務業,臺北市,變更,11506
62237070,台灣思夠易技術有限公司,臺北市中山區南京東路2段160號6樓,YANG SUNGWOOK,500000,,115/06/16,減資,E701040 簡易電信設備安裝業；F113050 電腦及事務性機器設備批發業；F113070 電信器材批發業；F213030 電腦及事務性機器設備零售業；F213060 電信器材零售業；JE01010 租賃業；F401010 國際貿易業；I199990 其他顧問服務業；I301010 資訊軟體服務業；I301020 資料處理服務業,臺北市,變更,11506
62237091,寬泰豐國際股份有限公司,臺北市大安區復興南路1段167號2樓,王士銘,15000000,,115/06/05,公司外文名稱登記修正章程,F104110 布疋、衣著、鞋、帽、傘、服飾品批發業；F105050 家具、寢具、廚房器具、裝設品批發業；F106020 日常用品批發業；F106050 陶瓷玻璃器皿批發業；F109070 文教、樂器、育樂用品批發業；F110010 鐘錶批發業；F110020 眼鏡批發業；F113020 電器批發業；F113070 電信器材批發業；F115010 首飾及貴金屬批發業,臺北市,變更,11506
62237228,東京笛薇蘿台灣股份有限公司,臺北市中山區南京東路2段150號5樓,武田裕,2000000,,115/06/26,特殊補正,F102170 食品什貨批發業；F203010 食品什貨、飲料零售業；F108040 化粧品批發業；F208040 化粧品零售業；F401010 國際貿易業；F399040 無店面零售業；I401010 一般廣告服務業；I301010 資訊軟體服務業；I301020 資料處理服務業；I301030 電子資訊供應服務業,臺北市,變更,11506
62237613,鑽鑄台灣科技有限公司,臺北市信義區福德街300巷10號1樓,Michael David Calonico,600000,,115/06/12,公司所在地,CC01080 電子零組件製造業；C901990 其他非金屬礦物製品製造業；F119010 電子材料批發業；F219010 電子材料零售業；I199990 其他顧問服務業；F401010 國際貿易業；ZZ99999 除許可業務外，得經營法令非禁止或限制之業務,臺北市,變更,11506
62237682,卓駒股份有限公司,臺北市中正區忠孝東路2段116號3樓,杜碩捷,3200000,,115/06/24,特殊補正,H701010 住宅及大樓開發租售業；H703100 不動產租賃業；I103060 管理顧問業；I199990 其他顧問服務業；JE01010 租賃業；ZZ99999 除許可業務外，得經營法令非禁止或限制之業務,臺北市,變更,11506
62238161,映川有限公司,臺北市大安區忠孝東路4段155號6樓,簡婉玲,1000000,,115/06/26,減少所營事業變更修正章程,H201010 一般投資業,臺北市,變更,11506
62238367,國綜實業有限公司,臺北市中山區長春路172號10樓之7,蘇光漢,3000000,,115/06/09,公司外文名稱登記修正章程,C501010 製材業；C501040 組合木材製造業；C501990 其他木製品製造業；F105050 家具、寢具、廚房器具、裝設品批發業；F106010 五金批發業；F109070 文教、樂器、育樂用品批發業；F111090 建材批發業；F205040 家具、寢具、廚房器具、裝設品零售業；F206010 五金零售業；F209060 文教、樂器、育樂用品零售業,臺北市,變更,11506
62238465,冶曉有限公司,臺北市松山區南京東路4段19號5樓之2,林承緯,1000000,,115/06/26,公司外文名稱登記修正章程,I301010 資訊軟體服務業；I301020 資料處理服務業；I301030 電子資訊供應服務業；J399010 軟體出版業；F118010 資訊軟體批發業；F218010 資訊軟體零售業；F399040 無店面零售業；F401010 國際貿易業；ZZ99999 除許可業務外，得經營法令非禁止或限制之業務,臺北市,變更,11506
62238562,謙辰股份有限公司,臺北市士林區基河路300巷21號2樓,羅泰松,355000000,,115/06/15,增資(資本總額),H201010 一般投資業；I102010 一般投資顧問業；I103060 管理顧問業；I199990 其他顧問服務業；ZZ99999 除許可業務外，得經營法令非禁止或限制之業務,臺北市,變更,11506
62238628,臺灣旭曜唱片有限公司,臺北市松山區敦化北路220號4樓,高欣怡,1000000,,115/06/10,增資,F113050 電腦及事務性機器設備批發業；F113070 電信器材批發業；F118010 資訊軟體批發業；F218010 資訊軟體零售業；F399040 無店面零售業；F401010 國際貿易業；F601010 智慧財產權業；I301030 電子資訊供應服務業；I401010 一般廣告服務業；I401020 廣告傳單分送業,臺北市,變更,11506
62241905,英屬開曼群島商冠智電子股份有限公司,臺北市內湖區陽光街300號8樓,井上忠司,15000000,,115/06/25,在中華民國所營事業增加登記,F119010 電子材料批發業；F401010 國際貿易業；I103060 管理顧問業；I199990 其他顧問服務業；JZ99050 仲介服務業；CC01080 電子零組件製造業；CC01110 電腦及其週邊設備製造業；ZZ99999 除許可業務外，得經營法令非禁止或限制之業務,臺北市,變更,11506
62242622,新加坡商一果科技有限公司,臺北市信義區基隆路一段206號16樓,余佳儒,1000000,,115/06/15,本公司中文名稱變更,E605010 電腦設備安裝業；E701040 簡易電信設備安裝業；F113070 電信器材批發業；F119010 電子材料批發業；F219010 電子材料零售業；F213060 電信器材零售業；F401010 國際貿易業；I301010 資訊軟體服務業；I301020 資料處理服務業；ZZ99999 除許可業務外，得經營法令非禁止或限制之業務,臺北市,變更,11506
62247302,紘全機電工程股份有限公司,臺北市信義區基隆路1段141號9樓之10,陳元昱,78000000,,115/06/23,特殊補正,E599010 配管工程業；E601010 電器承裝業；E601020 電器安裝業；F113020 電器批發業；F213010 電器零售業；ZZ99999 除許可業務外，得經營法令非禁止或限制之業務,臺北市,變更,11506
62247366,立暉實業有限公司,臺北市大安區仁愛路3段26號5樓,戴維億,1000000,,115/06/16,董事/股東更名,F111090 建材批發業；F211010 建材零售業；E801010 室內裝潢業；E801020 門窗安裝工程業；EZ99990 其他工程業；ZZ99999 除許可業務外，得經營法令非禁止或限制之業務,臺北市,變更,11506
62248007,九力創意科技股份有限公司,臺北市大安區信義路4段30巷16號,林愷恬,100000,,115/06/09,特殊補正,J399010 軟體出版業；F118010 資訊軟體批發業；F218010 資訊軟體零售業；I301010 資訊軟體服務業；F399040 無店面零售業；F401010 國際貿易業；I401010 一般廣告服務業；J304010 圖書出版業；J305010 有聲出版業；J399990 其他出版業,臺北市,變更,11506
62248288,笑果行銷有限公司,臺北市大安區忠孝東路4段169號6樓之1,黃一民,600000,,115/06/26,增資,IZ01010 影印業；IZ02010 打字業；IZ10010 排版業；I103060 管理顧問業；I301010 資訊軟體服務業；I301020 資料處理服務業；I301030 電子資訊供應服務業；I401010 一般廣告服務業；I501010 產品設計業；IZ12010 人力派遣業,臺北市,變更,11506
62253556,紅優有限公司,臺北市內湖區成功路3段174巷46號,邱盈儒,100000,,115/06/15,補繳規費,F102170 食品什貨批發業；F102040 飲料批發業；F203010 食品什貨、飲料零售業；F501060 餐館業；F501030 飲料店業；I101090 食品顧問業；F399990 其他綜合零售業；F201010 農產品零售業；C104020 烘焙炊蒸食品製造業；ZZ99999 除許可業務外，得經營法令非禁止或限制之業務,臺北市,變更,11506
62253599,米禾股份有限公司,臺北市中山區民生東路1段51號4樓之1,李孟澐,5000000,,115/06/03,特殊補正,F102170 食品什貨批發業；F108040 化粧品批發業；F121010 食品添加物批發業；F102040 飲料批發業；F199990 其他批發業；F208040 化粧品零售業；F299990 其他零售業；F399040 無店面零售業；F401010 國際貿易業；I401010 一般廣告服務業,臺北市,變更,11506
62253774,百利多元宇宙控股有限公司,臺北市大安區復興南路1段390號8樓之1,周台順,1000000,,115/06/03,公司所營事業變更修正章程,F102030 菸酒批發業；F102040 飲料批發業；F102170 食品什貨批發業；F104110 布疋、衣著、鞋、帽、傘、服飾品批發業；F105050 家具、寢具、廚房器具、裝設品批發業；F106020 日常用品批發業；F109070 文教、樂器、育樂用品批發業；F203010 食品什貨、飲料零售業；F203020 菸酒零售業；F204110 布疋、衣著、鞋、帽、傘、服飾品零售業,臺北市,變更,11506
62254078,鼎禾股份有限公司,臺北市中正區杭州南路1段27號9樓,吳旭翔,5000000,,115/06/01,特殊補正,H701010 住宅及大樓開發租售業；F111090 建材批發業；F401010 國際貿易業；I503010 景觀設計業；I401010 一般廣告服務業；H701060 新市鎮、新社區開發業；E801010 室內裝潢業；E601020 電器安裝業；E603090 照明設備安裝工程業；E801020 門窗安裝工程業,臺北市,變更,11506
62255196,文鈞盛股份有限公司,臺北市內湖區瑞光路106號4樓之1,黃栢蓮,29900000,,115/06/26,增資(資本總額),F113030 精密儀器批發業；F213040 精密儀器零售業；F113070 電信器材批發業；F213060 電信器材零售業；F119010 電子材料批發業；F219010 電子材料零售業；F106010 五金批發業；F206010 五金零售業；F106020 日常用品批發業；F206020 日常用品零售業,臺北市,變更,11506
62255317,輕舞飛揚股份有限公司,臺北市大安區信義路2段230號6樓,洪念萱,3529500,,115/06/26,發行新股,J601010 藝文服務業；J602010 演藝活動業；J802010 運動訓練業；J803010 運動表演業；J803020 運動比賽業；J801030 競技及休閒運動場館業；J799990 其他休閒服務業；F109070 文教、樂器、育樂用品批發業；F209060 文教、樂器、育樂用品零售業；F104110 布疋、衣著、鞋、帽、傘、服飾品批發業,臺北市,變更,11506
64919316,亞吉科國際有限公司,臺北市大安區敦化南路1段205號6樓,村井大介,2000000,,115/06/04,特殊補正,F113010 機械批發業；F113990 其他機械器具批發業；F119010 電子材料批發業；I103060 管理顧問業；I199990 其他顧問服務業；IZ09010 管理系統驗證業；JZ99050 仲介服務業；F401010 國際貿易業；ZZ99999 除許可業務外，得經營法令非禁止或限制之業務；IZ12010 人力派遣業,臺北市,變更,11506
65282782,亞格創新科技股份有限公司,臺北市中山區八德路2段203號4樓,洪碧娥,60000000,,115/06/26,修正章程,F399040 無店面零售業；I103060 管理顧問業；I301030 電子資訊供應服務業；ZZ99999 除許可業務外，得經營法令非禁止或限制之業務；CC01040 照明設備製造業；CC01080 電子零組件製造業；CC01110 電腦及其週邊設備製造業；F119010 電子材料批發業；F219010 電子材料零售業；F401010 國際貿易業,臺北市,變更,11506
66254757,華群國際有限公司,臺北市中山區堤頂大道2段500號9樓之10,陳蒔儀,5000000,,115/06/26,特殊補正,F102030 菸酒批發業；F102040 飲料批發業；F102050 茶葉批發業；F106020 日常用品批發業；F108040 化粧品批發業；F113020 電器批發業；F113030 精密儀器批發業；F113050 電腦及事務性機器設備批發業；F118010 資訊軟體批發業；F119010 電子材料批發業,臺北市,變更,11506
66274634,泰坦電子企業有限公司,臺北市松山區復興南路1段45號5樓,胡家偉,1000000,,115/06/22,特殊補正,F104110 布疋、衣著、鞋、帽、傘、服飾品批發業；F106010 五金批發業；F106020 日常用品批發業；F107190 塑膠膜、袋批發業；F107200 化學原料批發業；F113030 精密儀器批發業；F115010 首飾及貴金屬批發業；F117010 消防安全設備批發業；F118010 資訊軟體批發業；F119010 電子材料批發業,臺北市,變更,11506
66394146,潤弘精密工程事業股份有限公司,臺北市中山區八德路二段308號10樓,李志宏,3107160000,,115/06/25,改選董事/監察人(一人法人股東指派董事/監察人),C802990 其他化學製品製造業；C901030 水泥製造業；C901040 預拌混凝土製造業；C901050 水泥及混凝土製品製造業；E101011 綜合營造業；E501011 自來水管承裝商；E502010 燃料導管安裝工程業；E599010 配管工程業；E601010 電器承裝業；E601020 電器安裝業,臺北市,變更,11506
66459999,麗寶新藥生物科技股份有限公司,臺北市大同區南京西路36號9樓之1,杜德成,752350000,,115/06/26,改選董事/監察人(一人法人股東指派董事/監察人),C801030 精密化學材料製造業；CE01010 一般儀器製造業；F102170 食品什貨批發業；F107200 化學原料批發業；F203010 食品什貨、飲料零售業；F207200 化學原料零售業；F208050 乙類成藥零售業；F401010 國際貿易業；F601010 智慧財產權業；I103060 管理顧問業,臺北市,變更,11506
66545340,宏匯瑞光股份有限公司,臺北市內湖區瑞光路335號14樓,許崑泰,1100000000,,115/06/29,一般補正案,F209060 文教、樂器、育樂用品零售業；F301010 百貨公司業；F301020 超級市場業；F401010 國際貿易業；F501060 餐館業；G202010 停車場經營業；H701010 住宅及大樓開發租售業；H701040 特定專業區開發業；H701050 投資興建公共建設業；H701060 新市鎮、新社區開發業,臺北市,變更,11506
66616512,育世博生物科技股份有限公司,臺北市南港區忠孝東路7段508號12樓,蕭世嘉,4600000000,,115/06/16,增資(資本總額),IG01010 生物技術服務業；F601010 智慧財產權業；F107200 化學原料批發業；F207200 化學原料零售業；C802060 動物用藥製造業；F208050 乙類成藥零售業；IZ99990 其他工商服務業；ZZ99999 除許可業務外，得經營法令非禁止或限制之業務；C802041 西藥製造業,臺北市,變更,11506
66622578,沛客思整合行銷股份有限公司,臺北市中山區松江路129號11樓,蔣宗勳,6000000,,115/06/26,補繳規費,I401010 一般廣告服務業；J602010 演藝活動業；J601010 藝文服務業；JB01010 會議及展覽服務業；J802010 運動訓練業；J803010 運動表演業；J803020 運動比賽業；JZ99090 喜慶綜合服務業；I103060 管理顧問業；F209060 文教、樂器、育樂用品零售業,臺北市,變更,11506
66634976,星聯宏和股份有限公司,臺北市信義區松智路1號11樓,葉宏圖,15000000,,115/06/30,特殊補正,CA02990 其他金屬製品製造業；CB01030 污染防治設備製造業；CC01990 其他電機及電子機械器材製造業；CZ99990 未分類其他工業製品製造業；F106010 五金批發業；F106030 模具批發業；F113010 機械批發業；F113020 電器批發業；F113030 精密儀器批發業；F113050 電腦及事務性機器設備批發業,臺北市,變更,11506
66642151,金吉勝股份有限公司,臺北市大同區長安西路230號1樓,白志祥,120600000,,115/06/24,公司所營事業變更修正章程,F104110 布疋、衣著、鞋、帽、傘、服飾品批發業；F107200 化學原料批發業；F107990 其他化學製品批發業；F204110 布疋、衣著、鞋、帽、傘、服飾品零售業；F207200 化學原料零售業；F207990 其他化學製品零售業；F401010 國際貿易業；ZZ99999 除許可業務外，得經營法令非禁止或限制之業務；I301010 資訊軟體服務業；I301020 資料處理服務業,臺北市,變更,11506
66851380,廣皇道實業有限公司,臺北市信義區松山路540巷3弄16號1樓,陳偉傑,2000000,,115/06/03,股東出資轉讓修正章程,F102030 菸酒批發業；F102040 飲料批發業；F102050 茶葉批發業；F102170 食品什貨批發業；F106010 五金批發業；F106050 陶瓷玻璃器皿批發業；F107010 漆料、塗料批發業；F107030 清潔用品批發業；F109070 文教、樂器、育樂用品批發業；F111090 建材批發業,臺北市,變更,11506
68292601,拾間室內裝修設計有限公司,臺北市中山區遼寧街45巷29號1樓,林勁宇,30000000,,115/06/02,補繳規費,E801010 室內裝潢業；E801020 門窗安裝工程業；E801030 室內輕鋼架工程業；E801040 玻璃安裝工程業；E801070 廚具、衛浴設備安裝工程業；E901010 油漆工程業；I503010 景觀、室內設計業；I599990 其他設計業；IZ12010 人力派遣業；J101010 建築物清潔服務業,臺北市,變更,11506
68566881,普匯金融科技股份有限公司,臺北市中山區松江路111號11樓之1,張協建,19302600,,115/06/26,補繳規費,F118010 資訊軟體批發業；F119010 電子材料批發業；F218010 資訊軟體零售業；F219010 電子材料零售業；F401010 國際貿易業；F601010 智慧財產權業；I102010 投資顧問業；I103060 管理顧問業；I199990 其他顧問服務業；I301010 資訊軟體服務業,臺北市,變更,11506
68619058,瑞安企業有限公司,臺北市南港區八德路4段869號地下1樓之28,趙振宏,18050000,,115/06/02,特殊補正,I301020 資料處理服務業；I301030 電子資訊供應服務業；ZZ99999 除許可業務外，得經營法令非禁止或限制之業務；H701090 都市更新整建維護業；H703090 不動產買賣業；H703100 不動產租賃業,臺北市,變更,11506
68842606,新祥記工程股份有限公司,臺北市大安區安和路1段90巷1號,潘東發,220000000,,115/06/11,補繳規費,B202010 非金屬礦業；B601010 土石採取業；C901040 預拌混凝土製造業；C901050 水泥及混凝土製品製造業；C901990 其他非金屬礦物製品製造業；CD01020 軌道車輛及其零件製造業；CD01990 其他運輸工具及其零件製造業；E101011 綜合營造業；E401010 疏濬業；E502010 燃料導管安裝工程業,臺北市,變更,11506
69268946,思偉達創新科技股份有限公司,臺北市中正區博愛路80號13樓,鄧萬偉,100598180,,115/06/15,特殊補正,F113010 機械批發業；F113020 電器批發業；F113030 精密儀器批發業；F113050 電腦及事務性機器設備批發業；F113110 電池批發業；F118010 資訊軟體批發業；F119010 電子材料批發業；F213030 電腦及事務性機器設備零售業；F213040 精密儀器零售業；F213060 電信器材零售業,臺北市,變更,11506
69283209,迎展環業有限公司,臺北市中山區中山北路2段112號14樓,胡琬琳,1500000,,115/06/26,補繳規費,F102040 飲料批發業；F102170 食品什貨批發業；F104110 布疋、衣著、鞋、帽、傘、服飾品批發業；F105050 家具、寢具、廚房器具、裝設品批發業；F106010 五金批發業；F106020 日常用品批發業；F108040 化粧品批發業；F109070 文教、樂器、育樂用品批發業；F113010 機械批發業；F113020 電器批發業,臺北市,變更,11506
69291094,喬楚國際有限公司,臺北市中山區錦州街46號12樓之2,張同科,650000,,115/06/26,申登機關變更（遷入，含卷）,F102050 茶葉批發業；F105050 家具、寢具、廚房器具、裝設品批發業；F108040 化粧品批發業；F111090 建材批發業；F115020 礦石批發業；F205040 家具、寢具、廚房器具、裝設品零售業；F208040 化粧品零售業；F211010 建材零售業；F215020 礦石零售業；F401010 國際貿易業,臺北市,變更,11506
69383713,奧特圖股份有限公司,臺北市松山區民生東路3段135號3樓,詹凱文,16310000,,115/06/17,特殊補正,I301010 資訊軟體服務業；I301020 資料處理服務業；I301030 電子資訊供應服務業；F118010 資訊軟體批發業；F218010 資訊軟體零售業；ZZ99999 除許可業務外，得經營法令非禁止或限制之業務,臺北市,變更,11506
69418500,伯星文創有限公司,臺北市士林區後港街147號,謝孟儒,5000000,,115/06/12,特殊補正,CQ01010 模具製造業；F102170 食品什貨批發業；F106020 日常用品批發業；F107030 清潔用品批發業；F108040 化粧品批發業；F109070 文教、樂器、育樂用品批發業；F112040 石油製品批發業；F114030 汽、機車零件配備批發業；F113020 電器批發業；F113050 電腦及事務性機器設備批發業,臺北市,變更,11506
69429675,元安資訊整合有限公司,臺北市中山區南京東路3段201號9樓,劉家竹,3500000,,115/06/25,特殊補正,I301010 資訊軟體服務業；I301020 資料處理服務業；I301030 電子資訊供應服務業；I103060 管理顧問業；IZ12010 人力派遣業；ZZ99999 除許可業務外，得經營法令非禁止或限制之業務,臺北市,變更,11506
69439272,秋雨創新股份有限公司,臺北市信義區永吉里市民大道6段288號9樓,陳慧遊,1012800000,,115/06/05,補繳規費,A102080 園藝服務業；C701010 印刷業；C702010 製版業；C703010 印刷品裝訂及加工業；CC01080 電子零組件製造業；CC01120 資料儲存媒體製造及複製業；CE01030 光學儀器製造業；CF01011 醫療器材製造業；CZ99990 未分類其他工業製品製造業；E502010 燃料導管安裝工程業,臺北市,變更,11506
69447060,新巨健康實業有限公司,臺北市松山區八德路3段190號,簡鵬修,10000000,,115/06/22,股東出資轉讓修正章程,F109070 文教、樂器、育樂用品批發業；F209060 文教、樂器、育樂用品零售業；F113030 精密儀器批發業；F213040 精密儀器零售業；F114060 船舶及其零件批發業；F214060 船舶及其零件零售業；F399040 無店面零售業；F399990 其他綜合零售業；F401010 國際貿易業；EZ11010 球場跑道樹脂材料鋪設工程業,臺北市,變更,11506
69484374,平誠能源開發股份有限公司,臺北市信義區松仁路89號12樓之4,羅惠真,1750000000,,115/06/25,改選董事/監察人(一人法人股東指派董事/監察人),F113020 電器批發業；F119010 電子材料批發業；F213010 電器零售業；F219010 電子材料零售業；F401010 國際貿易業；IG03010 能源技術服務業；CC01010 發電、輸電、配電機械製造業；D101060 再生能源自用發電設備業；D401010 熱能供應業；A301030 水產養殖業,臺北市,變更,11506
69538081,無極限國際有限公司,臺北市中正區許昌街42號8樓,董耀慶,14680000,,115/06/25,特殊補正,I301010 資訊軟體服務業；I301020 資料處理服務業；I301030 電子資訊供應服務業；I401010 一般廣告服務業；F401010 國際貿易業；I501010 產品設計業；IZ12010 人力派遣業；JE01010 租賃業；J602010 演藝活動業；J603010 音樂展演空間業,臺北市,變更,11506
69680283,易豆購股份有限公司,臺北市中山區南京東路3段219號9樓,楊千緯,20000000,,115/06/30,改選董事/監察人(一人法人股東指派董事/監察人),F401010 國際貿易業；F399040 無店面零售業；F399990 其他綜合零售業；F102030 菸酒批發業；F102040 飲料批發業；F102170 食品什貨批發業；F104110 布疋、衣著、鞋、帽、傘、服飾品批發業；F105050 家具、寢具、廚房器具、裝設品批發業；F106010 五金批發業；F106020 日常用品批發業,臺北市,變更,11506
69686343,台灣天合通路整合媒體有限公司,臺北市大安區四維路375之1號1樓,田維漢,2000000,,115/06/01,特殊補正,F111090 建材批發業；F106010 五金批發業；I401010 一般廣告服務業；F102020 食用油脂批發業；F102040 飲料批發業；I103060 管理顧問業；F102170 食品什貨批發業；F104110 布疋、衣著、鞋、帽、傘、服飾品批發業；F106020 日常用品批發業；F105050 家具、寢具、廚房器具、裝設品批發業,臺北市,變更,11506
69740851,永邦股份有限公司,臺北市中山區林森北路612號5樓,陳膺仁,59000000,,115/06/08,特殊補正,F113010 機械批發業；F113030 精密儀器批發業；F113070 電信器材批發業；F113110 電池批發業；F401010 國際貿易業；H703100 不動產租賃業；IG03010 能源技術服務業；JZ99050 仲介服務業；ZZ99999 除許可業務外，得經營法令非禁止或限制之業務,臺北市,變更,11506
69745096,品業股份有限公司,臺北市大安區光復南路626號6樓之2,謝孝敬,1000000,,115/06/30,特殊補正,H701010 住宅及大樓開發租售業；H703090 不動產買賣業；H703100 不動產租賃業；ZZ99999 除許可業務外，得經營法令非禁止或限制之業務,臺北市,變更,11506
70350319,全鋒租車股份有限公司,臺北市大安區忠孝東路4段270號8樓,紀春錦,50000000,,115/06/24,改選董事/監察人(一人法人股東指派董事/監察人),I102010 投資顧問業；I301020 資料處理服務業；I401010 一般廣告服務業；F213060 電信器材零售業；JZ99050 仲介服務業；I103060 管理顧問業；I301010 資訊軟體服務業；I301030 電子資訊供應服務業；IZ12010 人力派遣業；I501010 產品設計業,臺北市,變更,11506
70351561,義容實業股份有限公司,臺北市中山區林森北路646號,何宗霖,12000000,,115/06/12,改選董事/監察人(一人法人股東指派董事/監察人),F401010 國際貿易業,臺北市,變更,11506
70353569,大穎豐工程有限公司,臺北市北投區中和街502巷5弄26號,潘星安,2000000,,115/06/23,特殊補正,E801010 室內裝潢業；I503010 景觀、室內設計業；J101010 建築物清潔服務業；J101030 廢棄物清除業；J101040 廢棄物處理業；J101990 其他環境衛生及污染防治服務業；ZZ99999 除許可業務外，得經營法令非禁止或限制之業務,臺北市,變更,11506
70356067,承順投資股份有限公司,臺北市中山區松江路328號4樓,陳麗娟,172311400,,115/06/01,特殊補正,H201010 一般投資業,臺北市,變更,11506
70357869,集廣投資股份有限公司,臺北市中山區松江路328號4樓,陳禮國,201466490,,115/06/04,特殊補正,H201010 一般投資業,臺北市,變更,11506
70361266,齊科實業股份有限公司,臺北市大安區敦化南路1段339號4樓,徐嘉文,155000000,,115/06/25,特殊補正,H201010 一般投資業；I102010 投資顧問業；H703090 不動產買賣業；H703100 不動產租賃業；I103060 管理顧問業；H202010 創業投資業；H701010 住宅及大樓開發租售業；H701040 特定專業區開發業；H701050 投資興建公共建設業；I401010 一般廣告服務業,臺北市,變更,11506
70363932,金東林貿易有限公司,臺北市士林區承德路4段242號3樓,鄭勝泰,5000000,,115/06/01,股東出資轉讓修正章程,F102040 飲料批發業；F102050 茶葉批發業；F106050 陶瓷玻璃器皿批發業；F107190 塑膠膜、袋批發業；F113010 機械批發業；F102170 食品什貨批發業；F102180 酒精批發業；F107200 化學原料批發業；F107990 其他化學製品批發業；F108021 西藥批發業,臺北市,變更,11506
70375276,水岸國際有限公司,臺北市中山區敬業一路36巷5號2樓、7號、9號、11號、13號,張月雲,37000000,,115/06/09,股東出資轉讓修正章程,I503010 景觀、室內設計業。；I501010 產品外觀設計業。；F104060 寢具批發業。；F105010 家具批發業。；F105020 室內裝飾品紡織品批發業。；F204060 寢具零售業。；F205010 家具零售業。；F205020 裝設品零售業。；F401010 國際貿易業。,臺北市,變更,11506
70376303,海發實業有限公司,臺北市中山區南京東路1段34號10樓,張俊明,9000000,,115/06/26,特殊補正,F401010 國際貿易業；JZ99050 仲介服務業；ZZ99999 除許可業務外，得經營法令非禁止或限制之業務；G401011 船務代理業,臺北市,變更,11506
70377128,太平洋流通投資股份有限公司,臺北市大安區仁愛路4段64號7樓,徐旭東,8020000000,,115/06/29,改選董事/監察人(一人法人股東指派董事/監察人),H201010 一般投資業,臺北市,變更,11506
70377936,陀彌有限公司,臺北市中山區中山北路2段16巷15號4樓,蔡爾信,5000000,,115/06/17,公司印鑑變更,F113010 機械批發業；F113020 電器批發業；F113030 精密儀器批發業；F113050 事務性機器設備批發業；F102160 輔助食品批發業；F106010 五金批發業；F106030 模具批發業；F106040 水器材料批發業；F106050 陶瓷玻璃器皿批發業；F107120 精密化學材料批發業,臺北市,變更,11506
70378294,傑和機電工程股份有限公司,臺北市中山區撫順街37號5樓之2,賴俊文,50000000,,115/06/29,特殊補正,F213010 電器零售業；E603050 自動控制設備工程業；E605010 電腦設備安裝業；E601010 電器承裝業；E501011 自來水管承裝商；I301010 資訊軟體服務業；I301020 資料處理服務業；I301030 電子資訊供應服務業；E603040 消防安全設備安裝工程業；E603090 照明設備安裝工程業,臺北市,變更,11506
70380094,和車股份有限公司,臺北市中山區長安東路1段21號6樓之1,陳增文,72000000,,115/06/12,特殊補正,JE01010 租賃業；F114010 汽車批發業；F114030 汽、機車零件配備批發業；F214010 汽車零售業；F214030 汽、機車零件配備零售業；G101041 小客車租賃業；IZ11010 逾期應收帳款管理服務業；HZ01010 應收帳款收買業務；JA01040 液化石油氣車改裝業；JA01990 其他汽車服務業,臺北市,變更,11506
70382902,健康抵家國際事業股份有限公司,臺北市中山區一江街45號2樓,林金豐,2000000,,115/06/02,特殊補正,F208040 化粧品零售業；F208050 乙類成藥零售業；F213040 精密儀器零售業；F401010 國際貿易業；F102170 食品什貨批發業；F203010 食品什貨、飲料零售業；F501060 餐館業；H701010 住宅及大樓開發租售業；H701020 工業廠房開發租售業；H701080 都市更新重建業,臺北市,變更,11506
70383557,太湖景觀綠化工程有限公司,臺北市內湖區民權東路6段123巷20弄25號3樓之8,吳李素蓮,500000,,115/06/15,股東出資轉讓修正章程,E201010 景觀工程業；F101100 花卉批發業；F201070 花卉零售業,臺北市,變更,11506
70384964,天一電腦刺繡有限公司,臺北市中正區濟南路2段63號1樓,陳惠美,1000000,,115/06/25,改推董事/董事長,F401010 國際貿易業；F104010 布疋批發業；F204010 布疋零售業；I301020 資料處理服務業；C399990 其他織品及紡織製品製造業（電腦刺繡）,臺北市,變更,11506
70388271,中鼎化工股份有限公司,臺北市士林區中山北路6段89號10樓,朱耀財,71000000,,115/06/12,特殊補正,C801990 其他化學材料製造業；C802120 工業助劑製造業；C802990 其他化學製品製造業；F107170 工業助劑批發業；F107200 化學原料批發業；F107990 其他化學製品批發業；F113100 污染防治設備批發業；F207170 工業助劑零售業；F207200 化學原料零售業；F207990 其他化學製品零售業,臺北市,變更,11506
70393062,新生投資股份有限公司,臺北市南港區玉成街166巷6號,林天來,120000000,,115/06/17,特殊補正,H201010 一般投資業。,臺北市,變更,11506
70398284,百威旅行社股份有限公司,臺北市松山區復興北路57號7樓,蘇志斌,100000000,,115/06/10,分公司設立,J902011 旅行業。,臺北市,變更,11506
70435719,采圖室內裝修設計股份有限公司,臺北市大安區安東街40巷9號1樓,劉家慶,10150000,,115/06/08,特殊補正,F105050 家具、寢具、廚房器具、裝設品批發業；F205040 家具、寢具、廚房器具、裝設品零售業；F211010 建材零售業；E801010 室內裝潢業；E801060 室內裝修業；I503010 景觀、室內設計業；ZZ99999 除許可業務外，得經營法令非禁止或限制之業務,臺北市,變更,11506
70436870,台丁企業有限公司,臺北市文山區興隆路2段301巷19號,翁崇祐,15000000,,115/06/29,改推董事/董事長,F111090 建材批發業；F211010 建材零售業；EZ11010 球場跑道樹脂材料鋪設工程業；EZ14010 運動場地用設備工程業；F401010 國際貿易業；C801100 合成樹脂及塑膠製造業；C801060 合成橡膠製造業；C801120 人造纖維製造業；C802200 塗料、油漆、染料及顏料製造業；F207010 漆料、塗料零售業,臺北市,變更,11506
70440190,侑容投資有限公司,臺北市中山區五常街67號1樓,吳長軒,500000,,115/06/02,公司外文名稱登記修正章程,H201010 一般投資業；F401010 國際貿易業；ZZ99999 除許可業務外，得經營法令非禁止或限制之業務,臺北市,變更,11506
70443963,皓泰投資股份有限公司,臺北市大同區延平北路2段258號1樓,吳良材,99000000,,115/06/11,特殊補正,H201010 一般投資業,臺北市,變更,11506
70444999,茂為歐買尬數位科技股份有限公司,臺北市南港區成功路1段50號3樓,羅士博,300608200,,115/06/11,特殊補正,I301010 資訊軟體服務業；I301020 資料處理服務業；I301030 電子資訊供應服務業；I301040 第三方支付服務業,臺北市,變更,11506
70448593,阪急阪神國際運通股份有限公司,臺北市中山區民權東路3段37號14樓,鈴木剛,25000000,,115/06/10,特殊補正,G601011 航空貨運承攬業；F401010 國際貿易業；G701011 報關業；G402011 海運承攬運送業,臺北市,變更,11506
70451837,環球國際驗證股份有限公司,臺北市松山區南京東路4段21號4樓之1,陳壽瑴,15088000,,115/06/16,改選董事/監察人(一人法人股東指派董事/監察人),ID01010 度量衡器證明業；J101050 環境檢測服務業；J304010 圖書出版業；IZ07010 公證業；IZ09010 管理系統驗證業；IF02010 用電設備檢測維護業；IF04010 非破壞檢測業；ZZ99999 除許可業務外，得經營法令非禁止或限制之業務,臺北市,變更,11506
70461075,神坊資訊股份有限公司,臺北市大安區敦化南路2段95號25樓,鄭有欽,499000000,,115/06/24,改派董事/監察人,G903010 電信事業；F113050 電腦及事務性機器設備批發業；F118010 資訊軟體批發業；F213030 電腦及事務性機器設備零售業；F218010 資訊軟體零售業；I301010 資訊軟體服務業；I301020 資料處理服務業；I301030 電子資訊供應服務業；I503010 景觀、室內設計業；E801010 室內裝潢業,臺北市,變更,11506
70462623,中菱公寓大廈管理維護股份有限公司,臺北市大安區復興南路2段363號2樓,李昆武,20000000,,115/06/18,改選董事/監察人(一人法人股東指派董事/監察人),I801011 公寓大廈管理服務業；E601010 電器承裝業；E603020 電梯安裝工程業；E604010 機械安裝業；E801010 室內裝潢業；EZ05010 儀器、儀表安裝工程業；F207030 清潔用品零售業；F213010 電器零售業；F213040 精密儀器零售業；F213080 機械器具零售業,臺北市,變更,11506
70470010,新光金保險代理人股份有限公司,臺北市中正區忠孝西路1段66號31樓,楊秀娟,10000000,,115/06/04,經理人解任,H601021 財產保險代理人,臺北市,變更,11506
70474450,東森信息科技股份有限公司,臺北市中正區館前路42號10樓,廖尚文,80000000,,115/06/24,特殊補正,E605010 電腦設備安裝業；F113070 電信器材批發業；F118010 資訊軟體批發業；F213060 電信器材零售業；F218010 資訊軟體零售業；F401010 國際貿易業；I301010 資訊軟體服務業；I301020 資料處理服務業；I301030 電子資訊供應服務業；I401010 一般廣告服務業,臺北市,變更,11506
70475211,黑快馬股份有限公司,臺北市中山區松江路289之602號6樓,李經康,130000000,,115/06/22,特殊補正,ZZ99999 除許可業務外，得經營法令非禁止或限制之業務；CC01110 電腦及其週邊設備製造業；F113020 電器批發業；F113030 精密儀器批發業；F113050 電腦及事務性機器設備批發業；F118010 資訊軟體批發業；F213010 電器零售業；F213030 電腦及事務性機器設備零售業；F218010 資訊軟體零售業；F399040 無店面零售業,臺北市,變更,11506
70485365,網客旅行社股份有限公司,臺北市中正區忠孝東路1段112號8樓之1,何育才,10000000,,115/06/16,特殊補正,J902011 旅行業,臺北市,變更,11506
70501288,台塑工程股份有限公司,臺北市內湖區石潭里南京東路6段380號7樓,林善志,603620000,,115/06/17,變更組織,E101011 綜合營造業；E401010 疏濬業；E402010 沙石、淤泥海拋業；E903010 防蝕、防銹工程業；EZ99990 其他工程業；F111090 建材批發業；F113010 機械批發業；F211010 建材零售業；F213080 機械器具零售業；H701010 住宅及大樓開發租售業,臺北市,變更,11506
70503981,惠盛企業股份有限公司,臺北市內湖區南京東路6段482號,蘇宏仁,9000000,,115/06/01,特殊補正,F101040 家畜家禽批發業；F102020 食用油脂批發業；F102030 菸酒批發業；F102040 飲料批發業；F102050 茶葉批發業；F102170 食品什貨批發業；F103010 飼料批發業；F106020 日常用品批發業；F107030 清潔用品批發業；F108040 化粧品批發業,臺北市,變更,11506
70517599,偉丞營造股份有限公司,臺北市中山區南京西路10號10樓,陳堡,22500000,,115/06/12,特殊補正,E101011 綜合營造業；H201010 一般投資業；H701010 住宅及大樓開發租售業；H701050 投資興建公共建設業；H701060 新市鎮、新社區開發業；H703090 不動產買賣業；H703100 不動產租賃業；I401010 一般廣告服務業；F111090 建材批發業；F211010 建材零售業,臺北市,變更,11506
70541704,中華網龍股份有限公司,臺北市南港區南港路3段47巷2號4樓,王俊博,864868580,,115/06/29,修正章程,IZ13010 網路認證服務業；CC01120 資料儲存媒體製造及複製業；I301020 資料處理服務業；I301030 電子資訊供應服務業；I401010 一般廣告服務業；ZZ99999 除許可業務外，得經營法令非禁止或限制之業務,臺北市,變更,11506
70544006,大昕建設股份有限公司,臺北市內湖區瑞光路288號4樓,林建宇,150000000,,115/06/22,特殊補正,H701010 住宅及大樓開發租售業；H701050 投資興建公共建設業；H701060 新市鎮、新社區開發業；H701080 都市更新重建業；H701090 都市更新整建維護業；H703090 不動產買賣業；H703100 不動產租賃業；H701040 特定專業區開發業；H701020 工業廠房開發租售業；H701070 區段徵收及市地重劃代辦業,臺北市,變更,11506
70544104,展望亞洲科技股份有限公司,臺北市中山區建國北路2段33號3樓之1,魏于盛,50000000,,115/06/24,董事/監察人持股變動報備,I301010 資訊軟體服務業；F218010 資訊軟體零售業；F118010 資訊軟體批發業；I301020 資料處理服務業；I301030 電子資訊供應服務業；F108031 醫療器材批發業；F208031 醫療器材零售業；F208050 乙類成藥零售業；F113050 電腦及事務性機器設備批發業；F213030 電腦及事務性機器設備零售業,臺北市,變更,11506
70544420,崇躍實業股份有限公司,臺北市中山區龍江路23號8樓,黃崇信,32000000,,115/06/12,董事/監察人持股變動報備,F104010 布疋批發業。；F104020 成衣批發業。；F104050 服飾品批發業。；F107020 染料、顏料批發業。；F401010 國際貿易業。；ZZ99999 除許可業務外，得經營法令非禁止或限制之業務,臺北市,變更,11506
70546428,永勝總業有限公司,臺北市萬華區莒光路322巷5號,陳瑞乾,5000000,,115/06/15,特殊補正,F104110 布疋、衣著、鞋、帽、傘、服飾品批發業；F105050 家具、寢具、廚房器具、裝設品批發業；F106020 日常用品批發業；F106050 陶瓷玻璃器皿批發業；F108040 化粧品批發業；F109070 文教、樂器、育樂用品批發業；F113010 機械批發業；F113050 電腦及事務性機器設備批發業；F116010 照相器材批發業；F118010 資訊軟體批發業,臺北市,變更,11506
70552271,天空傳媒股份有限公司,臺北市中山區德惠街16號之5 9樓,胡晉恒,790600,,115/06/22,減資,F113050 電腦及事務性機器設備批發業；F213030 電腦及事務性機器設備零售業；F118010 資訊軟體批發業；F218010 資訊軟體零售業；I301010 資訊軟體服務業；I301020 資料處理服務業；I301030 電子資訊供應服務業；F113070 電信器材批發業；F213060 電信器材零售業；F113020 電器批發業,臺北市,變更,11506
70554453,育騰科技股份有限公司,臺北市中山區南京東路3段101號8樓,張翠萍,40000000,,115/06/15,特殊補正,F107020 染料、顏料批發業。；F207100 基本化學材料零售業。；F213040 精密儀器零售業。；F213060 電信器材零售業。；F401010 國際貿易業。,臺北市,變更,11506
70556038,統喆股份有限公司,臺北市內湖區南京東路6段482號,黃曉瑜,20000000,,115/06/03,特殊補正,F101040 家畜家禽批發業；F102020 食用油脂批發業；F102030 菸酒批發業；F102040 飲料批發業；F102050 茶葉批發業；F102170 食品什貨批發業；F103010 飼料批發業；F106020 日常用品批發業；F107030 清潔用品批發業；F108040 化粧品批發業,臺北市,變更,11506
70557655,藥華醫藥股份有限公司,臺北市南港區園區街3號13樓,詹青柳,3816063700,,115/06/04,發行新股,F107200 化學原料批發業；F108021 西藥批發業；F108031 醫療器材批發業；F108040 化粧品批發業；F207200 化學原料零售業；F208021 西藥零售業；F208031 醫療器材零售業；F208040 化粧品零售業；F208050 乙類成藥零售業；F401010 國際貿易業,臺北市,變更,11506
70559437,寶原興業股份有限公司,臺北市信義區信義路4段456號21樓,吳佩珊,500000000,,115/06/23,改選董事/監察人(一人法人股東指派董事/監察人),F104110 布疋、衣著、鞋、帽、傘、服飾品批發業；F204110 布疋、衣著、鞋、帽、傘、服飾品零售業；F106020 日常用品批發業；F206020 日常用品零售業；F108040 化粧品批發業；F208040 化粧品零售業；F209060 文教、樂器、育樂用品零售業；F110010 鐘錶批發業；F210010 鐘錶零售業；F110020 眼鏡批發業,臺北市,變更,11506
70560595,精誠金融科技股份有限公司,臺北市信義區市民大道6段288號5樓之6,楊世忠,252635000,,115/06/09,發行新股,E605010 電腦設備安裝業；E701030 電信管制射頻器材裝設工程業；F113070 電信器材批發業；F213060 電信器材零售業；F118010 資訊軟體批發業；F218010 資訊軟體零售業；F113050 電腦及事務性機器設備批發業；F213030 電腦及事務性機器設備零售業；I301010 資訊軟體服務業；I301020 資料處理服務業,臺北市,變更,11506
70565557,歐銥光電股份有限公司,臺北市中山區長安東路2段26號,陳國宏,80000000,,115/06/23,改選董事/監察人(一人法人股東指派董事/監察人),CC01080 電子零組件製造業；CC01050 資料儲存及處理設備製造業；F118010 資訊軟體批發業；F119010 電子材料批發業；F218010 資訊軟體零售業；F219010 電子材料零售業；F401010 國際貿易業；I301010 資訊軟體服務業；I301020 資料處理服務業；I301030 電子資訊供應服務業,臺北市,變更,11506
70565579,碁茵開發股份有限公司,臺北市南港區向陽路193號12樓,郭惠明,15000000,,115/06/24,改選董事/監察人(一人法人股東指派董事/監察人),F401010 國際貿易業；F218010 資訊軟體零售業；F219010 電子材料零售業；F213060 電信器材零售業；E701010 通信工程業；I301010 資訊軟體服務業；IE01010 電信業務門號代辦業；F214030 汽、機車零件配備零售業；F114030 汽、機車零件配備批發業；F206010 五金零售業,臺北市,變更,11506
70565965,高義國際投資股份有限公司,臺北市松山區南京東路4段171號12樓之1,鄭爭宜,63500000,,115/06/04,特殊補正,H201010 一般投資業。,臺北市,變更,11506
70566970,集邦科技股份有限公司,臺北市中山區南京東路3段68號11樓,林啓東,171173530,,115/06/22,特殊補正,F118010 資訊軟體批發業。；F119010 電子材料批發業。；I301010 資訊軟體服務業。；I301020 資料處理服務業。；I301030 電子資訊供應服務業。；F219010 電子材料零售業。；F218010 資訊軟體零售業。；F601010 智慧財產權業。；ZZ99999 除許可業務外，得經營法令非禁止或限制之業務,臺北市,變更,11506
70569370,禾盛生技股份有限公司,臺北市中山區長安東路2段77號3樓之1,蔡智恆,12000000,,115/06/25,改選董事/監察人(一人法人股東指派董事/監察人),F103010 飼料批發業；F107070 動物用藥品批發業；F202010 飼料零售業；F207070 動物用藥零售業；F401010 國際貿易業；ZZ99999 除許可業務外，得經營法令非禁止或限制之業務,臺北市,變更,11506
70571740,未來書城股份有限公司,臺北市松山區南京東路5段343號7樓,温世義,20000000,,115/06/24,特殊補正,J304010 圖書出版業。；J305010 有聲出版業。；F218010 資訊軟體零售業。；F209030 玩具、娛樂用品零售業。；F213030 事務性機器設備零售業。；I301010 資訊軟體服務業。；I301020 資料處理服務業。；F204050 服飾品零售業。；F208040 化粧品零售業。；F213060 電信器材零售業。,臺北市,變更,11506
70576816,力麗科技股份有限公司,臺北市中山區松江路162號11樓,郭紹儀,736720610,,115/06/01,修正章程,I301010 資訊軟體服務業；I301020 資料處理服務業；I301030 電子資訊供應服務業；F118010 資訊軟體批發業；F119010 電子材料批發業；F218010 資訊軟體零售業；F219010 電子材料零售業；F401010 國際貿易業；CC01060 有線通信機械器材製造業；CC01070 無線通信機械器材製造業,臺北市,變更,11506
70581310,台灣尼得科尖端科技股份有限公司,臺北市中正區南昌路1段86號5樓,村上充英,15000000,,115/06/25,特殊補正,F113010 機械批發業；F113030 精密儀器批發業；F119010 電子材料批發業；I501010 產品設計業；F401010 國際貿易業；CB01010 機械設備製造業；CE01010 一般儀器製造業；E603050 自動控制設備工程業；I103010 企業經營管理顧問業。；JA02990 其他修理業(機械之修理),臺北市,變更,11506
70583041,福泰多科技股份有限公司,臺北市南港區南港路3段130巷3弄13號4樓,鍾春美,15500000,,115/06/30,改選董事/監察人(一人法人股東指派董事/監察人),J101040 廢棄物處理業。；F119010 電子材料批發業；F106010 五金批發業；F219010 電子材料零售業；CA01070 廢車船解體及廢鋼鐵五金處理業；E302010 廢棄物清理設備安裝工程業；F401010 國際貿易業；CA01050 鋼材二次加工業；CA01100 鋁材二次加工業；CA01130 銅材二次加工業,臺北市,變更,11506
70583154,文房文化事業有限公司,臺北市內湖區南京東路6段330巷18弄11號5樓,鍾文宏,5000000,,115/06/11,改推董事/董事長,J304010 圖書出版業；F209010 書籍、文具零售業；F401010 國際貿易業,臺北市,變更,11506
70583605,纖揚興業有限公司,臺北市南港區南港路1段109號,潘志訓,7000000,,115/06/02,特殊補正,ZZ99999 除許可業務外，得經營法令非禁止或限制之業務；F113050 電腦及事務性機器設備批發業；F213030 電腦及事務性機器設備零售業；F218010 資訊軟體零售業；F219010 電子材料零售業；F104110 布疋、衣著、鞋、帽、傘、服飾品批發業；F105050 家具、寢具、廚房器具、裝設品批發業；F213060 電信器材零售業；F101070 漁具批發業；F101100 花卉批發業,臺北市,變更,11506
70584647,普鴻資訊股份有限公司,臺北市松山區光復南路1號9樓之2,林群國,249640380,,115/06/12,減少所營事業變更修正章程,I301010 資訊軟體服務業；I103060 管理顧問業；E605010 電腦設備安裝業；F113050 電腦及事務性機器設備批發業；F213030 電腦及事務性機器設備零售業；F118010 資訊軟體批發業；F218010 資訊軟體零售業；I301020 資料處理服務業；I301030 電子資訊供應服務業；F119010 電子材料批發業,臺北市,變更,11506
70658582,好好國際物流股份有限公司,臺北市大同區重慶北路二段243號4樓、5樓,楊富鈞,1200000000,,115/06/12,改派董事/監察人,F401010 國際貿易業；F113020 電器批發業；F113050 電腦及事務性機器設備批發業；G801010 倉儲業；IZ06010 理貨包裝業；G402011 海運承攬運送業；I301020 資料處理服務業；I301030 電子資訊供應服務業；G601011 航空貨運承攬業；I103060 管理顧問業,臺北市,變更,11506
70679741,安捷科技股份有限公司,臺北市內湖區新湖三路255號6樓,葉凱風,85000000,,115/06/04,補繳規費,CC01030 電器及視聽電子產品製造業；CC01100 電信管制射頻器材製造業；CC01990 其他電機及電子機械器材製造業；F113020 電器批發業；F113990 其他機械器具批發業；F401010 國際貿易業；JA02010 電器及電子產品修理業；ZZ99999 除許可業務外，得經營法令非禁止或限制之業務,臺北市,變更,11506
70680851,華宇藥品股份有限公司,臺北市中山區中山北路2段115巷43號8樓,陳正,355010000,,115/06/11,特殊補正,F108021 西藥批發業；F108040 化粧品批發業；F208021 西藥零售業；F208040 化粧品零售業；F401010 國際貿易業；F108031 醫療器材批發業；F208031 醫療器材零售業；CF01011 醫療器材製造業；IG01010 生物技術服務業；ZZ99999 除許可業務外，得經營法令非禁止或限制之業務,臺北市,變更,11506
70680894,巨鈦科技股份有限公司,臺北市南港區重陽路316號11樓之2,陳國銘,20000000,,115/06/23,改選董事/監察人(一人法人股東指派董事/監察人),F113030 精密儀器批發業；F213040 精密儀器零售業；F107120 精密化學材料批發業；F207120 精密化學材料零售業；F119010 電子材料批發業；F219010 電子材料零售業,臺北市,變更,11506
70745741,兆豐期貨股份有限公司,臺北市中正區忠孝東路2段95號2樓,陳佩君,603163090,,115/06/05,補繳規費,H401011 期貨商；H405011 期貨顧問事業；H310011 證券交易輔助人,臺北市,變更,11506
70746306,東方匯理證券投資信託股份有限公司,臺北市信義區信義路5段7號32樓之1,王大智,700323960,,115/06/12,一般補正案,H303011 證券投資信託業；H304011 證券投資顧問業,臺北市,變更,11506
70747852,華冠通訊股份有限公司,臺北市內湖區瑞光路258巷2號7樓,李森田,521662160,,115/06/08,補繳規費,CC01101 電信管制射頻器材製造業；CC01060 有線通信機械器材製造業；CC01070 無線通信機械器材製造業；F401010 國際貿易業；F401030 製造輸出業；F401041 製造輸出業；CC01080 電子零組件製造業；F401021 電信管制射頻器材輸入業；CC01010 發電、輸電、配電機械製造業；CC01040 照明設備製造業,臺北市,變更,11506
70749612,台莊投資開發股份有限公司,臺北市南港區經貿一路170號16樓,鍾俊銘,207390500,,115/06/05,改選董事/監察人(一人法人股東指派董事/監察人),H701010 住宅及大樓開發租售業；H701020 工業廠房開發租售業；H701040 特定專業區開發業；H701050 投資興建公共建設業；H701060 新市鎮、新社區開發業；H701070 區段徵收及市地重劃代辦業；H703100 不動產租賃業；F102030 菸酒批發業；F102040 飲料批發業；F103010 飼料批發業,臺北市,變更,11506
70749824,世華北美洲開發股份有限公司,臺北市中正區忠孝西路1段4號12樓,張璠,352200000,,115/06/29,特殊補正,I401010 一般廣告服務業；F213010 電器零售業；F213060 電信器材零售業；JA02010 電器修理業；E701040 簡易電信設備安裝業；E701020 衛星電視ＫＵ頻道、Ｃ頻道器材安裝業；E601020 電器安裝業；I601010 租賃業；J503051 錄影節目帶業；ZZ99999 除許可業務外，得經營法令非禁止或限制之業務,臺北市,變更,11506
70754038,新加坡商網達先進科技有限公司,臺北市松山區民生東路三段109號13樓,李崇偉,150000000,,115/06/15,在中華民國所營事業減少登記,F213030 事務性機器設備零售業；F213040 精密儀器零售業；F213060 電信器材零售業；F218010 資訊軟體零售業；F219010 電子材料零售業；F401010 國際貿易業；I103010 企業經營管理顧問業；I301010 資訊軟體服務業；I301020 資料處理服務業；I301030 電子資訊供應服務業,臺北市,變更,11506
70757485,香港商施華洛世奇有限公司,臺北市中正區杭州北路26號5樓之2,Nikolai Kolja Kiofsky,29000000,,115/06/09,在中華民國境內負責人姓名、護照號碼、國籍變更登記,CG01010 珠寶及貴金屬製品製造業；F104110 布疋、衣著、鞋、帽、傘、服飾品批發業；F105050 家具、寢具、廚房器具、裝設品批發業；F106010 五金批發業；F106050 陶瓷玻璃器皿批發業；F109070 文教、樂器、育樂用品批發業；F113030 精密儀器批發業；F113090 交通標誌器材批發業；F115010 首飾及貴金屬批發業；F115020 礦石批發業,臺北市,變更,11506
70758512,崑鼎綠能環保股份有限公司,臺北市士林區中山北路六段89號10樓,廖俊喆,727943850,,115/06/08,改選董事/監察人(一人法人股東指派董事/監察人),C201010 飼料製造業；C801010 基本化學工業；C801020 石油化工原料製造業；C801030 精密化學材料製造業；C801060 合成橡膠製造業；C801100 合成樹脂及塑膠製造業；C801110 肥料製造業；C801120 人造纖維製造業；C801990 其他化學材料製造業；C802090 清潔用品製造業,臺北市,變更,11506
70759028,臺灣網路認證股份有限公司,臺北市中正區延平南路85號10樓,李榮琳,250000000,,115/06/16,修正章程,IZ13010 網路認證服務業；I301010 資訊軟體服務業；I301020 資料處理服務業；I301030 電子資訊供應服務業；F218010 資訊軟體零售業；F118010 資訊軟體批發業；F113050 電腦及事務性機器設備批發業；F213030 電腦及事務性機器設備零售業；I199990 其他顧問服務業,臺北市,變更,11506
70763944,國泰證券投資信託股份有限公司,臺北市大安區義安里敦化南路2段39號6樓,李偉正,1500000000,,115/06/18,補選董事(常務董事.董事長)/監察人,H303011 證券投資信託業；H406011 期貨信託事業；H304011 證券投資顧問業,臺北市,變更,11506
70768791,日裕投資股份有限公司,臺北市松山區南京東路4段1號11樓,葉永禎,100000000,,115/06/12,改選董事/監察人(一人法人股東指派董事/監察人),H201010 一般投資業,臺北市,變更,11506
70780964,友禾投資股份有限公司,臺北市內湖區環山路2段56號1樓,唐錦榮,650000000,,115/06/10,補繳規費,H201010 一般投資業,臺北市,變更,11506
70783596,兆揚國際汽車股份有限公司,臺北市南港區南港路3段176號,鍾尚蓉,495000000,,115/06/25,公司印鑑變更,CD01030 汽車及其零件製造業；CB01010 機械設備製造業；F114020 機車批發業；F114030 汽、機車零件配備批發業；F114050 車胎批發業；F113010 機械批發業；E604010 機械安裝業；JA01010 汽車修理業；F401010 國際貿易業；CB01990 其他機械製造業,臺北市,變更,11506
70783625,數位通國際網路股份有限公司,臺北市內湖區陽光街248號4樓,吳振生,214680000,,115/06/29,改派董事/監察人,I301010 資訊軟體服務業；G903010 電信事業；ZZ99999 除許可業務外，得經營法令非禁止或限制之業務,臺北市,變更,11506
70789634,新光人壽保險股份有限公司,臺北市中正區忠孝西路1段66號31~43樓,魏寶生,92022741360,,115/06/10,分公司經理人變更,H501011 人身保險業。,臺北市,變更,11506
70792976,國鎧投資股份有限公司,臺北市信義區忠孝東路5段250號6樓,吳俐燕,50000000,,115/06/03,減資,H201010 一般投資業,臺北市,變更,11506
70796754,兆豐金融控股股份有限公司,臺北市中正區忠孝東路二段123號14至17樓、20樓至21樓,董瑞斌,148333782820,,115/06/10,董事(常務董事.董事長)/監察人解任,H801011 金融控股公司業,臺北市,變更,11506
70799128,合作金庫商業銀行股份有限公司,臺北市松山區長安東路二段225號,林衍茂,130694300000,,115/06/26,董事(常務董事.董事長)/監察人解任,H101021 商業銀行業；H601011 人身保險代理人；H601021 財產保險代理人,臺北市,變更,11506
70805542,英屬蓋曼群島商金百利克拉克股份有限公司,臺北市信義區信義路五段8號8樓,帕查爾,2500000,,115/06/11,改派在中華民國境內負責人變更登記,F102030 菸酒批發業；F104110 布疋、衣著、鞋、帽、傘、服飾品批發業；F106020 日常用品批發業；F107030 清潔用品批發業；F108031 醫療器材批發業；F108040 化粧品批發業；F199990 其他批發業；F203020 菸酒零售業；F206020 日常用品零售業；F207030 清潔用品零售業,臺北市,變更,11506
70826764,華南金融控股股份有限公司,臺北市信義區松仁路123號23樓、24樓、25樓、26樓及27樓,陳芬蘭,139169650890,,115/06/09,董事(常務董事.董事長)/監察人解任,H801011 金融控股公司業,臺北市,變更,11506
70828783,紅陽科技股份有限公司,臺北市大安區敦化南路2段65號13樓,呂寶麟,179500000,,115/06/30,特殊補正,I103060 管理顧問業；I301010 資訊軟體服務業；I301020 資料處理服務業；I301030 電子資訊供應服務業；I401010 一般廣告服務業；I401020 廣告傳單分送業；I501010 產品設計業；J302010 通訊稿業；J601010 藝文服務業；J602010 演藝活動業,臺北市,變更,11506
70829404,廣隆昌工程股份有限公司,臺北市內湖區內湖路1段360巷8號8樓,潘魯昌,115000000,,115/06/17,改選董事/監察人(一人法人股東指派董事/監察人),CA01050 鋼材二次加工業；CA02010 金屬結構及建築組件製造業；CA02050 閥類製造業；CB01010 機械設備製造業；CB01030 污染防治設備製造業；CC01010 發電、輸電、配電機械製造業；E502010 燃料導管安裝工程業；E599010 配管工程業；E603050 自動控制設備工程業；E603110 冷作工程業,臺北市,變更,11506
70830660,圓方影業有限公司,臺北市大安區忠孝東路4段155號6樓,張世,2000000,,115/06/10,公司所在地,J602010 演藝活動業；J601010 藝文服務業；J305010 有聲出版業；I301010 資訊軟體服務業；I401010 一般廣告服務業；I501010 產品設計業；J401011 電影片製作業；J402011 電影片發行業；J503011 廣播節目製作業；J503021 電視節目製作業,臺北市,變更,11506
70831133,壕華建設股份有限公司,臺北市文山區羅斯福路5段125號3樓,吳哲,13000000,,115/06/01,特殊補正,H701010 住宅及大樓開發租售業。（限住宅）；I503010 景觀、室內設計業；E801010 室內裝潢業；F211010 建材零售業；G202010 停車場經營業；H703100 不動產租賃業；ZZ99999 除許可業務外，得經營法令非禁止或限制之業務,臺北市,變更,11506
70831372,五月天廣告有限公司,臺北市松山區復興南路1段45號5樓,仇立達,3000000,,115/06/03,特殊補正,I401010 一般廣告服務業；I401020 廣告傳單分送業；F104110 布疋、衣著、鞋、帽、傘、服飾品批發業；F105050 家具、寢具、廚房器具、裝設品批發業；F106020 日常用品批發業；F108040 化粧品批發業；F119010 電子材料批發業；F118010 資訊軟體批發業；J303010 雜誌（期刊）出版業；IZ13010 網路認證服務業,臺北市,變更,11506
70835709,潮昇投資股份有限公司,臺北市中山區長安東路2段178號4樓,張秉秉,10000000,,115/06/24,改選董事/監察人(一人法人股東指派董事/監察人),H201010 一般投資業,臺北市,變更,11506
70844720,北埔環保工程有限公司,臺北市中正區汀州路1段110號1樓,盧德財,1000000,,115/06/26,特殊補正,F106010 五金批發業；F106040 水器材料批發業；F111090 建材批發業；F117010 消防安全設備批發業；F120010 耐火材料批發業；F206040 水器材料零售業；F207010 漆料、塗料零售業；F207030 清潔用品零售業；F207200 化學原料零售業；F211010 建材零售業,臺北市,變更,11506
70845312,百福旅行社股份有限公司,臺北市中山區松江路54號9樓,韓博亭,26000000,,115/06/01,董事/監察人持股變動報備,J902011 旅行業,臺北市,變更,11506
70845354,龍馬文創股份有限公司,臺北市中正區林森南路4號3樓之1,呂寶麟,200000000,,115/06/26,特殊補正,J503011 廣播節目製作業；J503021 電視節目製作業；J503031 廣播電視節目發行業；J503041 廣播電視廣告業；ZZ99999 除許可業務外，得經營法令非禁止或限制之業務；CC01110 電腦及其週邊設備製造業；CC01120 資料儲存媒體製造及複製業；E701010 電信工程業；F113070 電信器材批發業；F118010 資訊軟體批發業,臺北市,變更,11506
70847640,安特富實業有限公司,臺北市北投區東華街2段380號1樓,蔡文欽,2000000,,115/06/01,特殊補正,F106020 日常用品批發業；F104110 布疋、衣著、鞋、帽、傘、服飾品批發業；F204110 布疋、衣著、鞋、帽、傘、服飾品零售業；F105050 家具、寢具、廚房器具、裝設品批發業；F205040 家具、寢具、廚房器具、裝設品零售業；F401010 國際貿易業,臺北市,變更,11506
71621557,台灣綠十字股份有限公司,臺北市大同區承德路3段244號6樓,林采伶,60000000,,115/06/17,補繳規費,F108021 西藥批發業；F208021 西藥零售業；F108031 醫療器材批發業；F208031 醫療器材零售業；F401010 國際貿易業；F102170 食品什貨批發業；F203010 食品什貨、飲料零售業；F107070 動物用藥品批發業；F207070 動物用藥零售業；F208040 化粧品零售業,臺北市,變更,11506
75094900,中華工程股份有限公司,臺北市松山區新聚里東興路12號6樓,鄭斯聰,16079040840,,115/06/08,改選董事/監察人(一人法人股東指派董事/監察人),B601010 土石採取業；C803990 其他石油及煤製品製造業(預拌瀝青混凝土)；C901040 預拌混凝土製造業；C901050 水泥及混凝土製品製造業；CA02010 金屬結構及建築組件製造業；E101011 綜合營造業；E401010 疏濬業；E402010 沙石、淤泥海拋業；E501011 自來水管承裝商；E502010 燃料導管安裝工程業,臺北市,變更,11506
79988938,自由系統股份有限公司,臺北市南港區園區街3之2號4樓之1,陳穎儀,131270000,,115/06/22,特殊補正,I103060 管理顧問業；I301010 資訊軟體服務業；I301020 資料處理服務業；I301030 電子資訊供應服務業；I501010 產品設計業；E605010 電腦設備安裝業；E701010 電信工程業；F113030 精密儀器批發業；F113070 電信器材批發業；F118010 資訊軟體批發業,臺北市,變更,11506
80013554,均鼎科技股份有限公司,臺北市中正區信義路1段5之2號1樓,胡世均,66292500,,115/06/18,特殊補正,IZ12010 人力派遣業；F401010 國際貿易業；H701010 住宅及大樓開發租售業；I301010 資訊軟體服務業；I301030 電子資訊供應服務業；F118010 資訊軟體批發業；I301020 資料處理服務業；F119010 電子材料批發業；I401010 一般廣告服務業；F106020 日常用品批發業,臺北市,變更,11506
80036389,創越行銷資源整合有限公司,臺北市中山區復興北路48號7樓,林雅菁,5000000,,115/06/29,特殊補正,ZZ99999 除許可業務外，得經營法令非禁止或限制之業務；J303010 雜誌（期刊）出版業；J304010 圖書出版業；J305010 有聲出版業；E801010 室內裝潢業；F104110 布疋、衣著、鞋、帽、傘、服飾品批發業；F105050 家具、寢具、廚房器具、裝設品批發業；F106010 五金批發業；F106020 日常用品批發業；F109070 文教、樂器、育樂用品批發業,臺北市,變更,11506
80049595,嘉陽公寓大廈管理維護股份有限公司,臺北市大同區承德路3段53號2樓,盧盛頓,10000000,,115/06/23,補繳規費,I801011 公寓大廈管理服務業,臺北市,變更,11506
80078129,蓁筳園企業有限公司,臺北市文山區秀明路2段6號,郭章賢,5000000,,115/06/24,改推董事/董事長,F113010 機械批發業；F113020 電器批發業；F101100 花卉批發業；F102040 飲料批發業；F102050 茶葉批發業；F102170 食品什貨批發業；F104110 布疋、衣著、鞋、帽、傘、服飾品批發業；F105050 家具、寢具、廚房器具、裝設品批發業；F106010 五金批發業；F106020 日常用品批發業,臺北市,變更,11506
80086508,宏邦針織有限公司,臺北市南港區向陽路185號5樓,蔡岱樺,75000000,,115/06/29,特殊補正,C301010 紡紗業；C302010 織布業；C306010 成衣業；F104110 布疋、衣著、鞋、帽、傘、服飾品批發業；F204110 布疋、衣著、鞋、帽、傘、服飾品零售業；F206010 五金零售業；F212050 石油製品零售業；F213080 機械器具零售業；F401010 國際貿易業；H703090 不動產買賣業,臺北市,變更,11506
80109397,文華營造有限公司,臺北市中山區大直街33巷9號1樓,童澤輝,6000000,,115/06/08,特殊補正,E101011 綜合營造業；F211010 建材零售業；ZZ99999 除許可業務外，得經營法令非禁止或限制之業務,臺北市,變更,11506
80147168,庫奧尼旅行社股份有限公司,臺北市中山區長春路176號6樓,Vitor Amorim Da Silva Lopes婁維多,6000000,,115/06/12,特殊補正,J902011 旅行業（營業範圍以交通部觀光局核准之業務範圍為準）,臺北市,變更,11506
80152577,上揚國際資產管理股份有限公司,臺北市南港區經貿一路170號11樓之6,侯嘉騏,618000000,,115/06/24,董事長變更,H701010 住宅及大樓開發租售業。；H701020 工業廠房開發租售業。；H701040 特定專業區開發業。；H701050 投資興建公共建設業。；H701060 新市鎮、新社區開發業。；H701080 都市更新業。；H703100 不動產租賃業；I103010 企業經營管理顧問業。；I301010 資訊軟體服務業。；F401010 國際貿易業。,臺北市,變更,11506
80157221,椿億廣告工程有限公司,臺北市大同區延平北路3段122號1樓,葉宗賢,1500000,,115/06/15,特殊補正,I401010 一般廣告服務業；ZZ99999 除許可業務外，得經營法令非禁止或限制之業務；E603050 自動控制設備工程業；E603080 交通號誌安裝工程業；E603090 照明設備安裝工程業；E801010 室內裝潢業；E801020 門窗安裝工程業；E801030 室內輕鋼架工程業；E901010 油漆工程業；EZ02010 起重工程業,臺北市,變更,11506
80166848,明室室內裝修設計有限公司,臺北市大安區仁愛路4段425號2樓,田榮瑜,30000000,,115/06/30,特殊補正,I503010 景觀、室內設計業；I401010 一般廣告服務業；E603090 照明設備安裝工程業；E801010 室內裝潢業；E801020 門窗安裝工程業；E801030 室內輕鋼架工程業；E801040 玻璃安裝工程業；E801060 室內裝修業；E801070 廚具、衛浴設備安裝工程業；E901010 油漆工程業,臺北市,變更,11506
80170435,旺泰福股份有限公司,臺北市北投區知行路227號3樓,,10000000,,115/06/16,特殊補正,F109060 包裝材料批發業；F209050 包裝材料零售業；F106020 日常用品批發業；F206020 日常用品零售業；F301030 一般百貨業；F401010 國際貿易業；I501010 產品設計業除許可業務外，得經營法令非禁止或限制之業務,臺北市,變更,11506
80175092,婕尹美容有限公司,臺北市士林區美德街60號1樓,林姿岑,500000,,115/06/18,特殊補正,F108040 化粧品批發業；F208040 化粧品零售業；JZ99080 美容美髮服務業；I199990 其他顧問服務業；F203010 食品什貨、飲料零售業；ZZ99999 除許可業務外，得經營法令非禁止或限制之業務,臺北市,變更,11506
80179409,遠碩實業有限公司,臺北市內湖區瑞光路580號3樓,邱維建,5000000,,115/06/08,股東出資轉讓修正章程,F401010 國際貿易業；F106010 五金批發業；F106020 日常用品批發業；F113010 機械批發業；F102030 菸酒批發業；F102040 飲料批發業；F102050 茶葉批發業；F113020 電器批發業；F113030 精密儀器批發業；F113050 電腦及事務性機器設備批發業,臺北市,變更,11506
80181550,台新證保險代理人股份有限公司,臺北市大安區敦化南路2段99號11樓,簡翰強,5000000,,115/06/10,特殊補正,H601011 人身保險代理人,臺北市,變更,11506
80181828,盛邦實設股份有限公司,臺北市內湖區環山路2段109巷3弄10號,林正忠,6000000,,115/06/11,改選董事/監察人(一人法人股東指派董事/監察人),F105050 家具、寢具、廚房器具、裝設品批發業；F205040 家具、寢具、廚房器具、裝設品零售業；CN01010 家具及裝設品製造業；E801070 廚具、衛浴設備安裝工程業；F113100 污染防治設備批發業；F213100 污染防治設備零售業；CB01030 污染防治設備製造業；F113030 精密儀器批發業；F113050 電腦及事務性機器設備批發業；CB01010 機械設備製造業,臺北市,變更,11506
80183760,將登國際股份有限公司,臺北市大同區西寧北路53號5樓,黃華斌,1000000,,115/06/18,特殊補正,F104110 布疋、衣著、鞋、帽、傘、服飾品批發業；F401010 國際貿易業；ZZ99999 除許可業務外，得經營法令非禁止或限制之業務,臺北市,變更,11506
80186963,亞峰科技有限公司,臺北市內湖區新明路246巷3弄28號5樓,柯進達,5000000,,115/06/18,特殊補正,ZZ99999 除許可業務外，得經營法令非禁止或限制之業務,臺北市,變更,11506
80190495,康博森科技有限公司,臺北市內湖區行愛路78巷28號6樓之6,孫國湘,10000000,,115/06/01,改推董事/董事長,F401010 國際貿易業。；F118010 資訊軟體批發業；I501010 產品設計業；I301010 資訊軟體服務業；I301020 資料處理服務業；F113030 精密儀器批發業,臺北市,變更,11506
80192070,寬霖科技股份有限公司,臺北市大安區敦化南路2段40號3樓,王男耀,8000000,,115/06/30,改選董事/監察人(一人法人股東指派董事/監察人),F113070 電信器材批發業；F118010 資訊軟體批發業；F119010 電子材料批發業；F213060 電信器材零售業；F218010 資訊軟體零售業；F219010 電子材料零售業；F401010 國際貿易業；I301010 資訊軟體服務業；I301020 資料處理服務業；I301030 電子資訊供應服務業,臺北市,變更,11506
80195908,仕康科技有限公司,臺北市松山區八德路3段225號11樓之4,簡俊儒,5000000,,115/06/30,特殊補正,E605010 電腦設備安裝業；F109070 文教、樂器、育樂用品批發業；F113050 電腦及事務性機器設備批發業；F118010 資訊軟體批發業；F209060 文教、樂器、育樂用品零售業；F213030 電腦及事務性機器設備零售業；F213060 電信器材零售業；F218010 資訊軟體零售業；F601010 智慧財產權業；I103060 管理顧問業,臺北市,變更,11506
80197808,邦本生技有限公司,臺北市內湖區瑞光路258巷50號2樓之2,葉安時,11000000,,115/06/15,特殊補正,F108031 醫療器材批發業；F208031 醫療器材零售業；EZ05010 儀器、儀表安裝工程業；F401010 國際貿易業；IG01010 生物技術服務業；JZ99050 仲介服務業；IZ99990 其他工商服務業；I501010 產品設計業；JE01010 租賃業；F203010 食品什貨、飲料零售業,臺北市,變更,11506
80200389,發啟企業股份有限公司,臺北市信義區基隆路1段155號13樓之5,葉軒佑,5000000,,115/06/11,改選董事/監察人(一人法人股東指派董事/監察人),F401010 國際貿易業；F112010 汽油、柴油批發業；F112040 石油製品批發業；ZZ99999 除許可業務外，得經營法令非禁止或限制之業務,臺北市,變更,11506
80202083,新型防火建材有限公司,臺北市大安區安和路2段80號15樓,施淳毓,2000000,,115/06/23,公司所營事業變更修正章程,C901060 耐火材料製造業；C901990 其他非金屬礦物製品製造業；E801010 室內裝潢業；F111090 建材批發業；F211010 建材零售業；F120010 耐火材料批發業；F220010 耐火材料零售業；F401010 國際貿易業；ZZ99999 除許可業務外，得經營法令非禁止或限制之業務,臺北市,變更,11506
80207643,環異科技股份有限公司,臺北市萬華區莒光路310號6樓,許明連,16500000,,115/06/18,改選董事/監察人(一人法人股東指派董事/監察人),C805010 塑膠皮、布、板、管材製造業；CB01010 機械設備製造業；CN01010 家具及裝設品製造業；CQ01010 模具製造業；F106030 模具批發業；F107140 塑膠原料批發業；F113010 機械批發業；ZZ99999 除許可業務外，得經營法令非禁止或限制之業務,臺北市,變更,11506
80259748,地球漫步有限公司,臺北市中正區和平西路1段138號3樓,黃冠中,5000000,,115/06/25,公司所在地,IZ12010 人力派遣業；I401010 一般廣告服務業；I501010 產品設計業；I103060 管理顧問業；J601010 藝文服務業；J602010 演藝活動業；F401010 國際貿易業；I301020 資料處理服務業；I301030 電子資訊供應服務業；J304010 圖書出版業,臺北市,變更,11506
80260294,動力安全資訊股份有限公司,臺北市內湖區行愛路77巷16號4樓,賴宗榮,275000000,,115/06/26,特殊補正,I301010 資訊軟體服務業；I301020 資料處理服務業；I301030 電子資訊供應服務業；F118010 資訊軟體批發業；F119010 電子材料批發業；E603050 自動控制設備工程業；E605010 電腦設備安裝業；F401010 國際貿易業；E603040 消防安全設備安裝工程業；E701010 電信工程業,臺北市,變更,11506
80271243,吉網投資股份有限公司,臺北市南港區重陽路120號2樓,蔡淑真,377000000,,115/06/24,改選董事/監察人(一人法人股東指派董事/監察人),H201010 一般投資業,臺北市,變更,11506
80271258,安網投資股份有限公司,臺北市南港區重陽路120號2樓,蔡淑真,360700000,,115/06/24,改選董事/監察人(一人法人股東指派董事/監察人),H201010 一般投資業,臺北市,變更,11506
80271996,百昌生物醫藥科技股份有限公司,臺北市大安區安和路2段7號11樓之1,李旻熹,3000000,,115/06/04,特殊補正,F401010 國際貿易業；F108040 化粧品批發業；F108060 乙類成藥批發業；F102040 飲料批發業；F102050 茶葉批發業；F107030 清潔用品批發業；F203010 食品什貨、飲料零售業；F102170 食品什貨批發業；F207030 清潔用品零售業；F207080 環境用藥零售業,臺北市,變更,11506
80275347,精騎有限公司,臺北市南港區忠孝東路6段81巷12號2樓,蘇彥銘,6000000,,115/06/17,股東出資轉讓修正章程,C306010 成衣業；C307010 服飾品製造業；CD01030 汽車及其零件製造業；A102020 農產品整理業；E603050 自動控制設備工程業；EZ11010 球場跑道樹脂材料鋪設工程業；EZ14010 運動場地用設備工程業；EZ05010 儀器、儀表安裝工程業；F102030 菸酒批發業；F102040 飲料批發業,臺北市,變更,11506
80285648,客林國際股份有限公司,臺北市中山區南京東路3段77號10樓,陳元玲,272727420,,115/06/17,特殊補正,I103060 管理顧問業；I301010 資訊軟體服務業；I301020 資料處理服務業；I301030 電子資訊供應服務業；I401010 一般廣告服務業；I501010 產品設計業；IG01010 生物技術服務業；IG03010 能源技術服務業；IZ06010 理貨包裝業；IZ12010 人力派遣業,臺北市,變更,11506
80286528,晟鑫照明股份有限公司,臺北市信義區松山路323號,林朗菴,28000000,,115/06/04,改選董事/監察人(一人法人股東指派董事/監察人),CA02990 其他金屬製品製造業；CC01040 照明設備製造業；E603050 自動控制設備工程業；E603090 照明設備安裝工程業；F106010 五金批發業；F106030 模具批發業；F113020 電器批發業；F113050 電腦及事務性機器設備批發業；F113990 其他機械器具批發業；F119010 電子材料批發業,臺北市,變更,11506
80287913,睿峰建設開發股份有限公司,臺北市信義區光復南路445號2樓,鄧仲佑,65000000,,115/06/10,公司所在地,H701010 住宅及大樓開發租售業；H701020 工業廠房開發租售業；H701040 特定專業區開發業；H701050 投資興建公共建設業；H701060 新市鎮、新社區開發業；H701070 區段徵收及市地重劃代辦業；H703100 不動產租賃業；I102010 投資顧問業；I503010 景觀、室內設計業；IF01010 消防安全設備檢修業,臺北市,變更,11506
80288080,迪西聲訊股份有限公司,臺北市大安區復興南路1段368號11樓,何保羅,10000000,,115/06/18,特殊補正,F113050 電腦及事務性機器設備批發業；F113070 電信器材批發業；F118010 資訊軟體批發業；F119010 電子材料批發業；F213060 電信器材零售業；F401010 國際貿易業；E605010 電腦設備安裝業；E701010 電信工程業；E701030 電信管制射頻器材裝設工程業；E701040 簡易電信設備安裝業,臺北市,變更,11506
80292774,萬芳開發股份有限公司,臺北市信義區基隆路1段176號14樓,黃曜東,70000000,,115/06/16,改選董事/監察人(一人法人股東指派董事/監察人),H701010 住宅及大樓開發租售業；H701020 工業廠房開發租售業；H701040 特定專業區開發業；H701050 投資興建公共建設業；H701060 新市鎮、新社區開發業；H701080 都市更新重建業；H703090 不動產買賣業；H703100 不動產租賃業；HZ02010 金融機構金錢債權收買業務；HZ02020 辦理金融機構金錢債權之評價或拍賣業務,臺北市,變更,11506
80293577,璞真建設股份有限公司,臺北市大安區仁愛路四段85號11樓,林廷芳,2916907730,,115/06/03,修正章程,H701010 住宅及大樓開發租售業；H701020 工業廠房開發租售業；H701040 特定專業區開發業；H701050 投資興建公共建設業；H701070 區段徵收及市地重劃代辦業；H701080 都市更新業；I103060 管理顧問業；I503010 景觀、室內設計業；E603020 電梯安裝工程業；E801010 室內裝潢業,臺北市,變更,11506
80296764,富鋼工程股份有限公司,臺北市中山區松江路158號10樓之4,謝鴻財,80476000,,115/06/15,增資(資本總額),E103031 基礎工程專業營造業；E401010 疏濬業；E402010 沙石、淤泥海拋業；E599010 配管工程業；E603010 電纜安裝工程業；E603050 自動控制設備工程業；E603080 交通號誌安裝工程業；E603090 照明設備安裝工程業；E603100 電焊工程業；E603110 冷作工程業,臺北市,變更,11506
80301008,松春來車業有限公司,臺北市松山區民權東路5段30號1樓,盧家偉,2000000,,115/06/01,增資,F114020 機車批發業；F114030 汽、機車零件配備批發業；F114040 自行車及其零件批發業；F114050 車胎批發業；F214020 機車零售業；F214030 汽、機車零件配備零售業；F214040 自行車及其零件零售業；F214050 車胎零售業；J101990 其他環境衛生及汙染防治服務業；JA02020 機車修理業,臺北市,變更,11506
80303358,助成國際股份有限公司,臺北市內湖區新湖三路196號2樓之1,白晋榮,12001000,,115/06/22,特殊補正,F401010 國際貿易業；I301010 資訊軟體服務業；I301020 資料處理服務業；ZZ99999 除許可業務外，得經營法令非禁止或限制之業務,臺北市,變更,11506
80304624,好福建設股份有限公司,臺北市大同區重慶北路2段80巷8號4樓,陳文淵,4000000,,115/06/22,公司所在地,G202010 停車場經營業；H701010 住宅及大樓開發租售業；H701020 工業廠房開發租售業；H701040 特定專業區開發業；H701050 投資興建公共建設業；H701060 新市鎮、新社區開發業；H701070 區段徵收及市地重劃代辦業；H703100 不動產租賃業；H705010 國有非公用財產代管業；I102010 投資顧問業,臺北市,變更,11506
80330257,國票金融控股股份有限公司,臺北市中山區樂群三路126、128、130、132號17樓及128號7樓、9樓,張兆順,36335634710,,115/06/24,改選董事/監察人(一人法人股東指派董事/監察人),H801011 金融控股公司業,臺北市,變更,11506
80333992,中國信託金融控股股份有限公司,臺北市南港區經貿二路168號27樓、29樓,顏文隆,201768883810,,115/06/11,其他減資,H801011 金融控股公司業,臺北市,變更,11506
80335555,明日創意股份有限公司,臺北市松山區南京東路5段343號7樓之1,温世義,10000000,,115/06/26,減資,F118010 資訊軟體批發業；F119010 電子材料批發業；F218010 資訊軟體零售業；F219010 電子材料零售業；F601010 智慧財產權業；I103010 企業經營管理顧問業；I301010 資訊軟體服務業；I301020 資料處理服務業；I301030 電子資訊供應服務業；I401010 一般廣告服務業,臺北市,變更,11506
80346096,荷商派立有限公司,臺北市內湖區洲子街88號3樓之2,韓威廉,2500000,,115/06/22,在中華民國境內負責人印鑑變更,I501010 產品設計業；F119010 電子材料批發業；F219010 電子材料零售業；F401010 國際貿易業；F107990 其他化學製品批發業；F207990 其他化學製品零售業；I301010 資訊軟體服務業；I301020 資料處理服務業；I301030 電子資訊供應服務業；ZZ99999 除許可業務外，得經營法令非禁止或限制之業務,臺北市,變更,11506
80357826,國泰創業投資股份有限公司,臺北市信義區忠孝東路5段68號7樓,張仁和,6087212000,,115/06/09,補繳規費,H202010 創業投資業；I102010 投資顧問業；I103060 管理顧問業,臺北市,變更,11506
80393105,新騎資訊有限公司,臺北市信義區基隆路2段51號10樓,黃共義,15000000,,115/06/25,特殊補正,F218010 資訊軟體零售業；F118010 資訊軟體批發業；F213030 事務性機器設備零售業；F113050 事務性機器設備批發業；E605010 電腦設備安裝業；I401010 一般廣告服務業；I301020 資料處理服務業；I301030 電子資訊供應服務業；I301010 資訊軟體服務業；F401010 國際貿易業,臺北市,變更,11506
80430973,采邑室內裝修工程有限公司,臺北市大安區復興南路1段390號8樓之1,洪敏珠,7000000,,115/06/10,特殊補正,E801060 室內裝修業；E801010 室內裝潢業；E801030 室內輕鋼架工程業；E801070 廚具、衛浴設備安裝工程業；E901010 油漆工程業；I503010 景觀、室內設計業；I401010 一般廣告服務業；E599010 配管工程業；E601010 電器承裝業；E601020 電器安裝業,臺北市,變更,11506
80462284,嘉龍資訊股份有限公司,臺北市松山區敦化南路1段5號7樓,陳政嶸,8000000,,115/06/24,董事/監察人持股變動報備,E605010 電腦設備安裝業；F113050 事務性機器設備批發業；F213030 事務性機器設備零售業；F118010 資訊軟體批發業；F218010 資訊軟體零售業；F401010 國際貿易業；I301010 資訊軟體服務業；I601010 租賃業；I103010 企業經營管理顧問業；ZZ99999 除許可業務外，得經營法令非禁止或限制之業務,臺北市,變更,11506
80471782,吉恩立數位科技股份有限公司,臺北市信義區信義路5段106號5樓,林元基（LIM WON KI）,140000000,,115/06/10,法人股東更名、國籍、地址變更,CC01050 資料儲存及處理設備製造業；F118010 資訊軟體批發業；F218010 資訊軟體零售業；F601010 智慧財產權業；I301010 資訊軟體服務業；I301020 資料處理服務業；I301030 電子資訊供應服務業；I401010 一般廣告服務業；IZ13010 網路認證服務業；ZZ99999 除許可業務外，得經營法令非禁止或限制之業務,臺北市,變更,11506
80501548,益萬興金屬有限公司,臺北市南港區興南街60巷13號2樓,周玄偉,5000000,,115/06/18,股東出資轉讓修正章程,F106010 五金批發業；F106020 日常用品批發業；F206010 五金零售業；F206020 日常用品零售業；J101030 廢棄物清除業；J101040 廢棄物處理業；J101080 廢棄物資源回收業；ZZ99999 除許可業務外，得經營法令非禁止或限制之業務,臺北市,變更,11506
80503308,可能設計有限公司,臺北市文山區興隆路1段55巷27弄1之5號,許君能,2000000,,115/06/09,公司所營事業變更修正章程,I401010 一般廣告服務業；C701010 印刷業；IZ01010 影印業；I301030 電子資訊供應服務業；I301010 資訊軟體服務業；I301020 資料處理服務業；I401020 廣告傳單分送業；I501010 產品設計業；I103060 管理顧問業；I199990 其他顧問服務業,臺北市,變更,11506
80503736,建騰創達科技股份有限公司,臺北市內湖區堤頂大道2段407巷20弄1號7樓,朱伯倫,265816850,,115/06/05,修正章程,CC01110 電腦及其週邊設備製造業；CC01060 有線通信機械器材製造業；I301010 資訊軟體服務業；F118010 資訊軟體批發業；F113030 精密儀器批發業；F218010 資訊軟體零售業；F213040 精密儀器零售業；F113050 電腦及事務性機器設備批發業；F401010 國際貿易業；F401021 電信管制射頻器材輸入業,臺北市,變更,11506
80509730,双融金股份有限公司,臺北市大安區信義路4段57、59號3樓,黃宛華,54000000,,115/06/22,改選董事/監察人(一人法人股東指派董事/監察人),ZZ99999 除許可業務外，得經營法令非禁止或限制之業務；I102010 一般投資顧問業；I103060 管理顧問業；H201010 一般投資業；F601010 智慧財產權業；J202010 產業育成業；J601010 藝文服務業；J602010 演藝活動業；J603010 音樂展演空間業；I105010 藝術品諮詢顧問業,臺北市,變更,11506
80511709,阿瘦實業股份有限公司,臺北市中山區中吉里松江路168號6樓,羅榮岳,668000000,,115/06/11,經理人變更,CJ01010 製帽業；CK01010 製鞋業；CM01010 箱、包、袋製造業；F104110 布疋、衣著、鞋、帽、傘、服飾品批發業；F105050 家具、寢具、廚房器具、裝設品批發業；F204110 布疋、衣著、鞋、帽、傘、服飾品零售業；F205040 家具、寢具、廚房器具、裝設品零售業；F401010 國際貿易業；F301010 百貨公司業；F301020 超級市場業,臺北市,變更,11506
80515135,聯元投資股份有限公司,臺北市南港區南港路一段209號1樓,楊香芸,603894150,,115/06/01,增資(資本總額),H201010 一般投資業,臺北市,變更,11506
80519456,數可科技股份有限公司,臺北市內湖區洲子街88號2樓之1,周明智,146880000,,115/06/10,特殊補正,CB01010 機械設備製造業；CC01010 發電、輸電、配電機械製造業；CC01080 電子零組件製造業；F113010 機械批發業；F119010 電子材料批發業；F401010 國際貿易業；CZ99990 未分類其他工業製品製造業；F218010 資訊軟體零售業；CQ01010 模具製造業；CF01011 醫療器材製造業,臺北市,變更,11506
80520221,翔新科技股份有限公司,臺北市南港區八德路4段768巷7號4樓,楊智翔,176375000,,115/06/17,發行新股,ZZ99999 除許可業務外，得經營法令非禁止或限制之業務；I301010 資訊軟體服務業；I301020 資料處理服務業；I301030 電子資訊供應服務業；F119010 電子材料批發業；F118010 資訊軟體批發業；F601010 智慧財產權業；F401010 國際貿易業；F113050 電腦及事務性機器設備批發業,臺北市,變更,11506
80521360,統一東京小客車租賃股份有限公司,臺北市中山區南京東路2段85、87號8樓,松本幸雄,100000000,,115/06/25,改派董事/監察人,G101041 小客車租賃業；ZZ99999 除許可業務外，得經營法令非禁止或限制之業務,臺北市,變更,11506
80522044,亞捷數位科技股份有限公司,臺北市中山區南京東路1段34號7樓,李述忠,15000000,,115/06/03,改選董事/監察人(一人法人股東指派董事/監察人),ZZ99999 除許可業務外，得經營法令非禁止或限制之業務,臺北市,變更,11506
80534533,盛世文化股份有限公司,臺北市內湖區內湖路1段115號3樓,劉庭瑋,4000000,,115/06/17,特殊補正,F110010 鐘錶批發業；F113020 電器批發業；F113030 精密儀器批發業；F115010 首飾及貴金屬批發業；F118010 資訊軟體批發業；F119010 電子材料批發業；F206010 五金零售業；F206020 日常用品零售業；F206030 模具零售業；F210010 鐘錶零售業,臺北市,變更,11506
80534604,多利生醫股份有限公司,臺北市松山區南京東路3段287號7樓,孫文崇,204000000,,115/06/26,補繳規費,F102020 食用油脂批發業；F102040 飲料批發業；F102050 茶葉批發業；F102170 食品什貨批發業；F104110 布疋、衣著、鞋、帽、傘、服飾品批發業；F105050 家具、寢具、廚房器具、裝設品批發業；F106020 日常用品批發業；F108031 醫療器材批發業；F108040 化粧品批發業；F109070 文教、樂器、育樂用品批發業,臺北市,變更,11506
80538221,喬集偉思特股份有限公司,臺北市中山區南京東路3段28號3樓之1,黃宏基,6250000,,115/06/16,特殊補正,CC01010 發電、輸電、配電機械製造業；E604010 機械安裝業；F113020 電器批發業；F213010 電器零售業；I501010 產品設計業；E601010 電器承裝業；E603090 照明設備安裝工程業；EZ05010 儀器、儀表安裝工程業；F107010 漆料、塗料批發業；F113010 機械批發業,臺北市,變更,11506
80540423,八方新氣股份有限公司,臺北市大安區復興南路1段259號9樓之3,沈靜君,42452300,,115/06/30,特殊補正,F106050 陶瓷玻璃器皿批發業；C901010 陶瓷及陶瓷製品製造業；F401010 國際貿易業；F105010 家具批發業；I501010 產品設計業；J601010 藝文展覽業；ZZ99999 除許可業務外，得經營法令非禁止或限制之業務,臺北市,變更,11506
80543667,村泉建設股份有限公司,臺北市信義區松德路171號14樓之1,洪炳煌,28000000,,115/06/18,董事/監察人持股變動報備,H701010 住宅及大樓開發租售業；ZZ99999 除許可業務外，得經營法令非禁止或限制之業務,臺北市,變更,11506
80547299,欣懋國際有限公司,臺北市內湖區瑞光路212號12樓,張嘉亨,10000000,,115/06/12,改推董事/董事長,CA02010 金屬建築結構及組件製造業；CC01080 電子零組件製造業；CD01030 汽車及其零件製造業；CD01040 機車及其零件製造業；CB01010 機械設備製造業；CC01030 電器及視聽電子產品製造業；CP01010 手工具製造業；C301010 紡紗業；C302010 織布業；F401010 國際貿易業,臺北市,變更,11506
80579524,上達貿易有限公司,臺北市信義區基隆路1段143號11樓之3,陳維雅,40000000,,115/06/02,特殊補正,F101040 家畜家禽批發業；F101050 水產品批發業；F102010 冷凍食品批發業；ZZ99999 除許可業務外，得經營法令非禁止或限制之業務,臺北市,變更,11506
80591219,傑洛國際有限公司,臺北市大安區和平東路2段203號1樓,黃偉倫,9000000,,115/06/23,特殊補正,F102010 冷凍食品批發業；F102040 飲料批發業；F203010 食品、飲料零售業；F401010 國際貿易業；F501030 飲料店業；F501060 餐館業；I101090 食品顧問業；I103010 企業經營管理顧問業；I104010 營養諮詢顧問業；I401010 一般廣告服務業,臺北市,變更,11506
80596116,弘韻科技有限公司,臺北市松山區復興南路1段45號5樓,林正直,5000000,,115/06/25,特殊補正,F401010 國際貿易業；F113050 事務性機器設備批發業；F113020 電器批發業；F113070 電信器材批發業；F118010 資訊軟體批發業；F213030 事務性機器設備零售業；F213010 電器零售業；F213060 電信器材零售業；F218010 資訊軟體零售業；E605010 電腦設備安裝業,臺北市,變更,11506
80620538,近境制作設計有限公司,臺北市大安區信義路4段199巷11號1樓,唐忠漢,41100000,,115/06/12,特殊補正,E801010 室內裝潢業；E201010 景觀工程業；F105010 家具批發業；F205010 家具零售業；F205020 裝設品零售業；CN01010 家具及裝設品製造業；F206040 水器材料零售業；F211010 建材零售業；I503010 景觀、室內設計業；I301030 電子資訊供應服務業,臺北市,變更,11506
80652313,正岳營造股份有限公司,臺北市文山區興隆路4段145巷83弄8號3樓,莊傑麟,60000000,,115/06/03,增資(資本總額),E101011 綜合營造業；J101990 其他環境衛生及污染防治服務業,臺北市,變更,11506
80652806,南亞光電股份有限公司,臺北市松山區民生東路4段54號6樓之12,王文潮,460901700,,115/06/15,特殊補正,CC01010 發電、輸電、配電機械製造業；CC01040 照明設備製造業；CC01080 電子零組件製造業；CC01100 電信管制射頻器材製造業；D401010 熱能供應業；E599010 配管工程業；E601010 電器承裝業；E601020 電器安裝業；E603040 消防安全設備安裝工程業；E603090 照明設備安裝工程業,臺北市,變更,11506
80659667,左岸開發股份有限公司,臺北市中山區長安東路1段18號11樓,李德鈞,130714000,,115/06/04,改選董事/監察人(一人法人股東指派董事/監察人),H701010 住宅及大樓開發租售業；H701020 工業廠房開發租售業；H701040 特定專業區開發業；H703090 不動產買賣業；H703100 不動產租賃業；ZZ99999 除許可業務外，得經營法令非禁止或限制之業務,臺北市,變更,11506
80661122,擎力科技股份有限公司,臺北市南港區園區街3之1號7樓之2,譚永禾,220800000,,115/06/30,董事/監察人持股變動報備,CC01080 電子零組件製造業；F119010 電子材料批發業；F219010 電子材料零售業；I501010 產品設計業；F601010 智慧財產權業；F401010 國際貿易業；ZZ99999 除許可業務外，得經營法令非禁止或限制之業務,臺北市,變更,11506
80664633,弘通股份有限公司,臺北市中山區南京東路2段38號4樓,陳清芳,20000000,,115/06/11,增資(資本總額),I102010 投資顧問業；I103010 企業經營管理顧問業；I301010 資訊軟體服務業；I301020 資料處理服務業；I301030 電子資訊供應服務業；I401010 一般廣告服務業；I401020 廣告傳單分送業；IZ12010 人力派遣業；IZ13010 網路認證服務業；JZ99050 仲介服務業,臺北市,變更,11506
80669709,五聯國際企業股份有限公司,臺北市大安區敦化南路2段200巷18號1樓,陳俊良,10000000,,115/06/12,特殊補正,F113050 電腦及事務性機器設備批發業；F118010 資訊軟體批發業；F213030 電腦及事務性機器設備零售業；F218010 資訊軟體零售業；F401010 國際貿易業；E605010 電腦設備安裝業；I301010 資訊軟體服務業；I301020 資料處理服務業；JE01010 租賃業；ZZ99999 除許可業務外，得經營法令非禁止或限制之業務,臺北市,變更,11506
80670804,峰太股份有限公司,臺北市中正區許昌街42之1號10樓,蘇甯隆,2000000,,115/06/18,特殊補正,E603050 自動控制設備工程業；E604010 機械安裝業；E605010 電腦設備安裝業；F106030 模具批發業；F113010 機械批發業；F113050 電腦及事務性機器設備批發業；F118010 資訊軟體批發業；F119010 電子材料批發業；F120010 耐火材料批發業；F206030 模具零售業,臺北市,變更,11506
80670826,和昌國際工業股份有限公司,臺北市內湖區潭美街539號21樓,江程金,485286430,,115/06/10,特殊補正,C901040 預拌混凝土製造業；C901050 水泥及混凝土製品製造業；F111090 建材批發業；F211010 建材零售業；ZZ99999 除許可業務外，得經營法令非禁止或限制之業務,臺北市,變更,11506
80673751,月華天股份有限公司,臺北市松山區南京東路3段303巷6弄5號1樓,周貝芬,1700000,,115/06/02,減資,F108040 化粧品批發業；F208040 化粧品零售業；F106020 日常用品批發業；F206020 日常用品零售業；F107030 清潔用品批發業；F207030 清潔用品零售業；F102170 食品什貨批發業；F102040 飲料批發業；JZ99110 瘦身美容業；ZZ99999 除許可業務外，得經營法令非禁止或限制之業務,臺北市,變更,11506
80673823,台灣英飛凌科技股份有限公司,臺北市內湖區瑞光路335號17樓,潘大偉(David POON),249000000,,115/06/18,董事/監察人證照變更,I501010 產品設計業；F401010 國際貿易業；I301010 資訊軟體服務業；I199990 其他顧問服務業；IZ99990 其他工商服務業；ZZ99999 除許可業務外，得經營法令非禁止或限制之業務,臺北市,變更,11506
80674294,美麗信酒店股份有限公司,臺北市中山區市民大道3段83號,徐明潭,372150000,,115/06/18,改選董事/監察人(一人法人股東指派董事/監察人),J901011 觀光旅館業；J901020 一般旅館業；F501060 餐館業；ZZ99999 除許可業務外，得經營法令非禁止或限制之業務,臺北市,變更,11506
80676069,李芸國際專業服裝股份有限公司,臺北市南港區興南路59號4樓,李崇蘭,6000000,,115/06/03,改選董事/監察人(一人法人股東指派董事/監察人),C306010 成衣業；C307010 服飾品製造業；F104020 成衣批發業；F104050 服飾品批發業；F204020 成衣零售業；F204050 服飾品零售業；ZZ99999 除許可業務外，得經營法令非禁止或限制之業務,臺北市,變更,11506
80678762,合洋興業有限公司,臺北市中山區中山北路2段129號9樓之3,陳奕靜,900000,,115/06/25,公司所在地,H701010 住宅及大樓開發租售業；H701020 工業廠房開發租售業；H703090 不動產買賣業；H703100 不動產租賃業；F401010 國際貿易業；ZZ99999 除許可業務外，得經營法令非禁止或限制之業務,臺北市,變更,11506
80680205,昕傳科技股份有限公司,臺北市松山區光復南路67號7樓,潘書鴻,80000000,,115/06/25,特殊補正,CC01060 有線通信機械器材製造業；CC01070 無線通信機械器材製造業；CC01030 電器及視聽電子產品製造業；CE01010 一般儀器製造業；E601010 電器承裝業；E601020 電器安裝業；E603050 自動控制設備工程業；E604010 機械安裝業；E605010 電腦設備安裝業；E701010 電信工程業,臺北市,變更,11506
80687072,哈維特國際股份有限公司,臺北市內湖區洲子街151號7樓之1,何裕宏,228646720,,115/06/30,修正章程,F401010 國際貿易業；F102030 菸酒批發業；F203020 菸酒零售業；F109010 圖書批發業；F209010 書籍、文具零售業；F401161 菸類輸入業；F401171 酒類輸入業；ZZ99999 除許可業務外，得經營法令非禁止或限制之業務,臺北市,變更,11506
80687495,聖詩美容企業股份有限公司,臺北市士林區中山北路5段647號2樓,黃貴鳳,1000000,,115/06/24,特殊補正,F102170 食品什貨批發業；F104110 布疋、衣著、鞋、帽、傘、服飾品批發業；F106020 日常用品批發業；F107030 清潔用品批發業；F108040 化粧品批發業；F199990 其他批發業；F203010 食品什貨、飲料零售業；F204110 布疋、衣著、鞋、帽、傘、服飾品零售業；F206020 日常用品零售業；F207030 清潔用品零售業,臺北市,變更,11506
80687853,聖恩美容企業股份有限公司,臺北市大安區忠孝東路4段177號3樓及3樓之6,黃貴鳳,1000000,,115/06/15,減少所營事業變更修正章程,F102170 食品什貨批發業；F104110 布疋、衣著、鞋、帽、傘、服飾品批發業；F108040 化粧品批發業；F106020 日常用品批發業；F107030 清潔用品批發業；F199990 其他批發業；F203010 食品什貨、飲料零售業；F204110 布疋、衣著、鞋、帽、傘、服飾品零售業；F206020 日常用品零售業；F207030 清潔用品零售業,臺北市,變更,11506
80687930,何世國際股份有限公司,臺北市中正區重慶南路2段51號11樓,何堉輝,30000000,,115/06/30,董事/監察人持股變動報備,ZZ99999 除許可業務外，得經營法令非禁止或限制之業務；I102010 一般投資顧問業；I103060 管理顧問業；I301020 資料處理服務業；F102030 菸酒批發業；F203020 菸酒零售業；H703100 不動產租賃業；JE01010 租賃業,臺北市,變更,11506
80689141,示尼珥投資股份有限公司,臺北市信義區信義路4段456號17樓之1,蕭慧蘭,26345690,,115/06/17,改選董事/監察人(一人法人股東指派董事/監察人),H201010 一般投資業,臺北市,變更,11506
80689212,啟示廣告有限公司,臺北市大安區光復南路260巷24號2樓,陳令鵬,5000000,,115/06/17,特殊補正,I401010 一般廣告服務業；I401020 廣告傳單分送業；I501010 產品設計業；JZ99050 仲介服務業；JB01010 會議及展覽服務業；F401010 國際貿易業,臺北市,變更,11506
80689780,歐理國際股份有限公司,臺北市松山區復興北路331號6樓,曾温鈞,18500000,,115/06/24,特殊補正,F118010 資訊軟體批發業；F218010 資訊軟體零售業；I301010 資訊軟體服務業；I301020 資料處理服務業；I301030 電子資訊供應服務業；I501010 產品設計業；F401010 國際貿易業；ZZ99999 除許可業務外，得經營法令非禁止或限制之業務；F102170 食品什貨批發業；F501990 其他餐飲業,臺北市,變更,11506
80690203,網件有限公司,臺北市內湖區基湖路3巷9號3樓,Bryan Douglas Murray,500000,,115/06/10,董事/股東證照變更,I301010 資訊軟體服務業；IZ99990 其他工商服務業(事務機器之研發)；I501010 產品設計業；F401021 電信管制射頻器材輸入業；ZZ99999 除許可業務外，得經營法令非禁止或限制之業務,臺北市,變更,11506
80690750,冠翔國際旅行社有限公司,臺北市中山區長安東路2段6之1號4樓,張冠玲,8000000,,115/06/08,特殊補正,J902011 旅行業,臺北市,變更,11506
80706726,鍏儀科技有限公司,臺北市內湖區內湖路1段91巷17號2樓之1,蔡福財,38000000,,115/06/09,增資,F106010 五金批發業；F206010 五金零售業；F113030 精密儀器批發業；F213040 精密儀器零售業；F213080 機械器具零售業；F113990 其他機械器具批發業(工業用馬達、泵浦）；F213990 其他機械器具零售業(工業用馬達、泵浦）；E604010 機械安裝業；F401010 國際貿易業；ZZ99999 除許可業務外，得經營法令非禁止或限制之業務,臺北市,變更,11506
81046553,安抵航空貨運代理有限公司,臺北市內湖區瑞光路66巷23號5樓,陳玉明,20000000,,115/06/29,公司所在地,G601011 航空貨運承攬業；ZZ99999 除許可業務外，得經營法令非禁止或限制之業務代客包裝等業務,臺北市,變更,11506
81188829,長榮鋼鐵股份有限公司,臺北市中山區長安東路2段100號11樓,林耿立,4170914630,,115/06/29,改選董事/監察人(一人法人股東指派董事/監察人),CA01010 鋼鐵冶鍊業；CA01020 鋼鐵軋延及擠型業；CA01030 鋼鐵鑄造業；CA01050 鋼材二次加工業；CA05010 粉末冶金業；CB01010 機械設備製造業；CD01010 船舶及其零件製造業；CD01020 軌道車輛及其零件製造業；CD01030 汽車及其零件製造業；D101050 汽電共生業,臺北市,變更,11506
82773691,元翔有限公司,臺北市中山區民權東路2段135巷29弄2號1樓,羅凱嶽,500000,,115/06/09,特殊補正,F501990 其他餐飲業；F102040 飲料批發業；F101070 漁具批發業；F102050 茶葉批發業；F102170 食品什貨批發業；F102030 菸酒批發業；F104110 布疋、衣著、鞋、帽、傘、服飾品批發業；F106020 日常用品批發業；F114040 自行車及其零件批發業；F114050 車胎批發業,臺北市,變更,11506
82775369,新加坡商藍旅有限公司,臺北市中正區館前路2號11樓,"POH TZU WEI,LEONARD",1000000,,115/06/10,一般補正案,F104110 布疋、衣著、鞋、帽、傘、服飾品批發業；F106020 日常用品批發業；F109070 文教、樂器、育樂用品批發業；F114040 自行車及其零件批發業；F204110 布疋、衣著、鞋、帽、傘、服飾品零售業；F206020 日常用品零售業；F209060 文教、樂器、育樂用品零售業；F214040 自行車及其零件零售業；F401010 國際貿易業；ZZ99999 除許可業務外，得經營法令非禁止或限制之業務,臺北市,變更,11506
82781088,一兆遊戲有限公司,臺北市中正區懷寧街92號3樓,許永嘉,5000000,,115/06/12,申登機關變更（遷入，含卷）,H701010 住宅及大樓開發租售業；H701020 工業廠房開發租售業；H701060 新市鎮、新社區開發業；H703100 不動產租賃業；H703110 老人住宅業；ZZ99999 除許可業務外，得經營法令非禁止或限制之業務；F201010 農產品零售業；F203010 食品什貨、飲料零售業；F207030 清潔用品零售業；F208040 化粧品零售業,臺北市,變更,11506
82782143,毛貝比生技股份有限公司,臺北市中山區八德路2段239號3樓,黃安綺,3000000,,115/06/08,法人股東更名、國籍、地址變更,F103010 飼料批發業；F202010 飼料零售業；I103060 管理顧問業；I199990 其他顧問服務業；IG01010 生物技術服務業；IG02010 研究發展服務業；F206050 寵物食品及其用品零售業；F102170 食品什貨批發業；F107070 動物用藥品批發業；F108040 化粧品批發業,臺北市,變更,11506
82795999,人人應用細胞生物科技股份有限公司,臺北市中正區忠孝東路1段76號11樓之3,李宜光,80000000,,115/06/30,特殊補正,I103060 管理顧問業；I301020 資料處理服務業；I301030 電子資訊供應服務業；IC01010 藥品檢驗業；IG01010 生物技術服務業；IZ99990 其他工商服務業；F108040 化粧品批發業；F208040 化粧品零售業；F401010 國際貿易業；F601010 智慧財產權業,臺北市,變更,11506
82796033,鼎勝綠能科技股份有限公司,臺北市大同區市民大道1段209號14樓,劉佳鈞,592970000,,115/06/18,改選董事/監察人(一人法人股東指派董事/監察人),CB01010 機械設備製造業；CB01030 污染防治設備製造業；D101050 汽電共生業；D401010 熱能供應業；E103101 環境保護工程專業營造業；E502010 燃料導管安裝工程業；E599010 配管工程業；E603010 電纜安裝工程業；E603040 消防安全設備安裝工程業；E603050 自動控制設備工程業,臺北市,變更,11506
82797455,台灣捷熱能源股份有限公司,臺北市信義區松仁路32號9樓,河田真澄(Masumi Kawata),50000000,,115/06/11,特殊補正,I103060 管理顧問業；D101060 再生能源自用發電設備業；IG03010 能源技術服務業；H201010 一般投資業；I102010 投資顧問業；ZZ99999 除許可業務外，得經營法令非禁止或限制之業務,臺北市,變更,11506
82797976,萬達資訊服務有限公司,臺北市大同區重慶北路1段30號3樓,薛楨純,5000000,,115/06/23,特殊補正,F113070 電信器材批發業；F118010 資訊軟體批發業；F213060 電信器材零售業；F218010 資訊軟體零售業；F399040 無店面零售業；F401010 國際貿易業；I301010 資訊軟體服務業；I301020 資料處理服務業；I301030 電子資訊供應服務業；I401010 一般廣告服務業,臺北市,變更,11506
82799947,承仟室內裝修有限公司,臺北市信義區基隆路1段380號9樓,蘇柏璁,5000000,,115/06/18,股東出資轉讓修正章程,EZ99990 其他工程業；F401010 國際貿易業；F601010 智慧財產權業；H201010 一般投資業；H202010 創業投資業；I102010 投資顧問業；I103060 管理顧問業；I199990 其他顧問服務業；I501010 產品設計業；I503010 景觀、室內設計業,臺北市,變更,11506
82800368,信研有限公司,臺北市南港區成功路1段32號2樓之2,陳怡蓉,1000000,,115/06/30,特殊補正,F113030 精密儀器批發業；F113060 度量衡器批發業；F119010 電子材料批發業；F113010 機械批發業；I103060 管理顧問業；I501010 產品設計業；IG01010 生物技術服務業；IG02010 研究發展服務業；IG03010 能源技術服務業；JA02010 電器及電子產品修理業,臺北市,變更,11506
82800780,吉光數位股份有限公司,臺北市中山區復興北路48號7樓,李欣樺,2000000,,115/06/25,增資(資本總額),JB01010 會議及展覽服務業；I199990 其他顧問服務業；I501010 產品設計業；IZ15010 市場研究及民意調查業；F299990 其他零售業；F401010 國際貿易業；I102010 投資顧問業；I103060 管理顧問業；I301010 資訊軟體服務業；I301020 資料處理服務業,臺北市,變更,11506
82801036,麻吉砥加有限公司,臺北市信義區松仁路100號23樓,黃立成,100000000,,115/06/12,特殊補正,J601010 藝文服務業；J602010 演藝活動業；H201010 一般投資業；H202010 創業投資業；H703090 不動產買賣業；H703100 不動產租賃業；I102010 投資顧問業；I103060 管理顧問業；F401010 國際貿易業；ZZ99999 除許可業務外，得經營法令非禁止或限制之業務,臺北市,變更,11506
82802387,寅茶有限公司,臺北市大安區信義路4段279號6樓,朱致衡,3000000,,115/06/22,補繳規費,F102040 飲料批發業；F102050 茶葉批發業；F102170 食品什貨批發業；F106020 日常用品批發業；F501030 飲料店業；F105050 家具、寢具、廚房器具、裝設品批發業；F501060 餐館業；F399040 無店面零售業；F601010 智慧財產權業；F401010 國際貿易業,臺北市,變更,11506
82802865,台灣利優資訊科技有限公司,臺北市大安區忠孝東路4段290號10樓,LUM CHI XIANG,5000000,,115/06/15,改推董事/董事長,I301010 資訊軟體服務業；I301020 資料處理服務業；I199990 其他顧問服務業；F118010 資訊軟體批發業；F113050 電腦及事務性機器設備批發業；F401010 國際貿易業；I103060 管理顧問業；ZZ99999 除許可業務外，得經營法令非禁止或限制之業務；IZ12010 人力派遣業,臺北市,變更,11506
82806638,鼎峰亞太有限公司,臺北市松山區敦化南路1段5號5樓,陳圖坤,5100000,,115/06/25,公司所在地,F118010 資訊軟體批發業；F113030 精密儀器批發業；F113050 電腦及事務性機器設備批發業；F401010 國際貿易業；F601010 智慧財產權業；I301010 資訊軟體服務業；I301020 資料處理服務業；I301030 電子資訊供應服務業；ZZ99999 除許可業務外，得經營法令非禁止或限制之業務,臺北市,變更,11506
82806659,漢宇口筆譯服務有限公司,臺北市信義區基隆路1段155號5樓之8,曹晉熙,1000000,,115/06/18,特殊補正,I103060 管理顧問業；I199990 其他顧問服務業；IZ04010 翻譯業；I301020 資料處理服務業；I301030 電子資訊供應服務業；IZ99990 其他工商服務業；JB01010 會議及展覽服務業；I501010 產品設計業；J602010 演藝活動業；H703100 不動產租賃業,臺北市,變更,11506
82807720,魏海士生技股份有限公司,臺北市中正區中山北路1段2號11樓之11,魏煥倫,10000000,,115/06/29,特殊補正,A301030 水產養殖業；A302010 對外漁業合作業；A302020 漁業服務業；A399990 其他漁業；C201010 飼料製造業；C201020 寵物食品製造業；F101050 水產品批發業；F101120 觀賞魚批發業；F103010 飼料批發業；F201030 水產品零售業,臺北市,變更,11506
82808621,印信室內裝修設計工程有限公司,臺北市信義區基隆路1段143號11樓之3,鄭萬枝,3000000,,115/06/08,特殊補正,E801010 室內裝潢業；E801060 室內裝修業；I503010 景觀、室內設計業；E801030 室內輕鋼架工程業；E603090 照明設備安裝工程業；E901010 油漆工程業；E801020 門窗安裝工程業；E801040 玻璃安裝工程業；E801070 廚具、衛浴設備安裝工程業；E599010 配管工程業,臺北市,變更,11506
82809240,台頌股份有限公司,臺北市中正區博愛路53號10樓,洪敏弘,150500000,,115/06/29,改選董事/監察人(一人法人股東指派董事/監察人),H201010 一般投資業；H701010 住宅及大樓開發租售業；H703100 不動產租賃業；I102010 投資顧問業；ZZ99999 除許可業務外，得經營法令非禁止或限制之業務,臺北市,變更,11506
82810318,璈橡國際娛樂股份有限公司,臺北市大安區金山南路2段148號3樓,潘昱恒,32569590,,115/06/04,改派董事/監察人,F118010 資訊軟體批發業；I301010 資訊軟體服務業；I301020 資料處理服務業；I301030 電子資訊供應服務業；I301040 第三方支付服務業；I301050 實境體感應用服務業；JB01010 會議及展覽服務業；ZZ99999 除許可業務外，得經營法令非禁止或限制之業務,臺北市,變更,11506
82811409,築光整合有限公司,臺北市北投區復興一路51號,黃彥智,2000000,,115/06/23,公司所營事業變更修正章程,F213010 電器零售業；F209060 文教、樂器、育樂用品零售業；F213030 電腦及事務性機器設備零售業；E601020 電器安裝業；I599990 其他設計業；I301010 資訊軟體服務業；JA02010 電器及電子產品修理業；E603050 自動控制設備工程業；E603090 照明設備安裝工程業；JZ99990 未分類其他服務業,臺北市,變更,11506
82812049,工二規劃設計顧問股份有限公司,臺北市士林區通河東街1段180號1樓,胡靖元,3000000,,115/06/09,特殊補正,F106010 五金批發業；F206010 五金零售業；F111090 建材批發業；F211010 建材零售業；F105050 家具、寢具、廚房器具、裝設品批發業；F205040 家具、寢具、廚房器具、裝設品零售業；F399040 無店面零售業；F401010 國際貿易業；C701010 印刷業；C703010 印刷品裝訂及加工業,臺北市,變更,11506
82812596,奧爾斯國際股份有限公司,臺北市中山區吉林路198號,張以嫻,3000000,,115/06/01,特殊補正,JZ99090 喜慶綜合服務業；J602010 演藝活動業；JB01010 會議及展覽服務業；JZ99030 攝影業；F102170 食品什貨批發業；F208040 化粧品零售業；F216010 照相器材零售業；F204110 布疋、衣著、鞋、帽、傘、服飾品零售業；I401010 一般廣告服務業；I501010 產品設計業,臺北市,變更,11506
82813878,東浚寵物用品有限公司,臺北市士林區中山北路6段236巷6號1樓,劉當銳,4000000,,115/06/18,特殊補正,F103010 飼料批發業；F106060 寵物食品及其用品批發業；F107030 清潔用品批發業；F108040 化粧品批發業；F109070 文教、樂器、育樂用品批發業；F101980 其他動物批發業；F202010 飼料零售業；F206050 寵物食品及其用品零售業；F207030 清潔用品零售業；F208040 化粧品零售業,臺北市,變更,11506
82814840,放手做有限公司,臺北市松山區南京東路4段15號3樓之1,余文加,2000000,,115/06/10,特殊補正,J802010 運動訓練業；F299990 其他零售業,臺北市,變更,11506
82815088,珩禧股份有限公司,臺北市中山區南京東路3段101號4樓,張富雅,200000,,115/06/25,改選董事/監察人(一人法人股東指派董事/監察人),I103060 管理顧問業；I301030 電子資訊供應服務業；I401010 一般廣告服務業；I501010 產品設計業；J303010 雜誌（期刊）出版業；J305010 有聲出版業；J503020 電視節目製作業；J503040 廣播電視廣告業；J602010 演藝活動業；JB01010 會議及展覽服務業,臺北市,變更,11506
82815411,奔騰智慧生醫股份有限公司,臺北市內湖區瑞光路581之1號,陳瑞聰,151280996,,115/06/10,發行新股,F118010 資訊軟體批發業；F218010 資訊軟體零售業；I301010 資訊軟體服務業；I301020 資料處理服務業；CC01990 其他電機及電子機械器材製造業；F113010 機械批發業；F119010 電子材料批發業；F219010 電子材料零售業；F113030 精密儀器批發業；F213040 精密儀器零售業,臺北市,變更,11506
82816827,金地遠實業股份有限公司,臺北市中山區民權西路20號6樓之7,林顯東,2099198270,,115/06/01,特殊補正,H201010 一般投資業,臺北市,變更,11506
82818445,亞高國際移民顧問股份有限公司,臺北市中山區南京東路2段101號9樓,蔡明良,7550000,,115/06/11,公司所營事業變更修正章程,JA04011 移民服務業；JA05010 留、遊學服務業；F401010 國際貿易業；I102010 投資顧問業；H202010 創業投資業；H702010 建築經理業；H703090 不動產買賣業；H703100 不動產租賃業；JZ99050 仲介服務業；ZZ99999 除許可業務外，得經營法令非禁止或限制之業務,臺北市,變更,11506
82824137,合芯微科技有限公司,臺北市中山區大直街127巷9號,苗延武,2000000,,115/06/09,停業副本,CC01080 電子零組件製造業；F113010 機械批發業；F113020 電器批發業；F113030 精密儀器批發業；F113050 電腦及事務性機器設備批發業；F118010 資訊軟體批發業；F119010 電子材料批發業；F213010 電器零售業；F213030 電腦及事務性機器設備零售業；F213040 精密儀器零售業,臺北市,變更,11506
82828675,萬大國際開發有限公司,臺北市中正區許昌街42之1號10樓,李天皓,13500000,,115/06/12,特殊補正,I103060 管理顧問業；I199990 其他顧問服務業；H201010 一般投資業；I401010 一般廣告服務業；I503010 景觀、室內設計業；I301020 資料處理服務業；EZ06010 交通標示工程業；F401010 國際貿易業；ZZ99999 除許可業務外，得經營法令非禁止或限制之業務；F113070 電信器材批發業,臺北市,變更,11506
82843795,緯宸顧問有限公司,臺北市中山區新生北路3段43號8樓之25,張媚湘,300000,,115/06/10,特殊補正,I103060 管理顧問業；F209060 文教、樂器、育樂用品零售業；F108040 化粧品批發業；F208040 化粧品零售業；F113020 電器批發業；F213010 電器零售業；F113010 機械批發業；F213080 機械器具零售業；ZZ99999 除許可業務外，得經營法令非禁止或限制之業務,臺北市,變更,11506
82847624,宏潤興業股份有限公司,臺北市士林區中山北路5段520號8樓,李朕,40000000,,115/06/15,特殊補正,H701010 住宅及大樓開發租售業；H701020 工業廠房開發租售業；H701050 投資興建公共建設業；H701060 新市鎮、新社區開發業；H701070 區段徵收及市地重劃代辦業；H703090 不動產買賣業；H703100 不動產租賃業；H703110 老人住宅業；F111090 建材批發業；F211010 建材零售業,臺北市,變更,11506
82850401,台灣閎鼎貳股份有限公司,臺北市信義區基隆路1段333號13樓,鄭敦謙,500000,,115/06/01,改選董事/監察人(一人法人股東指派董事/監察人),I102010 投資顧問業；I103060 管理顧問業；H201010 一般投資業；H202010 創業投資業；ZZ99999 除許可業務外，得經營法令非禁止或限制之業務,臺北市,變更,11506
82856117,新盛力投資股份有限公司,臺北市松山區敦化北路214號8樓,連勝武,77000000,,115/06/12,特殊補正,I102010 一般投資顧問業；I103060 管理顧問業；H201010 一般投資業；H202010 創業投資業；ZZ99999 除許可業務外，得經營法令非禁止或限制之業務,臺北市,變更,11506
82856307,光動台灣有限公司,臺北市中正區南海路20號4樓,,500000,,115/06/12,解散,F114040 自行車及其零件批發業；F214040 自行車及其零件零售業；F401010 國際貿易業；H201010 一般投資業；I199990 其他顧問服務業；JA02030 自行車修理業；JE01010 租賃業；ZZ99999 除許可業務外，得經營法令非禁止或限制之業務,臺北市,變更,11506
82857093,彼得羅有限公司,臺北市大同區承德路1段24巷2號1樓,簡育偉,6166000,,115/06/22,補繳規費,F501060 餐館業,臺北市,變更,11506
82857235,川軒發展有限公司,臺北市大安區安和路2段189巷11號1樓,陳家敬,18000000,,115/06/16,公司印鑑變更,F114070 航空器及其零件批發業；F114990 其他交通運輸工具及其零件批發業；F214070 航空器及其零件零售業；F399040 無店面零售業；H701010 住宅及大樓開發租售業；H701020 工業廠房開發租售業；H701050 投資興建公共建設業；H701070 區段徵收及市地重劃代辦業；H703090 不動產買賣業；H703100 不動產租賃業,臺北市,變更,11506
82857241,恆勢有限公司,臺北市大同區鄭州路101號11樓之2,林豪仁,33000000,,115/06/09,公司所在地,H701010 住宅及大樓開發租售業；H701020 工業廠房開發租售業；H701050 投資興建公共建設業；H701070 區段徵收及市地重劃代辦業；H703090 不動產買賣業；H703100 不動產租賃業；HZ02010 金融機構金錢債權收買業務；HZ02020 辦理金融機構金錢債權之評價或拍賣業務；HZ99990 其他金融、保險及不動產業；I102010 投資顧問業,臺北市,變更,11506
82862429,肌蜜實業有限公司,臺北市中山區南京東路2段101號12樓,陳婌玲,500000,,115/06/10,改推董事/董事長,F104110 布疋、衣著、鞋、帽、傘、服飾品批發業；F106020 日常用品批發業；F107030 清潔用品批發業；F108040 化粧品批發業；F115010 首飾及貴金屬批發業；F121010 食品添加物批發業；F203010 食品什貨、飲料零售業；F204110 布疋、衣著、鞋、帽、傘、服飾品零售業；F206020 日常用品零售業；F207030 清潔用品零售業,臺北市,變更,11506
82869582,熊貓眼娛樂有限公司,臺北市內湖區東湖路113巷49弄19號,戴浩然,1250000,,115/06/12,增資,F209060 文教、樂器、育樂用品零售業；F109070 文教、樂器、育樂用品批發業；I401010 一般廣告服務業；I401020 廣告傳單分送業；I501010 產品設計業；J601010 藝文服務業；J602010 演藝活動業；J603010 音樂展演空間業；JB01010 會議及展覽服務業；JE01010 租賃業,臺北市,變更,11506
82871341,茵懋有限公司,臺北市中山區中山北路3段27號12樓,張子茵,57800000,,115/06/17,股東出資轉讓修正章程,H201010 一般投資業；H703090 不動產買賣業；H703100 不動產租賃業；ZZ99999 除許可業務外，得經營法令非禁止或限制之業務,臺北市,變更,11506
82876042,群創能源科技股份有限公司,臺北市內湖區成功路4段188號11樓之18,許峻瑋,217000000,,115/06/26,補繳規費,IG03010 能源技術服務業；CC01010 發電、輸電、配電機械製造業；E601010 電器承裝業；H701050 投資興建公共建設業；H703090 不動產買賣業；H703100 不動產租賃業；JE01010 租賃業；I101070 農、林、漁、畜牧顧問業；F401010 國際貿易業；F101040 家畜家禽批發業,臺北市,變更,11506
82883888,醉心空間設計有限公司,臺北市大同區重慶北路3段277號1樓,張禹棠,1500000,,115/06/30,公司所在地,I503010 景觀、室內設計業；I501010 產品設計業；I199990 其他顧問服務業；I599990 其他設計業；E601020 電器安裝業；E603010 電纜安裝工程業；E603020 電梯安裝工程業；E603040 消防安全設備安裝工程業；E603050 自動控制設備工程業；E603080 交通號誌安裝工程業,臺北市,變更,11506
82884351,黑爵資訊有限公司,臺北市信義區基隆路1段400號8樓之5,張國麟,6500000,,115/06/25,特殊補正,E605010 電腦設備安裝業；F113050 電腦及事務性機器設備批發業；F118010 資訊軟體批發業；F401010 國際貿易業；F601010 智慧財產權業；I103060 管理顧問業；I301010 資訊軟體服務業；I301020 資料處理服務業；I301030 電子資訊供應服務業；I199990 其他顧問服務業,臺北市,變更,11506
82886034,碩諒科技工程顧問有限公司,臺北市大安區忠孝東路3段86號6樓之3,倪超凡,1000000,,115/06/05,公司所營事業變更修正章程,A102080 園藝服務業；E603040 消防安全設備安裝工程業；E604010 機械安裝業；E801010 室內裝潢業；E801020 門窗安裝工程業；E801030 室內輕鋼架工程業；E801040 玻璃安裝工程業；E801070 廚具、衛浴設備安裝工程業；E901010 油漆工程業；E903010 防蝕、防銹工程業,臺北市,變更,11506
82886610,皓崴國際顧問有限公司,臺北市大安區信義路4段96號12樓之2,陳律安,5000000,,115/06/05,增資,I101090 食品顧問業；I103060 管理顧問業；I105010 藝術品諮詢顧問業；I199990 其他顧問服務業；I301010 資訊軟體服務業；I301030 電子資訊供應服務業；I401010 一般廣告服務業；I599990 其他設計業；F399040 無店面零售業；ZZ99999 除許可業務外，得經營法令非禁止或限制之業務,臺北市,變更,11506
82899636,楷令設計室內裝修股份有限公司,臺北市中正區忠孝東路2段121巷18號1樓,林美嫻,700000,,115/06/26,特殊補正,E801060 室內裝修業；JB01010 會議及展覽服務業；I503010 景觀設計業；I401010 一般廣告服務業；F209060 文教、樂器、育樂用品零售業；F401010 國際貿易業；F211010 建材零售業；F214010 汽車零售業；H703100 不動產租賃業；H703090 不動產買賣業,臺北市,變更,11506
82900459,維特克能源有限公司,臺北市內湖區洲子街88號1樓,今野宏晃,300000000,,115/06/30,特殊補正,D101011 發電業；F213040 精密儀器零售業；F213080 機械器具零售業；F213990 其他機械器具零售業；F401010 國際貿易業；D101060 再生能源自用發電設備業；IG03010 能源技術服務業；ZZ99999 除許可業務外，得經營法令非禁止或限制之業務,臺北市,變更,11506
82900649,富田材料有限公司,臺北市大同區延平北路1段102號10樓,楊志中,500000,,115/06/30,特殊補正,F102170 食品什貨批發業；F119010 電子材料批發業；F203010 食品什貨、飲料零售業；F219010 電子材料零售業；F401010 國際貿易業；ZZ99999 除許可業務外，得經營法令非禁止或限制之業務,臺北市,變更,11506
82901176,至尊控股股份有限公司,臺北市松山區南京東路5段202號4樓之5,王圓宜,330000,,115/06/17,董事/監察人持股變動報備,H701010 住宅及大樓開發租售業；H701020 工業廠房開發租售業；H703090 不動產買賣業；H703100 不動產租賃業；H701030 殯葬場所開發租售業；H701050 投資興建公共建設業；H701060 新市鎮、新社區開發業；H701070 區段徵收及市地重劃代辦業；H701090 都市更新整建維護業；H702010 建築經理業,臺北市,變更,11506
82901318,艾麥迦技術股份有限公司,臺北市中正區許昌街42號8樓,楊怡倩,2000000,,115/06/08,改選董事/監察人(一人法人股東指派董事/監察人),E604010 機械安裝業；EZ99990 其他工程業；F113010 機械批發業；F113030 精密儀器批發業；F113990 其他機械器具批發業；F199990 其他批發業；F401010 國際貿易業；IG03010 能源技術服務業；ZZ99999 除許可業務外，得經營法令非禁止或限制之業務,臺北市,變更,11506
82901730,众力國際有限公司,臺北市中正區博愛路154號4樓,姜佳君,1000000,,115/06/29,股東出資轉讓修正章程,I199990 其他顧問服務業；I103060 管理顧問業；IZ99990 其他工商服務業；IZ12010 人力派遣業；ZZ99999 除許可業務外，得經營法令非禁止或限制之業務,臺北市,變更,11506
82907586,植仕美科技股份有限公司,臺北市中山區南京東路3段208號9樓,蔡松棋,51000000,,115/06/26,特殊補正,I102010 投資顧問業；I103060 管理顧問業；I199990 其他顧問服務業；I301010 資訊軟體服務業；I501010 產品設計業；I599990 其他設計業；IG01010 生物技術服務業；IG02010 研究發展服務業；I401010 一般廣告服務業；F108031 醫療器材批發業,臺北市,變更,11506
82907777,台智基因體股份有限公司,臺北市大同區長安西路106號5樓之1,廖群,60000000,,115/06/09,特殊補正,F113010 機械批發業；F113020 電器批發業；F113030 精密儀器批發業；F113050 電腦及事務性機器設備批發業；F116010 照相器材批發業；F118010 資訊軟體批發業；F213010 電器零售業；F213030 電腦及事務性機器設備零售業；F213040 精密儀器零售業；F213080 機械器具零售業,臺北市,變更,11506
82908797,海量健康事業有限公司,臺北市大同區延平北路2段286之5號1樓,蔡文國,300000,,115/06/17,公司所在地,F401010 國際貿易業；I103060 管理顧問業；I105010 藝術品諮詢顧問業；I501010 產品設計業；F109070 文教、樂器、育樂用品批發業；F113010 機械批發業；F113030 精密儀器批發業；F113020 電器批發業；F113050 電腦及事務性機器設備批發業；F113070 電信器材批發業,臺北市,變更,11506
82911456,臺灣百濟神州有限公司,臺北市信義區松仁路97號4樓,吳楚珊,168000000,,115/06/22,法人股東指(改)派代表人為董事,IG01010 生物技術服務業；I103060 管理顧問業；F401010 國際貿易業；ZZ99999 除許可業務外，得經營法令非禁止或限制之業務；F108021 西藥批發業；F208021 西藥零售業,臺北市,變更,11506
82917873,宏利資訊股份有限公司,臺北市大安區敦化南路1段205號11樓之11,陳建利,3000000,,115/06/25,特殊補正,F118010 資訊軟體批發業；F119010 電子材料批發業；F218010 資訊軟體零售業；F219010 電子材料零售業；F401010 國際貿易業；I301010 資訊軟體服務業；I301020 資料處理服務業；I301030 電子資訊供應服務業；I501010 產品設計業；J399010 軟體出版業,臺北市,變更,11506
82918795,利方富園投資股份有限公司,臺北市內湖區民權東路6段280巷96號3樓,林美娟,24000000,,115/06/02,改選董事/監察人(一人法人股東指派董事/監察人),H201010 一般投資業,臺北市,變更,11506
82919078,立展農業科技股份有限公司,臺北市北投區大業路527巷29號,高泳昇,109000000,,115/06/12,特殊補正,A102050 作物栽培服務業；A102080 園藝服務業；C801110 肥料製造業；CA02060 金屬容器製造業；CA02990 其他金屬製品製造業；CB01010 機械設備製造業；CC01010 發電、輸電、配電機械製造業；CC01080 電子零組件製造業；CC01090 電池製造業；CD01030 汽車及其零件製造業,臺北市,變更,11506
82920928,傾城國際股份有限公司,臺北市士林區承德路4段196號2樓,邱韋中,2000000,,115/06/12,特殊補正,F104110 布疋、衣著、鞋、帽、傘、服飾品批發業；F204110 布疋、衣著、鞋、帽、傘、服飾品零售業；F106020 日常用品批發業；F206020 日常用品零售業；F107030 清潔用品批發業；F207030 清潔用品零售業；F113020 電器批發業；F213010 電器零售業；F399040 無店面零售業；F401010 國際貿易業,臺北市,變更,11506
82923376,路朋租賃有限公司,臺北市士林區重慶北路4段250號4樓,陳雲華,11000000,,115/06/23,補繳規費,G101041 小客車租賃業；G202010 停車場經營業；F114010 汽車批發業；F114020 機車批發業；F114030 汽、機車零件配備批發業；F114050 車胎批發業；F114990 其他交通運輸工具及其零件批發業；F213060 電信器材零售業；F214010 汽車零售業；F214020 機車零售業,臺北市,變更,11506
82925992,國金能源股份有限公司,臺北市中正區開封街1段2號7樓之4,張家維,187000000,,115/06/25,特殊補正,D101011 發電業；D101060 再生能源自用發電設備業；E606010 用電設備檢驗維護業；E607010 太陽熱能設備安裝工程業；IG03010 能源技術服務業；ZZ99999 除許可業務外，得經營法令非禁止或限制之業務,臺北市,變更,11506
82940179,群益私募股權股份有限公司,臺北市松山區民生東路3段156號11樓,周秀真,348150000,,115/06/24,特殊補正,I102010 投資顧問業；I103060 管理顧問業；H202010 創業投資業；H201010 一般投資業；H204010 私募股權投資業；ZZ99999 除許可業務外，得經營法令非禁止或限制之業務,臺北市,變更,11506
82940213,樂多無限有限公司,臺北市信義區忠孝東路5段71巷38號1樓,陳威呈,100000,,115/06/03,股東出資轉讓修正章程,F104110 布疋、衣著、鞋、帽、傘、服飾品批發業；F105050 家具、寢具、廚房器具、裝設品批發業；F106020 日常用品批發業；F109070 文教、樂器、育樂用品批發業；F113020 電器批發業；F399040 無店面零售業；F401010 國際貿易業；I103060 管理顧問業；I199990 其他顧問服務業；I401010 一般廣告服務業,臺北市,變更,11506
82940656,先進化材科技有限公司,臺北市大安區信義路3段99巷34號1樓,宋惠康,10000000,,115/06/09,特殊補正,F107200 化學原料批發業；C801010 基本化學工業；F207200 化學原料零售業；C801030 精密化學材料製造業；F107990 其他化學製品批發業；C801990 其他化學材料製造業；F207990 其他化學製品零售業；F401010 國際貿易業；F106030 模具批發業；F113010 機械批發業,臺北市,變更,11506
82940678,翔翊創意股份有限公司,臺北市大安區忠孝東路4段300號5樓,宋巧玲,1000000,,115/06/30,補繳規費,C306010 成衣業；C307010 服飾品製造業；CH01010 體育用品製造業；CI01020 毯、氈製造業；CM01010 箱、包、袋製造業；CN01010 家具及裝設品製造業；CO01010 餐具製造業；F102040 飲料批發業；F102050 茶葉批發業；F102170 食品什貨批發業,臺北市,變更,11506
82940754,頌味佳股份有限公司,臺北市大安區羅斯福路2段105號4樓之1,Jean-Baptiste VAN ELSLANDE,4000000,,115/06/02,改選董事/監察人(一人法人股東指派董事/監察人),F102040 飲料批發業；F102170 食品什貨批發業；F203010 食品什貨、飲料零售業；F401010 國際貿易業；I101090 食品顧問業；ZZ99999 除許可業務外，得經營法令非禁止或限制之業務,臺北市,變更,11506
82941178,宜合國際投資股份有限公司,臺北市大安區忠孝東路4段142號9樓之8,蘇瑟宜,29000000,,115/06/18,特殊補正,H201010 一般投資業,臺北市,變更,11506
82941450,禾曜科技股份有限公司,臺北市大安區潮州街98巷6之1號1樓,陳志偉,12050000,,115/06/09,特殊補正,I301010 資訊軟體服務業；I301020 資料處理服務業；I301030 電子資訊供應服務業；I501010 產品設計業；IZ99990 其他工商服務業；J399010 軟體出版業；JA02010 電器及電子產品修理業；JZ99990 未分類其他服務業；F113050 電腦及事務性機器設備批發業；F118010 資訊軟體批發業,臺北市,變更,11506
82942731,富爾登國際股份有限公司,臺北市中山區中山北路1段83巷16之1號,顏厚瑀,20000000,,115/06/23,改選董事/監察人(一人法人股東指派董事/監察人),F104110 布疋、衣著、鞋、帽、傘、服飾品批發業；F106020 日常用品批發業；F109070 文教、樂器、育樂用品批發業；F110020 眼鏡批發業；F110010 鐘錶批發業；F105050 家具、寢具、廚房器具、裝設品批發業；F108040 化粧品批發業；F107030 清潔用品批發業；F102170 食品什貨批發業；F102040 飲料批發業,臺北市,變更,11506
82943231,格蘭國際實業股份有限公司,臺北市中山區松江路42號12樓之6,應福民,5000000,,115/06/22,特殊補正,F101050 水產品批發業；F101990 其他農、畜、水產品批發業；F102050 茶葉批發業；F102170 食品什貨批發業；F109070 文教、樂器、育樂用品批發業；F104110 布疋、衣著、鞋、帽、傘、服飾品批發業；F113050 電腦及事務性機器設備批發業；F102030 菸酒批發業；F102040 飲料批發業；F118010 資訊軟體批發業,臺北市,變更,11506
82943366,電鯨股份有限公司,臺北市松山區光復北路95號5樓,謝綸,7381000,,115/06/26,特殊補正,I301010 資訊軟體服務業；I301020 資訊處理服務業；I301030 電子資訊供應服務業；I401010 一般廣告服務業；J404010 動畫影片製作業；J404020 提供設備及場地供電影片拍攝業；J404040 電影錄音業；J404050 電影特效製作業；J503010 廣播節目製作業；J503020 電視節目製作業,臺北市,變更,11506
82943372,飛天聯創有限公司,臺北市大安區信義路4段296號15樓,李其,2200000,,115/06/02,特殊補正,I103060 管理顧問業；IG02010 研究發展服務業；I501010 產品設計業；I199990 其他顧問服務業；I599990 其他設計業；I301030 電子資訊供應服務業；I301010 資訊軟體服務業；I301020 資料處理服務業；F118010 資訊軟體批發業；F113010 機械批發業,臺北市,變更,11506
82948989,白貓一番國際有限公司,臺北市中正區中山北路1段2號4樓之2,李堃維,7500000,,115/06/23,公司印鑑變更,F399040 無店面零售業；F401010 國際貿易業；G601011 航空貨運承攬業；ZZ99999 除許可業務外，得經營法令非禁止或限制之業務,臺北市,變更,11506
82949609,宜全投資股份有限公司,臺北市大安區忠孝東路4段142號9樓之8,蘇瑟宜,29000000,,115/06/29,特殊補正,H201010 一般投資業,臺北市,變更,11506
82951196,衡崴科技股份有限公司,臺北市松山區南京東路3段287號2樓,林宇森,8400000,,115/06/11,特殊補正,F118010 資訊軟體批發業；F218010 資訊軟體零售業；I301010 資訊軟體服務業；F113050 電腦及事務性機器設備批發業；I301020 資料處理服務業；I301030 電子資訊供應服務業；IZ13010 網路認證服務業；F401010 國際貿易業；I103060 管理顧問業；IZ99990 其他工商服務業,臺北市,變更,11506
82952456,雷盛數位行銷有限公司,臺北市松山區南京東路5段145之1號8樓,林靖宸,3500000,,115/06/15,增資,F113050 電腦及事務性機器設備批發業；F399040 無店面零售業；F401010 國際貿易業；F601010 智慧財產權業；I102010 投資顧問業；I103060 管理顧問業；I301010 資訊軟體服務業；I301020 資料處理服務業；I401010 一般廣告服務業；I501010 產品設計業,臺北市,變更,11506
82954258,鐵雲人工智慧股份有限公司,臺北市內湖區瑞湖街58號1樓,李明訓,100000,,115/06/01,更正,E605010 電腦設備安裝業；F118010 資訊軟體批發業；F213040 精密儀器零售業；F218010 資訊軟體零售業；F401010 國際貿易業；I301010 資訊軟體服務業；I301020 資料處理服務業；I301030 電子資訊供應服務業；F113050 電腦及事務性機器設備批發業；F213030 電腦及事務性機器設備零售業,臺北市,變更,11506
82956045,彼庫里國際股份有限公司,臺北市信義區基隆路1段155號7樓,黃思瑜,20000000,,115/06/08,票據兌現/他機關函復/補正,F104110 布疋、衣著、鞋、帽、傘、服飾品批發業；F108031 醫療器材批發業；F108040 化粧品批發業；F110010 鐘錶批發業；F110020 眼鏡批發業；F208031 醫療器材零售業；F208040 化粧品零售業；F210020 眼鏡零售業；F401010 國際貿易業；CE01040 鐘錶製造業,臺北市,變更,11506
82959330,峰禾建設開發股份有限公司,臺北市中山區中山北路2段129號4樓之1,陳漢良,110000000,,115/06/04,特殊補正,H701010 住宅及大樓開發租售業；E801010 室內裝潢業；H701020 工業廠房開發租售業；H701060 新市鎮、新社區開發業；H701080 都市更新重建業；H703090 不動產買賣業；H703100 不動產租賃業；ZZ99999 除許可業務外，得經營法令非禁止或限制之業務,臺北市,變更,11506
82960224,翊晁國際有限公司,臺北市信義區基隆路1段141號2樓,王聖文,500000,,115/06/16,特殊補正,F102170 食品什貨批發業；F401010 國際貿易業；F213030 電腦及事務性機器設備零售業；F104110 布疋、衣著、鞋、帽、傘、服飾品批發業；F203010 食品什貨、飲料零售業；F208040 化粧品零售業；F399040 無店面零售業；F206020 日常用品零售業；F204110 布疋、衣著、鞋、帽、傘、服飾品零售業；F113050 電腦及事務性機器設備批發業,臺北市,變更,11506
82960738,傑羅頂尖科技有限公司,臺北市大安區仁愛路4段107號7樓,菅井亮吾(SUGAI RYOGO),550000,,115/06/08,董事/股東證照變更,F118010 資訊軟體批發業；F199990 其他批發業；F218010 資訊軟體零售業；F299990 其他零售業；F399990 其他綜合零售業；F399040 無店面零售業；F401010 國際貿易業；J601010 藝文服務業；JZ99050 仲介服務業；JZ99990 未分類其他服務業,臺北市,變更,11506
82961461,捷能永續科技股份有限公司,臺北市大安區敦化南路2段99號27樓之1,張順傑,5404000,,115/06/10,特殊補正,I103060 管理顧問業；I301030 電子資訊供應服務業；I501010 產品設計業；IZ13010 網路認證服務業；IZ09010 管理系統驗證業；J202010 產業育成業；ZZ99999 除許可業務外，得經營法令非禁止或限制之業務,臺北市,變更,11506
82967367,伊著人因美學貿易有限公司,臺北市南港區市民大道8段207號4樓,劉湘萍,500000,,115/06/04,特殊補正,F102170 食品什貨批發業；F104110 布疋、衣著、鞋、帽、傘、服飾品批發業；F106020 日常用品批發業；F107030 清潔用品批發業；F108040 化粧品批發業；F109070 文教、樂器、育樂用品批發業；F110010 鐘錶批發業；F110020 眼鏡批發業；F115010 首飾及貴金屬批發業；F115020 礦石批發業,臺北市,變更,11506
82974249,虹馳投顧股份有限公司,臺北市大安區和平東路2段297號13樓,陳朝瑞,5000000,,115/06/29,特殊補正,E801010 室內裝潢業；E801020 門窗安裝工程業；E801030 室內輕鋼架工程業；E801040 玻璃安裝工程業；E801070 廚具、衛浴設備安裝工程業；E901010 油漆工程業；E903010 防蝕、防銹工程業；EZ99990 其他工程業；F111090 建材批發業；F117010 消防安全設備批發業,臺北市,變更,11506
82974536,富通台南光能股份有限公司,臺北市中正區忠孝西路一段80號16樓,堀越基希,1042425280,,115/06/03,改選董事/監察人(一人法人股東指派董事/監察人),D101060 再生能源自用發電設備業；E601010 電器承裝業；H201010 一般投資業；IG03010 能源技術服務業；ZZ99999 除許可業務外，得經營法令非禁止或限制之業務,臺北市,變更,11506
82976160,赫索視覺整合行銷有限公司,臺北市松山區南京東路4段21號9樓之2,尤碧瓊,1000000,,115/06/24,特殊補正,IZ99990 其他工商服務業；I401010 一般廣告服務業；F401010 國際貿易業；JE01010 租賃業；I105010 藝術品諮詢顧問業；J602010 演藝活動業；JB01010 會議及展覽服務業；I599990 其他設計業；ZZ99999 除許可業務外，得經營法令非禁止或限制之業務,臺北市,變更,11506
82978104,宏思廣告有限公司,臺北市中山區復興北路378號9樓,黃麗萍,500000,,115/06/30,特殊補正,F601010 智慧財產權業；I103060 管理顧問業；H703100 不動產租賃業；I401010 一般廣告服務業；I501010 產品設計業；I199990 其他顧問服務業；ZZ99999 除許可業務外，得經營法令非禁止或限制之業務,臺北市,變更,11506
82985111,谷峰綠能股份有限公司,臺北市中山區南京東路2段8號8樓之1,莊美玲,50000000,,115/06/02,發行新股,IG03010 能源技術服務業；IG02010 研究發展服務業；D401010 熱能供應業；ZZ99999 除許可業務外，得經營法令非禁止或限制之業務,臺北市,變更,11506
82990819,數據雲科技股份有限公司,臺北市中正區青島東路7號2樓之3,元永騰,60000000,,115/06/25,增資(資本總額),F113020 電器批發業；F113050 電腦及事務性機器設備批發業；F113070 電信器材批發業；F118010 資訊軟體批發業；F213030 電腦及事務性機器設備零售業；F213060 電信器材零售業；F218010 資訊軟體零售業；F299990 其他零售業；F399040 無店面零售業；F401010 國際貿易業,臺北市,變更,11506
82998214,畢倍爾體態諮詢顧問有限公司,臺北市內湖區五分街60號1樓,游盛傑,50000,,115/06/29,特殊補正,IZ12010 人力派遣業；I103060 管理顧問業；I199990 其他顧問服務業；F399040 無店面零售業；F218010 資訊軟體零售業；I301010 資訊軟體服務業；I301020 資料處理服務業；I301030 電子資訊供應服務業；I401010 一般廣告服務業；F102170 食品什貨批發業,臺北市,變更,11506
82998241,天竺科技有限公司,臺北市大安區忠孝東路4段319號6樓之1,陳昱升,1500000,,115/06/17,特殊補正,F118010 資訊軟體批發業；F218010 資訊軟體零售業；I301010 資訊軟體服務業；I301020 資料處理服務業；I301030 電子資訊供應服務業；I103060 管理顧問業；F209060 文教、樂器、育樂用品零售業；F399040 無店面零售業；IZ13010 網路認證服務業；IZ99990 其他工商服務業,臺北市,變更,11506
82998426,初遊旅行社有限公司,臺北市中山區新生北路2段129之1號2樓,吳思儒,8000000,,115/06/26,改推董事/董事長,J902011 旅行業,臺北市,變更,11506
82999086,智信通科技有限公司,臺北市大安區信義路4段184號9樓,張益嘉,2000000,,115/06/12,公司外文名稱登記修正章程,CC01080 電子零組件製造業；F401010 國際貿易業；F601010 智慧財產權業；I102010 投資顧問業；I103060 管理顧問業；I301010 資訊軟體服務業；I501010 產品設計業；H201010 一般投資業；H703090 不動產買賣業；H703100 不動產租賃業,臺北市,變更,11506
82999614,盤古投資有限公司,臺北市內湖區南京東路6段109號5樓,彭建彰,1000000,,115/06/29,特殊補正,H201010 一般投資業；H202010 創業投資業；H703090 不動產買賣業；H703100 不動產租賃業；ZZ99999 除許可業務外，得經營法令非禁止或限制之業務,臺北市,變更,11506
83005092,吉品生活股份有限公司,臺北市大安區大安路2段17號,張緯喆,2000000,,115/06/17,特殊補正,F108040 化粧品批發業；F208040 化粧品零售業；F106020 日常用品批發業；I501010 產品設計業；F401010 國際貿易業；C802100 化粧品製造業；ZZ99999 除許可業務外，得經營法令非禁止或限制之業務,臺北市,變更,11506
83023248,旭暉能源有限公司,臺北市松山區光復北路11巷35號6樓,寶島陽光再生能源股份有限公司,100000,,115/06/23,公司所在地,D101050 汽電共生業；D101060 再生能源自用發電設備業；D401010 熱能供應業；E599010 配管工程業；E601010 電器承裝業；E601020 電器安裝業；I102010 投資顧問業；I103060 管理顧問業；I199990 其他顧問服務業；IG03010 能源技術服務業,臺北市,變更,11506
83029778,昌瑜有限公司,臺北市內湖區安康路434巷19弄7之1號4樓,劉峙暘,2000000,,115/06/05,特殊補正,E801010 室內裝潢業；E901010 油漆工程業；E801030 室內輕鋼架工程業；E801070 廚具、衛浴設備安裝工程業；E601020 電器安裝業；E603090 照明設備安裝工程業；F213010 電器零售業；J101010 建築物清潔服務業；E801020 門窗安裝工程業；E801040 玻璃安裝工程業,臺北市,變更,11506
83030135,品數位有限公司,臺北市大安區師大路110號地下室,林大爲,5100000,,115/06/26,特殊補正,I301010 資訊軟體服務業；I301020 資料處理服務業；I301030 電子資訊供應服務業；I199990 其他顧問服務業；I103060 管理顧問業；I401010 一般廣告服務業；IZ99990 其他工商服務業；F119010 電子材料批發業；F219010 電子材料零售業；F218010 資訊軟體零售業,臺北市,變更,11506
83030607,蔡周企業有限公司,臺北市中山區新生北路3段22號,蔡騰達,500000,,115/06/15,特殊補正,F106020 日常用品批發業；F206020 日常用品零售業；F107190 塑膠膜、袋批發業；F207190 塑膠膜、袋零售業；F199990 其他批發業；F299990 其他零售業；F399040 無店面零售業；F401010 國際貿易業；I401010 一般廣告服務業；I401020 廣告傳單分送業,臺北市,變更,11506
83031351,邁爾斯二號股份有限公司,臺北市士林區德行東路109巷73弄2號1樓,陳敏宏,203616550,,115/06/12,特殊補正,I102010 一般投資顧問業；I103060 管理顧問業；H201010 一般投資業；H202010 創業投資業；H701010 住宅及大樓開發租售業；H703090 不動產買賣業；H703100 不動產租賃業；ZZ99999 除許可業務外，得經營法令非禁止或限制之業務；F203010 食品什貨、飲料零售業；F206020 日常用品零售業,臺北市,變更,11506
83031423,樂于創藝股份有限公司,臺北市信義區松德路161號4樓,陳正文,12500000,,115/06/03,特殊補正,F111090 建材批發業；F211010 建材零售業；F106010 五金批發業；F206010 五金零售業；E801010 室內裝潢業；F401010 國際貿易業；H201010 一般投資業；H703090 不動產買賣業；H703100 不動產租賃業；I401010 一般廣告服務業,臺北市,變更,11506
83034028,喜馬拉雅創投股份有限公司,臺北市士林區忠誠路一段104號8樓,施振榮,525000000,,115/06/23,一般補正案,H202010 創業投資業；ZZ99999 除許可業務外，得經營法令非禁止或限制之業務,臺北市,變更,11506
83039987,泓錦有限公司,臺北市中山區民權東路2段9號12樓之7,林宏隆,300000,,115/06/24,特殊補正,CC01110 電腦及其週邊設備製造業；CC01120 資料儲存媒體製造及複製業；F113050 電腦及事務性機器設備批發業；F118010 資訊軟體批發業；F213030 電腦及事務性機器設備零售業；F218010 資訊軟體零售業；F301010 百貨公司業；F401010 國際貿易業；I103060 管理顧問業；I301010 資訊軟體服務業,臺北市,變更,11506
83041718,名吉國際有限公司,臺北市中山區北安路630巷9弄21號,羅于紹,300000,,115/06/17,股東出資轉讓修正章程,I102010 投資顧問業；I103060 管理顧問業；I401010 一般廣告服務業；I501010 產品設計業；IZ01010 影印業；IZ02010 打字業；IZ03010 剪報業；IZ10010 排版業；IZ99990 其他工商服務業；JB01010 會議及展覽服務業,臺北市,變更,11506
83051285,核心映画有限公司,臺北市信義區仁愛路4段452巷5號1樓,于長勲,500000,,115/06/03,特殊補正,F501060 餐館業；F501030 飲料店業；F501050 飲酒店業；ZZ99999 除許可業務外，得經營法令非禁止或限制之業務；H703100 不動產租賃業,臺北市,變更,11506
83051692,明崴股份有限公司,臺北市松山區南京東路3段248號15樓,吳兆豐,57000000,,115/06/24,改選董事/監察人(一人法人股東指派董事/監察人),F401010 國際貿易業；H201010 一般投資業；H701010 住宅及大樓開發租售業；H703090 不動產買賣業；H703100 不動產租賃業；I103060 管理顧問業；JE01010 租賃業；ZZ99999 除許可業務外，得經營法令非禁止或限制之業務,臺北市,變更,11506
83053946,納芮投資股份有限公司,臺北市信義區松德路159號12樓之1,張紘綱,20000000,,115/06/30,特殊補正,H201010 一般投資業；H202010 創業投資業；H701010 住宅及大樓開發租售業；H701020 工業廠房開發租售業；H701040 特定專業區開發業；H701050 投資興建公共建設業；I102010 投資顧問業；ZZ99999 除許可業務外，得經營法令非禁止或限制之業務,臺北市,變更,11506
83055944,顧佳企業有限公司,臺北市松山區富錦街507號1樓,陳語玲,5000000,,115/06/03,補繳規費,F111090 建材批發業；F211010 建材零售業；F399040 無店面零售業；F401010 國際貿易業；ZZ99999 除許可業務外，得經營法令非禁止或限制之業務；E801010 室內裝潢業；I103060 管理顧問業；I401010 一般廣告服務業；I501010 產品設計業；JZ99030 攝影業,臺北市,變更,11506
83057014,糖果有限公司,臺北市大同區民生西路236號2樓,FATAL YVAN,500000,,115/06/01,公司印鑑變更,I301010 資訊軟體服務業；I301020 資料處理服務業；I301030 電子資訊供應服務業；I199990 其他顧問服務業；I103060 管理顧問業；F118010 資訊軟體批發業；F218010 資訊軟體零售業；F401010 國際貿易業；ZZ99999 除許可業務外，得經營法令非禁止或限制之業務,臺北市,變更,11506
83058983,喀瑪朵國際投資有限公司,臺北市內湖區瑞光路408號3樓之2,廖建碩,83296000,,115/06/24,申登機關變更（遷入，含卷）,H201010 一般投資業,臺北市,變更,11506
83063233,金泰德國際股份有限公司,臺北市大安區忠孝東路4段222號3樓,蕭啟聰,600000,,115/06/26,改選董事/監察人(一人法人股東指派董事/監察人),IG03010 能源技術服務業；D101060 再生能源自用發電設備業；E603010 電纜安裝工程業；E606010 用電設備檢驗維護業；I301040 第三方支付服務業；E601020 電器安裝業；H701050 投資興建公共建設業；H703100 不動產租賃業；I301010 資訊軟體服務業；I301030 電子資訊供應服務業,臺北市,變更,11506
83069399,新月能源開發股份有限公司,臺北市信義區松仁路89號12樓之4,羅惠真,1740000000,,115/06/22,改選董事/監察人(一人法人股東指派董事/監察人),F113020 電器批發業；F119010 電子材料批發業；F213010 電器零售業；F219010 電子材料零售業；F401010 國際貿易業；IG03010 能源技術服務業；CC01010 發電、輸電、配電機械製造業；D101060 再生能源自用發電設備業；D401010 熱能供應業；A301030 水產養殖業,臺北市,變更,11506
83070179,樺銳綠電科技股份有限公司,臺北市信義區信義路5段7號28樓,廖鈞德,40000000,,115/06/08,特殊補正,IG03010 能源技術服務業；IZ99990 其他工商服務業；E603010 電纜安裝工程業；E603050 自動控制設備工程業；F218010 資訊軟體零售業；F399040 無店面零售業；I103060 管理顧問業；IG02010 研究發展服務業；D101091 再生能源售電業；ZZ99999 除許可業務外，得經營法令非禁止或限制之業務,臺北市,變更,11506
83075408,丞兆盈有限公司,臺北市大安區仁愛路4段405號3樓,邱稚雅,3000000,,115/06/22,特殊補正,I102010 投資顧問業；H201010 一般投資業；ZZ99999 除許可業務外，得經營法令非禁止或限制之業務,臺北市,變更,11506
83077243,星凱物業管理顧問有限公司,臺北市中山區中山北路3段27號7樓之6,曾川祐,12000000,,115/06/22,特殊補正,CD01060 航空器及其零件製造業；CD01990 其他運輸工具及其零件製造業；F113030 精密儀器批發業；F114070 航空器及其零件批發業；I101100 航空顧問業；I301010 資訊軟體服務業；I301020 資料處理服務業；I301030 電子資訊供應服務業；ZZ99999 除許可業務外，得經營法令非禁止或限制之業務；F401010 國際貿易業,臺北市,變更,11506
83083619,好物選品有限公司,臺北市內湖區新明路108號5樓,蔡佳容,2000000,,115/06/30,特殊補正,C306010 成衣業；F102170 食品什貨批發業；F104110 布疋、衣著、鞋、帽、傘、服飾品批發業；F105050 家具、寢具、廚房器具、裝設品批發業；F106010 五金批發業；F106020 日常用品批發業；F107030 清潔用品批發業；F108040 化粧品批發業；F109070 文教、樂器、育樂用品批發業；F110010 鐘錶批發業,臺北市,變更,11506
83084390,台灣卡麗斯有限公司,臺北市信義區松仁路89號9樓之6,NA CHANMOON,6563400,,115/06/03,特殊補正,F108040 化粧品批發業；F208040 化粧品零售業；F401010 國際貿易業；JB01010 會議及展覽服務業；JZ99080 美容美髮服務業；ZZ99999 除許可業務外，得經營法令非禁止或限制之業務,臺北市,變更,11506
83090040,錦榆股份有限公司,臺北市松山區民生東路4段54號8樓之9,林勇成,30000000,,115/06/02,改選董事/監察人(一人法人股東指派董事/監察人),E801010 室內裝潢業；E801020 門窗安裝工程業；E801030 室內輕鋼架工程業；E801040 玻璃安裝工程業；E801070 廚具、衛浴設備安裝工程業；E901010 油漆工程業；EZ02010 起重工程業；F111090 建材批發業；I503010 景觀、室內設計業；IZ12010 人力派遣業,臺北市,變更,11506
83090317,奈萊芙有限公司,臺北市萬華區成都路105巷5號1樓,李俊翬,1400000,,115/06/15,補繳規費,F399040 無店面零售業；I103060 管理顧問業；I301010 資訊軟體服務業；I301030 電子資訊供應服務業；I301040 第三方支付服務業；I401010 一般廣告服務業；IZ12010 人力派遣業；ZZ99999 除許可業務外，得經營法令非禁止或限制之業務；F501060 餐館業；F401010 國際貿易業,臺北市,變更,11506
83095609,貳伍號食集股份有限公司,臺北市松山區民生東路4段131巷3號1樓,楊博華,3550000,,115/06/18,特殊補正,F201070 花卉零售業；F203010 食品什貨、飲料零售業；F204110 布疋、衣著、鞋、帽、傘、服飾品零售業；F205040 家具、寢具、廚房器具、裝設品零售業；F399040 無店面零售業；I105010 藝術品諮詢顧問業；I199990 其他顧問服務業；I401010 一般廣告服務業；I501010 產品設計業；I502010 服飾設計業,臺北市,變更,11506
83107794,樂寶寶紫杉有限公司,臺北市北投區中央北路2段350巷76號4樓,余志成,500000,,115/06/22,特殊補正,F102040 飲料批發業；F102170 食品什貨批發業；F106020 日常用品批發業；F108040 化粧品批發業；F203010 食品什貨、飲料零售業；F206020 日常用品零售業；F208040 化粧品零售業；F401010 國際貿易業；F399040 無店面零售業；I103060 管理顧問業,臺北市,變更,11506
83109580,視野文創有限公司,臺北市中山區南京東路3段29號2樓,邱浚嘉,1000000,,115/06/25,申登機關變更（遷入，含卷）,CH01040 玩具製造業；CH01030 文具製造業；F109070 文教、樂器、育樂用品批發業；F114080 軌道車輛及其零件批發業；F214080 軌道車輛及其零件零售業；F399040 無店面零售業；F399990 其他綜合零售業；I401010 一般廣告服務業；I501010 產品設計業；J303010 雜誌（期刊）出版業,臺北市,變更,11506
83118624,永秝有限公司,臺北市大安區忠孝東路4段169號12樓之4,鍾秀梅,2000000,,115/06/04,特殊補正,F108031 醫療器材批發業；F208031 醫療器材零售業；F401010 國際貿易業；F113050 電腦及事務性機器設備批發業；F213030 電腦及事務性機器設備零售業；F399040 無店面零售業；JB01010 會議及展覽服務業；ZZ99999 除許可業務外，得經營法令非禁止或限制之業務,臺北市,變更,11506
83119573,創羿資本股份有限公司,臺北市松山區南京東路4段1號2樓,陳仕育,5100000,,115/06/02,改選董事/監察人(一人法人股東指派董事/監察人),H201010 一般投資業,臺北市,變更,11506
83122346,崴莛投資股份有限公司,臺北市中山區松江路152號12樓,郭維椿,10600000,,115/06/11,改選董事/監察人(一人法人股東指派董事/監察人),H201010 一般投資業,臺北市,變更,11506
83122401,好漾子有限公司,臺北市大安區忠孝東路3段136號8樓之5,朱祥榮,1500000,,115/06/22,特殊補正,F204110 布疋、衣著、鞋、帽、傘、服飾品零售業；F208040 化粧品零售業；F399040 無店面零售業；F401010 國際貿易業；F601010 智慧財產權業；F118010 資訊軟體批發業；F205040 家具、寢具、廚房器具、裝設品零售業；F206020 日常用品零售業；F209060 文教、樂器、育樂用品零售業；F213010 電器零售業,臺北市,變更,11506
83122492,若水金禾餐飲股份有限公司,臺北市信義區忠孝東路4段553巷22弄4之1號,楊邦彥,50000000,,115/06/26,特殊補正,C102010 乳品製造業；C103050 罐頭、冷凍、脫水及醃漬食品製造業；C104010 糖果製造業；C104020 烘焙炊蒸食品製造業；C106010 製粉業；C109010 調味品製造業；C111010 製茶業；C110010 飲料製造業；C199020 食用冰製造業；F101130 蔬果批發業,臺北市,變更,11506
83122943,適才科技股份有限公司,臺北市中正區懷寧街76號1樓,徐愷,3157890,,115/06/29,公司所在地,I103060 管理顧問業；I301010 資訊軟體服務業；I401010 一般廣告服務業；I301030 電子資訊供應服務業；J202010 產業育成業；ZZ99999 除許可業務外，得經營法令非禁止或限制之業務,臺北市,變更,11506
83123696,阿波羅研發科技股份有限公司,臺北市松山區敦化北路167號17樓,柯立世,500000,,115/06/30,特殊補正,F113020 電器批發業；F113050 電腦及事務性機器設備批發業；F118010 資訊軟體批發業；F119010 電子材料批發業；F213010 電器零售業；F213030 電腦及事務性機器設備零售業；F218010 資訊軟體零售業；F219010 電子材料零售業；F401010 國際貿易業；F601010 智慧財產權業,臺北市,變更,11506
83128714,元辰資本股份有限公司,臺北市中正區八德路1段23號8樓之1,鄒宗豫,10000000,,115/06/24,特殊補正,H201010 一般投資業；H202010 創業投資業；H701010 住宅及大樓開發租售業；H701020 工業廠房開發租售業；H701040 特定專業區開發業；H701050 投資興建公共建設業；H701060 新市鎮、新社區開發業；H701070 區段徵收及市地重劃代辦業；H701080 都市更新重建業；H701090 都市更新整建維護業,臺北市,變更,11506
83139395,釧元國際貿易有限公司,臺北市松山區基隆路1段8號13樓,謝寧芷,7000000,,115/06/16,補繳規費,F107200 化學原料批發業；F107990 其他化學製品批發業；F207200 化學原料零售業；F207990 其他化學製品零售業；F112040 石油製品批發業；F212050 石油製品零售業；F401010 國際貿易業；I103060 管理顧問業；ZZ99999 除許可業務外，得經營法令非禁止或限制之業務,臺北市,變更,11506
83139515,小林源外有限公司,臺北市士林區劍潭路6號10樓之1,黃建復,3000000,,115/06/10,特殊補正,F102040 飲料批發業；F102170 食品什貨批發業；F104110 布疋、衣著、鞋、帽、傘、服飾品批發業；F106010 五金批發業；F105050 家具、寢具、廚房器具、裝設品批發業；F106020 日常用品批發業；F106050 陶瓷玻璃器皿批發業；F107020 染料、顏料批發業；F107010 漆料、塗料批發業；F109070 文教、樂器、育樂用品批發業,臺北市,變更,11506
83155227,馨日式美學有限公司,臺北市中山區中山北路3段27號11樓之5,林宣馨,1000000,,115/06/26,公司所在地,JZ99080 美容美髮服務業；J202010 產業育成業；I103060 管理顧問業；I199990 其他顧問服務業；I401010 一般廣告服務業；I501010 產品設計業；IZ12010 人力派遣業；F104110 布疋、衣著、鞋、帽、傘、服飾品批發業；F105050 家具、寢具、廚房器具、裝設品批發業；F106020 日常用品批發業,臺北市,變更,11506
83156154,葛琳馨雅國際有限公司,臺北市中正區開封街1段37號5樓,張仁馨,300000,,115/06/15,股東地址變更修正章程,F102050 茶葉批發業；F115010 首飾及貴金屬批發業；F113020 電器批發業；F118010 資訊軟體批發業；F199990 其他批發業；I102010 投資顧問業；I401010 一般廣告服務業；I401020 廣告傳單分送業；IE01010 電信業務門號代辦業；IZ99990 其他工商服務業,臺北市,變更,11506
83156675,瀚廬生物科技股份有限公司,臺北市信義區忠孝東路5段1之1號9樓,王哲訓,12725000,,115/06/24,發行新股,CE01010 一般儀器製造業；F102170 食品什貨批發業；F106060 寵物食品及其用品批發業；F107200 化學原料批發業；F107990 其他化學製品批發業；F206050 寵物食品及其用品零售業；F207200 化學原料零售業；F207990 其他化學製品零售業；F208050 乙類成藥零售業；F399040 無店面零售業,臺北市,變更,11506
83158809,美商開文熱工股份有限公司,臺北市南港區南港路3段48號7樓,張玉慧,140900000,,115/06/09,一般補正案,CC01990 其他電機及電子機械器材製造業；CA05010 粉末冶金業；F113010 機械批發業；F113020 電器批發業；F113050 電腦及事務性機器設備批發業；F113990 其他機械器具批發業；F114030 汽、機車零件配備批發業；F119010 電子材料批發業；F213010 電器零售業；F213030 電腦及事務性機器設備零售業,臺北市,變更,11506
83160848,節拍互動股份有限公司,臺北市大同區南京西路436號2樓,吳孝明,2000000,,115/06/04,特殊補正,JB01010 會議及展覽服務業；I501010 產品設計業；I401010 一般廣告服務業；J601010 藝文服務業；J602010 演藝活動業；J304010 圖書出版業；I301010 資訊軟體服務業；I301030 電子資訊供應服務業；I103060 管理顧問業；I199990 其他顧問服務業,臺北市,變更,11506
83164605,合一建築股份有限公司,臺北市松山區八德路3段30號7樓,張志誠,400000000,,115/06/18,特殊補正,H701010 住宅及大樓開發租售業；H701020 工業廠房開發租售業；H701040 特定專業區開發業；H701050 投資興建公共建設業；H701060 新市鎮、新社區開發業；H701080 都市更新重建業；H702010 建築經理業；H703090 不動產買賣業；H701090 都市更新整建維護業；H703100 不動產租賃業,臺北市,變更,11506
83166879,明勛股份有限公司,臺北市松山區南京東路3段248號15樓,吳兆豐,54000000,,115/06/29,改選董事/監察人(一人法人股東指派董事/監察人),F401010 國際貿易業；H201010 一般投資業；H701010 住宅及大樓開發租售業；H703090 不動產買賣業；H703100 不動產租賃業；I103060 管理顧問業；JE01010 租賃業；ZZ99999 除許可業務外，得經營法令非禁止或限制之業務,臺北市,變更,11506
83167188,明超股份有限公司,臺北市松山區南京東路3段248號15樓,吳兆豐,57000000,,115/06/18,改選董事/監察人(一人法人股東指派董事/監察人),F401010 國際貿易業；H201010 一般投資業；H701010 住宅及大樓開發租售業；H703090 不動產買賣業；H703100 不動產租賃業；I103060 管理顧問業；JE01010 租賃業；ZZ99999 除許可業務外，得經營法令非禁止或限制之業務,臺北市,變更,11506
83169475,松中國際股份有限公司,臺北市中正區許昌街42號10樓,廖福順,5000000,,115/06/24,董事/監察人持股變動報備,F203010 食品什貨、飲料零售業；H201010 一般投資業；I102010 一般投資顧問業；I103060 管理顧問業；F399040 無店面零售業；F399990 其他綜合零售業；F401010 國際貿易業；F601010 智慧財產權業；ZZ99999 除許可業務外，得經營法令非禁止或限制之業務,臺北市,變更,11506
83170542,豆智文創科技股份有限公司,臺北市中山區南京東路2段150號2樓,童介,100000,,115/06/15,董事/監察人持股變動報備,F203010 食品什貨、飲料零售業；F205040 家具、寢具、廚房器具、裝設品零售業；F204110 布疋、衣著、鞋、帽、傘、服飾品零售業；F206020 日常用品零售業；I301010 資訊軟體服務業；I301020 資料處理服務業；I301030 電子資訊供應服務業；I103060 管理顧問業；I199990 其他顧問服務業；G801010 倉儲業,臺北市,變更,11506
83170803,佳林灣區創業投資股份有限公司,臺北市中山區松江路169號6樓,林豐儀,262000000,,115/06/26,改選董事/監察人(一人法人股東指派董事/監察人),H201010 一般投資業；H202010 創業投資業；I102010 投資顧問業；I103060 管理顧問業,臺北市,變更,11506
83170851,艾米茲科技股份有限公司,臺北市中正區南海路1號13樓,江志祥,10000000,,115/06/02,特殊補正,I301020 資料處理服務業；I301010 資訊軟體服務業；I103060 管理顧問業；I199990 其他顧問服務業；F218010 資訊軟體零售業,臺北市,變更,11506
83175624,華得富生醫有限公司,臺北市士林區福國路95號3樓之5,劉茗勛,2700000,,115/06/23,股東出資轉讓修正章程,F107200 化學原料批發業；F108040 化粧品批發業；F207200 化學原料零售業；F208040 化粧品零售業；F401010 國際貿易業；I103060 管理顧問業；JZ99080 美容美髮服務業；IG01010 生物技術服務業；IG02010 研究發展服務業；F399040 無店面零售業,臺北市,變更,11506
83178410,萬福數位整合有限公司,臺北市信義區忠孝東路5段205號2樓,陳鼎鈞,1000000,,115/06/02,特殊補正,F101130 蔬果批發業；F102030 菸酒批發業；F102040 飲料批發業；F102050 茶葉批發業；F102170 食品什貨批發業；F104110 布疋、衣著、鞋、帽、傘、服飾品批發業；F105050 家具、寢具、廚房器具、裝設品批發業；F106010 五金批發業；F106020 日常用品批發業；F106050 陶瓷玻璃器皿批發業,臺北市,變更,11506
83178501,嘉穗有限公司,臺北市松山區南京東路4段103號5樓之1,劉昱顯,500000,,115/06/05,公司所在地,J404010 動畫影片製作業；J602010 演藝活動業；ZZ99999 除許可業務外，得經營法令非禁止或限制之業務,臺北市,變更,11506
83178734,達福生醫股份有限公司,臺北市大安區敦化南路2段5號7樓之3,羅雅毓,18643258,,115/06/25,特殊補正,F104110 布疋、衣著、鞋、帽、傘、服飾品批發業；F106020 日常用品批發業；F106060 寵物食品及其用品批發業；F109070 文教、樂器、育樂用品批發業；F115010 首飾及貴金屬批發業；F204110 布疋、衣著、鞋、帽、傘、服飾品零售業；F206020 日常用品零售業；F206050 寵物食品及其用品零售業；F209060 文教、樂器、育樂用品零售業；F215010 首飾及貴金屬零售業,臺北市,變更,11506
83183244,無濾影像視覺有限公司,臺北市大同區西寧北路86巷14號1樓,方叙又,1000000,,115/06/12,特殊補正,F106020 日常用品批發業；F109070 文教、樂器、育樂用品批發業；F113050 電腦及事務性機器設備批發業；F115010 首飾及貴金屬批發業；F118010 資訊軟體批發業；F119010 電子材料批發業；F199990 其他批發業；F206020 日常用品零售業；F209060 文教、樂器、育樂用品零售業；F213010 電器零售業,臺北市,變更,11506
83183526,星銓室內裝修有限公司,臺北市信義區基隆路1段141號2樓,蔡孟寰,4000000,,115/06/25,增資,CN01010 家具及裝設品製造業；E601020 電器安裝業；E801010 室內裝潢業；E801020 門窗安裝工程業；E801030 室內輕鋼架工程業；E801040 玻璃安裝工程業；E801060 室內裝修業；E801070 廚具、衛浴設備安裝工程業；F105050 家具、寢具、廚房器具、裝設品批發業；F106010 五金批發業,臺北市,變更,11506
83189697,見築空間有限公司,臺北市北投區新興路70巷6號,尹秀丰,500000,,115/06/01,特殊補正,E801010 室內裝潢業；I503010 景觀設計業；H703100 不動產租賃業；H703090 不動產買賣業；I501010 產品設計業；I103060 管理顧問業；I599990 其他設計業；I199990 其他顧問服務業；F401010 國際貿易業；ZZ99999 除許可業務外，得經營法令非禁止或限制之業務,臺北市,變更,11506
83189752,酷超能股份有限公司,臺北市信義區基隆路2段7號4樓,陸子淵,100000,,115/06/30,公司所在地,F113050 電腦及事務性機器設備批發業；F118010 資訊軟體批發業；F213030 電腦及事務性機器設備零售業；F218010 資訊軟體零售業；F399040 無店面零售業；F401010 國際貿易業；I103060 管理顧問業；I301010 資訊軟體服務業；I301020 資料處理服務業；I301030 電子資訊供應服務業,臺北市,變更,11506
83189845,正哲策略夥伴有限公司,臺北市大安區安和路1段29號15樓,詹正哲,3500000,,115/06/08,公司名稱變更修正章程,F399040 無店面零售業；I103060 管理顧問業；I301010 資訊軟體服務業；I401010 一般廣告服務業；J202010 產業育成業；J303010 雜誌（期刊）出版業；J304010 圖書出版業；J305010 有聲出版業；ZZ99999 除許可業務外，得經營法令非禁止或限制之業務,臺北市,變更,11506
83190224,沛耀企業有限公司,臺北市大安區信義路4段279號8樓,謝沛環,800000,,115/06/10,特殊補正,F108031 醫療器材批發業；F208031 醫療器材零售業；F208050 乙類成藥零售業；F399040 無店面零售業；JZ99050 仲介服務業；F401010 國際貿易業；J202010 產業育成業；I103060 管理顧問業；I199990 其他顧問服務業；ZZ99999 除許可業務外，得經營法令非禁止或限制之業務,臺北市,變更,11506
83190786,全支付電子支付股份有限公司,臺北市中山區敬業四路33號9樓,林弘斌,825030000,,115/06/11,減資,HZ06011 電子支付業,臺北市,變更,11506
83195380,日曜能源股份有限公司,臺北市內湖區堤頂大道2段295號9樓,張為策,300000000,,115/06/25,特殊補正,CC01010 發電、輸電、配電機械製造業；IG03010 能源技術服務業；ZZ99999 除許可業務外，得經營法令非禁止或限制之業務,臺北市,變更,11506
83195467,洛克斯國際娛樂有限公司,臺北市中山區林森北路627號5樓之3,林嘉偉,3000000,,115/06/05,增資,F104110 布疋、衣著、鞋、帽、傘、服飾品批發業；F106020 日常用品批發業；F109070 文教、樂器、育樂用品批發業；F204110 布疋、衣著、鞋、帽、傘、服飾品零售業；F209060 文教、樂器、育樂用品零售業；F399040 無店面零售業；F401010 國際貿易業；I103060 管理顧問業；I199990 其他顧問服務業；I301010 資訊軟體服務業,臺北市,變更,11506
83196418,和特科技股份有限公司,臺北市內湖區民權東路6段160號12樓,張文福,11000000,,115/06/18,特殊補正,F107200 化學原料批發業；F207200 化學原料零售業；F107990 其他化學製品批發業；F207990 其他化學製品零售業；F113030 精密儀器批發業；F213040 精密儀器零售業；F113010 機械批發業；F213080 機械器具零售業；F106010 五金批發業；F206010 五金零售業,臺北市,變更,11506
83199111,可歐博特文化有限公司,臺北市中正區忠孝西路1段72號2樓之5,張耿豪,1000000,,115/06/25,股東出資轉讓修正章程,I401010 一般廣告服務業；JB01010 會議及展覽服務業；IZ99990 其他工商服務業；I301010 資訊軟體服務業；I301020 資料處理服務業；I301030 電子資訊供應服務業；J303010 雜誌（期刊）出版業；J304010 圖書出版業；J305010 有聲出版業；J399990 其他出版業,臺北市,變更,11506
83199689,大於生醫股份有限公司,臺北市信義區松智路1號24樓,張軒銘,100000000,,115/06/09,特殊補正,F102170 食品什貨批發業；F108031 醫療器材批發業；F108040 化粧品批發業；F203010 食品什貨、飲料零售業；F208031 醫療器材零售業；F208040 化粧品零售業；F401010 國際貿易業；I199990 其他顧問服務業；IZ12010 人力派遣業；JZ99080 美容美髮服務業,臺北市,變更,11506
83203327,國泰產業研發中心股份有限公司,臺北市中山區民生東路3段69號7樓,張仁和,5600000000,,115/06/17,改派董事/監察人,F203010 食品什貨、飲料零售業；F206020 日常用品零售業；F209060 文教、樂器、育樂用品零售業；F399040 無店面零售業；F399990 其他綜合零售業；F501030 飲料店業；F501060 餐館業；G202010 停車場經營業；H701010 住宅及大樓開發租售業；H703100 不動產租賃業,臺北市,變更,11506
83205182,海姆達爾智慧科技股份有限公司,臺北市中正區南昌路1段88號4樓之1,施泓仰,5000000,,115/06/11,特殊補正,E605010 電腦設備安裝業；F113050 電腦及事務性機器設備批發業；F118010 資訊軟體批發業；F213030 電腦及事務性機器設備零售業；F218010 資訊軟體零售業；F401010 國際貿易業；I301010 資訊軟體服務業；I301020 資料處理服務業；I301030 電子資訊供應服務業；J399010 軟體出版業,臺北市,變更,11506
83212000,台灣絡鑫電子科技有限公司,臺北市內湖區行忠路30號1樓,連建堯,15000000,,115/06/23,申登機關變更（遷入，含卷）,F106010 五金批發業；F109070 文教、樂器、育樂用品批發業；F111090 建材批發業；F113020 電器批發業；F113050 電腦及事務性機器設備批發業；F119010 電子材料批發業；F401010 國際貿易業；F102030 菸酒批發業；F104110 布疋、衣著、鞋、帽、傘、服飾品批發業；F105050 家具、寢具、廚房器具、裝設品批發業,臺北市,變更,11506
83212894,誠新工程顧問股份有限公司,臺北市松山區復興北路57號10樓之2,孫梅忠,29000000,,115/06/10,特殊補正,CC01010 發電、輸電、配電機械製造業；CC01990 其他電機及電子機械器材製造業；CE01010 一般儀器製造業；E502010 燃料導管安裝工程業；E599010 配管工程業；E601010 電器承裝業；E601020 電器安裝業；E603010 電纜安裝工程業；E603040 消防安全設備安裝工程業；E603050 自動控制設備工程業,臺北市,變更,11506
83223724,楷元股份有限公司,臺北市大同區太原路11之1號1樓,陳德堃,118000000,,115/06/09,董事/監察人持股變動報備,H201010 一般投資業；H703090 不動產買賣業；H703100 不動產租賃業；ZZ99999 除許可業務外，得經營法令非禁止或限制之業務,臺北市,變更,11506
83224189,金香山資產管理股份有限公司,臺北市中山區南京東路二段206號4樓之1,羅惠玲,2119957420,,115/06/25,董事/監察人持股變動報備,ZZ99999 除許可業務外，得經營法令非禁止或限制之業務；H201010 一般投資業,臺北市,變更,11506
83224982,九日風股份有限公司,臺北市大安區溫州街7號,楊豐旭,10600000,,115/06/04,修正章程,C104010 糖果製造業；C104020 烘焙炊蒸食品製造業；F102040 飲料批發業；F203010 食品什貨、飲料零售業；F501060 餐館業；F501030 飲料店業；ZZ99999 除許可業務外，得經營法令非禁止或限制之業務,臺北市,變更,11506
83225048,圓捷開發股份有限公司,臺北市大安區忠孝東路4段166號9樓之3,江立倫,30000000,,115/06/25,董事/監察人持股變動報備,F401010 國際貿易業；H201010 一般投資業；H202010 創業投資業；H702010 建築經理業；H703090 不動產買賣業；H703100 不動產租賃業；H701010 住宅及大樓開發租售業；H701020 工業廠房開發租售業；H701040 特定專業區開發業；H701050 投資興建公共建設業,臺北市,變更,11506
83225194,博觀實質資產股份有限公司,臺北市信義區基隆路1段333號32樓,THAMMINENI RAJKUMAR,24700000,,115/06/30,發行新股,H201010 一般投資業；H202010 創業投資業；I102010 投資顧問業；I103060 管理顧問業；I199990 其他顧問服務業；ZZ99999 除許可業務外，得經營法令非禁止或限制之業務,臺北市,變更,11506
83225384,股感媒體科技股份有限公司,臺北市松山區民生東路3段135號3樓,廖偉盛,357692460,,115/06/03,發行新股,F218010 資訊軟體零售業；F399040 無店面零售業；I102010 投資顧問業；I103060 管理顧問業；I301010 資訊軟體服務業；I301020 資料處理服務業；I301030 電子資訊供應服務業；I401010 一般廣告服務業；IZ15010 市場研究及民意調查業；J399010 軟體出版業,臺北市,變更,11506
83226026,清玉開發股份有限公司,臺北市信義區虎林街232巷47號,李麗雲,20000000,,115/06/18,特殊補正,E801010 室內裝潢業；E801020 門窗安裝工程業；E801030 室內輕鋼架工程業；E801040 玻璃安裝工程業；E801070 廚具、衛浴設備安裝工程業；F111090 建材批發業；F120010 耐火材料批發業；H701010 住宅及大樓開發租售業；H701020 工業廠房開發租售業；H701040 特定專業區開發業,臺北市,變更,11506
83233672,友座紅典建設股份有限公司,臺北市松山區基隆路1段38號11樓,陳坤地,30000000,,115/06/10,增資(資本總額),H701010 住宅及大樓開發租售業；H701040 特定專業區開發業；H701050 投資興建公共建設業；H703090 不動產買賣業；H703100 不動產租賃業；H701080 都市更新重建業；H701090 都市更新整建維護業；F113010 機械批發業；F401010 國際貿易業；I401010 一般廣告服務業,臺北市,變更,11506
83234320,翰香加亨股份有限公司,臺北市松山區南京東路3段272號10樓,林翰,28414030,,115/06/18,特殊補正,H201010 一般投資業；ZZ99999 除許可業務外，得經營法令非禁止或限制之業務,臺北市,變更,11506
83238542,昊信企業有限公司,臺北市大安區忠孝東路4段166號5樓之1,高誠皓,240000000,,115/06/24,股東出資轉讓修正章程,H201010 一般投資業；ZZ99999 除許可業務外，得經營法令非禁止或限制之業務,臺北市,變更,11506
83243518,思創商務中心有限公司,臺北市中正區杭州南路1段23號9樓之3,傅瑞瑾,100000,,115/06/30,特殊補正,I401010 一般廣告服務業；I199990 其他顧問服務業；JB01010 會議及展覽服務業；F401010 國際貿易業；I103060 管理顧問業；I401020 廣告傳單分送業；I501010 產品設計業；I301010 資訊軟體服務業；IZ15010 市場研究及民意調查業；IZ10010 排版業,臺北市,變更,11506
83244039,艾斯摩克國際股份有限公司,臺北市中山區建國北路2段3巷15號4樓之2,金珀萱,1000000,,115/06/10,公司所在地,F501060 餐館業；F501030 飲料店業；F203020 菸酒零售業；F102040 飲料批發業；F102170 食品什貨批發業；F203010 食品什貨、飲料零售業；F401010 國際貿易業,臺北市,變更,11506
83244050,找點子有限公司,臺北市中正區館前路20號5樓,沈智揚,50000,,115/06/10,董事/股東地址變更,F106050 陶瓷玻璃器皿批發業；F401010 國際貿易業,臺北市,變更,11506
83248393,英屬維京群島商冠銘國際開發股份有限公司,臺北市中山區民生東路一段29號5樓之5,李高吉,1247200000,,115/06/02,一般補正案,H201010 一般投資業；H202010 創業投資業；H703090 不動產買賣業；H703100 不動產租賃業；ZZ99999 除許可業務外，得經營法令非禁止或限制之業務,臺北市,變更,11506
83254795,睿誠生醫股份有限公司,臺北市中正區忠孝西路1段72號2樓之5,蔡富鏵,1500000,,115/06/17,特殊補正,F118010 資訊軟體批發業；F218010 資訊軟體零售業；F401010 國際貿易業；F601010 智慧財產權業；I301010 資訊軟體服務業；I301020 資料處理服務業；I301030 電子資訊供應服務業；I401010 一般廣告服務業；I401020 廣告傳單分送業；I599990 其他設計業,臺北市,變更,11506
83257532,奕馬資訊有限公司,臺北市松山區南京東路5段147巷1號5樓,李秉恒,24000000,,115/06/30,特殊補正,I301010 資訊軟體服務業；I301020 資料處理服務業；I301030 電子資訊供應服務業；E603050 自動控制設備工程業；F218010 資訊軟體零售業；F118010 資訊軟體批發業；F113050 電腦及事務性機器設備批發業；F113070 電信器材批發業；ZZ99999 除許可業務外，得經營法令非禁止或限制之業務,臺北市,變更,11506
83259481,匯鴻廣告有限公司,臺北市大安區信義路4段210號11樓,蘇同福,5000000,,115/06/26,特殊補正,H701010 住宅及大樓開發租售業；H704031 不動產仲介經紀業；H704041 不動產代銷經紀業；I401010 一般廣告服務業；IZ12010 人力派遣業；JE01010 租賃業；JZ99050 仲介服務業；ZZ99999 除許可業務外，得經營法令非禁止或限制之業務,臺北市,變更,11506
83260305,艾瑞克艾斯股份有限公司,臺北市內湖區行善路188號2樓,魏子祐,5000000,,115/06/08,董事/監察人持股變動報備,J401010 電影片製作業；J402010 電影片發行業；J403010 電影片映演業；J404010 動畫影片製作業；J404050 電影特效製作業；J503020 電視節目製作業；J503030 廣播電視節目發行業；J602010 演藝活動業；J601010 藝文服務業；ZZ99999 除許可業務外，得經營法令非禁止或限制之業務,臺北市,變更,11506
83260516,即一國際有限公司,臺北市大安區忠孝東路4段285號5樓,李政宜,1000000,,115/06/02,特殊補正,I501010 產品設計業；I599990 其他設計業；I199990 其他顧問服務業；I401010 一般廣告服務業；I105010 藝術品諮詢顧問業；I503010 景觀、室內設計業；IZ15010 市場研究及民意調查業；CZ99990 未分類其他工業製品製造業；IG02010 研究發展服務業；I301010 資訊軟體服務業,臺北市,變更,11506
83261206,東泰航運股份有限公司,臺北市中正區忠孝東路1段152號10樓之5,蘇秀卿,53600000,,115/06/25,董事/監察人持股變動報備,F199010 回收物料批發業；F199990 其他批發業；F401010 國際貿易業；G402011 海運承攬運送業；G403010 船舶出租業；I102010 一般投資顧問業；I199990 其他顧問服務業；JZ99050 仲介服務業；ZZ99999 除許可業務外，得經營法令非禁止或限制之業務,臺北市,變更,11506
83264013,蒔二股份有限公司,臺北市內湖區行愛路141巷40號4樓,李致廷,12000000,,115/06/30,特殊補正,C104020 烘焙炊蒸食品製造業；F203010 食品什貨、飲料零售業；F206020 日常用品零售業；F399040 無店面零售業；F401010 國際貿易業；ZZ99999 除許可業務外，得經營法令非禁止或限制之業務,臺北市,變更,11506
83266645,信美迪醫材股份有限公司,臺北市南港區南港路3段50巷18號地下1樓,魏任傑,143600000,,115/06/29,增資(資本總額),CF01011 醫療器材製造業；F108040 化粧品批發業；F208040 化粧品零售業；C802100 化粧品製造業；F119010 電子材料批發業；F219010 電子材料零售業；F113070 電信器材批發業；F213060 電信器材零售業；CC01100 電信管制射頻器材製造業；F118010 資訊軟體批發業,臺北市,變更,11506
83271197,苗懂股份有限公司,臺北市信義區吳興街600巷126號19樓,苗妮,28000000,,115/06/24,特殊補正,F102170 食品什貨批發業；F104110 布疋、衣著、鞋、帽、傘、服飾品批發業；F106010 五金批發業；F106020 日常用品批發業；F108040 化粧品批發業；F109070 文教、樂器、育樂用品批發業；F204110 布疋、衣著、鞋、帽、傘、服飾品零售業；F206010 五金零售業；F206020 日常用品零售業；F208040 化粧品零售業,臺北市,變更,11506
83273821,君藝投資有限公司,臺北市中山區復興北路156號6樓,,600000,,115/06/18,解散,H201010 一般投資業；ZZ99999 除許可業務外，得經營法令非禁止或限制之業務,臺北市,變更,11506
83280560,席米科技股份有限公司,臺北市中山區林森北路145巷49號1樓,温政霖,2000000,,115/06/12,改選董事/監察人(一人法人股東指派董事/監察人),I301030 電子資訊供應服務業；I301010 資訊軟體服務業；I401010 一般廣告服務業；I501010 產品設計業；I503010 景觀、室內設計業；I599990 其他設計業；IZ10010 排版業；IZ09010 管理系統驗證業；I103060 管理顧問業；I105010 藝術品諮詢顧問業,臺北市,變更,11506
83281532,輝鷹有限公司,臺北市大同區南京西路62號7樓,吳雅庭,500000,,115/06/01,特殊補正,I301010 資訊軟體服務業；I301020 資料處理服務業；I301030 電子資訊供應服務業；IZ12010 人力派遣業；JZ99050 仲介服務業；I103060 管理顧問業；I199990 其他顧問服務業；F399040 無店面零售業；F401010 國際貿易業；ZZ99999 除許可業務外，得經營法令非禁止或限制之業務,臺北市,變更,11506
83286298,鴻旺事業有限公司,臺北市中正區忠孝西路1段122號9樓,王曉佩,2660000,,115/06/29,特殊補正,F113050 電腦及事務性機器設備批發業；F113070 電信器材批發業；F119010 電子材料批發業；F113020 電器批發業；F102030 菸酒批發業；F102040 飲料批發業；F102050 茶葉批發業；F102170 食品什貨批發業；F105050 家具、寢具、廚房器具、裝設品批發業；F104110 布疋、衣著、鞋、帽、傘、服飾品批發業,臺北市,變更,11506
83377522,璟能能源科技股份有限公司,臺北市大同區華陰街79號7樓,陳效武,10050000,,115/06/09,特殊補正,CB01010 機械設備製造業；CB01030 污染防治設備製造業；CC01010 發電、輸電、配電機械製造業；CC01090 電池製造業；CE01010 一般儀器製造業；CE01030 光學儀器製造業；EZ05010 儀器、儀表安裝工程業；F107030 清潔用品批發業；F113010 機械批發業；F113020 電器批發業,臺北市,變更,11506
83378331,儷拓股份有限公司,臺北市信義區忠孝東路5段246號5樓,鄭淑敏,1000000,,115/06/01,改選董事/監察人(一人法人股東指派董事/監察人),F104110 布疋、衣著、鞋、帽、傘、服飾品批發業；F110020 眼鏡批發業；F204110 布疋、衣著、鞋、帽、傘、服飾品零售業；F210020 眼鏡零售業；F106020 日常用品批發業；F108040 化粧品批發業；F206020 日常用品零售業；F208040 化粧品零售業；F401010 國際貿易業；H201010 一般投資業,臺北市,變更,11506
83399770,都蘭戀資產顧問有限公司,臺北市信義區忠孝東路5段457號5樓之8,黃德建,500000,,115/06/11,特殊補正,I103060 管理顧問業；H704031 不動產仲介經紀業；I401010 一般廣告服務業；J304010 圖書出版業；JA05010 留、遊學服務業；ZZ99999 除許可業務外，得經營法令非禁止或限制之業務,臺北市,變更,11506
83401614,好讚有限公司,臺北市松山區南京東路5段188號3樓之7,彭藍緯,100000,,115/06/02,公司所在地,F102170 食品什貨批發業；F106020 日常用品批發業；F108040 化粧品批發業；F114030 汽、機車零件配備批發業；F114040 自行車及其零件批發業；F112040 石油製品批發業；F118010 資訊軟體批發業；F119010 電子材料批發業；F206020 日常用品零售業；F204110 布疋、衣著、鞋、帽、傘、服飾品零售業,臺北市,變更,11506
83409117,永悅國際管理顧問有限公司,臺北市大安區復興南路1段137號16樓之1,蘭姸,6000000,,115/06/29,特殊補正,H701010 住宅及大樓開發租售業；H703090 不動產買賣業；I102010 一般投資顧問業；JA05010 留、遊學服務業；F401010 國際貿易業；I103060 管理顧問業；I401010 一般廣告服務業；H202010 創業投資業；H701020 工業廠房開發租售業；H703100 不動產租賃業,臺北市,變更,11506
83424124,申碁股份有限公司,臺北市南港區園區街3號12樓之5,陳貴弘,85000000,,115/06/23,特殊補正,H201010 一般投資業；I102010 投資顧問業；ZZ99999 除許可業務外，得經營法令非禁止或限制之業務,臺北市,變更,11506
83447858,密思工程有限公司,臺北市萬華區漢中街24號1樓,邱朝偉,1000000,,115/06/15,特殊補正,E599010 配管工程業；E601020 電器安裝業；E603010 電纜安裝工程業；E603040 消防安全設備安裝工程業；E603050 自動控制設備工程業；E603080 交通號誌安裝工程業；E603090 照明設備安裝工程業；E801010 室內裝潢業；EZ06010 交通標示工程業；EZ99990 其他工程業,臺北市,變更,11506
83448879,微客股份有限公司,臺北市大安區信義路4段184號7樓,王奕傑,6433437,,115/06/02,公司所在地,I401010 一般廣告服務業；I103060 管理顧問業；I301010 資訊軟體服務業；I301020 資料處理服務業；I105010 藝術品諮詢顧問業；I501010 產品設計業；I599990 其他設計業；J401010 電影片製作業；J404010 動畫影片製作業；J404050 電影特效製作業,臺北市,變更,11506
83452084,非瓶股份有限公司,臺北市松山區慶城街26之1號1樓,鄭翎,5000000,,115/06/22,特殊補正,F102030 菸酒批發業；F102170 食品什貨批發業；F102180 酒精批發業；F203010 食品什貨、飲料零售業；F203020 菸酒零售業；F203030 酒精零售業；F399040 無店面零售業；F399990 其他綜合零售業；F401010 國際貿易業；F501060 餐館業,臺北市,變更,11506
83452850,好星國際有限公司,臺北市中山區建國北路2段70號10樓之5,陳姿吟,6000000,,115/06/01,特殊補正,F104110 布疋、衣著、鞋、帽、傘、服飾品批發業；F105050 家具、寢具、廚房器具、裝設品批發業；F106010 五金批發業；F106020 日常用品批發業；F107030 清潔用品批發業；F108040 化粧品批發業；F109070 文教、樂器、育樂用品批發業；F203010 食品什貨、飲料零售業；F203020 菸酒零售業；F204110 布疋、衣著、鞋、帽、傘、服飾品零售業,臺北市,變更,11506
83453507,林可行銷有限公司,臺北市中正區羅斯福路2段56號8樓,黃聖峯,5000000,,115/06/25,增資,I103060 管理顧問業；I199990 其他顧問服務業；I301010 資訊軟體服務業；I301020 資料處理服務業；I301030 電子資訊供應服務業；I401010 一般廣告服務業；I501010 產品設計業；F401010 國際貿易業；J601010 藝文服務業；J602010 演藝活動業,臺北市,變更,11506
83455414,阿利恩股份有限公司,臺北市中山區南京東路1段15號3樓,邱世偉,7400000,,115/06/02,增資(資本總額),F118010 資訊軟體批發業；F218010 資訊軟體零售業；J399010 軟體出版業；J399990 其他出版業；F199990 其他批發業；F299990 其他零售業；F399990 其他綜合零售業；F399040 無店面零售業；F401010 國際貿易業；I401010 一般廣告服務業,臺北市,變更,11506
83463131,貝辰一號電力股份有限公司,臺北市中山區松江路230號3樓,邱吟娟,229000000,,115/06/15,特殊補正,CC01010 發電、輸電、配電機械製造業；D101011 發電業；F119010 電子材料批發業；F401010 國際貿易業；H701010 住宅及大樓開發租售業；H701020 工業廠房開發租售業；H701050 投資興建公共建設業；H701060 新市鎮、新社區開發業；H701070 區段徵收及市地重劃代辦業；H703100 不動產租賃業,臺北市,變更,11506
83465010,翔達威國際有限公司,臺北市信義區基隆路2段189號9樓之3,邱楷翔,5000000,,115/06/22,特殊補正,F401010 國際貿易業；F111090 建材批發業；F211010 建材零售業；I701011 就業服務業；IZ12010 人力派遣業；ZZ99999 除許可業務外，得經營法令非禁止或限制之業務,臺北市,變更,11506
83465362,好十尚股份有限公司,臺北市大同區重慶北路2段198號1樓,盧峮毅,3500000,,115/06/29,特殊補正,F102170 食品什貨批發業；F203010 食品什貨、飲料零售業；F104110 布疋、衣著、鞋、帽、傘、服飾品批發業；F105050 家具、寢具、廚房器具、裝設品批發業；F109070 文教、樂器、育樂用品批發業；F202010 飼料零售業；F102040 飲料批發業；F204110 布疋、衣著、鞋、帽、傘、服飾品零售業；F205040 家具、寢具、廚房器具、裝設品零售業；F209060 文教、樂器、育樂用品零售業,臺北市,變更,11506
83467729,昊天電力股份有限公司,臺北市中山區松江路230號3樓,蔡顯中,210500000,,115/06/25,特殊補正,CC01010 發電、輸電、配電機械製造業；D101011 發電業；F119010 電子材料批發業；F401010 國際貿易業；H701010 住宅及大樓開發租售業；H701020 工業廠房開發租售業；H701050 投資興建公共建設業；H701060 新市鎮、新社區開發業；H701070 區段徵收及市地重劃代辦業；H703100 不動產租賃業,臺北市,變更,11506
83469938,賽昂生醫股份有限公司,臺北市南港區園區街3號17樓,高安佩,36700000,,115/06/18,特殊補正,C802060 動物用藥製造業；F107200 化學原料批發業；F207200 化學原料零售業；F208050 乙類成藥零售業；F401010 國際貿易業；F601010 智慧財產權業；I103060 管理顧問業；I199990 其他顧問服務業；IG01010 生物技術服務業；IG02010 研究發展服務業,臺北市,變更,11506
83469971,奧爾繆思股份有限公司,臺北市松山區南京東路5段154號地下1層,黃煥升,1400000,,115/06/25,特殊補正,F203010 食品什貨、飲料零售業；F209060 文教、樂器、育樂用品零售業；F206020 日常用品零售業；I199990 其他顧問服務業；J799990 其他休閒服務業；ZZ99999 除許可業務外，得經營法令非禁止或限制之業務,臺北市,變更,11506
83470105,雲象科技股份有限公司,臺北市南港區忠孝東路7段508號15樓、15樓之1,葉肇元,944128880,,115/06/26,發行新股,F109070 文教、樂器、育樂用品批發業；F113050 電腦及事務性機器設備批發業；F118010 資訊軟體批發業；F119010 電子材料批發業；F209060 文教、樂器、育樂用品零售業；F213030 電腦及事務性機器設備零售業；F218010 資訊軟體零售業；F219010 電子材料零售業；I301010 資訊軟體服務業；H201010 一般投資業,臺北市,變更,11506
83474708,向芮股份有限公司,臺北市信義區松德路161號13樓之2,薛乃維,4200000,,115/06/02,特殊補正,F102170 食品什貨批發業；F113030 精密儀器批發業；F203010 食品什貨、飲料零售業；F208040 化粧品零售業；F208050 乙類成藥零售業；F213030 電腦及事務性機器設備零售業；F299990 其他零售業；F401010 國際貿易業；F399040 無店面零售業；F399990 其他綜合零售業,臺北市,變更,11506
83475066,眾昕有限公司,臺北市中山區復興北路66號5樓之2,賴曉盈,500000,,115/06/18,減少所營事業變更修正章程,I301010 資訊軟體服務業；I301020 資料處理服務業；I301030 電子資訊供應服務業；IZ09010 管理系統驗證業；IZ13010 網路認證服務業；IZ15010 市場研究及民意調查業；ZZ99999 除許可業務外，得經營法令非禁止或限制之業務,臺北市,變更,11506
83475349,裕裕大股份有限公司,臺北市松山區南京東路5段48號12樓,何秀貞,16000000,,115/06/11,特殊補正,H201010 一般投資業；F104110 布疋、衣著、鞋、帽、傘、服飾品批發業；F204110 布疋、衣著、鞋、帽、傘、服飾品零售業；F401010 國際貿易業；H703090 不動產買賣業；H703100 不動產租賃業,臺北市,變更,11506
83475360,長霖物業管理顧問有限公司,臺北市松山區復興南路1段45號5樓,卓志豪,1000000,,115/06/12,特殊補正,I301010 資訊軟體服務業；I301020 資料處理服務業；I301030 電子資訊供應服務業；I401010 一般廣告服務業；I501010 產品設計業；I503010 景觀、室內設計業；IF01010 消防安全設備檢修業；IZ12010 人力派遣業；IZ99990 其他工商服務業；I103060 管理顧問業,臺北市,變更,11506
83475474,靈悅有限公司,臺北市松山區南京東路3段287號2樓,袁小玉,6000000,,115/06/23,董事/股東證照變更,F106020 日常用品批發業；F109070 文教、樂器、育樂用品批發業；F401010 國際貿易業；F203010 食品什貨、飲料零售業；F205040 家具、寢具、廚房器具、裝設品零售業；F102040 飲料批發業；F206020 日常用品零售業；F209060 文教、樂器、育樂用品零售業；F399040 無店面零售業；F208040 化粧品零售業,臺北市,變更,11506
83475679,舒達股份有限公司,臺北市松山區南京東路4段53巷8弄17號2樓,傅家驊,13582535,,115/06/29,公司所在地,I103060 管理顧問業；H201010 一般投資業；ZZ99999 除許可業務外，得經營法令非禁止或限制之業務,臺北市,變更,11506
83476332,伍聯科技股份有限公司,臺北市大同區民權西路268號3樓之3,呂雅如,14900000,,115/06/29,改選董事/監察人(一人法人股東指派董事/監察人),C805030 塑膠日用品製造業；C805990 其他塑膠製品製造業；CD01030 汽車及其零件製造業；CQ01010 模具製造業；F106030 模具批發業；F107200 化學原料批發業；F114030 汽、機車零件配備批發業；F206030 模具零售業；F207010 漆料、塗料零售業；F207020 染料、顏料零售業,臺北市,變更,11506
83479083,馥春建築股份有限公司,臺北市松山區民權東路3段166號8樓,朱永年,30000000,,115/06/16,特殊補正,H701010 住宅及大樓開發租售業；H701020 工業廠房開發租售業；H701040 特定專業區開發業；H701050 投資興建公共建設業；H701080 都市更新重建業；H701090 都市更新整建維護業；H703090 不動產買賣業；H703100 不動產租賃業；H703110 老人住宅業；J901020 一般旅館業,臺北市,變更,11506
83484332,大湖旅館管理顧問股份有限公司,臺北市內湖區成功路5段462號3樓,李慶瑤,203871977,,115/06/09,分公司設立,J901020 一般旅館業；F203010 食品什貨、飲料零售業；F203020 菸酒零售業；F205040 家具、寢具、廚房器具、裝設品零售業；F501030 飲料店業；F501050 飲酒店業；F501060 餐館業；I103060 管理顧問業；I199990 其他顧問服務業；J799990 其他休閒服務業,臺北市,變更,11506
83485613,淘客科技股份有限公司,臺北市松山區延吉街39之1號1樓,張哲維,2100000,,115/06/18,補繳規費,I103060 管理顧問業；I301010 資訊軟體服務業；I301020 資料處理服務業；I301030 電子資訊供應服務業；I401010 一般廣告服務業；I599990 其他設計業；I501010 產品設計業；ZZ99999 除許可業務外，得經營法令非禁止或限制之業務；F401010 國際貿易業,臺北市,變更,11506
83485796,超能數位行銷有限公司,臺北市大同區承德路1段35號8樓之1,張良圖,5000000,,115/06/24,增資,I103060 管理顧問業；I501010 產品設計業；I401010 一般廣告服務業；IZ13010 網路認證服務業；I301010 資訊軟體服務業；I301020 資料處理服務業；I301030 電子資訊供應服務業；IZ15010 市場研究及民意調查業；J202010 產業育成業；JZ99050 仲介服務業,臺北市,變更,11506
83486009,弘原有限公司,臺北市中山區建國北路3段94號3樓,陳子庭,3200000,,115/06/08,增資,J701080 水域遊憩活動經營業；J799990 其他休閒服務業；JZ99030 攝影業；ZZ99999 除許可業務外，得經營法令非禁止或限制之業務,臺北市,變更,11506
83486394,永澄商行有限公司,臺北市松山區復興南路1段45號5樓,簡麗澄,100000,,115/06/24,特殊補正,F102040 飲料批發業；F102170 食品什貨批發業；F106020 日常用品批發業；F107030 清潔用品批發業；F108040 化粧品批發業；F109070 文教、樂器、育樂用品批發業；F203010 食品什貨、飲料零售業；F204110 布疋、衣著、鞋、帽、傘、服飾品零售業；F205040 家具、寢具、廚房器具、裝設品零售業；F206020 日常用品零售業,臺北市,變更,11506
83491426,日本連合貿易股份有限公司,臺北市中山區復興北路150號9樓,,500000,,115/06/15,特殊補正,F501030 飲料店業；F501060 餐館業；F401010 國際貿易業；F102040 飲料批發業；F102170 食品什貨批發業；F102050 茶葉批發業；F106020 日常用品批發業；F201030 水產品零售業；IZ04010 翻譯業；F203010 食品什貨、飲料零售業,臺北市,變更,11506
83501254,新陳寢具用品有限公司,臺北市信義區松仁路36號11樓之1,丁冲,3000000,,115/06/25,公司所在地,F104110 布疋、衣著、鞋、帽、傘、服飾品批發業；F105050 家具、寢具、廚房器具、裝設品批發業；F106020 日常用品批發業；F204110 布疋、衣著、鞋、帽、傘、服飾品零售業；F205040 家具、寢具、廚房器具、裝設品零售業；F206020 日常用品零售業；F399040 無店面零售業；F399990 其他綜合零售業；F401010 國際貿易業；ZZ99999 除許可業務外，得經營法令非禁止或限制之業務,臺北市,變更,11506
83501276,和泰冷凍空調器材股份有限公司,臺北市內湖區新湖一路36巷18號5樓,陳永澤,50000000,,115/06/22,改選董事/監察人(一人法人股東指派董事/監察人),F106010 五金批發業；F107990 其他化學製品批發業；F113020 電器批發業；F206010 五金零售業；F207990 其他化學製品零售業；F213010 電器零售業；F401010 國際貿易業；ZZ99999 除許可業務外，得經營法令非禁止或限制之業務,臺北市,變更,11506
83501515,沐安健康股份有限公司,臺北市北投區承德路6段120號14樓,蔡孟哲,15000000,,115/06/16,公司名稱變更修正章程,F106020 日常用品批發業；F107030 清潔用品批發業；F206020 日常用品零售業；F207030 清潔用品零售業；F207080 環境用藥零售業；F299990 其他零售業；F399040 無店面零售業；F401010 國際貿易業；H201010 一般投資業；I103060 管理顧問業,臺北市,變更,11506
83501992,烜宇科技股份有限公司,臺北市內湖區民權東路6段18之3號2樓,沈庭熙,100254000,,115/06/04,增資(資本總額),I301010 資訊軟體服務業；I301020 資料處理服務業；I301030 電子資訊供應服務業；ZZ99999 除許可業務外，得經營法令非禁止或限制之業務,臺北市,變更,11506
83502401,智太資服股份有限公司,臺北市松山區民族東路686號1樓,曹瑋儀,1000000,,115/06/29,改選董事/監察人(一人法人股東指派董事/監察人),F113050 電腦及事務性機器設備批發業；F118010 資訊軟體批發業；H201010 一般投資業；I103060 管理顧問業；IZ09010 管理系統驗證業；IZ13010 網路認證服務業；I301010 資訊軟體服務業；I301020 資料處理服務業；J399010 軟體出版業；ZZ99999 除許可業務外，得經營法令非禁止或限制之業務,臺北市,變更,11506
83502423,智玉文教股份有限公司,臺北市松山區民族東路686號1樓,曹瑋儀,1000000,,115/06/26,改選董事/監察人(一人法人股東指派董事/監察人),F109070 文教、樂器、育樂用品批發業；H201010 一般投資業；I103060 管理顧問業；I501010 產品設計業；IZ04010 翻譯業；IZ10010 排版業；J304010 圖書出版業；J305010 有聲出版業；J399010 軟體出版業；ZZ99999 除許可業務外，得經營法令非禁止或限制之業務,臺北市,變更,11506
83505673,季安室內裝修有限公司,臺北市中正區館前路6號4樓之1,翁顯明,3600000,,115/06/29,申登機關變更（遷入，含卷）,E801060 室內裝修業；E801010 室內裝潢業；E801020 門窗安裝工程業；E801030 室內輕鋼架工程業；E801040 玻璃安裝工程業；E801070 廚具、衛浴設備安裝工程業；F111090 建材批發業,臺北市,變更,11506
83506639,儀凱投資有限公司,臺北市內湖區洲子街77號8樓之1,朱陳儀珍,11500000,,115/06/26,修正章程,H202010 創業投資業；ZZ99999 除許可業務外，得經營法令非禁止或限制之業務,臺北市,變更,11506
83507481,三韋奇有限公司,臺北市大安區延吉街160巷11號1樓,許修豪,8000000,,115/06/02,特殊補正,F203010 食品什貨、飲料零售業；F204110 布疋、衣著、鞋、帽、傘、服飾品零售業；F206020 日常用品零售業；F501060 餐館業；ZZ99999 除許可業務外，得經營法令非禁止或限制之業務,臺北市,變更,11506
83513202,東林資產股份有限公司,臺北市大安區復興南路一段368號8樓,廖尚文,6000000000,,115/06/11,發行新股,E801010 室內裝潢業；F201090 觀賞魚零售業；H701010 住宅及大樓開發租售業；H701020 工業廠房開發租售業；H701040 特定專業區開發業；H701050 投資興建公共建設業；H701060 新市鎮、新社區開發業；H701080 都市更新重建業；H703100 不動產租賃業；HZ02020 辦理金融機構金錢債權之評價或拍賣業務,臺北市,變更,11506
83514271,澄石整合行銷有限公司,臺北市大安區忠孝東路4段142號4樓之9,陳俊州,1000000,,115/06/18,股東出資轉讓修正章程,I401010 一般廣告服務業；I501010 產品設計業；I301020 資料處理服務業；I301030 電子資訊供應服務業；I599990 其他設計業；I401020 廣告傳單分送業；I503010 景觀、室內設計業；I103060 管理顧問業；J601010 藝文服務業；JB01010 會議及展覽服務業,臺北市,變更,11506
83514357,金晶國際股份有限公司,臺北市中山區松江路369號6樓,黃科銓,449275790,,115/06/30,額定資本額增加變更章程,H201010 一般投資業；ZZ99999 除許可業務外，得經營法令非禁止或限制之業務；I102010 投資顧問業；I103060 管理顧問業；H703100 不動產租賃業,臺北市,變更,11506
83515074,益富雲科股份有限公司,臺北市中山區明水路600號10樓之4,馬述壯,174630000,,115/06/02,公司所營事業變更修正章程,C102010 乳品製造業；C103050 罐頭、冷凍、脫水及醃漬食品製造業；C109010 調味品製造業；C199990 未分類其他食品製造業；ZZ99999 除許可業務外，得經營法令非禁止或限制之業務；F107030 清潔用品批發業；F108031 醫療器材批發業；F207030 清潔用品零售業；F208031 醫療器材零售業,臺北市,變更,11506
83515546,唯美麗姿有限公司,臺北市大安區忠孝東路4段71之6號,劉貞華,500000,,115/06/26,特殊補正,F102170 食品什貨批發業；F108040 化粧品批發業；F113990 其他機械器具批發業；F203010 食品什貨、飲料零售業；F208040 化粧品零售業；F213990 其他機械器具零售業；F401010 國際貿易業；I199990 其他顧問服務業；JE01010 租賃業；ZZ99999 除許可業務外，得經營法令非禁止或限制之業務,臺北市,變更,11506
83523270,安宏生醫股份有限公司,臺北市南港區研究院路1段130巷99號5樓,林助強,463770820,,115/06/05,特殊補正,F107070 動物用藥品批發業；F107080 環境用藥批發業；F107990 其他化學製品批發業；F107200 化學原料批發業；F207200 化學原料零售業；F207070 動物用藥零售業；F207080 環境用藥零售業；F401010 國際貿易業；F601010 智慧財產權業；I103060 管理顧問業,臺北市,變更,11506
83523834,美商山嵐發現有限公司,臺北市信義區基隆路1段398號4樓,林楨祥,5000000,,115/06/18,一般補正案,I301010 資訊軟體服務業；I301020 資料處理服務業；I301030 電子資訊供應服務業；ZZ99999 除許可業務外，得經營法令非禁止或限制之業務,臺北市,變更,11506
83525299,誠新綠能股份有限公司,臺北市松山區復興北路57號10樓之2,熊成彬,600000000,,115/06/04,改選董事/監察人(一人法人股東指派董事/監察人),IG03010 能源技術服務業；CC01010 發電、輸電、配電機械製造業；D101060 再生能源自用發電設備業；F119010 電子材料批發業；F213010 電器零售業；E601010 電器承裝業；H701010 住宅及大樓開發租售業；H703090 不動產買賣業；H703100 不動產租賃業；JE01010 租賃業,臺北市,變更,11506
83535986,伯威海事工程股份有限公司,臺北市信義區基隆路2段51號7樓之4,Roald Bob Treffers鄭洛德,6000000,,115/06/12,改派董事/監察人,I103060 管理顧問業；ZZ99999 除許可業務外，得經營法令非禁止或限制之業務；E402010 沙石、淤泥海拋業；EZ99990 其他工程業,臺北市,變更,11506
83536280,天光管理顧問股份有限公司,臺北市中正區南陽街50號3樓,曹榮哲,500000,,115/06/25,特殊補正,I199990 其他顧問服務業；IZ12010 人力派遣業；JA05010 留、遊學服務業；ZZ99999 除許可業務外，得經營法令非禁止或限制之業務,臺北市,變更,11506
83538219,荷蘭商波斯卡利斯台灣股份有限公司,臺北市信義區基隆路2段51號7樓之4,鄭洛德,5000000,,115/06/15,改派在中華民國境內負責人變更登記,E402010 沙石、淤泥海拋業；EZ99990 其他工程業；ZZ99999 除許可業務外，得經營法令非禁止或限制之業務,臺北市,變更,11506
83540257,恆水創電股份有限公司,臺北市南港區忠孝東路7段520號6樓,汪渡村,222000000,,115/06/09,公司所在地,D101060 再生能源自用發電設備業；E606010 用電設備檢驗維護業；E601020 電器安裝業；E601010 電器承裝業；E604010 機械安裝業；F399040 無店面零售業；F113010 機械批發業；F113020 電器批發業；F119010 電子材料批發業；F118010 資訊軟體批發業,臺北市,變更,11506
83540432,皇慶國際不動產有限公司,臺北市內湖區內湖路1段68號10樓,鍾貴美,2000000,,115/06/04,公司所在地,JZ99050 仲介服務業；H704031 不動產仲介經紀業；ZZ99999 除許可業務外，得經營法令非禁止或限制之業務,臺北市,變更,11506
83541093,璟洸清潔有限公司,臺北市松山區復興南路1段45號5樓,吳婉菁,1010000,,115/06/12,特殊補正,F207030 清潔用品零售業；F107030 清潔用品批發業；F113020 電器批發業；F213010 電器零售業；F102030 菸酒批發業；F203020 菸酒零售業；F106020 日常用品批發業；F206020 日常用品零售業；E601020 電器安裝業；E801010 室內裝潢業,臺北市,變更,11506
83545437,晟曦科技有限公司,臺北市信義區基隆路2段125號4樓之1,陳宗傑,4000000,,115/06/25,股東出資轉讓修正章程,E502010 燃料導管安裝工程業；E599010 配管工程業；E601010 電器承裝業；E601020 電器安裝業；E603010 電纜安裝工程業；E603040 消防安全設備安裝工程業；E603050 自動控制設備工程業；E603080 交通號誌安裝工程業；E603090 照明設備安裝工程業；E604010 機械安裝業,臺北市,變更,11506
83546203,溪源國際有限公司,臺北市大安區仁愛路4段125號3樓,蕭百鈞,3000000,,115/06/18,特殊補正,F401010 國際貿易業；F114030 汽、機車零件配備批發業；F214030 汽、機車零件配備零售業；F114050 車胎批發業；F214050 車胎零售業；F106010 五金批發業；F206010 五金零售業；F114990 其他交通運輸工具及其零件批發業；F214990 其他交通運輸工具及其零件零售業；ZZ99999 除許可業務外，得經營法令非禁止或限制之業務,臺北市,變更,11506
83549124,松本創新有限公司,臺北市大同區塔城街64號3樓,王竑文,10000000,,115/06/10,特殊補正,I103060 管理顧問業；I199990 其他顧問服務業；I301010 資訊軟體服務業；I301050 實境體感應用服務業；J601010 藝文服務業；J602010 演藝活動業；J603010 音樂展演空間業；J399010 軟體出版業；J399990 其他出版業；E601020 電器安裝業,臺北市,變更,11506
83549807,大三商航運股份有限公司,臺北市中山區南京東路二段71號3樓,林宏年,1920000000,,115/06/04,補繳規費,G301011 船舶運送業；G403010 船舶出租業；G702010 船舶勞務承攬業；I101120 造船顧問業；I103060 管理顧問業；I199990 其他顧問服務業；ZZ99999 除許可業務外，得經營法令非禁止或限制之業務,臺北市,變更,11506
83549861,陣屋建設股份有限公司,臺北市信義區福德街50號1樓,許翔羿,14500000,,115/06/24,特殊補正,F111090 建材批發業；F105050 家具、寢具、廚房器具、裝設品批發業；H701010 住宅及大樓開發租售業；H701020 工業廠房開發租售業；H703090 不動產買賣業；H703100 不動產租賃業；E801010 室內裝潢業；E599010 配管工程業；E603050 自動控制設備工程業；E603090 照明設備安裝工程業,臺北市,變更,11506
83549877,沐田甄食品股份有限公司,臺北市中正區懷寧街76號1樓,張智煌,1000000,,115/06/10,特殊補正,F102040 飲料批發業；F102170 食品什貨批發業；I103060 管理顧問業；F106020 日常用品批發業；F106010 五金批發業；F101130 蔬果批發業；F104110 布疋、衣著、鞋、帽、傘、服飾品批發業；F102020 食用油脂批發業；F105050 家具、寢具、廚房器具、裝設品批發業；F107030 清潔用品批發業,臺北市,變更,11506
83549953,富喬物業管理顧問股份有限公司,臺北市中山區中山北路2段185號3樓,陳宏昌,150709990,,115/06/08,特殊補正,H703100 不動產租賃業；JE01010 租賃業；I103060 管理顧問業；E801010 室內裝潢業；I503010 景觀、室內設計業；I102010 一般投資顧問業；I401010 一般廣告服務業；IZ12010 人力派遣業；H202010 創業投資業；H703090 不動產買賣業,臺北市,變更,11506
83550748,美迪科思行銷股份有限公司,臺北市松山區八德路3段34號13樓,岡裕太,500000,,115/06/04,改選董事/監察人(一人法人股東指派董事/監察人),ZZ99999 除許可業務外，得經營法令非禁止或限制之業務；I103060 管理顧問業；I301010 資訊軟體服務業；I301020 資料處理服務業；I301030 電子資訊供應服務業；I401010 一般廣告服務業；I501010 產品設計業；IZ13010 網路認證服務業；IZ15010 市場研究及民意調查業；JZ99050 仲介服務業,臺北市,變更,11506
83562723,宏明裝潢工程有限公司,臺北市文山區木新路2段161巷12弄18號2樓,陳萬祥,1000000,,115/06/10,特殊補正,E801010 室內裝潢業；E801020 門窗安裝工程業；E801030 室內輕鋼架工程業；E801070 廚具、衛浴設備安裝工程業；F111090 建材批發業；F401010 國際貿易業；ZZ99999 除許可業務外，得經營法令非禁止或限制之業務,臺北市,變更,11506
83563526,果熹有限公司,臺北市中山區建國北路3段90號1樓,廖婕吟,200000,,115/06/25,特殊補正,I103060 管理顧問業；I401010 一般廣告服務業；I301010 資訊軟體服務業；I301020 資料處理服務業；I301030 電子資訊供應服務業；IZ10010 排版業；F106020 日常用品批發業；F206020 日常用品零售業；F102170 食品什貨批發業；F203010 食品什貨、飲料零售業,臺北市,變更,11506
83566087,永田有限公司,臺北市萬華區成都路102號19樓,李貞貞,10000000,,115/06/01,增資,H703100 不動產租賃業；HZ02010 金融機構金錢債權收買業務；HZ02020 辦理金融機構金錢債權之評價或拍賣業務；E801010 室內裝潢業；G202010 停車場經營業；I102010 一般投資顧問業；I103060 管理顧問業；I401010 一般廣告服務業；I501010 產品設計業；I503010 景觀設計業,臺北市,變更,11506
83566122,川岳國際室內裝修設計有限公司,臺北市內湖區瑞光路335號3樓,邱楷恩,10000000,,115/06/08,特殊補正,F105050 家具、寢具、廚房器具、裝設品批發業；F107010 漆料、塗料批發業；F111090 建材批發業；F113020 電器批發業；F113050 電腦及事務性機器設備批發業；F113070 電信器材批發業；F117010 消防安全設備批發業；F118010 資訊軟體批發業；F119010 電子材料批發業；F205040 家具、寢具、廚房器具、裝設品零售業,臺北市,變更,11506
83567255,台郡再生基材股份有限公司,臺北市中山區長安東路2段169號12樓之2,鄭世元,15000000,,115/06/24,補繳規費,F108031 醫療器材批發業；F208031 醫療器材零售業；F108040 化粧品批發業；F208040 化粧品零售業；F601010 智慧財產權業；IG01010 生物技術服務業；I103060 管理顧問業；F401010 國際貿易業；F119010 電子材料批發業；ZZ99999 除許可業務外，得經營法令非禁止或限制之業務,臺北市,變更,11506
83570391,龍來球場股份有限公司,臺北市中山區中山北路2段52號5樓之1,簡倍祥,110000000,,115/06/03,特殊補正,J701020 遊樂園業；J801030 競技及休閒運動場館業；JE01010 租賃業；G202010 停車場經營業；F203010 食品什貨、飲料零售業；F203020 菸酒零售業；F204110 布疋、衣著、鞋、帽、傘、服飾品零售業；F209060 文教、樂器、育樂用品零售業；F301010 百貨公司業；F399010 便利商店業,臺北市,變更,11506
83572715,御鼎管理顧問有限公司,臺北市中山區復興北路48號10樓之1,許文政,200000,,115/06/08,申登機關變更（遷入，含卷）,E801010 室內裝潢業；F211010 建材零售業；F213010 電器零售業；H701070 區段徵收及市地重劃代辦業；I102010 投資顧問業；I103060 管理顧問業；I199990 其他顧問服務業；I301020 資料處理服務業；I503010 景觀、室內設計業；ZZ99999 除許可業務外，得經營法令非禁止或限制之業務,臺北市,變更,11506
83573691,伍賀商業諮詢管理顧問有限公司,臺北市大安區光復南路626號6樓之2,謝宛伶,500000,,115/06/29,申登機關變更（遷入，含卷）,H703100 不動產租賃業；I103060 管理顧問業；I102010 投資顧問業；I199990 其他顧問服務業；I301020 資料處理服務業；IZ99990 其他工商服務業；J202010 產業育成業；ZZ99999 除許可業務外，得經營法令非禁止或限制之業務,臺北市,變更,11506
83575446,藝守龍股份有限公司,臺北市大同區鄭州路101號11樓之2,林豪仁,2000000,,115/06/25,特殊補正,F401010 國際貿易業；JZ99050 仲介服務業；JZ99090 喜慶綜合服務業；F118010 資訊軟體批發業；F218010 資訊軟體零售業；F601010 智慧財產權業；I103060 管理顧問業；I105010 藝術品諮詢顧問業；I301010 資訊軟體服務業；I301020 資料處理服務業,臺北市,變更,11506
83576986,步步搬家貨運股份有限公司,臺北市信義區松德路118巷3號,鄭博元,10000000,,115/06/18,特殊補正,G101061 汽車貨運業；ZZ99999 除許可業務外，得經營法令非禁止或限制之業務,臺北市,變更,11506
83584037,匯煜能源股份有限公司,臺北市松山區敦化北路167號10樓,陳創偉Charnvit Trangadisaikul,8200000,,115/06/23,特殊補正,F401010 國際貿易業；IG03010 能源技術服務業；ZZ99999 除許可業務外，得經營法令非禁止或限制之業務；CC01010 發電、輸電、配電機械製造業；D101060 再生能源自用發電設備業；E599010 配管工程業；E601010 電器承裝業；E601020 電器安裝業；E603050 自動控制設備工程業；E605010 電腦設備安裝業,臺北市,變更,11506
83584466,家悅環境維護管理顧問有限公司,臺北市萬華區中華路1段106號8樓,陳勇全,2000000,,115/06/15,申登機關變更（遷入，含卷）,J101010 建築物清潔服務業；J101020 病媒防治業；J101030 廢棄物清除業；J101080 資源回收業；J101990 其他環境衛生及污染防治服務業；J202010 產業育成業；I103060 管理顧問業；I199990 其他顧問服務業；IZ99990 其他工商服務業；F106020 日常用品批發業,臺北市,變更,11506
83587246,崇聖租賃股份有限公司,臺北市中正區懷寧街78號5樓,徐崇雄,4000000,,115/06/25,改選董事/監察人(一人法人股東指派董事/監察人),I103060 管理顧問業；H703100 不動產租賃業；JE01010 租賃業,臺北市,變更,11506
83587512,寶亞能源股份有限公司,臺北市內湖區行善路463號8樓,蔡佳晋,200000000,,115/06/15,改選董事/監察人(一人法人股東指派董事/監察人),CC01010 發電、輸電、配電機械製造業；CC01080 電子零組件製造業；CC01090 電池製造業；F119010 電子材料批發業；F213010 電器零售業；F219010 電子材料零售業；F401010 國際貿易業；I501010 產品設計業；IG03010 能源技術服務業；D401010 熱能供應業,臺北市,變更,11506
83587800,弗洛林國際股份有限公司,臺北市大同區承德路1段35號7樓之2,曾錦煙,3000000,,115/06/04,特殊補正,H201010 一般投資業,臺北市,變更,11506
83588028,大霖國際有限公司,臺北市萬華區長泰街296號,李明桂,1000000,,115/06/22,股東出資轉讓修正章程,F105050 家具、寢具、廚房器具、裝設品批發業；F104110 布疋、衣著、鞋、帽、傘、服飾品批發業；F111090 建材批發業；F399040 無店面零售業；H703090 不動產買賣業；F401010 國際貿易業；I503010 景觀、室內設計業；H703100 不動產租賃業；E801010 室內裝潢業；ZZ99999 除許可業務外，得經營法令非禁止或限制之業務,臺北市,變更,11506
83588717,合益生醫有限公司,臺北市中山區復興北路342號4樓之1,張莉婕,60000,,115/06/18,公司名稱變更修正章程,F102040 飲料批發業；F102170 食品什貨批發業；F106020 日常用品批發業；F108040 化粧品批發業；F206020 日常用品零售業；F401010 國際貿易業；F399040 無店面零售業；F207030 清潔用品零售業；F107030 清潔用品批發業；H703090 不動產買賣業,臺北市,變更,11506
83588815,大步投資有限公司,臺北市信義區松勤街132號,張志誠,20100000,,115/06/18,公司所在地,JZ99030 攝影業；JA03010 洗衣業；F109070 文教、樂器、育樂用品批發業；H201010 一般投資業；ZZ99999 除許可業務外，得經營法令非禁止或限制之業務,臺北市,變更,11506
83589363,極鼎匯智股份有限公司,臺北市松山區復興北路201號8樓之5,高文彥,5000000,,115/06/24,改選董事/監察人(一人法人股東指派董事/監察人),F119010 電子材料批發業；F199990 其他批發業；F219010 電子材料零售業；F299990 其他零售業；H201010 一般投資業；F401010 國際貿易業；I102010 投資顧問業；I103060 管理顧問業；ZZ99999 除許可業務外，得經營法令非禁止或限制之業務,臺北市,變更,11506
83598829,皇添工程股份有限公司,臺北市大安區忠孝東路4段71之5號6樓,李家銘,6000000,,115/06/26,特殊補正,H703090 不動產買賣業；H703100 不動產租賃業；H701060 新市鎮、新社區開發業；H701080 都市更新重建業；I103060 管理顧問業；H701040 特定專業區開發業；E801010 室內裝潢業；F111090 建材批發業；F211010 建材零售業；F220010 耐火材料零售業,臺北市,變更,11506
83602295,天彤文化股份有限公司,臺北市中山區南京東路2段139號11樓,殷允芃,28000000,,115/06/05,特殊補正,H201010 一般投資業；ZZ99999 除許可業務外，得經營法令非禁止或限制之業務,臺北市,變更,11506
83604054,協森科技有限公司,臺北市松山區復興南路1段45號5樓,羅科林,500000,,115/06/12,特殊補正,E607010 太陽熱能設備安裝工程業；E599010 配管工程業；E601010 電器承裝業；E601020 電器安裝業；E603010 電纜安裝工程業；E604010 機械安裝業；E603090 照明設備安裝工程業；E603040 消防安全設備安裝工程業；E605010 電腦設備安裝業；E606010 用電設備檢驗維護業,臺北市,變更,11506
83604863,星星相藝國際有限公司,臺北市大安區仁愛路4段50之5號,于恩懿,3000000,,115/06/05,特殊補正,J304010 圖書出版業；J305010 有聲出版業；J399010 軟體出版業；J401010 電影片製作業；J402010 電影片發行業；J601010 藝文服務業；J602010 演藝活動業；J603010 音樂展演空間業；JZ99050 仲介服務業；I103060 管理顧問業,臺北市,變更,11506
83611273,長久建築開發股份有限公司,臺北市信義區虎林街232巷47號,劉俊宏,20000000,,115/06/10,特殊補正,E801010 室內裝潢業；E801020 門窗安裝工程業；E801030 室內輕鋼架工程業；E801040 玻璃安裝工程業；E801070 廚具、衛浴設備安裝工程業；F111090 建材批發業；F120010 耐火材料批發業；H701010 住宅及大樓開發租售業；H701020 工業廠房開發租售業；H701040 特定專業區開發業,臺北市,變更,11506
83611301,安然科技有限公司,臺北市內湖區內湖路1段314號7樓,駱德福,5000000,,115/06/24,特殊補正,I301010 資訊軟體服務業；F118010 資訊軟體批發業；F218010 資訊軟體零售業；F113050 電腦及事務性機器設備批發業；F213030 電腦及事務性機器設備零售業；I103060 管理顧問業；I199990 其他顧問服務業；ZZ99999 除許可業務外，得經營法令非禁止或限制之業務,臺北市,變更,11506
83611457,億豪投資股份有限公司,臺北市大安區敦化南路2段76號7樓,,20000000,,115/06/23,解散,H201010 一般投資業；H703090 不動產買賣業；H703100 不動產租賃業；H701010 住宅及大樓開發租售業；H701050 投資興建公共建設業；ZZ99999 除許可業務外，得經營法令非禁止或限制之業務,臺北市,變更,11506
83624946,米立整合行銷有限公司,臺北市中山區中山北路2段115巷3弄14號1樓,陳智勇,500000,,115/06/15,特殊補正,F399040 無店面零售業；F401010 國際貿易業；F399990 其他綜合零售業；F104110 布疋、衣著、鞋、帽、傘、服飾品批發業；F105050 家具、寢具、廚房器具、裝設品批發業；F106010 五金批發業；F106020 日常用品批發業；F106040 水器材料批發業；F106060 寵物食品及其用品批發業；F107030 清潔用品批發業,臺北市,變更,11506
83624967,得邑股份有限公司,臺北市中山區中山北路2段46號4樓,鍾桂明,6000000,,115/06/29,董事(常務董事.董事長)/監察人解任,H703090 不動產買賣業；H703100 不動產租賃業；H703110 老人住宅業；H701010 住宅及大樓開發租售業；H701020 工業廠房開發租售業；H201010 一般投資業；I103060 管理顧問業；I199990 其他顧問服務業；IZ12010 人力派遣業；J101010 建築物清潔服務業,臺北市,變更,11506
83626727,趙孟彥投資有限公司,臺北市中山區玉門街1號,趙孟彥,1500000,,115/06/10,特殊補正,H201010 一般投資業,臺北市,變更,11506
83627465,仲和建築經理股份有限公司,臺北市內湖區瑞光路360號3樓、3樓之1,劉復興,211558550,,115/06/09,改選董事/監察人(一人法人股東指派董事/監察人),H702010 建築經理業；HZ02020 辦理金融機構金錢債權之評價或拍賣業務；I102010 投資顧問業；I103060 管理顧問業；H701010 住宅及大樓開發租售業；H701080 都市更新重建業；H701090 都市更新整建維護業；H703100 不動產租賃業；JE01010 租賃業；H701020 工業廠房開發租售業,臺北市,變更,11506
83627535,聖珮聯邦股份有限公司,臺北市北投區大度路3段270巷69號6樓之8,王紀珮,10000000,,115/06/09,特殊補正,F104110 布疋、衣著、鞋、帽、傘、服飾品批發業；F105050 家具、寢具、廚房器具、裝設品批發業；F102040 飲料批發業；F102050 茶葉批發業；F102170 食品什貨批發業；F109070 文教、樂器、育樂用品批發業；F203010 食品什貨、飲料零售業；F204110 布疋、衣著、鞋、帽、傘、服飾品零售業；F205040 家具、寢具、廚房器具、裝設品零售業；F209060 文教、樂器、育樂用品零售業,臺北市,變更,11506
83637415,意所有限公司,臺北市中山區長安東路1段41之1號2樓,逄霓禎,888888,,115/06/26,特殊補正,E801010 室內裝潢業；F104110 布疋、衣著、鞋、帽、傘、服飾品批發業；F105050 家具、寢具、廚房器具、裝設品批發業；F106010 五金批發業；F106020 日常用品批發業；F204110 布疋、衣著、鞋、帽、傘、服飾品零售業；F205040 家具、寢具、廚房器具、裝設品零售業；F206010 五金零售業；F206020 日常用品零售業；F399040 無店面零售業,臺北市,變更,11506
83638287,華陽創新科技股份有限公司,臺北市信義區信義路5段150巷2號17樓,王韋中,10750000,,115/06/10,特殊補正,CC01120 資料儲存媒體製造及複製業；I301010 資訊軟體服務業；I301020 資料處理服務業；I301030 電子資訊供應服務業；I103060 管理顧問業；I102010 投資顧問業；F118010 資訊軟體批發業；F218010 資訊軟體零售業；CC01110 電腦及其週邊設備製造業；IZ09010 管理系統驗證業,臺北市,變更,11506
83640501,星曄國際管理顧問有限公司,臺北市中山區中山北路3段27號7樓之6,曾川祐,12000000,,115/06/12,特殊補正,I102010 投資顧問業；I199990 其他顧問服務業；J202010 產業育成業；JZ99050 仲介服務業；I301020 資料處理服務業；ZZ99999 除許可業務外，得經營法令非禁止或限制之業務；I103060 管理顧問業；I301010 資訊軟體服務業；I301030 電子資訊供應服務業；I401010 一般廣告服務業,臺北市,變更,11506
83642753,星玉文創有限公司,臺北市大同區長安西路66號2樓之1,汪星佑,5000000,,115/06/18,特殊補正,F102170 食品什貨批發業；F104110 布疋、衣著、鞋、帽、傘、服飾品批發業；F105050 家具、寢具、廚房器具、裝設品批發業；F106020 日常用品批發業；F106010 五金批發業；F203010 食品什貨、飲料零售業；F204110 布疋、衣著、鞋、帽、傘、服飾品零售業；F205040 家具、寢具、廚房器具、裝設品零售業；F206010 五金零售業；F206020 日常用品零售業,臺北市,變更,11506
83652409,昊揚顧問股份有限公司,臺北市大同區延平北路1段104號9樓,廖煥庭,5000000,,115/06/17,董事/監察人持股變動報備,F399040 無店面零售業；F105050 家具、寢具、廚房器具、裝設品批發業；F205040 家具、寢具、廚房器具、裝設品零售業；F106010 五金批發業；F206010 五金零售業；F113020 電器批發業；F213010 電器零售業；F113050 電腦及事務性機器設備批發業；F213030 電腦及事務性機器設備零售業；F113070 電信器材批發業,臺北市,變更,11506
83666889,盈普國際有限公司,臺北市中正區杭州南路1段23號9樓之3,楊海凝,100000,,115/06/18,補繳規費,H701010 住宅及大樓開發租售業；H703090 不動產買賣業；H703100 不動產租賃業；J602010 演藝活動業；JE01010 租賃業；JZ99050 仲介服務業；F213030 電腦及事務性機器設備零售業；F213060 電信器材零售業；I301010 資訊軟體服務業；I301020 資料處理服務業,臺北市,變更,11506
83670856,蕙弘實業股份有限公司,臺北市中山區遼寧街28號1樓,戴弘燁,20000000,,115/06/24,特殊補正,H201010 一般投資業；H202010 創業投資業；H703090 不動產買賣業；H703100 不動產租賃業；I102010 投資顧問業；I103060 管理顧問業；F401010 國際貿易業；ZZ99999 除許可業務外，得經營法令非禁止或限制之業務；H706021 租賃住宅包租業；H706011 租賃住宅代管業,臺北市,變更,11506
83670981,楠瓦科技有限公司,臺北市松山區民生東路3段113巷6弄9號,劉宗翰,5000000,,115/06/24,改推董事/董事長,E601010 電器承裝業；E601020 電器安裝業；E603090 照明設備安裝工程業；EZ99990 其他工程業；F113050 電腦及事務性機器設備批發業；F118010 資訊軟體批發業；F119010 電子材料批發業；F213010 電器零售業；F213030 電腦及事務性機器設備零售業；F218010 資訊軟體零售業,臺北市,變更,11506
83683515,耘光股份有限公司,臺北市大安區新生南路3段88號6樓,張嘉麟,10000000,,115/06/18,補繳規費,E605010 電腦設備安裝業；F401010 國際貿易業；F601010 智慧財產權業；H201010 一般投資業；H202010 創業投資業；H703100 不動產租賃業；I102010 投資顧問業；I103060 管理顧問業；I199990 其他顧問服務業；I301010 資訊軟體服務業,臺北市,變更,11506
83684009,宏柏開發股份有限公司,臺北市松山區敦化北路167號17樓,林柏源,50000000,,115/06/24,改選董事/監察人(一人法人股東指派董事/監察人),H201010 一般投資業；H701010 住宅及大樓開發租售業；H701040 特定專業區開發業；H701050 投資興建公共建設業；H701060 新市鎮、新社區開發業；H701070 區段徵收及市地重劃代辦業；H701080 都市更新重建業；H701090 都市更新整建維護業；H703090 不動產買賣業；H703100 不動產租賃業,臺北市,變更,11506
83684021,邁邁著物有限公司,臺北市中山區南京東路3段189號4樓,馮思維,500000,,115/06/12,票據兌現/他機關函復/補正,F104110 布疋、衣著、鞋、帽、傘、服飾品批發業；F204110 布疋、衣著、鞋、帽、傘、服飾品零售業；F401010 國際貿易業；ZZ99999 除許可業務外，得經營法令非禁止或限制之業務,臺北市,變更,11506
83684036,伊德石化股份有限公司,臺北市中山區松江路162號4樓,郭紹儀,80730000,,115/06/17,特殊補正,F107060 毒性及關注化學物質批發業；F107200 化學原料批發業；F112020 煤及煤製品批發業；F112040 石油製品批發業；F115020 礦石批發業；F207060 毒性及關注化學物質零售業；F207200 化學原料零售業；F212030 煤零售業；F212050 石油製品零售業；F215020 礦石零售業,臺北市,變更,11506
83688574,新星國際地產有限公司,臺北市大安區光復南路556號3樓之1,黃宇騫,3000000,,115/06/09,特殊補正,H703090 不動產買賣業；H703100 不動產租賃業；HZ02020 辦理金融機構金錢債權之評價或拍賣業務；I301010 資訊軟體服務業；I301020 資料處理服務業；I301030 電子資訊供應服務業；I103060 管理顧問業；F401010 國際貿易業；JE01010 租賃業；HZ02010 金融機構金錢債權收買業務,臺北市,變更,11506
83691986,奧維國際有限公司,臺北市信義區信義路4段415號11樓之4,李悅熙,4000000,,115/06/15,增資,F107020 染料、顏料批發業；F108040 化粧品批發業；F113030 精密儀器批發業；F199990 其他批發業；F208040 化粧品零售業；F299990 其他零售業；F401010 國際貿易業；F399040 無店面零售業；I102010 投資顧問業；I103060 管理顧問業,臺北市,變更,11506
83699642,馬里布智慧生活股份有限公司,臺北市內湖區瑞光路288號9樓,吳聆思,22000000,,115/06/29,增資(資本總額),H703100 不動產租賃業；I503010 景觀、室內設計業；I301030 電子資訊供應服務業；I301010 資訊軟體服務業；H701010 住宅及大樓開發租售業；JE01010 租賃業；H703090 不動產買賣業；H701020 工業廠房開發租售業；H701040 特定專業區開發業；H701050 投資興建公共建設業,臺北市,變更,11506
83724749,大叔哈利餐飲股份有限公司,臺北市大安區敦化南路1段236巷19號,翁儷恩,6001000,,115/06/25,特殊補正,F203010 食品什貨、飲料零售業；F203020 菸酒零售業；F501030 飲料店業；F501060 餐館業；F399990 其他綜合零售業；F401010 國際貿易業；F206020 日常用品零售業；ZZ99999 除許可業務外，得經營法令非禁止或限制之業務,臺北市,變更,11506
83726789,宣聚股份有限公司,臺北市內湖區基湖路37號12樓,吳培基,366160040,,115/06/17,特殊補正,C901010 陶瓷及陶瓷製品製造業；C901030 水泥製造業；C901040 預拌混凝土製造業；C901050 水泥及混凝土製品製造業；C901070 石材製品製造業；C901990 其他非金屬礦物製品製造業；D101060 再生能源自用發電設備業；D401010 熱能供應業；E601010 電器承裝業；E607010 太陽熱能設備安裝工程業,臺北市,變更,11506
83736098,先決數據顧問有限公司,臺北市中山區南京東路3段101號4樓,江存瀚,100000,,115/06/16,公司所在地,I301020 資料處理服務業；IG02010 研究發展服務業；I301010 資訊軟體服務業；I103060 管理顧問業；IZ15010 市場研究及民意調查業,臺北市,變更,11506
83736203,華信寰宇資源股份有限公司,臺北市中山區松江路87號6樓之2,"HOSKINS,BENJAMIN FARRIS(趙宏恩)",200000,,115/06/30,改選董事/監察人(一人法人股東指派董事/監察人),F109070 文教、樂器、育樂用品批發業；F118010 資訊軟體批發業；I199990 其他顧問服務業；I301010 資訊軟體服務業；I301020 資料處理服務業；I301030 電子資訊供應服務業；IZ04010 翻譯業；I103060 管理顧問業；J202010 產業育成業；J304010 圖書出版業,臺北市,變更,11506
83745337,遊種文創有限公司,臺北市信義區忠孝東路5段1之4號7樓,柯坤志,100000,,115/06/29,特殊補正,I301010 資訊軟體服務業；F118010 資訊軟體批發業；F218010 資訊軟體零售業；J399010 軟體出版業；IZ12010 人力派遣業；I103060 管理顧問業；I199990 其他顧問服務業；F401010 國際貿易業；F601010 智慧財產權業；I301020 資料處理服務業,臺北市,變更,11506
83745630,大躍離岸運維股份有限公司,臺北市中山區民生東路3段10號7樓,郭一民,30000000,,115/06/09,董事/監察人持股變動報備,G801010 倉儲業；F401010 國際貿易業；IZ06010 理貨包裝業；IG03010 能源技術服務業；B601010 土石採取業；D101060 再生能源自用發電設備業；E401010 疏濬業；E402010 沙石、淤泥海拋業；E502010 燃料導管安裝工程業；E599010 配管工程業,臺北市,變更,11506
83747671,寶樹能源股份有限公司,臺北市內湖區行善路463號8樓,蔡佳晋,200000000,,115/06/12,特殊補正,CC01010 發電、輸電、配電機械製造業；CC01080 電子零組件製造業；CC01090 電池製造業；F119010 電子材料批發業；F213010 電器零售業；F219010 電子材料零售業；F401010 國際貿易業；I501010 產品設計業；IG03010 能源技術服務業；D401010 熱能供應業,臺北市,變更,11506
83751674,正井圓有限公司,臺北市大安區忠孝東路4段148號7樓,鄭錦湲,1000000,,115/06/26,特殊補正,F102170 食品什貨批發業；F104110 布疋、衣著、鞋、帽、傘、服飾品批發業；F105050 家具、寢具、廚房器具、裝設品批發業；F106010 五金批發業；F106020 日常用品批發業；F107030 清潔用品批發業；F109070 文教、樂器、育樂用品批發業；F101040 家畜家禽批發業；F101050 水產品批發業；F101990 其他農、畜、水產品批發業,臺北市,變更,11506
83763685,應援科技股份有限公司,臺北市內湖區瑞光路335號4樓,蕭新晟,146594264,,115/06/11,特殊補正,F399040 無店面零售業；I401010 一般廣告服務業；I301010 資訊軟體服務業；I301020 資料處理服務業；I301030 電子資訊供應服務業；I301040 第三方支付服務業；F113050 電腦及事務性機器設備批發業；F118010 資訊軟體批發業；F213030 電腦及事務性機器設備零售業；F218010 資訊軟體零售業,臺北市,變更,11506
83765213,台灣交洋股份有限公司,臺北市大同區市民大道1段209號11樓之1,西森寧彥,7000000,,115/06/12,特殊補正,F401010 國際貿易業；F107200 化學原料批發業；F119010 電子材料批發業；F107990 其他化學製品批發業；F107060 毒性及關注化學物質批發業；F107170 工業助劑批發業；F107090 事業用爆炸物批發業；F107020 染料、顏料批發業；F107010 漆料、塗料批發業；ZZ99999 除許可業務外，得經營法令非禁止或限制之業務,臺北市,變更,11506
83769604,隱適美台灣有限公司,臺北市信義區松高路1號10樓之2,JUNHO HAN,500000,,115/06/05,特殊補正,F108031 醫療器材批發業；F401010 國際貿易業；I199990 其他顧問服務業；JZ99050 仲介服務業；ZZ99999 除許可業務外，得經營法令非禁止或限制之業務,臺北市,變更,11506
83770047,阿普克有限公司,臺北市中正區重慶南路1段83號6樓,ERIC,27000000,,115/06/04,特殊補正,H703100 不動產租賃業；JE01010 租賃業；I103060 管理顧問業；I102010 投資顧問業；H201010 一般投資業；F102170 食品什貨批發業；F102040 飲料批發業；F203010 食品什貨、飲料零售業；I101090 食品顧問業；F501030 飲料店業,臺北市,變更,11506
83770686,匯盟能源股份有限公司,臺北市信義區松仁路97號16樓,Bin Fu,1192000000,,115/06/08,發行新股,F401010 國際貿易業；IG03010 能源技術服務業；D101011 發電業；ZZ99999 除許可業務外，得經營法令非禁止或限制之業務,臺北市,變更,11506
83773092,寶嘉汽車租賃股份有限公司,臺北市中正區青島東路4之8號1樓,駱麗鳳,127150000,,115/06/23,公司所在地,G101041 小客車租賃業；JE01010 租賃業；HZ02010 金融機構金錢債權收買業務；HZ02020 辦理金融機構金錢債權之評價或拍賣業務；F114010 汽車批發業；F114020 機車批發業；F114030 汽、機車零件配備批發業；F114050 車胎批發業；F214010 汽車零售業；F214020 機車零售業,臺北市,變更,11506
83774114,準懋創新投資股份有限公司,臺北市大安區敦化南路1段183號4樓,陳添超,150000000,,115/06/26,減資,H201010 一般投資業；ZZ99999 除許可業務外，得經營法令非禁止或限制之業務,臺北市,變更,11506
83784577,網紅共合國股份有限公司,臺北市大安區敦化南路2段38號8樓,蕭士傑,12500000,,115/06/02,經理人變更,F102030 菸酒批發業；F102040 飲料批發業；F102050 茶葉批發業；F102170 食品什貨批發業；F104110 布疋、衣著、鞋、帽、傘、服飾品批發業；F105050 家具、寢具、廚房器具、裝設品批發業；F106020 日常用品批發業；F106050 陶瓷玻璃器皿批發業；F106060 寵物食品及其用品批發業；F108040 化粧品批發業,臺北市,變更,11506
83785689,邁斯行銷有限公司,臺北市萬華區開封街2段8之2、10之2號,王顥哲,3000000,,115/06/03,股東出資轉讓修正章程,I103060 管理顧問業；I199990 其他顧問服務業；I301010 資訊軟體服務業；I301020 資料處理服務業；I301030 電子資訊供應服務業；I401010 一般廣告服務業；F118010 資訊軟體批發業；F213030 電腦及事務性機器設備零售業；F218010 資訊軟體零售業；F399990 其他綜合零售業,臺北市,變更,11506
83799972,大馬勝光有限公司,臺北市中正區羅斯福路3段284巷13號1樓,池雪麗,500000,,115/06/24,經理人變更,F101050 水產品批發業；F102030 菸酒批發業；F102040 飲料批發業；F102050 茶葉批發業；F102170 食品什貨批發業；F201030 水產品零售業；F203010 食品什貨、飲料零售業；F203020 菸酒零售業；F399040 無店面零售業；F401010 國際貿易業,臺北市,變更,11506
83838356,黑森科技股份有限公司,臺北市中山區民生東路2段143號8樓,段凱譯,2000000,,115/06/29,特殊補正,F119010 電子材料批發業；F113050 電腦及事務性機器設備批發業；F118010 資訊軟體批發業；F401010 國際貿易業；I301010 資訊軟體服務業；I301020 資料處理服務業；I301030 電子資訊供應服務業；I103060 管理顧問業；I102010 投資顧問業；ZZ99999 除許可業務外，得經營法令非禁止或限制之業務,臺北市,變更,11506
83842788,國慶國際有限公司,臺北市士林區德行西路36號8樓之8,楊彩琴,12000000,,115/06/01,股東出資轉讓修正章程,H703100 不動產租賃業；H703090 不動產買賣業；H201010 一般投資業；F399040 無店面零售業；F401010 國際貿易業；F209060 文教、樂器、育樂用品零售業；F109070 文教、樂器、育樂用品批發業；ZZ99999 除許可業務外，得經營法令非禁止或限制之業務,臺北市,變更,11506
83958865,展睿開發股份有限公司,臺北市中山區復興北路2號8樓之8,盧宗宜,575044000,,115/06/12,改選董事/監察人(一人法人股東指派董事/監察人),E801010 室內裝潢業；EZ99990 其他工程業；F111090 建材批發業；F113010 機械批發業；F211010 建材零售業；F213080 機械器具零售業；F401010 國際貿易業；H201010 一般投資業；H701010 住宅及大樓開發租售業；H701020 工業廠房開發租售業,臺北市,變更,11506
83998326,嗨嗨數位有限公司,臺北市中山區建國北路3段92號3樓,謝旻諺,2000000,,115/06/03,特殊補正,I301010 資訊軟體服務業；I301020 資料處理服務業；I301030 電子資訊供應服務業；I301050 實境體感應用服務業；I103060 管理顧問業；I199990 其他顧問服務業；I401010 一般廣告服務業；I501010 產品設計業；IZ13010 網路認證服務業；IZ09010 管理系統驗證業,臺北市,變更,11506
83999459,客鄉投資有限公司,臺北市大同區南京西路57號6樓之10,謝政豪,1200000,,115/06/12,公司所營事業變更修正章程,H201010 一般投資業；I102010 一般投資顧問業；I103060 管理顧問業；IZ99990 其他工商服務業；ZZ99999 除許可業務外，得經營法令非禁止或限制之業務,臺北市,變更,11506
84101002,菩呈股份有限公司,臺北市大同區延平北路2段82號3樓,呂嘉和,15000000,,115/06/23,董事/監察人持股變動報備,A101050 花卉栽培業；A102080 園藝服務業；E601020 電器安裝業；E604010 機械安裝業；E801010 室內裝潢業；E801070 廚具、衛浴設備安裝工程業；F109070 文教、樂器、育樂用品批發業；F111090 建材批發業；F209060 文教、樂器、育樂用品零售業；F211010 建材零售業,臺北市,變更,11506
84116130,益東消防器材有限公司,臺北市中正區中華路2段159號3樓,周澤銘,10000000,,115/06/24,改推董事/董事長,,臺北市,變更,11506
84126242,常利企業股份有限公司,臺北市中山區南京東路2段38號9樓,陳健隆,54000000,,115/06/26,董事/監察人持股變動報備,,臺北市,變更,11506
84131836,民興石化股份有限公司,臺北市大安區仁愛路4段25之1號11樓,吳澄清,99800000,,115/06/29,改選董事/監察人(一人法人股東指派董事/監察人),C801020 石油化工原料製造業；G801010 倉儲業；D201040 液化石油氣分裝業；F112040 石油製品批發業；F212050 石油製品零售業；F107200 化學原料批發業；F207200 化學原料零售業；F199990 其他批發業；F299990 其他零售業；F113010 機械批發業,臺北市,變更,11506
84134117,大輪機械工程股份有限公司,臺北市中山區民權西路20號11樓之7,蘇韋丞,50000000,,115/06/26,增資(資本總額),CA02060 金屬容器製造業；CA02990 其他金屬製品製造業；E599010 配管工程業；E603100 電焊工程業；E603110 冷作工程業；E604010 機械安裝業；F401010 國際貿易業；IZ12010 人力派遣業；EZ02010 起重工程業；ZZ99999 除許可業務外，得經營法令非禁止或限制之業務,臺北市,變更,11506
84140309,國圓有限公司,臺北市中山區中山北路1段83巷5號5樓之3,,2000000,,115/06/30,解散,,臺北市,變更,11506
84147345,興陽工程股份有限公司,臺北市大安區忠孝東路4段289號9樓,呂宗賢,28000000,,115/06/16,改選董事/監察人(一人法人股東指派董事/監察人),E501011 自來水管承裝商；E599010 配管工程業；E601010 電器承裝業；E601020 電器安裝業；E603040 消防安全設備安裝工程業；E603130 燃氣熱水器承裝業；E801070 廚具、衛浴設備安裝工程業；EZ99990 其他工程業；F106040 水器材料批發業；F113020 電器批發業,臺北市,變更,11506
84149821,來思達國際企業股份有限公司,臺北市內湖區新湖一路86號3樓,謝采琁,366423040,,115/06/23,特殊補正,CC01080 電子零組件製造業；CC01040 照明設備製造業；CC01110 電腦及其週邊設備製造業；F401010 國際貿易業；IG03010 能源技術服務業；I501010 產品設計業；F119010 電子材料批發業；E601010 電器承裝業；E603090 照明設備安裝工程業；E605010 電腦設備安裝業,臺北市,變更,11506
84177282,開博科技股份有限公司,臺北市內湖區瑞光路76巷43號1樓,黃宗仁,45000000,,115/06/24,改選董事/監察人(一人法人股東指派董事/監察人),F401021 電信管制射頻器材輸入業；G902011 第二類電信事業；I301010 資訊軟體服務業；I301020 資料處理服務業；I301030 電子資訊供應服務業；F218010 資訊軟體零售業；F118010 資訊軟體批發業；E701010 電信工程業；F213060 電信器材零售業；F113070 電信器材批發業,臺北市,變更,11506
84201918,格菱股份有限公司,臺北市中正區新生南路1段50號10樓,王貴賢,195000000,,115/06/17,改選董事/監察人(一人法人股東指派董事/監察人),C109010 調味品製造業；C110010 飲料製造業；C199030 即食餐食業,臺北市,變更,11506
84224454,勝騰企業有限公司,臺北市文山區興隆路1段251巷3弄9號2樓,潘麗琴,5000000,,115/06/17,股東出資轉讓修正章程,F102170 食品什貨批發業；F104110 布疋、衣著、鞋、帽、傘、服飾品批發業；F105050 家具、寢具、廚房器具、裝設品批發業；F106010 五金批發業；F106020 日常用品批發業；F107190 塑膠膜、袋批發業；F108031 醫療器材批發業；F109070 文教、樂器、育樂用品批發業；F110020 眼鏡批發業；F111090 建材批發業,臺北市,變更,11506
84250749,香港商愛馬仕亞太區有限公司,臺北市信義區忠孝東路5段68號22樓,丁安藍,20000000,,115/06/09,改派在中華民國境內負責人變更登記,ZZ99999 除許可業務外，得經營法令非禁止或限制之業務；F401021 電信管制射頻器材輸入業,臺北市,變更,11506
84263765,泛德林股份有限公司,臺北市南港區重陽路209號2樓,廖立萱,26100000,,115/06/03,特殊補正,CB01010 機械設備製造業；CC01080 電子零組件製造業；CC01060 有線通信機械器材製造業；CC01070 無線通信機械器材製造業；CC01110 電腦及其週邊設備製造業；JA02010 電器及電子產品修理業；E601020 電器安裝業；E603040 消防安全設備安裝工程業；E603050 自動控制設備工程業；E603080 交通號誌安裝工程業,臺北市,變更,11506
84275158,欣宏電子股份有限公司,臺北市南港區園區街3號4樓之2,林旣貴,197000000,,115/06/08,特殊補正,CC01080 電子零組件製造業。；F119010 電子材料批發業；F219010 電子材料零售業；I301010 資訊軟體服務業；I301020 資料處理服務業；I301030 電子資訊供應服務業；F113050 電腦及事務性機器設備批發業；CC01110 電腦及其週邊設備製造業；F401010 國際貿易業；ZZ99999 除許可業務外，得經營法令非禁止或限制之業務,臺北市,變更,11506
84279106,品成實業股份有限公司,臺北市內湖區文湖街21巷68弄6號1樓,林均達,7770000,,115/06/08,特殊補正,,臺北市,變更,11506
84288251,唐山國際事業有限公司,臺北市內湖區內湖路1段115號4樓,李謙,5000000,,115/06/04,特殊補正,J305010 有聲出版業；J202010 產業育成業；I301010 資訊軟體服務業；I103060 管理顧問業；I301060 網路廣告平臺業；F401010 國際貿易業；ZZ99999 除許可業務外，得經營法令非禁止或限制之業務,臺北市,變更,11506
84307187,台灣日化股份有限公司,臺北市中正區忠孝東路2段88號9樓,税本敦也,1250000,,115/06/29,改選董事/監察人(一人法人股東指派董事/監察人),F107041 農藥批發業；F107050 肥料批發業；F108040 化粧品批發業；F207050 肥料零售業；F102020 食用油脂批發業；F102170 食品什貨批發業；F102180 酒精批發業；F103010 飼料批發業；F107080 環境用藥批發業；F107990 其他化學製品批發業,臺北市,變更,11506
84307763,巴黎三城眼鏡股份有限公司,臺北市士林區忠誠路2段55號4樓,益川真實,29800000,,115/06/29,特殊補正,F106010 五金批發業；F110010 鐘錶批發業；F206010 五金零售業；F210010 鐘錶零售業；F210020 眼鏡零售業；F215010 首飾及貴金屬零售業；CE01030 光學儀器製造業；I102010 投資顧問業；I103060 管理顧問業；JD01010 工商徵信服務業,臺北市,變更,11506
84309586,宜家家居股份有限公司,臺北市內湖區舊宗路1段128號,尚瑞登Samuel Stuart John Wratten,822430000,,115/06/01,一般補正案,F105050 家具、寢具、廚房器具、裝設品批發業；F205040 家具、寢具、廚房器具、裝設品零售業；E801010 室內裝潢業；F401010 國際貿易業；F211010 建材零售業；F111090 建材批發業；I103060 管理顧問業；F501060 餐館業；F102030 菸酒批發業；F203020 菸酒零售業,臺北市,變更,11506
84309755,益寧精密股份有限公司,臺北市南港區八德路4段768巷1弄18號地下樓,李家瑞,10000000,,115/06/03,改選董事/監察人(一人法人股東指派董事/監察人),F113050 電腦及事務性機器設備批發業；F119010 電子材料批發業；F219010 電子材料零售業；F401010 國際貿易業；CC01080 電子零組件製造業；CC01990 其他電機及電子機械器材製造業；I301010 資訊軟體服務業；IZ99990 其他工商服務業；ZZ99999 除許可業務外，得經營法令非禁止或限制之業務,臺北市,變更,11506
84310438,港捷國際運通有限公司,臺北市中山區南京東路3段19號10樓、10樓之1,陳筱芬,7500000,,115/06/12,特殊補正,,臺北市,變更,11506
84311078,湯淺商事股份有限公司,臺北市中山區長安東路1段18號11樓,柴橋健太郎,5000000,,115/06/15,改選董事/監察人(一人法人股東指派董事/監察人),F113010 機械批發業；F213080 機械器具零售業；F113990 其他機械器具批發業；F213990 其他機械器具零售業；F111090 建材批發業；F211010 建材零售業；JE01010 租賃業；I199990 其他顧問服務業；F105050 家具、寢具、廚房器具、裝設品批發業；F205040 家具、寢具、廚房器具、裝設品零售業,臺北市,變更,11506
84352204,良正纖維股份有限公司,臺北市大同區長安西路239號10樓之1,張良正,58000000,,115/06/17,董事/監察人持股變動報備,C301010 紡紗業；C302010 織布業；C303010 不織布業；C305010 印染整理業；C306010 成衣業；C399990 其他紡織及製品製造業；C801120 人造纖維製造業；F104110 布疋、衣著、鞋、帽、傘、服飾品批發業；F401010 國際貿易業；H703100 不動產租賃業,臺北市,變更,11506
84386788,興智貿易股份有限公司,臺北市士林區文林路490之1號1樓,,20000000,,115/06/26,特殊補正,,臺北市,變更,11506
84442965,華菱汽車股份有限公司,臺北市大安區敦化南路二段2號11樓,曾鑫城,912670300,,115/06/29,修正章程,F106030 模具批發業；F112040 石油製品批發業；F113010 機械批發業；F113110 電池批發業；F113020 電器批發業；F113070 電信器材批發業；F114010 汽車批發業；F114020 機車批發業；F114030 汽、機車零件配備批發業；F114040 自行車及其零件批發業,臺北市,變更,11506
84443211,香港商生力啤有限公司,臺北市松山區復興北路167號3樓之3,馮興邦,5000000,,115/06/25,一般補正案,F401171 酒類輸入業,臺北市,變更,11506
84450248,永柏投資股份有限公司,臺北市中正區衡陽路10號14樓,林錦花,28000000,,115/06/25,董事(常務董事.董事長)/監察人解任,,臺北市,變更,11506
84453694,東詠企業有限公司,臺北市松山區敦化北路303號9樓之7,侯尊中,5000000,,115/06/10,特殊補正,,臺北市,變更,11506
84460718,皇品國際企業股份有限公司,臺北市內湖區潭美街636號5樓,吳永吉,25000000,,115/06/22,特殊補正,C106010 製粉業；C110010 飲料製造業；C199990 未分類其他食品製造業；F102040 飲料批發業；F102170 食品什貨批發業；F401010 國際貿易業；F102030 菸酒批發業；H201010 一般投資業；ZZ99999 除許可業務外，得經營法令非禁止或限制之業務,臺北市,變更,11506
84467557,景向規劃設計顧問有限公司,臺北市中山區中山北路3段47號7樓,楊學文,5000000,,115/06/02,特殊補正,I503010 景觀設計業；IZ99990 其他工商服務業；ZZ99999 除許可業務外，得經營法令非禁止或限制之業務,臺北市,變更,11506
84491402,聯合文學出版社股份有限公司,臺北市信義區基隆路1段178號10樓,王張寶琴,5000000,,115/06/04,特殊補正,J303010 雜誌（期刊）出版業；J304010 圖書出版業；J305010 有聲出版業；F109070 文教、樂器、育樂用品批發業；F209060 文教、樂器、育樂用品零售業；F401010 國際貿易業；ZZ99999 除許可業務外，得經營法令非禁止或限制之業務,臺北市,變更,11506
84492351,泰霖事業股份有限公司,臺北市中山區植福路308號3樓,劉東嶽,671638210,,115/06/29,修正章程,F401010 國際貿易業；F113020 電器批發業；F119010 電子材料批發業；F213010 電器零售業；F219010 電子材料零售業；E801010 室內裝潢業；EZ05010 儀器、儀表安裝工程業；EZ99990 其他工程業；F218010 資訊軟體零售業；I103060 管理顧問業,臺北市,變更,11506
84497335,百徽股份有限公司,臺北市內湖區瑞湖街199號3樓,張傑民,280561460,,115/06/01,認股憑證換發新股,CC01110 電腦及其週邊設備製造業；CC01120 資料儲存媒體製造及複製業；CC01060 有線通信機械器材製造業；CC01070 無線通信機械器材製造業；CC01080 電子零組件製造業；F401010 國際貿易業；F113050 電腦及事務性機器設備批發業；F113070 電信器材批發業；F118010 資訊軟體批發業；F119010 電子材料批發業,臺北市,變更,11506
84552527,典試科技股份有限公司,臺北市內湖區瑞湖街103號2樓之4,賴世龍,19000000,,115/06/05,特殊補正,F106040 水器材料批發業；F113010 機械批發業；F113030 精密儀器批發業；F113020 電器批發業；F201030 水產品零售業；F206040 水器材料零售業；F213030 電腦及事務性機器設備零售業；F213040 精密儀器零售業；F216010 照相器材零售業；F219010 電子材料零售業,臺北市,變更,11506
84659035,上亞科技股份有限公司,臺北市內湖區行愛路77巷63號6樓,蔡文杰,463000000,,115/06/10,特殊補正,CC01080 電子零組件製造業；I501010 產品設計業；CC01070 無線通信機械器材製造業；CE01010 一般儀器製造業；CC01060 有線通信機械器材製造業；CC01110 電腦及其週邊設備製造業；F213040 精密儀器零售業；F118010 資訊軟體批發業；F219010 電子材料零售業；F401010 國際貿易業,臺北市,變更,11506
84696186,精御科技股份有限公司,臺北市大同區迪化街1段50號6樓,施振南,182000000,,115/06/08,改選董事/監察人(一人法人股東指派董事/監察人),C802990 其他化學製品製造業；F107990 其他化學製品批發業；F207990 其他化學製品零售業；F113050 電腦及事務性機器設備批發業；F213030 電腦及事務性機器設備零售業；F401010 國際貿易業；H703100 不動產租賃業；CC01110 電腦及其週邊設備製造業；ZZ99999 除許可業務外，得經營法令非禁止或限制之業務,臺北市,變更,11506
84705349,國泰期貨股份有限公司,臺北市大安區虎嘯里敦化南路2段333號19樓、335號10樓,周冠成,944600000,,115/06/05,一般補正案,H401011 期貨商；H405011 期貨顧問事業；H304011 證券投資顧問業；H404011 槓桿交易商,臺北市,變更,11506
84708471,和美投資股份有限公司,臺北市中山區松江路125號3樓,黃徐澄寶,277768710,,115/06/05,公司所營事業變更修正章程,H201010 一般投資業；H701010 住宅及大樓開發租售業；H703100 不動產租賃業；ZZ99999 除許可業務外，得經營法令非禁止或限制之業務,臺北市,變更,11506
84711433,香港商歷峯亞太有限公司,臺北市松山區民生東路3段109號10樓、11樓及14樓,藍兆慧,10000000,,115/06/18,改派在中華民國境內負責人變更登記,F104110 布疋、衣著、鞋、帽、傘、服飾品批發業；F105050 家具、寢具、廚房器具、裝設品批發業；F106020 日常用品批發業；F106050 陶瓷玻璃器皿批發業；F108040 化粧品批發業；F110010 鐘錶批發業；F110020 眼鏡批發業；F115010 首飾及貴金屬批發業；F204110 布疋、衣著、鞋、帽、傘、服飾品零售業；F205040 家具、寢具、廚房器具、裝設品零售業,臺北市,變更,11506
84742908,台灣通用芳香有限公司,臺北市內湖區內湖路1段306號2樓,陳興志,60000000,,115/06/23,增資,I301020 資料處理服務業；F401010 國際貿易業；F108040 化粧品批發業；F208040 化粧品零售業；F121010 食品添加物批發業；F221010 食品添加物零售業；ZZ99999 除許可業務外，得經營法令非禁止或限制之業務,臺北市,變更,11506
84743603,中原資訊顧問有限公司,臺北市大安區基隆路2段132巷15之7號,徐兆民,500000,,115/06/22,改推董事/董事長,ZZ99999 除許可業務外，得經營法令非禁止或限制之業務,臺北市,變更,11506
84748403,貝登堡國際股份有限公司,臺北市信義區光復南路495號8樓、8樓之1,鄭敦仁,119423170,,115/06/15,董事(常務董事.董事長)/監察人解任,ZZ99999 除許可業務外，得經營法令非禁止或限制之業務；C701010 印刷業；CH01040 玩具製造業；I401010 一般廣告服務業；F401010 國際貿易業；F102020 食用油脂批發業；F102030 菸酒批發業；F102040 飲料批發業；F102170 食品什貨批發業；F104110 布疋、衣著、鞋、帽、傘、服飾品批發業,臺北市,變更,11506
84759338,世華開發股份有限公司,臺北市南港區三重路66號4樓,黃茂雄,129770320,,115/06/15,補繳規費,H701010 住宅及大樓開發租售業；H701020 工業廠房開發租售業；H701040 特定專業區開發業；H701050 投資興建公共建設業；H701060 新市鎮、新社區開發業；H701070 區段徵收及市地重劃代辦業；H701080 都市更新重建業；H701090 都市更新整建維護業；H702010 建築經理業；F102170 食品什貨批發業,臺北市,變更,11506
84760264,策圜豐有限公司,臺北市內湖區瑞光路335號11樓,陸柏宇,5000000,,115/06/15,負責人印鑑變更,JZ99050 仲介服務業；JZ99090 喜慶綜合服務業；JE01010 租賃業；J601010 藝文服務業；JB01010 會議及展覽服務業；J602010 演藝活動業；IZ99990 其他工商服務業；F401010 國際貿易業；I401010 一般廣告服務業；I102010 一般投資顧問業,臺北市,變更,11506
84762827,天仁防水工程有限公司,臺北市信義區和平東路3段391巷8弄27號4樓,廖建勝,5000000,,115/06/09,特殊補正,,臺北市,變更,11506
84766400,華胤工程股份有限公司,臺北市大安區信義路4段306號6樓,許朝忠,78300000,,115/06/26,發行新股,F211010 建材零售業；F111090 建材批發業；F113020 電器批發業；F113010 機械批發業；F213080 機械器具零售業；F106010 五金批發業；F206010 五金零售業；E801030 室內輕鋼架工程業；E801040 玻璃安裝工程業；E801020 門窗安裝工程業,臺北市,變更,11506
84780472,張老師文化事業股份有限公司,臺北市中正區重慶南路1段66之1號3樓,葛永光,33054480,,115/06/15,改派董事/監察人,A102060 糧商業；E605010 電腦設備安裝業；E701040 簡易電信設備安裝業；F101100 花卉批發業；F101130 蔬果批發業；F102030 菸酒批發業；F102040 飲料批發業；F102050 茶葉批發業；F102170 食品什貨批發業；F103010 飼料批發業,臺北市,變更,11506
84783772,商丞科技股份有限公司,臺北市內湖區瑞光路513巷22弄5號3樓之6,泰芯股份有限公司,916288330,,115/06/30,補選董事(常務董事.董事長)/監察人,CB01020 事務機器製造業；CC01060 有線通信機械器材製造業；CC01070 無線通信機械器材製造業；CC01030 電器及視聽電子產品製造業；CC01080 電子零組件製造業；CC01100 電信管制射頻器材製造業；CC01110 電腦及其週邊設備製造業；CE01030 光學儀器製造業；E605010 電腦設備安裝業；E701030 電信管制射頻器材裝設工程業,臺北市,變更,11506
84832008,隆豪營造有限公司,臺北市大安區羅斯福路3段325號8樓之6,陳海斌,100000000,,115/06/03,改推董事/董事長,,臺北市,變更,11506
84904662,偉城紙業有限公司,臺北市士林區通河街11號之2、4樓,吳怡萱,5000000,,115/06/22,董事/股東地址變更,ZZ99999 除許可業務外，得經營法令非禁止或限制之業務,臺北市,變更,11506
84906227,鈞達股份有限公司,臺北市大安區市民大道3段148號3樓,劉漢徽,20000000,,115/06/23,董事/監察人持股變動報備,F108031 醫療器材批發業；F208031 醫療器材零售業；F109070 文教、樂器、育樂用品批發業；F113020 電器批發業；F113050 電腦及事務性機器設備批發業；F113070 電信器材批發業；F113110 電池批發業；F118010 資訊軟體批發業；F119010 電子材料批發業；F209060 文教、樂器、育樂用品零售業,臺北市,變更,11506
84906866,臺灣資上寶股份有限公司,臺北市中山區松江路50號11樓,劉富元,8000000,,115/06/22,特殊補正,IZ07010 公證業；I201010 徵信業。；I103010 企業經營管理顧問業,臺北市,變更,11506
84912038,康寧生活事業股份有限公司,臺北市內湖區成功路5段420巷28號1樓,馬美美,220000000,,115/06/23,減資,F106020 日常用品批發業；F206020 日常用品零售業；F108031 醫療器材批發業；F208031 醫療器材零售業；F109070 文教、樂器、育樂用品批發業；F209060 文教、樂器、育樂用品零售業；F113020 電器批發業；F213010 電器零售業；F203010 食品什貨、飲料零售業；F203020 菸酒零售業,臺北市,變更,11506
84917842,東駿建設企業股份有限公司,臺北市萬華區西園路1段200號9樓之3,陳汾蘭,75000000,,115/06/24,董事/監察人持股變動報備,H701010 住宅及大樓開發租售業；H701020 工業廠房開發租售業；H701080 都市更新重建業；H701090 都市更新整建維護業；H701060 新市鎮、新社區開發業；H701070 區段徵收及市地重劃代辦業；H701050 投資興建公共建設業；IZ17010 遊說業；G202010 停車場經營業；F111090 建材批發業,臺北市,變更,11506
84926510,湯姆熊育樂事業股份有限公司,臺北市信義區忠孝東路5段508號24樓,李祥,98000000,,115/06/29,改選董事/監察人(一人法人股東指派董事/監察人),,臺北市,變更,11506
84938207,昱臺國際股份有限公司,臺北市中山區南京東路3段28號4樓,劉枋,225000000,,115/06/22,特殊補正,G402011 海運承攬運送業；IZ06010 理貨包裝業；G801010 倉儲業；G405010 貨櫃出租業；G601011 航空貨運承攬業；G701011 報關業；G799990 其他運輸輔助業；F118010 資訊軟體批發業；F218010 資訊軟體零售業；F401010 國際貿易業,臺北市,變更,11506
84938375,東京都保全股份有限公司,臺北市中正區忠孝東路1段55號3樓,菅野信之,120000000,,115/06/17,特殊補正,I901011 保全業,臺北市,變更,11506
84938446,標旗企業股份有限公司,臺北市大安區敦化南路2段76號14樓之2,高祖傑,6000000,,115/06/09,改選董事/監察人(一人法人股東指派董事/監察人),,臺北市,變更,11506
84939395,朋達旅行社股份有限公司,臺北市萬華區西園路2段198之1號1樓,李長馨,25000000,,115/06/23,特殊補正,,臺北市,變更,11506
84949669,華義投資股份有限公司,臺北市中山區南京東路2段125號8樓之3,李國祥,50000000,,115/06/03,特殊補正,H201010 一般投資業；J901020 一般旅館業；ZZ99999 除許可業務外，得經營法令非禁止或限制之業務,臺北市,變更,11506
85001986,豐銘地產開發股份有限公司,臺北市中山區民生東路2段147巷3之1號地下室,吳欣容,5000000,,115/06/03,特殊補正,H701010 住宅及大樓開發租售業；H701020 工業廠房開發租售業；H703090 不動產買賣業；H703100 不動產租賃業；F111090 建材批發業；F115020 礦石批發業；F211010 建材零售業；F215020 礦石零售業；F401010 國際貿易業；ZZ99999 除許可業務外，得經營法令非禁止或限制之業務,臺北市,變更,11506
85007074,嘉時航運股份有限公司,臺北市信義區忠孝東路5段68號23樓,吳兆誠,255800000,,115/06/24,特殊補正,G403010 船舶出租業；G702010 船舶勞務承攬業；I101120 造船顧問業；I103060 管理顧問業；I199990 其他顧問服務業；ZZ99999 除許可業務外，得經營法令非禁止或限制之業務；G301011 船舶運送業；G407010 打撈業；G408010 海難救護業,臺北市,變更,11506
85012843,銳思科技工程顧問股份有限公司,臺北市文山區羅斯福路5段211巷45號1樓,陳奕志,5000000,,115/06/26,特殊補正,E701020 衛星電視ＫＵ頻道、Ｃ頻道器材安裝業；E701030 電信管制射頻器材裝設工程業；E701040 簡易電信設備安裝業；CB01010 機械設備製造業；CB01020 事務機器製造業；CB01030 污染防治設備製造業；CB01990 其他機械製造業；CC01010 發電、輸電、配電機械製造業；CC01040 照明設備製造業；CC01990 其他電機及電子機械器材製造業,臺北市,變更,11506
85014700,就是紅美髮股份有限公司,臺北市松山區敦化北路155巷9號2樓,陳文健,3000000,,115/06/18,改選董事/監察人(一人法人股東指派董事/監察人),F102170 食品什貨批發業；F104110 布疋、衣著、鞋、帽、傘、服飾品批發業；F105050 家具、寢具、廚房器具、裝設品批發業；F107030 清潔用品批發業；F108031 醫療器材批發業；F108040 化粧品批發業；F109070 文教、樂器、育樂用品批發業；F113010 機械批發業；F113020 電器批發業；F113990 其他機械器具批發業,臺北市,變更,11506
85014770,欣沛國際策略顧問股份有限公司,臺北市信義區東興路49號6樓,劉丹筠,600000,,115/06/01,特殊補正,I102010 一般投資顧問業；I103060 管理顧問業；I105010 藝術品諮詢顧問業；I199990 其他顧問服務業；I301010 資訊軟體服務業；I301020 資料處理服務業；I301030 電子資訊供應服務業；I301040 第三方支付服務業；I301050 實境體感應用服務業；I401010 一般廣告服務業,臺北市,變更,11506
85015911,昱鑫智慧科技股份有限公司,臺北市松山區八德路4段135號5樓之3,龔輝雲,1000000,,115/06/10,改選董事/監察人(一人法人股東指派董事/監察人),H201010 一般投資業；H202010 創業投資業；I103060 管理顧問業；F114040 自行車及其零件批發業；F201010 農產品零售業；F213030 電腦及事務性機器設備零售業；F401010 國際貿易業；F113050 電腦及事務性機器設備批發業；F113070 電信器材批發業；F114030 汽、機車零件配備批發業,臺北市,變更,11506
85017621,新店投資開發股份有限公司,臺北市大安區信義路4段279號5樓之1,黃詩傑,64772500,,115/06/16,公司印鑑變更,H201010 一般投資業；H701010 住宅及大樓開發租售業；H701020 工業廠房開發租售業；H703090 不動產買賣業；H703100 不動產租賃業；I103060 管理顧問業；I102010 投資顧問業；JZ99050 仲介服務業；JE01010 租賃業；F401010 國際貿易業,臺北市,變更,11506
85017755,臺灣大來卡股份有限公司,臺北市中山區南京東路3段168號15樓之2,Jason Paul Hanson,20000000,,115/06/08,特殊補正,H104011 信用卡業,臺北市,變更,11506
85023187,源萊國際有限公司,臺北市中山區長安東路2段106號4樓,蔣姵霖,10000,,115/06/23,特殊補正,F102030 菸酒批發業；F102040 飲料批發業；F102050 茶葉批發業；F102170 食品什貨批發業；F104110 布疋、衣著、鞋、帽、傘、服飾品批發業；F105050 家具、寢具、廚房器具、裝設品批發業；F106010 五金批發業；F106020 日常用品批發業；F108040 化粧品批發業；F109070 文教、樂器、育樂用品批發業,臺北市,變更,11506
85023270,鈞軫傳汽車股份有限公司,臺北市士林區承德路4段329號,,8000000,,115/06/09,特殊補正,F114010 汽車批發業；F114030 汽、機車零件配備批發業；F214010 汽車零售業；F401010 國際貿易業；ZZ99999 除許可業務外，得經營法令非禁止或限制之業務,臺北市,變更,11506
85023882,台灣優米瑞祥股份有限公司,臺北市松山區健康路156號9樓,吳立祥,30000000,,115/06/01,特殊補正,F113020 電器批發業(限中華民國行業標準分類4561家庭電器批發業)；F213010 電器零售業(限中華民國行業標準分類4741家庭電器零售業、4832通訊設備零售業及4833視聽設備零售業)；F401010 國際貿易業(限所登記營業項目對應之輸出入業)；JA02010 電器及電子產品修理業(限中華民國行業標準分類9521電腦及其週邊設備修理業、9522通訊傳播設備修理業及9523視聽電子產品及家用電器修理業),臺北市,變更,11506
85024030,吉揚建設開發股份有限公司,臺北市南港區經貿一路170號11樓之5,侯嘉騏,320000000,,115/06/09,改選董事/監察人(一人法人股東指派董事/監察人),H701010 住宅及大樓開發租售業；H701020 工業廠房開發租售業；H701040 特定專業區開發業；H701050 投資興建公共建設業；H701060 新市鎮、新社區開發業；H701070 區段徵收及市地重劃代辦業；H701080 都市更新重建業；H701090 都市更新整建維護業；H702010 建築經理業；H703090 不動產買賣業,臺北市,變更,11506
85024600,新銳國際投資股份有限公司,臺北市中山區南京東路3段19號12樓,蕭瑞洋,3000000,,115/06/02,補繳規費,H201010 一般投資業,臺北市,變更,11506
85028280,勇安實業股份有限公司,臺北市中正區羅斯福路2段102號5樓之1,陳雅嫻,285000000,,115/06/23,董事/監察人持股變動報備,H201010 一般投資業；H703090 不動產買賣業；H703100 不動產租賃業；I102010 投資顧問業；I103060 管理顧問業；ZZ99999 除許可業務外，得經營法令非禁止或限制之業務,臺北市,變更,11506
85029464,九點行銷有限公司,臺北市信義區松德路159號30樓之1,韓方凱,300000,,115/06/10,公司所營事業變更修正章程,I103060 管理顧問業；I199990 其他顧問服務業；I301010 資訊軟體服務業；I301020 資料處理服務業；I401010 一般廣告服務業；I501010 產品設計業；I599990 其他設計業；IZ12010 人力派遣業；IZ15010 市場研究及民意調查業；J305010 有聲出版業,臺北市,變更,11506
85042874,虹爵建設股份有限公司,臺北市大安區和平東路2段297號13樓,陳朝瑞,25000000,,115/06/25,公司所在地,E801010 室內裝潢業；H701010 住宅及大樓開發租售業；H701020 工業廠房開發租售業；H701040 特定專業區開發業；H701050 投資興建公共建設業；H701060 新市鎮、新社區開發業；H701070 區段徵收及市地重劃代辦業；H701080 都市更新重建業；H701090 都市更新整建維護業；H703090 不動產買賣業,臺北市,變更,11506
85047012,盈創數位股份有限公司,臺北市大安區敦化南路2段2號6樓之1,莫菁菁,2000000,,115/06/10,特殊補正,H703100 不動產租賃業；JB01010 會議及展覽服務業；I102010 投資顧問業；I103060 管理顧問業；I199990 其他顧問服務業；J601010 藝文服務業；ZZ99999 除許可業務外，得經營法令非禁止或限制之業務；F114010 汽車批發業；F214010 汽車零售業；F401010 國際貿易業,臺北市,變更,11506
85063455,超合體有限公司,臺北市信義區光復南路417巷95號,陳健璋,3500000,,115/06/25,公司所在地,F104110 布疋、衣著、鞋、帽、傘、服飾品批發業；F108040 化粧品批發業；F204110 布疋、衣著、鞋、帽、傘、服飾品零售業；F208040 化粧品零售業；I199990 其他顧問服務業；JZ99080 美容美髮服務業；F401010 國際貿易業；ZZ99999 除許可業務外，得經營法令非禁止或限制之業務,臺北市,變更,11506
85063672,雪寶投資股份有限公司,臺北市士林區中山北路7段190巷12弄6號5樓,張肇榮,67113590,,115/06/24,特殊補正,H201010 一般投資業,臺北市,變更,11506
85065094,日商日本電產科寶股份有限公司,臺北市中正區忠孝東路二段88號10樓,玉井慶照,0,,115/06/12,一般補正案,,臺北市,變更,11506
85068590,台灣可達運動顧問有限公司,臺北市信義區忠孝東路5段552號9樓,甘筱如,3000000,,115/06/01,特殊補正,F104110 布疋、衣著、鞋、帽、傘、服飾品批發業；F108040 化粧品批發業；F109070 文教、樂器、育樂用品批發業；F204110 布疋、衣著、鞋、帽、傘、服飾品零售業；F208040 化粧品零售業；F209060 文教、樂器、育樂用品零售業；F399040 無店面零售業；F401010 國際貿易業；I103060 管理顧問業；I199990 其他顧問服務業,臺北市,變更,11506
85069676,晴空鳥國際有限公司,臺北市松山區敦化北路207號6樓之1,林慧俐,20088888,,115/06/25,增資,J305010 有聲出版業；J304010 圖書出版業；J401010 電影片製作業；J503040 廣播電視廣告業；J601010 藝文服務業；J602010 演藝活動業；JB01010 會議及展覽服務業；I301030 電子資訊供應服務業；I301050 實境體感應用服務業；F601010 智慧財產權業,臺北市,變更,11506
85071808,大步向前投資實業有限公司,臺北市中山區民生東路3段36號3樓之8,葉俊敏,5000000,,115/06/03,減少所營事業變更修正章程,G801010 倉儲業；F102170 食品什貨批發業；F106010 五金批發業；F111090 建材批發業；F401010 國際貿易業；F101130 蔬果批發業；F113010 機械批發業；F107050 肥料批發業；ZZ99999 除許可業務外，得經營法令非禁止或限制之業務,臺北市,變更,11506
85083001,皓斯家具設計有限公司,臺北市大安區文昌街256之1號2樓,張啓慰,6250000,,115/06/04,股東出資轉讓修正章程,CN01010 家具及裝設品製造業；F105050 家具、寢具、廚房器具、裝設品批發業；E801010 室內裝潢業；F111090 建材批發業；F401010 國際貿易業,臺北市,變更,11506
85087132,軍科國際有限公司,臺北市北投區大業路506號2樓,卓丁卯,500000,,115/06/25,特殊補正,F401010 國際貿易業；F401091 槍砲彈藥刀械輸出入業；I103060 管理顧問業；I199990 其他顧問服務業；IZ12010 人力派遣業；ZZ99999 除許可業務外，得經營法令非禁止或限制之業務,臺北市,變更,11506
85092199,日商德碩管理諮詢有限公司,臺北市信義區信義路五段7號37樓,葛山厚一,1000000,,115/06/02,改派在中華民國境內負責人變更登記,I103060 管理顧問業；I301010 資訊軟體服務業；I501010 產品設計業；F113050 電腦及事務性機器設備批發業；F118010 資訊軟體批發業；F213030 電腦及事務性機器設備零售業；F218010 資訊軟體零售業；F401010 國際貿易業；ZZ99999 除許可業務外，得經營法令非禁止或限制之業務,臺北市,變更,11506
85098428,龍捲風策略行銷有限公司,臺北市中山區南京東路2段124號9樓,羅駿鋒,4100000,,115/06/18,特殊補正,F102170 食品什貨批發業；F113020 電器批發業；F113050 電腦及事務性機器設備批發業；F118010 資訊軟體批發業；F119010 電子材料批發業；F204110 布疋、衣著、鞋、帽、傘、服飾品零售業；F205040 家具、寢具、廚房器具、裝設品零售業；F206020 日常用品零售業；F213010 電器零售業；F213030 電腦及事務性機器設備零售業,臺北市,變更,11506
85099019,拓樂有限公司,臺北市松山區光復北路26巷3號7樓,丘子進,20000000,,115/06/15,特殊補正,B102010 石油及天然氣礦業；B202010 非金屬礦業；B601010 土石採取業；B101010 煤礦業；CA01110 鍊銅業；CA01120 銅鑄造業；CA01130 銅材軋延、伸線、擠型業；CA01990 其他非鐵金屬基本工業；I101080 工、礦顧問業；F401010 國際貿易業,臺北市,變更,11506
85108360,丞睿空間資產管理有限公司,臺北市中山區南京東路3段189號10樓,張兆魁,100000,,115/06/04,申登機關變更（遷入，含卷）,E599010 配管工程業；E601020 電器安裝業；E603040 消防安全設備安裝工程業；E603090 照明設備安裝工程業；E801010 室內裝潢業；E801020 門窗安裝工程業；E801030 室內輕鋼架工程業；E801040 玻璃安裝工程業；E801070 廚具、衛浴設備安裝工程業；E901010 油漆工程業,臺北市,變更,11506
85110154,馬斯控股有限公司,臺北市大同區重慶北路1段30號7樓之1,黃坤鍵,10000000,,115/06/09,公司所在地,H201010 一般投資業,臺北市,變更,11506
85110339,智群智慧股份有限公司,臺北市南港區園區街3之2號10樓之2,高新明,240000000,,115/06/11,增資(資本總額),IG01010 生物技術服務業；IG02010 研究發展服務業；IC01010 藥品檢驗業；I102010 投資顧問業；I103060 管理顧問業；I199990 其他顧問服務業；I301010 資訊軟體服務業；I301020 資料處理服務業；I301030 電子資訊供應服務業；IZ13010 網路認證服務業,臺北市,變更,11506
85118901,安寶創新股份有限公司,臺北市北投區中央南路1段197巷8號1樓,王仕杰,12000000,,115/06/10,特殊補正,F106020 日常用品批發業；F206020 日常用品零售業；F104110 布疋、衣著、鞋、帽、傘、服飾品批發業；F204110 布疋、衣著、鞋、帽、傘、服飾品零售業；F108040 化粧品批發業；F208040 化粧品零售業；F199990 其他批發業；F299990 其他零售業；F399040 無店面零售業；I401010 一般廣告服務業,臺北市,變更,11506
85127471,久汪國際股份有限公司,臺北市中山區松江路261號8樓,黃筱涵,3000000,,115/06/11,特殊補正,C102010 乳品製造業；C103050 罐頭、冷凍、脫水及醃漬食品製造業；C104010 糖果製造業；C104020 烘焙炊蒸食品製造業；C110010 飲料製造業；C199010 麵條、粉條類食品製造業；C199020 食用冰製造業；C199030 即食餐食製造業；CC01030 電器及視聽電子產品製造業；F113020 電器批發業,臺北市,變更,11506
85127486,醫守科技股份有限公司,臺北市松山區復興北路201號4樓,龍安靖,37200000,,115/06/02,特殊補正,E605010 電腦設備安裝業；F218010 資訊軟體零售業；F399040 無店面零售業；F401010 國際貿易業；I103060 管理顧問業；I199990 其他顧問服務業；I301020 資料處理服務業；I301030 電子資訊供應服務業；I501010 產品設計業；IG01010 生物技術服務業,臺北市,變更,11506
86007994,楊中行有限公司,臺北市中山區松江路27號5樓之1,許政倫,5000000,,115/06/10,股東出資轉讓修正章程,F199990 其他批發業；F299990 其他零售業；F401010 國際貿易業；CZ99990 未分類其他工業製品製造業,臺北市,變更,11506
86008706,李林室內裝修設計股份有限公司,臺北市松山區南京東路3段311號9樓,李嘉嗣,50000000,,115/06/05,董事/監察人持股變動報備,E801010 室內裝潢業；E801061 室內裝修業；F211010 建材零售業；I503010 景觀、室內設計業；I103010 企業經營管理顧問業；ZZ99999 除許可業務外，得經營法令非禁止或限制之業務,臺北市,變更,11506
86008874,凱越旅行社股份有限公司,臺北市中山區民生東路3段57號7樓之1,駱炫宏,7000000,,115/06/04,特殊補正,J902011 旅行業,臺北市,變更,11506
86014284,和誼實業股份有限公司,臺北市大同區基隆路1段155號5樓之8,彭斌,28000000,,115/06/23,特殊補正,D101040 非屬公用之發電業；CC01010 發電、輸電、配電機械製造業；F113010 機械批發業；H701010 住宅及大樓開發租售業︹限住宅︺；H701020 工業廠房開發租售業,臺北市,變更,11506
86120031,信昌化學工業股份有限公司,臺北市中山區松江路301號7樓,鄭正,2988477140,,115/06/22,減資,C801020 石油化工原料製造業；C801100 合成樹脂及塑膠製造業；F107200 化學原料批發業；F107990 其他化學製品批發業；F207200 化學原料零售業；F207990 其他化學製品零售業；ZZ99999 除許可業務外，得經營法令非禁止或限制之業務,臺北市,變更,11506
86121828,吉劭股份有限公司,臺北市松山區民生東路3段100號3樓,茂實股份有限公司,1775680000,,115/06/25,修正章程,H201010 一般投資業；ZZ99999 除許可業務外，得經營法令非禁止或限制之業務,臺北市,變更,11506
86124395,越峯電子材料股份有限公司,臺北市內湖區基湖路39號8樓,吳亦圭,2129937430,,115/06/18,改選董事/監察人(一人法人股東指派董事/監察人),CC01080 電子零組件製造業；CB01010 機械設備製造業；CC01010 發電、輸電、配電機械製造業；CC01990 其他電機及電子機械器材製造業；F401010 國際貿易業；ZZ99999 除許可業務外，得經營法令非禁止或限制之業務,臺北市,變更,11506
86134725,宏毅科技有限公司,臺北市中山區吉林路147號,黃鴻仁,1000000,,115/06/29,特殊補正,E605010 電腦設備安裝業；E701010 通信工程業,臺北市,變更,11506
86136982,三竹資訊股份有限公司,臺北市中山區新生北路2段39號11樓,邱宏哲,473420000,,115/06/26,公司所營事業變更修正章程,F113050 電腦及事務性機器設備批發業；F113070 電信器材批發業；F213030 電腦及事務性機器設備零售業；F213060 電信器材零售業；F401010 國際貿易業；I301010 資訊軟體服務業；CC01060 有線通信機械器材製造業；CC01080 電子零組件製造業；E605010 電腦設備安裝業；I301030 電子資訊供應服務業,臺北市,變更,11506
86137130,期福企業股份有限公司,臺北市松山區光復北路135號6樓,李啟銘,18500000,,115/06/12,改選董事/監察人(一人法人股東指派董事/監察人),F101130 蔬果批發業；F201010 農產品零售業；F101040 家畜家禽批發業；F201020 畜產品零售業；F101050 水產品批發業。；F201030 水產品零售業；F102030 菸酒批發業。；F203020 菸酒零售業；F102040 飲料批發業；F102050 茶葉批發業,臺北市,變更,11506
86143822,立萬利創新股份有限公司,臺北市內湖區潭美街537號9樓,陳立青,806510410,,115/06/29,改選董事/監察人(一人法人股東指派董事/監察人),CC01080 電子零組件製造業；CC01030 電器及視聽電子產品製造業；F119010 電子材料批發業；F219010 電子材料零售業；F118010 資訊軟體批發業；F218010 資訊軟體零售業；I301010 資訊軟體服務業；F601010 智慧財產權業；F401010 國際貿易業；CC01110 電腦及其週邊設備製造業,臺北市,變更,11506
86152716,伸厚國際有限公司,臺北市士林區文林路134號5樓,黃敏嫥,29000000,,115/06/22,補繳規費,J304010 圖書出版業；ZZ99999 除許可業務外，得經營法令非禁止或限制之業務,臺北市,變更,11506
86154361,夏普船務代理股份有限公司,臺北市松山區南京東路4段50號5樓,王謙先,10000000,,115/06/24,董事/監察人持股變動報備,,臺北市,變更,11506
86156874,宸實建設股份有限公司,臺北市中山區撫順街23號2樓、2樓之1、2樓之2,張松,200000000,,115/06/23,特殊補正,E801010 室內裝潢業；F111090 建材批發業；F211010 建材零售業；H701040 特定專業區開發業；H701060 新市鎮、新社區開發業；H701070 區段徵收及市地重劃代辦業；I503010 景觀、室內設計業；H701010 住宅及大樓開發租售業；H703090 不動產買賣業；H703100 不動產租賃業,臺北市,變更,11506
86158296,耀和資訊股份有限公司,臺北市中正區金山南路1段65號2樓,徐正群,10000000,,115/06/04,改選董事/監察人(一人法人股東指派董事/監察人),F401010 國際貿易業；J503051 錄影節目帶製作發行業（限發行）；J304010 圖書出版業；JA05010 留學服務業；EZ05010 儀器、儀表安裝工程業,臺北市,變更,11506
86166612,福興工程企業有限公司,臺北市大安區光復南路412號11樓之1,,5000000,,115/06/18,解散,,臺北市,變更,11506
86276033,鴻鳴開發股份有限公司,臺北市文山區保儀路9號9樓之1,黃明發,50000000,,115/06/04,改選董事/監察人(一人法人股東指派董事/監察人),H701010 住宅及大樓開發租售業；H701020 工業廠房開發租售業；H701030 殯葬場所開發租售業；H703090 不動產買賣業；H703100 不動產租賃業；H703110 老人住宅業；H701050 投資興建公共建設業；H701080 都市更新重建業；E801010 室內裝潢業；F401010 國際貿易業,臺北市,變更,11506
86276792,泛皓企業股份有限公司,臺北市松山區敦化北路155巷9號5樓,葉國清,25000000,,115/06/12,改選董事/監察人(一人法人股東指派董事/監察人),,臺北市,變更,11506
86281845,同禾實業有限公司,臺北市松山區南京東路5段202號7樓之1,吳偉鈴,5000000,,115/06/16,股東出資轉讓修正章程,,臺北市,變更,11506
86284033,詠虹工程有限公司,臺北市萬華區中華路2段150巷20號1樓,蔡欽本,3000000,,115/06/24,股東出資轉讓修正章程,,臺北市,變更,11506
86291386,麗京開發股份有限公司,臺北市中正區詔安街46號7樓之3,林世緯,5000000,,115/06/24,董事長印鑑變更,,臺北市,變更,11506
86295186,商周編輯顧問股份有限公司,臺北市南港區昆陽街16號8樓,郭奕伶,5000000,,115/06/16,改選董事/監察人(一人法人股東指派董事/監察人),I301030 電子資訊供應服務業；J304010 圖書出版業；J305010 有聲出版業；JB01010 會議及展覽服務業；F401010 國際貿易業；I103060 管理顧問業；I199990 其他顧問服務業；I301010 資訊軟體服務業；I301020 資料處理服務業；IZ13010 網路認證服務業,臺北市,變更,11506
86299296,盟格企業有限公司,臺北市中山區林森北路100號4樓之8,曾福灶,10000000,,115/06/08,修正章程,F102030 菸酒批發業；F203020 菸酒零售業；F102040 飲料批發業；F102170 食品什貨批發業；F203010 食品什貨、飲料零售業；F501060 餐館業；ZZ99999 除許可業務外，得經營法令非禁止或限制之業務,臺北市,變更,11506
86316561,億山建設股份有限公司,臺北市松山區南京東路5段343號8樓之2,黃朝川,25850000,,115/06/23,增資(資本總額),H703090 不動產買賣業；H703100 不動產租賃業；ZZ99999 除許可業務外，得經營法令非禁止或限制之業務；H201010 一般投資業,臺北市,變更,11506
86318408,鴻碩精密電工股份有限公司,臺北市內湖區行愛路169號,張利榮,1066492500,,115/06/12,改選董事/監察人(一人法人股東指派董事/監察人),C805050 工業用塑膠製品製造業；CA01110 鍊銅業；CA01130 銅材軋延、伸線、擠型業；CC01010 發電、輸電、配電機械製造業；CC01020 電線及電纜製造業；CC01080 電子零組件製造業；CC01110 電腦及其週邊設備製造業；CC01990 其他電機及電子機械器材製造業；CD01030 汽車及其零件製造業；CD01040 機車及其零件製造業,臺北市,變更,11506
86321500,文生開發股份有限公司,臺北市中山區南京東路2段150號8樓,嚴陳莉蓮,4250000000,,115/06/29,改選董事/監察人(一人法人股東指派董事/監察人),H701010 住宅及大樓開發租售業；H701020 工業廠房開發租售業；H701040 特定專業區開發業；H701050 投資興建公共建設業；H701080 都市更新重建業；H701090 都市更新整建維護業；H703090 不動產買賣業；H703100 不動產租賃業；J801030 競技及休閒運動場館業；G202010 停車場經營業,臺北市,變更,11506
86375580,威昇開發股份有限公司,臺北市大安區敦化南路2段99號12樓,陳貴光,295000000,,115/06/18,補繳規費,E599010 配管工程業；E701030 電信管制射頻器材裝設工程業；E901010 油漆工程業；E903010 防蝕、防銹工程業；F111090 建材批發業；F113070 電信器材批發業；F119010 電子材料批發業；F211010 建材零售業；F213060 電信器材零售業；F219010 電子材料零售業,臺北市,變更,11506
86382549,台灣浪凡股份有限公司,臺北市中山區長春路366號3樓,JI WEI SHAO,31000000,,115/06/11,改選董事/監察人(一人法人股東指派董事/監察人),F104110 布疋、衣著、鞋、帽、傘、服飾品批發業；F204110 布疋、衣著、鞋、帽、傘、服飾品零售業；F401010 國際貿易業；F115010 首飾及貴金屬批發業；F215010 首飾及貴金屬零售業；F105050 家具、寢具、廚房器具、裝設品批發業；F205040 家具、寢具、廚房器具、裝設品零售業；ZZ99999 除許可業務外，得經營法令非禁止或限制之業務,臺北市,變更,11506
86382689,大葉高島屋百貨股份有限公司,臺北市士林區忠誠路2段55號1樓、1樓之1、2樓、2樓之1、3樓、3樓之1、4樓、4樓之1及地下1樓、地下1樓之1,葉季展,800000000,,115/06/24,一般補正案,A102060 糧商業；F301010 百貨公司業；F301020 超級市場業；F399040 無店面零售業；F401010 國際貿易業；F501030 飲料店業；F501060 餐館業；I103060 管理顧問業；I301050 實境體感應用服務業；J801030 競技及休閒運動場館業,臺北市,變更,11506
86384770,統一證券投資信託股份有限公司,臺北市松山區東興路8號8樓,鄧潤澤,351000000,,115/06/18,董事/監察人持股變動報備,H303011 證券投資信託業；H406011 期貨信託事業；H304011 證券投資顧問業,臺北市,變更,11506
86386290,歐科商業電訊股份有限公司,臺北市南港區三重路19之13號8樓,任冠生,113000000,,115/06/17,改選董事/監察人(一人法人股東指派董事/監察人),CC01020 電線及電纜製造業；CC01080 電子零組件製造業；E603050 自動控制設備工程業；E605010 電腦設備安裝業；E701030 電信管制射頻器材裝設工程業；EZ05010 儀器、儀表安裝工程業；F113010 機械批發業；F113020 電器批發業；F113030 精密儀器批發業；F113050 電腦及事務性機器設備批發業,臺北市,變更,11506
86386334,安華機電工程股份有限公司,臺北市南港區三重路19之8號2樓,陳恆偉,117000000,,115/06/25,改派董事/監察人,E599010 配管工程業；E601010 電器承裝業；E601020 電器安裝業；E603010 電纜安裝工程業；E603050 自動控制設備工程業；E603090 照明設備安裝工程業；E605010 電腦設備安裝業；E701030 電信管制射頻器材裝設工程業；EZ05010 儀器、儀表安裝工程業；EZ99990 其他工程業,臺北市,變更,11506
86386622,世正開發股份有限公司,臺北市南港區三重里13鄰三重路66號4樓,黃茂雄,3600290360,,115/06/17,補繳規費,H701010 住宅及大樓開發租售業；H701020 工業廠房開發租售業；H701040 特定專業區開發業；I301010 資訊軟體服務業；I301020 資料處理服務業；I301030 電子資訊供應服務業；ZZ99999 除許可業務外，得經營法令非禁止或限制之業務；H701050 投資興建公共建設業；H701060 新市鎮、新社區開發業；H701070 區段徵收及市地重劃代辦業,臺北市,變更,11506
86475321,大易電料有限公司,臺北市北投區石牌路1段97號1樓,方美雲,1000000,,115/06/01,股東出資轉讓修正章程,,臺北市,變更,11506
86477658,屯大企業有限公司,臺北市松山區寶清街22之1號,陳俊廷,1000000,,115/06/02,特殊補正,F114010 汽車批發業；F114030 汽、機車零件配備批發業；F114050 車胎批發業；F401010 國際貿易業；JA01010 汽車修理業；JA01990 其他汽車服務業；JA02990 其他修理業；ZZ99999 除許可業務外，得經營法令非禁止或限制之業務,臺北市,變更,11506
86480210,高記食品有限公司,臺北市中正區信義路2段195號1樓,林美金,38000000,,115/06/04,公司所在地,F203010 食品什貨、飲料零售業；F501060 餐館業；F501030 飲料店業；F501990 其他餐飲業；F203020 菸酒零售業；F102030 菸酒批發業；F102040 飲料批發業；F106050 陶瓷玻璃器皿批發業；F102170 食品什貨批發業；F401010 國際貿易業,臺北市,變更,11506
86487396,沛榮國際股份有限公司,臺北市大同區南京西路62號11樓,林祐宇,25000000,,115/06/04,經理人變更,G402011 海運承攬運送業；G405010 貨櫃出租業；ZZ99999 除許可業務外，得經營法令非禁止或限制之業務,臺北市,變更,11506
86490195,尚典生技股份有限公司,臺北市南港區園區街3號16樓之5,謝偉斌,75417560,,115/06/23,改選董事/監察人(一人法人股東指派董事/監察人),,臺北市,變更,11506
86494170,當旗食品有限公司,臺北市北投區中央北路2段44號1樓,蔡昇峰,1000000,,115/06/09,特殊補正,,臺北市,變更,11506
86519539,台新國際商業銀行股份有限公司,臺北市中山區中山北路2段44號1樓及地下1樓,吳東亮,122991645930,,115/06/12,分公司經理人解任,H101021 商業銀行業；H601011 人身保險代理人；H601021 財產保險代理人,臺北市,變更,11506
86520022,勤投投資股份有限公司,臺北市大安區忠孝東路4段320號9樓,顧立楷,396370800,,115/06/23,發行新股,H201010 一般投資業；ZZ99999 除許可業務外，得經營法令非禁止或限制之業務,臺北市,變更,11506
86653887,茂翔營造有限公司,臺北市大安區忠孝東路3段212號2樓,嚴培明,75000000,,115/06/24,改推董事/董事長,E101011 綜合營造業；J101990 其他環境衛生及污染防治服務業；CC01010 發電、輸電、配電機械製造業；E603010 電纜安裝工程業；E603050 自動控制設備工程業；IF02010 用電設備檢測維護業；IZ12010 人力派遣業；E503011 下水道用戶排水設備承裝商,臺北市,變更,11506
86682911,名冠旅行社有限公司,臺北市中山區民生東路3段57號7樓之1,駱炫宏,30000000,,115/06/02,股東出資轉讓修正章程,,臺北市,變更,11506
86685142,台灣汽電共生股份有限公司,臺北市內湖區瑞光路392號6樓,王振勇,8302820000,,115/06/15,發行新股,D101050 汽電共生業；D101040 非屬公用之發電業；D401010 熱能供應業；IG03010 能源技術服務業；E601010 電器承裝業；I102010 投資顧問業；I103060 管理顧問業；F401010 國際貿易業；E604010 機械安裝業；JE01010 租賃業,臺北市,變更,11506
86690031,億東纖維股份有限公司,臺北市內湖區瑞光路607號7樓,詹正田,442648800,,115/06/11,改選董事/監察人(一人法人股東指派董事/監察人),C301010 紡紗業；C302010 織布業；C305010 印染整理業；C306010 成衣業；C801120 人造纖維製造業；C399990 其他紡織及製品製造業；H703090 不動產買賣業；H703100 不動產租賃業；ZZ99999 除許可業務外，得經營法令非禁止或限制之業務,臺北市,變更,11506
86691030,環泥建設開發股份有限公司,臺北市信義區忠孝東路四段560號8樓,吳英辰,1512000000,,115/06/17,改選董事/監察人(一人法人股東指派董事/監察人),,臺北市,變更,11506
86700973,醫影股份有限公司,臺北市信義區忠孝東路5段510號19樓之2,謝穗徽,268100000,,115/06/02,改選董事/監察人(一人法人股東指派董事/監察人),F108021 西藥批發業；F108031 醫療器材批發業；F108040 化粧品批發業；F208021 西藥零售業；F208031 醫療器材零售業；F208040 化粧品零售業；F208050 乙類成藥零售業；F401010 國際貿易業；I103060 管理顧問業；JE01010 租賃業,臺北市,變更,11506
86720268,達和廢棄物清除股份有限公司,臺北市中山區德惠街16之5號7樓,蘇嘉宏,70500000,,115/06/26,分公司經理人地址變更,J101030 廢棄物清除業；J101040 廢棄物處理業；J101090 廢棄物清理業；F113100 污染防治設備批發業；F213100 污染防治設備零售業；J101010 建築物清潔服務業；F401010 國際貿易業；J101020 病媒防治業；J101990 其他環境衛生及污染防治服務業；E599010 配管工程業,臺北市,變更,11506
86722478,聯琦金屬股份有限公司,臺北市大安區忠孝東路4段142號12樓之5,莊英釗,284950000,,115/06/03,改選董事/監察人(一人法人股東指派董事/監察人),,臺北市,變更,11506
86723949,程輝興業股份有限公司,臺北市松山區南京東路5段343號8樓之2,黃朝川,22000000,,115/06/29,增資(資本總額),H201010 一般投資業；H701010 住宅及大樓開發租售業；H703100 不動產租賃業；ZZ99999 除許可業務外，得經營法令非禁止或限制之業務,臺北市,變更,11506
86729296,明展木業有限公司,臺北市士林區通河西街2段220號3樓,謝侑伶,10000000,,115/06/24,股東出資轉讓修正章程,C501010 製材業；C501030 合板製造業；C501040 組合木材製造業；C501060 木質容器製造業；F111090 建材批發業；F401010 國際貿易業,臺北市,變更,11506
86735614,松興印刷有限公司,臺北市士林區忠誠路2段130巷12號1樓,蔣志中,1000000,,115/06/04,特殊補正,C701010 印刷業；F109070 文教、樂器、育樂用品批發業；F209060 文教、樂器、育樂用品零售業；ZZ99999 除許可業務外，得經營法令非禁止或限制之業務,臺北市,變更,11506
86746561,皇龍開發股份有限公司,臺北市信義區松德路171號16樓之2,陳文宏,1130723720,,115/06/29,改選董事/監察人(一人法人股東指派董事/監察人),CQ01010 模具製造業；F106030 模具批發業；CC01080 電子零組件製造業；F119010 電子材料批發業；CA02040 彈簧製造業；CB01010 機械設備製造業；CC01040 照明設備製造業；E603090 照明設備安裝工程業；IG03010 能源技術服務業；E801010 室內裝潢業,臺北市,變更,11506
86748553,春福農牧事業股份有限公司,臺北市中正區濟南路2段31之47號,饒正奇,13000000,,115/06/05,董事/監察人持股變動報備,B201010 金屬礦業；B202010 非金屬礦業；B601010 土石採取業；C501010 製材業；C801020 石油化工原料製造業；C901070 石材製品製造業；CA02010 金屬結構及建築組件製造業；CB01010 機械設備製造業；E599010 配管工程業；E601020 電器安裝業,臺北市,變更,11506
86845231,聚馥園餐廳有限公司,臺北市中山區南京東路3段219號3樓,苗惠恩,10000000,,115/06/15,特殊補正,F501060 餐館業,臺北市,變更,11506
86848130,鼎康實業股份有限公司,臺北市信義區永吉路178號2樓,管延孝,5000000,,115/06/30,特殊補正,,臺北市,變更,11506
86859543,縱鶴堂有限公司,臺北市萬華區青年路30巷5號4樓之2,熊元愷,5000000,,115/06/30,公司所在地,,臺北市,變更,11506
86871981,潤泰精密材料股份有限公司,臺北市中山區八德路二段308號10樓,莫惟瀚,1500000000,,115/06/02,修正章程,A201010 造林業；B202010 非金屬礦業；B601010 土石採取業；C802990 其他化學製品製造業；C901030 水泥製造業；C901040 預拌混凝土製造業；C901050 水泥及混凝土製品製造業；C901060 耐火材料製造業；C901990 其他非金屬礦物製品製造業；E502010 燃料導管安裝工程業,臺北市,變更,11506
86877373,日埜企業有限公司,臺北市萬華區西園路2段42之6號1樓,廖冠丞,10000000,,115/06/04,改推董事/董事長,F102030 菸酒批發業；F203020 菸酒零售業；F401010 國際貿易業；J801030 競技及休閒運動場館業；ZZ99999 除許可業務外，得經營法令非禁止或限制之業務；F102040 飲料批發業；F109070 文教、樂器、育樂用品批發業；F203010 食品什貨、飲料零售業；F209060 文教、樂器、育樂用品零售業,臺北市,變更,11506
86920667,騰森營造股份有限公司,臺北市大安區復興南路1段380號11樓之1,單聯璜,110000000,,115/06/24,改選董事/監察人(一人法人股東指派董事/監察人),E101011 綜合營造業,臺北市,變更,11506
86925419,力行投資股份有限公司,臺北市大安區敦化南路2段56號2樓,吳治海,50000000,,115/06/02,特殊補正,,臺北市,變更,11506
86984697,亞台開發股份有限公司,臺北市內湖區南京東路6段380號11樓,楊兆麟,29000000,,115/06/08,改選董事/監察人(一人法人股東指派董事/監察人),ZZ99999 除許可業務外，得經營法令非禁止或限制之業務,臺北市,變更,11506
89114104,白金之星音樂娛樂股份有限公司,臺北市松山區敦化北路220號4樓,王奕翔,10750000,,115/06/11,改選董事/監察人(一人法人股東指派董事/監察人),J305010 有聲出版業；J604010 聲音錄製及音樂發行業；J603010 音樂展演空間業；J602010 演藝活動業；J601010 藝文服務業；J503050 錄影節目帶業；J503040 廣播電視廣告業；J503020 電視節目製作業；J404020 提供設備及場地供電影片拍攝業；I401010 一般廣告服務業,臺北市,變更,11506
89114625,潤新資訊股份有限公司,臺北市中山區復興北路150號11樓之5,謝心棋,13000000,,115/06/12,改選董事/監察人(一人法人股東指派董事/監察人),F113050 電腦及事務性機器設備批發業；F118010 資訊軟體批發業；F213030 電腦及事務性機器設備零售業；F218010 資訊軟體零售業；F401010 國際貿易業；I103060 管理顧問業；I301010 資訊軟體服務業；I301020 資料處理服務業；I301030 電子資訊供應服務業；I401010 一般廣告服務業,臺北市,變更,11506
89115080,傑西股份有限公司,臺北市大安區敦化南路2段2號6樓之1,陳宣翰,16000000,,115/06/24,特殊補正,J404010 動畫影片製作業；J602010 演藝活動業；J601010 藝文服務業；IZ12010 人力派遣業；I301020 資料處理服務業；I301010 資訊軟體服務業；I301030 電子資訊供應服務業；I301040 第三方支付服務業；I301050 實境體感應用服務業；F213030 電腦及事務性機器設備零售業,臺北市,變更,11506
89115856,光立方照明工程有限公司,臺北市信義區忠孝東路5段703巷1弄2號,蔡毓庭,500000,,115/06/15,特殊補正,F206010 五金零售業；F106010 五金批發業；F399040 無店面零售業；F399990 其他綜合零售業；F206040 水器材料零售業；F206020 日常用品零售業；F106020 日常用品批發業；F213010 電器零售業；F205040 家具、寢具、廚房器具、裝設品零售業；E603090 照明設備安裝工程業,臺北市,變更,11506
89116222,一諾影視娛樂股份有限公司,臺北市大同區南京西路62號17樓之8,蔣繼正,6000000,,115/06/30,改選董事/監察人(一人法人股東指派董事/監察人),F601010 智慧財產權業；I103060 管理顧問業；J202010 產業育成業；J305010 有聲出版業；J401010 電影片製作業；J402010 電影片發行業；J503010 廣播節目製作業；J503020 電視節目製作業；J503030 廣播電視節目發行業；J503040 廣播電視廣告業,臺北市,變更,11506
89116335,酒國梟雄有限公司,臺北市大安區忠孝東路4段162號9樓之1,王辭斐,200000,,115/06/10,特殊補正,J305010 有聲出版業；J304010 圖書出版業；J303010 雜誌（期刊）出版業；J601010 藝文服務業；J602010 演藝活動業；J604010 聲音錄製及音樂發行業；JB01010 會議及展覽服務業；J503010 廣播節目製作業；J503020 電視節目製作業；J503040 廣播電視廣告業,臺北市,變更,11506
89116525,面麵有限公司,臺北市大安區和平東路3段68號1、2樓,易柏翔,4500000,,115/06/24,股東出資轉讓修正章程,F501060 餐館業；F501050 飲酒店業；F501030 飲料店業；F401010 國際貿易業；F203020 菸酒零售業；F203040 雪茄零售業；F203010 食品什貨、飲料零售業；F209060 文教、樂器、育樂用品零售業；J601010 藝文服務業；J602010 演藝活動業,臺北市,變更,11506
89129330,睿智群建設開發有限公司,臺北市大同區鄭州路101號11樓之2,張詩畇,3000000,,115/06/22,公司所在地,H201010 一般投資業；H701010 住宅及大樓開發租售業；H701020 工業廠房開發租售業；H701050 投資興建公共建設業；H701060 新市鎮、新社區開發業；H701070 區段徵收及市地重劃代辦業；H701090 都市更新整建維護業；H702010 建築經理業；H703090 不動產買賣業；H703100 不動產租賃業,臺北市,變更,11506
89129964,喜馬拉雅創投管理顧問股份有限公司,臺北市士林區忠誠路1段104號8樓,姜長安,1200000,,115/06/24,特殊補正,H202010 創業投資業；I102010 投資顧問業；I103060 管理顧問業；ZZ99999 除許可業務外，得經營法令非禁止或限制之業務,臺北市,變更,11506
89131693,美商愛思捷科技有限公司,臺北市信義區基隆路一段155號5樓之7,葛安龍,693331,,115/06/16,在中華民國所營事業增加登記,I103060 管理顧問業；I199990 其他顧問服務業；I301010 資訊軟體服務業；ZZ99999 除許可業務外，得經營法令非禁止或限制之業務；IZ12010 人力派遣業；F401010 國際貿易業；F113020 電器批發業；E601010 電器承裝業,臺北市,變更,11506
89134208,龍鑠有限公司,臺北市信義區光復南路429號5樓之1,邱裕皓,1000000,,115/06/11,申登機關變更（遷入，含卷）,G801010 倉儲業；IZ06010 理貨包裝業；F102040 飲料批發業；F102050 茶葉批發業；F102170 食品什貨批發業；F104110 布疋、衣著、鞋、帽、傘、服飾品批發業；F105050 家具、寢具、廚房器具、裝設品批發業；F106010 五金批發業；F106020 日常用品批發業；F106030 模具批發業,臺北市,變更,11506
89135656,靈魂遊戲藝術有限公司,臺北市松山區復興南路1段27號5樓之2,林佳葦,300000,,115/06/25,補繳規費,I301010 資訊軟體服務業；I301020 資料處理服務業；I301030 電子資訊供應服務業；F113050 電腦及事務性機器設備批發業；F118010 資訊軟體批發業；F213030 電腦及事務性機器設備零售業；F218010 資訊軟體零售業；F401010 國際貿易業；ZZ99999 除許可業務外，得經營法令非禁止或限制之業務,臺北市,變更,11506
89138458,伯鹿貿易有限公司,臺北市內湖區民權東路6段120巷1弄8號1樓,湯敏俐,500000,,115/06/12,特殊補正,F102030 菸酒批發業；F102040 飲料批發業；F102050 茶葉批發業；F102170 食品什貨批發業；F103010 飼料批發業；F104110 布疋、衣著、鞋、帽、傘、服飾品批發業；F105050 家具、寢具、廚房器具、裝設品批發業；F106010 五金批發業；F106020 日常用品批發業；F106040 水器材料批發業,臺北市,變更,11506
89139793,賦能感股份有限公司,臺北市松山區民生東路3段135號3樓,廖偉盛,600500000,,115/06/12,發行新股,F118010 資訊軟體批發業；F218010 資訊軟體零售業；H201010 一般投資業；I102010 一般投資顧問業；I103060 管理顧問業；I199990 其他顧問服務業；I301010 資訊軟體服務業；I301020 資料處理服務業；I401010 一般廣告服務業；I501010 產品設計業,臺北市,變更,11506
89141881,力銘永續發展股份有限公司,臺北市大同區承德路1段40號9樓,饒淑雯,1300000,,115/06/04,董事/監察人持股變動報備,I301010 資訊軟體服務業；I301020 資料處理服務業；I301030 電子資訊供應服務業；F118010 資訊軟體批發業；F218010 資訊軟體零售業；F113050 電腦及事務性機器設備批發業；F213030 電腦及事務性機器設備零售業；F109070 文教、樂器、育樂用品批發業；F209060 文教、樂器、育樂用品零售業；CC01110 電腦及其週邊設備製造業,臺北市,變更,11506
89141995,華玉管理顧問有限公司,臺北市北投區大業路506號2樓,陳孟靜,1000000,,115/06/25,特殊補正,F199990 其他批發業；F299990 其他零售業；F401010 國際貿易業；E801010 室內裝潢業；I103060 管理顧問業；I105010 藝術品諮詢顧問業；I199990 其他顧問服務業；I301010 資訊軟體服務業；I301020 資料處理服務業；I503010 景觀、室內設計業,臺北市,變更,11506
89142170,空白地帶品牌顧問有限公司,臺北市中山區松江路188巷15號3樓,陳立凡,1000000,,115/06/24,特殊補正,I401010 一般廣告服務業；J404010 動畫影片製作業；J601010 藝文服務業；I599990 其他設計業；F399040 無店面零售業；I103060 管理顧問業；I199990 其他顧問服務業；F401010 國際貿易業；J303010 雜誌（期刊）出版業；J304010 圖書出版業,臺北市,變更,11506
89142782,寫作坊有限公司,臺北市信義區忠孝東路5段370號4樓,盧慈穎,200000,,115/06/17,特殊補正,F109070 文教、樂器、育樂用品批發業；F209060 文教、樂器、育樂用品零售業；F118010 資訊軟體批發業；F218010 資訊軟體零售業；F401010 國際貿易業；I199990 其他顧問服務業；J305010 有聲出版業；JA05010 留、遊學服務業；JB01010 會議及展覽服務業；JZ99050 仲介服務業,臺北市,變更,11506
89149336,環球娛樂科技股份有限公司,臺北市中正區博愛路47號3樓之1,邱德炎,3000000,,115/06/25,特殊補正,F104110 布疋、衣著、鞋、帽、傘、服飾品批發業；F109070 文教、樂器、育樂用品批發業；F199990 其他批發業；F213030 電腦及事務性機器設備零售業；F218010 資訊軟體零售業；F219010 電子材料零售業；F401010 國際貿易業；F601010 智慧財產權業；I103060 管理顧問業；I105010 藝術品諮詢顧問業,臺北市,變更,11506
89149455,香印農技股份有限公司,臺北市信義區松智路30號1樓,馮智敏,23000000,,115/06/03,特殊補正,A101020 農作物栽培業；A101030 特用作物栽培業；A101040 食用菌菇類栽培業；A101050 花卉栽培業；A102020 農產品整理業；A102050 作物栽培服務業；A102080 園藝服務業；A199990 其他農業；A201030 特殊林木經營業；A299990 其他林業,臺北市,變更,11506
89150065,風雲飛影業股份有限公司,臺北市大同區南京西路163號2樓之35,劉易蓁,3000000,,115/06/18,董事/監察人持股變動報備,F102170 食品什貨批發業；F104110 布疋、衣著、鞋、帽、傘、服飾品批發業；F106020 日常用品批發業；F109070 文教、樂器、育樂用品批發業；F113050 電腦及事務性機器設備批發業；F118010 資訊軟體批發業；F203010 食品什貨、飲料零售業；F204110 布疋、衣著、鞋、帽、傘、服飾品零售業；F206020 日常用品零售業；F209060 文教、樂器、育樂用品零售業,臺北市,變更,11506
89152649,台新期貨股份有限公司,臺北市信義區信義路五段8號3樓,黃正雄,2956616440,,115/06/09,發行新股,H401011 期貨商；H405011 期貨顧問事業；H310011 證券交易輔助人,臺北市,變更,11506
89155408,日芊創意有限公司,臺北市中正區忠孝東路2段80號10樓之3,余亞蒨,3000000,,115/06/24,公司外文名稱登記修正章程,F102030 菸酒批發業；F203020 菸酒零售業；F102040 飲料批發業；F102050 茶葉批發業；F102170 食品什貨批發業；F203010 食品什貨、飲料零售業；F104110 布疋、衣著、鞋、帽、傘、服飾品批發業；F204110 布疋、衣著、鞋、帽、傘、服飾品零售業；F105050 家具、寢具、廚房器具、裝設品批發業；F205040 家具、寢具、廚房器具、裝設品零售業,臺北市,變更,11506
89157481,寶妍生技有限公司,臺北市大安區羅斯福路3段29號6樓,張偉霆,5100000,,115/06/01,特殊補正,F102170 食品什貨批發業；F106020 日常用品批發業；F108040 化粧品批發業；F113030 精密儀器批發業；F203010 食品什貨、飲料零售業；F206020 日常用品零售業；F208040 化粧品零售業；F208050 乙類成藥零售業；F213040 精密儀器零售業；H703090 不動產買賣業,臺北市,變更,11506
89157525,白貝殼廣告影像有限公司,臺北市中山區一江街43號1樓,江長益,2000000,,115/06/01,特殊補正,F116010 照相器材批發業；F209060 文教、樂器、育樂用品零售業；F216010 照相器材零售業；F401010 國際貿易業；I199990 其他顧問服務業；I301010 資訊軟體服務業；I301030 電子資訊供應服務業；I401010 一般廣告服務業；J304010 圖書出版業；J601010 藝文服務業,臺北市,變更,11506
89157715,佶泰展覽服務有限公司,臺北市中正區金山北路1號5樓之6,陳宥伶,1000000,,115/06/25,公司所在地,JB01010 會議及展覽服務業；J601010 藝文服務業；JZ99990 未分類其他服務業；F401010 國際貿易業；I103060 管理顧問業；I199990 其他顧問服務業；I401010 一般廣告服務業；I503010 景觀、室內設計業；E801010 室內裝潢業；ZZ99999 除許可業務外，得經營法令非禁止或限制之業務,臺北市,變更,11506
89157905,天奕房屋股份有限公司,臺北市大同區延平北路2段202號17樓之2,陳奕帆,3000000,,115/06/25,特殊補正,H704031 不動產仲介經紀業；I401010 一般廣告服務業；ZZ99999 除許可業務外，得經營法令非禁止或限制之業務,臺北市,變更,11506
89164265,富泰動力股份有限公司,臺北市南港區三重路19之11號5樓,林國文,115010000,,115/06/04,增資(資本總額),CC01010 發電、輸電、配電機械製造業；CC01990 其他電機及電子機械器材製造業；CD01030 汽車及其零件製造業；CD01040 機車及其零件製造業；CD01050 自行車及其零件製造業；CD01060 航空器及其零件製造業；D101050 汽電共生業；D101060 再生能源自用發電設備業；IG03010 能源技術服務業；ZZ99999 除許可業務外，得經營法令非禁止或限制之業務,臺北市,變更,11506
89167066,恆順生物科技股份有限公司,臺北市南港區興南街60巷19號1樓,張佑瑋,3000000,,115/06/30,特殊補正,F106020 日常用品批發業；F106010 五金批發業；F107030 清潔用品批發業；F107070 動物用藥品批發業；F107040 農藥批發業；F107200 化學原料批發業；F107990 其他化學製品批發業；F108040 化粧品批發業；F113020 電器批發業；F113010 機械批發業,臺北市,變更,11506
89171049,宏穩資本股份有限公司,臺北市信義區松仁路32號14樓之1,陳政宏,400000000,,115/06/12,增資(資本總額),H201010 一般投資業；H703100 不動產租賃業,臺北市,變更,11506
89171694,邁爾斯一號股份有限公司,臺北市松山區南京東路4段75號6樓之2,陳敬文,86000000,,115/06/15,補繳規費,I102010 投資顧問業；I103060 管理顧問業；H201010 一般投資業；H202010 創業投資業；H701010 住宅及大樓開發租售業；H703090 不動產買賣業；H703100 不動產租賃業；ZZ99999 除許可業務外，得經營法令非禁止或限制之業務,臺北市,變更,11506
89171809,台灣忍嘉股份有限公司,臺北市內湖區瑞光路108號3樓,張志成,119157380,,115/06/02,特殊補正,C801990 其他化學材料製造業；C802990 其他化學製品製造業；C804990 其他橡膠製品製造業；F207200 化學原料零售業；F401010 國際貿易業；H201010 一般投資業；I102010 一般投資顧問業；IG02010 研究發展服務業；ZZ99999 除許可業務外，得經營法令非禁止或限制之業務,臺北市,變更,11506
89180413,富里商務股份有限公司,臺北市大安區忠孝東路4段222號3樓,蕭恩信,5000000,,115/06/22,改選董事/監察人(一人法人股東指派董事/監察人),H201010 一般投資業；ZZ99999 除許可業務外，得經營法令非禁止或限制之業務,臺北市,變更,11506
89183002,德符股份有限公司,臺北市信義區信義路4段391號8樓之7,簡綺瑩,200000,,115/06/12,特殊補正,H201010 一般投資業；I103060 管理顧問業；I102010 投資顧問業；IZ12010 人力派遣業；ZZ99999 除許可業務外，得經營法令非禁止或限制之業務,臺北市,變更,11506
89183018,會心股份有限公司,臺北市信義區松德路65號11樓之1,簡綺瑩,300000,,115/06/12,特殊補正,H201010 一般投資業；I103060 管理顧問業；ZZ99999 除許可業務外，得經營法令非禁止或限制之業務,臺北市,變更,11506
89183306,仲智數位健康股份有限公司,臺北市大安區敦化南路1段376號11樓,宋穗佳,16710000,,115/06/04,特殊補正,CC01120 資料儲存媒體製造及複製業；F118010 資訊軟體批發業；F218010 資訊軟體零售業；F401010 國際貿易業；F601010 智慧財產權業；I199990 其他顧問服務業；I301010 資訊軟體服務業；I301020 資料處理服務業；I301030 電子資訊供應服務業；J399010 軟體出版業,臺北市,變更,11506
89183447,經綸投資有限公司,臺北市松山區復興南路1段45號5樓,楊子儀,7205400,,115/06/22,特殊補正,H201010 一般投資業,臺北市,變更,11506
89183452,經略投資有限公司,臺北市松山區復興南路1段45號5樓,蔡承穎,7205400,,115/06/22,特殊補正,H201010 一般投資業,臺北市,變更,11506
89186155,楓烽管理顧問有限公司,臺北市大同區民生西路105號2樓,李秉誠,1000000,,115/06/05,特殊補正,J101010 建築物清潔服務業；J101090 廢棄物清理業；IZ12010 人力派遣業；E801010 室內裝潢業；E601020 電器安裝業；I503010 景觀、室內設計業；I103060 管理顧問業；I501010 產品設計業；JE01010 租賃業；I301020 資料處理服務業,臺北市,變更,11506
89192348,明根社會企業股份有限公司,臺北市大同區保安街19號9樓之3,劉逸平,7000000,,115/06/22,董事/監察人持股變動報備,A102050 作物栽培服務業；A101020 農作物栽培業；A101030 特用作物栽培業；A101040 食用菌菇類栽培業；A101050 花卉栽培業；A199990 其他農業；C801110 肥料製造業；F101100 花卉批發業；F101130 蔬果批發業；F101990 其他農、畜、水產品批發業,臺北市,變更,11506
89192733,美地不動產開發有限公司,臺北市北投區自強街23號1樓,劉珍甄,12000000,,115/06/03,公司所在地,H703090 不動產買賣業；H703100 不動產租賃業；H704031 不動產仲介經紀業；ZZ99999 除許可業務外，得經營法令非禁止或限制之業務；E801010 室內裝潢業,臺北市,變更,11506
89192804,鄭氏清真有限公司,臺北市大同區太原路50號2樓,鄭秀梅,500000,,115/06/25,特殊補正,F102170 食品什貨批發業；F108040 化粧品批發業；F201020 畜產品零售業；F208040 化粧品零售業；F211010 建材零售業；F201990 其他農畜水產品零售業；F203010 食品什貨、飲料零售業；F214030 汽、機車零件配備零售業；F204110 布疋、衣著、鞋、帽、傘、服飾品零售業；F401010 國際貿易業,臺北市,變更,11506
89192868,好朋友音樂中心有限公司,臺北市中山區復興北路172號9樓,郭鵬紫,6000000,,115/06/24,特殊補正,F209060 文教、樂器、育樂用品零售業；I199990 其他顧問服務業；H703100 不動產租賃業；JE01010 租賃業；JA02990 其他修理業；J601010 藝文服務業,臺北市,變更,11506
89201070,長虹塑膠事業股份有限公司,臺北市松山區復興北路227號,吳肇瑩,82400000,,115/06/22,修正章程,,臺北市,變更,11506
89287457,國社天香有限公司,臺北市中山區南京東路2段108號17樓之17,邵正國,100000,,115/06/12,特殊補正,I301030 電子資訊供應服務業；J304010 圖書出版業；F109070 文教、樂器、育樂用品批發業；F206020 日常用品零售業；F209060 文教、樂器、育樂用品零售業；F399040 無店面零售業；I199990 其他顧問服務業；F215020 礦石零售業；F215010 首飾及貴金屬零售業；ZZ99999 除許可業務外，得經營法令非禁止或限制之業務,臺北市,變更,11506
89367016,川芳管理顧問股份有限公司,臺北市中正區漢口街1段85號12樓之3,陳孟潮,29800000,,115/06/26,改選董事/監察人(一人法人股東指派董事/監察人),I102010 投資顧問業；I103010 企業經營管理顧問；I103040 大樓管理顧問業；I801010 建築物管理維護服務業；I503010 景觀、室內設計業；E201010 景觀工程業,臺北市,變更,11506
89391584,田崎股份有限公司,臺北市中山區松江路318號10樓之2,BAI JIA JUN,20000000,,115/06/10,改選董事/監察人(一人法人股東指派董事/監察人),,臺北市,變更,11506
89392253,聚利創業投資股份有限公司,臺北市內湖區基湖路39號10樓,吳亦圭,100000000,,115/06/01,董事/監察人地址變更,,臺北市,變更,11506
89403619,美商優比速航空股份有限公司,臺北市士林區大南路361號地下1樓,洪毅,5000000,,115/06/18,在中華民國境內負責人姓名、護照號碼、國籍變更登記,G602011 航空站地勤業；G603011 航空貨物集散業,臺北市,變更,11506
89404455,台灣加賀電子股份有限公司,臺北市中山區松江路87號12樓,尾中康二,50000000,,115/06/17,改選董事/監察人(一人法人股東指派董事/監察人),,臺北市,變更,11506
89404883,香港商傳立媒體有限公司,臺北市松山區光復北路11巷35號5樓,羅文正,10000000,,115/06/01,本公司董事及其他負責人變更,I401010 一般廣告服務業；I501010 產品設計業；J503040 廣播電視廣告業；I199990 其他顧問服務業；I103060 管理顧問業,臺北市,變更,11506
89407713,海外投資開發股份有限公司,臺北市松山區八德路4段760號12樓,林文淵,900000000,,115/06/01,一般補正案,H201010 一般投資業；B102010 石油及天然氣礦業；ZZ99999 除許可業務外，得經營法令非禁止或限制之業務,臺北市,變更,11506
89432537,金興旅行社股份有限公司,臺北市中山區長安東路1段16號9樓,吳清益,12000000,,115/06/03,復業副本,J902011 旅行業,臺北市,變更,11506
89451463,丞拾實業有限公司,臺北市大安區光復南路290巷5號2樓,陳宏二,2000000,,115/06/04,特殊補正,F109070 文教、樂器、育樂用品批發業；I401010 一般廣告服務業；I501010 產品設計業；ZZ99999 除許可業務外，得經營法令非禁止或限制之業務,臺北市,變更,11506
89455073,培茂投資股份有限公司,臺北市中正區開封街1段105號4樓之10,夏錫平,100000000,,115/06/12,董事/監察人持股變動報備,,臺北市,變更,11506
89456143,安橋智居保全股份有限公司,臺北市松山區八德路3段20號11樓之3,鍾鼎君,40000000,,115/06/12,公司名稱變更修正章程,I901011 保全業,臺北市,變更,11506
89456919,豐澤國際股份有限公司,臺北市中山區松江路65號9樓,林伯翰,375600000,,115/06/22,特殊補正,CC01010 發電、輸電、配電機械製造業；CC01060 有線通信機械器材製造業；CC01070 無線通信機械器材製造業；CC01080 電子零組件製造業；CC01110 電腦及其週邊設備製造業；CC01120 資料儲存媒體製造及複製業；CD01010 船舶及其零件製造業；CD01030 汽車及其零件製造業；CD01060 航空器及其零件製造業；CE01010 一般儀器製造業,臺北市,變更,11506
89460147,勝達科技有限公司,臺北市文山區樟新街32巷12號2樓,康為竣,2000000,,115/06/18,特殊補正,F218010 資訊軟體零售業；E605010 電腦設備安裝業；F213030 電腦及事務性機器設備零售業；I301010 資訊軟體服務業；E701010 電信工程業；F213060 電信器材零售業；F401010 國際貿易業；ZZ99999 除許可業務外，得經營法令非禁止或限制之業務,臺北市,變更,11506
89470320,國泰不動產股份有限公司,臺北市中正區中山北路1段2號10樓之4,黃夏威,5000000,,115/06/17,特殊補正,E801010 室內裝潢業；E901010 油漆工程業；EZ07010 鑽孔工程業；F109070 文教、樂器、育樂用品批發業；F113020 電器批發業；F119010 電子材料批發業；F203010 食品什貨、飲料零售業；F219010 電子材料零售業；F399010 便利商店業；F401010 國際貿易業,臺北市,變更,11506
89474439,詮達開發股份有限公司,臺北市大同區民生西路288號9樓之1,黃河東,258000000,,115/06/16,特殊補正,C501030 合板製造業；C501040 組合木材製造業；C901030 水泥製造業；C901040 預拌混凝土製造業；C901050 水泥及混凝土製品製造業；C901060 耐火材料製造業；C901070 石材製品製造業；CA02010 金屬結構及建築組件製造業；H701010 住宅及大樓開發租售業；H701040 特定專業區開發業,臺北市,變更,11506
89481001,台灣賓士資融股份有限公司,臺北市松山區民生東路三段131號13樓,方貝如,997000000,,115/06/22,一般補正案,JE01010 租賃業；F401010 國際貿易業；JZ99050 仲介服務業；ZZ99999 除許可業務外，得經營法令非禁止或限制之業務；JD01010 工商徵信服務業；G101041 小客車租賃業,臺北市,變更,11506
89481924,昭穎國際有限公司,臺北市信義區基隆路2段51號14樓之1,吳惠雅,5000000,,115/06/18,特殊補正,F401010 國際貿易業；F104110 布疋、衣著、鞋、帽、傘、服飾品批發業；F204110 布疋、衣著、鞋、帽、傘、服飾品零售業；F601010 智慧財產權業；I101110 紡織顧問業；I103060 管理顧問業；I501010 產品設計業；I502010 服飾設計業；IF04010 非破壞檢測業；IG02010 研究發展服務業,臺北市,變更,11506
89503167,印象旅行社有限公司,臺北市中山區長安東路2段169號1樓,鄭榮東,7000000,,115/06/12,公司所在地,J902011 旅行業,臺北市,變更,11506
89578716,報捷有限公司,臺北市內湖區瑞光路188巷48號7樓,李香儀,5000000,,115/06/04,特殊補正,F119010 電子材料批發業；F213010 電器零售業；F219010 電子材料零售業；F114030 汽、機車零件配備批發業；F113020 電器批發業；F113070 電信器材批發業；F209060 文教、樂器、育樂用品零售業；F213060 電信器材零售業；F401010 國際貿易業；E801010 室內裝潢業,臺北市,變更,11506
89598868,泰吾企業有限公司,臺北市文山區興隆路3段207巷15弄6號1樓,吳依玲,6000000,,115/06/12,特殊補正,,臺北市,變更,11506
89608417,欣同實業有限公司,臺北市中正區開封街1段105號4樓之1,黃雅薇,5000000,,115/06/17,公司所在地,E601010 電器承裝業；E601020 電器安裝業；E604010 機械安裝業；E605010 電腦設備安裝業；F106010 五金批發業；F113010 機械批發業；F113020 電器批發業；F113030 精密儀器批發業；F113050 電腦及事務性機器設備批發業；F113110 電池批發業,臺北市,變更,11506
89609318,斐儷鑽坊有限公司,臺北市大安區仁愛路3段148號1樓,陳昱羲,10000000,,115/06/02,特殊補正,ZZ99999 除許可業務外，得經營法令非禁止或限制之業務；F110010 鐘錶批發業；F115010 首飾及貴金屬批發業；F115020 礦石批發業；F210010 鐘錶零售業；F215010 首飾及貴金屬零售業；F215020 礦石零售業；F399040 無店面零售業；F401010 國際貿易業；F401021 電信管制射頻器材輸入業,臺北市,變更,11506
89611715,傳奇通信有限公司,臺北市內湖區港墘路109之1號,陳柔含,1000000,,115/06/03,改推董事/董事長,,臺北市,變更,11506
89614591,鼎越開發股份有限公司,臺北市松山區東興路12號地下一層,單篤武,42075000000,,115/06/05,補繳規費,H701010 住宅及大樓開發租售業；H701020 工業廠房開發租售業；H701050 投資興建公共建設業；H701060 新市鎮、新社區開發業；H701070 區段徵收及市地重劃代辦業；J701020 遊樂園業；H703090 不動產買賣業；H703100 不動產租賃業；I102010 投資顧問業；I103060 管理顧問業,臺北市,變更,11506
89616227,和昱投資股份有限公司,臺北市中山區松江路433號13樓,黃志誠,44800000,,115/06/12,特殊補正,,臺北市,變更,11506
89625540,國光威樂假期旅行社股份有限公司,臺北市中山區中山北路1段72號11樓之6,村瀨茂高,6584000,,115/06/24,特殊補正,J902011 旅行業,臺北市,變更,11506
89626554,旺代企業有限公司,臺北市中山區中山北路1段53巷18號1樓,王璿,23000000,,115/06/10,特殊補正,F104110 布疋、衣著、鞋、帽、傘、服飾品批發業；F204110 布疋、衣著、鞋、帽、傘、服飾品零售業；F105050 家具、寢具、廚房器具、裝設品批發業；F205040 家具、寢具、廚房器具、裝設品零售業；F106020 日常用品批發業；F206020 日常用品零售業；F106050 陶瓷玻璃器皿批發業；F401010 國際貿易業；ZZ99999 除許可業務外，得經營法令非禁止或限制之業務；J303010 雜誌（期刊）出版業,臺北市,變更,11506
89627408,保德服務股份有限公司,臺北市信義區莊敬路243號6樓,楊智源,10000000,,115/06/30,董事/監察人持股變動報備,J101010 建築物清潔服務業；I503010 景觀、室內設計業；I504010 花藝設計業；I103060 管理顧問業；I501010 產品設計業；IF01010 消防安全設備檢修業；J101990 其他環境衛生及污染防治服務業；JA02990 其他修理業；F117010 消防安全設備批發業；F120010 耐火材料批發業,臺北市,變更,11506
89632438,勤茂顧問股份有限公司,臺北市松山區南京東路3段261號3樓,何美頤,29005000,,115/06/26,董事/監察人持股變動報備,,臺北市,變更,11506
89704501,喬飛建設開發股份有限公司,臺北市中正區博愛路134號6樓,陳子昱,28000000,,115/06/08,特殊補正,CH01020 樂器製造業；CZ99990 未分類其他工業製品製造業；CB01010 機械設備製造業；CC01080 電子零組件製造業；F109070 文教、樂器、育樂用品批發業；F113010 機械批發業；F113050 電腦及事務性機器設備批發業；F118010 資訊軟體批發業；F119010 電子材料批發業；F199990 其他批發業,臺北市,變更,11506
89711616,玉禮實業股份有限公司,臺北市中山區長安東路1段23號11樓之3,賴正庭,319580000,,115/06/10,補繳規費,J101030 廢棄物清除業；J101040 廢棄物處理業；C802200 塗料、油漆、染料及顏料製造業；C901010 陶瓷及陶瓷製品製造業；C901020 玻璃及玻璃製品製造業；CB01010 機械設備製造業；F101100 花卉批發業；F102050 茶葉批發業；F201070 花卉零售業；F203010 食品什貨、飲料零售業,臺北市,變更,11506
89746018,璨邦有限公司,臺北市大安區建國南路2段167號7樓,蔡秀美,1000000,,115/06/24,特殊補正,F113030 精密儀器批發業；F113050 電腦及事務性機器設備批發業；F118010 資訊軟體批發業；F119010 電子材料批發業；F401010 國際貿易業；I102010 投資顧問業；I103060 管理顧問業；I301010 資訊軟體服務業；ZZ99999 除許可業務外，得經營法令非禁止或限制之業務,臺北市,變更,11506
89822958,璞承營造股份有限公司,臺北市內湖區新湖一路218號1樓,邵道賢,307000000,,115/06/26,增資(資本總額),E101011 綜合營造業；F111090 建材批發業；F113010 機械批發業；F401010 國際貿易業；ZZ99999 除許可業務外，得經營法令非禁止或限制之業務,臺北市,變更,11506
89836340,台鋼新零售股份有限公司,臺北市內湖區新湖一路128巷15號6樓,李雲琴,690192880,,115/06/08,補選董事(常務董事.董事長)/監察人,I301010 資訊軟體服務業；I301020 資料處理服務業；I301030 電子資訊供應服務業；JZ99050 仲介服務業；F104110 布疋、衣著、鞋、帽、傘、服飾品批發業；F105050 家具、寢具、廚房器具、裝設品批發業；JB01010 會議及展覽服務業；F106020 日常用品批發業；F106050 陶瓷玻璃器皿批發業；F106060 寵物食品及其用品批發業,臺北市,變更,11506
89858152,泰碩電子股份有限公司,臺北市內湖區瑞光路302號3樓,彭朋煌,879081410,,115/06/15,補繳規費,CC01020 電線及電纜製造業；CC01080 電子零組件製造業；CC01110 電腦及其週邊設備製造業；F113070 電信器材批發業；F113990 其他機械器具批發業；F114030 汽、機車零件配備批發業；F119010 電子材料批發業；F401010 國際貿易業；ZZ99999 除許可業務外，得經營法令非禁止或限制之業務,臺北市,變更,11506
89939090,晉瑜企業股份有限公司,臺北市大安區仁愛路三段141號5樓,林騰輝,1200000000,,115/06/02,改選董事/監察人(一人法人股東指派董事/監察人),J101030 廢棄物清除業；J101040 廢棄物處理業；B202010 非金屬礦業；C901030 水泥製造業；C901040 預拌混凝土製造業；C901050 水泥及混凝土製品製造業；C901990 其他非金屬礦物製品製造業；CA02010 金屬結構及建築組件製造業；CA02030 螺絲、螺帽、螺絲釘、及鉚釘等製品製造業；F111090 建材批發業,臺北市,變更,11506
89940054,欣東和廣告實業有限公司,臺北市內湖區內湖路1段250號12樓,張金惠,2000000,,115/06/12,特殊補正,,臺北市,變更,11506
89945678,立興投資股份有限公司,臺北市大同區民生西路288號8樓之1,黃河洲,318000000,,115/06/18,特殊補正,H201010 一般投資業；H701020 工業廠房開發租售業；H703090 不動產買賣業；J901020 一般旅館業；F399010 便利商店業；F501990 其他餐飲業；F501060 餐館業；J601010 藝文服務業；J799990 其他休閒服務業；E604010 機械安裝業,臺北市,變更,11506
89953466,豐盈股份有限公司,臺北市中山區民權東路2段26號10樓,王文昌,44000000,,115/06/04,特殊補正,F102040 飲料批發業；F102170 食品什貨批發業；F203010 食品什貨、飲料零售業；F401010 國際貿易業；C102010 乳品製造業；C104010 糖果製造業；C104020 烘焙炊蒸食品製造業；C114010 食品添加物製造業；F121010 食品添加物批發業；F221010 食品添加物零售業,臺北市,變更,11506
89967378,台安鋼瓶製造檢驗股份有限公司,臺北市大安區和平東路3段636巷167號,楊炯浩,2000000,,115/06/08,改選董事/監察人(一人法人股東指派董事/監察人),,臺北市,變更,11506
89972718,潔昇興業股份有限公司,臺北市中山區民生東路2段176號6樓,陳國林,5000000,,115/06/16,改選董事/監察人(一人法人股東指派董事/監察人),F108031 醫療器材批發業；F208031 醫療器材零售業；F108040 化粧品批發業；F208040 化粧品零售業；F401010 國際貿易業；E604010 機械安裝業；JA02990 其他修理業；F118010 資訊軟體批發業；F218010 資訊軟體零售業；I301010 資訊軟體服務業,臺北市,變更,11506
89974429,合泰投資股份有限公司,臺北市松山區敦化北路167號18樓,林許美玲,100000,,115/06/22,特殊補正,,臺北市,變更,11506
89976263,阿拜爾有限公司,臺北市信義區松德路159號13樓之1,賴英敏,5000000,,115/06/30,特殊補正,F106010 五金批發業；F113020 電器批發業；F113050 電腦及事務性機器設備批發業；F206010 五金零售業；F213010 電器零售業；F213030 電腦及事務性機器設備零售業；I301010 資訊軟體服務業；CB01030 污染防治設備製造業；CD01030 汽車及其零件製造業；F114030 汽、機車零件配備批發業,臺北市,變更,11506
90003345,墨理企業有限公司,臺北市士林區承德路4段188號3樓,李繼媗,100000,,115/06/16,公司名稱變更修正章程,F102170 食品什貨批發業；F104110 布疋、衣著、鞋、帽、傘、服飾品批發業；F105050 家具、寢具、廚房器具、裝設品批發業；F106020 日常用品批發業；F108040 化粧品批發業；F110010 鐘錶批發業；F110020 眼鏡批發業；F199990 其他批發業；F201010 農產品零售業；F201030 水產品零售業,臺北市,變更,11506
90003648,晟森資本有限公司,臺北市信義區松德路180巷4號7樓,王宏仁,60000000,,115/06/15,特殊補正,H201010 一般投資業,臺北市,變更,11506
90004219,心想行銷貿易有限公司,臺北市大安區龍泉街5巷10號1樓,王柔心,1000000,,115/06/09,特殊補正,F108040 化粧品批發業；F208040 化粧品零售業；F106020 日常用品批發業；F206020 日常用品零售業；F107030 清潔用品批發業；F207030 清潔用品零售業；F102040 飲料批發業；F102170 食品什貨批發業；F399040 無店面零售業；I102010 投資顧問業,臺北市,變更,11506
90004983,侑侑實業有限公司,臺北市松山區市民大道6段139號4樓之23,黃惠珠,300000,,115/06/05,申登機關變更（遷入，含卷）,F102050 茶葉批發業；F203010 食品什貨、飲料零售業；F102170 食品什貨批發業；F106050 陶瓷玻璃器皿批發業；F115010 首飾及貴金屬批發業；F215010 首飾及貴金屬零售業；F299990 其他零售業；F399990 其他綜合零售業；F399040 無店面零售業；F209060 文教、樂器、育樂用品零售業,臺北市,變更,11506
90009951,凱籐管理顧問有限公司,臺北市中正區金門街44巷6弄10之1號,蔣劉素月,100000,,115/06/11,特殊補正,I101080 工、礦顧問業；I101100 航空顧問業；I102010 投資顧問業；I103060 管理顧問業；I199990 其他顧問服務業；I301010 資訊軟體服務業；I301020 資料處理服務業；I301030 電子資訊供應服務業；I401010 一般廣告服務業；I503010 景觀、室內設計業,臺北市,變更,11506
90010129,台灣費舍管理顧問股份有限公司,臺北市信義區基隆路1段180號7樓,HODSON GARRY CHARLES,1000000,,115/06/12,特殊補正,F401010 國際貿易業；IG03010 能源技術服務業；JZ99050 仲介服務業；I103060 管理顧問業；I199990 其他顧問服務業；I301010 資訊軟體服務業；I301020 資料處理服務業；JE01010 租賃業；E401010 疏濬業；E603010 電纜安裝工程業,臺北市,變更,11506
90010465,普訊玖二期創投股份有限公司,臺北市內湖區洲子街79號2樓,初家祥,1123000000,,115/06/18,改選董事/監察人(一人法人股東指派董事/監察人),H202010 創業投資業,臺北市,變更,11506
90011984,高奕股份有限公司,臺北市中山區松江路26巷26號1樓,林佑謨,1000000,,115/06/01,特殊補正,H201010 一般投資業；ZZ99999 除許可業務外，得經營法令非禁止或限制之業務,臺北市,變更,11506
90012512,瑞生國際生物科技股份有限公司,臺北市內湖區瑞光路513巷36號10樓,劉怡茜,100000000,,115/06/15,特殊補正,A301030 水產養殖業；C199990 未分類其他食品製造業；C802060 動物用藥製造業；F102170 食品什貨批發業；F107070 動物用藥品批發業；F107200 化學原料批發業；F107990 其他化學製品批發業；F108040 化粧品批發業；F113030 精密儀器批發業；F203010 食品什貨、飲料零售業,臺北市,變更,11506
90013723,萊蔓台灣國際物流股份有限公司,臺北市松山區南京東路4段197號9樓,JANUS RUNE GRIMNITZ,25000000,,115/06/18,特殊補正,G402011 海運承攬運送業；G601011 航空貨運承攬業；IZ06010 理貨包裝業；G501020 民用航空總代理業；G801010 倉儲業；F401010 國際貿易業；I103060 管理顧問業；ZZ99999 除許可業務外，得經營法令非禁止或限制之業務,臺北市,變更,11506
90013786,相量投資股份有限公司,臺北市大安區敦化南路2段97號25樓,游語笙,108000000,,115/06/04,減資,H201010 一般投資業；H202010 創業投資業,臺北市,變更,11506
90013842,瑟菈數位科技股份有限公司,臺北市信義區東興路41號5樓,劉哲魁,40000000,,115/06/12,修正章程,CC01120 資料儲存媒體製造及複製業；F104110 布疋、衣著、鞋、帽、傘、服飾品批發業；F109070 文教、樂器、育樂用品批發業；F113050 電腦及事務性機器設備批發業；F118010 資訊軟體批發業；F209060 文教、樂器、育樂用品零售業；F213030 電腦及事務性機器設備零售業；F218010 資訊軟體零售業；F399040 無店面零售業；F401010 國際貿易業,臺北市,變更,11506
90017143,韓努李有限公司,臺北市大同區承德路3段58號6樓之4,李承禹,2500000,,115/06/29,補繳規費,F102170 食品什貨批發業；F102040 飲料批發業；F104110 布疋、衣著、鞋、帽、傘、服飾品批發業；F105050 家具、寢具、廚房器具、裝設品批發業；F106020 日常用品批發業；F109070 文教、樂器、育樂用品批發業；F203010 食品什貨、飲料零售業；F204110 布疋、衣著、鞋、帽、傘、服飾品零售業；F205040 家具、寢具、廚房器具、裝設品零售業；F206020 日常用品零售業,臺北市,變更,11506
90019368,加瑩新生活美學企業有限公司,臺北市內湖區成功路3段83號1樓,陳家瑩,1000000,,115/06/11,特殊補正,F203010 食品什貨、飲料零售業；F204110 布疋、衣著、鞋、帽、傘、服飾品零售業；F205040 家具、寢具、廚房器具、裝設品零售業；F206020 日常用品零售業；F207030 清潔用品零售業；F208040 化粧品零售業；F209060 文教、樂器、育樂用品零售業；F213030 電腦及事務性機器設備零售業；I301010 資訊軟體服務業；I301020 資料處理服務業,臺北市,變更,11506
90019682,意逸投資股份有限公司,臺北市信義區松高路1號4樓,郭冠群,79580660,,115/06/30,發行新股,H201010 一般投資業；ZZ99999 除許可業務外，得經營法令非禁止或限制之業務,臺北市,變更,11506
90027542,九六八數位資訊股份有限公司,臺北市士林區中山北路6段88號13樓,林家強,30000000,,115/06/03,改選董事/監察人(一人法人股東指派董事/監察人),I301010 資訊軟體服務業；I301020 資料處理服務業；I301030 電子資訊供應服務業；F118010 資訊軟體批發業；F218010 資訊軟體零售業；F113050 電腦及事務性機器設備批發業；F213030 電腦及事務性機器設備零售業；F401010 國際貿易業；IZ12010 人力派遣業；I103060 管理顧問業,臺北市,變更,11506
90030146,丞耀國際股份有限公司,臺北市大同區民權西路106號10樓之2,張日清,2000000,,115/06/15,改選董事/監察人(一人法人股東指派董事/監察人),F109070 文教、樂器、育樂用品批發業；F209060 文教、樂器、育樂用品零售業；F401010 國際貿易業；F399040 無店面零售業；J602010 演藝活動業；ZZ99999 除許可業務外，得經營法令非禁止或限制之業務,臺北市,變更,11506
90030151,富立盛股份有限公司,臺北市中山區農安街8號7樓之11,陳玉衡,500000,,115/06/22,特殊補正,H201010 一般投資業；H202010 創業投資業；H703090 不動產買賣業；H703100 不動產租賃業；I103060 管理顧問業；I102010 投資顧問業；ZZ99999 除許可業務外，得經營法令非禁止或限制之業務,臺北市,變更,11506
90030167,富立旺股份有限公司,臺北市中山區農安街8號7樓之11,林克明,500000,,115/06/26,改選董事/監察人(一人法人股東指派董事/監察人),H703100 不動產租賃業；H703090 不動產買賣業；H201010 一般投資業；H202010 創業投資業；I102010 投資顧問業；I103060 管理顧問業；ZZ99999 除許可業務外，得經營法令非禁止或限制之業務,臺北市,變更,11506
90030286,盛浪有限公司,臺北市大安區忠孝東路4段59號6樓之2,劉良成,300000,,115/06/12,公司所營事業變更修正章程,C701010 印刷業；C702010 製版業；C703010 印刷品裝訂及加工業；J304010 圖書出版業；J305010 有聲出版業；J399990 其他出版業；J399010 軟體出版業；J601010 藝文服務業；J302010 通訊稿業；JA05010 留、遊學服務業,臺北市,變更,11506
90030357,睦仁文化傳播股份有限公司,臺北市松山區復興南路1段45號5樓,余承儒,1000000,,115/06/03,公司所在地,I103060 管理顧問業；I199990 其他顧問服務業；F102040 飲料批發業；F102170 食品什貨批發業；F104110 布疋、衣著、鞋、帽、傘、服飾品批發業；F105050 家具、寢具、廚房器具、裝設品批發業；F106020 日常用品批發業；F108040 化粧品批發業；F109070 文教、樂器、育樂用品批發業；F203010 食品什貨、飲料零售業,臺北市,變更,11506
90032382,科岷股份有限公司,臺北市士林區磺溪街42號1樓,李宗翰,25000000,,115/06/24,特殊補正,CB01010 機械設備製造業；F401010 國際貿易業；JE01010 租賃業；ZZ99999 除許可業務外，得經營法令非禁止或限制之業務,臺北市,變更,11506
90032622,銓幻元科技股份有限公司,臺北市大同區延平北路1段22號5樓之10,蔡佳恩,10000000,,115/06/17,特殊補正,E605010 電腦設備安裝業；F118010 資訊軟體批發業；F218010 資訊軟體零售業；F401010 國際貿易業；H703100 不動產租賃業；I301010 資訊軟體服務業；I301020 資料處理服務業；I301030 電子資訊供應服務業；I401010 一般廣告服務業；JE01010 租賃業,臺北市,變更,11506
90039343,曉昀有限公司,臺北市信義區忠孝東路5段49號2樓,林曉昀,88000,,115/06/02,特殊補正,F102170 食品什貨批發業；F104110 布疋、衣著、鞋、帽、傘、服飾品批發業；F109070 文教、樂器、育樂用品批發業；F199990 其他批發業；F203010 食品什貨、飲料零售業；F204110 布疋、衣著、鞋、帽、傘、服飾品零售業；F209060 文教、樂器、育樂用品零售業；F299990 其他零售業；F399040 無店面零售業；F399990 其他綜合零售業,臺北市,變更,11506
90049779,立颺國際股份有限公司,臺北市中正區杭州南路1段63之3號1樓,郝海琪,96000000,,115/06/24,特殊補正,H703090 不動產買賣業；H701090 都市更新整建維護業；HZ99990 其他金融、保險及不動產業；I103060 管理顧問業；H703100 不動產租賃業；H701050 投資興建公共建設業；H701060 新市鎮、新社區開發業；H701070 區段徵收及市地重劃代辦業；I102010 投資顧問業；I199990 其他顧問服務業,臺北市,變更,11506
90051417,不小心創作社有限公司,臺北市大同區承德路1段8號4樓之2,麥偉雄,6300000,,115/06/17,特殊補正,J601010 藝文服務業；J701040 休閒活動場館業；JB01010 會議及展覽服務業；F203010 食品什貨、飲料零售業；F204110 布疋、衣著、鞋、帽、傘、服飾品零售業；F205040 家具、寢具、廚房器具、裝設品零售業；F206020 日常用品零售業；J602010 演藝活動業,臺北市,變更,11506
90071498,貝康生技有限公司,臺北市信義區忠孝東路5段1之10號3樓,蔡菲非,500000,,115/06/17,股東出資轉讓修正章程,F102170 食品什貨批發業；F107030 清潔用品批發業；F108040 化粧品批發業；F203010 食品什貨、飲料零售業；F208040 化粧品零售業；F207030 清潔用品零售業；F401010 國際貿易業；ZZ99999 除許可業務外，得經營法令非禁止或限制之業務,臺北市,變更,11506
90072166,三天二夜有限公司,臺北市中山區樂群三路73號2樓、75號2樓,蔡昀諼,11000000,,115/06/10,特殊補正,A401031 特定寵物服務業；JZ99180 寵物美容服務業；F202010 飼料零售業；A401060 其他動物服務業；F206050 寵物食品及其用品零售業；F106060 寵物食品及其用品批發業；F107030 清潔用品批發業；F207030 清潔用品零售業；F399040 無店面零售業；F401010 國際貿易業,臺北市,變更,11506
90072216,兔孖有限公司,臺北市中山區中山北路3段27號7樓之6,張馨真,500000,,115/06/12,公司所在地,ZZ99999 除許可業務外，得經營法令非禁止或限制之業務；F102040 飲料批發業；F102170 食品什貨批發業；F104110 布疋、衣著、鞋、帽、傘、服飾品批發業；F105050 家具、寢具、廚房器具、裝設品批發業；F106020 日常用品批發業；F106050 陶瓷玻璃器皿批發業；F108040 化粧品批發業；F203010 食品什貨、飲料零售業；F204110 布疋、衣著、鞋、帽、傘、服飾品零售業,臺北市,變更,11506
90077373,誠懿投資股份有限公司,臺北市信義區光復南路429號5樓之1,王資懿,10000000,,115/06/01,特殊補正,H201010 一般投資業,臺北市,變更,11506
90077514,峰程機電有限公司,臺北市北投區吉利街123巷18號3樓,劉柏辰,500000,,115/06/09,改推董事/董事長,E603090 照明設備安裝工程業；E801070 廚具、衛浴設備安裝工程業；F113020 電器批發業；E601010 電器承裝業,臺北市,變更,11506
90083847,海曼企業有限公司,臺北市中正區和平西路2段22號5樓之1,許雅琪,1000000,,115/06/08,特殊補正,F102040 飲料批發業；F102170 食品什貨批發業；F106020 日常用品批發業；F108040 化粧品批發業；F203010 食品什貨、飲料零售業；F206020 日常用品零售業；F208040 化粧品零售業；F299990 其他零售業；F399040 無店面零售業；F401010 國際貿易業,臺北市,變更,11506
90084206,愛克斯投創科技股份有限公司,臺北市中山區中山北路3段27號7樓之6,朱耿慶,3000000,,115/06/16,特殊補正,F102170 食品什貨批發業；F104110 布疋、衣著、鞋、帽、傘、服飾品批發業；F106020 日常用品批發業；F109070 文教、樂器、育樂用品批發業；F113050 電腦及事務性機器設備批發業；F118010 資訊軟體批發業；F203010 食品什貨、飲料零售業；F204110 布疋、衣著、鞋、帽、傘、服飾品零售業；F206020 日常用品零售業；F209060 文教、樂器、育樂用品零售業,臺北市,變更,11506
90099849,詠詮設計有限公司,臺北市大同區承德路3段208巷6號6樓之1,邱丸倫,1140000,,115/06/22,增資,I501010 產品設計業；I599990 其他設計業；I199990 其他顧問服務業；IZ99990 其他工商服務業；JZ99050 仲介服務業；JZ99990 未分類其他服務業；F401010 國際貿易業；ZZ99999 除許可業務外，得經營法令非禁止或限制之業務,臺北市,變更,11506
90100058,華懋生醫股份有限公司,臺北市萬華區開封街2段22號2樓,李鴻益,30000000,,115/06/09,特殊補正,E605010 電腦設備安裝業；EZ05010 儀器、儀表安裝工程業；F108040 化粧品批發業；F113010 機械批發業；F113020 電器批發業；F113050 電腦及事務性機器設備批發業；F113990 其他機械器具批發業；F118010 資訊軟體批發業；F119010 電子材料批發業；F203010 食品什貨、飲料零售業,臺北市,變更,11506
90101818,緣創時易國際有限公司,臺北市士林區大東路86之5號,張蕙蘭,1000000,,115/06/05,公司所營事業變更修正章程,F104110 布疋、衣著、鞋、帽、傘、服飾品批發業；F106010 五金批發業；F106020 日常用品批發業；F106060 寵物食品及其用品批發業；F109070 文教、樂器、育樂用品批發業；F115010 首飾及貴金屬批發業；F204110 布疋、衣著、鞋、帽、傘、服飾品零售業；F206010 五金零售業；F206020 日常用品零售業；F209060 文教、樂器、育樂用品零售業,臺北市,變更,11506
90101964,前輩管理顧問有限公司,臺北市中正區忠孝東路2段112號4樓,危永芝,100000,,115/06/22,改推董事/董事長,I101070 農、林、漁、畜牧顧問業；I101080 工、礦顧問業；I101090 食品顧問業；I101100 航空顧問業；I101110 紡織顧問業；I101120 造船顧問業；I102010 投資顧問業；I103060 管理顧問業；I105010 藝術品諮詢顧問業；I199990 其他顧問服務業,臺北市,變更,11506
90104054,曜越綠電股份有限公司,臺北市內湖區洲子街176號3樓,王誌鴻,11000000,,115/06/15,改派董事/監察人,E601010 電器承裝業；E601020 電器安裝業；E606010 用電設備檢驗維護業；EZ05010 儀器、儀表安裝工程業；F113020 電器批發業；F113030 精密儀器批發業；F119010 電子材料批發業；F213040 精密儀器零售業；F399040 無店面零售業；H201010 一般投資業,臺北市,變更,11506
90104202,大世紀物流有限公司,臺北市中正區許昌街42之1號10樓,陳美汎,100000,,115/06/18,特殊補正,G801010 倉儲業；IZ06010 理貨包裝業；JE01010 租賃業；I301010 資訊軟體服務業；I301020 資料處理服務業；F102040 飲料批發業；F102050 茶葉批發業；F102170 食品什貨批發業；F104110 布疋、衣著、鞋、帽、傘、服飾品批發業；F105050 家具、寢具、廚房器具、裝設品批發業,臺北市,變更,11506
90104316,海中智研有限公司,臺北市大同區鄭州路87號2樓之1,周言達,2000000,,115/06/17,特殊補正,I301010 資訊軟體服務業；I301020 資料處理服務業；I103060 管理顧問業；I301030 電子資訊供應服務業；I301050 實境體感應用服務業；J399010 軟體出版業；F118010 資訊軟體批發業；F218010 資訊軟體零售業；I199990 其他顧問服務業；F601010 智慧財產權業,臺北市,變更,11506
90115159,寶島陽光電力事業股份有限公司,臺北市松山區光復北路11巷35號6樓,郭肇基,1000000,,115/06/22,公司所在地,IG03010 能源技術服務業；ZZ99999 除許可業務外，得經營法令非禁止或限制之業務；D101091 再生能源售電業,臺北市,變更,11506
90116143,智量投資股份有限公司,臺北市大安區和平東路1段197號11樓之1,黃亮維,12000000,,115/06/29,特殊補正,H201010 一般投資業,臺北市,變更,11506
90116185,史密斯有限公司,臺北市中山區中山北路2段116巷14號1樓,林慎也（HAYASHI SHINYA）,550000,,115/06/22,經理人變更,JZ99080 美容美髮服務業；F208040 化粧品零售業；F207020 染料、顏料零售業；F399040 無店面零售業；F299990 其他零售業；F206020 日常用品零售業；F204110 布疋、衣著、鞋、帽、傘、服飾品零售業；F207030 清潔用品零售業；F401010 國際貿易業；I401010 一般廣告服務業,臺北市,變更,11506
90117136,雲豹超算股份有限公司,臺北市內湖區基湖路1號4樓之1,廖福生,30000000,,115/06/02,特殊補正,CB01010 機械設備製造業；CC01010 發電、輸電、配電機械製造業；CC01090 電池製造業；D101050 汽電共生業；D101060 再生能源自用發電設備業；E601010 電器承裝業；F401010 國際貿易業；H201010 一般投資業；I102010 一般投資顧問業；I103060 管理顧問業,臺北市,變更,11506
90117826,宏茂開發股份有限公司,臺北市中正區仁愛路2段1號11樓,李芳華,60000000,,115/06/08,特殊補正,F102030 菸酒批發業；F102040 飲料批發業；F102170 食品什貨批發業；F104110 布疋、衣著、鞋、帽、傘、服飾品批發業；F105050 家具、寢具、廚房器具、裝設品批發業；F109070 文教、樂器、育樂用品批發業；F203010 食品什貨、飲料零售業；F203020 菸酒零售業；F204110 布疋、衣著、鞋、帽、傘、服飾品零售業；F205040 家具、寢具、廚房器具、裝設品零售業,臺北市,變更,11506
90118347,開源投資有限公司,臺北市文山區興隆路4段165巷2號,蘇瑋俊,28800000,,115/06/09,特殊補正,H201010 一般投資業,臺北市,變更,11506
90123904,意向科技股份有限公司,臺北市大安區忠孝東路4段285號5樓,李家汎,5841738,,115/06/29,特殊補正,E605010 電腦設備安裝業；F109070 文教、樂器、育樂用品批發業；F209060 文教、樂器、育樂用品零售業；F399040 無店面零售業；F401010 國際貿易業；F601010 智慧財產權業；F113030 精密儀器批發業；F113050 電腦及事務性機器設備批發業；F118010 資訊軟體批發業；F213030 電腦及事務性機器設備零售業,臺北市,變更,11506
90123989,鑫灃投資股份有限公司,臺北市中山區松江路39號10樓之1,陳嘉暘,100000,,115/06/15,變更組織,H201010 一般投資業,臺北市,變更,11506
90132220,幸虎滿滿有限公司,臺北市中正區羅斯福路3段300號9樓,邱亭瑋,200000,,115/06/18,特殊補正,J601010 藝文服務業；I401010 一般廣告服務業；I103060 管理顧問業；I301010 資訊軟體服務業；I501010 產品設計業；I599990 其他設計業；F203010 食品什貨、飲料零售業；F204110 布疋、衣著、鞋、帽、傘、服飾品零售業；ZZ99999 除許可業務外，得經營法令非禁止或限制之業務,臺北市,變更,11506
90135768,安嘉資創股份有限公司,臺北市內湖區陽光街321巷26號5樓之8,陳羿安,5000000,,115/06/22,改選董事/監察人(一人法人股東指派董事/監察人),E605010 電腦設備安裝業；E701030 電信管制射頻器材裝設工程業；EZ05010 儀器、儀表安裝工程業；F113020 電器批發業；F299990 其他零售業；I102010 投資顧問業；I103060 管理顧問業；I199990 其他顧問服務業；IZ99990 其他工商服務業；F113050 電腦及事務性機器設備批發業,臺北市,變更,11506
90135839,烯雅有限公司,臺北市中山區林森北路259巷9號之51,楊子瑩,1000000,,115/06/08,特殊補正,JZ99080 美容美髮服務業；F104110 布疋、衣著、鞋、帽、傘、服飾品批發業；F106020 日常用品批發業；F108040 化粧品批發業；F204110 布疋、衣著、鞋、帽、傘、服飾品零售業；F205040 家具、寢具、廚房器具、裝設品零售業；F105050 家具、寢具、廚房器具、裝設品批發業；F208040 化粧品零售業；F299990 其他零售業；JZ99990 未分類其他服務業,臺北市,變更,11506
90137718,睿展財務顧問股份有限公司,臺北市信義區松高路1號4樓,郭冠群,17653480,,115/06/24,特殊補正,I103060 管理顧問業；H201010 一般投資業；ZZ99999 除許可業務外，得經營法令非禁止或限制之業務,臺北市,變更,11506
90139814,廣甸企業有限公司,臺北市萬華區桂林路22號1樓,魏甄怡,1000000,,115/06/04,特殊補正,F102030 菸酒批發業；F102170 食品什貨批發業；F102180 酒精批發業；F104110 布疋、衣著、鞋、帽、傘、服飾品批發業；F105050 家具、寢具、廚房器具、裝設品批發業；F106010 五金批發業；F106020 日常用品批發業；F107030 清潔用品批發業；F108040 化粧品批發業；F203010 食品什貨、飲料零售業,臺北市,變更,11506
90143492,富宸材料國際股份有限公司,臺北市大安區忠孝東路4段270號11樓,陳俊良,366269410,,115/06/29,特殊補正,C801010 基本化學工業；C801030 精密化學材料製造業；C801990 其他化學材料製造業；C802170 毒性及關注化學物質製造業；C802990 其他化學製品製造業；E599010 配管工程業；E603050 自動控制設備工程業；E604010 機械安裝業；EZ05010 儀器、儀表安裝工程業；F102170 食品什貨批發業,臺北市,變更,11506
90144339,達盈天使投資股份有限公司,臺北市內湖區洲子街105號8樓,李定華,78000000,,115/06/29,特殊補正,H201010 一般投資業,臺北市,變更,11506
90144653,日鐵精工股份有限公司,臺北市信義區基隆路1段394號13樓,李秉哲,250000000,,115/06/05,特殊補正,C801030 精密化學材料製造業；CA01030 鋼鐵鑄造業；CA01050 鋼材二次加工業；CA03010 熱處理業；CA01010 鋼鐵冶鍊業；CA01990 其他非鐵金屬基本工業；CA02080 金屬鍛造業；CA05010 粉末冶金業；CA04010 表面處理業；CE01990 其他光學及精密器械製造業,臺北市,變更,11506
90145479,夸克能源股份有限公司,臺北市中山區南京東路二段2號10樓,陳席宇,592641400,,115/06/04,一般補正案,IG03010 能源技術服務業；D101050 汽電共生業；D101060 再生能源自用發電設備業；D401010 熱能供應業；E601020 電器安裝業；E605010 電腦設備安裝業；E606010 用電設備檢驗維護業；E607010 太陽熱能設備安裝工程業；F113010 機械批發業；F113020 電器批發業,臺北市,變更,11506
90145652,榮耀國際私人軍化管理顧問股份有限公司,臺北市中正區開封街1段2號7樓之4,馬運平,2000000,,115/06/22,變更組織,I199990 其他顧問服務業；I301010 資訊軟體服務業；I301020 資料處理服務業；I301030 電子資訊供應服務業；ZZ99999 除許可業務外，得經營法令非禁止或限制之業務；IZ12010 人力派遣業；I103060 管理顧問業；I401010 一般廣告服務業；I599990 其他設計業；F109070 文教、樂器、育樂用品批發業,臺北市,變更,11506
90145695,大酥福國際有限公司,臺北市大安區忠孝東路4段170巷6弄14號1樓,郭雅琦,5000000,,115/06/01,特殊補正,F102040 飲料批發業；F102170 食品什貨批發業；F121010 食品添加物批發業；F203010 食品什貨、飲料零售業；F221010 食品添加物零售業；F399990 其他綜合零售業；F401010 國際貿易業；F601010 智慧財產權業；H201010 一般投資業；I101090 食品顧問業,臺北市,變更,11506
90151387,三洋綠能股份有限公司,臺北市中山區長春路6號4樓,劉首暄,76000000,,115/06/22,修正章程,F113010 機械批發業；F113070 電信器材批發業；F113020 電器批發業；F106010 五金批發業；F113030 精密儀器批發業；F119010 電子材料批發業；F113990 其他機械器具批發業；F118010 資訊軟體批發業；F113110 電池批發業；F111090 建材批發業,臺北市,變更,11506
90173657,作衫君有限公司,臺北市萬華區艋舺大道22號1樓,邱創煒,2300000,,115/06/04,特殊補正,C306010 成衣業；C307010 服飾品製造業；C701010 印刷業；C703010 印刷品裝訂及加工業；CZ99990 未分類其他工業製品製造業；F104110 布疋、衣著、鞋、帽、傘、服飾品批發業；F109070 文教、樂器、育樂用品批發業；F199990 其他批發業；F204110 布疋、衣著、鞋、帽、傘、服飾品零售業；F209060 文教、樂器、育樂用品零售業,臺北市,變更,11506
90174966,金冠豐智慧物聯股份有限公司,臺北市中山區南京東路3段168號15樓之1,黃韻庭,6000000,,115/06/11,特殊補正,CC01030 電器及視聽電子產品製造業；E605010 電腦設備安裝業；F102050 茶葉批發業；F102170 食品什貨批發業；F105050 家具、寢具、廚房器具、裝設品批發業；F106020 日常用品批發業；F109070 文教、樂器、育樂用品批發業；F111090 建材批發業；F113010 機械批發業；F113020 電器批發業,臺北市,變更,11506
90177555,立得資產開發股份有限公司,臺北市大同區南京西路76號5樓,温永盛,200000,,115/06/12,補繳規費,HZ02010 金融機構金錢債權收買業務；HZ02020 辦理金融機構金錢債權之評價或拍賣業務；HZ99990 其他金融、保險及不動產業；H701010 住宅及大樓開發租售業；H701020 工業廠房開發租售業；H703090 不動產買賣業；H703100 不動產租賃業；I401010 一般廣告服務業；I501010 產品設計業；I503010 景觀、室內設計業,臺北市,變更,11506
90177838,尚揚國際不動產股份有限公司,臺北市中山區長安東路2段169之15號5樓之2,陳威翰,1000000,,115/06/17,特殊補正,E801010 室內裝潢業；F111090 建材批發業；F211010 建材零售業；F401010 國際貿易業；H701010 住宅及大樓開發租售業；H701020 工業廠房開發租售業；H701050 投資興建公共建設業；H701060 新市鎮、新社區開發業；H701070 區段徵收及市地重劃代辦業；H701090 都市更新整建維護業,臺北市,變更,11506
90178442,富思人工智能股份有限公司,臺北市大同區承德路3段287之2號3樓,張凱鈞,30000000,,115/06/26,增資(資本總額),CC01010 發電、輸電、配電機械製造業；CC01030 電器及視聽電子產品製造業；CC01060 有線通信機械器材製造業；CC01070 無線通信機械器材製造業；CC01080 電子零組件製造業；CC01100 電信管制射頻器材製造業；CC01110 電腦及其週邊設備製造業；CC01120 資料儲存媒體製造及複製業；CE01010 一般儀器製造業；E701030 電信管制射頻器材裝設工程業,臺北市,變更,11506
90182038,香港商科醫人雷射光電有限公司,臺北市信義區松高路1號7樓之3,Nazeeh SAAB,500000,,115/06/08,改派在中華民國境內負責人變更登記,F108031 醫療器材批發業；F208031 醫療器材零售業；ZZ99999 除許可業務外，得經營法令非禁止或限制之業務,臺北市,變更,11506
90187266,訢頎科技有限公司,臺北市中山區四平街56號2樓之1,羅元駿,10000000,,115/06/18,特殊補正,E603050 自動控制設備工程業；I301030 電子資訊供應服務業；I103060 管理顧問業；E604010 機械安裝業；E605010 電腦設備安裝業；F113010 機械批發業；F213080 機械器具零售業；F113030 精密儀器批發業；F213040 精密儀器零售業；F113050 電腦及事務性機器設備批發業,臺北市,變更,11506
90189200,數碼虛擬人科技有限公司,臺北市中山區南京東路2段111號6樓,張文泉,5000000,,115/06/01,停業副本,CC01110 電腦及其週邊設備製造業；CC01120 資料儲存媒體製造及複製業；CC01990 其他電機及電子機械器材製造業；CE01030 光學儀器製造業；E601020 電器安裝業；E603090 照明設備安裝工程業；E605010 電腦設備安裝業；E801010 室內裝潢業；EZ99990 其他工程業；F109070 文教、樂器、育樂用品批發業,臺北市,變更,11506
90189428,厸彡行銷顧問有限公司,臺北市北投區大業路506號2樓,黃灝庭,1000000,,115/06/25,特殊補正,F101130 蔬果批發業；F102050 茶葉批發業；F201010 農產品零售業；I401010 一般廣告服務業；I501010 產品設計業,臺北市,變更,11506
90189763,尚禾亞國際有限公司,臺北市中正區重慶南路1段57號10樓之17,Frederic Henri Xavier DEVOS,1353754836,,115/06/11,公司所在地,D101060 再生能源自用發電設備業；IG03010 能源技術服務業；H701050 投資興建公共建設業；I102010 投資顧問業；I103060 管理顧問業；H703100 不動產租賃業；H703090 不動產買賣業；H701010 住宅及大樓開發租售業；H701020 工業廠房開發租售業；H701060 新市鎮、新社區開發業,臺北市,變更,11506
90190038,麗致投資有限公司,臺北市大同區長安西路106號11樓之1,李致和,11800000,,115/06/26,特殊補正,H201010 一般投資業,臺北市,變更,11506
90190430,春霖樂活有限公司,臺北市大安區復興南路1段209號4樓,許婉菁,5000000,,115/06/26,公司所在地,I103060 管理顧問業；I199990 其他顧問服務業；H703110 老人住宅業；F501990 其他餐飲業；ZZ99999 除許可業務外，得經營法令非禁止或限制之業務；J799990 其他休閒服務業；J802010 運動訓練業；IZ12010 人力派遣業；JH01011 居家式服務業；JH02011 日間照顧服務業,臺北市,變更,11506
90196321,鮮豐彩實業有限公司,臺北市大安區復興南路1段283號4樓,何梓僑,3000000,,115/06/17,公司所在地,F113020 電器批發業；F119010 電子材料批發業；F113070 電信器材批發業；F401010 國際貿易業；F101050 水產品批發業；F102030 菸酒批發業；F101990 其他農、畜、水產品批發業；F102170 食品什貨批發業；ZZ99999 除許可業務外，得經營法令非禁止或限制之業務,臺北市,變更,11506
90196526,匯珮合行銷有限公司,臺北市中山區復興南路1段32號1樓,郭宏睿,1000000,,115/06/23,申登機關變更（遷入，含卷）,F102170 食品什貨批發業；F104110 布疋、衣著、鞋、帽、傘、服飾品批發業；F105050 家具、寢具、廚房器具、裝設品批發業；F106020 日常用品批發業；F108040 化粧品批發業；F109070 文教、樂器、育樂用品批發業；F113020 電器批發業；F203010 食品什貨、飲料零售業；F204110 布疋、衣著、鞋、帽、傘、服飾品零售業；F205040 家具、寢具、廚房器具、裝設品零售業,臺北市,變更,11506
90198382,聚富無限事業有限公司,臺北市大安區忠孝東路3段305號6樓之2,林耀錫,3500000,,115/06/01,增資,F101130 蔬果批發業；F101990 其他農、畜、水產品批發業；F102040 飲料批發業；F102050 茶葉批發業；F102170 食品什貨批發業；F121010 食品添加物批發業；F199990 其他批發業；F201010 農產品零售業；F203010 食品什貨、飲料零售業；F399990 其他綜合零售業,臺北市,變更,11506
90202288,浚馳工程股份有限公司,臺北市中山區植福路308號7樓之3,陳建彰,10100000,,115/06/24,特殊補正,D101060 再生能源自用發電設備業；E601010 電器承裝業；E801010 室內裝潢業；F113110 電池批發業；F213110 電池零售業；F114030 汽、機車零件配備批發業；F218010 資訊軟體零售業；F106010 五金批發業；F111090 建材批發業；F119010 電子材料批發業,臺北市,變更,11506
90204321,勤鎰投資顧問有限公司,臺北市中山區民權東路2段46號2樓之1,尹依玲,23700000,,115/06/16,董事/股東更名,H201010 一般投資業；I102010 投資顧問業,臺北市,變更,11506
90206860,超凡行銷顧問股份有限公司,臺北市大安區敦化南路1段205號2樓之5,林垣廷,1000000,,115/06/05,特殊補正,F399040 無店面零售業；I199990 其他顧問服務業；I301030 電子資訊供應服務業；F218010 資訊軟體零售業；I301020 資料處理服務業；IZ15010 市場研究及民意調查業；I301010 資訊軟體服務業；I103060 管理顧問業；I401010 一般廣告服務業；J602010 演藝活動業,臺北市,變更,11506
90209156,英商吉士孚股份有限公司,臺北市中正區館前路59號6樓,愛德華‧斯帕克斯,300000,,115/06/01,本公司外文名稱變更,F106010 五金批發業；F113010 機械批發業；F114070 航空器及其零件批發業；F114080 軌道車輛及其零件批發業；F206010 五金零售業；F213080 機械器具零售業；F214060 船舶及其零件零售業；F401010 國際貿易業；ZZ99999 除許可業務外，得經營法令非禁止或限制之業務,臺北市,變更,11506
90214904,群醫生醫有限公司,臺北市大安區忠孝東路4段221號12樓,陳矞迪,240001,,115/06/24,改推董事/董事長,E601020 電器安裝業；E604010 機械安裝業；E605010 電腦設備安裝業；EZ05010 儀器、儀表安裝工程業；E606010 用電設備檢驗維護業；JA02010 電器及電子產品修理業；I301010 資訊軟體服務業；I301020 資料處理服務業；F102170 食品什貨批發業；F106020 日常用品批發業,臺北市,變更,11506
90221779,壘聚股份有限公司,臺北市中山區南京東路2段2號10樓,陳席宇,295430000,,115/06/15,特殊補正,D101050 汽電共生業；D101060 再生能源自用發電設備業；D401010 熱能供應業；E601020 電器安裝業；E605010 電腦設備安裝業；F113010 機械批發業；F113020 電器批發業；F113030 精密儀器批發業；F113070 電信器材批發業；F118010 資訊軟體批發業,臺北市,變更,11506
90222030,欣榮開發有限公司,臺北市信義區忠孝東路5段1之3號14樓,黃世賢,10000000,,115/06/16,特殊補正,CC01010 發電、輸電、配電機械製造業；D101060 再生能源自用發電設備業；E605010 電腦設備安裝業；E606010 用電設備檢驗維護業；E607010 太陽熱能設備安裝工程業；I102010 一般投資顧問業；I103060 管理顧問業；I199990 其他顧問服務業；IG03010 能源技術服務業；IG02010 研究發展服務業,臺北市,變更,11506
90222670,享家建設股份有限公司,臺北市士林區大南路289號,林俊穎,1000000,,115/06/26,特殊補正,E801010 室內裝潢業；E801070 廚具、衛浴設備安裝工程業；E601020 電器安裝業；E901010 油漆工程業；F211010 建材零售業；F299990 其他零售業；F399040 無店面零售業；G202010 停車場經營業；H701010 住宅及大樓開發租售業；H703090 不動產買賣業,臺北市,變更,11506
90223349,美好未來健康雲股份有限公司,臺北市大安區敦化南路2段319號10樓,陳美章,41000000,,115/06/26,減資,IG01010 生物技術服務業；F102040 飲料批發業；F102170 食品什貨批發業；F108040 化粧品批發業；F121010 食品添加物批發業；F199990 其他批發業；F203010 食品什貨、飲料零售業；F208040 化粧品零售業；F221010 食品添加物零售業；F299990 其他零售業,臺北市,變更,11506
90232488,聚人國際股份有限公司,臺北市大安區敦化南路1段205號6樓,陳駿華,20000000,,115/06/02,特殊補正,H201010 一般投資業；F106010 五金批發業；F114010 汽車批發業；F114020 機車批發業；F114030 汽、機車零件配備批發業；F206010 五金零售業；F214010 汽車零售業；F214020 機車零售業；F214030 汽、機車零件配備零售業；F102030 菸酒批發業,臺北市,變更,11506
90244301,車能網科技股份有限公司,臺北市南港區三重路19之5號9樓,徐文元,25576290,,115/06/25,特殊補正,F118010 資訊軟體批發業；F218010 資訊軟體零售業；F401010 國際貿易業；F601010 智慧財產權業；I301010 資訊軟體服務業；I301020 資料處理服務業；I301030 電子資訊供應服務業；I501010 產品設計業；IG02010 研究發展服務業；F214030 汽、機車零件配備零售業,臺北市,變更,11506
90254399,好樣文化有限公司,臺北市松山區八德路2段386號9樓之11,黃敏彥,7200000,,115/06/30,特殊補正,I301020 資料處理服務業；I103060 管理顧問業；I401010 一般廣告服務業；I199990 其他顧問服務業；F118010 資訊軟體批發業；F113050 電腦及事務性機器設備批發業；F218010 資訊軟體零售業；F401010 國際貿易業；I102010 投資顧問業；H703100 不動產租賃業,臺北市,變更,11506
90254790,好人生活股份有限公司,臺北市中山區龍江路151號2樓,呂俊緯,1000000,,115/06/15,特殊補正,F207030 清潔用品零售業；F107030 清潔用品批發業；F206020 日常用品零售業；J101010 建築物清潔服務業；E801010 室內裝潢業；F401010 國際貿易業；ZZ99999 除許可業務外，得經營法令非禁止或限制之業務,臺北市,變更,11506
90265425,豐鉅儀器有限公司,臺北市中正區博愛路52號2樓,蔡友勝,5000000,,115/06/02,補繳規費,F106050 陶瓷玻璃器皿批發業；F108031 醫療器材批發業；F208031 醫療器材零售業；F213080 機械器具零售業；F213040 精密儀器零售業；F213030 電腦及事務性機器設備零售業；F209060 文教、樂器、育樂用品零售業；F219010 電子材料零售業；F218010 資訊軟體零售業；F213010 電器零售業,臺北市,變更,11506
90265776,創思路數位行銷有限公司,臺北市中山區松江路99號4樓,吳浴沂,1000000,,115/06/04,特殊補正,J601010 藝文服務業；J503040 廣播電視廣告業；J404050 電影特效製作業；J404040 電影錄音業；J404010 動畫影片製作業；J399010 軟體出版業；J401010 電影片製作業；I301010 資訊軟體服務業；I301020 資料處理服務業；I301030 電子資訊供應服務業,臺北市,變更,11506
90266260,拓荒數碼科技股份有限公司,臺北市大安區敦化南路2段38號4樓之1,陳鵬宇,224280200,,115/06/12,補繳規費,I301010 資訊軟體服務業；I301020 資料處理服務業；I301030 電子資訊供應服務業；F399040 無店面零售業；I401010 一般廣告服務業；I103060 管理顧問業；I199990 其他顧問服務業；F399990 其他綜合零售業；F299990 其他零售業；J799990 其他休閒服務業,臺北市,變更,11506
90266493,宜聯資訊有限公司,臺北市中山區中山北路3段27號7樓之6,蔡沂璉,1000000,,115/06/12,特殊補正,ZZ99999 除許可業務外，得經營法令非禁止或限制之業務；F399040 無店面零售業；F401010 國際貿易業；F109070 文教、樂器、育樂用品批發業；F108040 化粧品批發業；F107030 清潔用品批發業；F106020 日常用品批發業；F102170 食品什貨批發業；F105050 家具、寢具、廚房器具、裝設品批發業；F104110 布疋、衣著、鞋、帽、傘、服飾品批發業,臺北市,變更,11506
90266579,信泓工程有限公司,臺北市中山區中山北路3段27號7樓之6,楊濟嘉,3000000,,115/06/12,公司所在地,ZZ99999 除許可業務外，得經營法令非禁止或限制之業務；E604010 機械安裝業；F106010 五金批發業；F113010 機械批發業；F401010 國際貿易業；E599010 配管工程業；E801030 室內輕鋼架工程業；E801040 玻璃安裝工程業；EZ02010 起重工程業；JZ99050 仲介服務業,臺北市,變更,11506
90266640,弘旭國際貿易有限公司,臺北市大安區忠孝東路4段221號10樓,張立綸,5000000,,115/06/01,特殊補正,F102040 飲料批發業；F102170 食品什貨批發業；F106020 日常用品批發業；F108031 醫療器材批發業；F108040 化粧品批發業；F203010 食品什貨、飲料零售業；F204110 布疋、衣著、鞋、帽、傘、服飾品零售業；F206020 日常用品零售業；F208031 醫療器材零售業；F208040 化粧品零售業,臺北市,變更,11506
90269338,兆紀元微系統科技股份有限公司,臺北市內湖區基湖路35巷22號2樓之2,姚子欽,43000000,,115/06/24,發行新股,CC01030 電器及視聽電子產品製造業；CC01080 電子零組件製造業；CC01110 電腦及其週邊設備製造業；CC01120 資料儲存媒體製造及複製業；F113050 電腦及事務性機器設備批發業；F113070 電信器材批發業；F118010 資訊軟體批發業；F119010 電子材料批發業；F213030 電腦及事務性機器設備零售業；F213060 電信器材零售業,臺北市,變更,11506
90272185,華迅國際物流有限公司,臺北市松山區南京東路5段206號3樓之1,葉宥均,10000000,,115/06/15,股東出資轉讓修正章程,F102030 菸酒批發業；F102170 食品什貨批發業；F203010 食品什貨、飲料零售業；F401010 國際貿易業；G401011 船務代理業；G402011 海運承攬運送業；G601011 航空貨運承攬業；G801010 倉儲業；IZ06010 理貨包裝業；ZZ99999 除許可業務外，得經營法令非禁止或限制之業務,臺北市,變更,11506
90272559,川頁文創股份有限公司,臺北市信義區基隆路1段155號11樓之5,高明慧,30000000,,115/06/05,特殊補正,F401010 國際貿易業；F601010 智慧財產權業；I102010 一般投資顧問業；I103060 管理顧問業；I301010 資訊軟體服務業；I301020 資料處理服務業；I301030 電子資訊供應服務業；I401010 一般廣告服務業；I501010 產品設計業；H201010 一般投資業,臺北市,變更,11506
90272930,太元本耀有限公司,臺北市松山區復興南路1段45號5樓,林承勳,300000,,115/06/12,公司所在地,I103060 管理顧問業；I102010 一般投資顧問業；F203010 食品什貨、飲料零售業；I301010 資訊軟體服務業；I301030 電子資訊供應服務業；I401010 一般廣告服務業；E605010 電腦設備安裝業；J399010 軟體出版業；JZ99050 仲介服務業；F401010 國際貿易業,臺北市,變更,11506
90273749,漢神海洋生技股份有限公司,臺北市北投區大度路3段270巷69號6樓之8,王紀珮,5000000,,115/06/09,特殊補正,F101050 水產品批發業；F101990 其他農、畜、水產品批發業；F102170 食品什貨批發業；F201030 水產品零售業；F201990 其他農畜水產品零售業；F203010 食品什貨、飲料零售業；F399990 其他綜合零售業；C199030 即食餐食製造業；C103050 罐頭、冷凍、脫水及醃漬食品製造業；F401010 國際貿易業,臺北市,變更,11506
90284859,百越國際食尚股份有限公司,臺北市內湖區瑞光路513巷26號7樓之1,陳柏翰,6880000,,115/06/16,特殊補正,F102170 食品什貨批發業；F203010 食品什貨、飲料零售業；F501060 餐館業；F501030 飲料店業；F401010 國際貿易業；F399040 無店面零售業；C104020 烘焙炊蒸食品製造業；C110010 飲料製造業；ZZ99999 除許可業務外，得經營法令非禁止或限制之業務；H701010 住宅及大樓開發租售業,臺北市,變更,11506
90285013,康禧健康股份有限公司,臺北市中山區民權東路2段26號3樓之2,蔡鉑盛,9500000,,115/06/17,特殊補正,I103060 管理顧問業；I199990 其他顧問服務業；I301010 資訊軟體服務業；I301020 資料處理服務業；I301030 電子資訊供應服務業；IG01010 生物技術服務業；IZ99990 其他工商服務業；IZ12010 人力派遣業；F208031 醫療器材零售業；F213040 精密儀器零售業,臺北市,變更,11506
90286998,騰縈珠寶國際有限公司,臺北市中山區南京東路2段132號8樓,周紫彤,50000,,115/06/16,特殊補正,F115010 首飾及貴金屬批發業；F399040 無店面零售業；H201010 一般投資業；I501010 產品設計業；I599990 其他設計業；I199990 其他顧問服務業；F401010 國際貿易業；ZZ99999 除許可業務外，得經營法令非禁止或限制之業務,臺北市,變更,11506
90289398,昕洲國際股份有限公司,臺北市大同區長安西路106號9樓,阮建維,24100000,,115/06/26,補選董事(常務董事.董事長)/監察人,I103060 管理顧問業；I301010 資訊軟體服務業；I301020 資料處理服務業；IZ12010 人力派遣業；H201010 一般投資業；ZZ99999 除許可業務外，得經營法令非禁止或限制之業務,臺北市,變更,11506
90293421,名片盒股份有限公司,臺北市大安區忠孝東路4段319號6樓之1,黃凱彬,1000000,,115/06/25,特殊補正,I301010 資訊軟體服務業；I301030 電子資訊供應服務業；I301040 第三方支付服務業,臺北市,變更,11506
90305453,瑉賀投資有限公司,臺北市松山區八德路4段245巷32弄47號地下層,邱瑞文,9000000,,115/06/26,申登機關變更（遷入，含卷）,H201010 一般投資業,臺北市,變更,11506
90305860,鑫盛機電有限公司,臺北市信義區松山路421號11樓之4,萬建騏,500000,,115/06/05,申登機關變更（遷入，含卷）,E599010 配管工程業；E601020 電器安裝業；E603040 消防安全設備安裝工程業；E606010 用電設備檢驗維護業；F106040 水器材料批發業；F113020 電器批發業；F117010 消防安全設備批發業；IF01010 消防安全設備檢修業；J101010 建築物清潔服務業；J101060 廢（污）水處理業,臺北市,變更,11506
90310667,日帝能源開發股份有限公司,臺北市內湖區瑞光路362號8樓,侯明欽,280100000,,115/06/30,改選董事/監察人(一人法人股東指派董事/監察人),CC01010 發電、輸電、配電機械製造業；CC01080 電子零組件製造業；CC01090 電池製造業；D101060 再生能源自用發電設備業；E599010 配管工程業；E601020 電器安裝業；E603050 自動控制設備工程業；E603090 照明設備安裝工程業；E605010 電腦設備安裝業；E607010 太陽熱能設備安裝工程業,臺北市,變更,11506
90324867,睿誠國際教育顧問有限公司,臺北市北投區義理街19號1樓,黃俊傑,500000,,115/06/18,特殊補正,I199990 其他顧問服務業；I301010 資訊軟體服務業；I301030 電子資訊供應服務業；I501010 產品設計業；IZ99990 其他工商服務業；F109070 文教、樂器、育樂用品批發業；F199990 其他批發業；F209060 文教、樂器、育樂用品零售業；F299990 其他零售業；F401010 國際貿易業,臺北市,變更,11506
90325211,保虹建設股份有限公司,臺北市信義區忠孝東路5段1之1號13樓,顏弘堯,8010000,,115/06/09,補繳規費,H701010 住宅及大樓開發租售業；H701020 工業廠房開發租售業；H701040 特定專業區開發業；H701050 投資興建公共建設業；H703090 不動產買賣業；H703100 不動產租賃業；ZZ99999 除許可業務外，得經營法令非禁止或限制之業務,臺北市,變更,11506
90325628,如意生技股份有限公司,臺北市松山區復興北路231巷9號1樓,曾國亮,21000000,,115/06/05,董事(常務董事.董事長)/監察人解任,F108031 醫療器材批發業；F208031 醫療器材零售業；F113010 機械批發業；F113020 電器批發業；F113030 精密儀器批發業；F118010 資訊軟體批發業；F401010 國際貿易業；I301010 資訊軟體服務業；I103060 管理顧問業；IZ12010 人力派遣業,臺北市,變更,11506
90329758,衛富達股份有限公司,臺北市大安區忠孝東路4段300號5樓,川田隆太,500000,,115/06/25,改選董事/監察人(一人法人股東指派董事/監察人),ZZ99999 除許可業務外，得經營法令非禁止或限制之業務；F401010 國際貿易業；I103060 管理顧問業；H704031 不動產仲介經紀業,臺北市,變更,11506
90330185,長耀資產有限公司,臺北市中正區北平東路30號13樓,謝建國,200000000,,115/06/25,增資,F601010 智慧財產權業；H201010 一般投資業；H701010 住宅及大樓開發租售業；H701020 工業廠房開發租售業；H703090 不動產買賣業；H703100 不動產租賃業；I102010 投資顧問業；I103060 管理顧問業；I301010 資訊軟體服務業；I301020 資料處理服務業,臺北市,變更,11506
90330312,紫元文創數位股份有限公司,臺北市中山區長春路190號3樓,王念永,100000,,115/06/18,改選董事/監察人(一人法人股東指派董事/監察人),I103060 管理顧問業；I501010 產品設計業；J399010 軟體出版業；J401010 電影片製作業；J404020 提供設備及場地供電影片拍攝業；J404050 電影特效製作業；J503010 廣播節目製作業；J503020 電視節目製作業；J404010 動畫影片製作業；I401010 一般廣告服務業,臺北市,變更,11506
90330729,路得能源股份有限公司,臺北市大安區忠孝東路4段270號2樓之1,鄭羽庭,100000,,115/06/30,特殊補正,CC01010 發電、輸電、配電機械製造業；CC01040 照明設備製造業；CC01080 電子零組件製造業；CC01090 電池製造業；D101060 再生能源自用發電設備業；E599010 配管工程業；E601010 電器承裝業；E601020 電器安裝業；E603050 自動控制設備工程業；E605010 電腦設備安裝業,臺北市,變更,11506
90333319,軒好有限公司,臺北市大同區重慶北路2段48號9樓之3,蘇凡鈞,1000000,,115/06/25,特殊補正,F102170 食品什貨批發業；F102040 飲料批發業；F102050 茶葉批發業；F102020 食用油脂批發業；F401010 國際貿易業；I102010 一般投資顧問業；I103060 管理顧問業；H201010 一般投資業；JZ99050 仲介服務業；ZZ99999 除許可業務外，得經營法令非禁止或限制之業務,臺北市,變更,11506
90334295,迪凱貿易有限公司,臺北市大安區敦化南路2段57號4樓之4,卡庫瑪,800000,,115/06/22,公司所在地,F115010 首飾及貴金屬批發業；F215010 首飾及貴金屬零售業；F115020 礦石批發業；F215020 礦石零售業；F401010 國際貿易業,臺北市,變更,11506
90334942,民洋國際物流股份有限公司,臺北市松山區八德路3段230號10樓,王雅民,15000000,,115/06/15,特殊補正,G402011 海運承攬運送業；G601011 航空貨運承攬業；I103060 管理顧問業；IZ06010 理貨包裝業；G801010 倉儲業；F401010 國際貿易業；ZZ99999 除許可業務外，得經營法令非禁止或限制之業務,臺北市,變更,11506
90337928,藍星蕾有限公司,臺北市中山區明水路650號4樓之7,藍麗玲,500000,,115/06/17,特殊補正,F104110 布疋、衣著、鞋、帽、傘、服飾品批發業；F108040 化粧品批發業；F204110 布疋、衣著、鞋、帽、傘、服飾品零售業；F208040 化粧品零售業；F399040 無店面零售業；F401010 國際貿易業；J601010 藝文服務業；J602010 演藝活動業；J603010 音樂展演空間業；F214010 汽車零售業,臺北市,變更,11506
90338308,運廣通科技股份有限公司,臺北市中山區長春路100號5樓之2,沈希儒,20000000,,115/06/29,減資,F204110 布疋、衣著、鞋、帽、傘、服飾品零售業；F205040 家具、寢具、廚房器具、裝設品零售業；F206010 五金零售業；F206020 日常用品零售業；F207010 漆料、塗料零售業；F207020 染料、顏料零售業；F207030 清潔用品零售業；F208040 化粧品零售業；F209060 文教、樂器、育樂用品零售業；F211010 建材零售業,臺北市,變更,11506
90338497,網怪數位有限公司,臺北市中山區南京東路2段111號6樓,蘇庭儀,100000,,115/06/22,改推董事/董事長,I401010 一般廣告服務業；I301010 資訊軟體服務業；I301020 資料處理服務業；I301030 電子資訊供應服務業；F118010 資訊軟體批發業；F218010 資訊軟體零售業；F401010 國際貿易業；I103060 管理顧問業；ZZ99999 除許可業務外，得經營法令非禁止或限制之業務,臺北市,變更,11506
90349375,惠瑜有限公司,臺北市大安區和平東路3段208之1號,楊明舜,29000000,,115/06/29,減資,H201010 一般投資業,臺北市,變更,11506
90355636,宥晟室內裝修工程股份有限公司,臺北市內湖區陽光街68巷64號,陳柏憲,8850000,,115/06/24,減資,E801060 室內裝修業；E801010 室內裝潢業；E801020 門窗安裝工程業；E801030 室內輕鋼架工程業；E801040 玻璃安裝工程業；E801070 廚具、衛浴設備安裝工程業；E901010 油漆工程業；F105050 家具、寢具、廚房器具、裝設品批發業；F205040 家具、寢具、廚房器具、裝設品零售業；F211010 建材零售業,臺北市,變更,11506
90355903,翰可能源股份有限公司,臺北市內湖區堤頂大道2段409號9樓,陳洋淵,362000000,,115/06/29,改選董事/監察人(一人法人股東指派董事/監察人),F113010 機械批發業；F113030 精密儀器批發業；D101060 再生能源自用發電設備業；E603050 自動控制設備工程業；IG03010 能源技術服務業；CB01010 機械設備製造業；CC01010 發電、輸電、配電機械製造業；CC01080 電子零組件製造業；CC01990 其他電機及電子機械器材製造業；CZ99990 未分類其他工業製品製造業,臺北市,變更,11506
90356017,和漾旅行社股份有限公司,臺北市中山區松江路433號4樓,吳品璁,30000000,,115/06/03,發行新股,J902011 旅行業,臺北市,變更,11506
90356966,普魯托斯數位資產管理股份有限公司,臺北市中山區南京東路2段150號2樓,馮聖哲,600000,,115/06/26,特殊補正,H201010 一般投資業；H202010 創業投資業；JE01010 租賃業；ZZ99999 除許可業務外，得經營法令非禁止或限制之業務；A102020 農產品整理業；A102050 作物栽培服務業；A101020 農作物栽培業；A199990 其他農業,臺北市,變更,11506
90358134,比利時商安纜股份有限公司,臺北市大安區忠孝東路4段235號10樓,Stefaan Cecile R.Sonck Thiebaut,500000,,115/06/08,改派在中華民國境內負責人變更登記,E603010 電纜安裝工程業；IG03010 能源技術服務業；ZZ99999 除許可業務外，得經營法令非禁止或限制之業務,臺北市,變更,11506
90358423,香港商買易全球有限公司,臺北市中山區中山北路1段152號5樓,張卓賢,500000,,115/06/22,本公司董事及其他負責人變更,ZZ99999 除許可業務外，得經營法令非禁止或限制之業務；F106020 日常用品批發業；F113050 電腦及事務性機器設備批發業；F113070 電信器材批發業；F116010 照相器材批發業；F206020 日常用品零售業；F213030 電腦及事務性機器設備零售業；F213060 電信器材零售業；F216010 照相器材零售業；F399040 無店面零售業,臺北市,變更,11506
90362572,特盧斯資訊有限公司,臺北市松山區復興北路201號4樓之1,陳思翰,500000,,115/06/02,特殊補正,JI01010 互動式情境體驗服務業；F109070 文教、樂器、育樂用品批發業；F209060 文教、樂器、育樂用品零售業；F118010 資訊軟體批發業；F218010 資訊軟體零售業；F113110 電池批發業；F213110 電池零售業；F116010 照相器材批發業；F216010 照相器材零售業；E603050 自動控制設備工程業,臺北市,變更,11506
90363431,七號演算整合股份有限公司,臺北市大安區忠孝東路4段222號3樓,楊惠娟,3000000,,115/06/24,特殊補正,I102010 投資顧問業；I103060 管理顧問業；I199990 其他顧問服務業；I301010 資訊軟體服務業；I301020 資料處理服務業；I301030 電子資訊供應服務業；I501010 產品設計業；IG02010 研究發展服務業；IZ12010 人力派遣業；F113050 電腦及事務性機器設備批發業,臺北市,變更,11506
90366535,星誠細胞生醫股份有限公司,臺北市信義區光復南路561號8樓,王俊翔,109080000,,115/06/08,改選董事/監察人(一人法人股東指派董事/監察人),F107030 清潔用品批發業；F108031 醫療器材批發業；F108040 化粧品批發業；F109070 文教、樂器、育樂用品批發業；F207030 清潔用品零售業；F208031 醫療器材零售業；F208040 化粧品零售業；F208050 乙類成藥零售業；F209060 文教、樂器、育樂用品零售業；F401010 國際貿易業,臺北市,變更,11506
90370361,芯啟誠股份有限公司,臺北市內湖區洲子街79號8樓之1,程綉綺,18110000,,115/06/26,改選董事/監察人(一人法人股東指派董事/監察人),F118010 資訊軟體批發業；F218010 資訊軟體零售業；F119010 電子材料批發業；F219010 電子材料零售業；F401010 國際貿易業；I301010 資訊軟體服務業；I301020 資料處理服務業；I301030 電子資訊供應服務業；JZ99050 仲介服務業；CC01080 電子零組件製造業,臺北市,變更,11506
90370854,侯門室內裝修有限公司,臺北市內湖區康樂街204之3號1樓,侯世彥,1080000,,115/06/04,公司所在地,F105050 家具、寢具、廚房器具、裝設品批發業；F205040 家具、寢具、廚房器具、裝設品零售業；E801010 室內裝潢業；E801060 室內裝修業；ZZ99999 除許可業務外，得經營法令非禁止或限制之業務,臺北市,變更,11506
90371002,瞬恆有限公司,臺北市信義區信義路4段415號14樓之2,陳治亘,8500000,,115/06/25,增資,JA02010 電器及電子產品修理業；F113020 電器批發業；F213010 電器零售業；F113050 電腦及事務性機器設備批發業；F213030 電腦及事務性機器設備零售業；F113070 電信器材批發業；F213060 電信器材零售業；F119010 電子材料批發業；F219010 電子材料零售業；IZ01010 影印業,臺北市,變更,11506
90371158,台灣日立鐵路股份有限公司,臺北市中正區忠孝西路1段6號11樓,白思瑞（Cyrille Bataille）,40000000,,115/06/29,特殊補正,CB01010 機械設備製造業；CB01990 其他機械製造業；CC01030 電器及視聽電子產品製造業；CC01060 有線通信機械器材製造業；CC01070 無線通信機械器材製造業；CC01080 電子零組件製造業；CC01110 電腦及其週邊設備製造業；CC01990 其他電機及電子機械器材製造業；CD01020 軌道車輛及其零件製造業；CD01030 汽車及其零件製造業,臺北市,變更,11506
90371559,安保投資股份有限公司,臺北市松山區八德路3段20號10樓之1,黃正忠,1000000,,115/06/24,改選董事/監察人(一人法人股東指派董事/監察人),H201010 一般投資業；H202010 創業投資業,臺北市,變更,11506
90371636,富澤茵相有限公司,臺北市中正區懷寧街76號1樓,羅正輝,100000,,115/06/11,特殊補正,J401010 電影片製作業；J402010 電影片發行業；J404010 動畫影片製作業；J404020 提供設備及場地供電影片拍攝業；J399990 其他出版業；J305010 有聲出版業；J404040 電影錄音業；J404050 電影特效製作業；J503020 電視節目製作業；J601010 藝文服務業,臺北市,變更,11506
90371729,艾喬居股份有限公司,臺北市中山區民權東路3段58號7樓之6,YOUNG ADRIAN,1000000,,115/06/11,特殊補正,I103060 管理顧問業；I199990 其他顧問服務業；JZ99050 仲介服務業；IZ99990 其他工商服務業；F401010 國際貿易業；ZZ99999 除許可業務外，得經營法令非禁止或限制之業務,臺北市,變更,11506
90372868,德賽德股份有限公司,臺北市大安區敦化南路1段233巷43號,鄭翊良,3000000,,115/06/01,特殊補正,F204110 布疋、衣著、鞋、帽、傘、服飾品零售業；F209060 文教、樂器、育樂用品零售業；F210010 鐘錶零售業；F215020 礦石零售業；F299990 其他零售業；F399040 無店面零售業；F401010 國際貿易業；F104110 布疋、衣著、鞋、帽、傘、服飾品批發業；F105050 家具、寢具、廚房器具、裝設品批發業；F109070 文教、樂器、育樂用品批發業,臺北市,變更,11506
90374471,飛久創意有限公司,臺北市中山區大直街33巷9號1樓,童宜平,2000000,,115/06/15,特殊補正,F102030 菸酒批發業；F102040 飲料批發業；F102170 食品什貨批發業；F203010 食品什貨、飲料零售業；F203020 菸酒零售業；F501060 餐館業；F501030 飲料店業；F399040 無店面零售業；F399990 其他綜合零售業；F401010 國際貿易業,臺北市,變更,11506
90374818,兆紀元設計整合科技股份有限公司,臺北市內湖區基湖路35巷22號2樓之2,姚子欽,18580000,,115/06/26,發行新股,CC01030 電器及視聽電子產品製造業；CC01080 電子零組件製造業；CC01110 電腦及其週邊設備製造業；CC01120 資料儲存媒體製造及複製業；F113050 電腦及事務性機器設備批發業；F113070 電信器材批發業；F118010 資訊軟體批發業；F119010 電子材料批發業；F213030 電腦及事務性機器設備零售業；F213060 電信器材零售業,臺北市,變更,11506
90375416,勤英科技股份有限公司,臺北市內湖區瑞光路298號4樓之1,陳凱廷,10000000,,115/06/12,公司所在地,I301010 資訊軟體服務業；I301020 資料處理服務業；I301030 電子資訊供應服務業；I401010 一般廣告服務業；I103060 管理顧問業；F213030 電腦及事務性機器設備零售業；F113050 電腦及事務性機器設備批發業；E605010 電腦設備安裝業；F218010 資訊軟體零售業；F118010 資訊軟體批發業,臺北市,變更,11506
90375485,不二技研有限公司,臺北市文山區辛亥路4段128之1號1樓,顧立洲,550000,,115/06/04,增資,CA01050 鋼材二次加工業；CA02990 其他金屬製品製造業；E801030 室內輕鋼架工程業；I599990 其他設計業；CA04010 表面處理業；ZZ99999 除許可業務外，得經營法令非禁止或限制之業務；JA02020 機車修理業；F214020 機車零售業；F214030 汽、機車零件配備零售業；F401010 國際貿易業,臺北市,變更,11506
90378624,冶速科技股份有限公司,臺北市信義區信義路5段5號5樓,游素玲,2700000,,115/06/01,特殊補正,I199990 其他顧問服務業；I301010 資訊軟體服務業；I301020 資料處理服務業；I301030 電子資訊供應服務業；F113010 機械批發業；F113020 電器批發業；F113030 精密儀器批發業；F113050 電腦及事務性機器設備批發業；F113070 電信器材批發業；F113990 其他機械器具批發業,臺北市,變更,11506
90378737,達人網科技股份有限公司,臺北市信義區信義路5段150巷2號20樓之1,李倫家,150960250,,115/06/29,特殊補正,F118010 資訊軟體批發業；F218010 資訊軟體零售業；F399040 無店面零售業；F401010 國際貿易業；F601010 智慧財產權業；I103060 管理顧問業；I301010 資訊軟體服務業；I301020 資料處理服務業；I301030 電子資訊供應服務業；I401010 一般廣告服務業,臺北市,變更,11506
90388117,巨大平台股份有限公司,臺北市信義區忠孝東路5段1號2樓,李直澄,7500000,,115/06/17,改選董事/監察人(一人法人股東指派董事/監察人),G601011 航空貨運承攬業；G402011 海運承攬運送業；G799990 其他運輸輔助業；G801010 倉儲業；G302010 小船經營業；G403010 船舶出租業；G405010 貨櫃出租業；G702010 船舶勞務承攬業；JE01010 租賃業；JZ99050 仲介服務業,臺北市,變更,11506
90388307,新寬海室內裝潢有限公司,臺北市中正區杭州南路1段63號5樓之1,龔裕仁,5000000,,115/06/11,特殊補正,F106020 日常用品批發業；F109070 文教、樂器、育樂用品批發業；F118010 資訊軟體批發業；F199990 其他批發業；F206020 日常用品零售業；F209060 文教、樂器、育樂用品零售業；F218010 資訊軟體零售業；F299990 其他零售業；F401010 國際貿易業；I105010 藝術品諮詢顧問業,臺北市,變更,11506
90389609,大祥居股份有限公司,臺北市中山區中山北路3段34號8樓之1,廖學賢,66493860,,115/06/24,特殊補正,H201010 一般投資業,臺北市,變更,11506
90390079,鉑珵環保科技股份有限公司,臺北市中正區館前路2號12樓,紀博文,80000000,,115/06/01,發行新股,IG01010 生物技術服務業；F401010 國際貿易業；F101990 其他農、畜、水產品批發業；F199990 其他批發業；F201990 其他農畜水產品零售業；F299990 其他零售業；ZZ99999 除許可業務外，得經營法令非禁止或限制之業務；J101030 廢棄物清除業；J101040 廢棄物處理業；J101060 廢（污）水處理業,臺北市,變更,11506
90392365,安妮亞室內裝修設計工程股份有限公司,臺北市南港區玉成街4號4樓,王薇琇,10000,,115/06/24,改選董事/監察人(一人法人股東指派董事/監察人),E599010 配管工程業；E601010 電器承裝業；E601020 電器安裝業；E603010 電纜安裝工程業；E603020 電梯安裝工程業；E603090 照明設備安裝工程業；E801010 室內裝潢業；E801020 門窗安裝工程業；E801030 室內輕鋼架工程業；E801040 玻璃安裝工程業,臺北市,變更,11506
90393548,恩熙有限公司,臺北市信義區永吉路443巷1弄1號,洪志豪,500000,,115/06/18,特殊補正,F104110 布疋、衣著、鞋、帽、傘、服飾品批發業；F106020 日常用品批發業；F204110 布疋、衣著、鞋、帽、傘、服飾品零售業；F206020 日常用品零售業；ZZ99999 除許可業務外，得經營法令非禁止或限制之業務,臺北市,變更,11506
90398071,信禾能源股份有限公司,臺北市大安區忠孝東路4段270號2樓之1,洪震玫,101000,,115/06/29,特殊補正,CC01010 發電、輸電、配電機械製造業；CC01040 照明設備製造業；CC01080 電子零組件製造業；CC01090 電池製造業；D101060 再生能源自用發電設備業；E599010 配管工程業；E601010 電器承裝業；E601020 電器安裝業；E603050 自動控制設備工程業；E605010 電腦設備安裝業,臺北市,變更,11506
90408850,仁翔健康有限公司,臺北市中山區錦州街46號12樓之2,李璧如,100000,,115/06/26,特殊補正,F102170 食品什貨批發業；F106020 日常用品批發業；F206020 日常用品零售業；F203010 食品什貨、飲料零售業；F399990 其他綜合零售業；I103060 管理顧問業；IZ12010 人力派遣業；IZ99990 其他工商服務業；IG01010 生物技術服務業；IG02010 研究發展服務業,臺北市,變更,11506
90422353,馬記健康生活有限公司,臺北市中山區雙城街38之1號2樓,馬頴欣,6000000,,115/06/22,董事/股東地址變更,J801030 競技及休閒運動場館業；F204110 布疋、衣著、鞋、帽、傘、服飾品零售業；F209060 文教、樂器、育樂用品零售業；J802010 運動訓練業；F399040 無店面零售業,臺北市,變更,11506
90424465,日商傑富意工程技術股份有限公司,臺北市中山區中山北路二段96號7樓,高橋秀典,5000000,,115/06/12,改派在中華民國境內負責人變更登記,CA02010 金屬結構及建築組件製造業；CA02060 金屬容器製造業；CB01010 機械設備製造業；CB01030 污染防治設備製造業；CB01990 其他機械製造業；CC01010 發電、輸電、配電機械製造業；E599010 配管工程業；E601010 電器承裝業；E603010 電纜安裝工程業；E604010 機械安裝業,臺北市,變更,11506
90428960,慧築營建科技股份有限公司,臺北市中正區杭州北路26號14樓,黃慧仁,319237380,,115/06/18,特殊補正,E101011 綜合營造業；E401010 疏濬業；E402010 沙石、淤泥海拋業；E599010 配管工程業；E601010 電器承裝業；E603050 自動控制設備工程業；E603080 交通號誌安裝工程業；E603090 照明設備安裝工程業；E604010 機械安裝業；E605010 電腦設備安裝業,臺北市,變更,11506
90435596,聖諦亞股份有限公司,臺北市中山區樂群二路267號4樓之10,薛博仁,96010000,,115/06/11,補繳規費,F102170 食品什貨批發業；F106020 日常用品批發業；F108040 化粧品批發業；F113030 精密儀器批發業；F113050 電腦及事務性機器設備批發業；F118010 資訊軟體批發業；F121010 食品添加物批發業；F199990 其他批發業；F203010 食品什貨、飲料零售業；F206020 日常用品零售業,臺北市,變更,11506
90436217,聯想感行銷科技股份有限公司,臺北市松山區民生東路3段135號3樓,黃鈺琪,45000000,,115/06/17,特殊補正,F118010 資訊軟體批發業；F218010 資訊軟體零售業；F399040 無店面零售業；I102010 投資顧問業；I103060 管理顧問業；I199990 其他顧問服務業；I301010 資訊軟體服務業；I301020 資料處理服務業；I301030 電子資訊供應服務業；I401010 一般廣告服務業,臺北市,變更,11506
90436552,萬日豐國際有限公司,臺北市中山區長安東路2段246號12樓之1,戴大勇,15000000,,115/06/16,增資,F102170 食品什貨批發業；F108040 化粧品批發業；F203010 食品什貨、飲料零售業；F208040 化粧品零售業；F106020 日常用品批發業；F399040 無店面零售業；F401010 國際貿易業；F113050 電腦及事務性機器設備批發業；F119010 電子材料批發業；F204110 布疋、衣著、鞋、帽、傘、服飾品零售業,臺北市,變更,11506
90437052,榮銘國際投資股份有限公司,臺北市信義區基隆路1段394號11樓,楊雯茜,50000000,,115/06/09,特殊補正,F401010 國際貿易業；H201010 一般投資業；H202010 創業投資業；I102010 一般投資顧問業；I103060 管理顧問業；I199990 其他顧問服務業；IG02010 研究發展服務業；J202010 產業育成業；JZ99050 仲介服務業；ZZ99999 除許可業務外，得經營法令非禁止或限制之業務,臺北市,變更,11506
90441871,樓頂春光有限公司,臺北市信義區松德路180巷4號1樓,林傳智,1100000,,115/06/05,增資,J404040 電影錄音業；J503040 廣播電視廣告業；J503020 電視節目製作業；J601010 藝文服務業；J503010 廣播節目製作業；J305010 有聲出版業；F401010 國際貿易業；ZZ99999 除許可業務外，得經營法令非禁止或限制之業務,臺北市,變更,11506
90444878,吉馬企業有限公司,臺北市中山區松江路76號7樓之1,劉安庭,2000000,,115/06/05,特殊補正,F102170 食品什貨批發業；F102040 飲料批發業；F104110 布疋、衣著、鞋、帽、傘、服飾品批發業；F108031 醫療器材批發業；F108040 化粧品批發業；F203010 食品什貨、飲料零售業；F204110 布疋、衣著、鞋、帽、傘、服飾品零售業；F208031 醫療器材零售業；F208040 化粧品零售業；F221010 食品添加物零售業,臺北市,變更,11506
90451595,方可國際有限公司,臺北市大安區忠孝東路4段169號12樓之2,邱法璇,5000000,,115/06/09,補繳規費,F401010 國際貿易業；F119010 電子材料批發業；F219010 電子材料零售業；F106010 五金批發業；F206010 五金零售業；F399040 無店面零售業；F399990 其他綜合零售業；F102170 食品什貨批發業；F203010 食品什貨、飲料零售業；F102030 菸酒批發業,臺北市,變更,11506
90453572,亨億有限公司,臺北市中正區衡陽路10號7樓,王勝弘,300000,,115/06/22,特殊補正,F119010 電子材料批發業；F120010 耐火材料批發業；I401010 一般廣告服務業；IZ12010 人力派遣業；E701010 電信工程業；E801010 室內裝潢業；E901010 油漆工程業；E801070 廚具、衛浴設備安裝工程業；E801020 門窗安裝工程業；E801030 室內輕鋼架工程業,臺北市,變更,11506
90465887,睿方企業管理諮詢股份有限公司,臺北市信義區忠孝東路5段68號14樓,黃良傑,5000000,,115/06/17,改派董事/監察人,I102010 投資顧問業；I103060 管理顧問業；IG03010 能源技術服務業；ZZ99999 除許可業務外，得經營法令非禁止或限制之業務,臺北市,變更,11506
90465893,合利他命藥品股份有限公司,臺北市大安區敦化南路2段39號3樓,大橋武,29000000,,115/06/16,特殊補正,F108021 西藥批發業；F208021 西藥零售業；F102170 食品什貨批發業；F102040 飲料批發業；F121010 食品添加物批發業；F203010 食品什貨、飲料零售業；F221010 食品添加物零售業；F401010 國際貿易業；ZZ99999 除許可業務外，得經營法令非禁止或限制之業務,臺北市,變更,11506
90467077,興翔建設股份有限公司,臺北市大安區敦化南路2段128號11樓之6,黃兆田,50000000,,115/06/08,特殊補正,E801010 室內裝潢業；E801020 門窗安裝工程業；E801030 室內輕鋼架工程業；E801040 玻璃安裝工程業；E801070 廚具、衛浴設備安裝工程業；E901010 油漆工程業；E903010 防蝕、防銹工程業；F106010 五金批發業；F111090 建材批發業；F211010 建材零售業,臺北市,變更,11506
90467180,宏濤工程顧問有限公司,臺北市內湖區康樂街186巷33號地下之3,李位育,1650000,,115/06/17,特殊補正,I101061 工程技術顧問業；I101070 農、林、漁、畜牧顧問業；I101080 工、礦顧問業；I103060 管理顧問業；I199990 其他顧問服務業；I301010 資訊軟體服務業；I301020 資料處理服務業；I301030 電子資訊供應服務業；I503010 景觀、室內設計業；I504010 花藝設計業,臺北市,變更,11506
90468688,金律科技股份有限公司,臺北市松山區復興北路167號12樓之1,林敬堯,4024820,,115/06/04,特殊補正,F118010 資訊軟體批發業；F218010 資訊軟體零售業；I301010 資訊軟體服務業；I301020 資料處理服務業；I301030 電子資訊供應服務業；J399010 軟體出版業；ZZ99999 除許可業務外，得經營法令非禁止或限制之業務,臺北市,變更,11506
90469737,雲諾運動文教股份有限公司,臺北市內湖區瑞光路618號2樓之1,劉晉良,445937000,,115/06/04,特殊補正,F104110 布疋、衣著、鞋、帽、傘、服飾品批發業；F109070 文教、樂器、育樂用品批發業；F203010 食品什貨、飲料零售業；F203020 菸酒零售業；F203030 酒精零售業；F204110 布疋、衣著、鞋、帽、傘、服飾品零售業；F209060 文教、樂器、育樂用品零售業；F401010 國際貿易業；I301010 資訊軟體服務業；I301020 資料處理服務業,臺北市,變更,11506
90475421,全球詠旭投資股份有限公司,臺北市松山區八德路2段399號7樓之10,張耘瑄,6000000,,115/06/24,修正章程,H201010 一般投資業,臺北市,變更,11506
90475436,元世紀投資股份有限公司,臺北市松山區八德路2段399號7樓之10,張耘睿,6000000,,115/06/24,修正章程,H201010 一般投資業,臺北市,變更,11506
90476126,銀網投資股份有限公司,臺北市信義區基隆路1段206號16樓,馬維欣,250000000,,115/06/23,增資(資本總額),H201010 一般投資業；ZZ99999 除許可業務外，得經營法令非禁止或限制之業務,臺北市,變更,11506
90481248,季節智能應用股份有限公司,臺北市中正區忠孝東路2段100號3樓之5,周劤坣,3000000,,115/06/11,補繳規費,I401010 一般廣告服務業；I501010 產品設計業；I599990 其他設計業；I105010 藝術品諮詢顧問業；JZ99050 仲介服務業；F104110 布疋、衣著、鞋、帽、傘、服飾品批發業；F105050 家具、寢具、廚房器具、裝設品批發業；F106020 日常用品批發業；F109070 文教、樂器、育樂用品批發業；F115010 首飾及貴金屬批發業,臺北市,變更,11506
90481541,東和居家有限公司,臺北市松山區南京東路4段170號4樓之2,林溦,6000000,,115/06/18,特殊補正,JH01011 居家式服務業；IZ12010 人力派遣業；J101010 建築物清潔服務業；J202010 產業育成業；I102010 投資顧問業；I103060 管理顧問業；I199990 其他顧問服務業；I301010 資訊軟體服務業；I401010 一般廣告服務業；IZ15010 市場研究及民意調查業,臺北市,變更,11506
90483999,森林甜點股份有限公司,臺北市大安區仁愛路4段91巷12號,王韻怡,10000000,,115/06/09,特殊補正,C104010 糖果製造業；C104020 烘焙炊蒸食品製造業；F102040 飲料批發業；F102050 茶葉批發業；F102170 食品什貨批發業；F203010 食品什貨、飲料零售業；F399040 無店面零售業；F401010 國際貿易業；F501030 飲料店業；F501990 其他餐飲業,臺北市,變更,11506
90491745,資展國際股份有限公司,臺北市大安區復興南路1段390號15樓,應文逡,98000000,,115/06/29,特殊補正,F118010 資訊軟體批發業；F209060 文教、樂器、育樂用品零售業；F213030 電腦及事務性機器設備零售業；I103060 管理顧問業；I301010 資訊軟體服務業；I301020 資料處理服務業；I301030 電子資訊供應服務業；IZ13010 網路認證服務業；J202010 產業育成業；J303010 雜誌（期刊）出版業,臺北市,變更,11506
90494047,珂珞璽國際有限公司,臺北市中正區南陽街24號2樓,劉怡君,6000000,,115/06/09,增資,F108040 化粧品批發業；F208040 化粧品零售業；F221010 食品添加物零售業；F299990 其他零售業；F399040 無店面零售業；F399990 其他綜合零售業；F401010 國際貿易業；IG01010 生物技術服務業；JZ99080 美容美髮服務業；JZ99110 瘦身美容業,臺北市,變更,11506
90501125,美十高台灣有限公司,臺北市大安區忠孝東路4段162號9樓之1,陳祖明,200000,,115/06/11,特殊補正,F102030 菸酒批發業；F102040 飲料批發業；F102170 食品什貨批發業；F104110 布疋、衣著、鞋、帽、傘、服飾品批發業；F106020 日常用品批發業；F108040 化粧品批發業；F203010 食品什貨、飲料零售業；F203020 菸酒零售業；F204110 布疋、衣著、鞋、帽、傘、服飾品零售業；F206020 日常用品零售業,臺北市,變更,11506
90501151,安迪酒藏股份有限公司,臺北市松山區富錦街423號1樓,王昌凌,10000000,,115/06/23,特殊補正,F102030 菸酒批發業；F102040 飲料批發業；F102170 食品什貨批發業；F203010 食品什貨、飲料零售業；F203020 菸酒零售業；F206020 日常用品零售業；F401161 菸類輸入業；F401171 酒類輸入業；F401010 國際貿易業；F399990 其他綜合零售業,臺北市,變更,11506
90502145,椛堤國際有限公司,臺北市大安區忠孝東路4段205巷14號1樓,王子軒,2000000,,115/06/18,特殊補正,F115010 首飾及貴金屬批發業；F215010 首飾及貴金屬零售業；F104110 布疋、衣著、鞋、帽、傘、服飾品批發業；F204110 布疋、衣著、鞋、帽、傘、服飾品零售業；F108040 化粧品批發業；F208040 化粧品零售業；I501010 產品設計業；I502010 服飾設計業；I504010 花藝設計業；I599990 其他設計業,臺北市,變更,11506
90509506,光合美新創事業股份有限公司,臺北市松山區敦化北路207號11樓,曹玥卿,20000000,,115/06/30,特殊補正,I199990 其他顧問服務業；I599990 其他設計業；IG02010 研究發展服務業；IG03010 能源技術服務業；IZ99990 其他工商服務業；J202010 產業育成業；JZ99990 未分類其他服務業；ZZ99999 除許可業務外，得經營法令非禁止或限制之業務,臺北市,變更,11506
90511756,明泰能源股份有限公司,臺北市大安區復興南路1段259號8樓之1,王秀鈞,10000000,,115/06/12,特殊補正,CC01010 發電、輸電、配電機械製造業；D101060 再生能源自用發電設備業；E605010 電腦設備安裝業；E606010 用電設備檢驗維護業；E607010 太陽熱能設備安裝工程業；I102010 投資顧問業；I103060 管理顧問業；I199990 其他顧問服務業；IG03010 能源技術服務業；ZZ99999 除許可業務外，得經營法令非禁止或限制之業務,臺北市,變更,11506
90511897,希望製造有限公司,臺北市大同區民生西路404號2樓,吳凱霖,50000,,115/06/24,股東出資轉讓修正章程,F209060 文教、樂器、育樂用品零售業；F109070 文教、樂器、育樂用品批發業；F401010 國際貿易業；F203010 食品什貨、飲料零售業；F102170 食品什貨批發業；F113020 電器批發業；F213010 電器零售業；JE01010 租賃業；F104110 布疋、衣著、鞋、帽、傘、服飾品批發業；F204110 布疋、衣著、鞋、帽、傘、服飾品零售業,臺北市,變更,11506
90516464,宜家潔淨守護股份有限公司,臺北市南港區南港路2段99之8號,蔡有驊,2000000,,115/06/25,改選董事/監察人(一人法人股東指派董事/監察人),J101020 病媒防治業；J101030 廢棄物清除業；J101990 其他環境衛生及污染防治服務業；JA03010 洗衣業；JZ99050 仲介服務業；JZ99990 未分類其他服務業；J101010 建築物清潔服務業；I199990 其他顧問服務業；I401010 一般廣告服務業；IZ12010 人力派遣業,臺北市,變更,11506
90516725,有璽美學室內裝修有限公司,臺北市大安區羅斯福路3段29號6樓,蘇郁婷,1000000,,115/06/16,特殊補正,CN01010 家具及裝設品製造業；E599010 配管工程業；E601010 電器承裝業；E601020 電器安裝業；E801010 室內裝潢業；E801020 門窗安裝工程業；E801030 室內輕鋼架工程業；E801040 玻璃安裝工程業；E801060 室內裝修業；E801070 廚具、衛浴設備安裝工程業,臺北市,變更,11506
90517463,融盛貿易股份有限公司,臺北市中山區農安街1巷6之8號,陳劍榮,26000000,,115/06/01,特殊補正,F101130 蔬果批發業；F101050 水產品批發業；F102030 菸酒批發業；F102020 食用油脂批發業；F102040 飲料批發業；F102050 茶葉批發業；F102170 食品什貨批發業；F104110 布疋、衣著、鞋、帽、傘、服飾品批發業；F106020 日常用品批發業；F107030 清潔用品批發業,臺北市,變更,11506
90524372,贊贊有限公司,臺北市大安區敦化南路1段225號7樓之2,鍾雯,600000,,115/06/09,特殊補正,F102170 食品什貨批發業；F104110 布疋、衣著、鞋、帽、傘、服飾品批發業；F105050 家具、寢具、廚房器具、裝設品批發業；F106020 日常用品批發業；F108040 化粧品批發業；F109070 文教、樂器、育樂用品批發業；F110010 鐘錶批發業；F110020 眼鏡批發業；F115010 首飾及貴金屬批發業；F203010 食品什貨、飲料零售業,臺北市,變更,11506
90525055,微電四號股份有限公司,臺北市信義區忠孝東路5段68號14樓,黃良傑,15000000,,115/06/10,票據兌現/他機關函復/補正,I103060 管理顧問業；IG03010 能源技術服務業；ZZ99999 除許可業務外，得經營法令非禁止或限制之業務,臺北市,變更,11506
90528291,瑞士商福維克有限公司,臺北市中正區忠孝西路1段80號16樓,林治平,151000000,,115/06/03,一般補正案,CC01030 電器及視聽電子產品製造業；E601020 電器安裝業；E801070 廚具、衛浴設備安裝工程業；F105050 家具、寢具、廚房器具、裝設品批發業；F106040 水器材料批發業；F113020 電器批發業；F205040 家具、寢具、廚房器具、裝設品零售業；F206040 水器材料零售業；F213010 電器零售業；F399990 其他綜合零售業,臺北市,變更,11506
90531269,至偉科技股份有限公司,臺北市大安區敦化南路2段11巷8號4樓,凃俊光,318797000,,115/06/26,特殊補正,H201010 一般投資業；F601010 智慧財產權業；I103060 管理顧問業；I199990 其他顧問服務業；I401010 一般廣告服務業；IZ99990 其他工商服務業；J202010 產業育成業；F119010 電子材料批發業；F213030 電腦及事務性機器設備零售業；F219010 電子材料零售業,臺北市,變更,11506
90532339,拓布拉信息技術有限公司,臺北市大安區敦化南路2段19號5樓,Netanel Yifrach,300000,,115/06/09,補繳規費,I301010 資訊軟體服務業；I301030 電子資訊供應服務業；I401010 一般廣告服務業；ZZ99999 除許可業務外，得經營法令非禁止或限制之業務,臺北市,變更,11506
90537658,智能創新股份有限公司,臺北市中山區民生東路3段2號7樓,紀富元,1880000000,,115/06/25,補繳規費,H201010 一般投資業；ZZ99999 除許可業務外，得經營法令非禁止或限制之業務,臺北市,變更,11506
90537799,森勝有限公司,臺北市松山區民生東路3段127巷6號,朱維正,500000,,115/06/30,股東出資轉讓修正章程,F102170 食品什貨批發業；F203010 食品什貨、飲料零售業；F203020 菸酒零售業；F401010 國際貿易業；F501030 飲料店業；F501060 餐館業；F501990 其他餐飲業；I101090 食品顧問業；ZZ99999 除許可業務外，得經營法令非禁止或限制之業務,臺北市,變更,11506
90538122,偉勝文創娛樂有限公司,臺北市信義區信義路4段456號6樓,陳昱廷,1000000,,115/06/15,特殊補正,F102030 菸酒批發業；F104110 布疋、衣著、鞋、帽、傘、服飾品批發業；F204110 布疋、衣著、鞋、帽、傘、服飾品零售業；F209060 文教、樂器、育樂用品零售業；I103060 管理顧問業；I105010 藝術品諮詢顧問業；I301020 資料處理服務業；I401010 一般廣告服務業；I501010 產品設計業；IZ12010 人力派遣業,臺北市,變更,11506
90538880,藝嚮股份有限公司,臺北市中山區復興北路48號5樓,陳守勇,2000000,,115/06/24,特殊補正,F204110 布疋、衣著、鞋、帽、傘、服飾品零售業；F208040 化粧品零售業；JZ99050 仲介服務業；JE01010 租賃業；J601010 藝文服務業；J602010 演藝活動業；J799990 其他休閒服務業；J803010 運動表演業；J803020 運動比賽業；ZZ99999 除許可業務外，得經營法令非禁止或限制之業務,臺北市,變更,11506
90539683,偉鉅股份有限公司,臺北市中山區民權東路3段35號8樓之1,趙桓履,70000000,,115/06/08,特殊補正,F108040 化粧品批發業；F118010 資訊軟體批發業；F208040 化粧品零售業；F401010 國際貿易業；I199990 其他顧問服務業；I301010 資訊軟體服務業；I401010 一般廣告服務業；F108031 醫療器材批發業；F208031 醫療器材零售業；F108021 西藥批發業,臺北市,變更,11506
90543455,鋐凱亞太股份有限公司,臺北市信義區忠孝東路5段510號11樓之2,陳仁爵John R.Chen,300000,,115/06/25,董事/監察人持股變動報備,CB01010 機械設備製造業；CB01990 其他機械製造業；F113010 機械批發業；F113990 其他機械器具批發業；F213080 機械器具零售業；F213990 其他機械器具零售業；F106010 五金批發業；F206010 五金零售業；F401010 國際貿易業；F401091 槍砲彈藥刀械輸出入業,臺北市,變更,11506
90543791,境玠國際有限公司,臺北市松山區南京東路3段287號2樓,林文箱,5000000,,115/06/15,增資,F401010 國際貿易業；F107200 化學原料批發業；F107010 漆料、塗料批發業；F107020 染料、顏料批發業；F107170 工業助劑批發業；F107990 其他化學製品批發業；F108040 化粧品批發業；F111090 建材批發業；F102170 食品什貨批發業；F113990 其他機械器具批發業,臺北市,變更,11506
90544996,旭一投資股份有限公司,臺北市中正區新生南路1段50號10樓,江佳純,25200000,,115/06/01,特殊補正,H201010 一般投資業,臺北市,變更,11506
90545088,馥驊國際有限公司,臺北市中山區南京東路1段52號2樓,徐珮華,1000000,,115/06/26,特殊補正,F399040 無店面零售業；F399990 其他綜合零售業；F401010 國際貿易業；H703120 自助儲物空間業；HZ99990 其他金融、保險及不動產業；I501010 產品設計業；I599990 其他設計業；IZ99990 其他工商服務業；IZ06010 理貨包裝業；JZ99990 未分類其他服務業,臺北市,變更,11506
90545257,北悅股份有限公司,臺北市松山區南京東路4段170號5樓,蘇悅,4613330,,115/06/25,特殊補正,F104110 布疋、衣著、鞋、帽、傘、服飾品批發業；F105050 家具、寢具、廚房器具、裝設品批發業；F108040 化粧品批發業；F102170 食品什貨批發業；F204110 布疋、衣著、鞋、帽、傘、服飾品零售業；F205040 家具、寢具、廚房器具、裝設品零售業；F208040 化粧品零售業；F203010 食品什貨、飲料零售業；F399040 無店面零售業；F401010 國際貿易業,臺北市,變更,11506
90547797,深時國際有限公司,臺北市中正區重慶南路3段38號,胡淳安,3000000,,115/06/23,增資,F104110 布疋、衣著、鞋、帽、傘、服飾品批發業；F105050 家具、寢具、廚房器具、裝設品批發業；F106010 五金批發業；F106020 日常用品批發業；F106050 陶瓷玻璃器皿批發業；F109070 文教、樂器、育樂用品批發業；F204110 布疋、衣著、鞋、帽、傘、服飾品零售業；F205040 家具、寢具、廚房器具、裝設品零售業；F206010 五金零售業；F206020 日常用品零售業,臺北市,變更,11506
90547993,豊強科技股份有限公司,臺北市大安區忠孝東路4段142號11樓之6,陳信維,1000000,,115/06/15,特殊補正,E605010 電腦設備安裝業；F113020 電器批發業；F118010 資訊軟體批發業；F119010 電子材料批發業；F213060 電信器材零售業；F213080 機械器具零售業；F213030 電腦及事務性機器設備零售業；F218010 資訊軟體零售業；F219010 電子材料零售業；I103060 管理顧問業,臺北市,變更,11506
90548120,陳超宏設計有限公司,臺北市大安區和平東路3段78號2樓,陳超宏,6000000,,115/06/16,補繳規費,I401010 一般廣告服務業；I301020 資料處理服務業；I501010 產品設計業；I103060 管理顧問業,臺北市,變更,11506
90550693,慧康數位醫療器材有限公司,臺北市內湖區瑞光路478巷18弄34號4樓,鄧居義,180000000,,115/06/16,增資,E701030 電信管制射頻器材裝設工程業；F108031 醫療器材批發業；F113020 電器批發業；F113050 電腦及事務性機器設備批發業；F113070 電信器材批發業；F118010 資訊軟體批發業；F208031 醫療器材零售業；F213010 電器零售業；F213030 電腦及事務性機器設備零售業；F213060 電信器材零售業,臺北市,變更,11506
90551026,阿挪亞科技有限公司,臺北市中山區南京東路1段86號7樓之4,李康程,6500000,,115/06/18,公司所在地,I301010 資訊軟體服務業,臺北市,變更,11506
90554918,八貫投資開發股份有限公司,臺北市松山區敦化南路1段7號5樓,簡言澄,25000000,,115/06/05,特殊補正,H701010 住宅及大樓開發租售業；H701020 工業廠房開發租售業；H701040 特定專業區開發業；H701050 投資興建公共建設業；H701060 新市鎮、新社區開發業；H701070 區段徵收及市地重劃代辦業；H701080 都市更新重建業；H701090 都市更新整建維護業；H702010 建築經理業；H703090 不動產買賣業,臺北市,變更,11506
90555120,合家國際行銷有限公司,臺北市松山區八德路4段604號2樓之15,林東慶,29900000,,115/06/16,特殊補正,I401010 一般廣告服務業；I501010 產品設計業；I301010 資訊軟體服務業；I301020 資料處理服務業；I103060 管理顧問業；IZ99990 其他工商服務業；ZZ99999 除許可業務外，得經營法令非禁止或限制之業務,臺北市,變更,11506
90568666,大福科技有限公司,臺北市信義區忠孝東路5段669號5樓之1,林明珠,1000000,,115/06/29,特殊補正,F102020 食用油脂批發業；F102170 食品什貨批發業；F104110 布疋、衣著、鞋、帽、傘、服飾品批發業；F105050 家具、寢具、廚房器具、裝設品批發業；F106020 日常用品批發業；F106040 水器材料批發業；F108040 化粧品批發業；F109070 文教、樂器、育樂用品批發業；F113020 電器批發業；F113050 電腦及事務性機器設備批發業,臺北市,變更,11506
90578355,酷特科技股份有限公司,臺北市大同區承德路1段17號10樓之8,邱品婕,42700000,,115/06/10,特殊補正,F113050 電腦及事務性機器設備批發業；F213030 電腦及事務性機器設備零售業；I301010 資訊軟體服務業；I301030 電子資訊供應服務業；F113070 電信器材批發業；F119010 電子材料批發業；F401010 國際貿易業；I501010 產品設計業；CC01080 電子零組件製造業；CC01060 有線通信機械器材製造業,臺北市,變更,11506
90579354,合向室內裝修設計有限公司,臺北市大安區忠孝東路3段100號4樓,曾林弘,3000000,,115/06/18,公司所在地,E801010 室內裝潢業；E801020 門窗安裝工程業；E801030 室內輕鋼架工程業；E801040 玻璃安裝工程業；E801060 室內裝修業；E801070 廚具、衛浴設備安裝工程業；F105050 家具、寢具、廚房器具、裝設品批發業；F111090 建材批發業；F399040 無店面零售業；F401010 國際貿易業,臺北市,變更,11506
90579360,艾邁格股份有限公司,臺北市松山區復興北路143號7樓,呂亨律,48370000,,115/06/01,增資(資本總額),C701010 印刷業；C702010 製版業；C703010 印刷品裝訂及加工業；I301010 資訊軟體服務業；I301020 資料處理服務業；I301030 電子資訊供應服務業；I401010 一般廣告服務業；I401020 廣告傳單分送業；I501010 產品設計業；IZ10010 排版業,臺北市,變更,11506
90580021,友藏有限公司,臺北市大同區延平北路4段179巷2號,陳柏佑,2000000,,115/06/11,特殊補正,F102030 菸酒批發業；F102040 飲料批發業；F203010 食品什貨、飲料零售業；F203020 菸酒零售業；F401010 國際貿易業；F102170 食品什貨批發業；F106020 日常用品批發業；ZZ99999 除許可業務外，得經營法令非禁止或限制之業務；F204110 布疋、衣著、鞋、帽、傘、服飾品零售業；F206020 日常用品零售業,臺北市,變更,11506
90588641,力合量電子股份有限公司,臺北市中山區南京東路3段70號7樓,黃崇仁,460000000,,115/06/03,特殊補正,CC01110 電腦及其週邊設備製造業；CC01080 電子零組件製造業；CC01120 資料儲存媒體製造及複製業；F119010 電子材料批發業；F219010 電子材料零售業；F113050 電腦及事務性機器設備批發業；F213030 電腦及事務性機器設備零售業；F118010 資訊軟體批發業；F218010 資訊軟體零售業；F113070 電信器材批發業,臺北市,變更,11506
90595734,狸樂匠室內裝修工程股份有限公司,臺北市中山區南京東路3段118號7樓之3,陳慧婷,1000000,,115/06/23,特殊補正,E599010 配管工程業；E601010 電器承裝業；E601020 電器安裝業；E603010 電纜安裝工程業；E603020 電梯安裝工程業；E603040 消防安全設備安裝工程業；E607010 太陽熱能設備安裝工程業；E801010 室內裝潢業；E801020 門窗安裝工程業；E801030 室內輕鋼架工程業,臺北市,變更,11506
90602783,九日數位有限公司,臺北市大安區和平東路3段308巷11號1樓,卓旭方,100000,,115/06/15,特殊補正,I301010 資訊軟體服務業；I301020 資料處理服務業；I199990 其他顧問服務業；ZZ99999 除許可業務外，得經營法令非禁止或限制之業務,臺北市,變更,11506
90603143,二十一世紀數位科技股份有限公司,臺北市信義區基隆路1段163號5樓之2,周厚宇,1201000000,,115/06/30,一般補正案,E605010 電腦設備安裝業；F113020 電器批發業；F113050 電腦及事務性機器設備批發業；F113070 電信器材批發業；F118010 資訊軟體批發業；F119010 電子材料批發業；F201050 漁具零售業；F205040 家具、寢具、廚房器具、裝設品零售業；F206020 日常用品零售業；F206050 寵物食品及其用品零售業,臺北市,變更,11506
90603684,正念培訓有限公司,臺北市大同區甘谷街26號5樓,林怡辰,1000000,,115/06/30,公司所在地,I103060 管理顧問業；J202010 產業育成業；I301030 電子資訊供應服務業；J305010 有聲出版業；F401010 國際貿易業；IG02010 研究發展服務業；I199990 其他顧問服務業；ZZ99999 除許可業務外，得經營法令非禁止或限制之業務,臺北市,變更,11506
90606628,毛公鼎有限公司,臺北市北投區大業路506號2樓,胡筱玲,500000,,115/06/17,特殊補正,C701010 印刷業；F104110 布疋、衣著、鞋、帽、傘、服飾品批發業；F204110 布疋、衣著、鞋、帽、傘、服飾品零售業；F399040 無店面零售業；F401010 國際貿易業；F601010 智慧財產權業；H701010 住宅及大樓開發租售業；H701020 工業廠房開發租售業；H701050 投資興建公共建設業；H701060 新市鎮、新社區開發業,臺北市,變更,11506
90607458,盈泇倉儲有限公司,臺北市中山區長安東路2段162號7樓,蔡政憲,2000000,,115/06/24,公司所在地,G801010 倉儲業；JA01990 其他汽車服務業；F401010 國際貿易業；ZZ99999 除許可業務外，得經營法令非禁止或限制之業務,臺北市,變更,11506
90607871,鼎毅資產有限公司,臺北市南港區三重路19之2號6樓,鄭莃平,20000000,,115/06/18,補繳規費,F108040 化粧品批發業；F213030 電腦及事務性機器設備零售業；F208040 化粧品零售業；F113050 電腦及事務性機器設備批發業；F399990 其他綜合零售業；F401010 國際貿易業；H201010 一般投資業；H202010 創業投資業；I102010 一般投資顧問業；I103060 管理顧問業,臺北市,變更,11506
90610550,威力聯合股份有限公司,臺北市大安區復興南路1段368之1號6樓,TAN SENG LEONG,1000000,,115/06/02,董事(常務董事.董事長)/監察人解任,E606010 用電設備檢驗維護業；F113010 機械批發業；F113020 電器批發業；F113030 精密儀器批發業；F113110 電池批發業；F213110 電池零售業；F213010 電器零售業；F113990 其他機械器具批發業；F213040 精密儀器零售業；F213990 其他機械器具零售業,臺北市,變更,11506
90611208,造雨資本管理顧問股份有限公司,臺北市信義區吳興街118巷35弄3號1樓,邱翊雲,200000,,115/06/26,特殊補正,I102010 投資顧問業；I103060 管理顧問業；JD01010 工商徵信服務業；ZZ99999 除許可業務外，得經營法令非禁止或限制之業務,臺北市,變更,11506
90611489,鱻洋國際有限公司,臺北市大安區忠孝東路4段162號12樓之3,葉趙月春,150000,,115/06/22,特殊補正,F101050 水產品批發業；F101130 蔬果批發業；F101990 其他農、畜、水產品批發業；F102030 菸酒批發業；F102040 飲料批發業；F102050 茶葉批發業；F102170 食品什貨批發業；F103010 飼料批發業；F104110 布疋、衣著、鞋、帽、傘、服飾品批發業；F105050 家具、寢具、廚房器具、裝設品批發業,臺北市,變更,11506
90614922,舒富康股份有限公司,臺北市松山區八德路4段697號3樓,張君儀,5000000,,115/06/10,特殊補正,I199990 其他顧問服務業；ZZ99999 除許可業務外，得經營法令非禁止或限制之業務；I101090 食品顧問業；IZ06010 理貨包裝業；JE01010 租賃業；JA02010 電器及電子產品修理業；I103060 管理顧問業；F208031 醫療器材零售業；F401010 國際貿易業；F399990 其他綜合零售業,臺北市,變更,11506
90615252,微智安聯股份有限公司,臺北市大安區信義路2段88號7樓之1,高志明,45766670,,115/06/23,增資(資本總額),E605010 電腦設備安裝業；F113050 電腦及事務性機器設備批發業；F118010 資訊軟體批發業；F119010 電子材料批發業；F213030 電腦及事務性機器設備零售業；F218010 資訊軟體零售業；F219010 電子材料零售業；I103060 管理顧問業；I301010 資訊軟體服務業；I301020 資料處理服務業,臺北市,變更,11506
90616196,美來衣特國際貿易股份有限公司,臺北市大安區信義路4段1號4樓之1,張彦鑫,2000000,,115/06/24,改選董事/監察人(一人法人股東指派董事/監察人),F102170 食品什貨批發業；F104110 布疋、衣著、鞋、帽、傘、服飾品批發業；F105050 家具、寢具、廚房器具、裝設品批發業；F106020 日常用品批發業；F203010 食品什貨、飲料零售業；F204110 布疋、衣著、鞋、帽、傘、服飾品零售業；F205040 家具、寢具、廚房器具、裝設品零售業；F206020 日常用品零售業；F208040 化粧品零售業；F399040 無店面零售業,臺北市,變更,11506
90620023,網三數據有限公司,臺北市信義區信義路4段415號14樓之1,涂立青,1648712,,115/06/17,特殊補正,I301010 資訊軟體服務業；I301020 資料處理服務業；I301030 電子資訊供應服務業；I501010 產品設計業；I401010 一般廣告服務業；ZZ99999 除許可業務外，得經營法令非禁止或限制之業務；IZ12010 人力派遣業；J202010 產業育成業；J601010 藝文服務業；J602010 演藝活動業,臺北市,變更,11506
90620277,心寓國際有限公司,臺北市中正區重慶南路1段83號6樓,蔡侑紘,1000000,,115/06/09,特殊補正,F104110 布疋、衣著、鞋、帽、傘、服飾品批發業；F204110 布疋、衣著、鞋、帽、傘、服飾品零售業；F108040 化粧品批發業；F208040 化粧品零售業；F109070 文教、樂器、育樂用品批發業；F209060 文教、樂器、育樂用品零售業；F208050 乙類成藥零售業；F401010 國際貿易業；F102170 食品什貨批發業；F203010 食品什貨、飲料零售業,臺北市,變更,11506
90623324,一易肆久有限公司,臺北市中山區建國北路2段1號7樓,姚潔琪,6000000,,115/06/15,特殊補正,F104110 布疋、衣著、鞋、帽、傘、服飾品批發業；F204110 布疋、衣著、鞋、帽、傘、服飾品零售業；F401010 國際貿易業,臺北市,變更,11506
90623529,盛光整合行銷有限公司,臺北市大安區忠孝東路4段148號11樓之6,熊健華,5000000,,115/06/11,特殊補正,J602010 演藝活動業；I501010 產品設計業；I401010 一般廣告服務業；IZ99990 其他工商服務業；I301010 資訊軟體服務業；I301020 資料處理服務業；I301030 電子資訊供應服務業；I301040 第三方支付服務業；JB01010 會議及展覽服務業；F399040 無店面零售業,臺北市,變更,11506
90623719,加一制作室內裝修有限公司,臺北市中山區松江路485號1樓,林家義,3000000,,115/06/04,股東出資轉讓修正章程,I503010 景觀、室內設計業；E801010 室內裝潢業；E801060 室內裝修業；E801020 門窗安裝工程業；E801030 室內輕鋼架工程業；E801040 玻璃安裝工程業；E801070 廚具、衛浴設備安裝工程業；E901010 油漆工程業；E601020 電器安裝業；E603040 消防安全設備安裝工程業,臺北市,變更,11506
90623886,豐潤餐飲有限公司,臺北市大同區重慶北路2段74號3樓,陳家宏,6000000,,115/06/23,公司所在地,F101040 家畜家禽批發業；F101050 水產品批發業；F101130 蔬果批發業；F101990 其他農、畜、水產品批發業；F102020 食用油脂批發業；F102030 菸酒批發業；F102040 飲料批發業；F102170 食品什貨批發業；F201010 農產品零售業；F201020 畜產品零售業,臺北市,變更,11506
90632506,幸福的一天餐飲股份有限公司,臺北市信義區基隆路1段143號5樓之8,蔡政強,9000000,,115/06/30,修正章程,F102170 食品什貨批發業；F102030 菸酒批發業；F113010 機械批發業；F113020 電器批發業；F113030 精密儀器批發業；F213010 電器零售業；F213030 電腦及事務性機器設備零售業；F213040 精密儀器零售業；F213080 機械器具零售業；F203020 菸酒零售業,臺北市,變更,11506
90633688,以勒廣告行銷有限公司,臺北市文山區政大二街171巷60號4樓,張陳弘,500000,,115/06/11,特殊補正,H703090 不動產買賣業；H703100 不動產租賃業；E801010 室內裝潢業；E801020 門窗安裝工程業；E801030 室內輕鋼架工程業；E801040 玻璃安裝工程業；E801070 廚具、衛浴設備安裝工程業；E901010 油漆工程業；E903010 防蝕、防銹工程業；F105050 家具、寢具、廚房器具、裝設品批發業,臺北市,變更,11506
90634048,志昌資產管理股份有限公司,臺北市中山區長安東路2段80號10樓之1,連偉策,500000,,115/06/02,增資(資本總額),H703100 不動產租賃業；G202010 停車場經營業；IZ12010 人力派遣業；JE01010 租賃業；ZZ99999 除許可業務外，得經營法令非禁止或限制之業務,臺北市,變更,11506
90638311,展聿管理顧問股份有限公司,臺北市大安區光復南路626號6樓之2,王仕偉,2000000,,115/06/29,特殊補正,H703100 不動產租賃業；I103060 管理顧問業；I199990 其他顧問服務業；ZZ99999 除許可業務外，得經營法令非禁止或限制之業務,臺北市,變更,11506
90642841,王木木有限公司,臺北市中正區汀州路3段275號1樓,,6200000,,115/06/11,解散,F501060 餐館業；F102170 食品什貨批發業；F203010 食品什貨、飲料零售業,臺北市,變更,11506
90646918,菲婷絲台灣股份有限公司,臺北市中正區仁愛路2段99號7樓,和田優一（Yuichi Wada）,133500000,,115/06/08,特殊補正,C802090 清潔用品製造業；C802100 化粧品製造業；F102040 飲料批發業；F102170 食品什貨批發業；F107030 清潔用品批發業；F108040 化粧品批發業；F203010 食品什貨、飲料零售業；F207030 清潔用品零售業；F208040 化粧品零售業；F401010 國際貿易業,臺北市,變更,11506
90648535,俱峰廣告行銷有限公司,臺北市松山區八德路4段697號2樓之1,盧勤,400000,,115/06/12,特殊補正,I401010 一般廣告服務業；J503040 廣播電視廣告業；J503020 電視節目製作業；J304010 圖書出版業；J303010 雜誌（期刊）出版業；ZZ99999 除許可業務外，得經營法令非禁止或限制之業務,臺北市,變更,11506
90655508,水無月有限公司,臺北市萬華區中華路1段68號13樓,蕭漢璋,6500000,,115/06/10,特殊補正,IG03010 能源技術服務業；D101060 再生能源自用發電設備業；F113030 精密儀器批發業；I501010 產品設計業；ZZ99999 除許可業務外，得經營法令非禁止或限制之業務,臺北市,變更,11506
90655556,玥盛企業有限公司,臺北市中正區重慶南路1段66之1號10樓,林素如,2000000,,115/06/18,股東出資轉讓修正章程,F102170 食品什貨批發業；F108040 化粧品批發業；F109070 文教、樂器、育樂用品批發業；F113050 電腦及事務性機器設備批發業；F208040 化粧品零售業；F209060 文教、樂器、育樂用品零售業；F213010 電器零售業；F213030 電腦及事務性機器設備零售業；F219010 電子材料零售業；F399040 無店面零售業,臺北市,變更,11506
90655991,惠能能源設備股份有限公司,臺北市中正區漢口街1段85號4樓之4,楊淞壹,42000000,,115/06/10,補繳規費,F113020 電器批發業；F113050 電腦及事務性機器設備批發業；F113110 電池批發業；F119010 電子材料批發業；F213010 電器零售業；F213030 電腦及事務性機器設備零售業；F213040 精密儀器零售業；F213080 機械器具零售業；F213990 其他機械器具零售業；F219010 電子材料零售業,臺北市,變更,11506
90656529,捷玻國際有限公司,臺北市中正區信義路2段213號9樓,王晉聲,3500000,,115/06/25,特殊補正,F401010 國際貿易業；F102040 飲料批發業；F203010 食品什貨、飲料零售業；F108040 化粧品批發業；F208040 化粧品零售業；C110010 飲料製造業；C102010 乳品製造業；C802100 化粧品製造業；C802090 清潔用品製造業,臺北市,變更,11506
90667526,阿爾卑斯智慧科技股份有限公司,臺北市大安區羅斯福路3段29號6樓,林里美,33900000,,115/06/03,特殊補正,A401010 畜牧場經營業；A401020 家畜禽飼育業；A401040 畜牧服務業；C201010 飼料製造業；E604010 機械安裝業；E605010 電腦設備安裝業；EZ05010 儀器、儀表安裝工程業；F101040 家畜家禽批發業；F101990 其他農、畜、水產品批發業；F103010 飼料批發業,臺北市,變更,11506
90667531,創新宇宙股份有限公司,臺北市中山區民生東路三段2號7樓,紀富元,4400000000,,115/06/15,補繳規費,H703100 不動產租賃業；H703090 不動產買賣業；ZZ99999 除許可業務外，得經營法令非禁止或限制之業務,臺北市,變更,11506
90668519,參拾數位整合有限公司,臺北市信義區信義路4段415號7樓之3,王宇煬,500000,,115/06/23,特殊補正,I301010 資訊軟體服務業；I301030 電子資訊供應服務業；I301020 資料處理服務業；I301040 第三方支付服務業；I401010 一般廣告服務業；I501010 產品設計業；F118010 資訊軟體批發業；I103060 管理顧問業；F299990 其他零售業；F399040 無店面零售業,臺北市,變更,11506
90668546,沛飛股份有限公司,臺北市中山區南京東路3段101號4樓,陳靜儀,2000000,,115/06/05,特殊補正,I301010 資訊軟體服務業；I301020 資料處理服務業；I301030 電子資訊供應服務業；F401010 國際貿易業；IZ09010 管理系統驗證業；IZ13010 網路認證服務業；I199990 其他顧問服務業；IZ99990 其他工商服務業；E605010 電腦設備安裝業；I401010 一般廣告服務業,臺北市,變更,11506
90675069,超人會飛股份有限公司,臺北市大安區信義路4段184號7樓,沈仕偉,100000,,115/06/05,特殊補正,F104110 布疋、衣著、鞋、帽、傘、服飾品批發業；F204110 布疋、衣著、鞋、帽、傘、服飾品零售業；F105050 家具、寢具、廚房器具、裝設品批發業；F205040 家具、寢具、廚房器具、裝設品零售業；F106020 日常用品批發業；F206020 日常用品零售業；F209060 文教、樂器、育樂用品零售業；F102040 飲料批發業；F203010 食品什貨、飲料零售業；F501030 飲料店業,臺北市,變更,11506
90691357,信陽國際有限公司,臺北市中山區松江路328號10樓之6,曹智翔,12000000,,115/06/23,補繳規費,F199990 其他批發業；I103060 管理顧問業；I105010 藝術品諮詢顧問業；J601010 藝文服務業；J602010 演藝活動業；E599010 配管工程業；E601010 電器承裝業；E603010 電纜安裝工程業；E603040 消防安全設備安裝工程業；E603090 照明設備安裝工程業,臺北市,變更,11506
90692010,埕珈室內裝修設計有限公司,臺北市信義區文昌街316號5樓之1,蕭士埕,300000,,115/06/15,補繳規費,E801010 室內裝潢業；E801060 室內裝修業；I501010 產品設計業；I503010 景觀、室內設計業；I199990 其他顧問服務業；J101050 環境檢測服務業；ZZ99999 除許可業務外，得經營法令非禁止或限制之業務,臺北市,變更,11506
90698746,豐實投資股份有限公司,臺北市松山區敦化北路168號16樓,王荐疄,1000000,,115/06/11,改選董事/監察人(一人法人股東指派董事/監察人),H201010 一般投資業；ZZ99999 除許可業務外，得經營法令非禁止或限制之業務,臺北市,變更,11506
90699077,星際星球產業有限公司,臺北市信義區基隆路1段398號4樓,賴曉彤,220000,,115/06/11,特殊補正,ZZ99999 除許可業務外，得經營法令非禁止或限制之業務；I105010 藝術品諮詢顧問業；I301010 資訊軟體服務業；I199990 其他顧問服務業；I301020 資料處理服務業；I301030 電子資訊供應服務業；F215010 首飾及貴金屬零售業；F215020 礦石零售業；F299990 其他零售業；JZ99990 未分類其他服務業,臺北市,變更,11506
90699908,光立資訊科技有限公司,臺北市中正區忠孝東路1段83號15樓之2,邱光立,5000000,,115/06/26,特殊補正,I103060 管理顧問業；I301010 資訊軟體服務業；I301020 資料處理服務業；I401010 一般廣告服務業；I501010 產品設計業；I199990 其他顧問服務業；IZ99990 其他工商服務業；I301030 電子資訊供應服務業；F401010 國際貿易業；F399040 無店面零售業,臺北市,變更,11506
90702609,保瑞管理顧問股份有限公司,臺北市內湖區瑞光路26巷36弄2號4樓,盛保熙,625000000,,115/06/09,申登機關變更（遷入，含卷）,I102010 投資顧問業；I103060 管理顧問業；H201010 一般投資業；H703100 不動產租賃業；ZZ99999 除許可業務外，得經營法令非禁止或限制之業務,臺北市,變更,11506
90702782,幻影旅團資訊科技股份有限公司,臺北市中山區松江路50號9樓,黃健恆,500000,,115/06/26,改選董事/監察人(一人法人股東指派董事/監察人),I301010 資訊軟體服務業；I301020 資料處理服務業；I301030 電子資訊供應服務業；I401010 一般廣告服務業；I103060 管理顧問業；F213030 電腦及事務性機器設備零售業；F218010 資訊軟體零售業；F209060 文教、樂器、育樂用品零售業；F118010 資訊軟體批發業；F204110 布疋、衣著、鞋、帽、傘、服飾品零售業,臺北市,變更,11506
90703305,先勁智能有限公司,臺北市南港區三重路19之13號4樓,王毓棻,12192675,,115/06/23,特殊補正,F109070 文教、樂器、育樂用品批發業；F108031 醫療器材批發業；F113050 電腦及事務性機器設備批發業；F118010 資訊軟體批發業；F119010 電子材料批發業；F209060 文教、樂器、育樂用品零售業；F213030 電腦及事務性機器設備零售業；F218010 資訊軟體零售業；F219010 電子材料零售業；I301010 資訊軟體服務業,臺北市,變更,11506
90703993,美好私募股權股份有限公司,臺北市中山區民生東路2段174號12樓,曹惠生,78969450,,115/06/25,特殊補正,H201010 一般投資業；H202010 創業投資業；I102010 投資顧問業；I103060 管理顧問業；ZZ99999 除許可業務外，得經營法令非禁止或限制之業務,臺北市,變更,11506
90709336,新富工程管理顧問股份有限公司,臺北市中山區南京東路2段8號12樓之1,羅維真,20000000,,115/06/08,董事長變更,E599010 配管工程業；E601010 電器承裝業；E601020 電器安裝業；E603010 電纜安裝工程業；E603040 消防安全設備安裝工程業；E603050 自動控制設備工程業；E603080 交通號誌安裝工程業；E603090 照明設備安裝工程業；E603100 電焊工程業；E603130 燃氣熱水器承裝業,臺北市,變更,11506
90710559,壹股份有限公司,臺北市中正區忠孝西路1段66號28樓,黎崇恩,500000,,115/06/18,特殊補正,H701010 住宅及大樓開發租售業；H701020 工業廠房開發租售業；H701040 特定專業區開發業；H701050 投資興建公共建設業；H701060 新市鎮、新社區開發業；H701080 都市更新重建業；H701090 都市更新整建維護業；H703090 不動產買賣業；H703100 不動產租賃業；ZZ99999 除許可業務外，得經營法令非禁止或限制之業務,臺北市,變更,11506
90718953,道達科技股份有限公司,臺北市內湖區內湖路1段120巷15弄8號6樓,吳孟學,10000000,,115/06/11,特殊補正,CC01020 電線及電纜製造業；CC01060 有線通信機械器材製造業；CC01070 無線通信機械器材製造業；CC01080 電子零組件製造業；CC01990 其他電機及電子機械器材製造業；F113030 精密儀器批發業；F401010 國際貿易業；I501010 產品設計業；ZZ99999 除許可業務外，得經營法令非禁止或限制之業務,臺北市,變更,11506
90760467,日羲生技股份有限公司,臺北市信義區基隆路1段141號5樓,陳恩幼,9400000,,115/06/23,發行新股,F106060 寵物食品及其用品批發業；F107070 動物用藥品批發業；F107080 環境用藥批發業；F121010 食品添加物批發業；I101090 食品顧問業；I501010 產品設計業；IG02010 研究發展服務業；I301030 電子資訊供應服務業；F107990 其他化學製品批發業；F107030 清潔用品批發業,臺北市,變更,11506
90762459,慧衍開發顧問有限公司,臺北市中正區牯嶺街9巷3號4樓,陳靜慧,100000,,115/06/25,特殊補正,H701010 住宅及大樓開發租售業；H701020 工業廠房開發租售業；H701060 新市鎮、新社區開發業；H701090 都市更新整建維護業；H703090 不動產買賣業；H201010 一般投資業；I103060 管理顧問業；I199990 其他顧問服務業；IZ99990 其他工商服務業；ZZ99999 除許可業務外，得經營法令非禁止或限制之業務,臺北市,變更,11506
90769452,墨瑞善水科技股份有限公司,臺北市松山區民生東路3段119號7樓,謝嵩嶽,207091900,,115/06/11,特殊補正,F101050 水產品批發業；F201030 水產品零售業；C201010 飼料製造業；IG01010 生物技術服務業；F401010 國際貿易業；ZZ99999 除許可業務外，得經營法令非禁止或限制之業務；A301030 水產養殖業；A302010 對外漁業合作業；A401020 家畜禽飼育業；C106010 製粉業,臺北市,變更,11506
90772230,禾昌國際有限公司,臺北市大同區平陽街38號1樓,李逸強,5500000,,115/06/18,股東出資轉讓修正章程,H701010 住宅及大樓開發租售業；H701020 工業廠房開發租售業；H701050 投資興建公共建設業；H701060 新市鎮、新社區開發業；H701070 區段徵收及市地重劃代辦業；H701090 都市更新整建維護業；H703090 不動產買賣業；H703100 不動產租賃業；JZ99050 仲介服務業；E605010 電腦設備安裝業,臺北市,變更,11506
90776812,曜傑國際有限公司,臺北市內湖區內湖路1段225巷1弄4號2樓,鄭明杰,100000,,115/06/18,特殊補正,EZ99990 其他工程業；F107990 其他化學製品批發業；F207990 其他化學製品零售業；F401010 國際貿易業；JZ99990 未分類其他服務業；F119010 電子材料批發業；F203010 食品什貨、飲料零售業；F102170 食品什貨批發業；F399040 無店面零售業；F104110 布疋、衣著、鞋、帽、傘、服飾品批發業,臺北市,變更,11506
90785087,鳴光互動股份有限公司,臺北市中山區雙城街19巷21號8樓,陳正杰,1500000,,115/06/03,特殊補正,I599990 其他設計業；I503010 景觀設計業；I401010 一般廣告服務業；I301050 實境體感應用服務業；I301010 資訊軟體服務業；I301030 電子資訊供應服務業；J404010 動畫影片製作業；J404050 電影特效製作業；ZZ99999 除許可業務外，得經營法令非禁止或限制之業務,臺北市,變更,11506
90792382,築里整合行銷有限公司,臺北市信義區基隆路1段176號13樓,許靜儀,2500000,,115/06/05,補繳規費,H703090 不動產買賣業；H703100 不動產租賃業；E801010 室內裝潢業；EZ99990 其他工程業；H201010 一般投資業；H202010 創業投資業；H701010 住宅及大樓開發租售業；H701020 工業廠房開發租售業；H702010 建築經理業；HZ99990 其他金融、保險及不動產業,臺北市,變更,11506
90796140,天羽動畫有限公司,臺北市中山區中山北路3段27號7樓之6,黃欲齊,100000,,115/06/16,特殊補正,I401010 一般廣告服務業；I501010 產品設計業；I599990 其他設計業；J401010 電影片製作業；J404010 動畫影片製作業；J404030 電影沖印業；J404040 電影錄音業；J404050 電影特效製作業；J601010 藝文服務業；JZ99990 未分類其他服務業,臺北市,變更,11506
90805773,大予空間規劃有限公司,臺北市內湖區新明路321巷10弄20號4樓,林建臣,2000000,,115/06/12,更正,E801010 室內裝潢業；E801020 門窗安裝工程業；E801030 室內輕鋼架工程業；E801040 玻璃安裝工程業；E801070 廚具、衛浴設備安裝工程業；E903010 防蝕、防銹工程業；E901010 油漆工程業；EZ99990 其他工程業；I102010 投資顧問業；I503010 景觀、室內設計業,臺北市,變更,11506
90806246,懶懶的有限公司,臺北市中正區衡陽路51號12樓,涂定安,5000000,,115/06/18,特殊補正,F101040 家畜家禽批發業；F101050 水產品批發業；F101130 蔬果批發業；F102040 飲料批發業；F102050 茶葉批發業；F102170 食品什貨批發業；F103010 飼料批發業；F201010 農產品零售業；F201020 畜產品零售業；F201030 水產品零售業,臺北市,變更,11506
90817594,玄百辰股份有限公司,臺北市士林區中山北路5段530號5樓,林瑞澤,87264910,,115/06/25,修正章程,CE01030 光學儀器製造業；F110020 眼鏡批發業；F210020 眼鏡零售業；F401010 國際貿易業；H703090 不動產買賣業；H703100 不動產租賃業；ZZ99999 除許可業務外，得經營法令非禁止或限制之業務,臺北市,變更,11506
90818572,詮實能源股份有限公司,臺北市中山區松江路139號6樓,黃家宏,20000000,,115/06/08,增資(資本總額),IG03010 能源技術服務業；IG02010 研究發展服務業；H701010 住宅及大樓開發租售業；H701020 工業廠房開發租售業；H703100 不動產租賃業；JZ99050 仲介服務業；I103060 管理顧問業；JA02010 電器及電子產品修理業；JE01010 租賃業；E599010 配管工程業,臺北市,變更,11506
90823126,合通先進股份有限公司,臺北市大安區敦化南路2段105號22樓,張維正,5000000,,115/06/22,改選董事/監察人(一人法人股東指派董事/監察人),ZZ99999 除許可業務外，得經營法令非禁止或限制之業務；CB01010 機械設備製造業；CB01990 其他機械製造業；CC01010 發電、輸電、配電機械製造業；CC01090 電池製造業；CE01990 其他光學及精密器械製造業；D101050 汽電共生業；D101060 再生能源自用發電設備業；D401010 熱能供應業；E601010 電器承裝業,臺北市,變更,11506
90828516,壹建設股份有限公司,臺北市中正區忠孝西路1段66號28樓,黎崇恩,35500000,,115/06/25,特殊補正,H701010 住宅及大樓開發租售業；H701020 工業廠房開發租售業；H701040 特定專業區開發業；H701050 投資興建公共建設業；H701060 新市鎮、新社區開發業；H701080 都市更新重建業；H701090 都市更新整建維護業；H703090 不動產買賣業；H703100 不動產租賃業；ZZ99999 除許可業務外，得經營法令非禁止或限制之業務,臺北市,變更,11506
90829727,歐笛森恩有限公司,臺北市中正區重慶南路3段129號3樓,楊仁君,10000000,,115/06/17,特殊補正,F106010 五金批發業；F119010 電子材料批發業；F113070 電信器材批發業；F401010 國際貿易業；F113050 電腦及事務性機器設備批發業；F113020 電器批發業；F213010 電器零售業；F118010 資訊軟體批發業；I301010 資訊軟體服務業；I501010 產品設計業,臺北市,變更,11506
90829965,台灣勤達睿股份有限公司,臺北市信義區松仁路100號34樓,黃文聰,685715000,,115/06/22,改派董事/監察人,CB01020 事務機器製造業；CC01110 電腦及其週邊設備製造業；CE01010 一般儀器製造業；E601020 電器安裝業；E603040 消防安全設備安裝工程業；E603050 自動控制設備工程業；E604010 機械安裝業；E605010 電腦設備安裝業；E701030 電信管制射頻器材裝設工程業；EZ05010 儀器、儀表安裝工程業,臺北市,變更,11506
90833095,遊戲雲端科技股份有限公司,臺北市大安區和平東路1段6號11樓之1、之2,江淑華,60000000,,115/06/22,特殊補正,F109070 文教、樂器、育樂用品批發業；F113050 電腦及事務性機器設備批發業；F118010 資訊軟體批發業；F209060 文教、樂器、育樂用品零售業；F213030 電腦及事務性機器設備零售業；F218010 資訊軟體零售業；F401010 國際貿易業；I301010 資訊軟體服務業；I301020 資料處理服務業；I301030 電子資訊供應服務業,臺北市,變更,11506
90835925,孝智股份有限公司,臺北市松山區敦化北路167號10樓,陳創偉Charnvit Trangadisaikul,364500000,,115/06/24,特殊補正,C199990 未分類其他食品製造業；F101050 水產品批發業；F101990 其他農、畜、水產品批發業；F201030 水產品零售業；F401010 國際貿易業；H201010 一般投資業；H703100 不動產租賃業；I101070 農、林、漁、畜牧顧問業；I103060 管理顧問業；IG03010 能源技術服務業,臺北市,變更,11506
90838280,映海國際科技有限公司,臺北市內湖區新湖二路170號3樓,黃玉麗,20000000,,115/06/03,增資,E599010 配管工程業；E601010 電器承裝業；E601020 電器安裝業；E603050 自動控制設備工程業；E604010 機械安裝業；EZ99990 其他工程業；F106010 五金批發業；F113010 機械批發業；F113020 電器批發業；F113030 精密儀器批發業,臺北市,變更,11506
90846991,永紘國際企業有限公司,臺北市北投區知行路316巷63號1樓,許世儒,12000000,,115/06/10,股東出資轉讓修正章程,F102030 菸酒批發業；F102170 食品什貨批發業；F104110 布疋、衣著、鞋、帽、傘、服飾品批發業；F106010 五金批發業；F111090 建材批發業；F113010 機械批發業；F113990 其他機械器具批發業；F114010 汽車批發業；F114030 汽、機車零件配備批發業；F203020 菸酒零售業,臺北市,變更,11506
90849316,七海建設開發股份有限公司,臺北市大安區復興南路2段218號4樓,曾瑋豪,7500000,,115/06/30,特殊補正,H701010 住宅及大樓開發租售業；H701020 工業廠房開發租售業；H703090 不動產買賣業；H703100 不動產租賃業；E801010 室內裝潢業；I103060 管理顧問業；I503010 景觀設計業；I501010 產品設計業；JE01010 租賃業；H201010 一般投資業,臺北市,變更,11506
90849771,拍拍圈科技股份有限公司,臺北市南港區三重路19之11號5樓,達鈞創業投資股份有限公司,126500000,,115/06/08,補繳規費,F204110 布疋、衣著、鞋、帽、傘、服飾品零售業；F399040 無店面零售業；I301020 資料處理服務業；I301030 電子資訊供應服務業；I301010 資訊軟體服務業；F218010 資訊軟體零售業；F401010 國際貿易業；F104110 布疋、衣著、鞋、帽、傘、服飾品批發業；F206020 日常用品零售業；I401010 一般廣告服務業,臺北市,變更,11506
90849836,智寶教育股份有限公司,臺北市中正區忠孝東路1段83號15樓之2,邱光立,13052500,,115/06/04,發行新股,J305010 有聲出版業；J399010 軟體出版業；J304010 圖書出版業；J399990 其他出版業；J601010 藝文服務業；J701120 兒童遊戲場業；J401010 電影片製作業；J402010 電影片發行業；J403010 電影片映演業；J404010 動畫影片製作業,臺北市,變更,11506
90851190,豐阜林國際有限公司,臺北市信義區市民大道6段250號7樓,林彥均,88888,,115/06/04,特殊補正,C109010 調味品製造業；C110010 飲料製造業；C305010 印染整理業；C306010 成衣業；C307010 服飾品製造業；C399990 其他紡織及製品製造業；C401030 皮革、毛皮整製業；C402030 皮革、毛皮製品製造業；C501990 其他木製品製造業；C601040 加工紙製造業,臺北市,變更,11506
90851240,宏樂工程有限公司,臺北市大安區光復南路240巷47號7樓,江軍宏,100000,,115/06/24,公司所在地,I503010 景觀、室內設計業；E599010 配管工程業；E601010 電器承裝業；E603090 照明設備安裝工程業；E801010 室內裝潢業；E801020 門窗安裝工程業；E801030 室內輕鋼架工程業；E801040 玻璃安裝工程業；E901010 油漆工程業；E903010 防蝕、防銹工程業,臺北市,變更,11506
90853129,一立易行股份有限公司,臺北市中山區南京東路2段36號7樓,黃緒紳,6000000,,115/06/22,增資(資本總額),F101040 家畜家禽批發業；F101050 水產品批發業；F101990 其他農、畜、水產品批發業；F102040 飲料批發業；F102050 茶葉批發業；F102170 食品什貨批發業；F104110 布疋、衣著、鞋、帽、傘、服飾品批發業；F105050 家具、寢具、廚房器具、裝設品批發業；F106010 五金批發業；F106020 日常用品批發業,臺北市,變更,11506
90871822,鈺豐國際有限公司,臺北市大安區復興南路1段243號6樓,李淑薰,72000000,,115/06/22,特殊補正,H201010 一般投資業,臺北市,變更,11506
90874124,喜可管理顧問股份有限公司,臺北市中正區館前路8號7樓,吳秉寰,500000,,115/06/29,改選董事/監察人(一人法人股東指派董事/監察人),I102010 投資顧問業；I103060 管理顧問業；I199990 其他顧問服務業；ZZ99999 除許可業務外，得經營法令非禁止或限制之業務,臺北市,變更,11506
90875968,勝悅國際事業有限公司,臺北市松山區八德路2段346巷9弄15號1樓,蕭朗愉,6000000,,115/06/23,特殊補正,F208040 化粧品零售業；JZ99080 美容美髮服務業,臺北市,變更,11506
90876565,依和智慧科技股份有限公司,臺北市大安區敦化南路2段65號3樓,蔡惠銘,12800000,,115/06/04,特殊補正,CC01110 電腦及其週邊設備製造業；CE01010 一般儀器製造業；E605010 電腦設備安裝業；EZ05010 儀器、儀表安裝工程業；F108031 醫療器材批發業；F208031 醫療器材零售業；F113050 電腦及事務性機器設備批發業；F118010 資訊軟體批發業；F213030 電腦及事務性機器設備零售業；F218010 資訊軟體零售業,臺北市,變更,11506
90877522,益碩資訊整合有限公司,臺北市松山區光復南路32巷16弄21號,蔣玉國,2000000,,115/06/15,特殊補正,I103060 管理顧問業；I101080 工、礦顧問業；I301010 資訊軟體服務業；I301020 資料處理服務業；F218010 資訊軟體零售業；CC01120 資料儲存媒體製造及複製業；IG02010 研究發展服務業；H701050 投資興建公共建設業；F213030 電腦及事務性機器設備零售業；E605010 電腦設備安裝業,臺北市,變更,11506
90878901,棨而行整合行銷股份有限公司,臺北市大同區甘谷街35號4樓之3,呂雅雯,2000000,,115/06/10,公司所在地,J304010 圖書出版業；J601010 藝文服務業；J602010 演藝活動業；J603010 音樂展演空間業；JB01010 會議及展覽服務業；JE01010 租賃業；J799990 其他休閒服務業；JZ99030 攝影業；JZ99990 未分類其他服務業；I103060 管理顧問業,臺北市,變更,11506
90879752,樺雋股份有限公司,臺北市大安區敦化南路2段98號18樓,彭文榮,5000000,,115/06/17,改選董事/監察人(一人法人股東指派董事/監察人),H201010 一般投資業；H701010 住宅及大樓開發租售業；H701020 工業廠房開發租售業；H703090 不動產買賣業；H703100 不動產租賃業；I102010 投資顧問業；I103060 管理顧問業；ZZ99999 除許可業務外，得經營法令非禁止或限制之業務,臺北市,變更,11506
90883377,昊明綠能股份有限公司,臺北市內湖區瑞光路362號8樓,侯明欽,13100000,,115/06/24,特殊補正,E601010 電器承裝業；I199990 其他顧問服務業；I301010 資訊軟體服務業；I301020 資料處理服務業；I301030 電子資訊供應服務業；I401010 一般廣告服務業；IG03010 能源技術服務業；IZ15010 市場研究及民意調查業；IZ99990 其他工商服務業；F399040 無店面零售業,臺北市,變更,11506
90888598,深杯子有限公司,臺北市北投區承德路7段350號6樓,王依亭,3000000,,115/06/01,特殊補正,F102030 菸酒批發業；F203020 菸酒零售業；F401171 酒類輸入業；F401010 國際貿易業；F102040 飲料批發業；F102170 食品什貨批發業；F104110 布疋、衣著、鞋、帽、傘、服飾品批發業；F105050 家具、寢具、廚房器具、裝設品批發業；F106020 日常用品批發業；F107030 清潔用品批發業,臺北市,變更,11506
90888817,大浩娛樂行銷股份有限公司,臺北市中正區忠孝西路1段72號2樓之5,陳安齊,20000000,,115/06/22,特殊補正,F106020 日常用品批發業；F206020 日常用品零售業；F109070 文教、樂器、育樂用品批發業；F209060 文教、樂器、育樂用品零售業；F105050 家具、寢具、廚房器具、裝設品批發業；F205040 家具、寢具、廚房器具、裝設品零售業；F218010 資訊軟體零售業；F118010 資訊軟體批發業；J503050 錄影節目帶業；J503010 廣播節目製作業,臺北市,變更,11506
90888909,宇淞投資股份有限公司,臺北市大安區敦化南路2段97號25樓,朱敬瑜,10000000,,115/06/24,增資(資本總額),I102010 投資顧問業；I103060 管理顧問業；I301010 資訊軟體服務業；I301020 資料處理服務業；I301030 電子資訊供應服務業；I199990 其他顧問服務業；H201010 一般投資業；H202010 創業投資業；J202010 產業育成業；ZZ99999 除許可業務外，得經營法令非禁止或限制之業務,臺北市,變更,11506
90897490,誠信工程貿易有限公司,臺北市松山區延壽街402巷3弄19號地下,茉碧雅GHOSH MOUPIYA,100000,,115/06/15,公司所在地,E604010 機械安裝業；F113010 機械批發業；F113990 其他機械器具批發業；F213080 機械器具零售業；F213990 其他機械器具零售業；F401010 國際貿易業；I103060 管理顧問業；IG03010 能源技術服務業；H201010 一般投資業；ZZ99999 除許可業務外，得經營法令非禁止或限制之業務,臺北市,變更,11506
90897506,睿穎軟體有限公司,臺北市中正區公園路32號12樓,崔璠銳REID TREVOR GRANT,560000,,115/06/30,公司所在地,I301010 資訊軟體服務業；I301020 資料處理服務業；I301030 電子資訊供應服務業；I199990 其他顧問服務業；F601010 智慧財產權業；F401010 國際貿易業；ZZ99999 除許可業務外，得經營法令非禁止或限制之業務,臺北市,變更,11506
90897739,城市創新互聯有限公司,臺北市大安區新生南路1段93號4樓,王柏仁,5000000,,115/06/26,增資,H201010 一般投資業；H202010 創業投資業；H703100 不動產租賃業；H701010 住宅及大樓開發租售業；HZ99990 其他金融、保險及不動產業；H703090 不動產買賣業；I301010 資訊軟體服務業；I401010 一般廣告服務業；I301020 資料處理服務業；I301030 電子資訊供應服務業,臺北市,變更,11506
90898575,圓廷有限公司,臺北市大同區大龍街22巷9號1樓,譚任廷,20000000,,115/06/01,特殊補正,H201010 一般投資業；H701010 住宅及大樓開發租售業；H703090 不動產買賣業；H703100 不動產租賃業；I103060 管理顧問業；I199990 其他顧問服務業；F102170 食品什貨批發業；F104110 布疋、衣著、鞋、帽、傘、服飾品批發業；F106010 五金批發業；F108040 化粧品批發業,臺北市,變更,11506
91002750,浩正智能科技股份有限公司,臺北市大安區信義路4段6號17樓之8,湯潤濶,5000000,,115/06/24,特殊補正,F113010 機械批發業；F113050 電腦及事務性機器設備批發業；F113070 電信器材批發業；F118010 資訊軟體批發業；F119010 電子材料批發業；F213030 電腦及事務性機器設備零售業；F213040 精密儀器零售業；F213060 電信器材零售業；F218010 資訊軟體零售業；F219010 電子材料零售業,臺北市,變更,11506
91002787,渥美生物科技有限公司,臺北市大同區南京西路57號3樓之11,呂佳蒨,6500000,,115/06/05,特殊補正,F108031 醫療器材批發業；F208031 醫療器材零售業；F108040 化粧品批發業；F208040 化粧品零售業；F208050 乙類成藥零售業；F113030 精密儀器批發業；F213040 精密儀器零售業；F107990 其他化學製品批發業；F207990 其他化學製品零售業；F121010 食品添加物批發業,臺北市,變更,11506
91003462,圓力體適能股份有限公司,臺北市大安區忠孝東路4段153號8樓,陳勝暉,7000000,,115/06/16,改選董事/監察人(一人法人股東指派董事/監察人),J701040 休閒活動場館業；ZZ99999 除許可業務外，得經營法令非禁止或限制之業務；H703100 不動產租賃業；I103060 管理顧問業；I199990 其他顧問服務業；JB01010 會議及展覽服務業；JE01010 租賃業；J802010 運動訓練業,臺北市,變更,11506
91003646,臺灣愛立股份有限公司,臺北市中正區館前路8號7摟,黃佳櫻,19000000,,115/06/26,消除股份減資(特別股收回),CC01060 有線通信機械器材製造業；CC01070 無線通信機械器材製造業；CC01110 電腦及其週邊設備製造業；E605010 電腦設備安裝業；F113050 電腦及事務性機器設備批發業；F113070 電信器材批發業；F118010 資訊軟體批發業；F119010 電子材料批發業；F213030 電腦及事務性機器設備零售業；F213060 電信器材零售業,臺北市,變更,11506
91006720,大騰投資有限公司,臺北市內湖區成功路4段61巷1號5樓,邱煒智,1300000,,115/06/18,申登機關變更（遷入，含卷）,H201010 一般投資業；F401010 國際貿易業；I102010 投資顧問業；H202010 創業投資業；I103060 管理顧問業；I199990 其他顧問服務業；F106020 日常用品批發業；F206020 日常用品零售業；F107030 清潔用品批發業；F207030 清潔用品零售業,臺北市,變更,11506
91008446,涵容科技有限公司,臺北市南港區三重路19之11號10樓,李可涵,35000000,,115/06/23,增資,I301010 資訊軟體服務業；I301020 資料處理服務業；I301030 電子資訊供應服務業；I199990 其他顧問服務業；IZ99990 其他工商服務業；I401010 一般廣告服務業；IG01010 生物技術服務業；IG02010 研究發展服務業；IZ09010 管理系統驗證業；IZ13010 網路認證服務業,臺北市,變更,11506
91017515,阿嬌麻麻有限公司,臺北市士林區延平北路6段477號9樓,吳威慶,200000,,115/06/02,股東出資轉讓修正章程,F106050 陶瓷玻璃器皿批發業；F201070 花卉零售業；F203010 食品什貨、飲料零售業；F204110 布疋、衣著、鞋、帽、傘、服飾品零售業；F205040 家具、寢具、廚房器具、裝設品零售業；F206010 五金零售業；F206020 日常用品零售業；F207030 清潔用品零售業；F208040 化粧品零售業；F208050 乙類成藥零售業,臺北市,變更,11506
91017711,助人社企股份有限公司,臺北市大安區忠孝東路4段169號6樓之1,魏子涵,10000000,,115/06/18,票據兌現/他機關函復/補正,I103060 管理顧問業；I199990 其他顧問服務業；I401010 一般廣告服務業；I501010 產品設計業；I599990 其他設計業；IZ99990 其他工商服務業；JE01010 租賃業；JZ99050 仲介服務業；JZ99990 未分類其他服務業；F102170 食品什貨批發業,臺北市,變更,11506
91026731,數轉實業有限公司,臺北市內湖區內湖路3段343巷2弄11號2樓,陳杰良,1000000,,115/06/01,特殊補正,E601020 電器安裝業；E605010 電腦設備安裝業；F113020 電器批發業；F113050 電腦及事務性機器設備批發業；F113070 電信器材批發業；F118010 資訊軟體批發業；F119010 電子材料批發業；F213010 電器零售業；F213030 電腦及事務性機器設備零售業；F213060 電信器材零售業,臺北市,變更,11506
91039503,惠家智醫股份有限公司,臺北市內湖區新湖三路280號3樓,蔡惠銘,55200000,,115/06/04,特殊補正,CE01010 一般儀器製造業；EZ05010 儀器、儀表安裝工程業；E605010 電腦設備安裝業；F113020 電器批發業；F113030 精密儀器批發業；F113050 電腦及事務性機器設備批發業；F119010 電子材料批發業；F118010 資訊軟體批發業；F213010 電器零售業；F213030 電腦及事務性機器設備零售業,臺北市,變更,11506
91045202,時在生物科技有限公司,臺北市北投區文承路28號2樓,陳郁薦,6000000,,115/06/15,增資,F102040 飲料批發業；F102170 食品什貨批發業；F104110 布疋、衣著、鞋、帽、傘、服飾品批發業；F106020 日常用品批發業；F107030 清潔用品批發業；F108040 化粧品批發業；F115010 首飾及貴金屬批發業；F118010 資訊軟體批發業；F199990 其他批發業；F203010 食品什貨、飲料零售業,臺北市,變更,11506
91045250,台灣碳資產電業股份有限公司,臺北市內湖區基湖路1號2樓,廖福生,1000000,,115/06/15,特殊補正,I199990 其他顧問服務業；I301010 資訊軟體服務業；I301020 資料處理服務業；I301030 電子資訊供應服務業；IG03010 能源技術服務業；IZ15010 市場研究及民意調查業；IZ99990 其他工商服務業；ZZ99999 除許可業務外，得經營法令非禁止或限制之業務；D101091 再生能源售電業,臺北市,變更,11506
91046244,全犬股份有限公司,臺北市信義區永吉路30巷119弄44號,吳善禾,1617500,,115/06/04,董事(常務董事.董事長)/監察人解任,A401060 其他動物服務業；C201010 飼料製造業；C802060 動物用藥製造業；CH01030 文具製造業；CH01040 玩具製造業；F103010 飼料批發業；F106060 寵物食品及其用品批發業；F107070 動物用藥品批發業；F109070 文教、樂器、育樂用品批發業；F202010 飼料零售業,臺北市,變更,11506
91047068,鑫蘊林科股份有限公司,臺北市大安區忠孝東路三段136號9樓之3,謝源寶,919442500,,115/06/24,改選董事/監察人(一人法人股東指派董事/監察人),CC01070 無線通信機械器材製造業；E605010 電腦設備安裝業；F113050 電腦及事務性機器設備批發業；F113070 電信器材批發業；F118010 資訊軟體批發業；F401010 國際貿易業；I301010 資訊軟體服務業；I301030 電子資訊供應服務業；I103060 管理顧問業；IZ09010 管理系統驗證業,臺北市,變更,11506
91047172,川田杰畝世電影製作有限公司,臺北市中山區南京西路1之1號10樓,張睦呈,200000,,115/06/10,特殊補正,J401010 電影片製作業；J402010 電影片發行業；J404010 動畫影片製作業；J404050 電影特效製作業；J503020 電視節目製作業；J503030 廣播電視節目發行業；J503040 廣播電視廣告業；I401010 一般廣告服務業；J303010 雜誌（期刊）出版業；J304010 圖書出版業,臺北市,變更,11506
91047193,志恩德智慧股份有限公司,臺北市大安區復興南路1段206號12樓,陳民哲,5000000,,115/06/12,特殊補正,I103060 管理顧問業；I199990 其他顧問服務業；I301010 資訊軟體服務業；I301020 資料處理服務業；I301030 電子資訊供應服務業；I401010 一般廣告服務業；I599990 其他設計業；IZ99990 其他工商服務業；F117010 消防安全設備批發業；F118010 資訊軟體批發業,臺北市,變更,11506
91047222,一騰資訊服務股份有限公司,臺北市中山區松江路146號6樓,蕭舜文,20000000,,115/06/04,改選董事/監察人(一人法人股東指派董事/監察人),CC01110 電腦及其週邊設備製造業；CC01120 資料儲存媒體製造及複製業；E605010 電腦設備安裝業；F113050 電腦及事務性機器設備批發業；F118010 資訊軟體批發業；F213030 電腦及事務性機器設備零售業；F218010 資訊軟體零售業；F399040 無店面零售業；F401010 國際貿易業；F601010 智慧財產權業,臺北市,變更,11506
91047308,露娜有限公司,臺北市中山區敬業一路182號6樓,安愛瑞,500000,,115/06/25,特殊補正,F102170 食品什貨批發業；F203010 食品什貨、飲料零售業；F102030 菸酒批發業；F203020 菸酒零售業；F208050 乙類成藥零售業；F114030 汽、機車零件配備批發業；F214030 汽、機車零件配備零售業；F399040 無店面零售業；F401010 國際貿易業；ZZ99999 除許可業務外，得經營法令非禁止或限制之業務,臺北市,變更,11506
91061650,美樂發有限公司,臺北市中山區南京東路2段125號8樓之2,齊明漢,3500000,,115/06/16,特殊補正,F113020 電器批發業；F213010 電器零售業；F401010 國際貿易業；JA02010 電器及電子產品修理業；ZZ99999 除許可業務外，得經營法令非禁止或限制之業務,臺北市,變更,11506
91061933,研捷股份有限公司,臺北市內湖區新湖一路305號6樓,屠柏翔,96950000,,115/06/16,特殊補正,I301010 資訊軟體服務業；F119010 電子材料批發業；F118010 資訊軟體批發業；F113030 精密儀器批發業；F113050 電腦及事務性機器設備批發業；F213030 電腦及事務性機器設備零售業；F213040 精密儀器零售業；F218010 資訊軟體零售業；F219010 電子材料零售業；F401010 國際貿易業,臺北市,變更,11506
91061949,新科智慧物流股份有限公司,臺北市中正區忠孝東路二段130號8樓之1,陳彥銘,1000000000,,115/06/02,修正章程,G801010 倉儲業；H703100 不動產租賃業；JE01010 租賃業；IZ06010 理貨包裝業；ZZ99999 除許可業務外，得經營法令非禁止或限制之業務,臺北市,變更,11506
91074487,優人才股份有限公司,臺北市信義區基隆路1段333號13樓,石恬華,21500000,,115/06/25,特殊補正,IZ12010 人力派遣業；I103060 管理顧問業；I301010 資訊軟體服務業；I301020 資料處理服務業；I301030 電子資訊供應服務業；I401010 一般廣告服務業；ZZ99999 除許可業務外，得經營法令非禁止或限制之業務,臺北市,變更,11506
91074971,可米星星國際影業股份有限公司,臺北市信義區信義路5段150巷2號15樓之3,柴智屏,10000000,,115/06/04,公司所在地,J401010 電影片製作業；J402010 電影片發行業；J503010 廣播節目製作業；J503020 電視節目製作業；J503030 廣播電視節目發行業；J503040 廣播電視廣告業；J503050 錄影節目帶業；J601010 藝文服務業；J602010 演藝活動業；J303010 雜誌（期刊）出版業,臺北市,變更,11506
91075633,禾語設計有限公司,臺北市松山區延壽街32號1樓,張敏君,500000,,115/06/08,公司所在地,CN01010 家具及裝設品製造業；E801010 室內裝潢業；E801020 門窗安裝工程業；E801040 玻璃安裝工程業；E801070 廚具、衛浴設備安裝工程業；E901010 油漆工程業；F105050 家具、寢具、廚房器具、裝設品批發業；F205040 家具、寢具、廚房器具、裝設品零售業；F399040 無店面零售業；F401010 國際貿易業,臺北市,變更,11506
91077153,加盈數位有限公司,臺北市信義區永吉路172號1樓,許紘誠,2580000,,115/06/24,補繳規費,JA02010 電器及電子產品修理業；IE01010 電信業務門號代辦業；F213060 電信器材零售業；F213030 電腦及事務性機器設備零售業；F213110 電池零售業；F213040 精密儀器零售業；I301010 資訊軟體服務業；I301020 資料處理服務業；I301030 電子資訊供應服務業；F401010 國際貿易業,臺北市,變更,11506
91077920,安碁學苑股份有限公司,臺北市南港區南港路3段9之5號14樓,吳乙南,10000000,,115/06/08,改選董事/監察人(一人法人股東指派董事/監察人),CC01120 資料儲存媒體製造及複製業；F109070 文教、樂器、育樂用品批發業；F209060 文教、樂器、育樂用品零售業；F118010 資訊軟體批發業；F218010 資訊軟體零售業；F399040 無店面零售業；F401010 國際貿易業；F601010 智慧財產權業；I103060 管理顧問業；I199990 其他顧問服務業,臺北市,變更,11506
91080875,森曜資產顧問有限公司,臺北市大安區羅斯福路2段79號4樓,陳威仁,1500000,,115/06/10,申登機關變更（遷入，含卷）,I102010 一般投資顧問業；I103060 管理顧問業；JB01010 會議及展覽服務業；H703090 不動產買賣業；H703100 不動產租賃業；F102170 食品什貨批發業；F203010 食品什貨、飲料零售業；F104110 布疋、衣著、鞋、帽、傘、服飾品批發業；F204110 布疋、衣著、鞋、帽、傘、服飾品零售業；F106020 日常用品批發業,臺北市,變更,11506
91081044,兆誠全球有限公司,臺北市松山區塔悠路298之1號,蕭德榮,600000,,115/06/22,申登機關變更（遷入，含卷）,H201010 一般投資業；ZZ99999 除許可業務外，得經營法令非禁止或限制之業務,臺北市,變更,11506
91085055,益謙實業股份有限公司,臺北市北投區大業路506號2樓,楊玉娟,38000000,,115/06/15,公司所在地,F105050 家具、寢具、廚房器具、裝設品批發業；F111090 建材批發業；F205040 家具、寢具、廚房器具、裝設品零售業；F211010 建材零售業；F401010 國際貿易業；H701010 住宅及大樓開發租售業；H701020 工業廠房開發租售業；H701050 投資興建公共建設業；H701060 新市鎮、新社區開發業；H701070 區段徵收及市地重劃代辦業,臺北市,變更,11506
91098122,豐沅有限公司,臺北市信義區忠孝東路5段1之2號5樓,張霈穎,6000000,,115/06/03,特殊補正,F401010 國際貿易業；CQ01010 模具製造業；CA02080 金屬鍛造業；CA02990 其他金屬製品製造業；CA02060 金屬容器製造業；F106010 五金批發業；F206010 五金零售業；F106040 水器材料批發業；F206040 水器材料零售業；F104110 布疋、衣著、鞋、帽、傘、服飾品批發業,臺北市,變更,11506
91103552,國際數感教育股份有限公司,臺北市大安區敦化南路2段77號16樓之1,廖珮妤,2640000,,115/06/26,補繳規費,I103060 管理顧問業；J601010 藝文服務業；JB01010 會議及展覽服務業；I199990 其他顧問服務業；IZ99990 其他工商服務業；I501010 產品設計業；I301020 資料處理服務業；J303010 雜誌（期刊）出版業；I401010 一般廣告服務業；IZ15010 市場研究及民意調查業,臺北市,變更,11506
91103758,哥本哈根基礎設施渢汎股份有限公司,臺北市信義區忠孝東路5段68號26樓,Thomas Wibe Poulsen,252987820,,115/06/04,特殊補正,H201010 一般投資業；I102010 投資顧問業；I103060 管理顧問業；IG03010 能源技術服務業；ZZ99999 除許可業務外，得經營法令非禁止或限制之業務,臺北市,變更,11506
91104118,女丑日常有限公司,臺北市中山區松江路50號9樓,金百倫,500000,,115/06/29,公司所在地,I401010 一般廣告服務業；I401020 廣告傳單分送業；F106020 日常用品批發業；F206020 日常用品零售業；F204110 布疋、衣著、鞋、帽、傘、服飾品零售業；F104110 布疋、衣著、鞋、帽、傘、服飾品批發業；F401010 國際貿易業；J401010 電影片製作業；J503040 廣播電視廣告業；ZZ99999 除許可業務外，得經營法令非禁止或限制之業務,臺北市,變更,11506
91104187,金貨賣有限公司,臺北市中正區重慶南路1段43號9樓之8,HSIAO ROLDER,6000000,,115/06/08,特殊補正,F102170 食品什貨批發業；F104110 布疋、衣著、鞋、帽、傘、服飾品批發業；F203010 食品什貨、飲料零售業；F204110 布疋、衣著、鞋、帽、傘、服飾品零售業；F401010 國際貿易業；F106010 五金批發業；F113050 電腦及事務性機器設備批發業；F119010 電子材料批發業；F206010 五金零售業；F213030 電腦及事務性機器設備零售業,臺北市,變更,11506
91104428,安妮國際美學有限公司,臺北市萬華區中華路1段106號8樓,楊怡真,120000,,115/06/02,公司所在地,F208040 化粧品零售業；JZ99080 美容美髮服務業；I199990 其他顧問服務業；F399040 無店面零售業；F401010 國際貿易業；ZZ99999 除許可業務外，得經營法令非禁止或限制之業務,臺北市,變更,11506
91104665,新榮能源科技股份有限公司,臺北市中山區長安東路二段162號7樓,陳佩姗,1504000000,,115/06/03,董事長印鑑變更,CC01010 發電、輸電、配電機械製造業；D101060 再生能源自用發電設備業；E601010 電器承裝業；F401010 國際貿易業；H201010 一般投資業；IG03010 能源技術服務業；ZZ99999 除許可業務外，得經營法令非禁止或限制之業務,臺北市,變更,11506
91105094,吾集科技股份有限公司,臺北市大安區金山南路2段200號3樓,曾維宇,6448000,,115/06/10,增資(資本總額),I301010 資訊軟體服務業；I301020 資料處理服務業；I301030 電子資訊供應服務業；I301040 第三方支付服務業；I102010 投資顧問業；I103060 管理顧問業；I199990 其他顧問服務業；I401010 一般廣告服務業；F118010 資訊軟體批發業；F218010 資訊軟體零售業,臺北市,變更,11506
91109388,凱達人力資源管理顧問有限公司,臺北市萬華區峨眉街109號6樓,朱麗清,5000000,,115/06/08,特殊補正,F102040 飲料批發業；F102170 食品什貨批發業；F104110 布疋、衣著、鞋、帽、傘、服飾品批發業；F106020 日常用品批發業；F203010 食品什貨、飲料零售業；F204110 布疋、衣著、鞋、帽、傘、服飾品零售業；F208040 化粧品零售業；F213030 電腦及事務性機器設備零售業；F213060 電信器材零售業；F213110 電池零售業,臺北市,變更,11506
91110097,欣玥霖有限公司,臺北市北投區裕民六路120號4樓,戴宛紜,1000000,,115/06/02,增資,I103060 管理顧問業；I501010 產品設計業；ZZ99999 除許可業務外，得經營法令非禁止或限制之業務,臺北市,變更,11506
91110195,維港有限公司,臺北市中正區忠孝西路1段66號28樓,黎崇恩,500000,,115/06/12,特殊補正,H701010 住宅及大樓開發租售業；H701020 工業廠房開發租售業；H701050 投資興建公共建設業；H701060 新市鎮、新社區開發業；H701090 都市更新整建維護業；H703090 不動產買賣業；H703100 不動產租賃業；H201010 一般投資業；ZZ99999 除許可業務外，得經營法令非禁止或限制之業務,臺北市,變更,11506
91110596,萱優國際有限公司,臺北市大同區承德路1段23號25樓,王有慶,600000,,115/06/08,公司所在地,F102170 食品什貨批發業；F104110 布疋、衣著、鞋、帽、傘、服飾品批發業；F108040 化粧品批發業；I103060 管理顧問業；I102010 投資顧問業；ZZ99999 除許可業務外，得經營法令非禁止或限制之業務,臺北市,變更,11506
91114729,閃星耀木科技股份有限公司,臺北市信義區松德路64號4樓,羅介壕,25800000,,115/06/18,發行新股,J503010 廣播節目製作業；J503020 電視節目製作業；J503030 廣播電視節目發行業；J602010 演藝活動業；J401010 電影片製作業；J303010 雜誌（期刊）出版業；J305010 有聲出版業；J601010 藝文服務業；J404010 動畫影片製作業；JZ99050 仲介服務業,臺北市,變更,11506
91115353,重量投資股份有限公司,臺北市信義區松德路161號12樓,歐曜瑋,7759,,115/06/23,特殊補正,F118010 資訊軟體批發業；F218010 資訊軟體零售業；F401010 國際貿易業；F399040 無店面零售業；F601010 智慧財產權業；H201010 一般投資業；I301010 資訊軟體服務業；I301020 資料處理服務業；I301030 電子資訊供應服務業；I301040 第三方支付服務業,臺北市,變更,11506
91115500,卡布數位科技有限公司,臺北市中山區南京東路1段15號3樓,吳宇祥,500000,,115/06/12,特殊補正,I401010 一般廣告服務業；ZZ99999 除許可業務外，得經營法令非禁止或限制之業務,臺北市,變更,11506
92600425,松頤股份有限公司,臺北市中正區中山北路1段2號2樓之7,黃至君,70000000,,115/06/15,申登機關變更（遷入，含卷）,F113020 電器批發業；F113030 精密儀器批發業；F113050 電腦及事務性機器設備批發業；F113990 其他機械器具批發業；F118010 資訊軟體批發業；F119010 電子材料批發業；F213010 電器零售業；F213030 電腦及事務性機器設備零售業；F213040 精密儀器零售業；F213080 機械器具零售業,臺北市,變更,11506
93365497,友馳股份有限公司,臺北市內湖區南京東路6段109號5樓,彭建彰,1000000,,115/06/18,特殊補正,F114010 汽車批發業；F214010 汽車零售業；I301020 資料處理服務業；I301030 電子資訊供應服務業；I301040 第三方支付服務業；I401010 一般廣告服務業；JA01010 汽車修理業；JA01990 其他汽車服務業；ZZ99999 除許可業務外，得經營法令非禁止或限制之業務,臺北市,變更,11506
93365969,清朝苑有限公司,臺北市大安區忠孝東路4段319號6樓之1,朱映蓉,100000,,115/06/29,特殊補正,F203010 食品什貨、飲料零售業；F208040 化粧品零售業；F204110 布疋、衣著、鞋、帽、傘、服飾品零售業；F206020 日常用品零售業；F401010 國際貿易業；I103060 管理顧問業；F399040 無店面零售業；ZZ99999 除許可業務外，得經營法令非禁止或限制之業務,臺北市,變更,11506
93366616,銳傳媒文化事業股份有限公司,臺北市大同區酒泉街34之1號6樓,陳榮祥,4300000,,115/06/17,特殊補正,J301010 報紙業；J302010 通訊稿業；J303010 雜誌（期刊）出版業；J304010 圖書出版業；J305010 有聲出版業；J601010 藝文服務業；J602010 演藝活動業；J701040 休閒活動場館業；J803010 運動表演業；J803020 運動比賽業,臺北市,變更,11506
93367360,鴻睿整合有限公司,臺北市大安區羅斯福路2段93號18樓,陳怡廷,10000000,,115/06/29,特殊補正,I401010 一般廣告服務業；I501010 產品設計業；H703090 不動產買賣業；J601010 藝文服務業；J799990 其他休閒服務業；JB01010 會議及展覽服務業；I199990 其他顧問服務業；F399040 無店面零售業；E801010 室內裝潢業；ZZ99999 除許可業務外，得經營法令非禁止或限制之業務,臺北市,變更,11506
93367707,涵栩國際有限公司,臺北市松山區八德路3段20號7樓之3,楊文怡,3000000,,115/06/01,特殊補正,F105050 家具、寢具、廚房器具、裝設品批發業；F106020 日常用品批發業；F109070 文教、樂器、育樂用品批發業；F401010 國際貿易業；C701010 印刷業；F102020 食用油脂批發業；F104110 布疋、衣著、鞋、帽、傘、服飾品批發業；F106010 五金批發業；F106050 陶瓷玻璃器皿批發業；F107030 清潔用品批發業,臺北市,變更,11506
93368229,允旭有限公司,臺北市大安區忠孝東路4段295號3樓,林習瑞,200000,,115/06/12,特殊補正,F102170 食品什貨批發業；F203010 食品什貨、飲料零售業；F501060 餐館業；ZZ99999 除許可業務外，得經營法令非禁止或限制之業務,臺北市,變更,11506
93368810,震撼貿易有限公司,臺北市信義區松德路9號1樓,許震宇,300000,,115/06/09,特殊補正,F209060 文教、樂器、育樂用品零售業；F213010 電器零售業；F213030 電腦及事務性機器設備零售業；F213040 精密儀器零售業；F213060 電信器材零售業；F213110 電池零售業；F216010 照相器材零售業；F218010 資訊軟體零售業；F219010 電子材料零售業；F399040 無店面零售業,臺北市,變更,11506
93369228,同益投資股份有限公司,臺北市信義區基隆路1段206號18樓,林明紅,2800000,,115/06/26,改選董事/監察人(一人法人股東指派董事/監察人),H201010 一般投資業,臺北市,變更,11506
93369331,卓誠文化有限公司,臺北市中正區懷寧街76號1樓,吳恩綺,500000,,115/06/18,特殊補正,F204110 布疋、衣著、鞋、帽、傘、服飾品零售業；F104110 布疋、衣著、鞋、帽、傘、服飾品批發業；ZZ99999 除許可業務外，得經營法令非禁止或限制之業務,臺北市,變更,11506
93369959,牛肆食堂股份有限公司,臺北市中山區吉林路422、424號,鄭信男,5000000,,115/06/03,董事/監察人持股變動報備,F203010 食品什貨、飲料零售業；F203020 菸酒零售業；F501060 餐館業；I101090 食品顧問業；I103060 管理顧問業；ZZ99999 除許可業務外，得經營法令非禁止或限制之業務,臺北市,變更,11506
93370506,怡希迪股份有限公司,臺北市大同區承德路1段17號13樓之3,德澤奨,2000000,,115/06/25,特殊補正,F401010 國際貿易業；F208040 化粧品零售業；F108040 化粧品批發業；F399040 無店面零售業；F203010 食品什貨、飲料零售業；F102170 食品什貨批發業；F206020 日常用品零售業；F106020 日常用品批發業；F299990 其他零售業；F199990 其他批發業,臺北市,變更,11506
93379443,力隼創業投資股份有限公司,臺北市內湖區洲子街79號2樓,高誌廷,240000000,,115/06/17,改選董事/監察人(一人法人股東指派董事/監察人),H202010 創業投資業,臺北市,變更,11506
93380265,花蒔苑欣業股份有限公司,臺北市大同區南京西路62號7樓,吳沛謙,1000000,,115/06/16,特殊補正,F102050 茶葉批發業；F102170 食品什貨批發業；F108040 化粧品批發業；F106050 陶瓷玻璃器皿批發業；F105050 家具、寢具、廚房器具、裝設品批發業；F201010 農產品零售業；F401010 國際貿易業；F399040 無店面零售業；F102030 菸酒批發業；F203020 菸酒零售業,臺北市,變更,11506
93380498,藝起玩生活事業有限公司,臺北市中正區許昌街42號8樓,陳淑珍,200000,,115/06/12,特殊補正,F102170 食品什貨批發業；F106020 日常用品批發業；F106050 陶瓷玻璃器皿批發業；F106060 寵物食品及其用品批發業；F399040 無店面零售業；F401010 國際貿易業；I301010 資訊軟體服務業；I301020 資料處理服務業；I301030 電子資訊供應服務業；I401010 一般廣告服務業,臺北市,變更,11506
93380770,飛騰資本股份有限公司,臺北市大安區敦化南路1段138號4樓之8,周鍾成,181290000,,115/06/04,發行新股,H201010 一般投資業；H202010 創業投資業；ZZ99999 除許可業務外，得經營法令非禁止或限制之業務,臺北市,變更,11506
93381362,渥森管理顧問有限公司,臺北市中正區許昌街42號8樓,田雅蘋,3000000,,115/06/16,特殊補正,F399040 無店面零售業；F401010 國際貿易業；I103060 管理顧問業；IZ12010 人力派遣業；J101010 建築物清潔服務業；J101020 病媒防治業；J101030 廢棄物清除業；J101040 廢棄物處理業；IZ04010 翻譯業；JA05010 留、遊學服務業,臺北市,變更,11506
93484796,家寶清潔有限公司,臺北市中正區仁愛路2段25號5樓,温政豪,100000,,115/06/08,股東出資轉讓修正章程,E801010 室內裝潢業；F106020 日常用品批發業；F107030 清潔用品批發業；F107080 環境用藥批發業；F107990 其他化學製品批發業；F199990 其他批發業；F206020 日常用品零售業；F207030 清潔用品零售業；F213010 電器零售業；F213030 電腦及事務性機器設備零售業,臺北市,變更,11506
93485113,艾斯星媒體股份有限公司,臺北市松山區南京東路5段296號4樓之1,彭弘毅,3780000,,115/06/16,特殊補正,F118010 資訊軟體批發業；F299990 其他零售業；F399040 無店面零售業；F399990 其他綜合零售業；F401010 國際貿易業；F601010 智慧財產權業；I103060 管理顧問業；I199990 其他顧問服務業；I301010 資訊軟體服務業；I301020 資料處理服務業,臺北市,變更,11506
93485319,帕柏思有限公司,臺北市大安區忠孝東路4段169號12樓之4,李建明,400000,,115/06/26,股東出資轉讓修正章程,F102040 飲料批發業；F102170 食品什貨批發業；F203010 食品什貨、飲料零售業；F203020 菸酒零售業；F203030 酒精零售業；F401010 國際貿易業；F501030 飲料店業；F501050 飲酒店業；F501060 餐館業；ZZ99999 除許可業務外，得經營法令非禁止或限制之業務,臺北市,變更,11506
93490988,羅仔廣告行銷有限公司,臺北市大同區重慶北路3段108號2樓,羅元懋,100000,,115/06/04,特殊補正,F601010 智慧財產權業；I103060 管理顧問業；I301010 資訊軟體服務業；I301020 資料處理服務業；I301030 電子資訊供應服務業；I401010 一般廣告服務業；I401020 廣告傳單分送業；I501010 產品設計業；J303010 雜誌（期刊）出版業；J304010 圖書出版業,臺北市,變更,11506
93497259,禾麗陽生技股份有限公司,臺北市內湖區內湖路1段88號4樓,唐錦榮,110820680,,115/06/11,特殊補正,C199990 未分類其他食品製造業；C201020 寵物食品製造業；C802100 化粧品製造業；C802060 動物用藥製造業；F102170 食品什貨批發業；F108021 西藥批發業；F108031 醫療器材批發業；F106060 寵物食品及其用品批發業；F107070 動物用藥品批發業；F108040 化粧品批發業,臺北市,變更,11506
93497589,兆一科技有限公司,臺北市中正區館前路34號11樓,許妍彤,3000000,,115/06/25,特殊補正,CC01060 有線通信機械器材製造業；CC01070 無線通信機械器材製造業；CC01080 電子零組件製造業；CC01110 電腦及其週邊設備製造業；CC01120 資料儲存媒體製造及複製業；CE01010 一般儀器製造業；E605010 電腦設備安裝業；F104110 布疋、衣著、鞋、帽、傘、服飾品批發業；F105050 家具、寢具、廚房器具、裝設品批發業；F106020 日常用品批發業,臺北市,變更,11506
93516158,香港商翔匯國際有限公司,臺北市信義區基隆路1段25號3樓,黃素英,5000000,,115/06/16,一般補正案,F401010 國際貿易業；G501020 民用航空總代理業；G601011 航空貨運承攬業；G801010 倉儲業；IZ06010 理貨包裝業；ZZ99999 除許可業務外，得經營法令非禁止或限制之業務,臺北市,變更,11506
93518064,冠埕科技股份有限公司,臺北市內湖區民權東路6段296巷121號地下1層之1,黃兆欣,6500000,,115/06/17,特殊補正,CB01010 機械設備製造業；F401010 國際貿易業；ZZ99999 除許可業務外，得經營法令非禁止或限制之業務,臺北市,變更,11506
93518233,瑪亞管理顧問有限公司,臺北市大同區長安西路56號4樓,賴蒼威,2000000,,115/06/10,公司名稱變更修正章程,CC01010 發電、輸電、配電機械製造業；CC01080 電子零組件製造業；CC01090 電池製造業；CD01040 機車及其零件製造業；CD01050 自行車及其零件製造業；E601010 電器承裝業；E606010 用電設備檢驗維護業；F113110 電池批發業；F213110 電池零售業；F119010 電子材料批發業,臺北市,變更,11506
93519839,高藝努室內裝修有限公司,臺北市中正區南昌路1段87號4樓,高志訓（KO JI HUN）,5000000,,115/06/12,法人股東指(改)派代表人為董事,C501030 合板製造業；CA02030 螺絲、螺帽、螺絲釘、及鉚釘等製品製造業；CA02080 金屬鍛造業；CA02090 金屬線製品製造業；CA04010 表面處理業；C901070 石材製品製造業；E801020 門窗安裝工程業；E801030 室內輕鋼架工程業；E801060 室內裝修業；E801070 廚具、衛浴設備安裝工程業,臺北市,變更,11506
93520147,澄庭國際有限公司,臺北市大安區敦化南路1段205號2樓之8,蔡善易,500000,,115/06/24,特殊補正,F102030 菸酒批發業；F102040 飲料批發業；F102170 食品什貨批發業；F106020 日常用品批發業；F203010 食品什貨、飲料零售業；F203020 菸酒零售業；F206020 日常用品零售業；F401010 國際貿易業；F501030 飲料店業；F501060 餐館業,臺北市,變更,11506
93520511,簡單溫度計媒體科技股份有限公司,臺北市信義區基隆路1段178號5樓,翁子騏,10000000,,115/06/22,特殊補正,I301010 資訊軟體服務業；I401010 一般廣告服務業；IZ13010 網路認證服務業；I199990 其他顧問服務業；JB01010 會議及展覽服務業；F501050 飲酒店業；F501060 餐館業；F501030 飲料店業；F601010 智慧財產權業；ZZ99999 除許可業務外，得經營法令非禁止或限制之業務,臺北市,變更,11506
93521639,沃旭西北大彰化控股股份有限公司,臺北市信義區松智路1號19樓,楊雅雯,2680,,115/06/05,特殊補正,H201010 一般投資業；ZZ99999 除許可業務外，得經營法令非禁止或限制之業務,臺北市,變更,11506
93521758,們創意股份有限公司,臺北市大同區環河北路2段271號1樓,曲哲君,3000000,,115/06/22,特殊補正,F114010 汽車批發業；F114020 機車批發業；F114030 汽、機車零件配備批發業；F114040 自行車及其零件批發業；F114050 車胎批發業；F114060 船舶及其零件批發業；F114070 航空器及其零件批發業；F114080 軌道車輛及其零件批發業；F114990 其他交通運輸工具及其零件批發業；F214010 汽車零售業,臺北市,變更,11506
93522356,台灣日清食品股份有限公司,臺北市松山區民權東路3段142號7樓之4,菊永健,26000000,,115/06/10,特殊補正,C103050 罐頭、冷凍、脫水及醃漬食品製造業；C104020 烘焙炊蒸食品製造業；C110010 飲料製造業；C802090 清潔用品製造業；F102020 食用油脂批發業；F102040 飲料批發業；F102050 茶葉批發業；F102170 食品什貨批發業；F199990 其他批發業；F201010 農產品零售業,臺北市,變更,11506
93522454,永恆突觸股份有限公司,臺北市信義區基隆路1段149號7樓之1,周翰森,5310000,,115/06/10,補繳規費,CC01120 資料儲存媒體製造及複製業；F113050 電腦及事務性機器設備批發業；F118010 資訊軟體批發業；F213030 電腦及事務性機器設備零售業；F218010 資訊軟體零售業；F401010 國際貿易業；F601010 智慧財產權業；H204010 私募股權投資業；I102010 一般投資顧問業；I103060 管理顧問業,臺北市,變更,11506
93522573,湁光國際股份有限公司,臺北市大安區忠孝東路4段169號5樓之2,李恩承,2000000,,115/06/22,特殊補正,F108040 化粧品批發業；F208040 化粧品零售業；F106020 日常用品批發業；F206020 日常用品零售業；I102010 一般投資顧問業；I103060 管理顧問業；I301010 資訊軟體服務業；I301020 資料處理服務業；ZZ99999 除許可業務外，得經營法令非禁止或限制之業務,臺北市,變更,11506
93522638,飛鵬投資顧問有限公司,臺北市松山區復興南路1段45號5樓,羅建明,2700000,,115/06/22,特殊補正,I103060 管理顧問業；I102010 一般投資顧問業；I199990 其他顧問服務業；H703100 不動產租賃業；H201010 一般投資業；ZZ99999 除許可業務外，得經營法令非禁止或限制之業務,臺北市,變更,11506
93529739,桓豐科技有限公司,臺北市中山區錦州街46號9樓之1,李偉聖,1000000,,115/06/17,公司所在地,F118010 資訊軟體批發業；F218010 資訊軟體零售業；F399040 無店面零售業；F401010 國際貿易業；IZ13010 網路認證服務業；I301010 資訊軟體服務業；I301020 資料處理服務業；I301030 電子資訊供應服務業；J399010 軟體出版業；ZZ99999 除許可業務外，得經營法令非禁止或限制之業務,臺北市,變更,11506
93529816,皓談心理科技股份有限公司,臺北市大同區重慶北路2段48號9樓之3,黃文宏,7480000,,115/06/29,改選董事/監察人(一人法人股東指派董事/監察人),I301010 資訊軟體服務業；I301020 資料處理服務業；I301030 電子資訊供應服務業；I401010 一般廣告服務業；F118010 資訊軟體批發業；F218010 資訊軟體零售業；F399040 無店面零售業；F401010 國際貿易業；IG02010 研究發展服務業；I199990 其他顧問服務業,臺北市,變更,11506
93530150,瀾殷投資有限公司,臺北市南港區南港路3段50巷15號3樓,李享洲,3000000,,115/06/30,補繳規費,H201010 一般投資業；I102010 一般投資顧問業；I103060 管理顧問業；I199990 其他顧問服務業；ZZ99999 除許可業務外，得經營法令非禁止或限制之業務,臺北市,變更,11506
93530193,漢采健康事業有限公司,臺北市中正區丹陽街16號,李柏漢,850000,,115/06/22,減少所營事業變更修正章程,J802010 運動訓練業；J803010 運動表演業；IZ12010 人力派遣業；I103060 管理顧問業；I199990 其他顧問服務業；ZZ99999 除許可業務外，得經營法令非禁止或限制之業務,臺北市,變更,11506
93532397,孟霖開發有限公司,臺北市士林區大北路45號1樓,李岳霖,1000000,,115/06/15,特殊補正,H201010 一般投資業；H701010 住宅及大樓開發租售業；H701020 工業廠房開發租售業；H701050 投資興建公共建設業；H701060 新市鎮、新社區開發業；H701070 區段徵收及市地重劃代辦業；H701090 都市更新整建維護業；H703090 不動產買賣業；H703100 不動產租賃業；I102010 一般投資顧問業,臺北市,變更,11506
93532848,安珩貿易有限公司,臺北市大安區復興南路1段201號10樓,許毓倚,100000,,115/06/30,特殊補正,F106020 日常用品批發業；F102050 茶葉批發業；F108040 化粧品批發業；F107030 清潔用品批發業；F401010 國際貿易業；F399990 其他綜合零售業；F399040 無店面零售業；I103060 管理顧問業；I199990 其他顧問服務業；I301010 資訊軟體服務業,臺北市,變更,11506
93535325,仕鼎營造股份有限公司,臺北市士林區中山北路6段89號10樓,陳福成,10000000,,115/06/11,特殊補正,B101010 煤礦業；B102010 石油及天然氣礦業；B201010 金屬礦業；B202010 非金屬礦業；B601010 土石採取業；CB01010 機械設備製造業；CB01030 污染防治設備製造業；CD01020 軌道車輛及其零件製造業；D301010 自來水經營業；D401010 熱能供應業,臺北市,變更,11506
93535872,魅力傳媒有限公司,臺北市大安區忠孝東路4段221號10樓,熊仁莊,830000,,115/06/25,特殊補正,J401010 電影片製作業；J402010 電影片發行業；J404050 電影特效製作業；J503040 廣播電視廣告業；J305010 有聲出版業；J399010 軟體出版業；J601010 藝文服務業；I103060 管理顧問業；I199990 其他顧問服務業；I401010 一般廣告服務業,臺北市,變更,11506
93536099,電通置地股份有限公司,臺北市信義區松高路77號49樓,稲坂智典,21000000,,115/06/08,特殊補正,H703090 不動產買賣業；H703100 不動產租賃業；JE01010 租賃業；ZZ99999 除許可業務外，得經營法令非禁止或限制之業務,臺北市,變更,11506
93537203,黑十有限公司,臺北市中山區南京東路2段7號1樓,余雅婷,2900000,,115/06/25,特殊補正,F501050 飲酒店業；J601010 藝文服務業；J602010 演藝活動業；J799990 其他休閒服務業；ZZ99999 除許可業務外，得經營法令非禁止或限制之業務；F501060 餐館業,臺北市,變更,11506
93539531,澐游國際股份有限公司,臺北市內湖區民權東路6段180巷6號9樓之29,劉乃瑜,2000000,,115/06/16,特殊補正,F102030 菸酒批發業；F107030 清潔用品批發業；F113110 電池批發業；F107200 化學原料批發業；F113050 電腦及事務性機器設備批發業；F101050 水產品批發業；F101130 蔬果批發業；F102020 食用油脂批發業；F102040 飲料批發業；F102050 茶葉批發業,臺北市,變更,11506
93546174,康麗富洗髮有限公司,臺北市中山區長安東路2段178號5樓之3,黃悅晴,6000000,,115/06/01,特殊補正,JZ99080 美容美髮服務業；F208040 化粧品零售業；F108040 化粧品批發業；F207030 清潔用品零售業；F107030 清潔用品批發業；F206020 日常用品零售業；F106020 日常用品批發業；F203010 食品什貨、飲料零售業；F102170 食品什貨批發業；F401010 國際貿易業,臺北市,變更,11506
93548145,力赴科技有限公司,臺北市中山區中山北路3段27號3樓之6,陳挺盛,6000000,,115/06/10,特殊補正,F119010 電子材料批發業；F218010 資訊軟體零售業；F219010 電子材料零售業；F401010 國際貿易業；I103060 管理顧問業；I301010 資訊軟體服務業；I301020 資料處理服務業；I301030 電子資訊供應服務業；ZZ99999 除許可業務外，得經營法令非禁止或限制之業務,臺北市,變更,11506
93548222,犀利資本文創股份有限公司,臺北市內湖區舊宗路1段159號9樓,高明慧,598000000,,115/06/15,補選董事(常務董事.董事長)/監察人,CC01120 資料儲存媒體製造及複製業；E605010 電腦設備安裝業；F113050 電腦及事務性機器設備批發業；F118010 資訊軟體批發業；F119010 電子材料批發業；F213030 電腦及事務性機器設備零售業；F218010 資訊軟體零售業；F219010 電子材料零售業；F399040 無店面零售業；F401010 國際貿易業,臺北市,變更,11506
93553884,麒翔超本革股份有限公司,臺北市松山區民權東路3段178號8樓,簡連鋒,200000,,115/06/03,特殊補正,H201010 一般投資業；JZ99050 仲介服務業；C302010 織布業；C305010 印染整理業；C399990 其他紡織及製品製造業；C301010 紡紗業；C805010 塑膠皮、布、板、管材製造業；EZ99990 其他工程業；F104110 布疋、衣著、鞋、帽、傘、服飾品批發業；F204110 布疋、衣著、鞋、帽、傘、服飾品零售業,臺北市,變更,11506
93556572,亨圖有限公司,臺北市中正區忠孝西路1段72號2樓之1,林邑泉,900000,,115/06/30,減少所營事業變更修正章程,J799990 其他休閒服務業；I301010 資訊軟體服務業；I301020 資料處理服務業；I301030 電子資訊供應服務業；I301050 實境體感應用服務業；I401010 一般廣告服務業；I599990 其他設計業；I199990 其他顧問服務業；F118010 資訊軟體批發業；F218010 資訊軟體零售業,臺北市,變更,11506
93556685,福越有限公司,臺北市大安區忠孝東路4段59號7樓之2,吳祥輝,9000000,,115/06/17,股東出資轉讓修正章程,F401010 國際貿易業；F401991 其他輸出入業；H701060 新市鎮、新社區開發業；I102010 一般投資顧問業；I103060 管理顧問業；I105010 藝術品諮詢顧問業；I501010 產品設計業；I599990 其他設計業；IZ04010 翻譯業；J302010 通訊稿業,臺北市,變更,11506
93556714,台灣基古超音波有限公司,臺北市中山區中山北路3段27號7樓之6,洪綱,100000,,115/06/15,特殊補正,ZZ99999 除許可業務外，得經營法令非禁止或限制之業務；F106020 日常用品批發業；F108040 化粧品批發業；F121010 食品添加物批發業；F199990 其他批發業；F203010 食品什貨、飲料零售業；F208040 化粧品零售業；F221010 食品添加物零售業；F401010 國際貿易業；I103060 管理顧問業,臺北市,變更,11506
93557170,湧現智庫股份有限公司,臺北市南港區經貿二路198號8樓之1,石浩吉,11000000,,115/06/16,特殊補正,J399010 軟體出版業；F118010 資訊軟體批發業；F218010 資訊軟體零售業；F113050 電腦及事務性機器設備批發業；F213030 電腦及事務性機器設備零售業；F113020 電器批發業；F213010 電器零售業；F113030 精密儀器批發業；F213040 精密儀器零售業；F119010 電子材料批發業,臺北市,變更,11506
93557495,台灣大和房屋不動產管理顧問股份有限公司,臺北市中正區許昌街17號13樓之1,佐藤一哉,297023000,,115/06/11,公司所在地,JZ99050 仲介服務業；I103060 管理顧問業；H701010 住宅及大樓開發租售業；H703090 不動產買賣業；H703100 不動產租賃業；G202010 停車場經營業；ZZ99999 除許可業務外，得經營法令非禁止或限制之業務,臺北市,變更,11506
93557538,二次人生有限公司,臺北市信義區忠孝東路5段269號3樓,簡祐延,70000,,115/06/01,補繳規費,F109070 文教、樂器、育樂用品批發業；F209060 文教、樂器、育樂用品零售業；F601010 智慧財產權業；J401010 電影片製作業；J402010 電影片發行業；J503020 電視節目製作業；JE01010 租賃業；ZZ99999 除許可業務外，得經營法令非禁止或限制之業務,臺北市,變更,11506
93557565,新盛氫能科技股份有限公司,臺北市松山區復興北路57號10樓之2,熊宗紳,1000000,,115/06/26,改選董事/監察人(一人法人股東指派董事/監察人),C801010 基本化學工業；F107200 化學原料批發業；F107990 其他化學製品批發業；IG03010 能源技術服務業；C801990 其他化學材料製造業；CC01010 發電、輸電、配電機械製造業；ZZ99999 除許可業務外，得經營法令非禁止或限制之業務；H201010 一般投資業；I103060 管理顧問業,臺北市,變更,11506
93558163,牛琅溫體牛肉股份有限公司,臺北市中山區樂群三路303號3樓,鄭義男,5000000,,115/06/16,特殊補正,F203010 食品什貨、飲料零售業；F203020 菸酒零售業；F501060 餐館業；I101090 食品顧問業；I103060 管理顧問業；ZZ99999 除許可業務外，得經營法令非禁止或限制之業務,臺北市,變更,11506
93558804,羅絲萊斯有限公司,臺北市松山區南京東路5段405號4樓之6,陳盈穎,200000,,115/06/25,特殊補正,F104110 布疋、衣著、鞋、帽、傘、服飾品批發業；F204110 布疋、衣著、鞋、帽、傘、服飾品零售業；F106020 日常用品批發業；F206020 日常用品零售業；F105050 家具、寢具、廚房器具、裝設品批發業；F205040 家具、寢具、廚房器具、裝設品零售業；F108040 化粧品批發業；F208040 化粧品零售業；F399040 無店面零售業；F401010 國際貿易業,臺北市,變更,11506
93559022,日曜樂園有限公司,臺北市松山區八德路4段699號5樓之3,孫于凱,1200000,,115/06/08,股東出資轉讓修正章程,F399040 無店面零售業；F401010 國際貿易業；I103060 管理顧問業；I199990 其他顧問服務業；I301010 資訊軟體服務業；I301020 資料處理服務業；I301030 電子資訊供應服務業；I401010 一般廣告服務業；I401020 廣告傳單分送業；I501010 產品設計業,臺北市,變更,11506
93559064,短傳媒創意有限公司,臺北市中正區忠孝東路1段176號5樓,吳祥輝,3000000,,115/06/17,改推董事/董事長,I401010 一般廣告服務業；J399990 其他出版業；J503010 廣播節目製作業；J503020 電視節目製作業；J503030 廣播電視節目發行業；J503040 廣播電視廣告業；J503050 錄影節目帶業；J601010 藝文服務業；J602010 演藝活動業；ZZ99999 除許可業務外，得經營法令非禁止或限制之業務,臺北市,變更,11506
93563617,龍吉祥國際事業有限公司,臺北市信義區忠孝東路5段68號29樓,鄒佾霖,100000,,115/06/30,特殊補正,I199990 其他顧問服務業；F104110 布疋、衣著、鞋、帽、傘、服飾品批發業；F204110 布疋、衣著、鞋、帽、傘、服飾品零售業；F399040 無店面零售業；F401010 國際貿易業；ZZ99999 除許可業務外，得經營法令非禁止或限制之業務,臺北市,變更,11506
93567108,高禾能源股份有限公司,臺北市中山區雙城街34號4樓,劉信賢,50000000,,115/06/09,特殊補正,CB01990 其他機械製造業；CC01010 發電、輸電、配電機械製造業；CC01990 其他電機及電子機械器材製造業；D101060 再生能源自用發電設備業；D101050 汽電共生業；D401010 熱能供應業；E601010 電器承裝業；E601020 電器安裝業；E604010 機械安裝業；E606010 用電設備檢驗維護業,臺北市,變更,11506
93575487,美好驛站管理顧問有限公司,臺北市中正區漢口街1段45號6樓,林怡慧,5000000,,115/06/10,股東出資轉讓修正章程,F203010 食品什貨、飲料零售業；F501060 餐館業；H703100 不動產租賃業；I103060 管理顧問業；I199990 其他顧問服務業；IZ12010 人力派遣業；J601010 藝文服務業；J602010 演藝活動業；JE01010 租賃業；ZZ99999 除許可業務外，得經營法令非禁止或限制之業務,臺北市,變更,11506
93581501,起源數位科技有限公司,臺北市信義區忠孝東路5段510號17樓之2,王威智,8000000,,115/06/25,公司外文名稱登記修正章程,F118010 資訊軟體批發業；F218010 資訊軟體零售業；I301010 資訊軟體服務業；I301020 資料處理服務業；I301030 電子資訊供應服務業；I501010 產品設計業；I599990 其他設計業；ZZ99999 除許可業務外，得經營法令非禁止或限制之業務,臺北市,變更,11506
93591000,一曜再生醫學科技股份有限公司,臺北市南港區成功路1段66號3樓,李冠緯,66899660,,115/06/16,特殊補正,F208050 乙類成藥零售業；F108040 化粧品批發業；F208040 化粧品零售業；F107200 化學原料批發業；F207200 化學原料零售業；IG01010 生物技術服務業；J305010 有聲出版業；IG02010 研究發展服務業；F203010 食品什貨、飲料零售業；F102170 食品什貨批發業,臺北市,變更,11506
93591374,集星資通股份有限公司,臺北市中山區長安東路1段23號10樓之2,呂柏彥,46562500,,115/06/30,發行新股,I301030 電子資訊供應服務業；JZ99990 未分類其他服務業；CC01120 資料儲存媒體製造及複製業；I301010 資訊軟體服務業；JI01010 互動式情境體驗服務業；I301020 資料處理服務業；I401010 一般廣告服務業；IZ13010 網路認證服務業；IZ99990 其他工商服務業；J602010 演藝活動業,臺北市,變更,11506
93596737,晧飛思科技股份有限公司,臺北市南港區經貿二路198號8樓之1,石浩吉,95000000,,115/06/29,補繳規費,J399010 軟體出版業；J399990 其他出版業；F118010 資訊軟體批發業；F218010 資訊軟體零售業；F113030 精密儀器批發業；F213040 精密儀器零售業；F119010 電子材料批發業；F219010 電子材料零售業；F113070 電信器材批發業；F213060 電信器材零售業,臺北市,變更,11506
93598046,大製造股份有限公司,臺北市松山區南京東路4段25號12樓,郝明義,1000000,,115/06/29,增資(資本總額),C701010 印刷業；C702010 製版業；C703010 印刷品裝訂及加工業；E801010 室內裝潢業；F104110 布疋、衣著、鞋、帽、傘、服飾品批發業；F105050 家具、寢具、廚房器具、裝設品批發業；F109070 文教、樂器、育樂用品批發業；F111090 建材批發業；F209060 文教、樂器、育樂用品零售業；F399040 無店面零售業,臺北市,變更,11506
93598313,深生整合行銷有限公司,臺北市松山區塔悠路27號6樓之1,李旻哲,3000000,,115/06/26,股東出資轉讓修正章程,I105010 藝術品諮詢顧問業；J202010 產業育成業；J399990 其他出版業；F601010 智慧財產權業；F205040 家具、寢具、廚房器具、裝設品零售業；F206020 日常用品零售業；F209060 文教、樂器、育樂用品零售業；C307010 服飾品製造業；C399990 其他紡織及製品製造業；C401030 皮革、毛皮整製業,臺北市,變更,11506
93599122,赫博納光學股份有限公司,臺北市松山區復興北路57號14樓之3,高海克Hakan Vilhelm KARLSSON,150000,,115/06/12,改派董事/監察人,CC01060 有線通信機械器材製造業；CC01070 無線通信機械器材製造業；CC01080 電子零組件製造業；CE01030 光學儀器製造業；F401010 國際貿易業；H201010 一般投資業；I103060 管理顧問業；I301010 資訊軟體服務業；ZZ99999 除許可業務外，得經營法令非禁止或限制之業務,臺北市,變更,11506
93599349,晶好新行銷股份有限公司,臺北市中正區開封街1段37號11樓,韓欣芸,2000000,,115/06/30,董事/監察人持股變動報備,I301010 資訊軟體服務業；I301020 資料處理服務業；I301030 電子資訊供應服務業；JZ99050 仲介服務業；F104110 布疋、衣著、鞋、帽、傘、服飾品批發業；F105050 家具、寢具、廚房器具、裝設品批發業；JB01010 會議及展覽服務業；F106020 日常用品批發業；F106050 陶瓷玻璃器皿批發業；F106060 寵物食品及其用品批發業,臺北市,變更,11506
93606897,夢田果果文化科技股份有限公司,臺北市中山區南京東路2段101號11樓,陳天慈,2100000,,115/06/22,特殊補正,F209060 文教、樂器、育樂用品零售業；F204110 布疋、衣著、鞋、帽、傘、服飾品零售業；F206020 日常用品零售業；F213030 電腦及事務性機器設備零售業；F399040 無店面零售業；F601010 智慧財產權業；I401010 一般廣告服務業；I301010 資訊軟體服務業；I301020 資料處理服務業；I301030 電子資訊供應服務業,臺北市,變更,11506
93609352,榮騰富宇股份有限公司,臺北市中正區羅斯福路3段84巷13號1樓,李民偉,5000000,,115/06/12,修正章程,I103060 管理顧問業；I199990 其他顧問服務業；I301010 資訊軟體服務業；I301020 資料處理服務業；I301030 電子資訊供應服務業；I301040 第三方支付服務業；I401010 一般廣告服務業；IZ12010 人力派遣業；J202010 產業育成業；JE01010 租賃業,臺北市,變更,11506
93609851,速邑開發股份有限公司,臺北市中山區民生東路1段42號3樓之1,王蘿翔,25000000,,115/06/11,特殊補正,H703090 不動產買賣業；H703100 不動產租賃業；JZ99050 仲介服務業；H702010 建築經理業；HZ99990 其他金融、保險及不動產業；H701040 特定專業區開發業；H701070 區段徵收及市地重劃代辦業；H701080 都市更新重建業；H701090 都市更新整建維護業；ZZ99999 除許可業務外，得經營法令非禁止或限制之業務,臺北市,變更,11506
93611250,點石金品有限公司,臺北市中正區忠孝西路1段50號11樓之5,王宏亮,5000000,,115/06/18,特殊補正,F215010 首飾及貴金屬零售業；F401010 國際貿易業；I102010 一般投資顧問業；I103060 管理顧問業；I199990 其他顧問服務業；JB01010 會議及展覽服務業；H703100 不動產租賃業；IZ99990 其他工商服務業；ZZ99999 除許可業務外，得經營法令非禁止或限制之業務,臺北市,變更,11506
93632157,愛樂唯國際股份有限公司,臺北市松山區光復北路112號7樓,王晴玟,60000000,,115/06/03,特殊補正,F108040 化粧品批發業；F107030 清潔用品批發業；F121010 食品添加物批發業；F102170 食品什貨批發業；F401010 國際貿易業；F208040 化粧品零售業；F221010 食品添加物零售業；F207030 清潔用品零售業；F203010 食品什貨、飲料零售業；F106020 日常用品批發業,臺北市,變更,11506
93639004,台灣經技服務股份有限公司,臺北市中山區建國北路2段262號2樓,越水隆行,500000,,115/06/18,改選董事/監察人(一人法人股東指派董事/監察人),ZZ99999 除許可業務外，得經營法令非禁止或限制之業務；F118010 資訊軟體批發業；F218010 資訊軟體零售業；I301010 資訊軟體服務業；I301020 資料處理服務業；I301030 電子資訊供應服務業；I501010 產品設計業；I401010 一般廣告服務業；IZ15010 市場研究及民意調查業；I103060 管理顧問業,臺北市,變更,11506
93639659,瑞宇智庫有限公司,臺北市士林區雨農路32巷12弄3號4樓,陳葦珊,1000000,,115/06/26,股東出資轉讓修正章程,JB01010 會議及展覽服務業；F109070 文教、樂器、育樂用品批發業；F209060 文教、樂器、育樂用品零售業；F118010 資訊軟體批發業；F218010 資訊軟體零售業；F399040 無店面零售業；F401010 國際貿易業；I401010 一般廣告服務業；J303010 雜誌（期刊）出版業；J399010 軟體出版業,臺北市,變更,11506
93642900,車普羅股份有限公司,臺北市內湖區內湖路1段91巷24弄4號1樓,戴志毅,1000000,,115/06/10,減少所營事業變更修正章程,F104110 布疋、衣著、鞋、帽、傘、服飾品批發業；F108040 化粧品批發業；F109070 文教、樂器、育樂用品批發業；F113050 電腦及事務性機器設備批發業；F114010 汽車批發業；F114030 汽、機車零件配備批發業；F119010 電子材料批發業；F204110 布疋、衣著、鞋、帽、傘、服飾品零售業；F208040 化粧品零售業；F209060 文教、樂器、育樂用品零售業,臺北市,變更,11506
93645596,韓商艾優酷股份有限公司,臺北市松山區南京東路5段188號9樓之7,金鎭峴,500000,,115/06/30,一般補正案,F113050 電腦及事務性機器設備批發業；E605010 電腦設備安裝業；I199990 其他顧問服務業；ZZ99999 除許可業務外，得經營法令非禁止或限制之業務,臺北市,變更,11506
93647877,承營投資股份有限公司,臺北市中山區新生北路2段115巷18號,黃秀蘭,28000000,,115/06/26,特殊補正,H201010 一般投資業；H703090 不動產買賣業；H703100 不動產租賃業；I103060 管理顧問業；F401010 國際貿易業；ZZ99999 除許可業務外，得經營法令非禁止或限制之業務,臺北市,變更,11506
93648685,基石創業投資股份有限公司,臺北市信義區忠孝東路5段1之1號9樓,林子樸,10000000,,115/06/08,特殊補正,H201010 一般投資業；H202010 創業投資業；I102010 一般投資顧問業；I103060 管理顧問業；I199990 其他顧問服務業；H703100 不動產租賃業；I301010 資訊軟體服務業；I301020 資料處理服務業；I301030 電子資訊供應服務業；I401010 一般廣告服務業,臺北市,變更,11506
93650062,福旺運來數位科技有限公司,臺北市中山區南京東路3段201號9樓,馬承瑞,50000,,115/06/24,特殊補正,F118010 資訊軟體批發業；F218010 資訊軟體零售業；F399040 無店面零售業；F401010 國際貿易業；I102010 投資顧問業；I103060 管理顧問業；I199990 其他顧問服務業；IZ13010 網路認證服務業；IZ99990 其他工商服務業；I301010 資訊軟體服務業,臺北市,變更,11506
93650582,優達國際物流股份有限公司,臺北市信義區忠孝東路5段478號12樓,林憲村,12000000,,115/06/15,改選董事/監察人(一人法人股東指派董事/監察人),G801010 倉儲業；G402011 海運承攬運送業；F401010 國際貿易業；IZ06010 理貨包裝業；ZZ99999 除許可業務外，得經營法令非禁止或限制之業務,臺北市,變更,11506
93652131,驊鵬國際物流股份有限公司,臺北市松山區民生東路3段128號10樓之1,莊倩鳳,10000000,,115/06/05,董事(常務董事.董事長)/監察人解任,G402011 海運承攬運送業；G601011 航空貨運承攬業；G405010 貨櫃出租業；G801010 倉儲業；IZ06010 理貨包裝業；F102170 食品什貨批發業；F401010 國際貿易業；G701011 報關業；ZZ99999 除許可業務外，得經營法令非禁止或限制之業務,臺北市,變更,11506
93656615,永順欣營造股份有限公司,臺北市信義區松德路171號4樓之3,陳炳堯,22500000,,115/06/25,改選董事/監察人(一人法人股東指派董事/監察人),E101011 綜合營造業,臺北市,變更,11506
93676160,英屬開曼群島商九一應用軟體股份有限公司,臺北市南港區八德路四段768巷5號6樓,何英圻,30000000,,115/06/11,本公司董事及其他負責人變更,F106010 五金批發業；F109070 文教、樂器、育樂用品批發業；F113020 電器批發業；F113050 電腦及事務性機器設備批發業；F113070 電信器材批發業；F118010 資訊軟體批發業；F206010 五金零售業；F209060 文教、樂器、育樂用品零售業；F213030 電腦及事務性機器設備零售業；F213060 電信器材零售業,臺北市,變更,11506
93678189,智聯訊通股份有限公司,臺北市內湖區堤頂大道2段415號9樓,莊景名,25000000,,115/06/03,增資(資本總額),I301010 資訊軟體服務業；I301020 資料處理服務業；I301030 電子資訊供應服務業；F218010 資訊軟體零售業；F213030 電腦及事務性機器設備零售業；IG03010 能源技術服務業；D101060 再生能源自用發電設備業；E603050 自動控制設備工程業；E607010 太陽熱能設備安裝工程業；E606010 用電設備檢驗維護業,臺北市,變更,11506
93679357,旭鴻智能股份有限公司,臺北市信義區虎林街164巷54號,李長勳,23250000,,115/06/17,特殊補正,CA02010 金屬結構及建築組件製造業；CB01010 機械設備製造業；CB01030 污染防治設備製造業；CR01010 瓦斯器材及其零件製造業；E502010 燃料導管安裝工程業；E599010 配管工程業；E601010 電器承裝業；E603010 電纜安裝工程業；E603040 消防安全設備安裝工程業；E603050 自動控制設備工程業,臺北市,變更,11506
93679552,瑞瑤生技有限公司,臺北市內湖區康寧路1段58號1樓,呂庭亨,5000000,,115/06/03,特殊補正,F102170 食品什貨批發業；F103010 飼料批發業；F106060 寵物食品及其用品批發業；F202010 飼料零售業；F203010 食品什貨、飲料零售業；F206050 寵物食品及其用品零售業；F399040 無店面零售業；F399990 其他綜合零售業；F401010 國際貿易業；C201010 飼料製造業,臺北市,變更,11506
93679883,禾盈系統工程有限公司,臺北市內湖區內湖路3段60巷48弄7號3樓,吳鈺涵,700000,,115/06/15,增資,F118010 資訊軟體批發業；E603050 自動控制設備工程業；E701040 簡易電信設備安裝業；E603090 照明設備安裝工程業；F218010 資訊軟體零售業；F113050 電腦及事務性機器設備批發業；F213030 電腦及事務性機器設備零售業；F113070 電信器材批發業；F213060 電信器材零售業；F113020 電器批發業,臺北市,變更,11506
93680241,智聚生科技有限公司,臺北市內湖區環山路2段53巷1弄12號4樓,周上智,2000000,,115/06/22,股東出資轉讓修正章程,F107060 毒性及關注化學物質批發業；F107200 化學原料批發業；F107990 其他化學製品批發業；F113020 電器批發業；F113030 精密儀器批發業；F113050 電腦及事務性機器設備批發業；F113060 度量衡器批發業；F118010 資訊軟體批發業；F119010 電子材料批發業；F207060 毒性及關注化學物質零售業,臺北市,變更,11506
93680663,憬欣工程有限公司,臺北市大安區敦化南路1段205號2樓之8,黃楚君,10000000,,115/06/02,特殊補正,E599010 配管工程業；E801010 室內裝潢業；E801020 門窗安裝工程業；E801030 室內輕鋼架工程業；E801040 玻璃安裝工程業；F105050 家具、寢具、廚房器具、裝設品批發業；F106010 五金批發業；F106030 模具批發業；F106040 水器材料批發業；F111090 建材批發業,臺北市,變更,11506
93681516,謙一有限公司,臺北市松山區南京東路4段21號8樓之1,戴莉蓁,100000,,115/06/11,股東出資轉讓修正章程,F401010 國際貿易業；F102030 菸酒批發業；F102050 茶葉批發業；F203020 菸酒零售業；F105050 家具、寢具、廚房器具、裝設品批發業；F205040 家具、寢具、廚房器具、裝設品零售業；I503010 景觀、室內設計業；F104110 布疋、衣著、鞋、帽、傘、服飾品批發業；F109070 文教、樂器、育樂用品批發業；F204110 布疋、衣著、鞋、帽、傘、服飾品零售業,臺北市,變更,11506
93681868,凡勝管理顧問有限公司,臺北市中山區民生東路2段161號5樓,陳之凡,5000000,,115/06/18,補繳規費,F401010 國際貿易業；H703100 不動產租賃業；HZ99990 其他金融、保險及不動產業；I102010 一般投資顧問業；I103060 管理顧問業；I199990 其他顧問服務業；I301010 資訊軟體服務業；I301030 電子資訊供應服務業；J202010 產業育成業；JB01010 會議及展覽服務業,臺北市,變更,11506
93693490,金協興營造股份有限公司,臺北市南港區經貿一路170號11樓之2,陳學聖,200000000,,115/06/26,董事/監察人持股變動報備,E101011 綜合營造業；ZZ99999 除許可業務外，得經營法令非禁止或限制之業務,臺北市,變更,11506
93698994,敏德國際貿易股份有限公司,臺北市中正區懷寧街76號1樓,李佳霖,1000000,,115/06/26,補繳規費,F102040 飲料批發業；F201010 農產品零售業；F203010 食品什貨、飲料零售業；F101990 其他農、畜、水產品批發業；F102050 茶葉批發業；F102170 食品什貨批發業；F399040 無店面零售業；F399990 其他綜合零售業；F401010 國際貿易業；C104020 烘焙炊蒸食品製造業,臺北市,變更,11506
93705756,天工工程有限公司,臺北市內湖區成功路2段235號2樓,劉貞炘,2000000,,115/06/11,股東出資轉讓修正章程,F399040 無店面零售業；JZ99050 仲介服務業；F106020 日常用品批發業；I102010 一般投資顧問業；IZ99990 其他工商服務業；I103060 管理顧問業；I199990 其他顧問服務業；EZ99990 其他工程業；E599010 配管工程業；E601020 電器安裝業,臺北市,變更,11506
93711265,信薇堂文化藝術事業股份有限公司,臺北市大同區太原路155之1號1樓,吳心愷,1000000,,115/06/01,申登機關變更（遷入，含卷）,I105010 藝術品諮詢顧問業；J601010 藝文服務業；F105050 家具、寢具、廚房器具、裝設品批發業；F205040 家具、寢具、廚房器具、裝設品零售業；F109070 文教、樂器、育樂用品批發業；F209060 文教、樂器、育樂用品零售業；F110010 鐘錶批發業；F210010 鐘錶零售業；F115010 首飾及貴金屬批發業；F215010 首飾及貴金屬零售業,臺北市,變更,11506
93716424,伙花貿易有限公司,臺北市大同區南京西路316號10樓之2,孫伙花,1000000,,115/06/18,特殊補正,F104110 布疋、衣著、鞋、帽、傘、服飾品批發業；F204110 布疋、衣著、鞋、帽、傘、服飾品零售業；I502010 服飾設計業；JE01010 租賃業；F205040 家具、寢具、廚房器具、裝設品零售業；F106010 五金批發業；F206010 五金零售業；F106020 日常用品批發業；F206020 日常用品零售業；F401010 國際貿易業,臺北市,變更,11506
93717423,柏瑩有限公司,臺北市信義區信義路4段415號7樓之3,陳志仲,10000000,,115/06/22,申登機關變更（遷入，含卷）,E801010 室內裝潢業；E901010 油漆工程業；E903010 防蝕、防銹工程業；I501010 產品設計業；I503010 景觀、室內設計業；E599010 配管工程業；E601010 電器承裝業；E601020 電器安裝業；E801030 室內輕鋼架工程業；E801070 廚具、衛浴設備安裝工程業,臺北市,變更,11506
93721812,晨星資本股份有限公司,臺北市松山區八德路2段374號5樓之4,馬俊龍,47950000,,115/06/12,註銷庫藏股減資,H201010 一般投資業；F401010 國際貿易業；ZZ99999 除許可業務外，得經營法令非禁止或限制之業務,臺北市,變更,11506
93722087,初心之手有限公司,臺北市中山區松江路315號11樓,趙婉伶,2000000,,115/06/01,股東出資轉讓修正章程,F106020 日常用品批發業；F108040 化粧品批發業；F206020 日常用品零售業；F208040 化粧品零售業；F399040 無店面零售業；F399990 其他綜合零售業；F401010 國際貿易業；I103060 管理顧問業；I301010 資訊軟體服務業；I301020 資料處理服務業,臺北市,變更,11506
93725660,帝裕有限公司,臺北市中正區武昌街1段1之2號5樓,林永裕,5100000,,115/06/04,特殊補正,C801110 肥料製造業；E603100 電焊工程業；E604010 機械安裝業；E801010 室內裝潢業；E801020 門窗安裝工程業；E801030 室內輕鋼架工程業；E901010 油漆工程業；E903010 防蝕、防銹工程業；EZ02010 起重工程業；EZ99990 其他工程業,臺北市,變更,11506
93738200,前進智能證券投資顧問股份有限公司,臺北市大安區信義路4段255號13樓,張嘉銘,50000000,,115/06/15,特殊補正,H304011 證券投資顧問業,臺北市,變更,11506
93738399,魁品股份有限公司,臺北市中山區北安路476號,趙鎮,5000000,,115/06/01,特殊補正,C103050 罐頭、冷凍、脫水及醃漬食品製造業；C199030 即食餐食製造業；F101050 水產品批發業；F102020 食用油脂批發業；F102040 飲料批發業；F102050 茶葉批發業；F106010 五金批發業；F106020 日常用品批發業；F201010 農產品零售業；F201020 畜產品零售業,臺北市,變更,11506
93739171,恆昌行生活有限公司,臺北市文山區羅斯福路5段168號2樓,馬蓓芳,100000,,115/06/02,特殊補正,F102040 飲料批發業；F102170 食品什貨批發業；F106020 日常用品批發業；F107030 清潔用品批發業；F108040 化粧品批發業；F113030 精密儀器批發業；F113050 電腦及事務性機器設備批發業；F113060 度量衡器批發業；F203010 食品什貨、飲料零售業；F206020 日常用品零售業,臺北市,變更,11506
93739242,哆葛科技股份有限公司,臺北市中山區復興北路48號4樓,楊恩綺,3500000,,115/06/03,特殊補正,F106060 寵物食品及其用品批發業；F206050 寵物食品及其用品零售業；F103010 飼料批發業；F202010 飼料零售業；F108040 化粧品批發業；I301010 資訊軟體服務業；I301020 資料處理服務業；I301030 電子資訊供應服務業；I103060 管理顧問業；F115010 首飾及貴金屬批發業,臺北市,變更,11506
93743631,廣和顧問股份有限公司,臺北市中山區中山北路2段79號3樓,丁湘芹,1000000,,115/06/11,增資(資本總額),F209060 文教、樂器、育樂用品零售業；F218010 資訊軟體零售業；I103060 管理顧問業；I301010 資訊軟體服務業；I301020 資料處理服務業；I301030 電子資訊供應服務業；I401010 一般廣告服務業；I701011 就業服務業；IZ12010 人力派遣業；IZ13010 網路認證服務業,臺北市,變更,11506
93753362,輝創智慧股份有限公司,臺北市內湖區成功路2段115巷7號9樓之2,胡立銘,150000000,,115/06/12,特殊補正,C302010 織布業；C306010 成衣業；C307010 服飾品製造業；CM01010 箱、包、袋製造業；F401010 國際貿易業；F401171 酒類輸入業；F501030 飲料店業；I103060 管理顧問業；I301010 資訊軟體服務業；I301030 電子資訊供應服務業,臺北市,變更,11506
93754279,歐芮肌膚美學股份有限公司,臺北市中山區松江路204巷17號3樓之1,陳建華,5000000,,115/06/16,特殊補正,JZ99080 美容美髮服務業；JZ99990 未分類其他服務業；F401010 國際貿易業；F208040 化粧品零售業；ZZ99999 除許可業務外，得經營法令非禁止或限制之業務,臺北市,變更,11506
93754860,公道之聲股份有限公司,臺北市中山區中山北路3段27號7樓之6,姚博文,300000,,115/06/22,公司所在地,ZZ99999 除許可業務外，得經營法令非禁止或限制之業務；I401020 廣告傳單分送業；I503010 景觀、室內設計業；IE01010 電信業務門號代辦業；IZ15010 市場研究及民意調查業；JB01010 會議及展覽服務業；JZ99050 仲介服務業；F601010 智慧財產權業；I401010 一般廣告服務業；J601010 藝文服務業,臺北市,變更,11506
93765959,圃圃有限公司,臺北市信義區信義路4段415號10樓之7,王環幼,19000000,,115/06/17,增資,I103060 管理顧問業；J202010 產業育成業；I199990 其他顧問服務業；H201010 一般投資業；I102010 一般投資顧問業；H703090 不動產買賣業；H703100 不動產租賃業；F401010 國際貿易業；F205040 家具、寢具、廚房器具、裝設品零售業；F399040 無店面零售業,臺北市,變更,11506
93766161,永昇車藝有限公司,臺北市內湖區潭美街553號1樓,陳泓邑,200000,,115/06/11,特殊補正,F207190 塑膠膜、袋零售業；F214010 汽車零售業；F401010 國際貿易業；I401010 一般廣告服務業；JA01010 汽車修理業；ZZ99999 除許可業務外，得經營法令非禁止或限制之業務,臺北市,變更,11506
93766232,恩諾拓域開發有限公司,臺北市大安區基隆路2段112號6樓,余貞臻,400000,,115/06/02,增資,J601010 藝文服務業；J602010 演藝活動業；F399040 無店面零售業；F206020 日常用品零售業；F401010 國際貿易業；F204110 布疋、衣著、鞋、帽、傘、服飾品零售業；F205040 家具、寢具、廚房器具、裝設品零售業；F104110 布疋、衣著、鞋、帽、傘、服飾品批發業；F105050 家具、寢具、廚房器具、裝設品批發業；F106020 日常用品批發業,臺北市,變更,11506
93766768,弎壹室所室內裝修設計有限公司,臺北市信義區永吉路321巷14號1樓,詹家瑜,1050000,,115/06/11,特殊補正,CN01010 家具及裝設品製造業；E801010 室內裝潢業；E603090 照明設備安裝工程業；E901010 油漆工程業；EZ99990 其他工程業；F105050 家具、寢具、廚房器具、裝設品批發業；F111090 建材批發業；F205040 家具、寢具、廚房器具、裝設品零售業；F206040 水器材料零售業；F211010 建材零售業,臺北市,變更,11506
93772570,富江有限公司,臺北市信義區忠孝東路4段560號8樓,黃福星,100000,,115/06/16,特殊補正,CA02030 螺絲、螺帽、螺絲釘、及鉚釘等製品製造業；CP01010 手工具製造業；F106010 五金批發業；F206010 五金零售業；F401010 國際貿易業；F105050 家具、寢具、廚房器具、裝設品批發業；F106050 陶瓷玻璃器皿批發業；F109070 文教、樂器、育樂用品批發業；F111090 建材批發業；F199990 其他批發業,臺北市,變更,11506
93780712,創名投資有限公司,臺北市信義區基隆路2段189號17樓之7,邱華玲,2000000,,115/06/24,特殊補正,H201010 一般投資業；ZZ99999 除許可業務外，得經營法令非禁止或限制之業務,臺北市,變更,11506
93787855,金阜裕置地股份有限公司,臺北市中山區民權東路2段88號2樓,林曉怡,128000000,,115/06/12,公司所在地,H201010 一般投資業,臺北市,變更,11506
93789431,林居國際有限公司,臺北市大安區建國南路1段308號1樓,簡文慈,4000000,,115/06/03,特殊補正,F105050 家具、寢具、廚房器具、裝設品批發業；F205040 家具、寢具、廚房器具、裝設品零售業；F106020 日常用品批發業；F206020 日常用品零售業；F106010 五金批發業；F206010 五金零售業；F399040 無店面零售業；F401010 國際貿易業；F106050 陶瓷玻璃器皿批發業；I501010 產品設計業,臺北市,變更,11506
93789474,榕嫄有限公司,臺北市中山區龍江路281巷21號1樓,蘇玉霞,1500000,,115/06/02,增資,JZ99080 美容美髮服務業；F104110 布疋、衣著、鞋、帽、傘、服飾品批發業；F204110 布疋、衣著、鞋、帽、傘、服飾品零售業；F105050 家具、寢具、廚房器具、裝設品批發業；F205040 家具、寢具、廚房器具、裝設品零售業；F115010 首飾及貴金屬批發業；F215010 首飾及貴金屬零售業；F106020 日常用品批發業；F206020 日常用品零售業；F113050 電腦及事務性機器設備批發業,臺北市,變更,11506
93790015,鉌錀實業有限公司,臺北市中山區民權東路2段148號3樓,蘇純玉,2400000,,115/06/11,公司所在地,E599010 配管工程業；E603010 電纜安裝工程業；E603020 電梯安裝工程業；E603050 自動控制設備工程業；E604010 機械安裝業；E801020 門窗安裝工程業；E901010 油漆工程業；EZ02010 起重工程業；EZ15010 保溫、保冷安裝工程業；EZ99990 其他工程業,臺北市,變更,11506
93790155,友信創新股份有限公司,臺北市內湖區民權東路6段109號5樓,彭建彰,6000000,,115/06/11,公司所在地,F401010 國際貿易業；I103060 管理顧問業；I301010 資訊軟體服務業；I301020 資料處理服務業；I301030 電子資訊供應服務業；I401010 一般廣告服務業；IZ13010 網路認證服務業；IZ15010 市場研究及民意調查業；ZZ99999 除許可業務外，得經營法令非禁止或限制之業務,臺北市,變更,11506
93790198,鼎立房屋有限公司,臺北市中山區中山北路3段49號3樓之2,楊采嵐,1000000,,115/06/24,增資,H704031 不動產仲介經紀業；H704041 不動產代銷經紀業；H701010 住宅及大樓開發租售業；H701020 工業廠房開發租售業；H703090 不動產買賣業；H703100 不動產租賃業；HZ99990 其他金融、保險及不動產業；E801010 室內裝潢業；E801030 室內輕鋼架工程業；F105050 家具、寢具、廚房器具、裝設品批發業,臺北市,變更,11506
93790319,碩博國際知識有限公司,臺北市大安區和平東路2段295號9樓,林美貴,3000000,,115/06/10,公司所在地,I103060 管理顧問業；F601010 智慧財產權業；I301020 資料處理服務業；I301030 電子資訊供應服務業；JA05010 留、遊學服務業；F109070 文教、樂器、育樂用品批發業；F209060 文教、樂器、育樂用品零售業；J304010 圖書出版業；ZZ99999 除許可業務外，得經營法令非禁止或限制之業務,臺北市,變更,11506
93791008,好好創造數位股份有限公司,臺北市大同區長安西路45之1號2樓之3,李俊賢,500000,,115/06/22,改選董事/監察人(一人法人股東指派董事/監察人),CC01120 資料儲存媒體製造及複製業；F213030 電腦及事務性機器設備零售業；F218010 資訊軟體零售業；F399040 無店面零售業；F401010 國際貿易業；F601010 智慧財產權業；I101090 食品顧問業；I103060 管理顧問業；I199990 其他顧問服務業；I301010 資訊軟體服務業,臺北市,變更,11506
93791210,樂三實業股份有限公司,臺北市信義區松壽路22號地下1層,薛為尹,20000000,,115/06/01,特殊補正,F401010 國際貿易業；F203010 食品什貨、飲料零售業；F102170 食品什貨批發業；F113020 電器批發業；F113050 電腦及事務性機器設備批發業；F113070 電信器材批發業；F119010 電子材料批發業；F105050 家具、寢具、廚房器具、裝設品批發業；F109070 文教、樂器、育樂用品批發業；F113030 精密儀器批發業,臺北市,變更,11506
93791605,零企藝術有限公司,臺北市大安區忠孝東路4段169號11樓之4,余涵雯,3500000,,115/06/12,特殊補正,J601010 藝文服務業；J602010 演藝活動業；J401010 電影片製作業；J399990 其他出版業；J305010 有聲出版業；J399010 軟體出版業；ZZ99999 除許可業務外，得經營法令非禁止或限制之業務,臺北市,變更,11506
93799629,寶悅景觀股份有限公司,臺北市南港區經貿一路170號11樓之5,李承儒,2000000,,115/06/11,改選董事/監察人(一人法人股東指派董事/監察人),I503010 景觀、室內設計業；I504010 花藝設計業；I599990 其他設計業；F204110 布疋、衣著、鞋、帽、傘、服飾品零售業；E801010 室內裝潢業；E901010 油漆工程業；EZ99990 其他工程業；F201070 花卉零售業；F202010 飼料零售業；F206020 日常用品零售業,臺北市,變更,11506
93799986,佐才管理顧問股份有限公司,臺北市松山區延壽街402巷3弄19號地下樓,彭盛裕,500000,,115/06/03,特殊補正,F118010 資訊軟體批發業；I103060 管理顧問業；I301010 資訊軟體服務業；I301020 資料處理服務業；I301030 電子資訊供應服務業；I401010 一般廣告服務業；IZ15010 市場研究及民意調查業；J202010 產業育成業；J304010 圖書出版業；J305010 有聲出版業,臺北市,變更,11506
93841252,宸羲有限公司,臺北市信義區基隆路1段155號11樓之2,,100000,,115/06/12,解散,F105050 家具、寢具、廚房器具、裝設品批發業；F106010 五金批發業；F101040 家畜家禽批發業；F102040 飲料批發業；I401010 一般廣告服務業；I501010 產品設計業；I301030 電子資訊供應服務業；I103060 管理顧問業；I301020 資料處理服務業；IZ12010 人力派遣業,臺北市,變更,11506
93848023,大頡未來有限公司,臺北市大安區復興南路1段204號3樓,古凱威,4400000,,115/06/08,增資,F208040 化粧品零售業；F401010 國際貿易業；I103060 管理顧問業；I199990 其他顧問服務業；I301010 資訊軟體服務業；I301020 資料處理服務業；I501010 產品設計業；I502010 服飾設計業；I503010 景觀、室內設計業；I599990 其他設計業,臺北市,變更,11506
93857839,介晉國際股份有限公司,臺北市松山區復興北路369號4樓,林家柔,10000000,,115/06/29,改選董事/監察人(一人法人股東指派董事/監察人),H201010 一般投資業；ZZ99999 除許可業務外，得經營法令非禁止或限制之業務,臺北市,變更,11506
93868580,大田設計室內裝修有限公司,臺北市中正區許昌街42號10樓,王粹倫,1000000,,115/06/25,特殊補正,F206010 五金零售業；E603090 照明設備安裝工程業；E801010 室內裝潢業；E801020 門窗安裝工程業；E801030 室內輕鋼架工程業；E801040 玻璃安裝工程業；E801060 室內裝修業；E801070 廚具、衛浴設備安裝工程業；E901010 油漆工程業；F105050 家具、寢具、廚房器具、裝設品批發業,臺北市,變更,11506
93878383,宥奎有限公司,臺北市中山區長春路328號4樓之5,沈怡君,500000,,115/06/05,特殊補正,F399040 無店面零售業；H201010 一般投資業；I103060 管理顧問業；I199990 其他顧問服務業；I301010 資訊軟體服務業；I301020 資料處理服務業；I301030 電子資訊供應服務業；I401010 一般廣告服務業；J202010 產業育成業；ZZ99999 除許可業務外，得經營法令非禁止或限制之業務,臺北市,變更,11506
93927737,富敏投資股份有限公司,臺北市大同區長安西路180號7樓,吳富榮,44152452,,115/06/18,特殊補正,H201010 一般投資業,臺北市,變更,11506
93955965,明豫環淨有限公司,臺北市中山區中山北路3段27號4樓之10,汪政翰,5000000,,115/06/17,公司所在地,F207030 清潔用品零售業；F207170 工業助劑零售業；F401010 國際貿易業；J101010 建築物清潔服務業；J101020 病媒防治業；J101060 廢（污）水處理業；JE01010 租賃業；ZZ99999 除許可業務外，得經營法令非禁止或限制之業務,臺北市,變更,11506
94001729,沐光系品牌策營有限公司,臺北市大同區承德路2段215號6樓之3,劉哲亞,1000000,,115/06/12,特殊補正,H201010 一般投資業；H202010 創業投資業；I103060 管理顧問業；I199990 其他顧問服務業；F401010 國際貿易業；C802100 化粧品製造業；F108040 化粧品批發業；F208040 化粧品零售業；JZ99080 美容美髮服務業；I401010 一般廣告服務業,臺北市,變更,11506
94001951,銘耀國際有限公司,臺北市松山區復興南路1段45號5樓,徐池貞慧,2000000,,115/06/02,特殊補正,F102170 食品什貨批發業；F108040 化粧品批發業；F203010 食品什貨、飲料零售業；F208040 化粧品零售業；F399040 無店面零售業；F401010 國際貿易業；I101090 食品顧問業；ZZ99999 除許可業務外，得經營法令非禁止或限制之業務,臺北市,變更,11506
94002396,核心生醫投資股份有限公司,臺北市信義區忠孝東路5段1之1號13樓,Wilber Huang,1300000,,115/06/22,改選董事/監察人(一人法人股東指派董事/監察人),H201010 一般投資業；ZZ99999 除許可業務外，得經營法令非禁止或限制之業務,臺北市,變更,11506
94002473,源煦股份有限公司,臺北市中山區松江路204巷17號3樓之1,陳建華,200000,,115/06/17,特殊補正,I199990 其他顧問服務業；JF01020 按摩業；JZ99080 美容美髮服務業；JZ99990 未分類其他服務業；ZZ99999 除許可業務外，得經營法令非禁止或限制之業務,臺北市,變更,11506
94002847,微科生醫股份有限公司,臺北市大安區建國南路1段161號7樓,黃嘉慧,26000000,,115/06/30,改選董事/監察人(一人法人股東指派董事/監察人),F401010 國際貿易業；I501010 產品設計業；IG01010 生物技術服務業；IG02010 研究發展服務業,臺北市,變更,11506
94003347,禾樂芊善吉益有限公司,臺北市中正區懷寧街12號2樓,詹凱喬,300000,,115/06/18,特殊補正,F106020 日常用品批發業；F109070 文教、樂器、育樂用品批發業；F113050 電腦及事務性機器設備批發業；F118010 資訊軟體批發業；F206020 日常用品零售業；F209060 文教、樂器、育樂用品零售業；F213030 電腦及事務性機器設備零售業；F218010 資訊軟體零售業；F299990 其他零售業；F399040 無店面零售業,臺北市,變更,11506
94004155,裡外生活股份有限公司,臺北市中山區松江路54號9樓之2,高立杰,200000,,115/06/01,公司所在地,F105050 家具、寢具、廚房器具、裝設品批發業；F106010 五金批發業；F106020 日常用品批發業；F113020 電器批發業；F113030 精密儀器批發業；F113050 電腦及事務性機器設備批發業；F118010 資訊軟體批發業；F205040 家具、寢具、廚房器具、裝設品零售業；F206010 五金零售業；F206020 日常用品零售業,臺北市,變更,11506
94010179,聚極有限公司,臺北市中山區南京東路2段76號4樓,蔡芬蘭,16250000,,115/06/12,特殊補正,C104010 糖果製造業；C104020 烘焙炊蒸食品製造業；C199020 食用冰製造業；F102030 菸酒批發業；F102040 飲料批發業；F102050 茶葉批發業；F102170 食品什貨批發業；F203010 食品什貨、飲料零售業；F203020 菸酒零售業；F206020 日常用品零售業,臺北市,變更,11506
94015499,向光能源股份有限公司,臺北市中山區南京東路2段2號10樓,吳奕歆,1400000,,115/06/17,特殊補正,A101020 農作物栽培業；A101030 特用作物栽培業；A101050 花卉栽培業；A102020 農產品整理業；A102050 作物栽培服務業；A199990 其他農業；A301030 水產養殖業；A399990 其他漁業；A401020 家畜禽飼育業；A401990 其他畜牧業,臺北市,變更,11506
94016693,歐飲國際股份有限公司,臺北市大安區和平東路2段175巷56號,林漢瑜,11800000,,115/06/24,董事/監察人更名,F106020 日常用品批發業；F206020 日常用品零售業；F399040 無店面零售業；F501990 其他餐飲業；F102040 飲料批發業；F102170 食品什貨批發業；F101130 蔬果批發業；F201010 農產品零售業；F203010 食品什貨、飲料零售業；F104110 布疋、衣著、鞋、帽、傘、服飾品批發業,臺北市,變更,11506
94016770,有宜思行銷有限公司,臺北市中山區長春路328號6樓之2,謝宜錚,3000000,,115/06/10,特殊補正,F401010 國際貿易業；I102010 投資顧問業；I103060 管理顧問業；I301010 資訊軟體服務業；I301020 資料處理服務業；I301030 電子資訊供應服務業；I401010 一般廣告服務業；ZZ99999 除許可業務外，得經營法令非禁止或限制之業務,臺北市,變更,11506
94017671,圓星珠寶有限公司,臺北市信義區信義路4段458號6樓,蔡舒蕓,2000000,,115/06/03,特殊補正,F104110 布疋、衣著、鞋、帽、傘、服飾品批發業；F108040 化粧品批發業；F115010 首飾及貴金屬批發業；F204110 布疋、衣著、鞋、帽、傘、服飾品零售業；F208040 化粧品零售業；F215010 首飾及貴金屬零售業；F399040 無店面零售業；F401010 國際貿易業；I501010 產品設計業；I502010 服飾設計業,臺北市,變更,11506
94017898,美就美有限公司,臺北市內湖區新明路174巷7號,陳聿琳,1000000,,115/06/26,補繳規費,F104110 布疋、衣著、鞋、帽、傘、服飾品批發業；F204110 布疋、衣著、鞋、帽、傘、服飾品零售業；F301010 百貨公司業；F399040 無店面零售業；F401010 國際貿易業；IZ12010 人力派遣業；ZZ99999 除許可業務外，得經營法令非禁止或限制之業務；C306010 成衣業；C307010 服飾品製造業；CK01010 製鞋業,臺北市,變更,11506
94018067,瑞基科技顧問有限公司,臺北市信義區基隆路2段149之49號8樓之13,馮凱捷,5000000,,115/06/24,增資,F102040 飲料批發業；F102170 食品什貨批發業；F106020 日常用品批發業；F107030 清潔用品批發業；F108040 化粧品批發業；F112040 石油製品批發業；F113050 電腦及事務性機器設備批發業；F114030 汽、機車零件配備批發業；F114040 自行車及其零件批發業；F203010 食品什貨、飲料零售業,臺北市,變更,11506
94018550,威肯邁股份有限公司,臺北市大安區忠孝東路4段197號9樓之2,梁育誠,23000000,,115/06/04,增資(資本總額),F102030 菸酒批發業；F102180 酒精批發業；F203020 菸酒零售業；F203030 酒精零售業；F399040 無店面零售業；F401010 國際貿易業；F501050 飲酒店業；F501060 餐館業；F601010 智慧財產權業；ZZ99999 除許可業務外，得經營法令非禁止或限制之業務,臺北市,變更,11506
94021653,雲鑽國際有限公司,臺北市內湖區成功路2段235號2樓,林桂玉,500000,,115/06/01,特殊補正,CC01110 電腦及其週邊設備製造業；CC01120 資料儲存媒體製造及複製業；F106020 日常用品批發業；F113070 電信器材批發業；F119010 電子材料批發業；F213030 電腦及事務性機器設備零售業；F213060 電信器材零售業；F218010 資訊軟體零售業；F219010 電子材料零售業；F399040 無店面零售業,臺北市,變更,11506
94032027,御華生醫股份有限公司,臺北市南港區園區街3號17樓,黃中洋,183000000,,115/06/22,改選董事/監察人(一人法人股東指派董事/監察人),F108021 西藥批發業；F108031 醫療器材批發業；F208021 西藥零售業；F208031 醫療器材零售業；IG01010 生物技術服務業；IG02010 研究發展服務業；F401010 國際貿易業；F601010 智慧財產權業；I199990 其他顧問服務業；IZ99990 其他工商服務業,臺北市,變更,11506
94032568,慕睦國際有限公司,臺北市中正區丹陽街16號,李依蓉,100000,,115/06/22,公司所在地,F208040 化粧品零售業；ZZ99999 除許可業務外，得經營法令非禁止或限制之業務；I501010 產品設計業,臺北市,變更,11506
94033010,星河智能股份有限公司,臺北市松山區南京東路4段1號6樓,CHE WEI YIU,5875000,,115/06/22,增資(資本總額),E604010 機械安裝業；F109070 文教、樂器、育樂用品批發業；F113010 機械批發業；F113020 電器批發業；F113050 電腦及事務性機器設備批發業；F118010 資訊軟體批發業；F209060 文教、樂器、育樂用品零售業；F213010 電器零售業；F213030 電腦及事務性機器設備零售業；F213080 機械器具零售業,臺北市,變更,11506
94043158,創通投資有限公司,臺北市信義區基隆路2段189號17樓之7,邱宇漢,10000000,,115/06/22,特殊補正,H201010 一般投資業；ZZ99999 除許可業務外，得經營法令非禁止或限制之業務,臺北市,變更,11506
94046970,維光電力有限公司,臺北市大同區寧夏路23之1號2樓,林承翰,3000000,,115/06/11,增資,D101060 再生能源自用發電設備業；E603050 自動控制設備工程業；E601010 電器承裝業；E606010 用電設備檢驗維護業；E603080 交通號誌安裝工程業；E603090 照明設備安裝工程業；F101130 蔬果批發業；F101990 其他農、畜、水產品批發業；F111090 建材批發業；F113020 電器批發業,臺北市,變更,11506
94047252,溉富國際貿易有限公司,臺北市中山區長安東路2段108號8樓之7,張賢富,5000000,,115/06/11,特殊補正,F101050 水產品批發業；F101990 其他農、畜、水產品批發業；F101130 蔬果批發業；F102170 食品什貨批發業；G801010 倉儲業；F102030 菸酒批發業；F106020 日常用品批發業；F201010 農產品零售業；F201020 畜產品零售業；F201030 水產品零售業,臺北市,變更,11506
94048668,藍鯨資本股份有限公司,臺北市信義區信義路5段7號37樓,王智立,2000000,,115/06/05,特殊補正,H202010 創業投資業；I103060 管理顧問業；I102010 一般投資顧問業；H201010 一般投資業；F401010 國際貿易業；H703100 不動產租賃業；I199990 其他顧問服務業；ZZ99999 除許可業務外，得經營法令非禁止或限制之業務,臺北市,變更,11506
94048816,晴天資本有限公司,臺北市信義區莊敬路224號1樓,陳俊憲,3000000,,115/06/09,特殊補正,H201010 一般投資業；ZZ99999 除許可業務外，得經營法令非禁止或限制之業務,臺北市,變更,11506
94048999,強捷科技股份有限公司,臺北市士林區承德路4段130號12樓,郭鎮賢,2000000,,115/06/05,特殊補正,I301010 資訊軟體服務業；I301020 資料處理服務業；I301030 電子資訊供應服務業；I501010 產品設計業；I599990 其他設計業；I199990 其他顧問服務業；E605010 電腦設備安裝業；F213040 精密儀器零售業；F401010 國際貿易業；JZ99990 未分類其他服務業,臺北市,變更,11506
94050002,樂客顧問股份有限公司,臺北市信義區基隆路2段77號5樓,吳政哲,3000000,,115/06/09,特殊補正,H701010 住宅及大樓開發租售業；H703090 不動產買賣業；H703100 不動產租賃業；IZ99990 其他工商服務業；I103060 管理顧問業；I501010 產品設計業；H701070 區段徵收及市地重劃代辦業；H701090 都市更新整建維護業；H702010 建築經理業；H202010 創業投資業,臺北市,變更,11506
94050191,宇建國際股份有限公司,臺北市萬華區中華路2段150巷49之1號,劉象博,2000000,,115/06/16,特殊補正,F102170 食品什貨批發業；F104110 布疋、衣著、鞋、帽、傘、服飾品批發業；F105050 家具、寢具、廚房器具、裝設品批發業；F106010 五金批發業；F106020 日常用品批發業；F107030 清潔用品批發業；F108040 化粧品批發業；F109070 文教、樂器、育樂用品批發業；F113020 電器批發業；F203010 食品什貨、飲料零售業,臺北市,變更,11506
94050397,黑貓供應鏈有限公司,臺北市大同區華陰街42之57號1樓,陳星綸,100000,,115/06/10,特殊補正,IZ12010 人力派遣業；G801010 倉儲業；IZ06010 理貨包裝業；F106020 日常用品批發業；I103060 管理顧問業；I503010 景觀、室內設計業；E801070 廚具、衛浴設備安裝工程業；EZ99990 其他工程業；F199990 其他批發業；F299990 其他零售業,臺北市,變更,11506
94050663,姗拾投資股份有限公司,臺北市信義區基隆路2段51號8樓之7,翁玉真,28000000,,115/06/09,發行新股,H201010 一般投資業；I199990 其他顧問服務業；ZZ99999 除許可業務外，得經營法令非禁止或限制之業務,臺北市,變更,11506
94053090,聚愢科技股份有限公司,臺北市內湖區康寧路3段56巷198號5樓,魯思玉,8000000,,115/06/26,發行新股,I301010 資訊軟體服務業；I301020 資料處理服務業；I301030 電子資訊供應服務業；I103060 管理顧問業；J304010 圖書出版業；J305010 有聲出版業；J399990 其他出版業；JA05010 留、遊學服務業；IZ04010 翻譯業；F118010 資訊軟體批發業,臺北市,變更,11506
94053198,英特決生醫股份有限公司,臺北市中山區南京東路2段150號11樓,林立哿,3450000,,115/06/01,特殊補正,F102040 飲料批發業；F102170 食品什貨批發業；F121010 食品添加物批發業；F203010 食品什貨、飲料零售業；F221010 食品添加物零售業；F399040 無店面零售業；F399990 其他綜合零售業；F401010 國際貿易業；ZZ99999 除許可業務外，得經營法令非禁止或限制之業務,臺北市,變更,11506
94053578,柒玖甜舖餐飲有限公司,臺北市信義區忠孝東路4段553巷22弄53號1樓,,1500000,,115/06/10,解散,F501030 飲料店業；F501060 餐館業,臺北市,變更,11506
94053697,君品餐飲股份有限公司,臺北市中山區長安東路2段108號8樓之7,曾紹謙,3000000,,115/06/02,改選董事/監察人(一人法人股東指派董事/監察人),F501060 餐館業；F102170 食品什貨批發業；F113010 機械批發業；F213080 機械器具零售業；F203010 食品什貨、飲料零售業；F203020 菸酒零售業；I101090 食品顧問業；I103060 管理顧問業；I199990 其他顧問服務業；C104020 烘焙炊蒸食品製造業,臺北市,變更,11506
94053922,曼尼娛樂投資股份有限公司,臺北市大安區敦化南路2段40號13樓,黃騰浩,120000000,,115/06/12,特殊補正,H201010 一般投資業；I102010 一般投資顧問業；I103060 管理顧問業；I199990 其他顧問服務業；IZ99990 其他工商服務業；F399040 無店面零售業；IG02010 研究發展服務業；IZ09010 管理系統驗證業；IZ13010 網路認證服務業；JZ99050 仲介服務業,臺北市,變更,11506
94054056,揚揚雪茄國際有限公司,臺北市中山區雙城街19巷21號8樓,王家維,500000,,115/06/05,特殊補正,F401010 國際貿易業；F102030 菸酒批發業；F203020 菸酒零售業；F102040 飲料批發業；F203010 食品什貨、飲料零售業；F102180 酒精批發業；F203030 酒精零售業；F203040 雪茄零售業；F206020 日常用品零售業；F106020 日常用品批發業,臺北市,變更,11506
94072060,智新生技股份有限公司,臺北市南港區忠孝東路7段508號14樓之6,黃先龍,580000000,,115/06/23,修正章程,IG01010 生物技術服務業；IG02010 研究發展服務業；F601010 智慧財產權業；F208050 乙類成藥零售業；IC01010 藥品檢驗業；F401010 國際貿易業；ZZ99999 除許可業務外，得經營法令非禁止或限制之業務,臺北市,變更,11506
94072322,均熙有限公司,臺北市大安區信義路4段279號11樓,陳柏翰,500000,,115/06/01,股東出資轉讓修正章程,F106020 日常用品批發業；F109070 文教、樂器、育樂用品批發業；F113050 電腦及事務性機器設備批發業；F199990 其他批發業；F204110 布疋、衣著、鞋、帽、傘、服飾品零售業；F206020 日常用品零售業；F209060 文教、樂器、育樂用品零售業；F213030 電腦及事務性機器設備零售業；F299990 其他零售業；F399040 無店面零售業,臺北市,變更,11506
94073151,希言有限公司,臺北市大安區建國南路2段11巷33號1樓,孟繁琥,3000000,,115/06/16,增資,F102170 食品什貨批發業；F104110 布疋、衣著、鞋、帽、傘、服飾品批發業；F105050 家具、寢具、廚房器具、裝設品批發業；F106020 日常用品批發業；F109070 文教、樂器、育樂用品批發業；F114040 自行車及其零件批發業；F203010 食品什貨、飲料零售業；F204110 布疋、衣著、鞋、帽、傘、服飾品零售業；F205040 家具、寢具、廚房器具、裝設品零售業；F206020 日常用品零售業,臺北市,變更,11506
94079937,南院資產管理有限公司,臺北市文山區福興路40號1樓,徐毓駿,1000000,,115/06/23,公司所營事業變更修正章程,E801010 室內裝潢業；E801020 門窗安裝工程業；E801030 室內輕鋼架工程業；E801040 玻璃安裝工程業；E901010 油漆工程業；F111090 建材批發業；H703090 不動產買賣業；H703100 不動產租賃業；HZ02020 辦理金融機構金錢債權之評價或拍賣業務；HZ02010 金融機構金錢債權收買業務,臺北市,變更,11506
94079958,亮點空間裝飾美學股份有限公司,臺北市大安區信義路4段168號7樓,毛巧萍,5000000,,115/06/18,改選董事/監察人(一人法人股東指派董事/監察人),E801010 室內裝潢業；E801020 門窗安裝工程業；E801030 室內輕鋼架工程業；E801040 玻璃安裝工程業；E801070 廚具、衛浴設備安裝工程業；E901010 油漆工程業；E903010 防蝕、防銹工程業；EZ99990 其他工程業；F105050 家具、寢具、廚房器具、裝設品批發業；F205040 家具、寢具、廚房器具、裝設品零售業,臺北市,變更,11506
94084501,艾朵文化創意整合行銷有限公司,臺北市北投區大興街9巷21號,陳品妤,500000,,115/06/25,特殊補正,C104020 烘焙炊蒸食品製造業；C199010 麵條、粉條類食品製造業；C110010 飲料製造業；C111010 製茶業；C199030 即食餐食製造業；C306010 成衣業；CH01030 文具製造業；F102170 食品什貨批發業；F104110 布疋、衣著、鞋、帽、傘、服飾品批發業；F105050 家具、寢具、廚房器具、裝設品批發業,臺北市,變更,11506
94090258,謙理股份有限公司,臺北市中正區羅斯福路4段68號7樓之10,陳以倫,80000000,,115/06/24,特殊補正,H201010 一般投資業,臺北市,變更,11506
94094965,睿山整合行銷股份有限公司,臺北市信義區忠孝東路5段1號2樓,陳閔祥,1000000,,115/06/16,特殊補正,I401010 一般廣告服務業；F601010 智慧財產權業；JB01010 會議及展覽服務業；H202010 創業投資業；I102010 投資顧問業；I103060 管理顧問業；I199990 其他顧問服務業；J601010 藝文服務業；J602010 演藝活動業；ZZ99999 除許可業務外，得經營法令非禁止或限制之業務,臺北市,變更,11506
94095839,瑞泉文嘉股份有限公司,臺北市文山區木柵路3段48巷1弄1號1樓,鄒嘉駿,10060000,,115/06/23,特殊補正,H201010 一般投資業；H703090 不動產買賣業；H703100 不動產租賃業；I103060 管理顧問業；I199990 其他顧問服務業；F401010 國際貿易業；G302010 小船經營業；G403010 船舶出租業；ZZ99999 除許可業務外，得經營法令非禁止或限制之業務；J601010 藝文服務業,臺北市,變更,11506
94096318,弘一蔬果股份有限公司,臺北市內湖區內湖路1段737巷51弄10號1樓、12號1樓、14號1樓,黃弘一,15000000,,115/06/30,增資(資本總額),F101130 蔬果批發業；F201010 農產品零售業；F101990 其他農、畜、水產品批發業；F201990 其他農畜水產品零售業；F203010 食品什貨、飲料零售業；F501030 飲料店業；F301020 超級市場業；F399990 其他綜合零售業；F401010 國際貿易業；F102170 食品什貨批發業,臺北市,變更,11506
94096458,好市民股份有限公司,臺北市中正區忠孝西路1段72號2樓之5,余世明,29000000,,115/06/22,增資(資本總額),E801010 室內裝潢業；EZ99990 其他工程業；F102030 菸酒批發業；F102170 食品什貨批發業；F104110 布疋、衣著、鞋、帽、傘、服飾品批發業；F106020 日常用品批發業；F108031 醫療器材批發業；F109070 文教、樂器、育樂用品批發業；F113050 電腦及事務性機器設備批發業；F119010 電子材料批發業,臺北市,變更,11506
94096680,綠得堡環保科技股份有限公司,臺北市信義區基隆路1段155號11樓之2,黃國城,100000,,115/06/23,公司所在地,C805990 其他塑膠製品製造業；C901060 耐火材料製造業；CB01010 機械設備製造業；CB01030 污染防治設備製造業；CC01080 電子零組件製造業；CZ99990 未分類其他工業製品製造業；F401010 國際貿易業；F113010 機械批發業；F113990 其他機械器具批發業；F119010 電子材料批發業,臺北市,變更,11506
94097029,瑞利旺股份有限公司,臺北市中山區朱崙街15號,焦威聯,50000000,,115/06/01,董事/監察人持股變動報備,H201010 一般投資業；I102010 一般投資顧問業；I103060 管理顧問業；ZZ99999 除許可業務外，得經營法令非禁止或限制之業務,臺北市,變更,11506
94098131,瑰藝文創有限公司,臺北市中山區南京東路3段219號9樓,顧哲偉,500000,,115/06/12,公司所營事業變更修正章程,F115010 首飾及貴金屬批發業；F115020 礦石批發業；F104110 布疋、衣著、鞋、帽、傘、服飾品批發業；F204110 布疋、衣著、鞋、帽、傘、服飾品零售業；F215010 首飾及貴金屬零售業；F215020 礦石零售業；F601010 智慧財產權業；I502010 服飾設計業；JZ99070 裁縫服務業；I501010 產品設計業,臺北市,變更,11506
94101115,品昇實業有限公司,臺北市大安區羅斯福路2段79之1號7樓,劉銀容,500000,,115/06/10,經理人解任,F102170 食品什貨批發業；F106020 日常用品批發業；F401010 國際貿易業；ZZ99999 除許可業務外，得經營法令非禁止或限制之業務,臺北市,變更,11506
94104078,德依有限公司,臺北市信義區莊敬路224號1樓,蕭世典,1000000,,115/06/09,補繳規費,H201010 一般投資業；ZZ99999 除許可業務外，得經營法令非禁止或限制之業務,臺北市,變更,11506
94105105,金虎發國際傳媒有限公司,臺北市士林區士東路266巷11弄11號1樓,梁可欣,200000,,115/06/17,申登機關變更（遷入，含卷）,ZZ99999 除許可業務外，得經營法令非禁止或限制之業務；J202010 產業育成業；J303010 雜誌（期刊）出版業；J304010 圖書出版業；J305010 有聲出版業；J399010 軟體出版業；J399990 其他出版業；J401010 電影片製作業；J402010 電影片發行業；J403010 電影片映演業,臺北市,變更,11506
94105246,永祿國際文化有限公司,臺北市北投區中和街40號2樓之25,李牧樺,50000,,115/06/29,股東出資轉讓修正章程,F104110 布疋、衣著、鞋、帽、傘、服飾品批發業；F105050 家具、寢具、廚房器具、裝設品批發業；F106010 五金批發業；F106020 日常用品批發業；F106040 水器材料批發業；F107030 清潔用品批發業；F109070 文教、樂器、育樂用品批發業；F111090 建材批發業；F113020 電器批發業；F113050 電腦及事務性機器設備批發業,臺北市,變更,11506
94105631,中山勤樸實業有限公司,臺北市大同區承德路3段90巷2號1樓,李中民,500000,,115/06/25,特殊補正,E599010 配管工程業；E601020 電器安裝業；E603090 照明設備安裝工程業；E603100 電焊工程業；E603120 噴砂工程業；E801010 室內裝潢業；E901010 油漆工程業；E903010 防蝕、防銹工程業；F107080 環境用藥批發業；F107170 工業助劑批發業,臺北市,變更,11506
94105908,時浪室內裝修工程有限公司,臺北市內湖區南京東路6段348號8樓,蔡松翰,25000000,,115/06/03,增資,E801010 室內裝潢業；E801060 室內裝修業；I401010 一般廣告服務業；I503010 景觀、室內設計業；E801020 門窗安裝工程業；E801030 室內輕鋼架工程業；E801040 玻璃安裝工程業；E801070 廚具、衛浴設備安裝工程業；E901010 油漆工程業；E903010 防蝕、防銹工程業,臺北市,變更,11506
94106890,好盛有限公司,臺北市大安區建國南路2段290號,黃麒翰,200000,,115/06/10,特殊補正,J399990 其他出版業；J401010 電影片製作業；F204110 布疋、衣著、鞋、帽、傘、服飾品零售業；F104110 布疋、衣著、鞋、帽、傘、服飾品批發業；F109070 文教、樂器、育樂用品批發業；F209060 文教、樂器、育樂用品零售業；F102170 食品什貨批發業；F203010 食品什貨、飲料零售業；F108040 化粧品批發業；F208040 化粧品零售業,臺北市,變更,11506
94113359,偉心國際生醫有限公司,臺北市中山區南京西路5之1號8樓,孔偌驊,28888888,,115/06/29,特殊補正,F108040 化粧品批發業；F208040 化粧品零售業；JZ99080 美容美髮服務業；F113990 其他機械器具批發業；F213080 機械器具零售業；I199990 其他顧問服務業；F401010 國際貿易業；F102030 菸酒批發業；F102040 飲料批發業；F102050 茶葉批發業,臺北市,變更,11506
94113793,晨遠有限公司,臺北市中正區重慶南路1段10號8樓之15,吳啓明,200000,,115/06/10,公司所在地,F102170 食品什貨批發業；F203010 食品什貨、飲料零售業；F401010 國際貿易業；F501060 餐館業；ZZ99999 除許可業務外，得經營法令非禁止或限制之業務,臺北市,變更,11506
94113956,唯化實業有限公司,臺北市南港區興華路30巷14號,蔡冞蓁,500000,,115/06/09,特殊補正,I504010 花藝設計業；F201070 花卉零售業；F107200 化學原料批發業；F119010 電子材料批發業；F107170 工業助劑批發業；F113010 機械批發業；F401010 國際貿易業；F399040 無店面零售業；F204110 布疋、衣著、鞋、帽、傘、服飾品零售業；F215010 首飾及貴金屬零售業,臺北市,變更,11506
94114575,舒適飲食股份有限公司,臺北市大安區建國南路1段200號1樓,張庭碩,3325000,,115/06/12,特殊補正,I101090 食品顧問業；I103060 管理顧問業；I102010 投資顧問業；H201010 一般投資業；F102170 食品什貨批發業；F203010 食品什貨、飲料零售業；F401010 國際貿易業；ZZ99999 除許可業務外，得經營法令非禁止或限制之業務,臺北市,變更,11506
94114977,藍色兔子有限公司,臺北市大安區通化街211號,蘇郁晴,600000,,115/06/17,特殊補正,F215010 首飾及貴金屬零售業；F106050 陶瓷玻璃器皿批發業；F203020 菸酒零售業；F115010 首飾及貴金屬批發業；F115020 礦石批發業；F215020 礦石零售業；F106020 日常用品批發業；F206020 日常用品零售業；F109070 文教、樂器、育樂用品批發業；F209060 文教、樂器、育樂用品零售業,臺北市,變更,11506
94115032,傑廣泰股份有限公司,臺北市大安區信義路4段306號11樓,李一宏,10000000,,115/06/12,改選董事/監察人(一人法人股東指派董事/監察人),E801010 室內裝潢業；F106010 五金批發業；F111090 建材批發業；F199990 其他批發業；F206010 五金零售業；F211010 建材零售業；H701010 住宅及大樓開發租售業；H701020 工業廠房開發租售業；H701080 都市更新重建業；H701090 都市更新整建維護業,臺北市,變更,11506
94115053,天脈能量有限公司,臺北市中山區中山北路2段33號6樓,高旭旭,1000000,,115/06/10,公司印鑑變更,F102030 菸酒批發業；F102040 飲料批發業；F102170 食品什貨批發業；F102180 酒精批發業；F104110 布疋、衣著、鞋、帽、傘、服飾品批發業；F105050 家具、寢具、廚房器具、裝設品批發業；F106020 日常用品批發業；F106070 祭祀用品批發業；F108031 醫療器材批發業；F108040 化粧品批發業,臺北市,變更,11506
94115223,齊昂科技有限公司,臺北市中山區中山北路2段33號6樓,魏文怡,5000000,,115/06/30,特殊補正,F107030 清潔用品批發業；F107200 化學原料批發業；F107990 其他化學製品批發業；F107010 漆料、塗料批發業；F107170 工業助劑批發業；F119010 電子材料批發業；F207200 化學原料零售業；F399040 無店面零售業；F401010 國際貿易業；C802120 工業助劑製造業,臺北市,變更,11506
94115315,大匯投資股份有限公司,臺北市信義區基隆路1段143號11樓之3,張心宜,1000000,,115/06/30,公司所在地,E801010 室內裝潢業；I503010 景觀、室內設計業；J101010 建築物清潔服務業；E603090 照明設備安裝工程業；F108040 化粧品批發業；F208040 化粧品零售業；I599990 其他設計業；I199990 其他顧問服務業；IZ12010 人力派遣業；I103060 管理顧問業,臺北市,變更,11506
94115407,蒲公英智能創意科技股份有限公司,臺北市大安區和平東路3段280號2樓之1,劉虔瑋,2250000,,115/06/30,特殊補正,I102010 一般投資顧問業；I103060 管理顧問業；I199990 其他顧問服務業；IZ99990 其他工商服務業；I401010 一般廣告服務業；J304010 圖書出版業；J303010 雜誌（期刊）出版業；J305010 有聲出版業；J399010 軟體出版業；J399990 其他出版業,臺北市,變更,11506
94115526,唐代企業管理顧問有限公司,臺北市大安區羅斯福路3段135號3樓,關德倫,400000,,115/06/01,特殊補正,JA05010 留、遊學服務業；I103060 管理顧問業；J202010 產業育成業；F401010 國際貿易業；F213060 電信器材零售業；F219010 電子材料零售業；F119010 電子材料批發業；F113070 電信器材批發業；ZZ99999 除許可業務外，得經營法令非禁止或限制之業務,臺北市,變更,11506
94118755,橙辰行銷有限公司,臺北市大安區復興南路1段352號2樓之3,李明薇,5000000,,115/06/09,申登機關變更（遷入，含卷）,J601010 藝文服務業；J602010 演藝活動業；I401010 一般廣告服務業；C701010 印刷業；C703010 印刷品裝訂及加工業；E801010 室內裝潢業；EZ99990 其他工程業；F104110 布疋、衣著、鞋、帽、傘、服飾品批發業；F105050 家具、寢具、廚房器具、裝設品批發業；F106010 五金批發業,臺北市,變更,11506
94129958,富裕環保有限公司,臺北市中正區忠孝東路2段80號3樓,陳昕宏,1000000,,115/06/12,股東出資轉讓修正章程,A102080 園藝服務業；E401010 疏濬業；E402010 沙石、淤泥海拋業；E604010 機械安裝業；E801010 室內裝潢業；E801020 門窗安裝工程業；E801030 室內輕鋼架工程業；E801040 玻璃安裝工程業；E801070 廚具、衛浴設備安裝工程業；E901010 油漆工程業,臺北市,變更,11506
94130408,艾洛國際有限公司,臺北市信義區松高路11號25樓,曾詩庭,300000,,115/06/04,特殊補正,F399040 無店面零售業；F401010 國際貿易業；F206050 寵物食品及其用品零售業；F204110 布疋、衣著、鞋、帽、傘、服飾品零售業；ZZ99999 除許可業務外，得經營法令非禁止或限制之業務；I103060 管理顧問業；I199990 其他顧問服務業；I401010 一般廣告服務業,臺北市,變更,11506
94131526,華鼎事業股份有限公司,臺北市松山區東興路12號14樓,周志明,490100000,,115/06/26,特殊補正,F203010 食品什貨、飲料零售業；F206020 日常用品零售業；F299990 其他零售業；F301010 百貨公司業；F301020 超級市場業；F399010 便利商店業；F399040 無店面零售業；F401010 國際貿易業；F501990 其他餐飲業；G202010 停車場經營業,臺北市,變更,11506
94132004,布列塔尼食品股份有限公司,臺北市中山區建國北路3段92號7樓,李國煬,500000,,115/06/25,特殊補正,F102170 食品什貨批發業；F203010 食品什貨、飲料零售業；F401010 國際貿易業；I101090 食品顧問業；ZZ99999 除許可業務外，得經營法令非禁止或限制之業務,臺北市,變更,11506
94141876,影食書初股份有限公司,臺北市內湖區安康路32巷24弄20號1樓,莊語喬,300000,,115/06/08,特殊補正,J399990 其他出版業；J401010 電影片製作業；J402010 電影片發行業；J404010 動畫影片製作業；J404020 提供設備及場地供電影片拍攝業；J404030 電影沖印業；J404040 電影錄音業；J404050 電影特效製作業；J202010 產業育成業；J503010 廣播節目製作業,臺北市,變更,11506
94151753,捷眾有限公司,臺北市大安區復興南路1段209號4樓,葉添生,1000000,,115/06/25,特殊補正,F401010 國際貿易業；E603090 照明設備安裝工程業；CC01040 照明設備製造業；F113020 電器批發業；F213010 電器零售業；E601010 電器承裝業；E601020 電器安裝業；E603050 自動控制設備工程業；E604010 機械安裝業；E605010 電腦設備安裝業,臺北市,變更,11506
94160520,美商伊特沃克斯資訊科技顧問股份有限公司,臺北市大安區忠孝東路4段169號6樓之1,HASSE MICHAEL TERENCE,300000,,115/06/23,一般補正案,E605010 電腦設備安裝業；F113050 電腦及事務性機器設備批發業；F118010 資訊軟體批發業；F213030 電腦及事務性機器設備零售業；F218010 資訊軟體零售業；F399040 無店面零售業；F401010 國際貿易業；I199990 其他顧問服務業；I301010 資訊軟體服務業；ZZ99999 除許可業務外，得經營法令非禁止或限制之業務,臺北市,變更,11506
94166290,源燁股份有限公司,臺北市中山區松江路204巷17號3樓之1,陳建華,5000000,,115/06/24,特殊補正,I199990 其他顧問服務業；JZ99080 美容美髮服務業；JZ99990 未分類其他服務業；ZZ99999 除許可業務外，得經營法令非禁止或限制之業務；F401010 國際貿易業,臺北市,變更,11506
94167523,華璽能源股份有限公司,臺北市中正區羅斯福路4段162號12樓、12樓之1至3,方斐民,74000000,,115/06/17,補繳規費,F113020 電器批發業；F113070 電信器材批發業；F119010 電子材料批發業；F199990 其他批發業；F213060 電信器材零售業；F219010 電子材料零售業；F401010 國際貿易業；E601010 電器承裝業；ZZ99999 除許可業務外，得經營法令非禁止或限制之業務,臺北市,變更,11506
94167740,凱威創新夥伴有限公司,臺北市大安區復興南路2段237號12樓之10,游子慶,10100000,,115/06/15,改推董事/董事長,H201010 一般投資業；H202010 創業投資業；I103060 管理顧問業；ZZ99999 除許可業務外，得經營法令非禁止或限制之業務,臺北市,變更,11506
94172785,俱宜有限公司,臺北市中山區南京東路3段201號10樓,蔡雯婷,3000000,,115/06/18,股東出資轉讓修正章程,F102030 菸酒批發業；F102040 飲料批發業；F102170 食品什貨批發業；F104110 布疋、衣著、鞋、帽、傘、服飾品批發業；F105050 家具、寢具、廚房器具、裝設品批發業；F106020 日常用品批發業；F107030 清潔用品批發業；F108040 化粧品批發業；F109070 文教、樂器、育樂用品批發業；F199990 其他批發業,臺北市,變更,11506
94175164,仲行智能行動股份有限公司,臺北市內湖區瑞光路362號5樓,楊子汀,700000000,,115/06/12,改選董事/監察人(一人法人股東指派董事/監察人),F113010 機械批發業；F113020 電器批發業；F113050 電腦及事務性機器設備批發業；F113100 污染防治設備批發業；F114010 汽車批發業；F114020 機車批發業；F114030 汽、機車零件配備批發業；F114040 自行車及其零件批發業；F118010 資訊軟體批發業；F203010 食品什貨、飲料零售業,臺北市,變更,11506
94175185,奧斯汀股份有限公司,臺北市大安區和平東路1段73號12樓之1,許滋友,3000000,,115/06/24,公司所營事業變更修正章程,F111090 建材批發業；F120010 耐火材料批發業；F211010 建材零售業；F220010 耐火材料零售業；F119010 電子材料批發業；F219010 電子材料零售業；F114020 機車批發業；F114030 汽、機車零件配備批發業；F114040 自行車及其零件批發業；F214990 其他交通運輸工具及其零件零售業,臺北市,變更,11506
94175376,歡樂沙西米有限公司,臺北市松山區南京東路3段258號10樓,楊尚樺,510000,,115/06/16,公司所在地,J604010 聲音錄製及音樂發行業；J602010 演藝活動業；J601010 藝文服務業；J305010 有聲出版業；F109070 文教、樂器、育樂用品批發業；F209060 文教、樂器、育樂用品零售業；F104110 布疋、衣著、鞋、帽、傘、服飾品批發業；F204110 布疋、衣著、鞋、帽、傘、服飾品零售業；F206020 日常用品零售業；F106020 日常用品批發業,臺北市,變更,11506
94175707,渥爾國際供應鏈股份有限公司,臺北市松山區民生東路3段156號9樓,曾丹,15000000,,115/06/08,增資(資本總額),G402011 海運承攬運送業；G405010 貨櫃出租業；G601011 航空貨運承攬業；G801010 倉儲業；F401010 國際貿易業；JA02990 其他修理業；JZ99050 仲介服務業；ZZ99999 除許可業務外，得經營法令非禁止或限制之業務,臺北市,變更,11506
94175919,懷舜服務有限公司,臺北市信義區基隆路1段155號5樓之7,鄭宇恩,6500000,,115/06/01,增資,J101010 建築物清潔服務業；J101030 廢棄物清除業；J101040 廢棄物處理業；J101050 環境檢測服務業；J101080 資源回收業；J101090 廢棄物清理業；F107030 清潔用品批發業；ZZ99999 除許可業務外，得經營法令非禁止或限制之業務,臺北市,變更,11506
94176298,熙又蜜國際美學有限公司,臺北市中山區南京東路3段189號4樓,張小蘭,1000000,,115/06/29,特殊補正,F102170 食品什貨批發業；F104110 布疋、衣著、鞋、帽、傘、服飾品批發業；F106020 日常用品批發業；F107020 染料、顏料批發業；F107030 清潔用品批發業；F108040 化粧品批發業；F113050 電腦及事務性機器設備批發業；F115010 首飾及貴金屬批發業；F203010 食品什貨、飲料零售業；F204110 布疋、衣著、鞋、帽、傘、服飾品零售業,臺北市,變更,11506
94179653,天昊企業有限公司,臺北市松山區南京東路5段92號9樓,賴奕霏,1000000,,115/06/25,補繳規費,I102010 一般投資顧問業；I103060 管理顧問業；I199990 其他顧問服務業；F401010 國際貿易業；ZZ99999 除許可業務外，得經營法令非禁止或限制之業務,臺北市,變更,11506
94179675,維穩管理顧問股份有限公司,臺北市中山區天祥路16號2樓,李美瑩,54288000,,115/06/15,改選董事/監察人(一人法人股東指派董事/監察人),I103060 管理顧問業；H201010 一般投資業；H703090 不動產買賣業；H703100 不動產租賃業；ZZ99999 除許可業務外，得經營法令非禁止或限制之業務,臺北市,變更,11506
94185986,隅陬設計有限公司,臺北市大同區赤峰街53巷9之1號1樓,陳慶祥,500000,,115/06/15,特殊補正,F106050 陶瓷玻璃器皿批發業；F204110 布疋、衣著、鞋、帽、傘、服飾品零售業；F205040 家具、寢具、廚房器具、裝設品零售業；F206020 日常用品零售業；F299990 其他零售業；F401010 國際貿易業；F501060 餐館業；F209060 文教、樂器、育樂用品零售業；ZZ99999 除許可業務外，得經營法令非禁止或限制之業務,臺北市,變更,11506
94186021,萬大福娛樂有限公司,臺北市大同區承德路1段35號6樓,龔萬芳,100000,,115/06/15,公司所在地,J303010 雜誌（期刊）出版業；J304010 圖書出版業；J305010 有聲出版業；J399010 軟體出版業；J399990 其他出版業；J401010 電影片製作業；J402010 電影片發行業；J403010 電影片映演業；J404010 動畫影片製作業；J404020 提供設備及場地供電影片拍攝業,臺北市,變更,11506
94186916,益興資訊有限公司,臺北市松山區南京東路3段258號10樓,王郁仁,600000,,115/06/18,特殊補正,F118010 資訊軟體批發業；F218010 資訊軟體零售業；F109070 文教、樂器、育樂用品批發業；F209060 文教、樂器、育樂用品零售業；F399040 無店面零售業；F401010 國際貿易業；I401010 一般廣告服務業；J399010 軟體出版業；J399990 其他出版業；I501010 產品設計業,臺北市,變更,11506
94190480,兆皇餐飲股份有限公司,臺北市大安區仁愛路4段27巷9號1樓,曾士原,96000,,115/06/30,特殊補正,H201010 一般投資業；I103060 管理顧問業；I199990 其他顧問服務業；J202010 產業育成業；JZ99050 仲介服務業；F203010 食品什貨、飲料零售業；F203020 菸酒零售業；F501060 餐館業；ZZ99999 除許可業務外，得經營法令非禁止或限制之業務,臺北市,變更,11506
94195801,鳳啟思智有限公司,臺北市中正區忠孝西路1段21號7樓,徐儷瑄,200000,,115/06/17,特殊補正,F118010 資訊軟體批發業；F218010 資訊軟體零售業；F399040 無店面零售業；I103060 管理顧問業；I301010 資訊軟體服務業；I301030 電子資訊供應服務業；IZ99990 其他工商服務業；I501010 產品設計業；F601010 智慧財產權業；I301050 實境體感應用服務業,臺北市,變更,11506
94196323,拾仁管理顧問股份有限公司,臺北市大安區仁愛路3段160號4樓,廖瑞遠,100000000,,115/06/23,發行新股,H703100 不動產租賃業；I103060 管理顧問業；ZZ99999 除許可業務外，得經營法令非禁止或限制之業務；J901011 觀光旅館業,臺北市,變更,11506
94197081,二人創意建築科技有限公司,臺北市中正區許昌街42之1號10樓,鄭德潤,295985,,115/06/02,補繳規費,I503010 景觀設計業；I301010 資訊軟體服務業；I301020 資料處理服務業；I301030 電子資訊供應服務業；I501010 產品設計業；I401010 一般廣告服務業；C702010 製版業；C701010 印刷業；I103060 管理顧問業；F399990 其他綜合零售業,臺北市,變更,11506
94197131,亞秝國際股份有限公司,臺北市中山區南京東路2段101號11樓,張子秝,1052346,,115/06/30,公司名稱變更修正章程,F104110 布疋、衣著、鞋、帽、傘、服飾品批發業；F105050 家具、寢具、廚房器具、裝設品批發業；F106020 日常用品批發業；F106050 陶瓷玻璃器皿批發業；F204110 布疋、衣著、鞋、帽、傘、服飾品零售業；F205040 家具、寢具、廚房器具、裝設品零售業；F206020 日常用品零售業；F401010 國際貿易業；E801010 室內裝潢業；F211010 建材零售業,臺北市,變更,11506
94204816,瑪恪餐飲股份有限公司,臺北市信義區基隆路2段143號,劉原銘,9500000,,115/06/12,特殊補正,F203010 食品什貨、飲料零售業；F501030 飲料店業；F501050 飲酒店業；F501060 餐館業；ZZ99999 除許可業務外，得經營法令非禁止或限制之業務,臺北市,變更,11506
94205391,世季投資有限公司,臺北市大同區承德路2段215號2樓之2,徐世強,4500000,,115/06/29,特殊補正,H201010 一般投資業,臺北市,變更,11506
94212301,倍司特清潔工程股份有限公司,臺北市中山區林森北路107巷6號,吳韋軍,2000000,,115/06/09,特殊補正,A102080 園藝服務業；D501010 溫泉取供業；EZ03010 鎔爐安裝業；EZ14010 運動場地用設備工程業；F106020 日常用品批發業；F106040 水器材料批發業；F107030 清潔用品批發業；F107080 環境用藥批發業；F113100 污染防治設備批發業；F399040 無店面零售業,臺北市,變更,11506
94212365,木子澄有限公司,臺北市中山區民生東路2段143號8樓,黃瑤,300000,,115/06/25,特殊補正,F102170 食品什貨批發業；F107200 化學原料批發業；F113010 機械批發業；F119010 電子材料批發業；F207200 化學原料零售業；F213080 機械器具零售業；F219010 電子材料零售業；JA02990 其他修理業；CB01010 機械設備製造業；CB01030 污染防治設備製造業,臺北市,變更,11506
94212506,時樂股份有限公司,臺北市內湖區成功路4段40號6樓,戴利玲,20000000,,115/06/08,增資(資本總額),F104110 布疋、衣著、鞋、帽、傘、服飾品批發業；F105050 家具、寢具、廚房器具、裝設品批發業；F106020 日常用品批發業；F108040 化粧品批發業；F109070 文教、樂器、育樂用品批發業；F110010 鐘錶批發業；F110020 眼鏡批發業；F113020 電器批發業；F113050 電腦及事務性機器設備批發業；F113070 電信器材批發業,臺北市,變更,11506
94213076,優立測科技股份有限公司,臺北市大安區市民大道3段198號4樓,徐佩伶,15000000,,115/06/30,補繳規費,CB01010 機械設備製造業；CB01990 其他機械製造業；CE01010 一般儀器製造業；CC01110 電腦及其週邊設備製造業；CC01080 電子零組件製造業；CC01990 其他電機及電子機械器材製造業；CC01060 有線通信機械器材製造業；CC01070 無線通信機械器材製造業；CC01100 電信管制射頻器材製造業；F113020 電器批發業,臺北市,變更,11506
94221195,伽利略實業有限公司,臺北市中山區南京東路3段118號8樓之1,邱謙峻,1000000,,115/06/29,股東出資轉讓修正章程,F104110 布疋、衣著、鞋、帽、傘、服飾品批發業；F105050 家具、寢具、廚房器具、裝設品批發業；F106020 日常用品批發業；F204110 布疋、衣著、鞋、帽、傘、服飾品零售業；F205040 家具、寢具、廚房器具、裝設品零售業；F206020 日常用品零售業；F399040 無店面零售業；F401010 國際貿易業；ZZ99999 除許可業務外，得經營法令非禁止或限制之業務；I301010 資訊軟體服務業,臺北市,變更,11506
94223927,優通有限公司,臺北市信義區市民大道6段250號3樓,許濟麟,500000,,115/06/10,特殊補正,F104110 布疋、衣著、鞋、帽、傘、服飾品批發業；F105050 家具、寢具、廚房器具、裝設品批發業；F108040 化粧品批發業；F113020 電器批發業；F201010 農產品零售業；F204110 布疋、衣著、鞋、帽、傘、服飾品零售業；F205040 家具、寢具、廚房器具、裝設品零售業；F208040 化粧品零售業；F213010 電器零售業；F399040 無店面零售業,臺北市,變更,11506
94238816,正欣健康生技股份有限公司,臺北市士林區大西路67號,陳昭穎,40000000,,115/06/29,董事/監察人持股變動報備,F108031 醫療器材批發業；F108040 化粧品批發業；F113010 機械批發業；F113050 電腦及事務性機器設備批發業；F203010 食品什貨、飲料零售業；F208031 醫療器材零售業；F208040 化粧品零售業；F208050 乙類成藥零售業；F213080 機械器具零售業；JE01010 租賃業,臺北市,變更,11506
94238920,嘉鼎綠能股份有限公司,臺北市士林區中山北路6段89號10樓,刁秀華,1000000000,,115/06/15,改選董事/監察人(一人法人股東指派董事/監察人),D101050 汽電共生業；D101060 再生能源自用發電設備業；J101030 廢棄物清除業；J101040 廢棄物處理業；J101990 其他環境衛生及污染防治服務業；ZZ99999 除許可業務外，得經營法令非禁止或限制之業務,臺北市,變更,11506
94239483,潮居科技股份有限公司,臺北市中山區建國北路2段65號12樓,鄧慶筠,3720240,,115/06/16,減少所營事業變更修正章程,I103060 管理顧問業；I301010 資訊軟體服務業；I301020 資料處理服務業；I301030 電子資訊供應服務業；I401010 一般廣告服務業；I501010 產品設計業；F118010 資訊軟體批發業；F399040 無店面零售業；F401010 國際貿易業；I199990 其他顧問服務業,臺北市,變更,11506
94239723,你贏國際有限公司,臺北市信義區基隆路2段22號2樓之9,謝承儒,100000,,115/06/17,特殊補正,F208040 化粧品零售業；F399040 無店面零售業；I103060 管理顧問業；I301010 資訊軟體服務業；I301030 電子資訊供應服務業；I401010 一般廣告服務業；ZZ99999 除許可業務外，得經營法令非禁止或限制之業務,臺北市,變更,11506
94245577,凱菲整合行銷股份有限公司,臺北市大安區忠孝東路4段59號7樓之2,李傳惠,3000000,,115/06/25,特殊補正,H201010 一般投資業；I102010 投資顧問業；I301020 資料處理服務業；I401010 一般廣告服務業；IZ15010 市場研究及民意調查業；J304010 圖書出版業；J305010 有聲出版業；J601010 藝文服務業；JB01010 會議及展覽服務業；ZZ99999 除許可業務外，得經營法令非禁止或限制之業務,臺北市,變更,11506
94246689,賽諾亞科技股份有限公司,臺北市松山區南京東路4段1號11樓,謝淑品,6200000,,115/06/30,改選董事/監察人(一人法人股東指派董事/監察人),I102010 投資顧問業；I103060 管理顧問業；I199990 其他顧問服務業；I501010 產品設計業；IG02010 研究發展服務業；IG01010 生物技術服務業；IZ99990 其他工商服務業；EZ05010 儀器、儀表安裝工程業；F113030 精密儀器批發業；F108040 化粧品批發業,臺北市,變更,11506
94254337,山摺山有限公司,臺北市大安區羅斯福路3段337號,林玉蘭,600000,,115/06/05,股東出資轉讓修正章程,F203010 食品什貨、飲料零售業；I101090 食品顧問業；F399040 無店面零售業；I103060 管理顧問業；J202010 產業育成業；I501010 產品設計業；ZZ99999 除許可業務外，得經營法令非禁止或限制之業務；C104020 烘焙炊蒸食品製造業；F501060 餐館業；F102170 食品什貨批發業,臺北市,變更,11506
94254651,美亞樂高球有限公司,臺北市信義區忠孝東路5段508號2樓之11,陳宜亭,5000000,,115/06/05,特殊補正,F101040 家畜家禽批發業；F101050 水產品批發業；F101130 蔬果批發業；F101990 其他農、畜、水產品批發業；F102020 食用油脂批發業；F102030 菸酒批發業；F102040 飲料批發業；F102050 茶葉批發業；F102170 食品什貨批發業；F102180 酒精批發業,臺北市,變更,11506
94255223,星潮事業股份有限公司,臺北市中山區吉林路312號4樓,汪星佑,2000000,,115/06/10,特殊補正,F109070 文教、樂器、育樂用品批發業；F118010 資訊軟體批發業；F199990 其他批發業；F399040 無店面零售業；F401010 國際貿易業；F209060 文教、樂器、育樂用品零售業；F218010 資訊軟體零售業；J202010 產業育成業；J301010 報紙業；J302010 通訊稿業,臺北市,變更,11506
94265735,程式城市股份有限公司,臺北市大安區信義路4段279號8樓,朱南旗,1000000,,115/06/03,特殊補正,I199990 其他顧問服務業；I301010 資訊軟體服務業；I301020 資料處理服務業；I301030 電子資訊供應服務業；F218010 資訊軟體零售業；F219010 電子材料零售業；ZZ99999 除許可業務外，得經營法令非禁止或限制之業務,臺北市,變更,11506
94265881,維柏台灣影音代理有限公司,臺北市中山區南京東路2段137號14樓,徐敏峰,200000,,115/06/01,股東出資轉讓修正章程,F109070 文教、樂器、育樂用品批發業；F113050 電腦及事務性機器設備批發業；F118010 資訊軟體批發業；F209060 文教、樂器、育樂用品零售業；F213030 電腦及事務性機器設備零售業；F218010 資訊軟體零售業；F399040 無店面零售業；F401010 國際貿易業；F601010 智慧財產權業；J305010 有聲出版業,臺北市,變更,11506
94265897,誠奕國際有限公司,臺北市大同區南京西路163號2樓之81,蘇奕誠,8000000,,115/06/09,特殊補正,F104110 布疋、衣著、鞋、帽、傘、服飾品批發業；F204110 布疋、衣著、鞋、帽、傘、服飾品零售業；F401010 國際貿易業；ZZ99999 除許可業務外，得經營法令非禁止或限制之業務,臺北市,變更,11506
94266087,展桂有限公司,臺北市信義區基隆路2段87號,葉展慈,20500000,,115/06/03,公司所在地,F102040 飲料批發業；F102170 食品什貨批發業；F106020 日常用品批發業；F201070 花卉零售業；F203010 食品什貨、飲料零售業；F203020 菸酒零售業；F203030 酒精零售業；F204110 布疋、衣著、鞋、帽、傘、服飾品零售業；F205040 家具、寢具、廚房器具、裝設品零售業；F206020 日常用品零售業,臺北市,變更,11506
94266208,宜晴有限公司,臺北市松山區敦化北路145巷11號1樓,簡乃宜,13000000,,115/06/08,特殊補正,H201010 一般投資業；ZZ99999 除許可業務外，得經營法令非禁止或限制之業務；F118010 資訊軟體批發業；F218010 資訊軟體零售業；F119010 電子材料批發業；F219010 電子材料零售業；F113050 電腦及事務性機器設備批發業；F213030 電腦及事務性機器設備零售業；I103060 管理顧問業；F401010 國際貿易業,臺北市,變更,11506
94268992,元益不動產有限公司,臺北市大同區承德路1段77之1號4樓,葉欣儀,100000,,115/06/03,公司所在地,H701010 住宅及大樓開發租售業；H701020 工業廠房開發租售業；H701050 投資興建公共建設業；H701060 新市鎮、新社區開發業；H701070 區段徵收及市地重劃代辦業；H701090 都市更新整建維護業；H703090 不動產買賣業；H703100 不動產租賃業；H702010 建築經理業；H703110 老人住宅業,臺北市,變更,11506
94269182,星火控股科技有限公司,臺北市大安區忠孝東路4段297號5樓,徐正昇,4000000,,115/06/22,改推董事/董事長,I301010 資訊軟體服務業；I301020 資料處理服務業；I301030 電子資訊供應服務業；I301060 網路廣告平臺業；I401010 一般廣告服務業；I401020 廣告傳單分送業；I501010 產品設計業；IZ13010 網路認證服務業；I102010 一般投資顧問業；I199990 其他顧問服務業,臺北市,變更,11506
94269845,關威資本股份有限公司,臺北市士林區中山北路6段157巷11號9樓之5,李東翰,14000000,,115/06/26,特殊補正,H201010 一般投資業；IG01010 生物技術服務業；I301010 資訊軟體服務業；ZZ99999 除許可業務外，得經營法令非禁止或限制之業務,臺北市,變更,11506
94274066,美商布魯爾科技股份有限公司,臺北市大安區忠孝東路四段142號3樓之2,Paul Daniel Harris,500000,,115/06/15,改派在中華民國境內負責人變更登記,F107200 化學原料批發業；F113030 精密儀器批發業；F113070 電信器材批發業；F118010 資訊軟體批發業；F119010 電子材料批發業；F213030 電腦及事務性機器設備零售業；F213040 精密儀器零售業；F213060 電信器材零售業；F218010 資訊軟體零售業；F219010 電子材料零售業,臺北市,變更,11506
95426012,台灣英和電子股份有限公司,臺北市大同區承德路2段81號3樓之3,新谷博之,29900000,,115/06/03,增資(資本總額),E604010 機械安裝業；F113010 機械批發業；F113020 電器批發業；F113070 電信器材批發業；F113990 其他機械器具批發業；F119010 電子材料批發業；F213010 電器零售業；F213060 電信器材零售業；F213080 機械器具零售業；F213990 其他機械器具零售業,臺北市,變更,11506
95429685,帝奧昇生技股份有限公司,臺北市大安區信義路4段380號2樓,楊婉菱,10000000,,115/06/08,特殊補正,F401010 國際貿易業；I102010 一般投資顧問業；I103060 管理顧問業；I199990 其他顧問服務業；JE01010 租賃業；H201010 一般投資業；H703090 不動產買賣業；H703100 不動產租賃業；F208040 化粧品零售業；F108040 化粧品批發業,臺北市,變更,11506
95434250,民生國際物流有限公司,臺北市中山區長安東路2段78號7樓,江文馨,7500000,,115/06/30,公司所營事業變更修正章程,IZ06010 理貨包裝業；G702010 船舶勞務承攬業；G801010 倉儲業；G302010 小船經營業；G402011 海運承攬運送業；I301010 資訊軟體服務業；I301020 資料處理服務業；I301030 電子資訊供應服務業；I401020 廣告傳單分送業；IZ12010 人力派遣業,臺北市,變更,11506
95435455,瑞飛絲國際有限公司,臺北市信義區莊敬路341巷4弄22號1樓,謝宜靜,100000,,115/06/30,特殊補正,F108040 化粧品批發業；F208040 化粧品零售業；F399040 無店面零售業；F401010 國際貿易業；F601010 智慧財產權業；H201010 一般投資業；I102010 一般投資顧問業；I103060 管理顧問業；I199990 其他顧問服務業；I401010 一般廣告服務業,臺北市,變更,11506
95436428,順道洗車股份有限公司,臺北市內湖區新湖一路383號6樓,司徒智明,84000000,,115/06/26,發行新股,CA01050 鋼材二次加工業；CB01010 機械設備製造業；CB01990 其他機械製造業；CC01010 發電、輸電、配電機械製造業；CC01990 其他電機及電子機械器材製造業；E604010 機械安裝業；F106010 五金批發業；F106020 日常用品批發業；F107030 清潔用品批發業；F107190 塑膠膜、袋批發業,臺北市,變更,11506
95436877,萬事例特股份有限公司,臺北市中山區松江路50號9樓,張霓,1000000,,115/06/09,特殊補正,I501010 產品設計業；I502010 服飾設計業；I599990 其他設計業；I101090 食品顧問業；I103060 管理顧問業；I401010 一般廣告服務業；I199990 其他顧問服務業；IZ99990 其他工商服務業；F401010 國際貿易業；F203010 食品什貨、飲料零售業,臺北市,變更,11506
95439071,文允管理顧問股份有限公司,臺北市中山區南京東路1段15號2樓之1,廖文瑛,2000000,,115/06/22,減少所營事業變更修正章程,I103060 管理顧問業；I199990 其他顧問服務業；I301010 資訊軟體服務業；I301020 資料處理服務業；I301030 電子資訊供應服務業；I301060 網路廣告平臺業；IZ12010 人力派遣業；J202010 產業育成業；ZZ99999 除許可業務外，得經營法令非禁止或限制之業務,臺北市,變更,11506
95443119,好臉色美業股份有限公司,臺北市萬華區西寧南路218號1樓,沈尚志,1180000,,115/06/15,改選董事/監察人(一人法人股東指派董事/監察人),F102170 食品什貨批發業；F107030 清潔用品批發業；F108040 化粧品批發業；F203010 食品什貨、飲料零售業；F207030 清潔用品零售業；F208040 化粧品零售業；F208050 乙類成藥零售業；F401010 國際貿易業；F601010 智慧財產權業；I103060 管理顧問業,臺北市,變更,11506
95443700,美芯家品國際有限公司,臺北市大安區龍泉街5巷10號1樓,王柔心,1600000,,115/06/09,特殊補正,F108040 化粧品批發業；F208040 化粧品零售業；F106020 日常用品批發業；F206020 日常用品零售業；F107030 清潔用品批發業；F207030 清潔用品零售業；F102040 飲料批發業；F102170 食品什貨批發業；F399040 無店面零售業；I102010 一般投資顧問業,臺北市,變更,11506
95448331,五九一國際旅行社股份有限公司,臺北市中山區南京東路3段189號4樓,彭文君,6000000,,115/06/22,特殊補正,J902011 旅行業,臺北市,變更,11506
95450286,大品吉樂旅行社有限公司,臺北市中山區中山北路2段102號11樓之2,沈柏逸,6000000,,115/06/17,董事/股東更名,J902011 旅行業,臺北市,變更,11506
95451145,極致餐飲股份有限公司,臺北市信義區松仁路89號2樓,黃國欣,80000000,,115/06/25,補繳規費,F501060 餐館業；F203010 食品什貨、飲料零售業；F203020 菸酒零售業；F201030 水產品零售業；F101050 水產品批發業；F201010 農產品零售業；F205040 家具、寢具、廚房器具、裝設品零售業；F206020 日常用品零售業；I101090 食品顧問業；I199990 其他顧問服務業,臺北市,變更,11506
95452806,睿富文化股份有限公司,臺北市中正區開封街1段37號11樓,李睿芸,100000,,115/06/18,改選董事/監察人(一人法人股東指派董事/監察人),E605010 電腦設備安裝業；F113050 電腦及事務性機器設備批發業；F118010 資訊軟體批發業；F213030 電腦及事務性機器設備零售業；F218010 資訊軟體零售業；F399040 無店面零售業；I102010 一般投資顧問業；I103060 管理顧問業；I199990 其他顧問服務業；I301010 資訊軟體服務業,臺北市,變更,11506
95452974,越仕達國際不動產股份有限公司,臺北市中正區漢口街1段45號7樓,李正欣,500000,,115/06/05,特殊補正,H703090 不動產買賣業；H703100 不動產租賃業；H704031 不動產仲介經紀業；H201010 一般投資業；I102010 一般投資顧問業；ZZ99999 除許可業務外，得經營法令非禁止或限制之業務,臺北市,變更,11506
95454591,豐盟開發投資股份有限公司,臺北市中山區南京東路2段101號11樓,黃韻錦,990000,,115/06/29,改選董事/監察人(一人法人股東指派董事/監察人),H201010 一般投資業,臺北市,變更,11506
95464303,契蹟國際生醫股份有限公司,臺北市中山區南京東路2段72號11樓,簡如珊,24296774,,115/06/15,公司所在地,F203010 食品什貨、飲料零售業；F206020 日常用品零售業；F399040 無店面零售業；F401010 國際貿易業；I103060 管理顧問業；I199990 其他顧問服務業；IG01010 生物技術服務業；J303010 雜誌（期刊）出版業；ZZ99999 除許可業務外，得經營法令非禁止或限制之業務；F108031 醫療器材批發業,臺北市,變更,11506
95467174,韻藏企業股份有限公司,臺北市信義區信義路5段150巷2號14樓之3,布秋榮,50000,,115/06/01,停業,F501060 餐館業；F501050 飲酒店業；F501030 飲料店業；F501990 其他餐飲業；F203010 食品什貨、飲料零售業；F203020 菸酒零售業；F399990 其他綜合零售業；ZZ99999 除許可業務外，得經營法令非禁止或限制之業務,臺北市,變更,11506
95468309,慷成有限公司,臺北市松山區民權東路3段122號6樓,陳慷樺,1000000,,115/06/22,特殊補正,F102170 食品什貨批發業；F102050 茶葉批發業；F104110 布疋、衣著、鞋、帽、傘、服飾品批發業；F105050 家具、寢具、廚房器具、裝設品批發業；F106010 五金批發業；F106020 日常用品批發業；F106050 陶瓷玻璃器皿批發業；F107030 清潔用品批發業；F108040 化粧品批發業；F109070 文教、樂器、育樂用品批發業,臺北市,變更,11506
95472134,齊葳興業有限公司,臺北市中山區中山北路3段26號9樓之3,張智旭,300000,,115/06/12,改推董事/董事長,F102170 食品什貨批發業；F106060 寵物食品及其用品批發業；F121010 食品添加物批發業；F203010 食品什貨、飲料零售業；F401010 國際貿易業；I103060 管理顧問業；I199990 其他顧問服務業；I301010 資訊軟體服務業；I301020 資料處理服務業；I301030 電子資訊供應服務業,臺北市,變更,11506
95475337,肯定國際整合行銷有限公司,臺北市大安區臥龍街213號地下樓,以諾馬來,1000000,,115/06/08,特殊補正,F104110 布疋、衣著、鞋、帽、傘、服飾品批發業；F105050 家具、寢具、廚房器具、裝設品批發業；F106020 日常用品批發業；F108040 化粧品批發業；F109070 文教、樂器、育樂用品批發業；F115010 首飾及貴金屬批發業；F116010 照相器材批發業；F199990 其他批發業；F204110 布疋、衣著、鞋、帽、傘、服飾品零售業；F205040 家具、寢具、廚房器具、裝設品零售業,臺北市,變更,11506
95475575,連盈發展投資股份有限公司,臺北市大安區信義路4段210號11樓,張劍平,990000,,115/06/25,改選董事/監察人(一人法人股東指派董事/監察人),H201010 一般投資業,臺北市,變更,11506
95486236,南來北往股份有限公司,臺北市松山區八德路3段210號8樓,蔡京宏,1000000,,115/06/10,特殊補正,ZZ99999 除許可業務外，得經營法令非禁止或限制之業務；F102050 茶葉批發業；F106020 日常用品批發業；F106060 寵物食品及其用品批發業；F201010 農產品零售業；F205040 家具、寢具、廚房器具、裝設品零售業；F206010 五金零售業；F206020 日常用品零售業,臺北市,變更,11506
95491532,凱騰鈴木汽車股份有限公司,臺北市內湖區陽光街300號7樓,林傳凱,40000000,,115/06/03,改選董事/監察人(一人法人股東指派董事/監察人),F114010 汽車批發業；F114030 汽、機車零件配備批發業；F214010 汽車零售業；F214030 汽、機車零件配備零售業；JA01010 汽車修理業；CD01030 汽車及其零件製造業；CD01040 機車及其零件製造業；CD01050 自行車及其零件製造業；JA02020 機車修理業；JA02030 自行車修理業,臺北市,變更,11506
95492292,淺野旅行社有限公司,臺北市大安區復興南路1段127號9樓之2,陳姿樺,6000000,,115/06/01,經理人解任,J902011 旅行業,臺北市,變更,11506
95495018,言成不動產有限公司,臺北市中山區長春路172號4樓之2、4樓之3,呂佩盈,3000000,,115/06/24,增資,H701010 住宅及大樓開發租售業；H701020 工業廠房開發租售業；H703100 不動產租賃業；H703090 不動產買賣業；H704031 不動產仲介經紀業；I103060 管理顧問業；E801010 室內裝潢業；ZZ99999 除許可業務外，得經營法令非禁止或限制之業務,臺北市,變更,11506
95499339,白綺霏工作坊有限公司,臺北市中山區中山北路3段27號4樓之10,蕭舒文,200000,,115/06/17,申登機關變更（遷入，含卷）,F104110 布疋、衣著、鞋、帽、傘、服飾品批發業；F204110 布疋、衣著、鞋、帽、傘、服飾品零售業；JZ99090 喜慶綜合服務業；F115010 首飾及貴金屬批發業；F215010 首飾及貴金屬零售業；F115020 礦石批發業；F215020 礦石零售業；F106020 日常用品批發業；F206020 日常用品零售業；F108040 化粧品批發業,臺北市,變更,11506
96092105,美商艾里斯物聯網股份有限公司,臺北市信義區信義路四段460號18樓,Nicholas Andrew Jones,155000,,115/06/26,改派在中華民國境內負責人變更登記,I301010 資訊軟體服務業；I301020 資料處理服務業；I301030 電子資訊供應服務業；ZZ99999 除許可業務外，得經營法令非禁止或限制之業務,臺北市,變更,11506
96295805,承鼎貿易股份有限公司,臺北市中山區復興北路48號10樓之1,廖昱承,800000,,115/06/11,特殊補正,C701010 印刷業；C702010 製版業；C703010 印刷品裝訂及加工業；F104110 布疋、衣著、鞋、帽、傘、服飾品批發業；F107200 化學原料批發業；F107990 其他化學製品批發業；F199990 其他批發業；F207200 化學原料零售業；F207990 其他化學製品零售業；F399040 無店面零售業,臺北市,變更,11506
96586613,創勁國際股份有限公司,臺北市內湖區瑞光路168號9樓,傅凱靖,100000,,115/06/22,補選董事(常務董事.董事長)/監察人,F204110 布疋、衣著、鞋、帽、傘、服飾品零售業；F109070 文教、樂器、育樂用品批發業；F104110 布疋、衣著、鞋、帽、傘、服飾品批發業；E801010 室內裝潢業；F601010 智慧財產權業；H201010 一般投資業；H202010 創業投資業；I102010 一般投資顧問業；I103060 管理顧問業；I105010 藝術品諮詢顧問業,臺北市,變更,11506
96642262,盛坤國際開發工程有限公司,臺北市中正區公園路32號12樓,鍾文邦,100000,,115/06/25,特殊補正,E901010 油漆工程業；E801010 室內裝潢業；E903010 防蝕、防銹工程業；F207010 漆料、塗料零售業；EZ99990 其他工程業；E603120 噴砂工程業；F111090 建材批發業；F211010 建材零售業；F206010 五金零售業；CA04010 表面處理業,臺北市,變更,11506
96651542,保發管理顧問有限公司,臺北市中山區復興北路48號7樓,汪兆豐,300000,,115/06/16,特殊補正,H202010 創業投資業；H701050 投資興建公共建設業；H701060 新市鎮、新社區開發業；H701090 都市更新整建維護業；H702010 建築經理業；H703090 不動產買賣業；H703100 不動產租賃業；I103060 管理顧問業；I102010 一般投資顧問業；IZ12010 人力派遣業,臺北市,變更,11506
96651803,智根技術股份有限公司,臺北市中正區許昌街42號10樓,郭博鈞,2600000,,115/06/12,特殊補正,I301010 資訊軟體服務業；I301020 資料處理服務業；F399040 無店面零售業；F118010 資訊軟體批發業；F218010 資訊軟體零售業；F401010 國際貿易業；I199990 其他顧問服務業；I301030 電子資訊供應服務業；I301040 第三方支付服務業；I501010 產品設計業,臺北市,變更,11506
96655006,道合智遠有限公司,臺北市中山區南京東路2段101號8樓,Johansson Josef Robert,60000,,115/06/16,董事/股東地址變更,I301010 資訊軟體服務業；I199990 其他顧問服務業；I599990 其他設計業,臺北市,變更,11506
96659690,三三寶麟建設股份有限公司,臺北市信義區忠孝東路5段510號19樓之3,王勝正,260000000,,115/06/15,特殊補正,H701010 住宅及大樓開發租售業；H701020 工業廠房開發租售業；H701040 特定專業區開發業；H701050 投資興建公共建設業；H701060 新市鎮、新社區開發業；H701070 區段徵收及市地重劃代辦業；H701080 都市更新重建業；H701090 都市更新整建維護業；H702010 建築經理業；H703090 不動產買賣業,臺北市,變更,11506
96672954,德沃力醫藥股份有限公司,臺北市松山區南京東路3段287號10樓,施維貞,24657000,,115/06/03,增資(資本總額),F108021 西藥批發業；F108031 醫療器材批發業；F401010 國際貿易業；ZZ99999 除許可業務外，得經營法令非禁止或限制之業務；F102170 食品什貨批發業；F203010 食品什貨、飲料零售業；F121010 食品添加物批發業；F221010 食品添加物零售業,臺北市,變更,11506
96751578,全品投資股份有限公司,臺北市信義區忠孝東路5段1號2樓,蔡裕隆,990000,,115/06/26,改選董事/監察人(一人法人股東指派董事/監察人),H201010 一般投資業,臺北市,變更,11506
96753169,沐森妍生技有限公司,臺北市松山區南京東路5段2號3樓,顏正安,11000000,,115/06/11,特殊補正,I101090 食品顧問業；I102010 一般投資顧問業；I103060 管理顧問業；I199990 其他顧問服務業；I301010 資訊軟體服務業；I301030 電子資訊供應服務業；I401010 一般廣告服務業；I501010 產品設計業；IG01010 生物技術服務業；IG02010 研究發展服務業,臺北市,變更,11506
96755429,眾亨有限公司,臺北市中山區中山北路2段27巷2號3樓,林耘榛,500000,,115/06/09,特殊補正,F218010 資訊軟體零售業；F118010 資訊軟體批發業；I301010 資訊軟體服務業；I301020 資料處理服務業；I301030 電子資訊供應服務業；I199990 其他顧問服務業；F401010 國際貿易業；ZZ99999 除許可業務外，得經營法令非禁止或限制之業務,臺北市,變更,11506
96755650,澤然科技有限公司,臺北市南港區東新街92號13樓之1,李汶美,500000,,115/06/30,特殊補正,ZZ99999 除許可業務外，得經營法令非禁止或限制之業務；F113050 電腦及事務性機器設備批發業；F119010 電子材料批發業；F213030 電腦及事務性機器設備零售業；F219010 電子材料零售業；F401010 國際貿易業；I301010 資訊軟體服務業；I301020 資料處理服務業；I301030 電子資訊供應服務業；IG03010 能源技術服務業,臺北市,變更,11506
96757019,未來無限智能有限公司,臺北市大安區敦化南路2段98號2樓,莊秀卿,7500000,,115/06/08,公司所在地,E605010 電腦設備安裝業；F113050 電腦及事務性機器設備批發業；F113070 電信器材批發業；F118010 資訊軟體批發業；F213030 電腦及事務性機器設備零售業；F213060 電信器材零售業；F218010 資訊軟體零售業；F401010 國際貿易業；I103060 管理顧問業；I199990 其他顧問服務業,臺北市,變更,11506
96758349,大韻股份有限公司,臺北市中山區明水路702號9樓之1,孫大元,200000,,115/06/05,公司所在地,I103060 管理顧問業；I199990 其他顧問服務業；J601010 藝文服務業；I301010 資訊軟體服務業；J399010 軟體出版業；I301030 電子資訊供應服務業；I301020 資料處理服務業；CC01120 資料儲存媒體製造及複製業；F601010 智慧財產權業；I401010 一般廣告服務業,臺北市,變更,11506
96758782,宏田系統模板股份有限公司,臺北市中山區中山北路3段58號5樓之2,戴中杰,10000000,,115/06/12,特殊補正,CA01990 其他非鐵金屬基本工業；CA02010 金屬結構及建築組件製造業；CA02990 其他金屬製品製造業；CZ99990 未分類其他工業製品製造業；E801010 室內裝潢業；E901010 油漆工程業；E903010 防蝕、防銹工程業；EZ99990 其他工程業；F106010 五金批發業；F111090 建材批發業,臺北市,變更,11506
96760041,集晟商貿有限公司,臺北市大安區建國南路1段308號4樓之2,周昱利,6500000,,115/06/08,公司所營事業變更修正章程,F102050 茶葉批發業(限中華民國行業標準分類4548咖啡、茶葉及香料批發業)(限中華民國行業標準分類4548咖啡、茶葉及香料批發業)；F204110 布疋、衣著、鞋、帽、傘、服飾品零售業(限中華民國行業標準分類4731布疋零售業、4732服裝及其配件零售業、4733鞋類零售業及4739其他服飾品零售業）(限中華民國行業標準分類4731布疋零售業、4732服裝及其配件零售業、4733鞋類零售業及4739其他服飾品零售業)；F203010 食品什貨、飲料零售業(限中華民國行業標準分類4711食品飲料為主之綜合商品零售業及4729其他食品及飲料、菸草製品零售業；藥局、藥房、藥粧店或活動物之零售除外）(限中華民國行業標準分類4711食品飲料為主之綜合商品零售業及4729其他食品及飲料、菸草製品零售業；藥局、藥房、藥粧店或活；F102030 菸酒批發業（限中華民國行業標準分類4546菸酒批發業）(限中華民國行業標準分類4546菸酒批發業)；F108040 化粧品批發業（限中華民國行業標準分類4572化粧品批發業）(限中華民國行業標準分類4572化粧品批發業)；F113020 電器批發業（限中華民國行業標準分類4561家庭電器批發業）(限中華民國行業標準分類4561家庭電器批發業)；F101130 蔬果批發業(限中華民國行業標準分類4541蔬果批發業；農產品市場交易法所稱之農產品批發市場除外)；F102040 飲料批發業(限中華民國行業標準分類4547非酒精飲料批發業)；F102170 食品什貨批發業(限中華民國行業標準分類4544冷凍調理食品批發業、4545乳製品、蛋及食用油脂批發業、4548咖啡、茶葉及香料批發業及4549其他食品批發業；農產品市場交易法所稱之農產品批發市場除外)；F107200 化學原料批發業(限中華民國行業標準分類4621化學材料批發業),臺北市,變更,11506
96763878,永鼎食品有限公司,臺北市內湖區內湖路1段391號1樓,陳星豪,300000,,115/06/18,特殊補正,F203010 食品什貨、飲料零售業；ZZ99999 除許可業務外，得經營法令非禁止或限制之業務,臺北市,變更,11506
96764855,光影創意有限公司,臺北市大同區鄭州路101號11樓之2,黃尚言,1000000,,115/06/29,特殊補正,E605010 電腦設備安裝業；F113020 電器批發業；F113030 精密儀器批發業；F113050 電腦及事務性機器設備批發業；F118010 資訊軟體批發業；F119010 電子材料批發業；F213010 電器零售業；F213030 電腦及事務性機器設備零售業；F213060 電信器材零售業；F213080 機械器具零售業,臺北市,變更,11506
96766050,德錩開發投資股份有限公司,臺北市中正區館前路2號12樓,董大年,990000,,115/06/26,改選董事/監察人(一人法人股東指派董事/監察人),H201010 一般投資業,臺北市,變更,11506
96766951,倫恩韻國際投資股份有限公司,臺北市大安區忠孝東路4段197號10樓之1,夏天倫,8500000,,115/06/03,特殊補正,H201010 一般投資業；I101090 食品顧問業；I102010 一般投資顧問業；I103060 管理顧問業；I199990 其他顧問服務業；ZZ99999 除許可業務外，得經營法令非禁止或限制之業務,臺北市,變更,11506
96769535,安禎資訊有限公司,臺北市中正區金山北路1號5樓之7,蘇煌展,500000,,115/06/10,公司所在地,E605010 電腦設備安裝業；F113050 電腦及事務性機器設備批發業；F118010 資訊軟體批發業；F213030 電腦及事務性機器設備零售業；F218010 資訊軟體零售業；I199990 其他顧問服務業；I301010 資訊軟體服務業；I301020 資料處理服務業；I301030 電子資訊供應服務業；I501010 產品設計業,臺北市,變更,11506
96773539,想飛就飛夢想文化傳媒有限公司,臺北市大安區金山南路2段10巷15號1樓,吳姵錡,100000,,115/06/17,特殊補正,F204110 布疋、衣著、鞋、帽、傘、服飾品零售業；I301030 電子資訊供應服務業；I401010 一般廣告服務業；I501010 產品設計業；IZ12010 人力派遣業；IZ99990 其他工商服務業；J399010 軟體出版業；J399990 其他出版業；J503020 電視節目製作業；J503050 錄影節目帶業,臺北市,變更,11506
96777134,無限財富科技有限公司,臺北市信義區松高路9號25樓,劉承淵,10300000,,115/06/10,特殊補正,F118010 資訊軟體批發業；F218010 資訊軟體零售業；I301010 資訊軟體服務業；I301020 資料處理服務業；I301030 電子資訊供應服務業；IG02010 研究發展服務業；IZ13010 網路認證服務業；H201010 一般投資業；H202010 創業投資業；JZ99050 仲介服務業,臺北市,變更,11506
96777373,旭嶺管理顧問股份有限公司,臺北市松山區民權東路3段144號4樓之7,蘇柏宇,1000000,,115/06/23,特殊補正,I103060 管理顧問業；I301010 資訊軟體服務業；IZ12010 人力派遣業；ZZ99999 除許可業務外，得經營法令非禁止或限制之業務,臺北市,變更,11506
96777726,彥鼎營造股份有限公司,臺北市士林區中山北路6段89號10樓,蘇育弘,5000000,,115/06/08,改選董事/監察人(一人法人股東指派董事/監察人),B601010 土石採取業；C901040 預拌混凝土製造業；C901050 水泥及混凝土製品製造業；CA01010 鋼鐵冶鍊業；CA01020 鋼鐵軋延及擠型業；CA01030 鋼鐵鑄造業；CA01050 鋼材二次加工業；CA01990 其他非鐵金屬基本工業；CA02010 金屬結構及建築組件製造業；CA02050 閥類製造業,臺北市,變更,11506
96779040,元大電機工程顧問有限公司,臺北市士林區重慶北路4段237號2樓,洪鑫章,1000000,,115/06/22,特殊補正,I101061 工程技術顧問業；I199990 其他顧問服務業；IB01010 建築物公共安全檢查業；ZZ99999 除許可業務外，得經營法令非禁止或限制之業務,臺北市,變更,11506
96784698,超懶餐飲有限公司,臺北市中山區林森北路133巷45號1樓,,1000000,,115/06/24,解散,F203010 食品什貨、飲料零售業；F203020 菸酒零售業；F501060 餐館業；I103060 管理顧問業；J603010 音樂展演空間業；ZZ99999 除許可業務外，得經營法令非禁止或限制之業務,臺北市,變更,11506
96786529,貳拾點拾壹茶話有限公司,臺北市內湖區行善路188號1樓,黃湘芫,300000,,115/06/05,特殊補正,F501030 飲料店業；F399040 無店面零售業；F203010 食品什貨、飲料零售業；F206020 日常用品零售業；I101090 食品顧問業；I103060 管理顧問業；ZZ99999 除許可業務外，得經營法令非禁止或限制之業務,臺北市,變更,11506
96792830,晨開室內裝修工程有限公司,臺北市內湖區瑞光路168號9樓,鄭翔文,1000000,,115/06/30,特殊補正,E801060 室內裝修業；E801010 室內裝潢業；E901010 油漆工程業；E801070 廚具、衛浴設備安裝工程業；E599010 配管工程業；F106010 五金批發業；F206010 五金零售業；F107010 漆料、塗料批發業；F207010 漆料、塗料零售業；F111090 建材批發業,臺北市,變更,11506
96795983,馬紹爾商福茂國際海運有限公司,臺北市南港區三重路19之2號6樓之２,郭彥甫,1000000,,115/06/18,補繳規費,I103060 管理顧問業；I102010 一般投資顧問業；H201010 一般投資業；ZZ99999 除許可業務外，得經營法令非禁止或限制之業務,臺北市,變更,11506
96800260,采江互動科技股份有限公司,臺北市中正區新生南路1段50號2樓之1,賴媖美,35000000,,115/06/25,董事/監察人持股變動報備,E605010 電腦設備安裝業；F113050 電腦及事務性機器設備批發業；F113070 電信器材批發業；F118010 資訊軟體批發業；F119010 電子材料批發業；F213030 電腦及事務性機器設備零售業；F213060 電信器材零售業；F218010 資訊軟體零售業；F219010 電子材料零售業；F401010 國際貿易業,臺北市,變更,11506
96800851,大嶺鮮雞有限公司,臺北市萬華區富民路111號1樓,沈陳彥宏,2000000,,115/06/02,公司所營事業變更修正章程,F101040 家畜家禽批發業；F101050 水產品批發業；F101990 其他農、畜、水產品批發業；F201020 畜產品零售業；F201030 水產品零售業；F201010 農產品零售業；F203010 食品什貨、飲料零售業；ZZ99999 除許可業務外，得經營法令非禁止或限制之業務；H201010 一般投資業,臺北市,變更,11506
96809375,合品投資股份有限公司,臺北市內湖區內湖路1段250號12樓,盧達一,990000,,115/06/24,改選董事/監察人(一人法人股東指派董事/監察人),H201010 一般投資業,臺北市,變更,11506
96810555,隨機應變股份有限公司,臺北市中正區忠孝西路1段50號22樓之2,黃信哲,4000000,,115/06/09,增資(資本總額),F501060 餐館業；F501050 飲酒店業；F501030 飲料店業；F102170 食品什貨批發業；F203010 食品什貨、飲料零售業；F102030 菸酒批發業；F203020 菸酒零售業；F401010 國際貿易業；I401010 一般廣告服務業；J202010 產業育成業,臺北市,變更,11506
96811317,台灣沃能科技股份有限公司,臺北市大安區敦化南路2段207號16樓,楊苑琳,220000,,115/06/17,特殊補正,F113110 電池批發業；F213110 電池零售業；CC01090 電池製造業；CC01080 電子零組件製造業；CD01030 汽車及其零件製造業；E601010 電器承裝業；E601020 電器安裝業；E604010 機械安裝業；E605010 電腦設備安裝業；E603050 自動控制設備工程業,臺北市,變更,11506
96812343,一福森有限公司,臺北市大安區基隆路2段136號6樓之2,寺町祐一,500000,,115/06/26,改推董事/董事長,F501060 餐館業；F203010 食品什貨、飲料零售業；F501030 飲料店業；ZZ99999 除許可業務外，得經營法令非禁止或限制之業務,臺北市,變更,11506
96813498,凱安居家有限公司,臺北市文山區忠順街1段20號,張凱豪,600000,,115/06/29,特殊補正,JH01011 居家式服務業；IZ12010 人力派遣業；J202010 產業育成業；I102010 一般投資顧問業；I103060 管理顧問業；I199990 其他顧問服務業；I301010 資訊軟體服務業；I401010 一般廣告服務業；IZ15010 市場研究及民意調查業；F209060 文教、樂器、育樂用品零售業,臺北市,變更,11506
96815524,陞豐開發投資股份有限公司,臺北市中山區南京東路2段101號11樓,王建華,990000,,115/06/22,改選董事/監察人(一人法人股東指派董事/監察人),H201010 一般投資業,臺北市,變更,11506
96820441,欣如實業股份有限公司,臺北市中山區南京東路2段140號7樓,林尹川,1000000,,115/06/12,補繳規費,F102020 食用油脂批發業；F102030 菸酒批發業；F102040 飲料批發業；F102050 茶葉批發業；F102170 食品什貨批發業；F106020 日常用品批發業；F106060 寵物食品及其用品批發業；F107030 清潔用品批發業；F108040 化粧品批發業；F203010 食品什貨、飲料零售業,臺北市,變更,11506
96822243,餥客思有限公司,臺北市北投區實踐街5巷10弄7號4樓,廖顥篷,1000000,,115/06/03,特殊補正,F399040 無店面零售業；F203010 食品什貨、飲料零售業；F102170 食品什貨批發業；F201010 農產品零售業；F101130 蔬果批發業；F401010 國際貿易業；F501060 餐館業；F106020 日常用品批發業；F206020 日常用品零售業；ZZ99999 除許可業務外，得經營法令非禁止或限制之業務,臺北市,變更,11506
96828730,寶貝可愛嬰童用品股份有限公司,臺北市內湖區陽光街321巷60號4樓,林柏蒼,46666670,,115/06/16,特殊補正,CN01010 家具及裝設品製造業；CH01040 玩具製造業；F109070 文教、樂器、育樂用品批發業；F209060 文教、樂器、育樂用品零售業；F102170 食品什貨批發業；F203010 食品什貨、飲料零售業；F401010 國際貿易業；F399040 無店面零售業；F108040 化粧品批發業；F208040 化粧品零售業,臺北市,變更,11506
96832045,均天圓投資有限公司,臺北市中山區松江路50號9樓,邱暘軒,100000,,115/06/08,公司所在地,H201010 一般投資業；ZZ99999 除許可業務外，得經營法令非禁止或限制之業務,臺北市,變更,11506
96834108,安貝司有限公司,臺北市中正區詔安街86號1樓,洪昭華,1000000,,115/06/05,特殊補正,F104110 布疋、衣著、鞋、帽、傘、服飾品批發業；F109070 文教、樂器、育樂用品批發業；F204110 布疋、衣著、鞋、帽、傘、服飾品零售業；F209060 文教、樂器、育樂用品零售業；F401010 國際貿易業；H201010 一般投資業；H202010 創業投資業；I102010 一般投資顧問業；I103060 管理顧問業；I105010 藝術品諮詢顧問業,臺北市,變更,11506
96834986,悅客小舖有限公司,臺北市大安區復興南路2段347號1樓,許儀華,500000,,115/06/30,公司所在地,F201010 農產品零售業；F201020 畜產品零售業；F201030 水產品零售業；F201070 花卉零售業；F203010 食品什貨、飲料零售業；ZZ99999 除許可業務外，得經營法令非禁止或限制之業務,臺北市,變更,11506
96835612,帕樂姆畫廊有限公司,臺北市中山區建國北路1段69號4樓,柯俐羽,10000000,,115/06/29,增資,F299990 其他零售業；J601010 藝文服務業；F205040 家具、寢具、廚房器具、裝設品零售業；F109070 文教、樂器、育樂用品批發業；F401010 國際貿易業；F601010 智慧財產權業；J303010 雜誌（期刊）出版業；J305010 有聲出版業；JB01010 會議及展覽服務業；I105010 藝術品諮詢顧問業,臺北市,變更,11506
96836268,益盟發展投資股份有限公司,臺北市內湖區內湖路1段66號3樓,盧達一,990000,,115/06/24,改選董事/監察人(一人法人股東指派董事/監察人),H201010 一般投資業,臺北市,變更,11506
96842727,闊文化股份有限公司,臺北市信義區基隆路1段333號29樓,潘志強,4000000,,115/06/29,董事/監察人持股變動報備,C701010 印刷業；C702010 製版業；C703010 印刷品裝訂及加工業；J303010 雜誌（期刊）出版業；J304010 圖書出版業；IZ10010 排版業；F401010 國際貿易業；J305010 有聲出版業；J399010 軟體出版業；J399990 其他出版業,臺北市,變更,11506
96907376,信創營造股份有限公司,臺北市中山區復興北路356之1號12樓,邱見鴻,110000000,,115/06/26,增資(資本總額),E101011 綜合營造業；E601010 電器承裝業；E601020 電器安裝業；E603040 消防安全設備安裝工程業；E604010 機械安裝業；E801070 廚具、衛浴設備安裝工程業；ZZ99999 除許可業務外，得經營法令非禁止或限制之業務；CA02010 金屬結構及建築組件製造業,臺北市,變更,11506
96911553,森美工業股份有限公司,臺北市中山區中山北路2段79號6樓,陳恭平,100000000,,115/06/04,改選董事/監察人(一人法人股東指派董事/監察人),C601030 紙容器製造業；C701010 印刷業；C805020 塑膠膜、袋製造業；C805990 其他塑膠製品製造業；C805050 工業用塑膠製品製造業；F107190 塑膠膜、袋批發業；F207190 塑膠膜、袋零售業；F401010 國際貿易業；ZZ99999 除許可業務外，得經營法令非禁止或限制之業務,臺北市,變更,11506
96930088,金展旅行社股份有限公司,臺北市大安區忠孝東路4段142號5樓之2,張李正琴,31500000,,115/06/26,特殊補正,J902011 旅行業(營業範圍以交通部觀光局核准之營業範圍為準),臺北市,變更,11506
96933867,豐菱實業股份有限公司,臺北市大安區復興南路1段368號6樓,張啓宗,50000000,,115/06/01,改選董事/監察人(一人法人股東指派董事/監察人),F119010 電子材料批發業。；I103010 企業經營管理顧問業。；I301010 資訊軟體服務業。；IZ15010 市場研究及民意調查業；ZZ99999 除許可業務外，得經營法令非禁止或限制之業務,臺北市,變更,11506
96934471,拓墣科技股份有限公司,臺北市中山區南京東路3段70號11樓,林啓東,100000000,,115/06/08,修正章程,I301010 資訊軟體服務業；I401010 一般廣告服務業；E605010 電腦設備安裝業；E701010 通信工程業；F113050 事務性機器設備批發業；F113070 電信器材批發業；F118010 資訊軟體批發業,臺北市,變更,11506
96970948,樺汭化學纖維股份有限公司,臺北市大同區長安西路239號10樓之1,張義和,176400000,,115/06/30,特殊補正,C301010 紡紗業；C801120 人造纖維製造業；F104110 布疋、衣著、鞋、帽、傘、服飾品批發業；F204110 布疋、衣著、鞋、帽、傘、服飾品零售業；F401010 國際貿易業；G801010 倉儲業；H701020 工業廠房開發租售業；H703100 不動產租賃業；H703090 不動產買賣業；H701010 住宅及大樓開發租售業,臺北市,變更,11506
96971144,香港商迪雅尼有限公司,臺北市中山區松江路38巷2號5樓之2,維奇,5000000,,115/06/11,在中華民國境內負責人姓名、護照號碼、國籍變更登記,,臺北市,變更,11506
96974108,金車大塚股份有限公司,臺北市大同區承德路3段97號,李玉鼎,300000000,,115/06/23,改選董事/監察人(一人法人股東指派董事/監察人),,臺北市,變更,11506
96974352,日商三菱日聯銀行股份有限公司,臺北市松山區民生東路3段109號8樓,森本岳史,1620000000,,115/06/30,本公司董事及其他負責人變更,H101021 商業銀行業,臺北市,變更,11506
96974803,日佳農葯股份有限公司,臺北市大同區南京西路22號9樓之2,李文宋,40000000,,115/06/22,特殊補正,F101100 花卉批發業；F106010 五金批發業；F106020 日常用品批發業；F107030 清潔用品批發業；F107040 農藥批發業；F107050 肥料批發業；F107080 環境用藥批發業；F107190 塑膠膜、袋批發業；F201070 花卉零售業；F206010 五金零售業,臺北市,變更,11506
96979048,艾斯艾姆開股份有限公司,臺北市大同區鄭州路87號11樓之2,秦史和,55000000,,115/06/02,改選董事/監察人(一人法人股東指派董事/監察人),F106030 模具批發業；F113010 機械批發業；F113020 電器批發業；F113050 電腦及事務性機器設備批發業；F113070 電信器材批發業；F119010 電子材料批發業；F206030 模具零售業；F213010 電器零售業；F213060 電信器材零售業；F213080 機械器具零售業,臺北市,變更,11506
97006043,勁速企業有限公司,臺北市文山區羅斯福路5段36號,童薏蓉,5000000,,115/06/08,分公司經理人變更,F104110 布疋、衣著、鞋、帽、傘、服飾品批發業；F109070 文教、樂器、育樂用品批發業；F204110 布疋、衣著、鞋、帽、傘、服飾品零售業；F209060 文教、樂器、育樂用品零售業；F401010 國際貿易業；J701040 休閒活動場館業；J799990 其他休閒服務業；J801010 高爾夫球場業；J801030 競技及休閒運動場館業；J802010 運動訓練業,臺北市,變更,11506
97080113,景丞貿易有限公司,臺北市中山區長春路17號9樓,黎淑惠,5000000,,115/06/24,公司所在地,,臺北市,變更,11506
97087538,錦躍工程有限公司,臺北市大安區忠孝東路3段212號2樓,嚴培明,12000000,,115/06/24,改推董事/董事長,E601010 電器承裝業；E501011 自來水管承裝商；E603040 消防安全設備安裝工程業；E502010 燃料導管安裝工程業；E604010 機械安裝業；E801010 室內裝潢業；F113020 電器批發業；E599010 配管工程業；IZ12010 人力派遣業；J101990 其他環境衛生及污染防治服務業,臺北市,變更,11506
97089867,允誠智權有限公司,臺北市大安區忠孝東路4段148號2樓之4、5,李孝萍,5000000,,115/06/17,增資,,臺北市,變更,11506
97089888,華民旅行社股份有限公司,臺北市中山區長春路40號8樓之4,林岳雨,8000000,,115/06/04,特殊補正,J902011 旅行業,臺北市,變更,11506
97097141,釜安建設股份有限公司,臺北市大安區信義路4段45號4樓,顧長城,29520000,,115/06/30,特殊補正,G202010 停車場經營業。；H701030 殯葬場所開發租售業。；I102010 投資顧問業。；I103010 企業經營管理顧問業。；F299990 其他零售業。（納骨塔位）,臺北市,變更,11506
97097584,莊大業實業有限公司,臺北市北投區懷德街56巷6號4樓,郭靖暘,10000000,,115/06/26,特殊補正,,臺北市,變更,11506
97102550,獅座國際事業有限公司,臺北市中山區中原街62號1樓,吳美麗,20000000,,115/06/04,公司所在地,F113010 機械批發業；F106010 五金批發業；F111090 建材批發業；F206010 五金零售業；F211010 建材零售業；F401010 國際貿易業；CA01050 鋼材二次加工業；CA01100 鋁材軋延、伸線、擠型業；CA01130 銅材軋延、伸線、擠型業；CA01990 其他非鐵金屬基本工業,臺北市,變更,11506
97105923,皮爾米雪兒國際投資股份有限公司,臺北市大安區信義路4段279號8樓,黃元駿,8000000,,115/06/30,特殊補正,H201010 一般投資業,臺北市,變更,11506
97106140,鎷斯克貿易有限公司,臺北市中山區長安東路2段67號8樓之8,,5000000,,115/06/15,解散,,臺北市,變更,11506
97107582,宸昊國際貿易有限公司,臺北市松山區寶清街29號8樓,許翊蕎,5000000,,115/06/23,特殊補正,H201010 一般投資業；H703090 不動產買賣業；H703100 不動產租賃業；F101050 水產品批發業；F101130 蔬果批發業；F101990 其他農、畜、水產品批發業；F102030 菸酒批發業；F102040 飲料批發業；F102050 茶葉批發業；F102170 食品什貨批發業,臺北市,變更,11506
97112430,長益國際實業有限公司,臺北市士林區延平北路5段28號6樓,陳進道,20000000,,115/06/03,特殊補正,F104020 成衣批發業；F104080 紡織線類批發業；F105020 室內裝飾品紡織品批發業；F113010 機械批發業；F204020 成衣零售業；F204080 紡織線類零售業；F213080 機械器具零售業,臺北市,變更,11506
97118103,知行國際事業有限公司,臺北市中山區南京西路6號5樓之4,李咨言,5000000,,115/06/16,特殊補正,J301010 報紙業；J303010 雜誌（期刊）出版業；J304010 圖書出版業；J305010 有聲出版業；J202010 產業育成業；J302010 通訊稿業；J399990 其他出版業；J399010 軟體出版業；JB01010 會議及展覽服務業；F401010 國際貿易業,臺北市,變更,11506
97128117,金禾昌企業有限公司,臺北市中正區八德路1段43巷28號1樓,戴青慧,2000000,,115/06/12,改推董事/董事長,F113050 電腦及事務性機器設備批發業；F113070 電信器材批發業；F118010 資訊軟體批發業；F119010 電子材料批發業；F401010 國際貿易業；F213030 電腦及事務性機器設備零售業；E605010 電腦設備安裝業；I301010 資訊軟體服務業；JE01010 租賃業；H703100 不動產租賃業,臺北市,變更,11506
97176258,惠華創業投資股份有限公司,臺北市信義區忠孝東路4段563號16樓,張昌邦,800000000,,115/06/24,改派董事/監察人,H202010 創業投資業對被投資事業從事創業投資業務對被投資事業提供企劃、諮詢、參與經營及管理對其他創業投資事業提供企業經營、管理與諮詢服務其他經政府准辦理之有關業務,臺北市,變更,11506
97176270,台灣大哥大股份有限公司,臺北市信義區菸廠路88號12樓,蔡明忠,37232618110,,115/06/26,補繳規費,G903010 電信事業；CC01060 有線通信機械器材製造業；CC01070 無線通信機械器材製造業；CC01080 電子零組件製造業；CC01110 電腦及其週邊設備製造業；CC01990 其他電機及電子機械器材製造業；D101060 再生能源自用發電設備業；E601010 電器承裝業；E601020 電器安裝業；E603010 電纜安裝工程業,臺北市,變更,11506
97176335,群益期貨股份有限公司,臺北市大安區敦化南路二段97號32樓、地下1樓及地下2樓,賈中道,2499375840,,115/06/03,改派董事/監察人,H401011 期貨商；H405011 期貨顧問事業；H310011 證券交易輔助人；H407011 期貨經理事業；H304011 證券投資顧問業；H301011 證券商；H404011 槓桿交易商,臺北市,變更,11506
97178143,伯東國際通商股份有限公司,臺北市中山區八德路2段308號6樓,施俊和,155000000,,115/06/12,特殊補正,F113010 機械批發業；F113020 電器批發業；F113030 精密儀器批發業；F113050 電腦及事務性機器設備批發業；F113060 度量衡器批發業；F113070 電信器材批發業；F116010 照相器材批發業；F119010 電子材料批發業；F213010 電器零售業；F213030 電腦及事務性機器設備零售業,臺北市,變更,11506
97178158,柏瑞證券投資信託股份有限公司,臺北市中山區民權東路2段144號8樓及10樓,祈永寧,300000000,,115/06/11,改選董事/監察人(一人法人股東指派董事/監察人),H303011 證券投資信託業；H304011 證券投資顧問業,臺北市,變更,11506
97179282,元大期貨股份有限公司,臺北市中山區南京東路二段77號2樓(部分)、3樓、4樓、5樓,林添富,3199762880,,115/06/02,修正章程,H401011 期貨商；H405011 期貨顧問事業；H407011 期貨經理事業；H301011 證券商；H310011 證券交易輔助人；H404011 槓桿交易商,臺北市,變更,11506
97216929,家其企業有限公司,臺北市大同區重慶北路3段313巷10號1樓,何旺家,5000000,,115/06/17,特殊補正,,臺北市,變更,11506
97264885,崧晨工程有限公司,臺北市大同區承德路1段35號6樓,江雅琪,5000000,,115/06/04,特殊補正,,臺北市,變更,11506
97283362,瑞科股份有限公司,臺北市南港區忠孝東路6段146號1樓,李家瑞,10000000,,115/06/12,特殊補正,F113050 電腦及事務性機器設備批發業；F119010 電子材料批發業；F219010 電子材料零售業；F401010 國際貿易業；I301010 資訊軟體服務業；IZ99990 其他工商服務業；ZZ99999 除許可業務外，得經營法令非禁止或限制之業務,臺北市,變更,11506
97292284,富御機械股份有限公司,臺北市大安區忠孝東路3段197之5號,黃仕豪,107142860,,115/06/12,特殊補正,F113020 電器批發業；F113010 機械批發業；F117010 消防安全設備批發業；F113050 電腦及事務性機器設備批發業；F119010 電子材料批發業；E603050 自動控制設備工程業；I301010 資訊軟體服務業；IG03010 能源技術服務業；E599010 配管工程業；E601020 電器安裝業,臺北市,變更,11506
97294261,化嘉有限公司,臺北市松山區八德路2段410巷88弄10號1樓,,5000000,,115/06/10,解散,,臺北市,變更,11506
97297083,知了工作室有限公司,臺北市信義區忠孝東路5段1之2號12樓,劉天明,5000000,,115/06/24,特殊補正,,臺北市,變更,11506
97299723,中都國際股份有限公司,臺北市大安區信義路4段71號4樓,蔡富女,20000000,,115/06/11,改選董事/監察人(一人法人股東指派董事/監察人),,臺北市,變更,11506
97311851,法蘭絲股份有限公司,臺北市南港區重陽路273號8樓,黃大綱,149970300,,115/06/30,特殊補正,F102030 菸酒批發業；F102040 飲料批發業；F102170 食品什貨批發業；F106050 陶瓷玻璃器皿批發業；F199990 其他批發業；F203010 食品什貨、飲料零售業；F203020 菸酒零售業；F299990 其他零售業；F401010 國際貿易業；F401161 菸類輸入業,臺北市,變更,11506
97311992,怡和財務顧問股份有限公司,臺北市內湖區陽光街351號8樓之2,蘇怡,50000000,,115/06/25,特殊補正,,臺北市,變更,11506
97319811,元本電子股份有限公司,臺北市信義區松德路159號11樓之1,孫國青,65000000,,115/06/29,特殊補正,CC01080 電子零組件製造業；CC01990 其他電機及電子機械器材製造業；F107200 化學原料批發業；F119010 電子材料批發業；F401010 國際貿易業；I103060 管理顧問業；IG02010 研究發展服務業；ZZ99999 除許可業務外，得經營法令非禁止或限制之業務,臺北市,變更,11506
97326849,漣樺企業有限公司,臺北市中山區中山北路3段30號7樓之3,林雅萍,5000000,,115/06/18,減少所營事業變更修正章程,I103060 管理顧問業；F401010 國際貿易業；F113020 電器批發業；F113050 電腦及事務性機器設備批發業；F113070 電信器材批發業；F213030 電腦及事務性機器設備零售業；F213060 電信器材零售業；F218010 資訊軟體零售業；F118010 資訊軟體批發業；I301010 資訊軟體服務業,臺北市,變更,11506
97329579,廣百實業有限公司,臺北市松山區南京東路4段51號4樓,周建安,10000000,,115/06/26,特殊補正,,臺北市,變更,11506
97361417,春越營造股份有限公司,臺北市松山區民權東路3段166號8樓,王繼彥,130000000,,115/06/15,特殊補正,E101011 綜合營造業；E401010 疏濬業；B601010 土石採取業；F111090 建材批發業；I503010 景觀、室內設計業；J101060 廢（污）水處理業；J101990 其他環境衛生及污染防治服務業；H701010 住宅及大樓開發租售業；H701020 工業廠房開發租售業；H701050 投資興建公共建設業,臺北市,變更,11506
97367242,双德股份有限公司,臺北市中山區長安東路1段18號11樓,李玉麟,600330000,,115/06/08,改選董事/監察人(一人法人股東指派董事/監察人),H201010 一般投資業；ZZ99999 除許可業務外，得經營法令非禁止或限制之業務,臺北市,變更,11506
97418116,惠民實業股份有限公司,臺北市松山區民生東路3段135號5樓,吳萬益,386680000,,115/06/18,特殊補正,E599010 配管工程業；E603040 消防安全設備安裝工程業；E604010 機械安裝業；E605010 電腦設備安裝業；F401010 國際貿易業；F113010 機械批發業；F117010 消防安全設備批發業；F113100 污染防治設備批發業；J101060 廢（污）水處理業；I501010 產品設計業,臺北市,變更,11506
97433876,廣瑞國際有限公司,臺北市士林區忠誠路2段130巷21之1號1樓,蔡淑如,8000000,,115/06/23,特殊補正,F102170 食品什貨批發業；F104110 布疋、衣著、鞋、帽、傘、服飾品批發業；F105050 家具、寢具、廚房器具、裝設品批發業；F106010 五金批發業；F106020 日常用品批發業；F106050 陶瓷玻璃器皿批發業；F107030 清潔用品批發業；F108040 化粧品批發業；F109070 文教、樂器、育樂用品批發業；F110010 鐘錶批發業,臺北市,變更,11506
97439843,詔翔有限公司,臺北市中山區南京東路2段160號3樓,楊永健,500000,,115/06/12,特殊補正,F104110 布疋、衣著、鞋、帽、傘、服飾品批發業；F109070 文教、樂器、育樂用品批發業；F204110 布疋、衣著、鞋、帽、傘、服飾品零售業；F209060 文教、樂器、育樂用品零售業；F401010 國際貿易業；IZ06010 理貨包裝業；IZ12010 人力派遣業；ZZ99999 除許可業務外，得經營法令非禁止或限制之業務,臺北市,變更,11506
97440102,統一證券投資顧問股份有限公司,臺北市松山區東興路8號3樓,黎方國,300000000,,115/06/03,特殊補正,H304011 證券投資顧問業。,臺北市,變更,11506
97446485,大川大立數位影音股份有限公司,臺北市中山區八德路2段260號6樓,郭台強,271000000,,115/06/24,改選董事/監察人(一人法人股東指派董事/監察人),E605010 電腦設備安裝業；F106030 模具批發業；F113030 精密儀器批發業；F118010 資訊軟體批發業；F119010 電子材料批發業；F206030 模具零售業；F213040 精密儀器零售業；F218010 資訊軟體零售業；F219010 電子材料零售業；F401010 國際貿易業,臺北市,變更,11506
97453801,彬成工程實業有限公司,臺北市北投區杏林二路49號1樓,林文賢,10000000,,115/06/17,股東出資轉讓修正章程,E401010 疏濬業；E402010 沙石、淤泥海拋業；E502010 燃料導管安裝工程業；E599010 配管工程業；E601010 電器承裝業；E601020 電器安裝業；E603010 電纜安裝工程業；E603020 電梯安裝工程業；E603040 消防安全設備安裝工程業；E603050 自動控制設備工程業,臺北市,變更,11506
97464770,家適得企業股份有限公司,臺北市中山區興安街80巷2號,許進東,5000000,,115/06/03,改選董事/監察人(一人法人股東指派董事/監察人),,臺北市,變更,11506
97466067,力領投資股份有限公司,臺北市中山區五常街11巷3號13樓之1,李成家,50000000,,115/06/08,改選董事/監察人(一人法人股東指派董事/監察人),H201010 一般投資業。,臺北市,變更,11506
97468353,青溪計程車客運服務有限公司,臺北市松山區撫遠街390巷28號1樓,許瓊文,1000000,,115/06/25,補繳規費,JA01010 汽車修理業；JA01020 汽車拖吊業；JA01990 其他汽車服務業；G201011 計程車客運服務業；F214010 汽車零售業；F214030 汽、機車零件配備零售業；F401010 國際貿易業；I199990 其他顧問服務業；F114010 汽車批發業；IZ12010 人力派遣業,臺北市,變更,11506
97469022,芝利企業股份有限公司,臺北市信義區基隆路1段141號13樓之3,葉雲東,30000000,,115/06/02,特殊補正,,臺北市,變更,11506
97473187,永豐物流股份有限公司,臺北市中山區松江路328號12樓之1,王憶蘭,7500000,,115/06/26,改選董事/監察人(一人法人股東指派董事/監察人),F401010 國際貿易業；G402011 海運承攬運送業；G601011 航空貨運承攬業；IZ06010 理貨包裝業；G801010 倉儲業,臺北市,變更,11506
97480476,舜懋國際股份有限公司,臺北市中正區新生南路1段14號5樓,陳弘霖,1000000,,115/06/29,特殊補正,F102030 菸酒批發業；F102040 飲料批發業；F102170 食品什貨批發業；F104110 布疋、衣著、鞋、帽、傘、服飾品批發業；F105050 家具、寢具、廚房器具、裝設品批發業；F106020 日常用品批發業；F108040 化粧品批發業；F109070 文教、樂器、育樂用品批發業；F115010 首飾及貴金屬批發業；F203010 食品什貨、飲料零售業,臺北市,變更,11506
97502937,移晴股份有限公司,臺北市大安區安和路2段5號9樓之3,楊惠瑀,10000000,,115/06/29,特殊補正,F102040 飲料批發業；F102170 食品什貨批發業；F203010 食品什貨、飲料零售業；F401010 國際貿易業；I101090 食品顧問業；F399040 無店面零售業；ZZ99999 除許可業務外，得經營法令非禁止或限制之業務,臺北市,變更,11506
97508799,益盛國際有限公司,臺北市內湖區新明路343號8樓,林宜謙,100000,,115/06/09,公司所在地,F102170 食品什貨批發業；F121010 食品添加物批發業；F106020 日常用品批發業；I101090 食品顧問業；F203010 食品什貨、飲料零售業；F108040 化粧品批發業；F208040 化粧品零售業；F299990 其他零售業；F399040 無店面零售業；F204110 布疋、衣著、鞋、帽、傘、服飾品零售業,臺北市,變更,11506
97516377,沐維股份有限公司,臺北市中山區松江路64巷10之2號3樓,王慧琪,10000000,,115/06/25,特殊補正,F108031 醫療器材批發業；F208031 醫療器材零售業；JE01010 租賃業；C802100 化粧品製造業；F108040 化粧品批發業；F208040 化粧品零售業；I103060 管理顧問業；I199990 其他顧問服務業；IG01010 生物技術服務業；IG02010 研究發展服務業,臺北市,變更,11506
97528275,歐博貿易有限公司,臺北市大安區信義路4段55號7樓,蔡琇如,100000,,115/06/08,特殊補正,F113050 電腦及事務性機器設備批發業；F118010 資訊軟體批發業；F119010 電子材料批發業；F213030 電腦及事務性機器設備零售業；F218010 資訊軟體零售業；F219010 電子材料零售業；F401010 國際貿易業；F601010 智慧財產權業；G799990 其他運輸輔助業；G801010 倉儲業,臺北市,變更,11506
97539723,勝星儀器有限公司,臺北市大同區南京西路311號2樓,洪耀斌,5000000,,115/06/05,特殊補正,F401010 國際貿易業；F106050 陶瓷玻璃器皿批發業；F113030 精密儀器批發業；F113060 度量衡器批發業；F213050 度量衡器零售業；F102180 酒精批發業；F104110 布疋、衣著、鞋、帽、傘、服飾品批發業；F106010 五金批發業；F107200 化學原料批發業；F107990 其他化學製品批發業,臺北市,變更,11506
97554982,台灣二四七健身有限公司,臺北市內湖區成功路4段157號地下1層,李其糠,26000000,,115/06/15,補繳規費,J801030 競技及休閒運動場館業；J803010 運動表演業；J803020 運動比賽業；F102040 飲料批發業；F102170 食品什貨批發業；F203010 食品什貨、飲料零售業；F102030 菸酒批發業；F203020 菸酒零售業；F104110 布疋、衣著、鞋、帽、傘、服飾品批發業；F204110 布疋、衣著、鞋、帽、傘、服飾品零售業,臺北市,變更,11506
97561512,台北數位海洋生態娛樂開發股份有限公司,臺北市信義區光復南路495號4樓,郭福進,300000000,,115/06/11,特殊補正,A401060 其他動物服務業；E601010 電器承裝業；F101050 水產品批發業；F109070 文教、樂器、育樂用品批發業；F101120 觀賞魚批發業；F201030 水產品零售業；F201090 觀賞魚零售業；F203010 食品什貨、飲料零售業；F203020 菸酒零售業；F204110 布疋、衣著、鞋、帽、傘、服飾品零售業,臺北市,變更,11506
97563069,薩摩亞商華璞國際股份有限公司,臺北市大安區忠孝東路4段233號11樓之7,張滄仁,0,,115/06/03,辦事處所在地變更,,臺北市,變更,11506
97563510,殿梵聲研有限公司,臺北市大安區和平東路1段6號11樓,蔡昕祐,888000,,115/06/12,公司所營事業變更修正章程,JA02010 電器及電子產品修理業；CC01030 電器及視聽電子產品製造業；I301010 資訊軟體服務業；I301020 資料處理服務業；I301030 電子資訊供應服務業；I401010 一般廣告服務業；F219010 電子材料零售業；J202010 產業育成業；J601010 藝文服務業；J602010 演藝活動業,臺北市,變更,11506
97567332,明如來投資開發股份有限公司,臺北市大安區羅斯福路3段29號6樓,許晶盈,26100000,,115/06/25,公司所在地,H201010 一般投資業,臺北市,變更,11506
97572291,開品國際有限公司,臺北市士林區後港街147號,莊茜喻,11000,,115/06/24,特殊補正,C104010 糖果製造業；C104020 烘焙炊蒸食品製造業；F102170 食品什貨批發業；F121010 食品添加物批發業；F203010 食品什貨、飲料零售業；F203030 酒精零售業；F221010 食品添加物零售業；F399990 其他綜合零售業；F401010 國際貿易業；J304010 圖書出版業,臺北市,變更,11506
97572320,金宏營造股份有限公司,臺北市士林區通河西街2段27號,許志誠,46000000,,115/06/10,特殊補正,E101011 綜合營造業；B201010 金屬礦業；B202010 非金屬礦業；B601010 土石採取業；C501040 組合木材製造業；C901050 水泥及混凝土製品製造業；C901040 預拌混凝土製造業；E401010 疏濬業；E402010 沙石、淤泥海拋業；E801010 室內裝潢業,臺北市,變更,11506
97603203,摩力科國際投資股份有限公司,臺北市中山區南京東路2段108號8樓之23,蔡雅玲,10000000,,115/06/15,特殊補正,H201010 一般投資業；C701010 印刷業；E801010 室內裝潢業；F106010 五金批發業；F111090 建材批發業；F211010 建材零售業；F105050 家具、寢具、廚房器具、裝設品批發業；F205040 家具、寢具、廚房器具、裝設品零售業；H701010 住宅及大樓開發租售業；H701020 工業廠房開發租售業,臺北市,變更,11506
97609993,台灣外泌體生物技術股份有限公司,臺北市南港區園區街3號14樓之3,劉淑真,25000000,,115/06/05,改派董事/監察人,F102170 食品什貨批發業；F106020 日常用品批發業；F107030 清潔用品批發業；F107190 塑膠膜、袋批發業；F108040 化粧品批發業；F113010 機械批發業；F101050 水產品批發業；F101990 其他農、畜、水產品批發業；F119010 電子材料批發業；F206020 日常用品零售業,臺北市,變更,11506
97634249,火心人國際娛樂有限公司,臺北市信義區基隆路1段155號5樓之9,CHANG WILFRED BRANDON,980000,,115/06/18,特殊補正,F104110 布疋、衣著、鞋、帽、傘、服飾品批發業；F108040 化粧品批發業；F109070 文教、樂器、育樂用品批發業；F115010 首飾及貴金屬批發業；F204110 布疋、衣著、鞋、帽、傘、服飾品零售業；F208040 化粧品零售業；F209060 文教、樂器、育樂用品零售業；F215010 首飾及貴金屬零售業；F399040 無店面零售業；F401010 國際貿易業,臺北市,變更,11506
97634542,睿遠股份有限公司,臺北市信義區松高路1號4樓,程昱斌,691924600,,115/06/09,發行新股,H201010 一般投資業；ZZ99999 除許可業務外，得經營法令非禁止或限制之業務,臺北市,變更,11506
98641253,幸福滋味興業股份有限公司,臺北市士林區社子街22巷19號,彭良維,1000000,,115/06/04,補繳規費,F501030 飲料店業；F102170 食品什貨批發業；F203010 食品什貨、飲料零售業；F401010 國際貿易業；F399990 其他綜合零售業；F399040 無店面零售業；F299990 其他零售業；F205040 家具、寢具、廚房器具、裝設品零售業；F201990 其他農畜水產品零售業；F201030 水產品零售業,臺北市,變更,11506
98641660,數道科技股份有限公司,臺北市大同區鄭州路101號3樓之6,葉進初,30000000,,115/06/04,特殊補正,I103060 管理顧問業；I199990 其他顧問服務業；I301010 資訊軟體服務業；I301020 資料處理服務業；I301030 電子資訊供應服務業；H202010 創業投資業；H201010 一般投資業；ZZ99999 除許可業務外，得經營法令非禁止或限制之業務,臺北市,變更,11506
98642210,東道國際股份有限公司,臺北市大安區忠孝東路4段300號5樓,劉爾金,11000000,,115/06/15,特殊補正,F102040 飲料批發業；F102050 茶葉批發業；F102170 食品什貨批發業；F103010 飼料批發業；F106060 寵物食品及其用品批發業；F107030 清潔用品批發業；F109070 文教、樂器、育樂用品批發業；F201010 農產品零售業；F202010 飼料零售業；F203010 食品什貨、飲料零售業,臺北市,變更,11506
98642730,選影閣科技有限公司,臺北市大安區信義路4段1號2樓,林忠宏,3500000,,115/06/22,增資,F118010 資訊軟體批發業；F218010 資訊軟體零售業；J399010 軟體出版業；F113050 電腦及事務性機器設備批發業；F213030 電腦及事務性機器設備零售業；F113070 電信器材批發業；F213060 電信器材零售業；F399040 無店面零售業；F401010 國際貿易業；I401010 一般廣告服務業,臺北市,變更,11506
98643029,博新能源股份有限公司,臺北市信義區松智路1號24樓,柯福富,5000000,,115/06/24,特殊補正,CC01010 發電、輸電、配電機械製造業；CC01110 電腦及其週邊設備製造業；E606010 用電設備檢驗維護業；EZ99990 其他工程業；F113110 電池批發業；F119010 電子材料批發業；F401010 國際貿易業；H201010 一般投資業；I301010 資訊軟體服務業；I301030 電子資訊供應服務業,臺北市,變更,11506
98645407,青苗國際有限公司,臺北市中山區松江路122號11樓,KHOO LI HOONG,6686011,,115/06/16,特殊補正,F401010 國際貿易業；F109070 文教、樂器、育樂用品批發業；F209060 文教、樂器、育樂用品零售業；F104110 布疋、衣著、鞋、帽、傘、服飾品批發業；F204110 布疋、衣著、鞋、帽、傘、服飾品零售業；F106020 日常用品批發業；F206020 日常用品零售業；F399040 無店面零售業；IZ06010 理貨包裝業；I401010 一般廣告服務業,臺北市,變更,11506
98646481,新天地開發資產管理有限公司,臺北市大安區安和路1段90巷1號1樓,鄭柏廷,100000000,,115/06/12,補繳規費,F113020 電器批發業；F113050 電腦及事務性機器設備批發業；F118010 資訊軟體批發業；F119010 電子材料批發業；F213010 電器零售業；F213030 電腦及事務性機器設備零售業；F218010 資訊軟體零售業；F219010 電子材料零售業；CB01020 事務機器製造業；CB01030 污染防治設備製造業,臺北市,變更,11506
98647469,悠特莉股份有限公司,臺北市信義區基隆路2段51號14樓,青嶋剣士郎,500000,,115/06/05,改選董事/監察人(一人法人股東指派董事/監察人),C306010 成衣業；C307010 服飾品製造業；C399990 其他紡織及製品製造業；C402030 皮革、毛皮製品製造業；CG01010 珠寶及貴金屬製品製造業；CJ01010 製帽業；CK01010 製鞋業；CM01010 箱、包、袋製造業；F104110 布疋、衣著、鞋、帽、傘、服飾品批發業；F115010 首飾及貴金屬批發業,臺北市,變更,11506
98648039,開篇有限公司,臺北市信義區松德路10號6樓,欽筱京,7500000,,115/06/29,特殊補正,H706011 租賃住宅代管業；H706021 租賃住宅包租業；I503010 景觀、室內設計業；I103060 管理顧問業；F106020 日常用品批發業；F399040 無店面零售業；ZZ99999 除許可業務外，得經營法令非禁止或限制之業務,臺北市,變更,11506
99996149,伯伕寶房產有限公司,臺北市大同區大龍街91巷16號,陳選,200000,,115/06/09,股東出資轉讓修正章程,H706011 租賃住宅代管業；H706021 租賃住宅包租業；JZ99050 仲介服務業；H701010 住宅及大樓開發租售業；I103060 管理顧問業；I199990 其他顧問服務業；J101010 建築物清潔服務業；F111090 建材批發業；E801010 室內裝潢業；F106020 日常用品批發業,臺北市,變更,11506
