統一編號,公司名稱,公司所在地,代表人,資本額,核准設立日期,核准變更日期,案由或變更事項,營業項目,縣市,清冊,期別
60302567,美商奧普特有限公司,新北市中和區捷運路8-22號13樓,曹雲,0,115/04/07,,,,新北市,設立,11504
62191285,屋吉有限公司,新北市板橋區光武街24之2號,郭癸璋,100000,115/04/20,,,I199990 其他顧問服務業；IZ99990 其他工商服務業；E801010 室內裝潢業；F205040 家具、寢具、廚房器具、裝設品零售業；F213010 電器零售業；F401010 國際貿易業；ZZ99999 除許可業務外，得經營法令非禁止或限制之業務,新北市,設立,11504
62191291,有銘有媛食藝有限公司,新北市鶯歌區鳳三路66號,謝銘龍,500000,115/04/20,,,F101050 水產品批發業；F101130 蔬果批發業；F102020 食用油脂批發業；F102030 菸酒批發業；F102040 飲料批發業；F102170 食品什貨批發業；F121010 食品添加物批發業；F221010 食品添加物零售業；F101040 家畜家禽批發業；F101990 其他農、畜、水產品批發業,新北市,設立,11504
62191308,氛圍插畫有限公司,新北市中和區景新街338號12樓,陳品潔,500000,115/04/20,,,I401010 一般廣告服務業；I199990 其他顧問服務業；I301030 電子資訊供應服務業；I301010 資訊軟體服務業；J304010 圖書出版業；J305010 有聲出版業；J601010 藝文服務業；J602010 演藝活動業；ZZ99999 除許可業務外，得經營法令非禁止或限制之業務,新北市,設立,11504
62191314,元頂實業有限公司,新北市中和區立德街180號4樓,葉語喬,5000000,115/04/20,,,C802060 動物用藥製造業；C802990 其他化學製品製造業；CF01011 醫療器材製造業；F102170 食品什貨批發業；F106020 日常用品批發業；F107170 工業助劑批發業；F107990 其他化學製品批發業；F108031 醫療器材批發業；F108040 化粧品批發業；F113030 精密儀器批發業,新北市,設立,11504
62191320,沐冉事業有限公司,新北市新莊區化成路746巷42號2樓,林家歆,750000,115/04/20,,,I103060 管理顧問業；I199990 其他顧問服務業；H703100 不動產租賃業；I301020 資料處理服務業；I301030 電子資訊供應服務業；ZZ99999 除許可業務外，得經營法令非禁止或限制之業務,新北市,設立,11504
62191335,宣旺投資有限公司,新北市汐止區新台五路一段77號7樓之7,賴映伶,3000000,115/04/20,,,H201010 一般投資業；F401010 國際貿易業；F106010 五金批發業；F119010 電子材料批發業；H703090 不動產買賣業；H703100 不動產租賃業；JE01010 租賃業,新北市,設立,11504
62191341,哲家股份有限公司,新北市樹林區大義路382號20樓,方忠偉,1000000,115/04/20,,,H201010 一般投資業,新北市,設立,11504
62191356,賀安居室內裝潢有限公司,新北市中和區圓通路164號,呂軍方,50000,115/04/20,,,E801010 室內裝潢業；E801020 門窗安裝工程業；E801030 室內輕鋼架工程業；E801040 玻璃安裝工程業；E801070 廚具、衛浴設備安裝工程業；E901010 油漆工程業；EZ07010 鑽孔工程業；F111090 建材批發業；F120010 耐火材料批發業；ZZ99999 除許可業務外，得經營法令非禁止或限制之業務,新北市,設立,11504
62191378,和荺建設股份有限公司,新北市新莊區思源路412號2樓,王鐙毅,5000000,115/04/20,,,E801010 室內裝潢業；EZ99990 其他工程業；F111090 建材批發業；F113010 機械批發業；F211010 建材零售業；F213080 機械器具零售業；F401010 國際貿易業；H701010 住宅及大樓開發租售業；H701020 工業廠房開發租售業；H701040 特定專業區開發業,新北市,設立,11504
62191383,恩德斯特科技有限公司,新北市板橋區文化路2段182巷17號2樓,張育銘,200000,115/04/20,,,F113050 電腦及事務性機器設備批發業；F118010 資訊軟體批發業；F119010 電子材料批發業；F213030 電腦及事務性機器設備零售業；F218010 資訊軟體零售業；F219010 電子材料零售業；F401010 國際貿易業；I301010 資訊軟體服務業；I301020 資料處理服務業；F113070 電信器材批發業,新北市,設立,11504
62191399,盈瑞皮件有限公司,新北市板橋區中山路1段40號,王育祥,1000000,115/04/20,,,F104110 布疋、衣著、鞋、帽、傘、服飾品批發業；F109070 文教、樂器、育樂用品批發業；F204110 布疋、衣著、鞋、帽、傘、服飾品零售業；F205040 家具、寢具、廚房器具、裝設品零售業；F399040 無店面零售業；F401010 國際貿易業；ZZ99999 除許可業務外，得經營法令非禁止或限制之業務,新北市,設立,11504
62191406,世力國際股份有限公司,新北市新莊區中華路1段35號12樓,林文璇,5000000,115/04/20,,,F101040 家畜家禽批發業；F101050 水產品批發業；F102170 食品什貨批發業；F201020 畜產品零售業；F201030 水產品零售業；F203010 食品什貨、飲料零售業；F401010 國際貿易業；ZZ99999 除許可業務外，得經營法令非禁止或限制之業務,新北市,設立,11504
62191412,硯白顧問有限公司,新北市板橋區華江一路111號15樓之1,劉宗彥,100000,115/04/20,,,F401010 國際貿易業；J202010 產業育成業；I103060 管理顧問業；IZ12010 人力派遣業；I301020 資料處理服務業；I301030 電子資訊供應服務業；I199990 其他顧問服務業；IG01010 生物技術服務業；IG02010 研究發展服務業；IZ15010 市場研究及民意調查業,新北市,設立,11504
62191428,得盛金屬有限公司,新北市汐止區福德一路15號6樓,賴俊維,2000000,115/04/20,,,CA02010 金屬結構及建築組件製造業；CA02990 其他金屬製品製造業；E801020 門窗安裝工程業；E801040 玻璃安裝工程業；E901010 油漆工程業；E903010 防蝕、防銹工程業；F106010 五金批發業；F111090 建材批發業；F401010 國際貿易業；ZZ99999 除許可業務外，得經營法令非禁止或限制之業務,新北市,設立,11504
62198533,升嘉智能有限公司,新北市土城區延吉里峯廷街15號2樓,簡佳盈,1200000,115/04/16,,,CC01030 電器及視聽電子產品製造業；CC01080 電子零組件製造業；CB01020 事務機器製造業；F106030 模具批發業；F113020 電器批發業；F113050 電腦及事務性機器設備批發業；F113070 電信器材批發業；F118010 資訊軟體批發業；F119010 電子材料批發業；F206030 模具零售業,新北市,設立,11504
62200622,佳築系統櫃有限公司,新北市板橋區重慶路60之1號3樓,吳夢婕,500000,115/04/20,,,E601020 電器安裝業；E801010 室內裝潢業；E801070 廚具、衛浴設備安裝工程業；F105050 家具、寢具、廚房器具、裝設品批發業；F106010 五金批發業；F111090 建材批發業；F205040 家具、寢具、廚房器具、裝設品零售業；F206010 五金零售業；F211010 建材零售業；F213010 電器零售業,新北市,設立,11504
62200637,真鋐企業有限公司,新北市永和區中山路1段273號15樓,張鴻文,30000,115/04/20,,,I301010 資訊軟體服務業；I301020 資料處理服務業；I301030 電子資訊供應服務業；IZ13010 網路認證服務業；F113050 電腦及事務性機器設備批發業；F113070 電信器材批發業；F118010 資訊軟體批發業；F213030 電腦及事務性機器設備零售業；F213060 電信器材零售業；F218010 資訊軟體零售業,新北市,設立,11504
62200643,吉徠開發股份有限公司,新北市新莊區新北大道4段185號6樓之1,趙伯勳,100000,115/04/20,,,E599010 配管工程業；E601020 電器安裝業；E801010 室內裝潢業；E801020 門窗安裝工程業；E801030 室內輕鋼架工程業；E801040 玻璃安裝工程業；E801070 廚具、衛浴設備安裝工程業；E901010 油漆工程業；EZ99990 其他工程業；F105050 家具、寢具、廚房器具、裝設品批發業,新北市,設立,11504
62200658,輝曜投資有限公司,新北市中和區立德街200巷48號3樓,楊晨雅,1050000,115/04/20,,,JE01010 租賃業；H201010 一般投資業；H701010 住宅及大樓開發租售業；H701050 投資興建公共建設業；H701060 新市鎮、新社區開發業；H703090 不動產買賣業；H703100 不動產租賃業；JD01010 工商徵信服務業；I102010 一般投資顧問業；I103060 管理顧問業,新北市,設立,11504
62200664,惠營國際電機有限公司,新北市樹林區三俊街249號,莊于青,1000000,115/04/20,,,E601010 電器承裝業；E603050 自動控制設備工程業；E606010 用電設備檢驗維護業；F113010 機械批發業；F113020 電器批發業；IG03010 能源技術服務業；CC01010 發電、輸電、配電機械製造業；CC01990 其他電機及電子機械器材製造業；F401010 國際貿易業；ZZ99999 除許可業務外，得經營法令非禁止或限制之業務,新北市,設立,11504
62200685,維遇伴居租賃住宅服務有限公司,新北市板橋區長江路2段285號,蔡旺成,1000000,115/04/20,,,E801010 室內裝潢業；F205040 家具、寢具、廚房器具、裝設品零售業；F206010 五金零售業；F213080 機械器具零售業；I103060 管理顧問業；H706011 租賃住宅代管業；H706021 租賃住宅包租業；H703100 不動產租賃業；ZZ99999 除許可業務外，得經營法令非禁止或限制之業務,新北市,設立,11504
62200691,台北跨文化策略顧問解決方案有限公司,新北市三重區重陽路1段86號13樓,陳毅鴻,50000,115/04/20,,,I102010 一般投資顧問業；I199990 其他顧問服務業；I301010 資訊軟體服務業；I301020 資料處理服務業；I301030 電子資訊供應服務業；I301060 網路廣告平臺業；I401010 一般廣告服務業；I103060 管理顧問業；ZZ99999 除許可業務外，得經營法令非禁止或限制之業務,新北市,設立,11504
62200708,一器美學顧問有限公司,新北市三重區中正北路394巷7弄8號4樓,謝欣穎,250000,115/04/20,,,I501010 產品設計業；I504010 花藝設計業；I599990 其他設計業；F399990 其他綜合零售業；F209060 文教、樂器、育樂用品零售業；F399040 無店面零售業；I401010 一般廣告服務業；J303010 雜誌（期刊）出版業；J304010 圖書出版業；J305010 有聲出版業,新北市,設立,11504
62200714,艾泊客科技股份有限公司,新北市樹林區保安街一段11號2樓之1,黃益遠,3000000,115/04/20,,,G202010 停車場經營業；ZZ99999 除許可業務外，得經營法令非禁止或限制之業務；H703090 不動產買賣業；H703100 不動產租賃業；HZ99990 其他金融、保險及不動產業；G799990 其他運輸輔助業；F113010 機械批發業；F113030 精密儀器批發業；F113020 電器批發業；F113050 電腦及事務性機器設備批發業,新北市,設立,11504
62200720,橙興工程有限公司,新北市中和區景平路398號2樓之1,吳佳燕,1000000,115/04/20,,,E599010 配管工程業；E601020 電器安裝業；E603010 電纜安裝工程業；E603040 消防安全設備安裝工程業；EZ99990 其他工程業；E603050 自動控制設備工程業；E604010 機械安裝業；EZ05010 儀器、儀表安裝工程業；F106040 水器材料批發業；F113020 電器批發業,新北市,設立,11504
62200735,奇嵩科技有限公司,新北市蘆洲區中正路185巷23弄1號,許淑玲,1050000,115/04/20,,,F113010 機械批發業；F113990 其他機械器具批發業；F213080 機械器具零售業；F213990 其他機械器具零售業；F114030 汽、機車零件配備批發業；F114990 其他交通運輸工具及其零件批發業；F106010 五金批發業；F106040 水器材料批發業；F214030 汽、機車零件配備零售業；F214990 其他交通運輸工具及其零件零售業,新北市,設立,11504
62200741,貞穎有限公司,新北市中和區中山路2段136巷56號4樓,陳亭如,190000,115/04/20,,,J603010 音樂展演空間業；J601010 藝文服務業；J602010 演藝活動業；I401010 一般廣告服務業；I401020 廣告傳單分送業；E801010 室內裝潢業；E801020 門窗安裝工程業；E801030 室內輕鋼架工程業；E801070 廚具、衛浴設備安裝工程業；E901010 油漆工程業,新北市,設立,11504
62200756,一麵有限公司,新北市淡水區中山路49號,蔡尚霖,2000000,115/04/20,,,F501990 其他餐飲業；F501060 餐館業,新北市,設立,11504
62200762,力恆能源有限公司,新北市板橋區四川路1段23號9樓之2,李寬明,1000000,115/04/20,,,E601010 電器承裝業；E601020 電器安裝業；E603010 電纜安裝工程業；E603020 電梯安裝工程業；E603040 消防安全設備安裝工程業；E603050 自動控制設備工程業；E603080 交通號誌安裝工程業；E603090 照明設備安裝工程業；E604010 機械安裝業；E605010 電腦設備安裝業,新北市,設立,11504
62200778,窩的家室內裝修工程有限公司,新北市三重區平安街59號,吳彥廷,6000000,115/04/20,,,E801010 室內裝潢業；E801060 室內裝修業；E601010 電器承裝業；E601020 電器安裝業；E603010 電纜安裝工程業；E603040 消防安全設備安裝工程業；E603050 自動控制設備工程業；E603090 照明設備安裝工程業；E603100 電焊工程業；E603110 冷作工程業,新北市,設立,11504
62200783,吉信機電工程有限公司,新北市樹林區大安路201號7樓,葉雲龍,1000000,115/04/20,,,E401010 疏濬業；E402010 沙石、淤泥海拋業；E599010 配管工程業；E601010 電器承裝業；E601020 電器安裝業；E603010 電纜安裝工程業；E603020 電梯安裝工程業；E603040 消防安全設備安裝工程業；E603050 自動控制設備工程業；E603080 交通號誌安裝工程業,新北市,設立,11504
62200799,台灣福爾摩沙道安文教顧問股份有限公司,新北市新店區建國路108號2樓,黃子瑜,100000,115/04/20,,,J202010 產業育成業；I101100 航空顧問業；F209060 文教、樂器、育樂用品零售業；F214070 航空器及其零件零售業；JA01990 其他汽車服務業；I103060 管理顧問業；F401010 國際貿易業；I199990 其他顧問服務業；I102010 一般投資顧問業；IZ99990 其他工商服務業,新北市,設立,11504
62200806,閎鼎機電消防工程有限公司,新北市板橋區大觀路1段75巷14號,樊珈瑄,1000000,115/04/20,,,E502010 燃料導管安裝工程業；E599010 配管工程業；E601010 電器承裝業；E601020 電器安裝業；E603010 電纜安裝工程業；E603020 電梯安裝工程業；E603040 消防安全設備安裝工程業；E603050 自動控制設備工程業；E603080 交通號誌安裝工程業；E603090 照明設備安裝工程業,新北市,設立,11504
62200812,飛利購有限公司,新北市汐止區大安街56巷21弄6號,顏瑞成,100000,115/04/20,,,F101050 水產品批發業；F101130 蔬果批發業；F101990 其他農、畜、水產品批發業；F102020 食用油脂批發業；F102040 飲料批發業；F102050 茶葉批發業；F102170 食品什貨批發業；F104110 布疋、衣著、鞋、帽、傘、服飾品批發業；F105050 家具、寢具、廚房器具、裝設品批發業；F106010 五金批發業,新北市,設立,11504
62200828,呈羿滿滿有限公司,新北市板橋區裕民街47號(1樓),龍芊羽,300000,115/04/20,,,F501060 餐館業；F501990 其他餐飲業；F203010 食品什貨、飲料零售業；I101090 食品顧問業；I103060 管理顧問業；F201010 農產品零售業；F201020 畜產品零售業；F201030 水產品零售業；F102030 菸酒批發業；F203020 菸酒零售業,新北市,設立,11504
62200833,曜鈺投資有限公司,新北市中和區中正路736號14樓之3,蕭惠如,2000000,115/04/21,,,IZ06010 理貨包裝業；F399040 無店面零售業；H201010 一般投資業；I102010 一般投資顧問業；I103060 管理顧問業；I199990 其他顧問服務業；IZ99990 其他工商服務業；F401010 國際貿易業；HZ99990 其他金融、保險及不動產業；ZZ99999 除許可業務外，得經營法令非禁止或限制之業務,新北市,設立,11504
62200854,千登科技有限公司,新北市汐止區新台五路1段95號16樓之1,彭麗安,200000,115/04/21,,,F401010 國際貿易業；CC01020 電線及電纜製造業；CC01080 電子零組件製造業；F119010 電子材料批發業；F114030 汽、機車零件配備批發業；F113050 電腦及事務性機器設備批發業；F113070 電信器材批發業；H703090 不動產買賣業；F106010 五金批發業；F113110 電池批發業,新北市,設立,11504
62200860,無冬新莊有限公司,新北市新莊區化成路283號,劉志遠,2000000,115/04/21,,,F501060 餐館業；F501030 飲料店業；F501990 其他餐飲業；F203010 食品什貨、飲料零售業；F204110 布疋、衣著、鞋、帽、傘、服飾品零售業；F205040 家具、寢具、廚房器具、裝設品零售業；F201010 農產品零售業；F206020 日常用品零售業；F399990 其他綜合零售業；F399040 無店面零售業,新北市,設立,11504
62200876,麒御工程有限公司,新北市新店區安興路125之11號(1樓),詹雅涵,1000000,115/04/21,,,E801010 室內裝潢業；F105050 家具、寢具、廚房器具、裝設品批發業；F106010 五金批發業；F111090 建材批發業；F113020 電器批發業；F118010 資訊軟體批發業；F113050 電腦及事務性機器設備批發業；F119010 電子材料批發業；F120010 耐火材料批發業；F205040 家具、寢具、廚房器具、裝設品零售業,新北市,設立,11504
62200881,德禧萊生技有限公司,新北市中和區立業路83巷5號4樓,陳奕綦,300000,115/04/21,,,F108031 醫療器材批發業；F108040 化粧品批發業；F208031 醫療器材零售業；F208040 化粧品零售業；F401010 國際貿易業；I103060 管理顧問業；I199990 其他顧問服務業；J202010 產業育成業；ZZ99999 除許可業務外，得經營法令非禁止或限制之業務,新北市,設立,11504
62200897,大邁生醫股份有限公司,新北市土城區自強街7號2樓,徐文麟,100000,115/04/21,,,CA02050 閥類製造業；CQ01010 模具製造業；CC01020 電線及電纜製造業；CC01080 電子零組件製造業；CC01990 其他電機及電子機械器材製造業；C805050 工業用塑膠製品製造業；F119010 電子材料批發業；F401010 國際貿易業；F213080 機械器具零售業；F113990 其他機械器具批發業,新北市,設立,11504
62200904,春福智慧工程有限公司,新北市新店區錦秀路20巷7號5樓,陳思霈,100000,115/04/21,,,E801010 室內裝潢業；I301010 資訊軟體服務業；E603050 自動控制設備工程業；E599010 配管工程業；E607010 太陽熱能設備安裝工程業；E801070 廚具、衛浴設備安裝工程業；E801030 室內輕鋼架工程業；E603090 照明設備安裝工程業；E801020 門窗安裝工程業；E901010 油漆工程業,新北市,設立,11504
62200926,承緯物流管理顧問有限公司,新北市樹林區鎮前街62號5樓之1,張珮玲,200000,115/04/21,,,I103060 管理顧問業；I199990 其他顧問服務業；G801010 倉儲業；IZ06010 理貨包裝業；G799990 其他運輸輔助業；F399040 無店面零售業；F401010 國際貿易業；IZ99990 其他工商服務業；IZ12010 人力派遣業；ZZ99999 除許可業務外，得經營法令非禁止或限制之業務,新北市,設立,11504
62200931,安羽冷氣空調有限公司,新北市三重區五福街40號,蔡政安,200000,115/04/21,,,E599010 配管工程業；E601020 電器安裝業；E603050 自動控制設備工程業；E604010 機械安裝業；EZ15010 保溫、保冷安裝工程業；F113020 電器批發業；F206040 水器材料零售業；F213010 電器零售業；JA02010 電器及電子產品修理業,新北市,設立,11504
62200947,芮豐投資有限公司,新北市三重區重新路5段609巷10號10樓之2,鄭詠文,1000000,115/04/21,,,H201010 一般投資業,新北市,設立,11504
62200952,鍇泫有限公司,新北市中和區中原二街28號18樓,曹家愷,100000,115/04/21,,,F119010 電子材料批發業；F118010 資訊軟體批發業；F219010 電子材料零售業；F218010 資訊軟體零售業；E605010 電腦設備安裝業；EZ99990 其他工程業；F401010 國際貿易業；ZZ99999 除許可業務外，得經營法令非禁止或限制之業務,新北市,設立,11504
62200968,旭堯有限公司,新北市蘆洲區長安街22巷41之3號2樓,陳旭恩,1000000,115/04/21,,,F102020 食用油脂批發業；F102030 菸酒批發業；F102040 飲料批發業；F102170 食品什貨批發業；F121010 食品添加物批發業；F203010 食品什貨、飲料零售業；F221010 食品添加物零售業；F401010 國際貿易業；F206020 日常用品零售業；F201010 農產品零售業,新北市,設立,11504
62200974,松品豐開發有限公司,新北市蘆洲區民族路425號2樓,陳啟松,3000000,115/04/21,,,H701010 住宅及大樓開發租售業；H703090 不動產買賣業；H703100 不動產租賃業；I102010 一般投資顧問業；IZ12010 人力派遣業；J101010 建築物清潔服務業；JE01010 租賃業；F111090 建材批發業；F106010 五金批發業；ZZ99999 除許可業務外，得經營法令非禁止或限制之業務,新北市,設立,11504
62200989,駿衡科技有限公司,新北市新店區中央路155號23樓,王立媗,1000000,115/04/21,,,F106030 模具批發業；F107010 漆料、塗料批發業；F107020 染料、顏料批發業；F107190 塑膠膜、袋批發業；F111090 建材批發業；F113030 精密儀器批發業；F113010 機械批發業；F113050 電腦及事務性機器設備批發業；F113070 電信器材批發業；F113110 電池批發業,新北市,設立,11504
62200995,永順國際生技有限公司,新北市汐止區新台五路1段234號8樓,許金蘭,900000,115/04/21,,,F102170 食品什貨批發業；F102040 飲料批發業；F203010 食品什貨、飲料零售業；F106020 日常用品批發業；F206020 日常用品零售業；F108040 化粧品批發業；F208040 化粧品零售業；IG01010 生物技術服務業；IG02010 研究發展服務業；I101090 食品顧問業,新北市,設立,11504
62201002,靖融有限公司,新北市汐止區建成路168號4樓,鄔春蓮,100000,115/04/21,,,H201010 一般投資業,新北市,設立,11504
62201018,福爾摩斯奧冠有限公司,新北市中和區中山路2段332巷9號8樓,姚美群,100000,115/04/21,,,A102020 農產品整理業；F101990 其他農、畜、水產品批發業；F102170 食品什貨批發業；F113110 電池批發業；F119010 電子材料批發業；F201010 農產品零售業；F203010 食品什貨、飲料零售業；F213010 電器零售業；F219010 電子材料零售業；F401010 國際貿易業,新北市,設立,11504
62201024,湧麟金屬有限公司,新北市汐止區中興路8號,黃鈺芹,2000000,115/04/21,,,E801020 門窗安裝工程業；E603100 電焊工程業；E801010 室內裝潢業；E801030 室內輕鋼架工程業；E801040 玻璃安裝工程業；E801070 廚具、衛浴設備安裝工程業；E901010 油漆工程業；E903010 防蝕、防銹工程業；EZ99990 其他工程業；I503010 景觀設計業,新北市,設立,11504
62201039,馬哈魚策略顧問有限公司,新北市中和區中山路2段369號5樓,邱奕綺,500000,115/04/21,,,I102010 一般投資顧問業；I103060 管理顧問業；F399040 無店面零售業；F401010 國際貿易業；F601010 智慧財產權業；ZZ99999 除許可業務外，得經營法令非禁止或限制之業務；H201010 一般投資業；H202010 創業投資業,新北市,設立,11504
62201045,紅磐營造有限公司,新北市三重區仁愛街255巷32號(1樓),曲偉嘉,4000000,115/04/21,,,E101011 綜合營造業；E901010 油漆工程業；E801010 室內裝潢業；EZ06010 交通標示工程業；F111090 建材批發業；F211010 建材零售業；I103060 管理顧問業；I501010 產品設計業；IZ12010 人力派遣業；J101030 廢棄物清除業,新北市,設立,11504
62201050,慧源科技有限公司,新北市三峽區民生街106之3號2樓,周明慧,1000000,115/04/21,,,F113050 電腦及事務性機器設備批發業；F213030 電腦及事務性機器設備零售業；F113070 電信器材批發業；F118010 資訊軟體批發業；F209060 文教、樂器、育樂用品零售業；F218010 資訊軟體零售業；E599010 配管工程業；E601010 電器承裝業；E601020 電器安裝業；E603010 電纜安裝工程業,新北市,設立,11504
62201066,泓榮投資有限公司,新北市新莊區思源路422號3樓,陳志豪,5000000,115/04/21,,,H201010 一般投資業；ZZ99999 除許可業務外，得經營法令非禁止或限制之業務,新北市,設立,11504
62201072,永恩商貿有限公司,新北市土城區金信街145號6樓,陳淑幼,500000,115/04/21,,,F203010 食品什貨、飲料零售業；F204110 布疋、衣著、鞋、帽、傘、服飾品零售業；F206020 日常用品零售業；F208040 化粧品零售業；F209060 文教、樂器、育樂用品零售業；F399990 其他綜合零售業；F401010 國際貿易業；F206010 五金零售業；F213010 電器零售業；F213060 電信器材零售業,新北市,設立,11504
62201087,宜億國際有限公司,新北市新莊區中原東路99號3樓,張澤源,3000000,115/04/21,,,F113030 精密儀器批發業；F113050 電腦及事務性機器設備批發業；F113990 其他機械器具批發業；F118010 資訊軟體批發業；F213030 電腦及事務性機器設備零售業；F219010 電子材料零售業；F399040 無店面零售業；F401010 國際貿易業；I301010 資訊軟體服務業；I301020 資料處理服務業,新北市,設立,11504
62201093,全福水電工程有限公司,新北市新莊區中和街179號2樓之2,王啟明,1000000,115/04/21,,,E599010 配管工程業；E601010 電器承裝業；E603010 電纜安裝工程業；E701010 電信工程業；E701040 簡易電信設備安裝業；E601020 電器安裝業；E801030 室內輕鋼架工程業；F106010 五金批發業；F106020 日常用品批發業；F106030 模具批發業,新北市,設立,11504
62201100,食在興有限公司,新北市板橋區仁化街138號(1樓),沈菲雯,1000000,115/04/21,,,F101130 蔬果批發業；F101990 其他農、畜、水產品批發業；F201010 農產品零售業；I503010 景觀設計業；C306010 成衣業；C399990 其他紡織及製品製造業；C501990 其他木製品製造業；C901010 陶瓷及陶瓷製品製造業；CA01120 銅鑄造業；CA02990 其他金屬製品製造業,新北市,設立,11504
62201116,拾時國際有限公司,新北市永和區永和路2段57號7樓,馮妍庭,1000000,115/04/21,,,F104110 布疋、衣著、鞋、帽、傘、服飾品批發業；F106020 日常用品批發業；F108040 化粧品批發業；F109070 文教、樂器、育樂用品批發業；F204110 布疋、衣著、鞋、帽、傘、服飾品零售業；F206020 日常用品零售業；F207030 清潔用品零售業；F208040 化粧品零售業；F209060 文教、樂器、育樂用品零售業；F218010 資訊軟體零售業,新北市,設立,11504
62201122,得運搬家貨運有限公司,新北市蘆洲區長安街65巷2號5樓,黃達見,14000000,115/04/21,,,G101061 汽車貨運業；G801010 倉儲業；G405010 貨櫃出租業；IZ06010 理貨包裝業；G702010 船舶勞務承攬業；G409050 工業專用港或工業專用碼頭船舶貨物裝卸承攬業；EZ02010 起重工程業；IZ12010 人力派遣業；JZ99050 仲介服務業；JE01010 租賃業,新北市,設立,11504
62201137,宓禾運動有限公司,新北市汐止區湖前街110巷97弄3之2號8樓,李世龍,300000,115/04/21,,,J802010 運動訓練業；J803020 運動比賽業；J803010 運動表演業；J602010 演藝活動業；I401010 一般廣告服務業；I103060 管理顧問業；I501010 產品設計業；JB01010 會議及展覽服務業；F401010 國際貿易業；F104110 布疋、衣著、鞋、帽、傘、服飾品批發業,新北市,設立,11504
62201143,恩福源有限公司,新北市三重區重陽路3段5巷20號（2樓）,劉俊霖,500000,115/04/21,,,F203010 食品什貨、飲料零售業；F204110 布疋、衣著、鞋、帽、傘、服飾品零售業；F206020 日常用品零售業；F208040 化粧品零售業；F209060 文教、樂器、育樂用品零售業；F399990 其他綜合零售業；F401010 國際貿易業；F206010 五金零售業；F213010 電器零售業；F213060 電信器材零售業,新北市,設立,11504
62201158,悠邑事業有限公司,新北市新莊區化成路746巷42號2樓,李仁傑,2500000,115/04/21,,,I103060 管理顧問業；I199990 其他顧問服務業；H703100 不動產租賃業；I301020 資料處理服務業；I301030 電子資訊供應服務業；ZZ99999 除許可業務外，得經營法令非禁止或限制之業務,新北市,設立,11504
62201170,辰星智能股份有限公司,新北市板橋區光正街9巷1號5樓,余瑞雲,100000,115/04/21,,,F399040 無店面零售業；I301010 資訊軟體服務業；I301020 資料處理服務業；I301030 電子資訊供應服務業；J399010 軟體出版業；JE01010 租賃業；ZZ99999 除許可業務外，得經營法令非禁止或限制之業務,新北市,設立,11504
62201185,映智有限公司,新北市林口區文化二路1段527號24樓,王舜賢,1000000,115/04/22,,,H201010 一般投資業；H202010 創業投資業；ZZ99999 除許可業務外，得經營法令非禁止或限制之業務,新北市,設立,11504
62201191,君昀投資股份有限公司,新北市五股區新五路2段237號,郭飛龍,16000000,115/04/21,,,H201010 一般投資業；H701010 住宅及大樓開發租售業；H701050 投資興建公共建設業；H701060 新市鎮、新社區開發業；H701070 區段徵收及市地重劃代辦業；H701090 都市更新整建維護業；H703090 不動產買賣業；H703100 不動產租賃業；HZ02010 金融機構金錢債權收買業務；I401010 一般廣告服務業,新北市,設立,11504
62201208,九顧資通有限公司,新北市中和區景德街89巷1號4樓,鄭境明,200000,115/04/22,,,I103060 管理顧問業；I102010 一般投資顧問業；I301010 資訊軟體服務業；I401010 一般廣告服務業；F119010 電子材料批發業；F399040 無店面零售業；F219010 電子材料零售業；H703100 不動產租賃業；ZZ99999 除許可業務外，得經營法令非禁止或限制之業務,新北市,設立,11504
62201214,禮揚有限公司,新北市新莊區中正路新建巷28弄41號5樓,鍾順結,200000,115/04/21,,,F104110 布疋、衣著、鞋、帽、傘、服飾品批發業；F105050 家具、寢具、廚房器具、裝設品批發業；F106010 五金批發業；F109070 文教、樂器、育樂用品批發業；F106040 水器材料批發業；F113020 電器批發業；F204110 布疋、衣著、鞋、帽、傘、服飾品零售業；F205040 家具、寢具、廚房器具、裝設品零售業；F206010 五金零售業；F206040 水器材料零售業,新北市,設立,11504
62201220,真訢晨詣投資有限公司,新北市汐止區伯爵街35巷14號（1樓）,林泓志,5000000,115/04/22,,,H201010 一般投資業,新北市,設立,11504
62201235,灝灃電機有限公司,新北市新莊區新北大道4段171號2樓,孫淑娥,500000,115/04/21,,,E502010 燃料導管安裝工程業；E599010 配管工程業；E601020 電器安裝業；E603010 電纜安裝工程業；E603040 消防安全設備安裝工程業；E603050 自動控制設備工程業；E603090 照明設備安裝工程業；E603130 燃氣熱水器承裝業；E605010 電腦設備安裝業；E701030 電信管制射頻器材裝設工程業,新北市,設立,11504
62201241,木島資產管理顧問有限公司,新北市新店區三民路137號2樓,楊家正,1000000,115/04/21,,,E801010 室內裝潢業；E801070 廚具、衛浴設備安裝工程業；E801020 門窗安裝工程業；E801030 室內輕鋼架工程業；E801040 玻璃安裝工程業；E601010 電器承裝業；E601020 電器安裝業；E603090 照明設備安裝工程業；E603100 電焊工程業；E901010 油漆工程業,新北市,設立,11504
62201256,璞榛有限公司,新北市三重區重新路5段609巷16號10樓之1,陳東業,1000000,115/04/22,,,F108031 醫療器材批發業；F208031 醫療器材零售業；F108040 化粧品批發業；F208040 化粧品零售業；F203010 食品什貨、飲料零售業；F206020 日常用品零售業；F204110 布疋、衣著、鞋、帽、傘、服飾品零售業；F104110 布疋、衣著、鞋、帽、傘、服飾品批發業；ZZ99999 除許可業務外，得經營法令非禁止或限制之業務；F401010 國際貿易業,新北市,設立,11504
62201262,沁禾原餐飲有限公司,新北市永和區保福路2段62之1號,黃建中,2000000,115/04/22,,,C199990 未分類其他食品製造業；C199040 豆類加工食品製造業；C199020 食用冰製造業；C199010 麵條、粉條類食品製造業；C199030 即食餐食製造業；F501030 飲料店業；F501060 餐館業；F203010 食品什貨、飲料零售業；F399040 無店面零售業；F102170 食品什貨批發業,新北市,設立,11504
62201278,汎啟國際有限公司,新北市新莊區新樹路269巷14號(1樓),莊啓為,1000000,115/04/22,,,A102060 糧商業；C104010 糖果製造業；C104020 烘焙炊蒸食品製造業；C110010 飲料製造業；F101040 家畜家禽批發業；F101050 水產品批發業；F101130 蔬果批發業；F101990 其他農、畜、水產品批發業；F102170 食品什貨批發業；F106020 日常用品批發業,新北市,設立,11504
62201283,東門興記行銷有限公司,新北市新莊區新樹路527巷20號,郭孟學,3700000,115/04/22,,,F101130 蔬果批發業；F101990 其他農、畜、水產品批發業；F102170 食品什貨批發業；F201010 農產品零售業；F201990 其他農畜水產品零售業；F203010 食品什貨、飲料零售業；F399040 無店面零售業；F401010 國際貿易業；F601010 智慧財產權業；I301060 網路廣告平臺業,新北市,設立,11504
62201299,擎昀有限公司,新北市新店區安興路109號14樓之7,王亭昀,500000,115/04/22,,,F401010 國際貿易業；H201010 一般投資業；H202010 創業投資業；H703100 不動產租賃業；HZ99990 其他金融、保險及不動產業；I102010 一般投資顧問業；I103060 管理顧問業；I199990 其他顧問服務業；I301010 資訊軟體服務業；I301030 電子資訊供應服務業,新北市,設立,11504
62201306,日安不動產顧問有限公司,新北市板橋區中山路1段10號11樓,簡賢琳,300000,115/04/22,,,H201010 一般投資業；H202010 創業投資業；H701010 住宅及大樓開發租售業；H701020 工業廠房開發租售業；H701050 投資興建公共建設業；H701060 新市鎮、新社區開發業；H701070 區段徵收及市地重劃代辦業；H701090 都市更新整建維護業；H703090 不動產買賣業；H703100 不動產租賃業,新北市,設立,11504
62201312,暮光皮拉提斯有限公司,新北市新莊區中原路103號,許杰穎,600000,115/04/22,,,F204110 布疋、衣著、鞋、帽、傘、服飾品零售業；F206020 日常用品零售業；F209060 文教、樂器、育樂用品零售業；F401010 國際貿易業；I199990 其他顧問服務業；J801030 競技及休閒運動場館業；J802010 運動訓練業；JZ99990 未分類其他服務業；ZZ99999 除許可業務外，得經營法令非禁止或限制之業務,新北市,設立,11504
62201328,竣特科技有限公司,新北市中和區員山路132巷14號4樓,許峻瑋,500000,115/04/22,,,F118010 資訊軟體批發業；F206020 日常用品零售業；F213030 電腦及事務性機器設備零售業；F399040 無店面零售業；F399990 其他綜合零售業；F401010 國際貿易業；I199990 其他顧問服務業；I301010 資訊軟體服務業；I301020 資料處理服務業；I301030 電子資訊供應服務業,新北市,設立,11504
62201333,酒窩餐飲有限公司,新北市新店區中正路191號2樓,翁士竣,2000000,115/04/22,,,F501060 餐館業；F501030 飲料店業；F501990 其他餐飲業；ZZ99999 除許可業務外，得經營法令非禁止或限制之業務,新北市,設立,11504
62201354,宸鈞數位有限公司,新北市永和區秀朗路2段181巷8號8樓,蕭玉英,50000,115/04/22,,,F218010 資訊軟體零售業；F401010 國際貿易業；I199990 其他顧問服務業；I301010 資訊軟體服務業；I301020 資料處理服務業；I301030 電子資訊供應服務業；I401010 一般廣告服務業；I501010 產品設計業；I599990 其他設計業；ZZ99999 除許可業務外，得經營法令非禁止或限制之業務,新北市,設立,11504
62201360,瀚洋國際管理顧問有限公司,新北市中和區中山路2段33號10樓之5,傅琪絢,100000,115/04/22,,,I103060 管理顧問業；I102010 一般投資顧問業；I105010 藝術品諮詢顧問業；I199990 其他顧問服務業；JA05010 留、遊學服務業；ZZ99999 除許可業務外，得經營法令非禁止或限制之業務,新北市,設立,11504
62201376,宏彩視聽有限公司,新北市新店區中正路四維巷2弄1號2樓,周禮鈞,500000,115/04/22,,,E601020 電器安裝業；E603040 消防安全設備安裝工程業；E603050 自動控制設備工程業；E605010 電腦設備安裝業；F109070 文教、樂器、育樂用品批發業；F113020 電器批發業；F113030 精密儀器批發業；F117010 消防安全設備批發業；F209060 文教、樂器、育樂用品零售業；F213010 電器零售業,新北市,設立,11504
62201381,益峰包材有限公司,新北市五股區新城八路328號12樓,藍一傑,500000,115/04/22,,,F107190 塑膠膜、袋批發業；F207190 塑膠膜、袋零售業；F106020 日常用品批發業；F206020 日常用品零售業；F106010 五金批發業；F206010 五金零售業；F399040 無店面零售業；F401010 國際貿易業；ZZ99999 除許可業務外，得經營法令非禁止或限制之業務,新北市,設立,11504
62201397,洽如有限公司,新北市板橋區板新路81巷2號3樓,莊隆銘,200000,115/04/22,,,I199990 其他顧問服務業；ZZ99999 除許可業務外，得經營法令非禁止或限制之業務,新北市,設立,11504
62201404,錡分有限公司,新北市新莊區萬安街127巷20號4樓,鄭玲宮,200000,115/04/22,,,I199990 其他顧問服務業；ZZ99999 除許可業務外，得經營法令非禁止或限制之業務,新北市,設立,11504
62201410,鼎際有限公司,新北市汐止區康寧街169巷31號7樓之3,謝宏昌,8000000,115/04/22,,,H201010 一般投資業；ZZ99999 除許可業務外，得經營法令非禁止或限制之業務,新北市,設立,11504
62201426,映河有限公司,新北市泰山區仁愛路130號,劉瑞陽,2000000,115/04/22,,,F501030 飲料店業；F501060 餐館業；F102040 飲料批發業；F102170 食品什貨批發業；F203010 食品什貨、飲料零售業；I101090 食品顧問業；I103060 管理顧問業；J202010 產業育成業；ZZ99999 除許可業務外，得經營法令非禁止或限制之業務,新北市,設立,11504
62201431,鈞臣科技股份有限公司,新北市汐止區新台五路1段97號19樓之7,鄭鈞宸,500000,115/04/22,,,J399010 軟體出版業；F399040 無店面零售業；F401010 國際貿易業；ZZ99999 除許可業務外，得經營法令非禁止或限制之業務；I301010 資訊軟體服務業,新北市,設立,11504
62201452,墨克數位科技股份有限公司,新北市土城區立德路39號7樓,黃宥翰,1000000,115/04/22,,,I301010 資訊軟體服務業；I301020 資料處理服務業；I301030 電子資訊供應服務業；I301060 網路廣告平臺業；I102010 一般投資顧問業；I103060 管理顧問業；I199990 其他顧問服務業；I401010 一般廣告服務業；F401010 國際貿易業；ZZ99999 除許可業務外，得經營法令非禁止或限制之業務,新北市,設立,11504
62201468,禾稀國際有限公司,新北市板橋區重慶路60之1號3樓,鍾孟廷,100000,115/04/22,,,F102040 飲料批發業；F102170 食品什貨批發業；F104110 布疋、衣著、鞋、帽、傘、服飾品批發業；F105050 家具、寢具、廚房器具、裝設品批發業；F106010 五金批發業；F106020 日常用品批發業；F106040 水器材料批發業；F106050 陶瓷玻璃器皿批發業；F106060 寵物食品及其用品批發業；F106070 祭祀用品批發業,新北市,設立,11504
62201489,逐日影像有限公司,新北市新莊區五工一路100號,賀文俊,50000,115/04/22,,,J401010 電影片製作業；J402010 電影片發行業；J403010 電影片映演業；J404010 動畫影片製作業；J404040 電影錄音業；J404050 電影特效製作業；J404020 提供設備及場地供電影片拍攝業；J404030 電影沖印業；J602010 演藝活動業；J601010 藝文服務業,新北市,設立,11504
62201495,芬歐匯川台灣有限公司,新北市五股區五工三路114號,GAN WEN NIE,4700000,115/04/22,,,F107190 塑膠膜、袋批發業；F207190 塑膠膜、袋零售業；F107990 其他化學製品批發業；F207990 其他化學製品零售業；C601020 紙製造業；C601040 加工紙製造業；C601990 其他紙製品製造業；C801990 其他化學材料製造業；C802160 黏性膠帶製造業；C805020 塑膠膜、袋製造業,新北市,設立,11504
62201517,恆冷工程有限公司,新北市新店區安興路109號14樓之7,姜同隆,1000000,115/04/23,,,E599010 配管工程業；E604010 機械安裝業；E801010 室內裝潢業；EZ15010 保溫、保冷安裝工程業；F111090 建材批發業；F113020 電器批發業；F113990 其他機械器具批發業；I503010 景觀設計業；IZ09010 管理系統驗證業,新北市,設立,11504
62201523,煜昕風險顧問有限公司,新北市淡水區新市五路3段332號19樓,黃宇歆,500000,115/04/23,,,I103060 管理顧問業；I199990 其他顧問服務業；I102010 一般投資顧問業；J202010 產業育成業；ZZ99999 除許可業務外，得經營法令非禁止或限制之業務,新北市,設立,11504
62201538,諾華電子有限公司,新北市中和區板南路661號12樓,王華,50000000,115/04/23,,,F113010 機械批發業；F113020 電器批發業；F113030 精密儀器批發業；F113050 電腦及事務性機器設備批發業；F113070 電信器材批發業；F116010 照相器材批發業；F119010 電子材料批發業；F120010 耐火材料批發業；F199990 其他批發業；F213010 電器零售業,新北市,設立,11504
62201559,和萃整合行銷設計有限公司,新北市淡水區中正東路2段87之6號20樓,李維國,500000,115/04/23,,,I501010 產品設計業；CH01030 文具製造業；F102040 飲料批發業；F102170 食品什貨批發業；F104110 布疋、衣著、鞋、帽、傘、服飾品批發業；F105050 家具、寢具、廚房器具、裝設品批發業；F106020 日常用品批發業；F109070 文教、樂器、育樂用品批發業；F203010 食品什貨、飲料零售業；F204110 布疋、衣著、鞋、帽、傘、服飾品零售業,新北市,設立,11504
62201565,辰闊地產開發有限公司,新北市五股區新五路2段283號,黃青芳,3000000,115/04/23,,,H704031 不動產仲介經紀業；H703090 不動產買賣業；H703100 不動產租賃業；H701020 工業廠房開發租售業；H701010 住宅及大樓開發租售業；ZZ99999 除許可業務外，得經營法令非禁止或限制之業務,新北市,設立,11504
62201571,天齊防火科技有限公司,新北市新莊區化成路770號5樓之1,高淑惠,1000000,115/04/23,,,E603040 消防安全設備安裝工程業；E801010 室內裝潢業；E801040 玻璃安裝工程業；ZZ99999 除許可業務外，得經營法令非禁止或限制之業務,新北市,設立,11504
62201586,皓睿投資有限公司,新北市板橋區新府路1之9號21樓,唐哲生,100000,115/04/23,,,H201010 一般投資業,新北市,設立,11504
62201592,合穠投資有限公司,新北市三重區成功路100號14樓之7,潘宇策,500000,115/04/23,,,H201010 一般投資業；ZZ99999 除許可業務外，得經營法令非禁止或限制之業務,新北市,設立,11504
62201609,卉豐建材有限公司,新北市泰山區新生路21號(1樓),徐珮馨,500000,115/04/23,,,C901010 陶瓷及陶瓷製品製造業；C901060 耐火材料製造業；E801010 室內裝潢業；F106050 陶瓷玻璃器皿批發業；F107170 工業助劑批發業；F111090 建材批發業；F120010 耐火材料批發業；F207170 工業助劑零售業；F211010 建材零售業；F220010 耐火材料零售業,新北市,設立,11504
62201615,森可萊有限公司,新北市三重區三民街114號2樓,王定宇,100000,115/04/23,,,J601010 藝文服務業；J802010 運動訓練業；J202010 產業育成業；JZ99990 未分類其他服務業；F299990 其他零售業；ZZ99999 除許可業務外，得經營法令非禁止或限制之業務,新北市,設立,11504
62201621,荔景投資股份有限公司,新北市三重區重新路5段609巷2號6樓之1,許景河,100000000,115/04/23,,,H201010 一般投資業,新北市,設立,11504
62216461,夸克創意股份有限公司,新北市三重區捷運路39號2樓,安田和秀(Kazuhide Yasuda),500000,115/04/01,,,F203010 食品什貨、飲料零售業；F208040 化粧品零售業；F299990 其他零售業；F399040 無店面零售業；I103060 管理顧問業；I301030 電子資訊供應服務業；I401010 一般廣告服務業；I501010 產品設計業；ZZ99999 除許可業務外，得經營法令非禁止或限制之業務,新北市,設立,11504
62216482,富茂醫療用品有限公司,新北市土城區學海街228號(1樓),陳建仲,4500000,115/04/01,,,F106020 日常用品批發業；F108031 醫療器材批發業；F113060 度量衡器批發業；F206020 日常用品零售業；F208031 醫療器材零售業；F213050 度量衡器零售業；F203030 酒精零售業；F207030 清潔用品零售業；F208050 乙類成藥零售業；F399040 無店面零售業,新北市,設立,11504
62216498,鼎瑞五金有限公司,新北市八里區龍米路1段366號（1樓）,簡瑞男,300000,115/04/01,,,F106010 五金批發業；F106020 日常用品批發業；F111090 建材批發業；F199010 回收物料批發業；F199990 其他批發業；F206010 五金零售業；F299990 其他零售業；EZ99990 其他工程業；F401010 國際貿易業；ZZ99999 除許可業務外，得經營法令非禁止或限制之業務,新北市,設立,11504
62216504,新漢不動產顧問有限公司,新北市淡水區民族路220號2樓,朱歆瑗,100000,115/04/01,,,I102010 一般投資顧問業；I199990 其他顧問服務業；I103060 管理顧問業；H201010 一般投資業；H703090 不動產買賣業；ZZ99999 除許可業務外，得經營法令非禁止或限制之業務,新北市,設立,11504
62216510,騰龍工程股份有限公司,新北市永和區自強街61號(1樓),潘彥群,1100000,115/04/01,,,H701010 住宅及大樓開發租售業；H701020 工業廠房開發租售業；H701050 投資興建公共建設業；H701060 新市鎮、新社區開發業；H701070 區段徵收及市地重劃代辦業；H701090 都市更新整建維護業；H703090 不動產買賣業；H703100 不動產租賃業；F111090 建材批發業；F206020 日常用品零售業,新北市,設立,11504
62216526,沃森照明工程有限公司,新北市三重區光華路51號,馬伯傑,2000000,115/04/01,,,E603090 照明設備安裝工程業；E801010 室內裝潢業；E801020 門窗安裝工程業；E901010 油漆工程業；F113110 電池批發業；F116010 照相器材批發業；F119010 電子材料批發業；F106010 五金批發業；F106020 日常用品批發業；F206010 五金零售業,新北市,設立,11504
62216531,寶晨室內裝修有限公司,新北市板橋區和平路70號2樓之1,吳羽容,500000,115/04/01,,,E801060 室內裝修業；E801010 室內裝潢業；E801020 門窗安裝工程業；E801030 室內輕鋼架工程業；E801040 玻璃安裝工程業；E801070 廚具、衛浴設備安裝工程業；E603090 照明設備安裝工程業；E599010 配管工程業；E901010 油漆工程業；F105050 家具、寢具、廚房器具、裝設品批發業,新北市,設立,11504
62216568,金華國際有限公司,新北市中和區中正路918號3樓,葉子琪,190000,115/04/01,,,F106020 日常用品批發業；F102170 食品什貨批發業；F102050 茶葉批發業；F102040 飲料批發業；F105050 家具、寢具、廚房器具、裝設品批發業；F113050 電腦及事務性機器設備批發業；F113030 精密儀器批發業；F206020 日常用品零售業；F203010 食品什貨、飲料零售業；F205040 家具、寢具、廚房器具、裝設品零售業,新北市,設立,11504
62216574,哦業有限公司,新北市林口區文化北路1段360號,黃宇宸,1000000,115/04/01,,,F102050 茶葉批發業；F102170 食品什貨批發業；F401010 國際貿易業；F501060 餐館業；F501990 其他餐飲業；F501030 飲料店業；F201020 畜產品零售業；F201030 水產品零售業；F201990 其他農畜水產品零售業；ZZ99999 除許可業務外，得經營法令非禁止或限制之業務,新北市,設立,11504
62216589,泓樹科技有限公司,新北市樹林區文化街25巷5弄3號(1樓),林輝泓,250000,115/04/01,,,F106010 五金批發業；F113020 電器批發業；F113070 電信器材批發業；F119010 電子材料批發業；F199010 回收物料批發業；F401010 國際貿易業；JA02010 電器及電子產品修理業；C399990 其他紡織及製品製造業；C804990 其他橡膠製品製造業；C805990 其他塑膠製品製造業,新北市,設立,11504
62216595,年三十行銷整合有限公司,新北市汐止區湖前街85號,陳薏茹,2000000,115/04/01,,,F109070 文教、樂器、育樂用品批發業；F209060 文教、樂器、育樂用品零售業；F399040 無店面零售業；F401010 國際貿易業；J303010 雜誌（期刊）出版業；J304010 圖書出版業；I301010 資訊軟體服務業；I301020 資料處理服務業；I301030 電子資訊供應服務業；I301060 網路廣告平臺業,新北市,設立,11504
62216602,智穎科技股份有限公司,新北市三重區重新路5段609巷8之3號,陳宥誠,1000000,115/04/01,,,F113090 交通標誌器材批發業；F113110 電池批發業；F114030 汽、機車零件配備批發業；F114990 其他交通運輸工具及其零件批發業；F117010 消防安全設備批發業；F106020 日常用品批發業；F109070 文教、樂器、育樂用品批發業；F113010 機械批發業；F113020 電器批發業；F113030 精密儀器批發業,新北市,設立,11504
62216618,辰旭營造有限公司,新北市板橋區滿平街84巷130弄24號,陳偉宏,3600000,115/04/01,,,E101011 綜合營造業；E599010 配管工程業；E601020 電器安裝業；E603020 電梯安裝工程業；E603040 消防安全設備安裝工程業；E603050 自動控制設備工程業；E603090 照明設備安裝工程業；E701040 簡易電信設備安裝業；E801010 室內裝潢業；E801020 門窗安裝工程業,新北市,設立,11504
62216624,晶利鴻有限公司,新北市樹林區鎮前街273之5號,范惠敏,1000000,115/04/01,,,C601040 加工紙製造業；C805030 塑膠日用品製造業；C805050 工業用塑膠製品製造業；CC01080 電子零組件製造業；F106020 日常用品批發業；F107030 清潔用品批發業；F108040 化粧品批發業；F109070 文教、樂器、育樂用品批發業；F113990 其他機械器具批發業；F119010 電子材料批發業,新北市,設立,11504
62216639,台日體操顧問有限公司,新北市中和區橋和路306號10樓,山口健,500000,115/04/01,,,F104110 布疋、衣著、鞋、帽、傘、服飾品批發業；F204110 布疋、衣著、鞋、帽、傘、服飾品零售業；F109070 文教、樂器、育樂用品批發業；F209060 文教、樂器、育樂用品零售業；F401010 國際貿易業；I103060 管理顧問業；I199990 其他顧問服務業；J801030 競技及休閒運動場館業；J802010 運動訓練業；J803010 運動表演業,新北市,設立,11504
62216645,月榐有限公司,新北市鶯歌區育英街53之6號,張宏祥,3000000,115/04/01,,,F601010 智慧財產權業；I105010 藝術品諮詢顧問業；I401010 一般廣告服務業；I501010 產品設計業；I599990 其他設計業；J404010 動畫影片製作業；J601010 藝文服務業；JB01010 會議及展覽服務業；JZ99050 仲介服務業；F299990 其他零售業,新北市,設立,11504
62216650,旭展資訊有限公司,新北市板橋區新海路72巷5弄37號2樓,洪明男,1000000,115/04/01,,,F401010 國際貿易業；F113070 電信器材批發業；F213060 電信器材零售業；JE01010 租賃業；JZ99050 仲介服務業；F113010 機械批發業；F113020 電器批發業；F113030 精密儀器批發業；F113050 電腦及事務性機器設備批發業；F118010 資訊軟體批發業,新北市,設立,11504
62216666,思安國際有限公司,新北市汐止區東勢街182號3樓,梁思安,1000000,115/04/01,,,F108040 化粧品批發業；F208040 化粧品零售業；F399040 無店面零售業；I199990 其他顧問服務業；I301030 電子資訊供應服務業；JZ99080 美容美髮服務業；JZ99990 未分類其他服務業；F199990 其他批發業；F299990 其他零售業；JZ99110 瘦身美容業,新北市,設立,11504
62216672,富展清潔有限公司,新北市新店區安忠路81巷2號4樓,李少展,300000,115/04/01,,,F107030 清潔用品批發業；IZ12010 人力派遣業；J101010 建築物清潔服務業；J101020 病媒防治業；J101030 廢棄物清除業；J101040 廢棄物處理業；J101080 資源回收業；J101990 其他環境衛生及污染防治服務業；JZ99050 仲介服務業；ZZ99999 除許可業務外，得經營法令非禁止或限制之業務,新北市,設立,11504
62216687,協誠石材有限公司,新北市五股區成泰路4段22巷10號11樓之6,蘇宮德,1000000,115/04/01,,,F105050 家具、寢具、廚房器具、裝設品批發業；F111090 建材批發業；F205040 家具、寢具、廚房器具、裝設品零售業；F211010 建材零售業；F401010 國際貿易業；E801010 室內裝潢業；E801070 廚具、衛浴設備安裝工程業；EZ99990 其他工程業；H701010 住宅及大樓開發租售業；ZZ99999 除許可業務外，得經營法令非禁止或限制之業務,新北市,設立,11504
62216700,隆華建設股份有限公司,新北市五股區成泰路1段2號3樓,林湧植,20000000,115/04/01,,,I401010 一般廣告服務業；H704041 不動產代銷經紀業；H704031 不動產仲介經紀業；F111090 建材批發業；F211010 建材零售業；F401010 國際貿易業；H701010 住宅及大樓開發租售業；H701020 工業廠房開發租售業；H701040 特定專業區開發業；H701050 投資興建公共建設業,新北市,設立,11504
62216716,十一聲學有限公司,新北市新店區錦秀路11巷68號,肖琦,100000,115/04/01,,,CC01030 電器及視聽電子產品製造業；CC01080 電子零組件製造業；CC01110 電腦及其週邊設備製造業；CC01990 其他電機及電子機械器材製造業；F113020 電器批發業；F119010 電子材料批發業；F219010 電子材料零售業；F109070 文教、樂器、育樂用品批發業；J305010 有聲出版業；ZZ99999 除許可業務外，得經營法令非禁止或限制之業務,新北市,設立,11504
62216722,定俐投資有限公司,新北市新店區北新路2段90號3樓,曾俊浩,1000000,115/04/01,,,H201010 一般投資業；H703090 不動產買賣業；H703100 不動產租賃業；I102010 一般投資顧問業；I103060 管理顧問業,新北市,設立,11504
62216737,興寵有限公司,新北市三峽區民生街106之2號3樓,張惠晴,200000,115/04/01,,,A401060 其他動物服務業；F106020 日常用品批發業；F106060 寵物食品及其用品批發業；F107030 清潔用品批發業；F109070 文教、樂器、育樂用品批發業；F201980 其他動物零售業；F206020 日常用品零售業；F206050 寵物食品及其用品零售業；F207030 清潔用品零售業；F209060 文教、樂器、育樂用品零售業,新北市,設立,11504
62216743,榮晨工程有限公司,新北市板橋區文化路2段285號21樓,王玫麗,500000,115/04/01,,,E603100 電焊工程業；E604010 機械安裝業；E801030 室內輕鋼架工程業；E901010 油漆工程業；EZ02010 起重工程業；EZ07010 鑽孔工程業；EZ99990 其他工程業；F106010 五金批發業；F111090 建材批發業；JE01010 租賃業,新北市,設立,11504
62216758,力傅科技有限公司,新北市新莊區天祥街81巷11號4樓,楊蕙萍,100000,115/04/01,,,I301010 資訊軟體服務業；I301020 資料處理服務業；I301030 電子資訊供應服務業；I199990 其他顧問服務業；ZZ99999 除許可業務外，得經營法令非禁止或限制之業務,新北市,設立,11504
62216764,珩翊工程有限公司,新北市土城區清水路72巷6號5樓,林綉芬,100000,115/04/01,,,E601020 電器安裝業；E603090 照明設備安裝工程業；E801010 室內裝潢業；E801020 門窗安裝工程業；E801030 室內輕鋼架工程業；E801040 玻璃安裝工程業；E801070 廚具、衛浴設備安裝工程業；E901010 油漆工程業；E903010 防蝕、防銹工程業；F105050 家具、寢具、廚房器具、裝設品批發業,新北市,設立,11504
62216770,瑞坤環境事業有限公司,新北市板橋區三民路2段28號11樓,顏清承,1000000,115/04/01,,,J101010 建築物清潔服務業；IZ12010 人力派遣業；F107030 清潔用品批發業；F207030 清潔用品零售業；J101020 病媒防治業；J101030 廢棄物清除業；J101040 廢棄物處理業；J101990 其他環境衛生及污染防治服務業；I103060 管理顧問業；F207010 漆料、塗料零售業,新北市,設立,11504
62216785,武藤生技有限公司,新北市板橋區重慶路60之1號3樓,黃子容,1000000,115/04/01,,,F113050 電腦及事務性機器設備批發業；F213030 電腦及事務性機器設備零售業；F106020 日常用品批發業；F206020 日常用品零售業；F118010 資訊軟體批發業；F218010 資訊軟體零售業；F108040 化粧品批發業；F208040 化粧品零售業；F401010 國際貿易業；F108031 醫療器材批發業,新北市,設立,11504
62216791,述碼方舟設計有限公司,新北市泰山區信華一街47號20樓,王斯愚,500000,115/04/01,,,I301010 資訊軟體服務業；I301020 資料處理服務業；I301030 電子資訊供應服務業；I401010 一般廣告服務業；E605010 電腦設備安裝業；F113050 電腦及事務性機器設備批發業；F118010 資訊軟體批發業；F119010 電子材料批發業；F213030 電腦及事務性機器設備零售業；F218010 資訊軟體零售業,新北市,設立,11504
62216808,鼎坤控股有限公司,新北市永和區中正路417號11樓之1,何青杰,50000,115/04/02,,,H201010 一般投資業,新北市,設立,11504
62216814,歐克飾板股份有限公司,新北市林口區後湖11之52號,何國勲,6710000,115/04/02,,,C501030 合板製造業；C501040 組合木材製造業；C501990 其他木製品製造業；F105050 家具、寢具、廚房器具、裝設品批發業；F111090 建材批發業；F120010 耐火材料批發業；F205040 家具、寢具、廚房器具、裝設品零售業；F211010 建材零售業；F220010 耐火材料零售業；F106010 五金批發業,新北市,設立,11504
62216820,創輝工程有限公司,新北市板橋區新生街20巷4號4樓,項輝,500000,115/04/01,,,E599010 配管工程業；E601020 電器安裝業；E603090 照明設備安裝工程業；E604010 機械安裝業；E801010 室內裝潢業；E801020 門窗安裝工程業；E801030 室內輕鋼架工程業；E801040 玻璃安裝工程業；E801070 廚具、衛浴設備安裝工程業；E901010 油漆工程業,新北市,設立,11504
62216835,謹智有限公司,新北市新莊區民安西路24巷18弄3號,張惠斐,500000,115/04/02,,,F109070 文教、樂器、育樂用品批發業；F209060 文教、樂器、育樂用品零售業；F104110 布疋、衣著、鞋、帽、傘、服飾品批發業；F204110 布疋、衣著、鞋、帽、傘、服飾品零售業；F401010 國際貿易業；CH01040 玩具製造業；CH01030 文具製造業；CH01020 樂器製造業；CH01010 體育用品製造業；C306010 成衣業,新北市,設立,11504
62216856,良友餐飲有限公司,新北市三重區三和路2段2號(1樓),阮黃明敏,600000,115/04/02,,,F101990 其他農、畜、水產品批發業；F102030 菸酒批發業；F102040 飲料批發業；F102170 食品什貨批發業；F105050 家具、寢具、廚房器具、裝設品批發業；F107030 清潔用品批發業；F201990 其他農畜水產品零售業；F203010 食品什貨、飲料零售業；F203020 菸酒零售業；F205040 家具、寢具、廚房器具、裝設品零售業,新北市,設立,11504
62216862,金隼科技有限公司,新北市鶯歌區育賢街29號（1樓）,游金茜,200000,115/04/02,,,I103060 管理顧問業；E599010 配管工程業；E603010 電纜安裝工程業；E801010 室內裝潢業；E603050 自動控制設備工程業；E604010 機械安裝業；E605010 電腦設備安裝業；EZ07010 鑽孔工程業；EZ99990 其他工程業；ZZ99999 除許可業務外，得經營法令非禁止或限制之業務,新北市,設立,11504
62216878,越蒔廚房股份有限公司,新北市中和區中正路776號,周美岑,2000000,115/04/02,,,F101040 家畜家禽批發業；F101050 水產品批發業；F101990 其他農、畜、水產品批發業；F201010 農產品零售業；F201020 畜產品零售業；F201030 水產品零售業；F201990 其他農畜水產品零售業；F203010 食品什貨、飲料零售業；F299990 其他零售業；F301020 超級市場業,新北市,設立,11504
62216883,則源科技有限公司,新北市新莊區建興街63號2樓,曾菁菁,500000,115/04/02,,,F119010 電子材料批發業；F401010 國際貿易業；I301010 資訊軟體服務業；I301030 電子資訊供應服務業；I102010 一般投資顧問業；I103060 管理顧問業；I199990 其他顧問服務業；IZ99990 其他工商服務業；ZZ99999 除許可業務外，得經營法令非禁止或限制之業務,新北市,設立,11504
62216899,薇海國際有限公司,新北市淡水區民權路223號14樓之7,羅期田,500000,115/04/02,,,I103060 管理顧問業；I301010 資訊軟體服務業；I301020 資料處理服務業；I401010 一般廣告服務業；I599990 其他設計業；F399040 無店面零售業；F401010 國際貿易業；I301030 電子資訊供應服務業；IZ99990 其他工商服務業；J304010 圖書出版業,新北市,設立,11504
62216906,自由恆鑫投資顧問有限公司,新北市中和區捷運路8之1號17樓,何鑫平,200000,115/04/02,,,H201010 一般投資業；I102010 一般投資顧問業；I103060 管理顧問業；ZZ99999 除許可業務外，得經營法令非禁止或限制之業務,新北市,設立,11504
62216912,兆利國際企業有限公司,新北市中和區連城路523巷9弄5號4樓,白羽榕,1500000,115/04/02,,,F501060 餐館業；F501990 其他餐飲業；F401010 國際貿易業；F399040 無店面零售業；F101050 水產品批發業；F102170 食品什貨批發業；F203010 食品什貨、飲料零售業；F201030 水產品零售業；H703100 不動產租賃業；JE01010 租賃業,新北市,設立,11504
62216928,希秘亞生技有限公司,新北市汐止區東勢街168號（1樓）,簡佑玲,100000,115/04/02,,,ZZ99999 除許可業務外，得經營法令非禁止或限制之業務；C802100 化粧品製造業；F107200 化學原料批發業；F108040 化粧品批發業；F207200 化學原料零售業；F208040 化粧品零售業；F399040 無店面零售業；F401010 國際貿易業；F601010 智慧財產權業,新北市,設立,11504
62216933,梁策投資顧問有限公司,新北市中和區捷運路8之1號17樓,梁耀營,200000,115/04/02,,,H201010 一般投資業；I102010 一般投資顧問業；I103060 管理顧問業；ZZ99999 除許可業務外，得經營法令非禁止或限制之業務,新北市,設立,11504
62216949,元丞有限公司,新北市深坑區文化街39巷33號7樓,楊筑婷,200000,115/04/02,,,E599010 配管工程業；E601010 電器承裝業；E601020 電器安裝業；E603010 電纜安裝工程業；E603050 自動控制設備工程業；EZ05010 儀器、儀表安裝工程業；EZ15010 保溫、保冷安裝工程業；EZ07010 鑽孔工程業；E901010 油漆工程業；F106010 五金批發業,新北市,設立,11504
62216954,欣啟貿易有限公司,新北市蘆洲區國道路2段65號2樓,王祥羽,2000000,115/04/02,,,F401010 國際貿易業；F203010 食品什貨、飲料零售業；F399040 無店面零售業；F102170 食品什貨批發業；F201030 水產品零售業；F101050 水產品批發業；F201020 畜產品零售業；F101990 其他農、畜、水產品批發業；F102040 飲料批發業；F105050 家具、寢具、廚房器具、裝設品批發業,新北市,設立,11504
62216960,新舍裝潢有限公司,新北市板橋區文化路2段225巷72弄32號,趙心妤,3000000,115/04/02,,,E801010 室內裝潢業；E801020 門窗安裝工程業；E801030 室內輕鋼架工程業；E801040 玻璃安裝工程業；E801070 廚具、衛浴設備安裝工程業；E901010 油漆工程業；E903010 防蝕、防銹工程業；F105050 家具、寢具、廚房器具、裝設品批發業；F106010 五金批發業；F106050 陶瓷玻璃器皿批發業,新北市,設立,11504
62216976,芮平國際有限公司,新北市三重區福德北路12號3樓,張書瑋,200000,115/04/02,,,F204110 布疋、衣著、鞋、帽、傘、服飾品零售業；F104110 布疋、衣著、鞋、帽、傘、服飾品批發業；F205040 家具、寢具、廚房器具、裝設品零售業；F105050 家具、寢具、廚房器具、裝設品批發業；F206020 日常用品零售業；F106020 日常用品批發業；F208040 化粧品零售業；F108040 化粧品批發業；F203010 食品什貨、飲料零售業；F215010 首飾及貴金屬零售業,新北市,設立,11504
62216997,漢薩文化創意有限公司,新北市汐止區新台五路2段41巷24號3樓,李博研,200000,115/04/02,,,JB01010 會議及展覽服務業；J601010 藝文服務業；J602010 演藝活動業；JI01010 互動式情境體驗服務業；IZ04010 翻譯業；F401010 國際貿易業；F399040 無店面零售業；F209060 文教、樂器、育樂用品零售業；F109070 文教、樂器、育樂用品批發業；F206020 日常用品零售業,新北市,設立,11504
62217004,道成電機股份有限公司,新北市板橋區忠孝路174巷57號,邱漢城,3000000,115/04/02,,,CC01030 電器及視聽電子產品製造業；CC01110 電腦及其週邊設備製造業；CC01080 電子零組件製造業；I501010 產品設計業；F119010 電子材料批發業；F219010 電子材料零售業；CB01010 機械設備製造業；CB01020 事務機器製造業；CB01990 其他機械製造業；CC01040 照明設備製造業,新北市,設立,11504
62217010,盛豐國際餐飲股份有限公司,新北市汐止區新台五路1段95號18樓之7,鄭凱隆,35000000,115/04/02,,,C102010 乳品製造業；C103050 罐頭、冷凍、脫水及醃漬食品製造業；C104020 烘焙炊蒸食品製造業；C110010 飲料製造業；C199020 食用冰製造業；E801010 室內裝潢業；F102040 飲料批發業；F102050 茶葉批發業；F102170 食品什貨批發業；F201010 農產品零售業,新北市,設立,11504
62217026,宸萃有限公司,新北市中和區中正路755之1號（1樓）,黃傳楷,100000,115/04/02,,,F401010 國際貿易業；ZZ99999 除許可業務外，得經營法令非禁止或限制之業務,新北市,設立,11504
62217031,慕思生活整合有限公司,新北市汐止區新台五路1段232號12樓,謝致遠,200000,115/04/02,,,F102030 菸酒批發業；F102040 飲料批發業；F102170 食品什貨批發業；F106020 日常用品批發業；F203010 食品什貨、飲料零售業；F206020 日常用品零售業；F401010 國際貿易業；H201010 一般投資業；I102010 一般投資顧問業；I103060 管理顧問業,新北市,設立,11504
62217047,齊鑫材料科技有限公司,新北市中和區民生街21之2號(1樓),張朕齊,2000000,115/04/02,,,I501010 產品設計業；F119010 電子材料批發業；I199990 其他顧問服務業；F401010 國際貿易業；F107990 其他化學製品批發業；IG01010 生物技術服務業；ZZ99999 除許可業務外，得經營法令非禁止或限制之業務,新北市,設立,11504
62217052,涵拓投資有限公司,新北市汐止區大同路1段235號7樓之3,李文田,100000,115/04/02,,,H201010 一般投資業；ZZ99999 除許可業務外，得經營法令非禁止或限制之業務,新北市,設立,11504
62217068,聿丞科技股份有限公司,新北市新店區寶興路45巷8弄10號2樓,楊泓斌,500000,115/04/02,,,E604010 機械安裝業；E801010 室內裝潢業；E801020 門窗安裝工程業；E801030 室內輕鋼架工程業；E801040 玻璃安裝工程業；E801070 廚具、衛浴設備安裝工程業；E901010 油漆工程業；E903010 防蝕、防銹工程業；EZ99990 其他工程業；F105050 家具、寢具、廚房器具、裝設品批發業,新北市,設立,11504
62217074,舒逸康護事業有限公司,新北市汐止區新台五路1段159號12樓,林誼銘,1000000,115/04/02,,,F206020 日常用品零售業；F208040 化粧品零售業；H703110 老人住宅業；IZ12010 人力派遣業；JZ99050 仲介服務業；F106020 日常用品批發業；I401010 一般廣告服務業；I103060 管理顧問業；F299990 其他零售業；F206010 五金零售業,新北市,設立,11504
62217089,綠川房屋仲介有限公司,新北市三重區元信二街126號,賴妍希,1000000,115/04/02,,,H704031 不動產仲介經紀業；H703090 不動產買賣業；H703100 不動產租賃業；H701010 住宅及大樓開發租售業；E801010 室內裝潢業；E801020 門窗安裝工程業；E801030 室內輕鋼架工程業；E801040 玻璃安裝工程業；E801070 廚具、衛浴設備安裝工程業；E901010 油漆工程業,新北市,設立,11504
62217095,蜜觀科技有限公司,新北市板橋區合宜路213號,卜安琪,200000,115/04/02,,,F208040 化粧品零售業；I199990 其他顧問服務業；JZ99080 美容美髮服務業；JZ99990 未分類其他服務業；ZZ99999 除許可業務外，得經營法令非禁止或限制之業務,新北市,設立,11504
62217118,鈺齊科技有限公司,新北市三重區後竹圍街137號,胡素菱,1000000,115/04/02,,,F113050 電腦及事務性機器設備批發業；F118010 資訊軟體批發業；F119010 電子材料批發業；F213030 電腦及事務性機器設備零售業；F213060 電信器材零售業；F218010 資訊軟體零售業；F219010 電子材料零售業；F399040 無店面零售業；F401010 國際貿易業；I301010 資訊軟體服務業,新北市,設立,11504
62217124,葳力運動生活有限公司,新北市蘆洲區中山二路274號（1樓）,陳惠蓁,1000000,115/04/02,,,F102170 食品什貨批發業；F104110 布疋、衣著、鞋、帽、傘、服飾品批發業；F105050 家具、寢具、廚房器具、裝設品批發業；F106010 五金批發業；F106020 日常用品批發業；F107030 清潔用品批發業；F108040 化粧品批發業；F109070 文教、樂器、育樂用品批發業；F199990 其他批發業；F203010 食品什貨、飲料零售業,新北市,設立,11504
62217139,台嵩投資有限公司,新北市板橋區民權路202巷14弄11號2樓,許茗傑,1680000,115/04/02,,,H201010 一般投資業；ZZ99999 除許可業務外，得經營法令非禁止或限制之業務,新北市,設立,11504
62217145,天閤室內裝修設計有限公司,新北市汐止區新台五路2段41巷12號2樓,蕭中台,1000000,115/04/07,,,E801060 室內裝修業；E801010 室內裝潢業；E801030 室內輕鋼架工程業；E801020 門窗安裝工程業；E801040 玻璃安裝工程業；E901010 油漆工程業；E801070 廚具、衛浴設備安裝工程業；EZ99990 其他工程業；A102080 園藝服務業；JB01010 會議及展覽服務業,新北市,設立,11504
62217150,泰雅國際有限公司,新北市板橋區金門街7號(1樓),周晏民,1000000,115/04/02,,,CG01010 珠寶及貴金屬製品製造業；CN01010 家具及裝設品製造業；F102030 菸酒批發業；F102040 飲料批發業；F102050 茶葉批發業；F102170 食品什貨批發業；F104110 布疋、衣著、鞋、帽、傘、服飾品批發業；F105050 家具、寢具、廚房器具、裝設品批發業；F215010 首飾及貴金屬零售業；F401010 國際貿易業,新北市,設立,11504
62217166,祁心軒研有限公司,新北市板橋區華江一路111號15樓之1,陳珮馨,800000,115/04/02,,,I103060 管理顧問業；H201010 一般投資業；I199990 其他顧問服務業；I102010 一般投資顧問業；I301010 資訊軟體服務業；H703090 不動產買賣業；H703100 不動產租賃業；ZZ99999 除許可業務外，得經營法令非禁止或限制之業務,新北市,設立,11504
62217187,鋼益實業有限公司,新北市樹林區中正路264巷8號,林俊鴻,2500000,115/04/02,,,F106010 五金批發業；F119010 電子材料批發業；F113010 機械批發業；F113050 電腦及事務性機器設備批發業；F106030 模具批發業；CA02990 其他金屬製品製造業；CB01010 機械設備製造業；CC01080 電子零組件製造業；CQ01010 模具製造業；CC01110 電腦及其週邊設備製造業,新北市,設立,11504
62217200,天耀科技有限公司,新北市新莊區富貴路500號4樓,張耀文,200000,115/04/07,,,CC01110 電腦及其週邊設備製造業；E605010 電腦設備安裝業；F104110 布疋、衣著、鞋、帽、傘、服飾品批發業；F106020 日常用品批發業；F109070 文教、樂器、育樂用品批發業；F113050 電腦及事務性機器設備批發業；F118010 資訊軟體批發業；F204110 布疋、衣著、鞋、帽、傘、服飾品零售業；F206020 日常用品零售業；F209060 文教、樂器、育樂用品零售業,新北市,設立,11504
62217216,誼碩工程有限公司,新北市永和區永和路1段228號3樓之2,施凱仁,300000,115/04/02,,,E502010 燃料導管安裝工程業；E599010 配管工程業；E601010 電器承裝業；E601020 電器安裝業；E603010 電纜安裝工程業；E603040 消防安全設備安裝工程業；E603050 自動控制設備工程業；E603090 照明設備安裝工程業；E603100 電焊工程業；E603120 噴砂工程業,新北市,設立,11504
62217222,固德企業有限公司,新北市三重區三和路4段125巷101號,林建成,200000,115/04/02,,,F111090 建材批發業；F105050 家具、寢具、廚房器具、裝設品批發業；F106010 五金批發業；F106020 日常用品批發業；F114030 汽、機車零件配備批發業；F114040 自行車及其零件批發業；F115010 首飾及貴金屬批發業；F204110 布疋、衣著、鞋、帽、傘、服飾品零售業；E801010 室內裝潢業；E801030 室內輕鋼架工程業,新北市,設立,11504
62217237,小林提琴工房有限公司,新北市板橋區文化路2段285號21樓,嚴慶鍾,1000000,115/04/07,,,CH01020 樂器製造業；JA02990 其他修理業；F209060 文教、樂器、育樂用品零售業；F109070 文教、樂器、育樂用品批發業；F299990 其他零售業；F401010 國際貿易業；J602010 演藝活動業；J601010 藝文服務業；J603010 音樂展演空間業；J799990 其他休閒服務業,新北市,設立,11504
62217243,立炘工程有限公司,新北市淡水區下圭柔山105之5號,潘世鈞,1000000,115/04/07,,,CA02010 金屬結構及建築組件製造業；CA02990 其他金屬製品製造業；CA04010 表面處理業；CA02030 螺絲、螺帽、螺絲釘、及鉚釘等製品製造業；CA02040 彈簧製造業；CA02080 金屬鍛造業；CA02090 金屬線製品製造業；CA02070 製鎖業；CA01050 鋼材二次加工業；F105050 家具、寢具、廚房器具、裝設品批發業,新北市,設立,11504
62217258,境築空間設計工程有限公司,新北市樹林區中正路45巷5號2樓,杜成駿,1000000,115/04/07,,,E801010 室內裝潢業；I503010 景觀、室內設計業；I599990 其他設計業；I501010 產品設計業；I401010 一般廣告服務業；I199990 其他顧問服務業；J101010 建築物清潔服務業；J101120 營建混合物分類處理業；E801070 廚具、衛浴設備安裝工程業；E801020 門窗安裝工程業,新北市,設立,11504
62217264,湊三塊有限公司,新北市新店區碧潭路2號,陳彥安,100000,115/04/07,,,F501060 餐館業；F501990 其他餐飲業；F501030 飲料店業；F102040 飲料批發業；F102170 食品什貨批發業；F203010 食品什貨、飲料零售業；F399040 無店面零售業；F399990 其他綜合零售業；I101090 食品顧問業；I103060 管理顧問業,新北市,設立,11504
62217270,一級有限公司,新北市新店區中央路155號7樓之2,蔣騽秸,2000000,115/04/07,,,F102030 菸酒批發業；F102040 飲料批發業；F102170 食品什貨批發業；F108040 化粧品批發業；F203010 食品什貨、飲料零售業；F203020 菸酒零售業；F208040 化粧品零售業；F401010 國際貿易業；F401161 菸類輸入業；F401171 酒類輸入業,新北市,設立,11504
62217285,窩的家投資控股股份有限公司,新北市三重區平安街59號,吳彥廷,7100000,115/04/07,,,H201010 一般投資業；H202010 創業投資業；ZZ99999 除許可業務外，得經營法令非禁止或限制之業務,新北市,設立,11504
62217291,勝唯貿易股份有限公司,新北市新莊區五權一路1號8樓之2,林忠平,1000000,115/04/07,,,F102170 食品什貨批發業；F104110 布疋、衣著、鞋、帽、傘、服飾品批發業；F106010 五金批發業；F106020 日常用品批發業；F106040 水器材料批發業；F107030 清潔用品批發業；F107190 塑膠膜、袋批發業；F113010 機械批發業；F113020 電器批發業；F113990 其他機械器具批發業,新北市,設立,11504
62217308,庭序有限公司,新北市汐止區福德一路201巷6號5樓,林庭慶,500000,115/04/07,,,CA02010 金屬結構及建築組件製造業；CA02990 其他金屬製品製造業；CA01050 鋼材二次加工業；CA04010 表面處理業；CA01990 其他非鐵金屬基本工業；E599010 配管工程業；E601020 電器安裝業；E603090 照明設備安裝工程業；E603100 電焊工程業；E603110 冷作工程業,新北市,設立,11504
62217314,派客數位行銷有限公司,新北市淡水區民權路40號10樓,吳承縉,1000000,115/04/07,,,I301030 電子資訊供應服務業；I301010 資訊軟體服務業；I301060 網路廣告平臺業；I199990 其他顧問服務業；F113050 電腦及事務性機器設備批發業；F118010 資訊軟體批發業；F119010 電子材料批發業；F213030 電腦及事務性機器設備零售業；F213060 電信器材零售業；F218010 資訊軟體零售業,新北市,設立,11504
62217320,原跡有限公司,新北市三重區重化街38號2樓,顏瑋志,3000000,115/04/07,,,F204110 布疋、衣著、鞋、帽、傘、服飾品零售業；F104110 布疋、衣著、鞋、帽、傘、服飾品批發業；F399040 無店面零售業；F208040 化粧品零售業；F108040 化粧品批發業；F206020 日常用品零售業；F106020 日常用品批發業；F207030 清潔用品零售業；F107030 清潔用品批發業；F205040 家具、寢具、廚房器具、裝設品零售業,新北市,設立,11504
62217335,淨煦文化有限公司,新北市板橋區藝文街138號9樓,陳宏哲,100000,115/04/07,,,F201070 花卉零售業；F203010 食品什貨、飲料零售業；F203020 菸酒零售業；F204110 布疋、衣著、鞋、帽、傘、服飾品零售業；F206020 日常用品零售業；F206060 祭祀用品零售業；H703090 不動產買賣業；J101090 廢棄物清理業；F106070 祭祀用品批發業；I103060 管理顧問業,新北市,設立,11504
62217341,泰林顧問股份有限公司,新北市泰山區明志路1段338巷3號4樓,陳家慧,300000,115/04/07,,,H703090 不動產買賣業；H703100 不動產租賃業；I102010 一般投資顧問業；I103060 管理顧問業；IB01010 建築物公共安全檢查業；F104110 布疋、衣著、鞋、帽、傘、服飾品批發業；F106020 日常用品批發業；F204110 布疋、衣著、鞋、帽、傘、服飾品零售業；F206020 日常用品零售業；I199990 其他顧問服務業,新北市,設立,11504
62217356,巴歌有限公司,新北市樹林區大安路323巷10弄15號3樓,曾禹翔,300000,115/04/07,,,J401010 電影片製作業；JZ99030 攝影業；I401010 一般廣告服務業；F209060 文教、樂器、育樂用品零售業；F109070 文教、樂器、育樂用品批發業；F104110 布疋、衣著、鞋、帽、傘、服飾品批發業；F204110 布疋、衣著、鞋、帽、傘、服飾品零售業；F401010 國際貿易業；F399040 無店面零售業；J303010 雜誌（期刊）出版業,新北市,設立,11504
62217362,欽宸投資股份有限公司,新北市新莊區中泰街111巷1號,簡國欽,59137540,115/04/08,,,H201010 一般投資業,新北市,設立,11504
62217378,淡海新市茶屋數位顧問有限公司,新北市淡水區淡海路233號6樓,莫菘衍,800000,115/04/07,,,I103060 管理顧問業；I199990 其他顧問服務業；I301010 資訊軟體服務業；J399990 其他出版業；ZZ99999 除許可業務外，得經營法令非禁止或限制之業務,新北市,設立,11504
62217399,博元機械工程有限公司,新北市八里區中華路2段322號,張仁陽,7000000,115/04/07,,,G702010 船舶勞務承攬業；G409050 工業專用港或工業專用碼頭船舶貨物裝卸承攬業；G799990 其他運輸輔助業；G801010 倉儲業；EZ02010 起重工程業；IZ06010 理貨包裝業；IZ07010 公證業；IZ12010 人力派遣業；F111090 建材批發業；F114030 汽、機車零件配備批發業,新北市,設立,11504
62217406,森才貿易有限公司,新北市樹林區長壽街28巷15號3樓,黃國維,500000,115/04/07,,,F104110 布疋、衣著、鞋、帽、傘、服飾品批發業；F199010 回收物料批發業；F204110 布疋、衣著、鞋、帽、傘、服飾品零售業；F401010 國際貿易業；J101080 資源回收業；J101030 廢棄物清除業；F399040 無店面零售業；F399990 其他綜合零售業；ZZ99999 除許可業務外，得經營法令非禁止或限制之業務,新北市,設立,11504
62217412,坤達有限公司,新北市汐止區湖前街110巷97弄23之3號7樓,魏國宗,1000000,115/04/07,,,F108031 醫療器材批發業；F208031 醫療器材零售業；F106020 日常用品批發業；F108040 化粧品批發業；F113030 精密儀器批發業；F113990 其他機械器具批發業；F206020 日常用品零售業；F208040 化粧品零售業；F208050 乙類成藥零售業；F213990 其他機械器具零售業,新北市,設立,11504
62217428,兆和貿易有限公司,新北市板橋區中山路1段10號11樓,楊超傑,10000000,115/04/07,,,F102170 食品什貨批發業；F103010 飼料批發業；F106010 五金批發業；F107050 肥料批發業；F107200 化學原料批發業；F107990 其他化學製品批發業；F113010 機械批發業；F121010 食品添加物批發業；F207200 化學原料零售業；F401010 國際貿易業,新北市,設立,11504
62217433,探索邊界有限公司,新北市汐止區福德三路367號13樓,黃崇傑,100000,115/04/07,,,J399010 軟體出版業；F118010 資訊軟體批發業；F218010 資訊軟體零售業；F109070 文教、樂器、育樂用品批發業；F209060 文教、樂器、育樂用品零售業；F399040 無店面零售業；F401010 國際貿易業；I401010 一般廣告服務業；J303010 雜誌（期刊）出版業；J304010 圖書出版業,新北市,設立,11504
62217454,光思集有限公司,新北市鶯歌區湖山路30巷5號（1樓）,何亞真,2500000,115/04/07,,,I301010 資訊軟體服務業；I301020 資料處理服務業；I301030 電子資訊供應服務業；I103060 管理顧問業；I199990 其他顧問服務業；F213030 電腦及事務性機器設備零售業；F218010 資訊軟體零售業；F118010 資訊軟體批發業；J399010 軟體出版業；I501010 產品設計業,新北市,設立,11504
62217460,年樂日藝術有限公司,新北市板橋區中山路1段10號9樓,林晏如,1000000,115/04/07,,,J601010 藝文服務業；J602010 演藝活動業；ZZ99999 除許可業務外，得經營法令非禁止或限制之業務,新北市,設立,11504
62217476,愷月有限公司,新北市三峽區介壽路1段13號6樓,張根寧,500000,115/04/07,,,JE01010 租賃業；JZ99050 仲介服務業；I103060 管理顧問業；F206010 五金零售業；F206020 日常用品零售業；F209060 文教、樂器、育樂用品零售業；F215010 首飾及貴金屬零售業；F215020 礦石零售業；F399990 其他綜合零售業；ZZ99999 除許可業務外，得經營法令非禁止或限制之業務,新北市,設立,11504
62217503,沐康企業有限公司,新北市中和區保健路67巷6弄23號2樓,卓豪信,1000000,115/04/07,,,F102170 食品什貨批發業；F106020 日常用品批發業；F107030 清潔用品批發業；F203010 食品什貨、飲料零售業；F204110 布疋、衣著、鞋、帽、傘、服飾品零售業；F206020 日常用品零售業；F207030 清潔用品零售業；F401010 國際貿易業；ZZ99999 除許可業務外，得經營法令非禁止或限制之業務,新北市,設立,11504
62217519,十八樓國際美容有限公司,新北市三重區自強路2段34號（1樓）,裴尹莠,510000,115/04/07,,,F108040 化粧品批發業；F208040 化粧品零售業；JZ99080 美容美髮服務業；F401010 國際貿易業；I103060 管理顧問業；I501010 產品設計業；F107030 清潔用品批發業；F207030 清潔用品零售業；ZZ99999 除許可業務外，得經營法令非禁止或限制之業務,新北市,設立,11504
62217525,瑋沐室內裝修有限公司,新北市蘆洲區中山一路161號3樓,張育瑋,500000,115/04/07,,,E801060 室內裝修業；E801010 室內裝潢業；I503010 景觀設計業；I401010 一般廣告服務業；I501010 產品設計業；I599990 其他設計業；I103060 管理顧問業；E801020 門窗安裝工程業；E801030 室內輕鋼架工程業；E801040 玻璃安裝工程業,新北市,設立,11504
62217530,喬禾事業有限公司,新北市三重區重陽路四段130號12樓,徐涵嫣,100000,115/04/08,,,E599010 配管工程業；E601010 電器承裝業；E603040 消防安全設備安裝工程業；E603090 照明設備安裝工程業；E603100 電焊工程業；E604010 機械安裝業；E801010 室內裝潢業；E801020 門窗安裝工程業；E801030 室內輕鋼架工程業；E801040 玻璃安裝工程業,新北市,設立,11504
62217546,晶峻科技有限公司,新北市中和區中正路918號3樓,李慶銘,500000,115/04/08,,,E605010 電腦設備安裝業；F113030 精密儀器批發業；F113050 電腦及事務性機器設備批發業；F118010 資訊軟體批發業；F119010 電子材料批發業；F213010 電器零售業；F213040 精密儀器零售業；F213080 機械器具零售業；F218010 資訊軟體零售業；F219010 電子材料零售業,新北市,設立,11504
62217551,年慶投資有限公司,新北市中和區中山路2段303之14號(1樓),陳鈞湯,500000,115/04/08,,,H201010 一般投資業,新北市,設立,11504
62217567,星薳生技股份有限公司,新北市淡水區學府路51巷1弄18號,盧德科,12000000,115/04/08,,,F108031 醫療器材批發業；F108040 化粧品批發業；F208031 醫療器材零售業；F208040 化粧品零售業；F401010 國際貿易業；F106020 日常用品批發業；F107030 清潔用品批發業；F206020 日常用品零售業；F207030 清潔用品零售業；I103060 管理顧問業,新北市,設立,11504
62217573,和晟文具有限公司,新北市永和區中正路283巷38號,彭盛群,3000000,115/04/08,,,F109070 文教、樂器、育樂用品批發業；F113060 度量衡器批發業；F209060 文教、樂器、育樂用品零售業；ZZ99999 除許可業務外，得經營法令非禁止或限制之業務,新北市,設立,11504
62217588,海凜有限公司,新北市新莊區化成路363巷51號,陳冠旭,10000,115/04/08,,,E502010 燃料導管安裝工程業；E599010 配管工程業；E601010 電器承裝業；E601020 電器安裝業；E603050 自動控制設備工程業；E603090 照明設備安裝工程業；E603100 電焊工程業；E604010 機械安裝業；E605010 電腦設備安裝業；E801010 室內裝潢業,新北市,設立,11504
62217594,有一說一有限公司,新北市泰山區新北大道5段119號4樓,李一,300000,115/04/08,,,E599010 配管工程業；E603100 電焊工程業；EZ15010 保溫、保冷安裝工程業；F206010 五金零售業；F218010 資訊軟體零售業；F399040 無店面零售業；F401010 國際貿易業；HZ99990 其他金融、保險及不動產業；I301060 網路廣告平臺業；I501010 產品設計業,新北市,設立,11504
62217601,金智美木雕藝品有限公司,新北市汐止區新台五路1段129號2樓,王秀美,800000,115/04/08,,,F401010 國際貿易業；I105010 藝術品諮詢顧問業；F109070 文教、樂器、育樂用品批發業；F209060 文教、樂器、育樂用品零售業；I501010 產品設計業；I599990 其他設計業；F115020 礦石批發業；F215020 礦石零售業；F215010 首飾及貴金屬零售業；F206020 日常用品零售業,新北市,設立,11504
62217617,漸序科技股份有限公司,新北市三重區五谷王北街58巷30號(1樓),林彦希,100000,115/04/08,,,H201010 一般投資業,新北市,設立,11504
62217638,暴龍電馳有限公司,新北市永和區保福路2段123號及123號地下一層,張瓊之,100000,115/04/08,,,F114020 機車批發業；F114030 汽、機車零件配備批發業；F114010 汽車批發業；F114040 自行車及其零件批發業；F114050 車胎批發業；F114990 其他交通運輸工具及其零件批發業；F214020 機車零售業；F214030 汽、機車零件配備零售業；F214010 汽車零售業；F214040 自行車及其零件零售業,新北市,設立,11504
62217659,羊夏萊音娛樂製作有限公司,新北市板橋區新海路10號2樓,楊恢宏,200000,115/04/08,,,J601010 藝文服務業；J602010 演藝活動業；J604010 聲音錄製及音樂發行業；F209060 文教、樂器、育樂用品零售業；CC01120 資料儲存媒體製造及複製業；F401010 國際貿易業；F601010 智慧財產權業；I401010 一般廣告服務業；I501010 產品設計業；J304010 圖書出版業,新北市,設立,11504
62217665,詠久工程有限公司,新北市板橋區三民路2段28號11樓,張詠揚,1000000,115/04/08,,,E599010 配管工程業；E603080 交通號誌安裝工程業；E603090 照明設備安裝工程業；E801010 室內裝潢業；E801020 門窗安裝工程業；E801030 室內輕鋼架工程業；E801040 玻璃安裝工程業；E801070 廚具、衛浴設備安裝工程業；E901010 油漆工程業；EZ06010 交通標示工程業,新北市,設立,11504
62217671,藝楓系統傢俱有限公司,新北市土城區新洲路100號8樓,李欣憶,500000,115/04/08,,,E801010 室內裝潢業；E901010 油漆工程業；E801040 玻璃安裝工程業；E801020 門窗安裝工程業；E801030 室內輕鋼架工程業；EZ99990 其他工程業；E801070 廚具、衛浴設備安裝工程業；F205040 家具、寢具、廚房器具、裝設品零售業；F105050 家具、寢具、廚房器具、裝設品批發業；F104110 布疋、衣著、鞋、帽、傘、服飾品批發業,新北市,設立,11504
62217686,台灣惠康科技有限公司,新北市八里區觀海大道249號4樓,陳敏蘭,5000000,115/04/08,,,F104110 布疋、衣著、鞋、帽、傘、服飾品批發業；F105050 家具、寢具、廚房器具、裝設品批發業；F106010 五金批發業；F106020 日常用品批發業；F109070 文教、樂器、育樂用品批發業；F113010 機械批發業；F113020 電器批發業；F113050 電腦及事務性機器設備批發業；F113100 污染防治設備批發業；F113110 電池批發業,新北市,設立,11504
62217692,禾廉投資有限公司,新北市板橋區縣民大道2段82號10樓,石佾正,10000000,115/04/08,,,H201010 一般投資業；H202010 創業投資業；I102010 一般投資顧問業；I103060 管理顧問業；ZZ99999 除許可業務外，得經營法令非禁止或限制之業務,新北市,設立,11504
62217709,軒富有限公司,新北市深坑區北深路3段238之10號4樓,汪建燊,100000,115/04/08,,,I401010 一般廣告服務業；I301060 網路廣告平臺業；F102040 飲料批發業；F102050 茶葉批發業；F102170 食品什貨批發業；F102180 酒精批發業；F105050 家具、寢具、廚房器具、裝設品批發業；F106020 日常用品批發業；F106050 陶瓷玻璃器皿批發業；F111090 建材批發業,新北市,設立,11504
62217715,晨昕興業有限公司,新北市永和區成功路1段117巷1弄9號3樓,張宛茹,200000,115/04/08,,,F106010 五金批發業；F106020 日常用品批發業；F106040 水器材料批發業；F111090 建材批發業；F206010 五金零售業；F206020 日常用品零售業；F119010 電子材料批發業；F206040 水器材料零售業；F213080 機械器具零售業；F205040 家具、寢具、廚房器具、裝設品零售業,新北市,設立,11504
62217721,拾光系統科技有限公司,新北市汐止區康寧街281號2樓,陳松福,1000000,115/04/08,,,IZ12010 人力派遣業；J601010 藝文服務業；J602010 演藝活動業；J603010 音樂展演空間業；JB01010 會議及展覽服務業；JE01010 租賃業；F213030 電腦及事務性機器設備零售業；F401010 國際貿易業；G801010 倉儲業；I401010 一般廣告服務業,新北市,設立,11504
62217736,禾雄投資有限公司,新北市板橋區館前西路275號16樓,林昶旭,13000000,115/04/08,,,H201010 一般投資業；H202010 創業投資業；I102010 一般投資顧問業；I103060 管理顧問業；ZZ99999 除許可業務外，得經營法令非禁止或限制之業務,新北市,設立,11504
62217742,佈鑥可米股份有限公司,新北市新店區三民路75巷2弄7號3樓,李睿哲,500000,115/04/08,,,E605010 電腦設備安裝業；F113050 電腦及事務性機器設備批發業；F118010 資訊軟體批發業；F213030 電腦及事務性機器設備零售業；F218010 資訊軟體零售業；I301010 資訊軟體服務業；I301020 資料處理服務業；I301030 電子資訊供應服務業；F199990 其他批發業；F299990 其他零售業,新北市,設立,11504
62217757,家恆工程有限公司,新北市樹林區國凱街50巷56號3樓,林靖淵,200000,115/04/08,,,EZ99990 其他工程業；F111090 建材批發業；EZ02010 起重工程業；E401010 疏濬業；E599010 配管工程業；J101090 廢棄物清理業；J101020 病媒防治業；J101990 其他環境衛生及污染防治服務業；J101060 廢（污）水處理業；J101030 廢棄物清除業,新北市,設立,11504
62217763,兆宸工程有限公司,新北市永和區永和路2段166號10樓之10,張茵淳,1000000,115/04/08,,,E603100 電焊工程業；E801010 室內裝潢業；E801040 玻璃安裝工程業；E901010 油漆工程業；E903010 防蝕、防銹工程業；EZ11010 球場跑道樹脂材料鋪設工程業；EZ14010 運動場地用設備工程業；EZ15010 保溫、保冷安裝工程業；EZ99990 其他工程業；F107010 漆料、塗料批發業,新北市,設立,11504
62217779,老鷹科技有限公司,新北市板橋區中山路一段10號11樓,林家睿,250000,115/04/08,,,F118010 資訊軟體批發業；F218010 資訊軟體零售業；F399040 無店面零售業；F399990 其他綜合零售業；F401010 國際貿易業；F113050 電腦及事務性機器設備批發業；F213030 電腦及事務性機器設備零售業；I301010 資訊軟體服務業；I301020 資料處理服務業；I301030 電子資訊供應服務業,新北市,設立,11504
62217784,碧誠有限公司,新北市樹林區保安街1段11號5樓之3,侯增憶,5000000,115/04/08,,,F102030 菸酒批發業；F401010 國際貿易業；ZZ99999 除許可業務外，得經營法令非禁止或限制之業務,新北市,設立,11504
62217790,台雞蛋有限公司,新北市中和區中山路2段261號6樓,蘇文源,1000000,115/04/08,,,A102020 農產品整理業；F101040 家畜家禽批發業；F101990 其他農、畜、水產品批發業；F102170 食品什貨批發業；F401010 國際貿易業；ZZ99999 除許可業務外，得經營法令非禁止或限制之業務,新北市,設立,11504
62217807,租頭租賃管理顧問有限公司,新北市新店區民權路153號4樓,張永晟,400000,115/04/08,,,H706011 租賃住宅代管業；H706021 租賃住宅包租業；H703100 不動產租賃業；H704031 不動產仲介經紀業；E599010 配管工程業；E601010 電器承裝業；E601020 電器安裝業；E603040 消防安全設備安裝工程業；E603090 照明設備安裝工程業；E604010 機械安裝業,新北市,設立,11504
62217813,元域國際商務中心有限公司,新北市板橋區華江九路43號11樓,蔡珮元,100000,115/04/08,,,F113050 電腦及事務性機器設備批發業；F118010 資訊軟體批發業；F213030 電腦及事務性機器設備零售業；F399040 無店面零售業；H201010 一般投資業；H701010 住宅及大樓開發租售業；H703090 不動產買賣業；H703100 不動產租賃業；I103060 管理顧問業；I301010 資訊軟體服務業,新北市,設立,11504
62217829,小島語社有限公司,新北市土城區中央路2段50巷16弄42號2樓,黃容,100000,115/04/08,,,ZZ99999 除許可業務外，得經營法令非禁止或限制之業務；I301030 電子資訊供應服務業；I301020 資料處理服務業；I401010 一般廣告服務業；IZ99990 其他工商服務業；JZ99990 未分類其他服務業,新北市,設立,11504
62217834,越鎂模具股份有限公司,新北市林口區粉寮路2段458之11號(3樓),張世欽,3000000,115/04/08,,,CQ01010 模具製造業；C805010 塑膠皮、布、板、管材製造業；C805050 工業用塑膠製品製造業；CA01020 鋼鐵軋延及擠型業；CA01030 鋼鐵鑄造業；CA01050 鋼材二次加工業；CA01100 鋁材軋延、伸線、擠型業；CA01990 其他非鐵金屬基本工業；F106010 五金批發業；F106030 模具批發業,新北市,設立,11504
62217840,湛津有限公司,新北市汐止區大同路2段184巷1之6號,江允中,15000000,115/04/08,,,I102010 一般投資顧問業；H701010 住宅及大樓開發租售業；F111090 建材批發業；ZZ99999 除許可業務外，得經營法令非禁止或限制之業務；I103060 管理顧問業；H201010 一般投資業；H703090 不動產買賣業；H703100 不動產租賃業,新北市,設立,11504
62217855,俊宥機電工程有限公司,新北市新莊區中義街13號2樓,陳俊欽,100000,115/04/08,,,CC01010 發電、輸電、配電機械製造業；CC01080 電子零組件製造業；F113010 機械批發業；F113020 電器批發業；F119010 電子材料批發業；F213080 機械器具零售業；JA02990 其他修理業；F401010 國際貿易業；ZZ99999 除許可業務外，得經營法令非禁止或限制之業務,新北市,設立,11504
62217861,坤明清潔維護股份有限公司,新北市汐止區南興路82巷1弄6號3樓,劉坤地,600000,115/04/08,,,J101010 建築物清潔服務業；J101020 病媒防治業；J101030 廢棄物清除業；J101040 廢棄物處理業；F107030 清潔用品批發業；F207030 清潔用品零售業；I103060 管理顧問業；ZZ99999 除許可業務外，得經營法令非禁止或限制之業務,新北市,設立,11504
62217877,海長清股份有限公司,新北市永和區中正路283巷53弄1號4樓,海根壽,1800000,115/04/08,,,H703090 不動產買賣業；H703100 不動產租賃業；H701010 住宅及大樓開發租售業；H701020 工業廠房開發租售業；H701050 投資興建公共建設業；H701060 新市鎮、新社區開發業；H701070 區段徵收及市地重劃代辦業；I102010 一般投資顧問業；I103060 管理顧問業；IZ12010 人力派遣業,新北市,設立,11504
62217882,擁日日曬股份有限公司,新北市三重區六張街42號(1樓),林裕成,2000000,115/04/08,,,F208040 化粧品零售業；F399040 無店面零售業；JZ99080 美容美髮服務業；ZZ99999 除許可業務外，得經營法令非禁止或限制之業務,新北市,設立,11504
62217905,城市健康生態有限公司,新北市永和區竹林路41號2樓,于耀宗,2000000,115/04/09,,,J801030 競技及休閒運動場館業；J802010 運動訓練業；J803010 運動表演業；J803020 運動比賽業；F109070 文教、樂器、育樂用品批發業；F209060 文教、樂器、育樂用品零售業；F399990 其他綜合零售業；F399040 無店面零售業；ZZ99999 除許可業務外，得經營法令非禁止或限制之業務,新北市,設立,11504
62217911,梨山園有限公司,新北市土城區學府路1段278號地下一層之10,周麗紅,100000,115/04/09,,,H703090 不動產買賣業；H703100 不動產租賃業；ZZ99999 除許可業務外，得經營法令非禁止或限制之業務,新北市,設立,11504
62217927,沐承創研有限公司,新北市板橋區三民路2段37號23樓之1,林昭卉,1000000,115/04/09,,,F201020 畜產品零售業；F201030 水產品零售業；F203010 食品什貨、飲料零售業；F218010 資訊軟體零售業；F299990 其他零售業；F399040 無店面零售業；F199990 其他批發業；F401010 國際貿易業；I199990 其他顧問服務業；ZZ99999 除許可業務外，得經營法令非禁止或限制之業務,新北市,設立,11504
62217932,芳喵映采有限公司,新北市新莊區新知三路61號3樓,賴聖芳,100000,115/04/09,,,F109070 文教、樂器、育樂用品批發業；F209060 文教、樂器、育樂用品零售業；F399040 無店面零售業；F401010 國際貿易業；F601010 智慧財產權業；I199990 其他顧問服務業；I301010 資訊軟體服務業；I301030 電子資訊供應服務業；I401010 一般廣告服務業；IZ04010 翻譯業,新北市,設立,11504
62217948,順豐農林水產有限公司,新北市永和區保生路1號2樓,李志陽,3000000,115/04/09,,,F101050 水產品批發業；F101990 其他農、畜、水產品批發業；F103010 飼料批發業；F111090 建材批發業；F102170 食品什貨批發業；F203010 食品什貨、飲料零售業；F401010 國際貿易業；A299990 其他林業；ZZ99999 除許可業務外，得經營法令非禁止或限制之業務,新北市,設立,11504
62217980,黑洞娛樂有限公司,新北市新莊區豐盛一街16號15樓,許睿紘,1000000,115/04/09,,,F109070 文教、樂器、育樂用品批發業；F113020 電器批發業；F113030 精密儀器批發業；F113050 電腦及事務性機器設備批發業；F199990 其他批發業；F299990 其他零售業；F401010 國際貿易業；I301010 資訊軟體服務業；I401010 一般廣告服務業；I501010 產品設計業,新北市,設立,11504
62217996,印拓國際有限公司,新北市樹林區復興路112之2號9樓,傅維廉,1000000,115/04/09,,,F119010 電子材料批發業；F219010 電子材料零售業；F118010 資訊軟體批發業；F218010 資訊軟體零售業；F113050 電腦及事務性機器設備批發業；F213030 電腦及事務性機器設備零售業；F113020 電器批發業；F401010 國際貿易業；I301010 資訊軟體服務業；I301020 資料處理服務業,新北市,設立,11504
62218003,鼎順豐農林水產有限公司,新北市永和區保生路1號2樓,李志陽,3000000,115/04/09,,,F101050 水產品批發業；F101990 其他農、畜、水產品批發業；F103010 飼料批發業；F111090 建材批發業；F102170 食品什貨批發業；F203010 食品什貨、飲料零售業；F401010 國際貿易業；A299990 其他林業；ZZ99999 除許可業務外，得經營法令非禁止或限制之業務,新北市,設立,11504
62218019,沛竑貿易有限公司,新北市三重區光復路1段85號9樓,吳寀瑄,300000,115/04/09,,,F399040 無店面零售業；F401010 國際貿易業；F206020 日常用品零售業；F206010 五金零售業；F204110 布疋、衣著、鞋、帽、傘、服飾品零售業；F205040 家具、寢具、廚房器具、裝設品零售業；F209060 文教、樂器、育樂用品零售業；F206050 寵物食品及其用品零售業；ZZ99999 除許可業務外，得經營法令非禁止或限制之業務,新北市,設立,11504
62218025,有迅有限公司,新北市新莊區新樹路315巷19弄3號,林書瑜,200000,115/04/09,,,CA01050 鋼材二次加工業；F113050 電腦及事務性機器設備批發業；F119010 電子材料批發業；F219010 電子材料零售業；F401010 國際貿易業；ZZ99999 除許可業務外，得經營法令非禁止或限制之業務,新北市,設立,11504
62218030,咸通投資有限公司,新北市板橋區文化路2段285號21樓,羅國榮,3000000,115/04/09,,,H201010 一般投資業；H204010 私募股權投資業；ZZ99999 除許可業務外，得經營法令非禁止或限制之業務,新北市,設立,11504
62218046,宜科國際有限公司,新北市汐止區龍安路28巷6號3樓之1,謝丹桂,1000000,115/04/09,,,C601020 紙製造業；C601030 紙容器製造業；C601040 加工紙製造業；C701010 印刷業；C702010 製版業；C703010 印刷品裝訂及加工業；CB01010 機械設備製造業；CB01020 事務機器製造業；F109070 文教、樂器、育樂用品批發業；F113010 機械批發業,新北市,設立,11504
62218051,禾定投資有限公司,新北市新莊區復興二路135號4樓之3,黃宜璇,10000000,115/04/09,,,H201010 一般投資業；H202010 創業投資業；I102010 一般投資顧問業；I103060 管理顧問業；ZZ99999 除許可業務外，得經營法令非禁止或限制之業務,新北市,設立,11504
62218067,聚禾國際有限公司,新北市新莊區昌德街165號3樓,林裕涵,250000,115/04/09,,,C701010 印刷業；C703010 印刷品裝訂及加工業；E701020 衛星電視ＫＵ頻道、Ｃ頻道器材安裝業；E801010 室內裝潢業；F113050 電腦及事務性機器設備批發業；F213030 電腦及事務性機器設備零售業；F401010 國際貿易業；I102010 一般投資顧問業；I103060 管理顧問業；I401010 一般廣告服務業,新北市,設立,11504
62218073,御富事業有限公司,新北市板橋區忠孝路忠義巷19弄23號(1樓),游柄元,300000,115/04/09,,,H703090 不動產買賣業；H703100 不動產租賃業；H201010 一般投資業；H202010 創業投資業；I102010 一般投資顧問業；I105010 藝術品諮詢顧問業；I199990 其他顧問服務業；I401010 一般廣告服務業；JZ99050 仲介服務業；F206060 祭祀用品零售業,新北市,設立,11504
62218088,力美力電氣設備有限公司,新北市汐止區宜興街9巷24號15樓,王車成,300000,115/04/09,,,CC01010 發電、輸電、配電機械製造業；E601010 電器承裝業；E603020 電梯安裝工程業；E603050 自動控制設備工程業；E603090 照明設備安裝工程業；E605010 電腦設備安裝業；F401010 國際貿易業；F113110 電池批發業；F213110 電池零售業；F113010 機械批發業,新北市,設立,11504
62218094,華寓國際有限公司,新北市三重區和平街42號2樓,鐘國華,1000000,115/04/09,,,F106020 日常用品批發業；F107030 清潔用品批發業；F207030 清潔用品零售業；F399040 無店面零售業；F401010 國際貿易業；ZZ99999 除許可業務外，得經營法令非禁止或限制之業務,新北市,設立,11504
62218101,築都工程有限公司,新北市林口區四維路245巷25號7樓之3,陳隨元,2000000,115/04/09,,,A101050 花卉栽培業；A102080 園藝服務業；A201010 造林業；E599010 配管工程業；E801010 室內裝潢業；E801020 門窗安裝工程業；E801030 室內輕鋼架工程業；E801040 玻璃安裝工程業；E901010 油漆工程業；E903010 防蝕、防銹工程業,新北市,設立,11504
62218117,芯勝國際有限公司,新北市中和區中正路957號12樓,廖偉勝,500000,115/04/09,,,F104110 布疋、衣著、鞋、帽、傘、服飾品批發業；F106020 日常用品批發業；F102170 食品什貨批發業；F105050 家具、寢具、廚房器具、裝設品批發業；F107030 清潔用品批發業；F108040 化粧品批發業；F109070 文教、樂器、育樂用品批發業；F115010 首飾及貴金屬批發業；F115020 礦石批發業；F118010 資訊軟體批發業,新北市,設立,11504
62218138,青駿有限公司,新北市三重區新北大道1段87號5樓之2,蔡娜惠,1000000,115/04/09,,,F114010 汽車批發業；F114020 機車批發業；F114030 汽、機車零件配備批發業；F214010 汽車零售業；F214020 機車零售業；F401010 國際貿易業；ZZ99999 除許可業務外，得經營法令非禁止或限制之業務,新北市,設立,11504
62218159,詠佳美企業有限公司,新北市林口區中山路29巷13號,陳世斌,6000000,115/04/09,,,EZ02010 起重工程業；F401010 國際貿易業；F199990 其他批發業；G801010 倉儲業；IZ06010 理貨包裝業；G799990 其他運輸輔助業；ZZ99999 除許可業務外，得經營法令非禁止或限制之業務,新北市,設立,11504
62218165,艾蒂娛樂有限公司,新北市中和區福祥路66之1號7樓,紀欣伶,100000,115/04/09,,,J601010 藝文服務業；J602010 演藝活動業；J603010 音樂展演空間業；JZ99990 未分類其他服務業；I401010 一般廣告服務業；I199990 其他顧問服務業；ZZ99999 除許可業務外，得經營法令非禁止或限制之業務,新北市,設立,11504
62218171,祝有生活實業股份有限公司,新北市中和區中山路2段189號（1樓）,宋祝有,500000,115/04/09,,,J802010 運動訓練業；I199990 其他顧問服務業；J801030 競技及休閒運動場館業；J799990 其他休閒服務業；J803010 運動表演業；J803020 運動比賽業；JZ99050 仲介服務業；JZ99990 未分類其他服務業；JE01010 租賃業；F109070 文教、樂器、育樂用品批發業,新北市,設立,11504
62218186,泓興房屋仲介有限公司,新北市五股區成泰路3段225號(1樓),許華珊,1000000,115/04/09,,,H701060 新市鎮、新社區開發業；H701070 區段徵收及市地重劃代辦業；H704031 不動產仲介經紀業；I103060 管理顧問業；I301020 資料處理服務業；I301030 電子資訊供應服務業；I401010 一般廣告服務業；I401020 廣告傳單分送業；E801010 室內裝潢業；H701010 住宅及大樓開發租售業,新北市,設立,11504
62218192,聯友晉達科技有限公司,新北市三峽區長泰街41巷42之1號7樓,吳明旭,120000,115/04/09,,,F102170 食品什貨批發業；F106020 日常用品批發業；F101990 其他農、畜、水產品批發業；F113070 電信器材批發業；F114010 汽車批發業；F114030 汽、機車零件配備批發業；F119010 電子材料批發業；F214010 汽車零售業；F401010 國際貿易業；ZZ99999 除許可業務外，得經營法令非禁止或限制之業務,新北市,設立,11504
62225861,絢智科技股份有限公司,新北市板橋區中山路1段293之1號13樓之1,張健鴻,100000,115/04/24,,,F113050 電腦及事務性機器設備批發業；F118010 資訊軟體批發業；F213030 電腦及事務性機器設備零售業；F218010 資訊軟體零售業；F401010 國際貿易業；I103060 管理顧問業；I199990 其他顧問服務業；I301010 資訊軟體服務業；I301020 資料處理服務業；I301030 電子資訊供應服務業,新北市,設立,11504
62225877,鎮成有限公司,新北市板橋區文化路2段250號8樓,林宗賢,500000,115/04/23,,,E801010 室內裝潢業；E901010 油漆工程業；E903010 防蝕、防銹工程業；EZ99990 其他工程業；F111090 建材批發業；F211010 建材零售業；H201010 一般投資業；I501010 產品設計業；I599990 其他設計業；ZZ99999 除許可業務外，得經營法令非禁止或限制之業務,新北市,設立,11504
62225882,和蒲半導體材料有限公司,新北市中和區圓通路297巷9弄20號2樓,林美鶴,1300000,115/04/24,,,F107200 化學原料批發業；F107990 其他化學製品批發業；F113010 機械批發業；F113990 其他機械器具批發業；F119010 電子材料批發業；F199990 其他批發業；F401010 國際貿易業；ZZ99999 除許可業務外，得經營法令非禁止或限制之業務,新北市,設立,11504
62225898,庭安國際顧問有限公司,新北市中和區莒光路177巷4號(1樓),林廷軒,200000,115/04/23,,,I103060 管理顧問業；I199990 其他顧問服務業；I301020 資料處理服務業；I301030 電子資訊供應服務業；I599990 其他設計業；IZ99990 其他工商服務業；J202010 產業育成業；JB01010 會議及展覽服務業；JE01010 租賃業；JZ99050 仲介服務業,新北市,設立,11504
62225905,亞志博資訊有限公司,新北市汐止區新台五路1段77號11樓之1,侯以雋,500000,115/04/24,,,I301020 資料處理服務業；I301030 電子資訊供應服務業；I199990 其他顧問服務業；ZZ99999 除許可業務外，得經營法令非禁止或限制之業務,新北市,設立,11504
62225911,禾固房屋資產管理股份有限公司,新北市永和區中和路343號8樓之2,周庭靖,5000000,115/04/24,,,H706011 租賃住宅代管業；H706021 租賃住宅包租業；I102010 一般投資顧問業；I199990 其他顧問服務業；H703090 不動產買賣業；H703100 不動產租賃業；H704031 不動產仲介經紀業；E801010 室內裝潢業；H701010 住宅及大樓開發租售業；I103060 管理顧問業,新北市,設立,11504
62225927,鉑元永續科技有限公司,新北市三重區車路頭街44巷23號4樓,蔡府伯,2000000,115/04/24,,,CC01010 發電、輸電、配電機械製造業；D401010 熱能供應業；E599010 配管工程業；E601010 電器承裝業；E601020 電器安裝業；E602011 冷凍空調工程業；E603010 電纜安裝工程業；E603040 消防安全設備安裝工程業；E603050 自動控制設備工程業；E603090 照明設備安裝工程業,新北市,設立,11504
62225932,宏鑫利國際有限公司,新北市三重區福德南路16號,卓舒妍,1000000,115/04/24,,,F104110 布疋、衣著、鞋、帽、傘、服飾品批發業；F106020 日常用品批發業；F107030 清潔用品批發業；F108040 化粧品批發業；F113020 電器批發業；F113050 電腦及事務性機器設備批發業；F113070 電信器材批發業；F118010 資訊軟體批發業；F119010 電子材料批發業；F204110 布疋、衣著、鞋、帽、傘、服飾品零售業,新北市,設立,11504
62225948,庭洋光電科技有限公司,新北市板橋區四川路2段245巷22號5樓,李元熙,1000000,115/04/24,,,CB01010 機械設備製造業；CE01030 光學儀器製造業；CC01080 電子零組件製造業；CE01990 其他光學及精密器械製造業；F213030 電腦及事務性機器設備零售業；F213040 精密儀器零售業；CC01990 其他電機及電子機械器材製造業；F213080 機械器具零售業；F401010 國際貿易業；F119010 電子材料批發業,新北市,設立,11504
62225953,雙勝國際開發有限公司,新北市三重區五谷王北街20巷15弄14號(1樓),巫師銜,5000000,115/04/24,,,F501030 飲料店業；F501060 餐館業；I102010 一般投資顧問業；I103060 管理顧問業；I199990 其他顧問服務業；IZ12010 人力派遣業；IZ99990 其他工商服務業；J202010 產業育成業；JZ99050 仲介服務業；H703090 不動產買賣業,新北市,設立,11504
62225969,優捷盛國際汽車有限公司,新北市蘆洲區仁愛街77巷26號(1樓),謝和修,3000000,115/04/24,,,F114010 汽車批發業；F114030 汽、機車零件配備批發業；F214010 汽車零售業；F214030 汽、機車零件配備零售業；F401010 國際貿易業；IZ99990 其他工商服務業；JA01990 其他汽車服務業；JZ99050 仲介服務業；ZZ99999 除許可業務外，得經營法令非禁止或限制之業務,新北市,設立,11504
62225975,茂懋懋新創科技股份有限公司,新北市中和區中山路2段261號地下一層,王瑋哲,4000000,115/04/24,,,E801010 室內裝潢業；F203010 食品什貨、飲料零售業；F204110 布疋、衣著、鞋、帽、傘、服飾品零售業；F209060 文教、樂器、育樂用品零售業；F218010 資訊軟體零售業；I199990 其他顧問服務業；I301010 資訊軟體服務業；I301020 資料處理服務業；I301030 電子資訊供應服務業；I401010 一般廣告服務業,新北市,設立,11504
62226003,藏森設計有限公司,新北市新莊區立信五街3號6樓,彭湘翔,350000,115/04/24,,,I401010 一般廣告服務業；I501010 產品設計業；I599990 其他設計業；I301010 資訊軟體服務業；I301020 資料處理服務業；I301030 電子資訊供應服務業；I301060 網路廣告平臺業；I103060 管理顧問業；I199990 其他顧問服務業；IZ01010 影印業,新北市,設立,11504
62226019,築構室內裝潢有限公司,新北市三峽區學府路126號,邱慶民,100000,115/04/24,,,E801010 室內裝潢業；E801020 門窗安裝工程業；E801030 室內輕鋼架工程業；E801040 玻璃安裝工程業；E801070 廚具、衛浴設備安裝工程業；E901010 油漆工程業；EZ99990 其他工程業；F105050 家具、寢具、廚房器具、裝設品批發業；F205040 家具、寢具、廚房器具、裝設品零售業；F399040 無店面零售業,新北市,設立,11504
62226025,初珀晶礦有限公司,新北市板橋區四川路1段136號2樓,林勝玉,100000,115/04/24,,,F399040 無店面零售業；F215010 首飾及貴金屬零售業；F115010 首飾及貴金屬批發業；F205040 家具、寢具、廚房器具、裝設品零售業；F105050 家具、寢具、廚房器具、裝設品批發業；F401010 國際貿易業；ZZ99999 除許可業務外，得經營法令非禁止或限制之業務,新北市,設立,11504
62226030,悠越實業股份有限公司,新北市板橋區重慶路60之1號3樓,陳銘翔,100000,115/04/24,,,CA04010 表面處理業；F107030 清潔用品批發業；F107040 農藥批發業；F114010 汽車批發業；F114020 機車批發業；F114030 汽、機車零件配備批發業；F207030 清潔用品零售業；F214010 汽車零售業；F214020 機車零售業；F214030 汽、機車零件配備零售業,新北市,設立,11504
62226046,匯運科技有限公司,新北市新店區民權路108號10樓,楊炳煌,6263488,115/04/24,,,F106010 五金批發業；F206010 五金零售業；F106030 模具批發業；F206030 模具零售業；F119010 電子材料批發業；F219010 電子材料零售業；F401010 國際貿易業,新北市,設立,11504
62226051,鼎澔鮮雞有限公司,新北市鶯歌區八德路7號(1樓),楊蕙寧,200000,115/04/24,,,C103050 罐頭、冷凍、脫水及醃漬食品製造業；F102170 食品什貨批發業；F101990 其他農、畜、水產品批發業；ZZ99999 除許可業務外，得經營法令非禁止或限制之業務,新北市,設立,11504
62226067,霓果徠蔬果有限公司,新北市林口區寶林路23號,沈揚傑,1000000,115/04/24,,,F101050 水產品批發業；F101040 家畜家禽批發業；F101130 蔬果批發業；F101990 其他農、畜、水產品批發業；F102170 食品什貨批發業；F102020 食用油脂批發業；F102040 飲料批發業；F102050 茶葉批發業；F106020 日常用品批發業；F201010 農產品零售業,新北市,設立,11504
62226073,曜林資本股份有限公司,新北市林口區文化三路1段177號9樓,周起帆,10000000,115/04/24,,,H201010 一般投資業,新北市,設立,11504
62226088,騰予國際有限公司,新北市林口區隆林街127號,吳筱雯,1000000,115/04/24,,,F105050 家具、寢具、廚房器具、裝設品批發業；F106010 五金批發業；F111090 建材批發業；F113020 電器批發業；F205040 家具、寢具、廚房器具、裝設品零售業；F206010 五金零售業；F211010 建材零售業；F213010 電器零售業；F401010 國際貿易業；E801010 室內裝潢業,新北市,設立,11504
62226094,新田創意整合有限公司,新北市新店區中興路1段259號2樓,高新恒,500000,115/04/24,,,F401010 國際貿易業；J601010 藝文服務業；I401010 一般廣告服務業；I101070 農、林、漁、畜牧顧問業；J503020 電視節目製作業；I501010 產品設計業；I503010 景觀設計業；IZ09010 管理系統驗證業；JB01010 會議及展覽服務業；J604010 聲音錄製及音樂發行業,新北市,設立,11504
62226101,海智威永續工程有限公司,新北市新店區安康路2段206巷8號2樓,賴忠源,3000000,115/04/24,,,IG03010 能源技術服務業；J101050 環境檢測服務業；F101050 水產品批發業；F101130 蔬果批發業；F201030 水產品零售業；F201010 農產品零售業；F101990 其他農、畜、水產品批發業；F201990 其他農畜水產品零售業；F101120 觀賞魚批發業；F201090 觀賞魚零售業,新北市,設立,11504
62226117,技平機電有限公司,新北市新莊區龍安路266巷3號3樓之1,王志平,200000,115/04/24,,,CC01010 發電、輸電、配電機械製造業；CC01030 電器及視聽電子產品製造業；E502010 燃料導管安裝工程業；E599010 配管工程業；E601010 電器承裝業；E601020 電器安裝業；E603040 消防安全設備安裝工程業；E603050 自動控制設備工程業；E603090 照明設備安裝工程業；E604010 機械安裝業,新北市,設立,11504
62226123,次郎投資有限公司,新北市五股區更洲路23號,ONG KIAN CHUAN CASEY,5000000,115/04/24,,,H201010 一般投資業；I102010 一般投資顧問業；H703090 不動產買賣業；F401010 國際貿易業；ZZ99999 除許可業務外，得經營法令非禁止或限制之業務,新北市,設立,11504
62226138,不倒翁智能科技有限公司,新北市板橋區自強新村72號2樓,許學承,1000000,115/04/24,,,I301010 資訊軟體服務業；I301020 資料處理服務業；I301030 電子資訊供應服務業；F113070 電信器材批發業；F213060 電信器材零售業；F119010 電子材料批發業；F219010 電子材料零售業；F113050 電腦及事務性機器設備批發業；F213030 電腦及事務性機器設備零售業；F401010 國際貿易業,新北市,設立,11504
62226159,宸元生醫有限公司,新北市林口區文化北路1段542巷6號8樓,呂詠淳,50000,115/04/24,,,F102170 食品什貨批發業；F102180 酒精批發業；F104110 布疋、衣著、鞋、帽、傘、服飾品批發業；F106020 日常用品批發業；F107030 清潔用品批發業；F107200 化學原料批發業；F107990 其他化學製品批發業；F108040 化粧品批發業；F109070 文教、樂器、育樂用品批發業；F113030 精密儀器批發業,新北市,設立,11504
62226165,沛為有限公司,新北市板橋區國慶路49巷1號(1樓),陳明騏,500000,115/04/27,,,C104020 烘焙炊蒸食品製造業；C199010 麵條、粉條類食品製造業；C199990 未分類其他食品製造業；F102170 食品什貨批發業；F102040 飲料批發業；F199990 其他批發業；F203010 食品什貨、飲料零售業；F399040 無店面零售業；F501030 飲料店業；F501060 餐館業,新北市,設立,11504
62226171,岳川精密工業有限公司,新北市樹林區保安街2段107巷27號6樓,邱奕寰,1000000,115/04/24,,,CB01010 機械設備製造業；CA01050 鋼材二次加工業；CQ01010 模具製造業；CP01010 手工具製造業；CB01990 其他機械製造業；CA02030 螺絲、螺帽、螺絲釘、及鉚釘等製品製造業；F401010 國際貿易業；F206030 模具零售業；ZZ99999 除許可業務外，得經營法令非禁止或限制之業務,新北市,設立,11504
62226186,益銳投資股份有限公司,新北市新店區民權路100號6樓之1,賴志明,18000000,115/04/24,,,H201010 一般投資業；ZZ99999 除許可業務外，得經營法令非禁止或限制之業務,新北市,設立,11504
62226192,上岳室內裝修設計有限公司,新北市三重區中正北路15號5樓,林后崴,1000000,115/04/24,,,E801060 室內裝修業；E801010 室內裝潢業；E801030 室內輕鋼架工程業；E901010 油漆工程業；I503010 景觀設計業；F105050 家具、寢具、廚房器具、裝設品批發業；F111090 建材批發業；E801070 廚具、衛浴設備安裝工程業；A102080 園藝服務業；F101100 花卉批發業,新北市,設立,11504
62226215,心流教育有限公司,新北市中和區景安路10號1樓,黃靖彤,500000,115/04/27,,,J801030 競技及休閒運動場館業；J802010 運動訓練業；J803010 運動表演業；J803020 運動比賽業；F204110 布疋、衣著、鞋、帽、傘、服飾品零售業；ZZ99999 除許可業務外，得經營法令非禁止或限制之業務；F206020 日常用品零售業,新北市,設立,11504
62226221,有個點子有限公司,新北市土城區明德路2段26號5樓,江鈞宇,1000000,115/04/24,,,E605010 電腦設備安裝業；F113050 電腦及事務性機器設備批發業；F213030 電腦及事務性機器設備零售業；I301010 資訊軟體服務業；F118010 資訊軟體批發業；F218010 資訊軟體零售業；F105050 家具、寢具、廚房器具、裝設品批發業；F205040 家具、寢具、廚房器具、裝設品零售業；I401010 一般廣告服務業；I599990 其他設計業,新北市,設立,11504
62226236,瑞邦國際行銷有限公司,新北市鶯歌區鳳三路382號9樓,王若庭,1000000,115/04/24,,,E801010 室內裝潢業；F111090 建材批發業；F211010 建材零售業；F401010 國際貿易業；F601010 智慧財產權業；H703100 不動產租賃業；H703090 不動產買賣業；H704041 不動產代銷經紀業；I102010 一般投資顧問業；I103060 管理顧問業,新北市,設立,11504
62226242,時間精力有限公司,新北市鶯歌區八德路2巷37弄2號(2樓),陳政偉,200000,115/04/27,,,F113050 電腦及事務性機器設備批發業；F118010 資訊軟體批發業；F119010 電子材料批發業；F213030 電腦及事務性機器設備零售業；F218010 資訊軟體零售業；F219010 電子材料零售業；F399040 無店面零售業；F401010 國際貿易業；I301010 資訊軟體服務業；I301020 資料處理服務業,新北市,設立,11504
62226257,源灶有限公司,新北市三峽區大學路200號,路凱源,5000000,115/04/27,,,F501060 餐館業；F501030 飲料店業；C104020 烘焙炊蒸食品製造業；C110010 飲料製造業；F102170 食品什貨批發業；F199990 其他批發業；F203010 食品什貨、飲料零售業；F299990 其他零售業；F301010 百貨公司業；F301020 超級市場業,新北市,設立,11504
62226263,和騰科技股份有限公司,新北市新店區寶中路94號10樓之2,鄭光志,120000000,115/04/27,,,CC01060 有線通信機械器材製造業；CC01070 無線通信機械器材製造業；CC01080 電子零組件製造業；CC01120 資料儲存媒體製造及複製業；CC01100 電信管制射頻器材製造業；F113070 電信器材批發業；F113050 電腦及事務性機器設備批發業；F119010 電子材料批發業；F118010 資訊軟體批發業；F601010 智慧財產權業,新北市,設立,11504
62226279,森喻創有限公司,新北市三峽區民族街37號,余宣毅,100000,115/04/27,,,J401010 電影片製作業；J402010 電影片發行業；J404010 動畫影片製作業；J404020 提供設備及場地供電影片拍攝業；J404040 電影錄音業；J404050 電影特效製作業；J503020 電視節目製作業；J503030 廣播電視節目發行業；J503040 廣播電視廣告業；J601010 藝文服務業,新北市,設立,11504
62226290,瑞紳科技有限公司,新北市板橋區中山路1段10號9樓,吳家蕎,1000000,115/04/27,,,CC01110 電腦及其週邊設備製造業；CC01120 資料儲存媒體製造及複製業；F113050 電腦及事務性機器設備批發業；F118010 資訊軟體批發業；F119010 電子材料批發業；F401010 國際貿易業；I301010 資訊軟體服務業；CC01080 電子零組件製造業；ZZ99999 除許可業務外，得經營法令非禁止或限制之業務,新北市,設立,11504
62226313,鑫佑機電消防有限公司,新北市新店區安康路3段552號,盧昆甫,500000,115/04/27,,,IF01010 消防安全設備檢修業；F217010 消防安全設備零售業；F113020 電器批發業；E601010 電器承裝業；F106040 水器材料批發業；F117010 消防安全設備批發業；E599010 配管工程業；E601020 電器安裝業；E603010 電纜安裝工程業；E603040 消防安全設備安裝工程業,新北市,設立,11504
62226334,賺宜毅企業有限公司,新北市新莊區中華路2段7號7樓,吳宜芳,2000000,115/04/27,,,F104110 布疋、衣著、鞋、帽、傘、服飾品批發業；F106010 五金批發業；F106020 日常用品批發業；F110020 眼鏡批發業；F114030 汽、機車零件配備批發業；F204110 布疋、衣著、鞋、帽、傘、服飾品零售業；F206010 五金零售業；F206020 日常用品零售業；F210020 眼鏡零售業；F214030 汽、機車零件配備零售業,新北市,設立,11504
62226340,墨曦有限公司,新北市永和區秀朗路1段150巷2號(1樓),周妍,100000,115/04/27,,,I301010 資訊軟體服務業；I301020 資料處理服務業；I301030 電子資訊供應服務業；ZZ99999 除許可業務外，得經營法令非禁止或限制之業務；F218010 資訊軟體零售業,新北市,設立,11504
62226355,台溫電控有限公司,新北市樹林區中山路2段151巷15弄32號(1樓),王淑卿,1000000,115/04/27,,,CC01030 電器及視聽電子產品製造業；CB01010 機械設備製造業；CC01080 電子零組件製造業；CC01990 其他電機及電子機械器材製造業；CE01010 一般儀器製造業；E603050 自動控制設備工程業；E601020 電器安裝業；E604010 機械安裝業；JA02010 電器及電子產品修理業；F113020 電器批發業,新北市,設立,11504
62226361,弘曹顧問有限公司,新北市板橋區重慶路60之1號3樓,洪士淵,1000000,115/04/27,,,I103060 管理顧問業；I199990 其他顧問服務業；G799990 其他運輸輔助業；F401010 國際貿易業；ZZ99999 除許可業務外，得經營法令非禁止或限制之業務；H201010 一般投資業,新北市,設立,11504
62226377,浚鍏餐飲有限公司,新北市新莊區復興路2段184號,葉峻瑋,200000,115/04/27,,,F401010 國際貿易業；F102040 飲料批發業；F102170 食品什貨批發業；F203010 食品什貨、飲料零售業；F101040 家畜家禽批發業；F201020 畜產品零售業；F501060 餐館業；F201010 農產品零售業；F201030 水產品零售業；F203020 菸酒零售業,新北市,設立,11504
62226382,沐沐家有限公司,新北市中和區中正路716號7樓之5,徐玉蘭,200000,115/04/27,,,F401010 國際貿易業；I103060 管理顧問業；F106020 日常用品批發業；F206020 日常用品零售業；F109070 文教、樂器、育樂用品批發業；F209060 文教、樂器、育樂用品零售業；F104110 布疋、衣著、鞋、帽、傘、服飾品批發業；F204110 布疋、衣著、鞋、帽、傘、服飾品零售業；F102170 食品什貨批發業；F203010 食品什貨、飲料零售業,新北市,設立,11504
62226398,二二三有限公司,新北市板橋區中正路332號地下室之3,Atik Septiana,550000,115/04/28,,,CC01040 照明設備製造業；CC01030 電器及視聽電子產品製造業；CC01080 電子零組件製造業；CC01110 電腦及其週邊設備製造業；CC01990 其他電機及電子機械器材製造業；CM01010 箱、包、袋製造業；F102170 食品什貨批發業；F106010 五金批發業；F107030 清潔用品批發業；F106060 寵物食品及其用品批發業,新北市,設立,11504
62226405,昌茂電子有限公司,新北市汐止區南陽街90巷22號,呂保霖,2000000,115/04/27,,,CA02010 金屬結構及建築組件製造業；CB01010 機械設備製造業；CC01010 發電、輸電、配電機械製造業；CC01990 其他電機及電子機械器材製造業；F113010 機械批發業；F113030 精密儀器批發業；F113990 其他機械器具批發業；E603050 自動控制設備工程業；E604010 機械安裝業；E701030 電信管制射頻器材裝設工程業,新北市,設立,11504
62226411,球感實驗運動有限公司,新北市新店區安興路127之6號12樓,曾文柏,1000000,115/04/28,,,F209060 文教、樂器、育樂用品零售業；F399040 無店面零售業；F401010 國際貿易業；H201010 一般投資業；I102010 一般投資顧問業；J202010 產業育成業；I199990 其他顧問服務業；J601010 藝文服務業；J799990 其他休閒服務業；J801030 競技及休閒運動場館業,新北市,設立,11504
62226427,星亞有限公司,新北市土城區青雲路424號,馬莉莉,100000,115/04/28,,,I103060 管理顧問業；IZ12010 人力派遣業；ZZ99999 除許可業務外，得經營法令非禁止或限制之業務,新北市,設立,11504
62226432,智匯文教有限公司,新北市新店區直潭六街53號,張貞慧,500000,115/04/28,,,F399040 無店面零售業；I301010 資訊軟體服務業；I301020 資料處理服務業；I301030 電子資訊供應服務業；I401010 一般廣告服務業；I199990 其他顧問服務業；IZ13010 網路認證服務業；IZ99990 其他工商服務業；J202010 產業育成業；J304010 圖書出版業,新北市,設立,11504
62226453,宜安健康事業有限公司,新北市林口區仁愛路2段502號13樓之1,蔡慧宜,600000,115/04/28,,,JH01011 居家式服務業；F208050 乙類成藥零售業；F118010 資訊軟體批發業；F218010 資訊軟體零售業；F203010 食品什貨、飲料零售業；F206020 日常用品零售業；F207030 清潔用品零售業；F209060 文教、樂器、育樂用品零售業；F102170 食品什貨批發業；F106020 日常用品批發業,新北市,設立,11504
62226469,暮曦有限公司,新北市土城區立雲街5巷3號,張妤庭,200000,115/04/27,,,F113020 電器批發業；F213010 電器零售業；F401010 國際貿易業；F102030 菸酒批發業；F102040 飲料批發業；F102170 食品什貨批發業；F102180 酒精批發業；F203010 食品什貨、飲料零售業；F203020 菸酒零售業；F106020 日常用品批發業,新北市,設立,11504
62226475,和唯有限公司,新北市新店區玫瑰路61巷35號(1樓),郭潤安,100000,115/04/28,,,F101990 其他農、畜、水產品批發業；F102170 食品什貨批發業；F201010 農產品零售業；F201990 其他農畜水產品零售業；F203010 食品什貨、飲料零售業；F203030 酒精零售業；F299990 其他零售業；F399040 無店面零售業；F399990 其他綜合零售業；F501060 餐館業,新北市,設立,11504
62226480,宏騰汽車有限公司,新北市三重區三和路3段83巷124號,張晉岳,100000,115/04/23,,,F213110 電池零售業；F214010 汽車零售業；F214030 汽、機車零件配備零售業；F214050 車胎零售業；F399040 無店面零售業；J101030 廢棄物清除業；J101040 廢棄物處理業；J101060 廢（污）水處理業；J101090 廢棄物清理業,新北市,設立,11504
62226496,鑫望科技股份有限公司,新北市中和區秀朗路3段177號(1樓),鄭育菁,1500000,115/04/23,,,F114030 汽、機車零件配備批發業；F214030 汽、機車零件配備零售業；F106010 五金批發業；F206010 五金零售業；F113050 電腦及事務性機器設備批發業；F118010 資訊軟體批發業；F119010 電子材料批發業；F213030 電腦及事務性機器設備零售業；F218010 資訊軟體零售業；F219010 電子材料零售業,新北市,設立,11504
62226502,析和室內裝修工程有限公司,新北市永和區仁愛路352巷92弄32號5樓,李素芬,500000,115/04/23,,,E601020 電器安裝業；E603090 照明設備安裝工程業；E603040 消防安全設備安裝工程業；E801010 室內裝潢業；E801020 門窗安裝工程業；E801030 室內輕鋼架工程業；E801040 玻璃安裝工程業；E801060 室內裝修業；E801070 廚具、衛浴設備安裝工程業；E901010 油漆工程業,新北市,設立,11504
62226518,恆創興業有限公司,新北市新店區北新路1段76號25樓之7,林恆銘,500000,115/04/23,,,F204110 布疋、衣著、鞋、帽、傘、服飾品零售業；F208040 化粧品零售業；F206020 日常用品零售業；F205040 家具、寢具、廚房器具、裝設品零售業；F203010 食品什貨、飲料零售業；F206040 水器材料零售業；F213010 電器零售業；F213030 電腦及事務性機器設備零售業；F108040 化粧品批發業；F104110 布疋、衣著、鞋、帽、傘、服飾品批發業,新北市,設立,11504
62226524,椿木有限公司,新北市中和區立德街200巷48號3樓,方佑仁,1000000,115/04/23,,,H201010 一般投資業,新北市,設立,11504
62226539,序藏股份有限公司,新北市板橋區府中路3號,陳羿君,500000,115/04/23,,,H201010 一般投資業,新北市,設立,11504
62226545,玄泓邑有限公司,新北市八里區仁愛路83號,黃聖軒,1000000,115/04/23,,,E599010 配管工程業；E601010 電器承裝業；E601020 電器安裝業；E901010 油漆工程業；EZ05010 儀器、儀表安裝工程業；EZ99990 其他工程業；F401010 國際貿易業；IG03010 能源技術服務業；JA02010 電器及電子產品修理業；JA02990 其他修理業,新北市,設立,11504
62226550,瑞攏工程有限公司,新北市八里區文昌六街36號5樓,邱詠權,200000,115/04/23,,,E599010 配管工程業；E601010 電器承裝業；E601020 電器安裝業；E603090 照明設備安裝工程業；E801010 室內裝潢業；E801030 室內輕鋼架工程業；E801070 廚具、衛浴設備安裝工程業；E901010 油漆工程業；EZ99990 其他工程業；F206040 水器材料零售業,新北市,設立,11504
62226566,永馥特好國際股份有限公司,新北市林口區文化三路2段10之1號,馬郁人,1500000,115/04/23,,,F102170 食品什貨批發業；F104110 布疋、衣著、鞋、帽、傘、服飾品批發業；F106020 日常用品批發業；F106060 寵物食品及其用品批發業；F107030 清潔用品批發業；F107080 環境用藥批發業；F108040 化粧品批發業；F109070 文教、樂器、育樂用品批發業；F113020 電器批發業；F121010 食品添加物批發業,新北市,設立,11504
62226572,澄宸投資有限公司,新北市三重區福德北路86號2樓,戴宛紜,1500000,115/04/23,,,H201010 一般投資業,新北市,設立,11504
62226587,帝歐尼有限公司,新北市新店區安興路109號14樓之7,陳世龍,500000,115/04/23,,,F203030 酒精零售業；F501030 飲料店業；F501060 餐館業；F399040 無店面零售業；F399990 其他綜合零售業；I401010 一般廣告服務業；I501010 產品設計業；J601010 藝文服務業；JB01010 會議及展覽服務業；ZZ99999 除許可業務外，得經營法令非禁止或限制之業務,新北市,設立,11504
62226593,旺祥工程有限公司,新北市樹林區潭興街31號(1樓),徐春祥,2000000,115/04/23,,,E502010 燃料導管安裝工程業；E599010 配管工程業；E601020 電器安裝業；E603010 電纜安裝工程業；E603040 消防安全設備安裝工程業；E603090 照明設備安裝工程業；E603120 噴砂工程業；E607010 太陽熱能設備安裝工程業；E701010 電信工程業；E701040 簡易電信設備安裝業,新北市,設立,11504
62226600,申維水電工程有限公司,新北市八里區中山路2段447巷17號3樓,陳政嶸,2000000,115/04/23,,,E501011 自來水管承裝商；E599010 配管工程業；E601010 電器承裝業；E601020 電器安裝業；E603010 電纜安裝工程業；E603040 消防安全設備安裝工程業；E603050 自動控制設備工程業；E603090 照明設備安裝工程業；E604010 機械安裝業；E701040 簡易電信設備安裝業,新北市,設立,11504
62226616,鼎辰餐飲有限公司,新北市板橋區重慶路104號,李豐麟,300000,115/04/23,,,F501060 餐館業；F501030 飲料店業；F203010 食品什貨、飲料零售業；F399040 無店面零售業；ZZ99999 除許可業務外，得經營法令非禁止或限制之業務,新北市,設立,11504
62226622,揚樂建設股份有限公司,新北市三峽區國光街43巷9號5樓,黃瓊儀,500000,115/04/23,,,E801010 室內裝潢業；F111090 建材批發業；F113050 電腦及事務性機器設備批發業；F401010 國際貿易業；G202010 停車場經營業；H201010 一般投資業；H701010 住宅及大樓開發租售業；H701020 工業廠房開發租售業；H701040 特定專業區開發業；H701080 都市更新重建業,新北市,設立,11504
62226637,正衡調查與風險控管顧問有限公司,新北市板橋區自強新村40之1號,黃淑芬,500000,115/04/23,,,I103060 管理顧問業；I199990 其他顧問服務業；IZ99990 其他工商服務業；IG02010 研究發展服務業；J202010 產業育成業；IZ15010 市場研究及民意調查業；ZZ99999 除許可業務外，得經營法令非禁止或限制之業務,新北市,設立,11504
62226643,光寓科技有限公司,新北市新店區北新路2段262號3樓之3,劉光俊,500000,115/04/23,,,I103060 管理顧問業；I301010 資訊軟體服務業；I301020 資料處理服務業；I301030 電子資訊供應服務業；I401010 一般廣告服務業；J503020 電視節目製作業；ZZ99999 除許可業務外，得經營法令非禁止或限制之業務,新北市,設立,11504
62226658,安達悟食品有限公司,新北市中和區中山路2段332巷1號7樓,李宜霖,200000,115/04/24,,,F101040 家畜家禽批發業；F102170 食品什貨批發業；F201020 畜產品零售業；F201030 水產品零售業；F221010 食品添加物零售業；F399990 其他綜合零售業；ZZ99999 除許可業務外，得經營法令非禁止或限制之業務,新北市,設立,11504
62226664,信蒼有限公司,新北市新莊區樹新路206號5樓,薛如伶,500000,115/04/24,,,F113020 電器批發業；F113010 機械批發業；F106010 五金批發業；F206010 五金零售業；F213010 電器零售業；F217010 消防安全設備零售業；F106040 水器材料批發業；F206040 水器材料零售業；F105050 家具、寢具、廚房器具、裝設品批發業；F205040 家具、寢具、廚房器具、裝設品零售業,新北市,設立,11504
62226670,淇嘉不動產經紀有限公司,新北市永和區福和路47號,陳俊嘉,1000000,115/04/23,,,H701010 住宅及大樓開發租售業；H701020 工業廠房開發租售業；H703090 不動產買賣業；H703100 不動產租賃業；H704031 不動產仲介經紀業；I199990 其他顧問服務業；I401010 一般廣告服務業；IZ99990 其他工商服務業；ZZ99999 除許可業務外，得經營法令非禁止或限制之業務；H704041 不動產代銷經紀業,新北市,設立,11504
62226685,夏珈美婷有限公司,新北市板橋區文化路2段250號8樓,陳怡婷,200000,115/04/23,,,J601010 藝文服務業；J202010 產業育成業；JB01010 會議及展覽服務業；I401010 一般廣告服務業；C701010 印刷業；IZ10010 排版業；IZ02010 打字業；I105010 藝術品諮詢顧問業；F109070 文教、樂器、育樂用品批發業；F209060 文教、樂器、育樂用品零售業,新北市,設立,11504
62226691,天勤環衛事業有限公司,新北市新店區安興路127之3號(1樓),張小對,1001000,115/04/23,,,J101010 建築物清潔服務業；J101030 廢棄物清除業；J101040 廢棄物處理業；J101020 病媒防治業；IZ16010 餐具清洗業；IZ12010 人力派遣業；F399040 無店面零售業；F207030 清潔用品零售業；F213010 電器零售業；F206040 水器材料零售業,新北市,設立,11504
62226708,睿穎股份有限公司,新北市林口區文化北路1段212之1號(1樓),蔡定宏,500000,115/04/23,,,F204110 布疋、衣著、鞋、帽、傘、服飾品零售業；F209060 文教、樂器、育樂用品零售業；J802010 運動訓練業；J803020 運動比賽業；J801030 競技及休閒運動場館業；I103060 管理顧問業；I199990 其他顧問服務業；IZ99990 其他工商服務業；JE01010 租賃業；ZZ99999 除許可業務外，得經營法令非禁止或限制之業務,新北市,設立,11504
62242263,香港商海獅機械工業方案有限公司,新北市樹林區福順街5號4樓,蘇耔翺,500000,115/04/17,,,F113010 機械批發業；F213080 機械器具零售業；F114990 其他交通運輸工具及其零件批發業；F214990 其他交通運輸工具及其零件零售業；F401010 國際貿易業；I103060 管理顧問業；JE01010 租賃業；ZZ99999 除許可業務外，得經營法令非禁止或限制之業務,新北市,設立,11504
62242539,香港商時騰科技有限公司,新北市新店區寶橋路235巷3號6樓,陳家豪,1000000,115/04/24,,,F113020 電器批發業；F118010 資訊軟體批發業；F119010 電子材料批發業；F213010 電器零售業；F218010 資訊軟體零售業；F219010 電子材料零售業；F401010 國際貿易業；I301020 資料處理服務業；F113070 電信器材批發業；F213060 電信器材零售業,新北市,設立,11504
62242566,德商雅培生電動工具機有限公司,新北市林口區文化三路二段60號13樓,妮可拉-內絲勒,300000,115/04/20,,,CB01010 機械設備製造業；F113010 機械批發業；F113990 其他機械器具批發業；F213080 機械器具零售業；F213990 其他機械器具零售業；F401010 國際貿易業；ZZ99999 除許可業務外，得經營法令非禁止或限制之業務,新北市,設立,11504
62249266,漫透有限公司,新北市三重區溪尾街14號4樓之7,梁世豪,5000000,115/04/10,,,F203010 食品什貨、飲料零售業；F501030 飲料店業；F501060 餐館業；F105050 家具、寢具、廚房器具、裝設品批發業；IZ04010 翻譯業；IZ12010 人力派遣業；F201010 農產品零售業；F203020 菸酒零售業；F204110 布疋、衣著、鞋、帽、傘、服飾品零售業；F205040 家具、寢具、廚房器具、裝設品零售業,新北市,設立,11504
62249272,宸躍投資有限公司,新北市新莊區思源路400號3樓,曾旭弘,4000000,115/04/10,,,H201010 一般投資業,新北市,設立,11504
62249287,築光室內裝修有限公司,新北市永和區民生路22巷32號4樓,施芃慧,1500000,115/04/09,,,E801010 室內裝潢業；E801060 室內裝修業；EZ99990 其他工程業；I199990 其他顧問服務業；ZZ99999 除許可業務外，得經營法令非禁止或限制之業務,新北市,設立,11504
62249293,曜森投資股份有限公司,新北市中和區建八路2號7樓,孫于涵,1000000,115/04/10,,,H201010 一般投資業,新北市,設立,11504
62249300,仁航工程有限公司,新北市汐止區莊敬街115號(1樓),王妤涵,1000000,115/04/10,,,E401010 疏濬業；E402010 沙石、淤泥海拋業；E599010 配管工程業；E801010 室內裝潢業；EZ02010 起重工程業；EZ05010 儀器、儀表安裝工程業；B601010 土石採取業；CA01070 廢車船解體及廢鋼鐵五金處理業；F111090 建材批發業；F113990 其他機械器具批發業,新北市,設立,11504
62249316,珊妍有限公司,新北市三重區正義北路66號2樓,何宜靜,500000,115/04/10,,,F102170 食品什貨批發業；F203010 食品什貨、飲料零售業；F108040 化粧品批發業；F208040 化粧品零售業；JZ99050 仲介服務業；I103060 管理顧問業；I301010 資訊軟體服務業；I301030 電子資訊供應服務業；IG01010 生物技術服務業；IZ12010 人力派遣業,新北市,設立,11504
62249322,爵嘉國際有限公司,新北市土城區裕華街30號13樓,汪坪,1000000,115/04/10,,,F203010 食品什貨、飲料零售業；F102170 食品什貨批發業；F501030 飲料店業；F201010 農產品零售業；F203020 菸酒零售業；F102050 茶葉批發業；I401010 一般廣告服務業；I501010 產品設計業；I101090 食品顧問業；I199990 其他顧問服務業,新北市,設立,11504
62249337,璵嶼珞岱有限公司,新北市新莊區中華路2段7號6樓,趙婉伶,100000,115/04/10,,,F102170 食品什貨批發業；F102040 飲料批發業；F203010 食品什貨、飲料零售業；F104110 布疋、衣著、鞋、帽、傘、服飾品批發業；F204110 布疋、衣著、鞋、帽、傘、服飾品零售業；F106020 日常用品批發業；F206020 日常用品零售業；F108040 化粧品批發業；F208040 化粧品零售業；F208050 乙類成藥零售業,新北市,設立,11504
62249343,維新永續投資有限公司,新北市汐止區新台五路1段112號22樓,楊曉雲,1000000,115/04/10,,,H201010 一般投資業；H202010 創業投資業；H701010 住宅及大樓開發租售業；H703090 不動產買賣業；H703100 不動產租賃業；I102010 一般投資顧問業；I103060 管理顧問業；ZZ99999 除許可業務外，得經營法令非禁止或限制之業務,新北市,設立,11504
62249358,臻睿國際有限公司,新北市永和區永和路2段57號7樓,闕孝睿,2000000,115/04/10,,,F102030 菸酒批發業；F102040 飲料批發業；F102050 茶葉批發業；F102170 食品什貨批發業；F102180 酒精批發業；F106020 日常用品批發業；F108040 化粧品批發業；F199990 其他批發業；F203030 酒精零售業；F206020 日常用品零售業,新北市,設立,11504
62249364,銳蒙斯開發有限公司,新北市中和區中山路2段332巷1號3樓,王建華,300000,115/04/10,,,F104110 布疋、衣著、鞋、帽、傘、服飾品批發業；F107030 清潔用品批發業；F108040 化粧品批發業；F109070 文教、樂器、育樂用品批發業；F110010 鐘錶批發業；F110020 眼鏡批發業；F113020 電器批發業；F113050 電腦及事務性機器設備批發業；F113070 電信器材批發業；F207030 清潔用品零售業,新北市,設立,11504
62249370,鈞沃有限公司,新北市板橋區文化路2段250號5樓,陳泱淨,300000,115/04/10,,,F213040 精密儀器零售業；F213050 度量衡器零售業；F213030 電腦及事務性機器設備零售業；I301010 資訊軟體服務業；F107200 化學原料批發業；F401010 國際貿易業；ZZ99999 除許可業務外，得經營法令非禁止或限制之業務；F219010 電子材料零售業；F218010 資訊軟體零售業；JA02990 其他修理業,新北市,設立,11504
62249385,特董國際生活百貨有限公司,新北市三重區三和路4段95號(1樓),劉宗霖,1000000,115/04/10,,,F203010 食品什貨、飲料零售業；F203020 菸酒零售業；F201070 花卉零售業；F202010 飼料零售業；F204110 布疋、衣著、鞋、帽、傘、服飾品零售業；F205040 家具、寢具、廚房器具、裝設品零售業；F206010 五金零售業；F206020 日常用品零售業；F206050 寵物食品及其用品零售業；F206060 祭祀用品零售業,新北市,設立,11504
62249391,奕成財創有限公司,新北市新莊區中華路1段63巷14號8樓,葉可為,100000,115/04/10,,,I103060 管理顧問業；I301010 資訊軟體服務業；ZZ99999 除許可業務外，得經營法令非禁止或限制之業務,新北市,設立,11504
62249408,歐睿運動顧問有限公司,新北市中和區景平路666號3樓,何秉睿,1000000,115/04/10,,,I199990 其他顧問服務業；F109070 文教、樂器、育樂用品批發業；ZZ99999 除許可業務外，得經營法令非禁止或限制之業務；J202010 產業育成業；IZ12010 人力派遣業；F399040 無店面零售業；F401010 國際貿易業,新北市,設立,11504
62249420,宇豐國際工程有限公司,新北市板橋區新興路22號10樓之6,王慧珍,1000000,115/04/10,,,EZ02010 起重工程業；EZ07010 鑽孔工程業；EZ99990 其他工程業；F113010 機械批發業；F213080 機械器具零售業；F106010 五金批發業；F206010 五金零售業；F401010 國際貿易業；J101030 廢棄物清除業；J101040 廢棄物處理業,新北市,設立,11504
62249435,霸榜智能有限公司,新北市新莊區五權一路1號之1,巫聖偉,300000,115/04/10,,,F113050 電腦及事務性機器設備批發業；F213030 電腦及事務性機器設備零售業；F601010 智慧財產權業；I103060 管理顧問業；I401010 一般廣告服務業；I501010 產品設計業；I599990 其他設計業；IZ13010 網路認證服務業；I301010 資訊軟體服務業；I301020 資料處理服務業,新北市,設立,11504
62249456,笙展能源工程有限公司,新北市鶯歌區大湖路700巷22弄32號(1樓),賈秀宜,100000,115/04/10,,,E599010 配管工程業；E603090 照明設備安裝工程業；E603100 電焊工程業；E801010 室內裝潢業；E801020 門窗安裝工程業；E801030 室內輕鋼架工程業；E801040 玻璃安裝工程業；E801070 廚具、衛浴設備安裝工程業；E903010 防蝕、防銹工程業；EZ07010 鑽孔工程業,新北市,設立,11504
62249462,凱祿普綠色能源工程有限公司,新北市新莊區新北大道4段177號3樓,王膺傑,1000000,115/04/13,,,CB01010 機械設備製造業；CD01010 船舶及其零件製造業；E604010 機械安裝業；EZ99990 其他工程業；F113010 機械批發業；F113030 精密儀器批發業；F114060 船舶及其零件批發業；F213040 精密儀器零售業；F213080 機械器具零售業；F214060 船舶及其零件零售業,新北市,設立,11504
62249478,酷集盒玩有限公司,新北市林口區文化二路1段206號地下一層之8,廖健盛,3000000,115/04/10,,,F399040 無店面零售業；F109070 文教、樂器、育樂用品批發業；F209060 文教、樂器、育樂用品零售業；F399990 其他綜合零售業；F213030 電腦及事務性機器設備零售業；F213060 電信器材零售業；F218010 資訊軟體零售業；F299990 其他零售業；G799990 其他運輸輔助業；G801010 倉儲業,新北市,設立,11504
62249483,冠福有限公司,新北市三重區重新路2段78號15樓(15-8室),張嘉容,500000,115/04/10,,,JH01011 居家式服務業；JZ99050 仲介服務業；JZ99990 未分類其他服務業；F203010 食品什貨、飲料零售業；F204110 布疋、衣著、鞋、帽、傘、服飾品零售業；F205040 家具、寢具、廚房器具、裝設品零售業；F206020 日常用品零售業；F207030 清潔用品零售業；F208040 化粧品零售業；F208050 乙類成藥零售業,新北市,設立,11504
62249499,余韻有限公司,新北市汐止區新台五路1段143巷2弄4號,林家漪,500000,115/04/10,,,F501030 飲料店業；F501060 餐館業；F501990 其他餐飲業；ZZ99999 除許可業務外，得經營法令非禁止或限制之業務；F401171 酒類輸入業；F401010 國際貿易業,新北市,設立,11504
62249505,歐悅電力股份有限公司,新北市新莊區新北大道4段173號3樓,吳崇榮,1000000,115/04/10,,,CC01010 發電、輸電、配電機械製造業；IG03010 能源技術服務業；E601020 電器安裝業；E603010 電纜安裝工程業；E603050 自動控制設備工程業；E606010 用電設備檢驗維護業；EZ05010 儀器、儀表安裝工程業；F119010 電子材料批發業；F113030 精密儀器批發業；F213040 精密儀器零售業,新北市,設立,11504
62249511,金色水岸文化有限公司,新北市淡水區中山北路1段265號3樓,潘世軒,3500000,115/04/10,,,F209060 文教、樂器、育樂用品零售業；F501030 飲料店業；F501060 餐館業；I301010 資訊軟體服務業；I301020 資料處理服務業；I301030 電子資訊供應服務業；IG02010 研究發展服務業；IG03010 能源技術服務業；J304010 圖書出版業；J305010 有聲出版業,新北市,設立,11504
62249527,暘洲實業有限公司,新北市板橋區三民路1段31巷87弄13號4樓,陳信翔,200000,115/04/10,,,E601020 電器安裝業；E603050 自動控制設備工程業；E604010 機械安裝業；F113020 電器批發業；F213010 電器零售業；E901010 油漆工程業；E801010 室內裝潢業；E599010 配管工程業；E903010 防蝕、防銹工程業；F206010 五金零售業,新北市,設立,11504
62249532,凱勤材料股份有限公司,新北市中和區板南路496號4樓之3,張峰嘉,2500000,115/04/13,,,C801010 基本化學工業；C801100 合成樹脂及塑膠製造業；EZ05010 儀器、儀表安裝工程業；F107200 化學原料批發業；F107990 其他化學製品批發業；F119010 電子材料批發業；F401010 國際貿易業；I199990 其他顧問服務業；I599990 其他設計業；IG02010 研究發展服務業,新北市,設立,11504
62249548,以賽亞美學投資有限公司,新北市新莊區中華路1段45巷5號2樓,張佩菁,6000000,115/04/10,,,H201010 一般投資業；ZZ99999 除許可業務外，得經營法令非禁止或限制之業務,新北市,設立,11504
62249553,好室成功工程有限公司,新北市蘆洲區和平路175號(1樓),黄振榕,1000000,115/04/13,,,E801010 室內裝潢業；I503010 景觀設計業；E901010 油漆工程業；J101010 建築物清潔服務業；E601020 電器安裝業；E603040 消防安全設備安裝工程業；E801070 廚具、衛浴設備安裝工程業；E903010 防蝕、防銹工程業；F207010 漆料、塗料零售業；F211010 建材零售業,新北市,設立,11504
62249569,箴貞好食品有限公司,新北市鶯歌區國中街2之3號2樓,陳政煌,100000,115/04/13,,,F102040 飲料批發業；F102170 食品什貨批發業；F203010 食品什貨、飲料零售業；F401010 國際貿易業；F399040 無店面零售業；F501030 飲料店業；F501060 餐館業；I101090 食品顧問業；ZZ99999 除許可業務外，得經營法令非禁止或限制之業務,新北市,設立,11504
62249575,巔楓科技股份有限公司,新北市中和區連城路99巷7號2樓,徐志繕,1000000,115/04/13,,,A101020 農作物栽培業；A102020 農產品整理業；A199990 其他農業；C801010 基本化學工業；C801030 精密化學材料製造業；C801060 合成橡膠製造業；C801100 合成樹脂及塑膠製造業；C801110 肥料製造業；C802070 農藥製造業；C802080 環境用藥製造業,新北市,設立,11504
62249580,蜜蜜熊茶飲有限公司,新北市新店區央北二路403號11樓,黃聖文,500000,115/04/13,,,F501030 飲料店業；F203010 食品什貨、飲料零售業,新北市,設立,11504
62249596,五葉松有限公司,新北市板橋區金門街287巷39號2樓,陳麗玉,28000000,115/04/13,,,CA02050 閥類製造業；CA02080 金屬鍛造業；CA02990 其他金屬製品製造業；CB01010 機械設備製造業；CC01010 發電、輸電、配電機械製造業；E599010 配管工程業；E603040 消防安全設備安裝工程業；E604010 機械安裝業；EZ05010 儀器、儀表安裝工程業；F106010 五金批發業,新北市,設立,11504
62249603,鈞潤實業有限公司,新北市汐止區中興路236號3樓,黃金德,1000000,115/04/13,,,E401010 疏濬業；E502010 燃料導管安裝工程業；E599010 配管工程業；E603100 電焊工程業；E603110 冷作工程業；E603120 噴砂工程業；E604010 機械安裝業；E801010 室內裝潢業；E801020 門窗安裝工程業；E801030 室內輕鋼架工程業,新北市,設立,11504
62249619,泉盈事業有限公司,新北市新莊區化成路746巷42號2樓,曾大珉,2000000,115/04/14,,,I103060 管理顧問業；I199990 其他顧問服務業；I301020 資料處理服務業；I301030 電子資訊供應服務業；ZZ99999 除許可業務外，得經營法令非禁止或限制之業務,新北市,設立,11504
62249625,錸觀商務管理顧問股份有限公司,新北市新莊區民安西路376號6樓之4,謝易澄,880000,115/04/14,,,I103060 管理顧問業；I102010 一般投資顧問業；I199990 其他顧問服務業；I301010 資訊軟體服務業；I301020 資料處理服務業；I501010 產品設計業；I599990 其他設計業；IB01010 建築物公共安全檢查業；IG03010 能源技術服務業；IZ09010 管理系統驗證業,新北市,設立,11504
62249630,禾盛良品有限公司,新北市新店區安泰路60巷90弄65號(1樓),葉芷芸,1000000,115/04/13,,,F102170 食品什貨批發業；F203010 食品什貨、飲料零售業；F399040 無店面零售業；F401010 國際貿易業；ZZ99999 除許可業務外，得經營法令非禁止或限制之業務,新北市,設立,11504
62249646,宸逸全屋定制股份有限公司,新北市三重區永福街211巷23號8樓,吳巧安,3000000,115/04/13,,,F105050 家具、寢具、廚房器具、裝設品批發業；F106010 五金批發業；F106040 水器材料批發業；F107010 漆料、塗料批發業；F111090 建材批發業；F113020 電器批發業；F120010 耐火材料批發業；F205040 家具、寢具、廚房器具、裝設品零售業；F206010 五金零售業；F206040 水器材料零售業,新北市,設立,11504
62249651,太比國際有限公司,新北市三重區重新路2段78號7樓,江義平,1000000,115/04/13,,,H703100 不動產租賃業；H701010 住宅及大樓開發租售業；JE01010 租賃業；IZ12010 人力派遣業；H201010 一般投資業；H202010 創業投資業；I103060 管理顧問業；I199990 其他顧問服務業；F399040 無店面零售業；F109070 文教、樂器、育樂用品批發業,新北市,設立,11504
62249667,御升科技有限公司,新北市樹林區保安街1段336巷1之1號,陳竑樺,6000000,115/04/13,,,C801060 合成橡膠製造業；C805070 強化塑膠製品製造業；C804020 工業用橡膠製品製造業；C805050 工業用塑膠製品製造業；C804990 其他橡膠製品製造業；C805990 其他塑膠製品製造業；CA04010 表面處理業；CC01080 電子零組件製造業；CQ01010 模具製造業；CZ99990 未分類其他工業製品製造業,新北市,設立,11504
62249673,果果食品有限公司,新北市三重區溪尾街108巷46弄17號（2樓）,林敬恒,4000000,115/04/13,,,F102170 食品什貨批發業；F203010 食品什貨、飲料零售業；F399040 無店面零售業；C103050 罐頭、冷凍、脫水及醃漬食品製造業；C104020 烘焙炊蒸食品製造業；C109010 調味品製造業；C199010 麵條、粉條類食品製造業；C199020 食用冰製造業；C199030 即食餐食製造業；C199040 豆類加工食品製造業,新北市,設立,11504
62249688,欣安工程有限公司,新北市三重區和平街20號(4樓),趙世強,1000000,115/04/13,,,E599010 配管工程業；E601010 電器承裝業；E601020 電器安裝業；E603010 電纜安裝工程業；E603020 電梯安裝工程業；E603040 消防安全設備安裝工程業；E603050 自動控制設備工程業；E603100 電焊工程業；E801010 室內裝潢業；E701040 簡易電信設備安裝業,新北市,設立,11504
62249694,立德基業整合行銷有限公司,新北市三重區重陽路四段130號12樓,張新源,200000,115/04/13,,,C103050 罐頭、冷凍、脫水及醃漬食品製造業；C104020 烘焙炊蒸食品製造業；C109010 調味品製造業；C199990 未分類其他食品製造業；ZZ99999 除許可業務外，得經營法令非禁止或限制之業務；F102170 食品什貨批發業；F203010 食品什貨、飲料零售業；F199990 其他批發業；F399040 無店面零售業；F399990 其他綜合零售業,新北市,設立,11504
62249717,鑫匯電子有限公司,新北市永和區中山路1段129號3樓之1,黃俊傑,500000,115/04/13,,,F119010 電子材料批發業；F219010 電子材料零售業；F399040 無店面零售業；F401010 國際貿易業；I103060 管理顧問業；I199990 其他顧問服務業；JZ99990 未分類其他服務業；ZZ99999 除許可業務外，得經營法令非禁止或限制之業務,新北市,設立,11504
62249723,育昌投資股份有限公司,新北市中和區建八路210號15樓,彭建銘,280000000,115/04/14,,,H201010 一般投資業,新北市,設立,11504
62249759,爽爽做工具人有限公司,新北市中和區中山路2段332巷1號7樓,宗晉宇,400000,115/04/13,,,F106010 五金批發業；F106020 日常用品批發業；F107010 漆料、塗料批發業；F107020 染料、顏料批發業；F107190 塑膠膜、袋批發業；F107200 化學原料批發業；F206010 五金零售業；F213110 電池零售業；F299990 其他零售業；F399040 無店面零售業,新北市,設立,11504
62249765,建竣交通有限公司,新北市三重區三陽路111號(1樓),王建竣,5000000,115/04/13,,,ZZ99999 除許可業務外，得經營法令非禁止或限制之業務；G101041 小客車租賃業；G202010 停車場經營業；F114010 汽車批發業；F114030 汽、機車零件配備批發業；F114050 車胎批發業；F114990 其他交通運輸工具及其零件批發業；F214050 車胎零售業；F214990 其他交通運輸工具及其零件零售業；F401010 國際貿易業,新北市,設立,11504
62249771,羽尚投資有限公司,新北市新店區北新路1段89號11樓之3,鄧其華,28000000,115/04/13,,,H201010 一般投資業；H202010 創業投資業；F401010 國際貿易業；ZZ99999 除許可業務外，得經營法令非禁止或限制之業務,新北市,設立,11504
62249786,皇鼎有限公司,新北市永和區中正路417號8樓,劉俊谷,100000,115/04/13,,,E801020 門窗安裝工程業；E801030 室內輕鋼架工程業；E801040 玻璃安裝工程業；E801010 室內裝潢業；F106010 五金批發業；F106020 日常用品批發業；F107030 清潔用品批發業；F111090 建材批發業；F206010 五金零售業；F206020 日常用品零售業,新北市,設立,11504
62249792,法里斯有限公司,新北市三重區大同北路221巷4號5樓,方柏荏,60000,115/04/13,,,F106010 五金批發業；F206010 五金零售業；E599010 配管工程業；E601010 電器承裝業；E601020 電器安裝業；E603010 電纜安裝工程業；E603040 消防安全設備安裝工程業；E603050 自動控制設備工程業；E603090 照明設備安裝工程業；E603100 電焊工程業,新北市,設立,11504
62249809,元璟工程顧問有限公司,新北市新店區北新路2段262號3樓之3,駱冠廷,100000,115/04/13,,,I103060 管理顧問業；I199990 其他顧問服務業；I503010 景觀設計業；E599010 配管工程業；E601020 電器安裝業；E603040 消防安全設備安裝工程業；E603050 自動控制設備工程業；E603090 照明設備安裝工程業；E604010 機械安裝業；E605010 電腦設備安裝業,新北市,設立,11504
62249815,頂伸工程有限公司,新北市三峽區民生街106之2號3樓,林育婷,200000,115/04/13,,,C801060 合成橡膠製造業；C801100 合成樹脂及塑膠製造業；C801120 人造纖維製造業；C802200 塗料、油漆、染料及顏料製造業；E801010 室內裝潢業；E801020 門窗安裝工程業；E801030 室內輕鋼架工程業；E801070 廚具、衛浴設備安裝工程業；E901010 油漆工程業；E903010 防蝕、防銹工程業,新北市,設立,11504
62249821,松億有限公司,新北市三峽區中正路1段225號,黃文君,100000,115/04/13,,,F104110 布疋、衣著、鞋、帽、傘、服飾品批發業；F105050 家具、寢具、廚房器具、裝設品批發業；F106010 五金批發業；F106020 日常用品批發業；F106040 水器材料批發業；F106050 陶瓷玻璃器皿批發業；F107030 清潔用品批發業；F107080 環境用藥批發業；F108040 化粧品批發業；F108031 醫療器材批發業,新北市,設立,11504
62249836,志野國際有限公司,新北市三峽區民生街106之2號3樓,李威志,500000,115/04/13,,,H703090 不動產買賣業；H703100 不動產租賃業；F105050 家具、寢具、廚房器具、裝設品批發業；F111090 建材批發業；F199990 其他批發業；F205040 家具、寢具、廚房器具、裝設品零售業；F211010 建材零售業；H701010 住宅及大樓開發租售業；H701020 工業廠房開發租售業；H701050 投資興建公共建設業,新北市,設立,11504
62249857,曜泰投資控股股份有限公司,新北市板橋區館前東路26號3樓之2,胡志祥,100000,115/04/13,,,A201010 造林業；A201030 特殊林木經營業；A201040 森林遊樂區經營業；A202040 伐木業；A202010 野生物採取業；A202020 薪炭業；A101020 農作物栽培業；A101030 特用作物栽培業；A101040 食用菌菇類栽培業；A101050 花卉栽培業,新北市,設立,11504
62249863,恆聲娛樂股份有限公司,新北市板橋區重慶路71號(1樓)、71號2樓、71號地下一層、73號(1樓),王晟育,100000,115/04/13,,,F102040 飲料批發業；F102170 食品什貨批發業；F104110 布疋、衣著、鞋、帽、傘、服飾品批發業；F109070 文教、樂器、育樂用品批發業；F113020 電器批發業；F203010 食品什貨、飲料零售業；F203020 菸酒零售業；F204110 布疋、衣著、鞋、帽、傘、服飾品零售業；F209060 文教、樂器、育樂用品零售業；F213010 電器零售業,新北市,設立,11504
62249879,大吉胖投有限公司,新北市汐止區招商街19巷8號5樓,程政豪,250000,115/04/13,,,I101090 食品顧問業；I102010 一般投資顧問業；I103060 管理顧問業；H201010 一般投資業；H202010 創業投資業；F104110 布疋、衣著、鞋、帽、傘、服飾品批發業；F204110 布疋、衣著、鞋、帽、傘、服飾品零售業；F106020 日常用品批發業；F206020 日常用品零售業；F108040 化粧品批發業,新北市,設立,11504
62249884,星協精密有限公司,新北市新莊區民安路420巷25號,王德偉,15000000,115/04/13,,,CA02030 螺絲、螺帽、螺絲釘、及鉚釘等製品製造業；CC01030 電器及視聽電子產品製造業；CC01080 電子零組件製造業；CC01110 電腦及其週邊設備製造業；CD01030 汽車及其零件製造業；CE01990 其他光學及精密器械製造業；F119010 電子材料批發業；F401010 國際貿易業；F113050 電腦及事務性機器設備批發業；ZZ99999 除許可業務外，得經營法令非禁止或限制之業務,新北市,設立,11504
62249890,森曜貿易有限公司,新北市五股區成泰路3段369之3號5樓,許恆睿,500000,115/04/13,,,F106010 五金批發業；F107190 塑膠膜、袋批發業；F109070 文教、樂器、育樂用品批發業；F113010 機械批發業；F113030 精密儀器批發業；F113050 電腦及事務性機器設備批發業；F113070 電信器材批發業；F113990 其他機械器具批發業；F114030 汽、機車零件配備批發業；F115010 首飾及貴金屬批發業,新北市,設立,11504
62249907,璟禾有限公司,新北市新莊區中華路1段35之1號(1樓),林莘沂,200000,115/04/14,,,F208040 化粧品零售業；F203010 食品什貨、飲料零售業；F207030 清潔用品零售業；JZ99080 美容美髮服務業；ZZ99999 除許可業務外，得經營法令非禁止或限制之業務,新北市,設立,11504
62249913,植光股份有限公司,新北市中和區連城路99巷7號2樓,洪子建,450000,115/04/14,,,C199030 即食餐食製造業；C199990 未分類其他食品製造業；F102170 食品什貨批發業；F203010 食品什貨、飲料零售業；F399040 無店面零售業；F401010 國際貿易業,新北市,設立,11504
62249929,聯睿建設股份有限公司,新北市板橋區三民路1段120號5樓,楊文錦,100000000,115/04/14,,,F401010 國際貿易業；F211010 建材零售業；F213080 機械器具零售業；I401010 一般廣告服務業；H701010 住宅及大樓開發租售業；H701080 都市更新重建業；H701020 工業廠房開發租售業；H701050 投資興建公共建設業；H701060 新市鎮、新社區開發業；H701070 區段徵收及市地重劃代辦業,新北市,設立,11504
62249934,媁安醫務管理顧問有限公司,新北市新店區順德街31號11樓,王詩媁,300000,115/04/14,,,I401010 一般廣告服務業；F208040 化粧品零售業；F108040 化粧品批發業；I103060 管理顧問業；JE01010 租賃業；F399990 其他綜合零售業；F106020 日常用品批發業；I102010 一般投資顧問業；JZ99990 未分類其他服務業；JB01010 會議及展覽服務業,新北市,設立,11504
62249940,齊奕開發有限公司,新北市板橋區重慶路60之1號3樓,龔福來,500000,115/04/13,,,H701010 住宅及大樓開發租售業；H701020 工業廠房開發租售業；H701050 投資興建公共建設業；H701070 區段徵收及市地重劃代辦業；H701090 都市更新整建維護業；H702010 建築經理業；H703090 不動產買賣業；H703100 不動產租賃業；E801010 室內裝潢業；I102010 一般投資顧問業,新北市,設立,11504
62249955,霈果室內裝修有限公司,新北市汐止區福德一路201巷12號3樓之3,陳博廣,500000,115/04/13,,,E801060 室內裝修業；IZ12010 人力派遣業；ZZ99999 除許可業務外，得經營法令非禁止或限制之業務,新北市,設立,11504
62249977,聖凱管理顧問有限公司,新北市三重區福德北路12號5樓,王興智,200000,115/04/14,,,I102010 一般投資顧問業；I103060 管理顧問業；I199990 其他顧問服務業；IZ99990 其他工商服務業；I301020 資料處理服務業；I301030 電子資訊供應服務業；H201010 一般投資業；H202010 創業投資業；H703090 不動產買賣業；H703100 不動產租賃業,新北市,設立,11504
62249982,漾法有限公司,新北市板橋區館前東路13號5樓之6,黃惠敏,500000,115/04/14,,,F102170 食品什貨批發業；F108040 化粧品批發業；F203010 食品什貨、飲料零售業；F208040 化粧品零售業；I103060 管理顧問業；I301010 資訊軟體服務業；I301030 電子資訊供應服務業；IG01010 生物技術服務業；IZ12010 人力派遣業；H703100 不動產租賃業,新北市,設立,11504
62249998,郁順協力有限公司,新北市三峽區學成路327號3樓之3,林盈甄,200000,115/04/14,,,F601010 智慧財產權業；F399040 無店面零售業；F399990 其他綜合零售業；F401010 國際貿易業；F501030 飲料店業；F501060 餐館業；F501990 其他餐飲業；I103060 管理顧問業；I199990 其他顧問服務業；I301010 資訊軟體服務業,新北市,設立,11504
62250002,碩紳有限公司,新北市新莊區新樹路609之9號14樓,陳祈偉,500000,115/04/14,,,F113010 機械批發業；F113990 其他機械器具批發業；CB01010 機械設備製造業；CC01080 電子零組件製造業；F113030 精密儀器批發業；F113050 電腦及事務性機器設備批發業；F118010 資訊軟體批發業；F119010 電子材料批發業；F113020 電器批發業；E603050 自動控制設備工程業,新北市,設立,11504
62250018,造句科技股份有限公司,新北市新莊區中正路829巷5號9樓,曹穎,100000,115/04/14,,,E605010 電腦設備安裝業；F113050 電腦及事務性機器設備批發業；F118010 資訊軟體批發業；F213010 電器零售業；F213030 電腦及事務性機器設備零售業；F218010 資訊軟體零售業；F399040 無店面零售業；F401010 國際貿易業；F601010 智慧財產權業；H201010 一般投資業,新北市,設立,11504
62250024,尼克森新媒體有限公司,新北市新莊區豐盛一街16號15樓,李佩紜,500000,115/04/14,,,F199990 其他批發業；F299990 其他零售業；F399040 無店面零售業；I401010 一般廣告服務業；ZZ99999 除許可業務外，得經營法令非禁止或限制之業務,新北市,設立,11504
62250045,蘩森文創事業有限公司,新北市中和區南山路236巷20弄34號2樓,林子軒,200000,115/04/14,,,F209060 文教、樂器、育樂用品零售業；F216010 照相器材零售業；F601010 智慧財產權業；I199990 其他顧問服務業；I401010 一般廣告服務業；J303010 雜誌（期刊）出版業；J305010 有聲出版業；J401010 電影片製作業；J402010 電影片發行業；J503020 電視節目製作業,新北市,設立,11504
62250050,城希普拉有限公司,新北市土城區員福街2號3樓,葉俊吾,500000,115/04/14,,,F113010 機械批發業；F109070 文教、樂器、育樂用品批發業；F209060 文教、樂器、育樂用品零售業；F401010 國際貿易業；I199990 其他顧問服務業；J801030 競技及休閒運動場館業；J802010 運動訓練業；J803010 運動表演業；J803020 運動比賽業；ZZ99999 除許可業務外，得經營法令非禁止或限制之業務,新北市,設立,11504
62250066,雷秋有限公司,新北市淡水區中正路5巷29號,林志陽,2000000,115/04/14,,,F501060 餐館業；F102030 菸酒批發業；F102040 飲料批發業；F102170 食品什貨批發業；F102050 茶葉批發業；F203010 食品什貨、飲料零售業；F401010 國際貿易業；ZZ99999 除許可業務外，得經營法令非禁止或限制之業務,新北市,設立,11504
62250072,芙映美學有限公司,新北市三重區仁愛街715號2樓,賴冠蓉,200000,115/04/14,,,JZ99080 美容美髮服務業；F208040 化粧品零售業；F203010 食品什貨、飲料零售業；F207030 清潔用品零售業；I599990 其他設計業；I501010 產品設計業；ZZ99999 除許可業務外，得經營法令非禁止或限制之業務,新北市,設立,11504
62250087,俊輝有限公司,新北市新莊區瓊林路38號之7,林明俊,1000000,115/04/14,,,E599010 配管工程業；E603040 消防安全設備安裝工程業；E603090 照明設備安裝工程業；E605010 電腦設備安裝業；F106010 五金批發業；F106040 水器材料批發業；F113050 電腦及事務性機器設備批發業；F117010 消防安全設備批發業；F120010 耐火材料批發業；F206010 五金零售業,新北市,設立,11504
62250093,蒔映有限公司,新北市三峽區學成路313號3樓之12,游蕙瑀,200000,115/04/14,,,F108040 化粧品批發業；F208040 化粧品零售業；F208050 乙類成藥零售業；F399040 無店面零售業；ZZ99999 除許可業務外，得經營法令非禁止或限制之業務,新北市,設立,11504
62250100,浪晴良作設計有限公司,新北市土城區青雲路411巷7號13樓,蔡東良,2000000,115/04/14,,,I103060 管理顧問業；I501010 產品設計業；I503010 景觀設計業；E601010 電器承裝業；E601020 電器安裝業；E603010 電纜安裝工程業；E603090 照明設備安裝工程業；E801010 室內裝潢業；E801020 門窗安裝工程業；E801030 室內輕鋼架工程業,新北市,設立,11504
62250116,分類棧人工智慧股份有限公司,新北市中和區景新街347號8樓之8,蘇柏原,3000000,115/04/14,,,I301010 資訊軟體服務業；I301020 資料處理服務業；IG02010 研究發展服務業；IZ99990 其他工商服務業；I301030 電子資訊供應服務業；I301050 實境體感應用服務業；J399010 軟體出版業；E605010 電腦設備安裝業；CC01110 電腦及其週邊設備製造業；F213030 電腦及事務性機器設備零售業,新北市,設立,11504
62250122,吉晏有限公司,新北市深坑區萬福路75巷46號,李紅吉,10000,115/04/14,,,JZ99090 喜慶綜合服務業；I199990 其他顧問服務業；F299990 其他零售業；F399040 無店面零售業；ZZ99999 除許可業務外，得經營法令非禁止或限制之業務,新北市,設立,11504
62250143,巧易園藝有限公司,新北市新莊區建福路56號7樓,黃博樹,100000,115/04/14,,,A102080 園藝服務業；A199990 其他農業；A101050 花卉栽培業；A101020 農作物栽培業；EZ99990 其他工程業；F101100 花卉批發業；I503010 景觀設計業；F201070 花卉零售業,新北市,設立,11504
62250158,越勝貿易有限公司,新北市五股區中興路1段1巷12弄13號,潘氏清賢,700000,115/04/14,,,ZZ99999 除許可業務外，得經營法令非禁止或限制之業務；F203010 食品什貨、飲料零售業；F401010 國際貿易業；F399990 其他綜合零售業；F501060 餐館業；C104020 烘焙炊蒸食品製造業；C199010 麵條、粉條類食品製造業,新北市,設立,11504
62250164,崧睿工程有限公司,新北市三峽區光明路106巷67號(1樓),陳文偉,1000000,115/04/14,,,F106010 五金批發業；F106020 日常用品批發業；F111090 建材批發業；F115020 礦石批發業；F401010 國際貿易業；E599010 配管工程業；E801010 室內裝潢業；E903010 防蝕、防銹工程業；E901010 油漆工程業；EZ99990 其他工程業,新北市,設立,11504
62250170,必富果股份有限公司,新北市三重區重新路5段609巷8號9樓之3,沈燕玲,1000000,115/04/15,,,F102170 食品什貨批發業；F104110 布疋、衣著、鞋、帽、傘、服飾品批發業；F105050 家具、寢具、廚房器具、裝設品批發業；F106020 日常用品批發業；F108040 化粧品批發業；F109070 文教、樂器、育樂用品批發業；F110020 眼鏡批發業；F203010 食品什貨、飲料零售業；F204110 布疋、衣著、鞋、帽、傘、服飾品零售業；F205040 家具、寢具、廚房器具、裝設品零售業,新北市,設立,11504
62250185,培玩國際有限公司,新北市新莊區民安西路212巷7號3樓,陳馨柔,1100000,115/04/14,,,H201010 一般投資業；ZZ99999 除許可業務外，得經營法令非禁止或限制之業務,新北市,設立,11504
62250191,森林匯有限公司,新北市新莊區五權一路12巷21弄8號2樓,賴嬿汝,100000,115/04/14,,,C199030 即食餐食製造業；F101050 水產品批發業；F102030 菸酒批發業；F102040 飲料批發業；F102170 食品什貨批發業；F106020 日常用品批發業；F107030 清潔用品批發業；F201010 農產品零售業；F203010 食品什貨、飲料零售業；F203020 菸酒零售業,新北市,設立,11504
62250208,旺霸科技有限公司,新北市中和區中正路736號14樓之3,黃建安,1000000,115/04/14,,,F113010 機械批發業；F113020 電器批發業；F113030 精密儀器批發業；F113050 電腦及事務性機器設備批發業；F113070 電信器材批發業；F113110 電池批發業；F113990 其他機械器具批發業；F114070 航空器及其零件批發業；F118010 資訊軟體批發業；F119010 電子材料批發業,新北市,設立,11504
62250214,富萊音科技有限公司,新北市三重區長安街100之2號,吳培帆,1000000,115/04/15,,,F119010 電子材料批發業；F219010 電子材料零售業；ZZ99999 除許可業務外，得經營法令非禁止或限制之業務,新北市,設立,11504
62250220,度明生技有限公司,新北市新莊區新泰路421號地下一層之7,江明聰,10000,115/04/14,,,IG01010 生物技術服務業；IG02010 研究發展服務業；IZ99990 其他工商服務業,新北市,設立,11504
62250235,凱普斯國際貿易有限公司,新北市新莊區福德三街11號13樓,潘琪諭,500000,115/04/14,,,F106020 日常用品批發業；F113050 電腦及事務性機器設備批發業；F113070 電信器材批發業；F119010 電子材料批發業；F401010 國際貿易業；I103060 管理顧問業；I199990 其他顧問服務業；G799990 其他運輸輔助業；ZZ99999 除許可業務外，得經營法令非禁止或限制之業務,新北市,設立,11504
62250241,美煌投資有限公司,新北市深坑區北深路3段270巷16號8樓之2,陳文東,20000000,115/04/15,,,H201010 一般投資業；ZZ99999 除許可業務外，得經營法令非禁止或限制之業務,新北市,設立,11504
62250256,羅林設計工程有限公司,新北市土城區裕生路83號10樓,羅俊,300000,115/04/15,,,E599010 配管工程業；E601010 電器承裝業；E601020 電器安裝業；E603010 電纜安裝工程業；E603040 消防安全設備安裝工程業；E603050 自動控制設備工程業；E603080 交通號誌安裝工程業；E603090 照明設備安裝工程業；E604010 機械安裝業；E701040 簡易電信設備安裝業,新北市,設立,11504
62250262,祥林開發有限公司,新北市板橋區漢生東路23巷7號4樓,林昌興,300000,115/04/15,,,H701010 住宅及大樓開發租售業；H701020 工業廠房開發租售業；H701060 新市鎮、新社區開發業；H701070 區段徵收及市地重劃代辦業；H701090 都市更新整建維護業；H702010 建築經理業；HZ99990 其他金融、保險及不動產業；I103060 管理顧問業；I501010 產品設計業；IZ15010 市場研究及民意調查業,新北市,設立,11504
62250278,金牛地產有限公司,新北市板橋區漢生東路23巷7號4樓,劉洪琴,100000,115/04/15,,,H701060 新市鎮、新社區開發業；H701010 住宅及大樓開發租售業；H701020 工業廠房開發租售業；H701070 區段徵收及市地重劃代辦業；H701090 都市更新整建維護業；H702010 建築經理業；HZ99990 其他金融、保險及不動產業；I103060 管理顧問業；J101010 建築物清潔服務業；JZ99050 仲介服務業,新北市,設立,11504
62250283,禾裕國際投資有限公司,新北市中和區景平路666號3樓,胡文章,2000000,115/04/15,,,I102010 一般投資顧問業；H201010 一般投資業；H701010 住宅及大樓開發租售業；H701050 投資興建公共建設業；H703090 不動產買賣業；H703100 不動產租賃業；ZZ99999 除許可業務外，得經營法令非禁止或限制之業務,新北市,設立,11504
62250299,益承汽車有限公司,新北市三重區中正北路560巷28號,余律憲,200000,115/04/15,,,F214010 汽車零售業；F214030 汽、機車零件配備零售業；F214050 車胎零售業；F401010 國際貿易業；I199990 其他顧問服務業；JA01010 汽車修理業；JA01990 其他汽車服務業；JZ99050 仲介服務業；JZ99990 未分類其他服務業；ZZ99999 除許可業務外，得經營法令非禁止或限制之業務,新北市,設立,11504
62250306,萬鈞影視有限公司,新北市土城區中央路2段149巷15弄6號4樓,竺士鈞,200000,115/04/15,,,J401010 電影片製作業；F116010 照相器材批發業；F113020 電器批發業；F213010 電器零售業；F213110 電池零售業；F216010 照相器材零售業；F219010 電子材料零售業；F399040 無店面零售業；I401010 一般廣告服務業；E603090 照明設備安裝工程業,新北市,設立,11504
62250312,隼皓汽車有限公司,新北市樹林區佳園路3段139號,施承漢,100000,115/04/15,,,F114010 汽車批發業；F114020 機車批發業；F114030 汽、機車零件配備批發業；F199990 其他批發業；F214010 汽車零售業；F214020 機車零售業；F214030 汽、機車零件配備零售業；F299990 其他零售業；F399040 無店面零售業；F401010 國際貿易業,新北市,設立,11504
62250328,閎勝物流有限公司,新北市板橋區中山路1段293之1號13樓之1,柯閎允,100000,115/04/15,,,IZ06010 理貨包裝業；IZ12010 人力派遣業；IZ99990 其他工商服務業；G801010 倉儲業；F401010 國際貿易業；ZZ99999 除許可業務外，得經營法令非禁止或限制之業務,新北市,設立,11504
62250333,煥代有限公司,新北市三重區自強路4段3巷28號(1樓),杜奕旻,300000,115/04/15,,,CA02010 金屬結構及建築組件製造業；CA02060 金屬容器製造業；CB01010 機械設備製造業；CN01010 家具及裝設品製造業；E801010 室內裝潢業；ZZ99999 除許可業務外，得經營法令非禁止或限制之業務,新北市,設立,11504
62250349,初序構研室內裝修設計有限公司,新北市三重區中正北路15號4樓,蔣欣芸,1000000,115/04/15,,,I503010 景觀設計業；E801010 室內裝潢業；E801060 室內裝修業；E599010 配管工程業；E901010 油漆工程業；E801070 廚具、衛浴設備安裝工程業；E801020 門窗安裝工程業；E801030 室內輕鋼架工程業；E603040 消防安全設備安裝工程業；E603050 自動控制設備工程業,新北市,設立,11504
62250354,苡順有限公司,新北市土城區福仁街43號,呂姿寬,500000,115/04/15,,,F101040 家畜家禽批發業；F101990 其他農、畜、水產品批發業；F102170 食品什貨批發業；F201020 畜產品零售業；F201990 其他農畜水產品零售業；F203010 食品什貨、飲料零售業；C103050 罐頭、冷凍、脫水及醃漬食品製造業；F401010 國際貿易業；ZZ99999 除許可業務外，得經營法令非禁止或限制之業務,新北市,設立,11504
62250360,青魚整合活動行銷有限公司,新北市板橋區信義路74巷1弄14號（1樓）,廖一青,200000,115/04/15,,,F118010 資訊軟體批發業；I301010 資訊軟體服務業；I301020 資料處理服務業；I301030 電子資訊供應服務業；I103060 管理顧問業；J202010 產業育成業；I199990 其他顧問服務業；I401010 一般廣告服務業；I599990 其他設計業；I501010 產品設計業,新北市,設立,11504
62250376,一衍有限公司,新北市中和區興南路1段128號2樓,蘇啓瑋,200000,115/04/15,,,E599010 配管工程業；E601020 電器安裝業；E603090 照明設備安裝工程業；E701040 簡易電信設備安裝業；E801010 室內裝潢業；E801020 門窗安裝工程業；E801030 室內輕鋼架工程業；E801040 玻璃安裝工程業；E801070 廚具、衛浴設備安裝工程業；E901010 油漆工程業,新北市,設立,11504
62250381,智禦國際股份有限公司,新北市新莊區青山路1段50號13樓,周毅然,500000,115/04/15,,,I301010 資訊軟體服務業；I301030 電子資訊供應服務業；I199990 其他顧問服務業；I301020 資料處理服務業；I103060 管理顧問業；I401010 一般廣告服務業；I501010 產品設計業；I599990 其他設計業；F113030 精密儀器批發業；F113050 電腦及事務性機器設備批發業,新北市,設立,11504
62250397,鉻斯有限公司,新北市土城區福安街76之3號4樓,尤凱威,150000,115/04/15,,,F399040 無店面零售業；I103060 管理顧問業；I301030 電子資訊供應服務業；I401010 一般廣告服務業；F204110 布疋、衣著、鞋、帽、傘、服飾品零售業；JZ99990 未分類其他服務業；ZZ99999 除許可業務外，得經營法令非禁止或限制之業務,新北市,設立,11504
62250404,弟芳環保有限公司,新北市新莊區化成路134號5樓,翁俊傑,5000000,115/04/15,,,J101020 病媒防治業；J101030 廢棄物清除業；J101040 廢棄物處理業；J101050 環境檢測服務業；J101060 廢（污）水處理業；J101070 放射性廢料處理服務業；J101080 資源回收業；J101090 廢棄物清理業；J101110 營建剩餘土石方資源處理業；J101990 其他環境衛生及污染防治服務業,新北市,設立,11504
62250410,庄角咖啡烘培有限公司,新北市新莊區思源路192巷56號6樓,黃星賢,1000000,115/04/15,,,F102040 飲料批發業；F102050 茶葉批發業；F102170 食品什貨批發業；F203010 食品什貨、飲料零售業；F201010 農產品零售業；C199990 未分類其他食品製造業；F401010 國際貿易業；ZZ99999 除許可業務外，得經營法令非禁止或限制之業務,新北市,設立,11504
62250426,台灣樂星電氣科技有限公司,新北市林口區中山路520號2樓,鄭珮玲,5000000,115/04/15,,,CA01050 鋼材二次加工業；CB01010 機械設備製造業；CC01110 電腦及其週邊設備製造業；F113010 機械批發業；F213080 機械器具零售業；F401010 國際貿易業；I501010 產品設計業；CC01030 電器及視聽電子產品製造業；CC01060 有線通信機械器材製造業；CC01070 無線通信機械器材製造業,新北市,設立,11504
62250431,冠晟管理顧問有限公司,新北市新莊區新北大道4段171號2樓,呂曼綾,600000,115/04/15,,,I103060 管理顧問業；I199990 其他顧問服務業；I301020 資料處理服務業；IZ12010 人力派遣業；IZ99990 其他工商服務業；F102170 食品什貨批發業；F105050 家具、寢具、廚房器具、裝設品批發業；F401010 國際貿易業；ZZ99999 除許可業務外，得經營法令非禁止或限制之業務,新北市,設立,11504
62250452,樂續股份有限公司,新北市新莊區中正路514巷53弄51號,藍柏鼎,3000000,115/04/15,,,H701010 住宅及大樓開發租售業；H701020 工業廠房開發租售業；H701050 投資興建公共建設業；H702010 建築經理業；H703090 不動產買賣業；H703100 不動產租賃業；JE01010 租賃業；G202010 停車場經營業；I301010 資訊軟體服務業；I301020 資料處理服務業,新北市,設立,11504
62250468,勇嘉有限公司,新北市板橋區中山路2段29號,許芳銘,6000000,115/04/15,,,ZZ99999 除許可業務外，得經營法令非禁止或限制之業務；F102030 菸酒批發業；F102040 飲料批發業；F102170 食品什貨批發業；F106020 日常用品批發業；F113010 機械批發業；F201010 農產品零售業；F203020 菸酒零售業；F213010 電器零售業；F213080 機械器具零售業,新北市,設立,11504
62250474,宜隨緣有限公司,新北市淡水區淡金路38巷35弄5號,劉宜騏,1000000,115/04/15,,,F105050 家具、寢具、廚房器具、裝設品批發業；F205040 家具、寢具、廚房器具、裝設品零售業；F102170 食品什貨批發業；F203010 食品什貨、飲料零售業；F203020 菸酒零售業；F106020 日常用品批發業；F206020 日常用品零售業；F106050 陶瓷玻璃器皿批發業；F109070 文教、樂器、育樂用品批發業；F209060 文教、樂器、育樂用品零售業,新北市,設立,11504
62250489,鈺碩有限公司,新北市中和區圓通路218號4樓,華紫伶,5000000,115/04/15,,,F111090 建材批發業；F211010 建材零售業；F113010 機械批發業；J101030 廢棄物清除業；G799990 其他運輸輔助業；F401010 國際貿易業；ZZ99999 除許可業務外，得經營法令非禁止或限制之業務,新北市,設立,11504
62250495,晨又投資有限公司,新北市三重區仁愛街278之2號12樓,陳九任,1000000,115/04/15,,,H201010 一般投資業；ZZ99999 除許可業務外，得經營法令非禁止或限制之業務,新北市,設立,11504
62250501,邦赫企業有限公司,新北市土城區和城路2段156號4樓,李嘉全,1000000,115/04/15,,,F106020 日常用品批發業；F206020 日常用品零售業；F109070 文教、樂器、育樂用品批發業；F209060 文教、樂器、育樂用品零售業；F113050 電腦及事務性機器設備批發業；F213030 電腦及事務性機器設備零售業；F104110 布疋、衣著、鞋、帽、傘、服飾品批發業；F204110 布疋、衣著、鞋、帽、傘、服飾品零售業；F399040 無店面零售業；F401010 國際貿易業,新北市,設立,11504
62250517,坤榮實業有限公司,新北市板橋區重慶路60之1號3樓,張坤榮,750000,115/04/15,,,G799990 其他運輸輔助業；EZ02010 起重工程業；J101030 廢棄物清除業；G801010 倉儲業；IZ12010 人力派遣業；F214010 汽車零售業；F214030 汽、機車零件配備零售業；F401010 國際貿易業；JA01010 汽車修理業；ZZ99999 除許可業務外，得經營法令非禁止或限制之業務,新北市,設立,11504
62250538,翔鈺工程有限公司,新北市五股區民義路1段255號之8,吳穎翔,100000,115/04/16,,,E599010 配管工程業；E601010 電器承裝業；E601020 電器安裝業；E603050 自動控制設備工程業；E603090 照明設備安裝工程業；E604010 機械安裝業；F106010 五金批發業；F113020 電器批發業；F206010 五金零售業；F213010 電器零售業,新北市,設立,11504
62250559,樊序有限公司,新北市汐止區福德二路61之2號8樓,林芷柔,500000,115/04/16,,,F104110 布疋、衣著、鞋、帽、傘、服飾品批發業；F105050 家具、寢具、廚房器具、裝設品批發業；F106010 五金批發業；F106020 日常用品批發業；F108040 化粧品批發業；F109070 文教、樂器、育樂用品批發業；F110010 鐘錶批發業；F113020 電器批發業；F113050 電腦及事務性機器設備批發業；F113070 電信器材批發業,新北市,設立,11504
62250565,築實室內裝修有限公司,新北市三重區仁愛街245巷68號,陳芳苑,1000000,115/04/16,,,E801060 室內裝修業；E801010 室內裝潢業；E601020 電器安裝業；I501010 產品設計業；IZ12010 人力派遣業；ZZ99999 除許可業務外，得經營法令非禁止或限制之業務,新北市,設立,11504
62250571,駿驊機電有限公司,新北市新莊區思源路43巷8號,朱衾顥,1000000,115/04/15,,,F106010 五金批發業；F113010 機械批發業；F113020 電器批發業；F113030 精密儀器批發業；F113070 電信器材批發業；F113110 電池批發業；F113990 其他機械器具批發業；F401010 國際貿易業；CA01130 銅材軋延、伸線、擠型業；CA02990 其他金屬製品製造業,新北市,設立,11504
62250586,維思數位科技股份有限公司,新北市三重區中正北路15號5樓,王思穎,500000,115/04/16,,,F109070 文教、樂器、育樂用品批發業；F118010 資訊軟體批發業；F209060 文教、樂器、育樂用品零售業；F299990 其他零售業；F399040 無店面零售業；F399990 其他綜合零售業；F401010 國際貿易業；F601010 智慧財產權業；I199990 其他顧問服務業；I301010 資訊軟體服務業,新北市,設立,11504
62250592,展視光學有限公司,新北市新莊區新泰路172號(1、2樓),黃勤展,1000000,115/04/15,,,F110020 眼鏡批發業；F199990 其他批發業；F203010 食品什貨、飲料零售業；F204110 布疋、衣著、鞋、帽、傘、服飾品零售業；F208031 醫療器材零售業；F210020 眼鏡零售業；F299990 其他零售業；F399040 無店面零售業；F399990 其他綜合零售業；F401010 國際貿易業,新北市,設立,11504
62250609,禾菘工程有限公司,新北市蘆洲區和平路121巷8弄34號5樓,楊蓉榕,200000,115/04/16,,,E599010 配管工程業；E601010 電器承裝業；E601020 電器安裝業；E603010 電纜安裝工程業；E603090 照明設備安裝工程業；E603100 電焊工程業；E603110 冷作工程業；E605010 電腦設備安裝業；E801020 門窗安裝工程業；E801030 室內輕鋼架工程業,新北市,設立,11504
62250615,邁點有限公司,新北市新莊區福營路79號（1樓）,謝見吾,3700000,115/04/16,,,F501060 餐館業；F203010 食品什貨、飲料零售業；F102170 食品什貨批發業；F102040 飲料批發業；F102030 菸酒批發業；F203020 菸酒零售業；F399040 無店面零售業；F401010 國際貿易業；I401010 一般廣告服務業；J399990 其他出版業,新北市,設立,11504
62250621,耶洛餐飲股份有限公司,新北市板橋區三民路2段37號21樓,黃奕修(HUANG I HSIU),1000000,115/04/16,,,F501030 飲料店業；F501060 餐館業；F501990 其他餐飲業；F203010 食品什貨、飲料零售業；F299990 其他零售業；F399040 無店面零售業；F401010 國際貿易業；H201010 一般投資業；I102010 一般投資顧問業；I103060 管理顧問業,新北市,設立,11504
62250636,克林學苑人力仲介股份有限公司,新北市汐止區福德二路390號13樓,于家威,5000000,115/04/16,,,E801010 室內裝潢業；EZ99990 其他工程業；F199990 其他批發業；F401010 國際貿易業；I102010 一般投資顧問業；I103060 管理顧問業；I199990 其他顧問服務業；I301020 資料處理服務業；I301030 電子資訊供應服務業；I401010 一般廣告服務業,新北市,設立,11504
62250642,三策專案管理顧問有限公司,新北市中和區中山路2段332巷13號12樓,胡維均,1500000,115/04/16,,,I103060 管理顧問業；I199990 其他顧問服務業；I102010 一般投資顧問業；I503010 景觀設計業；IB01010 建築物公共安全檢查業；H701010 住宅及大樓開發租售業；H701050 投資興建公共建設業；H701060 新市鎮、新社區開發業；H701070 區段徵收及市地重劃代辦業；H701090 都市更新整建維護業,新北市,設立,11504
62250657,亞頓生活事業有限公司,新北市汐止區中興路86號8樓之2,許妤莉,1000000,115/04/16,,,E801070 廚具、衛浴設備安裝工程業；F106010 五金批發業；F206010 五金零售業；F106040 水器材料批發業；F206040 水器材料零售業；F113020 電器批發業；F213010 電器零售業；F113100 污染防治設備批發業；F213100 污染防治設備零售業；F105050 家具、寢具、廚房器具、裝設品批發業,新北市,設立,11504
62250663,上宏園藝有限公司,新北市淡水區學府路118巷15號8樓,周守芨,50000,115/04/16,,,F101100 花卉批發業；A101050 花卉栽培業；A102080 園藝服務業；F199990 其他批發業；I503010 景觀設計業；ZZ99999 除許可業務外，得經營法令非禁止或限制之業務,新北市,設立,11504
62250679,油庫口食品有限公司,新北市板橋區文化路1段188巷44號(1樓),陳嘉祥,500000,115/04/16,,,F501060 餐館業；F203010 食品什貨、飲料零售業；F102170 食品什貨批發業；C199030 即食餐食製造業；F399040 無店面零售業；I103060 管理顧問業；I301020 資料處理服務業；ZZ99999 除許可業務外，得經營法令非禁止或限制之業務,新北市,設立,11504
62250684,澄城國際有限公司,新北市泰山區明志路3段81號4樓,闕璽,100000,115/04/16,,,F102170 食品什貨批發業；F102020 食用油脂批發業；F102040 飲料批發業；F102050 茶葉批發業；F201010 農產品零售業；F201020 畜產品零售業；F201030 水產品零售業；F202010 飼料零售業；F205040 家具、寢具、廚房器具、裝設品零售業；F206010 五金零售業,新北市,設立,11504
62250690,雨清裝潢工程有限公司,新北市土城區金城路3段32巷6號7樓,陳擇清,500000,115/04/16,,,E801010 室內裝潢業；I503010 景觀設計業；E601020 電器安裝業；E603090 照明設備安裝工程業；E801020 門窗安裝工程業；E801030 室內輕鋼架工程業；E801040 玻璃安裝工程業；E801070 廚具、衛浴設備安裝工程業；E901010 油漆工程業；F105050 家具、寢具、廚房器具、裝設品批發業,新北市,設立,11504
62250707,歐凱雲端有限公司,新北市三重區過圳街18號4樓之15,詹德鴻,500000,115/04/16,,,F401010 國際貿易業；I301010 資訊軟體服務業；I301020 資料處理服務業；ZZ99999 除許可業務外，得經營法令非禁止或限制之業務,新北市,設立,11504
62250713,金畇不動產有限公司,新北市淡水區中正路2段16號,劉又維,1000000,115/04/16,,,H704031 不動產仲介經紀業；H704041 不動產代銷經紀業；E599010 配管工程業；E601020 電器安裝業；E901010 油漆工程業；F213010 電器零售業；F206040 水器材料零售業；F401010 國際貿易業；H701010 住宅及大樓開發租售業；H701020 工業廠房開發租售業,新北市,設立,11504
62250729,蘭洋翎國際貿易有限公司,新北市永和區永元路17巷1弄6號(1樓),王威翔,200000,115/04/16,,,F102170 食品什貨批發業；F104110 布疋、衣著、鞋、帽、傘、服飾品批發業；F105050 家具、寢具、廚房器具、裝設品批發業；F106020 日常用品批發業；F108040 化粧品批發業；F199990 其他批發業；F203010 食品什貨、飲料零售業；F204110 布疋、衣著、鞋、帽、傘、服飾品零售業；F205040 家具、寢具、廚房器具、裝設品零售業；F206020 日常用品零售業,新北市,設立,11504
62250734,萌芝整合行銷有限公司,新北市中和區立德街52巷1號,江瑞玲,500000,115/04/16,,,I401010 一般廣告服務業；J503040 廣播電視廣告業；IZ99990 其他工商服務業；I501010 產品設計業；I599990 其他設計業；J404010 動畫影片製作業；J601010 藝文服務業；J602010 演藝活動業；JB01010 會議及展覽服務業；I301010 資訊軟體服務業,新北市,設立,11504
62250755,艾思樂舞台有限公司,新北市五股區五福路115號3樓,葉義斌,500000,115/04/16,,,A102080 園藝服務業；E801010 室內裝潢業；E901010 油漆工程業；EZ99990 其他工程業；F399040 無店面零售業；F401010 國際貿易業；I401010 一般廣告服務業；I401020 廣告傳單分送業；I501010 產品設計業；I503010 景觀設計業,新北市,設立,11504
62250761,正味餐飲有限公司,新北市三重區正義北路38號（1樓）,黃俊誠,1000000,115/04/16,,,F501060 餐館業；F501030 飲料店業；ZZ99999 除許可業務外，得經營法令非禁止或限制之業務,新北市,設立,11504
62250782,欸米有限公司,新北市蘆洲區和平路121巷8弄34號5樓,呂彥蓉,200000,115/04/16,,,F399040 無店面零售業；F401010 國際貿易業；I301010 資訊軟體服務業；I301020 資料處理服務業；I401010 一般廣告服務業；I501010 產品設計業；I503010 景觀設計業；I599990 其他設計業；J202010 產業育成業；J601010 藝文服務業,新北市,設立,11504
62250798,極湛食品有限公司,新北市新莊區建國二路30之9號5樓,柯品宏,500000,115/04/16,,,C110010 飲料製造業；F203010 食品什貨、飲料零售業；F102170 食品什貨批發業；F399990 其他綜合零售業；F199990 其他批發業；ZZ99999 除許可業務外，得經營法令非禁止或限制之業務,新北市,設立,11504
62250805,偉鴻科技國際股份有限公司,新北市樹林區大安路540號6樓,周緯博,1000000,115/04/16,,,F113010 機械批發業；F113020 電器批發業；F401010 國際貿易業；CC01010 發電、輸電、配電機械製造業；E601020 電器安裝業；E603010 電纜安裝工程業；E603040 消防安全設備安裝工程業；E603050 自動控制設備工程業；E603090 照明設備安裝工程業；E603130 燃氣熱水器承裝業,新北市,設立,11504
62250811,雄賀國際工程事業有限公司,新北市板橋區國慶路3號13樓之1,詹啓志,2000000,115/04/16,,,EZ99990 其他工程業；E801040 玻璃安裝工程業；E801030 室內輕鋼架工程業；E801020 門窗安裝工程業；E604010 機械安裝業；E603040 消防安全設備安裝工程業；E603020 電梯安裝工程業；E603090 照明設備安裝工程業；E603050 自動控制設備工程業；E605010 電腦設備安裝業,新北市,設立,11504
62250827,華韻紀元股份有限公司,新北市五股區五權二路19號(6樓),吳幸怡,10000000,115/04/16,,,J304010 圖書出版業；J305010 有聲出版業；J399010 軟體出版業；J601010 藝文服務業；J602010 演藝活動業；J404010 動畫影片製作業；ZZ99999 除許可業務外，得經營法令非禁止或限制之業務,新北市,設立,11504
62250832,拾金科技有限公司,新北市新莊區民安路188巷5號1樓之2,詹前亮,250000,115/04/16,,,F106010 五金批發業；F206010 五金零售業；F115010 首飾及貴金屬批發業；F215010 首飾及貴金屬零售業；F119010 電子材料批發業；F219010 電子材料零售業；F113050 電腦及事務性機器設備批發業；F213030 電腦及事務性機器設備零售業；F118010 資訊軟體批發業；F218010 資訊軟體零售業,新北市,設立,11504
62250848,華太興有限公司,新北市板橋區大觀路2段148巷16弄14號,楊麗華,1000000,115/04/16,,,F106010 五金批發業；F111090 建材批發業；F107010 漆料、塗料批發業；E901010 油漆工程業；IZ12010 人力派遣業；ZZ99999 除許可業務外，得經營法令非禁止或限制之業務,新北市,設立,11504
62250853,澄境空間數位行銷有限公司,新北市新莊區思源路490號5樓之1,周書妤,200000,115/04/16,,,I401010 一般廣告服務業；I301010 資訊軟體服務業；I301020 資料處理服務業；I301030 電子資訊供應服務業；I301060 網路廣告平臺業；JZ99050 仲介服務業；F601010 智慧財產權業；IZ13010 網路認證服務業；F401010 國際貿易業；J601010 藝文服務業,新北市,設立,11504
62250869,壹才圖書有限公司,新北市土城區學府路1段37巷1號,黃少凡,500000,115/04/16,,,F109070 文教、樂器、育樂用品批發業；F209060 文教、樂器、育樂用品零售業；ZZ99999 除許可業務外，得經營法令非禁止或限制之業務,新北市,設立,11504
62250875,楓矅車業有限公司,新北市樹林區中華路341之3號,賴科成,500000,115/04/16,,,F214020 機車零售業；F214030 汽、機車零件配備零售業；F214040 自行車及其零件零售業；F214050 車胎零售業；F114030 汽、機車零件配備批發業；JA02020 機車修理業；JA02030 自行車修理業；J101990 其他環境衛生及污染防治服務業；ZZ99999 除許可業務外，得經營法令非禁止或限制之業務,新北市,設立,11504
62250880,泓旭財經研究有限公司,新北市中和區中正路918號3樓,李信霈,1000000,115/04/16,,,F118010 資訊軟體批發業；F218010 資訊軟體零售業；I301010 資訊軟體服務業；I301030 電子資訊供應服務業；I301020 資料處理服務業；I401010 一般廣告服務業；J303010 雜誌（期刊）出版業；J399010 軟體出版業；J601010 藝文服務業；I103060 管理顧問業,新北市,設立,11504
62250896,申祿國際有限公司,新北市新莊區新北大道4段179號7樓之8,陳宇頎,100000,115/04/16,,,E801010 室內裝潢業；E801020 門窗安裝工程業；E801030 室內輕鋼架工程業；E801040 玻璃安裝工程業；E901010 油漆工程業；E903010 防蝕、防銹工程業；EZ99990 其他工程業；F106010 五金批發業；F106020 日常用品批發業；F106070 祭祀用品批發業,新北市,設立,11504
62250919,驊拓實業股份有限公司,新北市板橋區民生路1段21號,羅仕發,1010000,115/04/16,,,F401010 國際貿易業；H703090 不動產買賣業；H703100 不動產租賃業；F111090 建材批發業；F211010 建材零售業；A201040 森林遊樂區經營業；J202010 產業育成業；H201010 一般投資業；H202010 創業投資業；I103060 管理顧問業,新北市,設立,11504
62250925,毅嘉工程顧問有限公司,新北市三重區重新路4段101之5號13樓,杜宗原,1000000,115/04/16,,,I101061 工程技術顧問業；I103060 管理顧問業；E601010 電器承裝業；E601020 電器安裝業；E603050 自動控制設備工程業；E603080 交通號誌安裝工程業；E603090 照明設備安裝工程業；E604010 機械安裝業；IF04010 非破壞檢測業；ZZ99999 除許可業務外，得經營法令非禁止或限制之業務,新北市,設立,11504
62250946,臺灣引路人有限公司,新北市三芝區楓林三街11號,何佩樺,100000,115/04/17,,,J799990 其他休閒服務業；J701080 水域遊憩活動經營業；J802010 運動訓練業；J803020 運動比賽業；J903020 登山嚮導業；I103060 管理顧問業；I501010 產品設計業；I502010 服飾設計業；I599990 其他設計業；I199990 其他顧問服務業,新北市,設立,11504
62250951,新店初心體能有限公司,新北市新店區北新路2段198號地下一層,陳諺樺,1000000,115/04/17,,,F102040 飲料批發業；F102170 食品什貨批發業；F109070 文教、樂器、育樂用品批發業；F203010 食品什貨、飲料零售業；F209060 文教、樂器、育樂用品零售業；F401010 國際貿易業；I103060 管理顧問業；I199990 其他顧問服務業；J801030 競技及休閒運動場館業；J802010 運動訓練業,新北市,設立,11504
62250967,藝啟整合活動行銷有限公司,新北市永和區保平路151巷13號(1樓),謝保安,2000000,115/04/17,,,C701010 印刷業；E801010 室內裝潢業；I401010 一般廣告服務業；I501010 產品設計業；I502010 服飾設計業；I503010 景觀設計業；I504010 花藝設計業；I599990 其他設計業；J101030 廢棄物清除業；J101040 廢棄物處理業,新北市,設立,11504
62250973,合祿閣有限公司,新北市永和區永利路94巷7號（1樓）,徐鉉,500000,115/04/17,,,F399040 無店面零售業；F209060 文教、樂器、育樂用品零售業；J601010 藝文服務業；J602010 演藝活動業；J603010 音樂展演空間業；ZZ99999 除許可業務外，得經營法令非禁止或限制之業務；J799990 其他休閒服務業；JZ99990 未分類其他服務業；I599990 其他設計業,新北市,設立,11504
62250988,妍敍有限公司,新北市板橋區大同街21巷6號2樓,陳詩婷,200000,115/04/17,,,F104110 布疋、衣著、鞋、帽、傘、服飾品批發業；F204110 布疋、衣著、鞋、帽、傘、服飾品零售業；F399040 無店面零售業；JI01010 互動式情境體驗服務業；I301050 實境體感應用服務業；I301060 網路廣告平臺業；F401010 國際貿易業；ZZ99999 除許可業務外，得經營法令非禁止或限制之業務,新北市,設立,11504
62250994,柒匠有限公司,新北市板橋區幸福路32巷54號,張育軒,50000,115/04/17,,,E599010 配管工程業；E601010 電器承裝業；E601020 電器安裝業；E603100 電焊工程業；E801010 室內裝潢業；E801070 廚具、衛浴設備安裝工程業；E901010 油漆工程業；F105050 家具、寢具、廚房器具、裝設品批發業；F106010 五金批發業；F106040 水器材料批發業,新北市,設立,11504
62251001,丞栩有限公司,新北市板橋區重慶路60之1號3樓,林煒翔,2000000,115/04/17,,,CA01050 鋼材二次加工業；CA02010 金屬結構及建築組件製造業；CA02050 閥類製造業；CA02060 金屬容器製造業；CA02990 其他金屬製品製造業；CA04010 表面處理業；CB01010 機械設備製造業；CB01030 污染防治設備製造業；CB01990 其他機械製造業；CC01990 其他電機及電子機械器材製造業,新北市,設立,11504
62251017,雙木林室內裝修整合有限公司,新北市汐止區民族五街100號2樓,林志偉,1000000,115/04/20,,,E801010 室內裝潢業；E801020 門窗安裝工程業；E801030 室內輕鋼架工程業；E801040 玻璃安裝工程業；E801060 室內裝修業；E801070 廚具、衛浴設備安裝工程業；E901010 油漆工程業；E903010 防蝕、防銹工程業；EZ99990 其他工程業；F106040 水器材料批發業,新北市,設立,11504
62251023,真人股份有限公司,新北市汐止區長青路213巷4號,拾璿佾,500000,115/04/17,,,I301010 資訊軟體服務業；I199990 其他顧問服務業；F213030 電腦及事務性機器設備零售業；JE01010 租賃業；I301020 資料處理服務業；I301060 網路廣告平臺業；I401010 一般廣告服務業；I599990 其他設計業；JZ99990 未分類其他服務業；ZZ99999 除許可業務外，得經營法令非禁止或限制之業務,新北市,設立,11504
62251038,富珵物流整合有限公司,新北市三峽區光明路106巷16號,王麗芳,1000000,115/04/17,,,IZ06010 理貨包裝業；IZ12010 人力派遣業；I102010 一般投資顧問業；I103060 管理顧問業；I401010 一般廣告服務業；I501010 產品設計業；F399040 無店面零售業；F401010 國際貿易業；H703100 不動產租賃業；G202010 停車場經營業,新北市,設立,11504
62251059,正弘科技有限公司,新北市中和區明禮街19號,李俊延,2000000,115/04/17,,,EZ05010 儀器、儀表安裝工程業；E603050 自動控制設備工程業；E605010 電腦設備安裝業；F113030 精密儀器批發業；F113990 其他機械器具批發業；F401010 國際貿易業；ZZ99999 除許可業務外，得經營法令非禁止或限制之業務,新北市,設立,11504
62251065,唯善有限公司,新北市鶯歌區育賢街17號,呂宜修,20000000,115/04/17,,,H201010 一般投資業；ZZ99999 除許可業務外，得經營法令非禁止或限制之業務,新北市,設立,11504
62251071,金曜顧問股份有限公司,新北市板橋區館前東路26號3樓之2,陳宥諺,100000,115/04/17,,,I401010 一般廣告服務業；I103060 管理顧問業；I301010 資訊軟體服務業；I301020 資料處理服務業；I301030 電子資訊供應服務業；F218010 資訊軟體零售業；F399040 無店面零售業；F401010 國際貿易業；J404010 動畫影片製作業；JZ99050 仲介服務業,新北市,設立,11504
62251086,曜昕企業管理顧問有限公司,新北市永和區竹林路25巷15號4樓,馬鈺婷,1000000,115/04/17,,,I102010 一般投資顧問業；I103060 管理顧問業；I401010 一般廣告服務業；I503010 景觀設計業；IZ12010 人力派遣業；F399040 無店面零售業；F401010 國際貿易業；I199990 其他顧問服務業；J601010 藝文服務業；IZ99990 其他工商服務業,新北市,設立,11504
62251092,凌霄航太股份有限公司,新北市板橋區中山路1段10號11樓,羅正方,300000000,115/04/17,,,C805070 強化塑膠製品製造業；CA02990 其他金屬製品製造業；CB01010 機械設備製造業；CC01020 電線及電纜製造業；CC01030 電器及視聽電子產品製造業；CC01060 有線通信機械器材製造業；CC01070 無線通信機械器材製造業；CC01080 電子零組件製造業；CC01090 電池製造業；CC01110 電腦及其週邊設備製造業,新北市,設立,11504
62251109,瓦比艾有限公司,新北市新店區北新路2段29巷1弄2號,高郡廷,625000,115/04/17,,,I301010 資訊軟體服務業；I301020 資料處理服務業；I301030 電子資訊供應服務業；IZ99990 其他工商服務業；ZZ99999 除許可業務外，得經營法令非禁止或限制之業務,新北市,設立,11504
62251115,明山開發投資有限公司,新北市中和區連城路38之3號15樓,曾韋智,10000000,115/04/17,,,H201010 一般投資業,新北市,設立,11504
62251121,啓永鴻企業有限公司,新北市蘆洲區中正路185巷3弄32號,孫麗娟,368000,115/04/17,,,E599010 配管工程業；E601010 電器承裝業；E601020 電器安裝業；E603090 照明設備安裝工程業；E901010 油漆工程業；E801070 廚具、衛浴設備安裝工程業；J101030 廢棄物清除業；ZZ99999 除許可業務外，得經營法令非禁止或限制之業務,新北市,設立,11504
62251136,雲上星辰有限公司,新北市三重區重新路1段108號3樓,李東霖,100000,115/04/20,,,J404010 動畫影片製作業；F399040 無店面零售業；J399990 其他出版業；JB01010 會議及展覽服務業；F109070 文教、樂器、育樂用品批發業；F209060 文教、樂器、育樂用品零售業；F218010 資訊軟體零售業；F118010 資訊軟體批發業；F401010 國際貿易業；I401010 一般廣告服務業,新北市,設立,11504
62251142,峻喬國際有限公司,新北市蘆洲區中正路226巷17號4樓,廖旌旭,300000,115/04/20,,,F112040 石油製品批發業；F212050 石油製品零售業；F114030 汽、機車零件配備批發業；F214030 汽、機車零件配備零售業；JA01010 汽車修理業；JA02020 機車修理業；ZZ99999 除許可業務外，得經營法令非禁止或限制之業務,新北市,設立,11504
62251157,品佳不動產仲介有限公司,新北市三重區平安街59號,王淑美,2000000,115/04/17,,,E801010 室內裝潢業；F205040 家具、寢具、廚房器具、裝設品零售業；F206020 日常用品零售業；F211010 建材零售業；F213010 電器零售業；F399040 無店面零售業；F401010 國際貿易業；G202010 停車場經營業；H201010 一般投資業；H202010 創業投資業,新北市,設立,11504
62251179,上淳投資有限公司,新北市新莊區青山路1段48巷10號3樓,楊晶晶,1000000,115/04/17,,,H201010 一般投資業；I102010 一般投資顧問業；I103060 管理顧問業；ZZ99999 除許可業務外，得經營法令非禁止或限制之業務,新北市,設立,11504
62251184,潔升環境清潔有限公司,新北市永和區秀朗路1段150巷2號(1樓),張志恒,660000,115/04/17,,,J101010 建築物清潔服務業；F107030 清潔用品批發業；F207030 清潔用品零售業；IZ12010 人力派遣業；ZZ99999 除許可業務外，得經營法令非禁止或限制之業務,新北市,設立,11504
62251190,洪綸國際車業有限公司,新北市淡水區公明街56巷6號,洪巳洋,200000,115/04/17,,,F114030 汽、機車零件配備批發業；F214030 汽、機車零件配備零售業；F401010 國際貿易業；JA02020 機車修理業；ZZ99999 除許可業務外，得經營法令非禁止或限制之業務,新北市,設立,11504
62251207,永藍成室有限公司,新北市三重區神農街501號14樓,蔡逸鈞,100000,115/04/17,,,E599010 配管工程業；E601020 電器安裝業；E603090 照明設備安裝工程業；E801010 室內裝潢業；E801020 門窗安裝工程業；E801030 室內輕鋼架工程業；E801040 玻璃安裝工程業；E801070 廚具、衛浴設備安裝工程業；E901010 油漆工程業；EZ99990 其他工程業,新北市,設立,11504
62251213,燊達資本有限公司,新北市新店區華興街25號2樓,容曉光,2500000,115/04/17,,,H201010 一般投資業；I401010 一般廣告服務業；I103060 管理顧問業；I301030 電子資訊供應服務業；J305010 有聲出版業；ZZ99999 除許可業務外，得經營法令非禁止或限制之業務,新北市,設立,11504
62251229,佑欣生技有限公司,新北市蘆洲區和平路121巷7號,詹千慧,500000,115/04/17,,,F102170 食品什貨批發業；F203010 食品什貨、飲料零售業；F108040 化粧品批發業；F208040 化粧品零售業；F206020 日常用品零售業；F106020 日常用品批發業；F107030 清潔用品批發業；F207030 清潔用品零售業；F399040 無店面零售業；F399990 其他綜合零售業,新北市,設立,11504
62251234,睿喬有限公司,新北市中和區華安街17巷31號4樓,溫羚柔,500000,115/04/17,,,E801010 室內裝潢業；E801020 門窗安裝工程業；E801030 室內輕鋼架工程業；E801040 玻璃安裝工程業；E801070 廚具、衛浴設備安裝工程業；E901010 油漆工程業；E903010 防蝕、防銹工程業；E599010 配管工程業；E603040 消防安全設備安裝工程業；E603050 自動控制設備工程業,新北市,設立,11504
62251240,金采優實業有限公司,新北市中和區景新街285巷25號4樓,姜維真,500000,115/04/17,,,F401010 國際貿易業；C802200 塗料、油漆、染料及顏料製造業；F107010 漆料、塗料批發業；F207010 漆料、塗料零售業；F113010 機械批發業；F213080 機械器具零售業；I103060 管理顧問業；I501010 產品設計業；ZZ99999 除許可業務外，得經營法令非禁止或限制之業務,新北市,設立,11504
62251255,寓約租賃管理顧問有限公司,新北市板橋區四川路1段136號2樓,劉子寧,303030,115/04/17,,,H706011 租賃住宅代管業；H706021 租賃住宅包租業；E801010 室內裝潢業；H701010 住宅及大樓開發租售業；H703100 不動產租賃業；I103060 管理顧問業；I199990 其他顧問服務業；I301010 資訊軟體服務業；I301030 電子資訊供應服務業；I401010 一般廣告服務業,新北市,設立,11504
62251261,華壹閣文化傳播有限公司,新北市汐止區新台五路1段95號20樓之6,張元馨,50000,115/04/20,,,F399040 無店面零售業；JZ99990 未分類其他服務業；F106070 祭祀用品批發業；F206060 祭祀用品零售業；F115020 礦石批發業；F215020 礦石零售業；F109070 文教、樂器、育樂用品批發業；F209060 文教、樂器、育樂用品零售業；F106020 日常用品批發業；F206020 日常用品零售業,新北市,設立,11504
62251277,茶廂露螢有限公司,新北市板橋區中正路187號,張瑄云,1600000,115/04/17,,,A101050 花卉栽培業；A102080 園藝服務業；F101990 其他農、畜、水產品批發業；JE01010 租賃業；F199990 其他批發業；F102030 菸酒批發業；F102040 飲料批發業；F102170 食品什貨批發業；F109070 文教、樂器、育樂用品批發業；F106010 五金批發業,新北市,設立,11504
62251282,來好忠孝有限公司,新北市樹林區忠孝街37號,黃永志,200000,115/04/17,,,F501060 餐館業；ZZ99999 除許可業務外，得經營法令非禁止或限制之業務,新北市,設立,11504
62251298,赫貝絲髮業有限公司,新北市板橋區漢生東路7之1號,林婷姿,150000,115/04/20,,,F104110 布疋、衣著、鞋、帽、傘、服飾品批發業；F108040 化粧品批發業；JZ99080 美容美髮服務業；F204110 布疋、衣著、鞋、帽、傘、服飾品零售業；F208040 化粧品零售業；F399040 無店面零售業；F401010 國際貿易業；I401010 一般廣告服務業；I501010 產品設計業；I599990 其他設計業,新北市,設立,11504
62251305,壹弎雲科有限公司,新北市五股區蓬萊路21號,蔡宜珊,500000,115/04/20,,,E605010 電腦設備安裝業；F113050 電腦及事務性機器設備批發業；F118010 資訊軟體批發業；F213030 電腦及事務性機器設備零售業；F218010 資訊軟體零售業；F399040 無店面零售業；I103060 管理顧問業；I199990 其他顧問服務業；I301010 資訊軟體服務業；I301020 資料處理服務業,新北市,設立,11504
62251311,綜賞有限公司,新北市板橋區中山路2段62號6樓之2,侯宗諭,1000000,115/04/17,,,E502010 燃料導管安裝工程業；E599010 配管工程業；E601020 電器安裝業；E601010 電器承裝業；E603010 電纜安裝工程業；E603020 電梯安裝工程業；E603040 消防安全設備安裝工程業；E603050 自動控制設備工程業；E603080 交通號誌安裝工程業；E603090 照明設備安裝工程業,新北市,設立,11504
62257531,燕豐股份有限公司,新北市新店區中央路163號17樓之1,黃月娥,50000,115/04/28,,,H201010 一般投資業；F102040 飲料批發業；F102050 茶葉批發業；F102170 食品什貨批發業；F104110 布疋、衣著、鞋、帽、傘、服飾品批發業；F105050 家具、寢具、廚房器具、裝設品批發業；F106020 日常用品批發業；F106060 寵物食品及其用品批發業；F108040 化粧品批發業；F115010 首飾及貴金屬批發業,新北市,設立,11504
62257547,羽童文創有限公司,新北市板橋區中山路1段293之1號10樓之1,林芷榆,50000,115/04/28,,,I301020 資料處理服務業；I301010 資訊軟體服務業；I401010 一般廣告服務業；I301060 網路廣告平臺業；I103060 管理顧問業；I199990 其他顧問服務業；J601010 藝文服務業；J602010 演藝活動業；F399040 無店面零售業；F401010 國際貿易業,新北市,設立,11504
62257552,振罡電子有限公司,新北市汐止區大同路3段196之5號8樓,趙建廷,3000000,115/04/28,,,CC01080 電子零組件製造業；CC01020 電線及電纜製造業；CC01110 電腦及其週邊設備製造業；F113050 電腦及事務性機器設備批發業；F119010 電子材料批發業；F219010 電子材料零售業；F213030 電腦及事務性機器設備零售業；F401010 國際貿易業；ZZ99999 除許可業務外，得經營法令非禁止或限制之業務,新北市,設立,11504
62257568,霍卡科技有限公司,新北市新莊區民安西路180號,楊文宇,2000000,115/04/28,,,I301010 資訊軟體服務業；I401010 一般廣告服務業；F601010 智慧財產權業；I301030 電子資訊供應服務業；ZZ99999 除許可業務外，得經營法令非禁止或限制之業務,新北市,設立,11504
62257589,藝想星球創意有限公司,新北市中和區中山路3段37巷46號18樓,陳美齡,200000,115/04/28,,,F109070 文教、樂器、育樂用品批發業；F209060 文教、樂器、育樂用品零售業；J303010 雜誌（期刊）出版業；J304010 圖書出版業；J399990 其他出版業；J305010 有聲出版業；I401010 一般廣告服務業；F104110 布疋、衣著、鞋、帽、傘、服飾品批發業；F204110 布疋、衣著、鞋、帽、傘、服飾品零售業；F399040 無店面零售業,新北市,設立,11504
62257595,優叡生醫股份有限公司,新北市中和區員山路502號6樓之9,林益德,1000000,115/04/28,,,IG01010 生物技術服務業；F601010 智慧財產權業；IG02010 研究發展服務業；F118010 資訊軟體批發業；F119010 電子材料批發業；F213030 電腦及事務性機器設備零售業；F213040 精密儀器零售業；F213060 電信器材零售業；F219010 電子材料零售業；F401010 國際貿易業,新北市,設立,11504
62257602,正宏科技有限公司,新北市新莊區五工五路6號(6樓),黃素真,2000000,115/04/28,,,CC01060 有線通信機械器材製造業；CC01070 無線通信機械器材製造業；CC01100 電信管制射頻器材製造業；F213060 電信器材零售業；ZZ99999 除許可業務外，得經營法令非禁止或限制之業務,新北市,設立,11504
62257618,築邑資本有限公司,新北市新莊區幸福東路148號11樓,陳飛龍,20000000,115/04/28,,,H201010 一般投資業；ZZ99999 除許可業務外，得經營法令非禁止或限制之業務；H701010 住宅及大樓開發租售業；H703090 不動產買賣業；H703100 不動產租賃業；I102010 一般投資顧問業；I103060 管理顧問業,新北市,設立,11504
62257624,益名偉有限公司,新北市汐止區湖東街39號,張文豪,10000000,115/04/28,,,CA01050 鋼材二次加工業；CA02010 金屬結構及建築組件製造業；F111090 建材批發業；F106010 五金批發業；F206010 五金零售業；E801020 門窗安裝工程業；E801030 室內輕鋼架工程業；E801040 玻璃安裝工程業；F401010 國際貿易業；ZZ99999 除許可業務外，得經營法令非禁止或限制之業務,新北市,設立,11504
62257639,威潮文創股份有限公司,新北市中和區連城路258號18樓之8,陳婉若,91350000,115/04/28,,,J601010 藝文服務業；I102010 一般投資顧問業；I105010 藝術品諮詢顧問業；J401010 電影片製作業；J402010 電影片發行業；J404020 提供設備及場地供電影片拍攝業；J404050 電影特效製作業；ZZ99999 除許可業務外，得經營法令非禁止或限制之業務,新北市,設立,11504
62257645,良曜資本股份有限公司,新北市新莊區中華路2段7號10樓,梁世易,50000,115/04/28,,,H201010 一般投資業,新北市,設立,11504
62257650,達新杰投資有限公司,新北市淡水區興仁路103巷46號,伍家駿,500000,115/04/28,,,H201010 一般投資業；ZZ99999 除許可業務外，得經營法令非禁止或限制之業務,新北市,設立,11504
62257666,好宜屋有限公司,新北市新店區北新路2段262號3樓之3,于杰,100000,115/04/28,,,F399990 其他綜合零售業；F401010 國際貿易業；F211010 建材零售業；F209060 文教、樂器、育樂用品零售業；I301030 電子資訊供應服務業；J602010 演藝活動業；J601010 藝文服務業；JZ99050 仲介服務業；JZ99990 未分類其他服務業；F213080 機械器具零售業,新北市,設立,11504
62257672,鍵盤球探有限公司,新北市新店區安和路2段97號4樓,陳躍,100000,115/04/28,,,J404010 動畫影片製作業；J399990 其他出版業；I401010 一般廣告服務業；JB01010 會議及展覽服務業；F109070 文教、樂器、育樂用品批發業；F209060 文教、樂器、育樂用品零售業；F104110 布疋、衣著、鞋、帽、傘、服飾品批發業；F204110 布疋、衣著、鞋、帽、傘、服飾品零售業；F399040 無店面零售業；F401010 國際貿易業,新北市,設立,11504
62257687,宸禾投資有限公司,新北市板橋區忠孝路103號6樓,洪鳳蓁,20000000,115/04/28,,,H201010 一般投資業,新北市,設立,11504
62257693,海沛盈力有限公司,新北市新莊區新莊路361號(1樓),彭卲鈞,500000,115/04/29,,,F104110 布疋、衣著、鞋、帽、傘、服飾品批發業；F106020 日常用品批發業；F204110 布疋、衣著、鞋、帽、傘、服飾品零售業；I101110 紡織顧問業；F401010 國際貿易業；ZZ99999 除許可業務外，得經營法令非禁止或限制之業務,新北市,設立,11504
62257700,昱禾豐有限公司,新北市汐止區中興路168號4樓之4,尤瑞彬,100000,115/04/28,,,F105050 家具、寢具、廚房器具、裝設品批發業；F106020 日常用品批發業；F106010 五金批發業；F106050 陶瓷玻璃器皿批發業；F107010 漆料、塗料批發業；F107030 清潔用品批發業；F108040 化粧品批發業；F111090 建材批發業；F113010 機械批發業；F113020 電器批發業,新北市,設立,11504
62257716,永峯投資有限公司,新北市永和區福和路389號8樓,陳若璇,5000000,115/04/28,,,H201010 一般投資業,新北市,設立,11504
62257722,樂時文化製作有限公司,新北市淡水區坪頂路5號5樓,王遠博,50000,115/04/28,,,F109070 文教、樂器、育樂用品批發業；F209060 文教、樂器、育樂用品零售業；F401010 國際貿易業；I105010 藝術品諮詢顧問業；I199990 其他顧問服務業；I401010 一般廣告服務業；J305010 有聲出版業；J401010 電影片製作業；J402010 電影片發行業；J601010 藝文服務業,新北市,設立,11504
62257737,呈陽金屬鐵件有限公司,新北市三重區重陽路4段130號12樓,廖麗凱,1000000,115/04/28,,,CA01030 鋼鐵鑄造業；CA01050 鋼材二次加工業；CA01090 鋁鑄造業；CA01120 銅鑄造業；CA02010 金屬結構及建築組件製造業；CA02080 金屬鍛造業；CA02990 其他金屬製品製造業；CB01010 機械設備製造業；CQ01010 模具製造業；E603090 照明設備安裝工程業,新北市,設立,11504
62257743,洸恆實業有限公司,新北市鶯歌區國中街152號5樓,楊誠渠,5000000,115/04/28,,,E901010 油漆工程業；E801010 室內裝潢業；E801020 門窗安裝工程業；E801030 室內輕鋼架工程業；E903010 防蝕、防銹工程業；F107010 漆料、塗料批發業；F207010 漆料、塗料零售業；IZ12010 人力派遣業；ZZ99999 除許可業務外，得經營法令非禁止或限制之業務,新北市,設立,11504
62257758,日昇浪板有限公司,新北市三重區成功路41巷36號,王昇永,1000000,115/04/28,,,E603100 電焊工程業；E801010 室內裝潢業；E801020 門窗安裝工程業；E801030 室內輕鋼架工程業；E901010 油漆工程業；E903010 防蝕、防銹工程業；EZ99990 其他工程業；F111090 建材批發業；F211010 建材零售業；J101010 建築物清潔服務業,新北市,設立,11504
62257770,鑫穎機械有限公司,新北市板橋區僑中二街12巷28號2樓,張春枝,5000000,115/04/28,,,F106010 五金批發業；F206010 五金零售業；F119010 電子材料批發業；F219010 電子材料零售業；F206030 模具零售業；F401010 國際貿易業；CC01080 電子零組件製造業；CB01010 機械設備製造業；CB01990 其他機械製造業；CQ01010 模具製造業,新北市,設立,11504
62257785,珺品設計室內裝修工程有限公司,新北市五股區新城八路2號10樓,何青萍,200000,115/04/28,,,EZ99990 其他工程業；E801060 室內裝修業；I503010 景觀設計業；E801010 室內裝潢業；E801030 室內輕鋼架工程業；E901010 油漆工程業；E603090 照明設備安裝工程業；E603040 消防安全設備安裝工程業；E601020 電器安裝業；F106040 水器材料批發業,新北市,設立,11504
62257791,金永晶科技有限公司,新北市中和區中正路736號14樓之3,莊林晶晶,8000000,115/04/28,,,F113050 電腦及事務性機器設備批發業；F119010 電子材料批發業；F213030 電腦及事務性機器設備零售業；F219010 電子材料零售業；F401010 國際貿易業；CC01080 電子零組件製造業；CC01110 電腦及其週邊設備製造業；ZZ99999 除許可業務外，得經營法令非禁止或限制之業務,新北市,設立,11504
62257808,涵蘊生物科技有限公司,新北市板橋區華江一路592號（1樓）,張雨岑,500000,115/04/28,,,F102040 飲料批發業；F102170 食品什貨批發業；F104110 布疋、衣著、鞋、帽、傘、服飾品批發業；F105050 家具、寢具、廚房器具、裝設品批發業；F106020 日常用品批發業；F107030 清潔用品批發業；F108040 化粧品批發業；F203010 食品什貨、飲料零售業；F204110 布疋、衣著、鞋、帽、傘、服飾品零售業；F205040 家具、寢具、廚房器具、裝設品零售業,新北市,設立,11504
62257814,順彩鋐有限公司,新北市三重區重陽路1段60巷66號3樓,林以儒,1000000,115/04/28,,,C305010 印染整理業；C306010 成衣業；C302010 織布業；C307010 服飾品製造業；C399990 其他紡織及製品製造業；I501010 產品設計業；I502010 服飾設計業；JZ99070 裁縫服務業；ZZ99999 除許可業務外，得經營法令非禁止或限制之業務,新北市,設立,11504
62257835,光翼數位整合行銷有限公司,新北市新店區二十張路16巷1弄6號9樓,李善茹,500000,115/04/29,,,F109070 文教、樂器、育樂用品批發業；F209060 文教、樂器、育樂用品零售業；F399040 無店面零售業；F401010 國際貿易業；I199990 其他顧問服務業；I301010 資訊軟體服務業；I301020 資料處理服務業；I301030 電子資訊供應服務業；J303010 雜誌（期刊）出版業；I401010 一般廣告服務業,新北市,設立,11504
62257841,謙聖文化有限公司,新北市樹林區中洲街37號,蔡政達,2000000,115/04/28,,,F109070 文教、樂器、育樂用品批發業；F104110 布疋、衣著、鞋、帽、傘、服飾品批發業；F106010 五金批發業；F106020 日常用品批發業；F106050 陶瓷玻璃器皿批發業；F107010 漆料、塗料批發業；F113020 電器批發業；F113030 精密儀器批發業；F113050 電腦及事務性機器設備批發業；F399040 無店面零售業,新北市,設立,11504
62257856,瀚領整合服務有限公司,新北市板橋區三民路2段37號23樓之1,陳宗霖,1000000,115/04/29,,,I103060 管理顧問業；I199990 其他顧問服務業；I301010 資訊軟體服務業；I301020 資料處理服務業；I301030 電子資訊供應服務業；I301060 網路廣告平臺業；JB01010 會議及展覽服務業,新北市,設立,11504
62257862,金泰國際開發有限公司,新北市樹林區豐林街64號,江建樺,1000000,115/04/28,,,F101050 水產品批發業；F201030 水產品零售業；F101130 蔬果批發業；F201010 農產品零售業；F101990 其他農、畜、水產品批發業；F201990 其他農畜水產品零售業；F102170 食品什貨批發業；F203010 食品什貨、飲料零售業；F104110 布疋、衣著、鞋、帽、傘、服飾品批發業；F204110 布疋、衣著、鞋、帽、傘、服飾品零售業,新北市,設立,11504
62257878,阿拉丁服務有限公司,新北市新莊區新北大道4段171號3樓,風間空兒,500000,115/04/29,,,JZ99050 仲介服務業；I103060 管理顧問業；I401010 一般廣告服務業；ZZ99999 除許可業務外，得經營法令非禁止或限制之業務,新北市,設立,11504
62257883,照見文化股份有限公司,新北市土城區中央路2段191號8樓之3,林兆源,2000000,115/04/28,,,F209060 文教、樂器、育樂用品零售業；IG02010 研究發展服務業；J304010 圖書出版業；J601010 藝文服務業；JB01010 會議及展覽服務業；ZZ99999 除許可業務外，得經營法令非禁止或限制之業務,新北市,設立,11504
62257899,章魚腦有限公司,新北市三重區中寮街57巷17號2樓,黃湘媛,200000,115/04/29,,,I401010 一般廣告服務業；I301060 網路廣告平臺業；I103060 管理顧問業；I199990 其他顧問服務業；IZ99990 其他工商服務業；F399040 無店面零售業；F401010 國際貿易業；F102170 食品什貨批發業；F203010 食品什貨、飲料零售業；F102040 飲料批發業,新北市,設立,11504
62257906,岑泓設計室內裝修有限公司,新北市板橋區僑中一街124巷18弄45號2樓,鄭丞凱,500000,115/04/28,,,E801060 室內裝修業；E801010 室內裝潢業；I503010 景觀設計業；F211010 建材零售業；F111090 建材批發業；E599010 配管工程業；E603090 照明設備安裝工程業；I599990 其他設計業；EZ99990 其他工程業；E603040 消防安全設備安裝工程業,新北市,設立,11504
62257912,晴耀有限公司,新北市新莊區思源路503號10樓,朱焆柔,100000,115/04/28,,,JA02010 電器及電子產品修理業；IE01010 電信業務門號代辦業；F113050 電腦及事務性機器設備批發業；F113070 電信器材批發業；F113110 電池批發業；F213030 電腦及事務性機器設備零售業；F213060 電信器材零售業；F213110 電池零售業；F401010 國際貿易業；E601020 電器安裝業,新北市,設立,11504
62257928,日韡特殊螺絲有限公司,新北市三重區中正北路315巷6弄8號(1樓),黃友亮,1000000,115/04/28,,,CA02030 螺絲、螺帽、螺絲釘、及鉚釘等製品製造業；CB01010 機械設備製造業；CQ01010 模具製造業；F106010 五金批發業；F106030 模具批發業；F113010 機械批發業；F114030 汽、機車零件配備批發業；F114040 自行車及其零件批發業；F206010 五金零售業；F206030 模具零售業,新北市,設立,11504
62257933,欣三泰有限公司,新北市蘆洲區和平路47號,劉奕廷,2000000,115/04/28,,,F113010 機械批發業；F106010 五金批發業；F106030 模具批發業；F119010 電子材料批發業；F114030 汽、機車零件配備批發業；F113030 精密儀器批發業；F206010 五金零售業；F206030 模具零售業；F401010 國際貿易業；I501010 產品設計業,新北市,設立,11504
62257949,繆絲時尚衣舖有限公司,新北市板橋區中山路2段99號3樓,黃蘭惠,300000,115/04/28,,,F204110 布疋、衣著、鞋、帽、傘、服飾品零售業；F208040 化粧品零售業；F203010 食品什貨、飲料零售業；F104110 布疋、衣著、鞋、帽、傘、服飾品批發業；F108040 化粧品批發業；F102170 食品什貨批發業；F399040 無店面零售業；F401010 國際貿易業；ZZ99999 除許可業務外，得經營法令非禁止或限制之業務,新北市,設立,11504
62257954,星鏈貿易有限公司,新北市板橋區三民路1段138巷14號,洪福仁,1000000,115/04/28,,,C805990 其他塑膠製品製造業；C805030 塑膠日用品製造業；CQ01010 模具製造業；I501010 產品設計業；I599990 其他設計業；F399040 無店面零售業；F399990 其他綜合零售業；F401010 國際貿易業；F209060 文教、樂器、育樂用品零售業；F299990 其他零售業,新北市,設立,11504
62257960,洢尺玖貳室內裝潢有限公司,新北市樹林區復興路314號3樓,蕭文益,1000000,115/04/28,,,I503010 景觀設計業；I599990 其他設計業；I501010 產品設計業；E801010 室內裝潢業；E801020 門窗安裝工程業；E801030 室內輕鋼架工程業；E801040 玻璃安裝工程業；E801070 廚具、衛浴設備安裝工程業；F111090 建材批發業；F401010 國際貿易業,新北市,設立,11504
62257976,艾嘉豐創科技有限公司,新北市新莊區思源路370巷10號5樓,陳昱璇,2000000,115/04/29,,,F113010 機械批發業；F113020 電器批發業；F113030 精密儀器批發業；F113050 電腦及事務性機器設備批發業；F113990 其他機械器具批發業；F119010 電子材料批發業；F120010 耐火材料批發業；F401010 國際貿易業；I103060 管理顧問業；ZZ99999 除許可業務外，得經營法令非禁止或限制之業務,新北市,設立,11504
62257981,元閣投資有限公司,新北市新店區北新路1段12號18樓,張貽榛,1000000,115/04/29,,,H201010 一般投資業；H202010 創業投資業；I102010 一般投資顧問業；I103060 管理顧問業；I199990 其他顧問服務業；ZZ99999 除許可業務外，得經營法令非禁止或限制之業務,新北市,設立,11504
62257997,芝詣有限公司,新北市林口區文化三路2段115巷139號,簡綵萱,200000,115/04/29,,,I301010 資訊軟體服務業；I301020 資料處理服務業；I301030 電子資訊供應服務業；I401010 一般廣告服務業；I501010 產品設計業；I599990 其他設計業；I103060 管理顧問業；JZ99050 仲介服務業；IZ13010 網路認證服務業；IZ15010 市場研究及民意調查業,新北市,設立,11504
62258010,周佳怡設計工作室有限公司,新北市新店區北新路2段262號3樓之3,周佳怡,100000,115/04/29,,,F105050 家具、寢具、廚房器具、裝設品批發業；F205040 家具、寢具、廚房器具、裝設品零售業；I503010 景觀設計業；E801010 室內裝潢業；F106010 五金批發業；F206010 五金零售業；F111090 建材批發業；F211010 建材零售業；F109070 文教、樂器、育樂用品批發業；F209060 文教、樂器、育樂用品零售業,新北市,設立,11504
62258026,華軒橙舍股份有限公司,新北市三重區光復路2段69號16樓,柯易斌,2000000,115/04/30,,,ZZ99999 除許可業務外，得經營法令非禁止或限制之業務；CC01080 電子零組件製造業；F119010 電子材料批發業；F219010 電子材料零售業；F113050 電腦及事務性機器設備批發業；F213050 度量衡器零售業；F213030 電腦及事務性機器設備零售業；I301010 資訊軟體服務業；F601010 智慧財產權業；I501010 產品設計業,新北市,設立,11504
62258031,正洋數位科技有限公司,新北市永和區中正路417號11樓之1,葉環瑜,500000,115/04/29,,,E604010 機械安裝業；E605010 電腦設備安裝業；I301010 資訊軟體服務業；I301020 資料處理服務業；I301030 電子資訊供應服務業；F113010 機械批發業；F113050 電腦及事務性機器設備批發業；F118010 資訊軟體批發業；F213030 電腦及事務性機器設備零售業；F213080 機械器具零售業,新北市,設立,11504
62258047,生笙實業有限公司,新北市淡水區新市一路1段10號,林育玄,2000000,115/04/29,,,I503010 景觀、室內設計業；E801010 室內裝潢業；EZ99990 其他工程業；I501010 產品設計業；F111090 建材批發業；E599010 配管工程業；E801020 門窗安裝工程業；E801030 室內輕鋼架工程業；E801040 玻璃安裝工程業；H703090 不動產買賣業,新北市,設立,11504
62258068,圓角影像有限公司,新北市淡水區大仁街33號5樓,賀文胤,500000,115/04/29,,,JZ99030 攝影業；JE01010 租賃業；I301020 資料處理服務業；I301030 電子資訊供應服務業；I401010 一般廣告服務業；J503040 廣播電視廣告業；I501010 產品設計業；ZZ99999 除許可業務外，得經營法令非禁止或限制之業務,新北市,設立,11504
62258074,廌融科技股份有限公司,新北市三重區中興南街18號9樓,呂谷清,120000000,115/04/29,,,CC01080 電子零組件製造業；CC01060 有線通信機械器材製造業；CC01070 無線通信機械器材製造業；E605010 電腦設備安裝業；F113070 電信器材批發業；I301010 資訊軟體服務業；F401010 國際貿易業；CC01100 電信管制射頻器材製造業；CD01010 船舶及其零件製造業；F114060 船舶及其零件批發業,新北市,設立,11504
62258089,玖矅通訊有限公司,新北市板橋區忠孝路146號,陳姸如,100000,115/04/29,,,I301010 資訊軟體服務業；I301020 資料處理服務業；I301030 電子資訊供應服務業；G903010 電信事業；ZZ99999 除許可業務外，得經營法令非禁止或限制之業務,新北市,設立,11504
62258095,欣興有限公司,新北市土城區慶安街16之3號4樓,戴麗玉,500000,115/04/29,,,CC01040 照明設備製造業；F105050 家具、寢具、廚房器具、裝設品批發業；F106010 五金批發業；F113020 電器批發業；F113090 交通標誌器材批發業；F113110 電池批發業；F114030 汽、機車零件配備批發業；F114040 自行車及其零件批發業；F119010 電子材料批發業；F205040 家具、寢具、廚房器具、裝設品零售業,新北市,設立,11504
62258102,辰玥國際行銷有限公司,新北市八里區商港六路17號(1樓),葉建宏,600000,115/04/29,,,F107030 清潔用品批發業；F106020 日常用品批發業；F207030 清潔用品零售業；F206020 日常用品零售業；F108040 化粧品批發業；F102030 菸酒批發業；F102170 食品什貨批發業；F102050 茶葉批發業；F121010 食品添加物批發業；F104110 布疋、衣著、鞋、帽、傘、服飾品批發業,新北市,設立,11504
62258124,翰承室內裝修有限公司,新北市土城區學府路1段170號(地下一層),林仕翰,200000,115/04/29,,,E502010 燃料導管安裝工程業；E599010 配管工程業；E601010 電器承裝業；E601020 電器安裝業；E603010 電纜安裝工程業；E603020 電梯安裝工程業；E603080 交通號誌安裝工程業；E603090 照明設備安裝工程業；E603100 電焊工程業；E603110 冷作工程業,新北市,設立,11504
62258139,錢無限國際有限公司,新北市中和區景安路237號,廖國智,200000,115/04/29,,,F104110 布疋、衣著、鞋、帽、傘、服飾品批發業；F105050 家具、寢具、廚房器具、裝設品批發業；F106020 日常用品批發業；F108040 化粧品批發業；F109070 文教、樂器、育樂用品批發業；F102170 食品什貨批發業；F113020 電器批發業；F113050 電腦及事務性機器設備批發業；F119010 電子材料批發業；F399040 無店面零售業,新北市,設立,11504
62258145,鍵傑工程企業有限公司,新北市林口區仁愛路2段73號3樓,郭婷華,500000,115/04/29,,,F111090 建材批發業；F106010 五金批發業；IZ12010 人力派遣業；E599010 配管工程業；E603100 電焊工程業；E903010 防蝕、防銹工程業；EZ02010 起重工程業；EZ99990 其他工程業；ZZ99999 除許可業務外，得經營法令非禁止或限制之業務,新北市,設立,11504
62258166,藍鑫車業有限公司,新北市林口區文化二路2段155號（1樓）,馬齊家,2000000,115/04/29,,,F114030 汽、機車零件配備批發業；F214030 汽、機車零件配備零售業；F207010 漆料、塗料零售業；F401010 國際貿易業；ZZ99999 除許可業務外，得經營法令非禁止或限制之業務,新北市,設立,11504
62258172,鈦洋有限公司,新北市新莊區思源路420號3樓,謝季霈,1000000,115/04/29,,,F102170 食品什貨批發業；F104110 布疋、衣著、鞋、帽、傘、服飾品批發業；F105050 家具、寢具、廚房器具、裝設品批發業；F106010 五金批發業；F106020 日常用品批發業；F108040 化粧品批發業；F110010 鐘錶批發業；F110020 眼鏡批發業；F113020 電器批發業；F113050 電腦及事務性機器設備批發業,新北市,設立,11504
62258187,賓航開發建設有限公司,新北市土城區永豐路195巷2之1號5樓,黃震宇,1500000,115/04/29,,,A102080 園藝服務業；B601010 土石採取業；E401010 疏濬業；E402010 沙石、淤泥海拋業；E801010 室內裝潢業；E801020 門窗安裝工程業；E801030 室內輕鋼架工程業；E801040 玻璃安裝工程業；E801070 廚具、衛浴設備安裝工程業；E901010 油漆工程業,新北市,設立,11504
62258193,承衡股份有限公司,新北市板橋區三民路2段196號12樓,王士綱,6500000,115/04/30,,,F108040 化粧品批發業；F208040 化粧品零售業；F401010 國際貿易業；I103060 管理顧問業；I199990 其他顧問服務業；ZZ99999 除許可業務外，得經營法令非禁止或限制之業務,新北市,設立,11504
62258200,源綿有限公司,新北市板橋區新海路385巷34弄8號,蔡令偉,100000,115/04/29,,,G202010 停車場經營業；G799990 其他運輸輔助業；JE01010 租賃業；I103060 管理顧問業；I105010 藝術品諮詢顧問業；JA01990 其他汽車服務業；F102170 食品什貨批發業；F203010 食品什貨、飲料零售業；F104110 布疋、衣著、鞋、帽、傘、服飾品批發業；F204110 布疋、衣著、鞋、帽、傘、服飾品零售業,新北市,設立,11504
62258216,琪琪文化事業有限公司,新北市三重區環河南路36號7樓之3,王顥,1000000,115/04/29,,,J601010 藝文服務業；I401010 一般廣告服務業；JB01010 會議及展覽服務業；I501010 產品設計業；J602010 演藝活動業；C701010 印刷業；J304010 圖書出版業；I301020 資料處理服務業；I301010 資訊軟體服務業；E801010 室內裝潢業,新北市,設立,11504
62258222,台灣永天新媒體有限公司,新北市永和區永和路2段57號7樓,何浩仁,2000000,115/04/30,,,I301060 網路廣告平臺業；I401010 一般廣告服務業；I401020 廣告傳單分送業；I501010 產品設計業；I599990 其他設計業；IZ12010 人力派遣業；IZ15010 市場研究及民意調查業；IZ99990 其他工商服務業；I102010 一般投資顧問業；I103060 管理顧問業,新北市,設立,11504
62258237,永昇企業管理顧問有限公司,新北市鶯歌區建國路526號,陳姿穎,6000000,115/04/29,,,H201010 一般投資業；ZZ99999 除許可業務外，得經營法令非禁止或限制之業務,新北市,設立,11504
62258258,輝研生技股份有限公司,新北市中和區橋和路15號5樓,黃馨儀,5000000,115/04/29,,,F208040 化粧品零售業；F108040 化粧品批發業；F206020 日常用品零售業；F106020 日常用品批發業；F207030 清潔用品零售業；F107030 清潔用品批發業；F213010 電器零售業；F206050 寵物食品及其用品零售業；F203010 食品什貨、飲料零售業；F215010 首飾及貴金屬零售業,新北市,設立,11504
62258264,晟安事業有限公司,新北市板橋區華江一路111號3樓之3,林全心,500000,115/04/30,,,E603040 消防安全設備安裝工程業；E603090 照明設備安裝工程業；E606010 用電設備檢驗維護業；E603020 電梯安裝工程業；IF01010 消防安全設備檢修業；E603050 自動控制設備工程業；E599010 配管工程業；E601010 電器承裝業；E601020 電器安裝業；E603010 電纜安裝工程業,新北市,設立,11504
62258270,庇蔭創造有限公司,新北市三重區重陽路4段130號12樓,林彥達,500000,115/04/29,,,F109070 文教、樂器、育樂用品批發業；F209060 文教、樂器、育樂用品零售業；F113020 電器批發業；F213010 電器零售業；F399040 無店面零售業；F601010 智慧財產權業；I301010 資訊軟體服務業；I301020 資料處理服務業；I301030 電子資訊供應服務業；I401010 一般廣告服務業,新北市,設立,11504
62258285,芮一室內裝修設計有限公司,新北市蘆洲區環堤大道42號(1樓),蕭佳琳,100000,115/04/30,,,E601010 電器承裝業；E601020 電器安裝業；E603010 電纜安裝工程業；E603040 消防安全設備安裝工程業；E603050 自動控制設備工程業；E603090 照明設備安裝工程業；E605010 電腦設備安裝業；E801010 室內裝潢業；E801020 門窗安裝工程業；E801030 室內輕鋼架工程業,新北市,設立,11504
62258308,于春桃食品有限公司,新北市林口區建成路59巷21號,劉式捷,300000,115/04/30,,,F501060 餐館業；F102040 飲料批發業；F203010 食品什貨、飲料零售業；F102170 食品什貨批發業；F399040 無店面零售業；ZZ99999 除許可業務外，得經營法令非禁止或限制之業務,新北市,設立,11504
62258314,時予創懿文化有限公司,新北市板橋區中山路1段1號23樓,崔明懿,500000,115/04/30,,,F399040 無店面零售業；I501010 產品設計業；I301030 電子資訊供應服務業；I199990 其他顧問服務業；I401010 一般廣告服務業；J601010 藝文服務業；I301010 資訊軟體服務業；I103060 管理顧問業；F218010 資訊軟體零售業；ZZ99999 除許可業務外，得經營法令非禁止或限制之業務,新北市,設立,11504
62258320,台灣龍耀環控有限公司,新北市中和區景平路201號,鄭惠慧,500000,115/04/30,,,E801010 室內裝潢業；E903010 防蝕、防銹工程業；F111090 建材批發業；F114030 汽、機車零件配備批發業；F199990 其他批發業；F211010 建材零售業；F214030 汽、機車零件配備零售業；F299990 其他零售業；F399040 無店面零售業；F401010 國際貿易業,新北市,設立,11504
62258335,順發五金百貨有限公司,新北市板橋區四川路1段136號2樓,廖瑋杰,100000,115/04/30,,,F299990 其他零售業；F399040 無店面零售業；F203010 食品什貨、飲料零售業；F204110 布疋、衣著、鞋、帽、傘、服飾品零售業；F205040 家具、寢具、廚房器具、裝設品零售業；F206010 五金零售業；F206020 日常用品零售業；F401010 國際貿易業；F102170 食品什貨批發業；F104110 布疋、衣著、鞋、帽、傘、服飾品批發業,新北市,設立,11504
62258341,致正有限公司,新北市新莊區富貴路492號6樓,楊達正,100000,115/04/30,,,F299990 其他零售業；F399040 無店面零售業；F203010 食品什貨、飲料零售業；F204110 布疋、衣著、鞋、帽、傘、服飾品零售業；F205040 家具、寢具、廚房器具、裝設品零售業；F206010 五金零售業；F206020 日常用品零售業；F401010 國際貿易業；F102170 食品什貨批發業；F104110 布疋、衣著、鞋、帽、傘、服飾品批發業,新北市,設立,11504
62258356,快行科技有限公司,新北市蘆洲區中正路119號5樓,林昆儀,200000,115/04/30,,,I301010 資訊軟體服務業；I301020 資料處理服務業；I301030 電子資訊供應服務業；I103060 管理顧問業；I401010 一般廣告服務業；F401010 國際貿易業；JZ99990 未分類其他服務業；ZZ99999 除許可業務外，得經營法令非禁止或限制之業務,新北市,設立,11504
62258362,奇義有限公司,新北市三重區中正北路15號4樓,陳履奇,100000,115/04/30,,,F299990 其他零售業；F399040 無店面零售業；F203010 食品什貨、飲料零售業；F204110 布疋、衣著、鞋、帽、傘、服飾品零售業；F205040 家具、寢具、廚房器具、裝設品零售業；F206010 五金零售業；F206020 日常用品零售業；F401010 國際貿易業；F102170 食品什貨批發業；F104110 布疋、衣著、鞋、帽、傘、服飾品批發業,新北市,設立,11504
62258378,金霸國際企業有限公司,新北市樹林區豐林街64號,江進興,1000000,115/04/30,,,F101050 水產品批發業；F201030 水產品零售業；F101130 蔬果批發業；F201010 農產品零售業；F101990 其他農、畜、水產品批發業；F201990 其他農畜水產品零售業；F102170 食品什貨批發業；F203010 食品什貨、飲料零售業；F104110 布疋、衣著、鞋、帽、傘、服飾品批發業；F204110 布疋、衣著、鞋、帽、傘、服飾品零售業,新北市,設立,11504
62258383,曜菲系統櫃有限公司,新北市土城區裕民路92巷27弄1號3樓,黃聖淇,200000,115/04/30,,,E601020 電器安裝業；E603020 電梯安裝工程業；E603040 消防安全設備安裝工程業；E603050 自動控制設備工程業；E603090 照明設備安裝工程業；E801010 室內裝潢業；E801020 門窗安裝工程業；E801030 室內輕鋼架工程業；E801040 玻璃安裝工程業；E801070 廚具、衛浴設備安裝工程業,新北市,設立,11504
62258399,峻宸股份有限公司,新北市新莊區新北大道3段3號18樓,曹峻豪,28000000,115/04/30,,,E801010 室內裝潢業；E801020 門窗安裝工程業；E801030 室內輕鋼架工程業；E801040 玻璃安裝工程業；E801070 廚具、衛浴設備安裝工程業；E901010 油漆工程業；F105050 家具、寢具、廚房器具、裝設品批發業；F106010 五金批發業；F111090 建材批發業；F205040 家具、寢具、廚房器具、裝設品零售業,新北市,設立,11504
62258406,宸岳企業有限公司,新北市新莊區富貴路502號7樓,李佩諪,200000,115/04/30,,,E603100 電焊工程業；E801010 室內裝潢業；E801020 門窗安裝工程業；E801030 室內輕鋼架工程業；E801040 玻璃安裝工程業；E801070 廚具、衛浴設備安裝工程業；E901010 油漆工程業；E903010 防蝕、防銹工程業；EZ99990 其他工程業；F105050 家具、寢具、廚房器具、裝設品批發業,新北市,設立,11504
62258412,鼎勝材料有限公司,新北市中和區莊敬路49巷17號3樓,詹越涵,1000000,115/04/30,,,F107030 清潔用品批發業；F107170 工業助劑批發業；F107200 化學原料批發業；F107990 其他化學製品批發業；F108040 化粧品批發業；F113030 精密儀器批發業；F119010 電子材料批發業；F207030 清潔用品零售業；F207170 工業助劑零售業；F207200 化學原料零售業,新北市,設立,11504
62258428,程懿有限公司,新北市永和區中正路626號5樓之4,曾維敏,200000,115/04/30,,,F102040 飲料批發業；F102170 食品什貨批發業；F106020 日常用品批發業；F203010 食品什貨、飲料零售業；F206020 日常用品零售業；F501030 飲料店業；F109070 文教、樂器、育樂用品批發業；F209060 文教、樂器、育樂用品零售業；F399010 便利商店業；F399040 無店面零售業,新北市,設立,11504
62258433,精兌實業有限公司,新北市永和區林森路44巷6弄10號5樓,葉思瑋,2000000,115/04/30,,,A102080 園藝服務業；E601010 電器承裝業；E601020 電器安裝業；E603010 電纜安裝工程業；E603090 照明設備安裝工程業；E603120 噴砂工程業；E701010 電信工程業；E701020 衛星電視ＫＵ頻道、Ｃ頻道器材安裝業；E701030 電信管制射頻器材裝設工程業；E801070 廚具、衛浴設備安裝工程業,新北市,設立,11504
62258454,東宸車業有限公司,新北市中和區成功路29號(1樓),蔡宸瑋,400000,115/04/30,,,F401010 國際貿易業；F114030 汽、機車零件配備批發業；F114020 機車批發業；F214030 汽、機車零件配備零售業；F214020 機車零售業；JA02020 機車修理業；F114050 車胎批發業；F214050 車胎零售業；JE01010 租賃業；F206010 五金零售業,新北市,設立,11504
62258460,博原數位科技股份有限公司,新北市三重區自強路4段3巷32號(2樓),廖倫群,1000000,115/04/30,,,I301010 資訊軟體服務業；I301030 電子資訊供應服務業；I301020 資料處理服務業；F218010 資訊軟體零售業；F213030 電腦及事務性機器設備零售業；F401010 國際貿易業；ZZ99999 除許可業務外，得經營法令非禁止或限制之業務,新北市,設立,11504
62258476,宇拓資訊整合有限公司,新北市汐止區新台五路1段95號20樓之6,潘韻竹,500000,115/04/30,,,F106010 五金批發業；F106020 日常用品批發業；F106040 水器材料批發業；F109070 文教、樂器、育樂用品批發業；F111090 建材批發業；F113010 機械批發業；F113020 電器批發業；F113030 精密儀器批發業；F113050 電腦及事務性機器設備批發業；F113060 度量衡器批發業,新北市,設立,11504
62258481,臻宇燕有限公司,新北市中和區中山路2段296號5樓之3,邱紹袀,1200000,115/04/30,,,F102170 食品什貨批發業；F203010 食品什貨、飲料零售業；F399040 無店面零售業；F401010 國際貿易業；I103060 管理顧問業；I501010 產品設計業；F107200 化學原料批發業；F106010 五金批發業；F106030 模具批發業；F113010 機械批發業,新北市,設立,11504
62258497,睿宸技術有限公司,新北市三重區中正北路15號4樓,司徒嘉萍,300000,115/04/30,,,E603050 自動控制設備工程業；F119010 電子材料批發業；F219010 電子材料零售業；F113030 精密儀器批發業；F213040 精密儀器零售業；F113010 機械批發業；F213080 機械器具零售業；F113020 電器批發業；F113050 電腦及事務性機器設備批發業；F213010 電器零售業,新北市,設立,11504
62258503,澄木禾作有限公司,新北市新莊區思源路173號4樓,黃韋堯,10000000,115/04/30,,,E801010 室內裝潢業；F105050 家具、寢具、廚房器具、裝設品批發業；E801070 廚具、衛浴設備安裝工程業；E901010 油漆工程業；F111090 建材批發業；F120010 耐火材料批發業；F205040 家具、寢具、廚房器具、裝設品零售業；F211010 建材零售業；F206010 五金零售業；F206020 日常用品零售業,新北市,設立,11504
62258519,衝衝科技有限公司,新北市中和區中正路736號14樓之3,王舜昱,100000,115/04/30,,,I301010 資訊軟體服務業；I301020 資料處理服務業；I301030 電子資訊供應服務業；F601010 智慧財產權業；F118010 資訊軟體批發業；F218010 資訊軟體零售業；I401010 一般廣告服務業；F213030 電腦及事務性機器設備零售業；I103060 管理顧問業；I199990 其他顧問服務業,新北市,設立,11504
62258525,禾漾國際股份有限公司,新北市中和區中原街26號13樓,侯怡如,1000000,115/04/30,,,F401010 國際貿易業；F108040 化粧品批發業；F107990 其他化學製品批發業；F107030 清潔用品批發業；F106020 日常用品批發業；F102170 食品什貨批發業；F199990 其他批發業；F208040 化粧品零售業；F208050 乙類成藥零售業；F207990 其他化學製品零售業,新北市,設立,11504
62258530,好拾有限公司,新北市八里區商港路12之1號11樓,鄭喬如,100000,115/04/30,,,E801010 室內裝潢業；E801020 門窗安裝工程業；E801030 室內輕鋼架工程業；E901010 油漆工程業；I501010 產品設計業；I401010 一般廣告服務業；I599990 其他設計業；F105050 家具、寢具、廚房器具、裝設品批發業；F111090 建材批發業；F401010 國際貿易業,新北市,設立,11504
62258546,天台七七有限公司,新北市三重區重新路2段77號,黃柏翰,1000000,115/04/30,,,F201010 農產品零售業；F203010 食品什貨、飲料零售業；F204110 布疋、衣著、鞋、帽、傘、服飾品零售業；F206020 日常用品零售業；F206050 寵物食品及其用品零售業；F207030 清潔用品零售業；F208040 化粧品零售業；F209060 文教、樂器、育樂用品零售業；F213010 電器零售業；F213080 機械器具零售業,新北市,設立,11504
62258551,宇商實業有限公司,新北市三重區自強路1段312巷1號(1樓),江宗武,500000,115/04/30,,,CB01010 機械設備製造業；CZ99990 未分類其他工業製品製造業；C805990 其他塑膠製品製造業；F113010 機械批發業；I599990 其他設計業；ZZ99999 除許可業務外，得經營法令非禁止或限制之業務,新北市,設立,11504
62258573,嘉靛股份有限公司,新北市蘆洲區集賢路224巷46弄8號,李志鵬,3000000,115/04/30,,,D101060 再生能源自用發電設備業；E601010 電器承裝業；H701050 投資興建公共建設業；H703100 不動產租賃業；H703090 不動產買賣業；I301010 資訊軟體服務業；I301030 電子資訊供應服務業；F213110 電池零售業；F113110 電池批發業；IG03010 能源技術服務業,新北市,設立,11504
62258601,鴻森智能控股有限公司,新北市蘆洲區和平路114巷5號2樓,邵奕翔,10000000,115/04/30,,,H201010 一般投資業,新北市,設立,11504
62258617,郁中國際企業有限公司,新北市新店區安興路125之2號6樓,李郁璇,200000,115/04/30,,,E801010 室內裝潢業；E801030 室內輕鋼架工程業；E801040 玻璃安裝工程業；E801070 廚具、衛浴設備安裝工程業；E901010 油漆工程業；E903010 防蝕、防銹工程業；J101010 建築物清潔服務業；J101120 營建混合物分類處理業；F111090 建材批發業；F211010 建材零售業,新北市,設立,11504
