統一編號,公司名稱,公司所在地,代表人,資本額,核准設立日期,核准變更日期,案由或變更事項,營業項目,縣市,清冊,期別
00000602,曾好文化股份有限公司,臺北市大安區復興南路1段352號2樓之3,曾詠茹,6000000,,115/04/01,改選董事/監察人(一人法人股東指派董事/監察人),F106060 寵物食品及其用品批發業；F206050 寵物食品及其用品零售業；F399040 無店面零售業；I401010 一般廣告服務業；F401010 國際貿易業；J304010 圖書出版業；J399990 其他出版業；I501010 產品設計業；I599990 其他設計業；IZ10010 排版業,臺北市,變更,11504
00004369,上禾醫務管理顧問有限公司,臺北市大安區敦化南路2段98號2樓,吳宛璇,2500000,,115/04/29,股東出資轉讓修正章程,I103060 管理顧問業；I199990 其他顧問服務業；IZ12010 人力派遣業；JZ99050 仲介服務業；I301010 資訊軟體服務業；I301020 資料處理服務業；IC01010 藥品檢驗業；F113030 精密儀器批發業；F208040 化粧品零售業；F208050 乙類成藥零售業,臺北市,變更,11504
00009863,來未生技有限公司,臺北市中山區長安東路2段63號4樓之1,方謹鈺,1000000,,115/04/22,公司所在地,F106020 日常用品批發業；F107070 動物用藥品批發業；F107080 環境用藥批發業；F108040 化粧品批發業；F113030 精密儀器批發業；F121010 食品添加物批發業；F199990 其他批發業；F203010 食品什貨、飲料零售業；F206020 日常用品零售業；F207080 環境用藥零售業,臺北市,變更,11504
00011256,艾妮爾有限公司,臺北市松山區南京東路5段188號6樓之5,林宥彤,1000000,,115/04/01,股東更名修正章程,F208040 化粧品零售業；F208050 乙類成藥零售業；F401010 國際貿易業；I501010 產品設計業；JZ99080 美容美髮服務業；JZ99110 瘦身美容業；ZZ99999 除許可業務外，得經營法令非禁止或限制之業務；F204110 布疋、衣著、鞋、帽、傘、服飾品零售業；F206010 五金零售業；F206020 日常用品零售業,臺北市,變更,11504
00012396,頻譜娛樂股份有限公司,臺北市大同區南京西路62號7樓,謝政豪,1110000,,115/04/14,特殊補正,F109070 文教、樂器、育樂用品批發業；F209060 文教、樂器、育樂用品零售業；F399040 無店面零售業；F401010 國際貿易業；I401010 一般廣告服務業；J303010 雜誌（期刊）出版業；J304010 圖書出版業；J305010 有聲出版業；J399990 其他出版業；I501010 產品設計業,臺北市,變更,11504
00017723,健生活股份有限公司,臺北市中山區玉門街1號1樓,趙孟彥,35707200,,115/04/16,特殊補正,F102040 飲料批發業；F102170 食品什貨批發業；F104110 布疋、衣著、鞋、帽、傘、服飾品批發業；F106020 日常用品批發業；F107030 清潔用品批發業；F108021 西藥批發業；F108031 醫療器材批發業；F108040 化粧品批發業；F221010 食品添加物零售業；F199990 其他批發業,臺北市,變更,11504
00019320,泓赫有限公司,臺北市中正區衡陽路10號7樓,李若華,2800000,,115/04/22,補繳規費,F102030 菸酒批發業；F102040 飲料批發業；F102170 食品什貨批發業；F108040 化粧品批發業；F102180 酒精批發業；F106020 日常用品批發業；F107030 清潔用品批發業；F105050 家具、寢具、廚房器具、裝設品批發業；F102050 茶葉批發業；F203020 菸酒零售業,臺北市,變更,11504
00027102,台企再造壹股份有限公司,臺北市中山區樂群三路128號12樓,黃日燦,30000000,,115/04/23,特殊補正,ZZ99999 除許可業務外，得經營法令非禁止或限制之業務；H201010 一般投資業,臺北市,變更,11504
00028600,振鑫資本股份有限公司,臺北市中正區林森北路7號5樓之1,葉帛鑫,70000000,,115/04/02,特殊補正,H201010 一般投資業,臺北市,變更,11504
00028714,丞臻創投管理顧問股份有限公司,臺北市松山區八德路3段2號10樓之1,謝政益,500000,,115/04/07,特殊補正,H201010 一般投資業；H202010 創業投資業；H701010 住宅及大樓開發租售業；H703100 不動產租賃業；I102010 一般投資顧問業；I103060 管理顧問業；I199990 其他顧問服務業；I301010 資訊軟體服務業；I301020 資料處理服務業；I301030 電子資訊供應服務業,臺北市,變更,11504
00033982,台灣蓓蓓股份有限公司,臺北市中山區建國北路2段262號2樓,森脇健一,1000000,,115/04/17,董事長變更,F104110 布疋、衣著、鞋、帽、傘、服飾品批發業；F106020 日常用品批發業；F204110 布疋、衣著、鞋、帽、傘、服飾品零售業；F206020 日常用品零售業；F399040 無店面零售業；F401010 國際貿易業；ZZ99999 除許可業務外，得經營法令非禁止或限制之業務,臺北市,變更,11504
00034130,普訊資本股份有限公司,臺北市內湖區洲子街79號2樓,高誌廷,100000,,115/04/23,公司名稱變更修正章程,H202010 創業投資業,臺北市,變更,11504
00038874,李面座有限公司,臺北市大同區民權西路153號14樓之3,李珮宜,600000,,115/04/22,修正章程,F106060 寵物食品及其用品批發業；F206050 寵物食品及其用品零售業；JZ99180 寵物美容服務業；JZ99190 寵物生命紀念業；JZ99990 未分類其他服務業；F203010 食品什貨、飲料零售業；F206020 日常用品零售業；J303010 雜誌（期刊）出版業；J304010 圖書出版業；J305010 有聲出版業,臺北市,變更,11504
00039515,宸誠有限公司,臺北市中正區金山北路1號5樓之7,康育誠,888888,,115/04/24,特殊補正,I103060 管理顧問業；I199990 其他顧問服務業；I301020 資料處理服務業；I599990 其他設計業；IZ99990 其他工商服務業；ZZ99999 除許可業務外，得經營法令非禁止或限制之業務,臺北市,變更,11504
00040891,錢潮股份有限公司,臺北市中山區明水路672巷32號1樓,廖信翔,7200000,,115/04/01,特殊補正,F501060 餐館業；ZZ99999 除許可業務外，得經營法令非禁止或限制之業務,臺北市,變更,11504
00041293,和邦興業股份有限公司,臺北市中山區民權東路2段71巷23號1樓,周亭妤,100000,,115/04/28,減少所營事業變更修正章程,F102030 菸酒批發業；F203020 菸酒零售業；F203010 食品什貨、飲料零售業；F501030 飲料店業；F102170 食品什貨批發業；C110010 飲料製造業；F102040 飲料批發業；I101090 食品顧問業；F102180 酒精批發業；F203030 酒精零售業,臺北市,變更,11504
00041625,全境教育股份有限公司,臺北市大安區忠孝東路4段169號7樓之1,吳映慧,52500000,,115/04/28,增資(資本總額),JA05010 留、遊學服務業；I103060 管理顧問業；I301010 資訊軟體服務業；I199990 其他顧問服務業；ZZ99999 除許可業務外，得經營法令非禁止或限制之業務,臺北市,變更,11504
00041694,歐尼克斯廣告有限公司,臺北市信義區基隆路1段206號18樓,張宗傑,5000000,,115/04/28,補繳規費,I401010 一般廣告服務業,臺北市,變更,11504
00042407,維爾富股份有限公司,臺北市松山區民生東路5段36巷6弄2號3樓,楊添理,1000000,,115/04/16,董事長印鑑變更,H701080 都市更新重建業；H701090 都市更新整建維護業；H701010 住宅及大樓開發租售業；H701020 工業廠房開發租售業；H703090 不動產買賣業；H703100 不動產租賃業；H701070 區段徵收及市地重劃代辦業；F111090 建材批發業；F211010 建材零售業；F401010 國際貿易業,臺北市,變更,11504
00043779,佳美生醫科技有限公司,臺北市信義區基隆路1段155號5樓之8,陳宥融,1000000,,115/04/15,特殊補正,F102170 食品什貨批發業；F203010 食品什貨、飲料零售業；F401010 國際貿易業；IG01010 生物技術服務業；JZ99050 仲介服務業；F107200 化學原料批發業；F207200 化學原料零售業；F101130 蔬果批發業；F201010 農產品零售業；F399040 無店面零售業,臺北市,變更,11504
00046874,智能悅信資訊股份有限公司,臺北市士林區文林路342號7樓,林品爵,12000000,,115/04/09,增資(資本總額),I301010 資訊軟體服務業；I301020 資料處理服務業；I301030 電子資訊供應服務業；IZ09010 管理系統驗證業；IZ12010 人力派遣業；IZ13010 網路認證服務業；IZ99990 其他工商服務業；I102010 一般投資顧問業；I103060 管理顧問業；I199990 其他顧問服務業,臺北市,變更,11504
00050200,如苑有限公司,臺北市大同區市民大道1段209號10樓之1,陳怡秀,500000,,115/04/07,特殊補正,H201010 一般投資業；F399040 無店面零售業；F401010 國際貿易業；ZZ99999 除許可業務外，得經營法令非禁止或限制之業務,臺北市,變更,11504
00050567,實現夢想國際文教有限公司,臺北市信義區基隆路1段206號18樓,施聿銘,400000,,115/04/24,補繳規費,I301010 資訊軟體服務業；F218010 資訊軟體零售業；I103060 管理顧問業；I199990 其他顧問服務業；IZ04010 翻譯業；F209060 文教、樂器、育樂用品零售業；F399040 無店面零售業；ZZ99999 除許可業務外，得經營法令非禁止或限制之業務,臺北市,變更,11504
00060024,鈺健好物有限公司,臺北市信義區信義路4段458號6樓,黃鈺茹,500000,,115/04/02,公司所營事業變更修正章程,F102170 食品什貨批發業；F203010 食品什貨、飲料零售業；F104110 布疋、衣著、鞋、帽、傘、服飾品批發業；F204110 布疋、衣著、鞋、帽、傘、服飾品零售業；F105050 家具、寢具、廚房器具、裝設品批發業；F205040 家具、寢具、廚房器具、裝設品零售業；F106010 五金批發業；F206010 五金零售業；F106020 日常用品批發業；F206020 日常用品零售業,臺北市,變更,11504
00066929,英屬維京群島商誠美有限公司,臺北市大安區忠孝東路4段183號13樓之2,何美玲,0,,115/04/29,辦事處所在地變更,,臺北市,變更,11504
00068095,墨心遊戲有限公司,臺北市中正區忠孝西路1段72號2樓之1,張少韞,6000000,,115/04/14,增資,I301010 資訊軟體服務業；I301030 電子資訊供應服務業；I301020 資料處理服務業；I401010 一般廣告服務業；I501010 產品設計業；I599990 其他設計業；CC01110 電腦及其週邊設備製造業；F118010 資訊軟體批發業；F218010 資訊軟體零售業；F401010 國際貿易業,臺北市,變更,11504
00070579,台灣迪睿合行銷股份有限公司,臺北市中山區南京東路2段167號3樓之1,筒井理記,25000000,,115/04/29,特殊補正,F101070 漁具批發業；F104110 布疋、衣著、鞋、帽、傘、服飾品批發業；F106010 五金批發業；F106020 日常用品批發業；F107010 漆料、塗料批發業；F107020 染料、顏料批發業；F107060 毒性及關注化學物質批發業；F107200 化學原料批發業；F108040 化粧品批發業；F109070 文教、樂器、育樂用品批發業,臺北市,變更,11504
00070830,秀泰全球影城股份有限公司,臺北市大同區承德路1段40號6樓,廖偉銘,250000000,,115/04/15,特殊補正,J403010 電影片映演業；J402010 電影片發行業；J601010 藝文服務業；J602010 演藝活動業；F203010 食品什貨、飲料零售業；F501030 飲料店業；I401010 一般廣告服務業；ZZ99999 除許可業務外，得經營法令非禁止或限制之業務,臺北市,變更,11504
00072886,卓越全球股份有限公司,臺北市中正區忠孝西路1段50號22樓之11,曾淑鈴,20000000,,115/04/22,額定資本額增加變更章程,I102010 一般投資顧問業；I103060 管理顧問業；I199990 其他顧問服務業；I301010 資訊軟體服務業；I301020 資料處理服務業；I301030 電子資訊供應服務業；IZ12010 人力派遣業；ZZ99999 除許可業務外，得經營法令非禁止或限制之業務,臺北市,變更,11504
00076362,拾號空間製作所有限公司,臺北市信義區松智路31巷11號1樓,張佑綸,5000000,,115/04/14,特殊補正,E601020 電器安裝業；E603040 消防安全設備安裝工程業；E603050 自動控制設備工程業；E603090 照明設備安裝工程業；E701040 簡易電信設備安裝業；E801010 室內裝潢業；E801020 門窗安裝工程業；E801030 室內輕鋼架工程業；E801040 玻璃安裝工程業；E801070 廚具、衛浴設備安裝工程業,臺北市,變更,11504
00077833,逸品投資有限公司,臺北市中山區南京東路2段90號4樓,賴穎,2000000,,115/04/28,補繳規費,H201010 一般投資業；ZZ99999 除許可業務外，得經營法令非禁止或限制之業務,臺北市,變更,11504
00078447,馨富管理顧問有限公司,臺北市中山區松江路315號11樓,簡如珊,12500000,,115/04/01,特殊補正,H201010 一般投資業；I102010 一般投資顧問業；I103060 管理顧問業；I199990 其他顧問服務業；I301010 資訊軟體服務業；I301020 資料處理服務業；I301030 電子資訊供應服務業；I401010 一般廣告服務業；F104110 布疋、衣著、鞋、帽、傘、服飾品批發業；F105050 家具、寢具、廚房器具、裝設品批發業,臺北市,變更,11504
00080149,三賀實業有限公司,臺北市大安區信義路4段210號11樓,劉家妤,50000000,,115/04/22,增資,F213010 電器零售業；F208040 化粧品零售業；H201010 一般投資業；I103060 管理顧問業；ZZ99999 除許可業務外，得經營法令非禁止或限制之業務,臺北市,變更,11504
00082821,翼直發有限公司,臺北市信義區光復南路495號4樓,劉翼儒,23830000,,115/04/28,補繳規費,H201010 一般投資業,臺北市,變更,11504
00084497,海派提提股份有限公司,臺北市信義區基隆路1段155號11樓之9,廖梓蒨,7000000,,115/04/15,特殊補正,F206020 日常用品零售業；F209060 文教、樂器、育樂用品零售業；F213030 電腦及事務性機器設備零售業；F218010 資訊軟體零售業；F399040 無店面零售業；F401010 國際貿易業；F601010 智慧財產權業；I102010 一般投資顧問業；I103060 管理顧問業；I199990 其他顧問服務業,臺北市,變更,11504
00086447,世瑞有限公司,臺北市大安區敦化南路1段187巷59號1樓,蔡博翔,500000,,115/04/17,股東出資轉讓修正章程,A102060 糧商業；F102040 飲料批發業；F102170 食品什貨批發業；F106020 日常用品批發業；F203010 食品什貨、飲料零售業；F203020 菸酒零售業；F399990 其他綜合零售業；F401010 國際貿易業；F501030 飲料店業；F501060 餐館業,臺北市,變更,11504
00089958,連祥國際有限公司,臺北市中山區民生西路66巷19號,張郡霖,100000,,115/04/23,特殊補正,F203010 食品什貨、飲料零售業；F501060 餐館業；ZZ99999 除許可業務外，得經營法令非禁止或限制之業務,臺北市,變更,11504
00093284,金金國際行銷股份有限公司,臺北市中正區南陽街1號5樓,賴信宏,1000000,,115/04/07,補繳規費,I199990 其他顧問服務業；I301010 資訊軟體服務業；I301030 電子資訊供應服務業；I401010 一般廣告服務業；I501010 產品設計業；IG01010 生物技術服務業；IG02010 研究發展服務業；IZ15010 市場研究及民意調查業；JZ99990 未分類其他服務業；JZ99050 仲介服務業,臺北市,變更,11504
00093783,明源禾璽股份有限公司,臺北市松山區復興北路15之2、3號、15號地下、長安東路2段215號地下,郭庭佑,85000000,,115/04/09,補繳規費,F203010 食品什貨、飲料零售業；H201010 一般投資業；H703100 不動產租賃業；I103060 管理顧問業；I401010 一般廣告服務業；JE01010 租賃業；ZZ99999 除許可業務外，得經營法令非禁止或限制之業務；F203020 菸酒零售業,臺北市,變更,11504
00094208,風車國際旅行社有限公司,臺北市中山區長安東路2段52號10樓,徐慧娟,6000000,,115/04/20,經理人變更,J902011 旅行業,臺北市,變更,11504
00095662,美房家國際不動產股份有限公司,臺北市大安區羅斯福路3段37號5樓,舒雨凡,501000000,,115/04/27,一般補正案,A201010 造林業；A201030 特殊林木經營業；A201040 森林遊樂區經營業；F601010 智慧財產權業；F401010 國際貿易業；I401010 一般廣告服務業；I301010 資訊軟體服務業；IZ13010 網路認證服務業；I301020 資料處理服務業；I301030 電子資訊供應服務業,臺北市,變更,11504
00097681,東京直播有限公司,臺北市大同區華陰街91號3樓之3,詹宗翰,750000,,115/04/29,特殊補正,F102170 食品什貨批發業；F104110 布疋、衣著、鞋、帽、傘、服飾品批發業；F105050 家具、寢具、廚房器具、裝設品批發業；F106020 日常用品批發業；F108040 化粧品批發業；F399040 無店面零售業；I401010 一般廣告服務業；I501010 產品設計業；ZZ99999 除許可業務外，得經營法令非禁止或限制之業務,臺北市,變更,11504
00097872,妍泌生技股份有限公司,臺北市松山區敦化北路207號8樓之7,鮑凌雯,5000000,,115/04/28,改派董事/監察人,F108040 化粧品批發業；F199990 其他批發業；F208040 化粧品零售業；F208050 乙類成藥零售業；F299990 其他零售業；F399990 其他綜合零售業；F401010 國際貿易業；I102010 一般投資顧問業；I103060 管理顧問業；I199990 其他顧問服務業,臺北市,變更,11504
00099647,真珠龍股份有限公司,臺北市大安區仁愛路4段376號13樓,張嘉亨,100000000,,115/04/08,特殊補正,C302010 織布業；C303010 不織布業；F401010 國際貿易業；C301010 紡紗業；C801120 人造纖維製造業；G801010 倉儲業；IZ06010 理貨包裝業；ZZ99999 除許可業務外，得經營法令非禁止或限制之業務,臺北市,變更,11504
00101947,詰禾管理顧問有限公司,臺北市松山區南京東路3段287號11樓,郭杰穎,250000,,115/04/30,公司所在地,J399010 軟體出版業；I301010 資訊軟體服務業；F399040 無店面零售業；F401010 國際貿易業；I401010 一般廣告服務業；H201010 一般投資業；I301020 資料處理服務業；I301030 電子資訊供應服務業；JB01010 會議及展覽服務業；F601010 智慧財產權業,臺北市,變更,11504
00104661,盛實投資股份有限公司,臺北市信義區基隆路1段333號13樓,鄭敦謙,364715650,,115/04/20,補繳規費,H201010 一般投資業；ZZ99999 除許可業務外，得經營法令非禁止或限制之業務,臺北市,變更,11504
00106979,台企再造管理顧問股份有限公司,臺北市中山區樂群三路128號12樓,黃日燦,50000000,,115/04/16,特殊補正,H201010 一般投資業；H202010 創業投資業；H204010 私募股權投資業；I102010 一般投資顧問業；I103060 管理顧問業；ZZ99999 除許可業務外，得經營法令非禁止或限制之業務,臺北市,變更,11504
00108499,吉天助智能科技股份有限公司,臺北市中山區建國北路2段262號2樓,楊正璽,1000000,,115/04/27,補繳規費,H201010 一般投資業；F119010 電子材料批發業；F219010 電子材料零售業；I301010 資訊軟體服務業；I301020 資料處理服務業；I301030 電子資訊供應服務業；I501010 產品設計業；I103060 管理顧問業；IG01010 生物技術服務業；IG02010 研究發展服務業,臺北市,變更,11504
00108532,鼎豐亞太控股股份有限公司,臺北市信義區松智路1號5樓,方翰瑋,353080000,,115/04/30,特殊補正,H201010 一般投資業；H202010 創業投資業；H701010 住宅及大樓開發租售業；H701020 工業廠房開發租售業；H701050 投資興建公共建設業；H702010 建築經理業；H703090 不動產買賣業；H703100 不動產租賃業；HZ99990 其他金融、保險及不動產業；ZZ99999 除許可業務外，得經營法令非禁止或限制之業務,臺北市,變更,11504
00109286,首席八八股份有限公司,臺北市信義區信義路5段7號57樓之1,陳郁雯,33400000,,115/04/14,特殊補正,H701010 住宅及大樓開發租售業；H701050 投資興建公共建設業；H703090 不動產買賣業；H703100 不動產租賃業；I103060 管理顧問業；F111090 建材批發業；F211010 建材零售業；F105050 家具、寢具、廚房器具、裝設品批發業；F205040 家具、寢具、廚房器具、裝設品零售業；F120010 耐火材料批發業,臺北市,變更,11504
00110586,暉燁實業有限公司,臺北市大安區信義路4段210號11樓,黃筱雯,55000000,,115/04/30,增資,H201010 一般投資業；I103060 管理顧問業；F207030 清潔用品零售業；F208040 化粧品零售業；F401010 國際貿易業；ZZ99999 除許可業務外，得經營法令非禁止或限制之業務,臺北市,變更,11504
00113583,杰峰數位股份有限公司,臺北市萬華區貴陽街2段51號17樓之2,鄭竣議,1500000,,115/04/22,特殊補正,I301060 網路廣告平臺業；I401010 一般廣告服務業；F399040 無店面零售業；I103060 管理顧問業；I102010 一般投資顧問業；I105010 藝術品諮詢顧問業；I199990 其他顧問服務業；F601010 智慧財產權業；H201010 一般投資業；H703090 不動產買賣業,臺北市,變更,11504
00116097,鑫囍探索旅行社股份有限公司,臺北市信義區松德路171號20樓,邱奕榮,33000000,,115/04/10,特殊補正,J902011 旅行業,臺北市,變更,11504
00116420,思物台灣股份有限公司,臺北市中山區中山北路2段62巷32號1樓,黃昱禎,7200000,,115/04/28,改派董事/監察人,F105050 家具、寢具、廚房器具、裝設品批發業；F204110 布疋、衣著、鞋、帽、傘、服飾品零售業；F205040 家具、寢具、廚房器具、裝設品零售業；F206020 日常用品零售業；F209060 文教、樂器、育樂用品零售業；F401010 國際貿易業；F399040 無店面零售業；F399990 其他綜合零售業；I501010 產品設計業；J601010 藝文服務業,臺北市,變更,11504
00118308,太祥國際有限公司,臺北市中山區民生西路66巷17號,謝孟軒,100000,,115/04/27,特殊補正,F203010 食品什貨、飲料零售業；ZZ99999 除許可業務外，得經營法令非禁止或限制之業務,臺北市,變更,11504
00119355,國巨實業有限公司,臺北市中山區錦州街46號9樓之3,郭月珠,100000,,115/04/15,股東出資轉讓修正章程,F102030 菸酒批發業；F102170 食品什貨批發業；F109070 文教、樂器、育樂用品批發業；I103060 管理顧問業,臺北市,變更,11504
00120260,匯幸資產管理有限公司,臺北市大安區新生南路1段111號地下4層,林辰澤,3000000,,115/04/21,公司所在地,H704031 不動產仲介經紀業；H701010 住宅及大樓開發租售業；H701020 工業廠房開發租售業；H701050 投資興建公共建設業；H701060 新市鎮、新社區開發業；H701070 區段徵收及市地重劃代辦業；H701090 都市更新整建維護業；H703090 不動產買賣業；H703100 不動產租賃業；I103060 管理顧問業,臺北市,變更,11504
00121373,向陽萬金光電股份有限公司,臺北市大安區敦化南路2段99號12樓,陳貴光,65000000,,115/04/02,補選董事(常務董事.董事長)/監察人,D101060 再生能源自用發電設備業；IG03010 能源技術服務業；A101020 農作物栽培業；F101130 蔬果批發業；ZZ99999 除許可業務外，得經營法令非禁止或限制之業務,臺北市,變更,11504
00121583,安睿嘉爾管理顧問股份有限公司,臺北市信義區信義路5段7號55樓之1,王獻麟,13812500,,115/04/15,公司所在地,I103060 管理顧問業；I102010 一般投資顧問業；I199990 其他顧問服務業；J202010 產業育成業；ZZ99999 除許可業務外，得經營法令非禁止或限制之業務,臺北市,變更,11504
00121710,中研管理顧問股份有限公司,臺北市中山區南京東路2段140號4樓,李昌鴻,29990000,,115/04/14,特殊補正,I102010 一般投資顧問業；I103060 管理顧問業；I199990 其他顧問服務業；IZ12010 人力派遣業；H201010 一般投資業；H204010 私募股權投資業,臺北市,變更,11504
00124337,台灣魁力屋國際股份有限公司,臺北市信義區基隆路2段51號14樓,田口剛,45000000,,115/04/13,改派董事/監察人,F102030 菸酒批發業；F102040 飲料批發業；F102170 食品什貨批發業；F109070 文教、樂器、育樂用品批發業；F113010 機械批發業；F113020 電器批發業；F113990 其他機械器具批發業；F203010 食品什貨、飲料零售業；F203020 菸酒零售業；F209060 文教、樂器、育樂用品零售業,臺北市,變更,11504
00127783,潛力股有限公司,臺北市松山區八德路3段232號7樓之1,王亮卜,5000000,,115/04/08,增資,H201010 一般投資業,臺北市,變更,11504
00128158,印學國際股份有限公司,臺北市信義區基隆路1段159號16樓之2,倪夢麒,500000,,115/04/17,特殊補正,JZ99050 仲介服務業；I103060 管理顧問業；ZZ99999 除許可業務外，得經營法令非禁止或限制之業務,臺北市,變更,11504
00129430,堡誠有限公司,臺北市中正區福州路11之10號3樓,劉祐成,2000000,,115/04/02,特殊補正,I102010 一般投資顧問業；I103060 管理顧問業；ZZ99999 除許可業務外，得經營法令非禁止或限制之業務；H201010 一般投資業,臺北市,變更,11504
00134216,豪勤貿易有限公司,臺北市萬華區廣州街81巷5之2號1樓,謝伊臻,200000,,115/04/01,申登機關變更（遷入，含卷）,F109070 文教、樂器、育樂用品批發業；F104110 布疋、衣著、鞋、帽、傘、服飾品批發業；F106010 五金批發業；F106020 日常用品批發業；F107030 清潔用品批發業；F111090 建材批發業；F113010 機械批發業；F113020 電器批發業；F113050 電腦及事務性機器設備批發業；F113990 其他機械器具批發業,臺北市,變更,11504
00138971,樂芙朵芙有限公司,臺北市中正區忠孝西路1段45號12樓,程郁惠,1000000,,115/04/13,特殊補正,F101100 花卉批發業；F104110 布疋、衣著、鞋、帽、傘、服飾品批發業；F106020 日常用品批發業；F201070 花卉零售業；F203010 食品什貨、飲料零售業；F204110 布疋、衣著、鞋、帽、傘、服飾品零售業；F206020 日常用品零售業；F399040 無店面零售業；F601010 智慧財產權業；I103060 管理顧問業,臺北市,變更,11504
00139850,市井映画有限公司,臺北市松山區南京東路5段188號3樓之2,靳家驊,400000,,115/04/22,特殊補正,I401010 一般廣告服務業；I501010 產品設計業；J304010 圖書出版業；J305010 有聲出版業；J601010 藝文服務業；J602010 演藝活動業；JZ99030 攝影業；F401010 國際貿易業；J401010 電影片製作業；J402010 電影片發行業,臺北市,變更,11504
00143658,富品租管家股份有限公司,臺北市大安區羅斯福路2段91號16樓,黃靖雅,2000000,,115/04/17,改選董事/監察人(一人法人股東指派董事/監察人),H703100 不動產租賃業；JE01010 租賃業；I103060 管理顧問業；E801010 室內裝潢業；I503010 景觀、室內設計業；I102010 一般投資顧問業；I401010 一般廣告服務業；IZ12010 人力派遣業；H202010 創業投資業；H703090 不動產買賣業,臺北市,變更,11504
00144592,共享爺奶股份有限公司,臺北市中正區館前路59號9樓,彭啟東,400000,,115/04/20,補繳規費,I301030 電子資訊供應服務業；I301020 資料處理服務業；J304010 圖書出版業；J202010 產業育成業；JZ99050 仲介服務業；I103060 管理顧問業；J601010 藝文服務業；J602010 演藝活動業；I599990 其他設計業；JZ99030 攝影業,臺北市,變更,11504
00144896,綠研舍計開發股份有限公司,臺北市松山區民生東路5段2之1號,童立姍,6000000,,115/04/17,特殊補正,F105050 家具、寢具、廚房器具、裝設品批發業；F205040 家具、寢具、廚房器具、裝設品零售業；F106010 五金批發業；F106020 日常用品批發業；F107010 漆料、塗料批發業；F111090 建材批發業；F113020 電器批發業；F206010 五金零售業；F206020 日常用品零售業；F211010 建材零售業,臺北市,變更,11504
00146727,鴻彩興業有限公司,臺北市中正區忠孝東路1段76號12樓之1,游愛鈴,5000000,,115/04/02,特殊補正,IZ06010 理貨包裝業；G801010 倉儲業；EZ02010 起重工程業；F401010 國際貿易業；IZ12010 人力派遣業；J101090 廢棄物清理業；JE01010 租賃業；G799990 其他運輸輔助業；I199990 其他顧問服務業；I301010 資訊軟體服務業,臺北市,變更,11504
00149920,仙女星股份有限公司,臺北市中山區中山北路3段27號9樓之2,陳映彤,32250000,,115/04/14,補繳規費,F102170 食品什貨批發業；F108040 化粧品批發業；F203010 食品什貨、飲料零售業；F208040 化粧品零售業；F102020 食用油脂批發業；F102040 飲料批發業；F104110 布疋、衣著、鞋、帽、傘、服飾品批發業；F105050 家具、寢具、廚房器具、裝設品批發業；F109070 文教、樂器、育樂用品批發業；F121010 食品添加物批發業,臺北市,變更,11504
00152570,普林斯戶外有限公司,臺北市中正區南昌路2段112號之1、2、3、5、6、8、9、10、11、12、13及15一樓,李治良,1100000,,115/04/10,特殊補正,F399990 其他綜合零售業；F301010 百貨公司業；F209060 文教、樂器、育樂用品零售業；F109070 文教、樂器、育樂用品批發業；F401010 國際貿易業；CH01010 體育用品製造業；ZZ99999 除許可業務外，得經營法令非禁止或限制之業務,臺北市,變更,11504
00153206,朕瑞企業有限公司,臺北市大安區新生南路3段96號2樓,許傑翔,1000000,,115/04/24,特殊補正,C104020 烘焙炊蒸食品製造業；C110010 飲料製造業；E801010 室內裝潢業；F102040 飲料批發業；F102050 茶葉批發業；F102170 食品什貨批發業；F203010 食品什貨、飲料零售業；F203020 菸酒零售業；F206020 日常用品零售業；F299990 其他零售業,臺北市,變更,11504
00153228,必久有限公司,臺北市中山區中山北路2段50巷31號,許宜文,92000000,,115/04/24,修正章程,H202010 創業投資業；F401010 國際貿易業；F206020 日常用品零售業；H703100 不動產租賃業；I501010 產品設計業；ZZ99999 除許可業務外，得經營法令非禁止或限制之業務,臺北市,變更,11504
00153310,凱登顧問有限公司,臺北市大安區敦化南路1段205號7樓之5,莊惠玲,500000,,115/04/27,特殊補正,F119010 電子材料批發業；F219010 電子材料零售業；F401010 國際貿易業；I103060 管理顧問業；I199990 其他顧問服務業；ZZ99999 除許可業務外，得經營法令非禁止或限制之業務；F201070 花卉零售業；I504010 花藝設計業,臺北市,變更,11504
00154253,合作愉快有限公司,臺北市士林區德行西路86號1樓,徐廣澤,1000000,,115/04/08,特殊補正,F299990 其他零售業；G801010 倉儲業；IZ06010 理貨包裝業；IZ12010 人力派遣業；ZZ99999 除許可業務外，得經營法令非禁止或限制之業務,臺北市,變更,11504
00155041,茂琿股份有限公司,臺北市大安區忠孝東路4段87號11樓之8,吳京恩,5000000,,115/04/23,特殊補正,F102170 食品什貨批發業；F102020 食用油脂批發業；F107030 清潔用品批發業；F108040 化粧品批發業；F203010 食品什貨、飲料零售業；F399040 無店面零售業；F401010 國際貿易業；F208040 化粧品零售業；F207030 清潔用品零售業；ZZ99999 除許可業務外，得經營法令非禁止或限制之業務,臺北市,變更,11504
00157147,復頤有限公司,臺北市松山區復興北路201號10樓之4,黃宜和,5000000,,115/04/07,股東出資轉讓修正章程,F106060 寵物食品及其用品批發業；F206050 寵物食品及其用品零售業；F399040 無店面零售業；F401010 國際貿易業；ZZ99999 除許可業務外，得經營法令非禁止或限制之業務,臺北市,變更,11504
00160902,星曄家飾有限公司,臺北市中正區新生南路1段6號3樓之4,劉晏瑜,1000000,,115/04/10,特殊補正,F104110 布疋、衣著、鞋、帽、傘、服飾品批發業；F204110 布疋、衣著、鞋、帽、傘、服飾品零售業；F205040 家具、寢具、廚房器具、裝設品零售業；E801010 室內裝潢業；I501010 產品設計業；I503010 景觀、室內設計業；I599990 其他設計業；ZZ99999 除許可業務外，得經營法令非禁止或限制之業務,臺北市,變更,11504
00161542,首位國際商務股份有限公司,臺北市松山區復興南路1段27號5樓之2,楊宗翰,100000,,115/04/28,董事/監察人持股變動報備,F401010 國際貿易業；I199990 其他顧問服務業；F399040 無店面零售業；I301060 網路廣告平臺業；JB01010 會議及展覽服務業；E605010 電腦設備安裝業；F104110 布疋、衣著、鞋、帽、傘、服飾品批發業；F109070 文教、樂器、育樂用品批發業；F118010 資訊軟體批發業；F204110 布疋、衣著、鞋、帽、傘、服飾品零售業,臺北市,變更,11504
00162394,爽爽爽股份有限公司,臺北市大安區忠孝東路4段166號6樓之2,楊建綱,1000000,,115/04/28,公司所在地,IG01010 生物技術服務業；IG02010 研究發展服務業；IG03010 能源技術服務業；C801100 合成樹脂及塑膠製造業；C805010 塑膠皮、布、板、管材製造業；C805030 塑膠日用品製造業；C805050 工業用塑膠製品製造業；C805070 強化塑膠製品製造業；C805990 其他塑膠製品製造業；F102170 食品什貨批發業,臺北市,變更,11504
00165049,梵天餐飲管理顧問有限公司,臺北市松山區八德路4段465號7樓,陳瑋涵,1000000,,115/04/29,特殊補正,I401010 一般廣告服務業；I301010 資訊軟體服務業；I301020 資料處理服務業；I301030 電子資訊供應服務業；I301060 網路廣告平臺業；I501010 產品設計業；JZ99050 仲介服務業；CH01030 文具製造業；F109070 文教、樂器、育樂用品批發業；F501060 餐館業,臺北市,變更,11504
00165272,星傳創意有限公司,臺北市信義區基隆路2段149之49號3樓之2,田育瑋,1000000,,115/04/23,減少所營事業變更修正章程,F102040 飲料批發業；F107030 清潔用品批發業；F112040 石油製品批發業；F212050 石油製品零售業；F113050 電腦及事務性機器設備批發業；F114040 自行車及其零件批發業；F102170 食品什貨批發業；F203010 食品什貨、飲料零售業；F102030 菸酒批發業；F203020 菸酒零售業,臺北市,變更,11504
00169832,利盛有限公司,臺北市中山區南京東路2段140號4樓,賴威宇,1000000,,115/04/29,增資,H201010 一般投資業；H703090 不動產買賣業；H703100 不動產租賃業；F401010 國際貿易業；F102170 食品什貨批發業；F203010 食品什貨、飲料零售業；I103060 管理顧問業；I199990 其他顧問服務業；JZ99990 未分類其他服務業；ZZ99999 除許可業務外，得經營法令非禁止或限制之業務,臺北市,變更,11504
00170541,愛福樂有限公司,臺北市中山區南京東路3段201號9樓,胡蓓蓓,27900000,,115/04/30,增資,H201010 一般投資業,臺北市,變更,11504
00172061,鍹騰投資控股股份有限公司,臺北市中正區忠孝東路2段80號3樓,蔡文龍,10000000,,115/04/13,特殊補正,I103060 管理顧問業；I102010 一般投資顧問業；J202010 產業育成業；H201010 一般投資業；ZZ99999 除許可業務外，得經營法令非禁止或限制之業務,臺北市,變更,11504
00176550,強勢控股有限公司,臺北市松山區八德路3段2號10樓之1,強家燊,1000000,,115/04/28,特殊補正,H201010 一般投資業；I102010 一般投資顧問業；I103060 管理顧問業；I199990 其他顧問服務業；I401010 一般廣告服務業；F401010 國際貿易業；ZZ99999 除許可業務外，得經營法令非禁止或限制之業務,臺北市,變更,11504
00177116,合拓工程有限公司,臺北市信義區基隆路2段145號10樓,林祈亨,200000,,115/04/22,特殊補正,ZZ99999 除許可業務外，得經營法令非禁止或限制之業務；E601010 電器承裝業；E601020 電器安裝業；E603110 冷作工程業；E603010 電纜安裝工程業；EZ15010 保溫、保冷安裝工程業；E599010 配管工程業；E801010 室內裝潢業；C501990 其他木製品製造業；I503010 景觀、室內設計業,臺北市,變更,11504
00177349,亞昇電子有限公司,臺北市中正區南昌路1段54巷18號1樓,李玟慧,3000000,,115/04/10,股東出資轉讓修正章程,F119010 電子材料批發業；F219010 電子材料零售業；F118010 資訊軟體批發業；F218010 資訊軟體零售業；I301010 資訊軟體服務業；I301020 資料處理服務業；CC01080 電子零組件製造業；CC01990 其他電機及電子機械器材製造業；F601010 智慧財產權業；I501010 產品設計業,臺北市,變更,11504
00177517,睿宜智能股份有限公司,臺北市大安區信義路4段1號2樓,吳宗叡,5500000,,115/04/23,特殊補正,F118010 資訊軟體批發業；F218010 資訊軟體零售業；F399040 無店面零售業；F401010 國際貿易業；I103060 管理顧問業；I301010 資訊軟體服務業；I301030 電子資訊供應服務業；IZ12010 人力派遣業；IZ99990 其他工商服務業；ZZ99999 除許可業務外，得經營法令非禁止或限制之業務,臺北市,變更,11504
00180105,向陽萬德光電股份有限公司,臺北市大安區敦化南路2段99號12樓,陳貴光,65000000,,115/04/02,改選董事/監察人(一人法人股東指派董事/監察人),D101060 再生能源自用發電設備業；IG03010 能源技術服務業；A101020 農作物栽培業；F101130 蔬果批發業；ZZ99999 除許可業務外，得經營法令非禁止或限制之業務,臺北市,變更,11504
00180631,雅堂股份有限公司,臺北市中山區復興北路172號4樓,胡欣芸,1000000,,115/04/13,特殊補正,F107010 漆料、塗料批發業；F107200 化學原料批發業；F111090 建材批發業；F113010 機械批發業；F114030 汽、機車零件配備批發業；F118010 資訊軟體批發業；F119010 電子材料批發業；F207010 漆料、塗料零售業；F207020 染料、顏料零售業；F207030 清潔用品零售業,臺北市,變更,11504
00182053,維永有限公司,臺北市內湖區金龍路203之5號1樓,李至堯,500000,,115/04/17,特殊補正,F203010 食品什貨、飲料零售業；F208040 化粧品零售業；F399040 無店面零售業；F401010 國際貿易業；ZZ99999 除許可業務外，得經營法令非禁止或限制之業務；I103060 管理顧問業；I101090 食品顧問業；I501010 產品設計業,臺北市,變更,11504
00183102,天盛國際有限公司,臺北市信義區忠孝東路5段1之8號2樓,羅建弘,5000000,,115/04/27,增資,F111090 建材批發業；F120010 耐火材料批發業；F114030 汽、機車零件配備批發業；F214030 汽、機車零件配備零售業；E801010 室內裝潢業；E801070 廚具、衛浴設備安裝工程業；CC01010 發電、輸電、配電機械製造業；D101050 汽電共生業；D101060 再生能源自用發電設備業；D401010 熱能供應業,臺北市,變更,11504
00185452,月曜日有限公司,臺北市中正區博愛路25號7樓之17,王慶煌,100000,,115/04/13,申登機關變更（遷入，含卷）,F399040 無店面零售業；F401010 國際貿易業；F107030 清潔用品批發業；F207030 清潔用品零售業；F108040 化粧品批發業；F208040 化粧品零售業；F106010 五金批發業；F206010 五金零售業；F106020 日常用品批發業；F206020 日常用品零售業,臺北市,變更,11504
00187677,安吉洛有限公司,臺北市信義區林口街174號1樓,露億偲阿候,1000000,,115/04/22,特殊補正,F102030 菸酒批發業；F203020 菸酒零售業；F203040 雪茄零售業；F401161 菸類輸入業；F401010 國際貿易業；ZZ99999 除許可業務外，得經營法令非禁止或限制之業務,臺北市,變更,11504
00188845,墨山空間製作室內裝修有限公司,臺北市士林區基河路16號7樓之6,李子雋,2000000,,115/04/10,增資,E801060 室內裝修業；E801010 室內裝潢業；I503010 景觀、室內設計業；ZZ99999 除許可業務外，得經營法令非禁止或限制之業務,臺北市,變更,11504
00192046,雲昭生命有限公司,臺北市中山區南京東路2段140號4樓,梁成倫,999999,,115/04/20,增資,ZZ99999 除許可業務外，得經營法令非禁止或限制之業務；JZ99151 殯葬禮儀服務業；F106070 祭祀用品批發業；F206060 祭祀用品零售業；JE01010 租賃業；F104110 布疋、衣著、鞋、帽、傘、服飾品批發業；F204110 布疋、衣著、鞋、帽、傘、服飾品零售業；F101100 花卉批發業；F201070 花卉零售業；F101130 蔬果批發業,臺北市,變更,11504
00193404,崇沐健康股份有限公司,臺北市北投區北投路2段9號4樓,鄭友琦,7400000,,115/04/29,特殊補正,E605010 電腦設備安裝業；F209060 文教、樂器、育樂用品零售業；F216010 照相器材零售業；F218010 資訊軟體零售業；I101090 食品顧問業；I103060 管理顧問業；I105010 藝術品諮詢顧問業；I199990 其他顧問服務業；I301010 資訊軟體服務業；I301020 資料處理服務業,臺北市,變更,11504
00193848,喵皇科技股份有限公司,臺北市大同區南京西路163號2樓之52,孫廷瑋,8000000,,115/04/16,補繳規費,H201010 一般投資業；F113050 電腦及事務性機器設備批發業；F119010 電子材料批發業；F213030 電腦及事務性機器設備零售業；F219010 電子材料零售業；F401010 國際貿易業；JZ99050 仲介服務業；ZZ99999 除許可業務外，得經營法令非禁止或限制之業務,臺北市,變更,11504
00193988,寬家開發建築股份有限公司,臺北市大安區忠孝東路4段148號10樓之10,李俊興,3600000,,115/04/15,改選董事/監察人(一人法人股東指派董事/監察人),E101011 綜合營造業；E401010 疏濬業；E402010 沙石、淤泥海拋業；E502010 燃料導管安裝工程業；E603040 消防安全設備安裝工程業；E603090 照明設備安裝工程業；E801010 室內裝潢業；E903010 防蝕、防銹工程業；EZ11010 球場跑道樹脂材料鋪設工程業；EZ14010 運動場地用設備工程業,臺北市,變更,11504
00196280,穎貝有限公司,臺北市內湖區內湖路1段591巷2號,楊麗,6916050,,115/04/24,特殊補正,"F102040 飲料批發業(限中華民國行業標準分類4547非酒精飲料批發業)；F102050 茶葉批發業(限中華民國行業標準分類4548咖啡、茶葉及香料批發業)；F102170 食品什貨批發業(限中華民國行業標準分類4544冷凍調理食品批發業、4545乳製品、蛋及食用油脂批發業、4548咖啡、茶葉及香料批發業及4549其他食品批發業;農產品市場交易法所稱之農產品批發場除外)；F106020 日常用品批發業(限中華民國行業標準分類4569其他家庭器具及用品批發業)；F203010 食品什貨、飲料零售業(限中華民國行業標準分類4711食品飲料為主之綜合商品零售業及4729其他食品及飲料、菸草製品零售業;藥局、藥房、藥粧店或活動物之零售除外)；F206020 日常用品零售業(限中華民國行業標準分類4749其他家庭器具及用品零售業)；F501030 飲料店業(限中華民國行業標準分類5621非酒精飲料店業)；F109070 文教、樂器、育樂用品批發業(限中華民國行業標準分類4581書籍、文具批發業、4582運動用品、器材批發業及4583玩具、娛樂用品批發業),但不得經營書籍、報紙、雜誌之批發業務；F209060 文教、樂器、育樂用品零售業(限中華民國行業標準分類4761書籍、文具零售業、4762運動用品、器材零售業、4763玩具、娛樂用品零售業及4764音樂帶及影片零售業),但不得經營書籍、報紙、雜誌之零售業務；F104110 布疋、衣著、鞋、帽、傘、服飾品批發業(限中華民國行業標準分類4551布疋批發業、4552服裝及其配件批發業、4553鞋類批發業及4559其他服飾品批發業)",臺北市,變更,11504
00196747,家功場放學趣有限公司,臺北市大同區南京西路57號3樓之8,蔣章麒,2000000,,115/04/23,增資,I199990 其他顧問服務業；J305010 有聲出版業；J304010 圖書出版業；J799990 其他休閒服務業；J802010 運動訓練業；JA05010 留、遊學服務業；JB01010 會議及展覽服務業；JE01010 租賃業；F214010 汽車零售業；ZZ99999 除許可業務外，得經營法令非禁止或限制之業務,臺北市,變更,11504
00197366,探險家旅行社股份有限公司,臺北市中山區南京東路1段92號9樓之1,葛禕,6068000,,115/04/29,特殊補正,J902011 旅行業,臺北市,變更,11504
00197767,一起快樂吃飽阿股份有限公司,臺北市中正區館前路2號12樓,郭全榮,3060000,,115/04/09,特殊補正,F102170 食品什貨批發業；F199990 其他批發業；F203010 食品什貨、飲料零售業；F299990 其他零售業；F399040 無店面零售業；F401010 國際貿易業；H201010 一般投資業；I101090 食品顧問業；I401010 一般廣告服務業；I199990 其他顧問服務業,臺北市,變更,11504
00201066,生命運動力學有限公司,臺北市松山區民生東路3段128號3樓之1,"成塚輝彥(NARITSUKA,TERUHIKO)",550000,,115/04/30,改推董事/董事長,F299990 其他零售業；F399990 其他綜合零售業；F209060 文教、樂器、育樂用品零售業；F204110 布疋、衣著、鞋、帽、傘、服飾品零售業；F206020 日常用品零售業；F203010 食品什貨、飲料零售業；F399040 無店面零售業；F104110 布疋、衣著、鞋、帽、傘、服飾品批發業；F106020 日常用品批發業；F199990 其他批發業,臺北市,變更,11504
00201592,自要大娛樂有限公司,臺北市信義區信義路4段415號14樓之1,白凡孝,100000,,115/04/08,特殊補正,J305010 有聲出版業；JZ99990 未分類其他服務業；JZ99030 攝影業；JZ99050 仲介服務業；JE01010 租賃業；JB01010 會議及展覽服務業；J799990 其他休閒服務業；J701090 錄影節目帶播映業；J604010 聲音錄製及音樂發行業；J603010 音樂展演空間業,臺北市,變更,11504
00204556,雙匯股份有限公司,臺北市大安區忠孝東路3段305號6樓之1,徐立軒,2200000,,115/04/23,特殊補正,F119010 電子材料批發業；F113050 電腦及事務性機器設備批發業；F219010 電子材料零售業；F213030 電腦及事務性機器設備零售業；F401010 國際貿易業；F113020 電器批發業；F213010 電器零售業；F106010 五金批發業；F206010 五金零售業；F203010 食品什貨、飲料零售業,臺北市,變更,11504
00205295,頤輝投資股份有限公司,臺北市信義區基隆路1段333號13樓,鄭敦謙,142867000,,115/04/20,補繳規費,H201010 一般投資業；ZZ99999 除許可業務外，得經營法令非禁止或限制之業務,臺北市,變更,11504
00209285,數泰有限公司,臺北市信義區光復南路495號4樓,曾淮揚,800000,,115/04/10,特殊補正,F205040 家具、寢具、廚房器具、裝設品零售業；F204110 布疋、衣著、鞋、帽、傘、服飾品零售業；F105050 家具、寢具、廚房器具、裝設品批發業；F104110 布疋、衣著、鞋、帽、傘、服飾品批發業；F501060 餐館業；F203020 菸酒零售業；F401010 國際貿易業；ZZ99999 除許可業務外，得經營法令非禁止或限制之業務,臺北市,變更,11504
00209433,省立化節能開發有限公司,臺北市中正區忠孝東路1段49巷17號3樓,邱誼婷,2000000,,115/04/21,特殊補正,CB01010 機械設備製造業；F213080 機械器具零售業；F113010 機械批發業；CC01030 電器及視聽電子產品製造業；F213010 電器零售業；F113020 電器批發業；D401010 熱能供應業；F213110 電池零售業；D101060 再生能源自用發電設備業；CC01010 發電、輸電、配電機械製造業,臺北市,變更,11504
00210380,大花咸豐草影業有限公司,臺北市中正區博愛路60號6樓,劉咸立,1000000,,115/04/17,股東出資轉讓修正章程,J401010 電影片製作業；J399990 其他出版業；J402010 電影片發行業；J404010 動畫影片製作業；J404020 提供設備及場地供電影片拍攝業；J503010 廣播節目製作業；J503020 電視節目製作業；J503030 廣播電視節目發行業；J503040 廣播電視廣告業；J601010 藝文服務業,臺北市,變更,11504
00211120,豪杰有限公司,臺北市中山區南京東路3段201號9樓,胡蕾蕾,27900000,,115/04/29,增資,H201010 一般投資業,臺北市,變更,11504
00211395,台灣杜邦工業科技股份有限公司,臺北市松山區敦化北路167號13樓,李珏,1000000,,115/04/10,修正章程,F112040 石油製品批發業；F212050 石油製品零售業；C803990 其他石油及煤製品製造業；F401010 國際貿易業；ZZ99999 除許可業務外，得經營法令非禁止或限制之業務,臺北市,變更,11504
00212824,彼特思方舟股份有限公司,臺北市信義區松仁路107號7樓,LIU KEVIN GUAN WEN,10010000,,115/04/10,特殊補正,F118010 資訊軟體批發業；F218010 資訊軟體零售業；I301010 資訊軟體服務業；I301020 資料處理服務業；I301030 電子資訊供應服務業；IZ09010 管理系統驗證業；F601010 智慧財產權業；IZ13010 網路認證服務業；J399010 軟體出版業；ZZ99999 除許可業務外，得經營法令非禁止或限制之業務,臺北市,變更,11504
00214055,活沛有限公司,臺北市大安區和平東路3段70之2號1樓,張孟瑄,1000000,,115/04/15,公司所在地,F206050 寵物食品及其用品零售業；F106060 寵物食品及其用品批發業；F104110 布疋、衣著、鞋、帽、傘、服飾品批發業；F204110 布疋、衣著、鞋、帽、傘、服飾品零售業；F107030 清潔用品批發業；F207030 清潔用品零售業；F107070 動物用藥品批發業；F207070 動物用藥零售業；F299990 其他零售業；F399040 無店面零售業,臺北市,變更,11504
00214766,迅通事業有限公司,臺北市松山區南京東路5段356號8樓之1,馮盈瑛,1000000,,115/04/08,公司所營事業變更修正章程,F213010 電器零售業；F214010 汽車零售業；I301010 資訊軟體服務業；I301020 資料處理服務業；F113020 電器批發業；F114010 汽車批發業；F114020 機車批發業；F114030 汽、機車零件配備批發業；F214020 機車零售業；F399990 其他綜合零售業,臺北市,變更,11504
00217222,灃鈺顧問有限公司,臺北市松山區南京東路3段285號10樓,翁祖鵬,1000000,,115/04/27,公司所在地,H201010 一般投資業；ZZ99999 除許可業務外，得經營法令非禁止或限制之業務,臺北市,變更,11504
00224265,台印高達國際物流股份有限公司,臺北市信義區莊敬路423巷2弄17號1樓,凌薇雅,2000000,,115/04/17,公司所在地,F401010 國際貿易業；G801010 倉儲業；IZ06010 理貨包裝業；ZZ99999 除許可業務外，得經營法令非禁止或限制之業務,臺北市,變更,11504
00228826,意翌股份有限公司,臺北市松山區八德路3段74巷95號,蔡杰良,6545400,,115/04/14,董事/監察人持股變動報備,F108040 化粧品批發業；F208040 化粧品零售業；F399040 無店面零售業；F399990 其他綜合零售業；F401010 國際貿易業；IZ99990 其他工商服務業；JZ99990 未分類其他服務業；ZZ99999 除許可業務外，得經營法令非禁止或限制之業務,臺北市,變更,11504
00230055,晟博股份有限公司,臺北市大同區民生西路240號,何振碩,7000000,,115/04/21,特殊補正,F203010 食品什貨、飲料零售業；F204110 布疋、衣著、鞋、帽、傘、服飾品零售業；F102170 食品什貨批發業；F102040 飲料批發業；F106020 日常用品批發業；F107030 清潔用品批發業；F108040 化粧品批發業；I301010 資訊軟體服務業；I401010 一般廣告服務業；IZ12010 人力派遣業,臺北市,變更,11504
00230793,凱納思台灣有限公司,臺北市信義區忠孝東路5段68號29樓,James Alexander Hollingworth,10000000,,115/04/20,改推董事/董事長,F118010 資訊軟體批發業；I301010 資訊軟體服務業；I301020 資料處理服務業；I301030 電子資訊供應服務業；ZZ99999 除許可業務外，得經營法令非禁止或限制之業務,臺北市,變更,11504
00231456,台灣銀座仁志川股份有限公司,臺北市大安區敦化南路1段226號1樓,湯川剛,7333330,,115/04/23,特殊補正,C104020 烘焙炊蒸食品製造業；C110010 飲料製造業；C199030 即食餐食製造業；F102040 飲料批發業；F102170 食品什貨批發業；F113010 機械批發業；F113020 電器批發業；F203010 食品什貨、飲料零售業；F213010 電器零售業；F213080 機械器具零售業,臺北市,變更,11504
00233953,崟鎮投資有限公司,臺北市大安區復興南路1段390號8樓之1,賴蕙蘭,10200000,,115/04/22,特殊補正,H201010 一般投資業；ZZ99999 除許可業務外，得經營法令非禁止或限制之業務,臺北市,變更,11504
00234263,日月資訊管理顧問有限公司,臺北市中山區新生北路3段43號11樓之29,呂明峰,80000,,115/04/15,特殊補正,I301010 資訊軟體服務業；I301020 資料處理服務業；I301030 電子資訊供應服務業；F113050 電腦及事務性機器設備批發業；F118010 資訊軟體批發業；F119010 電子材料批發業；F213030 電腦及事務性機器設備零售業；F218010 資訊軟體零售業；F401010 國際貿易業；I501010 產品設計業,臺北市,變更,11504
00234545,敬天洞地顧問有限公司,臺北市大同區民族西路193號6樓,劉昕穎,500000,,115/04/27,特殊補正,I103060 管理顧問業；I199990 其他顧問服務業；I105010 藝術品諮詢顧問業；JZ99030 攝影業；J304010 圖書出版業；J601010 藝文服務業；IZ99990 其他工商服務業；JB01010 會議及展覽服務業；ZZ99999 除許可業務外，得經營法令非禁止或限制之業務,臺北市,變更,11504
00234691,環達工程有限公司,臺北市文山區景福街133巷40號1樓,許鈞喬,6000000,,115/04/08,公司所在地,E603100 電焊工程業；E801020 門窗安裝工程業；E903010 防蝕、防銹工程業；EZ99990 其他工程業；F106010 五金批發業；F111090 建材批發業；F206010 五金零售業；F211010 建材零售業；F401010 國際貿易業；ZZ99999 除許可業務外，得經營法令非禁止或限制之業務,臺北市,變更,11504
00236537,昕澄有限公司,臺北市信義區松德路161號13樓之2,周威德,1000000,,115/04/30,股東出資轉讓修正章程,F109070 文教、樂器、育樂用品批發業；F209060 文教、樂器、育樂用品零售業；F106020 日常用品批發業；F206020 日常用品零售業；F119010 電子材料批發業；F219010 電子材料零售業；F102170 食品什貨批發業；F203010 食品什貨、飲料零售業；F104110 布疋、衣著、鞋、帽、傘、服飾品批發業；F204110 布疋、衣著、鞋、帽、傘、服飾品零售業,臺北市,變更,11504
00241172,九昱生技有限公司,臺北市大安區羅斯福路3段29號6樓,李俊誠,500000,,115/04/16,改推董事/董事長,F102170 食品什貨批發業；F106010 五金批發業；F108031 醫療器材批發業；F108040 化粧品批發業；F109070 文教、樂器、育樂用品批發業；F113010 機械批發業；F113030 精密儀器批發業；F113050 電腦及事務性機器設備批發業；F113060 度量衡器批發業；F118010 資訊軟體批發業,臺北市,變更,11504
00242284,玥鋒有限公司,臺北市南港區忠孝東路6段144號,薛奕騰,500000,,115/04/13,股東更名修正章程,I103060 管理顧問業；F210010 鐘錶零售業；F204110 布疋、衣著、鞋、帽、傘、服飾品零售業；F215010 首飾及貴金屬零售業；JZ99050 仲介服務業；JD01010 工商徵信服務業；I199990 其他顧問服務業；IZ99990 其他工商服務業；I401010 一般廣告服務業；ZZ99999 除許可業務外，得經營法令非禁止或限制之業務,臺北市,變更,11504
00245873,八達通有限公司,臺北市中山區長春路31號7樓之1、7樓之2、8樓之1、8樓之2,周仕軒,500000,,115/04/02,改推董事/董事長,F208040 化粧品零售業；F501030 飲料店業；JF01020 按摩業；JZ99110 瘦身美容業；JZ99990 未分類其他服務業；J799990 其他休閒服務業；ZZ99999 除許可業務外，得經營法令非禁止或限制之業務,臺北市,變更,11504
00247871,鉅坤建設股份有限公司,臺北市信義區基隆路2段189號16樓之1,黃浚益,8493980,,115/04/07,特殊補正,H701010 住宅及大樓開發租售業；H701020 工業廠房開發租售業；H701040 特定專業區開發業；H701050 投資興建公共建設業；H701060 新市鎮、新社區開發業；H701070 區段徵收及市地重劃代辦業；H701080 都市更新重建業；H701090 都市更新整建維護業；H702010 建築經理業；H703090 不動產買賣業,臺北市,變更,11504
00249717,創略軸顧問有限公司,臺北市松山區南京東路3段285號10樓,顏玉芬,1000000,,115/04/22,公司所在地,H201010 一般投資業；ZZ99999 除許可業務外，得經營法令非禁止或限制之業務,臺北市,變更,11504
00249879,澔沐新創有限公司,臺北市中山區民權東路2段46號2樓之1,陳亞利,5000000,,115/04/08,增資,JB01010 會議及展覽服務業；F109070 文教、樂器、育樂用品批發業；F209060 文教、樂器、育樂用品零售業；F106020 日常用品批發業；F206020 日常用品零售業；F104110 布疋、衣著、鞋、帽、傘、服飾品批發業；F204110 布疋、衣著、鞋、帽、傘、服飾品零售業；F399040 無店面零售業；F401010 國際貿易業；I401010 一般廣告服務業,臺北市,變更,11504
00250170,澤吉有限公司,臺北市中正區仁愛路2段25號5樓,段存吉,500000,,115/04/10,特殊補正,C103050 罐頭、冷凍、脫水及醃漬食品製造業；C199030 即食餐食製造業；F102050 茶葉批發業；F106010 五金批發業；F104110 布疋、衣著、鞋、帽、傘、服飾品批發業；F112040 石油製品批發業；F114030 汽、機車零件配備批發業；F199990 其他批發業；F201010 農產品零售業；F201020 畜產品零售業,臺北市,變更,11504
00252022,不設限餐飲有限公司,臺北市大安區大安路1段19巷5號1樓,江潘維,1500000,,115/04/17,股東出資轉讓修正章程,F501060 餐館業；C103050 罐頭、冷凍、脫水及醃漬食品製造業；C104020 烘焙炊蒸食品製造業；C199010 麵條、粉條類食品製造業；C199040 豆類加工食品製造業,臺北市,變更,11504
00252536,頻率文明有限公司,臺北市信義區信義路4段415號14樓之2,陳槿唐,7000000,,115/04/07,公司所在地,H201010 一般投資業；F108040 化粧品批發業；F213040 精密儀器零售業；F601010 智慧財產權業；I103060 管理顧問業；I301010 資訊軟體服務業；I301020 資料處理服務業；I301030 電子資訊供應服務業；I301050 實境體感應用服務業；I301060 網路廣告平臺業,臺北市,變更,11504
00253140,星月迷途有限公司,臺北市萬華區武成街80巷29號1樓,謝沛潔,200000,,115/04/23,票據兌現/他機關函復/補正,F102020 食用油脂批發業；F102040 飲料批發業；F102170 食品什貨批發業；F104110 布疋、衣著、鞋、帽、傘、服飾品批發業；F105050 家具、寢具、廚房器具、裝設品批發業；F106010 五金批發業；F106020 日常用品批發業；F107030 清潔用品批發業；F108040 化粧品批發業；F109070 文教、樂器、育樂用品批發業,臺北市,變更,11504
00253401,勝騰國際投資有限公司,臺北市松山區八德路3段232號7樓之1,賴俊臣,2550000,,115/04/09,增資,H201010 一般投資業,臺北市,變更,11504
00254534,溫叨邸家有限公司,臺北市松山區南京東路5段225號9樓之1,黃祥瑋,3000000,,115/04/08,特殊補正,H703090 不動產買賣業；H703100 不動產租賃業；H706011 租賃住宅代管業；H706021 租賃住宅包租業；F204110 布疋、衣著、鞋、帽、傘、服飾品零售業；F205040 家具、寢具、廚房器具、裝設品零售業；I401010 一般廣告服務業；ZZ99999 除許可業務外，得經營法令非禁止或限制之業務,臺北市,變更,11504
00254598,撲藏有限公司,臺北市中正區忠孝東路1段152號12樓之6,CHILDERIC YANN JULIEN,1000000,,115/04/14,公司外文名稱變更修正章程,I103060 管理顧問業；F401010 國際貿易業；C104020 烘焙炊蒸食品製造業；F203010 食品什貨、飲料零售業；F102040 飲料批發業；F102170 食品什貨批發業；F102030 菸酒批發業；ZZ99999 除許可業務外，得經營法令非禁止或限制之業務,臺北市,變更,11504
01177238,瑛宏商業股份有限公司,臺北市松山區復興北路57號3樓,顏瑛宗,83200000,,115/04/21,改選董事/監察人(一人法人股東指派董事/監察人),,臺北市,變更,11504
01187159,銓伯企業有限公司,臺北市中山區中山北路2段96巷29號2樓,陳虹樺,1000000,,115/04/27,特殊補正,F102180 酒精批發業；F107200 化學原料批發業；F107990 其他化學製品批發業；F113030 精密儀器批發業；F113060 度量衡器批發業；F401010 國際貿易業；ZZ99999 除許可業務外，得經營法令非禁止或限制之業務,臺北市,變更,11504
01189939,德慕卡斯股份有限公司,臺北市中山區南京東路2段58號3樓,謝錦淑,20000000,,115/04/21,改選董事/監察人(一人法人股東指派董事/監察人),F102170 食品什貨批發業；F104110 布疋、衣著、鞋、帽、傘、服飾品批發業；F107030 清潔用品批發業；F108040 化粧品批發業；F113030 精密儀器批發業；F399040 無店面零售業；I301030 電子資訊供應服務業；F401010 國際貿易業；I199990 其他顧問服務業；F108021 西藥批發業,臺北市,變更,11504
01515462,寬友股份有限公司,臺北市內湖區陽光街345巷16號2樓,李光復,72000000,,115/04/14,改選董事/監察人(一人法人股東指派董事/監察人),C103050 罐頭、冷凍、脫水及醃漬食品製造業；C102010 乳品製造業；C109010 調味品製造業；C104020 烘焙炊蒸食品製造業；C110010 飲料製造業；F102170 食品什貨批發業；F105050 家具、寢具、廚房器具、裝設品批發業；F106020 日常用品批發業；F401010 國際貿易業；C399990 其他紡織及製品製造業,臺北市,變更,11504
01814927,香港商島精機股份有限公司,臺北市中山區林森北路627號6樓之3,北村篤士,5000000,,115/04/29,一般補正案,E604010 機械安裝業；F113010 機械批發業；F118010 資訊軟體批發業；F401010 國際貿易業；I101110 紡織顧問業；I301010 資訊軟體服務業；I501010 產品設計業；ZZ99999 除許可業務外，得經營法令非禁止或限制之業務,臺北市,變更,11504
03027502,宏遠證券股份有限公司,臺北市大安區信義路四段236號3至5樓及7樓,姜克勤,3931482740,,115/04/29,可轉換公司債換發新股,H301011 證券商；H401011 期貨商；H405011 期貨顧問事業,臺北市,變更,11504
03059004,台灣帕卡表面科技股份有限公司,臺北市中正區衡陽路51號10樓之2,里見多一,84841700,,115/04/13,改選董事/監察人(一人法人股東指派董事/監察人),C801010 基本化學工業；C801990 其他化學材料製造業；C802090 清潔用品製造業；C802170 毒性及關注化學物質製造業；C802990 其他化學製品製造業；CA03010 熱處理業；CA04010 表面處理業；CB01010 機械設備製造業；CB01030 污染防治設備製造業；F107010 漆料、塗料批發業,臺北市,變更,11504
03077609,太一廣告股份有限公司,臺北市大安區市民大道3段198號10樓,徐念彤,63300000,,115/04/29,特殊補正,J503040 廣播電視廣告業；I401010 一般廣告服務業；ZZ99999 除許可業務外，得經營法令非禁止或限制之業務,臺北市,變更,11504
03090217,兆豐產物保險股份有限公司,臺北市中正區武昌街一段58號,梁正德,3286066080,,115/04/13,改選董事/監察人(一人法人股東指派董事/監察人),H501021 財產保險業,臺北市,變更,11504
03159833,全中興業有限公司,臺北市中正區杭州南路1段6巷26號1樓,王敦生,12000000,,115/04/17,股東出資轉讓修正章程,CZ99990 未分類其他工業製品製造業；C801010 基本化學工業；C802990 其他化學製品製造業；F101130 蔬果批發業；F102170 食品什貨批發業；F102180 酒精批發業；F105050 家具、寢具、廚房器具、裝設品批發業；F107990 其他化學製品批發業；F113010 機械批發業；F114030 汽、機車零件配備批發業,臺北市,變更,11504
03304914,美商美國紐約梅隆銀行股份有限公司,臺北市信義區松高路1號11樓,黃蔚文,200000000,,115/04/23,本公司董事及其他負責人變更,,臺北市,變更,11504
03307638,美商葛羅里國際股份有限公司,臺北市大同區南京西路62號7樓,CHRISTOPHER SAMUEL LICK,5000000,,115/04/22,改派在中華民國境內負責人變更登記,I301010 資訊軟體服務業；I301030 電子資訊供應服務業,臺北市,變更,11504
03319108,恆新股份有限公司,臺北市中山區松江路72號11樓,裘思誠,180000000,,115/04/13,特殊補正,,臺北市,變更,11504
03435009,和泰產物保險股份有限公司,臺北市中山區敬業二路55號5樓,蔡伯龍,2000000000,,115/04/09,一般補正案,H501021 財產保險業,臺北市,變更,11504
03450802,鈴木工業股份有限公司,臺北市萬華區中華路1段178號8樓,王錦耀,12000000,,115/04/20,特殊補正,,臺北市,變更,11504
03480405,新陸書局股份有限公司,臺北市中正區重慶南路1段47號1樓,陶亦宣,5000000,,115/04/22,董事/監察人持股變動報備,J304010 圖書出版業；J305010 有聲出版業；F102170 食品什貨批發業；F102040 飲料批發業；F109070 文教、樂器、育樂用品批發業；F203010 食品什貨、飲料零售業；F209060 文教、樂器、育樂用品零售業；F401010 國際貿易業；F501030 飲料店業；ZZ99999 除許可業務外，得經營法令非禁止或限制之業務,臺北市,變更,11504
03550014,台灣富士軟片資訊股份有限公司,臺北市松山區中正里敦化北路88號7樓,Shingo Sakano,601995340,,115/04/09,改選董事/監察人(一人法人股東指派董事/監察人),F213990 其他機械器具零售業；F299990 其他零售業；F213040 精密儀器零售業；C701010 印刷業；C703010 印刷品裝訂及加工業；CB01010 機械設備製造業；CB01020 事務機器製造業；CC01060 有線通信機械器材製造業；CC01110 電腦及其週邊設備製造業；CE01030 光學儀器製造業,臺北市,變更,11504
03562813,台灣新東機械股份有限公司,臺北市松山區復興北路57號3樓,顏瑛宗,100000000,,115/04/22,改派董事/監察人,CB01010 機械設備製造業；CB01030 污染防治設備製造業；CA02990 其他金屬製品製造業；F401010 國際貿易業,臺北市,變更,11504
03564713,台灣航業股份有限公司,臺北市中正區濟南路二段29號,劉文慶,4172944870,,115/04/10,經理人變更,ZZ99999 除許可業務外，得經營法令非禁止或限制之業務,臺北市,變更,11504
03591900,興隆貿易股份有限公司,臺北市中山區南京東路2段124號8樓,張明順,32000000,,115/04/27,改選董事/監察人(一人法人股東指派董事/監察人),F107020 染料、顏料批發業；F107170 工業助劑批發業；F107200 化學原料批發業；F119010 電子材料批發業；F401010 國際貿易業；ZZ99999 除許可業務外，得經營法令非禁止或限制之業務,臺北市,變更,11504
03608901,豐和貿易有限公司,臺北市中正區重慶南路3段36巷12之1號,張戴德,20000000,,115/04/13,股東出資轉讓修正章程,F401010 國際貿易業；ZZ99999 除許可業務外，得經營法令非禁止或限制之業務,臺北市,變更,11504
03700301,臺灣土地銀行股份有限公司,臺北市中正區黎明里10鄰館前路46號,何英明,86200000000,,115/04/02,分公司經理人變更,H101091 不動產信用銀行業；H601011 人身保險代理人；H601021 財產保險代理人,臺北市,變更,11504
04200135,百堅貿易股份有限公司,臺北市中山區松江路148號7樓,林忠典,100000000,,115/04/16,董事/監察人地址變更,F111020 水泥、石灰及其製品批發業；F115020 礦石批發業；ZZ99999 除許可業務外，得經營法令非禁止或限制之業務,臺北市,變更,11504
04232072,久福顧問股份有限公司,臺北市大安區敦化南路1段336號8樓之1,馬愛珍,2000000,,115/04/01,特殊補正,E603010 電纜安裝工程業；E603080 交通號誌安裝工程業；E604010 機械安裝業；EZ99990 其他工程業；I103060 管理顧問業；I199990 其他顧問服務業；ZZ99999 除許可業務外，得經營法令非禁止或限制之業務,臺北市,變更,11504
04243922,豪美建設股份有限公司,臺北市松山區南京東路5段102之1號1樓,劉朝賢,200000000,,115/04/14,特殊補正,H701040 特定專業區開發業；H701060 新市鎮、新社區開發業；G202010 停車場經營業；ZZ99999 除許可業務外，得經營法令非禁止或限制之業務,臺北市,變更,11504
04244393,隆遠股份有限公司,臺北市大同區延平北路2段202號18樓之3,莊子華,100000000,,115/04/16,特殊補正,H701010 住宅及大樓開發租售業；E605010 電腦設備安裝業；G202010 停車場經營業；H701060 新市鎮、新社區開發業；H701080 都市更新重建業；H703090 不動產買賣業；H703100 不動產租賃業；I301010 資訊軟體服務業；I503010 景觀、室內設計業；J801030 競技及休閒運動場館業,臺北市,變更,11504
04258570,皇居企業股份有限公司,臺北市中山區建國北路2段139號9樓之3,久志本一彌,36000000,,115/04/21,特殊補正,,臺北市,變更,11504
04270075,和聯生技藥業股份有限公司,臺北市松山區敦化北路311號5樓,鄭文同,3135943700,,115/04/15,發行新股,F108021 西藥批發業；F108031 醫療器材批發業；F118010 資訊軟體批發業；F208021 西藥零售業；F208031 醫療器材零售業；F208050 乙類成藥零售業；F218010 資訊軟體零售業；F401010 國際貿易業；I301010 資訊軟體服務業；I301020 資料處理服務業,臺北市,變更,11504
04279694,國雍營造工程股份有限公司,臺北市內湖區新湖一路8號6樓,林鍫,300000000,,115/04/01,修正章程,E101011 綜合營造業；H701010 住宅及大樓開發租售業；H701050 投資興建公共建設業；E401010 疏濬業；E599010 配管工程業；E801010 室內裝潢業；E801020 門窗安裝工程業；E801030 室內輕鋼架工程業；E801040 玻璃安裝工程業；E801070 廚具、衛浴設備安裝工程業,臺北市,變更,11504
04291917,慶嘉股份有限公司,臺北市大同區大龍街166號2樓,郭慶文,90000000,,115/04/01,特殊補正,F401010 國際貿易業；F102180 酒精批發業；F105050 家具、寢具、廚房器具、裝設品批發業；F106010 五金批發業；F107990 其他化學製品批發業；F113020 電器批發業；F199010 回收物料批發業；F203030 酒精零售業；F205040 家具、寢具、廚房器具、裝設品零售業；F206010 五金零售業,臺北市,變更,11504
04334845,力宏營造股份有限公司,臺北市大同區重慶北路1段22號11樓,王友誠,120000000,,115/04/10,改選董事/監察人(一人法人股東指派董事/監察人),,臺北市,變更,11504
04350746,麥海股份有限公司,臺北市中山區新生北路2段31之1號5樓之2,顏吉麥,20000000,,115/04/08,變更組織,F106010 五金批發業；F107200 化學原料批發業；F113050 電腦及事務性機器設備批發業；F113990 其他機械器具批發業；F114030 汽、機車零件配備批發業；F119010 電子材料批發業；F213030 電腦及事務性機器設備零售業；F219010 電子材料零售業；F401010 國際貿易業；H201010 一般投資業,臺北市,變更,11504
04358091,百洲化學工業股份有限公司,臺北市大同區民族西路126號7樓,楊濠隆,29000000,,115/04/22,改選董事/監察人(一人法人股東指派董事/監察人),C801060 合成橡膠製造業；C804020 工業用橡膠製品製造業；CH01010 體育用品製造業；F401010 國際貿易業；F601010 智慧財產權業；H701010 住宅及大樓開發租售業；H703090 不動產買賣業；H703100 不動產租賃業；I501010 產品設計業；ZZ99999 除許可業務外，得經營法令非禁止或限制之業務,臺北市,變更,11504
04359958,全美造漆工業有限公司,臺北市大同區重慶北路3段296巷9號1樓,李慧玲,5000000,,115/04/16,改推董事/董事長,,臺北市,變更,11504
04369506,華誼股份有限公司,臺北市中山區錦州街288號1樓,郭堯軒,63000000,,115/04/09,特殊補正,,臺北市,變更,11504
04370927,金寶電子工業股份有限公司,臺北市松山區南京東路五段99號10樓,許介立,15054852110,,115/04/23,認股憑證換發新股,CB01020 事務機器製造業；CB01990 其他機械製造業；CC01030 電器及視聽電子產品製造業；CC01060 有線通信機械器材製造業；CC01070 無線通信機械器材製造業；CC01080 電子零組件製造業；CC01110 電腦及其週邊設備製造業；E601020 電器安裝業；E603050 自動控制設備工程業；E604010 機械安裝業,臺北市,變更,11504
04381109,美寧實業股份有限公司,臺北市大安區敦化南路1段294號10樓之5,胡康平,12000000,,115/04/16,特殊補正,,臺北市,變更,11504
04400133,成竹企業有限公司,臺北市大安區忠孝東路4段183號13樓之2,戴英如,5000000,,115/04/20,公司所在地,F205040 家具、寢具、廚房器具、裝設品零售業；F206020 日常用品零售業；F208040 化粧品零售業；F213010 電器零售業；F213030 電腦及事務性機器設備零售業；F299990 其他零售業；F399040 無店面零售業；F399990 其他綜合零售業；I401010 一般廣告服務業；I501010 產品設計業,臺北市,變更,11504
04405741,杉和實業股份有限公司,臺北市南港區三重路19之13號14樓,鄭國皇,78000000,,115/04/16,特殊補正,I301010 資訊軟體服務業。一般進出口貿易業務代理國內外廠商採購銷售及投標業務國內外商品買賣業務,臺北市,變更,11504
04407889,豫成企業股份有限公司,臺北市大安區敦化南路2段267號7樓之4,常中堅,10000000,,115/04/29,改選董事/監察人(一人法人股東指派董事/監察人),E701030 電信管制射頻器材裝設工程業；F401021 電信管制射頻器材輸入業；E701010 通信工程業；F113070 電信器材批發業；F213060 電信器材零售業,臺北市,變更,11504
04437928,綺歐有限公司,臺北市中山區松江路297巷2號1樓,陳璞申,5000000,,115/04/07,股東出資轉讓修正章程,F114010 汽車批發業；F214010 汽車零售業；F114030 汽、機車零件配備批發業；F214030 汽、機車零件配備零售業；F113030 精密儀器批發業；F401010 國際貿易業；ZZ99999 除許可業務外，得經營法令非禁止或限制之業務,臺北市,變更,11504
04448523,同成電機股份有限公司,臺北市松山區光復北路11巷46號9樓,吳火忠,150000000,,115/04/07,改選董事/監察人(一人法人股東指派董事/監察人),CC01010 發電、輸電、配電機械製造業；CE01021 度量衡器製造業；CC01030 電器製造業；CC01090 電池製造業,臺北市,變更,11504
04460407,瑞馥貿易有限公司,臺北市北投區北投路2段13號4樓之1,施佳瑜,10000000,,115/04/28,股東出資轉讓修正章程,,臺北市,變更,11504
04467083,伍聯紙器股份有限公司,臺北市中山區民權東路2段88號1樓,王連陞,20000000,,115/04/27,董事/監察人持股變動報備,F401010 國際貿易業；H201010 一般投資業；ZZ99999 除許可業務外，得經營法令非禁止或限制之業務,臺北市,變更,11504
04472136,立業貿易股份有限公司,臺北市大同區南京西路22號8樓之1,郭季安,30000000,,115/04/10,改派董事/監察人,F121010 食品添加物批發業；F221010 食品添加物零售業；F108040 化粧品批發業；F208040 化粧品零售業；F401010 國際貿易業；F107080 環境用藥批發業；F207080 環境用藥零售業；J601010 藝文服務業；ZZ99999 除許可業務外，得經營法令非禁止或限制之業務,臺北市,變更,11504
04473780,立大貿易股份有限公司,臺北市大同區南京西路22號12樓,陳信志,8000000,,115/04/22,改選董事/監察人(一人法人股東指派董事/監察人),F401010 國際貿易業；F107080 環境用藥批發業；F207080 環境用藥零售業；F107041 農藥批發業；F207041 農藥零售業；ZZ99999 除許可業務外，得經營法令非禁止或限制之業務,臺北市,變更,11504
04477420,達麗建設事業股份有限公司,臺北市中山區建國北路一段96號10樓,謝志長,4718914260,,115/04/17,可轉換公司債換發新股,H701010 住宅及大樓開發租售業；H701020 工業廠房開發租售業；H701040 特定專業區開發業；H701050 投資興建公共建設業；H701060 新市鎮、新社區開發業；H701080 都市更新重建業；H703090 不動產買賣業；H703100 不動產租賃業；ZZ99999 除許可業務外，得經營法令非禁止或限制之業務,臺北市,變更,11504
04480733,金名城股份有限公司,臺北市大同區重慶北路1段1號之1,張益宗,22000000,,115/04/08,董事/監察人持股變動報備,ZZ99999 除許可業務外，得經營法令非禁止或限制之業務,臺北市,變更,11504
04493619,臺全投資股份有限公司,臺北市中山區建國北路1段15號10樓,陳承志,198000000,,115/04/14,特殊補正,,臺北市,變更,11504
04497039,吉明美股份有限公司,臺北市大同區長安西路121號2樓,黃南國,10000000,,115/04/10,特殊補正,,臺北市,變更,11504
04633597,長虹建設股份有限公司,臺北市中正區北平東路30號11樓,李文造,3153259600,,115/04/17,發行新股,F111090 建材批發業；F113010 機械批發業；F211010 建材零售業；F213080 機械器具零售業；H701010 住宅及大樓開發租售業；H701020 工業廠房開發租售業；F401010 國際貿易業；H701040 特定專業區開發業；H701050 投資興建公共建設業；H701060 新市鎮、新社區開發業,臺北市,變更,11504
04658554,信源工業有限公司,臺北市中正區三元街172巷1弄8號,許景翔,4400000,,115/04/14,特殊補正,F108031 醫療器材批發業；F208031 醫療器材零售業；F108040 化粧品批發業；F208040 化粧品零售業；F208050 乙類成藥零售業；ZZ99999 除許可業務外，得經營法令非禁止或限制之業務,臺北市,變更,11504
04660313,台灣百利達股份有限公司,臺北市松山區復興北路57號3樓,顏瑛宗,160000000,,115/04/30,改派董事/監察人,G801010 倉儲業；H703100 不動產租賃業；CA02990 其他金屬製品製造業,臺北市,變更,11504
04662086,鑫至企業有限公司,臺北市中正區水源路89號8樓,呂宗遠,5000000,,115/04/08,特殊補正,,臺北市,變更,11504
04714958,嘉欣鋼鐵股份有限公司,臺北市大安區安和路1段112巷17號1樓,王子男,28000000,,115/04/01,改選董事/監察人(一人法人股東指派董事/監察人),CA02010 金屬結構及建築組件製造業；CA02060 金屬容器製造業；CA01050 鋼材二次加工業；F111090 建材批發業；F211010 建材零售業；F106010 五金批發業；E801020 門窗安裝工程業；G801010 倉儲業；JE01010 租賃業；EZ02010 起重工程業,臺北市,變更,11504
04718574,蘭克斯股份有限公司,臺北市信義區松山路323號1樓,林朗菴,20000000,,115/04/30,特殊補正,F113020 電器批發業；F213010 電器零售業；F401010 國際貿易業；I599990 其他設計業；ZZ99999 除許可業務外，得經營法令非禁止或限制之業務；IG03010 能源技術服務業,臺北市,變更,11504
04753380,松下產業科技股份有限公司,臺北市信義區松高路9號12樓,簡國華,387255000,,115/04/02,改選董事/監察人(一人法人股東指派董事/監察人),F113020 電器批發業；F213010 電器零售業；F119010 電子材料批發業；F219010 電子材料零售業；E601020 電器安裝業；JA02010 電器及電子產品修理業；F401010 國際貿易業；CC01080 電子零組件製造業；G801010 倉儲業；F113070 電信器材批發業,臺北市,變更,11504
04765891,金昌興油業股份有限公司,臺北市大安區忠孝東路4段166號10樓,闕永輝,6000000,,115/04/16,董事/監察人持股變動報備,F112010 汽油、柴油批發業；F112040 石油製品批發業；F112990 其他石油製品、燃料批發業（機油、潤滑油）；F212990 其他石油製品、燃料零售業（機油、潤滑油）,臺北市,變更,11504
04803543,上水股份有限公司,臺北市中山區德惠街16之5號7樓,簡敏議,120000000,,115/04/09,特殊補正,E103101 環境保護工程專業營造業；E599010 配管工程業；E604010 機械安裝業；EZ05010 儀器、儀表安裝工程業；F207170 工業助劑零售業。；F207200 化學原料零售業；F207030 清潔用品零售業。；J101030 廢棄物清除業；J101040 廢棄物處理業；J101060 廢（污）水處理業,臺北市,變更,11504
04828278,安城生化科技有限公司,臺北市內湖區內湖路1段91巷12弄27號2樓,黃治為,5000000,,115/04/02,公司名稱變更修正章程,,臺北市,變更,11504
04950896,加全工業股份有限公司,臺北市中正區臨沂街24巷7號,丁建和,15000000,,115/04/10,特殊補正,F107200 化學原料批發業；F204110 布疋、衣著、鞋、帽、傘、服飾品零售業；F113010 機械批發業；F107990 其他化學製品批發業；F104110 布疋、衣著、鞋、帽、傘、服飾品批發業；F207990 其他化學製品零售業；F109070 文教、樂器、育樂用品批發業；F206010 五金零售業；F299990 其他零售業；F207200 化學原料零售業,臺北市,變更,11504
05075021,喬暘電子股份有限公司,臺北市內湖區瑞光路70號7樓,呂浩榮,486333600,,115/04/30,董事(常務董事.董事長)/監察人解任,CC01030 電器及視聽電子產品製造業；CC01070 無線通信機械器材製造業；CC01080 電子零組件製造業；CC01110 電腦及其週邊設備製造業；F113070 電信器材批發業；F213060 電信器材零售業；F119010 電子材料批發業；F219010 電子材料零售業；F401021 電信管制射頻器材輸入業；ZZ99999 除許可業務外，得經營法令非禁止或限制之業務,臺北市,變更,11504
05085196,百星投資股份有限公司,臺北市大安區仁愛路四段296號24樓,葉登科,977807000,,115/04/24,公司所營事業變更修正章程,H201010 一般投資業；ZZ99999 除許可業務外，得經營法令非禁止或限制之業務,臺北市,變更,11504
05098827,中實投資股份有限公司,臺北市內湖區洲子街57號11樓,黃正明,957600000,,115/04/20,一般補正案,H201010 一般投資業；ZZ99999 除許可業務外，得經營法令非禁止或限制之業務,臺北市,變更,11504
05129384,隆蔚有限公司,臺北市大同區延平北路2段202號18樓之3,莊子華,60000000,,115/04/14,特殊補正,H701010 住宅及大樓開發租售業；F210010 鐘錶零售業；F214010 汽車零售業；H703110 老人住宅業,臺北市,變更,11504
05130278,茂聯建設股份有限公司,臺北市中正區新生南路1段158號10樓,陳昭雄,90000000,,115/04/22,改選董事/監察人(一人法人股東指派董事/監察人),,臺北市,變更,11504
05184787,金石堂圖書股份有限公司,臺北市中正區汀州路3段184號1樓之11，12，13，14，15，1 6，17，18，及192號地下室,周傳芳,355991000,,115/04/16,董事/監察人持股變動報備,A102060 糧商業；C701010 印刷業；C702010 製版業；C703010 印刷品裝訂及加工業；CH01010 體育用品製造業；CH01020 樂器製造業；CH01030 文具製造業；CH01040 玩具製造業；CN01010 家具及裝設品製造業；E605010 電腦設備安裝業,臺北市,變更,11504
05251309,伊峰貿易有限公司,臺北市內湖區港華街85巷33號1樓,張金傳,10000000,,115/04/28,特殊補正,F106010 五金批發業；F113010 機械批發業；F113020 電器批發業；F113030 精密儀器批發業；F113060 度量衡器批發業；F113090 交通標誌器材批發業；F113990 其他機械器具批發業；F119010 電子材料批發業；F219010 電子材料零售業；F220010 耐火材料零售業,臺北市,變更,11504
05259392,三阪實業股份有限公司,臺北市中山區民生東路1段51號11樓之2,林昇一,56000000,,115/04/28,董事(常務董事.董事長)/監察人解任,C804020 工業用橡膠製品製造業；C805010 塑膠皮、布、板、管材製造業；C805050 工業用塑膠製品製造業；CB01010 機械設備製造業；CB01990 其他機械製造業；F401010 國際貿易業；D101060 再生能源自用發電設備業；ZZ99999 除許可業務外，得經營法令非禁止或限制之業務；D101050 汽電共生業；F107060 毒性化學物質批發業,臺北市,變更,11504
05711866,全銓租賃股份有限公司,臺北市大安區敦化南路二段1號10樓,李家弘,169121100,,115/04/27,減資,H701010 住宅及大樓開發租售業；H701020 工業廠房開發租售業；H701040 特定專業區開發業；H701060 新市鎮、新社區開發業；H703090 不動產買賣業；H703100 不動產租賃業；HZ01010 應收帳款收買業務；HZ02010 金融機構金錢債權收買業務；HZ02020 辦理金融機構金錢債權之評價或拍賣業務；I102010 投資顧問業,臺北市,變更,11504
07010714,力生機械有限公司,臺北市大同區哈密街59巷53弄1之2號,謝玲燕,5000000,,115/04/09,改推董事/董事長,,臺北市,變更,11504
07519612,台勤企業股份有限公司,臺北市中山區民權西路20號7樓,吳英宗,12500000,,115/04/28,董事/監察人持股變動報備,,臺北市,變更,11504
07523502,福豐企業股份有限公司,臺北市大同區西寧北路116號1樓,許智翔,46000000,,115/04/02,董事/監察人持股變動報備,C301010 紡紗業；C302010 織布業；C303010 不織布業；C305010 印染整理業；C306010 成衣業；F104110 布疋、衣著、鞋、帽、傘、服飾品批發業；F105050 家具、寢具、廚房器具、裝設品批發業；F106020 日常用品批發業；F107190 塑膠膜、袋批發業；F109070 文教、樂器、育樂用品批發業,臺北市,變更,11504
07539315,慶祥實業股份有限公司,臺北市松山區復興北路445號1樓,廖啓智,19440000,,115/04/29,特殊補正,,臺北市,變更,11504
07616190,鈞普國際有限公司,臺北市大同區保安街19號5樓之2,李昱均,1000000,,115/04/09,特殊補正,F104110 布疋、衣著、鞋、帽、傘、服飾品批發業；F204110 布疋、衣著、鞋、帽、傘、服飾品零售業；F119010 電子材料批發業；F113020 電器批發業；F113050 電腦及事務性機器設備批發業；F118010 資訊軟體批發業；F219010 電子材料零售業；F213030 電腦及事務性機器設備零售業；F218010 資訊軟體零售業；E605010 電腦設備安裝業,臺北市,變更,11504
07622545,隆雲股份有限公司,臺北市大同區延平北路2段202號18樓之3,莊子華,100000000,,115/04/10,特殊補正,H701010 住宅及大樓開發租售業；E605010 電腦設備安裝業；G202010 停車場經營業；H701060 新市鎮、新社區開發業；H701080 都市更新重建業；H703090 不動產買賣業；H703100 不動產租賃業；I301010 資訊軟體服務業；I503010 景觀、室內設計業；J801030 競技及休閒運動場館業,臺北市,變更,11504
07655307,鴻來企業股份有限公司,臺北市士林區延平北路6段477號12樓,黃仕穎,153000000,,115/04/29,改選董事/監察人(一人法人股東指派董事/監察人),C701010 印刷業；C801060 合成橡膠製造業；C801100 合成樹脂及塑膠製造業；C804020 工業用橡膠製品製造業；C804990 其他橡膠製品製造業；C805010 塑膠皮、布、板、管材製造業；C805020 塑膠膜、袋製造業；C805030 塑膠日用品製造業；C805050 工業用塑膠製品製造業；C805060 塑膠皮製品製造業,臺北市,變更,11504
07692696,建旭工業股份有限公司,臺北市大同區重慶北路3段276號4樓,梁世明,60000000,,115/04/23,改選董事/監察人(一人法人股東指派董事/監察人),,臺北市,變更,11504
07720497,華程實業股份有限公司,臺北市大同區涼州街72巷10號,何鴻錦,28800000,,115/04/23,董事(常務董事.董事長)/監察人解任,C306010 成衣業；C307010 服飾品製造業；C399990 其他紡織及製品製造業；CJ01010 製帽業；CK01010 製鞋業；CM01010 箱、包、袋製造業；CN01010 家具及裝設品製造業；CH01010 體育用品製造業；F401010 國際貿易業；F105050 家具、寢具、廚房器具、裝設品批發業,臺北市,變更,11504
09408514,安迅資訊系統股份有限公司,臺北市信義區市民大道6段288號6樓及6樓之10,林美齡,340675000,,115/04/29,特殊補正,,臺北市,變更,11504
09418787,保融國際文化事業股份有限公司,臺北市內湖區行愛路78巷28號2樓之1,梁涵英,9700000,,115/04/10,改選董事/監察人(一人法人股東指派董事/監察人),C701010 印刷業；C703010 印刷品裝訂及加工業；F109070 文教、樂器、育樂用品批發業；F209060 文教、樂器、育樂用品零售業；F399990 其他綜合零售業；F401010 國際貿易業；I103060 管理顧問業；I301010 資訊軟體服務業；I301020 資料處理服務業；I301030 電子資訊供應服務業,臺北市,變更,11504
09433838,益倫貿易有限公司,臺北市中山區長安東路1段6之3號2樓,施淑美,5000000,,115/04/16,特殊補正,,臺北市,變更,11504
09437813,佳阜實業有限公司,臺北市大同區雙連街39巷11號,曾廷能,5000000,,115/04/21,公司所營事業變更修正章程,F106010 五金批發業；F113090 交通標誌器材批發業；F113110 電池批發業；F114030 汽、機車零件配備批發業；F114050 車胎批發業；F206010 五金零售業；F214030 汽、機車零件配備零售業；F214040 自行車及其零件零售業；F214050 車胎零售業；F399040 無店面零售業,臺北市,變更,11504
09444032,台灣電鍍工業股份有限公司,臺北市大安區復興南路2段12巷13號1樓,高銘樹,18000000,,115/04/27,董事/監察人持股變動報備,,臺北市,變更,11504
09444878,聚益化學工業股份有限公司,臺北市中山區樂群二路187號8樓之1,王秀如,100000000,,115/04/13,董事(常務董事.董事長)/監察人解任,C801040 合成樹脂製造業,臺北市,變更,11504
09455641,德錩企業股份有限公司,臺北市內湖區行善路417巷30號,許炳裕,29000000,,115/04/10,改選董事/監察人(一人法人股東指派董事/監察人),F113020 電器批發業；F113010 機械批發業；F101050 水產品批發業；F105050 家具、寢具、廚房器具、裝設品批發業；F213010 電器零售業；F213080 機械器具零售業；F201030 水產品零售業；F203010 食品什貨、飲料零售業；F203030 酒精零售業；F205040 家具、寢具、廚房器具、裝設品零售業,臺北市,變更,11504
09458767,遠東精密化學股份有限公司,臺北市內湖區瑞光路258巷55號5樓之1,薛忠安,22291790,,115/04/01,董事/監察人持股變動報備,ZZ99999 除許可業務外，得經營法令非禁止或限制之業務。,臺北市,變更,11504
11011623,大南汽車股份有限公司,臺北市士林區承德路4段274號,張捷,308652850,,115/04/09,董事(常務董事.董事長)/監察人解任,G101021 市區汽車客運業；JA01010 汽車修理業；JA01990 其他汽車服務業；E605010 電腦設備安裝業；F213030 電腦及事務性機器設備零售業；I301010 資訊軟體服務業；F218010 資訊軟體零售業；ZZ99999 除許可業務外，得經營法令非禁止或限制之業務,臺北市,變更,11504
11027322,久好企業股份有限公司,臺北市大同區南京西路22號12樓,陳信志,74000000,,115/04/29,特殊補正,F103010 飼料批發業；F401010 國際貿易業；F106010 五金批發業；F211010 建材零售業；F206010 五金零售業；F111090 建材批發業；F207200 化學原料零售業；F107200 化學原料批發業；F108031 醫療器材批發業；F208031 醫療器材零售業,臺北市,變更,11504
11039306,士林電機廠股份有限公司,臺北市士林區忠誠里19鄰中山北路六段88號16樓,許育瑞,5209722230,,115/04/22,改派董事/監察人,CB01010 機械設備製造業；CB01030 污染防治設備製造業；CB01990 其他機械製造業；CC01010 發電、輸電、配電機械製造業；CC01030 電器及視聽電子產品製造業；CC01040 照明設備製造業；CC01060 有線通信機械器材製造業；CC01070 無線通信機械器材製造業；CC01080 電子零組件製造業；CC01990 其他電機及電子機械器材製造業,臺北市,變更,11504
11072304,大台北區瓦斯股份有限公司,臺北市松山區光復北路11巷35號1、2、4、5、13樓,吳東進,5163580000,,115/04/16,補繳規費,D201011 公用天然氣事業；E502010 燃料導管安裝工程業；CR01010 瓦斯器材及其零件製造業；F113030 精密儀器批發業；F213040 精密儀器零售業；JE01010 租賃業；F113060 度量衡器批發業；F213050 度量衡器零售業；JA02051 度量衡器修理業；G903010 電信事業,臺北市,變更,11504
11072509,三福氣體股份有限公司,臺北市中山區中山北路二段21號5樓,陸可為,16668911160,,115/04/24,補選董事(常務董事.董事長)/監察人,C199990 未分類其他食品製造業；C801010 基本化學工業；C801020 石油化工原料製造業；C801030 精密化學材料製造業；C801100 合成樹脂及塑膠製造業；C801990 其他化學材料製造業；C802041 西藥製造業；C802120 工業助劑製造業；C802170 毒性及關注化學物質製造業；C802200 塗料、油漆、染料及顏料製造業,臺北市,變更,11504
11126408,五泰實業股份有限公司,臺北市中山區民權東路2段33號1樓,謝鴻隆,60000000,,115/04/07,特殊補正,ZZ99999 除許可業務外，得經營法令非禁止或限制之業務,臺北市,變更,11504
11150808,文裕貿易有限公司,臺北市中山區八德路2段237號,胡凱仁,20000000,,115/04/02,股東出資轉讓修正章程,,臺北市,變更,11504
11166105,弘大貿易股份有限公司,臺北市中山區中山北路2段46號7樓之4,鄭為元,15000000,,115/04/02,特殊補正,CC01030 電器及視聽電子產品製造業；CC01040 照明設備製造業；CC01060 有線通信機械器材製造業；CC01070 無線通信機械器材製造業；CC01080 電子零組件製造業；CC01110 電腦及其週邊設備製造業；F113020 電器批發業；F113030 精密儀器批發業；F113050 電腦及事務性機器設備批發業；F113070 電信器材批發業,臺北市,變更,11504
11166702,日立永大電梯股份有限公司,臺北市松山區復興北路99號10、11樓,小口辰廣,2500000000,,115/04/16,補選董事(常務董事.董事長)/監察人,CB01010 機械設備製造業；F113010 機械批發業；E603020 電梯安裝工程業；E604010 機械安裝業；F401010 國際貿易業；E599010 配管工程業；E605010 電腦設備安裝業；E603040 消防安全設備安裝工程業；E603090 照明設備安裝工程業；E603050 自動控制設備工程業,臺北市,變更,11504
11233189,光陽旅行社有限公司,臺北市中山區龍江路42號6樓,黃芝蘭,3000000,,115/04/28,特殊補正,,臺北市,變更,11504
11298247,良維科技股份有限公司,臺北市中山區長安東路一段36號10樓,李淳正,1694323940,,115/04/01,可轉換公司債換發新股,CC01050 資料儲存及處理設備製造業；H701010 住宅及大樓開發租售業；H701020 工業廠房開發租售業,臺北市,變更,11504
11330892,民台科技股份有限公司,臺北市中正區青島東路7號2樓之4,王超然,96000000,,115/04/17,補繳規費,F102020 食用油脂批發業；F102040 飲料批發業；F102050 茶葉批發業；F102170 食品什貨批發業；F105050 家具、寢具、廚房器具、裝設品批發業；F106020 日常用品批發業；F109070 文教、樂器、育樂用品批發業；F110020 眼鏡批發業；F113010 機械批發業；F113020 電器批發業,臺北市,變更,11504
11456006,南山人壽保險股份有限公司,臺北市信義區莊敬路168號,尹崇堯,146992460000,,115/04/24,經理人解任,H501011 人身保險業,臺北市,變更,11504
11609045,捷飛運通股份有限公司,臺北市中山區民生東路3段8號13樓,Warren Xin Wang,10000000,,115/04/29,減少所營事業變更修正章程,G601011 航空貨運承攬業；G402011 海運承攬運送業；G801010 倉儲業；F401010 國際貿易業；IZ06010 理貨包裝業；JZ99050 仲介服務業；I103060 管理顧問業；ZZ99999 除許可業務外，得經營法令非禁止或限制之業務,臺北市,變更,11504
11642207,國豐化學工業股份有限公司,臺北市中正區忠孝東路1段85號13樓之5,翁山景,12000000,,115/04/21,特殊補正,C802070 農藥製造業；F107040 農藥批發業；F207040 農藥零售業；C801110 肥料製造業；F107050 肥料批發業；F207050 肥料零售業；C802080 環境用藥製造業；F107080 環境用藥批發業；F207080 環境用藥零售業；F401010 國際貿易業,臺北市,變更,11504
11745082,萬祿細田貿易股份有限公司,臺北市大安區敦化南路1段263號9樓之1,中村友彥,10000000,,115/04/30,特殊補正,F106010 五金批發業；F106030 模具批發業；F106050 陶瓷玻璃器皿批發業；F107010 漆料、塗料批發業；F107020 染料、顏料批發業；F107200 化學原料批發業；F107990 其他化學製品批發業；F109070 文教、樂器、育樂用品批發業；F113010 機械批發業；F113020 電器批發業,臺北市,變更,11504
11824327,台全電機股份有限公司,臺北市松山區南京東路3段346號7樓,鍾慧靜,425250000,,115/04/15,特殊補正,CB01010 機械設備製造業；CB01990 其他機械製造業；CC01010 發電、輸電、配電機械製造業；CC01030 電器及視聽電子產品製造業；CD01030 汽車及其零件製造業；CD01040 機車及其零件製造業；CP01010 手工具製造業；CQ01010 模具製造業；F106030 模具批發業；F114030 汽、機車零件配備批發業,臺北市,變更,11504
11824950,台錩股份有限公司,臺北市萬華區和平西路3段30巷40號2樓,郭明樹,18000000,,115/04/09,特殊補正,H703100 不動產租賃業；H703090 不動產買賣業；H201010 一般投資業；C901020 玻璃及玻璃製品製造業；F401010 國際貿易業；ZZ99999 除許可業務外，得經營法令非禁止或限制之業務,臺北市,變更,11504
11825058,台灣美國運通國際股份有限公司,臺北市松山區復興北路363號12樓及365號12樓,蔡宗修,2280000000,,115/04/23,改選董事/監察人(一人法人股東指派董事/監察人),H104011 信用卡業務,臺北市,變更,11504
11825450,福華電子股份有限公司,臺北市中山區中山北路三段22號,宋成璽,1399830600,,115/04/21,改派董事/監察人,CC01010 發電、輸電、配電機械製造業；CC01030 電器及視聽電子產品製造業；CC01040 照明設備製造業；CC01070 無線通信機械器材製造業；CC01080 電子零組件製造業；CC01101 電信管制射頻器材製造業；CC01110 電腦及其週邊設備製造業；CC01990 其他電機及電子機械器材製造業；CD01030 汽車及其零件製造業；CD01050 自行車及其零件製造業,臺北市,變更,11504
11915305,台灣博世舒適科技股份有限公司,臺北市中山區南京東路三段61號1、2樓63號1、2、3、4樓,飯塚慎一,2334470900,,115/04/13,改選董事/監察人(一人法人股東指派董事/監察人),CB01010 機械設備製造業；E604010 機械安裝業；CC01030 電器及視聽電子產品製造業；F401010 國際貿易業；CC01990 其他電機及電子機械器材製造業；E601010 電器承裝業；CD01030 汽車及其零件製造業；CB01990 其他機械製造業；CB01030 污染防治設備製造業；IZ12010 人力派遣業,臺北市,變更,11504
11919506,台灣安斯泰來製藥股份有限公司,臺北市中山區民生東路3段10號5樓,楊玉蘭,46000000,,115/04/01,董事/監察人證照變更,F108021 西藥批發業；F208021 西藥零售業；F108031 醫療器材批發業；F208031 醫療器材零售業；F401010 國際貿易業；C802080 環境用藥製造業；ZZ99999 除許可業務外，得經營法令非禁止或限制之業務,臺北市,變更,11504
11920905,台灣田邊製藥股份有限公司,臺北市南港區市民大道7段8號14樓之1,柿木文雄,90000000,,115/04/13,特殊補正,C802041 西藥製造業；F108021 西藥批發業；F208021 西藥零售業；F203010 食品什貨、飲料零售業；F102170 食品什貨批發業；C110010 飲料製造業；C199990 未分類其他食品製造業；G801010 倉儲業；F401010 國際貿易業；F401991 其他輸出入業,臺北市,變更,11504
11990704,謙信企業股份有限公司,臺北市中山區南京東路2段72號3樓,薛樹華,230000000,,115/04/15,改選董事/監察人(一人法人股東指派董事/監察人),F401010 國際貿易業；H201010 一般投資業；H701010 住宅及大樓開發租售業；H703090 不動產買賣業；H703100 不動產租賃業；I103060 管理顧問業；I599990 其他設計業；G801010 倉儲業；E101011 綜合營造業；ZZ99999 除許可業務外，得經營法令非禁止或限制之業務,臺北市,變更,11504
12129804,三恒興業股份有限公司,臺北市中山區南京東路3段1號9樓,張恒欽,65000000,,115/04/29,補繳規費,C801100 合成樹脂及塑膠製造業；CA02010 金屬結構及建築組件製造業；CB01010 機械設備製造業；CB01990 其他機械製造業；E801010 室內裝潢業；H701040 特定專業區開發業；H701060 新市鎮、新社區開發業；ZZ99999 除許可業務外，得經營法令非禁止或限制之業務,臺北市,變更,11504
12165028,史格亞股份有限公司,臺北市松山區復興北路57號3樓,顏瑛宗,10000000,,115/04/22,改選董事/監察人(一人法人股東指派董事/監察人),,臺北市,變更,11504
12177592,台灣三菱電機股份有限公司,臺北市士林區中山北路六段88號11樓,大河内一彦,1274710300,,115/04/08,改派董事/監察人,CB01010 機械設備製造業；CC01010 發電、輸電、配電機械製造業；CC01030 電器及視聽電子產品製造業；CC01060 有線通信機械器材製造業；CC01070 無線通信機械器材製造業；CC01080 電子零組件製造業；CC01110 電腦及其週邊設備製造業；CC01120 資料儲存媒體製造及複製業；E599010 配管工程業；E601010 電器承裝業,臺北市,變更,11504
12178023,萬昌旅行社股份有限公司,臺北市中山區南京東路2段38號11樓,邊胥赫,6000000,,115/04/13,董事/監察人持股變動報備,,臺北市,變更,11504
12183742,永美汽車股份有限公司,臺北市大安區敦化南路2段77號4樓,李傳枝,100000000,,115/04/17,改選董事/監察人(一人法人股東指派董事/監察人),F113010 機械批發業；F114010 汽車批發業；F114030 汽、機車零件配備批發業；F213080 機械器具零售業；F214010 汽車零售業；F214030 汽、機車零件配備零售業；H701010 住宅及大樓開發租售業；H701020 工業廠房開發租售業；H703090 不動產買賣業；H703100 不動產租賃業,臺北市,變更,11504
12184469,進旺文具有限公司,臺北市中山區長安東路1段56巷1弄15號,吳俊翰,14200000,,115/04/08,股東出資轉讓修正章程,G202010 停車場經營業；ZZ99999 除許可業務外，得經營法令非禁止或限制之業務,臺北市,變更,11504
12190899,旗揚實業股份有限公司,臺北市中山區長安東路2段110號6樓,何武吉,7650000,,115/04/16,特殊補正,F102070 罐頭食品批發業；F203010 食品、飲料零售業；F208040 化粧品零售業；F209020 運動器材零售業,臺北市,變更,11504
12197458,瀚文企業股份有限公司,臺北市信義區松德路159號20樓之1,朱敏道,50000000,,115/04/28,特殊補正,F109070 文教、樂器、育樂用品批發業；F209060 文教、樂器、育樂用品零售業；F102030 菸酒批發業；F203020 菸酒零售業；F401010 國際貿易業；ZZ99999 除許可業務外，得經營法令非禁止或限制之業務,臺北市,變更,11504
12197725,三多士股份有限公司,臺北市大安區四維路208巷3之1號1樓,吳昭雄,111998000,,115/04/07,改選董事/監察人(一人法人股東指派董事/監察人),F102020 食用油脂批發業；F203010 食品什貨、飲料零售業；F401010 國際貿易業；I199990 其他顧問服務業；ZZ99999 除許可業務外，得經營法令非禁止或限制之業務；F107990 其他化學製品批發業；F113990 其他機械器具批發業；F207170 工業助劑零售業；F207990 其他化學製品零售業；F213990 其他機械器具零售業,臺北市,變更,11504
12197892,長城生命規劃股份有限公司,臺北市中山區錦州街46號9樓之5,陳俊諺,1000000,,115/04/22,改選董事/監察人(一人法人股東指派董事/監察人),JZ99151 殯葬禮儀服務業；F106070 祭祀用品批發業；F201070 花卉零售業；F206060 祭祀用品零售業；H701030 殯葬場所開發租售業；IZ12010 人力派遣業；ZZ99999 除許可業務外，得經營法令非禁止或限制之業務,臺北市,變更,11504
12204275,亞翔工程股份有限公司,臺北市內湖區內湖路一段120巷17號5樓,姚祖驤,2355757240,,115/04/09,可轉換公司債換發新股,CB01030 污染防治設備製造業；CB01071 冷凍空調設備製造業；E501011 自來水管承裝商；E502010 燃料導管安裝工程業；E599010 配管工程業；E601010 電器承裝業；E601020 電器安裝業；E602011 冷凍空調工程業；E603010 電纜安裝工程業；E603020 電梯安裝工程業,臺北市,變更,11504
12207266,福盈科技化學股份有限公司,臺北市松山區南京東路4段126號12樓,莊詩蘋,383146890,,115/04/16,特殊補正,C802120 工業助劑製造業；C802990 其他化學製品製造業；F107990 其他化學製品批發業；F108040 化粧品批發業；C801030 精密化學材料製造業；C801100 合成樹脂及塑膠製造業；C802080 環境用藥製造業；C802090 清潔用品製造業；CA04010 表面處理業；CB01010 機械設備製造業,臺北市,變更,11504
12218307,挺美企業有限公司,臺北市中山區龍江路342巷35號1樓,賴駿憲,3000000,,115/04/14,股東出資轉讓修正章程,,臺北市,變更,11504
12222935,弘力裝潢有限公司,臺北市信義區松山路523號1樓,張展財,1000000,,115/04/09,股東出資轉讓修正章程,E599010 配管工程業；E603010 電纜安裝工程業；E603100 電焊工程業；E603110 冷作工程業；E603120 噴砂工程業；E604010 機械安裝業；E801010 室內裝潢業；E901010 油漆工程業；EZ14010 運動場地用設備工程業；EZ99990 其他工程業,臺北市,變更,11504
12234566,新武股份有限公司,臺北市大安區復興南路二段359號1樓,天滿正一郎,518800000,,115/04/08,補選董事(常務董事.董事長)/監察人,F113010 機械批發業；F113030 精密儀器批發業；F113100 污染防治設備批發業；F113990 其他機械器具批發業；F114030 汽、機車零件配備批發業；F106030 模具批發業；F206030 模具零售業；F214030 汽、機車零件配備零售業；F401010 國際貿易業；CB01010 機械設備製造業,臺北市,變更,11504
12240737,康華工業股份有限公司,臺北市中山區錦州街288號1樓,郭堯軒,1000000,,115/04/08,減資,,臺北市,變更,11504
12241222,台灣星宮美亞諾股份有限公司,臺北市中山區復興北路174號10樓,小池浩二,5000000,,115/04/14,改選董事/監察人(一人法人股東指派董事/監察人),F113010 機械批發業；F113030 精密儀器批發業；F213040 精密儀器零售業；F213080 機械器具零售業；ZZ99999 除許可業務外，得經營法令非禁止或限制之業務,臺北市,變更,11504
12275995,天聲工業股份有限公司,臺北市中山區建國北路2段127號9樓,張水圳,741000000,,115/04/29,一般補正案,CA01020 鋼鐵軋延及擠型業；CA01030 鋼鐵鑄造業；CA01050 鋼材二次加工業；CA04010 表面處理業；CB01010 機械設備製造業；CB01990 其他機械製造業；F199990 其他批發業；F401010 國際貿易業；E604010 機械安裝業；ZZ99999 除許可業務外，得經營法令非禁止或限制之業務,臺北市,變更,11504
12293918,富常企業有限公司,臺北市松山區復興北路1號7樓,林進貴,28000000,,115/04/29,特殊補正,F111090 建材批發業；F113100 污染防治設備批發業；F401010 國際貿易業；E604010 機械安裝業；ZZ99999 除許可業務外，得經營法令非禁止或限制之業務；F102040 飲料批發業；F102050 茶葉批發業；F102170 食品什貨批發業；F106020 日常用品批發業；F199990 其他批發業,臺北市,變更,11504
12307434,久旺運輸有限公司,臺北市大安區忠孝東路4段107號12樓,吳東治,3000000,,115/04/23,補繳規費,G101061 汽車貨運業；G801010 倉儲業；EZ02010 起重工程業；IZ06010 理貨包裝業；IZ12010 人力派遣業；JE01010 租賃業；JZ99050 仲介服務業；ZZ99999 除許可業務外，得經營法令非禁止或限制之業務,臺北市,變更,11504
12355174,偉祥室內裝修股份有限公司,臺北市士林區雨農路32巷6弄4號1樓,李木森,3000000,,115/04/01,特殊補正,A102080 園藝服務業；E801010 室內裝潢業；E901010 油漆工程業；EZ11010 球場跑道樹脂材料鋪設工程業；EZ99990 其他工程業；ZZ99999 除許可業務外，得經營法令非禁止或限制之業務；E801060 室內裝修業；EZ14010 運動場地用設備工程業；I401010 一般廣告服務業；I501010 產品設計業,臺北市,變更,11504
12364770,翔耀實業股份有限公司,臺北市大安區光復南路438號12樓,林以山,711956410,,115/04/17,發行新股,CA04010 表面處理業；CC01040 照明設備製造業；CC01080 電子零組件製造業；CC01110 電腦及其週邊設備製造業；CQ01010 模具製造業；F106010 五金批發業；F106030 模具批發業；F113020 電器批發業；F113050 電腦及事務性機器設備批發業；F119010 電子材料批發業,臺北市,變更,11504
12369901,逢德實業股份有限公司,臺北市大安區光復南路612號7樓,林恩展,10000000,,115/04/22,特殊補正,F401010 國際貿易業；I199990 其他顧問服務業；ZZ99999 除許可業務外，得經營法令非禁止或限制之業務,臺北市,變更,11504
12374355,聯科半導體股份有限公司,臺北市萬華區中華路2段504巷55號1樓,張凱鈞,25000000,,115/04/07,分公司廢止,CB01010 機械設備製造業；CC01990 其他電機及電子機械器材製造業；E603050 自動控制設備工程業；E604010 機械安裝業；EZ05010 儀器、儀表安裝工程業；F109070 文教、樂器、育樂用品批發業；F113010 機械批發業；F113030 精密儀器批發業；F113050 電腦及事務性機器設備批發業；F114080 軌道車輛及其零件批發業,臺北市,變更,11504
12421786,中鹿營造股份有限公司,臺北市中山區松江路223號8樓,塩崎寬吉,1500000000,,115/04/22,改選董事/監察人(一人法人股東指派董事/監察人),E101011 綜合營造業；E601010 電器承裝業；E602011 冷凍空調工程業；E599010 配管工程業；E601020 電器安裝業；E603040 消防安全設備安裝工程業；E603050 自動控制設備工程業；E603090 照明設備安裝工程業；E604010 機械安裝業；EZ05010 儀器、儀表安裝工程業,臺北市,變更,11504
12430309,香港商遠東恆天然乳品有限公司,臺北市松山區敦化南路1段2號11樓,李郁文,12000000,,115/04/24,本公司董事及其他負責人變更,F102170 食品什貨批發業；F203010 食品什貨、飲料零售業；ZZ99999 除許可業務外，得經營法令非禁止或限制之業務；F121010 食品添加物批發業；F221010 食品添加物零售業；F401010 國際貿易業；I199990 其他顧問服務業,臺北市,變更,11504
12435753,擁潔股份有限公司,臺北市萬華區西園路2段157號9樓,王明潔,15000000,,115/04/15,特殊補正,F102030 菸酒批發業；F102040 飲料批發業；F107030 清潔用品批發業；F108040 化粧品批發業；F501030 飲料店業；F501050 飲酒店業；F501060 餐館業；F201010 農產品零售業；F203020 菸酒零售業；F207030 清潔用品零售業,臺北市,變更,11504
12437160,台灣伊都錦股份有限公司,臺北市松山區南京東路3段311號4樓,前田和久,20000000,,115/04/21,改選董事/監察人(一人法人股東指派董事/監察人),ZZ99999 除許可業務外，得經營法令非禁止或限制之業務,臺北市,變更,11504
12439147,海登有限公司,臺北市大安區信義路4段296號8樓之4,吳心揚,10000000,,115/04/09,改推董事/董事長,CA01070 廢車船解體及廢鋼鐵五金處理業；CB01010 機械設備製造業；CB01990 其他機械製造業；CC01010 發電、輸電、配電機械製造業；CD01010 船舶及其零件製造業；CD01070 商港區船舶小修業；CD01080 工業專用港或工業專用碼頭船舶小修業；CD01990 其他運輸工具及其零件製造業；CE01010 一般儀器製造業；CQ01010 模具製造業,臺北市,變更,11504
12444795,商圓實業股份有限公司,臺北市中山區松江路261號4樓,李道明,5000000,,115/04/21,改選董事/監察人(一人法人股東指派董事/監察人),,臺北市,變更,11504
12456594,梅嶺貿易股份有限公司,臺北市內湖區瑞光路439號6樓,丁偉倫,55000000,,115/04/21,董事/監察人持股變動報備,CC01030 電器及視聽電子產品製造業；F105050 家具、寢具、廚房器具、裝設品批發業；F106010 五金批發業；F106020 日常用品批發業；F113020 電器批發業；F119010 電子材料批發業；F205040 家具、寢具、廚房器具、裝設品零售業；F206010 五金零售業；F206020 日常用品零售業；F213010 電器零售業,臺北市,變更,11504
12476629,台灣佳能資訊股份有限公司,臺北市中正區羅斯福路2段100號19樓,小澤秀樹,84000000,,115/04/08,改選董事/監察人(一人法人股東指派董事/監察人),F113050 電腦及事務性機器設備批發業；F213030 電腦及事務性機器設備零售業；CB01020 事務機器製造業；CC01060 有線通信機械器材製造業；F113070 電信器材批發業；F213060 電信器材零售業；E603050 自動控制設備工程業；E605010 電腦設備安裝業；E701010 電信工程業；EZ05010 儀器、儀表安裝工程業,臺北市,變更,11504
12478464,和江留投資股份有限公司,臺北市中山區復興北路2號8樓之7,廣田浩平,59000000,,115/04/10,改派董事/監察人,H201010 一般投資業；H703100 不動產租賃業；ZZ99999 除許可業務外，得經營法令非禁止或限制之業務,臺北市,變更,11504
12488189,台精精密股份有限公司,臺北市中山區長春路143號2樓,植松茂,25000000,,115/04/13,補選董事(常務董事.董事長)/監察人,F119010 電子材料批發業；F219010 電子材料零售業；F113110 電池批發業；F213110 電池零售業；F401010 國際貿易業；IZ12010 人力派遣業；ZZ99999 除許可業務外，得經營法令非禁止或限制之業務,臺北市,變更,11504
12489413,台灣雅瑪多國際物流股份有限公司,臺北市大安區復興南路1段303號6樓,坂田貴志（Takashi Sakata),21000000,,115/04/24,改派董事/監察人,G601011 航空貨運承攬業；G402011 海運承攬運送業；F401010 國際貿易業；G801010 倉儲業；IZ06010 理貨包裝業；G701011 報關業；C802100 化粧品製造業；ZZ99999 除許可業務外，得經營法令非禁止或限制之業務,臺北市,變更,11504
12505173,創姿國際開發股份有限公司,臺北市中山區中山北路2段49號1樓、2樓、3樓,陳彩霞,80000000,,115/04/15,補繳規費,C306010 成衣業；C307010 服飾品製造業；F102050 茶葉批發業；F102170 食品什貨批發業；F104110 布疋、衣著、鞋、帽、傘、服飾品批發業；F105050 家具、寢具、廚房器具、裝設品批發業；F106020 日常用品批發業；F106050 陶瓷玻璃器皿批發業；F108040 化粧品批發業；F203010 食品什貨、飲料零售業,臺北市,變更,11504
12505808,嘉葉酒業股份有限公司,臺北市中山區林森北路413號9樓之25,王文卿,29000000,,115/04/14,改選董事/監察人(一人法人股東指派董事/監察人),F401010 國際貿易業；I102010 投資顧問業；I103060 管理顧問業；F102030 菸酒批發業；ZZ99999 除許可業務外，得經營法令非禁止或限制之業務,臺北市,變更,11504
12539188,龍都建設股份有限公司,臺北市中山區中山北路1段105巷18之1號4樓,張振雄,50000000,,115/04/08,董事/監察人持股變動報備,,臺北市,變更,11504
12550232,台灣杰通股份有限公司,臺北市士林區芝玉路2段61巷3號,陳惠貞,20000000,,115/04/27,特殊補正,,臺北市,變更,11504
12551801,四維航業股份有限公司,臺北市松山區復興北路167號16樓,藍心琪,3892716140,,115/04/09,董事(常務董事.董事長)/監察人解任,G401011 船務代理業；G301011 船舶運送業；F114060 船舶及其零件批發業；F214060 船舶及其零件零售業；ZZ99999 除許可業務外，得經營法令非禁止或限制之業務,臺北市,變更,11504
12552127,得仕企業有限公司,臺北市內湖區港墘路82巷13號1樓,尹音筑,2000000,,115/04/01,特殊補正,F102170 食品什貨批發業；F102040 飲料批發業；F106020 日常用品批發業；F203010 食品什貨、飲料零售業；F401010 國際貿易業；ZZ99999 除許可業務外，得經營法令非禁止或限制之業務,臺北市,變更,11504
12636490,富美樂國際有限公司,臺北市中山區南京東路3段219號9樓,曹立學,1000000,,115/04/21,特殊補正,F113050 電腦及事務性機器設備批發業；F113030 精密儀器批發業；F119010 電子材料批發業；F107030 清潔用品批發業；F108040 化粧品批發業；E605010 電腦設備安裝業；I301010 資訊軟體服務業；I301030 電子資訊供應服務業；I301020 資料處理服務業；I401010 一般廣告服務業,臺北市,變更,11504
12652759,菱三友國際貿易股份有限公司,臺北市中山區林森北路577號11樓之2,蔣重炎,6000000,,115/04/01,改選董事/監察人(一人法人股東指派董事/監察人),F401010 國際貿易業；F107100 基本化學材料批發業；F107110 石油化工原料批發業；F107120 精密化學材料批發業；F119010 電子材料批發業；EZ05010 儀器、儀表安裝工程業；F106010 五金批發業；F107020 染料、顏料批發業；F113010 機械批發業；F113030 精密儀器批發業,臺北市,變更,11504
12653785,巨匠電腦股份有限公司,臺北市中正區公園路30號6樓之1,鍾梁權,216000000,,115/04/02,特殊補正,ZZ99999 除許可業務外，得經營法令非禁止或限制之業務；J201031 短期補習班業；I701011 就業服務業；F118010 資訊軟體批發業；F218010 資訊軟體零售業；F399040 無店面零售業；F401010 國際貿易業；F601010 智慧財產權業；E605010 電腦設備安裝業；I103060 管理顧問業,臺北市,變更,11504
12659654,都市生活廣告有限公司,臺北市內湖區瑞光路168號9樓,宋德鈞,11000000,,115/04/01,特殊補正,I102010 投資顧問業；I503010 景觀室內設計業；F118010 資訊軟體批發業；F218010 資訊軟體零售業；I301010 資訊軟體服務業；I301020 資料處理服務業；I401010 一般廣告服務業；E603040 消防安全設備安裝工程業；E601020 電器安裝業；H701010 住宅及大樓開發租售業,臺北市,變更,11504
12663165,臺灣光榮特庫摩股份有限公司,臺北市大安區復興南路1段323號11樓,小林英聖,30000000,,115/04/14,改選董事/監察人(一人法人股東指派董事/監察人),F109070 文教、樂器、育樂用品批發業；F113020 電器批發業；F113050 電腦及事務性機器設備批發業；F118010 資訊軟體批發業；F119010 電子材料批發業；F209060 文教、樂器、育樂用品零售業；F213010 電器零售業；F213030 電腦及事務性機器設備零售業；F218010 資訊軟體零售業；F219010 電子材料零售業,臺北市,變更,11504
12663186,群益保險經紀人股份有限公司,臺北市松山區民生東路3段156號13樓,邱昭健,5000000,,115/04/29,改派董事/監察人,H602011 人身保險經紀人。；H602021 財產保險經紀人。,臺北市,變更,11504
12664925,台灣博世舒適科技空調設備販賣股份有限公司,臺北市中山區南京東路3段63號,飯塚慎一(Shinichi Iizuka),550000000,,115/04/10,改選董事/監察人(一人法人股東指派董事/監察人),E501011 自來水管承裝商；E601010 電器承裝業；ZZ99999 除許可業務外，得經營法令非禁止或限制之業務；E602011 冷凍空調工程業；F113020 電器批發業；JA02010 電器及電子產品修理業,臺北市,變更,11504
12665305,財宏科技股份有限公司,臺北市內湖區瑞光路208號2樓,林國良,220000000,,115/04/09,改派董事/監察人,F113050 電腦及事務性機器設備批發業；F118010 資訊軟體批發業；F213030 電腦及事務性機器設備零售業；F218010 資訊軟體零售業；I301010 資訊軟體服務業；I301020 資料處理服務業；I301030 電子資訊供應服務業；I301040 第三方支付服務業；ZZ99999 除許可業務外，得經營法令非禁止或限制之業務,臺北市,變更,11504
12667351,汎遠旅行社股份有限公司,臺北市中山區天津街63號7樓,吳奇偉,6000000,,115/04/13,改選董事/監察人(一人法人股東指派董事/監察人),J902011 旅行業,臺北市,變更,11504
12670118,飛幕科技有限公司,臺北市中正區北平東路28號7樓之1,呂明壽,10000000,,115/04/15,公司所營事業變更修正章程,E605010 電腦設備安裝業；E701010 電信工程業；F113050 電腦及事務性機器設備批發業；F113070 電信器材批發業；F118010 資訊軟體批發業；F213030 電腦及事務性機器設備零售業；F213060 電信器材零售業；F218010 資訊軟體零售業；F401010 國際貿易業；I301010 資訊軟體服務業,臺北市,變更,11504
12677528,視影實業股份有限公司,臺北市信義區忠孝東路5段71巷26之1號,王海娟,11000000,,115/04/16,改選董事/監察人(一人法人股東指派董事/監察人),J304010 圖書出版業；J305010 有聲出版業；J303010 雜誌業；J302010 通訊稿業；I401010 一般廣告服務業；I401020 廣告傳單分送業；F209010 書籍、文具零售業；F401010 國際貿易業；I301010 資訊軟體服務業；I301020 資料處理服務業,臺北市,變更,11504
12678097,中華開發資本管理顧問股份有限公司,臺北市松山區敦化北路135號12樓,邱德馨,230938890,,115/04/20,公司所營事業變更修正章程,I102010 一般投資顧問業；I103060 管理顧問業；H202010 創業投資業；H204010 私募股權投資業；JD01010 工商徵信服務業；F401010 國際貿易業；ZZ99999 除許可業務外，得經營法令非禁止或限制之業務,臺北市,變更,11504
12681945,瑞國國際科技股份有限公司,臺北市大安區安和路1段27號15樓,湯成,5000000,,115/04/30,特殊補正,IG01010 生物技術服務業；H201010 一般投資業；F119010 電子材料批發業；A102050 作物栽培服務業；H202010 創業投資業；I103060 管理顧問業；I301010 資訊軟體服務業；I301030 電子資訊供應服務業；I501010 產品設計業；I599990 其他設計業,臺北市,變更,11504
12697828,恆恩科技有限公司,臺北市南港區興中路28巷31號5樓,陳玉雲,5000000,,115/04/30,特殊補正,F213060 電信器材零售業；F213030 電腦及事務性機器設備零售業；E605010 電腦設備安裝業；F218010 資訊軟體零售業；F401010 國際貿易業；E601010 電器承裝業；E603090 照明設備安裝工程業；E801010 室內裝潢業；F105050 家具、寢具、廚房器具、裝設品批發業；E801070 廚具、衛浴設備安裝工程業,臺北市,變更,11504
12698994,又鑫生物科技有限公司,臺北市中山區民生東路1段58號9樓之1,簡士翔,5000000,,115/04/16,股東出資轉讓修正章程,F113030 精密儀器批發業；F213040 精密儀器零售業；F401010 國際貿易業；F118010 資訊軟體批發業；F218010 資訊軟體零售業；F207070 動物用藥零售業；F107070 動物用藥品批發業；F108031 醫療器材批發業；F208031 醫療器材零售業；ZZ99999 除許可業務外，得經營法令非禁止或限制之業務,臺北市,變更,11504
12699924,盛林窗飾企業有限公司,臺北市中山區新生北路2段119巷18號,曾煥盛,5000000,,115/04/13,股東出資轉讓修正章程,E801010 室內裝潢業；F105010 家具批發業；F111040 磁磚、貼面石材批發業；F105020 室內裝飾品紡織品批發業；F205010 家具零售業；F205020 裝設品零售業；F211010 建材零售業；F401010 國際貿易業,臺北市,變更,11504
12747502,基因色彩有限公司,臺北市大安區忠孝東路4段60號11樓,徐永明,10000000,,115/04/15,增資,F204110 布疋、衣著、鞋、帽、傘、服飾品零售業；F205040 家具、寢具、廚房器具、裝設品零售業；F209060 文教、樂器、育樂用品零售業；I199990 其他顧問服務業(個人整體造型設計諮詢顧問)；F208040 化粧品零售業；J303010 雜誌（期刊）出版業；I103060 管理顧問業；F401010 國際貿易業；I105010 藝術品諮詢顧問業；J304010 圖書出版業,臺北市,變更,11504
12760595,台灣宏利股份有限公司,臺北市內湖區新湖三路126號3樓,王為山,26000000,,115/04/23,改選董事/監察人(一人法人股東指派董事/監察人),F119010 電子材料批發業；CC01080 電子零組件製造業,臺北市,變更,11504
12852193,麗高資產管理顧問有限公司,臺北市中山區松江路75之1號7樓,盧送寶,13000000,,115/04/08,特殊補正,H701010 住宅及大樓開發租售業；H701020 工業廠房開發租售業；H701050 投資興建公共建設業；H701060 新市鎮、新社區開發業；H701070 區段徵收及市地重劃代辦業；H701090 都市更新整建維護業；H702010 建築經理業；H703090 不動產買賣業；H703100 不動產租賃業；H703110 老人住宅業,臺北市,變更,11504
12852454,允揚保險公證人有限公司,臺北市大安區復興南路2段8號11樓,陳俊文,3500000,,115/04/02,股東出資轉讓修正章程,H603011 一般保險公證人,臺北市,變更,11504
12853622,康泰納仕時尚網有限公司,臺北市信義區基隆路2段51號15樓,洪品森Daniel Mark Harrison,500000,,115/04/10,改推董事/董事長,I301010 資訊軟體服務業；I301020 資料處理服務業；I301030 電子資訊供應服務業；F218010 資訊軟體零售業；F213060 電信器材零售業；F118010 資訊軟體批發業；F113070 電信器材批發業；I401010 一般廣告服務業；F301010 百貨公司業；J304010 圖書出版業,臺北市,變更,11504
12854988,台灣三井化學股份有限公司,臺北市中正區忠孝西路1段4號7樓,井口照信,28000000,,115/04/14,改選董事/監察人(一人法人股東指派董事/監察人),F107010 漆料、塗料批發業；F207010 漆料、塗料零售業；F107060 毒性化學物質批發業；F207060 毒性化學物質零售業；F107190 塑膠膜、袋批發業；F207190 塑膠膜、袋零售業；F107200 化學原料批發業；F207200 化學原料零售業；F113050 電腦及事務性機器設備批發業；F213030 電腦及事務性機器設備零售業,臺北市,變更,11504
12855558,艾思博系統科技股份有限公司,臺北市大安區忠孝東路4段320號9樓,黃繼宗,28000000,,115/04/07,改選董事/監察人(一人法人股東指派董事/監察人),F114080 軌道車輛及其零件批發業；F214080 軌道車輛及其零件零售業；F401010 國際貿易業；E604010 機械安裝業；F113090 交通標誌器材批發業；F113020 電器批發業；F113070 電信器材批發業；F601010 智慧財產權業；I301020 資料處理服務業；IZ12010 人力派遣業,臺北市,變更,11504
12856769,宏頂科技股份有限公司,臺北市士林區中正路601號9樓之1及之2,李文宏,10000000,,115/04/20,特殊補正,I301010 資訊軟體服務業；I301020 資料處理服務業；I301030 電子資訊供應服務業；F109070 文教、樂器、育樂用品批發業；F113050 電腦及事務性機器設備批發業；F118010 資訊軟體批發業；F209060 文教、樂器、育樂用品零售業；F213030 電腦及事務性機器設備零售業；F213060 電信器材零售業；F218010 資訊軟體零售業,臺北市,變更,11504
12860638,增智慧國際股份有限公司,臺北市松山區南京東路5段315號3樓,邱彥博,2000000,,115/04/13,補繳規費,F401010 國際貿易業；F109070 文教、樂器、育樂用品批發業；F113050 電腦及事務性機器設備批發業；F118010 資訊軟體批發業；J303010 雜誌（期刊）出版業；J304010 圖書出版業；J305010 有聲出版業；I103060 管理顧問業；E605010 電腦設備安裝業；I301010 資訊軟體服務業,臺北市,變更,11504
12866302,德逸有機生活館股份有限公司,臺北市萬華區西園路2段157號9樓,周天琮,9950000,,115/04/15,特殊補正,F102030 菸酒批發業；F102040 飲料批發業；F107030 清潔用品批發業；F108040 化粧品批發業；F501030 飲料店業；F501050 飲酒店業；F501060 餐館業；F201010 農產品零售業；F203020 菸酒零售業；F207030 清潔用品零售業,臺北市,變更,11504
12870262,台灣亞太環通海纜股份有限公司,臺北市內湖區瑞光路415號4樓,王喬薇,6471996,,115/04/20,特殊補正,E701010 通信工程業。；E701030 電信管制射頻器材裝設工程業。；F113070 電信器材批發業。；F213060 電信器材零售業。；F401010 國際貿易業。；F601010 智慧財產權業。；ZZ99999 除許可業務外，得經營法令非禁止或限制之業務,臺北市,變更,11504
12879854,御盛旅行社股份有限公司,臺北市中山區長安東路2段178號3樓之3,黃昱銨,10000000,,115/04/23,特殊補正,J902011 旅行業,臺北市,變更,11504
12932921,恒亞貿易股份有限公司,臺北市士林區延平北路6段485號4樓,王寶娟,120000000,,115/04/09,特殊補正,F108021 西藥批發業；F108040 化粧品批發業；F107070 動物用藥品批發業；F103010 飼料批發業；F108031 醫療器材批發業；F401010 國際貿易業；F102170 食品什貨批發業；F107200 化學原料批發業；F121010 食品添加物批發業；F221010 食品添加物零售業,臺北市,變更,11504
12939706,立石室內裝修設計工程股份有限公司,臺北市松山區復興北路1號14樓之4,嚴書宜,10000000,,115/04/27,改選董事/監察人(一人法人股東指派董事/監察人),I503010 景觀、室內設計業；F211010 建材零售業；F105010 家具批發業；F205010 家具零售業；I103010 企業經營管理顧問業；F401010 國際貿易業；E801010 室內裝潢業；E801061 室內裝修業；F111010 木材批發業；F111020 水泥、石灰及其製品批發業,臺北市,變更,11504
12940886,和健環保科技有限公司,臺北市信義區松德路165號,嚴麗萍,2000000,,115/04/17,股東出資轉讓修正章程,J101060 廢（污）水處理業；F107030 清潔用品批發業；C802090 清潔用品製造業；J101990 其他環境衛生及污染防治服務業；F106060 寵物食品及其用品批發業；F107080 環境用藥批發業；I199990 其他顧問服務業；F107070 動物用藥品批發業；F106020 日常用品批發業；F107050 肥料批發業,臺北市,變更,11504
12946045,采記股份有限公司,臺北市內湖區新湖三路23號5樓,陳清華,567901250,,115/04/23,補選董事(常務董事.董事長)/監察人,I301010 資訊軟體服務業；I301020 資料處理服務業；I301030 電子資訊供應服務業；I501010 產品設計業；I502010 服飾設計業；I503010 景觀、室內設計業；I504010 花藝設計業；I601010 租賃業；F113010 機械批發業；F113020 電器批發業,臺北市,變更,11504
12947327,中華能率電子科技有限公司,臺北市大安區信義路4段311號6樓,林俊佑,3000000,,115/04/21,特殊補正,F113020 電器批發業；F118010 資訊軟體批發業；F119010 電子材料批發業；F113030 精密儀器批發業；F401010 國際貿易業；E601020 電器安裝業；EZ05010 儀器、儀表安裝工程業；E801010 室內裝潢業；E901010 油漆工程業；EZ99990 其他工程業,臺北市,變更,11504
12953312,宇笛生物科技股份有限公司,臺北市中正區羅斯福路2段11號4樓,朱素真,10000000,,115/04/01,特殊補正,F108040 化粧品批發業；F208040 化粧品零售業；F113030 精密儀器批發業；F213040 精密儀器零售業；JZ99110 瘦身美容業；F401010 國際貿易業；ZZ99999 除許可業務外，得經營法令非禁止或限制之業務；F102040 飲料批發業；F102170 食品什貨批發業；F106010 五金批發業,臺北市,變更,11504
12953349,菁華人力資源管理顧問股份有限公司,臺北市松山區東興路12號2樓,林裕彬,5000000,,115/04/29,特殊補正,I102010 投資顧問業；I301030 電子資訊供應服務業；I401010 一般廣告服務業；IZ12010 人力派遣業；I701011 就業服務業；G202010 停車場經營業；I103060 管理顧問業；I301010 資訊軟體服務業；I301020 資料處理服務業；I401020 廣告傳單分送業,臺北市,變更,11504
12953615,台灣小森股份有限公司,臺北市信義區基隆路2段51號7樓,小森映宏,45860000,,115/04/27,特殊補正,F213080 機械器具零售業；F113010 機械批發業；JA02990 其他修理業；F401010 國際貿易業；E604010 機械安裝業；F107010 漆料、塗料批發業；F107990 其他化學製品批發業；F116010 照相器材批發業；F119010 電子材料批發業；F199990 其他批發業,臺北市,變更,11504
12956520,弘傑不動產事業股份有限公司,臺北市中山區建國北路2段33號13樓之6,湯秋宜,18000000,,115/04/10,改選董事/監察人(一人法人股東指派董事/監察人),H703090 不動產買賣業；H703100 不動產租賃業；ZZ99999 除許可業務外，得經營法令非禁止或限制之業務；H701050 投資興建公共建設業；IZ99990 其他工商服務業；IZ02010 打字業,臺北市,變更,11504
12959483,康泰納仕綜合媒體事業有限公司,臺北市信義區基隆路2段51號15樓,洪品森Daniel Mark Harrison,1000000,,115/04/10,改推董事/董事長,F109070 文教、樂器、育樂用品批發業；F203020 菸酒零售業；F209060 文教、樂器、育樂用品零售業；F401010 國際貿易業；J303010 雜誌（期刊）出版業；J602010 演藝活動業；JB01010 會議及展覽服務業；I401010 一般廣告服務業；IZ15010 市場研究及民意調查業；ZZ99999 除許可業務外，得經營法令非禁止或限制之業務,臺北市,變更,11504
12959532,振鼎企業股份有限公司,臺北市內湖區洲子街75號2樓,藍清鐘,25000000,,115/04/22,改選董事/監察人(一人法人股東指派董事/監察人),F104110 布疋、衣著、鞋、帽、傘、服飾品批發業；F105050 家具、寢具、廚房器具、裝設品批發業；F109070 文教、樂器、育樂用品批發業；F205040 家具、寢具、廚房器具、裝設品零售業；F209060 文教、樂器、育樂用品零售業；F204110 布疋、衣著、鞋、帽、傘、服飾品零售業；CM01010 箱、包、袋製造業；CO01010 餐具製造業；C306010 成衣業；C307010 服飾品製造業,臺北市,變更,11504
12963584,威盛保險經紀人股份有限公司,臺北市中山區復興北路164號10樓,孟光華,50000000,,115/04/17,特殊補正,H602011 人身保險經紀人；H602021 財產保險經紀人,臺北市,變更,11504
12966153,昱陞國際有限公司,臺北市大同區民權西路144巷5弄7號3樓之2,蔡慧君,3000000,,115/04/08,公司印鑑變更,F108040 化粧品批發業；F401010 國際貿易業,臺北市,變更,11504
12976167,大小點整合行銷傳播有限公司,臺北市信義區忠孝東路5段372巷28弄5號1樓,曾淳宜,5000000,,115/04/02,特殊補正,I401010 一般廣告服務業；J304010 圖書出版業；J503011 廣播節目製作業；J503021 電視節目製作業；J602010 演藝活動業；I401020 廣告傳單分送業；I502010 服飾設計業；J305010 有聲出版業；J601010 藝文服務業；J803010 運動表演業,臺北市,變更,11504
13045085,新城國際實業股份有限公司,臺北市大安區建國南路1段161號7樓之1,林建廷,210000000,,115/04/15,股份轉換發行新股,F401010 國際貿易業；F107990 其他化學製品批發業；F101050 水產品批發業；C103050 罐頭、冷凍、脫水及醃漬食品製造業；F101040 家畜家禽批發業；F101130 蔬果批發業；F101990 其他農、畜、水產品批發業；F102020 食用油脂批發業；F102040 飲料批發業；F102170 食品什貨批發業,臺北市,變更,11504
13080218,天嘉投資有限公司,臺北市信義區基隆路2段189號17樓之6,施建中,4062500,,115/04/08,特殊補正,H201010 一般投資業。；F401010 國際貿易業；ZZ99999 除許可業務外，得經營法令非禁止或限制之業務,臺北市,變更,11504
13084755,億銓科技股份有限公司,臺北市大安區辛亥路1段30號12樓之1,吳張萍萍,20000000,,115/04/02,特殊補正,E601020 電器安裝業；E604010 機械安裝業；E605010 電腦設備安裝業；E701010 通信工程業；EZ05010 儀器、儀表安裝工程業；EZ08010 測量工程業；EZ13010 核子工程業；F106010 五金批發業；F113010 機械批發業；F113020 電器批發業,臺北市,變更,11504
13088078,舜智文化創意股份有限公司,臺北市大安區忠孝東路4段169號12樓之1,陳介人,2000000,,115/04/01,特殊補正,C104020 烘焙炊蒸食品製造業；E801010 室內裝潢業；F106020 日常用品批發業；F109070 文教、樂器、育樂用品批發業；F401010 國際貿易業；F601010 智慧財產權業；H201010 一般投資業；H701010 住宅及大樓開發租售業；H701060 新市鎮、新社區開發業；H701080 都市更新重建業,臺北市,變更,11504
13091159,奧汀整合行銷傳播股份有限公司,臺北市信義區忠孝東路5段552號2樓,劉翰穎,10000000,,115/04/24,特殊補正,I103060 管理顧問業；I401010 一般廣告服務業；J305010 有聲出版業；J601010 藝文服務業；J602010 演藝活動業；F209060 文教、樂器、育樂用品零售業；F218010 資訊軟體零售業；F102050 茶葉批發業；F102170 食品什貨批發業；F104110 布疋、衣著、鞋、帽、傘、服飾品批發業,臺北市,變更,11504
13091186,良友科技股份有限公司,臺北市中山區南京東路2段8號12樓之1,郭永宗,70000000,,115/04/27,特殊補正,E603040 消防安全設備安裝工程業；E603050 自動控制設備工程業；E603090 照明設備安裝工程業；E604010 機械安裝業；E605010 電腦設備安裝業；E701020 衛星電視ＫＵ頻道、Ｃ頻道器材安裝業；E701030 電信管制射頻器材裝設工程業；EZ05010 儀器、儀表安裝工程業；F113030 精密儀器批發業；F113050 電腦及事務性機器設備批發業,臺北市,變更,11504
13097766,高瞻廣告股份有限公司,臺北市中山區復興北路60號3樓,胡心雄,10000000,,115/04/08,董事/監察人持股變動報備,C701010 印刷業；C702010 製版業；C703010 印刷品裝訂及加工業；F218010 資訊軟體零售業；F401010 國際貿易業；I103060 管理顧問業；I301010 資訊軟體服務業；I301020 資料處理服務業；I301030 電子資訊供應服務業；I401010 一般廣告服務業,臺北市,變更,11504
13103556,芬達旅行社股份有限公司,臺北市中山區南京東路2段96號7樓,傅光俞,36100000,,115/04/14,改選董事/監察人(一人法人股東指派董事/監察人),J902011 旅行業。,臺北市,變更,11504
13118951,泓陞科技股份有限公司,臺北市中正區重慶南路1段57號10樓之17,楊詠鈞,10000000,,115/04/21,特殊補正,I301010 資訊軟體服務業；I301020 資料處理服務業；I301030 電子資訊供應服務業；I103060 管理顧問業；E605010 電腦設備安裝業；E603050 自動控制設備工程業；F113050 電腦及事務性機器設備批發業；F118010 資訊軟體批發業；F119010 電子材料批發業；F401010 國際貿易業,臺北市,變更,11504
13119179,安聯國際廣告股份有限公司,臺北市大安區復興南路2段237號13樓,畢浩丹,2000000,,115/04/14,改選董事/監察人(一人法人股東指派董事/監察人),I401010 一般廣告服務業；I501010 產品設計業；F218010 資訊軟體零售業；F118010 資訊軟體批發業；I103010 企業經營管理顧問業；F109010 圖書批發業；F401010 國際貿易業；ZZ99999 除許可業務外，得經營法令非禁止或限制之業務,臺北市,變更,11504
13122929,詠冠投資股份有限公司,臺北市大安區新生南路1段103巷32之2號1樓,郭珈伶,105000000,,115/04/09,增資(資本總額),H201010 一般投資業,臺北市,變更,11504
13123820,新居室內裝修工程有限公司,臺北市中山區長安東路1段24號,羅永良,8890000,,115/04/09,特殊補正,E801010 室內裝潢業；E801060 室內裝修業；E801020 門窗安裝工程業；E801030 室內輕鋼架工程業；E801070 廚具、衛浴設備安裝工程業；E901010 油漆工程業；F211010 建材零售業；F206010 五金零售業；I501010 產品設計業；H701010 住宅及大樓開發租售業,臺北市,變更,11504
13124428,亞普投資股份有限公司,臺北市中山區中山北路二段21號2樓,楊中源,7594606610,,115/04/20,改選董事/監察人(一人法人股東指派董事/監察人),H201010 一般投資業。,臺北市,變更,11504
13130940,尚美圖文科技股份有限公司,臺北市萬華區長順街123巷13號,沈家杰,15000000,,115/04/29,特殊補正,I401010 一般廣告服務業；I501010 產品設計業；IZ01010 影印業；IZ02010 打字業；IZ10010 排版業；F109060 包裝材料批發業；F118010 資訊軟體批發業；F401010 國際貿易業；I301010 資訊軟體服務業；I301020 資料處理服務業,臺北市,變更,11504
13132285,台灣賽峰股份有限公司,臺北市大安區敦化南路2段38號7樓之1,Sébastien IMBOURG,3000350,,115/04/16,改派董事/監察人,E604010 機械安裝業；F114070 航空器及其零件批發業；F214070 航空器及其零件零售業；F401010 國際貿易業；I101100 航空顧問業；I102010 投資顧問業；I103060 管理顧問業；IZ99990 其他工商服務業；JA02990 其他修理業；JB01010 會議及展覽服務業,臺北市,變更,11504
13134615,華展光電股份有限公司,臺北市內湖區內湖路1段396號5樓,橋本典夫,17142850,,115/04/14,票據兌現/他機關函復/補正,F113010 機械批發業；F113020 電器批發業；F113030 精密儀器批發業；F119010 電子材料批發業；F213010 電器零售業；F213040 精密儀器零售業；F219010 電子材料零售業；F401010 國際貿易業；F401021 電信管制射頻器材輸入業；ZZ99999 除許可業務外，得經營法令非禁止或限制之業務,臺北市,變更,11504
14003416,永利旅行社股份有限公司,臺北市中山區建國北路2段33號7樓之6,丁萊,31500000,,115/04/23,董事/監察人持股變動報備,J902011 旅行業(營業範圍以交通部觀光局核准之業務範圍為準),臺北市,變更,11504
14012098,旭朝企業有限公司,臺北市松山區長春路498號2樓,湯秋英,5000000,,115/04/10,股東出資轉讓修正章程,,臺北市,變更,11504
14022407,立航旅行社有限公司,臺北市萬華區西園路2段284號1樓,鄭芳宜,10000000,,115/04/01,公司所在地,J902011 旅行業,臺北市,變更,11504
14024952,華熊營造股份有限公司,臺北市大安區建安里敦化南路一段205號12樓之8,新屋忠彥,1320000000,,115/04/08,改選董事/監察人(一人法人股東指派董事/監察人),E101011 綜合營造業；H701010 住宅及大樓開發租售業；H703090 不動產買賣業；H703100 不動產租賃業；H201010 一般投資業；E401010 疏濬業；E402010 沙石、淤泥海拋業；F211010 建材零售業；F213080 機械器具零售業；JE01010 租賃業,臺北市,變更,11504
14033431,華公行有限公司,臺北市中山區長安東路2段36巷6之10號3樓,楊俊逸,5000000,,115/04/21,減少所營事業變更修正章程,F301030 一般百貨業；ZZ99999 除許可業務外，得經營法令非禁止或限制之業務,臺北市,變更,11504
14034494,尚鏵股份有限公司,臺北市大安區大安路1段249號9樓,張詠涵,300000000,,115/04/30,特殊補正,CB01010 機械設備製造業有關商品之買賣。壓鑄、塑膠、沖壓等模具及其零件配件之製造加工及經銷代理業務。代理前各項有關國內外廠商產品之報價投標業務。；C301010 紡紗業,臺北市,變更,11504
14040329,培克工業股份有限公司,臺北市中山區建國北路2段116巷7號1樓,康師墉,25000000,,115/04/27,特殊補正,F114030 汽、機車零件配備批發業；F401010 國際貿易業；F399040 無店面零售業；ZZ99999 除許可業務外，得經營法令非禁止或限制之業務,臺北市,變更,11504
14056715,法台化學股份有限公司,臺北市中山區民生東路3段2號4樓之3,Francois Didier BLEGER,36339200,,115/04/27,特殊補正,F102020 食用油脂批發業；F102170 食品什貨批發業；F103010 飼料批發業；F107010 漆料、塗料批發業；F107020 染料、顏料批發業；F107030 清潔用品批發業；F107040 農藥批發業；F107050 肥料批發業；F107070 動物用藥品批發業；F107080 環境用藥批發業,臺北市,變更,11504
14063624,台灣極水股份有限公司,臺北市中山區吉林路24號5樓之2,潘文姝,100000000,,115/04/21,補繳規費,CB01010 機械設備製造業；CB01030 污染防治設備製造業；C802080 環境用藥製造業；E103101 環境保護工程專業營造業；E599010 配管工程業；E604010 機械安裝業；EZ05010 儀器、儀表安裝工程業；EZ15010 保溫、保冷安裝工程業；F107080 環境用藥批發業；F207080 環境用藥零售業,臺北市,變更,11504
14068374,秋記投資開發股份有限公司,臺北市內湖區民善街89號,陳清華,34568000,,115/04/07,董事(常務董事.董事長)/監察人解任,H201010 一般投資業,臺北市,變更,11504
14071286,福利營造股份有限公司,臺北市士林區承德路4段192之1號11樓,簡進吉,150000000,,115/04/23,補選董事(常務董事.董事長)/監察人,E101011 綜合營造業；H701010 住宅及大樓開發租售業；H703100 不動產租賃業；H703090 不動產買賣業；H701020 工業廠房開發租售業；H701050 投資興建公共建設業,臺北市,變更,11504
14075190,國正投資企業股份有限公司,臺北市松山區敦化北路4巷25弄1號,謝明傑,26000000,,115/04/29,改選董事/監察人(一人法人股東指派董事/監察人),H201010 一般投資業；F401010 國際貿易業；H202010 創業投資業；H701010 住宅及大樓開發租售業；H703090 不動產買賣業；H703100 不動產租賃業；ZZ99999 除許可業務外，得經營法令非禁止或限制之業務,臺北市,變更,11504
15028619,大偉貿易有限公司,臺北市中山區雙城街48號4樓,江林秀容,7000000,,115/04/16,特殊補正,,臺北市,變更,11504
15044527,今日股份有限公司,臺北市萬華區峨眉街52號,蔣光霞,256630000,,115/04/02,特殊補正,,臺北市,變更,11504
15319335,新東陽股份有限公司,臺北市大安區忠孝東路四段289號8樓,麥寬成,880000000,,115/04/30,補繳規費,A102060 糧商業；C102010 乳品製造業；C103050 罐頭、冷凍、脫水及醃漬食品製造業；C104010 糖果製造業；C104020 烘焙炊蒸食品製造業；C109010 調味品製造業；C110010 飲料製造業；C199010 麵條、粉條類食品製造業；C199020 食用冰製造業；C199030 即食餐食製造業,臺北市,變更,11504
15331008,富台水電工程有限公司,臺北市文山區下崙路25號1樓,蔡榮冠,10000000,,115/04/30,特殊補正,E601010 電器承裝業；E601020 電器安裝業；F113020 電器批發業；F119010 電子材料批發業；F213010 電器零售業；F219010 電子材料零售業；JA02010 電器及電子產品修理業；E604010 機械安裝業；F113010 機械批發業；F113990 其他機械器具批發業,臺北市,變更,11504
15346142,勝記貿易股份有限公司,臺北市大安區光復南路296號7樓之4,廖宗和,27000000,,115/04/13,改選董事/監察人(一人法人股東指派董事/監察人),,臺北市,變更,11504
15922263,臺北香料化學有限公司,臺北市大同區南京西路344巷39號,黃暉鈞,5000000,,115/04/27,特殊補正,F102170 食品什貨批發業；F203010 食品什貨、飲料零售業；F399040 無店面零售業；F401010 國際貿易業；ZZ99999 除許可業務外，得經營法令非禁止或限制之業務,臺北市,變更,11504
15964170,克哲國際貿易股份有限公司,臺北市中山區南京東路3段219號9樓,姚志偉,1000000,,115/04/28,特殊補正,,臺北市,變更,11504
15979217,香里食品企業股份有限公司,臺北市萬華區環河南路2段280巷9號2樓,洪芳美,88000000,,115/04/28,董事/監察人持股變動報備,C101010 屠宰業；C103020 冷凍食品製造業；C103050 罐頭、冷凍、脫水及醃漬食品製造業；C105010 食用油脂製造業；F101040 家畜家禽批發業；F101050 水產品批發業；F101130 蔬果批發業；F201010 農產品零售業；F201020 畜產品零售業；F201030 水產品零售業,臺北市,變更,11504
16009034,商杰股份有限公司,臺北市內湖區基湖路10巷52號8樓,,0,,115/04/01,一般補正案,,臺北市,變更,11504
16058560,永翊開發股份有限公司,臺北市松山區敦化南路1段25號4樓,姚連地,160000000,,115/04/15,改選董事/監察人(一人法人股東指派董事/監察人),H701010 住宅及大樓開發租售業；F119010 電子材料批發業；I301010 資訊軟體服務業；JZ99050 仲介服務業；F401010 國際貿易業；ZZ99999 除許可業務外，得經營法令非禁止或限制之業務,臺北市,變更,11504
16086448,威秀影城股份有限公司,臺北市信義區松壽路20號2樓,王超立,1000000000,,115/04/07,改派董事/監察人,F203010 食品什貨、飲料零售業；F102030 菸酒批發業；F203020 菸酒零售業；F209060 文教、樂器、育樂用品零售業；F301010 百貨公司業；F399040 無店面零售業；F401010 國際貿易業；F501030 飲料店業；F501050 飲酒店業；F601010 智慧財產權業,臺北市,變更,11504
16089156,仁記投資股份有限公司,臺北市大同區承德路1段40號11樓,宗緒嫻,79800000,,115/04/27,董事/監察人地址變更,H201010 一般投資業,臺北市,變更,11504
16089472,台灣瑞是達電子股份有限公司,臺北市中山區中山北路2段129號9樓,加島裕之,15000000,,115/04/07,改選董事/監察人(一人法人股東指派董事/監察人),,臺北市,變更,11504
16090317,台灣荏原精密股份有限公司,臺北市中正區羅斯福路3段136號5樓,露木聖一,330000000,,115/04/08,改派董事/監察人,CB01010 機械設備製造業；JA02990 其他修理業（半導體設備維修）,臺北市,變更,11504
16092413,巴德股份有限公司,臺北市信義區忠孝東路4段560號3樓,林公堯,16000000,,115/04/21,改選董事/監察人(一人法人股東指派董事/監察人),,臺北市,變更,11504
16093341,台灣西門子軟體工業股份有限公司,臺北市內湖區洲子街65號9樓,林德明,1250000,,115/04/16,改派董事/監察人,F113050 電腦及事務性機器設備批發業；F118010 資訊軟體批發業；F213030 電腦及事務性機器設備零售業；F218010 資訊軟體零售業；I301010 資訊軟體服務業；CC01050 資料儲存及處理設備製造業；ZZ99999 除許可業務外，得經營法令非禁止或限制之業務,臺北市,變更,11504
16094159,亞細亞國際紙業股份有限公司,臺北市大安區敦化南路2段216號2樓之1,陳銘德,31883000,,115/04/21,改選董事/監察人(一人法人股東指派董事/監察人),,臺北市,變更,11504
16095410,台北金融大樓股份有限公司,臺北市信義區市府路45號B1-5F、B1之1、4F之1及6F之1、信義路五段7號59-60樓、89樓、101樓,賈永媫,14700000000,,115/04/28,改派董事/監察人,H701010 住宅及大樓開發租售業；H701050 投資興建公共建設業；H703100 不動產租賃業；JE01010 租賃業；I801010 建築物管理維護服務業；I103060 管理顧問業；F301010 百貨公司業；F301020 超級市場業；F501060 餐館業；F401010 國際貿易業,臺北市,變更,11504
16097091,悠旅生活事業股份有限公司,臺北市松山區東興路8號8樓,高秀玲,356377900,,115/04/09,分公司設立,F102170 食品什貨批發業；F203010 食品什貨、飲料零售業；F204110 布疋、衣著、鞋、帽、傘、服飾品零售業；F209060 文教、樂器、育樂用品零售業；F401010 國際貿易業；F501030 飲料店業；F501060 餐館業；IZ06010 理貨包裝業；F203020 菸酒零售業；ZZ99999 除許可業務外，得經營法令非禁止或限制之業務,臺北市,變更,11504
16108013,興日盛投資股份有限公司,臺北市文山區和平東路4段66巷19號14樓,鄭秀慧,34240000,,115/04/08,修正章程,H201010 一般投資業。,臺北市,變更,11504
16135270,唐宜有限公司,臺北市大同區重慶北路3段250之1號4樓,黃馨慧,6000000,,115/04/23,特殊補正,H701010 住宅及大樓開發租售業；H701020 工業廠房開發租售業；F401010 國際貿易業；H201010 一般投資業；ZZ99999 除許可業務外，得經營法令非禁止或限制之業務,臺北市,變更,11504
16135996,麗磐股份有限公司,臺北市大安區復興南路1段90號11樓之4,陳楷升,10000000,,115/04/10,特殊補正,F108021 西藥批發業；F108040 化粧品批發業；F102040 飲料批發業；F106020 日常用品批發業；I301010 資訊軟體服務業；F113050 電腦及事務性機器設備批發業；I301020 資料處理服務業；I301030 電子資訊供應服務業；F108031 醫療器材批發業；F208031 醫療器材零售業,臺北市,變更,11504
16155628,創傑國際股份有限公司,臺北市南港區忠孝東路7段508號3樓之3,郭翰哲,50400000,,115/04/08,改派董事/監察人,F401010 國際貿易業；F113050 電腦及事務性機器設備批發業；F118010 資訊軟體批發業；F119010 電子材料批發業；I301010 資訊軟體服務業；G801010 倉儲業；ZZ99999 除許可業務外，得經營法令非禁止或限制之業務；F113070 電信器材批發業；F213060 電信器材零售業；F219010 電子材料零售業,臺北市,變更,11504
16156160,尚經通訊有限公司,臺北市文山區興隆路2段341號4樓,林尚經,1000000,,115/04/29,特殊補正,E701040 簡易電信設備安裝業；EZ05010 儀器、儀表安裝工程業；F213030 電腦及事務性機器設備零售業；F216010 照相器材零售業；F218010 資訊軟體零售業；ZZ99999 除許可業務外，得經營法令非禁止或限制之業務,臺北市,變更,11504
16157442,陽明管理顧問股份有限公司,臺北市中正區新生南路1段148號6樓,蔡中信,38000000,,115/04/14,增資(資本總額),F401010 國際貿易業；F107070 動物用藥品批發業；F108040 化粧品批發業；F107200 化學原料批發業；I103060 管理顧問業；JE01010 租賃業；ZZ99999 除許可業務外，得經營法令非禁止或限制之業務,臺北市,變更,11504
16157463,友誠車業有限公司,臺北市南港區八德路4段832號,謝清洋,1000000,,115/04/15,股東出資轉讓修正章程,,臺北市,變更,11504
16157674,巨晰光纖股份有限公司,臺北市中山區錦州街36號4樓,呂俊毅,312460000,,115/04/14,董事/監察人持股變動報備,CB01010 機械設備製造業；CE01030 光學儀器製造業；CE01990 其他光學及精密器械製造業；C901020 玻璃及玻璃製品製造業；F108031 醫療器材批發業；F113030 精密儀器批發業；F208031 醫療器材零售業；F213040 精密儀器零售業；F401010 國際貿易業；ZZ99999 除許可業務外，得經營法令非禁止或限制之業務,臺北市,變更,11504
16157999,禮卡多企業有限公司,臺北市內湖區大湖街158巷2之1號,湛婷婷,5000000,,115/04/22,特殊補正,F114030 汽、機車零件配備批發業；F114040 自行車及其零件批發業；F114050 車胎批發業；F106010 五金批發業；F206010 五金零售業；F106020 日常用品批發業；F206020 日常用品零售業；F113050 電腦及事務性機器設備批發業；F213030 電腦及事務性機器設備零售業；F113020 電器批發業,臺北市,變更,11504
16158821,長津建設有限公司,臺北市中正區紹興北街35號5樓之2,徐誌勵,25000000,,115/04/23,股東出資轉讓修正章程,H701010 住宅及大樓開發租售業；F111090 建材批發業；F120010 耐火材料批發業；F401010 國際貿易業；E801010 室內裝潢業；I401010 一般廣告服務業；J901020 一般旅館業；ZZ99999 除許可業務外，得經營法令非禁止或限制之業務；F501060 餐館業,臺北市,變更,11504
16159928,中國至紡成衣有限公司,臺北市內湖區瑞湖街103號2樓,張瑞敏,20000000,,115/04/27,股東出資轉讓修正章程,ZZ99999 除許可業務外，得經營法令非禁止或限制之業務,臺北市,變更,11504
16169524,文銓營造有限公司,臺北市內湖區民權東路6段160號13樓之1,連文城,40000000,,115/04/22,增資,E101011 營造業；J101030 廢棄物清除業；A102080 園藝服務業,臺北市,變更,11504
16170254,伯慶股份有限公司,臺北市內湖區民權東路6段160號9樓之4,鍾興豪,100000000,,115/04/27,董事/監察人持股變動報備,C802090 清潔用品製造業；C802100 化粧品製造業；C802110 化粧品色素製造業；F101050 水產品批發業；F102030 菸酒批發業；F102040 飲料批發業；F102170 食品什貨批發業；F106060 寵物食品及其用品批發業；F107030 清潔用品批發業；F108031 醫療器材批發業,臺北市,變更,11504
16177186,世頻股份有限公司,臺北市大安區信義路4段65號5樓,翁樸釧,197600000,,115/04/21,特殊補正,F401010 國際貿易業；E701010 電信工程業；F113050 電腦及事務性機器設備批發業；F113070 電信器材批發業；F213030 電腦及事務性機器設備零售業；F213060 電信器材零售業；F218010 資訊軟體零售業；E603010 電纜安裝工程業；E603050 自動控制設備工程業；E603080 交通號誌安裝工程業,臺北市,變更,11504
16195332,耀郁股份有限公司,臺北市內湖區新明路273巷6號,郭文典,10000000,,115/04/02,改選董事/監察人(一人法人股東指派董事/監察人),F113050 事務性機器設備批發業；F118010 資訊軟體批發業；E605010 電腦設備安裝業,臺北市,變更,11504
16234497,金進發有限公司,臺北市文山區興隆路2段287號4樓,許順安,1000000,,115/04/30,特殊補正,F106020 日常用品批發業；F108040 化粧品批發業；F206020 日常用品零售業；F208040 化粧品零售業；F208050 乙類成藥零售業；F401010 國際貿易業；ZZ99999 除許可業務外，得經營法令非禁止或限制之業務,臺北市,變更,11504
16253418,寬普數位科技股份有限公司,臺北市大安區仁愛路3段11號5樓,台灣鉅邁股份有限公司,120000000,,115/04/09,特殊補正,E602011 冷凍空調工程業；E606010 用電設備檢驗維護業；E701010 電信工程業；E701020 衛星電視ＫＵ頻道、Ｃ頻道器材安裝業；E701030 電信管制射頻器材裝設工程業；EZ15010 保溫、保冷安裝工程業；EZ99990 其他工程業；IG03010 能源技術服務業；JE01010 租賃業；E599010 配管工程業,臺北市,變更,11504
16282568,大葉國際投資股份有限公司,臺北市中山區中山北路1段85號7樓,簡秀枝,10000000,,115/04/27,董事/監察人持股變動報備,H201010 一般投資業,臺北市,變更,11504
16283638,卓洋財會管理顧問有限公司,臺北市中山區民生東路3段15號3樓,沈美雲,28000000,,115/04/27,減資,I102010 投資顧問業；I103060 管理顧問業；I301010 資訊軟體服務業；F401010 國際貿易業；F601010 智慧財產權業；JD01010 工商徵信服務業；JE01010 租賃業；ZZ99999 除許可業務外，得經營法令非禁止或限制之業務,臺北市,變更,11504
16284926,保盛藥業股份有限公司,臺北市內湖區港墘路221巷41號4樓,盛保熙,564000000,,115/04/07,一般補正案,IZ99990 其他工商服務業；F108021 西藥批發業；F208021 西藥零售業；F108031 醫療器材批發業；F208031 醫療器材零售業；F401010 國際貿易業；F108040 化粧品批發業；F208040 化粧品零售業；F102170 食品什貨批發業；F203010 食品什貨、飲料零售業,臺北市,變更,11504
16285447,麗屋企業有限公司,臺北市松山區寶清街73之1號,盧姬美,600000,,115/04/08,公司所營事業變更修正章程,F203010 食品什貨、飲料零售業；F206020 日常用品零售業；F208040 化粧品零售業；ZZ99999 除許可業務外，得經營法令非禁止或限制之業務,臺北市,變更,11504
16285896,宏達開發投資股份有限公司,臺北市大安區敦化南路1段205號2樓之8,蔡焜煌,25000000,,115/04/28,特殊補正,H201010 一般投資業,臺北市,變更,11504
16287472,天鑫投資開發股份有限公司,臺北市大同區承德路2段81號8樓之2,張申曄,161401390,,115/04/20,改選董事/監察人(一人法人股東指派董事/監察人),H201010 一般投資業；H701010 住宅及大樓開發租售業；H701020 工業廠房開發租售業；H701040 特定專業區開發業；H701080 都市更新重建業；H703090 不動產買賣業；H703100 不動產租賃業；I503010 景觀、室內設計業；I103060 管理顧問業；H701090 都市更新整建維護業,臺北市,變更,11504
16291145,星都股份有限公司,臺北市大安區安和路2段133號4樓,吳丹鳳,20000000,,115/04/08,改派董事/監察人,H701010 住宅及大樓開發租售業；JZ99050 仲介服務業；I103060 管理顧問業；I503010 景觀、室內設計業；F211010 建材零售業；F206010 五金零售業；F401010 國際貿易業；H703090 不動產買賣業；H703100 不動產租賃業；ZZ99999 除許可業務外，得經營法令非禁止或限制之業務,臺北市,變更,11504
16298415,松豪投資股份有限公司,臺北市中山區新生北路2段21巷2之6號1樓,謝坤龍,28000000,,115/04/02,特殊補正,H201010 一般投資業。,臺北市,變更,11504
16304492,高嵩鐵路顧問工程有限公司,臺北市信義區永吉路278巷57弄24之3號,陳舜英,1000000,,115/04/10,特殊補正,F106030 模具批發業；F111090 建材批發業；F113010 機械批發業；F113020 電器批發業；F113100 污染防治設備批發業；F113990 其他機械器具批發業；F114010 汽車批發業；F114030 汽、機車零件配備批發業；F114040 自行車及其零件批發業；F114050 車胎批發業,臺北市,變更,11504
16304541,大安菸酒企業有限公司,臺北市大同區哈密街23巷12號1樓,范秋慧,30000000,,115/04/28,公司所在地,F102030 菸酒批發業；F203020 菸酒零售業；F401010 國際貿易業,臺北市,變更,11504
16309047,柏理貿易股份有限公司,臺北市中山區松江路65號4樓,王舜睦,20000000,,115/04/07,補繳規費,F208021 西藥零售業；F208031 醫療器材零售業；F208040 化粧品零售業；F401010 國際貿易業；F203010 食品什貨、飲料零售業；F209060 文教、樂器、育樂用品零售業；IG01010 生物技術服務業；F102170 食品什貨批發業；F108021 西藥批發業；F108031 醫療器材批發業,臺北市,變更,11504
16312789,犇亞商務股份有限公司,臺北市松山區復興北路99號14樓,李藩,110000000,,115/04/28,特殊補正,F118010 資訊軟體批發業；F119010 電子材料批發業；F199990 其他批發業；F206020 日常用品零售業；F218010 資訊軟體零售業；F399040 無店面零售業；F399990 其他綜合零售業；F401010 國際貿易業；F501030 飲料店業；F501060 餐館業,臺北市,變更,11504
16315462,永傳能源股份有限公司,臺北市大安區信義路4段6號7樓,林鑫堉,200000000,,115/04/21,董事/監察人持股變動報備,B101010 煤礦業；C803990 其他石油及煤製品製造業；CA01030 鋼鐵鑄造業；CA02010 金屬結構及建築組件製造業；CB01010 機械設備製造業；CB01030 污染防治設備製造業；CC01010 發電、輸電、配電機械製造業；CD01010 船舶及其零件製造業；CD01030 汽車及其零件製造業；CD01070 商港區船舶小修業,臺北市,變更,11504
16319426,立台企業管理顧問股份有限公司,臺北市中山區南京東路2段72號10樓,劉光群,2000000,,115/04/17,公司所營事業變更修正章程,F218010 資訊軟體零售業；F401010 國際貿易業；F601010 智慧財產權業；I102010 一般投資顧問業；I103060 管理顧問業；I199990 其他顧問服務業；I301010 資訊軟體服務業；I301020 資料處理服務業；I301030 電子資訊供應服務業；IG02010 研究發展服務業,臺北市,變更,11504
16352711,徠特爾國際股份有限公司,臺北市大同區重慶北路3段313巷10之1號1樓,,10000000,,115/04/23,特殊補正,ZZ99999 除許可業務外，得經營法令非禁止或限制之業務；F108040 化粧品批發業；F208040 化粧品零售業；F204110 布疋、衣著、鞋、帽、傘、服飾品零售業；F104110 布疋、衣著、鞋、帽、傘、服飾品批發業；F401010 國際貿易業,臺北市,變更,11504
16367854,巨鼎工程建設股份有限公司,臺北市中山區民生東路2段147巷3之1號地下室,陳英森,22800000,,115/04/22,特殊補正,E101011 綜合營造業；ZZ99999 除許可業務外，得經營法令非禁止或限制之業務；E401010 疏濬業；E599010 配管工程業；E601010 電器承裝業；E801010 室內裝潢業；EZ99990 其他工程業；F111090 建材批發業；F113010 機械批發業；F211010 建材零售業,臺北市,變更,11504
16431976,金佰利克拉克投資股份有限公司,臺北市信義區信義路5段8號9樓,Charles Paradowski,1000000,,115/04/27,改選董事/監察人(一人法人股東指派董事/監察人),H201010 一般投資業。,臺北市,變更,11504
16440460,台灣三菱鉛筆股份有限公司,臺北市中山區松江路111號8樓,數原英一郎,20000000,,115/04/13,特殊補正,,臺北市,變更,11504
16440551,大昌瑞台股份有限公司,臺北市內湖區堤頂大道2段407巷20弄3號5樓,林文斌,46437000,,115/04/01,改派董事/監察人,CB01010 機械設備製造業；CC01030 電器及視聽電子產品製造業；E603050 自動控制設備工程業；E603080 交通號誌安裝工程業；E604010 機械安裝業；E605010 電腦設備安裝業；E701010 電信工程業；E801070 廚具、衛浴設備安裝工程業；EZ05010 儀器、儀表安裝工程業；F102170 食品什貨批發業,臺北市,變更,11504
16441860,台灣兼松股份有限公司,臺北市松山區長春路451號10樓,佐藤正,68250000,,115/04/01,特殊補正,E601020 電器安裝業；E603010 電纜安裝工程業；E603050 自動控制設備工程業；EZ99990 其他工程業；E604010 機械安裝業；E605010 電腦設備安裝業；F101040 家畜家禽批發業；F101050 水產品批發業；F101130 蔬果批發業；F101990 其他農、畜、水產品批發業,臺北市,變更,11504
16443635,歐力士小客車租賃股份有限公司,臺北市大安區復興南路1段303號9樓,澤田健児,100000000,,115/04/20,特殊補正,G101041 小客車租賃業；G101091 小貨車租賃業；JE01010 租賃業；IZ12010 人力派遣業；G202010 停車場經營業；F214010 汽車零售業；F114010 汽車批發業,臺北市,變更,11504
16443874,台灣羅集帝物流股份有限公司,臺北市中山區松江路309號3樓,五十嵐耕平,17100000,,115/04/21,改派董事/監察人,G601011 航空貨運承攬業；G801010 倉儲業；G701011 報關業；F401010 國際貿易業；G402011 海運承攬運送業；E604010 機械安裝業；EZ02010 起重工程業；I103060 管理顧問業；IZ06010 理貨包裝業；IZ12010 人力派遣業,臺北市,變更,11504
16445649,甌圖軟體開發股份有限公司,臺北市大同區南京西路288號4樓之7、4樓之8、4樓之9,尤偉,133801920,,115/04/01,特殊補正,G801010 倉儲業。；IZ06010 理貨包裝業。；I301010 資訊軟體服務業。；I301020 資料處理服務業。；I301030 電子資訊供應服務業。,臺北市,變更,11504
16445866,富邦期貨股份有限公司,臺北市中正區襄陽路9號3樓、3樓之1、20樓及21樓,陳瑞珏,2600000000,,115/04/28,改派董事/監察人,H401011 期貨商；H405011 期貨顧問事業；H407011 期貨經理事業；H304011 證券投資顧問業；H404011 槓桿交易商,臺北市,變更,11504
16448358,樹籽股份有限公司,臺北市中山區建國北路2段33號13樓之1,林祥波,2224980000,,115/04/23,改選董事/監察人(一人法人股東指派董事/監察人),F501060 餐館業；F501990 其他餐飲業；D501010 溫泉取供業；J701040 休閒活動場館業；J801030 競技及休閒運動場館業；J802010 運動訓練業；J901011 觀光旅館業；ZZ99999 除許可業務外，得經營法令非禁止或限制之業務,臺北市,變更,11504
16448955,中安企業股份有限公司,臺北市大安區敦化南路2段46號6樓之11,沈瑞瑾,180000000,,115/04/08,特殊補正,H701010 住宅及大樓開發租售業；H704010 房屋仲介業；H704020 土地仲介業；F301010 百貨公司業；F301020 超級市場業；F301030 一般百貨業；F399010 便利商店業,臺北市,變更,11504
16527233,合揚營造股份有限公司,臺北市中正區忠孝西路1段25號5樓,曾振峰,24000000,,115/04/24,改選董事/監察人(一人法人股東指派董事/監察人),A102080 園藝服務業；E101011 綜合營造業；E801010 室內裝潢業；F111090 建材批發業；F401010 國際貿易業；H701010 住宅及大樓開發租售業；H701020 工業廠房開發租售業；H701050 投資興建公共建設業；H701060 新市鎮、新社區開發業；H702010 建築經理業,臺北市,變更,11504
16578268,三趨科技股份有限公司,臺北市中山區建國北路2段147號12樓之1,姚焱堯,35000000,,115/04/07,特殊補正,I301010 資訊軟體服務業。；I301020 資料處理服務業。；F401010 國際貿易業。；I301030 電子資訊供應服務業。；F118010 資訊軟體批發業。；F218010 資訊軟體零售業。；F113050 事務性機器設備批發業。；F213030 事務性機器設備零售業。；CC01050 資料儲存及處理設備製造業；ZZ99999 除許可業務外，得經營法令非禁止或限制之業務,臺北市,變更,11504
16588961,傳人出版股份有限公司,臺北市大安區忠孝東路4段169號12樓之4,王海格,1600000,,115/04/29,特殊補正,J303010 雜誌業；J304010 圖書出版業；J305010 有聲出版業；I103010 企業經營管理顧問業；I199990 其他顧問服務業︹中外藝術、文化節目之策劃製作︺；I401010 一般廣告服務業；J601010 藝文展覽業；J602010 演藝活動業；ZZ99999 除許可業務外，得經營法令非禁止或限制之業務,臺北市,變更,11504
16592091,東森國際租賃股份有限公司,臺北市大安區復興南路一段368號8樓,周惠英,885343980,,115/04/13,改派董事/監察人,ZZ99999 除許可業務外，得經營法令非禁止或限制之業務,臺北市,變更,11504
16593562,博蕾傳播製作有限公司,臺北市內湖區內湖路2段339巷2號3樓,陳俊杰,3000000,,115/04/15,股東出資轉讓修正章程,J503011 廣播節目製作業。；J503021 電視節目製作業。；J503031 廣播電視節目發行業。；J503041 廣播電視廣告業。；J503051 錄影節目帶製作發行業。；F116010 照相器材批發業。；F118010 資訊軟體批發業。；F401010 國際貿易業。,臺北市,變更,11504
16594324,偉豐投資股份有限公司,臺北市中正區忠孝東路1段83號20樓之2,林子偉,5000000,,115/04/10,改選董事/監察人(一人法人股東指派董事/監察人),H201010 一般投資業。,臺北市,變更,11504
16595528,義典科技股份有限公司,臺北市萬華區莒光路310號7樓,陳欽文,186317400,,115/04/23,改選董事/監察人(一人法人股東指派董事/監察人),C801010 基本化學工業；C801100 合成樹脂及塑膠製造業；CC01080 電子零組件製造業；F107200 化學原料批發業；F119010 電子材料批發業；F207200 化學原料零售業；F219010 電子材料零售業；F401010 國際貿易業；ZZ99999 除許可業務外，得經營法令非禁止或限制之業務,臺北市,變更,11504
16597716,世遠通運有限公司,臺北市信義區基隆路1段159號13樓,許語倢,30000000,,115/04/23,特殊補正,G101051 遊覽車客運業；G202010 停車場經營業；F114010 汽車批發業；F114020 機車批發業；F114030 汽、機車零件配備批發業；F114050 車胎批發業；F114990 其他交通運輸工具及其零件批發業；F214010 汽車零售業；F214020 機車零售業；F214030 汽、機車零件配備零售業,臺北市,變更,11504
16599897,立陽國際有限公司,臺北市文山區羅斯福路6段166巷1號8樓,林廷宥,500000,,115/04/27,特殊補正,F401010 國際貿易業；F399040 無店面零售業；F204110 布疋、衣著、鞋、帽、傘、服飾品零售業；F104110 布疋、衣著、鞋、帽、傘、服飾品批發業；ZZ99999 除許可業務外，得經營法令非禁止或限制之業務,臺北市,變更,11504
16602788,萬太企業有限公司,臺北市信義區忠孝東路5段1號3樓,王宜釗,108000000,,115/04/02,特殊補正,F114010 汽車批發業；F214010 汽車零售業；F114030 汽、機車零件配備批發業；F214030 汽、機車零件配備零售業；F114050 車胎批發業；F214050 車胎零售業；F401010 國際貿易業；F703010 廠房出租業。；F703020 倉庫出租業。；F703030 辦公大樓出租業。,臺北市,變更,11504
16605434,尚鶴營造有限公司,臺北市中山區民權東路2段148號3樓,王世雄,3600000,,115/04/29,申登機關變更（遷入，含卷）,E101011 營造業,臺北市,變更,11504
16605666,東凱租賃股份有限公司,臺北市大安區復興南路一段368號8樓,周惠英,923503460,,115/04/10,一般補正案,ZZ99999 除許可業務外，得經營法令非禁止或限制之業務,臺北市,變更,11504
16609635,禾茂廣告有限公司,臺北市文山區景文街41號2樓,劉克仁,1000000,,115/04/20,特殊補正,I401010 一般廣告服務業；I501010 產品設計業；F109070 文教、樂器、育樂用品批發業；H201010 一般投資業；F401010 國際貿易業；ZZ99999 除許可業務外，得經營法令非禁止或限制之業務,臺北市,變更,11504
16617446,耀達建設股份有限公司,臺北市內湖區民權東路6段109號10樓之3,莊文欽,100000000,,115/04/14,改選董事/監察人(一人法人股東指派董事/監察人),H701010 住宅及大樓開發租售業；H701020 工業廠房開發租售業；H701050 投資興建公共建設業；H701060 新市鎮、新社區開發業；H703100 不動產租賃業；F401010 國際貿易業；CQ01010 模具製造業；H703090 不動產買賣業；ZZ99999 除許可業務外，得經營法令非禁止或限制之業務,臺北市,變更,11504
16618064,住豪建設股份有限公司,臺北市大安區忠孝東路4段54號12樓,胡景翔,110000000,,115/04/21,特殊補正,H701010 住宅及大樓開發租售業；H701020 工業廠房開發租售業；H201010 一般投資業,臺北市,變更,11504
16618634,富堃有限公司,臺北市中正區開封街1段37號8樓,江英男,12000000,,115/04/16,特殊補正,F116010 照相器材批發業；F216010 照相器材零售業；F118010 資訊軟體批發業；F218010 資訊軟體零售業；F119010 電子材料批發業；F219010 電子材料零售業；F401010 國際貿易業；F208040 化粧品零售業；F108040 化粧品批發業；F102170 食品什貨批發業,臺北市,變更,11504
16619269,天允營造有限公司,臺北市中正區重慶南路1段63號9樓之5,高斯盈,3600000,,115/04/15,股東出資轉讓修正章程,E101011 營造業,臺北市,變更,11504
16619417,百內爾國際生化科技股份有限公司,臺北市中山區南京東路2段132號4樓,彭金錠,110000000,,115/04/22,改選董事/監察人(一人法人股東指派董事/監察人),F401010 國際貿易業；F106050 陶瓷玻璃器皿批發業；F113010 機械批發業；F106010 五金批發業；F106040 水器材料批發業；F107010 漆料、塗料批發業；F107020 染料、顏料批發業；F107030 清潔用品批發業；F112040 石油製品批發業；F113020 電器批發業,臺北市,變更,11504
16623849,全華投資股份有限公司,臺北市北投區振興街31號1樓,張永璁,10000000,,115/04/07,改選董事/監察人(一人法人股東指派董事/監察人),H201010 一般投資業,臺北市,變更,11504
16631242,台灣席夢思股份有限公司,臺北市中山區樂群二路89號1樓,二ッ谷一弘,1000000,,115/04/28,改選董事/監察人(一人法人股東指派董事/監察人),,臺北市,變更,11504
16631741,福也聚軸承股份有限公司,臺北市大同區萬全街15號1樓,劉建夆,60000000,,115/04/07,改選董事/監察人(一人法人股東指派董事/監察人),F401010 國際貿易業。；F113990 其他機械器具批發業︹軸承︺；F213990 其他機械器具零售業︹軸承︺,臺北市,變更,11504
16632024,葉水福物流股份有限公司,臺北市中山區錦州街46號9樓之5,葉愛貞(YAP AI CHENG),5000000,,115/04/29,特殊補正,G801010 倉儲業；I103060 管理顧問業；IZ06010 理貨包裝業；F113070 電信器材批發業；F213060 電信器材零售業；F401010 國際貿易業；ZZ99999 除許可業務外，得經營法令非禁止或限制之業務；F203010 食品什貨、飲料零售業；F203020 菸酒零售業；F204110 布疋、衣著、鞋、帽、傘、服飾品零售業,臺北市,變更,11504
16632951,愛貝克思股份有限公司,臺北市松山區敦化北路88號12樓之1,宮崎伸滋,215000000,,115/04/15,特殊補正,F209060 文教、樂器、育樂用品零售業；F601010 智慧財產權業；F401010 國際貿易業；I103060 管理顧問業；J602010 演藝活動業；I401010 一般廣告服務業；J305010 有聲出版業；J303010 雜誌（期刊）出版業；J503051 錄影節目帶業；F109070 文教、樂器、育樂用品批發業,臺北市,變更,11504
16633430,祥林投資股份有限公司,臺北市士林區中山北路六段88號16樓,黃仁姿,680000000,,115/04/01,增資(資本總額),H201010 一般投資業。,臺北市,變更,11504
16650789,台池實業有限公司,臺北市信義區基隆路2段81之1號12樓,姚錦發,13000000,,115/04/23,補繳規費,F101990 其他農、畜、水產品批發業；F101130 蔬果批發業；F101040 家畜家禽批發業；F101050 水產品批發業；F107190 塑膠膜、袋批發業；F107030 清潔用品批發業；F401010 國際貿易業；C103050 罐頭、冷凍、脫水及醃漬食品製造業；C104020 烘焙炊蒸食品製造業；C114010 食品添加物製造業,臺北市,變更,11504
16651252,錫恩建設有限公司,臺北市中山區新生北路3段1號8樓之19,張靜宜,45000000,,115/04/13,股東出資轉讓修正章程,H701010 住宅及大樓開發租售業。,臺北市,變更,11504
16744800,新加坡商蓋茨優霓塔亞洲貿易股份有限公司,臺北市中山區中山北路二段96號10樓,LOW YEW CHONG,2500000,,115/04/20,改派在中華民國境內負責人變更登記,E604010 機械安裝業；F113010 機械批發業；F113020 電器批發業；F213010 電器零售業；F213080 機械器具零售業；F401010 國際貿易業,臺北市,變更,11504
16745110,新加坡商品牌世家東南亞有限公司,臺北市松山區南京東路五段3號10樓,陳惠然,1000000,,115/04/13,本公司董事及其他負責人變更,F110010 鐘錶批發業；F210010 鐘錶零售業；F401010 國際貿易業,臺北市,變更,11504
16746700,美商家樂氏行銷有限公司,臺北市內湖區基湖路10巷1號7樓,有澤正志,137659000,,115/04/24,在中華民國境內負責人住所或居所變更,F203010 食品什貨、飲料零售業；F102170 食品什貨批發業；I101090 食品顧問業；F401010 國際貿易業；F203020 菸酒零售業；F203030 酒精零售業；ZZ99999 除許可業務外，得經營法令非禁止或限制之業務,臺北市,變更,11504
16747102,康達盛通保險經紀人股份有限公司,臺北市萬華區桂林路1號地下1樓,王俊超,5000000,,115/04/09,特殊補正,H602011 人身保險經紀人；H602021 財產保險經紀人,臺北市,變更,11504
16752033,來法有限公司,臺北市信義區忠孝東路5段780號2樓,董潔茵,1000000,,115/04/16,特殊補正,I401010 一般廣告服務業；I501010 產品外觀設計業；F401010 國際貿易業；F104020 成衣批發業；F104050 服飾品批發業；F104040 皮包、手提袋、皮箱批發業；F204020 成衣零售業；F204050 服飾品零售業；I301030 電子資訊供應服務業；I301020 資料處理服務業,臺北市,變更,11504
16756208,西華投資股份有限公司,臺北市北投區振興街31號1樓,張師綺,10000000,,115/04/01,特殊補正,H201010 一般投資業,臺北市,變更,11504
16756988,合縱股份有限公司,臺北市信義區忠孝東路5段457號8樓,蔡叡祈,10000000,,115/04/24,董事/監察人更名,F301030 一般百貨業；I401010 一般廣告服務業；I103010 企業經營管理顧問業；I201010 徵信服務業；F106020 日常用品批發業；F206020 日常用品零售業；J602010 演藝活動業；F113070 電信器材批發業；F213060 電信器材零售業；J301010 報紙業,臺北市,變更,11504
16761933,淳品實業股份有限公司,臺北市萬華區莒光路310號5樓,朱少華,650000000,,115/04/08,一般補正案,G801010 倉儲業；F107200 化學原料批發業；F112020 煤及煤製品批發業；F112040 石油製品批發業；F212050 石油製品零售業；F107060 毒性化學物質批發業；G406061 商港區船舶貨物裝卸承攬業；ZZ99999 除許可業務外，得經營法令非禁止或限制之業務；F112010 汽油、柴油批發業；F401010 國際貿易業,臺北市,變更,11504
16761960,群邦國際股份有限公司,臺北市士林區承德路4段360號1樓,李鍵鋒,3000000,,115/04/08,特殊補正,F401010 國際貿易業；I401010 一般廣告服務業；I301010 資訊軟體服務業；I301020 資料處理服務業；I301030 電子資訊供應服務業；F601010 智慧財產權業；JE01010 租賃業；F113010 機械批發業；F113020 電器批發業；I103060 管理顧問業,臺北市,變更,11504
16762497,一興國際化學有限公司,臺北市信義區忠孝東路5段143號3樓,陳文陽,20000000,,115/04/14,特殊補正,F113010 機械批發業；F207080 環境用藥零售業；C802090 清潔用品製造業；C802080 環境用藥製造業；C802120 工業助劑製造業；E301010 水處理工程業；F107170 工業助劑批發業；F207170 工業助劑零售業；F401010 國際貿易業；J101060 廢（污）水處理業,臺北市,變更,11504
16763658,金瑞航空貨運承攬有限公司,臺北市內湖區堤頂大道2段285之1號,高筱晴,5000000,,115/04/21,股東出資轉讓修正章程,G601011 航空貨運承攬業,臺北市,變更,11504
16767388,慶山投資股份有限公司,臺北市中山區中山北路3段58號8樓之3,蔡頌恩,486075000,,115/04/15,申登機關變更（遷入，含卷）,H201010 一般投資業,臺北市,變更,11504
16769793,夢龍股份有限公司,臺北市信義區永吉路32號5樓之5,魯淑華,1000000,,115/04/30,改選董事/監察人(一人法人股東指派董事/監察人),F102030 菸酒批發業；F102040 飲料批發業；F102170 食品什貨批發業；F109070 文教、樂器、育樂用品批發業；F203010 食品什貨、飲料零售業；F203020 菸酒零售業；F209060 文教、樂器、育樂用品零售業；I103060 管理顧問業；ZZ99999 除許可業務外，得經營法令非禁止或限制之業務,臺北市,變更,11504
16776751,華中保險代理人股份有限公司,臺北市中山區濱江街309號,黃朝發,5000000,,115/04/14,特殊補正,H601021 財產保險代理人,臺北市,變更,11504
16786744,瑞竹木業股份有限公司,臺北市內湖區新湖二路50號,鄧福榮,125000000,,115/04/07,改選董事/監察人(一人法人股東指派董事/監察人),F111090 建材批發業；F211010 建材零售業；F105050 家具、寢具、廚房器具、裝設品批發業；F205040 家具、寢具、廚房器具、裝設品零售業；C501040 組合木材製造業；C501030 合板製造業；I503010 景觀、室內設計業；CN01010 家具及裝設品製造業；I301010 資訊軟體服務業；I301020 資料處理服務業,臺北市,變更,11504
16795238,就業情報資訊股份有限公司,臺北市大安區信義路4段296號12樓,翁靜玉,156038430,,115/04/20,補繳規費,I301030 電子資訊供應服務業。；I301010 資訊軟體服務業；I103010 企業經營管理顧問業；I199990 其他顧問服務業（通信網路架設設計顧問）；J201030 技能技藝訓練業；IZ12010 人力派遣業；F209010 書籍、文具零售業；F109010 圖書批發業；F109020 文具批發業；J303010 雜誌業,臺北市,變更,11504
16796546,崴凌股份有限公司,臺北市中山區松江路506號9樓之2,何永國,5000000,,115/04/08,改選董事/監察人(一人法人股東指派董事/監察人),F107140 塑膠原料批發業；F119010 電子材料批發業；F113020 電器批發業；F113050 事務性機器設備批發業；F213080 機械器具零售業；F114030 汽、機車零件配備批發業；F401010 國際貿易業,臺北市,變更,11504
16834703,新安東京海上產物保險股份有限公司,臺北市中山區南京東路三段130號8-13樓,藤田桂子,12000003000,,115/04/08,董事/監察人地址變更,H501021 財產保險業,臺北市,變更,11504
16839427,和利投資股份有限公司,臺北市南港區南港路一段209號1樓,蘇亮,822342260,,115/04/20,補繳規費,H201010 一般投資業,臺北市,變更,11504
16840445,台灣保全股份有限公司,臺北市中山區建國北路一段126號地下1樓,林伯峰,500000000,,115/04/01,改派董事/監察人,I901011 保全業,臺北市,變更,11504
16857676,陸克文化事業有限公司,臺北市信義區信義路5段5號,馬麗娜,2000000,,115/04/23,改推董事/董事長,J303010 雜誌業；J304010 圖書出版業；I401010 一般廣告服務業；I103010 企業經營管理顧問業；I301030 電子資訊供應服務業；I199990 其他顧問服務業（代辦研討會）；IZ04010 翻譯業；J305010 有聲出版業；F399040 無店面零售業；F401010 國際貿易業,臺北市,變更,11504
16877173,聚宏投資股份有限公司,臺北市大安區敦化南路1段200號7樓之1,翁俊凱,300000,,115/04/24,改選董事/監察人(一人法人股東指派董事/監察人),H201010 一般投資業,臺北市,變更,11504
16930017,誠仲企業有限公司,臺北市松山區八德路4段606號9樓,高淑慧,80000000,,115/04/01,增資,F109070 文教、樂器、育樂用品批發業；F113050 電腦及事務性機器設備批發業；F118010 資訊軟體批發業；F209060 文教、樂器、育樂用品零售業；F213030 電腦及事務性機器設備零售業；F218010 資訊軟體零售業；F401010 國際貿易業；I301010 資訊軟體服務業；F108031 醫療器材批發業；F208031 醫療器材零售業,臺北市,變更,11504
18508900,大千交通企業股份有限公司,臺北市松山區健康路182號2樓,吳月琴,51000000,,115/04/09,改選董事/監察人(一人法人股東指派董事/監察人),,臺北市,變更,11504
18576603,中美科學股份有限公司,臺北市內湖區新湖三路167號7樓,葉凱風,90000000,,115/04/17,補選董事(常務董事.董事長)/監察人,E603050 自動控制設備工程業；E701030 電信管制射頻器材裝設工程業；EZ05010 儀器、儀表安裝工程業；F113020 電器批發業；F113030 精密儀器批發業；F113060 度量衡器批發業；F113070 電信器材批發業；F119010 電子材料批發業；F213010 電器零售業；F213040 精密儀器零售業,臺北市,變更,11504
18587812,天順水電工程有限公司,臺北市信義區松山路421號11樓之4,周文雄,10000000,,115/04/13,增資,E501011 自來水管承裝商；E599010 配管工程業；E601010 電器承裝業；E603020 電梯安裝工程業；E603040 消防安全設備安裝工程業；E603090 照明設備安裝工程業；E604010 機械安裝業；F106040 水器材料批發業；F113020 電器批發業；ZZ99999 除許可業務外，得經營法令非禁止或限制之業務,臺北市,變更,11504
18606304,晟德大藥廠股份有限公司,臺北市南港區園區街3之2號7樓,王素琦,7681111250,,115/04/24,補繳規費,C802041 西藥製造業；F108021 西藥批發業；F208021 西藥零售業；F108011 中藥批發業；F208011 中藥零售業；C199990 未分類其他食品製造業；C110010 飲料製造業；F203010 食品什貨、飲料零售業；F102040 飲料批發業；F102170 食品什貨批發業,臺北市,變更,11504
20566200,川泰貿易有限公司,臺北市大同區民族西路129號,龔建財,2000000,,115/04/01,股東出資轉讓修正章程,,臺北市,變更,11504
20675805,臺北汽車修造有限公司,臺北市松山區光復北路75號,謝志騰,6000000,,115/04/09,特殊補正,CD01030 汽車及其零件製造業；F114010 汽車批發業；F114030 汽、機車零件配備批發業；F214010 汽車零售業；F214030 汽、機車零件配備零售業；F214050 車胎零售業；JA01010 汽車修理業；JA01020 汽車拖吊業；JA01990 其他汽車服務業(汽車清洗、裝潢、代客申請汽車檢驗業務)；F401010 國際貿易業,臺北市,變更,11504
20683002,台灣雀巢股份有限公司,臺北市內湖區瑞光路399號8樓及8樓之1,羅台青,100000000,,115/04/24,特殊補正,F102040 飲料批發業；F102170 食品什貨批發業；F203010 食品什貨、飲料零售業；F121010 食品添加物批發業；F221010 食品添加物零售業；F501030 飲料店業；F501060 餐館業；F106060 寵物食品及其用品批發業；F206050 寵物食品及其用品零售業；F113020 電器批發業,臺北市,變更,11504
20731617,英文漢聲出版股份有限公司,臺北市松山區八德路4段72巷16弄1號1樓,温碧光,29000000,,115/04/15,公司所營事業變更修正章程,C701010 印刷業；CH01030 文具製造業；CH01040 玩具製造業；F109070 文教、樂器、育樂用品批發業；F118010 資訊軟體批發業；F209060 文教、樂器、育樂用品零售業；F218010 資訊軟體零售業；F401010 國際貿易業；I301020 資料處理服務業；I301030 電子資訊供應服務業,臺北市,變更,11504
20736057,宏益通運有限公司,臺北市中山區新生北路3段7號7樓之6,陳美幸,28000000,,115/04/29,特殊補正,,臺北市,變更,11504
20755103,維文股份有限公司,臺北市松山區民生東路3段128號12樓,林聰敏,29000000,,115/04/21,公司所營事業變更修正章程,F401010 國際貿易業；F102170 食品什貨批發業；F104110 布疋、衣著、鞋、帽、傘、服飾品批發業；F105050 家具、寢具、廚房器具、裝設品批發業；F106010 五金批發業；F106020 日常用品批發業；F107030 清潔用品批發業；F109070 文教、樂器、育樂用品批發業；F203010 食品什貨、飲料零售業；F204110 布疋、衣著、鞋、帽、傘、服飾品零售業,臺北市,變更,11504
20756969,永磁電子股份有限公司,臺北市南港區八德路4段768巷9號3樓,,88000000,,115/04/02,解散,CB01010 機械設備製造業；CC01060 有線通信機械器材製造業；CC01030 電器及視聽電子產品製造業；CC01070 無線通信機械器材製造業；CC01080 電子零組件製造業；CC01110 電腦及其週邊設備製造業；CC01120 資料儲存媒體製造及複製業；E603020 電梯安裝工程業；E603050 自動控制設備工程業；E603090 照明設備安裝工程業,臺北市,變更,11504
20792640,偉聯科技股份有限公司,臺北市南港區園區街3之1號5樓之1,皮華中,541705690,,115/04/09,董事(常務董事.董事長)/監察人解任,CC01120 資料儲存媒體製造及複製業；CC01110 電腦及其週邊設備製造業；CC01080 電子零組件製造業；CZ99990 未分類其他工業製品製造業；JA02990 其他修理業；H701050 投資興建公共建設業；JE01010 租賃業；F113020 電器批發業；F113050 電腦及事務性機器設備批發業；F118010 資訊軟體批發業,臺北市,變更,11504
20803695,唯弘實業股份有限公司,臺北市大安區仁愛路4段68號8樓,游明保,29000000,,115/04/24,改選董事/監察人(一人法人股東指派董事/監察人),E801020 門窗安裝工程業；CC01040 照明設備製造業；E603090 照明設備安裝工程業；F213010 電器零售業；CN01010 家具及裝設品製造業；F105050 家具、寢具、廚房器具、裝設品批發業；F205040 家具、寢具、廚房器具、裝設品零售業；F104110 布疋、衣著、鞋、帽、傘、服飾品批發業；F204110 布疋、衣著、鞋、帽、傘、服飾品零售業；CH01030 文具製造業,臺北市,變更,11504
20808734,光元股份有限公司,臺北市南港區三重路19之2號9樓,張立群,20000000,,115/04/17,改派董事/監察人,F113020 電器批發業；F113030 精密儀器批發業；F113050 電腦及事務性機器設備批發業；F113070 電信器材批發業；F118010 資訊軟體批發業；F119010 電子材料批發業；F401010 國際貿易業；I103060 管理顧問業；I301030 電子資訊供應服務業；JZ99050 仲介服務業,臺北市,變更,11504
20820385,榮全化工機械有限公司,臺北市大安區金山南路2段200號10樓,黃柏豐,27000000,,115/04/17,股東出資轉讓修正章程,C805990 其他塑膠製品製造業︹聚乙烯醇︹ＰＶＡ︺泡綿、聚氨脂︹ＰＵ︺軟硬質泡綿、各種特殊形狀泡綿加工︺；F107990 其他化學製品批發業︹泡綿︺,臺北市,變更,11504
20840777,大眾電腦股份有限公司,臺北市內湖區陽光街300號1至9樓,簡民智,1899918000,,115/04/10,改選董事/監察人(一人法人股東指派董事/監察人),A102050 作物栽培服務業；A199990 其他農業；CB01010 機械設備製造業；CC01010 發電、輸電、配電機械製造業；CC01060 有線通信機械器材製造業；CC01070 無線通信機械器材製造業；CC01080 電子零組件製造業；CC01090 電池製造業；CC01100 電信管制射頻器材製造業；CC01110 電腦及其週邊設備製造業,臺北市,變更,11504
20846505,順興汽車股份有限公司,臺北市松山區民族東路706號1樓,林信瑜,1000000,,115/04/30,改選董事/監察人(一人法人股東指派董事/監察人),JA01020 汽車拖吊業；F114010 汽車批發業；F214010 汽車零售業；F114030 汽、機車零件配備批發業；F114050 車胎批發業；F214050 車胎零售業；ZZ99999 除許可業務外，得經營法令非禁止或限制之業務,臺北市,變更,11504
20866620,順成通運股份有限公司,臺北市信義區基隆路1段155號7樓之2,陳長賸,12000000,,115/04/10,改選董事/監察人(一人法人股東指派董事/監察人),G601011 航空貨運承攬業；G701011 報關業；IZ06010 理貨包裝業；G402011 海運承攬運送業；ZZ99999 除許可業務外，得經營法令非禁止或限制之業務,臺北市,變更,11504
20869416,唯義實業股份有限公司,臺北市大安區仁愛路4段68號8樓,游明保,29000000,,115/04/21,改選董事/監察人(一人法人股東指派董事/監察人),E801020 門窗安裝工程業；CC01040 照明設備製造業；E603090 照明設備安裝工程業；F213010 電器零售業；CN01010 家具及裝設品製造業；F104110 布疋、衣著、鞋、帽、傘、服飾品批發業；F105050 家具、寢具、廚房器具、裝設品批發業；F204110 布疋、衣著、鞋、帽、傘、服飾品零售業；F205040 家具、寢具、廚房器具、裝設品零售業；CH01030 文具製造業,臺北市,變更,11504
20872209,來特投資股份有限公司,臺北市內湖區民善街89號,陳清華,100000000,,115/04/17,變更為閉鎖性,H201010 一般投資業,臺北市,變更,11504
20905187,頂茂國際股份有限公司,臺北市大安區忠孝東路4段233號6樓之10,高國耆,10000000,,115/04/27,特殊補正,,臺北市,變更,11504
20937842,忠孝實業股份有限公司,臺北市大安區忠孝東路4段201號5、6樓,蘇建義,188800000,,115/04/27,改選董事/監察人(一人法人股東指派董事/監察人),H701010 住宅及大樓開發租售業；H703030 辦公大樓開發出租業；ZZ99999 除許可業務外，得經營法令非禁止或限制之業務,臺北市,變更,11504
20990347,瀚文紙業股份有限公司,臺北市信義區松德路159號20樓之1,孫竹娟,56000000,,115/04/24,特殊補正,,臺北市,變更,11504
21233722,中柱工程股份有限公司,臺北市中山區長春路328號3樓,林國水,150000000,,115/04/14,改選董事/監察人(一人法人股東指派董事/監察人),CB01010 機械設備製造業；CB01030 污染防治設備製造業；CB01990 其他機械製造業；CC01010 發電、輸電、配電機械製造業；D101050 汽電共生業；E502010 燃料導管安裝工程業；E599010 配管工程業；E601010 電器承裝業；EZ15010 保溫、保冷安裝工程業；E604010 機械安裝業,臺北市,變更,11504
21245121,大鵬科技股份有限公司,臺北市內湖區新湖二路258號,張再發,531642500,,115/04/09,董事/監察人持股變動報備,CC01060 有線通信機械器材製造業；CC01070 無線通信機械器材製造業；CC01101 電信管制射頻器材製造業；CC01110 電腦及其週邊設備製造業；CE01010 一般儀器製造業；F113030 精密儀器批發業；F113050 電腦及事務性機器設備批發業；F113070 電信器材批發業；F119010 電子材料批發業；F213010 電器零售業,臺北市,變更,11504
21257168,普淳國際有限公司,臺北市士林區克強路10巷8號,張束,10000000,,115/04/17,特殊補正,,臺北市,變更,11504
21260868,頂高豐國際股份有限公司,臺北市大安區忠孝東路4段233號6樓之10,高國耆,29000000,,115/04/30,特殊補正,,臺北市,變更,11504
21263675,慧聚科技股份有限公司,臺北市內湖區成功路4段37號5樓,葉華山,29000000,,115/04/17,公司所在地,CC01050 資料儲存及處理設備製造業；CC01080 電子零組件製造業；I301010 資訊軟體服務業；F401010 國際貿易業；ZZ99999 除許可業務外，得經營法令非禁止或限制之業務,臺北市,變更,11504
22017321,御書園有限公司,臺北市中山區松江路206號2樓,李翠雲,1000000,,115/04/20,股東出資轉讓修正章程,,臺北市,變更,11504
22020108,普泰工程股份有限公司,臺北市大安區復興南路2段293之3號8樓,郭昌實,20000000,,115/04/08,董事/監察人持股變動報備,E602011 冷凍空調工程業；IG03010 能源技術服務業；E601010 電器承裝業；E601020 電器安裝業；E599010 配管工程業；E603010 電纜安裝工程業；E603020 電梯安裝工程業；E603040 消防安全設備安裝工程業；E603050 自動控制設備工程業；E603090 照明設備安裝工程業,臺北市,變更,11504
22023999,上賀企業有限公司,臺北市中正區林森北路5巷12號5樓,鄒宗寶,1000000,,115/04/02,減資,,臺北市,變更,11504
22033912,豐錡金屬企業有限公司,臺北市松山區新東街12巷39號1樓,侯義東,51000000,,115/04/01,特殊補正,CA01070 廢車船解體及廢鋼鐵五金處理業；E302010 廢棄物清理設備安裝工程業；F401010 國際貿易業；ZZ99999 除許可業務外，得經營法令非禁止或限制之業務,臺北市,變更,11504
22047578,有德機器股份有限公司,臺北市松山區民生東路3段109號10樓,吳德原,149000000,,115/04/20,董事(常務董事.董事長)/監察人解任,JA01010 汽車修理業；CA04010 表面處理業；CD01030 汽車及其零件製造業；F113010 機械批發業；F114030 汽、機車零件配備批發業；F199010 回收物料批發業；F213080 機械器具零售業；F401010 國際貿易業；I301010 資訊軟體服務業；I301020 資料處理服務業,臺北市,變更,11504
22071751,川飛能源股份有限公司,臺北市信義區光復南路495號6樓之5,FANG JASON KIN HOI,400081950,,115/04/21,特殊補正,F401010 國際貿易業；H701010 住宅及大樓開發租售業；H701020 工業廠房開發租售業；F113010 機械批發業；F113030 精密儀器批發業；F119010 電子材料批發業；F213080 機械器具零售業；F213040 精密儀器零售業；F219010 電子材料零售業；IG03010 能源技術服務業,臺北市,變更,11504
22099189,友訊科技股份有限公司,臺北市內湖區新湖三路289號,郭金河,6022423730,,115/04/17,補繳規費,CC01101 電信管制射頻器材製造業；CC01030 電器及視聽電子產品製造業；CC01060 有線通信機械器材製造業；CC01110 電腦及其週邊設備製造業；E605010 電腦設備安裝業；E701010 通信工程業；E701030 電信管制射頻器材裝設工程業；F113020 電器批發業；F113050 電腦及事務性機器設備批發業；F113070 電信器材批發業,臺北市,變更,11504
22099744,友勁科技股份有限公司,臺北市內湖區新湖三路275號2樓,吳宗哲,3307792150,,115/04/09,董事(常務董事.董事長)/監察人解任,CC01101 電信管制射頻器材製造業；CC01030 電器及視聽電子產品製造業；CC01060 有線通信機械器材製造業；CC01110 電腦及其週邊設備製造業；E605010 電腦設備安裝業；E701010 通信工程業；E701030 電信管制射頻器材裝設工程業；F113020 電器批發業；F113050 電腦及事務性機器設備批發業；F113070 電信器材批發業,臺北市,變更,11504
22102327,台灣德國萊因技術監護顧問股份有限公司,臺北市松山區八德路4段758號11樓,熊劍蓉,60000000,,115/04/15,改選董事/監察人(一人法人股東指派董事/監察人),E606010 用電設備檢驗維護業；F213030 電腦及事務性機器設備零售業；F213040 精密儀器零售業；F213100 污染防治設備零售業；F218010 資訊軟體零售業；F219010 電子材料零售業；F401010 國際貿易業；I101080 工、礦顧問業；I103060 管理顧問業；I199990 其他顧問服務業,臺北市,變更,11504
22102396,華芝玻璃股份有限公司,臺北市中正區重慶南路1段66之1號10樓之1,林大生,100000000,,115/04/20,特殊補正,F105050 家具、寢具、廚房器具、裝設品批發業；F113020 電器批發業；F205040 家具、寢具、廚房器具、裝設品零售業；F213010 電器零售業；F399040 無店面零售業；F401010 國際貿易業；E603090 照明設備安裝工程業；ZZ99999 除許可業務外，得經營法令非禁止或限制之業務,臺北市,變更,11504
22102494,安侯企業管理股份有限公司,臺北市信義區信義路5段7號68樓,陳俊光,10000000,,115/04/29,特殊補正,C701010 印刷業；C703010 印刷品裝訂及加工業；E605010 電腦設備安裝業；F118010 資訊軟體批發業；F218010 資訊軟體零售業；I301010 資訊軟體服務業；I301020 資料處理服務業；I102010 投資顧問業；I103060 管理顧問業；I701011 就業服務業,臺北市,變更,11504
22156081,保利包裝有限公司,臺北市大安區和平東路1段177號之2，10樓,王家耕,20000000,,115/04/20,特殊補正,C601030 紙容器製造業；C601990 其他紙製品製造業；C805030 塑膠日用品製造業；C805990 其他塑膠製品製造業；F102170 食品什貨批發業；F105050 家具、寢具、廚房器具、裝設品批發業；F107190 塑膠膜、袋批發業；F109070 文教、樂器、育樂用品批發業；F199990 其他批發業；F203010 食品什貨、飲料零售業,臺北市,變更,11504
22158047,林哥商務有限公司,臺北市松山區復興北路333號3樓,鄧淑月,5000000,,115/04/20,股東出資轉讓修正章程,,臺北市,變更,11504
22164580,訊舟科技股份有限公司,臺北市內湖區新湖一路278號,潘良榮,2246491080,,115/04/09,認股憑證換發新股,CC01110 電腦及其週邊設備製造業；F113050 電腦及事務性機器設備批發業；F118010 資訊軟體批發業；F401010 國際貿易業；CC01101 電信管制射頻器材製造業；F401021 電信管制射頻器材輸入業；E605010 電腦設備安裝業；CC01060 有線通信機械器材製造業；CC01070 無線通信機械器材製造業；CC01080 電子零組件製造業,臺北市,變更,11504
22189055,交叉線唱片有限公司,臺北市內湖區民權東路6段23號3樓,冷繼賢,15000000,,115/04/17,特殊補正,,臺北市,變更,11504
22191117,亞春國際股份有限公司,臺北市大同區南京西路163號2樓之29,王威傑,31250000,,115/04/28,改選董事/監察人(一人法人股東指派董事/監察人),I301010 資訊軟體服務業；I301030 電子資訊供應服務業；I401010 一般廣告服務業；I501010 產品設計業；I599990 其他設計業；IZ12010 人力派遣業；IZ13010 網路認證服務業；IZ15010 市場研究及民意調查業；IZ99990 其他工商服務業；J303010 雜誌（期刊）出版業,臺北市,變更,11504
22198028,台灣三豐儀器股份有限公司,臺北市內湖區洲子街71號4樓,村上裕二,50000000,,115/04/08,特殊補正,CE01021 度量衡器製造業；F401181 度量衡器輸入業；ZZ99999 除許可業務外，得經營法令非禁止或限制之業務,臺北市,變更,11504
22284369,恆有營造股份有限公司,臺北市內湖區民權東路6段180巷6號5樓之16,黃鈺喬,40000000,,115/04/23,增資(資本總額),E101011 綜合營造業；E401010 疏濬業；E801010 室內裝潢業；H701010 住宅及大樓開發租售業；H701050 投資興建公共建設業；H703090 不動產買賣業；I503010 景觀、室內設計業；IZ12010 人力派遣業；F111090 建材批發業；E601010 電器承裝業,臺北市,變更,11504
22319472,鴻誠股份有限公司,臺北市大同區甘谷街26號5樓,柯弘季,10000000,,115/04/24,特殊補正,F107990 其他化學製品批發業；ZZ99999 除許可業務外，得經營法令非禁止或限制之業務,臺北市,變更,11504
22337014,希世比能源科技股份有限公司,臺北市士林區承德路四段150號11樓,張永淦,739570000,,115/04/28,改派董事/監察人,CC01090 電池製造業；F113110 電池批發業；F113010 機械批發業；F113020 電器批發業；F113030 精密儀器批發業；ZZ99999 除許可業務外，得經營法令非禁止或限制之業務,臺北市,變更,11504
22362104,葆旺股份有限公司,臺北市內湖區洲子街61、63、65號7樓,吳博奕,252500000,,115/04/24,董事/監察人持股變動報備,F107200 化學原料批發業；F207200 化學原料零售業；F107990 其他化學製品批發業；F207990 其他化學製品零售業；F107190 塑膠膜、袋批發業；F113020 電器批發業；F213010 電器零售業；F113070 電信器材批發業；F213060 電信器材零售業；F119010 電子材料批發業,臺北市,變更,11504
22364285,合力工程有限公司,臺北市松山區塔悠路19號7樓之1,林進益,6000000,,115/04/07,特殊補正,E599010 配管工程業；E601020 電器安裝業；E603090 照明設備安裝工程業；E603100 電焊工程業；E801010 室內裝潢業；E801030 室內輕鋼架工程業；E801070 廚具、衛浴設備安裝工程業；E901010 油漆工程業；F111090 建材批發業；F205040 家具、寢具、廚房器具、裝設品零售業,臺北市,變更,11504
22389217,林晉工業股份有限公司,臺北市中山區長安東路2段63號5樓之2,陳正宗,16000000,,115/04/27,董事/監察人持股變動報備,C501060 木質容器製造業；C501990 其他木製品製造業；C601020 紙製造業；C601030 紙容器製造業；C601040 加工紙製造業；C601990 其他紙製品製造業；F105050 家具、寢具、廚房器具、裝設品批發業；F109070 文教、樂器、育樂用品批發業；F205040 家具、寢具、廚房器具、裝設品零售業；F209060 文教、樂器、育樂用品零售業,臺北市,變更,11504
22429604,珞林貿易開發有限公司,臺北市松山區復興北路333號3樓,鄧淑月,10000000,,115/04/20,股東出資轉讓修正章程,,臺北市,變更,11504
22439103,近鐵運通股份有限公司,臺北市松山區民生東路3段109號12樓,森岡範充,582000000,,115/04/21,改選董事/監察人(一人法人股東指派董事/監察人),G601011 航空貨運承攬業；G701011 報關業；G801010 倉儲業；G402011 海運承攬運送業；F108021 西藥批發業；F108031 醫療器材批發業；F108040 化粧品批發業；CF01011 醫療器材製造業；ZZ99999 除許可業務外，得經營法令非禁止或限制之業務,臺北市,變更,11504
22449566,精英電腦股份有限公司,臺北市中山區中山北路三段22-1號9樓,張榮華,5574029680,,115/04/24,補繳規費,CC01060 有線通信機械器材製造業；CC01070 無線通信機械器材製造業；CC01080 電子零組件製造業；CC01101 電信管制射頻器材製造業；CC01110 電腦及其週邊設備製造業；CC01990 其他電機及電子機械器材製造業；CE01010 一般儀器製造業；E701030 電信管制射頻器材裝設工程業；EZ05010 儀器、儀表安裝工程業；F113030 精密儀器批發業,臺北市,變更,11504
22463638,寶民貿易股份有限公司,臺北市中山區松江路168號8樓,林正東,203638350,,115/04/22,修正章程,F107050 肥料批發業。,臺北市,變更,11504
22466353,麥杰股份有限公司,臺北市南港區南港路3段50巷1號1樓,陳茂複,45500000,,115/04/29,特殊補正,C306010 成衣業；C307010 服飾品製造業；F104110 布疋、衣著、鞋、帽、傘、服飾品批發業；F204110 布疋、衣著、鞋、帽、傘、服飾品零售業；F401010 國際貿易業；I103060 管理顧問業；JZ99050 仲介服務業；JZ99990 未分類其他服務業；G801010 倉儲業；G202010 停車場經營業,臺北市,變更,11504
22538379,圓方創新股份有限公司,臺北市中正區博愛路77號28樓之1,,761541560,,115/04/02,一般補正案,I301010 資訊軟體服務業；F213030 電腦及事務性機器設備零售業；F213060 電信器材零售業；F113070 電信器材批發業；CC01120 資料儲存媒體製造及複製業；E605010 電腦設備安裝業；I103060 管理顧問業；I301020 資料處理服務業；I301030 電子資訊供應服務業；CC01080 電子零組件製造業,臺北市,變更,11504
22551560,世遠小客車租賃有限公司,臺北市信義區基隆路1段159號13樓,許語倢,5000000,,115/04/21,特殊補正,G101041 小客車租賃業；ZZ99999 除許可業務外，得經營法令非禁止或限制之業務,臺北市,變更,11504
22606538,台田藥品股份有限公司,臺北市南港區市民大道7段8號14樓之1,李明珍,20000000,,115/04/01,法人股東更名、國籍、地址變更,,臺北市,變更,11504
22619999,新鼎系統股份有限公司,臺北市北投區福善路16號11樓,鍾士偉,284481030,,115/04/10,發行新股,CC01010 發電、輸電、配電機械製造業；CC01110 電腦及其週邊設備製造業；CC01120 資料儲存媒體製造及複製業；CD01020 軌道車輛及其零件製造業；E599010 配管工程業；E601010 電器承裝業；E601020 電器安裝業；E603010 電纜安裝工程業；E603040 消防安全設備安裝工程業；E603050 自動控制設備工程業,臺北市,變更,11504
22621469,聯友企業股份有限公司,臺北市大安區仁愛路3段26號11樓,辛忠道,60000000,,115/04/22,改選董事/監察人(一人法人股東指派董事/監察人),F106020 日常用品批發業；F206020 日常用品零售業；F115010 首飾及貴金屬批發業,臺北市,變更,11504
22626844,童心園實業股份有限公司,臺北市松山區南京東路5段70號9樓,吳文鶯,61000000,,115/04/20,補繳規費,,臺北市,變更,11504
22639691,桐寶股份有限公司,臺北市南港區南港路一段209號7樓,李鴻順,678668000,,115/04/13,改派董事/監察人,C901030 水泥製造業；C901050 水泥及混凝土製品製造業；C901990 其他非金屬礦物製品製造業；G801010 倉儲業；F111090 建材批發業；ZZ99999 除許可業務外，得經營法令非禁止或限制之業務；C801020 石油化工原料製造業；C802090 清潔用品製造業；C803990 其他石油及煤製品製造業；F107030 清潔用品批發業,臺北市,變更,11504
22645531,力新國際科技股份有限公司,臺北市內湖區新湖一路128巷15號6樓,李雲琴,890940000,,115/04/23,經理人變更,CC01060 有線通信機械器材製造業；CC01070 無線通信機械器材製造業；CC01101 電信管制射頻器材製造業（經目的事業主管機關核准營業項目為限）；F113050 電腦及事務性機器設備批發業；F113070 電信器材批發業；F119010 電子材料批發業；F213030 電腦及事務性機器設備零售業；F213060 電信器材零售業；F218010 資訊軟體零售業；F219010 電子材料零售業,臺北市,變更,11504
22657830,建越工業股份有限公司,臺北市大同區重慶北路3段276號4樓,梁世明,306000000,,115/04/29,改選董事/監察人(一人法人股東指派董事/監察人),CA02990 其他金屬製品製造業（軸承及零件）；CA03010 熱處理業；CB01010 機械設備製造業；F401010 國際貿易業；ZZ99999 除許可業務外，得經營法令非禁止或限制之業務,臺北市,變更,11504
22659393,能率投資股份有限公司,臺北市松山區復興北路101號10樓,董怡佳,600000000,,115/04/02,補繳規費,,臺北市,變更,11504
22659767,富帝投資股份有限公司,臺北市中山區中山北路2段77巷47號2樓,顏政雄,299000000,,115/04/20,特殊補正,H201010 一般投資業,臺北市,變更,11504
22660048,大勤化成股份有限公司,臺北市中山區南京東路2段125號14樓,吳盧漢檉,180000000,,115/04/22,特殊補正,C802200 塗料、油漆、染料及顏料製造業；CB01010 機械設備製造業；CB01030 污染防治設備製造業；CC01030 電器及視聽電子產品製造業；F107990 其他化學製品批發業；F119010 電子材料批發業；F401010 國際貿易業；ZZ99999 除許可業務外，得經營法令非禁止或限制之業務,臺北市,變更,11504
22660429,美商嘉康利股份有限公司,臺北市中山區建國北路一段90號11樓及11樓之1,蘇民淩,15000000,,115/04/29,改派在中華民國境內負責人變更登記,F107080 環境用藥批發業；F207080 環境用藥零售業,臺北市,變更,11504
22660716,肯盛股份有限公司,臺北市大安區仁愛路4段25之2號10樓,曾王美麗,50000000,,115/04/08,票據兌現/他機關函復/補正,IG01010 生物技術服務業；A102020 農產品加工業；A102050 農業服務業,臺北市,變更,11504
22662904,淳紳股份有限公司,臺北市大安區光復南路630號4樓,沈瑋,845490960,,115/04/15,修正章程,CA02990 其他金屬製品製造業；CB01010 機械設備製造業；CB01990 其他機械製造業；CC01010 發電、輸電、配電機械製造業；CC01030 電器及視聽電子產品製造業；CC01990 其他電機及電子機械器材製造業；CP01010 手工具製造業；F401010 國際貿易業；CC01080 電子零組件製造業；F219010 電子材料零售業,臺北市,變更,11504
22663381,台灣東陶股份有限公司,臺北市信義區松仁路99號1樓,山村徹,294600000,,115/04/08,改派董事/監察人,C901010 陶瓷及陶瓷製品製造業；F119010 電子材料批發業；F199990 其他批發業；F211010 建材零售業；F213010 電器零售業；F299990 其他零售業；F399040 無店面零售業；F401010 國際貿易業；F401021 電信管制射頻器材輸入業；IZ06010 理貨包裝業,臺北市,變更,11504
22663848,國都汽車股份有限公司,臺北市北投區八仙里大業路2號8樓,黃南光,869918040,,115/04/10,改派董事/監察人,F214010 汽車零售業；JA01010 汽車修理業；F214030 汽、機車零件配備零售業；JA01040 液化石油氣車改裝業；ZZ99999 除許可業務外，得經營法令非禁止或限制之業務,臺北市,變更,11504
22727548,華乙資訊股份有限公司,臺北市信義區忠孝東路5段1之7號7樓,江義宗,3000000,,115/04/02,特殊補正,CC01070 無線通信機械器材製造業；E605010 電腦設備安裝業；F113050 電腦及事務性機器設備批發業；F118010 資訊軟體批發業；F113030 精密儀器批發業；F213040 精密儀器零售業；I301010 資訊軟體服務業；J399010 軟體出版業；F113070 電信器材批發業；F213060 電信器材零售業,臺北市,變更,11504
22739642,新甡工業有限公司,臺北市中正區臨沂街68號1樓,蔡宗能,1000000,,115/04/16,特殊補正,,臺北市,變更,11504
22749199,承億國際通商股份有限公司,臺北市大同區承德路2段81號9樓之3,楊順寶,14000000,,115/04/21,改選董事/監察人(一人法人股東指派董事/監察人),F104010 布疋批發業；F104020 成衣批發業；F104040 皮包、手提袋、皮箱批發業；F104080 紡織線類批發業；F105020 室內裝飾品紡織品批發業；F204010 布疋零售業；F204020 成衣零售業；F204080 紡織線類零售業,臺北市,變更,11504
22753524,統領旅行社股份有限公司,臺北市中山區南京東路2段137號8樓,樓海盈,26000000,,115/04/14,經理人解任,J902011 旅行業,臺北市,變更,11504
22757970,永濱小客車租賃有限公司,臺北市大同區延平北路4段173之1號2樓,嚴厚鍾,50000000,,115/04/24,特殊補正,,臺北市,變更,11504
22761854,捷合科技股份有限公司,臺北市內湖區行愛路141巷28號3樓,李蕙芬,36000000,,115/04/15,董事/監察人持股變動報備,E601010 電器承裝業；E601020 電器安裝業；E603010 電纜安裝工程業；E603050 自動控制設備工程業；E603090 照明設備安裝工程業；E604010 機械安裝業；E605010 電腦設備安裝業；E701010 電信工程業；E701040 簡易電信設備安裝業；EZ05010 儀器、儀表安裝工程業,臺北市,變更,11504
22765893,旭光照明建設股份有限公司,臺北市大同區承德路2段199號1樓,陳萬添,175880000,,115/04/15,停業副本,C805010 塑膠皮、布、板、管材製造業；CA02990 其他金屬製品製造業；CC01030 電器及視聽電子產品製造業；CC01040 照明設備製造業；CC01080 電子零組件製造業；F113020 電器批發業；F119010 電子材料批發業；F213010 電器零售業；F219010 電子材料零售業；F401010 國際貿易業,臺北市,變更,11504
22766437,茂盛投資股份有限公司,臺北市松山區八德路2段374號9樓之1,翁嘉生,34600000,,115/04/01,特殊補正,H201010 一般投資業；I102010 投資顧問業；I103060 管理顧問業；H703090 不動產買賣業；H703100 不動產租賃業；H703110 老人住宅業；ZZ99999 除許可業務外，得經營法令非禁止或限制之業務,臺北市,變更,11504
22818293,晉成投資控股股份有限公司,臺北市中山區遼寧街179號20樓,丁廣欽,100000000,,115/04/14,改選董事/監察人(一人法人股東指派董事/監察人),H201010 一般投資業,臺北市,變更,11504
22819589,台北畜產運銷股份有限公司,臺北市萬華區環河南路2段338號4樓,楊靜宇,50000000,,115/04/20,特殊補正,F101040 家畜家禽批發業；F101061 農產品批發市場；F201020 畜產品零售業；C101010 屠宰業；C103050 罐頭、冷凍、脫水及醃漬食品製造業；F401010 國際貿易業；F301020 超級市場業；A401020 家畜禽飼育業；A401040 畜牧服務業；A401051 野生動物飼養業,臺北市,變更,11504
22822395,大三商國際貨櫃儲運股份有限公司,臺北市中山區南京東路2段71號3樓,林子傑,50000000,,115/04/28,特殊補正,G405010 貨櫃出租業；G801010 倉儲業；H703100 不動產租賃業；JE01010 租賃業,臺北市,變更,11504
22853093,台灣希普思股份有限公司,臺北市中山區松江路223號11樓,柳澤洋史,20500000,,115/04/17,改選董事/監察人(一人法人股東指派董事/監察人),F107190 塑膠膜、袋批發業；F119010 電子材料批發業；F107170 工業助劑批發業；F107010 漆料、塗料批發業；F107060 毒性及關注化學物質批發業；F107200 化學原料批發業；F107990 其他化學製品批發業；F401010 國際貿易業；I501010 產品設計業；F199010 回收物料批發業,臺北市,變更,11504
22853328,永聖貿易股份有限公司,臺北市中山區南京東路2段125號14樓,吳盧漢檉,222078160,,115/04/08,改派董事/監察人,F107200 化學原料批發業；F119010 電子材料批發業；F111090 建材批發業；F113030 精密儀器批發業；CB01010 機械設備製造業；G801010 倉儲業；F401010 國際貿易業；E603130 燃氣熱水器承裝業；C802170 毒性及關注化學物質製造業；F107060 毒性及關注化學物質批發業,臺北市,變更,11504
22853354,住工股份有限公司,臺北市中山區松江路301號8樓之4,廖龍星,10000000,,115/04/07,改派董事/監察人,,臺北市,變更,11504
22853565,富達零售股份有限公司,臺北市信義區松德路131號地下1樓,邱光隆,1320000000,,115/04/30,一般補正案,F203010 食品什貨、飲料零售業；F206020 日常用品零售業；F207030 清潔用品零售業；F401010 國際貿易業；H701010 住宅及大樓開發租售業；H703100 不動產租賃業；F218010 資訊軟體零售業；F118010 資訊軟體批發業；I301020 資料處理服務業；J399010 軟體出版業,臺北市,變更,11504
22853657,台灣麒麟啤酒股份有限公司,臺北市大同區承德路1段2號11樓,犬尭,64000000,,115/04/23,特殊補正,F401171 酒類輸入業；F102160 輔助食品批發業。；F203010 食品、飲料零售業。；F401010 國際貿易業。,臺北市,變更,11504
22853994,台灣大賽璐工程塑膠股份有限公司,臺北市中山區南京東路二段137號12樓,陳本誠,1590000000,,115/04/23,改派董事/監察人,C801020 石油化工原料製造業；C801100 合成樹脂及塑膠製造業；F401010 國際貿易業；ZZ99999 除許可業務外，得經營法令非禁止或限制之業務,臺北市,變更,11504
22855986,熙田廣告股份有限公司,臺北市南港區市民大道7段11號3樓,陳志偉,10000000,,115/04/07,改選董事/監察人(一人法人股東指派董事/監察人),C701010 印刷業；C703010 印刷品裝訂及加工業；I501010 產品設計業；I301020 資料處理服務業；F113010 機械批發業；I401010 一般廣告服務業；ZZ99999 除許可業務外，得經營法令非禁止或限制之業務；F399040 無店面零售業,臺北市,變更,11504
22860593,喜克斯實業股份有限公司,臺北市中山區林森北路349號23樓,葉瓊妙,200000000,,115/04/13,改選董事/監察人(一人法人股東指派董事/監察人),F401010 國際貿易業；C805990 其他塑膠製品製造業；C802990 其他化學製品製造業；CH01030 文具製造業；F109070 文教、樂器、育樂用品批發業；CB01010 機械設備製造業；F113010 機械批發業；CA02990 其他金屬製品製造業；F106010 五金批發業；CA01050 鋼材二次加工業,臺北市,變更,11504
22861093,博創股份有限公司,臺北市內湖區民權東路6段123巷14號4樓之1,余明宏,5000000,,115/04/09,改選董事/監察人(一人法人股東指派董事/監察人),F401010 國際貿易業。；F109020 文具批發業。；I301010 資訊軟體服務業。；I301030 電子資訊供應服務業。；CH01030 文具製造業。；C701010 印刷業。；C702010 製版業。；ZZ99999 除許可業務外，得經營法令非禁止或限制之業務,臺北市,變更,11504
22868379,金台企業股份有限公司,臺北市文山區興隆路2段244巷1號1樓,高福來,13000000,,115/04/22,改選董事/監察人(一人法人股東指派董事/監察人),IZ14021 公益彩券經銷業；ZZ99999 除許可業務外，得經營法令非禁止或限制之業務,臺北市,變更,11504
22872090,今映有限公司,臺北市大安區新生南路1段103巷51之4號3樓,顧中州,12500000,,115/04/23,增資,,臺北市,變更,11504
22884321,豪豪股份有限公司,臺北市中山區林森北路554號3樓,顏珍貴,128000000,,115/04/20,特殊補正,CA01050 鋼材二次加工業；F106010 五金批發業；F206010 五金零售業；F110010 鐘錶批發業；F210010 鐘錶零售業；F401010 國際貿易業；F213030 電腦及事務性機器設備零售業；H701010 住宅及大樓開發租售業；H703090 不動產買賣業；H703100 不動產租賃業,臺北市,變更,11504
22898514,台灣京濱股份有限公司,臺北市中山區南京東路2段69號4樓,林顯儒,10000000,,115/04/13,改選董事/監察人(一人法人股東指派董事/監察人),G402011 海運承攬運送業。；G601011 航空貨運承攬業。；G701011 報關業。；ZZ99999 除許可業務外，得經營法令非禁止或限制之業務,臺北市,變更,11504
22955161,富泰建設股份有限公司,臺北市松山區民生東路三段156號3樓,謝育庭,2400037900,,115/04/15,修正章程,H701010 住宅及大樓開發租售業；G202010 停車場經營業；E801010 室內裝潢業；F111090 建材批發業；F211010 建材零售業；I401010 一般廣告服務業；H201010 一般投資業；ZZ99999 除許可業務外，得經營法令非禁止或限制之業務,臺北市,變更,11504
22956035,群益金鼎證券股份有限公司,臺北市松山區民生東路三段156號7樓之5、11樓之1~之3、11樓之6、12樓、12樓之1~之3、12樓之5~之6、13樓、13樓之1~之3、13樓之5~之6、14樓之1~之3、14樓之5~之6、15樓之,周秀真,21709080970,,115/04/21,改派董事/監察人,H301011 證券商；H401011 期貨商；H408011 期貨交易輔助人；H105011 信託業；H304011 證券投資顧問業；H405011 期貨顧問事業,臺北市,變更,11504
22957098,美好證券股份有限公司,臺北市中山區中央里民生東路二段174、176號4樓,黃谷涵,3123909740,,115/04/07,改派董事/監察人,H301011 證券商；H401011 期貨商,臺北市,變更,11504
22959223,第一金證券股份有限公司,臺北市中山區長安東路一段22號4樓,陳致全,6700000000,,115/04/07,董事(常務董事.董事長)/監察人解任,H301011 證券商；H401011 期貨商；H405011 期貨顧問事業,臺北市,變更,11504
23021597,固瑩有限公司,臺北市中山區南京東路1段1巷5號3樓之3,張棟樑,16000000,,115/04/10,公司所在地,F401010 國際貿易業；F213040 精密儀器零售業；F214080 軌道車輛及其零件零售業；IF04010 非破壞檢測業；ID01010 度量衡器證明業；JA02990 其他修理業；F207200 化學原料零售業；F213090 交通標誌器材零售業；F213080 機械器具零售業；EZ05010 儀器、儀表安裝工程業,臺北市,變更,11504
23028493,興隆旅行社股份有限公司,臺北市信義區基隆路2段189號7樓之6,王彥仁,64700000,,115/04/08,特殊補正,,臺北市,變更,11504
23031005,今仙蒂服裝企業有限公司,臺北市大同區民樂街34號3樓,林佳樺,23000000,,115/04/07,改推董事/董事長,F104110 布疋、衣著、鞋、帽、傘、服飾品批發業；F105050 家具、寢具、廚房器具、裝設品批發業；F204110 布疋、衣著、鞋、帽、傘、服飾品零售業；F205040 家具、寢具、廚房器具、裝設品零售業；F401010 國際貿易業；ZZ99999 除許可業務外，得經營法令非禁止或限制之業務,臺北市,變更,11504
23035229,安信旅行社有限公司,臺北市中山區雙城街3巷6號,吳冠儒,6000000,,115/04/09,經理人解任,J902011 旅行業,臺北市,變更,11504
23036445,榮昇實業有限公司,臺北市內湖區內湖路2段352號8樓之5,,5000000,,115/04/24,特殊補正,A101011 種苗業；J101010 建築物清潔服務業；J101030 廢棄物清除業；A102080 園藝服務業；E901010 油漆工程業；JA03010 洗衣業；F110020 眼鏡批發業；F210020 眼鏡零售業；F215010 首飾及貴金屬零售業；F115010 首飾及貴金屬批發業,臺北市,變更,11504
23045057,奇唯科技股份有限公司,臺北市中正區羅斯福路2段100號18樓,陳國禎,234536650,,115/04/02,特殊補正,CC01030 電器及視聽電子產品製造業；CC01080 電子零組件製造業；CC01110 電腦及其週邊設備製造業；E605010 電腦設備安裝業；E701010 電信工程業；F102170 食品什貨批發業；F113050 電腦及事務性機器設備批發業；F113070 電信器材批發業；F118010 資訊軟體批發業；F119010 電子材料批發業,臺北市,變更,11504
23048977,華友貿易有限公司,臺北市中正區博愛路130號4樓之1,陳柏達,48000000,,115/04/16,改推董事/董事長,ZZ99999 除許可業務外，得經營法令非禁止或限制之業務,臺北市,變更,11504
23052922,名碩企業有限公司,臺北市內湖區南京東路6段368巷18號4樓,葉富華,10000000,,115/04/15,減資,E605010 電腦設備安裝業；F113050 電腦及事務性機器設備批發業；F401010 國際貿易業；I301010 資訊軟體服務業；I301020 資料處理服務業；JE01010 租賃業；E603050 自動控制設備工程業；E604010 機械安裝業；F113990 其他機械器具批發業；EZ05010 儀器、儀表安裝工程業,臺北市,變更,11504
23057320,利達數位影音科技股份有限公司,臺北市內湖區瑞光路513巷22弄17號,李素卿,300000000,,115/04/16,董事/監察人持股變動報備,J401011 電影片製作業；J304010 圖書出版業；J305010 有聲出版業；I401010 一般廣告服務業；J402011 電影片發行業；J503021 電視節目製作業；F116010 照相器材批發業；J404011 動畫影片製作業；J404041 電影錄音業；J404051 電影特效製作業,臺北市,變更,11504
23060227,台灣長瀨股份有限公司,臺北市中山區南京東路3段168號13樓之6,西藤公章,120275200,,115/04/08,特殊補正,F108021 西藥批發業；F208021 西藥零售業；F208050 乙類成藥零售業；F108040 化粧品批發業；F208040 化粧品零售業；F401010 國際貿易業；JZ99050 仲介服務業；F108031 醫療器材批發業；F208031 醫療器材零售業；E604010 機械安裝業,臺北市,變更,11504
23060802,嘉實多台灣潤滑油股份有限公司,臺北市信義區信義路5段7號57樓之1,黃建棠,45000000,,115/04/29,公司名稱變更修正章程,C802120 工業助劑製造業；C802990 其他化學製品製造業；C803990 其他石油及煤製品製造業；F112040 石油製品批發業；F212050 石油製品零售業；F113110 電池批發業；F113010 機械批發業；F113020 電器批發業；F113030 精密儀器批發業；F113050 電腦及事務性機器設備批發業,臺北市,變更,11504
23060818,台素股份有限公司,臺北市中山區中山北路2段68號10樓,松本晋一,10000000,,115/04/22,董事(常務董事.董事長)/監察人解任,F107170 工業助劑批發業。；F107990 其他化學製品批發業（活性碳）；ZZ99999 除許可業務外，得經營法令非禁止或限制之業務,臺北市,變更,11504
23060943,台灣霓塔股份有限公司,臺北市中山區中山北路2段96號嘉新大樓10樓,南方規男,50000000,,115/04/16,特殊補正,F102170 食品什貨批發業；F104110 布疋、衣著、鞋、帽、傘、服飾品批發業；F203010 食品什貨、飲料零售業；F204110 布疋、衣著、鞋、帽、傘、服飾品零售業,臺北市,變更,11504
23111915,凱基證券股份有限公司,臺北市中山區成功里明水路698號3樓、700號3樓,許道義,18174785440,,115/04/07,分公司設立,H301011 證券商；H408011 期貨交易輔助人；H401011 期貨商；H105011 信託業；H304011 證券投資顧問業,臺北市,變更,11504
23123068,和安保險代理人股份有限公司,臺北市松山區復興北路143號9樓,白錫潭,30000000,,115/04/22,改派董事/監察人,,臺北市,變更,11504
23126071,汎英股份有限公司,臺北市中山區松江路301號9樓之1,張柏紀,28000000,,115/04/29,特殊補正,F108031 醫療器材批發業；F208031 醫療器材零售業；F108040 化粧品批發業；F208040 化粧品零售業；I103060 管理顧問業；JE01010 租賃業；F401021 電信管制射頻器材輸入業；F106010 五金批發業；F206010 五金零售業；F113030 精密儀器批發業,臺北市,變更,11504
23144508,特格實業有限公司,臺北市內湖區成功路5段460號6樓之1,簡曉昀,30000000,,115/04/13,公司所在地,F106010 五金批發業；F106020 日常用品批發業；F106040 水器材料批發業；F107030 清潔用品批發業；F206010 五金零售業；F206020 日常用品零售業；F206040 水器材料零售業；F207030 清潔用品零售業；F401010 國際貿易業；ZZ99999 除許可業務外，得經營法令非禁止或限制之業務,臺北市,變更,11504
23145632,帆宣系統科技股份有限公司,臺北市南港區園區街3-2號6樓,高新明,2203295290,,115/04/15,可轉換公司債換發新股,F107170 工業助劑批發業；F207170 工業助劑零售業；C801010 基本化學工業；F107200 化學原料批發業；F207200 化學原料零售業；F113050 電腦及事務性機器設備批發業；F213030 電腦及事務性機器設備零售業；F119010 電子材料批發業；F219010 電子材料零售業；F207060 毒性化學物質零售業,臺北市,變更,11504
23145921,宇迅國際有限公司,臺北市內湖區堤頂大道2段473號1樓,"DARBOIS DUBUISSON Valérie,Dominique,Pascale",7500000,,115/04/24,特殊補正,IZ06010 理貨包裝業；G601011 航空貨運承攬業；G701011 報關業；F401010 國際貿易業；G402011 海運承攬運送業；ZZ99999 除許可業務外，得經營法令非禁止或限制之業務,臺北市,變更,11504
23146175,台灣凸技股份有限公司,臺北市松山區八德路2段374號4樓之1,劉怡姍,28000000,,115/04/23,特殊補正,,臺北市,變更,11504
23147553,崇信股份有限公司,臺北市大安區市民大道4段102號14樓,翁俊明,65000000,,115/04/24,補選董事(常務董事.董事長)/監察人,,臺北市,變更,11504
23153040,陸京工業股份有限公司,臺北市松山區復興北路167號7樓之3,林智仁,10000000,,115/04/01,改選董事/監察人(一人法人股東指派董事/監察人),CN01010 家具及裝設品製造業。；ZZ99999 除許可業務外，得經營法令非禁止或限制之業務,臺北市,變更,11504
23157833,南怡企業股份有限公司,臺北市中山區松江路125號3樓,張佩瑤,40000010,,115/04/24,發行新股,,臺北市,變更,11504
23167446,冠寶科技股份有限公司,臺北市松山區南京東路4段126號8樓,游乃溥,172500000,,115/04/24,特殊補正,CC01080 電子零組件製造業；F119010 電子材料批發業；F219010 電子材料零售業；F401010 國際貿易業；F401021 電信管制射頻器材輸入業；ZZ99999 除許可業務外，得經營法令非禁止或限制之業務,臺北市,變更,11504
23167728,施耐德電機股份有限公司,臺北市內湖區舊宗路2段189號5樓,郭念慈(Nien-Tzu Kuo),30185000,,115/04/20,改選董事/監察人(一人法人股東指派董事/監察人),CC01010 發電、輸電、配電機械製造業；CC01080 電子零組件製造業；E603050 自動控制設備工程業；F119010 電子材料批發業；F219010 電子材料零售業；F401010 國際貿易業；I501010 產品設計業；IF02010 用電設備檢測維護業；E601010 電器承裝業；CC01030 電器及視聽電子產品製造業,臺北市,變更,11504
23167868,台灣橫河股份有限公司,臺北市大同區重慶北路2段243號12樓,謝建華,34500000,,115/04/07,改派董事/監察人,F113010 機械批發業；F213080 機械器具零售業；F113030 精密儀器批發業；F213040 精密儀器零售業；F113060 度量衡器批發業；F213050 度量衡器零售業；F113050 電腦及事務性機器設備批發業；F213030 電腦及事務性機器設備零售業；JA02990 其他修理業；JE01010 租賃業,臺北市,變更,11504
23224452,安立知股份有限公司,臺北市內湖區內湖路1段316號7樓,田中憲次,78300000,,115/04/22,改選董事/監察人(一人法人股東指派董事/監察人),F401021 電信管制射頻器材輸入業(限無線電發射機、無線電收發信機、無線電收信機、工業科學醫療用輻射性電機、其他具有產生無線電輻射能之電機)；F113010 機械批發業；F113030 精密儀器批發業；F113070 電信器材批發業；F401010 國際貿易業；JE01010 租賃業；I103060 管理顧問業；ZZ99999 除許可業務外，得經營法令非禁止或限制之業務,臺北市,變更,11504
23224523,東亞電股份有限公司,臺北市中山區長安東路1段18號4樓,二宮洋介,20000000,,115/04/13,改派董事/監察人,CC01030 電器及視聽電子產品製造業；F217010 消防安全設備零售業；F401010 國際貿易業；F113070 電信器材批發業；F213060 電信器材零售業；E599010 配管工程業；E601010 電器承裝業；E601020 電器安裝業；E603040 消防安全設備安裝工程業；F117010 消防安全設備批發業,臺北市,變更,11504
23224657,台灣屈臣氏個人用品商店股份有限公司,臺北市松山區慈祐里八德路四段760號11樓之1之2、14樓,柏善勤,711000000,,115/04/27,董事/監察人證照變更,F201010 農產品零售業；F201020 畜產品零售業；F201070 花卉零售業；F203010 食品飲料零售業；F203020 菸酒零售業；F213030 事務性機器設備零售業；F204020 成衣零售業；F204030 鞋類零售業；F204040 皮包、手提袋、皮箱零售業；F204050 服飾品零售業,臺北市,變更,11504
23225987,桑富士股份有限公司,臺北市大同區平陽街29號,林振弘,20000000,,115/04/28,改選董事/監察人(一人法人股東指派董事/監察人),,臺北市,變更,11504
23226780,台灣岩谷股份有限公司,臺北市中山區松江路169號8樓之1,檜尾雅俊,10000000,,115/04/22,改派董事/監察人,E801010 室內裝潢業；E801020 門窗安裝工程業；E801030 室內輕鋼架工程業；E801040 玻璃安裝工程業；E801070 廚具、衛浴設備安裝工程業；E901010 油漆工程業；E903010 防蝕、防銹工程業；EZ05010 儀器、儀表安裝工程業；F105050 家具、寢具、廚房器具、裝設品批發業；F106010 五金批發業,臺北市,變更,11504
23226851,良京實業股份有限公司,臺北市中山區民權東路3段6號9樓,今井貴志,290000000,,115/04/21,改派董事/監察人,HZ02010 金融機構金錢債權收買業務；HZ02020 辦理金融機構金錢債權之評價或拍賣業務；HZ01010 應收帳款收買業務；I103060 管理顧問業；ZZ99999 除許可業務外，得經營法令非禁止或限制之業務,臺北市,變更,11504
23261505,台灣大林組營造股份有限公司,臺北市松山區長安東路二段225號2樓,楊春榮,1322000000,,115/04/17,改選董事/監察人(一人法人股東指派董事/監察人),E101011 綜合營造業；F113010 機械批發業；F213080 機械器具零售業；F401010 國際貿易業；H703100 不動產租賃業；IZ12010 人力派遣業；JE01010 租賃業；F111090 建材批發業；F211010 建材零售業；ZZ99999 除許可業務外，得經營法令非禁止或限制之業務,臺北市,變更,11504
23262700,峻功國際有限公司,臺北市士林區社中街426巷18號1樓,羅可馨,2000000,,115/04/30,特殊補正,E401010 疏濬業；E599010 配管工程業；E603040 消防安全設備安裝工程業；E604010 機械安裝業；E605010 電腦設備安裝業；E801010 室內裝潢業；G202010 停車場經營業；G801010 倉儲業；I503010 景觀設計業；IF01010 消防安全設備檢修業,臺北市,變更,11504
23284021,東聖機械有限公司,臺北市大同區民權西路136號10樓之12,吳聖明,5000000,,115/04/29,公司所在地,F113010 機械批發業；F213080 機械器具零售業；E604010 機械安裝業；F401010 國際貿易業；ZZ99999 除許可業務外，得經營法令非禁止或限制之業務,臺北市,變更,11504
23293339,中華國際旅行社股份有限公司,臺北市中山區松江路182號11樓之1,周達麒,6000000,,115/04/14,特殊補正,,臺北市,變更,11504
23305031,醫友股份有限公司,臺北市大安區溫州街16巷3之1號1樓,趙汝慶,6000000,,115/04/20,改選董事/監察人(一人法人股東指派董事/監察人),F401010 國際貿易業。,臺北市,變更,11504
23309178,台鋼漢堡王股份有限公司,臺北市松山區敦化南路1段2號7樓,謝瑞珉,419291040,,115/04/07,分公司經理人變更,C103050 罐頭、冷凍、脫水及醃漬食品製造業；C104010 糖果製造業；C104020 烘焙炊蒸食品製造業；C110010 飲料製造業；C111010 製茶業；C199030 即食餐食製造業；C199990 未分類其他食品製造業；E801010 室內裝潢業；F101040 家畜家禽批發業；F101050 水產品批發業,臺北市,變更,11504
23311250,美味大師股份有限公司,臺北市文山區一壽街20巷7號1樓,趙丕倫,20000000,,115/04/28,增資(資本總額),F102170 食品什貨批發業；F104110 布疋、衣著、鞋、帽、傘、服飾品批發業；F105050 家具、寢具、廚房器具、裝設品批發業；F106010 五金批發業；F106020 日常用品批發業；F106050 陶瓷玻璃器皿批發業；F107190 塑膠膜、袋批發業；F108040 化粧品批發業；F109070 文教、樂器、育樂用品批發業；F114030 汽、機車零件配備批發業,臺北市,變更,11504
23314123,億特室內裝修設計工程股份有限公司,臺北市士林區延平北路7段106巷355號1樓,吳麗玲,120000000,,115/04/17,增資(資本總額),E801061 室內裝修業；ZZ99999 除許可業務外，得經營法令非禁止或限制之業務,臺北市,變更,11504
23316369,金登有限公司,臺北市中山區建國北路1段33巷43號2樓,林子傑,20000000,,115/04/22,股東出資轉讓修正章程,,臺北市,變更,11504
23316543,蘭格室內裝修設計股份有限公司,臺北市中正區仁愛路2段71號5樓之6,林玉雲,10000000,,115/04/15,特殊補正,E801060 室內裝修業；F105050 家具、寢具、廚房器具、裝設品批發業；F205040 家具、寢具、廚房器具、裝設品零售業；F106010 五金批發業；F206010 五金零售業；F111090 建材批發業；F211010 建材零售業；I503010 景觀設計業；H201010 一般投資業,臺北市,變更,11504
23318628,貫邦股份有限公司,臺北市信義區嘉興街225之1號,王怡鈞,25000000,,115/04/15,特殊補正,F113010 機械批發業；F113020 電器批發業；F113030 精密儀器批發業；F113050 電腦及事務性機器設備批發業；F113100 污染防治設備批發業；F113990 其他機械器具批發業；F120010 耐火材料批發業；F199010 回收物料批發業；F213010 電器零售業；F401010 國際貿易業,臺北市,變更,11504
23320167,哈樂實業有限公司,臺北市信義區和平東路3段285號7樓,,5000000,,115/04/17,特殊補正,,臺北市,變更,11504
23343197,漢百貿易股份有限公司,臺北市士林區德行西路33號9樓,謝肇琦,500000,,115/04/09,改選董事/監察人(一人法人股東指派董事/監察人),F401010 國際貿易業；H703100 不動產租賃業；ZZ99999 除許可業務外，得經營法令非禁止或限制之業務；I301010 資訊軟體服務業；I301020 資料處理服務業；I301030 電子資訊供應服務業；F102030 菸酒批發業；F102040 飲料批發業；F102170 食品什貨批發業；F102180 酒精批發業,臺北市,變更,11504
23349333,惠而蒙國際有限公司,臺北市松山區南京東路5段108號8樓,李綉雲,57340000,,115/04/29,特殊補正,,臺北市,變更,11504
23357733,吸引力綜合百貨股份有限公司,臺北市南港區東新街180巷9號地下1層,戴春發,380000000,,115/04/14,特殊補正,C104020 烘焙炊蒸食品製造業；C306010 成衣業；C307010 服飾品製造業；C402030 皮革、毛皮製品製造業；C802090 清潔用品製造業；CC01080 電子零組件製造業；E801010 室內裝潢業；F201010 農產品零售業；F201020 畜產品零售業；F201030 水產品零售業,臺北市,變更,11504
23415115,現代投資股份有限公司,臺北市中山區南京東路2段77號13樓,黃振國,390000000,,115/04/15,改選董事/監察人(一人法人股東指派董事/監察人),H201010 一般投資業,臺北市,變更,11504
23415179,仙豐股份有限公司,臺北市松山區延壽街347號,謝錫渝,250000000,,115/04/14,董事長印鑑變更,ZZ99999 除許可業務外，得經營法令非禁止或限制之業務,臺北市,變更,11504
23416120,泰業實業股份有限公司,臺北市松山區慶城街67號8樓,邢開國,2722000000,,115/04/24,改選董事/監察人(一人法人股東指派董事/監察人),H701010 住宅及大樓開發租售業；H703100 不動產租賃業；I401010 一般廣告服務業；I503010 景觀設計業；E801010 室內裝潢業；A102080 園藝服務業；H201010 一般投資業；ZZ99999 除許可業務外，得經營法令非禁止或限制之業務,臺北市,變更,11504
23445429,鑫谷建設股份有限公司,臺北市中正區西藏路37號8樓,張乃元,37000000,,115/04/30,特殊補正,E801010 室內裝潢業；F111090 建材批發業；F211010 建材零售業；F401010 國際貿易業；H701040 特定專業區開發業；H701060 新市鎮、新社區開發業；I503010 景觀、室內設計業；A102080 園藝服務業；H701010 住宅及大樓開發租售業；H703090 不動產買賣業,臺北市,變更,11504
23457212,勝和冷凍有限公司,臺北市大同區迪化街1段146號1樓,李興進,10000000,,115/04/27,改推董事/董事長,,臺北市,變更,11504
23469441,金利投資股份有限公司,臺北市中山區松江路237號15樓,林正良,844000000,,115/04/07,改選董事/監察人(一人法人股東指派董事/監察人),,臺北市,變更,11504
23525648,長江化學股份有限公司,臺北市中山區松江路301號7樓,川本尚史,30000000,,115/04/23,董事(常務董事.董事長)/監察人解任,ZZ99999 除許可業務外，得經營法令非禁止或限制之業務,臺北市,變更,11504
23527646,嘉穀股份有限公司,臺北市中山區民權西路11號5樓,桑野洋平,5000000,,115/04/14,補選董事(常務董事.董事長)/監察人,,臺北市,變更,11504
23528693,台灣諾和諾德藥品股份有限公司,臺北市大安區敦化南路2段207號10樓,HANS DUIJF,9000000,,115/04/08,補繳規費,F108021 西藥批發業；F108031 醫療器材批發業；F208021 西藥零售業；F208031 醫療器材零售業；F401010 國際貿易業；ZZ99999 除許可業務外，得經營法令非禁止或限制之業務,臺北市,變更,11504
23529004,台灣寶峨工業技術股份有限公司,臺北市大安區信義路4段6號14樓之5,蔡悅淵(Chua Yat Yeang),37000000,,115/04/28,經理人變更,,臺北市,變更,11504
23529150,聯旭國際股份有限公司,臺北市大安區市民大道3段198號10樓,徐念彤,47600000,,115/04/15,董事(常務董事.董事長)/監察人解任,J503010 廣播節目製作業；J503020 電視節目製作業；J503040 廣播電視廣告業；I401010 一般廣告服務業；ZZ99999 除許可業務外，得經營法令非禁止或限制之業務,臺北市,變更,11504
23529341,郵船通運股份有限公司,臺北市中正區忠孝東路2段88號8樓,渡會剛人,157397700,,115/04/15,法人股東更名、國籍、地址變更,G402011 海運承攬運送業；G601011 航空貨運承攬業；G701011 報關業；G101061 汽車貨運業；G401011 船務代理業；G801010 倉儲業；F401010 國際貿易業；C802100 化粧品製造業；ZZ99999 除許可業務外，得經營法令非禁止或限制之業務,臺北市,變更,11504
23529757,三伽舍股份有限公司,臺北市大同區承德路1段17號11樓之5,山本大輔,7000000,,115/04/02,改選董事/監察人(一人法人股東指派董事/監察人),,臺北市,變更,11504
23534745,玉瑪國際股份有限公司,臺北市松山區復興北路337號10樓,陳媛凱,593433390,,115/04/17,一般補正案,C306010 成衣業；C307010 服飾品製造業；CO01010 餐具製造業；F102020 食用油脂批發業；F102040 飲料批發業；F102170 食品什貨批發業；F104110 布疋、衣著、鞋、帽、傘、服飾品批發業；F105050 家具、寢具、廚房器具、裝設品批發業；F106010 五金批發業；F109070 文教、樂器、育樂用品批發業,臺北市,變更,11504
23534956,台新綜合證券股份有限公司,臺北市中山區中山北路二段44號2樓,陳俊宏,25054070680,,115/04/21,補選董事(常務董事.董事長)/監察人,H301011 證券商；H401011 期貨商；H408011 期貨交易輔助人；H105011 信託業,臺北市,變更,11504
23535076,柏季投資股份有限公司,臺北市北投區民族街68巷1號2樓,林瀚東,50000000,,115/04/01,補繳規費,,臺北市,變更,11504
23546566,裕臺營造股份有限公司,臺北市中正區青島東路3之3號2樓,謝富淵,92000000,,115/04/13,改選董事/監察人(一人法人股東指派董事/監察人),E101011 綜合營造業；H701010 住宅及大樓開發租售業；H701020 工業廠房開發租售業；H701080 都市更新重建業；H702010 建築經理業；ZZ99999 除許可業務外，得經營法令非禁止或限制之業務,臺北市,變更,11504
23579377,英吉企業有限公司,臺北市大同區哈密街23巷12號1樓,郭其松,20000000,,115/04/29,特殊補正,F102030 菸酒批發業；F203020 菸酒零售業；F401010 國際貿易業；ZZ99999 除許可業務外，得經營法令非禁止或限制之業務,臺北市,變更,11504
23599556,纖宇企業股份有限公司,臺北市大安區仁愛路3段141號9樓,林榮隆,5530000,,115/04/29,公司所在地,F104110 布疋、衣著、鞋、帽、傘、服飾品批發業；F106010 五金批發業；F108040 化粧品批發業；F204110 布疋、衣著、鞋、帽、傘、服飾品零售業；F206010 五金零售業；F208040 化粧品零售業；F301010 百貨公司業；F401010 國際貿易業；I101110 紡織顧問業；I103060 管理顧問業,臺北市,變更,11504
23611616,帛峯實業股份有限公司,臺北市松山區南京東路5段200號5樓之5,凌秀敏,10000000,,115/04/29,特殊補正,,臺北市,變更,11504
23612679,恩派爾海外有限公司,臺北市信義區吳興街106巷9號7樓,黃仲孝,5000000,,115/04/13,特殊補正,F113020 電器批發業；F113030 精密儀器批發業；F113070 電信器材批發業；F113990 其他機械器具批發業；F119010 電子材料批發業；F199990 其他批發業；F213060 電信器材零售業；F219010 電子材料零售業；F401010 國際貿易業；I103060 管理顧問業,臺北市,變更,11504
23614450,迪悌資訊顧問股份有限公司,臺北市中山區中山北路2段106之2號11樓,馬百里,30000000,,115/04/27,改派董事/監察人,F118010 資訊軟體批發業；F218010 資訊軟體零售業；F219010 電子材料零售業；F401010 國際貿易業；I301010 資訊軟體服務業；I301020 資料處理服務業；I301030 電子資訊供應服務業；ZZ99999 除許可業務外，得經營法令非禁止或限制之業務,臺北市,變更,11504
23619791,加百列工程股份有限公司,臺北市大安區忠孝東路4段205巷39號2樓,許美美,15000000,,115/04/15,特殊補正,E603040 消防安全設備安裝工程業；F107010 漆料、塗料批發業；F111090 建材批發業；F102040 飲料批發業；F102170 食品什貨批發業；F113020 電器批發業；F207010 漆料、塗料零售業；F211010 建材零售業；F203010 食品什貨、飲料零售業；F213010 電器零售業,臺北市,變更,11504
23621614,崇越科技股份有限公司,臺北市內湖區洲子街176號6樓,潘重良,1923545780,,115/04/02,補繳規費,CB01010 機械設備製造業；CB01030 污染防治設備製造業；CC01010 發電、輸電、配電機械製造業；CC01080 電子零組件製造業；CC01090 電池製造業；E103101 環境保護工程專業營造業；E599010 配管工程業；E601010 電器承裝業；E603040 消防安全設備安裝工程業；E603050 自動控制設備工程業,臺北市,變更,11504
23622183,鼎鑫投資股份有限公司,臺北市中山區吉林路24號10樓之3,陳麗卿,50000000,,115/04/24,特殊補正,H201010 一般投資業；H701010 住宅及大樓開發租售業；H703100 不動產租賃業,臺北市,變更,11504
23724230,天心資訊開發股份有限公司,臺北市信義區東興路51號10樓,張渼欣,50000000,,115/04/27,特殊補正,F113050 電腦及事務性機器設備批發業；F118010 資訊軟體批發業；F218010 資訊軟體零售業；I301010 資訊軟體服務業；I301020 資料處理服務業；I301030 電子資訊供應服務業；E605010 電腦設備安裝業,臺北市,變更,11504
23728073,豪敏有限公司,臺北市信義區和平東路3段215號6樓,趙世添,18500000,,115/04/02,增資,,臺北市,變更,11504
23731078,高矽貿易股份有限公司,臺北市大安區瑞安街208巷76號2樓,蘇恩,5000000,,115/04/14,改選董事/監察人(一人法人股東指派董事/監察人),,臺北市,變更,11504
23742878,方星創新股份有限公司,臺北市士林區倫等街54巷4號,方秋梨,1500000,,115/04/16,特殊補正,F399040 無店面零售業；F401010 國際貿易業；F601010 智慧財產權業；I101110 紡織顧問業；I103060 管理顧問業；I105010 藝術品諮詢顧問業；I199990 其他顧問服務業；I301020 資料處理服務業；I501010 產品設計業；I502010 服飾設計業,臺北市,變更,11504
23745426,欣欣塑鋼實業有限公司,臺北市北投區崇仁路1段121之1號4樓,林家農,2000000,,115/04/08,股東出資轉讓修正章程,C901010 陶瓷及陶瓷製品製造業；C901020 玻璃及玻璃製品製造業；CN01010 家具及裝設品製造業；F105050 家具、寢具、廚房器具、裝設品批發業；F106010 五金批發業；F111090 建材批發業；F205040 家具、寢具、廚房器具、裝設品零售業；F206010 五金零售業；F211010 建材零售業,臺北市,變更,11504
23747634,巧民企業有限公司,臺北市大同區酒泉街50巷12號1樓,張亷文,16000000,,115/04/07,特殊補正,ZZ99999 除許可業務外，得經營法令非禁止或限制之業務,臺北市,變更,11504
23747873,偉迅科技股份有限公司,臺北市內湖區內湖路1段392號9樓,吳瑞祥,43500000,,115/04/23,特殊補正,F118010 資訊軟體批發業；F119010 電子材料批發業；F218010 資訊軟體零售業；F219010 電子材料零售業；F401010 國際貿易業；I301010 資訊軟體服務業；I301020 資料處理服務業；I301030 電子資訊供應服務業；ZZ99999 除許可業務外，得經營法令非禁止或限制之業務,臺北市,變更,11504
23752170,福麟系統整合股份有限公司,臺北市松山區南京東路3段303巷3弄8號2樓,吳東明,130000000,,115/04/09,特殊補正,E501011 自來水管承裝商；E599010 配管工程業；E601010 電器承裝業；E601020 電器安裝業；E602011 冷凍空調工程業；E603010 電纜安裝工程業；E603040 消防安全設備安裝工程業；E603050 自動控制設備工程業；E603090 照明設備安裝工程業；E604010 機械安裝業,臺北市,變更,11504
23754590,啟發證券投資顧問股份有限公司,臺北市中正區忠孝西路1段100號9樓、102號9樓,陳思穎,123868000,,115/04/27,補繳規費,H304011 證券投資顧問業；H405011 期貨顧問事業,臺北市,變更,11504
23761804,瑞訊股份有限公司,臺北市內湖區行愛路78巷28號2樓之6,陳秋吉,20000000,,115/04/30,改選董事/監察人(一人法人股東指派董事/監察人),ZZ99999 除許可業務外，得經營法令非禁止或限制之業務,臺北市,變更,11504
23763964,自家股份有限公司,臺北市大安區建國南路1段270巷30號1樓,陳德彥,25000000,,115/04/28,董事/監察人持股變動報備,F102170 食品什貨批發業；F203010 食品什貨、飲料零售業；F113020 電器批發業；F213080 機械器具零售業；F213010 電器零售業；A102020 農產品整理業；C104010 糖果製造業；C104020 烘焙炊蒸食品製造業；C106010 製粉業；C108010 糖類製造業,臺北市,變更,11504
23792671,丞峰營造股份有限公司,臺北市中正區衡陽路51號5樓之11,蔡雅惠,22500000,,115/04/28,改選董事/監察人(一人法人股東指派董事/監察人),E101011 綜合營造業。,臺北市,變更,11504
23813681,吉大工程股份有限公司,臺北市信義區基隆路2段135號6樓,陳竟曜,155000000,,115/04/10,發行新股,E101011 綜合營造業；E401010 疏濬業；E402010 沙石、淤泥海拋業；E599010 配管工程業；E603040 消防安全設備安裝工程業；E603050 自動控制設備工程業；E603080 交通號誌安裝工程業；E801010 室內裝潢業；E801020 門窗安裝工程業；E801030 室內輕鋼架工程業,臺北市,變更,11504
23826383,福茂數位智能科技股份有限公司,臺北市中正區重慶南路1段66之1號10樓之1,林大生,313000000,,115/04/14,特殊補正,H201010 一般投資業；I199990 其他顧問服務業；I301010 資訊軟體服務業；I301020 資料處理服務業；I301030 電子資訊供應服務業；I401010 一般廣告服務業；I501010 產品設計業；I599990 其他設計業；J601010 藝文服務業；J602010 演藝活動業,臺北市,變更,11504
23826519,英屬百慕達商友邦人壽保險股份有限公司,臺北市中正區黎明里青島西路9號12樓,侯文成,4353500000,,115/04/16,本公司董事及其他負責人變更,H501011 人身保險業,臺北市,變更,11504
23827860,馥鴻建設股份有限公司,臺北市中山區南京東路3段65號7樓,王昭卿,377950000,,115/04/09,特殊補正,F119010 電子材料批發業；F219010 電子材料零售業；CC01030 電器及視聽電子產品製造業；F213010 電器零售業；F113070 電信器材批發業；F213060 電信器材零售業；ZZ99999 除許可業務外，得經營法令非禁止或限制之業務；F111090 建材批發業；H701010 住宅及大樓開發租售業；H701020 工業廠房開發租售業,臺北市,變更,11504
23879347,普元企業有限公司,臺北市大安區復興南路2段293之3號8樓,黃麗珠,6000000,,115/04/10,股東出資轉讓修正章程,,臺北市,變更,11504
23882791,振錩企業股份有限公司,臺北市內湖區行善路417巷30號,許若珺,14100000,,115/04/09,改選董事/監察人(一人法人股東指派董事/監察人),F113010 機械批發業；F113020 電器批發業；F213010 電器零售業；F213080 機械器具零售業；F101050 水產品批發業；F106010 五金批發業；F201030 水產品零售業；F206010 五金零售業；F401010 國際貿易業；F102180 酒精批發業,臺北市,變更,11504
23886895,高傑國際物流有限公司,臺北市內湖區新湖一路97號5樓,李祖揚,7500000,,115/04/02,改推董事/董事長,G402011 海運承攬運送業；G601011 航空貨運承攬業；F401010 國際貿易業；ZZ99999 除許可業務外，得經營法令非禁止或限制之業務；G801010 倉儲業；IZ06010 理貨包裝業,臺北市,變更,11504
23887959,春野有限公司,臺北市中山區農安街20號9樓之8,陳奕志,5000000,,115/04/24,公司所營事業變更修正章程,F104110 布疋、衣著、鞋、帽、傘、服飾品批發業；F105050 家具、寢具、廚房器具、裝設品批發業；F108040 化粧品批發業；F115010 首飾及貴金屬批發業；F204110 布疋、衣著、鞋、帽、傘、服飾品零售業；F205040 家具、寢具、廚房器具、裝設品零售業；F208040 化粧品零售業；F215010 首飾及貴金屬零售業；F401010 國際貿易業；I199990 其他顧問服務業,臺北市,變更,11504
23894430,萬卷樓圖書股份有限公司,臺北市大安區羅斯福路2段41號6樓之3,陳美雪,20000000,,115/04/08,特殊補正,J304010 圖書出版業；F109070 文教、樂器、育樂用品批發業；F209060 文教、樂器、育樂用品零售業；F399040 無店面零售業；F401010 國際貿易業；I301020 資料處理服務業；I599990 其他設計業；IZ01010 影印業；IZ02010 打字業；IZ10010 排版業,臺北市,變更,11504
23918025,永贊工業股份有限公司,臺北市大安區忠孝東路3段248巷13弄22號2樓,王人弘,5000000,,115/04/09,停業副本,,臺北市,變更,11504
23925807,明美科技股份有限公司,臺北市士林區德行西路33號3樓,謝志強,104889500,,115/04/23,補選董事(常務董事.董事長)/監察人,F113030 精密儀器批發業；CE01010 一般儀器製造業；I501010 產品設計業；IG01010 生物技術服務業；F108031 醫療器材批發業；F208031 醫療器材零售業；F207200 化學原料零售業；F207990 其他化學製品零售業；F119010 電子材料批發業；F219010 電子材料零售業,臺北市,變更,11504
23929780,台灣協和麒麟股份有限公司,臺北市中山區中山北路2段68號9樓,岩本樹,262450000,,115/04/09,改派董事/監察人,F108021 西藥批發業；F108011 中藥批發業；F108031 醫療器材批發業；F208021 西藥零售業；F208011 中藥零售業；F208031 醫療器材零售業；F102130 調味品批發業；F102160 輔助食品批發業；F102990 其他食品批發業(食品添加物)；F103010 飼料批發業,臺北市,變更,11504
23931759,寰宇家庭美語股份有限公司,臺北市松山區八德路3段32號9樓,"羅派克(Robert A.Parker,Jr.)",228000000,,115/04/14,董事(常務董事.董事長)/監察人解任,F109070 文教、樂器、育樂用品批發業；F209060 文教、樂器、育樂用品零售業；F401010 國際貿易業；J303010 雜誌（期刊）出版業；J304010 圖書出版業；J602010 演藝活動業；JD01010 工商徵信服務業；I103060 管理顧問業；I501010 產品設計業；J305010 有聲出版業,臺北市,變更,11504
23932336,富蘭克林證券投資顧問股份有限公司,臺北市大安區忠孝東路4段87號5樓、8樓、8樓之1、之2、之3、之5、之6、之7、之8、之9、之10、之11、之12、之13、之14，9樓之2、之4、之6、之8、之10、之11，11樓之5、之7、之9、之11,黃琡珺,70000000,,115/04/23,公司印鑑變更,H304011 證券投資顧問業,臺北市,變更,11504
23932785,美世顧問股份有限公司,臺北市中山區民權東路3段2號4樓,許永燦,15348000,,115/04/24,改選董事/監察人(一人法人股東指派董事/監察人),I102010 投資顧問業；I103060 管理顧問業；J202010 產業育成業；ZZ99999 除許可業務外，得經營法令非禁止或限制之業務,臺北市,變更,11504
23962020,日新日茂國際物流股份有限公司,臺北市中山區松江路318號9樓,森川哲也,50000000,,115/04/30,特殊補正,G101061 汽車貨運業；G801010 倉儲業；IZ06010 理貨包裝業；F213010 電器零售業；F119010 電子材料批發業；F219010 電子材料零售業；F102040 飲料批發業；F102170 食品什貨批發業；F209060 文教、樂器、育樂用品零售業；G402011 海運承攬運送業,臺北市,變更,11504
23988289,臺泥資訊股份有限公司,臺北市中山區中山北路2段113號9樓,李鐘培,150000000,,115/04/30,改派董事/監察人,ZZ99999 除許可業務外，得經營法令非禁止或限制之業務,臺北市,變更,11504
23991881,僑力化工股份有限公司,臺北市大安區仁愛路4段28號4樓,林建瑋,558000000,,115/04/13,一般補正案,C801010 基本化學工業；C801030 精密化學材料製造業；C801990 其他化學材料製造業；C802120 工業助劑製造業；F401010 國際貿易業；ZZ99999 除許可業務外，得經營法令非禁止或限制之業務；F107200 化學原料批發業；F207200 化學原料零售業,臺北市,變更,11504
24021407,台灣太陽誘電股份有限公司,臺北市內湖區文湖街18號12樓,泉洋平,333500000,,115/04/28,改派董事/監察人,CB01010 機械設備製造業；E604010 機械安裝業；F401021 電信管制射頻器材輸入業；CC01080 電子零組件製造業；F113010 機械批發業；F119010 電子材料批發業；F401010 國際貿易業；C901010 陶瓷及陶瓷製品製造業；CC01010 發電、輸電、配電機械製造業；ZZ99999 除許可業務外，得經營法令非禁止或限制之業務,臺北市,變更,11504
24023566,同芳毛刷股份有限公司,臺北市內湖區新明路87號,方建富,95000000,,115/04/27,改選董事/監察人(一人法人股東指派董事/監察人),C805030 塑膠日用品製造業；CB01010 機械設備製造業；CZ99990 未分類其他工業製品製造業；F401010 國際貿易業；H703100 不動產租賃業；ZZ99999 除許可業務外，得經營法令非禁止或限制之業務,臺北市,變更,11504
24039201,昇隆實業股份有限公司,臺北市南港區南港路3段108號1樓,林廖亮,28000000,,115/04/29,改選董事/監察人(一人法人股東指派董事/監察人),,臺北市,變更,11504
24154932,耐隆股份有限公司,臺北市大安區新生南路3段58號6樓,林淑綢,28000000,,115/04/30,特殊補正,,臺北市,變更,11504
24215430,寬瓏有限公司,臺北市內湖區民權東路6段106號2樓,游嘉瑩,8000000,,115/04/14,特殊補正,I501010 產品設計業；I502010 服飾設計業；I599990 其他設計業；F104110 布疋、衣著、鞋、帽、傘、服飾品批發業；F108040 化粧品批發業；F110010 鐘錶批發業；F115010 首飾及貴金屬批發業；F204110 布疋、衣著、鞋、帽、傘、服飾品零售業；F208040 化粧品零售業；F210010 鐘錶零售業,臺北市,變更,11504
24270329,鑫開富股份有限公司,臺北市信義區松信路137號1樓,錢文蕙,11000000,,115/04/15,特殊補正,F401161 菸類輸入業；F401171 酒類輸入業；ZZ99999 除許可業務外，得經營法令非禁止或限制之業務,臺北市,變更,11504
24282535,集藝室內裝修設計工程有限公司,臺北市大安區光復南路180巷29之1號2樓,詹易儒,5000000,,115/04/22,特殊補正,E801061 室內裝修業；ZZ99999 除許可業務外，得經營法令非禁止或限制之業務,臺北市,變更,11504
24286461,齊瑞科技有限公司,臺北市內湖區瑞光路188巷52號3樓,胡天佑,15000000,,115/04/09,增資,I301010 資訊軟體服務業；I301020 資料處理服務業；I301030 電子資訊供應服務業；I501010 產品設計業；E603050 自動控制設備工程業；E605010 電腦設備安裝業；F113050 電腦及事務性機器設備批發業；F118010 資訊軟體批發業；F401010 國際貿易業；I103060 管理顧問業,臺北市,變更,11504
24295530,茂詮實業有限公司,臺北市大安區復興南路2段285號8樓,蕭揚江,14000000,,115/04/20,公司所營事業變更修正章程,E599010 配管工程業；E601010 電器承裝業；E601020 電器安裝業；E605010 電腦設備安裝業；E801070 廚具、衛浴設備安裝工程業；F113050 電腦及事務性機器設備批發業；F118010 資訊軟體批發業；F201030 水產品零售業；F203010 食品什貨、飲料零售業；F203020 菸酒零售業,臺北市,變更,11504
24301435,欣僑裝潢實業有限公司,臺北市中正區館前路59號9樓,吳金城,500000,,115/04/02,特殊補正,F205040 家具、寢具、廚房器具、裝設品零售業；F206010 五金零售業；F206040 水器材料零售業；F207010 漆料、塗料零售業；F211010 建材零售業；F213010 電器零售業；F401010 國際貿易業；E801010 室內裝潢業；I503010 景觀、室內設計業；ZZ99999 除許可業務外，得經營法令非禁止或限制之業務,臺北市,變更,11504
24301548,圓祥國際股份有限公司,臺北市中山區南京東路3段9號10樓,杜靜婷,36000000,,115/04/13,減少所營事業變更修正章程,F102170 食品什貨批發業；F203010 食品什貨、飲料零售業；F105050 家具、寢具、廚房器具、裝設品批發業；F205040 家具、寢具、廚房器具、裝設品零售業；F401010 國際貿易業；F108040 化粧品批發業；F208040 化粧品零售業；F108031 醫療器材批發業；F208031 醫療器材零售業；F399040 無店面零售業,臺北市,變更,11504
24306591,華德金屬有限公司,臺北市萬華區西藏路273號1樓,林青衛,28000000,,115/04/14,特殊補正,E801020 門窗安裝工程業；E801040 玻璃安裝工程業；CA01100 鋁材軋延、伸線、擠型業；CA02010 金屬結構及建築組件製造業；F106010 五金批發業；F111090 建材批發業；F401010 國際貿易業；ZZ99999 除許可業務外，得經營法令非禁止或限制之業務,臺北市,變更,11504
24307557,台灣桃電投資股份有限公司,臺北市中山區南京東路三段168號14樓,松本篤,2481457790,,115/04/23,補選董事(常務董事.董事長)/監察人,H201010 一般投資業；D101060 再生能源自用發電設備業；I103060 管理顧問業；IG03010 能源技術服務業；ZZ99999 除許可業務外，得經營法令非禁止或限制之業務,臺北市,變更,11504
24311172,恆達昌股份有限公司,臺北市中正區忠孝東路1段45號8樓之11,畑昌幸HATA MASAYUKI,500000,,115/04/24,特殊補正,ZZ99999 除許可業務外，得經營法令非禁止或限制之業務,臺北市,變更,11504
24311953,笙蜂實業有限公司,臺北市中山區長春路78號4樓之2,林幸容,250000,,115/04/20,特殊補正,IZ01010 影印業；IZ02010 打字業；IZ10010 排版業；I401010 一般廣告服務業；F401010 國際貿易業；F109070 文教、樂器、育樂用品批發業；F113050 電腦及事務性機器設備批發業；C199030 即食餐食製造業,臺北市,變更,11504
24312051,護妍國際股份有限公司,臺北市松山區南京東路5段21之7號,吳雍容,1930000,,115/04/01,特殊補正,F108040 化粧品批發業；I103060 管理顧問業；I199990 其他顧問服務業；F208040 化粧品零售業；I401010 一般廣告服務業；I501010 產品設計業；F102170 食品什貨批發業；F203010 食品什貨、飲料零售業；C802100 化粧品製造業；F401010 國際貿易業,臺北市,變更,11504
24312637,美強生營養品股份有限公司,臺北市大同區承德路一段70號17樓,梁逸然(LEUNG YAT YIN),500000000,,115/04/24,一般補正案,F102170 食品什貨批發業；F102040 飲料批發業；F106020 日常用品批發業；F108040 化粧品批發業；F109070 文教、樂器、育樂用品批發業；F209060 文教、樂器、育樂用品零售業；F203010 食品什貨、飲料零售業；F206020 日常用品零售業；F401010 國際貿易業,臺北市,變更,11504
24318597,丞翔國際股份有限公司,臺北市中山區中山北路2段46號3樓,梁文堯,210000000,,115/04/14,改派董事/監察人,F107200 化學原料批發業；F107990 其他化學製品批發業；F401010 國際貿易業；F108031 醫療器材批發業；F208031 醫療器材零售業；F213030 電腦及事務性機器設備零售業；F213040 精密儀器零售業；ZZ99999 除許可業務外，得經營法令非禁止或限制之業務,臺北市,變更,11504
24318787,歐美國際音響有限公司,臺北市內湖區瑞湖街103號5樓,藍玫芬,10000000,,115/04/01,股東出資轉讓修正章程,ZZ99999 除許可業務外，得經營法令非禁止或限制之業務；F113020 電器批發業；F113070 電信器材批發業；F116010 照相器材批發業；F119010 電子材料批發業；F213010 電器零售業；F213060 電信器材零售業；F216010 照相器材零售業；F219010 電子材料零售業；F401010 國際貿易業,臺北市,變更,11504
24320926,翡翠灣生技股份有限公司,臺北市萬華區中華路1段90號4樓,曹來旺,5000000,,115/04/15,改選董事/監察人(一人法人股東指派董事/監察人),A101020 農作物栽培業；A101030 特用作物栽培業；A101040 食用菌菇類栽培業；A102020 農產品整理業；A301030 水產養殖業；A301040 娛樂漁業；A302020 漁業服務業；A399990 其他漁業；I101070 農、林、漁、畜牧顧問業；J799990 其他休閒服務業,臺北市,變更,11504
24321093,大璽國際顧問股份有限公司,臺北市中正區羅斯福路3段166號3樓,彭健柱,21100000,,115/04/24,董事/監察人持股變動報備,F113050 電腦及事務性機器設備批發業；F118010 資訊軟體批發業；I103060 管理顧問業；I301010 資訊軟體服務業；I301020 資料處理服務業；I301030 電子資訊供應服務業；I401010 一般廣告服務業；J202010 產業育成業；JA05010 留、遊學服務業；JZ99990 未分類其他服務業,臺北市,變更,11504
24321431,見素影像有限公司,臺北市大安區復興南路1段126巷1號2樓之22,周抱樸,5000000,,115/04/14,特殊補正,J401010 電影片製作業；J402010 電影片發行業；J503020 電視節目製作業；J503030 廣播電視節目發行業；J503040 廣播電視廣告業；IZ12010 人力派遣業；J602010 演藝活動業；ZZ99999 除許可業務外，得經營法令非禁止或限制之業務；F204110 布疋、衣著、鞋、帽、傘、服飾品零售業；F205040 家具、寢具、廚房器具、裝設品零售業,臺北市,變更,11504
24322282,群英醫學股份有限公司,臺北市大安區信義路4段281號6樓,賴永隆,112300000,,115/04/24,特殊補正,F106020 日常用品批發業；F107030 清潔用品批發業；F108031 醫療器材批發業；F108040 化粧品批發業；F206020 日常用品零售業；F208031 醫療器材零售業；F208040 化粧品零售業；F208050 乙類成藥零售業；F401010 國際貿易業；JE01010 租賃業,臺北市,變更,11504
24323698,台北合迪汽車股份有限公司,臺北市萬華區西藏路352號1樓,黃脩程,305000000,,115/04/22,改派董事/監察人,F114010 汽車批發業（限中華民國行業標準分類4651 汽車批發業）；F114030 汽、機車零件配備批發業（限中華民國行業標準分類4653 汽機車零配件、用品批發業）；F114050 車胎批發業（限中華民國行業標準分類4653 汽機車零配件、用品批發業）；F214010 汽車零售業（限中華民國行業標準分類4841 汽車零售業）；F214030 汽、機車零件配備零售業（限中華民國行業標準分類4843 汽機車零配件、用品零售業）；F214050 車胎零售業（限中華民國行業標準分類4843 汽機車零配件、用品零售業）；JA01010 汽車修理業（限中華民國行業標準分類9511 汽車維修業）；JA01990 其他汽車服務業（限中華民國行業標準分類9512 汽車美容業）；F112040 石油製品批發業（限中華民國行業標準分類4631 液體、氣體燃料及相關產品批發業）；F113070 電信器材批發業（限中華民國行業標準分類4642 電子設備及其零組件批發業）,臺北市,變更,11504
24324015,喆品食品有限公司,臺北市北投區東華街2段220號1樓,江佩盈,300000,,115/04/17,特殊補正,ZZ99999 除許可業務外，得經營法令非禁止或限制之業務,臺北市,變更,11504
24324562,愷瑞國際物流股份有限公司,臺北市中山區松江路126號6樓之2、之3,傑瑞德(Jared Crane),7500000,,115/04/28,改派董事/監察人,G402011 海運承攬運送業；G601011 航空貨運承攬業；G701011 報關業；G801010 倉儲業；F401010 國際貿易業；IZ06010 理貨包裝業；ZZ99999 除許可業務外，得經營法令非禁止或限制之業務,臺北市,變更,11504
24325350,釗禾投資股份有限公司,臺北市中山區南京東路2段172號6樓,林在宥,29500000,,115/04/01,公司所在地,H201010 一般投資業,臺北市,變更,11504
24326196,喬安網路平台股份有限公司,臺北市南港區忠孝東路6段21號12樓之6及12樓之7,簡政,30000000,,115/04/15,董事(常務董事.董事長)/監察人解任,ZZ99999 除許可業務外，得經營法令非禁止或限制之業務,臺北市,變更,11504
24326999,中興系統股份有限公司,臺北市中山區長春路328號3樓,林國水,30000000,,115/04/21,特殊補正,CB01010 機械設備製造業；CB01030 污染防治設備製造業；CC01010 發電、輸電、配電機械製造業；D101050 汽電共生業；E502010 燃料導管安裝工程業；E599010 配管工程業；E601010 電器承裝業；E601020 電器安裝業；E603040 消防安全設備安裝工程業；E603050 自動控制設備工程業,臺北市,變更,11504
24328011,宇濠資訊股份有限公司,臺北市松山區八德路4段660號6樓之1,郭睿鏞,1000000,,115/04/20,公司所在地,I301010 資訊軟體服務業；I301020 資料處理服務業；I301030 電子資訊供應服務業；E605010 電腦設備安裝業；F218010 資訊軟體零售業；F213030 電腦及事務性機器設備零售業；F203010 食品什貨、飲料零售業；F399040 無店面零售業；F401010 國際貿易業；F102040 飲料批發業,臺北市,變更,11504
24328321,遠見網絡有限公司,臺北市士林區承德路4段172號8樓,顏盛杰GAN KOK EN,5000000,,115/04/29,特殊補正,F113050 電腦及事務性機器設備批發業；F113070 電信器材批發業；F118010 資訊軟體批發業；F119010 電子材料批發業；F213010 電器零售業；F213030 電腦及事務性機器設備零售業；F213050 度量衡器零售業；F213060 電信器材零售業；F218010 資訊軟體零售業；F219010 電子材料零售業,臺北市,變更,11504
24329715,吸引力生活事業股份有限公司,臺北市信義區松壽路12號,戴春發,840000000,,115/04/20,改選董事/監察人(一人法人股東指派董事/監察人),F108031 醫療器材批發業；F208031 醫療器材零售業；F203020 菸酒零售業；F206020 日常用品零售業；F301010 百貨公司業；F399010 便利商店業；F401010 國際貿易業；F501030 飲料店業；F501060 餐館業；G202010 停車場經營業,臺北市,變更,11504
24329779,國恩行銷事業股份有限公司,臺北市大安區忠孝東路4段148號7樓,張仕豪,15000000,,115/04/01,改選董事/監察人(一人法人股東指派董事/監察人),J901020 一般旅館業；H701010 住宅及大樓開發租售業；H703100 不動產租賃業；I102010 投資顧問業；I103060 管理顧問業；J799990 其他休閒服務業；IZ99990 其他工商服務業；F206020 日常用品零售業；F204110 布疋、衣著、鞋、帽、傘、服飾品零售業；I503010 景觀、室內設計業,臺北市,變更,11504
24330109,大覲建設股份有限公司,臺北市松山區敦化南路1段102號12樓,金學聖,40000000,,115/04/27,特殊補正,F211010 建材零售業；F401010 國際貿易業；H701010 住宅及大樓開發租售業；H701020 工業廠房開發租售業；H701040 特定專業區開發業；H701050 投資興建公共建設業；H701060 新市鎮、新社區開發業；H701070 區段徵收及市地重劃代辦業；H701080 都市更新重建業；H703090 不動產買賣業,臺北市,變更,11504
24335250,眾悅圖書出版股份有限公司,臺北市中正區重慶南路1段47號,陶亦宣,500000,,115/04/01,改選董事/監察人(一人法人股東指派董事/監察人),ZZ99999 除許可業務外，得經營法令非禁止或限制之業務；H703100 不動產租賃業,臺北市,變更,11504
24337834,佳朋保險經紀人股份有限公司,臺北市松山區慶城街28號9樓,陳進益,30000000,,115/04/27,特殊補正,H602021 財產保險經紀人；H602011 人身保險經紀人,臺北市,變更,11504
24340009,啟象有限公司,臺北市松山區復興南路1段1號9樓,王悅如,7000000,,115/04/09,特殊補正,F111090 建材批發業；F401010 國際貿易業；E801010 室內裝潢業；I401010 一般廣告服務業；I503010 景觀、室內設計業；H701010 住宅及大樓開發租售業；H701020 工業廠房開發租售業；H703090 不動產買賣業；H703100 不動產租賃業；I103060 管理顧問業,臺北市,變更,11504
24340423,中興開發投資股份有限公司,臺北市大安區仁愛路4段376號4樓之4,張傳芳,120000000,,115/04/16,特殊補正,I301010 資訊軟體服務業；I301020 資料處理服務業；H201010 一般投資業；H701010 住宅及大樓開發租售業；H702010 建築經理業；I102010 投資顧問業；I103060 管理顧問業；H701040 特定專業區開發業；H701060 新市鎮、新社區開發業；ZZ99999 除許可業務外，得經營法令非禁止或限制之業務,臺北市,變更,11504
24340556,優麗國際股份有限公司,臺北市大安區安和路2段7號10樓之2,曾豐文,1000000,,115/04/17,特殊補正,F401010 國際貿易業；I301010 資訊軟體服務業；I301020 資料處理服務業；I301030 電子資訊供應服務業；I401010 一般廣告服務業；F601010 智慧財產權業；IZ09010 管理系統驗證業；IZ13010 網路認證服務業；J303010 雜誌（期刊）出版業；JA05010 留、遊學服務業,臺北市,變更,11504
24344027,巨光集燈飾設計有限公司,臺北市內湖區文德路22巷27弄20號地下1樓,吳美蘭,5000000,,115/04/02,特殊補正,F105050 家具、寢具、廚房器具、裝設品批發業；F106010 五金批發業；F113020 電器批發業；F205040 家具、寢具、廚房器具、裝設品零售業；F206010 五金零售業；F213010 電器零售業；F401010 國際貿易業；I501010 產品設計業；ZZ99999 除許可業務外，得經營法令非禁止或限制之業務,臺北市,變更,11504
24347024,緯成興業有限公司,臺北市士林區承德路4段80巷55之2號,葉志良,3000000,,115/04/17,公司所營事業變更修正章程,C306010 成衣業；E801070 廚具、衛浴設備安裝工程業；F104110 布疋、衣著、鞋、帽、傘、服飾品批發業；F105050 家具、寢具、廚房器具、裝設品批發業；F106050 陶瓷玻璃器皿批發業；ZZ99999 除許可業務外，得經營法令非禁止或限制之業務；CC01030 電器及視聽電子產品製造業；CC01010 發電、輸電、配電機械製造業；CC01040 照明設備製造業；CC01110 電腦及其週邊設備製造業,臺北市,變更,11504
24349557,基石廣告事業股份有限公司,臺北市大安區忠孝東路4段224號3樓,陳冠宇,5000000,,115/04/27,減資,H704031 不動產仲介經紀業；H704041 不動產代銷經紀業；I401010 一般廣告服務業；I401020 廣告傳單分送業；I503010 景觀、室內設計業；E801010 室內裝潢業；F105050 家具、寢具、廚房器具、裝設品批發業；F111090 建材批發業；F113020 電器批發業；F205040 家具、寢具、廚房器具、裝設品零售業,臺北市,變更,11504
24442343,大予創意設計股份有限公司,臺北市中正區北平東路20號10樓,周志明,10000000,,115/04/22,改選董事/監察人(一人法人股東指派董事/監察人),I501010 產品設計業；I503010 景觀、室內設計業；I599990 其他設計業；IZ04010 翻譯業；ZZ99999 除許可業務外，得經營法令非禁止或限制之業務,臺北市,變更,11504
24450758,優鼎生技顧問股份有限公司,臺北市中正區仁愛路2段12號4樓,簡銘達,5000000,,115/04/01,改選董事/監察人(一人法人股東指派董事/監察人),I199990 其他顧問服務業；I301020 資料處理服務業；I301030 電子資訊供應服務業；IG01010 生物技術服務業；IG02010 研究發展服務業；IZ12010 人力派遣業；F401010 國際貿易業；F601010 智慧財產權業；ZZ99999 除許可業務外，得經營法令非禁止或限制之業務；I102010 投資顧問業,臺北市,變更,11504
24452046,優鋼企業有限公司,臺北市中山區中山北路3段58號3樓之7,林怡珍,5000000,,115/04/10,特殊補正,ZZ99999 除許可業務外，得經營法令非禁止或限制之業務；F106010 五金批發業；F107010 漆料、塗料批發業；F111090 建材批發業；F206010 五金零售業；F207010 漆料、塗料零售業；F211010 建材零售業；F401010 國際貿易業；H702010 建築經理業；I103060 管理顧問業,臺北市,變更,11504
24452643,殷菲科技股份有限公司,臺北市中山區南京西路1之1號7樓,莊英楷,3000000,,115/04/27,改選董事/監察人(一人法人股東指派董事/監察人),ZZ99999 除許可業務外，得經營法令非禁止或限制之業務；I301010 資訊軟體服務業；I301030 電子資訊供應服務業；I401010 一般廣告服務業；F401010 國際貿易業；F114010 汽車批發業；F114020 機車批發業；F114030 汽、機車零件配備批發業；F114040 自行車及其零件批發業；F214010 汽車零售業,臺北市,變更,11504
24456198,歐立威科技股份有限公司,臺北市大同區鄭州路87號11樓之1,周進益,39700000,,115/04/13,特殊補正,I103060 管理顧問業；I301010 資訊軟體服務業；I301020 資料處理服務業；I501010 產品設計業；F109070 文教、樂器、育樂用品批發業；F118010 資訊軟體批發業；F218010 資訊軟體零售業；F301010 百貨公司業；F399040 無店面零售業；F401010 國際貿易業,臺北市,變更,11504
24456205,大督工程股份有限公司,臺北市萬華區西藏路273號1樓,林鼎強,15000000,,115/04/13,特殊補正,E101011 綜合營造業；E901010 油漆工程業；F106010 五金批發業；F111090 建材批發業；F401010 國際貿易業；E801020 門窗安裝工程業；F119010 電子材料批發業；F109070 文教、樂器、育樂用品批發業；J801030 競技及休閒運動場館業；J802010 運動訓練業,臺北市,變更,11504
24457648,萬豐國際股份有限公司,臺北市松山區復興北路15號4樓之5,陳淑真,16000000,,115/04/21,特殊補正,F108040 化粧品批發業；F208040 化粧品零售業；F104110 布疋、衣著、鞋、帽、傘、服飾品批發業；F204110 布疋、衣著、鞋、帽、傘、服飾品零售業；F401010 國際貿易業；F107030 清潔用品批發業；F115010 首飾及貴金屬批發業；F207030 清潔用品零售業；F215010 首飾及貴金屬零售業；F102040 飲料批發業,臺北市,變更,11504
24458169,晶盛科技股份有限公司,臺北市中山區八德路2段260號7樓,程應龍,125274600,,115/04/07,特殊補正,CC01070 無線通信機械器材製造業；CC01080 電子零組件製造業；CC01120 資料儲存媒體製造及複製業；F113020 電器批發業；F113050 電腦及事務性機器設備批發業；F113070 電信器材批發業；F118010 資訊軟體批發業；F119010 電子材料批發業；F213010 電器零售業；F213030 電腦及事務性機器設備零售業,臺北市,變更,11504
24458175,安梅投資股份有限公司,臺北市中山區建國北路2段84號6樓,林秀榿,200000000,,115/04/08,董事/監察人持股變動報備,H201010 一般投資業,臺北市,變更,11504
24459358,益安科技有限公司,臺北市松山區南京東路5段208號4樓之1,陳雅慧,1000000,,115/04/23,公司所在地,E603040 消防安全設備安裝工程業；F117010 消防安全設備批發業；F217010 消防安全設備零售業；IF01010 消防安全設備檢修業；E599010 配管工程業；E604010 機械安裝業；E801010 室內裝潢業；EZ05010 儀器、儀表安裝工程業；F106010 五金批發業；F106040 水器材料批發業,臺北市,變更,11504
24459907,國賓經典食品股份有限公司,臺北市中山區中山北路2段65巷9號2樓,李元琦,48700000,,115/04/17,補繳規費,F101050 水產品批發業；F102170 食品什貨批發業；F201030 水產品零售業；F203010 食品什貨、飲料零售業；F401010 國際貿易業；C103050 罐頭、冷凍、脫水及醃漬食品製造業；C104020 烘焙炊蒸食品製造業；C199010 麵條、粉條類食品製造業；C199990 未分類其他食品製造業；F401171 酒類輸入業,臺北市,變更,11504
24464063,創異促動股份有限公司,臺北市中山區建國北路2段120號4樓,黃瓊儀,28000000,,115/04/14,特殊補正,I401010 一般廣告服務業；I401020 廣告傳單分送業；IZ15010 市場研究及民意調查業；I501010 產品設計業；F401010 國際貿易業；I103060 管理顧問業；IZ06010 理貨包裝業；I502010 服飾設計業；I504010 花藝設計業；J601010 藝文服務業,臺北市,變更,11504
24469905,雲山事業股份有限公司,臺北市松山區八德路4段307號2樓,柯銘哲,1100000,,115/04/27,改選董事/監察人(一人法人股東指派董事/監察人),F118010 資訊軟體批發業；F401010 國際貿易業；H201010 一般投資業；H703100 不動產租賃業；I103060 管理顧問業；I199990 其他顧問服務業；I301010 資訊軟體服務業；I501010 產品設計業；IZ12010 人力派遣業；IZ99990 其他工商服務業,臺北市,變更,11504
24477476,中創芯國際智能科技有限公司,臺北市信義區基隆路1段83巷36號4樓,彭惟芳,1000000,,115/04/24,補繳規費,CC01080 電子零組件製造業；F102170 食品什貨批發業；F104110 布疋、衣著、鞋、帽、傘、服飾品批發業；F105050 家具、寢具、廚房器具、裝設品批發業；F106020 日常用品批發業；F119010 電子材料批發業；F203010 食品什貨、飲料零售業；F204110 布疋、衣著、鞋、帽、傘、服飾品零售業；F205040 家具、寢具、廚房器具、裝設品零售業；F206020 日常用品零售業,臺北市,變更,11504
24478051,京水寶生物科技股份有限公司,臺北市中正區忠孝西路1段41號15樓之11,溫燕嬌,30000000,,115/04/28,特殊補正,A101040 食用菌菇類栽培業；F102170 食品什貨批發業；F108040 化粧品批發業；F401010 國際貿易業；IZ99990 其他工商服務業；F119010 電子材料批發業；F213080 機械器具零售業；I103060 管理顧問業；IG01010 生物技術服務業；JZ99080 美容美髮服務業,臺北市,變更,11504
24478545,德威應用科技有限公司,臺北市內湖區民權東路6段445號,李國榮,200000,,115/04/22,特殊補正,F113050 電腦及事務性機器設備批發業；F113070 電信器材批發業；F119010 電子材料批發業；F213030 電腦及事務性機器設備零售業；F213060 電信器材零售業；F219010 電子材料零售業；F401010 國際貿易業；F118010 資訊軟體批發業；F218010 資訊軟體零售業；ZZ99999 除許可業務外，得經營法令非禁止或限制之業務,臺北市,變更,11504
24479431,三的多次方多媒體有限公司,臺北市大安區安和路1段90巷12號5樓,廖儀真,1000000,,115/04/20,增資,E601020 電器安裝業；E603090 照明設備安裝工程業；E605010 電腦設備安裝業；EZ99990 其他工程業；F113020 電器批發業；F113050 電腦及事務性機器設備批發業；F116010 照相器材批發業；F213010 電器零售業；F213030 電腦及事務性機器設備零售業；F216010 照相器材零售業,臺北市,變更,11504
24481669,本地風光電影股份有限公司,臺北市松山區民生東路5段69巷2弄23號,鍾孟宏,20000000,,115/04/28,特殊補正,J401011 電影片製作業；J402011 電影片發行業；J503021 電視節目製作業；J503051 錄影節目帶業；ZZ99999 除許可業務外，得經營法令非禁止或限制之業務,臺北市,變更,11504
24482392,尊信藥品股份有限公司,臺北市大安區忠孝東路4段183號13樓之2,黃彩珠,9000000,,115/04/29,特殊補正,F108040 化粧品批發業；F113020 電器批發業；F113030 精密儀器批發業；F208040 化粧品零售業；F208050 乙類成藥零售業；F213040 精密儀器零售業；F399040 無店面零售業；F401010 國際貿易業；ZZ99999 除許可業務外，得經營法令非禁止或限制之業務,臺北市,變更,11504
24482528,毫微科技股份有限公司,臺北市松山區南京東路3段287號2樓,杜日行,1000000,,115/04/30,董事(常務董事.董事長)/監察人解任,F113010 機械批發業；F113030 精密儀器批發業；F113050 電腦及事務性機器設備批發業；F113100 污染防治設備批發業；F119010 電子材料批發業；F219010 電子材料零售業；F401010 國際貿易業；ZZ99999 除許可業務外，得經營法令非禁止或限制之業務,臺北市,變更,11504
24483786,大羅屋有限公司,臺北市大安區羅斯福路2段81巷1號,張孟權律師,28000000,,115/04/13,臨時管理人登記,H701010 住宅及大樓開發租售業；H701020 工業廠房開發租售業；H701050 投資興建公共建設業；H701060 新市鎮、新社區開發業；H701090 都市更新整建維護業；H702010 建築經理業；H703090 不動產買賣業；H703100 不動產租賃業；F401010 國際貿易業；I103060 管理顧問業,臺北市,變更,11504
24485476,雷諾有限公司,臺北市士林區大南路416號2樓,吳福吉,5000000,,115/04/30,公司所在地,F113010 機械批發業；F113020 電器批發業；F401010 國際貿易業；E599010 配管工程業；ZZ99999 除許可業務外，得經營法令非禁止或限制之業務；F113070 電信器材批發業；F119010 電子材料批發業；F213060 電信器材零售業；F219010 電子材料零售業,臺北市,變更,11504
24486926,聯成娛樂事業有限公司,臺北市松山區八德路4段335號2樓,蔣宜成,2000000,,115/04/23,改推董事/董事長,J601010 藝文服務業；J602010 演藝活動業；J803010 運動表演業；JB01010 會議及展覽服務業；I103060 管理顧問業；I401010 一般廣告服務業；JE01010 租賃業；F401010 國際貿易業；F213010 電器零售業；E801010 室內裝潢業,臺北市,變更,11504
24491673,定贏傳媒股份有限公司,臺北市信義區松德路159號3樓之3,廖士儼,21930000,,115/04/23,特殊補正,I301010 資訊軟體服務業；I301020 資料處理服務業；I301030 電子資訊供應服務業；J302010 通訊稿業；J303010 雜誌（期刊）出版業；J304010 圖書出版業,臺北市,變更,11504
24491836,雷門智能移動股份有限公司,臺北市大安區光復南路688號2樓之2,賴良賓,15000000,,115/04/28,增資(資本總額),I301010 資訊軟體服務業；I301020 資料處理服務業；I301030 電子資訊供應服務業；ZZ99999 除許可業務外，得經營法令非禁止或限制之業務；I103060 管理顧問業；I199990 其他顧問服務業；IZ15010 市場研究及民意調查業；IZ99990 其他工商服務業；IZ12010 人力派遣業；F299990 其他零售業,臺北市,變更,11504
24495410,眾富投資有限公司,臺北市大安區光復南路102號8樓,廖韻淳,2000000,,115/04/08,特殊補正,H201010 一般投資業,臺北市,變更,11504
24496071,葳森旅行社有限公司,臺北市大安區忠孝東路4段166號10樓,張美貞,6000000,,115/04/13,股東出資轉讓修正章程,J902011 旅行業,臺北市,變更,11504
24496430,唐吉室內裝修設計工程有限公司,臺北市大安區信義路4段281號11樓,李俊毅,5000000,,115/04/27,特殊補正,I199990 其他顧問服務業；I301010 資訊軟體服務業；I301020 資料處理服務業；I301030 電子資訊供應服務業；I401010 一般廣告服務業；I501010 產品設計業；I502010 服飾設計業；I503010 景觀、室內設計業；IZ10010 排版業；IZ12010 人力派遣業,臺北市,變更,11504
24496776,台灣鐵人三項股份有限公司,臺北市大安區復興南路2段125巷28號1樓,林澤浩,14500000,,115/04/27,改選董事/監察人(一人法人股東指派董事/監察人),J802010 運動訓練業；J803010 運動表演業；J803020 運動比賽業；F109070 文教、樂器、育樂用品批發業；F209060 文教、樂器、育樂用品零售業；F401010 國際貿易業；I401010 一般廣告服務業；F104110 布疋、衣著、鞋、帽、傘、服飾品批發業；F114040 自行車及其零件批發業；F204110 布疋、衣著、鞋、帽、傘、服飾品零售業,臺北市,變更,11504
24498520,巧克力澐莊有限公司,臺北市士林區中正路124號3樓,邱文德,25000000,,115/04/30,公司名稱變更修正章程,F102170 食品什貨批發業；F203010 食品什貨、飲料零售業；F105050 家具、寢具、廚房器具、裝設品批發業；F201010 農產品零售業；F205040 家具、寢具、廚房器具、裝設品零售業；F401010 國際貿易業；ZZ99999 除許可業務外，得經營法令非禁止或限制之業務；F102030 菸酒批發業；F102040 飲料批發業；F203020 菸酒零售業,臺北市,變更,11504
24533287,行義股份有限公司,臺北市中山區中山北路2段65巷2弄13之1號,黃黎嬌,243691630,,115/04/24,減資,H703100 不動產租賃業；H703090 不動產買賣業；I105010 藝術品諮詢顧問業；J601010 藝文服務業；F102030 菸酒批發業；F203020 菸酒零售業；F104110 布疋、衣著、鞋、帽、傘、服飾品批發業；F204110 布疋、衣著、鞋、帽、傘、服飾品零售業；F105050 家具、寢具、廚房器具、裝設品批發業；F205040 家具、寢具、廚房器具、裝設品零售業,臺北市,變更,11504
24533836,新羅國際貿易有限公司,臺北市大同區重慶北路3段137巷31號,王新富,3000000,,115/04/28,公司名稱變更修正章程,F114030 汽、機車零件配備批發業；F214030 汽、機車零件配備零售業；F114050 車胎批發業；F214050 車胎零售業；F113110 電池批發業；F213110 電池零售業；F108040 化粧品批發業；F208040 化粧品零售業；F104110 布疋、衣著、鞋、帽、傘、服飾品批發業；F204110 布疋、衣著、鞋、帽、傘、服飾品零售業,臺北市,變更,11504
24534357,白黑生活系有限公司,臺北市中山區南京東路3段89巷3弄10號1樓,涂瑞雲,3800000,,115/04/20,特殊補正,C111010 製茶業；F101100 花卉批發業；F101130 蔬果批發業；F102030 菸酒批發業；F102040 飲料批發業；F102050 茶葉批發業；F102170 食品什貨批發業；F105050 家具、寢具、廚房器具、裝設品批發業；F106050 陶瓷玻璃器皿批發業；F399040 無店面零售業,臺北市,變更,11504
24536968,嘉衡股份有限公司,臺北市松山區復興北路99號6樓之1,林美金,500000,,115/04/27,改選董事/監察人(一人法人股東指派董事/監察人),F401010 國際貿易業；H201010 一般投資業；H701010 住宅及大樓開發租售業；H701020 工業廠房開發租售業；H703090 不動產買賣業；H703100 不動產租賃業；I102010 投資顧問業；I103060 管理顧問業；ZZ99999 除許可業務外，得經營法令非禁止或限制之業務,臺北市,變更,11504
24536989,承和股份有限公司,臺北市松山區復興北路99號6樓之1,林美金,500000,,115/04/28,特殊補正,F401010 國際貿易業；H201010 一般投資業；H701010 住宅及大樓開發租售業；H701020 工業廠房開發租售業；H703090 不動產買賣業；H703100 不動產租賃業；I102010 投資顧問業；I103060 管理顧問業；ZZ99999 除許可業務外，得經營法令非禁止或限制之業務,臺北市,變更,11504
24538564,十創貿易有限公司,臺北市信義區基隆路1段155號7樓,馬英哲,500000,,115/04/27,補繳規費,F104110 布疋、衣著、鞋、帽、傘、服飾品批發業；F105050 家具、寢具、廚房器具、裝設品批發業；F106020 日常用品批發業；F199990 其他批發業；F204110 布疋、衣著、鞋、帽、傘、服飾品零售業；F205040 家具、寢具、廚房器具、裝設品零售業；F206020 日常用品零售業；F299990 其他零售業；F401010 國際貿易業；H703090 不動產買賣業,臺北市,變更,11504
24538776,微風事業股份有限公司,臺北市信義區忠孝東路5段68號6樓,黃瑞姸,50000000,,115/04/24,改選董事/監察人(一人法人股東指派董事/監察人),F101990 其他農、畜、水產品批發業；F102020 食用油脂批發業；F102030 菸酒批發業；F102050 茶葉批發業；F102170 食品什貨批發業；F104110 布疋、衣著、鞋、帽、傘、服飾品批發業；F105050 家具、寢具、廚房器具、裝設品批發業；F106020 日常用品批發業；F106050 陶瓷玻璃器皿批發業；F108040 化粧品批發業,臺北市,變更,11504
24540267,藍新資訊股份有限公司,臺北市內湖區行忠路42號2樓,郭廷群,125700000,,115/04/27,特殊補正,F118010 資訊軟體批發業；F218010 資訊軟體零售業；I301010 資訊軟體服務業；I301020 資料處理服務業；I301030 電子資訊供應服務業；I401010 一般廣告服務業；F399990 其他綜合零售業；F401010 國際貿易業；F113050 電腦及事務性機器設備批發業；F213030 電腦及事務性機器設備零售業,臺北市,變更,11504
24540323,好物嚴選有限公司,臺北市萬華區德昌街7巷15號,朱元順,5100000,,115/04/16,改推董事/董事長,F118010 資訊軟體批發業；F218010 資訊軟體零售業；F401010 國際貿易業；I103060 管理顧問業；I301010 資訊軟體服務業；I301020 資料處理服務業；I301030 電子資訊供應服務業；I301060 網路廣告平臺業；I401010 一般廣告服務業；I501010 產品設計業,臺北市,變更,11504
24542878,裕順國際有限公司,臺北市文山區恆光街17巷8號,張順安,2000000,,115/04/21,補繳規費,F113050 電腦及事務性機器設備批發業；F213030 電腦及事務性機器設備零售業；CC01090 電池製造業；CC01110 電腦及其週邊設備製造業；F113020 電器批發業；F113030 精密儀器批發業；F113070 電信器材批發業；F113110 電池批發業；F119010 電子材料批發業；F199990 其他批發業,臺北市,變更,11504
24543052,心智圖股份有限公司,臺北市中正區重慶南路1段121號8樓之15,王聖凱,1000000,,115/04/21,特殊補正,F106010 五金批發業；F206010 五金零售業；F106020 日常用品批發業；F206020 日常用品零售業；F102040 飲料批發業；F102170 食品什貨批發業；F203010 食品什貨、飲料零售業；F119010 電子材料批發業；F219010 電子材料零售業；F113030 精密儀器批發業,臺北市,變更,11504
24543270,花東海礦股份有限公司,臺北市中山區松江路363號12樓,陳宗琦,500000,,115/04/22,特殊補正,F102040 飲料批發業；F102170 食品什貨批發業；F102180 酒精批發業；F203010 食品什貨、飲料零售業；F203030 酒精零售業；F208050 乙類成藥零售業；F299990 其他零售業；F301020 超級市場業；F399010 便利商店業；F399040 無店面零售業,臺北市,變更,11504
24543882,識博資訊有限公司,臺北市中山區明水路696號11樓之2,楊秉樑,200000,,115/04/30,特殊補正,I103060 管理顧問業；I301010 資訊軟體服務業；I301020 資料處理服務業；ZZ99999 除許可業務外，得經營法令非禁止或限制之業務,臺北市,變更,11504
24545848,翔逵有限公司,臺北市中山區雙城街18巷3號1樓,周志明,500000,,115/04/27,經理人解任,F203010 食品什貨、飲料零售業；F206020 日常用品零售業；F208040 化粧品零售業；F399990 其他綜合零售業；IZ99990 其他工商服務業；ZZ99999 除許可業務外，得經營法令非禁止或限制之業務；F102030 菸酒批發業；F102170 食品什貨批發業；F203020 菸酒零售業；F208050 乙類成藥零售業,臺北市,變更,11504
24545853,紫筠軒企業有限公司,臺北市士林區中正路229號2樓,曾冠騰,1000000,,115/04/09,停業副本,F102170 食品什貨批發業；F104110 布疋、衣著、鞋、帽、傘、服飾品批發業；F203010 食品什貨、飲料零售業；F204110 布疋、衣著、鞋、帽、傘、服飾品零售業；F401010 國際貿易業；F501060 餐館業；I101090 食品顧問業；I501010 產品設計業；I502010 服飾設計業；F105050 家具、寢具、廚房器具、裝設品批發業,臺北市,變更,11504
24546023,伯樂資訊服務股份有限公司,臺北市中正區重慶南路1段10號8樓之15,周承錥,2000000,,115/04/30,改選董事/監察人(一人法人股東指派董事/監察人),F104110 布疋、衣著、鞋、帽、傘、服飾品批發業；F105050 家具、寢具、廚房器具、裝設品批發業；F106010 五金批發業；F106020 日常用品批發業；F106030 模具批發業；F113990 其他機械器具批發業；F115010 首飾及貴金屬批發業；F118010 資訊軟體批發業；F199990 其他批發業；F204110 布疋、衣著、鞋、帽、傘、服飾品零售業,臺北市,變更,11504
24547487,辰亞科技股份有限公司,臺北市信義區文昌街316號5樓之7,黃麒峰,6000000,,115/04/02,特殊補正,F218010 資訊軟體零售業；I301010 資訊軟體服務業；F113050 電腦及事務性機器設備批發業；F118010 資訊軟體批發業；F216010 照相器材零售業；F399040 無店面零售業；I199990 其他顧問服務業；JE01010 租賃業；F113020 電器批發業；F113030 精密儀器批發業,臺北市,變更,11504
24547509,保勁國際有限公司,臺北市內湖區新湖一路128巷15號7樓之2,蕭凱懋,8750000,,115/04/16,特殊補正,ZZ99999 除許可業務外，得經營法令非禁止或限制之業務；F114010 汽車批發業；F114020 機車批發業；F114030 汽、機車零件配備批發業；F114040 自行車及其零件批發業；F114050 車胎批發業；F114990 其他交通運輸工具及其零件批發業；F214010 汽車零售業；F214020 機車零售業；F214040 自行車及其零件零售業,臺北市,變更,11504
24548161,亮華有限公司,臺北市中山區建國北路2段3巷15號7樓之3,,100000000,,115/04/28,臨時管理人註銷,F113020 電器批發業；F113030 精密儀器批發業；F113050 電腦及事務性機器設備批發業；F114010 汽車批發業；F114030 汽、機車零件配備批發業；F118010 資訊軟體批發業；F213010 電器零售業；F213030 電腦及事務性機器設備零售業；F214010 汽車零售業；F214030 汽、機車零件配備零售業,臺北市,變更,11504
24548731,杰翔森有限公司,臺北市萬華區中華路1段106號8樓,姜嘉煒,300000,,115/04/17,特殊補正,F104110 布疋、衣著、鞋、帽、傘、服飾品批發業；F106020 日常用品批發業；F204110 布疋、衣著、鞋、帽、傘、服飾品零售業；F206020 日常用品零售業；F299990 其他零售業；F399040 無店面零售業；F399990 其他綜合零售業；F401010 國際貿易業；ZZ99999 除許可業務外，得經營法令非禁止或限制之業務,臺北市,變更,11504
24549632,鵬祐工程有限公司,臺北市松山區南京東路5段2號3樓,王家畯,21500000,,115/04/13,特殊補正,E599010 配管工程業；E603100 電焊工程業；E604010 機械安裝業；E801070 廚具、衛浴設備安裝工程業；E901010 油漆工程業；EZ02010 起重工程業；EZ07010 鑽孔工程業；EZ99990 其他工程業；F106010 五金批發業；F113010 機械批發業,臺北市,變更,11504
24549823,於易室內裝修設計有限公司,臺北市大安區光復南路180巷29之1號2樓,詹易儒,1000000,,115/04/20,公司所在地,E801010 室內裝潢業；E801060 室內裝修業；F105050 家具、寢具、廚房器具、裝設品批發業；F106010 五金批發業；F106020 日常用品批發業；F111090 建材批發業；F205040 家具、寢具、廚房器具、裝設品零售業；F206010 五金零售業；F206020 日常用品零售業；F211010 建材零售業,臺北市,變更,11504
24550150,卡布里投資有限公司,臺北市大安區忠孝東路4段162號9樓之1,凃惇竑,500000,,115/04/16,公司外文名稱登記修正章程,H201010 一般投資業,臺北市,變更,11504
24550166,博盛佳國際有限公司,臺北市松山區八德路3段120號5樓之3,葉青盛,5000000,,115/04/29,特殊補正,F399040 無店面零售業；F401010 國際貿易業；F108040 化粧品批發業；F208040 化粧品零售業；F399990 其他綜合零售業；I103060 管理顧問業；I199990 其他顧問服務業；IZ99990 其他工商服務業；F106020 日常用品批發業；F199990 其他批發業,臺北市,變更,11504
24550172,群馥科技股份有限公司,臺北市中正區武昌街1段77號5樓,葉力維,15660020,,115/04/07,特殊補正,I301010 資訊軟體服務業；I301020 資料處理服務業；I301030 電子資訊供應服務業；IZ03010 剪報業；F109070 文教、樂器、育樂用品批發業；F118010 資訊軟體批發業；F119010 電子材料批發業；F209060 文教、樂器、育樂用品零售業；F218010 資訊軟體零售業；F219010 電子材料零售業,臺北市,變更,11504
24550829,鑫海諮詢顧問股份有限公司,臺北市信義區基隆路2段189號4樓之7,李國強,2500000,,115/04/21,改選董事/監察人(一人法人股東指派董事/監察人),I199990 其他顧問服務業；ZZ99999 除許可業務外，得經營法令非禁止或限制之業務,臺北市,變更,11504
24552024,新台北奈米生醫科技股份有限公司,臺北市中正區濟南路1段7之1號2樓,賴文福,83000000,,115/04/14,增資(資本總額),F401010 國際貿易業；I199990 其他顧問服務業；IG01010 生物技術服務業；ZZ99999 除許可業務外，得經營法令非禁止或限制之業務,臺北市,變更,11504
24552431,長野建設有限公司,臺北市中山區北安路668號1樓,周雯菁,110000000,,115/04/30,改推董事/董事長,F106010 五金批發業；F111090 建材批發業；F211010 建材零售業；F401010 國際貿易業；H701010 住宅及大樓開發租售業；H701020 工業廠房開發租售業；H701050 投資興建公共建設業；H701060 新市鎮、新社區開發業；H701070 區段徵收及市地重劃代辦業；H701090 都市更新整建維護業,臺北市,變更,11504
24553240,奎峰興業有限公司,臺北市中山區敬業二路69巷57號10樓之3,林語湞,2018500,,115/04/17,特殊補正,F113030 精密儀器批發業；F113050 電腦及事務性機器設備批發業；F119010 電子材料批發業；F213030 電腦及事務性機器設備零售業；F213040 精密儀器零售業；F219010 電子材料零售業；F220010 耐火材料零售業；F399040 無店面零售業；F401010 國際貿易業；I301010 資訊軟體服務業,臺北市,變更,11504
24554199,先聲數位服務有限公司,臺北市中山區松江路63巷9之1號,劉俊毅,10000000,,115/04/14,公司所在地,ZZ99999 除許可業務外，得經營法令非禁止或限制之業務；I102010 投資顧問業；I103060 管理顧問業；I199990 其他顧問服務業；I301010 資訊軟體服務業；I301020 資料處理服務業；I301030 電子資訊供應服務業；I401010 一般廣告服務業；I401020 廣告傳單分送業；I501010 產品設計業,臺北市,變更,11504
24559265,行易投資股份有限公司,臺北市中山區松江路182號5樓之1,康陳平,29440000,,115/04/20,改選董事/監察人(一人法人股東指派董事/監察人),H201010 一般投資業；H701010 住宅及大樓開發租售業；H701080 都市更新重建業；I102010 投資顧問業；I103060 管理顧問業；I301030 電子資訊供應服務業；F401010 國際貿易業；F501060 餐館業；F102050 茶葉批發業；I501010 產品設計業,臺北市,變更,11504
24561065,名家國際企業股份有限公司,臺北市大安區敦化南路2段57號12樓,過孟威,1000000,,115/04/02,補選董事(常務董事.董事長)/監察人,F104110 布疋、衣著、鞋、帽、傘、服飾品批發業；F107030 清潔用品批發業；F108040 化粧品批發業；F204110 布疋、衣著、鞋、帽、傘、服飾品零售業；F207030 清潔用品零售業；F208040 化粧品零售業；F401010 國際貿易業；H701010 住宅及大樓開發租售業；H703090 不動產買賣業；H703100 不動產租賃業,臺北市,變更,11504
24566511,管地有限公司,臺北市信義區信義路5段150巷2號10樓之7,Arnaud Franquinet,5000000,,115/04/08,董事/股東證照變更,E605010 電腦設備安裝業；F113050 電腦及事務性機器設備批發業；F113070 電信器材批發業；F118010 資訊軟體批發業；F213030 電腦及事務性機器設備零售業；F213060 電信器材零售業；F218010 資訊軟體零售業；I103060 管理顧問業；I301010 資訊軟體服務業；I301020 資料處理服務業,臺北市,變更,11504
24567912,台灣伊勢湾股份有限公司,臺北市信義區基隆路1段141號10樓之1,西部公人,25000000,,115/04/01,改派董事/監察人,G402011 海運承攬運送業；G601011 航空貨運承攬業；F401010 國際貿易業；I103060 管理顧問業；ZZ99999 除許可業務外，得經營法令非禁止或限制之業務,臺北市,變更,11504
24568807,美村餐飲股份有限公司,臺北市南港區三重路19之9號5樓,黃茂雄,46624000,,115/04/16,特殊補正,F102020 食用油脂批發業；F102030 菸酒批發業；F102170 食品什貨批發業；F105050 家具、寢具、廚房器具、裝設品批發業；F106020 日常用品批發業；F109070 文教、樂器、育樂用品批發業；F121010 食品添加物批發業；F203010 食品什貨、飲料零售業；F203020 菸酒零售業；F205040 家具、寢具、廚房器具、裝設品零售業,臺北市,變更,11504
24570944,數果網路股份有限公司,臺北市大安區市民大道3段198號3樓,康瑋成,1250000,,115/04/22,特殊補正,I401010 一般廣告服務業；I401020 廣告傳單分送業；I301010 資訊軟體服務業；I301020 資料處理服務業；I301030 電子資訊供應服務業；ZZ99999 除許可業務外，得經營法令非禁止或限制之業務；F102170 食品什貨批發業；F104110 布疋、衣著、鞋、帽、傘、服飾品批發業；F105050 家具、寢具、廚房器具、裝設品批發業；F106020 日常用品批發業,臺北市,變更,11504
24572350,一家珍管理顧問有限公司,臺北市大安區永康街6巷10號1樓,鍾美珍,4500000,,115/04/01,修正章程,I103060 管理顧問業；I199990 其他顧問服務業；H701010 住宅及大樓開發租售業；H703100 不動產租賃業；G202010 停車場經營業；F401010 國際貿易業；ZZ99999 除許可業務外，得經營法令非禁止或限制之業務,臺北市,變更,11504
24573055,宏悅國際顧問股份有限公司,臺北市松山區南京東路4段1號8樓,王炫皓,10000000,,115/04/13,特殊補正,H201010 一般投資業；I102010 投資顧問業；I103060 管理顧問業；IZ12010 人力派遣業；ZZ99999 除許可業務外，得經營法令非禁止或限制之業務；H706011 租賃住宅代管業；H706021 租賃住宅包租業；H703100 不動產租賃業；J101010 建築物清潔服務業；I503010 景觀設計業,臺北市,變更,11504
24573631,治承股份有限公司,臺北市松山區復興北路99號6樓之1,林美金,500000,,115/04/29,特殊補正,F401010 國際貿易業；H201010 一般投資業；H701010 住宅及大樓開發租售業；H701020 工業廠房開發租售業；H703090 不動產買賣業；H703100 不動產租賃業；I102010 投資顧問業；I103060 管理顧問業；ZZ99999 除許可業務外，得經營法令非禁止或限制之業務,臺北市,變更,11504
24573739,延勝股份有限公司,臺北市松山區復興北路99號6樓之1,林美金,500000,,115/04/27,改選董事/監察人(一人法人股東指派董事/監察人),F401010 國際貿易業；H201010 一般投資業；H701010 住宅及大樓開發租售業；H701020 工業廠房開發租售業；H703090 不動產買賣業；H703100 不動產租賃業；I102010 投資顧問業；I103060 管理顧問業；ZZ99999 除許可業務外，得經營法令非禁止或限制之業務,臺北市,變更,11504
24573999,寬政股份有限公司,臺北市松山區復興北路99號6樓之1,林美金,500000,,115/04/29,改選董事/監察人(一人法人股東指派董事/監察人),F401010 國際貿易業；H201010 一般投資業；H701010 住宅及大樓開發租售業；H701020 工業廠房開發租售業；H703090 不動產買賣業；H703100 不動產租賃業；I102010 投資顧問業；I103060 管理顧問業；ZZ99999 除許可業務外，得經營法令非禁止或限制之業務,臺北市,變更,11504
24574195,佶翔國際貿易有限公司,臺北市松山區撫遠街211巷45號1樓,余俊達,5000000,,115/04/07,股東出資轉讓修正章程,F102170 食品什貨批發業；F101050 水產品批發業；F101130 蔬果批發業；F101990 其他農、畜、水產品批發業；F401010 國際貿易業；ZZ99999 除許可業務外，得經營法令非禁止或限制之業務；A201040 森林遊樂區經營業；A301030 水產養殖業；A401020 家畜禽飼育業；C103050 罐頭、冷凍、脫水及醃漬食品製造業,臺北市,變更,11504
24575820,鈞生股份有限公司,臺北市中正區羅斯福路4段68號10樓之13,趙國鈞,170000000,,115/04/23,董事長變更,F102170 食品什貨批發業；C199990 未分類其他食品製造業；C802100 化粧品製造業；F203010 食品什貨、飲料零售業；F102020 食用油脂批發業；F206020 日常用品零售業；F401010 國際貿易業；F106010 五金批發業；F102040 飲料批發業；F108040 化粧品批發業,臺北市,變更,11504
24576807,桓武股份有限公司,臺北市松山區復興北路99號6樓之1,林美金,500000,,115/04/28,改選董事/監察人(一人法人股東指派董事/監察人),F401010 國際貿易業；H201010 一般投資業；H701010 住宅及大樓開發租售業；H701020 工業廠房開發租售業；H703090 不動產買賣業；H703100 不動產租賃業；I102010 投資顧問業；I103060 管理顧問業；ZZ99999 除許可業務外，得經營法令非禁止或限制之業務,臺北市,變更,11504
24577572,志合訊息股份有限公司,臺北市內湖區內湖路1段246號7樓,豐聚宏股份有限公司,216000000,,115/04/02,董事/監察人持股變動報備,CC01060 有線通信機械器材製造業；CC01070 無線通信機械器材製造業；CC01080 電子零組件製造業；CC01110 電腦及其週邊設備製造業；CE01010 一般儀器製造業；CE01990 其他光學及精密器械製造業；E701030 電信管制射頻器材裝設工程業；E701040 簡易電信設備安裝業；F113050 電腦及事務性機器設備批發業；F113070 電信器材批發業,臺北市,變更,11504
24632717,永全品牌整合行銷有限公司,臺北市中正區博愛路60號1樓,簡汎晟,4500000,,115/04/28,股東出資轉讓修正章程,I102010 投資顧問業；I103060 管理顧問業；I301010 資訊軟體服務業；I301030 電子資訊供應服務業；I401010 一般廣告服務業；I401020 廣告傳單分送業；I501010 產品設計業；I503010 景觀、室內設計業；IZ99990 其他工商服務業；J601010 藝文服務業,臺北市,變更,11504
24652157,星微創新股份有限公司,臺北市信義區基隆路1段155號5樓之8,林雪鳳,1380000,,115/04/24,申登機關變更（遷入，含卷）,CC01080 電子零組件製造業；E603050 自動控制設備工程業；F113030 精密儀器批發業；F113070 電信器材批發業；F118010 資訊軟體批發業；F119010 電子材料批發業；F213060 電信器材零售業；F218010 資訊軟體零售業；F219010 電子材料零售業；F401010 國際貿易業,臺北市,變更,11504
24688697,台灣農好科技有限公司,臺北市中正區許昌街42號8樓,林彥江,3900000,,115/04/10,特殊補正,A101020 農作物栽培業；A101040 食用菌菇類栽培業；A101050 花卉栽培業；A102020 農產品整理業；A102050 作物栽培服務業；A102080 園藝服務業；F101100 花卉批發業；F101130 蔬果批發業；F101990 其他農、畜、水產品批發業；F107050 肥料批發業,臺北市,變更,11504
24693755,鴻溢工程有限公司,臺北市文山區羅斯福路5段176巷33之2號,王佩如,5000000,,115/04/20,特殊補正,A102080 園藝服務業；B601010 土石採取業；E599010 配管工程業；E601010 電器承裝業；E601020 電器安裝業；E603040 消防安全設備安裝工程業；E605010 電腦設備安裝業；E801010 室內裝潢業；E901010 油漆工程業；EZ02010 起重工程業,臺北市,變更,11504
24694516,爾聲空間設計有限公司,臺北市中正區重慶南路1段68號1樓,林欣璇,4000000,,115/04/09,特殊補正,I503010 景觀、室內設計業；I401010 一般廣告服務業；I599990 其他設計業；E603090 照明設備安裝工程業；E801010 室內裝潢業；E901010 油漆工程業；EZ99990 其他工程業；F105050 家具、寢具、廚房器具、裝設品批發業；F111090 建材批發業；F205040 家具、寢具、廚房器具、裝設品零售業,臺北市,變更,11504
24695796,國宏開發建設有限公司,臺北市中山區長安東路2段52號9樓之4,蔡富銓,1000000,,115/04/08,申登機關變更（遷入，含卷）,H701010 住宅及大樓開發租售業；H701020 工業廠房開發租售業；H701050 投資興建公共建設業；H701060 新市鎮、新社區開發業；H701070 區段徵收及市地重劃代辦業；H701090 都市更新整建維護業；H702010 建築經理業；H703090 不動產買賣業；H703100 不動產租賃業；I102010 投資顧問業,臺北市,變更,11504
24699596,濴鑫鑠行銷有限公司,臺北市大同區重慶北路2段72號3樓,陳秋近,1050000,,115/04/24,申登機關變更（遷入，含卷）,H201010 一般投資業；H701010 住宅及大樓開發租售業；H703090 不動產買賣業；H703100 不動產租賃業；I401010 一般廣告服務業；I401020 廣告傳單分送業；I501010 產品設計業；IZ12010 人力派遣業；J601010 藝文服務業；J799990 其他休閒服務業,臺北市,變更,11504
24730415,史迪威生物科技股份有限公司,臺北市大同區華陰街91號3樓之3,寧依,9200000,,115/04/08,申登機關變更（遷入，含卷）,F107030 清潔用品批發業；F108040 化粧品批發業；F113030 精密儀器批發業；F113050 電腦及事務性機器設備批發業；F113070 電信器材批發業；F118010 資訊軟體批發業；F208040 化粧品零售業；F213030 電腦及事務性機器設備零售業；F213040 精密儀器零售業；F213060 電信器材零售業,臺北市,變更,11504
24731239,浩宇生醫股份有限公司,臺北市南港區忠孝東路七段508號16樓,陳正,707505110,,115/04/16,董事/監察人持股變動報備,CC01080 電子零組件製造業；F107070 動物用藥品批發業；F107080 環境用藥批發業；CF01011 醫療器材製造業；F108031 醫療器材批發業；F208031 醫療器材零售業；F113030 精密儀器批發業；F213040 精密儀器零售業；F601010 智慧財產權業；IC01010 藥品檢驗業,臺北市,變更,11504
24738471,鉦達有限公司,臺北市內湖區成功路3段89號5樓,陳金助,3000000,,115/04/01,股東出資轉讓修正章程,F106010 五金批發業；F107010 漆料、塗料批發業；F111090 建材批發業；E599010 配管工程業；E601010 電器承裝業；E601020 電器安裝業；E603010 電纜安裝工程業；E603040 消防安全設備安裝工程業；E603100 電焊工程業；E801010 室內裝潢業,臺北市,變更,11504
24738697,亞星通股份有限公司,臺北市松山區八德路3段34號13樓,岡裕太,5235000,,115/04/27,特殊補正,ZZ99999 除許可業務外，得經營法令非禁止或限制之業務；F101040 家畜家禽批發業；F101050 水產品批發業；F101130 蔬果批發業；F102030 菸酒批發業；F102040 飲料批發業；F102170 食品什貨批發業；F104110 布疋、衣著、鞋、帽、傘、服飾品批發業；F105050 家具、寢具、廚房器具、裝設品批發業；F106020 日常用品批發業,臺北市,變更,11504
24744311,一起出來玩股份有限公司,臺北市文山區景興路8號2樓,李伯彥,15000000,,115/04/10,特殊補正,I301010 資訊軟體服務業；I301020 資料處理服務業；I301030 電子資訊供應服務業；F399040 無店面零售業；F401010 國際貿易業；ZZ99999 除許可業務外，得經營法令非禁止或限制之業務；J399010 軟體出版業；J601010 藝文服務業；J602010 演藝活動業；I401010 一般廣告服務業,臺北市,變更,11504
24745634,宇碁投資股份有限公司,臺北市中山區市民大道3段143號6樓,林鴻宇,218029900,,115/04/02,特殊補正,H201010 一般投資業,臺北市,變更,11504
24745938,皓勝投資股份有限公司,臺北市中山區復興北路48號7樓,何錦昌,16000000,,115/04/27,改選董事/監察人(一人法人股東指派董事/監察人),H201010 一般投資業；ZZ99999 除許可業務外，得經營法令非禁止或限制之業務,臺北市,變更,11504
24747226,生脈生物科技股份有限公司,臺北市大安區敦化南路2段97號2樓,許中強(HSU Chung-Chiang),17218050,,115/04/15,特殊補正,IG01010 生物技術服務業；IG02010 研究發展服務業；ZZ99999 除許可業務外，得經營法令非禁止或限制之業務,臺北市,變更,11504
24748203,鼎康有限公司,臺北市中山區吉林路20號2樓,李思瑀,26000000,,115/04/24,增資,F102030 菸酒批發業；F102040 飲料批發業；F102170 食品什貨批發業；F102180 酒精批發業；F108040 化粧品批發業；F121010 食品添加物批發業；F203010 食品什貨、飲料零售業；F203020 菸酒零售業；F203030 酒精零售業；F208040 化粧品零售業,臺北市,變更,11504
24748750,騰學廣告科技股份有限公司,臺北市大安區基隆路2段172之1號10樓之3,邱繼弘,228270000,,115/04/22,特殊補正,I301010 資訊軟體服務業；I301020 資料處理服務業；I301030 電子資訊供應服務業；I301060 網路廣告平臺業；I401010 一般廣告服務業；I103060 管理顧問業；E605010 電腦設備安裝業；F113050 電腦及事務性機器設備批發業；F113070 電信器材批發業；F118010 資訊軟體批發業,臺北市,變更,11504
24748956,廣志國際股份有限公司,臺北市中正區懷寧街56巷2號1樓,黃志雄,7187500,,115/04/29,特殊補正,E801010 室內裝潢業；F111090 建材批發業；F401010 國際貿易業；H201010 一般投資業；H701010 住宅及大樓開發租售業；H701020 工業廠房開發租售業；H701040 特定專業區開發業；H701050 投資興建公共建設業；H701060 新市鎮、新社區開發業；H701080 都市更新重建業,臺北市,變更,11504
24749322,秉利工程有限公司,臺北市內湖區港墘路99號5樓,黃俊傑,1000000,,115/04/24,特殊補正,J101010 建築物清潔服務業；J101020 病媒防治業；J101030 廢棄物清除業；J101040 廢棄物處理業；J101990 其他環境衛生及污染防治服務業；JZ99050 仲介服務業；E801020 門窗安裝工程業；E801040 玻璃安裝工程業；E901010 油漆工程業；E903010 防蝕、防銹工程業,臺北市,變更,11504
24750328,豐彩貿易有限公司,臺北市中正區館前路8號7樓,洪緁珍,5000000,,115/04/09,特殊補正,F501060 餐館業；F203010 食品什貨、飲料零售業；F102170 食品什貨批發業；F203020 菸酒零售業；F399040 無店面零售業；C199990 未分類其他食品製造業；F113010 機械批發業；F213080 機械器具零售業；F105050 家具、寢具、廚房器具、裝設品批發業；F601010 智慧財產權業,臺北市,變更,11504
24751115,共信醫藥科技股份有限公司,臺北市中山區建國北路一段80號3樓,吳崇漢,1735978000,,115/04/28,增資(資本總額),F203010 食品什貨、飲料零售業；F401010 國際貿易業；F601010 智慧財產權業；I103060 管理顧問業；IC01010 藥品檢驗業；IG01010 生物技術服務業；IG02010 研究發展服務業；F108021 西藥批發業；F208021 西藥零售業；F107200 化學原料批發業,臺北市,變更,11504
24752888,布林克國際貿易股份有限公司,臺北市松山區民權東路3段144號2樓之1,班傑明Benjamin Gordon VAN KERKWIJK,3000000,,115/04/14,特殊補正,G801010 倉儲業；F401010 國際貿易業；JB01010 會議及展覽服務業；IZ09010 管理系統驗證業；IB01010 建築物公共安全檢查業；JA02010 電器及電子產品修理業；ZZ99999 除許可業務外，得經營法令非禁止或限制之業務,臺北市,變更,11504
24753937,樂客好食有限公司,臺北市大安區信義路4段45號8樓,莊皓宇,3000000,,115/04/28,特殊補正,F399040 無店面零售業；F401010 國際貿易業；F501990 其他餐飲業；ZZ99999 除許可業務外，得經營法令非禁止或限制之業務,臺北市,變更,11504
24754008,寰宇矽摩科技股份有限公司,臺北市南港區東新街180巷11號地下1層之6,龔循平,20086120,,115/04/29,改選董事/監察人(一人法人股東指派董事/監察人),F113020 電器批發業；F113030 精密儀器批發業；F113050 電腦及事務性機器設備批發業；F118010 資訊軟體批發業；F213010 電器零售業；F213030 電腦及事務性機器設備零售業；F213040 精密儀器零售業；F218010 資訊軟體零售業；F401010 國際貿易業；F113070 電信器材批發業,臺北市,變更,11504
24754464,台灣寶尊電子商務股份有限公司,臺北市松山區民生東路3段156號9樓,仇文彬,56000000,,115/04/08,董事/監察人地址變更,F399040 無店面零售業(限中華民國行業標準分類4871電子購物及郵購業及4879未分類其他無店面零售業；藥局、藥房、藥粧店或活動物之零售除外)；F113020 電器批發業(限中華民國行業標準分類4561家庭電器批發業)；F213010 電器零售業(限中華民國行業標準分類4741家庭電器零售業及4833視聽設備零售業)；F119010 電子材料批發業(限中華民國行業標準分類4642電子設備及其零組件批發業)；F219010 電子材料零售業(限中華民國行業標準分類4831電腦及其週邊設備、軟體零售業、4832通訊設備零售業及4833視聽設備零售業)；F104110 布疋、衣著、鞋、帽、傘、服飾品批發業(限中華民國行業標準分類4551布疋批發業、4552服裝及其配件批發業、4553鞋類批發業及4559其他服飾疋批發業、4552服裝及其配件批發業、4553鞋類批發業及4559其他服飾品批發業)；F204110 布疋、衣著、鞋、帽、傘、服飾品零售業(限中華民國行業標準分類4731布疋零售業、4732服裝及其配件零售業、4733鞋類零售業及4739其他服飾品零售業)；F110010 鐘錶批發業(限中華民國行業標準分類4565鐘錶及眼鏡批發業)；F210010 鐘錶零售業(限中華民國行業標準分類4744鐘錶及眼鏡零售業)；F110020 眼鏡批發業(限中華民國行業標準分類4565鐘錶及眼鏡批發業),臺北市,變更,11504
24758118,進金生能源服務股份有限公司,臺北市內湖區新湖二路257號6樓,陳加屏,588438900,,115/04/07,認股憑證換發新股,CC01010 發電、輸電、配電機械製造業；CC01040 照明設備製造業；CC01080 電子零組件製造業；CB01010 機械設備製造業；CE01010 一般儀器製造業；D101040 非屬公用之發電業；D101060 再生能源自用發電設備業；D401010 熱能供應業；E502010 燃料導管安裝工程業；E599010 配管工程業,臺北市,變更,11504
24759046,汎尼恩國際展覽股份有限公司,臺北市大同區承德路3段230號3樓,甘明勇,8000000,,115/04/14,改選董事/監察人(一人法人股東指派董事/監察人),E801010 室內裝潢業；E801030 室內輕鋼架工程業；E901010 油漆工程業；EZ99990 其他工程業；C701010 印刷業；C702010 製版業；F113050 電腦及事務性機器設備批發業；F213030 電腦及事務性機器設備零售業；F401010 國際貿易業；I102010 投資顧問業,臺北市,變更,11504
24759171,海悅電訊有限公司,臺北市中山區南京東路2段132號12樓,黃苑貞,38000000,,115/04/29,公司所在地,F109070 文教、樂器、育樂用品批發業；F113050 電腦及事務性機器設備批發業；F113070 電信器材批發業；F113110 電池批發業；F118010 資訊軟體批發業；F119010 電子材料批發業；F209060 文教、樂器、育樂用品零售業；F213030 電腦及事務性機器設備零售業；F213060 電信器材零售業；F213110 電池零售業,臺北市,變更,11504
24759854,聚岩國際開發股份有限公司,臺北市中正區衡陽路10號12樓,蕭宏哲,5000000,,115/04/15,改選董事/監察人(一人法人股東指派董事/監察人),H701010 住宅及大樓開發租售業；H701020 工業廠房開發租售業；H701040 特定專業區開發業；H701050 投資興建公共建設業；H701070 區段徵收及市地重劃代辦業；H701080 都市更新重建業；H701090 都市更新整建維護業；H703090 不動產買賣業；H703100 不動產租賃業；JZ99050 仲介服務業,臺北市,變更,11504
24760515,藝菓行銷顧問有限公司,臺北市大安區忠孝東路4段183號13樓之2,謝燕翎,600000,,115/04/16,公司所在地,I401010 一般廣告服務業；I501010 產品設計業；I599990 其他設計業；I103060 管理顧問業；I199990 其他顧問服務業；J601010 藝文服務業；JB01010 會議及展覽服務業；ZZ99999 除許可業務外，得經營法令非禁止或限制之業務；J399990 其他出版業；J503050 錄影節目帶業,臺北市,變更,11504
24760917,免疫功坊股份有限公司,臺北市南港區研究院路一1段130巷99號C棟,張子文,717075700,,115/04/21,修正章程,F601010 智慧財產權業；IG01010 生物技術服務業；IG02010 研究發展服務業；F107200 化學原料批發業；F207200 化學原料零售業；F203010 食品什貨、飲料零售業；F102040 飲料批發業；F102170 食品什貨批發業；F401010 國際貿易業；IC01010 藥品檢驗業,臺北市,變更,11504
24760965,益美亞太股份有限公司,臺北市大安區忠孝東路4段71之6號,林育群,73900000,,115/04/20,董事/監察人持股變動報備,H201010 一般投資業；ZZ99999 除許可業務外，得經營法令非禁止或限制之業務,臺北市,變更,11504
24764907,台灣優創發展有限公司,臺北市中正區青島東路4號2樓之1,劉意川,3000000,,115/04/21,特殊補正,C199990 未分類其他食品製造業；F102040 飲料批發業；F102170 食品什貨批發業；F203010 食品什貨、飲料零售業；F401010 國際貿易業；H703100 不動產租賃業；I103060 管理顧問業；I199990 其他顧問服務業；I401010 一般廣告服務業；ZZ99999 除許可業務外，得經營法令非禁止或限制之業務,臺北市,變更,11504
24765309,銀泰投資股份有限公司,臺北市大安區新生南路3段2號6樓之3,周忠修,11200000,,115/04/27,減資,H201010 創業投資業,臺北市,變更,11504
24770099,獨角獸股份有限公司,臺北市中正區南陽街24號2樓,施凱鈞,7200000,,115/04/13,特殊補正,F104110 布疋、衣著、鞋、帽、傘、服飾品批發業；F107200 化學原料批發業；F107990 其他化學製品批發業；F108040 化粧品批發業；F121010 食品添加物批發業；F204110 布疋、衣著、鞋、帽、傘、服飾品零售業；F207200 化學原料零售業；F207990 其他化學製品零售業；F208040 化粧品零售業；F299990 其他零售業,臺北市,變更,11504
24770801,群健科技股份有限公司,臺北市中山區松江路363號12樓,陳陽光,41864920,,115/04/23,認股憑證換發新股,I301020 資料處理服務業；I301030 電子資訊供應服務業；F102170 食品什貨批發業；F108031 醫療器材批發業；F201010 農產品零售業；F201020 畜產品零售業；F201030 水產品零售業；F201990 其他農畜水產品零售業；F203010 食品什貨、飲料零售業；F208031 醫療器材零售業,臺北市,變更,11504
24773912,豐聯邑實業有限公司,臺北市中山區南京東路2段178號4樓之1,吳侑庭,5000000,,115/04/17,特殊補正,F113020 電器批發業；F113050 電腦及事務性機器設備批發業；F118010 資訊軟體批發業；F119010 電子材料批發業；F213010 電器零售業；F213030 電腦及事務性機器設備零售業；F218010 資訊軟體零售業；F219010 電子材料零售業；F401010 國際貿易業；I103060 管理顧問業,臺北市,變更,11504
24776214,奧斯曼數位行銷有限公司,臺北市松山區八德路3段2號12樓,張書瑋,10000000,,115/04/29,修正章程,F118010 資訊軟體批發業；F201070 花卉零售業；F203010 食品什貨、飲料零售業；F204110 布疋、衣著、鞋、帽、傘、服飾品零售業；F205040 家具、寢具、廚房器具、裝設品零售業；F206020 日常用品零售業；F208040 化粧品零售業；F209060 文教、樂器、育樂用品零售業；F210010 鐘錶零售業；F213010 電器零售業,臺北市,變更,11504
24777136,晶準生技有限公司,臺北市大同區承德路2段12號3樓,陳意安,12000000,,115/04/24,股東出資轉讓修正章程,F102170 食品什貨批發業；F108040 化粧品批發業；F107030 清潔用品批發業；F203010 食品什貨、飲料零售業；F208040 化粧品零售業；F207030 清潔用品零售業；F399040 無店面零售業；F401010 國際貿易業；IG01010 生物技術服務業；I103060 管理顧問業,臺北市,變更,11504
24777446,才滙國際股份有限公司,臺北市大安區信義路4段306號12樓,黃齊元,1000000,,115/04/08,公司名稱變更修正章程,H201010 一般投資業；I102010 一般投資顧問業；I103060 管理顧問業；I199990 其他顧問服務業；IZ99990 其他工商服務業；F401010 國際貿易業；ZZ99999 除許可業務外，得經營法令非禁止或限制之業務,臺北市,變更,11504
24777678,可同精品有限公司,臺北市大安區忠孝東路3段136號11樓,黃英家,1200000,,115/04/16,特殊補正,A102080 園藝服務業；E601010 電器承裝業；E601020 電器安裝業；E801010 室內裝潢業；E801020 門窗安裝工程業；E801030 室內輕鋼架工程業；E801040 玻璃安裝工程業；E801070 廚具、衛浴設備安裝工程業；F102170 食品什貨批發業；F203010 食品什貨、飲料零售業,臺北市,變更,11504
24777699,安基生技新藥股份有限公司,臺北市南港區忠孝東路七段508號16樓之6,黃文英,1007277890,,115/04/22,發行新股,F108021 西藥批發業；F208021 西藥零售業；F401010 國際貿易業；F601010 智慧財產權業；IC01010 藥品檢驗業；IG01010 生物技術服務業；IG02010 研究發展服務業；ZZ99999 除許可業務外，得經營法令非禁止或限制之業務,臺北市,變更,11504
24778509,珍愛飛得利旅行社股份有限公司,臺北市中山區松江路82號4樓,吳鳳惠,10000000,,115/04/16,特殊補正,J902011 旅行業,臺北市,變更,11504
24780625,躍馬壹號投資股份有限公司,臺北市內湖區行善路168巷17號5樓,焦佑麒,1760000000,,115/04/01,董事(常務董事.董事長)/監察人解任,H201010 一般投資業；ZZ99999 除許可業務外，得經營法令非禁止或限制之業務,臺北市,變更,11504
24781069,台灣臉書有限公司,臺北市信義區松仁路100號35樓,梁幼莓,231000000,,115/04/07,董事/股東證照變更,I103060 管理顧問業；I401010 一般廣告服務業；IZ15010 市場研究及民意調查業；ZZ99999 除許可業務外，得經營法令非禁止或限制之業務,臺北市,變更,11504
24783003,鑫聖傳媒製作股份有限公司,臺北市大安區忠孝東路4段183號13樓之2,陳淑華,170775560,,115/04/21,公司所在地,J503010 廣播節目製作業；J503020 電視節目製作業；J503030 廣播電視節目發行業；J602010 演藝活動業；H201010 一般投資業；J401010 電影片製作業；J303010 雜誌（期刊）出版業；J305010 有聲出版業；J601010 藝文服務業；J404010 動畫影片製作業,臺北市,變更,11504
24783926,花彘醺餐飲管理顧問有限公司,臺北市大安區忠孝東路4段170巷6弄16號,,4000000,,115/04/14,特殊補正,F101050 水產品批發業；F102030 菸酒批發業；F102040 飲料批發業；F102050 茶葉批發業；F102170 食品什貨批發業；F201010 農產品零售業；F201020 畜產品零售業；F201030 水產品零售業；F203010 食品什貨、飲料零售業；F203020 菸酒零售業,臺北市,變更,11504
24785207,豪峰投資股份有限公司,臺北市中山區復興北路48號4樓,李宏銘,87600000,,115/04/13,特殊補正,H201010 一般投資業,臺北市,變更,11504
24786917,新光國際租賃股份有限公司,臺北市大同區延平北路二段202號7樓之2,蕭志隆,1750000000,,115/04/09,發行新股,A102060 糧商業；C302010 織布業；C303010 不織布業；C401030 皮革、毛皮整製業；D101060 再生能源自用發電設備業；E801010 室內裝潢業；F102180 酒精批發業；F104110 布疋、衣著、鞋、帽、傘、服飾品批發業；F106010 五金批發業；F106030 模具批發業,臺北市,變更,11504
24789533,日商愛沃特股份有限公司,臺北市大安區復興南路一段368-1號6樓,田中一樹,5000000,,115/04/27,本公司所在地變更,C801010 基本化學工業；E502010 燃料導管安裝工程業；E604010 機械安裝業；F107200 化學原料批發業；F113010 機械批發業；F207200 化學原料零售業；F213080 機械器具零售業；F401010 國際貿易業；ZZ99999 除許可業務外，得經營法令非禁止或限制之業務,臺北市,變更,11504
24790095,香港商全零售系統有限公司,臺北市中山區長安東路一段16號11樓之2,林邦豪,21000000,,115/04/17,在中華民國所營事業減少登記,E605010 電腦設備安裝業；E701040 簡易電信設備安裝業；F113050 電腦及事務性機器設備批發業；F113070 電信器材批發業；F118010 資訊軟體批發業；F119010 電子材料批發業；F213030 電腦及事務性機器設備零售業；F213060 電信器材零售業；F218010 資訊軟體零售業；F219010 電子材料零售業,臺北市,變更,11504
24791741,新加坡商日立解決方案有限公司,臺北市中山區長春路378號6樓,朱鍵彰,500000,,115/04/29,本公司董事及其他負責人變更,I301010 資訊軟體服務業；I301020 資料處理服務業；I301030 電子資訊供應服務業；ZZ99999 除許可業務外，得經營法令非禁止或限制之業務,臺北市,變更,11504
24796437,英屬開曼群島商無限投資顧問股份有限公司,臺北市松山區復興北路101號10樓,田中章雄,2000000,,115/04/22,分公司經理人變更,I102010 投資顧問業；ZZ99999 除許可業務外，得經營法令非禁止或限制之業務,臺北市,變更,11504
24800220,大陸商中國農業銀行股份有限公司,臺北市信義區基隆路一段333號32樓,馬曉蕾,0,,115/04/28,本公司董事及負責人變更,,臺北市,變更,11504
24801071,香港商數字家庭香港有限公司,臺北市大安區信義路三段190號9樓之1,Marcus Hans Josef Schenk,0,,115/04/17,辦事處所在地變更,,臺北市,變更,11504
24801136,香港商長新樹脂有限公司,臺北市大安區復興南路一段380號6樓,朱國寧,500000,,115/04/27,本公司董事及其他負責人變更,F107990 其他化學製品批發業；F401010 國際貿易業；ZZ99999 除許可業務外，得經營法令非禁止或限制之業務,臺北市,變更,11504
24805082,韓商濟州航空股份有限公司,臺北市松山區南京東路三段346號12樓之6,崔東榮,1000000,,115/04/20,改派在中華民國境內負責人變更登記,G501011 民用航空運輸業；G501020 民用航空總代理業；ZZ99999 除許可業務外，得經營法令非禁止或限制之業務,臺北市,變更,11504
24806250,新加坡商利比裏亞海事有限公司,臺北市大安區忠孝東路四段270號17樓,陳柏鈞,0,,115/04/01,改派在中華民國境內代表人,,臺北市,變更,11504
24812577,香港商初志(香港)有限公司,臺北市內湖區瑞光路192號11樓,趙仕城,0,,115/04/23,一般補正案,,臺北市,變更,11504
24872286,心格創新有限公司,臺北市中山區德惠街165號1樓,孟繁中,2500000,,115/04/29,特殊補正,I501010 產品設計業；I503010 景觀設計業；I599990 其他設計業；C501060 木質容器製造業；C501070 竹、藤製品製造業；C501990 其他木製品製造業；C805030 塑膠日用品製造業；CN01010 家具及裝設品製造業；F105050 家具、寢具、廚房器具、裝設品批發業；F205040 家具、寢具、廚房器具、裝設品零售業,臺北市,變更,11504
24927418,集朗有限公司,臺北市內湖區康寧路1段54號1樓,賴柏羽,100000,,115/04/01,特殊補正,F501030 飲料店業；F201010 農產品零售業；F203010 食品什貨、飲料零售業；ZZ99999 除許可業務外，得經營法令非禁止或限制之業務,臺北市,變更,11504
24930188,講故事有限公司,臺北市內湖區瑞光路192號11樓之1,曾瀚賢,13000000,,115/04/24,公司所在地,J401011 電影片製作業；J402011 電影片發行業；J503011 廣播節目製作業；J503021 電視節目製作業；J503031 廣播電視節目發行業；J503041 廣播電視廣告業；J601010 藝文服務業；J602010 演藝活動業；J304010 圖書出版業；J305010 有聲出版業,臺北市,變更,11504
24930862,經緯廣告科技股份有限公司,臺北市大安區基隆路2段172之1號13樓,梁凱智,39250000,,115/04/29,特殊補正,E605010 電腦設備安裝業；E701010 電信工程業；F113050 電腦及事務性機器設備批發業；F113070 電信器材批發業；F118010 資訊軟體批發業；F213030 電腦及事務性機器設備零售業；F213060 電信器材零售業；F218010 資訊軟體零售業；F219010 電子材料零售業；I301010 資訊軟體服務業,臺北市,變更,11504
24932806,補破網拍賣股份有限公司,臺北市南港區南港路2段5號1樓,胡建平,10000000,,115/04/08,公司所在地,F104110 布疋、衣著、鞋、帽、傘、服飾品批發業；F105050 家具、寢具、廚房器具、裝設品批發業；F106010 五金批發業；F106020 日常用品批發業；F109070 文教、樂器、育樂用品批發業；F204110 布疋、衣著、鞋、帽、傘、服飾品零售業；F205040 家具、寢具、廚房器具、裝設品零售業；F206010 五金零售業；F206020 日常用品零售業；F209060 文教、樂器、育樂用品零售業,臺北市,變更,11504
24935389,弘翔投資有限公司,臺北市大同區延平北路1段51號11樓之5,吳玉湄,25000000,,115/04/28,增資,F102170 食品什貨批發業；F401010 國際貿易業；H201010 一般投資業；H703090 不動產買賣業；ZZ99999 除許可業務外，得經營法令非禁止或限制之業務,臺北市,變更,11504
24938219,食育有限公司,臺北市中山區中山北路2段77巷8之7號1樓,昆昌宏,500000,,115/04/23,特殊補正,C103050 罐頭、冷凍、脫水及醃漬食品製造業；F102040 飲料批發業；F102170 食品什貨批發業；F102180 酒精批發業；F105050 家具、寢具、廚房器具、裝設品批發業；F106010 五金批發業；F106020 日常用品批發業；F107190 塑膠膜、袋批發業；F108040 化粧品批發業；F203010 食品什貨、飲料零售業,臺北市,變更,11504
24939499,康鮮國際股份有限公司,臺北市南港區重陽路263巷3號4樓,陳蘚釀,35200000,,115/04/15,補選董事(常務董事.董事長)/監察人,C103050 罐頭、冷凍、脫水及醃漬食品製造業；C104020 烘焙炊蒸食品製造業；C110010 飲料製造業；C199010 麵條、粉條類食品製造業；C199030 即食餐食製造業；F102040 飲料批發業；F102170 食品什貨批發業；F104110 布疋、衣著、鞋、帽、傘、服飾品批發業；F105050 家具、寢具、廚房器具、裝設品批發業；F106020 日常用品批發業,臺北市,變更,11504
24939569,智合精準醫學科技股份有限公司,臺北市中山區南京東路三段70號10樓,黃崇仁,1880000000,,115/04/15,發行新股,C802060 動物用藥製造業；C802080 環境用藥製造業；F107070 動物用藥品批發業；F107080 環境用藥批發業；F107200 化學原料批發業；F207070 動物用藥零售業；F207200 化學原料零售業；F401010 國際貿易業；F601010 智慧財產權業；I103060 管理顧問業,臺北市,變更,11504
24941002,恩利聯合有限公司,臺北市內湖區江南街19號1樓,鐘景曈,300000,,115/04/21,特殊補正,F107190 塑膠膜、袋批發業；F107200 化學原料批發業；F107990 其他化學製品批發業；F113010 機械批發業；F113020 電器批發業；F119010 電子材料批發業；F207190 塑膠膜、袋零售業；F207200 化學原料零售業；F207990 其他化學製品零售業；F213080 機械器具零售業,臺北市,變更,11504
24943992,矽緋國際有限公司,臺北市大安區忠孝東路4段183號13樓之2,洪瑞甫,9700000,,115/04/20,特殊補正,CC01110 電腦及其週邊設備製造業；CC01120 資料儲存媒體製造及複製業；E605010 電腦設備安裝業；E701040 簡易電信設備安裝業；F113050 電腦及事務性機器設備批發業；F113110 電池批發業；F114030 汽、機車零件配備批發業；F114040 自行車及其零件批發業；F118010 資訊軟體批發業；F213030 電腦及事務性機器設備零售業,臺北市,變更,11504
24944134,新銳數位股份有限公司,臺北市信義區基隆路1段178號5樓,翁子騏,32215000,,115/04/24,特殊補正,I103060 管理顧問業；I105010 藝術品諮詢顧問業；I199990 其他顧問服務業；I301010 資訊軟體服務業；I301020 資料處理服務業；I301030 電子資訊供應服務業；J601010 藝文服務業；J602010 演藝活動業；J304010 圖書出版業；ZZ99999 除許可業務外，得經營法令非禁止或限制之業務,臺北市,變更,11504
24948336,天下金屬企業有限公司,臺北市中山區中山北路3段58號3樓之7,李波汶,5000000,,115/04/14,特殊補正,ZZ99999 除許可業務外，得經營法令非禁止或限制之業務；F106010 五金批發業；F107010 漆料、塗料批發業；F111090 建材批發業；F113010 機械批發業；F206010 五金零售業；F211010 建材零售業；F213080 機械器具零售業；F401010 國際貿易業；F207010 漆料、塗料零售業,臺北市,變更,11504
24949200,台灣歐必斯股份有限公司,臺北市文山區景興路153巷43號2樓,廖瑀瑄,30500000,,115/04/22,特殊補正,F102030 菸酒批發業；F102040 飲料批發業；F102050 茶葉批發業；F102170 食品什貨批發業；F104110 布疋、衣著、鞋、帽、傘、服飾品批發業；F105050 家具、寢具、廚房器具、裝設品批發業；F106010 五金批發業；F106020 日常用品批發業；F106040 水器材料批發業；F106050 陶瓷玻璃器皿批發業,臺北市,變更,11504
24949314,蘄羏投資有限公司,臺北市大安區和平東路1段55巷1弄6號19樓,蔡懷洋,1000000,,115/04/27,股東出資轉讓修正章程,H201010 一般投資業,臺北市,變更,11504
24950542,晶曼國際行銷有限公司,臺北市松山區南京東路4段164號3樓之3,黃偌旻,2000000,,115/04/17,特殊補正,F102040 飲料批發業；F102050 茶葉批發業；F102170 食品什貨批發業；F106020 日常用品批發業；F108040 化粧品批發業；F206020 日常用品零售業；F401010 國際貿易業；F104110 布疋、衣著、鞋、帽、傘、服飾品批發業；F106010 五金批發業；F106050 陶瓷玻璃器皿批發業,臺北市,變更,11504
24955125,鉅晶投資股份有限公司,臺北市大安區金山南路2段200號7樓,朱詠晴,29000000,,115/04/23,特殊補正,H201010 一般投資業；H202010 創業投資業；HZ99990 其他金融、保險及不動產業；ZZ99999 除許可業務外，得經營法令非禁止或限制之業務；H703090 不動產買賣業；H703100 不動產租賃業；I102010 一般投資顧問業；I103060 管理顧問業；I105010 藝術品諮詢顧問業；I199990 其他顧問服務業,臺北市,變更,11504
24955292,宏邦房屋仲介股份有限公司,臺北市大安區和平東路2段203號12樓之1,楊良堅,5000000,,115/04/14,改選董事/監察人(一人法人股東指派董事/監察人),H703090 不動產買賣業；H703100 不動產租賃業；H704031 不動產仲介經紀業；I401010 一般廣告服務業；E801010 室內裝潢業；J101010 建築物清潔服務業；I503010 景觀、室內設計業；H701010 住宅及大樓開發租售業；J901020 一般旅館業；F501060 餐館業,臺北市,變更,11504
24956193,賢通有限公司,臺北市大安區復興南路1段293號3樓之1,周威呈,500000,,115/04/10,公司所在地,F106010 五金批發業；F106020 日常用品批發業；F106040 水器材料批發業；F111090 建材批發業；F206010 五金零售業；F206020 日常用品零售業；F206040 水器材料零售業；F211010 建材零售業；H703100 不動產租賃業；E801010 室內裝潢業,臺北市,變更,11504
24957046,阿克米餐飲有限公司,臺北市信義區信義路5段16號之1,蘇子怡,13800000,,115/04/17,增資,F501060 餐館業；F501050 飲酒店業；ZZ99999 除許可業務外，得經營法令非禁止或限制之業務,臺北市,變更,11504
24957691,大芒果國際股份有限公司,臺北市中山區中山北路2段93巷60號2樓,劉家齊,2400000,,115/04/14,特殊補正,F119010 電子材料批發業；F199990 其他批發業；F401010 國際貿易業；ZZ99999 除許可業務外，得經營法令非禁止或限制之業務；H706011 租賃住宅代管業；H706021 租賃住宅包租業,臺北市,變更,11504
24959488,諾拉說音樂製作有限公司,臺北市大安區忠孝東路4段221號10樓,曾獻恩,150000,,115/04/17,特殊補正,J304010 圖書出版業；J305010 有聲出版業；J601010 藝文服務業；J602010 演藝活動業；J603010 音樂展演空間業；I301020 資料處理服務業；I401010 一般廣告服務業；I501010 產品設計業；CC01120 資料儲存媒體製造及複製業；F109070 文教、樂器、育樂用品批發業,臺北市,變更,11504
24961816,精隼資本股份有限公司,臺北市內湖區洲子街194號1樓,戴志毅,6000000,,115/04/24,特殊補正,H201010 一般投資業；I102010 投資顧問業；I103060 管理顧問業；I301010 資訊軟體服務業；I301020 資料處理服務業；I301030 電子資訊供應服務業；ZZ99999 除許可業務外，得經營法令非禁止或限制之業務,臺北市,變更,11504
24961908,松信不動產有限公司,臺北市信義區忠孝東路5段242號7樓,陳禎宏,3000000,,115/04/15,公司所在地,H701020 工業廠房開發租售業；H701010 住宅及大樓開發租售業；H701050 投資興建公共建設業；H701060 新市鎮、新社區開發業；H701070 區段徵收及市地重劃代辦業；H701090 都市更新整建維護業；H703090 不動產買賣業；H703100 不動產租賃業；H704031 不動產仲介經紀業；F105050 家具、寢具、廚房器具、裝設品批發業,臺北市,變更,11504
24962189,安莉詩國際有限公司,臺北市中山區德惠街75號,周庭安,2000000,,115/04/29,特殊補正,C399990 其他紡織及製品製造業；CM01010 箱、包、袋製造業；F104110 布疋、衣著、鞋、帽、傘、服飾品批發業；F105050 家具、寢具、廚房器具、裝設品批發業；F106020 日常用品批發業；F108040 化粧品批發業；F115010 首飾及貴金屬批發業；F204110 布疋、衣著、鞋、帽、傘、服飾品零售業；F205040 家具、寢具、廚房器具、裝設品零售業；F206020 日常用品零售業,臺北市,變更,11504
24963321,良翔有限公司,臺北市大同區承德路2段81號16樓之1,李昇,2000000,,115/04/28,特殊補正,F113010 機械批發業；F118010 資訊軟體批發業；F401010 國際貿易業；I301010 資訊軟體服務業；I502010 服飾設計業；C302010 織布業；C306010 成衣業；C307010 服飾品製造業；C399990 其他紡織及製品製造業；F104110 布疋、衣著、鞋、帽、傘、服飾品批發業,臺北市,變更,11504
24963379,慧穎實業股份有限公司,臺北市中山區建國北路3段79號7樓,黃穎純,10000000,,115/04/20,特殊補正,H201010 一般投資業；H703090 不動產買賣業；H703100 不動產租賃業；ZZ99999 除許可業務外，得經營法令非禁止或限制之業務,臺北市,變更,11504
24963808,究穎國際娛樂股份有限公司,臺北市中山區長安東路2段6之1號4樓,馬偉軒,1850000,,115/04/28,特殊補正,J799990 其他休閒服務業；F399040 無店面零售業；J601010 藝文服務業；JB01010 會議及展覽服務業；I301010 資訊軟體服務業；I301020 資料處理服務業；I301030 電子資訊供應服務業；F118010 資訊軟體批發業；F218010 資訊軟體零售業；I401010 一般廣告服務業,臺北市,變更,11504
24964617,尬創意有限公司,臺北市大同區民權西路136號13樓之11,林暐浩,2100000,,115/04/01,補繳規費,J303010 雜誌（期刊）出版業；J304010 圖書出版業；J305010 有聲出版業；J399010 軟體出版業；J601010 藝文服務業；J602010 演藝活動業；J603010 音樂展演空間業；JB01010 會議及展覽服務業；JE01010 租賃業；JZ99050 仲介服務業,臺北市,變更,11504
24965995,博世科智能股份有限公司,臺北市大同區重慶北路2段188號10樓,林再利,97500000,,115/04/30,特殊補正,CC01060 有線通信機械器材製造業；CC01070 無線通信機械器材製造業；CC01110 電腦及其週邊設備製造業；CC01120 資料儲存媒體製造及複製業；D101060 再生能源自用發電設備業；D401010 熱能供應業；E599010 配管工程業；E601010 電器承裝業；E601020 電器安裝業；E603010 電纜安裝工程業,臺北市,變更,11504
24967255,庭宇貿易股份有限公司,臺北市大安區敦化南路2段180號5樓,杜滄進,10000000,,115/04/07,特殊補正,F108031 醫療器材批發業；F208031 醫療器材零售業；F401010 國際貿易業；ZZ99999 除許可業務外，得經營法令非禁止或限制之業務,臺北市,變更,11504
24967614,夢之日國際企劃有限公司,臺北市中山區新生北路2段31之1號6樓之5,李翊綾,500000,,115/04/20,特殊補正,J601010 藝文服務業；J602010 演藝活動業；I401010 一般廣告服務業；I401020 廣告傳單分送業；IZ99990 其他工商服務業；JB01010 會議及展覽服務業；F204110 布疋、衣著、鞋、帽、傘、服飾品零售業；F205040 家具、寢具、廚房器具、裝設品零售業；F209060 文教、樂器、育樂用品零售業；F401010 國際貿易業,臺北市,變更,11504
24970370,品樺美容事業有限公司,臺北市中山區建國北路2段258巷33號4樓,牛羽溱,5000000,,115/04/20,公司印鑑變更,F102040 飲料批發業；F102170 食品什貨批發業；F104110 布疋、衣著、鞋、帽、傘、服飾品批發業；F105050 家具、寢具、廚房器具、裝設品批發業；F107030 清潔用品批發業；F108040 化粧品批發業；F113990 其他機械器具批發業；F115010 首飾及貴金屬批發業；F203010 食品什貨、飲料零售業；F204110 布疋、衣著、鞋、帽、傘、服飾品零售業,臺北市,變更,11504
24971125,酷酷兄弟有限公司,臺北市松山區南京東路4段164號3樓之3,林昱銓,200000,,115/04/07,特殊補正,F399040 無店面零售業；I103060 管理顧問業；I301010 資訊軟體服務業；I301020 資料處理服務業；I301030 電子資訊供應服務業；I401010 一般廣告服務業；I501010 產品設計業；IZ12010 人力派遣業；IZ99990 其他工商服務業；J601010 藝文服務業,臺北市,變更,11504
24973708,好運勢國際文創股份有限公司,臺北市中山區南京東路3段118號9樓,吳雨珍,2500000,,115/04/02,特殊補正,F118010 資訊軟體批發業；F218010 資訊軟體零售業；F399040 無店面零售業；E605010 電腦設備安裝業；I199990 其他顧問服務業；I301010 資訊軟體服務業；I301020 資料處理服務業；I301030 電子資訊供應服務業；I301040 第三方支付服務業；I401010 一般廣告服務業,臺北市,變更,11504
24973833,泰永旅行社有限公司,臺北市中山區復興北路170號6樓,邱致淵,10000000,,115/04/14,股東出資轉讓修正章程,J902011 旅行業,臺北市,變更,11504
24977465,台灣紅牛股份有限公司,臺北市南港區經貿二路197號5樓,歐立森(Dr.Geisler Oliver),5000000,,115/04/14,特殊補正,ZZ99999 除許可業務外，得經營法令非禁止或限制之業務；F102040 飲料批發業；F102170 食品什貨批發業；F203010 食品什貨、飲料零售業；F401010 國際貿易業,臺北市,變更,11504
24977866,鑫創國際投資股份有限公司,臺北市信義區信義路5段150巷2號14樓之3,何堉輝,90000000,,115/04/17,董事/監察人持股變動報備,H201010 一般投資業；I102010 一般投資顧問業；I103060 管理顧問業；F401010 國際貿易業；ZZ99999 除許可業務外，得經營法令非禁止或限制之業務,臺北市,變更,11504
24977872,宏益科技服務股份有限公司,臺北市內湖區瑞光路583巷27號2樓,周啟中,17250000,,115/04/15,補選董事(常務董事.董事長)/監察人,F399040 無店面零售業；F401010 國際貿易業；I103060 管理顧問業；I199990 其他顧問服務業；I301010 資訊軟體服務業；I301030 電子資訊供應服務業；I401010 一般廣告服務業；IZ99990 其他工商服務業；IZ12010 人力派遣業；IZ13010 網路認證服務業,臺北市,變更,11504
24977943,耘馳創意媒體行銷有限公司,臺北市信義區松山路421號11樓之4,黃姵綾,1600000,,115/04/22,特殊補正,J303010 雜誌（期刊）出版業；J304010 圖書出版業；J305010 有聲出版業；J399010 軟體出版業；J399990 其他出版業；F109070 文教、樂器、育樂用品批發業；F209060 文教、樂器、育樂用品零售業；F399040 無店面零售業；F401010 國際貿易業；F601010 智慧財產權業,臺北市,變更,11504
25008747,煒達實業有限公司,臺北市松山區南京東路5段2號3樓,王芊玉,500000,,115/04/17,股東出資轉讓修正章程,F113050 電腦及事務性機器設備批發業；F118010 資訊軟體批發業；F213030 電腦及事務性機器設備零售業；F218010 資訊軟體零售業；F401010 國際貿易業；I301010 資訊軟體服務業；I301020 資料處理服務業；I301030 電子資訊供應服務業；F104110 布疋、衣著、鞋、帽、傘、服飾品批發業；F204110 布疋、衣著、鞋、帽、傘、服飾品零售業,臺北市,變更,11504
25009669,定興科技股份有限公司,臺北市松山區民生東路5段36巷4弄31號4樓,張智翔,6000000,,115/04/27,減資,F113050 電腦及事務性機器設備批發業；F113070 電信器材批發業；F118010 資訊軟體批發業；F119010 電子材料批發業；F218010 資訊軟體零售業；F401010 國際貿易業；F601010 智慧財產權業；I103060 管理顧問業；I301010 資訊軟體服務業；I301020 資料處理服務業,臺北市,變更,11504
25053138,歐巴馬旅行社有限公司,臺北市大同區華陰街91號13樓之3,李長駿,7000000,,115/04/30,特殊補正,J902011 旅行業,臺北市,變更,11504
25095144,逸宏國際有限公司,臺北市大同區太原路50號2樓,黃俊豪,1000000,,115/04/10,特殊補正,F115010 首飾及貴金屬批發業；F115020 礦石批發業；F104110 布疋、衣著、鞋、帽、傘、服飾品批發業；F106010 五金批發業；F109070 文教、樂器、育樂用品批發業；F199990 其他批發業；F206010 五金零售業；F215010 首飾及貴金屬零售業；F215020 礦石零售業；F399990 其他綜合零售業,臺北市,變更,11504
25101666,雲矩智慧股份有限公司,臺北市中正區杭州南路1段23號9樓之3,郭中平,1200000,,115/04/27,補繳規費,I103060 管理顧問業；IZ15010 市場研究及民意調查業；F401010 國際貿易業；I401010 一般廣告服務業；ZZ99999 除許可業務外，得經營法令非禁止或限制之業務；H701010 住宅及大樓開發租售業；H701020 工業廠房開發租售業；H703090 不動產買賣業；H703100 不動產租賃業；IZ12010 人力派遣業,臺北市,變更,11504
25103860,歐也空間室內裝修設計股份有限公司,臺北市南港區三重路19之6號10樓,唐立成,18000000,,115/04/28,改選董事/監察人(一人法人股東指派董事/監察人),JB01010 會議及展覽服務業；I503010 景觀、室內設計業；E801010 室內裝潢業；I401010 一般廣告服務業；I501010 產品設計業；J601010 藝文服務業；J602010 演藝活動業；I103060 管理顧問業；F401010 國際貿易業；E601020 電器安裝業,臺北市,變更,11504
25104761,立達國際電子股份有限公司,臺北市內湖區湖元里新湖二路166號4樓,王立民,526985820,,115/04/16,補繳規費,F113030 精密儀器批發業；F113050 電腦及事務性機器設備批發業；F118010 資訊軟體批發業；F119010 電子材料批發業；F218010 資訊軟體零售業；F219010 電子材料零售業；F401010 國際貿易業；F401021 電信管制射頻器材輸入業；CC01080 電子零組件製造業；CC01101 電信管制射頻器材製造業,臺北市,變更,11504
25104988,浩航實業股份有限公司,臺北市大安區忠孝東路4段71之5號6樓,陳明成,1500000,,115/04/27,特殊補正,H701010 住宅及大樓開發租售業；H701020 工業廠房開發租售業；H701040 特定專業區開發業；H701050 投資興建公共建設業；H701060 新市鎮、新社區開發業；H701070 區段徵收及市地重劃代辦業；H701080 都市更新重建業；H701090 都市更新整建維護業；H702010 建築經理業；H703090 不動產買賣業,臺北市,變更,11504
25105473,亞諾思特股份有限公司,臺北市中山區南京東路3段103號3樓,山田和彥,3000000,,115/04/23,特殊補正,F401010 國際貿易業；F101050 水產品批發業；F101130 蔬果批發業；F102170 食品什貨批發業；F104110 布疋、衣著、鞋、帽、傘、服飾品批發業；F105050 家具、寢具、廚房器具、裝設品批發業；F106010 五金批發業；F106020 日常用品批發業；F108040 化粧品批發業；F109070 文教、樂器、育樂用品批發業,臺北市,變更,11504
25105494,覺旅股份有限公司,臺北市松山區南京東路3段287號8樓,張書豪,15645000,,115/04/16,特殊補正,F401010 國際貿易業；F501030 飲料店業；F501060 餐館業；ZZ99999 除許可業務外，得經營法令非禁止或限制之業務,臺北市,變更,11504
25108366,亞凸席行銷有限公司,臺北市信義區基隆路1段155號7樓,梁永漢,2000000,,115/04/10,特殊補正,J602010 演藝活動業；J701080 水域遊憩活動經營業；J801030 競技及休閒運動場館業；J803010 運動表演業；JZ99050 仲介服務業；F401010 國際貿易業；ZZ99999 除許可業務外，得經營法令非禁止或限制之業務；J401010 電影片製作業；J402010 電影片發行業；J503020 電視節目製作業,臺北市,變更,11504
25109837,佳德設計有限公司,臺北市中山區松江路315號11樓,簡如珊,20000000,,115/04/16,特殊補正,E599010 配管工程業；E601010 電器承裝業；E801010 室內裝潢業；E801020 門窗安裝工程業；E801030 室內輕鋼架工程業；E901010 油漆工程業；E903010 防蝕、防銹工程業；F111090 建材批發業；I503010 景觀設計業；F106010 五金批發業,臺北市,變更,11504
25109858,格尚國際物業股份有限公司,臺北市信義區基隆路1段143號5樓之8,陶慧瑜,5000000,,115/04/29,改選董事/監察人(一人法人股東指派董事/監察人),E801010 室內裝潢業；F207030 清潔用品零售業；F213100 污染防治設備零售業；F401010 國際貿易業；G202010 停車場經營業；H701010 住宅及大樓開發租售業；H701020 工業廠房開發租售業；H703090 不動產買賣業；H703100 不動產租賃業；I103060 管理顧問業,臺北市,變更,11504
25110031,典熙國際有限公司,臺北市大安區忠孝東路4段183號13樓之2,黃秀鳳,1000000,,115/04/27,特殊補正,F401010 國際貿易業；F117010 消防安全設備批發業；CK01010 製鞋業；F104110 布疋、衣著、鞋、帽、傘、服飾品批發業；F109070 文教、樂器、育樂用品批發業；ZZ99999 除許可業務外，得經營法令非禁止或限制之業務,臺北市,變更,11504
25110573,翔聲國際有限公司,臺北市中正區大埔街25巷1號2樓,柯泓志,13000000,,115/04/01,特殊補正,J401010 電影片製作業；J503010 廣播節目製作業；J503020 電視節目製作業；J503040 廣播電視廣告業；J601010 藝文服務業；J602010 演藝活動業；I401010 一般廣告服務業；J404020 提供設備及場地供電影片拍攝業；J402010 電影片發行業；JE01010 租賃業,臺北市,變更,11504
25113213,瑞宏新技股份有限公司,臺北市內湖區瑞光路581號,鄭寶瑞,295000000,,115/04/08,特殊補正,CC01110 電腦及其週邊設備製造業；CC01080 電子零組件製造業；F401010 國際貿易業；ZZ99999 除許可業務外，得經營法令非禁止或限制之業務,臺北市,變更,11504
25121282,彤達餐飲股份有限公司,臺北市信義區基隆路1段432號3樓,楊欣,7652200,,115/04/13,改選董事/監察人(一人法人股東指派董事/監察人),I102010 投資顧問業；I103060 管理顧問業；I401010 一般廣告服務業；I501010 產品設計業；IZ15010 市場研究及民意調查業；J202010 產業育成業；J601010 藝文服務業；F401010 國際貿易業；F501030 飲料店業；F501060 餐館業,臺北市,變更,11504
25122162,每均國際貿易有限公司,臺北市中山區林森北路575號6樓之2,徐志平,1000000,,115/04/23,修正章程,F101070 漁具批發業；F103010 飼料批發業；F106060 寵物用品批發業；F107070 動物用藥品批發業；F108031 醫療器材批發業；F201050 漁具零售業；F202010 飼料零售業；F206050 寵物用品零售業；F207070 動物用藥零售業；F208031 醫療器材零售業,臺北市,變更,11504
25122901,樂富社會企業股份有限公司,臺北市信義區光復南路495號5樓,楊千慧,5000000,,115/04/27,補選董事(常務董事.董事長)/監察人,I102010 投資顧問業；I103060 管理顧問業；I199990 其他顧問服務業；I301030 電子資訊供應服務業；I401010 一般廣告服務業；IZ12010 人力派遣業；IZ15010 市場研究及民意調查業；IZ99990 其他工商服務業；J601010 藝文服務業；JB01010 會議及展覽服務業,臺北市,變更,11504
25128200,雨鑫科技有限公司,臺北市松山區南京東路5段106號6樓,嚴月娥,10000000,,115/04/14,特殊補正,F113020 電器批發業；F113030 精密儀器批發業；F113050 電腦及事務性機器設備批發業；F113070 電信器材批發業；F113090 交通標誌器材批發業；F113100 污染防治設備批發業；F113110 電池批發業；F113990 其他機械器具批發業；I102010 投資顧問業；I103060 管理顧問業,臺北市,變更,11504
25129051,弘康興業有限公司,臺北市中正區北平東路24號5樓之3,簡閎澤,5000000,,115/04/20,特殊補正,I103060 管理顧問業；F118010 資訊軟體批發業；F218010 資訊軟體零售業；I301010 資訊軟體服務業；I301020 資料處理服務業；I301030 電子資訊供應服務業；J399010 軟體出版業；F208050 乙類成藥零售業；ZZ99999 除許可業務外，得經營法令非禁止或限制之業務；JE01010 租賃業,臺北市,變更,11504
25129279,台灣吉事特有限公司,臺北市信義區忠孝東路5段800號9樓之3,林炎源,2250000,,115/04/09,特殊補正,F102030 菸酒批發業；F203020 菸酒零售業；F102040 飲料批發業；F102170 食品什貨批發業；F203010 食品什貨、飲料零售業；F106020 日常用品批發業；F206020 日常用品零售業；F107030 清潔用品批發業；F207030 清潔用品零售業；F108040 化粧品批發業,臺北市,變更,11504
25130326,綠金園資產股份有限公司,臺北市中正區羅斯福路2段136號13樓,蔡佩君,460000000,,115/04/30,改派董事/監察人,H701030 殯葬場所開發租售業；F106070 祭祀用品批發業；F206060 祭祀用品零售業；F101100 花卉批發業；F201070 花卉零售業；F101130 蔬果批發業；F201010 農產品零售業；F102170 食品什貨批發業；F203010 食品什貨、飲料零售業；F401010 國際貿易業,臺北市,變更,11504
25131839,安德豐有限公司,臺北市大同區重慶北路1段26巷50號(1樓),鄭詩璇,18600000,,115/04/16,減少所營事業變更修正章程,I102010 投資顧問業；I199990 其他顧問服務業；IZ04010 翻譯業,臺北市,變更,11504
25132247,艾爾斯國際諮詢顧問有限公司,臺北市大安區忠孝東路4段176之1號3樓,黃健哲,10000000,,115/04/24,特殊補正,I103060 管理顧問業；JA05010 留、遊學服務業；ZZ99999 除許可業務外，得經營法令非禁止或限制之業務,臺北市,變更,11504
25132372,昶暉投資股份有限公司,臺北市中山區松江路402巷26號3樓,蔡繡玲,21000000,,115/04/28,董事/監察人持股變動報備,H201010 一般投資業；I199990 其他顧問服務業；J101050 環境檢測服務業；J101990 其他環境衛生及污染防治服務業；ZZ99999 除許可業務外，得經營法令非禁止或限制之業務,臺北市,變更,11504
25135379,承美投資股份有限公司,臺北市內湖區瑞光路258巷33號9樓,郭秋利,2000000,,115/04/07,特殊補正,H201010 一般投資業,臺北市,變更,11504
25135531,亞普鍶國際有限公司,臺北市內湖區南京東路6段461號4樓,吳尚蘴,4000000,,115/04/01,特殊補正,F104110 布疋、衣著、鞋、帽、傘、服飾品批發業；F204110 布疋、衣著、鞋、帽、傘、服飾品零售業；F399040 無店面零售業；F401010 國際貿易業；ZZ99999 除許可業務外，得經營法令非禁止或限制之業務；F106020 日常用品批發業；F105050 家具、寢具、廚房器具、裝設品批發業；F108040 化粧品批發業；F109070 文教、樂器、育樂用品批發業；F115010 首飾及貴金屬批發業,臺北市,變更,11504
25136428,禾岳國際有限公司,臺北市中山區南京東路2段72號8樓之1,楊家權,70000000,,115/04/07,特殊補正,F102040 飲料批發業；F102050 茶葉批發業；F102170 食品什貨批發業；F104110 布疋、衣著、鞋、帽、傘、服飾品批發業；F105050 家具、寢具、廚房器具、裝設品批發業；F106020 日常用品批發業；F107030 清潔用品批發業；F108040 化粧品批發業；F109070 文教、樂器、育樂用品批發業；F110010 鐘錶批發業,臺北市,變更,11504
25139353,岩井機械工業股份有限公司,臺北市松山區光復北路85巷28號8樓,相原勝,20000000,,115/04/30,改選董事/監察人(一人法人股東指派董事/監察人),F113010 機械批發業；F213080 機械器具零售業；F401010 國際貿易業；I501010 產品設計業；JA02990 其他修理業；ZZ99999 除許可業務外，得經營法令非禁止或限制之業務,臺北市,變更,11504
25140458,辰啟國際企業有限公司,臺北市中山區南京東路3段219號9樓,劉芳伶,3000000,,115/04/07,特殊補正,F111090 建材批發業；E801010 室內裝潢業；E801020 門窗安裝工程業；H703100 不動產租賃業；I503010 景觀設計業；I501010 產品設計業；I102010 一般投資顧問業；I103060 管理顧問業；I199990 其他顧問服務業；JZ99050 仲介服務業,臺北市,變更,11504
25143032,光芯科技股份有限公司,臺北市內湖區新明路174巷6弄10號1樓,蔡敏菁,5000000,,115/04/14,特殊補正,CC01040 照明設備製造業；CC01080 電子零組件製造業；F119010 電子材料批發業；F219010 電子材料零售業；F401010 國際貿易業；F601010 智慧財產權業；I501010 產品設計業；ZZ99999 除許可業務外，得經營法令非禁止或限制之業務,臺北市,變更,11504
25144102,誼閎油漆工程有限公司,臺北市士林區延平北路5段197巷9號,郭錫欽,3000000,,115/04/24,股東出資轉讓修正章程,E901010 油漆工程業；E801010 室內裝潢業；F207010 漆料、塗料零售業；F205040 家具、寢具、廚房器具、裝設品零售業；I503010 景觀、室內設計業,臺北市,變更,11504
25145469,奇磊投資股份有限公司,臺北市大安區復興南路1段380號12樓,李麗君,159378000,,115/04/28,特殊補正,H201010 一般投資業,臺北市,變更,11504
25146333,驊昱投資股份有限公司,臺北市大安區敦化南路1段183號4樓,鄭明松,12000000,,115/04/01,改選董事/監察人(一人法人股東指派董事/監察人),H201010 一般投資業,臺北市,變更,11504
25147121,台灣德恩創業投資股份有限公司,臺北市中正區德行西路33號6樓,康新生,500000,,115/04/29,特殊補正,I102010 投資顧問業；I103060 管理顧問業；H202010 創業投資業；ZZ99999 除許可業務外，得經營法令非禁止或限制之業務,臺北市,變更,11504
25147781,富安德堡投資有限公司,臺北市中正區忠孝東路2段130號2樓之3,林峻樟,83200000,,115/04/07,特殊補正,H201010 一般投資業；I102010 一般投資顧問業；I103060 管理顧問業；H202010 創業投資業；ZZ99999 除許可業務外，得經營法令非禁止或限制之業務,臺北市,變更,11504
25147987,綜順國際有限公司,臺北市中山區民族東路500號1樓,劉書宏,36000000,,115/04/09,公司所營事業變更修正章程,F106010 五金批發業；F107010 漆料、塗料批發業；F111090 建材批發業；F113010 機械批發業；F113020 電器批發業；F113090 交通標誌器材批發業；F113990 其他機械器具批發業；F114010 汽車批發業；F114030 汽、機車零件配備批發業；F114050 車胎批發業,臺北市,變更,11504
25149009,台灣鼎尖國際物流有限公司,臺北市信義區松仁路100號30樓之1,何金堂,9000000,,115/04/21,補繳規費,G601011 航空貨運承攬業；G402011 海運承攬運送業；ZZ99999 除許可業務外，得經營法令非禁止或限制之業務；G701011 報關業；G799990 其他運輸輔助業,臺北市,變更,11504
27239765,新加坡商新索國際版權股份有限公司,臺北市中正區杭州北路26號11樓,吳小玲,1000000,,115/04/20,改派在中華民國境內負責人變更登記,ZZ99999 除許可業務外，得經營法令非禁止或限制之業務,臺北市,變更,11504
27240313,香港商雅虎資訊股份有限公司,臺北市南港區三重路66號14樓,陳國煇,5662588500,,115/04/08,一般補正案,F118010 資訊軟體批發業；F218010 資訊軟體零售業；I301010 資訊軟體服務業；I301020 資料處理服務業；I301030 電子資訊供應服務業；I103060 管理顧問業；I401010 一般廣告服務業；F401010 國際貿易業；ZZ99999 除許可業務外，得經營法令非禁止或限制之業務；F301010 百貨公司業,臺北市,變更,11504
27243557,日商日本信號股份有限公司,臺北市中山區錦州街28號4樓,坪田章利,5000000,,115/04/21,本公司董事及其他負責人變更,CC01010 發電、輸電、配電機械製造業；CC01110 電腦及其週邊設備製造業；CC01120 資料儲存媒體製造及複製業；CC01080 電子零組件製造業；CD01020 軌道車輛及其零件製造業；E603050 自動控制設備工程業；E601010 電器承裝業；E605010 電腦設備安裝業；F113010 機械批發業；F213080 機械器具零售業,臺北市,變更,11504
27249222,日商昭和電線電纜股份有限公司,臺北市松山區敦化北路167號17樓,仲吉徹,0,,115/04/14,改派在中華民國境內代表人,,臺北市,變更,11504
27252844,啟航創業投資股份有限公司,臺北市信義區信義路5段7號28樓,陳世新,67506750,,115/04/08,改派董事/監察人,H202010 創業投資業,臺北市,變更,11504
27290565,采略投資股份有限公司,臺北市大同區延平北路1段29號5樓,姚連地,51800000,,115/04/30,特殊補正,H201010 一般投資業,臺北市,變更,11504
27310534,詠瀚室內裝修設計工程有限公司,臺北市士林區延平北路6段199巷1號4樓,郭承霖,2000000,,115/04/02,股東出資轉讓修正章程,E801010 室內裝潢業；E801020 門窗安裝工程業；E801040 玻璃安裝工程業；E801070 廚具、衛浴設備安裝工程業；E901010 油漆工程業；E599010 配管工程業；E601010 電器承裝業；E601020 電器安裝業；E603040 消防安全設備安裝工程業；E603090 照明設備安裝工程業,臺北市,變更,11504
27313997,台灣双日股份有限公司,臺北市中山區松江路169號11樓,安達祐司,154400000,,115/04/30,改選董事/監察人(一人法人股東指派董事/監察人),F401010 國際貿易業；F101040 家畜家禽批發業；F101050 水產品批發業；F201030 水產品零售業；F101100 花卉批發業；F201070 花卉零售業；F101130 蔬果批發業；F101990 其他農、畜、水產品批發業；F201010 農產品零售業；F201020 畜產品零售業,臺北市,變更,11504
27315587,台灣百夫長壓力感測科技有限公司,臺北市大安區光復南路634號3樓,高艾偉,500000,,115/04/10,公司名稱變更修正章程,ZZ99999 除許可業務外，得經營法令非禁止或限制之業務,臺北市,變更,11504
27316278,律實股份有限公司,臺北市信義區忠孝東路5段1之1號12樓,何文智,1000000,,115/04/13,補繳規費,F113020 電器批發業；F113070 電信器材批發業；F113110 電池批發業；F118010 資訊軟體批發業；F119010 電子材料批發業；F213010 電器零售業；F213060 電信器材零售業；F213110 電池零售業；F218010 資訊軟體零售業；F219010 電子材料零售業,臺北市,變更,11504
27326162,第一創業投資股份有限公司,臺北市中正區延平南路38號10樓,李建忠,1800000000,,115/04/15,改派董事/監察人,H202010 創業投資業,臺北市,變更,11504
27326775,元技科技股份有限公司,臺北市中山區南京東路1段17號18樓之3,張百合,80000000,,115/04/30,特殊補正,F119010 電子材料批發業；F219010 電子材料零售業；F401010 國際貿易業；ZZ99999 除許可業務外，得經營法令非禁止或限制之業務,臺北市,變更,11504
27329077,山林水環境工程股份有限公司,臺北市中山區吉林路99號3樓,郭又綺,1811984460,,115/04/20,可轉換公司債換發新股,E103101 環境保護工程專業營造業；E502010 燃料導管安裝工程業；E599010 配管工程業；F107080 環境用藥批發業；F107170 工業助劑批發業；F113010 機械批發業；F113020 電器批發業；F113030 精密儀器批發業；F113100 污染防治設備批發業；F401010 國際貿易業,臺北市,變更,11504
27329148,第一金融管理顧問股份有限公司,臺北市中正區延平南路38號10樓,李建忠,20000000,,115/04/15,改派董事/監察人,I102010 投資顧問業；I103010 企業經營管理顧問業；I103050 創業投資事業管理顧問業,臺北市,變更,11504
27329793,元惟醫技股份有限公司,臺北市大安區敦化南路2段99號14樓,施濟美,99000000,,115/04/23,改選董事/監察人(一人法人股東指派董事/監察人),EZ05010 儀器、儀表安裝工程業；F108031 醫療器材批發業；F208031 醫療器材零售業；F113030 精密儀器批發業；F213040 精密儀器零售業；F401010 國際貿易業；H703090 不動產買賣業；H703100 不動產租賃業；ZZ99999 除許可業務外，得經營法令非禁止或限制之業務,臺北市,變更,11504
27331664,友信文創開發股份有限公司,臺北市中正區杭州北路26號12樓之1,陳甫彥,50000000,,115/04/07,特殊補正,F102050 茶葉批發業；F199990 其他批發業；F299990 其他零售業；F399990 其他綜合零售業；F401010 國際貿易業；I102010 投資顧問業；I103060 管理顧問業；I105010 藝術品諮詢顧問業；I199990 其他顧問服務業；ZZ99999 除許可業務外，得經營法令非禁止或限制之業務,臺北市,變更,11504
27334613,邱正宏健康國際事業股份有限公司,臺北市中山區中山北路2段39巷6之1號2樓,翁若蜜,8000000,,115/04/02,公司名稱變更修正章程,ZZ99999 除許可業務外，得經營法令非禁止或限制之業務；J303010 雜誌（期刊）出版業；J304010 圖書出版業；JZ99080 美容美髮服務業；JZ99110 瘦身美容業；F108040 化粧品批發業；F109070 文教、樂器、育樂用品批發業；F113030 精密儀器批發業；F113060 度量衡器批發業；F118010 資訊軟體批發業,臺北市,變更,11504
27337766,誠品貿易股份有限公司,臺北市士林區延平北路6段485號3樓,陳煙平,60000000,,115/04/09,特殊補正,F108021 西藥批發業；F108031 醫療器材批發業；F108040 化粧品批發業；F103010 飼料批發業；F107070 動物用藥品批發業；F401010 國際貿易業；F102170 食品什貨批發業；F107200 化學原料批發業；F121010 食品添加物批發業；F221010 食品添加物零售業,臺北市,變更,11504
27338245,居沃室內裝修工程股份有限公司,臺北市松山區民生東路5段2之1號,童立姍,11520000,,115/04/21,特殊補正,E801060 室內裝修業；E801010 室內裝潢業；E601010 電器承裝業；E601020 電器安裝業；E603050 自動控制設備工程業；E605010 電腦設備安裝業；E701040 簡易電信設備安裝業；E801020 門窗安裝工程業；E801030 室內輕鋼架工程業；E801040 玻璃安裝工程業,臺北市,變更,11504
27339820,品日國際旅行社股份有限公司,臺北市中山區長安東路2段112號8樓之5,李建霖,8000000,,115/04/24,經理人解任,J902011 旅行業,臺北市,變更,11504
27344289,兆鴻流體工程有限公司,臺北市內湖區行善路56號5樓之1,陳文豪,15000000,,115/04/24,公司外文名稱登記修正章程,CB01010 機械設備製造業；CC01010 發電、輸電、配電機械製造業；F113010 機械批發業；F213080 機械器具零售業；F217010 消防安全設備零售業；E599010 配管工程業；E603040 消防安全設備安裝工程業；E603050 自動控制設備工程業；E604010 機械安裝業；F401010 國際貿易業,臺北市,變更,11504
27345344,德宜國際股份有限公司,臺北市信義區松德路133巷48號,張忠輝,20000000,,115/04/24,申登機關變更（遷入，含卷）,F401010 國際貿易業；F111090 建材批發業；F105050 家具、寢具、廚房器具、裝設品批發業；F205040 家具、寢具、廚房器具、裝設品零售業；F211010 建材零售業；H701010 住宅及大樓開發租售業；ZZ99999 除許可業務外，得經營法令非禁止或限制之業務；E601020 電器安裝業；E801010 室內裝潢業；E801070 廚具、衛浴設備安裝工程業,臺北市,變更,11504
27346028,哈林實業有限公司,臺北市大安區臨江街62號1樓,林飛羽,1000000,,115/04/02,特殊補正,F401010 國際貿易業；F204110 布疋、衣著、鞋、帽、傘、服飾品零售業；F205040 家具、寢具、廚房器具、裝設品零售業；F209060 文教、樂器、育樂用品零售業；F104110 布疋、衣著、鞋、帽、傘、服飾品批發業；F105050 家具、寢具、廚房器具、裝設品批發業；F109070 文教、樂器、育樂用品批發業；ZZ99999 除許可業務外，得經營法令非禁止或限制之業務,臺北市,變更,11504
27355291,鑫行動股份有限公司,臺北市中山區建國北路2段147號4樓之6,關鑫,10000000,,115/04/16,改選董事/監察人(一人法人股東指派董事/監察人),F118010 資訊軟體批發業；F119010 電子材料批發業；F219010 電子材料零售業；F213030 事務性機器設備零售業；F218010 資訊軟體零售業；F401010 國際貿易業；I301010 資訊軟體服務業；I301030 電子資訊供應服務業；ZZ99999 除許可業務外，得經營法令非禁止或限制之業務,臺北市,變更,11504
27358537,超時代電訊股份有限公司,臺北市中正區忠孝東路1段39號2樓之1,鍾國樫,13800000,,115/04/17,董事/監察人持股變動報備,IE01010 電信業務門號代辦業；I301010 資訊軟體服務業；I301020 資料處理服務業；I301030 電子資訊供應服務業；F113070 電信器材批發業；F118010 資訊軟體批發業；F213060 電信器材零售業；F218010 資訊軟體零售業；F401010 國際貿易業；G903010 電信事業,臺北市,變更,11504
27359304,統一多拿滋股份有限公司,臺北市松山區東興路8號8樓,陸永偉,150001000,,115/04/27,特殊補正,C104020 烘焙炊蒸食品製造業；F203010 食品什貨、飲料零售業；F206020 日常用品零售業；F209060 文教、樂器、育樂用品零售業；F401010 國際貿易業；F501030 飲料店業；F501060 餐館業；A102060 糧商業；ZZ99999 除許可業務外，得經營法令非禁止或限制之業務；F399990 其他綜合零售業,臺北市,變更,11504
27360702,惟美雅生物科技股份有限公司,臺北市松山區南京東路5段71號3樓之4,黃美月,10000000,,115/04/16,改選董事/監察人(一人法人股東指派董事/監察人),F108040 化粧品批發業；F208040 化粧品零售業；F113990 其他機械器具批發業；F213990 其他機械器具零售業；JE01010 租賃業；JZ99110 瘦身美容業；F108031 醫療器材批發業；F208031 醫療器材零售業；F102040 飲料批發業；F102170 食品什貨批發業,臺北市,變更,11504
27362976,匯碁股份有限公司,臺北市松山區復興北路101號8樓之7,林美金,160000000,,115/04/10,改派董事/監察人,H701010 住宅及大樓開發租售業；H701020 工業廠房開發租售業；H703090 不動產買賣業；H703100 不動產租賃業；I102010 投資顧問業；I103060 管理顧問業；F401010 國際貿易業；ZZ99999 除許可業務外，得經營法令非禁止或限制之業務,臺北市,變更,11504
27362981,浩晟股份有限公司,臺北市松山區復興北路101號8樓之8,林美金,50000000,,115/04/07,改選董事/監察人(一人法人股東指派董事/監察人),H701010 住宅及大樓開發租售業；H701020 工業廠房開發租售業；H703090 不動產買賣業；H703100 不動產租賃業；I102010 投資顧問業；I103060 管理顧問業；F401010 國際貿易業；ZZ99999 除許可業務外，得經營法令非禁止或限制之業務,臺北市,變更,11504
27364741,詮橋科技有限公司,臺北市信義區基隆路1段109之6號4樓之2,詹裕恒,6000000,,115/04/08,特殊補正,F401010 國際貿易業；F107170 工業助劑批發業；F207170 工業助劑零售業；F119010 電子材料批發業；F219010 電子材料零售業；ZZ99999 除許可業務外，得經營法令非禁止或限制之業務,臺北市,變更,11504
27366874,歐榮環保科技股份有限公司,臺北市信義區松德路171號15樓之3,吳天銘,508200000,,115/04/30,補繳規費,E103101 環境保護工程專業營造業；E599010 配管工程業；E604010 機械安裝業；J101060 廢（污）水處理業；J101050 環境檢測服務業；J101990 其他環境衛生及污染防治服務業；IZ12010 人力派遣業；ZZ99999 除許可業務外，得經營法令非禁止或限制之業務；CB01010 機械設備製造業；CB01030 污染防治設備製造業,臺北市,變更,11504
27367254,邑鼎股份有限公司,臺北市松山區復興北路101號8樓之7,林美金,48000000,,115/04/14,改派董事/監察人,H701010 住宅及大樓開發租售業；H701020 工業廠房開發租售業；H703090 不動產買賣業；H703100 不動產租賃業；I102010 投資顧問業；I103060 管理顧問業；F401010 國際貿易業；ZZ99999 除許可業務外，得經營法令非禁止或限制之業務,臺北市,變更,11504
27367260,草山硯物業股份有限公司,臺北市松山區復興北路101號8樓之8,林美金,80000000,,115/04/21,改派董事/監察人,H701010 住宅及大樓開發租售業；H701020 工業廠房開發租售業；H703090 不動產買賣業；H703100 不動產租賃業；I102010 投資顧問業；I103060 管理顧問業；F401010 國際貿易業；ZZ99999 除許可業務外，得經營法令非禁止或限制之業務,臺北市,變更,11504
27369400,慧星資訊股份有限公司,臺北市中山區復興北路48號3樓,沈舜堂,1200000,,115/04/01,特殊補正,F401010 國際貿易業；F113050 電腦及事務性機器設備批發業；F213030 電腦及事務性機器設備零售業；F218010 資訊軟體零售業；I301010 資訊軟體服務業；I301020 資料處理服務業；I301030 電子資訊供應服務業,臺北市,變更,11504
27391037,采玥科技有限公司,臺北市萬華區青年路28號10樓之2,李祈瑩,1200000,,115/04/24,特殊補正,F119010 電子材料批發業；F118010 資訊軟體批發業；F113070 電信器材批發業；F601010 智慧財產權業；F401010 國際貿易業；F113010 機械批發業；F113050 事務性機器設備批發業；F114030 汽、機車零件配備批發業；F106010 五金批發業；ZZ99999 除許可業務外，得經營法令非禁止或限制之業務,臺北市,變更,11504
27520763,樹沛有限公司,臺北市大同區迪化街1段46巷22號,陳載勝,4500000,,115/04/24,公司所營事業變更修正章程,F118010 資訊軟體批發業；I401010 一般廣告服務業；JB01010 會議及展覽服務業；I103060 管理顧問業；J601010 藝文服務業；JZ99050 仲介服務業；I599990 其他設計業；IZ12010 人力派遣業；F109070 文教、樂器、育樂用品批發業；F104110 布疋、衣著、鞋、帽、傘、服飾品批發業,臺北市,變更,11504
27521165,大侑健康企業有限公司,臺北市大安區忠孝東路3段197之6號,莊金英,5000000,,115/04/14,公司所營事業變更修正章程,F102170 食品什貨批發業；F107030 清潔用品批發業；F108040 化粧品批發業；F113010 機械批發業；F113020 電器批發業；F401010 國際貿易業；IG01010 生物技術服務業；F105050 家具、寢具、廚房器具、裝設品批發業；F106020 日常用品批發業；F199990 其他批發業,臺北市,變更,11504
27521290,寰博投資股份有限公司,臺北市中山區龍江路120巷9號2樓之1,林美金,1000000,,115/04/01,改選董事/監察人(一人法人股東指派董事/監察人),H201010 一般投資業,臺北市,變更,11504
27521550,華暘投資股份有限公司,臺北市松山區復興北路101號8樓之6,林美金,1000000,,115/04/01,改選董事/監察人(一人法人股東指派董事/監察人),H201010 一般投資業,臺北市,變更,11504
27521622,致葆投資股份有限公司,臺北市中山區龍江路120巷9號2樓之1,李藩,1000000,,115/04/01,特殊補正,H201010 一般投資業,臺北市,變更,11504
27529194,萬泰物流供應鏈股份有限公司,臺北市中山區八德路2段308號5樓,鄭毓文,402410000,,115/04/09,發行新股,G402011 海運承攬運送業；G601011 航空貨運承攬業；G701011 報關業；ZZ99999 除許可業務外，得經營法令非禁止或限制之業務,臺北市,變更,11504
27532156,台灣力森諾科化學品製造股份有限公司,臺北市中山區南京東路2段125號14樓,大原義典,70000000,,115/04/16,改派董事/監察人,C801010 基本化學工業；C801030 精密化學材料製造業；F107200 化學原料批發業；F401010 國際貿易業；ZZ99999 除許可業務外，得經營法令非禁止或限制之業務,臺北市,變更,11504
27540487,長榮國際遊艇有限公司,臺北市中正區忠孝西路1段41號11樓之7,王格琦,1000000,,115/04/14,特殊補正,ZZ99999 除許可業務外，得經營法令非禁止或限制之業務；F401010 國際貿易業；H701010 住宅及大樓開發租售業；H703110 老人住宅業；I102010 投資顧問業；J601010 藝文服務業；JB01010 會議及展覽服務業；JE01010 租賃業,臺北市,變更,11504
27541660,佐修企業有限公司,臺北市萬華區貴陽街2段33號15樓之8,陳威霖,6000000,,115/04/23,股東出資轉讓修正章程,F204110 布疋、衣著、鞋、帽、傘、服飾品零售業；F209060 文教、樂器、育樂用品零售業；I103060 管理顧問業；F401010 國際貿易業；F199990 其他批發業；H703100 不動產租賃業；ZZ99999 除許可業務外，得經營法令非禁止或限制之業務,臺北市,變更,11504
27544391,正揚生醫科技股份有限公司,臺北市南港區研究院路1段130巷99號3樓,曾育弘,328630050,,115/04/16,特殊補正,J101070 放射性廢料處理服務業；IZ12010 人力派遣業；IZ09010 管理系統驗證業；IC01010 藥品檢驗業；JE01010 租賃業；I501010 產品設計業；I103060 管理顧問業；I102010 一般投資顧問業；H703100 不動產租賃業；H701010 住宅及大樓開發租售業,臺北市,變更,11504
27546052,觀示苑股份有限公司,臺北市大安區忠孝東路4段200號12樓,劉希平,110000000,,115/04/23,特殊補正,J201031 短期補習班業；F601010 智慧財產權業；J305010 有聲出版業；J503051 錄影節目帶業；F104110 布疋、衣著、鞋、帽、傘、服飾品批發業；F203010 食品什貨、飲料零售業；F204110 布疋、衣著、鞋、帽、傘、服飾品零售業；F208040 化粧品零售業；F209060 文教、樂器、育樂用品零售業；F218010 資訊軟體零售業,臺北市,變更,11504
27551527,力雄股份有限公司,臺北市內湖區新湖三路23號5樓,陳清華,1109111000,,115/04/02,改派董事/監察人,H701010 住宅及大樓開發租售業；H701020 工業廠房開發租售業；H701050 投資興建公共建設業；H703090 不動產買賣業；H703100 不動產租賃業；I102010 投資顧問業；I103060 管理顧問業；I199990 其他顧問服務業；I301010 資訊軟體服務業；I301020 資料處理服務業,臺北市,變更,11504
27552841,聯宇投資股份有限公司,臺北市大安區新生南路1段143巷3號2樓,林新一,200000000,,115/04/01,改派董事/監察人,H201010 一般投資業,臺北市,變更,11504
27552954,湖西家園股份有限公司,臺北市萬華區萬大路172號1樓,楊朝旭,92610000,,115/04/28,改選董事/監察人(一人法人股東指派董事/監察人),H701010 住宅及大樓開發租售業；H703090 不動產買賣業；H703100 不動產租賃業；F111090 建材批發業；I401010 一般廣告服務業；I102010 投資顧問業；H201010 一般投資業；H701020 工業廠房開發租售業；H701050 投資興建公共建設業；H701060 新市鎮、新社區開發業,臺北市,變更,11504
27556614,台裕國際股份有限公司,臺北市中山區松江路146號6樓之1,黃曉雯,50000000,,115/04/09,特殊補正,E801010 室內裝潢業；EZ14010 運動場地用設備工程業；F105050 家具、寢具、廚房器具、裝設品批發業；F205040 家具、寢具、廚房器具、裝設品零售業；F109070 文教、樂器、育樂用品批發業；F209060 文教、樂器、育樂用品零售業；F111090 建材批發業；F211010 建材零售業；F401010 國際貿易業；I503010 景觀、室內設計業,臺北市,變更,11504
27556620,藤霖國際開發股份有限公司,臺北市大安區羅斯福路3段325號3樓,徐瑞駿,668000000,,115/04/01,增資(資本總額),E801010 室內裝潢業；E801020 門窗安裝工程業；E801030 室內輕鋼架工程業；E801040 玻璃安裝工程業；E801070 廚具、衛浴設備安裝工程業；F401010 國際貿易業；H701010 住宅及大樓開發租售業；I401010 一般廣告服務業；I503010 景觀、室內設計業,臺北市,變更,11504
27558394,樂府建設股份有限公司,臺北市士林區環河北路3段181號1樓,鍾志,10000000,,115/04/01,改選董事/監察人(一人法人股東指派董事/監察人),F111090 建材批發業；H701010 住宅及大樓開發租售業；H701020 工業廠房開發租售業；H701080 都市更新業；H703090 不動產買賣業；H703100 不動產租賃業；ZZ99999 除許可業務外，得經營法令非禁止或限制之業務,臺北市,變更,11504
27559268,寶舖建設股份有限公司,臺北市大安區信義路3段134巷88號1樓,藍文青,200000000,,115/04/15,發行新股,H701010 住宅及大樓開發租售業；H701020 工業廠房開發租售業；H701040 特定專業區開發業；H701050 投資興建公共建設業；H701060 新市鎮、新社區開發業；H701070 區段徵收及市地重劃代辦業；H701080 都市更新重建業；H703090 不動產買賣業；H703100 不動產租賃業；I401010 一般廣告服務業,臺北市,變更,11504
27560856,富鴻食品企業有限公司,臺北市大安區復興南路1段129號17樓,陳素秋,100000000,,115/04/20,股東出資轉讓修正章程,F203010 食品什貨、飲料零售業；F201010 農產品零售業；F201030 水產品零售業；F401010 國際貿易業；C103050 罐頭、冷凍、脫水及醃漬食品製造業；A101020 農作物栽培業；IZ12010 人力派遣業；ZZ99999 除許可業務外，得經營法令非禁止或限制之業務,臺北市,變更,11504
27561953,澳帝華期貨股份有限公司,臺北市信義區松仁路100號8樓,王中愷,800000000,,115/04/17,改派董事/監察人,H401011 期貨商,臺北市,變更,11504
27562952,太思科技股份有限公司,臺北市內湖區陽光街321巷56號7樓,何俊炘,265239000,,115/04/20,特殊補正,E605010 電腦設備安裝業；E701010 電信工程業；F113050 電腦及事務性機器設備批發業；F118010 資訊軟體批發業；F213030 電腦及事務性機器設備零售業；F218010 資訊軟體零售業；F401010 國際貿易業；I301010 資訊軟體服務業；I301020 資料處理服務業；I301030 電子資訊供應服務業,臺北市,變更,11504
27564396,聯儀建設股份有限公司,臺北市松山區八德路3段2號6樓之1,呂冠衡,15000000,,115/04/22,特殊補正,H701010 住宅及大樓開發租售業；H701020 工業廠房開發租售業；H701060 新市鎮、新社區開發業；H701080 都市更新業；I401010 一般廣告服務業；I503010 景觀、室內設計業；E801010 室內裝潢業；H702010 建築經理業；G202010 停車場經營業；ZZ99999 除許可業務外，得經營法令非禁止或限制之業務,臺北市,變更,11504
27565698,新富投資股份有限公司,臺北市萬華區長沙街2段54號,江繆金照,20000000,,115/04/29,特殊補正,H201010 一般投資業,臺北市,變更,11504
27566084,分眾傳媒股份有限公司,臺北市中正區館前路42號10樓,陳世志,205000000,,115/04/30,特殊補正,I401010 一般廣告服務業；I401020 廣告傳單分送業；I501010 產品設計業；I503010 景觀、室內設計業；I103060 管理顧問業；I301010 資訊軟體服務業；IZ99990 其他工商服務業；J302010 通訊稿業；J602010 演藝活動業；JZ99050 仲介服務業,臺北市,變更,11504
27570215,雅祥生技醫藥股份有限公司,臺北市松山區復興北路367號9樓,張鴻仁,1370000000,,115/04/20,董事(常務董事.董事長)/監察人解任,C801030 精密化學材料製造業；C801990 其他化學材料製造業；C802100 化粧品製造業；C802990 其他化學製品製造業；F107990 其他化學製品批發業；F207990 其他化學製品零售業；F107200 化學原料批發業；F207200 化學原料零售業；F108040 化粧品批發業；F102170 食品什貨批發業,臺北市,變更,11504
27573493,台灣智融科技股份有限公司,臺北市松山區南京東路4段1號11樓,Gavin Paul Carter,1000000,,115/04/23,特殊補正,F118010 資訊軟體批發業；I301010 資訊軟體服務業；F218010 資訊軟體零售業；F119010 電子材料批發業；F219010 電子材料零售業；I301020 資料處理服務業；I301030 電子資訊供應服務業；F401010 國際貿易業；F601010 智慧財產權業；I103060 管理顧問業,臺北市,變更,11504
27574676,梯立有限公司,臺北市信義區忠孝東路5段1之8號5樓,森田慎一,500000,,115/04/16,公司所在地,F107990 其他化學製品批發業(玻璃纖維)；F207990 其他化學製品零售業(玻璃纖維)；F119010 電子材料批發業；F219010 電子材料零售業；JZ99050 仲介服務業；F401010 國際貿易業；ZZ99999 除許可業務外，得經營法令非禁止或限制之業務,臺北市,變更,11504
27577717,盛大資訊股份有限公司,臺北市中山區樂群二路267號5樓之6,江威娜,123600000,,115/04/09,特殊補正,F113050 電腦及事務性機器設備批發業；F118010 資訊軟體批發業；F119010 電子材料批發業；F213030 電腦及事務性機器設備零售業；F218010 資訊軟體零售業；F219010 電子材料零售業；F401010 國際貿易業；I301010 資訊軟體服務業；I301020 資料處理服務業；I301030 電子資訊供應服務業,臺北市,變更,11504
27652861,源懋興業股份有限公司,臺北市大同區西寧北路37號9樓,王寶,6000000,,115/04/15,公司所在地,F104110 布疋、衣著、鞋、帽、傘、服飾品批發業；F204110 布疋、衣著、鞋、帽、傘、服飾品零售業；F401010 國際貿易業；F107190 塑膠膜、袋批發業；ZZ99999 除許可業務外，得經營法令非禁止或限制之業務,臺北市,變更,11504
27703334,上軒能源開發股份有限公司,臺北市松山區復興南路1段43號6樓,潘玉美,1000000,,115/04/27,特殊補正,F113050 電腦及事務性機器設備批發業；F114030 汽、機車零件配備批發業；F213030 電腦及事務性機器設備零售業；F213080 機械器具零售業；F214010 汽車零售業；F214030 汽、機車零件配備零售業；F401010 國際貿易業；JE01010 租賃業；G202010 停車場經營業；HZ02010 金融機構金錢債權收買業務,臺北市,變更,11504
27714260,永心國際餐飲股份有限公司,臺北市大安區臨江街84號1樓,許書銘,92500000,,115/04/13,增資(資本總額),F102040 飲料批發業；F102170 食品什貨批發業；F203010 食品什貨、飲料零售業；F401010 國際貿易業；F501030 飲料店業；F501060 餐館業；I101090 食品顧問業；I103060 管理顧問業；ZZ99999 除許可業務外，得經營法令非禁止或限制之業務；F204110 布疋、衣著、鞋、帽、傘、服飾品零售業,臺北市,變更,11504
27715459,和平工廠室內裝修股份有限公司,臺北市松山區南京東路5段198號4樓之2,鄭仁欽,10000000,,115/04/02,特殊補正,E801061 室內裝修業；E801010 室內裝潢業；E801020 門窗安裝工程業；E801030 室內輕鋼架工程業；E801040 玻璃安裝工程業；E801070 廚具、衛浴設備安裝工程業；E599010 配管工程業；E601010 電器承裝業；F105050 家具、寢具、廚房器具、裝設品批發業；F111090 建材批發業,臺北市,變更,11504
27716443,悅寶實業股份有限公司,臺北市松山區敦化北路167號9樓,林柏源,150000000,,115/04/24,補繳規費,H701010 住宅及大樓開發租售業；H703090 不動產買賣業；H703100 不動產租賃業；HZ02010 金融機構金錢債權收買業務；ZZ99999 除許可業務外，得經營法令非禁止或限制之業務,臺北市,變更,11504
27719758,美創光科技股份有限公司,臺北市大安區仁愛路4段137號7樓之1,張震亞,20000000,,115/04/02,特殊補正,F113020 電器批發業；F213010 電器零售業；F119010 電子材料批發業；F219010 電子材料零售業；F113050 電腦及事務性機器設備批發業；F213030 電腦及事務性機器設備零售業；F118010 資訊軟體批發業；F218010 資訊軟體零售業；F401010 國際貿易業；E601020 電器安裝業,臺北市,變更,11504
27727574,天然之扉生物科技股份有限公司,臺北市松山區南京東路3段287號10樓,武敬群,5000000,,115/04/09,特殊補正,F106020 日常用品批發業；F206020 日常用品零售業；F102040 飲料批發業；F102170 食品什貨批發業；F203010 食品什貨、飲料零售業；F104110 布疋、衣著、鞋、帽、傘、服飾品批發業；F204110 布疋、衣著、鞋、帽、傘、服飾品零售業；F105050 家具、寢具、廚房器具、裝設品批發業；F205040 家具、寢具、廚房器具、裝設品零售業；F108060 乙類成藥批發業,臺北市,變更,11504
27729088,兆太國際物流股份有限公司,臺北市中山區遼寧街112號2樓之3,張世杰,15000000,,115/04/28,特殊補正,G402011 海運承攬運送業；G601011 航空貨運承攬業；G801010 倉儲業；G701011 報關業；F401010 國際貿易業,臺北市,變更,11504
27731710,龍祥時代投資股份有限公司,臺北市萬華區漢口街2段113號2樓,王應祥,30000000,,115/04/22,改選董事/監察人(一人法人股東指派董事/監察人),H201010 一般投資業；J403010 電影片映演業；J401010 電影片製作業；J402010 電影片發行業；F501060 餐館業；F501030 飲料店業；J601010 藝文服務業；J602010 演藝活動業；J603010 音樂展演空間業；J701040 休閒活動場館業,臺北市,變更,11504
27732751,雨鑫有限公司,臺北市松山區南京東路5段106號6樓,嚴月娥,10000000,,115/04/09,特殊補正,ZZ99999 除許可業務外，得經營法令非禁止或限制之業務；F102030 菸酒批發業；F106010 五金批發業；F113020 電器批發業；F113030 精密儀器批發業；F113050 電腦及事務性機器設備批發業；F113070 電信器材批發業；F114010 汽車批發業；F114030 汽、機車零件配備批發業；F114050 車胎批發業,臺北市,變更,11504
27737572,台灣愛彼錶股份有限公司,臺北市信義區松仁路100號13樓之3,林妙香,5000000,,115/04/20,改選董事/監察人(一人法人股東指派董事/監察人),F110010 鐘錶批發業；F115010 首飾及貴金屬批發業；F210010 鐘錶零售業；F215010 首飾及貴金屬零售業；F401010 國際貿易業；F204110 布疋、衣著、鞋、帽、傘、服飾品零售業；F104110 布疋、衣著、鞋、帽、傘、服飾品批發業；ZZ99999 除許可業務外，得經營法令非禁止或限制之業務,臺北市,變更,11504
27739327,宅根設計顧問股份有限公司,臺北市大安區敦化南路2段265巷1號5樓之2,林才能,3000000,,115/04/07,改選董事/監察人(一人法人股東指派董事/監察人),E801010 室內裝潢業；E801020 門窗安裝工程業；E801030 室內輕鋼架工程業；E801040 玻璃安裝工程業；E801070 廚具、衛浴設備安裝工程業；E901010 油漆工程業；F105050 家具、寢具、廚房器具、裝設品批發業；F205040 家具、寢具、廚房器具、裝設品零售業；F211010 建材零售業；F401010 國際貿易業,臺北市,變更,11504
27739591,龍郡有限公司,臺北市萬華區西園路1段145號（龍山地下商場8號店舖）,馬斐齡,550000,,115/04/10,股東出資轉讓修正章程,F209060 文教、樂器、育樂用品零售業；F210010 鐘錶零售業；F210020 眼鏡零售業；F215010 首飾及貴金屬零售業；F215020 礦石零售業；F299990 其他零售業；I103060 管理顧問業；I105010 藝術品諮詢顧問業；ZZ99999 除許可業務外，得經營法令非禁止或限制之業務,臺北市,變更,11504
27745334,台灣冠廉實業有限公司,臺北市南港區市民大道7段228號,李學娟,5200000,,115/04/15,特殊補正,F401010 國際貿易業；F114030 汽、機車零件配備批發業；F119010 電子材料批發業；F106010 五金批發業；F104110 布疋、衣著、鞋、帽、傘、服飾品批發業；ZZ99999 除許可業務外，得經營法令非禁止或限制之業務,臺北市,變更,11504
27747255,達世科技有限公司,臺北市中正區開封街1段37號8樓,林宜昭,1000000,,115/04/17,特殊補正,F116010 照相器材批發業；F213030 電腦及事務性機器設備零售業；F216010 照相器材零售業；F401010 國際貿易業；JA02010 電器及電子產品修理業；F108040 化粧品批發業；F109070 文教、樂器、育樂用品批發業；F113020 電器批發業；F118010 資訊軟體批發業；F208040 化粧品零售業,臺北市,變更,11504
27763923,長庚國際能源股份有限公司,臺北市信義區基隆路一段159號13樓,王貴雲,3830697300,,115/04/28,發行新股,CD01030 汽車及其零件製造業；F114030 汽、機車零件配備批發業；CC01090 電池製造業；F113110 電池批發業；C801010 基本化學工業；CA01990 其他非鐵金屬基本工業；D101060 再生能源自用發電設備業；IG03010 能源技術服務業；CB01010 機械設備製造業；CD01040 機車及其零件製造業,臺北市,變更,11504
27765485,不來梅股份有限公司,臺北市松山區南京東路3段275號12樓,張文健,10000000,,115/04/09,特殊補正,I301010 資訊軟體服務業；I301020 資料處理服務業；I301030 電子資訊供應服務業；I401010 一般廣告服務業；I599990 其他設計業；I501010 產品設計業；IZ13010 網路認證服務業；IZ99990 其他工商服務業；ZZ99999 除許可業務外，得經營法令非禁止或限制之業務；F203010 食品什貨、飲料零售業,臺北市,變更,11504
27768265,崇智國際投資股份有限公司,臺北市內湖區洲子街176號3樓,李正榮,887705390,,115/04/10,補繳規費,H201010 一般投資業,臺北市,變更,11504
27769969,翰揚資產管理股份有限公司,臺北市大安區敦化南路1段306號8樓之1,李素慧,4500000,,115/04/27,特殊補正,H703090 不動產買賣業；H703100 不動產租賃業；ZZ99999 除許可業務外，得經營法令非禁止或限制之業務；I102010 投資顧問業；I103060 管理顧問業；H201010 一般投資業,臺北市,變更,11504
27771557,柏宇投資股份有限公司,臺北市中山區復興北路48號4樓,吳豐富,100000000,,115/04/13,改選董事/監察人(一人法人股東指派董事/監察人),H201010 一般投資業,臺北市,變更,11504
27771819,摩斯特廣告事業有限公司,臺北市松山區光復南路57巷9號1樓,楊進裕,3500000,,115/04/10,特殊補正,I401010 一般廣告服務業；I501010 產品設計業；I503010 景觀、室內設計業；E801010 室內裝潢業；IZ10010 排版業；IZ02010 打字業；IZ01010 影印業；I301010 資訊軟體服務業；I301020 資料處理服務業；I301030 電子資訊供應服務業,臺北市,變更,11504
27808626,德陽投資股份有限公司,臺北市大同區延平北路1段29號5樓,姚連地,51000000,,115/04/14,申登機關變更（遷入，含卷）,H201010 一般投資業；F102170 食品什貨批發業；F108040 化粧品批發業；F102040 飲料批發業；F199990 其他批發業；F203010 食品什貨、飲料零售業；F299990 其他零售業；F399040 無店面零售業；F401010 國際貿易業；I101090 食品顧問業,臺北市,變更,11504
27841391,銓億環科實業有限公司,臺北市內湖區成功路3段89號5樓,王祥壽,4000000,,115/04/02,特殊補正,F113020 電器批發業；F113110 電池批發業；F118010 資訊軟體批發業；F119010 電子材料批發業；F109070 文教、樂器、育樂用品批發業；F209060 文教、樂器、育樂用品零售業；F213010 電器零售業；F213110 電池零售業；F218010 資訊軟體零售業；F219010 電子材料零售業,臺北市,變更,11504
27850905,翔鳳投資股份有限公司,臺北市中山區民生東路1段51號10樓,盧文傑,105000000,,115/04/27,董事/監察人持股變動報備,H201010 一般投資業,臺北市,變更,11504
27872112,科邦科技股份有限公司,臺北市松山區八德路4段760號10樓,麥凱欣,10000000,,115/04/01,改派董事/監察人,CE01010 一般儀器製造業；F218010 資訊軟體零售業；JE01010 租賃業；I301010 資訊軟體服務業；F601010 智慧財產權業；F401010 國際貿易業；F118010 資訊軟體批發業；I301030 電子資訊供應服務業；J399010 軟體出版業；E605010 電腦設備安裝業,臺北市,變更,11504
27885860,佳義營造股份有限公司,臺北市大安區復興南路1段126巷1號2樓之26,黃薇瑄,50000000,,115/04/23,公司所在地,H701010 住宅及大樓開發租售業；H701020 工業廠房開發租售業；H701040 特定專業區開發業；H701060 新市鎮、新社區開發業；H701070 區段徵收及市地重劃代辦業；H701080 都市更新重建業；H703090 不動產買賣業；H703100 不動產租賃業；I503010 景觀、室內設計業；F105050 家具、寢具、廚房器具、裝設品批發業,臺北市,變更,11504
27887298,芝優生國際股份有限公司,臺北市中正區館前路28號4樓,蕭宇芳,10000000,,115/04/09,申登機關變更（遷入，含卷）,F399040 無店面零售業；F102170 食品什貨批發業；F106020 日常用品批發業；F108040 化粧品批發業；F199990 其他批發業；F203010 食品什貨、飲料零售業；F208040 化粧品零售業；F221010 食品添加物零售業；F118010 資訊軟體批發業；F401010 國際貿易業,臺北市,變更,11504
27907724,英晟電子股份有限公司,臺北市松山區南京東路4段143號10樓,張季青,28000000,,115/04/28,特殊補正,E605010 電腦設備安裝業；E701020 衛星電視ＫＵ頻道、Ｃ頻道器材安裝業；E701030 電信管制射頻器材裝設工程業；F108040 化粧品批發業；F109070 文教、樂器、育樂用品批發業；F113030 精密儀器批發業；F113050 電腦及事務性機器設備批發業；F113070 電信器材批發業；F114030 汽、機車零件配備批發業；F118010 資訊軟體批發業,臺北市,變更,11504
27913036,昂乘有限公司,臺北市中山區中原街143號,歐陽克俊,3100000,,115/04/23,股東出資轉讓修正章程,ZZ99999 除許可業務外，得經營法令非禁止或限制之業務；F106010 五金批發業；F113050 電腦及事務性機器設備批發業；F206010 五金零售業；F213030 電腦及事務性機器設備零售業；F213040 精密儀器零售業；F213080 機械器具零售業；F401010 國際貿易業,臺北市,變更,11504
27930921,日商麒麟技術股份有限公司,臺北市松山區復興北路57號16樓之2,棚橋覚,5000000,,115/04/10,一般補正案,I101090 食品顧問業；I103060 管理顧問業；I301010 資訊軟體服務業；F113010 機械批發業；F113050 電腦及事務性機器設備批發業；F118010 資訊軟體批發業；F213030 電腦及事務性機器設備零售業；F213080 機械器具零售業；F218010 資訊軟體零售業；F401010 國際貿易業,臺北市,變更,11504
27936452,新加坡商味滋康亞洲太平洋股份有限公司,臺北市中正區衡陽路51號11樓,岸本真一,1000000,,115/04/08,本公司董事及其他負責人變更,F401171 酒類輸入業；ZZ99999 除許可業務外，得經營法令非禁止或限制之業務,臺北市,變更,11504
27942171,台灣彩券股份有限公司,臺北市南港區經貿二路188號15樓,黃志宜,500000000,,115/04/15,改派董事/監察人,IZ14011 公益彩券代理業；IZ14020 公益彩券經銷業；I301010 資訊軟體服務業；I301020 資料處理服務業；I301030 電子資訊供應服務業；F218010 資訊軟體零售業；F401010 國際貿易業；E605010 電腦設備安裝業；F113050 電腦及事務性機器設備批發業；F118010 資訊軟體批發業,臺北市,變更,11504
27946493,香港商文華東方服務有限公司,臺北市松山區敦化北路214號7樓,Subin Thandayam Parambil Dharman,5000000,,115/04/28,改派在中華民國境內負責人變更登記,I103060 管理顧問業；I199990 其他顧問服務業,臺北市,變更,11504
27954198,優位設計股份有限公司,臺北市大安區敦化南路1段312號,張哲嘉,5500000,,115/04/27,改選董事/監察人(一人法人股東指派董事/監察人),C701010 印刷業；I301010 資訊軟體服務業；I301020 資料處理服務業；I301030 電子資訊供應服務業；I401010 一般廣告服務業；I501010 產品設計業；F102040 飲料批發業；F102170 食品什貨批發業；F104110 布疋、衣著、鞋、帽、傘、服飾品批發業；F105050 家具、寢具、廚房器具、裝設品批發業,臺北市,變更,11504
27957478,台灣美創股份有限公司,臺北市萬華區開封街2段46號3樓,Patrick Edgar Grueninger,5000000,,115/04/08,特殊補正,F107200 化學原料批發業；F113030 精密儀器批發業；F113100 污染防治設備批發業；F119010 電子材料批發業；F207200 化學原料零售業；F213040 精密儀器零售業；F213100 污染防治設備零售業；F219010 電子材料零售業；F401010 國際貿易業；ZZ99999 除許可業務外，得經營法令非禁止或限制之業務,臺北市,變更,11504
27959530,艾薇資訊管理有限公司,臺北市文山區秀明路1段103巷2弄8號,陳婉玲,2000000,,115/04/28,減少所營事業變更修正章程,F118010 資訊軟體批發業；F119010 電子材料批發業；F218010 資訊軟體零售業；F219010 電子材料零售業；F401010 國際貿易業；I301010 資訊軟體服務業；I301020 資料處理服務業；I301030 電子資訊供應服務業；I103060 管理顧問業；E605010 電腦設備安裝業,臺北市,變更,11504
27963020,恆漾國際股份有限公司,臺北市大安區忠孝東路4段312號10樓之3,邱培倫,11000000,,115/04/07,特殊補正,F102040 飲料批發業；F102050 茶葉批發業；F104110 布疋、衣著、鞋、帽、傘、服飾品批發業；F108040 化粧品批發業；F109070 文教、樂器、育樂用品批發業；F113020 電器批發業；F113990 其他機械器具批發業；F118010 資訊軟體批發業；F119010 電子材料批發業；F203010 食品什貨、飲料零售業,臺北市,變更,11504
27968003,順和投資股份有限公司,臺北市信義區基隆路1段333號32樓,杜麗萍,20000000,,115/04/30,董事/監察人持股變動報備,H201010 一般投資業,臺北市,變更,11504
27971529,青松木業有限公司,臺北市松山區寶清街22之1號1樓,林郁森,600000,,115/04/02,特殊補正,F111090 建材批發業；F211010 建材零售業；F401010 國際貿易業；F220010 耐火材料零售業；ZZ99999 除許可業務外，得經營法令非禁止或限制之業務,臺北市,變更,11504
27972604,上霓實業有限公司,臺北市松山區南京東路4段133巷6弄15號1樓,,1000000,,115/04/14,解散,ZZ99999 除許可業務外，得經營法令非禁止或限制之業務,臺北市,變更,11504
27974321,鋐迪資訊股份有限公司,臺北市中山區民生東路1段42號11樓之1,鍾廸,20000000,,115/04/07,增資(資本總額),F213030 電腦及事務性機器設備零售業；I103060 管理顧問業；F401010 國際貿易業；I199990 其他顧問服務業；I301010 資訊軟體服務業；I301020 資料處理服務業；I301030 電子資訊供應服務業；IZ09010 管理系統驗證業；IZ13010 網路認證服務業；ZZ99999 除許可業務外，得經營法令非禁止或限制之業務,臺北市,變更,11504
27974639,雅風音樂文化事業有限公司,臺北市文山區木新路3段74巷8弄3號1樓,林心儀,6000000,,115/04/21,公司所在地,F113020 電器批發業；F113050 電腦及事務性機器設備批發業；F113070 電信器材批發業；F119010 電子材料批發業；F213030 電腦及事務性機器設備零售業；F213060 電信器材零售業；F218010 資訊軟體零售業；F219010 電子材料零售業；F401010 國際貿易業；E605010 電腦設備安裝業,臺北市,變更,11504
27977066,全球數位媒體股份有限公司,臺北市內湖區瑞光路390號8樓,費鴻泰,537414020,,115/04/24,修正章程,I103060 管理顧問業；IZ99990 其他工商服務業；F601010 智慧財產權業；JZ99050 仲介服務業；E605010 電腦設備安裝業；F113070 電信器材批發業；I301010 資訊軟體服務業；I401010 一般廣告服務業；I301020 資料處理服務業；I301030 電子資訊供應服務業,臺北市,變更,11504
27978902,先達環球物流股份有限公司,臺北市中山區建國北路2段33號5樓之5、5樓之6,戚元龍,7500000,,115/04/15,公司所在地,G402011 海運承攬運送業；G601011 航空貨運承攬業；G701011 報關業；ZZ99999 除許可業務外，得經營法令非禁止或限制之業務,臺北市,變更,11504
27982292,九鉅國際貿易有限公司,臺北市大安區忠孝東路4段148號5樓之1,陳兆瑛,3000000,,115/04/27,改推董事/董事長,F113050 電腦及事務性機器設備批發業；F113070 電信器材批發業；JA02010 電器及電子產品修理業；F118010 資訊軟體批發業；F119010 電子材料批發業；F106020 日常用品批發業；F106050 陶瓷玻璃器皿批發業；F213030 電腦及事務性機器設備零售業；F213060 電信器材零售業；F219010 電子材料零售業,臺北市,變更,11504
27987249,亞神音樂娛樂股份有限公司,臺北市大安區敦化南路2段76號20樓,李孟樺,5000000,,115/04/07,改選董事/監察人(一人法人股東指派董事/監察人),J305010 有聲出版業；J304010 圖書出版業；J601010 藝文服務業；J602010 演藝活動業；I301010 資訊軟體服務業；I301020 資料處理服務業；I301030 電子資訊供應服務業；I401010 一般廣告服務業；I501010 產品設計業；I199990 其他顧問服務業,臺北市,變更,11504
27989078,諧永投資股份有限公司,臺北市內湖區西康里內湖路一段66號8樓,關鈞,19681284570,,115/04/29,減資,H201010 一般投資業,臺北市,變更,11504
27990949,優德美科技股份有限公司,臺北市中山區長安東路1段30號1樓,李泰穎,10000000,,115/04/07,特殊補正,F102020 食用油脂批發業；F102030 菸酒批發業；F102040 飲料批發業；F102050 茶葉批發業；F102170 食品什貨批發業；F104110 布疋、衣著、鞋、帽、傘、服飾品批發業；F105050 家具、寢具、廚房器具、裝設品批發業；F106020 日常用品批發業；F108040 化粧品批發業；F109070 文教、樂器、育樂用品批發業,臺北市,變更,11504
27992931,訊崴技術有限公司,臺北市內湖區瑞光路390號3樓及3樓之1,滕云芳,50000000,,115/04/14,董事/股東證照變更,F401021 電信管制射頻器材輸入業；I501010 產品設計業；JE01010 租賃業；ZZ99999 除許可業務外，得經營法令非禁止或限制之業務,臺北市,變更,11504
27998153,勝泰豐建設股份有限公司,臺北市士林區延平北路6段228號、228號2樓、228號2樓之1,塗佩容,138300000,,115/04/10,特殊補正,H701010 住宅及大樓開發租售業；H701020 工業廠房開發租售業；H701050 投資興建公共建設業；H701080 都市更新重建業；H703090 不動產買賣業；H703100 不動產租賃業；ZZ99999 除許可業務外，得經營法令非禁止或限制之業務；I103060 管理顧問業；JZ99050 仲介服務業；JB01010 會議及展覽服務業,臺北市,變更,11504
27998560,桓鉅建設股份有限公司,臺北市松山區民生東路3段128號9樓,李幹樂,300000000,,115/04/16,改選董事/監察人(一人法人股東指派董事/監察人),H701010 住宅及大樓開發租售業；H703090 不動產買賣業；H703100 不動產租賃業；H703110 老人住宅業；E801010 室內裝潢業；F111090 建材批發業；F211010 建材零售業；F401010 國際貿易業；F213080 機械器具零售業；G202010 停車場經營業,臺北市,變更,11504
28000543,志凱科技有限公司,臺北市萬華區漢中街179號4樓之1,張心恬,500000,,115/04/29,股東出資轉讓修正章程,F101990 其他農、畜、水產品批發業；F102030 菸酒批發業；F102040 飲料批發業；F102050 茶葉批發業；F102170 食品什貨批發業；F106020 日常用品批發業；F118010 資訊軟體批發業；F119010 電子材料批發業；F113020 電器批發業；F113050 電腦及事務性機器設備批發業,臺北市,變更,11504
28005548,中新產業有限公司,臺北市大安區忠孝東路4段216巷32弄20號6樓,林華新,29800000,,115/04/21,股東出資轉讓修正章程,H701010 住宅及大樓開發租售業；H703090 不動產買賣業；H703100 不動產租賃業；J101010 建築物清潔服務業；I103060 管理顧問業；F401010 國際貿易業；ZZ99999 除許可業務外，得經營法令非禁止或限制之業務,臺北市,變更,11504
28005619,台灣伊藤忠丸紅鋼鐵貿易股份有限公司,臺北市中山區中山北路2段44號6樓,真田裕輔,50000000,,115/04/23,改選董事/監察人(一人法人股東指派董事/監察人),F106010 五金批發業；F106030 模具批發業；F111090 建材批發業；F113010 機械批發業；F114080 軌道車輛及其零件批發業；F401010 國際貿易業；I103060 管理顧問業；JZ99050 仲介服務業；ZZ99999 除許可業務外，得經營法令非禁止或限制之業務,臺北市,變更,11504
28010227,酒瓶子有限公司,臺北市大安區和平東路3段228巷19號1樓,何曉慧,1000000,,115/04/23,減少所營事業變更修正章程,ZZ99999 除許可業務外，得經營法令非禁止或限制之業務,臺北市,變更,11504
28040545,勝百瑞股份有限公司,臺北市內湖區民權東路6段16之2號5樓,馬昆山,5100000,,115/04/17,董事/監察人持股變動報備,F208031 醫療器材零售業；F108031 醫療器材批發業；ZZ99999 除許可業務外，得經營法令非禁止或限制之業務,臺北市,變更,11504
28080742,上億投資股份有限公司,臺北市松山區敦化南路1段25號4樓,姚連地,251500000,,115/04/09,改選董事/監察人(一人法人股東指派董事/監察人),H201010 一般投資業；H701010 住宅及大樓開發租售業；H701020 工業廠房開發租售業；H703090 不動產買賣業；H703100 不動產租賃業；ZZ99999 除許可業務外，得經營法令非禁止或限制之業務,臺北市,變更,11504
28100389,佑豐金屬有限公司,臺北市北投區中和街525巷7之6號,戴正清,2000000,,115/04/14,公司印鑑變更,E801020 門窗安裝工程業；E801030 室內輕鋼架工程業；F111090 建材批發業,臺北市,變更,11504
28125678,安富科技股份有限公司,臺北市內湖區瑞光路258巷31號5樓,蔡高忠,369998000,,115/04/10,董事/監察人持股變動報備,CC01070 無線通信機械器材製造業；CC01080 電子零組件製造業；CC01110 電腦及其週邊設備製造業；CC01120 資料儲存媒體製造及複製業；F113070 電信器材批發業；F118010 資訊軟體批發業；F119010 電子材料批發業；F213030 電腦及事務性機器設備零售業；F213060 電信器材零售業；F218010 資訊軟體零售業,臺北市,變更,11504
28129793,環宇全球發展有限公司,臺北市中山區健康路412號5樓,呂健民,1000000,,115/04/14,特殊補正,I103060 管理顧問業；IB01010 建築物公共安全檢查業；IZ12010 人力派遣業；E603040 消防安全設備安裝工程業；G202010 停車場經營業；J101010 建築物清潔服務業；JA02010 電器及電子產品修理業；J101020 病媒防治業；JZ99050 仲介服務業；F199010 回收物料批發業,臺北市,變更,11504
28155166,天漢國際股份有限公司,臺北市大安區光復南路102號5樓,劉翌如,15000000,,115/04/20,特殊補正,F102040 飲料批發業；F102170 食品什貨批發業；F105050 家具、寢具、廚房器具、裝設品批發業；F106020 日常用品批發業；F107030 清潔用品批發業；F108040 化粧品批發業；F119010 電子材料批發業；F401010 國際貿易業；A101030 特用作物栽培業；A101040 食用菌菇類栽培業,臺北市,變更,11504
28171551,禾典興業股份有限公司,臺北市大安區四維路170巷36號2樓之1,王振民,47000000,,115/04/22,改選董事/監察人(一人法人股東指派董事/監察人),G202010 停車場經營業；H703090 不動產買賣業；H703100 不動產租賃業；I103060 管理顧問業；I301010 資訊軟體服務業；I301020 資料處理服務業；IG02010 研究發展服務業；F401010 國際貿易業；F102030 菸酒批發業；ZZ99999 除許可業務外，得經營法令非禁止或限制之業務,臺北市,變更,11504
28180480,原生國際股份有限公司,臺北市中山區八德路2段164號,楊曉青,10000000,,115/04/30,董事/監察人持股變動報備,F105050 家具、寢具、廚房器具、裝設品批發業；F205040 家具、寢具、廚房器具、裝設品零售業；F401010 國際貿易業；F109070 文教、樂器、育樂用品批發業；F209060 文教、樂器、育樂用品零售業；F106050 陶瓷玻璃器皿批發業；F299990 其他零售業；I105010 藝術品諮詢顧問業；J601010 藝文服務業；ZZ99999 除許可業務外，得經營法令非禁止或限制之業務,臺北市,變更,11504
28180550,八厘米國際電影娛樂股份有限公司,臺北市內湖區成功路3段174巷33弄3號,郝心翔,7500000,,115/04/01,特殊補正,J305010 有聲出版業；J401011 電影片製作業；J402011 電影片發行業；J602010 演藝活動業；J304010 圖書出版業；I103060 管理顧問業；I501010 產品設計業；F601010 智慧財產權業；F401010 國際貿易業；F109070 文教、樂器、育樂用品批發業,臺北市,變更,11504
28182966,恩國環保企業有限公司,臺北市大安區復興南路1段321號9樓之3,劉昌明,10000000,,115/04/29,公司所營事業變更修正章程,CB01030 污染防治設備製造業；F113100 污染防治設備批發業；F213100 污染防治設備零售業；CB01010 機械設備製造業；F113010 機械批發業；F213080 機械器具零售業；F102180 酒精批發業；F203030 酒精零售業；F106010 五金批發業；F206010 五金零售業,臺北市,變更,11504
28184633,崧誠不動產仲介有限公司,臺北市南港區南港路1段89號,鄒國洲,500000,,115/04/22,改推董事/董事長,H704031 不動產仲介經紀業；ZZ99999 除許可業務外，得經營法令非禁止或限制之業務；F102170 食品什貨批發業；F199990 其他批發業；F203010 食品什貨、飲料零售業；F399990 其他綜合零售業；F401010 國際貿易業,臺北市,變更,11504
28185226,台灣創新發展股份有限公司,臺北市士林區至善路二段11號1樓,詹聰哲,11195914340,,115/04/16,分公司經理人變更,B601010 土石採取業；C803990 其他石油及煤製品製造業；C901040 預拌混凝土製造業；C901050 水泥及混凝土製品製造業；C901070 石材製品製造業；CA02010 金屬結構及建築組件製造業；CB01010 機械設備製造業；E401010 疏濬業；E402010 沙石、淤泥海拋業；E502010 燃料導管安裝工程業,臺北市,變更,11504
28185529,昇揚國際科技股份有限公司,臺北市內湖區瑞光路478巷18弄30號8樓,徐志明,10000000,,115/04/29,特殊補正,F401010 國際貿易業；F119010 電子材料批發業；F219010 電子材料零售業；F118010 資訊軟體批發業；F218010 資訊軟體零售業；F113110 電池批發業；F213110 電池零售業；F113070 電信器材批發業；F213060 電信器材零售業；F113050 電腦及事務性機器設備批發業,臺北市,變更,11504
28190070,有乾吉購股份有限公司,臺北市中山區農安街58號8樓之1,吳澤明,10000000,,115/04/28,特殊補正,F102170 食品什貨批發業；F104110 布疋、衣著、鞋、帽、傘、服飾品批發業；F106020 日常用品批發業；F107030 清潔用品批發業；F203010 食品什貨、飲料零售業；F204110 布疋、衣著、鞋、帽、傘、服飾品零售業；F206020 日常用品零售業；F207030 清潔用品零售業；I101090 食品顧問業；ZZ99999 除許可業務外，得經營法令非禁止或限制之業務,臺北市,變更,11504
28191445,漢聲巷股份有限公司,臺北市松山區八德路4段72巷16弄1號1樓,温碧光,1000000,,115/04/09,公司所營事業變更修正章程,J601010 藝文服務業；J304010 圖書出版業；J305010 有聲出版業；J399010 軟體出版業；I501010 產品設計業；I401010 一般廣告服務業；I105010 藝術品諮詢顧問業；F401010 國際貿易業；F106020 日常用品批發業；F109070 文教、樂器、育樂用品批發業,臺北市,變更,11504
28192562,大穎空間設計有限公司,臺北市大安區和平東路3段1巷58號1樓,廖雪穎,500000,,115/04/14,票據兌現/他機關函復/補正,F105050 家具、寢具、廚房器具、裝設品批發業；F106020 日常用品批發業；F204110 布疋、衣著、鞋、帽、傘、服飾品零售業；F206020 日常用品零售業；F401010 國際貿易業；I105010 藝術品諮詢顧問業；I501010 產品設計業；I503010 景觀、室內設計業；JZ99090 喜慶綜合服務業；ZZ99999 除許可業務外，得經營法令非禁止或限制之業務,臺北市,變更,11504
28194457,綠遊網旅行社股份有限公司,臺北市大同區承德路2段81號3樓,林元正,36300000,,115/04/01,董事/監察人地址變更,J902011 旅行業,臺北市,變更,11504
28194668,文偉說有限公司,臺北市大安區信義路3段155號15樓,林文偉,10000000,,115/04/10,補繳規費,F118010 資訊軟體批發業；F119010 電子材料批發業；E605010 電腦設備安裝業；F401010 國際貿易業；I301010 資訊軟體服務業；I301020 資料處理服務業；I599990 其他設計業；ZZ99999 除許可業務外，得經營法令非禁止或限制之業務；F102170 食品什貨批發業；F104110 布疋、衣著、鞋、帽、傘、服飾品批發業,臺北市,變更,11504
28201149,凱崴科技有限公司,臺北市士林區福國路47巷2之1號2樓,林福峰,5000000,,115/04/20,股東出資轉讓修正章程,CB01990 其他機械製造業；CB01010 機械設備製造業；CB01030 污染防治設備製造業；CA01050 鋼材二次加工業；CC01080 電子零組件製造業；CC01110 電腦及其週邊設備製造業；CE01030 光學儀器製造業；F106010 五金批發業；F113010 機械批發業；F113030 精密儀器批發業,臺北市,變更,11504
28203955,利達材料科技股份有限公司,臺北市大同區延平北路2段256號1樓,李浩同,35000000,,115/04/15,董事/監察人持股變動報備,F107200 化學原料批發業；F207200 化學原料零售業；F119010 電子材料批發業；F219010 電子材料零售業；F401010 國際貿易業；F113070 電信器材批發業；F213060 電信器材零售業；ZZ99999 除許可業務外，得經營法令非禁止或限制之業務；CC01080 電子零組件製造業,臺北市,變更,11504
28204666,上多利國際娛樂有限公司,臺北市大安區仁愛路4段71巷8號3樓,陳佩莉,1000000,,115/04/14,公司所在地,F401010 國際貿易業；I401010 一般廣告服務業；I501010 產品設計業；J303010 雜誌（期刊）出版業；J304010 圖書出版業；J305010 有聲出版業；J601010 藝文服務業；J602010 演藝活動業；JB01010 會議及展覽服務業；JZ99090 喜慶綜合服務業,臺北市,變更,11504
28205572,日鑽工程有限公司,臺北市中山區南京東路1段25號9樓,黃國瑞,1000000,,115/04/07,公司所在地,E603020 電梯安裝工程業；E604010 機械安裝業；E801010 室內裝潢業；E801020 門窗安裝工程業；E801030 室內輕鋼架工程業；E901010 油漆工程業；E903010 防蝕、防銹工程業；EZ07010 鑽孔工程業；F106010 五金批發業；F113010 機械批發業,臺北市,變更,11504
28215410,農金保險經紀人股份有限公司,臺北市中正區館前路77號6樓,程一凡,366942000,,115/04/07,票據兌現/他機關函復/補正,H602011 人身保險經紀人；H602021 財產保險經紀人,臺北市,變更,11504
28217445,亞述設計股份有限公司,臺北市信義區基隆路2段7號4樓,許勳儀,10000000,,115/04/22,補繳規費,I301010 資訊軟體服務業；I301020 資料處理服務業；I301030 電子資訊供應服務業；I401010 一般廣告服務業；I501010 產品設計業；F113050 電腦及事務性機器設備批發業；F118010 資訊軟體批發業；F213030 電腦及事務性機器設備零售業；F218010 資訊軟體零售業；F401010 國際貿易業,臺北市,變更,11504
28218134,拓群投資股份有限公司,臺北市內湖區內湖路1段66號3樓,劉嘉恩,1000000,,115/04/09,改選董事/監察人(一人法人股東指派董事/監察人),H201010 一般投資業,臺北市,變更,11504
28218367,頤宗投資股份有限公司,臺北市信義區松德路196號地下1樓,吳旻潔,214500000,,115/04/16,董事/監察人持股變動報備,H201010 一般投資業；ZZ99999 除許可業務外，得經營法令非禁止或限制之業務,臺北市,變更,11504
28218768,展翔投資股份有限公司,臺北市內湖區內湖路1段66號3樓,馮傑,451000000,,115/04/15,特殊補正,H201010 一般投資業,臺北市,變更,11504
28219703,景賀生技有限公司,臺北市大安區忠孝東路4段71之6號7樓,徐郁景,5000000,,115/04/20,特殊補正,ZZ99999 除許可業務外，得經營法令非禁止或限制之業務；F102170 食品什貨批發業；F108031 醫療器材批發業；F108040 化粧品批發業；F113990 其他機械器具批發業；F203010 食品什貨、飲料零售業；F208031 醫療器材零售業；F208040 化粧品零售業；F208050 乙類成藥零售業；F401010 國際貿易業,臺北市,變更,11504
28221308,日翔投資股份有限公司,臺北市內湖區內湖路一段66號3樓,馮傑,507673000,,115/04/01,改選董事/監察人(一人法人股東指派董事/監察人),H201010 一般投資業,臺北市,變更,11504
28221686,綦清心投資股份有限公司,臺北市中山區農安街23號5樓,綦桂華,88000000,,115/04/01,董事/監察人持股變動報備,H201010 一般投資業,臺北市,變更,11504
28226084,慧問國際文化有限公司,臺北市大安區復興南路2段139號11樓,夏惠汶,4500000,,115/04/09,特殊補正,F203010 食品什貨、飲料零售業；F501990 其他餐飲業；F501060 餐館業；F501030 飲料店業；I101090 食品顧問業；I102010 投資顧問業；I103060 管理顧問業；I199990 其他顧問服務業；I401010 一般廣告服務業；I501010 產品設計業,臺北市,變更,11504
28226795,聖育科技股份有限公司,臺北市內湖區安康路20號3樓,許恆壽,222396460,,115/04/10,董事(常務董事.董事長)/監察人解任,F401010 國際貿易業；F119010 電子材料批發業；F118010 資訊軟體批發業；F113050 電腦及事務性機器設備批發業；F113030 精密儀器批發業；F113010 機械批發業；F109070 文教、樂器、育樂用品批發業；E605010 電腦設備安裝業；E603050 自動控制設備工程業；I301030 電子資訊供應服務業,臺北市,變更,11504
28227680,怡茂國際開發股份有限公司,臺北市中山區松江路369號7樓,劉嘉恩,779666670,,115/04/16,改選董事/監察人(一人法人股東指派董事/監察人),H701010 住宅及大樓開發租售業；H701040 特定專業區開發業；H701050 投資興建公共建設業；E801010 室內裝潢業；F211010 建材零售業；F111090 建材批發業；H701060 新市鎮、新社區開發業；H701070 區段徵收及市地重劃代辦業；H701080 都市更新業；H702010 建築經理業,臺北市,變更,11504
28229168,夏耘股份有限公司,臺北市松山區南京東路5段48號8樓,李幸玲,20000000,,115/04/27,減資,B601010 土石採取業；C901050 水泥及混凝土製品製造業；E599010 配管工程業；E601010 電器承裝業；E601020 電器安裝業；E603050 自動控制設備工程業；E603090 照明設備安裝工程業；E603100 電焊工程業；E604010 機械安裝業；E801010 室內裝潢業,臺北市,變更,11504
28358107,希世霸投資有限公司,臺北市信義區基隆路1段143號11樓之3,顏錦堂,520000,,115/04/20,補繳規費,H201010 一般投資業；H703090 不動產買賣業；I103060 管理顧問業；IZ12010 人力派遣業,臺北市,變更,11504
28389690,晁德實業有限公司,臺北市信義區基隆路2段7號4樓,陳全德,5000000,,115/04/02,特殊補正,F104110 布疋、衣著、鞋、帽、傘、服飾品批發業；F204110 布疋、衣著、鞋、帽、傘、服飾品零售業；F401010 國際貿易業,臺北市,變更,11504
28411124,美商美捷股份有限公司,臺北市松山區敦化北路168號14樓,Jesse Jacob Geiger,0,,115/04/13,辦事處廢止登記,,臺北市,變更,11504
28411243,香港商高誠保險經紀人有限公司,臺北市中山區林森北路577號9樓之1,李人安,10000000,,115/04/20,本公司董事及其他負責人變更,H602011 人身保險經紀人；H602021 財產保險經紀人,臺北市,變更,11504
28412550,台灣世曦工程顧問股份有限公司,臺北市內湖區湖元里陽光街323號,鄭運鵬,3541003590,,115/04/01,改選董事/監察人(一人法人股東指派董事/監察人),CC01990 其他電機及電子機械器材製造業；E401010 疏濬業；E402010 沙石、淤泥海拋業；E502010 燃料導管安裝工程業；E599010 配管工程業；E601010 電器承裝業；E601020 電器安裝業；E602011 冷凍空調工程業；E603010 電纜安裝工程業；E603020 電梯安裝工程業,臺北市,變更,11504
28413262,日商精工恩琵希股份有限公司,臺北市中山區民生西路3巷9號5樓,植草武雄,0,,115/04/13,改派在中華民國境內代表人,,臺北市,變更,11504
28426962,第一金人壽保險股份有限公司,臺北市信義區信義路四段456號13樓,楊棋材,6850000000,,115/04/01,董事(常務董事.董事長)/監察人解任,H501011 人身保險業,臺北市,變更,11504
28427717,日商全日本空輸股份有限公司,臺北市中山區南京東路三段168號3樓,古牧海,5000000,,115/04/07,本公司董事及其他負責人變更,G501011 民用航空運輸業；G799990 其他運輸輔助業；F203010 食品什貨、飲料零售業；F203020 菸酒零售業；F204110 布疋、衣著、鞋、帽、傘、服飾品零售業；F206020 日常用品零售業；F208040 化粧品零售業；F209060 文教、樂器、育樂用品零售業；F210010 鐘錶零售業；F210020 眼鏡零售業,臺北市,變更,11504
28428384,臺銀人壽保險股份有限公司,臺北市大安區敦化南路二段69號6樓,張志宏,63500000000,,115/04/23,董事(常務董事.董事長)/監察人解任,H501011 人身保險業,臺北市,變更,11504
28433680,日商三井租賃事業股份有限公司,臺北市中山區松江路318號11樓之5,米田真也,1000000,,115/04/07,改派在中華民國境內負責人變更登記,JE01010 租賃業；H703100 不動產租賃業；H701010 住宅及大樓開發租售業；I103060 管理顧問業；JD01010 工商徵信服務業；I301010 資訊軟體服務業；I301020 資料處理服務業；I301030 電子資訊供應服務業；F601010 智慧財產權業；F213030 電腦及事務性機器設備零售業,臺北市,變更,11504
28443701,原境室內裝修設計有限公司,臺北市中正區金山南路1段67巷4號1樓,曾建榮,6000000,,115/04/08,特殊補正,E601010 電器承裝業；E601020 電器安裝業；E603050 自動控制設備工程業；E603090 照明設備安裝工程業；E605010 電腦設備安裝業；E801010 室內裝潢業；E801020 門窗安裝工程業；E801030 室內輕鋼架工程業；E801040 玻璃安裝工程業；E801061 室內裝修業,臺北市,變更,11504
28445428,摩根廣告股份有限公司,臺北市中山區興安街56號,蕭玉芳,1000000,,115/04/10,特殊補正,I401010 一般廣告服務業；E801010 室內裝潢業；H704041 不動產代銷經紀業；ZZ99999 除許可業務外，得經營法令非禁止或限制之業務,臺北市,變更,11504
28449825,中嘉數位股份有限公司,臺北市內湖區瑞光路390號8樓,郭冠群,2949315040,,115/04/22,改選董事/監察人(一人法人股東指派董事/監察人),I103060 管理顧問業；F401010 國際貿易業；F113070 電信器材批發業；F213060 電信器材零售業；J503020 電視節目製作業；J503030 廣播電視節目發行業；J503040 廣播電視廣告業；ZZ99999 除許可業務外，得經營法令非禁止或限制之業務,臺北市,變更,11504
28450293,安潔企業管理股份有限公司,臺北市松山區八德路2段346巷5號1樓,吳忠風,1200000,,115/04/13,補繳規費,F102170 食品什貨批發業；F102040 飲料批發業；F203010 食品什貨、飲料零售業；F401010 國際貿易業；I103060 管理顧問業；I301010 資訊軟體服務業；IZ12010 人力派遣業；IZ16010 餐具清洗業；J101010 建築物清潔服務業；J101030 廢棄物清除業,臺北市,變更,11504
28451856,兆邦開發建設股份有限公司,臺北市大同區承德路2段81號8樓之2,張迺豪,21000000,,115/04/15,發行新股,H701010 住宅及大樓開發租售業；H701020 工業廠房開發租售業；H701040 特定專業區開發業；H701080 都市更新重建業；H703090 不動產買賣業；H703100 不動產租賃業；I503010 景觀、室內設計業；I103060 管理顧問業；ZZ99999 除許可業務外，得經營法令非禁止或限制之業務,臺北市,變更,11504
28453398,得力國際管理顧問有限公司,臺北市大安區忠孝東路3段247-1號3樓,陳鎮宏,2000000,,115/04/22,特殊補正,I103060 管理顧問業；I199990 其他顧問服務業；IZ99990 其他工商服務業；F401010 國際貿易業；ZZ99999 除許可業務外，得經營法令非禁止或限制之業務,臺北市,變更,11504
28453762,台灣諾基亞通信股份有限公司,臺北市松山區民生東路3段100號9樓,寇安哲Andrew James Cope,100000000,,115/04/02,特殊補正,E701030 電信管制射頻器材裝設工程業；F113070 電信器材批發業；F213060 電信器材零售業；F401010 國際貿易業；F401021 電信管制射頻器材輸入業；I301010 資訊軟體服務業；I301020 資料處理服務業；I301030 電子資訊供應服務業；ZZ99999 除許可業務外，得經營法令非禁止或限制之業務；E701010 電信工程業,臺北市,變更,11504
28454262,南聯牛乳石鹼國際股份有限公司,臺北市信義區忠孝東路4段560號12樓,吳茂源,10000000,,115/04/21,改派董事/監察人,F102040 飲料批發業；F102170 食品什貨批發業；F203010 食品什貨、飲料零售業；F107030 清潔用品批發業；F207030 清潔用品零售業；F108040 化粧品批發業；F208040 化粧品零售業；F208050 乙類成藥零售業；F401010 國際貿易業；G801010 倉儲業,臺北市,變更,11504
28461502,品陽建設股份有限公司,臺北市中山區復興北路60號9樓之5,李鴻漢,70000000,,115/04/07,特殊補正,H701010 住宅及大樓開發租售業；H701020 工業廠房開發租售業；H703100 不動產租賃業；I503010 景觀、室內設計業；F211010 建材零售業；F401010 國際貿易業；E801010 室內裝潢業；J101990 其他環境衛生及污染防治服務業；ZZ99999 除許可業務外，得經營法令非禁止或限制之業務,臺北市,變更,11504
28463298,辰格廣告實業有限公司,臺北市中山區松江路129號10樓之2,謝宗翰,10000000,,115/04/22,股東出資轉讓修正章程,E801010 室內裝潢業；F111090 建材批發業；I401020 廣告傳單分送業；ZZ99999 除許可業務外，得經營法令非禁止或限制之業務；H701010 住宅及大樓開發租售業；H701090 都市更新整建維護業；H702010 建築經理業；H703090 不動產買賣業；H703100 不動產租賃業；IB01010 建築物公共安全檢查業,臺北市,變更,11504
28464058,富格工程股份有限公司,臺北市中山區龍江路155巷1號3樓,高智仁,29000000,,115/04/10,改選董事/監察人(一人法人股東指派董事/監察人),E501011 自來水管承裝商；E601010 電器承裝業；E601020 電器安裝業；E603040 消防安全設備安裝工程業；E502010 燃料導管安裝工程業；E599010 配管工程業；E603010 電纜安裝工程業；E603050 自動控制設備工程業；E603080 交通號誌安裝工程業；E603090 照明設備安裝工程業,臺北市,變更,11504
28464944,滿福國際開發股份有限公司,臺北市內湖區新湖三路23號5樓,陳清華,396000000,,115/04/13,改選董事/監察人(一人法人股東指派董事/監察人),F101100 花卉批發業；F101120 觀賞魚批發業；F105050 家具、寢具、廚房器具、裝設品批發業；F106010 五金批發業；F106020 日常用品批發業；F106050 陶瓷玻璃器皿批發業；F107050 肥料批發業；F109070 文教、樂器、育樂用品批發業；F114030 汽、機車零件配備批發業；F118010 資訊軟體批發業,臺北市,變更,11504
28465438,五右衛門有限公司,臺北市中山區中山北路2段59巷25之2號,石田香織,500000,,115/04/09,公司所在地,F203010 食品什貨、飲料零售業；F203020 菸酒零售業；F401010 國際貿易業；F501060 餐館業；F501030 飲料店業；F501050 飲酒店業；ZZ99999 除許可業務外，得經營法令非禁止或限制之業務,臺北市,變更,11504
28468548,台灣固網股份有限公司,臺北市大安區基隆路二段172-1號15樓,蔡明忠,21000000000,,115/04/13,修正章程,G903010 電信事業；CC01060 有線通信機械器材製造業；CC01070 無線通信機械器材製造業；CC01080 電子零組件製造業；CC01110 電腦及其週邊設備製造業；CC01990 其他電機及電子機械器材製造業；D101060 再生能源自用發電設備業；E601010 電器承裝業；E601020 電器安裝業；E603010 電纜安裝工程業,臺北市,變更,11504
28469477,駿馳保險代理人有限公司,臺北市松山區民生東路3段128號9樓之2,曾福德,5000000,,115/04/28,經理人解任,H601021 財產保險代理人,臺北市,變更,11504
28473795,汯居建築經理股份有限公司,臺北市士林區福林路203號,李東義,5000000,,115/04/08,特殊補正,H701010 住宅及大樓開發租售業；E801010 室內裝潢業；I103060 管理顧問業；H702010 建築經理業,臺北市,變更,11504
28479427,常德建設股份有限公司,臺北市大同區華陰街91號2樓,曹來春,351650000,,115/04/27,特殊補正,H701020 工業廠房開發租售業；H701030 殯葬場所開發租售業；H701040 特定專業區開發業；H701050 投資興建公共建設業；H701070 區段徵收及市地重劃代辦業；H701080 都市更新重建業；E801010 室內裝潢業；E901010 油漆工程業；E601020 電器安裝業；E599010 配管工程業,臺北市,變更,11504
28479685,寶嘉聯合股份有限公司,臺北市內湖區民善街70號,駱麗鳳,325000000,,115/04/27,公司所在地,F114010 汽車批發業；F114020 機車批發業；F114030 汽、機車零件配備批發業；F114050 車胎批發業；F214010 汽車零售業；F214020 機車零售業；F214050 車胎零售業；F401010 國際貿易業；JA01010 汽車修理業；F114040 自行車及其零件批發業,臺北市,變更,11504
28481943,鼎樂豐有限公司,臺北市南港區八德路4段778號6樓,楊欽堯,20101400,,115/04/20,公司所營事業變更修正章程,I301030 電子資訊供應服務業；I103060 管理顧問業；I301010 資訊軟體服務業；I301020 資料處理服務業；F113050 電腦及事務性機器設備批發業；F118010 資訊軟體批發業；F213030 電腦及事務性機器設備零售業；F218010 資訊軟體零售業；I401010 一般廣告服務業；I503010 景觀、室內設計業,臺北市,變更,11504
28488538,富義建設股份有限公司,臺北市中正區羅斯福路1段7號10樓,洪村騫,60000000,,115/04/28,特殊補正,H701010 住宅及大樓開發租售業；H701020 工業廠房開發租售業；H701050 投資興建公共建設業；H701060 新市鎮、新社區開發業；H703090 不動產買賣業；H703100 不動產租賃業；F111090 建材批發業；F211010 建材零售業；F401010 國際貿易業；ZZ99999 除許可業務外，得經營法令非禁止或限制之業務,臺北市,變更,11504
28558978,柏樂媒體行銷股份有限公司,臺北市中山區南京東路3段189號8樓,林慧貞,10000000,,115/04/01,公司所在地,F108040 化粧品批發業；F208040 化粧品零售業；F203010 食品什貨、飲料零售業；F102170 食品什貨批發業；F401010 國際貿易業；F107030 清潔用品批發業；F207030 清潔用品零售業；IG01010 生物技術服務業；ZZ99999 除許可業務外，得經營法令非禁止或限制之業務；F118010 資訊軟體批發業,臺北市,變更,11504
28601341,漢積科技股份有限公司,臺北市中山區南京東路2段172號6樓,林在宥,50000000,,115/04/30,公司外文名稱變更修正章程,E603050 自動控制設備工程業；E605010 電腦設備安裝業；EZ05010 儀器、儀表安裝工程業；I301010 資訊軟體服務業；I301020 資料處理服務業；I301030 電子資訊供應服務業；I501010 產品設計業；I599990 其他設計業；ZZ99999 除許可業務外，得經營法令非禁止或限制之業務,臺北市,變更,11504
28632750,希悅設計有限公司,臺北市內湖區陽光街68巷162號1樓,葉之詳,4000000,,115/04/23,增資,E801010 室內裝潢業；E801020 門窗安裝工程業；E801030 室內輕鋼架工程業；E801040 玻璃安裝工程業；E801070 廚具、衛浴設備安裝工程業；E901010 油漆工程業；E903010 防蝕、防銹工程業；E603090 照明設備安裝工程業；E601010 電器承裝業；E601020 電器安裝業,臺北市,變更,11504
28638277,寰宇磐石有限公司,臺北市大安區忠孝東路4段303號7樓,黃岳盟,1000000,,115/04/01,特殊補正,F111090 建材批發業；F211010 建材零售業；F399040 無店面零售業；F401010 國際貿易業；E801070 廚具、衛浴設備安裝工程業；I503010 景觀、室內設計業；ZZ99999 除許可業務外，得經營法令非禁止或限制之業務,臺北市,變更,11504
28659841,胤福股份有限公司,臺北市北投區裕民六路2號9樓,盧國棟,79000000,,115/04/02,特殊補正,CB01010 機械設備製造業；CB01990 其他機械製造業；CE01990 其他光學及精密器械製造業；CQ01010 模具製造業；F106030 模具批發業；F113010 機械批發業；F113990 其他機械器具批發業；F206030 模具零售業；F213080 機械器具零售業；F213990 其他機械器具零售業,臺北市,變更,11504
28669329,日煜科技股份有限公司,臺北市中正區仁愛路2段25號5樓,張立志,2000000,,115/04/15,公司所在地,CC01030 電器及視聽電子產品製造業；CC01080 電子零組件製造業；CC01040 照明設備製造業；CC01090 電池製造業；CC01010 發電、輸電、配電機械製造業；E605010 電腦設備安裝業；F118010 資訊軟體批發業；F119010 電子材料批發業；F213010 電器零售業；F213060 電信器材零售業,臺北市,變更,11504
28672345,伊立汽車租賃有限公司,臺北市文山區興隆路1段139號,陳岳余,10000000,,115/04/09,特殊補正,ZZ99999 除許可業務外，得經營法令非禁止或限制之業務；G101041 小客車租賃業；F114010 汽車批發業；F114030 汽、機車零件配備批發業；F214010 汽車零售業；F214030 汽、機車零件配備零售業；JA01990 其他汽車服務業；JZ99050 仲介服務業,臺北市,變更,11504
28672534,大岳貿易股份有限公司,臺北市中正區臨沂街3巷11號1樓,劉哲豪,10000000,,115/04/27,改選董事/監察人(一人法人股東指派董事/監察人),E605010 電腦設備安裝業；F106010 五金批發業；F113050 電腦及事務性機器設備批發業；F113070 電信器材批發業；F118010 資訊軟體批發業；F119010 電子材料批發業；F206010 五金零售業；F213010 電器零售業；F213030 電腦及事務性機器設備零售業；F213060 電信器材零售業,臺北市,變更,11504
28673891,金質生物科技股份有限公司,臺北市大安區敦化南路2段1號6樓,黃丞鋒,11000000,,115/04/28,改選董事/監察人(一人法人股東指派董事/監察人),F102170 食品什貨批發業；F108040 化粧品批發業；F203010 食品什貨、飲料零售業；F208040 化粧品零售業；F401010 國際貿易業；I102010 投資顧問業；I103060 管理顧問業；IG01010 生物技術服務業；CC01110 電腦及其週邊設備製造業；F113050 電腦及事務性機器設備批發業,臺北市,變更,11504
28674272,復盛股份有限公司,臺北市中山區南京東路二段172號1、2、3樓,李亮箴,12308470250,,115/04/22,改派董事/監察人,CA01030 鋼鐵鑄造業；CB01010 機械設備製造業；CC01010 發電、輸電、配電機械製造業；CC01060 有線通信機械器材製造業；CC01080 電子零組件製造業；CC01110 電腦及其週邊設備製造業；CH01010 體育用品製造業；CQ01010 模具製造業；E604010 機械安裝業；E605010 電腦設備安裝業,臺北市,變更,11504
28674553,建和豐科技股份有限公司,臺北市大安區敦化南路1段332號8樓之2,蔡榕育,10000000,,115/04/13,董事/監察人持股變動報備,CB01020 事務機器製造業；CC01110 電腦及其週邊設備製造業；CC01030 電器及視聽電子產品製造業；CC01080 電子零組件製造業；E605010 電腦設備安裝業；F113020 電器批發業；F113050 電腦及事務性機器設備批發業；F119010 電子材料批發業；F213030 電腦及事務性機器設備零售業；F213010 電器零售業,臺北市,變更,11504
28677968,達發建設股份有限公司,臺北市松山區南京東路5段356號5樓之2,陳建發,34807500,,115/04/07,改選董事/監察人(一人法人股東指派董事/監察人),H703090 不動產買賣業；H703100 不動產租賃業；I102010 投資顧問業；I103060 管理顧問業；JZ99050 仲介服務業；I503010 景觀、室內設計業；E801010 室內裝潢業；H701010 住宅及大樓開發租售業；F401010 國際貿易業；I502010 服飾設計業,臺北市,變更,11504
28678798,竑昱資訊有限公司,臺北市松山區八德路4段660號6樓之1,周雯琪,500000,,115/04/28,特殊補正,ZZ99999 除許可業務外，得經營法令非禁止或限制之業務,臺北市,變更,11504
28679213,光儀投資股份有限公司,臺北市信義區基隆路1段155號7樓,徐玉貞,8000000,,115/04/22,特殊補正,H201010 一般投資業,臺北市,變更,11504
28681631,裕輝系統開發有限公司,臺北市大同區承德路2段81號16樓之1,張金花,5000000,,115/04/29,特殊補正,F118010 資訊軟體批發業；F113010 機械批發業；F401010 國際貿易業；I502010 服飾設計業；I301010 資訊軟體服務業；C302010 織布業；C306010 成衣業；C307010 服飾品製造業；C399990 其他紡織及製品製造業；F104110 布疋、衣著、鞋、帽、傘、服飾品批發業,臺北市,變更,11504
28684927,凌揚國際投資有限公司,臺北市大同區迪化街1段272號1樓,倪寒芬,500000,,115/04/27,補繳規費,H201010 一般投資業；F106020 日常用品批發業；F206020 日常用品零售業；F401010 國際貿易業；ZZ99999 除許可業務外，得經營法令非禁止或限制之業務,臺北市,變更,11504
28685138,台灣亞太環通投資控股股份有限公司,臺北市內湖區瑞光路415號4樓,王喬薇,1000000,,115/04/07,改選董事/監察人(一人法人股東指派董事/監察人),H201010 一般投資業,臺北市,變更,11504
28686039,誠元國際開發股份有限公司,臺北市中山區松江路369號7樓,劉嘉恩,547000000,,115/04/17,改選董事/監察人(一人法人股東指派董事/監察人),H701010 住宅及大樓開發租售業；H701040 特定專業區開發業；H701050 投資興建公共建設業；E801010 室內裝潢業；F211010 建材零售業；F111090 建材批發業；H701060 新市鎮、新社區開發業；H701070 區段徵收及市地重劃代辦業；H701080 都市更新業；H702010 建築經理業,臺北市,變更,11504
28690792,幸福空間股份有限公司,臺北市信義區菸廠路88號5樓之6,林鎮業,200000000,,115/04/24,改派董事/監察人,I401010 一般廣告服務業；I401020 廣告傳單分送業；I103060 管理顧問業；F399040 無店面零售業；J601010 藝文服務業；J602010 演藝活動業；J503010 廣播節目製作業；J503020 電視節目製作業；J503030 廣播電視節目發行業；J503040 廣播電視廣告業,臺北市,變更,11504
28692193,崧大投資股份有限公司,臺北市南港區園區街3之2號4樓之3,林政道,10000000,,115/04/13,特殊補正,H201010 一般投資業,臺北市,變更,11504
28698056,亞洲富泉財匯股份有限公司,臺北市中山區遼寧街179號20樓,丁廣欽,420000000,,115/04/08,改選董事/監察人(一人法人股東指派董事/監察人),F401010 國際貿易業；I102010 投資顧問業；I103060 管理顧問業；ZZ99999 除許可業務外，得經營法令非禁止或限制之業務,臺北市,變更,11504
28698204,倍增國際股份有限公司,臺北市內湖區瑞光路335號6樓,黄齡儀,11700000,,115/04/28,公司所在地,I301010 資訊軟體服務業；I301020 資料處理服務業；I301030 電子資訊供應服務業；IG01010 生物技術服務業；F111090 建材批發業；F113010 機械批發業；F113020 電器批發業；F211010 建材零售業；F213010 電器零售業；F213080 機械器具零售業,臺北市,變更,11504
28698464,達群投資有限公司,臺北市信義區忠孝東路5段1之1號8樓,莊榮寬,52100000,,115/04/14,改推董事/董事長,H201010 一般投資業；H703100 不動產租賃業,臺北市,變更,11504
28699885,保豐堂金儀器有限公司,臺北市士林區承德路4段80巷45號1樓,王育章,2000000,,115/04/15,特殊補正,F106050 陶瓷玻璃器皿批發業；F108031 醫療器材批發業；F113030 精密儀器批發業；F113060 度量衡器批發業；F213040 精密儀器零售業；F213050 度量衡器零售業；F401010 國際貿易業；ZZ99999 除許可業務外，得經營法令非禁止或限制之業務；F208050 乙類成藥零售業；F109070 文教、樂器、育樂用品批發業,臺北市,變更,11504
28701897,達冠科技股份有限公司,臺北市中山區復興北路288號13樓之3,吳佳樺,55500000,,115/04/28,經理人變更,F111090 建材批發業；F211010 建材零售業；F213080 機械器具零售業；F401010 國際貿易業；E801070 廚具、衛浴設備安裝工程業；F213010 電器零售業；E601020 電器安裝業；E601010 電器承裝業；F102170 食品什貨批發業；F203010 食品什貨、飲料零售業,臺北市,變更,11504
28704634,中華就業服務有限公司,臺北市大安區復興南路2段218號7樓之6,陳奕儒,5000000,,115/04/13,特殊補正,JZ99050 仲介服務業；I103060 管理顧問業；I701011 就業服務業；IZ12010 人力派遣業；F401010 國際貿易業,臺北市,變更,11504
28705079,慕夏時尚有限公司,臺北市中山區中山北路2段44巷25號14樓,李惠菁,5000000,,115/04/14,特殊補正,F401010 國際貿易業；F106020 日常用品批發業；F104110 布疋、衣著、鞋、帽、傘、服飾品批發業；ZZ99999 除許可業務外，得經營法令非禁止或限制之業務,臺北市,變更,11504
28705211,台灣日立亞太股份有限公司,臺北市松山區敦化北路167號3樓,蠣崎忠康,66000000,,115/04/16,改派董事/監察人,ZZ99999 除許可業務外，得經營法令非禁止或限制之業務；F401021 電信管制射頻器材輸入業；F108031 醫療器材批發業；F208031 醫療器材零售業,臺北市,變更,11504
28709271,斯邁喬治整合行銷有限公司,臺北市信義區信義路4段458號6樓,趙士強,7000000,,115/04/01,公司所在地,F204110 布疋、衣著、鞋、帽、傘、服飾品零售業；F209060 文教、樂器、育樂用品零售業；J601010 藝文服務業；J602010 演藝活動業；J803010 運動表演業；J803020 運動比賽業；F102170 食品什貨批發業；F203010 食品什貨、飲料零售業；F106020 日常用品批發業；F206020 日常用品零售業,臺北市,變更,11504
28710495,崑逸開發股份有限公司,臺北市中山區撫順街23號2樓、2樓之1及2樓之2,張崑裕,35000000,,115/04/15,改選董事/監察人(一人法人股東指派董事/監察人),H701010 住宅及大樓開發租售業；H701020 工業廠房開發租售業；H701040 特定專業區開發業；H701050 投資興建公共建設業；H703100 不動產租賃業；H703090 不動產買賣業；J602010 演藝活動業；J801030 競技及休閒運動場館業；G202010 停車場經營業；ZZ99999 除許可業務外，得經營法令非禁止或限制之業務,臺北市,變更,11504
28711419,異客股份有限公司,臺北市大安區敦化南路二段95號11樓,江選輝,1299300000,,115/04/20,發行新股,E605010 電腦設備安裝業；F399040 無店面零售業；F399990 其他綜合零售業；F401010 國際貿易業；F601010 智慧財產權業；G801010 倉儲業；I102010 投資顧問業；I103060 管理顧問業；I105010 藝術品諮詢顧問業；I301010 資訊軟體服務業,臺北市,變更,11504
28714611,銓智知識服務股份有限公司,臺北市大安區忠孝東路4段183號13樓之2,邱仕謙,7800000,,115/04/13,公司所在地,F601010 智慧財產權業；I103060 管理顧問業；I102010 投資顧問業；I301010 資訊軟體服務業；J303010 雜誌（期刊）出版業；J304010 圖書出版業；J305010 有聲出版業；J399010 軟體出版業；J802010 運動訓練業；F118010 資訊軟體批發業,臺北市,變更,11504
28715392,立視科技股份有限公司,臺北市松山區八德路四段760號6樓,錢大衛,553803660,,115/04/17,補繳規費,I301010 資訊軟體服務業；I301020 資料處理服務業；I301030 電子資訊供應服務業；I301040 第三方支付服務業；IZ13010 網路認證服務業；H201010 一般投資業；I401010 一般廣告服務業；J503040 廣播電視廣告業；F399040 無店面零售業；ZZ99999 除許可業務外，得經營法令非禁止或限制之業務,臺北市,變更,11504
28785988,偉太健康科技有限公司,臺北市信義區松隆路239號4樓,關國偉,80000000,,115/04/10,特殊補正,F105050 家具、寢具、廚房器具、裝設品批發業；F106010 五金批發業；F106020 日常用品批發業；F106040 水器材料批發業；F111090 建材批發業；F113020 電器批發業；F113990 其他機械器具批發業；F205040 家具、寢具、廚房器具、裝設品零售業；F206010 五金零售業；F206020 日常用品零售業,臺北市,變更,11504
28816504,盪鞦韆創意工作室有限公司,臺北市大安區忠孝東路4段183號13樓之2,李國豪,1500000,,115/04/28,特殊補正,J401011 電影片製作業；J402011 電影片發行業；J602010 演藝活動業；J503011 廣播節目製作業；J503021 電視節目製作業；J503031 廣播電視節目發行業；J503041 廣播電視廣告業；ZZ99999 除許可業務外，得經營法令非禁止或限制之業務,臺北市,變更,11504
28822908,皇祿投資股份有限公司,臺北市大安區敦化南路2段77號3樓,詹其哲,300000000,,115/04/15,發行新股,H201010 一般投資業,臺北市,變更,11504
28833362,仲恩生醫科技股份有限公司,臺北市內湖區瑞光路607號4樓,王玲美,730729910,,115/04/29,補繳規費,F401010 國際貿易業；IG01010 生物技術服務業；F108021 西藥批發業；C802100 化粧品製造業；F108040 化粧品批發業；F207990 其他化學製品零售業；F208040 化粧品零售業；IC01010 藥品檢驗業；F601010 智慧財產權業；I301020 資料處理服務業,臺北市,變更,11504
28833927,華藝牙技企業有限公司,臺北市中山區松江路317號6樓,康建明,2500000,,115/04/27,公司所在地,F108031 醫療器材批發業；F208031 醫療器材零售業；CQ01010 模具製造業；F106030 模具批發業；F206030 模具零售業；F401010 國際貿易業；F399990 其他綜合零售業；I103060 管理顧問業；F102170 食品什貨批發業；F113010 機械批發業,臺北市,變更,11504
28834355,台灣艾希亞投資股份有限公司,臺北市中山區南京東路三段168號14樓,松本篤,4142007390,,115/04/24,補選董事(常務董事.董事長)/監察人,H201010 一般投資業；D101060 再生能源自用發電設備業；I103060 管理顧問業；IG03010 能源技術服務業；ZZ99999 除許可業務外，得經營法令非禁止或限制之業務,臺北市,變更,11504
28835426,台灣吉爾製程股份有限公司,臺北市大安區敦化南路1段205號9樓之4,林家正,1000000,,115/04/07,特殊補正,E502010 燃料導管安裝工程業；E599010 配管工程業；E601010 電器承裝業；E601020 電器安裝業；E604010 機械安裝業；EZ05010 儀器、儀表安裝工程業；F113010 機械批發業；F213080 機械器具零售業；F401010 國際貿易業；ZZ99999 除許可業務外，得經營法令非禁止或限制之業務,臺北市,變更,11504
28838303,端泰股份有限公司,臺北市中正區開封街1段37號13樓,江宜學,15000000,,115/04/16,特殊補正,F116010 照相器材批發業；F216010 照相器材零售業；F118010 資訊軟體批發業；F218010 資訊軟體零售業；F119010 電子材料批發業；F219010 電子材料零售業；F113020 電器批發業；F213010 電器零售業；F401010 國際貿易業；F108040 化粧品批發業,臺北市,變更,11504
28838388,華維晶科技有限公司,臺北市大同區南京西路57號3樓,林鼎堯,3000000,,115/04/14,特殊補正,H201010 一般投資業；H202010 創業投資業；H703090 不動產買賣業；H703100 不動產租賃業；F401010 國際貿易業；ZZ99999 除許可業務外，得經營法令非禁止或限制之業務；I102010 一般投資顧問業；I103060 管理顧問業；I199990 其他顧問服務業；I301010 資訊軟體服務業,臺北市,變更,11504
28846227,新東旅行社有限公司,臺北市中山區南京東路2段69號5樓,謝憲治,6000000,,115/04/22,法人股東指(改)派代表人為董,J902011 旅行業,臺北市,變更,11504
28846232,前勁投資有限公司,臺北市內湖區新湖三路275號2樓,吳宗哲,270000000,,115/04/27,法人股東指(改)派代表人為董,H201010 一般投資業,臺北市,變更,11504
28848169,大漾室內裝修工程有限公司,臺北市文山區興隆路2段244巷39弄8號4樓,林張梅雪,1000000,,115/04/20,股東出資轉讓修正章程,F105050 家具、寢具、廚房器具、裝設品批發業；F106010 五金批發業；F106020 日常用品批發業；F106050 陶瓷玻璃器皿批發業；F107010 漆料、塗料批發業；F107020 染料、顏料批發業；F107030 清潔用品批發業；F111090 建材批發業；F113010 機械批發業；F113020 電器批發業,臺北市,變更,11504
28848718,廣納國際企業股份有限公司,臺北市中山區南京東路2段8號10樓之1,張耀煌,90000000,,115/04/14,特殊補正,F108040 化粧品批發業；F208040 化粧品零售業；F113020 電器批發業；F213010 電器零售業；F401010 國際貿易業；F203020 菸酒零售業；F102030 菸酒批發業；F104110 布疋、衣著、鞋、帽、傘、服飾品批發業；F106020 日常用品批發業；F206020 日常用品零售業,臺北市,變更,11504
28850397,益海建設股份有限公司,臺北市松山區民權東路3段144號13樓之3,林溪河,10000000,,115/04/08,改選董事/監察人(一人法人股東指派董事/監察人),H701010 住宅及大樓開發租售業；H701080 都市更新重建業；H701060 新市鎮、新社區開發業；H701070 區段徵收及市地重劃代辦業；F111090 建材批發業；F401010 國際貿易業；H701040 特定專業區開發業；J101990 其他環境衛生及污染防治服務業；JZ99050 仲介服務業；ZZ99999 除許可業務外，得經營法令非禁止或限制之業務,臺北市,變更,11504
28850474,弘傑城市開發股份有限公司,臺北市大安區大安路2段132巷36弄2號,陳黃秀娥,1000000,,115/04/10,改選董事/監察人(一人法人股東指派董事/監察人),H703100 不動產租賃業；H703090 不動產買賣業；H701080 都市更新重建業；H701090 都市更新整建維護業；H701020 工業廠房開發租售業；H701040 特定專業區開發業；H701060 新市鎮、新社區開發業；H701070 區段徵收及市地重劃代辦業；I102010 投資顧問業；I103060 管理顧問業,臺北市,變更,11504
28850559,弘傑永續股份有限公司,臺北市萬華區漢中街131號6樓之3,辜永奇,1000000,,115/04/16,改選董事/監察人(一人法人股東指派董事/監察人),IZ02010 打字業；IZ99990 其他工商服務業；ZZ99999 除許可業務外，得經營法令非禁止或限制之業務,臺北市,變更,11504
28851826,台灣本田阿克薩斯股份有限公司,臺北市中山區民生東路3段10號7樓,穗谷和宏,110000000,,115/04/20,改選董事/監察人(一人法人股東指派董事/監察人),F107010 漆料、塗料批發業；F107020 染料、顏料批發業；F107030 清潔用品批發業；F113010 機械批發業；F113020 電器批發業；F114010 汽車批發業；F114020 機車批發業；F114030 汽、機車零件配備批發業；F207010 漆料、塗料零售業；F207020 染料、顏料零售業,臺北市,變更,11504
28851950,世帝喜商事有限公司,臺北市中山區中山北路2段60號10樓,根本克己,500000,,115/04/13,法人股東指(改)派代表人為董事,F102020 食用油脂批發業；F102040 飲料批發業；F102170 食品什貨批發業；F104110 布疋、衣著、鞋、帽、傘、服飾品批發業；F105050 家具、寢具、廚房器具、裝設品批發業；F106050 陶瓷玻璃器皿批發業；F108040 化粧品批發業；F109070 文教、樂器、育樂用品批發業；F110010 鐘錶批發業；F115010 首飾及貴金屬批發業,臺北市,變更,11504
28853417,歐多科技有限公司,臺北市內湖區新明路355號4樓之2,向育賢,2000000,,115/04/10,票據兌現/他機關函復/補正,F114030 汽、機車零件配備批發業；ZZ99999 除許可業務外，得經營法令非禁止或限制之業務；F102170 食品什貨批發業；F104110 布疋、衣著、鞋、帽、傘、服飾品批發業；F105050 家具、寢具、廚房器具、裝設品批發業；F106020 日常用品批發業；F107030 清潔用品批發業；F108040 化粧品批發業；F109070 文教、樂器、育樂用品批發業；F110010 鐘錶批發業,臺北市,變更,11504
28853660,鑒真數位有限公司,臺北市中山區松江路309號11樓之5,黃王水衿,28100000,,115/04/29,股東出資轉讓修正章程,E605010 電腦設備安裝業；E701010 通信工程業；EZ09010 靜電防護及消除工程業；F113030 精密儀器批發業；F113050 電腦及事務性機器設備批發業；F113070 電信器材批發業；F118010 資訊軟體批發業；F213030 電腦及事務性機器設備零售業；F213040 精密儀器零售業；F213060 電信器材零售業,臺北市,變更,11504
28853795,九天開發股份有限公司,臺北市大安區通化街171巷25號1樓,潘建豪,25000000,,115/04/09,董事/監察人地址變更,I301010 資訊軟體服務業；I301020 資料處理服務業；I301030 電子資訊供應服務業；JE01010 租賃業；H701010 住宅及大樓開發租售業；H701020 工業廠房開發租售業；H701040 特定專業區開發業；H701050 投資興建公共建設業；H701060 新市鎮、新社區開發業；H701070 區段徵收及市地重劃代辦業,臺北市,變更,11504
28854801,台灣薩莉亞餐飲股份有限公司,臺北市中山區松江路158號11樓,市原純,290000000,,115/04/22,改選董事/監察人(一人法人股東指派董事/監察人),F102040 飲料批發業；F102170 食品什貨批發業；F203010 食品什貨、飲料零售業；F501060 餐館業；F401010 國際貿易業；ZZ99999 除許可業務外，得經營法令非禁止或限制之業務,臺北市,變更,11504
28855999,永讚開發投資股份有限公司,臺北市大安區敦化南路1段205號2樓之8,鍾富瑋,28000000,,115/04/30,特殊補正,H201010 一般投資業,臺北市,變更,11504
28858601,久森網絡股份有限公司,臺北市內湖區環山路2段151號2樓,簡榆樺,10000000,,115/04/07,改選董事/監察人(一人法人股東指派董事/監察人),E605010 電腦設備安裝業；E701030 電信管制射頻器材裝設工程業；EZ99990 其他工程業；ZZ99999 除許可業務外，得經營法令非禁止或限制之業務；F113070 電信器材批發業；F213060 電信器材零售業；F113050 電腦及事務性機器設備批發業；F213030 電腦及事務性機器設備零售業；F401021 電信管制射頻器材輸入業；E601010 電器承裝業,臺北市,變更,11504
28860971,屹萬貿易股份有限公司,臺北市大安區信義路4段181之2號、183號,陳建屹,2000000,,115/04/27,董事/監察人持股變動報備,F105050 家具、寢具、廚房器具、裝設品批發業；F205040 家具、寢具、廚房器具、裝設品零售業；F401010 國際貿易業；F111090 建材批發業；F211010 建材零售業；E801070 廚具、衛浴設備安裝工程業；I503010 景觀、室內設計業；E801030 室內輕鋼架工程業；E801010 室內裝潢業；I103060 管理顧問業,臺北市,變更,11504
28861633,瑞寶基因股份有限公司,臺北市內湖區民權東路六段160號13樓,江輝邦,573000000,,115/04/09,董事/監察人持股變動報備,C110010 飲料製造業；C199990 未分類其他食品製造業；C201010 飼料製造業；C802060 動物用藥製造業；C802100 化粧品製造業；C802990 其他化學製品製造業；F102170 食品什貨批發業；F103010 飼料批發業；F107070 動物用藥品批發業；F108040 化粧品批發業,臺北市,變更,11504
28868214,頎揚廣告設計有限公司,臺北市中山區新生北路2段60巷23號1樓,陳銘桂,500000,,115/04/08,特殊補正,I401010 一般廣告服務業；I501010 產品設計業；IZ01010 影印業；IZ02010 打字業；ZZ99999 除許可業務外，得經營法令非禁止或限制之業務；C601040 加工紙製造業；C701010 印刷業；C702010 製版業；F109070 文教、樂器、育樂用品批發業；F401010 國際貿易業,臺北市,變更,11504
28868349,樂工設計室內裝修股份有限公司,臺北市大同區民權西路106號9樓,淩志佳,10000000,,115/04/10,補選董事(常務董事.董事長)/監察人,E801010 室內裝潢業；I199990 其他顧問服務業；I503010 景觀、室內設計業；I501010 產品設計業；I599990 其他設計業；F211010 建材零售業；F205040 家具、寢具、廚房器具、裝設品零售業；F206010 五金零售業；E801060 室內裝修業；ZZ99999 除許可業務外，得經營法令非禁止或限制之業務,臺北市,變更,11504
28901902,祐通興業有限公司,臺北市內湖區康寧路1段292號2樓之2,林英賢,1000000,,115/04/20,特殊補正,F102040 飲料批發業；F102050 茶葉批發業；F102170 食品什貨批發業；F203010 食品什貨、飲料零售業；F401010 國際貿易業；C111010 製茶業；ZZ99999 除許可業務外，得經營法令非禁止或限制之業務；I401010 一般廣告服務業；I501010 產品設計業；J602010 演藝活動業,臺北市,變更,11504
28905718,采豐投資股份有限公司,臺北市信義區信義路4段415號6樓之5,盧曉玉,29500000,,115/04/27,特殊補正,H201010 一般投資業,臺北市,變更,11504
28940383,肯驛國際股份有限公司,臺北市松山區敦化南路1段5號10樓,吳政哲,96709700,,115/04/30,發行新股,G101041 小客車租賃業；JE01010 租賃業；F114010 汽車批發業；JZ99050 仲介服務業；G202010 停車場經營業；F401010 國際貿易業；F114030 汽、機車零件配備批發業；I103060 管理顧問業；IZ12010 人力派遣業；E605010 電腦設備安裝業,臺北市,變更,11504
28961181,茂業國際生化科技有限公司,臺北市大同區涼州街6號地下樓之1,温國峽,3000000,,115/04/27,特殊補正,C103050 罐頭、冷凍、脫水及醃漬食品製造業；F203010 食品什貨、飲料零售業；C601050 家庭及衛生用紙製造業；F206020 日常用品零售業；C802090 清潔用品製造業；F107030 清潔用品批發業；F207030 清潔用品零售業；F108040 化粧品批發業；F208040 化粧品零售業；C802990 其他化學製品製造業,臺北市,變更,11504
28969389,員寶建設股份有限公司,臺北市士林區延平北路5段163巷4號4樓,曹俊傑,29000000,,115/04/13,改選董事/監察人(一人法人股東指派董事/監察人),H701010 住宅及大樓開發租售業；H701020 工業廠房開發租售業；H701040 特定專業區開發業；H701050 投資興建公共建設業；H701060 新市鎮、新社區開發業；H701070 區段徵收及市地重劃代辦業；H701080 都市更新重建業；H701090 都市更新整建維護業；H703090 不動產買賣業；H703100 不動產租賃業,臺北市,變更,11504
28972878,香港商晟嘉亞美有限公司,臺北市松山區敦化北路214號11樓,魏傑森,7500000,,115/04/16,改派在中華民國境內負責人變更登記,G402011 海運承攬運送業；G601011 航空貨運承攬業；ZZ99999 除許可業務外，得經營法令非禁止或限制之業務,臺北市,變更,11504
28982361,大陸商中國東方航空股份有限公司,臺北市中山區民生東路三段2號5樓,支勇,2000000,,115/04/27,分公司所在地變更,G501011 民用航空運輸業（限中華民國行業標準分類5101民用航空運輸業）,臺北市,變更,11504
28984810,大陸商深圳市得潤電子股份有限公司,臺北市內湖區西湖里洲子街194號9樓,梁根梅,0,,115/04/14,一般補正案,,臺北市,變更,11504
28989049,新加坡商康威特股份有限公司,臺北市松山區復興北路57號5樓之4,Daniel James Millard,48350698,,115/04/16,改派在中華民國境內負責人變更登記,F108031 醫療器材批發業；F208031 醫療器材零售業；I103060 管理顧問業；I199990 其他顧問服務業；ZZ99999 除許可業務外，得經營法令非禁止或限制之業務；F108040 化粧品批發業；F208040 化粧品零售業,臺北市,變更,11504
28990783,美商艾比傑媒體行銷股份有限公司,臺北市信義區松仁路97號13樓,黃麗萍,10000000,,115/04/02,改派在中華民國境內負責人變更登記,F601010 智慧財產權業；I401010 一般廣告服務業；JD01010 工商徵信服務業；I103060 管理顧問業；JZ99050 仲介服務業,臺北市,變更,11504
28990910,香港商慶云恩有限公司,臺北市松山區復興北路57號14樓之3,趙昱揚,13800000,,115/04/24,改派在中華民國境內負責人變更登記,ZZ99999 除許可業務外，得經營法令非禁止或限制之業務；F104110 布疋、衣著、鞋、帽、傘、服飾品批發業；F299990 其他零售業；F206020 日常用品零售業；F205040 家具、寢具、廚房器具、裝設品零售業；F401991 其他輸出入業；F204110 布疋、衣著、鞋、帽、傘、服飾品零售業；F399040 無店面零售業；F399990 其他綜合零售業；F401010 國際貿易業,臺北市,變更,11504
28991397,美商香緹卡股份有限公司,臺北市大安區仁愛路三段136號3樓,MONIKA MAGDALENA SUCHECKA,46529500,,115/04/29,本公司董事及其他負責人變更,F108040 化粧品批發業；F208040 化粧品零售業；F401010 國際貿易業；ZZ99999 除許可業務外，得經營法令非禁止或限制之業務,臺北市,變更,11504
28992543,千金裘寰業有限公司,臺北市中山區民生東路2段144號1樓,蔡晨筵,1000000,,115/04/21,股東出資轉讓修正章程,F401010 國際貿易業；H201010 一般投資業；JE01010 租賃業；C307010 服飾品製造業；F204110 布疋、衣著、鞋、帽、傘、服飾品零售業；F218010 資訊軟體零售業；F113050 電腦及事務性機器設備批發業；F213030 電腦及事務性機器設備零售業；F108040 化粧品批發業；F208040 化粧品零售業,臺北市,變更,11504
29006539,郡宏光電股份有限公司,臺北市中山區南京東路二段101號9樓,村上誠一,1367000000,,115/04/21,補選董事(常務董事.董事長)/監察人,CC01080 電子零組件製造業；F401010 國際貿易業；ZZ99999 除許可業務外，得經營法令非禁止或限制之業務,臺北市,變更,11504
29030539,華鼎生技顧問股份有限公司,臺北市中正區仁愛路2段2號8樓,簡銘達,40000000,,115/04/14,特殊補正,I199990 其他顧問服務業；I301020 資料處理服務業；I301030 電子資訊供應服務業；IG01010 生物技術服務業；IG02010 研究發展服務業；IZ12010 人力派遣業；F401010 國際貿易業；F601010 智慧財產權業；ZZ99999 除許可業務外，得經營法令非禁止或限制之業務；I102010 投資顧問業,臺北市,變更,11504
29031501,台灣拓人教育事業股份有限公司,臺北市松山區南京東路4段126號9樓,李萬吉,40000000,,115/04/27,改派董事/監察人,I103060 管理顧問業；J201031 短期補習班業；J303010 雜誌（期刊）出版業；J304010 圖書出版業；F401010 國際貿易業；F109070 文教、樂器、育樂用品批發業；ZZ99999 除許可業務外，得經營法令非禁止或限制之業務,臺北市,變更,11504
29033156,崴聖科技股份有限公司,臺北市萬華區長沙街2段111之1號2樓,黃嬿潤,4300000,,115/04/29,補繳規費,F113050 電腦及事務性機器設備批發業；F113070 電信器材批發業；F118010 資訊軟體批發業；F119010 電子材料批發業；F213030 電腦及事務性機器設備零售業；F213060 電信器材零售業；F213080 機械器具零售業；F218010 資訊軟體零售業；F219010 電子材料零售業；F399040 無店面零售業,臺北市,變更,11504
29033389,久長宏創研企業有限公司,臺北市中山區建國北路3段113巷7弄2號,陳渝甄,11000000,,115/04/24,特殊補正,F199010 回收物料批發業；F204110 布疋、衣著、鞋、帽、傘、服飾品零售業；F206010 五金零售業；F207190 塑膠膜、袋零售業；F207200 化學原料零售業；F213080 機械器具零售業；F219010 電子材料零售業；F401010 國際貿易業；ZZ99999 除許可業務外，得經營法令非禁止或限制之業務；E603040 消防安全設備安裝工程業,臺北市,變更,11504
29033677,悠揚健康事業有限公司,臺北市信義區永吉路503號2樓,許淑端,800000,,115/04/17,特殊補正,F102170 食品什貨批發業；F107030 清潔用品批發業；F108031 醫療器材批發業；F108040 化粧品批發業；F203010 食品什貨、飲料零售業；F207030 清潔用品零售業；F208031 醫療器材零售業；F208040 化粧品零售業；F208050 乙類成藥零售業；F399040 無店面零售業,臺北市,變更,11504
29033901,安亞投資股份有限公司,臺北市松山區復興北路101號8樓之8,林美金,1000000,,115/04/10,改選董事/監察人(一人法人股東指派董事/監察人),H201010 一般投資業,臺北市,變更,11504
29034768,北丞玻璃股份有限公司,臺北市士林區延平北路5段152號,劉淑綿,29800000,,115/04/07,改選董事/監察人(一人法人股東指派董事/監察人),C901020 玻璃及玻璃製品製造業；E801040 玻璃安裝工程業；F106050 陶瓷玻璃器皿批發業；F401010 國際貿易業；ZZ99999 除許可業務外，得經營法令非禁止或限制之業務,臺北市,變更,11504
29037012,三裕興有限公司,臺北市中山區中山北路1段64號5樓,簡偉哲,25000000,,115/04/01,特殊補正,F101130 蔬果批發業；F102170 食品什貨批發業；F105050 家具、寢具、廚房器具、裝設品批發業；F108040 化粧品批發業；F203010 食品什貨、飲料零售業；F205040 家具、寢具、廚房器具、裝設品零售業；F208040 化粧品零售業；F211010 建材零售業；F401010 國際貿易業；F103010 飼料批發業,臺北市,變更,11504
29039882,東海事業有限公司,臺北市士林區忠義街71巷25號1樓,何銘鴻,8000000,,115/04/08,公司所在地,CB01010 機械設備製造業；CB01020 事務機器製造業；CB01030 污染防治設備製造業；CB01990 其他機械製造業；CC01010 發電、輸電、配電機械製造業；CC01020 電線及電纜製造業；CC01030 電器及視聽電子產品製造業；CC01040 照明設備製造業；CC01060 有線通信機械器材製造業；CC01070 無線通信機械器材製造業,臺北市,變更,11504
29042373,鴻鼎資訊股份有限公司,臺北市大同區延平北路1段130之2號,謝宗佑,16000000,,115/04/01,特殊補正,F118010 資訊軟體批發業；F218010 資訊軟體零售業；F113070 電信器材批發業；F213060 電信器材零售業；F213030 電腦及事務性機器設備零售業；F401010 國際貿易業；I301010 資訊軟體服務業；I301020 資料處理服務業；I301030 電子資訊供應服務業；IE01010 電信業務門號代辦業,臺北市,變更,11504
29042839,鼎原科技股份有限公司,臺北市內湖區安康路20號3樓之1,許恆壽,100000000,,115/04/02,修正章程,F109070 文教、樂器、育樂用品批發業；F113010 機械批發業；F113030 精密儀器批發業；F113050 電腦及事務性機器設備批發業；F118010 資訊軟體批發業；F119010 電子材料批發業；F401010 國際貿易業；E603050 自動控制設備工程業；E605010 電腦設備安裝業；I301010 資訊軟體服務業,臺北市,變更,11504
29044457,豈晙股份有限公司,臺北市中正區重慶南路1段57號5樓之11,王耀德,1000000,,115/04/15,改選董事/監察人(一人法人股東指派董事/監察人),ZZ99999 除許可業務外，得經營法令非禁止或限制之業務；JE01010 租賃業；F102020 食用油脂批發業；F102030 菸酒批發業；F102040 飲料批發業；F102050 茶葉批發業；F102170 食品什貨批發業；F105050 家具、寢具、廚房器具、裝設品批發業；F106010 五金批發業；F106020 日常用品批發業,臺北市,變更,11504
29045505,天晴設計有限公司,臺北市南港區忠孝東路6段6號9樓之3,林定芊,4760000,,115/04/21,特殊補正,ZZ99999 除許可業務外，得經營法令非禁止或限制之業務；C901010 陶瓷及陶瓷製品製造業；C901020 玻璃及玻璃製品製造業；F104110 布疋、衣著、鞋、帽、傘、服飾品批發業；F105050 家具、寢具、廚房器具、裝設品批發業；F106020 日常用品批發業；F106050 陶瓷玻璃器皿批發業；F109070 文教、樂器、育樂用品批發業；F401010 國際貿易業；I199990 其他顧問服務業,臺北市,變更,11504
29051506,牧蟲園農場股份有限公司,臺北市中山區復興南路1段36之10號3樓,李新政,130000000,,115/04/13,改派董事/監察人,ZZ99999 除許可業務外，得經營法令非禁止或限制之業務；F101040 家畜家禽批發業；F101050 水產品批發業；F101130 蔬果批發業；F102170 食品什貨批發業；A101020 農作物栽培業；A102020 農產品整理業；A102060 糧商業；A301030 水產養殖業；A401020 家畜禽飼育業,臺北市,變更,11504
29057419,和盟電子商務股份有限公司,臺北市中山區南京東路2段72號9樓,林上人,47500000,,115/04/27,特殊補正,ZZ99999 除許可業務外，得經營法令非禁止或限制之業務；F108040 化粧品批發業；F109070 文教、樂器、育樂用品批發業；F110010 鐘錶批發業；F111090 建材批發業；F113020 電器批發業；F113030 精密儀器批發業；F113050 電腦及事務性機器設備批發業；F115010 首飾及貴金屬批發業；F118010 資訊軟體批發業,臺北市,變更,11504
29060646,台灣福斯股份有限公司,臺北市南港區經貿二路111號17樓,Rahil Ansari（安薩瑞）,565008000,,115/04/16,改派董事/監察人,F114010 汽車批發業；F214010 汽車零售業；F114030 汽、機車零件配備批發業；F214030 汽、機車零件配備零售業；I102010 投資顧問業；I103060 管理顧問業；I301010 資訊軟體服務業；JA01010 汽車修理業；JZ99050 仲介服務業；F401010 國際貿易業,臺北市,變更,11504
29061700,慕尚國際有限公司,臺北市中山區中山北路2段44巷25號14樓,李惠蘋,1000000,,115/04/07,特殊補正,F104110 布疋、衣著、鞋、帽、傘、服飾品批發業；F106020 日常用品批發業；F204110 布疋、衣著、鞋、帽、傘、服飾品零售業；F206020 日常用品零售業；F399040 無店面零售業；F401010 國際貿易業；ZZ99999 除許可業務外，得經營法令非禁止或限制之業務；C106010 製粉業；C199040 豆類加工食品製造業；A102020 農產品整理業,臺北市,變更,11504
29064066,愛搜尋數位科技有限公司,臺北市內湖區民權東路6段272號5樓,張希寧,97600000,,115/04/30,增資,F113020 電器批發業；F213010 電器零售業；F113050 電腦及事務性機器設備批發業；F213030 電腦及事務性機器設備零售業；F218010 資訊軟體零售業；F215010 首飾及貴金屬零售業；F215020 礦石零售業；F401010 國際貿易業；I301020 資料處理服務業；I401010 一般廣告服務業,臺北市,變更,11504
29068252,達震光電股份有限公司,臺北市信義區基隆路2段13號3樓之2,何忠憲,1000000,,115/04/01,特殊補正,F119010 電子材料批發業；F113020 電器批發業；F213010 電器零售業；F213040 精密儀器零售業；F219010 電子材料零售業；F401010 國際貿易業；IG03010 能源技術服務業；IG01010 生物技術服務業；F113030 精密儀器批發業；JZ99050 仲介服務業,臺北市,變更,11504
29068871,錞慧國際有限公司,臺北市信義區基隆路2段81號4樓,張梅玲,5000000,,115/04/28,特殊補正,F102170 食品什貨批發業；F104110 布疋、衣著、鞋、帽、傘、服飾品批發業；F105050 家具、寢具、廚房器具、裝設品批發業；F106020 日常用品批發業；F106060 寵物食品及其用品批發業；F107030 清潔用品批發業；F108040 化粧品批發業；F109070 文教、樂器、育樂用品批發業；F111090 建材批發業；F113050 電腦及事務性機器設備批發業,臺北市,變更,11504
29074037,鴻鎰投資股份有限公司,臺北市信義區信義路4段375號9樓之2,高逸塵,10020000,,115/04/09,特殊補正,H201010 一般投資業,臺北市,變更,11504
29076106,雅風聯通國際多媒體有限公司,臺北市文山區木新路3段74巷8弄3號1樓,林心儀,4000000,,115/04/21,公司所在地,ZZ99999 除許可業務外，得經營法令非禁止或限制之業務；F113020 電器批發業；F113050 電腦及事務性機器設備批發業；F113070 電信器材批發業；F119010 電子材料批發業；F213030 電腦及事務性機器設備零售業；F213060 電信器材零售業；F218010 資訊軟體零售業；F219010 電子材料零售業；F401010 國際貿易業,臺北市,變更,11504
29080100,昱順建設股份有限公司,臺北市內湖區內湖路2段355巷5號18樓,郭明達,30000000,,115/04/21,董事/監察人持股變動報備,E604010 機械安裝業；E801010 室內裝潢業；F111090 建材批發業；F113010 機械批發業；F115020 礦石批發業；F211010 建材零售業；F213080 機械器具零售業；F215020 礦石零售業；F401010 國際貿易業；H701010 住宅及大樓開發租售業,臺北市,變更,11504
29087286,博匠開發營造股份有限公司,臺北市內湖區民權東路6段11巷27號5樓,方政武,30000000,,115/04/28,補繳規費,E101011 綜合營造業；E401010 疏濬業；E402010 沙石、淤泥海拋業；E599010 配管工程業；E601010 電器承裝業；E601020 電器安裝業；E603040 消防安全設備安裝工程業；E603050 自動控制設備工程業；E603090 照明設備安裝工程業；E604010 機械安裝業,臺北市,變更,11504
29108260,合一生技股份有限公司,臺北市中正區忠孝西路一段66號35樓,郭憲壽,4804094860,,115/04/20,認股憑證換發新股,C102010 乳品製造業；C110010 飲料製造業；C802060 動物用藥製造業；C802080 環境用藥製造業；C802090 清潔用品製造業；C802100 化粧品製造業；F102030 菸酒批發業；F103010 飼料批發業；F107030 清潔用品批發業；F107050 肥料批發業,臺北市,變更,11504
29138546,佳贊企業有限公司,臺北市南港區忠孝東路6段269巷3弄10號2樓,詹晉杰,500000,,115/04/17,特殊補正,F107200 化學原料批發業；F119010 電子材料批發業；F207200 化學原料零售業；F219010 電子材料零售業；F401010 國際貿易業；ZZ99999 除許可業務外，得經營法令非禁止或限制之業務,臺北市,變更,11504
29157037,常禾電腦股份有限公司,臺北市大安區敦化南路2段267號16樓之1,王瑞煌,10000000,,115/04/21,補繳規費,F113050 電腦及事務性機器設備批發業；F118010 資訊軟體批發業；F119010 電子材料批發業；F199990 其他批發業；F213030 電腦及事務性機器設備零售業；F218010 資訊軟體零售業；F219010 電子材料零售業；F299990 其他零售業；F401010 國際貿易業；ZZ99999 除許可業務外，得經營法令非禁止或限制之業務,臺北市,變更,11504
29180348,立百家室內裝修設計有限公司,臺北市信義區基隆路1段155號14樓之3,余亮萱,3400000,,115/04/14,董事/股東更名,E801060 室內裝修業；E801010 室內裝潢業；E801020 門窗安裝工程業；E801030 室內輕鋼架工程業；E801040 玻璃安裝工程業；E801070 廚具、衛浴設備安裝工程業；E901010 油漆工程業；EZ99990 其他工程業；I503010 景觀、室內設計業；I501010 產品設計業,臺北市,變更,11504
30021489,金龍大旅社股份有限公司,臺北市大同區華陰街46號,楊淑華,10000000,,115/04/22,特殊補正,,臺北市,變更,11504
30436044,鴻霖航空貨運代理股份有限公司,臺北市內湖區瑞光路360號7樓、7樓之1,Asok Kumar Rajamoney,126360000,,115/04/14,改派董事/監察人,G601011 航空貨運承攬業；G701011 報關業；G801010 倉儲業；IZ06010 理貨包裝業；F401010 國際貿易業；IZ99990 其他工商服務業(１．代辦進出口貨物報驗手續。２．接受他人妥託代收物品。３．提供人工裝卸貨物業務。４．接受企業委託在同一營業處所內之文件收送及整理業務。)；ZZ99999 除許可業務外，得經營法令非禁止或限制之業務,臺北市,變更,11504
30814600,宥捷能源科技工業股份有限公司,臺北市信義區信義路4段458號25樓,羅信宏,86600000,,115/04/08,公司所在地,ZZ99999 除許可業務外，得經營法令非禁止或限制之業務,臺北市,變更,11504
30834325,廣盈五金企業有限公司,臺北市大安區信義路2段74、76號1樓,江誌承,3000000,,115/04/07,特殊補正,E801010 室內裝潢業；F106010 五金批發業；F206010 五金零售業；F111090 建材批發業；E801020 門窗安裝工程業；F211010 建材零售業；F105050 家具、寢具、廚房器具、裝設品批發業；F205040 家具、寢具、廚房器具、裝設品零售業；F399990 其他綜合零售業；F401010 國際貿易業,臺北市,變更,11504
30889616,弘憲交通有限公司,臺北市中正區和平西路2段21之1號,許春植,5000000,,115/04/07,特殊補正,,臺北市,變更,11504
30904638,錦億實業股份有限公司,臺北市大安區復興南路1段107巷5弄13號1樓,張博翔,335000000,,115/04/15,董事/監察人持股變動報備,CB01010 機械設備製造業；CC01010 發電、輸電、配電機械製造業；CC01020 電線及電纜製造業；CC01060 有線通信機械器材製造業；F106010 五金批發業；F113020 電器批發業；F206010 五金零售業；F213010 電器零售業；F401010 國際貿易業；IG03010 能源技術服務業,臺北市,變更,11504
30914930,雅歌五金企業有限公司,臺北市文山區興隆路4段72號3樓之5,黃素琴,15000000,,115/04/23,股東出資轉讓修正章程,,臺北市,變更,11504
30972662,正耕企業有限公司,臺北市北投區珠海路28號10樓之2,吳璧菁,5000000,,115/04/28,特殊補正,,臺北市,變更,11504
31098507,洋新興業股份有限公司,臺北市內湖區瑞光路513巷22弄5號4樓,盧佳惠,10000000,,115/04/17,改選董事/監察人(一人法人股東指派董事/監察人),I301010 資訊軟體服務業；F219010 電子材料零售業；F218010 資訊軟體零售業；E603050 自動控制設備工程業；CC01080 電子零組件製造業；F114010 汽車批發業；F114030 汽、機車零件配備批發業；F214010 汽車零售業；F214030 汽、機車零件配備零售業；CC01010 發電、輸電、配電機械製造業,臺北市,變更,11504
31259518,鼎泰實業股份有限公司,臺北市大安區忠孝東路4段181巷7弄9號3樓,張麗華,16000000,,115/04/02,改選董事/監察人(一人法人股東指派董事/監察人),C307010 服飾品製造業；C302010 織布業；C303010 不織布業；C306010 成衣業；F104110 布疋、衣著、鞋、帽、傘、服飾品批發業；F204110 布疋、衣著、鞋、帽、傘、服飾品零售業；F399040 無店面零售業；F401010 國際貿易業；H703100 不動產租賃業；ZZ99999 除許可業務外，得經營法令非禁止或限制之業務,臺北市,變更,11504
33762964,勝仁針織廠股份有限公司,臺北市中正區新生南路1段50號4樓之4,王貴賢,198000000,,115/04/21,改選董事/監察人(一人法人股東指派董事/監察人),,臺北市,變更,11504
34173634,鴻華化學工業股份有限公司,臺北市萬華區西園路2段203號4樓,許鐵雄,36000000,,115/04/29,特殊補正,C801030 精密化學材料製造業；C801060 合成橡膠製造業；C801100 合成樹脂及塑膠製造業；C801990 其他化學材料製造業；C804020 工業用橡膠製品製造業；C804990 其他橡膠製品製造業；C805050 工業用塑膠製品製造業；C805060 塑膠皮製品製造業；C805070 強化塑膠製品製造業；C805990 其他塑膠製品製造業,臺北市,變更,11504
34561141,冠得水電工程有限公司,臺北市大安區基隆路2段136號6樓之2,李忠霖,20000000,,115/04/29,公司所營事業變更修正章程,E501011 自來水管承裝商；E599010 配管工程業；E601010 電器承裝業；F106040 水器材料批發業；F113010 機械批發業；F113020 電器批發業；F113100 污染防治設備批發業；F117010 消防安全設備批發業；F206040 水器材料零售業；F213010 電器零售業,臺北市,變更,11504
34719353,惠光營造股份有限公司,臺北市文山區羅斯福路6段88號4樓,連得時,60000000,,115/04/24,改選董事/監察人(一人法人股東指派董事/監察人),,臺北市,變更,11504
35049009,太子汽車工業股份有限公司,臺北市大安區義安里敦化南路二段77號4樓,李傳枝,2800000000,,115/04/10,改選董事/監察人(一人法人股東指派董事/監察人),CB01010 機械設備製造業；CC01080 電子零組件製造業；CD01030 汽車及其零件製造業；CD01040 機車及其零件製造業；CD01050 自行車及其零件製造業；CD01990 其他運輸工具及其零件製造業；F113010 機械批發業；F113070 電信器材批發業；F114010 汽車批發業；F114020 機車批發業,臺北市,變更,11504
35082604,中興紡織廠股份有限公司,臺北市信義區基隆路一段200號6樓之1,鮑泰鈞,5450703820,,115/04/14,經理人解任,,臺北市,變更,11504
35193215,佳麗織造廠股份有限公司,臺北市中山區松江路131之10號,林邦雄,4050000,,115/04/07,特殊補正,C301010 紡紗業；C302010 織布業；F104110 布疋、衣著、鞋、帽、傘、服飾品批發業；F401010 國際貿易業；H701010 住宅及大樓開發租售業；H703090 不動產買賣業；H703100 不動產租賃業；I102010 投資顧問業；ZZ99999 除許可業務外，得經營法令非禁止或限制之業務,臺北市,變更,11504
35426782,萬家香醬園股份有限公司,臺北市中山區德惠街9號5樓之6,吳仁春,38500000,,115/04/16,董事/監察人持股變動報備,C109010 調味品製造業；C199040 豆類加工食品製造業；C103050 罐頭、冷凍、脫水及醃漬食品製造業；F121010 食品添加物批發業；C114010 食品添加物製造業；C105010 食用油脂製造業；F102020 食用油脂批發業；C199990 未分類其他食品製造業；F102050 茶葉批發業；F102170 食品什貨批發業,臺北市,變更,11504
35993687,白金唱片有限公司,臺北市中山區建國北路2段33號2樓,葉垂青,24000000,,115/04/14,減資,H703100 不動產租賃業；IZ99990 其他工商服務業；J601010 藝文服務業；JE01010 租賃業；ZZ99999 除許可業務外，得經營法令非禁止或限制之業務；F109070 文教、樂器、育樂用品批發業；F399010 便利商店業；F501030 飲料店業；F601010 智慧財產權業；I103060 管理顧問業,臺北市,變更,11504
35996262,雅吉有限公司,臺北市大同區重慶北路3段236巷45弄21號1樓,李奎慶,33800000,,115/04/16,股東出資轉讓修正章程,F205040 家具、寢具、廚房器具、裝設品零售業；F206010 五金零售業；F206020 日常用品零售業；F213010 電器零售業；F219010 電子材料零售業；F301010 百貨公司業；F401010 國際貿易業；F105050 家具、寢具、廚房器具、裝設品批發業；F106010 五金批發業；F106020 日常用品批發業,臺北市,變更,11504
36502766,林仕國際有限公司,臺北市松山區民權東路3段160巷19弄21號,林弘裕,5000000,,115/04/15,特殊補正,F401010 國際貿易業；F108040 化粧品批發業；F106020 日常用品批發業；F106050 陶瓷玻璃器皿批發業；F102170 食品什貨批發業；F102180 酒精批發業；F104110 布疋、衣著、鞋、帽、傘、服飾品批發業；F105050 家具、寢具、廚房器具、裝設品批發業；F107990 其他化學製品批發業；F109070 文教、樂器、育樂用品批發業,臺北市,變更,11504
36517199,華宏投資股份有限公司,臺北市中正區杭州南路1段11巷3之2號3樓,陳炳宏,98000000,,115/04/20,特殊補正,,臺北市,變更,11504
37199708,輝瑞大藥廠股份有限公司,臺北市信義區松仁路100號42、43樓,葉素秋,633805000,,115/04/01,改選董事/監察人(一人法人股東指派董事/監察人),C802041 西藥製造業；F108021 西藥批發業；F208021 西藥零售業；F208031 醫療器材零售業；F108031 醫療器材批發業；F401010 國際貿易業；ZZ99999 除許可業務外，得經營法令非禁止或限制之業務,臺北市,變更,11504
38431465,禾大營造股份有限公司,臺北市大安區辛亥路1段79號地下,陳明寬,10000000,,115/04/13,特殊補正,E101011 綜合營造業；I401010 一般廣告服務業；C805030 塑膠日用品製造業；CC01040 照明設備製造業；CC01080 電子零組件製造業；I101070 農、林、漁、畜牧顧問業；IG02010 研究發展服務業；ZZ99999 除許可業務外，得經營法令非禁止或限制之業務,臺北市,變更,11504
42404010,博晟生醫股份有限公司,臺北市南港區園區街3-2號4樓,陳德禮,1343560260,,115/04/14,發行新股,F107070 動物用藥品批發業；F113030 精密儀器批發業；F208050 乙類成藥零售業；F213040 精密儀器零售業；F601010 智慧財產權業；F108031 醫療器材批發業；F208031 醫療器材零售業；F108021 西藥批發業；F208021 西藥零售業；IG01010 生物技術服務業,臺北市,變更,11504
42585722,綺影映畫有限公司,臺北市中正區汀州路3段184號5樓之3,陳斯婷,2035000,,115/04/07,特殊補正,J401011 電影片製作業；J402011 電影片發行業；J503011 廣播節目製作業；J503021 電視節目製作業；J503031 廣播電視節目發行業；J503041 廣播電視廣告業；F104110 布疋、衣著、鞋、帽、傘、服飾品批發業；F105050 家具、寢具、廚房器具、裝設品批發業；F106010 五金批發業；F109070 文教、樂器、育樂用品批發業,臺北市,變更,11504
42598466,台灣大侑科技股份有限公司,臺北市信義區莊敬路289巷5弄28號1樓,秦鴻立,10000000,,115/04/23,特殊補正,IZ12010 人力派遣業；F203010 食品什貨、飲料零售業；F107030 清潔用品批發業；I301030 電子資訊供應服務業；J101010 建築物清潔服務業；F106020 日常用品批發業；I199990 其他顧問服務業；I103060 管理顧問業；IB01010 建築物公共安全檢查業；E599010 配管工程業,臺北市,變更,11504
42600596,橙然能源股份有限公司,臺北市松山區敦化北路207號10樓之1,蔡明儒,294000000,,115/04/24,補繳規費,F119010 電子材料批發業；F219010 電子材料零售業；I103060 管理顧問業；I301010 資訊軟體服務業；IG03010 能源技術服務業；CB01010 機械設備製造業；CC01080 電子零組件製造業；CE01030 光學儀器製造業；E601010 電器承裝業；D101060 再生能源自用發電設備業,臺北市,變更,11504
42611186,中霖創業投資股份有限公司,臺北市南港區松河街358號3樓,梁嘉玲,540216000,,115/04/22,補繳規費,H201010 一般投資業；H202010 創業投資業；ZZ99999 除許可業務外，得經營法令非禁止或限制之業務；H701010 住宅及大樓開發租售業；H701040 特定專業區開發業；H703090 不動產買賣業；H703100 不動產租賃業；HZ02010 金融機構金錢債權收買業務；HZ02020 辦理金融機構金錢債權之評價或拍賣業務；JZ99050 仲介服務業,臺北市,變更,11504
42611263,大川百將有限公司,臺北市萬華區雙園街18巷2號1樓,陸柏熹,300000,,115/04/27,公司所在地,F501060 餐館業；F501030 飲料店業；F501990 其他餐飲業；F102170 食品什貨批發業；F203010 食品什貨、飲料零售業；ZZ99999 除許可業務外，得經營法令非禁止或限制之業務,臺北市,變更,11504
42615253,鐽鏮科技有限公司,臺北市中山區民權西路20號9樓之2,林念榕,10500000,,115/04/10,特殊補正,CC01080 電子零組件製造業；CQ01010 模具製造業；E603010 電纜安裝工程業；E603050 自動控制設備工程業；E603090 照明設備安裝工程業；E701010 電信工程業；EZ05010 儀器、儀表安裝工程業；F102030 菸酒批發業；F108031 醫療器材批發業；F113050 電腦及事務性機器設備批發業,臺北市,變更,11504
42615492,永呈有限公司,臺北市萬華區成都路153號2樓,孫鴻文,3600000,,115/04/07,補繳規費,F113050 電腦及事務性機器設備批發業；F113070 電信器材批發業；F116010 照相器材批發業；F118010 資訊軟體批發業；F119010 電子材料批發業；F213010 電器零售業；F213030 電腦及事務性機器設備零售業；F213060 電信器材零售業；F216010 照相器材零售業；F218010 資訊軟體零售業,臺北市,變更,11504
42615578,恩錸富國際有限公司,臺北市南港區忠孝東路6段21號11樓之2,廖秋欽,10000000,,115/04/17,股東出資轉讓修正章程,F108031 醫療器材批發業；F208031 醫療器材零售業；F102040 飲料批發業；F102170 食品什貨批發業；F105050 家具、寢具、廚房器具、裝設品批發業；F106020 日常用品批發業；F106040 水器材料批發業；F107030 清潔用品批發業；F108040 化粧品批發業；F109070 文教、樂器、育樂用品批發業,臺北市,變更,11504
42618809,立派食品企業股份有限公司,臺北市大同區南京西路22號8樓之1,郭季安,120000000,,115/04/01,改派董事/監察人,C104010 糖果製造業；C104020 烘焙炊蒸食品製造業；C109010 調味品製造業；C110010 飲料製造業；C114010 食品添加物製造業；C199990 未分類其他食品製造業；F121010 食品添加物批發業；F221010 食品添加物零售業；F401010 國際貿易業；ZZ99999 除許可業務外，得經營法令非禁止或限制之業務,臺北市,變更,11504
42620312,奕利興建設股份有限公司,臺北市松山區敦化南路1段102號12樓,蔡幃長,27000000,,115/04/29,公司所在地,F111090 建材批發業；F401010 國際貿易業；H701010 住宅及大樓開發租售業；H701020 工業廠房開發租售業；H701050 投資興建公共建設業；H701060 新市鎮、新社區開發業；H701090 都市更新整建維護業；H703090 不動產買賣業；H703100 不動產租賃業；I102010 投資顧問業,臺北市,變更,11504
42621451,台灣安世代科技股份有限公司,臺北市松山區南京東路4段170號10樓之3,鄒一寬,1000000,,115/04/16,特殊補正,F401010 國際貿易業；I103060 管理顧問業；I102010 一般投資顧問業；I301030 電子資訊供應服務業；JE01010 租賃業；F218010 資訊軟體零售業；IZ13010 網路認證服務業；I501010 產品設計業；H201010 一般投資業；I301010 資訊軟體服務業,臺北市,變更,11504
42621656,臺灣普艾物理儀器有限公司,臺北市大安區信義路4段170號4樓之1,Thorsten Kahlert,1800000,,115/04/20,改推董事/董事長,EZ05010 儀器、儀表安裝工程業；F113030 精密儀器批發業；F213040 精密儀器零售業；F401010 國際貿易業；I199990 其他顧問服務業；IF04010 非破壞檢測業；IZ99990 其他工商服務業；ZZ99999 除許可業務外，得經營法令非禁止或限制之業務,臺北市,變更,11504
42621706,女力設計有限公司,臺北市中山區長春路328號4樓之6,陳慧霓,400000,,115/04/23,股東出資轉讓修正章程,C701010 印刷業；C703010 印刷品裝訂及加工業；F109070 文教、樂器、育樂用品批發業；F209060 文教、樂器、育樂用品零售業；F399040 無店面零售業；F601010 智慧財產權業；I199990 其他顧問服務業；I301020 資料處理服務業；I301030 電子資訊供應服務業；I401010 一般廣告服務業,臺北市,變更,11504
42623211,炳耀投資有限公司,臺北市中山區農安街273號1樓,黃愉傑,5000000,,115/04/17,特殊補正,H201010 一般投資業；ZZ99999 除許可業務外，得經營法令非禁止或限制之業務,臺北市,變更,11504
42623394,宥達宸服務有限公司,臺北市中山區南京東路1段52號2樓,王宥忻,10000000,,115/04/24,公司名稱變更修正章程,JZ99050 仲介服務業；I102010 投資顧問業；I103060 管理顧問業；I401010 一般廣告服務業；F114010 汽車批發業；F214010 汽車零售業；F399040 無店面零售業；F401010 國際貿易業；F601010 智慧財產權業；H202010 創業投資業,臺北市,變更,11504
42626532,果多創意製造股份有限公司,臺北市大同區延平北路1段31號5樓,許正言,20000000,,115/04/30,補繳規費,J304010 圖書出版業；J305010 有聲出版業；J401010 電影片製作業；J402010 電影片發行業；J503010 廣播節目製作業；J503020 電視節目製作業；J503030 廣播電視節目發行業；J503040 廣播電視廣告業；J601010 藝文服務業；J602010 演藝活動業,臺北市,變更,11504
42628089,鑫囍室內裝修工程股份有限公司,臺北市信義區松德路74號6樓,邱奕榮,39000000,,115/04/14,修正章程,F102170 食品什貨批發業；F203010 食品什貨、飲料零售業；F501030 飲料店業；F501050 飲酒店業；F501060 餐館業；F501990 其他餐飲業；JZ99080 美容美髮服務業；E801010 室內裝潢業；E801060 室內裝修業；I503010 景觀、室內設計業,臺北市,變更,11504
42629812,永創投資顧問有限公司,臺北市松山區南京東珞5段343號5樓之2,劉振麗,3000000,,115/04/14,特殊補正,I102010 投資顧問業；F401010 國際貿易業,臺北市,變更,11504
42630199,亞傑克斯餐飲有限公司,臺北市大安區通化街171巷33號,鄭志偉,5000000,,115/04/16,特殊補正,F101040 家畜家禽批發業；F101050 水產品批發業；F101130 蔬果批發業；F102030 菸酒批發業；F102040 飲料批發業；F102170 食品什貨批發業；F201010 農產品零售業；F201020 畜產品零售業；F201030 水產品零售業；F203010 食品什貨、飲料零售業,臺北市,變更,11504
42630466,願望實現數位金融股份有限公司,臺北市松山區南京東路4段1號4樓,陳訓弘,5400000,,115/04/09,補繳規費,A102060 糧商業；C302010 織布業；C303010 不織布業；C401030 皮革、毛皮整製業；D101060 再生能源自用發電設備業；E605010 電腦設備安裝業；E801010 室內裝潢業；F102180 酒精批發業；F103010 飼料批發業；F104110 布疋、衣著、鞋、帽、傘、服飾品批發業,臺北市,變更,11504
42631021,塑億創新股份有限公司,臺北市中山區新生北路2段38號4樓之3,鄭翔遠,15000000,,115/04/27,特殊補正,F107200 化學原料批發業；F107990 其他化學製品批發業；F111090 建材批發業；F113010 機械批發業；F106010 五金批發業；F401010 國際貿易業；ZZ99999 除許可業務外，得經營法令非禁止或限制之業務,臺北市,變更,11504
42631633,通用國際驗證服務股份有限公司,臺北市中山區長春路20號7樓之5,卓惠心,5000000,,115/04/29,特殊補正,F401010 國際貿易業；ID01010 度量衡器證明業；IZ07010 公證業；IZ09010 管理系統驗證業；IZ13010 網路認證服務業；J101050 環境檢測服務業；ZZ99999 除許可業務外，得經營法令非禁止或限制之業務,臺北市,變更,11504
42632458,芙笙生醫管理顧問股份有限公司,臺北市南港區忠孝東路5段815號7樓之2,朱品璇,3500000,,115/04/24,特殊補正,F108040 化粧品批發業；F208040 化粧品零售業；F401010 國際貿易業；F102170 食品什貨批發業；F203010 食品什貨、飲料零售業；F107200 化學原料批發業；F207200 化學原料零售業；I199990 其他顧問服務業；IG01010 生物技術服務業；J303010 雜誌（期刊）出版業,臺北市,變更,11504
42633549,駿晶地產股份有限公司,臺北市萬華區中華路2段364巷11號,周雪娥,2000000,,115/04/16,特殊補正,H704031 不動產仲介經紀業；H701010 住宅及大樓開發租售業；H701020 工業廠房開發租售業；H701090 都市更新整建維護業；H703090 不動產買賣業；H703100 不動產租賃業；I102010 投資顧問業；I103060 管理顧問業；I401010 一般廣告服務業；I401020 廣告傳單分送業,臺北市,變更,11504
42636546,海納川國際實業有限公司,臺北市中山區吉林路225號1樓,林淑敏,15000000,,115/04/28,增資,F401161 菸類輸入業；F401171 酒類輸入業；F401010 國際貿易業；F102030 菸酒批發業；F102040 飲料批發業；F102050 茶葉批發業；F102170 食品什貨批發業；F101040 家畜家禽批發業；F101050 水產品批發業；F101130 蔬果批發業,臺北市,變更,11504
42636638,史特基有限公司,臺北市中山區南京東路3段119號2樓,吳慈偉,600000,,115/04/29,公司所在地,I199990 其他顧問服務業；JZ99030 攝影業；JZ99090 喜慶綜合服務業；JE01010 租賃業；JB01010 會議及展覽服務業；J601010 藝文服務業；ZZ99999 除許可業務外，得經營法令非禁止或限制之業務,臺北市,變更,11504
42636671,辰福有限公司,臺北市南港區八德路4段768巷1弄20號2樓,張修維,10000000,,115/04/16,修正章程,F102040 飲料批發業；F102170 食品什貨批發業；F106010 五金批發業；F111090 建材批發業；F113010 機械批發業；F113020 電器批發業；F113030 精密儀器批發業；F113050 電腦及事務性機器設備批發業；F113070 電信器材批發業；F118010 資訊軟體批發業,臺北市,變更,11504
42636813,登遠國際有限公司,臺北市中山區松江路31號5樓之1,王嘉惠,5000000,,115/04/02,特殊補正,I103060 管理顧問業；I199990 其他顧問服務業；I401010 一般廣告服務業；I301060 網路廣告平臺業；IZ09010 管理系統驗證業；F399040 無店面零售業；I501010 產品設計業；J399010 軟體出版業；I301010 資訊軟體服務業；I301020 資料處理服務業,臺北市,變更,11504
42637361,賽日國際科技有限公司,臺北市中山區南京西路1之1號11樓,黃崇傑,5000000,,115/04/17,增資,F113030 精密儀器批發業；F213040 精密儀器零售業；EZ05010 儀器、儀表安裝工程業；F113010 機械批發業；F213080 機械器具零售業；E604010 機械安裝業；CB01010 機械設備製造業；CC01990 其他電機及電子機械器材製造業；CE01010 一般儀器製造業；CE01990 其他光學及精密器械製造業,臺北市,變更,11504
42643336,常友投資股份有限公司,臺北市內湖區洲子街101號,劉立國,28000000,,115/04/23,特殊補正,H201010 一般投資業,臺北市,變更,11504
42647190,達事巨科技有限公司,臺北市北投區光明路223號9樓,陳柏存,6000000,,115/04/29,特殊補正,I401010 一般廣告服務業；I301030 電子資訊供應服務業；I501010 產品設計業；I502010 服飾設計業；I599990 其他設計業；F110010 鐘錶批發業；F106020 日常用品批發業；F206020 日常用品零售業；F210010 鐘錶零售業；F401010 國際貿易業,臺北市,變更,11504
42655304,東翰企業有限公司,臺北市大同區民權西路136號16樓之4,林宜瑩,1000000,,115/04/01,特殊補正,F119010 電子材料批發業；F213010 電器零售業；F213030 電腦及事務性機器設備零售業；F213040 精密儀器零售業；F213060 電信器材零售業；F219010 電子材料零售業；F399040 無店面零售業；F399990 其他綜合零售業；F401010 國際貿易業；I103060 管理顧問業,臺北市,變更,11504
42655965,紅創數位科技股份有限公司,臺北市松山區南京東路4段1號8樓,范禎育,5000000,,115/04/09,特殊補正,ZZ99999 除許可業務外，得經營法令非禁止或限制之業務；I199990 其他顧問服務業；I301010 資訊軟體服務業；I301020 資料處理服務業；I301030 電子資訊供應服務業；I301040 第三方支付服務業；I401010 一般廣告服務業；I501010 產品設計業；I599990 其他設計業；IZ99990 其他工商服務業,臺北市,變更,11504
42656063,音一投資股份有限公司,臺北市信義區基隆路1段420號3樓,廖宇澤,110950000,,115/04/23,改選董事/監察人(一人法人股東指派董事/監察人),H201010 一般投資業；ZZ99999 除許可業務外，得經營法令非禁止或限制之業務,臺北市,變更,11504
42656492,鴻翊國際有限公司,臺北市中正區青島東路4之8號,邱尹萱,10000000,,115/04/27,公司所在地,H201010 一般投資業；F101990 其他農、畜、水產品批發業；F102030 菸酒批發業；F102040 飲料批發業；F102170 食品什貨批發業；F104110 布疋、衣著、鞋、帽、傘、服飾品批發業；F105050 家具、寢具、廚房器具、裝設品批發業；F106020 日常用品批發業；F109070 文教、樂器、育樂用品批發業；F113020 電器批發業,臺北市,變更,11504
42656562,慧隆科技股份有限公司,臺北市南港區成功路1段32號9樓之3,周神安,232230000,,115/04/16,特殊補正,CA01110 鍊銅業；CA01120 銅鑄造業；CA01130 銅材軋延、伸線、擠型業；CA02090 金屬線製品製造業；CC01080 電子零組件製造業；F106010 五金批發業；F107170 工業助劑批發業；F107200 化學原料批發業；F113050 電腦及事務性機器設備批發業；F114030 汽、機車零件配備批發業,臺北市,變更,11504
42656649,台灣皆普國際股份有限公司,臺北市中正區杭州北路26號11樓,石川将人(Masahito ISHIKAWA),325000000,,115/04/16,改派董事/監察人,F108040 化粧品批發業；F109070 文教、樂器、育樂用品批發業；F111090 建材批發業；F113020 電器批發業；F113070 電信器材批發業；F118010 資訊軟體批發業；F119010 電子材料批發業；F203010 食品什貨、飲料零售業；F204110 布疋、衣著、鞋、帽、傘、服飾品零售業；F205040 家具、寢具、廚房器具、裝設品零售業,臺北市,變更,11504
42656774,星聚點壹號文創股份有限公司,臺北市大同區延平北路二段83號10樓,威理投資股份有限公司,1016000000,,115/04/15,改選董事/監察人(一人法人股東指派董事/監察人),F102030 菸酒批發業；F102040 飲料批發業；F203010 食品什貨、飲料零售業；F203020 菸酒零售業；F204110 布疋、衣著、鞋、帽、傘、服飾品零售業；F206010 五金零售業；F206020 日常用品零售業；F209060 文教、樂器、育樂用品零售業；F213010 電器零售業；F216010 照相器材零售業,臺北市,變更,11504
42656985,愷昱企業股份有限公司,臺北市中山區德惠街9號5樓之6,黃琪璐,79547720,,115/04/28,特殊補正,H201010 一般投資業；H701010 住宅及大樓開發租售業；H703090 不動產買賣業；H703100 不動產租賃業；HZ99990 其他金融、保險及不動產業；F102040 飲料批發業；F102050 茶葉批發業；F102170 食品什貨批發業；F203010 食品什貨、飲料零售業；I103060 管理顧問業,臺北市,變更,11504
42657247,台灣安進藥品有限公司,臺北市信義區松仁路100號13樓之1、之2,申守希(Su Hee Shin),236000000,,115/04/16,改推董事/董事長,F108021 西藥批發業；F208021 西藥零售業；F108031 醫療器材批發業；F208031 醫療器材零售業；F401010 國際貿易業；ZZ99999 除許可業務外，得經營法令非禁止或限制之業務,臺北市,變更,11504
42657817,芊浤行銷有限公司,臺北市北投區懷德街50號1樓,黃浤菲,10000000,,115/04/22,減少所營事業變更修正章程,F105050 家具、寢具、廚房器具、裝設品批發業；F106020 日常用品批發業；F106060 寵物食品及其用品批發業；F107030 清潔用品批發業；F108040 化粧品批發業；F203010 食品什貨、飲料零售業；F204110 布疋、衣著、鞋、帽、傘、服飾品零售業；F205040 家具、寢具、廚房器具、裝設品零售業；F206020 日常用品零售業；F401010 國際貿易業,臺北市,變更,11504
42658365,聯合國際藥業股份有限公司,臺北市大同區承德路1段40號9樓,洪崇祐,5000000,,115/04/08,改派董事/監察人,F108021 西藥批發業；F208021 西藥零售業；F108031 醫療器材批發業；F208031 醫療器材零售業；F106020 日常用品批發業；F113030 精密儀器批發業；F206020 日常用品零售業；F401010 國際貿易業；G801010 倉儲業；IZ06010 理貨包裝業,臺北市,變更,11504
42659809,玩聚設計有限公司,臺北市文山區羅斯福路6段12號3樓之1,楊倬睿,2300000,,115/04/13,增資,I501010 產品設計業；I599990 其他設計業；F109070 文教、樂器、育樂用品批發業；F209060 文教、樂器、育樂用品零售業；F601010 智慧財產權業；J399010 軟體出版業；J399990 其他出版業；F401010 國際貿易業；I103060 管理顧問業；I199990 其他顧問服務業,臺北市,變更,11504
42660209,連盈股份有限公司,臺北市大同區民權西路104號7樓之1,陳景胡,39488000,,115/04/23,改選董事/監察人(一人法人股東指派董事/監察人),H701010 住宅及大樓開發租售業；H701020 工業廠房開發租售業；H701040 特定專業區開發業；H701050 投資興建公共建設業；H701060 新市鎮、新社區開發業；H701070 區段徵收及市地重劃代辦業；H701080 都市更新重建業；H702010 建築經理業；H703090 不動產買賣業；H703100 不動產租賃業,臺北市,變更,11504
42691483,禾丰國際有限公司,臺北市大安區羅斯福路2段93號18樓之5,陳柚霖,1000000,,115/04/30,特殊補正,F401010 國際貿易業；F401021 電信管制射頻器材輸入業；F113070 電信器材批發業；F213060 電信器材零售業；F116010 照相器材批發業；F216010 照相器材零售業；F113110 電池批發業；F213110 電池零售業；F106010 五金批發業；F206010 五金零售業,臺北市,變更,11504
42704369,佰仕生有限公司,臺北市內湖區成功路2段426巷62號,施欣容,2000000,,115/04/01,公司所在地,F106010 五金批發業；F113010 機械批發業；F113030 精密儀器批發業；F113990 其他機械器具批發業；F119010 電子材料批發業；F204110 布疋、衣著、鞋、帽、傘、服飾品零售業；F206010 五金零售業；F206020 日常用品零售業；F208040 化粧品零售業；F209060 文教、樂器、育樂用品零售業,臺北市,變更,11504
42705276,全運國際股份有限公司,臺北市中山區復興北路516號1樓,邱宏達,39000000,,115/04/16,董事/監察人持股變動報備,G101041 小客車租賃業；JE01010 租賃業；F114010 汽車批發業；F114020 機車批發業；F114030 汽、機車零件配備批發業；F214010 汽車零售業；F214020 機車零售業；F214030 汽、機車零件配備零售業；G202010 停車場經營業；F401010 國際貿易業,臺北市,變更,11504
42722198,貝爾國際顧問股份有限公司,臺北市大同區長安西路106號11樓之2,鍾燿聲,18880000,,115/04/09,補繳規費,F401010 國際貿易業；H201010 一般投資業；H701010 住宅及大樓開發租售業；H703090 不動產買賣業；H703100 不動產租賃業；I102010 一般投資顧問業；I103060 管理顧問業；I199990 其他顧問服務業；IZ12010 人力派遣業；IZ99990 其他工商服務業,臺北市,變更,11504
42731936,永觀管理顧問有限公司,臺北市中山區民族東路2號3樓之1,王建棟,10000000,,115/04/15,增資,F104110 布疋、衣著、鞋、帽、傘、服飾品批發業；F109070 文教、樂器、育樂用品批發業；F204110 布疋、衣著、鞋、帽、傘、服飾品零售業；F209060 文教、樂器、育樂用品零售業；F399040 無店面零售業；F401010 國際貿易業；I103060 管理顧問業；I102010 投資顧問業；I199990 其他顧問服務業；I301010 資訊軟體服務業,臺北市,變更,11504
42735341,麥睿資訊股份有限公司,臺北市中山區中山北路3段49號7樓之1,吳明宗,68865440,,115/04/09,補繳規費,I301010 資訊軟體服務業；I301020 資料處理服務業；I301030 電子資訊供應服務業；I401010 一般廣告服務業；I501010 產品設計業；I103060 管理顧問業；I199990 其他顧問服務業；IZ12010 人力派遣業；IZ99990 其他工商服務業；E605010 電腦設備安裝業,臺北市,變更,11504
42741316,瑞恩國際旅行社股份有限公司,臺北市中山區建國北路2段147號14樓之5,林新約,14000000,,115/04/14,特殊補正,J902011 旅行業,臺北市,變更,11504
42793046,光鮮生技股份有限公司,臺北市大安區敦化南路2段99號12樓,陳貴光,150000000,,115/04/15,發行新股,A101020 農作物栽培業；A101030 特用作物栽培業；A101040 食用菌菇類栽培業；A101050 花卉栽培業；A102020 農產品整理業；A102050 作物栽培服務業；A199990 其他農業；A301030 水產養殖業；A301040 娛樂漁業；A302020 漁業服務業,臺北市,變更,11504
42820374,台灣泰爾茂醫療產品股份有限公司,臺北市中正區忠孝西路1段4號8樓,神谷晶宏,5000000,,115/04/17,改派董事/監察人,F401181 度量衡器輸入業；F108031 醫療器材批發業；F208031 醫療器材零售業；F102040 飲料批發業；F203010 食品什貨、飲料零售業；F102170 食品什貨批發業；F401010 國際貿易業；ZZ99999 除許可業務外，得經營法令非禁止或限制之業務,臺北市,變更,11504
42820682,台灣好侍食品股份有限公司,臺北市中山區中山北路2段114號9樓,三浦裕史（MIURA YUJI),29000000,,115/04/09,改派董事/監察人,F102170 食品什貨批發業；F103010 飼料批發業；F104110 布疋、衣著、鞋、帽、傘、服飾品批發業；F105050 家具、寢具、廚房器具、裝設品批發業；F106020 日常用品批發業；F107050 肥料批發業；F109070 文教、樂器、育樂用品批發業；F203010 食品什貨、飲料零售業；F204110 布疋、衣著、鞋、帽、傘、服飾品零售業；F205040 家具、寢具、廚房器具、裝設品零售業,臺北市,變更,11504
42823040,台灣水球有限公司,臺北市松山區南京東路4段164號3樓之3,羅淼,80000,,115/04/14,特殊補正,I103060 管理顧問業；I199990 其他顧問服務業；F104110 布疋、衣著、鞋、帽、傘、服飾品批發業；F109070 文教、樂器、育樂用品批發業；F204110 布疋、衣著、鞋、帽、傘、服飾品零售業；F209060 文教、樂器、育樂用品零售業；F401010 國際貿易業；ZZ99999 除許可業務外，得經營法令非禁止或限制之業務,臺北市,變更,11504
42824152,摩境網路科技股份有限公司,臺北市松山區民權東路3段142號8樓之5,李奇嶽,114300000,,115/04/17,公司所在地,F102170 食品什貨批發業；F105050 家具、寢具、廚房器具、裝設品批發業；F106020 日常用品批發業；F118010 資訊軟體批發業；F203010 食品什貨、飲料零售業；F204110 布疋、衣著、鞋、帽、傘、服飾品零售業；F205040 家具、寢具、廚房器具、裝設品零售業；F206020 日常用品零售業；F218010 資訊軟體零售業；F399040 無店面零售業,臺北市,變更,11504
42824195,茗躍國際股份有限公司,臺北市內湖區行愛路77巷57號2樓,王一新,130000000,,115/04/02,補繳規費,H202010 創業投資業；JE01010 租賃業；I103060 管理顧問業；H201010 一般投資業；H204010 私募股權投資業；HZ02010 金融機構金錢債權收買業務；ZZ99999 除許可業務外，得經營法令非禁止或限制之業務,臺北市,變更,11504
42825589,起點娛樂股份有限公司,臺北市大安區安和路2段211號8樓,林珮瑩,12000000,,115/04/22,特殊補正,J601010 藝文服務業；J602010 演藝活動業；J803010 運動表演業；JB01010 會議及展覽服務業；JZ99050 仲介服務業；F401010 國際貿易業；IZ12010 人力派遣業；E603090 照明設備安裝工程業；E601020 電器安裝業；E604010 機械安裝業,臺北市,變更,11504
42825650,飛天樹航空科技股份有限公司,臺北市士林區德行西路45之1號5樓,邱雲梯,30000000,,115/04/08,增資(資本總額),F114070 航空器及其零件批發業；F214070 航空器及其零件零售業；F401010 國際貿易業；G501020 民用航空總代理業；G799990 其他運輸輔助業；I101100 航空顧問業；I103060 管理顧問業；I199990 其他顧問服務業；J799990 其他休閒服務業；JE01010 租賃業,臺北市,變更,11504
42828410,易約遊網路資訊有限公司,臺北市松山區八德路4段604號2樓之15,舒雨凡,100000,,115/04/30,特殊補正,E605010 電腦設備安裝業；F113050 電腦及事務性機器設備批發業；F118010 資訊軟體批發業；F601010 智慧財產權業；I401010 一般廣告服務業；I103060 管理顧問業；I301010 資訊軟體服務業；JZ99050 仲介服務業；IZ13010 網路認證服務業；F401010 國際貿易業,臺北市,變更,11504
42829001,微觸網路資訊有限公司,臺北市大安區羅斯福路3段37號5樓,舒雨凡,5000000,,115/04/29,法人股東指(改)派代表人為董事,E605010 電腦設備安裝業；F113050 電腦及事務性機器設備批發業；F118010 資訊軟體批發業；F601010 智慧財產權業；I401010 一般廣告服務業；I103060 管理顧問業；I301010 資訊軟體服務業；JZ99050 仲介服務業；IZ13010 網路認證服務業；F401010 國際貿易業,臺北市,變更,11504
42829516,奧雲科技股份有限公司,臺北市中正區南昌路2段81號7樓之1,龔建瑞,6917500,,115/04/21,董事(常務董事.董事長)/監察人解任,I301010 資訊軟體服務業；I301020 資料處理服務業；I301030 電子資訊供應服務業；I401010 一般廣告服務業；ZZ99999 除許可業務外，得經營法令非禁止或限制之業務,臺北市,變更,11504
42833027,川越工程股份有限公司,臺北市文山區興隆路3段269巷1弄1號2樓,高嘉宏,1000000,,115/04/29,改選董事/監察人(一人法人股東指派董事/監察人),E599010 配管工程業；E601010 電器承裝業；E603050 自動控制設備工程業；E701040 簡易電信設備安裝業；E801010 室內裝潢業；EZ02010 起重工程業；EZ99990 其他工程業；F106010 五金批發業；F111090 建材批發業；F113990 其他機械器具批發業,臺北市,變更,11504
42833878,傑成實業有限公司,臺北市士林區和豐街5號1樓,潘祐翔,1000000,,115/04/01,特殊補正,F102040 飲料批發業；F102170 食品什貨批發業；F104110 布疋、衣著、鞋、帽、傘、服飾品批發業；F105050 家具、寢具、廚房器具、裝設品批發業；F106020 日常用品批發業；F107030 清潔用品批發業；F108040 化粧品批發業；F109070 文教、樂器、育樂用品批發業；F110020 眼鏡批發業；F113020 電器批發業,臺北市,變更,11504
42834026,麥德倫國際有限公司,臺北市大安區忠孝東路4段183號13樓之2,劉亞欣,3000000,,115/04/30,特殊補正,A101020 農作物栽培業；A102060 糧商業；A199990 其他農業；A301030 水產養殖業；A399990 其他漁業；A401010 畜牧場經營業；A401020 家畜禽飼育業；A401040 畜牧服務業；A401060 其他動物服務業；A401990 其他畜牧業,臺北市,變更,11504
42834779,榮展國際旅行社有限公司,臺北市中山區中山北路2段102號9樓之3、9樓之,蔣喬鈞,6000000,,115/04/09,股東出資轉讓修正章程,J902011 旅行業,臺北市,變更,11504
42835290,普拉斯運動顧問股份有限公司,臺北市中山區復興北路448號1樓,丁子庭,3000000,,115/04/07,特殊補正,J602010 演藝活動業；J799990 其他休閒服務業；J801030 競技及休閒運動場館業；J802010 運動訓練業；J803010 運動表演業；J803020 運動比賽業；I101090 食品顧問業；I103060 管理顧問業；I199990 其他顧問服務業；I501010 產品設計業,臺北市,變更,11504
42840370,亞古瑞得科技有限公司,臺北市內湖區內湖路1段322號6樓,AYUSH VARDHAN BAGLA,86291000,,115/04/14,特殊補正,CB01020 事務機器製造業；CC01110 電腦及其週邊設備製造業；F113010 機械批發業；F113050 電腦及事務性機器設備批發業；F213030 電腦及事務性機器設備零售業；F401010 國際貿易業；I301010 資訊軟體服務業；I301020 資料處理服務業；I301030 電子資訊供應服務業；I501010 產品設計業,臺北市,變更,11504
42841005,芙彤園股份有限公司,臺北市中正區羅斯福路2段11號3樓,詹茹惠,204965000,,115/04/27,特殊補正,F102020 食用油脂批發業；F102050 茶葉批發業；F102170 食品什貨批發業；F107030 清潔用品批發業；F108040 化粧品批發業；F201070 花卉零售業；F203010 食品什貨、飲料零售業；F205040 家具、寢具、廚房器具、裝設品零售業；F206020 日常用品零售業；F207030 清潔用品零售業,臺北市,變更,11504
42843159,沐德投資股份有限公司,臺北市內湖區瑞光路610號12樓,曹德風,1600000000,,115/04/20,改選董事/監察人(一人法人股東指派董事/監察人),H201010 一般投資業；ZZ99999 除許可業務外，得經營法令非禁止或限制之業務,臺北市,變更,11504
42843171,佳允投資股份有限公司,臺北市內湖區瑞光路610號12樓,曹德風,1000000,,115/04/20,改選董事/監察人(一人法人股東指派董事/監察人),H201010 一般投資業；ZZ99999 除許可業務外，得經營法令非禁止或限制之業務,臺北市,變更,11504
42843329,漢祐科技股份有限公司,臺北市中山區南京西路10號10樓,千夏投資有限公司,300000000,,115/04/24,補繳規費,E501011 自來水管承裝商；E599010 配管工程業；E601010 電器承裝業；E601020 電器安裝業；E602011 冷凍空調工程業；E603040 消防安全設備安裝工程業；E603050 自動控制設備工程業；E801010 室內裝潢業；E801070 廚具、衛浴設備安裝工程業；EZ05010 儀器、儀表安裝工程業,臺北市,變更,11504
42845656,大樑柱生技股份有限公司,臺北市大安區忠孝東路4段169號6樓之1,吳進松,2000000,,115/04/17,特殊補正,F102170 食品什貨批發業；F106010 五金批發業；F106020 日常用品批發業；F107200 化學原料批發業；F107990 其他化學製品批發業；F108040 化粧品批發業；F111090 建材批發業；F113010 機械批發業；F113020 電器批發業；F113030 精密儀器批發業,臺北市,變更,11504
42845972,佳捷投資股份有限公司,臺北市內湖區瑞光路610號12樓,蕭秀貞,1000000,,115/04/13,改選董事/監察人(一人法人股東指派董事/監察人),H201010 一般投資業；ZZ99999 除許可業務外，得經營法令非禁止或限制之業務,臺北市,變更,11504
42846058,台灣三井不動產股份有限公司,臺北市中正區忠孝西路一段66號21樓,久一康洋,7635850953,,115/04/10,改派董事/監察人,H701010 住宅及大樓開發租售業；H701020 工業廠房開發租售業；H701040 特定專業區開發業；H701050 投資興建公共建設業；H701060 新市鎮、新社區開發業；H703100 不動產租賃業；H703090 不動產買賣業；J901020 一般旅館業；F501030 飲料店業；F501060 餐館業,臺北市,變更,11504
42846487,翊騰管理顧問有限公司,臺北市信義區松隆路102號9樓,葉秀惠,1000000,,115/04/28,特殊補正,I102010 投資顧問業；I103060 管理顧問業；I199990 其他顧問服務業；ZZ99999 除許可業務外，得經營法令非禁止或限制之業務,臺北市,變更,11504
42846493,城國資訊有限公司,臺北市中正區汀洲路3段183號,翁瑞鴻,530000,,115/04/09,股東出資轉讓修正章程,F118010 資訊軟體批發業；F218010 資訊軟體零售業；JE01010 租賃業；I301010 資訊軟體服務業；I301020 資料處理服務業；I301030 電子資訊供應服務業；F401010 國際貿易業；F601010 智慧財產權業；F399040 無店面零售業；ZZ99999 除許可業務外，得經營法令非禁止或限制之業務,臺北市,變更,11504
42847752,英雄旅程股份有限公司,臺北市內湖區瑞光路192號11樓之1,吳明憲,7500000,,115/04/28,公司所在地,J401010 電影片製作業；J402010 電影片發行業；J503011 廣播節目製作業；J503021 電視節目製作業；J503031 廣播電視節目發行業；J503041 廣播電視廣告業；J601010 藝文服務業；J602010 演藝活動業；J304010 圖書出版業；J305010 有聲出版業,臺北市,變更,11504
42847958,雅芯國際有限公司,臺北市內湖區新明路298巷12號10樓,鄭憲徽,25000000,,115/04/16,特殊補正,H703090 不動產買賣業；H703100 不動產租賃業；F401010 國際貿易業；I501010 產品設計業；F401171 酒類輸入業；ZZ99999 除許可業務外，得經營法令非禁止或限制之業務,臺北市,變更,11504
42849040,湧悅實業有限公司,臺北市士林區大南路419號8樓,邢一軒,2000000,,115/04/23,特殊補正,ZZ99999 除許可業務外，得經營法令非禁止或限制之業務；F401010 國際貿易業；I301010 資訊軟體服務業；I301020 資料處理服務業；I301030 電子資訊供應服務業；I501010 產品設計業；I401010 一般廣告服務業；J802010 運動訓練業；J803010 運動表演業；J803020 運動比賽業,臺北市,變更,11504
42849409,源樂國際有限公司,臺北市大安區敦化南路1段205號7樓之5,李尚融,200000,,115/04/21,特殊補正,F102020 食用油脂批發業；F102030 菸酒批發業；F102040 飲料批發業；F102170 食品什貨批發業；F104110 布疋、衣著、鞋、帽、傘、服飾品批發業；F107030 清潔用品批發業；F207030 清潔用品零售業；F108040 化粧品批發業；F208040 化粧品零售業；F113020 電器批發業,臺北市,變更,11504
42850587,晉榮通信有限公司,臺北市中山區南京東路2段132號12樓,黃苑貞,1000000,,115/04/29,公司所在地,F109070 文教、樂器、育樂用品批發業；F113050 電腦及事務性機器設備批發業；F113070 電信器材批發業；F113110 電池批發業；F118010 資訊軟體批發業；F119010 電子材料批發業；F209060 文教、樂器、育樂用品零售業；F213030 電腦及事務性機器設備零售業；F213060 電信器材零售業；F213110 電池零售業,臺北市,變更,11504
42851642,久久汎馬資本管理顧問股份有限公司,臺北市松山區民權東路3段142號8樓之5,李奇嶽,48000000,,115/04/10,公司所在地,I102010 投資顧問業；I103060 管理顧問業；IG02010 研究發展服務業；I199990 其他顧問服務業；ZZ99999 除許可業務外，得經營法令非禁止或限制之業務,臺北市,變更,11504
42852966,德因醫院管理顧問有限公司,臺北市大安區信義路4段281號6樓,黃志宏,9700000,,115/04/20,補繳規費,F102040 飲料批發業；F102170 食品什貨批發業；F102180 酒精批發業；F106020 日常用品批發業；F107030 清潔用品批發業；F108031 醫療器材批發業；F108040 化粧品批發業；F203010 食品什貨、飲料零售業；F206020 日常用品零售業；F207030 清潔用品零售業,臺北市,變更,11504
42853091,台灣曄爾沙有限公司,臺北市中山區中山北路2段96號5樓,高光治,4300000,,115/04/22,減少所營事業變更修正章程,E599010 配管工程業；E603010 電纜安裝工程業；E603040 消防安全設備安裝工程業；E603050 自動控制設備工程業；E605010 電腦設備安裝業；F113020 電器批發業；F113030 精密儀器批發業；F118010 資訊軟體批發業；F213040 精密儀器零售業；F401010 國際貿易業,臺北市,變更,11504
42853557,碁元投資有限公司,臺北市中山區南京東路2段72號11樓,劉福運,80000000,,115/04/24,增資,H201010 一般投資業,臺北市,變更,11504
42853661,成貫投資股份有限公司,臺北市中山區林森北路349號23樓,葉瓊妙,50000000,,115/04/20,特殊補正,H201010 一般投資業；ZZ99999 除許可業務外，得經營法令非禁止或限制之業務,臺北市,變更,11504
42855990,致樂創意股份有限公司,臺北市大同區重慶北路3段18號1樓,林志育,1000000,,115/04/24,特殊補正,F109070 文教、樂器、育樂用品批發業；F209060 文教、樂器、育樂用品零售業；I501010 產品設計業；I599990 其他設計業；IZ99990 其他工商服務業；I301010 資訊軟體服務業；I301020 資料處理服務業；I199990 其他顧問服務業；J601010 藝文服務業；ZZ99999 除許可業務外，得經營法令非禁止或限制之業務,臺北市,變更,11504
42856365,全通跑而勁有限公司,臺北市大安區敦化南路2段46號5樓之6,周大為,3180000,,115/04/20,公司名稱變更修正章程,I301020 資料處理服務業；I301030 電子資訊供應服務業；I401010 一般廣告服務業；I501010 產品設計業；IZ01010 影印業；IZ02010 打字業；IZ04010 翻譯業；IZ07010 公證業；IZ10010 排版業；IZ12010 人力派遣業,臺北市,變更,11504
42857907,宜華投資股份有限公司,臺北市南港區經貿二路188號5樓,辜仲諒,105000000,,115/04/20,改選董事/監察人(一人法人股東指派董事/監察人),H201010 一般投資業,臺北市,變更,11504
42858618,嘉實投資股份有限公司,臺北市南港區經貿二路188號5樓,辜仲諒,105000000,,115/04/15,改選董事/監察人(一人法人股東指派董事/監察人),H201010 一般投資業,臺北市,變更,11504
42860086,錦江投資有限公司,臺北市中正區金山北路1號6樓之3,蔡佩君,800000,,115/04/20,公司所在地,H201010 一般投資業,臺北市,變更,11504
42860488,智慧獵人股份有限公司,臺北市中山區明水路581巷17號地下樓之3,周學頤,4150000,,115/04/02,特殊補正,F118010 資訊軟體批發業；F203010 食品什貨、飲料零售業；F204110 布疋、衣著、鞋、帽、傘、服飾品零售業；F209060 文教、樂器、育樂用品零售業；F218010 資訊軟體零售業；I301010 資訊軟體服務業；I301020 資料處理服務業；I301030 電子資訊供應服務業；I401010 一般廣告服務業；J303010 雜誌（期刊）出版業,臺北市,變更,11504
42862113,翰欣創業投資股份有限公司,臺北市中山區南京東路3段101號4樓,葉哲齊,6000000,,115/04/28,特殊補正,H202010 創業投資業；ZZ99999 除許可業務外，得經營法令非禁止或限制之業務,臺北市,變更,11504
42862795,成道實業股份有限公司,臺北市大安區敦化南路1段321號2樓,黃中佑,995396000,,115/04/22,變更為閉鎖性,H701010 住宅及大樓開發租售業；H703090 不動產買賣業；H703100 不動產租賃業；I103060 管理顧問業；I301020 資料處理服務業；F111090 建材批發業；H201010 一般投資業；ZZ99999 除許可業務外，得經營法令非禁止或限制之業務,臺北市,變更,11504
42863751,美克資訊有限公司,臺北市信義區忠孝東路5段508號11樓之2,陳鍵麟,10000000,,115/04/28,特殊補正,I301010 資訊軟體服務業；I301020 資料處理服務業；I301030 電子資訊供應服務業；I301040 第三方支付服務業；I401010 一般廣告服務業；ZZ99999 除許可業務外，得經營法令非禁止或限制之業務,臺北市,變更,11504
42865723,泰利斯建設有限公司,臺北市中正區漢口街1段110號9樓之13,蔡銘景,15500000,,115/04/27,股東出資轉讓修正章程,H201010 一般投資業；H701010 住宅及大樓開發租售業；H701020 工業廠房開發租售業；H701050 投資興建公共建設業；H701060 新市鎮、新社區開發業；H701070 區段徵收及市地重劃代辦業；H703090 不動產買賣業；H703100 不動產租賃業；E801010 室內裝潢業；E801070 廚具、衛浴設備安裝工程業,臺北市,變更,11504
42866510,永心資產管理有限公司,臺北市松山區南京東路4段164號6樓之1,林麗雅,60000000,,115/04/27,減資,H701010 住宅及大樓開發租售業；H701020 工業廠房開發租售業；H703090 不動產買賣業；H703100 不動產租賃業；F102050 茶葉批發業；F102170 食品什貨批發業；F104110 布疋、衣著、鞋、帽、傘、服飾品批發業；F105050 家具、寢具、廚房器具、裝設品批發業；F111090 建材批發業；F401010 國際貿易業,臺北市,變更,11504
42868094,阿性禮品股份有限公司,臺北市中山區長安東路1段45之1號1樓,陳秉楓,5000000,,115/04/28,特殊補正,F204110 布疋、衣著、鞋、帽、傘、服飾品零售業；F206020 日常用品零售業；F208031 醫療器材零售業；F208040 化粧品零售業；F401010 國際貿易業；F299010 成人用品零售業；ZZ99999 除許可業務外，得經營法令非禁止或限制之業務,臺北市,變更,11504
42881701,彩樂食股份有限公司,臺北市中山區龍江路149巷24號1樓,橫原翔太,4280510,,115/04/08,特殊補正,F501060 餐館業；F501030 飲料店業；F501990 其他餐飲業；I101090 食品顧問業；I102010 投資顧問業；I103060 管理顧問業；IZ12010 人力派遣業；F201010 農產品零售業；F201020 畜產品零售業；F201030 水產品零售業,臺北市,變更,11504
42882716,辰紘行銷有限公司,臺北市大安區敦化南路2段59號7樓,官奕辰,10000000,,115/04/09,特殊補正,A102080 園藝服務業；C306010 成衣業；C307010 服飾品製造業；CH01040 玩具製造業；E605010 電腦設備安裝業；F101100 花卉批發業；F102040 飲料批發業；F104110 布疋、衣著、鞋、帽、傘、服飾品批發業；F105050 家具、寢具、廚房器具、裝設品批發業；F106020 日常用品批發業,臺北市,變更,11504
42946351,美商泰優股份有限公司,臺北市中山區民權東路三段2號5樓,Trent Pollard Thrash,5000000,,115/04/14,改派在中華民國境內負責人變更登記,I301020 資料處理服務業；ZZ99999 除許可業務外，得經營法令非禁止或限制之業務,臺北市,變更,11504
42950489,新加坡商利家有限公司,臺北市內湖區瑞光路68號6樓,Loh Kum Wah,100000,,115/04/09,改派在中華民國境內負責人變更登記,F104110 布疋、衣著、鞋、帽、傘、服飾品批發業；F204110 布疋、衣著、鞋、帽、傘、服飾品零售業；I103060 管理顧問業；JD01010 工商徵信服務業；JZ99050 仲介服務業；F401010 國際貿易業；ZZ99999 除許可業務外，得經營法令非禁止或限制之業務,臺北市,變更,11504
42952177,鳴酉貿易有限公司,臺北市北投區溫泉路68巷2之2號1樓,胡金鳴,3100000,,115/04/24,特殊補正,F401010 國際貿易業；F119010 電子材料批發業；F199990 其他批發業；I103060 管理顧問業；I101090 食品顧問業；I199990 其他顧問服務業；ZZ99999 除許可業務外，得經營法令非禁止或限制之業務,臺北市,變更,11504
42954865,香港商宇曦健康顧問有限公司,臺北市中正區武昌街一段18號6樓,陳暐翔,60000000,,115/04/28,在中華民國境內負責人住所或居所變更,I103060 管理顧問業；I199990 其他顧問服務業；J601010 藝文服務業；J701040 休閒活動場館業；J801030 競技及休閒運動場館業；J802010 運動訓練業；J803010 運動表演業；J803020 運動比賽業；F203010 食品什貨、飲料零售業；F204110 布疋、衣著、鞋、帽、傘、服飾品零售業,臺北市,變更,11504
42959741,香港商哲基亞洲有限公司,臺北市信義區松智路1號11樓,Yap Guat San (as known as Jasmine Yap),5000000,,115/04/28,在中華民國境內負責人姓名、護照號碼、國籍變更登記,I102010 投資顧問業；I103060 管理顧問業；I199990 其他顧問服務業；I301020 資料處理服務業；I301030 電子資訊供應服務業；I401010 一般廣告服務業；I401020 廣告傳單分送業；I501010 產品設計業；I599990 其他設計業；IZ15010 市場研究及民意調查業,臺北市,變更,11504
42959860,新加坡商湯森路透有限公司,臺北市中山區松江路106號2樓之1,Sagar Tamang,500000,,115/04/20,改派在中華民國境內負責人變更登記,E605010 電腦設備安裝業；F118010 資訊軟體批發業；F401010 國際貿易業；I102010 投資顧問業；I103060 管理顧問業；I301010 資訊軟體服務業；I301020 資料處理服務業；I301030 電子資訊供應服務業；JD01010 工商徵信服務業；JZ99050 仲介服務業,臺北市,變更,11504
42964701,新加坡商耐思人工智能有限公司,臺北市內湖區湖元里瑞湖街103號7樓之1,吳秉承,1000000,,115/04/01,本公司董事及其他負責人變更,I301010 資訊軟體服務業；I301020 資料處理服務業；I301030 電子資訊供應服務業；I301040 第三方支付服務業；I301050 實境體感應用服務業；I501010 產品設計業；F601010 智慧財產權業；J399010 軟體出版業；F119010 電子材料批發業；F218010 資訊軟體零售業,臺北市,變更,11504
42984776,金萊陽能源股份有限公司,臺北市大安區光復南路630號4樓,沈瑋,16153860,,115/04/17,特殊補正,F113020 電器批發業；F119010 電子材料批發業；F213010 電器零售業；F219010 電子材料零售業；F401010 國際貿易業；IG03010 能源技術服務業；CC01010 發電、輸電、配電機械製造業；D101060 再生能源自用發電設備業；D401010 熱能供應業；ZZ99999 除許可業務外，得經營法令非禁止或限制之業務,臺北市,變更,11504
42986249,萊陽能源股份有限公司,臺北市大安區光復南路630號4樓,沈瑋,45384600,,115/04/07,特殊補正,F104110 布疋、衣著、鞋、帽、傘、服飾品批發業；F105050 家具、寢具、廚房器具、裝設品批發業；F106010 五金批發業；F106020 日常用品批發業；F106040 水器材料批發業；F107030 清潔用品批發業；F109070 文教、樂器、育樂用品批發業；F111090 建材批發業；F113010 機械批發業；F113020 電器批發業,臺北市,變更,11504
42989013,良人行影業有限公司,臺北市松山區南京東路5段162號8樓,郭玉清,20000000,,115/04/21,公司所在地,J401010 電影片製作業；J402010 電影片發行業；J503010 廣播節目製作業；J503020 電視節目製作業；J503030 廣播電視節目發行業；J503040 廣播電視廣告業；J503050 錄影節目帶業；J601010 藝文服務業；J602010 演藝活動業；J603010 音樂展演空間業,臺北市,變更,11504
42991616,智弘軟體科技股份有限公司,臺北市信義區松德路161號13樓之2,陸麗安,25000000,,115/04/16,公司所在地,E605010 電腦設備安裝業；F113050 電腦及事務性機器設備批發業；F118010 資訊軟體批發業；F119010 電子材料批發業；F213030 電腦及事務性機器設備零售業；F218010 資訊軟體零售業；F219010 電子材料零售業；F401010 國際貿易業；F601010 智慧財產權業；I301010 資訊軟體服務業,臺北市,變更,11504
42993001,正好文化事業股份有限公司,臺北市中山區南京東路2段150號7樓,梁君堯,8000000,,115/04/23,減資,J304010 圖書出版業；J303010 雜誌（期刊）出版業；I401010 一般廣告服務業；J602010 演藝活動業；JB01010 會議及展覽服務業；I501010 產品設計業；J601010 藝文服務業；F601010 智慧財產權業；F109070 文教、樂器、育樂用品批發業；F209060 文教、樂器、育樂用品零售業,臺北市,變更,11504
42994536,金灝物業資產管理顧問有限公司,臺北市中山區長安東路1段42號7樓,陳天倪,10000000,,115/04/21,公司所營事業變更修正章程,E801010 室內裝潢業；J101010 建築物清潔服務業；F104110 布疋、衣著、鞋、帽、傘、服飾品批發業；F106010 五金批發業；F108040 化粧品批發業；F399040 無店面零售業；F401010 國際貿易業；I102010 一般投資顧問業；I103060 管理顧問業；H701010 住宅及大樓開發租售業,臺北市,變更,11504
42995465,成嘉貿易有限公司,臺北市信義區忠孝東路5段1之3號14樓,王孝傑,2000000,,115/04/10,特殊補正,C302010 織布業；C303010 不織布業；C306010 成衣業；C307010 服飾品製造業；C401030 皮革、毛皮整製業；C802090 清潔用品製造業；C802100 化粧品製造業；C805030 塑膠日用品製造業；CC01110 電腦及其週邊設備製造業；CE01040 鐘錶製造業,臺北市,變更,11504
42996892,伴境空間設計有限公司,臺北市大安區四維路160巷22號1樓,林承翰,1000000,,115/04/01,股東出資轉讓修正章程,F205040 家具、寢具、廚房器具、裝設品零售業；F206010 五金零售業；F206020 日常用品零售業；F211010 建材零售業；F213010 電器零售業；F401010 國際貿易業；I503010 景觀、室內設計業；E801010 室內裝潢業；ZZ99999 除許可業務外，得經營法令非禁止或限制之業務,臺北市,變更,11504
42997750,水旺旺有限公司,臺北市大安區仁愛路3段26號5樓,廖芳瑜,200000,,115/04/28,特殊補正,F106040 水器材料批發業；F113020 電器批發業；F113030 精密儀器批發業；F206040 水器材料零售業；F213010 電器零售業；F213040 精密儀器零售業；F401010 國際貿易業；ZZ99999 除許可業務外，得經營法令非禁止或限制之業務,臺北市,變更,11504
42998110,香砌有限公司,臺北市大安區信義路4段265巷21弄19號1樓,孫宜嫻,200000,,115/04/21,公司所在地,I103060 管理顧問業；I199990 其他顧問服務業；J202010 產業育成業；J799990 其他休閒服務業；J802010 運動訓練業；J803010 運動表演業；F108040 化粧品批發業；F208040 化粧品零售業；JF01040 經絡調理業；JZ99990 未分類其他服務業,臺北市,變更,11504
43309204,立吉成有限公司,臺北市信義區松平路76號8樓,王姵文,15800000,,115/04/07,特殊補正,F101100 花卉批發業；F102030 菸酒批發業；F102040 飲料批發業；F104110 布疋、衣著、鞋、帽、傘、服飾品批發業；F105050 家具、寢具、廚房器具、裝設品批發業；F106020 日常用品批發業；F107190 塑膠膜、袋批發業；F108040 化粧品批發業；F109070 文教、樂器、育樂用品批發業；F113020 電器批發業,臺北市,變更,11504
43351069,大帝貿易有限公司,臺北市信義區基隆路2段133號4樓,蔡騰飛,12500000,,115/04/02,增資,F401010 國際貿易業；F108031 醫療器材批發業；F208031 醫療器材零售業；F208050 乙類成藥零售業；F108021 西藥批發業；F208021 西藥零售業；F108040 化粧品批發業；F208040 化粧品零售業；F102170 食品什貨批發業；F203010 食品什貨、飲料零售業,臺北市,變更,11504
43430803,台灣禮來股份有限公司,臺北市信義區松高路9、11號14樓,Lauren Kristina Lazowski-Kim,254990900,,115/04/14,法人股東更名、國籍、地址變更,F108021 西藥批發業；F108031 醫療器材批發業；F208021 西藥零售業；F208031 醫療器材零售業；F401010 國際貿易業；I199990 其他顧問服務業；ZZ99999 除許可業務外，得經營法令非禁止或限制之業務,臺北市,變更,11504
43670887,璞樂思餐飲股份有限公司,臺北市大安區安和路2段83號,劉宗原,15000000,,115/04/23,特殊補正,F501060 餐館業；F102030 菸酒批發業；F102040 飲料批發業；F102050 茶葉批發業；F102170 食品什貨批發業；F203010 食品什貨、飲料零售業；F203020 菸酒零售業；F299990 其他零售業；F399990 其他綜合零售業；F401010 國際貿易業,臺北市,變更,11504
43704710,大才企業股份有限公司,臺北市北投區大業路166號6樓,詹惠琴,42000000,,115/04/27,特殊補正,C805010 塑膠皮、布、板、管材製造業。；C805050 工業用塑膠製品製造業。；CC01030 電器製造業。；CC01040 照明設備製造業。；CC01080 電子零組件製造業。；I301010 資訊軟體服務業。；I301020 資料處理服務業。；I301030 電子資訊供應服務業。；I501010 產品設計業。,臺北市,變更,11504
43815440,旋轉拍賣有限公司,臺北市松山區南京東路5段188號5樓之3,陳翊偉MARCUS TAN YI WEI,2000000,,115/04/17,特殊補正,F401010 國際貿易業；I301020 資料處理服務業；I301030 電子資訊供應服務業；JB01010 會議及展覽服務業；ZZ99999 除許可業務外，得經營法令非禁止或限制之業務,臺北市,變更,11504
43816383,天運有限公司,臺北市大同區寧夏路79號6樓之1,陳欣如,6050000,,115/04/29,特殊補正,H201010 一般投資業；F401010 國際貿易業；IZ12010 人力派遣業；IG01010 生物技術服務業；I103060 管理顧問業；ZZ99999 除許可業務外，得經營法令非禁止或限制之業務,臺北市,變更,11504
43817720,保特保險經紀人股份有限公司,臺北市信義區忠孝東路4段525號14樓,汪合益,145000000,,115/04/17,特殊補正,H602021 財產保險經紀人；H602011 人身保險經紀人,臺北市,變更,11504
43819142,品誠旅行社有限公司,臺北市中山區松江路328號11樓之6,盧迎同,6000000,,115/04/07,公司所在地,J902011 旅行業,臺北市,變更,11504
43823498,北山天合有限公司,臺北市北投區文林北路152號3樓,王正翰,500000,,115/04/17,公司所營事業變更修正章程,E401010 疏濬業；E402010 沙石、淤泥海拋業；E599010 配管工程業；E603080 交通號誌安裝工程業；EZ02010 起重工程業；J101030 廢棄物清除業；J101990 其他環境衛生及污染防治服務業；E603010 電纜安裝工程業；E601020 電器安裝業；E603050 自動控制設備工程業,臺北市,變更,11504
43829514,阿尼米運動工程有限公司,臺北市內湖區民權東路6段296巷121號地下1層之1,陳重霖,100000,,115/04/23,公司所在地,EZ11010 球場跑道樹脂材料鋪設工程業；EZ14010 運動場地用設備工程業；EZ99990 其他工程業；E801010 室內裝潢業；F104110 布疋、衣著、鞋、帽、傘、服飾品批發業；F106020 日常用品批發業；F109070 文教、樂器、育樂用品批發業；F114040 自行車及其零件批發業；F199990 其他批發業；F204110 布疋、衣著、鞋、帽、傘、服飾品零售業,臺北市,變更,11504
43836487,傑特貝林有限公司,臺北市信義區基隆路1段333號16樓,劉英毅(Louis Liu),5000000,,115/04/10,改推董事/董事長,I103060 管理顧問業；IZ15010 市場研究及民意調查業；IG01010 生物技術服務業；I199990 其他顧問服務業；F108021 西藥批發業；F108031 醫療器材批發業；F208021 西藥零售業；F208031 醫療器材零售業；F401010 國際貿易業；ZZ99999 除許可業務外，得經營法令非禁止或限制之業務,臺北市,變更,11504
43847175,達將營造股份有限公司,臺北市大安區敦化南路2段71號6樓,林靜怡,28000000,,115/04/10,停業副本,E101011 綜合營造業；J101990 其他環境衛生及污染防治服務業；ZZ99999 除許可業務外，得經營法令非禁止或限制之業務,臺北市,變更,11504
43859896,聖鑽科技股份有限公司,臺北市松山區民生東路3段128號7樓之2,葉旭昇,3816800,,115/04/08,公司所在地,F102170 食品什貨批發業；F108040 化粧品批發業；F113030 精密儀器批發業；F113050 電腦及事務性機器設備批發業；F203010 食品什貨、飲料零售業；F208040 化粧品零售業；F213030 電腦及事務性機器設備零售業；F213040 精密儀器零售業；F401010 國際貿易業；ZZ99999 除許可業務外，得經營法令非禁止或限制之業務,臺北市,變更,11504
43861268,胞泌體生物科技股份有限公司,臺北市松山區復興北路369號14樓之1,王為敏,68570000,,115/04/14,特殊補正,C801990 其他化學材料製造業；F107200 化學原料批發業；F107990 其他化學製品批發業；F401010 國際貿易業；F601010 智慧財產權業；I102010 投資顧問業；I103060 管理顧問業；IC01010 藥品檢驗業；IG01010 生物技術服務業；IG02010 研究發展服務業,臺北市,變更,11504
43879437,煜力有限公司,臺北市內湖區行愛路57號1樓,張書豪,23000000,,115/04/16,補繳規費,JA01010 汽車修理業；JA01990 其他汽車服務業；F501060 餐館業；JZ99050 仲介服務業；F113050 電腦及事務性機器設備批發業；F114010 汽車批發業；F114020 機車批發業；F114030 汽、機車零件配備批發業；F114040 自行車及其零件批發業；F114050 車胎批發業,臺北市,變更,11504
43886063,水元工程有限公司,臺北市松山區八德路3段212號8樓,蔡承璋,20000000,,115/04/21,補繳規費,E501011 自來水管承裝商；E502010 燃料導管安裝工程業；E599010 配管工程業；E601010 電器承裝業；E601020 電器安裝業；E603010 電纜安裝工程業；E603020 電梯安裝工程業；E603040 消防安全設備安裝工程業；E603050 自動控制設備工程業；E603080 交通號誌安裝工程業,臺北市,變更,11504
43896512,均仕邦有限公司,臺北市大安區信義路4段296號15樓,林麗玉,1000000,,115/04/17,公司所在地,C701010 印刷業；F601010 智慧財產權業；I199990 其他顧問服務業；I103060 管理顧問業；I102010 投資顧問業；I401010 一般廣告服務業；I599990 其他設計業；J304010 圖書出版業；J305010 有聲出版業；J399990 其他出版業,臺北市,變更,11504
43941397,幸沄有限公司,臺北市中山區中山北路3段25號2樓之30,陳心怡,300000,,115/04/10,特殊補正,E599010 配管工程業；E601010 電器承裝業；E601020 電器安裝業；E604010 機械安裝業；E801010 室內裝潢業；E801020 門窗安裝工程業；E801030 室內輕鋼架工程業；E801040 玻璃安裝工程業；E801070 廚具、衛浴設備安裝工程業；E901010 油漆工程業,臺北市,變更,11504
43942804,杰論顧問有限公司,臺北市大安區忠孝東路4段124之1號2樓,謝憲杰,17100000,,115/04/27,特殊補正,H201010 一般投資業；ZZ99999 除許可業務外，得經營法令非禁止或限制之業務,臺北市,變更,11504
43943085,創生活網路科技股份有限公司,臺北市大安區復興南路1段204號6樓,陳建福,53114180,,115/04/20,董事/監察人持股變動報備,A101040 食用菌菇類栽培業；A102050 作物栽培服務業；F102030 菸酒批發業；F102040 飲料批發業；F102170 食品什貨批發業；F101050 水產品批發業；F108040 化粧品批發業；F118010 資訊軟體批發業；F201010 農產品零售業；F201030 水產品零售業,臺北市,變更,11504
43946007,富淬理財金融科技股份有限公司,臺北市松山區復興南路1段1號4樓之1,陳文城,3600000,,115/04/10,特殊補正,I103060 管理顧問業；J202010 產業育成業；J303010 雜誌（期刊）出版業；J304010 圖書出版業；J399990 其他出版業；I102010 一般投資顧問業；I199990 其他顧問服務業；I301010 資訊軟體服務業；F118010 資訊軟體批發業；F206020 日常用品零售業,臺北市,變更,11504
44884303,台灣第一三共股份有限公司,臺北市中山區松江路223號13樓,餘舛祐一,345000000,,115/04/21,特殊補正,F108021 西藥批發業；F208021 西藥零售業；F108031 醫療器材批發業；F208031 醫療器材零售業；F401010 國際貿易業；JZ99050 仲介服務業；ZZ99999 除許可業務外，得經營法令非禁止或限制之業務,臺北市,變更,11504
44921757,鴻益企業股份有限公司,臺北市南港區向陽路162巷102號11樓,陳茂複,25018000,,115/04/27,特殊補正,JZ99050 仲介服務業；I103010 企業經營管理顧問業；H701010 住宅及大樓開發租售業；H701030 殯葬場所開發租售業；I601010 租賃業；ZZ99999 除許可業務外，得經營法令非禁止或限制之業務,臺北市,變更,11504
45018119,元山林開發事業股份有限公司,臺北市中山區吉林路99號3樓,郭濟安,290000000,,115/04/23,特殊補正,E599010 配管工程業；J101060 廢（污）水處理業；J101990 其他環境衛生及污染防治服務業；H701050 投資興建公共建設業；E603040 消防安全設備安裝工程業；E604010 機械安裝業；J101030 廢棄物清除業；J101040 廢棄物處理業；ZZ99999 除許可業務外，得經營法令非禁止或限制之業務,臺北市,變更,11504
45019454,振美全球網路股份有限公司,臺北市中山區長春路172號10樓之4,李振毅,5000000,,115/04/01,特殊補正,F102170 食品什貨批發業；F106020 日常用品批發業；F106050 陶瓷玻璃器皿批發業；F109070 文教、樂器、育樂用品批發業；F115010 首飾及貴金屬批發業；F115020 礦石批發業；F199990 其他批發業；F204110 布疋、衣著、鞋、帽、傘、服飾品零售業；F206020 日常用品零售業；F208040 化粧品零售業,臺北市,變更,11504
45023008,通寶半導體設計股份有限公司,臺北市內湖區基湖路39號2樓,沈軾榮,451387000,,115/04/13,發行新股,CC01080 電子零組件製造業；F401010 國際貿易業；F601010 智慧財產權業；I301010 資訊軟體服務業；I301020 資料處理服務業；I501010 產品設計業；ZZ99999 除許可業務外，得經營法令非禁止或限制之業務,臺北市,變更,11504
45102468,品尚智產國際有限公司,臺北市中山區南京東路2段95號11樓,陳佳儀,5000000,,115/04/23,特殊補正,F209060 文教、樂器、育樂用品零售業；I103060 管理顧問業；I301010 資訊軟體服務業；I301020 資料處理服務業；I301030 電子資訊供應服務業；IG02010 研究發展服務業；IZ10010 排版業；IZ12010 人力派遣業；IZ13010 網路認證服務業；J303010 雜誌（期刊）出版業,臺北市,變更,11504
45887876,坤義有限公司,臺北市文山區景文街92號8樓之1,許恒燿,3000000,,115/04/21,公司印鑑變更,C805030 塑膠日用品製造業；C805050 工業用塑膠製品製造業；CB01010 機械設備製造業；CQ01010 模具製造業；F106010 五金批發業；F106030 模具批發業；F106040 水器材料批發業；F106050 陶瓷玻璃器皿批發業；F111090 建材批發業；F113010 機械批發業,臺北市,變更,11504
45899697,勤聚整合行銷有限公司,臺北市大安區文昌街68號1樓,裴家榆,12000000,,115/04/16,特殊補正,I501010 產品設計業；I599990 其他設計業；I199990 其他顧問服務業；IZ12010 人力派遣業；F102040 飲料批發業；F102170 食品什貨批發業；F201010 農產品零售業；F201020 畜產品零售業；F201030 水產品零售業；F203010 食品什貨、飲料零售業,臺北市,變更,11504
45910546,瑞助營造股份有限公司,臺北市中正區忠孝西路一段50號11樓之3,邵明斌,1250000000,,115/04/20,增資(資本總額),E101011 綜合營造業；F106010 五金批發業；F111090 建材批發業；E501011 自來水管承裝商；E502010 燃料導管安裝工程業；E599010 配管工程業；E601010 電器承裝業；E601020 電器安裝業；E602011 冷凍空調工程業；E603010 電纜安裝工程業,臺北市,變更,11504
46479103,渣打國際商業銀行股份有限公司,臺北市中山區遼寧街177號1樓及179號3~6樓、18樓,John Ming Kiu Tan陳銘僑,29105719760,,115/04/10,分公司經理人變更,H101021 商業銀行業；H301011 證券商；H601011 人身保險代理人；H601021 財產保險代理人,臺北市,變更,11504
46606706,凱德吉斯有限公司,臺北市文山區興隆路4段187號1樓,黃欣怡,3000000,,115/04/13,特殊補正,CM01010 箱、包、袋製造業；C306010 成衣業；C307010 服飾品製造業；C399990 其他紡織及製品製造業；CJ01010 製帽業；CK01010 製鞋業；CL01010 製傘業；CN01010 家具及裝設品製造業；CO01010 餐具製造業；CE01040 鐘錶製造業,臺北市,變更,11504
46668202,應州工程有限公司,臺北市大安區復興南路2段84號12樓,張斯閔,450000000,,115/04/14,增資,E101011 綜合營造業；F111090 建材批發業；F211010 建材零售業；F113010 機械批發業；F213080 機械器具零售業；ZZ99999 除許可業務外，得經營法令非禁止或限制之業務,臺北市,變更,11504
47027114,卓基科技股份有限公司,臺北市信義區基隆路1段141號7樓之8,卓佳穎,10000000,,115/04/07,特殊補正,E601020 電器安裝業；E605010 電腦設備安裝業；E701040 簡易電信設備安裝業；EZ05010 儀器、儀表安裝工程業；F113020 電器批發業；F113030 精密儀器批發業；F113050 電腦及事務性機器設備批發業；F113060 度量衡器批發業；F113070 電信器材批發業；F113110 電池批發業,臺北市,變更,11504
47203673,大輝電線電纜股份有限公司,臺北市大安區忠孝東路4段162號8樓之5,劉紫宸,35000000,,115/04/13,特殊補正,CA01130 銅材軋延、伸線、擠型業；F106010 五金批發業；F206010 五金零售業；F401010 國際貿易業；JE01010 租賃業；H703100 不動產租賃業；ZZ99999 除許可業務外，得經營法令非禁止或限制之業務,臺北市,變更,11504
47230860,大三工業股份有限公司,臺北市內湖區內湖路1段411巷85號1樓,張王台玲,5000000,,115/04/24,特殊補正,,臺北市,變更,11504
50520815,鍀泰鋼鐵股份有限公司,臺北市松山區民權東路3段144號6樓之1,蕭國奉,150000000,,115/04/15,董事/監察人持股變動報備,CA01050 鋼材二次加工業；CA01060 鋼線鋼纜製造業；CB01010 機械設備製造業；CA04010 表面處理業；F106010 五金批發業；F113010 機械批發業；F401010 國際貿易業；IZ12010 人力派遣業；H701020 工業廠房開發租售業；H701040 特定專業區開發業,臺北市,變更,11504
50751688,大禹室內裝修設計有限公司,臺北市松山區基隆路1段22號1樓,劉惠茹,20000000,,115/04/17,增資,E801010 室內裝潢業；E801020 門窗安裝工程業；E801030 室內輕鋼架工程業；E801040 玻璃安裝工程業；E801060 室內裝修業；E801070 廚具、衛浴設備安裝工程業；E901010 油漆工程業；EZ99990 其他工程業；F104110 布疋、衣著、鞋、帽、傘、服飾品批發業；F105050 家具、寢具、廚房器具、裝設品批發業,臺北市,變更,11504
50751836,全創適能有限公司,臺北市中山區中山北路1段33巷25號1樓,邱仲甫,8000000,,115/04/08,股東出資轉讓修正章程,F108040 化粧品批發業；F109070 文教、樂器、育樂用品批發業；F203010 食品什貨、飲料零售業；F204110 布疋、衣著、鞋、帽、傘、服飾品零售業；F208040 化粧品零售業；F399040 無店面零售業；F401010 國際貿易業；J801030 競技及休閒運動場館業；J802010 運動訓練業；J803010 運動表演業,臺北市,變更,11504
50753356,泓策創業投資股份有限公司,臺北市信義區松高路1號4樓,郭冠群,10841013960,,115/04/21,補繳規費,I103060 管理顧問業；H202010 創業投資業；ZZ99999 除許可業務外，得經營法令非禁止或限制之業務,臺北市,變更,11504
50756852,大成發投資控股股份有限公司,臺北市大安區忠孝東路4段142號6樓之3,林群智,398000000,,115/04/10,特殊補正,H201010 一般投資業；IH01010 產業控股公司業,臺北市,變更,11504
50758465,築夢空間股份有限公司,臺北市中山區松江路261號7樓,黃偉榮,22000000,,115/04/14,增資(資本總額),F601010 智慧財產權業；H201010 一般投資業；H202010 創業投資業；H701010 住宅及大樓開發租售業；H701020 工業廠房開發租售業；H701040 特定專業區開發業；I103060 管理顧問業；IG02010 研究發展服務業；IZ12010 人力派遣業；J202010 產業育成業,臺北市,變更,11504
50760407,躍創科技股份有限公司,臺北市信義區忠孝東路4段563號11樓,葉斯華,5000000,,115/04/30,公司所在地,CC01110 電腦及其週邊設備製造業；CC01120 資料儲存媒體製造及複製業；F218010 資訊軟體零售業；F399040 無店面零售業；F399990 其他綜合零售業；F401010 國際貿易業；I102010 投資顧問業；I301010 資訊軟體服務業；I301020 資料處理服務業；I301030 電子資訊供應服務業,臺北市,變更,11504
50761742,靚銓萬昌有限公司,臺北市大安區大安路1段13號1樓,鄭展,200000,,115/04/08,特殊補正,F104110 布疋、衣著、鞋、帽、傘、服飾品批發業；F105050 家具、寢具、廚房器具、裝設品批發業；F109070 文教、樂器、育樂用品批發業；F204110 布疋、衣著、鞋、帽、傘、服飾品零售業；F205040 家具、寢具、廚房器具、裝設品零售業；F209060 文教、樂器、育樂用品零售業；F401010 國際貿易業；ZZ99999 除許可業務外，得經營法令非禁止或限制之業務,臺北市,變更,11504
50762756,齊忻科技有限公司,臺北市大同區南京西路163號2樓之101,何佳霖,1300000,,115/04/09,公司所在地,F113030 精密儀器批發業；F107200 化學原料批發業；F113050 電腦及事務性機器設備批發業；F213030 電腦及事務性機器設備零售業；F119010 電子材料批發業；F106050 陶瓷玻璃器皿批發業；F113060 度量衡器批發業；F213050 度量衡器零售業；F107990 其他化學製品批發業；F401010 國際貿易業,臺北市,變更,11504
50762897,陳立小學堂股份有限公司,臺北市中正區忠孝西路1段50號22樓之11,曾淑鈴,10000000,,115/04/15,減少所營事業變更修正章程,I103060 管理顧問業；I199990 其他顧問服務業；I301010 資訊軟體服務業；I301020 資料處理服務業；I301030 電子資訊供應服務業；IZ99990 其他工商服務業；J303010 雜誌（期刊）出版業；J304010 圖書出版業；J305010 有聲出版業；J399010 軟體出版業,臺北市,變更,11504
50763299,克拉戲客股份有限公司,臺北市信義區基隆路1段155號13樓之5,陳銳,23800000,,115/04/14,特殊補正,F110020 眼鏡批發業；F203020 菸酒零售業；F203030 酒精零售業；F204110 布疋、衣著、鞋、帽、傘、服飾品零售業；F206020 日常用品零售業；F208031 醫療器材零售業；F210020 眼鏡零售業；F399040 無店面零售業；F399990 其他綜合零售業；F401010 國際貿易業,臺北市,變更,11504
50765368,台湾全農國際股份有限公司,臺北市中山區德惠街2號,福島義規,5000000,,115/04/10,特殊補正,A102060 糧商業；F101130 蔬果批發業；F101990 其他農、畜、水產品批發業；F102020 食用油脂批發業；F102030 菸酒批發業；F102040 飲料批發業；F102050 茶葉批發業；F102170 食品什貨批發業；F103010 飼料批發業；F201010 農產品零售業,臺北市,變更,11504
50765471,聚絡創意整合行銷有限公司,臺北市信義區忠孝東路4段553巷6弄16號2樓,張英群,1000000,,115/04/20,復業副本,F104110 布疋、衣著、鞋、帽、傘、服飾品批發業；F106020 日常用品批發業；F108040 化粧品批發業；F109070 文教、樂器、育樂用品批發業；F113020 電器批發業；F203010 食品什貨、飲料零售業；F204110 布疋、衣著、鞋、帽、傘、服飾品零售業；F205040 家具、寢具、廚房器具、裝設品零售業；F206010 五金零售業；F209060 文教、樂器、育樂用品零售業,臺北市,變更,11504
50765867,壹壹影業股份有限公司,臺北市中正區仁愛路2段45號4樓,黃郁茹,28882000,,115/04/29,特殊補正,F401010 國際貿易業；I401010 一般廣告服務業；J303010 雜誌（期刊）出版業；J304010 圖書出版業；J305010 有聲出版業；J399990 其他出版業；J401010 電影片製作業；J402010 電影片發行業；J403010 電影片映演業；J404010 動畫影片製作業,臺北市,變更,11504
50766211,欣天河投資有限公司,臺北市松山區敦化南路1段57號3樓之7,林耀文,80000000,,115/04/08,特殊補正,H201010 一般投資業；H703090 不動產買賣業；H703100 不動產租賃業；H701010 住宅及大樓開發租售業；F106010 五金批發業；F107010 漆料、塗料批發業；F111090 建材批發業；F113010 機械批發業；F113990 其他機械器具批發業；CB01010 機械設備製造業,臺北市,變更,11504
50766486,啟迪藝術有限公司,臺北市中正區衡陽路51號10樓之16,Thomas EISNER,500000,,115/04/28,董事/股東地址變更,I503010 景觀、室內設計業；I199990 其他顧問服務業；F601010 智慧財產權業；E603090 照明設備安裝工程業；E801010 室內裝潢業；E801030 室內輕鋼架工程業；ZZ99999 除許可業務外，得經營法令非禁止或限制之業務,臺北市,變更,11504
50766802,新力國際能源有限公司,臺北市中正區漢口街1段85號4樓之4,楊淞壹,15000000,,115/04/21,補繳規費,F213040 精密儀器零售業；F213080 機械器具零售業；F213990 其他機械器具零售業；F401010 國際貿易業；D101060 再生能源自用發電設備業；IG03010 能源技術服務業；ZZ99999 除許可業務外，得經營法令非禁止或限制之業務,臺北市,變更,11504
50767632,台泥雲開綠能股份有限公司,臺北市中山區中山北路2段113號10樓,翁吉良,25000000,,115/04/29,改派董事/監察人,F211010 建材零售業；F213080 機械器具零售業；F601010 智慧財產權業；JA02990 其他修理業；G801010 倉儲業；E603050 自動控制設備工程業；EZ05010 儀器、儀表安裝工程業；F401010 國際貿易業；CC01010 發電、輸電、配電機械製造業；D101060 再生能源自用發電設備業,臺北市,變更,11504
50769569,光翼有限公司,臺北市松山區復興北路191號13樓之1,黃愉淑,500000,,115/04/16,特殊補正,F204110 布疋、衣著、鞋、帽、傘、服飾品零售業；F104110 布疋、衣著、鞋、帽、傘、服飾品批發業；F108040 化粧品批發業；F208040 化粧品零售業；F399040 無店面零售業；ZZ99999 除許可業務外，得經營法令非禁止或限制之業務,臺北市,變更,11504
50772760,美力加生物科技股份有限公司,臺北市內湖區內湖路1段98號5樓,宣昶有,3010000,,115/04/20,公司所在地,C801990 其他化學材料製造業；C802100 化粧品製造業；C802990 其他化學製品製造業；F106020 日常用品批發業；F107200 化學原料批發業；F107990 其他化學製品批發業；F108040 化粧品批發業；F206020 日常用品零售業；F207200 化學原料零售業；F208040 化粧品零售業,臺北市,變更,11504
50772781,覺璽企業有限公司,臺北市松山區南京東路3段287號10樓,簡維誼,6000000,,115/04/14,特殊補正,F108040 化粧品批發業；F199990 其他批發業；F299990 其他零售業；F399040 無店面零售業；F399990 其他綜合零售業；F401010 國際貿易業；I401010 一般廣告服務業；I501010 產品設計業；I199990 其他顧問服務業；F208040 化粧品零售業,臺北市,變更,11504
50773825,台灣夯創業商流資訊有限公司,臺北市大安區忠孝東路4段221號12樓,陳冠廷,2000000,,115/04/30,特殊補正,CC01120 資料儲存媒體製造及複製業；F104110 布疋、衣著、鞋、帽、傘、服飾品批發業；F108040 化粧品批發業；F109070 文教、樂器、育樂用品批發業；F113050 電腦及事務性機器設備批發業；F118010 資訊軟體批發業；F119010 電子材料批發業；F204110 布疋、衣著、鞋、帽、傘、服飾品零售業；F208040 化粧品零售業；F209060 文教、樂器、育樂用品零售業,臺北市,變更,11504
50774057,寶瑄國際事業股份有限公司,臺北市中山區松江路71號4樓,鄭書瑄,10000000,,115/04/30,特殊補正,F102020 食用油脂批發業；F102030 菸酒批發業；F102040 飲料批發業；F102050 茶葉批發業；F102170 食品什貨批發業；F106020 日常用品批發業；F108040 化粧品批發業；F115010 首飾及貴金屬批發業；F115020 礦石批發業；F203010 食品什貨、飲料零售業,臺北市,變更,11504
50774922,黎銘複合材料有限公司,臺北市大同區延平北路1段104號5樓,余曉姮,5500000,,115/04/29,公司所在地,C303010 不織布業；C801030 精密化學材料製造業；C801990 其他化學材料製造業；CA02990 其他金屬製品製造業；CB01010 機械設備製造業；CC01080 電子零組件製造業；CC01990 其他電機及電子機械器材製造業；CD01030 汽車及其零件製造業；CD01040 機車及其零件製造業；CD01060 航空器及其零件製造業,臺北市,變更,11504
50775247,盤古旅館管理顧問有限公司,臺北市中山區長春路22之1號5樓,潘思源,25000000,,115/04/27,補繳規費,H201010 一般投資業；I103060 管理顧問業；J901020 一般旅館業；ZZ99999 除許可業務外，得經營法令非禁止或限制之業務,臺北市,變更,11504
50775605,域誠環保科技股份有限公司,臺北市士林區劍潭路6號12樓之2,俞鴻波,150000000,,115/04/09,特殊補正,C801100 合成樹脂及塑膠製造業；C805010 塑膠皮、布、板、管材製造業；C805020 塑膠膜、袋製造業；C805030 塑膠日用品製造業；C805050 工業用塑膠製品製造業；C805060 塑膠皮製品製造業；C805070 強化塑膠製品製造業；C805990 其他塑膠製品製造業；F106010 五金批發業；F107020 染料、顏料批發業,臺北市,變更,11504
50776673,旭遠盛投資有限公司,臺北市中正區忠孝東路1段83號20樓之2,林子偉,26594264,,115/04/15,特殊補正,H201010 一般投資業；H703090 不動產買賣業；H703100 不動產租賃業；JZ99050 仲介服務業；F401010 國際貿易業；ZZ99999 除許可業務外，得經營法令非禁止或限制之業務,臺北市,變更,11504
50777688,滿拓科技股份有限公司,臺北市中山區林森北路561號9樓之6,蕭文菁,164374008,,115/04/23,特殊補正,F113020 電器批發業；F113050 電腦及事務性機器設備批發業；F118010 資訊軟體批發業；F119010 電子材料批發業；F213030 電腦及事務性機器設備零售業；F219010 電子材料零售業；F401010 國際貿易業；I301010 資訊軟體服務業；CC01060 有線通信機械器材製造業；CC01070 無線通信機械器材製造業,臺北市,變更,11504
50778172,創美者有限公司,臺北市大安區復興南路1段89號4樓,張書瑋,100000,,115/04/01,補繳規費,I102010 一般投資顧問業；I103060 管理顧問業；I199990 其他顧問服務業；I301010 資訊軟體服務業；I301020 資料處理服務業；I301030 電子資訊供應服務業；ZZ99999 除許可業務外，得經營法令非禁止或限制之業務,臺北市,變更,11504
50778270,宇恒國際投資有限公司,臺北市大安區復興南路1段239號6樓,沈以軒,9300000,,115/04/21,股東出資轉讓修正章程,H201010 一般投資業；ZZ99999 除許可業務外，得經營法令非禁止或限制之業務,臺北市,變更,11504
50778407,日日文創股份有限公司,臺北市內湖區內湖路1段388號3樓,葉曉甄,3000000,,115/04/15,改選董事/監察人(一人法人股東指派董事/監察人),I102010 投資顧問業；I103060 管理顧問業；I105010 藝術品諮詢顧問業；I199990 其他顧問服務業；I301020 資料處理服務業；I401010 一般廣告服務業；I501010 產品設計業；I502010 服飾設計業；I599990 其他設計業；IZ04010 翻譯業,臺北市,變更,11504
50781938,一起實驗股份有限公司,臺北市中山區南京東路1段25號9樓,王皓,23300000,,115/04/28,特殊補正,F113050 電腦及事務性機器設備批發業；F113070 電信器材批發業；F118010 資訊軟體批發業；F119010 電子材料批發業；F213010 電器零售業；F213030 電腦及事務性機器設備零售業；F213040 精密儀器零售業；F213060 電信器材零售業；F213110 電池零售業；F219010 電子材料零售業,臺北市,變更,11504
50785006,楠弘國際有限公司,臺北市中正區仁愛路2段98號,蘇振輝,100000000,,115/04/27,特殊補正,I301010 資訊軟體服務業；I301020 資料處理服務業；I301030 電子資訊供應服務業；I501010 產品設計業；I599990 其他設計業；F105050 家具、寢具、廚房器具、裝設品批發業；F106010 五金批發業；F106020 日常用品批發業；F106040 水器材料批發業；F106050 陶瓷玻璃器皿批發業,臺北市,變更,11504
50785075,加福茶業股份有限公司,臺北市中正區衡陽路62號4樓,陳美梅,20000000,,115/04/09,改派董事/監察人,F102050 茶葉批發業；F201010 農產品零售業；F102040 飲料批發業；F203010 食品什貨、飲料零售業；F106050 陶瓷玻璃器皿批發業；F206020 日常用品零售業；F102170 食品什貨批發業；F501030 飲料店業；F401010 國際貿易業；ZZ99999 除許可業務外，得經營法令非禁止或限制之業務,臺北市,變更,11504
50786666,日裕綠能股份有限公司,臺北市士林區德行西路35號5樓,謝源一,36000000,,115/04/14,補繳規費,F401010 國際貿易業；IG03010 能源技術服務業；A301030 水產養殖業；I103060 管理顧問業；I301010 資訊軟體服務業；ZZ99999 除許可業務外，得經營法令非禁止或限制之業務,臺北市,變更,11504
50786743,媽祖興食品股份有限公司,臺北市內湖區內湖路1段98號5樓,宣昶有,5000000,,115/04/13,公司所在地,F102170 食品什貨批發業；F203010 食品什貨、飲料零售業；F401010 國際貿易業；I101090 食品顧問業；ZZ99999 除許可業務外，得經營法令非禁止或限制之業務,臺北市,變更,11504
50786785,台灣瑞翁股份有限公司,臺北市大同區南京西路36號4樓,折田直樹,25000000,,115/04/16,改派董事/監察人,F107170 工業助劑批發業；F107200 化學原料批發業；F119010 電子材料批發業；F207200 化學原料零售業；F401010 國際貿易業；G801010 倉儲業；JZ99050 仲介服務業；I103060 管理顧問業；ZZ99999 除許可業務外，得經營法令非禁止或限制之業務,臺北市,變更,11504
50787285,漢陞投資有限公司,臺北市中山區建國北路1段80號5樓,邱更久,20000000,,115/04/23,增資,H201010 一般投資業；ZZ99999 除許可業務外，得經營法令非禁止或限制之業務,臺北市,變更,11504
50788046,康邁健康管理顧問股份有限公司,臺北市中山區民權東路2段26號3樓之2,蔡銘浩,5280000,,115/04/21,改選董事/監察人(一人法人股東指派董事/監察人),E605010 電腦設備安裝業；EZ05010 儀器、儀表安裝工程業；F101130 蔬果批發業；F102020 食用油脂批發業；F102170 食品什貨批發業；F104110 布疋、衣著、鞋、帽、傘、服飾品批發業；F106020 日常用品批發業；F107030 清潔用品批發業；F108040 化粧品批發業；F113050 電腦及事務性機器設備批發業,臺北市,變更,11504
50789116,美斯特股份有限公司,臺北市大同區承德路3段230號12樓,郭承錠,8800000,,115/04/09,特殊補正,F108040 化粧品批發業；F208040 化粧品零售業；ZZ99999 除許可業務外，得經營法令非禁止或限制之業務,臺北市,變更,11504
50789256,愛比時有限公司,臺北市中正區北平東路16號6樓之3,BENJAMIN NEMAYECHI,199180,,115/04/07,特殊補正,JZ99050 仲介服務業；C102010 乳品製造業；C103050 罐頭、冷凍、脫水及醃漬食品製造業；C104010 糖果製造業；C104020 烘焙炊蒸食品製造業；C109010 調味品製造業；C110010 飲料製造業；C199990 未分類其他食品製造業；C201010 飼料製造業；C802060 動物用藥製造業,臺北市,變更,11504
50790839,日喜綠能股份有限公司,臺北市士林區德行西路35號5樓,謝源一,1044000000,,115/04/14,補繳規費,F401010 國際貿易業；IG03010 能源技術服務業；ZZ99999 除許可業務外，得經營法令非禁止或限制之業務,臺北市,變更,11504
50791627,優活健康生技股份有限公司,臺北市內湖區瑞光路408號10樓之5,郭士賢,26000000,,115/04/16,董事/監察人持股變動報備,F102040 飲料批發業；F102170 食品什貨批發業；F103010 飼料批發業；IG01010 生物技術服務業；F401010 國際貿易業；I301010 資訊軟體服務業；I301020 資料處理服務業；I301030 電子資訊供應服務業；I103060 管理顧問業；I401010 一般廣告服務業,臺北市,變更,11504
50792528,智寶國際開發股份有限公司,臺北市松山區復興北路191號10樓,許利瑋,313371450,,115/04/07,補繳規費,F109070 文教、樂器、育樂用品批發業；F118010 資訊軟體批發業；H201010 一般投資業；F209060 文教、樂器、育樂用品零售業；F218010 資訊軟體零售業；F401010 國際貿易業；F601010 智慧財產權業；I103060 管理顧問業；I401010 一般廣告服務業；I501010 產品設計業,臺北市,變更,11504
50796088,日晶綠能股份有限公司,臺北市士林區德行西路35號5樓,謝源一,2000000,,115/04/16,補繳規費,F401010 國際貿易業；IG03010 能源技術服務業；ZZ99999 除許可業務外，得經營法令非禁止或限制之業務,臺北市,變更,11504
50796094,日菩綠能股份有限公司,臺北市士林區德行西路35號5樓,謝源一,400000,,115/04/13,補繳規費,F401010 國際貿易業；IG03010 能源技術服務業；ZZ99999 除許可業務外，得經營法令非禁止或限制之業務,臺北市,變更,11504
50798804,汐思全球有限公司,臺北市大同區重慶北路2段46巷5號,陳昭宇,1000000,,115/04/28,特殊補正,F102170 食品什貨批發業；F107030 清潔用品批發業；F108040 化粧品批發業；F203010 食品什貨、飲料零售業；F207030 清潔用品零售業；F208040 化粧品零售業；F399040 無店面零售業；F401010 國際貿易業；ZZ99999 除許可業務外，得經營法令非禁止或限制之業務,臺北市,變更,11504
50806993,吉馨國際有限公司,臺北市內湖區環山路2段73號1樓,戴方榆,3600000,,115/04/24,股東出資轉讓修正章程,J701080 水域遊憩活動經營業；J802010 運動訓練業；J801030 競技及休閒運動場館業；J803020 運動比賽業；J701040 休閒活動場館業；F401010 國際貿易業；F109070 文教、樂器、育樂用品批發業；F116010 照相器材批發業；F209060 文教、樂器、育樂用品零售業；F216010 照相器材零售業,臺北市,變更,11504
50826962,鴻運昇有限公司,臺北市中山區民生東路1段72號2樓之2,李泊霆,3100000,,115/04/21,公司所在地,F102050 茶葉批發業；F102170 食品什貨批發業；F104110 布疋、衣著、鞋、帽、傘、服飾品批發業；F106010 五金批發業；F106020 日常用品批發業；F108040 化粧品批發業；F111090 建材批發業；F114010 汽車批發業；F114020 機車批發業；F114030 汽、機車零件配備批發業,臺北市,變更,11504
50840958,源田營造工程有限公司,臺北市內湖區行善路111巷1號7樓之2,董玉雪,5000000,,115/04/23,增資,E101011 綜合營造業；ZZ99999 除許可業務外，得經營法令非禁止或限制之業務；E599010 配管工程業；E601010 電器承裝業；E601020 電器安裝業；E603010 電纜安裝工程業；E603090 照明設備安裝工程業；E603100 電焊工程業；E701010 電信工程業；E701020 衛星電視ＫＵ頻道、Ｃ頻道器材安裝業,臺北市,變更,11504
50846242,雲略國際物流股份有限公司,臺北市松山區南京東路5段230號7樓之8,張道芃,10500000,,115/04/27,公司所營事業變更修正章程,F113030 精密儀器批發業；F118010 資訊軟體批發業；F399040 無店面零售業；F401010 國際貿易業；F601010 智慧財產權業；G799990 其他運輸輔助業；G801010 倉儲業；H703100 不動產租賃業；H703120 自助儲物空間業；I103060 管理顧問業,臺北市,變更,11504
50853572,暐瀚文化傳播有限公司,臺北市中正區杭州南路1段15之1號1樓,黃暐瀚,1000000,,115/04/01,特殊補正,J303010 雜誌（期刊）出版業；J305010 有聲出版業；J601010 藝文服務業；J602010 演藝活動業；JZ99050 仲介服務業；I103060 管理顧問業；I401010 一般廣告服務業；IZ12010 人力派遣業；ZZ99999 除許可業務外，得經營法令非禁止或限制之業務,臺北市,變更,11504
50857681,太妃熊國際開發有限公司,臺北市大安區永康街31之1號,蔡佩霓,500000,,115/04/20,特殊補正,C104020 烘焙炊蒸食品製造業；F102170 食品什貨批發業；F104110 布疋、衣著、鞋、帽、傘、服飾品批發業；F105050 家具、寢具、廚房器具、裝設品批發業；F106010 五金批發業；F119010 電子材料批發業；F203010 食品什貨、飲料零售業；F204110 布疋、衣著、鞋、帽、傘、服飾品零售業；F205040 家具、寢具、廚房器具、裝設品零售業；F206020 日常用品零售業,臺北市,變更,11504
50857900,活力健康有限公司,臺北市中山區復興北路48號3樓,黃筠瑄,2000000,,115/04/02,特殊補正,F108040 化粧品批發業；F208040 化粧品零售業；F208050 乙類成藥零售業；F399040 無店面零售業；F401010 國際貿易業；F108011 中藥批發業；F108021 西藥批發業；F108031 醫療器材批發業；F208011 中藥零售業；F208021 西藥零售業,臺北市,變更,11504
50858252,翔瀚設計股份有限公司,臺北市士林區重慶北路4段258號2樓,戴睿瑜,100000,,115/04/21,特殊補正,I301010 資訊軟體服務業；I301020 資料處理服務業；I401010 一般廣告服務業；I501010 產品設計業；I599990 其他設計業；ZZ99999 除許可業務外，得經營法令非禁止或限制之業務；E599010 配管工程業；E801020 門窗安裝工程業；E801030 室內輕鋼架工程業；E901010 油漆工程業,臺北市,變更,11504
50860171,齊芯有限公司,臺北市中山區南京東路2段101號11樓,李采璂,1000000,,115/04/07,董事/股東地址變更,I101070 農、林、漁、畜牧顧問業；I101090 食品顧問業；I103060 管理顧問業；I199990 其他顧問服務業；F101990 其他農、畜、水產品批發業；F401010 國際貿易業；J304010 圖書出版業；J305010 有聲出版業；ZZ99999 除許可業務外，得經營法令非禁止或限制之業務,臺北市,變更,11504
50861159,聖薇美學有限公司,臺北市中山區長安東路2段162號7樓,周宛嬿,50000,,115/04/20,公司名稱變更修正章程,JZ99080 美容美髮服務業；JZ99990 未分類其他服務業；F204110 布疋、衣著、鞋、帽、傘、服飾品零售業；F206020 日常用品零售業；F207030 清潔用品零售業；F208040 化粧品零售業；F209060 文教、樂器、育樂用品零售業；F215010 首飾及貴金屬零售業；F401010 國際貿易業；I401010 一般廣告服務業,臺北市,變更,11504
50862071,創睿能源股份有限公司,臺北市中山區松江路220號4樓之2,陳膺仁,109000000,,115/04/24,特殊補正,C803990 其他石油及煤製品製造業；CC01010 發電、輸電、配電機械製造業；D101050 汽電共生業；D101060 再生能源自用發電設備業；D401010 熱能供應業；E604010 機械安裝業；E605010 電腦設備安裝業；EZ05010 儀器、儀表安裝工程業；F113010 機械批發業；F113020 電器批發業,臺北市,變更,11504
50864120,信撰股份有限公司,臺北市信義區信義路5段5號2樓,施濟濤,6000000,,115/04/20,公司所在地,F108031 醫療器材批發業；F113030 精密儀器批發業；F208031 醫療器材零售業；F213040 精密儀器零售業；I103060 管理顧問業；J101070 放射性廢料處理服務業；J101050 環境檢測服務業；J101990 其他環境衛生及污染防治服務業；F108021 西藥批發業；F208021 西藥零售業,臺北市,變更,11504
50865009,寵愛國際股份有限公司,臺北市內湖區環山路2段141號1樓,陳蓁,4400000,,115/04/14,特殊補正,I199990 其他顧問服務業；J202010 產業育成業；J304010 圖書出版業；J305010 有聲出版業；J399990 其他出版業；J601010 藝文服務業；I401010 一般廣告服務業；F106060 寵物食品及其用品批發業；F399040 無店面零售業；IZ12010 人力派遣業,臺北市,變更,11504
50865470,禮求有限公司,臺北市信義區基隆路2段22號2樓之3,馮展程,700000,,115/04/09,股東出資轉讓修正章程,F102170 食品什貨批發業；F203010 食品什貨、飲料零售業；F399040 無店面零售業；F401010 國際貿易業；F601010 智慧財產權業；I401010 一般廣告服務業；I301010 資訊軟體服務業；I301020 資料處理服務業；I301030 電子資訊供應服務業；I501010 產品設計業,臺北市,變更,11504
50869217,華冠國際實業股份有限公司,臺北市中正區信義路2段17巷2之1號4樓,曾威廷,5000000,,115/04/30,修正章程,E599010 配管工程業；E601010 電器承裝業；E603010 電纜安裝工程業；E603040 消防安全設備安裝工程業；E603050 自動控制設備工程業；E603080 交通號誌安裝工程業；E603090 照明設備安裝工程業；E801010 室內裝潢業；E801030 室內輕鋼架工程業；E901010 油漆工程業,臺北市,變更,11504
50870609,行健智科股份有限公司,臺北市北投區泉源路11號2樓之1,沈彥君,10010000,,115/04/07,發行新股,F113030 精密儀器批發業；F113050 電腦及事務性機器設備批發業；F118010 資訊軟體批發業；F119010 電子材料批發業；F213030 電腦及事務性機器設備零售業；F213040 精密儀器零售業；F213060 電信器材零售業；F218010 資訊軟體零售業；F219010 電子材料零售業；F401010 國際貿易業,臺北市,變更,11504
50871207,智聯生技股份有限公司,臺北市北投區泉源路11號2樓之1,沈彥君,60010000,,115/04/16,特殊補正,A101020 農作物栽培業；A101030 特用作物栽培業；A101040 食用菌菇類栽培業；A401020 家畜禽飼育業；A401040 畜牧服務業；C801120 人造纖維製造業；C801990 其他化學材料製造業；C802100 化粧品製造業；C802110 化粧品色素製造業；C802990 其他化學製品製造業,臺北市,變更,11504
50872058,原聚創建股份有限公司,臺北市內湖區瑞光路7巷8號3樓之5,張意娟,20000000,,115/04/14,補選董事(常務董事.董事長)/監察人,E801010 室內裝潢業；I503010 景觀、室內設計業；J101010 建築物清潔服務業；JE01010 租賃業；H703100 不動產租賃業；IZ12010 人力派遣業；JZ99050 仲介服務業；F105050 家具、寢具、廚房器具、裝設品批發業；F205040 家具、寢具、廚房器具、裝設品零售業；F106010 五金批發業,臺北市,變更,11504
50873459,輝明投資股份有限公司,臺北市內湖區內湖路1段66號3樓,馮傑,317500000,,115/04/09,特殊補正,H201010 一般投資業；ZZ99999 除許可業務外，得經營法令非禁止或限制之業務,臺北市,變更,11504
50873916,永睿基系統整合股份有限公司,臺北市南港區南港路3段50巷15號3樓,李享洲,30000000,,115/04/22,公司所在地,E601020 電器安裝業；E603050 自動控制設備工程業；E604010 機械安裝業；E605010 電腦設備安裝業；E701010 電信工程業；E701020 衛星電視ＫＵ頻道、Ｃ頻道器材安裝業；E701030 電信管制射頻器材裝設工程業；F113020 電器批發業；F113030 精密儀器批發業；F113050 電腦及事務性機器設備批發業,臺北市,變更,11504
50873964,石石餐飲企業股份有限公司,臺北市松山區敦化北路155巷12號1樓,陳俊豪,3500000,,115/04/28,特殊補正,F101040 家畜家禽批發業；F101050 水產品批發業；F102030 菸酒批發業；F102040 飲料批發業；F102050 茶葉批發業；F102170 食品什貨批發業；F106020 日常用品批發業；F106050 陶瓷玻璃器皿批發業；F201020 畜產品零售業；F201030 水產品零售業,臺北市,變更,11504
50874870,川和發有限公司,臺北市文山區下崙路29之1號2樓,徐勇勤,1000000,,115/04/29,股東出資轉讓修正章程,F113020 電器批發業；F113030 精密儀器批發業；F113050 電腦及事務性機器設備批發業；F113070 電信器材批發業；F113110 電池批發業；F114030 汽、機車零件配備批發業；F119010 電子材料批發業；F213010 電器零售業；F213040 精密儀器零售業；F213030 電腦及事務性機器設備零售業,臺北市,變更,11504
50874909,亞禾室內裝修有限公司,臺北市中山區中山北路2段59巷3弄13號,黃心亞,200000,,115/04/22,公司所在地,E801060 室內裝修業；E801010 室內裝潢業；I503010 景觀、室內設計業；I501010 產品設計業；I401010 一般廣告服務業；I301010 資訊軟體服務業；I301020 資料處理服務業；I301030 電子資訊供應服務業；F105050 家具、寢具、廚房器具、裝設品批發業；F205040 家具、寢具、廚房器具、裝設品零售業,臺北市,變更,11504
50875127,圖夏次國際事業有限公司,臺北市中正區中華路1段7號6樓之8,湯育存,1000000,,115/04/30,公司所營事業變更修正章程,A102060 糧商業；F102030 菸酒批發業；F102040 飲料批發業；F102170 食品什貨批發業；F105050 家具、寢具、廚房器具、裝設品批發業；F106020 日常用品批發業；F106050 陶瓷玻璃器皿批發業；F107030 清潔用品批發業；F107190 塑膠膜、袋批發業；F113020 電器批發業,臺北市,變更,11504
50876104,真美味國際餐飲有限公司,臺北市中山區中山北路2段185號9樓,陳彥名,1000000,,115/04/17,公司所在地,F501060 餐館業；F501990 其他餐飲業；F501030 飲料店業；F102040 飲料批發業；F203010 食品什貨、飲料零售業；F102170 食品什貨批發業；F206020 日常用品零售業；F199990 其他批發業；F299990 其他零售業；F399040 無店面零售業,臺北市,變更,11504
50877048,杉悟有限公司,臺北市信義區松山路421號11樓之4,曹詠峻,1000000,,115/04/09,特殊補正,JZ99030 攝影業；C701010 印刷業；I401010 一般廣告服務業；I501010 產品設計業；I503010 景觀、室內設計業；I504010 花藝設計業；I599990 其他設計業；J601010 藝文服務業；I301010 資訊軟體服務業；IZ13010 網路認證服務業,臺北市,變更,11504
50877271,環德國際醫管顧問股份有限公司,臺北市松山區復興北路167號3樓之1,李易遠,23000000,,115/04/15,補繳規費,H201010 一般投資業；H202010 創業投資業；I102010 投資顧問業；I103060 管理顧問業；I199990 其他顧問服務業；I301010 資訊軟體服務業；I301020 資料處理服務業；I301030 電子資訊供應服務業；IZ04010 翻譯業；IZ12010 人力派遣業,臺北市,變更,11504
50877624,麗銘資產投資有限公司,臺北市信義區市民大道6段312號,吳麗鈴,10000000,,115/04/13,股東出資轉讓修正章程,H701010 住宅及大樓開發租售業；H703090 不動產買賣業；H703100 不動產租賃業；ZZ99999 除許可業務外，得經營法令非禁止或限制之業務,臺北市,變更,11504
50878594,豐頤投資有限公司,臺北市士林區至誠路2段120巷1號1樓,洪志賢,2250000,,115/04/23,特殊補正,I103060 管理顧問業；I301010 資訊軟體服務業；I301020 資料處理服務業；I301030 電子資訊供應服務業；H201010 一般投資業；ZZ99999 除許可業務外，得經營法令非禁止或限制之業務,臺北市,變更,11504
50878779,太登資產管理股份有限公司,臺北市士林區德行西路35號5樓,謝源一,100000,,115/04/13,補繳規費,F401010 國際貿易業；I103060 管理顧問業；IG02010 研究發展服務業；IG03010 能源技術服務業；ZZ99999 除許可業務外，得經營法令非禁止或限制之業務,臺北市,變更,11504
50878813,暫停設計有限公司,臺北市中正區汀州路1段292號4樓,李海嘉,100000,,115/04/17,特殊補正,I401010 一般廣告服務業；I503010 景觀、室內設計業；I599990 其他設計業；E801010 室內裝潢業；E801070 廚具、衛浴設備安裝工程業；F205040 家具、寢具、廚房器具、裝設品零售業；F399040 無店面零售業；J601010 藝文服務業；ZZ99999 除許可業務外，得經營法令非禁止或限制之業務,臺北市,變更,11504
50880374,恆居投資有限公司,臺北市中山區長安東路2段52號3樓,張穎頎,30010000,,115/04/27,特殊補正,F104110 布疋、衣著、鞋、帽、傘、服飾品批發業；F106020 日常用品批發業；F204110 布疋、衣著、鞋、帽、傘、服飾品零售業；F206020 日常用品零售業；F399040 無店面零售業；ZZ99999 除許可業務外，得經營法令非禁止或限制之業務；H703100 不動產租賃業；H201010 一般投資業；H706021 租賃住宅包租業；H706011 租賃住宅代管業,臺北市,變更,11504
50881140,薈豐頤和股份有限公司,臺北市松山區南京東路4段1號11樓,詹于立,3000000,,115/04/20,特殊補正,I103060 管理顧問業；I301010 資訊軟體服務業；I301020 資料處理服務業；I199990 其他顧問服務業；J202010 產業育成業；IZ12010 人力派遣業；J304010 圖書出版業；J399010 軟體出版業；F401010 國際貿易業；I102010 投資顧問業,臺北市,變更,11504
50881937,新邑投資股份有限公司,臺北市中正區忠孝西路1段50號22樓之11,明筑投資股份有限公司,100000000,,115/04/30,改選董事/監察人(一人法人股東指派董事/監察人),H201010 一般投資業；I102010 投資顧問業；I103060 管理顧問業；ZZ99999 除許可業務外，得經營法令非禁止或限制之業務；H701010 住宅及大樓開發租售業；H701020 工業廠房開發租售業；H701050 投資興建公共建設業；H701060 新市鎮、新社區開發業；H701090 都市更新整建維護業；H703090 不動產買賣業,臺北市,變更,11504
50882350,健康亞洲股份有限公司,臺北市中山區渭水路20號4樓,蔡篤堅,67305000,,115/04/23,特殊補正,I103060 管理顧問業；I301010 資訊軟體服務業；I301020 資料處理服務業；IG01010 生物技術服務業；IG02010 研究發展服務業；IZ12010 人力派遣業；F401010 國際貿易業；ZZ99999 除許可業務外，得經營法令非禁止或限制之業務；F102040 飲料批發業；F102170 食品什貨批發業,臺北市,變更,11504
50882725,台灣三井不動產商業管理股份有限公司,臺北市中正區忠孝西路1段66號21樓,久一康洋,30000000,,115/04/16,改選董事/監察人(一人法人股東指派董事/監察人),IZ12010 人力派遣業；I103060 管理顧問業；J202010 產業育成業；IZ09010 管理系統驗證業；F401010 國際貿易業；ZZ99999 除許可業務外，得經營法令非禁止或限制之業務,臺北市,變更,11504
50882751,台灣三井不動產飯店管理股份有限公司,臺北市中正區忠孝西路1段66號21樓,久一康洋,30000000,,115/04/13,分公司經理人變更,F201070 花卉零售業；F102020 食用油脂批發業；F102030 菸酒批發業；F203020 菸酒零售業；F102040 飲料批發業；F102170 食品什貨批發業；F203010 食品什貨、飲料零售業；F105050 家具、寢具、廚房器具、裝設品批發業；F205040 家具、寢具、廚房器具、裝設品零售業；F106020 日常用品批發業,臺北市,變更,11504
50883816,維壹投資股份有限公司,臺北市中山區南京東路2段38號4樓,蘇可欣,20000000,,115/04/14,改選董事/監察人(一人法人股東指派董事/監察人),H201010 一般投資業,臺北市,變更,11504
50883870,瑞研新創有限公司,臺北市內湖區港華街109巷7號2樓,張瑞炎,1000000,,115/04/08,股東出資轉讓修正章程,I301010 資訊軟體服務業；I102010 投資顧問業；I103060 管理顧問業；I199990 其他顧問服務業；I301030 電子資訊供應服務業；I301020 資料處理服務業；I501010 產品設計業；H201010 一般投資業；I401010 一般廣告服務業；CC01110 電腦及其週邊設備製造業,臺北市,變更,11504
50884293,台灣京旺創新國際貿易有限公司,臺北市中山區松江路42號7樓之4,白珈瑄,10000000,,115/04/02,特殊補正,F113010 機械批發業；F113020 電器批發業；F113030 精密儀器批發業；F113050 電腦及事務性機器設備批發業；F113070 電信器材批發業；F113110 電池批發業；F113990 其他機械器具批發業；F116010 照相器材批發業；F118010 資訊軟體批發業；F119010 電子材料批發業,臺北市,變更,11504
50885357,晟俽塗裝有限公司,臺北市大同區承德路1段35號8樓之1,吳泓葰,1000000,,115/04/21,增資,CA04010 表面處理業；E901010 油漆工程業；E903010 防蝕、防銹工程業；F107010 漆料、塗料批發業；ZZ99999 除許可業務外，得經營法令非禁止或限制之業務,臺北市,變更,11504
50885960,敏倢人資整合服務股份有限公司,臺北市大安區忠孝東路4段221號10樓,朱金銘,1000000,,115/04/28,特殊補正,F118010 資訊軟體批發業；F218010 資訊軟體零售業；F601010 智慧財產權業；I103060 管理顧問業；I301010 資訊軟體服務業；I301020 資料處理服務業；I301030 電子資訊供應服務業；I401010 一般廣告服務業；I199990 其他顧問服務業；IZ12010 人力派遣業,臺北市,變更,11504
50886118,圖靈財務顧問股份有限公司,臺北市信義區基隆路1段159號17樓,張堯勇,21000000,,115/04/14,公司所在地,I102010 投資顧問業；I103060 管理顧問業；I301010 資訊軟體服務業；I301020 資料處理服務業；I301030 電子資訊供應服務業；F601010 智慧財產權業；I199990 其他顧問服務業；IZ12010 人力派遣業；ZZ99999 除許可業務外，得經營法令非禁止或限制之業務,臺北市,變更,11504
50890801,雷莉開發有限公司,臺北市北投區承德路7段286號3樓,蘇辛宜,1000000,,115/04/29,特殊補正,F101130 蔬果批發業；F102040 飲料批發業；F102050 茶葉批發業；F102170 食品什貨批發業；F104110 布疋、衣著、鞋、帽、傘、服飾品批發業；F105050 家具、寢具、廚房器具、裝設品批發業；F106020 日常用品批發業；F106030 模具批發業；F106070 祭祀用品批發業；F107010 漆料、塗料批發業,臺北市,變更,11504
50891323,勢必銳航太系統股份有限公司,臺北市南港區忠孝東路6段21號5樓,Penelope Ann Burtt,80000,,115/04/09,特殊補正,F114070 航空器及其零件批發業；I101100 航空顧問業；ZZ99999 除許可業務外，得經營法令非禁止或限制之業務,臺北市,變更,11504
50891554,正誠國際股份有限公司,臺北市中正區南昌路2段81號6樓、6樓之1,蘇奕誠,80000000,,115/04/13,特殊補正,F106020 日常用品批發業；F399990 其他綜合零售業；I103060 管理顧問業；I301010 資訊軟體服務業；I301020 資料處理服務業；I301030 電子資訊供應服務業；I401010 一般廣告服務業；I599990 其他設計業；F401010 國際貿易業；F104110 布疋、衣著、鞋、帽、傘、服飾品批發業,臺北市,變更,11504
50892553,小紅帽國際動畫股份有限公司,臺北市大同區承德路2段215號9樓之2,黃教信,10000000,,115/04/20,特殊補正,I501010 產品設計業；I599990 其他設計業；F109070 文教、樂器、育樂用品批發業；F209060 文教、樂器、育樂用品零售業；F601010 智慧財產權業；J303010 雜誌（期刊）出版業；J304010 圖書出版業；J305010 有聲出版業；F401010 國際貿易業；ZZ99999 除許可業務外，得經營法令非禁止或限制之業務,臺北市,變更,11504
50892771,原白文化股份有限公司,臺北市大安區忠孝東路4段191號14樓之2,林彥,99050000,,115/04/30,特殊補正,C110010 飲料製造業；C199990 未分類其他食品製造業；F101100 花卉批發業；F102030 菸酒批發業；F102040 飲料批發業；F102050 茶葉批發業；F106020 日常用品批發業；F106050 陶瓷玻璃器皿批發業；F201070 花卉零售業；F203010 食品什貨、飲料零售業,臺北市,變更,11504
50893526,阿贊奴干沛有限公司,臺北市信義區基隆路2段135號2樓,,3000000,,115/04/29,經理人解任,F104110 布疋、衣著、鞋、帽、傘、服飾品批發業；F109070 文教、樂器、育樂用品批發業；F115010 首飾及貴金屬批發業；F204110 布疋、衣著、鞋、帽、傘、服飾品零售業；F209060 文教、樂器、育樂用品零售業；F215010 首飾及貴金屬零售業；F399990 其他綜合零售業；F401010 國際貿易業；J601010 藝文服務業；ZZ99999 除許可業務外，得經營法令非禁止或限制之業務,臺北市,變更,11504
50894308,醫乘智慧有限公司,臺北市信義區信義路5段5號5樓,劉天仁,106383905,,115/04/09,特殊補正,F113050 電腦及事務性機器設備批發業；F213030 電腦及事務性機器設備零售業；F118010 資訊軟體批發業；F119010 電子材料批發業；F218010 資訊軟體零售業；I301010 資訊軟體服務業；I301020 資料處理服務業；I301030 電子資訊供應服務業；F601010 智慧財產權業；IG01010 生物技術服務業,臺北市,變更,11504
50894932,康悅徠生醫科技股份有限公司,臺北市中山區林森北路101號10樓,曾宥瑋,10501000,,115/04/30,補繳規費,F102040 飲料批發業；F102050 茶葉批發業；F102170 食品什貨批發業；F104110 布疋、衣著、鞋、帽、傘、服飾品批發業；F106020 日常用品批發業；F107030 清潔用品批發業；F108040 化粧品批發業；F109070 文教、樂器、育樂用品批發業；F121010 食品添加物批發業；F299990 其他零售業,臺北市,變更,11504
50895192,出國租股份有限公司,臺北市大同區南京西路163號2樓之39,黃文祺,2500000,,115/04/08,董事/監察人持股變動報備,F401010 國際貿易業；H701010 住宅及大樓開發租售業；H703100 不動產租賃業；I103060 管理顧問業；I199990 其他顧問服務業；I301010 資訊軟體服務業；I301020 資料處理服務業；I301030 電子資訊供應服務業；I401010 一般廣告服務業；JZ99050 仲介服務業,臺北市,變更,11504
50897585,全景教育股份有限公司,臺北市大安區忠孝東路4段169號7樓之1,吳映慧,20000000,,115/04/22,特殊補正,I103060 管理顧問業；I301010 資訊軟體服務業；I199990 其他顧問服務業,臺北市,變更,11504
50899367,岩寬生醫股份有限公司,臺北市信義區信義路4段415號14樓之2,陳槿唐,7000000,,115/04/27,特殊補正,F106020 日常用品批發業；F107030 清潔用品批發業；F108040 化粧品批發業；F206020 日常用品零售業；F207030 清潔用品零售業；F208040 化粧品零售業；F399040 無店面零售業；F401010 國際貿易業；F102170 食品什貨批發業；F203010 食品什貨、飲料零售業,臺北市,變更,11504
50901639,穩穩信用股份有限公司,臺北市松山區南京東路4段1號4樓,陳訓弘,10680000,,115/04/14,補繳規費,F118010 資訊軟體批發業；F218010 資訊軟體零售業；F601010 智慧財產權業；H202010 創業投資業；HZ02010 金融機構金錢債權收買業務；HZ02020 辦理金融機構金錢債權之評價或拍賣業務；HZ99990 其他金融、保險及不動產業；I102010 投資顧問業；I103060 管理顧問業；I199990 其他顧問服務業,臺北市,變更,11504
50903411,寶金雲國際金融科技股份有限公司,臺北市松山區八德路2段358號6樓之1,許嘉濬,40000000,,115/04/08,特殊補正,CC01120 資料儲存媒體製造及複製業；F113050 電腦及事務性機器設備批發業；F118010 資訊軟體批發業；I301010 資訊軟體服務業；I301030 電子資訊供應服務業；I102010 一般投資顧問業；I103060 管理顧問業；JZ99050 仲介服務業；ZZ99999 除許可業務外，得經營法令非禁止或限制之業務,臺北市,變更,11504
50903989,新時股份有限公司,臺北市中山區復興北路156號3樓,蔡崇華,1000000,,115/04/13,減少所營事業變更修正章程,F109070 文教、樂器、育樂用品批發業；F209060 文教、樂器、育樂用品零售業；I103060 管理顧問業；I199990 其他顧問服務業；I301010 資訊軟體服務業；I301020 資料處理服務業；I301030 電子資訊供應服務業；I401010 一般廣告服務業；I501010 產品設計業；J202010 產業育成業,臺北市,變更,11504
50904586,台灣日東股份有限公司,臺北市中山區松江路223號14樓,明間健二郎,262768200,,115/04/09,董事(常務董事.董事長)/監察人解任,E604010 機械安裝業；F108031 醫療器材批發業；F208031 醫療器材零售業；F401010 國際貿易業；IZ06010 理貨包裝業；JA02010 電器及電子產品修理業；ZZ99999 除許可業務外，得經營法令非禁止或限制之業務,臺北市,變更,11504
50931541,動靜國際貿易有限公司,臺北市大安區復興南路1段352號2樓,黃虹達,1000000,,115/04/22,申登機關變更（遷入，含卷）,F104110 布疋、衣著、鞋、帽、傘、服飾品批發業；F109070 文教、樂器、育樂用品批發業；F110020 眼鏡批發業；F113050 電腦及事務性機器設備批發業；F114020 機車批發業；F116010 照相器材批發業；F204110 布疋、衣著、鞋、帽、傘、服飾品零售業；F208040 化粧品零售業；F209060 文教、樂器、育樂用品零售業；F210020 眼鏡零售業,臺北市,變更,11504
50959054,康運投資有限公司,臺北市中山區復興北路164號4樓,馬義端,6000000,,115/04/20,特殊補正,F401010 國際貿易業；G202010 停車場經營業；H201010 一般投資業；H202010 創業投資業；I102010 投資顧問業；I103060 管理顧問業；I199990 其他顧問服務業；JZ99990 未分類其他服務業；ZZ99999 除許可業務外，得經營法令非禁止或限制之業務,臺北市,變更,11504
50960828,在地物流有限公司,臺北市中山區南京東路3段189號8樓,徐震家,5000000,,115/04/28,減少所營事業變更修正章程,I401010 一般廣告服務業；I501010 產品設計業；I503010 景觀、室內設計業；I599990 其他設計業；F102050 茶葉批發業；F104110 布疋、衣著、鞋、帽、傘、服飾品批發業；F105050 家具、寢具、廚房器具、裝設品批發業；F106020 日常用品批發業；F111090 建材批發業；F113020 電器批發業,臺北市,變更,11504
50968639,澤詵企業有限公司,臺北市中正區忠孝西路1段72號7樓之9,葉卿琳,300000,,115/04/01,特殊補正,F102050 茶葉批發業；F102170 食品什貨批發業；F104110 布疋、衣著、鞋、帽、傘、服飾品批發業；F105050 家具、寢具、廚房器具、裝設品批發業；F106010 五金批發業；F106020 日常用品批發業；F107990 其他化學製品批發業；F109070 文教、樂器、育樂用品批發業；F113020 電器批發業；F201010 農產品零售業,臺北市,變更,11504
50970179,賀加貝有限公司,臺北市萬華區環河南路2段184號,張光堯,7000000,,115/04/14,董事/股東地址變更,F101040 家畜家禽批發業；F101050 水產品批發業；F104110 布疋、衣著、鞋、帽、傘、服飾品批發業；F106010 五金批發業；F201010 農產品零售業；F201020 畜產品零售業；F201030 水產品零售業；F203010 食品什貨、飲料零售業；F204110 布疋、衣著、鞋、帽、傘、服飾品零售業；F401010 國際貿易業,臺北市,變更,11504
50982750,光鈦媒體事業有限公司,臺北市大安區忠孝東路4段320號5樓,莊承儒,10000000,,115/04/23,特殊補正,F113020 電器批發業；F119010 電子材料批發業；CC01040 照明設備製造業；E603090 照明設備安裝工程業；E601010 電器承裝業；E601020 電器安裝業；F106010 五金批發業；F111090 建材批發業；E603040 消防安全設備安裝工程業；E603080 交通號誌安裝工程業,臺北市,變更,11504
50989711,墨荷空間發展有限公司,臺北市文山區育英街89號7樓之1,陳緯綸,1000000,,115/04/23,特殊補正,G405010 貨櫃出租業；G801010 倉儲業；G799990 其他運輸輔助業；IZ12010 人力派遣業；IZ06010 理貨包裝業；JE01010 租賃業；JZ99990 未分類其他服務業；F105050 家具、寢具、廚房器具、裝設品批發業；F401010 國際貿易業；ZZ99999 除許可業務外，得經營法令非禁止或限制之業務,臺北市,變更,11504
51173004,法商法國外貿銀行股份有限公司,臺北市信義區忠孝東路五段68號34樓,邱明億,401000000,,115/04/20,本公司董事及其他負責人變更,H101021 商業銀行業；H301011 證券商,臺北市,變更,11504
51231068,英屬維京群島商卓誠投資有限公司,臺北市大安區大安路一段84巷13號7樓,林頌翰,500000,,115/04/13,在中華民國所營事業減少登記,F301020 超級市場業；F399010 便利商店業；F401010 國際貿易業；F501030 飲料店業；F501050 飲酒店業；F501060 餐館業；F501990 其他餐飲業；H701010 住宅及大樓開發租售業；H701020 工業廠房開發租售業；H701050 投資興建公共建設業,臺北市,變更,11504
51252106,德承投資股份有限公司,臺北市中正區忠孝西路一段80號17樓,張良如,751100000,,115/04/23,補繳規費,H201010 一般投資業；ZZ99999 除許可業務外，得經營法令非禁止或限制之業務,臺北市,變更,11504
52203456,醫創科技股份有限公司,臺北市松山區八德路2段441號9樓,吳宏基,10000000,,115/04/27,特殊補正,I103060 管理顧問業；I301010 資訊軟體服務業；I301020 資料處理服務業；I301030 電子資訊供應服務業；I501010 產品設計業；F113030 精密儀器批發業；F113050 電腦及事務性機器設備批發業；F108031 醫療器材批發業；F118010 資訊軟體批發業；F119010 電子材料批發業,臺北市,變更,11504
52206735,文驊股份有限公司,臺北市大同區承德路3段263號8樓,林志穎,18350000,,115/04/30,增資(資本總額),H201010 一般投資業,臺北市,變更,11504
52218090,全瑩生技股份有限公司,臺北市南港區忠孝東路7段508號17樓之10,張瑞仁,289774010,,115/04/13,特殊補正,C114010 食品添加物製造業；C201010 飼料製造業；C201020 寵物食品製造業；F108040 化粧品批發業；F121010 食品添加物批發業；F203010 食品什貨、飲料零售業；F401010 國際貿易業；F601010 智慧財產權業；I101090 食品顧問業；I103060 管理顧問業,臺北市,變更,11504
52241986,威整合餐飲股份有限公司,臺北市大安區和平東路2段46巷11號2樓,羅威士,1000000,,115/04/01,補繳規費,F203010 食品什貨、飲料零售業；F203020 菸酒零售業；F501030 飲料店業；F501060 餐館業；ZZ99999 除許可業務外，得經營法令非禁止或限制之業務,臺北市,變更,11504
52262074,台灣大昌合眾汽車股份有限公司,臺北市萬華區西藏路352號1樓,黃脩程,305000000,,115/04/30,特殊補正,CD01030 汽車及其零件製造業(限中華民國行業標準分類3010汽車製造業、 3020車體製造業及3030汽車零件製造業)；F112040 石油製品批發業(限中華民國行業標準分類4631石油製品燃料批發業)；F113010 機械批發業(限中華民國行業標準分類4643農用及工業用機械設備批發業)；F113020 電器批發業(限中華民國行業標準分類4561家庭電器批發業)；F113070 電信器材批發業(限中華民國行業標準分類4642電子設備及其零組件批發業)，但不得經營電信事業之核心網路設備(如交換、傳輸設備)之批發；F113990 其他機械器具批發業(限中華民國行業標準分類4649其他機械器具批發業)；F114010 汽車批發業(限中華民國行業標準分類4651汽車批發業)；F114030 汽、機車零件配備批發業(限中華民國行業標準分類4653汽機車零配件、用品批發業)；F114050 車胎批發業(限中華民國行業標準分類4653汽機車零配件、用品批發業)；F114990 其他交通運輸工具及其零件批發業(限中華民國行業標準分類4649其他機械器具批發業),臺北市,變更,11504
52289539,神經元科技股份有限公司,臺北市中正區館前路49號10樓,陳維澄,32245000,,115/04/29,特殊補正,F401010 國際貿易業；I103060 管理顧問業；I199990 其他顧問服務業；I301010 資訊軟體服務業；I301020 資料處理服務業；I301030 電子資訊供應服務業；I501010 產品設計業；IZ15010 市場研究及民意調查業；F399040 無店面零售業；F399990 其他綜合零售業,臺北市,變更,11504
52290297,台欣航太科技有限公司,臺北市內湖區民權東路6段15巷16號2樓之3,吳滬生,56000000,,115/04/15,特殊補正,F114070 航空器及其零件批發業；F113010 機械批發業；F113030 精密儀器批發業；F213040 精密儀器零售業；F113060 度量衡器批發業；F113050 電腦及事務性機器設備批發業；F113070 電信器材批發業；F113090 交通標誌器材批發業；F114030 汽、機車零件配備批發業；F116010 照相器材批發業,臺北市,變更,11504
52309731,羲石科技股份有限公司,臺北市大同區民族西路76巷2弄2號6樓之2,朱頴哲,5500000,,115/04/16,改選董事/監察人(一人法人股東指派董事/監察人),F113050 電腦及事務性機器設備批發業；F119010 電子材料批發業；F208040 化粧品零售業；F213030 電腦及事務性機器設備零售業；F219010 電子材料零售業；F401010 國際貿易業；C802100 化粧品製造業；I102010 投資顧問業；I103060 管理顧問業,臺北市,變更,11504
52314328,芯展電子股份有限公司,臺北市內湖區瑞光路439號8樓,陳駿,111740000,,115/04/30,發行新股,E605010 電腦設備安裝業；F113050 電腦及事務性機器設備批發業；F113070 電信器材批發業；F118010 資訊軟體批發業；F119010 電子材料批發業；F213010 電器零售業；F213030 電腦及事務性機器設備零售業；F213060 電信器材零售業；F218010 資訊軟體零售業；F219010 電子材料零售業,臺北市,變更,11504
52314381,世代戲台股份有限公司,臺北市大同區迪化街1段67號,周奕成,42000000,,115/04/17,公司所營事業變更修正章程,F203010 食品什貨、飲料零售業；F203020 菸酒零售業；F206020 日常用品零售業；F208040 化粧品零售業；F208050 乙類成藥零售業；F209060 文教、樂器、育樂用品零售業；F216010 照相器材零售業；F301010 百貨公司業；F399990 其他綜合零售業；F401010 國際貿易業,臺北市,變更,11504
52314571,得祐投資股份有限公司,臺北市松山區復興北路73號8樓,許漢全,27000000,,115/04/10,特殊補正,H201010 一般投資業,臺北市,變更,11504
52316233,元成資訊有限公司,臺北市大安區忠孝東路4段183號13樓之2,陳彥宏,100000,,115/04/21,公司所在地,J202010 產業育成業；JA02010 電器及電子產品修理業；JE01010 租賃業；I199990 其他顧問服務業；I301010 資訊軟體服務業；I301020 資料處理服務業；I301030 電子資訊供應服務業；I501010 產品設計業；I503010 景觀、室內設計業；ZZ99999 除許可業務外，得經營法令非禁止或限制之業務,臺北市,變更,11504
52325063,耐能智慧股份有限公司,臺北市內湖區南京東路六段386號12樓之1,劉峻誠,757900000,,115/04/07,發行新股,CC01080 電子零組件製造業；I501010 產品設計業；I301010 資訊軟體服務業；F601010 智慧財產權業；ZZ99999 除許可業務外，得經營法令非禁止或限制之業務,臺北市,變更,11504
52330170,台灣惠頂益股份有限公司,臺北市信義區基隆路2段51號14樓,小椋一宏,12500000,,115/04/29,減資,CB01010 機械設備製造業；CC01030 電器及視聽電子產品製造業；CC01110 電腦及其週邊設備製造業；CC01120 資料儲存媒體製造及複製業；E604010 機械安裝業；E605010 電腦設備安裝業；F113010 機械批發業；F113020 電器批發業；F113050 電腦及事務性機器設備批發業；F113990 其他機械器具批發業,臺北市,變更,11504
52332260,紫眼藝術文物有限公司,臺北市南港區南港路2段5號1樓,李常寧,8000000,,115/04/23,公司所在地,F104110 布疋、衣著、鞋、帽、傘、服飾品批發業；F105050 家具、寢具、廚房器具、裝設品批發業；F106010 五金批發業；F106020 日常用品批發業；F109070 文教、樂器、育樂用品批發業；F204110 布疋、衣著、鞋、帽、傘、服飾品零售業；F205040 家具、寢具、廚房器具、裝設品零售業；F206010 五金零售業；F206020 日常用品零售業；F209060 文教、樂器、育樂用品零售業,臺北市,變更,11504
52335457,維美德技術股份有限公司,臺北市信義區基隆路2段51號5樓之6,Tuuna Sampo Pellervo,15000000,,115/04/20,特殊補正,E603050 自動控制設備工程業；E604010 機械安裝業；F113010 機械批發業；F113050 電腦及事務性機器設備批發業；F113990 其他機械器具批發業；F213030 電腦及事務性機器設備零售業；F213080 機械器具零售業；F213990 其他機械器具零售業；F401010 國際貿易業；I199990 其他顧問服務業,臺北市,變更,11504
52340590,一同向上國際股份有限公司,臺北市中山區明水路636號3樓之9,魏群哲,7450000,,115/04/07,董事(常務董事.董事長)/監察人解任,F102040 飲料批發業；F102170 食品什貨批發業；F203010 食品什貨、飲料零售業；F501030 飲料店業；F501060 餐館業；ZZ99999 除許可業務外，得經營法令非禁止或限制之業務,臺北市,變更,11504
52347073,帝倫科技有限公司,臺北市大安區信義路4段210號11樓,陳月彩,6000000,,115/04/17,補繳規費,IG02010 研究發展服務業；I501010 產品設計業；I599990 其他設計業；CC01080 電子零組件製造業；E605010 電腦設備安裝業；F113030 精密儀器批發業；F213040 精密儀器零售業；CC01110 電腦及其週邊設備製造業；F113050 電腦及事務性機器設備批發業；F213030 電腦及事務性機器設備零售業,臺北市,變更,11504
52353172,吐司利亞國際餐飲股份有限公司,臺北市大安區信義路2段200號,唐飛明,204910,,115/04/20,特殊補正,F102030 菸酒批發業；F102040 飲料批發業；F203010 食品什貨、飲料零售業；F203020 菸酒零售業；F401010 國際貿易業；F501030 飲料店業；F501060 餐館業；ZZ99999 除許可業務外，得經營法令非禁止或限制之業務,臺北市,變更,11504
52374205,奈力生醫股份有限公司,臺北市松山區敦化北路170號3樓,詹維康,93849448,,115/04/14,董事(常務董事.董事長)/監察人解任,F401010 國際貿易業；F601010 智慧財產權業；IG01010 生物技術服務業；IG02010 研究發展服務業；ZZ99999 除許可業務外，得經營法令非禁止或限制之業務,臺北市,變更,11504
52383577,未來木科技股份有限公司,臺北市中正區忠孝東路2段100號3樓之5,陳譽心,250000,,115/04/24,特殊補正,F111090 建材批發業；H701010 住宅及大樓開發租售業；H701020 工業廠房開發租售業；H701060 新市鎮、新社區開發業；H703090 不動產買賣業；H703100 不動產租賃業；I503010 景觀、室內設計業；ZZ99999 除許可業務外，得經營法令非禁止或限制之業務,臺北市,變更,11504
52433416,銓勁創新股份有限公司,臺北市中山區中山北路3段26號8樓,楊肇周,40000000,,115/04/27,改選董事/監察人(一人法人股東指派董事/監察人),F102170 食品什貨批發業；F113030 精密儀器批發業；F113060 度量衡器批發業；F118010 資訊軟體批發業；F401010 國際貿易業；F501060 餐館業；F601010 智慧財產權業；I103060 管理顧問業；I199990 其他顧問服務業；I301010 資訊軟體服務業,臺北市,變更,11504
52449873,雲杉科技股份有限公司,臺北市信義區忠孝東路5段510號18樓之1,王兆武,10100000,,115/04/28,補繳規費,I301010 資訊軟體服務業；I301030 電子資訊供應服務業；F401010 國際貿易業；F399040 無店面零售業；JE01010 租賃業；I103060 管理顧問業；I199990 其他顧問服務業；IZ13010 網路認證服務業；ZZ99999 除許可業務外，得經營法令非禁止或限制之業務,臺北市,變更,11504
52460433,琦勝工程股份有限公司,臺北市松山區民生東路3段110巷10號3樓,陳志富,50000000,,115/04/29,董事/監察人持股變動報備,E599010 配管工程業；E601010 電器承裝業；E603010 電纜安裝工程業；E603040 消防安全設備安裝工程業；E603050 自動控制設備工程業；E603090 照明設備安裝工程業；E604010 機械安裝業；E603100 電焊工程業；E801010 室內裝潢業；EZ05010 儀器、儀表安裝工程業,臺北市,變更,11504
52460601,星寶電子科技股份有限公司,臺北市松山區八德路2段358號6樓之1,許榮唐,300000000,,115/04/14,董事(常務董事.董事長)/監察人解任,I102010 投資顧問業；I103060 管理顧問業；I199990 其他顧問服務業；I301010 資訊軟體服務業；I301020 資料處理服務業；I401010 一般廣告服務業；IZ13010 網路認證服務業；F399040 無店面零售業；F399990 其他綜合零售業；F401010 國際貿易業,臺北市,變更,11504
52464775,天宇先進科技有限公司,臺北市大安區忠孝東路3段218號8樓之1,劉雅帝,1000000,,115/04/28,特殊補正,I301010 資訊軟體服務業；I301020 資料處理服務業；I301030 電子資訊供應服務業；IG01010 生物技術服務業；IG02010 研究發展服務業；IG03010 能源技術服務業；IZ12010 人力派遣業；I102010 投資顧問業；I103060 管理顧問業；ZZ99999 除許可業務外，得經營法令非禁止或限制之業務,臺北市,變更,11504
52468982,聖鴻投資股份有限公司,臺北市松山區南京東路5段188號6樓之5,何錦嵩,29000000,,115/04/22,特殊補正,H201010 一般投資業,臺北市,變更,11504
52470447,大拇哥證券投資顧問股份有限公司,臺北市大安區敦化南路2段95號10樓,梁佑任,89532170,,115/04/14,增資(資本總額),H304011 證券投資顧問業；H405011 期貨顧問事業,臺北市,變更,11504
52476152,京城國際建築經理股份有限公司,臺北市松山區敦化北路167號7樓,林俊杰,29000000,,115/04/09,特殊補正,H701010 住宅及大樓開發租售業；H701060 新市鎮、新社區開發業；H701080 都市更新重建業；H702010 建築經理業；H703090 不動產買賣業；H703100 不動產租賃業；I102010 投資顧問業；I103060 管理顧問業；JZ99050 仲介服務業；ZZ99999 除許可業務外，得經營法令非禁止或限制之業務,臺北市,變更,11504
52481079,愛情海國際有限公司,臺北市大安區通化街124號1樓,楊晴,8000000,,115/04/10,公司名稱變更修正章程,F115020 礦石批發業；F215010 首飾及貴金屬零售業；F215020 礦石零售業；F401010 國際貿易業；F113050 電腦及事務性機器設備批發業；F118010 資訊軟體批發業；F119010 電子材料批發業；F113070 電信器材批發業；F218010 資訊軟體零售業；E605010 電腦設備安裝業,臺北市,變更,11504
52485650,友睿投資股份有限公司,臺北市大安區復興南路1段245號13樓,邱垂睿,1000000,,115/04/01,變更組織,H201010 一般投資業,臺北市,變更,11504
52492603,東方龍數位股份有限公司,臺北市南港區南港路3段47巷2號4樓,呂學森,15200000,,115/04/29,董事(常務董事.董事長)/監察人解任,F601010 智慧財產權業；J399010 軟體出版業；F401010 國際貿易業；CC01120 資料儲存媒體製造及複製業；F113050 電腦及事務性機器設備批發業；F118010 資訊軟體批發業；I301010 資訊軟體服務業；I301020 資料處理服務業；I301030 電子資訊供應服務業；I401010 一般廣告服務業,臺北市,變更,11504
52497277,雄心電腦有限公司,臺北市大安區忠孝東路4段295號3樓,蔡政延,10000,,115/04/01,修正章程,I301010 資訊軟體服務業；I301020 資料處理服務業；I301030 電子資訊供應服務業；IZ13010 網路認證服務業；I401010 一般廣告服務業；I199990 其他顧問服務業；ZZ99999 除許可業務外，得經營法令非禁止或限制之業務,臺北市,變更,11504
52506450,瓏德國際事業股份有限公司,臺北市大安區麗水街9巷6號,黃大中,22500000,,115/04/20,董事/監察人地址變更,H201010 一般投資業；ZZ99999 除許可業務外，得經營法令非禁止或限制之業務,臺北市,變更,11504
52520973,台灣荏原食品股份有限公司,臺北市大同區南京西路30號9樓之2,五藤正道,10000000,,115/04/10,特殊補正,ZZ99999 除許可業務外，得經營法令非禁止或限制之業務；F101040 家畜家禽批發業；F101050 水產品批發業；F101990 其他農、畜、水產品批發業；F102170 食品什貨批發業；F199990 其他批發業；F201010 農產品零售業；F201020 畜產品零售業；F201030 水產品零售業；F201990 其他農畜水產品零售業,臺北市,變更,11504
52526202,玩趣倉庫有限公司,臺北市萬華區康定路287巷11號,黃雅怡,8000000,,115/04/15,特殊補正,F203010 食品什貨、飲料零售業；F204110 布疋、衣著、鞋、帽、傘、服飾品零售業；F206020 日常用品零售業；F215010 首飾及貴金屬零售業；F299990 其他零售業；F399990 其他綜合零售業；F401010 國際貿易業；F107080 環境用藥批發業；F207080 環境用藥零售業；ZZ99999 除許可業務外，得經營法令非禁止或限制之業務,臺北市,變更,11504
52532648,開酷科技股份有限公司,臺北市南港區園區街3之2號9樓,劉立國,117125129,,115/04/20,補繳規費,I501010 產品設計業；F119010 電子材料批發業；F401010 國際貿易業；I301010 資訊軟體服務業；F601010 智慧財產權業；ZZ99999 除許可業務外，得經營法令非禁止或限制之業務,臺北市,變更,11504
52533772,烏來雲仙樂園股份有限公司,臺北市大同區西寧北路72號4樓,朱鴻達,1000000,,115/04/30,改選董事/監察人(一人法人股東指派董事/監察人),F105050 家具、寢具、廚房器具、裝設品批發業；F205040 家具、寢具、廚房器具、裝設品零售業；F401010 國際貿易業；I503010 景觀、室內設計業；J701020 遊樂園業；J701040 休閒活動場館業；J701080 水域遊憩活動經營業；J901020 一般旅館業；G799990 其他運輸輔助業；ZZ99999 除許可業務外，得經營法令非禁止或限制之業務,臺北市,變更,11504
52537186,風格創意股份有限公司,臺北市中山區南京東路1段86號5樓,大塚一馬,1500000,,115/04/10,特殊補正,F102040 飲料批發業；F102170 食品什貨批發業；F104110 布疋、衣著、鞋、帽、傘、服飾品批發業；F105050 家具、寢具、廚房器具、裝設品批發業；F203010 食品什貨、飲料零售業；F204110 布疋、衣著、鞋、帽、傘、服飾品零售業；F205040 家具、寢具、廚房器具、裝設品零售業；F399040 無店面零售業；F399990 其他綜合零售業；F401010 國際貿易業,臺北市,變更,11504
52537469,三石天合國際股份有限公司,臺北市內湖區洲子街83號,陳漢銓,29000000,,115/04/16,特殊補正,F102030 菸酒批發業；F102040 飲料批發業；F102170 食品什貨批發業；F106010 五金批發業；F106020 日常用品批發業；F108040 化粧品批發業；F201010 農產品零售業；F203010 食品什貨、飲料零售業；F203020 菸酒零售業；F206010 五金零售業,臺北市,變更,11504
52539733,艾爾卓股份有限公司,臺北市大安區忠孝東路4段169號11樓之4,涂允中,400000,,115/04/24,補繳規費,J202010 產業育成業；J304010 圖書出版業；J399010 軟體出版業；J399990 其他出版業；J601010 藝文服務業；JB01010 會議及展覽服務業；JZ99050 仲介服務業；I199990 其他顧問服務業；I301010 資訊軟體服務業；I301020 資料處理服務業,臺北市,變更,11504
52546848,大嘉投資有限公司,臺北市中正區八德路1段23號3樓之1,葛緣信,200000000,,115/04/01,增資,H201010 一般投資業；H701010 住宅及大樓開發租售業；H703090 不動產買賣業；H703100 不動產租賃業；ZZ99999 除許可業務外，得經營法令非禁止或限制之業務；I401010 一般廣告服務業；J503020 電視節目製作業；J503030 廣播電視節目發行業；J503040 廣播電視廣告業；J601010 藝文服務業,臺北市,變更,11504
52549578,聯崴生技股份有限公司,臺北市松山區光復北路82號6樓,林憲宏,46612000,,115/04/07,特殊補正,I103060 管理顧問業；I301020 資料處理服務業；IZ12010 人力派遣業；F113030 精密儀器批發業；JE01010 租賃業；F213040 精密儀器零售業；F208031 醫療器材零售業；IZ99990 其他工商服務業；F401010 國際貿易業；I301010 資訊軟體服務業,臺北市,變更,11504
52550032,德睿旭科技有限公司,臺北市大安區忠孝東路4段183號13樓之2,廖珮瑜,320000000,,115/04/20,公司所在地,CB01010 機械設備製造業；CB01990 其他機械製造業；CC01010 發電、輸電、配電機械製造業；CC01990 其他電機及電子機械器材製造業；D101040 非屬公用之發電業；D101050 汽電共生業；D101060 再生能源自用發電設備業；D401010 熱能供應業；E601010 電器承裝業；E603050 自動控制設備工程業,臺北市,變更,11504
52554620,可立可股份有限公司,臺北市松山區南京東路3段287號11樓,郭杰穎,30000000,,115/04/30,公司所在地,F113020 電器批發業；F113050 電腦及事務性機器設備批發業；F213030 電腦及事務性機器設備零售業；F213060 電信器材零售業；F119010 電子材料批發業；F219010 電子材料零售業；F118010 資訊軟體批發業；F218010 資訊軟體零售業；F399040 無店面零售業；F401010 國際貿易業,臺北市,變更,11504
52558956,君健國際股份有限公司,臺北市內湖區行愛路53號5樓,陳紀丞,1000000,,115/04/08,特殊補正,E605010 電腦設備安裝業；F113020 電器批發業；F113030 精密儀器批發業；F113050 電腦及事務性機器設備批發業；F119010 電子材料批發業；F401010 國際貿易業；ZZ99999 除許可業務外，得經營法令非禁止或限制之業務,臺北市,變更,11504
52566421,長虹國際顧問股份有限公司,臺北市信義區華陰街99號2樓,蔣婷婷,5000000,,115/04/23,特殊補正,F101990 其他農、畜、水產品批發業；F103010 飼料批發業；F104110 布疋、衣著、鞋、帽、傘、服飾品批發業；F106010 五金批發業；F106020 日常用品批發業；F106040 水器材料批發業；F106060 寵物食品及其用品批發業；F207030 清潔用品零售業；F208040 化粧品零售業；F221010 食品添加物零售業,臺北市,變更,11504
52571727,典美營造股份有限公司,臺北市內湖區內湖路1段512號3樓,徐月萍,66000000,,115/04/09,特殊補正,,臺北市,變更,11504
52575408,勝帷股份有限公司,臺北市內湖區民權東路6段296巷121號地下1層之1,顏必先,400000,,115/04/13,特殊補正,F102030 菸酒批發業；F102170 食品什貨批發業；F401010 國際貿易業；F203010 食品什貨、飲料零售業；F203020 菸酒零售業；F401171 酒類輸入業；ZZ99999 除許可業務外，得經營法令非禁止或限制之業務,臺北市,變更,11504
52577428,信任房屋股份有限公司,臺北市大安區和平東路2段203號12樓之1,楊良堅,100000,,115/04/16,改選董事/監察人(一人法人股東指派董事/監察人),H703090 不動產買賣業；H703100 不動產租賃業；I401010 一般廣告服務業；I401020 廣告傳單分送業；I501010 產品設計業；I503010 景觀、室內設計業；H701010 住宅及大樓開發租售業；H701020 工業廠房開發租售業；H701040 特定專業區開發業；H701050 投資興建公共建設業,臺北市,變更,11504
52586307,昱喆有限公司,臺北市大同區承德路1段46號3樓,林淑娟,1500000,,115/04/29,股東出資轉讓修正章程,F108031 醫療器材批發業；F208031 醫療器材零售業；F208050 乙類成藥零售業；IG01010 生物技術服務業；F401010 國際貿易業,臺北市,變更,11504
52589590,灝暘有限公司,臺北市大安區和平東路2段90巷2號9樓之6,朱浩文,2000000,,115/04/02,補繳規費,F106010 五金批發業；F106040 水器材料批發業；F109070 文教、樂器、育樂用品批發業；F113010 機械批發業；F113020 電器批發業；F113030 精密儀器批發業；F113050 電腦及事務性機器設備批發業；F113070 電信器材批發業；F113100 污染防治設備批發業；A301040 娛樂漁業,臺北市,變更,11504
52592027,羅伯特司汀國際企業有限公司,臺北市大安區忠孝東路4段183號13樓之2,黃啟原,1000000,,115/04/02,公司所在地,F104110 布疋、衣著、鞋、帽、傘、服飾品批發業；F108040 化粧品批發業；F113010 機械批發業；F113020 電器批發業；F113030 精密儀器批發業；F113050 電腦及事務性機器設備批發業；F113070 電信器材批發業；F113110 電池批發業；F116010 照相器材批發業；F118010 資訊軟體批發業,臺北市,變更,11504
52595426,明山創意股份有限公司,臺北市中山區南京東路2段53號9樓,Benjamin Cheng,15000000,,115/04/22,改選董事/監察人(一人法人股東指派董事/監察人),F106020 日常用品批發業；F401010 國際貿易業；I501010 產品設計業；JZ99050 仲介服務業；ZZ99999 除許可業務外，得經營法令非禁止或限制之業務；H703090 不動產買賣業；H703100 不動產租賃業；G403010 船舶出租業,臺北市,變更,11504
52597114,外外有限公司,臺北市中正區漢口街1段110號4樓之3,陳思婷,2000000,,115/04/02,特殊補正,F102040 飲料批發業；F102050 茶葉批發業；F102170 食品什貨批發業；F104110 布疋、衣著、鞋、帽、傘、服飾品批發業；F105050 家具、寢具、廚房器具、裝設品批發業；F106020 日常用品批發業；F108040 化粧品批發業；F109070 文教、樂器、育樂用品批發業；F115010 首飾及貴金屬批發業；F203010 食品什貨、飲料零售業,臺北市,變更,11504
52605114,月滿有限公司,臺北市大安區忠孝東路4段162號9樓之1,李樂鈴,500000,,115/04/08,股東出資轉讓修正章程,F102170 食品什貨批發業；F104110 布疋、衣著、鞋、帽、傘、服飾品批發業；F106050 陶瓷玻璃器皿批發業；F108040 化粧品批發業；F109070 文教、樂器、育樂用品批發業；F110010 鐘錶批發業；F113020 電器批發業；F113030 精密儀器批發業；F115010 首飾及貴金屬批發業；F115020 礦石批發業,臺北市,變更,11504
52608409,億元資本股份有限公司,臺北市信義區東興路49號11樓,蔡涵任,10000000,,115/04/07,特殊補正,F102170 食品什貨批發業；F203010 食品什貨、飲料零售業；F102040 飲料批發業；F206020 日常用品零售業；F207030 清潔用品零售業；F205040 家具、寢具、廚房器具、裝設品零售業；F299990 其他零售業；H201010 一般投資業；I301010 資訊軟體服務業；I301020 資料處理服務業,臺北市,變更,11504
52609717,穀果國際股份有限公司,臺北市中正區羅斯福路3段138號3樓之1,曾隱舜,24380000,,115/04/01,發行新股,A102080 園藝服務業；A201010 造林業；F101100 花卉批發業；F102040 飲料批發業；F102170 食品什貨批發業；F106010 五金批發業；F106020 日常用品批發業；F107050 肥料批發業；F111090 建材批發業；F113050 電腦及事務性機器設備批發業,臺北市,變更,11504
52610685,南僑油脂事業股份有限公司,臺北市中山區建國北路1段21號5樓,李勘文,411731270,,115/04/20,改選董事/監察人(一人法人股東指派董事/監察人),C102010 乳品製造業；C103050 罐頭、冷凍、脫水及醃漬食品製造業；C104020 烘焙炊蒸食品製造業；C105010 食用油脂製造業；C199010 麵條、粉條類食品製造業；C801010 基本化學工業；C801990 其他化學材料製造業；C802120 工業助劑製造業；CZ99990 未分類其他工業製品製造業；F102020 食用油脂批發業,臺北市,變更,11504
52612847,人才邦有限公司,臺北市大安區忠孝東路4段169號12樓之1,洪偉騰,2500000,,115/04/08,特殊補正,I301010 資訊軟體服務業；I301020 資料處理服務業；I301030 電子資訊供應服務業；I103060 管理顧問業；I199990 其他顧問服務業；J202010 產業育成業；ZZ99999 除許可業務外，得經營法令非禁止或限制之業務,臺北市,變更,11504
52613156,台灣明治食品股份有限公司,臺北市松山區八德路4段760號4樓之1,泉猛,27624310,,115/04/27,特殊補正,C102010 乳品製造業；C103050 罐頭、冷凍、脫水及醃漬食品製造業；C104010 糖果製造業；C104020 烘焙炊蒸食品製造業；C106010 製粉業；C110010 飲料製造業；C199020 食用冰製造業；C199990 未分類其他食品製造業；C201010 飼料製造業；C802060 動物用藥製造業,臺北市,變更,11504
52615149,冠誼電子股份有限公司,臺北市內湖區內湖路1段66號10樓,馬怡群,12500000,,115/04/15,董事/監察人持股變動報備,F118010 資訊軟體批發業；F119010 電子材料批發業；F218010 資訊軟體零售業；F219010 電子材料零售業；F401010 國際貿易業；I103060 管理顧問業；I199990 其他顧問服務業；I301010 資訊軟體服務業；I301020 資料處理服務業；I301030 電子資訊供應服務業,臺北市,變更,11504
52621439,新創鑫移動科技股份有限公司,臺北市松山區敦化北路168號7樓,林群盛,189892765,,115/04/16,特殊補正,F113050 電腦及事務性機器設備批發業；F113070 電信器材批發業；F113990 其他機械器具批發業；F114010 汽車批發業；F114030 汽、機車零件配備批發業；F118010 資訊軟體批發業；F119010 電子材料批發業；F213030 電腦及事務性機器設備零售業；F213990 其他機械器具零售業；F214010 汽車零售業,臺北市,變更,11504
52630198,相信創意廣告有限公司,臺北市信義區忠孝東路5段508號22樓,張祐誠,500000,,115/04/10,公司所在地,I401010 一般廣告服務業；I501010 產品設計業；I599990 其他設計業；F102170 食品什貨批發業；F121010 食品添加物批發業；F221010 食品添加物零售業；F203010 食品什貨、飲料零售業；F108040 化粧品批發業；F208040 化粧品零售業；F104110 布疋、衣著、鞋、帽、傘、服飾品批發業,臺北市,變更,11504
52633717,韓灣旅行社有限公司,臺北市中山區長安東路2段169之6號3樓,彭朝營,6000000,,115/04/01,股東出資轉讓修正章程,J902011 旅行業,臺北市,變更,11504
52635052,東方文物藝術拍賣有限公司,臺北市南港區南港路2段5號1樓,王倪,7000000,,115/04/14,公司所在地,F104110 布疋、衣著、鞋、帽、傘、服飾品批發業；F105050 家具、寢具、廚房器具、裝設品批發業；F106010 五金批發業；F106020 日常用品批發業；F109070 文教、樂器、育樂用品批發業；F204110 布疋、衣著、鞋、帽、傘、服飾品零售業；F205040 家具、寢具、廚房器具、裝設品零售業；F206010 五金零售業；F206020 日常用品零售業；F209060 文教、樂器、育樂用品零售業,臺北市,變更,11504
52635187,瑞秋國際有限公司,臺北市大安區忠孝東路4段183號13樓之2,鄧淑方,200000,,115/04/09,公司所在地,F102020 食用油脂批發業；F102030 菸酒批發業；F102040 飲料批發業；F102170 食品什貨批發業；F104110 布疋、衣著、鞋、帽、傘、服飾品批發業；F105050 家具、寢具、廚房器具、裝設品批發業；F106020 日常用品批發業；F106050 陶瓷玻璃器皿批發業；F106060 寵物食品及其用品批發業；F108040 化粧品批發業,臺北市,變更,11504
52638826,杜浦數位安全股份有限公司,臺北市松山區光復北路11巷46號15樓,蔡松廷,79835520,,115/04/28,特殊補正,E605010 電腦設備安裝業；F118010 資訊軟體批發業；F213030 電腦及事務性機器設備零售業；F218010 資訊軟體零售業；F399040 無店面零售業；F401010 國際貿易業；F601010 智慧財產權業；I103060 管理顧問業；I301010 資訊軟體服務業；I301020 資料處理服務業,臺北市,變更,11504
52645397,萬應白花油投資有限公司,臺北市中山區南京東路1段15號3樓,顏如禧,16000000,,115/04/23,特殊補正,F112040 石油製品批發業；F212050 石油製品零售業；H201010 一般投資業；ZZ99999 除許可業務外，得經營法令非禁止或限制之業務；F108040 化粧品批發業；F106020 日常用品批發業；F107030 清潔用品批發業；F401010 國際貿易業；F108011 中藥批發業；F108021 西藥批發業,臺北市,變更,11504
52648063,合流科技股份有限公司,臺北市內湖區潭美街535號10樓,黃啟誠,20000000,,115/04/09,特殊補正,C701010 印刷業；C702010 製版業；C703010 印刷品裝訂及加工業；E605010 電腦設備安裝業；F113050 電腦及事務性機器設備批發業；F118010 資訊軟體批發業；F218010 資訊軟體零售業；F399040 無店面零售業；F401010 國際貿易業；F601010 智慧財產權業,臺北市,變更,11504
52651539,富智人工智慧股份有限公司,臺北市松山區南京東路4段130號2樓之1,陳逸,1000000,,115/04/07,改選董事/監察人(一人法人股東指派董事/監察人),I301010 資訊軟體服務業；I301020 資料處理服務業；I301030 電子資訊供應服務業；I401010 一般廣告服務業；CC01120 資料儲存媒體製造及複製業；F399040 無店面零售業；ZZ99999 除許可業務外，得經營法令非禁止或限制之業務；F113050 電腦及事務性機器設備批發業；F118010 資訊軟體批發業；F109070 文教、樂器、育樂用品批發業,臺北市,變更,11504
52652050,柏富晶實業股份有限公司,臺北市中山區民權東路2段46號9樓之2,許健雄,5000000,,115/04/09,特殊補正,I102010 一般投資顧問業；I103060 管理顧問業；I301020 資料處理服務業；I401010 一般廣告服務業；F102170 食品什貨批發業；F106010 五金批發業；F106020 日常用品批發業；F113020 電器批發業；F203010 食品什貨、飲料零售業；F206010 五金零售業,臺北市,變更,11504
52657718,國賓繽紛烘焙股份有限公司,臺北市中山區中山北路2段65巷4號,李元琦,10000000,,115/04/20,補繳規費,C104010 糖果製造業；C104020 烘焙炊蒸食品製造業；F102170 食品什貨批發業；F203010 食品什貨、飲料零售業；F399040 無店面零售業；F501030 飲料店業；F501050 飲酒店業；F501060 餐館業；ZZ99999 除許可業務外，得經營法令非禁止或限制之業務,臺北市,變更,11504
52673941,宇恒企管顧問有限公司,臺北市大安區復興南路1段239號6樓,沈以軒,10000000,,115/04/21,股東出資轉讓修正章程,F399040 無店面零售業；I103060 管理顧問業；I199990 其他顧問服務業；J202010 產業育成業；J304010 圖書出版業；ZZ99999 除許可業務外，得經營法令非禁止或限制之業務,臺北市,變更,11504
52678354,鉮創有限公司,臺北市松山區光復北路11巷44號2樓,陳姿璇,6000000,,115/04/09,公司名稱變更修正章程,F104110 布疋、衣著、鞋、帽、傘、服飾品批發業；F105050 家具、寢具、廚房器具、裝設品批發業；F106010 五金批發業；F106020 日常用品批發業；F109070 文教、樂器、育樂用品批發業；F114040 自行車及其零件批發業；F204110 布疋、衣著、鞋、帽、傘、服飾品零售業；F205040 家具、寢具、廚房器具、裝設品零售業；F206010 五金零售業；F206020 日常用品零售業,臺北市,變更,11504
52680268,品豐投資管理顧問有限公司,臺北市士林區承德路4段188號3樓,陳威伶,2000000,,115/04/24,特殊補正,H701010 住宅及大樓開發租售業；H701020 工業廠房開發租售業；H701050 投資興建公共建設業；H701060 新市鎮、新社區開發業；H701070 區段徵收及市地重劃代辦業；H701090 都市更新整建維護業；H703090 不動產買賣業；H703100 不動產租賃業；F111090 建材批發業；F113010 機械批發業,臺北市,變更,11504
52680984,明星設計創意製作有限公司,臺北市松山區民生東路4段71之1號2樓,陳明昶,2000000,,115/04/30,公司所在地,E801010 室內裝潢業；E801030 室內輕鋼架工程業；E801040 玻璃安裝工程業；E901010 油漆工程業；F106010 五金批發業；F106020 日常用品批發業；F106040 水器材料批發業；F107010 漆料、塗料批發業；F111090 建材批發業；F399040 無店面零售業,臺北市,變更,11504
52682580,恆聚科技有限公司,臺北市松山區長春路343號地下,黃友駿,5000000,,115/04/27,特殊補正,I301010 資訊軟體服務業；I301020 資料處理服務業；I301030 電子資訊供應服務業；F118010 資訊軟體批發業；F218010 資訊軟體零售業；IZ12010 人力派遣業；I103060 管理顧問業；F113050 電腦及事務性機器設備批發業；F401010 國際貿易業；ZZ99999 除許可業務外，得經營法令非禁止或限制之業務,臺北市,變更,11504
52689248,寬流有限公司,臺北市大安區忠孝東路4段183號13樓之2,黃軍富,400000,,115/04/08,公司所在地,F109070 文教、樂器、育樂用品批發業；F209060 文教、樂器、育樂用品零售業；F401010 國際貿易業；I103060 管理顧問業；I199990 其他顧問服務業；I301010 資訊軟體服務業；IZ99990 其他工商服務業；ZZ99999 除許可業務外，得經營法令非禁止或限制之業務,臺北市,變更,11504
52694586,力冠實業有限公司,臺北市大同區重慶北路3段205巷45號4樓,紀宗良,500000,,115/04/09,股東出資轉讓修正章程,F213010 電器零售業；F209060 文教、樂器、育樂用品零售業；F399040 無店面零售業；F401010 國際貿易業；JB01010 會議及展覽服務業；F203010 食品什貨、飲料零售業；F204110 布疋、衣著、鞋、帽、傘、服飾品零售業；F206020 日常用品零售業,臺北市,變更,11504
52696156,樂野食小吃有限公司,臺北市萬華區武昌街2段37號5樓,韓寧憲,5000000,,115/04/24,增資,F102020 食用油脂批發業；F102030 菸酒批發業；F102040 飲料批發業；F102050 茶葉批發業；F102170 食品什貨批發業；F203010 食品什貨、飲料零售業；F203020 菸酒零售業；F399040 無店面零售業；F401010 國際貿易業；F501030 飲料店業,臺北市,變更,11504
52704228,峰儀科技股份有限公司,臺北市中山區松江路162號5樓,郭紹儀,150150000,,115/04/27,改選董事/監察人(一人法人股東指派董事/監察人),CC01060 有線通信機械器材製造業；CC01070 無線通信機械器材製造業；CC01080 電子零組件製造業；CC01110 電腦及其週邊設備製造業；CC01120 資料儲存媒體製造及複製業；E601010 電器承裝業；E603050 自動控制設備工程業；E603090 照明設備安裝工程業；E701030 電信管制射頻器材裝設工程業；EZ05010 儀器、儀表安裝工程業,臺北市,變更,11504
52709526,森好有限公司,臺北市內湖區康樂街72巷17弄31號2樓之2,李怡慧,2000000,,115/04/02,負責人印鑑變更,J301010 報紙業；J302010 通訊稿業；J303010 雜誌（期刊）出版業；J304010 圖書出版業；J305010 有聲出版業；J399010 軟體出版業；J399990 其他出版業；J401010 電影片製作業；J402010 電影片發行業；J403010 電影片映演業,臺北市,變更,11504
52710447,立如投資有限公司,臺北市中正區杭州北路26號12樓之1,楊立偉,1000000,,115/04/09,特殊補正,H201010 一般投資業,臺北市,變更,11504
52714942,鎂德墨斯有限公司,臺北市松山區敦化南路1段7號5樓,曾凡語,5000000,,115/04/30,公司所在地,F106010 五金批發業；F206010 五金零售業；F119010 電子材料批發業；F219010 電子材料零售業；F111090 建材批發業；F211010 建材零售業；F113050 電腦及事務性機器設備批發業；F213030 電腦及事務性機器設備零售業；F199990 其他批發業；F299990 其他零售業,臺北市,變更,11504
52715750,百里亭股份有限公司,臺北市大同區承德路3段24巷28號1樓,蘇峯義,10000000,,115/04/14,改選董事/監察人(一人法人股東指派董事/監察人),G202010 停車場經營業；H701010 住宅及大樓開發租售業；H701020 工業廠房開發租售業；H701050 投資興建公共建設業；H701060 新市鎮、新社區開發業；H701090 都市更新整建維護業；H703090 不動產買賣業；H703100 不動產租賃業；I102010 投資顧問業；I103060 管理顧問業,臺北市,變更,11504
52720515,弎印設計股份有限公司,臺北市內湖區內湖路1段91巷23弄3號3樓,蔡秉育,5000000,,115/04/28,特殊補正,CQ01010 模具製造業；CH01040 玩具製造業；CN01010 家具及裝設品製造業；CC01110 電腦及其週邊設備製造業；C701010 印刷業；C702010 製版業；C801990 其他化學材料製造業；C804990 其他橡膠製品製造業；C805030 塑膠日用品製造業；C805060 塑膠皮製品製造業,臺北市,變更,11504
52720590,瑪莎數位網際有限公司,臺北市大安區羅斯福路3段37號5樓,舒雨凡,3500000,,115/04/30,特殊補正,E605010 電腦設備安裝業；F113050 電腦及事務性機器設備批發業；F118010 資訊軟體批發業；F401010 國際貿易業；F601010 智慧財產權業；I103060 管理顧問業；I301010 資訊軟體服務業；I301020 資料處理服務業；I301030 電子資訊供應服務業；I401010 一般廣告服務業,臺北市,變更,11504
52724759,月誠股份有限公司,臺北市大安區復興南路1段126巷1號2樓之16,李靜玫,6500000,,115/04/23,公司所在地,F105050 家具、寢具、廚房器具、裝設品批發業；F111090 建材批發業；F205040 家具、寢具、廚房器具、裝設品零售業；F211010 建材零售業；F299990 其他零售業；F399040 無店面零售業；F401010 國際貿易業；E801010 室內裝潢業；H701010 住宅及大樓開發租售業；H701020 工業廠房開發租售業,臺北市,變更,11504
52726953,雲鼎國際整合有限公司,臺北市大安區忠孝東路4段290號10樓,謝炎玲,5000000,,115/04/29,補繳規費,ZZ99999 除許可業務外，得經營法令非禁止或限制之業務；CC01080 電子零組件製造業；CC01120 資料儲存媒體製造及複製業；E605010 電腦設備安裝業；F109070 文教、樂器、育樂用品批發業；F113050 電腦及事務性機器設備批發業；F113990 其他機械器具批發業；F118010 資訊軟體批發業；F203010 食品什貨、飲料零售業；F209060 文教、樂器、育樂用品零售業,臺北市,變更,11504
52753043,台灣穩進聯合股份有限公司,臺北市大安區敦化南路1段192號11樓之6,鄭泱,2000000,,115/04/21,特殊補正,F108040 化粧品批發業；F113010 機械批發業；F208040 化粧品零售業；F213080 機械器具零售業；F401010 國際貿易業；F108031 醫療器材批發業；F208031 醫療器材零售業；F102040 飲料批發業；F102170 食品什貨批發業；F108021 西藥批發業,臺北市,變更,11504
52784616,實儀科技有限公司,臺北市松山區基隆路1段8號13樓,朱晏紅,4000000,,115/04/07,補繳規費,I501010 產品設計業；IG03010 能源技術服務業；CB01010 機械設備製造業；CB01990 其他機械製造業；CC01030 電器及視聽電子產品製造業；CC01080 電子零組件製造業；CC01110 電腦及其週邊設備製造業；CC01990 其他電機及電子機械器材製造業；F401010 國際貿易業；J202010 產業育成業,臺北市,變更,11504
52796970,三維人股份有限公司,臺北市大安區忠孝東路4段183號13樓之2,余嘉淵,30000000,,115/04/20,公司所在地,E603050 自動控制設備工程業；E605010 電腦設備安裝業；EZ05010 儀器、儀表安裝工程業；F113020 電器批發業；F113030 精密儀器批發業；F113050 電腦及事務性機器設備批發業；F118010 資訊軟體批發業；F119010 電子材料批發業；F213010 電器零售業；F213030 電腦及事務性機器設備零售業,臺北市,變更,11504
52799857,街口電子支付股份有限公司,臺北市松山區長安東路二段225號7樓、8樓,梅驊,500000000,,115/04/23,改選董事/監察人(一人法人股東指派董事/監察人),HZ06011 電子支付業,臺北市,變更,11504
52804057,茗洋投資股份有限公司,臺北市大安區和平東路1段185號9樓之6,邱孝賢,500000,,115/04/17,改選董事/監察人(一人法人股東指派董事/監察人),H201010 一般投資業；ZZ99999 除許可業務外，得經營法令非禁止或限制之業務,臺北市,變更,11504
52805154,合通企業股份有限公司,臺北市大安區敦化南路2段105號22樓,張維正,200000000,,115/04/01,發行新股,A102080 園藝服務業；C801030 精密化學材料製造業；C901020 玻璃及玻璃製品製造業；CC01080 電子零組件製造業；CC01110 電腦及其週邊設備製造業；E604010 機械安裝業；E701030 電信管制射頻器材裝設工程業；E801010 室內裝潢業；F103010 飼料批發業；F106010 五金批發業,臺北市,變更,11504
52805318,凱聲影藝事業有限公司,臺北市大安區忠孝東路4段290號10樓,許富凱,1000000,,115/04/27,特殊補正,J303010 雜誌（期刊）出版業；J305010 有聲出版業；J601010 藝文服務業；J602010 演藝活動業；J603010 音樂展演空間業；J399010 軟體出版業；J401010 電影片製作業；J402010 電影片發行業；J503010 廣播節目製作業；J503020 電視節目製作業,臺北市,變更,11504
52807961,三松開發建設股份有限公司,臺北市中正區忠孝西路一段66號21樓,前原弘明,560000000,,115/04/20,改派董事/監察人,H701010 住宅及大樓開發租售業；H701020 工業廠房開發租售業；H701040 特定專業區開發業；H701050 投資興建公共建設業；H701060 新市鎮、新社區開發業；H701070 區段徵收及市地重劃代辦業；H701080 都市更新重建業；H702010 建築經理業；H703090 不動產買賣業；H703100 不動產租賃業,臺北市,變更,11504
52817047,新台鼎投資股份有限公司,臺北市大安區光復南路102號4樓,陳鼎元,5000000,,115/04/13,公司外文名稱登記修正章程,H201010 一般投資業,臺北市,變更,11504
52851375,冠睿國際有限公司,臺北市內湖區瑞光路168號9樓,麥得巴哈利(BAKHTIARI MILAD),600000,,115/04/13,減少所營事業變更修正章程,F401010 國際貿易業；F102170 食品什貨批發業；F203010 食品什貨、飲料零售業；I103060 管理顧問業；F114020 機車批發業；F114030 汽、機車零件配備批發業；F214020 機車零售業；F102030 菸酒批發業；F203020 菸酒零售業；ZZ99999 除許可業務外，得經營法令非禁止或限制之業務,臺北市,變更,11504
52855463,佳辰永續股份有限公司,臺北市內湖區民善街85號2樓,陳建宏,100000,,115/04/14,特殊補正,D101050 汽電共生業；D101060 再生能源自用發電設備業；D401010 熱能供應業；F601010 智慧財產權業；I102010 投資顧問業；I103060 管理顧問業；I199990 其他顧問服務業；IG03010 能源技術服務業；JE01010 租賃業；JZ99050 仲介服務業,臺北市,變更,11504
52859123,和田能源有限公司,臺北市中山區中原街73號1樓,黃良聲,23880000,,115/04/01,公司印鑑變更,CC01010 發電、輸電、配電機械製造業；CC01060 有線通信機械器材製造業；CC01070 無線通信機械器材製造業；CC01080 電子零組件製造業；CC01090 電池製造業；D401010 熱能供應業；E604010 機械安裝業；E607010 太陽熱能設備安裝工程業；E701030 電信管制射頻器材裝設工程業；F113010 機械批發業,臺北市,變更,11504
52860141,台灣愛康生醫有限公司,臺北市中正區衡陽路10號7樓,林憶涵,1000000,,115/04/23,改推董事/董事長,F108031 醫療器材批發業；F208031 醫療器材零售業；F208050 乙類成藥零售業；IG01010 生物技術服務業；F401010 國際貿易業；ZZ99999 除許可業務外，得經營法令非禁止或限制之業務,臺北市,變更,11504
52865526,杞舍室內裝修有限公司,臺北市大安區忠孝東路4段183號13樓之2,吳藝鈴,200000,,115/04/21,特殊補正,E801060 室內裝修業；E801010 室內裝潢業,臺北市,變更,11504
52866314,金鼎開發有限公司,臺北市士林區社中街231巷12弄8號,郭榮文,10000000,,115/04/10,改推董事/董事長,F111090 建材批發業；F114010 汽車批發業；F214010 汽車零售業；F301020 超級市場業；F401010 國際貿易業；I401010 一般廣告服務業；J701080 水域遊憩活動經營業；J801030 競技及休閒運動場館業；EZ99990 其他工程業；E801010 室內裝潢業,臺北市,變更,11504
52870366,和拓投資股份有限公司,臺北市信義區市民大道6段318號8樓,沈文忠,77000000,,115/04/30,董事/監察人持股變動報備,H201010 一般投資業；ZZ99999 除許可業務外，得經營法令非禁止或限制之業務,臺北市,變更,11504
52885699,創順科技有限公司,臺北市內湖區民權東路6段109號5樓,張瑋恩,800000,,115/04/29,特殊補正,J399010 軟體出版業；I301010 資訊軟體服務業；I301020 資料處理服務業；F118010 資訊軟體批發業；F119010 電子材料批發業；I301030 電子資訊供應服務業；F401010 國際貿易業；IZ13010 網路認證服務業；I199990 其他顧問服務業；I103060 管理顧問業,臺北市,變更,11504
52886141,允心有限公司,臺北市大安區忠孝東路4段205巷29弄8號1樓,游吟穎,3000000,,115/04/10,特殊補正,F399040 無店面零售業；F401010 國際貿易業；F102170 食品什貨批發業；F203010 食品什貨、飲料零售業；F104110 布疋、衣著、鞋、帽、傘、服飾品批發業；F204110 布疋、衣著、鞋、帽、傘、服飾品零售業；F501060 餐館業；F501030 飲料店業；I301030 電子資訊供應服務業；ZZ99999 除許可業務外，得經營法令非禁止或限制之業務,臺北市,變更,11504
52888231,裳云智略股份有限公司,臺北市中山區中山北路2段16巷14號2樓,林杰寬,77121847,,115/04/02,特殊補正,F401010 國際貿易業；I502010 服飾設計業；C306010 成衣業；I101110 紡織顧問業；I301030 電子資訊供應服務業；I301050 實境體感應用服務業；I301010 資訊軟體服務業；I301020 資料處理服務業；F113050 電腦及事務性機器設備批發業；F213030 電腦及事務性機器設備零售業,臺北市,變更,11504
52890193,鉅恒利工程有限公司,臺北市中山區長安東路2段67號8樓,劉威誠,3000000,,115/04/01,公司名稱變更修正章程,E801010 室內裝潢業；E599010 配管工程業；E601010 電器承裝業；E801020 門窗安裝工程業；E801030 室內輕鋼架工程業；E801040 玻璃安裝工程業；E903010 防蝕、防銹工程業；E901010 油漆工程業；E801070 廚具、衛浴設備安裝工程業；F111090 建材批發業,臺北市,變更,11504
52894536,柯賓漢數位金融科技有限公司,臺北市大安區忠孝東路3段54號2樓之1,,50000000,,115/04/02,解散,I301010 資訊軟體服務業；I301020 資料處理服務業；I301030 電子資訊供應服務業；I401010 一般廣告服務業；F399040 無店面零售業；F399990 其他綜合零售業；F401010 國際貿易業；ZZ99999 除許可業務外，得經營法令非禁止或限制之業務；I301040 第三方支付服務業；JZ99050 仲介服務業,臺北市,變更,11504
52895681,加禾堂國際有限公司,臺北市中山區長春路15號3樓之1,蔡雪麗,500000,,115/04/02,特殊補正,F102040 飲料批發業；F102170 食品什貨批發業；F104110 布疋、衣著、鞋、帽、傘、服飾品批發業；F106020 日常用品批發業；F199990 其他批發業；F203010 食品什貨、飲料零售業；F399990 其他綜合零售業；F401010 國際貿易業；ZZ99999 除許可業務外，得經營法令非禁止或限制之業務,臺北市,變更,11504
52896464,輝映科技有限公司,臺北市中正區重慶南路1段10號8樓之15,陳正輝,300000,,115/04/22,特殊補正,CC01110 電腦及其週邊設備製造業；CC01120 資料儲存媒體製造及複製業；E605010 電腦設備安裝業；F113050 電腦及事務性機器設備批發業；F118010 資訊軟體批發業；F119010 電子材料批發業；F213030 電腦及事務性機器設備零售業；F218010 資訊軟體零售業；F219010 電子材料零售業；I301010 資訊軟體服務業,臺北市,變更,11504
52901516,益創智慧股份有限公司,臺北市內湖區陽光街345巷12號4樓,楊子毅,5000000,,115/04/22,公司所在地,CC01030 電器及視聽電子產品製造業；CC01080 電子零組件製造業；I301010 資訊軟體服務業；I301020 資料處理服務業；I301030 電子資訊供應服務業；F113020 電器批發業；F113050 電腦及事務性機器設備批發業；F213010 電器零售業；F213030 電腦及事務性機器設備零售業；F401010 國際貿易業,臺北市,變更,11504
52903704,仁浦科技有限公司,臺北市中山區松江路520號,辜冠寧,10000000,,115/04/27,特殊補正,F105050 家具、寢具、廚房器具、裝設品批發業；F106010 五金批發業；F106020 日常用品批發業；F113010 機械批發業；F113020 電器批發業；F113030 精密儀器批發業；F113050 電腦及事務性機器設備批發業；F113060 度量衡器批發業；F113990 其他機械器具批發業；F118010 資訊軟體批發業,臺北市,變更,11504
52904181,正商有限公司,臺北市中山區南京東路2段101號9樓,林英福,1000000,,115/04/22,公司所在地,F208050 乙類成藥零售業；F107080 環境用藥批發業；IZ99990 其他工商服務業；F401010 國際貿易業；I401010 一般廣告服務業；I199990 其他顧問服務業；JZ99050 仲介服務業；ZZ99999 除許可業務外，得經營法令非禁止或限制之業務,臺北市,變更,11504
52905702,在未來有限公司,臺北市松山區民生東路3段127巷10號5樓之2,董新雨,5000000,,115/04/30,特殊補正,F203010 食品什貨、飲料零售業；F401010 國際貿易業；F102030 菸酒批發業；F105050 家具、寢具、廚房器具、裝設品批發業；F106050 陶瓷玻璃器皿批發業；F203020 菸酒零售業；F501030 飲料店業；F501050 飲酒店業；I105010 藝術品諮詢顧問業；I501010 產品設計業,臺北市,變更,11504
52906792,榮華投資股份有限公司,臺北市南港區經貿二路188號5樓,辜仲諒,120000000,,115/04/15,改選董事/監察人(一人法人股東指派董事/監察人),H201010 一般投資業,臺北市,變更,11504
52939457,源通投資股份有限公司,臺北市內湖區行善路465號10樓,鄭斯聰,903203060,,115/04/14,改選董事/監察人(一人法人股東指派董事/監察人),H201010 一般投資業；HZ02010 金融機構金錢債權收買業務；HZ02020 辦理金融機構金錢債權之評價或拍賣業務；ZZ99999 除許可業務外，得經營法令非禁止或限制之業務,臺北市,變更,11504
53006475,英屬維京群島商敦宜股份有限公司,臺北市大安區敦化南路二段77號19樓之3,邱泰翰,136748081,,115/04/14,在中華民國所營事業減少登記,F102030 菸酒批發業；F102040 飲料批發業；F102170 食品什貨批發業；F203010 食品什貨、飲料零售業；F203020 菸酒零售業；F401010 國際貿易業；F501030 飲料店業；F501050 飲酒店業；F501060 餐館業；C104020 烘焙炊蒸食品製造業,臺北市,變更,11504
53014714,日商日本紙通商股份有限公司,臺北市信義區基隆路二段51號14樓,大畑陽裕,0,,115/04/13,改派在中華民國境內代表人,,臺北市,變更,11504
53023050,安達國際人壽保險股份有限公司,臺北市信義區忠孝東路四段525號7樓,李崇言,2000000000,,115/04/14,補繳規費,H501011 人身保險業,臺北市,變更,11504
53023495,大陸商上海航空有限公司,臺北市中山區民生東路三段2號5樓,支勇,1000000,,115/04/24,分公司所在地變更,G501011 民用航空運輸業(限中華民國行業標準分類5101民用航空運輸業),臺北市,變更,11504
53026057,大陸商中國銀行股份有限公司,臺北市信義區松仁路105號1至5樓及107號2、4、5樓,聶林,2939880000,,115/04/28,一般補正案,H101021 商業銀行業（限中華民國行業標準分類6412銀行業）,臺北市,變更,11504
53053862,印得鑽有限公司,臺北市中山區雙城街18巷7號1樓,周志明TJIU CI MIN,500000,,115/04/01,經理人變更,F203010 食品什貨、飲料零售業；F206020 日常用品零售業；F208040 化粧品零售業；F399990 其他綜合零售業；IZ99990 其他工商服務業；ZZ99999 除許可業務外，得經營法令非禁止或限制之業務,臺北市,變更,11504
53063165,博研醫藥開發股份有限公司,臺北市信義區基隆路1段333號12樓,吳逸之,194300000,,115/04/24,特殊補正,C801010 基本化學工業；C802990 其他化學製品製造業；F107200 化學原料批發業；F207200 化學原料零售業；F208050 乙類成藥零售業；F401010 國際貿易業；F601010 智慧財產權業；I199990 其他顧問服務業；IC01010 藥品檢驗業；IG01010 生物技術服務業,臺北市,變更,11504
53081728,元運材料科技股份有限公司,臺北市大安區敦化南路2段65號12樓,張悅芬,5000000,,115/04/27,改選董事/監察人(一人法人股東指派董事/監察人),F105050 家具、寢具、廚房器具、裝設品批發業；F205040 家具、寢具、廚房器具、裝設品零售業；F111090 建材批發業；F211010 建材零售業；F401010 國際貿易業；F113010 機械批發業；F213080 機械器具零售業；CA02990 其他金屬製品製造業；CB01010 機械設備製造業；E801070 廚具、衛浴設備安裝工程業,臺北市,變更,11504
53085999,新勝光機械有限公司,臺北市中山區復興北路476號3樓,吳峻鋒,16000000,,115/04/28,股東出資轉讓修正章程,C801010 基本化學工業；C801020 石油化工原料製造業；C801030 精密化學材料製造業；C801060 合成橡膠製造業；C801100 合成樹脂及塑膠製造業；C802120 工業助劑製造業；C802200 塗料、油漆、染料及顏料製造業；C804020 工業用橡膠製品製造業；C805010 塑膠皮、布、板、管材製造業；C805050 工業用塑膠製品製造業,臺北市,變更,11504
53086054,寶利拾股份有限公司,臺北市信義區菸廠路88號4樓,鍾子偉,13420000,,115/04/16,改選董事/監察人(一人法人股東指派董事/監察人),I401010 一般廣告服務業；F399040 無店面零售業；I301030 電子資訊供應服務業；F201010 農產品零售業；F201020 畜產品零售業；F201030 水產品零售業；F201990 其他農畜水產品零售業；I301010 資訊軟體服務業；I301020 資料處理服務業；J601010 藝文服務業,臺北市,變更,11504
53086104,集頻投資股份有限公司,臺北市內湖區瑞光路415號4樓,王喬薇,1000000,,115/04/14,改派董事/監察人,H201010 一般投資業,臺北市,變更,11504
53088270,台灣星崎股份有限公司,臺北市大安區敦化南路1段337號5樓,高木克明,170000000,,115/04/27,特殊補正,F105050 家具、寢具、廚房器具、裝設品批發業；F107030 清潔用品批發業；F113010 機械批發業；F113020 電器批發業；F113990 其他機械器具批發業；F205040 家具、寢具、廚房器具、裝設品零售業；F207030 清潔用品零售業；F213010 電器零售業；F213080 機械器具零售業；F213990 其他機械器具零售業,臺北市,變更,11504
53089019,祥發發展股份有限公司,臺北市松山區南京東路4段130號7樓,涂文綺,24000000,,115/04/10,特殊補正,F107200 化學原料批發業；F112020 煤及煤製品批發業；F112040 石油製品批發業；F207200 化學原料零售業；F212030 煤零售業；F212050 石油製品零售業；F401010 國際貿易業；ZZ99999 除許可業務外，得經營法令非禁止或限制之業務；I103060 管理顧問業；I199990 其他顧問服務業,臺北市,變更,11504
53089329,奇威勝國際有限公司,臺北市萬華區艋舺大道51號2樓,洪博濂,5000000,,115/04/29,特殊補正,F119010 電子材料批發業；F401010 國際貿易業；F113020 電器批發業；E601020 電器安裝業；F106010 五金批發業；F109070 文教、樂器、育樂用品批發業；F111090 建材批發業；F113030 精密儀器批發業；F113050 電腦及事務性機器設備批發業；F113070 電信器材批發業,臺北市,變更,11504
53089741,艾律德空壓機械有限公司,臺北市內湖區新湖一路97號6樓,范綱權,80000000,,115/04/23,公司所營事業變更修正章程,F106010 五金批發業；F113010 機械批發業；F113050 電腦及事務性機器設備批發業；F113990 其他機械器具批發業；F206010 五金零售業；F213030 電腦及事務性機器設備零售業；F213080 機械器具零售業；F213990 其他機械器具零售業；F401010 國際貿易業；I301010 資訊軟體服務業,臺北市,變更,11504
53089904,來頡科技股份有限公司,臺北市內湖區瑞光路358巷38弄36號9樓,愛普科技股份有限公司,437015930,,115/04/20,經理人解任,CC01080 電子零組件製造業；F119010 電子材料批發業；F219010 電子材料零售業；F401010 國際貿易業；F601010 智慧財產權業；I301010 資訊軟體服務業；I501010 產品設計業；JA02010 電器及電子產品修理業；ZZ99999 除許可業務外，得經營法令非禁止或限制之業務,臺北市,變更,11504
53090347,向陽優能系統股份有限公司,臺北市大安區敦化南路2段99號12樓,陳貴光,150000000,,115/04/10,補繳規費,IG03010 能源技術服務業；IF02010 用電設備檢測維護業；IG02010 研究發展服務業；E601010 電器承裝業；E604010 機械安裝業；EZ05010 儀器、儀表安裝工程業；EZ99990 其他工程業；E601020 電器安裝業；CC01010 發電、輸電、配電機械製造業；CC01990 其他電機及電子機械器材製造業,臺北市,變更,11504
53099712,品品國際股份有限公司,臺北市大安區敦化南路2段81巷20號,王劭仁,1500000,,115/04/14,特殊補正,F102030 菸酒批發業；F102040 飲料批發業；F102170 食品什貨批發業；F203010 食品什貨、飲料零售業；F203020 菸酒零售業；F401010 國際貿易業；F501030 飲料店業；F501050 飲酒店業；F601010 智慧財產權業；I102010 投資顧問業,臺北市,變更,11504
53099776,慶嶸建設股份有限公司,臺北市大安區復興南路1段237號4樓之1,張仲可,60000000,,115/04/10,公司所在地,H701010 住宅及大樓開發租售業；H701020 工業廠房開發租售業；H701050 投資興建公共建設業；H701060 新市鎮、新社區開發業；H701070 區段徵收及市地重劃代辦業；I401010 一般廣告服務業；I401020 廣告傳單分送業；ZZ99999 除許可業務外，得經營法令非禁止或限制之業務；EZ99990 其他工程業；JE01010 租賃業,臺北市,變更,11504
53100627,統能開發建設股份有限公司,臺北市大安區市民大道三段198號10樓,施俊偉,1227200000,,115/04/01,董事/監察人持股變動報備,H701010 住宅及大樓開發租售業；H701040 特定專業區開發業；H701050 投資興建公共建設業；H701060 新市鎮、新社區開發業；H701070 區段徵收及市地重劃代辦業；H701080 都市更新重建業；H701090 都市更新整建維護業；H702010 建築經理業；H703090 不動產買賣業；H703100 不動產租賃業,臺北市,變更,11504
53102104,喆園事業股份有限公司,臺北市中山區建國北路1段80號1樓及2樓,陳子錩,17850000,,115/04/02,特殊補正,F101050 水產品批發業；F101130 蔬果批發業；F102030 菸酒批發業；F102040 飲料批發業；F102050 茶葉批發業；F102170 食品什貨批發業；F201010 農產品零售業；F201020 畜產品零售業；F201030 水產品零售業；F203010 食品什貨、飲料零售業,臺北市,變更,11504
53102511,寶悅開發建設股份有限公司,臺北市內湖區民權東路6段15巷25號2樓,方宗明,85000000,,115/04/20,特殊補正,J701040 休閒活動場館業；J701080 水域遊憩活動經營業；J801030 競技及休閒運動場館業；IZ12010 人力派遣業；G202010 停車場經營業；H701010 住宅及大樓開發租售業；H703090 不動產買賣業；H703100 不動產租賃業；ZZ99999 除許可業務外，得經營法令非禁止或限制之業務,臺北市,變更,11504
53102913,視潔明股份有限公司,臺北市內湖區民權東路6段180巷6號10樓之23,楊智光,13000000,,115/04/22,特殊補正,F102170 食品什貨批發業；F108040 化粧品批發業；F203010 食品什貨、飲料零售業；F208040 化粧品零售業；F208050 乙類成藥零售業；F401010 國際貿易業；IG01010 生物技術服務業；F108021 西藥批發業；F208021 西藥零售業；F108031 醫療器材批發業,臺北市,變更,11504
53104052,翔岳投資股份有限公司,臺北市信義區永吉路125號2樓,陳堂華,15000000,,115/04/27,公司所在地,H201010 一般投資業,臺北市,變更,11504
53109492,晶競科技股份有限公司,臺北市中山區八德路2段260號3樓,程應龍,3700000,,115/04/01,補繳規費,CC01070 無線通信機械器材製造業；CC01080 電子零組件製造業；CC01120 資料儲存媒體製造及複製業；F113020 電器批發業；F113050 電腦及事務性機器設備批發業；F113070 電信器材批發業；F118010 資訊軟體批發業；F119010 電子材料批發業；F213010 電器零售業；F213030 電腦及事務性機器設備零售業,臺北市,變更,11504
53109514,兆基投資有限公司,臺北市大安區新生南路2段82號2樓,劉曉錚,152000000,,115/04/20,特殊補正,H201010 一般投資業,臺北市,變更,11504
53109991,漾格數位資訊有限公司,臺北市士林區華齡街73號2樓,李芙瑋,1000000,,115/04/23,股東出資轉讓修正章程,F399040 無店面零售業；I401010 一般廣告服務業；I301010 資訊軟體服務業；I199990 其他顧問服務業；IZ13010 網路認證服務業；ZZ99999 除許可業務外，得經營法令非禁止或限制之業務,臺北市,變更,11504
53113019,專住廣告股份有限公司,臺北市大安區忠孝東路4段166號6樓之1,張境在,25000000,,115/04/02,公司所在地,I401010 一般廣告服務業；E801010 室內裝潢業；F401010 國際貿易業；H704031 不動產仲介經紀業；H704041 不動產代銷經紀業；ZZ99999 除許可業務外，得經營法令非禁止或限制之業務,臺北市,變更,11504
53114018,翔通投資股份有限公司,臺北市內湖區瑞光路415號4樓,王喬薇,1000000,,115/04/07,改派董事/監察人,H201010 一般投資業,臺北市,變更,11504
53116521,運達航運股份有限公司,臺北市中山區南京東路3段168號8樓,蕭建程,15000000,,115/04/01,特殊補正,F114060 船舶及其零件批發業；F199990 其他批發業；F214060 船舶及其零件零售業；F299990 其他零售業；G401011 船務代理業；G402011 海運承攬運送業；G405010 貨櫃出租業；F399990 其他綜合零售業；F401010 國際貿易業；ZZ99999 除許可業務外，得經營法令非禁止或限制之業務,臺北市,變更,11504
53117042,立祿國際股份有限公司,臺北市大安區忠孝東路3段54號2樓之1,李瑞琴,33000000,,115/04/29,補選董事(常務董事.董事長)/監察人,CC01110 電腦及其週邊設備製造業；EZ06010 交通標示工程業；F102030 菸酒批發業；F102040 飲料批發業；F102170 食品什貨批發業；F109070 文教、樂器、育樂用品批發業；F118010 資訊軟體批發業；F203010 食品什貨、飲料零售業；F203020 菸酒零售業；F209060 文教、樂器、育樂用品零售業,臺北市,變更,11504
53120665,禾昱國際有限公司,臺北市大同區承德路3段85巷7號4樓,張靖志,1000000,,115/04/08,特殊補正,F104110 布疋、衣著、鞋、帽、傘、服飾品批發業；F204110 布疋、衣著、鞋、帽、傘、服飾品零售業；F401010 國際貿易業；H701010 住宅及大樓開發租售業；H703090 不動產買賣業；H703100 不動產租賃業；I502010 服飾設計業；ZZ99999 除許可業務外，得經營法令非禁止或限制之業務；F102030 菸酒批發業；F102050 茶葉批發業,臺北市,變更,11504
53122930,登美有限公司,臺北市大安區新生南路3段4號14樓,林夢三,1000000,,115/04/27,補繳規費,F113010 機械批發業；F113030 精密儀器批發業；F401010 國際貿易業；ZZ99999 除許可業務外，得經營法令非禁止或限制之業務；F108031 醫療器材批發業,臺北市,變更,11504
53123282,清益國際有限公司,臺北市中正區忠孝東路2段39巷2弄3號2樓,林金葉,300000,,115/04/02,改推董事/董事長,F399040 無店面零售業；F399990 其他綜合零售業；F401010 國際貿易業；H703090 不動產買賣業；H703100 不動產租賃業；I103060 管理顧問業；ZZ99999 除許可業務外，得經營法令非禁止或限制之業務,臺北市,變更,11504
53127013,中鹿開發股份有限公司,臺北市中山區松江路223號8樓,塩崎寬吉,60000000,,115/04/20,改選董事/監察人(一人法人股東指派董事/監察人),H701010 住宅及大樓開發租售業；H701040 特定專業區開發業；H701060 新市鎮、新社區開發業；H701080 都市更新重建業；H703090 不動產買賣業；H703100 不動產租賃業；ZZ99999 除許可業務外，得經營法令非禁止或限制之業務,臺北市,變更,11504
53152552,台灣阿爾卑斯物流股份有限公司,臺北市大同區長安西路150號5樓,小泉義行,17500000,,115/04/08,特殊補正,G402011 海運承攬運送業；G601011 航空貨運承攬業；G801010 倉儲業；C601030 紙容器製造業；IZ06010 理貨包裝業；C801100 合成樹脂及塑膠製造業；F119010 電子材料批發業；IZ12010 人力派遣業；CA01070 廢車船解體及廢鋼鐵五金處理業；J101030 廢棄物清除業,臺北市,變更,11504
53196051,政湧布業有限公司,臺北市北投區建民路129巷6號3樓,林勇俊,3000000,,115/04/16,股東出資轉讓修正章程,F104110 布疋、衣著、鞋、帽、傘、服飾品批發業；F204110 布疋、衣著、鞋、帽、傘、服飾品零售業；F401010 國際貿易業；ZZ99999 除許可業務外，得經營法令非禁止或限制之業務,臺北市,變更,11504
53202820,萬軍國際實業有限公司,臺北市內湖區瑞光路335號11樓,艾萬里,1000000,,115/04/29,申登機關變更（遷入，含卷）,I401010 一般廣告服務業；IZ99990 其他工商服務業；I301020 資料處理服務業；F401010 國際貿易業；JZ99050 仲介服務業；IZ12010 人力派遣業；I199990 其他顧問服務業；IZ15010 市場研究及民意調查業；ZZ99999 除許可業務外，得經營法令非禁止或限制之業務,臺北市,變更,11504
53210173,嘉鼎工程管理顧問股份有限公司,臺北市內湖區內湖路1段77號2樓,謝景德,40000000,,115/04/10,改選董事/監察人(一人法人股東指派董事/監察人),B201010 金屬礦業；B202010 非金屬礦業；D101050 汽電共生業；D401010 熱能供應業；E599010 配管工程業；E601010 電器承裝業；E601020 電器安裝業；E603020 電梯安裝工程業；E603040 消防安全設備安裝工程業；E603050 自動控制設備工程業,臺北市,變更,11504
53215135,展翅工程有限公司,臺北市內湖區瑞光路168號9樓,楊春雄,3000000,,115/04/22,公司所在地,E603090 照明設備安裝工程業；E801010 室內裝潢業；E901010 油漆工程業；J601010 藝文服務業；J602010 演藝活動業；JB01010 會議及展覽服務業；I501010 產品設計業；I503010 景觀、室內設計業；IZ12010 人力派遣業；F401010 國際貿易業,臺北市,變更,11504
53297282,沅顧科技有限公司,臺北市內湖區洲子街12號2樓,傅宗民,10000000,,115/04/29,特殊補正,I301010 資訊軟體服務業；I301030 電子資訊供應服務業；I199990 其他顧問服務業；F118010 資訊軟體批發業；F218010 資訊軟體零售業；F401010 國際貿易業；H201010 一般投資業；ZZ99999 除許可業務外，得經營法令非禁止或限制之業務；IG01010 生物技術服務業；F119010 電子材料批發業,臺北市,變更,11504
53312039,物聯網科技股份有限公司,臺北市南港區興中路12巷21號5樓,郭啟銘,15200000,,115/04/22,特殊補正,CC01030 電器及視聽電子產品製造業；CC01040 照明設備製造業；CC01080 電子零組件製造業；CC01110 電腦及其週邊設備製造業；CC01120 資料儲存媒體製造及複製業；CE01030 光學儀器製造業；F116010 照相器材批發業；F118010 資訊軟體批發業；F119010 電子材料批發業；I301010 資訊軟體服務業,臺北市,變更,11504
53316324,宇鑫應用材料股份有限公司,臺北市中山區民生東路3段57號5樓之1,葉建仁,3000000,,115/04/13,特殊補正,F113010 機械批發業；F113030 精密儀器批發業；F119010 電子材料批發業；F401010 國際貿易業；ZZ99999 除許可業務外，得經營法令非禁止或限制之業務,臺北市,變更,11504
53319758,台灣山本通產股份有限公司,臺北市中山區中山北路2段99號10樓,久保泰幸,20000000,,115/04/10,改選董事/監察人(一人法人股東指派董事/監察人),F102040 飲料批發業；F102170 食品什貨批發業；F107010 漆料、塗料批發業；F107020 染料、顏料批發業；F107170 工業助劑批發業；F107190 塑膠膜、袋批發業；F107200 化學原料批發業；F107990 其他化學製品批發業；F113010 機械批發業；F113030 精密儀器批發業,臺北市,變更,11504
53320517,光科通信有限公司,臺北市信義區永吉路278巷1弄7號1樓,張國祥,5000000,,115/04/15,特殊補正,E605010 電腦設備安裝業；E701011 電信工程業；EZ05010 儀器、儀表安裝工程業；F206010 五金零售業；F206040 水器材料零售業；F209060 文教、樂器、育樂用品零售業；F213010 電器零售業；F213030 電腦及事務性機器設備零售業；F213040 精密儀器零售業；F213060 電信器材零售業,臺北市,變更,11504
53322058,東籬室內裝修設計有限公司,臺北市信義區吳興街156巷25弄7號,江美玲,3000000,,115/04/22,公司所在地,E603040 消防安全設備安裝工程業；E801010 室內裝潢業；E801061 室內裝修業；F205040 家具、寢具、廚房器具、裝設品零售業；F211010 建材零售業；F217010 消防安全設備零售業；F220010 耐火材料零售業；F401010 國際貿易業；I401010 一般廣告服務業；I503010 景觀、室內設計業,臺北市,變更,11504
53323090,永麗開發實業股份有限公司,臺北市中正區重慶南路1段83號6樓,李其聰,20000000,,115/04/01,改選董事/監察人(一人法人股東指派董事/監察人),C601020 紙製造業；C601040 加工紙製造業；C701010 印刷業；C702010 製版業；C703010 印刷品裝訂及加工業；CC01080 電子零組件製造業；CC01110 電腦及其週邊設備製造業；E605010 電腦設備安裝業；F106010 五金批發業；F109070 文教、樂器、育樂用品批發業,臺北市,變更,11504
53325549,合盛礦業股份有限公司,臺北市中山區中山北路2段113號10樓,魏家珮,301000000,,115/04/01,改選董事/監察人(一人法人股東指派董事/監察人),B202010 非金屬礦業；B601010 土石採取業；C901990 其他非金屬礦物製品製造業；E502010 燃料導管安裝工程業；E604010 機械安裝業；E605010 電腦設備安裝業；F111090 建材批發業；F113010 機械批發業；F113030 精密儀器批發業；F113100 污染防治設備批發業,臺北市,變更,11504
53326940,洋學願教育發展有限公司,臺北市信義區松智路1號17樓,林家嘉,10000000,,115/04/20,公司所在地,JA05010 留、遊學服務業；I401010 一般廣告服務業；I501010 產品設計業；IZ12010 人力派遣業；ZZ99999 除許可業務外，得經營法令非禁止或限制之業務,臺北市,變更,11504
53327080,上云空間設計室內裝修股份有限公司,臺北市信義區信義路4段415號8樓之1,蘇庭婕,2800000,,115/04/20,特殊補正,I501010 產品設計業；I503010 景觀、室內設計業；I599990 其他設計業；F105050 家具、寢具、廚房器具、裝設品批發業；F205040 家具、寢具、廚房器具、裝設品零售業；I105010 藝術品諮詢顧問業；I199990 其他顧問服務業；E801010 室內裝潢業；F399040 無店面零售業；F399990 其他綜合零售業,臺北市,變更,11504
53328969,鉦燿實業有限公司,臺北市中山區新生北路2段39號6樓之6,施宇信,500000,,115/04/30,特殊補正,F104110 布疋、衣著、鞋、帽、傘、服飾品批發業；F105050 家具、寢具、廚房器具、裝設品批發業；F106020 日常用品批發業；F106050 陶瓷玻璃器皿批發業；F108031 醫療器材批發業；F109070 文教、樂器、育樂用品批發業；F118010 資訊軟體批發業；F204110 布疋、衣著、鞋、帽、傘、服飾品零售業；F205040 家具、寢具、廚房器具、裝設品零售業；F206020 日常用品零售業,臺北市,變更,11504
53329502,台灣菱瓦化貿易股份有限公司,臺北市中山區中山北路2段129號12樓之1,石川宏道,30500000,,115/04/15,改選董事/監察人(一人法人股東指派董事/監察人),F107200 化學原料批發業；F207200 化學原料零售業；F111090 建材批發業；F211010 建材零售業；F119010 電子材料批發業；F219010 電子材料零售業；F401010 國際貿易業；F102170 食品什貨批發業；F203010 食品什貨、飲料零售業；F107990 其他化學製品批發業,臺北市,變更,11504
53330698,約茶不夜股份有限公司,臺北市大安區東豐街27號1樓,查慧珊,10000000,,115/04/07,特殊補正,F102030 菸酒批發業；F102050 茶葉批發業；F105050 家具、寢具、廚房器具、裝設品批發業；F109070 文教、樂器、育樂用品批發業；F203020 菸酒零售業；F205040 家具、寢具、廚房器具、裝設品零售業；F209060 文教、樂器、育樂用品零售業；F401010 國際貿易業；I105010 藝術品諮詢顧問業；J303010 雜誌（期刊）出版業,臺北市,變更,11504
53331583,輝雄生研國際股份有限公司,臺北市信義區基隆路1段206號18樓,劉庠宏,10000000,,115/04/01,特殊補正,F102170 食品什貨批發業；F108040 化粧品批發業；F208040 化粧品零售業；F208050 乙類成藥零售業；H703100 不動產租賃業；I102010 一般投資顧問業；F203010 食品什貨、飲料零售業；F102030 菸酒批發業；F203020 菸酒零售業；ZZ99999 除許可業務外，得經營法令非禁止或限制之業務,臺北市,變更,11504
53337453,品佳資產管理顧問股份有限公司,臺北市松山區南京東路4段16號10樓,徐秀蘭,100000000,,115/04/09,特殊補正,H701010 住宅及大樓開發租售業；H701040 特定專業區開發業；H701050 投資興建公共建設業；H701060 新市鎮、新社區開發業；H701070 區段徵收及市地重劃代辦業；H701080 都市更新重建業；H702010 建築經理業；H703090 不動產買賣業；H703100 不動產租賃業；H703110 老人住宅業,臺北市,變更,11504
53338381,首億設計有限公司,臺北市信義區信義路4段456號6樓,吳坤霖,1001000,,115/04/10,特殊補正,F105050 家具、寢具、廚房器具、裝設品批發業；F106010 五金批發業；F111090 建材批發業；F401010 國際貿易業；I503010 景觀、室內設計業；E801010 室內裝潢業；I102010 投資顧問業；I401010 一般廣告服務業；H701010 住宅及大樓開發租售業；H701020 工業廠房開發租售業,臺北市,變更,11504
53341317,多坊有限公司,臺北市大安區大安路1段83巷5號,林嘉倫,2000000,,115/04/23,特殊補正,I301010 資訊軟體服務業；I301020 資料處理服務業；I301030 電子資訊供應服務業；I401010 一般廣告服務業；I501010 產品設計業；ZZ99999 除許可業務外，得經營法令非禁止或限制之業務；F101040 家畜家禽批發業；F101050 水產品批發業；F101100 花卉批發業；F101130 蔬果批發業,臺北市,變更,11504
53342505,微風置地股份有限公司,臺北市信義區忠孝東路五段68號6樓,黃瑞姸,1050000000,,115/04/28,改選董事/監察人(一人法人股東指派董事/監察人),E801010 室內裝潢業；F299990 其他零售業；F301010 百貨公司業；F301020 超級市場業；F399010 便利商店業；F399990 其他綜合零售業；F401010 國際貿易業；F501030 飲料店業；F501060 餐館業；F501990 其他餐飲業,臺北市,變更,11504
53343764,雙寅誠略顧問有限公司,臺北市大安區忠孝東路4段162號12樓之2,徐姿榆,5000000,,115/04/21,補繳規費,F105050 家具、寢具、廚房器具、裝設品批發業；F106050 陶瓷玻璃器皿批發業；I103060 管理顧問業；I401010 一般廣告服務業；I501010 產品設計業；F102050 茶葉批發業；F104110 布疋、衣著、鞋、帽、傘、服飾品批發業；F106020 日常用品批發業；F109070 文教、樂器、育樂用品批發業；F115010 首飾及貴金屬批發業,臺北市,變更,11504
53345307,若水環境整合股份有限公司,臺北市松山區富錦街116號,沈元峯,180000000,,115/04/08,特殊補正,E801010 室內裝潢業；EZ99990 其他工程業；F111090 建材批發業；F211010 建材零售業；G202010 停車場經營業；H701010 住宅及大樓開發租售業；H701020 工業廠房開發租售業；H701040 特定專業區開發業；H701060 新市鎮、新社區開發業；H701080 都市更新重建業,臺北市,變更,11504
53347781,弘原開發有限公司,臺北市大安區復興南路2段331號,徐啟峰,198000000,,115/04/02,股東出資轉讓修正章程,H701010 住宅及大樓開發租售業；H701020 工業廠房開發租售業；H701050 投資興建公共建設業；H701060 新市鎮、新社區開發業；H703090 不動產買賣業；H703100 不動產租賃業；F401010 國際貿易業；ZZ99999 除許可業務外，得經營法令非禁止或限制之業務,臺北市,變更,11504
53349129,華楷生醫科技股份有限公司,臺北市內湖區瑞光路439號9樓,方頌和,5000000,,115/04/14,特殊補正,CC01990 其他電機及電子機械器材製造業；CE01010 一般儀器製造業；F113030 精密儀器批發業；F113070 電信器材批發業；I103060 管理顧問業；CF01011 醫療器材製造業；F108031 醫療器材批發業；F208031 醫療器材零售業；ZZ99999 除許可業務外，得經營法令非禁止或限制之業務；CC01100 電信管制射頻器材製造業,臺北市,變更,11504
53352123,福斯特國際投資股份有限公司,臺北市中山區松江路72號10樓,黃欽成,10200000,,115/04/28,改選董事/監察人(一人法人股東指派董事/監察人),H201010 一般投資業,臺北市,變更,11504
53353657,優達數位股份有限公司,臺北市內湖區安康路20號3樓之2,許恆壽,30000000,,115/04/13,特殊補正,E605010 電腦設備安裝業；F113050 電腦及事務性機器設備批發業；F113070 電信器材批發業；F118010 資訊軟體批發業；F119010 電子材料批發業；F213030 電腦及事務性機器設備零售業；F213060 電信器材零售業；F218010 資訊軟體零售業；F219010 電子材料零售業；F401010 國際貿易業,臺北市,變更,11504
53358317,邁璞室內裝修股份有限公司,臺北市大安區敦化南路2段180號14樓,郭鎮榮,1000000,,115/04/28,特殊補正,E801060 室內裝修業；E502010 燃料導管安裝工程業；E599010 配管工程業；E601010 電器承裝業；E601020 電器安裝業；E603010 電纜安裝工程業；E603020 電梯安裝工程業；E603040 消防安全設備安裝工程業；E603050 自動控制設備工程業；E603080 交通號誌安裝工程業,臺北市,變更,11504
53360475,中光創業投資股份有限公司,臺北市大同區南京西路62號7樓,薛建秋,300000000,,115/04/02,特殊補正,H202010 創業投資業；I103060 管理顧問業；I102010 投資顧問業；ZZ99999 除許可業務外，得經營法令非禁止或限制之業務,臺北市,變更,11504
53380057,暢橘文化股份有限公司,臺北市大安區嘉興街363巷15之1號,侯松甫,3000000,,115/04/16,改選董事/監察人(一人法人股東指派董事/監察人),F206020 日常用品零售業；F203010 食品什貨、飲料零售業；F204110 布疋、衣著、鞋、帽、傘、服飾品零售業；F209060 文教、樂器、育樂用品零售業；J202010 產業育成業；J601010 藝文服務業；JB01010 會議及展覽服務業；H703100 不動產租賃業；I102010 投資顧問業；I103060 管理顧問業,臺北市,變更,11504
53419118,宏大地建設股份有限公司,臺北市中山區興安街56號1樓,祝藝,1900000000,,115/04/02,一般補正案,E801010 室內裝潢業；F111090 建材批發業；F120010 耐火材料批發業；F220010 耐火材料零售業；F401010 國際貿易業；H701010 住宅及大樓開發租售業；H701020 工業廠房開發租售業；H701080 都市更新重建業；H701090 都市更新整建維護業；H703100 不動產租賃業,臺北市,變更,11504
53429663,鴻邁科技股份有限公司,臺北市內湖區瑞光路468號6樓,趙憶南,355832000,,115/04/14,減資,F113070 電信器材批發業；F213060 電信器材零售業；F401021 電信管制射頻器材輸入業；F208031 醫療器材零售業；F108031 醫療器材批發業；ZZ99999 除許可業務外，得經營法令非禁止或限制之業務,臺北市,變更,11504
53453733,高亞國際有限公司,臺北市大安區東豐街58號2樓之3,高嘉欣,1000000,,115/04/14,申登機關變更（遷入，含卷）,F102020 食用油脂批發業；F102170 食品什貨批發業；F104110 布疋、衣著、鞋、帽、傘、服飾品批發業；F105050 家具、寢具、廚房器具、裝設品批發業；F106010 五金批發業；F106020 日常用品批發業；F106060 寵物食品及其用品批發業；F107030 清潔用品批發業；F108040 化粧品批發業；F109070 文教、樂器、育樂用品批發業,臺北市,變更,11504
53454326,銘鋐科技股份有限公司,臺北市中正區和平西路2段148號1樓,高翊升,5000000,,115/04/21,特殊補正,F107990 其他化學製品批發業；F113990 其他機械器具批發業；F113030 精密儀器批發業；F401010 國際貿易業；CC01080 電子零組件製造業；CE01030 光學儀器製造業；CE01990 其他光學及精密器械製造業；I301030 電子資訊供應服務業；F399040 無店面零售業；J401010 電影片製作業,臺北市,變更,11504
53458913,大魯閣開發股份有限公司,臺北市信義區松高路19號8樓,曹美虹,1631250000,,115/04/24,經理人變更,H701010 住宅及大樓開發租售業；H701020 工業廠房開發租售業；H701080 都市更新重建業；H701090 都市更新整建維護業；H703090 不動產買賣業；H703100 不動產租賃業；H701040 特定專業區開發業；H701050 投資興建公共建設業；H701060 新市鎮、新社區開發業；H701070 區段徵收及市地重劃代辦業,臺北市,變更,11504
53461776,皮諾丘電影事業有限公司,臺北市信義區基隆路1段143號6樓之5,葉直育,51000000,,115/04/30,特殊補正,J401010 電影片製作業；J503020 電視節目製作業；J402010 電影片發行業；J404010 動畫影片製作業；J404050 電影特效製作業；J404020 提供設備及場地供電影片拍攝業；F102170 食品什貨批發業；F104110 布疋、衣著、鞋、帽、傘、服飾品批發業；F106020 日常用品批發業；F109070 文教、樂器、育樂用品批發業,臺北市,變更,11504
53467167,征泰電子有限公司,臺北市中正區齊東街36號1樓,彭國清,15000000,,115/04/10,特殊補正,F401010 國際貿易業；I301010 資訊軟體服務業；I301020 資料處理服務業；F601010 智慧財產權業；I103060 管理顧問業；I199990 其他顧問服務業；I501010 產品設計業；ZZ99999 除許可業務外，得經營法令非禁止或限制之業務,臺北市,變更,11504
53519637,柯斯特股份有限公司,臺北市大安區忠孝東路4段223巷71弄6號,葉奕其,10000000,,115/04/13,補繳規費,F501030 飲料店業；F501050 飲酒店業；F501990 其他餐飲業；F399040 無店面零售業；F401010 國際貿易業；F399990 其他綜合零售業；ZZ99999 除許可業務外，得經營法令非禁止或限制之業務,臺北市,變更,11504
53520135,力傑能源股份有限公司,臺北市中山區松江路162號4樓,郭紹儀,300000000,,115/04/29,公司所營事業變更修正章程,A102060 糧商業；A401020 家畜禽飼育業；B101010 煤礦業；B102010 石油及天然氣礦業；B201010 金屬礦業；B202010 非金屬礦業；C301010 紡紗業；C302010 織布業；C399990 其他紡織及製品製造業；C601990 其他紙製品製造業,臺北市,變更,11504
53521649,盛華資產開發股份有限公司,臺北市大安區仁愛路3段141號4樓,"Liao,Alice Yu-Ching(廖于晴)",22308740,,115/04/16,公司所在地,H701010 住宅及大樓開發租售業；H703090 不動產買賣業；H703100 不動產租賃業；J901020 一般旅館業；ZZ99999 除許可業務外，得經營法令非禁止或限制之業務,臺北市,變更,11504
53528426,采億興業股份有限公司,臺北市內湖區新湖三路23號5樓,陳清華,551604900,,115/04/09,補選董事(常務董事.董事長)/監察人,H701010 住宅及大樓開發租售業；H701020 工業廠房開發租售業；H701050 投資興建公共建設業；H703090 不動產買賣業；H703100 不動產租賃業；I102010 投資顧問業；I103060 管理顧問業；I199990 其他顧問服務業；I301010 資訊軟體服務業；I301020 資料處理服務業,臺北市,變更,11504
53531267,好書服文創事業股份有限公司,臺北市大安區仁愛路4段2號11樓,曾逸峰,3750000,,115/04/01,特殊補正,F109070 文教、樂器、育樂用品批發業；F113050 電腦及事務性機器設備批發業；F118010 資訊軟體批發業；F119010 電子材料批發業；F209060 文教、樂器、育樂用品零售業；F213030 電腦及事務性機器設備零售業；F218010 資訊軟體零售業；F219010 電子材料零售業；F399040 無店面零售業；I301010 資訊軟體服務業,臺北市,變更,11504
53531745,德煌生醫科技股份有限公司,臺北市大同區長安西路88號4樓,廖健仲,330000000,,115/04/27,特殊補正,F108040 化粧品批發業；F203010 食品什貨、飲料零售業；F208040 化粧品零售業；F208050 乙類成藥零售業；F401010 國際貿易業；I103060 管理顧問業；J304010 圖書出版業；JE01010 租賃業；I101090 食品顧問業；F102170 食品什貨批發業,臺北市,變更,11504
53532076,慶昌資產管理股份有限公司,臺北市大安區仁愛路3段141號4樓,"LIAO,ALICE YU-CHING(廖于晴)",21370000,,115/04/21,公司所在地,H701010 住宅及大樓開發租售業；H703090 不動產買賣業；H703100 不動產租賃業；ZZ99999 除許可業務外，得經營法令非禁止或限制之業務,臺北市,變更,11504
53536262,高泰金屬有限公司,臺北市松山區南京東路5段2號3樓,吳政輝,12400000,,115/04/23,公司所營事業變更修正章程,F106010 五金批發業；F199010 回收物料批發業；F206010 五金零售業；J101030 廢棄物清除業；J101040 廢棄物處理業；J101080 資源回收業；J101090 廢棄物清理業；F401010 國際貿易業；CC01020 電線及電纜製造業；E603010 電纜安裝工程業,臺北市,變更,11504
53536306,穆得室內裝修設計工程股份有限公司,臺北市中山區松江路76號12樓,余幸育,20000000,,115/04/02,增資(資本總額),E601020 電器安裝業；E604010 機械安裝業；E605010 電腦設備安裝業；E701040 簡易電信設備安裝業；E801010 室內裝潢業；E801020 門窗安裝工程業；E801030 室內輕鋼架工程業；E801040 玻璃安裝工程業；E801060 室內裝修業；E901010 油漆工程業,臺北市,變更,11504
53537234,錦江開發股份有限公司,臺北市中山區中山北路1段105巷18之1號4樓之2,張振雄,50000000,,115/04/08,董事/監察人持股變動報備,E801010 室內裝潢業；F111090 建材批發業；F211010 建材零售業；F401010 國際貿易業；H701010 住宅及大樓開發租售業；H701020 工業廠房開發租售業；H701050 投資興建公共建設業；H701090 都市更新整建維護業；H702010 建築經理業；H703090 不動產買賣業,臺北市,變更,11504
53539275,光合建築股份有限公司,臺北市松山區敦化南路1段102號11樓之1,柴世強,70000000,,115/04/17,董事/監察人持股變動報備,H701010 住宅及大樓開發租售業；H701020 工業廠房開發租售業；H701040 特定專業區開發業；H701050 投資興建公共建設業；H701060 新市鎮、新社區開發業；H701070 區段徵收及市地重劃代辦業；H701080 都市更新重建業；H701090 都市更新整建維護業；H702010 建築經理業；H703090 不動產買賣業,臺北市,變更,11504
53543496,新譽國際股份有限公司,臺北市中山區松江路152號12樓,林正,44500000,,115/04/10,發行新股,F401010 國際貿易業；ZZ99999 除許可業務外，得經營法令非禁止或限制之業務；F101990 其他農、畜、水產品批發業；F102040 飲料批發業；F102170 食品什貨批發業；F104110 布疋、衣著、鞋、帽、傘、服飾品批發業；F106020 日常用品批發業；F108040 化粧品批發業；F109070 文教、樂器、育樂用品批發業；F113010 機械批發業,臺北市,變更,11504
53545017,聯築開發股份有限公司,臺北市大安區建國南路1段161號12樓,張嘉慶,45000000,,115/04/29,改選董事/監察人(一人法人股東指派董事/監察人),F111090 建材批發業；F113010 機械批發業；F211010 建材零售業；F213080 機械器具零售業；H701010 住宅及大樓開發租售業；H701040 特定專業區開發業；H701060 新市鎮、新社區開發業；H701080 都市更新重建業；H701090 都市更新整建維護業；I503010 景觀、室內設計業,臺北市,變更,11504
53549490,福旺投資股份有限公司,臺北市松山區八德路4段520號10樓,邱立堅,75000000,,115/04/01,改選董事/監察人(一人法人股東指派董事/監察人),H201010 一般投資業,臺北市,變更,11504
53550159,絢挺有限公司,臺北市松山區南京東路5段270號1樓,陳詩瓊,200000,,115/04/10,股東出資轉讓修正章程,F104110 布疋、衣著、鞋、帽、傘、服飾品批發業；F105050 家具、寢具、廚房器具、裝設品批發業；F204110 布疋、衣著、鞋、帽、傘、服飾品零售業；F205040 家具、寢具、廚房器具、裝設品零售業；F208040 化粧品零售業；F399040 無店面零售業；F401010 國際貿易業；ZZ99999 除許可業務外，得經營法令非禁止或限制之業務,臺北市,變更,11504
53550313,伯樂資本股份有限公司,臺北市信義區松高路77號34樓之1,彭云嫻,101100000,,115/04/20,特殊補正,F106020 日常用品批發業；F113070 電信器材批發業；F118010 資訊軟體批發業；F119010 電子材料批發業；F206020 日常用品零售業；F213060 電信器材零售業；F218010 資訊軟體零售業；F219010 電子材料零售業；F399040 無店面零售業；F399990 其他綜合零售業,臺北市,變更,11504
53551896,創世紀顧問股份有限公司,臺北市信義區基隆路2段179號13樓之2,陳世銘,29500000,,115/04/23,特殊補正,E801010 室內裝潢業；H701010 住宅及大樓開發租售業；H703090 不動產買賣業；H703100 不動產租賃業；I102010 投資顧問業；I103060 管理顧問業；I199990 其他顧問服務業；I301020 資料處理服務業；JZ99050 仲介服務業；ZZ99999 除許可業務外，得經營法令非禁止或限制之業務,臺北市,變更,11504
53553536,黃裳元吉有限公司,臺北市大安區仁愛路4段345巷4弄5號1樓,黃采茵,5000000,,115/04/15,特殊補正,J305010 有聲出版業；J304010 圖書出版業；J303010 雜誌（期刊）出版業；F104110 布疋、衣著、鞋、帽、傘、服飾品批發業；F109070 文教、樂器、育樂用品批發業；F204110 布疋、衣著、鞋、帽、傘、服飾品零售業；F206020 日常用品零售業；F299990 其他零售業；F208040 化粧品零售業；F501030 飲料店業,臺北市,變更,11504
53554373,鼎潢國際股份有限公司,臺北市大安區忠孝東路4段183號13樓之2,徐延明,5000000,,115/04/15,公司所在地,C501040 組合木材製造業；C501060 木質容器製造業；C501990 其他木製品製造業；E801010 室內裝潢業；F105050 家具、寢具、廚房器具、裝設品批發業；F106010 五金批發業；F111090 建材批發業；F120010 耐火材料批發業；F205040 家具、寢具、廚房器具、裝設品零售業；F206010 五金零售業,臺北市,變更,11504
53557245,黑潮藝術有限公司,臺北市大安區信義路4段151號2樓之1,謝宗益,3400000,,115/04/15,董事/股東地址變更,F109070 文教、樂器、育樂用品批發業；F209060 文教、樂器、育樂用品零售業；F399990 其他綜合零售業；F401010 國際貿易業；I103060 管理顧問業；I105010 藝術品諮詢顧問業；I301020 資料處理服務業；I401010 一般廣告服務業；I501010 產品設計業；IZ12010 人力派遣業,臺北市,變更,11504
53558286,台灣小林藥業股份有限公司,臺北市中正區衡陽路51號11樓之4,秋田浩司,8000000,,115/04/15,改派董事/監察人,F108021 西藥批發業；F208021 西藥零售業；F108031 醫療器材批發業；F208031 醫療器材零售業；F108040 化粧品批發業；F208040 化粧品零售業；F102170 食品什貨批發業；F203010 食品什貨、飲料零售業；F106020 日常用品批發業；F206020 日常用品零售業,臺北市,變更,11504
53558292,萬洲通國際企業股份有限公司,臺北市信義區吳興街364巷1號,王宥傑,238880000,,115/04/02,特殊補正,F101100 花卉批發業；F102030 菸酒批發業；F102040 飲料批發業；F104110 布疋、衣著、鞋、帽、傘、服飾品批發業；F105050 家具、寢具、廚房器具、裝設品批發業；F106020 日常用品批發業；F107190 塑膠膜、袋批發業；F108040 化粧品批發業；F109070 文教、樂器、育樂用品批發業；F113020 電器批發業,臺北市,變更,11504
53561873,台灣奧特斯股份有限公司,臺北市信義區基隆路1段333號22樓2213室,Andreas Wippel,500000,,115/04/20,董事(常務董事.董事長)/監察人解任,CC01080 電子零組件製造業；CC01110 電腦及其週邊設備製造業；E605010 電腦設備安裝業；F113050 電腦及事務性機器設備批發業；F213030 電腦及事務性機器設備零售業；F401010 國際貿易業；I501010 產品設計業；IZ15010 市場研究及民意調查業；ZZ99999 除許可業務外，得經營法令非禁止或限制之業務,臺北市,變更,11504
53561917,餘香有限公司,臺北市大安區敦化南路2段81巷45弄12號,王雄一,1500000,,115/04/23,董事/股東證照變更,F102170 食品什貨批發業；F203010 食品什貨、飲料零售業；F401010 國際貿易業；F501060 餐館業；F102040 飲料批發業；F501030 飲料店業；F501050 飲酒店業；C104020 烘焙炊蒸食品製造業；C110010 飲料製造業；C199010 麵條、粉條類食品製造業,臺北市,變更,11504
53563605,嘉佰億國際有限公司,臺北市中正區南昌路2段23號2樓,余貴妹,3000000,,115/04/15,股東出資轉讓修正章程,F114010 汽車批發業；F114030 汽、機車零件配備批發業；F114050 車胎批發業；F214010 汽車零售業；F214030 汽、機車零件配備零售業；F214050 車胎零售業；JA01010 汽車修理業；F112040 石油製品批發業；F212050 石油製品零售業；F401010 國際貿易業,臺北市,變更,11504
53565603,大悲國際有限公司,臺北市信義區信義路5段5號4樓,林晏生,10000000,,115/04/17,減少所營事業變更修正章程,F106020 日常用品批發業；F106070 祭祀用品批發業；F108040 化粧品批發業；F113020 電器批發業；F113050 電腦及事務性機器設備批發業；F119010 電子材料批發業；F213010 電器零售業；F399040 無店面零售業；F401010 國際貿易業；I103060 管理顧問業,臺北市,變更,11504
53567320,盟策創意整合有限公司,臺北市內湖區民權東路6段191巷26號,蔡妤涵,10000000,,115/04/08,解散,E601020 電器安裝業；E603040 消防安全設備安裝工程業；E605010 電腦設備安裝業；E801010 室內裝潢業；E801020 門窗安裝工程業；E801030 室內輕鋼架工程業；E801040 玻璃安裝工程業；E901010 油漆工程業；EZ99990 其他工程業；F111090 建材批發業,臺北市,變更,11504
53581765,樂透旅行社有限公司,臺北市松山區南京東路4段1號6樓,王啓村,20000000,,115/04/01,特殊補正,J902011 旅行業,臺北市,變更,11504
53652493,英屬維京群島商尚特投資開發有限公司,臺北市萬華區環河南路二段280巷16號1樓,陳正諺,906000000,,115/04/29,補繳規費,E801010 室內裝潢業；F401010 國際貿易業；H701010 住宅及大樓開發租售業；H701020 工業廠房開發租售業；H701050 投資興建公共建設業；H701060 新市鎮、新社區開發業；H702010 建築經理業；H703090 不動產買賣業；H703100 不動產租賃業；I102010 投資顧問業,臺北市,變更,11504
53658948,日商特樂通資訊有限公司,臺北市中山區民權東路三段35號7樓之1,田村正泰,3000000,,115/04/13,廢止登記,F401021 電信管制射頻器材輸入業；F113070 電信器材批發業；F213030 電腦及事務性機器設備零售業；E701030 電信管制射頻器材裝設工程業；E701040 簡易電信設備安裝業；I199990 其他顧問服務業；I301010 資訊軟體服務業；I301020 資料處理服務業；I401010 一般廣告服務業；IE01010 電信業務門號代辦業,臺北市,變更,11504
53663724,鑽石生技投資股份有限公司,臺北市中正區忠孝西路一段66號35樓,楊泮池,8528600000,,115/04/23,認股憑證換發新股,F107200 化學原料批發業；F601010 智慧財產權業；IG01010 生物技術服務業；IG02010 研究發展服務業；IZ99990 其他工商服務業；I102010 一般投資顧問業；I103060 管理顧問業；H202010 創業投資業,臺北市,變更,11504
53664266,大陸商福建宏信藥業進出口有限公司,臺北市大同區老師里環河北路二段375號4樓,洪永四,0,,115/04/28,一般補正案,,臺北市,變更,11504
53669993,新加坡商泰科圖遊戲科技有限公司,臺北市信義區松智路1號11樓,艾默森,500000,,115/04/24,本公司所在地變更,F118010 資訊軟體批發業；F218010 資訊軟體零售業；F401010 國際貿易業；I301010 資訊軟體服務業；ZZ99999 除許可業務外，得經營法令非禁止或限制之業務,臺北市,變更,11504
53675974,加拿大商哈斯基能源國際有限公司,臺北市信義區松仁路3號4樓,文嘉儀,500000,,115/04/29,改派在中華民國境內負責人變更登記,B102010 石油及天然氣礦業；EZ99990 其他工程業；I101080 工、礦顧問業；ZZ99999 除許可業務外，得經營法令非禁止或限制之業務,臺北市,變更,11504
53679916,泰三投資股份有限公司,臺北市大安區復興南路二段359號1樓,天滿正一郎,2202441000,,115/04/17,消除股份減資(特別股收回),H703100 不動產租賃業；H201010 一般投資業,臺北市,變更,11504
53693522,華昱實業有限公司,臺北市信義區松德路6號8樓,李昇澔,5000000,,115/04/13,特殊補正,CC01080 電子零組件製造業；CC01110 電腦及其週邊設備製造業；F113030 精密儀器批發業；F113050 電腦及事務性機器設備批發業；F118010 資訊軟體批發業；F119010 電子材料批發業；F213030 電腦及事務性機器設備零售業；F213040 精密儀器零售業；F219010 電子材料零售業；F401010 國際貿易業,臺北市,變更,11504
53695042,奧邦設計有限公司,臺北市松山區民權東路3段191巷80號,張佳偉,2000000,,115/04/15,特殊補正,E599010 配管工程業；E801010 室內裝潢業；E801020 門窗安裝工程業；E801030 室內輕鋼架工程業；E801040 玻璃安裝工程業；E801070 廚具、衛浴設備安裝工程業；E901010 油漆工程業；E903010 防蝕、防銹工程業；EZ99990 其他工程業；F105050 家具、寢具、廚房器具、裝設品批發業,臺北市,變更,11504
53700777,舍計傢創意空間有限公司,臺北市大同區南京西路57號3樓,吳盈憲,200000,,115/04/23,特殊補正,F102170 食品什貨批發業；F102040 飲料批發業；F203020 菸酒零售業；F206020 日常用品零售業；F203010 食品什貨、飲料零售業；F204110 布疋、衣著、鞋、帽、傘、服飾品零售業；JE01010 租賃業；J601010 藝文服務業；J602010 演藝活動業；I401010 一般廣告服務業,臺北市,變更,11504
53729649,天地文創事業有限公司,臺北市松山區健康路152號3樓,林曉彤,1000000,,115/04/29,特殊補正,J303010 雜誌（期刊）出版業；J304010 圖書出版業；J305010 有聲出版業；J601010 藝文服務業；JB01010 會議及展覽服務業；I103060 管理顧問業；I105010 藝術品諮詢顧問業；I199990 其他顧問服務業；ZZ99999 除許可業務外，得經營法令非禁止或限制之業務,臺北市,變更,11504
53732378,海格斯文教事業有限公司,臺北市大同區延平北路2段286之5號1樓,蔡莉莉,59000000,,115/04/15,特殊補正,F109070 文教、樂器、育樂用品批發業；F209060 文教、樂器、育樂用品零售業；J304010 圖書出版業；J305010 有聲出版業；J399010 軟體出版業；J601010 藝文服務業；JA05010 留、遊學服務業；I103060 管理顧問業；JE01010 租賃業；ZZ99999 除許可業務外，得經營法令非禁止或限制之業務,臺北市,變更,11504
53732406,黛西艾迪生物科技股份有限公司,臺北市中山區中山北路2段39巷6之1號2樓,翁若蜜,10000000,,115/04/09,特殊補正,F108040 化粧品批發業；F208040 化粧品零售業；F208050 乙類成藥零售業；F401010 國際貿易業；I199990 其他顧問服務業；IG01010 生物技術服務業；IG02010 研究發展服務業；JZ99110 瘦身美容業；C802100 化粧品製造業；C802110 化粧品色素製造業,臺北市,變更,11504
53732948,東方航空貨運承攬有限公司,臺北市中山區長春路380號5樓之1,楊國華,5000000,,115/04/28,股東出資轉讓修正章程,G601011 航空貨運承攬業；G701011 報關業；F401010 國際貿易業；I301040 第三方支付服務業；ZZ99999 除許可業務外，得經營法令非禁止或限制之業務,臺北市,變更,11504
53733019,永德國際建設股份有限公司,臺北市大安區敦化南路1段332號10樓,陳嘉珍,300000000,,115/04/13,增資(資本總額),H701010 住宅及大樓開發租售業；H701020 工業廠房開發租售業；H701040 特定專業區開發業；H701050 投資興建公共建設業；H701060 新市鎮、新社區開發業；H701070 區段徵收及市地重劃代辦業；H701080 都市更新重建業；H702010 建築經理業；H703090 不動產買賣業；H703100 不動產租賃業,臺北市,變更,11504
53737182,海圖國際有限公司,臺北市大同區延平北路2段286之5號1樓,蔡莉莉,20000000,,115/04/13,減少所營事業變更修正章程,F401010 國際貿易業；IZ09010 管理系統驗證業；I103060 管理顧問業；I301010 資訊軟體服務業；I301020 資料處理服務業；I301030 電子資訊供應服務業；F109070 文教、樂器、育樂用品批發業；F209060 文教、樂器、育樂用品零售業；J304010 圖書出版業；J305010 有聲出版業,臺北市,變更,11504
53737417,創意點子數位股份有限公司,臺北市內湖區瑞光路437號8樓,陸意志,100000000,,115/04/28,特殊補正,I301010 資訊軟體服務業；I301020 資料處理服務業；I301030 電子資訊供應服務業；F213030 電腦及事務性機器設備零售業；F218010 資訊軟體零售業；F401010 國際貿易業；F601010 智慧財產權業；I401010 一般廣告服務業；IZ13010 網路認證服務業；IZ15010 市場研究及民意調查業,臺北市,變更,11504
53739787,惠隆事業有限公司,臺北市中山區南京東路2段20號10樓之1,李由美,28000000,,115/04/29,特殊補正,F105050 家具、寢具、廚房器具、裝設品批發業；F205040 家具、寢具、廚房器具、裝設品零售業；F401010 國際貿易業；H703100 不動產租賃業；I501010 產品設計業；JA02010 電器及電子產品修理業；ZZ99999 除許可業務外，得經營法令非禁止或限制之業務；F104110 布疋、衣著、鞋、帽、傘、服飾品批發業；F204110 布疋、衣著、鞋、帽、傘、服飾品零售業；H701010 住宅及大樓開發租售業,臺北市,變更,11504
53746730,春木禾貿易股份有限公司,臺北市信義區基隆路1段143號11樓之3,馬英哲,5000000,,115/04/28,特殊補正,F104110 布疋、衣著、鞋、帽、傘、服飾品批發業；F105050 家具、寢具、廚房器具、裝設品批發業；F106020 日常用品批發業；F109070 文教、樂器、育樂用品批發業；F204110 布疋、衣著、鞋、帽、傘、服飾品零售業；F205040 家具、寢具、廚房器具、裝設品零售業；F206020 日常用品零售業；F209060 文教、樂器、育樂用品零售業；F401010 國際貿易業；ZZ99999 除許可業務外，得經營法令非禁止或限制之業務,臺北市,變更,11504
53746984,輝視科技股份有限公司,臺北市中山區松江路318號12樓之5,岩田一有,50000000,,115/04/16,特殊補正,F116010 照相器材批發業；F216010 照相器材零售業；F113020 電器批發業；F213010 電器零售業；F113030 精密儀器批發業；F213040 精密儀器零售業；F119010 電子材料批發業；F219010 電子材料零售業；F113050 電腦及事務性機器設備批發業；F213030 電腦及事務性機器設備零售業,臺北市,變更,11504
53747560,草字頭國際股份有限公司,臺北市中山區南京東路3段201號3樓,黃偉倫,5000000,,115/04/15,董事/監察人持股變動報備,F401010 國際貿易業；J303010 雜誌（期刊）出版業；ZZ99999 除許可業務外，得經營法令非禁止或限制之業務；J601010 藝文服務業；J602010 演藝活動業；I199990 其他顧問服務業；JB01010 會議及展覽服務業；I103060 管理顧問業；I105010 藝術品諮詢顧問業；I301010 資訊軟體服務業,臺北市,變更,11504
53747800,耕欣開發有限公司,臺北市松山區南京東路3段287號2樓,林淑真,20000000,,115/04/08,特殊補正,F102040 飲料批發業；F102050 茶葉批發業；F102170 食品什貨批發業；F104110 布疋、衣著、鞋、帽、傘、服飾品批發業；F105050 家具、寢具、廚房器具、裝設品批發業；F106020 日常用品批發業；F109070 文教、樂器、育樂用品批發業；F399040 無店面零售業；F401010 國際貿易業；I102010 投資顧問業,臺北市,變更,11504
53749130,全凱建設股份有限公司,臺北市北投區振興街31號1樓,張炎輝,15000000,,115/04/01,改選董事/監察人(一人法人股東指派董事/監察人),H701010 住宅及大樓開發租售業；H701090 都市更新整建維護業；H703090 不動產買賣業；H703100 不動產租賃業；I503010 景觀、室內設計業；F111090 建材批發業,臺北市,變更,11504
53756716,元盛國際興業股份有限公司,臺北市中山區樂群二路267號10樓,范華軍,1200000000,,115/04/01,增資(資本總額),C901050 水泥及混凝土製品製造業；C901070 石材製品製造業；CA02010 金屬結構及建築組件製造業；CA02990 其他金屬製品製造業；E604010 機械安裝業；E801010 室內裝潢業；E801020 門窗安裝工程業；E801030 室內輕鋼架工程業；E801040 玻璃安裝工程業；E801070 廚具、衛浴設備安裝工程業,臺北市,變更,11504
53756976,邦尼管理顧問有限公司,臺北市松山區八德路3段30號9樓,鍾文魁,3000000,,115/04/10,增資,F118010 資訊軟體批發業；F119010 電子材料批發業；F218010 資訊軟體零售業；F219010 電子材料零售業；F401010 國際貿易業；F601010 智慧財產權業；I103060 管理顧問業；I301010 資訊軟體服務業；I301020 資料處理服務業；I301030 電子資訊供應服務業,臺北市,變更,11504
53757757,立展企管顧問有限公司,臺北市內湖區洲子街183號4樓,李天立,2000000,,115/04/20,特殊補正,I103060 管理顧問業；J202010 產業育成業；F401010 國際貿易業；I301010 資訊軟體服務業；J399010 軟體出版業；I301020 資料處理服務業；I301030 電子資訊供應服務業；F113050 電腦及事務性機器設備批發業；ZZ99999 除許可業務外，得經營法令非禁止或限制之業務；I701011 就業服務業,臺北市,變更,11504
53759755,沐光國際企業股份有限公司,臺北市松山區光復北路11巷85號,蔡佳蓉,10200000,,115/04/10,改選董事/監察人(一人法人股東指派董事/監察人),F401010 國際貿易業；F118010 資訊軟體批發業；CC01120 資料儲存媒體製造及複製業；I301010 資訊軟體服務業；CC01110 電腦及其週邊設備製造業；F113050 電腦及事務性機器設備批發業；JB01010 會議及展覽服務業；F113020 電器批發業；F113010 機械批發業；F113030 精密儀器批發業,臺北市,變更,11504
53763673,來毅數位科技股份有限公司,臺北市南港區昆陽街16號17樓,林政毅,164784120,,115/04/27,特殊補正,F118010 資訊軟體批發業；F218010 資訊軟體零售業；I301010 資訊軟體服務業；I301020 資料處理服務業；I301030 電子資訊供應服務業；I401010 一般廣告服務業；J399010 軟體出版業；E605010 電腦設備安裝業；E701040 簡易電信設備安裝業；F113020 電器批發業,臺北市,變更,11504
53764574,仰山林廣告有限公司,臺北市大安區忠孝東路4段166號6樓之1,祝藝,10000000,,115/04/07,公司所在地,I401010 一般廣告服務業；E801010 室內裝潢業；H704041 不動產代銷經紀業；ZZ99999 除許可業務外，得經營法令非禁止或限制之業務；H201010 一般投資業,臺北市,變更,11504
53764602,同泰資產管理有限公司,臺北市大同區長安西路45之1號2樓之1,簡昭政,5000000,,115/04/08,特殊補正,H701010 住宅及大樓開發租售業；H701020 工業廠房開發租售業；H701050 投資興建公共建設業；H701060 新市鎮、新社區開發業；H701070 區段徵收及市地重劃代辦業；H701090 都市更新整建維護業；H703090 不動產買賣業；H703100 不動產租賃業；HZ02010 金融機構金錢債權收買業務；HZ02020 辦理金融機構金錢債權之評價或拍賣業務,臺北市,變更,11504
53765068,德豐電影製作有限公司,臺北市中正區青島西路11號4樓之5,賴豐奇,5500000,,115/04/15,公司所在地,F401010 國際貿易業；F601010 智慧財產權業；I301010 資訊軟體服務業；I301020 資料處理服務業；I401010 一般廣告服務業；J601010 藝文服務業；J602010 演藝活動業；JB01010 會議及展覽服務業；J401010 電影片製作業；J402010 電影片發行業,臺北市,變更,11504
53772862,風行天股份有限公司,臺北市中山區長春路15號8樓,張惠玲,72000000,,115/04/09,增資(資本總額),I301010 資訊軟體服務業；I301020 資料處理服務業；I301030 電子資訊供應服務業；ZZ99999 除許可業務外，得經營法令非禁止或限制之業務；F401010 國際貿易業；CC01060 有線通信機械器材製造業；CC01070 無線通信機械器材製造業；CC01080 電子零組件製造業；CC01110 電腦及其週邊設備製造業；CC01990 其他電機及電子機械器材製造業,臺北市,變更,11504
53773166,台灣電計國際股份有限公司,臺北市內湖區瑞光路413號5樓,安食信司,30000000,,115/04/22,特殊補正,E603050 自動控制設備工程業；E604010 機械安裝業；E605010 電腦設備安裝業；E701020 衛星電視ＫＵ頻道、Ｃ頻道器材安裝業；E701030 電信管制射頻器材裝設工程業；E701040 簡易電信設備安裝業；F113010 機械批發業；F113030 精密儀器批發業；F113050 電腦及事務性機器設備批發業；F113070 電信器材批發業,臺北市,變更,11504
53774637,台灣來客有限公司,臺北市文山區萬芳路105巷11號,黃清龍,15000000,,115/04/14,特殊補正,J303010 雜誌（期刊）出版業；J304010 圖書出版業；J305010 有聲出版業；J399010 軟體出版業；J399990 其他出版業；F102170 食品什貨批發業；F106020 日常用品批發業；F108040 化粧品批發業；F203010 食品什貨、飲料零售業；F206020 日常用品零售業,臺北市,變更,11504
53775832,誠敬投資股份有限公司,臺北市士林區中正路212巷8弄3號1樓,林裕森,10000000,,115/04/08,特殊補正,H201010 一般投資業,臺北市,變更,11504
53777521,吉星酒棧實業股份有限公司,臺北市信義區信義路5段150巷6號,李振男,25000000,,115/04/17,改選董事/監察人(一人法人股東指派董事/監察人),F203020 菸酒零售業；F203010 食品什貨、飲料零售業；F206020 日常用品零售業；F401161 菸類輸入業；F401171 酒類輸入業；F501990 其他餐飲業；JE01010 租賃業；ZZ99999 除許可業務外，得經營法令非禁止或限制之業務,臺北市,變更,11504
53778090,偉仁食品股份有限公司,臺北市信義區松信路137號1樓,陳慧娟,1510000,,115/04/08,特殊補正,F203020 菸酒零售業；F401010 國際貿易業；F501030 飲料店業；F501060 餐館業；ZZ99999 除許可業務外，得經營法令非禁止或限制之業務；J801030 競技及休閒運動場館業；J802010 運動訓練業；J803010 運動表演業；J803020 運動比賽業；F204110 布疋、衣著、鞋、帽、傘、服飾品零售業,臺北市,變更,11504
53895479,興恆投資股份有限公司,臺北市中山區長安東路2段78號4樓,王建翔,50000000,,115/04/08,改選董事/監察人(一人法人股東指派董事/監察人),H201010 一般投資業；ZZ99999 除許可業務外，得經營法令非禁止或限制之業務,臺北市,變更,11504
53909831,約書亞國際事業有限公司,臺北市信義區忠孝東路5段482號9樓之8,蕭友梅,3000000,,115/04/27,公司所在地,F111090 建材批發業；F101130 蔬果批發業；F102170 食品什貨批發業；F104110 布疋、衣著、鞋、帽、傘、服飾品批發業；F105050 家具、寢具、廚房器具、裝設品批發業；F106010 五金批發業；F108040 化粧品批發業；F109070 文教、樂器、育樂用品批發業；F204110 布疋、衣著、鞋、帽、傘、服飾品零售業；F205040 家具、寢具、廚房器具、裝設品零售業,臺北市,變更,11504
53910653,盈輝興業有限公司,臺北市北投區公舘路296號1樓,張皓斌,5000000,,115/04/22,特殊補正,E801020 門窗安裝工程業；E801040 玻璃安裝工程業；E901010 油漆工程業；E903010 防蝕、防銹工程業；E603100 電焊工程業；F106010 五金批發業；F111090 建材批發業；F113990 其他機械器具批發業；E801010 室內裝潢業；EZ99990 其他工程業,臺北市,變更,11504
53913477,寶玉投資股份有限公司,臺北市信義區基隆路1段180號8樓,王張寶琴,10000000,,115/04/09,特殊補正,H201010 一般投資業,臺北市,變更,11504
53916262,聚達系統股份有限公司,臺北市南港區八德路4段768巷9號3樓之1,潘瓊如,150000000,,115/04/15,特殊補正,CC01060 有線通信機械器材製造業；CC01070 無線通信機械器材製造業；CC01080 電子零組件製造業；CC01120 資料儲存媒體製造及複製業；F113050 電腦及事務性機器設備批發業；F113070 電信器材批發業；F118010 資訊軟體批發業；F213030 電腦及事務性機器設備零售業；F218010 資訊軟體零售業；F401010 國際貿易業,臺北市,變更,11504
53917754,青石板投資股份有限公司,臺北市中山區樂群二路267號8樓之1,鄭鈞方,7600000000,,115/04/01,改選董事/監察人(一人法人股東指派董事/監察人),H201010 一般投資業；H701010 住宅及大樓開發租售業；ZZ99999 除許可業務外，得經營法令非禁止或限制之業務,臺北市,變更,11504
53918923,吉士華康有限公司,臺北市萬華區中華路2段416巷68號,張宜寧,1000000,,115/04/27,特殊補正,F208031 醫療器材零售業；F209060 文教、樂器、育樂用品零售業；F399040 無店面零售業；F401010 國際貿易業,臺北市,變更,11504
53924376,新悅開發建設股份有限公司,臺北市內湖區民權東路6段15巷25號2樓,方宗明,119890000,,115/04/15,特殊補正,J701040 休閒活動場館業；J701080 水域遊憩活動經營業；J801030 競技及休閒運動場館業；IZ12010 人力派遣業；G202010 停車場經營業；H701010 住宅及大樓開發租售業；H703090 不動產買賣業；H703100 不動產租賃業；ZZ99999 除許可業務外，得經營法令非禁止或限制之業務,臺北市,變更,11504
53925190,三友藥妝股份有限公司,臺北市中山區民權東路3段4號地下1層,邱光隆,250000000,,115/04/01,特殊補正,A102060 糧商業；F101990 其他農、畜、水產品批發業；F102030 菸酒批發業；F102040 飲料批發業；F102170 食品什貨批發業；F104110 布疋、衣著、鞋、帽、傘、服飾品批發業；F105050 家具、寢具、廚房器具、裝設品批發業；F106020 日常用品批發業；F106050 陶瓷玻璃器皿批發業；F107180 爆竹、煙火批發業,臺北市,變更,11504
53928990,盟訊國際研發股份有限公司,臺北市內湖區瑞光路68號6樓,山邉博樹,4000000,,115/04/24,改選董事/監察人(一人法人股東指派董事/監察人),CB01010 機械設備製造業；CB01020 事務機器製造業；CC01110 電腦及其週邊設備製造業；CC01080 電子零組件製造業；CC01120 資料儲存媒體製造及複製業；CC01060 有線通信機械器材製造業；CC01070 無線通信機械器材製造業；CB01990 其他機械製造業；CC01990 其他電機及電子機械器材製造業；F113010 機械批發業,臺北市,變更,11504
53929816,天星管理顧問股份有限公司,臺北市松山區南京東路3段248號10樓之3,百麗航運股份有限公司,30000000,,115/04/08,特殊補正,CD01010 船舶及其零件製造業；CD01070 商港區船舶小修業；F114060 船舶及其零件批發業；F214060 船舶及其零件零售業；F401010 國際貿易業；I101120 造船顧問業；I199990 其他顧問服務業；ZZ99999 除許可業務外，得經營法令非禁止或限制之業務,臺北市,變更,11504
53930573,康厝建設股份有限公司,臺北市中山區長安東路2段6之1號3樓,莊乃磐,27210890,,115/04/29,補繳規費,H701010 住宅及大樓開發租售業；H701020 工業廠房開發租售業；H701040 特定專業區開發業；H701050 投資興建公共建設業；H701060 新市鎮、新社區開發業；H701070 區段徵收及市地重劃代辦業；H701080 都市更新重建業；H701090 都市更新整建維護業；H702010 建築經理業；H703090 不動產買賣業,臺北市,變更,11504
53932312,聖澤國際有限公司,臺北市大安區安和路2段39號,何澤芸,4600000,,115/04/29,公司所在地,F102030 菸酒批發業；F102040 飲料批發業；F102170 食品什貨批發業；F203010 食品什貨、飲料零售業；F203020 菸酒零售業；F401010 國際貿易業；F501030 飲料店業；F501060 餐館業；I501010 產品設計業；ZZ99999 除許可業務外，得經營法令非禁止或限制之業務,臺北市,變更,11504
53933683,方原開發股份有限公司,臺北市士林區延平北路6段477號3樓,黃翔,405000000,,115/04/29,特殊補正,G801010 倉儲業；CZ99010 製冰業；CB01010 機械設備製造業；E604010 機械安裝業；E801010 室內裝潢業；I301010 資訊軟體服務業；I301030 電子資訊供應服務業；IG03010 能源技術服務業；IZ06010 理貨包裝業；JE01010 租賃業,臺北市,變更,11504
53933950,台灣國際置業股份有限公司,臺北市松山區復興北路101號8樓之6,林美金,1000000,,115/04/15,特殊補正,H701020 工業廠房開發租售業；H701030 殯葬場所開發租售業；H701040 特定專業區開發業；H701050 投資興建公共建設業；H701060 新市鎮、新社區開發業；H701070 區段徵收及市地重劃代辦業；H701080 都市更新重建業；H701090 都市更新整建維護業；H702010 建築經理業；H703090 不動產買賣業,臺北市,變更,11504
53934655,民瑋投資股份有限公司,臺北市松山區敦化北路167號13樓,簡天民,12000000,,115/04/20,公司所在地,H201010 一般投資業；H701010 住宅及大樓開發租售業；H701020 工業廠房開發租售業；H701040 特定專業區開發業；H703090 不動產買賣業；H703100 不動產租賃業；ZZ99999 除許可業務外，得經營法令非禁止或限制之業務,臺北市,變更,11504
53934661,春宇投資有限公司,臺北市松山區敦化北路167號13樓,安慧婷,10000000,,115/04/20,公司所在地,H201010 一般投資業；H701010 住宅及大樓開發租售業；H701020 工業廠房開發租售業；H703090 不動產買賣業；H703100 不動產租賃業；ZZ99999 除許可業務外，得經營法令非禁止或限制之業務,臺北市,變更,11504
53937251,固德生技有限公司,臺北市內湖區行善路450號6樓,林妙玉,30000000,,115/04/24,特殊補正,F108040 化粧品批發業；F199990 其他批發業；F208040 化粧品零售業；F399990 其他綜合零售業；F108031 醫療器材批發業；F208031 醫療器材零售業；F102170 食品什貨批發業；F203010 食品什貨、飲料零售業；F208050 乙類成藥零售業；ZZ99999 除許可業務外，得經營法令非禁止或限制之業務,臺北市,變更,11504
53939687,弘程建設股份有限公司,臺北市中山區南京東路1段46號10樓,應光偉,68000000,,115/04/27,補繳規費,H701010 住宅及大樓開發租售業；H701020 工業廠房開發租售業；H701040 特定專業區開發業；H701050 投資興建公共建設業；H701060 新市鎮、新社區開發業；H701070 區段徵收及市地重劃代辦業；H701080 都市更新重建業；H703090 不動產買賣業；H703100 不動產租賃業；F111090 建材批發業,臺北市,變更,11504
53940191,鉅豐室內裝修設計工程有限公司,臺北市信義區中坡南路98巷5號地下1層,林琬淳,7000000,,115/04/23,特殊補正,F113050 電腦及事務性機器設備批發業；F209060 文教、樂器、育樂用品零售業；F213010 電器零售業；F219010 電子材料零售業；I301010 資訊軟體服務業；I401010 一般廣告服務業；I501010 產品設計業；J399990 其他出版業；J601010 藝文服務業；J602010 演藝活動業,臺北市,變更,11504
53943036,蜆豐國際股份有限公司,臺北市內湖區新湖二路146巷33號3樓,張志鵠,100000000,,115/04/09,特殊補正,F112040 石油製品批發業；F114030 汽、機車零件配備批發業；F212050 石油製品零售業；F401010 國際貿易業；ZZ99999 除許可業務外，得經營法令非禁止或限制之業務,臺北市,變更,11504
53943916,耘宏設計有限公司,臺北市內湖區成功路5段420巷11號,嚴麗萍,5000000,,115/04/17,股東出資轉讓修正章程,I501010 產品設計業；F401010 國際貿易業；I599990 其他設計業；I502010 服飾設計業；I503010 景觀、室內設計業；I504010 花藝設計業；ZZ99999 除許可業務外，得經營法令非禁止或限制之業務,臺北市,變更,11504
53945098,宜泰資產管理有限公司,臺北市大同區長安東路45之1號2樓之1,簡昭政,5000000,,115/04/02,特殊補正,H701010 住宅及大樓開發租售業；H701020 工業廠房開發租售業；H701050 投資興建公共建設業；H701060 新市鎮、新社區開發業；H701070 區段徵收及市地重劃代辦業；H701090 都市更新整建維護業；H703090 不動產買賣業；H703100 不動產租賃業；HZ02010 金融機構金錢債權收買業務；HZ02020 辦理金融機構金錢債權之評價或拍賣業務,臺北市,變更,11504
53945153,雲端達人科技股份有限公司,臺北市中山區林森北路577號11樓,蘇隆慎,10000000,,115/04/20,特殊補正,I199990 其他顧問服務業；I301010 資訊軟體服務業；I301020 資料處理服務業；I301030 電子資訊供應服務業；I501010 產品設計業；IZ15010 市場研究及民意調查業；F113050 電腦及事務性機器設備批發業；F119010 電子材料批發業；F219010 電子材料零售業；E605010 電腦設備安裝業,臺北市,變更,11504
53945317,聯寶國際商業有限公司,臺北市大安區忠孝東路3段303號6樓,,3000000,,115/04/27,解散,F108031 醫療器材批發業；F208031 醫療器材零售業；F213030 電腦及事務性機器設備零售業；F213040 精密儀器零售業；F218010 資訊軟體零售業；F401010 國際貿易業；E604010 機械安裝業；I401010 一般廣告服務業；ZZ99999 除許可業務外，得經營法令非禁止或限制之業務,臺北市,變更,11504
53949524,安永生活事業股份有限公司,臺北市內湖區洲子街176號3樓,曾海華,295000000,,115/04/10,特殊補正,A102020 農產品整理業；A102060 糧商業；C104020 烘焙炊蒸食品製造業；F101040 家畜家禽批發業；F101050 水產品批發業；F101130 蔬果批發業；F102040 飲料批發業；F102170 食品什貨批發業；F106020 日常用品批發業；F107030 清潔用品批發業,臺北市,變更,11504
53949910,貓出頭整合設計有限公司,臺北市中正區和平西路1段143號5樓,梁炎煌,1000000,,115/04/23,特殊補正,F203010 食品什貨、飲料零售業；F204110 布疋、衣著、鞋、帽、傘、服飾品零售業；F205040 家具、寢具、廚房器具、裝設品零售業；F206020 日常用品零售業；F206050 寵物食品及其用品零售業；F209060 文教、樂器、育樂用品零售業；F215010 首飾及貴金屬零售業；F299990 其他零售業；F301020 超級市場業；F401010 國際貿易業,臺北市,變更,11504
53950599,彥凱有限公司,臺北市大安區忠孝東路4段295號3樓,劉心陽,4000000,,115/04/02,補繳規費,I102010 投資顧問業；I103060 管理顧問業；J303010 雜誌（期刊）出版業；J304010 圖書出版業；F401010 國際貿易業；F399040 無店面零售業；J302010 通訊稿業；ZZ99999 除許可業務外，得經營法令非禁止或限制之業務,臺北市,變更,11504
53950824,嘉珍香食品股份有限公司,臺北市萬華區桂林路128號21樓,陳嘉雯,40000000,,115/04/14,特殊補正,F101040 家畜家禽批發業；F101050 水產品批發業；F101130 蔬果批發業；F101990 其他農、畜、水產品批發業；F102170 食品什貨批發業；F103010 飼料批發業；F201010 農產品零售業；F201020 畜產品零售業；F201030 水產品零售業；F201990 其他農畜水產品零售業,臺北市,變更,11504
53951979,台灣野村總研諮詢顧問股份有限公司,臺北市松山區敦化北路168號10樓,石綿昌平,76000000,,115/04/10,改派董事/監察人,I102010 投資顧問業；I103060 管理顧問業；I199990 其他顧問服務業；I301010 資訊軟體服務業；I301020 資料處理服務業；I301030 電子資訊供應服務業；IG02010 研究發展服務業；F118010 資訊軟體批發業；F218010 資訊軟體零售業；JB01010 會議及展覽服務業,臺北市,變更,11504
53952040,臺灣蔦屋股份有限公司,臺北市松山區敦化南路1段57號3樓之7,大塚一馬,18000000,,115/04/02,特殊補正,I103060 管理顧問業；I301010 資訊軟體服務業；I301020 資料處理服務業；I301030 電子資訊供應服務業；IZ13010 網路認證服務業；IZ15010 市場研究及民意調查業；IZ99990 其他工商服務業；ZZ99999 除許可業務外，得經營法令非禁止或限制之業務；F102170 食品什貨批發業；F203010 食品什貨、飲料零售業,臺北市,變更,11504
53952935,品學堂文化股份有限公司,臺北市大安區敦化南路2段200巷16號,黃國珍,2000000,,115/04/16,公司所在地,J303010 雜誌（期刊）出版業；J304010 圖書出版業；J305010 有聲出版業；I103060 管理顧問業；J503010 廣播節目製作業；J503020 電視節目製作業；J503030 廣播電視節目發行業；J503040 廣播電視廣告業；I301010 資訊軟體服務業；I301020 資料處理服務業,臺北市,變更,11504
53953505,艾莉伊有限公司,臺北市中山區中山北路2段27巷5號7樓,楊美環,70000000,,115/04/01,股東出資轉讓修正章程,H201010 一般投資業；H703090 不動產買賣業；H703100 不動產租賃業；I102010 投資顧問業；I103060 管理顧問業；ZZ99999 除許可業務外，得經營法令非禁止或限制之業務,臺北市,變更,11504
53953673,凱基創業投資股份有限公司,臺北市中山區明水路700號6樓,胡惠萍,800000000,,115/04/28,董事(常務董事.董事長)/監察人解任,H202010 創業投資業；ZZ99999 除許可業務外，得經營法令非禁止或限制之業務,臺北市,變更,11504
53955996,風尚精選股份有限公司,臺北市大安區忠孝東路4段59號4樓之3,永松功太郎,11599700,,115/04/16,特殊補正,F399040 無店面零售業；I301010 資訊軟體服務業；I301020 資料處理服務業；I401010 一般廣告服務業；I103060 管理顧問業；I199990 其他顧問服務業；F401010 國際貿易業；I301040 第三方支付服務業；J601010 藝文服務業；J602010 演藝活動業,臺北市,變更,11504
53957328,台灣海上希步洋股份有限公司,臺北市松山區民權東路3段106巷15弄5號1樓,新保裕之,6000000,,115/04/15,改選董事/監察人(一人法人股東指派董事/監察人),E604010 機械安裝業；EZ05010 儀器、儀表安裝工程業；F113010 機械批發業；F113070 電信器材批發業；F114060 船舶及其零件批發業；F119010 電子材料批發業；F213060 電信器材零售業；F213080 機械器具零售業；F219010 電子材料零售業；F401010 國際貿易業,臺北市,變更,11504
53967254,台灣愛克工業股份有限公司,臺北市中山區民生東路2段174號2樓,大村信幸,80000000,,115/04/17,票據兌現/他機關函復/補正,E801010 室內裝潢業；F105050 家具、寢具、廚房器具、裝設品批發業；F106010 五金批發業；F107010 漆料、塗料批發業；F111090 建材批發業；F120010 耐火材料批發業；F205040 家具、寢具、廚房器具、裝設品零售業；F206010 五金零售業；F207010 漆料、塗料零售業；F211010 建材零售業,臺北市,變更,11504
53985632,南山營造有限公司,臺北市中山區松江路152號8樓之7,劉宇倫,23000000,,115/04/23,特殊補正,E101011 綜合營造業；ZZ99999 除許可業務外，得經營法令非禁止或限制之業務,臺北市,變更,11504
53995694,愛進化科技股份有限公司,臺北市南港區市民大道八段205號8樓,王靖夫,750250000,,115/04/08,補繳規費,F119010 電子材料批發業；F118010 資訊軟體批發業；F113020 電器批發業；F401010 國際貿易業；F219010 電子材料零售業；I301010 資訊軟體服務業；I599990 其他設計業；CC01080 電子零組件製造業；CC01990 其他電機及電子機械器材製造業；E601010 電器承裝業,臺北市,變更,11504
53997216,德兆科技有限公司,臺北市信義區忠孝東路5段1號2樓,林文鼎,3978554,,115/04/10,特殊補正,F107990 其他化學製品批發業；F113030 精密儀器批發業；F401010 國際貿易業；I199990 其他顧問服務業；F119010 電子材料批發業；ZZ99999 除許可業務外，得經營法令非禁止或限制之業務,臺北市,變更,11504
54000843,寬庭開發建築股份有限公司,臺北市大安區忠孝東路4段148號10樓之10,李淑寬,50000000,,115/04/15,董事/監察人持股變動報備,E101011 綜合營造業；E401010 疏濬業；E402010 沙石、淤泥海拋業；E502010 燃料導管安裝工程業；E603040 消防安全設備安裝工程業；E603090 照明設備安裝工程業；E801010 室內裝潢業；E903010 防蝕、防銹工程業；EZ11010 球場跑道樹脂材料鋪設工程業；EZ14010 運動場地用設備工程業,臺北市,變更,11504
54017302,皇宸投資股份有限公司,臺北市中山區建國北路2段3巷15號7樓之3,劉育銘,20000000,,115/04/28,改選董事/監察人(一人法人股東指派董事/監察人),H701010 住宅及大樓開發租售業；H701020 工業廠房開發租售業；H701050 投資興建公共建設業；H701060 新市鎮、新社區開發業；H701070 區段徵收及市地重劃代辦業；H703090 不動產買賣業；H703100 不動產租賃業；F111090 建材批發業；F401010 國際貿易業；E801010 室內裝潢業,臺北市,變更,11504
54029807,承濬投資股份有限公司,臺北市大安區信義路4段279號8樓,林以山,21000000,,115/04/13,特殊補正,I101070 農、林、漁、畜牧顧問業；I101080 工、礦顧問業；I101090 食品顧問業；I102010 一般投資顧問業；I103060 管理顧問業；I105010 藝術品諮詢顧問業；I199990 其他顧問服務業；IZ12010 人力派遣業；IZ99990 其他工商服務業；IG02010 研究發展服務業,臺北市,變更,11504
54033773,鼎基建設有限公司,臺北市大安區安和路1段32號12樓之3,林秀芳,12000000,,115/04/01,修正章程,E801010 室內裝潢業；F111090 建材批發業；F401010 國際貿易業；H701010 住宅及大樓開發租售業；H701020 工業廠房開發租售業；H701050 投資興建公共建設業；H701060 新市鎮、新社區開發業；H701070 區段徵收及市地重劃代辦業；H702010 建築經理業；H703090 不動產買賣業,臺北市,變更,11504
54042415,台奇資訊有限公司,臺北市中山區松江路220號8樓之5,何富敏,20000000,,115/04/21,申登機關變更（遷入，含卷）,F109070 文教、樂器、育樂用品批發業；F113030 精密儀器批發業；F113050 電腦及事務性機器設備批發業；F113070 電信器材批發業；F116010 照相器材批發業；F118010 資訊軟體批發業；F119010 電子材料批發業；F209060 文教、樂器、育樂用品零售業；F213010 電器零售業；F213030 電腦及事務性機器設備零售業,臺北市,變更,11504
54108014,川碩實業有限公司,臺北市中山區松江路66號9樓,李明億,12000000,,115/04/13,特殊補正,F101040 家畜家禽批發業；F101050 水產品批發業；F101980 其他動物批發業；F101990 其他農、畜、水產品批發業；F102020 食用油脂批發業；F102030 菸酒批發業；F102040 飲料批發業；F102050 茶葉批發業；F102170 食品什貨批發業；F102180 酒精批發業,臺北市,變更,11504
54140915,翱特有限公司,臺北市大安區敦化南路1段205號6樓,鄭壽天Soo Cheon Chung,8800000,,115/04/22,董事/股東證照變更,F118010 資訊軟體批發業；F213030 電腦及事務性機器設備零售業；F218010 資訊軟體零售業；I301010 資訊軟體服務業；I301020 資料處理服務業；I301030 電子資訊供應服務業；JE01010 租賃業；ZZ99999 除許可業務外，得經營法令非禁止或限制之業務,臺北市,變更,11504
54151412,亨元利國際通運有限公司,臺北市中山區松江路372巷9號1樓,韓玉瑋,8000000,,115/04/23,減少所營事業變更修正章程,IZ06010 理貨包裝業；G801010 倉儲業；G799990 其他運輸輔助業；G702010 船舶勞務承攬業；F401010 國際貿易業；F106020 日常用品批發業；F109070 文教、樂器、育樂用品批發業；F112040 石油製品批發業；F102170 食品什貨批發業；F113030 精密儀器批發業,臺北市,變更,11504
54151784,草系生活股份有限公司,臺北市大安區忠孝東路4段191號14樓之2,龔俞珊,19500000,,115/04/30,特殊補正,F101100 花卉批發業；F102040 飲料批發業；F102050 茶葉批發業；F106020 日常用品批發業；F106050 陶瓷玻璃器皿批發業；F201070 花卉零售業；F203010 食品什貨、飲料零售業；F206020 日常用品零售業；F205040 家具、寢具、廚房器具、裝設品零售業；C110010 飲料製造業,臺北市,變更,11504
54151813,誠穩投資有限公司,臺北市中山區松江路148號7樓,林柏年,21572000,,115/04/27,改推董事/董事長,H201010 一般投資業；ZZ99999 除許可業務外，得經營法令非禁止或限制之業務,臺北市,變更,11504
54151953,台灣瑞思邁股份有限公司,臺北市大同區承德路1段17號6樓之5,Yaoling Qiu,5000000,,115/04/09,董事/監察人證照變更,IZ15010 市場研究及民意調查業；I103060 管理顧問業；F401010 國際貿易業；F108031 醫療器材批發業；F208031 醫療器材零售業；ZZ99999 除許可業務外，得經營法令非禁止或限制之業務；F401021 電信管制射頻器材輸入業,臺北市,變更,11504
54153376,加達汽車股份有限公司,臺北市中山區民權東路3段33號3樓,王中和,194758000,,115/04/01,董事/監察人持股變動報備,F109070 文教、樂器、育樂用品批發業；F114010 汽車批發業；F114030 汽、機車零件配備批發業；F114050 車胎批發業；F214010 汽車零售業；F214030 汽、機車零件配備零售業；F214050 車胎零售業；F401010 國際貿易業；G202010 停車場經營業；JA01010 汽車修理業,臺北市,變更,11504
54153523,台灣森村股份有限公司,臺北市松山區敦化北路167號15樓之2,杉田巧,20000000,,115/04/10,改派董事/監察人,C801010 基本化學工業；C801030 精密化學材料製造業；F107200 化學原料批發業；F107990 其他化學製品批發業；F207200 化學原料零售業；F107060 毒性化學物質批發業；F207060 毒性化學物質零售業；F207990 其他化學製品零售業；CB01010 機械設備製造業；F113010 機械批發業,臺北市,變更,11504
54153642,昇晉整合服務有限公司,臺北市松山區南京東路4段75號6樓,廖崇男,15000000,,115/04/21,申登機關變更（遷入，含卷）,I103060 管理顧問業；I199990 其他顧問服務業；I301010 資訊軟體服務業；I301020 資料處理服務業；I301030 電子資訊供應服務業；I501010 產品設計業；I599990 其他設計業；IG02010 研究發展服務業；IZ99990 其他工商服務業；F401010 國際貿易業,臺北市,變更,11504
54156417,佳繽旅行社股份有限公司,臺北市中山區建國北路2段137號11樓,彭文欽,12500000,,115/04/29,特殊補正,J902011 旅行業,臺北市,變更,11504
54157160,輔宏股份有限公司,臺北市大安區忠孝東路4段148號5樓之1,徐偉翔,1000000,,115/04/27,特殊補正,F109070 文教、樂器、育樂用品批發業；F209060 文教、樂器、育樂用品零售業；F401010 國際貿易業；ZZ99999 除許可業務外，得經營法令非禁止或限制之業務；CZ99990 未分類其他工業製品製造業,臺北市,變更,11504
54158409,財略智富有限公司,臺北市信義區莊敬路325巷28號,董建華,2250000,,115/04/17,特殊補正,F118010 資訊軟體批發業；F218010 資訊軟體零售業；I301010 資訊軟體服務業；I301020 資料處理服務業；I301030 電子資訊供應服務業；F399040 無店面零售業；F401010 國際貿易業；F601010 智慧財產權業；I103060 管理顧問業；J399010 軟體出版業,臺北市,變更,11504
54159293,鈺鴻鐘錶有限公司,臺北市萬華區西寧南路70之29號1樓,朱冠嘉,5000000,,115/04/28,特殊補正,F106020 日常用品批發業；F109070 文教、樂器、育樂用品批發業；F110010 鐘錶批發業；F110020 眼鏡批發業；F113020 電器批發業；F113050 電腦及事務性機器設備批發業；F113070 電信器材批發業；F115020 礦石批發業；F116010 照相器材批發業；F118010 資訊軟體批發業,臺北市,變更,11504
54160051,卓遠教育顧問股份有限公司,臺北市中正區杭州南路1段27號9樓,王柏鈞,2000000,,115/04/29,補選董事(常務董事.董事長)/監察人,I401010 一般廣告服務業；I401020 廣告傳單分送業；F399040 無店面零售業；F401010 國際貿易業；I103060 管理顧問業；I199990 其他顧問服務業；I301010 資訊軟體服務業；I301020 資料處理服務業；ZZ99999 除許可業務外，得經營法令非禁止或限制之業務,臺北市,變更,11504
54162311,饌元股份有限公司,臺北市南港區三重路19之9號6樓,郭書齊,90000100,,115/04/02,特殊補正,ZZ99999 除許可業務外，得經營法令非禁止或限制之業務；F102170 食品什貨批發業；F218010 資訊軟體零售業；F399040 無店面零售業；F108031 醫療器材批發業；F208031 醫療器材零售業；F103010 飼料批發業；F104110 布疋、衣著、鞋、帽、傘、服飾品批發業；F105050 家具、寢具、廚房器具、裝設品批發業；F106020 日常用品批發業,臺北市,變更,11504
54163114,工味吉餐飲有限公司,臺北市中山區林森北路133巷82號1樓,大野由之,1400000,,115/04/13,經理人解任,F501060 餐館業；F102170 食品什貨批發業；F203010 食品什貨、飲料零售業；ZZ99999 除許可業務外，得經營法令非禁止或限制之業務,臺北市,變更,11504
54165035,墨美學空間股份有限公司,臺北市大同區承德路1段70之1號12樓之1,賴建呈,42300000,,115/04/24,特殊補正,F601010 智慧財產權業；I102010 投資顧問業；F401010 國際貿易業；I103060 管理顧問業；I105010 藝術品諮詢顧問業；I199990 其他顧問服務業；J202010 產業育成業；J304010 圖書出版業；H201010 一般投資業；F205040 家具、寢具、廚房器具、裝設品零售業,臺北市,變更,11504
54165703,台灣小川香料股份有限公司,臺北市中山區中山北路2段112號11樓之3,小川裕,5800000,,115/04/02,改選董事/監察人(一人法人股東指派董事/監察人),F102170 食品什貨批發業；F107020 染料、顏料批發業；F107990 其他化學製品批發業；F121010 食品添加物批發業；F203010 食品什貨、飲料零售業；F207020 染料、顏料零售業；F207990 其他化學製品零售業；F221010 食品添加物零售業；F401010 國際貿易業；ZZ99999 除許可業務外，得經營法令非禁止或限制之業務,臺北市,變更,11504
54166479,三采老茶藝品有限公司,臺北市松山區敦化南路1段102號12樓,陳亭羽,10000000,,115/04/27,公司所在地,E603050 自動控制設備工程業；E605010 電腦設備安裝業；F203010 食品什貨、飲料零售業；F213030 電腦及事務性機器設備零售業；F218010 資訊軟體零售業；F219010 電子材料零售業；F299990 其他零售業；F399040 無店面零售業；F399990 其他綜合零售業；F401010 國際貿易業,臺北市,變更,11504
54166822,龍星車隊股份有限公司,臺北市中山區長安東路2段162號1樓,周恆倫,19464690,,115/04/13,改選董事/監察人(一人法人股東指派董事/監察人),JA01010 汽車修理業；JA01040 液化石油氣車改裝業；I401010 一般廣告服務業；IZ12010 人力派遣業；F102040 飲料批發業；F102170 食品什貨批發業；F108040 化粧品批發業；F203010 食品什貨、飲料零售業；F203020 菸酒零售業；F208040 化粧品零售業,臺北市,變更,11504
54167694,綠威環保科技股份有限公司,臺北市信義區基隆路1段380號8樓,吳天銘,141278480,,115/04/08,董事(常務董事.董事長)/監察人解任,F107200 化學原料批發業；F111090 建材批發業；F113010 機械批發業；F113030 精密儀器批發業；F118010 資訊軟體批發業；F119010 電子材料批發業；I301010 資訊軟體服務業；IG03010 能源技術服務業；J101060 廢（污）水處理業；J101090 廢棄物清理業,臺北市,變更,11504
54167765,柏威企業有限公司,臺北市中山區松江路65號6樓,吳柏學,1000000,,115/04/09,特殊補正,E601020 電器安裝業；EZ15010 保溫、保冷安裝工程業；F113020 電器批發業；F213010 電器零售業；ZZ99999 除許可業務外，得經營法令非禁止或限制之業務,臺北市,變更,11504
54170522,滿滿額娛樂股份有限公司,臺北市松山區八德路4段277號4樓,林伯翰,28000000,,115/04/27,特殊補正,J304010 圖書出版業；J305010 有聲出版業；J401011 電影片製作業；J402011 電影片發行業；J503011 廣播節目製作業；J503021 電視節目製作業；J503031 廣播電視節目發行業；J503041 廣播電視廣告業；J602010 演藝活動業；I401010 一般廣告服務業,臺北市,變更,11504
54173577,大馬房東網有限公司,臺北市中山區中山北路1段67號1樓,郭子綺,5000000,,115/04/09,股東出資轉讓修正章程,I102010 投資顧問業；I103060 管理顧問業；I105010 藝術品諮詢顧問業；I199990 其他顧問服務業；I301010 資訊軟體服務業；I301020 資料處理服務業；I301030 電子資訊供應服務業；I401010 一般廣告服務業；I501010 產品設計業；I503010 景觀、室內設計業,臺北市,變更,11504
54176201,寶盛開發建設股份有限公司,臺北市內湖區民權東路6段15巷25號2樓,方宗明,140000000,,115/04/16,特殊補正,J701040 休閒活動場館業；J701080 水域遊憩活動經營業；J801030 競技及休閒運動場館業；IZ12010 人力派遣業；G202010 停車場經營業；H701010 住宅及大樓開發租售業；H703090 不動產買賣業；H703100 不動產租賃業；ZZ99999 除許可業務外，得經營法令非禁止或限制之業務,臺北市,變更,11504
54176217,寶盛建設股份有限公司,臺北市內湖區民權東路6段15巷25號2樓,方宗明,10000000,,115/04/16,特殊補正,J701040 休閒活動場館業；J701080 水域遊憩活動經營業；IZ12010 人力派遣業；G202010 停車場經營業；H701010 住宅及大樓開發租售業；H703090 不動產買賣業；H703100 不動產租賃業；ZZ99999 除許可業務外，得經營法令非禁止或限制之業務,臺北市,變更,11504
54176912,雲碼股份有限公司,臺北市萬華區成都路102號2樓之1,森下泰幸,130000000,,115/04/14,董事(常務董事.董事長)/監察人解任,I301010 資訊軟體服務業；I301020 資料處理服務業；I301030 電子資訊供應服務業；F108031 醫療器材批發業；F208031 醫療器材零售業；F401021 電信管制射頻器材輸入業；ZZ99999 除許可業務外，得經營法令非禁止或限制之業務,臺北市,變更,11504
54177454,火鳳凰實業有限公司,臺北市內湖區新湖三路189號2樓,吳芳彥,600000,,115/04/21,特殊補正,C302010 織布業；C303010 不織布業；C306010 成衣業；C307010 服飾品製造業；C402030 皮革、毛皮製品製造業；C802090 清潔用品製造業；C802100 化粧品製造業；CK01010 製鞋業；CM01010 箱、包、袋製造業；CN01010 家具及裝設品製造業,臺北市,變更,11504
54177588,雲和全球投資有限公司,臺北市中山區南京東路3段217號5樓,陳韻帆,20000000,,115/04/20,公司外文名稱登記修正章程,H201010 一般投資業；ZZ99999 除許可業務外，得經營法令非禁止或限制之業務,臺北市,變更,11504
54178475,台灣島津科學儀器股份有限公司,臺北市信義區東興路37號11樓,橋本洋介,26000000,,115/04/27,改選董事/監察人(一人法人股東指派董事/監察人),F113030 精密儀器批發業；F213040 精密儀器零售業；F113010 機械批發業；F213080 機械器具零售業；F401010 國際貿易業；EZ05010 儀器、儀表安裝工程業；F113050 電腦及事務性機器設備批發業；F213030 電腦及事務性機器設備零售業；E605010 電腦設備安裝業；F113060 度量衡器批發業,臺北市,變更,11504
54181458,美聯華工程顧問股份有限公司,臺北市中山區南京東路3段208號8樓,劉信宏,1500000,,115/04/10,董事/監察人持股變動報備,F118010 資訊軟體批發業；F218010 資訊軟體零售業；I101061 工程技術顧問業；I103060 管理顧問業；I199990 其他顧問服務業；I301010 資訊軟體服務業；ZZ99999 除許可業務外，得經營法令非禁止或限制之業務,臺北市,變更,11504
54184217,興達柴油噴射器有限公司,臺北市萬華區環河南路3段183號1樓,李昱陞,1000000,,115/04/27,公司名稱變更修正章程,CB01010 機械設備製造業；CC01010 發電、輸電、配電機械製造業；CC01080 電子零組件製造業；CD01030 汽車及其零件製造業；CD01990 其他運輸工具及其零件製造業；F113010 機械批發業；F113030 精密儀器批發業；F213040 精密儀器零售業；F213080 機械器具零售業；F214030 汽、機車零件配備零售業,臺北市,變更,11504
54185068,巧東風股份有限公司,臺北市松山區南京東路5段70號9樓之1,吳文鶯,2500000,,115/04/17,特殊補正,H201010 一般投資業；F401010 國際貿易業；H703090 不動產買賣業；H703100 不動產租賃業；ZZ99999 除許可業務外，得經營法令非禁止或限制之業務,臺北市,變更,11504
54185877,元昇股份有限公司,臺北市松山區復興北路99號6樓之1,林美金,150500000,,115/04/09,改派董事/監察人,F401010 國際貿易業；H201010 一般投資業；H701010 住宅及大樓開發租售業；H701020 工業廠房開發租售業；H703090 不動產買賣業；H703100 不動產租賃業；I102010 投資顧問業；I103060 管理顧問業；ZZ99999 除許可業務外，得經營法令非禁止或限制之業務；J601010 藝文服務業,臺北市,變更,11504
54187663,世邦海運股份有限公司,臺北市中山區南京東路3段200號10樓,李健發,320000000,,115/04/01,公司所營事業變更修正章程,G405010 貨櫃出租業；G702010 船舶勞務承攬業；F114060 船舶及其零件批發業；F199990 其他批發業；F214060 船舶及其零件零售業；F299990 其他零售業；I103060 管理顧問業；G401011 船務代理業；ZZ99999 除許可業務外，得經營法令非禁止或限制之業務,臺北市,變更,11504
54188190,樂源健康科技有限公司,臺北市松山區延壽街324號1樓,唐卓霖,3000000,,115/04/21,特殊補正,F102040 飲料批發業；F102170 食品什貨批發業；F105050 家具、寢具、廚房器具、裝設品批發業；F106040 水器材料批發業；F113020 電器批發業；F113100 污染防治設備批發業；F203010 食品什貨、飲料零售業；F205040 家具、寢具、廚房器具、裝設品零售業；F206040 水器材料零售業；F213010 電器零售業,臺北市,變更,11504
54188662,雨鑫建設開發有限公司,臺北市松山區南京東路5段106號6樓,嚴月娥,10000000,,115/04/13,特殊補正,H703090 不動產買賣業；H703100 不動產租賃業；E801010 室內裝潢業；H701010 住宅及大樓開發租售業；H701020 工業廠房開發租售業；H701060 新市鎮、新社區開發業；H701050 投資興建公共建設業；I503010 景觀、室內設計業；I401010 一般廣告服務業；ZZ99999 除許可業務外，得經營法令非禁止或限制之業務,臺北市,變更,11504
54188852,亞太普惠金融科技股份有限公司,臺北市中山區德惠街9之1號地下2層,唐正峰,80000000,,115/04/24,特殊補正,F108040 化粧品批發業；F109070 文教、樂器、育樂用品批發業；F113020 電器批發業；F113030 精密儀器批發業；F113050 電腦及事務性機器設備批發業；F113070 電信器材批發業；F114010 汽車批發業；F114020 機車批發業；F114030 汽、機車零件配備批發業；F114040 自行車及其零件批發業,臺北市,變更,11504
54270509,陶加藝術創作有限公司,臺北市大安區潮州街82巷10號,王幸玉,5000000,,115/04/20,特殊補正,ZZ99999 除許可業務外，得經營法令非禁止或限制之業務；F105050 家具、寢具、廚房器具、裝設品批發業；F106050 陶瓷玻璃器皿批發業；F205040 家具、寢具、廚房器具、裝設品零售業；F209060 文教、樂器、育樂用品零售業；F399040 無店面零售業；F401010 國際貿易業；I105010 藝術品諮詢顧問業；I501010 產品設計業；I503010 景觀、室內設計業,臺北市,變更,11504
54275455,合水先進環境技術股份有限公司,臺北市信義區信義路5段2號4樓,潘書鴻,456320000,,115/04/02,特殊補正,A102080 園藝服務業；E599010 配管工程業；E603040 消防安全設備安裝工程業；E603050 自動控制設備工程業；E604010 機械安裝業；I503010 景觀、室內設計業；IG01010 生物技術服務業；IG03010 能源技術服務業；J101030 廢棄物清除業；J101040 廢棄物處理業,臺北市,變更,11504
54291981,博訊生物科技股份有限公司,臺北市內湖區內湖路1段250號6樓,杜長宏,278750000,,115/04/16,發行新股,IG01010 生物技術服務業；IC01010 藥品檢驗業；CB01010 機械設備製造業；CC01080 電子零組件製造業；CC01990 其他電機及電子機械器材製造業；CE01010 一般儀器製造業；CE01030 光學儀器製造業；F213040 精密儀器零售業；C801030 精密化學材料製造業；F107200 化學原料批發業,臺北市,變更,11504
54309531,臺灣發展軟體科技股份有限公司,臺北市內湖區瑞光路408號12樓之2,賴俊豪,45412210,,115/04/22,特殊補正,E605010 電腦設備安裝業；F113050 電腦及事務性機器設備批發業；F118010 資訊軟體批發業；F213030 電腦及事務性機器設備零售業；F218010 資訊軟體零售業；F401010 國際貿易業；F601010 智慧財產權業；I103060 管理顧問業；I301010 資訊軟體服務業；I199990 其他顧問服務業,臺北市,變更,11504
54320254,追求卓越股份有限公司,臺北市內湖區民權東路6段123巷20弄12號5樓,黃慧君,12000000,,115/04/14,改選董事/監察人(一人法人股東指派董事/監察人),F102170 食品什貨批發業；F203010 食品什貨、飲料零售業；F401010 國際貿易業；F501060 餐館業；I103060 管理顧問業；I501010 產品設計業；I503010 景觀、室內設計業；ZZ99999 除許可業務外，得經營法令非禁止或限制之業務；A102060 糧商業；F401161 菸類輸入業,臺北市,變更,11504
54323301,台灣歐薩克斯有限公司,臺北市中山區長春路15號11樓之1,眞鍋英治,10000000,,115/04/24,改推董事/董事長,F101050 水產品批發業；F101130 蔬果批發業；F102030 菸酒批發業；F102040 飲料批發業；F102050 茶葉批發業；F102170 食品什貨批發業；F102180 酒精批發業；F104110 布疋、衣著、鞋、帽、傘、服飾品批發業；F105050 家具、寢具、廚房器具、裝設品批發業；F106020 日常用品批發業,臺北市,變更,11504
54324857,景華國際商業資產管理有限公司,臺北市松山區南京東路4段126號8樓,王香完,5000000,,115/04/08,特殊補正,H701010 住宅及大樓開發租售業；I103060 管理顧問業；IZ99990 其他工商服務業；H701020 工業廠房開發租售業；H702010 建築經理業；H703090 不動產買賣業；H703100 不動產租賃業；I102010 投資顧問業；I503010 景觀、室內設計業；IB01010 建築物公共安全檢查業,臺北市,變更,11504
54325321,禾榮知識產權股份有限公司,臺北市大同區延平北路1段110號2樓之3,王富民,15000000,,115/04/01,改選董事/監察人(一人法人股東指派董事/監察人),F601010 智慧財產權業；I102010 投資顧問業；I103060 管理顧問業；I301010 資訊軟體服務業；I301020 資料處理服務業；I301030 電子資訊供應服務業；I501010 產品設計業；ZZ99999 除許可業務外，得經營法令非禁止或限制之業務,臺北市,變更,11504
54326335,般將潮流企業有限公司,臺北市大安區忠孝東路4段221號12樓,趙辰斌,4000000,,115/04/30,特殊補正,J303010 雜誌（期刊）出版業；J399010 軟體出版業；J601010 藝文服務業；J602010 演藝活動業；J603010 音樂展演空間業；F102040 飲料批發業；F102170 食品什貨批發業；F104110 布疋、衣著、鞋、帽、傘、服飾品批發業；F105050 家具、寢具、廚房器具、裝設品批發業；F108040 化粧品批發業,臺北市,變更,11504
54327691,廷鴻國際有限公司,臺北市中山區復興北路60號8樓之2,吳承鴻,6000000,,115/04/29,增資,I103060 管理顧問業；I301010 資訊軟體服務業；I301020 資料處理服務業；I301030 電子資訊供應服務業；IZ07010 公證業；J202010 產業育成業；JD01010 工商徵信服務業；ZZ99999 除許可業務外，得經營法令非禁止或限制之業務,臺北市,變更,11504
54328214,恆永企業有限公司,臺北市中山區新生北路3段12號9樓,方甫名,2200000,,115/04/01,特殊補正,C104010 糖果製造業；C104020 烘焙炊蒸食品製造業；F102040 飲料批發業；F102050 茶葉批發業；F102170 食品什貨批發業；F106020 日常用品批發業；F108040 化粧品批發業；F109070 文教、樂器、育樂用品批發業；F203010 食品什貨、飲料零售業；F206020 日常用品零售業,臺北市,變更,11504
54328278,磐鼎建設股份有限公司,臺北市中山區復興北路150號11樓之3,孫殿年,160000000,,115/04/13,補繳規費,H701010 住宅及大樓開發租售業；H701020 工業廠房開發租售業；H701050 投資興建公共建設業；H701060 新市鎮、新社區開發業；H701070 區段徵收及市地重劃代辦業；H701090 都市更新整建維護業；H702010 建築經理業；H703090 不動產買賣業；H703100 不動產租賃業；H703110 老人住宅業,臺北市,變更,11504
54328609,玉春雷娛樂文創股份有限公司,臺北市松山區南京東路5段162號8樓,郭玉清,1000000,,115/04/30,特殊補正,J303010 雜誌（期刊）出版業；J304010 圖書出版業；J305010 有聲出版業；J399010 軟體出版業；J503010 廣播節目製作業；J503020 電視節目製作業；J503030 廣播電視節目發行業；J503040 廣播電視廣告業；J601010 藝文服務業；J602010 演藝活動業,臺北市,變更,11504
54330387,吉瑞福旅行社有限公司,臺北市中山區松江路129號4樓,郭碧凌,7000000,,115/04/10,特殊補正,J902011 旅行業,臺北市,變更,11504
54330725,斯堪尼亞資融股份有限公司,臺北市中山區南京東路3段77號8樓之1,Steven Andrew Wager文政,118500000,,115/04/20,董事/監察人更名,F113010 機械批發業；F114010 汽車批發業；F114030 汽、機車零件配備批發業；F213080 機械器具零售業；F214010 汽車零售業；F214030 汽、機車零件配備零售業；JA01010 汽車修理業；JE01010 租賃業；ZZ99999 除許可業務外，得經營法令非禁止或限制之業務,臺北市,變更,11504
54332955,達永開發股份有限公司,臺北市內湖區民權東路6段109號10樓之3,莊文欽,25000000,,115/04/14,改選董事/監察人(一人法人股東指派董事/監察人),H701010 住宅及大樓開發租售業；H701020 工業廠房開發租售業；H701040 特定專業區開發業；H701050 投資興建公共建設業；H701060 新市鎮、新社區開發業；H701070 區段徵收及市地重劃代辦業；H701080 都市更新重建業；H701090 都市更新整建維護業；H703090 不動產買賣業；H703100 不動產租賃業,臺北市,變更,11504
54335664,安侯建業投資控股股份有限公司,臺北市信義區信義路5段7號68樓,陳俊光,50000000,,115/04/02,改選董事/監察人(一人法人股東指派董事/監察人),F401010 國際貿易業；H201010 一般投資業；H202010 創業投資業；I102010 投資顧問業；I103060 管理顧問業；I199990 其他顧問服務業；IZ99990 其他工商服務業；ZZ99999 除許可業務外，得經營法令非禁止或限制之業務,臺北市,變更,11504
54337945,世軒技研有限公司,臺北市信義區莊敬路289巷3弄37號,蔡長興,500000,,115/04/01,補繳規費,I101090 食品顧問業；IC01010 藥品檢驗業；IG01010 生物技術服務業；IG02010 研究發展服務業；F107080 環境用藥批發業；F207080 環境用藥零售業；F208050 乙類成藥零售業；F401010 國際貿易業；F601010 智慧財產權業；F399040 無店面零售業,臺北市,變更,11504
54340738,馥茂國際開發有限公司,臺北市信義區莊敬路457號4樓,崔儀珮,1000000,,115/04/28,補繳規費,F102040 飲料批發業；F102050 茶葉批發業；F102170 食品什貨批發業；F105050 家具、寢具、廚房器具、裝設品批發業；F106020 日常用品批發業；F106050 陶瓷玻璃器皿批發業；F107990 其他化學製品批發業；F108040 化粧品批發業；F109070 文教、樂器、育樂用品批發業；F199990 其他批發業,臺北市,變更,11504
54340809,誼誠有限公司,臺北市內湖區康樂街136巷3弄6號12樓,林少甫,4400000,,115/04/22,董事/股東地址變更,H701010 住宅及大樓開發租售業；H701020 工業廠房開發租售業；H703090 不動產買賣業；H703100 不動產租賃業；ZZ99999 除許可業務外，得經營法令非禁止或限制之業務；H201010 一般投資業,臺北市,變更,11504
54341384,揚欣投資股份有限公司,臺北市中山區堤頂大道2段500號7樓之3,黃建銘,90000000,,115/04/22,改選董事/監察人(一人法人股東指派董事/監察人),H201010 一般投資業；F601010 智慧財產權業；J305010 有聲出版業；H701010 住宅及大樓開發租售業；H701020 工業廠房開發租售業；H703090 不動產買賣業；H703100 不動產租賃業；I102010 投資顧問業；I103060 管理顧問業；ZZ99999 除許可業務外，得經營法令非禁止或限制之業務,臺北市,變更,11504
54341770,博德運動平台有限公司,臺北市大安區信義路4段168號9樓,韓佳宏,10000000,,115/04/28,股東出資轉讓修正章程,F109070 文教、樂器、育樂用品批發業；F118010 資訊軟體批發業；F209060 文教、樂器、育樂用品零售業；F218010 資訊軟體零售業；F399040 無店面零售業；F401010 國際貿易業；F601010 智慧財產權業；I103060 管理顧問業；I199990 其他顧問服務業；I301010 資訊軟體服務業,臺北市,變更,11504
54343708,宇博亞太股份有限公司,臺北市中山區龍江路328巷16號,蘇世軒,6000000,,115/04/30,公司名稱變更修正章程,A301010 遠洋漁撈業；A301020 近海沿岸及內陸漁撈業；A301030 水產養殖業；A302010 對外漁業合作業；A302020 漁業服務業；A399990 其他漁業；F101050 水產品批發業；F101070 漁具批發業；F101990 其他農、畜、水產品批發業；F106040 水器材料批發業,臺北市,變更,11504
54346016,台灣聯合艾諾股份有限公司,臺北市大安區仁愛路4段71巷30、32號1樓,松崎善則,60000000,,115/04/16,董事(常務董事.董事長)/監察人解任,F104110 布疋、衣著、鞋、帽、傘、服飾品批發業；F204110 布疋、衣著、鞋、帽、傘、服飾品零售業；F110010 鐘錶批發業；F210010 鐘錶零售業；F110020 眼鏡批發業；F210020 眼鏡零售業；F105050 家具、寢具、廚房器具、裝設品批發業；F205040 家具、寢具、廚房器具、裝設品零售業；F113020 電器批發業；F213010 電器零售業,臺北市,變更,11504
54346233,全福生物科技股份有限公司,臺北市內湖區瑞光路358巷30弄1號8樓,林羣,1330190000,,115/04/08,認股憑證換發新股,IG01010 生物技術服務業；IG02010 研究發展服務業；I103060 管理顧問業；F401010 國際貿易業；F108021 西藥批發業；ZZ99999 除許可業務外，得經營法令非禁止或限制之業務,臺北市,變更,11504
54350101,遠澤股份有限公司,臺北市信義區基隆路2段189號17樓之7,李承遠,29939220,,115/04/30,董事/監察人持股變動報備,F401010 國際貿易業；H201010 一般投資業；H701010 住宅及大樓開發租售業；H703090 不動產買賣業；H703100 不動產租賃業；I103060 管理顧問業；JZ99050 仲介服務業；ZZ99999 除許可業務外，得經營法令非禁止或限制之業務,臺北市,變更,11504
54350600,立邁投資有限公司,臺北市中山區明水路688之1號3樓,周令侃,26640900,,115/04/27,公司所在地,H201010 一般投資業；F401010 國際貿易業；ZZ99999 除許可業務外，得經營法令非禁止或限制之業務,臺北市,變更,11504
54356870,世聯顧問有限公司,臺北市中山區南京東路3段101號4樓,朱貴章,300000,,115/04/17,特殊補正,I103060 管理顧問業；I102010 投資顧問業；I199990 其他顧問服務業；H701010 住宅及大樓開發租售業；H701020 工業廠房開發租售業；H701090 都市更新整建維護業；H702010 建築經理業；H703090 不動產買賣業；I301020 資料處理服務業；I301030 電子資訊供應服務業,臺北市,變更,11504
54357884,亞德國際數位有限公司,臺北市內湖區瑞光路513巷22弄5號8樓之1,陳孝宜,1500000,,115/04/28,特殊補正,F113020 電器批發業；F113050 電腦及事務性機器設備批發業；F113070 電信器材批發業；F113110 電池批發業；F116010 照相器材批發業；F213030 電腦及事務性機器設備零售業；F213060 電信器材零售業；F213110 電池零售業；F216010 照相器材零售業；F401010 國際貿易業,臺北市,變更,11504
54358899,億川創意行銷有限公司,臺北市萬華區中華路1段106號8樓,林文忠,1000000,,115/04/16,公司印鑑變更,F115020 礦石批發業；F215010 首飾及貴金屬零售業；F215020 礦石零售業；F401010 國際貿易業；ZZ99999 除許可業務外，得經營法令非禁止或限制之業務；I301010 資訊軟體服務業；I301020 資料處理服務業；I301030 電子資訊供應服務業；I401010 一般廣告服務業；I501010 產品設計業,臺北市,變更,11504
54362042,藏和建設股份有限公司,臺北市信義區忠孝東路4段557號11樓,王瓊慧,9800000,,115/04/16,增資(資本總額),H701010 住宅及大樓開發租售業；H701020 工業廠房開發租售業；I401010 一般廣告服務業；F401010 國際貿易業；I102010 投資顧問業；I103060 管理顧問業；I503010 景觀、室內設計業；ZZ99999 除許可業務外，得經營法令非禁止或限制之業務,臺北市,變更,11504
54362090,馬槽音樂整合行銷股份有限公司,臺北市大安區復興南路1段390號8樓之1,陳緗妮,1000000,,115/04/15,特殊補正,J602010 演藝活動業；J601010 藝文服務業；J603010 音樂展演空間業；J701090 錄影節目帶播映業；J305010 有聲出版業；H701010 住宅及大樓開發租售業；H701060 新市鎮、新社區開發業；H701050 投資興建公共建設業；H702010 建築經理業；H703090 不動產買賣業,臺北市,變更,11504
54364554,冠銓眼鏡有限公司,臺北市中正區金山南路1段127之2號1樓、127之3號1樓,張建銓,500000,,115/04/09,特殊補正,F210010 鐘錶零售業；F210020 眼鏡零售業；F208031 醫療器材零售業；F206050 寵物食品及其用品零售業；ZZ99999 除許可業務外，得經營法令非禁止或限制之業務,臺北市,變更,11504
54368735,惠勝資產管理股份有限公司,臺北市大同區長安西路45之1號2樓之1,簡昭政,36000000,,115/04/02,特殊補正,H701010 住宅及大樓開發租售業；H701020 工業廠房開發租售業；H701050 投資興建公共建設業；H701060 新市鎮、新社區開發業；H701070 區段徵收及市地重劃代辦業；H701090 都市更新整建維護業；H703090 不動產買賣業；H703100 不動產租賃業；HZ02010 金融機構金錢債權收買業務；HZ02020 辦理金融機構金錢債權之評價或拍賣業務,臺北市,變更,11504
54369002,群贏實業股份有限公司,臺北市中山區民權東路2段135巷29弄11號7樓,李政憲,5000000,,115/04/27,改選董事/監察人(一人法人股東指派董事/監察人),F107020 染料、顏料批發業；F207020 染料、顏料零售業；F107030 清潔用品批發業；F207030 清潔用品零售業；F107990 其他化學製品批發業；F207990 其他化學製品零售業；F108040 化粧品批發業；F208040 化粧品零售業；F401010 國際貿易業；ZZ99999 除許可業務外，得經營法令非禁止或限制之業務,臺北市,變更,11504
54374510,日商三菱動力股份有限公司,臺北市中山區松江路169號5樓,田中正一,50000,,115/04/07,改派在中華民國境內負責人變更登記,E603100 電焊工程業；F113030 精密儀器批發業；E604010 機械安裝業；F113010 機械批發業；F113100 污染防治設備批發業；F213080 機械器具零售業；F213100 污染防治設備零售業；F401010 國際貿易業；JZ99050 仲介服務業；F113990 其他機械器具批發業,臺北市,變更,11504
54384186,香港商百加得馬丁尼亞太有限公司,臺北市信義區信義路四段460號18樓,黃捷飛,500000,,115/04/22,本公司董事及其他負責人變更,F401010 國際貿易業；ZZ99999 除許可業務外，得經營法令非禁止或限制之業務,臺北市,變更,11504
54390758,日商西北國際股份有限公司,臺北市大安區仁愛路四段85號3樓,山道敏雄,3000000,,115/04/10,一般補正案,F107010 漆料、塗料批發業；F107020 染料、顏料批發業；F104110 布疋、衣著、鞋、帽、傘、服飾品批發業；F107200 化學原料批發業；F109070 文教、樂器、育樂用品批發業；F111090 建材批發業；F112040 石油製品批發業；F113010 機械批發業；F113020 電器批發業；F114030 汽、機車零件配備批發業,臺北市,變更,11504
54395830,日商奧力有限公司,臺北市中山區南京東路二段174號3樓,遠藤耕作,1000000,,115/04/22,補繳規費,F102170 食品什貨批發業；F104110 布疋、衣著、鞋、帽、傘、服飾品批發業；F107030 清潔用品批發業；F108040 化粧品批發業；F109070 文教、樂器、育樂用品批發業；F110010 鐘錶批發業；F110020 眼鏡批發業；F113020 電器批發業；F113990 其他機械器具批發業；F114010 汽車批發業,臺北市,變更,11504
54504324,城市電視科技媒體有限公司,臺北市大安區忠孝東路4段183號13樓之2,吳秉翔,1000000,,115/04/01,特殊補正,I301010 資訊軟體服務業；I301020 資料處理服務業；I301030 電子資訊供應服務業；I401010 一般廣告服務業；F213030 電腦及事務性機器設備零售業；F399040 無店面零售業；ZZ99999 除許可業務外，得經營法令非禁止或限制之業務,臺北市,變更,11504
54511063,大華人力管理顧問有限公司,臺北市大安區忠孝東路4段270號10樓之2,張啓城,5000000,,115/04/01,特殊補正,I103060 管理顧問業；I301010 資訊軟體服務業；I301020 資料處理服務業；I401010 一般廣告服務業；I501010 產品設計業；IZ12010 人力派遣業；F118010 資訊軟體批發業；F401010 國際貿易業；JB01010 會議及展覽服務業；ZZ99999 除許可業務外，得經營法令非禁止或限制之業務,臺北市,變更,11504
54537129,方城市行銷股份有限公司,臺北市中正區許昌街42號8樓,林思翰,5000000,,115/04/28,特殊補正,E605010 電腦設備安裝業；F109070 文教、樂器、育樂用品批發業；F113050 電腦及事務性機器設備批發業；F118010 資訊軟體批發業；F119010 電子材料批發業；F209060 文教、樂器、育樂用品零售業；F213030 電腦及事務性機器設備零售業；F216010 照相器材零售業；F218010 資訊軟體零售業；F219010 電子材料零售業,臺北市,變更,11504
54559214,慧智科技軟體有限公司,臺北市信義區基隆路1段400號9樓之3,蔣興文,12000000,,115/04/29,特殊補正,F101990 其他農、畜、水產品批發業；F109070 文教、樂器、育樂用品批發業；F113050 電腦及事務性機器設備批發業；F113070 電信器材批發業；F118010 資訊軟體批發業；F201010 農產品零售業；F209060 文教、樂器、育樂用品零售業；F213030 電腦及事務性機器設備零售業；F213060 電信器材零售業；F218010 資訊軟體零售業,臺北市,變更,11504
54613688,台新證創業投資股份有限公司,臺北市中山區建國北路1段96號11樓,陳立國,453237930,,115/04/08,額定資本額增加變更章程,H202010 創業投資業；I102010 投資顧問業；I103060 管理顧問業；ZZ99999 除許可業務外，得經營法令非禁止或限制之業務,臺北市,變更,11504
54616138,繪聖股份有限公司,臺北市萬華區西寧南路36之9號1樓,楊修宇,6600000,,115/04/01,公司所在地,J304010 圖書出版業；J399010 軟體出版業；J601010 藝文服務業；J602010 演藝活動業；JE01010 租賃業；J401010 電影片製作業；J402010 電影片發行業；J404010 動畫影片製作業；J404050 電影特效製作業；J503020 電視節目製作業,臺北市,變更,11504
54638371,佳肴食品有限公司,臺北市內湖區瑞光路607號4樓,湯皓雄,13000000,,115/04/30,申登機關變更（遷入，含卷）,C103050 罐頭、冷凍、脫水及醃漬食品製造業；C104020 烘焙炊蒸食品製造業；C109010 調味品製造業；F101040 家畜家禽批發業；F101050 水產品批發業；F101130 蔬果批發業；F102170 食品什貨批發業；F401010 國際貿易業；ZZ99999 除許可業務外，得經營法令非禁止或限制之業務,臺北市,變更,11504
54642712,永聯物流開發股份有限公司,臺北市內湖區瑞光路258巷37、39號2樓,張建泰,541000000,,115/04/17,一般補正案,H701010 住宅及大樓開發租售業；H701040 特定專業區開發業；H701050 投資興建公共建設業；H701060 新市鎮、新社區開發業；H703090 不動產買賣業；H703100 不動產租賃業；H201010 一般投資業；G801010 倉儲業；IZ06010 理貨包裝業；I199990 其他顧問服務業,臺北市,變更,11504
54642924,創客邦管理顧問有限公司,臺北市大安區忠孝東路4段183號13樓之2,王長人,2000000,,115/04/13,公司所在地,I103060 管理顧問業；I102010 投資顧問業；I199990 其他顧問服務業；H201010 一般投資業；H202010 創業投資業；I301010 資訊軟體服務業；I301020 資料處理服務業；I301030 電子資訊供應服務業；I503010 景觀、室內設計業；I401010 一般廣告服務業,臺北市,變更,11504
54645632,遠進股份有限公司,臺北市大安區忠孝東路4段162號8樓之4,陳霆瑞,130100000,,115/04/10,特殊補正,I102010 投資顧問業；I199990 其他顧問服務業；ZZ99999 除許可業務外，得經營法令非禁止或限制之業務,臺北市,變更,11504
54646371,米亞窗飾有限公司,臺北市大安區忠孝東路4段183號13樓之2,江瑋,1000000,,115/04/07,特殊補正,F111090 建材批發業；F105050 家具、寢具、廚房器具、裝設品批發業；F106010 五金批發業；F211010 建材零售業；E801010 室內裝潢業；E801030 室內輕鋼架工程業；E801040 玻璃安裝工程業；E901010 油漆工程業；E801020 門窗安裝工程業；F399040 無店面零售業,臺北市,變更,11504
54650992,芙禾家飾設計有限公司,臺北市大同區哈密街59巷56弄51號,吳玉晴,1000000,,115/04/07,公司所在地,E801010 室內裝潢業；I503010 景觀、室內設計業；F104110 布疋、衣著、鞋、帽、傘、服飾品批發業；F105050 家具、寢具、廚房器具、裝設品批發業；F106010 五金批發業；F106020 日常用品批發業；F111090 建材批發業；F204110 布疋、衣著、鞋、帽、傘、服飾品零售業；F205040 家具、寢具、廚房器具、裝設品零售業；F206010 五金零售業,臺北市,變更,11504
54651872,立品股份有限公司,臺北市信義區忠孝東路5段800號11樓之11,許文泰,1000000,,115/04/17,改選董事/監察人(一人法人股東指派董事/監察人),F107200 化學原料批發業；F107990 其他化學製品批發業；F207200 化學原料零售業；F207990 其他化學製品零售業；F401010 國際貿易業；H201010 一般投資業；H701010 住宅及大樓開發租售業；H703090 不動產買賣業；H703100 不動產租賃業；I102010 投資顧問業,臺北市,變更,11504
54657340,維漢股份有限公司,臺北市中山區北安路588巷9號2樓,張文騰,32560700,,115/04/17,特殊補正,H201010 一般投資業；I102010 投資顧問業；I103060 管理顧問業；I199990 其他顧問服務業；JE01010 租賃業；F401010 國際貿易業；ZZ99999 除許可業務外，得經營法令非禁止或限制之業務,臺北市,變更,11504
54657593,心知味有限公司,臺北市中山區中山北路2段36巷11號1樓,張瀛心,3500000,,115/04/10,特殊補正,F501060 餐館業；F501030 飲料店業；F203010 食品什貨、飲料零售業；F102170 食品什貨批發業；F102040 飲料批發業；F106020 日常用品批發業；F204110 布疋、衣著、鞋、帽、傘、服飾品零售業；F209060 文教、樂器、育樂用品零售業；I401010 一般廣告服務業；I501010 產品設計業,臺北市,變更,11504
54658805,新力通股份有限公司,臺北市中山區民權東路3段2號12樓,黃詠倫,79390000,,115/04/29,特殊補正,F108011 中藥批發業；F208011 中藥零售業；F108021 西藥批發業；F208021 西藥零售業；F108031 醫療器材批發業；F208031 醫療器材零售業；G801010 倉儲業；IZ06010 理貨包裝業；F102170 食品什貨批發業；F203010 食品什貨、飲料零售業,臺北市,變更,11504
54659488,弘博管理顧問有限公司,臺北市中正區青島東路7號3樓之2、7號3樓之3,林振得,1000000,,115/04/13,公司所在地,I101070 農、林、漁、畜牧顧問業；I102010 投資顧問業；I103060 管理顧問業；I105010 藝術品諮詢顧問業；I301010 資訊軟體服務業；I301020 資料處理服務業；I301030 電子資訊供應服務業；I301040 第三方支付服務業；I401010 一般廣告服務業；I501010 產品設計業,臺北市,變更,11504
54663568,大廣國際廣告股份有限公司,臺北市大同區南京西路62號12樓,紅露晋作,60000000,,115/04/20,改選董事/監察人(一人法人股東指派董事/監察人),I301010 資訊軟體服務業；I301020 資料處理服務業；I301030 電子資訊供應服務業；I401010 一般廣告服務業；I401020 廣告傳單分送業；I501010 產品設計業；I503010 景觀、室內設計業；IZ99990 其他工商服務業；J303010 雜誌（期刊）出版業；J304010 圖書出版業,臺北市,變更,11504
54664834,海穹文化有限公司,臺北市中山區南京東路2段160號6樓,鄭惠真,3000000,,115/04/08,特殊補正,J304010 圖書出版業；J399010 軟體出版業；J602010 演藝活動業；J401010 電影片製作業；J402010 電影片發行業；J404010 動畫影片製作業；J503020 電視節目製作業；J503030 廣播電視節目發行業；J303010 雜誌（期刊）出版業；J305010 有聲出版業,臺北市,變更,11504
54665094,大佳雲端科技股份有限公司,臺北市信義區大道路66號1樓,李威儒,10000000,,115/04/07,特殊補正,F102170 食品什貨批發業；F104110 布疋、衣著、鞋、帽、傘、服飾品批發業；F109070 文教、樂器、育樂用品批發業；F203010 食品什貨、飲料零售業；F204110 布疋、衣著、鞋、帽、傘、服飾品零售業；F209060 文教、樂器、育樂用品零售業；F401010 國際貿易業；I103060 管理顧問業；I199990 其他顧問服務業；I301010 資訊軟體服務業,臺北市,變更,11504
54665377,群合投資股份有限公司,臺北市南港區忠孝東路6段21號8樓之1,白宏欽,180500000,,115/04/16,註銷庫藏股減資,H201010 一般投資業,臺北市,變更,11504
54665600,日華荒川化學股份有限公司,臺北市中山區中山北路1段152號7樓(701室),久保勝義,25000000,,115/04/09,特殊補正,C801030 精密化學材料製造業；CC01080 電子零組件製造業；CE01990 其他光學及精密器械製造業；F106040 水器材料批發業；F107200 化學原料批發業；F107990 其他化學製品批發業；F113030 精密儀器批發業；F113100 污染防治設備批發業；F113990 其他機械器具批發業；F119010 電子材料批發業,臺北市,變更,11504
54665762,參伍有限公司,臺北市松山區敦化南路1段80巷22號,何玉芳,1500000,,115/04/23,減少所營事業變更修正章程,I501010 產品設計業；IZ99990 其他工商服務業；F102170 食品什貨批發業；F104110 布疋、衣著、鞋、帽、傘、服飾品批發業；F105050 家具、寢具、廚房器具、裝設品批發業；F106020 日常用品批發業；F108040 化粧品批發業；F109070 文教、樂器、育樂用品批發業；F399040 無店面零售業；F401010 國際貿易業,臺北市,變更,11504
54666220,蒂爾露股份有限公司,臺北市信義區中坡南路24號2樓,古川喜章,555560,,115/04/16,特殊補正,F104110 布疋、衣著、鞋、帽、傘、服飾品批發業；F106010 五金批發業；F106020 日常用品批發業；F107030 清潔用品批發業；F108040 化粧品批發業；F109070 文教、樂器、育樂用品批發業；F113020 電器批發業；F113990 其他機械器具批發業；F199990 其他批發業；F204110 布疋、衣著、鞋、帽、傘、服飾品零售業,臺北市,變更,11504
54669417,台頂顧問股份有限公司,臺北市大安區四維路198巷30弄10號2樓之5,黃申宇,17300000,,115/04/02,特殊補正,E605010 電腦設備安裝業；F113100 污染防治設備批發業；F113050 電腦及事務性機器設備批發業；F213100 污染防治設備零售業；F209060 文教、樂器、育樂用品零售業；F213030 電腦及事務性機器設備零售業；F118010 資訊軟體批發業；F109070 文教、樂器、育樂用品批發業；F601010 智慧財產權業；E701040 簡易電信設備安裝業,臺北市,變更,11504
54670337,琦珍行銷股份有限公司,臺北市大同區承德路3段32號1樓,林家右,6000000,,115/04/13,改選董事/監察人(一人法人股東指派董事/監察人),F108031 醫療器材批發業；F208031 醫療器材零售業；F102030 菸酒批發業；F102170 食品什貨批發業；F104110 布疋、衣著、鞋、帽、傘、服飾品批發業；F102180 酒精批發業；F105050 家具、寢具、廚房器具、裝設品批發業；F106020 日常用品批發業；F108040 化粧品批發業；F109070 文教、樂器、育樂用品批發業,臺北市,變更,11504
54672969,聚界生技股份有限公司,臺北市松山區塔悠路288號2樓之1,陳施添,12000000,,115/04/01,特殊補正,F102170 食品什貨批發業；F203010 食品什貨、飲料零售業；F208040 化粧品零售業；F401010 國際貿易業；F108040 化粧品批發業；ZZ99999 除許可業務外，得經營法令非禁止或限制之業務,臺北市,變更,11504
54673215,神原吉盛有限公司,臺北市中山區新生北路3段61號7樓之4,張少平,1680000,,115/04/23,特殊補正,F102170 食品什貨批發業；F104110 布疋、衣著、鞋、帽、傘、服飾品批發業；F105050 家具、寢具、廚房器具、裝設品批發業；F106020 日常用品批發業；F107030 清潔用品批發業；F108040 化粧品批發業；F113020 電器批發業；F113050 電腦及事務性機器設備批發業；F115010 首飾及貴金屬批發業；F204110 布疋、衣著、鞋、帽、傘、服飾品零售業,臺北市,變更,11504
54675570,綠盟建築科技股份有限公司,臺北市中山區吉林路245號4樓,黃怡領,4100000,,115/04/08,改選董事/監察人(一人法人股東指派董事/監察人),CA02010 金屬結構及建築組件製造業；D101060 再生能源自用發電設備業；E603050 自動控制設備工程業；E801020 門窗安裝工程業；E801030 室內輕鋼架工程業；EZ99990 其他工程業；F106010 五金批發業；F111090 建材批發業；F118010 資訊軟體批發業；F211010 建材零售業,臺北市,變更,11504
54676830,台廣資訊股份有限公司,臺北市信義區信義路4段415號7樓之6,阮懷勝,16880000,,115/04/20,改選董事/監察人(一人法人股東指派董事/監察人),H201010 一般投資業；I102010 投資顧問業；I103060 管理顧問業；F118010 資訊軟體批發業；F401010 國際貿易業；F108031 醫療器材批發業；I199990 其他顧問服務業；J601010 藝文服務業；JB01010 會議及展覽服務業；JZ99050 仲介服務業,臺北市,變更,11504
54676851,中工工程有限公司,臺北市中山區農安街271巷9號,張子瑜,5000000,,115/04/21,特殊補正,I503010 景觀、室內設計業；E605010 電腦設備安裝業；E801010 室內裝潢業；E801020 門窗安裝工程業；E901010 油漆工程業；F111090 建材批發業；E601010 電器承裝業；ZZ99999 除許可業務外，得經營法令非禁止或限制之業務,臺北市,變更,11504
54679196,優化物業股份有限公司,臺北市信義區忠孝東路5段476號8樓,謝正彥,5000000,,115/04/13,特殊補正,I103060 管理顧問業；IG01010 生物技術服務業；F108040 化粧品批發業；F208040 化粧品零售業；F208050 乙類成藥零售業；F401010 國際貿易業；ZZ99999 除許可業務外，得經營法令非禁止或限制之業務；IC01010 藥品檢驗業；IZ12010 人力派遣業；J101010 建築物清潔服務業,臺北市,變更,11504
54680243,德名國際股份有限公司,臺北市信義區松德路133巷48號,張忠輝,10000000,,115/04/24,申登機關變更（遷入，含卷）,F105050 家具、寢具、廚房器具、裝設品批發業；F205040 家具、寢具、廚房器具、裝設品零售業；F211010 建材零售業；F401010 國際貿易業；E601020 電器安裝業；E801010 室內裝潢業；E801070 廚具、衛浴設備安裝工程業；F111090 建材批發業；F199990 其他批發業；ZZ99999 除許可業務外，得經營法令非禁止或限制之業務,臺北市,變更,11504
54684037,華虹建設股份有限公司,臺北市松山區敦化南路1段102號12樓,蔡幃長,100000000,,115/04/29,公司所在地,D101060 再生能源自用發電設備業；D401010 熱能供應業；E607010 太陽熱能設備安裝工程業；E801010 室內裝潢業；F213040 精密儀器零售業；F218010 資訊軟體零售業；H701010 住宅及大樓開發租售業；H701020 工業廠房開發租售業；H701050 投資興建公共建設業；H701060 新市鎮、新社區開發業,臺北市,變更,11504
54684971,北約克室內裝修設計工程有限公司,臺北市大安區羅斯福路3段241號9樓之2,熊蔡銘,1000000,,115/04/22,特殊補正,I301010 資訊軟體服務業；I301020 資料處理服務業；I301030 電子資訊供應服務業；I401010 一般廣告服務業；I501010 產品設計業；I599990 其他設計業；E801060 室內裝修業；E801010 室內裝潢業；I503010 景觀、室內設計業；F401010 國際貿易業,臺北市,變更,11504
54686746,藍鼎室內裝修有限公司,臺北市內湖區金豐街70號9樓,吳佳峰,2000000,,115/04/02,特殊補正,E801010 室內裝潢業；E801060 室內裝修業；E801020 門窗安裝工程業；E801030 室內輕鋼架工程業；E801040 玻璃安裝工程業；E801070 廚具、衛浴設備安裝工程業；E901010 油漆工程業；E599010 配管工程業；E601010 電器承裝業；E601020 電器安裝業,臺北市,變更,11504
54688168,洪石碖有限公司,臺北市大安區敦化南路1段219號2樓,洪怡佳,5000000,,115/04/27,特殊補正,F501060 餐館業；F203020 菸酒零售業；F203010 食品什貨、飲料零售業；F399040 無店面零售業；F401010 國際貿易業；ZZ99999 除許可業務外，得經營法令非禁止或限制之業務,臺北市,變更,11504
54714335,食在加分股份有限公司,臺北市大安區忠孝東路4段97號3樓之9,陳惠南,5000000,,115/04/01,特殊補正,F101130 蔬果批發業；F102040 飲料批發業；F102050 茶葉批發業；F102170 食品什貨批發業；F104110 布疋、衣著、鞋、帽、傘、服飾品批發業；F105050 家具、寢具、廚房器具、裝設品批發業；F106010 五金批發業；F106020 日常用品批發業；F106050 陶瓷玻璃器皿批發業；F107030 清潔用品批發業,臺北市,變更,11504
54721146,博科顧問有限公司,臺北市士林區前港街11號2樓,李佳鴻,15000000,,115/04/07,特殊補正,ZZ99999 除許可業務外，得經營法令非禁止或限制之業務；F213030 電腦及事務性機器設備零售業；F218010 資訊軟體零售業；F219010 電子材料零售業；F399990 其他綜合零售業；F401010 國際貿易業；I103060 管理顧問業；I199990 其他顧問服務業；I301010 資訊軟體服務業；I301020 資料處理服務業,臺北市,變更,11504
54738081,無相有限公司,臺北市大安區信義路4段45號8樓,蘇倍堅,1600000,,115/04/17,公司所在地,F102030 菸酒批發業；F102170 食品什貨批發業；F105050 家具、寢具、廚房器具、裝設品批發業；F106020 日常用品批發業；F106050 陶瓷玻璃器皿批發業；F106070 祭祀用品批發業；F113020 電器批發業；F203010 食品什貨、飲料零售業；F203020 菸酒零售業；F205040 家具、寢具、廚房器具、裝設品零售業,臺北市,變更,11504
54783775,龍霖產品開發股份有限公司,臺北市士林區中正路665號6樓,郭乃綸,5000000,,115/04/17,發行新股,A101020 農作物栽培業；A102020 農產品整理業；A102050 作物栽培服務業；C802070 農藥製造業；F201010 農產品零售業；I101070 農、林、漁、畜牧顧問業；F401010 國際貿易業；F108040 化粧品批發業；F208040 化粧品零售業；JZ99080 美容美髮服務業,臺北市,變更,11504
54803131,梵哲亞生物科技有限公司,臺北市中山區南京東路2段108號17樓之11,高明志,1000000,,115/04/29,特殊補正,F102170 食品什貨批發業；F107030 清潔用品批發業；F108040 化粧品批發業；F109070 文教、樂器、育樂用品批發業；F113030 精密儀器批發業；F113050 電腦及事務性機器設備批發業；F118010 資訊軟體批發業；F203010 食品什貨、飲料零售業；F207030 清潔用品零售業；F208040 化粧品零售業,臺北市,變更,11504
54852462,兆麗休閒開發股份有限公司,臺北市大同區重慶北路二段207號11樓,楊碧霞,500000000,,115/04/22,一般補正案,F101100 花卉批發業；F101130 蔬果批發業；F101990 其他農、畜、水產品批發業；F102030 菸酒批發業；F102040 飲料批發業；F102050 茶葉批發業；F102170 食品什貨批發業；F104110 布疋、衣著、鞋、帽、傘、服飾品批發業；F105050 家具、寢具、廚房器具、裝設品批發業；F106010 五金批發業,臺北市,變更,11504
54855101,宸品實業有限公司,臺北市中山區復興北路164號7樓,劉威麟,1660000,,115/04/29,特殊補正,E605010 電腦設備安裝業；F102170 食品什貨批發業；F106010 五金批發業；F107190 塑膠膜、袋批發業；F108040 化粧品批發業；F113050 電腦及事務性機器設備批發業；F118010 資訊軟體批發業；F119010 電子材料批發業；F199010 回收物料批發業；F199990 其他批發業,臺北市,變更,11504
54868302,京曌國際資產管理有限公司,臺北市中山區中山北路3段28號4樓之6,曾國展,3000000,,115/04/24,特殊補正,F113020 電器批發業；F109070 文教、樂器、育樂用品批發業；F213010 電器零售業；F209060 文教、樂器、育樂用品零售業；F401010 國際貿易業；J202010 產業育成業；J303010 雜誌（期刊）出版業；J304010 圖書出版業；J305010 有聲出版業；J399990 其他出版業,臺北市,變更,11504
54875084,築上國際設計有限公司,臺北市中山區南京東路3段201號3樓,林怡君,5250000,,115/04/30,增資,E801010 室內裝潢業；E603090 照明設備安裝工程業；E801020 門窗安裝工程業；E801070 廚具、衛浴設備安裝工程業；E901010 油漆工程業；F105050 家具、寢具、廚房器具、裝設品批發業；F106010 五金批發業；F106040 水器材料批發業；F111090 建材批發業；F205040 家具、寢具、廚房器具、裝設品零售業,臺北市,變更,11504
54878076,安久利智有限公司,臺北市中山區植福路308號3樓之8,黃筱洛,8000000,,115/04/15,特殊補正,H201010 一般投資業；H703090 不動產買賣業；H703100 不動產租賃業；I102010 投資顧問業；E599010 配管工程業；E801020 門窗安裝工程業；E801030 室內輕鋼架工程業；E801040 玻璃安裝工程業；EZ02010 起重工程業；F106010 五金批發業,臺北市,變更,11504
54914684,京捷建設股份有限公司,臺北市中正區信義路二段261號,林傳捷,1550000000,,115/04/01,修正章程,H703090 不動產買賣業；H703100 不動產租賃業；H701010 住宅及大樓開發租售業；H701050 投資興建公共建設業；H701080 都市更新重建業；H701090 都市更新整建維護業；H702010 建築經理業；H703110 老人住宅業；G202010 停車場經營業；ZZ99999 除許可業務外，得經營法令非禁止或限制之業務,臺北市,變更,11504
54918555,大陸商蘇州嵩瑞洋電子有限公司,臺北市內湖區陽光街321巷26號3樓之9,江蕙蘭,0,,115/04/21,一般補正案,,臺北市,變更,11504
54938335,台灣日置電機股份有限公司,臺北市大安區市民大道3段206號4樓,岡澤尊宏,11000000,,115/04/16,改選董事/監察人(一人法人股東指派董事/監察人),CB01010 機械設備製造業；CB01020 事務機器製造業；CB01990 其他機械製造業；CC01030 電器及視聽電子產品製造業；CC01060 有線通信機械器材製造業；CC01070 無線通信機械器材製造業；CC01080 電子零組件製造業；CC01110 電腦及其週邊設備製造業；CC01990 其他電機及電子機械器材製造業；CE01010 一般儀器製造業,臺北市,變更,11504
54968082,日商才望子股份有限公司,臺北市松山區南京東路三段287號5樓,李振寧,40000000,,115/04/07,補繳規費,F113050 電腦及事務性機器設備批發業；F113070 電信器材批發業；F118010 資訊軟體批發業；F213030 電腦及事務性機器設備零售業；F213060 電信器材零售業；F218010 資訊軟體零售業；F399040 無店面零售業；F601010 智慧財產權業；I103060 管理顧問業；I199990 其他顧問服務業,臺北市,變更,11504
54968148,日商湯淺機電股份有限公司,臺北市中山區復興北路2號5樓之5,佐佐木盛海,0,,115/04/14,改派在中華民國境內代表人,,臺北市,變更,11504
54969667,創進科技股份有限公司,臺北市內湖區行善路111巷1號7樓,金嘉祥,5000000,,115/04/15,特殊補正,I301010 資訊軟體服務業；E603050 自動控制設備工程業；E605010 電腦設備安裝業；F401010 國際貿易業；I301020 資料處理服務業；F113050 電腦及事務性機器設備批發業；F118010 資訊軟體批發業；I301030 電子資訊供應服務業；F113020 電器批發業；F113030 精密儀器批發業,臺北市,變更,11504
54973803,英商費舍海洋服務股份有限公司,臺北市信義區忠孝東路四段521號14樓,HODSON GARRY CHARLES,1000000,,115/04/01,補繳規費,F399020 商港區船舶船員日用品供應業；CD01070 商港區船舶小修業；CD01080 工業專用港或工業專用碼頭船舶小修業；H701050 投資興建公共建設業；IG03010 能源技術服務業；ZZ99999 除許可業務外，得經營法令非禁止或限制之業務,臺北市,變更,11504
54974768,荷蘭商凡諾德離岸風電工程有限公司,臺北市中山區松江路87號8樓之1,朱利安,7000000,,115/04/10,在中華民國境內負責人姓名、護照號碼、國籍變更登記,E599010 配管工程業；E604010 機械安裝業；EZ02010 起重工程業；EZ07010 鑽孔工程業；EZ99990 其他工程業；F401010 國際貿易業；H702010 建築經理業；I199990 其他顧問服務業；ZZ99999 除許可業務外，得經營法令非禁止或限制之業務,臺北市,變更,11504
54993385,英商斯璧風電股份有限公司,臺北市松山區民生東路三段128號3樓316室,Michael Frank Senior,500000,,115/04/10,改派在中華民國境內負責人變更登記,D101060 再生能源自用發電設備業；E604010 機械安裝業；E606010 用電設備檢驗維護業；EZ99990 其他工程業；F113010 機械批發業；F213080 機械器具零售業；F401010 國際貿易業；ZZ99999 除許可業務外，得經營法令非禁止或限制之業務,臺北市,變更,11504
54999748,香港商歐姆龍香港有限公司,臺北市中山區松江路146號5樓之3,李昌儒,60992597,,115/04/14,本公司董事及其他負責人變更,F113010 機械批發業；F119010 電子材料批發業；F213080 機械器具零售業；F219010 電子材料零售業；F113050 電腦及事務性機器設備批發業；F213030 電腦及事務性機器設備零售業；F401010 國際貿易業；JZ99050 仲介服務業；I501010 產品設計業；ZZ99999 除許可業務外，得經營法令非禁止或限制之業務,臺北市,變更,11504
54999944,恆益開發股份有限公司,臺北市信義區光復南路495號4樓,歐麗婷,1000000,,115/04/20,申登機關變更（遷入，含卷）,I102010 投資顧問業；I103060 管理顧問業；JE01010 租賃業；H201010 一般投資業；H701010 住宅及大樓開發租售業；H701020 工業廠房開發租售業；H701040 特定專業區開發業；H701050 投資興建公共建設業；H701060 新市鎮、新社區開發業；H701070 區段徵收及市地重劃代辦業,臺北市,變更,11504
55053992,幸福本色國際文創股份有限公司,臺北市中山區松江路71號4樓,鄭書瑄,3000000,,115/04/29,特殊補正,F102030 菸酒批發業；F104110 布疋、衣著、鞋、帽、傘、服飾品批發業；F105050 家具、寢具、廚房器具、裝設品批發業；F106050 陶瓷玻璃器皿批發業；F109070 文教、樂器、育樂用品批發業；F115010 首飾及貴金屬批發業；F115020 礦石批發業；F203020 菸酒零售業；F204110 布疋、衣著、鞋、帽、傘、服飾品零售業；F205040 家具、寢具、廚房器具、裝設品零售業,臺北市,變更,11504
55080870,日智綠能股份有限公司,臺北市士林區德行西路35號5樓,謝源一,11500000,,115/04/10,補繳規費,F401010 國際貿易業；IG03010 能源技術服務業；ZZ99999 除許可業務外，得經營法令非禁止或限制之業務,臺北市,變更,11504
55153900,全永建設股份有限公司,臺北市北投區振興街31號2樓,游本華,15000000,,115/04/07,改選董事/監察人(一人法人股東指派董事/監察人),H701010 住宅及大樓開發租售業；H701090 都市更新整建維護業；H703090 不動產買賣業；H703100 不動產租賃業；I503010 景觀、室內設計業；F111090 建材批發業,臺北市,變更,11504
55200306,鼎鼐實業有限公司,臺北市大安區忠孝東路4段222號3樓,,1000000,,115/04/24,解散,F115020 礦石批發業；F215020 礦石零售業；F115010 首飾及貴金屬批發業；F215010 首飾及貴金屬零售業；I101080 工、礦顧問業；F106050 陶瓷玻璃器皿批發業；F199990 其他批發業；F206060 祭祀用品零售業；F299990 其他零售業；F399040 無店面零售業,臺北市,變更,11504
55206809,侯香股份有限公司,臺北市大安區信義路4段378巷5號,尤耀駒,9000000,,115/04/10,特殊補正,F501030 飲料店業；F501060 餐館業；F501050 飲酒店業；H201010 一般投資業；I101090 食品顧問業；I102010 投資顧問業；I103060 管理顧問業；I105010 藝術品諮詢顧問業；I199990 其他顧問服務業；I501010 產品設計業,臺北市,變更,11504
55251085,維艾國際股份有限公司,臺北市中山區中山北路2段170號8樓,徐福沛,200000,,115/04/10,董事/監察人持股變動報備,F118010 資訊軟體批發業；F213030 電腦及事務性機器設備零售業；F218010 資訊軟體零售業；F401010 國際貿易業；E605010 電腦設備安裝業；E801010 室內裝潢業；I103060 管理顧問業；I301010 資訊軟體服務業；I301030 電子資訊供應服務業；I301050 實境體感應用服務業,臺北市,變更,11504
55255202,阿耐思特岩田漢弓股份有限公司,臺北市信義區信義路5段5號,岩田悟,60000000,,115/04/14,特殊補正,C801100 合成樹脂及塑膠製造業；C802200 塗料、油漆、染料及顏料製造業；C805010 塑膠皮、布、板、管材製造業；C805050 工業用塑膠製品製造業；C805070 強化塑膠製品製造業；CC01030 電器及視聽電子產品製造業；CC01080 電子零組件製造業；CC01990 其他電機及電子機械器材製造業；CD01030 汽車及其零件製造業；CE01010 一般儀器製造業,臺北市,變更,11504
55370603,台灣海洋網聯船務代理股份有限公司,臺北市中山區松江路223號16樓,吳仲文,30000000,,115/04/10,改選董事/監察人(一人法人股東指派董事/監察人),G401011 船務代理業；ZZ99999 除許可業務外，得經營法令非禁止或限制之業務,臺北市,變更,11504
55634963,黑水虻農業科技股份有限公司,臺北市大安區安和路2段92號地下,黃韋凱,159700000,,115/04/22,特殊補正,J101030 廢棄物清除業；J101040 廢棄物處理業；J101080 資源回收業；IG01010 生物技術服務業；A101020 農作物栽培業；A102020 農產品整理業；A102050 作物栽培服務業；A199990 其他農業；F103010 飼料批發業；F107050 肥料批發業,臺北市,變更,11504
55636809,醣解生醫股份有限公司,臺北市北投區承德路7段292號3樓,許承先,33104399,,115/04/08,特殊補正,C201010 飼料製造業；C801010 基本化學工業；C802090 清潔用品製造業；C802100 化粧品製造業；F103010 飼料批發業；F107030 清潔用品批發業；F107200 化學原料批發業；F107990 其他化學製品批發業；F207200 化學原料零售業；F207990 其他化學製品零售業,臺北市,變更,11504
55649656,商鼎保險經紀人股份有限公司,臺北市大安區忠孝東路4段183號13樓之2,黃月香,28000000,,115/04/17,公司所在地,H602011 人身保險經紀人；H602021 財產保險經紀人,臺北市,變更,11504
55651575,春暖暖腦身心貿易科技股份有限公司,臺北市大同區長安西路106號5樓之2,鄭梵銓,12400000,,115/04/17,公司名稱變更修正章程,I103060 管理顧問業；I199990 其他顧問服務業；IG02010 研究發展服務業；J202010 產業育成業；J802010 運動訓練業；F209060 文教、樂器、育樂用品零售業；F601010 智慧財產權業；I301010 資訊軟體服務業；J303010 雜誌（期刊）出版業；J304010 圖書出版業,臺北市,變更,11504
55652624,吉靈社會企業有限公司,臺北市中正區金山北路1號5樓之5,高宇亘,1000000,,115/04/29,特殊補正,F601010 智慧財產權業；IG01010 生物技術服務業；J202010 產業育成業,臺北市,變更,11504
55653686,創家股份有限公司,臺北市中山區南京東路2段206號5樓,陳進福,120000000,,115/04/15,公司所營事業變更修正章程,E601020 電器安裝業；F106020 日常用品批發業；F105050 家具、寢具、廚房器具、裝設品批發業；F113020 電器批發業；F213010 電器零售業；F206020 日常用品零售業；F205040 家具、寢具、廚房器具、裝設品零售業；F399040 無店面零售業；F399990 其他綜合零售業；F301010 百貨公司業,臺北市,變更,11504
55664500,雲揚生物科技有限公司,臺北市大安區新生南路1段143巷9號1樓,陳宥錞,28000000,,115/04/10,特殊補正,F102170 食品什貨批發業；F203010 食品什貨、飲料零售業；F101050 水產品批發業；F201030 水產品零售業；F401010 國際貿易業；IG01010 生物技術服務業；JZ99050 仲介服務業；F107200 化學原料批發業；F207200 化學原料零售業；F101040 家畜家禽批發業,臺北市,變更,11504
55665986,張本商事有限公司,臺北市大安區仁愛路4段228之6號1樓,三井貴子,1000000,,115/04/01,公司印鑑變更,F102170 食品什貨批發業；F104110 布疋、衣著、鞋、帽、傘、服飾品批發業；F299990 其他零售業；F399040 無店面零售業；F399990 其他綜合零售業；F401010 國際貿易業；I401010 一般廣告服務業；I501010 產品設計業；I599990 其他設計業；IZ04010 翻譯業,臺北市,變更,11504
55669717,日慶工程室內裝修有限公司,臺北市南港區南深路17號8樓,林翠華,1000000,,115/04/08,特殊補正,E801060 室內裝修業；E801010 室內裝潢業；E401010 疏濬業；E402010 沙石、淤泥海拋業；E502010 燃料導管安裝工程業；E599010 配管工程業；E601010 電器承裝業；E601020 電器安裝業；E603010 電纜安裝工程業；E603020 電梯安裝工程業,臺北市,變更,11504
55676230,友登綠能股份有限公司,臺北市士林區德行西路35號5樓,謝源一,2900000,,115/04/15,補繳規費,F401010 國際貿易業；IG03010 能源技術服務業；ZZ99999 除許可業務外，得經營法令非禁止或限制之業務,臺北市,變更,11504
55685028,瀚草文創事業股份有限公司,臺北市內湖區瑞光路192號11樓之1,湯昇榮,73500000,,115/04/16,特殊補正,J401010 電影片製作業；J402010 電影片發行業；J503010 廣播節目製作業；J503020 電視節目製作業；J503030 廣播電視節目發行業；J503040 廣播電視廣告業；J503050 錄影節目帶業；J601010 藝文服務業；J602010 演藝活動業；J304010 圖書出版業,臺北市,變更,11504
55690063,晶億企業股份有限公司,臺北市松山區南京東路3段287號9樓,蕭牡丹,104000000,,115/04/01,特殊補正,F401010 國際貿易業；H201010 一般投資業；H701010 住宅及大樓開發租售業；H701020 工業廠房開發租售業；H701050 投資興建公共建設業；H701060 新市鎮、新社區開發業；H703090 不動產買賣業；H703100 不動產租賃業；ZZ99999 除許可業務外，得經營法令非禁止或限制之業務；J701020 遊樂園業,臺北市,變更,11504
55697468,永樂開發投資股份有限公司,臺北市松山區慶城街28號地下1樓之1,陳重廷,12000000,,115/04/27,特殊補正,H201010 一般投資業；H701010 住宅及大樓開發租售業；H701020 工業廠房開發租售業；H701040 特定專業區開發業；H701050 投資興建公共建設業；H701060 新市鎮、新社區開發業；H701070 區段徵收及市地重劃代辦業；H701080 都市更新重建業；H701090 都市更新整建維護業；H702010 建築經理業,臺北市,變更,11504
55699867,旭煬投資股份有限公司,臺北市大安區仁愛路4段37之31號3樓,王維,10000000,,115/04/21,改選董事/監察人(一人法人股東指派董事/監察人),H201010 一般投資業；ZZ99999 除許可業務外，得經營法令非禁止或限制之業務,臺北市,變更,11504
55701076,元順營造股份有限公司,臺北市萬華區桂林路109號8樓之2,黃萬結,300000000,,115/04/02,改選董事/監察人(一人法人股東指派董事/監察人),E101011 綜合營造業；E501011 自來水管承裝商；E502010 燃料導管安裝工程業；E599010 配管工程業；E601010 電器承裝業；E601020 電器安裝業；E602011 冷凍空調工程業；E603010 電纜安裝工程業；E603040 消防安全設備安裝工程業；E603050 自動控制設備工程業,臺北市,變更,11504
55723965,滿得投資股份有限公司,臺北市內湖區瑞光路439號9樓,方頌和,928379680,,115/04/15,董事(常務董事.董事長)/監察人解任,H201010 一般投資業；ZZ99999 除許可業務外，得經營法令非禁止或限制之業務,臺北市,變更,11504
55726365,宣捷婦幼股份有限公司,臺北市中山區長安東路2段108號8樓之7,宣昶有,19001000,,115/04/14,特殊補正,C102010 乳品製造業；C199030 即食餐食製造業；C199990 未分類其他食品製造業；C802090 清潔用品製造業；C802100 化粧品製造業；C802990 其他化學製品製造業；E605010 電腦設備安裝業；F102170 食品什貨批發業；F107030 清潔用品批發業；F108040 化粧品批發業,臺北市,變更,11504
55727054,德意開發股份有限公司,臺北市內湖區行愛路100號5樓,唐榮椿,30000000,,115/04/20,特殊補正,H201010 一般投資業,臺北市,變更,11504
55729166,東風鑫航空貨運承攬有限公司,臺北市中山區長春路380號4樓之1,葉愛鈴,9000000,,115/04/29,股東出資轉讓修正章程,G402011 海運承攬運送業；G601011 航空貨運承攬業；G701011 報關業；F401010 國際貿易業；ZZ99999 除許可業務外，得經營法令非禁止或限制之業務；I301040 第三方支付服務業,臺北市,變更,11504
55729378,普遠寶石有限公司,臺北市信義區基隆路1段155號11樓之5,偉普遠,1000000,,115/04/16,經理人變更,F115010 首飾及貴金屬批發業；F215010 首飾及貴金屬零售業；F115020 礦石批發業；F215020 礦石零售業；F401010 國際貿易業,臺北市,變更,11504
55736413,月十二曲烘焙有限公司,臺北市松山區八德路3段74巷6號,謝易樺,500000,,115/04/10,公司所在地,C103050 罐頭、冷凍、脫水及醃漬食品製造業；C104010 糖果製造業；C104020 烘焙炊蒸食品製造業；CZ99010 製冰業；F102020 食用油脂批發業；F102030 菸酒批發業；F102040 飲料批發業；F102050 茶葉批發業；F102170 食品什貨批發業；F203010 食品什貨、飲料零售業,臺北市,變更,11504
55739354,銓烽投資股份有限公司,臺北市大安區忠孝東路4段124之13號,林佑穎,414717158,,115/04/15,改選董事/監察人(一人法人股東指派董事/監察人),H201010 一般投資業,臺北市,變更,11504
55747853,台灣渡邊建材股份有限公司,臺北市松山區復興北路333號之1一樓,渡邊圭祐,500000,,115/04/30,特殊補正,ZZ99999 除許可業務外，得經營法令非禁止或限制之業務；F105050 家具、寢具、廚房器具、裝設品批發業；F106010 五金批發業；F106040 水器材料批發業；F107010 漆料、塗料批發業；F111090 建材批發業；F113020 電器批發業；F113030 精密儀器批發業；F113100 污染防治設備批發業；F117010 消防安全設備批發業,臺北市,變更,11504
55749120,台灣羅蓋特有限公司,臺北市大安區忠孝東路3段8號2樓,王聖澤,250000,,115/04/17,特殊補正,F102170 食品什貨批發業；F103010 飼料批發業；F107170 工業助劑批發業；F107200 化學原料批發業；F107990 其他化學製品批發業；F108040 化粧品批發業；F121010 食品添加物批發業；F202010 飼料零售業；F207170 工業助劑零售業；F207200 化學原料零售業,臺北市,變更,11504
55749374,波動智能科技有限公司,臺北市信義區基隆路1段37巷14號3樓,崔睿哲,1000000,,115/04/29,特殊補正,F113050 電腦及事務性機器設備批發業；F113070 電信器材批發業；F119010 電子材料批發業；F213030 電腦及事務性機器設備零售業；F213060 電信器材零售業；F219010 電子材料零售業；F401010 國際貿易業；I301010 資訊軟體服務業；I501010 產品設計業；JZ99030 攝影業,臺北市,變更,11504
55754853,如冠有限公司,臺北市中山區錦西街11號1樓,梁湘珍,1360000,,115/04/27,特殊補正,F102040 飲料批發業；F102170 食品什貨批發業；F203010 食品什貨、飲料零售業；F501030 飲料店業；F501060 餐館業；ZZ99999 除許可業務外，得經營法令非禁止或限制之業務,臺北市,變更,11504
55757850,人合世紀股份有限公司,臺北市大安區敦化南路2段267號17樓之7,柯韋任,5475000,,115/04/24,特殊補正,I103060 管理顧問業；I199990 其他顧問服務業；H201010 一般投資業；H703090 不動產買賣業；H703100 不動產租賃業；F401010 國際貿易業；ZZ99999 除許可業務外，得經營法令非禁止或限制之業務,臺北市,變更,11504
55763728,永誠豐有限公司,臺北市松山區南京東路4段164號6樓之1,林悅韜,53000000,,115/04/02,特殊補正,H701020 工業廠房開發租售業；H701050 投資興建公共建設業；H703090 不動產買賣業；H703100 不動產租賃業；F102050 茶葉批發業；F102170 食品什貨批發業；F104110 布疋、衣著、鞋、帽、傘、服飾品批發業；F105050 家具、寢具、廚房器具、裝設品批發業；F111090 建材批發業；F401010 國際貿易業,臺北市,變更,11504
55764043,金坊科技股份有限公司,臺北市中山區復興北路48號10樓,尤明月,5000000,,115/04/08,公司外文名稱登記修正章程,F106010 五金批發業；F106020 日常用品批發業；F106030 模具批發業；F113010 機械批發業；F113990 其他機械器具批發業；F199990 其他批發業；F206010 五金零售業；F206020 日常用品零售業；F206030 模具零售業；F213080 機械器具零售業,臺北市,變更,11504
55765660,迪芬尼聲學科技股份有限公司,臺北市南港區三重路19之2、19之3號10樓,潘永中,50000000,,115/04/23,特殊補正,C805050 工業用塑膠製品製造業(限中華民國行業標準分類2203工業用塑膠製品製造業)；CC01030 電器及視聽電子產品製造業(限中華民國行業標準分類2730視聽電子產品製造業、2851家用空調器具製造業、2852家用電冰箱製造業、2853家用洗衣設備製造業、2854家用電扇製造業及2859其他家用電器製造業)；F106030 模具批發業(限中華民國行業標準分類4649其他機械器具批發業)；F107990 其他化學製品批發業(限中華民國行業標準分類4622化學製品批發業)；F108031 醫療器材批發業(限中華民國行業標準分類4565鐘錶及眼鏡批發業、4571藥品及醫療用品批發業及4649其他機械器具批發業)；F113020 電器批發業(限中華民國行業標準分類4561家庭電器批發業)；F113050 電腦及事務性機器設備批發業(限中華民國行業標準分類4641電腦及其週邊設,臺北市,變更,11504
55766056,麗莎興業有限公司,臺北市中正區和平西路2段13號,葉暮蓮,1010000,,115/04/01,經理人變更,F102170 食品什貨批發業；F104110 布疋、衣著、鞋、帽、傘、服飾品批發業；F203010 食品什貨、飲料零售業；F204110 布疋、衣著、鞋、帽、傘、服飾品零售業；F399040 無店面零售業；F401010 國際貿易業；F501030 飲料店業；F501060 餐館業；F501990 其他餐飲業；ZZ99999 除許可業務外，得經營法令非禁止或限制之業務,臺北市,變更,11504
55767230,開拓邊疆股份有限公司,臺北市大同區承德路1段40號11樓,宗緒順,8578000,,115/04/27,董事/監察人持股變動報備,H201010 一般投資業,臺北市,變更,11504
55768370,元欣食品股份有限公司,臺北市大安區復興南路1段219巷18號,邵小娟,10000,,115/04/14,董事/監察人持股變動報備,C103050 罐頭、冷凍、脫水及醃漬食品製造業；C199990 未分類其他食品製造業；F401010 國際貿易業；ZZ99999 除許可業務外，得經營法令非禁止或限制之業務,臺北市,變更,11504
55775533,寶麗安實業有限公司,臺北市中山區民權東路2段71巷39號1樓,張雅媛,3000000,,115/04/23,特殊補正,F102170 食品什貨批發業；F203010 食品什貨、飲料零售業；F206020 日常用品零售業；F399040 無店面零售業；F401010 國際貿易業；I103060 管理顧問業；I199990 其他顧問服務業；I301010 資訊軟體服務業；I301020 資料處理服務業；I301030 電子資訊供應服務業,臺北市,變更,11504
55776104,大享多媒體有限公司,臺北市內湖區瑞光路513巷22弄5號8樓之3,,0,,115/04/20,特殊補正,,臺北市,變更,11504
55781177,安數科技股份有限公司,臺北市內湖區陽光街321巷56號5樓之6,陳韻旭,20000000,,115/04/29,改選董事/監察人(一人法人股東指派董事/監察人),CC01110 電腦及其週邊設備製造業；CC01120 資料儲存媒體製造及複製業；CC01990 其他電機及電子機械器材製造業；E603050 自動控制設備工程業；E605010 電腦設備安裝業；E701010 電信工程業；E701030 電信管制射頻器材裝設工程業；E701040 簡易電信設備安裝業；F113050 電腦及事務性機器設備批發業；F118010 資訊軟體批發業,臺北市,變更,11504
55781845,伊斯酷軟體科技股份有限公司,臺北市內湖區瑞光路335號6樓,江衍玫,257500000,,115/04/27,補繳規費,I301010 資訊軟體服務業；I301020 資料處理服務業；I301030 電子資訊供應服務業；F399040 無店面零售業；F401010 國際貿易業；ZZ99999 除許可業務外，得經營法令非禁止或限制之業務,臺北市,變更,11504
55785531,華羚財富傳承規劃顧問有限公司,臺北市松山區南京東路4段130號2樓之1,黃星瑋,200000,,115/04/23,特殊補正,I102010 投資顧問業；I103060 管理顧問業；I105010 藝術品諮詢顧問業；I199990 其他顧問服務業；I301010 資訊軟體服務業；I301020 資料處理服務業；I301030 電子資訊供應服務業；I401010 一般廣告服務業；H202010 創業投資業；IZ12010 人力派遣業,臺北市,變更,11504
55787263,光合鮮活社企有限公司,臺北市松山區寶清街21號4樓之1,侯籽名,400000,,115/04/16,董事/股東更名,I103060 管理顧問業；I105010 藝術品諮詢顧問業；I199990 其他顧問服務業；I301010 資訊軟體服務業；I301020 資料處理服務業；I301030 電子資訊供應服務業；I301050 實境體感應用服務業；I501010 產品設計業；I599990 其他設計業；IZ12010 人力派遣業,臺北市,變更,11504
55789240,台灣蝶理商業股份有限公司,臺北市松山區南京東路5段188號5樓之8,小谷洋子,30000000,,115/04/08,特殊補正,F104110 布疋、衣著、鞋、帽、傘、服飾品批發業；F105050 家具、寢具、廚房器具、裝設品批發業；F106020 日常用品批發業；F107200 化學原料批發業；F103010 飼料批發業；F121010 食品添加物批發業；F107990 其他化學製品批發業；F113010 機械批發業；F119010 電子材料批發業；F199990 其他批發業,臺北市,變更,11504
55794222,鳳凰高科材料股份有限公司,臺北市內湖區瑞光路513巷22弄5號3樓之3,程慶中,51920000,,115/04/30,特殊補正,C303010 不織布業；C399990 其他紡織及製品製造業；C801100 合成樹脂及塑膠製造業；C801120 人造纖維製造業；C801990 其他化學材料製造業；C805020 塑膠膜、袋製造業；C805070 強化塑膠製品製造業；C805990 其他塑膠製品製造業；CB01030 污染防治設備製造業；CZ99990 未分類其他工業製品製造業,臺北市,變更,11504
55801075,台富雲科技股份有限公司,臺北市大安區基隆路2段172之1號18樓,朱曉幸,240000000,,115/04/01,特殊補正,I301010 資訊軟體服務業；I301020 資料處理服務業；I301030 電子資訊供應服務業；I401010 一般廣告服務業；I103060 管理顧問業；F213030 電腦及事務性機器設備零售業；F401010 國際貿易業；F218010 資訊軟體零售業；F209060 文教、樂器、育樂用品零售業；F118010 資訊軟體批發業,臺北市,變更,11504
55822846,森漾國際生技有限公司,臺北市信義區忠孝東路4段563號11樓,林采儀,1000000,,115/04/09,公司名稱變更修正章程,F108040 化粧品批發業；F208040 化粧品零售業；F399040 無店面零售業；F401010 國際貿易業；F601010 智慧財產權業；I102010 投資顧問業；I103060 管理顧問業；I105010 藝術品諮詢顧問業；I199990 其他顧問服務業；I301020 資料處理服務業,臺北市,變更,11504
55826097,子藝能源開發有限公司,臺北市中正區漢口街1段85號4樓之4,楊淞壹,80000000,,115/04/20,特殊補正,F213040 精密儀器零售業；F213080 機械器具零售業；F213990 其他機械器具零售業；F401010 國際貿易業；D101060 再生能源自用發電設備業；IG03010 能源技術服務業；ZZ99999 除許可業務外，得經營法令非禁止或限制之業務,臺北市,變更,11504
55826717,環安家居股份有限公司,臺北市大安區富陽街107號2樓,洪立軒,10000000,,115/04/27,特殊補正,F105050 家具、寢具、廚房器具、裝設品批發業；F205040 家具、寢具、廚房器具、裝設品零售業；F104110 布疋、衣著、鞋、帽、傘、服飾品批發業；F399040 無店面零售業；F399990 其他綜合零售業；F401010 國際貿易業；F204110 布疋、衣著、鞋、帽、傘、服飾品零售業；ZZ99999 除許可業務外，得經營法令非禁止或限制之業務,臺北市,變更,11504
55826879,沛喜投資股份有限公司,臺北市內湖區內湖路1段98號5樓,宣昶有,510000,,115/04/13,公司所在地,F401010 國際貿易業；H201010 一般投資業；H202010 創業投資業；H701010 住宅及大樓開發租售業；H701020 工業廠房開發租售業；H701050 投資興建公共建設業；I102010 投資顧問業；I103060 管理顧問業；I105010 藝術品諮詢顧問業；I199990 其他顧問服務業,臺北市,變更,11504
55847754,艾斯奇餐飲股份有限公司,臺北市內湖區洲子街57號11樓,廖宜鍵,145000000,,115/04/15,改選董事/監察人(一人法人股東指派董事/監察人),F102030 菸酒批發業；F203010 食品什貨、飲料零售業；F203020 菸酒零售業；F399990 其他綜合零售業；F401010 國際貿易業；F401171 酒類輸入業；F501060 餐館業；F501990 其他餐飲業；I101090 食品顧問業；I103060 管理顧問業,臺北市,變更,11504
55851383,至福氣息國際有限公司,臺北市信義區松高路9號27樓,周宇寂,3000000,,115/04/15,特殊補正,I103060 管理顧問業；I199990 其他顧問服務業；I301020 資料處理服務業；I501010 產品設計業；JB01010 會議及展覽服務業；F104110 布疋、衣著、鞋、帽、傘、服飾品批發業；F105050 家具、寢具、廚房器具、裝設品批發業；F109070 文教、樂器、育樂用品批發業；F204110 布疋、衣著、鞋、帽、傘、服飾品零售業；F205040 家具、寢具、廚房器具、裝設品零售業,臺北市,變更,11504
55855634,凱鐽工程設計有限公司,臺北市松山區南京東路5段234號16樓之7,王郁芬,2000000,,115/04/27,特殊補正,E801020 門窗安裝工程業；E801030 室內輕鋼架工程業；E801040 玻璃安裝工程業；F219010 電子材料零售業；F220010 耐火材料零售業；F401010 國際貿易業；I103060 管理顧問業；I199990 其他顧問服務業；I599990 其他設計業；ZZ99999 除許可業務外，得經營法令非禁止或限制之業務,臺北市,變更,11504
55856351,飛躍開發股份有限公司,臺北市中正區漢口街1段85號4樓之4,楊淞壹,102000000,,115/04/23,董事/監察人地址變更,D101060 再生能源自用發電設備業；IG02010 研究發展服務業；IG03010 能源技術服務業；F113010 機械批發業；F401010 國際貿易業；ZZ99999 除許可業務外，得經營法令非禁止或限制之業務；A301030 水產養殖業,臺北市,變更,11504
55856774,來福國際行銷有限公司,臺北市南港區向陽路162巷100號6樓,鍾巧韋,54753,,115/04/07,特殊補正,F203010 食品什貨、飲料零售業；F399990 其他綜合零售業；F206020 日常用品零售業；F106020 日常用品批發業；F401010 國際貿易業；JA05010 留、遊學服務業；F104110 布疋、衣著、鞋、帽、傘、服飾品批發業；F204110 布疋、衣著、鞋、帽、傘、服飾品零售業；F109070 文教、樂器、育樂用品批發業；F209060 文教、樂器、育樂用品零售業,臺北市,變更,11504
55859343,鴻品企業有限公司,臺北市中正區館前路59號9樓,施季生,1000000,,115/04/01,特殊補正,F105050 家具、寢具、廚房器具、裝設品批發業；F111090 建材批發業；F113050 電腦及事務性機器設備批發業；F401010 國際貿易業；H701060 新市鎮、新社區開發業；H701090 都市更新整建維護業；H703090 不動產買賣業；I103060 管理顧問業；I199990 其他顧問服務業；I401010 一般廣告服務業,臺北市,變更,11504
56403912,內湖營造股份有限公司,臺北市內湖區內湖路2段355巷5號18樓,梁力民,80000000,,115/04/21,特殊補正,,臺北市,變更,11504
56602145,新加坡商邁克菲有限公司,臺北市信義區忠孝東路5段68號29樓,Adam Christopher Hankins,7009960,,115/04/13,改派在中華民國境內負責人變更登記,F118010 資訊軟體批發業；F218010 資訊軟體零售業；F401010 國際貿易業；I301010 資訊軟體服務業；J399010 軟體出版業；ZZ99999 除許可業務外，得經營法令非禁止或限制之業務,臺北市,變更,11504
56606894,日商三社電機製作所股份有限公司,臺北市中山區民安里中山北路二段46號8樓之3,冨田貴英,500000,,115/04/13,本公司董事及其他負責人變更,I103060 管理顧問業；F113010 機械批發業；F213080 機械器具零售業；F113030 精密儀器批發業；F213040 精密儀器零售業；F119010 電子材料批發業；F219010 電子材料零售業；F401010 國際貿易業；ZZ99999 除許可業務外，得經營法令非禁止或限制之業務,臺北市,變更,11504
56608133,美商捷威三井租賃事業股份有限公司,臺北市中山區松江路318號11樓之5,松山正太郎,5000000,,115/04/10,改派在中華民國境內負責人變更登記,JE01010 租賃業；H703100 不動產租賃業；H701010 住宅及大樓開發租售業；I103060 管理顧問業；JD01010 工商徵信服務業；I301010 資訊軟體服務業；I301020 資料處理服務業；I301030 電子資訊供應服務業；F601010 智慧財產權業；F213030 電腦及事務性機器設備零售業,臺北市,變更,11504
56642245,文揚貿易股份有限公司,臺北市內湖區行愛路141巷32號4樓,楊燈勝,50000000,,115/04/17,補繳規費,CQ01010 模具製造業；H703020 倉庫出租業。；H703010 廠房出租業。,臺北市,變更,11504
56651588,艾滴科技股份有限公司,臺北市內湖區瑞光路335號9樓,余萬洲,519900487,,115/04/24,一般補正案,IF04010 非破壞檢測業；CE01010 一般儀器製造業；F399040 無店面零售業；JE01010 租賃業；F401010 國際貿易業；F101050 水產品批發業；F201030 水產品零售業；A301030 水產養殖業；E607010 太陽熱能設備安裝工程業；D101060 再生能源自用發電設備業,臺北市,變更,11504
56677763,韓商迪愛影像科技股份有限公司,臺北市中山區南京西路1-1號10樓,文碩振,500000,,115/04/27,補繳規費,CC01120 資料儲存媒體製造及複製業；CE01010 一般儀器製造業；CE01030 光學儀器製造業；CE01990 其他光學及精密器械製造業；F108031 醫療器材批發業；F113030 精密儀器批發業；F118010 資訊軟體批發業；F208031 醫療器材零售業；F213040 精密儀器零售業；F218010 資訊軟體零售業,臺北市,變更,11504
56693813,香港商陸遜梯卡有限公司,臺北市信義區松仁路89號4樓之3及89號4樓之4,陳修容,5000000,,115/04/16,本公司董事及其他負責人變更,F401010 國際貿易業；F108031 醫療器材批發業；F208031 醫療器材零售業；ZZ99999 除許可業務外，得經營法令非禁止或限制之業務,臺北市,變更,11504
57167697,諾瓦創意行銷整合有限公司,臺北市中山區中山北路2段168號3樓之1,王孝華,4300000,,115/04/29,特殊補正,JB01010 會議及展覽服務業；I301010 資訊軟體服務業；I301020 資料處理服務業；I301030 電子資訊供應服務業；I301050 實境體感應用服務業；I401010 一般廣告服務業；I501010 產品設計業；I599990 其他設計業；IZ13010 網路認證服務業；F401010 國際貿易業,臺北市,變更,11504
57612607,昱進通運股份有限公司,臺北市內湖區新富街158號14樓,蔡麗霞,25000000,,115/04/21,改選董事/監察人(一人法人股東指派董事/監察人),G101061 汽車貨運業；G801010 倉儲業；IZ06010 理貨包裝業；EZ02010 起重工程業；F102030 菸酒批發業；ZZ99999 除許可業務外，得經營法令非禁止或限制之業務,臺北市,變更,11504
58533102,靖展物業有限公司,臺北市南港區成福路149巷8號2樓,吳永恩,2000000,,115/04/17,特殊補正,E601010 電器承裝業；E601020 電器安裝業；E599010 配管工程業；E701010 電信工程業；EZ99990 其他工程業；I103060 管理顧問業；I503010 景觀、室內設計業；I504010 花藝設計業；IF01010 消防安全設備檢修業；IB01010 建築物公共安全檢查業,臺北市,變更,11504
59001814,香港商新海豐集裝箱運輸有限公司,臺北市信義區基隆路一段159號16樓,劉舜章,9000000,,115/04/01,所營事業撤銷廢止,G401011 船務代理業,臺北市,變更,11504
59053853,新加坡商滿滿哆股份有限公司,臺北市松山區八德路4段277號4樓,ANG WEE CHYE,500000,,115/04/29,在中華民國境內負責人住所或居所變更,J304010 圖書出版業；J305010 有聲出版業；J401010 電影片製作業；J402010 電影片發行業；J503010 廣播節目製作業；J503020 電視節目製作業；J503030 廣播電視節目發行業；J503040 廣播電視廣告業；J602010 演藝活動業；I401010 一般廣告服務業,臺北市,變更,11504
59218969,富美剪刀五金工廠股份有限公司,臺北市大安區和平東路2段101號7樓之1,黃天藝,10000000,,115/04/10,改選董事/監察人(一人法人股東指派董事/監察人),CP01010 手工具製造業；CA02990 其他金屬製品製造業；CH01030 文具製造業；CZ99990 未分類其他工業製品製造業；I501010 產品設計業；F106010 五金批發業；F399040 無店面零售業；F401010 國際貿易業；ZZ99999 除許可業務外，得經營法令非禁止或限制之業務,臺北市,變更,11504
59238058,嘉曜醫材股份有限公司,臺北市大安區信義路4段380號2樓,史文妃,10000000,,115/04/21,每股金額變更修正章程,I501010 產品設計業；I502010 服飾設計業；F401010 國際貿易業；F399040 無店面零售業；C307010 服飾品製造業；F108031 醫療器材批發業；F208031 醫療器材零售業；C399990 其他紡織及製品製造業；F104110 布疋、衣著、鞋、帽、傘、服飾品批發業；F204110 布疋、衣著、鞋、帽、傘、服飾品零售業,臺北市,變更,11504
59339979,星略智控股份有限公司,臺北市松山區八德路3段212號6樓,施克勳,10000000,,115/04/20,公司所在地,A101030 特用作物栽培業；A101040 食用菌菇類栽培業；A102020 農產品整理業；A102050 作物栽培服務業；A102080 園藝服務業；A301030 水產養殖業；A401010 畜牧場經營業；C114010 食品添加物製造業；C201010 飼料製造業；C801110 肥料製造業,臺北市,變更,11504
60301510,京緯國際股份有限公司,臺北市北投區光明路78號,陳定緯,8000000,,115/04/15,特殊補正,F203010 食品什貨、飲料零售業；F206020 日常用品零售業；F208050 乙類成藥零售業；F210020 眼鏡零售業；F399040 無店面零售業；F399990 其他綜合零售業；F401010 國際貿易業；ZZ99999 除許可業務外，得經營法令非禁止或限制之業務；F108031 醫療器材批發業；F208031 醫療器材零售業,臺北市,變更,11504
60301743,碧誠創業投資有限公司,臺北市大安區大安路2段17號,陳立明,25000000,,115/04/21,特殊補正,H201010 一般投資業；H202010 創業投資業；H703090 不動產買賣業；H703100 不動產租賃業；I102010 一般投資顧問業；I103060 管理顧問業；JB01010 會議及展覽服務業；F399040 無店面零售業；ZZ99999 除許可業務外，得經營法令非禁止或限制之業務,臺北市,變更,11504
60301883,數邁科技股份有限公司,臺北市松山區敦化北路167號17樓,何姿慧,1000000,,115/04/10,董事(常務董事.董事長)/監察人解任,I301010 資訊軟體服務業；I301020 資料處理服務業；I301030 電子資訊供應服務業；I103060 管理顧問業；I199990 其他顧問服務業；IG02010 研究發展服務業；J399010 軟體出版業；F399040 無店面零售業；I501010 產品設計業；I599990 其他設計業,臺北市,變更,11504
60306352,合仲數位企業有限公司,臺北市內湖區瑞光路266號5樓,趙翊妘,60000000,,115/04/13,增資,F108040 化粧品批發業；F113020 電器批發業；F113030 精密儀器批發業；F113050 電腦及事務性機器設備批發業；F113070 電信器材批發業；F114010 汽車批發業；F114020 機車批發業；F114030 汽、機車零件配備批發業；F114040 自行車及其零件批發業；F109070 文教、樂器、育樂用品批發業,臺北市,變更,11504
60306418,朋有福有限公司,臺北市中山區錦州街443號1樓,林子超,4000000,,115/04/20,增資,F203010 食品什貨、飲料零售業；F399040 無店面零售業；F399990 其他綜合零售業；F401010 國際貿易業；F501060 餐館業；F501990 其他餐飲業；I103060 管理顧問業；JE01010 租賃業；ZZ99999 除許可業務外，得經營法令非禁止或限制之業務,臺北市,變更,11504
60306613,梓之林有限公司,臺北市大安區仁愛路4段32號2樓,鄭博元,10000000,,115/04/20,特殊補正,E605010 電腦設備安裝業；F109070 文教、樂器、育樂用品批發業；F113020 電器批發業；F113030 精密儀器批發業；F113050 電腦及事務性機器設備批發業；F118010 資訊軟體批發業；F119010 電子材料批發業；F209060 文教、樂器、育樂用品零售業；F213010 電器零售業；F213030 電腦及事務性機器設備零售業,臺北市,變更,11504
60306640,里霖規劃設計有限公司,臺北市大安區忠孝東路4段320號4樓,許靜文,5000000,,115/04/28,特殊補正,I101061 工程技術顧問業；H701010 住宅及大樓開發租售業；H701060 新市鎮、新社區開發業；H701070 區段徵收及市地重劃代辦業；H701090 都市更新整建維護業；H702010 建築經理業；H703090 不動產買賣業；H703100 不動產租賃業；H703110 老人住宅業；I102010 一般投資顧問業,臺北市,變更,11504
60306846,全方通高爾夫股份有限公司,臺北市內湖區瑞光路298號6樓之1,王得權,1010000,,115/04/24,補繳規費,F104110 布疋、衣著、鞋、帽、傘、服飾品批發業；F204110 布疋、衣著、鞋、帽、傘、服飾品零售業；F109070 文教、樂器、育樂用品批發業；F209060 文教、樂器、育樂用品零售業；F299990 其他零售業；F399040 無店面零售業；F399990 其他綜合零售業；F401010 國際貿易業；I103060 管理顧問業；I199990 其他顧問服務業,臺北市,變更,11504
60307198,聲盾智能科技股份有限公司,臺北市中山區松江路182號11樓之1,李瑞玲,2100000,,115/04/28,特殊補正,F118010 資訊軟體批發業；F218010 資訊軟體零售業；I301010 資訊軟體服務業；I301020 資料處理服務業；I301030 電子資訊供應服務業；F401010 國際貿易業；ZZ99999 除許可業務外，得經營法令非禁止或限制之業務,臺北市,變更,11504
60307280,潤柏管理顧問股份有限公司,臺北市大安區復興南路2段218號7樓之8,黃書祥,500000,,115/04/27,公司所在地,HZ02010 金融機構金錢債權收買業務；HZ02020 辦理金融機構金錢債權之評價或拍賣業務；I102010 一般投資顧問業；I103060 管理顧問業；F401010 國際貿易業；H201010 一般投資業；ZZ99999 除許可業務外，得經營法令非禁止或限制之業務,臺北市,變更,11504
60307296,泓硯投資有限公司,臺北市大安區復興南路2段218號7樓之8,黃書祥,100000,,115/04/27,公司所在地,HZ02010 金融機構金錢債權收買業務；HZ02020 辦理金融機構金錢債權之評價或拍賣業務；I102010 一般投資顧問業；I103060 管理顧問業；F401010 國際貿易業；H201010 一般投資業；ZZ99999 除許可業務外，得經營法令非禁止或限制之業務,臺北市,變更,11504
60307970,綻蘊生醫股份有限公司,臺北市松山區民權東路3段144號4樓之7,鄭文隆,201000,,115/04/23,增資(資本總額),F102040 飲料批發業；F102170 食品什貨批發業；F106020 日常用品批發業；F203010 食品什貨、飲料零售業；F108040 化粧品批發業；F107030 清潔用品批發業；F106040 水器材料批發業；F208040 化粧品零售業；F207030 清潔用品零售業；F208050 乙類成藥零售業,臺北市,變更,11504
60308485,樂宣健康服務有限公司,臺北市大同區長安西路259號3樓,孫佩芸,1000000,,115/04/10,特殊補正,ZZ99999 除許可業務外，得經營法令非禁止或限制之業務；I103060 管理顧問業；I199990 其他顧問服務業；I301010 資訊軟體服務業；I301020 資料處理服務業；I301050 實境體感應用服務業；IZ12010 人力派遣業；JZ99050 仲介服務業；JI01010 互動式情境體驗服務業,臺北市,變更,11504
60308513,旺富港餐飲事業有限公司,臺北市信義區忠孝東路5段1號2樓,陳瑋涵,1000000,,115/04/23,公司名稱變更修正章程,F501060 餐館業；F501030 飲料店業；F501050 飲酒店業；F501990 其他餐飲業；F102040 飲料批發業；F102170 食品什貨批發業；F203010 食品什貨、飲料零售業；F203020 菸酒零售業；F102030 菸酒批發業；F206020 日常用品零售業,臺北市,變更,11504
60308555,鋐如投資股份有限公司,臺北市內湖區內湖路1段661號9樓之2,陳玫如,336515000,,115/04/28,特殊補正,H201010 一般投資業；H703090 不動產買賣業；H703100 不動產租賃業；H701010 住宅及大樓開發租售業；H701020 工業廠房開發租售業；ZZ99999 除許可業務外，得經營法令非禁止或限制之業務,臺北市,變更,11504
60308605,浤富育樂有限公司,臺北市內湖區新明路343號8樓,張予瀞,30000,,115/04/21,董事/股東更名,F109070 文教、樂器、育樂用品批發業；F209060 文教、樂器、育樂用品零售業；J601010 藝文服務業；J602010 演藝活動業；J603010 音樂展演空間業；JB01010 會議及展覽服務業；F106020 日常用品批發業；F113050 電腦及事務性機器設備批發業；F399040 無店面零售業；F401010 國際貿易業,臺北市,變更,11504
60328573,澈源科技股份有限公司,臺北市中山區民族東路190號3樓,蔡詩辰,31590000,,115/04/10,董事/監察人持股變動報備,C802100 化粧品製造業；C802110 化粧品色素製造業；CC01080 電子零組件製造業；IG03010 能源技術服務業；J101050 環境檢測服務業；IZ09010 管理系統驗證業；F102170 食品什貨批發業；F108040 化粧品批發業；F113030 精密儀器批發業；F119010 電子材料批發業,臺北市,變更,11504
60331248,大通資產管理有限公司,臺北市內湖區瑞光路188巷46號7樓,周世樵,500000,,115/04/21,特殊補正,H201010 一般投資業；H703090 不動產買賣業；H701010 住宅及大樓開發租售業；H701020 工業廠房開發租售業；JE01010 租賃業；JZ99050 仲介服務業；I199990 其他顧問服務業；ZZ99999 除許可業務外，得經營法令非禁止或限制之業務,臺北市,變更,11504
60331438,利米諾有限公司,臺北市內湖區南京東路6段200之1號1樓,張嘉銘,500000,,115/04/27,補繳規費,I401010 一般廣告服務業；F204110 布疋、衣著、鞋、帽、傘、服飾品零售業；F205040 家具、寢具、廚房器具、裝設品零售業；F206020 日常用品零售業；F399040 無店面零售業；F399990 其他綜合零售業；F401010 國際貿易業；F501030 飲料店業；ZZ99999 除許可業務外，得經營法令非禁止或限制之業務,臺北市,變更,11504
60331535,邦開有限公司,臺北市信義區基隆路1段178號7樓,劉茗君,1000000,,115/04/09,修正章程,I401010 一般廣告服務業；JB01010 會議及展覽服務業；I301030 電子資訊供應服務業；F118010 資訊軟體批發業；F218010 資訊軟體零售業；F399040 無店面零售業；F401010 國際貿易業；J399010 軟體出版業；J399990 其他出版業；I501010 產品設計業,臺北市,變更,11504
60331660,十三年有限公司,臺北市中山區中山北路2段33號9樓,蔡名峰,13922832,,115/04/17,補繳規費,H201010 一般投資業,臺北市,變更,11504
60332149,宏錩投資股份有限公司,臺北市信義區忠孝東路5段236巷29號2樓,陳淑娟,150000000,,115/04/24,特殊補正,H201010 一般投資業；ZZ99999 除許可業務外，得經營法令非禁止或限制之業務,臺北市,變更,11504
60332979,鼎鉅有限公司,臺北市大同區延平北路2段202號17樓之2,王博宇,500000,,115/04/10,增資,E599010 配管工程業；E601010 電器承裝業；E601020 電器安裝業；E603010 電纜安裝工程業；F401010 國際貿易業；I103060 管理顧問業；ZZ99999 除許可業務外，得經營法令非禁止或限制之業務,臺北市,變更,11504
60335238,怡新賦能股份有限公司,臺北市中山區南京東路2段32號2樓,新安控股有限公司,2000000,,115/04/20,特殊補正,H201010 一般投資業；H202010 創業投資業；F108040 化粧品批發業；F208040 化粧品零售業；F399040 無店面零售業；F401010 國際貿易業；I401010 一般廣告服務業；J399990 其他出版業；I501010 產品設計業；I599990 其他設計業,臺北市,變更,11504
60336089,弎淼資本有限公司,臺北市中山區遼寧街45巷29號1樓,楊舜淼,15614688,,115/04/16,補繳規費,H201010 一般投資業,臺北市,變更,11504
60336779,浩衡股份有限公司,臺北市大安區忠孝東路4段197號10樓之5,夏天浩,7520010,,115/04/07,增資(資本總額),H201010 一般投資業；I101090 食品顧問業；I102010 一般投資顧問業；I103060 管理顧問業；I199990 其他顧問服務業；ZZ99999 除許可業務外，得經營法令非禁止或限制之業務,臺北市,變更,11504
60341436,玆彼行銷有限公司,臺北市中正區懷寧街76號1樓,黃子豪,100000,,115/04/22,補繳規費,I401010 一般廣告服務業；F601010 智慧財產權業；I103060 管理顧問業；I199990 其他顧問服務業；I301010 資訊軟體服務業；I401020 廣告傳單分送業；I501010 產品設計業；I503010 景觀設計業；IZ15010 市場研究及民意調查業；IZ99990 其他工商服務業,臺北市,變更,11504
60341457,丹姆古德餐飲股份有限公司,臺北市信義區忠孝東路5段412號11樓之4,嚴心雋,6000000,,115/04/28,特殊補正,C103050 罐頭、冷凍、脫水及醃漬食品製造業；C104010 糖果製造業；C104020 烘焙炊蒸食品製造業；C106010 製粉業；C110010 飲料製造業；C199010 麵條、粉條類食品製造業；C199020 食用冰製造業；C199030 即食餐食製造業；C199040 豆類加工食品製造業；C199990 未分類其他食品製造業,臺北市,變更,11504
60341549,謹州投資有限公司,臺北市大安區復興南路2段218號7樓之8,鄭守成,3000000,,115/04/29,公司所在地,F401010 國際貿易業；F501030 飲料店業；F501050 飲酒店業；F501060 餐館業；F501990 其他餐飲業；G801010 倉儲業；H201010 一般投資業；H703090 不動產買賣業；H703100 不動產租賃業；I102010 一般投資顧問業,臺北市,變更,11504
60341702,草船有限公司,臺北市松山區八德路4段465號6樓,黃文辰,250000,,115/04/30,特殊補正,I501010 產品設計業；I301060 網路廣告平臺業；I599990 其他設計業；F213030 電腦及事務性機器設備零售業；F213040 精密儀器零售業；F213010 電器零售業；F213080 機械器具零售業；J601010 藝文服務業；J602010 演藝活動業；JZ99160 刻印業,臺北市,變更,11504
60342006,立鵬實業股份有限公司,臺北市松山區南京東路5段70號9樓之1,邱彥博,2500000,,115/04/30,特殊補正,F401010 國際貿易業；H201010 一般投資業；H703090 不動產買賣業；H703100 不動產租賃業；ZZ99999 除許可業務外，得經營法令非禁止或限制之業務,臺北市,變更,11504
60342028,創宇國際企業有限公司,臺北市大同區甘谷街26號5樓,林威宇,100000,,115/04/27,股東出資轉讓修正章程,F102040 飲料批發業；F102170 食品什貨批發業；F104110 布疋、衣著、鞋、帽、傘、服飾品批發業；F105050 家具、寢具、廚房器具、裝設品批發業；F108040 化粧品批發業；F113020 電器批發業；F113050 電腦及事務性機器設備批發業；F113070 電信器材批發業；F118010 資訊軟體批發業；F203010 食品什貨、飲料零售業,臺北市,變更,11504
60342266,麗星台灣船務股份有限公司,臺北市信義區松智路1號10樓,陳錦興,9000000,,115/04/10,經理人變更,G401011 船務代理業；ZZ99999 除許可業務外，得經營法令非禁止或限制之業務,臺北市,變更,11504
60343547,瀾鈞有限公司,臺北市中正區杭州南路1段53號2樓之12,黃欽瑋,100000,,115/04/29,特殊補正,JF01040 經絡調理業；F209060 文教、樂器、育樂用品零售業；F399040 無店面零售業；F401010 國際貿易業；ZZ99999 除許可業務外，得經營法令非禁止或限制之業務,臺北市,變更,11504
60349330,川湧行銷有限公司,臺北市中山區南京東路1段25號10樓之3,楊力錡,500000,,115/04/16,公司所營事業變更修正章程,CB01020 事務機器製造業；F102170 食品什貨批發業；F104110 布疋、衣著、鞋、帽、傘、服飾品批發業；F108040 化粧品批發業；F203010 食品什貨、飲料零售業；F205040 家具、寢具、廚房器具、裝設品零售業；F208040 化粧品零售業；F399040 無店面零售業；F401010 國際貿易業；I103060 管理顧問業,臺北市,變更,11504
60349710,昂越科技股份有限公司,臺北市松山區敦化北路170號3樓,石立越,500000,,115/04/22,董事(常務董事.董事長)/監察人解任,I199990 其他顧問服務業；I301010 資訊軟體服務業；I301020 資料處理服務業；ZZ99999 除許可業務外，得經營法令非禁止或限制之業務,臺北市,變更,11504
60349802,阿特飛科技有限公司,臺北市大同區長安西路106號6樓之2,吳宗翰,1500000,,115/04/20,公司所在地,F118010 資訊軟體批發業；F218010 資訊軟體零售業；F401010 國際貿易業；F601010 智慧財產權業；I301010 資訊軟體服務業；I301020 資料處理服務業；I301030 電子資訊供應服務業；I501010 產品設計業；I599990 其他設計業；IZ13010 網路認證服務業,臺北市,變更,11504
60349824,紐曼瑞德台灣股份有限公司,臺北市松山區八德路3段34號7樓,江效錫,5000000,,115/04/01,特殊補正,I102010 一般投資顧問業；I103060 管理顧問業；I199990 其他顧問服務業；IG02010 研究發展服務業；IZ15010 市場研究及民意調查業；JD01010 工商徵信服務業；ZZ99999 除許可業務外，得經營法令非禁止或限制之業務,臺北市,變更,11504
60350217,瞬熠生技股份有限公司,臺北市大安區敦化南路1段205號2樓之5,林怡喬,8000000,,115/04/27,特殊補正,F108040 化粧品批發業；F208040 化粧品零售業；F102170 食品什貨批發業；F203010 食品什貨、飲料零售業；F102040 飲料批發業；F106020 日常用品批發業；F206020 日常用品零售業；F107030 清潔用品批發業；F207030 清潔用品零售業；IG01010 生物技術服務業,臺北市,變更,11504
60350238,禎旺投資有限公司,臺北市信義區松德路171號6樓之3,李依芸,25000000,,115/04/29,特殊補正,H201010 一般投資業；H202010 創業投資業；I102010 一般投資顧問業；I103060 管理顧問業；I199990 其他顧問服務業；H701010 住宅及大樓開發租售業；H703100 不動產租賃業；ZZ99999 除許可業務外，得經營法令非禁止或限制之業務,臺北市,變更,11504
60351216,絹日和有限公司,臺北市大安區潮州街75號1樓,房玉嬌,2000000,,115/04/17,特殊補正,F102040 飲料批發業；F102170 食品什貨批發業；F104110 布疋、衣著、鞋、帽、傘、服飾品批發業；F105050 家具、寢具、廚房器具、裝設品批發業；F106020 日常用品批發業；F106060 寵物食品及其用品批發業；F109070 文教、樂器、育樂用品批發業；F199990 其他批發業；F203010 食品什貨、飲料零售業；F204110 布疋、衣著、鞋、帽、傘、服飾品零售業,臺北市,變更,11504
60351671,奧利森美業有限公司,臺北市中山區復興北路86號6樓之1,王雅萱,1000000,,115/04/21,特殊補正,F108040 化粧品批發業；F199990 其他批發業；F208040 化粧品零售業；F299990 其他零售業；JF01020 按摩業；JZ99080 美容美髮服務業；JZ99090 喜慶綜合服務業；I599990 其他設計業；JZ99990 未分類其他服務業,臺北市,變更,11504
60351855,鳥盛股份有限公司,臺北市大安區建國南路1段65巷9號1樓,林泉,5000000,,115/04/16,公司所營事業變更修正章程,F501060 餐館業；F501990 其他餐飲業；F201010 農產品零售業；F201030 水產品零售業；F203010 食品什貨、飲料零售業；F203020 菸酒零售業；F205040 家具、寢具、廚房器具、裝設品零售業；F206020 日常用品零售業；F213030 電腦及事務性機器設備零售業；F218010 資訊軟體零售業,臺北市,變更,11504
60352067,沛益國際股份有限公司,臺北市中正區重慶南路1段57號11樓之17,陳誼萍,6200000,,115/04/10,特殊補正,F106060 寵物食品及其用品批發業；F401010 國際貿易業；F399040 無店面零售業；F399990 其他綜合零售業；I301020 資料處理服務業；I301010 資訊軟體服務業；I301030 電子資訊供應服務業；I103060 管理顧問業；I199990 其他顧問服務業；I401010 一般廣告服務業,臺北市,變更,11504
60359532,零曜科技有限公司,臺北市萬華區開封街2段75號3樓之3,周秦,600000,,115/04/20,股東出資轉讓修正章程,E605010 電腦設備安裝業；F113050 電腦及事務性機器設備批發業；F213030 電腦及事務性機器設備零售業；F118010 資訊軟體批發業；F218010 資訊軟體零售業；F119010 電子材料批發業；F219010 電子材料零售業；F399040 無店面零售業；F401010 國際貿易業；F601010 智慧財產權業,臺北市,變更,11504
60359863,詮立廣告股份有限公司,臺北市大安區信義路4段265巷17之1號5樓之6,王能敏,10000000,,115/04/15,董事/監察人更名,H701010 住宅及大樓開發租售業；H704041 不動產代銷經紀業；H703090 不動產買賣業；H703100 不動產租賃業；I401010 一般廣告服務業；I503010 景觀、室內設計業；I102010 一般投資顧問業；I103060 管理顧問業；E801010 室內裝潢業,臺北市,變更,11504
60359879,韌性故事股份有限公司,臺北市萬華區西園路1段120號2樓之2,呂明鴻,250000,,115/04/02,特殊補正,F218010 資訊軟體零售業；F399040 無店面零售業；I102010 一般投資顧問業；I103060 管理顧問業；I301010 資訊軟體服務業；I199990 其他顧問服務業；I301020 資料處理服務業；I301030 電子資訊供應服務業；I301060 網路廣告平臺業；I401010 一般廣告服務業,臺北市,變更,11504
60360094,究寂科技股份有限公司,臺北市中正區重慶南路1段95號6樓,程憲暉,100000,,115/04/14,董事/監察人持股變動報備,F118010 資訊軟體批發業；F218010 資訊軟體零售業；J399010 軟體出版業；F113050 電腦及事務性機器設備批發業；F213030 電腦及事務性機器設備零售業；F113010 機械批發業；F213080 機械器具零售業；F113990 其他機械器具批發業；F213990 其他機械器具零售業；F113070 電信器材批發業,臺北市,變更,11504
60360284,威翔投資有限公司,臺北市大安區忠孝東路4段124之1號2樓,陳清怡,2000000,,115/04/17,減少所營事業變更修正章程,H201010 一般投資業；ZZ99999 除許可業務外，得經營法令非禁止或限制之業務,臺北市,變更,11504
60360910,昱博顧問有限公司,臺北市大安區忠孝東路4段124之1號2樓,陳清怡,2000000,,115/04/28,公司所營事業變更修正章程,IZ12010 人力派遣業；I103060 管理顧問業；I199990 其他顧問服務業；IZ99990 其他工商服務業；H703100 不動產租賃業；ZZ99999 除許可業務外，得經營法令非禁止或限制之業務,臺北市,變更,11504
60367126,樂次方企業有限公司,臺北市中山區中山北路3段17號2樓,洪廷毅,500000,,115/04/13,公司所營事業變更修正章程,F401010 國際貿易業；I103060 管理顧問業；IZ12010 人力派遣業；J799990 其他休閒服務業；JZ99050 仲介服務業；JZ99990 未分類其他服務業；I301010 資訊軟體服務業；F203010 食品什貨、飲料零售業；F206020 日常用品零售業；J601010 藝文服務業,臺北市,變更,11504
60367337,韓多多有限公司,臺北市信義區基隆路1段163號14樓之1,LEE YOUNG JAE,1000000,,115/04/01,經理人變更,F108040 化粧品批發業；F208040 化粧品零售業；F104110 布疋、衣著、鞋、帽、傘、服飾品批發業；F204110 布疋、衣著、鞋、帽、傘、服飾品零售業；F102170 食品什貨批發業；F203010 食品什貨、飲料零售業；F106020 日常用品批發業；F206020 日常用品零售業；F399040 無店面零售業；F401010 國際貿易業,臺北市,變更,11504
60372471,派威特生技股份有限公司,臺北市大同區西寧北路17之3號,黃惠敏,4552500,,115/04/29,增資(資本總額),C199990 未分類其他食品製造業；F102170 食品什貨批發業；F108040 化粧品批發業；F113030 精密儀器批發業；F199990 其他批發業；F106060 寵物食品及其用品批發業；F206050 寵物食品及其用品零售業；F208040 化粧品零售業；F213040 精密儀器零售業；F299990 其他零售業,臺北市,變更,11504
60372789,沐聖國際股份有限公司,臺北市萬華區長沙街2段111之1號2樓,林冠逸,3100000,,115/04/30,特殊補正,H201010 一般投資業,臺北市,變更,11504
60373274,益瓏貿易股份有限公司,臺北市中山區建國北路2段33號5樓之1,吳震煌,30000000,,115/04/08,特殊補正,ZZ99999 除許可業務外，得經營法令非禁止或限制之業務；IZ06010 理貨包裝業；IZ12010 人力派遣業；F102030 菸酒批發業；F401010 國際貿易業；F101990 其他農、畜、水產品批發業；F102170 食品什貨批發業；F106010 五金批發業；F106020 日常用品批發業；F102040 飲料批發業,臺北市,變更,11504
60373302,璽悅旅行社股份有限公司,臺北市松山區復興北路57號6樓之2,莊順博,15000000,,115/04/15,特殊補正,J902011 旅行業,臺北市,變更,11504
60373675,上竫室內裝修工程股份有限公司,臺北市松山區民生東路5段2之1號,童立姍,1000000,,115/04/20,公司名稱變更修正章程,E801010 室內裝潢業；E801060 室內裝修業；E801020 門窗安裝工程業；E801030 室內輕鋼架工程業；E801040 玻璃安裝工程業；E801070 廚具、衛浴設備安裝工程業；E901010 油漆工程業；F111090 建材批發業；F120010 耐火材料批發業；F211010 建材零售業,臺北市,變更,11504
60373680,承影智慧股份有限公司,臺北市南港區玉成街66之7號地下1層,葉肇元,30510000,,115/04/10,補繳規費,I301010 資訊軟體服務業；I301020 資料處理服務業；I301030 電子資訊供應服務業；I401010 一般廣告服務業；F118010 資訊軟體批發業；ZZ99999 除許可業務外，得經營法令非禁止或限制之業務,臺北市,變更,11504
60378003,芙納服飾有限公司,臺北市中山區林森北路416巷3號1樓,趙心,200000,,115/04/15,更正,F104110 布疋、衣著、鞋、帽、傘、服飾品批發業；F106020 日常用品批發業；F204110 布疋、衣著、鞋、帽、傘、服飾品零售業；F205040 家具、寢具、廚房器具、裝設品零售業；F206020 日常用品零售業；F215010 首飾及貴金屬零售業；F399040 無店面零售業；F399990 其他綜合零售業；F401010 國際貿易業；C306010 成衣業,臺北市,變更,11504
60378783,恆思品牌研究室股份有限公司,臺北市松山區南京東路4段163號5樓,游孟恆,2000000,,115/04/22,特殊補正,I103060 管理顧問業；I199990 其他顧問服務業；I301010 資訊軟體服務業；I301020 資料處理服務業；I301030 電子資訊供應服務業；I401010 一般廣告服務業；I501010 產品設計業；I599990 其他設計業；IZ03010 剪報業；IZ04010 翻譯業,臺北市,變更,11504
60379170,豐足康股份有限公司,臺北市中正區中華路2段73號1樓,吳燕麗,6000000,,115/04/02,特殊補正,I103060 管理顧問業；I199990 其他顧問服務業；IZ12010 人力派遣業；IZ99990 其他工商服務業；F203010 食品什貨、飲料零售業；F206020 日常用品零售業；F208040 化粧品零售業；F209060 文教、樂器、育樂用品零售業；F213990 其他機械器具零售業；F399040 無店面零售業,臺北市,變更,11504
60381751,髮源科技有限公司,臺北市信義區中坡北路37巷5號1樓,洪申霖,3600000,,115/04/09,增資,IG03010 能源技術服務業；F106010 五金批發業；F206010 五金零售業；F106040 水器材料批發業；F206040 水器材料零售業；F113100 污染防治設備批發業；F213100 污染防治設備零售業；F113990 其他機械器具批發業；F213990 其他機械器具零售業；J101990 其他環境衛生及污染防治服務業,臺北市,變更,11504
60383723,日商達旭股份有限公司,臺北市士林區中山北路五段250號,安蒜美保,0,,115/04/13,外文名稱變更,,臺北市,變更,11504
60384618,蒂兒國際美學有限公司,臺北市大安區忠孝東路4段177號10樓之7,廖錦儀,200000,,115/04/01,公司所在地,F102170 食品什貨批發業；F104110 布疋、衣著、鞋、帽、傘、服飾品批發業；F106020 日常用品批發業；F108040 化粧品批發業；F115010 首飾及貴金屬批發業；F199990 其他批發業；F203010 食品什貨、飲料零售業；F204110 布疋、衣著、鞋、帽、傘、服飾品零售業；F206020 日常用品零售業；F208040 化粧品零售業,臺北市,變更,11504
60385546,台灣健康網路平台股份有限公司,臺北市大同區承德路1段2號17樓之2,楊泮池,300000000,,115/04/29,特殊補正,I301010 資訊軟體服務業；I301020 資料處理服務業；I301030 電子資訊供應服務業；F401010 國際貿易業；I103060 管理顧問業；ZZ99999 除許可業務外，得經營法令非禁止或限制之業務,臺北市,變更,11504
60385927,松瑞半導體股份有限公司,臺北市內湖區基湖路10巷50號6樓,葉昱良,20000000,,115/04/29,增資(資本總額),F113050 電腦及事務性機器設備批發業；F213030 電腦及事務性機器設備零售業；F119010 電子材料批發業；F219010 電子材料零售業；F401010 國際貿易業；F118010 資訊軟體批發業；F218010 資訊軟體零售業；F113070 電信器材批發業；F213060 電信器材零售業；I501010 產品設計業,臺北市,變更,11504
60386186,玉山國際投資股份有限公司,臺北市中山區南京東路1段25號10樓之2,林杪,12000000,,115/04/13,公司所在地,H201010 一般投資業,臺北市,變更,11504
60386263,醫宇宙遠距健康科技股份有限公司,臺北市中正區重慶南路1段10號8樓之15,林鼎淯,1000000,,115/04/07,發行新股,F102170 食品什貨批發業；F107990 其他化學製品批發業；F121010 食品添加物批發業；F199990 其他批發業；F401010 國際貿易業；I102010 一般投資顧問業；I103060 管理顧問業；I199990 其他顧問服務業；I301010 資訊軟體服務業；I301030 電子資訊供應服務業,臺北市,變更,11504
60386398,渡船角出版有限公司,臺北市信義區松德路65號9樓之3,陳以晉,400000,,115/04/24,改推董事/董事長,J301010 報紙業；J303010 雜誌（期刊）出版業；J304010 圖書出版業；J305010 有聲出版業；J399010 軟體出版業；I301010 資訊軟體服務業；IZ99990 其他工商服務業；ZZ99999 除許可業務外，得經營法令非禁止或限制之業務,臺北市,變更,11504
60386593,余大善人股份有限公司,臺北市大安區光復南路280巷43號,余瀚為,11000000,,115/04/02,特殊補正,F501060 餐館業；F102170 食品什貨批發業；F102040 飲料批發業；F203010 食品什貨、飲料零售業；F102030 菸酒批發業；F203020 菸酒零售業；F401010 國際貿易業；I401010 一般廣告服務業；I501010 產品設計業；I599990 其他設計業,臺北市,變更,11504
60388494,滿好日用品貿易有限公司,臺北市信義區忠孝東路4段563號8樓,林清俊,7000000,,115/04/29,申登機關變更（遷入，含卷）,F401010 國際貿易業；F106020 日常用品批發業；F206020 日常用品零售業；F204110 布疋、衣著、鞋、帽、傘、服飾品零售業；F113050 電腦及事務性機器設備批發業；F213030 電腦及事務性機器設備零售業；F107030 清潔用品批發業；F207030 清潔用品零售業；F105050 家具、寢具、廚房器具、裝設品批發業；F205040 家具、寢具、廚房器具、裝設品零售業,臺北市,變更,11504
60399181,德明實業股份有限公司,臺北市大安區敦化南路1段205號12樓之5,王廣志,6670000,,115/04/22,特殊補正,H201010 一般投資業,臺北市,變更,11504
60399210,廣甯實業股份有限公司,臺北市大安區敦化南路1段205號12樓之5,王廣志,6670000,,115/04/02,特殊補正,H201010 一般投資業,臺北市,變更,11504
60399605,信元財富顧問有限公司,臺北市大安區敦化南路2段92號4樓,張仕恩,5000000,,115/04/10,特殊補正,I102010 一般投資顧問業；I103060 管理顧問業；I199990 其他顧問服務業；ZZ99999 除許可業務外，得經營法令非禁止或限制之業務,臺北市,變更,11504
60399838,瑞明資本控股股份有限公司,臺北市中正區忠孝東路2段130號4樓之7,曾子庭,3891860,,115/04/20,發行新股,H201010 一般投資業,臺北市,變更,11504
60399921,心亞貿易有限公司,臺北市信義區松山路149巷2號1樓,王麗惠,200000,,115/04/24,特殊補正,F206020 日常用品零售業；F204110 布疋、衣著、鞋、帽、傘、服飾品零售業；F209060 文教、樂器、育樂用品零售業；F399040 無店面零售業；I401010 一般廣告服務業；IZ99990 其他工商服務業；F113050 電腦及事務性機器設備批發業；F213030 電腦及事務性機器設備零售業；F113070 電信器材批發業；F213060 電信器材零售業,臺北市,變更,11504
60400188,矽基科技股份有限公司,臺北市大安區信義路4段306號6樓之1,鄭永堅,12008999,,115/04/29,特殊補正,F107200 化學原料批發業；F207200 化學原料零售業；F401010 國際貿易業；F107990 其他化學製品批發業；F207990 其他化學製品零售業；F105050 家具、寢具、廚房器具、裝設品批發業；F205040 家具、寢具、廚房器具、裝設品零售業；F106020 日常用品批發業；F206020 日常用品零售業；F102170 食品什貨批發業,臺北市,變更,11504
60400342,寶特圈科技股份有限公司,臺北市大安區忠孝東路4段162號12樓之3,蔡元翔,100000,,115/04/29,補繳規費,F113050 電腦及事務性機器設備批發業；F118010 資訊軟體批發業；F213030 電腦及事務性機器設備零售業；F218010 資訊軟體零售業；F399040 無店面零售業；I301010 資訊軟體服務業；I301030 電子資訊供應服務業；I501010 產品設計業；I103060 管理顧問業；I301060 網路廣告平臺業,臺北市,變更,11504
60410101,心巢貳號投資股份有限公司,臺北市中山區林森北路557巷1號,鍾元豪,10001000,,115/04/16,公司所營事業變更修正章程,I103060 管理顧問業；I102010 一般投資顧問業；ZZ99999 除許可業務外，得經營法令非禁止或限制之業務；H201010 一般投資業,臺北市,變更,11504
60411306,有利投資顧問有限公司,臺北市中正區重慶南路1段10號8樓之15,徐秀卿,25276800,,115/04/30,增資,H201010 一般投資業；ZZ99999 除許可業務外，得經營法令非禁止或限制之業務,臺北市,變更,11504
60412115,洤奇股份有限公司,臺北市內湖區瑞光路76巷39號2樓,黃淑真,5000000,,115/04/01,特殊補正,I301010 資訊軟體服務業；I301020 資料處理服務業；I301030 電子資訊供應服務業；JZ99990 未分類其他服務業；H201010 一般投資業；ZZ99999 除許可業務外，得經營法令非禁止或限制之業務,臺北市,變更,11504
60412261,劍來有限公司,臺北市信義區基隆路2段51號8樓之7,吳易軒,3000000,,115/04/15,特殊補正,H201010 一般投資業；I301010 資訊軟體服務業；I301030 電子資訊供應服務業；IZ99990 其他工商服務業；F118010 資訊軟體批發業；F401010 國際貿易業；F206020 日常用品零售業；F106020 日常用品批發業；ZZ99999 除許可業務外，得經營法令非禁止或限制之業務,臺北市,變更,11504
60415274,增旺科技有限公司,臺北市信義區光復南路429號5樓,鍾晴薇,2000000,,115/04/01,公司名稱變更修正章程,F113050 電腦及事務性機器設備批發業；F213030 電腦及事務性機器設備零售業；F109070 文教、樂器、育樂用品批發業；F209060 文教、樂器、育樂用品零售業；F118010 資訊軟體批發業；F218010 資訊軟體零售業；I301010 資訊軟體服務業；F213060 電信器材零售業；E701010 電信工程業；F113070 電信器材批發業,臺北市,變更,11504
60415540,碩嘉永續股份有限公司,臺北市內湖區安康路20號4樓之6,陳凌鋒,3100000,,115/04/20,特殊補正,I102010 一般投資顧問業；I103060 管理顧問業；I199990 其他顧問服務業；IZ99990 其他工商服務業；I301010 資訊軟體服務業；ZZ99999 除許可業務外，得經營法令非禁止或限制之業務,臺北市,變更,11504
60415859,言澤投資股份有限公司,臺北市文山區萬盛街156巷14號3樓,顏麗雪,34222400,,115/04/02,特殊補正,I102010 一般投資顧問業；I199990 其他顧問服務業；H201010 一般投資業；ZZ99999 除許可業務外，得經營法令非禁止或限制之業務,臺北市,變更,11504
60416436,誠越機電科技有限公司,臺北市中正區忠孝西路1段80號20樓之2,李寶鈞,300000,,115/04/23,公司所在地,E599010 配管工程業；E601010 電器承裝業；E601020 電器安裝業；E603010 電纜安裝工程業；E603040 消防安全設備安裝工程業；E603050 自動控制設備工程業；E603090 照明設備安裝工程業；E603100 電焊工程業；E604010 機械安裝業；E605010 電腦設備安裝業,臺北市,變更,11504
60416549,粹譜藝人經紀股份有限公司,臺北市內湖區洲子街69號,須家昌,2000000,,115/04/08,特殊補正,F106020 日常用品批發業；F109070 文教、樂器、育樂用品批發業；F113020 電器批發業；F118010 資訊軟體批發業；F199990 其他批發業；F206020 日常用品零售業；F209060 文教、樂器、育樂用品零售業；F213010 電器零售業；F218010 資訊軟體零售業；F299990 其他零售業,臺北市,變更,11504
60416610,修楠有限公司,臺北市大安區忠孝東路4段162號12樓之2,喬于修,100000,,115/04/29,公司所營事業變更修正章程,H201010 一般投資業,臺北市,變更,11504
60416914,億豪興業股份有限公司,臺北市信義區基隆路2段51號9樓之6,蘇翌豪,850000,,115/04/02,特殊補正,H201010 一般投資業,臺北市,變更,11504
60416983,安興環境工程股份有限公司,臺北市信義區松德路12號3樓,高安,10000000,,115/04/14,董事(常務董事.董事長)/監察人解任,E103071 地下管線工程專業營造業；E103101 環境保護工程專業營造業；E103111 防水工程專業營造業；E599010 配管工程業；E601010 電器承裝業；E603020 電梯安裝工程業；E604010 機械安裝業；E901010 油漆工程業；E903010 防蝕、防銹工程業；EZ14010 運動場地用設備工程業,臺北市,變更,11504
60427399,安肽齡股份有限公司,臺北市中山區松江路87號4樓,林景太,3000000,,115/04/28,改選董事/監察人(一人法人股東指派董事/監察人),C802060 動物用藥製造業；C802080 環境用藥製造業；F107070 動物用藥品批發業；F107080 環境用藥批發業；F107200 化學原料批發業；F207070 動物用藥零售業；F207080 環境用藥零售業；F207200 化學原料零售業；F401010 國際貿易業；F601010 智慧財產權業,臺北市,變更,11504
60427497,亭佳安有限公司,臺北市信義區基隆路1段432號7樓之7,蕭遠勳,2000000,,115/04/02,特殊補正,G202010 停車場經營業；G405010 貨櫃出租業；H201010 一般投資業；H701010 住宅及大樓開發租售業；H701050 投資興建公共建設業；H703090 不動產買賣業；H703100 不動產租賃業；I102010 一般投資顧問業；I103060 管理顧問業；I301020 資料處理服務業,臺北市,變更,11504
60427980,蘊聯總研有限公司,臺北市大安區和平東路2段34號1樓,張敏慎,5200000,,115/04/14,特殊補正,J304010 圖書出版業；J399010 軟體出版業；H702010 建築經理業；H701090 都市更新整建維護業；I103060 管理顧問業；I199990 其他顧問服務業；IG02010 研究發展服務業；IZ99990 其他工商服務業；J202010 產業育成業；I301010 資訊軟體服務業,臺北市,變更,11504
60428003,台灣艾波比機器人股份有限公司,臺北市內湖區基湖路18號10樓,Chen Han,5000000,,115/04/08,特殊補正,CB01010 機械設備製造業；CB01030 污染防治設備製造業；CB01990 其他機械製造業；CC01010 發電、輸電、配電機械製造業；CC01030 電器及視聽電子產品製造業；CC01080 電子零組件製造業；CC01110 電腦及其週邊設備製造業；CC01990 其他電機及電子機械器材製造業；CD01020 軌道車輛及其零件製造業；CD01070 商港區船舶小修業,臺北市,變更,11504
60428073,三三會所股份有限公司,臺北市大安區安和路1段33號1樓,傅成大,15000000,,115/04/20,特殊補正,F102030 菸酒批發業；F203020 菸酒零售業；F104110 布疋、衣著、鞋、帽、傘、服飾品批發業；F204110 布疋、衣著、鞋、帽、傘、服飾品零售業；F203010 食品什貨、飲料零售業；F401010 國際貿易業；F203040 雪茄零售業；F501050 飲酒店業；ZZ99999 除許可業務外，得經營法令非禁止或限制之業務,臺北市,變更,11504
60428088,明路國際顧問有限公司,臺北市大安區忠孝東路4段270號2樓之1,尹麗菲,100000,,115/04/15,特殊補正,JA05010 留、遊學服務業；I103060 管理顧問業；I102010 一般投資顧問業；JB01010 會議及展覽服務業；I401010 一般廣告服務業；JZ99050 仲介服務業；I199990 其他顧問服務業；I301010 資訊軟體服務業；I301030 電子資訊供應服務業；I301020 資料處理服務業,臺北市,變更,11504
60428186,玖根湯股份有限公司,臺北市松山區長春路451號8樓,楊承翰,6000000,,115/04/20,特殊補正,F101040 家畜家禽批發業；F201020 畜產品零售業；F101050 水產品批發業；F201030 水產品零售業；F101130 蔬果批發業；F201010 農產品零售業；F101990 其他農、畜、水產品批發業；F201990 其他農畜水產品零售業；F102020 食用油脂批發業；F102030 菸酒批發業,臺北市,變更,11504
60431751,醇合企業有限公司,臺北市中正區臨沂街3巷11號1樓,林楷學,1000000,,115/04/22,股東出資轉讓修正章程,F102170 食品什貨批發業；F119010 電子材料批發業；F401010 國際貿易業；ZZ99999 除許可業務外，得經營法令非禁止或限制之業務,臺北市,變更,11504
60432251,承埕股份有限公司,臺北市中正區開封街1段37號5樓,陳妙貞,20000000,,115/04/08,特殊補正,H703090 不動產買賣業；H703100 不動產租賃業；E603050 自動控制設備工程業；F213010 電器零售業；F213030 電腦及事務性機器設備零售業；F213040 精密儀器零售業；F213080 機械器具零售業；F218010 資訊軟體零售業；F219010 電子材料零售業；F401010 國際貿易業,臺北市,變更,11504
60432392,飛奧力台灣有限公司,臺北市大安區市民大道3段198號8樓,Edward Tony Lee,5000000,,115/04/17,特殊補正,IG02010 研究發展服務業；I101110 紡織顧問業；ZZ99999 除許可業務外，得經營法令非禁止或限制之業務,臺北市,變更,11504
60432864,壹號俱樂部股份有限公司,臺北市松山區復興北路15號2樓之1及之2,吳洪鐸,1000000,,115/04/13,公司名稱變更修正章程,F501030 飲料店業；F501050 飲酒店業；F501060 餐館業；F501990 其他餐飲業；F601010 智慧財產權業；F203010 食品什貨、飲料零售業；F203020 菸酒零售業；F203030 酒精零售業；F204110 布疋、衣著、鞋、帽、傘、服飾品零售業；F102170 食品什貨批發業,臺北市,變更,11504
60432935,捷徑資服有限公司,臺北市內湖區安康路20號4樓之6,顏沂澤,5000000,,115/04/20,股東出資轉讓修正章程,I103060 管理顧問業；I199990 其他顧問服務業；I301010 資訊軟體服務業；I301020 資料處理服務業；I301030 電子資訊供應服務業；IZ13010 網路認證服務業；IZ15010 市場研究及民意調查業；F113070 電信器材批發業；F213010 電器零售業；F213030 電腦及事務性機器設備零售業,臺北市,變更,11504
60433527,匹克建築股份有限公司,臺北市中山區市民大道3段167號2樓,姚嘉玲,14710000,,115/04/29,發行新股,H703090 不動產買賣業；H703100 不動產租賃業；H201010 一般投資業；H701010 住宅及大樓開發租售業；H701020 工業廠房開發租售業；H701080 都市更新重建業；H701090 都市更新整建維護業；H701070 區段徵收及市地重劃代辦業；H703110 老人住宅業,臺北市,變更,11504
60433548,樂廣通有限公司,臺北市中山區中山北路三段30號8樓之1,鄭巧慧,2580000,,115/04/15,增資,F106020 日常用品批發業；F299990 其他零售業；F399040 無店面零售業；F401010 國際貿易業；I301030 電子資訊供應服務業；I401010 一般廣告服務業；F206020 日常用品零售業；ZZ99999 除許可業務外，得經營法令非禁止或限制之業務,臺北市,變更,11504
60436968,艾果智能科技股份有限公司,臺北市內湖區瑞光路335號3樓,陳國華,10501000,,115/04/17,特殊補正,I301010 資訊軟體服務業；I301020 資料處理服務業；I301030 電子資訊供應服務業；I301060 網路廣告平臺業；I102010 一般投資顧問業；I401010 一般廣告服務業；E701010 電信工程業；E701030 電信管制射頻器材裝設工程業；E701040 簡易電信設備安裝業；EZ05010 儀器、儀表安裝工程業,臺北市,變更,11504
60437657,滴銅創意有限公司,臺北市松山區復興北路489號7樓之3,賴伊柔,3500000,,115/04/22,增資,F206050 寵物食品及其用品零售業；F106060 寵物食品及其用品批發業；F115010 首飾及貴金屬批發業；F215010 首飾及貴金屬零售業；ZZ99999 除許可業務外，得經營法令非禁止或限制之業務,臺北市,變更,11504
60450291,海翼遊艇租賃有限公司,臺北市中山區長安東路2段169號4樓,林飛宏,1000000,,115/04/23,特殊補正,JE01010 租賃業；CD01080 工業專用港或工業專用碼頭船舶小修業；CD01990 其他運輸工具及其零件製造業；F104110 布疋、衣著、鞋、帽、傘、服飾品批發業；F109070 文教、樂器、育樂用品批發業；F114060 船舶及其零件批發業；F203010 食品什貨、飲料零售業；F203020 菸酒零售業；F203030 酒精零售業；F204110 布疋、衣著、鞋、帽、傘、服飾品零售業,臺北市,變更,11504
60451496,營控健康餐飲有限公司,臺北市信義區忠孝東路5段392號1樓,鍾喜吉,8000000,,115/04/29,補繳規費,F102040 飲料批發業；F102050 茶葉批發業；F102170 食品什貨批發業；F102030 菸酒批發業；F203010 食品什貨、飲料零售業；F203020 菸酒零售業；F401010 國際貿易業；F501030 飲料店業；F501060 餐館業；ZZ99999 除許可業務外，得經營法令非禁止或限制之業務,臺北市,變更,11504
60454579,凱德國際有限公司,臺北市信義區松德路161號13樓之2,卓士閔,2000000,,115/04/20,股東出資轉讓修正章程,F117010 消防安全設備批發業；F217010 消防安全設備零售業；E603040 消防安全設備安裝工程業；IF01010 消防安全設備檢修業；F120010 耐火材料批發業；F220010 耐火材料零售業；C901060 耐火材料製造業；F206020 日常用品零售業；F204110 布疋、衣著、鞋、帽、傘、服飾品零售業；F209060 文教、樂器、育樂用品零售業,臺北市,變更,11504
60454705,太逸時尚有限公司,臺北市中山區復興北路58號12樓,李逸梅,1000000,,115/04/21,特殊補正,C306010 成衣業；F104110 布疋、衣著、鞋、帽、傘、服飾品批發業；F105050 家具、寢具、廚房器具、裝設品批發業；F204110 布疋、衣著、鞋、帽、傘、服飾品零售業；F205040 家具、寢具、廚房器具、裝設品零售業；F399040 無店面零售業；F401010 國際貿易業；I101110 紡織顧問業；I501010 產品設計業；I502010 服飾設計業,臺北市,變更,11504
60455107,昶峰資本控股股份有限公司,臺北市大安區仁愛路4段312號2樓之5,鍾文杰,8000000,,115/04/30,補繳規費,H201010 一般投資業；H202010 創業投資業；I102010 一般投資顧問業；I199990 其他顧問服務業；I103060 管理顧問業；EZ99990 其他工程業；E603090 照明設備安裝工程業；F213110 電池零售業；F113110 電池批發業；F219010 電子材料零售業,臺北市,變更,11504
60455578,呢語喃喃股份有限公司,臺北市中山區建國北路3段94號3樓,施潔寧,1000000,,115/04/23,特殊補正,I301010 資訊軟體服務業；F118010 資訊軟體批發業；F218010 資訊軟體零售業；JI01010 互動式情境體驗服務業；ZZ99999 除許可業務外，得經營法令非禁止或限制之業務,臺北市,變更,11504
60455612,動譽競股份有限公司,臺北市松山區光復北路95號、95之1號1樓,陳俊良,1000000,,115/04/09,公司所在地,J802010 運動訓練業；J803010 運動表演業；J803020 運動比賽業；J801030 競技及休閒運動場館業；I101090 食品顧問業；I103060 管理顧問業；F102170 食品什貨批發業；F203010 食品什貨、飲料零售業；F104110 布疋、衣著、鞋、帽、傘、服飾品批發業；F204110 布疋、衣著、鞋、帽、傘、服飾品零售業,臺北市,變更,11504
60455922,言宣設計顧問有限公司,臺北市大安區大安路1段191號6樓之1,李尚錡,100000,,115/04/22,特殊補正,E801010 室內裝潢業；F211010 建材零售業；C402030 皮革、毛皮製品製造業；CM01010 箱、包、袋製造業；CN01010 家具及裝設品製造業；F205040 家具、寢具、廚房器具、裝設品零售業；I103060 管理顧問業；I101070 農、林、漁、畜牧顧問業；I199990 其他顧問服務業；I501010 產品設計業,臺北市,變更,11504
60465597,優日亞國際有限公司,臺北市中山區錦西街3之1號1樓,陳蓁儒,100000,,115/04/15,特殊補正,C102010 乳品製造業；C103050 罐頭、冷凍、脫水及醃漬食品製造業；C199040 豆類加工食品製造業；C199990 未分類其他食品製造業；CC01030 電器及視聽電子產品製造業；E601020 電器安裝業；E801010 室內裝潢業；F102040 飲料批發業；F102050 茶葉批發業；F106020 日常用品批發業,臺北市,變更,11504
60467223,伯灝不動產顧問有限公司,臺北市南港區興南街47號,鄭伯灝,100000,,115/04/23,申登機關變更（遷入，含卷）,H703090 不動產買賣業；I401010 一般廣告服務業；I199990 其他顧問服務業；ZZ99999 除許可業務外，得經營法令非禁止或限制之業務,臺北市,變更,11504
60467997,盛晟科技國際有限公司,臺北市內湖區南京東路6段495號8樓,俞大元,600000,,115/04/16,特殊補正,H201010 一般投資業；F401010 國際貿易業；F206020 日常用品零售業；F106020 日常用品批發業；ZZ99999 除許可業務外，得經營法令非禁止或限制之業務；I301010 資訊軟體服務業；J399010 軟體出版業；F218010 資訊軟體零售業；I301030 電子資訊供應服務業；I501010 產品設計業,臺北市,變更,11504
60468757,溫莎福科技材料股份有限公司,臺北市內湖區瑞光路335號3樓,康秀華,8000000,,115/04/01,特殊補正,F112040 石油製品批發業；F212050 石油製品零售業；F107990 其他化學製品批發業；F207990 其他化學製品零售業；F107200 化學原料批發業；F107170 工業助劑批發業；F207170 工業助劑零售業；C802200 塗料、油漆、染料及顏料製造業；C801990 其他化學材料製造業；C802990 其他化學製品製造業,臺北市,變更,11504
60469025,匯盾科技股份有限公司,臺北市中正區南陽街1號5樓,劉博楷,181925,,115/04/01,特殊補正,I103060 管理顧問業；I199990 其他顧問服務業；I301010 資訊軟體服務業；I301020 資料處理服務業；I301030 電子資訊供應服務業；I301050 實境體感應用服務業；I301060 網路廣告平臺業；I401010 一般廣告服務業；I501010 產品設計業；IG02010 研究發展服務業,臺北市,變更,11504
60469714,安藤竜醫管股份有限公司,臺北市大安區忠孝東路4段270號7樓,鄭丞傑,28000000,,115/04/10,特殊補正,I103060 管理顧問業；I199990 其他顧問服務業；F401010 國際貿易業；F108031 醫療器材批發業；F208031 醫療器材零售業；ZZ99999 除許可業務外，得經營法令非禁止或限制之業務,臺北市,變更,11504
60469806,小野獸有限公司,臺北市內湖區民權東路6段123巷34弄23號,黃詠聖,1200000,,115/04/27,股東出資轉讓修正章程,J802010 運動訓練業；F209060 文教、樂器、育樂用品零售業；JZ99990 未分類其他服務業；ZZ99999 除許可業務外，得經營法令非禁止或限制之業務,臺北市,變更,11504
60469897,程泰實業股份有限公司,臺北市大安區敦化南路2段172巷6號1樓,劉沅霖,89000000,,115/04/17,特殊補正,H701010 住宅及大樓開發租售業；H701020 工業廠房開發租售業；H701040 特定專業區開發業；H701050 投資興建公共建設業；H701060 新市鎮、新社區開發業；H701080 都市更新重建業；H702010 建築經理業；I101080 工、礦顧問業；I103060 管理顧問業；I102010 一般投資顧問業,臺北市,變更,11504
60469931,恩宣有限公司,臺北市信義區基隆路2段23號8樓之2,蔡裕明,181370000,,115/04/13,特殊補正,H201010 一般投資業；H703090 不動產買賣業；H703100 不動產租賃業；ZZ99999 除許可業務外，得經營法令非禁止或限制之業務,臺北市,變更,11504
60479001,超聯鑫國際有限公司,臺北市中山區新生北路1段76巷17號1樓,沈世超,28000000,,115/04/13,申登機關變更（遷入，含卷）,H201010 一般投資業；ZZ99999 除許可業務外，得經營法令非禁止或限制之業務,臺北市,變更,11504
60482239,美商女力股份有限公司,臺北市北投區中央北路四段515巷28號7樓,王晏蓁,1000000,,115/04/15,補繳規費,F203010 食品什貨、飲料零售業；F204110 布疋、衣著、鞋、帽、傘、服飾品零售業；F209060 文教、樂器、育樂用品零售業；F399040 無店面零售業；ZZ99999 除許可業務外，得經營法令非禁止或限制之業務；F218010 資訊軟體零售業；I199990 其他顧問服務業；I103060 管理顧問業；I301010 資訊軟體服務業,臺北市,變更,11504
60482250,大研樂宿養生村股份有限公司,臺北市大安區羅斯福路三段37號12樓,林東慶,1400000000,,115/04/07,補選董事(常務董事.董事長)/監察人,A201010 造林業；A201030 特殊林木經營業；A201040 森林遊樂區經營業；F401010 國際貿易業；F601010 智慧財產權業；I102010 一般投資顧問業；I103060 管理顧問業；I301010 資訊軟體服務業；I301020 資料處理服務業；I301030 電子資訊供應服務業,臺北市,變更,11504
60482322,大研生醫併購投資股份有限公司,臺北市大安區羅斯福路三段37號12樓,林東慶,1400000000,,115/04/02,補選董事(常務董事.董事長)/監察人,H201010 一般投資業；H202010 創業投資業；H204010 私募股權投資業；I102010 一般投資顧問業；I103060 管理顧問業；I199990 其他顧問服務業；IH01010 產業控股公司業；JD01010 工商徵信服務業；ZZ99999 除許可業務外，得經營法令非禁止或限制之業務,臺北市,變更,11504
60487500,卓鑑永續科技股份有限公司,臺北市大安區信義路4段188號6樓之5,鍾文彬,1000000,,115/04/15,特殊補正,IF04010 非破壞檢測業；J101050 環境檢測服務業；IZ09010 管理系統驗證業；IG02010 研究發展服務業；IG03010 能源技術服務業；I101100 航空顧問業；I301010 資訊軟體服務業；I103060 管理顧問業；I199990 其他顧問服務業；F401010 國際貿易業,臺北市,變更,11504
60487591,熟成製作所股份有限公司,臺北市松山區南京東路4段52巷4號1樓,許智焜,9000000,,115/04/14,特殊補正,F203020 菸酒零售業；F203010 食品什貨、飲料零售業；ZZ99999 除許可業務外，得經營法令非禁止或限制之業務,臺北市,變更,11504
60488043,青石資產管理有限公司,臺北市信義區信義路4段460號18樓,Donald Tang,2000000,,115/04/09,董事/股東地址變更,I102010 一般投資顧問業；I103060 管理顧問業；ZZ99999 除許可業務外，得經營法令非禁止或限制之業務,臺北市,變更,11504
60488135,左派策略統一股份有限公司,臺北市士林區延平北路6段228號1樓,塗品淳,1000000,,115/04/24,補選董事(常務董事.董事長)/監察人,I103060 管理顧問業；I102010 一般投資顧問業；I199990 其他顧問服務業；I301010 資訊軟體服務業；I301020 資料處理服務業；I301030 電子資訊供應服務業；I301060 網路廣告平臺業；I401010 一般廣告服務業；I501010 產品設計業；I599990 其他設計業,臺北市,變更,11504
60488228,醛寶生醫股份有限公司,臺北市信義區信義路4段415號12樓,高作梁,16200000,,115/04/22,特殊補正,IG01010 生物技術服務業；F108031 醫療器材批發業；F208031 醫療器材零售業；CE01010 一般儀器製造業；F401010 國際貿易業；I199990 其他顧問服務業；I301010 資訊軟體服務業；F218010 資訊軟體零售業；F118010 資訊軟體批發業；IG02010 研究發展服務業,臺北市,變更,11504
60488276,艾力潔企業有限公司,臺北市中正區八德路1段43巷14號1樓,林祐聖,500000,,115/04/22,特殊補正,IZ12010 人力派遣業；I103060 管理顧問業；I199990 其他顧問服務業；I501010 產品設計業；I599990 其他設計業；I401010 一般廣告服務業；I401020 廣告傳單分送業；F119010 電子材料批發業；F106020 日常用品批發業；F104110 布疋、衣著、鞋、帽、傘、服飾品批發業,臺北市,變更,11504
60488515,叡軒國際租賃有限公司,臺北市中山區中山北路1段92號2樓,陳士軒,5000000,,115/04/29,公司印鑑變更,G101041 小客車租賃業；G202010 停車場經營業；F114010 汽車批發業；F114030 汽、機車零件配備批發業；F114050 車胎批發業；F114990 其他交通運輸工具及其零件批發業；F214010 汽車零售業；F214050 車胎零售業；F214990 其他交通運輸工具及其零件零售業；F401010 國際貿易業,臺北市,變更,11504
60488563,億久國際企業有限公司,臺北市大同區長安西路106號3樓,陶紹城,2500000,,115/04/28,減資,F106020 日常用品批發業；F104110 布疋、衣著、鞋、帽、傘、服飾品批發業；F107030 清潔用品批發業；IZ12010 人力派遣業；I401010 一般廣告服務業；I103060 管理顧問業；I301020 資料處理服務業；ZZ99999 除許可業務外，得經營法令非禁止或限制之業務,臺北市,變更,11504
60489161,里摯科技有限公司,臺北市內湖區基湖路10巷57號7樓,吳政鴻,1000000,,115/04/24,公司所在地,I301010 資訊軟體服務業；I301020 資料處理服務業；I301030 電子資訊供應服務業；IG02010 研究發展服務業；J399010 軟體出版業；F113050 電腦及事務性機器設備批發業；F118010 資訊軟體批發業；F213030 電腦及事務性機器設備零售業；F218010 資訊軟體零售業；F399040 無店面零售業,臺北市,變更,11504
60489351,尹嶺客有限公司,臺北市大同區重慶北路2段47號1樓,杜珮瑜,500000,,115/04/27,特殊補正,F109070 文教、樂器、育樂用品批發業；F209060 文教、樂器、育樂用品零售業；F104110 布疋、衣著、鞋、帽、傘、服飾品批發業；F204110 布疋、衣著、鞋、帽、傘、服飾品零售業；F399040 無店面零售業；F105050 家具、寢具、廚房器具、裝設品批發業；F205040 家具、寢具、廚房器具、裝設品零售業；F401010 國際貿易業；ZZ99999 除許可業務外，得經營法令非禁止或限制之業務,臺北市,變更,11504
60491758,品恩資本有限公司,臺北市中山區復興北路48號3樓,王致人,1000000,,115/04/09,公司所在地,H201010 一般投資業；H202010 創業投資業；H204010 私募股權投資業；H701010 住宅及大樓開發租售業；H703100 不動產租賃業；I102010 一般投資顧問業；I103060 管理顧問業；I199990 其他顧問服務業；HZ99990 其他金融、保險及不動產業；ZZ99999 除許可業務外，得經營法令非禁止或限制之業務,臺北市,變更,11504
60491764,云闊有限公司,臺北市北投區石牌路1段45號,劉蓓雯,1000000,,115/04/07,改推董事/董事長,F206050 寵物食品及其用品零售業；JZ99180 寵物美容服務業；A401031 特定寵物服務業；ZZ99999 除許可業務外，得經營法令非禁止或限制之業務,臺北市,變更,11504
60491981,地下市股份有限公司,臺北市中山區長安東路2段230號10樓之5,林鼎翔,65000000,,115/04/22,改選董事/監察人(一人法人股東指派董事/監察人),F104110 布疋、衣著、鞋、帽、傘、服飾品批發業；F105050 家具、寢具、廚房器具、裝設品批發業；F106020 日常用品批發業；F109070 文教、樂器、育樂用品批發業；F204110 布疋、衣著、鞋、帽、傘、服飾品零售業；F205040 家具、寢具、廚房器具、裝設品零售業；F206020 日常用品零售業；F209060 文教、樂器、育樂用品零售業；F401010 國際貿易業；I103060 管理顧問業,臺北市,變更,11504
60492320,迪普愛思有限公司,臺北市信義區基隆路1段163號14樓之1,KIM LOKWON,15800000,,115/04/01,增資,F118010 資訊軟體批發業；F119010 電子材料批發業；F219010 電子材料零售業；I301010 資訊軟體服務業；I301020 資料處理服務業；CC01080 電子零組件製造業；IZ99990 其他工商服務業；F401010 國際貿易業；ZZ99999 除許可業務外，得經營法令非禁止或限制之業務,臺北市,變更,11504
60492519,延世科醫股份有限公司,臺北市大安區敦化南路1段205號2樓之8,楊逸茹,1000000,,115/04/27,增資(資本總額),F108040 化粧品批發業；F208040 化粧品零售業；F401010 國際貿易業；F601010 智慧財產權業；F107200 化學原料批發業；F102170 食品什貨批發業；F107990 其他化學製品批發業；F299990 其他零售業；I103060 管理顧問業；I199990 其他顧問服務業,臺北市,變更,11504
60492601,谷睿智慧股份有限公司,臺北市中山區民生東路3段3號8樓,林信宇,17500000,,115/04/22,公司所在地,F213030 電腦及事務性機器設備零售業；I103060 管理顧問業；E605010 電腦設備安裝業；I301010 資訊軟體服務業；I301020 資料處理服務業；I301030 電子資訊供應服務業；J399010 軟體出版業；F218010 資訊軟體零售業；F601010 智慧財產權業；ZZ99999 除許可業務外，得經營法令非禁止或限制之業務,臺北市,變更,11504
60493094,睿祥資產管理有限公司,臺北市大安區大安路1段191號6樓之1,劉翠萍,8565000,,115/04/02,特殊補正,H201010 一般投資業；H202010 創業投資業；I102010 一般投資顧問業；I103060 管理顧問業；ZZ99999 除許可業務外，得經營法令非禁止或限制之業務,臺北市,變更,11504
60493117,艾諾細胞科技股份有限公司,臺北市中正區新生南路1段50之2號6樓,王偉霖,75000000,,115/04/08,發行新股,C114010 食品添加物製造業；C801010 基本化學工業；C801030 精密化學材料製造業；C801100 合成樹脂及塑膠製造業；C802060 動物用藥製造業；C802100 化粧品製造業；C802990 其他化學製品製造業；CE01010 一般儀器製造業；F107070 動物用藥品批發業；F107200 化學原料批發業,臺北市,變更,11504
60493279,屹森有限公司,臺北市大安區敦化南路一段205號6樓,邱億翔,1200000,,115/04/29,減資,EZ99990 其他工程業；E801010 室內裝潢業；E801020 門窗安裝工程業；E801040 玻璃安裝工程業；F111090 建材批發業；F106010 五金批發業；F401010 國際貿易業；ZZ99999 除許可業務外，得經營法令非禁止或限制之業務,臺北市,變更,11504
60497459,晁聖智慧賦能股份有限公司,臺北市中山區建國北路2段147之1號1樓,陳子儀,8500000,,115/04/17,特殊補正,F106020 日常用品批發業；F109070 文教、樂器、育樂用品批發業；F113030 精密儀器批發業；F206020 日常用品零售業；F209060 文教、樂器、育樂用品零售業；F213040 精密儀器零售業；F113050 電腦及事務性機器設備批發業；F118010 資訊軟體批發業；F213030 電腦及事務性機器設備零售業；F401010 國際貿易業,臺北市,變更,11504
60502354,邁進國際企業有限公司,臺北市大同區西寧北路78之16號,鄭宇宏,200000,,115/04/20,公司所在地,F114030 汽、機車零件配備批發業；F118010 資訊軟體批發業；F214030 汽、機車零件配備零售業；F218010 資訊軟體零售業；JA01010 汽車修理業；JA01990 其他汽車服務業；I199990 其他顧問服務業；I301020 資料處理服務業；I401010 一般廣告服務業；IZ99990 其他工商服務業,臺北市,變更,11504
60502360,台旻創新材料股份有限公司,臺北市中山區南京東路3段201號8樓之2,邱建民,15000000,,115/04/14,增資(資本總額),IG01010 生物技術服務業；IG02010 研究發展服務業；IG03010 能源技術服務業；C802100 化粧品製造業；F208040 化粧品零售業；ZZ99999 除許可業務外，得經營法令非禁止或限制之業務,臺北市,變更,11504
60502468,詮數位影像有限公司,臺北市大安區大安路1段224巷11號,李紀樂,2500000,,115/04/29,增資,F401010 國際貿易業；I401010 一般廣告服務業；I103060 管理顧問業；I301030 電子資訊供應服務業；IZ99990 其他工商服務業；J304010 圖書出版業；J305010 有聲出版業；J601010 藝文服務業；J602010 演藝活動業；J803010 運動表演業,臺北市,變更,11504
60502755,熠點數位有限公司,臺北市中山區建國北路3段90號1樓,黃靖翔,600000,,115/04/14,特殊補正,I301010 資訊軟體服務業；I301020 資料處理服務業；I301030 電子資訊供應服務業；I401010 一般廣告服務業；I199990 其他顧問服務業；JB01010 會議及展覽服務業；F399040 無店面零售業；JZ99990 未分類其他服務業；ZZ99999 除許可業務外，得經營法令非禁止或限制之業務,臺北市,變更,11504
60503207,十二原文化體驗股份有限公司,臺北市中山區民權東路2段46號2樓之1,解沛翰,20981610,,115/04/13,董事(常務董事.董事長)/監察人解任,E605010 電腦設備安裝業；E801010 室內裝潢業；F105050 家具、寢具、廚房器具、裝設品批發業；F106010 五金批發業；F106020 日常用品批發業；F106040 水器材料批發業；F107010 漆料、塗料批發業；F111090 建材批發業；F113010 機械批發業；F113020 電器批發業,臺北市,變更,11504
60503282,隱序有限公司,臺北市松山區敦化北路145巷23弄5號1樓,張子鴻,2000000,,115/04/23,特殊補正,E801010 室內裝潢業；E801020 門窗安裝工程業；E801030 室內輕鋼架工程業；E801070 廚具、衛浴設備安裝工程業；E901010 油漆工程業；F102040 飲料批發業；F102170 食品什貨批發業；F105050 家具、寢具、廚房器具、裝設品批發業；F106020 日常用品批發業；F108040 化粧品批發業,臺北市,變更,11504
60510875,新東記發展有限公司,臺北市中山區樂群三路301號2樓,藍永灃,8000000,,115/04/28,董事/股東地址變更,F501060 餐館業；F501990 其他餐飲業；F501050 飲酒店業；F501030 飲料店業；ZZ99999 除許可業務外，得經營法令非禁止或限制之業務,臺北市,變更,11504
60511190,劉家淮魯股份有限公司,臺北市中山區北安路829號2樓,欒智文,80000000,,115/04/01,特殊補正,C103050 罐頭、冷凍、脫水及醃漬食品製造業；C104020 烘焙炊蒸食品製造業；C110010 飲料製造業；C113020 酒類半成品製造業；C199010 麵條、粉條類食品製造業；C199020 食用冰製造業；C199030 即食餐食製造業；C199990 未分類其他食品製造業；F102030 菸酒批發業；F102040 飲料批發業,臺北市,變更,11504
60511348,穎響力股份有限公司,臺北市中正區中華路2段409巷13弄7號1樓,胡錦忠,1256000,,115/04/07,特殊補正,H201010 一般投資業,臺北市,變更,11504
60511403,兆永通行銷公關有限公司,臺北市南港區東新街108巷38號4樓,蔡伯暄,50000,,115/04/13,特殊補正,A199990 其他農業；A299990 其他林業；F109070 文教、樂器、育樂用品批發業；F401010 國際貿易業；I105010 藝術品諮詢顧問業；I199990 其他顧問服務業；I103060 管理顧問業；I401010 一般廣告服務業；I599990 其他設計業；IZ12010 人力派遣業,臺北市,變更,11504
60511678,超級符號數位創意有限公司,臺北市信義區基隆路1段141號13樓之3,吳俞萱,3000000,,115/04/13,改推董事/董事長,I103060 管理顧問業；I199990 其他顧問服務業；I301030 電子資訊供應服務業；I301060 網路廣告平臺業；I301050 實境體感應用服務業；I401010 一般廣告服務業；I501010 產品設計業；I599990 其他設計業；IZ15010 市場研究及民意調查業；J305010 有聲出版業,臺北市,變更,11504
60511706,昌泰資本股份有限公司,臺北市松山區南京東路4段103號6樓之1,楊基昌,8750000,,115/04/20,增資(資本總額),H201010 一般投資業；ZZ99999 除許可業務外，得經營法令非禁止或限制之業務,臺北市,變更,11504
60511902,芽米食光有限公司,臺北市中山區四平街82號1樓,邱嘉慧,100000,,115/04/01,特殊補正,F501060 餐館業；F501990 其他餐飲業；F501030 飲料店業；F203010 食品什貨、飲料零售業；F206020 日常用品零售業；F299990 其他零售業；F399040 無店面零售業；F102170 食品什貨批發業；F401010 國際貿易業；J601010 藝文服務業,臺北市,變更,11504
60511993,崧岳科技有限公司,臺北市中山區林森北路472號3樓之8,程亞菊,1000000,,115/04/21,股東出資轉讓修正章程,F204110 布疋、衣著、鞋、帽、傘、服飾品零售業；F205040 家具、寢具、廚房器具、裝設品零售業；F206020 日常用品零售業；F213030 電腦及事務性機器設備零售業；F213060 電信器材零售業；F213110 電池零售業；F214030 汽、機車零件配備零售業；F218010 資訊軟體零售業；F219010 電子材料零售業；F299990 其他零售業,臺北市,變更,11504
60512108,辰光整合有限公司,臺北市中正區館前路20號5樓,張家豪,500000,,115/04/15,減少所營事業變更修正章程,I103060 管理顧問業；I199990 其他顧問服務業；F118010 資訊軟體批發業；F218010 資訊軟體零售業；I301010 資訊軟體服務業；I501010 產品設計業；J399010 軟體出版業；F119010 電子材料批發業；F219010 電子材料零售業；F113030 精密儀器批發業,臺北市,變更,11504
60514990,睿星科技地產股份有限公司,臺北市信義區松仁路100號34樓,吳健宇,10000000,,115/04/10,特殊補正,E603090 照明設備安裝工程業；F118010 資訊軟體批發業；F119010 電子材料批發業；F218010 資訊軟體零售業；F219010 電子材料零售業；F301010 百貨公司業；F301020 超級市場業；F401010 國際貿易業；F501060 餐館業；G202010 停車場經營業,臺北市,變更,11504
60515034,厚海投資有限公司,臺北市中山區民權東路3段4號4樓,張裕能,38000000,,115/04/01,增資,H201010 一般投資業；H701010 住宅及大樓開發租售業；H701020 工業廠房開發租售業；H701050 投資興建公共建設業；H703100 不動產租賃業；ZZ99999 除許可業務外，得經營法令非禁止或限制之業務,臺北市,變更,11504
60515626,西城商品有限公司,臺北市內湖區新明路246巷3弄28號5樓,林軒緯,500000,,115/04/20,增資,F102040 飲料批發業；I301010 資訊軟體服務業；I301030 電子資訊供應服務業；I401010 一般廣告服務業,臺北市,變更,11504
60516006,一傑科技股份有限公司,臺北市內湖區瑞光路302號5樓之3,趙忠傑,30000000,,115/04/30,補選董事(常務董事.董事長)/監察人,C801010 基本化學工業；C801030 精密化學材料製造業；C801100 合成樹脂及塑膠製造業；C801990 其他化學材料製造業；C901990 其他非金屬礦物製品製造業；CB01010 機械設備製造業；CB01020 事務機器製造業；CB01990 其他機械製造業；CC01010 發電、輸電、配電機械製造業；CC01060 有線通信機械器材製造業,臺北市,變更,11504
60516300,厚遠投資有限公司,臺北市中山區民權東路3段4號4樓,張裕能,38000000,,115/04/01,增資,H201010 一般投資業；H701010 住宅及大樓開發租售業；H701020 工業廠房開發租售業；H701050 投資興建公共建設業；H703100 不動產租賃業；ZZ99999 除許可業務外，得經營法令非禁止或限制之業務,臺北市,變更,11504
60518243,吉堡室內裝修設計有限公司,臺北市中山區撫順街33號2樓之1,林庭丞,100000,,115/04/24,公司所在地,E599010 配管工程業；E601020 電器安裝業；E801010 室內裝潢業；E801020 門窗安裝工程業；E801040 玻璃安裝工程業；E801070 廚具、衛浴設備安裝工程業；E901010 油漆工程業；E903010 防蝕、防銹工程業；EZ02010 起重工程業；EZ07010 鑽孔工程業,臺北市,變更,11504
60522154,比利時商科碩華有限公司,臺北市信義區松高路11號25樓,Eric Andre H.Bosly,1000000,,115/04/01,一般補正案,F102020 食用油脂批發業；F102030 菸酒批發業；F102170 食品什貨批發業；F102180 酒精批發業；F103010 飼料批發業；F121010 食品添加物批發業；F201010 農產品零售業；F202010 飼料零售業；F203010 食品什貨、飲料零售業；F203020 菸酒零售業,臺北市,變更,11504
60525477,麗緹生醫股份有限公司,臺北市信義區松德路171號6樓之3,李依芸,30000000,,115/04/30,特殊補正,C306010 成衣業；F104110 布疋、衣著、鞋、帽、傘、服飾品批發業；F204110 布疋、衣著、鞋、帽、傘、服飾品零售業；F105050 家具、寢具、廚房器具、裝設品批發業；F401010 國際貿易業；F108031 醫療器材批發業；F113020 電器批發業；F208031 醫療器材零售業；F108040 化粧品批發業；F102040 飲料批發業,臺北市,變更,11504
60527236,瓦悠生活有限公司,臺北市中山區復興北路366號7樓,廖家頡,300000,,115/04/20,減少所營事業變更修正章程,I301020 資料處理服務業；I103060 管理顧問業；I105010 藝術品諮詢顧問業；E801010 室內裝潢業；I503010 景觀、室內設計業；C701010 印刷業；F111090 建材批發業；F211010 建材零售業；F105050 家具、寢具、廚房器具、裝設品批發業；F109070 文教、樂器、育樂用品批發業,臺北市,變更,11504
60528642,旻昱有限公司,臺北市大安區大安路2段17號,莊旻諭,5000000,,115/04/01,特殊補正,F111090 建材批發業；F211010 建材零售業；F106010 五金批發業；F206010 五金零售業；F113020 電器批發業；F213010 電器零售業；F113030 精密儀器批發業；F213040 精密儀器零售業；F113050 電腦及事務性機器設備批發業；F213030 電腦及事務性機器設備零售業,臺北市,變更,11504
60529023,大仙有限公司,臺北市中山區南京西路1之1號10樓,李心瑩,3000000,,115/04/21,特殊補正,C399990 其他紡織及製品製造業；C306010 成衣業；C307010 服飾品製造業；CN01010 家具及裝設品製造業；F104110 布疋、衣著、鞋、帽、傘、服飾品批發業；F204110 布疋、衣著、鞋、帽、傘、服飾品零售業；F105050 家具、寢具、廚房器具、裝設品批發業；F205040 家具、寢具、廚房器具、裝設品零售業；F106020 日常用品批發業；F206020 日常用品零售業,臺北市,變更,11504
60529190,佶鼎建設股份有限公司,臺北市中山區長春路328號11樓之1,洪村統,25000000,,115/04/20,增資(資本總額),H701010 住宅及大樓開發租售業；H701020 工業廠房開發租售業；H701040 特定專業區開發業；H701050 投資興建公共建設業；H701060 新市鎮、新社區開發業；H701070 區段徵收及市地重劃代辦業；H701080 都市更新重建業；H701090 都市更新整建維護業；H702010 建築經理業；H703090 不動產買賣業,臺北市,變更,11504
60529635,台北匹克球俱樂部股份有限公司,臺北市中山區長春路17號4樓,陳允懋,60000000,,115/04/02,特殊補正,J801030 競技及休閒運動場館業；J802010 運動訓練業；EZ14010 運動場地用設備工程業；F203010 食品什貨、飲料零售業；F203020 菸酒零售業；F501060 餐館業；F204110 布疋、衣著、鞋、帽、傘、服飾品零售業；F209060 文教、樂器、育樂用品零售業；ZZ99999 除許可業務外，得經營法令非禁止或限制之業務,臺北市,變更,11504
60529939,智桓科技有限公司,臺北市信義區忠孝東路4段563號11樓,林沂珊,1000000,,115/04/13,特殊補正,I301010 資訊軟體服務業；IG02010 研究發展服務業；I301020 資料處理服務業；I301030 電子資訊供應服務業；J399010 軟體出版業；I103060 管理顧問業；I199990 其他顧問服務業；IZ99990 其他工商服務業；IZ13010 網路認證服務業；IZ09010 管理系統驗證業,臺北市,變更,11504
60530128,承堡國際有限公司,臺北市南港區忠孝東路6段370巷1號5樓,吳誌堡,100000,,115/04/22,特殊補正,F102170 食品什貨批發業；F104110 布疋、衣著、鞋、帽、傘、服飾品批發業；F106010 五金批發業；F106020 日常用品批發業；F203010 食品什貨、飲料零售業；F203020 菸酒零售業；F204110 布疋、衣著、鞋、帽、傘、服飾品零售業；F205040 家具、寢具、廚房器具、裝設品零售業；F206010 五金零售業；F206020 日常用品零售業,臺北市,變更,11504
60530226,勝力智慧建築科技股份有限公司,臺北市中山區民權東路3段2之1號15樓,柯俊宏,20000000,,115/04/21,特殊補正,E601010 電器承裝業；F206010 五金零售業；F213010 電器零售業；F401010 國際貿易業；F106010 五金批發業；F106040 水器材料批發業；F113020 電器批發業；H703090 不動產買賣業；H703100 不動產租賃業；H701010 住宅及大樓開發租售業,臺北市,變更,11504
60530252,派安盈台灣股份有限公司,臺北市信義區基隆路1段206號17樓,James Richard Allum,100000,,115/04/08,補繳規費,F118010 資訊軟體批發業；F218010 資訊軟體零售業；F399040 無店面零售業；F401010 國際貿易業；F601010 智慧財產權業；I103060 管理顧問業；I199990 其他顧問服務業；I301010 資訊軟體服務業；I301020 資料處理服務業；I301030 電子資訊供應服務業,臺北市,變更,11504
60530295,美珠食品有限公司,臺北市內湖區內湖路1段437巷18號1樓,李美珠(SU SU MON),6087440,,115/04/08,經理人變更,F102170 食品什貨批發業；F401010 國際貿易業,臺北市,變更,11504
60531077,佳芯事業有限公司,臺北市中山區南京東路3段219號9樓,李佳諠,1500000,,115/04/22,特殊補正,F104110 布疋、衣著、鞋、帽、傘、服飾品批發業；F105050 家具、寢具、廚房器具、裝設品批發業；F204110 布疋、衣著、鞋、帽、傘、服飾品零售業；F205040 家具、寢具、廚房器具、裝設品零售業；F109070 文教、樂器、育樂用品批發業；F206020 日常用品零售業；F299990 其他零售業；F399040 無店面零售業；F399990 其他綜合零售業；F218010 資訊軟體零售業,臺北市,變更,11504
60539367,在地股份有限公司,臺北市中山區南京東路2段160號7樓,邱品翔,261437,,115/04/29,特殊補正,F109070 文教、樂器、育樂用品批發業；F118010 資訊軟體批發業；F209060 文教、樂器、育樂用品零售業；F218010 資訊軟體零售業；F399040 無店面零售業；F401010 國際貿易業；F601010 智慧財產權業；I401010 一般廣告服務業；I501010 產品設計業；I599990 其他設計業,臺北市,變更,11504
60541722,見康設計有限公司,臺北市大安區永康街75巷16號1樓,林彥甫,1000000,,115/04/13,特殊補正,F203010 食品什貨、飲料零售業；F204110 布疋、衣著、鞋、帽、傘、服飾品零售業；F206020 日常用品零售業；F208040 化粧品零售業；F209060 文教、樂器、育樂用品零售業；F210010 鐘錶零售業；F210020 眼鏡零售業；F215010 首飾及貴金屬零售業；F399040 無店面零售業；F401010 國際貿易業,臺北市,變更,11504
60541883,卡吉企劃有限公司,臺北市中正區開封街1段37號11樓,鍛治剛(KAJI GO),1500000,,115/04/01,公司所在地,F399040 無店面零售業；F102170 食品什貨批發業；F106020 日常用品批發業；F106010 五金批發業；F199990 其他批發業；F203010 食品什貨、飲料零售業；F206020 日常用品零售業；F206010 五金零售業；F299990 其他零售業；F399990 其他綜合零售業,臺北市,變更,11504
60542433,一同影響股份有限公司,臺北市大同區西寧北路37號12樓,翁梓揚,104011850,,115/04/09,改選董事/監察人(一人法人股東指派董事/監察人),H201010 一般投資業；F102170 食品什貨批發業；F203010 食品什貨、飲料零售業；F399040 無店面零售業；I101090 食品顧問業；F501060 餐館業；ZZ99999 除許可業務外，得經營法令非禁止或限制之業務,臺北市,變更,11504
60542476,鈦溪科技股份有限公司,臺北市中正區仁愛路2段25號5樓,郭昊鑫,100000,,115/04/30,特殊補正,ZZ99999 除許可業務外，得經營法令非禁止或限制之業務；I301010 資訊軟體服務業；I301020 資料處理服務業；I301030 電子資訊供應服務業；I301040 第三方支付服務業,臺北市,變更,11504
60542813,恩聖科技有限公司,臺北市中正區開封街1段37號5樓,陳怡靜,500000,,115/04/02,特殊補正,F213010 電器零售業；F113020 電器批發業；E601020 電器安裝業；F213060 電信器材零售業；F213030 電腦及事務性機器設備零售業；F113050 電腦及事務性機器設備批發業；F399040 無店面零售業；F401010 國際貿易業；ZZ99999 除許可業務外，得經營法令非禁止或限制之業務,臺北市,變更,11504
60542898,依智科技有限公司,臺北市中正區重慶南路1段10號8樓,劉正揚,3000000,,115/04/30,增資,E604010 機械安裝業；F113050 電腦及事務性機器設備批發業；H201010 一般投資業；I103060 管理顧問業；I301010 資訊軟體服務業；I301020 資料處理服務業；I301030 電子資訊供應服務業；I301050 實境體感應用服務業；ZZ99999 除許可業務外，得經營法令非禁止或限制之業務,臺北市,變更,11504
60542953,琉沐國際有限公司,臺北市萬華區中華路1段106號8樓,游莉娟,200000,,115/04/22,股東出資轉讓修正章程,F108040 化粧品批發業；F208040 化粧品零售業；F399040 無店面零售業；F104110 布疋、衣著、鞋、帽、傘、服飾品批發業；F204110 布疋、衣著、鞋、帽、傘、服飾品零售業；F106020 日常用品批發業；F206020 日常用品零售業；F199990 其他批發業；F299990 其他零售業；F105050 家具、寢具、廚房器具、裝設品批發業,臺北市,變更,11504
60543377,旗望股份有限公司,臺北市內湖區行愛路140巷28號6樓,陳又,3000000000,,115/04/23,一般補正案,H201010 一般投資業,臺北市,變更,11504
60543799,宇知人工智慧股份有限公司,臺北市南港區三重路19之13號4樓,錢美娟,42590000,,115/04/27,發行新股,F108031 醫療器材批發業；F113020 電器批發業；F113050 電腦及事務性機器設備批發業；F118010 資訊軟體批發業；F208031 醫療器材零售業；F213010 電器零售業；F213030 電腦及事務性機器設備零售業；F218010 資訊軟體零售業；F399040 無店面零售業；F401010 國際貿易業,臺北市,變更,11504
60544050,熾心科技有限公司,臺北市大安區復興南路1段209號4樓,周俊瑋,500000,,115/04/14,股東出資轉讓修正章程,CC01080 電子零組件製造業；CB01010 機械設備製造業；E605010 電腦設備安裝業；CC01990 其他電機及電子機械器材製造業；EZ05010 儀器、儀表安裝工程業；CB01990 其他機械製造業；CC01010 發電、輸電、配電機械製造業；CE01010 一般儀器製造業；CE01030 光學儀器製造業；CE01990 其他光學及精密器械製造業,臺北市,變更,11504
60549787,華翠股份有限公司,臺北市中山區中山北路2段116巷2號2樓,張向鈞,1000000,,115/04/29,公司所在地,H201010 一般投資業；H202010 創業投資業；H703090 不動產買賣業；H703100 不動產租賃業；I102010 一般投資顧問業；I103060 管理顧問業；F401010 國際貿易業；ZZ99999 除許可業務外，得經營法令非禁止或限制之業務,臺北市,變更,11504
60549956,潤海股份有限公司,臺北市中山區南京東路2段172號6樓,李盈盈,1500000,,115/04/17,特殊補正,F102030 菸酒批發業；F102040 飲料批發業；F102050 茶葉批發業；F102170 食品什貨批發業；F121010 食品添加物批發業；F203010 食品什貨、飲料零售業；F203020 菸酒零售業；F203030 酒精零售業；F221010 食品添加物零售業；F399040 無店面零售業,臺北市,變更,11504
60550670,明郡號誌工程有限公司,臺北市中山區民生東路1段29號5樓之5,劉璟誼,200000,,115/04/30,公司所在地,EZ06010 交通標示工程業；IZ12010 人力派遣業；J101090 廢棄物清理業；J101990 其他環境衛生及污染防治服務業；E603080 交通號誌安裝工程業；E903010 防蝕、防銹工程業；E901010 油漆工程業；E599010 配管工程業；E601010 電器承裝業；E601020 電器安裝業,臺北市,變更,11504
60550854,貝櫻影像製作有限公司,臺北市中山區南京東路2段137號14樓,根岸智行,500000,,115/04/22,特殊補正,J401010 電影片製作業；J402010 電影片發行業；J604010 聲音錄製及音樂發行業；JZ99030 攝影業；ZZ99999 除許可業務外，得經營法令非禁止或限制之業務,臺北市,變更,11504
60551087,沐璃有限公司,臺北市大安區復興南路1段368號11樓,郭睿晴,4000000,,115/04/08,增資,F101050 水產品批發業；F201030 水產品零售業；F101130 蔬果批發業；F101990 其他農、畜、水產品批發業；F201990 其他農畜水產品零售業；F102030 菸酒批發業；F203020 菸酒零售業；F102040 飲料批發業；F102170 食品什貨批發業；F203010 食品什貨、飲料零售業,臺北市,變更,11504
60551158,超有感行銷股份有限公司,臺北市松山區復興北路191號13樓,高子涵,8000000,,115/04/01,增資(資本總額),I401010 一般廣告服務業；I301010 資訊軟體服務業；I301020 資料處理服務業；I301030 電子資訊供應服務業；I102010 一般投資顧問業；I103060 管理顧問業；IZ12010 人力派遣業；F113050 電腦及事務性機器設備批發業；F213030 電腦及事務性機器設備零售業；ZZ99999 除許可業務外，得經營法令非禁止或限制之業務,臺北市,變更,11504
60551235,月東光有限公司,臺北市中山區松江路31號8樓,施榮光,500000,,115/04/08,特殊補正,F101990 其他農、畜、水產品批發業；F103010 飼料批發業；F106060 寵物食品及其用品批發業；F107200 化學原料批發業；F121010 食品添加物批發業；F207200 化學原料零售業；F401010 國際貿易業；F202010 飼料零售業；F208040 化粧品零售業；I101070 農、林、漁、畜牧顧問業,臺北市,變更,11504
60555247,棋雲股份有限公司,臺北市松山區復興北路201號4樓之1,林宗翰,26000000,,115/04/01,公司外文名稱登記修正章程,H201010 一般投資業；H202010 創業投資業；I102010 一般投資顧問業；I103060 管理顧問業；I199990 其他顧問服務業；F118010 資訊軟體批發業；F119010 電子材料批發業；F218010 資訊軟體零售業；F219010 電子材料零售業；F401010 國際貿易業,臺北市,變更,11504
60560163,元亨量子計算資本股份有限公司,臺北市大安區信義路4段296號6樓之5,陳彥龍,300000,,115/04/16,特殊補正,H201010 一般投資業；H202010 創業投資業；I301010 資訊軟體服務業；I301020 資料處理服務業；I301030 電子資訊供應服務業；HZ99990 其他金融、保險及不動產業；I102010 一般投資顧問業；I103060 管理顧問業；I199990 其他顧問服務業；IG02010 研究發展服務業,臺北市,變更,11504
60560451,尚覓顧問有限公司,臺北市大安區大安路1段191號6樓之1,李志峰,1000000,,115/04/24,特殊補正,I102010 一般投資顧問業；I103060 管理顧問業；I199990 其他顧問服務業；H201010 一般投資業；H703090 不動產買賣業；H703100 不動產租賃業；HZ99990 其他金融、保險及不動產業；J601010 藝文服務業；J202010 產業育成業；ZZ99999 除許可業務外，得經營法令非禁止或限制之業務,臺北市,變更,11504
60560467,凡旅智遊有限公司,臺北市中正區館前路20號5樓,楊竣棊,500000,,115/04/16,公司印鑑變更,I401010 一般廣告服務業；JB01010 會議及展覽服務業；I301010 資訊軟體服務業；I103060 管理顧問業；I199990 其他顧問服務業；F206020 日常用品零售業；F208040 化粧品零售業；F299990 其他零售業；F399040 無店面零售業；JZ99990 未分類其他服務業,臺北市,變更,11504
60560656,瑞聲科技有限公司,臺北市中正區忠孝西路1段72號2樓之5,楊國清,1000000,,115/04/10,增資,F108031 醫療器材批發業；F208031 醫療器材零售業；F118010 資訊軟體批發業；F218010 資訊軟體零售業；F401010 國際貿易業；I301010 資訊軟體服務業；I301020 資料處理服務業；I301030 電子資訊供應服務業；IG02010 研究發展服務業；F113030 精密儀器批發業,臺北市,變更,11504
60561178,綠環尚品股份有限公司,臺北市大安區大安路1段80號2樓及82號2樓,竹野禎久,500000,,115/04/20,特殊補正,ZZ99999 除許可業務外，得經營法令非禁止或限制之業務；F104110 布疋、衣著、鞋、帽、傘、服飾品批發業；F105050 家具、寢具、廚房器具、裝設品批發業；F106010 五金批發業；F106020 日常用品批發業；F108040 化粧品批發業；F109070 文教、樂器、育樂用品批發業；F110010 鐘錶批發業；F110020 眼鏡批發業；F113010 機械批發業,臺北市,變更,11504
60561212,台智生技股份有限公司,臺北市大安區忠孝東路4段71之6號,曾勲香,2500000,,115/04/23,特殊補正,F113010 機械批發業；F113020 電器批發業；F113030 精密儀器批發業；F113050 電腦及事務性機器設備批發業；F113070 電信器材批發業；F118010 資訊軟體批發業；F119010 電子材料批發業；F213030 電腦及事務性機器設備零售業；F213040 精密儀器零售業；F213060 電信器材零售業,臺北市,變更,11504
60561389,易樂維股份有限公司,臺北市中山區松江路64巷10之2號3樓,張珮嬑,13250000,,115/04/27,特殊補正,F108031 醫療器材批發業；F208031 醫療器材零售業；JE01010 租賃業；C802100 化粧品製造業；F108040 化粧品批發業；F208040 化粧品零售業；I103060 管理顧問業；I199990 其他顧問服務業；IG01010 生物技術服務業；IG02010 研究發展服務業,臺北市,變更,11504
60561439,吉祥商貿有限公司,臺北市大安區仁愛路4段50之63號,梁練偉,6000000,,115/04/30,公司所在地,F203020 菸酒零售業；F208040 化粧品零售業；F102050 茶葉批發業；F401010 國際貿易業；F102030 菸酒批發業,臺北市,變更,11504
60561563,達諾資本國際有限公司,臺北市文山區景文街1號12樓之1,鄧彥農,1000000,,115/04/13,增資,J401010 電影片製作業；J402010 電影片發行業；JB01010 會議及展覽服務業；J602010 演藝活動業；F109070 文教、樂器、育樂用品批發業；F209060 文教、樂器、育樂用品零售業；F106020 日常用品批發業；F206020 日常用品零售業；F102040 飲料批發業；F102170 食品什貨批發業,臺北市,變更,11504
60566693,亮全實業有限公司,臺北市大安區和平東路2段163號3樓,洪佩君,3000000,,115/04/20,股東出資轉讓修正章程,F107070 動物用藥品批發業；F207070 動物用藥零售業；F103010 飼料批發業；F202010 飼料零售業；F201010 農產品零售業；F101050 水產品批發業；F201030 水產品零售業；F201020 畜產品零售業；F101040 家畜家禽批發業；F203010 食品什貨、飲料零售業,臺北市,變更,11504
60567779,雲山水由布院休閒管理顧問股份有限公司,臺北市內湖區瑞光路168號9樓,葉俊良,30000000,,115/04/13,發行新股,H201010 一般投資業；H703090 不動產買賣業；H703100 不動產租賃業；I102010 一般投資顧問業；I103060 管理顧問業；I105010 藝術品諮詢顧問業；I199990 其他顧問服務業；I401010 一般廣告服務業；I501010 產品設計業；J799990 其他休閒服務業,臺北市,變更,11504
60574271,蘴蒔股份有限公司,臺北市信義區忠孝東路5段1之3號7樓,馬湘芸,500000,,115/04/15,申登機關變更（遷入，含卷）,F108040 化粧品批發業；F208040 化粧品零售業；F207030 清潔用品零售業；F107030 清潔用品批發業；F106020 日常用品批發業；F206020 日常用品零售業；F401010 國際貿易業；ZZ99999 除許可業務外，得經營法令非禁止或限制之業務,臺北市,變更,11504
60582672,正豊營造工程有限公司,臺北市內湖區瑞光路295號6樓,吳亭喻,3600000,,115/04/29,特殊補正,E101011 綜合營造業；F106010 五金批發業；F111090 建材批發業；E502010 燃料導管安裝工程業；E599010 配管工程業；E601010 電器承裝業；E601020 電器安裝業；E603010 電纜安裝工程業；E603040 消防安全設備安裝工程業；E603050 自動控制設備工程業,臺北市,變更,11504
60583139,聚焦永續發展顧問有限公司,臺北市松山區南京東路4段1號6樓,鄭莉穎,4350000,,115/04/09,增資,I103060 管理顧問業；I199990 其他顧問服務業；I301010 資訊軟體服務業；I301020 資料處理服務業；I301030 電子資訊供應服務業；I501010 產品設計業；I503010 景觀、室內設計業；I599990 其他設計業；IG02010 研究發展服務業；IZ12010 人力派遣業,臺北市,變更,11504
60583264,中華眾力物流有限公司,臺北市中山區南京東路3段118號12樓之2,白承柱,16460000,,115/04/22,公司所營事業變更修正章程,F113010 機械批發業；F106010 五金批發業；F113020 電器批發業；JE01010 租賃業；F113030 精密儀器批發業；F119010 電子材料批發業；F113990 其他機械器具批發業；F401010 國際貿易業；I103060 管理顧問業；E601020 電器安裝業,臺北市,變更,11504
60583320,新之旅資源整合行銷有限公司,臺北市松山區南京東路5段188號6樓之5,黃和良,300000,,115/04/01,公司所營事業變更修正章程,F399040 無店面零售業；F401010 國際貿易業；I401010 一般廣告服務業；I401020 廣告傳單分送業；I501010 產品設計業；IZ15010 市場研究及民意調查業；J601010 藝文服務業；J602010 演藝活動業；J603010 音樂展演空間業；J799990 其他休閒服務業,臺北市,變更,11504
60586966,酩白股份有限公司,臺北市信義區松仁路89號16樓,李宜荃,500000,,115/04/10,減資,F102030 菸酒批發業；F106050 陶瓷玻璃器皿批發業；F203020 菸酒零售業；F401171 酒類輸入業；F401010 國際貿易業；F501030 飲料店業；F501050 飲酒店業；F501060 餐館業；I103060 管理顧問業；I105010 藝術品諮詢顧問業,臺北市,變更,11504
60587867,大雅行銷有限公司,臺北市信義區基隆路2段7號4樓,林芳如,600000,,115/04/29,特殊補正,I501010 產品設計業；I199990 其他顧問服務業；I301010 資訊軟體服務業；I301030 電子資訊供應服務業；F109070 文教、樂器、育樂用品批發業；F401010 國際貿易業；F601010 智慧財產權業；F399040 無店面零售業；J302010 通訊稿業；J303010 雜誌（期刊）出版業,臺北市,變更,11504
60588319,睦迪餐飲股份有限公司,臺北市中正區銅山街24號房屋地下層,陳彥伶,10800000,,115/04/30,特殊補正,F102030 菸酒批發業；F102170 食品什貨批發業；F203010 食品什貨、飲料零售業；F203020 菸酒零售業；F399040 無店面零售業；F401010 國際貿易業；F501060 餐館業；F501990 其他餐飲業；F501030 飲料店業；J602010 演藝活動業,臺北市,變更,11504
60588578,新世界健康事業股份有限公司,臺北市大安區忠孝東路4段270號2樓之1,鍾依玲,42580000,,115/04/24,特殊補正,F102170 食品什貨批發業；F108040 化粧品批發業；F107030 清潔用品批發業；F106020 日常用品批發業；F102040 飲料批發業；F107990 其他化學製品批發業；F102020 食用油脂批發業；F203010 食品什貨、飲料零售業；F206020 日常用品零售業；F207030 清潔用品零售業,臺北市,變更,11504
60588731,初醫生技股份有限公司,臺北市士林區中山北路5段500號7樓,林哲佑,12500000,,115/04/21,改選董事/監察人(一人法人股東指派董事/監察人),F108040 化粧品批發業；F399040 無店面零售業；I101090 食品顧問業；I103060 管理顧問業；I199990 其他顧問服務業；F401010 國際貿易業；JE01010 租賃業；JZ99050 仲介服務業；F107030 清潔用品批發業；F208040 化粧品零售業,臺北市,變更,11504
60593164,康泰成都有限公司,臺北市萬華區成都路141號,鄭又維,1200000,,115/04/14,改推董事/董事長,F501060 餐館業；F501030 飲料店業；F501990 其他餐飲業；F201030 水產品零售業；ZZ99999 除許可業務外，得經營法令非禁止或限制之業務,臺北市,變更,11504
60593214,焯亮股份有限公司,臺北市大安區忠孝東路4段166號6樓之2,秦文港,3435000,,115/04/23,公司所在地,IG01010 生物技術服務業；IG02010 研究發展服務業；IG03010 能源技術服務業；C801100 合成樹脂及塑膠製造業；C805010 塑膠皮、布、板、管材製造業；C805030 塑膠日用品製造業；C805050 工業用塑膠製品製造業；C805070 強化塑膠製品製造業；C805990 其他塑膠製品製造業；F102170 食品什貨批發業,臺北市,變更,11504
60593426,湛智有限公司,臺北市內湖區內湖路1段514號2樓,林昆良,1000000,,115/04/22,特殊補正,F213010 電器零售業；F213030 電腦及事務性機器設備零售業；F218010 資訊軟體零售業；F219010 電子材料零售業；I102010 一般投資顧問業；I103060 管理顧問業；I199990 其他顧問服務業；I301010 資訊軟體服務業；I301020 資料處理服務業；I301030 電子資訊供應服務業,臺北市,變更,11504
60593755,滋源有限公司,臺北市文山區木新路3段80號1樓,李靖葦,10000000,,115/04/20,股東出資轉讓修正章程,F501060 餐館業；F203010 食品什貨、飲料零售業；ZZ99999 除許可業務外，得經營法令非禁止或限制之業務,臺北市,變更,11504
60593946,木木生醫有限公司,臺北市大安區和平東路3段70之2號1樓,林詠竣,1000000,,115/04/15,公司所在地,F401010 國際貿易業；F399040 無店面零售業；F104110 布疋、衣著、鞋、帽、傘、服飾品批發業；F105050 家具、寢具、廚房器具、裝設品批發業；F113020 電器批發業；F113050 電腦及事務性機器設備批發業；F113070 電信器材批發業；F114010 汽車批發業；F114030 汽、機車零件配備批發業；F119010 電子材料批發業,臺北市,變更,11504
60594207,誠欣顧厝有限公司,臺北市中正區懷寧街37號4樓,張誠苓,2000000,,115/04/30,減少所營事業變更修正章程,E801010 室內裝潢業；E801070 廚具、衛浴設備安裝工程業；I103060 管理顧問業；I102010 一般投資顧問業；I401010 一般廣告服務業；ZZ99999 除許可業務外，得經營法令非禁止或限制之業務,臺北市,變更,11504
60594369,我們的品牌研究室有限公司,臺北市松山區南京東路4段163號5樓,陳思琳,1000000,,115/04/27,特殊補正,I103060 管理顧問業；I199990 其他顧問服務業；I301010 資訊軟體服務業；I301020 資料處理服務業；I301030 電子資訊供應服務業；I401010 一般廣告服務業；I501010 產品設計業；I599990 其他設計業；IZ03010 剪報業；IZ04010 翻譯業,臺北市,變更,11504
60594375,宏業行銷股份有限公司,臺北市內湖區行善路195號1樓,施季甫,1000000,,115/04/16,特殊補正,F401010 國際貿易業；H701010 住宅及大樓開發租售業；H701080 都市更新重建業；H701090 都市更新整建維護業；H703090 不動產買賣業；H703100 不動產租賃業；H704031 不動產仲介經紀業；H704041 不動產代銷經紀業；I401010 一般廣告服務業；I401020 廣告傳單分送業,臺北市,變更,11504
60594516,吉睿智慧投資股份有限公司,臺北市中山區民生東路3段3號8樓,林信宇,8000000,,115/04/22,公司所在地,H201010 一般投資業；I102010 一般投資顧問業,臺北市,變更,11504
60601657,淨勤有限公司,臺北市松山區復興北路1號10樓,丁琪展,500000,,115/04/27,申登機關變更（遷入，含卷）,F107030 清潔用品批發業；F107080 環境用藥批發業；F207030 清潔用品零售業；F207080 環境用藥零售業；J101010 建築物清潔服務業；J101020 病媒防治業；J101030 廢棄物清除業；J101040 廢棄物處理業；J101090 廢棄物清理業；F401010 國際貿易業,臺北市,變更,11504
60606169,玥琳國際股份有限公司,臺北市中正區青島東路4之8號1樓,林安琪,3150000,,115/04/10,發行新股,F104110 布疋、衣著、鞋、帽、傘、服飾品批發業；F204110 布疋、衣著、鞋、帽、傘、服飾品零售業；F108031 醫療器材批發業；F208031 醫療器材零售業；F105050 家具、寢具、廚房器具、裝設品批發業；F205040 家具、寢具、廚房器具、裝設品零售業；F115010 首飾及貴金屬批發業；F215010 首飾及貴金屬零售業；F108040 化粧品批發業；F208040 化粧品零售業,臺北市,變更,11504
60606442,歆辰顧問有限公司,臺北市中山區民生東路3段3號8樓,林信宇,6500000,,115/04/27,公司所在地,F213030 電腦及事務性機器設備零售業；I103060 管理顧問業；E605010 電腦設備安裝業；I301010 資訊軟體服務業；I301020 資料處理服務業；I301030 電子資訊供應服務業；I301040 第三方支付服務業；J399010 軟體出版業；F218010 資訊軟體零售業；F601010 智慧財產權業,臺北市,變更,11504
60606604,鏈結資產股份有限公司,臺北市信義區基隆路1段159號17樓,魏巧杰,30000000,,115/04/01,特殊補正,I301010 資訊軟體服務業；I301020 資料處理服務業；I301030 電子資訊供應服務業；I103060 管理顧問業；F401010 國際貿易業；ZZ99999 除許可業務外，得經營法令非禁止或限制之業務,臺北市,變更,11504
60607076,華倫資本股份有限公司,臺北市大同區承德路2段83之2號,,5000000,,115/04/28,解散,H201010 一般投資業；ZZ99999 除許可業務外，得經營法令非禁止或限制之業務,臺北市,變更,11504
60607168,富麗橙建設股份有限公司,臺北市大同區寧夏路23之1號2樓,洪邦珀,25000000,,115/04/07,發行新股,H701010 住宅及大樓開發租售業；H701020 工業廠房開發租售業；H701040 特定專業區開發業；H701050 投資興建公共建設業；H701060 新市鎮、新社區開發業；H701070 區段徵收及市地重劃代辦業；H701080 都市更新重建業；H701090 都市更新整建維護業；H702010 建築經理業；H703090 不動產買賣業,臺北市,變更,11504
60607239,寓見資產管理有限公司,臺北市信義區永吉路443巷13弄6號4樓,吳小信,6000000,,115/04/21,增資,H701010 住宅及大樓開發租售業；H701020 工業廠房開發租售業；H701050 投資興建公共建設業；H701060 新市鎮、新社區開發業；H701070 區段徵收及市地重劃代辦業；H702010 建築經理業；H703090 不動產買賣業；H703100 不動產租賃業；I503010 景觀、室內設計業；I599990 其他設計業,臺北市,變更,11504
60618377,雲照股份有限公司,臺北市信義區忠孝東路5段1之10號3樓,戴華蕙,3000000,,115/04/02,增資(資本總額),J202010 產業育成業；IZ12010 人力派遣業；I102010 一般投資顧問業；I103060 管理顧問業；I199990 其他顧問服務業；I301010 資訊軟體服務業；I401010 一般廣告服務業；IZ15010 市場研究及民意調查業；J101010 建築物清潔服務業；F209060 文教、樂器、育樂用品零售業,臺北市,變更,11504
60618593,海威國際運通股份有限公司,臺北市中山區復興北路16號19樓,韓道虹,29000000,,115/04/01,特殊補正,G402011 海運承攬運送業；G601011 航空貨運承攬業；IZ06010 理貨包裝業；G801010 倉儲業；G405010 貨櫃出租業；F401010 國際貿易業；ZZ99999 除許可業務外，得經營法令非禁止或限制之業務,臺北市,變更,11504
60618708,敦品三號創新投資股份有限公司,臺北市內湖區港墘路221巷37號4樓之1,黃偉杰,410000000,,115/04/20,董事/監察人持股變動報備,H201010 一般投資業；H202010 創業投資業；ZZ99999 除許可業務外，得經營法令非禁止或限制之業務,臺北市,變更,11504
60619072,非魚貿易有限公司,臺北市大安區敦化南路2段57號10樓,徐佩菁,11000000,,115/04/08,特殊補正,F102030 菸酒批發業(限中華民國行業標準分類4546 菸酒批發業)；F401171 酒類輸入業(限中華民國行業標準分類4546 菸酒批發業、4711 食品飲料為主之綜合商品零售業及4729 其他食品及飲料、菸草製品零售業)；F401010 國際貿易業(限所登記營業項目對應之輸出入業),臺北市,變更,11504
60619137,森曜教育股份有限公司,臺北市大安區大安路1段191號6樓之1,李韋皓,1300000,,115/04/07,特殊補正,I103060 管理顧問業；I199990 其他顧問服務業；I301010 資訊軟體服務業；I301020 資料處理服務業；I301030 電子資訊供應服務業；F118010 資訊軟體批發業；F218010 資訊軟體零售業；JI01010 互動式情境體驗服務業；J202010 產業育成業；ZZ99999 除許可業務外，得經營法令非禁止或限制之業務,臺北市,變更,11504
60619501,熠爍科技股份有限公司,臺北市內湖區瑞光路421號6樓,葉時榮,10410000,,115/04/02,增資(資本總額),C801100 合成樹脂及塑膠製造業；C805010 塑膠皮、布、板、管材製造業；CB01010 機械設備製造業；CC01010 發電、輸電、配電機械製造業；CC01020 電線及電纜製造業；CC01030 電器及視聽電子產品製造業；CC01060 有線通信機械器材製造業；CC01070 無線通信機械器材製造業；CC01080 電子零組件製造業；CC01090 電池製造業,臺北市,變更,11504
60632820,安大價值投資股份有限公司,臺北市內湖區洲子街79號2樓,高誌廷,1351350,,115/04/20,公司名稱變更修正章程,H201010 一般投資業,臺北市,變更,11504
60635832,英商簡街歐洲有限公司,臺北市大安區敦化南路一段192號13樓之6,NICHOLAS JOHN HIGGINBOTHAM,100000000,,115/04/01,在中華民國所營事業增加登記,I199990 其他顧問服務業；I301020 資料處理服務業；ZZ99999 除許可業務外，得經營法令非禁止或限制之業務,臺北市,變更,11504
60637199,拾米有方有限公司,臺北市中正區青島西路9之3號,賈淳卉,5000000,,115/04/08,特殊補正,F501030 飲料店業；F203010 食品什貨、飲料零售業；F399040 無店面零售業；C110010 飲料製造業；F401010 國際貿易業；ZZ99999 除許可業務外，得經營法令非禁止或限制之業務；F399990 其他綜合零售業；F102050 茶葉批發業；F102170 食品什貨批發業；JZ99990 未分類其他服務業,臺北市,變更,11504
60638578,寶堡實業有限公司,臺北市北投區大興街65號,周韻榕,2000000,,115/04/13,特殊補正,F203010 食品什貨、飲料零售業；F399040 無店面零售業；F501030 飲料店業；F501060 餐館業；F501990 其他餐飲業；F205040 家具、寢具、廚房器具、裝設品零售業；F206010 五金零售業；F206020 日常用品零售業；F401010 國際貿易業；I199990 其他顧問服務業,臺北市,變更,11504
60638824,昂絲股份有限公司,臺北市大安區敦化南路1段336號,蔡明恆,6260805,,115/04/28,特殊補正,F102170 食品什貨批發業；F105050 家具、寢具、廚房器具、裝設品批發業；F106020 日常用品批發業；F201010 農產品零售業；F201990 其他農畜水產品零售業；F203010 食品什貨、飲料零售業；F203020 菸酒零售業；F205040 家具、寢具、廚房器具、裝設品零售業；F206020 日常用品零售業；F209060 文教、樂器、育樂用品零售業,臺北市,變更,11504
60639632,歐瑞管理顧問有限公司,臺北市大同區西寧北路87號之1 1樓,邱昱愷,600000,,115/04/20,特殊補正,H202010 創業投資業；I102010 一般投資顧問業；I103060 管理顧問業；I301010 資訊軟體服務業；I301020 資料處理服務業；I301030 電子資訊供應服務業；I401010 一般廣告服務業；IZ12010 人力派遣業；J202010 產業育成業；JZ99050 仲介服務業,臺北市,變更,11504
60639859,星智未來有限公司,臺北市大安區信義路4段296號15樓,薛美文,500000,,115/04/07,特殊補正,I103060 管理顧問業；I199990 其他顧問服務業；I301010 資訊軟體服務業；I301020 資料處理服務業；I301030 電子資訊供應服務業；I501010 產品設計業；IZ99990 其他工商服務業；J304010 圖書出版業；J399010 軟體出版業；J401010 電影片製作業,臺北市,變更,11504
60639942,寶呈實業有限公司,臺北市信義區忠孝東路5段1之10號3樓,楊智鈞,300000,,115/04/29,股東出資轉讓修正章程,F102050 茶葉批發業；F102170 食品什貨批發業；F104110 布疋、衣著、鞋、帽、傘、服飾品批發業；F105050 家具、寢具、廚房器具、裝設品批發業；F106010 五金批發業；F106020 日常用品批發業；F106050 陶瓷玻璃器皿批發業；F107030 清潔用品批發業；F108040 化粧品批發業；F109070 文教、樂器、育樂用品批發業,臺北市,變更,11504
60641855,安心醫管股份有限公司,臺北市內湖區堤頂大道2段483號2樓,潘重良,30000000,,115/04/23,法人股東更名、國籍、地址變更,F102170 食品什貨批發業；F104110 布疋、衣著、鞋、帽、傘、服飾品批發業；F106020 日常用品批發業；F107030 清潔用品批發業；F108040 化粧品批發業；F109070 文教、樂器、育樂用品批發業；F203010 食品什貨、飲料零售業；F204110 布疋、衣著、鞋、帽、傘、服飾品零售業；F206020 日常用品零售業；F207030 清潔用品零售業,臺北市,變更,11504
60641948,羽澤有限公司,臺北市中山區南京東路1段86號7樓之3,鄭佳玲,8000000,,115/04/02,特殊補正,F102040 飲料批發業；F102170 食品什貨批發業；F106020 日常用品批發業；F107030 清潔用品批發業；F107200 化學原料批發業；F107990 其他化學製品批發業；F108040 化粧品批發業；F111090 建材批發業；F113050 電腦及事務性機器設備批發業；F118010 資訊軟體批發業,臺北市,變更,11504
60642019,新曜陽有限公司,臺北市大安區忠孝東路4段97號3樓之9,王湘筠,8000000,,115/04/13,申登機關變更（遷入，含卷）,F102040 飲料批發業；F102170 食品什貨批發業；F106020 日常用品批發業；F107030 清潔用品批發業；F107200 化學原料批發業；F107990 其他化學製品批發業；F108040 化粧品批發業；F111090 建材批發業；F113050 電腦及事務性機器設備批發業；F118010 資訊軟體批發業,臺北市,變更,11504
60645162,艾維亞國際租賃有限公司,臺北市北投區中和街20巷2號12樓之3,張恩聆,5000000,,115/04/10,股東出資轉讓修正章程,G101041 小客車租賃業；G202010 停車場經營業；F114010 汽車批發業；F114030 汽、機車零件配備批發業；F114050 車胎批發業；F114990 其他交通運輸工具及其零件批發業；F214010 汽車零售業；F214050 車胎零售業；F214990 其他交通運輸工具及其零件零售業；F401010 國際貿易業,臺北市,變更,11504
60645395,快樂蛋餅股份有限公司,臺北市大安區和平東路2段311巷19號1樓,郭全榮,6000000,,115/04/20,發行新股,C199030 即食餐食製造業；F102170 食品什貨批發業；F203010 食品什貨、飲料零售業；F299990 其他零售業；F206020 日常用品零售業；F209060 文教、樂器、育樂用品零售業；F399040 無店面零售業；F501060 餐館業；I101090 食品顧問業；I103060 管理顧問業,臺北市,變更,11504
60646063,兆豐菳農業科技股份有限公司,臺北市大同區南京西路41號13樓之5,蔡政吉,1680000,,115/04/29,特殊補正,F101130 蔬果批發業；F101990 其他農、畜、水產品批發業；A101020 農作物栽培業；A101050 花卉栽培業；A102050 作物栽培服務業；A199990 其他農業；A102020 農產品整理業；D101060 再生能源自用發電設備業；F102170 食品什貨批發業；F401010 國際貿易業,臺北市,變更,11504
60651142,達誠百貨有限公司,臺北市大安區復興南路2段291號2樓,陳英語,500000,,115/04/22,公司所營事業變更修正章程,F104110 布疋、衣著、鞋、帽、傘、服飾品批發業；F105050 家具、寢具、廚房器具、裝設品批發業；F106010 五金批發業；F203010 食品什貨、飲料零售業；F204110 布疋、衣著、鞋、帽、傘、服飾品零售業；F205040 家具、寢具、廚房器具、裝設品零售業；F206010 五金零售業；F206020 日常用品零售業；F207030 清潔用品零售業；F208040 化粧品零售業,臺北市,變更,11504
60656955,信創投資控股股份有限公司,臺北市大安區信義路2段230號4樓之1,邱見鴻,16000000,,115/04/14,董事/監察人持股變動報備,H201010 一般投資業,臺北市,變更,11504
60657005,台灣日產化學半導體材料股份有限公司,臺北市中山區復興南路1段36之10號10樓,石川元明,181000000,,115/04/15,改派董事/監察人,CC01080 電子零組件製造業；F107060 毒性及關注化學物質批發業；F107170 工業助劑批發業；F107200 化學原料批發業；F107990 其他化學製品批發業；F113010 機械批發業；F113030 精密儀器批發業；F119010 電子材料批發業；F207060 毒性及關注化學物質零售業；F207170 工業助劑零售業,臺北市,變更,11504
60661459,致暘全數位顧問有限公司,臺北市松山區復興北路1號9樓之7,李浩甫,2000000,,115/04/24,特殊補正,F218010 資訊軟體零售業；I301010 資訊軟體服務業；J399010 軟體出版業；I301020 資料處理服務業；I301030 電子資訊供應服務業；I301060 網路廣告平臺業；IZ09010 管理系統驗證業；JE01010 租賃業；I199990 其他顧問服務業；F401010 國際貿易業,臺北市,變更,11504
60662149,章魚裝潢建材研發有限公司,臺北市信義區松山路421號11樓之4,林青龍,2000000,,115/04/23,增資,F105050 家具、寢具、廚房器具、裝設品批發業；I401010 一般廣告服務業；I501010 產品設計業；I503010 景觀、室內設計業；I504010 花藝設計業；I599990 其他設計業；E603090 照明設備安裝工程業；JB01010 會議及展覽服務業；JZ99030 攝影業；E801010 室內裝潢業,臺北市,變更,11504
60662247,布魯山國際有限公司,臺北市中正區博愛路53號7樓,HLA OO,2000000,,115/04/14,經理人變更,E601010 電器承裝業；F201010 農產品零售業；F113010 機械批發業；F213080 機械器具零售業；F119010 電子材料批發業；F219010 電子材料零售業；F113110 電池批發業；F213110 電池零售業；F113020 電器批發業；F213010 電器零售業,臺北市,變更,11504
60662345,沐澤資產顧問有限公司,臺北市中山區中山北路3段30號7樓之3,楊沛緹,50000,,115/04/16,減少所營事業變更修正章程,E801010 室內裝潢業；E801070 廚具、衛浴設備安裝工程業；I103060 管理顧問業；ZZ99999 除許可業務外，得經營法令非禁止或限制之業務,臺北市,變更,11504
60662437,第五維度有限公司,臺北市大安區大安路1段31巷27號,黄偉哲,200000,,115/04/24,改推董事/董事長,F501060 餐館業；F203010 食品什貨、飲料零售業；F203020 菸酒零售業；F203030 酒精零售業；F501030 飲料店業；F102170 食品什貨批發業；F102040 飲料批發業；F102030 菸酒批發業；F501990 其他餐飲業；ZZ99999 除許可業務外，得經營法令非禁止或限制之業務,臺北市,變更,11504
60675088,佳輝室內裝修工程有限公司,臺北市大安區臥龍街165號1樓,黄浩瑋,100000,,115/04/09,特殊補正,E801060 室內裝修業；E599010 配管工程業；E801010 室內裝潢業；E601020 電器安裝業；E601010 電器承裝業；E603010 電纜安裝工程業；E801070 廚具、衛浴設備安裝工程業；E603040 消防安全設備安裝工程業；E603050 自動控制設備工程業；E801030 室內輕鋼架工程業,臺北市,變更,11504
60675783,琦源開發有限公司,臺北市大安區忠孝東路4段290號10樓,胡新源,1000000,,115/04/22,公司所營事業變更修正章程,I102010 一般投資顧問業；I103060 管理顧問業；I401010 一般廣告服務業；H701010 住宅及大樓開發租售業；H701020 工業廠房開發租售業；H701060 新市鎮、新社區開發業；H703100 不動產租賃業；H703090 不動產買賣業；ZZ99999 除許可業務外，得經營法令非禁止或限制之業務；F399040 無店面零售業,臺北市,變更,11504
60675947,初諾股份有限公司,臺北市中山區南京東路1段52號2樓,周忠慶,500000,,115/04/10,特殊補正,J303010 雜誌（期刊）出版業；J304010 圖書出版業；J305010 有聲出版業；J399010 軟體出版業；J399990 其他出版業；J601010 藝文服務業；J602010 演藝活動業；JZ99090 喜慶綜合服務業；JB01010 會議及展覽服務業；I199990 其他顧問服務業,臺北市,變更,11504
60676158,哈今國際行銷股份有限公司,臺北市萬華區中華路1段114巷33號,張惠國,10000000,,115/04/14,特殊補正,F203010 食品什貨、飲料零售業；F301020 超級市場業；F399040 無店面零售業；F401010 國際貿易業；F601010 智慧財產權業；F213010 電器零售業；F213030 電腦及事務性機器設備零售業；F208040 化粧品零售業；F203020 菸酒零售業；F204110 布疋、衣著、鞋、帽、傘、服飾品零售業,臺北市,變更,11504
60676967,共創資本股份有限公司,臺北市大安區信義路4段339號11樓,黃志銘,31000000,,115/04/13,特殊補正,H201010 一般投資業；ZZ99999 除許可業務外，得經營法令非禁止或限制之業務,臺北市,變更,11504
60677348,約束有限公司,臺北市大同區迪化街1段46巷16號1樓,林上揚,7500000,,115/04/15,特殊補正,ZZ99999 除許可業務外，得經營法令非禁止或限制之業務；F203010 食品什貨、飲料零售業；F299990 其他零售業；F399040 無店面零售業；F401010 國際貿易業；F601010 智慧財產權業；I199990 其他顧問服務業；I301010 資訊軟體服務業；I301020 資料處理服務業；I301030 電子資訊供應服務業,臺北市,變更,11504
60677353,吉食易生技股份有限公司,臺北市北投區珠海路1號1樓,李易芳,2500000,,115/04/28,特殊補正,F102170 食品什貨批發業；F203010 食品什貨、飲料零售業；F102040 飲料批發業；F201010 農產品零售業；F401010 國際貿易業；I101090 食品顧問業；F399040 無店面零售業；F399990 其他綜合零售業；F108040 化粧品批發業；F208040 化粧品零售業,臺北市,變更,11504
60680625,旭暉投資有限公司,臺北市中山區南京東路2段178號4樓之1,吳侑庭,3000000,,115/04/20,股東出資轉讓修正章程,H201010 一般投資業,臺北市,變更,11504
60680913,啟盟流動有限公司,臺北市中山區長春路16號6樓,陳建琪,4000000,,115/04/17,公司所在地,F209060 文教、樂器、育樂用品零售業；F399040 無店面零售業；F401010 國際貿易業；F601010 智慧財產權業；I199990 其他顧問服務業；I401010 一般廣告服務業；I599990 其他設計業；J601010 藝文服務業；J602010 演藝活動業；J603010 音樂展演空間業,臺北市,變更,11504
60680955,旌元鋼投資股份有限公司,臺北市中山區民權東路2段135巷29弄1號1樓,陳建輝,13064200,,115/04/15,特殊補正,H201010 一般投資業,臺北市,變更,11504
60681413,泰霓霓有限公司,臺北市中山區南京東路2段178號4樓之1,張宇詮,1000000,,115/04/07,公司所在地,H201010 一般投資業,臺北市,變更,11504
60681429,漾澤文創股份有限公司,臺北市松山區南京東路5段66巷22弄26號,楊宗翰,3400000,,115/04/27,發行新股,F104110 布疋、衣著、鞋、帽、傘、服飾品批發業；F105050 家具、寢具、廚房器具、裝設品批發業；F106020 日常用品批發業；F108040 化粧品批發業；F204110 布疋、衣著、鞋、帽、傘、服飾品零售業；F205040 家具、寢具、廚房器具、裝設品零售業；F206020 日常用品零售業；F208040 化粧品零售業；F399040 無店面零售業；F401010 國際貿易業,臺北市,變更,11504
60681455,東方餐飲科技股份有限公司,臺北市大安區忠孝東路4段155號6樓,周郁軒,400000,,115/04/13,特殊補正,F102040 飲料批發業；F102050 茶葉批發業；F102170 食品什貨批發業；F102030 菸酒批發業；F106010 五金批發業；F106020 日常用品批發業；F106050 陶瓷玻璃器皿批發業；F113020 電器批發業；F113990 其他機械器具批發業；F203010 食品什貨、飲料零售業,臺北市,變更,11504
60684093,瑞昕軒有限公司,臺北市中山區龍江路305巷14號1樓,范瑞君,100000,,115/04/10,特殊補正,F115010 首飾及貴金屬批發業；F115020 礦石批發業；F104110 布疋、衣著、鞋、帽、傘、服飾品批發業；F105050 家具、寢具、廚房器具、裝設品批發業；F106020 日常用品批發業；F109070 文教、樂器、育樂用品批發業；F108040 化粧品批發業；F215010 首飾及貴金屬零售業；F215020 礦石零售業；F204110 布疋、衣著、鞋、帽、傘、服飾品零售業,臺北市,變更,11504
60684663,元庭財務顧問有限公司,臺北市中山區長春路172號7樓之7,鄭亦庭,500000,,115/04/08,特殊補正,I103060 管理顧問業；I102010 一般投資顧問業；I199990 其他顧問服務業；I301010 資訊軟體服務業；IZ15010 市場研究及民意調查業；IZ02010 打字業；F401010 國際貿易業；H703100 不動產租賃業；ZZ99999 除許可業務外，得經營法令非禁止或限制之業務,臺北市,變更,11504
60684734,大揚策略投資顧問股份有限公司,臺北市松山區南京東路5段298號2樓之1,何將謙,2200000,,115/04/10,特殊補正,F401010 國際貿易業；J202010 產業育成業；JB01010 會議及展覽服務業；I103060 管理顧問業；F109070 文教、樂器、育樂用品批發業；F101990 其他農、畜、水產品批發業；F108040 化粧品批發業；F113070 電信器材批發業；F113050 電腦及事務性機器設備批發業；F115010 首飾及貴金屬批發業,臺北市,變更,11504
60686276,臻德凌股份有限公司,臺北市松山區南京東路4段50號11樓,黃仁德,200000,,115/04/02,補繳規費,I401010 一般廣告服務業；I103060 管理顧問業；F401010 國際貿易業；J304010 圖書出版業；J305010 有聲出版業；J601010 藝文服務業；J602010 演藝活動業；J803010 運動表演業；JB01010 會議及展覽服務業；JZ99030 攝影業,臺北市,變更,11504
60686445,勃睿諮詢股份有限公司,臺北市大安區信義路2段152號,劉文賢,3000000,,115/04/22,特殊補正,F401010 國際貿易業；F601010 智慧財產權業；I102010 一般投資顧問業；I103060 管理顧問業；I199990 其他顧問服務業；I701011 就業服務業；IG02010 研究發展服務業；IZ12010 人力派遣業；IZ13010 網路認證服務業；J202010 產業育成業,臺北市,變更,11504
60686487,達益投資有限公司,臺北市北投區中央南路2段36之2號3樓,何筱蝶,1000000,,115/04/27,改推董事/董事長,H201010 一般投資業,臺北市,變更,11504
60686661,陶斯米有限公司,臺北市萬華區和平西路3段341號,張博翔,100000,,115/04/23,股東出資轉讓修正章程,J304010 圖書出版業；J305010 有聲出版業；J401010 電影片製作業；J402010 電影片發行業；J403010 電影片映演業；J404010 動畫影片製作業；J404020 提供設備及場地供電影片拍攝業；J404040 電影錄音業；J404050 電影特效製作業；J503010 廣播節目製作業,臺北市,變更,11504
60686888,學廣教育有限公司,臺北市中正區開封街1段37號5樓,方紫柔,1000000,,115/04/13,特殊補正,E605010 電腦設備安裝業；F113050 電腦及事務性機器設備批發業；F118010 資訊軟體批發業；F213030 電腦及事務性機器設備零售業；F218010 資訊軟體零售業；F399990 其他綜合零售業；H703090 不動產買賣業；H703100 不動產租賃業；I301010 資訊軟體服務業；I301020 資料處理服務業,臺北市,變更,11504
60687227,極圖台灣股份有限公司,臺北市大安區忠孝東路4段162號12樓之2,許鴻彥,1671630,,115/04/29,特殊補正,IG01010 生物技術服務業；IG02010 研究發展服務業；F113050 電腦及事務性機器設備批發業；ZZ99999 除許可業務外，得經營法令非禁止或限制之業務,臺北市,變更,11504
60687438,悅購有限公司,臺北市大安區大安路1段191號6樓之1,李穎豪,1000000,,115/04/09,公司印鑑變更,I301020 資料處理服務業；I401010 一般廣告服務業；I199990 其他顧問服務業；IZ09010 管理系統驗證業；IZ13010 網路認證服務業；IZ99990 其他工商服務業；J399010 軟體出版業；F104110 布疋、衣著、鞋、帽、傘、服飾品批發業；F105050 家具、寢具、廚房器具、裝設品批發業；F109070 文教、樂器、育樂用品批發業,臺北市,變更,11504
60687578,祺富聯創資本股份有限公司,臺北市內湖區行善路397號4樓之2,陳柏助,100000,,115/04/02,特殊補正,I102010 投資顧問業；I103060 管理顧問業；H201010 一般投資業；H202010 創業投資業；I199990 其他顧問服務業；I501010 產品設計業；J202010 產業育成業；F401010 國際貿易業；F601010 智慧財產權業；ZZ99999 除許可業務外，得經營法令非禁止或限制之業務,臺北市,變更,11504
60688078,思邁智能股份有限公司,臺北市大安區光復南路438號11樓,張介騰,10000000,,115/04/20,公司所在地,CC01120 資料儲存媒體製造及複製業；E605010 電腦設備安裝業；F113020 電器批發業；F113050 電腦及事務性機器設備批發業；F113070 電信器材批發業；F118010 資訊軟體批發業；F213030 電腦及事務性機器設備零售業；F213060 電信器材零售業；F218010 資訊軟體零售業；F399040 無店面零售業,臺北市,變更,11504
60688128,未藍生醫科技有限公司,臺北市信義區忠孝東路5段31巷18弄25號4樓,池俊毅,1000000,,115/04/09,特殊補正,F203010 食品什貨、飲料零售業；F206020 日常用品零售業；F208040 化粧品零售業；F399040 無店面零售業；F399990 其他綜合零售業；F401010 國際貿易業；I503010 景觀、室內設計業；F102170 食品什貨批發業；F106020 日常用品批發業；F108040 化粧品批發業,臺北市,變更,11504
60689576,皇繕閣股份有限公司,臺北市中山區南京東路2段95號11樓,鍾順蓉,2000000,,115/04/29,特殊補正,F201010 農產品零售業；F201020 畜產品零售業；F201070 花卉零售業；F201990 其他農畜水產品零售業；F203010 食品什貨、飲料零售業；F203020 菸酒零售業；F204110 布疋、衣著、鞋、帽、傘、服飾品零售業；F206060 祭祀用品零售業；I103060 管理顧問業；I503010 景觀、室內設計業,臺北市,變更,11504
60699286,利新矅有限公司,臺北市大安區大安路1段84巷4號1樓,林建利,200000,,115/04/13,股東出資轉讓修正章程,E801010 室內裝潢業；F102170 食品什貨批發業；F108040 化粧品批發業；F115010 首飾及貴金屬批發業；F203010 食品什貨、飲料零售業；F208040 化粧品零售業；F301010 百貨公司業；F399040 無店面零售業；F401010 國際貿易業；I102010 一般投資顧問業,臺北市,變更,11504
60699315,艾薇爾生醫科技股份有限公司,臺北市內湖區瑞光路513巷22弄5號8樓之3,吳邱壘,20888888,,115/04/07,改選董事/監察人(一人法人股東指派董事/監察人),IG01010 生物技術服務業；F102040 飲料批發業；F102170 食品什貨批發業；F108040 化粧品批發業；F203010 食品什貨、飲料零售業；F208040 化粧品零售業；F401010 國際貿易業；F399040 無店面零售業；I103060 管理顧問業；ZZ99999 除許可業務外，得經營法令非禁止或限制之業務,臺北市,變更,11504
60699791,佳源開發股份有限公司,臺北市中山區復興北路48號10樓,方建凱,3500000,,115/04/23,董事/監察人更名,H703100 不動產租賃業；HZ99990 其他金融、保險及不動產業；H201010 一般投資業；H202010 創業投資業；I102010 一般投資顧問業；I103060 管理顧問業；I199990 其他顧問服務業；I401010 一般廣告服務業；J602010 演藝活動業；J799990 其他休閒服務業,臺北市,變更,11504
60700045,德昌星創有限公司,臺北市大安區忠孝東路4段155號6樓,徐勁傑,5000000,,115/04/21,特殊補正,F104110 布疋、衣著、鞋、帽、傘、服飾品批發業；F105050 家具、寢具、廚房器具、裝設品批發業；F106020 日常用品批發業；F107030 清潔用品批發業；F108040 化粧品批發業；F109070 文教、樂器、育樂用品批發業；F204110 布疋、衣著、鞋、帽、傘、服飾品零售業；F205040 家具、寢具、廚房器具、裝設品零售業；F206020 日常用品零售業；F208040 化粧品零售業,臺北市,變更,11504
60702682,瑞成康國際有限公司,臺北市大同區西寧北路87號之1,,2000000,,115/04/14,解散,F113050 電腦及事務性機器設備批發業；F213030 電腦及事務性機器設備零售業；F119010 電子材料批發業；F219010 電子材料零售業；F401010 國際貿易業；F399040 無店面零售業；ZZ99999 除許可業務外，得經營法令非禁止或限制之業務,臺北市,變更,11504
60703198,翊棋健康管理顧問股份有限公司,臺北市大安區忠孝東路4段297號5樓,王俊翔,13000000,,115/04/01,特殊補正,IZ12010 人力派遣業；I103060 管理顧問業；JE01010 租賃業；F108040 化粧品批發業；F102020 食用油脂批發業；F102030 菸酒批發業；F102040 飲料批發業；F102050 茶葉批發業；F102170 食品什貨批發業；F107030 清潔用品批發業,臺北市,變更,11504
60708428,諾歐科技股份有限公司,臺北市信義區基隆路1段432號8樓之2,林恩羽,6000000,,115/04/08,特殊補正,F113050 電腦及事務性機器設備批發業；F213030 電腦及事務性機器設備零售業；F118010 資訊軟體批發業；F218010 資訊軟體零售業；F119010 電子材料批發業；F219010 電子材料零售業；J399010 軟體出版業；J399990 其他出版業；F399040 無店面零售業；F108031 醫療器材批發業,臺北市,變更,11504
60709094,蒔宇有限公司,臺北市中山區新生北路3段88巷33號,李岳霖,1000000,,115/04/01,股東出資轉讓修正章程,CB01010 機械設備製造業；CC01060 有線通信機械器材製造業；CC01070 無線通信機械器材製造業；CE01010 一般儀器製造業；E601020 電器安裝業；EZ05010 儀器、儀表安裝工程業；F113030 精密儀器批發業；F113060 度量衡器批發業；F213010 電器零售業；F213040 精密儀器零售業,臺北市,變更,11504
60713013,千達美容有限公司,臺北市萬華區貴陽街2段33號8樓之6,許桓瑜,500000,,115/04/08,特殊補正,F208040 化粧品零售業；JZ99080 美容美髮服務業；F108040 化粧品批發業；F399040 無店面零售業；F401010 國際貿易業；F601010 智慧財產權業；I103060 管理顧問業；I199990 其他顧問服務業；I301030 電子資訊供應服務業；IZ99990 其他工商服務業,臺北市,變更,11504
60713512,壺特思有限公司,臺北市中山區南京東路2段150號10樓,林素云,1000000,,115/04/02,特殊補正,F102030 菸酒批發業；F102040 飲料批發業；F102170 食品什貨批發業；F106020 日常用品批發業；F202010 飼料零售業；F203010 食品什貨、飲料零售業；F203020 菸酒零售業；F206010 五金零售業；I101090 食品顧問業；I103060 管理顧問業,臺北市,變更,11504
60713647,舒藤生物科技新藥開發股份有限公司,臺北市中正區忠孝西路1段72號6樓之8,陳詩蕾,10550000,,115/04/21,特殊補正,F107070 動物用藥品批發業；F107080 環境用藥批發業；F107200 化學原料批發業；F107990 其他化學製品批發業；F108040 化粧品批發業；F207070 動物用藥零售業；F207080 環境用藥零售業；F208050 乙類成藥零售業；F401010 國際貿易業；F601010 智慧財產權業,臺北市,變更,11504
60713674,睿星智宇有限公司,臺北市中山區長安東路1段16號8樓之3,黃煒翔,8000000,,115/04/24,增資,F113050 電腦及事務性機器設備批發業；F213030 電腦及事務性機器設備零售業；F118010 資訊軟體批發業；F218010 資訊軟體零售業；F601010 智慧財產權業；I301010 資訊軟體服務業；I301020 資料處理服務業；I301030 電子資訊供應服務業；I199990 其他顧問服務業；I501010 產品設計業,臺北市,變更,11504
60713837,東健科技有限公司,臺北市中山區民權東路1段53號9樓,馮秀華,2000000,,115/04/15,特殊補正,F401010 國際貿易業；F113050 電腦及事務性機器設備批發業；F213030 電腦及事務性機器設備零售業；ZZ99999 除許可業務外，得經營法令非禁止或限制之業務；CE01010 一般儀器製造業；F113030 精密儀器批發業；F213040 精密儀器零售業；IG01010 生物技術服務業,臺北市,變更,11504
60713935,米瓦其金鋼石科技有限公司,臺北市大安區和平東路2段76巷25之2號,常金祥,100000,,115/04/01,特殊補正,F106010 五金批發業；F113010 機械批發業；F113990 其他機械器具批發業；F401010 國際貿易業；E604010 機械安裝業；F115010 首飾及貴金屬批發業；F115020 礦石批發業；F215010 首飾及貴金屬零售業；F215020 礦石零售業；F399040 無店面零售業,臺北市,變更,11504
60719874,偉業建設開發股份有限公司,臺北市大安區仁愛路3段125號2樓,左德偉,5100000,,115/04/02,增資,H701010 住宅及大樓開發租售業；H703090 不動產買賣業；H201010 一般投資業；H701020 工業廠房開發租售業；H701050 投資興建公共建設業；H701060 新市鎮、新社區開發業；H701070 區段徵收及市地重劃代辦業；H703100 不動產租賃業；G202010 停車場經營業；I102010 一般投資顧問業,臺北市,變更,11504
60724779,新加坡商御衛安保有限公司,臺北市中山區長安東路二段173號3樓,方民强,100000,,115/04/28,本公司外文名稱變更,I103060 管理顧問業；I199990 其他顧問服務業,臺北市,變更,11504
60724877,香港商奧元國際有限公司,臺北市中山區南京東路二段150號7樓,古維然,10000000,,115/04/29,一般補正案,F109070 文教、樂器、育樂用品批發業；F218010 資訊軟體零售業；F399040 無店面零售業；F401010 國際貿易業；F601010 智慧財產權業；I103060 管理顧問業；I501010 產品設計業；I301010 資訊軟體服務業；I301020 資料處理服務業；I301030 電子資訊供應服務業,臺北市,變更,11504
60725637,炘躍工程顧問股份有限公司,臺北市中山區南京東路2段150號7樓,王偉華,3000000,,115/04/27,改選董事/監察人(一人法人股東指派董事/監察人),F213010 電器零售業；F206040 水器材料零售業；E901010 油漆工程業；E603010 電纜安裝工程業；E601010 電器承裝業；E601020 電器安裝業；E603040 消防安全設備安裝工程業；E603050 自動控制設備工程業；E603090 照明設備安裝工程業；E801010 室內裝潢業,臺北市,變更,11504
60725860,承晏環境股份有限公司,臺北市大安區光復南路626號8樓,劉暐廷,30000000,,115/04/02,特殊補正,A102080 園藝服務業；CB01030 污染防治設備製造業；CE01010 一般儀器製造業；E401010 疏濬業；E402010 沙石、淤泥海拋業；E502010 燃料導管安裝工程業；E599010 配管工程業；E601010 電器承裝業；E601020 電器安裝業；E603050 自動控制設備工程業,臺北市,變更,11504
60726045,初色國際股份有限公司,臺北市大安區信義路4段296號15樓,張維真,500000,,115/04/13,公司所在地,JB01010 會議及展覽服務業；I401010 一般廣告服務業；F102170 食品什貨批發業；F104110 布疋、衣著、鞋、帽、傘、服飾品批發業；F106010 五金批發業；F118010 資訊軟體批發業；F203010 食品什貨、飲料零售業；F204110 布疋、衣著、鞋、帽、傘、服飾品零售業；F206010 五金零售業；F218010 資訊軟體零售業,臺北市,變更,11504
60726306,橙億事業有限公司,臺北市大安區忠孝東路4段169號11樓之4,陳熏艾,10000000,,115/04/23,減少所營事業變更修正章程,F114010 汽車批發業；F114020 機車批發業；F114030 汽、機車零件配備批發業；F401010 國際貿易業；JD01010 工商徵信服務業；JZ99050 仲介服務業；ZZ99999 除許可業務外，得經營法令非禁止或限制之業務；F102040 飲料批發業；F102170 食品什貨批發業；F102180 酒精批發業,臺北市,變更,11504
60726880,融創整合創意有限公司,臺北市大安區仁愛路4段48巷17號,練閔茹,1000000,,115/04/16,特殊補正,F102170 食品什貨批發業；F203010 食品什貨、飲料零售業；F105050 家具、寢具、廚房器具、裝設品批發業；F205040 家具、寢具、廚房器具、裝設品零售業；F108040 化粧品批發業；F207200 化學原料零售業；F102030 菸酒批發業；F399040 無店面零售業；E801020 門窗安裝工程業；E801030 室內輕鋼架工程業,臺北市,變更,11504
60727277,三贏顧問股份有限公司,臺北市大安區信義路4段296號7樓之5,張家溱,500000,,115/04/22,改選董事/監察人(一人法人股東指派董事/監察人),F401010 國際貿易業；H703090 不動產買賣業；H703100 不動產租賃業；I102010 一般投資顧問業；I103060 管理顧問業；H704031 不動產仲介經紀業；H704041 不動產代銷經紀業；ZZ99999 除許可業務外，得經營法令非禁止或限制之業務,臺北市,變更,11504
60741572,海森智能行銷顧問股份有限公司,臺北市士林區文林路342號7樓,陳昱璇,2000000,,115/04/17,特殊補正,I401010 一般廣告服務業；E605010 電腦設備安裝業；I301010 資訊軟體服務業；J399010 軟體出版業；F118010 資訊軟體批發業；F218010 資訊軟體零售業；F113050 電腦及事務性機器設備批發業；F213030 電腦及事務性機器設備零售業；F119010 電子材料批發業；F219010 電子材料零售業,臺北市,變更,11504
60741735,都欣開發建設有限公司,臺北市中正區和平西路2段141號2樓之6,余宛儒,2000000,,115/04/14,特殊補正,H701010 住宅及大樓開發租售業；H701020 工業廠房開發租售業；H701050 投資興建公共建設業；H701060 新市鎮、新社區開發業；H701070 區段徵收及市地重劃代辦業；H701090 都市更新整建維護業；H702010 建築經理業；H703090 不動產買賣業；H703100 不動產租賃業；H703110 老人住宅業,臺北市,變更,11504
60746416,捷森國際貿易有限公司,臺北市萬華區西園路2段37號3樓之3,李佳勳,500000,,115/04/28,公司所在地,CC01060 有線通信機械器材製造業；CC01070 無線通信機械器材製造業；CC01080 電子零組件製造業；CC01100 電信管制射頻器材製造業；CC01110 電腦及其週邊設備製造業；CC01990 其他電機及電子機械器材製造業；E601020 電器安裝業；E603010 電纜安裝工程業；E603020 電梯安裝工程業；E603080 交通號誌安裝工程業,臺北市,變更,11504
60746611,吉福坊娛樂科技有限公司,臺北市內湖區內湖路1段250號12樓,王幸圓,200000,,115/04/23,公司所在地,F113050 電腦及事務性機器設備批發業；F118010 資訊軟體批發業；F213030 電腦及事務性機器設備零售業；F218010 資訊軟體零售業；F399040 無店面零售業；F401010 國際貿易業；F601010 智慧財產權業；I199990 其他顧問服務業；I301010 資訊軟體服務業；I301020 資料處理服務業,臺北市,變更,11504
60749722,鼎晟聯航有限公司,臺北市內湖區瑞光路8號5樓,吳可家,11300000,,115/04/29,申登機關變更（遷入，含卷）,E603050 自動控制設備工程業；E603090 照明設備安裝工程業；E603130 燃氣熱水器承裝業；E605010 電腦設備安裝業；E607010 太陽熱能設備安裝工程業；E701010 電信工程業；E801030 室內輕鋼架工程業；E801040 玻璃安裝工程業；E801070 廚具、衛浴設備安裝工程業；E901010 油漆工程業,臺北市,變更,11504
60755913,麗川有限公司,臺北市松山區敦化北路222巷18弄7號,何怡靜,1000000,,115/04/14,申登機關變更（遷入，含卷）,F105050 家具、寢具、廚房器具、裝設品批發業；F205040 家具、寢具、廚房器具、裝設品零售業；F401010 國際貿易業；E801010 室內裝潢業；F106010 五金批發業；F111090 建材批發業；F399040 無店面零售業；ZZ99999 除許可業務外，得經營法令非禁止或限制之業務,臺北市,變更,11504
60756743,日商美迪科斯股份有限公司,臺北市萬華區開封街二段40號4樓之2,原嶋優衣,0,,115/04/28,辦事處所在地變更,,臺北市,變更,11504
60758685,擬視科技股份有限公司,臺北市中山區新生北路3段61號5樓之28,陳皇旻,1000000,,115/04/10,特殊補正,I301030 電子資訊供應服務業；I301050 實境體感應用服務業；IG02010 研究發展服務業；F110020 眼鏡批發業；F113030 精密儀器批發業；F113050 電腦及事務性機器設備批發業；F213040 精密儀器零售業；C801030 精密化學材料製造業；C801100 合成樹脂及塑膠製造業；C805050 工業用塑膠製品製造業,臺北市,變更,11504
60759636,沐光資訊有限公司,臺北市信義區松山路421號11樓之4,曾茵綺,200000,,115/04/08,公司所在地,ZZ99999 除許可業務外，得經營法令非禁止或限制之業務；I103060 管理顧問業；I199990 其他顧問服務業；I301010 資訊軟體服務業；I301020 資料處理服務業；I301030 電子資訊供應服務業；I401010 一般廣告服務業；I501010 產品設計業；J302010 通訊稿業；J503010 廣播節目製作業,臺北市,變更,11504
60760155,圓蘊有限公司,臺北市中山區松江路50號9樓,呂宥瑩,250000,,115/04/23,公司所在地,JZ99080 美容美髮服務業；F208040 化粧品零售業；F106020 日常用品批發業；F206020 日常用品零售業；F199990 其他批發業；F299990 其他零售業；F399040 無店面零售業；J202010 產業育成業；F401010 國際貿易業；I199990 其他顧問服務業,臺北市,變更,11504
60760486,惠翔蘋貿易有限公司,臺北市信義區信義路4段458號6樓,楊雯惠,1250000,,115/04/08,股東出資轉讓修正章程,F113020 電器批發業；F107990 其他化學製品批發業；F119010 電子材料批發業；F111090 建材批發業；F108040 化粧品批發業；F102050 茶葉批發業；F102170 食品什貨批發業；F106020 日常用品批發業；F213010 電器零售業；F204110 布疋、衣著、鞋、帽、傘、服飾品零售業,臺北市,變更,11504
60763982,大派控股股份有限公司,臺北市中山區朱園里長安東路二段63號3樓,劉怡昌,1448000000,,115/04/13,增資(資本總額),H201010 一般投資業；ZZ99999 除許可業務外，得經營法令非禁止或限制之業務,臺北市,變更,11504
60764173,彩虹堂國際股份有限公司,臺北市大安區忠孝東路4段183號13樓之2,林賢德,3400000,,115/04/22,特殊補正,F111090 建材批發業；F211010 建材零售業；F106020 日常用品批發業；F206020 日常用品零售業；F113050 電腦及事務性機器設備批發業；F213030 電腦及事務性機器設備零售業；F114010 汽車批發業；F214010 汽車零售業；F106010 五金批發業；F206010 五金零售業,臺北市,變更,11504
60764292,心巢壹號投資股份有限公司,臺北市中山區林森北路557巷1號,鍾元豪,41200000,,115/04/15,特殊補正,I103060 管理顧問業；I102010 一般投資顧問業；ZZ99999 除許可業務外，得經營法令非禁止或限制之業務；H201010 一般投資業,臺北市,變更,11504
60764390,敦翊股份有限公司,臺北市大安區忠孝東路4段231號10樓之2,杜碩捷,3800000,,115/04/28,特殊補正,F401010 國際貿易業；F105050 家具、寢具、廚房器具、裝設品批發業；IH01010 產業控股公司業；I103060 管理顧問業；I102010 一般投資顧問業；H703090 不動產買賣業；H703100 不動產租賃業；JE01010 租賃業；IZ12010 人力派遣業；E801010 室內裝潢業,臺北市,變更,11504
60764574,樂蜜娛樂有限公司,臺北市內湖區內湖路1段115號3樓,,200000,,115/04/29,特殊補正,F109070 文教、樂器、育樂用品批發業；F113050 電腦及事務性機器設備批發業；F118010 資訊軟體批發業；F399040 無店面零售業；I199990 其他顧問服務業；F601010 智慧財產權業；I301010 資訊軟體服務業；I301020 資料處理服務業；I301030 電子資訊供應服務業；I501010 產品設計業,臺北市,變更,11504
60767967,鞍全盟無人系統股份有限公司,臺北市大安區信義路2段88號4樓,高志明,225000000,,115/04/15,改選董事/監察人(一人法人股東指派董事/監察人),CB01010 機械設備製造業；CB01020 事務機器製造業；CB01990 其他機械製造業；CC01030 電器及視聽電子產品製造業；CC01070 無線通信機械器材製造業；CC01080 電子零組件製造業；CC01090 電池製造業；CC01110 電腦及其週邊設備製造業；CC01120 資料儲存媒體製造及複製業；CC01990 其他電機及電子機械器材製造業,臺北市,變更,11504
60768001,愛達特力股份有限公司,臺北市信義區光復南路429號5樓之1,李忠成,3100000,,115/04/01,發行新股,E605010 電腦設備安裝業；F118010 資訊軟體批發業；F119010 電子材料批發業；F218010 資訊軟體零售業；F219010 電子材料零售業；F399040 無店面零售業；F401010 國際貿易業；H201010 一般投資業；I103060 管理顧問業；I199990 其他顧問服務業,臺北市,變更,11504
60768038,禾豐創新生技股份有限公司,臺北市內湖區成功路4段324巷4弄14號,江登豐,5719600,,115/04/08,特殊補正,F107030 清潔用品批發業；F108040 化粧品批發業；F207030 清潔用品零售業；F208040 化粧品零售業；F102170 食品什貨批發業；F203010 食品什貨、飲料零售業；I101090 食品顧問業；I501010 產品設計業；C802090 清潔用品製造業；C802100 化粧品製造業,臺北市,變更,11504
60768184,燒肉時光股份有限公司,臺北市中山區錦州街385號1樓,簡永昌,4500000,,115/04/30,特殊補正,F501060 餐館業；F203010 食品什貨、飲料零售業；F399040 無店面零售業；H701010 住宅及大樓開發租售業；H701020 工業廠房開發租售業；H701050 投資興建公共建設業；H703100 不動產租賃業；H702010 建築經理業；ZZ99999 除許可業務外，得經營法令非禁止或限制之業務,臺北市,變更,11504
60768277,全域醫學科技股份有限公司,臺北市信義區基隆路2段133號4樓,戴志成,1000000,,115/04/22,特殊補正,CE01010 一般儀器製造業；CE01030 光學儀器製造業；F113030 精密儀器批發業；F118010 資訊軟體批發業；F213040 精密儀器零售業；F218010 資訊軟體零售業；F399040 無店面零售業；F401010 國際貿易業；F601010 智慧財產權業；I301010 資訊軟體服務業,臺北市,變更,11504
60768585,餘韻有限公司,臺北市松山區光復南路32巷13號,沈聿秐,1000000,,115/04/20,減少所營事業變更修正章程,F209060 文教、樂器、育樂用品零售業；F501030 飲料店業；J802010 運動訓練業；JE01010 租賃業；ZZ99999 除許可業務外，得經營法令非禁止或限制之業務,臺北市,變更,11504
60768678,信天翁生物製造股份有限公司,臺北市內湖區內湖路1段250號6樓,杜長宏,41000000,,115/04/24,特殊補正,IG01010 生物技術服務業；IC01010 藥品檢驗業；CB01010 機械設備製造業；CC01080 電子零組件製造業；CC01990 其他電機及電子機械器材製造業；CE01010 一般儀器製造業；CE01030 光學儀器製造業；F213040 精密儀器零售業；C801030 精密化學材料製造業；F107200 化學原料批發業,臺北市,變更,11504
60768699,同人大有有限公司,臺北市松山區復興北路367號8樓,紀慧儀,100000,,115/04/29,補繳規費,H201010 一般投資業；H202010 創業投資業；I102010 一般投資顧問業；I103060 管理顧問業；I199990 其他顧問服務業；I301010 資訊軟體服務業；I301020 資料處理服務業；I301030 電子資訊供應服務業；JB01010 會議及展覽服務業；ZZ99999 除許可業務外，得經營法令非禁止或限制之業務,臺北市,變更,11504
60769509,宸羽企業有限公司,臺北市中山區八德路2段232號11樓,盧怡廷,1000000,,115/04/14,特殊補正,F203010 食品什貨、飲料零售業；F204110 布疋、衣著、鞋、帽、傘、服飾品零售業；F205040 家具、寢具、廚房器具、裝設品零售業；F206020 日常用品零售業；F208040 化粧品零售業；F209060 文教、樂器、育樂用品零售業；F210010 鐘錶零售業；F210020 眼鏡零售業；F399040 無店面零售業；F399990 其他綜合零售業,臺北市,變更,11504
60775191,虹彩科技股份有限公司,臺北市中山區林森北路554號8樓,蔡朝正,4000000,,115/04/02,增資(資本總額),CC01080 電子零組件製造業；F401010 國際貿易業；ZZ99999 除許可業務外，得經營法令非禁止或限制之業務,臺北市,變更,11504
60775256,員知富消費國際股份有限公司,臺北市中正區忠孝西路1段50號25樓之7,葉雲迦,5000000,,115/04/27,特殊補正,F101050 水產品批發業；F101990 其他農、畜、水產品批發業；F102030 菸酒批發業；F102040 飲料批發業；F102050 茶葉批發業；F102170 食品什貨批發業；F104110 布疋、衣著、鞋、帽、傘、服飾品批發業；F105050 家具、寢具、廚房器具、裝設品批發業；F106010 五金批發業；F106020 日常用品批發業,臺北市,變更,11504
60775333,麟傑數位科技有限公司,臺北市大安區大安路1段191號6樓之1,李昆鴻,1000000,,115/04/16,特殊補正,F106020 日常用品批發業；F206020 日常用品零售業；F109070 文教、樂器、育樂用品批發業；F209060 文教、樂器、育樂用品零售業；I401010 一般廣告服務業；J601010 藝文服務業；I301010 資訊軟體服務業；I301020 資料處理服務業；J604010 聲音錄製及音樂發行業；I199990 其他顧問服務業,臺北市,變更,11504
60776023,捷敏行銷股份有限公司,臺北市大安區復興南路1段237號11樓,李尹瑋,1000000,,115/04/24,特殊補正,F101990 其他農、畜、水產品批發業；F102030 菸酒批發業；F102040 飲料批發業；F102170 食品什貨批發業；F104110 布疋、衣著、鞋、帽、傘、服飾品批發業；F105050 家具、寢具、廚房器具、裝設品批發業；F106010 五金批發業；F106020 日常用品批發業；F106050 陶瓷玻璃器皿批發業；F107030 清潔用品批發業,臺北市,變更,11504
60776071,明匯資本股份有限公司,臺北市大安區敦化南路2段216號20樓之1,周永銘,145800000,,115/04/15,發行新股,HZ02010 金融機構金錢債權收買業務；HZ02020 辦理金融機構金錢債權之評價或拍賣業務；I102010 一般投資顧問業；I103060 管理顧問業；F401010 國際貿易業；ZZ99999 除許可業務外，得經營法令非禁止或限制之業務,臺北市,變更,11504
60776826,天華星耀娛樂有限公司,臺北市信義區基隆路1段155號7樓,許朝欽,200000,,115/04/28,公司外文名稱登記修正章程,J305010 有聲出版業；J304010 圖書出版業；J303010 雜誌（期刊）出版業；J404010 動畫影片製作業；J601010 藝文服務業；J602010 演藝活動業；F601010 智慧財產權業；F401010 國際貿易業；J401010 電影片製作業；J402010 電影片發行業,臺北市,變更,11504
60776895,品昕數位股份有限公司,臺北市中山區民權東路3段70之2號2樓,林大爲,1000000,,115/04/22,發行新股,I301010 資訊軟體服務業；I301020 資料處理服務業；I301030 電子資訊供應服務業；I199990 其他顧問服務業；I103060 管理顧問業；I401010 一般廣告服務業；IZ99990 其他工商服務業；F119010 電子材料批發業；F219010 電子材料零售業；F218010 資訊軟體零售業,臺北市,變更,11504
60783636,瀚憶科技股份有限公司,臺北市內湖區洲子街79之1號2樓,林昆民,1000000,,115/04/23,改派董事/監察人,F601010 智慧財產權業；CC01080 電子零組件製造業；F401010 國際貿易業；I301010 資訊軟體服務業；I501010 產品設計業；F113070 電信器材批發業；ZZ99999 除許可業務外，得經營法令非禁止或限制之業務,臺北市,變更,11504
60783713,魔瓦科技有限公司,臺北市中正區羅斯福路2段14號2樓,,500000,,115/04/30,解散,F113020 電器批發業；F213010 電器零售業；F399040 無店面零售業；F399990 其他綜合零售業；F401010 國際貿易業；ZZ99999 除許可業務外，得經營法令非禁止或限制之業務,臺北市,變更,11504
60783777,宓淨美學有限公司,臺北市大安區忠孝東路4段183號6樓之4,周曉彬,300000,,115/04/01,補繳規費,F104110 布疋、衣著、鞋、帽、傘、服飾品批發業；F108040 化粧品批發業；F204110 布疋、衣著、鞋、帽、傘、服飾品零售業；F208040 化粧品零售業；JE01010 租賃業；JZ99080 美容美髮服務業；JZ99990 未分類其他服務業；J202010 產業育成業；I103060 管理顧問業；ZZ99999 除許可業務外，得經營法令非禁止或限制之業務,臺北市,變更,11504
60784142,和沂建設股份有限公司,臺北市中山區建國北路1段90號12樓之3,黃豪強,20000000,,115/04/16,補繳規費,H701010 住宅及大樓開發租售業；H701080 都市更新重建業；H703100 不動產租賃業；H703090 不動產買賣業；ZZ99999 除許可業務外，得經營法令非禁止或限制之業務,臺北市,變更,11504
60784163,澄安工程有限公司,臺北市中山區復興北路48號7樓,邱信義,500000,,115/04/02,股東出資轉讓修正章程,F106040 水器材料批發業；F206040 水器材料零售業；F113020 電器批發業；F213010 電器零售業；F105050 家具、寢具、廚房器具、裝設品批發業；F205040 家具、寢具、廚房器具、裝設品零售業；F111090 建材批發業；F211010 建材零售業；E603090 照明設備安裝工程業；E601020 電器安裝業,臺北市,變更,11504
60784656,綠策有限公司,臺北市信義區基隆路1段206號18樓,林瑜,100000,,115/04/22,改推董事/董事長,I103060 管理顧問業；I105010 藝術品諮詢顧問業；I301060 網路廣告平臺業；I401010 一般廣告服務業；I401020 廣告傳單分送業；I501010 產品設計業；IZ12010 人力派遣業；IZ15010 市場研究及民意調查業；J202010 產業育成業；J601010 藝文服務業,臺北市,變更,11504
60784924,藍迪投資有限公司,臺北市大安區信義路2段152號,陳廷維,1000000,,115/04/10,特殊補正,F399040 無店面零售業；F401010 國際貿易業；F601010 智慧財產權業；H201010 一般投資業；I103060 管理顧問業；I401010 一般廣告服務業；I501010 產品設計業；IZ12010 人力派遣業；J202010 產業育成業；JZ99050 仲介服務業,臺北市,變更,11504
60787915,台灣競技鋼管運動有限公司,臺北市中正區師大路208號1樓,林立臻,1000000,,115/04/14,公司所在地,J601010 藝文服務業；J802010 運動訓練業；J803010 運動表演業；C307010 服飾品製造業；CH01010 體育用品製造業；F204110 布疋、衣著、鞋、帽、傘、服飾品零售業；F399040 無店面零售業；F109070 文教、樂器、育樂用品批發業；I401010 一般廣告服務業；J803020 運動比賽業,臺北市,變更,11504
60788180,元謀投資股份有限公司,臺北市中山區民權東路2段135巷29弄1號1樓,陳見河,34697600,,115/04/14,補繳規費,H201010 一般投資業,臺北市,變更,11504
60788359,匯唱娛樂有限公司,臺北市松山區南京東路4段21號8樓之1,簡國婷,500000,,115/04/30,特殊補正,JZ99090 喜慶綜合服務業；JZ99050 仲介服務業；JE01010 租賃業；JB01010 會議及展覽服務業；JA02010 電器及電子產品修理業；J803010 運動表演業；J803020 運動比賽業；J799990 其他休閒服務業；J701090 錄影節目帶播映業；J701080 水域遊憩活動經營業,臺北市,變更,11504
60788533,千益智慧有限公司,臺北市信義區基隆路1段420號8樓之3,陳世昕,1000000,,115/04/17,特殊補正,F213030 電腦及事務性機器設備零售業；F218010 資訊軟體零售業；F401010 國際貿易業；F601010 智慧財產權業；I103060 管理顧問業；I301010 資訊軟體服務業；I301020 資料處理服務業；I301030 電子資訊供應服務業；I599990 其他設計業；J399010 軟體出版業,臺北市,變更,11504
60788702,吉翔光電股份有限公司,臺北市中山區南京東路2段172號6樓,林在宥,100000,,115/04/27,公司外文名稱登記修正章程,CC01060 有線通信機械器材製造業；CC01080 電子零組件製造業；CC01110 電腦及其週邊設備製造業；CC01990 其他電機及電子機械器材製造業；CC01090 電池製造業；I501010 產品設計業；F401010 國際貿易業；F113030 精密儀器批發業；F119010 電子材料批發業；ZZ99999 除許可業務外，得經營法令非禁止或限制之業務,臺北市,變更,11504
60788962,升藍有限公司,臺北市大安區忠孝東路4段333號12樓,傅哲暐,500000,,115/04/30,特殊補正,E603040 消防安全設備安裝工程業；E801010 室內裝潢業；F111090 建材批發業；F117010 消防安全設備批發業；F217010 消防安全設備零售業；F399040 無店面零售業；F399990 其他綜合零售業；H703090 不動產買賣業；H703100 不動產租賃業；I102010 一般投資顧問業,臺北市,變更,11504
60789131,正怡健康生技股份有限公司,臺北市士林區大西路67號,陳昭穎,20000000,,115/04/17,董事/監察人持股變動報備,F108031 醫療器材批發業；F108040 化粧品批發業；F113010 機械批發業；F113050 電腦及事務性機器設備批發業；F203010 食品什貨、飲料零售業；F208031 醫療器材零售業；F208040 化粧品零售業；F208050 乙類成藥零售業；F213080 機械器具零售業；JE01010 租賃業,臺北市,變更,11504
60789168,犇向國際餐飲股份有限公司,臺北市信義區基隆路2段39巷14號1樓,顧奇明,13400000,,115/04/17,發行新股,F101040 家畜家禽批發業；F101050 水產品批發業；F101990 其他農、畜、水產品批發業；F102040 飲料批發業；F102170 食品什貨批發業；F201010 農產品零售業；F201020 畜產品零售業；F201030 水產品零售業；F201990 其他農畜水產品零售業；F203010 食品什貨、飲料零售業,臺北市,變更,11504
60789195,洸鉑股份有限公司,臺北市信義區基隆路1段101巷28號5樓,蔡妤涵,53293790,,115/04/21,補繳規費,H201010 一般投資業；ZZ99999 除許可業務外，得經營法令非禁止或限制之業務,臺北市,變更,11504
60791925,點子未滿創意股份有限公司,臺北市大安區敦化南路1段161巷26號,江柏瑩,4000000,,115/04/22,特殊補正,F102040 飲料批發業；F102050 茶葉批發業；F102170 食品什貨批發業；F203010 食品什貨、飲料零售業；F399040 無店面零售業；F401010 國際貿易業；F501030 飲料店業；F501060 餐館業；I103060 管理顧問業；I199990 其他顧問服務業,臺北市,變更,11504
60792092,三子設計制作有限公司,臺北市信義區福德街268巷43號1樓,霍竹峰,50000,,115/04/20,補繳規費,E801010 室內裝潢業；I501010 產品設計業；I503010 景觀、室內設計業；I599990 其他設計業；I199990 其他顧問服務業；F111090 建材批發業；F206010 五金零售業；F205040 家具、寢具、廚房器具、裝設品零售業；F211010 建材零售業,臺北市,變更,11504
60792311,輕妍藍圖股份有限公司,臺北市大同區延平北路2段260號3樓之4,陳志煌,1010000,,115/04/07,公司所在地,F206020 日常用品零售業；F207200 化學原料零售業；F207990 其他化學製品零售業；F208040 化粧品零售業；F215010 首飾及貴金屬零售業；F106020 日常用品批發業；F107200 化學原料批發業；F108040 化粧品批發業；F115010 首飾及貴金屬批發業；C802100 化粧品製造業,臺北市,變更,11504
60792500,亞證環球藥業有限公司,臺北市大安區信義路4段341號8樓之2,洪堯國,36000000,,115/04/22,補繳規費,IC01010 藥品檢驗業；F601010 智慧財產權業；IG01010 生物技術服務業；I301010 資訊軟體服務業；F108021 西藥批發業；F208021 西藥零售業；ZZ99999 除許可業務外，得經營法令非禁止或限制之業務,臺北市,變更,11504
60792570,萊恩特國際貿易有限公司,臺北市大安區大安路1段224巷11號,謝皓安,5000000,,115/04/29,特殊補正,F102170 食品什貨批發業；F108040 化粧品批發業；F106010 五金批發業；F113020 電器批發業；F102050 茶葉批發業；F104110 布疋、衣著、鞋、帽、傘、服飾品批發業；F105050 家具、寢具、廚房器具、裝設品批發業；F107030 清潔用品批發業；F203010 食品什貨、飲料零售業；F208040 化粧品零售業,臺北市,變更,11504
60792641,硬概念有限公司,臺北市大安區復興南路2段17號2樓,奚凱威,1500000,,115/04/07,改推董事/董事長,J601010 藝文服務業；F209060 文教、樂器、育樂用品零售業；F401010 國際貿易業；F399040 無店面零售業；F399990 其他綜合零售業；ZZ99999 除許可業務外，得經營法令非禁止或限制之業務,臺北市,變更,11504
60792781,普達智能股份有限公司,臺北市大安區敦化南路2段92號4樓,章成綱,50000000,,115/04/29,特殊補正,CB01010 機械設備製造業；CC01100 電信管制射頻器材製造業；CD01060 航空器及其零件製造業；CE01010 一般儀器製造業；C306010 成衣業；C307010 服飾品製造業；E603050 自動控制設備工程業；E604010 機械安裝業；F104110 布疋、衣著、鞋、帽、傘、服飾品批發業；F113030 精密儀器批發業,臺北市,變更,11504
60793114,卡多萌有限公司,臺北市中山區民權東路3段70之2號2樓,葉又銘,100000,,115/04/22,特殊補正,F399040 無店面零售業；JZ99990 未分類其他服務業；F109070 文教、樂器、育樂用品批發業；F209060 文教、樂器、育樂用品零售業；F104110 布疋、衣著、鞋、帽、傘、服飾品批發業；F204110 布疋、衣著、鞋、帽、傘、服飾品零售業；F401010 國際貿易業；I401010 一般廣告服務業；J303010 雜誌（期刊）出版業；J399010 軟體出版業,臺北市,變更,11504
60793557,絲萬萬整合行銷股份有限公司,臺北市信義區祥雲街13之1號地下,黃晴,4000010,,115/04/20,特殊補正,F206020 日常用品零售業；F218010 資訊軟體零售業；F399040 無店面零售業；I103060 管理顧問業；I301030 電子資訊供應服務業；I401010 一般廣告服務業；I401020 廣告傳單分送業；I501010 產品設計業；I599990 其他設計業；JZ99030 攝影業,臺北市,變更,11504
60793613,玉竹有限公司,臺北市中正區館前路20號5樓,謝春福,200000,,115/04/20,改推董事/董事長,C306010 成衣業；C601010 紙漿製造業；C601020 紙製造業；C601030 紙容器製造業；C601040 加工紙製造業；C601990 其他紙製品製造業；CA01090 鋁鑄造業；CA01120 銅鑄造業；CB01010 機械設備製造業；E599010 配管工程業,臺北市,變更,11504
60796745,巨盟醫研股份有限公司,臺北市內湖區行善路353號6樓,卓煜騰,6000000,,115/04/23,特殊補正,F102030 菸酒批發業；F102040 飲料批發業；F102170 食品什貨批發業；F104110 布疋、衣著、鞋、帽、傘、服飾品批發業；F106020 日常用品批發業；F107030 清潔用品批發業；F108040 化粧品批發業；F203010 食品什貨、飲料零售業；F203020 菸酒零售業；F204110 布疋、衣著、鞋、帽、傘、服飾品零售業,臺北市,變更,11504
61751833,遠碩營造股份有限公司,臺北市松山區八德路3段36號14樓,林恒進,360000000,,115/04/13,特殊補正,E101011 綜合營造業；I504010 花藝設計業；I503010 景觀、室內設計業；EZ06010 交通標示工程業；EZ07010 鑽孔工程業；F113010 機械批發業；F213080 機械器具零售業；F111090 建材批發業；F211010 建材零售業；F601010 智慧財產權業,臺北市,變更,11504
62187923,鼎豐參號投資股份有限公司,臺北市中正區忠孝東路1段76號10樓之1,方翰瑋,100000,,115/04/28,修正章程,H201010 一般投資業；H701010 住宅及大樓開發租售業；H703090 不動產買賣業；H703100 不動產租賃業；HZ99990 其他金融、保險及不動產業；ZZ99999 除許可業務外，得經營法令非禁止或限制之業務,臺北市,變更,11504
62188021,典華餐飲股份有限公司,臺北市內湖區民權東路6段280巷36號,林廣恒,28000000,,115/04/15,公司名稱變更修正章程,F102170 食品什貨批發業；F203010 食品什貨、飲料零售業；F203020 菸酒零售業；F399990 其他綜合零售業；F401010 國際貿易業；F501050 飲酒店業；F501060 餐館業；H703100 不動產租賃業；I103060 管理顧問業；I199990 其他顧問服務業,臺北市,變更,11504
62188269,晨興設計文創有限公司,臺北市松山區南京東路4段17號8樓之5,何盈瑩,500000,,115/04/02,改推董事/董事長,I503010 景觀設計業；F111090 建材批發業；J304010 圖書出版業；J399990 其他出版業；IZ04010 翻譯業；F401010 國際貿易業；H703090 不動產買賣業；H703100 不動產租賃業；F399040 無店面零售業；E801010 室內裝潢業,臺北市,變更,11504
62188541,六十家有限公司,臺北市大安區師大路91號1樓,蘇冠杰,2050000,,115/04/29,股東出資轉讓修正章程,F501030 飲料店業；F203010 食品什貨、飲料零售業；F203020 菸酒零售業；F102050 茶葉批發業；F102170 食品什貨批發業；F106050 陶瓷玻璃器皿批發業；F106020 日常用品批發業；F206020 日常用品零售業；F399040 無店面零售業；F102040 飲料批發業,臺北市,變更,11504
62188704,日光洗事國際股份有限公司,臺北市中正區許昌街42號8樓,游之玄,460000,,115/04/30,特殊補正,E601010 電器承裝業；E604010 機械安裝業；E801010 室內裝潢業；F106020 日常用品批發業；F107030 清潔用品批發業；F113050 電腦及事務性機器設備批發業；F113070 電信器材批發業；F113990 其他機械器具批發業；F199990 其他批發業；F299990 其他零售業,臺北市,變更,11504
62188922,海納通國際有限公司,臺北市文山區和平東路4段66巷33號2樓,林靜娟,500000,,115/04/22,股東出資轉讓修正章程,F113050 電腦及事務性機器設備批發業；F119010 電子材料批發業；F219010 電子材料零售業；F401010 國際貿易業；ZZ99999 除許可業務外，得經營法令非禁止或限制之業務,臺北市,變更,11504
62193988,寶鈺國際開發股份有限公司,臺北市內湖區瑞光路26巷36弄8號3樓,張瀛珠,600000000,,115/04/13,申請變更統一編號,H701010 住宅及大樓開發租售業；H701020 工業廠房開發租售業；H701040 特定專業區開發業；H701060 新市鎮、新社區開發業；H701080 都市更新重建業；H701090 都市更新整建維護業；H703090 不動產買賣業；H703100 不動產租賃業；F211010 建材零售業；F301010 百貨公司業,臺北市,變更,11504
62214338,叡銘資本有限公司,臺北市中山區中山北路2段33號9樓,楊三和,12418960,,115/04/21,特殊補正,H201010 一般投資業,臺北市,變更,11504
62214604,聚能智慧資訊顧問股份有限公司,臺北市信義區基隆路2段77號5樓,蔡政謀,5000000,,115/04/29,發行新股,I103060 管理顧問業；I199990 其他顧問服務業；I301010 資訊軟體服務業；I301030 電子資訊供應服務業；F601010 智慧財產權業；F113030 精密儀器批發業；F213040 精密儀器零售業；F113050 電腦及事務性機器設備批發業；F213030 電腦及事務性機器設備零售業；F113070 電信器材批發業,臺北市,變更,11504
62214718,鐵萃管理顧問有限公司,臺北市松山區南京東路5段188號6樓之5,陳詮之,500000,,115/04/15,特殊補正,H201010 一般投資業；I103060 管理顧問業；ZZ99999 除許可業務外，得經營法令非禁止或限制之業務,臺北市,變更,11504
62215293,台灣鼎芯聯電子貿易有限公司,臺北市中山區南京東路3段215號8樓,蕭翁根,5000000,,115/04/09,公司外文名稱登記修正章程,F119010 電子材料批發業；F219010 電子材料零售業；F401010 國際貿易業；ZZ99999 除許可業務外，得經營法令非禁止或限制之業務,臺北市,變更,11504
62215462,原材國際有限公司,臺北市中山區松江路386號2樓,杜先新,500000,,115/04/30,公司外文名稱登記修正章程,A101040 食用菌菇類栽培業；A102080 園藝服務業；C501010 製材業；C501030 合板製造業；C501060 木質容器製造業；C501070 竹、藤製品製造業；C501990 其他木製品製造業；CO01010 餐具製造業；CP01010 手工具製造業；CQ01010 模具製造業,臺北市,變更,11504
62222153,邦喆管顧股份有限公司,臺北市大同區延平北路1段102號10樓,廖煥庭,500000,,115/04/01,申請變更統一編號,F105050 家具、寢具、廚房器具、裝設品批發業；F106010 五金批發業；F106020 日常用品批發業；F113010 機械批發業；F113020 電器批發業；F113050 電腦及事務性機器設備批發業；F113070 電信器材批發業；F113990 其他機械器具批發業；F118010 資訊軟體批發業；F119010 電子材料批發業,臺北市,變更,11504
62255007,喬富搬家貨運有限公司,臺北市大安區安居街124巷12號1樓,黃韋翔,10000000,,115/04/13,申請變更統一編號,G101061 汽車貨運業；G801010 倉儲業；IZ06010 理貨包裝業；G702010 船舶勞務承攬業；G409050 工業專用港或工業專用碼頭船舶貨物裝卸承攬業；EZ02010 起重工程業；IZ12010 人力派遣業；JZ99050 仲介服務業；JE01010 租賃業；IZ99990 其他工商服務業,臺北市,變更,11504
64469206,噢呀創意有限公司,臺北市士林區後港街145號(2樓),葉宜婷,605000,,115/04/15,公司所在地,F105050 家具、寢具、廚房器具、裝設品批發業；F106050 陶瓷玻璃器皿批發業；F109070 文教、樂器、育樂用品批發業；F399040 無店面零售業；F401010 國際貿易業；I105010 藝術品諮詢顧問業；I401010 一般廣告服務業；I501010 產品設計業；J303010 雜誌（期刊）出版業；J399010 軟體出版業,臺北市,變更,11504
64945665,新豪纖維工業股份有限公司,臺北市松山區敦化北路167號17樓,林茂吉,65000000,,115/04/13,改選董事/監察人(一人法人股東指派董事/監察人),C805050 工業用塑膠製品製造業；C805070 強化塑膠製品製造業；C805990 其他塑膠製品製造業；C302010 織布業；C399990 其他紡織及製品製造業；C805020 塑膠膜、袋製造業；F401010 國際貿易業；IG03010 能源技術服務業；CM01010 箱、包、袋製造業；ZZ99999 除許可業務外，得經營法令非禁止或限制之業務,臺北市,變更,11504
65286464,大富投資有限公司,臺北市中山區松江路188巷2號1樓,游象建,4000000,,115/04/17,修正章程,H201010 一般投資業；E801010 室內裝潢業；F106010 五金批發業；F111090 建材批發業；F206010 五金零售業；F211010 建材零售業；F401010 國際貿易業；H202010 創業投資業；H701010 住宅及大樓開發租售業；H701020 工業廠房開發租售業,臺北市,變更,11504
65554600,三勝綠能股份有限公司,臺北市士林區承德路4段83號1樓,李侃倫,6000000,,115/04/01,分公司設立,E605010 電腦設備安裝業；E606010 用電設備檢驗維護業；E701020 衛星電視ＫＵ頻道、Ｃ頻道器材安裝業；E701030 電信管制射頻器材裝設工程業；E701040 簡易電信設備安裝業；F113020 電器批發業；F113030 精密儀器批發業；F113050 電腦及事務性機器設備批發業；F113110 電池批發業；F114020 機車批發業,臺北市,變更,11504
65591400,厚聚能源科技股份有限公司,臺北市中山區松江路126號3樓之2,Verajet Vongkusolkit,1955000000,,115/04/15,改派董事/監察人,D101060 再生能源自用發電設備業；D401010 熱能供應業；F113010 機械批發業；F113990 其他機械器具批發業；F119010 電子材料批發業；IG03010 能源技術服務業；ZZ99999 除許可業務外，得經營法令非禁止或限制之業務,臺北市,變更,11504
65667409,華娃娃文創有限公司,臺北市松山區南京東路4段11號4樓,江慶鐘,8000000,,115/04/27,特殊補正,H202010 創業投資業；H201010 一般投資業；F105050 家具、寢具、廚房器具、裝設品批發業；F104110 布疋、衣著、鞋、帽、傘、服飾品批發業；F106020 日常用品批發業；F209060 文教、樂器、育樂用品零售業；F299990 其他零售業；F399990 其他綜合零售業；ZZ99999 除許可業務外，得經營法令非禁止或限制之業務,臺北市,變更,11504
66287589,亞莎國際貿易有限公司,臺北市中山區松江路42號6樓之5,滕利珍,1000000,,115/04/23,特殊補正,F102170 食品什貨批發業；F104110 布疋、衣著、鞋、帽、傘、服飾品批發業；F106020 日常用品批發業；F107030 清潔用品批發業；F107200 化學原料批發業；F107990 其他化學製品批發業；F108040 化粧品批發業；F203010 食品什貨、飲料零售業；F203020 菸酒零售業；F203030 酒精零售業,臺北市,變更,11504
66562038,華鑑營造股份有限公司,臺北市內湖區成功路5段460號16樓,黃信德,660825880,,115/04/14,增資(資本總額),E101011 綜合營造業；H701010 住宅及大樓開發租售業；F111090 建材批發業；F211010 建材零售業；F401010 國際貿易業,臺北市,變更,11504
66619980,啟興企業股份有限公司,臺北市南港區興南街64巷26弄6號4樓,簡汝恩,35000000,,115/04/21,特殊補正,J101030 廢棄物清除業；J101040 廢棄物處理業；J101080 資源回收業；JA03010 洗衣業；JE01010 租賃業；F401010 國際貿易業；I503010 景觀設計業；A101050 花卉栽培業；A102050 作物栽培服務業；A102080 園藝服務業,臺北市,變更,11504
66647472,江沅租賃有限公司,臺北市松山區八德路4段36巷28號1樓,林勇介,20000000,,115/04/23,股東出資轉讓修正章程,G101041 小客車租賃業；G202010 停車場經營業；H703090 不動產買賣業；H703100 不動產租賃業；JZ99050 仲介服務業；F114010 汽車批發業；F114030 汽、機車零件配備批發業；F401010 國際貿易業；IZ12010 人力派遣業；ZZ99999 除許可業務外，得經營法令非禁止或限制之業務,臺北市,變更,11504
66806908,品藝室內裝修有限公司,臺北市中正區忠孝東路1段152號7樓,王雅文,5000000,,115/04/30,特殊補正,E801010 室內裝潢業；E801060 室內裝修業；F105050 家具、寢具、廚房器具、裝設品批發業；F106010 五金批發業；F111090 建材批發業；F401010 國際貿易業；H702010 建築經理業；I503010 景觀、室內設計業；I401010 一般廣告服務業；I103060 管理顧問業,臺北市,變更,11504
66837389,英榮投資有限公司,臺北市松山區光復南路65號3樓,曾瑞英,29900000,,115/04/20,增資,H201010 一般投資業,臺北市,變更,11504
66906300,純青國際設計有限公司,臺北市大安區信義路3段164之3號3樓,鄭竣文,1200000,,115/04/07,特殊補正,I401010 一般廣告服務業；I501010 產品設計業；I503010 景觀設計業；F104110 布疋、衣著、鞋、帽、傘、服飾品批發業；F105050 家具、寢具、廚房器具、裝設品批發業；F106020 日常用品批發業；F109070 文教、樂器、育樂用品批發業；F204110 布疋、衣著、鞋、帽、傘、服飾品零售業；F205040 家具、寢具、廚房器具、裝設品零售業；F206020 日常用品零售業,臺北市,變更,11504
68077286,孚朗有限公司,臺北市大安區忠孝東路4段183號13樓之2,周怡伶,2000000,,115/04/09,公司所在地,F401010 國際貿易業；H202010 創業投資業；I102010 投資顧問業；I103060 管理顧問業；I199990 其他顧問服務業；I301010 資訊軟體服務業；I301020 資料處理服務業；I501010 產品設計業；I599990 其他設計業；IZ99990 其他工商服務業,臺北市,變更,11504
68773967,旭鼎室內裝修有限公司,臺北市內湖區內湖路1段75號2樓,林中貴,10000000,,115/04/22,特殊補正,E601010 電器承裝業；E601020 電器安裝業；E603010 電纜安裝工程業；E603020 電梯安裝工程業；E603040 消防安全設備安裝工程業；E603050 自動控制設備工程業；E603080 交通號誌安裝工程業；E603090 照明設備安裝工程業；E604010 機械安裝業；E605010 電腦設備安裝業,臺北市,變更,11504
68992674,群悅投資有限公司,臺北市中山區建國北路2段66號10樓之1,王裕中,15000000,,115/04/16,公司所在地,H201010 一般投資業；ZZ99999 除許可業務外，得經營法令非禁止或限制之業務,臺北市,變更,11504
69253520,日益股份有限公司,臺北市大安區和平東路1段214號5樓之1,林儀芳,5000000,,115/04/09,特殊補正,F107010 漆料、塗料批發業；F107020 染料、顏料批發業；F107170 工業助劑批發業；F107190 塑膠膜、袋批發業；F107200 化學原料批發業；F107990 其他化學製品批發業；F112040 石油製品批發業；F207010 漆料、塗料零售業；F207020 染料、顏料零售業；F207170 工業助劑零售業,臺北市,變更,11504
69315574,旭邦整合行銷股份有限公司,臺北市中正區館前路42號10樓,陳世志,50000000,,115/04/09,改派董事/監察人,D101050 汽電共生業；D101060 再生能源自用發電設備業；D401010 熱能供應業；CC01010 發電、輸電、配電機械製造業；CC01990 其他電機及電子機械器材製造業；E606010 用電設備檢驗維護業；E607010 太陽熱能設備安裝工程業；I103060 管理顧問業；I199990 其他顧問服務業；IG02010 研究發展服務業,臺北市,變更,11504
69316264,威俐國際股份有限公司,臺北市大安區和平東路1段6號11樓,JOEL LEONG KUM HOE,78800000,,115/04/20,特殊補正,H202010 創業投資業；J801030 競技及休閒運動場館業；J802010 運動訓練業；J803010 運動表演業；J803020 運動比賽業；J701020 遊樂園業；J601010 藝文服務業；J602010 演藝活動業；J202010 產業育成業；JB01010 會議及展覽服務業,臺北市,變更,11504
69358475,光聯國際股份有限公司,臺北市松山區八德路3段230號3樓,鄭喬任,15500000,,115/04/28,特殊補正,CC01110 電腦及其週邊設備製造業；CC01120 資料儲存媒體製造及複製業；E605010 電腦設備安裝業；F109070 文教、樂器、育樂用品批發業；F113020 電器批發業；F113030 精密儀器批發業；F113050 電腦及事務性機器設備批發業；F113070 電信器材批發業；F113110 電池批發業；F116010 照相器材批發業,臺北市,變更,11504
69368918,開場文創有限公司,臺北市中山區林森北路631號4樓之2,羅健駿,10000000,,115/04/30,特殊補正,F113030 精密儀器批發業；F113050 電腦及事務性機器設備批發業；F113070 電信器材批發業；F113990 其他機械器具批發業；F116010 照相器材批發業；F118010 資訊軟體批發業；F209060 文教、樂器、育樂用品零售業；F213010 電器零售業；F213030 電腦及事務性機器設備零售業；F213040 精密儀器零售業,臺北市,變更,11504
69396772,悅佳投資有限公司,臺北市中山區建國北路2段66號10樓之1,李梨,5000000,,115/04/21,公司所在地,H201010 一般投資業；ZZ99999 除許可業務外，得經營法令非禁止或限制之業務,臺北市,變更,11504
69425185,經丞營造有限公司,臺北市中正區羅斯福路3段100之93號,廖建進,10200000,,115/04/14,股東出資轉讓修正章程,E101011 綜合營造業；E599010 配管工程業；E901010 油漆工程業；F106010 五金批發業；F111090 建材批發業；F206010 五金零售業；F211010 建材零售業；I503010 景觀、室內設計業；H701010 住宅及大樓開發租售業；H701020 工業廠房開發租售業,臺北市,變更,11504
69445605,京美建設股份有限公司,臺北市中山區建國北路2段66號10樓之1,王裕中,25000000,,115/04/22,特殊補正,H701010 住宅及大樓開發租售業；H701050 投資興建公共建設業；H701060 新市鎮、新社區開發業；H701070 區段徵收及市地重劃代辦業；H702010 建築經理業；H703090 不動產買賣業；H703100 不動產租賃業；H703110 老人住宅業；HZ02010 金融機構金錢債權收買業務；F401010 國際貿易業,臺北市,變更,11504
69514150,麥森創新股份有限公司,臺北市信義區基隆路1段333號22樓,張嘉翔,128880000,,115/04/13,一般補正案,F113050 電腦及事務性機器設備批發業；F119010 電子材料批發業；F401010 國際貿易業；J202010 產業育成業；ZZ99999 除許可業務外，得經營法令非禁止或限制之業務；CD01060 航空器及其零件製造業；F114070 航空器及其零件批發業；I101100 航空顧問業；I301010 資訊軟體服務業；I301020 資料處理服務業,臺北市,變更,11504
69627963,高知股份有限公司,臺北市大安區敦化南路1段205號6樓之5,呂文松,15500000,,115/04/15,改選董事/監察人(一人法人股東指派董事/監察人),F399040 無店面零售業；I199990 其他顧問服務業；I301010 資訊軟體服務業；I301020 資料處理服務業；I301030 電子資訊供應服務業；ZZ99999 除許可業務外，得經營法令非禁止或限制之業務,臺北市,變更,11504
69630221,益享有限公司,臺北市內湖區東湖路16巷10號1樓,張溢淳,200000,,115/04/22,特殊補正,F108031 醫療器材批發業；F208031 醫療器材零售業；J101030 廢棄物清除業；J101040 廢棄物處理業；F115010 首飾及貴金屬批發業；F215010 首飾及貴金屬零售業；F113030 精密儀器批發業；F213040 精密儀器零售業；F199010 回收物料批發業；J101090 廢棄物清理業,臺北市,變更,11504
69653856,樂活養殖科技股份有限公司,臺北市中山區長安東路2段162號7樓,陳佩姗,100000,,115/04/28,特殊補正,A301030 水產養殖業；A302020 漁業服務業；A302010 對外漁業合作業；IG01010 生物技術服務業；F101050 水產品批發業；F201030 水產品零售業；F401010 國際貿易業；A101020 農作物栽培業；A401010 畜牧場經營業；I101070 農、林、漁、畜牧顧問業,臺北市,變更,11504
69669837,東京電能股份有限公司,臺北市內湖區瑞光路605號10樓,林彥良,40000000,,115/04/15,改選董事/監察人(一人法人股東指派董事/監察人),E601010 電器承裝業；E801020 門窗安裝工程業；E801040 玻璃安裝工程業；EZ99990 其他工程業；D101050 汽電共生業；D101060 再生能源自用發電設備業；IG03010 能源技術服務業；F401010 國際貿易業；ZZ99999 除許可業務外，得經營法令非禁止或限制之業務,臺北市,變更,11504
69691654,馻陽科技有限公司,臺北市大同區重慶北路2段74號3樓,林宥任,12000000,,115/04/15,特殊補正,F113010 機械批發業；F113030 精密儀器批發業；F119010 電子材料批發業；F106010 五金批發業；F113100 污染防治設備批發業；F401010 國際貿易業；F213080 機械器具零售業；F213100 污染防治設備零售業；F219010 電子材料零售業；F213990 其他機械器具零售業,臺北市,變更,11504
70352392,天脈永續股份有限公司,臺北市大安區仁愛路4段4號6樓,王經文,10010000,,115/04/01,改選董事/監察人(一人法人股東指派董事/監察人),I101070 農、林、漁、畜牧顧問業；I101080 工、礦顧問業；I101090 食品顧問業；I101110 紡織顧問業；I102010 投資顧問業；I103060 管理顧問業；I199990 其他顧問服務業；IF04010 非破壞檢測業；IG02010 研究發展服務業；IZ09010 管理系統驗證業,臺北市,變更,11504
70354883,東信電子股份有限公司,臺北市中山區建國北路2段82號6樓,林通義,25000000,,115/04/14,申登機關變更（遷入，含卷）,F118010 資訊軟體批發業；F119010 電子材料批發業；F218010 資訊軟體零售業；F219010 電子材料零售業；H701010 住宅及大樓開發租售業；H701020 工業廠房開發租售業；H701040 特定專業區開發業；H701050 投資興建公共建設業；H701060 新市鎮、新社區開發業；H703090 不動產買賣業,臺北市,變更,11504
70355139,點將投資股份有限公司,臺北市大安區信義路3段190號9樓之1,桂明昭,29800000,,115/04/15,特殊補正,H201010 一般投資業,臺北市,變更,11504
70355428,中勤人力資源管理顧問股份有限公司,臺北市松山區東興路12號2樓,江弘交,60000000,,115/04/13,改選董事/監察人(一人法人股東指派董事/監察人),I102010 投資顧問業。；I103010 企業經營管理顧問業。；I301030 電子資訊供應服務業。；I401010 一般廣告服務業。；IZ12010 人力派遣業；G202010 停車場經營業；I103060 管理顧問業；I301010 資訊軟體服務業；I301020 資料處理服務業；I401020 廣告傳單分送業,臺北市,變更,11504
70356812,元富證券投資顧問股份有限公司,臺北市大安區敦化南路2段97號19樓,江浩農,300000000,,115/04/09,法人股東更名、國籍、地址變更,H304011 證券投資顧問業,臺北市,變更,11504
70362407,永傳揚營造工程有限公司,臺北市大安區復興南路2段337巷6弄14號,黃魁寬,22500000,,115/04/29,特殊補正,E101011 營造業,臺北市,變更,11504
70362434,世都股份有限公司,臺北市大安區信義路3段151號6樓,洪祺祥,92100000,,115/04/01,特殊補正,H701010 住宅及大樓開發租售業；H701020 工業廠房開發租售業；H703030 辦公大樓出租業；F401010 國際貿易業,臺北市,變更,11504
70362666,台灣凡賽斯股份有限公司,臺北市中山區中山北路2段44號12樓,安星建(Sung Kun An),192100000,,115/04/27,特殊補正,F104110 布疋、衣著、鞋、帽、傘、服飾品批發業；F204110 布疋、衣著、鞋、帽、傘、服飾品零售業；F110010 鐘錶批發業；F210010 鐘錶零售業；F108040 化粧品批發業；F208040 化粧品零售業；F110020 眼鏡批發業；F210020 眼鏡零售業；F113070 電信器材批發業；F213060 電信器材零售業,臺北市,變更,11504
70365312,台灣英維思股份有限公司,臺北市內湖區舊宗路2段189號5樓,郭念慈(Nien-Tzu Kuo),20000000,,115/04/27,改選董事/監察人(一人法人股東指派董事/監察人),CB01010 機械設備製造業；CC01120 資料儲存媒體製造及複製業；CC01080 電子零組件製造業；CE01010 一般儀器製造業；E603050 自動控制設備工程業；E605010 電腦設備安裝業；EZ05010 儀器、儀表安裝工程業；F113030 精密儀器批發業；F213040 精密儀器零售業；F401010 國際貿易業,臺北市,變更,11504
70368296,柏全投資股份有限公司,臺北市中正區忠孝東路1段49巷23號1樓,蘇錦添,5000000,,115/04/30,董事/監察人持股變動報備,H201010 一般投資業,臺北市,變更,11504
70373657,百登旅行社股份有限公司,臺北市中正區忠孝東路1段76號12樓之2,周龍煌,6000000,,115/04/29,特殊補正,J902011 旅行業。︹甲種營業範圍以交通部觀光局核准之業務範圍為準︺,臺北市,變更,11504
70380088,中苑企業有限公司,臺北市萬華區萬大路322巷12號1樓,余金榮,5000000,,115/04/20,公司印鑑變更,F111080 門窗建材批發業。；F401010 國際貿易業,臺北市,變更,11504
70381684,意德士科技股份有限公司,臺北市中山區民生東路2段170號4樓,闕聖哲,273251900,,115/04/10,特殊補正,F119010 電子材料批發業；F219010 電子材料零售業；F207170 工業助劑零售業；F401010 國際貿易業；F106010 五金批發業；F107200 化學原料批發業；F206010 五金零售業；F207200 化學原料零售業；C801990 其他化學材料製造業；C901010 陶瓷及陶瓷製品製造業,臺北市,變更,11504
70383888,祥宬有限公司,臺北市大安區復興南路1段103號10樓之4,余金寶,23000000,,115/04/29,特殊補正,F401010 國際貿易業；F112020 煤及煤製品批發業；F113010 機械批發業；F113020 電器批發業；F113050 電腦及事務性機器設備批發業；F118010 資訊軟體批發業；F119010 電子材料批發業；I301010 資訊軟體服務業；CB01010 機械設備製造業；CC01080 電子零組件製造業,臺北市,變更,11504
70391753,金典投資股份有限公司,臺北市北投區振興街31號1樓,張炎輝,10000000,,115/04/01,改選董事/監察人(一人法人股東指派董事/監察人),H201010 一般投資業,臺北市,變更,11504
70439601,浩禹實業有限公司,臺北市松山區寶清街29號8樓,石芳旬,3000000,,115/04/16,改推董事/董事長,F101100 花卉批發業；F102030 菸酒批發業；F102040 飲料批發業；F102050 茶葉批發業；F102170 食品什貨批發業；F106020 日常用品批發業；F107030 清潔用品批發業；F108040 化粧品批發業；F113020 電器批發業；F113050 電腦及事務性機器設備批發業,臺北市,變更,11504
70445934,韋新國際有限公司,臺北市中山區民族東路536號1樓,朱旭明,50000000,,115/04/09,特殊補正,A101011 種苗業；A102080 園藝服務業；F101081 種苗批發業；F106040 水器材料批發業；F106050 陶瓷玻璃器皿批發業；F201061 種苗零售業；F206040 水器材料零售業；F399040 無店面零售業；F401071 種苗輸出入業；I503010 景觀、室內設計業,臺北市,變更,11504
70447623,羽辰視聽器材有限公司,臺北市中正區中華路1段45號2樓,林士鈞,18284555,,115/04/10,特殊補正,F213010 電器零售業。；F213030 電腦及事務性機器設備零售業。；F209030 玩具、娛樂用品零售業。；F216010 照相器材零售業。,臺北市,變更,11504
70447905,台灣感應電子股份有限公司,臺北市中山區民權東路1段45號6樓,高橋克司,6000000,,115/04/20,改選董事/監察人(一人法人股東指派董事/監察人),F106010 五金批發業；F106030 模具批發業；F113010 機械批發業；F113020 電器批發業；F113030 精密儀器批發業；F113050 事務性機器設備批發業；F119010 電子材料批發業；F206010 五金零售業；F206030 模具零售業；F213010 電器零售業,臺北市,變更,11504
70454834,僑和企業股份有限公司,臺北市中正區懷寧街64號7樓,陳宙經,29000000,,115/04/10,特殊補正,F501060 餐館業；F501030 飲料店業；F501050 飲酒店業；F501990 其他餐飲業︹伙食包作︺；F301030 一般百貨業。；F203010 食品什貨、飲料零售業；F102010 冷凍食品批發業。；I103010 企業經營管理顧問業。；C103020 冷凍食品製造業。；C103040 醃漬食品製造業。,臺北市,變更,11504
70457375,旅遊王旅行社股份有限公司,臺北市中山區建國北路2段82號8樓,張奉文,12000000,,115/04/27,改選董事/監察人(一人法人股東指派董事/監察人),J902011 旅行業。,臺北市,變更,11504
70461075,神坊資訊股份有限公司,臺北市大安區敦化南路2段95號25樓,鄭有欽,499000000,,115/04/01,特殊補正,G903010 電信事業；F113050 電腦及事務性機器設備批發業；F118010 資訊軟體批發業；F213030 電腦及事務性機器設備零售業；F218010 資訊軟體零售業；I301010 資訊軟體服務業；I301020 資料處理服務業；I301030 電子資訊供應服務業；I503010 景觀、室內設計業；E801010 室內裝潢業,臺北市,變更,11504
70461080,力申股份有限公司,臺北市大同區民樂街35號,林春玉,61685120,,115/04/15,特殊補正,F108040 化粧品批發業；F208040 化粧品零售業；F208050 乙類成藥零售業；F108021 西藥批發業；F208021 西藥零售業；F108031 醫療器材批發業；F208031 醫療器材零售業；F102040 飲料批發業；F102050 茶葉批發業；F102170 食品什貨批發業,臺北市,變更,11504
70465591,台灣凱訊電信股份有限公司,臺北市中山區中山北路2段129號13樓之1,吉岡優,13985000,,115/04/20,特殊補正,I103060 管理顧問業；I199990 其他顧問服務業；I301010 資訊軟體服務業；I301020 資料處理服務業；I301030 電子資訊供應服務業；E701010 電信工程業；F113050 電腦及事務性機器設備批發業；F113070 電信器材批發業；F118010 資訊軟體批發業；F213060 電信器材零售業,臺北市,變更,11504
70466347,智高物流股份有限公司,臺北市松山區民生東路3段129號9樓,丘蕙嘉,7500000,,115/04/27,改選董事/監察人(一人法人股東指派董事/監察人),G402011 海運承攬運送業；G801010 倉儲業；G601011 航空貨運承攬業；F401010 國際貿易業；ZZ99999 除許可業務外，得經營法令非禁止或限制之業務,臺北市,變更,11504
70479455,台灣阿自倍爾股份有限公司,臺北市中山區中山北路2段44號9樓,熊田修Osamu Kumada,22500000,,115/04/14,特殊補正,E603050 自動控制設備工程業；F113010 機械批發業；F213080 機械器具零售業；F113990 其他機械器具批發業；F213990 其他機械器具零售業；CB01990 其他機械製造業；F401010 國際貿易業；CC01010 發電、輸電、配電機械製造業；IG03010 能源技術服務業；EZ05010 儀器、儀表安裝工程業,臺北市,變更,11504
70479912,網星資訊股份有限公司,臺北市內湖區新湖一路128巷15號6樓,李雲琴,5400000,,115/04/17,改派董事/監察人,E605010 電腦設備安裝業；F109070 文教、樂器、育樂用品批發業；F113050 電腦及事務性機器設備批發業；F118010 資訊軟體批發業；F209060 文教、樂器、育樂用品零售業；F213030 電腦及事務性機器設備零售業；F218010 資訊軟體零售業；F399040 無店面零售業；F401010 國際貿易業；F601010 智慧財產權業,臺北市,變更,11504
70480707,洛亞科技股份有限公司,臺北市大安區信義路4段263號2樓,李孝雋,8000000,,115/04/27,特殊補正,J701070 資訊休閒業；F203010 食品什貨、飲料零售業；F213030 電腦及事務性機器設備零售業；F399040 無店面零售業；F401010 國際貿易業；F501060 餐館業；E605010 電腦設備安裝業；I301010 資訊軟體服務業；I301020 資料處理服務業；I301030 電子資訊供應服務業,臺北市,變更,11504
70482297,信德聯立股份有限公司,臺北市中正區市民大道1段100號地下1層(鄭州街地下商場電子區038號店),張師元,1000000,,115/04/20,改選董事/監察人(一人法人股東指派董事/監察人),E605010 電腦設備安裝業；E701020 衛星電視ＫＵ頻道、Ｃ頻道器材安裝業；F113030 精密儀器批發業；F113070 電信器材批發業；F118010 資訊軟體批發業；F119010 電子材料批發業；F213010 電器零售業；F213040 精密儀器零售業；F213060 電信器材零售業；F218010 資訊軟體零售業,臺北市,變更,11504
70482959,金洋國際旅行社股份有限公司,臺北市大安區臥龍街1號12樓之1,李秀梅,6500000,,115/04/08,特殊補正,J902011 旅行業,臺北市,變更,11504
70525697,昱科網路股份有限公司,臺北市文山區光輝路80號,田麗雯,25000000,,115/04/16,特殊補正,IZ13010 網路認證服務業；I301010 資訊軟體服務業；I301020 資料處理服務業；I301030 電子資訊供應服務業；I401010 一般廣告服務業；I401020 廣告傳單分送業；I103060 管理顧問業；I102010 投資顧問業；F401010 國際貿易業；F113050 電腦及事務性機器設備批發業,臺北市,變更,11504
70538222,讚美之泉視聽文化股份有限公司,臺北市松山區南京東路5段343號9樓,張美鷨,6000000,,115/04/20,公司所營事業變更修正章程,J305010 有聲出版業；F209060 文教、樂器、育樂用品零售業；F401010 國際貿易業；F204110 布疋、衣著、鞋、帽、傘、服飾品零售業；I401010 一般廣告服務業；J303010 雜誌（期刊）出版業；J304010 圖書出版業；J503050 錄影節目帶業；J202010 產業育成業；ZZ99999 除許可業務外，得經營法令非禁止或限制之業務,臺北市,變更,11504
70543034,麗馳加油站股份有限公司,臺北市內湖區舊宗路2段133號,吳淑卿,10000000,,115/04/22,補繳規費,F212011 加油站業。；F212050 石油製品零售業。；JA01010 汽車修理業。；JA01990 其他汽車服務業。(汽車清洗、汽車裝潢業)；F114030 汽、機車零件配備批發業。；F214030 汽、機車零件配備零售業。；F203010 食品、飲料零售業。；F501030 飲料店業。；F501060 餐館業。,臺北市,變更,11504
70544759,金禾公寓大廈管理維護股份有限公司,臺北市中正區寧波西街97號7樓之2,姜鴻武,10000000,,115/04/07,修正章程,I801011 公寓大廈管理服務業。,臺北市,變更,11504
70545531,鑫念有限公司,臺北市內湖區瑞光路188巷43號8樓,郭絢媛,27000000,,115/04/07,股東出資轉讓修正章程,CA01050 鋼材二次加工業；CA02990 其他金屬製品製造業；CE01010 一般儀器製造業；CC01080 電子零組件製造業；CB01010 機械設備製造業；F401010 國際貿易業；ZZ99999 除許可業務外，得經營法令非禁止或限制之業務；F102030 菸酒批發業；F102170 食品什貨批發業；JE01010 租賃業,臺北市,變更,11504
70552027,銓藝興業有限公司,臺北市中山區吉林路343巷29號1樓,楊宗翰,2000000,,115/04/07,特殊補正,F102040 飲料批發業；F102050 茶葉批發業；F102170 食品什貨批發業；F104110 布疋、衣著、鞋、帽、傘、服飾品批發業；F105050 家具、寢具、廚房器具、裝設品批發業；F106010 五金批發業；F106050 陶瓷玻璃器皿批發業；F107030 清潔用品批發業；F106020 日常用品批發業；F106060 寵物食品及其用品批發業,臺北市,變更,11504
70553291,喬盛體育用品有限公司,臺北市信義區莊敬路310、312號,顏群益,5000000,,115/04/08,特殊補正,F204110 布疋、衣著、鞋、帽、傘、服飾品零售業；F205040 家具、寢具、廚房器具、裝設品零售業；F209060 文教、樂器、育樂用品零售業；F208031 醫療器材零售業；ZZ99999 除許可業務外，得經營法令非禁止或限制之業務,臺北市,變更,11504
70560379,雄衛保全股份有限公司,臺北市中山區中山北路3段28號12樓之1,詹前炫,50000000,,115/04/07,特殊補正,I901011 保全業,臺北市,變更,11504
70563002,歐力士實業股份有限公司,臺北市大安區復興南路1段303號9樓,澤田健児,50000000,,115/04/22,特殊補正,F114010 汽車批發業；F214010 汽車零售業；HZ01010 應收帳款收買業務；I601010 租賃業；I301010 資訊軟體服務業；I301020 資料處理服務業；I301030 電子資訊供應服務業；JZ99050 仲介服務業；JA01010 汽車修理業；G101091 小貨車租賃業,臺北市,變更,11504
70565141,凌想科技有限公司,臺北市大同區迪化街1段272號1樓,劉鎧,10000000,,115/04/27,補繳規費,F113050 電腦及事務性機器設備批發業；F118010 資訊軟體批發業；F213030 電腦及事務性機器設備零售業；F218010 資訊軟體零售業；I301010 資訊軟體服務業；F401010 國際貿易業；H201010 一般投資業；ZZ99999 除許可業務外，得經營法令非禁止或限制之業務,臺北市,變更,11504
70571137,宸緯實業有限公司,臺北市萬華區成都路161號6樓,余俊達,5000000,,115/04/23,特殊補正,F401010 國際貿易業；ZZ99999 除許可業務外，得經營法令非禁止或限制之業務；C805990 其他塑膠製品製造業；CA01030 鋼鐵鑄造業；CA01050 鋼材二次加工業；E599010 配管工程業；E801010 室內裝潢業；EZ99990 其他工程業；F102030 菸酒批發業；F102170 食品什貨批發業,臺北市,變更,11504
70576359,哲泰股份有限公司,臺北市大安區安和路2段133號4樓,徐承義,1000000,,115/04/08,改選董事/監察人(一人法人股東指派董事/監察人),H201010 一般投資業；F102030 菸酒批發業；F203020 菸酒零售業；H703100 不動產租賃業；F501060 餐館業；I103060 管理顧問業；I199990 其他顧問服務業；ZZ99999 除許可業務外，得經營法令非禁止或限制之業務,臺北市,變更,11504
70576484,帝斯曼營養品股份有限公司,臺北市大安區敦化南路2段207號14樓,Yiding Yang,25000000,,115/04/17,特殊補正,C201010 飼料製造業；C802060 動物用藥製造業；F103010 飼料批發業；F202010 飼料零售業；F107020 染料、顏料批發業；F207020 染料、顏料零售業；F107070 動物用藥品批發業；F207070 動物用藥零售業；F102170 食品什貨批發業；F203010 食品什貨、飲料零售業,臺北市,變更,11504
70576858,陞達科技股份有限公司,臺北市內湖區洲子街88號6樓,林錫銘,300218000,,115/04/22,特殊補正,I301010 資訊軟體服務業；I301020 資料處理服務業；I301030 電子資訊供應服務業；E603050 自動控制設備工程業；E605010 電腦設備安裝業；I501010 產品設計業；F113020 電器批發業；F118010 資訊軟體批發業；F113050 電腦及事務性機器設備批發業；F401010 國際貿易業,臺北市,變更,11504
70577168,保銷國際文化事業股份有限公司,臺北市內湖區行愛路78巷28號2樓之1,梁天龍,10000000,,115/04/10,改選董事/監察人(一人法人股東指派董事/監察人),F109070 文教、樂器、育樂用品批發業；F209060 文教、樂器、育樂用品零售業；F399990 其他綜合零售業；J303010 雜誌（期刊）出版業；I103060 管理顧問業；JB01010 會議及展覽服務業；F401010 國際貿易業；J304010 圖書出版業；J305010 有聲出版業；C701010 印刷業,臺北市,變更,11504
70577266,霖園公寓大廈管理維護股份有限公司,臺北市中山區松江路152號2樓,潘慶明,30000000,,115/04/17,特殊補正,I801011 公寓大廈管理服務業；IZ12010 人力派遣業；G202010 停車場經營業；H706011 租賃住宅代管業；E601010 電器承裝業；E801010 室內裝潢業；J101010 建築物清潔服務業；I103060 管理顧問業；IG03010 能源技術服務業；ZZ99999 除許可業務外，得經營法令非禁止或限制之業務,臺北市,變更,11504
70584196,視遠光學科技有限公司,臺北市大同區承德路3段24巷26號2樓,文詠梅,1000000,,115/04/09,股東出資轉讓修正章程,F113030 精密儀器批發業；F116010 照相器材批發業；F109020 文具批發業；F209010 書籍、文具零售業；F213040 精密儀器零售業；F216010 照相器材零售業；F401010 國際貿易業,臺北市,變更,11504
70584647,普鴻資訊股份有限公司,臺北市松山區光復南路1號9樓之2,林群國,249640380,,115/04/13,特殊補正,I301010 資訊軟體服務業；I103060 管理顧問業；E605010 電腦設備安裝業；F113050 電腦及事務性機器設備批發業；F213030 電腦及事務性機器設備零售業；F118010 資訊軟體批發業；F218010 資訊軟體零售業；I301020 資料處理服務業；I301030 電子資訊供應服務業；F119010 電子材料批發業,臺北市,變更,11504
70594407,昀碁工程有限公司,臺北市大安區敦化南路2段100號25樓之1,范洪蒂,2000000,,115/04/08,特殊補正,IG03010 能源技術服務業；CC01010 發電、輸電、配電機械製造業；E599010 配管工程業；E601020 電器安裝業；E602011 冷凍空調工程業；E603040 消防安全設備安裝工程業；E603050 自動控制設備工程業；E801010 室內裝潢業；E901010 油漆工程業；F105050 家具、寢具、廚房器具、裝設品批發業,臺北市,變更,11504
70597657,宏龍國際投資股份有限公司,臺北市大安區敦化南路1段205號2樓之5,王興華,66000000,,115/04/24,特殊補正,H201010 一般投資業。,臺北市,變更,11504
70749612,台莊投資開發股份有限公司,臺北市南港區經貿一路170號16樓,鍾俊銘,207390500,,115/04/14,改選董事/監察人(一人法人股東指派董事/監察人),H701010 住宅及大樓開發租售業；H701020 工業廠房開發租售業；H701040 特定專業區開發業；H701050 投資興建公共建設業；H701060 新市鎮、新社區開發業；H701070 區段徵收及市地重劃代辦業；H703100 不動產租賃業；F102030 菸酒批發業；F102040 飲料批發業；F103010 飼料批發業,臺北市,變更,11504
70756471,英屬維京群島商英皇國際娛樂有限公司,臺北市南港區忠孝東路六段322巷9號1樓,陳志昂,1000000,,115/04/10,改派在中華民國境內負責人變更登記,J305010 有聲出版業；J304010 圖書出版業；J602010 演藝活動業；IZ99990 其他工商服務業；F601010 智慧財產權業；I301010 資訊軟體服務業；F218010 資訊軟體零售業；F213030 電腦及事務性機器設備零售業；F401010 國際貿易業；J701040 休閒活動場館業,臺北市,變更,11504
70765909,悠遊卡股份有限公司,臺北市南港區園區街3之1號13樓,林志盈,712135000,,115/04/14,認股憑證換發新股,HZ06011 電子支付業,臺北市,變更,11504
70770430,海尼根台灣股份有限公司,臺北市大安區敦化南路一段111號8樓,Suraen Dushan De Silva,574819440,,115/04/20,公司所在地,C110010 飲料製造業；F102030 菸酒批發業；F102040 飲料批發業；F203020 菸酒零售業；F401171 酒類輸入業；C113011 製酒業；F102170 食品什貨批發業；F104110 布疋、衣著、鞋、帽、傘、服飾品批發業；F105050 家具、寢具、廚房器具、裝設品批發業；F106020 日常用品批發業,臺北市,變更,11504
70771557,大同世界科技股份有限公司,臺北市中山區中山北路三段22號,張榮華,1000728000,,115/04/22,董事(常務董事.董事長)/監察人解任,CC01110 電腦及其週邊設備製造業；F113050 電腦及事務性機器設備批發業；F113070 電信器材批發業；F118010 資訊軟體批發業；F213030 電腦及事務性機器設備零售業；F213060 電信器材零售業；F601010 智慧財產權業；I103060 管理顧問業；I301010 資訊軟體服務業；I301020 資料處理服務業,臺北市,變更,11504
70774631,喬美國際網路股份有限公司,臺北市南港區忠孝東路6段21號12樓之6及12樓之7,簡政,231000000,,115/04/17,董事(常務董事.董事長)/監察人解任,F118010 資訊軟體批發業；F218010 資訊軟體零售業；F119010 電子材料批發業；F219010 電子材料零售業；I301010 資訊軟體服務業；I301020 資料處理服務業；I301030 電子資訊供應服務業；F103010 飼料批發業；F106060 寵物用品批發業；F107070 動物用藥品批發業,臺北市,變更,11504
70783625,數位通國際網路股份有限公司,臺北市內湖區陽光街248號4樓,吳振生,214680000,,115/04/07,修正章程,I301010 資訊軟體服務業；G903010 電信事業；ZZ99999 除許可業務外，得經營法令非禁止或限制之業務,臺北市,變更,11504
70792315,香港商三鍵香港有限公司,臺北市中山區中山北路二段68號6樓,長島晃,15000000,,115/04/17,改派在中華民國境內負責人變更登記,F401010 國際貿易業；F107170 工業助劑批發業；F113010 機械批發業；F119010 電子材料批發業；F114030 汽、機車零件配備批發業；F207170 工業助劑零售業；F213080 機械器具零售業；F219010 電子材料零售業；F214030 汽、機車零件配備零售業；CA02030 螺絲、螺帽、螺絲釘、及鉚釘等製品製造業,臺北市,變更,11504
70809287,愛爾蘭商西門子電子設計自動化股份有限公司,臺北市內湖區洲子街65號9樓,吳碧華,2500000,,115/04/27,本公司董事及其他負責人變更,F218010 資訊軟體零售業；I301010 資訊軟體服務業；F401010 國際貿易業,臺北市,變更,11504
70827243,街口證券投資信託股份有限公司,臺北市松山區長安東路2段225號9樓,方詳棋,323400000,,115/04/01,改派董事/監察人,H303011 證券投資信託事業；H304011 證券投資顧問事業；H406011 期貨信託事業,臺北市,變更,11504
70832800,金石網絡股份有限公司,臺北市中正區汀州路3段160巷3之1號,周傳芳,197500000,,115/04/16,改選董事/監察人(一人法人股東指派董事/監察人),I301010 資訊軟體服務業；I301020 資料處理服務業；F218010 資訊軟體零售業；F118010 資訊軟體批發業；I401010 一般廣告服務業；F213030 電腦及事務性機器設備零售業；F113050 電腦及事務性機器設備批發業；I103060 管理顧問業；F109070 文教、樂器、育樂用品批發業；E605010 電腦設備安裝業,臺北市,變更,11504
70839971,郁彰股份有限公司,臺北市信義區松隆路102號9樓之1,王秋月,50000000,,115/04/28,董事(常務董事.董事長)/監察人解任,F105010 家具批發業；F106010 五金批發業；F106020 日常用品批發業；F106050 陶瓷玻璃器皿批發業；H703090 不動產買賣業；H703100 不動產租賃業；ZZ99999 除許可業務外，得經營法令非禁止或限制之業務,臺北市,變更,11504
70840941,遠冠股份有限公司,臺北市大安區安和路2段133號4樓,吳惠珊,1000000,,115/04/01,改派董事/監察人,F501060 餐館業；F203010 食品什貨、飲料零售業；F203020 菸酒零售業；F201010 農產品零售業；F201030 水產品零售業；F213030 電腦及事務性機器設備零售業；F501030 飲料店業；I101090 食品顧問業；I401010 一般廣告服務業；I501010 產品設計業,臺北市,變更,11504
70842096,台灣依摩泰股份有限公司,臺北市中山區民生東路3段8號2樓,長尾考祥,3000000,,115/04/24,特殊補正,F119010 電子材料批發業；F401010 國際貿易業,臺北市,變更,11504
70844854,弘彧資通股份有限公司,臺北市內湖區金莊路86號8樓,簡傳明,27000000,,115/04/27,公司印鑑變更,D401010 熱能供應業；E599010 配管工程業；E601010 電器承裝業；E601020 電器安裝業；E602011 冷凍空調工程業；E603010 電纜安裝工程業；E603040 消防安全設備安裝工程業；E603050 自動控制設備工程業；E603090 照明設備安裝工程業；E604010 機械安裝業,臺北市,變更,11504
70845988,宜高投資股份有限公司,臺北市中山區松江路309號4樓,吳豐富,101000000,,115/04/16,特殊補正,H201010 一般投資業,臺北市,變更,11504
70849181,台灣菱興電子材料股份有限公司,臺北市大同區承德路1段17號12樓之4,本田勝士,20000000,,115/04/15,特殊補正,F401010 國際貿易業；F119010 電子材料批發業；F219010 電子材料零售業；F107200 化學原料批發業；F207200 化學原料零售業；ZZ99999 除許可業務外，得經營法令非禁止或限制之業務,臺北市,變更,11504
72976520,允能風力發電股份有限公司,臺北市松山區南京東路五段1號8樓,Morten Dalgaard,40000000000,,115/04/09,改派董事/監察人,D101011 發電業；F401010 國際貿易業,臺北市,變更,11504
73124823,和興國際開發股份有限公司,臺北市大安區敦化南路2段77號7樓之1,周妤馨,182000000,,115/04/22,特殊補正,H701010 住宅及大樓開發租售業；H703090 不動產買賣業；H703100 不動產租賃業；JE01010 租賃業；H201010 一般投資業；H701020 工業廠房開發租售業；H701040 特定專業區開發業；H701050 投資興建公共建設業；H701060 新市鎮、新社區開發業；H701080 都市更新重建業,臺北市,變更,11504
79869882,必和股份有限公司,臺北市松山區南京東路3段346號10樓之7,蘇耀藤,12600000,,115/04/22,補繳規費,,臺北市,變更,11504
79953810,震群建設股份有限公司,臺北市中正區仁愛路2段2號4樓,葉漢祥,26030000,,115/04/29,修正章程,H701010 住宅及大樓開發租售業；F113010 機械批發業；F111020 水泥、石灰及其製品批發業；E801010 室內裝潢業；F301020 超級市場業；F401010 國際貿易業；G202010 停車場經營業；H701020 工業廠房開發租售業；H701040 特定專業區開發業；H701050 投資興建公共建設業,臺北市,變更,11504
79961038,友銘工程顧問有限公司,臺北市松山區民權東路3段142號12樓之3,杜雅芳,5000000,,115/04/24,特殊補正,E301010 水處理工程業；E302010 廢棄物清理設備安裝工程業；E303010 空氣污染防制工程業；E303020 噪音及振動防制工程業；E303030 土壤污染防治工程業；EZ05010 儀器、儀表安裝工程業；EZ07010 鑽孔工程業；E201010 景觀工程業；E603040 消防安全設備安裝工程業；J101050 環境檢測服務業,臺北市,變更,11504
79962732,築品室內裝修有限公司,臺北市中山區中山北路3段30號7樓之3,鄭文棧,1000000,,115/04/02,特殊補正,I501010 產品設計業；I503010 景觀、室內設計業；E801010 室內裝潢業；F401010 國際貿易業；F105010 家具批發業；F205010 家具零售業；CN01010 家具及裝設品製造業；E801061 室內裝修業,臺北市,變更,11504
79988584,高豐海產股份有限公司,臺北市信義區基隆路2段135號6樓,楊琦曜,38000000,,115/04/16,改選董事/監察人(一人法人股東指派董事/監察人),F401010 國際貿易業；F101030 水果批發業；F101040 畜產品批發業；F101050 水產品批發業；F102010 冷凍食品批發業；F102130 調味品批發業；F201010 農產品零售業；F201020 畜產品零售業；F201030 水產品零售業,臺北市,變更,11504
79990272,百漢醫院管理顧問股份有限公司,臺北市松山區南京東路5段80號4樓,劉祐甫,5000000,,115/04/07,公司所營事業變更修正章程,F102170 食品什貨批發業；F203010 食品什貨、飲料零售業；F399040 無店面零售業；I103060 管理顧問業；I301010 資訊軟體服務業；I301020 資料處理服務業；I301030 電子資訊供應服務業；IZ13010 網路認證服務業；JE01010 租賃業；ZZ99999 除許可業務外，得經營法令非禁止或限制之業務,臺北市,變更,11504
80030337,韓商億世科技股份有限公司,臺北市內湖區內湖路一段120巷15弄25號1樓,賽義德．尼庫．特和拉尼,10000000,,115/04/27,一般補正案,F113050 事務性機器設備批發業；F118010 資訊軟體批發業；F119010 電子材料批發業；F213030 事業性機器設備零售業；F218010 資訊軟體零售業；F219010 電子材料零售業；F401010 國際貿易業；I301010 資訊軟體服務業；IG02010 研究發展服務業；ZZ99999 除許可業務外，得經營法令非禁止或限制之業務,臺北市,變更,11504
80087437,台灣東芝照明股份有限公司,臺北市大同區承德路1段17號19樓之1,土井英史,25000000,,115/04/29,特殊補正,CB01010 機械設備製造業；CC01040 照明設備製造業；F113010 機械批發業；F113020 電器批發業；F401010 國際貿易業；ZZ99999 除許可業務外，得經營法令非禁止或限制之業務,臺北市,變更,11504
80116670,群泰科技股份有限公司,臺北市內湖區港墘路221巷21號3樓,吳泰宗,12000000,,115/04/22,改選董事/監察人(一人法人股東指派董事/監察人),E605010 電腦設備安裝業；F113050 電腦及事務性機器設備批發業；F213030 電腦及事務性機器設備零售業；F118010 資訊軟體批發業；F218010 資訊軟體零售業；F113990 其他機械器具批發業；F213990 其他機械器具零售業；I301010 資訊軟體服務業；I301020 資料處理服務業；I301030 電子資訊供應服務業,臺北市,變更,11504
80141755,風揚國際有限公司,臺北市信義區松山路540巷3弄23號,陳文豐,1000000,,115/04/14,股東出資轉讓修正章程,I401010 一般廣告服務業；I401020 廣告傳單分送業；I501010 產品設計業；I503010 景觀、室內設計業；F501030 飲料店業；F501050 飲酒店業；F501060 餐館業；F401010 國際貿易業；F206010 五金零售業；F107010 漆料、塗料批發業,臺北市,變更,11504
80146196,善若水股份有限公司,臺北市中山區長安東路2段108號8樓之7,陳俊傑,10000000,,115/04/07,特殊補正,I301010 資訊軟體服務業；I301020 資料處理服務業；I301030 電子資訊供應服務業；F102040 飲料批發業；F203010 食品什貨、飲料零售業；F204110 布疋、衣著、鞋、帽、傘、服飾品零售業；F206020 日常用品零售業；F209060 文教、樂器、育樂用品零售業；F109070 文教、樂器、育樂用品批發業；F118010 資訊軟體批發業,臺北市,變更,11504
80146999,唯泰工業有限公司,臺北市內湖區行愛路78巷28號3樓之1,李敏聰,15000000,,115/04/27,增資,CD01030 汽車及其零件製造業；CD01040 機車及其零件製造業；F114030 汽、機車零件配備批發業；F401010 國際貿易業；CA02030 螺絲、螺帽、螺絲釘、及鉚釘等製品製造業；F106010 五金批發業；CC01080 電子零組件製造業；F119010 電子材料批發業；ZZ99999 除許可業務外，得經營法令非禁止或限制之業務,臺北市,變更,11504
80147717,千賞有限公司,臺北市中正區館前路59號5樓,木山隆博,500000,,115/04/23,特殊補正,JA05010 留、遊學服務業；ZZ99999 除許可業務外，得經營法令非禁止或限制之業務,臺北市,變更,11504
80148130,台灣本田通商股份有限公司,臺北市中山區南京東路1段15號3樓,矢部真樹,15000000,,115/04/30,特殊補正,F114030 汽、機車零件配備批發業；F107200 化學原料批發業；F106010 五金批發業；F106030 模具批發業；F113010 機械批發業；CB01990 其他機械製造業；F401010 國際貿易業；ZZ99999 除許可業務外，得經營法令非禁止或限制之業務,臺北市,變更,11504
80159240,中銀財務管理顧問股份有限公司,臺北市中山區吉林路100號8樓,陳德邵,20000000,,115/04/30,特殊補正,I102010 投資顧問業。；I103010 企業經營管理顧問業。；I103050 創業投資事業管理顧問業。；ZZ99999 除許可業務外，得經營法令非禁止或限制之業務,臺北市,變更,11504
80160422,台灣本田保險代理人股份有限公司,臺北市中山區民權東路3段2號6樓,齊藤真,5000000,,115/04/21,特殊補正,H601021 財產保險代理人業,臺北市,變更,11504
80161793,開麗娛樂經紀有限公司,臺北市內湖區洲子街73號7樓之2,苗秀麗,10000000,,115/04/15,法人股東指(改)派代表人為董事,J602010 演藝活動業；J601010 藝文服務業；J603010 音樂展演空間業；J202010 產業育成業；J304010 圖書出版業；J305010 有聲出版業；J399010 軟體出版業；J399990 其他出版業；J701040 休閒活動場館業；J799990 其他休閒服務業,臺北市,變更,11504
80161908,廣穎電通股份有限公司,臺北市內湖區洲子街106號7樓,陳慧民,652928430,,115/04/17,其他減資,F218010 資訊軟體零售業；F219010 電子材料零售業；F118010 資訊軟體批發業；F119010 電子材料批發業；F401010 國際貿易業；CC01120 資料儲存媒體製造及複製業；CC01080 電子零組件製造業；CC01101 電信管制射頻器材製造業；F401021 電信管制射頻器材輸入業；ZZ99999 除許可業務外，得經營法令非禁止或限制之業務,臺北市,變更,11504
80172530,聯平企管顧問有限公司,臺北市信義區和平東路3段207巷12號1樓,林昭麟,500000,,115/04/07,特殊補正,F113020 電器批發業；F119010 電子材料批發業；F209060 文教、樂器、育樂用品零售業；F401010 國際貿易業；I103060 管理顧問業；I301010 資訊軟體服務業；I301020 資料處理服務業；ZZ99999 除許可業務外，得經營法令非禁止或限制之業務,臺北市,變更,11504
80175945,立德旅館事業股份有限公司,臺北市信義區崇德街31巷5弄1號2樓,林樹波,230000000,,115/04/01,改選董事/監察人(一人法人股東指派董事/監察人),E601010 電器承裝業；E601020 電器安裝業；E603010 電纜安裝工程業；E603020 電梯安裝工程業；E603050 自動控制設備工程業；E603090 照明設備安裝工程業；E604010 機械安裝業；E605010 電腦設備安裝業；E701020 衛星電視ＫＵ頻道、Ｃ頻道器材安裝業；E801020 門窗安裝工程業,臺北市,變更,11504
80176331,台灣萬代南夢宮有限公司,臺北市松山區民生東路3段156號8樓之2,小川晶基(Ogawa Masaki),5000000,,115/04/20,特殊補正,C104010 糖果製造業；F102170 食品什貨批發業；F104110 布疋、衣著、鞋、帽、傘、服飾品批發業；F109070 文教、樂器、育樂用品批發業；F118010 資訊軟體批發業；F203010 食品什貨、飲料零售業；F204110 布疋、衣著、鞋、帽、傘、服飾品零售業；F209060 文教、樂器、育樂用品零售業；F218010 資訊軟體零售業；F401010 國際貿易業,臺北市,變更,11504
80181572,全勝汽車股份有限公司,臺北市北投區福國路201號,謝志騰,125000000,,115/04/08,特殊補正,F114010 汽車批發業。；CD01030 汽車及其零件製造業。；F114030 汽、機車零件配備批發業。；F214010 汽車零售業。；JA01010 汽車修理業。；F401010 國際貿易業。,臺北市,變更,11504
80188982,鑫錸科技有限公司,臺北市中正區忠孝東路1段39號2樓之2,鍾國材,77960000,,115/04/17,股東出資轉讓修正章程,F118010 資訊軟體批發業。；F119010 電子材料批發業。；F218010 資訊軟體零售業。；F219010 電子材料零售業。；F401010 國際貿易業。；F213060 電信器材零售業。；ZZ99999 除許可業務外，得經營法令非禁止或限制之業務,臺北市,變更,11504
80189309,冠冕盒餐食品股份有限公司,臺北市內湖區內湖路1段91巷38弄5號、7號、9號,高綸佑,15000000,,115/04/24,增資(資本總額),C103050 罐頭、冷凍、脫水及醃漬食品製造業；C199030 即食餐食業；F501990 其他餐飲業；G801010 倉儲業；F102170 食品什貨批發業；F203010 食品什貨、飲料零售業；F101040 家畜家禽批發業；F201010 農產品零售業；F201020 畜產品零售業；F101050 水產品批發業,臺北市,變更,11504
80196391,台灣美達王股份有限公司,臺北市中山區松江路87號9樓之2,辰巳晃,100000000,,115/04/17,改派董事/監察人,F106010 五金批發業；F106030 模具批發業；F111090 建材批發業；F113010 機械批發業；F401010 國際貿易業；I103060 管理顧問業；ZZ99999 除許可業務外，得經營法令非禁止或限制之業務。,臺北市,變更,11504
80202083,新型防火建材有限公司,臺北市大安區安和路2段80號15樓,施淳毓,2000000,,115/04/08,增資,E801010 室內裝潢業；F111090 建材批發業；F211010 建材零售業；F120010 耐火材料批發業；F220010 耐火材料零售業；F401010 國際貿易業；ZZ99999 除許可業務外，得經營法令非禁止或限制之業務,臺北市,變更,11504
80204462,天籟實業股份有限公司,臺北市中正區忠孝西路1段41號5樓之7,王瑞華,29500000,,115/04/07,特殊補正,E599010 配管工程業；D301010 自來水經營業；ZZ99999 除許可業務外，得經營法令非禁止或限制之業務,臺北市,變更,11504
80238907,凱威科技股份有限公司,臺北市中山區南京東路3段118號6樓,陳嘉璇,5000000,,115/04/29,改選董事/監察人(一人法人股東指派董事/監察人),I301010 資訊軟體服務業；I301020 資料處理服務業；I301030 電子資訊供應服務業；F118010 資訊軟體批發業；F218010 資訊軟體零售業；F113070 電信器材批發業；F213060 電信器材零售業；E605010 電腦設備安裝業；F301010 百貨公司業；J304010 圖書出版業,臺北市,變更,11504
80260082,有恒有限公司,臺北市信義區信義路4段375號4樓之5,王登寧,29800000,,115/04/16,特殊補正,F401010 國際貿易業；E801010 室內裝潢業；I103010 企業經營管理顧問業；F102030 菸酒批發業；F104010 布疋批發業；F104020 成衣批發業；F104030 鞋類批發業；F104040 皮包、手提袋、皮箱批發業；F104060 寢具批發業；F106050 陶瓷玻璃器皿批發業,臺北市,變更,11504
80264910,港墘加油站股份有限公司,臺北市內湖區康寧路3段72號10樓,方建富,1000000,,115/04/28,改選董事/監察人(一人法人股東指派董事/監察人),F212011 加油站業；F212050 石油製品零售業；I401010 一般廣告服務業；JA01010 汽車修理業；F214030 汽、機車零件配備零售業；F399010 便利商店業；F203010 食品、飲料零售業；F207030 清潔用品零售業；F206020 日常用品零售業；F209010 書籍、文具零售業,臺北市,變更,11504
80266558,會意整合傳播有限公司,臺北市信義區信義路4段415號14樓之1,鄭曉元,5000000,,115/04/01,特殊補正,F109070 文教、樂器、育樂用品批發業；F209060 文教、樂器、育樂用品零售業；I103060 管理顧問業；I199990 其他顧問服務業；I301010 資訊軟體服務業；I301020 資料處理服務業；I301030 電子資訊供應服務業；I401010 一般廣告服務業；I401020 廣告傳單分送業；J304010 圖書出版業,臺北市,變更,11504
80272307,致新國際科技股份有限公司,臺北市中山區松江路152號8樓之4(807室),黃欽明,22000000,,115/04/30,特殊補正,I301010 資訊軟體服務業；I301020 資料處理服務業；I301030 電子資訊供應服務業；F118010 資訊軟體批發業；F218010 資訊軟體零售業；F401010 國際貿易業；ZZ99999 除許可業務外，得經營法令非禁止或限制之業務,臺北市,變更,11504
80275901,正通聯合企管有限公司,臺北市中正區羅斯福路2段44號3樓之1,王良正,500000,,115/04/01,特殊補正,ZZ99999 除許可業務外，得經營法令非禁止或限制之業務；F102030 菸酒批發業；F102040 飲料批發業；F102170 食品什貨批發業；F106020 日常用品批發業；F107030 清潔用品批發業；F108040 化粧品批發業；F401010 國際貿易業；I102010 一般投資顧問業；I103060 管理顧問業,臺北市,變更,11504
80278576,友台投資股份有限公司,臺北市松山區民生東路3段109號9樓,吳德慧,78000000,,115/04/08,特殊補正,H201010 一般投資業,臺北市,變更,11504
80278766,網路主義股份有限公司,臺北市中山區明水路702號9樓之3,尤鉦嶧,2000000,,115/04/22,特殊補正,F104110 布疋、衣著、鞋、帽、傘、服飾品批發業；F105050 家具、寢具、廚房器具、裝設品批發業；F106020 日常用品批發業；F107030 清潔用品批發業；F109070 文教、樂器、育樂用品批發業；F113050 電腦及事務性機器設備批發業；F118010 資訊軟體批發業；F119010 電子材料批發業；F204110 布疋、衣著、鞋、帽、傘、服飾品零售業；F205040 家具、寢具、廚房器具、裝設品零售業,臺北市,變更,11504
80282776,百合旅行社股份有限公司,臺北市大同區南京西路22號4樓之4、5樓之2及6樓之1,張雯雯,18000000,,115/04/07,增資(資本總額),J902011 旅行業。,臺北市,變更,11504
80291769,京揚工程科技股份有限公司,臺北市大安區忠孝東路4段319號11樓之1,林傳鐙,23700000,,115/04/16,補選董事(常務董事.董事長)/監察人,I101061 工程技術顧問業；E599010 配管工程業；E603040 消防安全設備安裝工程業；E604010 機械安裝業；E605010 電腦設備安裝業；F401010 國際貿易業；F113010 機械批發業；F117010 消防安全設備批發業；J101060 廢（污）水處理業；I501010 產品設計業,臺北市,變更,11504
80296764,富鋼工程股份有限公司,臺北市中山區松江路158號10樓之4,謝鴻財,64900000,,115/04/15,董事/監察人持股變動報備,E103031 基礎工程專業營造業；E401010 疏濬業；E402010 沙石、淤泥海拋業；E599010 配管工程業；E603010 電纜安裝工程業；E603050 自動控制設備工程業；E603080 交通號誌安裝工程業；E603090 照明設備安裝工程業；E603100 電焊工程業；E603110 冷作工程業,臺北市,變更,11504
80302576,大地再造股份有限公司,臺北市大安區仁愛路3段26號8樓之3,李昀澤,10000000,,115/04/29,特殊補正,A101020 農作物栽培業；A101050 花卉栽培業；A201040 森林遊樂區經營業；A401010 畜牧場經營業；E801010 室內裝潢業；F104110 布疋、衣著、鞋、帽、傘、服飾品批發業；F106010 五金批發業；F106020 日常用品批發業；F108040 化粧品批發業；F109070 文教、樂器、育樂用品批發業,臺北市,變更,11504
80302978,富昇興業股份有限公司,臺北市文山區羅斯福路6段88號4樓,連正興,15000000,,115/04/13,改選董事/監察人(一人法人股東指派董事/監察人),H701010 住宅及大樓開發租售業；I102010 投資顧問業；I401010 一般廣告服務業；E801010 室內裝潢業；E801070 廚具、衛浴設備安裝工程業；F113010 機械批發業；JZ99050 仲介服務業；F211010 建材零售業；E801030 室內輕鋼架工程業；H703090 不動產買賣業,臺北市,變更,11504
80327957,台灣本田股份有限公司,臺北市中山區民權東路三段2號6樓,齊藤真,3580000000,,115/04/22,改選董事/監察人(一人法人股東指派董事/監察人),CD01030 汽車及其零件製造業；CD01040 機車及其零件製造業；F114010 汽車批發業；F114020 機車批發業；F114030 汽、機車零件配備批發業；F214010 汽車零售業；F214020 機車零售業；F214030 汽、機車零件配備零售業；F401010 國際貿易業；JA01010 汽車修理業,臺北市,變更,11504
80333613,華擎科技股份有限公司,臺北市北投區中央南路二段37號2樓,童旭田,1235440490,,115/04/02,其他減資,CC01110 電腦及其週邊設備製造業；F113050 電腦及事務性機器設備批發業；F118010 資訊軟體批發業；F213030 電腦及事務性機器設備零售業；F401021 電信管制射頻器材輸入業；I301010 資訊軟體服務業；ZZ99999 除許可業務外，得經營法令非禁止或限制之業務,臺北市,變更,11504
80334140,英屬蓋曼群島商宏仁國際開發有限公司,臺北市中山區復興北路188號1-5樓、190號,龔冠華,631063645,,115/04/20,一般補正案,F119010 電子材料批發業；F219010 電子材料零售業；F107140 塑膠原料批發業；F207140 塑膠原料零售業；F107130 合成樹脂批發業；F207130 合成樹脂零售業；F401010 國際貿易業；I102010 投資顧問業；I103010 企業經營管理顧問業；ZZ99999 除許可業務外，得經營法令非禁止或限制之業務,臺北市,變更,11504
80345694,香港商黛美士有限公司,臺北市大安區忠孝東路四段155號6樓,尤奇,1000000,,115/04/30,分公司所在地變更登記,F115010 首飾及貴金屬批發業；F215010 首飾及貴金屬零售業；F401010 國際貿易業,臺北市,變更,11504
80349811,中璨投資股份有限公司,臺北市大同區南京西路62號7樓,薛建秋,1270996640,,115/04/20,補選董事(常務董事.董事長)/監察人,H201010 一般投資業,臺北市,變更,11504
80355806,中國信託創業投資股份有限公司,臺北市南港區經貿二路168號21樓,謝載祥,6466991110,,115/04/14,補繳規費,H202010 創業投資業；ZZ99999 除許可業務外，得經營法令非禁止或限制之業務；I102010 投資顧問業；I103060 管理顧問業,臺北市,變更,11504
80371735,台誠能源科技股份有限公司,臺北市中山區長安東路2段162號7樓,陳永倫,20000000,,115/04/30,補繳規費,H703100 不動產租賃業；H701010 住宅及大樓開發租售業；H701070 區段徵收及市地重劃代辦業；I102010 投資顧問業；I401010 一般廣告服務業；HZ02010 金融機構金錢債權收買業務；HZ02020 辦理金融機構金錢債權之評價或拍賣業務；JE01010 租賃業；I103060 管理顧問業；H701020 工業廠房開發租售業,臺北市,變更,11504
80462714,達士通藥品生技有限公司,臺北市北投區承德路7段348號9樓,王子玲,1000000,,115/04/20,特殊補正,F108021 西藥批發業；F108040 化粧品批發業；F208021 西藥零售業；F208040 化粧品零售業；F208050 乙類成藥零售業；F401010 國際貿易業；F107070 動物用藥品批發業；F103010 飼料批發業；F107200 化學原料批發業；ZZ99999 除許可業務外，得經營法令非禁止或限制之業務,臺北市,變更,11504
80474676,醫世紀行銷公關有限公司,臺北市中正區忠孝東路2段80號3樓,林基安,2000000,,115/04/08,特殊補正,F108040 化粧品批發業；F205040 家具、寢具、廚房器具、裝設品零售業；F208040 化粧品零售業；I103060 管理顧問業；I401010 一般廣告服務業；I401020 廣告傳單分送業；I501010 產品設計業；I503010 景觀、室內設計業；IZ04010 翻譯業；IZ99990 其他工商服務業,臺北市,變更,11504
80489663,富鎰貿易有限公司,臺北市內湖區文湖街21巷116號2樓之2,吳任杰,1000000,,115/04/02,股東出資轉讓修正章程,F401010 國際貿易業；F208050 乙類成藥零售業；F208040 化粧品零售業；F206020 日常用品零售業；F108031 醫療器材批發業；F208031 醫療器材零售業；ZZ99999 除許可業務外，得經營法令非禁止或限制之業務；F102170 食品什貨批發業；F107030 清潔用品批發業；F108040 化粧品批發業,臺北市,變更,11504
80492203,圓晟企業有限公司,臺北市文山區興隆路2段22巷8弄1號,謝玉蘭,3000000,,115/04/22,特殊補正,F106010 五金批發業；F206010 五金零售業；F107140 塑膠原料批發業；F207140 塑膠原料零售業；F111070 金屬建材批發業；F211010 建材零售業；IZ06010 理貨包裝業；F401010 國際貿易業；F106030 模具批發業,臺北市,變更,11504
80504587,亞士母股份有限公司,臺北市士林區中山北路6段35巷18號1樓,遠藤啓介,3000000,,115/04/23,補繳規費,ZZ99999 除許可業務外，得經營法令非禁止或限制之業務,臺北市,變更,11504
80505220,鷹飛股份有限公司,臺北市內湖區環山路2段105號2樓,李美柳,13000000,,115/04/23,特殊補正,F401010 國際貿易業；F118010 資訊軟體批發業；F109070 文教、樂器、育樂用品批發業；J302010 通訊稿業；J303010 雜誌（期刊）出版業；J304010 圖書出版業；J305010 有聲出版業；F104110 布疋、衣著、鞋、帽、傘、服飾品批發業；F105050 家具、寢具、廚房器具、裝設品批發業；F106020 日常用品批發業,臺北市,變更,11504
80511551,瑪爾整合行銷有限公司,臺北市信義區松山路130號7樓之1,陳建南,28950000,,115/04/27,減資,F102170 食品什貨批發業；F104110 布疋、衣著、鞋、帽、傘、服飾品批發業；F108040 化粧品批發業；F203010 食品什貨、飲料零售業；F204110 布疋、衣著、鞋、帽、傘、服飾品零售業；F208040 化粧品零售業；F401010 國際貿易業；I103060 管理顧問業；I301010 資訊軟體服務業；I301020 資料處理服務業,臺北市,變更,11504
80511709,阿瘦實業股份有限公司,臺北市中山區中吉里松江路168號6樓,羅榮岳,668000000,,115/04/21,經理人解任,CJ01010 製帽業；CK01010 製鞋業；CM01010 箱、包、袋製造業；F104110 布疋、衣著、鞋、帽、傘、服飾品批發業；F105050 家具、寢具、廚房器具、裝設品批發業；F204110 布疋、衣著、鞋、帽、傘、服飾品零售業；F205040 家具、寢具、廚房器具、裝設品零售業；F401010 國際貿易業；F301010 百貨公司業；F301020 超級市場業,臺北市,變更,11504
80515607,尊勝建設開發股份有限公司,臺北市內湖區瑞光路513巷26號7樓之1,陳柏翰,715382080,,115/04/16,改選董事/監察人(一人法人股東指派董事/監察人),C901010 陶瓷及陶瓷製品製造業；C901020 玻璃及玻璃製品製造業；C901040 預拌混凝土製造業；CB01010 機械設備製造業；F111040 磁磚、貼面石材批發業；F111050 玻璃建材批發業；F111060 衛浴設備批發業；J701020 遊樂園業；H701010 住宅及大樓開發租售業；H701020 工業廠房開發租售業,臺北市,變更,11504
80515867,泛太平洋國際旅行社有限公司,臺北市大同區西寧北路96號3樓,戴君威,6000000,,115/04/28,特殊補正,J902011 旅行業,臺北市,變更,11504
80520221,翔新科技股份有限公司,臺北市南港區八德路4段768巷7號4樓,楊智翔,141100000,,115/04/21,董事(常務董事.董事長)/監察人解任,ZZ99999 除許可業務外，得經營法令非禁止或限制之業務；I301010 資訊軟體服務業；I301020 資料處理服務業；I301030 電子資訊供應服務業；F119010 電子材料批發業；F118010 資訊軟體批發業；F601010 智慧財產權業；F401010 國際貿易業；F113050 電腦及事務性機器設備批發業,臺北市,變更,11504
80521002,德億工程有限公司,臺北市中山區南京東路3段189號10樓,黃雪琴,1000000,,115/04/30,特殊補正,E801010 室內裝潢業；J101030 廢棄物清除業；F106010 五金批發業；F206010 五金零售業；F120010 耐火材料批發業；F220010 耐火材料零售業；F211010 建材零售業；ZZ99999 除許可業務外，得經營法令非禁止或限制之業務；E103041 施工塔架吊裝及模版工程專業營造業,臺北市,變更,11504
80521116,鴻石實業股份有限公司,臺北市大安區信義路4段1號2樓,洪小婷,5000000,,115/04/22,改選董事/監察人(一人法人股東指派董事/監察人),E603010 電纜安裝工程業；E603040 消防安全設備安裝工程業；E603050 自動控制設備工程業；E603080 交通號誌安裝工程業；E603090 照明設備安裝工程業；E603100 電焊工程業；E603110 冷作工程業；E603120 噴砂工程業；F401010 國際貿易業；F108040 化粧品批發業,臺北市,變更,11504
80523352,捷進顧問有限公司,臺北市大安區信義路3段27之1號2樓,陸秀麗,1000000,,115/04/20,公司所在地,IZ13010 網路認證服務業；IZ12010 人力派遣業；JZ99050 仲介服務業；F109070 文教、樂器、育樂用品批發業；J202010 產業育成業；J201031 短期補習班業；A102080 園藝服務業；ZZ99999 除許可業務外，得經營法令非禁止或限制之業務,臺北市,變更,11504
80524514,鎏鑫科技有限公司,臺北市內湖區康寧路3段75巷32號,賴奇韵,500000,,115/04/24,特殊補正,F118010 資訊軟體批發業；F119010 電子材料批發業；F401010 國際貿易業；F601010 智慧財產權業；I301010 資訊軟體服務業；I301020 資料處理服務業；I301030 電子資訊供應服務業；I501010 產品設計業；IZ04010 翻譯業；IZ02010 打字業,臺北市,變更,11504
80524583,彭安科技企業有限公司,臺北市中正區重慶南路1段121號4樓之5,彭昇平,1000000,,115/04/30,股東出資轉讓修正章程,A102050 農業服務業；A302020 漁業服務業；I101070 農、林、漁、畜牧顧問業；IG01010 生物技術服務業；I103010 企業經營管理顧問業；IC01010 藥品檢驗業；I501010 產品設計業；F601010 智慧財產權業；EZ08010 測量工程業；E801010 室內裝潢業,臺北市,變更,11504
80524970,聯聿保險經紀人股份有限公司,臺北市大安區仁愛路4段376號12樓,黃裕宜,12000000,,115/04/24,經理人解任,H602021 財產保險經紀人。,臺北市,變更,11504
80528238,霈達實業有限公司,臺北市大同區南京西路62號7樓,葉明坤,16000000,,115/04/14,股東出資轉讓修正章程,I103060 管理顧問業；ZZ99999 除許可業務外，得經營法令非禁止或限制之業務,臺北市,變更,11504
80529216,信鳳股份有限公司,臺北市松山區八德路3段200號6樓,劉鍾秀竹,25000000,,115/04/21,特殊補正,E502010 燃料導管安裝工程業；E599010 配管工程業；E603040 消防安全設備安裝工程業；E603050 自動控制設備工程業；E604010 機械安裝業；EZ05010 儀器、儀表安裝工程業；EZ15010 保溫、保冷安裝工程業；F107030 清潔用品批發業；F113010 機械批發業；F115020 礦石批發業,臺北市,變更,11504
80529840,普羅米斯資產管理股份有限公司,臺北市中山區民權東路3段6號9樓,今井貴志,70000000,,115/04/21,特殊補正,HZ01010 應收帳款收買業務；HZ02010 金融機構金錢債權收買業務；HZ02020 辦理金融機構金錢債權之評價或拍賣業務；HZ02040 辦理金融機構金錢債權管理服務業務；IZ11010 逾期應收帳款管理服務業；ZZ99999 除許可業務外，得經營法令非禁止或限制之業務,臺北市,變更,11504
80534739,誠益投資股份有限公司,臺北市大安區潮州街152號1樓,姜長安,100000000,,115/04/20,減資,H201010 一般投資業,臺北市,變更,11504
80535224,新空間企業有限公司,臺北市大安區潮州街26巷18號5樓,劉文琥,5000000,,115/04/16,公司所在地,E801010 室內裝潢業；I503010 景觀、室內設計業；I501010 產品設計業；I401010 一般廣告服務業；H701010 住宅及大樓開發租售業；H701020 工業廠房開發租售業；H703100 不動產租賃業；F111090 建材批發業；E801020 門窗安裝工程業；E801030 室內輕鋼架工程業,臺北市,變更,11504
80540161,國賓旅館管理顧問股份有限公司,臺北市中山區中山北路2段65巷9號2樓,許育瑞,1000000,,115/04/15,改選董事/監察人(一人法人股東指派董事/監察人),IZ12010 人力派遣業；I103010 企業經營管理顧問業；ZZ99999 除許可業務外，得經營法令非禁止或限制之業務,臺北市,變更,11504
80541577,動容軒寶石有限公司,臺北市內湖區成功路5段2號1樓,,1000000,,115/04/20,特殊補正,F115010 首飾及貴金屬批發業；F115020 礦石批發業；F215010 首飾及貴金屬零售業；F215020 礦石零售業；F301030 一般百貨業；J304010 圖書出版業；I103010 企業經營管理顧問業；F401010 國際貿易業；ZZ99999 除許可業務外，得經營法令非禁止或限制之業務,臺北市,變更,11504
80542962,元耀開發股份有限公司,臺北市大安區金山南路2段2號9樓,馮美香,36126100,,115/04/29,改選董事/監察人(一人法人股東指派董事/監察人),H701010 住宅及大樓開發租售業；H701020 工業廠房開發租售業；H701040 特定專業區開發業；H701050 投資興建公共建設業；H701060 新市鎮、新社區開發業；H701070 區段徵收及市地重劃代辦業；H703100 不動產租賃業；ZZ99999 除許可業務外，得經營法令非禁止或限制之業務,臺北市,變更,11504
80544552,凱蓮恩有限公司,臺北市大同區市民大道1段211號8樓之13,趙嘉文,5000000,,115/04/21,特殊補正,F401010 國際貿易業；F108040 化粧品批發業；F102160 輔助食品批發業；F109010 圖書批發業,臺北市,變更,11504
80549509,康普雷司有限公司,臺北市內湖區東湖路119巷50弄5號2樓,李宜玲,1000000,,115/04/07,特殊補正,F113010 機械批發業；F106010 五金批發業；F113030 精密儀器批發業；F113990 其他機械器具批發業；F401010 國際貿易業；E604010 機械安裝業；EZ15010 保溫、保冷安裝工程業；E603050 自動控制設備工程業；EZ05010 儀器、儀表安裝工程業；ZZ99999 除許可業務外，得經營法令非禁止或限制之業務,臺北市,變更,11504
80565177,亞設室內裝修有限公司,臺北市信義區忠孝東路5段1之8號2樓,歐慕義,500000,,115/04/28,公司所在地,E801010 室內裝潢業；E801060 室內裝修業；F105050 家具、寢具、廚房器具、裝設品批發業；F106010 五金批發業；F205040 家具、寢具、廚房器具、裝設品零售業；F111090 建材批發業；F401010 國際貿易業；I301010 資訊軟體服務業；I401010 一般廣告服務業；I501010 產品設計業,臺北市,變更,11504
80584370,承甲室內裝修工程有限公司,臺北市中山區建國北路1段15號8樓,林國龍,50000000,,115/04/28,股東地址變更修正章程,E801061 室內裝修業；E201010 景觀工程業；E302010 廢棄物清理設備安裝工程業；E303010 空氣污染防制工程業；E601020 電器安裝業；E701010 通信工程業；E701020 衛星電視ＫＵ頻道、Ｃ頻道器材安裝業；E701030 電信管制射頻器材裝設工程業；F113070 電信器材批發業；E801010 室內裝潢業,臺北市,變更,11504
80609267,安妮菓子工房股份有限公司,臺北市內湖區瑞湖街178巷15號1樓,吳宗恩,60000000,,115/04/30,改選董事/監察人(一人法人股東指派董事/監察人),F203010 食品什貨、飲料零售業；F102040 飲料批發業；F102170 食品什貨批發業；F501030 飲料店業；F501060 餐館業；C104020 烘焙炊蒸食品製造業；F401010 國際貿易業；F102030 菸酒批發業；F203020 菸酒零售業,臺北市,變更,11504
80649887,國昌海運股份有限公司,臺北市南港區中坡北路92號8樓之3,吳健文,25000000,,115/04/02,董事長印鑑變更,G301011 船舶運送業；F401010 國際貿易業；I103060 管理顧問業；I199990 其他顧問服務業；ZZ99999 除許可業務外，得經營法令非禁止或限制之業務,臺北市,變更,11504
80653410,羅得投資股份有限公司,臺北市中山區南京東路2段96號8樓,王雅麟,880000000,,115/04/14,修正章程,H201010 一般投資業,臺北市,變更,11504
80660762,奧維多整合行銷股份有限公司,臺北市中正區和平西路1段150號2樓之2,陳秀鳳,10000000,,115/04/17,改選董事/監察人(一人法人股東指派董事/監察人),I401010 一般廣告服務業；I401020 廣告傳單分送業；I501010 產品設計業；F401010 國際貿易業；I301020 資料處理服務業；I301030 電子資訊供應服務業；E801010 室內裝潢業；J602010 演藝活動業；JB01010 會議及展覽服務業；I103060 管理顧問業,臺北市,變更,11504
80661072,宗輝投資股份有限公司,臺北市萬華區西園路1段159號2樓,凌文秋,60000000,,115/04/20,董事/監察人持股變動報備,H201010 一般投資業,臺北市,變更,11504
80661100,世帝喜旅行社股份有限公司,臺北市中山區中山北路2段60號9、10樓,根本克己,210000000,,115/04/23,特殊補正,J902011 旅行業,臺北市,變更,11504
80661431,盛裕貿易有限公司,臺北市中正區中華路1段59號9樓,翁慶勇,10000000,,115/04/01,公司所營事業變更修正章程,F102040 飲料批發業；F102050 茶葉批發業；F106010 五金批發業；F106020 日常用品批發業；F106050 陶瓷玻璃器皿批發業；F107030 清潔用品批發業；F108040 化粧品批發業；F102030 菸酒批發業；A102060 糧商業；F401010 國際貿易業,臺北市,變更,11504
80663705,芙雅國際有限公司,臺北市內湖區民權東路6段160號11樓之2,黃培榮,850000,,115/04/27,特殊補正,F108040 化粧品批發業；F208040 化粧品零售業；F107030 清潔用品批發業；F207030 清潔用品零售業；F102160 輔助食品批發業；F104070 紙尿褲、紙尿布批發業；F204070 紙尿褲、紙尿布零售業；F113060 度量衡器批發業；F213050 度量衡器零售業；F301030 一般百貨業,臺北市,變更,11504
80663938,皮克諾數位科技有限公司,臺北市中山區松江路28號7樓之2,王睿騰,2500000,,115/04/23,公司所營事業變更修正章程,I301010 資訊軟體服務業；F113050 電腦及事務性機器設備批發業；F213030 電腦及事務性機器設備零售業；I301020 資料處理服務業；I301030 電子資訊供應服務業；I103060 管理顧問業；I401010 一般廣告服務業；I501010 產品設計業；I599990 其他設計業；I199990 其他顧問服務業,臺北市,變更,11504
80665204,廣朋實業股份有限公司,臺北市中山區長安東路1段18號7樓,郭國億,264274120,,115/04/01,特殊補正,ZZ99999 除許可業務外，得經營法令非禁止或限制之業務,臺北市,變更,11504
80665605,保信國際股份有限公司,臺北市大同區重慶北路2段188號12樓,陳信誠,47000000,,115/04/23,特殊補正,H701010 住宅及大樓開發租售業；F401010 國際貿易業；ZZ99999 除許可業務外，得經營法令非禁止或限制之業務,臺北市,變更,11504
80666029,方立達國際貿易有限公司,臺北市中正區懷寧街92號5樓,鄭進良,8000000,,115/04/16,股東出資轉讓修正章程,F102040 飲料批發業；F106010 五金批發業；F106020 日常用品批發業；F106050 陶瓷玻璃器皿批發業；F401010 國際貿易業；ZZ99999 除許可業務外，得經營法令非禁止或限制之業務,臺北市,變更,11504
80667548,品東西股份有限公司,臺北市松山區民生東路5段60號1樓,吳振源,160000000,,115/04/09,改選董事/監察人(一人法人股東指派董事/監察人),F401010 國際貿易業；F301010 百貨公司業；F301020 超級市場業；I501010 產品設計業；JZ99050 仲介服務業；F106050 陶瓷玻璃器皿批發業；F206010 五金零售業；IZ06010 理貨包裝業；I103060 管理顧問業；I105010 藝術品諮詢顧問業,臺北市,變更,11504
80670831,弘傑開發事業股份有限公司,臺北市中山區建國北路2段33號13樓之6,陳玉璟,18000000,,115/04/14,改選董事/監察人(一人法人股東指派董事/監察人),IZ02010 打字業；IZ99990 其他工商服務業；ZZ99999 除許可業務外，得經營法令非禁止或限制之業務,臺北市,變更,11504
80670868,台灣川普建設股份有限公司,臺北市大安區敦化南路2段71號9樓,李勇益,680000000,,115/04/01,董事/監察人持股變動報備,ZZ99999 除許可業務外，得經營法令非禁止或限制之業務；H701010 住宅及大樓開發租售業；H703090 不動產買賣業；H703100 不動產租賃業；I401010 一般廣告服務業；I401020 廣告傳單分送業；E801010 室內裝潢業；F111090 建材批發業,臺北市,變更,11504
80671108,鴻宣國際有限公司,臺北市大同區迪化街1段21號4樓,温筱鴻,5000000,,115/04/07,公司名稱變更修正章程,I401010 一般廣告服務業；I401020 廣告傳單分送業；J302010 通訊稿業；J303010 雜誌（期刊）出版業；J304010 圖書出版業；I501010 產品設計業；J602010 演藝活動業；F108040 化粧品批發業；F104110 布疋、衣著、鞋、帽、傘、服飾品批發業；J202010 產業育成業,臺北市,變更,11504
80675126,築遠工程顧問有限公司,臺北市中正區羅斯福路3段76號4樓之1,張盈智,10000000,,115/04/15,董事/股東地址變更,I101061 工程技術顧問業；ZZ99999 除許可業務外，得經營法令非禁止或限制之業務,臺北市,變更,11504
80678708,智作廣告有限公司,臺北市大安區忠孝東路4段183號13樓之2,吳晨宇,5000000,,115/04/17,特殊補正,F399040 無店面零售業；F102170 食品什貨批發業；F203010 食品什貨、飲料零售業；F208050 乙類成藥零售業；F108040 化粧品批發業；F208040 化粧品零售業；I401010 一般廣告服務業；I401020 廣告傳單分送業；JB01010 會議及展覽服務業；IZ99990 其他工商服務業,臺北市,變更,11504
80678995,台灣力森諾科國際股份有限公司,臺北市中山區中山北路2段96號6樓,蔡友傑,10000000,,115/04/01,改選董事/監察人(一人法人股東指派董事/監察人),ZZ99999 除許可業務外，得經營法令非禁止或限制之業務,臺北市,變更,11504
80681788,台灣岸卡股份有限公司,臺北市中山區中山北路2段26巷15號,曾東白,10000000,,115/04/24,改選董事/監察人(一人法人股東指派董事/監察人),F107010 漆料、塗料批發業；F107020 染料、顏料批發業；F107200 化學原料批發業；F107990 其他化學製品批發業；F119010 電子材料批發業；F401010 國際貿易業,臺北市,變更,11504
80685715,高鼎企業管理顧問有限公司,臺北市大安區復興南路2段218號7樓之7,蔡慧玲,25000000,,115/04/13,特殊補正,I103060 管理顧問業；IZ12010 人力派遣業；F401010 國際貿易業；I701011 就業服務業(大陸地區與台灣地區間之人才仲介、職業介紹或接受委託招募員工等有關業務除外)；ZZ99999 除許可業務外，得經營法令非禁止或限制之業務,臺北市,變更,11504
80690793,清新財匯股份有限公司,臺北市中山區遼寧街179號20樓,丁廣欽,198000000,,115/04/09,改選董事/監察人(一人法人股東指派董事/監察人),I102010 投資顧問業；I103010 企業經營管理顧問業。；I201010 工商徵信服務業。；IZ15010 市場研究及民意調查業；F401010 國際貿易業。；ZZ99999 除許可業務外，得經營法令非禁止或限制之業務,臺北市,變更,11504
80693449,安宏股份有限公司,臺北市中山區吉林路71號2樓,焦玲,100000000,,115/04/24,改選董事/監察人(一人法人股東指派董事/監察人),H701010 住宅及大樓開發租售業；G202010 停車場經營業；E201010 景觀工程業；I503010 景觀室內設計業；I103040 大樓管理顧問業；I601010 租賃業；ZZ99999 除許可業務外，得經營法令非禁止或限制之業務,臺北市,變更,11504
80699990,富裕人生旅行社有限公司,臺北市中山區錦州街46號10樓,陳國森,6000000,,115/04/28,公司所在地,J902011 旅行業,臺北市,變更,11504
80711559,台灣寇特有限公司,臺北市中正區許昌街42之1號10樓,李增平,10000000,,115/04/14,特殊補正,E599010 配管工程業；E604010 機械安裝業；F106010 五金批發業；F401010 國際貿易業；CB01010 機械設備製造業；ZZ99999 除許可業務外，得經營法令非禁止或限制之業務,臺北市,變更,11504
81003800,現代聯運股份有限公司,臺北市信義區基隆路1段155號7樓之1,陳長賸,25000000,,115/04/09,改選董事/監察人(一人法人股東指派董事/監察人),G601011 航空貨運承攬業。代客辦理空運貨運之接送及集中保管等業務代辦食品成衣電子零件鞋類雜貨等貨物之進出口報驗業務(報關除外)；G402011 海運承攬運送業；ZZ99999 除許可業務外，得經營法令非禁止或限制之業務,臺北市,變更,11504
82795999,人人應用細胞生物科技股份有限公司,臺北市中正區忠孝東路1段76號11樓之3,李宜光,80000000,,115/04/10,董事(常務董事.董事長)/監察人解任,I103060 管理顧問業；I301020 資料處理服務業；I301030 電子資訊供應服務業；IC01010 藥品檢驗業；IG01010 生物技術服務業；IZ99990 其他工商服務業；F108040 化粧品批發業；F208040 化粧品零售業；F401010 國際貿易業；F601010 智慧財產權業,臺北市,變更,11504
82797693,原點社會企業股份有限公司,臺北市萬華區開封街2段39號1樓,黃暐程,8995270,,115/04/01,發行新股,H201010 一般投資業；H202010 創業投資業；H703100 不動產租賃業；I102010 投資顧問業；I103060 管理顧問業；I301010 資訊軟體服務業；I301020 資料處理服務業；I301030 電子資訊供應服務業；I401010 一般廣告服務業；I199990 其他顧問服務業,臺北市,變更,11504
82797949,百適興工程科技有限公司,臺北市內湖區堤頂大道2段201號3樓,許美美,5000000,,115/04/24,特殊補正,E603040 消防安全設備安裝工程業；E801010 室內裝潢業；E901010 油漆工程業；F102180 酒精批發業；F107010 漆料、塗料批發業；F111090 建材批發業；F113050 電腦及事務性機器設備批發業；F115020 礦石批發業；F118010 資訊軟體批發業；F102040 飲料批發業,臺北市,變更,11504
82799926,東森星光雲股份有限公司,臺北市大安區復興南路1段368號8樓,陳安祥,4000000,,115/04/13,增資(資本總額),F102020 食用油脂批發業；F102050 茶葉批發業；F106060 寵物食品及其用品批發業；F102040 飲料批發業；F102170 食品什貨批發業；F203010 食品什貨、飲料零售業；F104110 布疋、衣著、鞋、帽、傘、服飾品批發業；F204110 布疋、衣著、鞋、帽、傘、服飾品零售業；F105050 家具、寢具、廚房器具、裝設品批發業；F205040 家具、寢具、廚房器具、裝設品零售業,臺北市,變更,11504
82800022,悅禾莊園國際股份有限公司,臺北市大安區復興南路1段211號,劉洪鐘,100000000,,115/04/22,特殊補正,F105050 家具、寢具、廚房器具、裝設品批發業；F106020 日常用品批發業；F107990 其他化學製品批發業；F108040 化粧品批發業；F113050 電腦及事務性機器設備批發業；F205040 家具、寢具、廚房器具、裝設品零售業；F206020 日常用品零售業；F207990 其他化學製品零售業；F208040 化粧品零售業；F213030 電腦及事務性機器設備零售業,臺北市,變更,11504
82800424,所在生活有限公司,臺北市中正區忠孝西路1段50號24樓之6,徐賢德,990000,,115/04/07,公司印鑑變更,J901020 一般旅館業；H703100 不動產租賃業；H703090 不動產買賣業；F401010 國際貿易業；F105050 家具、寢具、廚房器具、裝設品批發業；F205040 家具、寢具、廚房器具、裝設品零售業；F106020 日常用品批發業；F206020 日常用品零售業；F107030 清潔用品批發業；F207030 清潔用品零售業,臺北市,變更,11504
82808002,愛心音樂餐廳有限公司,臺北市中正區忠孝西路1段72之59號至72之75號,張玉錫,2000000,,115/04/14,改推董事/董事長,F203010 食品什貨、飲料零售業；F203020 菸酒零售業；F209060 文教、樂器、育樂用品零售業；F501060 餐館業；F501030 飲料店業；I103060 管理顧問業；I401010 一般廣告服務業；J202010 產業育成業；J602010 演藝活動業；J603010 音樂展演空間業,臺北市,變更,11504
82808832,鑫霈資產管理有限公司,臺北市中山區復興南路1段2號9樓,王家祥,20000000,,115/04/30,補繳規費,I102010 投資顧問業；I103060 管理顧問業；F401010 國際貿易業；JZ99050 仲介服務業；F113050 電腦及事務性機器設備批發業；I301010 資訊軟體服務業；H201010 一般投資業；H202010 創業投資業；IG01010 生物技術服務業；F102170 食品什貨批發業,臺北市,變更,11504
82808967,庫甲資訊有限公司,臺北市松山區南京東路3段287號2樓,陳宥翔,3000000,,115/04/23,改推董事/董事長,F113050 電腦及事務性機器設備批發業；F118010 資訊軟體批發業；F119010 電子材料批發業；F213030 電腦及事務性機器設備零售業；F218010 資訊軟體零售業；F219010 電子材料零售業；F399040 無店面零售業；F401010 國際貿易業；F601010 智慧財產權業；I103060 管理顧問業,臺北市,變更,11504
82812147,傑筌國際有限公司,臺北市中正區仁愛路2段25號5樓,,500000,,115/04/21,解散,JZ99050 仲介服務業；J202010 產業育成業；I102010 投資顧問業；I103060 管理顧問業；I199990 其他顧問服務業；IZ15010 市場研究及民意調查業；IZ09010 管理系統驗證業；IZ99990 其他工商服務業；H201010 一般投資業；H202010 創業投資業,臺北市,變更,11504
82817781,宜力輕鬆搬家貨運有限公司,臺北市士林區德行東路266巷8號2樓,林福檳,10000000,,115/04/10,特殊補正,G101061 汽車貨運業；G801010 倉儲業；EZ02010 起重工程業；IZ06010 理貨包裝業；ZZ99999 除許可業務外，得經營法令非禁止或限制之業務,臺北市,變更,11504
82822031,智匯耕新股份有限公司,臺北市中山區南京東路2段101號11樓,丁維瑩,3000000,,115/04/15,特殊補正,I103060 管理顧問業；I102010 投資顧問業；I199990 其他顧問服務業；H201010 一般投資業；I301020 資料處理服務業；I301010 資訊軟體服務業；H703100 不動產租賃業；H703090 不動產買賣業；ZZ99999 除許可業務外，得經營法令非禁止或限制之業務；H701010 住宅及大樓開發租售業,臺北市,變更,11504
82822102,墨本行銷有限公司,臺北市大安區忠孝東路4段221號12樓,劉貫冬,1000000,,115/04/22,股東出資轉讓修正章程,I103060 管理顧問業；I199990 其他顧問服務業；IZ13010 網路認證服務業；I301040 第三方支付服務業；I599990 其他設計業；I301010 資訊軟體服務業；I301020 資料處理服務業；I301030 電子資訊供應服務業；IZ15010 市場研究及民意調查業；I102010 投資顧問業,臺北市,變更,11504
82823427,運心股份有限公司,臺北市大安區忠孝東路4段248巷21號7樓,莊季磬,650000,,115/04/27,特殊補正,I103060 管理顧問業；JZ99050 仲介服務業；F203010 食品什貨、飲料零售業；F299990 其他零售業；F399040 無店面零售業；F399990 其他綜合零售業；F401010 國際貿易業；ZZ99999 除許可業務外，得經營法令非禁止或限制之業務,臺北市,變更,11504
82824381,勝驊有限公司,臺北市萬華區峨眉街70號1樓,張畯恩,1000000,,115/04/15,特殊補正,F104110 布疋、衣著、鞋、帽、傘、服飾品批發業；F105050 家具、寢具、廚房器具、裝設品批發業；F106020 日常用品批發業；F108040 化粧品批發業；F204110 布疋、衣著、鞋、帽、傘、服飾品零售業；F205040 家具、寢具、廚房器具、裝設品零售業；F208040 化粧品零售業；F206020 日常用品零售業；F401010 國際貿易業,臺北市,變更,11504
82827520,方舟影業有限公司,臺北市內湖區新明路295巷2號3樓,曹登凱,600000,,115/04/10,特殊補正,E601020 電器安裝業；E603090 照明設備安裝工程業；E801010 室內裝潢業；E901010 油漆工程業；EZ99990 其他工程業；F216010 照相器材零售業；F399040 無店面零售業；H703100 不動產租賃業；I401010 一般廣告服務業；I501010 產品設計業,臺北市,變更,11504
82829800,睿聲科技股份有限公司,臺北市松山區八德路3段30號13樓,凌正,6000000,,115/04/28,公司所營事業變更修正章程,E599010 配管工程業；E604010 機械安裝業；E605010 電腦設備安裝業；E701030 電信管制射頻器材裝設工程業；E801010 室內裝潢業；EZ05010 儀器、儀表安裝工程業；EZ09010 靜電防護及消除工程業；F107050 肥料批發業；F108040 化粧品批發業；F109070 文教、樂器、育樂用品批發業,臺北市,變更,11504
82830969,亞虎科技股份有限公司,臺北市松山區南京東路3段248號10樓,黃宗源,11250000,,115/04/15,增資(資本總額),F113050 電腦及事務性機器設備批發業；F119010 電子材料批發業；F118010 資訊軟體批發業；F113020 電器批發業；F113070 電信器材批發業；F102170 食品什貨批發業；F102040 飲料批發業；F104110 布疋、衣著、鞋、帽、傘、服飾品批發業；F108040 化粧品批發業；F107030 清潔用品批發業,臺北市,變更,11504
82833776,安邦生技股份有限公司,臺北市南港區研究院路一段130巷99號C棟5樓,徐祖安,1145133597,,115/04/01,發行新股,F102170 食品什貨批發業；F401010 國際貿易業；F601010 智慧財產權業；I103060 管理顧問業；I301020 資料處理服務業；IC01010 藥品檢驗業；IG01010 生物技術服務業；IG02010 研究發展服務業；ZZ99999 除許可業務外，得經營法令非禁止或限制之業務；C801010 基本化學工業,臺北市,變更,11504
82834228,那裡有光電影有限公司,臺北市中山區中山北路2段27巷2號3樓,郭柏村,400000,,115/04/27,特殊補正,I401010 一般廣告服務業；IZ04010 翻譯業；J304010 圖書出版業；J305010 有聲出版業；J401010 電影片製作業；J402010 電影片發行業；J404020 提供設備及場地供電影片拍攝業；J503020 電視節目製作業；J601010 藝文服務業；JE01010 租賃業,臺北市,變更,11504
82834276,幸福空間國際興業股份有限公司,臺北市松山區南京東路5段169號4樓之2,林鎮業,3848000,,115/04/22,特殊補正,F105050 家具、寢具、廚房器具、裝設品批發業；F106040 水器材料批發業；F113020 電器批發業；F205040 家具、寢具、廚房器具、裝設品零售業；F206040 水器材料零售業；F213010 電器零售業；F111090 建材批發業；F211010 建材零售業；F401010 國際貿易業；H701070 區段徵收及市地重劃代辦業,臺北市,變更,11504
82834775,盛瀛建設有限公司,臺北市大安區浦城街16巷11號1樓,蘇興李,1680000,,115/04/29,股東出資轉讓修正章程,H701010 住宅及大樓開發租售業；H701070 區段徵收及市地重劃代辦業；H701090 都市更新整建維護業；H702010 建築經理業；H703090 不動產買賣業；H703100 不動產租賃業；H703110 老人住宅業；F111090 建材批發業；I102010 投資顧問業；I103060 管理顧問業,臺北市,變更,11504
82842901,源捷國際股份有限公司,臺北市松山區復興北路313巷21號2樓,李欣妮,4000000,,115/04/10,改選董事/監察人(一人法人股東指派董事/監察人),F104110 布疋、衣著、鞋、帽、傘、服飾品批發業；F108040 化粧品批發業；F115010 首飾及貴金屬批發業；F115020 礦石批發業；F204110 布疋、衣著、鞋、帽、傘、服飾品零售業；F208040 化粧品零售業；F215010 首飾及貴金屬零售業；F215020 礦石零售業；F399040 無店面零售業；F401010 國際貿易業,臺北市,變更,11504
82843599,全球優品有限公司,臺北市信義區忠孝東路5段510號2樓之1,德瑞克(Dirk VANNEROM),700000,,115/04/17,董事/股東證照變更,F401010 國際貿易業；F215010 首飾及貴金屬零售業；F203010 食品什貨、飲料零售業；F115010 首飾及貴金屬批發業；F102170 食品什貨批發業；I103060 管理顧問業；ZZ99999 除許可業務外，得經營法令非禁止或限制之業務,臺北市,變更,11504
82850021,十本國際股份有限公司,臺北市信義區基隆路2段23號7樓之6,楊寧,5555550,,115/04/16,改選董事/監察人(一人法人股東指派董事/監察人),F104110 布疋、衣著、鞋、帽、傘、服飾品批發業；F105050 家具、寢具、廚房器具、裝設品批發業；F107990 其他化學製品批發業；F199990 其他批發業；F108040 化粧品批發業；F204110 布疋、衣著、鞋、帽、傘、服飾品零售業；F205040 家具、寢具、廚房器具、裝設品零售業；F207990 其他化學製品零售業；F208040 化粧品零售業；F299990 其他零售業,臺北市,變更,11504
82857354,智慧價值股份有限公司,臺北市大安區忠孝東路4段183號13樓之2,陶建宇,7000000,,115/04/16,特殊補正,I301010 資訊軟體服務業；I301020 資料處理服務業；I301030 電子資訊供應服務業；I103060 管理顧問業；I199990 其他顧問服務業；IZ09010 管理系統驗證業；IZ99990 其他工商服務業；J399010 軟體出版業；J399990 其他出版業；JZ99990 未分類其他服務業,臺北市,變更,11504
82869387,翰輝國際有限公司,臺北市大安區和平東路2段76巷31弄1之1號1樓,許恭華,100000,,115/04/22,公司名稱變更修正章程,C601040 加工紙製造業；C601990 其他紙製品製造業；CE01010 一般儀器製造業；F106020 日常用品批發業；F109070 文教、樂器、育樂用品批發業；F206020 日常用品零售業；F209060 文教、樂器、育樂用品零售業；F401010 國際貿易業；I103060 管理顧問業；I301010 資訊軟體服務業,臺北市,變更,11504
82869696,富亦得有限公司,臺北市中山區中山北路2段79號10樓,陳偉宏,2000000,,115/04/16,特殊補正,H201010 一般投資業,臺北市,變更,11504
82869703,百優樂克斯有限公司,臺北市大安區復興南路1段243號6樓,吳斌爾利米,500000,,115/04/23,經理人變更,F208040 化粧品零售業；F401010 國際貿易業；ZZ99999 除許可業務外，得經營法令非禁止或限制之業務,臺北市,變更,11504
82869767,酷聲勢音樂股份有限公司,臺北市內湖區康寧路3段189巷32號2樓,林昱諺,1570000,,115/04/10,特殊補正,ZZ99999 除許可業務外，得經營法令非禁止或限制之業務；J305010 有聲出版業；J503010 廣播節目製作業；J503030 廣播電視節目發行業；J601010 藝文服務業；J602010 演藝活動業；J603010 音樂展演空間業；F109070 文教、樂器、育樂用品批發業；F601010 智慧財產權業,臺北市,變更,11504
82870357,理洋股份有限公司,臺北市信義區松智路1號11樓,夏萍,12000000,,115/04/29,公司所營事業變更修正章程,I301020 資料處理服務業；I301010 資訊軟體服務業；I301030 電子資訊供應服務業；F113070 電信器材批發業；F113010 機械批發業；F401010 國際貿易業；F399990 其他綜合零售業；H201010 一般投資業；IG03010 能源技術服務業；I199990 其他顧問服務業,臺北市,變更,11504
82871335,白墨水娛樂有限公司,臺北市大安區忠孝東路4段221號10樓,關効楷,150000,,115/04/15,股東出資轉讓修正章程,J602010 演藝活動業；J601010 藝文服務業；JB01010 會議及展覽服務業；I199990 其他顧問服務業；JZ99050 仲介服務業；I301010 資訊軟體服務業；I301020 資料處理服務業；I301030 電子資訊供應服務業；I401010 一般廣告服務業；I401020 廣告傳單分送業,臺北市,變更,11504
82871341,茵懋有限公司,臺北市中山區中山北路3段27號12樓,張子茵,57800000,,115/04/02,特殊補正,H201010 一般投資業；H703090 不動產買賣業；H703100 不動產租賃業；ZZ99999 除許可業務外，得經營法令非禁止或限制之業務,臺北市,變更,11504
82871530,函夏股份有限公司,臺北市中山區民生東路1段42號3樓之1,曾逸筠,1300000,,115/04/13,特殊補正,I502010 服飾設計業；F104110 布疋、衣著、鞋、帽、傘、服飾品批發業；F204110 布疋、衣著、鞋、帽、傘、服飾品零售業；F399040 無店面零售業；I401010 一般廣告服務業；I301020 資料處理服務業；I301030 電子資訊供應服務業；F401010 國際貿易業；J601010 藝文服務業；ZZ99999 除許可業務外，得經營法令非禁止或限制之業務,臺北市,變更,11504
82871905,顥智聯科技股份有限公司,臺北市松山區南京東路4段1號8樓,李明麗,10000000,,115/04/13,特殊補正,F109070 文教、樂器、育樂用品批發業；F113050 電腦及事務性機器設備批發業；F113070 電信器材批發業；F118010 資訊軟體批發業；F209060 文教、樂器、育樂用品零售業；F213030 電腦及事務性機器設備零售業；F213060 電信器材零售業；F218010 資訊軟體零售業；F399040 無店面零售業；F399990 其他綜合零售業,臺北市,變更,11504
82876922,雙月生物科技股份有限公司,臺北市中正區濟南路1段7號,賴永晟,5000000,,115/04/20,補繳規費,F203010 食品什貨、飲料零售業；F399040 無店面零售業；F401010 國際貿易業；I101090 食品顧問業；ZZ99999 除許可業務外，得經營法令非禁止或限制之業務,臺北市,變更,11504
82879884,懇拓設計有限公司,臺北市大安區敦化南路1段376號8樓之3,林彥佑,500000,,115/04/30,特殊補正,I501010 產品設計業；I503010 景觀、室內設計業；I599990 其他設計業；E801010 室內裝潢業；E801020 門窗安裝工程業；E801030 室內輕鋼架工程業；E801040 玻璃安裝工程業；E801070 廚具、衛浴設備安裝工程業；E601020 電器安裝業；E603090 照明設備安裝工程業,臺北市,變更,11504
82879913,御大倉股份有限公司,臺北市南港區忠孝東路7段508號15樓之8,簡立揚,41163750,,115/04/10,特殊補正,F102170 食品什貨批發業；F106020 日常用品批發業；F108040 化粧品批發業；F112040 石油製品批發業；F114030 汽、機車零件配備批發業；I301010 資訊軟體服務業；IZ13010 網路認證服務業；F101040 家畜家禽批發業；F201020 畜產品零售業；F101050 水產品批發業,臺北市,變更,11504
82880355,騰柏國際有限公司,臺北市中正區青島東路4之8號1樓,卓志誠,100000,,115/04/08,特殊補正,F102040 飲料批發業；F102170 食品什貨批發業；F104110 布疋、衣著、鞋、帽、傘、服飾品批發業；F105050 家具、寢具、廚房器具、裝設品批發業；F106010 五金批發業；F106020 日常用品批發業；F107030 清潔用品批發業；F108040 化粧品批發業；F109070 文教、樂器、育樂用品批發業；F110010 鐘錶批發業,臺北市,變更,11504
82880448,天空部落精品興業有限公司,臺北市大安區忠孝東路4段97號3樓之9,林凌瑶,3000000,,115/04/13,特殊補正,F104110 布疋、衣著、鞋、帽、傘、服飾品批發業；F106010 五金批發業；F107030 清潔用品批發業；F108040 化粧品批發業；F115010 首飾及貴金屬批發業；F110010 鐘錶批發業；F110020 眼鏡批發業；F116010 照相器材批發業；F102180 酒精批發業；F113070 電信器材批發業,臺北市,變更,11504
82880539,群翰置業股份有限公司,臺北市大安區羅斯福路3段277之16號,洪雪梅,13700000,,115/04/07,改選董事/監察人(一人法人股東指派董事/監察人),H703100 不動產租賃業；I103060 管理顧問業；I199990 其他顧問服務業；IZ99990 其他工商服務業；J601010 藝文服務業；JB01010 會議及展覽服務業；JE01010 租賃業；ZZ99999 除許可業務外，得經營法令非禁止或限制之業務,臺北市,變更,11504
82883515,派拉蒙亞太影業有限公司,臺北市中山區中山北路2段44號16樓,Johnny Nareshdat Kanhai,7800000,,115/04/14,董事/股東證照變更,J402010 電影片發行業；ZZ99999 除許可業務外，得經營法令非禁止或限制之業務,臺北市,變更,11504
82884155,興樺企業有限公司,臺北市大安區忠孝東路4段155號2樓,蔡青樺,1000000,,115/04/22,修正章程,H201010 一般投資業；H703090 不動產買賣業；H703100 不動產租賃業；H701010 住宅及大樓開發租售業；I102010 投資顧問業；I103060 管理顧問業；ZZ99999 除許可業務外，得經營法令非禁止或限制之業務,臺北市,變更,11504
82884606,康恩生醫有限公司,臺北市內湖區內湖路1段300號10樓之1,陳明宗,20000000,,115/04/30,特殊補正,I199990 其他顧問服務業；F399040 無店面零售業；F399990 其他綜合零售業；F401010 國際貿易業；F199990 其他批發業；F119010 電子材料批發業；F113050 電腦及事務性機器設備批發業；F106020 日常用品批發業；F201990 其他農畜水產品零售業；F203010 食品什貨、飲料零售業,臺北市,變更,11504
82885605,披薩有張臉有限公司,臺北市大同區延平北路2段28號1樓,陳捷甫,3900000,,115/04/10,補繳規費,C104020 烘焙炊蒸食品製造業；F203010 食品什貨、飲料零售業；F399040 無店面零售業；F399990 其他綜合零售業；F501060 餐館業；F501030 飲料店業；F501050 飲酒店業；I501010 產品設計業；J601010 藝文服務業；ZZ99999 除許可業務外，得經營法令非禁止或限制之業務,臺北市,變更,11504
82886463,臻華有限公司,臺北市中山區南京東路2段36號9樓,高啟洋,5000000,,115/04/07,特殊補正,F399040 無店面零售業；F399990 其他綜合零售業；F401010 國際貿易業；ZZ99999 除許可業務外，得經營法令非禁止或限制之業務；JE01010 租賃業；IZ12010 人力派遣業；I103060 管理顧問業；I102010 投資顧問業；I199990 其他顧問服務業；H201010 一般投資業,臺北市,變更,11504
82887701,台灣先進智慧股份有限公司,臺北市中正區羅斯福路2段100號25樓,王彥堯,41999841,,115/04/02,董事/監察人持股變動報備,I301010 資訊軟體服務業；I301020 資料處理服務業；I301030 電子資訊供應服務業；I301040 第三方支付服務業；I301050 實境體感應用服務業；ZZ99999 除許可業務外，得經營法令非禁止或限制之業務,臺北市,變更,11504
82900248,台灣沃旭財務服務股份有限公司,臺北市信義區松智路1號19樓,汪欣潔,1000000,,115/04/28,改派董事/監察人,I103060 管理顧問業；ZZ99999 除許可業務外，得經營法令非禁止或限制之業務,臺北市,變更,11504
82900471,淞英能源開發有限公司,臺北市中正區漢口街1段85號4樓之4,楊淞壹,380000000,,115/04/27,特殊補正,F213040 精密儀器零售業；F213080 機械器具零售業；F213990 其他機械器具零售業；F401010 國際貿易業；D101060 再生能源自用發電設備業；IG03010 能源技術服務業；ZZ99999 除許可業務外，得經營法令非禁止或限制之業務；H201010 一般投資業；H202010 創業投資業；I102010 一般投資顧問業,臺北市,變更,11504
82900583,沛承科技有限公司,臺北市中山區松江路22號5樓,蔡基昌,2500000,,115/04/13,股東出資轉讓修正章程,I301010 資訊軟體服務業；I301020 資料處理服務業；I301030 電子資訊供應服務業；I103060 管理顧問業；I102010 投資顧問業；I199990 其他顧問服務業；H201010 一般投資業；H202010 創業投資業；E605010 電腦設備安裝業；F113050 電腦及事務性機器設備批發業,臺北市,變更,11504
82901231,優客雅潤有限公司,臺北市松山區民生東路5段175號4樓之1,羅元宏,10000000,,115/04/16,公司所在地,F104110 布疋、衣著、鞋、帽、傘、服飾品批發業；F106020 日常用品批發業；F108040 化粧品批發業；F204110 布疋、衣著、鞋、帽、傘、服飾品零售業；F206020 日常用品零售業；F208040 化粧品零售業；F299990 其他零售業；F399040 無店面零售業；F399990 其他綜合零售業；F401010 國際貿易業,臺北市,變更,11504
82901507,而然設計有限公司,臺北市中正區濟南路2段62巷5號1樓,陳啟樂,5000000,,115/04/17,補繳規費,A102080 園藝服務業；C302010 織布業；C399990 其他紡織及製品製造業；C501010 製材業；C501030 合板製造業；C501040 組合木材製造業；CN01010 家具及裝設品製造業；E801010 室內裝潢業；E801020 門窗安裝工程業；E801030 室內輕鋼架工程業,臺北市,變更,11504
82901582,昱凡有限公司,臺北市萬華區貴陽街2段51號11樓之1,林羅玟,2000000,,115/04/24,特殊補正,A102080 園藝服務業；F108040 化粧品批發業；F208040 化粧品零售業；F401010 國際貿易業；F601010 智慧財產權業；I102010 一般投資顧問業；I103060 管理顧問業；I199990 其他顧問服務業；I401010 一般廣告服務業；I501010 產品設計業,臺北市,變更,11504
82901632,世豐國際運通股份有限公司,臺北市中山區南京東路3段200號7樓,李昆達,10000000,,115/04/09,改選董事/監察人(一人法人股東指派董事/監察人),G402011 海運承攬運送業；G601011 航空貨運承攬業；ZZ99999 除許可業務外，得經營法令非禁止或限制之業務；G701011 報關業,臺北市,變更,11504
82902077,翰晨旅行社股份有限公司,臺北市中山區林森北路258號4樓,葉旻冠,10118200,,115/04/29,特殊補正,J902011 旅行業,臺北市,變更,11504
82907586,植仕美科技股份有限公司,臺北市中山區南京東路3段208號9樓,蔡松棋,51000000,,115/04/17,特殊補正,I102010 投資顧問業；I103060 管理顧問業；I199990 其他顧問服務業；I301010 資訊軟體服務業；I501010 產品設計業；I599990 其他設計業；IG01010 生物技術服務業；IG02010 研究發展服務業；I401010 一般廣告服務業；F108031 醫療器材批發業,臺北市,變更,11504
82907832,超華投資有限公司,臺北市中山區松江路67號3樓,邱微華,1000000,,115/04/30,特殊補正,F401010 國際貿易業；H201010 一般投資業；H202010 創業投資業；I102010 投資顧問業；I103060 管理顧問業；I199990 其他顧問服務業；IZ12010 人力派遣業；ZZ99999 除許可業務外，得經營法令非禁止或限制之業務,臺北市,變更,11504
82907853,翔泰財經股份有限公司,臺北市中正區忠孝東路1段152號11樓之6,王翔泰,1500000,,115/04/20,特殊補正,C701010 印刷業；E605010 電腦設備安裝業；F109070 文教、樂器、育樂用品批發業；F118010 資訊軟體批發業；F209060 文教、樂器、育樂用品零售業；F218010 資訊軟體零售業；I102010 投資顧問業；I103060 管理顧問業；I301010 資訊軟體服務業；I301020 資料處理服務業,臺北市,變更,11504
82908895,海龍控股股份有限公司,臺北市中山區南京東路3段168號14樓之2,Tim Kittelhake,600000,,115/04/20,改選董事/監察人(一人法人股東指派董事/監察人),H201010 一般投資業；ZZ99999 除許可業務外，得經營法令非禁止或限制之業務,臺北市,變更,11504
82909867,凱文有限公司,臺北市大安區忠孝東路4段183號13樓之2,戴玠樺,6000000,,115/04/08,公司所在地,I301010 資訊軟體服務業；I301020 資料處理服務業；I301030 電子資訊供應服務業；F401010 國際貿易業；I401010 一般廣告服務業；IZ12010 人力派遣業；J601010 藝文服務業；J602010 演藝活動業；JZ99050 仲介服務業；I103060 管理顧問業,臺北市,變更,11504
82910560,彩華綠能有限公司,臺北市松山區民權東路3段144號4樓之1,伊藤健生,1000000,,115/04/09,股東出資轉讓修正章程,I503010 景觀、室內設計業；E801010 室內裝潢業；F106040 水器材料批發業；F206040 水器材料零售業；A102080 園藝服務業；A102020 農產品整理業；A102050 作物栽培服務業；A101050 花卉栽培業；F101100 花卉批發業；F113020 電器批發業,臺北市,變更,11504
82911940,龍顥國際有限公司,臺北市松山區復興北路367號8樓,蘇郁婷,500000,,115/04/07,特殊補正,I103060 管理顧問業；I199990 其他顧問服務業；IZ12010 人力派遣業；F401010 國際貿易業；I301010 資訊軟體服務業；I301020 資料處理服務業；I301030 電子資訊供應服務業；F118010 資訊軟體批發業；F218010 資訊軟體零售業；F119010 電子材料批發業,臺北市,變更,11504
82916868,台灣日星產業股份有限公司,臺北市中山區南京東路2段101號10樓,戶井田敏,5000000,,115/04/07,改派董事/監察人,F102020 食用油脂批發業；F102030 菸酒批發業；F102040 飲料批發業；F102170 食品什貨批發業；F103010 飼料批發業；F104110 布疋、衣著、鞋、帽、傘、服飾品批發業；F105050 家具、寢具、廚房器具、裝設品批發業；F106010 五金批發業；F106020 日常用品批發業；F106050 陶瓷玻璃器皿批發業,臺北市,變更,11504
82917769,西門子歌美颯離岸風力再生能源股份有限公司,臺北市南港區三重路66號16樓,倪邇思Niels Steenberg,5000000,,115/04/27,特殊補正,CB01010 機械設備製造業；CB01990 其他機械製造業；CC01010 發電、輸電、配電機械製造業；CC01990 其他電機及電子機械器材製造業；E601010 電器承裝業；E603010 電纜安裝工程業；E604010 機械安裝業；E605010 電腦設備安裝業；F113010 機械批發業；F213080 機械器具零售業,臺北市,變更,11504
82917971,星路科技股份有限公司,臺北市內湖區新湖三路167號8樓,謝森芳,434450000,,115/04/15,特殊補正,CC01070 無線通信機械器材製造業；CC01080 電子零組件製造業；CC01060 有線通信機械器材製造業；CE01010 一般儀器製造業；F119010 電子材料批發業；F219010 電子材料零售業；F213040 精密儀器零售業；F113030 精密儀器批發業；F401010 國際貿易業；F113070 電信器材批發業,臺北市,變更,11504
82918471,余余飛股份有限公司,臺北市中山區民生東路1段42號3樓之1,曾逸筠,36000000,,115/04/07,特殊補正,C302010 織布業；C303010 不織布業；C306010 成衣業；C307010 服飾品製造業；C802100 化粧品製造業；C901010 陶瓷及陶瓷製品製造業；C901020 玻璃及玻璃製品製造業；CE01040 鐘錶製造業；C402030 皮革、毛皮製品製造業；CH01030 文具製造業,臺北市,變更,11504
82919078,立展農業科技股份有限公司,臺北市北投區大業路527巷29號,高泳昇,36100000,,115/04/22,修正章程,A102050 作物栽培服務業；A102080 園藝服務業；C801110 肥料製造業；CA02060 金屬容器製造業；CA02990 其他金屬製品製造業；CB01010 機械設備製造業；CC01010 發電、輸電、配電機械製造業；CC01080 電子零組件製造業；CC01090 電池製造業；CD01030 汽車及其零件製造業,臺北市,變更,11504
82919653,凱歐蘿有限公司,臺北市大安區忠孝東路4段300號5樓,楊傑旭,1200000,,115/04/23,特殊補正,F109070 文教、樂器、育樂用品批發業；F113050 電腦及事務性機器設備批發業；F118010 資訊軟體批發業；F119010 電子材料批發業；F209060 文教、樂器、育樂用品零售業；F213030 電腦及事務性機器設備零售業；F218010 資訊軟體零售業；F219010 電子材料零售業；F399040 無店面零售業；F401010 國際貿易業,臺北市,變更,11504
82920856,一暮室內裝修設計有限公司,臺北市信義區忠孝東路5段17號11樓之2,游蕙旖,20000000,,115/04/30,特殊補正,E801060 室內裝修業；E801010 室內裝潢業；I503010 景觀、室內設計業；I301010 資訊軟體服務業；I301020 資料處理服務業；I301030 電子資訊供應服務業；F213010 電器零售業；F213060 電信器材零售業；F218010 資訊軟體零售業；F219010 電子材料零售業,臺北市,變更,11504
82922828,威爾文創娛樂有限公司,臺北市信義區松山路262號14樓,許龍輝,1680000,,115/04/02,特殊補正,F104110 布疋、衣著、鞋、帽、傘、服飾品批發業；F105050 家具、寢具、廚房器具、裝設品批發業；F106010 五金批發業；F106020 日常用品批發業；F109070 文教、樂器、育樂用品批發業；F113050 電腦及事務性機器設備批發業；F119010 電子材料批發業；F199990 其他批發業；F209060 文教、樂器、育樂用品零售業；F203030 酒精零售業,臺北市,變更,11504
82924451,日商發莫睿思股份有限公司,臺北市信義區基隆路一段155號5樓之7,Grant Jeffrey Bennett,20000,,115/04/21,改派在中華民國境內負責人變更登記,IC01010 藥品檢驗業；IG01010 生物技術服務業；F601010 智慧財產權業；I103060 管理顧問業；I199990 其他顧問服務業；F401010 國際貿易業；ZZ99999 除許可業務外，得經營法令非禁止或限制之業務,臺北市,變更,11504
82933655,永源能源股份有限公司,臺北市內湖區堤頂大道2段297號9樓,姜暭先,12530100,,115/04/16,補繳規費,CC01010 發電、輸電、配電機械製造業；CC01080 電子零組件製造業；E601010 電器承裝業；E603050 自動控制設備工程業；E607010 太陽熱能設備安裝工程業；F101130 蔬果批發業；F101980 其他動物批發業；F101990 其他農、畜、水產品批發業；F103010 飼料批發業；F106010 五金批發業,臺北市,變更,11504
82934747,台灣人工智能投資股份有限公司,臺北市松山區民權東路3段167號7樓,葉舟,500000,,115/04/23,董事/監察人持股變動報備,H201010 一般投資業；I103060 管理顧問業；I102010 投資顧問業；I301010 資訊軟體服務業；I199990 其他顧問服務業；F118010 資訊軟體批發業；F218010 資訊軟體零售業；F401010 國際貿易業；I301030 電子資訊供應服務業；ZZ99999 除許可業務外，得經營法令非禁止或限制之業務,臺北市,變更,11504
82939980,連登醫療器材有限公司,臺北市中山區南京東路1段34號7樓,黃美真,500000,,115/04/08,申登機關變更（遷入，含卷）,F108031 醫療器材批發業；F208031 醫療器材零售業；F102170 食品什貨批發業；F203010 食品什貨、飲料零售業；I103060 管理顧問業；JE01010 租賃業；ZZ99999 除許可業務外，得經營法令非禁止或限制之業務,臺北市,變更,11504
82940831,妍頤股份有限公司,臺北市內湖區瑞光路584號8樓,柯侑吟,27767000,,115/04/15,改選董事/監察人(一人法人股東指派董事/監察人),H201010 一般投資業,臺北市,變更,11504
82941352,台灣森萬聯有限公司,臺北市中正區忠孝西路1段80號18樓,Adam A.S.Eltoukhy,250000,,115/04/01,經理人更名、證照變更,CC01070 無線通信機械器材製造業；CC01080 電子零組件製造業；CD01030 汽車及其零件製造業；F114030 汽、機車零件配備批發業；F119010 電子材料批發業；F214030 汽、機車零件配備零售業；F219010 電子材料零售業；F401010 國際貿易業；I301010 資訊軟體服務業；ZZ99999 除許可業務外，得經營法令非禁止或限制之業務,臺北市,變更,11504
82943008,曉澄旅行社股份有限公司,臺北市中山區松江路185號12樓之4,陳秋惠,6000000,,115/04/13,經理人變更,J902011 旅行業,臺北市,變更,11504
82949903,養聖股份有限公司,臺北市中山區中山北路3段27號9樓之3,李秉真,5000000,,115/04/17,特殊補正,F102170 食品什貨批發業；F108040 化粧品批發業；F203010 食品什貨、飲料零售業；F208040 化粧品零售業；F102020 食用油脂批發業；F102040 飲料批發業；F104110 布疋、衣著、鞋、帽、傘、服飾品批發業；F105050 家具、寢具、廚房器具、裝設品批發業；F109070 文教、樂器、育樂用品批發業；F121010 食品添加物批發業,臺北市,變更,11504
82952414,鋼鐵戰神健康事業有限公司,臺北市中山區錦州街46號12樓之2,劉乂鳴,2000000,,115/04/16,公司所在地,F102170 食品什貨批發業；F106020 日常用品批發業；F108040 化粧品批發業；F199990 其他批發業；F203010 食品什貨、飲料零售業；F208040 化粧品零售業；F206020 日常用品零售業；F299990 其他零售業；F399990 其他綜合零售業；F208050 乙類成藥零售業,臺北市,變更,11504
82953429,台灣富薩斯科技股份有限公司,臺北市內湖區行善路48巷15號4樓,熊澤勝,100000000,,115/04/07,特殊補正,I501010 產品設計業；I599990 其他設計業；I103060 管理顧問業；I199990 其他顧問服務業；I301010 資訊軟體服務業；I301020 資料處理服務業；I301030 電子資訊供應服務業；F113050 電腦及事務性機器設備批發業；F213030 電腦及事務性機器設備零售業；F401010 國際貿易業,臺北市,變更,11504
82953878,寶和建設股份有限公司,臺北市大安區敦化南路2段69號16樓,張應偉,127500000,,115/04/10,特殊補正,H701010 住宅及大樓開發租售業；H701020 工業廠房開發租售業；H701050 投資興建公共建設業；H701060 新市鎮、新社區開發業；H701070 區段徵收及市地重劃代辦業；H701090 都市更新整建維護業；H702010 建築經理業；H703090 不動產買賣業；H703100 不動產租賃業；H703110 老人住宅業,臺北市,變更,11504
82954665,世永興業有限公司,臺北市中山區建國北路3段90號1樓,陳淑瑩,2000000,,115/04/16,補繳規費,H201010 一般投資業；ZZ99999 除許可業務外，得經營法令非禁止或限制之業務,臺北市,變更,11504
82954905,佳品室內裝修有限公司,臺北市中山區松江路315號11樓,簡如珊,5000000,,115/04/02,公司所在地,E801060 室內裝修業；E599010 配管工程業；E601010 電器承裝業；E801010 室內裝潢業；E801020 門窗安裝工程業；E801030 室內輕鋼架工程業；E901010 油漆工程業；E903010 防蝕、防銹工程業；E603090 照明設備安裝工程業；E801040 玻璃安裝工程業,臺北市,變更,11504
82957972,玩具加乘國際有限公司,臺北市中正區新生南路1段50號7樓,譚展康,1000000,,115/04/28,補繳規費,I501010 產品設計業；F109070 文教、樂器、育樂用品批發業；F401010 國際貿易業,臺北市,變更,11504
82960012,優匯科技有限公司,臺北市大安區金山南路2段10巷15號1樓,王博諒,12000000,,115/04/17,減少所營事業變更修正章程,I301010 資訊軟體服務業；I301020 資料處理服務業；I301030 電子資訊供應服務業；I401010 一般廣告服務業；IZ13010 網路認證服務業；IZ99990 其他工商服務業；F399040 無店面零售業；ZZ99999 除許可業務外，得經營法令非禁止或限制之業務,臺北市,變更,11504
82960408,事可得國際有限公司,臺北市大安區新生北路1段7號2樓,李家宏,500000,,115/04/14,減少所營事業變更修正章程,F209060 文教、樂器、育樂用品零售業；F213030 電腦及事務性機器設備零售業；F218010 資訊軟體零售業；F401010 國際貿易業；F109070 文教、樂器、育樂用品批發業；F113050 電腦及事務性機器設備批發業；F118010 資訊軟體批發業；F203010 食品什貨、飲料零售業；F102170 食品什貨批發業；I301030 電子資訊供應服務業,臺北市,變更,11504
82960603,食事王朝管理顧問有限公司,臺北市中山區南京西路1之1號10樓,,500000,,115/04/30,解散,F501060 餐館業；F501990 其他餐飲業；F203010 食品什貨、飲料零售業；F203020 菸酒零售業；F401010 國際貿易業；I101090 食品顧問業；I103060 管理顧問業；I199990 其他顧問服務業；IZ12010 人力派遣業；C104020 烘焙炊蒸食品製造業,臺北市,變更,11504
82960998,探米金有限公司,臺北市內湖區環山路1段28巷15號2樓,黃冠綸,5000000,,115/04/02,股東出資轉讓修正章程,F106020 日常用品批發業；F206020 日常用品零售業；F118010 資訊軟體批發業；F218010 資訊軟體零售業；F113020 電器批發業；F213010 電器零售業；F106050 陶瓷玻璃器皿批發業；F113050 電腦及事務性機器設備批發業；F213030 電腦及事務性機器設備零售業；F109070 文教、樂器、育樂用品批發業,臺北市,變更,11504
82962481,日琛綠能股份有限公司,臺北市士林區德行西路35號5樓,謝源一,13000000,,115/04/13,補繳規費,F401010 國際貿易業；IG03010 能源技術服務業；ZZ99999 除許可業務外，得經營法令非禁止或限制之業務,臺北市,變更,11504
82962525,愛迪福利科技股份有限公司,臺北市松山區敦化北路167號17樓,柯立世,300000,,115/04/24,申登機關變更（遷入，含卷）,F401010 國際貿易業；F113020 電器批發業；F113050 電腦及事務性機器設備批發業；F118010 資訊軟體批發業；F119010 電子材料批發業；F213010 電器零售業；F213030 電腦及事務性機器設備零售業；F218010 資訊軟體零售業；F219010 電子材料零售業；I301020 資料處理服務業,臺北市,變更,11504
82966986,三鼎國際建設股份有限公司,臺北市萬華區康定路46之5號,邱偉恆,26000000,,115/04/17,改選董事/監察人(一人法人股東指派董事/監察人),H701010 住宅及大樓開發租售業；H701020 工業廠房開發租售業；H701050 投資興建公共建設業；H701060 新市鎮、新社區開發業；H701080 都市更新重建業；H701090 都市更新整建維護業；H702010 建築經理業；H703090 不動產買賣業；H703100 不動產租賃業；E801010 室內裝潢業,臺北市,變更,11504
82967155,御麒能源股份有限公司,臺北市中山區中山北路2段52號11樓,顏嘉甫,14800000,,115/04/09,減少所營事業變更修正章程,JZ99990 未分類其他服務業；CC01120 資料儲存媒體製造及複製業；I401020 廣告傳單分送業；IZ12010 人力派遣業；I199990 其他顧問服務業；JD01010 工商徵信服務業；JZ99050 仲介服務業；JE01010 租賃業；IG03010 能源技術服務業；D101050 汽電共生業,臺北市,變更,11504
82971313,九日風安邑海有限公司,臺北市文山區木新路2段71巷1號1樓,莊茵茵,3300000,,115/04/27,特殊補正,C104010 糖果製造業；C104020 烘焙炊蒸食品製造業；F102040 飲料批發業；F203010 食品什貨、飲料零售業；F501060 餐館業；F501030 飲料店業；ZZ99999 除許可業務外，得經營法令非禁止或限制之業務,臺北市,變更,11504
82973537,鶴昇工程有限公司,臺北市文山區木新路2段79巷10號1樓,蕭偉譯,6000000,,115/04/30,特殊補正,E601010 電器承裝業；E801010 室內裝潢業；E801020 門窗安裝工程業；E801030 室內輕鋼架工程業；E801040 玻璃安裝工程業；E801070 廚具、衛浴設備安裝工程業；F111090 建材批發業；F401010 國際貿易業；ZZ99999 除許可業務外，得經營法令非禁止或限制之業務,臺北市,變更,11504
82974536,富通台南光能股份有限公司,臺北市中正區忠孝西路一段80號16樓,堀越基希,1042425280,,115/04/02,一般補正案,D101060 再生能源自用發電設備業；E601010 電器承裝業；H201010 一般投資業；IG03010 能源技術服務業；ZZ99999 除許可業務外，得經營法令非禁止或限制之業務,臺北市,變更,11504
82974579,晶奕創新國際有限公司,臺北市信義區基隆路2段83號6樓,陳韶華,1000000,,115/04/24,補繳規費,C701010 印刷業；C703010 印刷品裝訂及加工業；C802200 塗料、油漆、染料及顏料製造業；C802990 其他化學製品製造業；C901010 陶瓷及陶瓷製品製造業；C901030 水泥製造業；C901050 水泥及混凝土製品製造業；E599010 配管工程業；E601010 電器承裝業；E601020 電器安裝業,臺北市,變更,11504
82975401,台北電信資訊科技股份有限公司,臺北市大同區承德路1段17號6樓之2,蘇文勗,100000,,115/04/28,改選董事/監察人(一人法人股東指派董事/監察人),G903010 電信事業；JE01010 租賃業；F113020 電器批發業；F113030 精密儀器批發業；F118010 資訊軟體批發業；F113050 電腦及事務性機器設備批發業；F113070 電信器材批發業；F119010 電子材料批發業；F213010 電器零售業；F213030 電腦及事務性機器設備零售業,臺北市,變更,11504
82975964,水剌國際股份有限公司,臺北市中山區北安路595巷28號1樓,金成杓,5000000,,115/04/15,改選董事/監察人(一人法人股東指派董事/監察人),F102170 食品什貨批發業；F203010 食品什貨、飲料零售業；F401010 國際貿易業；F102030 菸酒批發業；F102040 飲料批發業；F102050 茶葉批發業；F203020 菸酒零售業；F601010 智慧財產權業；I101090 食品顧問業；I103060 管理顧問業,臺北市,變更,11504
82976598,瑞福誠投資股份有限公司,臺北市中山區南京東路2段132號9樓之1,孫初偉,1010000,,115/04/23,變更組織,H201010 一般投資業；H202010 創業投資業；I102010 投資顧問業；I103060 管理顧問業；ZZ99999 除許可業務外，得經營法令非禁止或限制之業務,臺北市,變更,11504
82976632,博聚盛投資股份有限公司,臺北市中山區松江路129號2樓之5,孫初偉,1010000,,115/04/23,變更組織,H201010 一般投資業；H202010 創業投資業；I102010 投資顧問業；I103060 管理顧問業；ZZ99999 除許可業務外，得經營法令非禁止或限制之業務,臺北市,變更,11504
82977040,太盛昌資訊服務有限公司,臺北市松山區南京東路5段225號9樓之1,張書豪,1100000,,115/04/28,特殊補正,I301010 資訊軟體服務業；I301020 資料處理服務業；I599990 其他設計業；I503010 景觀、室內設計業；E599010 配管工程業；E601020 電器安裝業；E603090 照明設備安裝工程業；E605010 電腦設備安裝業；E801010 室內裝潢業；E801020 門窗安裝工程業,臺北市,變更,11504
82977668,莯蘴國際有限公司,臺北市大安區信義路3段106號7樓之6,許芸綺,1000000,,115/04/20,增資,F206020 日常用品零售業；F204110 布疋、衣著、鞋、帽、傘、服飾品零售業；F208040 化粧品零售業；F203010 食品什貨、飲料零售業；F399990 其他綜合零售業；F205040 家具、寢具、廚房器具、裝設品零售業；F108040 化粧品批發業；F106020 日常用品批發業；F102040 飲料批發業；F401010 國際貿易業,臺北市,變更,11504
82978054,恆享全球股份有限公司,臺北市大同區西寧北路78之18號,楊雅慧,4000000,,115/04/14,公司名稱變更修正章程,F106060 寵物食品及其用品批發業；F103010 飼料批發業；F106010 五金批發業；F107030 清潔用品批發業；F206050 寵物食品及其用品零售業；F202010 飼料零售業；F399040 無店面零售業；F401010 國際貿易業；F101980 其他動物批發業；F102040 飲料批發業,臺北市,變更,11504
82985148,萊力國際商務股份有限公司,臺北市信義區基隆路1段141號13樓之7,廖為儁,5000000,,115/04/01,改選董事/監察人(一人法人股東指派董事/監察人),E401010 疏濬業；E605010 電腦設備安裝業；F102040 飲料批發業；F102170 食品什貨批發業；F104110 布疋、衣著、鞋、帽、傘、服飾品批發業；F105050 家具、寢具、廚房器具、裝設品批發業；F106010 五金批發業；F106020 日常用品批發業；F107030 清潔用品批發業；F108040 化粧品批發業,臺北市,變更,11504
82998426,初遊旅行社有限公司,臺北市中山區新生北路2段129之1號2樓,李汪哲,8000000,,115/04/28,特殊補正,J902011 旅行業,臺北市,變更,11504
82999086,智信通科技有限公司,臺北市大安區信義路4段184號9樓,張益嘉,2000000,,115/04/01,增資,CC01080 電子零組件製造業；F401010 國際貿易業；F601010 智慧財產權業；I102010 投資顧問業；I103060 管理顧問業；I301010 資訊軟體服務業；I501010 產品設計業；H201010 一般投資業；H703090 不動產買賣業；H703100 不動產租賃業,臺北市,變更,11504
82999092,詠鎂科技有限公司,臺北市南港區南港路3段50巷15號3樓,李享洲,1000000,,115/04/02,公司所在地,F113050 電腦及事務性機器設備批發業；D101060 再生能源自用發電設備業；E601020 電器安裝業；E603050 自動控制設備工程業；E604010 機械安裝業；E605010 電腦設備安裝業；E701010 電信工程業；E701020 衛星電視ＫＵ頻道、Ｃ頻道器材安裝業；E701030 電信管制射頻器材裝設工程業；F113020 電器批發業,臺北市,變更,11504
82999728,裕富投資有限公司,臺北市中山區南京東路2段140號4樓,蘇家慧,1000000,,115/04/10,股東出資轉讓修正章程,H201010 一般投資業；ZZ99999 除許可業務外，得經營法令非禁止或限制之業務,臺北市,變更,11504
82999810,品悠生活科技有限公司,臺北市大同區承德路1段35號6樓之1,楊玉燕,3000000,,115/04/27,公司所在地,J101010 建築物清潔服務業；F102180 酒精批發業；F106010 五金批發業；F106020 日常用品批發業；F106040 水器材料批發業；F107030 清潔用品批發業；F107080 環境用藥批發業；F107170 工業助劑批發業；F111090 建材批發業；F113090 交通標誌器材批發業,臺北市,變更,11504
83000287,凱桔國際有限公司,臺北市大安區復興南路2段17之1號地下室,邱建凱,8000000,,115/04/23,補繳規費,F501060 餐館業；F501030 飲料店業；F201010 農產品零售業；F201020 畜產品零售業；F201030 水產品零售業；F203010 食品什貨、飲料零售業；F203020 菸酒零售業；ZZ99999 除許可業務外，得經營法令非禁止或限制之業務,臺北市,變更,11504
83001217,好事制作室內裝修設計有限公司,臺北市北投區大興街23巷32號1樓,朱兆鴻,1000000,,115/04/17,增資,E801060 室內裝修業；E801010 室內裝潢業；I503010 景觀、室內設計業；I501010 產品設計業；I599990 其他設計業；F105050 家具、寢具、廚房器具、裝設品批發業；F106010 五金批發業；F111090 建材批發業；I401010 一般廣告服務業；I401020 廣告傳單分送業,臺北市,變更,11504
83001265,寶利嘉泰顧問股份有限公司,臺北市中山區復興北路48號3樓,邵國棟,1000000,,115/04/14,特殊補正,I301010 資訊軟體服務業；I301020 資料處理服務業；I301030 電子資訊供應服務業；I401010 一般廣告服務業；JB01010 會議及展覽服務業；JD01010 工商徵信服務業；JE01010 租賃業；JZ99050 仲介服務業；I103060 管理顧問業；I199990 其他顧問服務業,臺北市,變更,11504
83003708,奧城企業有限公司,臺北市中正區新生南路1段50號6樓之5,樊志達,4500000,,115/04/29,特殊補正,F203010 食品什貨、飲料零售業；F102170 食品什貨批發業；F113020 電器批發業；F113050 電腦及事務性機器設備批發業；F113070 電信器材批發業；F119010 電子材料批發業；F105050 家具、寢具、廚房器具、裝設品批發業；F109070 文教、樂器、育樂用品批發業；F113030 精密儀器批發業；F116010 照相器材批發業,臺北市,變更,11504
83004122,和潤電力股份有限公司,臺北市內湖區瑞光路605號10樓,林彥良,10000000,,115/04/14,改選董事/監察人(一人法人股東指派董事/監察人),D101091 再生能源售電業；E601010 電器承裝業；E601020 電器安裝業；E603040 消防安全設備安裝工程業；E603050 自動控制設備工程業；E604010 機械安裝業；E605010 電腦設備安裝業；E606010 用電設備檢驗維護業；EZ05010 儀器、儀表安裝工程業；F113010 機械批發業,臺北市,變更,11504
83004853,瓦特科研股份有限公司,臺北市內湖區民權東路6段423巷9弄15號1樓,李宗羲,5000000,,115/04/27,特殊補正,F113070 電信器材批發業；F114010 汽車批發業；F114020 機車批發業；F114030 汽、機車零件配備批發業；F119010 電子材料批發業；F213060 電信器材零售業；F213080 機械器具零售業；F214010 汽車零售業；F214020 機車零售業；F214030 汽、機車零件配備零售業,臺北市,變更,11504
83004988,祺雲科技有限公司,臺北市大安區新生南路3段88號6樓,張人祺,1000000,,115/04/10,股東出資轉讓修正章程,F113050 電腦及事務性機器設備批發業；F113030 精密儀器批發業；F118010 資訊軟體批發業；F119010 電子材料批發業；F199990 其他批發業；E605010 電腦設備安裝業；I301010 資訊軟體服務業；I301020 資料處理服務業；I301030 電子資訊供應服務業；I199990 其他顧問服務業,臺北市,變更,11504
83005614,黎岸治業有限公司,臺北市中山區林森北路575號8樓之20,葉欣,500000,,115/04/16,特殊補正,F399040 無店面零售業；F204110 布疋、衣著、鞋、帽、傘、服飾品零售業；F206020 日常用品零售業；F205040 家具、寢具、廚房器具、裝設品零售業；F206010 五金零售業；F209060 文教、樂器、育樂用品零售業；F206050 寵物食品及其用品零售業；F203010 食品什貨、飲料零售業；F208040 化粧品零售業；F213010 電器零售業,臺北市,變更,11504
83005733,豐蕎健康管理顧問股份有限公司,臺北市中正區中華路2段73號1樓,吳燕麗,5000000,,115/04/01,特殊補正,I103060 管理顧問業；I199990 其他顧問服務業；IZ09010 管理系統驗證業；IZ12010 人力派遣業；IZ15010 市場研究及民意調查業；IZ99990 其他工商服務業；JZ99990 未分類其他服務業；F203010 食品什貨、飲料零售業；F204110 布疋、衣著、鞋、帽、傘、服飾品零售業；F205040 家具、寢具、廚房器具、裝設品零售業,臺北市,變更,11504
83007227,鋁堡企業有限公司,臺北市大安區忠孝東路3段303號6樓之1,陳氏萩,500000,,115/04/30,特殊補正,E801010 室內裝潢業；EZ99990 其他工程業；F106010 五金批發業；F111090 建材批發業；I503010 景觀、室內設計業；J101010 建築物清潔服務業；J101090 廢棄物清理業；JE01010 租賃業；ZZ99999 除許可業務外，得經營法令非禁止或限制之業務,臺北市,變更,11504
83017463,達宇資訊股份有限公司,臺北市信義區光復南路429號5樓,馮志鈞,5000000,,115/04/08,發行新股,F113050 電腦及事務性機器設備批發業；F213030 電腦及事務性機器設備零售業；F113070 電信器材批發業；F213060 電信器材零售業；F118010 資訊軟體批發業；F218010 資訊軟體零售業；F119010 電子材料批發業；F219010 電子材料零售業；I103060 管理顧問業；I301010 資訊軟體服務業,臺北市,變更,11504
83017793,丹麥商太古再生能源有限公司,臺北市大安區和平東路二段297號5樓,康納德,5000000,,115/04/16,改派在中華民國境內負責人變更登記,IG03010 能源技術服務業；EZ99990 其他工程業；IZ12010 人力派遣業；G403010 船舶出租業；E604010 機械安裝業；E601010 電器承裝業；E603010 電纜安裝工程業；E606010 用電設備檢驗維護業；E607010 太陽熱能設備安裝工程業；E901010 油漆工程業,臺北市,變更,11504
83029616,良田起重有限公司,臺北市信義區忠孝東路5段1之1號9樓,潘信良,1000000,,115/04/07,增資,EZ02010 起重工程業；F106010 五金批發業；ZZ99999 除許可業務外，得經營法令非禁止或限制之業務,臺北市,變更,11504
83030590,岱禾國際有限公司,臺北市中山區松江路122號11樓,鄭凱華,400000,,115/04/24,減少所營事業變更修正章程,F201010 農產品零售業；F201020 畜產品零售業；F201030 水產品零售業；F201990 其他農畜水產品零售業；F203010 食品什貨、飲料零售業；F204110 布疋、衣著、鞋、帽、傘、服飾品零售業；F205040 家具、寢具、廚房器具、裝設品零售業；F206010 五金零售業；F206020 日常用品零售業；F299990 其他零售業,臺北市,變更,11504
83030634,昱榮欣業有限公司,臺北市士林區社中街346巷3弄20號1樓,宋榮昌,10000000,,115/04/29,股東出資轉讓修正章程,H201010 一般投資業；ZZ99999 除許可業務外，得經營法令非禁止或限制之業務,臺北市,變更,11504
83030727,新友數位科技股份有限公司,臺北市大安區新生南路3段54巷4號1樓,范振新,3500000,,115/04/24,特殊補正,J601010 藝文服務業；J602010 藝文活動業；J802010 運動訓練業；J803010 運動表演業；J803020 運動比賽業；JB01010 會議及展覽服務業；F118010 資訊軟體批發業；F218010 資訊軟體零售業；F399040 無店面零售業；F401010 國際貿易業,臺北市,變更,11504
83030819,寵物科研生技股份有限公司,臺北市大安區仁愛路3段82號1樓,蔡曼琳,1000000,,115/04/07,改選董事/監察人(一人法人股東指派董事/監察人),C201020 寵物食品製造業；F102170 食品什貨批發業；F103010 飼料批發業；F106020 日常用品批發業；F106060 寵物食品及其用品批發業；F107030 清潔用品批發業；F107070 動物用藥品批發業；F108040 化粧品批發業；F121010 食品添加物批發業；F202010 飼料零售業,臺北市,變更,11504
83031057,太學中科股份有限公司,臺北市南港區園區街3之1號4樓,劉俊杰,6000000,,115/04/20,特殊補正,F102040 飲料批發業；F102170 食品什貨批發業；F103010 飼料批發業；F104110 布疋、衣著、鞋、帽、傘、服飾品批發業；F105050 家具、寢具、廚房器具、裝設品批發業；F108021 西藥批發業；F108031 醫療器材批發業；F108040 化粧品批發業；F109070 文教、樂器、育樂用品批發業；F110020 眼鏡批發業,臺北市,變更,11504
83031423,樂于創藝股份有限公司,臺北市信義區松德路161號4樓,陳正文,11500000,,115/04/13,特殊補正,F111090 建材批發業；F211010 建材零售業；F106010 五金批發業；F206010 五金零售業；E801010 室內裝潢業；F401010 國際貿易業；H201010 一般投資業；H703090 不動產買賣業；H703100 不動產租賃業；I401010 一般廣告服務業,臺北市,變更,11504
83032865,呼卡國際貿易有限公司,臺北市北投區榮華二路17號1樓,張詠勛,1000000,,115/04/16,特殊補正,F102030 菸酒批發業；F203020 菸酒零售業；F401010 國際貿易業；F104110 布疋、衣著、鞋、帽、傘、服飾品批發業；F106020 日常用品批發業；F204110 布疋、衣著、鞋、帽、傘、服飾品零售業；F206010 五金零售業；F209060 文教、樂器、育樂用品零售業；ZZ99999 除許可業務外，得經營法令非禁止或限制之業務,臺北市,變更,11504
83032915,安寶家有限公司,臺北市中山區伊通街85號,許毓倚,2000000,,115/04/07,公司所在地,F501030 飲料店業；C104020 烘焙炊蒸食品製造業；F501060 餐館業；C110010 飲料製造業；C106010 製粉業；F102040 飲料批發業；F102050 茶葉批發業；F102170 食品什貨批發業；F104110 布疋、衣著、鞋、帽、傘、服飾品批發業；F106020 日常用品批發業,臺北市,變更,11504
83033549,自己人股份有限公司,臺北市士林區忠義街71巷31號5樓,洪秉綺,1200000,,115/04/21,特殊補正,A202010 野生物採取業；A301030 水產養殖業；C701010 印刷業；EZ99990 其他工程業；E801010 室內裝潢業；F102040 飲料批發業；F102170 食品什貨批發業；F104110 布疋、衣著、鞋、帽、傘、服飾品批發業；F105050 家具、寢具、廚房器具、裝設品批發業；F106010 五金批發業,臺北市,變更,11504
83033750,恆源投資有限公司,臺北市中正區衡陽路51號11樓之1,李宗霖,2000000,,115/04/27,特殊補正,H201010 一般投資業；ZZ99999 除許可業務外，得經營法令非禁止或限制之業務,臺北市,變更,11504
83040871,恆潤開發股份有限公司,臺北市信義區光復南路495號4樓,劉孟君,1000000,,115/04/14,申登機關變更（遷入，含卷）,I102010 投資顧問業；I103060 管理顧問業；JE01010 租賃業；H201010 一般投資業；H701010 住宅及大樓開發租售業；H701020 工業廠房開發租售業；H701040 特定專業區開發業；H701050 投資興建公共建設業；H701060 新市鎮、新社區開發業；H701070 區段徵收及市地重劃代辦業,臺北市,變更,11504
83041463,凱特力仕有限公司,臺北市大安區辛亥路2段43號16樓之1,陳正,1000000,,115/04/16,股東出資轉讓修正章程,F103010 飼料批發業；F106060 寵物食品及其用品批發業；F201980 其他動物零售業；F202010 飼料零售業；F206050 寵物食品及其用品零售業；F401010 國際貿易業；JZ99180 寵物美容服務業；JZ99990 未分類其他服務業；F399040 無店面零售業；F107030 清潔用品批發業,臺北市,變更,11504
83041597,麗本芳苑光電股份有限公司,臺北市信義區松高路1號10樓之1,林麗珍,10000000,,115/04/14,改選董事/監察人(一人法人股東指派董事/監察人),CC01010 發電、輸電、配電機械製造業；D101060 再生能源自用發電設備業；D401010 熱能供應業；E601010 電器承裝業；E603090 照明設備安裝工程業；IG03010 能源技術服務業；H201010 一般投資業；H202010 創業投資業；HZ99990 其他金融、保險及不動產業；I102010 投資顧問業,臺北市,變更,11504
83041914,向陽友善能源股份有限公司,臺北市大安區敦化南路2段99號12樓,陳貴光,260800000,,115/04/30,補繳規費,H201010 一般投資業；D101060 再生能源自用發電設備業；IG03010 能源技術服務業；ZZ99999 除許可業務外，得經營法令非禁止或限制之業務,臺北市,變更,11504
83051166,瑞群生技股份有限公司,臺北市大安區忠孝東路4段219號8樓,林怡潔,18000000,,115/04/28,特殊補正,F106020 日常用品批發業；F206020 日常用品零售業；F107030 清潔用品批發業；F207030 清潔用品零售業；F108031 醫療器材批發業；F208031 醫療器材零售業；F108040 化粧品批發業；F208040 化粧品零售業；F208050 乙類成藥零售業；F401010 國際貿易業,臺北市,變更,11504
83051399,鼎升股份有限公司,臺北市信義區忠孝東路5段508號2樓之5,林子揚,5300000,,115/04/24,補繳規費,F106010 五金批發業；F102170 食品什貨批發業；F111090 建材批發業；I103060 管理顧問業；H201010 一般投資業；ZZ99999 除許可業務外，得經營法令非禁止或限制之業務,臺北市,變更,11504
83055228,合英勝國際有限公司,臺北市松山區五常街267號1樓,林柏瑜,10000,,115/04/16,特殊補正,F102170 食品什貨批發業；F104110 布疋、衣著、鞋、帽、傘、服飾品批發業；F106020 日常用品批發業；F109070 文教、樂器、育樂用品批發業；F203010 食品什貨、飲料零售業；F204110 布疋、衣著、鞋、帽、傘、服飾品零售業；F206020 日常用品零售業；F209060 文教、樂器、育樂用品零售業；F399040 無店面零售業；F401010 國際貿易業,臺北市,變更,11504
83055830,云桐科技有限公司,臺北市內湖區內湖路1段250號12樓,ANNA LYN GALVEZ,4500000,,115/04/24,公司所在地,F113050 電腦及事務性機器設備批發業；F118010 資訊軟體批發業；F213030 電腦及事務性機器設備零售業；F218010 資訊軟體零售業；F399040 無店面零售業；F401010 國際貿易業；F601010 智慧財產權業；I199990 其他顧問服務業；I301010 資訊軟體服務業；I301020 資料處理服務業,臺北市,變更,11504
83056628,智轉綠能股份有限公司,臺北市大安區敦化南路2段57號14樓之1,湯順盛,7000000,,115/04/13,特殊補正,ZZ99999 除許可業務外，得經營法令非禁止或限制之業務；A202020 薪炭業；IG03010 能源技術服務業；F107030 清潔用品批發業；F107070 動物用藥品批發業；F107080 環境用藥批發業；F207080 環境用藥零售業；F207070 動物用藥零售業；J101030 廢棄物清除業；J101040 廢棄物處理業,臺北市,變更,11504
83063590,民盛應用企業股份有限公司,臺北市內湖區瑞光路168號6樓,許廷儀,333770000,,115/04/08,特殊補正,C805060 塑膠皮製品製造業；F401010 國際貿易業；I501010 產品設計業；ZZ99999 除許可業務外，得經營法令非禁止或限制之業務,臺北市,變更,11504
83063753,聚睿開發股份有限公司,臺北市中山區復興北路2號8樓之9,盧宗宜,220024000,,115/04/27,特殊補正,E801010 室內裝潢業；EZ99990 其他工程業；F111090 建材批發業；F113010 機械批發業；F211010 建材零售業；F213080 機械器具零售業；F401010 國際貿易業；H201010 一般投資業；H701010 住宅及大樓開發租售業；H701020 工業廠房開發租售業,臺北市,變更,11504
83068666,鄭美香有限公司,臺北市松山區民權東路3段103巷25弄6號2樓,鄭鴻運,10000000,,115/04/29,特殊補正,F101990 其他農、畜、水產品批發業；F102170 食品什貨批發業；C199990 未分類其他食品製造業；C103050 罐頭、冷凍、脫水及醃漬食品製造業；C109010 調味品製造業；C104020 烘焙炊蒸食品製造業；C110010 飲料製造業；A102020 農產品整理業；F102040 飲料批發業；F101130 蔬果批發業,臺北市,變更,11504
83073416,果庭數位資訊有限公司,臺北市信義區忠孝東路5段410號6樓,葉韋辰,500000,,115/04/27,特殊補正,E605010 電腦設備安裝業；E701010 電信工程業；E701040 簡易電信設備安裝業；EZ05010 儀器、儀表安裝工程業；F113010 機械批發業；F113020 電器批發業；F113030 精密儀器批發業；F113050 電腦及事務性機器設備批發業；F113060 度量衡器批發業；F113070 電信器材批發業,臺北市,變更,11504
83073491,邑達電子股份有限公司,臺北市士林區天母東路50巷22號2樓之8,曾裕達,17000000,,115/04/23,發行新股,I501010 產品設計業；I301030 電子資訊供應服務業；IG03010 能源技術服務業；I301010 資訊軟體服務業；I301020 資料處理服務業；I103060 管理顧問業；I102010 投資顧問業；I599990 其他設計業；IG02010 研究發展服務業；IZ99990 其他工商服務業,臺北市,變更,11504
83074702,永日青投資有限公司,臺北市大安區復興南路1段107巷5弄23號1樓,張博翔,46000000,,115/04/17,增資,H201010 一般投資業,臺北市,變更,11504
83077102,毛房食物設計有限公司,臺北市信義區仁愛路4段462號,MARTINELLI RAFAEL GIOVANNI,512764,,115/04/22,特殊補正,F102170 食品什貨批發業；I501010 產品設計業；I599990 其他設計業；J601010 藝文服務業；J602010 演藝活動業；ZZ99999 除許可業務外，得經營法令非禁止或限制之業務；F102030 菸酒批發業；F102040 飲料批發業；F203020 菸酒零售業；F203010 食品什貨、飲料零售業,臺北市,變更,11504
83084201,博為資訊有限公司,臺北市內湖區民權東路6段163巷29弄26號2樓,張博為,1000000,,115/04/16,特殊補正,I301010 資訊軟體服務業；I301020 資料處理服務業；I301030 電子資訊供應服務業；I102010 投資顧問業；I103060 管理顧問業；I401010 一般廣告服務業；J304010 圖書出版業；J305010 有聲出版業；J399010 軟體出版業；J503010 廣播節目製作業,臺北市,變更,11504
83084650,聿信國際有限公司,臺北市信義區信義路4段460號18樓,黃嫦芬,11000000,,115/04/20,股東出資轉讓修正章程,F108031 醫療器材批發業；F208031 醫療器材零售業；F118010 資訊軟體批發業；F218010 資訊軟體零售業；F401010 國際貿易業；I301010 資訊軟體服務業；I301020 資料處理服務業；I301030 電子資訊供應服務業；F106010 五金批發業；F113030 精密儀器批發業,臺北市,變更,11504
83090288,美珂媞歐股份有限公司,臺北市松山區南京東路5段213號9樓,顏鴻傑,50000000,,115/04/15,特殊補正,I401010 一般廣告服務業；I401020 廣告傳單分送業；I501010 產品設計業；I599990 其他設計業；I103060 管理顧問業；I199990 其他顧問服務業；I301010 資訊軟體服務業；I301020 資料處理服務業；I301030 電子資訊供應服務業；JZ99030 攝影業,臺北市,變更,11504
83090631,森石窯股份有限公司,臺北市大安區仁愛路4段345巷4弄28號1樓,蔡瑞通,13000000,,115/04/29,變更組織,F203010 食品什貨、飲料零售業；F401010 國際貿易業；I103060 管理顧問業；J202010 產業育成業；C104010 糖果製造業；C104020 烘焙炊蒸食品製造業；C199020 食用冰製造業；F102030 菸酒批發業；F102040 飲料批發業；F102170 食品什貨批發業,臺北市,變更,11504
83090724,樂洋地產股份有限公司,臺北市信義區松德路161號4樓,洪國振,13500000,,115/04/10,特殊補正,H704041 不動產代銷經紀業；H701010 住宅及大樓開發租售業；H701040 特定專業區開發業；H701050 投資興建公共建設業；H701060 新市鎮、新社區開發業；H701070 區段徵收及市地重劃代辦業；H701080 都市更新重建業；H701090 都市更新整建維護業；HZ02010 金融機構金錢債權收買業務；HZ02020 辦理金融機構金錢債權之評價或拍賣業務,臺北市,變更,11504
83095609,貳伍號食集股份有限公司,臺北市松山區民生東路4段131巷3號1樓,楊博華,1450000,,115/04/15,特殊補正,F201070 花卉零售業；F203010 食品什貨、飲料零售業；F204110 布疋、衣著、鞋、帽、傘、服飾品零售業；F205040 家具、寢具、廚房器具、裝設品零售業；F399040 無店面零售業；I105010 藝術品諮詢顧問業；I199990 其他顧問服務業；I401010 一般廣告服務業；I501010 產品設計業；I502010 服飾設計業,臺北市,變更,11504
83103468,洸洋能源股份有限公司,臺北市內湖區瑞光路605號10樓,林彥良,21000000,,115/04/14,改選董事/監察人(一人法人股東指派董事/監察人),D101050 汽電共生業；D101060 再生能源自用發電設備業；D401010 熱能供應業；E601010 電器承裝業；E601020 電器安裝業；E604010 機械安裝業；E607010 太陽熱能設備安裝工程業；F113010 機械批發業；F113110 電池批發業；F119010 電子材料批發業,臺北市,變更,11504
83107112,台灣芙蓉總合租賃股份有限公司,臺北市大同區南京西路41號8樓之8,下條剛史,70000000,,115/04/21,改選董事/監察人(一人法人股東指派董事/監察人),JE01010 租賃業；H703100 不動產租賃業；H701010 住宅及大樓開發租售業；F213030 電腦及事務性機器設備零售業；F213060 電信器材零售業；F213080 機械器具零售業；H703090 不動產買賣業；IG03010 能源技術服務業；D101060 再生能源自用發電設備業；F213990 其他機械器具零售業,臺北市,變更,11504
83109337,奇爾斯科技有限公司,臺北市信義區忠孝東路5段1之7號7樓,劉祐任,7000000,,115/04/07,增資,CC01040 照明設備製造業；CC01060 有線通信機械器材製造業；CC01070 無線通信機械器材製造業；CC01080 電子零組件製造業；CC01090 電池製造業；CC01110 電腦及其週邊設備製造業；CC01990 其他電機及電子機械器材製造業；CE01010 一般儀器製造業；CE01030 光學儀器製造業；CE01990 其他光學及精密器械製造業,臺北市,變更,11504
83113043,雲朵維制設計有限公司,臺北市信義區忠孝東路5段482號16樓之1,曾子華,1000000,,115/04/29,公司所在地,C501030 合板製造業；C501040 組合木材製造業；C501990 其他木製品製造業；CN01010 家具及裝設品製造業；CP01010 手工具製造業；E603090 照明設備安裝工程業；E801010 室內裝潢業；E801020 門窗安裝工程業；E801030 室內輕鋼架工程業；E801040 玻璃安裝工程業,臺北市,變更,11504
83116294,元喜有限公司,臺北市中山區建國北路3段90號1樓,呂佳素,28000,,115/04/09,公司名稱變更修正章程,F102040 飲料批發業；F102170 食品什貨批發業；F106020 日常用品批發業；F107030 清潔用品批發業；F108040 化粧品批發業；F112040 石油製品批發業；F113050 電腦及事務性機器設備批發業；F114030 汽、機車零件配備批發業；F114040 自行車及其零件批發業；F203010 食品什貨、飲料零售業,臺北市,變更,11504
83119497,寰宇太陽能有限公司,臺北市松山區敦化北路170號3樓,艾誠博,700000,,115/04/17,特殊補正,IG03010 能源技術服務業；IG02010 研究發展服務業；I102010 投資顧問業；I103060 管理顧問業；E601010 電器承裝業；E603090 照明設備安裝工程業；F401010 國際貿易業；ZZ99999 除許可業務外，得經營法令非禁止或限制之業務,臺北市,變更,11504
83138776,周和發興業股份有限公司,臺北市中正區杭州南路1段31號3樓,周健勝,148000000,,115/04/08,特殊補正,H201010 一般投資業；ZZ99999 除許可業務外，得經營法令非禁止或限制之業務,臺北市,變更,11504
83138889,門運動顧問股份有限公司,臺北市士林區福國路95號3樓之6,林昉蓉,1176471,,115/04/09,特殊補正,JA05010 留、遊學服務業；J802010 運動訓練業；I103060 管理顧問業；J803020 運動比賽業；F109070 文教、樂器、育樂用品批發業；F399040 無店面零售業；F401010 國際貿易業；F601010 智慧財產權業；I301010 資訊軟體服務業；I199990 其他顧問服務業,臺北市,變更,11504
83144329,鎂福科技股份有限公司,臺北市中山區松江路200號10樓之1,黃秀麗,5500000,,115/04/13,特殊補正,CA02030 螺絲、螺帽、螺絲釘、及鉚釘等製品製造業；CA02090 金屬線製品製造業；CA04010 表面處理業；ZZ99999 除許可業務外，得經營法令非禁止或限制之業務,臺北市,變更,11504
83149648,恆昕文創股份有限公司,臺北市松山區健康路152號3樓,侯信立,1000000,,115/04/24,特殊補正,J503010 廣播節目製作業；J503020 電視節目製作業；J503030 廣播電視節目發行業；J503040 廣播電視廣告業；J503050 錄影節目帶業；J305010 有聲出版業；J303010 雜誌（期刊）出版業；J304010 圖書出版業；J399010 軟體出版業；J401010 電影片製作業,臺北市,變更,11504
83155296,魚禾子科技有限公司,臺北市中山區松江路200號4樓之1,江天昱,5000000,,115/04/17,特殊補正,F113050 電腦及事務性機器設備批發業；F118010 資訊軟體批發業；F119010 電子材料批發業；F399040 無店面零售業；F401010 國際貿易業；G202010 停車場經營業；I301010 資訊軟體服務業；I501010 產品設計業；I301030 電子資訊供應服務業；IZ04010 翻譯業,臺北市,變更,11504
83155401,天盈開發工業股份有限公司,臺北市中山區長春路172號8樓之6,林金柳,16800000,,115/04/29,改選董事/監察人(一人法人股東指派董事/監察人),CD01030 汽車及其零件製造業；F114030 汽、機車零件配備批發業；F214030 汽、機車零件配備零售業；G202010 停車場經營業；CD01990 其他運輸工具及其零件製造業；F114010 汽車批發業；F114050 車胎批發業；F114990 其他交通運輸工具及其零件批發業；F214010 汽車零售業；F214050 車胎零售業,臺北市,變更,11504
83169475,松中國際股份有限公司,臺北市中正區許昌街42號10樓,廖福順,5000000,,115/04/15,特殊補正,F203010 食品什貨、飲料零售業；H201010 一般投資業；I102010 一般投資顧問業；I103060 管理顧問業；F399040 無店面零售業；F399990 其他綜合零售業；F401010 國際貿易業；F601010 智慧財產權業；ZZ99999 除許可業務外，得經營法令非禁止或限制之業務,臺北市,變更,11504
83170178,台裕精密科技股份有限公司,臺北市中山區中山北路3段57號6樓,周世杰,3500000,,115/04/20,董事長印鑑變更,CB01010 機械設備製造業；CB01990 其他機械製造業；CC01010 發電、輸電、配電機械製造業；E601010 電器承裝業；E601020 電器安裝業；E603050 自動控制設備工程業；E604010 機械安裝業；E605010 電腦設備安裝業；EZ99990 其他工程業；F213010 電器零售業,臺北市,變更,11504
83170206,朵芯有限公司,臺北市大同區南京西路59號,COHEN DOREL,600000,,115/04/17,特殊補正,F106020 日常用品批發業；F108040 化粧品批發業；F206020 日常用品零售業；F208040 化粧品零售業；F399040 無店面零售業；F401010 國際貿易業；ZZ99999 除許可業務外，得經營法令非禁止或限制之業務,臺北市,變更,11504
83170542,豆智文創科技股份有限公司,臺北市中山區南京東路2段150號2樓,童介,100000,,115/04/10,改選董事/監察人(一人法人股東指派董事/監察人),F203010 食品什貨、飲料零售業；F205040 家具、寢具、廚房器具、裝設品零售業；F204110 布疋、衣著、鞋、帽、傘、服飾品零售業；F206020 日常用品零售業；I301010 資訊軟體服務業；I301020 資料處理服務業；I301030 電子資訊供應服務業；I103060 管理顧問業；I199990 其他顧問服務業；G801010 倉儲業,臺北市,變更,11504
83171795,忻岑岳投資有限公司,臺北市大同區民權西路128號11樓,郭再育,8800000,,115/04/22,特殊補正,H201010 一般投資業；H202010 創業投資業；F401010 國際貿易業；ZZ99999 除許可業務外，得經營法令非禁止或限制之業務,臺北市,變更,11504
83173148,荷蘭商亞風纜線倉儲服務股份有限公司,臺北市大安區信義路四段339號12樓,Tom Theodorus Hermanus Nooij,300000,,115/04/08,補繳規費,F401010 國際貿易業；G405010 貨櫃出租業；G801010 倉儲業；JE01010 租賃業；ZZ99999 除許可業務外，得經營法令非禁止或限制之業務,臺北市,變更,11504
83175716,田舍有限公司,臺北市南港區富康街1巷2號,孫翰豪,1060000,,115/04/15,特殊補正,H706021 租賃住宅包租業；H703100 不動產租賃業；H703110 老人住宅業；F221010 食品添加物零售業；F203010 食品什貨、飲料零售業；F501990 其他餐飲業；F399040 無店面零售業；F106010 五金批發業；F206010 五金零售業；F401010 國際貿易業,臺北市,變更,11504
83176004,台灣博秦智嵙股份有限公司,臺北市北投區立功街102號1樓,黃彥智,3000000,,115/04/21,董事/監察人持股變動報備,CQ01010 模具製造業；CB01010 機械設備製造業；CC01110 電腦及其週邊設備製造業；F113050 電腦及事務性機器設備批發業；F213030 電腦及事務性機器設備零售業；F401010 國際貿易業；I103060 管理顧問業；I199990 其他顧問服務業；ZZ99999 除許可業務外，得經營法令非禁止或限制之業務；F118010 資訊軟體批發業,臺北市,變更,11504
83177587,艾柏雲端有限公司,臺北市內湖區南京東路6段350之3號7樓之7,郭柏辰,1000000,,115/04/15,公司印鑑變更,I301010 資訊軟體服務業；I401010 一般廣告服務業；I301020 資料處理服務業；I301040 第三方支付服務業；IZ12010 人力派遣業；I301030 電子資訊供應服務業；ZZ99999 除許可業務外，得經營法令非禁止或限制之業務,臺北市,變更,11504
83177616,暄恒股份有限公司,臺北市中山區建國北路2段116巷19號地下1層,謝柏恒,6000000,,115/04/01,董事/監察人更名,F102040 飲料批發業；F102170 食品什貨批發業；F203010 食品什貨、飲料零售業；F299990 其他零售業；F399990 其他綜合零售業；F399040 無店面零售業；F401010 國際貿易業；I401010 一般廣告服務業；I501010 產品設計業；I599990 其他設計業,臺北市,變更,11504
83181512,星星電力股份有限公司,臺北市士林區中山北路6段88號6樓,周仕昌,395330000,,115/04/23,特殊補正,CC01080 電子零組件製造業；CC01110 電腦及其週邊設備製造業；CC01010 發電、輸電、配電機械製造業；E601010 電器承裝業；E603010 電纜安裝工程業；E604010 機械安裝業；E606010 用電設備檢驗維護業；F399040 無店面零售業；F401010 國際貿易業；F113990 其他機械器具批發業,臺北市,變更,11504
83182414,灩宴股份有限公司,臺北市大安區忠孝東路4段223巷10弄5號1樓,時延瑩,6900000,,115/04/07,改選董事/監察人(一人法人股東指派董事/監察人),F102030 菸酒批發業；F102040 飲料批發業；F102170 食品什貨批發業；F203010 食品什貨、飲料零售業；F203020 菸酒零售業；F203030 酒精零售業；F399040 無店面零售業；F399990 其他綜合零售業；F501030 飲料店業；J202010 產業育成業,臺北市,變更,11504
83182842,瓦祈聲響有限公司,臺北市大安區復興南路1段352號2樓之2,鄭凱元,500000,,115/04/29,特殊補正,F106020 日常用品批發業；F206020 日常用品零售業；F109070 文教、樂器、育樂用品批發業；F209060 文教、樂器、育樂用品零售業；F113020 電器批發業；F213010 電器零售業；F106010 五金批發業；F206010 五金零售業；F118010 資訊軟體批發業；F218010 資訊軟體零售業,臺北市,變更,11504
83182998,金華置業地產股份有限公司,臺北市大安區敦化南路二段218號2樓,林清樑,800000000,,115/04/02,改選董事/監察人(一人法人股東指派董事/監察人),H701010 住宅及大樓開發租售業；H701020 工業廠房開發租售業；H701040 特定專業區開發業；H701050 投資興建公共建設業；H701060 新市鎮、新社區開發業；H701070 區段徵收及市地重劃代辦業；H701080 都市更新重建業；H701090 都市更新整建維護業；H702010 建築經理業；H703090 不動產買賣業,臺北市,變更,11504
83183271,耶底亞設計有限公司,臺北市大安區敦化南路1段225號9樓之10,鄭淑君,1000000,,115/04/17,增資,F204110 布疋、衣著、鞋、帽、傘、服飾品零售業；F205040 家具、寢具、廚房器具、裝設品零售業；F209060 文教、樂器、育樂用品零售業；F215010 首飾及貴金屬零售業；ZZ99999 除許可業務外，得經營法令非禁止或限制之業務,臺北市,變更,11504
83190786,全支付電子支付股份有限公司,臺北市中山區敬業四路33號9樓,林弘斌,1030000000,,115/04/22,修正章程,HZ06011 電子支付業,臺北市,變更,11504
83194684,銳思碳管理顧問股份有限公司,臺北市松山區敦化北路167號14樓,Fotios Kampouris,2000000,,115/04/16,公司所在地,I103060 管理顧問業；I199990 其他顧問服務業；IG03010 能源技術服務業；IZ15010 市場研究及民意調查業；IZ99990 其他工商服務業；ZZ99999 除許可業務外，得經營法令非禁止或限制之業務,臺北市,變更,11504
83195570,毛意盎然有限公司,臺北市大同區民族西路268號1樓,蔣受勳,1700000,,115/04/01,增資,A401031 特定寵物服務業；JZ99180 寵物美容服務業；F206050 寵物食品及其用品零售業；I504010 花藝設計業；F201070 花卉零售業；I503010 景觀、室內設計業；I501010 產品設計業；I105010 藝術品諮詢顧問業；I401010 一般廣告服務業；JB01010 會議及展覽服務業,臺北市,變更,11504
83196661,台泥永續能源投資股份有限公司,臺北市中山區中山北路2段113號11樓,張安平,1000000,,115/04/16,改選董事/監察人(一人法人股東指派董事/監察人),H201010 一般投資業；H703100 不動產租賃業；JE01010 租賃業；ZZ99999 除許可業務外，得經營法令非禁止或限制之業務,臺北市,變更,11504
83199999,睿宏全球股份有限公司,臺北市信義區信義路5段150巷2號9樓之5,葉奕廷,117550000,,115/04/21,減資,H201010 一般投資業；H202010 創業投資業；I102010 投資顧問業；I103060 管理顧問業；I199990 其他顧問服務業；ZZ99999 除許可業務外，得經營法令非禁止或限制之業務,臺北市,變更,11504
83200124,台灣高原股份有限公司,臺北市中山區建國北路2段262號2樓,西川泰史,1000000,,115/04/24,改選董事/監察人(一人法人股東指派董事/監察人),ZZ99999 除許可業務外，得經營法令非禁止或限制之業務；F105050 家具、寢具、廚房器具、裝設品批發業；F106020 日常用品批發業；F109070 文教、樂器、育樂用品批發業；F111090 建材批發業；F205040 家具、寢具、廚房器具、裝設品零售業；F206020 日常用品零售業；F209060 文教、樂器、育樂用品零售業；F211010 建材零售業；F401010 國際貿易業,臺北市,變更,11504
83200715,易商股份有限公司,臺北市大安區敦化南路1段205號2樓之5,張惠箐,1000000,,115/04/29,特殊補正,I103060 管理顧問業；I199990 其他顧問服務業；J101010 建築物清潔服務業；JE01010 租賃業；JZ99050 仲介服務業；H701010 住宅及大樓開發租售業；H701020 工業廠房開發租售業；H703090 不動產買賣業；H703100 不動產租賃業；H703110 老人住宅業,臺北市,變更,11504
83200813,興榮樺興業有限公司,臺北市中正區南昌路2段103號2樓,蔡青樺,5000000,,115/04/01,修正章程,F501060 餐館業；H703100 不動產租賃業；H703090 不動產買賣業；I199990 其他顧問服務業；ZZ99999 除許可業務外，得經營法令非禁止或限制之業務,臺北市,變更,11504
83205211,久福居資產管理股份有限公司,臺北市中山區雙城街10巷14號1樓,薛文琦,100000000,,115/04/14,董事/監察人持股變動報備,H701010 住宅及大樓開發租售業；H703090 不動產買賣業；H703100 不動產租賃業；G202010 停車場經營業；I103060 管理顧問業；J101010 建築物清潔服務業；JA02990 其他修理業；ZZ99999 除許可業務外，得經營法令非禁止或限制之業務,臺北市,變更,11504
83205922,勝納股份有限公司,臺北市內湖區文湖街12號6樓,林逸安,200000,,115/04/10,改選董事/監察人(一人法人股東指派董事/監察人),I301010 資訊軟體服務業；I301020 資料處理服務業；I301030 電子資訊供應服務業；I199990 其他顧問服務業；I401010 一般廣告服務業；J399010 軟體出版業；J601010 藝文服務業；J602010 演藝活動業；H201010 一般投資業；ZZ99999 除許可業務外，得經營法令非禁止或限制之業務,臺北市,變更,11504
83205958,安可飛有限公司,臺北市大安區忠孝東路4段183號13樓之2,徐右竹,250000,,115/04/29,特殊補正,F102170 食品什貨批發業；F104110 布疋、衣著、鞋、帽、傘、服飾品批發業；F106020 日常用品批發業；F108040 化粧品批發業；F109070 文教、樂器、育樂用品批發業；F113010 機械批發業；F113020 電器批發業；F113030 精密儀器批發業；F113070 電信器材批發業；F115010 首飾及貴金屬批發業,臺北市,變更,11504
83211733,奧利佳佳股份有限公司,臺北市大安區忠孝東路4段169號12樓之1,黃有德,2000000,,115/04/14,特殊補正,F113030 精密儀器批發業；F113050 電腦及事務性機器設備批發業；F118010 資訊軟體批發業；F213030 電腦及事務性機器設備零售業；F213040 精密儀器零售業；F218010 資訊軟體零售業；F401010 國際貿易業；F113070 電信器材批發業；F213060 電信器材零售業；F219010 電子材料零售業,臺北市,變更,11504
83211749,金仕達營造有限公司,臺北市文山區木柵路4段149巷15號,曾素麗,25000000,,115/04/24,改推董事/董事長,A101020 農作物栽培業；A101050 花卉栽培業；A102020 農產品整理業；C802120 工業助劑製造業；C802990 其他化學製品製造業；C901990 其他非金屬礦物製品製造業；E101011 綜合營造業；E599010 配管工程業；E801010 室內裝潢業；E901010 油漆工程業,臺北市,變更,11504
83212698,天力新能股份有限公司,臺北市中山區長安東路1段23號8樓之1,吳坤達,30000000,,115/04/15,特殊補正,H201010 一般投資業；H202010 創業投資業；H703090 不動產買賣業；H703100 不動產租賃業；I102010 一般投資顧問業；I103060 管理顧問業；I199990 其他顧問服務業；JE01010 租賃業；F401010 國際貿易業；ZZ99999 除許可業務外，得經營法令非禁止或限制之業務,臺北市,變更,11504
83213660,嘉盛企業股份有限公司,臺北市松山區民權東路3段191巷66號,夏志國,5000000,,115/04/24,改選董事/監察人(一人法人股東指派董事/監察人),F102030 菸酒批發業；F203020 菸酒零售業；F199990 其他批發業；F301010 百貨公司業；F401010 國際貿易業；F401171 酒類輸入業；F203010 食品什貨、飲料零售業；F204110 布疋、衣著、鞋、帽、傘、服飾品零售業；F205040 家具、寢具、廚房器具、裝設品零售業；F206020 日常用品零售業,臺北市,變更,11504
83223885,擇木良禽映像有限公司,臺北市中正區紹興北街35號4樓之3,邵奕瑜,2800000,,115/04/20,特殊補正,F216010 照相器材零售業；I501010 產品設計業；I599990 其他設計業；I401010 一般廣告服務業；I199990 其他顧問服務業；J401010 電影片製作業；J404010 動畫影片製作業；J404020 提供設備及場地供電影片拍攝業；J303010 雜誌（期刊）出版業；J305010 有聲出版業,臺北市,變更,11504
83224815,汎和營養科學股份有限公司,臺北市中山區堤頂大道2段500號7樓之2,林詠翔,30000000,,115/04/10,公司名稱變更修正章程,C102010 乳品製造業；C104010 糖果製造業；C103050 罐頭、冷凍、脫水及醃漬食品製造業；C110010 飲料製造業；C114010 食品添加物製造業；C199040 豆類加工食品製造業；C199990 未分類其他食品製造業；C801030 精密化學材料製造業；C802100 化粧品製造業；C802110 化粧品色素製造業,臺北市,變更,11504
83224884,鷹派整合行銷有限公司,臺北市內湖區江南街81號5樓,許鈞閔,1000000,,115/04/13,特殊補正,E605010 電腦設備安裝業；F113050 電腦及事務性機器設備批發業；F399040 無店面零售業；F601010 智慧財產權業；I103060 管理顧問業；I199990 其他顧問服務業；I301020 資料處理服務業；I301030 電子資訊供應服務業；I401010 一般廣告服務業；I501010 產品設計業,臺北市,變更,11504
83224982,九日風股份有限公司,臺北市大安區溫州街7號,楊豐旭,10600000,,115/04/02,發行新股,C104010 糖果製造業；C104020 烘焙炊蒸食品製造業；F102040 飲料批發業；F203010 食品什貨、飲料零售業；F501060 餐館業；F501030 飲料店業；ZZ99999 除許可業務外，得經營法令非禁止或限制之業務,臺北市,變更,11504
83238395,富恩投資股份有限公司,臺北市中正區羅斯福路2段9號5樓之1,鄒開蓮,10000000,,115/04/28,董事/監察人持股變動報備,H201010 一般投資業；H202010 創業投資業；H703090 不動產買賣業；H703100 不動產租賃業；I102010 投資顧問業；I103060 管理顧問業；ZZ99999 除許可業務外，得經營法令非禁止或限制之業務,臺北市,變更,11504
83238655,光塩股份有限公司,臺北市信義區基隆路1段155號8樓之8,林育群,14750000,,115/04/28,改選董事/監察人(一人法人股東指派董事/監察人),H201010 一般投資業,臺北市,變更,11504
83238986,歐奇仕生物科技股份有限公司,臺北市信義區基隆路1段398號4樓,唐偉超,1000000,,115/04/22,特殊補正,F104110 布疋、衣著、鞋、帽、傘、服飾品批發業；F105050 家具、寢具、廚房器具、裝設品批發業；F106020 日常用品批發業；F109070 文教、樂器、育樂用品批發業；F115010 首飾及貴金屬批發業；F204110 布疋、衣著、鞋、帽、傘、服飾品零售業；F205040 家具、寢具、廚房器具、裝設品零售業；F209060 文教、樂器、育樂用品零售業；F215010 首飾及貴金屬零售業；F399040 無店面零售業,臺北市,變更,11504
83243138,紘瑒科技股份有限公司,臺北市內湖區洲子街77號10樓,曾耀德,93333330,,115/04/09,特殊補正,CB01010 機械設備製造業；CB01020 事務機器製造業；CC01080 電子零組件製造業；CC01120 資料儲存媒體製造及複製業；E605010 電腦設備安裝業；F113010 機械批發業；F113020 電器批發業；F113030 精密儀器批發業；F113050 電腦及事務性機器設備批發業；F113070 電信器材批發業,臺北市,變更,11504
83243720,新和創業投資股份有限公司,臺北市大安區忠孝東路4段270號10樓之1,余政宗,240000000,,115/04/10,特殊補正,H201010 一般投資業；I102010 投資顧問業；I103060 管理顧問業；ZZ99999 除許可業務外，得經營法令非禁止或限制之業務,臺北市,變更,11504
83250067,藏璞規劃設計股份有限公司,臺北市大安區忠孝東路4段2號5樓之3,吳靉芮,1000000,,115/04/08,特殊補正,I503010 景觀、室內設計業；H702010 建築經理業；H701070 區段徵收及市地重劃代辦業；H701080 都市更新重建業；H701090 都市更新整建維護業；E801010 室內裝潢業；I501010 產品設計業；F111090 建材批發業；F211010 建材零售業；F106010 五金批發業,臺北市,變更,11504
83250186,碩壹資訊股份有限公司,臺北市內湖區瑞光路335號5樓,黃祖仁,50000000,,115/04/21,特殊補正,F218010 資訊軟體零售業；F213030 電腦及事務性機器設備零售業；I301030 電子資訊供應服務業；I301010 資訊軟體服務業；F113050 電腦及事務性機器設備批發業；F118010 資訊軟體批發業；I103060 管理顧問業；I501010 產品設計業；F401010 國際貿易業；ZZ99999 除許可業務外，得經營法令非禁止或限制之業務,臺北市,變更,11504
83250952,西河傳承資產管理有限公司,臺北市中山區松江路122號11樓,林琍鈞,31935000,,115/04/28,董事/股東地址變更,H201010 一般投資業；H202010 創業投資業；H703090 不動產買賣業；H703100 不動產租賃業；I102010 投資顧問業；I103060 管理顧問業；I199990 其他顧問服務業；ZZ99999 除許可業務外，得經營法令非禁止或限制之業務,臺北市,變更,11504
83259721,如揚科技有限公司,臺北市大安區忠孝東路4段183號13樓之2,陳彥如,5000000,,115/04/16,公司所在地,F401010 國際貿易業；H703090 不動產買賣業；H703100 不動產租賃業；H701010 住宅及大樓開發租售業；I103060 管理顧問業；I199990 其他顧問服務業；IZ12010 人力派遣業；JZ99050 仲介服務業；F118010 資訊軟體批發業；F218010 資訊軟體零售業,臺北市,變更,11504
83260641,雙生光國際有限公司,臺北市松山區民生東路5段27巷4號1樓,修敏燁,500000,,115/04/29,特殊補正,F102040 飲料批發業；F102170 食品什貨批發業；F104110 布疋、衣著、鞋、帽、傘、服飾品批發業；F203010 食品什貨、飲料零售業；F204110 布疋、衣著、鞋、帽、傘、服飾品零售業；F106020 日常用品批發業；F109070 文教、樂器、育樂用品批發業；F399040 無店面零售業；F401010 國際貿易業；F114040 自行車及其零件批發業,臺北市,變更,11504
83260826,諧合國際有限公司,臺北市大安區復興南路2段218號8樓之2,陳玠甫,2200000,,115/04/13,特殊補正,I102010 投資顧問業；I103060 管理顧問業；I199990 其他顧問服務業；I101070 農、林、漁、畜牧顧問業；I101080 工、礦顧問業；I101090 食品顧問業；I105010 藝術品諮詢顧問業；I301010 資訊軟體服務業；I301020 資料處理服務業；I301030 電子資訊供應服務業,臺北市,變更,11504
83261206,東泰航運股份有限公司,臺北市中正區忠孝東路1段152號10樓之5,蘇秀卿,36600000,,115/04/24,特殊補正,F199010 回收物料批發業；F199990 其他批發業；F401010 國際貿易業；G402011 海運承攬運送業；G403010 船舶出租業；I102010 一般投資顧問業；I199990 其他顧問服務業；JZ99050 仲介服務業；ZZ99999 除許可業務外，得經營法令非禁止或限制之業務,臺北市,變更,11504
83267010,寰準數位有限公司,臺北市大同區延平北路1段102號6樓,陳品樺,1000000,,115/04/08,公司所在地,I301020 資料處理服務業；F118010 資訊軟體批發業；JZ99050 仲介服務業；I401010 一般廣告服務業；F399040 無店面零售業；ZZ99999 除許可業務外，得經營法令非禁止或限制之業務；I301030 電子資訊供應服務業；I301010 資訊軟體服務業；H201010 一般投資業；IZ13010 網路認證服務業,臺北市,變更,11504
83267089,千豐網路股份有限公司,臺北市北投區裕民六路120號4樓,張贏太,6000000,,115/04/09,改選董事/監察人(一人法人股東指派董事/監察人),F101130 蔬果批發業；F101990 其他農、畜、水產品批發業；F102020 食用油脂批發業；F102030 菸酒批發業；F102040 飲料批發業；F102050 茶葉批發業；F102170 食品什貨批發業；F102180 酒精批發業；F103010 飼料批發業；F104110 布疋、衣著、鞋、帽、傘、服飾品批發業,臺北市,變更,11504
83267763,均海有限公司,臺北市信義區忠孝東路5段1之4號7樓,彭奕超,2000000,,115/04/14,公司所營事業變更修正章程,F111090 建材批發業；E801010 室內裝潢業；E801020 門窗安裝工程業；E801030 室內輕鋼架工程業；E801040 玻璃安裝工程業；E801070 廚具、衛浴設備安裝工程業；E599010 配管工程業；E603040 消防安全設備安裝工程業；E603090 照明設備安裝工程業；F106020 日常用品批發業,臺北市,變更,11504
83267855,極麗科技股份有限公司,臺北市內湖區港墘路221巷41號7樓,王植煇,20000000,,115/04/24,發行新股,E603050 自動控制設備工程業；E605010 電腦設備安裝業；E701010 電信工程業；E701020 衛星電視ＫＵ頻道、Ｃ頻道器材安裝業；E701030 電信管制射頻器材裝設工程業；E701040 簡易電信設備安裝業；EZ05010 儀器、儀表安裝工程業；F113030 精密儀器批發業；F113050 電腦及事務性機器設備批發業；F113070 電信器材批發業,臺北市,變更,11504
83360661,美商費尼克斯有限公司,臺北市內湖區瑞湖街88號6樓之3,歐常聖,500000,,115/04/22,改派在中華民國境內負責人變更登記,F118010 資訊軟體批發業；F213030 電腦及事務性機器設備零售業；F218010 資訊軟體零售業；F401010 國際貿易業；I301010 資訊軟體服務業；I301020 資料處理服務業；I301030 電子資訊供應服務業；ZZ99999 除許可業務外，得經營法令非禁止或限制之業務,臺北市,變更,11504
83360959,香港商宇晨品牌顧問有限公司,臺北市信義區基隆路一段200號地下2樓,陳暐翔,28000000,,115/04/28,本公司董事及其他負責人變更,I103060 管理顧問業；I199990 其他顧問服務業；F601010 智慧財產權業；J601010 藝文服務業；J701040 休閒活動場館業；J801030 競技及休閒運動場館業；J802010 運動訓練業；J803010 運動表演業；J803020 運動比賽業；F203010 食品什貨、飲料零售業,臺北市,變更,11504
83365547,經采科技股份有限公司,臺北市內湖區陽光街321巷56號3樓之7,扈端華,36000000,,115/04/22,改派董事/監察人,I301010 資訊軟體服務業；I301020 資料處理服務業；I301030 電子資訊供應服務業；F118010 資訊軟體批發業；F119010 電子材料批發業；F218010 資訊軟體零售業；F219010 電子材料零售業；F401010 國際貿易業；E605010 電腦設備安裝業；F113030 精密儀器批發業,臺北市,變更,11504
83365835,雪莉戶外用品有限公司,臺北市松山區復興北路201號4樓之1,蔡有訓,1000000,,115/04/17,公司所營事業變更修正章程,F104110 布疋、衣著、鞋、帽、傘、服飾品批發業；F106020 日常用品批發業；F109070 文教、樂器、育樂用品批發業；F204110 布疋、衣著、鞋、帽、傘、服飾品零售業；F206020 日常用品零售業；F206050 寵物食品及其用品零售業；F208040 化粧品零售業；F209060 文教、樂器、育樂用品零售業；F399040 無店面零售業；F401010 國際貿易業,臺北市,變更,11504
83365949,和益資產管理有限公司,臺北市信義區基隆路2段91號11樓之5,楊玉潔,500000,,115/04/27,公司所營事業變更修正章程,H706011 租賃住宅代管業；H706021 租賃住宅包租業；E801010 室內裝潢業；F399040 無店面零售業；H703100 不動產租賃業；H703090 不動產買賣業；F107030 清潔用品批發業；C802090 清潔用品製造業；F102170 食品什貨批發業；F105050 家具、寢具、廚房器具、裝設品批發業,臺北市,變更,11504
83366243,三乘三有限公司,臺北市中山區中山北路3段25之10、11號(1樓),陳明陽,1000000,,115/04/16,特殊補正,F203010 食品什貨、飲料零售業；F501030 飲料店業；F501060 餐館業；F204110 布疋、衣著、鞋、帽、傘、服飾品零售業；F206020 日常用品零售業；F213010 電器零售業；F401010 國際貿易業；ZZ99999 除許可業務外，得經營法令非禁止或限制之業務,臺北市,變更,11504
83381878,台灣和暄綠能股份有限公司,臺北市信義區忠孝東路5段68號14樓,黃良傑,448749080,,115/04/17,特殊補正,F401010 國際貿易業；I102010 投資顧問業；IG03010 能源技術服務業；D401010 熱能供應業；ZZ99999 除許可業務外，得經營法令非禁止或限制之業務,臺北市,變更,11504
83383475,咊沄有限公司,臺北市內湖區潭美街139號2樓之2,何恭榮,1000000,,115/04/29,公司名稱變更修正章程,F199990 其他批發業；F106020 日常用品批發業；F102170 食品什貨批發業；F103010 飼料批發業；F104110 布疋、衣著、鞋、帽、傘、服飾品批發業；F105050 家具、寢具、廚房器具、裝設品批發業；F106010 五金批發業；F106050 陶瓷玻璃器皿批發業；F106060 寵物食品及其用品批發業；F107030 清潔用品批發業,臺北市,變更,11504
83400241,火星創集行銷股份有限公司,臺北市中山區建國北路2段120號13樓,朱企成,124704790,,115/04/09,特殊補正,H201010 一般投資業；I401010 一般廣告服務業；I401020 廣告傳單分送業；I301010 資訊軟體服務業；I301020 資料處理服務業；I301030 電子資訊供應服務業；I301060 網路廣告平臺業；IZ15010 市場研究及民意調查業；J602010 演藝活動業；JB01010 會議及展覽服務業,臺北市,變更,11504
83401585,台灣日信科技股份有限公司,臺北市中山區錦州街28號4樓,並木浩,55000000,,115/04/20,特殊補正,CC01010 發電、輸電、配電機械製造業；CC01110 電腦及其週邊設備製造業；CC01120 資料儲存媒體製造及複製業；CC01080 電子零組件製造業；CD01020 軌道車輛及其零件製造業；E603050 自動控制設備工程業；E601010 電器承裝業；E605010 電腦設備安裝業；F113010 機械批發業；F213080 機械器具零售業,臺北市,變更,11504
83409117,永悅國際管理顧問有限公司,臺北市大安區復興南路1段137號16樓之1,蘭姸,6000000,,115/04/10,特殊補正,H701010 住宅及大樓開發租售業；H703090 不動產買賣業；I102010 一般投資顧問業；JA05010 留、遊學服務業；ZZ99999 除許可業務外，得經營法令非禁止或限制之業務；F401010 國際貿易業；I103060 管理顧問業；I401010 一般廣告服務業；H202010 創業投資業；H701020 工業廠房開發租售業,臺北市,變更,11504
83412041,瑞瑜開發投資股份有限公司,臺北市大安區忠孝東路4段148號7樓,唐廼元,116000000,,115/04/08,董事(常務董事.董事長)/監察人解任,F111090 建材批發業；F211010 建材零售業；H701010 住宅及大樓開發租售業；H703090 不動產買賣業；H703100 不動產租賃業；I503010 景觀、室內設計業；ZZ99999 除許可業務外，得經營法令非禁止或限制之業務,臺北市,變更,11504
83446817,匯豐汽車股份有限公司,臺北市松山區南京東路三段270號5樓,曾鑫城,3221815820,,115/04/29,改派董事/監察人,HZ01010 應收帳款收買業務；JA01010 汽車修理業；JZ99050 仲介服務業；HZ02010 辦理金融機構金錢債權收買業務；HZ02020 辦理金融機構金錢債權之評價或拍賣業務,臺北市,變更,11504
83449504,禧邁有限公司,臺北市大安區仁愛路4段345巷2弄5號2樓,連文錡,3000000,,115/04/10,公司所在地,F105050 家具、寢具、廚房器具、裝設品批發業；F205040 家具、寢具、廚房器具、裝設品零售業；F401010 國際貿易業；ZZ99999 除許可業務外，得經營法令非禁止或限制之業務,臺北市,變更,11504
83450327,勝星娛樂股份有限公司,臺北市大安區仁愛路4段34號2樓,張瑞哲,7000000,,115/04/17,特殊補正,I301060 網路廣告平臺業；I401010 一般廣告服務業；J202010 產業育成業；J401010 電影片製作業；J402010 電影片發行業；J403010 電影片映演業；J404010 動畫影片製作業；J404020 提供設備及場地供電影片拍攝業；J404030 電影沖印業；J404040 電影錄音業,臺北市,變更,11504
83450966,千秧國際有限公司,臺北市信義區基隆路1段155號7樓,黃傑,2000000,,115/04/28,股東出資轉讓修正章程,F102170 食品什貨批發業；F104110 布疋、衣著、鞋、帽、傘、服飾品批發業；F105050 家具、寢具、廚房器具、裝設品批發業；F106020 日常用品批發業；F106050 陶瓷玻璃器皿批發業；F108040 化粧品批發業；F109070 文教、樂器、育樂用品批發業；F203010 食品什貨、飲料零售業；F205040 家具、寢具、廚房器具、裝設品零售業；F206020 日常用品零售業,臺北市,變更,11504
83456758,睿致富御傳承股份有限公司,臺北市大同區民權西路268號3樓之5,林冠秀,500000,,115/04/29,特殊補正,H201010 一般投資業；I102010 投資顧問業；I103060 管理顧問業；ZZ99999 除許可業務外，得經營法令非禁止或限制之業務,臺北市,變更,11504
83459050,博瀚實業開發有限公司,臺北市大安區忠孝東路4段221號8樓,張曉明,11000000,,115/04/07,減資,H201010 一般投資業；H202010 創業投資業；I102010 投資顧問業；I103060 管理顧問業；H703090 不動產買賣業；H703100 不動產租賃業；JZ99050 仲介服務業；F401010 國際貿易業；F601010 智慧財產權業；ZZ99999 除許可業務外，得經營法令非禁止或限制之業務,臺北市,變更,11504
83460492,電心萬象股份有限公司,臺北市中山區復興北路2號4樓之7,伊丹英人,5000000,,115/04/14,改選董事/監察人(一人法人股東指派董事/監察人),I301010 資訊軟體服務業；I301020 資料處理服務業；I301030 電子資訊供應服務業；IZ04010 翻譯業；ZZ99999 除許可業務外，得經營法令非禁止或限制之業務,臺北市,變更,11504
83462631,心動生活科技股份有限公司,臺北市大同區甘谷街26號5樓,陳文彬,5000000,,115/04/27,特殊補正,CC01060 有線通信機械器材製造業；CC01070 無線通信機械器材製造業；CC01110 電腦及其週邊設備製造業；E701040 簡易電信設備安裝業；F113050 電腦及事務性機器設備批發業；F113070 電信器材批發業；F118010 資訊軟體批發業；F119010 電子材料批發業；F213030 電腦及事務性機器設備零售業；F401010 國際貿易業,臺北市,變更,11504
83463651,甘霖控股股份有限公司,臺北市中山區中山北路2段68號3樓,甘建福,482678000,,115/04/02,特殊補正,H201010 一般投資業；H202010 創業投資業；I102010 投資顧問業；I103060 管理顧問業；I199990 其他顧問服務業；J801030 競技及休閒運動場館業；ZZ99999 除許可業務外，得經營法令非禁止或限制之業務,臺北市,變更,11504
83464292,核果智能科技股份有限公司,臺北市大安區忠孝東路4段270號7樓,李厚均,5000000,,115/04/23,增資(資本總額),F113050 電腦及事務性機器設備批發業；F113070 電信器材批發業；F118010 資訊軟體批發業；F119010 電子材料批發業；I103060 管理顧問業；I301010 資訊軟體服務業；I301020 資料處理服務業；F601010 智慧財產權業；CC01080 電子零組件製造業；CC01110 電腦及其週邊設備製造業,臺北市,變更,11504
83464357,廣赫投資股份有限公司,臺北市大同區延平北路1段102號4樓,劉敏蓉,25000000,,115/04/09,特殊補正,H201010 一般投資業；ZZ99999 除許可業務外，得經營法令非禁止或限制之業務,臺北市,變更,11504
83464716,創生醫電股份有限公司,臺北市松山區復興北路201號4樓之1,吳子珩,23210000,,115/04/24,董事/監察人持股變動報備,F213040 精密儀器零售業；F219010 電子材料零售業；F119010 電子材料批發業；CE01030 光學儀器製造業；I301010 資訊軟體服務業；IG01010 生物技術服務業；ZZ99999 除許可業務外，得經營法令非禁止或限制之業務,臺北市,變更,11504
83465095,靡顏奢華有限公司,臺北市大同區民族西路243號1樓,李福哲,5000000,,115/04/30,特殊補正,F104110 布疋、衣著、鞋、帽、傘、服飾品批發業；F108040 化粧品批發業；F204110 布疋、衣著、鞋、帽、傘、服飾品零售業；F208040 化粧品零售業；F401010 國際貿易業；ZZ99999 除許可業務外，得經營法令非禁止或限制之業務；G801010 倉儲業；F219010 電子材料零售業；I199990 其他顧問服務業；I501010 產品設計業,臺北市,變更,11504
83466685,建鴻實業股份有限公司,臺北市北投區文林北路258號10樓,曾瓊瑩,1000000,,115/04/30,申登機關變更（遷入，含卷）,CB01010 機械設備製造業；CB01020 事務機器製造業；CC01010 發電、輸電、配電機械製造業；CC01020 電線及電纜製造業；CC01030 電器及視聽電子產品製造業；CC01040 照明設備製造業；CC01060 有線通信機械器材製造業；CC01070 無線通信機械器材製造業；CC01080 電子零組件製造業；CC01110 電腦及其週邊設備製造業,臺北市,變更,11504
83467740,彼得巧網路資訊股份有限公司,臺北市信義區松德路171號5樓之4,蔡德生,1000000,,115/04/10,特殊補正,I301010 資訊軟體服務業；I301020 資料處理服務業；I301030 電子資訊供應服務業；IE01010 電信業務門號代辦業；IZ13010 網路認證服務業；E605010 電腦設備安裝業；F401010 國際貿易業；F119010 電子材料批發業；F219010 電子材料零售業；F113070 電信器材批發業,臺北市,變更,11504
83468847,關心醫點股份有限公司,臺北市中正區青島東路4之8號1樓,,1000000,,115/04/08,特殊補正,I301030 電子資訊供應服務業；JB01010 會議及展覽服務業；I401010 一般廣告服務業；J303010 雜誌（期刊）出版業；J304010 圖書出版業；J399990 其他出版業；F399040 無店面零售業；I501010 產品設計業；I599990 其他設計業；F209060 文教、樂器、育樂用品零售業,臺北市,變更,11504
83468902,洗悅專業洗衣服務股份有限公司,臺北市士林區大南路349號,黃景琳,2000000,,115/04/20,改選董事/監察人(一人法人股東指派董事/監察人),JA03010 洗衣業；F107030 清潔用品批發業；F113020 電器批發業；F113010 機械批發業；F113990 其他機械器具批發業；F207030 清潔用品零售業；F213080 機械器具零售業；F213990 其他機械器具零售業；F213010 電器零售業；F401010 國際貿易業,臺北市,變更,11504
83469212,鈞興機電股份有限公司,臺北市大安區信義路3段106號4樓之3,鍾昭文,36000000,,115/04/24,發行新股,CB01010 機械設備製造業；CB01990 其他機械製造業；CC01010 發電、輸電、配電機械製造業；CD01010 船舶及其零件製造業；CD01030 汽車及其零件製造業；CD01990 其他運輸工具及其零件製造業；CD01060 航空器及其零件製造業；F114030 汽、機車零件配備批發業；F206010 五金零售業；F401010 國際貿易業,臺北市,變更,11504
83469536,海悅國際資產管理股份有限公司,臺北市松山區民權東路3段170號4樓,黃瀚,250000000,,115/04/07,發行新股,H201010 一般投資業；ZZ99999 除許可業務外，得經營法令非禁止或限制之業務,臺北市,變更,11504
83469563,創新未來股份有限公司,臺北市中山區渭水路18號3樓,劉彥谷,500000,,115/04/28,特殊補正,I301010 資訊軟體服務業；IZ13010 網路認證服務業；IG02010 研究發展服務業；IZ09010 管理系統驗證業；I599990 其他設計業；IZ99990 其他工商服務業；F118010 資訊軟體批發業；CC01040 照明設備製造業；CC01060 有線通信機械器材製造業；CC01080 電子零組件製造業,臺北市,變更,11504
83475571,梧木研制設計有限公司,臺北市松山區八德路2段346巷9弄7號1樓,鍾時益,1200000,,115/04/09,特殊補正,E801010 室內裝潢業；E801020 門窗安裝工程業；E801030 室內輕鋼架工程業；E801040 玻璃安裝工程業；E801070 廚具、衛浴設備安裝工程業；E901010 油漆工程業；F104110 布疋、衣著、鞋、帽、傘、服飾品批發業；F105050 家具、寢具、廚房器具、裝設品批發業；F106010 五金批發業；F106020 日常用品批發業,臺北市,變更,11504
83476086,謙匯普樂室旅館經營管理顧問股份有限公司,臺北市信義區信義路5段109號地下1樓,曾安綺,21000000,,115/04/15,特殊補正,J901020 一般旅館業；JE01010 租賃業；JZ99050 仲介服務業；JZ99080 美容美髮服務業；I102010 投資顧問業；I103060 管理顧問業；I401010 一般廣告服務業；I503010 景觀、室內設計業；H201010 一般投資業；H701010 住宅及大樓開發租售業,臺北市,變更,11504
83476327,奎景運算科技股份有限公司,臺北市大安區仁愛路4段34號2樓,陳俊傑,1100000,,115/04/14,改選董事/監察人(一人法人股東指派董事/監察人),I301010 資訊軟體服務業；I199990 其他顧問服務業；I301020 資料處理服務業；I301030 電子資訊供應服務業；I501010 產品設計業；IG02010 研究發展服務業；IZ99990 其他工商服務業；J399010 軟體出版業；F401010 國際貿易業；F218010 資訊軟體零售業,臺北市,變更,11504
83476810,立昇國際有限公司,臺北市南港區南港路3段225號,許逸惠,1000000,,115/04/02,增資,F114020 機車批發業；F114030 汽、機車零件配備批發業；F214020 機車零售業；F214030 汽、機車零件配備零售業；JA02020 機車修理業；F401010 國際貿易業；F104110 布疋、衣著、鞋、帽、傘、服飾品批發業；F204110 布疋、衣著、鞋、帽、傘、服飾品零售業；F114040 自行車及其零件批發業；F114050 車胎批發業,臺北市,變更,11504
83477091,定邦國際股份有限公司,臺北市大安區敦化南路2段57號5樓,楊邦彥,6500000,,115/04/29,改選董事/監察人(一人法人股東指派董事/監察人),H201010 一般投資業；I102010 一般投資顧問業；I103060 管理顧問業；H703100 不動產租賃業；H703090 不動產買賣業；ZZ99999 除許可業務外，得經營法令非禁止或限制之業務,臺北市,變更,11504
83477590,連線商業銀行股份有限公司,臺北市內湖區瑞光路333號3樓及4樓,黃仁埈,20000000000,,115/04/10,修正章程,H101021 商業銀行業；H601021 財產保險代理人,臺北市,變更,11504
83478367,日商利達電子股份有限公司,臺北市信義區基隆路二段51號14樓,石原正義,0,,115/04/09,改派在中華民國境內代表人,,臺北市,變更,11504
83478710,富邦私募股權股份有限公司,臺北市松山區敦化南路1段108號6樓,黃昭棠,80000000,,115/04/30,改選董事/監察人(一人法人股東指派董事/監察人),H201010 一般投資業；H202010 創業投資業；I102010 投資顧問業；I103060 管理顧問業；ZZ99999 除許可業務外，得經營法令非禁止或限制之業務,臺北市,變更,11504
83478802,晨浩有限公司,臺北市大安區羅斯福路3段253號2樓之2,蔡依雯,2010000,,115/04/30,股東出資轉讓修正章程,F106020 日常用品批發業；F108040 化粧品批發業；F206020 日常用品零售業；F208040 化粧品零售業；F399040 無店面零售業；F401010 國際貿易業；I301010 資訊軟體服務業；I301020 資料處理服務業；I301030 電子資訊供應服務業；I401010 一般廣告服務業,臺北市,變更,11504
83479339,龍台企業有限公司,臺北市中山區松江路76號7樓之2,李啟宏,1000000,,115/04/15,股東出資轉讓修正章程,F101050 水產品批發業；F101990 其他農、畜、水產品批發業；F102030 菸酒批發業；F105050 家具、寢具、廚房器具、裝設品批發業；F119010 電子材料批發業；F201030 水產品零售業；F203020 菸酒零售業；F215010 首飾及貴金屬零售業；F215020 礦石零售業；F219010 電子材料零售業,臺北市,變更,11504
83481996,愛樂酷科技股份有限公司,臺北市南港區忠孝東路7段508號3樓之1,郭翰哲,153266450,,115/04/07,特殊補正,E502010 燃料導管安裝工程業；E604010 機械安裝業；E701010 電信工程業；EZ15010 保溫、保冷安裝工程業；F113010 機械批發業；F113020 電器批發業；F113050 電腦及事務性機器設備批發業；F114030 汽、機車零件配備批發業；F114040 自行車及其零件批發業；F119010 電子材料批發業,臺北市,變更,11504
83485557,薪寰企業有限公司,臺北市大安區忠孝東路3段259號7樓,李瑞寰,2000000,,115/04/20,公司所營事業變更修正章程,F102170 食品什貨批發業；F121010 食品添加物批發業；F108040 化粧品批發業；F401010 國際貿易業；I101090 食品顧問業；I103060 管理顧問業；IG01010 生物技術服務業；H201010 一般投資業；H202010 創業投資業；H701010 住宅及大樓開發租售業,臺北市,變更,11504
83491468,謙諹投資有限公司,臺北市中山區敬業一路158號3樓,黃一洪,27150000,,115/04/13,股東出資轉讓修正章程,H201010 一般投資業,臺北市,變更,11504
83496007,心佳國際股份有限公司,臺北市松山區民生東路3段135號7樓,王建國,26305000,,115/04/28,改選董事/監察人(一人法人股東指派董事/監察人),H201010 一般投資業,臺北市,變更,11504
83501830,威維投資股份有限公司,臺北市中正區中華路1段59號9樓,王思婷,1000000,,115/04/15,減資,H201010 一般投資業,臺北市,變更,11504
83502084,神仙投資股份有限公司,臺北市中正區中華路1段59號9樓,李家銘,5500000,,115/04/30,特殊補正,H201010 一般投資業；H703090 不動產買賣業；H703100 不動產租賃業；I103060 管理顧問業；E801010 室內裝潢業；F111090 建材批發業；F211010 建材零售業；F220010 耐火材料零售業；H701010 住宅及大樓開發租售業；H701020 工業廠房開發租售業,臺北市,變更,11504
83502177,新能國際科技股份有限公司,臺北市大同區南京西路62號14樓,伊藤建也,370000000,,115/04/15,董事(常務董事.董事長)/監察人解任,E601010 電器承裝業；E601020 電器安裝業；E604010 機械安裝業；E606010 用電設備檢驗維護業；F113010 機械批發業；F113020 電器批發業；F113990 其他機械器具批發業；F213010 電器零售業；F213990 其他機械器具零售業；F399040 無店面零售業,臺北市,變更,11504
83502211,昱辰資訊有限公司,臺北市內湖區行愛路55號7樓,官裕凱,50050000,,115/04/14,特殊補正,CH01040 玩具製造業；E599010 配管工程業；E601010 電器承裝業；E601020 電器安裝業；E603040 消防安全設備安裝工程業；E603050 自動控制設備工程業；E603090 照明設備安裝工程業；E605010 電腦設備安裝業；E606010 用電設備檢驗維護業；E701030 電信管制射頻器材裝設工程業,臺北市,變更,11504
83502319,心若欣股份有限公司,臺北市松山區南京東路5段70號9樓之2,吳文鶯,5000000,,115/04/14,補繳規費,H201010 一般投資業；H703090 不動產買賣業；H703100 不動產租賃業；ZZ99999 除許可業務外，得經營法令非禁止或限制之業務,臺北市,變更,11504
83502697,牧來投資開發股份有限公司,臺北市中山區長安東路2段77號3樓之1,唐廼元,85000000,,115/04/08,董事(常務董事.董事長)/監察人解任,H201010 一般投資業；ZZ99999 除許可業務外，得經營法令非禁止或限制之業務,臺北市,變更,11504
83504506,安鉑企業有限公司,臺北市南港區忠孝東路5段815號6樓,楊文仁,5000000,,115/04/10,特殊補正,F102170 食品什貨批發業；F104110 布疋、衣著、鞋、帽、傘、服飾品批發業；F105050 家具、寢具、廚房器具、裝設品批發業；F106020 日常用品批發業；F107030 清潔用品批發業；F108040 化粧品批發業；F109070 文教、樂器、育樂用品批發業；F118010 資訊軟體批發業；F203010 食品什貨、飲料零售業；F204110 布疋、衣著、鞋、帽、傘、服飾品零售業,臺北市,變更,11504
83504978,將來商業銀行股份有限公司,臺北市大安區敦化南路二段95號6、7、8、9樓,郭水義,10000000000,,115/04/28,改派董事/監察人,H101021 商業銀行業；H601011 人身保險代理人；H601021 財產保險代理人,臺北市,變更,11504
83505358,強哥批發貿易有限公司,臺北市中正區開封街1段37號5樓,趙國棟,100000,,115/04/28,修正章程,F203010 食品什貨、飲料零售業；F206020 日常用品零售業；F207030 清潔用品零售業；F208031 醫療器材零售業；F208040 化粧品零售業；F208050 乙類成藥零售業；F209060 文教、樂器、育樂用品零售業；F213010 電器零售業；F399040 無店面零售業；F401010 國際貿易業,臺北市,變更,11504
83507193,輝陽能源股份有限公司,臺北市萬華區西園路2段261巷20弄22號,羅子武,19200000,,115/04/16,特殊補正,C801020 石油化工原料製造業；C801030 精密化學材料製造業；C801100 合成樹脂及塑膠製造業；C802200 塗料、油漆、染料及顏料製造業；C803990 其他石油及煤製品製造業；C804010 輪胎製造業；CA01070 廢車船解體及廢鋼鐵五金處理業；CA01080 鍊鋁業；CA01110 鍊銅業；CA03010 熱處理業,臺北市,變更,11504
83507258,多元滿事業有限公司,臺北市中山區長安東路2段169號5樓,吳滿足,300000,,115/04/28,減資,F107030 清潔用品批發業；F108040 化粧品批發業；F121010 食品添加物批發業；F207030 清潔用品零售業；F208040 化粧品零售業；F221010 食品添加物零售業；F401010 國際貿易業；F601010 智慧財產權業；I101090 食品顧問業；I103060 管理顧問業,臺北市,變更,11504
83513202,東林資產股份有限公司,臺北市大安區復興南路一段368號8樓,廖尚文,5000000000,,115/04/16,改派董事/監察人,E801010 室內裝潢業；F201090 觀賞魚零售業；H701010 住宅及大樓開發租售業；H701020 工業廠房開發租售業；H701040 特定專業區開發業；H701050 投資興建公共建設業；H701060 新市鎮、新社區開發業；H701080 都市更新重建業；H703100 不動產租賃業；HZ02020 辦理金融機構金錢債權之評價或拍賣業務,臺北市,變更,11504
83514568,杰登事業股份有限公司,臺北市大同區民生西路225號12樓,賴偉杰,50000000,,115/04/07,改選董事/監察人(一人法人股東指派董事/監察人),H703090 不動產買賣業；H703100 不動產租賃業；I103060 管理顧問業；F299990 其他零售業；F399040 無店面零售業；F399990 其他綜合零售業；H201010 一般投資業；H202010 創業投資業；I199990 其他顧問服務業；JE01010 租賃業,臺北市,變更,11504
83516159,美歐亞發展二號股份有限公司,臺北市信義區松仁路89號17樓,Marzio Keiling,50000000,,115/04/02,改選董事/監察人(一人法人股東指派董事/監察人),I103060 管理顧問業；F401010 國際貿易業；ZZ99999 除許可業務外，得經營法令非禁止或限制之業務,臺北市,變更,11504
83516622,名貴有限公司,臺北市中山區南京西路1之1號10樓,程偉寧,50000,,115/04/15,公司所在地,F208040 化粧品零售業；F207030 清潔用品零售業；F203010 食品什貨、飲料零售業；JZ99080 美容美髮服務業；IG01010 生物技術服務業；ZZ99999 除許可業務外，得經營法令非禁止或限制之業務,臺北市,變更,11504
83521759,昱翌科技有限公司,臺北市信義區忠孝東路5段474號11樓,白承昱,2000000,,115/04/09,補繳規費,I301010 資訊軟體服務業；F118010 資訊軟體批發業；F218010 資訊軟體零售業；F399040 無店面零售業；F401010 國際貿易業；I301030 電子資訊供應服務業；IZ99990 其他工商服務業；ZZ99999 除許可業務外，得經營法令非禁止或限制之業務,臺北市,變更,11504
83521863,鈞翔國際物流有限公司,臺北市中山區民生東路2段143號7樓,廖柏鈞,7500000,,115/04/24,公司所在地,G601011 航空貨運承攬業；G402011 海運承攬運送業；G801010 倉儲業；IZ06010 理貨包裝業；F401010 國際貿易業；ZZ99999 除許可業務外，得經營法令非禁止或限制之業務,臺北市,變更,11504
83522096,慕容清嶧商行有限公司,臺北市內湖區內湖路1段66號3樓,張瑋婷,1000000,,115/04/21,特殊補正,J799990 其他休閒服務業；G799990 其他運輸輔助業；F401010 國際貿易業；F399040 無店面零售業；ZZ99999 除許可業務外，得經營法令非禁止或限制之業務；F204110 布疋、衣著、鞋、帽、傘、服飾品零售業；F206020 日常用品零售業,臺北市,變更,11504
83522244,玥品有限公司,臺北市大安區忠孝東路4段183號13樓之2,徐千惠,5500000,,115/04/14,公司所在地,F208040 化粧品零售業；F108040 化粧品批發業；F106020 日常用品批發業；F206020 日常用品零售業；F109070 文教、樂器、育樂用品批發業；F209060 文教、樂器、育樂用品零售業；J303010 雜誌（期刊）出版業；J304010 圖書出版業；J399990 其他出版業；F399040 無店面零售業,臺北市,變更,11504
83522440,維默比電力股份有限公司,臺北市士林區中山北路5段518號9樓,Alexander Carl Christer HELLING,154100000,,115/04/28,特殊補正,CC01010 發電、輸電、配電機械製造業；E599010 配管工程業；D101050 汽電共生業；E601020 電器安裝業；E603010 電纜安裝工程業；E603050 自動控制設備工程業；E604010 機械安裝業；EZ02010 起重工程業；EZ05010 儀器、儀表安裝工程業；EZ07010 鑽孔工程業,臺北市,變更,11504
83522477,茂亨國際有限公司,臺北市大安區大安路1段84巷13號3樓,亓浩丞,5000000,,115/04/10,特殊補正,F104110 布疋、衣著、鞋、帽、傘、服飾品批發業；F105050 家具、寢具、廚房器具、裝設品批發業；F106020 日常用品批發業；F109070 文教、樂器、育樂用品批發業；F204110 布疋、衣著、鞋、帽、傘、服飾品零售業；F205040 家具、寢具、廚房器具、裝設品零售業；F206020 日常用品零售業；F209060 文教、樂器、育樂用品零售業；F399040 無店面零售業；F401010 國際貿易業,臺北市,變更,11504
83522568,艾爾姆胡爾特電力股份有限公司,臺北市士林區中山北路5段518號9樓,Alexander Carl Christer HELLING,100000,,115/04/17,特殊補正,CC01010 發電、輸電、配電機械製造業；E599010 配管工程業；D101050 汽電共生業；E601020 電器安裝業；E603010 電纜安裝工程業；E603050 自動控制設備工程業；E604010 機械安裝業；EZ02010 起重工程業；EZ05010 儀器、儀表安裝工程業；EZ07010 鑽孔工程業,臺北市,變更,11504
83523270,安宏生醫股份有限公司,臺北市南港區研究院路1段130巷99號5樓,林助強,449030820,,115/04/22,特殊補正,F107070 動物用藥品批發業；F107080 環境用藥批發業；F107990 其他化學製品批發業；F107200 化學原料批發業；F207200 化學原料零售業；F207070 動物用藥零售業；F207080 環境用藥零售業；F401010 國際貿易業；F601010 智慧財產權業；I103060 管理顧問業,臺北市,變更,11504
83523399,懂音樂製作有限公司,臺北市松山區八德路4段106巷2弄11號1樓,黃雅婷,200000,,115/04/30,特殊補正,J602010 演藝活動業；J604010 聲音錄製及音樂發行業；E605010 電腦設備安裝業；F109070 文教、樂器、育樂用品批發業；F401010 國際貿易業；J304010 圖書出版業；J305010 有聲出版業；F209060 文教、樂器、育樂用品零售業；ZZ99999 除許可業務外，得經營法令非禁止或限制之業務,臺北市,變更,11504
83523742,盛鈉生物科技股份有限公司,臺北市松山區南京東路5段33號6樓,黃毓傑,91500000,,115/04/10,發行新股,ZZ99999 除許可業務外，得經營法令非禁止或限制之業務；C802100 化粧品製造業；F113030 精密儀器批發業；F106060 寵物食品及其用品批發業；F107070 動物用藥品批發業；F401010 國際貿易業；I101090 食品顧問業；I199990 其他顧問服務業；IC01010 藥品檢驗業；IG01010 生物技術服務業,臺北市,變更,11504
83530791,新加坡商藍威斯頓國際股份有限公司,臺北市松山區復興北路367號8樓,Tran Le Luu Phuong,1500000,,115/04/09,本公司董事及其他負責人變更,I103060 管理顧問業；F401010 國際貿易業；ZZ99999 除許可業務外，得經營法令非禁止或限制之業務,臺北市,變更,11504
83533170,新豐光電股份有限公司,臺北市內湖區民權東路6段160號6樓,鄧皓昇,5000000,,115/04/24,申登機關變更（遷入，含卷）,CB01010 機械設備製造業；CB01990 其他機械製造業；CC01010 發電、輸電、配電機械製造業；CC01080 電子零組件製造業；CC01030 電器及視聽電子產品製造業；CC01110 電腦及其週邊設備製造業；D401010 熱能供應業；E601010 電器承裝業；E601020 電器安裝業；E603040 消防安全設備安裝工程業,臺北市,變更,11504
83535775,騰岳允成有限公司,臺北市大安區忠孝東路4段183號13樓之2,陳寬裕,3000000,,115/04/20,特殊補正,H701010 住宅及大樓開發租售業；H701020 工業廠房開發租售業；H703100 不動產租賃業；I103060 管理顧問業；F401010 國際貿易業；H702010 建築經理業；H703090 不動產買賣業；E801010 室內裝潢業；F111090 建材批發業；F211010 建材零售業,臺北市,變更,11504
83535830,芳草地開發股份有限公司,臺北市大安區敦化南路二段38號21樓之1,黃幼華,2250000000,,115/04/30,董事/監察人持股變動報備,H701010 住宅及大樓開發租售業；H701080 都市更新重建業；H702010 建築經理業；H703090 不動產買賣業；H703100 不動產租賃業；H703110 老人住宅業；E801010 室內裝潢業；I103060 管理顧問業；I503010 景觀、室內設計業；F401010 國際貿易業,臺北市,變更,11504
83535959,禮仁教育股份有限公司,臺北市中正區開封街1段2號9樓之4,殷禮仁,5000000,,115/04/16,改選董事/監察人(一人法人股東指派董事/監察人),F209060 文教、樂器、育樂用品零售業；F218010 資訊軟體零售業；I103060 管理顧問業；J303010 雜誌（期刊）出版業；J304010 圖書出版業；J305010 有聲出版業；J399010 軟體出版業；IZ12010 人力派遣業；ZZ99999 除許可業務外，得經營法令非禁止或限制之業務,臺北市,變更,11504
83536182,鍹鋐國際科技開發股份有限公司,臺北市中正區忠孝東路2段80號3樓,麥沛賢,5000000,,115/04/16,改選董事/監察人(一人法人股東指派董事/監察人),J803020 運動比賽業；J802010 運動訓練業；F401010 國際貿易業；JZ99050 仲介服務業；G801010 倉儲業；J202010 產業育成業；IZ09010 管理系統驗證業；I301010 資訊軟體服務業；I301020 資料處理服務業；I301030 電子資訊供應服務業,臺北市,變更,11504
83538273,欣睿信資產開發股份有限公司,臺北市內湖區新湖一路8號7樓,林鍫,400000000,,115/04/27,補繳規費,G801010 倉儲業；H701010 住宅及大樓開發租售業；H701020 工業廠房開發租售業；H701040 特定專業區開發業；H701050 投資興建公共建設業；H701060 新市鎮、新社區開發業；H703090 不動產買賣業；H703100 不動產租賃業；JE01010 租賃業；ZZ99999 除許可業務外，得經營法令非禁止或限制之業務,臺北市,變更,11504
83539168,太旭綠能股份有限公司,臺北市大安區大安路1段31巷41號1樓,鄭旭捷,120000000,,115/04/23,特殊補正,IG03010 能源技術服務業；D101060 再生能源自用發電設備業；F113110 電池批發業；F119010 電子材料批發業；I103060 管理顧問業；E606010 用電設備檢驗維護業；E607010 太陽熱能設備安裝工程業；F113010 機械批發業；CC01010 發電、輸電、配電機械製造業；CC01080 電子零組件製造業,臺北市,變更,11504
83549807,大三商航運股份有限公司,臺北市中山區南京東路二段71號3樓,林宏年,1920000000,,115/04/14,補繳規費,G301011 船舶運送業；G403010 船舶出租業；G702010 船舶勞務承攬業；I101120 造船顧問業；I103060 管理顧問業；I199990 其他顧問服務業；ZZ99999 除許可業務外，得經營法令非禁止或限制之業務,臺北市,變更,11504
83551113,覓樂雅有限公司,臺北市中正區中華路2段149之1號4樓,簡士淳,5000000,,115/04/28,特殊補正,F203010 食品什貨、飲料零售業；F601010 智慧財產權業；I101090 食品顧問業；I103060 管理顧問業；JE01010 租賃業；ZZ99999 除許可業務外，得經營法令非禁止或限制之業務,臺北市,變更,11504
83551182,智能耳聰科技股份有限公司,臺北市信義區信義路5段5號4樓,黃靜微,20080000,,115/04/10,特殊補正,CC01110 電腦及其週邊設備製造業；CC01120 資料儲存媒體製造及複製業；I301020 資料處理服務業；I301010 資訊軟體服務業；I301030 電子資訊供應服務業；F399040 無店面零售業；F213030 電腦及事務性機器設備零售業；F218010 資訊軟體零售業；F210010 鐘錶零售業；I501010 產品設計業,臺北市,變更,11504
83551492,浤生有限公司,臺北市中正區北平東路24號5樓之8,簡閎澤,4000000,,115/04/21,公司所在地,C104020 烘焙炊蒸食品製造業；F501030 飲料店業；F203020 菸酒零售業；F203010 食品什貨、飲料零售業；F102030 菸酒批發業；F102040 飲料批發業；F102170 食品什貨批發業；F108040 化粧品批發業；F208040 化粧品零售業；F401010 國際貿易業,臺北市,變更,11504
83554879,和光里股份有限公司,臺北市中山區中山北路2段116巷10號1樓,許羽慈,1600000,,115/04/13,特殊補正,H201010 一般投資業；H202010 創業投資業；I102010 一般投資顧問業；I103060 管理顧問業；I199990 其他顧問服務業；I301010 資訊軟體服務業；I301020 資料處理服務業；I301030 電子資訊供應服務業；I401010 一般廣告服務業；J202010 產業育成業,臺北市,變更,11504
83557003,法商優樂發展股份有限公司,臺北市松山區敦化南路一段2號6樓,Jean-Christophe Yves Eloy,1000000,,115/04/13,補繳規費,I103060 管理顧問業；I199990 其他顧問服務業；I301020 資料處理服務業；I301030 電子資訊供應服務業；IZ15010 市場研究及民意調查業；I102010 投資顧問業；IZ99990 其他工商服務業；IG02010 研究發展服務業；ZZ99999 除許可業務外，得經營法令非禁止或限制之業務,臺北市,變更,11504
83562456,統耀實業股份有限公司,臺北市大安區復興南路1段283號3樓,林育吉,6000000,,115/04/27,公司所營事業變更修正章程,H703090 不動產買賣業；H703100 不動產租賃業；H201010 一般投資業；I103060 管理顧問業；IZ99990 其他工商服務業；JE01010 租賃業；E801010 室內裝潢業；ZZ99999 除許可業務外，得經營法令非禁止或限制之業務,臺北市,變更,11504
83563390,冉迪有限公司,臺北市中正區博愛路25號7樓之17,王凱甯,2900000,,115/04/02,特殊補正,F107030 清潔用品批發業；F207030 清潔用品零售業；F108040 化粧品批發業；F208040 化粧品零售業；F106010 五金批發業；F206010 五金零售業；F106020 日常用品批發業；F206020 日常用品零售業；F104110 布疋、衣著、鞋、帽、傘、服飾品批發業；F204110 布疋、衣著、鞋、帽、傘、服飾品零售業,臺北市,變更,11504
83567749,搭達通股份有限公司,臺北市大安區忠孝東路4段222號3樓,鄭薏婷,1060000,,115/04/15,補繳規費,I301010 資訊軟體服務業；I301020 資料處理服務業；I301030 電子資訊供應服務業；IZ12010 人力派遣業；I103060 管理顧問業；I199990 其他顧問服務業；I401010 一般廣告服務業；G799990 其他運輸輔助業；JE01010 租賃業；F104110 布疋、衣著、鞋、帽、傘、服飾品批發業,臺北市,變更,11504
83567781,語諾國際有限公司,臺北市南港區富康街1巷4號,王滋升,2100000,,115/04/13,股東出資轉讓修正章程,F102170 食品什貨批發業；F203010 食品什貨、飲料零售業；C103050 罐頭、冷凍、脫水及醃漬食品製造業；C104020 烘焙炊蒸食品製造業；F401010 國際貿易業；ZZ99999 除許可業務外，得經營法令非禁止或限制之業務,臺北市,變更,11504
83578470,天揚室內裝修設計股份有限公司,臺北市信義區基隆路1段143號11樓之4,謝凱安,9850000,,115/04/29,特殊補正,E801060 室內裝修業；E601010 電器承裝業；E801010 室內裝潢業；E801020 門窗安裝工程業；E801030 室內輕鋼架工程業；E801040 玻璃安裝工程業；E801070 廚具、衛浴設備安裝工程業；E901010 油漆工程業；E903010 防蝕、防銹工程業；E701040 簡易電信設備安裝業,臺北市,變更,11504
83578838,元勝國際有限公司,臺北市中正區忠孝東路1段76號11樓之3,郭怡姍,29000000,,115/04/29,申登機關變更（遷入，含卷）,C103050 罐頭、冷凍、脫水及醃漬食品製造業；C199990 未分類其他食品製造業；F101990 其他農、畜、水產品批發業；F102170 食品什貨批發業；F199990 其他批發業；F201010 農產品零售業；F201020 畜產品零售業；F201030 水產品零售業；F203010 食品什貨、飲料零售業；F299990 其他零售業,臺北市,變更,11504
83588821,瑞睿科技股份有限公司,臺北市信義區基隆路1段141號13樓之9,李奇翰,2323220,,115/04/02,董事/監察人持股變動報備,I301010 資訊軟體服務業；I301020 資料處理服務業；I301030 電子資訊供應服務業；I301040 第三方支付服務業；IZ13010 網路認證服務業；I401010 一般廣告服務業；I103060 管理顧問業；I199990 其他顧問服務業；I599990 其他設計業；J399010 軟體出版業,臺北市,變更,11504
83588998,元治博威環球資產管理股份有限公司,臺北市大同區南京西路288號5樓之10,陳治儒,10000000,,115/04/20,董事長印鑑變更,F601010 智慧財產權業；H201010 一般投資業；H701010 住宅及大樓開發租售業；H703090 不動產買賣業；H703100 不動產租賃業；HZ02010 金融機構金錢債權收買業務；HZ02020 辦理金融機構金錢債權之評價或拍賣業務；I102010 投資顧問業；I103060 管理顧問業；I301040 第三方支付服務業,臺北市,變更,11504
83605048,元衡財金科技股份有限公司,臺北市大安區仁愛路3段25號12樓之1,阮瓊華,1000000,,115/04/01,董事/監察人持股變動報備,F118010 資訊軟體批發業；F218010 資訊軟體零售業；F401010 國際貿易業；I102010 投資顧問業；I103060 管理顧問業；I199990 其他顧問服務業；I301010 資訊軟體服務業；I301020 資料處理服務業；J202010 產業育成業；J303010 雜誌（期刊）出版業,臺北市,變更,11504
83611007,鑫旺建材實業有限公司,臺北市萬華區和平西路3段328號2樓,賴緯婷,50000,,115/04/14,特殊補正,F105050 家具、寢具、廚房器具、裝設品批發業；F106010 五金批發業；F111090 建材批發業；F205040 家具、寢具、廚房器具、裝設品零售業；F206010 五金零售業；F206020 日常用品零售業；F211010 建材零售業；F220010 耐火材料零售業；F401010 國際貿易業；ZZ99999 除許可業務外，得經營法令非禁止或限制之業務,臺北市,變更,11504
83625240,美馨股份有限公司,臺北市松山區南京東路5段213號9樓,傅靖森,15700000,,115/04/21,特殊補正,JH01011 居家式服務業；F108031 醫療器材批發業；F208031 醫療器材零售業；J101010 建築物清潔服務業；J202010 產業育成業；JB01010 會議及展覽服務業；JD01010 工商徵信服務業；JZ99050 仲介服務業；I103060 管理顧問業；I199990 其他顧問服務業,臺北市,變更,11504
83626901,常引設計顧問有限公司,臺北市北投區光明路167號9樓之3,王瑋,3000000,,115/04/16,特殊補正,I503010 景觀、室內設計業；E801010 室內裝潢業；I501010 產品設計業；I599990 其他設計業；F401010 國際貿易業；I199990 其他顧問服務業；E801020 門窗安裝工程業；E801030 室內輕鋼架工程業；E801040 玻璃安裝工程業；E601020 電器安裝業,臺北市,變更,11504
83637816,得藝室策劃有限公司,臺北市信義區忠孝東路5段482號15樓之4,沈必燮,5200000,,115/04/17,特殊補正,I103060 管理顧問業；I105010 藝術品諮詢顧問業；I401010 一般廣告服務業；I501010 產品設計業；I599990 其他設計業；J404020 提供設備及場地供電影片拍攝業；J601010 藝文服務業；J602010 演藝活動業；JZ99030 攝影業；JZ99050 仲介服務業,臺北市,變更,11504
83654862,壽豐電力股份有限公司,臺北市中山區松江路126號3樓之2,Verajet Vongkusolkit,1322250000,,115/04/09,改派董事/監察人,CC01010 發電、輸電、配電機械製造業；D101060 再生能源自用發電設備業；E601010 電器承裝業；E601020 電器安裝業；E599010 配管工程業；E603010 電纜安裝工程業；E603020 電梯安裝工程業；E603040 消防安全設備安裝工程業；E603050 自動控制設備工程業；E603080 交通號誌安裝工程業,臺北市,變更,11504
83670856,蕙弘實業股份有限公司,臺北市中山區遼寧街28號1樓,戴弘燁,20000000,,115/04/02,董事/監察人持股變動報備,H201010 一般投資業；H202010 創業投資業；H703090 不動產買賣業；H703100 不動產租賃業；I102010 投資顧問業；I103060 管理顧問業；F401010 國際貿易業；ZZ99999 除許可業務外，得經營法令非禁止或限制之業務；H706021 租賃住宅包租業；H706011 租賃住宅代管業,臺北市,變更,11504
83683515,耘光股份有限公司,臺北市大安區新生南路3段88號6樓,張嘉麟,10000000,,115/04/20,特殊補正,E605010 電腦設備安裝業；F401010 國際貿易業；F601010 智慧財產權業；H201010 一般投資業；H202010 創業投資業；H703100 不動產租賃業；I102010 投資顧問業；I103060 管理顧問業；I199990 其他顧問服務業；I301010 資訊軟體服務業,臺北市,變更,11504
83686999,宇恆資訊有限公司,臺北市中正區市民大道3段8號6樓3-2櫃,葉師豪,100000,,115/04/08,股東出資轉讓修正章程,F113050 電腦及事務性機器設備批發業；F118010 資訊軟體批發業；F213030 電腦及事務性機器設備零售業；F218010 資訊軟體零售業；F219010 電子材料零售業；ZZ99999 除許可業務外，得經營法令非禁止或限制之業務,臺北市,變更,11504
83690451,米迦勒電子商務股份有限公司,臺北市中正區忠孝東路1段49巷17號3樓,黃裕勛,1000000,,115/04/07,特殊補正,F106010 五金批發業；F109070 文教、樂器、育樂用品批發業；F113020 電器批發業；F113050 電腦及事務性機器設備批發業；F113070 電信器材批發業；F118010 資訊軟體批發業；F104110 布疋、衣著、鞋、帽、傘、服飾品批發業；F105050 家具、寢具、廚房器具、裝設品批發業；F106020 日常用品批發業；F106060 寵物食品及其用品批發業,臺北市,變更,11504
83695955,邁寶生技股份有限公司,臺北市內湖區潭美街537號8樓,陳彥蓁,3600000,,115/04/02,特殊補正,C199990 未分類其他食品製造業；F102170 食品什貨批發業；F119010 電子材料批發業；F113070 電信器材批發業；F213060 電信器材零售業；F219010 電子材料零售業；F401010 國際貿易業；F108031 醫療器材批發業；F208031 醫療器材零售業；ZZ99999 除許可業務外，得經營法令非禁止或限制之業務,臺北市,變更,11504
83699381,躍昕科技股份有限公司,臺北市松山區八德路4段465號7樓,李學真,8000000,,115/04/14,董事/監察人持股變動報備,CC01990 其他電機及電子機械器材製造業；CC01080 電子零組件製造業；ZZ99999 除許可業務外，得經營法令非禁止或限制之業務；E599010 配管工程業；E601020 電器安裝業；E603040 消防安全設備安裝工程業；E603050 自動控制設備工程業；E603090 照明設備安裝工程業；E605010 電腦設備安裝業；F117010 消防安全設備批發業,臺北市,變更,11504
83701154,澄策顧問有限公司,臺北市大安區忠孝東路4段183號13樓之2,宋庭瑄,700000,,115/04/20,公司所在地,I103060 管理顧問業；I199990 其他顧問服務業；I105010 藝術品諮詢顧問業；I101090 食品顧問業；I102010 投資顧問業；I301010 資訊軟體服務業；F102040 飲料批發業；F102170 食品什貨批發業；F203010 食品什貨、飲料零售業；F106020 日常用品批發業,臺北市,變更,11504
83701226,築城不動產租賃有限公司,臺北市中正區博愛路60號8樓,沈志偉,1000000,,115/04/17,特殊補正,H703100 不動產租賃業；H703090 不動產買賣業；JZ99050 仲介服務業；I103060 管理顧問業；I199990 其他顧問服務業；H703110 老人住宅業；H701010 住宅及大樓開發租售業；H701020 工業廠房開發租售業；J101010 建築物清潔服務業；I401010 一般廣告服務業,臺北市,變更,11504
83709727,頑碼資訊有限公司,臺北市大安區光復南路438號11樓,張介騰,10000000,,115/04/16,公司所在地,CC01120 資料儲存媒體製造及複製業；I199990 其他顧問服務業；I301010 資訊軟體服務業；I301020 資料處理服務業；I301030 電子資訊供應服務業；I401010 一般廣告服務業；IZ99990 其他工商服務業；J601010 藝文服務業；JZ99990 未分類其他服務業；ZZ99999 除許可業務外，得經營法令非禁止或限制之業務,臺北市,變更,11504
83715208,中合電業股份有限公司,臺北市內湖區瑞光路362號8樓,陳鳳龍,8072124000,,115/04/14,改選董事/監察人(一人法人股東指派董事/監察人),D101050 汽電共生業；D101060 再生能源自用發電設備業；D401010 熱能供應業；E601010 電器承裝業；E601020 電器安裝業；E604010 機械安裝業；E605010 電腦設備安裝業；E606010 用電設備檢驗維護業；EZ05010 儀器、儀表安裝工程業；EZ99990 其他工程業,臺北市,變更,11504
83723869,台灣泛亞零售管理顧問股份有限公司,臺北市中正區衡陽路51號7樓之6,福田貴史(Takashi FUKUDA),355148110,,115/04/01,董事(常務董事.董事長)/監察人解任,F113070 電信器材批發業；F113020 電器批發業；F113990 其他機械器具批發業；F115010 首飾及貴金屬批發業；F116010 照相器材批發業；F118010 資訊軟體批發業；F199990 其他批發業；F201010 農產品零售業；F201020 畜產品零售業；F201030 水產品零售業,臺北市,變更,11504
83724831,皇翔實業有限公司,臺北市大同區南京西路155巷11之1號1樓,游智淵,100000,,115/04/08,改推董事/董事長,I103060 管理顧問業；H702010 建築經理業；H703090 不動產買賣業；H703100 不動產租賃業；H701010 住宅及大樓開發租售業；H701020 工業廠房開發租售業；ZZ99999 除許可業務外，得經營法令非禁止或限制之業務,臺北市,變更,11504
83725120,齊威文創多媒體股份有限公司,臺北市信義區基隆路1段155號7樓,呂睿哲,6000000,,115/04/27,特殊補正,J602010 演藝活動業；J601010 藝文服務業；J304010 圖書出版業；J305010 有聲出版業；J303010 雜誌（期刊）出版業；J503020 電視節目製作業；J503010 廣播節目製作業；J503030 廣播電視節目發行業；J503040 廣播電視廣告業；JB01010 會議及展覽服務業,臺北市,變更,11504
83725780,起始漢堡有限公司,臺北市中山區長安東路2段230號12樓之5,張雅萍,2500000,,115/04/13,特殊補正,C110010 飲料製造業；F108040 化粧品批發業；F118010 資訊軟體批發業；F203010 食品什貨、飲料零售業；F203020 菸酒零售業；F203030 酒精零售業；F109070 文教、樂器、育樂用品批發業；F218010 資訊軟體零售業；F209060 文教、樂器、育樂用品零售業；F399040 無店面零售業,臺北市,變更,11504
83726269,鼎吉建設股份有限公司,臺北市信義區忠孝東路5段510號20樓,林鴻鈞,25000000,,115/04/29,改選董事/監察人(一人法人股東指派董事/監察人),H701010 住宅及大樓開發租售業；H701020 工業廠房開發租售業；H701070 區段徵收及市地重劃代辦業；H701080 都市更新重建業；H703090 不動產買賣業；H703100 不動產租賃業；F111090 建材批發業；F211010 建材零售業；JZ99050 仲介服務業；ZZ99999 除許可業務外，得經營法令非禁止或限制之業務,臺北市,變更,11504
83744196,鏡文創股份有限公司,臺北市松山區南京東路4段1號2樓,董成瑜,13000000,,115/04/22,改選董事/監察人(一人法人股東指派董事/監察人),F401010 國際貿易業；F601010 智慧財產權業；H201010 一般投資業；I102010 投資顧問業；I103060 管理顧問業；I199990 其他顧問服務業；J401010 電影片製作業；J402010 電影片發行業；J404010 動畫影片製作業；J503010 廣播節目製作業,臺北市,變更,11504
83747594,捍將科技有限公司,臺北市中正區仁愛路2段25號5樓,吳宏亮,1000000,,115/04/15,特殊補正,F119010 電子材料批發業；F219010 電子材料零售業；F113050 電腦及事務性機器設備批發業；F113100 污染防治設備批發業；F401010 國際貿易業；I199990 其他顧問服務業；I102010 投資顧問業；I103060 管理顧問業；F601010 智慧財產權業；E603050 自動控制設備工程業,臺北市,變更,11504
83761687,諾倫科技股份有限公司,臺北市南港區研究院路1段130巷99號,黃元孝,79414632,,115/04/28,額定資本額增加變更章程,C802060 動物用藥製造業；CE01030 光學儀器製造業；F213040 精密儀器零售業；F401010 國際貿易業；F601010 智慧財產權業；I301030 電子資訊供應服務業；IG01010 生物技術服務業；IG02010 研究發展服務業；ZZ99999 除許可業務外，得經營法令非禁止或限制之業務,臺北市,變更,11504
83763518,國賓地產開發股份有限公司,臺北市中山區中山北路2段65巷9號2樓,許育瑞,55000000,,115/04/08,補繳規費,F203010 食品什貨、飲料零售業；F401010 國際貿易業；F501030 飲料店業；F501060 餐館業；G202010 停車場經營業；H701010 住宅及大樓開發租售業；H701040 特定專業區開發業；H701060 新市鎮、新社區開發業；H703090 不動產買賣業；H703100 不動產租賃業,臺北市,變更,11504
83768648,採風情資分析股份有限公司,臺北市中山區南京東路2段206號13樓之2,孫丁君,5000000,,115/04/10,特殊補正,CC01030 電器及視聽電子產品製造業；CC01120 資料儲存媒體製造及複製業；E603050 自動控制設備工程業；F113070 電信器材批發業；CC01990 其他電機及電子機械器材製造業；CH01030 文具製造業；CC01040 照明設備製造業；F113110 電池批發業；F119010 電子材料批發業；F118010 資訊軟體批發業,臺北市,變更,11504
83769999,天貴美建設股份有限公司,臺北市中正區水源路89號2樓,林冠名,12000000,,115/04/20,特殊補正,H701010 住宅及大樓開發租售業；H701020 工業廠房開發租售業；H701060 新市鎮、新社區開發業；H701080 都市更新重建業；H701090 都市更新整建維護業；H703090 不動產買賣業；H703100 不動產租賃業；ZZ99999 除許可業務外，得經營法令非禁止或限制之業務,臺北市,變更,11504
83773699,惠瑜達股份有限公司,臺北市南港區重陽路455號4樓,劉家煒,15000000,,115/04/14,修正章程,I102010 一般投資顧問業；H201010 一般投資業；H703090 不動產買賣業；H703100 不動產租賃業；H202010 創業投資業；I301010 資訊軟體服務業；C901010 陶瓷及陶瓷製品製造業；J601010 藝文服務業；I501010 產品設計業；ZZ99999 除許可業務外，得經營法令非禁止或限制之業務,臺北市,變更,11504
83773826,頂贏國際資產管理投資顧問股份有限公司,臺北市信義區虎林街205號,吳鴻暉,33100000,,115/04/28,減少所營事業變更修正章程,I102010 投資顧問業；I103060 管理顧問業；I301010 資訊軟體服務業；I301020 資料處理服務業；I301030 電子資訊供應服務業；I401010 一般廣告服務業；IZ12010 人力派遣業；IZ15010 市場研究及民意調查業；IG02010 研究發展服務業；F399040 無店面零售業,臺北市,變更,11504
83774579,喜樂娛樂有限公司,臺北市大安區忠孝東路4段290號10樓,吳佳儒,1000000,,115/04/17,公司所在地,J303010 雜誌（期刊）出版業；J305010 有聲出版業；J601010 藝文服務業；J602010 演藝活動業；J603010 音樂展演空間業；J399010 軟體出版業；J401010 電影片製作業；J402010 電影片發行業；J503030 廣播電視節目發行業；J503020 電視節目製作業,臺北市,變更,11504
83777870,藝詩倫國際有限公司,臺北市大同區承德路2段97號,黃蔡蕙霜,12000000,,115/04/27,特殊補正,F115010 首飾及貴金屬批發業；F215010 首飾及貴金屬零售業；F115020 礦石批發業；F215020 礦石零售業；F104110 布疋、衣著、鞋、帽、傘、服飾品批發業；F204110 布疋、衣著、鞋、帽、傘、服飾品零售業；F210010 鐘錶零售業；F210020 眼鏡零售業；F299990 其他零售業；F399040 無店面零售業,臺北市,變更,11504
83784393,中晏電業股份有限公司,臺北市內湖區瑞光路362號8樓,陳鳳龍,816881930,,115/04/02,改選董事/監察人(一人法人股東指派董事/監察人),D101050 汽電共生業；D101060 再生能源自用發電設備業；D401010 熱能供應業；E601010 電器承裝業；E601020 電器安裝業；E604010 機械安裝業；E605010 電腦設備安裝業；E606010 用電設備檢驗維護業；EZ05010 儀器、儀表安裝工程業；EZ99990 其他工程業,臺北市,變更,11504
83785061,玖和投資股份有限公司,臺北市士林區忠誠路1段82號,莊美玲,84000000,,115/04/13,修正章程,H201010 一般投資業,臺北市,變更,11504
83785766,台灣藤田飯店股份有限公司,臺北市中正區忠孝東路2段89號3樓,山地英,300000000,,115/04/20,特殊補正,J901020 一般旅館業；ZZ99999 除許可業務外，得經營法令非禁止或限制之業務,臺北市,變更,11504
83788481,日商明泰科技股份有限公司,臺北市中正區重慶南路一段83號6樓,桃澤早之,500000,,115/04/22,本公司所在地變更,F106010 五金批發業；F106020 日常用品批發業；F107030 清潔用品批發業；F107200 化學原料批發業；F107990 其他化學製品批發業；F113010 機械批發業；F113020 電器批發業；F113030 精密儀器批發業；F113050 電腦及事務性機器設備批發業；F113110 電池批發業,臺北市,變更,11504
83798761,新意堡有限公司,臺北市中山區松江路50號9樓,葉耀華,6000000,,115/04/14,修正章程,F113050 電腦及事務性機器設備批發業；F401010 國際貿易業,臺北市,變更,11504
83807728,賑攝影有限公司,臺北市中正區仁愛路2段25號5樓,鄭玉鈞,500000,,115/04/13,改推董事/董事長,F104110 布疋、衣著、鞋、帽、傘、服飾品批發業；F108040 化粧品批發業；F204110 布疋、衣著、鞋、帽、傘、服飾品零售業；F208040 化粧品零售業；F401010 國際貿易業；I199990 其他顧問服務業；J602010 演藝活動業；JB01010 會議及展覽服務業；JE01010 租賃業；JZ99030 攝影業,臺北市,變更,11504
83846969,匯創資本暨管理顧問股份有限公司,臺北市內湖區內湖路1段98號5樓,宣昶有,1000000,,115/04/09,公司所在地,F401010 國際貿易業；F601010 智慧財產權業；H202010 創業投資業；I103060 管理顧問業；I105010 藝術品諮詢顧問業；I199990 其他顧問服務業；I301010 資訊軟體服務業；I301030 電子資訊供應服務業；I401010 一般廣告服務業；I501010 產品設計業,臺北市,變更,11504
83951011,東詣科技股份有限公司,臺北市信義區光復南路495號10樓,趙增偉,45000000,,115/04/08,特殊補正,ZZ99999 除許可業務外，得經營法令非禁止或限制之業務；F113050 電腦及事務性機器設備批發業；F118010 資訊軟體批發業；F119010 電子材料批發業；F213030 電腦及事務性機器設備零售業；F218010 資訊軟體零售業；F219010 電子材料零售業；F399040 無店面零售業；F401010 國際貿易業；E601010 電器承裝業,臺北市,變更,11504
83989451,不搖就滾創意股份有限公司,臺北市松山區南京東路4段1號14樓,黃振峰,5000000,,115/04/27,特殊補正,CC01120 資料儲存媒體製造及複製業；F109070 文教、樂器、育樂用品批發業；F209060 文教、樂器、育樂用品零售業；F401010 國際貿易業；F601010 智慧財產權業；I301020 資料處理服務業；I401010 一般廣告服務業；I501010 產品設計業；IZ99990 其他工商服務業；J601010 藝文服務業,臺北市,變更,11504
84007409,翔略股份有限公司,臺北市信義區忠孝東路5段1之10號2樓,鄭凱昀,5000000,,115/04/28,公司所在地,F401010 國際貿易業；F114030 汽、機車零件配備批發業；F102020 食用油脂批發業；F102030 菸酒批發業；F102040 飲料批發業；F102050 茶葉批發業；F102170 食品什貨批發業；F104110 布疋、衣著、鞋、帽、傘、服飾品批發業；F106010 五金批發業；F106020 日常用品批發業,臺北市,變更,11504
84102852,士奇傳播整合行銷股份有限公司,臺北市信義區菸廠路88號5樓之1,鍾子偉,70000000,,115/04/29,特殊補正,F118010 資訊軟體批發業；F218010 資訊軟體零售業；F399040 無店面零售業；F401010 國際貿易業；F601010 智慧財產權業；I103060 管理顧問業；I199990 其他顧問服務業；I301010 資訊軟體服務業；I301020 資料處理服務業；I301030 電子資訊供應服務業,臺北市,變更,11504
84124217,惠安旅行社股份有限公司,臺北市大安區忠孝東路4段148號4樓之8、9,林宗源,9000000,,115/04/27,特殊補正,J902011 旅行業營業範圍以交通部觀光局核准之業務為準,臺北市,變更,11504
84126334,嘉瑞企業有限公司,臺北市信義區信義路2段253號,邱世崑,10000000,,115/04/13,特殊補正,F118010 資訊軟體批發業；F119010 電子材料批發業；F401010 國際貿易業；I301010 資訊軟體服務業；I301020 資料處理服務業；I301030 電子資訊供應服務業；CC01070 無線通信機械器材製造業；CC01080 電子零組件製造業；CC01090 電池製造業；CC01110 電腦及其週邊設備製造業,臺北市,變更,11504
84128001,大侑貿易有限公司,臺北市大安區忠孝東路3段197之6號,陳耀祖,50000000,,115/04/15,公司所營事業變更修正章程,F204110 布疋、衣著、鞋、帽、傘、服飾品零售業；F299990 其他零售業；F102170 食品什貨批發業；F105050 家具、寢具、廚房器具、裝設品批發業；F106020 日常用品批發業；F107030 清潔用品批發業；F108040 化粧品批發業；F113020 電器批發業；F199990 其他批發業；F203010 食品什貨、飲料零售業,臺北市,變更,11504
84149385,力晶創新投資控股股份有限公司,臺北市中山區南京東路三段70號15樓,黃崇仁,13661745800,,115/04/14,其他減資,H201010 一般投資業；F401010 國際貿易業；F113010 機械批發業；F113070 電信器材批發業；F119010 電子材料批發業；F113030 精密儀器批發業；F213040 精密儀器零售業；F213060 電信器材零售業；F213080 機械器具零售業；F219010 電子材料零售業,臺北市,變更,11504
84206505,長倫彩色印刷股份有限公司,臺北市萬華區桂林路242巷70號1樓,李富美,10000000,,115/04/20,改選董事/監察人(一人法人股東指派董事/監察人),I401010 一般廣告服務業；IZ10010 排版業；F401010 國際貿易業,臺北市,變更,11504
84207069,祥溢捲門企業有限公司,臺北市北投區光明路205號4樓,陳麗雲,3000000,,115/04/20,特殊補正,F106010 五金批發業；F106020 日常用品批發業；F106030 模具批發業；F113010 機械批發業；F401010 國際貿易業；CM01010 箱、包、袋製造業；CN01010 家具及裝設品製造業；CH01010 體育用品製造業；E604010 機械安裝業；F109070 文教、樂器、育樂用品批發業,臺北市,變更,11504
84234755,九福科技顧問股份有限公司,臺北市大同區重慶北路2段57巷15號4樓之2,黃國紋,25269260,,115/04/29,特殊補正,EZ08011 測繪業；EZ06010 交通標示工程業；F113050 電腦及事務性機器設備批發業；F118010 資訊軟體批發業；F213030 電腦及事務性機器設備零售業；F213040 精密儀器零售業；F218010 資訊軟體零售業；F401010 國際貿易業；I301010 資訊軟體服務業；I301020 資料處理服務業,臺北市,變更,11504
84263097,友億有限公司,臺北市大安區和平東路3段49號3樓之1,高三畏,5000000,,115/04/10,董事/股東地址變更,F104110 布疋、衣著、鞋、帽、傘、服飾品批發業；F204110 布疋、衣著、鞋、帽、傘、服飾品零售業；F399040 無店面零售業；F401010 國際貿易業；I502010 服飾設計業；F102040 飲料批發業；F102170 食品什貨批發業；F108040 化粧品批發業；F203010 食品什貨、飲料零售業；F208040 化粧品零售業,臺北市,變更,11504
84272899,天擎旅行社股份有限公司,臺北市松山區民權東路3段160巷19弄10號,許禓哲,32000000,,115/04/09,改選董事/監察人(一人法人股東指派董事/監察人),J902011 旅行業,臺北市,變更,11504
84287746,大育體育用品有限公司,臺北市大安區通化街38巷20號1樓,王榮輝,500000,,115/04/27,特殊補正,F209060 文教、樂器、育樂用品零售業；F204110 布疋、衣著、鞋、帽、傘、服飾品零售業；F203010 食品什貨、飲料零售業；F207030 清潔用品零售業；F206020 日常用品零售業；E801010 室內裝潢業；I103060 管理顧問業；I501010 產品設計業；I401010 一般廣告服務業；J601010 藝文服務業,臺北市,變更,11504
84295627,狄富貿易有限公司,臺北市松山區基隆路1段38號10樓之1,楊頂立,5000000,,115/04/08,特殊補正,F401010 國際貿易業；J604010 聲音錄製及音樂發行業；CC01120 資料儲存媒體製造及複製業；F107010 漆料、塗料批發業；F207010 漆料、塗料零售業；ZZ99999 除許可業務外，得經營法令非禁止或限制之業務,臺北市,變更,11504
84301395,千紀實業有限公司,臺北市松山區復興北路1號13樓之2,陳裕哲,8000000,,115/04/09,股東出資轉讓修正章程,,臺北市,變更,11504
84306027,台灣索尼音樂娛樂股份有限公司,臺北市中正區杭州北路26號11樓,Kok Siew Yeo楊國修,55000000,,115/04/01,改選董事/監察人(一人法人股東指派董事/監察人),J305010 有聲出版業；F601010 智慧財產權業；J503050 錄影節目帶業；F109070 文教、樂器、育樂用品批發業；F209060 文教、樂器、育樂用品零售業；F199990 其他批發業；I301010 資訊軟體服務業；F118010 資訊軟體批發業；F218010 資訊軟體零售業；J602010 演藝活動業,臺北市,變更,11504
84306194,青山洋服股份有限公司,臺北市中山區復興北路150號9樓,小椋信,22534570,,115/04/08,停業副本,F204030 鞋類零售業；F104030 鞋類批發業；F401010 國際貿易業；ZZ99999 除許可業務外，得經營法令非禁止或限制之業務,臺北市,變更,11504
84306899,台灣吉世美國際股份有限公司,臺北市大同區承德路1段2號12樓之1、12樓之2,陽川勝樹,20000000,,115/04/17,改派董事/監察人,I103060 管理顧問業；JD01010 工商徵信服務業；ZZ99999 除許可業務外，得經營法令非禁止或限制之業務；H104011 信用卡業,臺北市,變更,11504
84306997,台灣美國運通保險代理人股份有限公司,臺北市松山區復興北路363號5樓,何以文,5000000,,115/04/15,特殊補正,H601021 財產保險代理人,臺北市,變更,11504
84309452,台灣老人牌塗料股份有限公司,臺北市大安區和平東路2段297號10樓,陳順華(CHAN SHUN WAH),20000000,,115/04/08,改派董事/監察人,F107010 漆料、塗料批發業；F207010 漆料、塗料零售業；E901010 油漆工程業；E903010 防蝕、防銹工程業,臺北市,變更,11504
84384769,歐登工業股份有限公司,臺北市士林區社正路37號2樓,郭連結,5500000,,115/04/08,特殊補正,,臺北市,變更,11504
84445822,美商威望股份有限公司,臺北市松山區八德路三段30號3樓,許馨仁,5000000,,115/04/20,改派在中華民國境內負責人變更登記,,臺北市,變更,11504
84449897,宏誠創業投資股份有限公司,臺北市內湖區內湖路一段120巷17號5樓,洪嘉聰,5854624480,,115/04/10,改派董事/監察人,,臺北市,變更,11504
84450818,大發投資股份有限公司,臺北市中正區新生南路1段50號4樓之4,王貴賢,198000000,,115/04/28,特殊補正,,臺北市,變更,11504
84461293,夆汶建設股份有限公司,臺北市信義區信義路6段56號7樓,黃能杰,25000000,,115/04/27,董事/監察人持股變動報備,H701010 住宅及大樓開發租售業；E801010 室內裝潢業；I503010 景觀、室內設計業；F111090 建材批發業；F211010 建材零售業；F113010 機械批發業；F213080 機械器具零售業；I501010 產品設計業；I401010 一般廣告服務業；A102080 園藝服務業,臺北市,變更,11504
84466797,史代新股份有限公司,臺北市內湖區內湖路1段88號3樓,蘇源成,75000000,,115/04/13,公司所營事業變更修正章程,F102050 茶葉批發業；F203010 食品什貨、飲料零售業；F106020 日常用品批發業；F106050 陶瓷玻璃器皿批發業；F107030 清潔用品批發業；F113020 電器批發業；F113110 電池批發業；F118010 資訊軟體批發業；E605010 電腦設備安裝業；F105050 家具、寢具、廚房器具、裝設品批發業,臺北市,變更,11504
84474754,振鑫建設股份有限公司,臺北市大安區和平東路1段73號12樓之4,黃月英,41500000,,115/04/07,特殊補正,H701010 住宅及大樓開發租售業；H701050 投資興建公共建設業；H701060 新市鎮、新社區開發業；H703090 不動產買賣業；H703100 不動產租賃業；F111090 建材批發業；E801010 室內裝潢業；I503010 景觀、室內設計業；F113010 機械批發業；I401010 一般廣告服務業,臺北市,變更,11504
84475769,創意生活國際股份有限公司,臺北市中正區濟南路2段13號3樓,張光道,88000000,,115/04/10,改選董事/監察人(一人法人股東指派董事/監察人),F104110 布疋、衣著、鞋、帽、傘、服飾品批發業；F106020 日常用品批發業；F108040 化粧品批發業；F113020 電器批發業；F101100 花卉批發業；F102170 食品什貨批發業；F102040 飲料批發業；F102030 菸酒批發業；F401010 國際貿易業；F113050 電腦及事務性機器設備批發業,臺北市,變更,11504
84476438,韋淳貿易股份有限公司,臺北市中山區松江路65號4樓,王舜睦,42000000,,115/04/02,補繳規費,F108021 西藥批發業；F108031 醫療器材批發業；F102170 食品什貨批發業；F102180 酒精批發業；F108040 化粧品批發業；F102040 飲料批發業；F109070 文教、樂器、育樂用品批發業；F401010 國際貿易業；F107200 化學原料批發業；F108011 中藥批發業,臺北市,變更,11504
84486576,美華影音科技股份有限公司,臺北市內湖區石潭路65號10樓,林嘉愷,40039680,,115/04/27,特殊補正,F213010 電器零售業；F113020 電器批發業；F113050 事務性機器設備批發業；F113070 電信器材批發業；I301020 資料處理服務業；I301030 電子資訊供應服務業,臺北市,變更,11504
84498968,璟好文化事業有限公司,臺北市中山區南京東路3段201號9樓,周東芳,5000000,,115/04/13,特殊補正,F102170 食品什貨批發業；F108040 化粧品批發業；F109070 文教、樂器、育樂用品批發業；F208040 化粧品零售業；F203010 食品什貨、飲料零售業；F209060 文教、樂器、育樂用品零售業；F401010 國際貿易業；I103060 管理顧問業；I401010 一般廣告服務業；JB01010 會議及展覽服務業,臺北市,變更,11504
84551061,廣營電子有限公司,臺北市大同區赤峰街41巷11號1樓,林鴻文,100000000,,115/04/28,特殊補正,C805050 工業用塑膠製品製造業；CC01020 電線及電纜製造業；CC01030 電器及視聽電子產品製造業；CC01080 電子零組件製造業；CD01010 船舶及其零件製造業；CD01060 航空器及其零件製造業；CC01101 電信管制射頻器材製造業；CH01040 玩具製造業；CC01090 電池製造業；CB01020 事務機器製造業,臺北市,變更,11504
84663066,頤達營造股份有限公司,臺北市大安區忠孝東路4段311號5樓之4,陳重宏,190000000,,115/04/08,改選董事/監察人(一人法人股東指派董事/監察人),E101011 綜合營造業；E401010 疏濬業；F113010 機械批發業；F213080 機械器具零售業；F401010 國際貿易業；H701010 住宅及大樓開發租售業；J101990 其他環境衛生及污染防治服務業；ZZ99999 除許可業務外，得經營法令非禁止或限制之業務,臺北市,變更,11504
84703813,玉林建設開發股份有限公司,臺北市大安區忠孝東路4段216巷32弄18號4樓、18號5樓、20號4樓,林華新,60000000,,115/04/13,董事/監察人持股變動報備,,臺北市,變更,11504
84705349,國泰期貨股份有限公司,臺北市大安區虎嘯里敦化南路2段333號19樓、335號10樓,周冠成,944600000,,115/04/22,一般補正案,H401011 期貨商；H405011 期貨顧問事業；H304011 證券投資顧問業；H404011 槓桿交易商,臺北市,變更,11504
84707563,長揚投資股份有限公司,臺北市大同區民權西路93號1樓,曾登科,900000000,,115/04/09,改選董事/監察人(一人法人股東指派董事/監察人),,臺北市,變更,11504
84708508,鴻福投資股份有限公司,臺北市大同區民權西路93號1樓,曾登科,50000000,,115/04/16,特殊補正,,臺北市,變更,11504
84709984,翔泰投資股份有限公司,臺北市大同區承德路3段209之1號,曾登科,103000000,,115/04/20,特殊補正,,臺北市,變更,11504
84742908,台灣通用芳香有限公司,臺北市內湖區內湖路1段306號2樓,陳興志,5000000,,115/04/01,股東出資轉讓修正章程,I301020 資料處理服務業；F401010 國際貿易業；F108040 化粧品批發業；F208040 化粧品零售業；F121010 食品添加物批發業；F221010 食品添加物零售業；ZZ99999 除許可業務外，得經營法令非禁止或限制之業務,臺北市,變更,11504
84753117,鴻柏科技股份有限公司,臺北市大同區環河北路1段295之4號5樓,劉永輝,15000000,,115/04/30,改選董事/監察人(一人法人股東指派董事/監察人),F119010 電子材料批發業；F106010 五金批發業；F113010 機械批發業；F113020 電器批發業；F113050 電腦及事務性機器設備批發業；F113110 電池批發業；F114030 汽、機車零件配備批發業；F114040 自行車及其零件批發業；F114070 航空器及其零件批發業；F114990 其他交通運輸工具及其零件批發業,臺北市,變更,11504
84754360,聯頤企業股份有限公司,臺北市信義區基隆路2段56號3樓之3,李振瑋,5000000,,115/04/01,特殊補正,F106010 五金批發業；F106030 模具批發業；F199990 其他批發業；F206010 五金零售業；F206030 模具零售業；F299990 其他零售業；F401010 國際貿易業；ZZ99999 除許可業務外，得經營法令非禁止或限制之業務,臺北市,變更,11504
84756368,文橋企業管理顧問有限公司,臺北市大同區長安西路180號8樓之1,蔡淑芬,1000000,,115/04/07,股東出資轉讓修正章程,,臺北市,變更,11504
84758844,崴肯貿易股份有限公司,臺北市松山區民生東路3段130巷9號10樓,游泳華,5000000,,115/04/16,公司所營事業變更修正章程,F401010 國際貿易業；H201010 一般投資業；H703090 不動產買賣業；H703100 不動產租賃業；I102010 一般投資顧問業；I103060 管理顧問業；I301010 資訊軟體服務業；I301020 資料處理服務業；I301030 電子資訊供應服務業；I501010 產品設計業,臺北市,變更,11504
84774751,滙豐旅行社股份有限公司,臺北市中山區松江路131號4樓之2,張靜文,6000000,,115/04/10,特殊補正,,臺北市,變更,11504
84774942,北葉實業股份有限公司,臺北市松山區復興北路229之1號4樓,林生祥,12000000,,115/04/27,改選董事/監察人(一人法人股東指派董事/監察人),J901020 一般旅館業；G202010 停車場經營業；F501060 餐館業；F109070 文教、樂器、育樂用品批發業；F113020 電器批發業；F401010 國際貿易業；H703090 不動產買賣業；H703100 不動產租賃業；F111090 建材批發業,臺北市,變更,11504
84782886,富源投資股份有限公司,臺北市大同區延平北路2段215號4樓之2,吳良材,33000000,,115/04/08,特殊補正,,臺北市,變更,11504
84783772,商丞科技股份有限公司,臺北市內湖區瑞光路513巷22弄5號3樓之6,泰芯股份有限公司,916288330,,115/04/07,一般補正案,CB01020 事務機器製造業；CC01060 有線通信機械器材製造業；CC01070 無線通信機械器材製造業；CC01030 電器及視聽電子產品製造業；CC01080 電子零組件製造業；CC01101 電信管制射頻器材製造業；CC01110 電腦及其週邊設備製造業；CE01030 光學儀器製造業；E605010 電腦設備安裝業；E701030 電信管制射頻器材裝設工程業,臺北市,變更,11504
84796559,元堉企業有限公司,臺北市大安區忠孝東路4段169號12樓之4,劉宗明,5000000,,115/04/13,特殊補正,,臺北市,變更,11504
84892498,弘達投資股份有限公司,臺北市大同區承德路3段209之1號,曾登科,103000000,,115/04/16,特殊補正,,臺北市,變更,11504
84894989,台北大眾捷運股份有限公司,臺北市中山區民安里15鄰中山北路二段48巷7號1、2、4、5、6、7樓,趙紹廉,10000000000,,115/04/24,改派董事/監察人,G102011 大眾捷運系統運輸業；CD01020 軌道車輛及其零件製造業；H701010 住宅及大樓開發租售業；F399990 其他綜合零售業；I401010 一般廣告服務業；G202010 停車場經營業；F215010 首飾及貴金屬零售業；H703100 不動產租賃業；CC01990 其他電機及電子機械器材製造業；E604010 機械安裝業,臺北市,變更,11504
84942820,和全保險代理人股份有限公司,臺北市松山區復興北路143號10樓,白錫潭,7000000,,115/04/14,改派董事/監察人,H601011 人身保險代理人；H601021 財產保險代理人,臺北市,變更,11504
84945214,豐興鋁業有限公司,臺北市文山區興隆路3段209號1樓,許侯淑月,25000000,,115/04/28,股東出資轉讓修正章程,,臺北市,變更,11504
84950757,力智電信股份有限公司,臺北市大安區忠孝東路4段270號10樓之2,豐亦企業股份有限公司,10000000,,115/04/02,特殊補正,G903010 電信事業；I401010 一般廣告服務業；IZ15010 市場研究及民意調查業；IZ99990 其他工商服務業；I199990 其他顧問服務業；JE01010 租賃業；I501010 產品設計業；F401010 國際貿易業；F399040 無店面零售業；F119010 電子材料批發業,臺北市,變更,11504
84951502,全鑫投資股份有限公司,臺北市中山區吉林路24號10樓之3,陳宜杰,20000000,,115/04/20,改選董事/監察人(一人法人股東指派董事/監察人),H201010 一般投資業；H701010 住宅及大樓開發租售業；H703100 不動產租賃業,臺北市,變更,11504
85000945,百感有限公司,臺北市中山區民生東路2段143號8樓,,1000000,,115/04/08,解散,F106020 日常用品批發業；F102170 食品什貨批發業；F401010 國際貿易業；F203010 食品什貨、飲料零售業；F501030 飲料店業；F501060 餐館業；C103050 罐頭、冷凍、脫水及醃漬食品製造業；F399040 無店面零售業；ZZ99999 除許可業務外，得經營法令非禁止或限制之業務,臺北市,變更,11504
85001607,優識文化股份有限公司,臺北市信義區松德路65號11樓之1,林俊杰,10000000,,115/04/21,特殊補正,F109070 文教、樂器、育樂用品批發業；F118010 資訊軟體批發業；F206020 日常用品零售業；F209060 文教、樂器、育樂用品零售業；F218010 資訊軟體零售業；F399040 無店面零售業；F399990 其他綜合零售業；F401010 國際貿易業；F601010 智慧財產權業；J202010 產業育成業,臺北市,變更,11504
85001732,千馳國際整合行銷有限公司,臺北市中正區重慶南路1段95號6樓,黃佳薇,2000000,,115/04/08,申登機關變更（遷入，含卷）,I401010 一般廣告服務業；I301010 資訊軟體服務業；I501010 產品設計業；J399010 軟體出版業；I301030 電子資訊供應服務業；I301020 資料處理服務業；F401010 國際貿易業；F399040 無店面零售業；ZZ99999 除許可業務外，得經營法令非禁止或限制之業務,臺北市,變更,11504
85001923,倍速羅得股份有限公司,臺北市士林區中山北路5段518號9樓,Alexander Carl Christer HELLING,258166670,,115/04/07,特殊補正,CC01010 發電、輸電、配電機械製造業；E599010 配管工程業；D101050 汽電共生業；E601020 電器安裝業；E603010 電纜安裝工程業；E603050 自動控制設備工程業；E604010 機械安裝業；EZ02010 起重工程業；EZ05010 儀器、儀表安裝工程業；EZ07010 鑽孔工程業,臺北市,變更,11504
85002394,斐利巧股份有限公司,臺北市大安區延吉街131巷24號1樓,李逸倫,750000,,115/04/16,特殊補正,JZ99080 美容美髮服務業,臺北市,變更,11504
85007481,北極熊傳播有限公司,臺北市信義區忠孝東路5段412號17樓,許雅鈞,500000,,115/04/30,改推董事/董事長,J602010 演藝活動業；J601010 藝文服務業；J603010 音樂展演空間業；J303010 雜誌（期刊）出版業；J304010 圖書出版業；J305010 有聲出版業；JB01010 會議及展覽服務業；I102010 投資顧問業；I103060 管理顧問業；I301010 資訊軟體服務業,臺北市,變更,11504
85007546,蔦燒國際餐飲股份有限公司,臺北市北投區溫泉路30巷24號,杜彥霆,21600000,,115/04/29,發行新股,F102170 食品什貨批發業；F203010 食品什貨、飲料零售業；F501030 飲料店業；F501060 餐館業；F401010 國際貿易業；ZZ99999 除許可業務外，得經營法令非禁止或限制之業務,臺北市,變更,11504
85013934,安鑫生物科技股份有限公司,臺北市信義區忠孝東路5段1之3號14樓,蔡惠靜,15000000,,115/04/20,增資(資本總額),F102170 食品什貨批發業；F107200 化學原料批發業；F107990 其他化學製品批發業；F107070 動物用藥品批發業；F108040 化粧品批發業；F203010 食品什貨、飲料零售業；F207200 化學原料零售業；F207990 其他化學製品零售業；F207070 動物用藥零售業；F208040 化粧品零售業,臺北市,變更,11504
85014238,奇異恩典生技有限公司,臺北市萬華區昆明街281號1樓,劉立恕,30000,,115/04/01,特殊補正,F102040 飲料批發業；F102170 食品什貨批發業；F106020 日常用品批發業；F107030 清潔用品批發業；F108040 化粧品批發業；F203010 食品什貨、飲料零售業；F206020 日常用品零售業；F207030 清潔用品零售業；F208040 化粧品零售業；F399040 無店面零售業,臺北市,變更,11504
85015898,台灣天域科技股份有限公司,臺北市信義區松仁路100號29樓,沈潔蕾,30000000,,115/04/15,特殊補正,I301010 資訊軟體服務業（限中華民國行業標準分類6201電腦軟體設計業、6202電腦系統整合服務業及6209其他電腦系統設計服務業）,臺北市,變更,11504
85016952,仟鳥紡織有限公司,臺北市大同區西寧北路37號9樓,林春生,5000000,,115/04/28,公司所在地,F104110 布疋、衣著、鞋、帽、傘、服飾品批發業；F107190 塑膠膜、袋批發業；F204110 布疋、衣著、鞋、帽、傘、服飾品零售業；F399990 其他綜合零售業；F401010 國際貿易業；ZZ99999 除許可業務外，得經營法令非禁止或限制之業務,臺北市,變更,11504
85017426,壹比叁科技股份有限公司,臺北市內湖區內湖路1段250號12樓,柯明濃,500000,,115/04/16,特殊補正,J303010 雜誌（期刊）出版業；J401010 電影片製作業；J402010 電影片發行業；J503020 電視節目製作業；J503030 廣播電視節目發行業；J602010 演藝活動業；JZ99990 未分類其他服務業；I301010 資訊軟體服務業；I301020 資料處理服務業；F218010 資訊軟體零售業,臺北市,變更,11504
85017621,新店投資開發股份有限公司,臺北市大安區信義路4段279號5樓之1,黃詩傑,64772500,,115/04/29,改選董事/監察人(一人法人股東指派董事/監察人),H201010 一般投資業；H701010 住宅及大樓開發租售業；H701020 工業廠房開發租售業；H703090 不動產買賣業；H703100 不動產租賃業；I103060 管理顧問業；I102010 投資顧問業；JZ99050 仲介服務業；JE01010 租賃業；F401010 國際貿易業,臺北市,變更,11504
85017896,廣川有限公司,臺北市南港區重陽路459號3樓,林秀美,1000000,,115/04/14,公司所營事業變更修正章程,F401010 國際貿易業；H201010 一般投資業；H202010 創業投資業；I102010 投資顧問業；I103060 管理顧問業；I199990 其他顧問服務業；I301010 資訊軟體服務業；I301020 資料處理服務業；I301030 電子資訊供應服務業；IZ99990 其他工商服務業,臺北市,變更,11504
85018017,貳肆策劃有限公司,臺北市大同區南京西路167巷17號1樓,張柴商,3600000,,115/04/30,增資,F118010 資訊軟體批發業；F218010 資訊軟體零售業；F199990 其他批發業；F299990 其他零售業；F399990 其他綜合零售業；J401010 電影片製作業；J404050 電影特效製作業；J404010 動畫影片製作業；J304010 圖書出版業；J305010 有聲出版業,臺北市,變更,11504
85028578,山崎實業股份有限公司,臺北市中正區紹興北街23號5樓,李憶雯,10000000,,115/04/23,公司所營事業變更修正章程,F401010 國際貿易業；F106010 五金批發業；F114010 汽車批發業；F114020 機車批發業；F114030 汽、機車零件配備批發業；F114040 自行車及其零件批發業；F114050 車胎批發業；F114080 軌道車輛及其零件批發業；F114990 其他交通運輸工具及其零件批發業；C804010 輪胎製造業,臺北市,變更,11504
85029099,羅賓斯科技股份有限公司,臺北市松山區民權東路3段181號3樓,林奕帆,62200097,,115/04/02,特殊補正,F118010 資訊軟體批發業；F218010 資訊軟體零售業；I103060 管理顧問業；I301010 資訊軟體服務業；I301020 資料處理服務業；I301030 電子資訊供應服務業；I401010 一般廣告服務業；I501010 產品設計業；F601010 智慧財產權業；I199990 其他顧問服務業,臺北市,變更,11504
85030223,禾振科技服務有限公司,臺北市中正區新生南路1段50號7樓之7,鍾正敦,12000000,,115/04/27,公司所在地,F113050 電腦及事務性機器設備批發業；F213030 電腦及事務性機器設備零售業；F118010 資訊軟體批發業；F218010 資訊軟體零售業；F401010 國際貿易業；ZZ99999 除許可業務外，得經營法令非禁止或限制之業務,臺北市,變更,11504
85031834,昭暘能源股份有限公司,臺北市內湖區瑞光路605號10樓,林彥良,33000000,,115/04/14,改選董事/監察人(一人法人股東指派董事/監察人),D101050 汽電共生業；D101060 再生能源自用發電設備業；D401010 熱能供應業；E601010 電器承裝業；E601020 電器安裝業；E604010 機械安裝業；E607010 太陽熱能設備安裝工程業；F113010 機械批發業；F113110 電池批發業；F119010 電子材料批發業,臺北市,變更,11504
85032480,鑫富凱有限公司,臺北市士林區承德路4段188號3樓,,2100000,,115/04/30,解散,F199010 回收物料批發業；F106010 五金批發業；F111090 建材批發業；F113010 機械批發業；F113030 精密儀器批發業；F113050 電腦及事務性機器設備批發業；F113990 其他機械器具批發業；F119010 電子材料批發業；J101080 資源回收業；F401010 國際貿易業,臺北市,變更,11504
85040833,津園建設開發股份有限公司,臺北市信義區東興路49號11樓,,10000000,,115/04/15,解散,F201010 農產品零售業；F201070 花卉零售業；A101020 農作物栽培業；A101030 特用作物栽培業；A101040 食用菌菇類栽培業；A101050 花卉栽培業；A102080 園藝服務業；ZZ99999 除許可業務外，得經營法令非禁止或限制之業務；H701010 住宅及大樓開發租售業；H701020 工業廠房開發租售業,臺北市,變更,11504
85044789,台普威能源股份有限公司,臺北市內湖區基湖路1號6樓,廖福生,408070000,,115/04/14,特殊補正,CB01990 其他機械製造業；CC01010 發電、輸電、配電機械製造業；CC01030 電器及視聽電子產品製造業；CC01080 電子零組件製造業；CC01090 電池製造業；CC01110 電腦及其週邊設備製造業；CC01990 其他電機及電子機械器材製造業；D101060 再生能源自用發電設備業；E601010 電器承裝業；E601020 電器安裝業,臺北市,變更,11504
85047596,芯憶有限公司,臺北市中山區民權東路2段9號4樓之2,陳灶沐,100000,,115/04/30,公司所在地,C901020 玻璃及玻璃製品製造業；CA04010 表面處理業；CA02990 其他金屬製品製造業；F104110 布疋、衣著、鞋、帽、傘、服飾品批發業；F115010 首飾及貴金屬批發業；F202010 飼料零售業；F204110 布疋、衣著、鞋、帽、傘、服飾品零售業；F205040 家具、寢具、廚房器具、裝設品零售業；F209060 文教、樂器、育樂用品零售業；F215010 首飾及貴金屬零售業,臺北市,變更,11504
85064074,寓尚室內設計有限公司,臺北市大安區臥龍街269號1樓,林鈺貫,1000000,,115/04/13,公司所在地,I503010 景觀、室內設計業；I501010 產品設計業；E801010 室內裝潢業；E801020 門窗安裝工程業；E801030 室內輕鋼架工程業；E801040 玻璃安裝工程業；E801070 廚具、衛浴設備安裝工程業；E603100 電焊工程業；E603090 照明設備安裝工程業；E601020 電器安裝業,臺北市,變更,11504
85069079,樂氏同仁堂老鋪有限公司,臺北市士林區大南路419號8樓,樂覺心,1000000,,115/04/27,特殊補正,F102040 飲料批發業；F102170 食品什貨批發業；F108040 化粧品批發業；F203010 食品什貨、飲料零售業；F208040 化粧品零售業；F208050 乙類成藥零售業；F401010 國際貿易業；F101050 水產品批發業；F102050 茶葉批發業；F103010 飼料批發業,臺北市,變更,11504
85069134,史瑞伯有限公司,臺北市北投區中央北路4段515巷28號7樓,王晏蓁,3000000,,115/04/14,補繳規費,F203010 食品什貨、飲料零售業；F204110 布疋、衣著、鞋、帽、傘、服飾品零售業；F209060 文教、樂器、育樂用品零售業；F399040 無店面零售業；ZZ99999 除許可業務外，得經營法令非禁止或限制之業務；F218010 資訊軟體零售業；I199990 其他顧問服務業；I301010 資訊軟體服務業,臺北市,變更,11504
85069140,盛鼎投資股份有限公司,臺北市信義區松仁路100號22樓,王凱弘,1500000,,115/04/01,改選董事/監察人(一人法人股東指派董事/監察人),H201010 一般投資業,臺北市,變更,11504
85074755,境泰投資股份有限公司,臺北市中正區羅斯福路3段76號4樓之1,張盈智,2000000,,115/04/13,改選董事/監察人(一人法人股東指派董事/監察人),H201010 一般投資業,臺北市,變更,11504
85081741,天行電業股份有限公司,臺北市內湖區瑞光路362號8樓,侯明欽,200000000,,115/04/28,減資,CC01010 發電、輸電、配電機械製造業；F119010 電子材料批發業；F401010 國際貿易業；H701010 住宅及大樓開發租售業；H701020 工業廠房開發租售業；H701050 投資興建公共建設業；H701060 新市鎮、新社區開發業；H701070 區段徵收及市地重劃代辦業；H701090 都市更新整建維護業；H702010 建築經理業,臺北市,變更,11504
85090002,大俠國際流行餐飲有限公司,臺北市士林區文林路188號1樓,曾信翰,1700000,,115/04/30,增資,F203010 食品什貨、飲料零售業；F203020 菸酒零售業；F501030 飲料店業；F501060 餐館業；I103060 管理顧問業；I503010 景觀、室內設計業；I599990 其他設計業；IZ12010 人力派遣業；J202010 產業育成業；ZZ99999 除許可業務外，得經營法令非禁止或限制之業務,臺北市,變更,11504
85093850,長磊能源有限公司,臺北市萬華區柳州街81號12樓之1,游家誠,200000,,115/04/07,特殊補正,F119010 電子材料批發業；F219010 電子材料零售業；F113050 電腦及事務性機器設備批發業；F118010 資訊軟體批發業；F213030 電腦及事務性機器設備零售業；F218010 資訊軟體零售業；I301010 資訊軟體服務業；I301020 資料處理服務業；I301030 電子資訊供應服務業；I501010 產品設計業,臺北市,變更,11504
85104723,邁思國際旅行社股份有限公司,臺北市中山區松江路328號7樓,陳正耀,10000000,,115/04/20,特殊補正,J902011 旅行業,臺北市,變更,11504
85110942,環匯台灣科技有限公司,臺北市信義區松仁路100號30樓,Edward Chen,6230000,,115/04/22,公司所在地,F401010 國際貿易業；IG02010 研究發展服務業；IZ12010 人力派遣業；ZZ99999 除許可業務外，得經營法令非禁止或限制之業務,臺北市,變更,11504
85111436,點點全球股份有限公司,臺北市松山區民生東路3段107巷6號2樓,謝瑞庭,45000000,,115/04/14,特殊補正,E603050 自動控制設備工程業；E604010 機械安裝業；E605010 電腦設備安裝業；E801010 室內裝潢業；F106020 日常用品批發業；F113030 精密儀器批發業；F113050 電腦及事務性機器設備批發業；F113070 電信器材批發業；F118010 資訊軟體批發業；F119010 電子材料批發業,臺北市,變更,11504
85111787,合凌科技股份有限公司,臺北市松山區南京東路4段165號8樓,陳玫君,18775000,,115/04/09,特殊補正,I103060 管理顧問業；I301020 資料處理服務業；I301010 資訊軟體服務業；I301040 第三方支付服務業；CB01010 機械設備製造業；CC01120 資料儲存媒體製造及複製業；CC01080 電子零組件製造業；CE01010 一般儀器製造業；F401010 國際貿易業；F118010 資訊軟體批發業,臺北市,變更,11504
85117353,崧宇室內裝潢股份有限公司,臺北市大安區忠孝東路3段303號2樓之2,翁兩全,1000000,,115/04/13,董事(常務董事.董事長)/監察人解任,E801070 廚具、衛浴設備安裝工程業；F205040 家具、寢具、廚房器具、裝設品零售業；F105050 家具、寢具、廚房器具、裝設品批發業；F106040 水器材料批發業；F206040 水器材料零售業；F106010 五金批發業；F206010 五金零售業；E801010 室內裝潢業；E801030 室內輕鋼架工程業；E801020 門窗安裝工程業,臺北市,變更,11504
85121899,誠新電力股份有限公司,臺北市松山區復興北路57號10樓之2,陳建軒,5000000,,115/04/16,特殊補正,CC01010 發電、輸電、配電機械製造業；E601010 電器承裝業；H201010 一般投資業；I102010 投資顧問業；I103060 管理顧問業；IG03010 能源技術服務業；IZ12010 人力派遣業；ZZ99999 除許可業務外，得經營法令非禁止或限制之業務；E599010 配管工程業；E601020 電器安裝業,臺北市,變更,11504
85127438,鑫隆電子股份有限公司,臺北市內湖區基湖路10巷50號6樓,范宏達,535847420,,115/04/01,申登機關變更（遷入，含卷）,CC01120 資料儲存媒體製造及複製業；E605010 電腦設備安裝業；F113020 電器批發業；F113050 電腦及事務性機器設備批發業；F113070 電信器材批發業；F118010 資訊軟體批發業；F119010 電子材料批發業；F213010 電器零售業；F213030 電腦及事務性機器設備零售業；F218010 資訊軟體零售業,臺北市,變更,11504
85130911,睿禾金碳股份有限公司,臺北市大安區信義路3段153號5樓,陳坤宏,293297930,,115/04/22,特殊補正,H201010 一般投資業；ZZ99999 除許可業務外，得經營法令非禁止或限制之業務；F401010 國際貿易業；CC01010 發電、輸電、配電機械製造業；D101060 再生能源自用發電設備業；E601010 電器承裝業；E601020 電器安裝業；E606010 用電設備檢驗維護業；E607010 太陽熱能設備安裝工程業；I102010 投資顧問業,臺北市,變更,11504
86003792,親職文化事業股份有限公司,臺北市中山區民權西路48號5樓,趙文瑜,22375000,,115/04/17,特殊補正,F105050 家具、寢具、廚房器具、裝設品批發業；F109070 文教、樂器、育樂用品批發業；F203010 食品什貨、飲料零售業；F205040 家具、寢具、廚房器具、裝設品零售業；F209060 文教、樂器、育樂用品零售業；F401010 國際貿易業；I301030 電子資訊供應服務業；H703100 不動產租賃業；J303010 雜誌（期刊）出版業；J304010 圖書出版業,臺北市,變更,11504
86008494,源和文具印刷有限公司,臺北市士林區葫蘆街96號1樓,高嘉良,1000000,,115/04/17,股東出資轉讓修正章程,,臺北市,變更,11504
86017085,景新育樂事業股份有限公司,臺北市士林區天母西路40號7樓,陳百偉,15000000,,115/04/16,改選董事/監察人(一人法人股東指派董事/監察人),,臺北市,變更,11504
86020949,台灣康美克環境衛生器材股份有限公司,臺北市中山區天祥路61巷22號,高肇楊,10000000,,115/04/01,特殊補正,F106020 日常用品批發業；F107030 清潔用品批發業；F107080 環境用藥批發業；F108040 化粧品批發業；F113010 機械批發業；F113020 電器批發業；F206020 日常用品零售業；F207030 清潔用品零售業；F207080 環境用藥零售業；F208040 化粧品零售業,臺北市,變更,11504
86105828,偉特金屬股份有限公司,臺北市松山區復興北路167號7樓,吳茂昇,28000000,,115/04/01,董事/監察人持股變動報備,,臺北市,變更,11504
86119858,民合順投資股份有限公司,臺北市松山區八德路4段678號5樓,張耀仁,50000000,,115/04/28,改選董事/監察人(一人法人股東指派董事/監察人),H201010 一般投資業,臺北市,變更,11504
86122299,荷蘭商安智銀行股份有限公司,臺北市信義區信義路五段7號70樓之1,張崇崗,1580000000,,115/04/20,本公司董事及其他負責人變更,H101011 銀行業,臺北市,變更,11504
86123662,美商如新華茂股份有限公司,臺北市信義區忠孝東路四段557號1樓,張雅婷,8000000,,115/04/08,本公司董事及其他負責人變更,F401010 國際貿易業；F109070 文教、樂器、育樂用品批發業；F209060 文教、樂器、育樂用品零售業；J305010 有聲出版業；F104110 布疋、衣著、鞋、帽、傘、服飾品批發業；F105050 家具、寢具、廚房器具、裝設品批發業；F106050 陶瓷玻璃器皿批發業；F110020 眼鏡批發業；F113030 精密儀器批發業；F113990 其他機械器具批發業,臺北市,變更,11504
86130328,弘茂貿易有限公司,臺北市大同區大龍街166號2樓,郭黃文,88000000,,115/04/01,特殊補正,F113020 電器批發業；F113030 精密儀器批發業；F113050 電腦及事務性機器設備批發業；F113070 電信器材批發業；F113990 其他機械器具批發業；F119010 電子材料批發業；F214010 汽車零售業；F401010 國際貿易業；ZZ99999 除許可業務外，得經營法令非禁止或限制之業務,臺北市,變更,11504
86149635,聚東股份有限公司,臺北市內湖區內湖路1段737巷19弄4號1樓,黃添富,10000000,,115/04/22,改選董事/監察人(一人法人股東指派董事/監察人),,臺北市,變更,11504
86152716,伸厚國際有限公司,臺北市士林區文林路134號5樓,黃敏嫥,20000000,,115/04/21,特殊補正,J304010 圖書出版業；ZZ99999 除許可業務外，得經營法令非禁止或限制之業務,臺北市,變更,11504
86154572,宇帆國際有限公司,臺北市中山區南京東路2段58號3樓,江謝文怡,5000000,,115/04/08,特殊補正,CD01030 汽車及其零件製造業；F114030 汽、機車零件配備批發業；C805050 工業用塑膠製品製造業；F106040 水器材料批發業；C804990 其他橡膠製品製造業；F401010 國際貿易業,臺北市,變更,11504
86156558,聯海通運股份有限公司,臺北市中山區松江路223號10樓,川本勝,7500000,,115/04/29,特殊補正,G601011 航空貨運承攬業；G402011 海運承攬運送業；ZZ99999 除許可業務外，得經營法令非禁止或限制之業務,臺北市,變更,11504
86159719,利海有限公司,臺北市大同區承德路1段17號8樓之4,郭景行,20000000,,115/04/22,股東出資轉讓修正章程,F102170 食品什貨批發業；F104110 布疋、衣著、鞋、帽、傘、服飾品批發業；F105050 家具、寢具、廚房器具、裝設品批發業；F106020 日常用品批發業；F106050 陶瓷玻璃器皿批發業；F108031 醫療器材批發業；F109070 文教、樂器、育樂用品批發業；F203010 食品什貨、飲料零售業；F205040 家具、寢具、廚房器具、裝設品零售業；F206020 日常用品零售業,臺北市,變更,11504
86168750,湖園實業股份有限公司,臺北市內湖區康寧路3段72號10樓,方保泰,29410000,,115/04/27,改選董事/監察人(一人法人股東指派董事/監察人),,臺北市,變更,11504
86175464,元創國際建筑有限公司,臺北市松山區敦化南路1段102號12樓,邱希修,15000000,,115/04/17,公司所在地,E801010 室內裝潢業；F111090 建材批發業；H701010 住宅及大樓開發租售業；H701020 工業廠房開發租售業；H701050 投資興建公共建設業；H701060 新市鎮、新社區開發業；H701070 區段徵收及市地重劃代辦業；H701090 都市更新整建維護業；H703090 不動產買賣業；H703100 不動產租賃業,臺北市,變更,11504
86285080,華聯輪胎股份有限公司,臺北市大安區仁愛路4段68號12樓之4,吳承陽,5000000,,115/04/01,改選董事/監察人(一人法人股東指派董事/監察人),,臺北市,變更,11504
86295480,僑友建設有限公司,臺北市中正區和平西路2段79號1樓,曾昱睿,25000000,,115/04/10,特殊補正,,臺北市,變更,11504
86299676,史賓樂有限公司,臺北市內湖區成功路5段460號6樓之1,簡曉瑋,30000000,,115/04/13,公司所在地,F106010 五金批發業；F106020 日常用品批發業；F106040 水器材料批發業；F107030 清潔用品批發業；F206010 五金零售業；F206020 日常用品零售業；F206040 水器材料零售業；F207030 清潔用品零售業；F401010 國際貿易業；ZZ99999 除許可業務外，得經營法令非禁止或限制之業務,臺北市,變更,11504
86318408,鴻碩精密電工股份有限公司,臺北市內湖區行愛路169號,張利榮,1066492500,,115/04/28,可轉換公司債換發新股,C805050 工業用塑膠製品製造業；CA01110 鍊銅業；CA01130 銅材軋延、伸線、擠型業；CC01010 發電、輸電、配電機械製造業；CC01020 電線及電纜製造業；CC01080 電子零組件製造業；CC01110 電腦及其週邊設備製造業；CC01990 其他電機及電子機械器材製造業；CD01030 汽車及其零件製造業；CD01040 機車及其零件製造業,臺北市,變更,11504
86375580,威昇開發股份有限公司,臺北市大安區敦化南路2段99號12樓,陳貴光,205000000,,115/04/14,董事(常務董事.董事長)/監察人解任,E599010 配管工程業；E701030 電信管制射頻器材裝設工程業；E901010 油漆工程業；E903010 防蝕、防銹工程業；F111090 建材批發業；F113070 電信器材批發業；F119010 電子材料批發業；F211010 建材零售業；F213060 電信器材零售業；F219010 電子材料零售業,臺北市,變更,11504
86380015,日商三信設計開發股份有限公司,臺北市中正區博愛路130號5樓之2,王錦伍,7000000,,115/04/01,在中華民國所營事業增加登記,F106010 五金批發業；F113010 機械批發業；F206010 五金零售業；F211010 建材零售業；F213080 機械器具零售業；F401010 國際貿易業；E103031 基礎工程專業營造業；EZ07010 鑽孔工程業；ZZ99999 除許可業務外，得經營法令非禁止或限制之業務,臺北市,變更,11504
86381274,台灣東洋紡股份有限公司,臺北市中山區中山北路2段96號7樓,山村和正,27500000,,115/04/22,特殊補正,F401010 國際貿易業；F113010 機械批發業；F213080 機械器具零售業；F104110 布疋、衣著、鞋、帽、傘、服飾品批發業；F204110 布疋、衣著、鞋、帽、傘、服飾品零售業；F118010 資訊軟體批發業；F218010 資訊軟體零售業；F113050 電腦及事務性機器設備批發業；F213030 電腦及事務性機器設備零售業；F113030 精密儀器批發業,臺北市,變更,11504
86383028,世雅育樂股份有限公司,臺北市中山區南京東路3段168號11樓之3,Justin Scarpone,200000000,,115/04/20,特殊補正,E801010 室內裝潢業；F102040 飲料批發業；F106020 日常用品批發業；F109070 文教、樂器、育樂用品批發業；F111090 建材批發業；F113010 機械批發業；F113020 電器批發業；F113030 精密儀器批發業；F119010 電子材料批發業；F203010 食品什貨、飲料零售業,臺北市,變更,11504
86383391,台灣丸紅股份有限公司,臺北市中山區南京東路3段168號16樓之1及16樓之2,相馬伸一郎,344000000,,115/04/23,改派董事/監察人,E604010 機械安裝業；F102020 食用油脂批發業；F102030 菸酒批發業；F102170 食品什貨批發業；F102180 酒精批發業；F103010 飼料批發業；F107050 肥料批發業；F107990 其他化學製品批發業；F111090 建材批發業；F112020 煤及煤製品批發業,臺北市,變更,11504
86383441,汎遠企業股份有限公司,臺北市內湖區陽光街321巷18號8樓,張正宗,24000000,,115/04/29,改選董事/監察人(一人法人股東指派董事/監察人),EZ03010 鎔爐安裝業。；EZ99990 其他工程業(熱處理爐安裝工程之規劃設計施工維護業務),臺北市,變更,11504
86383836,台灣泰格醫藥股份有限公司,臺北市信義區忠孝東路5段410號5樓之1,蔡威光(CHUA WEE KUAN),5000000,,115/04/23,改選董事/監察人(一人法人股東指派董事/監察人),ZZ99999 除許可業務外，得經營法令非禁止或限制之業務,臺北市,變更,11504
86384477,元大證券投資信託股份有限公司,臺北市松山區敦化南路一段66號4樓、5樓及68號2樓之1,劉宗聖,2269234630,,115/04/16,改派董事/監察人,H303011 證券投資信託業；H304011 證券投資顧問業；H406011 期貨信託事業,臺北市,變更,11504
86384602,尼得科台灣股份有限公司,臺北市大同區承德路1段2號10樓,伊藤健二,5000000,,115/04/30,特殊補正,ZZ99999 除許可業務除外，得經營法令非禁止或限制之業務,臺北市,變更,11504
86385124,摩根證券投資信託股份有限公司,臺北市信義區松智路1號20樓及21樓,唐德瑜,312541150,,115/04/10,特殊補正,H303011 證券投資信託業；H304011 證券投資顧問業,臺北市,變更,11504
86385617,玉山證券投資信託股份有限公司,臺北市信義區基隆路1段333號13、14樓,陳茂欽,300000000,,115/04/20,公司外文名稱登記修正章程,H303011 證券投資信託業（經目的事業主管機關核准營業項目為限）,臺北市,變更,11504
86386138,輝凌藥品股份有限公司,臺北市中山區松江路111號11樓,Didier Page,5000000,,115/04/10,董事/監察人證照變更,F108021 西藥批發業；F108031 醫療器材批發業；F208021 西藥零售業；F208031 醫療器材零售業；F208050 乙類成藥零售業；F401010 國際貿易業；ZZ99999 除許可業務外，得經營法令非禁止或限制之業務,臺北市,變更,11504
86470769,洋房建設股份有限公司,臺北市大安區仁愛路4段376號5樓之4,游森雄,12000000,,115/04/07,特殊補正,F106020 日常用品批發業；F203010 食品什貨、飲料零售業；F204110 布疋、衣著、鞋、帽、傘、服飾品零售業；F205040 家具、寢具、廚房器具、裝設品零售業；F206020 日常用品零售業；F214040 自行車及其零件零售業；F401010 國際貿易業；H701040 特定專業區開發業；H701060 新市鎮、新社區開發業；I199990 其他顧問服務業,臺北市,變更,11504
86474955,宏鴻企業有限公司,臺北市大安區敦化南路1段332號5樓,蔡宗憲,38000000,,115/04/08,特殊補正,F501030 飲料店業；F101100 花卉批發業；F104110 布疋、衣著、鞋、帽、傘、服飾品批發業；F106010 五金批發業；F109070 文教、樂器、育樂用品批發業；F201070 花卉零售業；F203010 食品什貨、飲料零售業；F204110 布疋、衣著、鞋、帽、傘、服飾品零售業；F206010 五金零售業；F209060 文教、樂器、育樂用品零售業,臺北市,變更,11504
86483835,漢昇股份有限公司,臺北市內湖區南京東路6段487號7樓,彭慶麟,15400000,,115/04/28,改選董事/監察人(一人法人股東指派董事/監察人),E605010 電腦設備安裝業；E603010 電纜安裝工程業；E701010 電信工程業；E701040 簡易電信設備安裝業；E701030 電信管制射頻器材裝設工程業；E701020 衛星電視ＫＵ頻道、Ｃ頻道器材安裝業；EZ05010 儀器、儀表安裝工程業；E599010 配管工程業；E601020 電器安裝業；F113050 電腦及事務性機器設備批發業,臺北市,變更,11504
86489985,德瑞格股份有限公司,臺北市大同區承德路1段70之1號9樓,林岳岡,37000000,,115/04/24,改選董事/監察人(一人法人股東指派董事/監察人),F104110 布疋、衣著、鞋、帽、傘、服飾品批發業；F199990 其他批發業；F204110 布疋、衣著、鞋、帽、傘、服飾品零售業；F299990 其他零售業；F401010 國際貿易業；I101110 紡織顧問業；I199990 其他顧問服務業；I501010 產品設計業；I502010 服飾設計業；ZZ99999 除許可業務外，得經營法令非禁止或限制之業務,臺北市,變更,11504
86492530,震臺機械有限公司,臺北市內湖區民權東路6段56巷25弄12號4樓,張瑞傳,5000000,,115/04/21,股東出資轉讓修正章程,,臺北市,變更,11504
86494690,禾岡興業股份有限公司,臺北市松山區民權東路3段160巷19弄26號,張仁榮,8000000,,115/04/01,特殊補正,F102990 其他食品批發業(食品添加物),臺北市,變更,11504
86498915,進音坊音響有限公司,臺北市內湖區瑞湖街103號5樓,詹文貴,16000000,,115/04/01,股東出資轉讓修正章程,ZZ99999 除許可業務外，得經營法令非禁止或限制之業務；F113020 電器批發業；F113070 電信器材批發業；F116010 照相器材批發業；F119010 電子材料批發業；F213010 電器零售業；F213060 電信器材零售業；F216010 照相器材零售業；F219010 電子材料零售業；F401010 國際貿易業,臺北市,變更,11504
86510452,金寶山事業股份有限公司,臺北市中山區民權東路2段158號1樓,曹光澯,460000020,,115/04/24,特殊補正,JZ99141 殯葬設施經營業；A101050 花卉栽培業；JZ99050 仲介服務業；F401010 國際貿易業；J202010 產業育成業；I103060 管理顧問業；ZZ99999 除許可業務外，得經營法令非禁止或限制之業務,臺北市,變更,11504
86512923,蕾娣服飾有限公司,臺北市大安區忠孝東路4段97號2樓之26,李淑賢,2000000,,115/04/10,董事/股東更名,,臺北市,變更,11504
86519968,永德投資股份有限公司,臺北市大安區敦化南路二段77號6樓,陳建信,1200000000,,115/04/20,改選董事/監察人(一人法人股東指派董事/監察人),,臺北市,變更,11504
86546254,龍臨實業股份有限公司,臺北市南港區經貿二路189號7樓,何享洲,339000000,,115/04/09,修正章程,ZZ99999 除許可業務外，得經營法令非禁止或限制之業務,臺北市,變更,11504
86661681,凱棣股份有限公司,臺北市中山區復興北路48號4樓,邱季枝,78747770,,115/04/22,改選董事/監察人(一人法人股東指派董事/監察人),CC01080 電子零組件製造業。；C805050 工業用塑膠製品製造業。；C801040 合成樹脂製造業。,臺北市,變更,11504
86683550,康美建設股份有限公司,臺北市松山區八德路3段99巷1號,黄小珊,50000000,,115/04/29,特殊補正,H701010 住宅及大樓開發租售業；E801010 室內裝潢業；F211010 建材零售業；F401010 國際貿易業；G202010 停車場經營業；F213080 機械器具零售業；I102010 投資顧問業；H702010 建築經理業；H701020 工業廠房開發租售業；H701060 新市鎮、新社區開發業,臺北市,變更,11504
86708721,般門實業股份有限公司,臺北市大安區忠孝東路4段270號13樓之5,郭禮翔,15000000,,115/04/24,特殊補正,,臺北市,變更,11504
86710156,船來實業有限公司,臺北市松山區富錦街548號3樓,游季達,5000000,,115/04/16,股東出資轉讓修正章程,E801010 室內裝潢業；F206010 五金零售業；F206020 日常用品零售業；F207010 漆料、塗料零售業；F220010 耐火材料零售業；F401010 國際貿易業；F211010 建材零售業；F205040 家具、寢具、廚房器具、裝設品零售業；ZZ99999 除許可業務外，得經營法令非禁止或限制之業務,臺北市,變更,11504
86714998,兆雄建設股份有限公司,臺北市文山區保儀路52號2樓,楊易仁,20000000,,115/04/15,補繳規費,E801010 室內裝潢業；F111090 建材批發業；F113010 機械批發業；F211010 建材零售業；F213080 機械器具零售業；H701010 住宅及大樓開發租售業；H701020 工業廠房開發租售業；H701050 投資興建公共建設業；H701060 新市鎮、新社區開發業；H701070 區段徵收及市地重劃代辦業,臺北市,變更,11504
86721956,首泰建設股份有限公司,臺北市內湖區堤頂大道2段501號10樓,羅李阿昭,200000000,,115/04/09,特殊補正,F111090 建材批發業；F401010 國際貿易業；H701010 住宅及大樓開發租售業；H701020 工業廠房開發租售業；H703090 不動產買賣業；H703100 不動產租賃業；ZZ99999 除許可業務外，得經營法令非禁止或限制之業務,臺北市,變更,11504
86852669,僑普國際興業有限公司,臺北市大安區信義路4段296號15樓,陶琅,5000000,,115/04/02,股東出資轉讓修正章程,F109070 文教、樂器、育樂用品批發業；F209060 文教、樂器、育樂用品零售業；F118010 資訊軟體批發業；F218010 資訊軟體零售業；F113050 電腦及事務性機器設備批發業；F213030 電腦及事務性機器設備零售業；F113020 電器批發業；F213010 電器零售業；F105050 家具、寢具、廚房器具、裝設品批發業；F205040 家具、寢具、廚房器具、裝設品零售業,臺北市,變更,11504
86865138,倚強科技股份有限公司,臺北市內湖區瑞光路607號9樓,吳聲皜,717808800,,115/04/10,發行新股,CB01010 機械設備製造業；CB01990 其他機械製造業；CC01010 發電、輸電、配電機械製造業；CC01060 有線通信機械器材製造業；CC01070 無線通信機械器材製造業；CC01080 電子零組件製造業；CC01110 電腦及其週邊設備製造業；CC01120 資料儲存媒體製造及複製業；CC01990 其他電機及電子機械器材製造業；CQ01010 模具製造業,臺北市,變更,11504
86874360,新迪企業股份有限公司,臺北市中山區民生東路3段21號1樓,陳寶欽,12000000,,115/04/13,特殊補正,F102070 罐頭食品批發業；F203010 食品、飲料零售業；F104050 服飾品批發業；F204050 服飾品零售業；F106010 五金批發業；F206010 五金零售業；F401010 國際貿易業,臺北市,變更,11504
86876114,源松股份有限公司,臺北市松山區八德路4段135號6樓之1,廖文彬,23400000,,115/04/17,改選董事/監察人(一人法人股東指派董事/監察人),F119010 電子材料批發業；F219010 電子材料零售業；A102020 農產品整理業；A102050 作物栽培服務業；C302010 織布業；F101130 蔬果批發業；F102170 食品什貨批發業；F113010 機械批發業；F113990 其他機械器具批發業；F201010 農產品零售業,臺北市,變更,11504
86889595,犀將企業有限公司,臺北市文山區下崙路25號1樓,簡毓慧,5000000,,115/04/29,特殊補正,,臺北市,變更,11504
86936561,鼎盛榮有限公司,臺北市內湖區行善路56號3樓,曾嘉偉,5000000,,115/04/10,股東出資轉讓修正章程,,臺北市,變更,11504
86953195,崧泉企業股份有限公司,臺北市大安區仁愛路4段376號9樓之5,廖誼忠,180000000,,115/04/29,修正章程,,臺北市,變更,11504
86967563,富立旅行社股份有限公司,臺北市中山區南京東路2段98號11樓之1,黃文卿,36000000,,115/04/28,補繳規費,J902011 旅行業,臺北市,變更,11504
86983439,逸陽建設有限公司,臺北市信義區祥雲街13之1號地下,涂椽義,25000000,,115/04/27,特殊補正,H701010 住宅及大樓開發租售業；F111090 建材批發業；F206020 日常用品零售業；I199990 其他顧問服務業；E801010 室內裝潢業；ZZ99999 除許可業務外，得經營法令非禁止或限制之業務,臺北市,變更,11504
86985149,皆利有限公司,臺北市中山區南京東路2段36號9樓,林碧慧,5000000,,115/04/28,公司所在地,F110020 眼鏡批發業；F109070 文教、樂器、育樂用品批發業；F106010 五金批發業；F113010 機械批發業；F113020 電器批發業；F119010 電子材料批發業；F199990 其他批發業；F401010 國際貿易業；F601010 智慧財產權業；ZZ99999 除許可業務外，得經營法令非禁止或限制之業務,臺北市,變更,11504
89114126,立合股份有限公司,臺北市信義區忠孝東路5段800號11樓之11,許文泰,1000000,,115/04/14,董事/監察人地址變更,H201010 一般投資業；H202010 創業投資業；H701010 住宅及大樓開發租售業；H701020 工業廠房開發租售業；H701050 投資興建公共建設業；H701060 新市鎮、新社區開發業；H703090 不動產買賣業；H703100 不動產租賃業；I102010 投資顧問業；I103060 管理顧問業,臺北市,變更,11504
89115342,亞瑟資本股份有限公司,臺北市中山區長安東路2段162號7樓,閔靖惠,45100000,,115/04/29,特殊補正,A101020 農作物栽培業；A101030 特用作物栽培業；A101040 食用菌菇類栽培業；A101050 花卉栽培業；A102020 農產品整理業；A102050 作物栽培服務業；A102080 園藝服務業；A199990 其他農業；A301030 水產養殖業；A302010 對外漁業合作業,臺北市,變更,11504
89115595,白岩有限公司,臺北市中山區南京東路1段60號5樓,劉柏麟,100000,,115/04/15,公司所在地,F119010 電子材料批發業；F219010 電子材料零售業；F113070 電信器材批發業；F213060 電信器材零售業；F113020 電器批發業；F213010 電器零售業；F113050 電腦及事務性機器設備批發業；F213030 電腦及事務性機器設備零售業；F113030 精密儀器批發業；F213040 精密儀器零售業,臺北市,變更,11504
89116145,邁爾斯資產管理股份有限公司,臺北市士林區德行東路109巷73弄2號1樓,陳敏宏,20000000,,115/04/30,特殊補正,I102010 一般投資顧問業；I103060 管理顧問業；H201010 一般投資業；H202010 創業投資業；H701010 住宅及大樓開發租售業；H703090 不動產買賣業；H703100 不動產租賃業；ZZ99999 除許可業務外，得經營法令非禁止或限制之業務；F203010 食品什貨、飲料零售業；F206020 日常用品零售業,臺北市,變更,11504
89116320,汝來科技股份有限公司,臺北市大安區敦化南路2段46號5樓之4,鄔鎧玉,2000000,,115/04/29,發行新股,F218010 資訊軟體零售業；I301010 資訊軟體服務業；I103060 管理顧問業；I102010 一般投資顧問業；I199990 其他顧問服務業；F205040 家具、寢具、廚房器具、裝設品零售業；F215020 礦石零售業；F399990 其他綜合零售業；F401010 國際貿易業；I503010 景觀、室內設計業,臺北市,變更,11504
89122293,樺康智雲股份有限公司,臺北市大安區和平東路1段180號7樓,林建志,135000000,,115/04/10,補選董事(常務董事.董事長)/監察人,E601010 電器承裝業；E601020 電器安裝業；E603040 消防安全設備安裝工程業；E603050 自動控制設備工程業；E605010 電腦設備安裝業；E701040 簡易電信設備安裝業；EZ05010 儀器、儀表安裝工程業；F113050 電腦及事務性機器設備批發業；F118010 資訊軟體批發業；F213030 電腦及事務性機器設備零售業,臺北市,變更,11504
89125600,士禾茶坊有限公司,臺北市中正區羅斯福路3段316巷5號1樓,簡榆蓁,100000,,115/04/13,特殊補正,F501030 飲料店業；F201010 農產品零售業；F203010 食品什貨、飲料零售業；ZZ99999 除許可業務外，得經營法令非禁止或限制之業務,臺北市,變更,11504
89135570,巨勝投資股份有限公司,臺北市大同區長安西路230號1樓,白志祥,368445020,,115/04/01,增資(資本總額),H201010 一般投資業；H701010 住宅及大樓開發租售業；H703090 不動產買賣業；H703100 不動產租賃業；ZZ99999 除許可業務外，得經營法令非禁止或限制之業務,臺北市,變更,11504
89136249,澤豐管理顧問股份有限公司,臺北市中山區復興北路2號2樓之3,陳重慶,20000000,,115/04/27,董事/監察人持股變動報備,H201010 一般投資業；H701010 住宅及大樓開發租售業；H703090 不動產買賣業；H703100 不動產租賃業；H202010 創業投資業；I102010 投資顧問業；I103060 管理顧問業；I199990 其他顧問服務業；ZZ99999 除許可業務外，得經營法令非禁止或限制之業務,臺北市,變更,11504
89139793,賦能感股份有限公司,臺北市松山區民生東路3段135號3樓,廖偉盛,460500000,,115/04/20,補繳規費,F118010 資訊軟體批發業；F218010 資訊軟體零售業；H201010 一般投資業；I102010 一般投資顧問業；I103060 管理顧問業；I199990 其他顧問服務業；I301010 資訊軟體服務業；I301020 資料處理服務業；I401010 一般廣告服務業；I501010 產品設計業,臺北市,變更,11504
89140047,亞御國際貿易有限公司,臺北市南港區同德路27號1樓,范堯,15000000,,115/04/16,增資,F399040 無店面零售業；F401010 國際貿易業；F206020 日常用品零售業；F208040 化粧品零售業；F207030 清潔用品零售業；F205040 家具、寢具、廚房器具、裝設品零售業；F104110 布疋、衣著、鞋、帽、傘、服飾品批發業；F105050 家具、寢具、廚房器具、裝設品批發業；F106010 五金批發業；F106020 日常用品批發業,臺北市,變更,11504
89140433,譽捷企業有限公司,臺北市內湖區內湖路3段343巷2弄11號2樓,褚昱昇,1000000,,115/04/07,股東出資轉讓修正章程,EZ02010 起重工程業；E801010 室內裝潢業；E901010 油漆工程業；I503010 景觀、室內設計業；F113010 機械批發業；F401010 國際貿易業；J101090 廢棄物清理業；J101990 其他環境衛生及污染防治服務業；F111090 建材批發業；F106010 五金批發業,臺北市,變更,11504
89140692,麥絲瑪拉台灣零售股份有限公司,臺北市信義區忠孝東路4段525號12樓,藤井道郎Michio FUJII,154615000,,115/04/28,特殊補正,F104110 布疋、衣著、鞋、帽、傘、服飾品批發業；F204110 布疋、衣著、鞋、帽、傘、服飾品零售業；F401010 國際貿易業；I103060 管理顧問業；ZZ99999 除許可業務外，得經營法令非禁止或限制之業務；F108040 化粧品批發業；F208040 化粧品零售業,臺北市,變更,11504
89141735,原想力內容制創文化股份有限公司,臺北市文山區羅斯福路5段160號7樓,林良騏,1200000,,115/04/17,公司所在地,J301010 報紙業；J303010 雜誌（期刊）出版業；J302010 通訊稿業；J304010 圖書出版業；J305010 有聲出版業；J399010 軟體出版業；J399990 其他出版業；J401010 電影片製作業；J404010 動畫影片製作業；J601010 藝文服務業,臺北市,變更,11504
89142143,耕宇文化創意事業有限公司,臺北市大安區忠孝東路4段148號6樓,林建宇,500000,,115/04/17,股東出資轉讓修正章程,C701010 印刷業；F104110 布疋、衣著、鞋、帽、傘、服飾品批發業；F106020 日常用品批發業；F106050 陶瓷玻璃器皿批發業；F109070 文教、樂器、育樂用品批發業；F113050 電腦及事務性機器設備批發業；F116010 照相器材批發業；F118010 資訊軟體批發業；F119010 電子材料批發業；F204110 布疋、衣著、鞋、帽、傘、服飾品零售業,臺北市,變更,11504
89143038,鴻擎資訊有限公司,臺北市大同區甘谷街26號5樓,蘇嵩岩,5000000,,115/04/20,股東出資轉讓修正章程,E605010 電腦設備安裝業；F113050 電腦及事務性機器設備批發業；F213030 電腦及事務性機器設備零售業；F399040 無店面零售業；I301010 資訊軟體服務業；I301020 資料處理服務業；I301030 電子資訊供應服務業；I401010 一般廣告服務業；IZ13010 網路認證服務業；IZ99990 其他工商服務業,臺北市,變更,11504
89145423,絕影股份有限公司,臺北市信義區基隆路1段176號13樓,馬君慈,1000000,,115/04/21,特殊補正,F209060 文教、樂器、育樂用品零售業；F216010 照相器材零售業；F218010 資訊軟體零售業；J401010 電影片製作業；J402010 電影片發行業；J404010 動畫影片製作業；J404020 提供設備及場地供電影片拍攝業；J404030 電影沖印業；J404040 電影錄音業；J404050 電影特效製作業,臺北市,變更,11504
89149336,環球娛樂科技股份有限公司,臺北市中正區博愛路47號3樓之1,邱德炎,3000000,,115/04/27,特殊補正,F104110 布疋、衣著、鞋、帽、傘、服飾品批發業；F109070 文教、樂器、育樂用品批發業；F199990 其他批發業；F213030 電腦及事務性機器設備零售業；F218010 資訊軟體零售業；F219010 電子材料零售業；F401010 國際貿易業；F601010 智慧財產權業；I103060 管理顧問業；I105010 藝術品諮詢顧問業,臺北市,變更,11504
89150059,英旭投資有限公司,臺北市中山區民權西路20號7樓,吳英斌,38625529,,115/04/16,補繳規費,H201010 一般投資業,臺北市,變更,11504
89150142,帝翌絢紳資訊科技股份有限公司,臺北市中山區民權東路3段37號12樓,周靖媛,1000000,,115/04/09,減少所營事業變更修正章程,F399040 無店面零售業；F401010 國際貿易業；H202010 創業投資業；I101100 航空顧問業；I102010 投資顧問業；I103060 管理顧問業；I199990 其他顧問服務業；I301010 資訊軟體服務業；I301020 資料處理服務業；I301030 電子資訊供應服務業,臺北市,變更,11504
89152423,東萬建設開發股份有限公司,臺北市中山區松江路315號2樓,張哲榮,15000000,,115/04/08,改選董事/監察人(一人法人股東指派董事/監察人),H701010 住宅及大樓開發租售業；H701020 工業廠房開發租售業；H701060 新市鎮、新社區開發業；H701070 區段徵收及市地重劃代辦業；H701090 都市更新整建維護業；H702010 建築經理業；H703090 不動產買賣業；H703100 不動產租賃業；I103060 管理顧問業；I401010 一般廣告服務業,臺北市,變更,11504
89152649,台新期貨股份有限公司,臺北市信義區信義路五段8號3樓,黃正雄,2289949770,,115/04/10,補選董事(常務董事.董事長)/監察人,H401011 期貨商；H405011 期貨顧問事業；H310011 證券交易輔助人,臺北市,變更,11504
89155293,希帥國際有限公司,臺北市信義區中坡北路13號1樓,陸儀劼,3000000,,115/04/28,增資,I501010 產品設計業；I502010 服飾設計業；I599990 其他設計業；I503010 景觀設計業；F113020 電器批發業；F213010 電器零售業；F213030 電腦及事務性機器設備零售業；J603010 音樂展演空間業；J401010 電影片製作業；J404020 提供設備及場地供電影片拍攝業,臺北市,變更,11504
89155532,怡祥順有限公司,臺北市中正區杭州南路1段27號9樓,鄭欣佳,1000000,,115/04/08,特殊補正,E601010 電器承裝業；E601020 電器安裝業；E603010 電纜安裝工程業；E603040 消防安全設備安裝工程業；E603050 自動控制設備工程業；E603090 照明設備安裝工程業；E604010 機械安裝業；E605010 電腦設備安裝業；E606010 用電設備檢驗維護業；E701010 電信工程業,臺北市,變更,11504
89164265,富泰動力股份有限公司,臺北市南港區三重路19之11號5樓,林國文,105010000,,115/04/15,增資(資本總額),CC01010 發電、輸電、配電機械製造業；CC01990 其他電機及電子機械器材製造業；CD01030 汽車及其零件製造業；CD01040 機車及其零件製造業；CD01050 自行車及其零件製造業；CD01060 航空器及其零件製造業；D101050 汽電共生業；D101060 再生能源自用發電設備業；IG03010 能源技術服務業；ZZ99999 除許可業務外，得經營法令非禁止或限制之業務,臺北市,變更,11504
89167100,瑞優科技股份有限公司,臺北市內湖區成功路2段371號,黃于鴻,1000000,,115/04/22,改選董事/監察人(一人法人股東指派董事/監察人),CC01110 電腦及其週邊設備製造業；CC01120 資料儲存媒體製造及複製業；F109070 文教、樂器、育樂用品批發業；F118010 資訊軟體批發業；F218010 資訊軟體零售業；F399040 無店面零售業；F401010 國際貿易業；I103060 管理顧問業；I199990 其他顧問服務業；I301010 資訊軟體服務業,臺北市,變更,11504
89167376,寰宇第三股份有限公司,臺北市松山區敦化北路170號3樓,Tomakin Theriault Archambault,414490,,115/04/16,公司所在地,I102010 投資顧問業；I103060 管理顧問業；IG03010 能源技術服務業；H201010 一般投資業；F401010 國際貿易業；ZZ99999 除許可業務外，得經營法令非禁止或限制之業務,臺北市,變更,11504
89169487,實璒醫藥生技股份有限公司,臺北市南港區園區街3號12樓之2,蕭宏宜,38960000,,115/04/09,發行新股,F107200 化學原料批發業；F107990 其他化學製品批發業；F108040 化粧品批發業；F113030 精密儀器批發業；F207200 化學原料零售業；F207990 其他化學製品零售業；F208040 化粧品零售業；F208050 乙類成藥零售業；F401010 國際貿易業；F601010 智慧財產權業,臺北市,變更,11504
89171505,長安投資股份有限公司,臺北市中正區汀州路3段62號2樓,楊立慶,25000000,,115/04/22,特殊補正,H201010 一般投資業；ZZ99999 除許可業務外，得經營法令非禁止或限制之業務,臺北市,變更,11504
89171511,水剌投資有限公司,臺北市中山區北安路595巷28號1樓,金成杓,500000,,115/04/14,特殊補正,H201010 一般投資業；ZZ99999 除許可業務外，得經營法令非禁止或限制之業務,臺北市,變更,11504
89172032,拾築百景有限公司,臺北市中山區南京東路3段201號5樓之2,尤亞琦,1000000,,115/04/22,股東出資轉讓修正章程,I401010 一般廣告服務業；I501010 產品設計業；I503010 景觀、室內設計業；I599990 其他設計業；JB01010 會議及展覽服務業；I199990 其他顧問服務業；IZ99990 其他工商服務業；JE01010 租賃業；JZ99050 仲介服務業；JZ99990 未分類其他服務業,臺北市,變更,11504
89180531,乾鈊國際股份有限公司,臺北市中山區中山北路2段170號8樓,張劭祺,5000000,,115/04/10,特殊補正,F113110 電池批發業；F214030 汽、機車零件配備零售業；F119010 電子材料批發業；F219010 電子材料零售業；F214020 機車零售業；F401010 國際貿易業；CC01080 電子零組件製造業；F214990 其他交通運輸工具及其零件零售業；CC01010 發電、輸電、配電機械製造業；CC01090 電池製造業,臺北市,變更,11504
89183360,諦醫生技股份有限公司,臺北市南港區研究院路1段130巷99號C棟4樓,張子文,978510000,,115/04/21,修正章程,F601010 智慧財產權業；IG01010 生物技術服務業；IG02010 研究發展服務業；F107200 化學原料批發業；F207200 化學原料零售業；F203010 食品什貨、飲料零售業；F102040 飲料批發業；F102170 食品什貨批發業；F401010 國際貿易業；IC01010 藥品檢驗業,臺北市,變更,11504
89186303,攬勝工程有限公司,臺北市大安區羅斯福路3段29號6樓,陳建文,3688000,,115/04/02,公司所營事業變更修正章程,E599010 配管工程業；E603080 交通號誌安裝工程業；E603090 照明設備安裝工程業；E801010 室內裝潢業；E901010 油漆工程業；EZ06010 交通標示工程業；EZ07010 鑽孔工程業；EZ99990 其他工程業；ZZ99999 除許可業務外，得經營法令非禁止或限制之業務；EZ02010 起重工程業,臺北市,變更,11504
89186964,元通投資股份有限公司,臺北市南港區向陽路162巷100號1樓,陳茂複,20000000,,115/04/30,特殊補正,H201010 一般投資業；ZZ99999 除許可業務外，得經營法令非禁止或限制之業務,臺北市,變更,11504
89186985,翰芸開發有限公司,臺北市南港區南港路3段130巷5弄13號1樓,李政翰,200000,,115/04/13,公司所營事業變更修正章程,E601020 電器安裝業；E603090 照明設備安裝工程業；E801010 室內裝潢業；E801070 廚具、衛浴設備安裝工程業；E901010 油漆工程業；F105050 家具、寢具、廚房器具、裝設品批發業；F106010 五金批發業；F106020 日常用品批發業；F111090 建材批發業；F113020 電器批發業,臺北市,變更,11504
89192733,美地不動產開發有限公司,臺北市大同區西寧北路78之16號8樓,劉珍甄,12000000,,115/04/09,特殊補正,H703090 不動產買賣業；H703100 不動產租賃業；H704031 不動產仲介經紀業；ZZ99999 除許可業務外，得經營法令非禁止或限制之業務；E801010 室內裝潢業,臺北市,變更,11504
89192889,昱君生技股份有限公司,臺北市南港區忠孝東路7段510號9樓,林昱銘,10000000,,115/04/15,改選董事/監察人(一人法人股東指派董事/監察人),F108031 醫療器材批發業；F108040 化粧品批發業；F113030 精密儀器批發業；F113010 機械批發業；F113990 其他機械器具批發業；F121010 食品添加物批發業；F208031 醫療器材零售業；F208040 化粧品零售業；F208050 乙類成藥零售業；F213080 機械器具零售業,臺北市,變更,11504
89198764,日商紐世界股份有限公司,臺北市大安區敦化南路一段205號7樓之5,井手康博,100000,,115/04/21,本公司董事及其他負責人變更,I301010 資訊軟體服務業；I301030 電子資訊供應服務業；I401010 一般廣告服務業；I301020 資料處理服務業；F401010 國際貿易業；F601010 智慧財產權業；J303010 雜誌（期刊）出版業；J304010 圖書出版業；J305010 有聲出版業；J401010 電影片製作業,臺北市,變更,11504
89283353,台灣寶帝股份有限公司,臺北市南港區成功路1段32號9樓,史馬克(Steinemann Marco Ivan),15000000,,115/04/22,改選董事/監察人(一人法人股東指派董事/監察人),F401021 電信管制射頻器材輸入業(限工業、科學、醫療用幅射性電機)。；CA02050 閥類製造業。；CC01070 無線通信機械器材製造業。；F401010 國際貿易業。；CE01010 一般儀器製造業。；F113030 精密儀器批發業。；F113070 電信器材批發業。,臺北市,變更,11504
89283972,台灣月島工程股份有限公司,臺北市中山區民生西路24號6樓,佐藤伸介,5000000,,115/04/08,改選董事/監察人(一人法人股東指派董事/監察人),,臺北市,變更,11504
89390109,台灣石川島股份有限公司,臺北市中山區中山北路2段96號12樓,川嶋滋之,5000000,,115/04/10,改派董事/監察人,H702010 建築經理業；I102010 投資顧問業；I103060 管理顧問業；IB01010 建築物公共安全檢查業；IG03010 能源技術服務業；E502010 燃料導管安裝工程業；E599010 配管工程業；E601010 電器承裝業；E601020 電器安裝業；E603010 電纜安裝工程業,臺北市,變更,11504
89390136,寰宇家庭股份有限公司,臺北市松山區八德路3段32號9樓,"羅派克Robert A.Parker,Jr.",660000000,,115/04/17,修正章程,F109070 文教、樂器、育樂用品批發業；F209060 文教、樂器、育樂用品零售業；F401010 國際貿易業；J303010 雜誌（期刊）出版業；J304010 圖書出版業；J602010 演藝活動業；JD01010 工商徵信服務業；I103060 管理顧問業；I501010 產品設計業；J305010 有聲出版業,臺北市,變更,11504
89392269,遠東先進纖維股份有限公司,臺北市大安區敦化南路2段207號33樓,徐旭東,1010000000,,115/04/13,改選董事/監察人(一人法人股東指派董事/監察人),C801120 人造纖維製造業；F401010 國際貿易業；ZZ99999 除許可業務外，得經營法令非禁止或限制之業務；C301010 紡紗業,臺北市,變更,11504
89392866,榮成投資開發股份有限公司,臺北市松山區復興北路337號10樓,鄭瑛彬,971980720,,115/04/27,一般補正案,H201010 一般投資業,臺北市,變更,11504
89395580,台中銀證券投資信託股份有限公司,臺北市中正區新生南路1段50號4樓,江師毅,312000000,,115/04/30,經理人解任,H303011 證券投資信託業（經目的事業主管機關核准營業項目為限）,臺北市,變更,11504
89397790,台灣帝人化成股份有限公司,臺北市松山區敦化北路88號5樓之3,竹腰裕之介,5000000,,115/04/13,經理人變更,,臺北市,變更,11504
89402421,香港商易廣國際電信有限公司,臺北市信義區松智路1號11樓,易頌銘,45000000,,115/04/27,一般補正案,,臺北市,變更,11504
89403054,美商麥格尼軒股份有限公司,臺北市中山區林森北路577號7樓之2,Arnold Foster Jensen,5000000,,115/04/17,改派在中華民國境內負責人變更登記,F119010 電子材料批發業；F213040 精密儀器零售業；I601010 租賃業；I301010 資訊軟體服務業；I301020 資料處理服務業；F401010 國際貿易業,臺北市,變更,11504
89403744,日本蝶翠詩台灣股份有限公司,臺北市大安區敦化南路2段319號9樓,宮崎綠,60000000,,115/04/14,特殊補正,F102170 食品什貨批發業；F104110 布疋、衣著、鞋、帽、傘、服飾品批發業；F106020 日常用品批發業；F107030 清潔用品批發業；F108040 化粧品批發業；F203010 食品什貨、飲料零售業；F204110 布疋、衣著、鞋、帽、傘、服飾品零售業；F206020 日常用品零售業；F207030 清潔用品零售業；F208040 化粧品零售業,臺北市,變更,11504
89404265,歐積股份有限公司,臺北市中正區忠孝東路2段88號17樓,松浦良崇,15000000,,115/04/15,改派董事/監察人,F107200 化學原料批發業；F107990 其他化學製品批發業；F207200 化學原料零售業；F207990 其他化學製品零售業；F102180 酒精批發業；F203030 酒精零售業；F401010 國際貿易業；F107170 工業助劑批發業；F207170 工業助劑零售業；F102170 食品什貨批發業,臺北市,變更,11504
89407404,阿法拉伐股份有限公司,臺北市內湖區瑞光路390號6樓之1,區思頡(Dawid Olszewski),15000000,,115/04/22,改選董事/監察人(一人法人股東指派董事/監察人),CA02050 閥類製造業；CB01010 機械設備製造業；CB01990 其他機械製造業；CD01070 商港區船舶小修業；E603050 自動控制設備工程業；E604010 機械安裝業；F106010 五金批發業；F113010 機械批發業；F206010 五金零售業；F213080 機械器具零售業,臺北市,變更,11504
89407501,商船三井股份有限公司,臺北市中山區南京東路2段71號3樓,林子傑,30000000,,115/04/15,特殊補正,G401011 船務代理業；G402011 海運承攬運送業；G601011 航空貨運承攬業；F401010 國際貿易業；F112010 汽油、柴油批發業；ZZ99999 除許可業務外，得經營法令非禁止或限制之業務,臺北市,變更,11504
89432537,金興旅行社股份有限公司,臺北市中山區長安東路1段16號9樓,吳清益,12000000,,115/04/29,經理人變更,J902011 旅行業,臺北市,變更,11504
89438103,潤陽營造股份有限公司,臺北市中山區八德路2段308號10樓,莊傳業,6000000,,115/04/16,改派董事/監察人,,臺北市,變更,11504
89446259,東森京瑑股份有限公司,臺北市中正區館前路42號11樓,陳世志,112868000,,115/04/10,特殊補正,H704041 不動產代銷經紀業；H703090 不動產買賣業；H703100 不動產租賃業；H701010 住宅及大樓開發租售業；I102010 投資顧問業；H704031 不動產仲介經紀業；E801010 室內裝潢業；E801020 門窗安裝工程業；E599010 配管工程業；E603010 電纜安裝工程業,臺北市,變更,11504
89450302,雙木氏股份有限公司,臺北市中正區羅斯福路3段166號3樓,林慶三,15000000,,115/04/08,特殊補正,,臺北市,變更,11504
89460300,孟聯股份有限公司,臺北市松山區敦化南路1段57號6樓之12,黃琤琤,25000000,,115/04/16,改選董事/監察人(一人法人股東指派董事/監察人),H201010 一般投資業；I102010 一般投資顧問業；I103060 管理顧問業；H703100 不動產租賃業；H703090 不動產買賣業；H701010 住宅及大樓開發租售業；E801010 室內裝潢業；F111090 建材批發業；ZZ99999 除許可業務外，得經營法令非禁止或限制之業務,臺北市,變更,11504
89463735,民偉視訊工程有限公司,臺北市內湖區新湖三路126號1樓,黃健洲,28000000,,115/04/17,股東出資轉讓修正章程,E603090 照明設備安裝工程業。；J601010 藝文展覽業；I601010 租賃業；E601020 電器安裝業。；CC01030 電器製造業。；CC01040 照明設備製造業。；F401010 國際貿易業。；ZZ99999 除許可業務外，得經營法令非禁止或限制之業務,臺北市,變更,11504
89471691,正殷有限公司,臺北市南港區福德街415號13樓,林秀珍,2500000,,115/04/20,特殊補正,F104110 布疋、衣著、鞋、帽、傘、服飾品批發業；F106020 日常用品批發業；F106050 陶瓷玻璃器皿批發業；F109070 文教、樂器、育樂用品批發業；F401010 國際貿易業,臺北市,變更,11504
89484725,克鈺企業有限公司,臺北市南港區忠孝東路6段409號,楊緯書,3000000,,115/04/23,股東出資轉讓修正章程,,臺北市,變更,11504
89499282,展昇營造開發有限公司,臺北市中山區中山北路2段46號7樓,許秀華,87500000,,115/04/08,增資,E101011 綜合營造業；H701010 住宅及大樓開發租售業；H701020 工業廠房開發租售業；H701050 投資興建公共建設業；H701060 新市鎮、新社區開發業；H701070 區段徵收及市地重劃代辦業；F111090 建材批發業；F120010 耐火材料批發業；F211010 建材零售業；F220010 耐火材料零售業,臺北市,變更,11504
89502646,仁維科技有限公司,臺北市中山區長安東路2段108號8樓之6,蔡鎮州,7000000,,115/04/08,特殊補正,F113020 電器批發業；F113030 精密儀器批發業；F118010 資訊軟體批發業；F119010 電子材料批發業；F213010 電器零售業；F213040 精密儀器零售業；F218010 資訊軟體零售業；F219010 電子材料零售業；F401010 國際貿易業；I301010 資訊軟體服務業,臺北市,變更,11504
89590177,誼麗建業有限公司,臺北市大同區昌吉街200號1樓,陳怡榮,5000000,,115/04/27,特殊補正,E801010 室內裝潢業；E801070 廚具、衛浴設備安裝工程業；F205040 家具、寢具、廚房器具、裝設品零售業；F399990 其他綜合零售業,臺北市,變更,11504
89611813,根茂國際投資股份有限公司,臺北市南港區三重路19之9號6樓,陳恆偉,125535260,,115/04/02,改選董事/監察人(一人法人股東指派董事/監察人),H201010 一般投資業,臺北市,變更,11504
89612427,龍都設計工程有限公司,臺北市中山區中山北路1段105巷18之1號4樓,張振雄,2000000,,115/04/08,股東出資轉讓修正章程,,臺北市,變更,11504
89612502,有富資產管理股份有限公司,臺北市中正區羅斯福路1段7號11樓,洪村騫,55000000,,115/04/29,特殊補正,I102010 投資顧問業；I301010 資訊軟體服務業；I301020 資料處理服務業；I301030 電子資訊供應服務業；H701010 住宅及大樓開發租售業；H701020 工業廠房開發租售業；H701050 投資興建公共建設業；H701060 新市鎮、新社區開發業；H703090 不動產買賣業；H703100 不動產租賃業,臺北市,變更,11504
89614229,布蘭達股份有限公司,臺北市大同區西寧北路72號6樓,蔡旺祖,1000000,,115/04/30,改選董事/監察人(一人法人股東指派董事/監察人),A102060 糧商業；F101040 家畜家禽批發業；F101050 水產品批發業；F101130 蔬果批發業；F102020 食用油脂批發業；F102040 飲料批發業；F102170 食品什貨批發業；F102180 酒精批發業；F104110 布疋、衣著、鞋、帽、傘、服飾品批發業；F105050 家具、寢具、廚房器具、裝設品批發業,臺北市,變更,11504
89614760,大鐸資訊股份有限公司,臺北市大安區信義路3段202號9樓之1,王振安,10000000,,115/04/10,改選董事/監察人(一人法人股東指派董事/監察人),I301010 資訊軟體服務業；I301020 資料處理服務業；I301030 電子資訊供應服務業；F113050 事務性機器設備批發業；F601010 智慧財產權業；F401010 國際貿易業；J304010 圖書出版業；ZZ99999 除許可業務外，得經營法令非禁止或限制之業務,臺北市,變更,11504
89617400,駿永豐工程有限公司,臺北市萬華區中華路2段138號7樓,戴如駿,2000000,,115/04/09,特殊補正,,臺北市,變更,11504
89620073,財億纖維股份有限公司,臺北市大同區承德路2段81號9樓之4,楊順寶,20000000,,115/04/22,改選董事/監察人(一人法人股東指派董事/監察人),,臺北市,變更,11504
89620989,勤立財務管理顧問股份有限公司,臺北市中山區松江路170巷9之5號1樓,禇桂瑛,19070000,,115/04/23,增資(資本總額),H201010 一般投資業；ZZ99999 除許可業務外，得經營法令非禁止或限制之業務,臺北市,變更,11504
89625540,國光威樂假期旅行社股份有限公司,臺北市中山區中山北路1段72號11樓之6,村瀨茂高,6584000,,115/04/14,改派董事/監察人,J902011 旅行業,臺北市,變更,11504
89836340,台鋼新零售股份有限公司,臺北市內湖區新湖一路128巷15號6樓,李雲琴,690192880,,115/04/08,改派董事/監察人,I301010 資訊軟體服務業；I301020 資料處理服務業；I301030 電子資訊供應服務業；JZ99050 仲介服務業；F104110 布疋、衣著、鞋、帽、傘、服飾品批發業；F105050 家具、寢具、廚房器具、裝設品批發業；JB01010 會議及展覽服務業；F106020 日常用品批發業；F106050 陶瓷玻璃器皿批發業；F106060 寵物食品及其用品批發業,臺北市,變更,11504
89839297,圓方科技股份有限公司,臺北市內湖區民權東路6段15巷16號5樓,戎偉章,139150000,,115/04/01,董事/監察人持股變動報備,CC01030 電器及視聽電子產品製造業；CC01060 有線通信機械器材製造業；CC01070 無線通信機械器材製造業；CC01080 電子零組件製造業；CC01110 電腦及其週邊設備製造業；CE01010 一般儀器製造業；CE01030 光學儀器製造業；E601020 電器安裝業；E605010 電腦設備安裝業；E701020 衛星電視ＫＵ頻道、Ｃ頻道器材安裝業,臺北市,變更,11504
89845495,祥閎工程有限公司,臺北市中正區南昌路1段155號3樓,賴明謙,2500000,,115/04/28,特殊補正,,臺北市,變更,11504
89930746,聯華聯合液化石油氣股份有限公司,臺北市南港區南港路1段209號A棟8樓,陳盈福,320000000,,115/04/14,改選董事/監察人(一人法人股東指派董事/監察人),IF03010 液化石油氣鋼瓶檢驗業；C803990 其他石油及煤製品製造業；F107200 化學原料批發業；F207200 化學原料零售業；D201040 液化石油氣分裝業；C801010 基本化學工業；ZZ99999 除許可業務外，得經營法令非禁止或限制之業務,臺北市,變更,11504
89930751,富聯工程顧問股份有限公司,臺北市中山區林森北路50號6樓之5,李明吉,13100000,,115/04/13,特殊補正,I101061 工程技術顧問業,臺北市,變更,11504
89947824,時運股份有限公司,臺北市內湖區基湖路14號,黃原福,69468800,,115/04/01,特殊補正,F119010 電子材料批發業；F118010 資訊軟體批發業；F218010 資訊軟體零售業；F219010 電子材料零售業；F213030 電腦及事務性機器設備零售業；CC01080 電子零組件製造業；CC01110 電腦及其週邊設備製造業；CM01010 箱、包、袋製造業；F113050 電腦及事務性機器設備批發業；F401010 國際貿易業,臺北市,變更,11504
89949631,續有實業有限公司,臺北市大安區忠孝東路4段2號2樓之4,廖學仁,5000000,,115/04/16,股東出資轉讓修正章程,E801010 室內裝潢業；F105050 家具、寢具、廚房器具、裝設品批發業；F111090 建材批發業；F205040 家具、寢具、廚房器具、裝設品零售業；F211010 建材零售業；F401010 國際貿易業；ZZ99999 除許可業務外，得經營法令非禁止或限制之業務,臺北市,變更,11504
89949908,住易實業股份有限公司,臺北市大安區忠孝東路4段166號6樓之1,祝藝,192500000,,115/04/10,特殊補正,E801010 室內裝潢業；F401010 國際貿易業；H201010 一般投資業；H703090 不動產買賣業；H703100 不動產租賃業；H704041 不動產代銷經紀業；I401010 一般廣告服務業；I503010 景觀、室內設計業；ZZ99999 除許可業務外，得經營法令非禁止或限制之業務,臺北市,變更,11504
89959898,浚象公關顧問股份有限公司,臺北市信義區忠孝東路5段457號8樓,蔡叡祈,5000000,,115/04/29,改選董事/監察人(一人法人股東指派董事/監察人),F301010 百貨公司業；I401010 一般廣告服務業；JD01010 工商徵信服務業；F106020 日常用品批發業；F206020 日常用品零售業；J602010 演藝活動業；F113070 電信器材批發業；F213060 電信器材零售業；J301010 報紙業；J302010 通訊稿業,臺北市,變更,11504
89975010,百堅投資股份有限公司,臺北市中山區松江路148號7樓,林忠典,50000000,,115/04/21,特殊補正,,臺北市,變更,11504
89976670,詮揚股份有限公司,臺北市中山區松江路185號4樓之6,陳文鴻,7875000,,115/04/07,董事/監察人持股變動報備,,臺北市,變更,11504
90006693,諾辰國際有限公司,臺北市大同區重慶北路2段74號3樓,陳建宏,2000000,,115/04/17,公司名稱變更修正章程,I301010 資訊軟體服務業；I301020 資料處理服務業；I301030 電子資訊供應服務業；IZ09010 管理系統驗證業；I103060 管理顧問業；I199990 其他顧問服務業；I401010 一般廣告服務業；I501010 產品設計業；I503010 景觀設計業；I599990 其他設計業,臺北市,變更,11504
90010129,台灣費舍管理顧問股份有限公司,臺北市信義區忠孝東路4段521號14樓,HODSON GARRY CHARLES,1000000,,115/04/13,特殊補正,F401010 國際貿易業；IG03010 能源技術服務業；JZ99050 仲介服務業；I103060 管理顧問業；I199990 其他顧問服務業；I301010 資訊軟體服務業；I301020 資料處理服務業；JE01010 租賃業；E401010 疏濬業；E603010 電纜安裝工程業,臺北市,變更,11504
90012055,寶升資產管理股份有限公司,臺北市大安區忠孝東路4段177號13樓之1,趙立瑋,10000000,,115/04/30,特殊補正,E801010 室內裝潢業；H701010 住宅及大樓開發租售業；H703090 不動產買賣業；H703100 不動產租賃業；H706011 租賃住宅代管業；H706021 租賃住宅包租業；I102010 投資顧問業；I103060 管理顧問業；IZ12010 人力派遣業；JZ99050 仲介服務業,臺北市,變更,11504
90012581,沙霖實業有限公司,臺北市中山區民權西路70號7樓,沙敬棠,2000000,,115/04/27,公司印鑑變更,F401010 國際貿易業；H201010 一般投資業；H202010 創業投資業；H701010 住宅及大樓開發租售業；H701020 工業廠房開發租售業；H703090 不動產買賣業；H703100 不動產租賃業；HZ99990 其他金融、保險及不動產業；I102010 投資顧問業；I103060 管理顧問業,臺北市,變更,11504
90013701,方向教育科技股份有限公司,臺北市中山區樂群二路101號,司徒百倍,4310340,,115/04/01,特殊補正,I301010 資訊軟體服務業；F118010 資訊軟體批發業；F218010 資訊軟體零售業；I103060 管理顧問業；I301020 資料處理服務業；I301030 電子資訊供應服務業；I501010 產品設計業；I599990 其他設計業；IG02010 研究發展服務業；ZZ99999 除許可業務外，得經營法令非禁止或限制之業務,臺北市,變更,11504
90013723,萊蔓台灣國際物流股份有限公司,臺北市松山區南京東路4段197號9樓,JANUS RUNE GRIMNITZ,25000000,,115/04/28,特殊補正,G402011 海運承攬運送業；G601011 航空貨運承攬業；IZ06010 理貨包裝業；G501020 民用航空總代理業；G801010 倉儲業；F401010 國際貿易業；I103060 管理顧問業；ZZ99999 除許可業務外，得經營法令非禁止或限制之業務,臺北市,變更,11504
90014188,碩穎健康股份有限公司,臺北市信義區富陽街29號1樓,李昱慧,500000,,115/04/21,公司所營事業變更修正章程,F102040 飲料批發業；F102170 食品什貨批發業；F106020 日常用品批發業；F107030 清潔用品批發業；F108040 化粧品批發業；F201010 農產品零售業；F203010 食品什貨、飲料零售業；F204110 布疋、衣著、鞋、帽、傘、服飾品零售業；F205040 家具、寢具、廚房器具、裝設品零售業；F206020 日常用品零售業,臺北市,變更,11504
90016171,台灣蒂斯愛股份有限公司,臺北市信義區基隆路2段51號14樓,酒井信吾,13000000,,115/04/17,董事/監察人證照變更,C306010 成衣業；C307010 服飾品製造業；C402030 皮革、毛皮製品製造業；CK01010 製鞋業；CM01010 箱、包、袋製造業；F104110 布疋、衣著、鞋、帽、傘、服飾品批發業；F105050 家具、寢具、廚房器具、裝設品批發業；F106020 日常用品批發業；F107030 清潔用品批發業；F108040 化粧品批發業,臺北市,變更,11504
90016720,天璽國際傳媒有限公司,臺北市中山區新生北路1段59之1號地下層,林品頡,15000000,,115/04/22,補繳規費,F108040 化粧品批發業；F109070 文教、樂器、育樂用品批發業；F204110 布疋、衣著、鞋、帽、傘、服飾品零售業；F205040 家具、寢具、廚房器具、裝設品零售業；F299990 其他零售業；F399040 無店面零售業；F401010 國際貿易業；F601010 智慧財產權業；I103060 管理顧問業；I199990 其他顧問服務業,臺北市,變更,11504
90016968,莫諾麗斯有限公司,臺北市內湖區成功路4段362號2樓,徐廷瑋,250000,,115/04/17,特殊補正,F104110 布疋、衣著、鞋、帽、傘、服飾品批發業；F105050 家具、寢具、廚房器具、裝設品批發業；F106020 日常用品批發業；F107030 清潔用品批發業；F106060 寵物食品及其用品批發業；F108040 化粧品批發業；F109070 文教、樂器、育樂用品批發業；F111090 建材批發業；F102170 食品什貨批發業；F204110 布疋、衣著、鞋、帽、傘、服飾品零售業,臺北市,變更,11504
90017214,方外設計室內裝修有限公司,臺北市中山區松江路28號12樓之5,胡定宇,500000,,115/04/08,董事/股東更名,E801010 室內裝潢業；E801020 門窗安裝工程業；E801030 室內輕鋼架工程業；E801040 玻璃安裝工程業；E801060 室內裝修業；E801070 廚具、衛浴設備安裝工程業；E603090 照明設備安裝工程業；E901010 油漆工程業；F205040 家具、寢具、廚房器具、裝設品零售業；F206010 五金零售業,臺北市,變更,11504
90020490,福爾摩莎金屬礦業有限公司,臺北市中正區忠孝西路1段72號7樓之8,劉蓁滙,500000,,115/04/01,特殊補正,B201010 金屬礦業；B202010 非金屬礦業；CA02080 金屬鍛造業；CG01010 珠寶及貴金屬製品製造業；D401010 熱能供應業；E603050 自動控制設備工程業；E604010 機械安裝業；EZ05010 儀器、儀表安裝工程業；F106010 五金批發業；F106020 日常用品批發業,臺北市,變更,11504
90025050,某娛樂有限公司,臺北市中山區新生北路3段11巷52號1樓,陳鵬振,10000000,,115/04/16,公司所在地,J401010 電影片製作業；J402010 電影片發行業；J503020 電視節目製作業；J503030 廣播電視節目發行業；J602010 演藝活動業；F601010 智慧財產權業；J503040 廣播電視廣告業；I199990 其他顧問服務業；F401010 國際貿易業,臺北市,變更,11504
90030217,開境娛樂文創股份有限公司,臺北市大安區復興南路2段381號5樓,陳立人,32000000,,115/04/22,特殊補正,J401010 電影片製作業；J404010 動畫影片製作業；J404050 電影特效製作業；J402010 電影片發行業；J403010 電影片映演業；J404030 電影沖印業；J404040 電影錄音業；J503010 廣播節目製作業；J503020 電視節目製作業；J503030 廣播電視節目發行業,臺北市,變更,11504
90032643,騰茲電通股份有限公司,臺北市松山區南京東路4段50號9樓之4,高英勛,4000000,,115/04/15,增資(資本總額),I301010 資訊軟體服務業；I301030 電子資訊供應服務業；E605010 電腦設備安裝業；E701040 簡易電信設備安裝業；ZZ99999 除許可業務外，得經營法令非禁止或限制之業務；J401010 電影片製作業,臺北市,變更,11504
90038153,恩希國際股份有限公司,臺北市松山區南京東路4段133巷4弄30號1樓,劉柏逸,40000000,,115/04/15,特殊補正,F401010 國際貿易業；H703100 不動產租賃業；I103060 管理顧問業；I301010 資訊軟體服務業；I301020 資料處理服務業；I301030 電子資訊供應服務業；H201010 一般投資業；ZZ99999 除許可業務外，得經營法令非禁止或限制之業務,臺北市,變更,11504
90038560,安宥資訊有限公司,臺北市中山區敬業一路185號6樓之3,翁筱雯,2500000,,115/04/22,特殊補正,E605010 電腦設備安裝業；I102010 投資顧問業；I103060 管理顧問業；I301010 資訊軟體服務業；I301020 資料處理服務業；I301030 電子資訊供應服務業；I401010 一般廣告服務業；I501010 產品設計業；F399040 無店面零售業；F401010 國際貿易業,臺北市,變更,11504
90039857,燿愷國際有限公司,臺北市信義區基隆路1段176號5樓之1,劉世怡,3000000,,115/04/28,申登機關變更（遷入，含卷）,F113020 電器批發業；F113050 電腦及事務性機器設備批發業；F119010 電子材料批發業；F213010 電器零售業；F213030 電腦及事務性機器設備零售業；F219010 電子材料零售業；F399040 無店面零售業；F401010 國際貿易業；F106020 日常用品批發業；ZZ99999 除許可業務外，得經營法令非禁止或限制之業務,臺北市,變更,11504
90041349,畢格邦文創有限公司,臺北市大同區民權西路136號9樓之14,朱芃瑋,1000000,,115/04/16,特殊補正,JB01010 會議及展覽服務業；I401010 一般廣告服務業；I599990 其他設計業；I501010 產品設計業；J303010 雜誌（期刊）出版業；J304010 圖書出版業；J305010 有聲出版業；J399990 其他出版業；J601010 藝文服務業；J602010 演藝活動業,臺北市,變更,11504
90046787,初點子科技有限公司,臺北市中山區松江路129號2樓之5,初宗翰,500000,,115/04/14,增資,I401010 一般廣告服務業；F118010 資訊軟體批發業；F218010 資訊軟體零售業；F113050 電腦及事務性機器設備批發業；F213030 電腦及事務性機器設備零售業；F106020 日常用品批發業；F206020 日常用品零售業；F102170 食品什貨批發業；F203010 食品什貨、飲料零售業；F105050 家具、寢具、廚房器具、裝設品批發業,臺北市,變更,11504
90056047,數據匯台灣股份有限公司,臺北市信義區基隆路一段380號10樓,Vijay Tripathi,1645159980,,115/04/30,董事/監察人證照變更,I301010 資訊軟體服務業；I301020 資料處理服務業；I301030 電子資訊供應服務業；F118010 資訊軟體批發業；F401010 國際貿易業；E605010 電腦設備安裝業；F113070 電信器材批發業；F213060 電信器材零售業；I103060 管理顧問業；ZZ99999 除許可業務外，得經營法令非禁止或限制之業務,臺北市,變更,11504
90056757,豐興資本股份有限公司,臺北市信義區光復南路495號4樓,劉孟君,1000000,,115/04/27,特殊補正,I102010 投資顧問業；I103060 管理顧問業；JE01010 租賃業；H201010 一般投資業；H701010 住宅及大樓開發租售業；H701020 工業廠房開發租售業；H701040 特定專業區開發業；H701050 投資興建公共建設業；H701060 新市鎮、新社區開發業；H701070 區段徵收及市地重劃代辦業,臺北市,變更,11504
90061793,圖樂國際有限公司,臺北市松山區復興南路1段1號9樓之2,圖佳,500000,,115/04/08,經理人變更,C103050 罐頭、冷凍、脫水及醃漬食品製造業；C104010 糖果製造業；C104020 烘焙炊蒸食品製造業；C111010 製茶業；F102030 菸酒批發業；F102040 飲料批發業；F102050 茶葉批發業；F102170 食品什貨批發業；F106020 日常用品批發業；F201990 其他農畜水產品零售業,臺北市,變更,11504
90065714,東洋置地股份有限公司,臺北市大安區和平東路1段199巷11號1樓,李宜晉,27500000,,115/04/29,補繳規費,G202010 停車場經營業；E801010 室內裝潢業；H201010 一般投資業；H701010 住宅及大樓開發租售業；H701020 工業廠房開發租售業；H701050 投資興建公共建設業；H701060 新市鎮、新社區開發業；H701070 區段徵收及市地重劃代辦業；H701090 都市更新整建維護業；H702010 建築經理業,臺北市,變更,11504
90071407,未來飾品有限公司,臺北市士林區文林路140號,楊淳涵,300000,,115/04/27,公司所在地,F104110 布疋、衣著、鞋、帽、傘、服飾品批發業；F106020 日常用品批發業；F108040 化粧品批發業；F199990 其他批發業；F206020 日常用品零售業；F206010 五金零售業；F204110 布疋、衣著、鞋、帽、傘、服飾品零售業；F106010 五金批發業；F208040 化粧品零售業；F299990 其他零售業,臺北市,變更,11504
90071618,特徵股份有限公司,臺北市信義區基隆路1段155號13樓之5,何睿,3670000,,115/04/30,董事(常務董事.董事長)/監察人解任,H201010 一般投資業,臺北市,變更,11504
90071960,冠通有限公司,臺北市中正區衡陽路108號12樓之6,陳再長,300000,,115/04/15,股東出資轉讓修正章程,J101010 建築物清潔服務業；J101030 廢棄物清除業；J101040 廢棄物處理業；J101050 環境檢測服務業；J101060 廢（污）水處理業；IZ12010 人力派遣業；CA01050 鋼材二次加工業；E801020 門窗安裝工程業；E901010 油漆工程業；E801010 室內裝潢業,臺北市,變更,11504
90073783,又鈞整合行銷有限公司,臺北市中山區中山北路2段33號6樓,楊亦鈞,2000000,,115/04/21,特殊補正,F210010 鐘錶零售業；F208040 化粧品零售業；F215010 首飾及貴金屬零售業；F399040 無店面零售業；F399990 其他綜合零售業；I103060 管理顧問業；I199990 其他顧問服務業；I301010 資訊軟體服務業；I301020 資料處理服務業；I301030 電子資訊供應服務業,臺北市,變更,11504
90074333,昊曄有限公司,臺北市信義區光復南路505號6樓之11,劉建霆,1000000,,115/04/02,特殊補正,F108031 醫療器材批發業；F108040 化粧品批發業；F113030 精密儀器批發業；F208031 醫療器材零售業；F208040 化粧品零售業；F213040 精密儀器零售業；F401010 國際貿易業；IG01010 生物技術服務業；JZ99050 仲介服務業；ZZ99999 除許可業務外，得經營法令非禁止或限制之業務,臺北市,變更,11504
90077303,花重生科美有限公司,臺北市中山區民權東路3段60巷13弄20號,廖麗娟,100000,,115/04/09,特殊補正,F106030 模具批發業；F107020 染料、顏料批發業；F107030 清潔用品批發業；F107200 化學原料批發業；F107990 其他化學製品批發業；F108040 化粧品批發業；F113050 電腦及事務性機器設備批發業；F118010 資訊軟體批發業；F119010 電子材料批發業；F201070 花卉零售業,臺北市,變更,11504
90077367,勞氏台灣諮詢有限公司,臺北市中山區南京東路2段137號14樓,Taylor Scott Wamberg,2000000,,115/04/15,法人股東指(改)派代表人為董事,I199990 其他顧問服務業；I103060 管理顧問業；I101120 造船顧問業；F401010 國際貿易業；IZ07010 公證業；ZZ99999 除許可業務外，得經營法令非禁止或限制之業務,臺北市,變更,11504
90081691,泰熙爾札娜有限公司,臺北市大安區仁愛路4段101號3樓,莊宥溱,20500000,,115/04/22,特殊補正,F215010 首飾及貴金屬零售業；F115010 首飾及貴金屬批發業；F115020 礦石批發業；F215020 礦石零售業；I105010 藝術品諮詢顧問業；I501010 產品設計業；I103060 管理顧問業；I199990 其他顧問服務業；F601010 智慧財產權業；IZ99990 其他工商服務業,臺北市,變更,11504
90083993,台灣超級鑑定股份有限公司,臺北市中山區長春路40號6樓之5,魏正源,3001000,,115/04/24,改選董事/監察人(一人法人股東指派董事/監察人),F114030 汽、機車零件配備批發業；F214030 汽、機車零件配備零售業；F114010 汽車批發業；F214010 汽車零售業；JA01010 汽車修理業；JA01990 其他汽車服務業；ZZ99999 除許可業務外，得經營法令非禁止或限制之業務,臺北市,變更,11504
90095301,享域科技有限公司,臺北市大安區忠孝東路4段270號17樓,黃偉,5000000,,115/04/27,增資,E601010 電器承裝業；E601020 電器安裝業；E603050 自動控制設備工程業；E605010 電腦設備安裝業；G202010 停車場經營業；G405010 貨櫃出租業；G801010 倉儲業；H201010 一般投資業；H701010 住宅及大樓開發租售業；H701050 投資興建公共建設業,臺北市,變更,11504
90099806,偉建投資股份有限公司,臺北市內湖區瑞光路362號3樓之1,辜仲立,280000000,,115/04/09,特殊補正,H201010 一般投資業；H202010 創業投資業；ZZ99999 除許可業務外，得經營法令非禁止或限制之業務,臺北市,變更,11504
90100058,華懋生醫股份有限公司,臺北市萬華區開封街2段22號2樓,高銓鴻,30000000,,115/04/15,特殊補正,E605010 電腦設備安裝業；EZ05010 儀器、儀表安裝工程業；F108040 化粧品批發業；F113010 機械批發業；F113020 電器批發業；F113050 電腦及事務性機器設備批發業；F113990 其他機械器具批發業；F118010 資訊軟體批發業；F119010 電子材料批發業；F203010 食品什貨、飲料零售業,臺北市,變更,11504
90101113,麻神電競有限公司,臺北市大安區忠孝東路4段303號10樓,鄭又慈,200000,,115/04/10,特殊補正,F113050 電腦及事務性機器設備批發業；F113020 電器批發業；F104110 布疋、衣著、鞋、帽、傘、服飾品批發業；F109070 文教、樂器、育樂用品批發業；F118010 資訊軟體批發業；F213030 電腦及事務性機器設備零售業；F213010 電器零售業；F213060 電信器材零售業；F204110 布疋、衣著、鞋、帽、傘、服飾品零售業；F209060 文教、樂器、育樂用品零售業,臺北市,變更,11504
90101253,好船股份有限公司,臺北市大安區忠孝東路4段300號5樓,潘俊宏,12429400,,115/04/17,特殊補正,H201010 一般投資業；ZZ99999 除許可業務外，得經營法令非禁止或限制之業務,臺北市,變更,11504
90101275,美勲股份有限公司,臺北市松山區南京東路3段248號13樓,吳美勲,2200000,,115/04/30,特殊補正,F204110 布疋、衣著、鞋、帽、傘、服飾品零售業；F205040 家具、寢具、廚房器具、裝設品零售業；F399040 無店面零售業；F401010 國際貿易業；ZZ99999 除許可業務外，得經營法令非禁止或限制之業務,臺北市,變更,11504
90101726,龍洋整合行銷有限公司,臺北市中山區長安東路2段162號7樓,張郁雯,450000,,115/04/28,公司名稱變更修正章程,F399040 無店面零售業；I103060 管理顧問業；I199990 其他顧問服務業；I301010 資訊軟體服務業；I301030 電子資訊供應服務業；I401010 一般廣告服務業；IZ12010 人力派遣業；J305010 有聲出版業；J399990 其他出版業；J503050 錄影節目帶業,臺北市,變更,11504
90101937,惟晧思有限公司,臺北市內湖區成功路4段192號15樓之8,詹有容,1000000,,115/04/15,特殊補正,F209060 文教、樂器、育樂用品零售業；F399990 其他綜合零售業；F399040 無店面零售業；I301010 資訊軟體服務業；I301020 資料處理服務業；I301030 電子資訊供應服務業；I401010 一般廣告服務業；I501010 產品設計業；I503010 景觀設計業；I599990 其他設計業,臺北市,變更,11504
90101991,崙室室內裝修設計有限公司,臺北市中正區懷寧街76號1樓,李凱倫,1000000,,115/04/13,增資,I503010 景觀、室內設計業；E601020 電器安裝業；E603040 消防安全設備安裝工程業；E603090 照明設備安裝工程業；E603050 自動控制設備工程業；E701040 簡易電信設備安裝業；E801010 室內裝潢業；E801020 門窗安裝工程業；E801030 室內輕鋼架工程業；E801040 玻璃安裝工程業,臺北市,變更,11504
90102197,行遠股份有限公司,臺北市中正區懷寧街76號1樓,吳信賢,3030300,,115/04/24,特殊補正,F399040 無店面零售業；F401010 國際貿易業；I401010 一般廣告服務業；J601010 藝文服務業；I103060 管理顧問業；I301010 資訊軟體服務業；I301020 資料處理服務業；I301030 電子資訊供應服務業；I501010 產品設計業；ZZ99999 除許可業務外，得經營法令非禁止或限制之業務,臺北市,變更,11504
90105103,尋根部落生命有限公司,臺北市中正區懷寧街76號,陳宥儒,100000,,115/04/27,特殊補正,A102080 園藝服務業；F206060 祭祀用品零售業；F209060 文教、樂器、育樂用品零售業；F399990 其他綜合零售業；J202010 產業育成業；J101080 資源回收業；J101040 廢棄物處理業；JZ99990 未分類其他服務業；I199990 其他顧問服務業；F399040 無店面零售業,臺北市,變更,11504
90105188,金宏亮科技有限公司,臺北市中正區仁愛路2段25號5樓,吳宏亮,1000000,,115/04/20,特殊補正,F107200 化學原料批發業；F107990 其他化學製品批發業；F113020 電器批發業；F113030 精密儀器批發業；F113050 電腦及事務性機器設備批發業；F113070 電信器材批發業；F119010 電子材料批發業；F207200 化學原料零售業；F207990 其他化學製品零售業；F213010 電器零售業,臺北市,變更,11504
90116024,霖區投資股份有限公司,臺北市大同區重慶北路2段35號6樓之3,白元霽,10000000,,115/04/23,改選董事/監察人(一人法人股東指派董事/監察人),H201010 一般投資業,臺北市,變更,11504
90116045,瞬像股份有限公司,臺北市南港區三重路19之11號4樓,王天明,7600000,,115/04/23,公司名稱變更修正章程,I301010 資訊軟體服務業；I301020 資料處理服務業；I301030 電子資訊供應服務業；I401010 一般廣告服務業；I501010 產品設計業；I599990 其他設計業；I102010 一般投資顧問業；I103060 管理顧問業；I199990 其他顧問服務業；IE01010 電信業務門號代辦業,臺北市,變更,11504
90116072,弘塗有限公司,臺北市中山區南京東路2段101號11樓,蘇偉德,5000000,,115/04/22,特殊補正,F107010 漆料、塗料批發業；F207010 漆料、塗料零售業；E901010 油漆工程業；E903010 防蝕、防銹工程業；E604010 機械安裝業；EZ99990 其他工程業；F111090 建材批發業；F211010 建材零售業；F106010 五金批發業；F114080 軌道車輛及其零件批發業,臺北市,變更,11504
90116447,荷芙亭廣告有限公司,臺北市中正區衡陽路36號8樓之3,蕭思豪,2000000,,115/04/27,公司所營事業變更修正章程,ZZ99999 除許可業務外，得經營法令非禁止或限制之業務；I401010 一般廣告服務業；JZ99050 仲介服務業；I103060 管理顧問業；I401020 廣告傳單分送業；I501010 產品設計業；F106060 寵物食品及其用品批發業；F206050 寵物食品及其用品零售業,臺北市,變更,11504
90117136,雲豹超算股份有限公司,臺北市內湖區基湖路1號4樓之1,廖福生,30000000,,115/04/30,特殊補正,CB01010 機械設備製造業；CC01010 發電、輸電、配電機械製造業；CC01090 電池製造業；D101050 汽電共生業；D101060 再生能源自用發電設備業；E601010 電器承裝業；F401010 國際貿易業；H201010 一般投資業；I102010 一般投資顧問業；I103060 管理顧問業,臺北市,變更,11504
90117810,香城有限公司,臺北市大同區重慶北路1段22號2樓之4,楊麗文,6000000,,115/04/08,申登機關變更（遷入，含卷）,F205040 家具、寢具、廚房器具、裝設品零售業；F204110 布疋、衣著、鞋、帽、傘、服飾品零售業；F206020 日常用品零售業；F401010 國際貿易業,臺北市,變更,11504
90118418,利特台灣有限公司,臺北市信義區信義路5段7號37樓,Jaime Cohen Sterental,28000,,115/04/10,公司印鑑變更,F401010 國際貿易業；F601010 智慧財產權業；I301010 資訊軟體服務業,臺北市,變更,11504
90118509,第一金私募股權股份有限公司,臺北市中山區民權東路3段6號7樓,尤昭文,50000000,,115/04/20,特殊補正,H202010 創業投資業；I102010 一般投資顧問業；I103060 管理顧問業；H201010 一般投資業；H204010 私募股權投資業；ZZ99999 除許可業務外，得經營法令非禁止或限制之業務,臺北市,變更,11504
90118769,指數資訊股份有限公司,臺北市大同區南京西路57號3樓,莊東碩,12004821,,115/04/15,公司所在地,I301010 資訊軟體服務業；I301020 資料處理服務業；I301030 電子資訊供應服務業；I103060 管理顧問業；I199990 其他顧問服務業；I401010 一般廣告服務業；I501010 產品設計業；I599990 其他設計業；IZ15010 市場研究及民意調查業；IZ99990 其他工商服務業,臺北市,變更,11504
90132896,欣美廣告有限公司,臺北市信義區松德路161號13樓之2,黃雅璐,200000,,115/04/13,申登機關變更（遷入，含卷）,I401010 一般廣告服務業；I103060 管理顧問業；I301020 資料處理服務業；JE01010 租賃業；H703100 不動產租賃業,臺北市,變更,11504
90135795,博合投資股份有限公司,臺北市中山區復興北路48號7樓,黃啟誠,1000000,,115/04/10,特殊補正,H201010 一般投資業,臺北市,變更,11504
90136020,媞韻生醫科技股份有限公司,臺北市中山區民權東路2段206號5樓之2,李孟庭,1000000,,115/04/17,特殊補正,F108040 化粧品批發業；F208040 化粧品零售業；F399040 無店面零售業；F401010 國際貿易業；I103060 管理顧問業；I199990 其他顧問服務業；I301020 資料處理服務業；I301030 電子資訊供應服務業；I401010 一般廣告服務業；IG01010 生物技術服務業,臺北市,變更,11504
90143541,上寶企業股份有限公司,臺北市中山區中山北路2段45巷11號3樓,王子瑋,10000000,,115/04/21,補繳規費,H201010 一般投資業；H703100 不動產租賃業；H703090 不動產買賣業；F114010 汽車批發業；F214010 汽車零售業；F401010 國際貿易業,臺北市,變更,11504
90143752,十論科技股份有限公司,臺北市中山區松江路220號6樓之3,王迺翔,2874480,,115/04/29,特殊補正,I301010 資訊軟體服務業；F218010 資訊軟體零售業；F118010 資訊軟體批發業；I301030 電子資訊供應服務業；IG02010 研究發展服務業；IZ09010 管理系統驗證業；I301020 資料處理服務業；I103060 管理顧問業；I199990 其他顧問服務業；ZZ99999 除許可業務外，得經營法令非禁止或限制之業務,臺北市,變更,11504
90145668,欣力威有限公司,臺北市內湖區行善路450號6樓,林妙玉,6000000,,115/04/15,補繳規費,F108031 醫療器材批發業；F208031 醫療器材零售業；F108040 化粧品批發業；F208040 化粧品零售業；F199990 其他批發業；F399990 其他綜合零售業；I103060 管理顧問業；I401010 一般廣告服務業；ZZ99999 除許可業務外，得經營法令非禁止或限制之業務,臺北市,變更,11504
90146131,典範旅行社股份有限公司,臺北市中山區南京東路3段201號10樓,林功勳,6000000,,115/04/17,董事/監察人持股變動報備,J902011 旅行業,臺北市,變更,11504
90157039,億鑫資產管理顧問股份有限公司,臺北市內湖區內湖路1段118號4樓,許庭禎,81000000,,115/04/24,特殊補正,E601010 電器承裝業；E601020 電器安裝業；E801010 室內裝潢業；E603010 電纜安裝工程業；E603090 照明設備安裝工程業；F113020 電器批發業；F118010 資訊軟體批發業；F119010 電子材料批發業；F218010 資訊軟體零售業；F219010 電子材料零售業,臺北市,變更,11504
90162027,思懋資本有限公司,臺北市大安區四維路6巷30號,董晉佑,4000000,,115/04/09,特殊補正,H201010 一般投資業；ZZ99999 除許可業務外，得經營法令非禁止或限制之業務,臺北市,變更,11504
90177035,皇璟國際有限公司,臺北市萬華區漢口街2段29號,榮峻緯,1160000,,115/04/20,特殊補正,E801010 室內裝潢業；EZ99990 其他工程業；F102030 菸酒批發業；F102040 飲料批發業；F102050 茶葉批發業；F102170 食品什貨批發業；F104110 布疋、衣著、鞋、帽、傘、服飾品批發業；F105050 家具、寢具、廚房器具、裝設品批發業；F106020 日常用品批發業；F106070 祭祀用品批發業,臺北市,變更,11504
90177372,閱曦企業有限公司,臺北市松山區南京東路4段130號2樓之1,古至峰,100000,,115/04/30,特殊補正,J399990 其他出版業；JB01010 會議及展覽服務業；F109070 文教、樂器、育樂用品批發業；F209060 文教、樂器、育樂用品零售業；F399040 無店面零售業；F401010 國際貿易業；I401010 一般廣告服務業；J303010 雜誌（期刊）出版業；J304010 圖書出版業；J305010 有聲出版業,臺北市,變更,11504
90187097,浩室物業有限公司,臺北市萬華區昆明街316號,陳麒峰,1750000,,115/04/16,特殊補正,J901020 一般旅館業；JE01010 租賃業；F401010 國際貿易業；J601010 藝文服務業；F206020 日常用品零售業；ZZ99999 除許可業務外，得經營法令非禁止或限制之業務,臺北市,變更,11504
90187202,熙暘能源股份有限公司,臺北市信義區基隆路1段155號11樓之5,王秀鈞,10000000,,115/04/10,特殊補正,CC01010 發電、輸電、配電機械製造業；D101060 再生能源自用發電設備業；E605010 電腦設備安裝業；E606010 用電設備檢驗維護業；E607010 太陽熱能設備安裝工程業；I102010 投資顧問業；I103060 管理顧問業；I199990 其他顧問服務業；IG03010 能源技術服務業；IG02010 研究發展服務業,臺北市,變更,11504
90188336,合合管理顧問有限公司,臺北市內湖區瑞光路192號11樓之1,曾瀚賢,110000,,115/04/30,公司所在地,I103060 管理顧問業；I102010 投資顧問業；I199990 其他顧問服務業；IZ99990 其他工商服務業；I501010 產品設計業；I599990 其他設計業；JZ99050 仲介服務業；JD01010 工商徵信服務業；F401010 國際貿易業；ZZ99999 除許可業務外，得經營法令非禁止或限制之業務,臺北市,變更,11504
90188482,棨城建設股份有限公司,臺北市信義區松德路10號5樓,黃建森,13200000,,115/04/16,特殊補正,H701010 住宅及大樓開發租售業；H701020 工業廠房開發租售業；H701050 投資興建公共建設業；H701060 新市鎮、新社區開發業；H703090 不動產買賣業；H703100 不動產租賃業；ZZ99999 除許可業務外，得經營法令非禁止或限制之業務,臺北市,變更,11504
90188510,臻愛美股份有限公司,臺北市中山區民權西路27號12樓,戴振炫,10500000,,115/04/20,改選董事/監察人(一人法人股東指派董事/監察人),F108040 化粧品批發業；F208040 化粧品零售業；F208050 乙類成藥零售業；F107030 清潔用品批發業；F207030 清潔用品零售業；F401010 國際貿易業；F113030 精密儀器批發業；F213040 精密儀器零售業；ZZ99999 除許可業務外，得經營法令非禁止或限制之業務,臺北市,變更,11504
90188589,台灣西鐵國際旅館股份有限公司,臺北市萬華區中華路1段88號6樓,森田崇詩,100000000,,115/04/15,特殊補正,J901020 一般旅館業；F102030 菸酒批發業；F203020 菸酒零售業；F102180 酒精批發業；F102040 飲料批發業；F102170 食品什貨批發業；F203010 食品什貨、飲料零售業；F104110 布疋、衣著、鞋、帽、傘、服飾品批發業；F204110 布疋、衣著、鞋、帽、傘、服飾品零售業；F106020 日常用品批發業,臺北市,變更,11504
90188764,長耀股份有限公司,臺北市內湖區民權東路6段280巷69弄58號,方博玄,10000000,,115/04/17,特殊補正,G202010 停車場經營業；G801010 倉儲業；G799990 其他運輸輔助業；I301020 資料處理服務業；I102010 投資顧問業；I103060 管理顧問業；IZ12010 人力派遣業；IZ06010 理貨包裝業；F401010 國際貿易業；JE01010 租賃業,臺北市,變更,11504
90188899,海滙租賃股份有限公司,臺北市大同區承德路1段46號3樓,林孟樑,16200000,,115/04/08,董事/監察人持股變動報備,JE01010 租賃業；H201010 一般投資業；G801010 倉儲業；H703090 不動產買賣業；I103060 管理顧問業；I199990 其他顧問服務業；I301030 電子資訊供應服務業；I301020 資料處理服務業；I301010 資訊軟體服務業；F113010 機械批發業,臺北市,變更,11504
90189150,昇恆陽科技股份有限公司,臺北市南港區南港路3段50巷15號3樓,李享洲,20000000,,115/04/16,公司所在地,D101060 再生能源自用發電設備業；E601020 電器安裝業；E603050 自動控制設備工程業；E604010 機械安裝業；E605010 電腦設備安裝業；E701010 電信工程業；E701020 衛星電視ＫＵ頻道、Ｃ頻道器材安裝業；E701030 電信管制射頻器材裝設工程業；F113020 電器批發業；F113030 精密儀器批發業,臺北市,變更,11504
90189172,禾寅有限公司,臺北市信義區松山路251號1樓,駱倫璋,3000000,,115/04/13,特殊補正,F102170 食品什貨批發業；F104110 布疋、衣著、鞋、帽、傘、服飾品批發業；F106020 日常用品批發業；F107030 清潔用品批發業；F108040 化粧品批發業；F109070 文教、樂器、育樂用品批發業；F203010 食品什貨、飲料零售業；F204110 布疋、衣著、鞋、帽、傘、服飾品零售業；F206020 日常用品零售業；F207030 清潔用品零售業,臺北市,變更,11504
90189525,備客股份有限公司,臺北市信義區松山路421號11樓之4,翁梓揚,8700000,,115/04/29,特殊補正,F102170 食品什貨批發業；F104110 布疋、衣著、鞋、帽、傘、服飾品批發業；F105050 家具、寢具、廚房器具、裝設品批發業；F199990 其他批發業；F401010 國際貿易業；I101090 食品顧問業；I103060 管理顧問業；I199990 其他顧問服務業；I501010 產品設計業；I401010 一般廣告服務業,臺北市,變更,11504
90202317,知行易顧問股份有限公司,臺北市中正區紹興北街35號4樓之3,劉昀靜,920000,,115/04/15,特殊補正,I401010 一般廣告服務業；J399010 軟體出版業；J305010 有聲出版業；J601010 藝文服務業；F118010 資訊軟體批發業；F218010 資訊軟體零售業；F109070 文教、樂器、育樂用品批發業；F399040 無店面零售業；F401010 國際貿易業；J303010 雜誌（期刊）出版業,臺北市,變更,11504
90209108,台灣巴克萊證券股份有限公司,臺北市信義區信義路五段7號19樓之1,王鶴璇,1300000000,,115/04/20,增資(資本總額),H301011 證券商,臺北市,變更,11504
90209557,貓頭鷹創業投資股份有限公司,臺北市松山區民生東路5段36巷4弄1號1樓,許銘仁,241000000,,115/04/30,董事/監察人持股變動報備,H201010 一般投資業；H202010 創業投資業；ZZ99999 除許可業務外，得經營法令非禁止或限制之業務,臺北市,變更,11504
90209579,俐富股份有限公司,臺北市中正區忠孝東路1段176號6樓,王堯德,10000000,,115/04/16,特殊補正,F104110 布疋、衣著、鞋、帽、傘、服飾品批發業；F108040 化粧品批發業；F204110 布疋、衣著、鞋、帽、傘、服飾品零售業；F208040 化粧品零售業；F399040 無店面零售業；F401010 國際貿易業；H703090 不動產買賣業；H703100 不動產租賃業；HZ02010 金融機構金錢債權收買業務；HZ02020 辦理金融機構金錢債權之評價或拍賣業務,臺北市,變更,11504
90210246,連建鋒工程有限公司,臺北市信義區基隆路1段155號11樓之5,李禹翰,1000000,,115/04/27,股東出資轉讓修正章程,CB01010 機械設備製造業；E599010 配管工程業；E603100 電焊工程業；E604010 機械安裝業；E801010 室內裝潢業；E801030 室內輕鋼架工程業；E901010 油漆工程業；EZ02010 起重工程業；EZ07010 鑽孔工程業；F106010 五金批發業,臺北市,變更,11504
90210294,瑪綺線上娛樂股份有限公司,臺北市中山區中山北路3段30號7樓之3,蔡維明,3000000,,115/04/14,特殊補正,CC01110 電腦及其週邊設備製造業；F118010 資訊軟體批發業；F218010 資訊軟體零售業；I301010 資訊軟體服務業；I301020 資料處理服務業；I301030 電子資訊供應服務業；I401010 一般廣告服務業；J303010 雜誌（期刊）出版業；J602010 演藝活動業；JZ99050 仲介服務業,臺北市,變更,11504
90210479,群士宏股份有限公司,臺北市中山區長春路59號7樓,李政倫,5000000,,115/04/15,改選董事/監察人(一人法人股東指派董事/監察人),F107020 染料、顏料批發業；F207020 染料、顏料零售業；F107030 清潔用品批發業；F207030 清潔用品零售業；F107990 其他化學製品批發業；F207990 其他化學製品零售業；F108040 化粧品批發業；F208040 化粧品零售業；F401010 國際貿易業；ZZ99999 除許可業務外，得經營法令非禁止或限制之業務,臺北市,變更,11504
90216451,優斯萊斯文化有限公司,臺北市中山區中山北路3段26號8樓,陳侯勳,1500000,,115/04/09,修正章程,F101130 蔬果批發業；F101990 其他農、畜、水產品批發業；F102040 飲料批發業；F102050 茶葉批發業；F102170 食品什貨批發業；F104110 布疋、衣著、鞋、帽、傘、服飾品批發業；F105050 家具、寢具、廚房器具、裝設品批發業；F106010 五金批發業；F106020 日常用品批發業；F108040 化粧品批發業,臺北市,變更,11504
90221927,沆室內裝修有限公司,臺北市中山區松江路3號13樓之3,陳信沆,300000,,115/04/09,特殊補正,E801010 室內裝潢業；E801060 室內裝修業；F105050 家具、寢具、廚房器具、裝設品批發業；F111090 建材批發業；F205040 家具、寢具、廚房器具、裝設品零售業；F211010 建材零售業；I503010 景觀、室內設計業；ZZ99999 除許可業務外，得經營法令非禁止或限制之業務,臺北市,變更,11504
90222708,信星資訊股份有限公司,臺北市中正區開封街1段66號3樓,陳俊道,30000000,,115/04/13,特殊補正,E603050 自動控制設備工程業；E603090 照明設備安裝工程業；E605010 電腦設備安裝業；E701030 電信管制射頻器材裝設工程業；EZ05010 儀器、儀表安裝工程業；F113050 電腦及事務性機器設備批發業；F113070 電信器材批發業；F116010 照相器材批發業；F118010 資訊軟體批發業；F119010 電子材料批發業,臺北市,變更,11504
90222812,瘋流有限公司,臺北市萬華區西寧南路36之10號,王祥翰,2000000,,115/04/23,增資,F104110 布疋、衣著、鞋、帽、傘、服飾品批發業；F105050 家具、寢具、廚房器具、裝設品批發業；F106010 五金批發業；F106020 日常用品批發業；F106060 寵物食品及其用品批發業；F107030 清潔用品批發業；F109070 文教、樂器、育樂用品批發業；F110010 鐘錶批發業；F113020 電器批發業；F113030 精密儀器批發業,臺北市,變更,11504
90222860,芯時尚美學有限公司,臺北市信義區信義路五段91巷28號,何佳玟,1000000,,115/04/28,特殊補正,F102170 食品什貨批發業；F104110 布疋、衣著、鞋、帽、傘、服飾品批發業；F105050 家具、寢具、廚房器具、裝設品批發業；F106020 日常用品批發業；F107030 清潔用品批發業；F108040 化粧品批發業；F110020 眼鏡批發業；F115010 首飾及貴金屬批發業；F203010 食品什貨、飲料零售業；F204110 布疋、衣著、鞋、帽、傘、服飾品零售業,臺北市,變更,11504
90222995,凱倫創意整合行銷有限公司,臺北市中山區新生北路3段43號5樓之19,吳凱倫,500000,,115/04/15,公司所在地,E801010 室內裝潢業；F399040 無店面零售業；F399990 其他綜合零售業；F401010 國際貿易業；I199990 其他顧問服務業；I401010 一般廣告服務業；I501010 產品設計業；I503010 景觀、室內設計業；I599990 其他設計業；J601010 藝文服務業,臺北市,變更,11504
90223241,鑫喜文創有限公司,臺北市信義區忠孝東路5段71巷11弄25號,周佳雯,2000000,,115/04/30,特殊補正,F104110 布疋、衣著、鞋、帽、傘、服飾品批發業；F109070 文教、樂器、育樂用品批發業；F204110 布疋、衣著、鞋、帽、傘、服飾品零售業；F209060 文教、樂器、育樂用品零售業；F399040 無店面零售業；F401010 國際貿易業；JE01010 租賃業；H703100 不動產租賃業；I199990 其他顧問服務業；I103060 管理顧問業,臺北市,變更,11504
90230073,好印用有限公司,臺北市松山區復興南路1段43號6樓,劉維傑,500000,,115/04/16,特殊補正,C701010 印刷業；C702010 製版業；C703010 印刷品裝訂及加工業；C601020 紙製造業；C601030 紙容器製造業；CC01110 電腦及其週邊設備製造業；F109070 文教、樂器、育樂用品批發業；F113050 電腦及事務性機器設備批發業；F209060 文教、樂器、育樂用品零售業；F213030 電腦及事務性機器設備零售業,臺北市,變更,11504
90230405,劉氏股份有限公司,臺北市大安區仁愛路3段127號4樓,劉榮剛,4475000,,115/04/10,特殊補正,F106020 日常用品批發業；F109070 文教、樂器、育樂用品批發業；F118010 資訊軟體批發業；F203010 食品什貨、飲料零售業；F206020 日常用品零售業；F218010 資訊軟體零售業；F219010 電子材料零售業；F299990 其他零售業；F399040 無店面零售業；F399990 其他綜合零售業,臺北市,變更,11504
90230616,拿鐵健身工作室有限公司,臺北市大安區仁愛路3段143巷21號,羅升階,3000000,,115/04/23,股東出資轉讓修正章程,J802010 運動訓練業；ZZ99999 除許可業務外，得經營法令非禁止或限制之業務,臺北市,變更,11504
90230833,美樂國際有限公司,臺北市中正區金山北路1號5樓之7,李慧君,1000000,,115/04/30,公司所在地,E801010 室內裝潢業；E801020 門窗安裝工程業；E801030 室內輕鋼架工程業；E801040 玻璃安裝工程業；E801070 廚具、衛浴設備安裝工程業；E901010 油漆工程業；F106020 日常用品批發業；F106040 水器材料批發業；F107010 漆料、塗料批發業；F111090 建材批發業,臺北市,變更,11504
90230854,探吉文創有限公司,臺北市中山區松江路3號10樓,,1000000,,115/04/27,特殊補正,F105050 家具、寢具、廚房器具、裝設品批發業；F104110 布疋、衣著、鞋、帽、傘、服飾品批發業；F106010 五金批發業；F106020 日常用品批發業；F102050 茶葉批發業；F109070 文教、樂器、育樂用品批發業；F108040 化粧品批發業；F201010 農產品零售業；F201020 畜產品零售業；F201030 水產品零售業,臺北市,變更,11504
90231397,戴克智慧股份有限公司,臺北市內湖區洲子街12號2樓,紫宸,81200548,,115/04/07,特殊補正,CF01011 醫療器材製造業；F118010 資訊軟體批發業；F213030 電腦及事務性機器設備零售業；F218010 資訊軟體零售業；F219010 電子材料零售業；F401010 國際貿易業；F601010 智慧財產權業；I103060 管理顧問業；I199990 其他顧問服務業；I301010 資訊軟體服務業,臺北市,變更,11504
90232430,金滿眾國際有限公司,臺北市大同區延平北路3段4號5樓之1,張根源,5000000,,115/04/17,特殊補正,F101040 家畜家禽批發業；F101050 水產品批發業；F101130 蔬果批發業；F101990 其他農、畜、水產品批發業；F102030 菸酒批發業；F102170 食品什貨批發業；F104110 布疋、衣著、鞋、帽、傘、服飾品批發業；F106010 五金批發業；F106020 日常用品批發業；F113020 電器批發業,臺北市,變更,11504
90243936,自牧文化事業有限公司,臺北市中正區開封街1段105號6樓之11,林麗芬,1000000,,115/04/16,特殊補正,J304010 圖書出版業；J601010 藝文服務業；JB01010 會議及展覽服務業；I105010 藝術品諮詢顧問業；F601010 智慧財產權業；J303010 雜誌（期刊）出版業；J305010 有聲出版業；J399990 其他出版業；I501010 產品設計業；I401010 一般廣告服務業,臺北市,變更,11504
90244153,其特人力派遣股份有限公司,臺北市信義區松德路161號7樓之1,謝梓揚,300000,,115/04/22,特殊補正,F104110 布疋、衣著、鞋、帽、傘、服飾品批發業；F203020 菸酒零售業；F401010 國際貿易業；G799990 其他運輸輔助業；G801010 倉儲業；H703100 不動產租賃業；I102010 一般投資顧問業；I103060 管理顧問業；IZ06010 理貨包裝業；IZ12010 人力派遣業,臺北市,變更,11504
90254341,泡泡糖服飾有限公司,臺北市南港區永吉路553巷11號5樓,吳明珊,500000,,115/04/23,公司所在地,C307010 服飾品製造業；F104110 布疋、衣著、鞋、帽、傘、服飾品批發業；F204110 布疋、衣著、鞋、帽、傘、服飾品零售業；I502010 服飾設計業；F108040 化粧品批發業；F208040 化粧品零售業；ZZ99999 除許可業務外，得經營法令非禁止或限制之業務,臺北市,變更,11504
90254378,智旭軟體有限公司,臺北市松山區復興北路57號11樓之3,羅一民,500000,,115/04/30,特殊補正,I301010 資訊軟體服務業；I301020 資料處理服務業；I301030 電子資訊供應服務業；F118010 資訊軟體批發業；F218010 資訊軟體零售業；F113050 電腦及事務性機器設備批發業；F213030 電腦及事務性機器設備零售業；I501010 產品設計業；F399040 無店面零售業；F601010 智慧財產權業,臺北市,變更,11504
90256376,美美寶國際股份有限公司,臺北市南港區松河街398號5樓,陳怡樺,5000000,,115/04/20,特殊補正,F102040 飲料批發業；F102050 茶葉批發業；F102170 食品什貨批發業；F104110 布疋、衣著、鞋、帽、傘、服飾品批發業；F105050 家具、寢具、廚房器具、裝設品批發業；F106020 日常用品批發業；F106050 陶瓷玻璃器皿批發業；F109070 文教、樂器、育樂用品批發業；F110010 鐘錶批發業；F110020 眼鏡批發業,臺北市,變更,11504
90256447,文星文化事業股份有限公司,臺北市中正區衡陽路15號1樓,鄭德篆,3000000,,115/04/08,補繳規費,F109070 文教、樂器、育樂用品批發業；J601010 藝文服務業；JE01010 租賃業；J304010 圖書出版業；J303010 雜誌（期刊）出版業；F299990 其他零售業；F301010 百貨公司業；F301020 超級市場業；F399010 便利商店業；F209060 文教、樂器、育樂用品零售業,臺北市,變更,11504
90256592,久灜實業股份有限公司,臺北市信義區基隆路2段23號8樓之1,李政勳,5000000,,115/04/16,改選董事/監察人(一人法人股東指派董事/監察人),F107020 染料、顏料批發業；F207020 染料、顏料零售業；F107030 清潔用品批發業；F207030 清潔用品零售業；F107990 其他化學製品批發業；F207990 其他化學製品零售業；F108040 化粧品批發業；F208040 化粧品零售業；F401010 國際貿易業；ZZ99999 除許可業務外，得經營法令非禁止或限制之業務,臺北市,變更,11504
90256875,一即規劃設計顧問有限公司,臺北市松山區南京東路5段230號10樓,牛梁歡,1000000,,115/04/07,特殊補正,A101050 花卉栽培業；A102080 園藝服務業；I105010 藝術品諮詢顧問業；I199990 其他顧問服務業；I501010 產品設計業；I503010 景觀、室內設計業；I504010 花藝設計業；I599990 其他設計業；J601010 藝文服務業；ZZ99999 除許可業務外，得經營法令非禁止或限制之業務,臺北市,變更,11504
90256919,聖翊工程有限公司,臺北市士林區永平街80巷22號1樓,高福財,750000,,115/04/10,公司所在地,E502010 燃料導管安裝工程業；E599010 配管工程業；E603020 電梯安裝工程業；E603010 電纜安裝工程業；E603040 消防安全設備安裝工程業；E603100 電焊工程業；E604010 機械安裝業；E605010 電腦設備安裝業；E607010 太陽熱能設備安裝工程業；E701040 簡易電信設備安裝業,臺北市,變更,11504
90257847,台灣第三韋能能源控股股份有限公司,臺北市信義區松高路1號21樓,李文正,250000,,115/04/14,特殊補正,H201010 一般投資業；IG03010 能源技術服務業；F401010 國際貿易業；CC01010 發電、輸電、配電機械製造業；CC01080 電子零組件製造業；D101060 再生能源自用發電設備業；E601010 電器承裝業；ZZ99999 除許可業務外，得經營法令非禁止或限制之業務,臺北市,變更,11504
90258281,精創生技股份有限公司,臺北市大安區光復南路632號3樓,蔡世峯,10081773,,115/04/09,特殊補正,IG01010 生物技術服務業；I301010 資訊軟體服務業；I301020 資料處理服務業；F601010 智慧財產權業；I102010 一般投資顧問業；I103060 管理顧問業；I301030 電子資訊供應服務業；I199990 其他顧問服務業；IC01010 藥品檢驗業；F401010 國際貿易業,臺北市,變更,11504
90258347,星益控股股份有限公司,臺北市中正區開封街1段66號3樓,陳俊道,8250000,,115/04/07,特殊補正,H201010 一般投資業；ZZ99999 除許可業務外，得經營法令非禁止或限制之業務,臺北市,變更,11504
90258418,威理國際有限公司,臺北市中正區重慶南路1段95號6樓,陳英瑋,200000,,115/04/13,公司所在地,I401010 一般廣告服務業；F118010 資訊軟體批發業；F218010 資訊軟體零售業；F399040 無店面零售業；F401010 國際貿易業；I501010 產品設計業；I599990 其他設計業；I102010 投資顧問業；I103060 管理顧問業；I199990 其他顧問服務業,臺北市,變更,11504
90265375,元宇宙王娛樂股份有限公司,臺北市松山區民生東路3段128號7樓之2,葉旭昇,300000,,115/04/02,特殊補正,E801010 室內裝潢業；F104110 布疋、衣著、鞋、帽、傘、服飾品批發業；F105050 家具、寢具、廚房器具、裝設品批發業；F106020 日常用品批發業；F108040 化粧品批發業；F109070 文教、樂器、育樂用品批發業；F113050 電腦及事務性機器設備批發業；F115010 首飾及貴金屬批發業；F203010 食品什貨、飲料零售業；F204110 布疋、衣著、鞋、帽、傘、服飾品零售業,臺北市,變更,11504
90265635,台灣第二韋能能源控股股份有限公司,臺北市信義區松高路1號21樓,李文正,1750000,,115/04/14,改選董事/監察人(一人法人股東指派董事/監察人),H201010 一般投資業；IG03010 能源技術服務業；F401010 國際貿易業；CC01010 發電、輸電、配電機械製造業；CC01080 電子零組件製造業；D101060 再生能源自用發電設備業；E601010 電器承裝業；ZZ99999 除許可業務外，得經營法令非禁止或限制之業務,臺北市,變更,11504
90266141,台灣適宜科技有限公司,臺北市南港區南港路3段80巷17號3樓,吳逸融,1500000,,115/04/07,公司所在地,I199990 其他顧問服務業；I301010 資訊軟體服務業；I301020 資料處理服務業；I301030 電子資訊供應服務業；IF04010 非破壞檢測業；IZ13010 網路認證服務業；IZ99990 其他工商服務業；ZZ99999 除許可業務外，得經營法令非禁止或限制之業務；I103060 管理顧問業；I401010 一般廣告服務業,臺北市,變更,11504
90266326,在舟數位媒體股份有限公司,臺北市萬華區環河南路2段164號2樓之5,洪晨耀,500000,,115/04/13,特殊補正,ZZ99999 除許可業務外，得經營法令非禁止或限制之業務；F102170 食品什貨批發業；F104110 布疋、衣著、鞋、帽、傘、服飾品批發業；F106020 日常用品批發業；F109070 文教、樂器、育樂用品批發業；F113050 電腦及事務性機器設備批發業；F118010 資訊軟體批發業；F203010 食品什貨、飲料零售業；F204110 布疋、衣著、鞋、帽、傘、服飾品零售業；F206020 日常用品零售業,臺北市,變更,11504
90276443,靖烽投資有限公司,臺北市大安區信義路3段192之1號12樓之1,傅嘉儀,500000,,115/04/07,減資,H201010 一般投資業；ZZ99999 除許可業務外，得經營法令非禁止或限制之業務,臺北市,變更,11504
90277111,沐霆生活股份有限公司,臺北市中山區建國北路3段90號1樓,鄭明庭,1000000,,115/04/20,特殊補正,F113020 電器批發業；F106020 日常用品批發業；F105050 家具、寢具、廚房器具、裝設品批發業；F113030 精密儀器批發業；F213010 電器零售業；F206020 日常用品零售業；F205040 家具、寢具、廚房器具、裝設品零售業；F213040 精密儀器零售業；F214010 汽車零售業；F214050 車胎零售業,臺北市,變更,11504
90278266,立國數科股份有限公司,臺北市松山區復興北路333號9樓,江恒毅,10000000,,115/04/01,特殊補正,I301010 資訊軟體服務業；I301020 資料處理服務業；I301030 電子資訊供應服務業；E601010 電器承裝業；E606010 用電設備檢驗維護業；E801010 室內裝潢業；E604010 機械安裝業；IG03010 能源技術服務業；E603090 照明設備安裝工程業；E601020 電器安裝業,臺北市,變更,11504
90284909,濂創網路行銷有限公司,臺北市內湖區文湖街2之1號8樓,傅允濓,1000000,,115/04/10,補繳規費,F104110 布疋、衣著、鞋、帽、傘、服飾品批發業；F105050 家具、寢具、廚房器具、裝設品批發業；F102040 飲料批發業；F102050 茶葉批發業；F102170 食品什貨批發業；F106020 日常用品批發業；F109070 文教、樂器、育樂用品批發業；F203010 食品什貨、飲料零售業；F204110 布疋、衣著、鞋、帽、傘、服飾品零售業；F206020 日常用品零售業,臺北市,變更,11504
90285132,阜氏企業股份有限公司,臺北市中山區南京東路2段111號6樓,黃勝裕,6000000,,115/04/27,董事/監察人持股變動報備,H201010 一般投資業；I103060 管理顧問業；I401010 一般廣告服務業；ZZ99999 除許可業務外，得經營法令非禁止或限制之業務,臺北市,變更,11504
90289741,揪不累有限公司,臺北市大同區保安街84號1樓,劉昶志,1500000,,115/04/13,股東出資轉讓修正章程,F102030 菸酒批發業；F102040 飲料批發業；F102170 食品什貨批發業；F104110 布疋、衣著、鞋、帽、傘、服飾品批發業；F105050 家具、寢具、廚房器具、裝設品批發業；F109070 文教、樂器、育樂用品批發業；F203010 食品什貨、飲料零售業；F203020 菸酒零售業；F204110 布疋、衣著、鞋、帽、傘、服飾品零售業；F205040 家具、寢具、廚房器具、裝設品零售業,臺北市,變更,11504
90297691,鑫永資通有限公司,臺北市大同區南京西路57號9樓之9,黃麗,2000000,,115/04/21,改推董事/董事長,I301010 資訊軟體服務業；I301020 資料處理服務業；I103060 管理顧問業；I199990 其他顧問服務業；F102170 食品什貨批發業；ZZ99999 除許可業務外，得經營法令非禁止或限制之業務；JA02010 電器及電子產品修理業；JA02990 其他修理業；JE01010 租賃業；F113050 電腦及事務性機器設備批發業,臺北市,變更,11504
90307038,遇見設計有限公司,臺北市中正區仁愛路2段57號1樓,謝昱宏,2500000,,115/04/09,特殊補正,E801010 室內裝潢業；I503010 景觀、室內設計業；I501010 產品設計業；I105010 藝術品諮詢顧問業；I199990 其他顧問服務業；I599990 其他設計業；F401010 國際貿易業；ZZ99999 除許可業務外，得經營法令非禁止或限制之業務,臺北市,變更,11504
90319061,茉蕾整理有限公司,臺北市萬華區開封街2段39號1樓,李書旖,1350000,,115/04/13,特殊補正,J404010 動畫影片製作業；JZ99990 未分類其他服務業；J101010 建築物清潔服務業；F105050 家具、寢具、廚房器具、裝設品批發業；F205040 家具、寢具、廚房器具、裝設品零售業；F107030 清潔用品批發業；F207030 清潔用品零售業；F106020 日常用品批發業；F206020 日常用品零售業；F104110 布疋、衣著、鞋、帽、傘、服飾品批發業,臺北市,變更,11504
90323760,泓安投資股份有限公司,臺北市大安區仁愛路三段26號5樓,李彥槿,6000000,,115/04/24,特殊補正,H201010 一般投資業,臺北市,變更,11504
90325107,勻漾生活國際有限公司,臺北市中山區長安東路2段169號5樓,楊雅琪,2000000,,115/04/08,公司所在地,ZZ99999 除許可業務外，得經營法令非禁止或限制之業務；F106020 日常用品批發業；F206020 日常用品零售業；F205040 家具、寢具、廚房器具、裝設品零售業；F204110 布疋、衣著、鞋、帽、傘、服飾品零售業；F299990 其他零售業；F399040 無店面零售業；F104110 布疋、衣著、鞋、帽、傘、服飾品批發業；J101010 建築物清潔服務業,臺北市,變更,11504
90325129,旭康漁電科技股份有限公司,臺北市士林區德行西路35號5樓,謝源一,600000,,115/04/20,補繳規費,A301030 水產養殖業；D101060 再生能源自用發電設備業；I103060 管理顧問業；I301010 資訊軟體服務業；I301020 資料處理服務業；I301030 電子資訊供應服務業；IG03010 能源技術服務業；F119010 電子材料批發業；F219010 電子材料零售業；F401010 國際貿易業,臺北市,變更,11504
90325275,木木熙空間室內裝修設計有限公司,臺北市內湖區民權東路6段56巷31號,李奕德,1500000,,115/04/01,特殊補正,E801010 室內裝潢業；I503010 景觀設計業；I501010 產品設計業；JB01010 會議及展覽服務業；ZZ99999 除許可業務外，得經營法令非禁止或限制之業務；F401010 國際貿易業；E801060 室內裝修業；I599990 其他設計業,臺北市,變更,11504
90330024,說故事珈琲股份有限公司,臺北市中山區民權東路1段74號1樓,張傑克,500000,,115/04/21,改選董事/監察人(一人法人股東指派董事/監察人),F203010 食品什貨、飲料零售業；F203020 菸酒零售業；F501030 飲料店業；F501060 餐館業；ZZ99999 除許可業務外，得經營法令非禁止或限制之業務,臺北市,變更,11504
90330973,三域開發股份有限公司,臺北市中正區忠孝西路1段66號21樓,久一康洋,100000,,115/04/15,改選董事/監察人(一人法人股東指派董事/監察人),H701010 住宅及大樓開發租售業；H701020 工業廠房開發租售業；H701040 特定專業區開發業；H701050 投資興建公共建設業；H701060 新市鎮、新社區開發業；H701070 區段徵收及市地重劃代辦業；H701080 都市更新重建業；H702010 建築經理業；H703090 不動產買賣業；H703100 不動產租賃業,臺北市,變更,11504
90330988,三北建設股份有限公司,臺北市中正區忠孝西路1段66號21樓,久一康洋,100100000,,115/04/15,改選董事/監察人(一人法人股東指派董事/監察人),H701010 住宅及大樓開發租售業；H701020 工業廠房開發租售業；H701040 特定專業區開發業；H701050 投資興建公共建設業；H701060 新市鎮、新社區開發業；H701070 區段徵收及市地重劃代辦業；H701080 都市更新重建業；H702010 建築經理業；H703090 不動產買賣業；H703100 不動產租賃業,臺北市,變更,11504
90331065,向陽置業地產股份有限公司,臺北市中正區忠孝西路1段66號21樓,前原弘明,300000000,,115/04/14,改派董事/監察人,H701010 住宅及大樓開發租售業；H701020 工業廠房開發租售業；H701040 特定專業區開發業；H701050 投資興建公共建設業；H701060 新市鎮、新社區開發業；H701070 區段徵收及市地重劃代辦業；H701080 都市更新重建業；H702010 建築經理業；H703090 不動產買賣業；H703100 不動產租賃業,臺北市,變更,11504
90333628,淵陽有限公司,臺北市中正區忠孝西路1段72號2樓之5,闕伯陽,1000000,,115/04/20,股東出資轉讓修正章程,F105050 家具、寢具、廚房器具、裝設品批發業；F113020 電器批發業；F113030 精密儀器批發業；F113050 電腦及事務性機器設備批發業；F113070 電信器材批發業；F113990 其他機械器具批發業；F119010 電子材料批發業；F205040 家具、寢具、廚房器具、裝設品零售業；F213010 電器零售業；F213030 電腦及事務性機器設備零售業,臺北市,變更,11504
90333710,擎宇整合行銷股份有限公司,臺北市松山區復興北路191號7樓之2,郭雨新,10000000,,115/04/16,補繳規費,F102040 飲料批發業；F104110 布疋、衣著、鞋、帽、傘、服飾品批發業；F199990 其他批發業；F218010 資訊軟體零售業；F399040 無店面零售業；F399990 其他綜合零售業；F401010 國際貿易業；F601010 智慧財產權業；I103060 管理顧問業；I199990 其他顧問服務業,臺北市,變更,11504
90334859,享印生活股份有限公司,臺北市大同區南京西路18巷6號2樓之3,陳彥廷,1400000,,115/04/29,改選董事/監察人(一人法人股東指派董事/監察人),E605010 電腦設備安裝業；F118010 資訊軟體批發業；F401010 國際貿易業；I103060 管理顧問業；I501010 產品設計業；I301010 資訊軟體服務業；F116010 照相器材批發業；JZ99030 攝影業；I301020 資料處理服務業；I401010 一般廣告服務業,臺北市,變更,11504
90340228,海鷗開拓股份有限公司,臺北市大安區忠孝東路四段147巷1號5樓,片平裕,3221362000,,115/04/14,補選董事(常務董事.董事長)/監察人,H201010 一般投資業；ZZ99999 除許可業務外，得經營法令非禁止或限制之業務,臺北市,變更,11504
90340374,美商安普股份有限公司,臺北市大同區歸綏街67號1樓,張日馨,1400000,,115/04/24,改派在中華民國境內負責人變更登記,F114040 自行車及其零件批發業；F106010 五金批發業；F106030 模具批發業；F114050 車胎批發業；F199010 回收物料批發業；F401010 國際貿易業；CD01030 汽車及其零件製造業；CD01040 機車及其零件製造業；ZZ99999 除許可業務外，得經營法令非禁止或限制之業務,臺北市,變更,11504
90341129,科域資訊有限公司,臺北市中山區復興北路172號9樓,張逸文,6000000,,115/04/30,董事/股東地址變更,I103060 管理顧問業；I301010 資訊軟體服務業；I301020 資料處理服務業；I301030 電子資訊供應服務業；F118010 資訊軟體批發業；F218010 資訊軟體零售業；F401010 國際貿易業,臺北市,變更,11504
90344250,日商亞德格龍股份有限公司,臺北市信義區基隆路一段159號8樓之2,仙波憲司,5000000,,115/04/20,一般補正案,F118010 資訊軟體批發業；F218010 資訊軟體零售業；F399040 無店面零售業；I301010 資訊軟體服務業；I301020 資料處理服務業；I301030 電子資訊供應服務業；J399010 軟體出版業；ZZ99999 除許可業務外，得經營法令非禁止或限制之業務,臺北市,變更,11504
90348832,安沛文創股份有限公司,臺北市大安區敦化南路1段161巷38號2樓,許家豪,2000000,,115/04/28,改選董事/監察人(一人法人股東指派董事/監察人),I103060 管理顧問業；I301010 資訊軟體服務業；I301020 資料處理服務業；I301030 電子資訊供應服務業；I501010 產品設計業；I401010 一般廣告服務業；IZ15010 市場研究及民意調查業；F109070 文教、樂器、育樂用品批發業；F209060 文教、樂器、育樂用品零售業；F113050 電腦及事務性機器設備批發業,臺北市,變更,11504
90349255,萬埜拓業有限公司,臺北市信義區松德路171號5樓之6,賴俊杉,2500000,,115/04/20,股東出資轉讓修正章程,H202010 創業投資業；H201010 一般投資業；H701010 住宅及大樓開發租售業；H703090 不動產買賣業；H703100 不動產租賃業；HZ99990 其他金融、保險及不動產業；JE01010 租賃業；I102010 投資顧問業；I103060 管理顧問業；IZ99990 其他工商服務業,臺北市,變更,11504
90350365,智璞科技股份有限公司,臺北市中山區中山北路2段96號10樓,楊勝帆,50000000,,115/04/16,改選董事/監察人(一人法人股東指派董事/監察人),I301010 資訊軟體服務業；I301020 資料處理服務業；I103060 管理顧問業；I199990 其他顧問服務業；I301030 電子資訊供應服務業；I401010 一般廣告服務業；I599990 其他設計業；IZ15010 市場研究及民意調查業；F113070 電信器材批發業；F113050 電腦及事務性機器設備批發業,臺北市,變更,11504
90350457,輔昶科技股份有限公司,臺北市中正區寧波西街1號3樓,曾冠皓,1000000,,115/04/13,特殊補正,F109070 文教、樂器、育樂用品批發業；F119010 電子材料批發業；F209060 文教、樂器、育樂用品零售業；F218010 資訊軟體零售業；F219010 電子材料零售業；I199990 其他顧問服務業；I301010 資訊軟體服務業；I301020 資料處理服務業；J202010 產業育成業；IZ12010 人力派遣業,臺北市,變更,11504
90350647,矩明數位有限公司,臺北市內湖區瑞光路335號3樓,彭家賢,6000000,,115/04/20,增資,F113030 精密儀器批發業；J399010 軟體出版業；F213040 精密儀器零售業；F118010 資訊軟體批發業；F218010 資訊軟體零售業；F113020 電器批發業；F213010 電器零售業；F113070 電信器材批發業；F213060 電信器材零售業；F119010 電子材料批發業,臺北市,變更,11504
90350766,在粉紅海岸上股份有限公司,臺北市中山區南京東路3段189號8樓,侯懿恬,4500000,,115/04/21,特殊補正,F102030 菸酒批發業；F102040 飲料批發業；F102170 食品什貨批發業；F102180 酒精批發業；F203010 食品什貨、飲料零售業；F203020 菸酒零售業；F203030 酒精零售業；F399040 無店面零售業；F401010 國際貿易業；F401171 酒類輸入業,臺北市,變更,11504
90355740,國楓規劃設計顧問有限公司,臺北市中山區南京東路3段9號6樓之3,呂珮綺,1000000,,115/04/01,公司所在地,E801010 室內裝潢業；EZ99990 其他工程業；I101070 農、林、漁、畜牧顧問業；I199990 其他顧問服務業；I501010 產品設計業；I503010 景觀、室內設計業；I599990 其他設計業；ZZ99999 除許可業務外，得經營法令非禁止或限制之業務,臺北市,變更,11504
90355994,賦語科技股份有限公司,臺北市大安區敦化南路2段77號7樓之4,張凱鈞,31253400,,115/04/10,特殊補正,I301010 資訊軟體服務業；IZ04010 翻譯業；I301020 資料處理服務業；I301030 電子資訊供應服務業；I103060 管理顧問業；I199990 其他顧問服務業；F401010 國際貿易業；ZZ99999 除許可業務外，得經營法令非禁止或限制之業務,臺北市,變更,11504
90366113,掠食者有限公司,臺北市中山區長春路20號8樓,黃偉倫,1000000,,115/04/23,特殊補正,F204110 布疋、衣著、鞋、帽、傘、服飾品零售業；F205040 家具、寢具、廚房器具、裝設品零售業；F209060 文教、樂器、育樂用品零售業；F208040 化粧品零售業；F206010 五金零售業；F401010 國際貿易業；F206020 日常用品零售業；F105050 家具、寢具、廚房器具、裝設品批發業；F106010 五金批發業；F106020 日常用品批發業,臺北市,變更,11504
90366535,星誠細胞生醫股份有限公司,臺北市信義區光復南路561號8樓,王俊翔,109080000,,115/04/27,特殊補正,F107030 清潔用品批發業；F108031 醫療器材批發業；F108040 化粧品批發業；F109070 文教、樂器、育樂用品批發業；F207030 清潔用品零售業；F208031 醫療器材零售業；F208040 化粧品零售業；F208050 乙類成藥零售業；F209060 文教、樂器、育樂用品零售業；F401010 國際貿易業,臺北市,變更,11504
90367106,客勞力有限公司,臺北市大安區忠孝東路4段181巷42號,葉昱成,3000000,,115/04/21,股東出資轉讓修正章程,A101050 花卉栽培業；A102080 園藝服務業；F201070 花卉零售業；F204110 布疋、衣著、鞋、帽、傘、服飾品零售業；I501010 產品設計業；I502010 服飾設計業；I504010 花藝設計業；F501030 飲料店業；ZZ99999 除許可業務外，得經營法令非禁止或限制之業務,臺北市,變更,11504
90367154,日璟能源股份有限公司,臺北市內湖區基湖路1號4樓之1,趙書閔,27000000,,115/04/21,特殊補正,A301030 水產養殖業；CC01010 發電、輸電、配電機械製造業；D101050 汽電共生業；D101060 再生能源自用發電設備業；D401010 熱能供應業；F401010 國際貿易業；H201010 一般投資業；I102010 一般投資顧問業；I103060 管理顧問業；I199990 其他顧問服務業,臺北市,變更,11504
90367675,天玉管理顧問有限公司,臺北市大安區忠孝東路4段183號13樓之2,鍾天竣,2000000,,115/04/08,公司所在地,H703090 不動產買賣業；H703100 不動產租賃業；H702010 建築經理業；H701010 住宅及大樓開發租售業；H701020 工業廠房開發租售業；H701090 都市更新整建維護業；I102010 投資顧問業；I103060 管理顧問業；I301030 電子資訊供應服務業；I401010 一般廣告服務業,臺北市,變更,11504
90368415,台灣若美科技股份有限公司,臺北市南港區園區街6之10號,李厚毓,11000000,,115/04/24,特殊補正,CA04010 表面處理業；CB01010 機械設備製造業；CC01080 電子零組件製造業；CC01110 電腦及其週邊設備製造業；CC01990 其他電機及電子機械器材製造業；CD01030 汽車及其零件製造業；CE01010 一般儀器製造業；CQ01010 模具製造業；F114030 汽、機車零件配備批發業；F106010 五金批發業,臺北市,變更,11504
90371158,台灣捷鐵日立鐵路股份有限公司,臺北市中正區忠孝西路1段6號11樓,白思瑞（Cyrille Bataille）,40000000,,115/04/23,改選董事/監察人(一人法人股東指派董事/監察人),CB01010 機械設備製造業；CB01990 其他機械製造業；CC01030 電器及視聽電子產品製造業；CC01060 有線通信機械器材製造業；CC01070 無線通信機械器材製造業；CC01080 電子零組件製造業；CC01110 電腦及其週邊設備製造業；CC01990 其他電機及電子機械器材製造業；CD01020 軌道車輛及其零件製造業；CD01030 汽車及其零件製造業,臺北市,變更,11504
90372207,浥澍園藝工坊有限公司,臺北市中山區長春路15號3樓,劉效禹,200000,,115/04/02,特殊補正,A102080 園藝服務業；A101020 農作物栽培業；A101050 花卉栽培業；A102020 農產品整理業；A102050 作物栽培服務業；A299990 其他林業；F101100 花卉批發業；F106020 日常用品批發業；F106050 陶瓷玻璃器皿批發業；F107050 肥料批發業,臺北市,變更,11504
90375160,華特鋁業有限公司,臺北市萬華區西藏路273號1樓,林鼎強,2000000,,115/04/01,公司所在地,CA02010 金屬結構及建築組件製造業；CA01100 鋁材軋延、伸線、擠型業；CA02030 螺絲、螺帽、螺絲釘、及鉚釘等製品製造業；E801020 門窗安裝工程業；F111090 建材批發業；F106010 五金批發業；ZZ99999 除許可業務外，得經營法令非禁止或限制之業務,臺北市,變更,11504
90375443,金鋒山商務服務股份有限公司,臺北市中山區南京東路2段206號4樓之1,蘇上泳,1500000,,115/04/21,公司所營事業變更修正章程,H201010 一般投資業；H202010 創業投資業；H701010 住宅及大樓開發租售業；H701020 工業廠房開發租售業；J101010 建築物清潔服務業；J202010 產業育成業；JB01010 會議及展覽服務業；JD01010 工商徵信服務業；JE01010 租賃業；JZ99050 仲介服務業,臺北市,變更,11504
90378906,蒔割烹有限公司,臺北市大安區濟南路3段39之1號1樓,邱曉晨,3000000,,115/04/17,股東出資轉讓修正章程,F501060 餐館業；F501990 其他餐飲業；F501030 飲料店業；F401010 國際貿易業；F203020 菸酒零售業；F203010 食品什貨、飲料零售業；F201030 水產品零售業；F201010 農產品零售業；F399040 無店面零售業；F102040 飲料批發業,臺北市,變更,11504
90379031,星川實業有限公司,臺北市信義區基隆路1段432號7樓之7,李榮恩,1000000,,115/04/07,增資,D101050 汽電共生業；D101060 再生能源自用發電設備業；D401010 熱能供應業；F112040 石油製品批發業；F113110 電池批發業；F113020 電器批發業；F119010 電子材料批發業；F213010 電器零售業；F219010 電子材料零售業；F115020 礦石批發業,臺北市,變更,11504
90379139,逸緯投資股份有限公司,臺北市中山區民權西路20號7樓,吳輝男,103201540,,115/04/24,特殊補正,H201010 一般投資業,臺北市,變更,11504
90379623,精靈汽車金融科技股份有限公司,臺北市中山區復興北路48號7樓,Aaron Tan Wei Cheng,200000000,,115/04/29,特殊補正,JZ99050 仲介服務業；JE01010 租賃業；G202010 停車場經營業；JA01990 其他汽車服務業；HZ99990 其他金融、保險及不動產業；F401010 國際貿易業；F214010 汽車零售業；F114010 汽車批發業；F214030 汽、機車零件配備零售業；F114030 汽、機車零件配備批發業,臺北市,變更,11504
90388088,宏宥超能科技股份有限公司,臺北市大安區信義路3段190之1號2樓,,200000,,115/04/14,特殊補正,ZZ99999 除許可業務外，得經營法令非禁止或限制之業務；I101070 農、林、漁、畜牧顧問業；I101080 工、礦顧問業；I101090 食品顧問業；I101110 紡織顧問業；I101120 造船顧問業；I102010 投資顧問業；I501010 產品設計業；IG03010 能源技術服務業；IG02010 研究發展服務業,臺北市,變更,11504
90388524,星辰大海文化有限公司,臺北市大安區忠孝東路4段183號13樓之2,項緹瀅,1000000,,115/04/17,特殊補正,J305010 有聲出版業；J304010 圖書出版業；J401010 電影片製作業；J399990 其他出版業；J602010 演藝活動業；J601010 藝文服務業；J503040 廣播電視廣告業；I401010 一般廣告服務業；I301030 電子資訊供應服務業；I501010 產品設計業,臺北市,變更,11504
90389663,廣種福田有限公司,臺北市中山區南京東路1段25號3樓,魏馨屏,680000,,115/04/08,公司所在地,F102050 茶葉批發業；F102170 食品什貨批發業；F203010 食品什貨、飲料零售業；F106070 祭祀用品批發業；F206060 祭祀用品零售業；F109070 文教、樂器、育樂用品批發業；JZ99050 仲介服務業；F118010 資訊軟體批發業；F218010 資訊軟體零售業；F208040 化粧品零售業,臺北市,變更,11504
90389946,棨垣室內裝修有限公司,臺北市士林區社子街146巷11號1樓,蔡長勳,1180000,,115/04/27,特殊補正,E801010 室內裝潢業；E801020 門窗安裝工程業；E801030 室內輕鋼架工程業；E801040 玻璃安裝工程業；E801060 室內裝修業；E801070 廚具、衛浴設備安裝工程業；E901010 油漆工程業；F105050 家具、寢具、廚房器具、裝設品批發業；F111090 建材批發業；F113020 電器批發業,臺北市,變更,11504
90390280,瑞福生醫股份有限公司,臺北市南港區忠孝東路7段508號9樓之5,許淑幸,95500000,,115/04/28,特殊補正,C102010 乳品製造業；C106010 製粉業；C110010 飲料製造業；C114010 食品添加物製造業；C199990 未分類其他食品製造業；C201010 飼料製造業；C801110 肥料製造業；C802100 化粧品製造業；C802110 化粧品色素製造業；C802990 其他化學製品製造業,臺北市,變更,11504
90396685,金家韓食股份有限公司,臺北市大安區忠孝東路4段290號10樓,金珍榮,1800000,,115/04/22,特殊補正,F102170 食品什貨批發業；F199990 其他批發業；F203010 食品什貨、飲料零售業；F299990 其他零售業；F399040 無店面零售業；F401010 國際貿易業；I101090 食品顧問業；I199990 其他顧問服務業；ZZ99999 除許可業務外，得經營法令非禁止或限制之業務,臺北市,變更,11504
90412382,英屬維京群島商拿鐵科技股份有限公司,臺北市內湖區西湖里堤頂大道二段297號5樓,吳佳燕,1000000,,115/04/27,改派在中華民國境內負責人變更登記,I301010 資訊軟體服務業；I301020 資料處理服務業；I301030 電子資訊供應服務業；I501010 產品設計業；F118010 資訊軟體批發業；F218010 資訊軟體零售業；F601010 智慧財產權業；ZZ99999 除許可業務外，得經營法令非禁止或限制之業務,臺北市,變更,11504
90413925,威電儲能科技股份有限公司,臺北市內湖區瑞光路605號10樓,林彥良,22000000,,115/04/20,改選董事/監察人(一人法人股東指派董事/監察人),CB01010 機械設備製造業；CB01990 其他機械製造業；CC01010 發電、輸電、配電機械製造業；CC01030 電器及視聽電子產品製造業；CC01080 電子零組件製造業；CC01990 其他電機及電子機械器材製造業；D101060 再生能源自用發電設備業；E601020 電器安裝業；E603050 自動控制設備工程業；EZ05010 儀器、儀表安裝工程業,臺北市,變更,11504
90415753,千鹿影像傳媒有限公司,臺北市大安區復興南路2段285號11樓,吳咸融,500000,,115/04/27,特殊補正,J401010 電影片製作業；J402010 電影片發行業；J404010 動畫影片製作業；J404020 提供設備及場地供電影片拍攝業；J404050 電影特效製作業；J503020 電視節目製作業；J503030 廣播電視節目發行業；J503040 廣播電視廣告業；J503050 錄影節目帶業；J601010 藝文服務業,臺北市,變更,11504
90424319,國際競技股份有限公司,臺北市松山區民生東路3段128號7樓之2,葉旭昇,2500000,,115/04/01,特殊補正,H201010 一般投資業；I102010 投資顧問業；I103060 管理顧問業；I199990 其他顧問服務業；F106020 日常用品批發業；F106050 陶瓷玻璃器皿批發業；F203020 菸酒零售業；F204110 布疋、衣著、鞋、帽、傘、服飾品零售業；F206020 日常用品零售業；F218010 資訊軟體零售業,臺北市,變更,11504
90435370,千祐智慧科技股份有限公司,臺北市大安區信義路4段296號15樓,曹千祐,2400000,,115/04/14,補繳規費,F109070 文教、樂器、育樂用品批發業；F118010 資訊軟體批發業；F209060 文教、樂器、育樂用品零售業；F399040 無店面零售業；F601010 智慧財產權業；I103060 管理顧問業；I199990 其他顧問服務業；I301010 資訊軟體服務業；I301020 資料處理服務業；I301030 電子資訊供應服務業,臺北市,變更,11504
90436407,常鈜實業股份有限公司,臺北市松山區南京東路5段307號3樓,林殿竣,2000000,,115/04/21,復業副本,F401010 國際貿易業；F399040 無店面零售業；I401010 一般廣告服務業；JB01010 會議及展覽服務業；H201010 一般投資業；F103010 飼料批發業；F104110 布疋、衣著、鞋、帽、傘、服飾品批發業；F105050 家具、寢具、廚房器具、裝設品批發業；F106010 五金批發業；F107050 肥料批發業,臺北市,變更,11504
90441746,台亞能源股份有限公司,臺北市中山區長安東路一段23號8樓之1,鍾裕民,750000000,,115/04/27,公司所在地,H201010 一般投資業；H701050 投資興建公共建設業；HZ99990 其他金融、保險及不動產業；F401010 國際貿易業；I102010 投資顧問業；I103060 管理顧問業；IZ99990 其他工商服務業；ZZ99999 除許可業務外，得經營法令非禁止或限制之業務,臺北市,變更,11504
90441892,樂齡四方健康事業有限公司,臺北市大安區忠孝東路4段221號12樓,林莉薇,5000000,,115/04/10,特殊補正,F102170 食品什貨批發業；F102040 飲料批發業；F102050 茶葉批發業；F104110 布疋、衣著、鞋、帽、傘、服飾品批發業；F106020 日常用品批發業；F108040 化粧品批發業；F109070 文教、樂器、育樂用品批發業；F203010 食品什貨、飲料零售業；F204110 布疋、衣著、鞋、帽、傘、服飾品零售業；F299990 其他零售業,臺北市,變更,11504
90442301,美德飛股份有限公司,臺北市大安區羅斯福路2段107號5樓,陳穎賢,19000000,,115/04/27,增資(資本總額),F108031 醫療器材批發業；F208031 醫療器材零售業；F106060 寵物食品及其用品批發業；F206050 寵物食品及其用品零售業；ZZ99999 除許可業務外，得經營法令非禁止或限制之業務；CF01011 醫療器材製造業；J803010 運動表演業,臺北市,變更,11504
90442914,全日二號光電股份有限公司,臺北市中山區復興北路420號13樓之1,陳必揚,15000000,,115/04/30,特殊補正,CC01010 發電、輸電、配電機械製造業；D101050 汽電共生業；D101060 再生能源自用發電設備業；D401010 熱能供應業；I102010 投資顧問業；I103060 管理顧問業；IG03010 能源技術服務業；I199990 其他顧問服務業；ZZ99999 除許可業務外，得經營法令非禁止或限制之業務；A101020 農作物栽培業,臺北市,變更,11504
90443126,樂奎有限公司,臺北市信義區松德路69號2樓,黃皓,2000000,,115/04/10,特殊補正,F104110 布疋、衣著、鞋、帽、傘、服飾品批發業；F105050 家具、寢具、廚房器具、裝設品批發業；F106020 日常用品批發業；F109070 文教、樂器、育樂用品批發業；F203010 食品什貨、飲料零售業；F204110 布疋、衣著、鞋、帽、傘、服飾品零售業；F205040 家具、寢具、廚房器具、裝設品零售業；F206020 日常用品零售業；F209060 文教、樂器、育樂用品零售業；F399040 無店面零售業,臺北市,變更,11504
90443152,皇均股份有限公司,臺北市松山區南京東路4段75號7樓,陳妤鎔,60000000,,115/04/24,特殊補正,C306010 成衣業；EZ99990 其他工程業；F102030 菸酒批發業；F102180 酒精批發業；F112040 石油製品批發業；F113010 機械批發業；F115010 首飾及貴金屬批發業；F119010 電子材料批發業；F201070 花卉零售業；F203020 菸酒零售業,臺北市,變更,11504
90447930,創曦資訊科技股份有限公司,臺北市大安區復興南路2段237號13樓,陳正倫,58000000,,115/04/09,發行新股,G903010 電信事業；I103060 管理顧問業；I199990 其他顧問服務業；I301010 資訊軟體服務業；I301020 資料處理服務業；I301030 電子資訊供應服務業；IE01010 電信業務門號代辦業；IG02010 研究發展服務業；IG03010 能源技術服務業；IZ09010 管理系統驗證業,臺北市,變更,11504
90448712,元萃生技有限公司,臺北市大安區敦化南路1段205號2樓之5,張美麗,11000000,,115/04/29,補繳規費,F108031 醫療器材批發業；F208031 醫療器材零售業；ZZ99999 除許可業務外，得經營法令非禁止或限制之業務,臺北市,變更,11504
90451259,雅德思生醫有限公司,臺北市大安區敦化南路1段177巷46號地下1層,賴虹,40000000,,115/04/22,特殊補正,F107030 清潔用品批發業；F207030 清潔用品零售業；F118010 資訊軟體批發業；F199990 其他批發業；F299990 其他零售業；F399040 無店面零售業；F401010 國際貿易業；I102010 投資顧問業；I103060 管理顧問業；I199990 其他顧問服務業,臺北市,變更,11504
90451526,發享科技股份有限公司,臺北市內湖區洲子街151號8樓,卓雙安,2499999,,115/04/10,改選董事/監察人(一人法人股東指派董事/監察人),I301010 資訊軟體服務業；I301020 資料處理服務業；I301030 電子資訊供應服務業；I103060 管理顧問業；I501010 產品設計業；F113050 電腦及事務性機器設備批發業；F118010 資訊軟體批發業；F119010 電子材料批發業；F218010 資訊軟體零售業；F219010 電子材料零售業,臺北市,變更,11504
90462713,晨曦生醫科技有限公司,臺北市士林區忠誠路1段129號1樓,李怡均,4200000,,115/04/07,申登機關變更（遷入，含卷）,F102170 食品什貨批發業；F104110 布疋、衣著、鞋、帽、傘、服飾品批發業；F109070 文教、樂器、育樂用品批發業；F204110 布疋、衣著、鞋、帽、傘、服飾品零售業；F206020 日常用品零售業；F207030 清潔用品零售業；F208040 化粧品零售業；F209060 文教、樂器、育樂用品零售業；F399040 無店面零售業；F399990 其他綜合零售業,臺北市,變更,11504
90468646,科美研生技股份有限公司,臺北市中正區館前路42號2樓,廖尚文,10000000,,115/04/02,改派董事/監察人,C802100 化粧品製造業；F102040 飲料批發業；F102170 食品什貨批發業；F104110 布疋、衣著、鞋、帽、傘、服飾品批發業；F107200 化學原料批發業；F107990 其他化學製品批發業；F108040 化粧品批發業；F113010 機械批發業；F113020 電器批發業；F113050 電腦及事務性機器設備批發業,臺北市,變更,11504
90468717,德立智室內裝修設計工程有限公司,臺北市大同區華陰街99號2樓,楊智全,6000000,,115/04/15,補繳規費,E801010 室內裝潢業；E801020 門窗安裝工程業；E801030 室內輕鋼架工程業；E801040 玻璃安裝工程業；E801060 室內裝修業；E801070 廚具、衛浴設備安裝工程業；E901010 油漆工程業；E903010 防蝕、防銹工程業；E599010 配管工程業；E603050 自動控制設備工程業,臺北市,變更,11504
90469672,爵硎有限公司,臺北市大安區敦化南路2段2號6樓之1,詹秋香,100000,,115/04/29,改推董事/董事長,F102030 菸酒批發業；F102170 食品什貨批發業；F104110 布疋、衣著、鞋、帽、傘、服飾品批發業；F106020 日常用品批發業；F108040 化粧品批發業；F113020 電器批發業；F113050 電腦及事務性機器設備批發業；F203010 食品什貨、飲料零售業；F203020 菸酒零售業；F204110 布疋、衣著、鞋、帽、傘、服飾品零售業,臺北市,變更,11504
90469722,錒法教育資訊股份有限公司,臺北市大安區忠孝東路4段183號13樓之2,汪士惟,1000000,,115/04/21,特殊補正,F109070 文教、樂器、育樂用品批發業；F209060 文教、樂器、育樂用品零售業；F118010 資訊軟體批發業；F218010 資訊軟體零售業；F106020 日常用品批發業；F206020 日常用品零售業；F401010 國際貿易業；I103060 管理顧問業；J304010 圖書出版業；J305010 有聲出版業,臺北市,變更,11504
90474817,璀星國際股份有限公司,臺北市大安區忠孝東路4段270號7樓,朱淑真,60000000,,115/04/23,特殊補正,H201010 一般投資業,臺北市,變更,11504
90474892,瀚晟有限公司,臺北市信義區信義路4段415號14樓之2,廖冠傑,500000,,115/04/27,公司所在地,F101990 其他農、畜、水產品批發業；F201030 水產品零售業；F201990 其他農畜水產品零售業；F401010 國際貿易業；H201010 一般投資業；H202010 創業投資業；H703090 不動產買賣業；H703100 不動產租賃業；IG03010 能源技術服務業；ZZ99999 除許可業務外，得經營法令非禁止或限制之業務,臺北市,變更,11504
90475111,精盈醫療器材有限公司,臺北市中正區忠孝西路1段72號2樓之5,江韋勳,1930000,,115/04/22,增資,F108031 醫療器材批發業；F199990 其他批發業；F208031 醫療器材零售業；F299990 其他零售業；F401010 國際貿易業；F113030 精密儀器批發業；F213040 精密儀器零售業；F399040 無店面零售業；I103060 管理顧問業；I199990 其他顧問服務業,臺北市,變更,11504
90475920,天惠開發投資有限公司,臺北市中正區漢口街1段85號4樓之4,楊淞壹,17000000,,115/04/24,特殊補正,H201010 一般投資業；ZZ99999 除許可業務外，得經營法令非禁止或限制之業務,臺北市,變更,11504
90477928,艾米波有限公司,臺北市北投區立功街17號,許丕煥,300000,,115/04/22,特殊補正,F501060 餐館業；F501030 飲料店業；I101090 食品顧問業；ZZ99999 除許可業務外，得經營法令非禁止或限制之業務,臺北市,變更,11504
90483999,森林甜點有限公司,臺北市信義區福德街300巷2號1樓,王韻怡,8000000,,115/04/07,特殊補正,C104010 糖果製造業；C104020 烘焙炊蒸食品製造業；F102040 飲料批發業；F102050 茶葉批發業；F102170 食品什貨批發業；F203010 食品什貨、飲料零售業；F399040 無店面零售業；F401010 國際貿易業；F501030 飲料店業；F501990 其他餐飲業,臺北市,變更,11504
90488018,和勁企業股份有限公司,臺北市內湖區瑞光路605號10樓,陳建州,3133727400,,115/04/09,改派董事/監察人,D101050 汽電共生業；D101060 再生能源自用發電設備業；D401010 熱能供應業；E601010 電器承裝業；E601020 電器安裝業；E603040 消防安全設備安裝工程業；E603050 自動控制設備工程業；E604010 機械安裝業；E605010 電腦設備安裝業；E606010 用電設備檢驗維護業,臺北市,變更,11504
90490598,圓僑工程股份有限公司,臺北市中山區中山北路2段89號2樓之3,張乃仁,100000,,115/04/08,特殊補正,F113010 機械批發業；F113050 電腦及事務性機器設備批發業；F113100 污染防治設備批發業；F113990 其他機械器具批發業；E604010 機械安裝業；E603050 自動控制設備工程業；E605010 電腦設備安裝業；ZZ99999 除許可業務外，得經營法令非禁止或限制之業務；IG01010 生物技術服務業；F401010 國際貿易業,臺北市,變更,11504
90492499,集星國際行銷貿易股份有限公司,臺北市中山區民權東路1段72號6樓之11,詹智明,5000000,,115/04/20,改選董事/監察人(一人法人股東指派董事/監察人),F401171 酒類輸入業；F101130 蔬果批發業；F201010 農產品零售業；F203010 食品什貨、飲料零售業；F401010 國際貿易業；F399040 無店面零售業；A102020 農產品整理業；IZ99990 其他工商服務業；ZZ99999 除許可業務外，得經營法令非禁止或限制之業務,臺北市,變更,11504
90495714,金愛投資有限公司,臺北市大安區敦化南路1段205號2樓之8,蔡焜煌,1000000,,115/04/16,補繳規費,F399040 無店面零售業；F401010 國際貿易業；H201010 一般投資業；H202010 創業投資業；H701010 住宅及大樓開發租售業；H701050 投資興建公共建設業；H701060 新市鎮、新社區開發業；H703090 不動產買賣業；H703100 不動產租賃業；I102010 投資顧問業,臺北市,變更,11504
90495828,海沃管理顧問股份有限公司,臺北市信義區忠孝東路4段563號11樓,陳俊諺,10500000,,115/04/13,公司名稱變更修正章程,I102010 一般投資顧問業；I103060 管理顧問業；H202010 創業投資業；HZ99990 其他金融、保險及不動產業；I199990 其他顧問服務業；F401010 國際貿易業；ZZ99999 除許可業務外，得經營法令非禁止或限制之業務,臺北市,變更,11504
90495968,立貝斯科技股份有限公司,臺北市中山區南京東路2段150號11樓,廖偉丞,6000000,,115/04/24,發行新股,I301030 電子資訊供應服務業；I301010 資訊軟體服務業；I401010 一般廣告服務業；F401010 國際貿易業；JZ99050 仲介服務業；IZ99990 其他工商服務業；ZZ99999 除許可業務外，得經營法令非禁止或限制之業務,臺北市,變更,11504
90500771,筵月食品股份有限公司,臺北市松山區八德路2段447之1號,賴永晟,6700000,,115/04/27,改選董事/監察人(一人法人股東指派董事/監察人),F203010 食品什貨、飲料零售業；F501060 餐館業；F501990 其他餐飲業；ZZ99999 除許可業務外，得經營法令非禁止或限制之業務,臺北市,變更,11504
90501716,天美事業有限公司,臺北市松山區復興北路191號13樓,王兆勝,3000000,,115/04/01,特殊補正,IZ12010 人力派遣業；H201010 一般投資業；H703090 不動產買賣業；H703100 不動產租賃業；I103060 管理顧問業；I199990 其他顧問服務業；IZ99990 其他工商服務業；JZ99050 仲介服務業；F102020 食用油脂批發業；F102170 食品什貨批發業,臺北市,變更,11504
90502089,靖玥有限公司,臺北市大安區敦化南路2段2號6樓之1,鐘峻守,100000,,115/04/29,股東出資轉讓修正章程,F102030 菸酒批發業；F102170 食品什貨批發業；F104110 布疋、衣著、鞋、帽、傘、服飾品批發業；F106020 日常用品批發業；F108040 化粧品批發業；F113020 電器批發業；F113050 電腦及事務性機器設備批發業；F203010 食品什貨、飲料零售業；F203020 菸酒零售業；F204110 布疋、衣著、鞋、帽、傘、服飾品零售業,臺北市,變更,11504
90509724,善朋常有限公司,臺北市大安區敦化南路2段2號6樓之1,黃義盛,100000,,115/04/29,股東出資轉讓修正章程,F102030 菸酒批發業；F102170 食品什貨批發業；F104110 布疋、衣著、鞋、帽、傘、服飾品批發業；F106020 日常用品批發業；F108040 化粧品批發業；F113020 電器批發業；F113050 電腦及事務性機器設備批發業；F203010 食品什貨、飲料零售業；F203020 菸酒零售業；F204110 布疋、衣著、鞋、帽、傘、服飾品零售業,臺北市,變更,11504
90511159,好菌家生技有限公司,臺北市大安區忠孝東路4段183號13樓之2,吳晨宇,100000,,115/04/08,公司所在地,F102170 食品什貨批發業；F203010 食品什貨、飲料零售業；F399040 無店面零售業；I401010 一般廣告服務業；I401020 廣告傳單分送業；JB01010 會議及展覽服務業；IZ99990 其他工商服務業；I503010 景觀、室內設計業；F108040 化粧品批發業；F208040 化粧品零售業,臺北市,變更,11504
90511221,未來新藥股份有限公司,臺北市松山區敦化北路207號7樓之4,招顯邦,50618600,,115/04/27,補繳規費,F401010 國際貿易業；F601010 智慧財產權業；I101070 農、林、漁、畜牧顧問業；I101090 食品顧問業；I102010 投資顧問業；I103060 管理顧問業；I199990 其他顧問服務業；IC01010 藥品檢驗業；IG01010 生物技術服務業；IG02010 研究發展服務業,臺北市,變更,11504
90511587,微胖國際企業有限公司,臺北市松山區長安東路2段290號,張朝煌,1500000,,115/04/30,特殊補正,F203010 食品什貨、飲料零售業；F206020 日常用品零售業；F207190 塑膠膜、袋零售業；F401010 國際貿易業；F501030 飲料店業；F399040 無店面零售業；F601010 智慧財產權業；I101090 食品顧問業；I504010 花藝設計業；I503010 景觀設計業,臺北市,變更,11504
90511828,豐電商股份有限公司,臺北市中山區南京東路2段72號3樓,彭振東,25000000,,115/04/14,特殊補正,F102030 菸酒批發業；F102050 茶葉批發業；F104110 布疋、衣著、鞋、帽、傘、服飾品批發業；F105050 家具、寢具、廚房器具、裝設品批發業；F106020 日常用品批發業；F106050 陶瓷玻璃器皿批發業；F108040 化粧品批發業；F109070 文教、樂器、育樂用品批發業；F113050 電腦及事務性機器設備批發業；F115010 首飾及貴金屬批發業,臺北市,變更,11504
90515731,台灣大永紙商股份有限公司,臺北市中山區南京東路3段91號5樓之3,谷田浩一,10000000,,115/04/16,特殊補正,F106020 日常用品批發業；F107170 工業助劑批發業；F107200 化學原料批發業；F113010 機械批發業；F113050 電腦及事務性機器設備批發業；F401010 國際貿易業；JZ99050 仲介服務業；ZZ99999 除許可業務外，得經營法令非禁止或限制之業務,臺北市,變更,11504
90516062,緯文企業管理顧問有限公司,臺北市信義區基隆路1段159號14樓,陳文彬,1000000,,115/04/30,特殊補正,F118010 資訊軟體批發業；F119010 電子材料批發業；F218010 資訊軟體零售業；F219010 電子材料零售業；F401010 國際貿易業；I103060 管理顧問業；I301010 資訊軟體服務業；IZ01010 影印業；IZ02010 打字業；I199990 其他顧問服務業,臺北市,變更,11504
90516247,國際創新生醫技術研究有限公司,臺北市萬華區中華路1段106號8樓,鄭文隆,1000000,,115/04/24,特殊補正,I103060 管理顧問業；I101090 食品顧問業；I199990 其他顧問服務業；I301010 資訊軟體服務業；I301020 資料處理服務業；I301030 電子資訊供應服務業；I401010 一般廣告服務業；I501010 產品設計業；I599990 其他設計業；IG01010 生物技術服務業,臺北市,變更,11504
90516540,聚旺能源股份有限公司,臺北市士林區德行西路33號5樓,黃家甄,175000000,,115/04/14,補繳規費,IG03010 能源技術服務業；I301020 資料處理服務業；I301010 資訊軟體服務業；I199990 其他顧問服務業；I102010 投資顧問業；I103060 管理顧問業；D101060 再生能源自用發電設備業；ZZ99999 除許可業務外，得經營法令非禁止或限制之業務,臺北市,變更,11504
90517267,虛實共鳴科技股份有限公司,臺北市松山區民權東路3段181號10樓,張啓哲,60375320,,115/04/08,特殊補正,F105050 家具、寢具、廚房器具、裝設品批發業；F205040 家具、寢具、廚房器具、裝設品零售業；F399040 無店面零售業；F399990 其他綜合零售業；F601010 智慧財產權業；I105010 藝術品諮詢顧問業；I199990 其他顧問服務業；I301010 資訊軟體服務業；I301020 資料處理服務業；I301030 電子資訊供應服務業,臺北市,變更,11504
90517610,銀耀科技有限公司,臺北市中山區松江路182號11樓之1,邱訢倫,2000000,,115/04/10,公司名稱變更修正章程,A101020 農作物栽培業；A101030 特用作物栽培業；A101050 花卉栽培業；A301030 水產養殖業；A401010 畜牧場經營業；A401040 畜牧服務業；C105010 食用油脂製造業；C802090 清潔用品製造業；C802100 化粧品製造業；CC01120 資料儲存媒體製造及複製業,臺北市,變更,11504
90517674,瑞台綠能股份有限公司,臺北市松山區敦化北路170號3樓,Tomakin Theriault Archambault,18000000,,115/04/28,特殊補正,IG03010 能源技術服務業；D101060 再生能源自用發電設備業；CC01010 發電、輸電、配電機械製造業；E603090 照明設備安裝工程業；E605010 電腦設備安裝業；F106040 水器材料批發業；F111090 建材批發業；F113030 精密儀器批發業；F399040 無店面零售業；F601010 智慧財產權業,臺北市,變更,11504
90530923,富佳揚投資股份有限公司,臺北市士林區承德路4段354號10摟,鄭世君,16180000,,115/04/08,董事/監察人持股變動報備,H201010 一般投資業；ZZ99999 除許可業務外，得經營法令非禁止或限制之業務,臺北市,變更,11504
90530959,政大全球華商投資股份有限公司,臺北市松山區南京東路5段343號5摟,林志誠,2000000,,115/04/15,補繳規費,H201010 一般投資業；H202010 創業投資業；I199990 其他顧問服務業；I102010 投資顧問業；I103060 管理顧問業；ZZ99999 除許可業務外，得經營法令非禁止或限制之業務,臺北市,變更,11504
90531211,即美生醫股份有限公司,臺北市中正區開封街1段40號4樓,許家豪,1300000,,115/04/01,公司名稱變更修正章程,F106020 日常用品批發業；F107020 染料、顏料批發業；F107030 清潔用品批發業；F108040 化粧品批發業；F207030 清潔用品零售業；F208040 化粧品零售業；F399040 無店面零售業；F401010 國際貿易業；I103060 管理顧問業；I501010 產品設計業,臺北市,變更,11504
90531508,華睿科技有限公司,臺北市大安區大安路1段14號2樓,陳信儒,300000,,115/04/21,特殊補正,E603050 自動控制設備工程業；E604010 機械安裝業；E605010 電腦設備安裝業；CB01010 機械設備製造業；F113010 機械批發業；F118010 資訊軟體批發業；F119010 電子材料批發業；F113050 電腦及事務性機器設備批發業；F213080 機械器具零售業；F218010 資訊軟體零售業,臺北市,變更,11504
90531633,九合益科技股份有限公司,臺北市大安區敦化南路2段11巷8號3樓,凃俊光,87700000,,115/04/22,發行新股,CC01080 電子零組件製造業；CC01990 其他電機及電子機械器材製造業；CA04010 表面處理業；C901060 耐火材料製造業；F119010 電子材料批發業；F219010 電子材料零售業；F120010 耐火材料批發業；F220010 耐火材料零售業；F113030 精密儀器批發業；CA02990 其他金屬製品製造業,臺北市,變更,11504
90531922,喬聿股份有限公司,臺北市中山區松江路293之705號,嚴聿威,3000000,,115/04/07,補繳規費,H201010 一般投資業；H701010 住宅及大樓開發租售業；H703100 不動產租賃業；I103060 管理顧問業；I301010 資訊軟體服務業；I401010 一般廣告服務業；I501010 產品設計業；JB01010 會議及展覽服務業；ZZ99999 除許可業務外，得經營法令非禁止或限制之業務,臺北市,變更,11504
90534836,敏立恰吉有限公司,臺北市松山區南京東路4段50號11樓,,1900000,,115/04/13,解散,H201010 一般投資業；ZZ99999 除許可業務外，得經營法令非禁止或限制之業務,臺北市,變更,11504
90537284,杰新生技產品有限公司,臺北市中正區衡陽路10號7樓,楊宇新,1000000,,115/04/23,股東出資轉讓修正章程,F208031 醫療器材零售業；F208040 化粧品零售業；F208050 乙類成藥零售業；F401010 國際貿易業；ZZ99999 除許可業務外，得經營法令非禁止或限制之業務,臺北市,變更,11504
90538333,黑吉貝爾有限公司,臺北市大安區忠孝東路4段183號13樓之2,鍾譯萱,100000,,115/04/20,公司所在地,F401010 國際貿易業；I103060 管理顧問業；I105010 藝術品諮詢顧問業；I301020 資料處理服務業；I301030 電子資訊供應服務業；I401010 一般廣告服務業；I501010 產品設計業；I502010 服飾設計業；I503010 景觀、室內設計業；IZ02010 打字業,臺北市,變更,11504
90538713,金鶴林有限公司,臺北市信義區莊敬路346號1樓,周鈺人,2000000,,115/04/20,特殊補正,F501030 飲料店業；F399040 無店面零售業；F399990 其他綜合零售業；F401010 國際貿易業；F299990 其他零售業；F206020 日常用品零售業；F203020 菸酒零售業；ZZ99999 除許可業務外，得經營法令非禁止或限制之業務,臺北市,變更,11504
90544975,最美力股份有限公司,臺北市大同區南京西路344巷41號9樓之3,陳靜玗,1040817,,115/04/13,補繳規費,F102170 食品什貨批發業；F203010 食品什貨、飲料零售業；F109070 文教、樂器、育樂用品批發業；F209060 文教、樂器、育樂用品零售業；F106010 五金批發業；F206010 五金零售業；F106020 日常用品批發業；F206020 日常用品零售業；F106040 水器材料批發業；F206040 水器材料零售業,臺北市,變更,11504
90545812,勤資科技股份有限公司,臺北市松山區復興北路201號3樓之2,陳昱文,1250000,,115/04/21,特殊補正,CC01060 有線通信機械器材製造業；CC01070 無線通信機械器材製造業；CD01020 軌道車輛及其零件製造業；E601010 電器承裝業；E601020 電器安裝業；E603010 電纜安裝工程業；E603040 消防安全設備安裝工程業；E603050 自動控制設備工程業；E603080 交通號誌安裝工程業；E603090 照明設備安裝工程業,臺北市,變更,11504
90545968,兆鎮城市發展股份有限公司,臺北市大安區敦化南路2段77號3樓,劉國哲,80000000,,115/04/23,特殊補正,H201010 一般投資業；H202010 創業投資業；H701010 住宅及大樓開發租售業；H701020 工業廠房開發租售業；H703090 不動產買賣業；H703100 不動產租賃業；I102010 投資顧問業；I103060 管理顧問業；I199990 其他顧問服務業；JE01010 租賃業,臺北市,變更,11504
90546559,綠光創藝股份有限公司,臺北市大安區仁愛路4段29之1號2樓,吳文欽,8940000,,115/04/22,特殊補正,J602010 演藝活動業；J601010 藝文服務業；J603010 音樂展演空間業；I105010 藝術品諮詢顧問業；I103060 管理顧問業；I501010 產品設計業；I401010 一般廣告服務業；I503010 景觀、室內設計業；J304010 圖書出版業；J305010 有聲出版業,臺北市,變更,11504
90547207,台灣凸版電子股份有限公司,臺北市松山區民生東路3段109號10樓,勝村和則,230000000,,115/04/02,改派董事/監察人,CC01080 電子零組件製造業；CC01990 其他電機及電子機械器材製造業；F119010 電子材料批發業；F219010 電子材料零售業；I103060 管理顧問業；I102010 投資顧問業；F401010 國際貿易業；I599990 其他設計業；JZ99050 仲介服務業；F109070 文教、樂器、育樂用品批發業,臺北市,變更,11504
90547635,比泰悅心科技股份有限公司,臺北市南港區成功路1段32號3樓之7,莊徐子涵,5000000,,115/04/13,特殊補正,CC01120 資料儲存媒體製造及複製業；I301020 資料處理服務業；I301030 電子資訊供應服務業；IZ13010 網路認證服務業；ZZ99999 除許可業務外，得經營法令非禁止或限制之業務,臺北市,變更,11504
90547831,鉅康聯國際股份有限公司,臺北市大安區忠孝東路4段49巷2號4樓,章月明,10000000,,115/04/17,特殊補正,F401010 國際貿易業；F113030 精密儀器批發業；F601010 智慧財產權業；I301010 資訊軟體服務業；I103060 管理顧問業；I199990 其他顧問服務業；I301030 電子資訊供應服務業；IZ13010 網路認證服務業；IZ09010 管理系統驗證業；J202010 產業育成業,臺北市,變更,11504
90552236,森巴豐股份有限公司,臺北市中山區南京東路2段101號12樓,朱宜宏,61880000,,115/04/28,增資(資本總額),H201010 一般投資業；ZZ99999 除許可業務外，得經營法令非禁止或限制之業務,臺北市,變更,11504
90554918,八貫投資開發股份有限公司,臺北市松山區敦化南路1段7號5樓,李秉蓁,25000000,,115/04/28,特殊補正,H701010 住宅及大樓開發租售業；H701020 工業廠房開發租售業；H701040 特定專業區開發業；H701050 投資興建公共建設業；H701060 新市鎮、新社區開發業；H701070 區段徵收及市地重劃代辦業；H701080 都市更新重建業；H701090 都市更新整建維護業；H702010 建築經理業；H703090 不動產買賣業,臺北市,變更,11504
90562157,東華綠能股份有限公司,臺北市中山區松江路126號3樓之2,Verajet Vongkusolkit,30700000,,115/04/16,特殊補正,CB01010 機械設備製造業；CC01010 發電、輸電、配電機械製造業；D401010 熱能供應業；F401010 國際貿易業；H201010 一般投資業；I102010 投資顧問業；I103060 管理顧問業；I199990 其他顧問服務業；IG02010 研究發展服務業；IG03010 能源技術服務業,臺北市,變更,11504
90569567,大吉安士有限公司,臺北市中山區北安路538巷1弄11號1樓,郭士豪,1500000,,115/04/22,特殊補正,F102170 食品什貨批發業；F104110 布疋、衣著、鞋、帽、傘、服飾品批發業；F106010 五金批發業；F106020 日常用品批發業；F109070 文教、樂器、育樂用品批發業；F401010 國際貿易業；H201010 一般投資業；H202010 創業投資業；H703090 不動產買賣業；H703100 不動產租賃業,臺北市,變更,11504
90570261,霏彼設計有限公司,臺北市中正區仁愛路2段25號5樓,周繁,1000000,,115/04/17,改推董事/董事長,I501010 產品設計業；I503010 景觀、室內設計業；I401010 一般廣告服務業；I599990 其他設計業；IZ99990 其他工商服務業；F206020 日常用品零售業；F106020 日常用品批發業；F113020 電器批發業；F213010 電器零售業；F109070 文教、樂器、育樂用品批發業,臺北市,變更,11504
90574549,青定土也有限公司,臺北市中正區忠孝東路2段122號11樓,白宗益,2000000,,115/04/07,增資,I102010 一般投資顧問業；I105010 藝術品諮詢顧問業；I199990 其他顧問服務業；ZZ99999 除許可業務外，得經營法令非禁止或限制之業務；H703100 不動產租賃業；JE01010 租賃業；F401010 國際貿易業,臺北市,變更,11504
90576011,心安夜市餐飲股份有限公司,臺北市松山區饒河街32、34號,羅大偉,5770000,,115/04/17,補繳規費,E801010 室內裝潢業；E801020 門窗安裝工程業；E801030 室內輕鋼架工程業；E801040 玻璃安裝工程業；E801070 廚具、衛浴設備安裝工程業；E901010 油漆工程業；E903010 防蝕、防銹工程業；EZ02010 起重工程業；EZ05010 儀器、儀表安裝工程業；EZ06010 交通標示工程業,臺北市,變更,11504
90578355,酷特科技股份有限公司,臺北市松山區南京東路3段305號11樓,邱品婕,42700000,,115/04/27,改派董事/監察人,F113050 電腦及事務性機器設備批發業；F213030 電腦及事務性機器設備零售業；I301010 資訊軟體服務業；I301030 電子資訊供應服務業；F113070 電信器材批發業；F119010 電子材料批發業；F401010 國際貿易業；I501010 產品設計業；CC01080 電子零組件製造業；CC01060 有線通信機械器材製造業,臺北市,變更,11504
90579312,多阡藝術文化有限公司,臺北市大同區民族西路187巷25號1樓,麥志豪,1000000,,115/04/10,特殊補正,J303010 雜誌（期刊）出版業；J304010 圖書出版業；J305010 有聲出版業；J399990 其他出版業；J401010 電影片製作業；J402010 電影片發行業；J403010 電影片映演業；J404010 動畫影片製作業；J404020 提供設備及場地供電影片拍攝業；J602010 演藝活動業,臺北市,變更,11504
90579354,合向室內裝修設計有限公司,臺北市大同區西寧北路78之16號8樓,曾林弘,3000000,,115/04/08,增資,E801010 室內裝潢業；E801020 門窗安裝工程業；E801030 室內輕鋼架工程業；E801040 玻璃安裝工程業；E801060 室內裝修業；E801070 廚具、衛浴設備安裝工程業；F105050 家具、寢具、廚房器具、裝設品批發業；F111090 建材批發業；F399040 無店面零售業；F401010 國際貿易業,臺北市,變更,11504
90583907,三德能源科技股份有限公司,臺北市北投區立功街165巷5號10樓之1,林勇箴,15000000,,115/04/30,特殊補正,CC01010 發電、輸電、配電機械製造業；CC01030 電器及視聽電子產品製造業；CC01040 照明設備製造業；CC01080 電子零組件製造業；CC01090 電池製造業；CC01110 電腦及其週邊設備製造業；CD01030 汽車及其零件製造業；CD01040 機車及其零件製造業；CD01050 自行車及其零件製造業；I501010 產品設計業,臺北市,變更,11504
90587137,恆富資本股份有限公司,臺北市大安區復興南路2段237號13樓,郭人豪,1000000,,115/04/17,改選董事/監察人(一人法人股東指派董事/監察人),H201010 一般投資業；H202010 創業投資業；I102010 投資顧問業；I103060 管理顧問業；ZZ99999 除許可業務外，得經營法令非禁止或限制之業務,臺北市,變更,11504
90587930,鋰基科技股份有限公司,臺北市松山區復興北路369號7樓之5,陳玉玲,788450,,115/04/21,特殊補正,CC01040 照明設備製造業；CC01110 電腦及其週邊設備製造業；CC01080 電子零組件製造業；CC01090 電池製造業；CC01010 發電、輸電、配電機械製造業；CC01070 無線通信機械器材製造業；CB01010 機械設備製造業；CD01010 船舶及其零件製造業；CD01020 軌道車輛及其零件製造業；CD01030 汽車及其零件製造業,臺北市,變更,11504
90588683,光熙股份有限公司,臺北市內湖區瑞光路362號8樓,侯明欽,207000000,,115/04/30,票據兌現/他機關函復/補正,CC01010 發電、輸電、配電機械製造業；D101050 汽電共生業；D101060 再生能源自用發電設備業；D401010 熱能供應業；E601010 電器承裝業；E601020 電器安裝業；E604010 機械安裝業；E605010 電腦設備安裝業；E606010 用電設備檢驗維護業；EZ05010 儀器、儀表安裝工程業,臺北市,變更,11504
90595740,安地朶她古董匠人有限公司,臺北市大安區辛亥路1段70號1樓,陳大成,500000,,115/04/10,補繳規費,F401010 國際貿易業；F205040 家具、寢具、廚房器具、裝設品零售業；I105010 藝術品諮詢顧問業；J601010 藝文服務業；I199990 其他顧問服務業；I599990 其他設計業；I501010 產品設計業；IZ99990 其他工商服務業；JZ99030 攝影業；JB01010 會議及展覽服務業,臺北市,變更,11504
90595875,家護聯網生技股份有限公司,臺北市信義區基隆路1段155號7樓,林在宥,5000000,,115/04/29,特殊補正,F108031 醫療器材批發業；F208031 醫療器材零售業；F218010 資訊軟體零售業；F399040 無店面零售業；F399990 其他綜合零售業；F401010 國際貿易業；I301010 資訊軟體服務業；I301020 資料處理服務業；I301030 電子資訊供應服務業；I501010 產品設計業,臺北市,變更,11504
90602284,英捷投資股份有限公司,臺北市中山區民權西路20號7樓,吳英宗,66636600,,115/04/22,董事/監察人持股變動報備,H201010 一般投資業,臺北市,變更,11504
90602427,永利興實業有限公司,臺北市中正區館前路2號12樓,林志高,1000000,,115/04/14,特殊補正,F102030 菸酒批發業；F102170 食品什貨批發業；F104110 布疋、衣著、鞋、帽、傘、服飾品批發業；F105050 家具、寢具、廚房器具、裝設品批發業；F106010 五金批發業；F106020 日常用品批發業；F108040 化粧品批發業；F109070 文教、樂器、育樂用品批發業；F113020 電器批發業；F114010 汽車批發業,臺北市,變更,11504
90603137,沈氏貿易股份有限公司,臺北市松山區健康路327號2樓,沈瑋澤,1000000,,115/04/16,特殊補正,F102030 菸酒批發業；F102040 飲料批發業；F102170 食品什貨批發業；F104110 布疋、衣著、鞋、帽、傘、服飾品批發業；F105050 家具、寢具、廚房器具、裝設品批發業；F106010 五金批發業；F106020 日常用品批發業；F107030 清潔用品批發業；F108040 化粧品批發業；F109070 文教、樂器、育樂用品批發業,臺北市,變更,11504
90603381,宏庭幸福投資股份有限公司,臺北市松山區南京東路4段171號12樓之3,汪群凱,26446020,,115/04/21,修正章程,H201010 一般投資業；ZZ99999 除許可業務外，得經營法令非禁止或限制之業務,臺北市,變更,11504
90606211,五福國際有限公司,臺北市北投區大業路382號10樓,伍俊瑋,5100000,,115/04/28,公司所在地,F401010 國際貿易業；F108040 化粧品批發業；F208040 化粧品零售業；JZ99050 仲介服務業；JB01010 會議及展覽服務業；I103060 管理顧問業；I199990 其他顧問服務業；IZ99990 其他工商服務業；F399040 無店面零售業；F106010 五金批發業,臺北市,變更,11504
90607767,三川通證股份有限公司,臺北市松山區復興北路143號12樓,賴家賢,111000000,,115/04/21,特殊補正,I102010 投資顧問業；I301010 資訊軟體服務業；I301020 資料處理服務業；I301030 電子資訊供應服務業；I401010 一般廣告服務業；IE01010 電信業務門號代辦業；IG02010 研究發展服務業；IZ13010 網路認證服務業；IZ15010 市場研究及民意調查業；IZ99990 其他工商服務業,臺北市,變更,11504
90610550,威力聯合股份有限公司,臺北市大安區復興南路1段368之1號6樓,TAN SENG LEONG,1000000,,115/04/23,改派董事/監察人,E606010 用電設備檢驗維護業；F113010 機械批發業；F113020 電器批發業；F113030 精密儀器批發業；F113110 電池批發業；F213110 電池零售業；F213010 電器零售業；F113990 其他機械器具批發業；F213040 精密儀器零售業；F213990 其他機械器具零售業,臺北市,變更,11504
90611312,偉新國際有限公司,臺北市大安區忠孝東路4段250號11樓之1,鄭宗益,3000000,,115/04/07,特殊補正,F109070 文教、樂器、育樂用品批發業；F209060 文教、樂器、育樂用品零售業；F401010 國際貿易業；I301010 資訊軟體服務業；I301020 資料處理服務業；I401010 一般廣告服務業；I501010 產品設計業；I599990 其他設計業；IZ01010 影印業；IZ02010 打字業,臺北市,變更,11504
90611657,原來設計室內裝修有限公司,臺北市萬華區莒光路283巷3弄17號1樓,張憶如,800000,,115/04/09,特殊補正,E599010 配管工程業；E601010 電器承裝業；E601020 電器安裝業；E603010 電纜安裝工程業；E603020 電梯安裝工程業；E603040 消防安全設備安裝工程業；E603050 自動控制設備工程業；E603090 照明設備安裝工程業；E604010 機械安裝業；E605010 電腦設備安裝業,臺北市,變更,11504
90611761,爭戰科技股份有限公司,臺北市松山區民生東路3段128號7樓之2,葉旭昇,40000000,,115/04/13,特殊補正,CC01080 電子零組件製造業；E605010 電腦設備安裝業；F102170 食品什貨批發業；F104110 布疋、衣著、鞋、帽、傘、服飾品批發業；F106020 日常用品批發業；F106050 陶瓷玻璃器皿批發業；F108040 化粧品批發業；F113020 電器批發業；F113030 精密儀器批發業；F113050 電腦及事務性機器設備批發業,臺北市,變更,11504
90614916,立賀空調設備系統有限公司,臺北市士林區中山北路7段150號4樓,藍于意,1500000,,115/04/14,特殊補正,E599010 配管工程業；E601010 電器承裝業；E601020 電器安裝業；E801010 室內裝潢業；E801070 廚具、衛浴設備安裝工程業；F105050 家具、寢具、廚房器具、裝設品批發業；F106040 水器材料批發業；F113020 電器批發業；F113110 電池批發業；F205040 家具、寢具、廚房器具、裝設品零售業,臺北市,變更,11504
90615226,德宜數位有限公司,臺北市松山區復興北路201號7樓之3,劉宇田,100000,,115/04/09,股東出資轉讓修正章程,I301010 資訊軟體服務業；I301020 資料處理服務業；F118010 資訊軟體批發業；F218010 資訊軟體零售業；ZZ99999 除許可業務外，得經營法令非禁止或限制之業務,臺北市,變更,11504
90615871,禾亞數位科技股份有限公司,臺北市信義區松高路77號34樓之1,彭云嫻,200016660,,115/04/17,發行新股,I102010 投資顧問業；I301010 資訊軟體服務業；I301020 資料處理服務業；I301030 電子資訊供應服務業；I401010 一般廣告服務業；IE01010 電信業務門號代辦業；IG02010 研究發展服務業；IZ13010 網路認證服務業；IZ15010 市場研究及民意調查業；IZ99990 其他工商服務業,臺北市,變更,11504
90621108,新加坡商蓋茨工業新加坡有限公司,臺北市中山區中山北路二段96號10樓,LOW YEW CHONG,100000000,,115/04/20,改派在中華民國境內負責人變更登記,F106010 五金批發業；F109070 文教、樂器、育樂用品批發業；F113010 機械批發業；F113990 其他機械器具批發業；F114030 汽、機車零件配備批發業；F114040 自行車及其零件批發業；F114990 其他交通運輸工具及其零件批發業；F206010 五金零售業；F209060 文教、樂器、育樂用品零售業；F213080 機械器具零售業,臺北市,變更,11504
90624082,無著有物生活有限公司,臺北市大安區建國南路1段160號4樓,游坤義,100000,,115/04/01,公司名稱變更修正章程,F104110 布疋、衣著、鞋、帽、傘、服飾品批發業；F109070 文教、樂器、育樂用品批發業；F204110 布疋、衣著、鞋、帽、傘、服飾品零售業；F209060 文教、樂器、育樂用品零售業；F399040 無店面零售業；F401010 國際貿易業；I103060 管理顧問業；I199990 其他顧問服務業；I501010 產品設計業；J601010 藝文服務業,臺北市,變更,11504
90624175,妮波自由式股份有限公司,臺北市松山區民生東路3段130巷9號8樓,賴宇同,67000000,,115/04/23,董事/監察人持股變動報備,J401010 電影片製作業；J402010 電影片發行業；J503020 電視節目製作業；J503050 錄影節目帶業；F401010 國際貿易業；F601010 智慧財產權業；I301010 資訊軟體服務業；I301020 資料處理服務業；I301030 電子資訊供應服務業；I401010 一般廣告服務業,臺北市,變更,11504
90633391,聖哲國際管理顧問有限公司,臺北市中正區中山北路1段2號4樓之3,巫泰德,1400000,,115/04/21,特殊補正,I103060 管理顧問業；J202010 產業育成業；J304010 圖書出版業；J305010 有聲出版業；I301010 資訊軟體服務業；I301020 資料處理服務業；I301030 電子資訊供應服務業；IZ13010 網路認證服務業；IZ09010 管理系統驗證業；JB01010 會議及展覽服務業,臺北市,變更,11504
90633478,台灣奧雅納工程顧問有限公司,臺北市信義區松高路1號4樓之1,羅志堅,35000000,,115/04/13,特殊補正,E502010 燃料導管安裝工程業；E599010 配管工程業；E603010 電纜安裝工程業；E603020 電梯安裝工程業；E603040 消防安全設備安裝工程業；E603050 自動控制設備工程業；E603090 照明設備安裝工程業；E801030 室內輕鋼架工程業；E801040 玻璃安裝工程業；E801070 廚具、衛浴設備安裝工程業,臺北市,變更,11504
90633553,莫禾室內裝修有限公司,臺北市松山區敦化南路1段5號5樓,牛梵芸,3000000,,115/04/09,特殊補正,E801010 室內裝潢業；E801060 室內裝修業；F106010 五金批發業；F111090 建材批發業；F113020 電器批發業；F401010 國際貿易業；ZZ99999 除許可業務外，得經營法令非禁止或限制之業務,臺北市,變更,11504
90633955,獨創網紅形象有限公司,臺北市中正區重慶南路1段57號10樓之17,劉沛虹,1000000,,115/04/16,特殊補正,ZZ99999 除許可業務外，得經營法令非禁止或限制之業務；J303010 雜誌（期刊）出版業；J304010 圖書出版業；J305010 有聲出版業；J399010 軟體出版業；J399990 其他出版業；J601010 藝文服務業；I103060 管理顧問業；I199990 其他顧問服務業；I301010 資訊軟體服務業,臺北市,變更,11504
90635807,東海木儲能股份有限公司,臺北市中山區松江路126號3樓之2,Verajet Vongkusolkit,51900000,,115/04/02,改派董事/監察人,D101060 再生能源自用發電設備業；E599010 配管工程業；E601010 電器承裝業；E601020 電器安裝業；E603050 自動控制設備工程業；E606010 用電設備檢驗維護業；E607010 太陽熱能設備安裝工程業；EZ99990 其他工程業；IG03010 能源技術服務業；ZZ99999 除許可業務外，得經營法令非禁止或限制之業務,臺北市,變更,11504
90639563,翰晨管顧科技股份有限公司,臺北市中山區林森北路258號4樓,葉旻冠,1000000,,115/04/14,特殊補正,I102010 一般投資顧問業；I103060 管理顧問業；I199990 其他顧問服務業；I301010 資訊軟體服務業；I301020 資料處理服務業；I301030 電子資訊供應服務業；I401010 一般廣告服務業；I501010 產品設計業；J202010 產業育成業；ZZ99999 除許可業務外，得經營法令非禁止或限制之業務,臺北市,變更,11504
90640267,英商速擊資訊股份有限公司,臺北市大安區敦化南路2段97號2樓,Matthew Tchung-Chie Shiu,33000000,,115/04/16,改派在中華民國境內負責人變更登記,I301010 資訊軟體服務業；I301030 電子資訊供應服務業；ZZ99999 除許可業務外，得經營法令非禁止或限制之業務,臺北市,變更,11504
90646972,若水企業有限公司,臺北市中山區長春路124號6樓,呂國豪,2000000,,115/04/14,增資,I501010 產品設計業；I401010 一般廣告服務業；F102040 飲料批發業；F102170 食品什貨批發業；F104110 布疋、衣著、鞋、帽、傘、服飾品批發業；F105050 家具、寢具、廚房器具、裝設品批發業；F106010 五金批發業；F106020 日常用品批發業；F106050 陶瓷玻璃器皿批發業；F113020 電器批發業,臺北市,變更,11504
90648177,默嵐股份有限公司,臺北市信義區基隆路1段155號5樓之7,黃俊弘,18800000,,115/04/02,補繳規費,H201010 一般投資業；H202010 創業投資業；I102010 投資顧問業；ZZ99999 除許可業務外，得經營法令非禁止或限制之業務,臺北市,變更,11504
90648676,金耀雲新創科技股份有限公司,臺北市中正區杭州南路1段6巷22之1號1樓,,1000000,,115/04/08,解散,I301010 資訊軟體服務業；I301020 資料處理服務業；I301030 電子資訊供應服務業；F601010 智慧財產權業；I501010 產品設計業；F218010 資訊軟體零售業；I401010 一般廣告服務業；J399010 軟體出版業；JA02010 電器及電子產品修理業；F118010 資訊軟體批發業,臺北市,變更,11504
90650222,愛仁股份有限公司,臺北市大安區信義路4段1號2樓,張乃文,2068125,,115/04/20,特殊補正,F102170 食品什貨批發業；F103010 飼料批發業；F106020 日常用品批發業；F106030 模具批發業；F106060 寵物食品及其用品批發業；F107030 清潔用品批發業；F107040 農藥批發業；F107050 肥料批發業；F107070 動物用藥品批發業；F107080 環境用藥批發業,臺北市,變更,11504
90655275,全能科技有限公司,臺北市松山區光復北路11巷44號7樓,SOH MAN WAI,993322,,115/04/30,特殊補正,I301010 資訊軟體服務業；E603050 自動控制設備工程業；E605010 電腦設備安裝業；EZ05010 儀器、儀表安裝工程業；JA02010 電器及電子產品修理業；ZZ99999 除許可業務外，得經營法令非禁止或限制之業務,臺北市,變更,11504
90656422,威旭數據科技股份有限公司,臺北市中山區南京東路3段63號8樓,張希寧,235632060,,115/04/30,董事(常務董事.董事長)/監察人解任,F106010 五金批發業；F109070 文教、樂器、育樂用品批發業；F113020 電器批發業；F113050 電腦及事務性機器設備批發業；F113070 電信器材批發業；F118010 資訊軟體批發業；F206010 五金零售業；F209060 文教、樂器、育樂用品零售業；F213030 電腦及事務性機器設備零售業；F213060 電信器材零售業,臺北市,變更,11504
90664675,星冉股份有限公司,臺北市內湖區民權東路6段123巷14號6樓之2,戴妍曦,7200000,,115/04/22,特殊補正,F401010 國際貿易業；I501010 產品設計業；I401010 一般廣告服務業；IZ15010 市場研究及民意調查業；J202010 產業育成業；CC01080 電子零組件製造業；F113010 機械批發業；F113020 電器批發業；F113030 精密儀器批發業；F113050 電腦及事務性機器設備批發業,臺北市,變更,11504
90664844,麒逸網路科技股份有限公司,臺北市中山區民生東路3段28號1樓,黃麒瑾,1000000,,115/04/15,公司印鑑變更,F401010 國際貿易業；I103060 管理顧問業；I401010 一般廣告服務業；J601010 藝文服務業；J602010 演藝活動業；JB01010 會議及展覽服務業；ZZ99999 除許可業務外，得經營法令非禁止或限制之業務,臺北市,變更,11504
90667531,創新宇宙股份有限公司,臺北市中山區民生東路三段2號7樓,紀富元,3800010000,,115/04/28,補繳規費,H703100 不動產租賃業；H703090 不動產買賣業；ZZ99999 除許可業務外，得經營法令非禁止或限制之業務,臺北市,變更,11504
90668665,未來星影劇股份有限公司,臺北市大安區復興南路2段292號6樓,賴珍琳,1800000,,115/04/15,改選董事/監察人(一人法人股東指派董事/監察人),J303010 雜誌（期刊）出版業；J304010 圖書出版業；J305010 有聲出版業；J401010 電影片製作業；J402010 電影片發行業；J503010 廣播節目製作業；J503020 電視節目製作業；J503030 廣播電視節目發行業；J601010 藝文服務業；J602010 演藝活動業,臺北市,變更,11504
90668829,美好創新股份有限公司,臺北市中山區民生東路三段2號7樓,王貞海,4000000000,,115/04/28,補繳規費,H201010 一般投資業；I102010 投資顧問業；I103060 管理顧問業；ZZ99999 除許可業務外，得經營法令非禁止或限制之業務,臺北市,變更,11504
90669073,仲酣股份有限公司,臺北市中山區松江路369號7樓,廖宜鍵,35000000,,115/04/02,改選董事/監察人(一人法人股東指派董事/監察人),F102030 菸酒批發業；F203020 菸酒零售業；F401010 國際貿易業；F401171 酒類輸入業；F501030 飲料店業；F501050 飲酒店業；F501060 餐館業；ZZ99999 除許可業務外，得經營法令非禁止或限制之業務,臺北市,變更,11504
90669117,台欣智能科技有限公司,臺北市松山區南京東路5段123巷1弄22號3樓,朱茂林,230000,,115/04/29,特殊補正,I501010 產品設計業；F401010 國際貿易業；ZZ99999 除許可業務外，得經營法令非禁止或限制之業務,臺北市,變更,11504
90672921,盛群儲能科技股份有限公司,臺北市中山區松江路126號3樓之2,Verajet Vongkusolkit,166320000,,115/04/20,改派董事/監察人,CB01010 機械設備製造業；CB01990 其他機械製造業；CC01010 發電、輸電、配電機械製造業；CC01030 電器及視聽電子產品製造業；CC01080 電子零組件製造業；CC01090 電池製造業；CD01990 其他運輸工具及其零件製造業；D101060 再生能源自用發電設備業；E601010 電器承裝業；E601020 電器安裝業,臺北市,變更,11504
90673962,合昕投資股份有限公司,臺北市信義區松德路133巷48號,張忠輝,29000000,,115/04/29,申登機關變更（遷入，含卷）,H201010 一般投資業,臺北市,變更,11504
90680014,賦能港科技股份有限公司,臺北市信義區光復南路565號2樓,陳朔晏,48489560,,115/04/20,特殊補正,I301010 資訊軟體服務業；I501010 產品設計業；F401010 國際貿易業；F601010 智慧財產權業；ZZ99999 除許可業務外，得經營法令非禁止或限制之業務；I301020 資料處理服務業；I301030 電子資訊供應服務業；I401010 一般廣告服務業,臺北市,變更,11504
90683321,百宏能源有限公司,臺北市中山區建國北路3段92號4樓,林宗樺,3000000,,115/04/27,補繳規費,A301030 水產養殖業；D101060 再生能源自用發電設備業；E601010 電器承裝業；F101050 水產品批發業；F113110 電池批發業；F119010 電子材料批發業；F401010 國際貿易業；I301010 資訊軟體服務業；IG03010 能源技術服務業；ZZ99999 除許可業務外，得經營法令非禁止或限制之業務,臺北市,變更,11504
90683618,鑄毅科技有限公司,臺北市中正區忠孝東路1段152號12樓之5,馬瑄胤,200000,,115/04/30,申登機關變更（遷入，含卷）,F106030 模具批發業；F107190 塑膠膜、袋批發業；F109070 文教、樂器、育樂用品批發業；F119010 電子材料批發業；F199010 回收物料批發業；F399040 無店面零售業；F401010 國際貿易業；ZZ99999 除許可業務外，得經營法令非禁止或限制之業務,臺北市,變更,11504
90685355,赫利摩爾有限公司,臺北市中正區中華路1段7號6樓之8,邱偉哲,500000,,115/04/08,股東出資轉讓修正章程,F215010 首飾及貴金屬零售業；F215020 礦石零售業；F206060 祭祀用品零售業；F207990 其他化學製品零售業；F399040 無店面零售業；F401010 國際貿易業；ZZ99999 除許可業務外，得經營法令非禁止或限制之業務,臺北市,變更,11504
90687608,明健聯合股份有限公司,臺北市松山區民生東路5段69巷15號1樓,卓威明,9380000,,115/04/20,特殊補正,F102170 食品什貨批發業；F108031 醫療器材批發業；F113010 機械批發業；F113030 精密儀器批發業；F208031 醫療器材零售業；F399040 無店面零售業；F401010 國際貿易業；I199990 其他顧問服務業；IG01010 生物技術服務業；IG02010 研究發展服務業,臺北市,變更,11504
90692010,埕珈室內裝修設計有限公司,臺北市信義區忠孝東路5段482號9樓,蕭士埕,300000,,115/04/21,補繳規費,E801010 室內裝潢業；E801060 室內裝修業；I501010 產品設計業；I503010 景觀、室內設計業；I199990 其他顧問服務業；J101050 環境檢測服務業；ZZ99999 除許可業務外，得經營法令非禁止或限制之業務,臺北市,變更,11504
90699800,翔宇國際運通有限公司,臺北市松山區八德路3段164號10樓之3,劉逸華,7500000,,115/04/16,公司所在地,G402011 海運承攬運送業；G601011 航空貨運承攬業；G801010 倉儲業；F401010 國際貿易業；IZ06010 理貨包裝業；ZZ99999 除許可業務外，得經營法令非禁止或限制之業務,臺北市,變更,11504
90700530,圓福投資股份有限公司,臺北市大安區忠孝東路4段285號14樓之1,劉樺瑩,500000,,115/04/28,特殊補正,H703090 不動產買賣業；H703100 不動產租賃業；H701010 住宅及大樓開發租售業；H701020 工業廠房開發租售業；H201010 一般投資業；H202010 創業投資業；F401010 國際貿易業；ZZ99999 除許可業務外，得經營法令非禁止或限制之業務,臺北市,變更,11504
90701334,泰美斯法學雜誌股份有限公司,臺北市中正區開封街1段37號14樓,林坤賢,17000000,,115/04/28,特殊補正,J303010 雜誌（期刊）出版業；J304010 圖書出版業；J305010 有聲出版業；J503050 錄影節目帶業；F109070 文教、樂器、育樂用品批發業；F209060 文教、樂器、育樂用品零售業；F113050 電腦及事務性機器設備批發業；F213030 電腦及事務性機器設備零售業；F118010 資訊軟體批發業；F218010 資訊軟體零售業,臺北市,變更,11504
90704439,艾斯特拉旺股份有限公司,臺北市信義區吳興街600巷108號2樓,何青芬,3000000,,115/04/15,特殊補正,F201010 農產品零售業；F201020 畜產品零售業；F201030 水產品零售業；F201050 漁具零售業；F201070 花卉零售業；F201990 其他農畜水產品零售業；F202010 飼料零售業；F203010 食品什貨、飲料零售業；F204110 布疋、衣著、鞋、帽、傘、服飾品零售業；F205040 家具、寢具、廚房器具、裝設品零售業,臺北市,變更,11504
90706886,晉心股份有限公司,臺北市松山區復興北路375號地下1樓,郭伩燻,1500000,,115/04/13,特殊補正,F101990 其他農、畜、水產品批發業；F102030 菸酒批發業；F102040 飲料批發業；F102170 食品什貨批發業；F103010 飼料批發業；F106060 寵物食品及其用品批發業；F106010 五金批發業；F106020 日常用品批發業；F105050 家具、寢具、廚房器具、裝設品批發業；F107030 清潔用品批發業,臺北市,變更,11504
90710988,拾弎向室內裝修有限公司,臺北市萬華區萬大路424巷176號,徐宸峰,1100000,,115/04/20,特殊補正,ZZ99999 除許可業務外，得經營法令非禁止或限制之業務；E801010 室內裝潢業；E801060 室內裝修業；F105050 家具、寢具、廚房器具、裝設品批發業；F107010 漆料、塗料批發業；F111090 建材批發業；F205040 家具、寢具、廚房器具、裝設品零售業；F207010 漆料、塗料零售業；F211010 建材零售業；F401010 國際貿易業,臺北市,變更,11504
90712655,但以理國際有限公司,臺北市中正區重慶南路1段57號10樓之17,黃廷軒,2200000,,115/04/24,特殊補正,F113030 精密儀器批發業；F108031 醫療器材批發業；F118010 資訊軟體批發業；F113020 電器批發業；F208031 醫療器材零售業；F218010 資訊軟體零售業；F399040 無店面零售業；F401010 國際貿易業；ZZ99999 除許可業務外，得經營法令非禁止或限制之業務,臺北市,變更,11504
90712775,普瑞默生物科技股份有限公司,臺北市松山區敦化北路167號7樓,葉肇元,584760228,,115/04/23,一般補正案,ZZ99999 除許可業務外，得經營法令非禁止或限制之業務；IG01010 生物技術服務業；IG02010 研究發展服務業；F107200 化學原料批發業；F213040 精密儀器零售業；IZ99990 其他工商服務業；F213030 電腦及事務性機器設備零售業；F218010 資訊軟體零售業；F219010 電子材料零售業；F401010 國際貿易業,臺北市,變更,11504
90716890,韓商三星物產營造股份有限公司,臺北市松山區敦化北路167號5樓,金妡映,3117310000,,115/04/08,本公司董事及其他負責人變更,E101011 綜合營造業；E604010 機械安裝業；F401010 國際貿易業,臺北市,變更,11504
90724456,善惟誠管理顧問有限公司,臺北市中正區金山北路1號5樓之7,康育誠,30000,,115/04/14,特殊補正,E605010 電腦設備安裝業；H701010 住宅及大樓開發租售業；I102010 投資顧問業；I103060 管理顧問業；I301010 資訊軟體服務業；I301020 資料處理服務業；I301030 電子資訊供應服務業；IZ12010 人力派遣業；IZ99990 其他工商服務業；I199990 其他顧問服務業,臺北市,變更,11504
90749180,御皇國際有限公司,臺北市大安區永康街14巷3號1樓,黃郁傑,20000000,,115/04/13,增資,C103050 罐頭、冷凍、脫水及醃漬食品製造業；C104020 烘焙炊蒸食品製造業；C105010 食用油脂製造業；C109010 調味品製造業；C114010 食品添加物製造業；C199010 麵條、粉條類食品製造業；C199990 未分類其他食品製造業；F102040 飲料批發業；F102030 菸酒批發業；F501060 餐館業,臺北市,變更,11504
90761584,台亞和國際股份有限公司,臺北市大安區忠孝東路4段183號13樓之2,王泓文,2100000,,115/04/13,公司所在地,F106020 日常用品批發業；F107200 化學原料批發業；F199990 其他批發業；F203010 食品什貨、飲料零售業；F206020 日常用品零售業；F207030 清潔用品零售業；F207200 化學原料零售業；F207990 其他化學製品零售業；F208040 化粧品零售業；F209060 文教、樂器、育樂用品零售業,臺北市,變更,11504
90761846,雙盛數位股份有限公司,臺北市信義區忠孝東路5段1號2樓,高治華,2000000,,115/04/09,特殊補正,H201010 一般投資業；I103060 管理顧問業；I301030 電子資訊供應服務業；I301010 資訊軟體服務業；I301020 資料處理服務業；IZ99990 其他工商服務業；I401010 一般廣告服務業；ZZ99999 除許可業務外，得經營法令非禁止或限制之業務,臺北市,變更,11504
90763443,東方鋼鋁有限公司,臺北市信義區松德路161號13樓之2,林玉婷,1000000,,115/04/29,特殊補正,F106010 五金批發業；F206010 五金零售業；F111090 建材批發業；F211010 建材零售業；F113020 電器批發業；F213010 電器零售業；F119010 電子材料批發業；F219010 電子材料零售業；F113030 精密儀器批發業；F213040 精密儀器零售業,臺北市,變更,11504
90763942,賽搏國際貿易有限公司,臺北市信義區松仁路100號34樓,陳安生,700000,,115/04/07,特殊補正,F104110 布疋、衣著、鞋、帽、傘、服飾品批發業；F204110 布疋、衣著、鞋、帽、傘、服飾品零售業；F115010 首飾及貴金屬批發業；F215010 首飾及貴金屬零售業；F399040 無店面零售業；F401010 國際貿易業；ZZ99999 除許可業務外，得經營法令非禁止或限制之業務,臺北市,變更,11504
90766130,峰易投資股份有限公司,臺北市萬華區桂林路109號8樓之2,王永濬,42000000,,115/04/21,董事(常務董事.董事長)/監察人解任,H201010 一般投資業,臺北市,變更,11504
90769306,祥鷹營造有限公司,臺北市信義區基隆路1段155號13樓之5,賴建宏,3600000,,115/04/01,特殊補正,E101011 綜合營造業；E801010 室內裝潢業；H701010 住宅及大樓開發租售業；H703090 不動產買賣業；I503010 景觀、室內設計業；ZZ99999 除許可業務外，得經營法令非禁止或限制之業務,臺北市,變更,11504
90770084,晨暉資產股份有限公司,臺北市松山區復興北路361巷14號1樓,邱裕荃,85500000,,115/04/29,發行新股,H703090 不動產買賣業；JZ99050 仲介服務業；H703100 不動產租賃業；F104110 布疋、衣著、鞋、帽、傘、服飾品批發業；F106020 日常用品批發業；F108040 化粧品批發業；F109070 文教、樂器、育樂用品批發業；F204110 布疋、衣著、鞋、帽、傘、服飾品零售業；F206020 日常用品零售業；F208040 化粧品零售業,臺北市,變更,11504
90770232,媽祖林股份有限公司,臺北市內湖區內湖路1段98號5樓,宣昶有,1000000,,115/04/08,公司所在地,F102170 食品什貨批發業；F106020 日常用品批發業；F203010 食品什貨、飲料零售業；F206020 日常用品零售業；F401010 國際貿易業；I101090 食品顧問業；IG01010 生物技術服務業；ZZ99999 除許可業務外，得經營法令非禁止或限制之業務,臺北市,變更,11504
90777501,屋媞室內裝修有限公司,臺北市中山區南京東路1段15號3樓,雷巧華,3000000,,115/04/02,特殊補正,F105050 家具、寢具、廚房器具、裝設品批發業；F205040 家具、寢具、廚房器具、裝設品零售業；F113010 機械批發業；F213080 機械器具零售業；F106010 五金批發業；F206010 五金零售業；F111090 建材批發業；F211010 建材零售業；F113020 電器批發業；F213010 電器零售業,臺北市,變更,11504
90805295,樂活學區文創有限公司,臺北市士林區忠誠路2段118巷11弄8號1樓,謝明霖,1000000,,115/04/21,公司所在地,J601010 藝文服務業；F102030 菸酒批發業；F102040 飲料批發業；F102170 食品什貨批發業；F106020 日常用品批發業；F109070 文教、樂器、育樂用品批發業；F203010 食品什貨、飲料零售業；F203020 菸酒零售業；F204110 布疋、衣著、鞋、帽、傘、服飾品零售業；F206020 日常用品零售業,臺北市,變更,11504
90805915,慕翼股份有限公司,臺北市大安區大安路2段124號,羅邦,10200000,,115/04/30,增資(資本總額),F399040 無店面零售業；F204110 布疋、衣著、鞋、帽、傘、服飾品零售業；F205040 家具、寢具、廚房器具、裝設品零售業；F206020 日常用品零售業；F208040 化粧品零售業；F209060 文教、樂器、育樂用品零售業；F215010 首飾及貴金屬零售業；F207030 清潔用品零售業；ZZ99999 除許可業務外，得經營法令非禁止或限制之業務；I501010 產品設計業,臺北市,變更,11504
90816188,汎楉有限公司,臺北市內湖區新明路343號8樓,鍾佳妏,300000,,115/04/15,特殊補正,F104110 布疋、衣著、鞋、帽、傘、服飾品批發業；F208040 化粧品零售業；F399040 無店面零售業；F401010 國際貿易業；I103060 管理顧問業；I199990 其他顧問服務業；I501010 產品設計業；I599990 其他設計業；JZ99080 美容美髮服務業；JZ99990 未分類其他服務業,臺北市,變更,11504
90816336,青航潔能股份有限公司,臺北市士林區中山北路5段500號7樓,Brad Andrew Kirkland,44000000,,115/04/16,補繳規費,CD01010 船舶及其零件製造業；E401010 疏濬業；E402010 沙石、淤泥海拋業；E903010 防蝕、防銹工程業；EZ02010 起重工程業；EZ99990 其他工程業；F114060 船舶及其零件批發業；F214060 船舶及其零件零售業；F399020 商港區船舶船員日用品供應業；F401010 國際貿易業,臺北市,變更,11504
90817139,在在創意設計有限公司,臺北市信義區信義路4段415號14樓之1,李姍,1000000,,115/04/17,公司所在地,I105010 藝術品諮詢顧問業；I199990 其他顧問服務業；I401010 一般廣告服務業；I501010 產品設計業；I503010 景觀、室內設計業；I504010 花藝設計業；I599990 其他設計業；JZ99030 攝影業；F401010 國際貿易業；F205040 家具、寢具、廚房器具、裝設品零售業,臺北市,變更,11504
90818539,睿星投資有限公司,臺北市中山區松江路200號3樓之2,黃品珊,1980000,,115/04/22,減資,H201010 一般投資業；H703090 不動產買賣業；H703100 不動產租賃業；ZZ99999 除許可業務外，得經營法令非禁止或限制之業務,臺北市,變更,11504
90823054,誠睿電力股份有限公司,臺北市中山區松江路220號4樓之2,陳膺仁,72500000,,115/04/14,特殊補正,C803990 其他石油及煤製品製造業；CC01010 發電、輸電、配電機械製造業；D401010 熱能供應業；E604010 機械安裝業；E605010 電腦設備安裝業；E601010 電器承裝業；EZ05010 儀器、儀表安裝工程業；F113030 精密儀器批發業；F401010 國際貿易業；F119010 電子材料批發業,臺北市,變更,11504
90823929,適優生技顧問有限公司,臺北市大安區光復南路72巷73號2樓,王蕙鈴,100000,,115/04/02,股東出資轉讓修正章程,F401010 國際貿易業；J202010 產業育成業；I103060 管理顧問業；IZ12010 人力派遣業；I301020 資料處理服務業；I301030 電子資訊供應服務業；I199990 其他顧問服務業；IG01010 生物技術服務業；IG02010 研究發展服務業；IZ15010 市場研究及民意調查業,臺北市,變更,11504
90824238,趨勢不動產股份有限公司,臺北市大安區敦化南路2段59號5樓之1,辜俊豪,200000,,115/04/07,董事長印鑑變更,J601010 藝文服務業；J602010 演藝活動業；I401010 一般廣告服務業；F401010 國際貿易業；I199990 其他顧問服務業；F399040 無店面零售業；J799990 其他休閒服務業；J802010 運動訓練業；J803010 運動表演業；J803020 運動比賽業,臺北市,變更,11504
90829254,科林資訊有限公司,臺北市大安區忠孝東路4段183號13樓之2,張竑毅,2000000,,115/04/20,特殊補正,F118010 資訊軟體批發業；F218010 資訊軟體零售業；F601010 智慧財產權業；I102010 投資顧問業；I103060 管理顧問業；I105010 藝術品諮詢顧問業；I301010 資訊軟體服務業；I301020 資料處理服務業；I301030 電子資訊供應服務業；E605010 電腦設備安裝業,臺北市,變更,11504
90832574,穎諾科技股份有限公司,臺北市信義區基隆路1段206號18樓,許志明,4000000,,115/04/01,票據兌現/他機關函復/補正,CC01110 電腦及其週邊設備製造業；E605010 電腦設備安裝業；E604010 機械安裝業；F118010 資訊軟體批發業；F299990 其他零售業；F401010 國際貿易業；F213030 電腦及事務性機器設備零售業；F218010 資訊軟體零售業；I103060 管理顧問業；I301010 資訊軟體服務業,臺北市,變更,11504
90833291,兆崧投資有限公司,臺北市大安區和平東路1段180號9樓,林建志,120000000,,115/04/28,補繳規費,H201010 一般投資業；H703100 不動產租賃業；H703090 不動產買賣業；H701010 住宅及大樓開發租售業；H701020 工業廠房開發租售業；F401010 國際貿易業；I102010 投資顧問業；J101010 建築物清潔服務業；J601010 藝文服務業；ZZ99999 除許可業務外，得經營法令非禁止或限制之業務,臺北市,變更,11504
90833428,司必達有限公司,臺北市大安區信義路3段106號8樓之5,侯怡如,300000,,115/04/28,公司所在地,I103060 管理顧問業；I199990 其他顧問服務業；IZ06010 理貨包裝業；IZ99990 其他工商服務業；JZ99050 仲介服務業；G799990 其他運輸輔助業；I301010 資訊軟體服務業；I301020 資料處理服務業；I301030 電子資訊供應服務業；IZ01010 影印業,臺北市,變更,11504
90834209,澄鉅國際有限公司,臺北市大安區忠孝東路4段311號6樓之1,陳燕綾,1000000,,115/04/07,公司所營事業變更修正章程,CA01990 其他非鐵金屬基本工業；CA02080 金屬鍛造業；CA02990 其他金屬製品製造業；CA04010 表面處理業；CB01010 機械設備製造業；F113010 機械批發業；F213080 機械器具零售業；CC01080 電子零組件製造業；F119010 電子材料批發業；F219010 電子材料零售業,臺北市,變更,11504
90834263,條條大祿有限公司,臺北市大同區民權西路136號13樓之11,張家榞,1000000,,115/04/01,特殊補正,F102040 飲料批發業；F106020 日常用品批發業；F107030 清潔用品批發業；F102170 食品什貨批發業；F203010 食品什貨、飲料零售業；F108040 化粧品批發業；F201010 農產品零售業；F204110 布疋、衣著、鞋、帽、傘、服飾品零售業；F205040 家具、寢具、廚房器具、裝設品零售業；F206020 日常用品零售業,臺北市,變更,11504
90837135,台灣伽瑪移動數位股份有限公司,臺北市大安區羅斯福路3段29號6樓,黃繼德,201000000,,115/04/09,特殊補正,F113050 電腦及事務性機器設備批發業；F213030 電腦及事務性機器設備零售業；F109070 文教、樂器、育樂用品批發業；F209060 文教、樂器、育樂用品零售業；I301010 資訊軟體服務業；F118010 資訊軟體批發業；F218010 資訊軟體零售業；I301020 資料處理服務業；I301030 電子資訊供應服務業；E605010 電腦設備安裝業,臺北市,變更,11504
90837424,臺灣投緣第一品牌股份有限公司,臺北市信義區基隆路1段176號13樓,潘俊宏,17052457,,115/04/15,特殊補正,H201010 一般投資業；ZZ99999 除許可業務外，得經營法令非禁止或限制之業務,臺北市,變更,11504
90837698,神采美容護膚產品有限公司,臺北市大同區民權西路237之1號9樓之1,關銦嫻,6000000,,115/04/02,特殊補正,F208040 化粧品零售業；F401010 國際貿易業；JZ99110 瘦身美容業；JZ99080 美容美髮服務業,臺北市,變更,11504
90840429,意霖管理顧問有限公司,臺北市文山區羅斯福路6段146號10樓之6,張楨艷,10000000,,115/04/29,申登機關變更（遷入，含卷）,I103060 管理顧問業；I199990 其他顧問服務業；H201010 一般投資業；I301020 資料處理服務業；I102010 投資顧問業,臺北市,變更,11504
90841709,誠璞實業有限公司,臺北市大同區市民大道1段211號8樓之13,林立翰,3000000,,115/04/20,特殊補正,F401010 國際貿易業；F101990 其他農、畜、水產品批發業；F102170 食品什貨批發業；F201010 農產品零售業；F203010 食品什貨、飲料零售業；F108040 化粧品批發業；F208040 化粧品零售業；F399040 無店面零售業；ZZ99999 除許可業務外，得經營法令非禁止或限制之業務,臺北市,變更,11504
90842221,耳目音樂有限公司,臺北市中正區重慶南路3段23號3樓,蔡易達,200000,,115/04/01,特殊補正,I301010 資訊軟體服務業；I301020 資料處理服務業；J305010 有聲出版業；J399010 軟體出版業；J399990 其他出版業；J601010 藝文服務業；J602010 演藝活動業；J603010 音樂展演空間業；JB01010 會議及展覽服務業；I103060 管理顧問業,臺北市,變更,11504
90843220,續興股份有限公司,臺北市中正區杭州南路1段19號11樓,陳振乾,150000000,,115/04/29,特殊補正,I199990 其他顧問服務業；I301020 資料處理服務業；I301030 電子資訊供應服務業；IG03010 能源技術服務業；IZ15010 市場研究及民意調查業；IZ99990 其他工商服務業；D101091 再生能源售電業；ZZ99999 除許可業務外，得經營法令非禁止或限制之業務,臺北市,變更,11504
90849688,笙笑有限公司,臺北市松山區南京東路4段53巷10弄1號1樓,林子淇,4000000,,115/04/20,特殊補正,F215010 首飾及貴金屬零售業；ZZ99999 除許可業務外，得經營法令非禁止或限制之業務；F102170 食品什貨批發業；F203010 食品什貨、飲料零售業；F399990 其他綜合零售業；F401010 國際貿易業；F501060 餐館業；F104110 布疋、衣著、鞋、帽、傘、服飾品批發業；F106020 日常用品批發業；F109070 文教、樂器、育樂用品批發業,臺北市,變更,11504
90849857,國賓物業公寓大廈管理維護股份有限公司,臺北市中山區中山北路2段65巷9號2樓,劉玉辰,10000000,,115/04/10,改派董事/監察人,F203010 食品什貨、飲料零售業；F401010 國際貿易業；F501030 飲料店業；F501060 餐館業；G202010 停車場經營業；H701010 住宅及大樓開發租售業；H701040 特定專業區開發業；H701060 新市鎮、新社區開發業；H703090 不動產買賣業；H703100 不動產租賃業,臺北市,變更,11504
90850609,莉恩有限公司,臺北市大安區忠孝東路4段169號6樓之1,古清順,250000,,115/04/30,特殊補正,F208040 化粧品零售業；F207030 清潔用品零售業；F108040 化粧品批發業；F107030 清潔用品批發業；F106020 日常用品批發業；ZZ99999 除許可業務外，得經營法令非禁止或限制之業務；CC01030 電器及視聽電子產品製造業；F113020 電器批發業；F401010 國際貿易業；F105050 家具、寢具、廚房器具、裝設品批發業,臺北市,變更,11504
90852851,崇茂企業有限公司,臺北市北投區中央北路4段515巷46號1樓,何正隆,3000000,,115/04/01,特殊補正,F113020 電器批發業；F213010 電器零售業；F111090 建材批發業；F211010 建材零售業；E599010 配管工程業；E601010 電器承裝業；E601020 電器安裝業；EZ99990 其他工程業；F299990 其他零售業；JA02010 電器及電子產品修理業,臺北市,變更,11504
90867329,是日創意文化有限公司,臺北市大安區忠孝東路4段183號13樓之2,蘇世豪,1000000,,115/04/28,特殊補正,F209060 文教、樂器、育樂用品零售業；F218010 資訊軟體零售業；F401010 國際貿易業；F601010 智慧財產權業；I103060 管理顧問業；I301010 資訊軟體服務業；I301020 資料處理服務業；I301030 電子資訊供應服務業；I401010 一般廣告服務業；I501010 產品設計業,臺北市,變更,11504
90867355,捷希創意有限公司,臺北市北投區中央南路2段32號4樓,張玉婷,100000,,115/04/30,公司所在地,F106020 日常用品批發業；F106050 陶瓷玻璃器皿批發業；F401010 國際貿易業；CO01010 餐具製造業；ZZ99999 除許可業務外，得經營法令非禁止或限制之業務,臺北市,變更,11504
90871837,卓見永續群策分析有限公司,臺北市大安區信義路4段188號6樓之5,鍾文彬,10000000,,115/04/01,特殊補正,I101070 農、林、漁、畜牧顧問業；I101080 工、礦顧問業；I101090 食品顧問業；I101100 航空顧問業；I101110 紡織顧問業；I101120 造船顧問業；I102010 投資顧問業；I103060 管理顧問業；I199990 其他顧問服務業；I301010 資訊軟體服務業,臺北市,變更,11504
90874692,偉奧國際有限公司,臺北市松山區民權東路3段144號10樓之2,胡格華,500000,,115/04/10,特殊補正,IF04010 非破壞檢測業；F111090 建材批發業；F211010 建材零售業；F401010 國際貿易業；F218010 資訊軟體零售業；F118010 資訊軟體批發業；I301020 資料處理服務業；I301010 資訊軟體服務業；I301030 電子資訊供應服務業；ZZ99999 除許可業務外，得經營法令非禁止或限制之業務,臺北市,變更,11504
90874996,大林寶投資股份有限公司,臺北市中正區忠孝西路1段66號45樓,李景山,33020000,,115/04/22,公司所在地,H201010 一般投資業；H202010 創業投資業；H701010 住宅及大樓開發租售業；HZ99990 其他金融、保險及不動產業；ZZ99999 除許可業務外，得經營法令非禁止或限制之業務,臺北市,變更,11504
90877065,瀨旺旺股份有限公司,臺北市大安區忠孝東路4段183號13樓之2,潘愉潔,1000000,,115/04/27,特殊補正,F118010 資訊軟體批發業；I301010 資訊軟體服務業；F102040 飲料批發業；F102050 茶葉批發業；F102170 食品什貨批發業；F104110 布疋、衣著、鞋、帽、傘、服飾品批發業；F105050 家具、寢具、廚房器具、裝設品批發業；F106060 寵物食品及其用品批發業；F106070 祭祀用品批發業；F107030 清潔用品批發業,臺北市,變更,11504
90881835,銀展創藝股份有限公司,臺北市南港區重陽路202號7樓,謝適鴻,8000000,,115/04/29,公司所在地,F113050 電腦及事務性機器設備批發業；F118010 資訊軟體批發業；F213030 電腦及事務性機器設備零售業；F218010 資訊軟體零售業；F401010 國際貿易業；I103060 管理顧問業；I199990 其他顧問服務業；I301010 資訊軟體服務業；I301020 資料處理服務業；I301030 電子資訊供應服務業,臺北市,變更,11504
90882320,鮮曜太陽能科技股份有限公司,臺北市內湖區瑞光路605號10樓,林彥良,27000000,,115/04/14,改選董事/監察人(一人法人股東指派董事/監察人),D101050 汽電共生業；D101060 再生能源自用發電設備業；D401010 熱能供應業；E601010 電器承裝業；E601020 電器安裝業；E604010 機械安裝業；E607010 太陽熱能設備安裝工程業；F113010 機械批發業；F113110 電池批發業；F119010 電子材料批發業,臺北市,變更,11504
90888577,失衡創意有限公司,臺北市中山區松江路204巷24號1樓,曾彥鈞,1000000,,115/04/15,特殊補正,I199990 其他顧問服務業；I401010 一般廣告服務業；I599990 其他設計業；J404010 動畫影片製作業；F204110 布疋、衣著、鞋、帽、傘、服飾品零售業；F213010 電器零售業；F216010 照相器材零售業；F299990 其他零售業；F399040 無店面零售業；F401010 國際貿易業,臺北市,變更,11504
90889111,子田風光有限公司,臺北市中山區中山北路3段30號7樓之3,孫熙文,4500000,,115/04/15,公司所在地,H201010 一般投資業；H202010 創業投資業；I102010 投資顧問業；I103060 管理顧問業；I101070 農、林、漁、畜牧顧問業；I199990 其他顧問服務業；I301010 資訊軟體服務業；IG01010 生物技術服務業；IG02010 研究發展服務業；IG03010 能源技術服務業,臺北市,變更,11504
90898343,金銓富投資有限公司,臺北市大安區敦化南路1段205號2樓之8,鍾富瑋,1000000,,115/04/29,申登機關變更（遷入，含卷）,F399040 無店面零售業；F401010 國際貿易業；H201010 一般投資業；H202010 創業投資業；H701010 住宅及大樓開發租售業；H701050 投資興建公共建設業；H701060 新市鎮、新社區開發業；H703090 不動產買賣業；H703100 不動產租賃業；I102010 投資顧問業,臺北市,變更,11504
91002576,艾樂資訊股份有限公司,臺北市中山區松江路111號地下1樓,張平易,6000000,,115/04/08,特殊補正,I301010 資訊軟體服務業；I301020 資料處理服務業；I301030 電子資訊供應服務業；F401010 國際貿易業；ZZ99999 除許可業務外，得經營法令非禁止或限制之業務,臺北市,變更,11504
91002745,永立佳投資有限公司,臺北市松山區民生東路5段151號7樓之2,王嘉弘,6000000,,115/04/09,特殊補正,H201010 一般投資業；I103060 管理顧問業；F401010 國際貿易業；ZZ99999 除許可業務外，得經營法令非禁止或限制之業務,臺北市,變更,11504
91017472,卓悅室內設計工程有限公司,臺北市南港區忠孝東路6段6號3樓之1,葉怡廷,10000000,,115/04/21,改推董事/董事長,I503010 景觀、室內設計業；E801010 室內裝潢業；I501010 產品設計業；I504010 花藝設計業；I105010 藝術品諮詢顧問業；E901010 油漆工程業；E801020 門窗安裝工程業；E801030 室內輕鋼架工程業；E801040 玻璃安裝工程業；E801070 廚具、衛浴設備安裝工程業,臺北市,變更,11504
91020223,李揚國際有限公司,臺北市南港區向陽路122號,劉里揚,3000000,,115/04/17,特殊補正,G799990 其他運輸輔助業；G202010 停車場經營業；E599010 配管工程業；E601010 電器承裝業；E601020 電器安裝業；E603040 消防安全設備安裝工程業；E603050 自動控制設備工程業；E603100 電焊工程業；E603120 噴砂工程業；E604010 機械安裝業,臺北市,變更,11504
91020271,錡鈺智能股份有限公司,臺北市內湖區新湖一路83號3樓,黃英裕,47654680,,115/04/24,董事(常務董事.董事長)/監察人解任,F113050 電腦及事務性機器設備批發業；F118010 資訊軟體批發業；F213030 電腦及事務性機器設備零售業；F218010 資訊軟體零售業；F109070 文教、樂器、育樂用品批發業；F113030 精密儀器批發業；F113100 污染防治設備批發業；F119010 電子材料批發業；F209060 文教、樂器、育樂用品零售業；F213040 精密儀器零售業,臺北市,變更,11504
91031241,免峰雲科技有限公司,臺北市大同區延平北路1段37號8樓之2,張湘葳,100000,,115/04/30,公司所在地,F113050 電腦及事務性機器設備批發業；F118010 資訊軟體批發業；F213030 電腦及事務性機器設備零售業；F218010 資訊軟體零售業；I301010 資訊軟體服務業；I301020 資料處理服務業；I301030 電子資訊供應服務業；I103060 管理顧問業；IZ12010 人力派遣業；F399040 無店面零售業,臺北市,變更,11504
91035675,中國信託育樂股份有限公司,臺北市南港區經貿二路188號5樓,陳國恩,183805610,,115/04/09,額定資本額增加變更章程,F102030 菸酒批發業；F102040 飲料批發業；F102050 茶葉批發業；F102170 食品什貨批發業；F104110 布疋、衣著、鞋、帽、傘、服飾品批發業；F105050 家具、寢具、廚房器具、裝設品批發業；F106010 五金批發業；F106020 日常用品批發業；F108040 化粧品批發業；F109070 文教、樂器、育樂用品批發業,臺北市,變更,11504
91046032,攀過嶺有限公司,臺北市中正區南陽街24號2樓,房家緣,1500000,,115/04/10,特殊補正,F399040 無店面零售業；F401010 國際貿易業；C307010 服飾品製造業；F204110 布疋、衣著、鞋、帽、傘、服飾品零售業；F104110 布疋、衣著、鞋、帽、傘、服飾品批發業；F206020 日常用品零售業；F106020 日常用品批發業；F109070 文教、樂器、育樂用品批發業；JE01010 租賃業；I501010 產品設計業,臺北市,變更,11504
91046531,黑麥科技有限公司,臺北市信義區忠孝東路5段49號2樓,蘇嘉豪,2500000,,115/04/15,增資,E599010 配管工程業；E605010 電腦設備安裝業；E701010 電信工程業；E701040 簡易電信設備安裝業；F204110 布疋、衣著、鞋、帽、傘、服飾品零售業；F213010 電器零售業；F213030 電腦及事務性機器設備零售業；F213060 電信器材零售業；F218010 資訊軟體零售業；F219010 電子材料零售業,臺北市,變更,11504
91046624,彥嘉電子有限公司,臺北市內湖區瑞光路607號4樓,歐陽繼禹,3000000,,115/04/02,特殊補正,CC01080 電子零組件製造業；CC01120 資料儲存媒體製造及複製業；F113050 電腦及事務性機器設備批發業；F113070 電信器材批發業；F119010 電子材料批發業；F213030 電腦及事務性機器設備零售業；F213060 電信器材零售業；F219010 電子材料零售業；F401010 國際貿易業；I501010 產品設計業,臺北市,變更,11504
91047216,智鍑資訊股份有限公司,臺北市中正區寧波東街1號9樓,楊家維,1000000,,115/04/07,改選董事/監察人(一人法人股東指派董事/監察人),F113050 電腦及事務性機器設備批發業；F118010 資訊軟體批發業；F218010 資訊軟體零售業；F399040 無店面零售業；F601010 智慧財產權業；I103060 管理顧問業；I199990 其他顧問服務業；I301010 資訊軟體服務業；I301020 資料處理服務業；I102010 投資顧問業,臺北市,變更,11504
91052505,新加坡商亞洲天鷹資本潔淨能源股份有限公司,臺北市中正區忠孝西路一段80號15樓,Alexander Lenz,90500000,,115/04/23,一般補正案,IG03010 能源技術服務業；ZZ99999 除許可業務外，得經營法令非禁止或限制之業務,臺北市,變更,11504
91054551,天譽國際股份有限公司,臺北市信義區忠孝東路5段1之3號10樓,陳彥廷,7000000,,115/04/07,公司所在地,F206060 祭祀用品零售業；H201010 一般投資業；H703090 不動產買賣業；H703100 不動產租賃業；I103060 管理顧問業；I199990 其他顧問服務業；IZ99990 其他工商服務業；JZ99050 仲介服務業；ZZ99999 除許可業務外，得經營法令非禁止或限制之業務,臺北市,變更,11504
91061770,鳳展建設股份有限公司,臺北市大安區仁愛路4段151巷33號3樓之1,陳昱菖,30000000,,115/04/10,公司印鑑變更,E801010 室內裝潢業；E801020 門窗安裝工程業；E801030 室內輕鋼架工程業；E801040 玻璃安裝工程業；E801070 廚具、衛浴設備安裝工程業；E901010 油漆工程業；E903010 防蝕、防銹工程業；F104110 布疋、衣著、鞋、帽、傘、服飾品批發業；F105050 家具、寢具、廚房器具、裝設品批發業；F106010 五金批發業,臺北市,變更,11504
91074873,四三十二品牌顧問有限公司,臺北市信義區忠孝東路5段482號9樓之8,陳莉琦,5000000,,115/04/07,停業副本,F121010 食品添加物批發業；F203010 食品什貨、飲料零售業；F221010 食品添加物零售業；F399990 其他綜合零售業；F401010 國際貿易業；F501030 飲料店業；F601010 智慧財產權業；I101090 食品顧問業；I103060 管理顧問業；I199990 其他顧問服務業,臺北市,變更,11504
91075325,馬爾泰股份有限公司,臺北市大安區信義路2段230號6樓,洪念萱,19606111,,115/04/24,董事/監察人持股變動報備,J601010 藝文服務業；J602010 演藝活動業；J802010 運動訓練業；J803010 運動表演業；J803020 運動比賽業；J801030 競技及休閒運動場館業；J799990 其他休閒服務業；F109070 文教、樂器、育樂用品批發業；F209060 文教、樂器、育樂用品零售業；F104110 布疋、衣著、鞋、帽、傘、服飾品批發業,臺北市,變更,11504
91078982,嘉琦國際有限公司,臺北市北投區中央北路1段191號11樓之1,沈世偉,1199000,,115/04/16,特殊補正,F501060 餐館業；F203010 食品什貨、飲料零售業,臺北市,變更,11504
91079069,東皇實業有限公司,臺北市大安區忠孝東路4段183號13樓之2,黃晨銨,1000000,,115/04/13,公司所在地,E599010 配管工程業；E801010 室內裝潢業；EZ99990 其他工程業；E901010 油漆工程業；EZ07010 鑽孔工程業；E801020 門窗安裝工程業；E801030 室內輕鋼架工程業；E801040 玻璃安裝工程業；F111090 建材批發業；F211010 建材零售業,臺北市,變更,11504
91082016,研媞有限公司,臺北市信義區忠孝東路5段410號12樓之2,趙翎,3000000,,115/04/21,公司所營事業變更修正章程,F119010 電子材料批發業；F107030 清潔用品批發業；F113050 電腦及事務性機器設備批發業；F109070 文教、樂器、育樂用品批發業；F104110 布疋、衣著、鞋、帽、傘、服飾品批發業；F204110 布疋、衣著、鞋、帽、傘、服飾品零售業；F108040 化粧品批發業；F208040 化粧品零售業；F102170 食品什貨批發業；F401010 國際貿易業,臺北市,變更,11504
91089849,雲壹數位行銷有限公司,臺北市中山區南京東路1段52號2樓,温昶騰,2000000,,115/04/30,改推董事/董事長,I102010 投資顧問業；I103060 管理顧問業；I199990 其他顧問服務業；I301010 資訊軟體服務業；I301020 資料處理服務業；I301030 電子資訊供應服務業；I401010 一般廣告服務業；I401020 廣告傳單分送業；I501010 產品設計業；I503010 景觀、室內設計業,臺北市,變更,11504
91090304,沐楓國際有限公司,臺北市中正區館前路2號12樓,吳偉峯,500000,,115/04/14,改推董事/董事長,F106020 日常用品批發業；F199990 其他批發業；F206020 日常用品零售業；F299990 其他零售業；F399040 無店面零售業；F399990 其他綜合零售業；F401010 國際貿易業；H201010 一般投資業；I102010 投資顧問業；I103060 管理顧問業,臺北市,變更,11504
91097453,覓覓有限公司,臺北市北投區大興街9巷5號,李昉容,450000,,115/04/08,特殊補正,F102170 食品什貨批發業；F104110 布疋、衣著、鞋、帽、傘、服飾品批發業；F105050 家具、寢具、廚房器具、裝設品批發業；F106010 五金批發業；F106020 日常用品批發業；F116010 照相器材批發業；F199990 其他批發業；F203010 食品什貨、飲料零售業；F204110 布疋、衣著、鞋、帽、傘、服飾品零售業；F205040 家具、寢具、廚房器具、裝設品零售業,臺北市,變更,11504
91104150,唯眾璞匯有限公司,臺北市信義區基隆路1段159號12樓之2,陳俊瑜,1000000,,115/04/20,特殊補正,F102030 菸酒批發業；F102040 飲料批發業；F102170 食品什貨批發業；F104110 布疋、衣著、鞋、帽、傘、服飾品批發業；F105050 家具、寢具、廚房器具、裝設品批發業；F106010 五金批發業；F106020 日常用品批發業；F106030 模具批發業；F106050 陶瓷玻璃器皿批發業；F106060 寵物食品及其用品批發業,臺北市,變更,11504
91104665,新榮能源科技股份有限公司,臺北市中山區長安東路二段162號7樓,陳佩姗,1504000000,,115/04/20,補繳規費,CC01010 發電、輸電、配電機械製造業；D101060 再生能源自用發電設備業；E601010 電器承裝業；F401010 國際貿易業；H201010 一般投資業；IG03010 能源技術服務業；ZZ99999 除許可業務外，得經營法令非禁止或限制之業務,臺北市,變更,11504
91104969,瀚睿埬有限公司,臺北市大安區敦化南路1段188號3樓,林濬琟,2000000,,115/04/09,特殊補正,F109070 文教、樂器、育樂用品批發業；F113020 電器批發業；F113050 電腦及事務性機器設備批發業；F113030 精密儀器批發業；F119010 電子材料批發業；F206020 日常用品零售業；F218010 資訊軟體零售業；F399990 其他綜合零售業；F401010 國際貿易業；F601010 智慧財產權業,臺北市,變更,11504
91109850,光悅制作傢飾有限公司,臺北市松山區敦化南路1段100巷7弄49號1樓及地下層,黃柏勳,10000000,,115/04/14,增資,F105050 家具、寢具、廚房器具、裝設品批發業；F106010 五金批發業；F106020 日常用品批發業；F111090 建材批發業；F205040 家具、寢具、廚房器具、裝設品零售業；F206010 五金零售業；F206020 日常用品零售業；F211010 建材零售業；F399040 無店面零售業；F401010 國際貿易業,臺北市,變更,11504
91110907,固力德資通有限公司,臺北市松山區八德路3段230號3樓之1,廖修賢,1000000,,115/04/20,特殊補正,E605010 電腦設備安裝業；F113050 電腦及事務性機器設備批發業；F118010 資訊軟體批發業；F401010 國際貿易業；F213060 電信器材零售業；F203010 食品什貨、飲料零售業；F204110 布疋、衣著、鞋、帽、傘、服飾品零售業；F218010 資訊軟體零售業；F102170 食品什貨批發業；F102040 飲料批發業,臺北市,變更,11504
91111265,立翡設計有限公司,臺北市大安區安和路2段5號3樓之4,鄭楷唯,1000000,,115/04/13,特殊補正,I401010 一般廣告服務業；I501010 產品設計業；I503010 景觀、室內設計業；I599990 其他設計業；IZ99990 其他工商服務業；J601010 藝文服務業；J602010 演藝活動業；J603010 音樂展演空間業；J799990 其他休閒服務業；JE01010 租賃業,臺北市,變更,11504
91111292,友威資訊服務股份有限公司,臺北市中山區樂群二路267號5樓之7,張志偉,10350000,,115/04/27,減少所營事業變更修正章程,E605010 電腦設備安裝業；E701030 電信管制射頻器材裝設工程業；F113050 電腦及事務性機器設備批發業；F113070 電信器材批發業；F118010 資訊軟體批發業；F213030 電腦及事務性機器設備零售業；F218010 資訊軟體零售業；F401010 國際貿易業；I103060 管理顧問業；I301010 資訊軟體服務業,臺北市,變更,11504
91120503,力隼足球股份有限公司,臺北市內湖區內湖路1段91巷35弄66號,曾偉華,200000,,115/04/29,特殊補正,J801030 競技及休閒運動場館業；J802010 運動訓練業；J803010 運動表演業；J803020 運動比賽業；F109070 文教、樂器、育樂用品批發業；F209060 文教、樂器、育樂用品零售業；F104110 布疋、衣著、鞋、帽、傘、服飾品批發業；F204110 布疋、衣著、鞋、帽、傘、服飾品零售業；F399040 無店面零售業；F401010 國際貿易業,臺北市,變更,11504
91121637,大允工程顧問有限公司,臺北市松山區復興北路201號3樓,蔡欣晏,800000,,115/04/15,特殊補正,E801010 室內裝潢業；EZ99990 其他工程業；H701010 住宅及大樓開發租售業；H701020 工業廠房開發租售業；H701050 投資興建公共建設業；H701060 新市鎮、新社區開發業；H701070 區段徵收及市地重劃代辦業；H701090 都市更新整建維護業；H702010 建築經理業；H703090 不動產買賣業,臺北市,變更,11504
93365855,肆捨陸入有限公司,臺北市中正區南昌路1段54巷18號,顏莛洋,1000000,,115/04/01,特殊補正,F218010 資訊軟體零售業；F401010 國際貿易業；I102010 投資顧問業；I103060 管理顧問業；I199990 其他顧問服務業；I301010 資訊軟體服務業；I301020 資料處理服務業；I301030 電子資訊供應服務業；J303010 雜誌（期刊）出版業；J304010 圖書出版業,臺北市,變更,11504
93366003,蒔慕股份有限公司,臺北市大安區敦化南路2段2號10樓,陳陞,90000000,,115/04/15,特殊補正,F102040 飲料批發業；F102170 食品什貨批發業；F104110 布疋、衣著、鞋、帽、傘、服飾品批發業；F203010 食品什貨、飲料零售業；F203020 菸酒零售業；F204110 布疋、衣著、鞋、帽、傘、服飾品零售業；F205040 家具、寢具、廚房器具、裝設品零售業；F210010 鐘錶零售業；F210020 眼鏡零售業；F215010 首飾及貴金屬零售業,臺北市,變更,11504
93366475,化盟再生能源股份有限公司,臺北市中山區松江路301號9樓之3,張鴻江,30000000,,115/04/22,改選董事/監察人(一人法人股東指派董事/監察人),E601010 電器承裝業；E601020 電器安裝業；E603010 電纜安裝工程業；E604010 機械安裝業；E606010 用電設備檢驗維護業；IG03010 能源技術服務業；F113990 其他機械器具批發業；F119010 電子材料批發業；F219010 電子材料零售業；F399040 無店面零售業,臺北市,變更,11504
93366799,華聖能源股份有限公司,臺北市中山區中山北路2段129號14樓之1,方斐民,2000000,,115/04/17,補繳規費,F113020 電器批發業；F119010 電子材料批發業；F213010 電器零售業；F219010 電子材料零售業；F401010 國際貿易業；IG03010 能源技術服務業；CC01010 發電、輸電、配電機械製造業；D401010 熱能供應業；I301010 資訊軟體服務業；I301020 資料處理服務業,臺北市,變更,11504
93366876,長毓投資股份有限公司,臺北市大同區塔城街66號5樓之1,施建良,21542350,,115/04/13,補繳規費,H201010 一般投資業；ZZ99999 除許可業務外，得經營法令非禁止或限制之業務,臺北市,變更,11504
93367018,金御豐國際有限公司,臺北市中山區建國北路3段92號7樓,洪晟瑜,3500000,,115/04/20,公司所營事業變更修正章程,F206020 日常用品零售業；F221010 食品添加物零售業；F399040 無店面零售業；F401010 國際貿易業；I401010 一般廣告服務業；F203010 食品什貨、飲料零售業；ZZ99999 除許可業務外，得經營法令非禁止或限制之業務；F102030 菸酒批發業；F203020 菸酒零售業,臺北市,變更,11504
93367191,耀縈科技有限公司,臺北市北投區光明路200號11樓之13,黃靖軒,3000000,,115/04/08,特殊補正,I301010 資訊軟體服務業；I401010 一般廣告服務業；F399040 無店面零售業；JI01010 互動式情境體驗服務業；E801010 室內裝潢業；I199990 其他顧問服務業；I301030 電子資訊供應服務業；I103060 管理顧問業；I599990 其他設計業；F207010 漆料、塗料零售業,臺北市,變更,11504
93367306,鷹家有限公司,臺北市大安區信義路3段150號地下室,陳秀秀,5100000,,115/04/09,特殊補正,F109070 文教、樂器、育樂用品批發業；F102170 食品什貨批發業；F203010 食品什貨、飲料零售業；F209060 文教、樂器、育樂用品零售業；I401010 一般廣告服務業；I599990 其他設計業；IZ10010 排版業；IZ99990 其他工商服務業；F104110 布疋、衣著、鞋、帽、傘、服飾品批發業；F105050 家具、寢具、廚房器具、裝設品批發業,臺北市,變更,11504
93367592,鼎元利貞股份有限公司,臺北市內湖區洲子街58號3樓,楊明達,6300000,,115/04/28,特殊補正,F102040 飲料批發業；F102170 食品什貨批發業；F107030 清潔用品批發業；F108040 化粧品批發業；F113050 電腦及事務性機器設備批發業；F208040 化粧品零售業；F208050 乙類成藥零售業；F399040 無店面零售業；F401010 國際貿易業；I101090 食品顧問業,臺北市,變更,11504
93368473,麗本高樹股份有限公司,臺北市信義區松高路1號10樓之1,邱美雅,10000000,,115/04/14,改選董事/監察人(一人法人股東指派董事/監察人),CC01010 發電、輸電、配電機械製造業；D101060 再生能源自用發電設備業；D401010 熱能供應業；E601010 電器承裝業；E603090 照明設備安裝工程業；IG03010 能源技術服務業；H201010 一般投資業；H202010 創業投資業；HZ99990 其他金融、保險及不動產業；I102010 一般投資顧問業,臺北市,變更,11504
93368656,英卓證券投資顧問股份有限公司,臺北市信義區信義路5段7號33樓,曹綺琪,30000000,,115/04/30,改選董事/監察人(一人法人股東指派董事/監察人),H304011 證券投資顧問業,臺北市,變更,11504
93370647,天脈國際事業有限公司,臺北市信義區信義路4段415號13樓之5,蘇宥嘉,10000000,,115/04/10,特殊補正,I301010 資訊軟體服務業；I301020 資料處理服務業；I301030 電子資訊供應服務業；F218010 資訊軟體零售業；F113050 電腦及事務性機器設備批發業；F213030 電腦及事務性機器設備零售業；F118010 資訊軟體批發業；E605010 電腦設備安裝業；E801010 室內裝潢業；F213010 電器零售業,臺北市,變更,11504
93377705,天堂路有限公司,臺北市中山區民權東路2段46號2樓,唐筱崴,500000,,115/04/14,特殊補正,F215010 首飾及貴金屬零售業；F399040 無店面零售業；F204110 布疋、衣著、鞋、帽、傘、服飾品零售業；F401010 國際貿易業；F301010 百貨公司業；F206020 日常用品零售業；F210020 眼鏡零售業；F210010 鐘錶零售業；F208040 化粧品零售業；I599990 其他設計業,臺北市,變更,11504
93380027,睡眠吐司實業有限公司,臺北市文山區羅斯福路5段148號1樓,陳家祿,2000000,,115/04/27,特殊補正,F204110 布疋、衣著、鞋、帽、傘、服飾品零售業；F206020 日常用品零售業；F209060 文教、樂器、育樂用品零售業；F213030 電腦及事務性機器設備零售業；F205040 家具、寢具、廚房器具、裝設品零售業；ZZ99999 除許可業務外，得經營法令非禁止或限制之業務,臺北市,變更,11504
93485211,易飛能科技股份有限公司,臺北市信義區基隆路2段125號14樓,蕭金益,66333450,,115/04/20,發行新股,CC01010 發電、輸電、配電機械製造業；CC01020 電線及電纜製造業；CC01060 有線通信機械器材製造業；CC01080 電子零組件製造業；CC01090 電池製造業；CC01110 電腦及其週邊設備製造業；CC01990 其他電機及電子機械器材製造業；CD01010 船舶及其零件製造業；CD01020 軌道車輛及其零件製造業；CD01030 汽車及其零件製造業,臺北市,變更,11504
93492557,巴洛克國際企業有限公司,臺北市松山區八德路2段371號1樓,鄧清文,200000,,115/04/08,特殊補正,F102030 菸酒批發業；F101990 其他農、畜、水產品批發業；F101040 家畜家禽批發業；F101050 水產品批發業；F201990 其他農畜水產品零售業；F203020 菸酒零售業；F399040 無店面零售業；F401010 國際貿易業；F501060 餐館業；ZZ99999 除許可業務外，得經營法令非禁止或限制之業務,臺北市,變更,11504
93495837,逐風有限公司,臺北市中山區北安路621巷34號1樓,黃文慶,18000000,,115/04/22,增資,A401060 其他動物服務業；F201010 農產品零售業；I503010 景觀、室內設計業；J701110 動物園業；A101020 農作物栽培業；A102080 園藝服務業；ZZ99999 除許可業務外，得經營法令非禁止或限制之業務,臺北市,變更,11504
93496857,金英越台有限公司,臺北市中山區錦州街13號1樓,劉氏金英,650000,,115/04/21,公司所在地,F102170 食品什貨批發業；F203010 食品什貨、飲料零售業；F501060 餐館業；I101090 食品顧問業；I199990 其他顧問服務業,臺北市,變更,11504
93496961,翠普拉台灣股份有限公司,臺北市中山區中山北路2段115巷47號2樓,高橋和久,135730000,,115/04/07,特殊補正,F401010 國際貿易業；H201010 一般投資業；I102010 投資顧問業；I103060 管理顧問業；I301010 資訊軟體服務業；I301020 資料處理服務業；I301030 電子資訊供應服務業；I401010 一般廣告服務業；IZ15010 市場研究及民意調查業；JB01010 會議及展覽服務業,臺北市,變更,11504
93497011,斯達旅行社有限公司,臺北市中山區松江路42號2樓之5,李彥,10000000,,115/04/29,特殊補正,J902011 旅行業,臺北市,變更,11504
93497069,雅迪車聯網有限公司,臺北市內湖區文湖街21巷116號2樓之2,黃俊諺,1000000,,115/04/27,特殊補正,E701010 電信工程業；E701040 簡易電信設備安裝業；F107030 清潔用品批發業；F113070 電信器材批發業；F114030 汽、機車零件配備批發業；F118010 資訊軟體批發業；F119010 電子材料批發業；F207030 清潔用品零售業；F213060 電信器材零售業；F218010 資訊軟體零售業,臺北市,變更,11504
93497413,煥晶股份有限公司,臺北市大同區南京西路348之1號9樓之1,陳濬紳,1000000,,115/04/20,特殊補正,C802100 化粧品製造業；F108040 化粧品批發業；F208040 化粧品零售業；I501010 產品設計業；I301010 資訊軟體服務業；I301020 資料處理服務業；I301030 電子資訊供應服務業；F399040 無店面零售業；F401010 國際貿易業；I199990 其他顧問服務業,臺北市,變更,11504
93497650,兆檍有限公司,臺北市士林區天母東路88號1樓,陳曉婷,1000000,,115/04/29,公司所在地,F203010 食品什貨、飲料零售業；F501060 餐館業；ZZ99999 除許可業務外，得經營法令非禁止或限制之業務,臺北市,變更,11504
93498052,美校科技股份有限公司,臺北市中正區紹興北街35號4樓之3,林子皓,1500000,,115/04/22,補繳規費,I103060 管理顧問業；I401010 一般廣告服務業；I501010 產品設計業；I599990 其他設計業；J202010 產業育成業；J601010 藝文服務業；J602010 演藝活動業；J303010 雜誌（期刊）出版業；J304010 圖書出版業；J305010 有聲出版業,臺北市,變更,11504
93498378,綠邁士科技股份有限公司,臺北市南港區重陽路120號,陳冠昕,15700000,,115/04/30,改選董事/監察人(一人法人股東指派董事/監察人),F401010 國際貿易業；I103060 管理顧問業；IZ09010 管理系統驗證業；IG02010 研究發展服務業；IG03010 能源技術服務業；I501010 產品設計業；JE01010 租賃業；ZZ99999 除許可業務外，得經營法令非禁止或限制之業務,臺北市,變更,11504
93498476,蟹樂利股份有限公司,臺北市大安區樂利路52號、54號1樓,張雅涵,5000000,,115/04/01,特殊補正,F501060 餐館業；F101040 家畜家禽批發業；F101050 水產品批發業；F101130 蔬果批發業；F102040 飲料批發業；F201010 農產品零售業；F201020 畜產品零售業；F201030 水產品零售業；F203010 食品什貨、飲料零售業；F203020 菸酒零售業,臺北市,變更,11504
93501795,美商恒富集團有限公司,臺北市內湖區南京東路六段487號4樓,王新堯,0,,115/04/02,辦事處所在地變更,,臺北市,變更,11504
93508447,回歸線娛樂股份有限公司,臺北市松山區復興北路191號10樓,林士勛,150000000,,115/04/30,改派董事/監察人,F104110 布疋、衣著、鞋、帽、傘、服飾品批發業；F204110 布疋、衣著、鞋、帽、傘、服飾品零售業；F106020 日常用品批發業；F206020 日常用品零售業；F109070 文教、樂器、育樂用品批發業；F209060 文教、樂器、育樂用品零售業；F118010 資訊軟體批發業；F218010 資訊軟體零售業；F601010 智慧財產權業；F399040 無店面零售業,臺北市,變更,11504
93509017,慕邑家具設計有限公司,臺北市松山區南京東路4段51之2號12樓,蔡韶玲,10000000,,115/04/08,增資,E605010 電腦設備安裝業；E801010 室內裝潢業；F105050 家具、寢具、廚房器具、裝設品批發業；F113020 電器批發業；F113050 電腦及事務性機器設備批發業；F120010 耐火材料批發業；F205040 家具、寢具、廚房器具、裝設品零售業；F213010 電器零售業；F213030 電腦及事務性機器設備零售業；F220010 耐火材料零售業,臺北市,變更,11504
93509972,絲維科技有限公司,臺北市大安區安和路2段213號4樓之1,陳孟專,100000,,115/04/09,公司所在地,F108040 化粧品批發業；F201010 農產品零售業；F206050 寵物食品及其用品零售業；F207030 清潔用品零售業；F102170 食品什貨批發業；F106060 寵物食品及其用品批發業；F208040 化粧品零售業；I103060 管理顧問業；IG01010 生物技術服務業；A102030 蠶絲業,臺北市,變更,11504
93511317,泰豪美食餐飲股份有限公司,臺北市松山區光復北路154號,孫銘鑌,9500000,,115/04/20,補繳規費,A102020 農產品整理業；A102060 糧商業；F101050 水產品批發業；F101130 蔬果批發業；F101990 其他農、畜、水產品批發業；F102020 食用油脂批發業；F102030 菸酒批發業；F102040 飲料批發業；F501060 餐館業；F102170 食品什貨批發業,臺北市,變更,11504
93516501,木石國際文化有限公司,臺北市中山區南京西路10號10樓,林慧潔,1000000,,115/04/16,特殊補正,J601010 藝文服務業；J603010 音樂展演空間業；J602010 演藝活動業；J604010 聲音錄製及音樂發行業；J304010 圖書出版業；J303010 雜誌（期刊）出版業；J305010 有聲出版業；JB01010 會議及展覽服務業；I105010 藝術品諮詢顧問業；I401010 一般廣告服務業,臺北市,變更,11504
93516713,勤益綠能股份有限公司,臺北市大安區忠孝東路4段320號9樓,顧立楷,30000000,,115/04/02,補繳規費,E601010 電器承裝業；E601020 電器安裝業；E606010 用電設備檢驗維護業；D101060 再生能源自用發電設備業；IG03010 能源技術服務業；EZ99990 其他工程業；F119010 電子材料批發業；F219010 電子材料零售業；F401010 國際貿易業；D101011 發電業,臺北市,變更,11504
93516729,放感情投資有限公司,臺北市士林區文林路332號1樓,林荻傑,13327000,,115/04/15,特殊補正,H201010 一般投資業；ZZ99999 除許可業務外，得經營法令非禁止或限制之業務,臺北市,變更,11504
93520337,森藝整合行銷有限公司,臺北市松山區南京東路4段21號8樓之1,林格彰,200000,,115/04/13,股東出資轉讓修正章程,I501010 產品設計業；I502010 服飾設計業；I599990 其他設計業；I504010 花藝設計業；I401010 一般廣告服務業；I503010 景觀、室內設計業,臺北市,變更,11504
93520511,簡單溫度計媒體科技股份有限公司,臺北市信義區基隆路1段178號5樓,翁子騏,10000000,,115/04/17,特殊補正,I301010 資訊軟體服務業；I401010 一般廣告服務業；IZ13010 網路認證服務業；I199990 其他顧問服務業；JB01010 會議及展覽服務業；F501050 飲酒店業；F501060 餐館業；F501030 飲料店業；F601010 智慧財產權業；ZZ99999 除許可業務外，得經營法令非禁止或限制之業務,臺北市,變更,11504
93520619,艾普森生醫股份有限公司,臺北市中正區漢口街1段45號10樓,呂長益,25100000,,115/04/16,特殊補正,F107200 化學原料批發業；F107990 其他化學製品批發業；F207990 其他化學製品零售業；F401010 國際貿易業；F601010 智慧財產權業；I301020 資料處理服務業；IG01010 生物技術服務業；IG02010 研究發展服務業；IZ99990 其他工商服務業；ZZ99999 除許可業務外，得經營法令非禁止或限制之業務,臺北市,變更,11504
93521407,鷗映娛樂有限公司,臺北市萬華區長沙街2段11號5樓之11,廖致翔,1100000,,115/04/16,特殊補正,E801010 室內裝潢業；F102170 食品什貨批發業；F104110 布疋、衣著、鞋、帽、傘、服飾品批發業；F105050 家具、寢具、廚房器具、裝設品批發業；F106010 五金批發業；F106020 日常用品批發業；F108040 化粧品批發業；F109070 文教、樂器、育樂用品批發業；F113020 電器批發業；F113050 電腦及事務性機器設備批發業,臺北市,變更,11504
93521574,仙人掌企業股份有限公司,臺北市松山區南京東路3段287號10樓,李常弘,3500000,,115/04/29,補選董事(常務董事.董事長)/監察人,JZ99990 未分類其他服務業；I103060 管理顧問業；I199990 其他顧問服務業；I301010 資訊軟體服務業；IZ12010 人力派遣業；CC01990 其他電機及電子機械器材製造業；I301030 電子資訊供應服務業；J799990 其他休閒服務業；ZZ99999 除許可業務外，得經營法令非禁止或限制之業務,臺北市,變更,11504
93522089,講故事投資股份有限公司,臺北市內湖區瑞光路192號11樓之1,曾瀚賢,10183000,,115/04/27,特殊補正,I103060 管理顧問業；I102010 一般投資顧問業；I199990 其他顧問服務業；IZ99990 其他工商服務業；I501010 產品設計業；I599990 其他設計業；JZ99050 仲介服務業；JD01010 工商徵信服務業；F401010 國際貿易業；ZZ99999 除許可業務外，得經營法令非禁止或限制之業務,臺北市,變更,11504
93522399,奇葩創新生活股份有限公司,臺北市內湖區南京東路6段497號3樓,蔡家妮,12000000,,115/04/27,改選董事/監察人(一人法人股東指派董事/監察人),F399040 無店面零售業；I103060 管理顧問業；I401010 一般廣告服務業；IZ12010 人力派遣業；ZZ99999 除許可業務外，得經營法令非禁止或限制之業務；H701010 住宅及大樓開發租售業；H703090 不動產買賣業；H704031 不動產仲介經紀業；H704041 不動產代銷經紀業,臺北市,變更,11504
93529793,生活管家股份有限公司,臺北市士林區社子街22巷19號,陳麗珠,1000000,,115/04/24,董事(常務董事.董事長)/監察人解任,ZZ99999 除許可業務外，得經營法令非禁止或限制之業務；J101010 建築物清潔服務業；J101020 病媒防治業；J101030 廢棄物清除業；J101040 廢棄物處理業；J101080 資源回收業；J101090 廢棄物清理業；JZ99080 美容美髮服務業；JZ99090 喜慶綜合服務業；JZ99160 刻印業,臺北市,變更,11504
93535129,晨展建設股份有限公司,臺北市中山區新生北路2段62巷8號1樓,林元雅,15000000,,115/04/15,增資(資本總額),H701010 住宅及大樓開發租售業；H701020 工業廠房開發租售業；H701050 投資興建公共建設業；H701060 新市鎮、新社區開發業；H701070 區段徵收及市地重劃代辦業；H701080 都市更新重建業；H702010 建築經理業；H703090 不動產買賣業；H703100 不動產租賃業；H703110 老人住宅業,臺北市,變更,11504
93536056,稼程設計室內裝修有限公司,臺北市中山區南京東路2段20號9樓之1,王梵育,500000,,115/04/21,公司名稱變更修正章程,E801010 室內裝潢業；E801020 門窗安裝工程業；E801030 室內輕鋼架工程業；E801040 玻璃安裝工程業；E801060 室內裝修業；E801070 廚具、衛浴設備安裝工程業；E901010 油漆工程業；F205040 家具、寢具、廚房器具、裝設品零售業；F211010 建材零售業；F220010 耐火材料零售業,臺北市,變更,11504
93536703,禾達投資有限公司,臺北市南港區忠孝東路6段21號10樓,謝政達,122100000,,115/04/10,公司印鑑變更,H201010 一般投資業,臺北市,變更,11504
93537105,采科有限公司,臺北市大同區承德路1段17號9樓之8,賴采瀅,1000000,,115/04/01,公司所在地,F106020 日常用品批發業；F108040 化粧品批發業；F109070 文教、樂器、育樂用品批發業；ZZ99999 除許可業務外，得經營法令非禁止或限制之業務；F118010 資訊軟體批發業；F119010 電子材料批發業；F218010 資訊軟體零售業；F219010 電子材料零售業；F399040 無店面零售業；F401010 國際貿易業,臺北市,變更,11504
93539700,凰翔物業有限公司,臺北市中山區吉林路245號4樓,陳語禎,120000,,115/04/08,特殊補正,F106040 水器材料批發業；F107010 漆料、塗料批發業；F107030 清潔用品批發業；F111090 建材批發業；F113010 機械批發業；F113020 電器批發業；F117010 消防安全設備批發業；F119010 電子材料批發業；F401010 國際貿易業；G202010 停車場經營業,臺北市,變更,11504
93545908,滴二石文創有限公司,臺北市中山區松江路124巷13號,胡晉華,7000000,,115/04/27,增資,J399010 軟體出版業；JB01010 會議及展覽服務業；F102040 飲料批發業；F203010 食品什貨、飲料零售業；F102170 食品什貨批發業；F118010 資訊軟體批發業；F218010 資訊軟體零售業；F102050 茶葉批發業；F109070 文教、樂器、育樂用品批發業；F209060 文教、樂器、育樂用品零售業,臺北市,變更,11504
93546097,意識濃縮有限公司,臺北市中山區民生東路2段143號8樓,許家綺,100000,,115/04/24,特殊補正,I103060 管理顧問業；I301010 資訊軟體服務業；I401010 一般廣告服務業；IZ12010 人力派遣業；IZ15010 市場研究及民意調查業；I301020 資料處理服務業；JB01010 會議及展覽服務業；J202010 產業育成業；F109070 文教、樂器、育樂用品批發業；F113050 電腦及事務性機器設備批發業,臺北市,變更,11504
93546131,澄曄行銷有限公司,臺北市內湖區瑞光路358巷32號3樓,田奇旻,2000000,,115/04/02,公司所營事業變更修正章程,F101050 水產品批發業；F102170 食品什貨批發業；F108040 化粧品批發業；F113030 精密儀器批發業；F113050 電腦及事務性機器設備批發業；F118010 資訊軟體批發業；F119010 電子材料批發業；F121010 食品添加物批發業；F204110 布疋、衣著、鞋、帽、傘、服飾品零售業；F208040 化粧品零售業,臺北市,變更,11504
93546998,瑞九生技有限公司,臺北市中山區長安東路2段63號4樓之1,方謹鈺,20000000,,115/04/22,公司所在地,F106020 日常用品批發業；F107070 動物用藥品批發業；F107080 環境用藥批發業；F108040 化粧品批發業；F113030 精密儀器批發業；F121010 食品添加物批發業；F199990 其他批發業；F203010 食品什貨、飲料零售業；F206020 日常用品零售業；F207070 動物用藥零售業,臺北市,變更,11504
93547069,森梟俓有限公司,臺北市中正區羅斯福路4段68號7樓之10,蕭洛森,100000,,115/04/17,公司印鑑變更,J601010 藝文服務業；I103060 管理顧問業；IZ99990 其他工商服務業；J401010 電影片製作業；J799990 其他休閒服務業；JA05010 留、遊學服務業；F205040 家具、寢具、廚房器具、裝設品零售業；F401010 國際貿易業；I199990 其他顧問服務業；JB01010 會議及展覽服務業,臺北市,變更,11504
93547096,樂恩仕股份有限公司,臺北市士林區文林路342號7樓,陳冠良,167655000,,115/04/08,特殊補正,F105050 家具、寢具、廚房器具、裝設品批發業；F108031 醫療器材批發業；F108040 化粧品批發業；F113050 電腦及事務性機器設備批發業；F115010 首飾及貴金屬批發業；F116010 照相器材批發業；F119010 電子材料批發業；F204110 布疋、衣著、鞋、帽、傘、服飾品零售業；F205040 家具、寢具、廚房器具、裝設品零售業；F206020 日常用品零售業,臺北市,變更,11504
93556849,豐臺新媒體股份有限公司,臺北市內湖區堤頂大道2段207號9樓,林傑煥,12000000,,115/04/27,特殊補正,J503010 廣播節目製作業；J503020 電視節目製作業；J503030 廣播電視節目發行業；J503040 廣播電視廣告業；J503050 錄影節目帶業；J303010 雜誌（期刊）出版業；J305010 有聲出版業；J399990 其他出版業；J601010 藝文服務業；J602010 演藝活動業,臺北市,變更,11504
93556947,悅陽投資股份有限公司,臺北市信義區基隆路1段159號17樓,楊世宇,35000000,,115/04/21,發行新股,H201010 一般投資業；H701010 住宅及大樓開發租售業；H701020 工業廠房開發租售業；H703090 不動產買賣業；H703100 不動產租賃業；ZZ99999 除許可業務外，得經營法令非禁止或限制之業務,臺北市,變更,11504
93557523,雙織品有限公司,臺北市中山區復興北路58號10樓,陳智如,500000,,115/04/07,公司所在地,F104110 布疋、衣著、鞋、帽、傘、服飾品批發業；F204110 布疋、衣著、鞋、帽、傘、服飾品零售業；F401010 國際貿易業；C307010 服飾品製造業；C399990 其他紡織及製品製造業；I101110 紡織顧問業；I502010 服飾設計業；I501010 產品設計業；ZZ99999 除許可業務外，得經營法令非禁止或限制之業務,臺北市,變更,11504
93557967,眾心室內裝修股份有限公司,臺北市大安區忠孝東路4段311號4樓之5,王偉峻,5100000,,115/04/23,補繳規費,E502010 燃料導管安裝工程業；E599010 配管工程業；E601010 電器承裝業；E601020 電器安裝業；E603010 電纜安裝工程業；E603020 電梯安裝工程業；E603040 消防安全設備安裝工程業；E603050 自動控制設備工程業；E603080 交通號誌安裝工程業；E603090 照明設備安裝工程業,臺北市,變更,11504
93557988,洄楠計畫所有限公司,臺北市北投區大度路3段219號12樓,黃敏琇,300000,,115/04/13,股東出資轉讓修正章程,I501010 產品設計業；J404010 動畫影片製作業；F107190 塑膠膜、袋批發業；F109070 文教、樂器、育樂用品批發業；F207190 塑膠膜、袋零售業；F209060 文教、樂器、育樂用品零售業；F399040 無店面零售業；F401010 國際貿易業；I401010 一般廣告服務業；J303010 雜誌（期刊）出版業,臺北市,變更,11504
93567888,上騰嘉國際有限公司,臺北市中正區衡陽路10號7樓,陳冠融,1000000,,115/04/10,特殊補正,I103060 管理顧問業；I199990 其他顧問服務業；I301010 資訊軟體服務業；I301030 電子資訊供應服務業；I301040 第三方支付服務業；I401010 一般廣告服務業；F399040 無店面零售業；F401010 國際貿易業；F601010 智慧財產權業；H703090 不動產買賣業,臺北市,變更,11504
93575563,上億有限公司,臺北市信義區祥雲街13之1號地下,林玉蘭,100000,,115/04/01,特殊補正,F102170 食品什貨批發業；F106020 日常用品批發業；F203010 食品什貨、飲料零售業；F206020 日常用品零售業；F401010 國際貿易業；H701010 住宅及大樓開發租售業；H701020 工業廠房開發租售業；H701050 投資興建公共建設業；H701060 新市鎮、新社區開發業；H701070 區段徵收及市地重劃代辦業,臺北市,變更,11504
93575607,嬌滴滴會社有限公司,臺北市信義區福德街79號,李沛縈,100000,,115/04/20,特殊補正,J404010 動畫影片製作業；J602010 演藝活動業；I599990 其他設計業；J404050 電影特效製作業；J503020 電視節目製作業；J503050 錄影節目帶業；I401010 一般廣告服務業；J503040 廣播電視廣告業；J305010 有聲出版業；J601010 藝文服務業,臺北市,變更,11504
93575682,新日本冷凍空調科技股份有限公司,臺北市中山區南京西路10號10樓,張元弘,20000000,,115/04/01,特殊補正,E599010 配管工程業；E601020 電器安裝業；E603040 消防安全設備安裝工程業；E603050 自動控制設備工程業；E801010 室內裝潢業；E801070 廚具、衛浴設備安裝工程業；EZ05010 儀器、儀表安裝工程業；F106040 水器材料批發業；F113020 電器批發業；F113030 精密儀器批發業,臺北市,變更,11504
93576057,花生米有限公司,臺北市大安區信義路4段281號11樓,陳炳璋,100000,,115/04/24,特殊補正,F106020 日常用品批發業；F109070 文教、樂器、育樂用品批發業；F113070 電信器材批發業；F118010 資訊軟體批發業；F199990 其他批發業；F206020 日常用品零售業；F213030 電腦及事務性機器設備零售業；F213060 電信器材零售業；F218010 資訊軟體零售業；F299990 其他零售業,臺北市,變更,11504
93581397,樽煌醫藥股份有限公司,臺北市大同區敦煌路68號,陳澤鈞,581429,,115/04/24,補繳規費,I103060 管理顧問業；I199990 其他顧問服務業；IG01010 生物技術服務業；F207030 清潔用品零售業；F208040 化粧品零售業；F208050 乙類成藥零售業；F399040 無店面零售業；F108040 化粧品批發業；F102170 食品什貨批發業；F401010 國際貿易業,臺北市,變更,11504
93583395,喬彬管理顧問有限公司,臺北市信義區吳興街118巷35弄3號1樓,SEE JOVIN,600000,,115/04/24,公司所在地,F105050 家具、寢具、廚房器具、裝設品批發業；F399040 無店面零售業；F401010 國際貿易業；I102010 一般投資顧問業；I103060 管理顧問業；I199990 其他顧問服務業；H201010 一般投資業；IZ15010 市場研究及民意調查業；ZZ99999 除許可業務外，得經營法令非禁止或限制之業務,臺北市,變更,11504
93583629,聚濼有限公司,臺北市松山區市民大道4段185號1樓,畢祖怡,73000000,,115/04/15,特殊補正,F501030 飲料店業；F501050 飲酒店業；F501060 餐館業；F501990 其他餐飲業；F102170 食品什貨批發業；F203010 食品什貨、飲料零售業；F203020 菸酒零售業；F401010 國際貿易業；I101090 食品顧問業；I103060 管理顧問業,臺北市,變更,11504
93590733,鴻宏國際股份有限公司,臺北市大同區民生西路87號1樓,黃嘉宏,25000000,,115/04/09,特殊補正,F203010 食品什貨、飲料零售業；F201010 農產品零售業；F201020 畜產品零售業；F201990 其他農畜水產品零售業；F221010 食品添加物零售業；F501060 餐館業；F501990 其他餐飲業；I101090 食品顧問業；JE01010 租賃業；C199990 未分類其他食品製造業,臺北市,變更,11504
93593154,宇河子有限公司,臺北市士林區士商路147號4樓,施沛妡,5000000,,115/04/13,增資,F201070 花卉零售業；F203030 酒精零售業；F204110 布疋、衣著、鞋、帽、傘、服飾品零售業；F205040 家具、寢具、廚房器具、裝設品零售業；F209060 文教、樂器、育樂用品零售業；F210010 鐘錶零售業；F210020 眼鏡零售業；F399040 無店面零售業；F399990 其他綜合零售業；F401010 國際貿易業,臺北市,變更,11504
93596315,塔洛斯有限公司,臺北市中山區松江路185號7樓之2,顏妙真,500000,,115/04/27,股東出資轉讓修正章程,F205040 家具、寢具、廚房器具、裝設品零售業；F208040 化粧品零售業；F213010 電器零售業；F399040 無店面零售業；F401010 國際貿易業；H201010 一般投資業；H202010 創業投資業；ZZ99999 除許可業務外，得經營法令非禁止或限制之業務,臺北市,變更,11504
93596510,紅晟股份有限公司,臺北市大同區西寧北路78之18號,張暐弘,2000000,,115/04/27,董事/監察人地址變更,F601010 智慧財產權業；J305010 有聲出版業；J602010 演藝活動業；ZZ99999 除許可業務外，得經營法令非禁止或限制之業務,臺北市,變更,11504
93596650,上瑞投資股份有限公司,臺北市松山區復興北路191號13樓,鍾丰元,11000000,,115/04/09,特殊補正,H201010 一般投資業；H204010 私募股權投資業；I102010 一般投資顧問業；I103060 管理顧問業；ZZ99999 除許可業務外，得經營法令非禁止或限制之業務,臺北市,變更,11504
93597932,大鬍子私廚有限公司,臺北市士林區天母北路68之1號,李孟憲,6000000,,115/04/20,董事/股東更名,F102170 食品什貨批發業；F203010 食品什貨、飲料零售業；F401010 國際貿易業；F501030 飲料店業；F501060 餐館業；F501990 其他餐飲業；C199990 未分類其他食品製造業；ZZ99999 除許可業務外，得經營法令非禁止或限制之業務,臺北市,變更,11504
93598685,修煉有意思股份有限公司,臺北市中山區長安東路2段169號5樓,曹登雄,3000000,,115/04/02,董事/監察人持股變動報備,F106020 日常用品批發業；F108040 化粧品批發業；F109070 文教、樂器、育樂用品批發業；F118010 資訊軟體批發業；F206020 日常用品零售業；F208040 化粧品零售業；F218010 資訊軟體零售業；F299990 其他零售業；F399040 無店面零售業；F399990 其他綜合零售業,臺北市,變更,11504
93598881,順星有限公司,臺北市大安區信義路4段1號2樓,,500000,,115/04/08,解散,I301020 資料處理服務業；I301010 資訊軟體服務業；I301030 電子資訊供應服務業；J799990 其他休閒服務業；JZ99050 仲介服務業；F299990 其他零售業；F399040 無店面零售業；JZ99990 未分類其他服務業；ZZ99999 除許可業務外，得經營法令非禁止或限制之業務,臺北市,變更,11504
93600182,裕威閣股份有限公司,臺北市大安區忠孝東路4段169號12樓之4,宗家泓,10000000,,115/04/21,特殊補正,F105050 家具、寢具、廚房器具、裝設品批發業；F106010 五金批發業；F106020 日常用品批發業；F107030 清潔用品批發業；F108040 化粧品批發業；F109070 文教、樂器、育樂用品批發業；F113020 電器批發業；F113030 精密儀器批發業；F113050 電腦及事務性機器設備批發業；F104110 布疋、衣著、鞋、帽、傘、服飾品批發業,臺北市,變更,11504
93604552,富邦保全股份有限公司,臺北市大安區羅斯福路2段33號11樓之3,陳嘉昌,40000000,,115/04/08,特殊補正,I901011 保全業,臺北市,變更,11504
93609114,白日夢游有限公司,臺北市中山區樂群二路218號2樓,朱彩綾,690000,,115/04/28,公司外文名稱登記修正章程,J601010 藝文服務業；JB01010 會議及展覽服務業；J602010 演藝活動業；F109070 文教、樂器、育樂用品批發業；F209060 文教、樂器、育樂用品零售業；F399040 無店面零售業；F401010 國際貿易業；I401010 一般廣告服務業；J303010 雜誌（期刊）出版業；J304010 圖書出版業,臺北市,變更,11504
93609352,榮騰富宇股份有限公司,臺北市中正區羅斯福路3段84巷13號1樓,李民偉,5000000,,115/04/29,票據兌現/他機關函復/補正,I103060 管理顧問業；I199990 其他顧問服務業；I301010 資訊軟體服務業；I301020 資料處理服務業；I301030 電子資訊供應服務業；I301040 第三方支付服務業；I401010 一般廣告服務業；IZ12010 人力派遣業；J202010 產業育成業；JE01010 租賃業,臺北市,變更,11504
93614849,進金生國際股份有限公司,臺北市內湖區新湖二路257號5樓,黃舉昇,593822800,,115/04/13,一般補正案,CB01020 事務機器製造業；CC01030 電器及視聽電子產品製造業；CC01060 有線通信機械器材製造業；CC01070 無線通信機械器材製造業；CC01080 電子零組件製造業；CC01110 電腦及其週邊設備製造業；CE01030 光學儀器製造業；E601010 電器承裝業；E601020 電器安裝業；E603050 自動控制設備工程業,臺北市,變更,11504
93614904,開店趣科技股份有限公司,臺北市內湖區洲子街12號2樓,廖吟豐,3053560,,115/04/16,增資(資本總額),I103060 管理顧問業；H703100 不動產租賃業；H703090 不動產買賣業；H704031 不動產仲介經紀業；JZ99050 仲介服務業；JE01010 租賃業；I401010 一般廣告服務業；I401020 廣告傳單分送業；IZ15010 市場研究及民意調查業；I301010 資訊軟體服務業,臺北市,變更,11504
93615679,義發國際有限公司,臺北市文山區木柵路1段66之5號1樓,黃琴惠,1600000,,115/04/15,減少所營事業變更修正章程,F102040 飲料批發業；F201010 農產品零售業；F102170 食品什貨批發業；F203010 食品什貨、飲料零售業；F208040 化粧品零售業；F108040 化粧品批發業；F401010 國際貿易業；F107030 清潔用品批發業；F207030 清潔用品零售業；F106020 日常用品批發業,臺北市,變更,11504
93615782,泊城有限公司,臺北市大安區復興南路1段243號6樓,彭竣詳,1000000,,115/04/17,特殊補正,F101130 蔬果批發業；F102020 食用油脂批發業；F102050 茶葉批發業；F102170 食品什貨批發業；F401010 國際貿易業；ZZ99999 除許可業務外，得經營法令非禁止或限制之業務,臺北市,變更,11504
93616092,協碼智慧科技股份有限公司,臺北市中山區德惠街9號4樓之1,李昱達,1000000,,115/04/29,變更組織,I301010 資訊軟體服務業；I301020 資料處理服務業；I301030 電子資訊供應服務業；I401010 一般廣告服務業；F399040 無店面零售業；F102170 食品什貨批發業；F113050 電腦及事務性機器設備批發業；F118010 資訊軟體批發業；F203010 食品什貨、飲料零售業；F213030 電腦及事務性機器設備零售業,臺北市,變更,11504
93620650,宇沛實業股份有限公司,臺北市松山區敦化北路207號9樓之6,吳俊彥,2000000,,115/04/01,特殊補正,C801030 精密化學材料製造業；E599010 配管工程業；E601020 電器安裝業；E603100 電焊工程業；E603110 冷作工程業；E603010 電纜安裝工程業；E603020 電梯安裝工程業；E603040 消防安全設備安裝工程業；E603050 自動控制設備工程業；E901010 油漆工程業,臺北市,變更,11504
93620672,好事就花生股份有限公司,臺北市中正區仁愛路2段25號5樓,鄧宇辰,100000,,115/04/10,特殊補正,F118010 資訊軟體批發業；F218010 資訊軟體零售業；F119010 電子材料批發業；F219010 電子材料零售業；I301010 資訊軟體服務業；I301020 資料處理服務業；I301030 電子資訊供應服務業；I401010 一般廣告服務業；I501010 產品設計業；I103060 管理顧問業,臺北市,變更,11504
93621898,挪亞家居室內裝修設計工程有限公司,臺北市信義區信義路4段415號14樓之1,陳文龍,150000,,115/04/21,改推董事/董事長,E801060 室內裝修業；E801010 室內裝潢業；I503010 景觀、室內設計業；E801070 廚具、衛浴設備安裝工程業；I501010 產品設計業；I599990 其他設計業；E901010 油漆工程業；E599010 配管工程業；E801020 門窗安裝工程業；E801040 玻璃安裝工程業,臺北市,變更,11504
93638238,探景有限公司,臺北市大安區敦化南路2段105號25樓,劉禹廷,5100000,,115/04/20,公司所在地,J601010 藝文服務業；J602010 演藝活動業；J603010 音樂展演空間業；I103060 管理顧問業；I199990 其他顧問服務業；I401010 一般廣告服務業；IZ99990 其他工商服務業；J399990 其他出版業；JZ99990 未分類其他服務業；ZZ99999 除許可業務外，得經營法令非禁止或限制之業務,臺北市,變更,11504
93642731,樂智生活家電有限公司,臺北市大安區忠孝東路4段155號6樓,曾暐婷,4000000,,115/04/16,特殊補正,F113020 電器批發業；F213010 電器零售業；F106010 五金批發業；F206010 五金零售業；F105050 家具、寢具、廚房器具、裝設品批發業；F205040 家具、寢具、廚房器具、裝設品零售業；E801070 廚具、衛浴設備安裝工程業；CN01010 家具及裝設品製造業；JB01010 會議及展覽服務業；J401010 電影片製作業,臺北市,變更,11504
93642922,強獅生活科技股份有限公司,臺北市松山區八德路3段2號10樓之1,強家燊,2000000,,115/04/27,特殊補正,I103060 管理顧問業；I199990 其他顧問服務業；I401010 一般廣告服務業；F401010 國際貿易業；F118010 資訊軟體批發業；F199990 其他批發業；F218010 資訊軟體零售業；F299990 其他零售業；I301010 資訊軟體服務業；I301020 資料處理服務業,臺北市,變更,11504
93655496,宏鑫貨運有限公司,臺北市士林區通河東街1段119號1樓,何居翰,25000000,,115/04/29,公司印鑑變更,G101061 汽車貨運業；G801010 倉儲業；IZ06010 理貨包裝業；G702010 船舶勞務承攬業；G409050 工業專用港或工業專用碼頭船舶貨物裝卸承攬業；EZ02010 起重工程業；IZ12010 人力派遣業；JZ99050 仲介服務業；JE01010 租賃業；IZ99990 其他工商服務業,臺北市,變更,11504
93677576,王國電能股份有限公司,臺北市中山區林森北路554號3樓,王國興,6000000,,115/04/09,特殊補正,CB01010 機械設備製造業；CC01010 發電、輸電、配電機械製造業；CD01030 汽車及其零件製造業；CD01040 機車及其零件製造業；CD01050 自行車及其零件製造業；CC01090 電池製造業；CD01990 其他運輸工具及其零件製造業；CQ01010 模具製造業；E603050 自動控制設備工程業；E603100 電焊工程業,臺北市,變更,11504
93679201,共聯國際有限公司,臺北市信義區基隆路1段206號17樓,江宗憲,800000,,115/04/28,特殊補正,I701011 就業服務業；JZ99050 仲介服務業；IZ12010 人力派遣業；I103060 管理顧問業；I301010 資訊軟體服務業；I301020 資料處理服務業；I301030 電子資訊供應服務業；I401010 一般廣告服務業；I401020 廣告傳單分送業；I199990 其他顧問服務業,臺北市,變更,11504
93680066,致伸安勤科技股份有限公司,臺北市內湖區瑞光路669號,魏浩三,200000,,115/04/30,改派董事/監察人,I301010 資訊軟體服務業；I301020 資料處理服務業；I301030 電子資訊供應服務業；CC01120 資料儲存媒體製造及複製業；CC01030 電器及視聽電子產品製造業；CC01060 有線通信機械器材製造業；CC01070 無線通信機械器材製造業；CC01080 電子零組件製造業；CC01100 電信管制射頻器材製造業；CC01110 電腦及其週邊設備製造業,臺北市,變更,11504
93680734,集集創造娛樂股份有限公司,臺北市大安區安和路1段102巷19號1樓,蔡秋安,1200050000,,115/04/20,一般補正案,I102010 一般投資顧問業；I103060 管理顧問業；I301010 資訊軟體服務業；I301020 資料處理服務業；I301030 電子資訊供應服務業；I401010 一般廣告服務業；F102170 食品什貨批發業；F104110 布疋、衣著、鞋、帽、傘、服飾品批發業；F105050 家具、寢具、廚房器具、裝設品批發業；F106020 日常用品批發業,臺北市,變更,11504
93696840,綺麟國際控股股份有限公司,臺北市松山區南京東路4段75號4樓之1,黃麟書,7079000,,115/04/29,發行新股,F401010 國際貿易業；H201010 一般投資業；H202010 創業投資業；H701010 住宅及大樓開發租售業；H701060 新市鎮、新社區開發業；H701080 都市更新重建業；H701090 都市更新整建維護業；H703090 不動產買賣業；H703100 不動產租賃業；I103060 管理顧問業,臺北市,變更,11504
93697974,睿禧億龍國際有限公司,臺北市中正區許昌街42號8樓,王睿霖,3100000,,115/04/29,股東出資轉讓修正章程,F104110 布疋、衣著、鞋、帽、傘、服飾品批發業；F105050 家具、寢具、廚房器具、裝設品批發業；F110010 鐘錶批發業；F108040 化粧品批發業；F110020 眼鏡批發業；F115010 首飾及貴金屬批發業；F115020 礦石批發業；F204110 布疋、衣著、鞋、帽、傘、服飾品零售業；F205040 家具、寢具、廚房器具、裝設品零售業；F206010 五金零售業,臺北市,變更,11504
93698376,合作今庫國際有限公司,臺北市大同區延平北路2段154號,陳維慶,1000000,,115/04/20,特殊補正,F102030 菸酒批發業；F106020 日常用品批發業；F105050 家具、寢具、廚房器具、裝設品批發業；F106010 五金批發業；F109070 文教、樂器、育樂用品批發業；F113050 電腦及事務性機器設備批發業；F204110 布疋、衣著、鞋、帽、傘、服飾品零售業；F205040 家具、寢具、廚房器具、裝設品零售業；F206010 五金零售業；F206020 日常用品零售業,臺北市,變更,11504
93705756,超好玩網遊科技有限公司,臺北市內湖區成功路2段235號2樓,王婷芬,2000000,,115/04/20,特殊補正,CC01110 電腦及其週邊設備製造業；CC01120 資料儲存媒體製造及複製業；F109070 文教、樂器、育樂用品批發業；F118010 資訊軟體批發業；F218010 資訊軟體零售業；F399040 無店面零售業；F401010 國際貿易業；I301010 資訊軟體服務業；I301020 資料處理服務業；I301030 電子資訊供應服務業,臺北市,變更,11504
93707467,星辰網遊科技有限公司,臺北市內湖區成功路2段235號2樓,劉貞炘,2000000,,115/04/20,特殊補正,CC01110 電腦及其週邊設備製造業；CC01120 資料儲存媒體製造及複製業；F109070 文教、樂器、育樂用品批發業；F118010 資訊軟體批發業；F218010 資訊軟體零售業；F399040 無店面零售業；F401010 國際貿易業；I301010 資訊軟體服務業；I301020 資料處理服務業；I301030 電子資訊供應服務業,臺北市,變更,11504
93712567,馬赫娛樂有限公司,臺北市大安區復興南路2段285號11樓,吳咸融,1500000,,115/04/14,公司所在地,I401010 一般廣告服務業；J602010 演藝活動業；JB01010 會議及展覽服務業；J401010 電影片製作業；J402010 電影片發行業；J404010 動畫影片製作業；J404020 提供設備及場地供電影片拍攝業；J404050 電影特效製作業；J503020 電視節目製作業；J503030 廣播電視節目發行業,臺北市,變更,11504
93720911,想享品牌顧問有限公司,臺北市大安區安和路1段27號15樓,張佩珊,100000,,115/04/01,特殊補正,F399040 無店面零售業；F601010 智慧財產權業；I103060 管理顧問業；I199990 其他顧問服務業；I401010 一般廣告服務業；J202010 產業育成業；J399990 其他出版業；JZ99990 未分類其他服務業；F204110 布疋、衣著、鞋、帽、傘、服飾品零售業；F206020 日常用品零售業,臺北市,變更,11504
93721480,愛菲斯健康生技有限公司,臺北市中山區林森北路500號5樓,簡岑穎,5000000,,115/04/27,公司所在地,I301010 資訊軟體服務業；I301020 資料處理服務業；I301030 電子資訊供應服務業；F113050 電腦及事務性機器設備批發業；F118010 資訊軟體批發業；F213030 電腦及事務性機器設備零售業；F218010 資訊軟體零售業；I103060 管理顧問業；F399040 無店面零售業；F104110 布疋、衣著、鞋、帽、傘、服飾品批發業,臺北市,變更,11504
93725205,寶新新能源科技股份有限公司,臺北市中山區植福路308號7樓之10,連佩斌,164000000,,115/04/27,特殊補正,CB01010 機械設備製造業；F113110 電池批發業；IG03010 能源技術服務業；F401010 國際貿易業,臺北市,變更,11504
93725660,帝裕有限公司,臺北市中正區武昌街1段1之2號5樓,林永裕,100000,,115/04/09,特殊補正,C801110 肥料製造業；E603100 電焊工程業；E604010 機械安裝業；E801010 室內裝潢業；E801020 門窗安裝工程業；E801030 室內輕鋼架工程業；E901010 油漆工程業；E903010 防蝕、防銹工程業；EZ02010 起重工程業；EZ99990 其他工程業,臺北市,變更,11504
93726416,爾瑪室內裝修工程有限公司,臺北市中正區重慶南路1段68號1樓,陳榮聲,2000000,,115/04/01,特殊補正,I503010 景觀、室內設計業；I401010 一般廣告服務業；I599990 其他設計業；E603090 照明設備安裝工程業；E801010 室內裝潢業；E801060 室內裝修業；E901010 油漆工程業；EZ99990 其他工程業；F105050 家具、寢具、廚房器具、裝設品批發業；F111090 建材批發業,臺北市,變更,11504
93726540,康斯特科技股份有限公司,臺北市南港區南港路3段47巷55號18樓,蔡明志,195170382,,115/04/23,特殊補正,F213030 電腦及事務性機器設備零售業；F218010 資訊軟體零售業；I301010 資訊軟體服務業；F399040 無店面零售業；E601010 電器承裝業；E605010 電腦設備安裝業；F113020 電器批發業；F113050 電腦及事務性機器設備批發業；F118010 資訊軟體批發業；F119010 電子材料批發業,臺北市,變更,11504
93732043,齊業工程有限公司,臺北市內湖區成功路4段30巷47號4樓,戴良川,1000000,,115/04/20,特殊補正,E502010 燃料導管安裝工程業；E801010 室內裝潢業；F106040 水器材料批發業；F113020 電器批發業；F113030 精密儀器批發業；F401010 國際貿易業；E903010 防蝕、防銹工程業；EZ03010 鎔爐安裝業；E603120 噴砂工程業；E901010 油漆工程業,臺北市,變更,11504
93732114,恆彩國際有限公司,臺北市中正區懷寧街76號1樓,李沅安(LEE YEN AN),300000,,115/04/15,公司所在地,F401010 國際貿易業；F399040 無店面零售業；F399990 其他綜合零售業；F102030 菸酒批發業；F203020 菸酒零售業；F206020 日常用品零售業；F208040 化粧品零售業；F106070 祭祀用品批發業；F206060 祭祀用品零售業；ZZ99999 除許可業務外，得經營法令非禁止或限制之業務,臺北市,變更,11504
93732352,兩洲股份有限公司,臺北市中正區中華路1段7號6樓之8,橫溝偉,100000,,115/04/14,公司所在地,F401010 國際貿易業；F501050 飲酒店業；F501060 餐館業；H703100 不動產租賃業；I101090 食品顧問業；I102010 一般投資顧問業；I199990 其他顧問服務業；ZZ99999 除許可業務外，得經營法令非禁止或限制之業務,臺北市,變更,11504
93738200,前進智能證券投資顧問股份有限公司,臺北市大安區信義路4段255號13樓,張嘉銘,50000000,,115/04/15,特殊補正,H304011 證券投資顧問業,臺北市,變更,11504
93740233,禾大投資股份有限公司,臺北市中山區八德路2段174巷15弄11號1樓,張百王,7250000,,115/04/28,修正章程,H201010 一般投資業；H701010 住宅及大樓開發租售業；H701020 工業廠房開發租售業；H703090 不動產買賣業；H703100 不動產租賃業；JE01010 租賃業；I102010 一般投資顧問業；I103060 管理顧問業；IZ99990 其他工商服務業；J901020 一般旅館業,臺北市,變更,11504
93741789,全景文教股份有限公司,臺北市大安區忠孝東路4段169號7樓之1,吳映慧,10000000,,115/04/15,特殊補正,I103060 管理顧問業；I301010 資訊軟體服務業；I199990 其他顧問服務業；ZZ99999 除許可業務外，得經營法令非禁止或限制之業務,臺北市,變更,11504
93743647,劇匯文創股份有限公司,臺北市信義區忠孝東路5段1之1號11樓,錢人豪,60000000,,115/04/30,董事/監察人持股變動報備,E801010 室內裝潢業；F218010 資訊軟體零售業；F401010 國際貿易業；F601010 智慧財產權業；I103060 管理顧問業；I199990 其他顧問服務業；I401010 一般廣告服務業；IZ12010 人力派遣業；J305010 有聲出版業；J399010 軟體出版業,臺北市,變更,11504
93753546,正頡有限公司,臺北市信義區基隆路1段159號12樓之2,周冠廷,500000,,115/04/24,特殊補正,F102030 菸酒批發業；F102040 飲料批發業；F102170 食品什貨批發業；F104110 布疋、衣著、鞋、帽、傘、服飾品批發業；F105050 家具、寢具、廚房器具、裝設品批發業；F106010 五金批發業；F106020 日常用品批發業；F106030 模具批發業；F106050 陶瓷玻璃器皿批發業；F106060 寵物食品及其用品批發業,臺北市,變更,11504
93757326,肯瑞智能科技股份有限公司,臺北市信義區光復南路495號4樓,邵健容,11000000,,115/04/16,增資(資本總額),F218010 資訊軟體零售業；F601010 智慧財產權業；I103060 管理顧問業；I199990 其他顧問服務業；I301010 資訊軟體服務業；I301020 資料處理服務業；I301030 電子資訊供應服務業；IZ09010 管理系統驗證業；ZZ99999 除許可業務外，得經營法令非禁止或限制之業務,臺北市,變更,11504
93764924,新加坡商茵夢達股份有限公司,臺北市中正區忠孝西路一段80號23樓,陳仁能,5000000,,115/04/09,一般補正案,CC01060 有線通信機械器材製造業；CC01070 無線通信機械器材製造業；F218010 資訊軟體零售業；I301010 資訊軟體服務業；I301020 資料處理服務業；CB01990 其他機械製造業；E603050 自動控制設備工程業；E605010 電腦設備安裝業；EZ05010 儀器、儀表安裝工程業；F113020 電器批發業,臺北市,變更,11504
93765888,漢祐建設股份有限公司,臺北市中山區南京西路10號10樓,陳育偉,175000000,,115/04/24,特殊補正,H701010 住宅及大樓開發租售業；H701020 工業廠房開發租售業；H701040 特定專業區開發業；H701050 投資興建公共建設業；H701060 新市鎮、新社區開發業；H701070 區段徵收及市地重劃代辦業；H701080 都市更新重建業；H701090 都市更新整建維護業；H703090 不動產買賣業；H703100 不動產租賃業,臺北市,變更,11504
93766471,台灣日和行銷有限公司,臺北市大同區延平北路2段41號1樓,洪正光,1000000,,115/04/01,股東出資轉讓修正章程,ZZ99999 除許可業務外，得經營法令非禁止或限制之業務；F104110 布疋、衣著、鞋、帽、傘、服飾品批發業；F204110 布疋、衣著、鞋、帽、傘、服飾品零售業；F501030 飲料店業；F401010 國際貿易業；F399040 無店面零售業；F501060 餐館業；F399990 其他綜合零售業；I401010 一般廣告服務業；J601010 藝文服務業,臺北市,變更,11504
93767020,燃沃克管理顧問股份有限公司,臺北市中山區復興北路48號7樓,李佩樺,7500000,,115/04/09,董事/監察人持股變動報備,F399040 無店面零售業；F401010 國際貿易業；H201010 一般投資業；H202010 創業投資業；H701010 住宅及大樓開發租售業；H701020 工業廠房開發租售業；H703090 不動產買賣業；H703100 不動產租賃業；I102010 投資顧問業；I103060 管理顧問業,臺北市,變更,11504
93767176,威玲國際有限公司,臺北市大同區重慶北路3段80號2樓,眭惠玲,200000,,115/04/20,特殊補正,F104110 布疋、衣著、鞋、帽、傘、服飾品批發業；F204110 布疋、衣著、鞋、帽、傘、服飾品零售業；F102040 飲料批發業；F102170 食品什貨批發業；F203010 食品什貨、飲料零售業；F199990 其他批發業；F299990 其他零售業；F399040 無店面零售業；F401010 國際貿易業；I199990 其他顧問服務業,臺北市,變更,11504
93770469,新晨營造有限公司,臺北市中山區明水路672巷40號1樓,詹奕昕,5000000,,115/04/16,特殊補正,E101011 綜合營造業；E599010 配管工程業；E601020 電器安裝業；E603010 電纜安裝工程業；E603040 消防安全設備安裝工程業；E603050 自動控制設備工程業；E603090 照明設備安裝工程業；E604010 機械安裝業；E605010 電腦設備安裝業；E801010 室內裝潢業,臺北市,變更,11504
93777012,曜水晶微科技股份有限公司,臺北市中正區館前路2號12樓,林育菁,38100000,,115/04/24,改選董事/監察人(一人法人股東指派董事/監察人),CB01010 機械設備製造業；CC01070 無線通信機械器材製造業；CC01080 電子零組件製造業；CC01110 電腦及其週邊設備製造業；CE01010 一般儀器製造業；F113070 電信器材批發業；F119010 電子材料批發業；F213060 電信器材零售業；F219010 電子材料零售業；F401010 國際貿易業,臺北市,變更,11504
93777293,章建興業有限公司,臺北市中山區新生北路3段19巷19號1樓,王浩軒,300000,,115/04/24,改推董事/董事長,F401010 國際貿易業；I101070 農、林、漁、畜牧顧問業；I101090 食品顧問業；I101110 紡織顧問業；I102010 投資顧問業；I103060 管理顧問業；I105010 藝術品諮詢顧問業；I199990 其他顧問服務業；IG01010 生物技術服務業；J202010 產業育成業,臺北市,變更,11504
93788833,壹無界美學空間設計股份有限公司,臺北市中山區民權東路3段35號3樓之1,呂國維,1000000,,115/04/23,公司所在地,E801010 室內裝潢業；E801020 門窗安裝工程業；E801030 室內輕鋼架工程業；E801040 玻璃安裝工程業；E801070 廚具、衛浴設備安裝工程業；E901010 油漆工程業；E903010 防蝕、防銹工程業；F105050 家具、寢具、廚房器具、裝設品批發業；F106010 五金批發業；F111090 建材批發業,臺北市,變更,11504
93789018,築幸有限公司,臺北市中正區忠孝西路1段72號2樓之5,何曉凝HO HIU YING JESSICA,6000000,,115/04/14,公司所在地,F107030 清潔用品批發業；F106020 日常用品批發業,臺北市,變更,11504
93789360,褔祿薩有限公司,臺北市中正區仁愛路2段25號5樓,,850000,,115/04/13,解散,F203010 食品什貨、飲料零售業；F206020 日常用品零售業；F299990 其他零售業；F399040 無店面零售業；F501060 餐館業；F501030 飲料店業；F501990 其他餐飲業；F401010 國際貿易業；ZZ99999 除許可業務外，得經營法令非禁止或限制之業務,臺北市,變更,11504
93789713,端麗抗老科技股份有限公司,臺北市大安區忠孝東路4段166號10樓,李祈煒,3000000,,115/04/17,補繳規費,F102040 飲料批發業；F102170 食品什貨批發業；F108040 化粧品批發業；F203010 食品什貨、飲料零售業；F208040 化粧品零售業；F399040 無店面零售業；F401010 國際貿易業；I101090 食品顧問業；I103060 管理顧問業；IG01010 生物技術服務業,臺北市,變更,11504
93790198,鼎立房屋有限公司,臺北市中山區中山北路3段49號3樓之2,楊采嵐,300000,,115/04/30,申登機關變更（遷入，含卷）,H704031 不動產仲介經紀業；H704041 不動產代銷經紀業；H701010 住宅及大樓開發租售業；H701020 工業廠房開發租售業；H703090 不動產買賣業；H703100 不動產租賃業；HZ99990 其他金融、保險及不動產業；E801010 室內裝潢業；E801030 室內輕鋼架工程業；F105050 家具、寢具、廚房器具、裝設品批發業,臺北市,變更,11504
93852341,安特庫資訊科技有限公司,臺北市大同區延平北路3段4號5樓,范弘昌,18000000,,115/04/08,增資,CC01110 電腦及其週邊設備製造業；E605010 電腦設備安裝業；F118010 資訊軟體批發業；F113050 電腦及事務性機器設備批發業；F213030 電腦及事務性機器設備零售業；F218010 資訊軟體零售業；F104110 布疋、衣著、鞋、帽、傘、服飾品批發業；F199990 其他批發業；F204110 布疋、衣著、鞋、帽、傘、服飾品零售業；F206020 日常用品零售業,臺北市,變更,11504
93853616,瑞晟生物醫學股份有限公司,臺北市大同區甘谷街26號5樓,彭英哲,28010000,,115/04/22,特殊補正,IG01010 生物技術服務業；IG02010 研究發展服務業；F108031 醫療器材批發業；F113030 精密儀器批發業；F208031 醫療器材零售業；F213040 精密儀器零售業；F401010 國際貿易業；ZZ99999 除許可業務外，得經營法令非禁止或限制之業務,臺北市,變更,11504
93920684,居禮創意開發有限公司,臺北市中正區牯嶺街93號12樓,胡南亦,1000000,,115/04/17,增資,I301030 電子資訊供應服務業；F119010 電子材料批發業；F219010 電子材料零售業；F109070 文教、樂器、育樂用品批發業；F209060 文教、樂器、育樂用品零售業；F399040 無店面零售業；F401010 國際貿易業；J202010 產業育成業；IZ12010 人力派遣業；ZZ99999 除許可業務外，得經營法令非禁止或限制之業務,臺北市,變更,11504
94001495,花與皮拉提斯股份有限公司,臺北市大安區忠孝東路4段183號12樓之2,沈建宏Yado Labu,6000000,,115/04/20,董事/監察人更名,F104110 布疋、衣著、鞋、帽、傘、服飾品批發業；F105050 家具、寢具、廚房器具、裝設品批發業；F108040 化粧品批發業；F109070 文教、樂器、育樂用品批發業；F201070 花卉零售業；F203010 食品什貨、飲料零售業；F204110 布疋、衣著、鞋、帽、傘、服飾品零售業；F205040 家具、寢具、廚房器具、裝設品零售業；F206020 日常用品零售業；F208040 化粧品零售業,臺北市,變更,11504
94001657,哲霖開發股份有限公司,臺北市大安區敦化南路2段267號4樓之2,徐家恩,81500000,,115/04/16,補繳規費,E801010 室內裝潢業；E801020 門窗安裝工程業；E801030 室內輕鋼架工程業；E801040 玻璃安裝工程業；E801070 廚具、衛浴設備安裝工程業；F401010 國際貿易業；H701010 住宅及大樓開發租售業；I401010 一般廣告服務業；I503010 景觀、室內設計業；ZZ99999 除許可業務外，得經營法令非禁止或限制之業務,臺北市,變更,11504
94001853,馥億生技股份有限公司,臺北市內湖區成功路4段192號15樓之8,李庚燕,4500000,,115/04/23,改選董事/監察人(一人法人股東指派董事/監察人),F102040 飲料批發業；F102170 食品什貨批發業；F102180 酒精批發業；F103010 飼料批發業；F106020 日常用品批發業；F106060 寵物食品及其用品批發業；F107030 清潔用品批發業；F107070 動物用藥品批發業；F108031 醫療器材批發業；F108040 化粧品批發業,臺北市,變更,11504
94002797,淳鈺系統有限公司,臺北市萬華區西昌街138號1樓,張偉士,558080,,115/04/22,特殊補正,F113050 電腦及事務性機器設備批發業；F118010 資訊軟體批發業；F119010 電子材料批發業；F199990 其他批發業；F213010 電器零售業；F213030 電腦及事務性機器設備零售業；F218010 資訊軟體零售業；F219010 電子材料零售業；F401010 國際貿易業；I301010 資訊軟體服務業,臺北市,變更,11504
94013886,樂馥實業股份有限公司,臺北市信義區松德路161號4樓,張應偉,25000000,,115/04/15,董事/監察人持股變動報備,I401010 一般廣告服務業；I501010 產品設計業；I503010 景觀、室內設計業；I102010 一般投資顧問業；I103060 管理顧問業；I199990 其他顧問服務業；H703090 不動產買賣業；E801010 室內裝潢業；ZZ99999 除許可業務外，得經營法令非禁止或限制之業務,臺北市,變更,11504
94014668,川點數位科技股份有限公司,臺北市中山區南京東路2段137號14樓,劉明如,5000000,,115/04/17,改選董事/監察人(一人法人股東指派董事/監察人),F401010 國際貿易業；F601010 智慧財產權業；I103060 管理顧問業；I301010 資訊軟體服務業；I301020 資料處理服務業；I301030 電子資訊供應服務業；I401010 一般廣告服務業；I401020 廣告傳單分送業；I501010 產品設計業；I503010 景觀、室內設計業,臺北市,變更,11504
94015097,田音畫聯合影視製作有限公司,臺北市大安區忠孝東路4段155號6樓,沈姍儒,300000,,115/04/20,公司所在地,CC01120 資料儲存媒體製造及複製業；F113050 電腦及事務性機器設備批發業；F118010 資訊軟體批發業；F218010 資訊軟體零售業；F601010 智慧財產權業；I103060 管理顧問業；I105010 藝術品諮詢顧問業；I301010 資訊軟體服務業；I301020 資料處理服務業；I301030 電子資訊供應服務業,臺北市,變更,11504
94015625,昱信達有限公司,臺北市萬華區貴陽街2段27號6樓,陳昱璁,500000,,115/04/15,減少所營事業變更修正章程,H201010 一般投資業,臺北市,變更,11504
94015694,咖朋創新股份有限公司,臺北市中正區重慶南路1段10號8樓之15,陳振君,30000000,,115/04/29,改選董事/監察人(一人法人股東指派董事/監察人),E605010 電腦設備安裝業；F118010 資訊軟體批發業；F218010 資訊軟體零售業；I301010 資訊軟體服務業；I301020 資料處理服務業；I301030 電子資訊供應服務業；F401010 國際貿易業；F601010 智慧財產權業；IZ12010 人力派遣業；F113030 精密儀器批發業,臺北市,變更,11504
94016856,九韓餐飲有限公司,臺北市信義區莊敬路346號1樓,周鈺人,2000000,,115/04/16,特殊補正,F501060 餐館業；F501990 其他餐飲業；F203020 菸酒零售業；F203010 食品什貨、飲料零售業；F204110 布疋、衣著、鞋、帽、傘、服飾品零售業；F205040 家具、寢具、廚房器具、裝設品零售業；F206010 五金零售業；F206020 日常用品零售業；F209060 文教、樂器、育樂用品零售業；F299990 其他零售業,臺北市,變更,11504
94017074,斯芬克斯三號有限公司,臺北市中山區南京東路2段2號10樓,陳席宇,31400000,,115/04/21,增資,CC01010 發電、輸電、配電機械製造業；D101050 汽電共生業；D101060 再生能源自用發電設備業；D401010 熱能供應業；E601020 電器安裝業；E605010 電腦設備安裝業；E606010 用電設備檢驗維護業；E607010 太陽熱能設備安裝工程業；F113010 機械批發業；F113020 電器批發業,臺北市,變更,11504
94017601,格林台灣風能工業股份有限公司,臺北市松山區光復北路11巷44號7樓,Christian Hansen,3000000,,115/04/22,改選董事/監察人(一人法人股東指派董事/監察人),F113990 其他機械器具批發業；E604010 機械安裝業；F113060 度量衡器批發業；F113020 電器批發業；F113010 機械批發業；F401010 國際貿易業；F107010 漆料、塗料批發業；F107030 清潔用品批發業；F107170 工業助劑批發業；F112040 石油製品批發業,臺北市,變更,11504
94018088,奧立娛樂股份有限公司,臺北市中正區新生南路1段50號6樓之5,樊志達,15000000,,115/04/30,特殊補正,F203020 菸酒零售業；F203010 食品什貨、飲料零售業；F102170 食品什貨批發業；F113020 電器批發業；F113050 電腦及事務性機器設備批發業；F113070 電信器材批發業；F119010 電子材料批發業；F105050 家具、寢具、廚房器具、裝設品批發業；F109070 文教、樂器、育樂用品批發業；F113030 精密儀器批發業,臺北市,變更,11504
94018138,伯倫數位科技有限公司,臺北市大同區延平北路1段37號8樓之2,張湘葳,2000000,,115/04/27,公司所在地,F113050 電腦及事務性機器設備批發業；F118010 資訊軟體批發業；F213030 電腦及事務性機器設備零售業；F218010 資訊軟體零售業；I301010 資訊軟體服務業；I301020 資料處理服務業；I301030 電子資訊供應服務業；I103060 管理顧問業；IZ12010 人力派遣業；IZ13010 網路認證服務業,臺北市,變更,11504
94018518,鯨誠知識有限公司,臺北市大同區貴德街57之2號1樓,盧永偉,1000000,,115/04/07,特殊補正,I103060 管理顧問業；I301010 資訊軟體服務業；I301020 資料處理服務業；I301030 電子資訊供應服務業；I401010 一般廣告服務業；I501010 產品設計業；I503010 景觀、室內設計業；IZ15010 市場研究及民意調查業；J303010 雜誌（期刊）出版業；J503020 電視節目製作業,臺北市,變更,11504
94018550,威肯邁股份有限公司,臺北市大安區忠孝東路4段197號9樓之2,梁育誠,10000000,,115/04/02,補繳規費,F102030 菸酒批發業；F102180 酒精批發業；F203020 菸酒零售業；F203030 酒精零售業；F399040 無店面零售業；F401010 國際貿易業；F501050 飲酒店業；F501060 餐館業；F601010 智慧財產權業；ZZ99999 除許可業務外，得經營法令非禁止或限制之業務,臺北市,變更,11504
94018828,寓茶有限公司,臺北市大安區信義路4段306號13樓之1,張芳庭,3000000,,115/04/27,特殊補正,F203010 食品什貨、飲料零售業；F203020 菸酒零售業；F501030 飲料店業；F501050 飲酒店業；F501060 餐館業；F501990 其他餐飲業；ZZ99999 除許可業務外，得經營法令非禁止或限制之業務,臺北市,變更,11504
94027707,威盛開發股份有限公司,臺北市信義區光復南路495號4樓,劉孟君,1000000,,115/04/21,申登機關變更（遷入，含卷）,I102010 投資顧問業；I103060 管理顧問業；JE01010 租賃業；H201010 一般投資業；H701010 住宅及大樓開發租售業；H701020 工業廠房開發租售業；H701040 特定專業區開發業；H701050 投資興建公共建設業；H701060 新市鎮、新社區開發業；H701070 區段徵收及市地重劃代辦業,臺北市,變更,11504
94031012,泰達行科技股份有限公司,臺北市信義區忠孝東路5段669號10樓之3,顏紫晴,11000000,,115/04/10,特殊補正,F109070 文教、樂器、育樂用品批發業；F107190 塑膠膜、袋批發業；F107200 化學原料批發業；F106030 模具批發業；F113010 機械批發業；F113020 電器批發業；F113030 精密儀器批發業；F113050 電腦及事務性機器設備批發業；F206030 模具零售業；F207190 塑膠膜、袋零售業,臺北市,變更,11504
94031934,日光樂居股份有限公司,臺北市萬華區西寧南路72之1號5樓,劉冠翔,50000000,,115/04/23,特殊補正,F102170 食品什貨批發業；F105050 家具、寢具、廚房器具、裝設品批發業；F203010 食品什貨、飲料零售業；F203020 菸酒零售業；F205040 家具、寢具、廚房器具、裝設品零售業；F399010 便利商店業；F401010 國際貿易業；F501030 飲料店業；H703100 不動產租賃業；I102010 投資顧問業,臺北市,變更,11504
94032259,豪羣行銷有限公司,臺北市北投區知行路316巷63號1樓,林庭薇,2000000,,115/04/28,特殊補正,F104110 布疋、衣著、鞋、帽、傘、服飾品批發業；F105050 家具、寢具、廚房器具、裝設品批發業；F106020 日常用品批發業；F108040 化粧品批發業；F109070 文教、樂器、育樂用品批發業；F113050 電腦及事務性機器設備批發業；F119010 電子材料批發業；F204110 布疋、衣著、鞋、帽、傘、服飾品零售業；F205040 家具、寢具、廚房器具、裝設品零售業；F208040 化粧品零售業,臺北市,變更,11504
94032504,方糖資本股份有限公司,臺北市中山區中山北路2段112號12樓,黃信嘉,13294500,,115/04/13,董事/監察人持股變動報備,H201010 一般投資業；ZZ99999 除許可業務外，得經營法令非禁止或限制之業務,臺北市,變更,11504
94033010,星河智能股份有限公司,臺北市松山區南京東路4段1號6樓,CHE WEI YIU,5000000,,115/04/16,增資(資本總額),E604010 機械安裝業；F109070 文教、樂器、育樂用品批發業；F113010 機械批發業；F113020 電器批發業；F113050 電腦及事務性機器設備批發業；F118010 資訊軟體批發業；F209060 文教、樂器、育樂用品零售業；F213010 電器零售業；F213030 電腦及事務性機器設備零售業；F213080 機械器具零售業,臺北市,變更,11504
94047210,亞武志國際股份有限公司,臺北市中山區復興北路172號4樓,黃國龍,12500000,,115/04/09,申登機關變更（遷入，含卷）,F102170 食品什貨批發業；F106010 五金批發業；F108040 化粧品批發業；F119010 電子材料批發業；F401010 國際貿易業；I301010 資訊軟體服務業；JZ99050 仲介服務業；ZZ99999 除許可業務外，得經營法令非禁止或限制之業務,臺北市,變更,11504
94049977,米漾科技有限公司,臺北市大安區忠孝東路4段87號11樓之2,周鴻宇,100000,,115/04/14,特殊補正,I301020 資料處理服務業；I301010 資訊軟體服務業；F204110 布疋、衣著、鞋、帽、傘、服飾品零售業；F215010 首飾及貴金屬零售業；F399040 無店面零售業；F401010 國際貿易業；I301030 電子資訊供應服務業；I401010 一般廣告服務業；I501010 產品設計業；F205040 家具、寢具、廚房器具、裝設品零售業,臺北市,變更,11504
94053036,善源生技股份有限公司,臺北市大安區忠孝東路4段166號10樓,周佩錦,500000,,115/04/30,特殊補正,F102040 飲料批發業；F102050 茶葉批發業；F102170 食品什貨批發業；F104110 布疋、衣著、鞋、帽、傘、服飾品批發業；F108040 化粧品批發業；F109070 文教、樂器、育樂用品批發業；F203010 食品什貨、飲料零售業；F204110 布疋、衣著、鞋、帽、傘、服飾品零售業；F206020 日常用品零售業；F208040 化粧品零售業,臺北市,變更,11504
94054507,住展創新股份有限公司,臺北市內湖區洲子街85號6樓之1,徐珍翌,1357150,,115/04/22,特殊補正,JB01010 會議及展覽服務業；J303010 雜誌（期刊）出版業；J304010 圖書出版業；J601010 藝文服務業；J602010 演藝活動業；I401010 一般廣告服務業；IZ99990 其他工商服務業；F218010 資訊軟體零售業；I199990 其他顧問服務業；H703100 不動產租賃業,臺北市,變更,11504
94054909,匯達國際資訊有限公司,臺北市大安區忠孝東路4段183號13樓之2,林秀慧,10000000,,115/04/15,特殊補正,F118010 資訊軟體批發業；F218010 資訊軟體零售業；F113050 電腦及事務性機器設備批發業；F213030 電腦及事務性機器設備零售業；F109070 文教、樂器、育樂用品批發業；F209060 文教、樂器、育樂用品零售業；F113020 電器批發業；F213010 電器零售業；F119010 電子材料批發業；F219010 電子材料零售業,臺北市,變更,11504
94059952,思構易國際顧問股份有限公司,臺北市大安區忠孝東路4段270號7樓,楊士鋒,100000,,115/04/20,改選董事/監察人(一人法人股東指派董事/監察人),I199990 其他顧問服務業；I103060 管理顧問業；JA05010 留、遊學服務業；IZ12010 人力派遣業；F109070 文教、樂器、育樂用品批發業；F118010 資訊軟體批發業；F209060 文教、樂器、育樂用品零售業；F218010 資訊軟體零售業；F399040 無店面零售業；F401010 國際貿易業,臺北市,變更,11504
94071772,信衡地產有限公司,臺北市內湖區民權東路6段180巷6號4樓,陳逸華,500000,,115/04/08,特殊補正,H704031 不動產仲介經紀業；H703100 不動產租賃業；H703090 不動產買賣業；H702010 建築經理業；H701090 都市更新整建維護業；H701070 區段徵收及市地重劃代辦業；H701060 新市鎮、新社區開發業；H701020 工業廠房開發租售業；H701010 住宅及大樓開發租售業；ZZ99999 除許可業務外，得經營法令非禁止或限制之業務,臺北市,變更,11504
94072759,芯燁國際有限公司,臺北市士林區忠誠路2段106號,林采甯,1500000,,115/04/28,股東出資轉讓修正章程,F203010 食品什貨、飲料零售業；F204110 布疋、衣著、鞋、帽、傘、服飾品零售業；F205040 家具、寢具、廚房器具、裝設品零售業；F206010 五金零售業；F206020 日常用品零售業；F299990 其他零售業；F399040 無店面零售業；F399990 其他綜合零售業；F401010 國際貿易業；ZZ99999 除許可業務外，得經營法令非禁止或限制之業務,臺北市,變更,11504
94079351,山問攀登顧問股份有限公司,臺北市中正區忠孝西路1段21號7樓,陳昱仁,2000000,,115/04/20,特殊補正,J903020 登山嚮導業；J802010 運動訓練業；IZ12010 人力派遣業；J799990 其他休閒服務業；JE01010 租賃業；J701080 水域遊憩活動經營業；JZ99030 攝影業；I103060 管理顧問業；F104110 布疋、衣著、鞋、帽、傘、服飾品批發業；F109070 文教、樂器、育樂用品批發業,臺北市,變更,11504
94080245,星展複合式餐飲有限公司,臺北市信義區松山路132號2樓,何岳宸,2000000,,115/04/14,公司所營事業變更修正章程,F501060 餐館業；F501050 飲酒店業；F102030 菸酒批發業；F102040 飲料批發業；F203020 菸酒零售業；F401010 國際貿易業；I103060 管理顧問業；ZZ99999 除許可業務外，得經營法令非禁止或限制之業務,臺北市,變更,11504
94083714,樂融康健股份有限公司,臺北市內湖區文湖街87號,莊增瀧,1000000,,115/04/07,公司印鑑變更,H703110 老人住宅業；I101090 食品顧問業；I103060 管理顧問業；I199990 其他顧問服務業；IZ12010 人力派遣業；IZ99990 其他工商服務業；F501060 餐館業；F209060 文教、樂器、育樂用品零售業；ZZ99999 除許可業務外，得經營法令非禁止或限制之業務,臺北市,變更,11504
94085754,火星車業有限公司,臺北市大安區復興南路1段390號8樓之1,張維晉,1000000,,115/04/17,公司所在地,F214030 汽、機車零件配備零售業；F214010 汽車零售業；F214050 車胎零售業；F401010 國際貿易業；F204110 布疋、衣著、鞋、帽、傘、服飾品零售業；I502010 服飾設計業；I501010 產品設計業；ZZ99999 除許可業務外，得經營法令非禁止或限制之業務,臺北市,變更,11504
94086331,惠展企業管理顧問有限公司,臺北市中正區漢口街1段85號4樓之4,鄒珮娟,4000000,,115/04/24,特殊補正,I103060 管理顧問業；I199990 其他顧問服務業；I301020 資料處理服務業；H703100 不動產租賃業；ZZ99999 除許可業務外，得經營法令非禁止或限制之業務；I401010 一般廣告服務業；I501010 產品設計業；I599990 其他設計業；IZ12010 人力派遣業；IZ99990 其他工商服務業,臺北市,變更,11504
94090709,群樂事業有限公司,臺北市中正區忠孝東路1段150號9樓之1,楊珺涵,500000,,115/04/02,公司所在地,J101080 資源回收業；F106010 五金批發業；F113020 電器批發業；F113050 電腦及事務性機器設備批發業；J101030 廢棄物清除業；J101060 廢（污）水處理業；J101070 放射性廢料處理服務業；J101090 廢棄物清理業；J101110 營建剩餘土石方資源處理業；J101120 營建混合物分類處理業,臺北市,變更,11504
94092729,大和正實業有限公司,臺北市大安區仁愛路3段26號5樓,黃志明,1500000,,115/04/24,特殊補正,F104110 布疋、衣著、鞋、帽、傘、服飾品批發業；F106010 五金批發業；F106020 日常用品批發業；F106060 寵物食品及其用品批發業；F109070 文教、樂器、育樂用品批發業；F113020 電器批發業；F117010 消防安全設備批發業；F118010 資訊軟體批發業；F213030 電腦及事務性機器設備零售業；F399040 無店面零售業,臺北市,變更,11504
94092827,安塔瑞斯股份有限公司,臺北市內湖區內湖路1段91巷35弄66號1樓,蔡奕緯,400000,,115/04/24,特殊補正,F102170 食品什貨批發業；F106020 日常用品批發業；F108040 化粧品批發業；F112040 石油製品批發業；F114030 汽、機車零件配備批發業；F203010 食品什貨、飲料零售業；F205040 家具、寢具、廚房器具、裝設品零售業；F206020 日常用品零售業；F207030 清潔用品零售業；F208040 化粧品零售業,臺北市,變更,11504
94096730,智能電優股份有限公司,臺北市中正區開封街1段37號7樓,謝政道,234475800,,115/04/16,發行新股,CC01010 發電、輸電、配電機械製造業；D401010 熱能供應業；E599010 配管工程業；E601010 電器承裝業；E601020 電器安裝業；E603010 電纜安裝工程業；E603050 自動控制設備工程業；E604010 機械安裝業；EZ05010 儀器、儀表安裝工程業；EZ99990 其他工程業,臺北市,變更,11504
94096794,神耀科技股份有限公司,臺北市內湖區堤頂大道2段187號6樓,蘇亮,1000000000,,115/04/20,發行新股,CA02010 金屬結構及建築組件製造業；CA02060 金屬容器製造業；CA02990 其他金屬製品製造業；CB01010 機械設備製造業；CB01990 其他機械製造業；CC01030 電器及視聽電子產品製造業；CC01060 有線通信機械器材製造業；CC01070 無線通信機械器材製造業；CC01080 電子零組件製造業；CC01100 電信管制射頻器材製造業,臺北市,變更,11504
94097180,德鑫半導體控股股份有限公司,臺北市中山區民生東路2段172號4樓,闕聖哲,330598640,,115/04/01,特殊補正,H201010 一般投資業；I102010 一般投資顧問業；I103060 管理顧問業；H703090 不動產買賣業；H703100 不動產租賃業；ZZ99999 除許可業務外，得經營法令非禁止或限制之業務,臺北市,變更,11504
94101488,惊撼有限公司,臺北市中山區南京東路1段86號10樓,MARCEL HO CHOON YIT,500000,,115/04/10,特殊補正,F105050 家具、寢具、廚房器具、裝設品批發業；F106010 五金批發業；F106020 日常用品批發業；F107030 清潔用品批發業；F108040 化粧品批發業；F205040 家具、寢具、廚房器具、裝設品零售業；F206010 五金零售業；F206020 日常用品零售業；F207030 清潔用品零售業；F208040 化粧品零售業,臺北市,變更,11504
94105061,細胞動力科技股份有限公司,臺北市內湖區內湖路1段250號6樓,杜長宏,180000000,,115/04/20,發行新股,CB01010 機械設備製造業；CB01030 污染防治設備製造業；CB01990 其他機械製造業；CC01010 發電、輸電、配電機械製造業；CC01060 有線通信機械器材製造業；CC01070 無線通信機械器材製造業；CC01080 電子零組件製造業；E603050 自動控制設備工程業；E604010 機械安裝業；EZ99990 其他工程業,臺北市,變更,11504
94105267,禾新事業有限公司,臺北市大同區寧夏路23之1號2樓,盧俊龍,800000,,115/04/21,公司所在地,C701010 印刷業；C703010 印刷品裝訂及加工業；E605010 電腦設備安裝業；F102170 食品什貨批發業；F106020 日常用品批發業；F108040 化粧品批發業；F118010 資訊軟體批發業；F119010 電子材料批發業；F203010 食品什貨、飲料零售業；F206020 日常用品零售業,臺北市,變更,11504
94105288,黎明貿易有限公司,臺北市中正區許昌街42之1號10樓,楊黎明(NAN AYE MYINT),6500000,,115/04/08,董事/股東地址變更,F102170 食品什貨批發業；F102040 飲料批發業；F203010 食品什貨、飲料零售業；F401010 國際貿易業,臺北市,變更,11504
94105294,大倉本舖有限公司,臺北市大同區延平北路1段31號5樓,許正言,500000,,115/04/01,特殊補正,J304010 圖書出版業；J305010 有聲出版業；J401010 電影片製作業；J402010 電影片發行業；J503010 廣播節目製作業；J503020 電視節目製作業；J503030 廣播電視節目發行業；J503040 廣播電視廣告業；J601010 藝文服務業；J602010 演藝活動業,臺北市,變更,11504
94106033,隨星所寓行車有限公司,臺北市萬華區和平西路3段402號2樓,徐仲豪,2000000,,115/04/15,公司所在地,F114010 汽車批發業；F105050 家具、寢具、廚房器具、裝設品批發業；F106010 五金批發業；F113020 電器批發業；F113050 電腦及事務性機器設備批發業；F113110 電池批發業；F114030 汽、機車零件配備批發業；F114050 車胎批發業；F205040 家具、寢具、廚房器具、裝設品零售業；F206010 五金零售業,臺北市,變更,11504
94106054,海風管理顧問股份有限公司,臺北市中山區南京東路3段168號7樓,Tobias Charles Edmonds,500000,,115/04/01,改派董事/監察人,IG03010 能源技術服務業；I103060 管理顧問業；ZZ99999 除許可業務外，得經營法令非禁止或限制之業務,臺北市,變更,11504
94106765,樂芙資訊股份有限公司,臺北市南港區重陽路200號8樓,黃俊維,3000000,,115/04/28,特殊補正,J399010 軟體出版業；F218010 資訊軟體零售業；F399040 無店面零售業；I301010 資訊軟體服務業；I301020 資料處理服務業；I301030 電子資訊供應服務業；ZZ99999 除許可業務外，得經營法令非禁止或限制之業務,臺北市,變更,11504
94113169,有意思藝文整合有限公司,臺北市大安區安和路1段135巷13號地下樓,林柏勳,3000000,,115/04/08,特殊補正,J603010 音樂展演空間業；J601010 藝文服務業；J602010 演藝活動業；J701040 休閒活動場館業；J305010 有聲出版業；JA05010 留、遊學服務業；J399010 軟體出版業；J304010 圖書出版業；J302010 通訊稿業；J303010 雜誌（期刊）出版業,臺北市,變更,11504
94113837,亞太管家有限公司,臺北市大安區忠孝東路3段217巷4弄16號1樓,黃于婷,1000000,,115/04/27,公司所營事業變更修正章程,F401010 國際貿易業；ZZ99999 除許可業務外，得經營法令非禁止或限制之業務；F102040 飲料批發業；F102170 食品什貨批發業；F102180 酒精批發業；F203010 食品什貨、飲料零售業；F203030 酒精零售業；F203020 菸酒零售業；F102030 菸酒批發業；IZ99990 其他工商服務業,臺北市,變更,11504
94114809,五嶺文化事業有限公司,臺北市文山區忠順街2段80號3樓,劉一力,2000000,,115/04/20,特殊補正,F109070 文教、樂器、育樂用品批發業；F401010 國際貿易業；I401010 一般廣告服務業；I501010 產品設計業；I503010 景觀、室內設計業；I103060 管理顧問業；J303010 雜誌（期刊）出版業；J304010 圖書出版業；J305010 有聲出版業；J601010 藝文服務業,臺北市,變更,11504
94114955,沆特興業有限公司,臺北市大安區敦化南路2段65號4樓,許文馨,1000000,,115/04/30,補繳規費,I103060 管理顧問業；I501010 產品設計業；IZ06010 理貨包裝業；J202010 產業育成業；ZZ99999 除許可業務外，得經營法令非禁止或限制之業務；F105050 家具、寢具、廚房器具、裝設品批發業；F205040 家具、寢具、廚房器具、裝設品零售業；F401010 國際貿易業；F106020 日常用品批發業；F102170 食品什貨批發業,臺北市,變更,11504
94121301,金豪探有限公司,臺北市松山區南京東路4段77號2樓之1,劉奕廷,500000,,115/04/02,補繳規費,F203010 食品什貨、飲料零售業；F501030 飲料店業；F501060 餐館業；F501990 其他餐飲業；ZZ99999 除許可業務外，得經營法令非禁止或限制之業務,臺北市,變更,11504
94129893,神雋股份有限公司,臺北市南港區三重路66號12樓之2,范正達,200000000,,115/04/10,公司所在地,I103060 管理顧問業；I301010 資訊軟體服務業；I301020 資料處理服務業；I301030 電子資訊供應服務業；I501010 產品設計業；IZ99990 其他工商服務業；F119010 電子材料批發業；F401010 國際貿易業；F601010 智慧財產權業；ZZ99999 除許可業務外，得經營法令非禁止或限制之業務,臺北市,變更,11504
94129970,東道主有限公司,臺北市士林區士東路54巷22之2號1樓,陳盈伶,200000,,115/04/08,特殊補正,CC01080 電子零組件製造業；CC01110 電腦及其週邊設備製造業；E603040 消防安全設備安裝工程業；E603050 自動控制設備工程業；E603010 電纜安裝工程業；F102030 菸酒批發業；F102040 飲料批發業；F102170 食品什貨批發業；F113030 精密儀器批發業；F113050 電腦及事務性機器設備批發業,臺北市,變更,11504
94130337,大立三維創新科技股份有限公司,臺北市中正區重慶南路1段10號8樓之15,陳振君,7143000,,115/04/29,改選董事/監察人(一人法人股東指派董事/監察人),CC01120 資料儲存媒體製造及複製業；F601010 智慧財產權業；I102010 投資顧問業；I103060 管理顧問業；I199990 其他顧問服務業；I301010 資訊軟體服務業；I301020 資料處理服務業；I301030 電子資訊供應服務業；I301050 實境體感應用服務業；I401010 一般廣告服務業,臺北市,變更,11504
94130511,益旻科技有限公司,臺北市萬華區貴陽街2段27號6樓,黃婉宜,1000000,,115/04/09,特殊補正,F213010 電器零售業；F213030 電腦及事務性機器設備零售業；F113050 電腦及事務性機器設備批發業；F205040 家具、寢具、廚房器具、裝設品零售業；F206010 五金零售業；F206020 日常用品零售業；F207030 清潔用品零售業；F107030 清潔用品批發業；F299990 其他零售業；F399040 無店面零售業,臺北市,變更,11504
94130580,昕先有限公司,臺北市信義區永吉路486號,陳奕昕,2000000,,115/04/14,特殊補正,F203010 食品什貨、飲料零售業；F501030 飲料店業；ZZ99999 除許可業務外，得經營法令非禁止或限制之業務,臺北市,變更,11504
94131384,喬雙資本股份有限公司,臺北市大安區忠孝東路4段162號12樓之2,喬宣時,4000000,,115/04/30,改選董事/監察人(一人法人股東指派董事/監察人),H201010 一般投資業；H202010 創業投資業；H701010 住宅及大樓開發租售業；I102010 一般投資顧問業；I103060 管理顧問業；I199990 其他顧問服務業；ZZ99999 除許可業務外，得經營法令非禁止或限制之業務；F102030 菸酒批發業；F203020 菸酒零售業；F102180 酒精批發業,臺北市,變更,11504
94132481,橙佳科技有限公司,臺北市大同區市民大道1段209號12樓,杜宜珊,1000000,,115/04/17,公司所在地,F118010 資訊軟體批發業；F218010 資訊軟體零售業；I103060 管理顧問業；I301010 資訊軟體服務業；I301020 資料處理服務業；I301030 電子資訊供應服務業；J399010 軟體出版業；ZZ99999 除許可業務外，得經營法令非禁止或限制之業務,臺北市,變更,11504
94136563,合利發國際資產有限公司,臺北市信義區基隆路1段155號13樓之5,柯梓蕾,300000,,115/04/07,申登機關變更（遷入，含卷）,E601010 電器承裝業；E603020 電梯安裝工程業；E603040 消防安全設備安裝工程業；E603050 自動控制設備工程業；E603090 照明設備安裝工程業；E603110 冷作工程業；E603120 噴砂工程業；E604010 機械安裝業；E607010 太陽熱能設備安裝工程業；E701040 簡易電信設備安裝業,臺北市,變更,11504
94142592,星坦科技股份有限公司,臺北市大同區南京西路62號7樓,戴明毅,334449,,115/04/08,特殊補正,I103060 管理顧問業；I199990 其他顧問服務業；I301010 資訊軟體服務業；I301030 電子資訊供應服務業；F401010 國際貿易業；ZZ99999 除許可業務外，得經營法令非禁止或限制之業務,臺北市,變更,11504
94151917,青鋒創新壹號股份有限公司,臺北市信義區松智路30號1樓,林育民,100000,,115/04/27,特殊補正,H201010 一般投資業；H202010 創業投資業；HZ99990 其他金融、保險及不動產業；I102010 投資顧問業；I103060 管理顧問業；I199990 其他顧問服務業；ZZ99999 除許可業務外，得經營法令非禁止或限制之業務,臺北市,變更,11504
94157790,盛達科技有限公司,臺北市內湖區行善路188號2樓,詹秉蓁,5000000,,115/04/14,特殊補正,F113020 電器批發業；F113030 精密儀器批發業；F113050 電腦及事務性機器設備批發業；F113010 機械批發業；F117010 消防安全設備批發業；F119010 電子材料批發業；F213010 電器零售業；F213030 電腦及事務性機器設備零售業；F213040 精密儀器零售業；F213080 機械器具零售業,臺北市,變更,11504
94162061,森一甲國際有限公司,臺北市中山區長安東路2段169號5樓,蔣緯,9000000,,115/04/21,特殊補正,F101990 其他農、畜、水產品批發業；F102030 菸酒批發業；F102170 食品什貨批發業；F104110 布疋、衣著、鞋、帽、傘、服飾品批發業；F106010 五金批發業；F108040 化粧品批發業；F109070 文教、樂器、育樂用品批發業；F113010 機械批發業；F113020 電器批發業；F114030 汽、機車零件配備批發業,臺北市,變更,11504
94166926,祺麗國際有限公司,臺北市中山區林森北路67巷38號,張瑞薰,250000,,115/04/24,改推董事/董事長,F203010 食品什貨、飲料零售業；F204110 布疋、衣著、鞋、帽、傘、服飾品零售業；F205040 家具、寢具、廚房器具、裝設品零售業；F206020 日常用品零售業；F208040 化粧品零售業；F208050 乙類成藥零售業；F209060 文教、樂器、育樂用品零售業；F299990 其他零售業；F399040 無店面零售業；F399990 其他綜合零售業,臺北市,變更,11504
94173742,天上天下唯我獨尊有限公司,臺北市信義區基隆路2段56號9樓之2,陳韋翔,10000000,,115/04/27,減少所營事業變更修正章程,F102030 菸酒批發業；F203020 菸酒零售業；F203040 雪茄零售業；F401010 國際貿易業；I105010 藝術品諮詢顧問業；J601010 藝文服務業；JB01010 會議及展覽服務業；JE01010 租賃業；F102040 飲料批發業；F203010 食品什貨、飲料零售業,臺北市,變更,11504
94175827,樸燊建設有限公司,臺北市北投區三合街2段412號1樓,陳重文,30000000,,115/04/09,增資,H701010 住宅及大樓開發租售業；H701020 工業廠房開發租售業；H701050 投資興建公共建設業；H701060 新市鎮、新社區開發業；H701070 區段徵收及市地重劃代辦業；H701090 都市更新整建維護業；H702010 建築經理業；H703090 不動產買賣業；H703100 不動產租賃業；H703110 老人住宅業,臺北市,變更,11504
94176868,磁力有力給力有限公司,臺北市中山區復興北路48號3樓,韓錦蓮,200000,,115/04/09,特殊補正,D101060 再生能源自用發電設備業；F113110 電池批發業；F213110 電池零售業；F399040 無店面零售業；F399990 其他綜合零售業；F401010 國際貿易業；ZZ99999 除許可業務外，得經營法令非禁止或限制之業務；F111090 建材批發業；H702010 建築經理業；I102010 一般投資顧問業,臺北市,變更,11504
94177058,樂啡有限公司,臺北市中山區大直街124巷16號4樓之1,陳筱葳,200000,,115/04/08,特殊補正,ZZ99999 除許可業務外，得經營法令非禁止或限制之業務；I401010 一般廣告服務業；I501010 產品設計業；J301010 報紙業；J601010 藝文服務業；I599990 其他設計業；I103060 管理顧問業；F114030 汽、機車零件配備批發業；F114040 自行車及其零件批發業；F203010 食品什貨、飲料零售業,臺北市,變更,11504
94179653,天昊企業有限公司,臺北市松山區南京東路5段92號9樓,何家欣,1000000,,115/04/02,特殊補正,I102010 一般投資顧問業；I103060 管理顧問業；I199990 其他顧問服務業；F401010 國際貿易業；ZZ99999 除許可業務外，得經營法令非禁止或限制之業務,臺北市,變更,11504
94179725,理寶科技有限公司,臺北市大安區和平東路3段412之1號5樓之1,鄒應梅,6000000,,115/04/08,特殊補正,F213040 精密儀器零售業；F213080 機械器具零售業；F213990 其他機械器具零售業；F219010 電子材料零售業；ZZ99999 除許可業務外，得經營法令非禁止或限制之業務,臺北市,變更,11504
94181335,金好拎有限公司,臺北市松山區南京東路4段77號2樓之1,劉奕廷,710000,,115/04/30,申登機關變更（遷入，含卷）,F203010 食品什貨、飲料零售業；F501030 飲料店業；F501060 餐館業；F501990 其他餐飲業；ZZ99999 除許可業務外，得經營法令非禁止或限制之業務,臺北市,變更,11504
94181665,雲德國際有限公司,臺北市中山區民生東路1段29號6樓之4,葉俊德,600000,,115/04/13,特殊補正,F109070 文教、樂器、育樂用品批發業；F209060 文教、樂器、育樂用品零售業；F102170 食品什貨批發業；F203010 食品什貨、飲料零售業；F106020 日常用品批發業；F206020 日常用品零售業；F104110 布疋、衣著、鞋、帽、傘、服飾品批發業；F204110 布疋、衣著、鞋、帽、傘、服飾品零售業；F401010 國際貿易業；F601010 智慧財產權業,臺北市,變更,11504
94186676,威擘國際有限公司,臺北市士林區承德路4段188號3樓,陳羿淳,500000,,115/04/13,股東出資轉讓修正章程,F401010 國際貿易業；ZZ99999 除許可業務外，得經營法令非禁止或限制之業務,臺北市,變更,11504
94187197,隆運國際租賃股份有限公司,臺北市大同區延平北路2段202號18樓之3,莊子華,18000000,,115/04/14,特殊補正,G101041 小客車租賃業；ZZ99999 除許可業務外，得經營法令非禁止或限制之業務；F210010 鐘錶零售業；F214010 汽車零售業；H703110 老人住宅業,臺北市,變更,11504
94187942,承鑫綠能股份有限公司,臺北市大安區光復南路616號11樓,陳孟甫,12000000,,115/04/24,特殊補正,D101060 再生能源自用發電設備業；IG03010 能源技術服務業；I199990 其他顧問服務業；E599010 配管工程業；E604010 機械安裝業；E603050 自動控制設備工程業；E605010 電腦設備安裝業；E701040 簡易電信設備安裝業；CB01010 機械設備製造業；JE01010 租賃業,臺北市,變更,11504
94192017,云心技研有限公司,臺北市中山區四平街55號1樓,賴邦煇,200000,,115/04/17,特殊補正,C111010 製茶業；F102170 食品什貨批發業；F102040 飲料批發業；F102050 茶葉批發業；F104110 布疋、衣著、鞋、帽、傘、服飾品批發業；F106020 日常用品批發業；F105050 家具、寢具、廚房器具、裝設品批發業；F106050 陶瓷玻璃器皿批發業；F107030 清潔用品批發業；F108040 化粧品批發業,臺北市,變更,11504
94196554,西卡投資有限公司,臺北市松山區寶清街21號4樓之1,林逸安,50000,,115/04/17,股東出資轉讓修正章程,H201010 一般投資業,臺北市,變更,11504
94197033,富朗有限公司,臺北市大安區忠孝東路4段221號12樓,秦浩雲,1000000,,115/04/08,公司外文名稱登記修正章程,H201010 一般投資業,臺北市,變更,11504
94197836,跨鏈科技股份有限公司,臺北市中正區八德路1段37號,蘇建穎,160000000,,115/04/10,特殊補正,F399040 無店面零售業；F601010 智慧財產權業；I102010 投資顧問業；I103060 管理顧問業；I301010 資訊軟體服務業；I301020 資料處理服務業；I301030 電子資訊供應服務業；I401010 一般廣告服務業；IZ13010 網路認證服務業；IZ15010 市場研究及民意調查業,臺北市,變更,11504
94197977,一木曜研有限公司,臺北市大安區四維路76巷11號3樓,何青馨,2000000,,115/04/07,特殊補正,F107030 清潔用品批發業；F108040 化粧品批發業；H706021 租賃住宅包租業；H706011 租賃住宅代管業；H703090 不動產買賣業；H703100 不動產租賃業；H703110 老人住宅業；H703120 自助儲物空間業；H701010 住宅及大樓開發租售業；J799990 其他休閒服務業,臺北市,變更,11504
94204837,沐質股份有限公司,臺北市文山區羅斯福路5段190之3號1樓,黃國謙,500000,,115/04/16,特殊補正,F102040 飲料批發業；F102170 食品什貨批發業；F104110 布疋、衣著、鞋、帽、傘、服飾品批發業；F106020 日常用品批發業；F107030 清潔用品批發業；F108040 化粧品批發業；F113010 機械批發業；F113020 電器批發業；F118010 資訊軟體批發業；F203010 食品什貨、飲料零售業,臺北市,變更,11504
94205006,九運科技股份有限公司,臺北市中山區南京東路2段150號10樓,蘇海博,500000,,115/04/07,特殊補正,F118010 資訊軟體批發業；F218010 資訊軟體零售業；I301010 資訊軟體服務業；I301020 資料處理服務業；I301030 電子資訊供應服務業；J399010 軟體出版業；ZZ99999 除許可業務外，得經營法令非禁止或限制之業務,臺北市,變更,11504
94205272,大鷗摩飛智能有限公司,臺北市內湖區洲子街55號4樓,張筱可,5000000,,115/04/17,特殊補正,F102170 食品什貨批發業；F106020 日常用品批發業；F108040 化粧品批發業；I301010 資訊軟體服務業；IZ13010 網路認證服務業；F114030 汽、機車零件配備批發業；F399040 無店面零售業；I301020 資料處理服務業；I301030 電子資訊供應服務業；F401010 國際貿易業,臺北市,變更,11504
94205694,台灣西華產業股份有限公司,臺北市中正區衡陽路51號5樓,小和瀨志遠,30000000,,115/04/22,特殊補正,E599010 配管工程業；E601020 電器安裝業；E603040 消防安全設備安裝工程業；E603050 自動控制設備工程業；E604010 機械安裝業；E606010 用電設備檢驗維護業；EZ05010 儀器、儀表安裝工程業；EZ09010 靜電防護及消除工程業；F107010 漆料、塗料批發業；F107080 環境用藥批發業,臺北市,變更,11504
94206407,植徑國際有限公司,臺北市大同區市民大道1段209號12樓,劉若屏,50000,,115/04/01,特殊補正,F208040 化粧品零售業；F108040 化粧品批發業；F299990 其他零售業；F207990 其他化學製品零售業；F107990 其他化學製品批發業；F106020 日常用品批發業；JZ99110 瘦身美容業；F107030 清潔用品批發業；I199990 其他顧問服務業；F209060 文教、樂器、育樂用品零售業,臺北市,變更,11504
94212175,安睿嘉爾保險經紀人股份有限公司,臺北市信義區信義路5段7號55樓之1,王獻麟,196250000,,115/04/20,特殊補正,H602011 人身保險經紀人；H602021 財產保險經紀人,臺北市,變更,11504
94238034,政大之星創業投資股份有限公司,臺北市大安區敦化南路2段97號25樓,李志豪,426500000,,115/04/16,改選董事/監察人(一人法人股東指派董事/監察人),H201010 一般投資業；H202010 創業投資業,臺北市,變更,11504
94238689,小覓有限公司,臺北市萬華區中華路1段106號8樓,藍培瑛,2000000,,115/04/27,公司所在地,F104110 布疋、衣著、鞋、帽、傘、服飾品批發業；F105050 家具、寢具、廚房器具、裝設品批發業；F106010 五金批發業；F106020 日常用品批發業；F116010 照相器材批發業；F199990 其他批發業；F203010 食品什貨、飲料零售業；F204110 布疋、衣著、鞋、帽、傘、服飾品零售業；F205040 家具、寢具、廚房器具、裝設品零售業；F206010 五金零售業,臺北市,變更,11504
94239483,潮居科技股份有限公司,臺北市中山區建國北路2段65號12樓,鄧慶筠,2976192,,115/04/23,董事/監察人持股變動報備,J304010 圖書出版業；I102010 一般投資顧問業；I103060 管理顧問業；I301010 資訊軟體服務業；I301020 資料處理服務業；I301030 電子資訊供應服務業；I401010 一般廣告服務業；I401020 廣告傳單分送業；I501010 產品設計業；IZ03010 剪報業,臺北市,變更,11504
94243590,神瑞人工智慧股份有限公司,臺北市南港區三重路19之13號4樓,錢美娟,55000000,,115/04/14,特殊補正,F109070 文教、樂器、育樂用品批發業；F113050 電腦及事務性機器設備批發業；F118010 資訊軟體批發業；F119010 電子材料批發業；F209060 文教、樂器、育樂用品零售業；F213030 電腦及事務性機器設備零售業；F218010 資訊軟體零售業；F219010 電子材料零售業；I301010 資訊軟體服務業；H201010 一般投資業,臺北市,變更,11504
94246029,勝光國際有限公司,臺北市內湖區文湖街60巷32號5樓,簡延熾,1000000,,115/04/01,股東出資轉讓修正章程,F119010 電子材料批發業；F219010 電子材料零售業；F401010 國際貿易業；H201010 一般投資業；H202010 創業投資業；H703090 不動產買賣業；H703100 不動產租賃業；I102010 投資顧問業；F109070 文教、樂器、育樂用品批發業；F209060 文教、樂器、育樂用品零售業,臺北市,變更,11504
94251084,大滿貫運動平台股份有限公司,臺北市中山區林森北路653號1樓,謝一民,1100000,,115/04/30,特殊補正,J803010 運動表演業；J802010 運動訓練業；J799990 其他休閒服務業；F109070 文教、樂器、育樂用品批發業；F209060 文教、樂器、育樂用品零售業；F399990 其他綜合零售業；F204110 布疋、衣著、鞋、帽、傘、服飾品零售業；ZZ99999 除許可業務外，得經營法令非禁止或限制之業務,臺北市,變更,11504
94254603,一色有限公司,臺北市中山區天津街31號1樓,一色健介,500000,,115/04/20,股東出資轉讓修正章程,F501060 餐館業；F501030 飲料店業；F501050 飲酒店業；F501990 其他餐飲業；F401010 國際貿易業；F102030 菸酒批發業；F102040 飲料批發業；F102050 茶葉批發業；F102170 食品什貨批發業；F203010 食品什貨、飲料零售業,臺北市,變更,11504
94254651,美亞樂高球有限公司,臺北市中山區新生北路3段43號5樓之19,李紀麟,5000000,,115/04/17,公司所在地,F101040 家畜家禽批發業；F101050 水產品批發業；F101130 蔬果批發業；F101990 其他農、畜、水產品批發業；F102020 食用油脂批發業；F102030 菸酒批發業；F102040 飲料批發業；F102050 茶葉批發業；F102170 食品什貨批發業；F102180 酒精批發業,臺北市,變更,11504
94255151,又上控股股份有限公司,臺北市中山區建國北路1段67巷21號,闕又云,353940000,,115/04/29,增資(資本總額),H201010 一般投資業；ZZ99999 除許可業務外，得經營法令非禁止或限制之業務,臺北市,變更,11504
94266489,數達智顧股份有限公司,臺北市中山區長安東路2段110號9樓,張鈿浤,1000000,,115/04/22,復業副本,F401010 國際貿易業；I103060 管理顧問業；I199990 其他顧問服務業；I301010 資訊軟體服務業；I501010 產品設計業；IZ99990 其他工商服務業；IZ15010 市場研究及民意調查業；IZ12010 人力派遣業；J202010 產業育成業；ZZ99999 除許可業務外，得經營法令非禁止或限制之業務,臺北市,變更,11504
94266586,佰橙智能系統有限公司,臺北市北投區中央南路2段12之6號5樓,郭學書,1000000,,115/04/13,股東出資轉讓修正章程,I103060 管理顧問業；I301010 資訊軟體服務業；I301020 資料處理服務業；I301030 電子資訊供應服務業；I301040 第三方支付服務業；F113010 機械批發業；F113030 精密儀器批發業；F113050 電腦及事務性機器設備批發業；F113070 電信器材批發業；F118010 資訊軟體批發業,臺北市,變更,11504
94266925,澄香實業有限公司,臺北市大安區敦化南路2段38號21樓之1,黃幼華,10000000,,115/04/27,公司所營事業變更修正章程,C501010 製材業；C501040 組合木材製造業；C802100 化粧品製造業；F102030 菸酒批發業；F102170 食品什貨批發業；F103010 飼料批發業；F106070 祭祀用品批發業；F108040 化粧品批發業；F111090 建材批發業；F201010 農產品零售業,臺北市,變更,11504
94267311,水揚波股份有限公司,臺北市中山區松江路50號4樓,羅今唐,1000000,,115/04/09,公司所在地,C802090 清潔用品製造業；F207030 清潔用品零售業；C802100 化粧品製造業；F208040 化粧品零售業；F108040 化粧品批發業；F401010 國際貿易業；J401010 電影片製作業；J404010 動畫影片製作業；J404050 電影特效製作業；J503010 廣播節目製作業,臺北市,變更,11504
94268613,艾森坦能源股份有限公司,臺北市中山區南京東路3段189號10樓,高長崴,500000,,115/04/23,復業副本,D401010 熱能供應業；E601010 電器承裝業；E601020 電器安裝業；F107200 化學原料批發業；F107990 其他化學製品批發業；F113020 電器批發業；F113110 電池批發業；F119010 電子材料批發業；F207200 化學原料零售業；F207990 其他化學製品零售業,臺北市,變更,11504
94268819,新錩生醫有限公司,臺北市中山區南京東路2段157號7樓,趙泓輝,1000000,,115/04/15,股東出資轉讓修正章程,CE01010 一般儀器製造業；CE01030 光學儀器製造業；EZ05010 儀器、儀表安裝工程業；F102170 食品什貨批發業；F108040 化粧品批發業；F113020 電器批發業；F113030 精密儀器批發業；F113060 度量衡器批發業；F208050 乙類成藥零售業；F213040 精密儀器零售業,臺北市,變更,11504
94268992,元益不動產有限公司,臺北市中正區武昌街1段77號8樓之1,葉欣儀,100000,,115/04/24,特殊補正,H701010 住宅及大樓開發租售業；H701020 工業廠房開發租售業；H701050 投資興建公共建設業；H701060 新市鎮、新社區開發業；H701070 區段徵收及市地重劃代辦業；H701090 都市更新整建維護業；H703090 不動產買賣業；H703100 不動產租賃業；H702010 建築經理業；H703110 老人住宅業,臺北市,變更,11504
94269015,阿莫卡多影音文化股份有限公司,臺北市萬華區貴陽街2段27號6樓,郭毅驊,4000000,,115/04/28,特殊補正,F102170 食品什貨批發業；F104110 布疋、衣著、鞋、帽、傘、服飾品批發業；F106020 日常用品批發業；F113050 電腦及事務性機器設備批發業；F118010 資訊軟體批發業；F203010 食品什貨、飲料零售業；F204110 布疋、衣著、鞋、帽、傘、服飾品零售業；F206020 日常用品零售業；F213030 電腦及事務性機器設備零售業；F218010 資訊軟體零售業,臺北市,變更,11504
94269845,關威資本股份有限公司,臺北市士林區中山北路6段157巷11號9樓之5,李東翰,55000000,,115/04/24,補選董事(常務董事.董事長)/監察人,H201010 一般投資業；IG01010 生物技術服務業；I301010 資訊軟體服務業；ZZ99999 除許可業務外，得經營法令非禁止或限制之業務,臺北市,變更,11504
94270272,昇嘉資本股份有限公司,臺北市松山區敦化北路167號17樓,王晨凱,2000000,,115/04/21,公司所營事業變更修正章程,H201010 一般投資業,臺北市,變更,11504
94270391,時霂整合行銷股份有限公司,臺北市松山區敦化南路1段57號3樓之6,吳秉儒,500000,,115/04/23,申登機關變更（遷入，含卷）,F118010 資訊軟體批發業；F399040 無店面零售業；I103060 管理顧問業；I199990 其他顧問服務業；I301010 資訊軟體服務業；I301020 資料處理服務業；I301030 電子資訊供應服務業；I401010 一般廣告服務業；I401020 廣告傳單分送業；I501010 產品設計業,臺北市,變更,11504
94271151,鈞播數位整合有限公司,臺北市大同區華陰街99號4樓,徐漢翊,2000000,,115/04/24,特殊補正,F118010 資訊軟體批發業；F113050 電腦及事務性機器設備批發業；F218010 資訊軟體零售業；F213030 電腦及事務性機器設備零售業；E605010 電腦設備安裝業；I103060 管理顧問業；I199990 其他顧問服務業；I301010 資訊軟體服務業；I301020 資料處理服務業；I301030 電子資訊供應服務業,臺北市,變更,11504
94787896,國英工業股份有限公司,臺北市南港區向陽路162巷100號8樓,邱正雄,27563000,,115/04/30,公司所在地,,臺北市,變更,11504
94854228,唯忠實業股份有限公司,臺北市大安區仁愛路4段68號8樓,游學文,10000000,,115/04/24,改選董事/監察人(一人法人股東指派董事/監察人),E801020 門窗安裝工程業；CC01040 照明設備製造業；E603090 照明設備安裝工程業；F113020 電器批發業；F213010 電器零售業；CN01010 家具及裝設品製造業；F104110 布疋、衣著、鞋、帽、傘、服飾品批發業；F105050 家具、寢具、廚房器具、裝設品批發業；F204110 布疋、衣著、鞋、帽、傘、服飾品零售業；F205040 家具、寢具、廚房器具、裝設品零售業,臺北市,變更,11504
95426012,台灣英和電子股份有限公司,臺北市大同區承德路2段81號3樓之3,新谷博之,20000000,,115/04/10,改派董事/監察人,E604010 機械安裝業；F113010 機械批發業；F113020 電器批發業；F113070 電信器材批發業；F113990 其他機械器具批發業；F119010 電子材料批發業；F213010 電器零售業；F213060 電信器材零售業；F213080 機械器具零售業；F213990 其他機械器具零售業,臺北市,變更,11504
95433908,英信有限公司,臺北市信義區信義路4段458號6樓,巫明錦,1000000,,115/04/16,特殊補正,C104020 烘焙炊蒸食品製造業；F203010 食品什貨、飲料零售業；C103050 罐頭、冷凍、脫水及醃漬食品製造業；C104010 糖果製造業；C105010 食用油脂製造業；C110010 飲料製造業；C199010 麵條、粉條類食品製造業；C199990 未分類其他食品製造業；F101130 蔬果批發業；F101990 其他農、畜、水產品批發業,臺北市,變更,11504
95437101,宸財管理顧問股份有限公司,臺北市中山區松江路122號2樓,林瑛明,65000000,,115/04/13,修正章程,H201010 一般投資業；H202010 創業投資業；I102010 一般投資顧問業；I103060 管理顧問業；I199990 其他顧問服務業；ZZ99999 除許可業務外，得經營法令非禁止或限制之業務,臺北市,變更,11504
95438050,怡美永續管理顧問股份有限公司,臺北市大同區鄭州路87號2樓之1,王文聖,1000000,,115/04/23,董事(常務董事.董事長)/監察人解任,I102010 一般投資顧問業；I103060 管理顧問業；I199990 其他顧問服務業；ZZ99999 除許可業務外，得經營法令非禁止或限制之業務,臺北市,變更,11504
95438690,溯蒳外泌體股份有限公司,臺北市中正區重慶南路1段57號4樓之10,劉宛甄,4670020,,115/04/20,公司所在地,F102170 食品什貨批發業；F106010 五金批發業；F106020 日常用品批發業；F107030 清潔用品批發業；F108040 化粧品批發業；F107990 其他化學製品批發業；F203010 食品什貨、飲料零售業；F206010 五金零售業；F206020 日常用品零售業；F207030 清潔用品零售業,臺北市,變更,11504
95438853,蓋亞支付技術股份有限公司,臺北市信義區忠孝東路5段510號17樓之1,Lo Chun Kit Andrew,10085650,,115/04/23,特殊補正,I301010 資訊軟體服務業；I301020 資料處理服務業；I301030 電子資訊供應服務業；I401010 一般廣告服務業；IZ13010 網路認證服務業；IZ99990 其他工商服務業；F399040 無店面零售業,臺北市,變更,11504
95442152,森宇創新國際有限公司,臺北市中山區松江路42號6樓之5,吳謙瑜,500000,,115/04/16,特殊補正,C104020 烘焙炊蒸食品製造業；F102170 食品什貨批發業；F203010 食品什貨、飲料零售業；F102040 飲料批發業；F401010 國際貿易業；F301010 百貨公司業；F301020 超級市場業；F399010 便利商店業；F399040 無店面零售業；F201010 農產品零售業,臺北市,變更,11504
95450390,軒寓閣樓府旺股份有限公司,臺北市大安區信義路4段26號6樓之1,陳亮宇,74600000,,115/04/08,特殊補正,I102010 一般投資顧問業；H201010 一般投資業；I103060 管理顧問業；F501030 飲料店業；F501060 餐館業；F501990 其他餐飲業；F203010 食品什貨、飲料零售業；F401010 國際貿易業；F501050 飲酒店業；F102030 菸酒批發業,臺北市,變更,11504
95450624,峰行國際股份有限公司,臺北市中山區松江路275號7樓,郭語涵,3000000,,115/04/13,特殊補正,F106010 五金批發業；F106020 日常用品批發業；F113020 電器批發業；F113050 電腦及事務性機器設備批發業；F113070 電信器材批發業；F113110 電池批發業；F118010 資訊軟體批發業；F119010 電子材料批發業；F206010 五金零售業；F206020 日常用品零售業,臺北市,變更,11504
95451721,裏山設計顧問股份有限公司,臺北市萬華區環河南路1段23號8樓之23,沈映仁,8833330,,115/04/22,增資(資本總額),F113020 電器批發業；F113050 電腦及事務性機器設備批發業；F115010 首飾及貴金屬批發業；F118010 資訊軟體批發業；F104110 布疋、衣著、鞋、帽、傘、服飾品批發業；F105050 家具、寢具、廚房器具、裝設品批發業；F109070 文教、樂器、育樂用品批發業；F203010 食品什貨、飲料零售業；F213010 電器零售業；F213030 電腦及事務性機器設備零售業,臺北市,變更,11504
95452593,益循投資股份有限公司,臺北市文山區羅斯福路6段146號15樓之7,吳哲安,1830000,,115/04/24,特殊補正,H201010 一般投資業；ZZ99999 除許可業務外，得經營法令非禁止或限制之業務,臺北市,變更,11504
95460926,飛雲科技股份有限公司,臺北市內湖區瑞光路168號9樓,彭成佑,2000000,,115/04/15,補繳規費,F118010 資訊軟體批發業；F218010 資訊軟體零售業；F119010 電子材料批發業；F219010 電子材料零售業；I301030 電子資訊供應服務業；CC01120 資料儲存媒體製造及複製業；I301010 資訊軟體服務業；I301020 資料處理服務業；F401010 國際貿易業；I199990 其他顧問服務業,臺北市,變更,11504
95461381,安新生醫股份有限公司,臺北市信義區松仁路100號34樓,陳奕魁,172232666,,115/04/01,特殊補正,IG01010 生物技術服務業；IG02010 研究發展服務業；I301020 資料處理服務業；I301010 資訊軟體服務業；I301030 電子資訊供應服務業；I103060 管理顧問業；IC01010 藥品檢驗業；F601010 智慧財產權業；F208050 乙類成藥零售業；F401010 國際貿易業,臺北市,變更,11504
95462121,維明麗棠有限公司,臺北市中正區忠孝東路1段76號12樓之1,曾孜棠,2000000,,115/04/15,補繳規費,H201010 一般投資業；H703090 不動產買賣業；H703100 不動產租賃業；ZZ99999 除許可業務外，得經營法令非禁止或限制之業務,臺北市,變更,11504
95463395,縈穀有限公司,臺北市大同區市民大道1段209號12樓,曾惠慈,300000,,115/04/08,公司所在地,F399040 無店面零售業；F109070 文教、樂器、育樂用品批發業；F209060 文教、樂器、育樂用品零售業；I401010 一般廣告服務業；F106020 日常用品批發業；F206020 日常用品零售業；F104110 布疋、衣著、鞋、帽、傘、服飾品批發業；F204110 布疋、衣著、鞋、帽、傘、服飾品零售業；F118010 資訊軟體批發業；F218010 資訊軟體零售業,臺北市,變更,11504
95464129,大音文具有限公司,臺北市松山區光復北路11巷99號地下,商書銘,10000000,,115/04/30,特殊補正,ZZ99999 除許可業務外，得經營法令非禁止或限制之業務；F102170 食品什貨批發業；F104110 布疋、衣著、鞋、帽、傘、服飾品批發業；F105050 家具、寢具、廚房器具、裝設品批發業；F106010 五金批發業；F106020 日常用品批發業；F109070 文教、樂器、育樂用品批發業；F118010 資訊軟體批發業；F203010 食品什貨、飲料零售業；F204110 布疋、衣著、鞋、帽、傘、服飾品零售業,臺北市,變更,11504
95467575,雅德藍思有限公司,臺北市信義區松隆路102號17樓之1,張北達,510000,,115/04/21,股東出資轉讓修正章程,ZZ99999 除許可業務外，得經營法令非禁止或限制之業務；F105050 家具、寢具、廚房器具、裝設品批發業；F205040 家具、寢具、廚房器具、裝設品零售業；F106020 日常用品批發業；F206020 日常用品零售業；F401010 國際貿易業；F399040 無店面零售業；F102170 食品什貨批發業；F208040 化粧品零售業；F108040 化粧品批發業,臺北市,變更,11504
95468363,鍹鋐文教企業股份有限公司,臺北市中正區忠孝東路2段80號3樓,簡郁峯,10000000,,115/04/29,特殊補正,F601010 智慧財產權業；I103060 管理顧問業；F209060 文教、樂器、育樂用品零售業；J304010 圖書出版業；J302010 通訊稿業；J305010 有聲出版業；J399990 其他出版業；JA05010 留、遊學服務業；J202010 產業育成業；ZZ99999 除許可業務外，得經營法令非禁止或限制之業務,臺北市,變更,11504
95472330,頂峰投資有限公司,臺北市內湖區瑞光路478巷20號3樓之1,司徒金波,5400000,,115/04/07,特殊補正,H201010 一般投資業；I301010 資訊軟體服務業；I301020 資料處理服務業；I301030 電子資訊供應服務業；IZ13010 網路認證服務業；E605010 電腦設備安裝業,臺北市,變更,11504
95476862,德樂育樂有限公司,臺北市大安區信義路4段267號5樓,黃錦華,12000000,,115/04/27,增資,J801030 競技及休閒運動場館業；J802010 運動訓練業；J803020 運動比賽業；F109070 文教、樂器、育樂用品批發業；F209060 文教、樂器、育樂用品零售業；F401010 國際貿易業,臺北市,變更,11504
95477519,邊際投資有限公司,臺北市中正區忠孝西路1段50號21樓之13,周育宏,15000000,,115/04/23,公司所在地,H201010 一般投資業；H202010 創業投資業；I102010 一般投資顧問業；I103060 管理顧問業；IZ99990 其他工商服務業；ZZ99999 除許可業務外，得經營法令非禁止或限制之業務,臺北市,變更,11504
95477834,東宇實商有限公司,臺北市萬華區中華路1段106號8樓,蕭建原,1000000,,115/04/02,申登機關變更（遷入，含卷）,I401010 一般廣告服務業；I199990 其他顧問服務業；J404020 提供設備及場地供電影片拍攝業；JZ99030 攝影業；JZ99090 喜慶綜合服務業；J305010 有聲出版業；J601010 藝文服務業；F106020 日常用品批發業；F116010 照相器材批發業；F206020 日常用品零售業,臺北市,變更,11504
95481859,樂動文創事業股份有限公司,臺北市士林區士商路189號2樓,王文杰,1500000,,115/04/09,特殊補正,F104110 布疋、衣著、鞋、帽、傘、服飾品批發業；F105050 家具、寢具、廚房器具、裝設品批發業；F106010 五金批發業；F106020 日常用品批發業；F108040 化粧品批發業；F113020 電器批發業；F113050 電腦及事務性機器設備批發業；F113070 電信器材批發業；F113110 電池批發業；F204110 布疋、衣著、鞋、帽、傘、服飾品零售業,臺北市,變更,11504
95482288,聽覺的東西股份有限公司,臺北市大安區光復南路102號6樓,余昊益,550000,,115/04/30,補選董事(常務董事.董事長)/監察人,J601010 藝文服務業；J305010 有聲出版業；J399990 其他出版業；J401010 電影片製作業；J404010 動畫影片製作業；J404040 電影錄音業；J602010 演藝活動業；ZZ99999 除許可業務外，得經營法令非禁止或限制之業務,臺北市,變更,11504
95482386,楦燁股份有限公司,臺北市北投區承德路6段120號4樓,陳澤鈞,1000000,,115/04/30,特殊補正,I401010 一般廣告服務業；I501010 產品設計業；I599990 其他設計業；F102170 食品什貨批發業；F108040 化粧品批發業；F207030 清潔用品零售業；F208040 化粧品零售業；F208050 乙類成藥零售業；F399040 無店面零售業；F401010 國際貿易業,臺北市,變更,11504
95482626,玉豐科技營銷有限公司,臺北市內湖區成功路2段235號2樓,李建德,1000000,,115/04/20,增資,I103060 管理顧問業；I501010 產品設計業；IZ04010 翻譯業；JA02010 電器及電子產品修理業；I199990 其他顧問服務業；I301020 資料處理服務業；I599990 其他設計業；IZ15010 市場研究及民意調查業；F401010 國際貿易業；F399040 無店面零售業,臺北市,變更,11504
95485877,漁健客有限公司,臺北市中正區衡陽路10號7樓,劉韋成,500000,,115/04/29,申登機關變更（遷入，含卷）,A301030 水產養殖業；A302020 漁業服務業；C104020 烘焙炊蒸食品製造業；F101050 水產品批發業；F102170 食品什貨批發業；F201030 水產品零售業；F203010 食品什貨、飲料零售業；F399040 無店面零售業；F401010 國際貿易業；H201010 一般投資業,臺北市,變更,11504
95492461,明月樓有限公司,臺北市大安區復興南路2段288號1樓,譚英朗,6000000,,115/04/14,公司印鑑變更,F501060 餐館業；F203010 食品什貨、飲料零售業；F501030 飲料店業,臺北市,變更,11504
95498633,吉合物流科技有限公司,臺北市內湖區港墘路200號8樓,吳靜惠,25000000,,115/04/30,股東出資轉讓修正章程,ZZ99999 除許可業務外，得經營法令非禁止或限制之業務；F118010 資訊軟體批發業；F218010 資訊軟體零售業；F401010 國際貿易業；G801010 倉儲業；I103060 管理顧問業；I301010 資訊軟體服務業；I301020 資料處理服務業；I301030 電子資訊供應服務業；IZ06010 理貨包裝業,臺北市,變更,11504
96003146,瞬影科技股份有限公司,臺北市中山區建國北路3段92號4樓,黃唯植,2000000,,115/04/21,特殊補正,F102020 食用油脂批發業；F102030 菸酒批發業；F105050 家具、寢具、廚房器具、裝設品批發業；F106020 日常用品批發業；F121010 食品添加物批發業；F201010 農產品零售業；F201020 畜產品零售業；F201030 水產品零售業；F203010 食品什貨、飲料零售業；F204110 布疋、衣著、鞋、帽、傘、服飾品零售業,臺北市,變更,11504
96155001,療癒我股份有限公司,臺北市信義區基隆路1段432號9樓之7,劉至浩,100000,,115/04/29,特殊補正,F213010 電器零售業；F208040 化粧品零售業；F206020 日常用品零售業；I301030 電子資訊供應服務業；F399040 無店面零售業；F204110 布疋、衣著、鞋、帽、傘、服飾品零售業；I401010 一般廣告服務業；F213060 電信器材零售業；F203010 食品什貨、飲料零售業；F221010 食品添加物零售業,臺北市,變更,11504
96252860,望德斯國際股份有限公司,臺北市內湖區堤頂大道2段501號7樓,陳旭文,120000000,,115/04/22,修正章程,F401010 國際貿易業；F103010 飼料批發業；F101040 家畜家禽批發業；F102170 食品什貨批發業；F108040 化粧品批發業；JZ99110 瘦身美容業；IG01010 生物技術服務業；F208011 中藥零售業；F108011 中藥批發業；F208021 西藥零售業,臺北市,變更,11504
96317300,優潤家股份有限公司,臺北市大安區安和路2段7號10樓之2,陳韻文,5000000,,115/04/20,特殊補正,H706011 租賃住宅代管業；H706021 租賃住宅包租業；H703100 不動產租賃業；H701010 住宅及大樓開發租售業；E801010 室內裝潢業；E601020 電器安裝業；E801070 廚具、衛浴設備安裝工程業；E901010 油漆工程業；I103060 管理顧問業；I199990 其他顧問服務業,臺北市,變更,11504
96573906,抽寶股份有限公司,臺北市中正區南昌路2段47號1樓,陳偉華,300000,,115/04/24,補繳規費,F109070 文教、樂器、育樂用品批發業；F209060 文教、樂器、育樂用品零售業；F399040 無店面零售業；F401010 國際貿易業；ZZ99999 除許可業務外，得經營法令非禁止或限制之業務,臺北市,變更,11504
96577620,昇駿生醫股份有限公司,臺北市中正區衡陽路10號12樓,程宗駿,23700000,,115/04/28,董事/監察人持股變動報備,E604010 機械安裝業；F113010 機械批發業；F113030 精密儀器批發業；F213040 精密儀器零售業；F213080 機械器具零售業；F401010 國際貿易業；F601010 智慧財產權業；H202010 創業投資業；I301010 資訊軟體服務業；I501010 產品設計業,臺北市,變更,11504
96671907,磐玥國際有限公司,臺北市中正區懷寧街76號1樓,葉林向恩,18900000,,115/04/08,增資,F109070 文教、樂器、育樂用品批發業；F206020 日常用品零售業；F207030 清潔用品零售業；F208040 化粧品零售業；F399040 無店面零售業；F401010 國際貿易業；I301030 電子資訊供應服務業；I401010 一般廣告服務業；I501010 產品設計業；JE01010 租賃業,臺北市,變更,11504
96678063,綻尹無限股份有限公司,臺北市松山區南京東路4段1號6樓,張尹甯,1000000,,115/04/29,改選董事/監察人(一人法人股東指派董事/監察人),F104110 布疋、衣著、鞋、帽、傘、服飾品批發業；F105050 家具、寢具、廚房器具、裝設品批發業；F203010 食品什貨、飲料零售業；F204110 布疋、衣著、鞋、帽、傘、服飾品零售業；F205040 家具、寢具、廚房器具、裝設品零售業；F209060 文教、樂器、育樂用品零售業；F401010 國際貿易業；F601010 智慧財產權業；I103060 管理顧問業；I501010 產品設計業,臺北市,變更,11504
96678177,榮耀世紀國際股份有限公司,臺北市信義區紫雲街29之1號4樓,蔡麗芳,1020000,,115/04/15,特殊補正,F102030 菸酒批發業；F102040 飲料批發業；F102050 茶葉批發業；F102170 食品什貨批發業；F102180 酒精批發業；F103010 飼料批發業；F104110 布疋、衣著、鞋、帽、傘、服飾品批發業；F105050 家具、寢具、廚房器具、裝設品批發業；F106010 五金批發業；F106020 日常用品批發業,臺北市,變更,11504
96683740,可膳股份有限公司,臺北市中山區長春路20號8樓,廖婕瑀,200000,,115/04/29,特殊補正,F102170 食品什貨批發業；F102040 飲料批發業；F104110 布疋、衣著、鞋、帽、傘、服飾品批發業；F105050 家具、寢具、廚房器具、裝設品批發業；F106020 日常用品批發業；F108040 化粧品批發業；F113020 電器批發業；F113030 精密儀器批發業；F113050 電腦及事務性機器設備批發業；F203010 食品什貨、飲料零售業,臺北市,變更,11504
96685085,鑫田創意股份有限公司,臺北市松山區南京東路4段103號5樓之1,林育如,2000000,,115/04/28,增資(資本總額),CC01080 電子零組件製造業；CC01110 電腦及其週邊設備製造業；E605010 電腦設備安裝業；F113050 電腦及事務性機器設備批發業；F113070 電信器材批發業；F113110 電池批發業；F118010 資訊軟體批發業；F119010 電子材料批發業；F213010 電器零售業；F213030 電腦及事務性機器設備零售業,臺北市,變更,11504
96751887,諾詞有限公司,臺北市中山區民權東路2段206號5樓之2,近藤岳裕,250000,,115/04/24,公司所在地,F203020 菸酒零售業；F203010 食品什貨、飲料零售業；F299990 其他零售業；F399990 其他綜合零售業；F209060 文教、樂器、育樂用品零售業；F204110 布疋、衣著、鞋、帽、傘、服飾品零售業；F206020 日常用品零售業；F399040 無店面零售業；F102040 飲料批發業；F102030 菸酒批發業,臺北市,變更,11504
96752014,嗡嗡行銷有限公司,臺北市大安區德安里大安路1段191號6樓之1,鍾昀哲,500000,,115/04/14,股東出資轉讓修正章程,F106010 五金批發業；F105050 家具、寢具、廚房器具、裝設品批發業；F108040 化粧品批發業；F113010 機械批發業；F119010 電子材料批發業；F102040 飲料批發業；F102170 食品什貨批發業；F104110 布疋、衣著、鞋、帽、傘、服飾品批發業；F109070 文教、樂器、育樂用品批發業；F206010 五金零售業,臺北市,變更,11504
96752035,傑丞建築經理股份有限公司,臺北市中正區忠孝西路1段7號6樓之4,陳志榮,150000,,115/04/13,特殊補正,H701010 住宅及大樓開發租售業；H701020 工業廠房開發租售業；H701040 特定專業區開發業；H701050 投資興建公共建設業；H701060 新市鎮、新社區開發業；H701070 區段徵收及市地重劃代辦業；H701080 都市更新重建業；H701090 都市更新整建維護業；H702010 建築經理業；H703090 不動產買賣業,臺北市,變更,11504
96752529,予白空間設計有限公司,臺北市中山區新生北路3段43號11樓之29,鄧羽喬,200000,,115/04/20,特殊補正,E801010 室內裝潢業；I199990 其他顧問服務業；I401010 一般廣告服務業；I501010 產品設計業；I503010 景觀、室內設計業；I599990 其他設計業；JE01010 租賃業；ZZ99999 除許可業務外，得經營法令非禁止或限制之業務,臺北市,變更,11504
96757685,羿冠投資有限公司,臺北市大安區和平東路1段6號11樓,許詩韓,58952000,,115/04/02,特殊補正,H201010 一般投資業；ZZ99999 除許可業務外，得經營法令非禁止或限制之業務,臺北市,變更,11504
96758170,齊心家居有限公司,臺北市士林區福國路98之4號1樓,林宏彰,6000000,,115/04/21,股東出資轉讓修正章程,H704031 不動產仲介經紀業；H701010 住宅及大樓開發租售業；H701050 投資興建公共建設業；H701060 新市鎮、新社區開發業；H701070 區段徵收及市地重劃代辦業；H702010 建築經理業；H703090 不動產買賣業；H703100 不動產租賃業；H703110 老人住宅業；F111090 建材批發業,臺北市,變更,11504
96760823,品敘股份有限公司,臺北市南港區忠孝東路7段526、528號2樓,李葳,5000000,,115/04/21,特殊補正,F501990 其他餐飲業；F501060 餐館業；F102170 食品什貨批發業；F102040 飲料批發業；F203010 食品什貨、飲料零售業；ZZ99999 除許可業務外，得經營法令非禁止或限制之業務,臺北市,變更,11504
96766592,誠真倍富投資有限公司,臺北市松山區復興北路145號5樓,黃堯麟,200000,,115/04/20,特殊補正,H201010 一般投資業,臺北市,變更,11504
96768796,雷克斯半導體股份有限公司,臺北市中山區松江路22號8樓,陳志光,3000000,,115/04/09,補繳規費,CC01080 電子零組件製造業；F401010 國際貿易業；I301010 資訊軟體服務業；I103060 管理顧問業；I501010 產品設計業；F601010 智慧財產權業；ZZ99999 除許可業務外，得經營法令非禁止或限制之業務,臺北市,變更,11504
96777964,路朋科技股份有限公司,臺北市內湖區瑞光路335號6樓,林鼎鐘,40200000,,115/04/22,發行新股,I301010 資訊軟體服務業；I301020 資料處理服務業；I301030 電子資訊供應服務業；I401010 一般廣告服務業；JA01990 其他汽車服務業；IZ13010 網路認證服務業；F399040 無店面零售業；F118010 資訊軟體批發業；F218010 資訊軟體零售業；F401010 國際貿易業,臺北市,變更,11504
96779560,永創生醫有限公司,臺北市松山區南京東路五段343號5樓之2,劉振麗,1000000,,115/04/22,特殊補正,F108040 化粧品批發業；F208040 化粧品零售業；F208050 乙類成藥零售業；F401010 國際貿易業；F601010 智慧財產權業；I101090 食品顧問業；I102010 一般投資顧問業；I103060 管理顧問業；I199990 其他顧問服務業；I301020 資料處理服務業,臺北市,變更,11504
96788081,土耳其商阿爾比恩貿易有限公司,臺北市中山區南京東路三段201號9樓,KANAN MAMMADLI,47000,,115/04/02,一般補正案,F102030 菸酒批發業；F102170 食品什貨批發業；F104110 布疋、衣著、鞋、帽、傘、服飾品批發業；F111090 建材批發業；F113020 電器批發業；F119010 電子材料批發業；F203010 食品什貨、飲料零售業；F203020 菸酒零售業；F204110 布疋、衣著、鞋、帽、傘、服飾品零售業；F211010 建材零售業,臺北市,變更,11504
96790832,青菜園三代食品有限公司,臺北市內湖區文湖街73號1樓,曹惠萍,500000,,115/04/27,公司所在地,A101020 農作物栽培業；A101040 食用菌菇類栽培業；A102020 農產品整理業；F101050 水產品批發業；F101130 蔬果批發業；F102170 食品什貨批發業；F201010 農產品零售業；F201020 畜產品零售業；F201030 水產品零售業；F203010 食品什貨、飲料零售業,臺北市,變更,11504
96794274,愛瑞德科技股份有限公司,臺北市中正區杭州南路1段63號5樓之1,楊衍春,28200000,,115/04/09,補繳規費,CC01070 無線通信機械器材製造業；CC01060 有線通信機械器材製造業；CC01010 發電、輸電、配電機械製造業；CC01030 電器及視聽電子產品製造業；CC01040 照明設備製造業；CC01080 電子零組件製造業；CC01100 電信管制射頻器材製造業；CC01110 電腦及其週邊設備製造業；CC01120 資料儲存媒體製造及複製業；CC01990 其他電機及電子機械器材製造業,臺北市,變更,11504
96797504,祐嘉資訊服務有限公司,臺北市松山區南京東路3段285號8樓,龔祖菱,1000000,,115/04/16,公司名稱變更修正章程,F401010 國際貿易業；I102010 一般投資顧問業；I103060 管理顧問業；I199990 其他顧問服務業；I301020 資料處理服務業；I301030 電子資訊供應服務業；I401010 一般廣告服務業；IZ99990 其他工商服務業；ZZ99999 除許可業務外，得經營法令非禁止或限制之業務,臺北市,變更,11504
96799881,麗升左方股份有限公司,臺北市信義區松高路1號10樓之1,曾宣儒,500000,,115/04/08,特殊補正,CC01010 發電、輸電、配電機械製造業；D101060 再生能源自用發電設備業；D401010 熱能供應業；E601010 電器承裝業；E603090 照明設備安裝工程業；IG03010 能源技術服務業；H201010 一般投資業；H202010 創業投資業；HZ99990 其他金融、保險及不動產業；I102010 一般投資顧問業,臺北市,變更,11504
96801964,奎泰有限公司,臺北市內湖區瑞光路168號9樓,王璽崴,1000000,,115/04/08,股東出資轉讓修正章程,F401010 國際貿易業；I301010 資訊軟體服務業；I301020 資料處理服務業；I301030 電子資訊供應服務業；I599990 其他設計業；JE01010 租賃業,臺北市,變更,11504
96805075,自然風國際餐飲有限公司,臺北市松山區三民路113巷5之4號1樓,曾翌憲,2000000,,115/04/27,特殊補正,F201010 農產品零售業；F201020 畜產品零售業；F201030 水產品零售業；F203010 食品什貨、飲料零售業；F203020 菸酒零售業；F401010 國際貿易業；F501030 飲料店業；IZ12010 人力派遣業；ZZ99999 除許可業務外，得經營法令非禁止或限制之業務,臺北市,變更,11504
96806454,凱承興業有限公司,臺北市內湖區麗山街41號1樓,張凱程,1000000,,115/04/02,增資,F105050 家具、寢具、廚房器具、裝設品批發業；F106010 五金批發業；F106020 日常用品批發業；F107030 清潔用品批發業；F113110 電池批發業；F205040 家具、寢具、廚房器具、裝設品零售業；F206010 五金零售業；F206020 日常用品零售業；F207030 清潔用品零售業；F213110 電池零售業,臺北市,變更,11504
96806742,安境國際有限公司,臺北市大同區重慶北路3段235之1號4樓,許毓倚,1000000,,115/04/27,公司名稱變更修正章程,F105050 家具、寢具、廚房器具、裝設品批發業；F205040 家具、寢具、廚房器具、裝設品零售業；F399040 無店面零售業；F299990 其他零售業；I199990 其他顧問服務業；I105010 藝術品諮詢顧問業；F401010 國際貿易業；F106010 五金批發業；F206010 五金零售業；F106020 日常用品批發業,臺北市,變更,11504
96808002,長弘時尚股份有限公司,臺北市中山區長春路56號3樓、4樓、5樓,王重鈞,12000000,,115/04/01,分公司地址變更,J901020 一般旅館業,臺北市,變更,11504
96820694,丹成投資有限公司,臺北市大安區新生南路2段18號2樓,王曉彤,100500000,,115/04/07,增資,H201010 一般投資業,臺北市,變更,11504
96821146,拓源生物科技股份有限公司,臺北市中山區林森北路372號8樓,張幸鈴,10000000,,115/04/02,特殊補正,F102040 飲料批發業；F102050 茶葉批發業；F102170 食品什貨批發業；F102180 酒精批發業；F103010 飼料批發業；F104110 布疋、衣著、鞋、帽、傘、服飾品批發業；F105050 家具、寢具、廚房器具、裝設品批發業；F106010 五金批發業；F106020 日常用品批發業；F106030 模具批發業,臺北市,變更,11504
96826424,賽華曼三號股份有限公司,臺北市中山區南京東路2段2號10樓,陳席宇,73800000,,115/04/20,發行新股,CC01010 發電、輸電、配電機械製造業；D101050 汽電共生業；D101060 再生能源自用發電設備業；D401010 熱能供應業；E601020 電器安裝業；E605010 電腦設備安裝業；E606010 用電設備檢驗維護業；E607010 太陽熱能設備安裝工程業；F113010 機械批發業；F113020 電器批發業,臺北市,變更,11504
96830454,璟睿永續管理顧問有限公司,臺北市中山區南京東路2段160號6樓,薛珮旻,1000000,,115/04/16,公司名稱變更修正章程,I401010 一般廣告服務業；J202010 產業育成業；I102010 一般投資顧問業；JD01010 工商徵信服務業；J101990 其他環境衛生及污染防治服務業；EZ99990 其他工程業；F399990 其他綜合零售業；F401010 國際貿易業；I103060 管理顧問業；I199990 其他顧問服務業,臺北市,變更,11504
96831263,崴賦投資股份有限公司,臺北市中正區杭州南路1段27號3樓,孫佳鳳,29000000,,115/04/28,特殊補正,H201010 一般投資業；H703100 不動產租賃業；I102010 一般投資顧問業；I103060 管理顧問業；I199990 其他顧問服務業；I301010 資訊軟體服務業；I301020 資料處理服務業；I301030 電子資訊供應服務業；I401010 一般廣告服務業；IZ12010 人力派遣業,臺北市,變更,11504
96831720,賦城股份有限公司,臺北市大安區信義路4段210號11樓,李鎮岳,2510000,,115/04/20,改選董事/監察人(一人法人股東指派董事/監察人),F203010 食品什貨、飲料零售業；F206020 日常用品零售業；F209060 文教、樂器、育樂用品零售業；I401010 一般廣告服務業；F208040 化粧品零售業；F208050 乙類成藥零售業；F203030 酒精零售業；F399040 無店面零售業；F399990 其他綜合零售業；I199990 其他顧問服務業,臺北市,變更,11504
96834120,格濎股份有限公司,臺北市中正區重慶南路1段10號8樓之15,黃騰逸,3000000,,115/04/30,改選董事/監察人(一人法人股東指派董事/監察人),H703090 不動產買賣業；H703100 不動產租賃業；H701010 住宅及大樓開發租售業；F401010 國際貿易業；F104110 布疋、衣著、鞋、帽、傘、服飾品批發業；J303010 雜誌（期刊）出版業；J602010 演藝活動業；J603010 音樂展演空間業；I502010 服飾設計業；ZZ99999 除許可業務外，得經營法令非禁止或限制之業務,臺北市,變更,11504
96835373,石澗開發股份有限公司,臺北市大安區敦化南路1段205號5樓之6,林志峯,22600000,,115/04/29,特殊補正,H701010 住宅及大樓開發租售業；H701020 工業廠房開發租售業；H701040 特定專業區開發業；H701050 投資興建公共建設業；H701060 新市鎮、新社區開發業；H701070 區段徵收及市地重劃代辦業；H701080 都市更新重建業；H701090 都市更新整建維護業；H703090 不動產買賣業；H703100 不動產租賃業,臺北市,變更,11504
96835423,乙太之聲娛樂有限公司,臺北市松山區八德路4段106巷10弄14號2樓,管映喻,100000,,115/04/22,特殊補正,J401010 電影片製作業；J402010 電影片發行業；J403010 電影片映演業；J404010 動畫影片製作業；J404020 提供設備及場地供電影片拍攝業；J404040 電影錄音業；J404050 電影特效製作業；J503030 廣播電視節目發行業；J503040 廣播電視廣告業；J503050 錄影節目帶業,臺北市,變更,11504
96838857,千形科技股份有限公司,臺北市士林區中山北路5段518號8樓,孫淑炫,29500000,,115/04/02,特殊補正,D101060 再生能源自用發電設備業；E599010 配管工程業；E601010 電器承裝業；E601020 電器安裝業；E603010 電纜安裝工程業；E603040 消防安全設備安裝工程業；E603050 自動控制設備工程業；E605010 電腦設備安裝業；E606010 用電設備檢驗維護業；E701030 電信管制射頻器材裝設工程業,臺北市,變更,11504
96849860,進喜貿易有限公司,臺北市士林區通河東街1段124巷6弄14號1樓,陳德軒,3000000,,115/04/01,特殊補正,A102020 農產品整理業；A102060 糧商業；F101040 家畜家禽批發業；F101050 水產品批發業；F101130 蔬果批發業；F101990 其他農、畜、水產品批發業；F102030 菸酒批發業；F102040 飲料批發業；F102050 茶葉批發業；F102170 食品什貨批發業,臺北市,變更,11504
96905378,鴻福事務用品企業有限公司,臺北市松山區市民大道4段175號2樓,李建毅,1200000,,115/04/01,特殊補正,F109070 文教、樂器、育樂用品批發業；F209060 文教、樂器、育樂用品零售業；F113050 電腦及事務性機器設備批發業；F104110 布疋、衣著、鞋、帽、傘、服飾品批發業；F105050 家具、寢具、廚房器具、裝設品批發業；F106010 五金批發業；F106020 日常用品批發業；F115010 首飾及貴金屬批發業；F399990 其他綜合零售業；I501010 產品設計業,臺北市,變更,11504
96907376,信創營造股份有限公司,臺北市中山區復興北路356之1號12樓,邱見鴻,100000000,,115/04/10,董事/監察人持股變動報備,E101011 綜合營造業；E601010 電器承裝業；E601020 電器安裝業；E603040 消防安全設備安裝工程業；E604010 機械安裝業；E801070 廚具、衛浴設備安裝工程業；ZZ99999 除許可業務外，得經營法令非禁止或限制之業務；CA02010 金屬結構及建築組件製造業,臺北市,變更,11504
96930279,華德鋁業股份有限公司,臺北市萬華區西藏路273號1樓,林鼎強,20000000,,115/04/08,特殊補正,CA01100 鋁材二次加工業。；CA02010 金屬結構及建築組件製造業；CA02020 鋁銅製品製造業。；E801020 門窗安裝工程業,臺北市,變更,11504
96939187,元億實業有限公司,臺北市大同區寧夏路155號6樓,陳碧吟,5000000,,115/04/14,股東出資轉讓修正章程,C701010 印刷業；F109070 文教、樂器、育樂用品批發業；F106020 日常用品批發業；F106050 陶瓷玻璃器皿批發業；F399990 其他綜合零售業；I401010 一般廣告服務業；I501010 產品設計業；IZ04010 翻譯業；F206020 日常用品零售業；F106010 五金批發業,臺北市,變更,11504
96956523,憶揚資訊股份有限公司,臺北市內湖區文德路153號1樓,陳姸文,25000000,,115/04/15,特殊補正,F113010 機械批發業；F113050 電腦及事務性機器設備批發業；F118010 資訊軟體批發業；F119010 電子材料批發業；F213030 電腦及事務性機器設備零售業；F213080 機械器具零售業；F218010 資訊軟體零售業；F219010 電子材料零售業；F401010 國際貿易業；I301010 資訊軟體服務業,臺北市,變更,11504
96956755,彩繪旅行社股份有限公司,臺北市中山區南京東路3段26號5樓,王家祥,36500000,,115/04/23,改選董事/監察人(一人法人股東指派董事/監察人),J902011 旅行業,臺北市,變更,11504
96974352,日商三菱日聯銀行股份有限公司,臺北市松山區民生東路三段109號8樓,森本岳史,1620000000,,115/04/17,本公司董事及其他負責人變更,H101021 商業銀行業,臺北市,變更,11504
96974748,麥克隆國際實業股份有限公司,臺北市士林區文昌路132號2樓,陳玉燕,15000000,,115/04/24,補選董事(常務董事.董事長)/監察人,ZZ99999 除許可業務外，得經營法令非禁止或限制之業務；C399990 其他紡織及製品製造業,臺北市,變更,11504
96974959,日商三菱重工業股份有限公司,臺北市中山區松江路169號5樓,田中正一,20000000,,115/04/07,改派在中華民國境內負責人變更登記,F114080 軌道車輛及其零件批發業；E603100 電焊工程業；F113030 精密儀器批發業；E604010 機械安裝業；F113010 機械批發業；F113100 污染防治設備批發業；F114010 汽車批發業；F114030 汽、機車零件配備批發業；F114060 船舶及其零件批發業；F114070 航空器及其零件批發業,臺北市,變更,11504
96978688,台灣億滋股份有限公司,臺北市內湖區洲子街107號6樓,謝小慶(Tse Siu Hing),53009000,,115/04/17,董事/監察人證照變更,F102040 飲料批發業。；F102060 乳品批發業。；F102100 糖果批發業。；F102990 其他食品批發業。（咖啡豆、咖啡粉批發）；ZZ99999 除許可業務外，得經營法令非禁止或限制之業務,臺北市,變更,11504
96989279,家幸企業有限公司,臺北市士林區克強路10巷8號,張束,5000000,,115/04/17,特殊補正,,臺北市,變更,11504
97062282,三衛貿易有限公司,臺北市內湖區內湖路2段265號5樓,劉瑞琴,5100000,,115/04/23,特殊補正,,臺北市,變更,11504
97091511,立均有限公司,臺北市松山區復興北路179號12樓之4,麥彥雯,5000000,,115/04/28,公司所營事業變更修正章程,I103060 管理顧問業；I301010 資訊軟體服務業；IZ12010 人力派遣業；F118010 資訊軟體批發業；E605010 電腦設備安裝業；EZ05010 儀器、儀表安裝工程業；F113050 電腦及事務性機器設備批發業；F213030 電腦及事務性機器設備零售業；F213040 精密儀器零售業；F213060 電信器材零售業,臺北市,變更,11504
97092096,磐亞投資股份有限公司,臺北市中正區新生南路1段50號4樓之4,王貴賢,198000000,,115/04/28,特殊補正,H201010 一般投資業；H701010 住宅及大樓開發租賃業；F102040 飲料批發業；F203010 食品什貨、飲料零售業,臺北市,變更,11504
97093567,昭安旅行社有限公司,臺北市中山區長春路78號3樓之3、之4,周龍文,10000000,,115/04/20,特殊補正,J902011 旅行業 ＜營業範圍以交通部關光局核准之業務範圍為準＞,臺北市,變更,11504
97098599,日東事務機器有限公司,臺北市中山區中山北路2段50巷23號,李生宗,1000000,,115/04/14,公司印鑑變更,,臺北市,變更,11504
97099274,正義投資有限公司,臺北市松山區敦化北路167號2樓,簡呂明月,13300000,,115/04/30,股東出資轉讓修正章程,H201010 一般投資業；H701010 住宅及大樓開發租售業；H701020 工業廠房開發租售業；H703090 不動產買賣業；H703100 不動產租賃業；ZZ99999 除許可業務外，得經營法令非禁止或限制之業務,臺北市,變更,11504
97105923,皮爾米雪兒國際投資股份有限公司,臺北市大安區信義路4段279號8樓,黃元駿,5000000,,115/04/15,特殊補正,H201010 一般投資業,臺北市,變更,11504
97123366,寶鴻企業有限公司,臺北市信義區吳興街156巷29弄1號1樓,陳文慶,1000000,,115/04/23,減資,F102170 食品什貨批發業；F102030 菸酒批發業；F102040 飲料批發業；F102050 茶葉批發業；F104110 布疋、衣著、鞋、帽、傘、服飾品批發業；F109070 文教、樂器、育樂用品批發業；F401010 國際貿易業；IZ06010 理貨包裝業；ZZ99999 除許可業務外，得經營法令非禁止或限制之業務,臺北市,變更,11504
97128448,豐國際工程有限公司,臺北市松山區復興北路57號2樓之1,江亭慧,20000000,,115/04/10,特殊補正,E603040 消防安全設備安裝工程業；E604010 機械安裝業；E801010 室內裝潢業；E901010 油漆工程業；E903010 防蝕、防銹工程業；EZ99990 其他工程業；F111090 建材批發業；F211010 建材零售業；F401010 國際貿易業；F401021 電信管制射頻器材輸入業,臺北市,變更,11504
97129410,金庫投資股份有限公司,臺北市中山區中山北路2段128巷4號,蔣朝宇,300000000,,115/04/29,改選董事/監察人(一人法人股東指派董事/監察人),H201010 一般投資業；ZZ99999 除許可業務外，得經營法令非禁止或限制之業務,臺北市,變更,11504
97130459,信升昌營造股份有限公司,臺北市大安區和平東路3段63號5樓之8,楊建興,60000000,,115/04/27,補繳規費,,臺北市,變更,11504
97165506,昶虹國際股份有限公司,臺北市中山區長春路368號4樓之1,陳清福,1509090000,,115/04/29,董事(常務董事.董事長)/監察人解任,A101020 農作物栽培業；A101030 特用作物栽培業；A102050 作物栽培服務業；A199990 其他農業；A301030 水產養殖業；A302010 對外漁業合作業；A302020 漁業服務業；B101010 煤礦業；CB01010 機械設備製造業；CC01080 電子零組件製造業,臺北市,變更,11504
97165800,睿信建設股份有限公司,臺北市內湖區新湖一路8號7樓,林鍫,800000000,,115/04/16,補繳規費,G801010 倉儲業；H701010 住宅及大樓開發租售業；H701020 工業廠房開發租售業；H701040 特定專業區開發業；H701050 投資興建公共建設業；H701060 新市鎮、新社區開發業；H703090 不動產買賣業；H703100 不動產租賃業；JE01010 租賃業；ZZ99999 除許可業務外，得經營法令非禁止或限制之業務,臺北市,變更,11504
97168335,臺聯國際投資股份有限公司,臺北市南港區南港路一段209號1樓,畢淑蒨,787185000,,115/04/02,補繳規費,,臺北市,變更,11504
97169756,台灣橫濱輪胎股份有限公司,臺北市中正區忠孝東路2段88號14樓,渡邉祥史,12000000,,115/04/14,改選董事/監察人(一人法人股東指派董事/監察人),,臺北市,變更,11504
97172008,元禮國際貿易股份有限公司,臺北市松山區光復北路11巷35號10樓,Katherine Elizabeth Jackson,5000000,,115/04/20,改派董事/監察人,F109070 文教、樂器、育樂用品批發業；F209060 文教、樂器、育樂用品零售業；F401010 國際貿易業；I103060 管理顧問業；I501010 產品設計業；J304010 圖書出版業；ZZ99999 除許可業務外，得經營法令非禁止或限制之業務,臺北市,變更,11504
97172915,大慶票券金融股份有限公司,臺北市中山區松江路152號14樓,莊隆昌,3291112500,,115/04/13,改派董事/監察人,H102011 票券金融業,臺北市,變更,11504
97176399,台灣三菱商事股份有限公司,臺北市中山區松江路87號14樓,三田地肇,400000000,,115/04/22,改選董事/監察人(一人法人股東指派董事/監察人),F401010 國際貿易業；E604010 機械安裝業；A102060 糧商業；F107041 農藥批發業；G801010 倉儲業；F107080 環境用藥批發業；F207080 環境用藥零售業；F103010 飼料批發業；F202010 飼料零售業；IZ15010 市場研究及民意調查業,臺北市,變更,11504
97178143,伯東國際通商股份有限公司,臺北市中山區八德路2段308號6樓,施俊和,155000000,,115/04/13,特殊補正,F113010 機械批發業；F113020 電器批發業；F113030 精密儀器批發業；F113050 電腦及事務性機器設備批發業；F113060 度量衡器批發業；F113070 電信器材批發業；F116010 照相器材批發業；F119010 電子材料批發業；F213010 電器零售業；F213030 電腦及事務性機器設備零售業,臺北市,變更,11504
97179488,台灣樂蘭企業股份有限公司,臺北市中山區中山北路2段112號9樓之5,何新發,50000000,,115/04/01,特殊補正,E605010 電腦設備安裝業；F109070 文教、樂器、育樂用品批發業；F113050 電腦及事務性機器設備批發業；F119010 電子材料批發業；F209060 文教、樂器、育樂用品零售業；F213030 電腦及事務性機器設備零售業；F219010 電子材料零售業；F401010 國際貿易業；F401021 電信管制射頻器材輸入業；F108031 醫療器材批發業,臺北市,變更,11504
97282201,鴻宇建設股份有限公司,臺北市中山區松江路206號11樓之3,許秋滄,460000000,,115/04/28,特殊補正,H701010 住宅及大樓開發租售業；H701020 工業廠房開發租售業；H701060 新市鎮、新社區開發業；H703090 不動產買賣業；H703100 不動產租賃業；H201010 一般投資業；F111090 建材批發業；ZZ99999 除許可業務外，得經營法令非禁止或限制之業務,臺北市,變更,11504
97286918,爭鮮股份有限公司,臺北市大安區新生南路三段88之4號,陳津秋,1176388520,,115/04/29,補繳規費,F201010 農產品零售業；F201030 水產品零售業；F209060 文教、樂器、育樂用品零售業；F204110 布疋、衣著、鞋、帽、傘、服飾品零售業；F205040 家具、寢具、廚房器具、裝設品零售業；F206020 日常用品零售業；F207190 塑膠膜、袋零售業；F210010 鐘錶零售業；F213010 電器零售業；F213030 電腦及事務性機器設備零售業,臺北市,變更,11504
97287682,百崴工程企業有限公司,臺北市大安區和平東路2段18之8號,陳和三,2000000,,115/04/23,股東出資轉讓修正章程,,臺北市,變更,11504
97292284,富御機械股份有限公司,臺北市大安區忠孝東路3段197之5號,黃仕豪,88235300,,115/04/28,增資(資本總額),F113020 電器批發業；F113010 機械批發業；F117010 消防安全設備批發業；F113050 電腦及事務性機器設備批發業；F119010 電子材料批發業；E603050 自動控制設備工程業；I301010 資訊軟體服務業；IG03010 能源技術服務業；E599010 配管工程業；E601020 電器安裝業,臺北市,變更,11504
97292849,福樂國際工程有限公司,臺北市內湖區新明273巷6號2樓,陳逸羣,5000000,,115/04/29,公司印鑑變更,CC01080 電子零組件製造業；CC01110 電腦及其週邊設備製造業；CC01120 資料儲存媒體製造及複製業；CE01010 一般儀器製造業；CE01030 光學儀器製造業；F113030 精密儀器批發業；F113050 電腦及事務性機器設備批發業；F118010 資訊軟體批發業；F119010 電子材料批發業；F401010 國際貿易業,臺北市,變更,11504
97294831,三雅投資股份有限公司,臺北市中山區南京東路2段96號8樓,王雅峯,80000000,,115/04/09,董事/監察人持股變動報備,H201010 一般投資業,臺北市,變更,11504
97315147,天下空間股份有限公司,臺北市松山區民權東路3段106巷15弄12號,廖英伶,5000000,,115/04/07,特殊補正,I401010 一般廣告服務業；I301020 資料處理服務業；I301030 電子資訊供應服務業；I501010 產品設計業；F401010 國際貿易業；I503010 景觀、室內設計業；C701010 印刷業；E801010 室內裝潢業；ZZ99999 除許可業務外，得經營法令非禁止或限制之業務,臺北市,變更,11504
97316125,玉易實業有限公司,臺北市松山區八德路4段678號4樓之2,劉俐婷,5000000,,115/04/20,特殊補正,,臺北市,變更,11504
97316440,國堂有限公司,臺北市內湖區東湖路33巷18號1樓,翁明龍,4000000,,115/04/24,特殊補正,F208040 化粧品零售業；F203010 食品什貨、飲料零售業；F204110 布疋、衣著、鞋、帽、傘、服飾品零售業；F207030 清潔用品零售業；F208021 西藥零售業；F208031 醫療器材零售業；F208050 乙類成藥零售業；F401010 國際貿易業；ZZ99999 除許可業務外，得經營法令非禁止或限制之業務,臺北市,變更,11504
97319256,臺灣金醇洋酒股份有限公司,臺北市中正區新生南路1段50號11樓,王貴賢,298000000,,115/04/02,改選董事/監察人(一人法人股東指派董事/監察人),F203020 菸酒零售業。；F401010 國際貿易業；F399010 便利商店業；F301030 一般商店業；F203010 食品、飲料零售業；F206010 五金零售業；F206020 日常用品零售業；F105010 家具批發業；F106050 陶瓷玻璃器皿批發業；F102010 冷凍食品批發業,臺北市,變更,11504
97321318,禾本康國際股份有限公司,臺北市信義區松仁路275巷7號3樓,賓至剛,5000000,,115/04/20,特殊補正,J304010 圖書出版業。；I103010 企業經營管理顧問業。；I301010 資訊軟體服務業。；I301030 電子資訊供應服務業。；I401010 一般廣告服務業。；I501010 產品設計業。；F106020 日常用品批發業。；F206020 日常用品零售業。；F108040 化粧品批發業。；F208040 化粧品零售業。,臺北市,變更,11504
97322251,三椏工程顧問有限公司,臺北市松山區光復北路165巷31號1樓,林琪能,500000,,115/04/10,負責人印鑑變更,,臺北市,變更,11504
97324687,晉紘產物保險經紀人有限公司,臺北市中山區新生北路3段7號11樓之5,簡國欽,5000000,,115/04/21,特殊補正,,臺北市,變更,11504
97328311,敦陽國際開發股份有限公司,臺北市信義區基隆路2段51號12樓之3,鄭志祥,100000000,,115/04/07,改選董事/監察人(一人法人股東指派董事/監察人),I102010 投資顧問業；H701060 新市鎮、新社區開發業；H701080 都市更新業；H701040 特定專業區開發業；H701070 區段徵收及市地重劃代辦業；H701050 投資興建公共建設業；E201010 景觀工程業；JZ99050 仲介服務業；B601010 土石採取業,臺北市,變更,11504
97364174,艾立營造股份有限公司,臺北市大同區承德路3段244號12樓,邱創森,300000000,,115/04/07,發行新股,E101011 綜合營造業；E599010 配管工程業；E601010 電器承裝業；E603010 電纜安裝工程業；E603020 電梯安裝工程業；E603040 消防安全設備安裝工程業；E603050 自動控制設備工程業；E603080 交通號誌安裝工程業；E603090 照明設備安裝工程業；E604010 機械安裝業,臺北市,變更,11504
97431146,強聲音響有限公司,臺北市內湖區成功路3段89號1樓,王秀雲,2000000,,115/04/17,公司印鑑變更,,臺北市,變更,11504
97435591,晏洋建設股份有限公司,臺北市大安區仁愛路4段79號13樓,姜幸君,10000000,,115/04/07,改選董事/監察人(一人法人股東指派董事/監察人),,臺北市,變更,11504
97438555,亞洲國際聯合保險經紀人股份有限公司,臺北市中正區忠孝西路1段39號5樓,嚴小純,5000000,,115/04/02,改選董事/監察人(一人法人股東指派董事/監察人),H602021 財產保險經紀人,臺北市,變更,11504
97448110,伊銘國際股份有限公司,臺北市信義區基隆路2段189號13樓之5,蔡銘修,200000000,,115/04/14,董事/監察人持股變動報備,C601010 紙漿製造業；C601020 紙製造業；C601030 紙容器製造業；C601040 加工紙製造業；C601050 家庭及衛生用紙製造業；C601990 其他紙製品製造業；C701010 印刷業；CH01030 文具製造業；F106020 日常用品批發業；F107990 其他化學製品批發業,臺北市,變更,11504
97449477,集得股份有限公司,臺北市大安區仁愛路3段26號11樓,辛王美璉,10000000,,115/04/27,改選董事/監察人(一人法人股東指派董事/監察人),I105010 藝術品諮詢顧問業；J601010 藝文服務業；F115010 首飾及貴金屬批發業；F215010 首飾及貴金屬零售業；F109070 文教、樂器、育樂用品批發業；F209060 文教、樂器、育樂用品零售業；F401010 國際貿易業；JE01010 租賃業；ZZ99999 除許可業務外，得經營法令非禁止或限制之業務,臺北市,變更,11504
97451162,富暘電信股份有限公司,臺北市中山區撫順街25號7樓之4,黃玉青,2000000,,115/04/09,特殊補正,E701010 通信工程業；F118010 資訊軟體批發業；F218010 資訊軟體零售業；F119010 電子材料批發業；F219010 電子材料零售業；F401010 國際貿易業；F113070 電信器材批發業；F213060 電信器材零售業；I301020 資料處理服務業,臺北市,變更,11504
97454153,凌暘股份有限公司,臺北市松山區南京東路5段296號9樓之1,何思瑩,5000000,,115/04/24,董事/監察人地址變更,F102170 食品什貨批發業；F105050 家具、寢具、廚房器具、裝設品批發業；F401010 國際貿易業；ZZ99999 除許可業務外，得經營法令非禁止或限制之業務,臺北市,變更,11504
97464069,代統科技實業有限公司,臺北市北投區中央南路2段33之3號2樓,蕭金發,5000000,,115/04/07,股東出資轉讓修正章程,F113020 電器批發業；F113050 電腦及事務性機器設備批發業；F113090 交通標誌器材批發業；F114030 汽、機車零件配備批發業；F114040 自行車及其零件批發業；F119010 電子材料批發業；F401010 國際貿易業；ZZ99999 除許可業務外，得經營法令非禁止或限制之業務,臺北市,變更,11504
97465855,晴喨國際有限公司,臺北市大安區安和路1段49巷25之1號,張貞富,5000000,,115/04/20,特殊補正,ZZ99999 除許可業務外，得經營法令非禁止或限制之業務,臺北市,變更,11504
97474067,碩天科技股份有限公司,臺北市內湖區金莊路26號11樓,郭瑾,947660490,,115/04/07,發行新股,F118010 資訊軟體批發業；F218010 資訊軟體零售業；F401010 國際貿易業；I301010 資訊軟體服務業；I301020 資料處理服務業；I301030 電子資訊供應服務業；CC01120 資料儲存媒體製造及複製業；ZZ99999 除許可業務外，得經營法令非禁止或限制之業務,臺北市,變更,11504
97479632,東安資產開發管理股份有限公司,臺北市南港區三重路19-8號6樓,黃茂雄,4000000000,,115/04/14,額定資本額增加變更章程,F109070 文教、樂器、育樂用品批發業；F113050 電腦及事務性機器設備批發業；F113070 電信器材批發業；F118010 資訊軟體批發業；F119010 電子材料批發業；F213010 電器零售業；F401010 國際貿易業；G202010 停車場經營業；H701010 住宅及大樓開發租售業；H701020 工業廠房開發租售業,臺北市,變更,11504
97500733,心傳國際股份有限公司,臺北市大同區華陰街91號3樓之3,蔡俊雄,4000000,,115/04/09,特殊補正,F103010 飼料批發業；F102170 食品什貨批發業；F107030 清潔用品批發業；F113020 電器批發業；F106060 寵物食品及其用品批發業；F118010 資訊軟體批發業；F399990 其他綜合零售業；F401010 國際貿易業；F113050 電腦及事務性機器設備批發業；F113070 電信器材批發業,臺北市,變更,11504
97521934,盛世名媛生醫科技有限公司,臺北市大安區仁愛路3段26號5樓,黃唯恩,1100000,,115/04/27,股東出資轉讓修正章程,C802100 化粧品製造業；I401010 一般廣告服務業；JZ99080 美容美髮服務業；JZ99110 瘦身美容業；I501010 產品設計業；I103060 管理顧問業；F399040 無店面零售業；IG01010 生物技術服務業；ZZ99999 除許可業務外，得經營法令非禁止或限制之業務；I301010 資訊軟體服務業,臺北市,變更,11504
97522526,醫見傳媒有限公司,臺北市中山區南京東路2段124號9樓,毛娟,2000000,,115/04/21,特殊補正,I103060 管理顧問業；I199990 其他顧問服務業；I301010 資訊軟體服務業；I301020 資料處理服務業；I301030 電子資訊供應服務業；I401010 一般廣告服務業；I401020 廣告傳單分送業；I501010 產品設計業；IZ04010 翻譯業；J304010 圖書出版業,臺北市,變更,11504
97535986,璀璨天堂有限公司,臺北市大安區溫州街11巷1號1樓,秦玉玟,1000000,,115/04/23,特殊補正,I103060 管理顧問業；I199990 其他顧問服務業；F401010 國際貿易業；ZZ99999 除許可業務外，得經營法令非禁止或限制之業務,臺北市,變更,11504
97549399,羽吉天下有限公司,臺北市內湖區內湖路1段437巷4弄4號1樓,,500000,,115/04/17,解散,F102170 食品什貨批發業；F106020 日常用品批發業；F203010 食品什貨、飲料零售業；F401010 國際貿易業；F501030 飲料店業；F501060 餐館業；ZZ99999 除許可業務外，得經營法令非禁止或限制之業務,臺北市,變更,11504
97549573,弘一智能股份有限公司,臺北市信義區基隆路2段189號5樓之3,陳立新,20000000,,115/04/16,改派董事/監察人,F113050 電腦及事務性機器設備批發業；F118010 資訊軟體批發業；F109070 文教、樂器、育樂用品批發業；E603050 自動控制設備工程業；E605010 電腦設備安裝業；I103060 管理顧問業；I301010 資訊軟體服務業；I301020 資料處理服務業；I301030 電子資訊供應服務業；F401010 國際貿易業,臺北市,變更,11504
97552773,活水資本管理顧問股份有限公司,臺北市中正區青島東路4號4樓之3,鄭琮翰,7010000,,115/04/15,特殊補正,H201010 一般投資業；H202010 創業投資業；H703090 不動產買賣業；H703100 不動產租賃業；I102010 一般投資顧問業；I103060 管理顧問業；I199990 其他顧問服務業；I301030 電子資訊供應服務業；I301010 資訊軟體服務業；I301020 資料處理服務業,臺北市,變更,11504
97565290,凱尹訊息股份有限公司,臺北市中山區中山北路2段44號4樓,林昕皜,30000000,,115/04/16,發行新股,F218010 資訊軟體零售業；CC01110 電腦及其週邊設備製造業；F118010 資訊軟體批發業；I301010 資訊軟體服務業；F113070 電信器材批發業；I301020 資料處理服務業；I301030 電子資訊供應服務業；E701010 電信工程業；F401010 國際貿易業；J303010 雜誌（期刊）出版業,臺北市,變更,11504
97572519,港岱國際股份有限公司,臺北市松山區南京東路5段223號10樓,賴民亮,400000000,,115/04/07,特殊補正,F401010 國際貿易業。；F199990 其他批發業（橡膠布、塑膠布、尼龍布、多元脂纖維布、雨衣、塑膠射出成型品（釦、釣）。；C805990 其他塑膠製品製造業（雨衣、雨袋、書包、公文袋、電髮套、雨鞋、衣櫥、塑膠袋、裕窗簾布）。；C805060 塑膠皮製品製造業。；H701010 住宅及大樓開發租售業。,臺北市,變更,11504
97585140,歐德立克股份有限公司,臺北市中山區南京東路1段15號3樓,伊藤誓,21000000,,115/04/02,特殊補正,F105050 家具、寢具、廚房器具、裝設品批發業；F111090 建材批發業；F113010 機械批發業；F113020 電器批發業；F113070 電信器材批發業；F119010 電子材料批發業；F205040 家具、寢具、廚房器具、裝設品零售業；F211010 建材零售業；F213010 電器零售業；F213060 電信器材零售業,臺北市,變更,11504
97600178,諾拉投資有限公司,臺北市文山區景興路282巷9號12樓,朱元均,1200000,,115/04/02,特殊補正,H201010 一般投資業；H202010 創業投資業；I102010 一般投資顧問業；H701050 投資興建公共建設業；H703090 不動產買賣業；H703100 不動產租賃業；ZZ99999 除許可業務外，得經營法令非禁止或限制之業務,臺北市,變更,11504
97606671,東士喆有限公司,臺北市中山區長安東路2段31號3樓之1,陳再長,1000000,,115/04/14,股東出資轉讓修正章程,F102170 食品什貨批發業；F203010 食品什貨、飲料零售業；F106020 日常用品批發業；F206020 日常用品零售業；F107030 清潔用品批發業；F207030 清潔用品零售業；F108040 化粧品批發業；F208040 化粧品零售業；F106010 五金批發業；F206010 五金零售業,臺北市,變更,11504
97610632,泰萊永續設計股份有限公司,臺北市中山區南京東路2段137號14樓,林穎立,2000000,,115/04/08,公司所營事業變更修正章程,H201010 一般投資業；I102010 一般投資顧問業；I103060 管理顧問業；I301010 資訊軟體服務業；I301020 資料處理服務業；I301030 電子資訊供應服務業；I501010 產品設計業；I503010 景觀、室內設計業；I599990 其他設計業；F106010 五金批發業,臺北市,變更,11504
97750274,亞其居國際餐飲有限公司,臺北市中山區松江路252巷10號4樓之3,黃以倫,500000,,115/04/28,公司所在地,F102170 食品什貨批發業；F102040 飲料批發業；F203010 食品什貨、飲料零售業；F102030 菸酒批發業；F203020 菸酒零售業；F102050 茶葉批發業；F399040 無店面零售業；F401010 國際貿易業；F501990 其他餐飲業；I401010 一般廣告服務業,臺北市,變更,11504
98641704,瑞和生醫股份有限公司,臺北市大安區光復南路632號3樓,吳盈達,17300000,,115/04/10,特殊補正,C801010 基本化學工業；F106060 寵物食品及其用品批發業；F107200 化學原料批發業；F108031 醫療器材批發業；F208031 醫療器材零售業；F107070 動物用藥品批發業；F207070 動物用藥零售業；F108040 化粧品批發業；F113030 精密儀器批發業；F206050 寵物食品及其用品零售業,臺北市,變更,11504
98643317,完顏生活美學有限公司,臺北市信義區光復南路495號4樓,粘梅鈴,30000,,115/04/01,申登機關變更（遷入，含卷）,F105050 家具、寢具、廚房器具、裝設品批發業；F104110 布疋、衣著、鞋、帽、傘、服飾品批發業；F106020 日常用品批發業；F108040 化粧品批發業；F115010 首飾及貴金屬批發業；F206020 日常用品零售業；F207030 清潔用品零售業；F401010 國際貿易業；F399040 無店面零售業；F399990 其他綜合零售業,臺北市,變更,11504
98646519,皇欽健康事業股份有限公司,臺北市中山區南京東路2段132號11樓,林皇佑,6050000,,115/04/29,特殊補正,F104110 布疋、衣著、鞋、帽、傘、服飾品批發業；F204110 布疋、衣著、鞋、帽、傘、服飾品零售業；F109070 文教、樂器、育樂用品批發業；F209060 文教、樂器、育樂用品零售業；I301030 電子資訊供應服務業；I501010 產品設計業；I401010 一般廣告服務業；J601010 藝文服務業；J602010 演藝活動業；J801030 競技及休閒運動場館業,臺北市,變更,11504
98647377,洛川室內裝修設計有限公司,臺北市中山區南京東路1段86號7樓之3,卓思齊,5000000,,115/04/28,公司所在地,F105050 家具、寢具、廚房器具、裝設品批發業；F106010 五金批發業；F111090 建材批發業；F401010 國際貿易業；E801010 室內裝潢業；ZZ99999 除許可業務外，得經營法令非禁止或限制之業務；E801060 室內裝修業,臺北市,變更,11504
98647735,阜東不動產投資有限公司,臺北市大安區復興南路1段167號2樓,陳立偉,30000000,,115/04/02,公司所營事業變更修正章程,JE01010 租賃業；JZ99050 仲介服務業；H201010 一般投資業；H202010 創業投資業；H701010 住宅及大樓開發租售業；H701020 工業廠房開發租售業；H701050 投資興建公共建設業；H701060 新市鎮、新社區開發業；H701070 區段徵收及市地重劃代辦業；H701090 都市更新整建維護業,臺北市,變更,11504
99995654,匯晉工程有限公司,臺北市松山區塔悠路195號3樓之7,買晉瑩,3800000,,115/04/14,特殊補正,E101011 綜合營造業；E801010 室內裝潢業；E801020 門窗安裝工程業；E801030 室內輕鋼架工程業；E801040 玻璃安裝工程業；E801070 廚具、衛浴設備安裝工程業；E901010 油漆工程業；E903010 防蝕、防銹工程業；H201010 一般投資業；H701010 住宅及大樓開發租售業,臺北市,變更,11504
99996231,威廷國際有限公司,臺北市士林區後港街147號1樓,萬襄國,500000,,115/04/15,特殊補正,F401010 國際貿易業；ZZ99999 除許可業務外，得經營法令非禁止或限制之業務,臺北市,變更,11504
99996680,靈品生醫股份有限公司,臺北市大同區長安西路106號11樓之1,陳宜超,58400000,,115/04/22,特殊補正,F601010 智慧財產權業；IG01010 生物技術服務業；I199990 其他顧問服務業；F401010 國際貿易業；ZZ99999 除許可業務外，得經營法令非禁止或限制之業務,臺北市,變更,11504
99997203,德喜先進股份有限公司,臺北市信義區忠孝東路5段1號2樓,林文鼎,16000000,,115/04/21,補繳規費,H201010 一般投資業,臺北市,變更,11504
99997631,雲端力鍊股份有限公司,臺北市中正區武昌街1段18號6樓,陳暐翔,10000000,,115/04/17,特殊補正,F218010 資訊軟體零售業；F399990 其他綜合零售業；F401010 國際貿易業；I103060 管理顧問業；I199990 其他顧問服務業；I301010 資訊軟體服務業；I301020 資料處理服務業；I301030 電子資訊供應服務業；I501010 產品設計業；J202010 產業育成業,臺北市,變更,11504
99998505,數流科技股份有限公司,臺北市大安區信義路4段170號3樓,張經園,1050000,,115/04/08,特殊補正,I301010 資訊軟體服務業；I301020 資料處理服務業；I301030 電子資訊供應服務業；I103060 管理顧問業；I301060 網路廣告平臺業；ZZ99999 除許可業務外，得經營法令非禁止或限制之業務,臺北市,變更,11504
