統一編號,公司名稱,公司所在地,代表人,資本額,核准設立日期,核准變更日期,案由或變更事項,營業項目,縣市,清冊,期別
62057098,新加坡商霍夫曼施洛福有限公司,新北市林口區文化三路2段455號12樓,劉學敏,100000,115/07/03,,,CA02990 其他金屬製品製造業；F113990 其他機械器具批發業；F213990 其他機械器具零售業；F113050 電腦及事務性機器設備批發業；F213030 電腦及事務性機器設備零售業；E601020 電器安裝業；E605010 電腦設備安裝業；I301010 資訊軟體服務業；ZZ99999 除許可業務外，得經營法令非禁止或限制之業務,新北市,設立,11507
62067130,韓商馳瑞股份有限公司,新北市三重區重新路5段609巷14號4樓之８,LEE JAEHONG,0,115/07/06,,,,新北市,設立,11507
62067238,美商騰瀚股份有限公司,新北市新莊區中平路429號28樓,"Alexander Winston,Munn",29000000,115/07/08,,,F119010 電子材料批發業；F219010 電子材料零售業；F601010 智慧財產權業；I199990 其他顧問服務業；I301010 資訊軟體服務業；I301020 資料處理服務業；I301030 電子資訊供應服務業；I501010 產品設計業；ZZ99999 除許可業務外，得經營法令非禁止或限制之業務,新北市,設立,11507
62067461,薩摩亞商元圖投資有限公司,新北市新店區北新路1段12號18樓,張貽榛,1000000,115/07/15,,,H201010 一般投資業；H202010 創業投資業；I102010 一般投資顧問業；I103060 管理顧問業；I199990 其他顧問服務業；ZZ99999 除許可業務外，得經營法令非禁止或限制之業務,新北市,設立,11507
62067693,香港商伍沐設計工程有限公司,新北市新莊區思源路171號10樓,DARREN ZHOU XUN,1000000,115/07/23,,,E801010 室內裝潢業；E801020 門窗安裝工程業；E801030 室內輕鋼架工程業；E801040 玻璃安裝工程業；E801070 廚具、衛浴設備安裝工程業；E901010 油漆工程業；E903010 防蝕、防銹工程業；E603020 電梯安裝工程業；E603040 消防安全設備安裝工程業；E603050 自動控制設備工程業,新北市,設立,11507
62068948,金清松投資有限公司,新北市板橋區文化路2段92號3樓,張郁琳,5000000,115/07/01,,,ZZ99999 除許可業務外，得經營法令非禁止或限制之業務；H201010 一般投資業；H202010 創業投資業；H701010 住宅及大樓開發租售業；H701020 工業廠房開發租售業；H701050 投資興建公共建設業；H702010 建築經理業；H703090 不動產買賣業；H701090 都市更新整建維護業；H703100 不動產租賃業,新北市,設立,11507
62068980,甦識生活家有限公司,新北市林口區南勢四街218號(1樓),高惠玲,1000000,115/07/01,,,J202010 產業育成業；J601010 藝文服務業；JB01010 會議及展覽服務業；J304010 圖書出版業；J305010 有聲出版業；I503010 景觀設計業；I199990 其他顧問服務業；F109070 文教、樂器、育樂用品批發業；F209060 文教、樂器、育樂用品零售業；ZZ99999 除許可業務外，得經營法令非禁止或限制之業務,新北市,設立,11507
62068996,艾立結構有限公司,新北市三重區頂崁街210巷48弄19號5樓,孔德祥,1500000,115/07/01,,,F213030 電腦及事務性機器設備零售業；F213060 電信器材零售業；F218010 資訊軟體零售業；JE01010 租賃業；JZ99050 仲介服務業；F401010 國際貿易業；I103060 管理顧問業；I301010 資訊軟體服務業；CA01050 鋼材二次加工業；CA02010 金屬結構及建築組件製造業,新北市,設立,11507
62069003,裕睿科技股份有限公司,新北市三重區重陽路3段5巷20號(2樓),羅啟賓,100000,115/07/01,,,F106030 模具批發業；F206030 模具零售業；F107200 化學原料批發業；F207200 化學原料零售業；F119010 電子材料批發業；F219010 電子材料零售業；F113010 機械批發業；F213080 機械器具零售業；F107010 漆料、塗料批發業；F207010 漆料、塗料零售業,新北市,設立,11507
62069019,昱境工程有限公司,新北市新莊區富貴路502號7樓,張人文,200000,115/07/01,,,E801010 室內裝潢業；I503010 景觀設計業；E801020 門窗安裝工程業；E801030 室內輕鋼架工程業；E801040 玻璃安裝工程業；E801070 廚具、衛浴設備安裝工程業；E599010 配管工程業；E901010 油漆工程業；E601010 電器承裝業；E601020 電器安裝業,新北市,設立,11507
62069025,祝好生活店股份有限公司,新北市三峽區隆恩街178之9號,祝天放,500000,115/07/01,,,A102060 糧商業；F101130 蔬果批發業；F101990 其他農、畜、水產品批發業；F102020 食用油脂批發業；F102040 飲料批發業；F102050 茶葉批發業；F102170 食品什貨批發業；F201010 農產品零售業；F201990 其他農畜水產品零售業；F203010 食品什貨、飲料零售業,新北市,設立,11507
62069030,重生炫健身事業有限公司,新北市蘆洲區集賢路401號地下一層,黃俊凱,3000000,115/07/01,,,F102040 飲料批發業；F102170 食品什貨批發業；F104110 布疋、衣著、鞋、帽、傘、服飾品批發業；F105050 家具、寢具、廚房器具、裝設品批發業；F109070 文教、樂器、育樂用品批發業；F203010 食品什貨、飲料零售業；F204110 布疋、衣著、鞋、帽、傘、服飾品零售業；F205040 家具、寢具、廚房器具、裝設品零售業；F209060 文教、樂器、育樂用品零售業；F399040 無店面零售業,新北市,設立,11507
62069046,頤中福有限公司,新北市中和區錦和路173號2樓,陳威寰,1000000,115/07/01,,,F113050 電腦及事務性機器設備批發業；F213030 電腦及事務性機器設備零售業；F401010 國際貿易業；F206020 日常用品零售業；F106020 日常用品批發業；E801010 室內裝潢業；ZZ99999 除許可業務外，得經營法令非禁止或限制之業務,新北市,設立,11507
62069051,京鈺實業有限公司,新北市五股區成泰路4段24之3號(1樓),江蓉諭,500000,115/07/01,,,F399040 無店面零售業；F206020 日常用品零售業；F208040 化粧品零售業；F208031 醫療器材零售業；F209060 文教、樂器、育樂用品零售業；F106020 日常用品批發業；F108040 化粧品批發業；F108031 醫療器材批發業；F109070 文教、樂器、育樂用品批發業；F203010 食品什貨、飲料零售業,新北市,設立,11507
62069067,周周唐有限公司,新北市中和區員山路502號8樓之6,周志宏,500000,115/07/01,,,F104110 布疋、衣著、鞋、帽、傘、服飾品批發業；F109070 文教、樂器、育樂用品批發業；F203010 食品什貨、飲料零售業；F203020 菸酒零售業；F401010 國際貿易業；F501030 飲料店業；F501060 餐館業；F601010 智慧財產權業；H201010 一般投資業；I101090 食品顧問業,新北市,設立,11507
62069073,柏文統包室內裝修有限公司,新北市板橋區民治街61巷22號(1樓),邱柏文,1000000,115/07/01,,,E801060 室內裝修業；E801010 室內裝潢業；E599010 配管工程業；E601020 電器安裝業；E603010 電纜安裝工程業；E603050 自動控制設備工程業；E603090 照明設備安裝工程業；E701040 簡易電信設備安裝業；E801020 門窗安裝工程業；E801030 室內輕鋼架工程業,新北市,設立,11507
62069088,知頤股份有限公司,新北市永和區豫溪街101、103號,吳芊妘,2400000,115/07/01,,,C201020 寵物食品製造業；F106060 寵物食品及其用品批發業；F103010 飼料批發業；F202010 飼料零售業；F206020 日常用品零售業；F206050 寵物食品及其用品零售業；F207030 清潔用品零售業；F399040 無店面零售業；F401010 國際貿易業；JZ99180 寵物美容服務業,新北市,設立,11507
62069094,學成文教有限公司,新北市板橋區三民路2段33號14樓,許學承,500000,115/07/01,,,F109070 文教、樂器、育樂用品批發業；F209060 文教、樂器、育樂用品零售業；F119010 電子材料批發業；F219010 電子材料零售業；F105050 家具、寢具、廚房器具、裝設品批發業；F205040 家具、寢具、廚房器具、裝設品零售業；F401010 國際貿易業；EZ99990 其他工程業；I301010 資訊軟體服務業；I301020 資料處理服務業,新北市,設立,11507
62069101,群策廣告股份有限公司,新北市中和區宜安路112號6樓,張惠山,10000000,115/07/01,,,I102010 一般投資顧問業；I103060 管理顧問業；I401010 一般廣告服務業,新北市,設立,11507
62069117,澄澈管理顧問有限公司,新北市新莊區新北大道4段171號2樓,劉幼梅,500000,115/07/01,,,F118010 資訊軟體批發業；I301010 資訊軟體服務業；I301020 資料處理服務業；I301030 電子資訊供應服務業；I103060 管理顧問業；I199990 其他顧問服務業；IG02010 研究發展服務業；IZ09010 管理系統驗證業；IZ99990 其他工商服務業；ZZ99999 除許可業務外，得經營法令非禁止或限制之業務,新北市,設立,11507
62069123,茁越餐旅事業有限公司,新北市三重區河邊北街162號(1樓),林近越,1000000,115/07/01,,,F102170 食品什貨批發業；F203010 食品什貨、飲料零售業；F203030 酒精零售業；F501060 餐館業；F501990 其他餐飲業；C199990 未分類其他食品製造業；J901020 一般旅館業；ZZ99999 除許可業務外，得經營法令非禁止或限制之業務,新北市,設立,11507
62075363,彼方有限公司,新北市中和區景新街210巷2弄32號2樓,施伊庭,100000,115/07/31,,,F102170 食品什貨批發業；F104110 布疋、衣著、鞋、帽、傘、服飾品批發業；F105050 家具、寢具、廚房器具、裝設品批發業；F107020 染料、顏料批發業；F108040 化粧品批發業；F109070 文教、樂器、育樂用品批發業；F115010 首飾及貴金屬批發業；F118010 資訊軟體批發業；F199990 其他批發業；F203010 食品什貨、飲料零售業,新北市,設立,11507
62100216,合隆工程有限公司,新北市淡水區大忠街77號10樓,江建宏,5000000,115/07/01,,,E801010 室內裝潢業；E801020 門窗安裝工程業；E603100 電焊工程業；E604010 機械安裝業；E901010 油漆工程業；E903010 防蝕、防銹工程業；E599010 配管工程業；EZ07010 鑽孔工程業；I503010 景觀設計業；EZ02010 起重工程業,新北市,設立,11507
62100222,樂聚蔬果國際有限公司,新北市板橋區縣民大道3段134號,李其駿,3000000,115/07/01,,,F101130 蔬果批發業；F102170 食品什貨批發業；F201010 農產品零售業；F203010 食品什貨、飲料零售業；F399040 無店面零售業；F401010 國際貿易業；F101050 水產品批發業；F101990 其他農、畜、水產品批發業；F201030 水產品零售業；F201990 其他農畜水產品零售業,新北市,設立,11507
62100237,天地人心有限公司,新北市淡水區大信街52巷3號2樓,陳華昌,1200000,115/07/01,,,F101050 水產品批發業；F201030 水產品零售業；F101130 蔬果批發業；F201010 農產品零售業；F102020 食用油脂批發業；F102170 食品什貨批發業；F203010 食品什貨、飲料零售業；F102040 飲料批發業；F102050 茶葉批發業；F121010 食品添加物批發業,新北市,設立,11507
62100243,國鉅機電工程有限公司,新北市板橋區華江一路111號15樓之1,郭佳貞,1000000,115/07/01,,,A102080 園藝服務業；CA01050 鋼材二次加工業；E599010 配管工程業；E601010 電器承裝業；E601020 電器安裝業；E603010 電纜安裝工程業；E603040 消防安全設備安裝工程業；E603050 自動控制設備工程業；E603080 交通號誌安裝工程業；E603090 照明設備安裝工程業,新北市,設立,11507
62100258,福和國際有限公司,新北市三重區大智街187巷9號,林家和,1000000,115/07/01,,,F106010 五金批發業；F114010 汽車批發業；F114020 機車批發業；F114030 汽、機車零件配備批發業；F206010 五金零售業；F214010 汽車零售業；F214020 機車零售業；F214030 汽、機車零件配備零售業；F214990 其他交通運輸工具及其零件零售業；F401010 國際貿易業,新北市,設立,11507
62100264,定玥股份有限公司,新北市三重區新北大道1段133巷3號3樓,那曼玉,1000000,115/07/01,,,ZZ99999 除許可業務外，得經營法令非禁止或限制之業務；E801010 室內裝潢業；EZ99990 其他工程業；H201010 一般投資業；HZ99990 其他金融、保險及不動產業；I103060 管理顧問業；I199990 其他顧問服務業；I503010 景觀設計業；I102010 一般投資顧問業；I301010 資訊軟體服務業,新北市,設立,11507
62100285,十與國際有限公司,新北市林口區中山路571號,林君翰,200000,115/07/02,,,F208040 化粧品零售業；F399990 其他綜合零售業；F401010 國際貿易業；C802100 化粧品製造業；C802110 化粧品色素製造業；ZZ99999 除許可業務外，得經營法令非禁止或限制之業務,新北市,設立,11507
62100291,旻城國際有限公司,新北市汐止區大同路3段196之1號8樓,蒲永錤,1000000,115/07/01,,,CC01080 電子零組件製造業；CC01020 電線及電纜製造業；CD01030 汽車及其零件製造業；F113010 機械批發業；F213080 機械器具零售業；F113050 電腦及事務性機器設備批發業；F213030 電腦及事務性機器設備零售業；F114030 汽、機車零件配備批發業；F214030 汽、機車零件配備零售業；F118010 資訊軟體批發業,新北市,設立,11507
62100308,雍耀系統櫃有限公司,新北市五股區新城六路178號,李文楷,6000000,115/07/01,,,E801010 室內裝潢業；E599010 配管工程業；E601010 電器承裝業；E601020 電器安裝業；E801070 廚具、衛浴設備安裝工程業；EZ99990 其他工程業；F105050 家具、寢具、廚房器具、裝設品批發業；F106010 五金批發業；F106040 水器材料批發業；F111090 建材批發業,新北市,設立,11507
62100314,晉文投資股份有限公司,新北市中和區中原街97號9樓,毛誌堂,1020000,115/07/01,,,H201010 一般投資業,新北市,設立,11507
62100320,元富室內裝修有限公司,新北市三重區三和路3段172號(1樓),戴翠美,100000,115/07/01,,,I503010 景觀設計業；E801010 室內裝潢業；E801060 室內裝修業；F111090 建材批發業；F211010 建材零售業；F401010 國際貿易業；ZZ99999 除許可業務外，得經營法令非禁止或限制之業務,新北市,設立,11507
62100335,壹伍玖資訊服務股份有限公司,新北市中和區橋和路122號6樓之3,黃正坤,5000000,115/07/01,,,F113050 電腦及事務性機器設備批發業；I301010 資訊軟體服務業；I301020 資料處理服務業；ZZ99999 除許可業務外，得經營法令非禁止或限制之業務,新北市,設立,11507
62100362,沐承科技有限公司,新北市新莊區建國一路310號9樓,林欣穎,1500000,115/07/01,,,H703100 不動產租賃業；H706011 租賃住宅代管業；H706021 租賃住宅包租業；I103060 管理顧問業；I199990 其他顧問服務業；I301010 資訊軟體服務業；I301020 資料處理服務業；I301030 電子資訊供應服務業；I301060 網路廣告平臺業；IZ99990 其他工商服務業,新北市,設立,11507
62100383,晏鼎整合行銷傳播有限公司,新北市新莊區自強街31號2樓,陳彥祥,1000000,115/07/01,,,I401010 一般廣告服務業；I301060 網路廣告平臺業；I401020 廣告傳單分送業；I501010 產品設計業；I599990 其他設計業；J301010 報紙業；J302010 通訊稿業；J303010 雜誌（期刊）出版業；J304010 圖書出版業；J305010 有聲出版業,新北市,設立,11507
62100399,行得利國際物流股份有限公司,新北市三重區福德南路53號8樓,張君鳴,25000000,115/07/01,,,G101061 汽車貨運業；G801010 倉儲業；I103060 管理顧問業；JA01010 汽車修理業；JA01020 汽車拖吊業；JA01990 其他汽車服務業；JE01010 租賃業；JZ99050 仲介服務業；F114010 汽車批發業；F114030 汽、機車零件配備批發業,新北市,設立,11507
62100406,盈沐食品有限公司,新北市三重區重新路1段84號(2樓),林盈儒,1000000,115/07/01,,,F501990 其他餐飲業；F501060 餐館業；C199030 即食餐食製造業；F102170 食品什貨批發業；F203010 食品什貨、飲料零售業；F399040 無店面零售業；F401010 國際貿易業；I101090 食品顧問業；I103060 管理顧問業；IZ12010 人力派遣業,新北市,設立,11507
62100412,沐嶼藝術有限公司,新北市林口區中山路546號,范嘉筠,100000,115/07/02,,,JZ99080 美容美髮服務業；JZ99990 未分類其他服務業；F102170 食品什貨批發業；F203010 食品什貨、飲料零售業；F108040 化粧品批發業；F208040 化粧品零售業；F399990 其他綜合零售業；F401010 國際貿易業；ZZ99999 除許可業務外，得經營法令非禁止或限制之業務,新北市,設立,11507
62100428,矩躍科技有限公司,新北市板橋區華江一路111號15樓之1,吳武翰,5000000,115/07/01,,,F213030 電腦及事務性機器設備零售業；F218010 資訊軟體零售業；I301010 資訊軟體服務業；F399040 無店面零售業；E601010 電器承裝業；E605010 電腦設備安裝業；F113020 電器批發業；F113050 電腦及事務性機器設備批發業；F118010 資訊軟體批發業；F119010 電子材料批發業,新北市,設立,11507
62100433,森序家居有限公司,新北市蘆洲區永樂街38巷67弄18號2樓,楊迪翔,1600000,115/07/02,,,E801010 室內裝潢業；F111090 建材批發業；F211010 建材零售業；F106010 五金批發業；E801070 廚具、衛浴設備安裝工程業；EZ99990 其他工程業；I501010 產品設計業；ZZ99999 除許可業務外，得經營法令非禁止或限制之業務,新北市,設立,11507
62100460,好運來貿易有限公司,新北市板橋區南雅南路2段4巷10號2樓,黃宣菱,500000,115/07/02,,,F102170 食品什貨批發業；F104110 布疋、衣著、鞋、帽、傘、服飾品批發業；F105050 家具、寢具、廚房器具、裝設品批發業；F106010 五金批發業；F106020 日常用品批發業；F106060 寵物食品及其用品批發業；F107030 清潔用品批發業；F108040 化粧品批發業；F109070 文教、樂器、育樂用品批發業；F203010 食品什貨、飲料零售業,新北市,設立,11507
62100476,台灣天創龍匯管理諮詢有限公司,新北市新店區竹林路30巷23號3樓,陳皇任,500000,115/07/02,,,F119010 電子材料批發業；F219010 電子材料零售業；F199990 其他批發業；F401010 國際貿易業；H201010 一般投資業；I102010 一般投資顧問業；I103060 管理顧問業；I199990 其他顧問服務業；JZ99050 仲介服務業；ZZ99999 除許可業務外，得經營法令非禁止或限制之業務,新北市,設立,11507
62100481,樂鴨鴨股份有限公司,新北市新店區北新路2段128號5樓,林少鈞,9750000,115/07/02,,,F501060 餐館業；F501990 其他餐飲業；F203010 食品什貨、飲料零售業；F399040 無店面零售業；F102170 食品什貨批發業；ZZ99999 除許可業務外，得經營法令非禁止或限制之業務,新北市,設立,11507
62100497,歐陸特鞋業有限公司,新北市三重區萬全街17號1樓,蔡上清,500000,115/07/02,,,F104110 布疋、衣著、鞋、帽、傘、服飾品批發業；F204110 布疋、衣著、鞋、帽、傘、服飾品零售業；F106020 日常用品批發業；F206020 日常用品零售業；F105050 家具、寢具、廚房器具、裝設品批發業；F205040 家具、寢具、廚房器具、裝設品零售業；F399040 無店面零售業；F401010 國際貿易業；ZZ99999 除許可業務外，得經營法令非禁止或限制之業務,新北市,設立,11507
62100503,娜維亞國際有限公司,新北市新莊區思源路171號10樓,陳葦庭,200000,115/07/02,,,I103060 管理顧問業；I401010 一般廣告服務業；I401020 廣告傳單分送業；IZ04010 翻譯業；J601010 藝文服務業；J602010 演藝活動業；J603010 音樂展演空間業；JB01010 會議及展覽服務業；F209060 文教、樂器、育樂用品零售業；F401010 國際貿易業,新北市,設立,11507
62100519,全程綠能有限公司,新北市新店區復興路18號(1樓),游國泰,500000,115/07/02,,,D101060 再生能源自用發電設備業；E607010 太陽熱能設備安裝工程業；F113070 電信器材批發業；F401010 國際貿易業；I103060 管理顧問業；I301010 資訊軟體服務業；I301020 資料處理服務業；IG03010 能源技術服務業；ZZ99999 除許可業務外，得經營法令非禁止或限制之業務,新北市,設立,11507
62100525,希境科技有限公司,新北市林口區文化三路2段41巷45號12樓之1,潘彥宏,1000000,115/07/02,,,E601020 電器安裝業；E801010 室內裝潢業；F105050 家具、寢具、廚房器具、裝設品批發業；F113020 電器批發業；F206010 五金零售業；F213010 電器零售業；F213030 電腦及事務性機器設備零售業；F213060 電信器材零售業；F219010 電子材料零售業；I401010 一般廣告服務業,新北市,設立,11507
62100530,詠冠居家美學有限公司,新北市新莊區五權一路1號8樓之1,王立銘,1000000,115/07/02,,,F113020 電器批發業；F106010 五金批發業；F113050 電腦及事務性機器設備批發業；F104110 布疋、衣著、鞋、帽、傘、服飾品批發業；F105050 家具、寢具、廚房器具、裝設品批發業；F106020 日常用品批發業；F108040 化粧品批發業；F199990 其他批發業；ZZ99999 除許可業務外，得經營法令非禁止或限制之業務,新北市,設立,11507
62100546,耀辰事業有限公司,新北市板橋區四維路112巷38號(1樓),楊能堯,5000000,115/07/02,,,F104110 布疋、衣著、鞋、帽、傘、服飾品批發業；F109070 文教、樂器、育樂用品批發業；F203010 食品什貨、飲料零售業；F203020 菸酒零售業；F401010 國際貿易業；F501030 飲料店業；F501060 餐館業；F601010 智慧財產權業；H201010 一般投資業；I101090 食品顧問業,新北市,設立,11507
62100551,燦璿有限公司,新北市板橋區中山路1段10號9樓,陳姿潔,300000,115/07/02,,,J202010 產業育成業；J303010 雜誌（期刊）出版業；J304010 圖書出版業；J601010 藝文服務業；JB01010 會議及展覽服務業；I501010 產品設計業；F199990 其他批發業；F299990 其他零售業；F115010 首飾及貴金屬批發業；F215010 首飾及貴金屬零售業,新北市,設立,11507
62100567,御璽生物科技有限公司,新北市中和區建八路16號18樓之2,黃楚耘,1000000,115/07/02,,,F107200 化學原料批發業；F108040 化粧品批發業；F207200 化學原料零售業；F208040 化粧品零售業；F208050 乙類成藥零售業；F401010 國際貿易業；F601010 智慧財產權業；IC01010 藥品檢驗業；IG01010 生物技術服務業；IG02010 研究發展服務業,新北市,設立,11507
62100573,超所想健康事業股份有限公司,新北市新莊區思源路492號,嚴孝琪,1000000,115/07/02,,,J801030 競技及休閒運動場館業；J802010 運動訓練業；J803010 運動表演業；I103060 管理顧問業；H202010 創業投資業；ZZ99999 除許可業務外，得經營法令非禁止或限制之業務,新北市,設立,11507
62100588,早丞餐飲有限公司,新北市板橋區文聖街148號(1樓),沈丞諺,700000,115/07/02,,,F102040 飲料批發業；F102050 茶葉批發業；F102170 食品什貨批發業；F203010 食品什貨、飲料零售業；F399040 無店面零售業；F401010 國際貿易業；F501030 飲料店業；F501060 餐館業；ZZ99999 除許可業務外，得經營法令非禁止或限制之業務,新北市,設立,11507
62100594,義雲智慧股份有限公司,新北市中和區建一路150號5樓,葉儀晧,50000000,115/07/02,,,CC01080 電子零組件製造業；CC01070 無線通信機械器材製造業；CC01110 電腦及其週邊設備製造業；CD01030 汽車及其零件製造業；CD01990 其他運輸工具及其零件製造業；I301030 電子資訊供應服務業；ZZ99999 除許可業務外，得經營法令非禁止或限制之業務,新北市,設立,11507
62100601,鎮馳行運有限公司,新北市三重區重陽路3段5巷20號（2樓）,黃筱珊,5000000,115/07/02,,,G101041 小客車租賃業；G799990 其他運輸輔助業；F114010 汽車批發業；F114020 機車批發業；F114030 汽、機車零件配備批發業；F114040 自行車及其零件批發業；F204110 布疋、衣著、鞋、帽、傘、服飾品零售業；F214010 汽車零售業；F214020 機車零售業；F214030 汽、機車零件配備零售業,新北市,設立,11507
62100617,火星新零售股份有限公司,新北市中和區板南路655號13樓,楊硯超,2000000,115/07/02,,,F102040 飲料批發業；F102170 食品什貨批發業；F104110 布疋、衣著、鞋、帽、傘、服飾品批發業；F106020 日常用品批發業；F107030 清潔用品批發業；F108031 醫療器材批發業；F108040 化粧品批發業；F221010 食品添加物零售業；F199990 其他批發業；F203010 食品什貨、飲料零售業,新北市,設立,11507
62100623,和帝有限公司,新北市八里區中華路2段288號10樓,汪紘彬,100000,115/07/02,,,F214010 汽車零售業；F214020 機車零售業；ZZ99999 除許可業務外，得經營法令非禁止或限制之業務,新北市,設立,11507
62100638,研準精密量測有限公司,新北市汐止區新台五路1段171號25樓,賴冠甫,1000000,115/07/02,,,F113030 精密儀器批發業；F113010 機械批發業；F113050 電腦及事務性機器設備批發業；F113060 度量衡器批發業；F116010 照相器材批發業；F118010 資訊軟體批發業；ZZ99999 除許可業務外，得經營法令非禁止或限制之業務,新北市,設立,11507
62100659,錸亨吉米國際有限公司,新北市樹林區東順街82之4號4樓,楊韶菁,100000,115/07/02,,,H201010 一般投資業,新北市,設立,11507
62100665,樂匠室內裝修設計有限公司,新北市板橋區華江一路111號15樓之1,董和洋,100000,115/07/02,,,E599010 配管工程業；E601020 電器安裝業；E603040 消防安全設備安裝工程業；E801010 室內裝潢業；E801020 門窗安裝工程業；E801030 室內輕鋼架工程業；E801040 玻璃安裝工程業；E801060 室內裝修業；E801070 廚具、衛浴設備安裝工程業；E901010 油漆工程業,新北市,設立,11507
62100671,傳家薈家文化國際有限公司,新北市三重區福德北路12號3樓,陳盛琦,200000,115/07/02,,,F101100 花卉批發業；F101130 蔬果批發業；F102040 飲料批發業；F102050 茶葉批發業；F102170 食品什貨批發業；F104110 布疋、衣著、鞋、帽、傘、服飾品批發業；F106020 日常用品批發業；F106070 祭祀用品批發業；F109070 文教、樂器、育樂用品批發業；F115010 首飾及貴金屬批發業,新北市,設立,11507
62100686,四處為家的光有限公司,新北市中和區連城路477巷6弄17號(1樓),許旭廣,1000000,115/07/02,,,H706021 租賃住宅包租業；H706011 租賃住宅代管業,新北市,設立,11507
62100692,尼積電科技有限公司,新北市三重區自強路1段3號(1樓),李啓永,200000,115/07/02,,,F104110 布疋、衣著、鞋、帽、傘、服飾品批發業；F106010 五金批發業；F113050 電腦及事務性機器設備批發業；F113070 電信器材批發業；F119010 電子材料批發業；F199990 其他批發業；F203010 食品什貨、飲料零售業；F204110 布疋、衣著、鞋、帽、傘、服飾品零售業；F206010 五金零售業；F206020 日常用品零售業,新北市,設立,11507
62100709,鉅埠開發有限公司,新北市三重區福隆路7號2樓,陳柏禎,1000000,115/07/02,,,J101110 營建剩餘土石方資源處理業；J101030 廢棄物清除業；J101040 廢棄物處理業；J101050 環境檢測服務業；J101070 放射性廢料處理服務業；J101090 廢棄物清理業；J101120 營建混合物分類處理業；J101990 其他環境衛生及污染防治服務業；H701010 住宅及大樓開發租售業；H701020 工業廠房開發租售業,新北市,設立,11507
62100715,凱伊室內裝修設計有限公司,新北市蘆洲區長安街61之1號7樓,楊孟哲,1000000,115/07/02,,,E801060 室內裝修業；E801010 室內裝潢業；E801020 門窗安裝工程業；E801030 室內輕鋼架工程業；E901010 油漆工程業；EZ99990 其他工程業；E601010 電器承裝業；E603040 消防安全設備安裝工程業；E603090 照明設備安裝工程業；E604010 機械安裝業,新北市,設立,11507
62100721,萬榮冷氣空調有限公司,新北市汐止區吉祥街9巷18號,陳怡仁,100000,115/07/02,,,E601020 電器安裝業；E601010 電器承裝業；E599010 配管工程業；EZ15010 保溫、保冷安裝工程業；F113020 電器批發業；F213010 電器零售業；F206010 五金零售業；JA02010 電器及電子產品修理業；ZZ99999 除許可業務外，得經營法令非禁止或限制之業務,新北市,設立,11507
62100736,傳家葆家文化國際有限公司,新北市三重區福德北路12號3樓,陳盛琦,200000,115/07/02,,,J303010 雜誌（期刊）出版業；J304010 圖書出版業；J305010 有聲出版業；J399010 軟體出版業；J503050 錄影節目帶業；J503010 廣播節目製作業；J503030 廣播電視節目發行業；F102040 飲料批發業；F102050 茶葉批發業；F102170 食品什貨批發業,新北市,設立,11507
62100742,世雄綠能科技有限公司,新北市樹林區東豐街49巷8弄7號,李政緯,500000,115/07/02,,,C801100 合成樹脂及塑膠製造業；C804020 工業用橡膠製品製造業；C804990 其他橡膠製品製造業；E601020 電器安裝業；E603050 自動控制設備工程業；E604010 機械安裝業；E605010 電腦設備安裝業；EZ05010 儀器、儀表安裝工程業；EZ99990 其他工程業；F106010 五金批發業,新北市,設立,11507
62100757,博宇系統整合有限公司,新北市板橋區文化路2段285號21樓,蔡宏斌,300000,115/07/03,,,I301010 資訊軟體服務業；I301020 資料處理服務業；I301030 電子資訊供應服務業；F118010 資訊軟體批發業；F218010 資訊軟體零售業；F113050 電腦及事務性機器設備批發業；F213030 電腦及事務性機器設備零售業；E605010 電腦設備安裝業；J399010 軟體出版業；F401010 國際貿易業,新北市,設立,11507
62100779,日夕友伴有限公司,新北市新莊區瓊林南路118之40號(1樓),林宸翧,2000000,115/07/03,,,F104110 布疋、衣著、鞋、帽、傘、服飾品批發業；F204110 布疋、衣著、鞋、帽、傘、服飾品零售業；F106060 寵物食品及其用品批發業；F206050 寵物食品及其用品零售業；F102030 菸酒批發業；F203020 菸酒零售業；F109070 文教、樂器、育樂用品批發業；F209060 文教、樂器、育樂用品零售業；F299990 其他零售業；F399040 無店面零售業,新北市,設立,11507
62100784,豐田建設有限公司,新北市板橋區溪城路105號12樓之1,高周宏,2000000,115/07/03,,,H701010 住宅及大樓開發租售業；H701020 工業廠房開發租售業；H701050 投資興建公共建設業；H701060 新市鎮、新社區開發業；H701070 區段徵收及市地重劃代辦業；H702010 建築經理業；H703090 不動產買賣業；H703100 不動產租賃業；ZZ99999 除許可業務外，得經營法令非禁止或限制之業務,新北市,設立,11507
62100790,源芽有限公司,新北市淡水區英專路79巷13號(1樓),袁安,300000,115/07/03,,,I301010 資訊軟體服務業；J399010 軟體出版業；I301020 資料處理服務業；I301030 電子資訊供應服務業；I103060 管理顧問業；I199990 其他顧問服務業；I401010 一般廣告服務業；F399040 無店面零售業；F401010 國際貿易業；ZZ99999 除許可業務外，得經營法令非禁止或限制之業務,新北市,設立,11507
62100807,宇宙國際顧問有限公司,新北市汐止區汐萬路1段205號13樓,李正宇,300000,115/07/03,,,I101090 食品顧問業；I103060 管理顧問業；I199990 其他顧問服務業；I401010 一般廣告服務業；ZZ99999 除許可業務外，得經營法令非禁止或限制之業務,新北市,設立,11507
62100813,昇璣科學有限公司,新北市深坑區北深路3段159之1號9樓,朱育伶,1000000,115/07/06,,,F113030 精密儀器批發業；F119010 電子材料批發業；F213040 精密儀器零售業；F219010 電子材料零售業；ZZ99999 除許可業務外，得經營法令非禁止或限制之業務,新北市,設立,11507
62100829,寧飛國際股份有限公司,新北市中和區中正路716號10樓之1,劉依婷,100000,115/07/03,,,H201010 一般投資業；H202010 創業投資業；H204010 私募股權投資業；H701010 住宅及大樓開發租售業；H701020 工業廠房開發租售業；H701040 特定專業區開發業；H701050 投資興建公共建設業；H701060 新市鎮、新社區開發業；H701070 區段徵收及市地重劃代辦業；H701080 都市更新重建業,新北市,設立,11507
62100834,原力長興有限公司,新北市板橋區莊敬路25巷4弄10號(1樓),賴啟民,2000000,115/07/03,,,CC01110 電腦及其週邊設備製造業；E603050 自動控制設備工程業；E605010 電腦設備安裝業；F113030 精密儀器批發業；F113050 電腦及事務性機器設備批發業；F118010 資訊軟體批發業；F218010 資訊軟體零售業；F213030 電腦及事務性機器設備零售業；F213040 精密儀器零售業；F299990 其他零售業,新北市,設立,11507
62100840,孟見奇機有限公司,新北市永和區成功路2段31號(1樓),王孟穎,1000000,115/07/03,,,F109070 文教、樂器、育樂用品批發業；F113020 電器批發業；F113030 精密儀器批發業；F113050 電腦及事務性機器設備批發業；F113070 電信器材批發業；F113110 電池批發業；F116010 照相器材批發業；F118010 資訊軟體批發業；F119010 電子材料批發業；F209060 文教、樂器、育樂用品零售業,新北市,設立,11507
62100855,固芯有限公司,新北市中和區中山路2段296號11樓之4,陳献祥,500000,115/07/03,,,CC01080 電子零組件製造業；CC01110 電腦及其週邊設備製造業；CC01990 其他電機及電子機械器材製造業；CE01010 一般儀器製造業；CE01030 光學儀器製造業；CE01990 其他光學及精密器械製造業；CZ99990 未分類其他工業製品製造業；E603050 自動控制設備工程業；E604010 機械安裝業；E605010 電腦設備安裝業,新北市,設立,11507
62100861,七里餐飲有限公司,新北市新莊區福營路125巷35號,廖國廷,10000,115/07/03,,,F101040 家畜家禽批發業；F101050 水產品批發業；F101990 其他農、畜、水產品批發業；F102170 食品什貨批發業；F201020 畜產品零售業；F201030 水產品零售業；F201990 其他農畜水產品零售業；F203010 食品什貨、飲料零售業；F399040 無店面零售業；F401010 國際貿易業,新北市,設立,11507
62100877,天遠華元有限公司,新北市板橋區中山路1段10號11樓,汪惠民,100000,115/07/03,,,I102010 一般投資顧問業；I103060 管理顧問業；I301010 資訊軟體服務業；I301030 電子資訊供應服務業；I301020 資料處理服務業；I401010 一般廣告服務業；I501010 產品設計業；IG02010 研究發展服務業；IG01010 生物技術服務業；J303010 雜誌（期刊）出版業,新北市,設立,11507
62100882,昭昭如願有限公司,新北市永和區保福路1段47巷17號3樓之1,古羽欣,5000000,115/07/03,,,F108040 化粧品批發業；F104110 布疋、衣著、鞋、帽、傘、服飾品批發業；F105050 家具、寢具、廚房器具、裝設品批發業；F106020 日常用品批發業；F199990 其他批發業；F204110 布疋、衣著、鞋、帽、傘、服飾品零售業；F205040 家具、寢具、廚房器具、裝設品零售業；F206020 日常用品零售業；F207030 清潔用品零售業；F208040 化粧品零售業,新北市,設立,11507
62100898,齡揚健康有限公司,新北市板橋區漢生東路346號(1樓),楊輝彬,1000000,115/07/03,,,F208050 乙類成藥零售業；F203010 食品什貨、飲料零售業；F206020 日常用品零售業；F208040 化粧品零售業；F207030 清潔用品零售業；F399040 無店面零售業；F401010 國際貿易業；ZZ99999 除許可業務外，得經營法令非禁止或限制之業務,新北市,設立,11507
62100905,虎村食品有限公司,新北市新店區安民街367號,廖俊淵,1000000,115/07/03,,,F102170 食品什貨批發業；F106020 日常用品批發業；F101990 其他農、畜、水產品批發業；F201020 畜產品零售業；F201030 水產品零售業；ZZ99999 除許可業務外，得經營法令非禁止或限制之業務,新北市,設立,11507
62100911,諾亞室內裝潢有限公司,新北市蘆洲區民族路436巷13號4樓,郭瑩慧,200000,115/07/03,,,E502010 燃料導管安裝工程業；E599010 配管工程業；E601010 電器承裝業；E601020 電器安裝業；E603010 電纜安裝工程業；E603020 電梯安裝工程業；E603040 消防安全設備安裝工程業；E603050 自動控制設備工程業；E603090 照明設備安裝工程業；E603100 電焊工程業,新北市,設立,11507
62100932,宣竑有限公司,新北市土城區永安街43號,余承翰,100000,115/07/03,,,CB01010 機械設備製造業；CB01990 其他機械製造業；CE01010 一般儀器製造業；CE01030 光學儀器製造業；F113010 機械批發業；F113030 精密儀器批發業；F213040 精密儀器零售業；F213080 機械器具零售業；F213990 其他機械器具零售業；F218010 資訊軟體零售業,新北市,設立,11507
62100948,細傑裝潢統包有限公司,新北市三重區中正北路315巷16弄28號(1樓),吳彥陞,200000,115/07/03,,,E801010 室內裝潢業；E601020 電器安裝業；E603040 消防安全設備安裝工程業；E603090 照明設備安裝工程業；E801020 門窗安裝工程業；E801030 室內輕鋼架工程業；E801040 玻璃安裝工程業；E801070 廚具、衛浴設備安裝工程業；E901010 油漆工程業；E903010 防蝕、防銹工程業,新北市,設立,11507
62100953,泰溫順有限公司,新北市鶯歌區中正一路阿四巷3之5號3樓,陳亭諭,500000,115/07/03,,,F106010 五金批發業；F106030 模具批發業；F113010 機械批發業；F113990 其他機械器具批發業；F401010 國際貿易業；F601010 智慧財產權業；E603050 自動控制設備工程業；E604010 機械安裝業；E605010 電腦設備安裝業；EZ05010 儀器、儀表安裝工程業,新北市,設立,11507
62100975,昀富企業有限公司,新北市板橋區中山路1段10號11樓,林旻萱,1000000,115/07/06,,,C501010 製材業；C501040 組合木材製造業；C901040 預拌混凝土製造業；CA01020 鋼鐵軋延及擠型業；CA01050 鋼材二次加工業；CA02010 金屬結構及建築組件製造業；CA02990 其他金屬製品製造業；CA04010 表面處理業；CA03010 熱處理業；E599010 配管工程業,新北市,設立,11507
62100980,恒瑞盛投資有限公司,新北市板橋區藝文街136號,王翔立,2000000,115/07/03,,,F401010 國際貿易業；H201010 一般投資業；H703090 不動產買賣業；H703100 不動產租賃業；I102010 一般投資顧問業；I103060 管理顧問業；I199990 其他顧問服務業；ZZ99999 除許可業務外，得經營法令非禁止或限制之業務,新北市,設立,11507
62100996,亞莎有限公司,新北市淡水區溪口1之3號,張子薇,200000,115/07/03,,,JZ99990 未分類其他服務業；J601010 藝文服務業；J602010 演藝活動業；I401010 一般廣告服務業；F399040 無店面零售業；F401010 國際貿易業；J304010 圖書出版業；J305010 有聲出版業；I501010 產品設計業；I599990 其他設計業,新北市,設立,11507
62101003,曜金天際影像製作有限公司,新北市新莊區豐盛一街16號15樓,張瑋質,200000,115/07/03,,,I301020 資料處理服務業；I401010 一般廣告服務業；I501010 產品設計業；I503010 景觀設計業；I599990 其他設計業；J404010 動畫影片製作業；J404020 提供設備及場地供電影片拍攝業；J602010 演藝活動業；JB01010 會議及展覽服務業；JE01010 租賃業,新北市,設立,11507
62101019,同心圓夢實作坊有限公司,新北市淡水區淡金路23號12樓之7,陳韋真,700000,115/07/06,,,C802100 化粧品製造業；C802090 清潔用品製造業；C802990 其他化學製品製造業；F108040 化粧品批發業；F208040 化粧品零售業；F399040 無店面零售業；F401010 國際貿易業；ZZ99999 除許可業務外，得經營法令非禁止或限制之業務,新北市,設立,11507
62101025,永大機車實業有限公司,新北市蘆洲區中山一路265號(1樓),謝明見,200000,115/07/03,,,F114030 汽、機車零件配備批發業；F114020 機車批發業；F114050 車胎批發業；F114990 其他交通運輸工具及其零件批發業；F119010 電子材料批發業；F213040 精密儀器零售業；F213080 機械器具零售業；F213110 電池零售業；F214020 機車零售業；F214030 汽、機車零件配備零售業,新北市,設立,11507
62101030,旅間設計所有限公司,新北市淡水區英專路79巷13號,鍾佳妤,100000,115/07/03,,,J601010 藝文服務業；J603010 音樂展演空間業；JA03010 洗衣業；JA05010 留、遊學服務業；JZ99030 攝影業；ZZ99999 除許可業務外，得經營法令非禁止或限制之業務；I501010 產品設計業；I504010 花藝設計業；I599990 其他設計業；I199990 其他顧問服務業,新北市,設立,11507
62101046,森永有限公司,新北市鶯歌區文化路242號(1樓),周柏遠,1000000,115/07/03,,,I301010 資訊軟體服務業；J305010 有聲出版業；F218010 資訊軟體零售業；F401010 國際貿易業；F601010 智慧財產權業；I301020 資料處理服務業；I301030 電子資訊供應服務業；J503020 電視節目製作業；J503030 廣播電視節目發行業；J503040 廣播電視廣告業,新北市,設立,11507
62101051,易寰宇股份有限公司,新北市板橋區莒光路16巷4號,盧韋華,4500000,115/07/03,,,J601010 藝文服務業；J602010 演藝活動業；I401010 一般廣告服務業；JB01010 會議及展覽服務業；IZ12010 人力派遣業；I103060 管理顧問業；J202010 產業育成業；JZ99990 未分類其他服務業；F205040 家具、寢具、廚房器具、裝設品零售業；F111090 建材批發業,新北市,設立,11507
62101067,貝斯特系統科技有限公司,新北市永和區中山路1段220號9樓之3,宋志均,100000,115/07/03,,,F109070 文教、樂器、育樂用品批發業；F113020 電器批發業；F113050 電腦及事務性機器設備批發業；F118010 資訊軟體批發業；F119010 電子材料批發業；F213010 電器零售業；F213030 電腦及事務性機器設備零售業；F218010 資訊軟體零售業；F219010 電子材料零售業；F399990 其他綜合零售業,新北市,設立,11507
62101073,鼎墨鑫股份有限公司,新北市新店區安興路127之3號(1樓),慶志良,12000000,115/07/06,,,A101050 花卉栽培業；F501060 餐館業；F501030 飲料店業；H703090 不動產買賣業；H703100 不動產租賃業；ZZ99999 除許可業務外，得經營法令非禁止或限制之業務,新北市,設立,11507
62101088,雲世娛樂經紀有限公司,新北市三重區介壽路87號,葉妘萱,100000,115/07/06,,,J601010 藝文服務業；J602010 演藝活動業；J603010 音樂展演空間業；JB01010 會議及展覽服務業；I102010 一般投資顧問業；I103060 管理顧問業；I199990 其他顧問服務業；I301010 資訊軟體服務業；I301020 資料處理服務業；I301030 電子資訊供應服務業,新北市,設立,11507
62101094,南彤有限公司,新北市永和區博愛街32巷8號2樓,廖芝榆,150000,115/07/06,,,F399040 無店面零售業；F109070 文教、樂器、育樂用品批發業；F209060 文教、樂器、育樂用品零售業；I103060 管理顧問業；I199990 其他顧問服務業；I301030 電子資訊供應服務業；J601010 藝文服務業；J799990 其他休閒服務業；C307010 服飾品製造業；CG01010 珠寶及貴金屬製品製造業,新北市,設立,11507
62101101,佑庚工程有限公司,新北市三峽區民生街154之3號2樓,李美萱,1000000,115/07/03,,,E801010 室內裝潢業；E599010 配管工程業；E603090 照明設備安裝工程業；E603100 電焊工程業；E603110 冷作工程業；E603120 噴砂工程業；E604010 機械安裝業；E801020 門窗安裝工程業；E801030 室內輕鋼架工程業；E801040 玻璃安裝工程業,新北市,設立,11507
62101117,觀象科技股份有限公司,新北市中和區安和路161號,馬世宇,100000,115/07/06,,,F401010 國際貿易業；F119010 電子材料批發業；F113010 機械批發業；F118010 資訊軟體批發業；I301010 資訊軟體服務業；I301020 資料處理服務業；I301030 電子資訊供應服務業；F113030 精密儀器批發業；F213040 精密儀器零售業；F213080 機械器具零售業,新北市,設立,11507
62101123,相信栽培有限公司,新北市板橋區大觀路2段174巷166弄12號5樓,謝欣璇,500000,115/07/06,,,F206040 水器材料零售業；F213010 電器零售業；F213030 電腦及事務性機器設備零售業；F213060 電信器材零售業；F213080 機械器具零售業；E601020 電器安裝業；E604010 機械安裝業；E605010 電腦設備安裝業；I102010 一般投資顧問業；I103060 管理顧問業,新北市,設立,11507
62101138,玥致股份有限公司,新北市林口區民富街99號2樓之1,陳盈均,1000000,115/07/09,,,H201010 一般投資業；I102010 一般投資顧問業；I103060 管理顧問業；I199990 其他顧問服務業；H202010 創業投資業；H703090 不動產買賣業；H703100 不動產租賃業；F401010 國際貿易業；ZZ99999 除許可業務外，得經營法令非禁止或限制之業務,新北市,設立,11507
62101159,普米數位有限公司,新北市鶯歌區行政路77號3樓,王維毅,20000,115/07/06,,,I301010 資訊軟體服務業；I301060 網路廣告平臺業；I401010 一般廣告服務業；I199990 其他顧問服務業；I599990 其他設計業；J399010 軟體出版業；ZZ99999 除許可業務外，得經營法令非禁止或限制之業務,新北市,設立,11507
62101165,洛仟投資股份有限公司,新北市三峽區民生街19巷7弄6號7樓,呂俊賢,3900000,115/07/06,,,H201010 一般投資業；I102010 一般投資顧問業；F401010 國際貿易業；JZ99050 仲介服務業；ZZ99999 除許可業務外，得經營法令非禁止或限制之業務,新北市,設立,11507
62101171,悠奇有限公司,新北市新莊區富貴路500號4樓,劉峒利,300000,115/07/06,,,I103060 管理顧問業；I199990 其他顧問服務業；I301010 資訊軟體服務業；I301020 資料處理服務業；I301030 電子資訊供應服務業；EZ05010 儀器、儀表安裝工程業；E605010 電腦設備安裝業；E604010 機械安裝業；EZ99990 其他工程業；JB01010 會議及展覽服務業,新北市,設立,11507
62101186,掌星溫渡寵物事業有限公司,新北市新店區三民路75巷4弄13號(1樓),彭雪芬,1680000,115/07/06,,,JZ99190 寵物生命紀念業；JZ99180 寵物美容服務業；JZ99990 未分類其他服務業；F205040 家具、寢具、廚房器具、裝設品零售業；F206050 寵物食品及其用品零售業；F206060 祭祀用品零售業；F209060 文教、樂器、育樂用品零售業；J101030 廢棄物清除業；J101040 廢棄物處理業；JE01010 租賃業,新北市,設立,11507
62101192,星宸餐飲股份有限公司,新北市新莊區五工路97巷6號(1樓),劉芯瑞,10000,115/07/06,,,C103050 罐頭、冷凍、脫水及醃漬食品製造業；C104010 糖果製造業；C104020 烘焙炊蒸食品製造業；C106010 製粉業；C109010 調味品製造業；C110010 飲料製造業；C199010 麵條、粉條類食品製造業；C199030 即食餐食製造業；C199990 未分類其他食品製造業；F102170 食品什貨批發業,新北市,設立,11507
62101209,豐逸顧問有限公司,新北市板橋區中正路80巷5號2樓,莊宥榛,100000,115/07/06,,,I102010 一般投資顧問業；I103060 管理顧問業；I199990 其他顧問服務業；I301010 資訊軟體服務業；I301020 資料處理服務業；I301030 電子資訊供應服務業；IZ01010 影印業；IZ02010 打字業；IZ99990 其他工商服務業；JZ99990 未分類其他服務業,新北市,設立,11507
62101215,京穎有限公司,新北市三峽區民權街17號,鄭育清,1000000,115/07/06,,,A101020 農作物栽培業；JZ99990 未分類其他服務業；J799990 其他休閒服務業；F501990 其他餐飲業；F501060 餐館業；F501030 飲料店業；F401010 國際貿易業；F399990 其他綜合零售業；F399040 無店面零售業；F299990 其他零售業,新北市,設立,11507
62101221,雲漾有限公司,新北市新莊區建安街101巷4弄1號6樓,鄭翔元,200000,115/07/06,,,F106020 日常用品批發業；F115020 礦石批發業；F206020 日常用品零售業；F215020 礦石零售業；F399040 無店面零售業；F401010 國際貿易業；J202010 產業育成業；ZZ99999 除許可業務外，得經營法令非禁止或限制之業務,新北市,設立,11507
62101236,泓宣實業有限公司,新北市中和區民治街6巷9號4樓,謝沛諠,1000000,115/07/06,,,ZZ99999 除許可業務外，得經營法令非禁止或限制之業務；F106010 五金批發業；F113010 機械批發業；F113110 電池批發業；F113020 電器批發業；F113030 精密儀器批發業；F113050 電腦及事務性機器設備批發業；F113070 電信器材批發業；F114030 汽、機車零件配備批發業；F114040 自行車及其零件批發業,新北市,設立,11507
62101242,寶島巴迪有限公司,新北市板橋區文化路2段182巷1弄32號18樓之2,莊欣樺,500000,115/07/06,,,F104110 布疋、衣著、鞋、帽、傘、服飾品批發業；F204110 布疋、衣著、鞋、帽、傘、服飾品零售業；F208050 乙類成藥零售業；F218010 資訊軟體零售業；F299990 其他零售業；F399040 無店面零售業；F401010 國際貿易業；F501030 飲料店業；I103060 管理顧問業；I105010 藝術品諮詢顧問業,新北市,設立,11507
62101257,光穎智控科技有限公司,新北市板橋區干城路160號5樓,朱祥光,500000,115/07/06,,,I301010 資訊軟體服務業；F213080 機械器具零售業；I199990 其他顧問服務業；IZ99990 其他工商服務業；JA02010 電器及電子產品修理業；JA02990 其他修理業；ZZ99999 除許可業務外，得經營法令非禁止或限制之業務,新北市,設立,11507
62101279,潁和股份有限公司,新北市三峽區中山路106巷2之6號8樓,林俊慶,4000000,115/07/06,,,I103060 管理顧問業；I199990 其他顧問服務業；I401010 一般廣告服務業；JE01010 租賃業；I301010 資訊軟體服務業；I301020 資料處理服務業；I301030 電子資訊供應服務業；F102170 食品什貨批發業；F203010 食品什貨、飲料零售業；ZZ99999 除許可業務外，得經營法令非禁止或限制之業務,新北市,設立,11507
62101284,岱妍生醫有限公司,新北市汐止區龍安路28巷26號6樓之1,郭喜君,1000000,115/07/06,,,F102040 飲料批發業；F102170 食品什貨批發業；F108040 化粧品批發業；F203010 食品什貨、飲料零售業；F208040 化粧品零售業；F208050 乙類成藥零售業；F401010 國際貿易業；ZZ99999 除許可業務外，得經營法令非禁止或限制之業務,新北市,設立,11507
62101290,財銓管理顧問有限公司,新北市永和區中山路1段265號4樓,陳家詮,500000,115/07/06,,,I103060 管理顧問業；F118010 資訊軟體批發業；F218010 資訊軟體零售業；F113050 電腦及事務性機器設備批發業；F213030 電腦及事務性機器設備零售業；I501010 產品設計業；I301010 資訊軟體服務業；I301020 資料處理服務業；I301030 電子資訊供應服務業；I401010 一般廣告服務業,新北市,設立,11507
62101307,波阿斯綠能股份有限公司,新北市樹林區俊英街141號8樓,徐泰鑫,6000000,115/07/06,,,E601010 電器承裝業；E601020 電器安裝業；E606010 用電設備檢驗維護業；E502010 燃料導管安裝工程業；E599010 配管工程業；E603010 電纜安裝工程業；E603050 自動控制設備工程業；E603090 照明設備安裝工程業；E605010 電腦設備安裝業；E607010 太陽熱能設備安裝工程業,新北市,設立,11507
62101329,琳琳柒有限公司,新北市汐止區大同路2段298號7樓,張雅芸,1200000,115/07/06,,,J601010 藝文服務業；J602010 演藝活動業；J603010 音樂展演空間業；ZZ99999 除許可業務外，得經營法令非禁止或限制之業務,新北市,設立,11507
62101334,星絡文化事業股份有限公司,新北市汐止區大同路1段369號(1樓),陳芝宇,5000000,115/07/07,,,C701010 印刷業；J304010 圖書出版業；J305010 有聲出版業；J399990 其他出版業；J303010 雜誌（期刊）出版業；J701090 錄影節目帶播映業；J503020 電視節目製作業；J404050 電影特效製作業；J503040 廣播電視廣告業；I103060 管理顧問業,新北市,設立,11507
62101340,陳余若宴有限公司,新北市板橋區館前西路44號(1樓),陳齊侑,500000,115/07/06,,,F501060 餐館業；F501030 飲料店業；F102170 食品什貨批發業；F203010 食品什貨、飲料零售業；F102030 菸酒批發業；F203020 菸酒零售業；ZZ99999 除許可業務外，得經營法令非禁止或限制之業務,新北市,設立,11507
62101355,風創技術有限公司,新北市三重區福德北路12號3樓,吳坤達,500000,115/07/06,,,IG02010 研究發展服務業；IG03010 能源技術服務業；I103060 管理顧問業；I199990 其他顧問服務業；D101060 再生能源自用發電設備業；CB01010 機械設備製造業；F401010 國際貿易業；ZZ99999 除許可業務外，得經營法令非禁止或限制之業務,新北市,設立,11507
62101361,傑創域設計有限公司,新北市板橋區華江一路111號15樓之1,羅靖傑,300000,115/07/06,,,E502010 燃料導管安裝工程業；E599010 配管工程業；E601020 電器安裝業；E603090 照明設備安裝工程業；E801010 室內裝潢業；E801020 門窗安裝工程業；E801030 室內輕鋼架工程業；E801040 玻璃安裝工程業；E801070 廚具、衛浴設備安裝工程業；E901010 油漆工程業,新北市,設立,11507
62101377,華顧國際投資有限公司,新北市三重區仁政街74號,沈冠呈,2400000,115/07/06,,,H201010 一般投資業；H202010 創業投資業；ZZ99999 除許可業務外，得經營法令非禁止或限制之業務,新北市,設立,11507
62101382,禾村系統家具設計有限公司,新北市板橋區板新路103號6樓,楊子瑩,500000,115/07/07,,,F105050 家具、寢具、廚房器具、裝設品批發業；F205040 家具、寢具、廚房器具、裝設品零售業；F106010 五金批發業；F206010 五金零售業；F106040 水器材料批發業；F206040 水器材料零售業；F111090 建材批發業；F211010 建材零售業；F113020 電器批發業；F213010 電器零售業,新北市,設立,11507
62101398,華潤投資開發事業有限公司,新北市三重區仁政街74號,沈冠達,2400000,115/07/06,,,H201010 一般投資業；H202010 創業投資業；ZZ99999 除許可業務外，得經營法令非禁止或限制之業務,新北市,設立,11507
62101405,安邁新能源股份有限公司,新北市林口區文化二路1段577號10樓之2,廖清勳,3000000,115/07/06,,,IG03010 能源技術服務業；D101060 再生能源自用發電設備業；E601010 電器承裝業；E601020 電器安裝業；E603010 電纜安裝工程業；E603040 消防安全設備安裝工程業；E603050 自動控制設備工程業；E603080 交通號誌安裝工程業；E603090 照明設備安裝工程業；E604010 機械安裝業,新北市,設立,11507
62101411,聽爵股份有限公司,新北市林口區文化二路1段561之8號,吳英瑜,2500000,115/07/06,,,J305010 有聲出版業；J399990 其他出版業；J404020 提供設備及場地供電影片拍攝業；J304010 圖書出版業；J503020 電視節目製作業；J601010 藝文服務業；J602010 演藝活動業；J603010 音樂展演空間業；J604010 聲音錄製及音樂發行業；F109070 文教、樂器、育樂用品批發業,新北市,設立,11507
62101427,軒定國際有限公司,新北市蘆洲區中央路171號10樓,李佳蓮,100000,115/07/07,,,I103060 管理顧問業；I199990 其他顧問服務業；I102010 一般投資顧問業；IH01010 產業控股公司業；H201010 一般投資業；H202010 創業投資業；F401010 國際貿易業；ZZ99999 除許可業務外，得經營法令非禁止或限制之業務,新北市,設立,11507
62101432,愷耀有限公司,新北市蘆洲區民族路336巷27弄9號(1樓),康豐柚,500000,115/07/06,,,I101090 食品顧問業；I103060 管理顧問業；I199990 其他顧問服務業；IZ12010 人力派遣業；ZZ99999 除許可業務外，得經營法令非禁止或限制之業務,新北市,設立,11507
62101453,立哲國際開發有限公司,新北市汐止區福德二路79號2樓,陳子濬,1000000,115/07/06,,,JZ99050 仲介服務業；JE01010 租賃業；H703090 不動產買賣業；E801010 室內裝潢業；H703100 不動產租賃業；H701060 新市鎮、新社區開發業；H701090 都市更新整建維護業；H701010 住宅及大樓開發租售業；H701020 工業廠房開發租售業；E801070 廚具、衛浴設備安裝工程業,新北市,設立,11507
62101469,群亮節能照明股份有限公司,新北市新莊區新樹路627號(1樓),陳美鈺,200000,115/07/07,,,CC01040 照明設備製造業；E603090 照明設備安裝工程業；C805050 工業用塑膠製品製造業；CA04010 表面處理業；CB01010 機械設備製造業；CC01030 電器及視聽電子產品製造業；CC01080 電子零組件製造業；CE01030 光學儀器製造業；CE01990 其他光學及精密器械製造業；CQ01010 模具製造業,新北市,設立,11507
62101475,智拓產業諮詢有限公司,新北市八里區商港七路15號16樓,李登祥,200000,115/07/07,,,JB01010 會議及展覽服務業；IZ99990 其他工商服務業；F109070 文教、樂器、育樂用品批發業；F209060 文教、樂器、育樂用品零售業；F102170 食品什貨批發業；F102040 飲料批發業；F203010 食品什貨、飲料零售業；F399040 無店面零售業；F401010 國際貿易業；I401010 一般廣告服務業,新北市,設立,11507
62101480,泰發金屬有限公司,新北市汐止區大同路3段262之1號(1樓),曾偉賓,5000000,115/07/07,,,CA02010 金屬結構及建築組件製造業；CA02990 其他金屬製品製造業；E603100 電焊工程業；E603110 冷作工程業；E604010 機械安裝業；E801020 門窗安裝工程業；E801030 室內輕鋼架工程業；E901010 油漆工程業；E903010 防蝕、防銹工程業；EZ02010 起重工程業,新北市,設立,11507
62101496,信繽國際汽車有限公司,新北市板橋區三民路2段32號3樓,陳柏融,200000,115/07/07,,,F107010 漆料、塗料批發業；F107020 染料、顏料批發業；F107030 清潔用品批發業；F114010 汽車批發業；F114030 汽、機車零件配備批發業；F114050 車胎批發業；F207010 漆料、塗料零售業；F207020 染料、顏料零售業；F207030 清潔用品零售業；F213030 電腦及事務性機器設備零售業,新北市,設立,11507
62101502,詮創企業有限公司,新北市新莊區中平路6巷33號3樓,韓鴻彬,1000000,115/07/07,,,F113050 電腦及事務性機器設備批發業；F213030 電腦及事務性機器設備零售業；F219010 電子材料零售業；IZ01010 影印業；JE01010 租賃業；I301010 資訊軟體服務業；I301020 資料處理服務業；F118010 資訊軟體批發業；F218010 資訊軟體零售業；F109070 文教、樂器、育樂用品批發業,新北市,設立,11507
62101518,富舍科技有限公司,新北市五股區中興路4段38巷3號3樓,林昱廷,100000,115/07/07,,,F113030 精密儀器批發業；F113010 機械批發業；F113050 電腦及事務性機器設備批發業；F119010 電子材料批發業；F114030 汽、機車零件配備批發業；F113110 電池批發業；F113990 其他機械器具批發業；F113020 電器批發業；F106010 五金批發業；F114990 其他交通運輸工具及其零件批發業,新北市,設立,11507
62101524,青萍資本股份有限公司,新北市中和區中山路2段296號5樓之1,司惟之,3000000,115/07/07,,,H201010 一般投資業；H202010 創業投資業；H204010 私募股權投資業；I102010 一般投資顧問業；I103060 管理顧問業；I199990 其他顧問服務業；ZZ99999 除許可業務外，得經營法令非禁止或限制之業務,新北市,設立,11507
62101550,舜佳有限公司,新北市樹林區龍興街46巷20號2樓,杜佳燕,100000,115/07/07,,,ZZ99999 除許可業務外，得經營法令非禁止或限制之業務；F401010 國際貿易業；F206050 寵物食品及其用品零售業；F216010 照相器材零售業；F203010 食品什貨、飲料零售業；F208040 化粧品零售業；F102170 食品什貨批發業；F113050 電腦及事務性機器設備批發業；F213030 電腦及事務性機器設備零售業；F113020 電器批發業,新北市,設立,11507
62101566,宏娜紡織科技有限公司,新北市五股區五工路147號2樓,張嘉閔,2002000,115/07/07,,,F104110 布疋、衣著、鞋、帽、傘、服飾品批發業；F115010 首飾及貴金屬批發業；F215010 首飾及貴金屬零售業；F204110 布疋、衣著、鞋、帽、傘、服飾品零售業；F401010 國際貿易業；F399990 其他綜合零售業；F399040 無店面零售業；C301010 紡紗業；C302010 織布業；C303010 不織布業,新北市,設立,11507
62101572,驚為天人科技有限公司,新北市中和區中山路2段332巷1號7樓,張嘉航,500000,115/07/07,,,I301030 電子資訊供應服務業；I301010 資訊軟體服務業；I301020 資料處理服務業；JZ99050 仲介服務業；F399040 無店面零售業；I401010 一般廣告服務業；I103060 管理顧問業；I199990 其他顧問服務業；F601010 智慧財產權業；F401010 國際貿易業,新北市,設立,11507
62101587,科瑞特材料有限公司,新北市板橋區南雅南路1段8號2樓之52,吳炳榮,5000000,115/07/07,,,F107200 化學原料批發業；F107020 染料、顏料批發業；F107990 其他化學製品批發業；F112040 石油製品批發業；F107030 清潔用品批發業；F107170 工業助劑批發業；F107010 漆料、塗料批發業；F102170 食品什貨批發業；F108040 化粧品批發業；F113020 電器批發業,新北市,設立,11507
62101593,凱益貿易有限公司,新北市汐止區樟樹一路2巷57號3樓,林楊凱,200000,115/07/07,,,F113010 機械批發業；F213080 機械器具零售業；F113990 其他機械器具批發業；F213990 其他機械器具零售業；F106010 五金批發業；F206010 五金零售業；F113020 電器批發業；F213010 電器零售業；F119010 電子材料批發業；F219010 電子材料零售業,新北市,設立,11507
62101600,星亞精密有限公司,新北市板橋區民生路1段33號12樓之3,陳瑋琦,500000,115/07/07,,,CA01050 鋼材二次加工業；CB01010 機械設備製造業；CC01080 電子零組件製造業；CQ01010 模具製造業；F106010 五金批發業；F113010 機械批發業；F106030 模具批發業；F206010 五金零售業；F213080 機械器具零售業；F401010 國際貿易業,新北市,設立,11507
62101616,參伍自行車工程有限公司,新北市三重區中正北路193巷35弄21號,KOMAROV IVAN,100000,115/07/07,,,CD01050 自行車及其零件製造業；F114040 自行車及其零件批發業；F214040 自行車及其零件零售業；CA02990 其他金屬製品製造業；F401010 國際貿易業；ZZ99999 除許可業務外，得經營法令非禁止或限制之業務,新北市,設立,11507
62101622,嶼舒有限公司,新北市新莊區頭前路141號(1樓),李宛璇,1000000,115/07/07,,,F207030 清潔用品零售業；F208040 化粧品零售業；F399040 無店面零售業；JZ99080 美容美髮服務業；ZZ99999 除許可業務外，得經營法令非禁止或限制之業務,新北市,設立,11507
62101643,世盈厚資本有限公司,新北市中和區中和路165巷21號8樓,周業修,1600000,115/07/07,,,H201010 一般投資業,新北市,設立,11507
62101658,尊龍安泰會館有限公司,新北市板橋區長江路1段11號2樓,林漢璟,1000000,115/07/07,,,F101100 花卉批發業；F101130 蔬果批發業；F102170 食品什貨批發業；F104110 布疋、衣著、鞋、帽、傘、服飾品批發業；F106020 日常用品批發業；F106070 祭祀用品批發業；F199990 其他批發業；F201070 花卉零售業；F203010 食品什貨、飲料零售業；F204110 布疋、衣著、鞋、帽、傘、服飾品零售業,新北市,設立,11507
62101664,進財工程有限公司,新北市中和區莒光路129巷1弄18號(1樓),吳志浩,200000,115/07/07,,,E402010 沙石、淤泥海拋業；E599010 配管工程業；E601020 電器安裝業；E603100 電焊工程業；E603110 冷作工程業；E603120 噴砂工程業；E801010 室內裝潢業；E801020 門窗安裝工程業；E801030 室內輕鋼架工程業；E801040 玻璃安裝工程業,新北市,設立,11507
62101670,曜盾有限公司,新北市土城區中央路2段191號8樓之4,羅得華,300000,115/07/07,,,F203010 食品什貨、飲料零售業；F204110 布疋、衣著、鞋、帽、傘、服飾品零售業；F209060 文教、樂器、育樂用品零售業；J802010 運動訓練業；JZ99990 未分類其他服務業；ZZ99999 除許可業務外，得經營法令非禁止或限制之業務,新北市,設立,11507
62101691,伊敘創意有限公司,新北市淡水區中山北路2段177號,陳嘉薇,200000,115/07/07,,,F104110 布疋、衣著、鞋、帽、傘、服飾品批發業；F105050 家具、寢具、廚房器具、裝設品批發業；F106010 五金批發業；F106020 日常用品批發業；F109070 文教、樂器、育樂用品批發業；F199990 其他批發業；F204110 布疋、衣著、鞋、帽、傘、服飾品零售業；F205040 家具、寢具、廚房器具、裝設品零售業；F206010 五金零售業；F206020 日常用品零售業,新北市,設立,11507
62101708,辰琦環動科技有限公司,新北市新店區民權路108號10樓,葉思琦,1000000,115/07/08,,,F106010 五金批發業；F106020 日常用品批發業；F107010 漆料、塗料批發業；F107030 清潔用品批發業；F107170 工業助劑批發業；F107200 化學原料批發業；F107990 其他化學製品批發業；F112040 石油製品批發業；F113010 機械批發業；F113020 電器批發業,新北市,設立,11507
62101714,峰域技術有限公司,新北市中和區中山路2段332巷13號12樓,謝肇峰,100000,115/07/08,,,F106010 五金批發業；F104110 布疋、衣著、鞋、帽、傘、服飾品批發業；F106020 日常用品批發業；F117010 消防安全設備批發業；F199990 其他批發業；F204110 布疋、衣著、鞋、帽、傘、服飾品零售業；F206010 五金零售業；F206020 日常用品零售業；F299990 其他零售業；F399040 無店面零售業,新北市,設立,11507
62101735,綋碩企業有限公司,新北市土城區千歲路34號,羅曉微,1000000,115/07/08,,,C801990 其他化學材料製造業；C802990 其他化學製品製造業；CA01090 鋁鑄造業；CA01050 鋼材二次加工業；CA02010 金屬結構及建築組件製造業；CA02990 其他金屬製品製造業；CA04010 表面處理業；CC01080 電子零組件製造業；CC01110 電腦及其週邊設備製造業；CC01120 資料儲存媒體製造及複製業,新北市,設立,11507
62101741,益涵生技有限公司,新北市土城區金城路2段245巷46號,李冠慧,5000000,115/07/08,,,H201010 一般投資業；H202010 創業投資業；H701010 住宅及大樓開發租售業；H703090 不動產買賣業；H703100 不動產租賃業；I102010 一般投資顧問業；I103060 管理顧問業；I199990 其他顧問服務業；IG02010 研究發展服務業；IG03010 能源技術服務業,新北市,設立,11507
62101762,晨璟工程有限公司,新北市土城區廣明街78巷3號3樓,范双妹,100000,115/07/08,,,E601020 電器安裝業；E603040 消防安全設備安裝工程業；E603090 照明設備安裝工程業；E603100 電焊工程業；E603110 冷作工程業；E701040 簡易電信設備安裝業；E801010 室內裝潢業；EZ99990 其他工程業；F106010 五金批發業；F113020 電器批發業,新北市,設立,11507
62101783,哲川餐飲有限公司,新北市三重區仁義街220巷2號(1樓),蔡承哲,1000000,115/07/08,,,F102040 飲料批發業；F102050 茶葉批發業；F102170 食品什貨批發業；F203010 食品什貨、飲料零售業；F399040 無店面零售業；F401010 國際貿易業；F501030 飲料店業；F501060 餐館業；ZZ99999 除許可業務外，得經營法令非禁止或限制之業務,新北市,設立,11507
62101799,鑫鑫玥亮創意基地有限公司,新北市新店區中央路127巷13號6樓之2,楊神珠,500000,115/07/08,,,F102170 食品什貨批發業；F203010 食品什貨、飲料零售業；F204110 布疋、衣著、鞋、帽、傘、服飾品零售業；F206020 日常用品零售業；F209060 文教、樂器、育樂用品零售業；F213030 電腦及事務性機器設備零售業；F601010 智慧財產權業；I102010 一般投資顧問業；I103060 管理顧問業；I105010 藝術品諮詢顧問業,新北市,設立,11507
62101806,振誠水電材料有限公司,新北市中和區中原二街28號18樓,陳聯翔,100000,115/07/08,,,ZZ99999 除許可業務外，得經營法令非禁止或限制之業務；IZ12010 人力派遣業；IZ06010 理貨包裝業；E601020 電器安裝業；E599010 配管工程業；E603040 消防安全設備安裝工程業；E801010 室內裝潢業；EZ99990 其他工程業；F111090 建材批發業；J101080 資源回收業,新北市,設立,11507
62101812,眾碩管理顧問有限公司,新北市板橋區光武街48巷37號(1樓),高揚勛,100000,115/07/08,,,F106020 日常用品批發業；F109070 文教、樂器、育樂用品批發業；F113050 電腦及事務性機器設備批發業；F118010 資訊軟體批發業；F206020 日常用品零售業；F209060 文教、樂器、育樂用品零售業；F213030 電腦及事務性機器設備零售業；F218010 資訊軟體零售業；F399040 無店面零售業；F401010 國際貿易業,新北市,設立,11507
62101828,泳鮮企業有限公司,新北市板橋區文化路1段329號4樓,張瀚廷,500000,115/07/08,,,F101050 水產品批發業；F201030 水產品零售業；F101040 家畜家禽批發業；F102170 食品什貨批發業；F201990 其他農畜水產品零售業；F299990 其他零售業；F301020 超級市場業；F199990 其他批發業；F401010 國際貿易業；F399990 其他綜合零售業,新北市,設立,11507
62101833,瀚廷文創實業有限公司,新北市新店區北新路2段5號,葉盈廷,100000,115/07/08,,,F109070 文教、樂器、育樂用品批發業；H701010 住宅及大樓開發租售業；H701020 工業廠房開發租售業；H701090 都市更新整建維護業；I103060 管理顧問業；I105010 藝術品諮詢顧問業；JE01010 租賃業；J903020 登山嚮導業；ZZ99999 除許可業務外，得經營法令非禁止或限制之業務,新北市,設立,11507
62101849,尚發股份有限公司,新北市新莊區新樹路527巷29號,傅楓翊,3000000,115/07/08,,,F117010 消防安全設備批發業；F217010 消防安全設備零售業；F206010 五金零售業；F206040 水器材料零售業；F113020 電器批發業；F106040 水器材料批發業；F106010 五金批發業；F119010 電子材料批發業；E599010 配管工程業；E603040 消防安全設備安裝工程業,新北市,設立,11507
62101854,古柯葉有限公司,新北市樹林區學林路95號,周冠聞,20000,115/07/08,,,C103050 罐頭、冷凍、脫水及醃漬食品製造業；F101040 家畜家禽批發業；F101050 水產品批發業；F101990 其他農、畜、水產品批發業；F102030 菸酒批發業；F102040 飲料批發業；F102170 食品什貨批發業；F106020 日常用品批發業；F201010 農產品零售業；F201020 畜產品零售業,新北市,設立,11507
62101860,心元生醫股份有限公司,新北市中和區中山路2段116巷5弄5號4樓,陳品羽,10000000,115/07/08,,,F101130 蔬果批發業；F103010 飼料批發業；F107050 肥料批發業；F201010 農產品零售業；F202010 飼料零售業；F207050 肥料零售業；F106060 寵物食品及其用品批發業；F399990 其他綜合零售業；F102170 食品什貨批發業；F203010 食品什貨、飲料零售業,新北市,設立,11507
62101876,頂翔國際有限公司,新北市三重區仁愛街358之4號,張景翔,200000,115/07/08,,,F104110 布疋、衣著、鞋、帽、傘、服飾品批發業；F105050 家具、寢具、廚房器具、裝設品批發業；F106010 五金批發業；F106020 日常用品批發業；F107030 清潔用品批發業；F113050 電腦及事務性機器設備批發業；F114010 汽車批發業；F114030 汽、機車零件配備批發業；F114050 車胎批發業；F115010 首飾及貴金屬批發業,新北市,設立,11507
62101881,文竣有限公司,新北市板橋區中正路250巷17號(1樓),陳嘉宏,1000000,115/07/08,,,F102030 菸酒批發業；F102040 飲料批發業；F102170 食品什貨批發業；F104110 布疋、衣著、鞋、帽、傘、服飾品批發業；F105050 家具、寢具、廚房器具、裝設品批發業；F106020 日常用品批發業；F106050 陶瓷玻璃器皿批發業；F108040 化粧品批發業；F109070 文教、樂器、育樂用品批發業；F110010 鐘錶批發業,新北市,設立,11507
62101897,好植得有限公司,新北市板橋區國光路31巷14號5樓,周佳佩,500000,115/07/08,,,F101100 花卉批發業；F105050 家具、寢具、廚房器具、裝設品批發業；F201070 花卉零售業；F205040 家具、寢具、廚房器具、裝設品零售業；F399040 無店面零售業；F401010 國際貿易業；I501010 產品設計業；I503010 景觀設計業；I504010 花藝設計業；I599990 其他設計業,新北市,設立,11507
62101904,程煜企業有限公司,新北市樹林區中正路612號,陳建誠,200000,115/07/08,,,E601020 電器安裝業；E601010 電器承裝業；E801070 廚具、衛浴設備安裝工程業；EZ15010 保溫、保冷安裝工程業；F105050 家具、寢具、廚房器具、裝設品批發業；F206040 水器材料零售業；JA02010 電器及電子產品修理業；ZZ99999 除許可業務外，得經營法令非禁止或限制之業務,新北市,設立,11507
62101910,貝爾形象美學有限公司,新北市板橋區華江一路111號15樓之1,林貝爾,500000,115/07/08,,,JZ99080 美容美髮服務業；JZ99990 未分類其他服務業；F208040 化粧品零售業；F108040 化粧品批發業；F399040 無店面零售業；F399990 其他綜合零售業；I199990 其他顧問服務業；F401010 國際貿易業；C802100 化粧品製造業,新北市,設立,11507
62101926,騏驥實業有限公司,新北市金山區中華路152巷15號5樓,楊南英,200000,115/07/08,,,A102080 園藝服務業；CA01050 鋼材二次加工業；CA01130 銅材軋延、伸線、擠型業；CA01100 鋁材軋延、伸線、擠型業；CA01020 鋼鐵軋延及擠型業；CA01990 其他非鐵金屬基本工業；CA01160 鎂材軋延、伸線、擠型業；CA01090 鋁鑄造業；CA01120 銅鑄造業；CA02010 金屬結構及建築組件製造業,新北市,設立,11507
62101931,伊宇有限公司,新北市泰山區新北大道5段121號6樓,邱綺莉,100000,115/07/08,,,F102030 菸酒批發業；F203020 菸酒零售業；ZZ99999 除許可業務外，得經營法令非禁止或限制之業務,新北市,設立,11507
62101947,泓俐生醫有限公司,新北市板橋區國光路31巷5號,陳振泰,3000000,115/07/08,,,F108031 醫療器材批發業；F208031 醫療器材零售業；F102170 食品什貨批發業；F203010 食品什貨、飲料零售業；ZZ99999 除許可業務外，得經營法令非禁止或限制之業務,新北市,設立,11507
62101952,培生有限公司,新北市深坑區北深路3段268號6樓,劉培生,500000,115/07/08,,,F104110 布疋、衣著、鞋、帽、傘、服飾品批發業；F105050 家具、寢具、廚房器具、裝設品批發業；F106010 五金批發業；F106020 日常用品批發業；F106040 水器材料批發業；F109070 文教、樂器、育樂用品批發業；F113020 電器批發業；F114030 汽、機車零件配備批發業；F119010 電子材料批發業；F199990 其他批發業,新北市,設立,11507
62101968,家加購有限公司,新北市樹林區育英街67號,吳建民,300000,115/07/08,,,F201010 農產品零售業；F203010 食品什貨、飲料零售業；F206010 五金零售業；F206020 日常用品零售業；F204110 布疋、衣著、鞋、帽、傘、服飾品零售業；F205040 家具、寢具、廚房器具、裝設品零售業；F207030 清潔用品零售業；F209060 文教、樂器、育樂用品零售業；F206050 寵物食品及其用品零售業；F208040 化粧品零售業,新北市,設立,11507
62101974,昀林國際有限公司,新北市汐止區莊敬街131巷5號5樓,林昀,500000,115/07/08,,,F401010 國際貿易業；F108040 化粧品批發業；F113020 電器批發業；F199990 其他批發業；F201010 農產品零售業；F206020 日常用品零售業；F206050 寵物食品及其用品零售業；F299990 其他零售業；F399040 無店面零售業；F399990 其他綜合零售業,新北市,設立,11507
62102002,木澤有限公司,新北市林口區文化北路1段62號(1樓),陳韋琦,1000000,115/07/09,,,E801010 室內裝潢業；E801020 門窗安裝工程業；E801030 室內輕鋼架工程業；E801040 玻璃安裝工程業；E801070 廚具、衛浴設備安裝工程業；E901010 油漆工程業；F111090 建材批發業；ZZ99999 除許可業務外，得經營法令非禁止或限制之業務,新北市,設立,11507
62102018,呈鑫呈宜投資股份有限公司,新北市泰山區辭修路36巷5弄1號4樓,劉益聰,1125000,115/07/13,,,H201010 一般投資業,新北市,設立,11507
62102024,珈煜投資股份有限公司,新北市中和區建康路65號3樓,吳岳蒼,6300000,115/07/09,,,H201010 一般投資業；I102010 一般投資顧問業；F401010 國際貿易業；JZ99050 仲介服務業；ZZ99999 除許可業務外，得經營法令非禁止或限制之業務,新北市,設立,11507
62102039,鑫詩珠寶有限公司,新北市板橋區三民路1段140號,温詩婷,200000,115/07/09,,,F215010 首飾及貴金屬零售業；F115010 首飾及貴金屬批發業；F401010 國際貿易業；F399040 無店面零售業；CG01010 珠寶及貴金屬製品製造業；CA02990 其他金屬製品製造業；CP01010 手工具製造業；F106010 五金批發業；F206010 五金零售業；ZZ99999 除許可業務外，得經營法令非禁止或限制之業務,新北市,設立,11507
62102045,晨星國際文化傳媒有限公司,新北市汐止區汐萬路1段197號3樓,宋芯柚,300000,115/07/09,,,E605010 電腦設備安裝業；F113050 電腦及事務性機器設備批發業；F118010 資訊軟體批發業；F213030 電腦及事務性機器設備零售業；F218010 資訊軟體零售業；F401010 國際貿易業；I199990 其他顧問服務業；I301010 資訊軟體服務業；I301020 資料處理服務業；I301030 電子資訊供應服務業,新北市,設立,11507
62102050,匯錄取智能教育有限公司,新北市林口區文化二路1段390號5樓,林郁淳,200000,115/07/09,,,JA05010 留、遊學服務業；I301020 資料處理服務業；I301010 資訊軟體服務業；I301030 電子資訊供應服務業；F109070 文教、樂器、育樂用品批發業；F209060 文教、樂器、育樂用品零售業；F399040 無店面零售業；F401010 國際貿易業；I401010 一般廣告服務業；J303010 雜誌（期刊）出版業,新北市,設立,11507
62102066,沐檸餐飲有限公司,新北市中和區永和路16號,林昆霆,500000,115/07/09,,,F501060 餐館業；F203010 食品什貨、飲料零售業；ZZ99999 除許可業務外，得經營法令非禁止或限制之業務,新北市,設立,11507
62102072,毛毛日好股份有限公司,新北市林口區忠福路133號,林子祺,1000000,115/07/09,,,C201020 寵物食品製造業；F106060 寵物食品及其用品批發業；F203010 食品什貨、飲料零售業；F206050 寵物食品及其用品零售業,新北市,設立,11507
62102087,宸御工程有限公司,新北市泰山區明志路2段13號4樓,簡瑞良,500000,115/07/09,,,E603040 消防安全設備安裝工程業；E599010 配管工程業；E603090 照明設備安裝工程業；E604010 機械安裝業；E701040 簡易電信設備安裝業；EZ99990 其他工程業；F117010 消防安全設備批發業；F217010 消防安全設備零售業；IF01010 消防安全設備檢修業；ZZ99999 除許可業務外，得經營法令非禁止或限制之業務,新北市,設立,11507
62102093,露爾有限公司,新北市新莊區建安街121巷9號,史婉如,200000,115/07/09,,,JZ99080 美容美髮服務業；F204110 布疋、衣著、鞋、帽、傘、服飾品零售業；F215010 首飾及貴金屬零售業；F207990 其他化學製品零售業；F299990 其他零售業；F208040 化粧品零售業；ZZ99999 除許可業務外，得經營法令非禁止或限制之業務,新北市,設立,11507
62102100,燁坤室內裝修有限公司,新北市新莊區中信街99巷2號4樓,劉建佑,1000000,115/07/09,,,E801010 室內裝潢業；E801060 室內裝修業；E801070 廚具、衛浴設備安裝工程業；E901010 油漆工程業；E599010 配管工程業；E603050 自動控制設備工程業；E603090 照明設備安裝工程業；E801020 門窗安裝工程業；E801030 室內輕鋼架工程業；E801040 玻璃安裝工程業,新北市,設立,11507
62102116,君凌資本股份有限公司,新北市三重區環河南路21號7樓之1,柯佩君,7450000,115/07/09,,,H201010 一般投資業,新北市,設立,11507
62102122,阿扎巴利有限公司,新北市淡水區新市六路1段88號(1樓),MOWAFAQ KHALED ABDUL HADI ALJABALI,1000000,115/07/09,,,F114030 汽、機車零件配備批發業；F114040 自行車及其零件批發業；F114010 汽車批發業；F401010 國際貿易業,新北市,設立,11507
62102137,星核科技有限公司,新北市中和區景新街338號12樓,陳頡,500000,115/07/09,,,I301010 資訊軟體服務業；I301020 資料處理服務業；I301030 電子資訊供應服務業；I401010 一般廣告服務業；J399010 軟體出版業；F118010 資訊軟體批發業；F218010 資訊軟體零售業；F399040 無店面零售業；F401010 國際貿易業；ZZ99999 除許可業務外，得經營法令非禁止或限制之業務,新北市,設立,11507
62102143,樂淇科技有限公司,新北市中和區景新街57巷24號,呂志深,2000000,115/07/09,,,F113050 電腦及事務性機器設備批發業；F113070 電信器材批發業；F119010 電子材料批發業；F118010 資訊軟體批發業；F213060 電信器材零售業；F218010 資訊軟體零售業；F219010 電子材料零售業；I301010 資訊軟體服務業；I301020 資料處理服務業；I301030 電子資訊供應服務業,新北市,設立,11507
62102158,群鼎投資有限公司,新北市永和區中和路309號(1樓),歐琳琳,2000000,115/07/09,,,F401010 國際貿易業；H201010 一般投資業；I103060 管理顧問業；ZZ99999 除許可業務外，得經營法令非禁止或限制之業務,新北市,設立,11507
62102164,大明生技有限公司,新北市永和區中興街10巷5弄24號3樓,楊明勲,100000,115/07/09,,,F102040 飲料批發業；F102170 食品什貨批發業；F106020 日常用品批發業；F108040 化粧品批發業；F203010 食品什貨、飲料零售業；F206020 日常用品零售業；F208040 化粧品零售業；F399040 無店面零售業；F401010 國際貿易業；ZZ99999 除許可業務外，得經營法令非禁止或限制之業務,新北市,設立,11507
62102170,雄發科技股份有限公司,新北市新莊區民安東路125巷16號,李春發,30000000,115/07/13,,,CC01080 電子零組件製造業；CD01030 汽車及其零件製造業；CD01040 機車及其零件製造業；CQ01010 模具製造業；F106010 五金批發業；F106030 模具批發業；F114030 汽、機車零件配備批發業；F119010 電子材料批發業；F401010 國際貿易業；ZZ99999 除許可業務外，得經營法令非禁止或限制之業務,新北市,設立,11507
62102185,食創顧問有限公司,新北市中和區連城路99巷7號2樓,陳伯彥,100000,115/07/13,,,I101090 食品顧問業；I103060 管理顧問業；I199990 其他顧問服務業；I401010 一般廣告服務業；J202010 產業育成業；JB01010 會議及展覽服務業；J304010 圖書出版業；J399990 其他出版業；F601010 智慧財產權業；ZZ99999 除許可業務外，得經營法令非禁止或限制之業務,新北市,設立,11507
62102191,宏婕投資有限公司,新北市中和區中和路165巷21號8樓,陳秉宏,2900000,115/07/13,,,H201010 一般投資業,新北市,設立,11507
62102208,耀洋投資股份有限公司,新北市土城區中央路2段61巷39號21樓,蕭明洋,25175800,115/07/14,,,H201010 一般投資業；I102010 一般投資顧問業；F401010 國際貿易業；JZ99050 仲介服務業；ZZ99999 除許可業務外，得經營法令非禁止或限制之業務,新北市,設立,11507
62102214,辰興投資股份有限公司,新北市土城區金城路3段116巷11弄4號3樓,李政純,1950000,115/07/13,,,H201010 一般投資業；I102010 一般投資顧問業；F401010 國際貿易業；JZ99050 仲介服務業；ZZ99999 除許可業務外，得經營法令非禁止或限制之業務,新北市,設立,11507
62102220,奧睿有限公司,新北市永和區竹林路91巷44弄6號5樓,高采妮,300000,115/07/13,,,I103060 管理顧問業；I401010 一般廣告服務業；I501010 產品設計業；J202010 產業育成業；J601010 藝文服務業；JZ99030 攝影業；I199990 其他顧問服務業；ZZ99999 除許可業務外，得經營法令非禁止或限制之業務,新北市,設立,11507
62102235,澤菁品牌有限公司,新北市樹林區俊英街113之2號4樓,鄭志隆,500000,115/07/13,,,I401010 一般廣告服務業；I103060 管理顧問業；I199990 其他顧問服務業；I301010 資訊軟體服務業；I301020 資料處理服務業；I301030 電子資訊供應服務業；I501010 產品設計業；I599990 其他設計業；F601010 智慧財產權業；F399040 無店面零售業,新北市,設立,11507
62102241,阿姨行銷顧問有限公司,新北市土城區延和路146巷23號3樓,劉鈞豪,500000,115/07/13,,,F104110 布疋、衣著、鞋、帽、傘、服飾品批發業；F199990 其他批發業；F201010 農產品零售業；F203010 食品什貨、飲料零售業；F204110 布疋、衣著、鞋、帽、傘、服飾品零售業；F299990 其他零售業；F399040 無店面零售業；JZ99990 未分類其他服務業；ZZ99999 除許可業務外，得經營法令非禁止或限制之業務,新北市,設立,11507
62102256,玩極有限公司,新北市蘆洲區和平路121巷8弄34號5樓,徐培耕,600000,115/07/13,,,H201010 一般投資業；I102010 一般投資顧問業；I103060 管理顧問業；ZZ99999 除許可業務外，得經營法令非禁止或限制之業務,新北市,設立,11507
62102262,溢洋科技行銷股份有限公司,新北市五股區芳洲五路92號11樓,黃聰憲,2000000,115/07/13,,,F401010 國際貿易業；I301010 資訊軟體服務業；I301020 資料處理服務業；I301030 電子資訊供應服務業；I401010 一般廣告服務業；IZ99990 其他工商服務業；ZZ99999 除許可業務外，得經營法令非禁止或限制之業務,新北市,設立,11507
62108771,欣瑋興業有限公司,新北市永和區永和路2段57號7樓,戴元瑋,50000,115/07/22,,,H201010 一般投資業；H202010 創業投資業；H204010 私募股權投資業；I102010 一般投資顧問業；I103060 管理顧問業；ZZ99999 除許可業務外，得經營法令非禁止或限制之業務,新北市,設立,11507
62108786,維度數位廣告設計有限公司,新北市三重區民生街61巷13號2樓,陳疇宇,500000,115/07/21,,,I301060 網路廣告平臺業；I401010 一般廣告服務業；I401020 廣告傳單分送業；J503040 廣播電視廣告業；ZZ99999 除許可業務外，得經營法令非禁止或限制之業務,新北市,設立,11507
62108792,元翼數位智能有限公司,新北市新店區安祥路102巷42弄49號,高偉凱,5000000,115/07/21,,,I301010 資訊軟體服務業；I301020 資料處理服務業；I301030 電子資訊供應服務業；I103060 管理顧問業；I199990 其他顧問服務業；F601010 智慧財產權業；F399040 無店面零售業；I301050 實境體感應用服務業；J202010 產業育成業；IG02010 研究發展服務業,新北市,設立,11507
62108809,承美科技有限公司,新北市汐止區新台五路1段99號16樓之9,傅聖祥,5000000,115/07/21,,,CC01040 照明設備製造業；CC01080 電子零組件製造業；CC01110 電腦及其週邊設備製造業；E603050 自動控制設備工程業；E603090 照明設備安裝工程業；E605010 電腦設備安裝業；F113010 機械批發業；F113020 電器批發業；F113030 精密儀器批發業；F113050 電腦及事務性機器設備批發業,新北市,設立,11507
62108821,冠宏領航有限公司,新北市新莊區新北大道4段171號3樓,劉冠宏,1000000,115/07/21,,,F106020 日常用品批發業；F206020 日常用品零售業；F109070 文教、樂器、育樂用品批發業；F209060 文教、樂器、育樂用品零售業；F108040 化粧品批發業；F208040 化粧品零售業；F118010 資訊軟體批發業；F218010 資訊軟體零售業；F105050 家具、寢具、廚房器具、裝設品批發業；F205040 家具、寢具、廚房器具、裝設品零售業,新北市,設立,11507
62108836,鋼佑有限公司,新北市新莊區化成路389巷26號,吳孟玟,1000000,115/07/21,,,CP01010 手工具製造業；CQ01010 模具製造業；F106010 五金批發業；F106030 模具批發業；ZZ99999 除許可業務外，得經營法令非禁止或限制之業務,新北市,設立,11507
62108842,洲聚有限公司,新北市五股區新城八路320號,李重駒,800000,115/07/21,,,F104110 布疋、衣著、鞋、帽、傘、服飾品批發業；F109070 文教、樂器、育樂用品批發業；F199990 其他批發業；F203010 食品什貨、飲料零售業；F204110 布疋、衣著、鞋、帽、傘、服飾品零售業；F209060 文教、樂器、育樂用品零售業；F299990 其他零售業；F399040 無店面零售業；F399990 其他綜合零售業；F401010 國際貿易業,新北市,設立,11507
62108857,千億國際車業有限公司,新北市板橋區大觀路2段142號3樓,周琦恩,1000000,115/07/21,,,F214010 汽車零售業；F214030 汽、機車零件配備零售業；F114010 汽車批發業；F114030 汽、機車零件配備批發業；F214050 車胎零售業；F399040 無店面零售業；F401010 國際貿易業；I199990 其他顧問服務業；JA01010 汽車修理業；JA01990 其他汽車服務業,新北市,設立,11507
62108863,家簡有限公司,新北市林口區三民路170號,詹睿欽,100000,115/07/21,,,F105050 家具、寢具、廚房器具、裝設品批發業；F205040 家具、寢具、廚房器具、裝設品零售業；F102170 食品什貨批發業；F203010 食品什貨、飲料零售業；F106010 五金批發業；F206010 五金零售業；F106020 日常用品批發業；F206020 日常用品零售業；F106040 水器材料批發業；F206040 水器材料零售業,新北市,設立,11507
62108879,台北一心高空工程有限公司,新北市新莊區瓊林路40巷17號1樓,馬洋豪,1000000,115/07/22,,,E502010 燃料導管安裝工程業；E599010 配管工程業；E601020 電器安裝業；E603010 電纜安裝工程業；E603050 自動控制設備工程業；E603090 照明設備安裝工程業；E604010 機械安裝業；E701010 電信工程業；E801010 室內裝潢業；E801020 門窗安裝工程業,新北市,設立,11507
62108884,萬鈞交通有限公司,新北市八里區文昌七街173號,彭柏鈞,25000000,115/07/22,,,G101061 汽車貨運業；G202010 停車場經營業；EZ02010 起重工程業；EZ99990 其他工程業；F114010 汽車批發業；F114030 汽、機車零件配備批發業；IZ12010 人力派遣業；J101030 廢棄物清除業；J101040 廢棄物處理業；F214010 汽車零售業,新北市,設立,11507
62108890,初羽學習研究有限公司,新北市新店區北新路3段65巷12弄15號,陳奕妘,100000,115/07/21,,,F109070 文教、樂器、育樂用品批發業；F104110 布疋、衣著、鞋、帽、傘、服飾品批發業；F106020 日常用品批發業；F107030 清潔用品批發業；F102170 食品什貨批發業；F203010 食品什貨、飲料零售業；F204110 布疋、衣著、鞋、帽、傘、服飾品零售業；F206020 日常用品零售業；F207030 清潔用品零售業；F209060 文教、樂器、育樂用品零售業,新北市,設立,11507
62108907,泰璽有限公司,新北市新莊區中平路182號8樓,徐培原,1000000,115/07/21,,,F105050 家具、寢具、廚房器具、裝設品批發業；F106010 五金批發業；F205040 家具、寢具、廚房器具、裝設品零售業；F206010 五金零售業；F401010 國際貿易業；I401010 一般廣告服務業；I503010 景觀設計業；F111090 建材批發業；F211010 建材零售業；F399040 無店面零售業,新北市,設立,11507
62108913,廣益開發有限公司,新北市三重區三和路4段89巷38號(1樓),劉靜綸,1000000,115/07/21,,,F106010 五金批發業；F111090 建材批發業；F114010 汽車批發業；F114030 汽、機車零件配備批發業；F114060 船舶及其零件批發業；F114990 其他交通運輸工具及其零件批發業；F199990 其他批發業；F401010 國際貿易業；J101010 建築物清潔服務業；J101040 廢棄物處理業,新北市,設立,11507
62108929,尊璽有限公司,新北市新莊區中平路182號8樓,徐培原,1000000,115/07/21,,,F205040 家具、寢具、廚房器具、裝設品零售業；F105050 家具、寢具、廚房器具、裝設品批發業；F106010 五金批發業；F206010 五金零售業；F401010 國際貿易業；I401010 一般廣告服務業；I503010 景觀設計業；F111090 建材批發業；F211010 建材零售業；F399040 無店面零售業,新北市,設立,11507
62108934,盛璽有限公司,新北市新莊區中平路182號8樓,徐培原,1000000,115/07/21,,,F105050 家具、寢具、廚房器具、裝設品批發業；F106010 五金批發業；F205040 家具、寢具、廚房器具、裝設品零售業；F206010 五金零售業；F401010 國際貿易業；I401010 一般廣告服務業；I503010 景觀設計業；F111090 建材批發業；F211010 建材零售業；F399040 無店面零售業,新北市,設立,11507
62108940,世璽有限公司,新北市新莊區中平路182號8樓,徐培原,1000000,115/07/21,,,F105050 家具、寢具、廚房器具、裝設品批發業；F106010 五金批發業；F205040 家具、寢具、廚房器具、裝設品零售業；F206010 五金零售業；F401010 國際貿易業；I401010 一般廣告服務業；I503010 景觀設計業；F111090 建材批發業；F211010 建材零售業；F399040 無店面零售業,新北市,設立,11507
62108955,貝比波士龍有限公司,新北市新莊區幸福東路112號(1樓),楊景森,100000,115/07/21,,,F102170 食品什貨批發業；F104110 布疋、衣著、鞋、帽、傘、服飾品批發業；F105050 家具、寢具、廚房器具、裝設品批發業；F106020 日常用品批發業；F107030 清潔用品批發業；F113020 電器批發業；F203010 食品什貨、飲料零售業；F204110 布疋、衣著、鞋、帽、傘、服飾品零售業；F205040 家具、寢具、廚房器具、裝設品零售業；F206020 日常用品零售業,新北市,設立,11507
62108961,昇璽有限公司,新北市新莊區中平路182號8樓,徐培原,1000000,115/07/21,,,F105050 家具、寢具、廚房器具、裝設品批發業；F106010 五金批發業；F205040 家具、寢具、廚房器具、裝設品零售業；F206010 五金零售業；F401010 國際貿易業；I401010 一般廣告服務業；I503010 景觀設計業；F111090 建材批發業；F211010 建材零售業；F399040 無店面零售業,新北市,設立,11507
62108977,良濠有限公司,新北市鶯歌區尖山路136號2樓,詹志豪,500000,115/07/21,,,E801010 室內裝潢業；E801020 門窗安裝工程業；E801030 室內輕鋼架工程業；E901010 油漆工程業；EZ02010 起重工程業；EZ99990 其他工程業；F111090 建材批發業；F401010 國際貿易業；JE01010 租賃業；ZZ99999 除許可業務外，得經營法令非禁止或限制之業務,新北市,設立,11507
62108982,博鈞國際車業有限公司,新北市林口區民富街99號2樓之1,王詠翔,1000000,115/07/21,,,F114010 汽車批發業；F114020 機車批發業；F114030 汽、機車零件配備批發業；F114050 車胎批發業；F114990 其他交通運輸工具及其零件批發業；F214010 汽車零售業；F214040 自行車及其零件零售業；F214050 車胎零售業；F214030 汽、機車零件配備零售業；F214020 機車零售業,新北市,設立,11507
62108998,匯宇國際貿易有限公司,新北市中和區中山路2段332巷47號3樓,蕭宇雯,100000,115/07/21,,,F114010 汽車批發業；F114020 機車批發業；F114030 汽、機車零件配備批發業；F114040 自行車及其零件批發業；F114050 車胎批發業；F114990 其他交通運輸工具及其零件批發業；F199990 其他批發業；F214010 汽車零售業；F214020 機車零售業；F214030 汽、機車零件配備零售業,新北市,設立,11507
62109005,鐵板莎莎有限公司,新北市永和區永貞路271號(1樓),王婕芸,1000000,115/07/22,,,F102040 飲料批發業；F102170 食品什貨批發業；F203010 食品什貨、飲料零售業；F399040 無店面零售業；F501030 飲料店業；F501060 餐館業；ZZ99999 除許可業務外，得經營法令非禁止或限制之業務,新北市,設立,11507
62109011,星星的家有限公司,新北市汐止區大同路2段298號7樓,黃家昵,1000000,115/07/21,,,J602010 演藝活動業；J603010 音樂展演空間業；ZZ99999 除許可業務外，得經營法令非禁止或限制之業務,新北市,設立,11507
62109027,京創能源有限公司,新北市汐止區大同路1段179號10樓之2,廖文煌,500000,115/07/21,,,CC01090 電池製造業；F113110 電池批發業；F213110 電池零售業；D101060 再生能源自用發電設備業；E603050 自動控制設備工程業；IG03010 能源技術服務業；I301010 資訊軟體服務業；I301020 資料處理服務業；I501010 產品設計業；F401010 國際貿易業,新北市,設立,11507
62109032,立新通訊工程有限公司,新北市淡水區真理街11號4樓,邱雅鈴,500000,115/07/21,,,E601020 電器安裝業；E603010 電纜安裝工程業；E603050 自動控制設備工程業；E605010 電腦設備安裝業；E701010 電信工程業；E701020 衛星電視ＫＵ頻道、Ｃ頻道器材安裝業；E701030 電信管制射頻器材裝設工程業；EZ05010 儀器、儀表安裝工程業；F113020 電器批發業；F113030 精密儀器批發業,新北市,設立,11507
62109048,志明與尼莫有限公司,新北市中和區景平路268號22樓之6,林志祥,2000000,115/07/21,,,A101050 花卉栽培業；A102080 園藝服務業；F101100 花卉批發業；F106020 日常用品批發業；F201070 花卉零售業；F206020 日常用品零售業；F399040 無店面零售業；F401010 國際貿易業；I199990 其他顧問服務業；I501010 產品設計業,新北市,設立,11507
62109069,柔捷國際有限公司,新北市永和區中正路417號8樓,朱柔雰,1000000,115/07/21,,,F101100 花卉批發業；F102170 食品什貨批發業；F102050 茶葉批發業；F104110 布疋、衣著、鞋、帽、傘、服飾品批發業；F105050 家具、寢具、廚房器具、裝設品批發業；F106020 日常用品批發業；F106050 陶瓷玻璃器皿批發業；F107190 塑膠膜、袋批發業；F107020 染料、顏料批發業；F110020 眼鏡批發業,新北市,設立,11507
62109075,鈞臨科技有限公司,新北市樹林區田尾街195號,沈鼎鈞,500000,115/07/21,,,F113030 精密儀器批發業；F113060 度量衡器批發業；F213040 精密儀器零售業；F213050 度量衡器零售業；CE01010 一般儀器製造業；F206010 五金零售業；F207200 化學原料零售業；F207990 其他化學製品零售業；F113010 機械批發業；F401010 國際貿易業,新北市,設立,11507
62109080,高報步商橋顧問有限公司,新北市新店區安興路125之2號6樓,白秀蓮,1000000,115/07/22,,,F401010 國際貿易業；F109070 文教、樂器、育樂用品批發業；F209060 文教、樂器、育樂用品零售業；F113990 其他機械器具批發業；F213990 其他機械器具零售業；F113030 精密儀器批發業；F213040 精密儀器零售業；F119010 電子材料批發業；F219010 電子材料零售業；F399040 無店面零售業,新北市,設立,11507
62109096,門將科技有限公司,新北市板橋區板城路325號之1,李建和,100000,115/07/21,,,F111090 建材批發業；F106010 五金批發業；F107010 漆料、塗料批發業；F106020 日常用品批發業；F106040 水器材料批發業；F113010 機械批發業；F113020 電器批發業；F107030 清潔用品批發業；F211010 建材零售業；F220010 耐火材料零售業,新北市,設立,11507
62109103,錡蹟資本有限公司,新北市蘆洲區長榮路758號5樓,陳昱瑞,1000000,115/07/22,,,H201010 一般投資業；H202010 創業投資業；I102010 一般投資顧問業；I103060 管理顧問業；I401010 一般廣告服務業；I301010 資訊軟體服務業；F218010 資訊軟體零售業；ZZ99999 除許可業務外，得經營法令非禁止或限制之業務,新北市,設立,11507
62109119,鉑光有限公司,新北市土城區中央路3段187號11樓,袁緁縈,2000000,115/07/22,,,J202010 產業育成業；I105010 藝術品諮詢顧問業；I199990 其他顧問服務業；J305010 有聲出版業；J399990 其他出版業；J404020 提供設備及場地供電影片拍攝業；J402010 電影片發行業；J503020 電視節目製作業；J503010 廣播節目製作業；J503030 廣播電視節目發行業,新北市,設立,11507
62109130,優睿互動科技有限公司,新北市新店區復興路43號9樓之1,施冠州,1000000,115/07/22,,,E605010 電腦設備安裝業；E701040 簡易電信設備安裝業；F113050 電腦及事務性機器設備批發業；F113070 電信器材批發業；F118010 資訊軟體批發業；F119010 電子材料批發業；F213030 電腦及事務性機器設備零售業；F213060 電信器材零售業；F218010 資訊軟體零售業；F219010 電子材料零售業,新北市,設立,11507
62109146,禾睿國際有限公司,新北市三重區興德路111號(2樓),杜思揚,3500000,115/07/22,,,H201010 一般投資業；H703100 不動產租賃業；ZZ99999 除許可業務外，得經營法令非禁止或限制之業務,新北市,設立,11507
62109151,逸品堂中藥有限公司,新北市鶯歌區鳳福路171號,潘明逸,100000,115/07/22,,,F108011 中藥批發業；F208011 中藥零售業；F102170 食品什貨批發業；F203010 食品什貨、飲料零售業；F401010 國際貿易業；ZZ99999 除許可業務外，得經營法令非禁止或限制之業務,新北市,設立,11507
62109167,愛絲麗珠寶有限公司,新北市新莊區成功街71號,莊雅智,500000,115/07/22,,,F102050 茶葉批發業；F102170 食品什貨批發業；F104110 布疋、衣著、鞋、帽、傘、服飾品批發業；F105050 家具、寢具、廚房器具、裝設品批發業；F106020 日常用品批發業；F108040 化粧品批發業；F109070 文教、樂器、育樂用品批發業；F110010 鐘錶批發業；F110020 眼鏡批發業；F115010 首飾及貴金屬批發業,新北市,設立,11507
62109173,沐翌設計有限公司,新北市中和區中正路736號14樓之3,李盈慧,500000,115/07/22,,,E801010 室內裝潢業；F104110 布疋、衣著、鞋、帽、傘、服飾品批發業；F106060 寵物食品及其用品批發業；F115010 首飾及貴金屬批發業；F204110 布疋、衣著、鞋、帽、傘、服飾品零售業；F205040 家具、寢具、廚房器具、裝設品零售業；F206020 日常用品零售業；F206050 寵物食品及其用品零售業；F215010 首飾及貴金屬零售業；F399040 無店面零售業,新北市,設立,11507
62109188,美瑛生活有限公司,新北市三重區仁愛街377巷53號(1樓),馬涓瑛,2000000,115/07/22,,,F104110 布疋、衣著、鞋、帽、傘、服飾品批發業；F106010 五金批發業；F106020 日常用品批發業；F107030 清潔用品批發業；F119010 電子材料批發業；F199990 其他批發業；F204110 布疋、衣著、鞋、帽、傘、服飾品零售業；F206010 五金零售業；F206020 日常用品零售業；F207030 清潔用品零售業,新北市,設立,11507
62109194,湧海生鮮實業有限公司,新北市中和區板南路671號10樓,羅傑,500000,115/07/22,,,F101050 水產品批發業；F201030 水產品零售業；F101040 家畜家禽批發業；F102170 食品什貨批發業；F201990 其他農畜水產品零售業；F299990 其他零售業；F301020 超級市場業；F199990 其他批發業；F401010 國際貿易業；F399990 其他綜合零售業,新北市,設立,11507
62109201,宏泰優業投資有限公司,新北市新店區中興路1段254巷5號,卓宗顯,2000000,115/07/22,,,H201010 一般投資業；H202010 創業投資業；H204010 私募股權投資業；I102010 一般投資顧問業；ZZ99999 除許可業務外，得經營法令非禁止或限制之業務,新北市,設立,11507
62109217,琥珀運算有限公司,新北市土城區中央路3段87號5樓之1,鄭真儒,800000,115/07/22,,,I301010 資訊軟體服務業；I301020 資料處理服務業；I301030 電子資訊供應服務業；I199990 其他顧問服務業；E605010 電腦設備安裝業；F113050 電腦及事務性機器設備批發業；F118010 資訊軟體批發業；F213030 電腦及事務性機器設備零售業；F218010 資訊軟體零售業；F401010 國際貿易業,新北市,設立,11507
62109223,士灃實業股份有限公司,新北市汐止區大同路1段157號（1樓）、159號（1樓）,黃憶琳,12000000,115/07/22,,,F101130 蔬果批發業；F201010 農產品零售業；F101990 其他農、畜、水產品批發業；F201990 其他農畜水產品零售業；F203010 食品什貨、飲料零售業；F501030 飲料店業；F301020 超級市場業；F399990 其他綜合零售業；F401010 國際貿易業；F102170 食品什貨批發業,新北市,設立,11507
62109259,傑世達企業有限公司,新北市汐止區新興路84巷4號,廖倚萱,200000,115/07/22,,,F109070 文教、樂器、育樂用品批發業；F118010 資訊軟體批發業；F209060 文教、樂器、育樂用品零售業；F218010 資訊軟體零售業；F399040 無店面零售業；F401010 國際貿易業；F601010 智慧財產權業；I199990 其他顧問服務業；I301010 資訊軟體服務業；I301020 資料處理服務業,新北市,設立,11507
62109265,恆創設計有限公司,新北市土城區永豐路151巷13號10樓,王奕文,500000,115/07/22,,,E801010 室內裝潢業；E801070 廚具、衛浴設備安裝工程業；F105050 家具、寢具、廚房器具、裝設品批發業；F106010 五金批發業；F106020 日常用品批發業；F111090 建材批發業；F205040 家具、寢具、廚房器具、裝設品零售業；F206010 五金零售業；F206020 日常用品零售業；I105010 藝術品諮詢顧問業,新北市,設立,11507
62109271,台襄科技股份有限公司,新北市汐止區大同路3段196之7號3樓,于善疆,1000000,115/07/22,,,F102040 飲料批發業；F102050 茶葉批發業；F102170 食品什貨批發業；F103010 飼料批發業；F104110 布疋、衣著、鞋、帽、傘、服飾品批發業；F105050 家具、寢具、廚房器具、裝設品批發業；F106010 五金批發業；F106020 日常用品批發業；F106040 水器材料批發業；F106050 陶瓷玻璃器皿批發業,新北市,設立,11507
62109286,如思有限公司,新北市永和區竹林路29號地下一層,陳思妤,1000000,115/07/22,,,F104110 布疋、衣著、鞋、帽、傘、服飾品批發業；F105050 家具、寢具、廚房器具、裝設品批發業；F108040 化粧品批發業；F109070 文教、樂器、育樂用品批發業；F106020 日常用品批發業；F107030 清潔用品批發業；F204110 布疋、衣著、鞋、帽、傘、服飾品零售業；F208040 化粧品零售業；F399040 無店面零售業；F207030 清潔用品零售業,新北市,設立,11507
62109292,恆旭化學有限公司,新北市中和區中和路102號6樓之15,陳紋萱,1000000,115/07/22,,,F102180 酒精批發業；F106020 日常用品批發業；F106050 陶瓷玻璃器皿批發業；F107020 染料、顏料批發業；F107030 清潔用品批發業；F107050 肥料批發業；F107060 毒性及關注化學物質批發業；F107080 環境用藥批發業；F107170 工業助劑批發業；F107200 化學原料批發業,新北市,設立,11507
62109309,飛行啟航有限公司,新北市淡水區學府路136巷40弄8號5樓之2,鄧克強,200000,115/07/22,,,I101100 航空顧問業；IZ99990 其他工商服務業；JB01010 會議及展覽服務業；I401010 一般廣告服務業；J399990 其他出版業；I501010 產品設計業；I103060 管理顧問業；I199990 其他顧問服務業；ZZ99999 除許可業務外，得經營法令非禁止或限制之業務,新北市,設立,11507
62109315,杰元行銷有限公司,新北市新莊區永寧街34巷3號(1樓),林傑勛,100000,115/07/22,,,F106020 日常用品批發業；F206020 日常用品零售業；F401010 國際貿易業；I103060 管理顧問業；I199990 其他顧問服務業；I301010 資訊軟體服務業；I301020 資料處理服務業；I301030 電子資訊供應服務業；I401010 一般廣告服務業；I501010 產品設計業,新北市,設立,11507
62109321,昀盛企業有限公司,新北市新莊區新北大道4段173號2樓,曾權馥,1000000,115/07/23,,,CA01020 鋼鐵軋延及擠型業；CA01050 鋼材二次加工業；CA02010 金屬結構及建築組件製造業；C501010 製材業；C501040 組合木材製造業；C501990 其他木製品製造業；E599010 配管工程業；E603100 電焊工程業；E603110 冷作工程業；E603120 噴砂工程業,新北市,設立,11507
62109336,十四成內衣有限公司,新北市新莊區幸福路583號（1樓）,林憲章,500000,115/07/23,,,F204110 布疋、衣著、鞋、帽、傘、服飾品零售業；F104110 布疋、衣著、鞋、帽、傘、服飾品批發業；ZZ99999 除許可業務外，得經營法令非禁止或限制之業務,新北市,設立,11507
62109342,富錡國際有限公司,新北市新店區寶高路120巷4弄5號,余盈佩,2000000,115/07/22,,,H201010 一般投資業；I102010 一般投資顧問業；I103060 管理顧問業；F401010 國際貿易業；H703090 不動產買賣業；H703100 不動產租賃業；H701010 住宅及大樓開發租售業；H701020 工業廠房開發租售業；G801010 倉儲業；F301010 百貨公司業,新北市,設立,11507
62109357,達特睿智有限公司,新北市新莊區富貴路500號4樓,楊荏傑,100000,115/07/23,,,F203010 食品什貨、飲料零售業；F204110 布疋、衣著、鞋、帽、傘、服飾品零售業；F205040 家具、寢具、廚房器具、裝設品零售業；F206020 日常用品零售業；F208040 化粧品零售業；F209060 文教、樂器、育樂用品零售業；F210010 鐘錶零售業；F210020 眼鏡零售業；F213010 電器零售業；F213030 電腦及事務性機器設備零售業,新北市,設立,11507
62109363,德信石業有限公司,新北市樹林區佳園路1段75巷210號(2樓),吳瑞華,300000,115/07/23,,,A102080 園藝服務業；A201030 特殊林木經營業；C901070 石材製品製造業；E801010 室內裝潢業；EZ99990 其他工程業；F104110 布疋、衣著、鞋、帽、傘、服飾品批發業；F106010 五金批發業；F106020 日常用品批發業；F108040 化粧品批發業；F111090 建材批發業,新北市,設立,11507
62109379,展合勝業有限公司,新北市五股區成泰路1段189巷9弄1號,高瑞棠,500000,115/07/23,,,F401010 國際貿易業；F113010 機械批發業；F213080 機械器具零售業；E604010 機械安裝業；CB01010 機械設備製造業；E601010 電器承裝業；E601020 電器安裝業；F113050 電腦及事務性機器設備批發業；F213030 電腦及事務性機器設備零售業；E605010 電腦設備安裝業,新北市,設立,11507
62109384,躍翔商業有限公司,新北市汐止區新台五路2段238號14樓,趙躍徽,1000000,115/07/23,,,F401010 國際貿易業；I103060 管理顧問業；C801060 合成橡膠製造業；C804010 輪胎製造業；C804020 工業用橡膠製品製造業；C804990 其他橡膠製品製造業；F107200 化學原料批發業；F114050 車胎批發業；F199990 其他批發業；ZZ99999 除許可業務外，得經營法令非禁止或限制之業務,新北市,設立,11507
62109390,沐禾生活有限公司,新北市林口區仁愛路2段502號12樓之6,河國星,100000,115/07/23,,,F104110 布疋、衣著、鞋、帽、傘、服飾品批發業；F105050 家具、寢具、廚房器具、裝設品批發業；F113020 電器批發業；F204110 布疋、衣著、鞋、帽、傘、服飾品零售業；F205040 家具、寢具、廚房器具、裝設品零售業；F206020 日常用品零售業；F213010 電器零售業；F213030 電腦及事務性機器設備零售業；F399040 無店面零售業；F399990 其他綜合零售業,新北市,設立,11507
62109407,海卓工程有限公司,新北市永和區林森路98號11樓,歐江煌,1000000,115/07/24,,,ZZ99999 除許可業務外，得經營法令非禁止或限制之業務；E599010 配管工程業；E604010 機械安裝業；EZ99990 其他工程業；EZ05010 儀器、儀表安裝工程業；J101990 其他環境衛生及污染防治服務業；J101050 環境檢測服務業；F401010 國際貿易業；F113100 污染防治設備批發業；F113010 機械批發業,新北市,設立,11507
62109413,筌芯國際有限公司,新北市中和區中正路1211號14樓之3,陳青建,1000000,115/07/23,,,IF04010 非破壞檢測業；I301010 資訊軟體服務業；I199990 其他顧問服務業；IZ99990 其他工商服務業；F401010 國際貿易業；ZZ99999 除許可業務外，得經營法令非禁止或限制之業務,新北市,設立,11507
62109434,智康醫研國際有限公司,新北市新店區華城三路1巷15號,顧祈潔,2000000,115/07/23,,,C201020 寵物食品製造業；C307010 服飾品製造業；CH01010 體育用品製造業；CH01020 樂器製造業；CI01020 毯、氈製造業；F102020 食用油脂批發業；F102040 飲料批發業；F102170 食品什貨批發業；F104110 布疋、衣著、鞋、帽、傘、服飾品批發業；F106060 寵物食品及其用品批發業,新北市,設立,11507
62109455,唯敘生活有限公司,新北市新莊區五權一路1號8樓之1,廖楷玹,100000,115/07/23,,,F108040 化粧品批發業；F208040 化粧品零售業；F104110 布疋、衣著、鞋、帽、傘、服飾品批發業；F204110 布疋、衣著、鞋、帽、傘、服飾品零售業；F105050 家具、寢具、廚房器具、裝設品批發業；F205040 家具、寢具、廚房器具、裝設品零售業；F106020 日常用品批發業；F206020 日常用品零售業；F399040 無店面零售業；F299990 其他零售業,新北市,設立,11507
62109461,積福有限公司,新北市淡水區仁愛街20巷3號3樓,陳俊宇,15000000,115/07/23,,,F113020 電器批發業；F213010 電器零售業；F401010 國際貿易業；JZ99050 仲介服務業；ZZ99999 除許可業務外，得經營法令非禁止或限制之業務,新北市,設立,11507
62109504,滿意宅妝空間工程有限公司,新北市林口區麗園一街2巷1號10樓之1,廖慧如,500000,115/07/23,,,E801010 室內裝潢業；F105050 家具、寢具、廚房器具、裝設品批發業；F205040 家具、寢具、廚房器具、裝設品零售業；F106010 五金批發業；F206010 五金零售業；F111090 建材批發業；F211010 建材零售業；E801020 門窗安裝工程業；E801030 室內輕鋼架工程業；E801040 玻璃安裝工程業,新北市,設立,11507
62109510,淞琳股份有限公司,新北市新店區北新路2段262號3樓之3,林政儒,5000000,115/07/24,,,H201010 一般投資業；H703090 不動產買賣業；H703100 不動產租賃業；I102010 一般投資顧問業；I103060 管理顧問業；I199990 其他顧問服務業；F401010 國際貿易業；ZZ99999 除許可業務外，得經營法令非禁止或限制之業務,新北市,設立,11507
62109526,鯨湖海鮮水產直銷有限公司,新北市三重區仁政街152之3號,吳芳純,1000000,115/07/23,,,F101050 水產品批發業；F101990 其他農、畜、水產品批發業；F201030 水產品零售業；F201990 其他農畜水產品零售業；F399040 無店面零售業；A302020 漁業服務業；ZZ99999 除許可業務外，得經營法令非禁止或限制之業務,新北市,設立,11507
62109531,唯力股份有限公司,新北市汐止區新台五路一段93號21樓之6,吳晉銘,1500000,115/07/23,,,D401010 熱能供應業；E599010 配管工程業；E601010 電器承裝業；E601020 電器安裝業；E603020 電梯安裝工程業；E603050 自動控制設備工程業；E603090 照明設備安裝工程業；E603100 電焊工程業；E603110 冷作工程業；E603120 噴砂工程業,新北市,設立,11507
62109547,曜質有限公司,新北市中和區民安街53之10號14樓,張同欽,500000,115/07/24,,,C801100 合成樹脂及塑膠製造業；F106020 日常用品批發業；F401010 國際貿易業；H201010 一般投資業；F107170 工業助劑批發業；F107190 塑膠膜、袋批發業；F108040 化粧品批發業；JZ99050 仲介服務業；ZZ99999 除許可業務外，得經營法令非禁止或限制之業務,新北市,設立,11507
62109552,元年國際有限公司,新北市板橋區光華街13巷10號4樓,許元銘,500000,115/07/23,,,F204110 布疋、衣著、鞋、帽、傘、服飾品零售業；F209060 文教、樂器、育樂用品零售業；F399040 無店面零售業；F401010 國際貿易業；F104110 布疋、衣著、鞋、帽、傘、服飾品批發業；F109070 文教、樂器、育樂用品批發業；F213040 精密儀器零售業；F113030 精密儀器批發業；I301030 電子資訊供應服務業；ZZ99999 除許可業務外，得經營法令非禁止或限制之業務,新北市,設立,11507
62109568,寶豐興精密精工股份有限公司,新北市板橋區漢生東路240號24樓,鄒孝忠,10000000,115/07/23,,,CA01050 鋼材二次加工業；CA02010 金屬結構及建築組件製造業；CA02990 其他金屬製品製造業；CA04010 表面處理業；CC01110 電腦及其週邊設備製造業；CC01990 其他電機及電子機械器材製造業；E603100 電焊工程業；E604010 機械安裝業；E605010 電腦設備安裝業；F113110 電池批發業,新北市,設立,11507
62109574,順心如寓有限公司,新北市新莊區瓊泰路5號,蔡佩璇,2000000,115/07/23,,,E801010 室內裝潢業；E801020 門窗安裝工程業；E801030 室內輕鋼架工程業；E801040 玻璃安裝工程業；E801070 廚具、衛浴設備安裝工程業；F106010 五金批發業；F106020 日常用品批發業；F111090 建材批發業；H701010 住宅及大樓開發租售業；H701020 工業廠房開發租售業,新北市,設立,11507
62109589,賀舟有限公司,新北市板橋區仁化街148號,吳昊倫,200000,115/07/23,,,I103060 管理顧問業；I199990 其他顧問服務業；F218010 資訊軟體零售業；F118010 資訊軟體批發業；I301010 資訊軟體服務業；I301020 資料處理服務業；ZZ99999 除許可業務外，得經營法令非禁止或限制之業務；F401010 國際貿易業；F213030 電腦及事務性機器設備零售業；F113050 電腦及事務性機器設備批發業,新北市,設立,11507
62109595,哲泰顧問有限公司,新北市永和區永和路1段2號12樓之2,吳佩潔,500000,115/07/24,,,H201010 一般投資業；H202010 創業投資業；I102010 一般投資顧問業；I103060 管理顧問業；I199990 其他顧問服務業；ZZ99999 除許可業務外，得經營法令非禁止或限制之業務,新北市,設立,11507
62109602,寓匠室內裝修設計有限公司,新北市新莊區建安街26巷2號,鄭雅云,2000000,115/07/23,,,E801060 室內裝修業；E801010 室內裝潢業；E801020 門窗安裝工程業；E801030 室內輕鋼架工程業；E801040 玻璃安裝工程業；E801070 廚具、衛浴設備安裝工程業；E599010 配管工程業；E601010 電器承裝業；E601020 電器安裝業；E603040 消防安全設備安裝工程業,新北市,設立,11507
62109618,佩萱國際貿易有限公司,新北市林口區文化三路2段41巷62號9樓,郭子進,1000000,115/07/23,,,I301010 資訊軟體服務業；I301020 資料處理服務業；I301030 電子資訊供應服務業；IZ99990 其他工商服務業；F113050 電腦及事務性機器設備批發業；F118010 資訊軟體批發業；F119010 電子材料批發業；F213030 電腦及事務性機器設備零售業；F218010 資訊軟體零售業；F219010 電子材料零售業,新北市,設立,11507
62109624,威晰資訊有限公司,新北市土城區明德路1段4號8樓,鍾文勳,350000,115/07/24,,,IZ99990 其他工商服務業；J399010 軟體出版業；I301010 資訊軟體服務業；F118010 資訊軟體批發業；F218010 資訊軟體零售業；F113050 電腦及事務性機器設備批發業；F213030 電腦及事務性機器設備零售業；F399040 無店面零售業；F401010 國際貿易業；I401010 一般廣告服務業,新北市,設立,11507
62109639,燁鋒實業有限公司,新北市淡水區八勢一街12巷5號4樓,高金汯,3000000,115/07/23,,,E801010 室內裝潢業；E801020 門窗安裝工程業；E801030 室內輕鋼架工程業；E801040 玻璃安裝工程業；E801070 廚具、衛浴設備安裝工程業；E901010 油漆工程業；EZ99990 其他工程業；F114030 汽、機車零件配備批發業；F204110 布疋、衣著、鞋、帽、傘、服飾品零售業；F205040 家具、寢具、廚房器具、裝設品零售業,新北市,設立,11507
62109645,毓燦譽投資有限公司,新北市五股區五權八路48號,王綉緞,100000,115/07/23,,,H201010 一般投資業,新北市,設立,11507
62109650,羅胖食光有限公司,新北市板橋區陽明街23巷6弄15號(1樓),李乾中,600000,115/07/23,,,F501060 餐館業；F501990 其他餐飲業；F203010 食品什貨、飲料零售業；F102170 食品什貨批發業；F401010 國際貿易業；I101090 食品顧問業；I103060 管理顧問業；C199030 即食餐食製造業；C104020 烘焙炊蒸食品製造業；ZZ99999 除許可業務外，得經營法令非禁止或限制之業務,新北市,設立,11507
62109666,哪都通有限公司,新北市三重區仁興街40號3樓,陳世翔,100000,115/07/24,,,I301010 資訊軟體服務業；I301020 資料處理服務業；I301030 電子資訊供應服務業；JZ99050 仲介服務業；I401010 一般廣告服務業；I103060 管理顧問業；F601010 智慧財產權業；F399040 無店面零售業；ZZ99999 除許可業務外，得經營法令非禁止或限制之業務,新北市,設立,11507
62109672,松森早午餐有限公司,新北市林口區吉祥路30號,徐艾,1500000,115/07/23,,,F501060 餐館業；F501030 飲料店業；ZZ99999 除許可業務外，得經營法令非禁止或限制之業務,新北市,設立,11507
62109687,博珞繆斯有限公司,新北市新店區博愛街25巷3號(1樓),曾珍惠,100000,115/07/24,,,H201010 一般投資業,新北市,設立,11507
62109693,錦鈊科技有限公司,新北市中和區中正路918號3樓,鍾立文,500000,115/07/24,,,F119010 電子材料批發業；F219010 電子材料零售業；F113030 精密儀器批發業；F213040 精密儀器零售業；F401010 國際貿易業；F399040 無店面零售業；ZZ99999 除許可業務外，得經營法令非禁止或限制之業務,新北市,設立,11507
62109700,京永陶瓷企業有限公司,新北市鶯歌區西湖街2之6號9樓,許安語,1000000,115/07/24,,,F106020 日常用品批發業；F106050 陶瓷玻璃器皿批發業；F107010 漆料、塗料批發業；F107020 染料、顏料批發業；F111090 建材批發業；F115020 礦石批發業；F120010 耐火材料批發業；F199990 其他批發業；F205040 家具、寢具、廚房器具、裝設品零售業；F206020 日常用品零售業,新北市,設立,11507
62109716,鑫巨禾有限公司,新北市中和區宜安路171號4樓,蔡睿哲,5000000,115/07/24,,,C801010 基本化學工業；F107170 工業助劑批發業；F107200 化學原料批發業；F107990 其他化學製品批發業；F111090 建材批發業；F113050 電腦及事務性機器設備批發業；F203010 食品什貨、飲料零售業；F206010 五金零售業；F209060 文教、樂器、育樂用品零售業；F213030 電腦及事務性機器設備零售業,新北市,設立,11507
62109722,懿達設計工程有限公司,新北市板橋區大觀路2段265巷72弄5號4樓,王郁厚,100000,115/07/24,,,E801010 室內裝潢業；E801020 門窗安裝工程業；E801030 室內輕鋼架工程業；E801040 玻璃安裝工程業；E801070 廚具、衛浴設備安裝工程業；E603090 照明設備安裝工程業；E601020 電器安裝業；EZ99990 其他工程業；I501010 產品設計業；I503010 景觀設計業,新北市,設立,11507
62109737,良億有限公司,新北市三峽區民權街156號,易世皇,300000,115/07/24,,,F104110 布疋、衣著、鞋、帽、傘、服飾品批發業；F105050 家具、寢具、廚房器具、裝設品批發業；F106010 五金批發業；F106020 日常用品批發業；F106040 水器材料批發業；F106050 陶瓷玻璃器皿批發業；F109070 文教、樂器、育樂用品批發業；F113020 電器批發業；F113050 電腦及事務性機器設備批發業；F399040 無店面零售業,新北市,設立,11507
62109743,逸篴有限公司,新北市三重區福德北路86號2樓,高偉峰,2100000,115/07/24,,,H201010 一般投資業,新北市,設立,11507
62109758,東盛物業管理顧問有限公司,新北市新莊區龍安路527號11樓,劉孟軒,2000000,115/07/24,,,I103060 管理顧問業；IZ12010 人力派遣業；IF01010 消防安全設備檢修業；J101010 建築物清潔服務業；H701010 住宅及大樓開發租售業；E801010 室內裝潢業；JZ99050 仲介服務業；A102080 園藝服務業；F117010 消防安全設備批發業；F217010 消防安全設備零售業,新北市,設立,11507
62109764,千千歲歲有限公司,新北市土城區延安街35巷12號5樓,林承德,200000,115/07/24,,,I301010 資訊軟體服務業；I301020 資料處理服務業；F401010 國際貿易業；J602010 演藝活動業；F201070 花卉零售業；F101100 花卉批發業；I401010 一般廣告服務業；ZZ99999 除許可業務外，得經營法令非禁止或限制之業務；I501010 產品設計業；I503010 景觀設計業,新北市,設立,11507
62109770,霓特供應鏈解決方案股份有限公司,新北市新莊區中正路891之24號2樓,鄭喬文,5000000,115/07/24,,,F401010 國際貿易業；F399040 無店面零售業；F199990 其他批發業；I103060 管理顧問業；IZ99990 其他工商服務業；F206020 日常用品零售業；F213080 機械器具零售業,新北市,設立,11507
62109785,添禧有限公司,新北市鶯歌區龍七路263號,倪育銘,1000000,115/07/24,,,F501060 餐館業；F203010 食品什貨、飲料零售業；F501990 其他餐飲業；ZZ99999 除許可業務外，得經營法令非禁止或限制之業務,新北市,設立,11507
62109791,錢錢國際投資股份有限公司,新北市新店區中央路173號13樓之3,高德璇,1000000,115/07/24,,,H201010 一般投資業,新北市,設立,11507
62109808,米小菲有限公司,新北市新店區安興路127之6號12樓,饒瑞駿,100000,115/07/24,,,J404010 動畫影片製作業；I401010 一般廣告服務業；JZ99030 攝影業；J399990 其他出版業；F102170 食品什貨批發業；F203010 食品什貨、飲料零售業；F109070 文教、樂器、育樂用品批發業；F209060 文教、樂器、育樂用品零售業；F399040 無店面零售業；F401010 國際貿易業,新北市,設立,11507
62109814,軒意股份有限公司,新北市板橋區中山路2段90巷1號5樓,潘紀禎,12000000,115/07/24,,,H201010 一般投資業；I102010 一般投資顧問業；ZZ99999 除許可業務外，得經營法令非禁止或限制之業務,新北市,設立,11507
62109820,乘加零有限公司,新北市三重區三和路3段28之2號,李哲維,1000000,115/07/24,,,F102170 食品什貨批發業；F109070 文教、樂器、育樂用品批發業；F203010 食品什貨、飲料零售業；F208050 乙類成藥零售業；F209060 文教、樂器、育樂用品零售業；F399040 無店面零售業；I103060 管理顧問業；I401010 一般廣告服務業；J601010 藝文服務業；JB01010 會議及展覽服務業,新北市,設立,11507
62109835,予新行銷有限公司,新北市淡水區北新路184巷138號（1樓）,王姵予,500000,115/07/24,,,F102170 食品什貨批發業；F104110 布疋、衣著、鞋、帽、傘、服飾品批發業；F105050 家具、寢具、廚房器具、裝設品批發業；F106020 日常用品批發業；F106050 陶瓷玻璃器皿批發業；F107030 清潔用品批發業；F108040 化粧品批發業；F109070 文教、樂器、育樂用品批發業；F115010 首飾及貴金屬批發業；F203010 食品什貨、飲料零售業,新北市,設立,11507
62109841,御資科技股份有限公司,新北市中和區宜安路26巷7號4樓,黃心榆,300000,115/07/24,,,I102010 一般投資顧問業；I103060 管理顧問業；I301010 資訊軟體服務業；I301020 資料處理服務業；I301030 電子資訊供應服務業；I301060 網路廣告平臺業；I401010 一般廣告服務業；I599990 其他設計業；IG02010 研究發展服務業；H701010 住宅及大樓開發租售業,新北市,設立,11507
62109862,專屬品牌有限公司,新北市中和區中正路918號3樓,吴涵添,299000,115/07/27,,,I401010 一般廣告服務業；I599990 其他設計業,新北市,設立,11507
62109878,博鑫系統科技股份有限公司,新北市中和區中正路872號7樓之3,黃羽涵,2000000,115/07/24,,,E603050 自動控制設備工程業；E599010 配管工程業；EZ05010 儀器、儀表安裝工程業；E605010 電腦設備安裝業；E601010 電器承裝業；E601020 電器安裝業；E603010 電纜安裝工程業；E603040 消防安全設備安裝工程業；E603090 照明設備安裝工程業；E603100 電焊工程業,新北市,設立,11507
62109883,鋮工程有限公司,新北市中和區中原二街28號18樓,林家成,500000,115/07/24,,,E601010 電器承裝業；E601020 電器安裝業；E599010 配管工程業；E801010 室內裝潢業；F106040 水器材料批發業；F206040 水器材料零售業；F111090 建材批發業；F211010 建材零售業；ZZ99999 除許可業務外，得經營法令非禁止或限制之業務,新北市,設立,11507
62109899,永騰汽車貨運有限公司,新北市林口區文化二路2段46號(2樓),林正全,25000000,115/07/24,,,E603080 交通號誌安裝工程業；E604010 機械安裝業；EZ02010 起重工程業；EZ05010 儀器、儀表安裝工程業；EZ06010 交通標示工程業；F111090 建材批發業；F112040 石油製品批發業；F114010 汽車批發業；F114030 汽、機車零件配備批發業；F114050 車胎批發業,新北市,設立,11507
62109906,麗采國際精品有限公司,新北市林口區惠民街38巷32號(1樓),張啓萱,1888888,115/07/24,,,F106020 日常用品批發業；F106050 陶瓷玻璃器皿批發業；F107030 清潔用品批發業；F107990 其他化學製品批發業；F108040 化粧品批發業；F113030 精密儀器批發業；F119010 電子材料批發業；F205040 家具、寢具、廚房器具、裝設品零售業；F206020 日常用品零售業；F207030 清潔用品零售業,新北市,設立,11507
62109928,耀富國際有限公司,新北市三重區福德北路86號2樓,簡才富,1000000,115/07/24,,,F109070 文教、樂器、育樂用品批發業；F113010 機械批發業；F209060 文教、樂器、育樂用品零售業；F213990 其他機械器具零售業；F401010 國際貿易業；I501010 產品設計業；ZZ99999 除許可業務外，得經營法令非禁止或限制之業務,新北市,設立,11507
62109933,鉉核國際有限公司,新北市汐止區大同路1段237號11樓之3,李柄鉉,1000000,115/07/27,,,F106020 日常用品批發業；F106030 模具批發業；F106010 五金批發業；F105050 家具、寢具、廚房器具、裝設品批發業；F102030 菸酒批發業；F102040 飲料批發業；F102050 茶葉批發業；F102170 食品什貨批發業；F102180 酒精批發業；F104110 布疋、衣著、鞋、帽、傘、服飾品批發業,新北市,設立,11507
62109949,恒潤盛有限公司,新北市板橋區藝文街136號,林晏妤,200000,115/07/24,,,C201010 飼料製造業；C201020 寵物食品製造業；F103010 飼料批發業；F105050 家具、寢具、廚房器具、裝設品批發業；F106060 寵物食品及其用品批發業；F202010 飼料零售業；F204110 布疋、衣著、鞋、帽、傘、服飾品零售業；F205040 家具、寢具、廚房器具、裝設品零售業；F206020 日常用品零售業；F206050 寵物食品及其用品零售業,新北市,設立,11507
62109954,鑫科設計有限公司,新北市新莊區富貴路502號7樓,金嘉霖,1150000,115/07/24,,,E599010 配管工程業；E601010 電器承裝業；E603050 自動控制設備工程業；E604010 機械安裝業；F106010 五金批發業；F106040 水器材料批發業；F113010 機械批發業；F113020 電器批發業；F113030 精密儀器批發業；F113990 其他機械器具批發業,新北市,設立,11507
62109960,富勒控股股份有限公司,新北市林口區民享路156號,林建宏,100000,115/07/27,,,H201010 一般投資業,新北市,設立,11507
62109976,精譜健康生技股份有限公司,新北市三重區重新路5段609巷12號之8,黃立信,1000000,115/07/27,,,IG01010 生物技術服務業；IG02010 研究發展服務業；IC01010 藥品檢驗業；IF04010 非破壞檢測業；I103060 管理顧問業；I199990 其他顧問服務業；I301010 資訊軟體服務業；I501010 產品設計業；IZ15010 市場研究及民意調查業；IZ99990 其他工商服務業,新北市,設立,11507
62109981,睿昶投資有限公司,新北市板橋區松柏街50巷59號12樓,簡明珠,500000,115/07/27,,,H201010 一般投資業；ZZ99999 除許可業務外，得經營法令非禁止或限制之業務,新北市,設立,11507
62109997,一切都有最好的安排有限公司,新北市林口區仁愛路1段285巷6號,劉芳岑,300000,115/07/27,,,F206020 日常用品零售業；F102170 食品什貨批發業；F208040 化粧品零售業；F209060 文教、樂器、育樂用品零售業；F215010 首飾及貴金屬零售業；F299990 其他零售業；F401010 國際貿易業；F399990 其他綜合零售業；F399040 無店面零售業；I103060 管理顧問業,新北市,設立,11507
62110002,迴念有限公司,新北市板橋區館前東路26號3樓之2,林皇佑,1000000,115/07/27,,,I103060 管理顧問業；I105010 藝術品諮詢顧問業；I199990 其他顧問服務業；I301010 資訊軟體服務業；I301020 資料處理服務業；I301030 電子資訊供應服務業；I401010 一般廣告服務業；I501010 產品設計業；I502010 服飾設計業；I503010 景觀設計業,新北市,設立,11507
62110018,晉豪有限公司,新北市板橋區三民路2段28號11樓,顧啓豪,1000000,115/07/27,,,CB01010 機械設備製造業；E604010 機械安裝業；F113010 機械批發業；F113990 其他機械器具批發業；F401010 國際貿易業；H703090 不動產買賣業；H703100 不動產租賃業；I103060 管理顧問業；JE01010 租賃業；ZZ99999 除許可業務外，得經營法令非禁止或限制之業務,新北市,設立,11507
62110024,科多爾有限公司,新北市板橋區三民路2段33號14樓,彭靜中,500000,115/07/27,,,F104110 布疋、衣著、鞋、帽、傘、服飾品批發業；F204110 布疋、衣著、鞋、帽、傘、服飾品零售業；F109070 文教、樂器、育樂用品批發業；F209060 文教、樂器、育樂用品零售業；F106060 寵物食品及其用品批發業；F206050 寵物食品及其用品零售業；F113070 電信器材批發業；F213060 電信器材零售業；F113020 電器批發業；F213010 電器零售業,新北市,設立,11507
62110039,典贊雅科技有限公司,新北市深坑區文化街39巷33號3樓,陳贊宇,1000000,115/07/27,,,F102040 飲料批發業；F106020 日常用品批發業；F108040 化粧品批發業；F109070 文教、樂器、育樂用品批發業；F113020 電器批發業；F113050 電腦及事務性機器設備批發業；F118010 資訊軟體批發業；F119010 電子材料批發業；F203010 食品什貨、飲料零售業；F206020 日常用品零售業,新北市,設立,11507
62110050,歆穎科技有限公司,新北市新莊區明中街26號3樓,陳培煜,2500000,115/07/27,,,H201010 一般投資業,新北市,設立,11507
62110066,蒔寸室內裝修設計有限公司,新北市新莊區新樹路61號(1樓),李順程,1000000,115/07/27,,,E801060 室內裝修業；E801010 室內裝潢業；E801030 室內輕鋼架工程業；E901010 油漆工程業；E903010 防蝕、防銹工程業；EZ07010 鑽孔工程業；I503010 景觀設計業；F111090 建材批發業；F211010 建材零售業；ZZ99999 除許可業務外，得經營法令非禁止或限制之業務,新北市,設立,11507
62110072,昕豐投資有限公司,新北市中和區建八路16號18樓之2,李承澤,1000000,115/07/27,,,H201010 一般投資業,新北市,設立,11507
62110087,知耕教育顧問有限公司,新北市三重區後竹圍街205巷40號4樓,廖耕賢,500000,115/07/27,,,I101090 食品顧問業；I102010 一般投資顧問業；I103060 管理顧問業；H201010 一般投資業；H202010 創業投資業；F104110 布疋、衣著、鞋、帽、傘、服飾品批發業；F204110 布疋、衣著、鞋、帽、傘、服飾品零售業；F106020 日常用品批發業；F206020 日常用品零售業；F108040 化粧品批發業,新北市,設立,11507
62110093,馥十和管理顧問有限公司,新北市板橋區中山路1段220號(3樓),陳詠霖,1000000,115/07/27,,,F101050 水產品批發業；F201030 水產品零售業；F203010 食品什貨、飲料零售業；F203020 菸酒零售業；F399040 無店面零售業；F399990 其他綜合零售業；F401010 國際貿易業；F501030 飲料店業；F501060 餐館業；H703100 不動產租賃業,新北市,設立,11507
62110100,沛諾電機有限公司,新北市三峽區民生街172號(2樓),范勝智,3000000,115/07/27,,,CC01010 發電、輸電、配電機械製造業；CC01990 其他電機及電子機械器材製造業；CZ99990 未分類其他工業製品製造業；E603050 自動控制設備工程業；E606010 用電設備檢驗維護業；EZ99990 其他工程業；F113010 機械批發業；F113990 其他機械器具批發業；F106010 五金批發業；F106020 日常用品批發業,新北市,設立,11507
62110116,萬鼎開發有限公司,新北市新莊區富貴路502號7樓,蕭詠馨,500000,115/07/27,,,H701010 住宅及大樓開發租售業；H701020 工業廠房開發租售業；H701050 投資興建公共建設業；H701060 新市鎮、新社區開發業；H701070 區段徵收及市地重劃代辦業；H701090 都市更新整建維護業；H702010 建築經理業；H703090 不動產買賣業；H703100 不動產租賃業；HZ99990 其他金融、保險及不動產業,新北市,設立,11507
62110122,立原文化有限公司,新北市三重區自強路1段66號4樓,陳昀鍾,500000,115/07/27,,,C701010 印刷業；C702010 製版業；C703010 印刷品裝訂及加工業；JZ99030 攝影業；I401010 一般廣告服務業；I301010 資訊軟體服務業；I301020 資料處理服務業；ZZ99999 除許可業務外，得經營法令非禁止或限制之業務,新北市,設立,11507
62110137,瀚頻超音波科技股份有限公司,新北市樹林區中華路379巷78弄17號,顏宏霖,3000000,115/07/27,,,F113010 機械批發業；F113030 精密儀器批發業；F113990 其他機械器具批發業；F213080 機械器具零售業；CB01010 機械設備製造業；CB01990 其他機械製造業；CQ01010 模具製造業；F106030 模具批發業；F401010 國際貿易業；ZZ99999 除許可業務外，得經營法令非禁止或限制之業務,新北市,設立,11507
62110143,英博科技有限公司,新北市三重區光復路2段69號11樓,劉信杰,100000,115/07/27,,,F113020 電器批發業；F119010 電子材料批發業；F213010 電器零售業；F219010 電子材料零售業；F106010 五金批發業；F206010 五金零售業；F118010 資訊軟體批發業；F218010 資訊軟體零售業；F401010 國際貿易業；F107990 其他化學製品批發業,新北市,設立,11507
62110158,合聯環保有限公司,新北市新莊區富貴路492號6樓,簡乾龍,400000,115/07/27,,,A102080 園藝服務業；F101100 花卉批發業；F201070 花卉零售業；I103060 管理顧問業；I199990 其他顧問服務業；I503010 景觀設計業；I504010 花藝設計業；IZ12010 人力派遣業；J101010 建築物清潔服務業；J101040 廢棄物處理業,新北市,設立,11507
62110164,新豐工程有限公司,新北市泰山區明志路2段343號,楊新皓,200000,115/07/27,,,E601010 電器承裝業；E601020 電器安裝業；E603090 照明設備安裝工程業；E801070 廚具、衛浴設備安裝工程業；E599010 配管工程業；E603040 消防安全設備安裝工程業；E603010 電纜安裝工程業；E801010 室內裝潢業；E607010 太陽熱能設備安裝工程業；E801030 室內輕鋼架工程業,新北市,設立,11507
62110170,丹川有限公司,新北市新莊區化成路205號之8,鄭莎霓,500000,115/07/27,,,F101040 家畜家禽批發業；F101050 水產品批發業；F101130 蔬果批發業；F102040 飲料批發業；F102050 茶葉批發業；F102170 食品什貨批發業；F201010 農產品零售業；F201020 畜產品零售業；F201030 水產品零售業；F203010 食品什貨、飲料零售業,新北市,設立,11507
62110185,顥遠管理顧問有限公司,新北市中和區景新街338號12樓,邱蒨雯,500000,115/07/27,,,I103060 管理顧問業；I199990 其他顧問服務業；I301010 資訊軟體服務業；I301020 資料處理服務業；I301030 電子資訊供應服務業；F113050 電腦及事務性機器設備批發業；F118010 資訊軟體批發業；F119010 電子材料批發業；F401010 國際貿易業；ZZ99999 除許可業務外，得經營法令非禁止或限制之業務,新北市,設立,11507
62110191,凱光有限公司,新北市中和區中和路402號4樓之2,劉彥主,100000,115/07/27,,,F102170 食品什貨批發業；F106020 日常用品批發業；F108040 化粧品批發業；I301010 資訊軟體服務業；IZ13010 網路認證服務業；F114030 汽、機車零件配備批發業；ZZ99999 除許可業務外，得經營法令非禁止或限制之業務,新北市,設立,11507
62110208,瑞德工程有限公司,新北市汐止區台五路1段95號16樓之1,洪祺,500000,115/07/27,,,E599010 配管工程業；E601020 電器安裝業；E701040 簡易電信設備安裝業；E801010 室內裝潢業；E801020 門窗安裝工程業；E801030 室內輕鋼架工程業；E801040 玻璃安裝工程業；E801070 廚具、衛浴設備安裝工程業；E901010 油漆工程業；F106040 水器材料批發業,新北市,設立,11507
62110214,亮鑫股份有限公司,新北市新店區中興路2段218巷8號2樓,曾國亮,15000000,115/07/28,,,F108031 醫療器材批發業；F208031 醫療器材零售業；F113010 機械批發業；F113020 電器批發業；F113030 精密儀器批發業；F118010 資訊軟體批發業；F401010 國際貿易業；I301010 資訊軟體服務業；I103060 管理顧問業；IZ12010 人力派遣業,新北市,設立,11507
62110220,榮椿有限公司,新北市三重區重新路2段78號15樓(A209室),林柏村,100000,115/07/28,,,E599010 配管工程業；E601010 電器承裝業；E601020 電器安裝業；E603010 電纜安裝工程業；E603040 消防安全設備安裝工程業；E603090 照明設備安裝工程業；E701040 簡易電信設備安裝業；E801010 室內裝潢業；E801020 門窗安裝工程業；E801030 室內輕鋼架工程業,新北市,設立,11507
62110235,達永鑫國際有限公司,新北市三重區三張街114號3樓,余孟秋,1000000,115/07/27,,,CA01100 鋁材軋延、伸線、擠型業；CA01130 銅材軋延、伸線、擠型業；CA02010 金屬結構及建築組件製造業；CA02030 螺絲、螺帽、螺絲釘、及鉚釘等製品製造業；CA02040 彈簧製造業；CA02090 金屬線製品製造業；CA02990 其他金屬製品製造業；F106010 五金批發業；F106030 模具批發業；F113010 機械批發業,新北市,設立,11507
62110241,波丁食研所股份有限公司,新北市板橋區雙十路2段70巷17號(1樓),陳立信,5000000,115/07/28,,,F501060 餐館業；F501030 飲料店業；F203010 食品什貨、飲料零售業；F299990 其他零售業；F399040 無店面零售業；F102170 食品什貨批發業；F501990 其他餐飲業；I103060 管理顧問業；F206020 日常用品零售業；ZZ99999 除許可業務外，得經營法令非禁止或限制之業務,新北市,設立,11507
62110256,惠欣投資有限公司,新北市永和區中和路345號12樓之3,劉季欣,5000000,115/07/27,,,H201010 一般投資業；I102010 一般投資顧問業；F401010 國際貿易業；I103060 管理顧問業；ZZ99999 除許可業務外，得經營法令非禁止或限制之業務,新北市,設立,11507
62110262,極度乾淨有限公司,新北市土城區金城路3段309號,白宗達,100000,115/07/28,,,JA01990 其他汽車服務業；F214030 汽、機車零件配備零售業；F214050 車胎零售業；F214990 其他交通運輸工具及其零件零售業；JA01010 汽車修理業；JA01040 液化石油氣車改裝業；F203020 菸酒零售業；F203010 食品什貨、飲料零售業；F399010 便利商店業；F207990 其他化學製品零售業,新北市,設立,11507
62110278,宥翎投資有限公司,新北市永和區中和路345號12樓之3,劉季欣,5000000,115/07/28,,,H201010 一般投資業；I102010 一般投資顧問業；F401010 國際貿易業；I103060 管理顧問業；ZZ99999 除許可業務外，得經營法令非禁止或限制之業務,新北市,設立,11507
62110283,美鑫車用控股股份有限公司,新北市板橋區中山路1段1號23樓,陳映志,33000000,115/07/28,,,CD01030 汽車及其零件製造業；CD01040 機車及其零件製造業；CD01050 自行車及其零件製造業；CD01990 其他運輸工具及其零件製造業；F106010 五金批發業；F106030 模具批發業；F113010 機械批發業；F113020 電器批發業；F113030 精密儀器批發業；F114010 汽車批發業,新北市,設立,11507
62133321,承捷國際股份有限公司,新北市中和區建一路150號13樓之4,呂采妮,100000000,115/07/13,,,CC01060 有線通信機械器材製造業；CC01070 無線通信機械器材製造業；CC01080 電子零組件製造業；CC01110 電腦及其週邊設備製造業；CC01120 資料儲存媒體製造及複製業；F113070 電信器材批發業；F118010 資訊軟體批發業；F119010 電子材料批發業；F113050 電腦及事務性機器設備批發業；F213030 電腦及事務性機器設備零售業,新北市,設立,11507
62133336,聲音無限有限公司,新北市新莊區新莊路152巷13號(1樓),呂宜臻,500000,115/07/13,,,J604010 聲音錄製及音樂發行業；J305010 有聲出版業；F109070 文教、樂器、育樂用品批發業；F209060 文教、樂器、育樂用品零售業；F399040 無店面零售業；F401010 國際貿易業；I401010 一般廣告服務業；J303010 雜誌（期刊）出版業；J304010 圖書出版業；J399010 軟體出版業,新北市,設立,11507
62133342,壹帆生醫股份有限公司,新北市林口區工九路7號3樓,陳盈材,3000000,115/07/14,,,F102040 飲料批發業；F102170 食品什貨批發業；F106020 日常用品批發業；F107030 清潔用品批發業；F108040 化粧品批發業；F121010 食品添加物批發業；F101990 其他農、畜、水產品批發業；F203010 食品什貨、飲料零售業；F208040 化粧品零售業；F221010 食品添加物零售業,新北市,設立,11507
62133357,歐米茄國際有限公司,新北市土城區中央路2段191號13樓之3,陳威全,300000,115/07/13,,,E605010 電腦設備安裝業；F113050 電腦及事務性機器設備批發業；F113070 電信器材批發業；F118010 資訊軟體批發業；F119010 電子材料批發業；F213030 電腦及事務性機器設備零售業；F213060 電信器材零售業；F218010 資訊軟體零售業；F219010 電子材料零售業；F399040 無店面零售業,新北市,設立,11507
62133363,深海肌秘有限公司,新北市樹林區鎮前街433號9樓,王仲儀,1000000,115/07/13,,,F108040 化粧品批發業；F208040 化粧品零售業；F399040 無店面零售業；F401010 國際貿易業；ZZ99999 除許可業務外，得經營法令非禁止或限制之業務,新北市,設立,11507
62133379,研三造園有限公司,新北市中和區中山路2段332巷13號12樓,朱秉成,3000000,115/07/13,,,F111090 建材批發業；F101100 花卉批發業；F106040 水器材料批發業；F107050 肥料批發業；F211010 建材零售業；F201070 花卉零售業；F206040 水器材料零售業；F207050 肥料零售業；A101050 花卉栽培業；A102050 作物栽培服務業,新北市,設立,11507
62133384,綢兒子文化創意有限公司,新北市中和區民安街25巷21號,盧秋男,100000,115/07/13,,,I401010 一般廣告服務業；J602010 演藝活動業；J601010 藝文服務業；I103060 管理顧問業；F204110 布疋、衣著、鞋、帽、傘、服飾品零售業；F209060 文教、樂器、育樂用品零售業；F205040 家具、寢具、廚房器具、裝設品零售業；F208040 化粧品零售業；F210010 鐘錶零售業；F210020 眼鏡零售業,新北市,設立,11507
62133390,吉萬工程有限公司,新北市三重區正義北路16巷12號(2樓),林秉潔,1000000,115/07/13,,,F111090 建材批發業；F211010 建材零售業；J101030 廢棄物清除業；J101080 資源回收業；J101090 廢棄物清理業；J101110 營建剩餘土石方資源處理業；J101990 其他環境衛生及污染防治服務業；ZZ99999 除許可業務外，得經營法令非禁止或限制之業務；E801010 室內裝潢業；E901010 油漆工程業,新北市,設立,11507
62133407,源偉創餐飲有限公司,新北市三重區永福街86號,林智偉,2000000,115/07/13,,,F102040 飲料批發業；F102170 食品什貨批發業；F203010 食品什貨、飲料零售業；F204110 布疋、衣著、鞋、帽、傘、服飾品零售業；F205040 家具、寢具、廚房器具、裝設品零售業；F206020 日常用品零售業；F209060 文教、樂器、育樂用品零售業；F301010 百貨公司業；F501030 飲料店業；F399040 無店面零售業,新北市,設立,11507
62133413,德隼投資股份有限公司,新北市板橋區文化路2段285號21樓,巫純瑩,10000000,115/07/15,,,H201010 一般投資業；ZZ99999 除許可業務外，得經營法令非禁止或限制之業務,新北市,設立,11507
62133429,連界國際股份有限公司,新北市淡水區中正東路2段143巷2弄1號5樓,陳虹伶,6000000,115/07/13,,,E603090 照明設備安裝工程業；E801010 室內裝潢業；F204110 布疋、衣著、鞋、帽、傘、服飾品零售業；F208040 化粧品零售業；F209060 文教、樂器、育樂用品零售業；F210010 鐘錶零售業；F210020 眼鏡零售業；F215010 首飾及貴金屬零售業；F216010 照相器材零售業；F399040 無店面零售業,新北市,設立,11507
62133434,頤誠安全技術有限公司,新北市中和區景平路429號5樓,陳治舜,3000000,115/07/13,,,J101050 環境檢測服務業；IZ09010 管理系統驗證業；I199990 其他顧問服務業；ZZ99999 除許可業務外，得經營法令非禁止或限制之業務,新北市,設立,11507
62133455,儀象有限公司,新北市新莊區新樹路777號4樓,洪惠琳,500000,115/07/13,,,F219010 電子材料零售業；F401010 國際貿易業；ZZ99999 除許可業務外，得經營法令非禁止或限制之業務,新北市,設立,11507
62133461,艾贏科技股份有限公司,新北市林口區仁愛路2段502號17樓之1,連一真,2000000,115/07/13,,,I301010 資訊軟體服務業；I301020 資料處理服務業；I301030 電子資訊供應服務業；I103060 管理顧問業；F401010 國際貿易業；F601010 智慧財產權業；ZZ99999 除許可業務外，得經營法令非禁止或限制之業務；I501010 產品設計業；CC01080 電子零組件製造業；IZ99990 其他工商服務業,新北市,設立,11507
62133477,穎見科技股份有限公司,新北市三峽區介壽路1段318巷13號(2樓),黃琨棋,3000000,115/07/13,,,F119010 電子材料批發業；F219010 電子材料零售業；F113010 機械批發業；F213010 電器零售業；F401010 國際貿易業；I301010 資訊軟體服務業；I301030 電子資訊供應服務業；I199990 其他顧問服務業；ZZ99999 除許可業務外，得經營法令非禁止或限制之業務,新北市,設立,11507
62133498,光所國際有限公司,新北市永和區中和路343號8樓之2,劉昕怡,100000,115/07/13,,,F209060 文教、樂器、育樂用品零售業；F215010 首飾及貴金屬零售業；F215020 礦石零售業；F109070 文教、樂器、育樂用品批發業；F115010 首飾及貴金屬批發業；F115020 礦石批發業；F399040 無店面零售業；F203010 食品什貨、飲料零售業；F204110 布疋、衣著、鞋、帽、傘、服飾品零售業；F205040 家具、寢具、廚房器具、裝設品零售業,新北市,設立,11507
62133504,耘鼎餐飲有限公司,新北市中和區立業路83巷15號,林俊瑋,2000000,115/07/13,,,F102170 食品什貨批發業；F102040 飲料批發業；F203010 食品什貨、飲料零售業；F203030 酒精零售業；F501060 餐館業；F501990 其他餐飲業；I199990 其他顧問服務業；ZZ99999 除許可業務外，得經營法令非禁止或限制之業務,新北市,設立,11507
62133510,湛然文創股份有限公司,新北市蘆洲區長安街79號2樓,何錦榮,1000000,115/07/13,,,F104110 布疋、衣著、鞋、帽、傘、服飾品批發業；F101100 花卉批發業；F101130 蔬果批發業；F101990 其他農、畜、水產品批發業；F102030 菸酒批發業；F102040 飲料批發業；F102050 茶葉批發業；F102170 食品什貨批發業；F105050 家具、寢具、廚房器具、裝設品批發業；F106020 日常用品批發業,新北市,設立,11507
62133526,巨楷企業有限公司,新北市土城區承天路45號,王泰鈞,1000000,115/07/13,,,CA01050 鋼材二次加工業；CA02030 螺絲、螺帽、螺絲釘、及鉚釘等製品製造業；CA02990 其他金屬製品製造業；CB01010 機械設備製造業；CB01990 其他機械製造業；CC01080 電子零組件製造業；CP01010 手工具製造業；CQ01010 模具製造業；F106010 五金批發業；F106030 模具批發業,新北市,設立,11507
62133531,橙美國際醫務管理顧問有限公司,新北市板橋區民生路3段97號,鄧筠蓁,3010000,115/07/13,,,F102170 食品什貨批發業；F106020 日常用品批發業；F108040 化粧品批發業；F113030 精密儀器批發業；F113990 其他機械器具批發業；F203010 食品什貨、飲料零售業；F206020 日常用品零售業；F208040 化粧品零售業；F208050 乙類成藥零售業；F213040 精密儀器零售業,新北市,設立,11507
62133547,拌伴食穗有限公司,新北市三重區溪尾街39號5樓,姜宗翰,200000,115/07/13,,,C103050 罐頭、冷凍、脫水及醃漬食品製造業；C109010 調味品製造業；C199030 即食餐食製造業；C199990 未分類其他食品製造業；F102170 食品什貨批發業；F203010 食品什貨、飲料零售業；F399040 無店面零售業；F401010 國際貿易業；ZZ99999 除許可業務外，得經營法令非禁止或限制之業務,新北市,設立,11507
62133552,安郁有限公司,新北市汐止區新台五路1段95號16樓之1,彭郁妶,1000000,115/07/13,,,CA02990 其他金屬製品製造業；CB01010 機械設備製造業；CC01010 發電、輸電、配電機械製造業；CC01030 電器及視聽電子產品製造業；CC01080 電子零組件製造業；CC01110 電腦及其週邊設備製造業；E599010 配管工程業；E601010 電器承裝業；E601020 電器安裝業；E603010 電纜安裝工程業,新北市,設立,11507
62133574,就是靠山有限公司,新北市新店區安興路109號5樓之6,龔書逸,200000,115/07/13,,,I401010 一般廣告服務業；I501010 產品設計業；J401010 電影片製作業；J404010 動畫影片製作業；J305010 有聲出版業；J603010 音樂展演空間業；F109070 文教、樂器、育樂用品批發業；F209060 文教、樂器、育樂用品零售業；F104110 布疋、衣著、鞋、帽、傘、服飾品批發業；F204110 布疋、衣著、鞋、帽、傘、服飾品零售業,新北市,設立,11507
62133589,朋棠智醫股份有限公司,新北市板橋區民族路129巷12弄11號9樓,翁珮瑜,2000000,115/07/14,,,I301010 資訊軟體服務業；I301020 資料處理服務業；I301030 電子資訊供應服務業；I401010 一般廣告服務業；F401010 國際貿易業；F108031 醫療器材批發業；F208031 醫療器材零售業；E605010 電腦設備安裝業；F113050 電腦及事務性機器設備批發業；F213030 電腦及事務性機器設備零售業,新北市,設立,11507
62133595,永利亨有限公司,新北市三重區福德北路86號2樓,温怡婷,2000000,115/07/13,,,H201010 一般投資業,新北市,設立,11507
62133602,得福帶貴整合行銷有限公司,新北市三重區長樂街42號,周欣怡,1000000,115/07/15,,,I501010 產品設計業；I599990 其他設計業；I401010 一般廣告服務業；I199990 其他顧問服務業；JZ99050 仲介服務業；F401010 國際貿易業；F399040 無店面零售業；F601010 智慧財產權業；ZZ99999 除許可業務外，得經營法令非禁止或限制之業務,新北市,設立,11507
62133618,寰宇購有限公司,新北市新店區中正路154巷14號3樓,劉建宗,500000,115/07/13,,,F102170 食品什貨批發業；F203010 食品什貨、飲料零售業；F104110 布疋、衣著、鞋、帽、傘、服飾品批發業；F204110 布疋、衣著、鞋、帽、傘、服飾品零售業；F105050 家具、寢具、廚房器具、裝設品批發業；F205040 家具、寢具、廚房器具、裝設品零售業；F106010 五金批發業；F206010 五金零售業；F106020 日常用品批發業；F206020 日常用品零售業,新北市,設立,11507
62133624,中通興業有限公司,新北市三重區力行路2段123巷9號(1樓),徐鴻翔,1200000,115/07/14,,,E599010 配管工程業；E601020 電器安裝業；E801010 室內裝潢業；E903010 防蝕、防銹工程業；EZ99990 其他工程業；J101010 建築物清潔服務業；J101030 廢棄物清除業；J101090 廢棄物清理業；J101990 其他環境衛生及污染防治服務業；JE01010 租賃業,新北市,設立,11507
62133639,福滿庭企業有限公司,新北市新店區安興路109號2樓之3,王靖宛,100000,115/07/14,,,F204110 布疋、衣著、鞋、帽、傘、服飾品零售業；F206020 日常用品零售業；F206050 寵物食品及其用品零售業；F205040 家具、寢具、廚房器具、裝設品零售業；ZZ99999 除許可業務外，得經營法令非禁止或限制之業務,新北市,設立,11507
62133645,鼎盛物業有限公司,新北市五股區新五路2段626號12樓,陸世浩,3000000,115/07/14,,,ZZ99999 除許可業務外，得經營法令非禁止或限制之業務；I103060 管理顧問業；IZ12010 人力派遣業；IZ99990 其他工商服務業；J101010 建築物清潔服務業；J101020 病媒防治業；J101030 廢棄物清除業；J101040 廢棄物處理業；J101050 環境檢測服務業；J101090 廢棄物清理業,新北市,設立,11507
62133650,新溪豐國際有限公司,新北市三峽區民生街152號,陳美榕,500000,115/07/14,,,A102060 糧商業；F101990 其他農、畜、水產品批發業；F102170 食品什貨批發業；F107050 肥料批發業；F203010 食品什貨、飲料零售業；F399040 無店面零售業；F401010 國際貿易業；I103060 管理顧問業；I401010 一般廣告服務業；I501010 產品設計業,新北市,設立,11507
62133666,惠普科技材料有限公司,新北市淡水區崁頂三路185號14樓,洪凱邦,5000000,115/07/14,,,C801990 其他化學材料製造業；C805050 工業用塑膠製品製造業；CA02990 其他金屬製品製造業；F107200 化學原料批發業；F107990 其他化學製品批發業；F119010 電子材料批發業；F113010 機械批發業；F113030 精密儀器批發業；F199990 其他批發業；F207200 化學原料零售業,新北市,設立,11507
62133672,晅糸健康實業有限公司,新北市新店區華城路62之11號,林稚娟,3000000,115/07/14,,,IG01010 生物技術服務業；I301010 資訊軟體服務業；IZ99990 其他工商服務業；F113030 精密儀器批發業；F102170 食品什貨批發業；F203010 食品什貨、飲料零售業；F104110 布疋、衣著、鞋、帽、傘、服飾品批發業；F401010 國際貿易業；F108040 化粧品批發業；F208040 化粧品零售業,新北市,設立,11507
62133687,榮富建材實業有限公司,新北市新莊區萬安街127巷20號4樓,林冠廷,1000000,115/07/14,,,B601010 土石採取業；C901040 預拌混凝土製造業；C901050 水泥及混凝土製品製造業；F106010 五金批發業；F111090 建材批發業；F206010 五金零售業；F211010 建材零售業；F401010 國際貿易業；J101080 資源回收業；J101090 廢棄物清理業,新北市,設立,11507
62133693,粹域工程有限公司,新北市中和區景新街560號11樓之5,王郁翔,1000000,115/07/14,,,E801010 室內裝潢業；E801020 門窗安裝工程業；E801030 室內輕鋼架工程業；E801040 玻璃安裝工程業；E801070 廚具、衛浴設備安裝工程業；E901010 油漆工程業；EZ99990 其他工程業；E599010 配管工程業；E601020 電器安裝業；E603090 照明設備安裝工程業,新北市,設立,11507
62133700,游出戶外運動有限公司,新北市新店區碧潭路37號5樓之1,林昱綺,2000000,115/07/14,,,J802010 運動訓練業；J701080 水域遊憩活動經營業；J801030 競技及休閒運動場館業；F399040 無店面零售業；ZZ99999 除許可業務外，得經營法令非禁止或限制之業務；IZ12010 人力派遣業；J803020 運動比賽業；H201010 一般投資業,新北市,設立,11507
62133716,睿控有限公司,新北市板橋區板新路101號4樓,黃聖靜,800000,115/07/14,,,E601020 電器安裝業；E801010 室內裝潢業；E801020 門窗安裝工程業；E801030 室內輕鋼架工程業；E801040 玻璃安裝工程業；EZ99990 其他工程業；E599010 配管工程業；F219010 電子材料零售業；F206010 五金零售業；F213060 電信器材零售業,新北市,設立,11507
62133722,牧川科技有限公司,新北市中和區中山路2段332巷1號7樓,江泰頤,100000,115/07/14,,,I301010 資訊軟體服務業；F213030 電腦及事務性機器設備零售業；F113050 電腦及事務性機器設備批發業；E603050 自動控制設備工程業；F119010 電子材料批發業；F219010 電子材料零售業；F106010 五金批發業；F206010 五金零售業；F113010 機械批發業；F113030 精密儀器批發業,新北市,設立,11507
62133737,呈紹有限公司,新北市新莊區民安西路384號地下1樓之5,黃筱涵,500000,115/07/14,,,F104110 布疋、衣著、鞋、帽、傘、服飾品批發業；F105050 家具、寢具、廚房器具、裝設品批發業；F106020 日常用品批發業；F106050 陶瓷玻璃器皿批發業；F109070 文教、樂器、育樂用品批發業；F204110 布疋、衣著、鞋、帽、傘、服飾品零售業；F206020 日常用品零售業；F206060 祭祀用品零售業；F299990 其他零售業；F399040 無店面零售業,新北市,設立,11507
62133743,飽嗝宇宙股份有限公司,新北市林口區竹林路1之3號(1樓),蔡瑜珈,1000000,115/07/14,,,F102170 食品什貨批發業；F203010 食品什貨、飲料零售業；F399040 無店面零售業；F206020 日常用品零售業；F209060 文教、樂器、育樂用品零售業；F299990 其他零售業；I401010 一般廣告服務業；I103060 管理顧問業；IZ99990 其他工商服務業；J202010 產業育成業,新北市,設立,11507
62133758,築蘊好室系統傢俱有限公司,新北市新莊區富貴路500號4樓,盛律憲,500000,115/07/14,,,E801010 室內裝潢業；E801070 廚具、衛浴設備安裝工程業；F105050 家具、寢具、廚房器具、裝設品批發業；F106010 五金批發業；F111090 建材批發業；F205040 家具、寢具、廚房器具、裝設品零售業；F206010 五金零售業；F211010 建材零售業；F401010 國際貿易業；C501040 組合木材製造業,新北市,設立,11507
62133764,安心家服科技有限公司,新北市永和區成功路1段15號,涂志浩,1000000,115/07/14,,,F106010 五金批發業；F206010 五金零售業；F401010 國際貿易業；F601010 智慧財產權業；I301030 電子資訊供應服務業,新北市,設立,11507
62133770,泉宏科技有限公司,新北市樹林區大有路35號（1樓）,盧泓燕,1000000,115/07/14,,,F113020 電器批發業；F213010 電器零售業；F113030 精密儀器批發業；F213040 精密儀器零售業；F206040 水器材料零售業；F106040 水器材料批發業；F219010 電子材料零售業；F119010 電子材料批發業；F213990 其他機械器具零售業；JA02010 電器及電子產品修理業,新北市,設立,11507
62133785,大芃姐弟資產投資有限公司,新北市蘆洲區中央路171號7樓,李佳勲,100000,115/07/14,,,I103060 管理顧問業；I199990 其他顧問服務業；I102010 一般投資顧問業；IH01010 產業控股公司業；H201010 一般投資業；H202010 創業投資業；ZZ99999 除許可業務外，得經營法令非禁止或限制之業務,新北市,設立,11507
62133791,隆興家飾有限公司,新北市樹林區信和街39之17號4樓,鍾芯珮,500000,115/07/14,,,CN01010 家具及裝設品製造業；C402030 皮革、毛皮製品製造業；C501990 其他木製品製造業；F105050 家具、寢具、廚房器具、裝設品批發業；F205040 家具、寢具、廚房器具、裝設品零售業；F106020 日常用品批發業；F206020 日常用品零售業；F401010 國際貿易業；ZZ99999 除許可業務外，得經營法令非禁止或限制之業務,新北市,設立,11507
62133808,謙鴻投資有限公司,新北市新店區五峯路25號3樓,劉靜明,1000000,115/07/14,,,H201010 一般投資業,新北市,設立,11507
62133814,睿客行銷有限公司,新北市新店區北新路1段12號16樓,鄭漢光,500000,115/07/14,,,I401010 一般廣告服務業；F113050 電腦及事務性機器設備批發業；F118010 資訊軟體批發業；F119010 電子材料批發業；F213030 電腦及事務性機器設備零售業；F218010 資訊軟體零售業；F219010 電子材料零售業；F401010 國際貿易業；I103060 管理顧問業；I199990 其他顧問服務業,新北市,設立,11507
62133820,羽曜文創有限公司,新北市板橋區四川路2段243號3樓之1,柯凱迪,100000,115/07/14,,,I301020 資料處理服務業；I301010 資訊軟體服務業；I401010 一般廣告服務業；I301060 網路廣告平臺業；J601010 藝文服務業；J602010 演藝活動業；F399040 無店面零售業；I103060 管理顧問業；I199990 其他顧問服務業；F401010 國際貿易業,新北市,設立,11507
62133835,行星藍夜有限公司,新北市深坑區松柏街51巷1號2樓,劉泑渲,1000000,115/07/15,,,H201010 一般投資業,新北市,設立,11507
62133841,金盈沅國際貿易有限公司,新北市中和區景新街446號5樓,李元凱,1000000,115/07/14,,,F102170 食品什貨批發業；F106020 日常用品批發業；F106070 祭祀用品批發業；F203010 食品什貨、飲料零售業；F206020 日常用品零售業；F206060 祭祀用品零售業；F401010 國際貿易業；ZZ99999 除許可業務外，得經營法令非禁止或限制之業務,新北市,設立,11507
62133856,謝謝老闆有限公司,新北市中和區中和路169號8樓,郭淳恩,200000,115/07/15,,,J503020 電視節目製作業；J503030 廣播電視節目發行業；J701090 錄影節目帶播映業；JZ99030 攝影業；ZZ99999 除許可業務外，得經營法令非禁止或限制之業務；JZ99990 未分類其他服務業；I401010 一般廣告服務業；I103060 管理顧問業；JZ99050 仲介服務業；I599990 其他設計業,新北市,設立,11507
62133862,御光科技有限公司,新北市三重區成功路66號2樓之1,黃亮穎,1000000,115/07/15,,,ZZ99999 除許可業務外，得經營法令非禁止或限制之業務；I301010 資訊軟體服務業；I301020 資料處理服務業；I501010 產品設計業；IF04010 非破壞檢測業；IG02010 研究發展服務業；IG03010 能源技術服務業；IZ99990 其他工商服務業；I102010 一般投資顧問業；C801100 合成樹脂及塑膠製造業,新北市,設立,11507
62133878,維塏有限公司,新北市新店區安祥路106巷200弄20號,林雅嵐,1000000,115/07/15,,,F113010 機械批發業；F106010 五金批發業；F119010 電子材料批發業；F113030 精密儀器批發業；F111090 建材批發業；F401010 國際貿易業；F199990 其他批發業；ZZ99999 除許可業務外，得經營法令非禁止或限制之業務；F113020 電器批發業；F114080 軌道車輛及其零件批發業,新北市,設立,11507
62133899,鼎峴有限公司,新北市樹林區大雅路49號2樓,林政仕,2000000,115/07/15,,,F501060 餐館業；F203010 食品什貨、飲料零售業；F501030 飲料店業；F501990 其他餐飲業；F203020 菸酒零售業；H703100 不動產租賃業；ZZ99999 除許可業務外，得經營法令非禁止或限制之業務,新北市,設立,11507
62133906,博程電子股份有限公司,新北市鶯歌區大湖路185巷20號,呂國慶,8900000,115/07/15,,,CB01990 其他機械製造業；CC01030 電器及視聽電子產品製造業；CC01080 電子零組件製造業；CC01110 電腦及其週邊設備製造業；CD01030 汽車及其零件製造業；CH01040 玩具製造業；F113020 電器批發業；F213010 電器零售業；F113050 電腦及事務性機器設備批發業；F213030 電腦及事務性機器設備零售業,新北市,設立,11507
62133912,立德勝投資股份有限公司,新北市新店區寶橋路235巷138號8樓,成偌安,104867650,115/07/15,,,H201010 一般投資業,新北市,設立,11507
62133928,蔚川資本有限公司,新北市中和區中山路2段296號5樓之3,李思翰,300000,115/07/15,,,H201010 一般投資業；ZZ99999 除許可業務外，得經營法令非禁止或限制之業務,新北市,設立,11507
62133933,潤泓智能科技有限公司,新北市汐止區新台五路1段79號15樓之9,魏曉菁,1000000,115/07/15,,,F113020 電器批發業；F113030 精密儀器批發業；F113070 電信器材批發業；F213010 電器零售業；F213040 精密儀器零售業；F213060 電信器材零售業；F219010 電子材料零售業；F401010 國際貿易業；I103060 管理顧問業；I199990 其他顧問服務業,新北市,設立,11507
62133949,又福又有限公司,新北市淡水區中正路135之3號,劉憶文,500000,115/07/15,,,F102170 食品什貨批發業；F203010 食品什貨、飲料零售業；F399040 無店面零售業；F501030 飲料店業；F501060 餐館業；ZZ99999 除許可業務外，得經營法令非禁止或限制之業務,新北市,設立,11507
62133954,匠和工程有限公司,新北市板橋區中山路1段10號9樓,徐家華,300000,115/07/15,,,E599010 配管工程業；E601020 電器安裝業；E603090 照明設備安裝工程業；E801010 室內裝潢業；E801020 門窗安裝工程業；E801030 室內輕鋼架工程業；E801040 玻璃安裝工程業；E801070 廚具、衛浴設備安裝工程業；E901010 油漆工程業；E903010 防蝕、防銹工程業,新北市,設立,11507
62133960,台灣鴻祥強科技有限公司,新北市永和區國中路104巷8弄18號4樓,王文玉,1000000,115/07/15,,,F113010 機械批發業；I501010 產品設計業；F119010 電子材料批發業；F401010 國際貿易業；I301010 資訊軟體服務業；F601010 智慧財產權業；IG03010 能源技術服務業；I199990 其他顧問服務業；ZZ99999 除許可業務外，得經營法令非禁止或限制之業務,新北市,設立,11507
62133981,泉紳有限公司,新北市汐止區明峰街129號5樓之2,陳羽琪,200000,115/07/15,,,J701080 水域遊憩活動經營業；J801030 競技及休閒運動場館業；J802010 運動訓練業；J803020 運動比賽業；I103060 管理顧問業；F109070 文教、樂器、育樂用品批發業；F209060 文教、樂器、育樂用品零售業；F106010 五金批發業；F106040 水器材料批發業；F206010 五金零售業,新北市,設立,11507
62133997,昊禾有限公司,新北市板橋區館前東路26號3樓之2,陳妍瑛,50000,115/07/15,,,J304010 圖書出版業；J305010 有聲出版業；J399990 其他出版業；J404020 提供設備及場地供電影片拍攝業；J503010 廣播節目製作業；J503040 廣播電視廣告業；J604010 聲音錄製及音樂發行業；J701070 資訊休閒業；J799990 其他休閒服務業；JB01010 會議及展覽服務業,新北市,設立,11507
62134004,世創國際企業有限公司,新北市汐止區大同路3段196之1號8樓,林茂賢,2000000,115/07/15,,,CC01020 電線及電纜製造業；CC01030 電器及視聽電子產品製造業；CD01030 汽車及其零件製造業；F113050 電腦及事務性機器設備批發業；F114030 汽、機車零件配備批發業；F118010 資訊軟體批發業；F119010 電子材料批發業；F213030 電腦及事務性機器設備零售業；F214030 汽、機車零件配備零售業；F218010 資訊軟體零售業,新北市,設立,11507
62134010,沛耘有限公司,新北市泰山區明志路2段136巷36號8樓,莊詠惠,500000,115/07/15,,,F204110 布疋、衣著、鞋、帽、傘、服飾品零售業；F104110 布疋、衣著、鞋、帽、傘、服飾品批發業；J602010 演藝活動業；F205040 家具、寢具、廚房器具、裝設品零售業；ZZ99999 除許可業務外，得經營法令非禁止或限制之業務,新北市,設立,11507
62134026,丰采麗晶股份有限公司,新北市土城區中央路2段191號8樓之4,許毓璇,1200000,115/07/15,,,C802090 清潔用品製造業；C802100 化粧品製造業；F102170 食品什貨批發業；F104110 布疋、衣著、鞋、帽、傘、服飾品批發業；F108031 醫療器材批發業；F108040 化粧品批發業；F203010 食品什貨、飲料零售業；F204110 布疋、衣著、鞋、帽、傘、服飾品零售業；F208031 醫療器材零售業；F208040 化粧品零售業,新北市,設立,11507
62134031,潤榮股份有限公司,新北市淡水區水源街1段71巷1之5號,胡馨文,501000,115/07/15,,,F399990 其他綜合零售業；F601010 智慧財產權業；I102010 一般投資顧問業；I103060 管理顧問業；I105010 藝術品諮詢顧問業；I199990 其他顧問服務業；J202010 產業育成業；J304010 圖書出版業；H201010 一般投資業；H703090 不動產買賣業,新北市,設立,11507
62134047,鎰盛投資股份有限公司,新北市中和區建一路249號8樓,張明燦,10000000,115/07/15,,,H201010 一般投資業；ZZ99999 除許可業務外，得經營法令非禁止或限制之業務,新北市,設立,11507
62134052,亦鮮有限公司,新北市鶯歌區重慶街88號2樓,黃佾弘,2000000,115/07/15,,,F101050 水產品批發業；F101130 蔬果批發業；F101990 其他農、畜、水產品批發業；F102030 菸酒批發業；F102040 飲料批發業；F102170 食品什貨批發業；F201010 農產品零售業；F201030 水產品零售業；F201990 其他農畜水產品零售業；F203010 食品什貨、飲料零售業,新北市,設立,11507
62134068,瑞聿投資有限公司,新北市永和區保平路292巷40弄2號3樓,林瑞賢,1000000,115/07/15,,,H201010 一般投資業；H202010 創業投資業；I102010 一般投資顧問業；I103060 管理顧問業；ZZ99999 除許可業務外，得經營法令非禁止或限制之業務,新北市,設立,11507
62134074,曦采美學國際有限公司,新北市板橋區館前西路6號11樓,黃心謙,200000,115/07/15,,,F208040 化粧品零售業；F206020 日常用品零售業；JZ99080 美容美髮服務業；JZ99990 未分類其他服務業,新北市,設立,11507
62134089,糧心計畫有限公司,新北市三重區福德南路41號2樓,張哲維,500000,115/07/15,,,F106060 寵物食品及其用品批發業；F104110 布疋、衣著、鞋、帽、傘、服飾品批發業；F106020 日常用品批發業；F107070 動物用藥品批發業；F109070 文教、樂器、育樂用品批發業；F206050 寵物食品及其用品零售業；F204110 布疋、衣著、鞋、帽、傘、服飾品零售業；F206020 日常用品零售業；F207070 動物用藥零售業；F209060 文教、樂器、育樂用品零售業,新北市,設立,11507
62134102,宸樺電子股份有限公司,新北市汐止區大同路3段222號之5,朱承宥,500000,115/07/16,,,F399040 無店面零售業；CC01030 電器及視聽電子產品製造業；CC01080 電子零組件製造業；F401010 國際貿易業；F113070 電信器材批發業；F213060 電信器材零售業；F113020 電器批發業；F213010 電器零售業；JA02010 電器及電子產品修理業；I301010 資訊軟體服務業,新北市,設立,11507
62134118,居蓶投資有限公司,新北市中和區中和路165巷21號8樓,陳郁均,400000,115/07/16,,,H201010 一般投資業,新北市,設立,11507
62134124,國城顧問有限公司,新北市新店區民權路108號地下一層,趙國宏,500000,115/07/16,,,I103060 管理顧問業；I199990 其他顧問服務業；I301010 資訊軟體服務業；I301020 資料處理服務業；F113010 機械批發業；F113030 精密儀器批發業；F199990 其他批發業；F401010 國際貿易業；ZZ99999 除許可業務外，得經營法令非禁止或限制之業務,新北市,設立,11507
62134139,小都星美學有限公司,新北市土城區中央路4段124號,周澈,1000000,115/07/16,,,JZ99080 美容美髮服務業；ZZ99999 除許可業務外，得經營法令非禁止或限制之業務；F108040 化粧品批發業；F208040 化粧品零售業；F399040 無店面零售業；F401010 國際貿易業,新北市,設立,11507
62134145,尚美生物科技有限公司,新北市板橋區四川路1段23號9樓之2,張維倫,6000000,115/07/16,,,H201010 一般投資業；H701010 住宅及大樓開發租售業；H703100 不動產租賃業；I103060 管理顧問業；I199990 其他顧問服務業；F108040 化粧品批發業；F102170 食品什貨批發業；F208040 化粧品零售業；F208050 乙類成藥零售業；F203010 食品什貨、飲料零售業,新北市,設立,11507
62134150,宇海企業有限公司,新北市樹林區八德街90號12樓,林月霞,100000,115/07/16,,,CA02050 閥類製造業；CB01010 機械設備製造業；CC01010 發電、輸電、配電機械製造業；F201010 農產品零售業；F201020 畜產品零售業；F201030 水產品零售業；F203010 食品什貨、飲料零售業；F206010 五金零售業；F206020 日常用品零售業；F213010 電器零售業,新北市,設立,11507
62134166,識酒有限公司,新北市板橋區中山路1段293之1號13樓之1,歐仁豪,1000000,115/07/16,,,F102030 菸酒批發業；F102040 飲料批發業；F102170 食品什貨批發業；F106050 陶瓷玻璃器皿批發業；F203010 食品什貨、飲料零售業；F203020 菸酒零售業；F399040 無店面零售業；F401171 酒類輸入業；I199990 其他顧問服務業；IZ99990 其他工商服務業,新北市,設立,11507
62134172,唯他營養有限公司,新北市新莊區思源路420號3樓,黃政儒,400000,115/07/16,,,F102040 飲料批發業；F399040 無店面零售業；F101130 蔬果批發業；F102050 茶葉批發業；F102170 食品什貨批發業；F121010 食品添加物批發業；I301020 資料處理服務業；I301030 電子資訊供應服務業；I501010 產品設計業；I599990 其他設計業,新北市,設立,11507
62134187,瑋固國際有限公司,新北市五股區四維路30巷34弄13號,張智瑋,20000000,115/07/16,,,CA02010 金屬結構及建築組件製造業；CA02050 閥類製造業；CA02990 其他金屬製品製造業；CB01990 其他機械製造業；CR01010 瓦斯器材及其零件製造業；F106010 五金批發業；F106040 水器材料批發業；F113990 其他機械器具批發業；F401010 國際貿易業；ZZ99999 除許可業務外，得經營法令非禁止或限制之業務,新北市,設立,11507
62134193,奇拾有限公司,新北市新莊區榮華路2段171號(1樓),顏馨慈,1600000,115/07/16,,,I502010 服飾設計業；F204110 布疋、衣著、鞋、帽、傘、服飾品零售業；F205040 家具、寢具、廚房器具、裝設品零售業；F399040 無店面零售業；F401010 國際貿易業；I199990 其他顧問服務業；J601010 藝文服務業；J602010 演藝活動業；JZ99990 未分類其他服務業；ZZ99999 除許可業務外，得經營法令非禁止或限制之業務,新北市,設立,11507
62134200,億灃投資有限公司,新北市板橋區中正路276號4樓,謝億廷,3000000,115/07/16,,,H201010 一般投資業；ZZ99999 除許可業務外，得經營法令非禁止或限制之業務,新北市,設立,11507
62134216,綠櫥國際企業有限公司,新北市三重區重新路1段84號(2樓),林大欽,6000000,115/07/16,,,F105050 家具、寢具、廚房器具、裝設品批發業；F205040 家具、寢具、廚房器具、裝設品零售業；E801010 室內裝潢業；E801070 廚具、衛浴設備安裝工程業；I503010 景觀設計業；F401010 國際貿易業；ZZ99999 除許可業務外，得經營法令非禁止或限制之業務,新北市,設立,11507
62134222,海豐生鮮有限公司,新北市中和區中正路716號10樓之1,聶至正,500000,115/07/16,,,F101050 水產品批發業；F101990 其他農、畜、水產品批發業；F101040 家畜家禽批發業；F102170 食品什貨批發業；F106010 五金批發業；F106020 日常用品批發業；F199990 其他批發業；F201010 農產品零售業；F201020 畜產品零售業；F201030 水產品零售業,新北市,設立,11507
62134237,宗勝企業股份有限公司,新北市新莊區中信街178號12樓之2,吳孟霖,12500000,115/07/16,,,E599010 配管工程業；E601010 電器承裝業；E601020 電器安裝業；E603010 電纜安裝工程業；E603080 交通號誌安裝工程業；E603090 照明設備安裝工程業；E604010 機械安裝業；E901010 油漆工程業；EZ02010 起重工程業；F113010 機械批發業,新北市,設立,11507
62134243,聯發達投資有限公司,新北市三重區重陽路1段60巷88號3樓,鄭仲伶,10000000,115/07/16,,,H201010 一般投資業；ZZ99999 除許可業務外，得經營法令非禁止或限制之業務,新北市,設立,11507
62134258,逸薈實業有限公司,新北市永和區永貞路332巷16號5樓,楊逸茹,220000,115/07/16,,,H201010 一般投資業,新北市,設立,11507
62134264,恒柏投資有限公司,新北市板橋區南雅南路1段1號(1樓),林柏勳,5000000,115/07/16,,,H201010 一般投資業,新北市,設立,11507
62134270,麒宸國際有限公司,新北市永和區永貞路332巷16號5樓,陳麒文,220000,115/07/16,,,H201010 一般投資業,新北市,設立,11507
62134285,境述策略有限公司,新北市三峽區學勤路168之1號17樓,謝湘儀,200000,115/07/17,,,I103060 管理顧問業；I199990 其他顧問服務業；I401010 一般廣告服務業；F401010 國際貿易業；I301010 資訊軟體服務業；I301020 資料處理服務業；IZ12010 人力派遣業；I501010 產品設計業；I599990 其他設計業；J202010 產業育成業,新北市,設立,11507
62134291,威宸物流整合有限公司,新北市鶯歌區尖山路262之3號15樓,廖辰哲,1000000,115/07/16,,,IZ06010 理貨包裝業；IZ12010 人力派遣業；I102010 一般投資顧問業；I103060 管理顧問業；I401010 一般廣告服務業；I501010 產品設計業；F399040 無店面零售業；F401010 國際貿易業；H703100 不動產租賃業；G202010 停車場經營業,新北市,設立,11507
62134308,冠彩室內裝修設計有限公司,新北市三重區重安街53巷1號6樓,蔡廷振,100000,115/07/16,,,E801060 室內裝修業；I503010 景觀設計業；E801010 室內裝潢業；E901010 油漆工程業；F111090 建材批發業；J101030 廢棄物清除業；I504010 花藝設計業；J101090 廢棄物清理業；J101040 廢棄物處理業；E801020 門窗安裝工程業,新北市,設立,11507
62134314,光米星曜有限公司,新北市中和區建八路2號15樓之8,蘇彥宇,100000,115/07/16,,,J202010 產業育成業；JB01010 會議及展覽服務業；IZ99990 其他工商服務業；I103060 管理顧問業；I199990 其他顧問服務業；J601010 藝文服務業；J602010 演藝活動業；J799990 其他休閒服務業；JZ99090 喜慶綜合服務業；F203010 食品什貨、飲料零售業,新北市,設立,11507
62134320,鈺澤室內裝修設計有限公司,新北市中和區景新街338號12樓,李軍漢,500000,115/07/16,,,E801060 室內裝修業；E601010 電器承裝業；E601020 電器安裝業；E603010 電纜安裝工程業；E603110 冷作工程業；E604010 機械安裝業；E801010 室內裝潢業；E801020 門窗安裝工程業；E801030 室內輕鋼架工程業；E801040 玻璃安裝工程業,新北市,設立,11507
62134335,漾知顧問有限公司,新北市三重區錦通街9號4樓,林敏暖,300000,115/07/16,,,I103060 管理顧問業；I105010 藝術品諮詢顧問業；I102010 一般投資顧問業；I199990 其他顧問服務業；J202010 產業育成業；J601010 藝文服務業；J603010 音樂展演空間業；J604010 聲音錄製及音樂發行業；JB01010 會議及展覽服務業；I301060 網路廣告平臺業,新北市,設立,11507
62134341,灃食資本股份有限公司,新北市新店區北新路2段228巷10號(1樓),吳逸樺,7000000,115/07/16,,,F102170 食品什貨批發業；F203010 食品什貨、飲料零售業；F399990 其他綜合零售業；H201010 一般投資業；H703100 不動產租賃業；I101090 食品顧問業；I102010 一般投資顧問業；I103060 管理顧問業；I199990 其他顧問服務業；JB01010 會議及展覽服務業,新北市,設立,11507
62134356,譯鳴有限公司,新北市板橋區海山路33號3樓,張哲鳴,200000,115/07/16,,,IZ04010 翻譯業；IZ02010 打字業；IZ10010 排版業；IZ01010 影印業；I301020 資料處理服務業；J302010 通訊稿業；I103060 管理顧問業；I199990 其他顧問服務業；I401010 一般廣告服務業；J202010 產業育成業,新北市,設立,11507
62134362,伊蓮創意有限公司,新北市新店區禾豐七路8巷13號(1樓),蔡皓云,200000,115/07/16,,,F106020 日常用品批發業；F118010 資訊軟體批發業；F199990 其他批發業；F206020 日常用品零售業；F299990 其他零售業；F399040 無店面零售業；F399990 其他綜合零售業；F401010 國際貿易業；I103060 管理顧問業；I199990 其他顧問服務業,新北市,設立,11507
62134378,文友工程有限公司,新北市土城區裕生路84巷13號,張明文,1000000,115/07/16,,,E801010 室內裝潢業；E901010 油漆工程業；E903010 防蝕、防銹工程業；EZ99990 其他工程業；F106010 五金批發業；F111090 建材批發業；F401010 國際貿易業；I503010 景觀設計業；I599990 其他設計業；ZZ99999 除許可業務外，得經營法令非禁止或限制之業務,新北市,設立,11507
62134383,兆震國際有限公司,新北市新莊區民安西路216號4樓,張震錞,1000000,115/07/16,,,F114050 車胎批發業；F113010 機械批發業；F214050 車胎零售業；F214010 汽車零售業；F401010 國際貿易業；CA01050 鋼材二次加工業；CA02990 其他金屬製品製造業；CB01010 機械設備製造業；CB01990 其他機械製造業；E604010 機械安裝業,新北市,設立,11507
62134399,喬婕廣告行銷整合有限公司,新北市三重區中央南路32巷1弄10號3樓,張瓊文,500000,115/07/17,,,J101020 病媒防治業；J202010 產業育成業；J301010 報紙業；J302010 通訊稿業；J303010 雜誌（期刊）出版業；J304010 圖書出版業；J305010 有聲出版業；J399010 軟體出版業；J399990 其他出版業；J401010 電影片製作業,新北市,設立,11507
62134503,君盛實業有限公司,新北市三重區大同北路44巷8號,周俊宏,3000000,115/07/17,,,H201010 一般投資業；I102010 一般投資顧問業；I103060 管理顧問業；I199990 其他顧問服務業；ZZ99999 除許可業務外，得經營法令非禁止或限制之業務,新北市,設立,11507
62134519,永祿糖葫蘆有限公司,新北市中和區中山路2段578號,村嶋娜娜,50000,115/07/17,,,I401010 一般廣告服務業；I103060 管理顧問業；I199990 其他顧問服務業；I301030 電子資訊供應服務業；I501010 產品設計業；IZ99990 其他工商服務業；F102170 食品什貨批發業；F203010 食品什貨、飲料零售業；F601010 智慧財產權業；J305010 有聲出版業,新北市,設立,11507
62134525,天工動力科技有限公司,新北市樹林區太元街21號3樓,李育瑋,1000000,115/07/17,,,E604010 機械安裝業；EZ02010 起重工程業；F113010 機械批發業；F113990 其他機械器具批發業；F213080 機械器具零售業；F213990 其他機械器具零售業；CA02010 金屬結構及建築組件製造業；I501010 產品設計業；F401010 國際貿易業；E502010 燃料導管安裝工程業,新北市,設立,11507
62134530,阜溢科技有限公司,新北市新店區三民路100號4樓,陳秀蒨,1000000,115/07/17,,,F219010 電子材料零售業；F119010 電子材料批發業；F213060 電信器材零售業；F113070 電信器材批發業；F120010 耐火材料批發業；F211010 建材零售業；E599010 配管工程業；E601020 電器安裝業；E603040 消防安全設備安裝工程業；E603080 交通號誌安裝工程業,新北市,設立,11507
62134546,睿源量測有限公司,新北市新莊區新樹路260之13號,郭靜茹,200000,115/07/17,,,CC01010 發電、輸電、配電機械製造業；CC01030 電器及視聽電子產品製造業；CC01080 電子零組件製造業；CC01110 電腦及其週邊設備製造業；CC01990 其他電機及電子機械器材製造業；CE01010 一般儀器製造業；F106010 五金批發業；F106030 模具批發業；F113020 電器批發業；F113030 精密儀器批發業,新北市,設立,11507
62134551,卓泰投資有限公司,新北市林口區文化三路2段20號5樓,詹以誠,4000000,115/07/17,,,H201010 一般投資業；H202010 創業投資業；IH01010 產業控股公司業；ZZ99999 除許可業務外，得經營法令非禁止或限制之業務,新北市,設立,11507
62134567,寶弘精密工業股份有限公司,新北市新店區環河路40號2樓之1,鄒孝忠,5000000,115/07/17,,,E605010 電腦設備安裝業；F106010 五金批發業；F106040 水器材料批發業；F113110 電池批發業；F119010 電子材料批發業；F213110 電池零售業；F219010 電子材料零售業；F299990 其他零售業；F401010 國際貿易業；I199990 其他顧問服務業,新北市,設立,11507
62134573,玖源茶業有限公司,新北市土城區中央路2段298號6樓,詹連池,800000,115/07/17,,,F102050 茶葉批發業；F102170 食品什貨批發業；F203010 食品什貨、飲料零售業；F201010 農產品零售業；F401010 國際貿易業；F102040 飲料批發業；ZZ99999 除許可業務外，得經營法令非禁止或限制之業務,新北市,設立,11507
62134588,謙樂投資有限公司,新北市淡水區小坪頂100巷31號2樓,張建國,48000000,115/07/17,,,H201010 一般投資業,新北市,設立,11507
62134594,潔尼斯實業有限公司,新北市永和區福和路41號5樓之1,陳薇菁,100000,115/07/17,,,J101010 建築物清潔服務業；J101030 廢棄物清除業；J101020 病媒防治業；F106020 日常用品批發業；F107030 清潔用品批發業；F206020 日常用品零售業；F207030 清潔用品零售業；F207080 環境用藥零售業；F401010 國際貿易業；ZZ99999 除許可業務外，得經營法令非禁止或限制之業務,新北市,設立,11507
62134601,久洋國際有限公司,新北市蘆洲區中原路10號6樓,李坤騰,1000000,115/07/17,,,F101050 水產品批發業；F102170 食品什貨批發業；F201030 水產品零售業；F203010 食品什貨、飲料零售業；F399040 無店面零售業；F401010 國際貿易業；ZZ99999 除許可業務外，得經營法令非禁止或限制之業務,新北市,設立,11507
62134617,百發百福有限公司,新北市汐止區新台五路1段143巷2弄6號,陳建誌,1000000,115/07/17,,,F501060 餐館業；F501990 其他餐飲業；F501030 飲料店業；ZZ99999 除許可業務外，得經營法令非禁止或限制之業務,新北市,設立,11507
62134623,伍玖貳柒盧盧有限公司,新北市新莊區幸福路738之1號(1樓),陳思佑,1000000,115/07/17,,,F201010 農產品零售業；F203010 食品什貨、飲料零售業；F204110 布疋、衣著、鞋、帽、傘、服飾品零售業；F206020 日常用品零售業；F206050 寵物食品及其用品零售業；F207030 清潔用品零售業；F208040 化粧品零售業；F209060 文教、樂器、育樂用品零售業；F213010 電器零售業；F213080 機械器具零售業,新北市,設立,11507
62134638,歐玫有限公司,新北市蘆洲區和平路67之1號4樓,林冠州,10000000,115/07/17,,,F401010 國際貿易業；F401091 槍砲彈藥刀械輸出入業；F213030 電腦及事務性機器設備零售業；F213080 機械器具零售業；F119010 電子材料批發業；F219010 電子材料零售業；JA02061 槍枝保養業；F114030 汽、機車零件配備批發業；ZZ99999 除許可業務外，得經營法令非禁止或限制之業務,新北市,設立,11507
62134659,紐維思科技股份有限公司,新北市汐止區茄苳路84號,楊美惠,1000000,115/07/17,,,CC01060 有線通信機械器材製造業；CC01070 無線通信機械器材製造業；CC01080 電子零組件製造業；CC01100 電信管制射頻器材製造業；CC01120 資料儲存媒體製造及複製業；F113050 電腦及事務性機器設備批發業；F113070 電信器材批發業；F118010 資訊軟體批發業；F119010 電子材料批發業；F401010 國際貿易業,新北市,設立,11507
62134665,遊鶴科技有限公司,新北市三峽區橫溪路99巷53號(1樓),李赫軒,100000,115/07/17,,,F118010 資訊軟體批發業；F218010 資訊軟體零售業；J399010 軟體出版業；F399040 無店面零售業；F109070 文教、樂器、育樂用品批發業；F209060 文教、樂器、育樂用品零售業；F106020 日常用品批發業；F206020 日常用品零售業；F104110 布疋、衣著、鞋、帽、傘、服飾品批發業；F204110 布疋、衣著、鞋、帽、傘、服飾品零售業,新北市,設立,11507
62134671,燿新科技有限公司,新北市汐止區新台五路1段95號16樓之1,袁同台,500000,115/07/17,,,CC01070 無線通信機械器材製造業；CC01080 電子零組件製造業；F113070 電信器材批發業；F118010 資訊軟體批發業；F119010 電子材料批發業；F213060 電信器材零售業；F219010 電子材料零售業；F401010 國際貿易業；I103060 管理顧問業；I199990 其他顧問服務業,新北市,設立,11507
62134686,共鑫長盈資本股份有限公司,新北市五股區凌雲路1段137號之1,張喬凌,6600000,115/07/17,,,H201010 一般投資業；ZZ99999 除許可業務外，得經營法令非禁止或限制之業務,新北市,設立,11507
62134692,奇遇有限公司,新北市中和區員山路466巷10號之1,賴怡均,100000,115/07/17,,,F104110 布疋、衣著、鞋、帽、傘、服飾品批發業；F204110 布疋、衣著、鞋、帽、傘、服飾品零售業；F106020 日常用品批發業；F206020 日常用品零售業；F107030 清潔用品批發業；F207030 清潔用品零售業；F108040 化粧品批發業；F208040 化粧品零售業；F113050 電腦及事務性機器設備批發業；F213030 電腦及事務性機器設備零售業,新北市,設立,11507
62134715,暮雲行銷有限公司,新北市新莊區五權一路1號8樓之1,連容雪,500000,115/07/17,,,I401010 一般廣告服務業；I501010 產品設計業；I502010 服飾設計業；I503010 景觀設計業；I504010 花藝設計業；I599990 其他設計業；I301030 電子資訊供應服務業；I301020 資料處理服務業；I301010 資訊軟體服務業；I199990 其他顧問服務業,新北市,設立,11507
62134721,興鉎科技有限公司,新北市中和區華新街109巷32號12樓之1,許婕穎,3000000,115/07/17,,,C804020 工業用橡膠製品製造業；F107200 化學原料批發業；F207200 化學原料零售業；F401010 國際貿易業；CB01010 機械設備製造業；CA01050 鋼材二次加工業；CB01990 其他機械製造業；ZZ99999 除許可業務外，得經營法令非禁止或限制之業務,新北市,設立,11507
62134736,秀宜國際有限公司,新北市汐止區新台五路1段95號16樓之1,金星宇,100000,115/07/17,,,F113050 電腦及事務性機器設備批發業；F113010 機械批發業；F113020 電器批發業；F113030 精密儀器批發業；F113070 電信器材批發業；F111090 建材批發業；F117010 消防安全設備批發業；F118010 資訊軟體批發業；F119010 電子材料批發業；F120010 耐火材料批發業,新北市,設立,11507
62134742,睿域策略有限公司,新北市汐止區新台五路1段95號16樓之1,蔡琦璋,100000,115/07/17,,,I103060 管理顧問業；I301010 資訊軟體服務業；I301020 資料處理服務業；IG02010 研究發展服務業；IG01010 生物技術服務業；F401010 國際貿易業；F113030 精密儀器批發業；F213040 精密儀器零售業；F119010 電子材料批發業；JZ99030 攝影業,新北市,設立,11507
62134757,悅護健康有限公司,新北市中和區中山路2段332巷69號2樓,葉家慶,200000,115/07/17,,,F206020 日常用品零售業；F206010 五金零售業；F208031 醫療器材零售業；F108031 醫療器材批發業；F399040 無店面零售業；F401010 國際貿易業；IZ12010 人力派遣業；JE01010 租賃業；JZ99050 仲介服務業；H703110 老人住宅業,新北市,設立,11507
62134763,境禾國際管理顧問有限公司,新北市八里區龍米路2段228之12號10樓,董家運,500000,115/07/20,,,F102170 食品什貨批發業；F203010 食品什貨、飲料零售業；F203020 菸酒零售業；F399010 便利商店業；F399040 無店面零售業；F399990 其他綜合零售業；F401010 國際貿易業；F501030 飲料店業；F501060 餐館業；H703100 不動產租賃業,新北市,設立,11507
62134779,建和行銷整合顧問有限公司,新北市汐止區新台五路1段95號16樓之1,蘇語柔,300000,115/07/17,,,F102170 食品什貨批發業；F107030 清潔用品批發業；F108040 化粧品批發業；F121010 食品添加物批發業；F203010 食品什貨、飲料零售業；F207030 清潔用品零售業；F208040 化粧品零售業；F221010 食品添加物零售業；F399040 無店面零售業；F401010 國際貿易業,新北市,設立,11507
62134784,芮生科技有限公司,新北市汐止區新台五路1段93號21樓之6,劉宗祥,2000000,115/07/17,,,F102170 食品什貨批發業；F203010 食品什貨、飲料零售業；F108040 化粧品批發業；F208040 化粧品零售業；F399040 無店面零售業；F401010 國際貿易業；I401010 一般廣告服務業；I501010 產品設計業；I301010 資訊軟體服務業；I301020 資料處理服務業,新北市,設立,11507
62134813,辰羽資訊股份有限公司,新北市板橋區文化路2段285號21樓,陳昱秀,2000000,115/07/17,,,E605010 電腦設備安裝業；F113030 精密儀器批發業；F113050 電腦及事務性機器設備批發業；F118010 資訊軟體批發業；F213030 電腦及事務性機器設備零售業；F213040 精密儀器零售業；F218010 資訊軟體零售業；F219010 電子材料零售業；F399040 無店面零售業；F401010 國際貿易業,新北市,設立,11507
62134829,芯禾投資有限公司,新北市新莊區中智街19號,王芯予,3000000,115/07/17,,,H201010 一般投資業；I102010 一般投資顧問業；ZZ99999 除許可業務外，得經營法令非禁止或限制之業務,新北市,設立,11507
62134840,亮利超境室內裝修設計有限公司,新北市三重區重安街137號5樓,邱淇瑋,100000,115/07/20,,,E801010 室內裝潢業；E801020 門窗安裝工程業；E801030 室內輕鋼架工程業；E801040 玻璃安裝工程業；E801060 室內裝修業；E801070 廚具、衛浴設備安裝工程業；E901010 油漆工程業；I503010 景觀設計業；I599990 其他設計業；F105050 家具、寢具、廚房器具、裝設品批發業,新北市,設立,11507
62134855,緯閔創世投資股份有限公司,新北市板橋區和平路安樂巷51號5樓,劉克威,10000000,115/07/20,,,H201010 一般投資業；H202010 創業投資業；H204010 私募股權投資業；ZZ99999 除許可業務外，得經營法令非禁止或限制之業務,新北市,設立,11507
62134861,欣富山股份有限公司,新北市新莊區中華路3段218號19樓,楊正弘,120000000,115/07/20,,,J901020 一般旅館業；J701040 休閒活動場館業；J701030 視聽歌唱業；J701070 資訊休閒業；J801030 競技及休閒運動場館業；J701020 遊樂園業；J601010 藝文服務業；J602010 演藝活動業；JZ99120 一般浴室業；JZ99080 美容美髮服務業,新北市,設立,11507
62134877,微笑君有限公司,新北市汐止區新台五路1段93號21樓之6,王文君,6000000,115/07/20,,,H201010 一般投資業,新北市,設立,11507
62134882,匯澄有限公司,新北市三重區大榮街35號(1樓),鄭凱文,500000,115/07/21,,,H201010 一般投資業；H703100 不動產租賃業；JE01010 租賃業；I103060 管理顧問業；I102010 一般投資顧問業；F401010 國際貿易業；J601010 藝文服務業；F209060 文教、樂器、育樂用品零售業；I301010 資訊軟體服務業；I301020 資料處理服務業,新北市,設立,11507
62134898,正滄瀧科技股份有限公司,新北市蘆洲區民族路271號15樓,駱正德,3500000,115/07/23,,,IG02010 研究發展服務業；I199990 其他顧問服務業；I301010 資訊軟體服務業；I301030 電子資訊供應服務業；F401010 國際貿易業,新北市,設立,11507
62134905,盛鉅科技有限公司,新北市板橋區民生路1段129號4樓,黃嘉玲,1000000,115/07/20,,,F119010 電子材料批發業；F213040 精密儀器零售業；F213080 機械器具零售業；F219010 電子材料零售業；F106010 五金批發業；F106030 模具批發業；F113010 機械批發業；F113050 電腦及事務性機器設備批發業；F113090 交通標誌器材批發業；F113020 電器批發業,新北市,設立,11507
62134911,立林豐彩光電股份有限公司,新北市土城區中央路2段119號,李國賢,500000,115/07/20,,,CB01990 其他機械製造業；CC01010 發電、輸電、配電機械製造業；CC01020 電線及電纜製造業；CC01030 電器及視聽電子產品製造業；CC01040 照明設備製造業；CC01060 有線通信機械器材製造業；CC01070 無線通信機械器材製造業；CC01080 電子零組件製造業；CC01110 電腦及其週邊設備製造業；CC01120 資料儲存媒體製造及複製業,新北市,設立,11507
62134927,晨灝國際有限公司,新北市八里區龍米路一段290號,陳建成,200000,115/07/20,,,I103060 管理顧問業；I401010 一般廣告服務業；F401010 國際貿易業；F399040 無店面零售業；F108040 化粧品批發業；F208040 化粧品零售業；I301010 資訊軟體服務業；I301020 資料處理服務業；I301030 電子資訊供應服務業；ZZ99999 除許可業務外，得經營法令非禁止或限制之業務,新北市,設立,11507
62134932,優婷科技有限公司,新北市板橋區中山路1段293之1號10樓之1,熊婧婷,100000,115/07/20,,,I301010 資訊軟體服務業；I301020 資料處理服務業；I301030 電子資訊供應服務業；IG02010 研究發展服務業；I103060 管理顧問業；I199990 其他顧問服務業；I599990 其他設計業；E605010 電腦設備安裝業；F113050 電腦及事務性機器設備批發業；F113070 電信器材批發業,新北市,設立,11507
62134948,知路室內裝修有限公司,新北市板橋區介壽街84巷3號,遲安,1000000,115/07/20,,,E801060 室內裝修業；E801010 室內裝潢業；E801020 門窗安裝工程業；E801030 室內輕鋼架工程業；E801040 玻璃安裝工程業；E801070 廚具、衛浴設備安裝工程業；E901010 油漆工程業；E701040 簡易電信設備安裝業；EZ99990 其他工程業；I503010 景觀設計業,新北市,設立,11507
62134953,志新投資股份有限公司,新北市土城區忠義路55巷56號,倪志遠,20000000,115/07/20,,,H201010 一般投資業；ZZ99999 除許可業務外，得經營法令非禁止或限制之業務,新北市,設立,11507
62134975,動域科技股份有限公司,新北市三峽區大德路33號(1樓),葉承均,200000,115/07/20,,,ZZ99999 除許可業務外，得經營法令非禁止或限制之業務；I301010 資訊軟體服務業；I301020 資料處理服務業；I301030 電子資訊供應服務業；CH01010 體育用品製造業；CC01110 電腦及其週邊設備製造業；CC01080 電子零組件製造業；CB01010 機械設備製造業；F399040 無店面零售業；F401010 國際貿易業,新北市,設立,11507
62134980,點藝國際有限公司,新北市土城區中央路2段270巷11號,蘇桂月,100000,115/07/20,,,F204110 布疋、衣著、鞋、帽、傘、服飾品零售業；F205040 家具、寢具、廚房器具、裝設品零售業；F206010 五金零售業；F206020 日常用品零售業；F206030 模具零售業；F207010 漆料、塗料零售業；F207020 染料、顏料零售業；F207030 清潔用品零售業；F209060 文教、樂器、育樂用品零售業；F211010 建材零售業,新北市,設立,11507
62135003,盈碩精密工業有限公司,新北市新莊區中央路576號15樓,王瀅潔,3000000,115/07/20,,,CA02040 彈簧製造業；CA01050 鋼材二次加工業；CC01080 電子零組件製造業；F106010 五金批發業；F206010 五金零售業；CD01030 汽車及其零件製造業；F114030 汽、機車零件配備批發業；F214030 汽、機車零件配備零售業；F401010 國際貿易業；C701010 印刷業,新北市,設立,11507
62135019,里人傳愛文化有限公司,新北市新莊區思源路500號,鄭賢賓,2000000,115/07/20,,,F203010 食品什貨、飲料零售業；F204110 布疋、衣著、鞋、帽、傘、服飾品零售業；F208031 醫療器材零售業；F208040 化粧品零售業；I199990 其他顧問服務業；ZZ99999 除許可業務外，得經營法令非禁止或限制之業務,新北市,設立,11507
62135025,泰昇豐有限公司,新北市中和區中山路2段332巷1號7樓,陳碧彤,500000,115/07/20,,,I401010 一般廣告服務業；I501010 產品設計業；F399040 無店面零售業；F501030 飲料店業；F203010 食品什貨、飲料零售業；JB01010 會議及展覽服務業；I301030 電子資訊供應服務業；JZ99030 攝影業；J404010 動畫影片製作業；F401010 國際貿易業,新北市,設立,11507
62135030,愉築設計有限公司,新北市中和區忠孝街2巷8之2號7樓,賴安愉,1000000,115/07/20,,,E599010 配管工程業；E601020 電器安裝業；E603090 照明設備安裝工程業；E603100 電焊工程業；E603120 噴砂工程業；E801010 室內裝潢業；E801020 門窗安裝工程業；E801030 室內輕鋼架工程業；E801040 玻璃安裝工程業；E801070 廚具、衛浴設備安裝工程業,新北市,設立,11507
62135046,鑫彤系統整合有限公司,新北市新莊區富貴路500號4樓,林沁彤,2000000,115/07/20,,,F109070 文教、樂器、育樂用品批發業；F113020 電器批發業；F113030 精密儀器批發業；F113050 電腦及事務性機器設備批發業；F113070 電信器材批發業；F118010 資訊軟體批發業；F119010 電子材料批發業；F209060 文教、樂器、育樂用品零售業；F213010 電器零售業；F213030 電腦及事務性機器設備零售業,新北市,設立,11507
62135051,煥鑫材料科技有限公司,新北市新店區安興路109號14樓之7,呂宗良,1000000,115/07/20,,,I103060 管理顧問業；I199990 其他顧問服務業；J202010 產業育成業；F107190 塑膠膜、袋批發業；F207190 塑膠膜、袋零售業；F107010 漆料、塗料批發業；F207010 漆料、塗料零售業；F107990 其他化學製品批發業；F207990 其他化學製品零售業；F106020 日常用品批發業,新北市,設立,11507
62135067,元譽工程企業有限公司,新北市鶯歌區鳳吉五街22號2樓,林采靚,500000,115/07/20,,,E599010 配管工程業；E801030 室內輕鋼架工程業；E801010 室內裝潢業；E801070 廚具、衛浴設備安裝工程業；E801020 門窗安裝工程業；E601010 電器承裝業；E603010 電纜安裝工程業；E603050 自動控制設備工程業；E603090 照明設備安裝工程業；E903010 防蝕、防銹工程業,新北市,設立,11507
62135073,巨億實業有限公司,新北市板橋區文化路2段182巷3弄52號8樓,莊耿華,2000000,115/07/20,,,A102060 糧商業；F101050 水產品批發業；F101120 觀賞魚批發業；F101130 蔬果批發業；F102030 菸酒批發業；F102040 飲料批發業；F102170 食品什貨批發業；F103010 飼料批發業；F104110 布疋、衣著、鞋、帽、傘、服飾品批發業；F106020 日常用品批發業,新北市,設立,11507
62135088,蓮興禮儀有限公司,新北市中和區員山路146巷12號4樓,曾桂美,300000,115/07/20,,,F201010 農產品零售業；F201070 花卉零售業；F203010 食品什貨、飲料零售業；F204110 布疋、衣著、鞋、帽、傘、服飾品零售業；F205040 家具、寢具、廚房器具、裝設品零售業；F206020 日常用品零售業；F206060 祭祀用品零售業；F208040 化粧品零售業；JZ99151 殯葬禮儀服務業；I301010 資訊軟體服務業,新北市,設立,11507
62135094,沃客文化策展有限公司,新北市三峽區大同路98之8號12樓之1,蔡泰山,1000000,115/07/20,,,E604010 機械安裝業；E603090 照明設備安裝工程業；E801030 室內輕鋼架工程業；E801040 玻璃安裝工程業；E901010 油漆工程業；E801010 室內裝潢業；EZ99990 其他工程業；JB01010 會議及展覽服務業；J603010 音樂展演空間業；J601010 藝文服務業,新北市,設立,11507
62135101,光海研室有限公司,新北市汐止區長江街101號2樓之4,周思甫,500000,115/07/20,,,F104110 布疋、衣著、鞋、帽、傘、服飾品批發業；F105050 家具、寢具、廚房器具、裝設品批發業；F106010 五金批發業；F106020 日常用品批發業；F107020 染料、顏料批發業；F109070 文教、樂器、育樂用品批發業；F113020 電器批發業；F118010 資訊軟體批發業；F204110 布疋、衣著、鞋、帽、傘、服飾品零售業；F205040 家具、寢具、廚房器具、裝設品零售業,新北市,設立,11507
62135117,加室美室內裝修設計有限公司,新北市永和區國光路116巷11號,許芳熒,1160000,115/07/20,,,E801010 室內裝潢業；E801060 室內裝修業；E601020 電器安裝業；E801020 門窗安裝工程業；E801030 室內輕鋼架工程業；E801040 玻璃安裝工程業；E801070 廚具、衛浴設備安裝工程業；E901010 油漆工程業；E903010 防蝕、防銹工程業；F105050 家具、寢具、廚房器具、裝設品批發業,新北市,設立,11507
62135123,見微有限公司,新北市樹林區中正路215號4樓,陳惠玲,500000,115/07/21,,,I103060 管理顧問業；I199990 其他顧問服務業；J202010 產業育成業；JB01010 會議及展覽服務業；I301010 資訊軟體服務業；ZZ99999 除許可業務外，得經營法令非禁止或限制之業務,新北市,設立,11507
62135159,光派科技股份有限公司,新北市汐止區新台五路1段95號16樓之1,尤俊勝,200000,115/07/20,,,C701010 印刷業；C702010 製版業；C703010 印刷品裝訂及加工業；F118010 資訊軟體批發業；F218010 資訊軟體零售業；F401010 國際貿易業；I103060 管理顧問業；I199990 其他顧問服務業；I301010 資訊軟體服務業；I301020 資料處理服務業,新北市,設立,11507
62135165,邁銳亞特股份有限公司,新北市新莊區五權一路1號之1,袁錦湘,1000000,115/07/21,,,CC01010 發電、輸電、配電機械製造業；D101050 汽電共生業；D401010 熱能供應業；D501010 溫泉取供業；E599010 配管工程業；E603050 自動控制設備工程業；E604010 機械安裝業；E606010 用電設備檢驗維護業；E903010 防蝕、防銹工程業；EZ07010 鑽孔工程業,新北市,設立,11507
62135171,光羽國際工程有限公司,新北市新莊區銘德街31號(1樓),張光鎰,1000000,115/07/21,,,J101010 建築物清潔服務業；E901010 油漆工程業；E603040 消防安全設備安裝工程業；J101020 病媒防治業；J101030 廢棄物清除業；J101040 廢棄物處理業；J101990 其他環境衛生及污染防治服務業；E599010 配管工程業；F107030 清潔用品批發業；F207030 清潔用品零售業,新北市,設立,11507
62167406,囈嶼創意有限公司,新北市新莊區富貴路500號4樓,邱亦廷,100000,115/07/28,,,I103060 管理顧問業；I401010 一般廣告服務業；I501010 產品設計業；I599990 其他設計業；J601010 藝文服務業；JB01010 會議及展覽服務業；IZ99990 其他工商服務業；I301010 資訊軟體服務業；I301020 資料處理服務業；I301030 電子資訊供應服務業,新北市,設立,11507
62167412,鋐瀚國際醫療儀器有限公司,新北市五股區新城一路63號6樓,偕芩銣,250000,115/07/28,,,F113030 精密儀器批發業；F213040 精密儀器零售業；F108031 醫療器材批發業；F208031 醫療器材零售業；F108040 化粧品批發業；F208040 化粧品零售業；F106020 日常用品批發業；F206020 日常用品零售業；F113990 其他機械器具批發業；F213990 其他機械器具零售業,新北市,設立,11507
62167428,建玥有限公司,新北市新莊區富貴路502號7樓,呂佳榛,1000000,115/07/28,,,F102170 食品什貨批發業；F106020 日常用品批發業；F203010 食品什貨、飲料零售業；F206020 日常用品零售業；F201010 農產品零售業；F201020 畜產品零售業；F201030 水產品零售業；F399040 無店面零售業；F401010 國際貿易業；F501060 餐館業,新北市,設立,11507
62167433,紅樓餐飲有限公司,新北市蘆洲區光明路3號(1樓),王芍安,1000000,115/07/28,,,F501060 餐館業；F501990 其他餐飲業；F203010 食品什貨、飲料零售業；F401010 國際貿易業；ZZ99999 除許可業務外，得經營法令非禁止或限制之業務,新北市,設立,11507
62167454,客自劃室內裝修有限公司,新北市樹林區佳園路3段514號2樓,趙緯忻,1000000,115/07/28,,,E801010 室內裝潢業；E801060 室內裝修業；F106010 五金批發業；F120010 耐火材料批發業；F111090 建材批發業；F105050 家具、寢具、廚房器具、裝設品批發業；F206010 五金零售業；F220010 耐火材料零售業；F211010 建材零售業；F205040 家具、寢具、廚房器具、裝設品零售業,新北市,設立,11507
62167460,興模板有限公司,新北市三重區忠孝路3段44號(1樓),張峰源,500000,115/07/28,,,F114010 汽車批發業；F114020 機車批發業；F114030 汽、機車零件配備批發業；F214010 汽車零售業；F214020 機車零售業；F214030 汽、機車零件配備零售業；JA01010 汽車修理業；JA01990 其他汽車服務業；JA02020 機車修理業；F208040 化粧品零售業,新北市,設立,11507
62167476,寓曜室內裝修有限公司,新北市汐止區康寧街308號6樓,周家靖,500000,115/07/28,,,E601020 電器安裝業；E801010 室內裝潢業；E801020 門窗安裝工程業；E801030 室內輕鋼架工程業；E801040 玻璃安裝工程業；E801060 室內裝修業；E801070 廚具、衛浴設備安裝工程業；E901010 油漆工程業；F111090 建材批發業；ZZ99999 除許可業務外，得經營法令非禁止或限制之業務,新北市,設立,11507
62167497,正耀工程有限公司,新北市新莊區新北大道4段175號3樓,宋智仁,2000000,115/07/28,,,E801010 室內裝潢業；E801020 門窗安裝工程業；E801030 室內輕鋼架工程業；E801040 玻璃安裝工程業；E801070 廚具、衛浴設備安裝工程業；E901010 油漆工程業；E903010 防蝕、防銹工程業；F111090 建材批發業；F117010 消防安全設備批發業；F120010 耐火材料批發業,新北市,設立,11507
62167503,鎮海有限公司,新北市板橋區溪崑二街106巷28號3樓,陳家明,100000,115/07/28,,,E599010 配管工程業；E603040 消防安全設備安裝工程業；E502010 燃料導管安裝工程業；E601020 電器安裝業；E603090 照明設備安裝工程業；E801010 室內裝潢業；E801030 室內輕鋼架工程業；E901010 油漆工程業；EZ99990 其他工程業；ZZ99999 除許可業務外，得經營法令非禁止或限制之業務,新北市,設立,11507
62167519,燿宸貿易有限公司,新北市林口區文化二路1段390號5樓,蔡一駖,150000,115/07/28,,,J202010 產業育成業；F118010 資訊軟體批發業；F218010 資訊軟體零售業；F399040 無店面零售業；F401010 國際貿易業；I103060 管理顧問業；I199990 其他顧問服務業；I301010 資訊軟體服務業；I301020 資料處理服務業；I301030 電子資訊供應服務業,新北市,設立,11507
62167525,築承投資股份有限公司,新北市板橋區合宜一路7號,林淑婷,1000000,115/07/28,,,H201010 一般投資業；H202010 創業投資業；H701010 住宅及大樓開發租售業；H701020 工業廠房開發租售業；H701050 投資興建公共建設業；H701060 新市鎮、新社區開發業；H701070 區段徵收及市地重劃代辦業；H702010 建築經理業；H703090 不動產買賣業；H703100 不動產租賃業,新北市,設立,11507
62167530,極彩科技股份有限公司,新北市新店區啟文路98號23樓,林益瑋,200000,115/07/28,,,F108040 化粧品批發業；F208040 化粧品零售業；F110020 眼鏡批發業；F210020 眼鏡零售業；F113050 電腦及事務性機器設備批發業；F213030 電腦及事務性機器設備零售業；F118010 資訊軟體批發業；F218010 資訊軟體零售業；F107030 清潔用品批發業；F207030 清潔用品零售業,新北市,設立,11507
62167546,華創管理顧問有限公司,新北市中和區中山路2段332巷1號3樓,荊溪瑞,2500000,115/07/28,,,I103060 管理顧問業；H202010 創業投資業；H201010 一般投資業；I301010 資訊軟體服務業；I301030 電子資訊供應服務業,新北市,設立,11507
62167551,安山磐投資股份有限公司,新北市林口區竹林路326巷3號,王勇興,5000000,115/07/29,,,H201010 一般投資業；H701010 住宅及大樓開發租售業；H701020 工業廠房開發租售業；H701040 特定專業區開發業；H701080 都市更新重建業；H701090 都市更新整建維護業；H702010 建築經理業；H703090 不動產買賣業；H703100 不動產租賃業；H703110 老人住宅業,新北市,設立,11507
62167567,佐元國際有限公司,新北市中和區華順街30巷20號,蕭凱仁,200000,115/07/28,,,F401010 國際貿易業；F114030 汽、機車零件配備批發業；F214030 汽、機車零件配備零售業；F106010 五金批發業；F206010 五金零售業；F113010 機械批發業；F213080 機械器具零售業；F113990 其他機械器具批發業；F213990 其他機械器具零售業；F104110 布疋、衣著、鞋、帽、傘、服飾品批發業,新北市,設立,11507
62167573,九谷食品有限公司,新北市樹林區學府路340號2樓,林建宇,200000,115/07/28,,,C199990 未分類其他食品製造業；CC01030 電器及視聽電子產品製造業；F102170 食品什貨批發業；F104110 布疋、衣著、鞋、帽、傘、服飾品批發業；F105050 家具、寢具、廚房器具、裝設品批發業；F106020 日常用品批發業；F109070 文教、樂器、育樂用品批發業；F203010 食品什貨、飲料零售業；F204110 布疋、衣著、鞋、帽、傘、服飾品零售業；F205040 家具、寢具、廚房器具、裝設品零售業,新北市,設立,11507
62167588,銀河系製作娛樂有限公司,新北市新店區新店路23號地下6層,秦霈,50000,115/07/29,,,J601010 藝文服務業；J602010 演藝活動業；JB01010 會議及展覽服務業；IZ12010 人力派遣業；IZ15010 市場研究及民意調查業；J603010 音樂展演空間業；J604010 聲音錄製及音樂發行業；J799990 其他休閒服務業；JZ99050 仲介服務業；IZ99990 其他工商服務業,新北市,設立,11507
62167594,德富工程有限公司,新北市樹林區中山路1段60號4樓,黃泰富,200000,115/07/28,,,E599010 配管工程業；E601010 電器承裝業；E601020 電器安裝業；E603010 電纜安裝工程業；E603020 電梯安裝工程業；E603040 消防安全設備安裝工程業；E603050 自動控制設備工程業；E603090 照明設備安裝工程業；E603130 燃氣熱水器承裝業；E801010 室內裝潢業,新北市,設立,11507
62167601,鈦御汽車股份有限公司,新北市中和區建八路2號7樓,邱弘恩,300000,115/07/28,,,F114010 汽車批發業；F114030 汽、機車零件配備批發業；F214010 汽車零售業；F214030 汽、機車零件配備零售業；F401010 國際貿易業；G202010 停車場經營業；JA01010 汽車修理業；JA01990 其他汽車服務業；ZZ99999 除許可業務外，得經營法令非禁止或限制之業務,新北市,設立,11507
62167617,大靜建設開發有限公司,新北市土城區莊園街132號17樓,傅靜涵,1000000,115/07/28,,,C701010 印刷業；C703010 印刷品裝訂及加工業；E601010 電器承裝業；E599010 配管工程業；E601020 電器安裝業；E603020 電梯安裝工程業；E603040 消防安全設備安裝工程業；E603050 自動控制設備工程業；E603090 照明設備安裝工程業；E604010 機械安裝業,新北市,設立,11507
62167623,城浩工程股份有限公司,新北市中和區中山路2段332巷1號7樓,梁浩偉,1000000,115/07/28,,,J101010 建築物清潔服務業；E801010 室內裝潢業；E801070 廚具、衛浴設備安裝工程業；E801020 門窗安裝工程業；E801030 室內輕鋼架工程業；EZ99990 其他工程業；I503010 景觀設計業；ZZ99999 除許可業務外，得經營法令非禁止或限制之業務,新北市,設立,11507
62167638,萌芯園農業有限公司,新北市板橋區信義路54巷17弄7號(2樓),蔡佳臆,1000000,115/07/28,,,A101020 農作物栽培業；A101030 特用作物栽培業；A101040 食用菌菇類栽培業；A101050 花卉栽培業；F101100 花卉批發業；A102020 農產品整理業；A102050 作物栽培服務業；A102070 菸草整理業；A102080 園藝服務業；A199990 其他農業,新北市,設立,11507
62167659,共建科技股份有限公司,新北市中和區建八路2號7樓,許惠茹,961320,115/07/28,,,CC01060 有線通信機械器材製造業；CC01070 無線通信機械器材製造業；CC01020 電線及電纜製造業；F113070 電信器材批發業；F213060 電信器材零售業；CC01010 發電、輸電、配電機械製造業；CC01090 電池製造業；F113110 電池批發業；F213110 電池零售業；CB01010 機械設備製造業,新北市,設立,11507
62167665,永旺興環球股份有限公司,新北市中和區中山路3段139號(1樓),吳雪恩,500000,115/07/28,,,F501060 餐館業；F501990 其他餐飲業；F102040 飲料批發業；F102170 食品什貨批發業；F101990 其他農、畜、水產品批發業；F201990 其他農畜水產品零售業；F203010 食品什貨、飲料零售業；F399040 無店面零售業；F401010 國際貿易業；I501010 產品設計業,新北市,設立,11507
62167671,布拉漾有限公司,新北市板橋區合宜路199號(1樓),葉布僑,200000,115/07/28,,,F102170 食品什貨批發業；F104110 布疋、衣著、鞋、帽、傘、服飾品批發業；F108031 醫療器材批發業；F113020 電器批發業；F113030 精密儀器批發業；F113050 電腦及事務性機器設備批發業；F113060 度量衡器批發業；F113070 電信器材批發業；F114030 汽、機車零件配備批發業；F114990 其他交通運輸工具及其零件批發業,新北市,設立,11507
62167686,尊龍翔恩有限公司,新北市板橋區長江路1段11號,鄧勁哲,100000,115/07/28,,,F206060 祭祀用品零售業；F201070 花卉零售業；F203010 食品什貨、飲料零售業；F203020 菸酒零售業；F204110 布疋、衣著、鞋、帽、傘、服飾品零售業；F201010 農產品零售業；F215020 礦石零售業；F299990 其他零售業；F106070 祭祀用品批發業；F102030 菸酒批發業,新北市,設立,11507
62167692,鼎曜國際家電有限公司,新北市樹林區三俊街18號(1樓),張家誠,1000000,115/07/28,,,F113020 電器批發業；F213010 電器零售業；E601020 電器安裝業；F106010 五金批發業；JA02010 電器及電子產品修理業；F113110 電池批發業；F213110 電池零售業；F399040 無店面零售業；F401010 國際貿易業；ZZ99999 除許可業務外，得經營法令非禁止或限制之業務,新北市,設立,11507
62167709,文炭投資有限公司,新北市新店區安興路105號5樓之7,蔡必强,12000000,115/07/29,,,H201010 一般投資業；ZZ99999 除許可業務外，得經營法令非禁止或限制之業務,新北市,設立,11507
62167715,格洛曼森貿易有限公司,新北市板橋區四川路2段239號8樓之2,金眞浩,1000000,115/07/29,,,F401010 國際貿易業；F108040 化粧品批發業；F208040 化粧品零售業；F399040 無店面零售業；ZZ99999 除許可業務外，得經營法令非禁止或限制之業務,新北市,設立,11507
62167721,君晨達進出口有限公司,新北市中和區秀朗路3段10巷37弄12號3樓,林家帆,100000,115/07/29,,,F102040 飲料批發業；F102050 茶葉批發業；F102170 食品什貨批發業；F106010 五金批發業；F106020 日常用品批發業；F203010 食品什貨、飲料零售業；F206010 五金零售業；F206020 日常用品零售業；F401010 國際貿易業；ZZ99999 除許可業務外，得經營法令非禁止或限制之業務,新北市,設立,11507
62167736,潮悟國際股份有限公司,新北市汐止區新台五路1段129號2樓,廖德維,2000000,115/07/29,,,E801010 室內裝潢業；EZ99990 其他工程業；E801030 室內輕鋼架工程業；E599010 配管工程業；E601010 電器承裝業；E601020 電器安裝業；E603010 電纜安裝工程業；E603090 照明設備安裝工程業；E605010 電腦設備安裝業；E801020 門窗安裝工程業,新北市,設立,11507
62167742,泰興瓏實業有限公司,新北市新莊區新北大道3段31號12樓,簡璟棠,1500000,115/07/29,,,F401010 國際貿易業；F111090 建材批發業；F107010 漆料、塗料批發業；E801010 室內裝潢業；ZZ99999 除許可業務外，得經營法令非禁止或限制之業務,新北市,設立,11507
62167757,蓁品管理顧問有限公司,新北市永和區永利路348號4樓,林羽泰,350000,115/07/29,,,I103060 管理顧問業；I199990 其他顧問服務業；I503010 景觀設計業；I501010 產品設計業；I599990 其他設計業；IZ99990 其他工商服務業；I301010 資訊軟體服務業；I301020 資料處理服務業；F399040 無店面零售業；F401010 國際貿易業,新北市,設立,11507
62167763,汐止二四股份有限公司,新北市汐止區中興路74號(1樓),鍾亦晴,3350000,115/07/29,,,JE01010 租賃業；J799990 其他休閒服務業；J802010 運動訓練業；H703100 不動產租賃業；F109070 文教、樂器、育樂用品批發業；F209060 文教、樂器、育樂用品零售業；F401010 國際貿易業；JZ99050 仲介服務業；JZ99990 未分類其他服務業；ZZ99999 除許可業務外，得經營法令非禁止或限制之業務,新北市,設立,11507
62167779,尚霖資本股份有限公司,新北市五股區五權八路48號,陳逸霖,100000,115/07/29,,,H201010 一般投資業,新北市,設立,11507
62167784,納科索科技有限公司,新北市新店區民權路153號4樓,林靖薇,1800000,115/07/29,,,E604010 機械安裝業；F106020 日常用品批發業；F108040 化粧品批發業；F113010 機械批發業；F206020 日常用品零售業；F213010 電器零售業；F213080 機械器具零售業；F399040 無店面零售業；F401010 國際貿易業；I301010 資訊軟體服務業,新北市,設立,11507
62167790,台容企業有限公司,新北市樹林區育德街19巷16號3樓,謝文宗,200000,115/07/29,,,J101080 資源回收業；J101040 廢棄物處理業；IZ12010 人力派遣業；ZZ99999 除許可業務外，得經營法令非禁止或限制之業務,新北市,設立,11507
62167807,安客邦數位科技有限公司,新北市板橋區重慶路245巷74號,徐兆岡,200000,115/07/30,,,I301010 資訊軟體服務業；I301020 資料處理服務業；I301030 電子資訊供應服務業；I301040 第三方支付服務業；I301060 網路廣告平臺業；I401010 一般廣告服務業；I199990 其他顧問服務業；I103060 管理顧問業；F399040 無店面零售業；F399990 其他綜合零售業,新北市,設立,11507
62167813,舒玥有限公司,新北市新店區合記街48號10樓,許筱瑄,200000,115/07/29,,,F399040 無店面零售業；J305010 有聲出版業；I401010 一般廣告服務業；JZ99990 未分類其他服務業；J604010 聲音錄製及音樂發行業；I301010 資訊軟體服務業；I301020 資料處理服務業；I301030 電子資訊供應服務業；I301060 網路廣告平臺業；JZ99050 仲介服務業,新北市,設立,11507
62167829,帝特爾運動訓練有限公司,新北市深坑區雲鄉路61巷8號,林禹杋,500000,115/07/29,,,J801030 競技及休閒運動場館業；J802010 運動訓練業；JE01010 租賃業；F209060 文教、樂器、育樂用品零售業；F109070 文教、樂器、育樂用品批發業；ZZ99999 除許可業務外，得經營法令非禁止或限制之業務,新北市,設立,11507
62167834,逸安邦實業有限公司,新北市新莊區思源路490號5樓之1,謝華棣,100000,115/07/29,,,E603050 自動控制設備工程業；F106010 五金批發業；F206010 五金零售業；I301010 資訊軟體服務業；I599990 其他設計業；I501010 產品設計業；F213080 機械器具零售業；I301020 資料處理服務業；I199990 其他顧問服務業；EZ05010 儀器、儀表安裝工程業,新北市,設立,11507
62167840,綠璽煥髮股份有限公司,新北市五股區新城一路302號,曾建豪,5000000,115/07/30,,,C802100 化粧品製造業；F108040 化粧品批發業；JZ99080 美容美髮服務業；F106020 日常用品批發業；F401010 國際貿易業；F399040 無店面零售業；F208040 化粧品零售業；F206020 日常用品零售業；F203010 食品什貨、飲料零售業；F399990 其他綜合零售業,新北市,設立,11507
62167855,悠維印刷有限公司,新北市中和區立德街213號,王永維,50000,115/07/29,,,C701010 印刷業；C702010 製版業；C703010 印刷品裝訂及加工業；F109070 文教、樂器、育樂用品批發業；F401010 國際貿易業；F399040 無店面零售業；I401010 一般廣告服務業；I401020 廣告傳單分送業；I501010 產品設計業；ZZ99999 除許可業務外，得經營法令非禁止或限制之業務,新北市,設立,11507
62167861,群屹有限公司,新北市鶯歌區育智路75號4樓,羅佳惠,100000,115/07/29,,,C802990 其他化學製品製造業；CQ01010 模具製造業；F401010 國際貿易業；ZZ99999 除許可業務外，得經營法令非禁止或限制之業務,新北市,設立,11507
62167877,敦行企業有限公司,新北市永和區水源街45巷6號3樓,程味男,5500000,115/07/29,,,JE01010 租賃業；F113020 電器批發業；F213010 電器零售業；F113030 精密儀器批發業；F213040 精密儀器零售業；F113050 電腦及事務性機器設備批發業；F213030 電腦及事務性機器設備零售業；F113070 電信器材批發業；F213060 電信器材零售業；F109070 文教、樂器、育樂用品批發業,新北市,設立,11507
62167882,未來光速有限公司,新北市中和區中正路736號14樓之3,溫宜萱,100000,115/07/29,,,I301010 資訊軟體服務業；I301020 資料處理服務業；I301030 電子資訊供應服務業；F601010 智慧財產權業；F118010 資訊軟體批發業；F218010 資訊軟體零售業；I401010 一般廣告服務業；F213030 電腦及事務性機器設備零售業；I103060 管理顧問業；I199990 其他顧問服務業,新北市,設立,11507
62167898,愛信國際有限公司,新北市新店區溪園路427號10樓,BIANCHI TOMAS,500000,115/07/30,,,F102040 飲料批發業；F102170 食品什貨批發業；F201010 農產品零售業；F203010 食品什貨、飲料零售業；F401010 國際貿易業；F101050 水產品批發業；F201030 水產品零售業；F102020 食用油脂批發業；F213080 機械器具零售業；F113010 機械批發業,新北市,設立,11507
62167905,白霧餐旅管理顧問股份有限公司,新北市新莊區富貴路566號2樓,黃佳雯,10000000,115/07/30,,,C104020 烘焙炊蒸食品製造業；C106010 製粉業；C110010 飲料製造業；F102030 菸酒批發業；F102040 飲料批發業；F102050 茶葉批發業；F102170 食品什貨批發業；F203010 食品什貨、飲料零售業；F203020 菸酒零售業；F299990 其他零售業,新北市,設立,11507
62167911,曜光有限公司,新北市板橋區金門街287巷33號2樓,蘇淑華,500000,115/07/29,,,F106020 日常用品批發業；F109070 文教、樂器、育樂用品批發業；F105050 家具、寢具、廚房器具、裝設品批發業；F115010 首飾及貴金屬批發業；F204110 布疋、衣著、鞋、帽、傘、服飾品零售業；F206020 日常用品零售業；F209060 文教、樂器、育樂用品零售業；F215010 首飾及貴金屬零售業；F299990 其他零售業；F301010 百貨公司業,新北市,設立,11507
62167927,印泰材料股份有限公司,新北市中和區建康路158號10樓,陳萬富,1000000,115/07/30,,,C805010 塑膠皮、布、板、管材製造業；CA01100 鋁材軋延、伸線、擠型業；CA02030 螺絲、螺帽、螺絲釘、及鉚釘等製品製造業；CC01110 電腦及其週邊設備製造業；F213080 機械器具零售業；F219010 電子材料零售業；F206010 五金零售業；F213030 電腦及事務性機器設備零售業；F213010 電器零售業；F199990 其他批發業,新北市,設立,11507
62167932,協作動力有限公司,新北市三重區重新路5段609巷6號9樓之11,潘冠華,500000,115/07/30,,,F118010 資訊軟體批發業；F218010 資訊軟體零售業；I301010 資訊軟體服務業；I301020 資料處理服務業；I301030 電子資訊供應服務業；I301060 網路廣告平臺業；F106020 日常用品批發業；F206020 日常用品零售業；F399040 無店面零售業；ZZ99999 除許可業務外，得經營法令非禁止或限制之業務,新北市,設立,11507
62167948,浤伸有限公司,新北市新莊區泰順街47號2樓,徐蜜孺,200000,115/07/30,,,E599010 配管工程業；E601010 電器承裝業；E601020 電器安裝業；E502010 燃料導管安裝工程業；E603010 電纜安裝工程業；E603020 電梯安裝工程業；E603040 消防安全設備安裝工程業；E603050 自動控制設備工程業；E603080 交通號誌安裝工程業；E603090 照明設備安裝工程業,新北市,設立,11507
62167953,梅茨勒台灣光學科技有限公司,新北市中和區員山路302號,徐智銘,1000000,115/07/30,,,F106010 五金批發業；F108031 醫療器材批發業；F110020 眼鏡批發業；F113020 電器批發業；F113030 精密儀器批發業；F119010 電子材料批發業；F199990 其他批發業；F206010 五金零售業；F208031 醫療器材零售業；F210020 眼鏡零售業,新北市,設立,11507
62167975,昱宥投資有限公司,新北市三重區光復路1段85號6樓,陳科佑,5000000,115/07/30,,,H201010 一般投資業；H701010 住宅及大樓開發租售業；H701020 工業廠房開發租售業；H703090 不動產買賣業；H703100 不動產租賃業；I102010 一般投資顧問業；I103060 管理顧問業；I503010 景觀設計業；I401010 一般廣告服務業；I501010 產品設計業,新北市,設立,11507
62167980,元天莊家有限公司,新北市汐止區新台五路1段95號16樓之1,莊馥亦,1000000,115/07/30,,,F102170 食品什貨批發業；F203010 食品什貨、飲料零售業；F108040 化粧品批發業；F208040 化粧品零售業；F109070 文教、樂器、育樂用品批發業；F209060 文教、樂器、育樂用品零售業；F118010 資訊軟體批發業；F218010 資訊軟體零售業；F399040 無店面零售業；F401010 國際貿易業,新北市,設立,11507
62167996,思庫數據股份有限公司,新北市永和區永和路1段228號3樓之2,許宇志,2000000,115/07/30,,,I301010 資訊軟體服務業；I301020 資料處理服務業；I301030 電子資訊供應服務業；IZ15010 市場研究及民意調查業；F399040 無店面零售業；F401010 國際貿易業；I401010 一般廣告服務業；I199990 其他顧問服務業；ZZ99999 除許可業務外，得經營法令非禁止或限制之業務,新北市,設立,11507
62168003,昊鋐精密科技有限公司,新北市泰山區黎明路4號,林立峯,100000,115/07/30,,,CA01050 鋼材二次加工業；CA02010 金屬結構及建築組件製造業；CA02990 其他金屬製品製造業；CB01010 機械設備製造業；CC01110 電腦及其週邊設備製造業；CP01010 手工具製造業；CZ99990 未分類其他工業製品製造業；F401010 國際貿易業；ZZ99999 除許可業務外，得經營法令非禁止或限制之業務,新北市,設立,11507
62168019,白鶴娛樂有限公司,新北市新店區中央路179號(1樓),王翔明,500000,115/07/30,,,F116010 照相器材批發業；F213030 電腦及事務性機器設備零售業；F399040 無店面零售業；F216010 照相器材零售業；F401010 國際貿易業；I103060 管理顧問業；I301010 資訊軟體服務業；I301020 資料處理服務業；I301030 電子資訊供應服務業；I301050 實境體感應用服務業,新北市,設立,11507
62168025,智高國際股份有限公司,新北市三重區重陽路1段1號5樓之8,陳雅雯,3000000,115/07/30,,,F102030 菸酒批發業；F102040 飲料批發業；F102050 茶葉批發業；F102170 食品什貨批發業；F102180 酒精批發業；F104110 布疋、衣著、鞋、帽、傘、服飾品批發業；F105050 家具、寢具、廚房器具、裝設品批發業；F106020 日常用品批發業；F108040 化粧品批發業；F109070 文教、樂器、育樂用品批發業,新北市,設立,11507
62168030,頡奕實業有限公司,新北市中和區中山路2段332巷1號7樓,高詰晹,200000,115/07/30,,,F105050 家具、寢具、廚房器具、裝設品批發業；F205040 家具、寢具、廚房器具、裝設品零售業；F120010 耐火材料批發業；F220010 耐火材料零售業；F111090 建材批發業；F211010 建材零售業；F106010 五金批發業；F206010 五金零售業；E801010 室內裝潢業；I503010 景觀設計業,新北市,設立,11507
62168046,音波國際娛樂有限公司,新北市板橋區中山路1段10號11樓,陳鵬騏,1000000,115/07/30,,,E801010 室內裝潢業；F102040 飲料批發業；F102170 食品什貨批發業；F104110 布疋、衣著、鞋、帽、傘、服飾品批發業；F105050 家具、寢具、廚房器具、裝設品批發業；F106020 日常用品批發業；F109070 文教、樂器、育樂用品批發業；F115010 首飾及貴金屬批發業；F118010 資訊軟體批發業；F199990 其他批發業,新北市,設立,11507
62168051,綺益果工程有限公司,新北市中和區中山路2段332巷1號7樓,李益誠,100000,115/07/30,,,F105050 家具、寢具、廚房器具、裝設品批發業；F205040 家具、寢具、廚房器具、裝設品零售業；F120010 耐火材料批發業；F220010 耐火材料零售業；F111090 建材批發業；F211010 建材零售業；F106010 五金批發業；F206010 五金零售業；E801010 室內裝潢業；I503010 景觀設計業,新北市,設立,11507
62168067,展亦崇儀有限公司,新北市泰山區明志路2段209號(1樓)及211號(1樓),劉儀亮,2000000,115/07/30,,,F101130 蔬果批發業；F201010 農產品零售業；F201030 水產品零售業；F203010 食品什貨、飲料零售業；F101990 其他農、畜、水產品批發業；F201990 其他農畜水產品零售業；F201020 畜產品零售業；F102170 食品什貨批發業；F106020 日常用品批發業；F206020 日常用品零售業,新北市,設立,11507
62168073,毅達整合資訊有限公司,新北市汐止區大同路3段609號7樓之4,張豐顯,1000000,115/07/30,,,F113050 電腦及事務性機器設備批發業；F213030 電腦及事務性機器設備零售業；F118010 資訊軟體批發業；F218010 資訊軟體零售業；F109070 文教、樂器、育樂用品批發業；F209060 文教、樂器、育樂用品零售業；F113070 電信器材批發業；F213060 電信器材零售業；F119010 電子材料批發業；F219010 電子材料零售業,新北市,設立,11507
62168088,御榛投資有限公司,新北市板橋區文化路1段333號5樓,張若璇,1000000,115/07/30,,,H201010 一般投資業,新北市,設立,11507
62168094,六禾室內裝修工程有限公司,新北市板橋區華江一路111號15樓之1,劉宛屏,1000000,115/07/30,,,E603090 照明設備安裝工程業；E801010 室內裝潢業；E801030 室內輕鋼架工程業；E801060 室內裝修業；E801070 廚具、衛浴設備安裝工程業；E901010 油漆工程業；F105050 家具、寢具、廚房器具、裝設品批發業；F106010 五金批發業；F111090 建材批發業；F205040 家具、寢具、廚房器具、裝設品零售業,新北市,設立,11507
62168101,武玖零有限公司,新北市永和區中和路343號8樓之2,何立硏,100000,115/07/30,,,F113020 電器批發業；F213010 電器零售業；F399040 無店面零售業；F401010 國際貿易業；F113030 精密儀器批發業；F118010 資訊軟體批發業；F119010 電子材料批發業；F106010 五金批發業；F106020 日常用品批發業；F109070 文教、樂器、育樂用品批發業,新北市,設立,11507
62168117,昀生室內裝修有限公司,新北市板橋區民生路1段33號5樓之6,郭佩昀,1000000,115/07/30,,,E801060 室內裝修業；E801010 室內裝潢業；E603090 照明設備安裝工程業；E801020 門窗安裝工程業；E801030 室內輕鋼架工程業；E801040 玻璃安裝工程業；E801070 廚具、衛浴設備安裝工程業；E901010 油漆工程業；E903010 防蝕、防銹工程業；F105050 家具、寢具、廚房器具、裝設品批發業,新北市,設立,11507
62168123,家安團體有限公司,新北市板橋區中山路1段1號23樓,曾淑娥,1000000,115/07/30,,,C306010 成衣業；C307010 服飾品製造業；C399990 其他紡織及製品製造業；F104110 布疋、衣著、鞋、帽、傘、服飾品批發業；F105050 家具、寢具、廚房器具、裝設品批發業；F109070 文教、樂器、育樂用品批發業；F199990 其他批發業；F204110 布疋、衣著、鞋、帽、傘、服飾品零售業；F209060 文教、樂器、育樂用品零售業；F299990 其他零售業,新北市,設立,11507
62168165,翰章科技有限公司,新北市新店區北新路2段262號3樓之3,楊建華,500000,115/07/30,,,E605010 電腦設備安裝業；F119010 電子材料批發業；F213030 電腦及事務性機器設備零售業；F401010 國際貿易業；I301030 電子資訊供應服務業；IZ09010 管理系統驗證業；IZ13010 網路認證服務業；IZ99990 其他工商服務業；ZZ99999 除許可業務外，得經營法令非禁止或限制之業務,新北市,設立,11507
62168171,鈦赫光電股份有限公司,新北市中和區國光街109巷12弄18號,鄭美玉,1000000,115/07/30,,,CC01060 有線通信機械器材製造業；CC01070 無線通信機械器材製造業；CC01080 電子零組件製造業；CC01110 電腦及其週邊設備製造業；CC01990 其他電機及電子機械器材製造業；CE01010 一般儀器製造業；CE01030 光學儀器製造業；CE01990 其他光學及精密器械製造業；F113050 電腦及事務性機器設備批發業；F113070 電信器材批發業,新北市,設立,11507
62168186,翔懿機械工程有限公司,新北市新莊區建安街39號2樓,游明霖,1000000,115/07/30,,,E599010 配管工程業；E601010 電器承裝業；E601020 電器安裝業；E603040 消防安全設備安裝工程業；E603100 電焊工程業；E603110 冷作工程業；E604010 機械安裝業；E801010 室內裝潢業；E801070 廚具、衛浴設備安裝工程業；E901010 油漆工程業,新北市,設立,11507
62168192,夢嶼有限公司,新北市新店區花園五路1段40號地下一層,李淑瑜,10000,115/07/30,,,C102010 乳品製造業；C103050 罐頭、冷凍、脫水及醃漬食品製造業；C104010 糖果製造業；C104020 烘焙炊蒸食品製造業；C108010 糖類製造業；C109010 調味品製造業；C110010 飲料製造業；C199020 食用冰製造業；C199990 未分類其他食品製造業；F101050 水產品批發業,新北市,設立,11507
62168209,富宇晟實業有限公司,新北市八里區龍米路1段242號20樓,李曉芸,1000000,115/07/30,,,F113030 精密儀器批發業；F213040 精密儀器零售業；F116010 照相器材批發業；F216010 照相器材零售業；F113050 電腦及事務性機器設備批發業；F213030 電腦及事務性機器設備零售業；F118010 資訊軟體批發業；F218010 資訊軟體零售業；F113060 度量衡器批發業；F213050 度量衡器零售業,新北市,設立,11507
62168215,福滿堂生物科技有限公司,新北市板橋區四維路172巷3號7樓,蕭孟昇,500000,115/07/30,,,F102170 食品什貨批發業；F203010 食品什貨、飲料零售業；F106020 日常用品批發業；F206020 日常用品零售業；F108040 化粧品批發業；F208040 化粧品零售業；F399040 無店面零售業；F401010 國際貿易業；IG01010 生物技術服務業；F208050 乙類成藥零售業,新北市,設立,11507
62168221,紳馳有限公司,新北市鶯歌區光明街15巷10號(2樓),陳思翰,200000,115/07/30,,,A102020 農產品整理業；C104020 烘焙炊蒸食品製造業；C199990 未分類其他食品製造業；F102170 食品什貨批發業；F203010 食品什貨、飲料零售業；F299990 其他零售業；F399040 無店面零售業；F399990 其他綜合零售業；F401010 國際貿易業；JA02020 機車修理業,新北市,設立,11507
62168236,曜傑影音工程有限公司,新北市板橋區文化路2段285號21樓,林士傑,100000,115/07/30,,,F113020 電器批發業；F213010 電器零售業；F219010 電子材料零售業；F113050 電腦及事務性機器設備批發業；F213030 電腦及事務性機器設備零售業；F401010 國際貿易業；JE01010 租賃業；E601020 電器安裝業；E603090 照明設備安裝工程業；E603050 自動控制設備工程業,新北市,設立,11507
62168242,浩月科技股份有限公司,新北市中和區建八路16號18樓之2,張秀麟,1000000,115/07/31,,,F106010 五金批發業；F113050 電腦及事務性機器設備批發業；F118010 資訊軟體批發業；F206010 五金零售業；F213030 電腦及事務性機器設備零售業；F218010 資訊軟體零售業；F401010 國際貿易業；H201010 一般投資業；I102010 一般投資顧問業；I199990 其他顧問服務業,新北市,設立,11507
62168257,晨熙國際汽車有限公司,新北市板橋區華江一路111號15樓之1,黃薇茹,200000,115/07/30,,,F214010 汽車零售業；F214030 汽、機車零件配備零售業,新北市,設立,11507
62168263,宏宸開發股份有限公司,新北市板橋區僑中三街24號3樓,陳詩婉,1000000,115/07/31,,,H201010 一般投資業；ZZ99999 除許可業務外，得經營法令非禁止或限制之業務,新北市,設立,11507
62168279,致美投資有限公司,新北市三重區重陽路1段113巷1弄48號9樓,李美儀,1000000,115/07/31,,,H201010 一般投資業；I103060 管理顧問業；ZZ99999 除許可業務外，得經營法令非禁止或限制之業務,新北市,設立,11507
62168284,大復有限公司,新北市三峽區中山路169巷11弄2號(1樓),陳雅欣,1000000,115/07/30,,,E599010 配管工程業；E601010 電器承裝業；E601020 電器安裝業；E603090 照明設備安裝工程業；E801010 室內裝潢業；E801020 門窗安裝工程業；E801030 室內輕鋼架工程業；E801040 玻璃安裝工程業；E801070 廚具、衛浴設備安裝工程業；EZ99990 其他工程業,新北市,設立,11507
62168290,錸恩有限公司,新北市三重區雙園街1段11號,藍林忠,100000,115/07/31,,,H201010 一般投資業；ZZ99999 除許可業務外，得經營法令非禁止或限制之業務,新北市,設立,11507
62168307,珺鈦科技股份有限公司,新北市土城區忠承路107號6樓,張嘉玲,10000000,115/07/31,,,F119010 電子材料批發業；F113010 機械批發業；F113020 電器批發業；F113050 電腦及事務性機器設備批發業；F107200 化學原料批發業；F109070 文教、樂器、育樂用品批發業；F401010 國際貿易業；F207200 化學原料零售業；F209060 文教、樂器、育樂用品零售業；F203010 食品什貨、飲料零售業,新北市,設立,11507
62168313,伴府有限公司,新北市汐止區新台五路1段93號21樓之6,陳孟琪,200000,115/07/31,,,J601010 藝文服務業；J602010 演藝活動業；J603010 音樂展演空間業；JZ99050 仲介服務業；J303010 雜誌（期刊）出版業；J401010 電影片製作業；J402010 電影片發行業；J404020 提供設備及場地供電影片拍攝業；J503020 電視節目製作業；J503030 廣播電視節目發行業,新北市,設立,11507
62168329,宏旺事業有限公司,新北市鶯歌區鶯桃路668巷52弄1號,游碧玲,1000000,115/07/31,,,C103050 罐頭、冷凍、脫水及醃漬食品製造業；C110010 飲料製造業；C199990 未分類其他食品製造業；CB01010 機械設備製造業；CB01990 其他機械製造業；CC01080 電子零組件製造業；CC01110 電腦及其週邊設備製造業；CE01010 一般儀器製造業；CE01030 光學儀器製造業；CZ99990 未分類其他工業製品製造業,新北市,設立,11507
62168334,永昶國際車業有限公司,新北市樹林區中正路448號,劉建鋐,100000,115/07/31,,,F214010 汽車零售業；F214020 機車零售業；F114030 汽、機車零件配備批發業；F214030 汽、機車零件配備零售業；F114050 車胎批發業；F214050 車胎零售業；F114040 自行車及其零件批發業；F214040 自行車及其零件零售業；F114990 其他交通運輸工具及其零件批發業；F214990 其他交通運輸工具及其零件零售業,新北市,設立,11507
62168340,鋐潤貿易有限公司,新北市板橋區漢生東路193巷45弄9號,曹慧卿,6000000,115/07/31,,,ZZ99999 除許可業務外，得經營法令非禁止或限制之業務；F102170 食品什貨批發業；F102030 菸酒批發業；F102180 酒精批發業；F103010 飼料批發業；F104110 布疋、衣著、鞋、帽、傘、服飾品批發業；F105050 家具、寢具、廚房器具、裝設品批發業；F106010 五金批發業；F106020 日常用品批發業；F106040 水器材料批發業,新北市,設立,11507
62168355,慧盛源股份有限公司,新北市新莊區幸福東路62號7樓,廖志盛,7000000,115/07/31,,,H201010 一般投資業；H202010 創業投資業；H701010 住宅及大樓開發租售業；H703090 不動產買賣業；H703100 不動產租賃業；I102010 一般投資顧問業；I103060 管理顧問業；ZZ99999 除許可業務外，得經營法令非禁止或限制之業務,新北市,設立,11507
62168361,泰罩科技有限公司,新北市板橋區華江一路298號15樓,張永元,300000,115/07/31,,,F114030 汽、機車零件配備批發業；F214030 汽、機車零件配備零售業；F399040 無店面零售業；F401010 國際貿易業；I501010 產品設計業；C399990 其他紡織及製品製造業；CM01010 箱、包、袋製造業；ZZ99999 除許可業務外，得經營法令非禁止或限制之業務,新北市,設立,11507
62168377,禾楓商務有限公司,新北市新莊區思源路173號4樓,林稼諭,500000,115/07/31,,,F105050 家具、寢具、廚房器具、裝設品批發業；F106020 日常用品批發業；F106050 陶瓷玻璃器皿批發業；F109070 文教、樂器、育樂用品批發業；F118010 資訊軟體批發業；F205040 家具、寢具、廚房器具、裝設品零售業；F299990 其他零售業；F401010 國際貿易業；F601010 智慧財產權業；H701010 住宅及大樓開發租售業,新北市,設立,11507
62168382,敦滙股份有限公司,新北市中和區板南路661號15樓,李克忠,3000000,115/07/31,,,F204110 布疋、衣著、鞋、帽、傘、服飾品零售業；F205040 家具、寢具、廚房器具、裝設品零售業；F206020 日常用品零售業；F203010 食品什貨、飲料零售業；F203020 菸酒零售業；F206050 寵物食品及其用品零售業；F207030 清潔用品零售業；F208040 化粧品零售業；F208050 乙類成藥零售業；F209060 文教、樂器、育樂用品零售業,新北市,設立,11507
62168405,捷福貿易有限公司,新北市汐止區水源路2段72巷28弄5號,林楊捷,200000,115/07/31,,,F113020 電器批發業；F213010 電器零售業；F119010 電子材料批發業；F219010 電子材料零售業；F106010 五金批發業；F206010 五金零售業；F113010 機械批發業；F213080 機械器具零售業；F113990 其他機械器具批發業；F213990 其他機械器具零售業,新北市,設立,11507
62168411,勵達活動行銷有限公司,新北市永和區永和路2段57號7樓,陳逸葳,2000000,115/07/31,,,J601010 藝文服務業；I501010 產品設計業；I103060 管理顧問業；I503010 景觀設計業；JB01010 會議及展覽服務業；I401010 一般廣告服務業；I199990 其他顧問服務業；J799990 其他休閒服務業；E801010 室內裝潢業；IZ99990 其他工商服務業,新北市,設立,11507
62168427,駿達國際物流有限公司,新北市板橋區中山路1段293之1號12樓之2,黃順國,5000000,115/07/31,,,G405010 貨櫃出租業；G601011 航空貨運承攬業；G799990 其他運輸輔助業；G801010 倉儲業；I301020 資料處理服務業；IZ06010 理貨包裝業；IZ12010 人力派遣業；IZ99990 其他工商服務業；F401010 國際貿易業；ZZ99999 除許可業務外，得經營法令非禁止或限制之業務,新北市,設立,11507
62168432,酷馬有限公司,新北市汐止區長青路217巷2之1號,陳俊丞,500000,115/07/31,,,E502010 燃料導管安裝工程業；E599010 配管工程業；E601010 電器承裝業；E601020 電器安裝業；E603040 消防安全設備安裝工程業；E603090 照明設備安裝工程業；E801010 室內裝潢業；E801070 廚具、衛浴設備安裝工程業；E901010 油漆工程業；EZ99990 其他工程業,新北市,設立,11507
62168453,廣泰生醫股份有限公司,新北市樹林區大同街24巷15弄10號4樓,陳世維,6000000,115/07/31,,,F108031 醫療器材批發業；F208031 醫療器材零售業；F106010 五金批發業；F108040 化粧品批發業；F113030 精密儀器批發業；F207030 清潔用品零售業；F208040 化粧品零售業；F213040 精密儀器零售業；F401010 國際貿易業；F102180 酒精批發業,新北市,設立,11507
62168469,宅間管理顧問有限公司,新北市新莊區昌平街38號(1樓),楊乃杰,1000000,115/07/31,,,F117010 消防安全設備批發業；E603040 消防安全設備安裝工程業；E603090 照明設備安裝工程業；E801010 室內裝潢業；E801070 廚具、衛浴設備安裝工程業；F107010 漆料、塗料批發業；E901010 油漆工程業；E903010 防蝕、防銹工程業；F105050 家具、寢具、廚房器具、裝設品批發業；F106010 五金批發業,新北市,設立,11507
62168475,茗鴻有限公司,新北市三重區自強路3段9號(1樓),侯偉琦,150000,115/07/31,,,F114040 自行車及其零件批發業；F214040 自行車及其零件零售業；JA02030 自行車修理業；JA02010 電器及電子產品修理業；JA02990 其他修理業；F114050 車胎批發業；F214050 車胎零售業；F113110 電池批發業；F213110 電池零售業；F114990 其他交通運輸工具及其零件批發業,新北市,設立,11507
62168480,品豪食品有限公司,新北市汐止區忠孝東路487之1號7樓,黃心婷,1000000,115/07/31,,,F102040 飲料批發業；F102050 茶葉批發業；F102170 食品什貨批發業；F203010 食品什貨、飲料零售業；F401010 國際貿易業；F501060 餐館業；F501990 其他餐飲業；ZZ99999 除許可業務外，得經營法令非禁止或限制之業務,新北市,設立,11507
62168496,凱臻國際有限公司,新北市三重區重新路5段609巷12號6樓之6,劉必凱,9030000,115/07/31,,,H201010 一般投資業,新北市,設立,11507
62168502,賈思特國際旅行社有限公司,新北市汐止區福德二路93號2樓,黃羿蓁,6000000,115/07/31,,,J902011 旅行業,新北市,設立,11507
62175953,新居實業股份有限公司,新北市板橋區漢生東路270之2號24樓,邱鈺茹,520010000,115/07/23,,,F106010 五金批發業；F206010 五金零售業；F111090 建材批發業；F211010 建材零售業；F401010 國際貿易業；H703090 不動產買賣業；H703100 不動產租賃業；I103060 管理顧問業；F113020 電器批發業；F213010 電器零售業,新北市,設立,11507
