統一編號,公司名稱,公司所在地,代表人,資本額,核准設立日期,核准變更日期,案由或變更事項,營業項目,縣市,清冊,期別
00006248,千虹國際有限公司,桃園市大園區南港里園六街120巷3號,蔡淑卿,2000000,,115/07/16,股東出資轉讓修正章程,F102020 食用油脂批發業；F102030 菸酒批發業；F102040 飲料批發業；F102050 茶葉批發業；F102170 食品什貨批發業；F104110 布疋、衣著、鞋、帽、傘、服飾品批發業；F105050 家具、寢具、廚房器具、裝設品批發業；F106010 五金批發業；F106020 日常用品批發業；F106030 模具批發業,桃園市,變更,11507
00012213,源亨創意有限公司,桃園市中壢區忠孝路220號(1樓),王浩維,50000,,115/07/08,申登機關變更（遷入，含卷）,F101050 水產品批發業；F102030 菸酒批發業；F102040 飲料批發業；F102170 食品什貨批發業；F104110 布疋、衣著、鞋、帽、傘、服飾品批發業；F105050 家具、寢具、廚房器具、裝設品批發業；F106020 日常用品批發業；F106050 陶瓷玻璃器皿批發業；F108040 化粧品批發業；F113020 電器批發業,桃園市,變更,11507
00021368,米蔓國際有限公司,桃園市桃園區介壽路495巷77號6樓,蔡明桂,5000000,,115/07/13,一般補正案,F104110 布疋、衣著、鞋、帽、傘、服飾品批發業；F105050 家具、寢具、廚房器具、裝設品批發業；F106020 日常用品批發業；F108040 化粧品批發業；F109070 文教、樂器、育樂用品批發業；F115010 首飾及貴金屬批發業；F199990 其他批發業；F204110 布疋、衣著、鞋、帽、傘、服飾品零售業；F205040 家具、寢具、廚房器具、裝設品零售業；F206020 日常用品零售業,桃園市,變更,11507
00021472,鉑銳鑫有限公司,桃園市蘆竹區南崁里經國路900號5樓,吳秀芬,1000000,,115/07/02,公司所在地,F106010 五金批發業；F106020 日常用品批發業；F102040 飲料批發業；F113050 電腦及事務性機器設備批發業；F113070 電信器材批發業；F118010 資訊軟體批發業；F206010 五金零售業；ZZ99999 除許可業務外，得經營法令非禁止或限制之業務,桃園市,變更,11507
00029538,眾享樂股份有限公司,桃園市蘆竹區南順一街17號（1樓）,劉道宗,1000000,,115/07/24,申登機關變更（遷入，含卷）,I401010 一般廣告服務業；IZ10010 排版業；J303010 雜誌（期刊）出版業；J304010 圖書出版業；J305010 有聲出版業；J399010 軟體出版業；J404010 動畫影片製作業；J503010 廣播節目製作業；J601010 藝文服務業；CH01030 文具製造業,桃園市,變更,11507
00029615,明準儀器有限公司,桃園市八德區豐田二路38號15樓之2,黃詠宸,300000,,115/07/02,公司所在地,E604010 機械安裝業；F199990 其他批發業；F401010 國際貿易業；F106050 陶瓷玻璃器皿批發業；F113010 機械批發業；F113020 電器批發業；F113030 精密儀器批發業；F113060 度量衡器批發業；F113100 污染防治設備批發業；F117010 消防安全設備批發業,桃園市,變更,11507
00040479,萬里膳心有限公司,桃園市平鎮區福林里福壽路2巷9號(1樓),李宇峻,1000000,,115/07/20,公司所在地,F501990 其他餐飲業；F501060 餐館業；C199030 即食餐食製造業；C104020 烘焙炊蒸食品製造業；IZ16010 餐具清洗業；F101990 其他農、畜、水產品批發業；F102170 食品什貨批發業；F121010 食品添加物批發業；I101090 食品顧問業；F101040 家畜家禽批發業,桃園市,變更,11507
00044881,巴躍管理顧問有限公司,桃園市中壢區環中東路268號及268號2樓,劉芸秀,15000000,,115/07/13,股東出資轉讓修正章程,H703100 不動產租賃業；I103060 管理顧問業；F208040 化粧品零售業；F108031 醫療器材批發業；F208031 醫療器材零售業；JE01010 租賃業；ZZ99999 除許可業務外，得經營法令非禁止或限制之業務,桃園市,變更,11507
00046277,達爾文資本有限公司,桃園市桃園區中正路1092號25樓,胡冠宇,1000000,,115/07/21,董事/股東更名,H201010 一般投資業；H202010 創業投資業；I102010 一般投資顧問業；I103060 管理顧問業；I199990 其他顧問服務業；ZZ99999 除許可業務外，得經營法令非禁止或限制之業務,桃園市,變更,11507
00049725,紘宇國際管理顧問有限公司,桃園市楊梅區員本里民生街375巷96弄25號（1樓）,鍾采靜,100000,,115/07/30,股東出資轉讓修正章程,F399040 無店面零售業；F401010 國際貿易業；I103060 管理顧問業；I102010 一般投資顧問業；I199990 其他顧問服務業；ZZ99999 除許可業務外，得經營法令非禁止或限制之業務,桃園市,變更,11507
00057610,澄妍生醫股份有限公司,桃園市中壢區西園路116號5樓,韋淑珍,6000000,,115/07/13,一般補正案,CA01990 其他非鐵金屬基本工業；CA02010 金屬結構及建築組件製造業；CA02990 其他金屬製品製造業；CB01010 機械設備製造業；CB01990 其他機械製造業；CC01110 電腦及其週邊設備製造業；CC01990 其他電機及電子機械器材製造業；CE01010 一般儀器製造業；CE01030 光學儀器製造業；CE01990 其他光學及精密器械製造業,桃園市,變更,11507
00058842,明偉消防機電工程有限公司,桃園市八德區豐田二路38號15樓之2,高嘉偉,2300000,,115/07/29,一般補正案,E603040 消防安全設備安裝工程業；E502010 燃料導管安裝工程業；F117010 消防安全設備批發業；F217010 消防安全設備零售業；IF01010 消防安全設備檢修業；F106010 五金批發業；F206010 五金零售業；F113020 電器批發業；F213010 電器零售業；F112020 煤及煤製品批發業,桃園市,變更,11507
00059080,極細鋁業有限公司,桃園市八德區廣興里新興路342巷54弄43號（1樓）,林弘毅,6000000,,115/07/23,公司名稱變更修正章程,F106010 五金批發業；F111090 建材批發業；F206010 五金零售業；F211010 建材零售業；F401010 國際貿易業；E801010 室內裝潢業；E801020 門窗安裝工程業；E801040 玻璃安裝工程業；E801070 廚具、衛浴設備安裝工程業；CA01100 鋁材軋延、伸線、擠型業,桃園市,變更,11507
00060919,澄築開發建設股份有限公司,桃園市八德區仁德路215號（1樓）,李曉婷,15000000,,115/07/24,一般補正案,H201010 一般投資業；H701010 住宅及大樓開發租售業；H701020 工業廠房開發租售業；H701060 新市鎮、新社區開發業；H701070 區段徵收及市地重劃代辦業；H701090 都市更新整建維護業；H703090 不動產買賣業；H703100 不動產租賃業；H703110 老人住宅業；I102010 一般投資顧問業,桃園市,變更,11507
00061699,寶萊公寓大廈管理維護股份有限公司,桃園市大園區領航南路四段197號,鍾武諺,10000000,,115/07/01,一般補正案,I801011 公寓大廈管理服務業；J101010 建築物清潔服務業；J101090 廢棄物清理業；J101040 廢棄物處理業；J101080 資源回收業；F207030 清潔用品零售業；F107030 清潔用品批發業；A102080 園藝服務業；IZ12010 人力派遣業；I103060 管理顧問業,桃園市,變更,11507
00065040,慧邁科技有限公司,桃園市桃園區長安里愛八街39號（1樓）,陳舜昇,5000000,,115/07/24,增資,F113070 電信器材批發業；F118010 資訊軟體批發業；F119010 電子材料批發業；F113010 機械批發業；F113030 精密儀器批發業；F213040 精密儀器零售業；F213080 機械器具零售業；F213030 電腦及事務性機器設備零售業；F213060 電信器材零售業；F401010 國際貿易業,桃園市,變更,11507
00087826,福仁投資有限公司,桃園市平鎮區北勢里和平路201號(1樓),鍾秉華,10200000,,115/07/23,一般補正案,H201010 一般投資業；ZZ99999 除許可業務外，得經營法令非禁止或限制之業務,桃園市,變更,11507
00088043,富盈通運有限公司,桃園市平鎮區中正五路108號(1樓),李厚禎,25000000,,115/07/14,申登機關變更（遷入，含卷）,G101061 汽車貨運業；F114010 汽車批發業；F114030 汽、機車零件配備批發業；F214010 汽車零售業；F214030 汽、機車零件配備零售業；J101030 廢棄物清除業；J101040 廢棄物處理業；J101080 資源回收業；J101090 廢棄物清理業；JZ99050 仲介服務業,桃園市,變更,11507
00109217,宏璟嘉泰股份有限公司,桃園市楊梅區電研路68號(2樓),林正基,700000,,115/07/21,補繳規費,F401010 國際貿易業；H201010 一般投資業；H202010 創業投資業；H703090 不動產買賣業；H703100 不動產租賃業；I102010 一般投資顧問業；I103060 管理顧問業；I301030 電子資訊供應服務業；G801010 倉儲業；IZ06010 理貨包裝業,桃園市,變更,11507
00109461,絕品戶外國際興業有限公司,桃園市八德區大廣里廣福路20巷27弄19號3樓之1,王品爵,1000000,,115/07/06,公司所在地,F106010 五金批發業；F106020 日常用品批發業；F107030 清潔用品批發業；F109070 文教、樂器、育樂用品批發業；F114030 汽、機車零件配備批發業；F206010 五金零售業；F206020 日常用品零售業；F207030 清潔用品零售業；F209060 文教、樂器、育樂用品零售業；F214030 汽、機車零件配備零售業,桃園市,變更,11507
00111831,新億田國際股份有限公司,桃園市平鎮區振平街209號,江冠億,1000000,,115/07/24,改選董事/監察人(一人法人股東指派董事/監察人),F102030 菸酒批發業；F102170 食品什貨批發業；F106020 日常用品批發業；F109070 文教、樂器、育樂用品批發業；F203010 食品什貨、飲料零售業；F203020 菸酒零售業；F206020 日常用品零售業；F209060 文教、樂器、育樂用品零售業；F401010 國際貿易業；F401161 菸類輸入業,桃園市,變更,11507
00122470,木星室內裝修設計有限公司,桃園市桃園區中寧里大興西路二段61號7樓,陳依萍,1200000,,115/07/28,公司所在地,E801060 室內裝修業；I503010 景觀、室內設計業；E801010 室內裝潢業；C501990 其他木製品製造業；CN01010 家具及裝設品製造業；I501010 產品設計業；E603090 照明設備安裝工程業；I103060 管理顧問業；I199990 其他顧問服務業；EZ99990 其他工程業,桃園市,變更,11507
00129868,碩楷有限公司,桃園市龍潭區百年里百年路48號地下室,江俊賢,200000,,115/07/20,一般補正案,F106010 五金批發業；F111090 建材批發業；F199010 回收物料批發業；F399040 無店面零售業；F401010 國際貿易業；IZ12010 人力派遣業；IZ99990 其他工商服務業；ZZ99999 除許可業務外，得經營法令非禁止或限制之業務,桃園市,變更,11507
00135587,歆蕎投資有限公司,桃園市蘆竹區福昌里奉化路191號9樓,陳嘉娟,2000000,,115/07/02,增資,H201010 一般投資業,桃園市,變更,11507
00136663,傳恆綠能科技股份有限公司,桃園市平鎮區湧光里工業十一路1號(2樓),黃愷弘,251790000,,115/07/15,一般補正案,CA02990 其他金屬製品製造業；CB01010 機械設備製造業；CB01990 其他機械製造業；CC01010 發電、輸電、配電機械製造業；CC01080 電子零組件製造業；CC01990 其他電機及電子機械器材製造業；CZ99990 未分類其他工業製品製造業；IG03010 能源技術服務業；CC01110 電腦及其週邊設備製造業；CD01030 汽車及其零件製造業,桃園市,變更,11507
00140189,翰陽科技有限公司,桃園市八德區正福街40號15樓,劉檍漹,3000000,,115/07/08,股東出資轉讓修正章程,F114010 汽車批發業；F114020 機車批發業；F114030 汽、機車零件配備批發業；F114040 自行車及其零件批發業；F114050 車胎批發業；F401010 國際貿易業；JA01010 汽車修理業；E599010 配管工程業；E603050 自動控制設備工程業；E603090 照明設備安裝工程業,桃園市,變更,11507
00151191,點亮五六健身中心股份有限公司,桃園市中壢區長春六路7號,劉世煌,195000000,,115/07/07,發行新股,J802010 運動訓練業；J801030 競技及休閒運動場館業；J803010 運動表演業；JE01010 租賃業；I103060 管理顧問業；F102040 飲料批發業；F102170 食品什貨批發業；F104110 布疋、衣著、鞋、帽、傘、服飾品批發業；F108040 化粧品批發業；F109070 文教、樂器、育樂用品批發業,桃園市,變更,11507
00158223,毛善有限公司,桃園市龜山區樂善里文化一路320號2樓,陳博竣,1500000,,115/07/28,公司所營事業變更修正章程,F206050 寵物食品及其用品零售業；F106060 寵物食品及其用品批發業；JZ99180 寵物美容服務業；A401031 特定寵物服務業；F206020 日常用品零售業；F209060 文教、樂器、育樂用品零售業；F204110 布疋、衣著、鞋、帽、傘、服飾品零售業；F399040 無店面零售業；F401010 國際貿易業；I401010 一般廣告服務業,桃園市,變更,11507
00164956,陶農興業有限公司,桃園市桃園區汴洲里健行路112之3號12樓,侯再勝,5000,,115/07/07,公司所在地,F107050 肥料批發業；F199010 回收物料批發業；F199990 其他批發業；F101990 其他農、畜、水產品批發業；F103010 飼料批發業；F201010 農產品零售業；F201020 畜產品零售業；F201030 水產品零售業；F202010 飼料零售業；F206010 五金零售業,桃園市,變更,11507
00178950,綠茵貿易有限公司,桃園市中壢區領航南路三段301號9樓,石筠羽,2000000,,115/07/06,公司所在地,F101050 水產品批發業；F101130 蔬果批發業；F101990 其他農、畜、水產品批發業；F102170 食品什貨批發業；F119010 電子材料批發業；F199990 其他批發業；F201020 畜產品零售業；F201010 農產品零售業；F201030 水產品零售業；F201990 其他農畜水產品零售業,桃園市,變更,11507
00179748,日淨好有限公司,桃園市中壢區中央西路二段30號15樓之4,洪嘉,1000000,,115/07/24,公司所在地,J101040 廢棄物處理業；J101050 環境檢測服務業；J101060 廢（污）水處理業；J101070 放射性廢料處理服務業；J101080 資源回收業；J101010 建築物清潔服務業；J101020 病媒防治業；J101030 廢棄物清除業；J101090 廢棄物清理業；F107030 清潔用品批發業,桃園市,變更,11507
00181630,拚願科技股份有限公司,桃園市龜山區大華里27鄰忠義路二段260巷28號(3樓),黃彥銘,457650,,115/07/03,一般補正案,F119010 電子材料批發業；F219010 電子材料零售業；F401010 國際貿易業；I301010 資訊軟體服務業；I501010 產品設計業；IG02010 研究發展服務業；ZZ99999 除許可業務外，得經營法令非禁止或限制之業務；E701030 電信管制射頻器材裝設工程業；E603050 自動控制設備工程業；CC01060 有線通信機械器材製造業,桃園市,變更,11507
00225519,新航科技股份有限公司,桃園市大園區領航北路四段372號2樓,陳博宇,300000,,115/07/21,額定資本額增加變更章程,CC01030 電器及視聽電子產品製造業；CC01060 有線通信機械器材製造業；CC01070 無線通信機械器材製造業；CC01100 電信管制射頻器材製造業；CC01110 電腦及其週邊設備製造業；CC01990 其他電機及電子機械器材製造業；CE01010 一般儀器製造業；E605010 電腦設備安裝業；F113020 電器批發業；F113030 精密儀器批發業,桃園市,變更,11507
00226593,濠旺有限公司,桃園市桃園區成功里成功路二段153之3號4樓,劉俊法,200000,,115/07/17,公司所在地,I401010 一般廣告服務業；I401020 廣告傳單分送業；I501010 產品設計業；IZ01010 影印業；IZ02010 打字業；IZ03010 剪報業；IZ10010 排版業；IZ12010 人力派遣業；JE01010 租賃業；JZ99050 仲介服務業,桃園市,變更,11507
00229374,總盈不動產有限公司,桃園市桃園區文中里力行路725號,林慧佳,2500000,,115/07/21,股東出資轉讓修正章程,H704031 不動產仲介經紀業；H704041 不動產代銷經紀業；H701010 住宅及大樓開發租售業；H701020 工業廠房開發租售業；H703090 不動產買賣業；H703100 不動產租賃業；I102010 一般投資顧問業；I103060 管理顧問業；I301010 資訊軟體服務業；I301020 資料處理服務業,桃園市,變更,11507
00230739,擎筠有限公司,桃園市桃園區同安里藝文一街86之3號12樓,葉佳恩,1200000,,115/07/06,公司所在地,F206020 日常用品零售業；F401010 國際貿易業；ZZ99999 除許可業務外，得經營法令非禁止或限制之業務；F106020 日常用品批發業；F104110 布疋、衣著、鞋、帽、傘、服飾品批發業；F204110 布疋、衣著、鞋、帽、傘、服飾品零售業；F399040 無店面零售業；F105050 家具、寢具、廚房器具、裝設品批發業；F205040 家具、寢具、廚房器具、裝設品零售業；F108040 化粧品批發業,桃園市,變更,11507
00231842,詠鼎盛投資有限公司,桃園市桃園區龍鳳里國強八街29號(4樓),簡廉哲,18000000,,115/07/28,股東出資轉讓修正章程,H201010 一般投資業；ZZ99999 除許可業務外，得經營法令非禁止或限制之業務,桃園市,變更,11507
00252058,豪立昇工程有限公司,桃園市桃園區新埔六街95號21樓,李映昇,500000,,115/07/27,申登機關變更（遷入，含卷）,E701040 簡易電信設備安裝業；E607010 太陽熱能設備安裝工程業；E901010 油漆工程業；E801010 室內裝潢業；F204110 布疋、衣著、鞋、帽、傘、服飾品零售業；F104110 布疋、衣著、鞋、帽、傘、服飾品批發業；F205040 家具、寢具、廚房器具、裝設品零售業；F105050 家具、寢具、廚房器具、裝設品批發業；F401010 國際貿易業；I103060 管理顧問業,桃園市,變更,11507
00253850,愛璞數位科技股份有限公司,桃園市中壢區芝芭里高鐵南路二段358之1號十四樓,李怡萱,10000000,,115/07/03,申登機關變更（遷入，含卷）,E601010 電器承裝業；F113020 電器批發業；F113050 電腦及事務性機器設備批發業；F116010 照相器材批發業；F118010 資訊軟體批發業；F119010 電子材料批發業；F216010 照相器材零售業；F218010 資訊軟體零售業；F219010 電子材料零售業；F401010 國際貿易業,桃園市,變更,11507
01809500,嘉陽紙器有限公司,桃園市龜山區萬壽路一段492之20號1樓,謝松雄,5000000,,115/07/27,股東出資轉讓修正章程,C601030 紙容器製造業；C601020 紙製造業；C601040 加工紙製造業；F401010 國際貿易業；ZZ99999 除許可業務外，得經營法令非禁止或限制之業務,桃園市,變更,11507
02634682,超秦企業股份有限公司,桃園市桃園區永安路1061號,卓靖倫,600080000,,115/07/28,發行新股,A101020 農作物栽培業；A101040 食用菌菇類栽培業；A101050 花卉栽培業；A102020 農產品整理業；A102050 作物栽培服務業；A301030 水產養殖業；A401010 畜牧場經營業；A401020 家畜禽飼育業；A401040 畜牧服務業；C101010 屠宰業,桃園市,變更,11507
03104704,中台橡膠工業股份有限公司,桃園市八德區介壽路二段498號,張家豪,110000000,,115/07/24,改選董事/監察人(一人法人股東指派董事/監察人),C804020 工業用橡膠製品製造業；C804990 其他橡膠製品製造業；C901060 耐火材料製造業；CD01010 船舶及其零件製造業；CD01020 軌道車輛及其零件製造業；CD01030 汽車及其零件製造業；CD01040 機車及其零件製造業；CD01050 自行車及其零件製造業；CQ01010 模具製造業；F107200 化學原料批發業,桃園市,變更,11507
03431502,富農化學工業股份有限公司,桃園市觀音區保障里9鄰草漯51之10號,翁壽良,219780000,,115/07/15,改選董事/監察人(一人法人股東指派董事/監察人),C201010 飼料製造業；C801010 基本化學工業；C801110 肥料製造業；C802070 農藥製造業；C802080 環境用藥製造業；F103010 飼料批發業；F107040 農藥批發業；F107080 環境用藥批發業；F202010 飼料零售業；F207040 農藥零售業,桃園市,變更,11507
03553526,台灣林內工業股份有限公司,桃園市楊梅區梅獅路2段577號,堤俊介,62000000,,115/07/02,改選董事/監察人(一人法人股東指派董事/監察人),CA01050 鋼材二次加工業；CA01100 鋁材軋延、伸線、擠型業；CA01130 銅材軋延、伸線、擠型業；CA04010 表面處理業；CC01030 電器及視聽電子產品製造業；CN01010 家具及裝設品製造業；CR01010 瓦斯器材及其零件製造業；E603130 燃氣熱水器承裝業；E801070 廚具、衛浴設備安裝工程業；E502010 燃料導管安裝工程業,桃園市,變更,11507
03607500,聲寶股份有限公司,桃園市龜山區大華里頂湖26-3號,君瑜投資有限公司,3842000000,,115/07/22,改選董事/監察人(一人法人股東指派董事/監察人),A102060 糧商業；C802090 清潔用品製造業；C805010 塑膠皮、布、板、管材製造業；C805030 塑膠日用品製造業；C805050 工業用塑膠製品製造業；C805070 強化塑膠製品製造業；C805990 其他塑膠製品製造業；CA01020 鋼鐵軋延及擠型業；CA01050 鋼材二次加工業；CA01130 銅材軋延、伸線、擠型業,桃園市,變更,11507
04285680,東行纖維工業股份有限公司,桃園市桃園區南華里文化街67號4樓,王永任,5000000,,115/07/28,董事/監察人持股變動報備,C301010 紡紗業；C801120 人造纖維製造業；C801990 其他化學材料製造業；C302010 織布業；C305010 印染整理業；C399990 其他紡織及製品製造業；CZ99990 未分類其他工業製品製造業；C303010 不織布業；H703100 不動產租賃業；ZZ99999 除許可業務外，得經營法令非禁止或限制之業務,桃園市,變更,11507
04403568,鉅祥企業股份有限公司,桃園市新屋區九斗里8鄰九洲路1號,林於晃,2180809980,,115/07/07,改選董事/監察人(一人法人股東指派董事/監察人),ZZ99999 除許可業務外，得經營法令非禁止或限制之業務,桃園市,變更,11507
04467859,安聯速運股份有限公司,桃園市蘆竹區南崁路二段417號,謝宜成,224000000,,115/07/09,增資(資本總額),G101061 汽車貨運業；IZ06010 理貨包裝業；G801010 倉儲業；JE01010 租賃業；J101030 廢棄物清除業；ZZ99999 除許可業務外，得經營法令非禁止或限制之業務；CD01030 汽車及其零件製造業；CD01040 機車及其零件製造業,桃園市,變更,11507
04763887,聯誼紙器工業股份有限公司,桃園市龍潭區高原里中原路二段400號,華若珺,10000000,,115/07/20,董事/監察人持股變動報備,,桃園市,變更,11507
04822730,基丞科技股份有限公司,桃園市大園區內海里13鄰民權路9號,江少杰,170000000,,115/07/16,改選董事/監察人(一人法人股東指派董事/監察人),CB01990 其他機械製造業（油壓、壓模機、油壓沖切機械及其件零件製造、自動控制機械）；ZZ99999 除許可業務外，得經營法令非禁止或限制之業務,桃園市,變更,11507
04969620,大格化學工業股份有限公司,桃園市中壢區內定里合圳北路11號,朱盈禔,78000000,,115/07/20,改選董事/監察人(一人法人股東指派董事/監察人),,桃園市,變更,11507
05709046,德力農畜企業股份有限公司,桃園市桃園區大同路143號,楊勝任,26960000,,115/07/06,董事(常務董事.董事長)/監察人解任,,桃園市,變更,11507
07053500,中孚染料股份有限公司,桃園市蘆竹區南崁里經國路896號9樓,洪正成,102600000,,115/07/08,董事/監察人持股變動報備,C801010 基本化學工業；C801990 其他化學材料製造業；C802200 塗料、油漆、染料及顏料製造業；F104110 布疋、衣著、鞋、帽、傘、服飾品批發業；F107020 染料、顏料批發業；F207020 染料、顏料零售業；F207170 工業助劑零售業；F207200 化學原料零售業；F401010 國際貿易業；G801010 倉儲業,桃園市,變更,11507
07137207,有生實業股份有限公司,桃園市桃園區會稽里大有路543號5樓,陳建州,9500100,,115/07/16,董事/監察人持股變動報備,,桃園市,變更,11507
07291518,冠球股份有限公司,桃園市楊梅區秀才里新江路202號,黃國真,258000000,,115/07/09,一般補正案,CC01010 發電、輸電、配電機械製造業；CC01030 電器及視聽電子產品製造業；CC01040 照明設備製造業；CC01060 有線通信機械器材製造業；CC01070 無線通信機械器材製造業；CC01080 電子零組件製造業；CC01990 其他電機及電子機械器材製造業；CE01010 一般儀器製造業；CE01030 光學儀器製造業；CC01100 電信管制射頻器材製造業,桃園市,變更,11507
11455272,信通交通器材股份有限公司,桃園市龍潭區烏林里工五路32號,黃釗輝,571000000,,115/07/29,董事(常務董事.董事長)/監察人解任,CD01030 汽車及其零件製造業；CD01040 機車及其零件製造業；CC01010 發電、輸電、配電機械製造業；CC01080 電子零組件製造業；F119010 電子材料批發業；F219010 電子材料零售業；CF01011 醫療器材製造業；F108031 醫療器材批發業；F208031 醫療器材零售業；CQ01010 模具製造業,桃園市,變更,11507
11741430,源益工業股份有限公司,桃園市平鎮區關爺南路98號,黃俊學,36000000,,115/07/08,董事/監察人持股變動報備,,桃園市,變更,11507
12210608,福泉木業工業股份有限公司,桃園市蘆竹區南山路二段521號,陳慶忠,3000000,,115/07/13,改選董事/監察人(一人法人股東指派董事/監察人),,桃園市,變更,11507
12277369,台灣儒霖化學有限公司,桃園市桃園區經國一路86號4樓,何榮源,5000000,,115/07/22,公司所在地,,桃園市,變更,11507
12474426,欣平貿易有限公司,桃園市觀音區崙坪五路138巷51弄12號,何榮源,25000000,,115/07/07,公司所在地,F104110 布疋、衣著、鞋、帽、傘、服飾品批發業；F114010 汽車批發業；F114030 汽、機車零件配備批發業；F114050 車胎批發業；F204110 布疋、衣著、鞋、帽、傘、服飾品零售業；F214010 汽車零售業；F214030 汽、機車零件配備零售業；F214050 車胎零售業；F401010 國際貿易業；C305010 印染整理業,桃園市,變更,11507
12499995,台興電子企業股份有限公司,桃園市平鎮區工業六路4號6樓,吳頌仁,264000000,,115/07/21,一般補正案,C802090 清潔用品製造業；CA02050 閥類製造業；CA02990 其他金屬製品製造業；CC01030 電器及視聽電子產品製造業；CC01060 有線通信機械器材製造業；CC01070 無線通信機械器材製造業；CC01080 電子零組件製造業；CC01110 電腦及其週邊設備製造業；F401010 國際貿易業；F401021 電信管制射頻器材輸入業,桃園市,變更,11507
12506270,鏘盟企業股份有限公司,桃園市桃園區中正路1418號7樓,簡武在,110250000,,115/07/14,改選董事/監察人(一人法人股東指派董事/監察人),,桃園市,變更,11507
12549411,鎌裕實業股份有限公司,桃園市蘆竹區中福里文中路1段133號,林杉江,35000000,,115/07/21,公司所營事業變更修正章程,CA01130 銅材軋延、伸線、擠型業；CA02990 其他金屬製品製造業；CB01010 機械設備製造業；CC01040 照明設備製造業；F106010 五金批發業；F106020 日常用品批發業；F114030 汽、機車零件配備批發業；F401010 國際貿易業；CZ99990 未分類其他工業製品製造業；H703100 不動產租賃業,桃園市,變更,11507
12607565,品香世家股份有限公司,桃園市大溪區康安里安和路29巷2號(1樓),黃宇澤,4500000,,115/07/03,改選董事/監察人(一人法人股東指派董事/監察人),F102040 飲料批發業；F102170 食品什貨批發業；F401010 國際貿易業；C199040 豆類加工食品製造業；F203010 食品什貨、飲料零售業；ZZ99999 除許可業務外，得經營法令非禁止或限制之業務,桃園市,變更,11507
12615988,宇鋒保全股份有限公司,桃園市中壢區廣州路210號6樓,陳爕道,40000000,,115/07/02,改選董事/監察人(一人法人股東指派董事/監察人),I901011 保全業。,桃園市,變更,11507
12620764,城祐營造工程有限公司,桃園市桃園區永安路556巷3號(1樓),廖瑞卿,5000000,,115/07/23,改推董事/董事長,E101011 綜合營造業；ZZ99999 除許可業務外，得經營法令非禁止或限制之業務,桃園市,變更,11507
12624157,超尊科技股份有限公司,桃園市桃園區同安里新埔六街99號5樓,傳世正投資有限公司,78000000,,115/07/28,發行新股,F213010 電器零售業；F211010 建材零售業；F206010 五金零售業；F206040 水器材料零售業；F213040 精密儀器零售業；F213100 污染防治設備零售業；F213080 機械器具零售業；F217010 消防安全設備零售業；E801010 室內裝潢業；E605010 電腦設備安裝業,桃園市,變更,11507
12624677,全香堂股份有限公司,桃園市桃園區同德十一街58號11樓之2,陳啓昌,29920000,,115/07/21,公司所在地,I103060 管理顧問業；IZ12010 人力派遣業；F401010 國際貿易業,桃園市,變更,11507
12625655,銳治科技有限公司,桃園市中壢區興南里延平路356之3號11樓,邱瑞士,1000000,,115/07/14,一般補正案,F109070 文教、樂器、育樂用品批發業；F113020 電器批發業；F113050 電腦及事務性機器設備批發業；F113070 電信器材批發業；F118010 資訊軟體批發業；F119010 電子材料批發業；F218010 資訊軟體零售業；F219010 電子材料零售業；I301020 資料處理服務業；I301030 電子資訊供應服務業,桃園市,變更,11507
12652478,雷暘機械股份有限公司,桃園市楊梅區高上里幼獅路2段293之5號,楊靜儀,29900000,,115/07/13,改選董事/監察人(一人法人股東指派董事/監察人),F113010 機械批發業；F114010 汽車批發業；F114030 汽、機車零件配備批發業；F214010 汽車零售業；F214030 汽、機車零件配備零售業；F213080 機械器具零售業；F401010 國際貿易業；CB01010 機械設備製造業；CD01030 汽車及其零件製造業（汽車製造業除外）；ZZ99999 除許可業務外，得經營法令非禁止或限制之業務,桃園市,變更,11507
12690563,星橋電影股份有限公司,桃園市中壢區中園路二段501號4、5、6及7樓,江國裕,174242430,,115/07/08,一般補正案,F203010 食品什貨、飲料零售業；F203020 菸酒零售業；F209060 文教、樂器、育樂用品零售業；F501030 飲料店業；F501050 飲酒店業；F501060 餐館業；H201010 一般投資業；H703100 不動產租賃業；J403010 電影片映演業；ZZ99999 除許可業務外，得經營法令非禁止或限制之業務,桃園市,變更,11507
12700041,詮曜股份有限公司,桃園市蘆竹區長興里長榮路192號(2樓),莊琇茹,10000000,,115/07/15,董事/監察人持股變動報備,CC01080 電子零組件製造業；F119010 電子材料批發業；F118010 資訊軟體批發業；F113020 電器批發業；F213010 電器零售業；F219010 電子材料零售業；F218010 資訊軟體零售業；CA02990 其他金屬製品製造業；CA01990 其他非鐵金屬基本工業；ZZ99999 除許可業務外，得經營法令非禁止或限制之業務,桃園市,變更,11507
12731261,積智電股份有限公司,桃園市桃園區復興路207號11樓之2,村井大介,8000000,,115/07/06,董事/監察人證照變更,F119010 電子材料批發業；F219010 電子材料零售業；F113030 精密儀器批發業；F213040 精密儀器零售業；F116010 照相器材批發業；F216010 照相器材零售業；F401010 國際貿易業；JZ99050 仲介服務業。；CC01080 電子零組件製造業。；CE01010 一般儀器製造業。,桃園市,變更,11507
12774325,竑門建設股份有限公司,桃園市桃園區龍安里國豐六街154號,汪新丑,50000000,,115/07/27,一般補正案,H701010 住宅及大樓開發租售業；H701020 工業廠房開發租售業；I102010 投資顧問業；I401010 一般廣告服務業；I501010 產品設計業；I503010 景觀、室內設計業；H701040 特定專業區開發業；H701050 投資興建公共建設業；H701060 新市鎮、新社區開發業；H701070 區段徵收及市地重劃代辦業,桃園市,變更,11507
12781584,凰堡營造有限公司,桃園市平鎮區環南路二段271號6樓之5,林宥安,6000000,,115/07/20,增資,E101011 綜合營造業；F106010 五金批發業；F111090 建材批發業；F211010 建材零售業；J101030 廢棄物清除業；J101090 廢棄物清理業,桃園市,變更,11507
12789431,台灣港建精密股份有限公司,桃園市蘆竹區南崁路2段66號2樓之1,廖豐瑩,62370000,,115/07/07,改派董事/監察人,F119010 電子材料批發業；F219010 電子材料零售業；F113010 機械批發業；F213080 機械器具零售業；F106010 五金批發業；F206010 五金零售業；CC01080 電子零組件製造業；I301010 資訊軟體服務業；F118010 資訊軟體批發業；F218010 資訊軟體零售業,桃園市,變更,11507
12789615,太陽氟素科技股份有限公司,桃園市新屋區社子路230號,尾形芳博,70000000,,115/07/02,一般補正案,CA04010 表面處理業。；CB01010 機械設備製造業。；F113010 機械批發業。；F401010 國際貿易業。；F107130 合成樹脂批發業。；F107100 基本化學材料批發業。；CB01990 其他機械製造業。（機械零組件及桶槽）,桃園市,變更,11507
12792225,匯德生物科技股份有限公司,桃園市龍潭區工五路214號2樓,理筱龍,510000000,,115/07/23,一般補正案,C199990 未分類其他食品製造業；C801110 肥料製造業；F101040 家畜家禽批發業；F101050 水產品批發業；F101130 蔬果批發業；F101990 其他農、畜、水產品批發業；F102040 飲料批發業；F102050 茶葉批發業；F102170 食品什貨批發業；F103010 飼料批發業,桃園市,變更,11507
12801884,緣盟實業股份有限公司,桃園市蘆竹區忠孝西路185號2樓,陳彥亨,15000000,,115/07/09,補繳規費,CA01070 廢車船解體及廢鋼鐵五金處理業；F113050 電腦及事務性機器設備批發業；F113100 污染防治設備批發業；F119010 電子材料批發業；F213030 電腦及事務性機器設備零售業；F213080 機械器具零售業；F213100 污染防治設備零售業；F219010 電子材料零售業；F401010 國際貿易業；IG03010 能源技術服務業,桃園市,變更,11507
12805349,加順有限公司,桃園市桃園區北埔里莊敬路二段32巷9弄13號,巫坤育,4000000,,115/07/22,股東出資轉讓修正章程,F101050 水產品批發業；F101040 家畜家禽批發業；F401010 國際貿易業,桃園市,變更,11507
12818098,國強公寓大廈管理維護股份有限公司,桃園市平鎮區振興西路12號1樓,龔鑫運,10000000,,115/07/09,改選董事/監察人(一人法人股東指派董事/監察人),I801011 公寓大廈管理服務業,桃園市,變更,11507
12866561,華龍財務顧問股份有限公司,桃園市龜山區樂善里文禾路188號13樓,游秀碧,10000000,,115/07/23,改選董事/監察人(一人法人股東指派董事/監察人),I102010 投資顧問業；I103060 管理顧問業；ZZ99999 除許可業務外，得經營法令非禁止或限制之業務,桃園市,變更,11507
12900596,奈米趨勢科技有限公司,桃園市八德區指玄街300號4樓,楊瑞健,21000000,,115/07/01,股東出資轉讓修正章程,CE01010 一般儀器製造業；CE01990 其他光學及精密器械製造業；CB01010 機械設備製造業；CC01080 電子零組件製造業；CE01030 光學儀器製造業；CD01020 軌道車輛及其零件製造業；CC01010 發電、輸電、配電機械製造業；E604010 機械安裝業；E603050 自動控制設備工程業；EZ05010 儀器、儀表安裝工程業,桃園市,變更,11507
12908295,睿麒企業有限公司,桃園市新屋區中興路600號,管劉淑媛,13000000,,115/07/27,增資,C501010 製材業；C501060 木質容器製造業；F111090 建材批發業；F105050 家具、寢具、廚房器具、裝設品批發業；F205040 家具、寢具、廚房器具、裝設品零售業；F401010 國際貿易業；H703100 不動產租賃業；ZZ99999 除許可業務外，得經營法令非禁止或限制之業務,桃園市,變更,11507
12925169,弘旭科技股份有限公司,桃園市新屋區新榮路210巷61號,韓書立,5000000,,115/07/17,公司所在地,E604010 機械安裝業；F107080 環境用藥批發業；F113100 污染防治設備批發業；J101050 環境檢測服務業；J101060 廢（污）水處理業；J101010 建築物清潔服務業；CA01050 鋼材二次加工業；CA02010 金屬結構及建築組件製造業；CA02060 金屬容器製造業；CA02080 金屬鍛造業,桃園市,變更,11507
12951790,怡凌股份有限公司,桃園市蘆竹區內厝里內溪路39巷11號1樓,蔡明宏,56000000,,115/07/20,減資,F107020 染料、顏料批發業；F207010 漆料、塗料零售業；F119010 電子材料批發業；F219010 電子材料零售業；F118010 資訊軟體批發業；F218010 資訊軟體零售業；F108040 化粧品批發業；F208040 化粧品零售業；F110020 眼鏡批發業；F210020 眼鏡零售業,桃園市,變更,11507
12966484,明篁股份有限公司,桃園市平鎮區東勢里金陵路七段457號,鄭敦仁,2000000,,115/07/06,一般補正案,A101020 農作物栽培業；A101030 特用作物栽培業；A101040 菌種業；A101050 花卉栽培業；A102050 農業服務業；F106010 五金批發業；F101081 種苗批發業；F107041 農藥批發業；F107050 肥料批發業；F113010 機械批發業,桃園市,變更,11507
12983385,隆安室內裝修股份有限公司,桃園市龜山區民安街64巷18弄31號1樓,黃志銘,10000000,,115/07/09,董事/監察人地址變更,E601010 電器承裝業；E601020 電器安裝業；E603040 消防安全設備安裝工程業；E603050 自動控制設備工程業；E603090 照明設備安裝工程業；E603100 電焊工程業；E603130 燃氣熱水器承裝業；E604010 機械安裝業；E605010 電腦設備安裝業；E801010 室內裝潢業,桃園市,變更,11507
12992309,合風旅行社有限公司,桃園市平鎮區平興里延平路二段350之1號2樓,單明鈞,6000000,,115/07/16,股東出資轉讓修正章程,J902011 旅行業。,桃園市,變更,11507
12997584,天熙科技有限公司,桃園市桃園區龍壽街208號(1樓),陳秀芬,23000000,,115/07/07,股東出資轉讓修正章程,F119010 電子材料批發業；F118010 資訊軟體批發業；F113020 電器批發業；F113030 精密儀器批發業；F113050 事務性機器設備批發業；F109020 文具批發業；F109040 玩具、娛樂用品批發業；F219010 電子材料零售業；F218010 資訊軟體零售業；F213010 電器零售業,桃園市,變更,11507
13001495,湧銪開發有限公司,桃園市桃園區大興里春日路768號6樓,蘇炳煌,100000000,,115/07/24,一般補正案,E599010 配管工程業；E601010 電器承裝業；E601020 電器安裝業；E701010 電信工程業；E801020 門窗安裝工程業；E801030 室內輕鋼架工程業；EZ99990 其他工程業；E603010 電纜安裝工程業；F106010 五金批發業；F113070 電信器材批發業,桃園市,變更,11507
13001684,光弘精材科技股份有限公司,桃園市蘆竹區大豐街21號,郭惠卿,167374250,,115/07/16,發行新股,CF01011 醫療器材製造業；F108031 醫療器材批發業；C901010 陶瓷及陶瓷製品製造業；CA05010 粉末冶金業；C805050 工業用塑膠製品製造業；C805990 其他塑膠製品製造業；CC01080 電子零組件製造業；CH01030 文具製造業；CH01040 玩具製造業；CQ01010 模具製造業,桃園市,變更,11507
13014750,曜玖物流股份有限公司,桃園市平鎮區雙連里清泉街55號,吳成林,5000000,,115/07/27,公司所營事業變更修正章程,IZ12010 人力派遣業；JZ99050 仲介服務業；F401010 國際貿易業；F109070 文教、樂器、育樂用品批發業；F209060 文教、樂器、育樂用品零售業；ZZ99999 除許可業務外，得經營法令非禁止或限制之業務；G799990 其他運輸輔助業；G801010 倉儲業；IZ06010 理貨包裝業,桃園市,變更,11507
13051804,巨和鋁業股份有限公司,桃園市楊梅區青山里青山一街65巷15弄110號(1樓),陳煌輝,120000000,,115/07/13,公司所營事業變更修正章程,CD01030 汽車及其零件製造業；CB01010 機械設備製造業；CQ01010 模具製造業；F114030 汽、機車零件配備批發業；F113010 機械批發業；F106030 模具批發業；F114050 車胎批發業；F199990 其他批發業；F401010 國際貿易業；CA04010 表面處理業,桃園市,變更,11507
13061866,鴻大食品股份有限公司,桃園市桃園區同安街538號,陳首全,15000000,,115/07/09,改選董事/監察人(一人法人股東指派董事/監察人),F102020 食用油脂批發業；F102030 菸酒批發業；F102040 飲料批發業；F102170 食品什貨批發業；F203010 食品什貨、飲料零售業；F203020 菸酒零售業；F399040 無店面零售業；F121010 食品添加物批發業；F221010 食品添加物零售業；ZZ99999 除許可業務外，得經營法令非禁止或限制之業務,桃園市,變更,11507
13117355,寶旺機械股份有限公司,桃園市新屋區清華里新華路一段318巷98號,蕭智杰,53888000,,115/07/23,改選董事/監察人(一人法人股東指派董事/監察人),CB01010 機械設備製造業；CQ01010 模具製造業；F106010 五金批發業；F206010 五金零售業；F106030 模具批發業；F206030 模具零售業；F113010 機械批發業；F213080 機械器具零售業；F401010 國際貿易業；H201010 一般投資業,桃園市,變更,11507
16003931,錦之坊有限公司,桃園市平鎮區復興里復興街21巷70號(1樓),張祈寬,2000000,,115/07/06,股東出資轉讓修正章程,,桃園市,變更,11507
16144783,昶昇文化事業股份有限公司,桃園市蘆竹區六福路278號13樓之2,凃虹碧,5000000,,115/07/14,改選董事/監察人(一人法人股東指派董事/監察人),C701010 印刷業；C702010 製版業；E605010 電腦設備安裝業；F109070 文教、樂器、育樂用品批發業；F209060 文教、樂器、育樂用品零售業；F401010 國際貿易業；I401010 一般廣告服務業；J303010 雜誌（期刊）出版業；J304010 圖書出版業；JE01010 租賃業,桃園市,變更,11507
16189161,廣勝工程有限公司,桃園市楊梅區裕成南路270號,林明儀,3000000,,115/07/14,股東出資轉讓修正章程,,桃園市,變更,11507
16199442,千斗金工業有限公司,桃園市龍潭區烏林里工五路13巷4弄1號1樓,曾虹翎,5000000,,115/07/21,改推董事/董事長,CP01010 手工具製造業；F106010 五金批發業；F206010 五金零售業；IG01010 生物技術服務業；A101020 農作物栽培業；F102170 食品什貨批發業；F106020 日常用品批發業；F108040 化粧品批發業；F119010 電子材料批發業；F201010 農產品零售業,桃園市,變更,11507
16243904,宏翔豐工業股份有限公司,桃園市新屋區九斗里福九路65巷25號,劉麗美,5000000,,115/07/29,董事/監察人地址變更,,桃園市,變更,11507
16271936,加百裕工業股份有限公司,桃園市龍潭區烏林里39鄰工五路128號,李益仁,994032040,,115/07/01,改派董事/監察人,CC01080 電子零組件製造業；CC01090 電池製造業；F213010 電器零售業；F219010 電子材料零售業；F113020 電器批發業；F119010 電子材料批發業；F401010 國際貿易業,桃園市,變更,11507
16288681,啟傑國際投資股份有限公司,桃園市大園區高鐵北路二段188號(8樓),楊蕙芳,22000000,,115/07/16,補選董事(常務董事.董事長)/監察人,F104110 布疋、衣著、鞋、帽、傘、服飾品批發業；F105050 家具、寢具、廚房器具、裝設品批發業；F106020 日常用品批發業；F401010 國際貿易業；F601010 智慧財產權業；H703090 不動產買賣業；H703100 不動產租賃業；H201010 一般投資業；ZZ99999 除許可業務外，得經營法令非禁止或限制之業務,桃園市,變更,11507
16315358,瑞奇股份有限公司,桃園市蘆竹區內厝里安中街32號,呂婉華,8000000,,115/07/27,改選董事/監察人(一人法人股東指派董事/監察人),F401010 國際貿易業；F115010 首飾及貴金屬批發業；F215010 首飾及貴金屬零售業；F110010 鐘錶批發業；F210010 鐘錶零售業；F107990 其他化學製品批發業；F207990 其他化學製品零售業；F106010 五金批發業；F206010 五金零售業；F113010 機械批發業,桃園市,變更,11507
16336804,瀚群工程有限公司,桃園市桃園區經國路231號(1樓),顏秀卿,40000000,,115/07/06,股東出資轉讓修正章程,E501011 自來水管承裝商；E599010 配管工程業；E601010 電器承裝業；E603010 電纜安裝工程業；E601020 電器安裝業；E603040 消防安全設備安裝工程業；E603050 自動控制設備工程業；E603090 照明設備安裝工程業；E606010 用電設備檢驗維護業；E801010 室內裝潢業,桃園市,變更,11507
16385065,東芳塑膠企業有限公司,桃園市龍潭區三和里朝鳳路138號,李方如,61000000,,115/07/17,股東出資轉讓修正章程,C805020 塑膠膜、袋製造業。；C805030 塑膠日用品製造業。；C805050 工業用塑膠製品製造業。；C801050 塑膠原料製造業。；C802150 染料顏料製造業。；F106020 日常用品批發業。；F206020 日常用品零售業。；F207010 漆料、塗料零售業。；F207020 染料、顏料零售業。；F207030 清潔用品零售業。,桃園市,變更,11507
16395824,錦展實業股份有限公司,桃園市觀音區安和街272號,温錦輝,120500000,,115/07/13,公司所在地,C301010 紡紗業。；C302010 織布業。；C305010 印染整理業。；C306010 成衣業。；C802150 染料顏料製造業。；F104010 布疋批發業。；F107020 染料顏料批發業。；F401010 國際貿易業。；F401030 製造輸出業。；H703010 廠房出租業。,桃園市,變更,11507
16404062,旭延針織股份有限公司,桃園市觀音區崙坪里1鄰崙坪1之28號,賴建享,26000000,,115/07/22,改選董事/監察人(一人法人股東指派董事/監察人),C302010 織布業。；C306010 成衣業。；F104010 布疋批發業。；F104020 成衣批發業。,桃園市,變更,11507
16421843,貝爾國際驗證股份有限公司,桃園市桃園區中平路102號19樓之2,蔡重成,218800000,,115/07/16,減資,IZ09010 管理系統驗證業；J202010 產業育成業；ZZ99999 除許可業務外，得經營法令非禁止或限制之業務,桃園市,變更,11507
16422293,普茂科技股份有限公司,桃園市龜山區民生北路一段580號(1樓),邱河山,3900000,,115/07/01,一般補正案,CC01080 電子零組件製造業。；F401030 國際貿易業。；CE01030 光學儀器製造業。；IA01010 工業檢驗業。；CE01010 一般儀器製造業。；ZZ99999 除許可業務外，得經營法令非禁止或限制之業務,桃園市,變更,11507
16422483,千毓實業有限公司,桃園市八德區瑞源街27號,游雅淇,5000000,,115/07/15,股東出資轉讓修正章程,CC01030 電器及視聽電子產品製造業；F113020 電器批發業；CB01990 其他機械製造業；F115020 礦石批發業；F115010 首飾及貴金屬批發業；F401010 國際貿易業；F113990 其他機械器具批發業；F108031 醫療器材批發業；F208031 醫療器材零售業,桃園市,變更,11507
16446422,國碳科技股份有限公司,桃園市蘆竹區濱海里中圳街176號,賀東光,302832150,,115/07/20,經理人解任,C801100 合成樹脂及塑膠製造業；C801990 其他化學材料製造業；C802120 工業助劑製造業；C802200 塗料、油漆、染料及顏料製造業；C802990 其他化學製品製造業；C901060 耐火材料製造業；C901990 其他非金屬礦物製品製造業；CB01030 污染防治設備製造業；CB01990 其他機械製造業；CC01030 電器及視聽電子產品製造業,桃園市,變更,11507
16494893,碩豐營造有限公司,桃園市大溪區埔頂路1段102號1樓,侯乙蓁,3000000,,115/07/03,一般補正案,E101011 綜合營造業,桃園市,變更,11507
16495149,長鑫起重工程有限公司,桃園市大溪區一德里文化路211巷37號2樓,謝沛辰,3000000,,115/07/15,公司所營事業變更修正章程,EZ02010 起重工程業；F111090 建材批發業；F199010 回收物料批發業；F199990 其他批發業；F401010 國際貿易業；A102080 園藝服務業；G405010 貨櫃出租業；J101030 廢棄物清除業；J101040 廢棄物處理業；J101090 廢棄物清理業,桃園市,變更,11507
16529730,大睦建設股份有限公司,桃園市桃園區中正路1071號15樓之1,李文科,55000000,,115/07/01,改選董事/監察人(一人法人股東指派董事/監察人),H701010 住宅及大樓開發租售業（限住宅）,桃園市,變更,11507
16530130,全晶股份有限公司,桃園市桃園區博愛路152號(2樓),林奕呈,10000000,,115/07/02,董事/監察人持股變動報備,F119010 電子材料批發業。；F219010 電子材料零售業。；F401010 國際貿易業。；CB01020 事務機器製造業。；CB01010 機械設備製造業。；CA02030 螺絲、螺帽、螺絲釘及鉚釘等製品製造業。；CA02040 彈簧製造業。；CC01080 電子零件組製造業。；F106010 五金批發業。；F206010 五金零售業。,桃園市,變更,11507
16547744,清河國際股份有限公司,桃園市中壢區自強一路16之3號,張書楨,342000000,,115/07/22,一般補正案,F401010 國際貿易業；I501010 產品設計業；CH01010 體育用品製造業；F109070 文教、樂器、育樂用品批發業；F209060 文教、樂器、育樂用品零售業；CQ01010 模具製造業；F106030 模具批發業；F206030 模具零售業；CC01080 電子零組件製造業；F119010 電子材料批發業,桃園市,變更,11507
16596982,順達科技股份有限公司,桃園市龜山區樂善里文禾路188號13樓,鍾聰明,1543050210,,115/07/24,改選董事/監察人(一人法人股東指派董事/監察人),CC01010 發電、輸電、配電機械製造業；CC01090 電池製造業；CC01080 電子零組件製造業；F401010 國際貿易業；H701010 住宅及大樓開發租售業；H701020 工業廠房開發租售業；H701040 特定專業區開發業；H701060 新市鎮、新社區開發業；H703090 不動產買賣業；H703100 不動產租賃業,桃園市,變更,11507
16649691,慶皇水泥股份有限公司,桃園市觀音區廣興里保興路1段228號,呂學翔,95000000,,115/07/02,改選董事/監察人(一人法人股東指派董事/監察人),C901030 水泥製造業；C901040 預拌混凝土製造業；C901050 水泥及混凝土製品製造業；EZ99990 其他工程業；F111090 建材批發業；F211010 建材零售業；F199010 回收物料批發業；ZZ99999 除許可業務外，得經營法令非禁止或限制之業務,桃園市,變更,11507
16650752,辰宗壓鑄有限公司,桃園市蘆竹區聯福街2巷12之1號,李梅桂,2000000,,115/07/09,股東出資轉讓修正章程,F106010 五金批發業；F206010 五金零售業；CA01090 鋁鑄造業；F401010 國際貿易業,桃園市,變更,11507
16674213,旭軟電子科技股份有限公司,桃園市龜山區南上路522號,林永寶,793296590,,115/07/08,改選董事/監察人(一人法人股東指派董事/監察人),CC01080 電子零組件製造業；F401010 國際貿易業；CA04010 表面處理業；ZZ99999 除許可業務外，得經營法令非禁止或限制之業務,桃園市,變更,11507
16693062,視陽光學股份有限公司,桃園市龜山區興業街1號,李重儀,630000000,,115/07/23,改選董事/監察人(一人法人股東指派董事/監察人),CF01011 醫療器材製造業；F108031 醫療器材批發業；F208031 醫療器材零售業；CE01030 光學儀器製造業；F113030 精密儀器批發業；F213040 精密儀器零售業；EZ05010 儀器、儀表安裝工程業；F110020 眼鏡批發業；F210020 眼鏡零售業；C802041 西藥製造業,桃園市,變更,11507
16700541,元捷設計工程有限公司,桃園市桃園區莊敬里中正路1416號12樓,林志峯,8000000,,115/07/16,修正章程,E801010 室內裝潢業。；I503010 景觀室內設計業；F106010 五金批發業；F111090 建材批發業；F401010 國際貿易業。,桃園市,變更,11507
16705686,磐采股份有限公司,桃園市龜山區樂善里文明路72之1號,李忠訓,321334940,,115/07/01,改選董事/監察人(一人法人股東指派董事/監察人),C802200 塗料、油漆、染料及顏料製造業；C801990 其他化學材料製造業；CC01080 電子零組件製造業；F107010 漆料、塗料批發業；F113010 機械批發業；F113030 精密儀器批發業；F113050 電腦及事務性機器設備批發業；F119010 電子材料批發業；F219010 電子材料零售業；F401010 國際貿易業,桃園市,變更,11507
16832418,欣榮企業股份有限公司,桃園市中壢區松江北路16號,張萬全,1450000000,,115/07/01,改選董事/監察人(一人法人股東指派董事/監察人),J101040 廢棄物處理業；D101050 汽電共生業；J101030 廢棄物清除業；ZZ99999 除許可業務外，得經營法令非禁止或限制之業務,桃園市,變更,11507
16851364,光元先進科技股份有限公司,桃園市八德區永豐路266號,孫慶鋒,93111040,,115/07/08,改選董事/監察人(一人法人股東指派董事/監察人),CC01020 電線及電纜製造業；CC01060 有線通信機械器材製造業；CC01070 無線通信機械器材製造業；CC01080 電子零組件製造業；CE01030 光學儀器製造業；CB01010 機械設備製造業；F113070 電信器材批發業；F119010 電子材料批發業；F401010 國際貿易業；ZZ99999 除許可業務外，得經營法令非禁止或限制之業務,桃園市,變更,11507
16888777,匯發營造股份有限公司,桃園市平鎮區環南路411號15樓之1,梁信發,328000000,,115/07/17,增資(資本總額),E101011 綜合營造業；F107010 漆料、塗料批發業；F111090 建材批發業；F401010 國際貿易業；H701010 住宅及大樓開發租售業；E801010 室內裝潢業,桃園市,變更,11507
16888904,京揚科技企業有限公司,桃園市桃園區國強一街436號二樓,楊振弘,1000000,,115/07/23,修正章程,F113100 污染防治設備批發業。；F113020 電器批發業。；F113010 機械批發業。；F213100 污染防治設備零售業。；F213010 電器零售業。；E301010 水處理工程業。；E302010 廢棄物清理設備安裝工程業。；E303010 空氣污染防制工程業。；E303020 噪音及振動防制工程業。,桃園市,變更,11507
16905832,華曜建設股份有限公司,桃園市桃園區大林里樹仁三街88號9樓,吳柔蓁,201010000,,115/07/13,增減資,H701010 住宅及大樓開發租售業；H704010 房屋仲介業；H704020 土地仲介業；E801010 室內裝潢業；F211010 建材零售業,桃園市,變更,11507
16918891,日盛國際股份有限公司,桃園市龜山區迴龍里龍新街35號4樓,鄭徽德,1000000,,115/07/15,修正章程,I301010 資訊軟體服務業；I301020 資料處理服務業；I301030 電子資訊供應服務業；F118010 資訊軟體批發業；F218010 資訊軟體零售業；F401010 國際貿易業；F301030 一般百貨業；F206040 水器材料零售業；F206020 日常用品零售業；F207030 清潔用品零售業,桃園市,變更,11507
16937095,固鉦電機有限公司,桃園市龜山區嶺頂里振興路58巷4弄2之1號3樓,江茗富,10000000,,115/07/01,一般補正案,CA01990 其他非鐵金屬基本工業；CA02010 金屬結構及建築組件製造業；CA02990 其他金屬製品製造業；CB01010 機械設備製造業；CC01010 發電、輸電、配電機械製造業；CC01030 電器及視聽電子產品製造業；E599010 配管工程業；E601010 電器承裝業；E601020 電器安裝業；E603010 電纜安裝工程業,桃園市,變更,11507
16937911,豐源實業有限公司,桃園市龜山區萬壽路一段609號3樓,江秋弘,1000000,,115/07/02,股東出資轉讓修正章程,F109030 運動器材批發業。；F109040 玩具娛樂用品批發業。；IZ06010 理貨包裝業。；G801010 倉儲業。,桃園市,變更,11507
16973269,永旺興營造股份有限公司,桃園市平鎮區大昌路55巷14號5樓,洪洪興,8000000,,115/07/07,停業副本,E101011 綜合營造業,桃園市,變更,11507
16990273,承陽鋼鐵有限公司,桃園市龜山區龜山里自強西路150巷12號,沈文賢,20000000,,115/07/09,公司所在地,CA01020 軋鋼業。；CA01050 鋼材二次加工業。；CB01010 機械設備製造業。；F401010 國際貿易業。；F111070 金屬建材批發業。；F211010 建材零售業。,桃園市,變更,11507
18523000,大東電業廠股份有限公司,桃園市楊梅區梅獅路二段349巷3號,林志明,660000000,,115/07/22,補繳規費,CC01010 發電、輸電、配電機械製造業；CC01020 電線及電纜製造業；CB01010 機械設備製造業；E601010 電器承裝業；E603010 電纜安裝工程業；F113020 電器批發業；F213010 電器零售業；F401010 國際貿易業；CC01090 電池製造業；D101050 汽電共生業,桃園市,變更,11507
20674714,精華企業股份有限公司,桃園市中壢區南園路十五號,郭美蘭,110000000,,115/07/27,一般補正案,,桃園市,變更,11507
20771928,展航小客車租賃股份有限公司,桃園市中壢區中央西路2段167號1樓,謝佳燕,6000000,,115/07/17,改選董事/監察人(一人法人股東指派董事/監察人),G101041 小客車租賃業；G202010 停車場經營業；F113110 電池批發業；F114010 汽車批發業；F114030 汽、機車零件配備批發業；F114050 車胎批發業；F213030 電腦及事務性機器設備零售業；F214010 汽車零售業；F214030 汽、機車零件配備零售業；F214050 車胎零售業,桃園市,變更,11507
20823405,北聯電器股份有限公司,桃園市龜山區文化里華亞二路29號(3樓、4樓),吳孟岳,180040000,,115/07/16,公司所在地,,桃園市,變更,11507
20875326,台灣永貿有限公司,桃園市桃園區汀洲里經國一路71號11樓,黃中明,25000000,,115/07/28,增資,CH01040 玩具製造業；F109070 文教、樂器、育樂用品批發業；F209060 文教、樂器、育樂用品零售業；F401010 國際貿易業；I102010 投資顧問業；H201010 一般投資業；H703100 不動產租賃業；ZZ99999 除許可業務外，得經營法令非禁止或限制之業務,桃園市,變更,11507
22048035,協明工業股份有限公司,桃園市蘆竹區內厝里南山路二段394巷47號,賴志昀,20000000,,115/07/14,改選董事/監察人(一人法人股東指派董事/監察人),CA02990 其他金屬製品製造業；CC01990 其他電機及電子機械器材製造業；CN01010 家具及裝設品製造業；F401010 國際貿易業；H703100 不動產租賃業；ZZ99999 除許可業務外，得經營法令非禁止或限制之業務,桃園市,變更,11507
22089443,歐帝花園商旅股份有限公司,桃園市桃園區中正路48巷7、7之1之2之3之4號,楊建泉,4000000,,115/07/20,改選董事/監察人(一人法人股東指派董事/監察人),,桃園市,變更,11507
22109139,冠今不銹鋼工業股份有限公司,桃園市蘆竹區南崁路1段231巷49號,張鴻儒,10000000,,115/07/20,改選董事/監察人(一人法人股東指派董事/監察人),CA02990 其他金屬製品製造業；CC01990 其他電機及電子機械器材製造業；CA02060 金屬容器製造業；CB01010 機械設備製造業；CC01030 電器及視聽電子產品製造業；CO01010 餐具製造業；ZZ99999 除許可業務外，得經營法令非禁止或限制之業務,桃園市,變更,11507
22112438,祥發金屬工業股份有限公司,桃園市觀音區成功路二段933號,謝時化,196560000,,115/07/21,一般補正案,CA01090 鋁鑄造業；CA04010 表面處理業；CB01010 機械設備製造業；CC01080 電子零組件製造業；CD01030 汽車及其零件製造業；CD01040 機車及其零件製造業；CD01990 其他運輸工具及其零件製造業；CN01010 家具及裝設品製造業；CQ01010 模具製造業；F105050 家具、寢具、廚房器具、裝設品批發業,桃園市,變更,11507
22116595,台傑室內裝修工程有限公司,桃園市中壢區新中北路536之1號,張少雄,6200000,,115/07/15,董事/股東地址變更,E601020 電器安裝業；E603090 照明設備安裝工程業；E801010 室內裝潢業；E801030 室內輕鋼架工程業；E801070 廚具、衛浴設備安裝工程業；E901010 油漆工程業；E903010 防蝕、防銹工程業；F120010 耐火材料批發業；E603050 自動控制設備工程業；E603080 交通號誌安裝工程業,桃園市,變更,11507
22268038,新城營造股份有限公司,桃園市桃園區寶山里會稽一街88巷3號1樓,劉洲延,28000000,,115/07/27,改選董事/監察人(一人法人股東指派董事/監察人),,桃園市,變更,11507
22268305,晉大陶瓷股份有限公司,桃園市中壢區興元路529號,李錦山,300000000,,115/07/03,公司所在地門牌整編,C802200 塗料、油漆、染料及顏料製造業；C901010 陶瓷及陶瓷製品製造業；C901020 玻璃及玻璃製品製造業；C901050 水泥及混凝土製品製造業；C901070 石材製品製造業；C901990 其他非金屬礦物製品製造業；F106050 陶瓷玻璃器皿批發業；F111090 建材批發業；F120010 耐火材料批發業；F211010 建材零售業,桃園市,變更,11507
22270153,元昌營造工程有限公司,桃園市蘆竹區愛國一路96號1樓,李旭鴻,50000000,,115/07/08,改推董事/董事長,,桃園市,變更,11507
22282192,東鏘工業股份有限公司,桃園市龜山區大華里頂湖路69號,蔡國雄,360000000,,115/07/17,改選董事/監察人(一人法人股東指派董事/監察人),C801100 合成樹脂及塑膠製造業；C802160 黏性膠帶製造業；C805010 塑膠皮、布、板、管材製造業；C805020 塑膠膜、袋製造業；C805030 塑膠日用品製造業；C805050 工業用塑膠製品製造業；C805060 塑膠皮製品製造業；C805070 強化塑膠製品製造業；C805990 其他塑膠製品製造業；C901020 玻璃及玻璃製品製造業,桃園市,變更,11507
22318874,台灣電綜股份有限公司,桃園市楊梅區瑞坪里梅獅路二段525號,大隅公彦,575900000,,115/07/08,改選董事/監察人(一人法人股東指派董事/監察人),CB01990 其他機械製造業；CC01060 有線通信機械器材製造業；CC01101 電信管制射頻器材製造業；CD01030 汽車及其零件製造業；F401010 國際貿易業；F401021 電信管制射頻器材輸入業；F118010 資訊軟體批發業；F218010 資訊軟體零售業；CD01020 軌道車輛及其零件製造業；CD01040 機車及其零件製造業,桃園市,變更,11507
22396224,宏弦水電工程有限公司,桃園市桃園區中正里正光路143巷32之3號4樓,黃春祥,5000000,,115/07/20,修正章程,,桃園市,變更,11507
22479934,謚源實業股份有限公司,桃園市龜山區大華里頂湖路24號,吳碣石,358780000,,115/07/07,改選董事/監察人(一人法人股東指派董事/監察人),CD01030 汽車及其零件製造業；F114030 汽、機車零件配備批發業；F401010 國際貿易業；CC01101 電信管制射頻器材製造業；F401021 電信管制射頻器材輸入業；ZZ99999 除許可業務外，得經營法令非禁止或限制之業務,桃園市,變更,11507
22490277,錦明實業股份有限公司,桃園市蘆竹區南崁里經國路896號16樓,蔡翔峰,860109000,,115/07/03,補繳規費,CC01080 電子零組件製造業；CA03010 熱處理業；CA04010 表面處理業；CQ01010 模具製造業；F119010 電子材料批發業；F219010 電子材料零售業；CA01020 鋼鐵軋延及擠型業；CA01050 鋼材二次加工業；CA01100 鋁材軋延、伸線、擠型業；CA01130 銅材軋延、伸線、擠型業,桃園市,變更,11507
22522361,永彰科技股份有限公司,桃園市中壢區領航南路三段319號15樓,顏明宏,649490000,,115/07/15,改選董事/監察人(一人法人股東指派董事/監察人),C805070 強化塑膠製品製造業；C805990 其他塑膠製品製造業；CB01010 機械設備製造業；CC01010 發電、輸電、配電機械製造業；CC01030 電器及視聽電子產品製造業；CC01080 電子零組件製造業；CC01990 其他電機及電子機械器材製造業；CD01030 汽車及其零件製造業；E601010 電器承裝業；E601020 電器安裝業,桃園市,變更,11507
22522881,美好精密電子股份有限公司,桃園市龍潭區高平里高楊南路215巷121號,謝東龍,20000000,,115/07/20,公司所營事業變更修正章程,F106020 日常用品批發業；F107030 清潔用品批發業；F108040 化粧品批發業；F113050 電腦及事務性機器設備批發業；F119010 電子材料批發業；F199990 其他批發業；CC01080 電子零組件製造業；CC01110 電腦及其週邊設備製造業；CC01990 其他電機及電子機械器材製造業；C802090 清潔用品製造業,桃園市,變更,11507
22574509,耕芯股份有限公司,桃園市楊梅區中山北路二段192號2樓,楊文全,82035000,,115/07/29,改選董事/監察人(一人法人股東指派董事/監察人),,桃園市,變更,11507
22597123,帝宏膠業股份有限公司,桃園市中壢區過嶺里民族路六段642巷11號,林冬龍,80000000,,115/07/24,改選董事/監察人(一人法人股東指派董事/監察人),,桃園市,變更,11507
22660624,車美仕股份有限公司,桃園市龜山區復興三路8號,蘇純興,600750000,,115/07/27,增資(資本總額),CD01030 汽車及其零件製造業；F114030 汽、機車零件配備批發業；F214030 汽、機車零件配備零售業；F114050 車胎批發業；F214050 車胎零售業；G801010 倉儲業；JA01010 汽車修理業；C803990 其他石油及煤製品製造業；C804010 輪胎製造業；CB01990 其他機械製造業,桃園市,變更,11507
22765021,鏹豐企業股份有限公司,桃園市蘆竹區海山路165號,簡武在,198250000,,115/07/28,改選董事/監察人(一人法人股東指派董事/監察人),,桃園市,變更,11507
22765839,永儲股份有限公司,桃園市中壢區青埔里高鐵站前西路一段286號8樓之7,佑全國際投資有限公司,488000000,,115/07/20,一般補正案,G801010 倉儲業電子零件及產品（音響、電視機、收錄音機、擴音機、電腦及其週邊設備）之製造加工及買賣。；ZZ99999 除許可業務外，得經營法令非禁止或限制之業務,桃園市,變更,11507
22787290,冠崴機械股份有限公司,桃園市蘆竹區內厝里南山路2段205巷53號,曹永波,10000000,,115/07/06,改選董事/監察人(一人法人股東指派董事/監察人),,桃園市,變更,11507
22795067,冠琳電氣工程股份有限公司,桃園市桃園區縣府路256巷8號1樓,賴永鐘,30000000,,115/07/22,改選董事/監察人(一人法人股東指派董事/監察人),E603040 消防安全設備安裝工程業,桃園市,變更,11507
22847255,大旗楠國際股份有限公司,桃園市桃園區大興西路三段790號,鄧魏秋菊,50000000,,115/07/22,改選董事/監察人(一人法人股東指派董事/監察人),F212011 加油站業；JA01990 其他汽車服務業；F114010 汽車批發業；F114030 汽、機車零件配備批發業；F214010 汽車零售業；F214030 汽、機車零件配備零售業；F401010 國際貿易業,桃園市,變更,11507
22868808,廣福林有限公司,桃園市八德區大發里富榮街294號,林錫鴻,29000000,,115/07/07,股東出資轉讓修正章程,F121010 食品添加物批發業；F221010 食品添加物零售業；F102170 食品什貨批發業；F203010 食品什貨、飲料零售業；C109010 調味品製造業；C114010 食品添加物製造業；C199990 未分類其他食品製造業；F401010 國際貿易業；ZZ99999 除許可業務外，得經營法令非禁止或限制之業務,桃園市,變更,11507
22903896,華富電子股份有限公司,桃園市中壢區合江二路7號,,12000000,,115/07/07,董事/監察人地址變更,,桃園市,變更,11507
22920451,大展工程顧問股份有限公司,桃園市桃園區豐林里介壽路286號8樓,曾翊茹,9680000,,115/07/09,一般補正案,IF04010 非破壞檢測業；J101050 環境檢測服務業；F211010 建材零售業；F113010 機械批發業；I101070 農、林、漁、畜牧顧問業；I101080 工、礦顧問業；I103060 管理顧問業；I199990 其他顧問服務業；I301010 資訊軟體服務業；I503010 景觀、室內設計業,桃園市,變更,11507
22939888,同泰豐股份有限公司,桃園市桃園區南華里文化街67號4樓,王永任,7600000,,115/07/28,董事/監察人持股變動報備,,桃園市,變更,11507
22949041,永源化工原料股份有限公司,桃園市大園區中山北路280巷15號,吳旻鴻,300000000,,115/07/23,一般補正案,CA01130 銅材軋延、伸線、擠型業；J101070 放射性廢料處理服務業；C802120 工業助劑製造業；J101030 廢棄物清除業；J101040 廢棄物處理業；J101080 資源回收業；J101090 廢棄物清理業,桃園市,變更,11507
22962395,三笠鋼鐵企業股份有限公司,桃園市平鎮區鎮興里中興路平鎮段355巷2弄30號(1樓),鍾兆清,26000000,,115/07/20,公司所在地,C804020 工業用橡膠製品製造業；C804990 其他橡膠製品製造業；C805990 其他塑膠製品製造業；CA01050 鋼材二次加工業；CA02990 其他金屬製品製造業；CC01080 電子零組件製造業；CD01030 汽車及其零件製造業；CD01040 機車及其零件製造業；CD01050 自行車及其零件製造業；CD01990 其他運輸工具及其零件製造業,桃園市,變更,11507
23001403,盟高實業股份有限公司,桃園市蘆竹區海湖里海湖東路210巷39號,葉金建,17000000,,115/07/06,改選董事/監察人(一人法人股東指派董事/監察人),C804990 其他橡膠製品製造業；C805030 塑膠日用品製造業；C805050 工業用塑膠製品製造業；C805070 強化塑膠製品製造業；C805990 其他塑膠製品製造業；CA02010 金屬結構及建築組件製造業；CA02030 螺絲、螺帽、螺絲釘、及鉚釘等製品製造業；CA02040 彈簧製造業；CB01990 其他機械製造業；CC01080 電子零組件製造業,桃園市,變更,11507
23008314,巨讚實業有限公司,桃園市新屋區社子里東福路521號,羅文憶,15000000,,115/07/27,公司所在地,B601010 土石採取業；F211010 建材零售業；F111090 建材批發業；C901030 水泥製造業；C901040 預拌混凝土製造業；C901050 水泥及混凝土製品製造業；C901990 其他非金屬礦物製品製造業；C802990 其他化學製品製造業；J101080 資源回收業；J101090 廢棄物清理業,桃園市,變更,11507
23062169,朝貴電子股份有限公司,桃園市八德區茄苳里開隆街74號,溫朝貴,20000000,,115/07/07,董事/監察人持股變動報備,,桃園市,變更,11507
23085466,肯勤富設計有限公司,桃園市中壢區正義里廈門街19號,,5000000,,115/07/03,解散,,桃園市,變更,11507
23091713,呈泓興業有限公司,桃園市中壢區後寮里後寮路319號,陳國豪,15000000,,115/07/17,公司所在地門牌整編,F199010 回收物料批發業；J101080 廢棄物資源回收業；J101030 廢棄物清除業；J101040 廢棄物處理業；F199990 其他批發業；F106010 五金批發業；F113100 污染防治設備批發業；F206010 五金零售業；F213100 污染防治設備零售業；F299990 其他零售業,桃園市,變更,11507
23263807,和寶企業股份有限公司,桃園市中壢區東園路27之1號,鄭為鍾,50262000,,115/07/30,一般補正案,C305010 印染整理業；C302010 織布業；C399990 其他紡織及製品製造業；F104110 布疋、衣著、鞋、帽、傘、服飾品批發業；F204110 布疋、衣著、鞋、帽、傘、服飾品零售業；F401010 國際貿易業；ZZ99999 除許可業務外，得經營法令非禁止或限制之業務,桃園市,變更,11507
23271588,州霖股份有限公司,桃園市蘆竹區山腳里15鄰橋頭街196號,周淑珍,10000000,,115/07/21,發行新股,,桃園市,變更,11507
23373585,台灣華傑股份有限公司,桃園市中壢區文化里吉林路25之2號6樓,陳玠,201460150,,115/07/22,改選董事/監察人(一人法人股東指派董事/監察人),F113020 電器批發業；F113050 電腦及事務性機器設備批發業；F113070 電信器材批發業；F119010 電子材料批發業；F106010 五金批發業；F206010 五金零售業；F213010 電器零售業；F213030 電腦及事務性機器設備零售業；F219010 電子材料零售業；F401010 國際貿易業,桃園市,變更,11507
23408888,通禹精密股份有限公司,桃園市平鎮區建安里平東路659巷36號,羅新福,26000000,,115/07/06,改選董事/監察人(一人法人股東指派董事/監察人),CA01050 鋼材二次加工業；CA02030 螺絲、螺帽、螺絲釘、及鉚釘等製品製造業；CA02090 金屬線製品製造業；CB01010 機械設備製造業；CC01010 發電、輸電、配電機械製造業；CC01020 電線及電纜製造業；CC01110 電腦及其週邊設備製造業；CC01990 其他電機及電子機械器材製造業；CD01010 船舶及其零件製造業；CD01020 軌道車輛及其零件製造業,桃園市,變更,11507
23459534,生樺精織有限公司,桃園市桃園區國際路1段198號,吳興昌,15000000,,115/07/09,一般補正案,C301010 紡紗業；C901010 陶瓷及陶瓷製品製造業；F104110 布疋、衣著、鞋、帽、傘、服飾品批發業；F204110 布疋、衣著、鞋、帽、傘、服飾品零售業；F113010 機械批發業；F213080 機械器具零售業；JE01010 租賃業；ZZ99999 除許可業務外，得經營法令非禁止或限制之業務,桃園市,變更,11507
23483416,長友營造股份有限公司,桃園市蘆竹區新南路一段163號5樓,邱榮林,798600000,,115/07/06,改選董事/監察人(一人法人股東指派董事/監察人),E101011 綜合營造業；E501011 自來水管承裝商；E502010 燃料導管安裝工程業；E599010 配管工程業；E601010 電器承裝業；E601020 電器安裝業；E602011 冷凍空調工程業；E603020 電梯安裝工程業；E603040 消防安全設備安裝工程業；E603050 自動控制設備工程業,桃園市,變更,11507
23489241,證揚淨業股份有限公司,桃園市桃園區信光里信光路72號,林麗玲,10000000,,115/07/15,一般補正案,F112040 石油製品批發業；F207030 清潔用品零售業；F212050 石油製品零售業；F214030 汽、機車零件配備零售業；F399010 便利商店業；I401010 一般廣告服務業；IG03010 能源技術服務業；JA01010 汽車修理業；JA01040 液化石油氣車改裝業；G202010 停車場經營業,桃園市,變更,11507
23492169,華懋科技股份有限公司,桃園市中壢區中山路88號17樓,鄭石治,463188000,,115/07/24,發行新股,E602011 冷凍空調工程業；CA02010 金屬結構及建築組件製造業；CB01010 機械設備製造業；CB01030 污染防治設備製造業；CB01990 其他機械製造業；CC01010 發電、輸電、配電機械製造業；CE01010 一般儀器製造業；D401010 熱能供應業；F107990 其他化學製品批發業；F113030 精密儀器批發業,桃園市,變更,11507
23525696,速睦喜股份有限公司,桃園市蘆竹區內厝里南山路2段205巷16號,小倉浩史,420840000,,115/07/03,改選董事/監察人(一人法人股東指派董事/監察人),,桃園市,變更,11507
23534301,大毅科技股份有限公司,桃園市蘆竹區山鼻里南山路三段17巷4號,江財寶,1447313390,,115/07/01,補繳規費,CC01080 電子零組件製造業；CC01110 電腦及其週邊設備製造業；F401010 國際貿易業；F119010 電子材料批發業；ZZ99999 除許可業務外，得經營法令非禁止或限制之業務,桃園市,變更,11507
23542040,華洋旅行社股份有限公司,桃園市龍潭區烏林里中豐路461巷106弄37之3號四樓,吳振國,6000000,,115/07/23,改選董事/監察人(一人法人股東指派董事/監察人),,桃園市,變更,11507
23544862,釱順工程有限公司,桃園市桃園區同德里同德六街157號9樓,林瑞娥,5000000,,115/07/20,股東出資轉讓修正章程,,桃園市,變更,11507
23546828,和軒股份有限公司,桃園市平鎮區平南里中豐路南勢二段460巷116之6號,黃一軒,20000000,,115/07/09,董事/監察人持股變動報備,,桃園市,變更,11507
23573774,耀登科技股份有限公司,桃園市八德區大發里和平路772巷19號,張玉斌,517324260,,115/07/20,補繳規費,CC01060 有線通信機械器材製造業；CC01070 無線通信機械器材製造業；CC01080 電子零組件製造業；CC01110 電腦及其週邊設備製造業；C802990 其他化學製品製造業；F219010 電子材料零售業；F401010 國際貿易業；F113030 精密儀器批發業；F399990 其他綜合零售業；E605010 電腦設備安裝業,桃園市,變更,11507
23588039,毅嘉科技股份有限公司,桃園市龜山區文化里華亞二路268號,黃秋永,3075365330,,115/07/15,修正章程,CC01080 電子零組件製造業；CC01030 電器及視聽電子產品製造業；CC01110 電腦及其週邊設備製造業；F113050 電腦及事務性機器設備批發業；F119010 電子材料批發業；CA04010 表面處理業；CC01060 有線通信機械器材製造業；CC01070 無線通信機械器材製造業；CQ01010 模具製造業；CE01030 光學儀器製造業,桃園市,變更,11507
23590886,龍壽開發建設股份有限公司,桃園市龜山區龍鳳街23號2樓,連吉時,80000000,,115/07/03,改選董事/監察人(一人法人股東指派董事/監察人),H701010 住宅及大樓開發租售業；H701020 工業廠房開發租售業；H701040 特定專業區開發業；H701050 投資興建公共建設業；H701080 都市更新重建業；A101020 農作物栽培業；A101030 特用作物栽培業；A201010 造林業；A201040 森林遊樂區經營業；ZZ99999 除許可業務外，得經營法令非禁止或限制之業務,桃園市,變更,11507
23603284,瑞智精密股份有限公司,桃園市觀音區成功路二段943號,陳盛沺,4948951050,,115/07/17,改派董事/監察人,CB01990 其他機械製造業；CC01010 發電、輸電、配電機械製造業；CC01030 電器及視聽電子產品製造業；E601020 電器安裝業；E603050 自動控制設備工程業；E801070 廚具、衛浴設備安裝工程業；F113020 電器批發業；IG03010 能源技術服務業；ZZ99999 除許可業務外，得經營法令非禁止或限制之業務,桃園市,變更,11507
23641338,信昌電子陶瓷股份有限公司,桃園市楊梅區高獅路566-1號,焦佑衡,1712000000,,115/07/06,改選董事/監察人(一人法人股東指派董事/監察人),C801030 精密化學材料製造業；C801990 其他化學材料製造業；CC01080 電子零組件製造業；CC01990 其他電機及電子機械器材製造業；F119010 電子材料批發業；F219010 電子材料零售業；ZZ99999 除許可業務外，得經營法令非禁止或限制之業務,桃園市,變更,11507
23701588,光豪工業股份有限公司,桃園市桃園區興邦路39之6號2樓,蕭偉倫,8000000,,115/07/29,董事/監察人持股變動報備,C302010 織布業；C305010 印染整理業；H201010 一般投資業；ZZ99999 除許可業務外，得經營法令非禁止或限制之業務,桃園市,變更,11507
23706845,德士精科股份有限公司,桃園市龜山區茶專一街88號,蔡宛諺,599042430,,115/07/20,補繳規費,CB01010 機械設備製造業；CQ01010 模具製造業；CA03010 熱處理業；CA04010 表面處理業；CC01080 電子零組件製造業；CC01110 電腦及其週邊設備製造業；CB01990 其他機械製造業；F113010 機械批發業；F119010 電子材料批發業；F113050 電腦及事務性機器設備批發業,桃園市,變更,11507
23706943,鴻琪電機有限公司,桃園市平鎮區北富里金陵路三段72巷1弄9號（1樓）,李謙興,1700000,,115/07/20,減資,,桃園市,變更,11507
23717701,惠義企業有限公司,桃園市八德區大漢里東勇街69巷26號,劉葦灃,2500000,,115/07/24,股東出資轉讓修正章程,,桃園市,變更,11507
23780990,大晶光電股份有限公司,桃園市龜山區茶專路12號,張葉岸,202360000,,115/07/13,一般補正案,CB01010 機械設備製造業；CC01010 發電、輸電、配電機械製造業；CC01040 照明設備製造業；CC01080 電子零組件製造業；CC01090 電池製造業；CE01010 一般儀器製造業；D101040 非屬公用之發電業；E601010 電器承裝業；E603090 照明設備安裝工程業；E604010 機械安裝業,桃園市,變更,11507
23848128,昱銘營造工程有限公司,桃園市中壢區三民里三樂二街15號（2樓）,吳睿洋,143000000,,115/07/21,增資,E101011 綜合營造業；E801010 室內裝潢業；E801020 門窗安裝工程業；E801030 室內輕鋼架工程業；E801040 玻璃安裝工程業；E801070 廚具、衛浴設備安裝工程業；E599010 配管工程業；E603040 消防安全設備安裝工程業；E603050 自動控制設備工程業；E603080 交通號誌安裝工程業,桃園市,變更,11507
23849652,銘翔興業股份有限公司,桃園市龜山區文明二街2之1號,許峰旗,51000000,,115/07/22,改選董事/監察人(一人法人股東指派董事/監察人),CA02990 其他金屬製品製造業；CA02010 金屬結構及建築組件製造業；CB01990 其他機械製造業；CC01010 發電、輸電、配電機械製造業；CC01030 電器及視聽電子產品製造業；CC01080 電子零組件製造業；CC01990 其他電機及電子機械器材製造業；CO01010 餐具製造業；E601010 電器承裝業；F106030 模具批發業,桃園市,變更,11507
23859308,翰徽企業股份有限公司,桃園市中壢區過嶺里7鄰過嶺路2段456號,林柏宇,150000000,,115/07/14,減資,,桃園市,變更,11507
23898365,中悅股份有限公司,桃園市楊梅區高上里高青路32巷11弄85號,李世忠,25000000,,115/07/14,改選董事/監察人(一人法人股東指派董事/監察人),CC01010 發電、輸電、配電機械製造業；F113990 其他機械器具批發業(自動控制盤、馬達起動盤),桃園市,變更,11507
23925721,巨賓有限公司,桃園市龜山區文化里文化一路50號,黃世照,10000000,,115/07/08,一般補正案,,桃園市,變更,11507
23929418,優頻科技材料股份有限公司,桃園市觀音區廣興一路205巷36號,施志儒,600680430,,115/07/01,改選董事/監察人(一人法人股東指派董事/監察人),B202010 非金屬礦業；B101010 煤礦業；B201010 金屬礦業；CA04010 表面處理業；CA02990 其他金屬製品製造業；CB01010 機械設備製造業；CB01030 污染防治設備製造業；E603050 自動控制設備工程業；E603100 電焊工程業；F113990 其他機械器具批發業,桃園市,變更,11507
23944136,喜美包裝企業股份有限公司,桃園市蘆竹區南崁路2段200號,蔡志陽,158700000,,115/07/02,改選董事/監察人(一人法人股東指派董事/監察人),ZZ99999 除許可業務外，得經營法令非禁止或限制之業務,桃園市,變更,11507
23992761,信服嘉工業股份有限公司,桃園市蘆竹區瓦窯里南山路1段385號,蒲文煉,10000000,,115/07/29,董事/監察人持股變動報備,,桃園市,變更,11507
24211954,台茂商場經營管理顧問股份有限公司,桃園市蘆竹區南崁路1段112號1樓,苗延梅,5000000,,115/07/07,補選董事(常務董事.董事長)/監察人,I102010 投資顧問業；I103060 管理顧問業；I199990 其他顧問服務業；I301010 資訊軟體服務業；I301020 資料處理服務業；I301030 電子資訊供應服務業；F102030 菸酒批發業；F109070 文教、樂器、育樂用品批發業；F203020 菸酒零售業；F208050 乙類成藥零售業,桃園市,變更,11507
24218078,昆琳香品有限公司,桃園市龍潭區烏林里工五路139巷108號,劉邦振,8000000,,115/07/24,一般補正案,C501070 竹、藤製品製造業；C501990 其他木製品製造業；C601990 其他紙製品製造業；CA01990 其他非鐵金屬基本工業；CZ99990 未分類其他工業製品製造業；F106010 五金批發業；F106070 祭祀用品批發業；F107030 清潔用品批發業；F401010 國際貿易業；ZZ99999 除許可業務外，得經營法令非禁止或限制之業務,桃園市,變更,11507
24246428,亮建股份有限公司,桃園市桃園區中山里中平路98號14樓之1,陳諺邦,3000000,,115/07/28,一般補正案,F106010 五金批發業；F113020 電器批發業；F113050 電腦及事務性機器設備批發業；F113030 精密儀器批發業；F113060 度量衡器批發業；F113070 電信器材批發業；F116010 照相器材批發業；F113110 電池批發業；F118010 資訊軟體批發業；F119010 電子材料批發業,桃園市,變更,11507
24248707,先勤企業股份有限公司,桃園市龜山區文化里復興三路368號,李大偉,100000000,,115/07/08,改選董事/監察人(一人法人股東指派董事/監察人),ZZ99999 除許可業務外，得經營法令非禁止或限制之業務,桃園市,變更,11507
24254762,金盟商業科技有限公司,桃園市蘆竹區山腳里南山路三段373號,胡雅惠,250000,,115/07/14,公司所營事業變更修正章程,F113050 電腦及事務性機器設備批發業；F213030 電腦及事務性機器設備零售業；F105050 家具、寢具、廚房器具、裝設品批發業；F205040 家具、寢具、廚房器具、裝設品零售業；F111090 建材批發業；F199990 其他批發業；F106010 五金批發業；F113020 電器批發業；F113030 精密儀器批發業；F211010 建材零售業,桃園市,變更,11507
24276631,睿拓科技有限公司,桃園市楊梅區高榮里電研路138號1樓,徐昱瑜,1000000,,115/07/06,股東出資轉讓修正章程,F107010 漆料、塗料批發業；F107020 染料、顏料批發業；F107170 工業助劑批發業；F113010 機械批發業；F113030 精密儀器批發業；F119010 電子材料批發業；F401010 國際貿易業；E604010 機械安裝業；F107990 其他化學製品批發業；F113990 其他機械器具批發業,桃園市,變更,11507
24301646,金橋國際有限公司,桃園市大溪區仁善里仁善街108之5號,曾美齡,500000,,115/07/21,公司所在地,I101070 農、林、漁、畜牧顧問業；I101080 工、礦顧問業；I101090 食品顧問業；I101100 航空顧問業；I101110 紡織顧問業；I101120 造船顧問業；I102010 投資顧問業；I103060 管理顧問業；I105010 藝術品諮詢顧問業；F401010 國際貿易業,桃園市,變更,11507
24338670,長庚醫學科技股份有限公司,桃園市龜山區文化二路11之5號(1樓),楊麗珠,238859000,,115/07/06,一般補正案,E603020 電梯安裝工程業；E603050 自動控制設備工程業；F102170 食品什貨批發業；F104110 布疋、衣著、鞋、帽、傘、服飾品批發業；F105050 家具、寢具、廚房器具、裝設品批發業；F106020 日常用品批發業；F107030 清潔用品批發業；F107080 環境用藥批發業；F108031 醫療器材批發業；F108040 化粧品批發業,桃園市,變更,11507
24352840,增捷有限公司,桃園市觀音區福壽街36號(1樓),張麗芳,650000,,115/07/06,一般補正案,F106020 日常用品批發業；F206020 日常用品零售業；F401010 國際貿易業；IZ12010 人力派遣業；IZ99990 其他工商服務業；F203010 食品什貨、飲料零售業；F203020 菸酒零售業；F501060 餐館業；IZ06010 理貨包裝業；ZZ99999 除許可業務外，得經營法令非禁止或限制之業務,桃園市,變更,11507
24380607,耀巨工程有限公司,桃園市大溪區員林里員林路二段442巷22號1樓,,1000000,,115/07/14,解散,ZZ99999 除許可業務外，得經營法令非禁止或限制之業務,桃園市,變更,11507
24395427,桃禧航空城大飯店股份有限公司,桃園市大園區南港里大觀路777號,李三蓮,600000000,,115/07/15,修正章程,J702080 酒吧業；J901011 觀光旅館業；J901020 一般旅館業；JA03010 洗衣業；JZ99020 三溫暖業；F201070 花卉零售業；F203020 菸酒零售業；F205040 家具、寢具、廚房器具、裝設品零售業；F206020 日常用品零售業；F208040 化粧品零售業,桃園市,變更,11507
24403572,富動科技股份有限公司,桃園市蘆竹區內厝里內溪路9號,黃士恭,233880000,,115/07/21,一般補正案,I301010 資訊軟體服務業；I301020 資料處理服務業；I301030 電子資訊供應服務業；F113020 電器批發業；F113030 精密儀器批發業；F113050 電腦及事務性機器設備批發業；F113070 電信器材批發業；F113110 電池批發業；F116010 照相器材批發業；F118010 資訊軟體批發業,桃園市,變更,11507
24404636,助源企業有限公司,桃園市八德區高明里高城八街1號（1樓）,莊佳萱,2000000,,115/07/15,復業副本,F199010 回收物料批發業；J101080 廢棄物資源回收業；ZZ99999 除許可業務外，得經營法令非禁止或限制之業務；J101030 廢棄物清除業；J101040 廢棄物處理業,桃園市,變更,11507
24410882,鴻泰建材有限公司,桃園市中壢區五權里民族路3段86巷141號(1樓),林寶棋,10000000,,115/07/23,股東出資轉讓修正章程,E801010 室內裝潢業；E801020 門窗安裝工程業；E801030 室內輕鋼架工程業；E801070 廚具、衛浴設備安裝工程業；E901010 油漆工程業；F106010 五金批發業；F111090 建材批發業；F120010 耐火材料批發業；F206010 五金零售業；F211010 建材零售業,桃園市,變更,11507
24443878,永嘉輝科技股份有限公司,桃園市大溪區仁善里9鄰新光東路50號,陳廖淑英,200000000,,115/07/03,改選董事/監察人(一人法人股東指派董事/監察人),C701010 印刷業；CC01080 電子零組件製造業；F119010 電子材料批發業；F219010 電子材料零售業；I501010 產品設計業；F401010 國際貿易業；CE01010 一般儀器製造業；CE01990 其他光學及精密器械製造業；CF01011 醫療器材製造業；ZZ99999 除許可業務外，得經營法令非禁止或限制之業務,桃園市,變更,11507
24444291,日倉貿易有限公司,桃園市桃園區中央街517號13樓,陳益偉,3500000,,115/07/16,公司所在地,F401010 國際貿易業；ZZ99999 除許可業務外，得經營法令非禁止或限制之業務；F104110 布疋、衣著、鞋、帽、傘、服飾品批發業；C305010 印染整理業；C802200 塗料、油漆、染料及顏料製造業,桃園市,變更,11507
24550503,宸寰科技有限公司,桃園市龍潭區烏林里工七路58號,黃卉嫻,38000000,,115/07/03,增資,C801010 基本化學工業；C801990 其他化學材料製造業；CN01010 家具及裝設品製造業；E801010 室內裝潢業；E801020 門窗安裝工程業；E801040 玻璃安裝工程業；F105050 家具、寢具、廚房器具、裝設品批發業；F107010 漆料、塗料批發業；F107030 清潔用品批發業；F107170 工業助劑批發業,桃園市,變更,11507
24563900,晟展貿易股份有限公司,桃園市觀音區安和街272號,温錦輝,38000000,,115/07/22,改選董事/監察人(一人法人股東指派董事/監察人),F107020 染料、顏料批發業；F401010 國際貿易業；H703100 不動產租賃業；F104110 布疋、衣著、鞋、帽、傘、服飾品批發業；H701010 住宅及大樓開發租售業；H701020 工業廠房開發租售業；C306010 成衣業,桃園市,變更,11507
24566884,昱陞半導體股份有限公司,桃園市龜山區復興三路380號2樓,洪崇恩,51961440,,115/07/07,申登機關變更（遷入，含卷）,CC01080 電子零組件製造業；CC01990 其他電機及電子機械器材製造業；CA02990 其他金屬製品製造業；CB01010 機械設備製造業；CB01990 其他機械製造業；F119010 電子材料批發業；I501010 產品設計業；F401010 國際貿易業；I103060 管理顧問業；IG03010 能源技術服務業,桃園市,變更,11507
24567027,虹創科技有限公司,桃園市蘆竹區南崁路段99號7樓之7,姜志倫,2000000,,115/07/01,一般補正案,F107190 塑膠膜、袋批發業；F199990 其他批發業；F207190 塑膠膜、袋零售業；F213010 電器零售業；F213030 電腦及事務性機器設備零售業；F213060 電信器材零售業；F299990 其他零售業；JA02010 電器及電子產品修理業；IE01010 電信業務門號代辦業；ZZ99999 除許可業務外，得經營法令非禁止或限制之業務,桃園市,變更,11507
24618497,瑞采生技股份有限公司,桃園市大園區五權里五福路27巷17號,林崇仁,81460000,,115/07/29,發行新股,F207070 動物用藥零售業；IC01010 藥品檢驗業；IG01010 生物技術服務業；IG02010 研究發展服務業；ZZ99999 除許可業務外，得經營法令非禁止或限制之業務,桃園市,變更,11507
24628050,勵廣有限公司,桃園市楊梅區秀才路207巷5弄31號,林芳如,500000,,115/07/24,股東出資轉讓修正章程,F114030 汽、機車零件配備批發業；F114990 其他交通運輸工具及其零件批發業；E603050 自動控制設備工程業；F113010 機械批發業；E604010 機械安裝業；F119010 電子材料批發業；I501010 產品設計業；F401010 國際貿易業；F102050 茶葉批發業；F102170 食品什貨批發業,桃園市,變更,11507
24628262,辰翃有限公司,桃園市桃園區自強里莊敬路一段181巷47弄6號,江辰翃,5000000,,115/07/27,公司所在地,C102010 乳品製造業；C103050 罐頭、冷凍、脫水及醃漬食品製造業；C104020 烘焙炊蒸食品製造業；C109010 調味品製造業；C110010 飲料製造業；C199040 豆類加工食品製造業；C199990 未分類其他食品製造業；E102011 土木包工業；E502010 燃料導管安裝工程業；E599010 配管工程業,桃園市,變更,11507
24634525,菲泰萊工程有限公司,桃園市中壢區環北路400號14樓之1,李振鴻,10000,,115/07/27,公司所在地,E599010 配管工程業；E601010 電器承裝業；E601020 電器安裝業；E801010 室內裝潢業；E801020 門窗安裝工程業；E801030 室內輕鋼架工程業；EZ99990 其他工程業；F106010 五金批發業；F111090 建材批發業；ZZ99999 除許可業務外，得經營法令非禁止或限制之業務,桃園市,變更,11507
24635165,台灣真好小客車租賃股份有限公司,桃園市大園區致祥三街37號(1樓),呂祐任,10000000,,115/07/24,公司所在地,G101021 市區汽車客運業；G101041 小客車租賃業；G202010 停車場經營業；G799990 其他運輸輔助業；F114010 汽車批發業；F114020 機車批發業；F114030 汽、機車零件配備批發業；F114050 車胎批發業；F114990 其他交通運輸工具及其零件批發業；F214010 汽車零售業,桃園市,變更,11507
24635762,宏猷企管顧問有限公司,桃園市桃園區中山里中平路98號14樓之1,黃湜晴,200000,,115/07/23,公司所在地,I103060 管理顧問業；I199990 其他顧問服務業；J202010 產業育成業；JB01010 會議及展覽服務業；H702010 建築經理業；IZ12010 人力派遣業；JZ99050 仲介服務業；ZZ99999 除許可業務外，得經營法令非禁止或限制之業務,桃園市,變更,11507
24636256,順華投資股份有限公司,桃園市蘆竹區中福里大福路210號,符玲華,23000000,,115/07/21,變更組織,H201010 一般投資業；ZZ99999 除許可業務外，得經營法令非禁止或限制之業務,桃園市,變更,11507
24640337,義泰容器有限公司,桃園市大園區大仁路73號4樓,楊淑評,10000000,,115/07/27,公司所營事業變更修正章程,F106020 日常用品批發業；F109070 文教、樂器、育樂用品批發業；F107030 清潔用品批發業；F206020 日常用品零售業；F209060 文教、樂器、育樂用品零售業；F207030 清潔用品零售業；F113990 其他機械器具批發業；F213080 機械器具零售業；F401010 國際貿易業；F399040 無店面零售業,桃園市,變更,11507
24650138,比撒列設計室內裝修工程有限公司,桃園市龜山區精忠里長壽路166號,陳光富Luoh．Fotol,100000,,115/07/16,董事/股東更名,E801010 室內裝潢業；E801020 門窗安裝工程業；E801030 室內輕鋼架工程業；E801040 玻璃安裝工程業；E801070 廚具、衛浴設備安裝工程業；E901010 油漆工程業；E903010 防蝕、防銹工程業；I503010 景觀設計業；ZZ99999 除許可業務外，得經營法令非禁止或限制之業務；E603040 消防安全設備安裝工程業,桃園市,變更,11507
24655990,曜衡能源股份有限公司,桃園市大溪區員林路一段15巷91號,林舜孝,160024000,,115/07/02,發行新股,CB01010 機械設備製造業；CC01040 照明設備製造業；F106010 五金批發業；F206010 五金零售業；F401010 國際貿易業；ZZ99999 除許可業務外，得經營法令非禁止或限制之業務；H201010 一般投資業；I199990 其他顧問服務業；I301010 資訊軟體服務業；I301020 資料處理服務業,桃園市,變更,11507
24656490,新義盟實業股份有限公司,桃園市八德區忠勇三街46號(1樓),吳松益,2000000,,115/07/16,增資(資本總額),B601010 土石採取業；C901040 預拌混凝土製造業；F111090 建材批發業；F211010 建材零售業；G799990 其他運輸輔助業；ZZ99999 除許可業務外，得經營法令非禁止或限制之業務；EZ99990 其他工程業,桃園市,變更,11507
24698837,志映有限公司,桃園市龜山區萬壽路一段609號8樓,仲偉弘,500000,,115/07/03,股東出資轉讓修正章程,H201010 一般投資業；ZZ99999 除許可業務外，得經營法令非禁止或限制之業務,桃園市,變更,11507
24709095,鉦悍有限公司,桃園市桃園區同安里新埔六街95號8樓,盧鉦翰,1000000,,115/07/22,一般補正案,F102170 食品什貨批發業；F108040 化粧品批發業；F203010 食品什貨、飲料零售業；F208040 化粧品零售業；F399990 其他綜合零售業；F401010 國際貿易業；IZ12010 人力派遣業；JZ99050 仲介服務業；ZZ99999 除許可業務外，得經營法令非禁止或限制之業務；EZ99990 其他工程業,桃園市,變更,11507
24733216,喬繹企業股份有限公司,桃園市楊梅區楊梅里梅高路78號1樓,蕭如珊,28000000,,115/07/29,一般補正案,F101050 水產品批發業；F101130 蔬果批發業；F107050 肥料批發業；F113010 機械批發業；F199990 其他批發業；F201010 農產品零售業；F201030 水產品零售業；F207050 肥料零售業；F213080 機械器具零售業；F299990 其他零售業,桃園市,變更,11507
24789463,日商四國化成工業股份有限公司,桃園市桃園區中正路1221號10樓,成田真二,0,,115/07/15,辦事處所在地變更,,桃園市,變更,11507
24811541,大陸商湖南艾華集團股份有限公司,桃園市桃園區中正路1071號9樓之4,王茂仁,0,,115/07/17,一般補正案,,桃園市,變更,11507
24842045,藝輝有限公司,桃園市桃園區經國路842號4樓之1,呂學興,100000,,115/07/07,股東出資轉讓修正章程,CA01020 鋼鐵軋延及擠型業；CA01050 鋼材二次加工業；ZZ99999 除許可業務外，得經營法令非禁止或限制之業務；CA02990 其他金屬製品製造業,桃園市,變更,11507
24849498,美的好有限公司,桃園市平鎮區宋屋里水廠路8號,林邦郁,7000000,,115/07/21,一般補正案,F113020 電器批發業；F401010 國際貿易業；E599010 配管工程業；E603010 電纜安裝工程業；E603050 自動控制設備工程業；E603090 照明設備安裝工程業；ZZ99999 除許可業務外，得經營法令非禁止或限制之業務,桃園市,變更,11507
24856510,珈新金屬有限公司,桃園市桃園區春日路1434巷115號,吳鑫彥,80000000,,115/07/16,公司所營事業變更修正章程,CA01050 鋼材二次加工業；CA02010 金屬結構及建築組件製造業；CA02060 金屬容器製造業；CA02990 其他金屬製品製造業；CB01010 機械設備製造業；CB01030 污染防治設備製造業；CB01990 其他機械製造業；F106010 五金批發業；F111090 建材批發業；F113010 機械批發業,桃園市,變更,11507
24865594,凁源有限公司,桃園市蘆竹區福昌里南順七街27號10樓之2,胡基龍,1000000,,115/07/29,公司所營事業變更修正章程,E599010 配管工程業；E604010 機械安裝業；F107200 化學原料批發業；F113010 機械批發業；F113030 精密儀器批發業；F207170 工業助劑零售業；F113100 污染防治設備批發業；F207200 化學原料零售業；F213040 精密儀器零售業；F213080 機械器具零售業,桃園市,變更,11507
24865715,騏基室內設計有限公司,桃園市桃園區寶山里民有五街105號10樓,邵仕仁,300000,,115/07/09,一般補正案,E801010 室內裝潢業；I503010 景觀、室內設計業；ZZ99999 除許可業務外，得經營法令非禁止或限制之業務,桃園市,變更,11507
24868425,愛創有限公司,桃園市蘆竹區錦中里南崁路265號10樓之6,蔡素緞,1000000,,115/07/13,公司所營事業變更修正章程,E603050 自動控制設備工程業；A101050 花卉栽培業；F101100 花卉批發業；F201070 花卉零售業；I301010 資訊軟體服務業；F104110 布疋、衣著、鞋、帽、傘、服飾品批發業；F105050 家具、寢具、廚房器具、裝設品批發業；F101120 觀賞魚批發業；F201090 觀賞魚零售業；F106020 日常用品批發業,桃園市,變更,11507
24870323,旭騰資訊有限公司,桃園市桃園區永安里中正三街205號六樓之一,陳自評,10000000,,115/07/09,公司所在地,E601010 電器承裝業；E601020 電器安裝業；E603040 消防安全設備安裝工程業；E603050 自動控制設備工程業；E603080 交通號誌安裝工程業；E603090 照明設備安裝工程業；E604010 機械安裝業；E605010 電腦設備安裝業；E801020 門窗安裝工程業；E801030 室內輕鋼架工程業,桃園市,變更,11507
24871322,昊和精工有限公司,桃園市中壢區青航里高鐵站前西路二段19號4樓,樊毓漢,8000000,,115/07/16,增資,F113030 精密儀器批發業；F113050 電腦及事務性機器設備批發業；F118010 資訊軟體批發業；F119010 電子材料批發業；F213030 電腦及事務性機器設備零售業；F213040 精密儀器零售業；F218010 資訊軟體零售業；F401010 國際貿易業；F219010 電子材料零售業,桃園市,變更,11507
24879696,今人羅筆國際影業有限公司,桃園市中壢區五福里民族路252號2樓,羅志文,1000000,,115/07/22,公司所營事業變更修正章程,J401010 電影片製作業；J601010 藝文服務業；J602010 演藝活動業；J503020 電視節目製作業；J503030 廣播電視節目發行業；J503040 廣播電視廣告業；I504010 花藝設計業；JZ99090 喜慶綜合服務業；F401010 國際貿易業；I401010 一般廣告服務業,桃園市,變更,11507
24882186,維納斯時尚會館有限公司,桃園市桃園區復興路70號9樓之1,余益均,200000,,115/07/21,一般補正案,J702070 酒家業；J701030 視聽歌唱業,桃園市,變更,11507
24894747,禾耘建設事業有限公司,桃園市中壢區青埔里青商路526號,何奇財,40000000,,115/07/02,修正章程,E801010 室內裝潢業；E801020 門窗安裝工程業；E801030 室內輕鋼架工程業；E801070 廚具、衛浴設備安裝工程業；E901010 油漆工程業；EZ02010 起重工程業；EZ99990 其他工程業；F104110 布疋、衣著、鞋、帽、傘、服飾品批發業；F105050 家具、寢具、廚房器具、裝設品批發業；F106010 五金批發業,桃園市,變更,11507
24895062,全盈創新科技有限公司,桃園市中壢區篤行里華美一路45號（1樓）,,2200000,,115/07/28,解散,CO01010 餐具製造業；F102170 食品什貨批發業；F105050 家具、寢具、廚房器具、裝設品批發業；F106010 五金批發業；F106020 日常用品批發業；F106050 陶瓷玻璃器皿批發業；F107030 清潔用品批發業；F113100 污染防治設備批發業；F205040 家具、寢具、廚房器具、裝設品零售業；F206010 五金零售業,桃園市,變更,11507
24954104,原字影像整合行銷有限公司,桃園市龜山區文化一路86之29號二樓,王書成,5000000,,115/07/14,申登機關變更（遷入，含卷）,IZ01010 影印業；I401010 一般廣告服務業；I301010 資訊軟體服務業；I301020 資料處理服務業；I501010 產品設計業；JB01010 會議及展覽服務業；JE01010 租賃業；JZ99090 喜慶綜合服務業；I599990 其他設計業；C701010 印刷業,桃園市,變更,11507
25011503,新杰科技股份有限公司,桃園市大園區內海里13鄰民權路9號,江少杰,100000000,,115/07/17,改選董事/監察人(一人法人股東指派董事/監察人),CB01010 機械設備製造業；CB01990 其他機械製造業；CC01010 發電、輸電、配電機械製造業；CC01080 電子零組件製造業；CQ01010 模具製造業；F219010 電子材料零售業；ZZ99999 除許可業務外，得經營法令非禁止或限制之業務,桃園市,變更,11507
25037692,台灣博迪股份有限公司,桃園市觀音區大潭里環南路855號,叢鋼滋,54000000,,115/07/15,一般補正案,C306010 成衣業；C307010 服飾品製造業；F104110 布疋、衣著、鞋、帽、傘、服飾品批發業；F114040 自行車及其零件批發業；F204110 布疋、衣著、鞋、帽、傘、服飾品零售業；F213010 電器零售業；F214040 自行車及其零件零售業；F401010 國際貿易業；I103060 管理顧問業；I301010 資訊軟體服務業,桃園市,變更,11507
25054431,茂喜興業有限公司,桃園市蘆竹區五福一路50巷19號(2樓),陳雅倫,5300000,,115/07/24,公司所在地,F113030 精密儀器批發業；F113010 機械批發業；F106010 五金批發業；F106030 模具批發業；F113990 其他機械器具批發業；F119010 電子材料批發業；F104110 布疋、衣著、鞋、帽、傘、服飾品批發業；F105050 家具、寢具、廚房器具、裝設品批發業；F106020 日常用品批發業；F120010 耐火材料批發業,桃園市,變更,11507
25062468,安富不動產仲介經紀有限公司,桃園市桃園區南平路478號(1樓),蕭仲偉,3000000,,115/07/06,一般補正案,H704031 不動產仲介經紀業；ZZ99999 除許可業務外，得經營法令非禁止或限制之業務,桃園市,變更,11507
25073063,穎華科技股份有限公司,桃園市平鎮區湧豐里工業五路12號,張志成,880000000,,115/07/14,改派董事/監察人,H201010 一般投資業；CC01080 電子零組件製造業；F107010 漆料、塗料批發業；F107200 化學原料批發業；C805010 塑膠皮、布、板、管材製造業；C805030 塑膠日用品製造業；F119010 電子材料批發業；F219010 電子材料零售業；F401010 國際貿易業；ZZ99999 除許可業務外，得經營法令非禁止或限制之業務,桃園市,變更,11507
25074653,心築建築經理有限公司,桃園市中壢區光明里三光路84號8樓,游銘達,12000000,,115/07/28,修正章程,H702010 建築經理業；H703090 不動產買賣業；E801010 室內裝潢業；I503010 景觀、室內設計業；H701010 住宅及大樓開發租售業；E102011 土木包工業,桃園市,變更,11507
25080640,麗人視聽歌唱有限公司,桃園市桃園區南華里中華路149號,周俐伶,500000,,115/07/14,一般補正案,J701030 視聽歌唱業；J702080 酒吧業；F203010 食品什貨、飲料零售業；F203020 菸酒零售業；ZZ99999 除許可業務外，得經營法令非禁止或限制之業務,桃園市,變更,11507
25093928,星匯會館有限公司,桃園市中壢區永興里中央西路一段78號10樓,楊子鋐,200000,,115/07/14,特殊補正,J702070 酒家業；J701030 視聽歌唱業；F203020 菸酒零售業；ZZ99999 除許可業務外，得經營法令非禁止或限制之業務,桃園市,變更,11507
25125029,連勝行銷股份有限公司,桃園市楊梅區三民里中山北路二段123巷9號,劉榛迆,10000000,,115/07/02,減少所營事業變更修正章程,E605010 電腦設備安裝業；F113050 電腦及事務性機器設備批發業；F113070 電信器材批發業；F118010 資訊軟體批發業；F119010 電子材料批發業；F213030 電腦及事務性機器設備零售業；F213060 電信器材零售業；F218010 資訊軟體零售業；F219010 電子材料零售業；F401010 國際貿易業,桃園市,變更,11507
25160778,唐王商業有限公司,桃園市桃園區國際路一段685巷80弄7號（1樓）,黃培原,5000000,,115/07/14,一般補正案,F106010 五金批發業；F107190 塑膠膜、袋批發業；F208031 醫療器材零售業；F108031 醫療器材批發業；F399040 無店面零售業；F104110 布疋、衣著、鞋、帽、傘、服飾品批發業；F204110 布疋、衣著、鞋、帽、傘、服飾品零售業；F105050 家具、寢具、廚房器具、裝設品批發業；F205040 家具、寢具、廚房器具、裝設品零售業；F199990 其他批發業,桃園市,變更,11507
25162419,律寶科技有限公司,桃園市中壢區山東里山下8鄰101之11號,,2000000,,115/07/20,解散,F113030 精密儀器批發業；F113070 電信器材批發業；F119010 電子材料批發業；F401021 電信管制射頻器材輸入業；CC01060 有線通信機械器材製造業；CC01070 無線通信機械器材製造業；CC01080 電子零組件製造業；CC01101 電信管制射頻器材製造業；IF02010 用電設備檢測維護業；IF04010 非破壞檢測業,桃園市,變更,11507
25170425,金運科技股份有限公司,桃園市平鎮區湧豐里工業三路5號3樓,謝明凱,660000000,,115/07/13,一般補正案,CA02010 金屬結構及建築組件製造業；CA02060 金屬容器製造業；CB01010 機械設備製造業；CC01010 發電、輸電、配電機械製造業；CC01030 電器及視聽電子產品製造業；CC01080 電子零組件製造業；CC01090 電池製造業；CC01110 電腦及其週邊設備製造業；CC01120 資料儲存媒體製造及複製業；CC01990 其他電機及電子機械器材製造業,桃園市,變更,11507
25179919,辰筠生醫科技有限公司,桃園市蘆竹區南崁里鎮江街20號4樓,顏巧筑,5610000,,115/07/07,增資,F108031 醫療器材批發業；F208031 醫療器材零售業；F102040 飲料批發業；F102050 茶葉批發業；F102170 食品什貨批發業；F203010 食品什貨、飲料零售業；F104110 布疋、衣著、鞋、帽、傘、服飾品批發業；F204110 布疋、衣著、鞋、帽、傘、服飾品零售業；F106020 日常用品批發業；F206020 日常用品零售業,桃園市,變更,11507
25193412,新群科技股份有限公司,桃園市中壢區文化里20鄰吉林路25之1號(1樓),江少杰,35000000,,115/07/29,發行新股,CB01010 機械設備製造業；CB01990 其他機械製造業；CC01080 電子零組件製造業；CC01990 其他電機及電子機械器材製造業；CQ01010 模具製造業；F219010 電子材料零售業；ZZ99999 除許可業務外，得經營法令非禁止或限制之業務,桃園市,變更,11507
27104112,星華鐘錶工業股份有限公司,桃園市龜山區舊路里3鄰東舊路街39號,范創堯,238800000,,115/07/15,增資(資本總額),C805050 工業用塑膠製品製造業；CE01040 鐘錶製造業；F110010 鐘錶批發業；F210010 鐘錶零售業；H703100 不動產租賃業；F401010 國際貿易業；JE01010 租賃業；G801010 倉儲業；C102010 乳品製造業；C103050 罐頭、冷凍、脫水及醃漬食品製造業,桃園市,變更,11507
27128016,新家坡營造有限公司,桃園市八德區大智里大智路17號2樓,陳嘉銘,175000000,,115/07/06,增資,E101011 綜合營造業；ZZ99999 除許可業務外，得經營法令非禁止或限制之業務,桃園市,變更,11507
27262076,佳馳科技股份有限公司,桃園市中壢區青航里領航南路三段305號10樓,匡芷儀,15000000,,115/07/21,公司所在地,CB01010 機械設備製造業；CC01070 無線通信機械器材製造業；CC01080 電子零組件製造業；CE01010 一般儀器製造業；E603010 電纜安裝工程業；E603050 自動控制設備工程業；E604010 機械安裝業；E605010 電腦設備安裝業；EZ05010 儀器、儀表安裝工程業；EZ09010 靜電防護及消除工程業,桃園市,變更,11507
27285063,全球淨水國際有限公司,桃園市桃園區大樹里興隆路8號,吳傳宏,20000000,,115/07/28,改推董事/董事長,CB01990 其他機械製造業；E599010 配管工程業；E601020 電器安裝業；E603050 自動控制設備工程業；E604010 機械安裝業；E605010 電腦設備安裝業；F106040 水器材料批發業；F113010 機械批發業；F113020 電器批發業；F113990 其他機械器具批發業,桃園市,變更,11507
27289954,詠源實業有限公司,桃園市蘆竹區海湖里海湖北路306號,余嘉偉,20000000,,115/07/29,股東出資轉讓修正章程,F213080 機械器具零售業；B601010 土石採取業；J101030 廢棄物清除業；J101040 廢棄物處理業；J101050 環境檢測服務業；J101990 其他環境衛生及污染防治服務業；F111090 建材批發業；ZZ99999 除許可業務外，得經營法令非禁止或限制之業務,桃園市,變更,11507
27297146,應材高分子股份有限公司,桃園市八德區華康街272號,沈俊亨,118302470,,115/07/20,一般補正案,C801060 合成橡膠製造業；C805010 塑膠皮、布、板、管材製造業；C805020 塑膠膜、袋製造業；C805030 塑膠日用品製造業；C805050 工業用塑膠製品製造業；C805070 強化塑膠製品製造業；C805990 其他塑膠製品製造業；C901990 其他非金屬礦物製品製造業；F113010 機械批發業；F113030 精密儀器批發業,桃園市,變更,11507
27319633,康華健康事業股份有限公司,桃園市中壢區中原里興農路83號1樓,吳心玲,10000000,,115/07/22,改選董事/監察人(一人法人股東指派董事/監察人),F102170 食品什貨批發業；F104110 布疋、衣著、鞋、帽、傘、服飾品批發業；F106020 日常用品批發業；F107990 其他化學製品批發業；F108031 醫療器材批發業；F108040 化粧品批發業；F109070 文教、樂器、育樂用品批發業；F113020 電器批發業；F203010 食品什貨、飲料零售業；F204110 布疋、衣著、鞋、帽、傘、服飾品零售業,桃園市,變更,11507
27340208,悅城科技股份有限公司,桃園市中壢區北園路18號,陳春夏,658000000,,115/07/01,修正章程,C805050 工業用塑膠製品製造業；CC01080 電子零組件製造業；F119010 電子材料批發業；F401010 國際貿易業；ZZ99999 除許可業務外，得經營法令非禁止或限制之業務,桃園市,變更,11507
27372587,詮祿科技有限公司,桃園市龜山區新路里樂宮街1號4樓之1,蘇美妃,11000000,,115/07/20,改推董事/董事長,F106010 五金批發業；F113010 機械批發業；F119010 電子材料批發業；F206010 五金零售業；F213080 機械器具零售業；F219010 電子材料零售業；F401010 國際貿易業；CA01020 軋鋼業；CA01030 鋼鐵鑄造業；CA01090 鋁鑄造業,桃園市,變更,11507
27385909,臺灣凱康企業有限公司,桃園市八德區新興路55號1樓,廖崇君,1000000,,115/07/30,修正章程,CC01080 電子零組件製造業；F118010 資訊軟體批發業；F218010 資訊軟體零售業；F119010 電子材料批發業；F219010 電子材料零售業；F113020 電器批發業；F113070 電信器材批發業；F213010 電器零售業；F213060 電信器材零售業；F401010 國際貿易業,桃園市,變更,11507
27405623,全億石材有限公司,桃園市桃園區中寧里莊一街11號2樓,余沂蓁,2000000,,115/07/03,股東出資轉讓修正章程,F111030 磚、瓦、石建材批發業；F111040 磁磚、貼面石材批發業；F211010 建材零售業；F215020 礦石零售業；E801010 室內裝潢業；E201010 景觀工程業；ZZ99999 除許可業務外，得經營法令非禁止或限制之業務,桃園市,變更,11507
27425000,仕偉建設股份有限公司,桃園市中壢區中正路487巷33號(1樓),徐廣成,91000000,,115/07/13,改選董事/監察人(一人法人股東指派董事/監察人),ZZ99999 除許可業務外，得經營法令非禁止或限制之業務；F111090 建材批發業；H701010 住宅及大樓開發租售業,桃園市,變更,11507
27439763,台灣潔淨能源科技股份有限公司,桃園市新屋區永安里永一路125號,王洪寬,25000000,,115/07/20,一般補正案,CB01010 機械設備製造業；F113100 污染防治設備批發業；F401010 國際貿易業；IG03010 能源技術服務業；ZZ99999 除許可業務外，得經營法令非禁止或限制之業務,桃園市,變更,11507
27442789,豐融精工股份有限公司,桃園市新屋區社子里社子路210號,吳豐戎,150000000,,115/07/21,改選董事/監察人(一人法人股東指派董事/監察人),F113010 機械批發業；F113030 精密儀器批發業；F113050 電腦及事務性機器設備批發業；F401010 國際貿易業；CB01020 事務機器製造業；CC01070 無線通信機械器材製造業；CC01080 電子零組件製造業；CA02030 螺絲、螺帽、螺絲釘、及鉚釘等製品製造業；CB01990 其他機械製造業；CC01110 電腦及其週邊設備製造業,桃園市,變更,11507
27449349,達勝科技股份有限公司,桃園市平鎮區湧豐里工業二路2之6號,孫德崢,400000000,,115/07/22,董事(常務董事.董事長)/監察人解任,CC01080 電子零組件製造業；C801100 合成樹脂及塑膠製造業；C901990 其他非金屬礦物製品製造業；CC01990 其他電機及電子機械器材製造業；F107200 化學原料批發業；F207200 化學原料零售業；F119010 電子材料批發業；F219010 電子材料零售業；F401010 國際貿易業；I102010 投資顧問業,桃園市,變更,11507
27491562,達亞國際股份有限公司,桃園市蘆竹區南山路一段200號,許雅雯,369302880,,115/07/22,發行新股,CQ01010 模具製造業；C805050 工業用塑膠製品製造業；F106030 模具批發業；F206030 模具零售業；F119010 電子材料批發業；F401010 國際貿易業；ZZ99999 除許可業務外，得經營法令非禁止或限制之業務；CF01011 醫療器材製造業；F108031 醫療器材批發業；F208031 醫療器材零售業,桃園市,變更,11507
27496166,弘展雷射有限公司,桃園市蘆竹區坑口里海山路459號,吳足賢,70000000,,115/07/15,公司所營事業變更修正章程,CA01050 鋼材二次加工業；CA02010 金屬結構及建築組件製造業；CA02990 其他金屬製品製造業；H703100 不動產租賃業；H701020 工業廠房開發租售業；CB01010 機械設備製造業；CB01990 其他機械製造業；CB01030 污染防治設備製造業；CA02060 金屬容器製造業；F113010 機械批發業,桃園市,變更,11507
27559859,祥翊製藥股份有限公司,桃園市龍潭區龍園一路255號,吳永連,1696790000,,115/07/13,補選董事(常務董事.董事長)/監察人,IC01010 藥品檢驗業；IG01010 生物技術服務業；F401010 國際貿易業；C802041 西藥製造業；F601010 智慧財產權業；F208021 西藥零售業；F108021 西藥批發業；IG02010 研究發展服務業研究、開發、製造及銷售下列產品：1、505（b）2新藥,桃園市,變更,11507
27589333,東鋐國際股份有限公司,桃園市觀音區樹林里工業三路7號,王榮聰,60000000,,115/07/07,改選董事/監察人(一人法人股東指派董事/監察人),J101030 廢棄物清除業；J101040 廢棄物處理業；J101990 其他環境衛生及污染防治服務業；F119010 電子材料批發業；F106010 五金批發業；F401010 國際貿易業；CA01050 鋼材二次加工業；CA01100 鋁材軋延、伸線、擠型業；F113110 電池批發業；F213110 電池零售業,桃園市,變更,11507
27607395,順福昌藥品有限公司,桃園市八德區永豐路332號,楊宗憲,600000,,115/07/03,公司所營事業變更修正章程,F108021 西藥批發業；F208021 西藥零售業；F208050 乙類成藥零售業；F203010 食品什貨、飲料零售業,桃園市,變更,11507
27624872,聯興鑫多元有限公司,桃園市龍潭區健行路469號1樓,,2000000,,115/07/30,解散,F106010 五金批發業；F106040 水器材料批發業；F111090 建材批發業；F120010 耐火材料批發業；F199010 回收物料批發業；F107010 漆料、塗料批發業；F113100 污染防治設備批發業；F117010 消防安全設備批發業；F105050 家具、寢具、廚房器具、裝設品批發業；F113010 機械批發業,桃園市,變更,11507
27629124,頂億有限公司,桃園市桃園區信光里大連四街26之2號12樓,魏淑梅,1000000,,115/07/29,股東出資轉讓修正章程,EZ07010 鑽孔工程業；EZ08010 測量工程業；EZ06010 交通標示工程業；E599010 配管工程業；EZ99990 其他工程業；J101050 環境檢測服務業；H701010 住宅及大樓開發租售業；ZZ99999 除許可業務外，得經營法令非禁止或限制之業務,桃園市,變更,11507
27638637,鋐鑫電光科技股份有限公司,桃園市楊梅區高上里8鄰高獅路863巷18號,張正興,490000000,,115/07/14,改選董事/監察人(一人法人股東指派董事/監察人),F401010 國際貿易業；F601010 智慧財產權業；CB01010 機械設備製造業；CD01030 汽車及其零件製造業；CD01040 機車及其零件製造業；C901010 陶瓷及陶瓷製品製造業；ZZ99999 除許可業務外，得經營法令非禁止或限制之業務,桃園市,變更,11507
27639185,凱奕科技股份有限公司,桃園市桃園區春日路1492之3號4樓,潘世棟,57761160,,115/07/13,改選董事/監察人(一人法人股東指派董事/監察人),CB01010 機械設備製造業；CC01080 電子零組件製造業；F118010 資訊軟體批發業；F119010 電子材料批發業；F218010 資訊軟體零售業；F219010 電子材料零售業；F401010 國際貿易業；I301010 資訊軟體服務業；I301020 資料處理服務業；I301030 電子資訊供應服務業,桃園市,變更,11507
27646762,程洋生物科技有限公司,桃園市觀音區富林里七賢路125號1樓,黃承洋,5000000,,115/07/06,股東出資轉讓修正章程,A102080 園藝服務業；E402010 沙石、淤泥海拋業；E502010 燃料導管安裝工程業；E599010 配管工程業；E603010 電纜安裝工程業；E603040 消防安全設備安裝工程業；E603050 自動控制設備工程業；E603090 照明設備安裝工程業；E604010 機械安裝業；E605010 電腦設備安裝業,桃園市,變更,11507
27649579,宇釩企業有限公司,桃園市龍潭區凌雲里聖亭路250號,廖國帆,1000000,,115/07/15,一般補正案,ZZ99999 除許可業務外，得經營法令非禁止或限制之業務；F111090 建材批發業；F106040 水器材料批發業；E801020 門窗安裝工程業；E801010 室內裝潢業；E801030 室內輕鋼架工程業；E801040 玻璃安裝工程業；E801070 廚具、衛浴設備安裝工程業；F107030 清潔用品批發業；F113010 機械批發業,桃園市,變更,11507
27651791,協泰人力有限公司,桃園市桃園區忠義里民有三街22號1樓之1,洪海西,4000000,,115/07/07,股東出資轉讓修正章程,IZ12010 人力派遣業；I599990 其他設計業；ZZ99999 除許可業務外，得經營法令非禁止或限制之業務,桃園市,變更,11507
27745783,愛王生活櫥藝有限公司,桃園市楊梅區員本里民生街375巷96弄25號,桑淳淳,10500000,,115/07/15,增資,F205040 家具、寢具、廚房器具、裝設品零售業；F206010 五金零售業；F206020 日常用品零售業；F206030 模具零售業；F206040 水器材料零售業；F213010 電器零售業；F401010 國際貿易業；ZZ99999 除許可業務外，得經營法令非禁止或限制之業務,桃園市,變更,11507
27759694,義洋投資股份有限公司,桃園市大園區領航南路四段207號5樓之1,楊蕙芳,10000000,,115/07/13,補選董事(常務董事.董事長)/監察人,H201010 一般投資業,桃園市,變更,11507
27796380,石繶工業股份有限公司,桃園市蘆竹區南崁路2段142巷8之1號,方金城,31500000,,115/07/31,董事/監察人持股變動報備,ZZ99999 除許可業務外，得經營法令非禁止或限制之業務；C901070 石材製品製造業；C901040 預拌混凝土製造業；F111090 建材批發業；J101030 廢棄物清除業,桃園市,變更,11507
27798129,旭勝機械有限公司,桃園市八德區龍宮街73巷48弄8號(1樓),張景信,1000000,,115/07/23,公司所在地,ZZ99999 除許可業務外，得經營法令非禁止或限制之業務,桃園市,變更,11507
27809646,得易國際貿易股份有限公司,桃園市桃園區莊敬里同德十一街58號8樓之2,吳榮得,25000000,,115/07/30,董事/監察人持股變動報備,F104110 布疋、衣著、鞋、帽、傘、服飾品批發業；F204110 布疋、衣著、鞋、帽、傘、服飾品零售業；F401010 國際貿易業；ZZ99999 除許可業務外，得經營法令非禁止或限制之業務,桃園市,變更,11507
27813748,立暉興業有限公司,桃園市大園區三石里三塊石43之6號,方凱立,8800000,,115/07/31,公司所在地,F199010 回收物料批發業；F199990 其他批發業；F106010 五金批發業；F113990 其他機械器具批發業；F113010 機械批發業；E604010 機械安裝業；F106040 水器材料批發業；F106030 模具批發業；F113020 電器批發業；F113030 精密儀器批發業,桃園市,變更,11507
27817673,醫茂管理顧問股份有限公司,桃園市桃園區大興西路二段76巷1號,沈金翰,28600000,,115/07/14,改選董事/監察人(一人法人股東指派董事/監察人),H703090 不動產買賣業；H703100 不動產租賃業；H703110 老人住宅業；I103060 管理顧問業；JE01010 租賃業；I401010 一般廣告服務業；G202010 停車場經營業；H701010 住宅及大樓開發租售業；IZ12010 人力派遣業除許可業務外，得經營法令非禁止或限制之業務,桃園市,變更,11507
27861473,新文媒體有限公司,桃園市平鎮區雙連里1鄰中央路15號,陳毓秀,8000000,,115/07/16,一般補正案,F101050 水產品批發業；F101070 漁具批發業；F101100 花卉批發業；F101120 觀賞魚批發業；F101130 蔬果批發業；F101990 其他農、畜、水產品批發業；F102020 食用油脂批發業；F102030 菸酒批發業；F102040 飲料批發業；F102050 茶葉批發業,桃園市,變更,11507
27863140,點線麵餐飲股份有限公司,桃園市八德區福德一路237號,謝秀蘭,412000000,,115/07/17,改選董事/監察人(一人法人股東指派董事/監察人),F102020 食用油脂批發業；F102030 菸酒批發業；F102040 飲料批發業；F102170 食品什貨批發業；C199010 麵條、粉條類食品製造業；F401010 國際貿易業；C199040 豆類加工食品製造業；IZ12010 人力派遣業；F101040 家畜家禽批發業；F101050 水產品批發業,桃園市,變更,11507
27887142,金連城企業有限公司,桃園市新屋區田中路125巷11弄9號,陳麗嬌,5000000,,115/07/21,一般補正案,F111090 建材批發業；F211010 建材零售業；F106010 五金批發業；F206010 五金零售業；E901010 油漆工程業；E603100 電焊工程業；E903010 防蝕、防銹工程業；EZ02010 起重工程業；EZ07010 鑽孔工程業；E801010 室內裝潢業,桃園市,變更,11507
27893904,珩全水電有限公司,桃園市桃園區信光里民生路786巷3號,吳瑞斌,520000,,115/07/06,股東出資轉讓修正章程,F206040 水器材料零售業；F106040 水器材料批發業；F217010 消防安全設備零售業；F117010 消防安全設備批發業；F113020 電器批發業；F213010 電器零售業；E599010 配管工程業；E601010 電器承裝業；E601020 電器安裝業；E603040 消防安全設備安裝工程業,桃園市,變更,11507
27901279,維將科技股份有限公司,桃園市八德區豐成街55號,呂靜儒,50000000,,115/07/02,改選董事/監察人(一人法人股東指派董事/監察人),F119010 電子材料批發業；F219010 電子材料零售業；F401010 國際貿易業；ZZ99999 除許可業務外，得經營法令非禁止或限制之業務；F106010 五金批發業；F113050 電腦及事務性機器設備批發業；F113070 電信器材批發業；F118010 資訊軟體批發業；CC01080 電子零組件製造業；CC01110 電腦及其週邊設備製造業,桃園市,變更,11507
27907554,諾冠股份有限公司,桃園市龜山區南上里民生北路一段540號3樓,梁燕LIANG YEM,12155720,,115/07/29,改選董事/監察人(一人法人股東指派董事/監察人),F113990 其他機械器具批發業；ZZ99999 除許可業務外，得經營法令非禁止或限制之業務,桃園市,變更,11507
27908250,永準實業有限公司,桃園市楊梅區瑞原里楊新路二段719、719之1號,高清溪,100000000,,115/07/20,公司所營事業變更修正章程,C301010 紡紗業；C302010 織布業；C303010 不織布業；C399990 其他紡織及製品製造業；CA01070 廢車船解體及廢鋼鐵五金處理業；CF01011 醫療器材製造業；F104110 布疋、衣著、鞋、帽、傘、服飾品批發業；F106020 日常用品批發業；F108031 醫療器材批發業；F113990 其他機械器具批發業,桃園市,變更,11507
28010129,迦能生醫股份有限公司,桃園市蘆竹區興福街6之1號1樓,高宏瑞,10000000,,115/07/15,一般補正案,CB01010 機械設備製造業；CC01080 電子零組件製造業；CE01030 光學儀器製造業；CE01990 其他光學及精密器械製造業；CF01011 醫療器材製造業；E605010 電腦設備安裝業；E701030 電信管制射頻器材裝設工程業；F108031 醫療器材批發業；F113030 精密儀器批發業；F113070 電信器材批發業,桃園市,變更,11507
28020793,欣成車業有限公司,桃園市龍潭區石園路463巷668弄158號,沈志欣,7800000,,115/07/17,公司所營事業變更修正章程,F114020 機車批發業；F114030 汽、機車零件配備批發業；F114050 車胎批發業；F214020 機車零售業；F214030 汽、機車零件配備零售業；F214050 車胎零售業；JA02020 機車修理業；F204110 布疋、衣著、鞋、帽、傘、服飾品零售業；F206010 五金零售業；F213080 機械器具零售業,桃園市,變更,11507
28044514,衣哥實業有限公司,桃園市平鎮區環南路186巷23弄2號、2號二樓、2號三樓、2號四樓、2號五樓,劉光安,4000000,,115/07/20,公司所在地,F104110 布疋、衣著、鞋、帽、傘、服飾品批發業；F105050 家具、寢具、廚房器具、裝設品批發業；F106010 五金批發業；F106020 日常用品批發業；F107190 塑膠膜、袋批發業；F109070 文教、樂器、育樂用品批發業；F204110 布疋、衣著、鞋、帽、傘、服飾品零售業；F205040 家具、寢具、廚房器具、裝設品零售業；F206010 五金零售業；F206020 日常用品零售業,桃園市,變更,11507
28077514,倢鋒科技股份有限公司,桃園市八德區高城七街28號,林竑源,171638990,,115/07/22,一般補正案,CC01020 電線及電纜製造業；CC01080 電子零組件製造業；CC01110 電腦及其週邊設備製造業；CC01990 其他電機及電子機械器材製造業；CD01030 汽車及其零件製造業；CD01040 機車及其零件製造業；CF01011 醫療器材製造業；F108031 醫療器材批發業；F208031 醫療器材零售業；F401010 國際貿易業,桃園市,變更,11507
28087029,世顓有限公司,桃園市八德區建國路52號6樓,吳國川,1000000,,115/07/21,一般補正案,F114030 汽、機車零件配備批發業；ZZ99999 除許可業務外，得經營法令非禁止或限制之業務,桃園市,變更,11507
28091993,宏翰電機有限公司,桃園市桃園區塩庫西街68號,陳惠媛,3000000,,115/07/09,公司所在地,ZZ99999 除許可業務外，得經營法令非禁止或限制之業務；CB01010 機械設備製造業；CC01010 發電、輸電、配電機械製造業；CC01990 其他電機及電子機械器材製造業；E601010 電器承裝業；E603010 電纜安裝工程業；E603020 電梯安裝工程業；E603050 自動控制設備工程業；E603080 交通號誌安裝工程業；E603090 照明設備安裝工程業,桃園市,變更,11507
28100711,凱虹建設股份有限公司,桃園市楊梅區三元街272巷7號(1樓),吳進永,15000000,,115/07/16,改選董事/監察人(一人法人股東指派董事/監察人),E801010 室內裝潢業；F211010 建材零售業；I503010 景觀、室內設計業；JE01010 租賃業；H701010 住宅及大樓開發租售業；ZZ99999 除許可業務外，得經營法令非禁止或限制之業務,桃園市,變更,11507
28110014,寰電實業有限公司,桃園市平鎮區高雙里復旦路三段111巷2號(2樓),江靖聖,3000000,,115/07/29,股東出資轉讓修正章程,CC01080 電子零組件製造業；F119010 電子材料批發業；F219010 電子材料零售業；F401010 國際貿易業；ZZ99999 除許可業務外，得經營法令非禁止或限制之業務,桃園市,變更,11507
28125109,華智系統科技股份有限公司,桃園市龍潭區渴望路616巷16號(1樓),張豐堂,10500000,,115/07/09,改選董事/監察人(一人法人股東指派董事/監察人),I501010 產品設計業；J101050 環境檢測服務業；F601010 智慧財產權業；I301020 資料處理服務業；I301030 電子資訊供應服務業；H201010 一般投資業；I103060 管理顧問業；F401010 國際貿易業；ZZ99999 除許可業務外，得經營法令非禁止或限制之業務,桃園市,變更,11507
28140397,冠竑建設股份有限公司,桃園市桃園區中正路1071號20樓之2,張水田,280900000,,115/07/09,增資(資本總額),H701010 住宅及大樓開發租售業；E801010 室內裝潢業；F113010 機械批發業；F211010 建材零售業；H703100 不動產租賃業；I103060 管理顧問業；ZZ99999 除許可業務外，得經營法令非禁止或限制之業務,桃園市,變更,11507
28142091,歡樂倉儲物流有限公司,桃園市龜山區大崗里樹人路177巷4之1號,譚惠仁,500000,,115/07/28,一般補正案,G801010 倉儲業；IZ06010 理貨包裝業；F109070 文教、樂器、育樂用品批發業；F113010 機械批發業；F213080 機械器具零售業；F401010 國際貿易業；F213110 電池零售業；F113110 電池批發業；EZ02010 起重工程業；ZZ99999 除許可業務外，得經營法令非禁止或限制之業務,桃園市,變更,11507
28149144,築城工程有限公司,桃園市觀音區草新里新生路1715號(1樓),陳家財,600000,,115/07/07,公司所在地,ZZ99999 除許可業務外，得經營法令非禁止或限制之業務,桃園市,變更,11507
28153012,欣理想廣告股份有限公司,桃園市桃園區文中路747號11樓,黃正忠,10000000,,115/07/16,改選董事/監察人(一人法人股東指派董事/監察人),H704031 不動產仲介經紀業；H704041 不動產代銷經紀業；I401010 一般廣告服務業；I401020 廣告傳單分送業；I501010 產品設計業；ZZ99999 除許可業務外，得經營法令非禁止或限制之業務,桃園市,變更,11507
28161189,香擘國際開發股份有限公司,桃園市大園區青峰路二段207號6樓,楊美倫,10000000,,115/07/24,董事長變更,ZZ99999 除許可業務外，得經營法令非禁止或限制之業務,桃園市,變更,11507
28165410,欣茂藥業股份有限公司,桃園市中壢區龍岡路1段259號,劉明智,1000000,,115/07/30,減少所營事業變更修正章程,F102030 菸酒批發業；F102040 飲料批發業；F106020 日常用品批發業；F107030 清潔用品批發業；F107070 動物用藥品批發業；F107080 環境用藥批發業；F108031 醫療器材批發業；F108040 化粧品批發業；F109070 文教、樂器、育樂用品批發業；F208021 西藥零售業,桃園市,變更,11507
28202301,漢航實業有限公司,桃園市中壢區新生路229號(3樓),黃國雄,6500000,,115/07/23,股東出資轉讓修正章程,CC01110 電腦及其週邊設備製造業；CC01030 電器及視聽電子產品製造業；CC01060 有線通信機械器材製造業；CC01070 無線通信機械器材製造業；CC01080 電子零組件製造業；CE01990 其他光學及精密器械製造業；CE01030 光學儀器製造業；CD01030 汽車及其零件製造業；CD01040 機車及其零件製造業；CD01060 航空器及其零件製造業,桃園市,變更,11507
28218351,華航園區股份有限公司,桃園市大園區埔心里16鄰航站南路1號,高星潢,1625089410,,115/07/17,發行新股,H703100 不動產租賃業；G202010 停車場經營業；F401010 國際貿易業；I103060 管理顧問業；G801010 倉儲業；F501060 餐館業；F501030 飲料店業；ZZ99999 除許可業務外，得經營法令非禁止或限制之業務,桃園市,變更,11507
28314071,尚垣精密工業有限公司,桃園市蘆竹區長興路三段229巷17號,林鎂惠,3000000,,115/07/02,公司所在地,ZZ99999 除許可業務外，得經營法令非禁止或限制之業務,桃園市,變更,11507
28332774,冠格科技股份有限公司,桃園市楊梅區梅獅路二段460號,曾富棠,45999360,,115/07/02,改選董事/監察人(一人法人股東指派董事/監察人),C805020 塑膠膜、袋製造業；C805990 其他塑膠製品製造業；F106010 五金批發業；F107190 塑膠膜、袋批發業；ZZ99999 除許可業務外，得經營法令非禁止或限制之業務,桃園市,變更,11507
28348615,恆準精密股份有限公司,桃園市桃園區大連四街33號6樓,胡天懷,4652400,,115/07/15,一般補正案,F113030 精密儀器批發業；F113060 度量衡器批發業；F119010 電子材料批發業；F213040 精密儀器零售業；F213050 度量衡器零售業；F219010 電子材料零售業；F401010 國際貿易業；F401181 度量衡器輸入業；ZZ99999 除許可業務外，得經營法令非禁止或限制之業務；CE01021 度量衡器製造業,桃園市,變更,11507
28361004,遠融國際企業有限公司,桃園市桃園區經國路888號4樓之4,萬富翔,50000000,,115/07/20,公司所營事業變更修正章程,F109070 文教、樂器、育樂用品批發業；F401010 國際貿易業；F102040 飲料批發業；F102050 茶葉批發業；F102170 食品什貨批發業；F105050 家具、寢具、廚房器具、裝設品批發業；F106010 五金批發業；F106020 日常用品批發業；F107030 清潔用品批發業；F107190 塑膠膜、袋批發業,桃園市,變更,11507
28366795,金申金屬有限公司,桃園市大園區北港里大工路46號,廖釩嫻,5000000,,115/07/01,股東出資轉讓修正章程,J101080 資源回收業；F106010 五金批發業；F111090 建材批發業；F199010 回收物料批發業；F199990 其他批發業；F401010 國際貿易業；H201010 一般投資業；H202010 創業投資業；I102010 一般投資顧問業；ZZ99999 除許可業務外，得經營法令非禁止或限制之業務,桃園市,變更,11507
28369815,桓昇工程有限公司,桃園市平鎮區平南里開封街183巷4弄12號,鍾家豪,2000000,,115/07/13,股東出資轉讓修正章程,EZ02010 起重工程業；E801010 室內裝潢業；E801020 門窗安裝工程業；E801030 室內輕鋼架工程業；E801040 玻璃安裝工程業；E901010 油漆工程業；E903010 防蝕、防銹工程業；I401010 一般廣告服務業；F106010 五金批發業；F111090 建材批發業,桃園市,變更,11507
28375582,傑創資訊股份有限公司,桃園市中壢區新街里環北路400號17樓之2,王時朋,5000000,,115/07/16,改選董事/監察人(一人法人股東指派董事/監察人),F118010 資訊軟體批發業；F113050 電腦及事務性機器設備批發業；F119010 電子材料批發業；F113020 電器批發業；F113070 電信器材批發業；F109070 文教、樂器、育樂用品批發業；I301010 資訊軟體服務業；I301020 資料處理服務業；I301030 電子資訊供應服務業；I103060 管理顧問業,桃園市,變更,11507
28378687,立齊企業有限公司,桃園市大園區文興街20巷1號（1樓）,丁國政,1000000,,115/07/28,公司所在地,F111090 建材批發業；F401010 國際貿易業；EZ99990 其他工程業；ZZ99999 除許可業務外，得經營法令非禁止或限制之業務,桃園市,變更,11507
28383865,博士生物科技股份有限公司,桃園市桃園區光興里中山路528號3樓,葉弘遠,50000000,,115/07/27,一般補正案,E599010 配管工程業；E601010 電器承裝業；E601020 電器安裝業；E603090 照明設備安裝工程業；E604010 機械安裝業；E605010 電腦設備安裝業；E701030 電信管制射頻器材裝設工程業；E801010 室內裝潢業；EZ05010 儀器、儀表安裝工程業；EZ09010 靜電防護及消除工程業,桃園市,變更,11507
28385462,萬年投資有限公司,桃園市八德區大仁里桃鶯路南橋巷31弄6號3樓,邱惠錚,72736000,,115/07/27,增資,H201010 一般投資業,桃園市,變更,11507
28387068,竑城營造股份有限公司,桃園市桃園區龍安里國豐六街154號2樓,江支演,47000000,,115/07/02,一般補正案,E101011 綜合營造業；H701010 住宅及大樓開發租售業；H701020 工業廠房開發租售業；H701050 投資興建公共建設業；H701060 新市鎮、新社區開發業；H701070 區段徵收及市地重劃代辦業；H701090 都市更新整建維護業；H702010 建築經理業；H703090 不動產買賣業；H703100 不動產租賃業,桃園市,變更,11507
28395341,竑開企業有限公司,桃園市平鎮區北勢里莒光路27巷7號(1樓),胡靜美,660000,,115/07/24,公司所在地,F106010 五金批發業；F111090 建材批發業；F206010 五金零售業；F211010 建材零售業；E801010 室內裝潢業；E801020 門窗安裝工程業；E801040 玻璃安裝工程業；E599010 配管工程業；E701010 通信工程業；E801030 室內輕鋼架工程業,桃園市,變更,11507
28399727,享展工業有限公司,桃園市中壢區後寮路319號,陳國豪,32000000,,115/07/20,股東出資轉讓修正章程,F199010 回收物料批發業；J101080 資源回收業；J101090 廢棄物清理業；F199990 其他批發業；F106010 五金批發業；F206010 五金零售業；F299990 其他零售業；J101010 建築物清潔服務業；J101020 病媒防治業；J101030 廢棄物清除業,桃園市,變更,11507
28432633,敏盛資產管理股份有限公司,桃園市桃園區三民路三段106號11樓,張長榮,626112760,,115/07/22,改選董事/監察人(一人法人股東指派董事/監察人),F102170 食品什貨批發業；F104110 布疋、衣著、鞋、帽、傘、服飾品批發業；F106020 日常用品批發業；F107030 清潔用品批發業；F108031 醫療器材批發業；F108040 化粧品批發業；F113030 精密儀器批發業；F113990 其他機械器具批發業；F199990 其他批發業；F203010 食品什貨、飲料零售業,桃園市,變更,11507
28459409,鹿寮坑股份有限公司,桃園市龜山區樂善里文禾路188號13樓,鍾享恆,5000000,,115/07/23,改選董事/監察人(一人法人股東指派董事/監察人),I102010 投資顧問業；I103060 管理顧問業；F401010 國際貿易業；ZZ99999 除許可業務外，得經營法令非禁止或限制之業務,桃園市,變更,11507
28508443,縱恆科技股份有限公司,桃園市八德區中華路275巷9號2樓,鄧光祖,2000000,,115/07/06,董事/監察人持股變動報備,CB01010 機械設備製造業；CB01020 事務機器製造業；CC01010 發電、輸電、配電機械製造業；CC01060 有線通信機械器材製造業；CC01070 無線通信機械器材製造業；CC01090 電池製造業；CC01110 電腦及其週邊設備製造業；CC01120 資料儲存媒體製造及複製業；E603050 自動控制設備工程業；E604010 機械安裝業,桃園市,變更,11507
28516324,精茂有限公司,桃園市桃園區龍岡里國強一街220之1號7樓,于海泙,500000,,115/07/01,公司所在地,CA02010 金屬結構及建築組件製造業；CA02990 其他金屬製品製造業；F111090 建材批發業；F211010 建材零售業；F401010 國際貿易業；E801020 門窗安裝工程業；ZZ99999 除許可業務外，得經營法令非禁止或限制之業務,桃園市,變更,11507
28518857,立峰室內空間設計有限公司,桃園市桃園區龍鳳里龍鳳三街65巷36號1樓,許秋玲,1000000,,115/07/24,一般補正案,E801010 室內裝潢業；I503010 景觀、室內設計業；F113020 電器批發業；F105050 家具、寢具、廚房器具、裝設品批發業；E603090 照明設備安裝工程業；E801030 室內輕鋼架工程業；E801040 玻璃安裝工程業；E901010 油漆工程業；ZZ99999 除許可業務外，得經營法令非禁止或限制之業務,桃園市,變更,11507
28522661,上溢機電有限公司,桃園市龜山區文化二路46號2樓之2,曾聖芸,16500000,,115/07/14,股東出資轉讓修正章程,E502010 燃料導管安裝工程業；E599010 配管工程業；E601010 電器承裝業；E601020 電器安裝業；E602011 冷凍空調工程業；E603010 電纜安裝工程業；E603020 電梯安裝工程業；E603040 消防安全設備安裝工程業；E603050 自動控制設備工程業；E603080 交通號誌安裝工程業,桃園市,變更,11507
28528996,路欣工程有限公司,桃園市楊梅區高榮里快速路五段899巷136號,徐翠君,1000000,,115/07/28,股東出資轉讓修正章程,F113010 機械批發業；E604010 機械安裝業；EZ08010 測量工程業；E603120 噴砂工程業；E603050 自動控制設備工程業；JE01010 租賃業；F111090 建材批發業；ZZ99999 除許可業務外，得經營法令非禁止或限制之業務,桃園市,變更,11507
28535125,路有工程有限公司,桃園市楊梅區高山里三陽路370巷13號,姚力丞,1000000,,115/07/27,股東出資轉讓修正章程,J101030 廢棄物清除業；J101080 廢棄物資源回收業；EZ02010 起重工程業；EZ07010 鑽孔工程業；F111090 建材批發業；JE01010 租賃業；F113010 機械批發業；E604010 機械安裝業；B601010 土石採取業；ZZ99999 除許可業務外，得經營法令非禁止或限制之業務,桃園市,變更,11507
28536074,瀚堂實業有限公司,桃園市桃園區經國路231號,陳建誌,1000000,,115/07/09,減資,ZZ99999 除許可業務外，得經營法令非禁止或限制之業務,桃園市,變更,11507
28545019,金球發科技有限公司,桃園市桃園區中信里中山路1000號1樓之1,張書木,14000000,,115/07/17,公司名稱變更修正章程,F209060 文教、樂器、育樂用品零售業；F109070 文教、樂器、育樂用品批發業；F106010 五金批發業；F106020 日常用品批發業；F106040 水器材料批發業；F401010 國際貿易業；E603090 照明設備安裝工程業；EZ11010 球場跑道樹脂材料鋪設工程業；EZ14010 運動場地用設備工程業；EZ05010 儀器、儀表安裝工程業,桃園市,變更,11507
28545593,全聚德興業有限公司,桃園市桃園區民生路403號1樓,王逢蔧,5000000,,115/07/24,董事/股東更名,ZZ99999 除許可業務外，得經營法令非禁止或限制之業務,桃園市,變更,11507
28553306,白金科技股份有限公司,桃園市龜山區科技二路37號,王蕙貞,479925000,,115/07/14,修正章程,C801010 基本化學工業；C801020 石油化工原料製造業；C801030 精密化學材料製造業；C801990 其他化學材料製造業；C901020 玻璃及玻璃製品製造業；CA02990 其他金屬製品製造業；CA03010 熱處理業；CA04010 表面處理業；CC01080 電子零組件製造業；CE01030 光學儀器製造業,桃園市,變更,11507
28556612,永穎科技股份有限公司,桃園市桃園區莊二街260巷13號,呂芳祥,10000000,,115/07/20,改選董事/監察人(一人法人股東指派董事/監察人),F107030 清潔用品批發業；F107170 工業助劑批發業；F107200 化學原料批發業；F107990 其他化學製品批發業；F112040 石油製品批發業；F113010 機械批發業；F113990 其他機械器具批發業；F199990 其他批發業；F401010 國際貿易業；F119010 電子材料批發業,桃園市,變更,11507
28644290,義達工程有限公司,桃園市平鎮區鎮興里新光路四段138號1樓,黃鳳台,4000000,,115/07/16,增資,E401010 疏濬業；E402010 沙石、淤泥海拋業；E501011 自來水管承裝商；E599010 配管工程業；E601010 電器承裝業；E901010 油漆工程業；E903010 防蝕、防銹工程業；H701070 區段徵收及市地重劃代辦業；ZZ99999 除許可業務外，得經營法令非禁止或限制之業務,桃園市,變更,11507
28648351,吉世機械股份有限公司,桃園市大溪區文化路193巷24號1樓,鄭玉華,50000000,,115/07/23,公司所營事業變更修正章程,ZZ99999 除許可業務外，得經營法令非禁止或限制之業務；E502010 燃料導管安裝工程業；E599010 配管工程業；E601020 電器安裝業；E603010 電纜安裝工程業；E603020 電梯安裝工程業；E603040 消防安全設備安裝工程業；E603050 自動控制設備工程業；E603090 照明設備安裝工程業；E603100 電焊工程業,桃園市,變更,11507
28717315,名展電通股份有限公司,桃園市蘆竹區經國路896號9樓,莊鈞翔,20300000,,115/07/21,改選董事/監察人(一人法人股東指派董事/監察人),F113010 機械批發業；F113020 電器批發業；F113030 精密儀器批發業；F113050 電腦及事務性機器設備批發業；F113070 電信器材批發業；F113110 電池批發業；F116010 照相器材批發業；F117010 消防安全設備批發業；F118010 資訊軟體批發業；F119010 電子材料批發業,桃園市,變更,11507
28725048,國聯全日物業管理顧問股份有限公司,桃園市中壢區環北路398號14樓之5,楊居淳,2000000,,115/07/29,改選董事/監察人(一人法人股東指派董事/監察人),I103060 管理顧問業；IZ12010 人力派遣業；J101010 建築物清潔服務業；ZZ99999 除許可業務外，得經營法令非禁止或限制之業務,桃園市,變更,11507
28734341,松達科技有限公司,桃園市中壢區永福里中園路192號9樓之8,巫茂松,25000000,,115/07/23,公司所在地,CC01080 電子零組件製造業；CC01110 電腦及其週邊設備製造業；CC01070 無線通信機械器材製造業；CC01990 其他電機及電子機械器材製造業；F119010 電子材料批發業；F401010 國際貿易業；ZZ99999 除許可業務外，得經營法令非禁止或限制之業務,桃園市,變更,11507
28744777,訊憶科技股份有限公司,桃園市龍潭區中原路二段145號(2樓),璩澤明,199761910,,115/07/03,改選董事/監察人(一人法人股東指派董事/監察人),CC01080 電子零組件製造業；CC01110 電腦及其週邊設備製造業；CC01990 其他電機及電子機械器材製造業；I301010 資訊軟體服務業；I501010 產品設計業；IZ99990 其他工商服務業；F119010 電子材料批發業；F219010 電子材料零售業；F401010 國際貿易業；ZZ99999 除許可業務外，得經營法令非禁止或限制之業務,桃園市,變更,11507
28747140,昇德精密機械股份有限公司,桃園市龜山區兔坑里茶專一街60巷19弄6號3樓,李若禎,8251330,,115/07/02,減少所營事業變更修正章程,F106010 五金批發業；F401010 國際貿易業；H703100 不動產租賃業；ZZ99999 除許可業務外，得經營法令非禁止或限制之業務,桃園市,變更,11507
28767026,吉能科技股份有限公司,桃園市八德區大發里和平路704巷1之2號,管大慶,13000000,,115/07/22,董事/監察人持股變動報備,CB01010 機械設備製造業；CB01030 污染防治設備製造業；C901010 陶瓷及陶瓷製品製造業；E599010 配管工程業；E601010 電器承裝業；E603050 自動控制設備工程業；E604010 機械安裝業；F113010 機械批發業；F113100 污染防治設備批發業；F401010 國際貿易業,桃園市,變更,11507
28795389,國紘科技有限公司,桃園市桃園區中路里益壽一街2之5號,晏瑋澤,25000000,,115/07/17,股東出資轉讓修正章程,F113100 污染防治設備批發業；F119010 電子材料批發業；F401010 國際貿易業；E604010 機械安裝業；I103060 管理顧問業；J101030 廢棄物清除業；J101040 廢棄物處理業；J101050 環境檢測服務業；J101060 廢（污）水處理業；J101080 廢棄物資源回收業,桃園市,變更,11507
28799890,森焱事業有限公司,桃園市八德區大千里永福街168號(1樓),黃昌維,5000000,,115/07/23,公司名稱變更修正章程,F399040 無店面零售業；I301010 資訊軟體服務業；I301020 資料處理服務業；I301030 電子資訊供應服務業；IZ13010 網路認證服務業；I401010 一般廣告服務業；I501010 產品設計業；F401010 國際貿易業；EZ99990 其他工程業；J305010 有聲出版業,桃園市,變更,11507
28800833,瑞紅科技股份有限公司,桃園市蘆竹區錦中里10鄰南崁路一段99號11樓之3,林瑞興,210300000,,115/07/15,改選董事/監察人(一人法人股東指派董事/監察人),F113020 電器批發業；F113030 精密儀器批發業；F113050 電腦及事務性機器設備批發業；F113070 電信器材批發業；F116010 照相器材批發業；F118010 資訊軟體批發業；F119010 電子材料批發業；F401010 國際貿易業；F601010 智慧財產權業；CB01020 事務機器製造業,桃園市,變更,11507
28812599,鈞暘事業有限公司,桃園市八德區建德路243號18樓,郭又維,10000000,,115/07/06,一般補正案,C302010 織布業；C303010 不織布業；C306010 成衣業；C307010 服飾品製造業；F104110 布疋、衣著、鞋、帽、傘、服飾品批發業；F204110 布疋、衣著、鞋、帽、傘、服飾品零售業；F401010 國際貿易業；I401010 一般廣告服務業；I501010 產品設計業；I599990 其他設計業,桃園市,變更,11507
28815857,新中宏科技股份有限公司,桃園市桃園區福安里昆明路270號,林慧明,6000000,,115/07/21,一般補正案,C801060 合成橡膠製造業；C804990 其他橡膠製品製造業；E605010 電腦設備安裝業；E701010 電信工程業；F102030 菸酒批發業；F203020 菸酒零售業；F102040 飲料批發業；F102050 茶葉批發業；F107170 工業助劑批發業；F107200 化學原料批發業,桃園市,變更,11507
28819354,台西第一餐飲有限公司,桃園市蘆竹區長興里南工路一段8之6號,丁珈正,500000,,115/07/29,公司所在地,F501990 其他餐飲業；F101040 家畜家禽批發業；F101050 水產品批發業；F101130 蔬果批發業；F201010 農產品零售業；F201020 畜產品零售業；F201030 水產品零售業；C199030 即食餐食製造業；ZZ99999 除許可業務外，得經營法令非禁止或限制之業務,桃園市,變更,11507
28826382,索士亞科技股份有限公司,桃園市中壢區松江北路2號(1樓),孫建宏,5000000,,115/07/23,公司所在地,F401010 國際貿易業；CC01110 電腦及其週邊設備製造業；CC01080 電子零組件製造業；CC01990 其他電機及電子機械器材製造業；ZZ99999 除許可業務外，得經營法令非禁止或限制之業務；CA02990 其他金屬製品製造業；CB01010 機械設備製造業,桃園市,變更,11507
28835328,目川文化數位股份有限公司,桃園市大園區青山里高鐵南路一段60號,陳世芳,12000000,,115/07/20,改選董事/監察人(一人法人股東指派董事/監察人),I401010 一般廣告服務業；J302010 通訊稿業；J303010 雜誌（期刊）出版業；J301010 報紙業；J304010 圖書出版業；J305010 有聲出版業；IZ10010 排版業；I301010 資訊軟體服務業；I301020 資料處理服務業；I301030 電子資訊供應服務業,桃園市,變更,11507
28847598,楷翰科技股份有限公司,桃園市桃園區縣府路110號4樓之1,許茗修,35000000,,115/07/21,改選董事/監察人(一人法人股東指派董事/監察人),F401010 國際貿易業；F113010 機械批發業；F113020 電器批發業；F113030 精密儀器批發業；F113090 交通標誌器材批發業；F119010 電子材料批發業；CB01010 機械設備製造業；CC01040 照明設備製造業；CC01080 電子零組件製造業；I301010 資訊軟體服務業,桃園市,變更,11507
28880316,享運環保服務股份有限公司,桃園市平鎮區東勢里快速路一段772號,蘇佐榮,100000000,,115/07/08,改選董事/監察人(一人法人股東指派董事/監察人),F199990 其他批發業；F199010 回收物料批發業；J101080 廢棄物資源回收業；J101030 廢棄物清除業；J101040 廢棄物處理業；ZZ99999 除許可業務外，得經營法令非禁止或限制之業務；D101060 再生能源自用發電設備業,桃園市,變更,11507
28898836,峻泓光電股份有限公司,桃園市桃園區桃鶯路437號3樓,林宏聲,93000000,,115/07/09,改選董事/監察人(一人法人股東指派董事/監察人),CC01030 電器及視聽電子產品製造業；CC01080 電子零組件製造業；CC01110 電腦及其週邊設備製造業；CE01010 一般儀器製造業；F113020 電器批發業；F113030 精密儀器批發業；F113050 電腦及事務性機器設備批發業；F119010 電子材料批發業；F213010 電器零售業；F213030 電腦及事務性機器設備零售業,桃園市,變更,11507
28901804,椰子股份有限公司,桃園市大園區橫峰里領航南路四段207號5樓之1,洪聖翔,67000000,,115/07/08,補選董事(常務董事.董事長)/監察人,ZZ99999 除許可業務外，得經營法令非禁止或限制之業務,桃園市,變更,11507
28903388,匯豐保全股份有限公司,桃園市桃園區汴洲里經國一路69號9樓,吳郁涵,40000000,,115/07/08,改選董事/監察人(一人法人股東指派董事/監察人),I901011 保全業,桃園市,變更,11507
28910058,胤展有限公司,桃園市龜山區萬壽路一段161號15樓之3,涂志宏,1000000,,115/07/01,公司印鑑變更,ZZ99999 除許可業務外，得經營法令非禁止或限制之業務,桃園市,變更,11507
28922553,信鼎電子股份有限公司,桃園市中壢區慈惠三街126巷2之1號7樓,謝佳玲,5000000,,115/07/01,改選董事/監察人(一人法人股東指派董事/監察人),F106030 模具批發業；F109070 文教、樂器、育樂用品批發業；F113020 電器批發業；F113050 電腦及事務性機器設備批發業；F113070 電信器材批發業；F116010 照相器材批發業；F118010 資訊軟體批發業；F119010 電子材料批發業；F401010 國際貿易業；ZZ99999 除許可業務外，得經營法令非禁止或限制之業務,桃園市,變更,11507
28926283,奕美塗料科技股份有限公司,桃園市楊梅區永平里永平路523號,柯秀枝,50000000,,115/07/08,修正章程,F107010 漆料、塗料批發業；F107020 染料、顏料批發業；F111090 建材批發業；F401010 國際貿易業；E901010 油漆工程業；E903010 防蝕、防銹工程業；F120010 耐火材料批發業；F107990 其他化學製品批發業；C802200 塗料、油漆、染料及顏料製造業；C901060 耐火材料製造業,桃園市,變更,11507
28927348,新松仁農產加工股份有限公司,桃園市楊梅區楊梅里楊新路84號,許智善,12000000,,115/07/03,改選董事/監察人(一人法人股東指派董事/監察人),A102020 農產品整理業；A102060 糧商業；ZZ99999 除許可業務外，得經營法令非禁止或限制之業務；F201010 農產品零售業,桃園市,變更,11507
28935213,奇點科技股份有限公司,桃園市平鎮區中豐路南勢二段460巷25號4樓,游鳳勤,33000000,,115/07/20,改選董事/監察人(一人法人股東指派董事/監察人),CC01010 發電、輸電、配電機械製造業；CC01040 照明設備製造業；CC01070 無線通信機械器材製造業；CC01080 電子零組件製造業；CC01110 電腦及其週邊設備製造業；CC01990 其他電機及電子機械器材製造業；CD01030 汽車及其零件製造業；CD01040 機車及其零件製造業；CD01050 自行車及其零件製造業；CE01990 其他光學及精密器械製造業,桃園市,變更,11507
28935403,威至科技股份有限公司,桃園市中壢區長春六路17號1樓,游振輝,44500000,,115/07/06,改選董事/監察人(一人法人股東指派董事/監察人),CB01010 機械設備製造業；CB01990 其他機械製造業；CC01080 電子零組件製造業；E604010 機械安裝業；F113030 精密儀器批發業；F113990 其他機械器具批發業；F118010 資訊軟體批發業；F119010 電子材料批發業；F213030 電腦及事務性機器設備零售業；F213990 其他機械器具零售業,桃園市,變更,11507
28951542,萬廚通餐飲管理顧問有限公司,桃園市中壢區新街里環北路400號5樓之2,郭永富,500000,,115/07/01,公司所在地,ZZ99999 除許可業務外，得經營法令非禁止或限制之業務；F501990 其他餐飲業,桃園市,變更,11507
28964928,王廣東投資股份有限公司,桃園市桃園區同安里新埔六街95號5樓,鄭碧華,15000000,,115/07/20,變更組織,H201010 一般投資業,桃園市,變更,11507
28965790,達豐氣體工業股份有限公司,桃園市大園區內海里潮音北路76號,蘇宗仁,60000000,,115/07/17,改選董事/監察人(一人法人股東指派董事/監察人),C801010 基本化學工業；C801020 石油化工原料製造業；CA02060 金屬容器製造業；F107200 化學原料批發業；F113010 機械批發業；F113990 其他機械器具批發業；F401010 國際貿易業；ZZ99999 除許可業務外，得經營法令非禁止或限制之業務；C114010 食品添加物製造業；C199990 未分類其他食品製造業,桃園市,變更,11507
29064452,兆派娛樂科技有限公司,桃園市八德區瑞興里仁德一路128號,王春蘭,5000000,,115/07/09,一般補正案,H703090 不動產買賣業；H703100 不動產租賃業；JE01010 租賃業；JZ99050 仲介服務業；F109070 文教、樂器、育樂用品批發業；F113050 電腦及事務性機器設備批發業；F116010 照相器材批發業；F213030 電腦及事務性機器設備零售業；F216010 照相器材零售業；F399040 無店面零售業,桃園市,變更,11507
29068984,中外古今股份有限公司,桃園市龜山區華亞二路199號,陳樂群,1587031910,,115/07/15,改派董事/監察人,F119010 電子材料批發業；F219010 電子材料零售業；I501010 產品設計業；ZZ99999 除許可業務外，得經營法令非禁止或限制之業務,桃園市,變更,11507
29117958,意康興業股份有限公司,桃園市蘆竹區長興里南崁路二段9號8樓之9,林嘉隆,50000000,,115/07/30,董事/監察人持股變動報備,C301010 紡紗業；C302010 織布業；C303010 不織布業；C306010 成衣業；C307010 服飾品製造業；F104110 布疋、衣著、鞋、帽、傘、服飾品批發業；F401010 國際貿易業；ZZ99999 除許可業務外，得經營法令非禁止或限制之業務,桃園市,變更,11507
29119891,源鼎環能開發科技有限公司,桃園市大溪區仁文里員林路一段3巷19號19樓,彭鴻俊,1000000,,115/07/29,公司所在地,D101060 再生能源自用發電設備業；D401010 熱能供應業；F199010 回收物料批發業；IG03010 能源技術服務業；F106010 五金批發業；F106030 模具批發業；F112030 木炭批發業；F113020 電器批發業；F111090 建材批發業；C501060 木質容器製造業,桃園市,變更,11507
29132070,勤真投資股份有限公司,桃園市龜山區萬壽路一段609號8樓,龔詩哲,20000000,,115/07/24,一般補正案,H201010 一般投資業,桃園市,變更,11507
29136370,華新威企業有限公司,桃園市桃園區同德里中正路1007號(1樓),賴振華,100000,,115/07/13,申登機關變更（遷入，含卷）,H703090 不動產買賣業；H703100 不動產租賃業；H701010 住宅及大樓開發租售業；H701020 工業廠房開發租售業；I102010 投資顧問業；I103060 管理顧問業；I301030 電子資訊供應服務業；I503010 景觀、室內設計業；F104110 布疋、衣著、鞋、帽、傘、服飾品批發業；F105050 家具、寢具、廚房器具、裝設品批發業,桃園市,變更,11507
29144483,百碩國際企業有限公司,桃園市桃園區中成里永安路435號3樓,于國政,1000000,,115/07/16,股東出資轉讓修正章程,E801010 室內裝潢業；E801070 廚具、衛浴設備安裝工程業；F105050 家具、寢具、廚房器具、裝設品批發業；F205040 家具、寢具、廚房器具、裝設品零售業；F111090 建材批發業；F211010 建材零售業；F106010 五金批發業；F206010 五金零售業；E599010 配管工程業；E601010 電器承裝業,桃園市,變更,11507
29515800,三和紙業股份有限公司,桃園市八德區廣德里新興路三和巷52號,傅冠群,180000000,,115/07/22,改選董事/監察人(一人法人股東指派董事/監察人),,桃園市,變更,11507
29726208,賀順企業股份有限公司,桃園市龜山區萬壽路一段540號,李建德,20000000,,115/07/22,改選董事/監察人(一人法人股東指派董事/監察人),CB01010 機械設備製造業；CB01990 其他機械製造業；CC01990 其他電機及電子機械器材製造業；CC01080 電子零組件製造業；CA02990 其他金屬製品製造業；CD01050 自行車及其零件製造業；C805010 塑膠皮、布、板、管材製造業；C805050 工業用塑膠製品製造業；C805990 其他塑膠製品製造業；E604010 機械安裝業,桃園市,變更,11507
30435973,飛宏科技股份有限公司,桃園市龜山區復興三路568號,林中民,4247724160,,115/07/23,改選董事/監察人(一人法人股東指派董事/監察人),CC01010 發電、輸電、配電機械製造業；CC01020 電線及電纜製造業；CC01030 電器及視聽電子產品製造業；CC01060 有線通信機械器材製造業；CC01080 電子零組件製造業；CC01110 電腦及其週邊設備製造業；CC01990 其他電機及電子機械器材製造業；CD01030 汽車及其零件製造業；CD01040 機車及其零件製造業；CE01030 光學儀器製造業,桃園市,變更,11507
30953118,立多祿工業股份有限公司,桃園市楊梅區獅二路8號,陳文添,250000000,,115/07/15,一般補正案,,桃園市,變更,11507
30966795,台灣昭彤實業有限公司,桃園市桃園區清溪一路85號18樓,蕭黃平,10000000,,115/07/09,公司所在地,F201010 農產品零售業；F203010 食品什貨、飲料零售業；F206020 日常用品零售業；F207030 清潔用品零售業；F208040 化粧品零售業；F299990 其他零售業；F401010 國際貿易業；ZZ99999 除許可業務外，得經營法令非禁止或限制之業務,桃園市,變更,11507
31182672,泰赫頂級營造股份有限公司,桃園市中壢區青商路15號,陳昌鉉,110000000,,115/07/31,公司所在地,E101011 綜合營造業；ZZ99999 除許可業務外，得經營法令非禁止或限制之業務,桃園市,變更,11507
31198604,翔工機械股份有限公司,桃園市龜山區舊路里東舊路街171巷1號,趙明飛,60000000,,115/07/07,改選董事/監察人(一人法人股東指派董事/監察人),,桃園市,變更,11507
31200377,力勤精密機械工業股份有限公司,桃園市觀音區八德六街8號4樓,李明修,1680000,,115/07/09,減資,CA01030 鋼鐵鑄造業；CA01090 鋁鑄造業；CA02010 金屬結構及建築組件製造業；CA02060 金屬容器製造業；CA04010 表面處理業；CB01010 機械設備製造業；CB01020 事務機器製造業；CC01110 其他機械製造業；CC01110 電腦及其週邊設備製造業；CQ01010 模具製造業,桃園市,變更,11507
31201170,鶴見製作所股份有限公司,桃園市平鎮區東龍街1191巷118號,洪偉彥,48000000,,115/07/08,改派董事/監察人,CB01010 機械設備製造業；CB01990 其他機械製造業；CC01990 其他電機及電子機械器材製造業；E599010 配管工程業；E603050 自動控制設備工程業；E604010 機械安裝業；EZ99990 其他工程業；F106010 五金批發業；F206010 五金零售業；F106040 水器材料批發業,桃園市,變更,11507
33419961,富鼎盛生技股份有限公司,桃園市平鎮區平南里中豐路南勢二段460巷136號,柳瑞杏,168000000,,115/07/06,改選董事/監察人(一人法人股東指派董事/監察人),C105010 食用油脂製造業；C106010 製粉業；C108010 糖類製造業；C109010 調味品製造業；C110010 飲料製造業；C199990 未分類其他食品製造業；C802100 化粧品製造業；F102020 食用油脂批發業；F102040 飲料批發業；F102170 食品什貨批發業,桃園市,變更,11507
33660853,日茂國際投資股份有限公司,桃園市蘆竹區內厝里1鄰六福路300之4號(一樓),林資智,60000000,,115/07/21,一般補正案,H201010 一般投資業。,桃園市,變更,11507
33693812,穎西工業股份有限公司,桃園市中壢區山東里山坪路1號,李建輝,177100000,,115/07/16,改派董事/監察人,CC01110 電腦及其週邊設備製造業；CD01030 汽車及其零件製造業；CH01040 玩具製造業；F401010 國際貿易業；I103060 管理顧問業；F108031 醫療器材批發業；F208031 醫療器材零售業；CF01011 醫療器材製造業；ZZ99999 除許可業務外，得經營法令非禁止或限制之業務,桃園市,變更,11507
33807619,鐵牛機械股份有限公司,桃園市楊梅區秀才路769巷2之1號1樓,賴哲民,50000000,,115/07/07,董事/監察人持股變動報備,F113010 機械批發業。；E604010 機械安裝業。；CB01010 機械設備製造業。,桃園市,變更,11507
33886753,聯和醫療器材股份有限公司,桃園市龜山區建國東路29號,楊昭儀,20000000,,115/07/20,改派董事/監察人,CF01011 醫療器材製造業；F108031 醫療器材批發業；F208031 醫療器材零售業；C805020 塑膠膜、袋製造業；C805990 其他塑膠製品製造業；F107190 塑膠膜、袋批發業；F207190 塑膠膜、袋零售業；CC01030 電器及視聽電子產品製造業；F113020 電器批發業；F213010 電器零售業,桃園市,變更,11507
34008157,生光化學工業股份有限公司,桃園市中壢區松江北路八號,林展川,37500000,,115/07/08,補選董事(常務董事.董事長)/監察人,,桃園市,變更,11507
34294308,凱藤企業股份有限公司,桃園市楊梅區楊梅里梅高路78號(1樓),蕭芷薆,5000000,,115/07/08,改選董事/監察人(一人法人股東指派董事/監察人),F106010 五金批發業；F111090 建材批發業；F114030 汽、機車零件配備批發業；F214030 汽、機車零件配備零售業；F211010 建材零售業；F206010 五金零售業；F401010 國際貿易業；H201010 一般投資業；F106030 模具批發業；F206030 模具零售業,桃園市,變更,11507
34331227,女王興業有限公司,桃園市龜山區頂湖九街3之1號,梁騰瑜,50000000,,115/07/27,股東出資轉讓修正章程,F105050 家具、寢具、廚房器具、裝設品批發業；F205040 家具、寢具、廚房器具、裝設品零售業；F401010 國際貿易業；I503010 景觀、室內設計業；CN01010 家具及裝設品製造業；ZZ99999 除許可業務外，得經營法令非禁止或限制之業務,桃園市,變更,11507
34352469,鑫隆儀器電熱股份有限公司,桃園市龜山區南上路386巷6號,陳冠宇,6000000,,115/07/02,改選董事/監察人(一人法人股東指派董事/監察人),,桃園市,變更,11507
34523219,元名工業股份有限公司,桃園市龜山區大崗里文化東路81號,蔡宗沛,25000000,,115/07/09,改選董事/監察人(一人法人股東指派董事/監察人),,桃園市,變更,11507
34596401,華震科技股份有限公司,桃園市蘆竹區內溪路62號,黃明祥,416876320,,115/07/03,修正章程,CA02080 金屬鍛造業；CA02040 彈簧製造業；CA04010 表面處理業；CQ01010 模具製造業；C805050 工業用塑膠製品製造業；CD01030 汽車及其零件製造業；CC01110 電腦及其週邊設備製造業；CC01030 電器及視聽電子產品製造業；F401010 國際貿易業；CB01010 機械設備製造業,桃園市,變更,11507
35004869,三申機械工業股份有限公司,桃園市新屋區望間里望間路450號,田人豪,274915600,,115/07/20,一般補正案,CA01050 鋼材二次加工業；CD01030 汽車及其零件製造業；CD01040 機車及其零件製造業；CD01990 其他運輸工具及其零件製造業；CQ01010 模具製造業；F401010 國際貿易業；ZZ99999 除許可業務外，得經營法令非禁止或限制之業務,桃園市,變更,11507
35318411,添進裕機械股份有限公司,桃園市蘆竹區三德街42號,蕭政男,160000000,,115/07/02,董事/監察人持股變動報備,,桃園市,變更,11507
35319185,高力熱處理工業股份有限公司,桃園市中壢區中壢工業區吉林北路5-2號,吳誌雄,933874290,,115/07/21,經理人變更,CA02010 金屬結構及建築組件製造業；CA02090 金屬線製品製造業；CA02990 其他金屬製品製造業；CA03010 熱處理業；CB01010 機械設備製造業；CB01990 其他機械製造業；CC01030 電器及視聽電子產品製造業；CC01990 其他電機及電子機械器材製造業；CD01020 軌道車輛及其零件製造業；CD01060 航空器及其零件製造業,桃園市,變更,11507
35501199,中國精密壓鑄股份有限公司,桃園市中壢區中園路172號1樓,張良如,199000000,,115/07/28,改選董事/監察人(一人法人股東指派董事/監察人),CA01080 鍊鋁業；CA01090 鋁鑄造業；CQ01010 模具製造業；F106010 五金批發業；F106030 模具批發業；F199990 其他批發業；F206010 五金零售業；F206030 模具零售業；F299990 其他零售業；H201010 一般投資業,桃園市,變更,11507
35875366,台灣積層工業股份有限公司,桃園市中壢區新北園路11號,陳界中,360000000,,115/07/16,董事/監察人持股變動報備,I199990 其他顧問服務業（生產技術）有關上項之自營或代理進口業務。有關上項各國廠商委託代理業務。；ZZ99999 除許可業務外，得經營法令非禁止或限制之業務,桃園市,變更,11507
35887882,杉信實業股份有限公司,桃園市桃園區建國東路17號,江慧雯,100000000,,115/07/03,改選董事/監察人(一人法人股東指派董事/監察人),CQ01010 模具製造業；F106030 模具批發業；CE01990 其他光學及精密器械製造業；CC01040 照明設備製造業；C805050 工業用塑膠製品製造業；C805990 其他塑膠製品製造業；CB01010 機械設備製造業；CC01990 其他電機及電子機械器材製造業；CA02990 其他金屬製品製造業；F113010 機械批發業,桃園市,變更,11507
35924015,進典工業股份有限公司,桃園市楊梅區青年路6之1號,范義鑫,333040000,,115/07/15,改選董事/監察人(一人法人股東指派董事/監察人),CA02050 閥類製造業；CA02080 金屬鍛造業；CA02990 其他金屬製品製造業；CB01010 機械設備製造業；F106010 五金批發業；F113010 機械批發業；F113030 精密儀器批發業；F113990 其他機械器具批發業；F213040 精密儀器零售業；F213080 機械器具零售業,桃園市,變更,11507
36085426,鴻佳企業有限公司,桃園市龜山區大同路410巷3弄1號,楊進登,29000000,,115/07/28,減資,,桃園市,變更,11507
36096704,協易機械工業股份有限公司,桃園市龜山區南上路446號,郭雅慧,1784341100,,115/07/24,發行新股,CB01010 機械設備製造業；CB01990 其他機械製造業；I301010 資訊軟體服務業；I599990 其他設計業；ZZ99999 除許可業務外，得經營法令非禁止或限制之業務,桃園市,變更,11507
36192447,鼎揚電子工業股份有限公司,桃園市龜山區自強南路718號,蘇子華,150000000,,115/07/29,董事/監察人持股變動報備,CC01030 電器及視聽電子產品製造業；CC01080 電子零組件製造業；CC01110 電腦及其週邊設備製造業；CR01010 瓦斯器材及其零件製造業；F119010 電子材料批發業；F219010 電子材料零售業；F401010 國際貿易業；ZZ99999 除許可業務外，得經營法令非禁止或限制之業務,桃園市,變更,11507
36253984,暐晟工業股份有限公司,桃園市大園區民生路107號,朱錦榮,92000000,,115/07/30,董事/監察人持股變動報備,,桃園市,變更,11507
36272687,協詠工業有限公司,桃園市龜山區萬壽路一段1245號,陳思含,5000000,,115/07/28,股東出資轉讓修正章程,CC01010 發電、輸電、配電機械製造業；CC01030 電器及視聽電子產品製造業；CC01040 照明設備製造業；CC01060 有線通信機械器材製造業；CC01070 無線通信機械器材製造業；CD01030 汽車及其零件製造業；CD01040 機車及其零件製造業；C805050 工業用塑膠製品製造業；CA02010 金屬結構及建築組件製造業；CB01010 機械設備製造業,桃園市,變更,11507
36319254,宏塑工業股份有限公司,桃園市大園區內海村13鄰民權路7-1號,高新春,716638730,,115/07/30,補繳規費,C805030 塑膠日用品製造業；C805050 工業用塑膠製品製造業；C805060 塑膠皮製品製造業；C805070 強化塑膠製品製造業；C805990 其他塑膠製品製造業；CC01030 電器及視聽電子產品製造業；CC01060 有線通信機械器材製造業；CC01070 無線通信機械器材製造業；CC01080 電子零組件製造業；CC01110 電腦及其週邊設備製造業,桃園市,變更,11507
36543534,富永炭素股份有限公司,桃園市中壢區定寧路5號,幅良弘,14000000,,115/07/03,經理人變更,,桃園市,變更,11507
42561263,高貴實業有限公司,桃園市楊梅區高山里梅高路二段1號,徐嘉伶,10000000,,115/07/02,股東出資轉讓修正章程,ZZ99999 除許可業務外，得經營法令非禁止或限制之業務；J101030 廢棄物清除業；J101040 廢棄物處理業；J101080 資源回收業；JA01020 汽車拖吊業；F114030 汽、機車零件配備批發業；F199010 回收物料批發業；F199990 其他批發業；J101090 廢棄物清理業；J101010 建築物清潔服務業,桃園市,變更,11507
42563537,友邦環保有限公司,桃園市平鎮區陸橋南路79號,劉建麟,10000000,,115/07/14,股東出資轉讓修正章程,A102080 園藝服務業；C804020 工業用橡膠製品製造業；CA01030 鋼鐵鑄造業；CA01050 鋼材二次加工業；CA01070 廢車船解體及廢鋼鐵五金處理業；CA01110 鍊銅業；CA01990 其他非鐵金屬基本工業；CB01010 機械設備製造業；CB01030 污染防治設備製造業；CC01080 電子零組件製造業,桃園市,變更,11507
42566611,元勝建設有限公司,桃園市八德區建國路56號5樓之1,詹智麟,3000000,,115/07/29,公司所在地,H704031 不動產仲介經紀業；H704041 不動產代銷經紀業；H701010 住宅及大樓開發租售業；H701020 工業廠房開發租售業；H703090 不動產買賣業；H703100 不動產租賃業；I102010 投資顧問業；IZ12010 人力派遣業；H701030 殯葬場所開發租售業；H701050 投資興建公共建設業,桃園市,變更,11507
42573633,南僑科技股份有限公司,桃園市龜山區大華里頂湖路9號,陳俊元,2000000,,115/07/06,董事/監察人持股變動報備,H701010 住宅及大樓開發租售業；H701020 工業廠房開發租售業；H701040 特定專業區開發業；H701060 新市鎮、新社區開發業；H703090 不動產買賣業；H703100 不動產租賃業；H703110 老人住宅業；ZZ99999 除許可業務外，得經營法令非禁止或限制之業務,桃園市,變更,11507
42576097,輝龍園藝有限公司,桃園市蘆竹區大竹里大新三街87號（2樓）,李詩龍,6000000,,115/07/09,公司所營事業變更修正章程,A101011 種苗業；A101050 花卉栽培業；A102050 作物栽培服務業；A102080 園藝服務業；A201010 造林業；F101100 花卉批發業；F105050 家具、寢具、廚房器具、裝設品批發業；F106010 五金批發業；F106040 水器材料批發業；F106050 陶瓷玻璃器皿批發業,桃園市,變更,11507
42578551,漢鐘精機股份有限公司,桃園市觀音區工業三路5號,曾文章,558100000,,115/07/09,補繳規費,CB01990 其他機械製造業（限中華民國行業標準分類2932流體傳動設備製造業、2933泵、壓縮機、活栓及活閥製造業、2934 機械傳動設備製造業及2938動力手工具製造業）；F401010 國際貿易業(限所登記營業項目對應之輸出入業)。；IG03010 能源技術服務業（限中華民國行業標準分類7609未分類其他專業、科學及技術服務業中之能源技術服務）,桃園市,變更,11507
42582561,永眾航空貨運承攬有限公司,桃園市桃園區民有里大有路401號11樓,張兆均,5000000,,115/07/09,公司所在地,G799990 其他運輸輔助業；IZ09010 管理系統驗證業；IZ12010 人力派遣業；I199990 其他顧問服務業；I301010 資訊軟體服務業；I301020 資料處理服務業；I301030 電子資訊供應服務業；F401010 國際貿易業；IZ99990 其他工商服務業；JZ99990 未分類其他服務業,桃園市,變更,11507
42582675,鑫笠群工業有限公司,桃園市八德區白鷺里廣福路1182巷65號,王素盡,25000000,,115/07/21,股東出資轉讓修正章程,CB01010 機械設備製造業；CB01990 其他機械製造業；F113010 機械批發業；F113990 其他機械器具批發業；F401010 國際貿易業；I501010 產品設計業；ZZ99999 除許可業務外，得經營法令非禁止或限制之業務,桃園市,變更,11507
42583822,博士聲有限公司,桃園市龍潭區東興里中興路189號1樓,葉劉翊,2500000,,115/07/27,一般補正案,E599010 配管工程業；E601010 電器承裝業；E601020 電器安裝業；E603090 照明設備安裝工程業；E604010 機械安裝業；E605010 電腦設備安裝業；E701030 電信管制射頻器材裝設工程業；E801010 室內裝潢業；EZ05010 儀器、儀表安裝工程業；EZ09010 靜電防護及消除工程業,桃園市,變更,11507
42588880,弘洲事業有限公司,桃園市八德區豐德路358號9樓,江謝酲洲,15000000,,115/07/07,增資,F199010 回收物料批發業；F199990 其他批發業；J101080 資源回收業；F106010 五金批發業；F111090 建材批發業；F113010 機械批發業；J101010 建築物清潔服務業；F115010 首飾及貴金屬批發業；F401010 國際貿易業；J101030 廢棄物清除業,桃園市,變更,11507
42593716,浚成欣業有限公司,桃園市大溪區興和里中正路23巷15弄3號一樓,盧阮智,15000000,,115/07/15,增資,CA04010 表面處理業；CB01010 機械設備製造業；F106010 五金批發業；F113010 機械批發業；F401010 國際貿易業；EZ99990 其他工程業；ZZ99999 除許可業務外，得經營法令非禁止或限制之業務；C805050 工業用塑膠製品製造業；C805990 其他塑膠製品製造業；CA02010 金屬結構及建築組件製造業,桃園市,變更,11507
42593835,斯利孚科技股份有限公司,桃園市八德區大仁里和平路1441巷22弄4衖5號,吳秀娟,5000000,,115/07/21,一般補正案,C805990 其他塑膠製品製造業；CB01010 機械設備製造業；F107190 塑膠膜、袋批發業；F113010 機械批發業；F207190 塑膠膜、袋零售業；F213080 機械器具零售業；F401010 國際貿易業；ZZ99999 除許可業務外，得經營法令非禁止或限制之業務；C805050 工業用塑膠製品製造業；CB01990 其他機械製造業,桃園市,變更,11507
42597380,福利川菜餐廳股份有限公司,桃園市桃園區同德十一街58號11樓之2,陳林雋,38760000,,115/07/21,公司所在地,I103060 管理顧問業；ZZ99999 除許可業務外，得經營法令非禁止或限制之業務,桃園市,變更,11507
42605403,浩瀚企業有限公司,桃園市大園區致成路41巷10號(1樓),江文宏,20000000,,115/07/03,增資,E599010 配管工程業；E601020 電器安裝業；E603040 消防安全設備安裝工程業；E603050 自動控制設備工程業；E603090 照明設備安裝工程業；E801070 廚具、衛浴設備安裝工程業；EZ99990 其他工程業；F106040 水器材料批發業；F113020 電器批發業；F117010 消防安全設備批發業,桃園市,變更,11507
42606304,和欣精密壓鑄有限公司,桃園市桃園區雲林里昆明路46號1樓,陳振裕,5000000,,115/07/08,股東出資轉讓修正章程,CA01050 鋼材二次加工業；CA02030 螺絲、螺帽、螺絲釘、及鉚釘等製品製造業；CA02990 其他金屬製品製造業；CB01010 機械設備製造業；CB01990 其他機械製造業；CD01030 汽車及其零件製造業；CQ01010 模具製造業；F106010 五金批發業；F106030 模具批發業；F113010 機械批發業,桃園市,變更,11507
42607606,冠雄物流有限公司,桃園市觀音區草漯里富平街58號(1樓),卓冠廷,3000000,,115/07/01,減少所營事業變更修正章程,F114010 汽車批發業；F214010 汽車零售業；F401010 國際貿易業；G799990 其他運輸輔助業；I301020 資料處理服務業；I301030 電子資訊供應服務業；IZ12010 人力派遣業；IZ99990 其他工商服務業；JA01010 汽車修理業；EZ02010 起重工程業,桃園市,變更,11507
42608598,韓美半導體股份有限公司,桃園市蘆竹區經國路890號11樓,吳榮朱,38000000,,115/07/14,董事/監察人證照變更,F213080 機械器具零售業；F113010 機械批發業；F219010 電子材料零售業；F119010 電子材料批發業；E604010 機械安裝業；E605010 電腦設備安裝業；JE01010 租賃業；F213040 精密儀器零售業；F113030 精密儀器批發業；F401010 國際貿易業,桃園市,變更,11507
42746797,依凡堤有限公司,桃園市中壢區中平路75號(2樓),蕭凱中,100000,,115/07/29,修正章程,ZZ99999 除許可業務外，得經營法令非禁止或限制之業務；F208040 化粧品零售業；F208050 乙類成藥零售業；F209060 文教、樂器、育樂用品零售業；F221010 食品添加物零售業；F401010 國際貿易業；F102170 食品什貨批發業；F104110 布疋、衣著、鞋、帽、傘、服飾品批發業；F108040 化粧品批發業；F109070 文教、樂器、育樂用品批發業,桃園市,變更,11507
42746918,僑特有限公司,桃園市平鎮區平安里南昌街25巷9號(1樓),魏譯宏,5000000,,115/07/31,公司所在地,I102010 投資顧問業；I103060 管理顧問業；F114010 汽車批發業；F114020 機車批發業；F214010 汽車零售業；F214020 機車零售業；H703090 不動產買賣業；H703100 不動產租賃業；HZ02020 辦理金融機構金錢債權之評價或拍賣業務；JD01010 工商徵信服務業,桃園市,變更,11507
42750406,榕泰特勤保全股份有限公司,桃園市桃園區中成里慈文路635巷29號（1樓）,張家榕,40000000,,115/07/13,改選董事/監察人(一人法人股東指派董事/監察人),I901011 保全業,桃園市,變更,11507
42754064,信宏半導體材料有限公司,桃園市八德區大湳里和平路323號,吳健民,6000000,,115/07/09,增資,F113990 其他機械器具批發業；F119010 電子材料批發業；F113050 電腦及事務性機器設備批發業；F106010 五金批發業；F113030 精密儀器批發業；C501060 木質容器製造業；C501990 其他木製品製造業；G801010 倉儲業；E801030 室內輕鋼架工程業；G799990 其他運輸輔助業,桃園市,變更,11507
42754249,先鋒運輸股份有限公司,桃園市楊梅區永平里永美路470號,鄭榮勲,30000000,,115/07/23,改選董事/監察人(一人法人股東指派董事/監察人),G101081 汽車貨櫃貨運業；JE01010 租賃業；ZZ99999 除許可業務外，得經營法令非禁止或限制之業務,桃園市,變更,11507
42757604,榕泰公寓大廈管理維護股份有限公司,桃園市中壢區山東里山坡路522號(1樓),張家榕,10000000,,115/07/01,改選董事/監察人(一人法人股東指派董事/監察人),I102010 一般投資顧問業；I103060 管理顧問業；I301010 資訊軟體服務業；IF01010 消防安全設備檢修業；IZ12010 人力派遣業；IZ13010 網路認證服務業；H701010 住宅及大樓開發租售業；H701020 工業廠房開發租售業；H701050 投資興建公共建設業；H703090 不動產買賣業,桃園市,變更,11507
42759482,福格工程有限公司,桃園市蘆竹區福祿里五福六路90號6樓,陳瑞昇,8000000,,115/07/31,股東出資轉讓修正章程,E103091 庭園、景觀工程專業營造業；A102080 園藝服務業；F101100 花卉批發業；F106050 陶瓷玻璃器皿批發業；F401010 國際貿易業；EZ02010 起重工程業；I503010 景觀、室內設計業；F101081 種苗批發業；A102050 作物栽培服務業；F201061 種苗零售業,桃園市,變更,11507
42760100,景祥鋼鐵有限公司,桃園市中壢區明德里環中東路二段508號,陳逸墉,5000000,,115/07/17,公司所在地,CA01050 鋼材二次加工業；F106010 五金批發業；F111090 建材批發業；F206010 五金零售業；F211010 建材零售業；F401010 國際貿易業；ZZ99999 除許可業務外，得經營法令非禁止或限制之業務,桃園市,變更,11507
42761522,禾蘴機械股份有限公司,桃園市新屋區社子里社子路252巷220號,周采螢,30000000,,115/07/15,改選董事/監察人(一人法人股東指派董事/監察人),C801100 合成樹脂及塑膠製造業；CA02990 其他金屬製品製造業；CB01010 機械設備製造業；CQ01010 模具製造業；E603050 自動控制設備工程業；F106010 五金批發業；F113010 機械批發業；F106030 模具批發業；F107190 塑膠膜、袋批發業；F206010 五金零售業,桃園市,變更,11507
42766511,曜洋國際有限公司,桃園市桃園區春日路1434巷123號3樓,廖思源,36000000,,115/07/29,一般補正案,C306010 成衣業；C307010 服飾品製造業；CB01010 機械設備製造業；F102170 食品什貨批發業；F104110 布疋、衣著、鞋、帽、傘、服飾品批發業；F113010 機械批發業；F113990 其他機械器具批發業；F401010 國際貿易業；F501990 其他餐飲業；I102010 一般投資顧問業,桃園市,變更,11507
42767384,達穎股份有限公司,桃園市中壢區明德里吉長二街145號,吳肇喜,29000000,,115/07/22,改選董事/監察人(一人法人股東指派董事/監察人),H201010 一般投資業；ZZ99999 除許可業務外，得經營法令非禁止或限制之業務,桃園市,變更,11507
42768399,勁連有限公司,桃園市平鎮區高雙里長安路3巷31號1樓,戴秉竑,2000000,,115/07/02,股東出資轉讓修正章程,F101130 蔬果批發業；F102170 食品什貨批發業；F201010 農產品零售業；F203010 食品什貨、飲料零售業；F399040 無店面零售業；F401010 國際貿易業；G202010 停車場經營業；I103060 管理顧問業；IZ06010 理貨包裝業；IZ12010 人力派遣業,桃園市,變更,11507
42770888,絲圖科技有限公司,桃園市中壢區新街里延平路261號9樓,黄啓賓,1600000,,115/07/06,一般補正案,F108040 化粧品批發業；F113050 電腦及事務性機器設備批發業；F199990 其他批發業；F208040 化粧品零售業；F213030 電腦及事務性機器設備零售業；F399040 無店面零售業；F399990 其他綜合零售業；F401010 國際貿易業；ZZ99999 除許可業務外，得經營法令非禁止或限制之業務；JA02010 電器及電子產品修理業,桃園市,變更,11507
42772345,海達股份有限公司,桃園市桃園區中成里溫州一路296號20樓,鍾素貞,50700000,,115/07/14,一般補正案,H201010 一般投資業；H701010 住宅及大樓開發租售業；H701020 工業廠房開發租售業；H701050 投資興建公共建設業；H701060 新市鎮、新社區開發業；H703090 不動產買賣業；H703100 不動產租賃業；ZZ99999 除許可業務外，得經營法令非禁止或限制之業務,桃園市,變更,11507
42777685,奇展光電有限公司,桃園市中壢區五權里正光三街21號,涂證則,1000000,,115/07/15,公司所在地,I301010 資訊軟體服務業；I301020 資料處理服務業；I301030 電子資訊供應服務業；I401010 一般廣告服務業；F113020 電器批發業；F118010 資訊軟體批發業；F119010 電子材料批發業；F401010 國際貿易業；E601010 電器承裝業；E601020 電器安裝業,桃園市,變更,11507
42778657,牧容貿易有限公司,桃園市中壢區中華路一段302號,高子淵,9380000,,115/07/06,一般補正案,F104110 布疋、衣著、鞋、帽、傘、服飾品批發業；F106020 日常用品批發業；F108040 化粧品批發業；F109070 文教、樂器、育樂用品批發業；F204110 布疋、衣著、鞋、帽、傘、服飾品零售業；F206020 日常用品零售業；F208040 化粧品零售業；F209060 文教、樂器、育樂用品零售業；F399040 無店面零售業；F399990 其他綜合零售業,桃園市,變更,11507
42821900,穎台科技股份有限公司,桃園市平鎮區湧豐里工業五路12號,王志鴻,1095000000,,115/07/21,董事/監察人持股變動報備,CC01080 電子零組件製造業；F107010 漆料、塗料批發業；F107200 化學原料批發業；C805010 塑膠皮、布、板、管材製造業；C805030 塑膠日用品製造業；F119010 電子材料批發業；F219010 電子材料零售業；F401010 國際貿易業；ZZ99999 除許可業務外，得經營法令非禁止或限制之業務,桃園市,變更,11507
43004527,三和工業股份有限公司,桃園市桃園區西埔里永安路1279號,羅財浩,150000000,,115/07/03,修正章程,CD01030 汽車及其零件製造業；C804020 工業用橡膠製品製造業；C804990 其他橡膠製品製造業；CQ01010 模具製造業；CD01040 機車及其零件製造業；F401010 國際貿易業；ZZ99999 除許可業務外，得經營法令非禁止或限制之業務,桃園市,變更,11507
43147546,欣桃天然氣股份有限公司,桃園市桃園區法治路10號1-6樓,房茂宏,1828449170,,115/07/03,改選董事/監察人(一人法人股東指派董事/監察人),CR01010 瓦斯器材及其零件製造業；D201011 公用天然氣事業；E502010 燃料導管安裝工程業；E603130 燃氣熱水器承裝業；E801070 廚具、衛浴設備安裝工程業；F105050 家具、寢具、廚房器具、裝設品批發業；F113010 機械批發業；F113060 度量衡器批發業；F117010 消防安全設備批發業；F205040 家具、寢具、廚房器具、裝設品零售業,桃園市,變更,11507
43245899,泰成機械股份有限公司,桃園市大園區橫峰里中山南路二段168號,趙國隆,173700000,,115/07/07,一般補正案,CA01050 鋼材二次加工業；CA02010 金屬結構及建築組件製造業；CB01010 機械設備製造業；E599010 配管工程業；E604010 機械安裝業；F401010 國際貿易業；ZZ99999 除許可業務外，得經營法令非禁止或限制之業務；CF01011 醫療器材製造業,桃園市,變更,11507
43409344,慶優工業股份有限公司,桃園市八德區瑞泰里12鄰介壽路二段726號,張英升,120000000,,115/07/06,一般補正案,CB01010 機械設備製造業,桃園市,變更,11507
43411453,嘉成建材工業股份有限公司,桃園市楊梅區高榮里3鄰梅高路二段668巷68號,來憶德,52000000,,115/07/01,改選董事/監察人(一人法人股東指派董事/監察人),CA02060 金屬容器製造業；CA02990 其他金屬製品製造業；D101060 再生能源自用發電設備業；F106010 五金批發業；F206010 五金零售業；F401010 國際貿易業；ZZ99999 除許可業務外，得經營法令非禁止或限制之業務,桃園市,變更,11507
43430281,臺灣特殊金屬網股份有限公司,桃園市八德區廣德里新興路121號,王勝則,150000000,,115/07/08,改選董事/監察人(一人法人股東指派董事/監察人),,桃園市,變更,11507
43652163,嘉山鋼鐵工業股份有限公司,桃園市龜山區東舊路街169號,盧君豪,286000000,,115/07/27,改選董事/監察人(一人法人股東指派董事/監察人),CA01020 鋼鐵軋延及擠型業；CA01030 鋼鐵鑄造業；CA01050 鋼材二次加工業；CA01070 廢車船解體及廢鋼鐵五金處理業；F401010 國際貿易業；H701010 住宅及大樓開發租售業；H701020 工業廠房開發租售業；H701040 特定專業區開發業；H701050 投資興建公共建設業；H701060 新市鎮、新社區開發業,桃園市,變更,11507
43737732,寶燕彩藝股份有限公司,桃園市龜山區文化里頂湖一街53號,黃振嘉,590000000,,115/07/03,改選董事/監察人(一人法人股東指派董事/監察人),C601040 加工紙製造業；C801020 石油化工原料製造業；C805020 塑膠膜、袋製造業；C805990 其他塑膠製品製造業；F107990 其他化學製品批發業；F113010 機械批發業；F113990 其他機械器具批發業；F207190 塑膠膜、袋零售業；F207200 化學原料零售業；F207990 其他化學製品零售業,桃園市,變更,11507
43794135,源裕機械有限公司,桃園市桃園區中興里民安路1號8樓之6,陳志明,8500000,,115/07/17,公司所營事業變更修正章程,CA01050 鋼材二次加工業；CA01990 其他非鐵金屬基本工業；CB01990 其他機械製造業；E599010 配管工程業；H703100 不動產租賃業；G202010 停車場經營業；ZZ99999 除許可業務外，得經營法令非禁止或限制之業務,桃園市,變更,11507
43794254,華志營造股份有限公司,桃園市中壢區環中東路二段616號3樓,李松國,350000000,,115/07/28,一般補正案,E101011 綜合營造業；F113100 污染防治設備批發業；F117010 消防安全設備批發業；F401010 國際貿易業；J101990 其他環境衛生及污染防治服務業；ZZ99999 除許可業務外，得經營法令非禁止或限制之業務,桃園市,變更,11507
43825165,國信窯業股份有限公司,桃園市大溪區南興里仁和路二段61巷27號,林義賢,261851690,,115/07/13,發行新股,C901010 陶瓷及陶瓷製品製造業；F211010 建材零售業；F111090 建材批發業；F401010 國際貿易業；ZZ99999 除許可業務外，得經營法令非禁止或限制之業務,桃園市,變更,11507
43857686,頂人工業股份有限公司,桃園市龜山區兔子坑海萍路16巷4號,楊順興,10000000,,115/07/13,改選董事/監察人(一人法人股東指派董事/監察人),,桃園市,變更,11507
43861247,金記飼料工廠股份有限公司,桃園市桃園區永興里和平路127號,黃錦記,3000000,,115/07/13,改選董事/監察人(一人法人股東指派董事/監察人),F103010 飼料批發業；F202010 飼料零售業；C201010 飼料製造業；F401010 國際貿易業；ZZ99999 除許可業務外，得經營法令非禁止或限制之業務,桃園市,變更,11507
43881399,寰禹企業有限公司,桃園市中壢區中央西路二段30號15樓之4,駱錦勝,3000000,,115/07/24,申登機關變更（遷入，含卷）,CC01030 電器及視聽電子產品製造業；CC01990 其他電機及電子機械器材製造業；CH01020 樂器製造業；F109070 文教、樂器、育樂用品批發業；F113020 電器批發業；F209060 文教、樂器、育樂用品零售業；F213010 電器零售業；F401010 國際貿易業；H201010 一般投資業；I102010 一般投資顧問業,桃園市,變更,11507
43883447,衣美整所有限公司,桃園市桃園區寶安里南平路460號,李嘉峰,3000000,,115/07/09,復業副本,F207030 清潔用品零售業；F107030 清潔用品批發業；JA03010 洗衣業；F213010 電器零售業；F113020 電器批發業；F107020 染料、顏料批發業；F207190 塑膠膜、袋零售業；F107190 塑膠膜、袋批發業；F401010 國際貿易業；I102010 一般投資顧問業,桃園市,變更,11507
43891262,助泉水電工程有限公司,桃園市桃園區三民路二段205號2樓,,7000000,,115/07/21,一般補正案,,桃園市,變更,11507
43916427,羿門企業股份有限公司,桃園市八德區大信里大興路1041號,林玟鏸,5000000,,115/07/01,改選董事/監察人(一人法人股東指派董事/監察人),,桃園市,變更,11507
43934255,觀興實業股份有限公司,桃園市大園區大園里中山北路8號,呂楊滿,1200000,,115/07/01,改選董事/監察人(一人法人股東指派董事/監察人),,桃園市,變更,11507
43938484,大量科技股份有限公司,桃園市八德區瑞豐里豐田路68號,王作京,895134910,,115/07/07,一般補正案,CC01110 電腦及其週邊設備製造業；CC01010 發電、輸電、配電機械製造業；CB01010 機械設備製造業；CQ01010 模具製造業；F601010 智慧財產權業；H202010 創業投資業；I103060 管理顧問業；JE01010 租賃業；ZZ99999 除許可業務外，得經營法令非禁止或限制之業務,桃園市,變更,11507
44025015,聚川企業股份有限公司,桃園市桃園區中山路904巷46之1號,江仁傑,47100000,,115/07/16,一般補正案,A102060 糧商業；C103050 罐頭、冷凍、脫水及醃漬食品製造業；C302010 織布業；C303010 不織布業；C401030 皮革、毛皮整製業；CA01050 鋼材二次加工業；CA01090 鋁鑄造業；CA01990 其他非鐵金屬基本工業；CA02010 金屬結構及建築組件製造業；CA03010 熱處理業,桃園市,變更,11507
44549792,台灣瀧澤科技股份有限公司,桃園市平鎮區宋屋里九鄰延平路3段505號,松田哲,724562460,,115/07/16,補選董事(常務董事.董事長)/監察人,CB01010 機械設備製造業；CC01990 其他電機及電子機械器材製造業（半導體機械、ＰＣＢ鑽孔機製造）；CD01060 航空器及其零件製造業；ZZ99999 除許可業務外，得經營法令非禁止或限制之業務,桃園市,變更,11507
44955117,憶聲電子股份有限公司,桃園市中壢區永福里中園路198號,彭君平,2771574960,,115/07/15,補繳規費,C399990 其他紡織及製品製造業；C802100 化粧品製造業；CB01020 事務機器製造業；CC01030 電器及視聽電子產品製造業；CC01060 有線通信機械器材製造業；CC01070 無線通信機械器材製造業；CC01080 電子零組件製造業；CC01100 電信管制射頻器材製造業；CC01110 電腦及其週邊設備製造業；CE01030 光學儀器製造業,桃園市,變更,11507
44971279,中傳企業股份有限公司,桃園市龍潭區烏林里工二路131號,高興廷,9000000,,115/07/15,一般補正案,CA01120 銅鑄造業；CA01150 鎂鑄造業；CA01090 鋁鑄造業；CA01990 其他非鐵金屬基本工業；CA02080 金屬鍛造業；CA02090 金屬線製品製造業；CA01050 鋼材二次加工業；CA01130 銅材軋延、伸線、擠型業；CA02990 其他金屬製品製造業；CA03010 熱處理業,桃園市,變更,11507
44990971,瑩展企業有限公司,桃園市中壢區內定二十街175巷41號,莊才駿,5000000,,115/07/17,股東出資轉讓修正章程,CC01080 電子零組件製造業；CB01010 機械設備製造業；CA02990 其他金屬製品製造業；F106010 五金批發業；F113010 機械批發業；F119010 電子材料批發業；I501010 產品設計業；I599990 其他設計業；F401010 國際貿易業；I301030 電子資訊供應服務業,桃園市,變更,11507
45016506,欣明煤氣有限公司,桃園市中壢區龍昌里龍昌路324巷81號(1樓),游象樹,1500000,,115/07/23,一般補正案,,桃園市,變更,11507
45049289,禾紀科技有限公司,桃園市中壢區復華九街108號4樓,,100000,,115/07/07,解散,E603050 自動控制設備工程業；E604010 機械安裝業；E605010 電腦設備安裝業；EZ99990 其他工程業；F401010 國際貿易業；ZZ99999 除許可業務外，得經營法令非禁止或限制之業務,桃園市,變更,11507
45049443,勝宥勝國際貿易有限公司,桃園市桃園區中山路777號1樓之5,温思盛,500000,,115/07/06,公司所在地,F214010 汽車零售業；F114010 汽車批發業；F214030 汽、機車零件配備零售業；F114030 汽、機車零件配備批發業；F114050 車胎批發業；F214050 車胎零售業；I401010 一般廣告服務業；I401020 廣告傳單分送業；JA01990 其他汽車服務業；JE01010 租賃業,桃園市,變更,11507
45066667,伊晴有限公司,桃園市中壢區中正路24號2樓,蕭榮利,100000,,115/07/29,修正章程,ZZ99999 除許可業務外，得經營法令非禁止或限制之業務；F108040 化粧品批發業；F109070 文教、樂器、育樂用品批發業；F203010 食品什貨、飲料零售業；F204110 布疋、衣著、鞋、帽、傘、服飾品零售業；F207030 清潔用品零售業；F208040 化粧品零售業；F208050 乙類成藥零售業；F209060 文教、樂器、育樂用品零售業；F299010 成人用品零售業,桃園市,變更,11507
45069762,正大染整廠股份有限公司,桃園市八德區廣福路770巷38號,葉美玉,26000000,,115/07/08,改選董事/監察人(一人法人股東指派董事/監察人),C305010 印染整理業；H703100 不動產租賃業；ZZ99999 除許可業務外，得經營法令非禁止或限制之業務,桃園市,變更,11507
45074483,櫻軒庄國際企業有限公司,桃園市中壢區國泰街105號(1樓),黃雅敏,5000000,,115/07/01,公司所在地,A102060 糧商業；F101130 蔬果批發業；F102170 食品什貨批發業；F401010 國際貿易業；IZ06010 理貨包裝業；F106010 五金批發業；F206010 五金零售業；F113020 電器批發業；F213010 電器零售業；F113010 機械批發業,桃園市,變更,11507
45091997,兆陽智慧科技股份有限公司,桃園市蘆竹區長興里長榮路165號,蔡易潔,105500,,115/07/29,一般補正案,H201010 一般投資業；ZZ99999 除許可業務外，得經營法令非禁止或限制之業務,桃園市,變更,11507
45100813,盛盟營造有限公司,桃園市觀音區觀音里仁愛路74號,廖翊鈞,6000000,,115/07/06,股東出資轉讓修正章程,E101011 綜合營造業；ZZ99999 除許可業務外，得經營法令非禁止或限制之業務,桃園市,變更,11507
45101691,全旺電實業股份有限公司,桃園市龍潭區黃唐里中興路578號(1樓),熊宗德,2000000,,115/07/07,修正章程,E599010 配管工程業；E601010 電器承裝業；E601020 電器安裝業；E603010 電纜安裝工程業；E603090 照明設備安裝工程業；E701030 電信管制射頻器材裝設工程業；EZ05010 儀器、儀表安裝工程業；F111090 建材批發業；F113020 電器批發業；F113050 電腦及事務性機器設備批發業,桃園市,變更,11507
45102586,合景室內裝修有限公司,桃園市桃園區中成里永安路403巷20號8樓,楊志誠,3000000,,115/07/07,公司名稱變更修正章程,F118010 資訊軟體批發業；I301010 資訊軟體服務業；F109070 文教、樂器、育樂用品批發業；E601010 電器承裝業；E601020 電器安裝業；E605010 電腦設備安裝業；E701010 電信工程業；E801010 室內裝潢業；E801020 門窗安裝工程業；F113020 電器批發業,桃園市,變更,11507
45105660,岑維有限公司,桃園市桃園區萬壽里安東街8號,楊俊維,31000000,,115/07/03,減少所營事業變更修正章程,F203010 食品什貨、飲料零售業；G202010 停車場經營業；H201010 一般投資業；H703090 不動產買賣業；H703100 不動產租賃業；I503010 景觀、室內設計業；J901020 一般旅館業；JZ99990 未分類其他服務業；ZZ99999 除許可業務外，得經營法令非禁止或限制之業務,桃園市,變更,11507
45115175,統和農場股份有限公司,桃園市新屋區後庄里後庄五路827號,陳貴美,30000000,,115/07/24,一般補正案,F101130 蔬果批發業；F201010 農產品零售業；A101020 農作物栽培業；A102020 農產品整理業；A101030 特用作物栽培業；A101040 食用菌菇類栽培業；A102050 作物栽培服務業；A102060 糧商業；F101990 其他農、畜、水產品批發業；F107050 肥料批發業,桃園市,變更,11507
45117477,誠海有限公司,桃園市龜山區福源里福源街72巷1號4樓,許翼鴻,200000,,115/07/16,一般補正案,F204110 布疋、衣著、鞋、帽、傘、服飾品零售業；F205040 家具、寢具、廚房器具、裝設品零售業；F206020 日常用品零售業；F213010 電器零售業；F213030 電腦及事務性機器設備零售業；F213060 電信器材零售業；F214040 自行車及其零件零售業；F214990 其他交通運輸工具及其零件零售業；F399040 無店面零售業；F401010 國際貿易業,桃園市,變更,11507
45117693,王榮事業有限公司,桃園市平鎮區延平路二段306號7樓之2,古桂榮,50000,,115/07/20,公司所在地,F108040 化粧品批發業；F104110 布疋、衣著、鞋、帽、傘、服飾品批發業；F105050 家具、寢具、廚房器具、裝設品批發業；F102020 食用油脂批發業；F102170 食品什貨批發業；F107030 清潔用品批發業；F110020 眼鏡批發業；F115010 首飾及貴金屬批發業；ZZ99999 除許可業務外，得經營法令非禁止或限制之業務,桃園市,變更,11507
45163295,新復興微波通訊股份有限公司,桃園市新屋區望間里10鄰15間45號,張永輝,933568640,,115/07/07,改選董事/監察人(一人法人股東指派董事/監察人),CC01080 電子零組件製造業；E701010 通信工程業；F113070 電信器材批發業；F119010 電子材料批發業；F213060 電信器材零售業；F219010 電子材料零售業；ZZ99999 除許可業務外，得經營法令非禁止或限制之業務,桃園市,變更,11507
45195347,巨成股份有限公司,桃園市觀音區中山路二段993號,徐增清,2000000,,115/07/29,董事/監察人持股變動報備,,桃園市,變更,11507
45913706,台灣耐落股份有限公司,桃園市楊梅區高山里高獅路305號,林燦宇,583319660,,115/07/13,一般補正案,CA02030 螺絲、螺帽、螺絲釘、及鉚釘等製品製造業；CB01010 機械設備製造業；CC01080 電子零組件製造業；F106010 五金批發業；F113010 機械批發業；F119010 電子材料批發業；F107170 工業助劑批發業；F401010 國際貿易業；ZZ99999 除許可業務外，得經營法令非禁止或限制之業務,桃園市,變更,11507
47086886,翔崴整合行銷有限公司,桃園市中壢區興仁里興仁路一段162巷8號,翁志元,1220000,,115/07/20,一般補正案,E801010 室內裝潢業；F114010 汽車批發業；F114020 機車批發業；F114030 汽、機車零件配備批發業；F114050 車胎批發業；F114990 其他交通運輸工具及其零件批發業；F214010 汽車零售業；F214020 機車零售業；F214030 汽、機車零件配備零售業；F214050 車胎零售業,桃園市,變更,11507
50851167,醫康美慧生醫股份有限公司,桃園市八德區大忠里介壽路一段917號,李寶雄,2000000,,115/07/01,公司印鑑變更,F102170 食品什貨批發業；F203010 食品什貨、飲料零售業；F299990 其他零售業；F399010 便利商店業；F399040 無店面零售業；F399990 其他綜合零售業；F401010 國際貿易業；H201010 一般投資業；I199990 其他顧問服務業；I301030 電子資訊供應服務業,桃園市,變更,11507
50908149,宸騰科技有限公司,桃園市龍潭區工七路58號(1樓),呂杰錡,33500000,,115/07/06,增資,C801010 基本化學工業；C801990 其他化學材料製造業；CN01010 家具及裝設品製造業；E801010 室內裝潢業；E801020 門窗安裝工程業；E801040 玻璃安裝工程業；F105050 家具、寢具、廚房器具、裝設品批發業；F107010 漆料、塗料批發業；F107030 清潔用品批發業；F107170 工業助劑批發業,桃園市,變更,11507
50909695,益可芬永續股份有限公司,桃園市蘆竹區大竹路289號,楊玳潭,55200000,,115/07/08,發行新股,F106020 日常用品批發業；F106050 陶瓷玻璃器皿批發業；F206020 日常用品零售業；F106040 水器材料批發業；F120010 耐火材料批發業；F206040 水器材料零售業；F220010 耐火材料零售業；F107990 其他化學製品批發業；F207990 其他化學製品零售業；F107200 化學原料批發業,桃園市,變更,11507
50910320,黛綠國際生技有限公司,桃園市中壢區林森里執信一街8號(3樓),卓詩,300000,,115/07/31,公司所在地,F108040 化粧品批發業；C802090 清潔用品製造業；C802100 化粧品製造業；F102170 食品什貨批發業；F104110 布疋、衣著、鞋、帽、傘、服飾品批發業；F106020 日常用品批發業；F107030 清潔用品批發業；F109070 文教、樂器、育樂用品批發業；F113010 機械批發業；F113020 電器批發業,桃園市,變更,11507
50910779,齊伍投資股份有限公司,桃園市蘆竹區坑口里大有街33號,李齊良,153036150,,115/07/21,一般補正案,H201010 一般投資業；ZZ99999 除許可業務外，得經營法令非禁止或限制之業務,桃園市,變更,11507
50915471,佳保材料科技股份有限公司,桃園市龍潭區烏林里工七路72號(3樓),吳泰興,1000000,,115/07/29,一般補正案,C801030 精密化學材料製造業；C801100 合成樹脂及塑膠製造業；C801990 其他化學材料製造業；C802160 黏性膠帶製造業；C802200 塗料、油漆、染料及顏料製造業；F107990 其他化學製品批發業；F107200 化學原料批發業；F119010 電子材料批發業；F207010 漆料、塗料零售業；F207020 染料、顏料零售業,桃園市,變更,11507
50917127,光奕能源有限公司,桃園市桃園區龍山里雙龍街43巷20號,江金翰,12000000,,115/07/16,一般補正案,CC01010 發電、輸電、配電機械製造業；CC01040 照明設備製造業；CC01080 電子零組件製造業；CC01090 電池製造業；CC01110 電腦及其週邊設備製造業；CC01990 其他電機及電子機械器材製造業；F113020 電器批發業；F113050 電腦及事務性機器設備批發業；F113110 電池批發業；F119010 電子材料批發業,桃園市,變更,11507
50917490,達綱科技有限公司,桃園市中壢區中央里中山路88號12樓之7,陳乃綱,1000000,,115/07/21,公司所在地,F118010 資訊軟體批發業；F119010 電子材料批發業；F218010 資訊軟體零售業；F219010 電子材料零售業；F213030 電腦及事務性機器設備零售業；F213040 精密儀器零售業；F113030 精密儀器批發業；F113050 電腦及事務性機器設備批發業；F399040 無店面零售業；F401010 國際貿易業,桃園市,變更,11507
50917822,高田電器有限公司,桃園市桃園區中山里泰昌八街21號17樓之3,王建南,500000,,115/07/21,公司所營事業變更修正章程,F113110 電池批發業；F213110 電池零售業；F119010 電子材料批發業；F219010 電子材料零售業；F114030 汽、機車零件配備批發業；F214030 汽、機車零件配備零售業；F401010 國際貿易業；E604010 機械安裝業；F113010 機械批發業；F113990 其他機械器具批發業,桃園市,變更,11507
50918131,學睿文創有限公司,桃園市桃園區中華路10號8樓之7,黃振宗,1000000,,115/07/21,一般補正案,J304010 圖書出版業；J305010 有聲出版業；J399010 軟體出版業；J202010 產業育成業；J399990 其他出版業；J303010 雜誌（期刊）出版業；JB01010 會議及展覽服務業；JE01010 租賃業；JZ99050 仲介服務業；F106010 五金批發業,桃園市,變更,11507
50919119,晨禎工程有限公司,桃園市龜山區兔坑里茶專一街122號（2樓）,張楚妍,1000000,,115/07/01,股東出資轉讓修正章程,CE01990 其他光學及精密器械製造業；CZ99990 未分類其他工業製品製造業；CB01990 其他機械製造業；CB01010 機械設備製造業；CA02010 金屬結構及建築組件製造業；CC01010 發電、輸電、配電機械製造業；E599010 配管工程業；E604010 機械安裝業；F113010 機械批發業；F213080 機械器具零售業,桃園市,變更,11507
50920592,大濟堂生物科技股份有限公司,桃園市楊梅區高山里青年路6號3樓,徐展飛,3000000,,115/07/16,發行新股,A102050 作物栽培服務業；A401040 畜牧服務業；C103050 罐頭、冷凍、脫水及醃漬食品製造業；C104020 烘焙炊蒸食品製造業；C109010 調味品製造業；C110010 飲料製造業；C199010 麵條、粉條類食品製造業；C199030 即食餐食製造業；C199040 豆類加工食品製造業；C199990 未分類其他食品製造業,桃園市,變更,11507
50920690,慶勝實業股份有限公司,桃園市中壢區新街里元化路275之3號2樓,黃惠敏,140000000,,115/07/17,改選董事/監察人(一人法人股東指派董事/監察人),F108040 化粧品批發業；F106020 日常用品批發業；H703090 不動產買賣業；H703100 不動產租賃業；F108031 醫療器材批發業；F208031 醫療器材零售業；JZ99050 仲介服務業；I103060 管理顧問業；F401010 國際貿易業；ZZ99999 除許可業務外，得經營法令非禁止或限制之業務,桃園市,變更,11507
50922022,銓康馥國際生技有限公司,桃園市平鎮區新富里德育路二段162號11樓,陳浩臻,1000000,,115/07/13,股東出資轉讓修正章程,F102170 食品什貨批發業；F203010 食品什貨、飲料零售業；F102050 茶葉批發業；F401010 國際貿易業；F121010 食品添加物批發業；F221010 食品添加物零售業；F108031 醫療器材批發業；F208031 醫療器材零售業；F108040 化粧品批發業；F206020 日常用品零售業,桃園市,變更,11507
50922634,巔烽股份有限公司,桃園市蘆竹區安中街8號(4樓),許銍源,2000000,,115/07/30,一般補正案,F101040 家畜家禽批發業；F101050 水產品批發業；F101130 蔬果批發業；F101990 其他農、畜、水產品批發業；F102020 食用油脂批發業；F102030 菸酒批發業；F102040 飲料批發業；F102050 茶葉批發業；F102170 食品什貨批發業；F201010 農產品零售業,桃園市,變更,11507
50922769,博登物流有限公司,桃園市中壢區普忠路861號(1樓),孔良禎,25000000,,115/07/03,股東出資轉讓修正章程,G101061 汽車貨運業；G202010 停車場經營業；EZ02010 起重工程業；EZ99990 其他工程業；F114010 汽車批發業；F114030 汽、機車零件配備批發業；IZ12010 人力派遣業；IZ06010 理貨包裝業；G801010 倉儲業；ZZ99999 除許可業務外，得經營法令非禁止或限制之業務,桃園市,變更,11507
50923079,久順興室內裝修有限公司,桃園市蘆竹區瓦窯里南山路一段31號12樓之6,張力中,1000000,,115/07/29,改推董事/董事長,C501990 其他木製品製造業；C805990 其他塑膠製品製造業；C901020 玻璃及玻璃製品製造業；C901070 石材製品製造業；C901990 其他非金屬礦物製品製造業；CA02990 其他金屬製品製造業；E601010 電器承裝業；E601020 電器安裝業；E603040 消防安全設備安裝工程業；E603050 自動控制設備工程業,桃園市,變更,11507
50923508,富田綠能有限公司,桃園市大園區民生路107號,朱俊潔,18000000,,115/07/06,改推董事/董事長,CC01010 發電、輸電、配電機械製造業；CC01990 其他電機及電子機械器材製造業；D101050 汽電共生業；D401010 熱能供應業；E601010 電器承裝業；E606010 用電設備檢驗維護業；E607010 太陽熱能設備安裝工程業；EZ99990 其他工程業；IG03010 能源技術服務業；F401010 國際貿易業,桃園市,變更,11507
50923633,台灣商電屋科技股份有限公司,桃園市蘆竹區上興里中興路100巷12號,張智明,10000000,,115/07/23,一般補正案,CB01010 機械設備製造業；CB01990 其他機械製造業；E604010 機械安裝業；F113010 機械批發業；F113990 其他機械器具批發業；ZZ99999 除許可業務外，得經營法令非禁止或限制之業務,桃園市,變更,11507
50924112,亞伯特國際投資股份有限公司,桃園市中壢區領航南路三段301號16樓,彭雅偋,2500000,,115/07/14,改選董事/監察人(一人法人股東指派董事/監察人),H701010 住宅及大樓開發租售業；H201010 一般投資業；H703090 不動產買賣業；H703100 不動產租賃業；ZZ99999 除許可業務外，得經營法令非禁止或限制之業務,桃園市,變更,11507
50924128,艾力克投資股份有限公司,桃園市中壢區領航南路三段301號16樓,楊珊珊,2500000,,115/07/14,改選董事/監察人(一人法人股東指派董事/監察人),H701010 住宅及大樓開發租售業；H201010 一般投資業；H703090 不動產買賣業；H703100 不動產租賃業；ZZ99999 除許可業務外，得經營法令非禁止或限制之業務,桃園市,變更,11507
50924149,若寧投資股份有限公司,桃園市中壢區領航南路三段301號16樓,曾孟傑,2500000,,115/07/20,一般補正案,H701010 住宅及大樓開發租售業；H201010 一般投資業；H703090 不動產買賣業；H703100 不動產租賃業；ZZ99999 除許可業務外，得經營法令非禁止或限制之業務,桃園市,變更,11507
50924393,和迅生命科學股份有限公司,桃園市桃園區汴洲里春日路1490號6樓及1490之3號6樓,黃濟鴻,521340000,,115/07/16,發行新股,F401010 國際貿易業；F601010 智慧財產權業；I103060 管理顧問業；IC01010 藥品檢驗業；IG01010 生物技術服務業；IG02010 研究發展服務業；I199990 其他顧問服務業；IZ99990 其他工商服務業；F108031 醫療器材批發業；F208031 醫療器材零售業,桃園市,變更,11507
50956789,安益輪胎有限公司,桃園市楊梅區仁美里中興路251號,王長立,6000000,,115/07/28,增資,JA01010 汽車修理業；JA01020 汽車拖吊業；JA01990 其他汽車服務業；F114030 汽、機車零件配備批發業；F114050 車胎批發業；F114010 汽車批發業；F113110 電池批發業；F214030 汽、機車零件配備零售業；F214050 車胎零售業；F214010 汽車零售業,桃園市,變更,11507
50956824,旭亨企業有限公司,桃園市桃園區大林里樹仁三街15巷18號(8樓),李瑋倫,5000000,,115/07/17,一般補正案,F501060 餐館業；F501030 飲料店業；ZZ99999 除許可業務外，得經營法令非禁止或限制之業務,桃園市,變更,11507
50957197,淯鯨實業有限公司,桃園市中壢區中建里延平路500號12樓之2,盧昱菁,1000000,,115/07/09,一般補正案,J101010 建築物清潔服務業；JZ99050 仲介服務業；I199990 其他顧問服務業；IG01010 生物技術服務業；IG02010 研究發展服務業；F113100 污染防治設備批發業；F106010 五金批發業；F107010 漆料、塗料批發業；F107200 化學原料批發業；F107030 清潔用品批發業,桃園市,變更,11507
50958007,希望創意股份有限公司,桃園市中壢區西園路118之1號(2樓),吳憶琳,5000000,,115/07/15,一般補正案,F399040 無店面零售業；F102040 飲料批發業；F102170 食品什貨批發業；F106010 五金批發業；F106020 日常用品批發業；F199990 其他批發業；F104110 布疋、衣著、鞋、帽、傘、服飾品批發業；ZZ99999 除許可業務外，得經營法令非禁止或限制之業務,桃園市,變更,11507
50958267,祥碩包裝食材有限公司,桃園市中壢區內定里內定十街282號(1樓),王彥淇,1000000,,115/07/16,公司所在地,F102170 食品什貨批發業；F102020 食用油脂批發業；F106020 日常用品批發業；F107190 塑膠膜、袋批發業；F121010 食品添加物批發業；F199990 其他批發業；F203010 食品什貨、飲料零售業；F206020 日常用品零售業；F221010 食品添加物零售業；F299990 其他零售業,桃園市,變更,11507
50959646,亨利開發顧問有限公司,桃園市八德區廣德里大勤街100巷18弄32號(1樓),李中屏,200000,,115/07/24,股東出資轉讓修正章程,J202010 產業育成業；H701010 住宅及大樓開發租售業；H701020 工業廠房開發租售業；H701050 投資興建公共建設業；H701060 新市鎮、新社區開發業；H701070 區段徵收及市地重劃代辦業；H701090 都市更新整建維護業；H702010 建築經理業；H703090 不動產買賣業；H703100 不動產租賃業,桃園市,變更,11507
50959940,勤鑫投資有限公司,桃園市蘆竹區南崁里南上路11號4樓,周勤富,11000000,,115/07/01,股東出資轉讓修正章程,H201010 一般投資業；ZZ99999 除許可業務外，得經營法令非禁止或限制之業務,桃園市,變更,11507
50960019,紹楊實業社有限公司,桃園市大溪區康安里13鄰內柵路一段131巷9號(1樓),李金發,20000,,115/07/22,一般補正案,ZZ99999 除許可業務外，得經營法令非禁止或限制之業務；IE01010 電信業務門號代辦業；JA02010 電器及電子產品修理業；JE01010 租賃業；JZ99990 未分類其他服務業；F105050 家具、寢具、廚房器具、裝設品批發業；F106020 日常用品批發業；F106030 模具批發業；F107030 清潔用品批發業；F113020 電器批發業,桃園市,變更,11507
50960756,宸鉅有限公司,桃園市中壢區新明路7號12樓,黎雅婷,500000,,115/07/31,公司所在地,F105050 家具、寢具、廚房器具、裝設品批發業；F106010 五金批發業；F106020 日常用品批發業；F106040 水器材料批發業；F113020 電器批發業；E599010 配管工程業；E601020 電器安裝業；E801070 廚具、衛浴設備安裝工程業；E603040 消防安全設備安裝工程業；E603050 自動控制設備工程業,桃園市,變更,11507
50962375,伊莫諾家居股份有限公司,桃園市新屋區埔頂里埔頂路6號,陳臆云,8000000,,115/07/03,改選董事/監察人(一人法人股東指派董事/監察人),F105050 家具、寢具、廚房器具、裝設品批發業；F205040 家具、寢具、廚房器具、裝設品零售業；F401010 國際貿易業；I105010 藝術品諮詢顧問業；I501010 產品設計業；ZZ99999 除許可業務外，得經營法令非禁止或限制之業務,桃園市,變更,11507
50963748,日生國際貿易有限公司,桃園市中壢區延平路500號10樓之3,林柏青,5000000,,115/07/08,增資,F102030 菸酒批發業；F119010 電子材料批發業；F401010 國際貿易業；ZZ99999 除許可業務外，得經營法令非禁止或限制之業務；F113020 電器批發業；F213010 電器零售業；F219010 電子材料零售業；E601020 電器安裝業；JA02010 電器及電子產品修理業；F213030 電腦及事務性機器設備零售業,桃園市,變更,11507
50964541,上城開發股份有限公司,桃園市中壢區正義里廣州路225號3樓,周朕廷,3000000,,115/07/03,公司所在地,H701080 都市更新重建業；H701090 都市更新整建維護業；H701070 區段徵收及市地重劃代辦業；H702010 建築經理業；H701040 特定專業區開發業；H703110 老人住宅業；H201010 一般投資業；HZ02010 金融機構金錢債權收買業務；HZ02020 辦理金融機構金錢債權之評價或拍賣業務；HZ99990 其他金融、保險及不動產業,桃園市,變更,11507
50966908,台灣海固科技有限公司,桃園市蘆竹區上興里大興一街168號2樓,王顯陵,300000,,115/07/29,修正章程,CC01020 電線及電纜製造業；CC01030 電器及視聽電子產品製造業；CC01070 無線通信機械器材製造業；CC01060 有線通信機械器材製造業；F114040 自行車及其零件批發業；F113030 精密儀器批發業；F113020 電器批發業；F113060 度量衡器批發業；F119010 電子材料批發業；F113070 電信器材批發業,桃園市,變更,11507
50969861,東裕國際有限公司,桃園市桃園區中寧里大興西路二段61號11樓,郭欣儀,500000,,115/07/03,公司所營事業變更修正章程,F113010 機械批發業；F113990 其他機械器具批發業；F114030 汽、機車零件配備批發業；F119010 電子材料批發業；F401010 國際貿易業；F103010 飼料批發業；F106060 寵物食品及其用品批發業；F107070 動物用藥品批發業；F202010 飼料零售業；F206050 寵物食品及其用品零售業,桃園市,變更,11507
52563487,昕晶能源股份有限公司,桃園市平鎮區大昌路57巷41號3樓,資三德,13000000,,115/07/17,減資,D101040 非屬公用之發電業；D101060 再生能源自用發電設備業；I101070 農、林、漁、畜牧顧問業；I103060 管理顧問業；IG02010 研究發展服務業；IG03010 能源技術服務業；A101020 農作物栽培業；A101040 食用菌菇類栽培業；A101050 花卉栽培業；A102050 作物栽培服務業,桃園市,變更,11507
52684638,寶德安股份有限公司,桃園市龜山區復興一路361號4樓,蔡奇軒,50708360,,115/07/15,改選董事/監察人(一人法人股東指派董事/監察人),F102030 菸酒批發業；F102040 飲料批發業；F102170 食品什貨批發業；F104110 布疋、衣著、鞋、帽、傘、服飾品批發業；F105050 家具、寢具、廚房器具、裝設品批發業；F106010 五金批發業；F106020 日常用品批發業；F106040 水器材料批發業；F106060 寵物食品及其用品批發業；F107030 清潔用品批發業,桃園市,變更,11507
52869678,摩飛世股份有限公司,桃園市蘆竹區濱海路一段373號四樓,周瑀,10000000,,115/07/06,申登機關變更（遷入，含卷）,I102010 投資顧問業；I103060 管理顧問業；I199990 其他顧問服務業；IG01010 生物技術服務業；IZ99990 其他工商服務業；F102170 食品什貨批發業；F106020 日常用品批發業；F108040 化粧品批發業；F203010 食品什貨、飲料零售業；F206020 日常用品零售業,桃園市,變更,11507
53002013,桃園國際機場股份有限公司,桃園市大園區航站南路9號,陳彥伯,58255741440,,115/07/29,改選董事/監察人(一人法人股東指派董事/監察人),G606021 航空站經營業；ZZ99999 除許可業務外，得經營法令非禁止或限制之業務,桃園市,變更,11507
53043675,二十二世紀有限公司,桃園市中壢區青埔里領航南路三段468號3樓之17,戴麒酈,5000000,,115/07/22,股東出資轉讓修正章程,F111090 建材批發業；F211010 建材零售業；F299990 其他零售業；F401010 國際貿易業；ZZ99999 除許可業務外，得經營法令非禁止或限制之業務,桃園市,變更,11507
53047779,百弘投資股份有限公司,桃園市桃園區大樹里興華路7號,王嘉真,110000000,,115/07/07,改選董事/監察人(一人法人股東指派董事/監察人),H201010 一般投資業,桃園市,變更,11507
53048947,青青格麗絲莊園股份有限公司,桃園市蘆竹區南崁里南崁路46號,吳永強,45000000,,115/07/20,一般補正案,C199030 即食餐食製造業；F102170 食品什貨批發業；F501060 餐館業；F501990 其他餐飲業；F401010 國際貿易業；JZ99090 喜慶綜合服務業；ZZ99999 除許可業務外，得經營法令非禁止或限制之業務,桃園市,變更,11507
53049349,漣茂國際股份有限公司,桃園市桃園區新埔六街95號22樓,黃文冠,10000000,,115/07/24,改選董事/監察人(一人法人股東指派董事/監察人),F101050 水產品批發業；F101130 蔬果批發業；F102040 飲料批發業；F102170 食品什貨批發業；F114010 汽車批發業；F114020 機車批發業；F114030 汽、機車零件配備批發業；F401010 國際貿易業；ZZ99999 除許可業務外，得經營法令非禁止或限制之業務；F104110 布疋、衣著、鞋、帽、傘、服飾品批發業,桃園市,變更,11507
53076149,汰金建設開發有限公司,桃園市中壢區永光里民權路二段72之1號二樓,邱坤廣,16000000,,115/07/17,公司所在地,E801010 室內裝潢業；F111090 建材批發業；F211010 建材零售業；F401010 國際貿易業；H701010 住宅及大樓開發租售業；H701020 工業廠房開發租售業；H701030 殯葬場所開發租售業；H701050 投資興建公共建設業；H701060 新市鎮、新社區開發業；H701070 區段徵收及市地重劃代辦業,桃園市,變更,11507
53083985,源瑞投資股份有限公司,桃園市中壢區西園路109號,林敬源,23400000,,115/07/29,董事/監察人持股變動報備,F401010 國際貿易業；H201010 一般投資業；H703100 不動產租賃業；IZ12010 人力派遣業；J701080 水域遊憩活動經營業；J799990 其他休閒服務業；ZZ99999 除許可業務外，得經營法令非禁止或限制之業務,桃園市,變更,11507
53099662,丰廣投資股份有限公司,桃園市龜山區文化里文化二路200號(1樓),黃明漢,366500000,,115/07/09,一般補正案,H201010 一般投資業；ZZ99999 除許可業務外，得經營法令非禁止或限制之業務,桃園市,變更,11507
53137526,竹貿開發股份有限公司,桃園市中壢區洽溪里領航北路一段316號,徐榮聰,100000000,,115/07/07,董事/監察人地址變更,H701020 工業廠房開發租售業；H701050 投資興建公共建設業；H701060 新市鎮、新社區開發業；H703090 不動產買賣業；H703100 不動產租賃業；G202010 停車場經營業；I102010 投資顧問業；I103060 管理顧問業；JZ99050 仲介服務業；H701010 住宅及大樓開發租售業,桃園市,變更,11507
53147806,海陞光電有限公司,桃園市中壢區新街里環北路398號19樓之1,吳明欣,17600000,,115/07/14,增資,F119010 電子材料批發業；F219010 電子材料零售業；CC01040 照明設備製造業；CC01080 電子零組件製造業；I301010 資訊軟體服務業；I501010 產品設計業；ZZ99999 除許可業務外，得經營法令非禁止或限制之業務,桃園市,變更,11507
53177651,順禾冷凍空調設備有限公司,桃園市八德區廣隆里廣福路312號1樓,王志仁,600000,,115/07/17,公司所營事業變更修正章程,F113020 電器批發業；F213010 電器零售業；E599010 配管工程業；E601020 電器安裝業；E603050 自動控制設備工程業；JA02010 電器及電子產品修理業；ZZ99999 除許可業務外，得經營法令非禁止或限制之業務；CA02010 金屬結構及建築組件製造業；CA02990 其他金屬製品製造業,桃園市,變更,11507
53184695,勝品電通股份有限公司,桃園市桃園區大誠路10號,李宏銘,287500000,,115/07/07,補選董事(常務董事.董事長)/監察人,CC01040 照明設備製造業；CC01110 電腦及其週邊設備製造業；F401010 國際貿易業；CC01030 電器及視聽電子產品製造業；CC01060 有線通信機械器材製造業；CC01080 電子零組件製造業；CE01010 一般儀器製造業；CE01030 光學儀器製造業；F399990 其他綜合零售業；F113020 電器批發業,桃園市,變更,11507
53190747,鴻嘉彩藝印刷股份有限公司,桃園市龜山區茶專路147號2樓,黃粟鈺,160000000,,115/07/08,董事/監察人持股變動報備,C701010 印刷業；C702010 製版業；C703010 印刷品裝訂及加工業；I401010 一般廣告服務業；I401020 廣告傳單分送業；I501010 產品設計業；IZ06010 理貨包裝業；IZ10010 排版業；F401010 國際貿易業；ZZ99999 除許可業務外，得經營法令非禁止或限制之業務,桃園市,變更,11507
53222136,睿煬國際股份有限公司,桃園市蘆竹區南山路二段12巷78號,羅濬煬,29000000,,115/07/24,增資(資本總額),CN01010 家具及裝設品製造業；C501070 竹、藤製品製造業；C501990 其他木製品製造業；F105050 家具、寢具、廚房器具、裝設品批發業；F106010 五金批發業；F111090 建材批發業；F205040 家具、寢具、廚房器具、裝設品零售業；F206010 五金零售業；F211010 建材零售業；F401010 國際貿易業,桃園市,變更,11507
53223846,銘震科技有限公司,桃園市龜山區中和南路97號,賴春明,300000,,115/07/20,負責人印鑑變更,CA02080 金屬鍛造業；CA02090 金屬線製品製造業；CA02990 其他金屬製品製造業；CA03010 熱處理業；CA04010 表面處理業；CA05010 粉末冶金業；CB01010 機械設備製造業；CB01990 其他機械製造業；CC01020 電線及電纜製造業；CC01080 電子零組件製造業,桃園市,變更,11507
53271071,新勝投資股份有限公司,桃園市蘆竹區中興里大興八街14號1樓,蕭家賜,28000000,,115/07/23,改選董事/監察人(一人法人股東指派董事/監察人),H201010 一般投資業；H703090 不動產買賣業,桃園市,變更,11507
53274627,弘亘有限公司,桃園市桃園區龍岡里國強一街178號10樓,蕭志宏,10000000,,115/07/28,股東出資轉讓修正章程,E601010 電器承裝業；E601020 電器安裝業；E603090 照明設備安裝工程業；E604010 機械安裝業；E801010 室內裝潢業；EZ02010 起重工程業；F106010 五金批發業；F107170 工業助劑批發業；F107200 化學原料批發業；F107990 其他化學製品批發業,桃園市,變更,11507
53280655,優派科技有限公司,桃園市龜山區大華里文七九街18號,程慧琴,5000000,,115/07/30,股東出資轉讓修正章程,E401010 疏濬業；E402010 沙石、淤泥海拋業；E502010 燃料導管安裝工程業；E599010 配管工程業；E603100 電焊工程業；E603110 冷作工程業；E603120 噴砂工程業；E603130 燃氣熱水器承裝業；E801010 室內裝潢業；E801020 門窗安裝工程業,桃園市,變更,11507
53286665,榮騰網路行銷股份有限公司,桃園市桃園區大興里經國路9號16樓之1,陳為榮,280000000,,115/07/28,一般補正案,F102020 食用油脂批發業；F102040 飲料批發業；F102170 食品什貨批發業；F106010 五金批發業；F106020 日常用品批發業；F107030 清潔用品批發業；F108040 化粧品批發業；F203010 食品什貨、飲料零售業；F206010 五金零售業；F206020 日常用品零售業,桃園市,變更,11507
53293645,寶利威爾企業股份有限公司,桃園市桃園區同德里中正路1071號10樓之七,何志湍,144180000,,115/07/08,額定資本額增加變更章程,F119010 電子材料批發業；F219010 電子材料零售業；F401010 國際貿易業；CC01110 電腦及其週邊設備製造業；CC01120 資料儲存媒體製造及複製業；E605010 電腦設備安裝業；I501010 產品設計業；I301010 資訊軟體服務業；I199990 其他顧問服務業；F113050 電腦及事務性機器設備批發業,桃園市,變更,11507
53299155,鑫通順有限公司,桃園市龍潭區聖德里湧光路601號,徐瑞霞,3500000,,115/07/09,增資,F111090 建材批發業；F113010 機械批發業；F113070 電信器材批發業；F113090 交通標誌器材批發業；F113110 電池批發業；F113990 其他機械器具批發業；F114010 汽車批發業；F114030 汽、機車零件配備批發業；F114050 車胎批發業；F119010 電子材料批發業,桃園市,變更,11507
53302031,鍾華開發有限公司,桃園市平鎮區和平路201號1樓,鍾秉華,20000000,,115/07/03,股東出資轉讓修正章程,H701010 住宅及大樓開發租售業；H701020 工業廠房開發租售業；H703090 不動產買賣業；F111090 建材批發業；E801010 室內裝潢業；ZZ99999 除許可業務外，得經營法令非禁止或限制之業務,桃園市,變更,11507
53315958,萬均科技股份有限公司,桃園市蘆竹區經國路896號11樓,吳育慈,30000000,,115/07/07,改選董事/監察人(一人法人股東指派董事/監察人),CC01040 照明設備製造業；CC01080 電子零組件製造業；CC01990 其他電機及電子機械器材製造業；E601010 電器承裝業；E603040 消防安全設備安裝工程業；E603050 自動控制設備工程業；E603090 照明設備安裝工程業；E604010 機械安裝業；F107990 其他化學製品批發業；F111090 建材批發業,桃園市,變更,11507
53364704,鑫榮國際貿易股份有限公司,桃園市大園區田心里長興街46號1樓,張昌松,5000000,,115/07/20,一般補正案,F104110 布疋、衣著、鞋、帽、傘、服飾品批發業；F106020 日常用品批發業；F119010 電子材料批發業；F401010 國際貿易業；ZZ99999 除許可業務外，得經營法令非禁止或限制之業務；F105050 家具、寢具、廚房器具、裝設品批發業；F106010 五金批發業；F106050 陶瓷玻璃器皿批發業；F108040 化粧品批發業；F113030 精密儀器批發業,桃園市,變更,11507
53367884,辰家房地產股份有限公司,桃園市蘆竹區瓦窯里六福路128號1樓,李帥宸,1000000,,115/07/13,一般補正案,H704031 不動產仲介經紀業；H703110 老人住宅業；H703100 不動產租賃業；H703090 不動產買賣業；H702010 建築經理業；H701070 區段徵收及市地重劃代辦業；H701060 新市鎮、新社區開發業；H701030 殯葬場所開發租售業；H701020 工業廠房開發租售業；H701010 住宅及大樓開發租售業,桃園市,變更,11507
53373458,永乾食品有限公司,桃園市新屋區望間里十五間46之3號,陳志緯,11000000,,115/07/29,股東出資轉讓修正章程,F101990 其他農、畜、水產品批發業；F102020 食用油脂批發業；F102040 飲料批發業；F102170 食品什貨批發業；F121010 食品添加物批發業；F199990 其他批發業；F401010 國際貿易業；C103050 罐頭、冷凍、脫水及醃漬食品製造業；C104020 烘焙炊蒸食品製造業；C105010 食用油脂製造業,桃園市,變更,11507
53379740,中華仲聯土地開發股份有限公司,桃園市中壢區興國路32號1樓,邱奕喜,10000000,,115/07/08,改選董事/監察人(一人法人股東指派董事/監察人),H701010 住宅及大樓開發租售業；H703090 不動產買賣業；H703100 不動產租賃業；H704031 不動產仲介經紀業；ZZ99999 除許可業務外，得經營法令非禁止或限制之業務,桃園市,變更,11507
53382843,宇成鋼鐵工程有限公司,桃園市龜山區文化里文化二路311之1號,黃宇勝,2000000,,115/07/29,申登機關變更（遷入，含卷）,F111090 建材批發業；F199010 回收物料批發業；F199990 其他批發業；F211010 建材零售業；F299990 其他零售業；F401010 國際貿易業；E599010 配管工程業；E603010 電纜安裝工程業；E603020 電梯安裝工程業；E603040 消防安全設備安裝工程業,桃園市,變更,11507
53397888,大院開發建設有限公司,桃園市平鎮區新榮里新德街267號(1樓),傅淑芬,3000000,,115/07/01,公司所在地,H701010 住宅及大樓開發租售業；H701020 工業廠房開發租售業；H701060 新市鎮、新社區開發業；H701070 區段徵收及市地重劃代辦業；H702010 建築經理業；H703090 不動產買賣業；H703100 不動產租賃業；I102010 投資顧問業；EZ99990 其他工程業；ZZ99999 除許可業務外，得經營法令非禁止或限制之業務,桃園市,變更,11507
53399871,鴻順機械工程有限公司,桃園市蘆竹區營盤里六福一路1之7號7樓,方永源,26800000,,115/07/03,增資,F113010 機械批發業；F213080 機械器具零售業；F401010 國際貿易業；E599010 配管工程業；E603050 自動控制設備工程業；E604010 機械安裝業；EZ15010 保溫、保冷安裝工程業；EZ99990 其他工程業；ZZ99999 除許可業務外，得經營法令非禁止或限制之業務；JE01010 租賃業,桃園市,變更,11507
53401068,翃裕有限公司,桃園市蘆竹區新莊里龍安街三段141巷32號,黃菊枝,100000,,115/07/27,股東出資轉讓修正章程,C501990 其他木製品製造業；F106010 五金批發業；F111090 建材批發業；F199990 其他批發業；ZZ99999 除許可業務外，得經營法令非禁止或限制之業務,桃園市,變更,11507
53408098,匠香食品有限公司,桃園市觀音區崙坪里1鄰崙坪1之10號2樓,余家旺,1000000,,115/07/02,股東出資轉讓修正章程,C103050 罐頭、冷凍、脫水及醃漬食品製造業；C109010 調味品製造業；C110010 飲料製造業；C199990 未分類其他食品製造業；F102040 飲料批發業；F102170 食品什貨批發業；F102050 茶葉批發業；F113010 機械批發業；F113050 電腦及事務性機器設備批發業；F401010 國際貿易業,桃園市,變更,11507
53408858,泉德電子股份有限公司,桃園市蘆竹區內溪路68巷13號1樓,陳旻徹,150000000,,115/07/09,一般補正案,F219010 電子材料零售業；F119010 電子材料批發業；F401010 國際貿易業；ZZ99999 除許可業務外，得經營法令非禁止或限制之業務,桃園市,變更,11507
53412591,台灣康匠製造股份有限公司,桃園市桃園區大林里大仁路50巷51弄55號,陳勇志,140000000,,115/07/17,改選董事/監察人(一人法人股東指派董事/監察人),C302010 織布業；C303010 不織布業；C399990 其他紡織及製品製造業；C801060 合成橡膠製造業；C801100 合成樹脂及塑膠製造業；C802160 黏性膠帶製造業；C805010 塑膠皮、布、板、管材製造業；C805030 塑膠日用品製造業；CC01080 電子零組件製造業；CC01110 電腦及其週邊設備製造業,桃園市,變更,11507
53460328,花軍團有限公司,桃園市龜山區復興三路50號,陳莉雅,4000000,,115/07/23,增資,F104110 布疋、衣著、鞋、帽、傘、服飾品批發業；F106010 五金批發業；F114030 汽、機車零件配備批發業；F114050 車胎批發業；F119010 電子材料批發業；F204110 布疋、衣著、鞋、帽、傘、服飾品零售業；F206010 五金零售業；F207030 清潔用品零售業；F209060 文教、樂器、育樂用品零售業；F213010 電器零售業,桃園市,變更,11507
53470705,信翊豐企業有限公司,桃園市龍潭區烏林里39鄰工二路一段260號,黃耀賢,3000000,,115/07/08,增資,CB01010 機械設備製造業；CQ01010 模具製造業；CB01990 其他機械製造業；CA02990 其他金屬製品製造業；CA04010 表面處理業；CA01050 鋼材二次加工業；CA02080 金屬鍛造業；C399990 其他紡織及製品製造業；C805990 其他塑膠製品製造業；E801070 廚具、衛浴設備安裝工程業,桃園市,變更,11507
53471535,達寬服務商業有限公司,桃園市桃園區經國里天祥一街6號,郭恩伶,6000000,,115/07/29,公司所營事業變更修正章程,F401010 國際貿易業；IG03010 能源技術服務業；J202010 產業育成業；ZZ99999 除許可業務外，得經營法令非禁止或限制之業務；F109070 文教、樂器、育樂用品批發業；F209060 文教、樂器、育樂用品零售業,桃園市,變更,11507
53480099,璞誠建設有限公司,桃園市龍潭區烏林里工二路一段96巷9號,江信輝,25000000,,115/07/17,公司所在地門牌整編,H701010 住宅及大樓開發租售業；H703090 不動產買賣業；F111090 建材批發業；E801070 廚具、衛浴設備安裝工程業；E801010 室內裝潢業；E801020 門窗安裝工程業；E801030 室內輕鋼架工程業；E901010 油漆工程業；E903010 防蝕、防銹工程業；I503010 景觀、室內設計業,桃園市,變更,11507
53487712,麗晶先進材料股份有限公司,桃園市新屋區清華二街8號2樓,許應藏,74400000,,115/07/15,改選董事/監察人(一人法人股東指派董事/監察人),CB01010 機械設備製造業；CB01990 其他機械製造業；CC01080 電子零組件製造業；F119010 電子材料批發業；F219010 電子材料零售業；ZZ99999 除許可業務外，得經營法令非禁止或限制之業務,桃園市,變更,11507
53488162,創奕能源科技股份有限公司,桃園市中壢區高鐵站前西路一段268號2樓之3,黃振聲,618558600,,115/07/22,修正章程,C801010 基本化學工業；CC01090 電池製造業；F113010 機械批發業；F113030 精密儀器批發業；F213040 精密儀器零售業；F213080 機械器具零售業；F401010 國際貿易業；I199990 其他顧問服務業；IG03010 能源技術服務業；ZZ99999 除許可業務外，得經營法令非禁止或限制之業務,桃園市,變更,11507
53490527,上暘光學股份有限公司,桃園市桃園區汴洲里經國路888號6樓之5,吳昇澈,149500000,,115/07/24,發行新股,F113030 精密儀器批發業；F113050 電腦及事務性機器設備批發業；F113070 電信器材批發業；F113990 其他機械器具批發業；F116010 照相器材批發業；F119010 電子材料批發業；F107990 其他化學製品批發業；F401010 國際貿易業；CE01030 光學儀器製造業；CE01990 其他光學及精密器械製造業,桃園市,變更,11507
53492291,坤俐汽車材料有限公司,桃園市桃園區泰山里潮洲街60號1、2、3樓,林珈羽,2000000,,115/07/24,改推董事/董事長,F114030 汽、機車零件配備批發業；F114990 其他交通運輸工具及其零件批發業；F214030 汽、機車零件配備零售業；F214990 其他交通運輸工具及其零件零售業；F401010 國際貿易業；ZZ99999 除許可業務外，得經營法令非禁止或限制之業務,桃園市,變更,11507
53496923,祐昇生技行銷股份有限公司,桃園市楊梅區高山里梅高路441巷31號,黃練盛,6000000,,115/07/16,一般補正案,A199990 其他農業；A399990 其他漁業；C199990 未分類其他食品製造業；C201010 飼料製造業；C305010 印染整理業；C307010 服飾品製造業；C399990 其他紡織及製品製造業；C601990 其他紙製品製造業；C802060 動物用藥製造業；C802080 環境用藥製造業,桃園市,變更,11507
53502299,巨緯科技股份有限公司,桃園市龜山區大華里頂湖三街39號,林金柱,50000000,,115/07/29,發行新股,CB01010 機械設備製造業；CB01990 其他機械製造業；E601010 電器承裝業；E601020 電器安裝業；E603050 自動控制設備工程業；E604010 機械安裝業；E605010 電腦設備安裝業；EZ05010 儀器、儀表安裝工程業；I301010 資訊軟體服務業；I301020 資料處理服務業,桃園市,變更,11507
53504732,桃花園飯店股份有限公司,桃園市桃園區復興路147號、151號、153號等之地下2樓至地上11樓,,300500000,,115/07/07,解散,F203010 食品什貨、飲料零售業；F203020 菸酒零售業；F204110 布疋、衣著、鞋、帽、傘、服飾品零售業；F206020 日常用品零售業；F207030 清潔用品零售業；F209060 文教、樂器、育樂用品零售業；F501030 飲料店業；F501060 餐館業；F501990 其他餐飲業；G202010 停車場經營業,桃園市,變更,11507
53506801,鴻流生活館有限公司,桃園市桃園區北埔路136號,蔡旺岐,10000000,,115/07/27,股東出資轉讓修正章程,A102060 糧商業；F102030 菸酒批發業；F102170 食品什貨批發業；F106010 五金批發業；F106020 日常用品批發業；F106050 陶瓷玻璃器皿批發業；F107190 塑膠膜、袋批發業；F108031 醫療器材批發業；F201010 農產品零售業；F201020 畜產品零售業,桃園市,變更,11507
53510679,天橋科技有限公司,桃園市中壢區仁和里4鄰華美一路161巷26號4樓,林宗賢,1112000,,115/07/20,股東出資轉讓修正章程,I301010 資訊軟體服務業；I301020 資料處理服務業；I501010 產品設計業；I103060 管理顧問業；I301030 電子資訊供應服務業；I401010 一般廣告服務業；IG02010 研究發展服務業；F113050 電腦及事務性機器設備批發業；F118010 資訊軟體批發業；F218010 資訊軟體零售業,桃園市,變更,11507
53511889,恆日光電股份有限公司,桃園市中壢區永福里中福路二段10巷7之1號,楊政道,90285000,,115/07/28,改選董事/監察人(一人法人股東指派董事/監察人),F107170 工業助劑批發業；F107200 化學原料批發業；F107990 其他化學製品批發業；F113010 機械批發業；F113030 精密儀器批發業；F113050 電腦及事務性機器設備批發業；F113990 其他機械器具批發業；F119010 電子材料批發業；F401010 國際貿易業；CB01010 機械設備製造業,桃園市,變更,11507
53516343,金享資產管理股份有限公司,桃園市桃園區中山里中平路98號12樓之1,彭瓊儀,10000000,,115/07/23,改選董事/監察人(一人法人股東指派董事/監察人),HZ02010 金融機構金錢債權收買業務；H703090 不動產買賣業；H703100 不動產租賃業；ZZ99999 除許可業務外，得經營法令非禁止或限制之業務,桃園市,變更,11507
53540701,誠洲實業有限公司,桃園市桃園區國強十一街68號8樓之2,范熾旻,5000000,,115/07/08,公司所在地,J101030 廢棄物清除業；J101040 廢棄物處理業；J101990 其他環境衛生及污染防治服務業；E801070 廚具、衛浴設備安裝工程業；E901010 油漆工程業；EZ99990 其他工程業；F102050 茶葉批發業；F115020 礦石批發業；ZZ99999 除許可業務外，得經營法令非禁止或限制之業務；J101090 廢棄物清理業,桃園市,變更,11507
53599548,那米亞發酵股份有限公司,桃園市蘆竹區內厝里長興路3段229巷53號,邱明熙,194331080,,115/07/16,改選董事/監察人(一人法人股東指派董事/監察人),A101030 特用作物栽培業；A199990 其他農業；IG01010 生物技術服務業；IG02010 研究發展服務業；IG03010 能源技術服務業；C199990 未分類其他食品製造業；C201010 飼料製造業；C802100 化粧品製造業；C802110 化粧品色素製造業；F103010 飼料批發業,桃園市,變更,11507
53605909,崴寶國際科技有限公司,桃園市桃園區民富九街47號5樓,莊曜羣,2000000,,115/07/16,公司所在地,E701030 電信管制射頻器材裝設工程業；E701040 簡易電信設備安裝業；F113020 電器批發業；F113030 精密儀器批發業；F113050 電腦及事務性機器設備批發業；F113070 電信器材批發業；F118010 資訊軟體批發業；F119010 電子材料批發業；F213010 電器零售業；F213030 電腦及事務性機器設備零售業,桃園市,變更,11507
53609258,尚富實業股份有限公司,桃園市大溪區員林路一段465號,蘇晟晢,60000000,,115/07/27,改選董事/監察人(一人法人股東指派董事/監察人),F106010 五金批發業；F111090 建材批發業；F120010 耐火材料批發業；F211010 建材零售業；F220010 耐火材料零售業；F401010 國際貿易業；ZZ99999 除許可業務外，得經營法令非禁止或限制之業務；J101030 廢棄物清除業；J101040 廢棄物處理業；J101080 資源回收業,桃園市,變更,11507
53641264,珍品空間設計有限公司,桃園市蘆竹區福昌里忠孝西路175巷37號,蔡宜珍,3520000,,115/07/16,一般補正案,I503010 景觀、室內設計業；I599990 其他設計業；IZ12010 人力派遣業；E801010 室內裝潢業；E801030 室內輕鋼架工程業；E901010 油漆工程業；F105050 家具、寢具、廚房器具、裝設品批發業；F199990 其他批發業；F205040 家具、寢具、廚房器具、裝設品零售業；F299990 其他零售業,桃園市,變更,11507
53662422,比利時商艾迪比有限公司,桃園市大園區拔子林二路17巷11-1號1樓,Waqas Ahmed Sheikh,5000000,,115/07/21,本公司所在地變更,E599010 配管工程業；E601010 電器承裝業；E601020 電器安裝業；E603010 電纜安裝工程業；E603040 消防安全設備安裝工程業；E603050 自動控制設備工程業；E603090 照明設備安裝工程業；E604010 機械安裝業；E605010 電腦設備安裝業；E901010 油漆工程業,桃園市,變更,11507
53677966,神達控股股份有限公司,桃園市龜山區文化二路202號,苗豐強,13272124680,,115/07/17,董事(常務董事.董事長)/監察人解任,H201010 一般投資業；F113070 電信器材批發業；F118010 資訊軟體批發業；F401010 國際貿易業；G801010 倉儲業；I103060 管理顧問業；I301010 資訊軟體服務業；I301020 資料處理服務業；I301030 電子資訊供應服務業；I501010 產品設計業,桃園市,變更,11507
53689061,捷升興業股份有限公司,桃園市楊梅區永平路607巷2之1號,劉兆敏,44600000,,115/07/01,改選董事/監察人(一人法人股東指派董事/監察人),C802200 塗料、油漆、染料及顏料製造業；F107020 染料、顏料批發業；F107170 工業助劑批發業；F207020 染料、顏料零售業；F207170 工業助劑零售業；I103060 管理顧問業；I199990 其他顧問服務業；J202010 產業育成業；ZZ99999 除許可業務外，得經營法令非禁止或限制之業務,桃園市,變更,11507
53703015,世紀人力資源有限公司,桃園市中壢區新明里新明路41號4樓,陳少穎,1000000,,115/07/08,股東出資轉讓修正章程,IZ12010 人力派遣業；ZZ99999 除許可業務外，得經營法令非禁止或限制之業務；G801010 倉儲業；IZ06010 理貨包裝業,桃園市,變更,11507
53710830,佳棋企業有限公司,桃園市桃園區民富十一街108號2樓,林舜揚,2000000,,115/07/07,公司所營事業變更修正章程,E801010 室內裝潢業；E801020 門窗安裝工程業；E801030 室內輕鋼架工程業；E801070 廚具、衛浴設備安裝工程業；E601020 電器安裝業；E601010 電器承裝業；E603010 電纜安裝工程業；E603090 照明設備安裝工程業；E599010 配管工程業；EZ99990 其他工程業,桃園市,變更,11507
53712437,綠電資源開發股份有限公司,桃園市楊梅區頭湖里泰圳路313巷130號,陳建潤,100000000,,115/07/01,改派董事/監察人,CA01050 鋼材二次加工業；CA01070 廢車船解體及廢鋼鐵五金處理業；F106010 五金批發業；F107190 塑膠膜、袋批發業；F113020 電器批發業；F113070 電信器材批發業；F113990 其他機械器具批發業；F115010 首飾及貴金屬批發業；F119010 電子材料批發業；F199010 回收物料批發業,桃園市,變更,11507
53740193,隶德科技股份有限公司,桃園市蘆竹區錦中里南崁路一段99號10樓之1,周泉利,41000000,,115/07/07,增資(資本總額),C305010 印染整理業；F107010 漆料、塗料批發業；F107020 染料、顏料批發業；F107030 清潔用品批發業；F107170 工業助劑批發業；F107200 化學原料批發業；F107990 其他化學製品批發業；F207010 漆料、塗料零售業；F207020 染料、顏料零售業；F207030 清潔用品零售業,桃園市,變更,11507
53754800,泓利昇有限公司,桃園市楊梅區中山里中山北路一段199巷120號7樓,許立澂,6000000,,115/07/15,公司所在地,CA01100 鋁材軋延、伸線、擠型業；CA01130 銅材軋延、伸線、擠型業；CA02010 金屬結構及建築組件製造業；F106010 五金批發業；F111090 建材批發業；F120010 耐火材料批發業；F206010 五金零售業；F211010 建材零售業；F220010 耐火材料零售業；F106020 日常用品批發業,桃園市,變更,11507
53794850,福得勝股份有限公司,桃園市八德區瑞發里介壽路二段946巷1弄10號,曾威豪,5000000,,115/07/13,改選董事/監察人(一人法人股東指派董事/監察人),E601010 電器承裝業；IB01010 建築物公共安全檢查業；IF01010 消防安全設備檢修業；I503010 景觀、室內設計業；E801010 室內裝潢業；E801020 門窗安裝工程業；E801030 室內輕鋼架工程業；E901010 油漆工程業；E903010 防蝕、防銹工程業；I102010 投資顧問業,桃園市,變更,11507
53797688,五炫甲歸林資產管理有限公司,桃園市龜山區文化一路282號十一樓,吳以琳,5002000,,115/07/13,公司名稱變更修正章程,HZ02010 金融機構金錢債權收買業務；ZZ99999 除許可業務外，得經營法令非禁止或限制之業務,桃園市,變更,11507
53799052,鉦昇科技有限公司,桃園市桃園區瑞慶里寶慶路500號1樓,陳美鳳,500000,,115/07/03,股東出資轉讓修正章程,F113010 機械批發業；F213080 機械器具零售業；F113030 精密儀器批發業；F213040 精密儀器零售業；F113050 電腦及事務性機器設備批發業；F213030 電腦及事務性機器設備零售業；F119010 電子材料批發業；F219010 電子材料零售業；F106010 五金批發業；F206010 五金零售業,桃園市,變更,11507
53809559,佳昌水泥製品科技有限公司,桃園市楊梅區青山里青山一街65巷8弄5號,簡瑜均,1000000,,115/07/24,公司名稱變更修正章程,EZ02010 起重工程業；EZ06010 交通標示工程業；EZ99990 其他工程業；F111090 建材批發業；F401010 國際貿易業；C901050 水泥及混凝土製品製造業；ZZ99999 除許可業務外，得經營法令非禁止或限制之業務,桃園市,變更,11507
53815638,丞荃股份有限公司,桃園市蘆竹區內溪路39巷11號,蔡明宏,70324090,,115/07/24,增資(資本總額),H703090 不動產買賣業；H703100 不動產租賃業；F401010 國際貿易業；C305010 印染整理業；C306010 成衣業；A102080 園藝服務業；A101020 農作物栽培業；A101050 花卉栽培業；A199990 其他農業；A102050 作物栽培服務業,桃園市,變更,11507
53817468,富宇國際企業有限公司,桃園市平鎮區復旦里文化街282巷37號1樓,李鎧吉,2000000,,115/07/06,公司所營事業變更修正章程,F108031 醫療器材批發業；E801010 室內裝潢業；F111090 建材批發業；E605010 電腦設備安裝業；F102170 食品什貨批發業；F107030 清潔用品批發業；F108040 化粧品批發業；I103060 管理顧問業；F199990 其他批發業；IZ99990 其他工商服務業,桃園市,變更,11507
53819249,壹康科技股份有限公司,桃園市桃園區中正里守法路76巷4之3號,林大鈞,2000000,,115/07/06,改選董事/監察人(一人法人股東指派董事/監察人),E603050 自動控制設備工程業；E605010 電腦設備安裝業；I301010 資訊軟體服務業；I301020 資料處理服務業；I301030 電子資訊供應服務業；F109070 文教、樂器、育樂用品批發業；F113050 電腦及事務性機器設備批發業；F118010 資訊軟體批發業；F119010 電子材料批發業；F209060 文教、樂器、育樂用品零售業,桃園市,變更,11507
53827249,宸鴻有限公司,桃園市中壢區遠揚街41巷3號1樓,張淑貞,15000000,,115/07/13,公司所營事業變更修正章程,F401010 國際貿易業；F113010 機械批發業；E604010 機械安裝業；F113030 精密儀器批發業；CC01080 電子零組件製造業；E603050 自動控制設備工程業；EZ05010 儀器、儀表安裝工程業；F119010 電子材料批發業；F107200 化學原料批發業；F107990 其他化學製品批發業,桃園市,變更,11507
53831525,台鎔科技材料股份有限公司,桃園市觀音區大潭里1鄰環科路216號,陳麗麗,943333340,,115/07/29,改選董事/監察人(一人法人股東指派董事/監察人),F107170 工業助劑批發業；F107990 其他化學製品批發業；F111090 建材批發業；F113010 機械批發業；F115010 首飾及貴金屬批發業；F119010 電子材料批發業；F120010 耐火材料批發業；F199010 回收物料批發業；F215010 首飾及貴金屬零售業；F401010 國際貿易業,桃園市,變更,11507
53851985,汎準科技股份有限公司,桃園市蘆竹區安中街9巷5號,朱語晴,33001000,,115/07/15,變更為閉鎖性,F106010 五金批發業；F113010 機械批發業；F113050 電腦及事務性機器設備批發業；F119010 電子材料批發業；CC01080 電子零組件製造業；CC01110 電腦及其週邊設備製造業；F401010 國際貿易業；ZZ99999 除許可業務外，得經營法令非禁止或限制之業務；F106030 模具批發業；F213030 電腦及事務性機器設備零售業,桃園市,變更,11507
53862385,寶程有限公司,桃園市桃園區建國路348巷27號(1樓),邱寶儀,10000000,,115/07/21,增資,CC01030 電器及視聽電子產品製造業；CC01080 電子零組件製造業；CC01110 電腦及其週邊設備製造業；CH01040 玩具製造業；F109070 文教、樂器、育樂用品批發業；F113050 電腦及事務性機器設備批發業；F119010 電子材料批發業；F401010 國際貿易業；IZ06010 理貨包裝業；ZZ99999 除許可業務外，得經營法令非禁止或限制之業務,桃園市,變更,11507
53875396,銥力股份有限公司,桃園市楊梅區萬大路6號2樓,蔡月春,3000000,,115/07/15,補選董事(常務董事.董事長)/監察人,C306010 成衣業；C307010 服飾品製造業；C399990 其他紡織及製品製造業；C402030 皮革、毛皮製品製造業；C805060 塑膠皮製品製造業；CM01010 箱、包、袋製造業；CH01040 玩具製造業；CJ01010 製帽業；CK01010 製鞋業；CQ01010 模具製造業,桃園市,變更,11507
53875620,羿鴻國際有限公司,桃園市桃園區武陵里復興路51之2號10樓之2,陳俊雄,200000,,115/07/13,公司所在地,F102170 食品什貨批發業；F108040 化粧品批發業；F113010 機械批發業；F113020 電器批發業；F113050 電腦及事務性機器設備批發業；F115020 礦石批發業；F119010 電子材料批發業；F401010 國際貿易業；I301030 電子資訊供應服務業；IZ04010 翻譯業,桃園市,變更,11507
53887647,億圓貿易有限公司,桃園市龜山區大華里文七二街7號2樓,羅亭儀,25000000,,115/07/02,股東出資轉讓修正章程,F101990 其他農、畜、水產品批發業；F102020 食用油脂批發業；F102030 菸酒批發業；F102040 飲料批發業；F102050 茶葉批發業；F102170 食品什貨批發業；F104110 布疋、衣著、鞋、帽、傘、服飾品批發業；F105050 家具、寢具、廚房器具、裝設品批發業；F106010 五金批發業；F106020 日常用品批發業,桃園市,變更,11507
53930264,璽寶文化傳播有限公司,桃園市桃園區中正路1456號28樓,鄭綢,1000000,,115/07/24,股東出資轉讓修正章程,F399040 無店面零售業；I401010 一般廣告服務業；J303010 雜誌（期刊）出版業；J304010 圖書出版業；J305010 有聲出版業；JZ99050 仲介服務業；ZZ99999 除許可業務外，得經營法令非禁止或限制之業務；E601010 電器承裝業；E601020 電器安裝業；E603010 電纜安裝工程業,桃園市,變更,11507
53956117,九暘科技股份有限公司,桃園市蘆竹區經國路892號11樓,吳書庭,29000000,,115/07/09,董事/監察人持股變動報備,CC01040 照明設備製造業；CC01080 電子零組件製造業；CC01990 其他電機及電子機械器材製造業；E601010 電器承裝業；E603040 消防安全設備安裝工程業；E603050 自動控制設備工程業；E603090 照明設備安裝工程業；E604010 機械安裝業；F107990 其他化學製品批發業；F111090 建材批發業,桃園市,變更,11507
53959254,尚達化工科技股份有限公司,桃園市觀音區大潭里環科路300號,李明昌,320000000,,115/07/24,增資(資本總額),J101090 廢棄物清理業；J101080 資源回收業；C801020 石油化工原料製造業；C801990 其他化學材料製造業；C802200 塗料、油漆、染料及顏料製造業；C803990 其他石油及煤製品製造業；CB01030 污染防治設備製造業；F107010 漆料、塗料批發業；F107200 化學原料批發業；F107990 其他化學製品批發業,桃園市,變更,11507
53987033,桃新建設股份有限公司,桃園市八德區大智里大智路19號4樓,陳坤華,210000000,,115/07/02,增資(資本總額),H701010 住宅及大樓開發租售業；H701020 工業廠房開發租售業；H701050 投資興建公共建設業；H701060 新市鎮、新社區開發業；H701070 區段徵收及市地重劃代辦業；H703090 不動產買賣業；H703100 不動產租賃業；E801010 室內裝潢業；I503010 景觀、室內設計業；G202010 停車場經營業,桃園市,變更,11507
54004101,曖時租旅館股份有限公司,桃園市桃園區武陵里中正路56號8樓,賴傳基,29700000,,115/07/08,改選董事/監察人(一人法人股東指派董事/監察人),J901020 一般旅館業；ZZ99999 除許可業務外，得經營法令非禁止或限制之業務,桃園市,變更,11507
54009942,祥安開發有限公司,桃園市八德區豐田一路137號,吳永祥,300000,,115/07/29,公司所在地,E599010 配管工程業；E603010 電纜安裝工程業；E603020 電梯安裝工程業；E603040 消防安全設備安裝工程業；E603050 自動控制設備工程業；E603090 照明設備安裝工程業；E801010 室內裝潢業；E801020 門窗安裝工程業；E801030 室內輕鋼架工程業；E801040 玻璃安裝工程業,桃園市,變更,11507
54014017,巨茂應用材料股份有限公司,桃園市龜山區南上里大坑路一段18巷1號,李俊緯,155090000,,115/07/20,修正章程,C801990 其他化學材料製造業；CC01990 其他電機及電子機械器材製造業；CD01030 汽車及其零件製造業；CD01990 其他運輸工具及其零件製造業；CE01010 一般儀器製造業；EZ05010 儀器、儀表安裝工程業；EZ99990 其他工程業；F107060 毒性化學物質批發業；F107170 工業助劑批發業；F107200 化學原料批發業,桃園市,變更,11507
54100293,承翊設計有限公司,桃園市平鎮區中正里中正六路41號,李俊賢,1000000,,115/07/03,公司所營事業變更修正章程,I301010 資訊軟體服務業；I301020 資料處理服務業；I301030 電子資訊供應服務業；I501010 產品設計業；F113050 電腦及事務性機器設備批發業；F118010 資訊軟體批發業；F213030 電腦及事務性機器設備零售業；F218010 資訊軟體零售業；F401010 國際貿易業；E599010 配管工程業,桃園市,變更,11507
54106424,鴻瑩小客車租賃有限公司,桃園市桃園區三民路三段28之1號3樓之1,蔡菁玟,5000000,,115/07/28,一般補正案,G101041 小客車租賃業；IZ12010 人力派遣業；ZZ99999 除許可業務外，得經營法令非禁止或限制之業務,桃園市,變更,11507
54111947,穩鐽科技有限公司,桃園市桃園區會稽里大德三街122號9樓,莊孝怡,9000000,,115/07/13,股東出資轉讓修正章程,I103060 管理顧問業；I301010 資訊軟體服務業；I301020 資料處理服務業；I301030 電子資訊供應服務業；F401010 國際貿易業；CC01030 電器及視聽電子產品製造業；CC01080 電子零組件製造業；CC01090 電池製造業；CC01110 電腦及其週邊設備製造業；CC01990 其他電機及電子機械器材製造業,桃園市,變更,11507
54114304,台挺食品股份有限公司,桃園市楊梅區新農街二段180號,秦慧,4000000,,115/07/01,公司所在地,F102170 食品什貨批發業；F101130 蔬果批發業；F401010 國際貿易業；IZ06010 理貨包裝業；A102060 糧商業；ZZ99999 除許可業務外，得經營法令非禁止或限制之業務,桃園市,變更,11507
54119461,荃騵工程有限公司,桃園市觀音區草新里學文二街141巷5號(1樓),許藝耀,1000000,,115/07/14,一般補正案,B601010 土石採取業；E401010 疏濬業；E402010 沙石、淤泥海拋業；E599010 配管工程業；E603040 消防安全設備安裝工程業；E603080 交通號誌安裝工程業；E603090 照明設備安裝工程業；E603100 電焊工程業；E801010 室內裝潢業；E801020 門窗安裝工程業,桃園市,變更,11507
54128932,欣成石材有限公司,桃園市八德區陸光里仁愛街8巷17之1號2樓,,1000000,,115/07/01,解散,F111090 建材批發業；F105050 家具、寢具、廚房器具、裝設品批發業；F106010 五金批發業；E801070 廚具、衛浴設備安裝工程業；EZ99990 其他工程業,桃園市,變更,11507
54220298,濟雲實業股份有限公司,桃園市龜山區文化里文化二路38之11號2樓,蔡陳雅雲,7700000,,115/07/15,補繳規費,H701010 住宅及大樓開發租售業；H701020 工業廠房開發租售業；H701050 投資興建公共建設業；H701060 新市鎮、新社區開發業；H703100 不動產租賃業；I401010 一般廣告服務業；JE01010 租賃業；ZZ99999 除許可業務外，得經營法令非禁止或限制之業務；G202010 停車場經營業,桃園市,變更,11507
54236783,駿鴻環保有限公司,桃園市新屋區新屋里新興街52號,徐嘉伶,13000000,,115/07/06,股東出資轉讓修正章程,F106010 五金批發業；F199010 回收物料批發業；F199990 其他批發業；J101010 建築物清潔服務業；J101030 廢棄物清除業；J101040 廢棄物處理業；J101060 廢（污）水處理業；J101080 資源回收業；J101990 其他環境衛生及污染防治服務業；IZ12010 人力派遣業,桃園市,變更,11507
54248134,富揚銘有限公司,桃園市平鎮區湧光里湧峯路36巷48弄5號2樓,林峯生,1000000,,115/07/14,股東出資轉讓修正章程,E599010 配管工程業；E601010 電器承裝業；E603050 自動控制設備工程業；E604010 機械安裝業；EZ05010 儀器、儀表安裝工程業；EZ15010 保溫、保冷安裝工程業；F106010 五金批發業；F106040 水器材料批發業；F107030 清潔用品批發業；F107170 工業助劑批發業,桃園市,變更,11507
54261494,旭珅建設股份有限公司,桃園市龜山區振興路706之1號,范創堯,60600000,,115/07/08,變更為閉鎖性,H201010 一般投資業；H703090 不動產買賣業；H703100 不動產租賃業；I102010 投資顧問業；I103060 管理顧問業；H701010 住宅及大樓開發租售業；JE01010 租賃業；H701020 工業廠房開發租售業；G801010 倉儲業；ZZ99999 除許可業務外，得經營法令非禁止或限制之業務,桃園市,變更,11507
54266478,榮揚營造工程有限公司,桃園市桃園區文化里民權路6號5樓之4,呂榮斌,8000000,,115/07/16,一般補正案,F106010 五金批發業；F111090 建材批發業；F206010 五金零售業；F211010 建材零售業；E801010 室內裝潢業；E801020 門窗安裝工程業；E801030 室內輕鋼架工程業；EZ99990 其他工程業；JE01010 租賃業；ZZ99999 除許可業務外，得經營法令非禁止或限制之業務,桃園市,變更,11507
54316596,博望創新股份有限公司,桃園市桃園區汴洲里春日路1651巷13號,謝伯達,3000000,,115/07/08,董事/監察人持股變動報備,F113020 電器批發業；F113070 電信器材批發業；F213060 電信器材零售業；F401010 國際貿易業；F206010 五金零售業；F206020 日常用品零售業；F203010 食品什貨、飲料零售業；F205040 家具、寢具、廚房器具、裝設品零售業；F213010 電器零售業；F399040 無店面零售業,桃園市,變更,11507
54390167,薩摩亞商宜舜有限公司,桃園市中壢區中山東路3段233號,吳舜爵,1000000,,115/07/24,一般補正案,F104110 布疋、衣著、鞋、帽、傘、服飾品批發業；F107020 染料、顏料批發業；F107170 工業助劑批發業；F110020 眼鏡批發業；F113010 機械批發業；F113020 電器批發業；F113030 精密儀器批發業；F114030 汽、機車零件配備批發業；F401010 國際貿易業；E604010 機械安裝業,桃園市,變更,11507
54516074,美利美容有限公司,桃園市龍潭區中山里五福街103號(1樓),陳素芬,500000,,115/07/15,公司所在地,F108040 化粧品批發業；F208040 化粧品零售業；F106020 日常用品批發業；F206020 日常用品零售業；F107030 清潔用品批發業；F207030 清潔用品零售業；F102170 食品什貨批發業；F203010 食品什貨、飲料零售業；JZ99080 美容美髮服務業；I103060 管理顧問業,桃園市,變更,11507
54521750,奇多尚生物科技股份有限公司,桃園市中壢區五權里正大街56號9樓,陳張葆珍,12000000,,115/07/13,增資(資本總額),C801110 肥料製造業；F107050 肥料批發業；F207050 肥料零售業；F401010 國際貿易業；F106060 寵物食品及其用品批發業；F107030 清潔用品批發業；IG01010 生物技術服務業；F207080 環境用藥零售業；F299990 其他零售業；F102170 食品什貨批發業,桃園市,變更,11507
54523737,耘勝室內裝修工程有限公司,桃園市桃園區豐林里三和街54號1樓,林業耿,4000000,,115/07/01,公司所在地,E603050 自動控制設備工程業；E603090 照明設備安裝工程業；E801010 室內裝潢業；E801020 門窗安裝工程業；E801030 室內輕鋼架工程業；E901010 油漆工程業；F111090 建材批發業；I503010 景觀、室內設計業；F401010 國際貿易業；E603040 消防安全設備安裝工程業,桃園市,變更,11507
54525566,璡鋐企業有限公司,桃園市桃園區峨眉四街17號2樓,楊嘉峯,2000000,,115/07/23,一般補正案,CB01010 機械設備製造業；CB01990 其他機械製造業；C805050 工業用塑膠製品製造業；CA01050 鋼材二次加工業；CA02030 螺絲、螺帽、螺絲釘、及鉚釘等製品製造業；CA02990 其他金屬製品製造業；CC01080 電子零組件製造業；CC01990 其他電機及電子機械器材製造業；CP01010 手工具製造業；F113010 機械批發業,桃園市,變更,11507
54528634,育倫企業股份有限公司,桃園市桃園區同德七街27號（1樓）,郭先佑,1000000,,115/07/29,改選董事/監察人(一人法人股東指派董事/監察人),F109070 文教、樂器、育樂用品批發業；F111090 建材批發業；F113050 電腦及事務性機器設備批發業；F118010 資訊軟體批發業；IZ06010 理貨包裝業；JE01010 租賃業；H703090 不動產買賣業；H703100 不動產租賃業；ZZ99999 除許可業務外，得經營法令非禁止或限制之業務,桃園市,變更,11507
54528661,欣沂股份有限公司,桃園市桃園區春日路1434巷123號2樓,廖思源,10000000,,115/07/23,改選董事/監察人(一人法人股東指派董事/監察人),C306010 成衣業；F401010 國際貿易業；JA03010 洗衣業；C307010 服飾品製造業；F104110 布疋、衣著、鞋、帽、傘、服飾品批發業；ZZ99999 除許可業務外，得經營法令非禁止或限制之業務,桃園市,變更,11507
54532074,春運有限公司,桃園市中壢區忠福里南園二路428號,呂金蓮,500000,,115/07/29,公司所在地,F111090 建材批發業；F211010 建材零售業；F401010 國際貿易業；ZZ99999 除許可業務外，得經營法令非禁止或限制之業務,桃園市,變更,11507
54533382,俊龍嬰兒用品有限公司,桃園市桃園區民有東路16之2號2樓,石啟薇,1500000,,115/07/27,公司所在地,F102040 飲料批發業；F102170 食品什貨批發業；F104110 布疋、衣著、鞋、帽、傘、服飾品批發業；F106020 日常用品批發業；F107030 清潔用品批發業；F108031 醫療器材批發業；F108040 化粧品批發業；F109070 文教、樂器、育樂用品批發業；F114990 其他交通運輸工具及其零件批發業；F199990 其他批發業,桃園市,變更,11507
54538561,晶頎有限公司,桃園市大園區青山里永園路二段183巷89之8號(1樓),張東洧,1000000,,115/07/02,公司所營事業變更修正章程,F109070 文教、樂器、育樂用品批發業；F113010 機械批發業；F113020 電器批發業；F113030 精密儀器批發業；F113050 電腦及事務性機器設備批發業；F113070 電信器材批發業；F113110 電池批發業；F113990 其他機械器具批發業；F116010 照相器材批發業；F118010 資訊軟體批發業,桃園市,變更,11507
54539359,德華地產股份有限公司,桃園市桃園區鎮二街30號2樓,張文富,41000000,,115/07/20,改選董事/監察人(一人法人股東指派董事/監察人),E801010 室內裝潢業；H701010 住宅及大樓開發租售業；H701080 都市更新重建業；H703090 不動產買賣業；H703100 不動產租賃業；F211010 建材零售業,桃園市,變更,11507
54540927,禾睦不動產經紀有限公司,桃園市龜山區新路里萬壽路2段1000號1樓,鐘欽華,445000,,115/07/16,一般補正案,H701010 住宅及大樓開發租售業；H701020 工業廠房開發租售業；H701030 殯葬場所開發租售業；H701050 投資興建公共建設業；H701060 新市鎮、新社區開發業；H701070 區段徵收及市地重劃代辦業；H702010 建築經理業；H703090 不動產買賣業；H703100 不動產租賃業；H703110 老人住宅業,桃園市,變更,11507
54542235,遠程通訊科技股份有限公司,桃園市桃園區大林里桃鶯路437號,王明楠,100000000,,115/07/16,一般補正案,CC01030 電器及視聽電子產品製造業；CC01060 有線通信機械器材製造業；CC01070 無線通信機械器材製造業；CC01080 電子零組件製造業；CC01110 電腦及其週邊設備製造業；CC01120 資料儲存媒體製造及複製業；E701020 衛星電視ＫＵ頻道、Ｃ頻道器材安裝業；F113050 電腦及事務性機器設備批發業；F113070 電信器材批發業；F118010 資訊軟體批發業,桃園市,變更,11507
54546133,國世德國際多媒體股份有限公司,桃園市龍潭區烏林里中豐路461巷178號4樓,曾國全,50000000,,115/07/31,修正章程,F109070 文教、樂器、育樂用品批發業；F114030 汽、機車零件配備批發業；F114040 自行車及其零件批發業；F401010 國際貿易業；I401010 一般廣告服務業；J503010 廣播節目製作業；J503020 電視節目製作業；J503040 廣播電視廣告業；F107030 清潔用品批發業；F107080 環境用藥批發業,桃園市,變更,11507
54660204,達升有限公司,桃園市桃園區中正路1092號25樓,胡冠宇,1000000,,115/07/22,董事/股東更名,F102170 食品什貨批發業；F106020 日常用品批發業；F108040 化粧品批發業；F114030 汽、機車零件配備批發業；I301010 資訊軟體服務業；IZ13010 網路認證服務業；ZZ99999 除許可業務外，得經營法令非禁止或限制之業務,桃園市,變更,11507
54704168,瑾豐貿易有限公司,桃園市大園區環區中路27號(1樓),郭盈希,24850000,,115/07/16,增資,F101130 蔬果批發業；F101990 其他農、畜、水產品批發業；F106020 日常用品批發業；F107050 肥料批發業；F199990 其他批發業；F201010 農產品零售業；F201990 其他農畜水產品零售業；F202010 飼料零售業；F206020 日常用品零售業；F207050 肥料零售業,桃園市,變更,11507
54788292,大桃園管理顧問有限公司,桃園市桃園區大原路16巷30弄2號（1樓）,林秉澄,600000,,115/07/08,一般補正案,I103060 管理顧問業；I199990 其他顧問服務業；I401010 一般廣告服務業；J304010 圖書出版業；JZ99050 仲介服務業；F401010 國際貿易業；H701010 住宅及大樓開發租售業；H701020 工業廠房開發租售業；ZZ99999 除許可業務外，得經營法令非禁止或限制之業務；H701070 區段徵收及市地重劃代辦業,桃園市,變更,11507
54793302,東霖生活事業有限公司,桃園市蘆竹區坑口里大有街19號之1,潘居在,2500000,,115/07/16,公司所營事業變更修正章程,J101010 建築物清潔服務業；J101030 廢棄物清除業；J101040 廢棄物處理業；J101050 環境檢測服務業；J101070 放射性廢料處理服務業；J101090 廢棄物清理業；J101990 其他環境衛生及污染防治服務業；F106010 五金批發業；F119010 電子材料批發業；F199010 回收物料批發業,桃園市,變更,11507
54800970,玥鴻醫材股份有限公司,桃園市平鎮區平東路659巷31號6樓,林育業,555067680,,115/07/30,一般補正案,C801030 精密化學材料製造業；CE01030 光學儀器製造業；CE01990 其他光學及精密器械製造業；F213040 精密儀器零售業；IG01010 生物技術服務業；CF01011 醫療器材製造業；F108031 醫療器材批發業；F208031 醫療器材零售業；ZZ99999 除許可業務外，得經營法令非禁止或限制之業務,桃園市,變更,11507
54804526,勝湘園藝有限公司,桃園市桃園區水汴一路127號,呂芳昇,2000000,,115/07/23,公司所在地,F101100 花卉批發業；F201070 花卉零售業；F111090 建材批發業；F211010 建材零售業；F401010 國際貿易業；A201010 造林業；A102080 園藝服務業；EZ99990 其他工程業；E599010 配管工程業；I503010 景觀、室內設計業,桃園市,變更,11507
54804737,十方至善行銷有限公司,桃園市平鎮區環南路二段11號19樓之1,劉邦彥,550000,,115/07/06,公司所營事業變更修正章程,F102170 食品什貨批發業；F104110 布疋、衣著、鞋、帽、傘、服飾品批發業；F106020 日常用品批發業；F106070 祭祀用品批發業；F107030 清潔用品批發業；F109070 文教、樂器、育樂用品批發業；F203010 食品什貨、飲料零售業；F206020 日常用品零售業；F206060 祭祀用品零售業；F207030 清潔用品零售業,桃園市,變更,11507
54805692,台灣耀燊生技股份有限公司,桃園市蘆竹區福昌里南順六街57號2樓,邱鼎文,16880000,,115/07/21,改選董事/監察人(一人法人股東指派董事/監察人),F108040 化粧品批發業；F208040 化粧品零售業；F399040 無店面零售業；F401010 國際貿易業；I401010 一般廣告服務業；I501010 產品設計業；C802090 清潔用品製造業；C802100 化粧品製造業；C802110 化粧品色素製造業；C805990 其他塑膠製品製造業,桃園市,變更,11507
54810695,正勇電機有限公司,桃園市桃園區莊敬里莊敬路1段371號4樓之5,吳正勇,3000000,,115/07/22,股東出資轉讓修正章程,CC01010 發電、輸電、配電機械製造業；CC01990 其他電機及電子機械器材製造業；CB01010 機械設備製造業；CB01990 其他機械製造業；CC01080 電子零組件製造業；E603050 自動控制設備工程業；F113020 電器批發業；F213010 電器零售業；ZZ99999 除許可業務外，得經營法令非禁止或限制之業務,桃園市,變更,11507
54815185,鼎岳精密計量有限公司,桃園市龍潭區烏林里中豐路461巷176號八樓,陳昱丞,5000000,,115/07/06,增資,E603050 自動控制設備工程業；EZ05010 儀器、儀表安裝工程業；F113010 機械批發業；F113030 精密儀器批發業；F113050 電腦及事務性機器設備批發業；F113060 度量衡器批發業；F119010 電子材料批發業；F213040 精密儀器零售業；F213050 度量衡器零售業；F219010 電子材料零售業,桃園市,變更,11507
54818726,元茂園藝有限公司,桃園市平鎮區金陵里金陵路二段32號1樓,林清寳,500000,,115/07/06,公司所營事業變更修正章程,A101050 花卉栽培業；A102050 作物栽培服務業；A102080 園藝服務業；A201010 造林業；F201010 農產品零售業；F201070 花卉零售業；F399040 無店面零售業；F107080 環境用藥批發業；F207080 環境用藥零售業；I301030 電子資訊供應服務業,桃園市,變更,11507
54818845,長聖儀器股份有限公司,桃園市中壢區中園路192號十樓之16,馮建忠,28500000,,115/07/01,一般補正案,CB01010 機械設備製造業；CE01010 一般儀器製造業；F113030 精密儀器批發業；F113060 度量衡器批發業；F119010 電子材料批發業；F401010 國際貿易業；F108031 醫療器材批發業；I301010 資訊軟體服務業；F118010 資訊軟體批發業；F218010 資訊軟體零售業,桃園市,變更,11507
54837879,光孚子科技股份有限公司,桃園市龜山區迴龍里自由街8巷6號,吳貞儀,6000000,,115/07/23,改選董事/監察人(一人法人股東指派董事/監察人),F102170 食品什貨批發業；F104110 布疋、衣著、鞋、帽、傘、服飾品批發業；F105050 家具、寢具、廚房器具、裝設品批發業；F106020 日常用品批發業；F108040 化粧品批發業；F109070 文教、樂器、育樂用品批發業；F113050 電腦及事務性機器設備批發業；F119010 電子材料批發業；F121010 食品添加物批發業；F203010 食品什貨、飲料零售業,桃園市,變更,11507
54919549,易格材料科技有限公司,桃園市楊梅區金山街298巷20號,邱奕宏,54600000,,115/07/09,增資,F107990 其他化學製品批發業；F401010 國際貿易業；I103060 管理顧問業；CB01010 機械設備製造業；ZZ99999 除許可業務外，得經營法令非禁止或限制之業務,桃園市,變更,11507
54920068,呈皇精密有限公司,桃園市中壢區仁和里仁德二街56巷5號2樓,賴美崴,400000,,115/07/15,股東出資轉讓修正章程,CA02990 其他金屬製品製造業；CB01010 機械設備製造業；CB01990 其他機械製造業；CD01030 汽車及其零件製造業；CD01040 機車及其零件製造業；CP01010 手工具製造業；F106010 五金批發業；F113010 機械批發業；F114030 汽、機車零件配備批發業；F401010 國際貿易業,桃園市,變更,11507
54920898,佳禾綠材企業股份有限公司,桃園市平鎮區中豐路南勢二段460巷27號,游鳳勤,78500000,,115/07/07,一般補正案,F107190 塑膠膜、袋批發業；F107200 化學原料批發業；F207190 塑膠膜、袋零售業；F207200 化學原料零售業；C801100 合成樹脂及塑膠製造業；C805010 塑膠皮、布、板、管材製造業；C805020 塑膠膜、袋製造業；C805030 塑膠日用品製造業；C805050 工業用塑膠製品製造業；C805990 其他塑膠製品製造業,桃園市,變更,11507
54920948,永源科技材料股份有限公司,桃園市大園區民權路3號(1樓),吳旻鴻,26000000,,115/07/29,一般補正案,F107010 漆料、塗料批發業；J101030 廢棄物清除業；F115010 首飾及貴金屬批發業；F119010 電子材料批發業；F199010 回收物料批發業；F199990 其他批發業；F401010 國際貿易業；G801010 倉儲業；ZZ99999 除許可業務外，得經營法令非禁止或限制之業務,桃園市,變更,11507
54921550,榮勤工業股份有限公司,桃園市龜山區萬壽路一段488號1樓,楊金玉,1000000,,115/07/06,公司所營事業變更修正章程,CA02030 螺絲、螺帽、螺絲釘、及鉚釘等製品製造業；CA02090 金屬線製品製造業；CA02990 其他金屬製品製造業；CC01030 電器及視聽電子產品製造業；CC01040 照明設備製造業；CC01060 有線通信機械器材製造業；CC01070 無線通信機械器材製造業；CC01080 電子零組件製造業；CC01100 電信管制射頻器材製造業；CC01110 電腦及其週邊設備製造業,桃園市,變更,11507
54921691,鵬宬科技有限公司,桃園市蘆竹區南崁里中正路90號（10樓）,蔡明軒,3000000,,115/07/24,公司所在地,F106010 五金批發業；F107170 工業助劑批發業；F107200 化學原料批發業；F107990 其他化學製品批發業；F199010 回收物料批發業；F207170 工業助劑零售業；F207200 化學原料零售業；F401010 國際貿易業；F102180 酒精批發業；F119010 電子材料批發業,桃園市,變更,11507
54922214,向止設計有限公司,桃園市桃園區保定三街89巷67號,陳道,1000000,,115/07/28,一般補正案,E801010 室內裝潢業；E801020 門窗安裝工程業；E801030 室內輕鋼架工程業；E801040 玻璃安裝工程業；E801070 廚具、衛浴設備安裝工程業；E901010 油漆工程業；E601020 電器安裝業；E603040 消防安全設備安裝工程業；E603050 自動控制設備工程業；E603090 照明設備安裝工程業,桃園市,變更,11507
54922360,晟湰有限公司,桃園市龍潭區烏林里工二路275之18號,李威德,2000000,,115/07/21,股東出資轉讓修正章程,CA02060 金屬容器製造業；CA02990 其他金屬製品製造業；CE01010 一般儀器製造業；CE01030 光學儀器製造業；CN01010 家具及裝設品製造業；CZ99990 未分類其他工業製品製造業；E599010 配管工程業；E601020 電器安裝業；E603010 電纜安裝工程業；E603050 自動控制設備工程業,桃園市,變更,11507
54922755,晉達汽車有限公司,桃園市桃園區龍安里文中路654巷10號1樓,李婉樺,6500000,,115/07/16,增資,JA01010 汽車修理業；JA01990 其他汽車服務業；ZZ99999 除許可業務外，得經營法令非禁止或限制之業務；F214010 汽車零售業,桃園市,變更,11507
54922930,厚陞建設股份有限公司,桃園市桃園區同安里同德六街89號十樓之3,鄭明哲,80000000,,115/07/22,增資(資本總額),F111090 建材批發業；F211010 建材零售業；H701010 住宅及大樓開發租售業；H701020 工業廠房開發租售業；H703100 不動產租賃業；F401010 國際貿易業；ZZ99999 除許可業務外，得經營法令非禁止或限制之業務,桃園市,變更,11507
54923614,喬瑞投資有限公司,桃園市桃園區中成里文中一路296號3樓,張傑翔,2000000,,115/07/24,公司所在地,H201010 一般投資業；H703100 不動產租賃業；ZZ99999 除許可業務外，得經營法令非禁止或限制之業務,桃園市,變更,11507
54925845,湧睿投資股份有限公司,桃園市桃園區明德里中正路1313號14樓,馬峰臨,10000000,,115/07/27,改選董事/監察人(一人法人股東指派董事/監察人),H201010 一般投資業,桃園市,變更,11507
54926422,創鑫電波有限公司,桃園市桃園區民光東路172之1號2樓,吳奇霖,2000000,,115/07/21,增資,IF04010 非破壞檢測業；IZ12010 人力派遣業；E604010 機械安裝業；EZ05010 儀器、儀表安裝工程業；F111090 建材批發業；F113010 機械批發業；F113030 精密儀器批發業；ZZ99999 除許可業務外，得經營法令非禁止或限制之業務；F401010 國際貿易業；CA01050 鋼材二次加工業,桃園市,變更,11507
54926990,宜田家族傳承顧問有限公司,桃園市中壢區青埔里高鐵站前西路一段268號八樓之2,劉宜岑,100000,,115/07/06,一般補正案,I103060 管理顧問業；I199990 其他顧問服務業；H701010 住宅及大樓開發租售業；H701050 投資興建公共建設業；H701060 新市鎮、新社區開發業；H701090 都市更新整建維護業；H702010 建築經理業；H703090 不動產買賣業；H703100 不動產租賃業；I401010 一般廣告服務業,桃園市,變更,11507
54927409,登益富股份有限公司,桃園市八德區建國路133巷6弄10號,楊曉雲,57200000,,115/07/28,一般補正案,H201010 一般投資業；I103060 管理顧問業；H701010 住宅及大樓開發租售業；H703090 不動產買賣業；H703100 不動產租賃業；F399040 無店面零售業；F401010 國際貿易業；F501030 飲料店業；F501060 餐館業；F104110 布疋、衣著、鞋、帽、傘、服飾品批發業,桃園市,變更,11507
54927512,農學物流股份有限公司,桃園市蘆竹區厚生路2號1樓,簡世裕,34800000,,115/07/15,改選董事/監察人(一人法人股東指派董事/監察人),G101061 汽車貨運業；G801010 倉儲業；IZ06010 理貨包裝業；H703100 不動產租賃業；I199990 其他顧問服務業；G799990 其他運輸輔助業；JE01010 租賃業；F401010 國際貿易業；ZZ99999 除許可業務外，得經營法令非禁止或限制之業務,桃園市,變更,11507
54929933,鴻儀建設開發股份有限公司,桃園市龍潭區九龍里五福街272號,歐亭延,16360000,,115/07/09,一般補正案,H701010 住宅及大樓開發租售業；H701020 工業廠房開發租售業；H701040 特定專業區開發業；H701050 投資興建公共建設業；H701060 新市鎮、新社區開發業；H701070 區段徵收及市地重劃代辦業；H701080 都市更新重建業；H701090 都市更新整建維護業；H703090 不動產買賣業；H703100 不動產租賃業,桃園市,變更,11507
54930609,澤聖擺渡國際事業股份有限公司,桃園市新屋區濱海路永興段719號,龔澤民,75000000,,115/07/20,一般補正案,ZZ99999 除許可業務外，得經營法令非禁止或限制之業務；JZ99990 未分類其他服務業；J101030 廢棄物清除業；J101040 廢棄物處理業；F106060 寵物食品及其用品批發業；F206050 寵物食品及其用品零售業；F206060 祭祀用品零售業；JZ99190 寵物生命紀念業,桃園市,變更,11507
54930798,健發綜合物流有限公司,桃園市桃園區福元里民有三街22號1樓之1,洪文祥,2000000,,115/07/07,公司所在地,IZ06010 理貨包裝業；IZ99990 其他工商服務業；F107190 塑膠膜、袋批發業；F109070 文教、樂器、育樂用品批發業；F106020 日常用品批發業；F106010 五金批發業；F401010 國際貿易業；I599990 其他設計業；IZ12010 人力派遣業；G801010 倉儲業,桃園市,變更,11507
54933280,和盈空壓機械有限公司,桃園市觀音區大同里中山路二段388巷28號1樓,賴逸玲,2000000,,115/07/16,增資,F106010 五金批發業；F106040 水器材料批發業；F111090 建材批發業；F113010 機械批發業；F113020 電器批發業；F113990 其他機械器具批發業；F119010 電子材料批發業；F206010 五金零售業；F206040 水器材料零售業；F213080 機械器具零售業,桃園市,變更,11507
54933887,穎軒國際股份有限公司,桃園市平鎮區廣仁里大昌路55巷14號5樓,曾世豪,15720000,,115/07/16,公司所在地,CA04010 表面處理業；CB01010 機械設備製造業；E603050 自動控制設備工程業；E605010 電腦設備安裝業；EZ05010 儀器、儀表安裝工程業；F113010 機械批發業；F113030 精密儀器批發業；F113050 電腦及事務性機器設備批發業；F119010 電子材料批發業；F213030 電腦及事務性機器設備零售業,桃園市,變更,11507
54934555,芷琳有限公司,桃園市中壢區仁福里仁德街9號1樓,蔡振偉,300000,,115/07/14,股東出資轉讓修正章程,F501060 餐館業；F501990 其他餐飲業；ZZ99999 除許可業務外，得經營法令非禁止或限制之業務,桃園市,變更,11507
54937363,展竣國際貿易有限公司,桃園市龍潭區烏林里工五路139巷79號,蔡興振,1000000,,115/07/29,公司名稱變更修正章程,F106010 五金批發業；F114010 汽車批發業；F114020 機車批發業；F114030 汽、機車零件配備批發業；F114050 車胎批發業；F199010 回收物料批發業；F206010 五金零售業；F214010 汽車零售業；F214020 機車零售業；F214030 汽、機車零件配備零售業,桃園市,變更,11507
54940162,擎法科技股份有限公司,桃園市中壢區中正里興仁路二段331號11樓之5,王建興,100000,,115/07/23,申登機關變更（遷入，含卷）,I301010 資訊軟體服務業；I301020 資料處理服務業；I301030 電子資訊供應服務業；I501010 產品設計業；I599990 其他設計業；IG02010 研究發展服務業；IG03010 能源技術服務業；CC01080 電子零組件製造業；F113070 電信器材批發業；F118010 資訊軟體批發業,桃園市,變更,11507
54941367,台電化股份有限公司,桃園市桃園區塩務路34之1號,楊曜光,3000000,,115/07/09,申登機關變更（遷入，含卷）,CB01010 機械設備製造業；F113010 機械批發業；F401010 國際貿易業；ZZ99999 除許可業務外，得經營法令非禁止或限制之業務；CE01010 一般儀器製造業；F213030 電腦及事務性機器設備零售業；F213040 精密儀器零售業；F213080 機械器具零售業；I101100 航空顧問業；I103060 管理顧問業,桃園市,變更,11507
54941675,高華建設有限公司,桃園市龍潭區烏林里工二路一段96巷11號,高武一,35000000,,115/07/17,公司所在地門牌整編,H701010 住宅及大樓開發租售業；H703090 不動產買賣業；F111090 建材批發業；H201010 一般投資業；H701020 工業廠房開發租售業；H701050 投資興建公共建設業；H702010 建築經理業；H701060 新市鎮、新社區開發業；E599010 配管工程業；E601020 電器安裝業,桃園市,變更,11507
54942099,仕藍迪彼科技股份有限公司,桃園市桃園區大林里大仁路50巷33號,蕭酩献,10000000,,115/07/08,公司外文名稱變更修正章程,CA01100 鋁材軋延、伸線、擠型業；CB01010 機械設備製造業；CC01040 照明設備製造業；CC01060 有線通信機械器材製造業；CC01070 無線通信機械器材製造業；CC01080 電子零組件製造業；CC01110 電腦及其週邊設備製造業；CC01990 其他電機及電子機械器材製造業；CD01030 汽車及其零件製造業；CD01990 其他運輸工具及其零件製造業,桃園市,變更,11507
54946406,智能品光機電股份有限公司,桃園市龜山區文昌三街8之3號3樓,林正誠,153360000,,115/07/30,發行新股,F113020 電器批發業；F113030 精密儀器批發業；F113060 度量衡器批發業；F113070 電信器材批發業；F113100 污染防治設備批發業；F118010 資訊軟體批發業；F119010 電子材料批發業；F399040 無店面零售業；F401010 國際貿易業；F601010 智慧財產權業,桃園市,變更,11507
54948312,盈采有限公司,桃園市大溪區南興里快速路162號12樓,李應忠,1000000,,115/07/17,股東出資轉讓修正章程,EZ99990 其他工程業；E801010 室內裝潢業；EZ02010 起重工程業；F111090 建材批發業；F211010 建材零售業；F401010 國際貿易業；I503010 景觀、室內設計業；J101990 其他環境衛生及污染防治服務業；JE01010 租賃業；ZZ99999 除許可業務外，得經營法令非禁止或限制之業務,桃園市,變更,11507
55656558,正達通運有限公司,桃園市桃園區大興西路二段273號16樓之1,賴韻淇,20000000,,115/07/09,股東出資轉讓修正章程,G101051 遊覽車客運業；G202010 停車場經營業；F114030 汽、機車零件配備批發業；F114050 車胎批發業；F401010 國際貿易業；IZ12010 人力派遣業；JA01990 其他汽車服務業；JE01010 租賃業；JZ99050 仲介服務業；ZZ99999 除許可業務外，得經營法令非禁止或限制之業務,桃園市,變更,11507
55794068,筑丰山林有限公司,桃園市中壢區中美路一段12號3樓,黃柏崇,1000000,,115/07/20,申登機關變更（遷入，含卷）,F102170 食品什貨批發業；F108040 化粧品批發業；F113990 其他機械器具批發業；F203010 食品什貨、飲料零售業；F208040 化粧品零售業；F213990 其他機械器具零售業；F399040 無店面零售業；F401010 國際貿易業；JE01010 租賃業；JZ99050 仲介服務業,桃園市,變更,11507
55899653,凱升交通工程有限公司,桃園市新屋區大坡里文大路530號,李柏霖,3000000,,115/07/16,公司所營事業變更修正章程,F401010 國際貿易業；I301020 資料處理服務業；ZZ99999 除許可業務外，得經營法令非禁止或限制之業務；F199990 其他批發業；F399990 其他綜合零售業；E603080 交通號誌安裝工程業；EZ06010 交通標示工程業；E901010 油漆工程業；F113090 交通標誌器材批發業；F207010 漆料、塗料零售業,桃園市,變更,11507
55900791,同致電子企業股份有限公司,桃園市蘆竹區南青路1156巷9號,陳聖儒,979183340,,115/07/13,改選董事/監察人(一人法人股東指派董事/監察人),CC01080 電子零組件製造業；CC01100 電信管制射頻器材製造業；CD01030 汽車及其零件製造業；F113070 電信器材批發業；F114030 汽、機車零件配備批發業；F119010 電子材料批發業；F401010 國際貿易業；F601010 智慧財產權業；I501010 產品設計業；ZZ99999 除許可業務外，得經營法令非禁止或限制之業務,桃園市,變更,11507
60263104,凱創運動有限公司,桃園市龜山區樂善二路556號11樓,蕭敬安,500000,,115/07/07,增資,I199990 其他顧問服務業；I301010 資訊軟體服務業；I301030 電子資訊供應服務業；J802010 運動訓練業；J803020 運動比賽業；ZZ99999 除許可業務外，得經營法令非禁止或限制之業務；I102010 投資顧問業；I103060 管理顧問業；I301020 資料處理服務業；I401010 一般廣告服務業,桃園市,變更,11507
60303290,藍水資本股份有限公司,桃園市中壢區正義里005鄰中山東路一段232號(2樓),盧敬和,11000000,,115/07/06,發行新股,I102010 一般投資顧問業；H201010 一般投資業；ZZ99999 除許可業務外，得經營法令非禁止或限制之業務,桃園市,變更,11507
60303377,勵廚實業有限公司,桃園市桃園區藝文一街86之6號17樓,林苡萱,2000000,,115/07/20,增資,F101040 家畜家禽批發業；F101050 水產品批發業；F101990 其他農、畜、水產品批發業；F102020 食用油脂批發業；F102170 食品什貨批發業；F201020 畜產品零售業；F201990 其他農畜水產品零售業；F203010 食品什貨、飲料零售業；F399990 其他綜合零售業；F401010 國際貿易業,桃園市,變更,11507
60303643,杰旂地產股份有限公司,桃園市桃園區文中里正光一街199號,李佳旂,1000000,,115/07/08,董事/監察人持股變動報備,H703090 不動產買賣業；H703100 不動產租賃業；H703110 老人住宅業；H704031 不動產仲介經紀業；H704041 不動產代銷經紀業；H701010 住宅及大樓開發租售業；H701020 工業廠房開發租售業；H701040 特定專業區開發業；H701050 投資興建公共建設業；H701060 新市鎮、新社區開發業,桃園市,變更,11507
60345242,豐宸車業有限公司,桃園市蘆竹區蘆興里中正北路92號,陳子陽,500000,,115/07/03,股東出資轉讓修正章程,JA01010 汽車修理業；JA01020 汽車拖吊業；JA01990 其他汽車服務業；F114030 汽、機車零件配備批發業；F114050 車胎批發業；F214030 汽、機車零件配備零售業；F214050 車胎零售業；F214990 其他交通運輸工具及其零件零售業；F219010 電子材料零售業；F401010 國際貿易業,桃園市,變更,11507
60345290,曜極科技有限公司,桃園市桃園區藝文一街86之3號十二樓,盧思傑,3000000,,115/07/17,股東出資轉讓修正章程,CB01010 機械設備製造業；CC01080 電子零組件製造業；E604010 機械安裝業；F113010 機械批發業；F113030 精密儀器批發業；F113990 其他機械器具批發業；F119010 電子材料批發業；F401010 國際貿易業；JA02010 電器及電子產品修理業；JA02990 其他修理業,桃園市,變更,11507
60345382,餚集客餐飲顧問有限公司,桃園市楊梅區裕成路214巷1弄5號,劉東昀,3000000,,115/07/09,一般補正案,F501060 餐館業；F501030 飲料店業；F102170 食品什貨批發業；F203010 食品什貨、飲料零售業；F102040 飲料批發業；F399040 無店面零售業；F501990 其他餐飲業；F401010 國際貿易業；F101050 水產品批發業；F101990 其他農、畜、水產品批發業,桃園市,變更,11507
60355331,禾利臻味膳食坊有限公司,桃園市新屋區頭洲里新洲五街69號(1樓),古運清,6000000,,115/07/16,股東出資轉讓修正章程,C104020 烘焙炊蒸食品製造業；C199030 即食餐食製造業；F203010 食品什貨、飲料零售業；F501990 其他餐飲業；I103060 管理顧問業；IZ15010 市場研究及民意調查業；JZ99090 喜慶綜合服務業；JZ99990 未分類其他服務業；ZZ99999 除許可業務外，得經營法令非禁止或限制之業務,桃園市,變更,11507
60355698,平瀞投資有限公司,桃園市桃園區南埔里永順街99巷13號4樓,王凱平,700000,,115/07/31,公司所營事業變更修正章程,I103060 管理顧問業；H201010 一般投資業；H703090 不動產買賣業；H703100 不動產租賃業；JE01010 租賃業；ZZ99999 除許可業務外，得經營法令非禁止或限制之業務；F108040 化粧品批發業；F208040 化粧品零售業；F107030 清潔用品批發業；F207030 清潔用品零售業,桃園市,變更,11507
60355901,山鼎有限公司,桃園市八德區廣福路517之2號,卓訓毓,800000,,115/07/31,股東出資轉讓修正章程,F106010 五金批發業；F106020 日常用品批發業；F106030 模具批發業；F107030 清潔用品批發業；F113010 機械批發業；F113020 電器批發業；F113030 精密儀器批發業；F113050 電腦及事務性機器設備批發業；F113990 其他機械器具批發業；F118010 資訊軟體批發業,桃園市,變更,11507
60356583,魚男有限公司,桃園市中壢區九和三街6號,劉東昀,3000000,,115/07/29,一般補正案,F101050 水產品批發業；F101990 其他農、畜、水產品批發業；F501060 餐館業；F399040 無店面零售業；F203020 菸酒零售業；ZZ99999 除許可業務外，得經營法令非禁止或限制之業務,桃園市,變更,11507
60356726,昊勝國際有限公司,桃園市桃園區寶慶路384號1樓之1,吳嘉杰,1000000,,115/07/01,公司所營事業變更修正章程,F102170 食品什貨批發業；F104110 布疋、衣著、鞋、帽、傘、服飾品批發業；F105050 家具、寢具、廚房器具、裝設品批發業；F106020 日常用品批發業；F107030 清潔用品批發業；F108040 化粧品批發業；F118010 資訊軟體批發業；F203010 食品什貨、飲料零售業；F204110 布疋、衣著、鞋、帽、傘、服飾品零售業；F205040 家具、寢具、廚房器具、裝設品零售業,桃園市,變更,11507
60362993,璟睿聯合有限公司,桃園市桃園區藝文一街86之3號12樓,邱筠淽,7008000,,115/07/28,申登機關變更（遷入，含卷）,CC01010 發電、輸電、配電機械製造業；D101060 再生能源自用發電設備業；IG03010 能源技術服務業；A101020 農作物栽培業；A102020 農產品整理業；A199990 其他農業；A301030 水產養殖業；A302020 漁業服務業；A399990 其他漁業；A401010 畜牧場經營業,桃園市,變更,11507
60364916,超逸汽車國際有限公司,桃園市大園區五權里五青路65號,吳沂潔,6900000,,115/07/24,增資,F114030 汽、機車零件配備批發業；F213110 電池零售業；F214030 汽、機車零件配備零售業；F214050 車胎零售業；JA01010 汽車修理業；JA01990 其他汽車服務業；JA02990 其他修理業；ZZ99999 除許可業務外，得經營法令非禁止或限制之業務,桃園市,變更,11507
60365197,程優教育科技股份有限公司,桃園市桃園區同德二街5號(1樓),蔡佩芳,46000000,,115/07/29,公司所營事業變更修正章程,I301010 資訊軟體服務業；I301020 資料處理服務業；I301030 電子資訊供應服務業；I401010 一般廣告服務業；I501010 產品設計業；J201031 短期補習班業；J304010 圖書出版業；J305010 有聲出版業；J399010 軟體出版業；JA05010 留、遊學服務業,桃園市,變更,11507
60365746,允得金屬有限公司,桃園市桃園區龍祥里國強二街277巷6弄5號(2樓),許騰允,101000,,115/07/02,公司所在地,CB01990 其他機械製造業；CC01010 發電、輸電、配電機械製造業；CC01990 其他電機及電子機械器材製造業；F106010 五金批發業；F111090 建材批發業；F113010 機械批發業；F401010 國際貿易業；F101050 水產品批發業；F101130 蔬果批發業；F199010 回收物料批發業,桃園市,變更,11507
60380155,米亞時尚有限公司,桃園市桃園區豐林里保羅街175號,張翔惇,200000,,115/07/31,股東出資轉讓修正章程,E601020 電器安裝業；F113020 電器批發業；F213010 電器零售業；I401010 一般廣告服務業；I199990 其他顧問服務業；JB01010 會議及展覽服務業；JZ99090 喜慶綜合服務業；JZ99990 未分類其他服務業；JA02010 電器及電子產品修理業；JA02990 其他修理業,桃園市,變更,11507
60380373,鑫桃汽車有限公司,桃園市桃園區中山路1014號,章立人,10000000,,115/07/06,改推董事/董事長,F114010 汽車批發業；F214010 汽車零售業；F401010 國際貿易業；F114030 汽、機車零件配備批發業；F214030 汽、機車零件配備零售業；JA01010 汽車修理業；JA01990 其他汽車服務業；I301010 資訊軟體服務業；I301020 資料處理服務業；I301030 電子資訊供應服務業,桃園市,變更,11507
60397536,森禾國際事業有限公司,桃園市龜山區萬壽路一段75號,潘志宏,5502000,,115/07/23,股東出資轉讓修正章程,F121010 食品添加物批發業；F221010 食品添加物零售業；F102170 食品什貨批發業；F104110 布疋、衣著、鞋、帽、傘、服飾品批發業；F105050 家具、寢具、廚房器具、裝設品批發業；F106020 日常用品批發業；F106010 五金批發業；F101990 其他農、畜、水產品批發業；F102030 菸酒批發業；F102040 飲料批發業,桃園市,變更,11507
60397698,斗金國際健康管理顧問股份有限公司,桃園市桃園區永安里力行路7號11樓之1,林佳宜,1000000,,115/07/21,改選董事/監察人(一人法人股東指派董事/監察人),F102170 食品什貨批發業；F106010 五金批發業；F106020 日常用品批發業；F107030 清潔用品批發業；F108040 化粧品批發業；F113070 電信器材批發業；F118010 資訊軟體批發業；F199990 其他批發業；F203010 食品什貨、飲料零售業；F204110 布疋、衣著、鞋、帽、傘、服飾品零售業,桃園市,變更,11507
60397775,源策實業有限公司,桃園市龜山區文東五街30巷2號(1樓),劉泰源,1250000,,115/07/14,增資,EZ05010 儀器、儀表安裝工程業；I301010 資訊軟體服務業；I501010 產品設計業；E801010 室內裝潢業；E603010 電纜安裝工程業；F401010 國際貿易業；I301020 資料處理服務業；E701040 簡易電信設備安裝業；F118010 資訊軟體批發業；F113070 電信器材批發業,桃園市,變更,11507
60406818,霂康天賜生技股份有限公司,桃園市龍潭區中正路上華段7號(1樓),周德聰,10000000,,115/07/14,增資(資本總額),F106020 日常用品批發業；F107030 清潔用品批發業；F108031 醫療器材批發業；F108040 化粧品批發業；F113030 精密儀器批發業；F119010 電子材料批發業；F206020 日常用品零售業；F207030 清潔用品零售業；F208031 醫療器材零售業；F208040 化粧品零售業,桃園市,變更,11507
60407154,蘊創生技有限公司,桃園市中壢區中建里延平路500號十樓之4,邱昭君,19000000,,115/07/13,增資,F108040 化粧品批發業；F401010 國際貿易業；F601010 智慧財產權業；IG01010 生物技術服務業；IG02010 研究發展服務業；ZZ99999 除許可業務外，得經營法令非禁止或限制之業務；F108031 醫療器材批發業；F208031 醫療器材零售業；F399040 無店面零售業；I501010 產品設計業,桃園市,變更,11507
60407561,全昌資源材料股份有限公司,桃園市桃園區中正路1050號18樓,董希平,1000000,,115/07/02,一般補正案,B601010 土石採取業；C901030 水泥製造業；C901040 預拌混凝土製造業；C901050 水泥及混凝土製品製造業；C901060 耐火材料製造業；C901070 石材製品製造業；F111090 建材批發業；F120010 耐火材料批發業；F199010 回收物料批發業；F199990 其他批發業,桃園市,變更,11507
60411679,達碁工程有限公司,桃園市桃園區經國路888號10樓之11,劉芮茵,1000000,,115/07/28,申登機關變更（遷入，含卷）,EZ99990 其他工程業；I199990 其他顧問服務業；I103060 管理顧問業；E801010 室內裝潢業；F105050 家具、寢具、廚房器具、裝設品批發業；F205040 家具、寢具、廚房器具、裝設品零售業；F111090 建材批發業；F211010 建材零售業；F107030 清潔用品批發業；F207030 清潔用品零售業,桃園市,變更,11507
60458239,康裕活力股份有限公司,桃園市桃園區天祥五街29號,李焯雅,24943957,,115/07/02,發行新股,J801030 競技及休閒運動場館業；J802010 運動訓練業；J803010 運動表演業；I103060 管理顧問業；H202010 創業投資業；ZZ99999 除許可業務外，得經營法令非禁止或限制之業務,桃園市,變更,11507
60484102,湛藍國際股份有限公司,桃園市蘆竹區經國路906號5樓,藍淑貞,3200000,,115/07/29,公司所在地,F208040 化粧品零售業；F113030 精密儀器批發業；F113010 機械批發業；F102170 食品什貨批發業；F203010 食品什貨、飲料零售業；F213040 精密儀器零售業；F213080 機械器具零售業；F104110 布疋、衣著、鞋、帽、傘、服飾品批發業；F105050 家具、寢具、廚房器具、裝設品批發業；F107030 清潔用品批發業,桃園市,變更,11507
60484686,非常投資有限公司,桃園市龜山區迴龍里萬壽路一段241巷2弄2號15樓之5,王奕茜,29503600,,115/07/30,一般補正案,H201010 一般投資業；ZZ99999 除許可業務外，得經營法令非禁止或限制之業務,桃園市,變更,11507
60489465,宣德工業股份有限公司,桃園市龜山區民生北路一段568號7樓,蔡鎮隆,95000000,,115/07/27,一般補正案,C804020 工業用橡膠製品製造業；C805050 工業用塑膠製品製造業；CA01130 銅材軋延、伸線、擠型業；CA02010 金屬結構及建築組件製造業；CB01010 機械設備製造業；CC01010 發電、輸電、配電機械製造業；CC01020 電線及電纜製造業；CC01030 電器及視聽電子產品製造業；CC01060 有線通信機械器材製造業；CC01080 電子零組件製造業,桃園市,變更,11507
60489710,皮亞托有限公司,桃園市桃園區永安路506號,林秋彤,500000,,115/07/07,公司所營事業變更修正章程,F501060 餐館業；ZZ99999 除許可業務外，得經營法令非禁止或限制之業務；F401010 國際貿易業；F401171 酒類輸入業；F401991 其他輸出入業；F102040 飲料批發業；F102180 酒精批發業；F203010 食品什貨、飲料零售業；F102170 食品什貨批發業；F102020 食用油脂批發業,桃園市,變更,11507
60490028,鴻冠智能股份有限公司,桃園市桃園區明德里中正路1249號5樓之1,游鎮全,10000000,,115/07/02,董事長印鑑變更,CC01080 電子零組件製造業；CC01110 電腦及其週邊設備製造業；F113020 電器批發業；F113050 電腦及事務性機器設備批發業；F119010 電子材料批發業；F213010 電器零售業；F213030 電腦及事務性機器設備零售業；F219010 電子材料零售業；F401010 國際貿易業；F206010 五金零售業,桃園市,變更,11507
60490483,沐創資本股份有限公司,桃園市桃園區北埔路216巷8號,呂彥賢,2500000,,115/07/21,一般補正案,H201010 一般投資業；H202010 創業投資業；H703100 不動產租賃業；HZ99990 其他金融、保險及不動產業；I102010 一般投資顧問業；I103060 管理顧問業；I301010 資訊軟體服務業；I301020 資料處理服務業；I301030 電子資訊供應服務業；JZ99050 仲介服務業,桃園市,變更,11507
60490548,暖心寵物有限公司,桃園市桃園區永安里永安路322號,黃子晏,1500000,,115/07/20,股東出資轉讓修正章程,JZ99190 寵物生命紀念業；JZ99990 未分類其他服務業；F106070 祭祀用品批發業；F206060 祭祀用品零售業；F106060 寵物食品及其用品批發業；F206050 寵物食品及其用品零售業；F201070 花卉零售業；F101100 花卉批發業；JE01010 租賃業；J101030 廢棄物清除業,桃園市,變更,11507
60490863,承榮投資有限公司,桃園市八德區福德里廣興二路79號十三樓,于璦玲,2000000,,115/07/20,增資,H201010 一般投資業,桃園市,變更,11507
60490955,擎策投資有限公司,桃園市桃園區朝陽里民生路528號,詹群毅,15000000,,115/07/06,增資,H201010 一般投資業；ZZ99999 除許可業務外，得經營法令非禁止或限制之業務,桃園市,變更,11507
60491027,歐陞有限公司,桃園市龜山區中興里自強西路352號(1樓),,50000,,115/07/24,解散,F201010 農產品零售業；F203010 食品什貨、飲料零售業；F203020 菸酒零售業；F206020 日常用品零售業；F213030 電腦及事務性機器設備零售業；F214030 汽、機車零件配備零售業；F401010 國際貿易業；F501030 飲料店業；ZZ99999 除許可業務外，得經營法令非禁止或限制之業務,桃園市,變更,11507
60491151,耀尚國際貿易股份有限公司,桃園市八德區興中里建德路86號（1樓）,林依嫺,2500000,,115/07/20,增資(資本總額),F208040 化粧品零售業；F108040 化粧品批發業；F204110 布疋、衣著、鞋、帽、傘、服飾品零售業；F104110 布疋、衣著、鞋、帽、傘、服飾品批發業；F207030 清潔用品零售業；F107030 清潔用品批發業；F206020 日常用品零售業；F106020 日常用品批發業；F399990 其他綜合零售業；F401010 國際貿易業,桃園市,變更,11507
60499251,中辰餐飲有限公司,桃園市中壢區中央里中央東路77號,蔡翰文,1000000,,115/07/22,股東出資轉讓修正章程,C103050 罐頭、冷凍、脫水及醃漬食品製造業；C104020 烘焙炊蒸食品製造業；C109010 調味品製造業；C199990 未分類其他食品製造業；F203010 食品什貨、飲料零售業；F203020 菸酒零售業；F399040 無店面零售業；F401010 國際貿易業；F501060 餐館業；F501990 其他餐飲業,桃園市,變更,11507
60499323,鉅泰資本股份有限公司,桃園市桃園區龍壽里龍泉六街226號,黃宇鋒,1000000,,115/07/24,公司外文名稱登記修正章程,H201010 一般投資業；I102010 一般投資顧問業；I103060 管理顧問業；H202010 創業投資業,桃園市,變更,11507
60499415,棠澤室內裝潢有限公司,桃園市桃園區永安里福壽街58號(1樓),邱靖棠,200000,,115/07/22,公司所在地,E801010 室內裝潢業；E801030 室內輕鋼架工程業；E901010 油漆工程業；E801070 廚具、衛浴設備安裝工程業；F205040 家具、寢具、廚房器具、裝設品零售業；I503010 景觀、室內設計業,桃園市,變更,11507
60522696,淨科工程有限公司,桃園市中壢區明德里桂林街74號(1樓),黃仕帆,1500000,,115/07/21,一般補正案,E599010 配管工程業；E601020 電器安裝業；E603090 照明設備安裝工程業；E605010 電腦設備安裝業；E801070 廚具、衛浴設備安裝工程業；EZ99990 其他工程業；F213010 電器零售業；F113020 電器批發業；F206040 水器材料零售業；F211010 建材零售業,桃園市,變更,11507
60522719,黎世資本有限公司,桃園市中壢區忠義里中華路2段201號4樓,李春福,100000,,115/07/07,公司所在地,CA02990 其他金屬製品製造業；CB01010 機械設備製造業；ZZ99999 除許可業務外，得經營法令非禁止或限制之業務,桃園市,變更,11507
60523457,弓長資本有限公司,桃園市大溪區一德里中央路32號,張嘉純,5000000,,115/07/27,股東出資轉讓修正章程,H201010 一般投資業；ZZ99999 除許可業務外，得經營法令非禁止或限制之業務,桃園市,變更,11507
60524815,霸霸資本股份有限公司,桃園市平鎮區環南路二段27號十二樓,吳若庭,3600000,,115/07/24,公司所在地,I401010 一般廣告服務業；I503010 景觀、室內設計業；H202010 創業投資業；H701010 住宅及大樓開發租售業；H703100 不動產租賃業；H706011 租賃住宅代管業；H706021 租賃住宅包租業；JZ99050 仲介服務業；J202010 產業育成業；E801070 廚具、衛浴設備安裝工程業,桃園市,變更,11507
60525645,潤澔控股有限公司,桃園市桃園區中正路1249號二樓,張怡婷,500000,,115/07/13,公司所營事業變更修正章程,H201010 一般投資業；H202010 創業投資業；I199990 其他顧問服務業；F119010 電子材料批發業；F219010 電子材料零售業；F299990 其他零售業；ZZ99999 除許可業務外，得經營法令非禁止或限制之業務；F401010 國際貿易業；F113050 電腦及事務性機器設備批發業；F206010 五金零售業,桃園市,變更,11507
60535741,合暉建設股份有限公司,桃園市中壢區三民里三樂二街15號(4樓),吳中堯,2000000,,115/07/01,增資(資本總額),H201010 一般投資業；H701010 住宅及大樓開發租售業；H701020 工業廠房開發租售業；H701050 投資興建公共建設業；H701060 新市鎮、新社區開發業；H701070 區段徵收及市地重劃代辦業；H701090 都市更新整建維護業；H703090 不動產買賣業；H703100 不動產租賃業；H703110 老人住宅業,桃園市,變更,11507
60535931,鈦山實業股份有限公司,桃園市平鎮區中豐路南勢二段460巷68號,張秀鄉,43747000,,115/07/06,董事/監察人持股變動報備,H701020 工業廠房開發租售業；H703100 不動產租賃業；H201010 一般投資業；ZZ99999 除許可業務外，得經營法令非禁止或限制之業務,桃園市,變更,11507
60536018,磚星球文創有限公司,桃園市大園區青峰里大成路二段9號1樓,張俊傑,1000000,,115/07/16,股東出資轉讓修正章程,F401010 國際貿易業；F204110 布疋、衣著、鞋、帽、傘、服飾品零售業；F104110 布疋、衣著、鞋、帽、傘、服飾品批發業；F209060 文教、樂器、育樂用品零售業；F109070 文教、樂器、育樂用品批發業；F205040 家具、寢具、廚房器具、裝設品零售業；F105050 家具、寢具、廚房器具、裝設品批發業；F106020 日常用品批發業；F206020 日常用品零售業；J601010 藝文服務業,桃園市,變更,11507
60536615,比非行銷有限公司,桃園市蘆竹區南崁里經國路900號3樓,李家昇,5000000,,115/07/09,增資,I103060 管理顧問業；I401010 一般廣告服務業；I301010 資訊軟體服務業；I599990 其他設計業；I301060 網路廣告平臺業；J602010 演藝活動業；J601010 藝文服務業；F399040 無店面零售業；ZZ99999 除許可業務外，得經營法令非禁止或限制之業務,桃園市,變更,11507
60546368,翠峰投資顧問股份有限公司,桃園市平鎮區高雙里高雙路71號(3樓）,邱志宏,50000000,,115/07/22,發行新股,H701010 住宅及大樓開發租售業；H701020 工業廠房開發租售業；H701040 特定專業區開發業；H701050 投資興建公共建設業；H701060 新市鎮、新社區開發業；H701070 區段徵收及市地重劃代辦業；H701080 都市更新重建業；H701090 都市更新整建維護業；H702010 建築經理業；H703090 不動產買賣業,桃園市,變更,11507
60546677,日勝供應鏈有限公司,桃園市龍潭區中豐路461巷190號7樓,陳煜騰,2100000,,115/07/02,增資,F102020 食用油脂批發業；F101990 其他農、畜、水產品批發業；F102170 食品什貨批發業；F106010 五金批發業；F106020 日常用品批發業；F107030 清潔用品批發業；F121010 食品添加物批發業；F199990 其他批發業；F201010 農產品零售業；F201020 畜產品零售業,桃園市,變更,11507
60547084,宙謙國際有限公司,桃園市龜山區兔坑里茶專一街60巷9號(3樓),林格緯,500000,,115/07/24,減少所營事業變更修正章程,C110010 飲料製造業；C199990 未分類其他食品製造業；F102040 飲料批發業；C106010 製粉業；F102170 食品什貨批發業；F104110 布疋、衣著、鞋、帽、傘、服飾品批發業；F105050 家具、寢具、廚房器具、裝設品批發業；F106020 日常用品批發業；F106050 陶瓷玻璃器皿批發業；F199990 其他批發業,桃園市,變更,11507
60570747,鑫淼工程有限公司,桃園市蘆竹區五福里五福一路112號8樓,黃瀅琳,2000000,,115/07/23,增資,E801010 室內裝潢業；E901010 油漆工程業；E903010 防蝕、防銹工程業；EZ99990 其他工程業；ZZ99999 除許可業務外，得經營法令非禁止或限制之業務,桃園市,變更,11507
60571274,杜麗雅窗簾有限公司,桃園市龜山區樂善里樂善二路147號,何秉裕,300000,,115/07/13,公司所營事業變更修正章程,F104110 布疋、衣著、鞋、帽、傘、服飾品批發業；F105050 家具、寢具、廚房器具、裝設品批發業；F106010 五金批發業；F204110 布疋、衣著、鞋、帽、傘、服飾品零售業；F205040 家具、寢具、廚房器具、裝設品零售業；F206010 五金零售業；F399040 無店面零售業；F401010 國際貿易業；I599990 其他設計業；JA03010 洗衣業,桃園市,變更,11507
60572273,資恩科技有限公司,桃園市中壢區中園路200之5號六樓,陳文娟,2000000,,115/07/16,股東出資轉讓修正章程,I301010 資訊軟體服務業；I301030 電子資訊供應服務業；I301020 資料處理服務業；IE01010 電信業務門號代辦業；IZ13010 網路認證服務業；I301060 網路廣告平臺業；I401010 一般廣告服務業；E599010 配管工程業；E601010 電器承裝業；E601020 電器安裝業,桃園市,變更,11507
60579091,浩青工程有限公司,桃園市龍潭區百年路48號地下室,夏必睿,300000,,115/07/29,公司所在地,EZ02010 起重工程業；EZ11010 球場跑道樹脂材料鋪設工程業；E901010 油漆工程業；E801010 室內裝潢業；E801020 門窗安裝工程業；E801030 室內輕鋼架工程業；E801040 玻璃安裝工程業；E801070 廚具、衛浴設備安裝工程業；E601020 電器安裝業；E599010 配管工程業,桃園市,變更,11507
60579212,適遠工程有限公司,桃園市桃園區南門里南豐三街90巷7號,陳正龍,100000,,115/07/03,公司所在地,E601020 電器安裝業；E603010 電纜安裝工程業；E603050 自動控制設備工程業；E604010 機械安裝業；E607010 太陽熱能設備安裝工程業；EZ05010 儀器、儀表安裝工程業；EZ99990 其他工程業；F113020 電器批發業；F213010 電器零售業；IG03010 能源技術服務業,桃園市,變更,11507
60579487,鑫祥百有限公司,桃園市楊梅區楊梅里光前街46號(2樓),黃正昌,1000000,,115/07/08,公司所在地,F113050 電腦及事務性機器設備批發業；F213030 電腦及事務性機器設備零售業；F213060 電信器材零售業；F219010 電子材料零售業；F209060 文教、樂器、育樂用品零售業；F299990 其他零售業；F399040 無店面零售業；ZZ99999 除許可業務外，得經營法令非禁止或限制之業務,桃園市,變更,11507
60579661,尚秉股份有限公司,桃園市中壢區六和路55號20樓之1,周春榮,29800000,,115/07/01,增資(資本總額),H201010 一般投資業,桃園市,變更,11507
60584783,基米投資有限公司,桃園市桃園區藝文里中正路1058號7樓,張嘉維,12000000,,115/07/21,申登機關變更（遷入，含卷）,H201010 一般投資業,桃園市,變更,11507
60585930,澤銳國際有限公司,桃園市蘆竹區錦中里南崁路一段83號18樓之5,徐仕倫,300000,,115/07/14,一般補正案,I401010 一般廣告服務業；IZ12010 人力派遣業；IZ15010 市場研究及民意調查業；I301010 資訊軟體服務業；F113070 電信器材批發業；F213060 電信器材零售業；F113050 電腦及事務性機器設備批發業；F213030 電腦及事務性機器設備零售業；IE01010 電信業務門號代辦業；F113020 電器批發業,桃園市,變更,11507
60586425,小狗胖商貿發展有限公司,桃園市桃園區同安里新埔六街101號17樓,胡芝菱,500000,,115/07/23,股東出資轉讓修正章程,F101130 蔬果批發業；F102040 飲料批發業；F102050 茶葉批發業；F102170 食品什貨批發業；F106010 五金批發業；F106020 日常用品批發業；F108040 化粧品批發業；F199990 其他批發業；F201010 農產品零售業；F201070 花卉零售業,桃園市,變更,11507
60586706,翃申環保有限公司,桃園市桃園區青溪一路36巷52號,林妤庭,700000,,115/07/16,增資,J101030 廢棄物清除業；J101090 廢棄物清理業,桃園市,變更,11507
60594229,資云智能股份有限公司,桃園市中壢區自強四路3之2號,羅文益,10000000,,115/07/28,一般補正案,I301010 資訊軟體服務業；I301020 資料處理服務業；I301030 電子資訊供應服務業；F113050 電腦及事務性機器設備批發業；F118010 資訊軟體批發業；F213030 電腦及事務性機器設備零售業；F401010 國際貿易業；F218010 資訊軟體零售業；E603050 自動控制設備工程業；E605010 電腦設備安裝業,桃園市,變更,11507
60595894,蘇樂妞咪利比尼有限公司,桃園市平鎮區環南路二段265號3樓之7,丁宇緯,100000,,115/07/07,公司所營事業變更修正章程,F214030 汽、機車零件配備零售業；F207030 清潔用品零售業；F107030 清潔用品批發業；F207010 漆料、塗料零售業；F206020 日常用品零售業；F106020 日常用品批發業；F206010 五金零售業；F106010 五金批發業；F206040 水器材料零售業；F106040 水器材料批發業,桃園市,變更,11507
60595992,荃森彩國際行銷有限公司,桃園市中壢區青埔里青峰路一段35號3樓,鄧學聯,5000000,,115/07/06,一般補正案,C703010 印刷品裝訂及加工業；E801010 室內裝潢業；F399040 無店面零售業；F399990 其他綜合零售業；F401010 國際貿易業；F601010 智慧財產權業；I103060 管理顧問業；I199990 其他顧問服務業；I301010 資訊軟體服務業；I301020 資料處理服務業,桃園市,變更,11507
60596508,七里室內裝修有限公司,桃園市觀音區觀音里7鄰三民路114號(1樓),施馬利,100000,,115/07/09,公司所營事業變更修正章程,E801060 室內裝修業；EZ99990 其他工程業；A102080 園藝服務業；E502010 燃料導管安裝工程業；E599010 配管工程業；E601010 電器承裝業；E603010 電纜安裝工程業；E603040 消防安全設備安裝工程業；E603080 交通號誌安裝工程業；E603090 照明設備安裝工程業,桃園市,變更,11507
60596612,群鎰科技有限公司,桃園市龍潭區民族路413號三樓,戴鎰祥,1000000,,115/07/20,公司所在地,E603050 自動控制設備工程業；E599010 配管工程業；E601010 電器承裝業；E601020 電器安裝業；E603010 電纜安裝工程業；E603040 消防安全設備安裝工程業；E603080 交通號誌安裝工程業；E603090 照明設備安裝工程業；E603100 電焊工程業；E603110 冷作工程業,桃園市,變更,11507
60596697,佳嘉有限公司,桃園市中壢區復華里6鄰復華街129巷4號三樓,梁晉嘉,300000,,115/07/21,一般補正案,E604010 機械安裝業；EZ02010 起重工程業；F113010 機械批發業；F113020 電器批發業；F113050 電腦及事務性機器設備批發業；F113070 電信器材批發業；F213010 電器零售業；F213030 電腦及事務性機器設備零售業；F213060 電信器材零售業；F213080 機械器具零售業,桃園市,變更,11507
60612802,久順欣有限公司,桃園市平鎮區新勢里中豐路1號(3樓),楊凱鈞,500000,,115/07/02,申登機關變更（遷入，含卷）,I103060 管理顧問業；I301010 資訊軟體服務業；I301020 資料處理服務業；I301030 電子資訊供應服務業；F118010 資訊軟體批發業；F113050 電腦及事務性機器設備批發業；F203010 食品什貨、飲料零售業；F213030 電腦及事務性機器設備零售業；IZ99990 其他工商服務業；F218010 資訊軟體零售業,桃園市,變更,11507
60615723,昱嘉系統工程有限公司,桃園市桃園區中山東路21號4樓,陳泰亨,1500000,,115/07/07,股東出資轉讓修正章程,C501030 合板製造業；C501040 組合木材製造業；CA01020 鋼鐵軋延及擠型業；CA01050 鋼材二次加工業；CA02010 金屬結構及建築組件製造業；CA03010 熱處理業；CA04010 表面處理業；CB01010 機械設備製造業；CC01080 電子零組件製造業；D401010 熱能供應業,桃園市,變更,11507
60626073,傳宏投資股份有限公司,桃園市蘆竹區興榮里南竹路一段98巷18號2樓,周珊如,8600000,,115/07/02,補選董事(常務董事.董事長)/監察人,H201010 一般投資業,桃園市,變更,11507
60626670,艾特電科技股份有限公司,桃園市中壢區青埔路二段111號12、13樓,詹益良,1400000000,,115/07/17,改選董事/監察人(一人法人股東指派董事/監察人),CE01030 光學儀器製造業；CB01010 機械設備製造業；CB01990 其他機械製造業；CC01030 電器及視聽電子產品製造業；CC01070 無線通信機械器材製造業；CC01080 電子零組件製造業；CC01990 其他電機及電子機械器材製造業；CD01030 汽車及其零件製造業；F119010 電子材料批發業；I501010 產品設計業,桃園市,變更,11507
60626720,展承自動化有限公司,桃園市楊梅區高榮里5鄰電研路48號,湯發凱,2000000,,115/07/09,公司所營事業變更修正章程,E603050 自動控制設備工程業；E604010 機械安裝業；E599010 配管工程業；E601010 電器承裝業；E605010 電腦設備安裝業；EZ05010 儀器、儀表安裝工程業；CB01010 機械設備製造業；F113010 機械批發業；F219010 電子材料零售業；F213080 機械器具零售業,桃園市,變更,11507
60651826,創億元素科技有限公司,桃園市龍潭區中山里大同路319號（1樓）,黃一剛,100000,,115/07/23,申登機關變更（遷入，含卷）,CB01010 機械設備製造業；CC01010 發電、輸電、配電機械製造業；CC01080 電子零組件製造業；CE01010 一般儀器製造業；E601010 電器承裝業；E603050 自動控制設備工程業；E604010 機械安裝業；EZ05010 儀器、儀表安裝工程業；E603010 電纜安裝工程業；F401010 國際貿易業,桃園市,變更,11507
60666784,成展企業有限公司,桃園市大溪區仁善里仁德十一街38號(1樓),鐘永春,300000,,115/07/22,公司所在地,E603100 電焊工程業；EZ02010 起重工程業；E604010 機械安裝業；EZ99990 其他工程業；F399040 無店面零售業；F401010 國際貿易業；EZ07010 鑽孔工程業；EZ06010 交通標示工程業；ZZ99999 除許可業務外，得經營法令非禁止或限制之業務,桃園市,變更,11507
60667094,博潤新實業有限公司,桃園市龜山區嶺頂里萬壽路二段412之2號9樓,蔡明桂,1000000,,115/07/20,股東出資轉讓修正章程,JA03010 洗衣業；F107030 清潔用品批發業；F113020 電器批發業；F113010 機械批發業；F113990 其他機械器具批發業；F207030 清潔用品零售業；F213080 機械器具零售業；F213990 其他機械器具零售業；F213010 電器零售業；F401010 國際貿易業,桃園市,變更,11507
60667192,捷鑫科儀有限公司,桃園市桃園區永星街88巷12弄8號,彭靖,5000000,,115/07/02,一般補正案,F113030 精密儀器批發業；F213040 精密儀器零售業；F213080 機械器具零售業；F113100 污染防治設備批發業；F213100 污染防治設備零售業；F399990 其他綜合零售業；F401010 國際貿易業；J101050 環境檢測服務業；JE01010 租賃業；F107200 化學原料批發業,桃園市,變更,11507
60667263,橙心果有限公司,桃園市桃園區縣府路280之5號,孔德年,50000,,115/07/03,公司所營事業變更修正章程,F399040 無店面零售業；F401010 國際貿易業；JE01010 租賃業；F104110 布疋、衣著、鞋、帽、傘、服飾品批發業；F204110 布疋、衣著、鞋、帽、傘、服飾品零售業；F105050 家具、寢具、廚房器具、裝設品批發業；F205040 家具、寢具、廚房器具、裝設品零售業；F106020 日常用品批發業；F206020 日常用品零售業；F108040 化粧品批發業,桃園市,變更,11507
60667307,森泉澗有限公司,桃園市中壢區中央西路一段120號20樓之8,黃幸掀,500000,,115/07/20,一般補正案,F106020 日常用品批發業；F105050 家具、寢具、廚房器具、裝設品批發業；F104110 布疋、衣著、鞋、帽、傘、服飾品批發業；F106050 陶瓷玻璃器皿批發業；F106060 寵物食品及其用品批發業；F106070 祭祀用品批發業；F107030 清潔用品批發業；F108040 化粧品批發業；F109070 文教、樂器、育樂用品批發業；F111090 建材批發業,桃園市,變更,11507
60668994,天衡顧問有限公司,桃園市桃園區正光路423之1號5樓,李秉錡,2500000,,115/07/20,增資,I102010 一般投資顧問業；I103060 管理顧問業；I199990 其他顧問服務業；IZ12010 人力派遣業；JZ99050 仲介服務業；IZ04010 翻譯業；F601010 智慧財產權業；I301030 電子資訊供應服務業；I301010 資訊軟體服務業；I301020 資料處理服務業,桃園市,變更,11507
60669179,佳安教育有限公司,桃園市大園區青峰路二段195號十樓之1,黃苔瑩,100000,,115/07/28,公司所在地,I301010 資訊軟體服務業；I301030 電子資訊供應服務業；IZ13010 網路認證服務業；J305010 有聲出版業；I301020 資料處理服務業；I401010 一般廣告服務業；J401010 電影片製作業；J404010 動畫影片製作業；JZ99030 攝影業；I103060 管理顧問業,桃園市,變更,11507
60671745,尚田金屬有限公司,桃園市桃園區中原里泰昌三街61號8樓,游于慶,1000000,,115/07/03,一般補正案,CA02010 金屬結構及建築組件製造業；CA01050 鋼材二次加工業；CB01010 機械設備製造業；CA02990 其他金屬製品製造業；E604010 機械安裝業；E603050 自動控制設備工程業；E801020 門窗安裝工程業；E801030 室內輕鋼架工程業；E901010 油漆工程業；E903010 防蝕、防銹工程業,桃園市,變更,11507
60672619,尊御國際租賃有限公司,桃園市桃園區藝文一街86之5號12樓,王筱涵,6000000,,115/07/17,股東出資轉讓修正章程,G101041 小客車租賃業；G202010 停車場經營業；F114010 汽車批發業；F114030 汽、機車零件配備批發業；F214010 汽車零售業；F214030 汽、機車零件配備零售業；F401010 國際貿易業；IZ12010 人力派遣業；JA01990 其他汽車服務業；JE01010 租賃業,桃園市,變更,11507
60672884,樂芯室內裝修有限公司,桃園市中壢區新生路二段393巷60號,陳彥宏,100000,,115/07/21,公司名稱變更修正章程,E801060 室內裝修業；E801010 室內裝潢業；E901010 油漆工程業；E801030 室內輕鋼架工程業；E801020 門窗安裝工程業；E801040 玻璃安裝工程業；ZZ99999 除許可業務外，得經營法令非禁止或限制之業務,桃園市,變更,11507
60673032,亞哲思國際科技教育事業有限公司,桃園市中壢區青航里高鐵站前路366號2樓,王錦慧,3000000,,115/07/03,增資,JA05010 留、遊學服務業；J202010 產業育成業；F218010 資訊軟體零售業；I301010 資訊軟體服務業；I301030 電子資訊供應服務業；IZ12010 人力派遣業；JZ99050 仲介服務業；IZ99990 其他工商服務業；I199990 其他顧問服務業；I103060 管理顧問業,桃園市,變更,11507
60673384,亞巨宇物流有限公司,桃園市龜山區文化七路111號2樓之55,張紹民,25000000,,115/07/28,一般補正案,G101061 汽車貨運業；G801010 倉儲業；G405010 貨櫃出租業；IZ06010 理貨包裝業；G702010 船舶勞務承攬業；G409050 工業專用港或工業專用碼頭船舶貨物裝卸承攬業；EZ02010 起重工程業；IZ12010 人力派遣業；JZ99050 仲介服務業；JE01010 租賃業,桃園市,變更,11507
60707315,林木木設計有限公司,桃園市龜山區長慶二街26號,林函倩,600000,,115/07/20,股東出資轉讓修正章程,C501040 組合木材製造業；C501070 竹、藤製品製造業；C501990 其他木製品製造業；CN01010 家具及裝設品製造業；F105050 家具、寢具、廚房器具、裝設品批發業；F106010 五金批發業；F106040 水器材料批發業；F106050 陶瓷玻璃器皿批發業；F107010 漆料、塗料批發業；F111090 建材批發業,桃園市,變更,11507
60711057,燿釷鋰可生股份有限公司,桃園市中壢區興南里中美路一段18號13樓之15,吳佳恩,2100000,,115/07/01,一般補正案,CB01030 污染防治設備製造業；F199010 回收物料批發業；IG03010 能源技術服務業；F401010 國際貿易業；ZZ99999 除許可業務外，得經營法令非禁止或限制之業務,桃園市,變更,11507
60711471,耀慶企業有限公司,桃園市桃園區國強二街277巷6弄5號(1樓),張耀宗,500000,,115/07/02,股東出資轉讓修正章程,I503010 景觀、室內設計業；E599010 配管工程業；E601020 電器安裝業；E603010 電纜安裝工程業；E603040 消防安全設備安裝工程業；E603050 自動控制設備工程業；E603090 照明設備安裝工程業；E801010 室內裝潢業；E801020 門窗安裝工程業；E801030 室內輕鋼架工程業,桃園市,變更,11507
60711731,荃彩國際有限公司,桃園市中壢區青峰路一段35號(3樓),李柏蓁,20000000,,115/07/01,股東出資轉讓修正章程,I102010 一般投資顧問業；I103060 管理顧問業；I199990 其他顧問服務業；I501010 產品設計業；IZ12010 人力派遣業；JE01010 租賃業；JZ99050 仲介服務業；H201010 一般投資業；H701010 住宅及大樓開發租售業；H703100 不動產租賃業,桃園市,變更,11507
60712128,佳盈應用材料股份有限公司,桃園市楊梅區中山北路一段199巷122號3樓,吳佳芸,14000000,,115/07/16,改選董事/監察人(一人法人股東指派董事/監察人),CQ01010 模具製造業；C805050 工業用塑膠製品製造業；CC01080 電子零組件製造業；CC01110 電腦及其週邊設備製造業；CB01010 機械設備製造業；CB01990 其他機械製造業；CA02990 其他金屬製品製造業；F106030 模具批發業；F119010 電子材料批發業；F206030 模具零售業,桃園市,變更,11507
60712210,英芯科技股份有限公司,桃園市大溪區仁和路二段349號,王誌聰,120000000,,115/07/01,改派董事/監察人,CC01080 電子零組件製造業；I501010 產品設計業；F401010 國際貿易業；I301010 資訊軟體服務業；I301020 資料處理服務業；I301030 電子資訊供應服務業；F601010 智慧財產權業；IG02010 研究發展服務業；ZZ99999 除許可業務外，得經營法令非禁止或限制之業務,桃園市,變更,11507
60712247,昌岳企業有限公司,桃園市龜山區南上路520巷28弄35號6樓,石順棋,500000,,115/07/06,公司所在地,F104110 布疋、衣著、鞋、帽、傘、服飾品批發業；F105050 家具、寢具、廚房器具、裝設品批發業；F106010 五金批發業；F115010 首飾及貴金屬批發業；F108040 化粧品批發業；F204110 布疋、衣著、鞋、帽、傘、服飾品零售業；F205040 家具、寢具、廚房器具、裝設品零售業；F206010 五金零售業；F206020 日常用品零售業；F208040 化粧品零售業,桃園市,變更,11507
60712387,金岳投資股份有限公司,桃園市蘆竹區內溪路68巷13號2樓,陳旻徹,30000000,,115/07/01,一般補正案,H201010 一般投資業；ZZ99999 除許可業務外，得經營法令非禁止或限制之業務,桃園市,變更,11507
60712555,澄翔國際行銷有限公司,桃園市中壢區普忠里環中東路772號12樓,,100000,,115/07/27,解散,F102170 食品什貨批發業；F102040 飲料批發業；F203010 食品什貨、飲料零售業；F108040 化粧品批發業；F208040 化粧品零售業；F104110 布疋、衣著、鞋、帽、傘、服飾品批發業；F204110 布疋、衣著、鞋、帽、傘、服飾品零售業；F209060 文教、樂器、育樂用品零售業；F109070 文教、樂器、育樂用品批發業；F106020 日常用品批發業,桃園市,變更,11507
60720128,永鑫慈股份有限公司,桃園市中壢區中央里中美路29號4樓,彭俊雄,105101000,,115/07/15,增資(資本總額),H201010 一般投資業；I103060 管理顧問業；I102010 一般投資顧問業；I199990 其他顧問服務業；I301010 資訊軟體服務業；I301020 資料處理服務業；I301030 電子資訊供應服務業；I401010 一般廣告服務業；I501010 產品設計業；I599990 其他設計業,桃園市,變更,11507
60720318,過嶺我的家有限公司,桃園市中壢區過嶺里松義三街193號,許旻儒,6000000,,115/07/22,股東出資轉讓修正章程,H704031 不動產仲介經紀業；J101010 建築物清潔服務業；I401010 一般廣告服務業；E901010 油漆工程業；H201010 一般投資業；I401020 廣告傳單分送業；H703100 不動產租賃業；F111090 建材批發業；E801070 廚具、衛浴設備安裝工程業；E801010 室內裝潢業,桃園市,變更,11507
60720416,熊好喝有限公司,桃園市中壢區環中東路195號,林巧倫,1000,,115/07/20,公司所在地,F501030 飲料店業；ZZ99999 除許可業務外，得經營法令非禁止或限制之業務,桃園市,變更,11507
60720767,興驛食品有限公司,桃園市桃園區大有路401號11樓,朱芫驛,1000000,,115/07/23,申登機關變更（遷入，含卷）,A102020 農產品整理業；F101130 蔬果批發業；F101040 家畜家禽批發業；F101050 水產品批發業；F102170 食品什貨批發業；F102020 食用油脂批發業；F102040 飲料批發業；F102030 菸酒批發業；F102050 茶葉批發業；F101990 其他農、畜、水產品批發業,桃園市,變更,11507
60729417,豪順投資有限公司,桃園市中壢區忠孝里忠孝路222號2樓,呂理誠,15000000,,115/07/02,一般補正案,H201010 一般投資業,桃園市,變更,11507
60729520,沅升木業有限公司,桃園市中壢區內定十六街396巷36號,賴俊逸,20000000,,115/07/24,公司印鑑變更,F106010 五金批發業；F111090 建材批發業；F199010 回收物料批發業；F199990 其他批發業；F401010 國際貿易業；C501060 木質容器製造業；C501990 其他木製品製造業；CA01050 鋼材二次加工業；J101030 廢棄物清除業；J101040 廢棄物處理業,桃園市,變更,11507
60737726,銘威科技營造股份有限公司,桃園市中壢區高鐵站前西路一段286號6樓之1,林宗德,294500000,,115/07/08,申登機關變更（遷入，含卷）,E101011 綜合營造業；E599010 配管工程業；E801010 室內裝潢業；E801020 門窗安裝工程業；E801030 室內輕鋼架工程業；E801040 玻璃安裝工程業；E801070 廚具、衛浴設備安裝工程業；E901010 油漆工程業；E903010 防蝕、防銹工程業；EZ99990 其他工程業,桃園市,變更,11507
60738921,永泰安裝潢有限公司,桃園市桃園區新埔六街95號21樓,蔡文斌,500000,,115/07/30,申登機關變更（遷入，含卷）,E801010 室內裝潢業；E801030 室內輕鋼架工程業；E801040 玻璃安裝工程業；E801020 門窗安裝工程業；EZ14010 運動場地用設備工程業；F204110 布疋、衣著、鞋、帽、傘、服飾品零售業；F104110 布疋、衣著、鞋、帽、傘、服飾品批發業；F205040 家具、寢具、廚房器具、裝設品零售業；F105050 家具、寢具、廚房器具、裝設品批發業；F399040 無店面零售業,桃園市,變更,11507
60739246,允慕有限公司,桃園市桃園區新埔六街95號21樓,王寵惠,100000,,115/07/22,申登機關變更（遷入，含卷）,F204110 布疋、衣著、鞋、帽、傘、服飾品零售業；F104110 布疋、衣著、鞋、帽、傘、服飾品批發業；F205040 家具、寢具、廚房器具、裝設品零售業；F105050 家具、寢具、廚房器具、裝設品批發業；F399040 無店面零售業；F401010 國際貿易業；I103060 管理顧問業；I199990 其他顧問服務業；IZ99990 其他工商服務業；H201010 一般投資業,桃園市,變更,11507
60744557,鑫鉑宇國際股份有限公司,桃園市桃園區三民路三段28號之1號三樓之1,黃美蘭,1000000,,115/07/07,一般補正案,F199990 其他批發業；F114030 汽、機車零件配備批發業；F213030 電腦及事務性機器設備零售業；F213110 電池零售業；F213060 電信器材零售業；F219010 電子材料零售業；F299990 其他零售業；F401010 國際貿易業；I103060 管理顧問業；I102010 一般投資顧問業,桃園市,變更,11507
60744655,金易承有限公司,桃園市蘆竹區山腳里山富街125號,李錫堂,3000000,,115/07/02,公司所在地,C302010 織布業；C303010 不織布業；C305010 印染整理業；IZ06010 理貨包裝業；C399990 其他紡織及製品製造業；F104110 布疋、衣著、鞋、帽、傘、服飾品批發業；F204110 布疋、衣著、鞋、帽、傘、服飾品零售業；ZZ99999 除許可業務外，得經營法令非禁止或限制之業務,桃園市,變更,11507
60752752,睿品汽車有限公司,桃園市八德區廣興里廣福路361之1號,張瑞哲,500000,,115/07/01,公司所在地,F214010 汽車零售業；JZ99050 仲介服務業；F214030 汽、機車零件配備零售業；JA01990 其他汽車服務業；F401010 國際貿易業；JD01010 工商徵信服務業；JE01010 租賃業；JA01010 汽車修理業；ZZ99999 除許可業務外，得經營法令非禁止或限制之業務,桃園市,變更,11507
60754077,時機有限公司,桃園市中壢區永福里中園路159號,魏子傑,1000000,,115/07/14,公司所在地,F214030 汽、機車零件配備零售業；F219010 電子材料零售業；F401010 國際貿易業；H201010 一般投資業；I103060 管理顧問業；I199990 其他顧問服務業；IZ12010 人力派遣業；JA01010 汽車修理業；JA01990 其他汽車服務業；JE01010 租賃業,桃園市,變更,11507
60754132,長青實業有限公司,桃園市大溪區光明里齋明街27號,翁育孺,400000,,115/07/15,股東出資轉讓修正章程,F106020 日常用品批發業；F206020 日常用品零售業；F109070 文教、樂器、育樂用品批發業；F209060 文教、樂器、育樂用品零售業；F107190 塑膠膜、袋批發業；F207190 塑膠膜、袋零售業；F113010 機械批發業；F113990 其他機械器具批發業；F213080 機械器具零售業；F199990 其他批發業,桃園市,變更,11507
60761106,新勝開發建設股份有限公司,桃園市桃園區北埔里中正路1395號(1樓),原漢謙,2500000,,115/07/02,董事/監察人持股變動報備,H704031 不動產仲介經紀業；H701010 住宅及大樓開發租售業；H701020 工業廠房開發租售業；H701040 特定專業區開發業；H701050 投資興建公共建設業；H701070 區段徵收及市地重劃代辦業；H702010 建築經理業；H703090 不動產買賣業；H703100 不動產租賃業；I102010 一般投資顧問業,桃園市,變更,11507
60761318,賞屋創新科技有限公司,桃園市桃園區北門里三民路二段284之2號,林嵩堉,6000000,,115/07/29,增資,I301010 資訊軟體服務業；I301020 資料處理服務業；I301030 電子資訊供應服務業；IG02010 研究發展服務業；IZ13010 網路認證服務業；J399010 軟體出版業；ZZ99999 除許可業務外，得經營法令非禁止或限制之業務；JZ99050 仲介服務業；JZ99090 喜慶綜合服務業；JZ99990 未分類其他服務業,桃園市,變更,11507
60761324,聚星汽車有限公司,桃園市桃園區明德里中正路1221號10樓,范沛甄,1000000,,115/07/02,公司所在地,F114010 汽車批發業；F214010 汽車零售業；F114020 機車批發業；F214020 機車零售業；F114030 汽、機車零件配備批發業；F214030 汽、機車零件配備零售業；F114050 車胎批發業；F214050 車胎零售業；F399040 無店面零售業；F401010 國際貿易業,桃園市,變更,11507
60762371,景盛營造有限公司,桃園市龜山區大崗里忠義路2段397號（1樓）,江林月娥,20500000,,115/07/21,股東出資轉讓修正章程,E101011 綜合營造業；F401010 國際貿易業；E603120 噴砂工程業；E801010 室內裝潢業；EZ99990 其他工程業；A102080 園藝服務業；J101090 廢棄物清理業；F111090 建材批發業；F211010 建材零售業；E901010 油漆工程業,桃園市,變更,11507
60762479,駿耀騰國際企業股份有限公司,桃園市桃園區青溪里中央街501號,張秉豐,500000,,115/07/07,改選董事/監察人(一人法人股東指派董事/監察人),F119010 電子材料批發業；F113070 電信器材批發業；F106010 五金批發業；F111090 建材批發業；F107190 塑膠膜、袋批發業；I503010 景觀、室內設計業；E801010 室內裝潢業；I501010 產品設計業；F106060 寵物食品及其用品批發業；F104110 布疋、衣著、鞋、帽、傘、服飾品批發業,桃園市,變更,11507
60773145,隆昇裝潢有限公司,桃園市桃園區新埔六街95號21樓,李映昇,100000,,115/07/23,申登機關變更（遷入，含卷）,E801010 室內裝潢業；E801040 玻璃安裝工程業；E801030 室內輕鋼架工程業；E801020 門窗安裝工程業；F204110 布疋、衣著、鞋、帽、傘、服飾品零售業；F104110 布疋、衣著、鞋、帽、傘、服飾品批發業；F205040 家具、寢具、廚房器具、裝設品零售業；F105050 家具、寢具、廚房器具、裝設品批發業；F102170 食品什貨批發業；F203010 食品什貨、飲料零售業,桃園市,變更,11507
60781460,銨拓有限公司,桃園市中壢區月眉里月眉路3段236號12樓,劉雄虔,5000000,,115/07/13,一般補正案,E599010 配管工程業；E603010 電纜安裝工程業；E603080 交通號誌安裝工程業；E603090 照明設備安裝工程業；E603100 電焊工程業；E607010 太陽熱能設備安裝工程業；E901010 油漆工程業；E903010 防蝕、防銹工程業；EZ99990 其他工程業；F106010 五金批發業,桃園市,變更,11507
60781665,齊碁生醫股份有限公司,桃園市桃園區藝文里中正路1082號13樓,劉哲嘉,98000000,,115/07/27,修正章程,IG02010 研究發展服務業；IC01010 藥品檢驗業；IG01010 生物技術服務業；F208050 乙類成藥零售業；F108040 化粧品批發業；F208040 化粧品零售業；F113030 精密儀器批發業；F213040 精密儀器零售業；F399040 無店面零售業；F401010 國際貿易業,桃園市,變更,11507
60781882,飛旅網股份有限公司,桃園市大園區領航北路四段372號2樓,張正倫,1533000,,115/07/21,一般補正案,H201010 一般投資業,桃園市,變更,11507
60792213,萬內電子科技有限公司,桃園市中壢區青峰路一段49號5樓,林家仰,200000,,115/07/24,公司所在地,F401010 國際貿易業；E605010 電腦設備安裝業；F213030 電腦及事務性機器設備零售業；F113050 電腦及事務性機器設備批發業；ZZ99999 除許可業務外，得經營法令非禁止或限制之業務,桃園市,變更,11507
60792240,泓夏有限公司,桃園市中壢區晉元路337巷49號（1樓）,黃宛柔,1000000,,115/07/14,申登機關變更（遷入，含卷）,F101040 家畜家禽批發業；F101050 水產品批發業；F101990 其他農、畜、水產品批發業；F102040 飲料批發業；F102170 食品什貨批發業；F199990 其他批發業；F201990 其他農畜水產品零售業；F203010 食品什貨、飲料零售業；F399990 其他綜合零售業；F401010 國際貿易業,桃園市,變更,11507
62058548,川錦有限公司,桃園市中壢區過嶺里過嶺路二段530號,邱智梁,1000000,,115/07/14,增資,F102170 食品什貨批發業；C103050 罐頭、冷凍、脫水及醃漬食品製造業；C109010 調味品製造業；C199040 豆類加工食品製造業；C199990 未分類其他食品製造業；ZZ99999 除許可業務外，得經營法令非禁止或限制之業務,桃園市,變更,11507
62058694,笙禾餐飲事業股份有限公司,桃園市桃園區德壽街121號,高瓏軒,2000000,,115/07/23,增資(資本總額),C104020 烘焙炊蒸食品製造業；F101040 家畜家禽批發業；F101050 水產品批發業；F101130 蔬果批發業；F101990 其他農、畜、水產品批發業；F102020 食用油脂批發業；F102040 飲料批發業；F102050 茶葉批發業；F102170 食品什貨批發業；F104110 布疋、衣著、鞋、帽、傘、服飾品批發業,桃園市,變更,11507
62058701,宸宣投資股份有限公司,桃園市桃園區青溪里光明街9號(2樓),章沛琦,7000000,,115/07/02,董事/監察人持股變動報備,H201010 一般投資業；ZZ99999 除許可業務外，得經營法令非禁止或限制之業務,桃園市,變更,11507
62090738,英政美有限公司,桃園市桃園區春日路1471號12樓,張朝文,100000,,115/07/27,股東出資轉讓修正章程,F206010 五金零售業；EZ99990 其他工程業；E801010 室內裝潢業；E801020 門窗安裝工程業；E901010 油漆工程業；F111090 建材批發業；F106010 五金批發業；F206020 日常用品零售業；F399040 無店面零售業；F204110 布疋、衣著、鞋、帽、傘、服飾品零售業,桃園市,變更,11507
62090792,萬御寶閣資產管理有限公司,桃園市蘆竹區中山路133號13樓,,300000,,115/07/03,解散,ZZ99999 除許可業務外，得經營法令非禁止或限制之業務；H201010 一般投資業；H202010 創業投資業；H701010 住宅及大樓開發租售業；H701020 工業廠房開發租售業；H701050 投資興建公共建設業；H701060 新市鎮、新社區開發業；H703090 不動產買賣業；H703100 不動產租賃業；H703120 自助儲物空間業,桃園市,變更,11507
62090857,承威科技有限公司,桃園市蘆竹區南榮里榮興路22巷30號2樓,談宥妡,1200000,,115/07/20,改採紙本申辦簽章,E603010 電纜安裝工程業；E599010 配管工程業；E603080 交通號誌安裝工程業；E603020 電梯安裝工程業；E601020 電器安裝業；E502010 燃料導管安裝工程業；E603040 消防安全設備安裝工程業；E603050 自動控制設備工程業；E603090 照明設備安裝工程業；E603100 電焊工程業,桃園市,變更,11507
62100089,金昕國際車業有限公司,桃園市龍潭區上華里富華街365號,鍾騰興,300000,,115/07/31,公司所營事業變更修正章程,F214010 汽車零售業；F214030 汽、機車零件配備零售業；F214020 機車零售業；F214050 車胎零售業；F299990 其他零售業；G799990 其他運輸輔助業；I103060 管理顧問業；I301030 電子資訊供應服務業；JA01020 汽車拖吊業；JA01990 其他汽車服務業,桃園市,變更,11507
62131479,惟潤股份有限公司,桃園市中壢區民族路六段576巷88之1號5樓,張庭瑋,55000000,,115/07/20,改選董事/監察人(一人法人股東指派董事/監察人),H701010 住宅及大樓開發租售業；H701020 工業廠房開發租售業；H701040 特定專業區開發業；H701050 投資興建公共建設業；H701060 新市鎮、新社區開發業；H701070 區段徵收及市地重劃代辦業；H701080 都市更新重建業；H701090 都市更新整建維護業；H703090 不動產買賣業；H703100 不動產租賃業,桃園市,變更,11507
62131870,客尊洋實業有限公司,桃園市桃園區三元里民有六街111號2樓,胡雅棋,100000,,115/07/22,股東出資轉讓修正章程,F106010 五金批發業；E801010 室內裝潢業；F111090 建材批發業；E599010 配管工程業；E801040 玻璃安裝工程業；E601020 電器安裝業；EZ99990 其他工程業；F401010 國際貿易業；F399040 無店面零售業；F204110 布疋、衣著、鞋、帽、傘、服飾品零售業,桃園市,變更,11507
62185018,雄億工程股份有限公司,桃園市八德區大榮里大義街35號,廖春榮,25000000,,115/07/20,申請變更統一編號,B601010 土石採取業；EZ02010 起重工程業；E701010 電信工程業；H201010 一般投資業；H701010 住宅及大樓開發租售業；H703090 不動產買賣業；I103060 管理顧問業；H701080 都市更新重建業；ZZ99999 除許可業務外，得經營法令非禁止或限制之業務,桃園市,變更,11507
62194656,貝斯特控股有限公司,桃園市桃園區玉山里德壽街121號,吳博仁,2800000,,115/07/06,增資,H201010 一般投資業；H202010 創業投資業；ZZ99999 除許可業務外，得經營法令非禁止或限制之業務,桃園市,變更,11507
62194678,布萊恩資本有限公司,桃園市桃園區玉山里德壽街121號,吳柏霆,3600000,,115/07/09,增資,H201010 一般投資業；H202010 創業投資業；ZZ99999 除許可業務外，得經營法令非禁止或限制之業務,桃園市,變更,11507
62194895,立紘有限公司,桃園市中壢區青航里高鐵站前路432號14樓,張晉榮,4000000,,115/07/29,公司所在地,F102030 菸酒批發業；F102040 飲料批發業；F102170 食品什貨批發業；F106010 五金批發業；F106020 日常用品批發業；F106050 陶瓷玻璃器皿批發業；F113010 機械批發業；F113020 電器批發業；F113030 精密儀器批發業；F203010 食品什貨、飲料零售業,桃園市,變更,11507
62195022,立賀股份有限公司,桃園市蘆竹區仁愛路三段260巷51號7樓,李盈蓉,7500000,,115/07/13,一般補正案,G405010 貨櫃出租業；G801010 倉儲業；IZ12010 人力派遣業；JE01010 租賃業；F401010 國際貿易業；G402011 海運承攬運送業；G799990 其他運輸輔助業；IZ06010 理貨包裝業；ZZ99999 除許可業務外，得經營法令非禁止或限制之業務,桃園市,變更,11507
62207322,享鼎材料有限公司,桃園市八德區正福街40號15樓,官姿希,1000000,,115/07/21,公司所營事業變更修正章程,F107200 化學原料批發業；F107990 其他化學製品批發業；F107060 毒性及關注化學物質批發業；F107170 工業助劑批發業；F119010 電子材料批發業；C802120 工業助劑製造業；C802200 塗料、油漆、染料及顏料製造業；C801030 精密化學材料製造業；C801100 合成樹脂及塑膠製造業；F401010 國際貿易業,桃園市,變更,11507
62208103,音瑪國際有限公司,桃園市蘆竹區大新路257號,李政祐,250000,,115/07/09,股東出資轉讓修正章程,E605010 電腦設備安裝業；F106010 五金批發業；F114030 汽、機車零件配備批發業；F114050 車胎批發業；F114990 其他交通運輸工具及其零件批發業；F118010 資訊軟體批發業；F214030 汽、機車零件配備零售業；F214050 車胎零售業；F399040 無店面零售業；F401010 國際貿易業,桃園市,變更,11507
62212155,辰序映有限公司,桃園市觀音區草新里二聖一街13號,江紹民,500000,,115/07/13,一般補正案,I301010 資訊軟體服務業；J401010 電影片製作業；I501010 產品設計業；I503010 景觀設計業；J503050 錄影節目帶業；J601010 藝文服務業；J602010 演藝活動業；I401010 一般廣告服務業；J202010 產業育成業；I103060 管理顧問業,桃園市,變更,11507
62212296,永鈦氣體工業股份有限公司,桃園市桃園區中成里永佳街43巷41號（2樓）,蘇宗仁,22500000,,115/07/16,增資(資本總額),CA02060 金屬容器製造業；F113010 機械批發業；F113990 其他機械器具批發業；F401010 國際貿易業；ZZ99999 除許可業務外，得經營法令非禁止或限制之業務；C802990 其他化學製品製造業,桃園市,變更,11507
62212541,以煬精密有限公司,桃園市蘆竹區錦順街48之8號,余岱恩,2500000,,115/07/24,改推董事/董事長,CA02990 其他金屬製品製造業；CA04010 表面處理業；CB01010 機械設備製造業；CC01030 電器及視聽電子產品製造業；CC01080 電子零組件製造業；CC01110 電腦及其週邊設備製造業；CZ99990 未分類其他工業製品製造業；F106030 模具批發業；F113010 機械批發業；F113030 精密儀器批發業,桃園市,變更,11507
62213529,宏澄橙有限公司,桃園市桃園區忠三路35號2樓,柯惠馨,15759200,,115/07/14,增資,H201010 一般投資業,桃園市,變更,11507
62213773,猷欣智醫有限公司,桃園市中壢區青園里青雲路116號2樓之6,沈明志,5000000,,115/07/16,公司所在地,H201010 一般投資業；I103060 管理顧問業；H202010 創業投資業；H703090 不動產買賣業；H703100 不動產租賃業；I102010 一般投資顧問業；I199990 其他顧問服務業；J202010 產業育成業；I301010 資訊軟體服務業；I301030 電子資訊供應服務業,桃園市,變更,11507
62216602,智穎科技股份有限公司,桃園市桃園區大樹里興華路2號,陳宥誠,1000000,,115/07/15,董事/監察人持股變動報備,F113090 交通標誌器材批發業；F113110 電池批發業；F114030 汽、機車零件配備批發業；F114990 其他交通運輸工具及其零件批發業；F117010 消防安全設備批發業；F106020 日常用品批發業；F109070 文教、樂器、育樂用品批發業；F113010 機械批發業；F113020 電器批發業；F113030 精密儀器批發業,桃園市,變更,11507
62220654,誠璟股份有限公司,桃園市龍潭區渴望路185號三樓之3,詹文雄,50000000,,115/07/06,董事/監察人持股變動報備,H201010 一般投資業；ZZ99999 除許可業務外，得經營法令非禁止或限制之業務,桃園市,變更,11507
62220872,紅一有限公司,桃園市桃園區同安街76之1號,徐雅婷,200000,,115/07/28,股東出資轉讓修正章程,F106010 五金批發業；F113070 電信器材批發業；F108040 化粧品批發業；F113050 電腦及事務性機器設備批發業；F206010 五金零售業；F213060 電信器材零售業；F208040 化粧品零售業；F213030 電腦及事務性機器設備零售業；F399040 無店面零售業；ZZ99999 除許可業務外，得經營法令非禁止或限制之業務,桃園市,變更,11507
62221387,森盛建設股份有限公司,桃園市楊梅區大同里新農街91巷18弄46號,傅鈺婷,10000000,,115/07/15,增資(資本總額),E801010 室內裝潢業；F111090 建材批發業；H701010 住宅及大樓開發租售業；H701020 工業廠房開發租售業；H703090 不動產買賣業；H703100 不動產租賃業；I401010 一般廣告服務業；I401020 廣告傳單分送業；I503010 景觀設計業；ZZ99999 除許可業務外，得經營法令非禁止或限制之業務,桃園市,變更,11507
62221605,騰輝投資股份有限公司,桃園市平鎮區工業五路10號,鍾健人,50000000,,115/07/15,一般補正案,H201010 一般投資業；ZZ99999 除許可業務外，得經營法令非禁止或限制之業務,桃園市,變更,11507
62221788,盛景智慧公寓大廈管理維護股份有限公司,桃園市中壢區領航南路三段319號16樓,黃文廷,10000000,,115/07/29,一般補正案,I801011 公寓大廈管理服務業；A102080 園藝服務業；E601010 電器承裝業；E601020 電器安裝業；E603040 消防安全設備安裝工程業；E603090 照明設備安裝工程業；E801010 室內裝潢業；E801070 廚具、衛浴設備安裝工程業；F106010 五金批發業；F106020 日常用品批發業,桃園市,變更,11507
62221963,鹿雨有限公司,桃園市中壢區實踐路61號(1樓),林昀辰,1000000,,115/07/17,股東出資轉讓修正章程,F201010 農產品零售業；F201020 畜產品零售業；F201030 水產品零售業；F203010 食品什貨、飲料零售業；F203020 菸酒零售業；F206020 日常用品零售業；F208040 化粧品零售業；F209060 文教、樂器、育樂用品零售業；F399040 無店面零售業；F401010 國際貿易業,桃園市,變更,11507
62224687,恒強人力資源有限公司,桃園市觀音區大潭里保生九街83號,劉筱瑋,1000000,,115/07/01,增資,E601010 電器承裝業；E601020 電器安裝業；E603010 電纜安裝工程業；E603020 電梯安裝工程業；E603040 消防安全設備安裝工程業；E603050 自動控制設備工程業；E603080 交通號誌安裝工程業；E603090 照明設備安裝工程業；E603100 電焊工程業；E603110 冷作工程業,桃園市,變更,11507
62232716,竹月堂食品有限公司,桃園市平鎮區湧豐里工業二路二號,陳宛庭,500000,,115/07/02,改推董事/董事長,F102170 食品什貨批發業；F203010 食品什貨、飲料零售業；F401010 國際貿易業；F399040 無店面零售業；ZZ99999 除許可業務外，得經營法令非禁止或限制之業務,桃園市,變更,11507
62232808,御哲投資股份有限公司,桃園市桃園區同安里藝文一街86之3號12樓,陳平哲,1000000,,115/07/28,董事/監察人持股變動報備,H201010 一般投資業；H202010 創業投資業；ZZ99999 除許可業務外，得經營法令非禁止或限制之業務,桃園市,變更,11507
62232912,精耀科技有限公司,桃園市新屋區清華里清華路815號及北勢66之26號,曾紹騏,6000000,,115/07/08,增資,CA01020 鋼鐵軋延及擠型業；CA01030 鋼鐵鑄造業；CA01050 鋼材二次加工業；CA01990 其他非鐵金屬基本工業；CA02010 金屬結構及建築組件製造業；CA02060 金屬容器製造業；CA02990 其他金屬製品製造業；CB01010 機械設備製造業；CB01990 其他機械製造業；CC01010 發電、輸電、配電機械製造業,桃園市,變更,11507
62233068,秦朗工程有限公司,桃園市龜山區華亞三路199巷7號2樓,鍾永成,5000000,,115/07/22,股東出資轉讓修正章程,E402010 沙石、淤泥海拋業；E599010 配管工程業；E603050 自動控制設備工程業；E603100 電焊工程業；E604010 機械安裝業；E801010 室內裝潢業；E901010 油漆工程業；E903010 防蝕、防銹工程業；EZ02010 起重工程業；EZ05010 儀器、儀表安裝工程業,桃園市,變更,11507
62233790,旭豐資訊有限公司,桃園市蘆竹區濱海里16鄰中圳街265號,張雅茹,1000000,,115/07/27,股東出資轉讓修正章程,I102010 一般投資顧問業；I103060 管理顧問業；I199990 其他顧問服務業；ZZ99999 除許可業務外，得經營法令非禁止或限制之業務,桃園市,變更,11507
62234067,山嶼食品設備工業有限公司,桃園市中壢區青峰路一段49號5樓,李昱辰,1000000,,115/07/17,公司名稱變更修正章程,A401040 畜牧服務業；C199990 未分類其他食品製造業；F101040 家畜家禽批發業；F101990 其他農、畜、水產品批發業；F102170 食品什貨批發業；F201010 農產品零售業；F201020 畜產品零售業；F201990 其他農畜水產品零售業；F203010 食品什貨、飲料零售業；F399040 無店面零售業,桃園市,變更,11507
62234361,極品餐飲有限公司,桃園市蘆竹區大新一街60號,蘇哲民,200000,,115/07/06,改採紙本申辦簽章,F101040 家畜家禽批發業；F101050 水產品批發業；F101130 蔬果批發業；F101990 其他農、畜、水產品批發業；F102030 菸酒批發業；F102040 飲料批發業；F102050 茶葉批發業；F201010 農產品零售業；F201020 畜產品零售業；F203010 食品什貨、飲料零售業,桃園市,變更,11507
62239680,潤悦有限公司,桃園市中壢區新街里環北路400號5樓之2,莊之淇,200000,,115/07/22,公司所營事業變更修正章程,F102170 食品什貨批發業；F203010 食品什貨、飲料零售業；F102040 飲料批發業；ZZ99999 除許可業務外，得經營法令非禁止或限制之業務；F399040 無店面零售業；F208040 化粧品零售業,桃園市,變更,11507
62258193,承衡股份有限公司,桃園市桃園區中正路916號5樓,王士綱,25000000,,115/07/20,一般補正案,F108040 化粧品批發業；F208040 化粧品零售業；F401010 國際貿易業；I103060 管理顧問業；I199990 其他顧問服務業；F108031 醫療器材批發業；F208031 醫療器材零售業；JE01010 租賃業；I501010 產品設計業；F208050 乙類成藥零售業,桃園市,變更,11507
66262216,三喜公關顧問有限公司,桃園市中壢區青航里青心路220號7樓,宋靜怡,1000000,,115/07/17,申登機關變更（遷入，含卷）,JZ99090 喜慶綜合服務業；J601010 藝文服務業；J602010 演藝活動業；J603010 音樂展演空間業；JB01010 會議及展覽服務業；IZ12010 人力派遣業；JZ99030 攝影業；EZ99990 其他工程業；E801010 室內裝潢業；JE01010 租賃業,桃園市,變更,11507
66295146,詠喬有限公司,桃園市八德區豐田路281號9樓,鄭富家,3000000,,115/07/02,公司所在地,C601030 紙容器製造業；C805030 塑膠日用品製造業；CB01010 機械設備製造業；CQ01010 模具製造業；I301030 電子資訊供應服務業；I501010 產品設計業；ZZ99999 除許可業務外，得經營法令非禁止或限制之業務,桃園市,變更,11507
66464395,善億營造開發股份有限公司,桃園市楊梅區裕新里裕成南路197巷5號,鄭家億,380000000,,115/07/06,董事/監察人持股變動報備,E101011 綜合營造業；H701010 住宅及大樓開發租售業；H701020 工業廠房開發租售業；H701050 投資興建公共建設業；H701060 新市鎮、新社區開發業；H701070 區段徵收及市地重劃代辦業；H701090 都市更新整建維護業；H702010 建築經理業；H703090 不動產買賣業；H703100 不動產租賃業,桃園市,變更,11507
68777106,以杉有限公司,桃園市桃園區三和街56之3號,焦以杉(ISAKOV EVGENI),596447,,115/07/16,申登機關變更（遷入，含卷）,F401010 國際貿易業；F114030 汽、機車零件配備批發業；I103060 管理顧問業；IZ04010 翻譯業；ZZ99999 除許可業務外，得經營法令非禁止或限制之業務,桃園市,變更,11507
69456980,佳創生技股份有限公司,桃園市平鎮區雙連里清泉街136號,任鎮佑,10000000,,115/07/24,增資(資本總額),F108031 醫療器材批發業；F208031 醫療器材零售業；CF01011 醫療器材製造業；F401010 國際貿易業；F399040 無店面零售業；F104110 布疋、衣著、鞋、帽、傘、服飾品批發業；F204110 布疋、衣著、鞋、帽、傘、服飾品零售業；F108040 化粧品批發業；F208040 化粧品零售業；F106060 寵物食品及其用品批發業,桃園市,變更,11507
69467804,喬成開發建設股份有限公司,桃園市龍潭區民治五街135巷5之9號,吳勇德,30000000,,115/07/06,公司所在地,H701010 住宅及大樓開發租售業；H701020 工業廠房開發租售業；H701040 特定專業區開發業；H701050 投資興建公共建設業；H701060 新市鎮、新社區開發業；H701070 區段徵收及市地重劃代辦業；H701080 都市更新重建業；H701090 都市更新整建維護業；H702010 建築經理業；H703090 不動產買賣業,桃園市,變更,11507
69473502,鴻紳工程有限公司,桃園市楊梅區瑞原里楊新路三段1巷370號(1樓),葉志凌,300000,,115/07/20,公司所在地,E801070 廚具、衛浴設備安裝工程業；E603050 自動控制設備工程業；E601020 電器安裝業；F106010 五金批發業；F111090 建材批發業；F206010 五金零售業；F211010 建材零售業；ZZ99999 除許可業務外，得經營法令非禁止或限制之業務,桃園市,變更,11507
69475023,台灣車盟小客車租賃有限公司,桃園市大園區致祥三街37號（1樓）,呂祐任,10000000,,115/07/24,公司所在地,G101041 小客車租賃業；G202010 停車場經營業；IZ12010 人力派遣業；J799990 其他休閒服務業；G799990 其他運輸輔助業；JE01010 租賃業；F401010 國際貿易業；ZZ99999 除許可業務外，得經營法令非禁止或限制之業務,桃園市,變更,11507
69480291,勝海企業股份有限公司,桃園市桃園區中正路1071號15樓之4,林文祥,149000000,,115/07/20,改派董事/監察人,F101050 水產品批發業；F102040 飲料批發業；F102170 食品什貨批發業；F103010 飼料批發業；F108040 化粧品批發業；F113990 其他機械器具批發業；F201030 水產品零售業；F202010 飼料零售業；F208040 化粧品零售業；F401010 國際貿易業,桃園市,變更,11507
69484058,益萬企業股份有限公司,桃園市桃園區中正路1071號15樓之2,王怡蘋,80600000,,115/07/22,改派董事/監察人,F101050 水產品批發業；F102040 飲料批發業；F102170 食品什貨批發業；F103010 飼料批發業；F108040 化粧品批發業；F113990 其他機械器具批發業；F201030 水產品零售業；F202010 飼料零售業；F208040 化粧品零售業；F401010 國際貿易業,桃園市,變更,11507
69496786,尚品投資股份有限公司,桃園市中壢區環北路425巷11號3樓,林哲印,28300000,,115/07/09,改選董事/監察人(一人法人股東指派董事/監察人),H201010 一般投資業；I103060 管理顧問業；ZZ99999 除許可業務外，得經營法令非禁止或限制之業務,桃園市,變更,11507
69507019,東邑開發股份有限公司,桃園市中壢區新明里中央西路二段30號15樓,吳承璋,5000000,,115/07/22,改選董事/監察人(一人法人股東指派董事/監察人),H701010 住宅及大樓開發租售業；H701020 工業廠房開發租售業；H701040 特定專業區開發業；H701060 新市鎮、新社區開發業；H701070 區段徵收及市地重劃代辦業；H701080 都市更新重建業；H701090 都市更新整建維護業；H703090 不動產買賣業；H703100 不動產租賃業；E801010 室內裝潢業,桃園市,變更,11507
69507518,錸特霖科技股份有限公司,桃園市龜山區公園路32號11樓,劉沛姈,10000000,,115/07/06,一般補正案,F113020 電器批發業；F113050 電腦及事務性機器設備批發業；F113070 電信器材批發業；F116010 照相器材批發業；F118010 資訊軟體批發業；F119010 電子材料批發業；F203010 食品什貨、飲料零售業；F205040 家具、寢具、廚房器具、裝設品零售業；F213010 電器零售業；F213030 電腦及事務性機器設備零售業,桃園市,變更,11507
69531398,佳寶農產品有限公司,桃園市觀音區草漯里富貴三街27號(1樓),杜氏青嫻,1000000,,115/07/22,公司所在地,F101100 花卉批發業；F101130 蔬果批發業；F101990 其他農、畜、水產品批發業；F102050 茶葉批發業；F102170 食品什貨批發業；F106020 日常用品批發業；F201010 農產品零售業；F201070 花卉零售業；F201990 其他農畜水產品零售業；F203010 食品什貨、飲料零售業,桃園市,變更,11507
69538717,旭申國際科技股份有限公司,桃園市楊梅區高上里幼三路6號,林正盛,300000000,,115/07/16,改選董事/監察人(一人法人股東指派董事/監察人),CB01990 其他機械製造業；CC01080 電子零組件製造業；CD01030 汽車及其零件製造業；CD01050 自行車及其零件製造業；CQ01010 模具製造業；F401010 國際貿易業；ZZ99999 除許可業務外，得經營法令非禁止或限制之業務,桃園市,變更,11507
69554791,觀達監控有限公司,桃園市中壢區福星七街105號5樓,葉人豪,3000000,,115/07/22,增資,EZ05010 儀器、儀表安裝工程業；E605010 電腦設備安裝業；E701010 電信工程業；E701040 簡易電信設備安裝業；I301010 資訊軟體服務業；F213040 精密儀器零售業；F113070 電信器材批發業；F213060 電信器材零售業；E601020 電器安裝業；F113020 電器批發業,桃園市,變更,11507
69570379,竑碩交通有限公司,桃園市平鎮區高雙里長安路3巷31號1樓,戴秉竑,4500000,,115/07/31,公司所營事業變更修正章程,F401010 國際貿易業；G202010 停車場經營業；G799990 其他運輸輔助業；IZ06010 理貨包裝業；I103060 管理顧問業；JE01010 租賃業；EZ02010 起重工程業；IZ12010 人力派遣業；F101050 水產品批發業；ZZ99999 除許可業務外，得經營法令非禁止或限制之業務,桃園市,變更,11507
69573761,豐安科企業有限公司,桃園市桃園區中成里19鄰永安路423巷1號(1樓),李仲玲,1000000,,115/07/29,一般補正案,C302010 織布業；C306010 成衣業；CB01010 機械設備製造業；CB01990 其他機械製造業；CC01010 發電、輸電、配電機械製造業；CC01080 電子零組件製造業；CC01990 其他電機及電子機械器材製造業；CD01010 船舶及其零件製造業；CD01020 軌道車輛及其零件製造業；CD01030 汽車及其零件製造業,桃園市,變更,11507
69593871,姜海股份有限公司,桃園市楊梅區楊湖路一段676巷33弄208號,陳佳成,11000000,,115/07/08,一般補正案,CA02010 金屬結構及建築組件製造業；CB01010 機械設備製造業；CB01990 其他機械製造業；F113010 機械批發業；F113030 精密儀器批發業；F401010 國際貿易業；E603050 自動控制設備工程業；E604010 機械安裝業；EZ05010 儀器、儀表安裝工程業；ZZ99999 除許可業務外，得經營法令非禁止或限制之業務,桃園市,變更,11507
69595596,俊伸科技有限公司,桃園市蘆竹區南竹路一段93巷10號,張恆瑞,2000000,,115/07/17,公司所在地,F106010 五金批發業；F113010 機械批發業；F113050 電腦及事務性機器設備批發業；F118010 資訊軟體批發業；F119010 電子材料批發業；F299990 其他零售業；F399040 無店面零售業；F401010 國際貿易業；ZZ99999 除許可業務外，得經營法令非禁止或限制之業務,桃園市,變更,11507
69599050,兆揚建設股份有限公司,桃園市平鎮區環南路184號7樓之1,江俊昇,63000000,,115/07/15,增資(資本總額),H703090 不動產買賣業；H701010 住宅及大樓開發租售業；H701020 工業廠房開發租售業；F111090 建材批發業；F401010 國際貿易業；ZZ99999 除許可業務外，得經營法令非禁止或限制之業務,桃園市,變更,11507
69600319,守善建設股份有限公司,桃園市楊梅區裕成南路197巷5號1樓,張庭瑋,150000000,,115/07/27,改選董事/監察人(一人法人股東指派董事/監察人),H701010 住宅及大樓開發租售業；H701020 工業廠房開發租售業；H701060 新市鎮、新社區開發業；H703090 不動產買賣業；H703100 不動產租賃業；HZ02010 金融機構金錢債權收買業務；E801010 室內裝潢業；I401010 一般廣告服務業；I401020 廣告傳單分送業；EZ99990 其他工程業,桃園市,變更,11507
69601099,華矽創新股份有限公司,桃園市中壢區吉林路23號12樓,駱玉盛,70209280,,115/07/09,改選董事/監察人(一人法人股東指派董事/監察人),CC01080 電子零組件製造業；F219010 電子材料零售業；F401010 國際貿易業；H201010 一般投資業；I103060 管理顧問業；ZZ99999 除許可業務外，得經營法令非禁止或限制之業務,桃園市,變更,11507
69602111,品星有限公司,桃園市中壢區五權里中正路1319號(1樓),邱奕璋,10000000,,115/07/13,增資,E801020 門窗安裝工程業；E801040 玻璃安裝工程業；F401010 國際貿易業；ZZ99999 除許可業務外，得經營法令非禁止或限制之業務,桃園市,變更,11507
69602689,田豐材料有限公司,桃園市龜山區大坑里南上路520巷33弄10號,吳宥汯,1500000,,115/07/01,公司所在地,CA02080 金屬鍛造業；CA04010 表面處理業；CC01040 照明設備製造業；CC01080 電子零組件製造業；CC01110 電腦及其週邊設備製造業；CG01010 珠寶及貴金屬製品製造業；E601020 電器安裝業；E603090 照明設備安裝工程業；F119010 電子材料批發業；F213010 電器零售業,桃園市,變更,11507
69614215,思達爾生技有限公司,桃園市桃園區寶安里永安北路422號1樓之1,陳翠玲,8000000,,115/07/17,改推董事/董事長,F102170 食品什貨批發業；F108040 化粧品批發業；F203010 食品什貨、飲料零售業；F208040 化粧品零售業；F401010 國際貿易業；ZZ99999 除許可業務外，得經營法令非禁止或限制之業務,桃園市,變更,11507
69624564,合錩國際股份有限公司,桃園市蘆竹區長興路三段229巷93號,黃祺,100000000,,115/07/24,一般補正案,CA01050 鋼材二次加工業；CA01990 其他非鐵金屬基本工業；CA02990 其他金屬製品製造業；CA04010 表面處理業；F106010 五金批發業；F111090 建材批發業；F113990 其他機械器具批發業；F206010 五金零售業；F401010 國際貿易業；F206020 日常用品零售業,桃園市,變更,11507
69630989,豐境室內裝修設計有限公司,桃園市中壢區新中一街102號4樓,劉金河,10000000,,115/07/08,增資,F118010 資訊軟體批發業；F399040 無店面零售業；F401010 國際貿易業；I301010 資訊軟體服務業；I301020 資料處理服務業；I301030 電子資訊供應服務業；I301050 實境體感應用服務業；I401010 一般廣告服務業；I501010 產品設計業；I502010 服飾設計業,桃園市,變更,11507
69636077,永通聯實業有限公司,桃園市中壢區環北路400號14樓之1,陳怡家,10000,,115/07/31,公司所在地,F106010 五金批發業；F213080 機械器具零售業；F401010 國際貿易業；I401020 廣告傳單分送業；IZ06010 理貨包裝業；J101010 建築物清潔服務業；J101090 廢棄物清理業；E604010 機械安裝業；E801010 室內裝潢業；E901010 油漆工程業,桃園市,變更,11507
69652505,羿辰有限公司,桃園市桃園區大樹里延平路289號(3樓),廖諺成,500000,,115/07/08,減少所營事業變更修正章程,F102040 飲料批發業；F105050 家具、寢具、廚房器具、裝設品批發業；F106040 水器材料批發業；F205040 家具、寢具、廚房器具、裝設品零售業；F206040 水器材料零售業；JE01010 租賃業；JZ99050 仲介服務業；I103060 管理顧問業；F203010 食品什貨、飲料零售業；F401010 國際貿易業,桃園市,變更,11507
69670047,台灣頤舍傳媒有限公司,桃園市桃園區同安里中正路1092號10樓,湯有運,150000,,115/07/07,股東出資轉讓修正章程,F106020 日常用品批發業；F206020 日常用品零售業；F104110 布疋、衣著、鞋、帽、傘、服飾品批發業；F204110 布疋、衣著、鞋、帽、傘、服飾品零售業；F105050 家具、寢具、廚房器具、裝設品批發業；F205040 家具、寢具、廚房器具、裝設品零售業；F102170 食品什貨批發業；F102040 飲料批發業；F203010 食品什貨、飲料零售業；F108040 化粧品批發業,桃園市,變更,11507
69675774,聯德生物科技股份有限公司,桃園市龜山區科技一路69號2樓,陳銘智,20000000,,115/07/24,一般補正案,C110010 飲料製造業；C802110 化粧品色素製造業；F108040 化粧品批發業；C201020 寵物食品製造業；F102040 飲料批發業；F106060 寵物食品及其用品批發業；F203010 食品什貨、飲料零售業；F206050 寵物食品及其用品零售業；A401010 畜牧場經營業；A401020 家畜禽飼育業,桃園市,變更,11507
69677323,聯韻聲學環保顧問股份有限公司,桃園市八德區茄明里中華路199號5樓,張奕瑞,3000000,,115/07/21,改選董事/監察人(一人法人股東指派董事/監察人),F107010 漆料、塗料批發業；F111090 建材批發業；F113030 精密儀器批發業；F213040 精密儀器零售業；F401010 國際貿易業；I199990 其他顧問服務業；J101050 環境檢測服務業；J101990 其他環境衛生及污染防治服務業；J603010 音樂展演空間業；ZZ99999 除許可業務外，得經營法令非禁止或限制之業務,桃園市,變更,11507
69688807,鉅慶建設股份有限公司,桃園市桃園區同德六街89號14樓,葉春和,60000000,,115/07/13,改選董事/監察人(一人法人股東指派董事/監察人),H701010 住宅及大樓開發租售業；ZZ99999 除許可業務外，得經營法令非禁止或限制之業務,桃園市,變更,11507
69689361,臺灣怡富公寓大廈管理維護股份有限公司,桃園市八德區新興路342巷54弄57之2號(3樓),楊麗雅,10000000,,115/07/29,改選董事/監察人(一人法人股東指派董事/監察人),I102010 一般投資顧問業；I103060 管理顧問業；I801011 公寓大廈管理服務業；I301010 資訊軟體服務業；IF01010 消防安全設備檢修業；IZ12010 人力派遣業；IZ13010 網路認證服務業；H701010 住宅及大樓開發租售業；H701020 工業廠房開發租售業；H701050 投資興建公共建設業,桃園市,變更,11507
69696813,御品香實業有限公司,桃園市蘆竹區中福里龍壽街一段51巷3號(3樓),黃求華,3000000,,115/07/22,一般補正案,F102040 飲料批發業；F102170 食品什貨批發業；F203010 食品什貨、飲料零售業；C103050 罐頭、冷凍、脫水及醃漬食品製造業；C104020 烘焙炊蒸食品製造業；ZZ99999 除許可業務外，得經營法令非禁止或限制之業務,桃園市,變更,11507
69697165,祥右營造有限公司,桃園市中壢區復華十一街52號,鐘麗晴,11000000,,115/07/17,公司所在地,E101011 綜合營造業,桃園市,變更,11507
69698609,德米斯國際有限公司,桃園市八德區陸光街58號11樓,謝銘懿,1000000,,115/07/14,股東出資轉讓修正章程,F119010 電子材料批發業；F113010 機械批發業；F113990 其他機械器具批發業；CB01010 機械設備製造業；CC01020 電線及電纜製造業；C805050 工業用塑膠製品製造業；F113020 電器批發業；F113030 精密儀器批發業；F106010 五金批發業；F113070 電信器材批發業,桃園市,變更,11507
69703455,來旺自動化股份有限公司,桃園市新屋區清華里中山東路一段602號,閻華,9000000,,115/07/02,公司所營事業變更修正章程,E601010 電器承裝業；E601020 電器安裝業；F113010 機械批發業；F113990 其他機械器具批發業；F119010 電子材料批發業；F213080 機械器具零售業；F213990 其他機械器具零售業；F219010 電子材料零售業；F401010 國際貿易業；F601010 智慧財產權業,桃園市,變更,11507
69708727,凱模科技有限公司,桃園市桃園區同德里中正路1071號11樓之4,施子評,10000000,,115/07/28,公司所營事業變更修正章程,E601010 電器承裝業；E603010 電纜安裝工程業；E603040 消防安全設備安裝工程業；E603090 照明設備安裝工程業；E605010 電腦設備安裝業；E606010 用電設備檢驗維護業；E701010 電信工程業；F106010 五金批發業；F113070 電信器材批發業；F113090 交通標誌器材批發業,桃園市,變更,11507
69712449,鎔曜企業有限公司,桃園市平鎮區義興里義興街21號7樓之2,張獻霖,2600000,,115/07/27,股東出資轉讓修正章程,EZ06010 交通標示工程業；E901010 油漆工程業；EZ99990 其他工程業；ZZ99999 除許可業務外，得經營法令非禁止或限制之業務,桃園市,變更,11507
69718350,馥誠建設有限公司,桃園市桃園區大有路800號,翁素梅,59000000,,115/07/16,股東出資轉讓修正章程,F111090 建材批發業；F211010 建材零售業；H701010 住宅及大樓開發租售業；H701020 工業廠房開發租售業；H701050 投資興建公共建設業；H701060 新市鎮、新社區開發業；H701070 區段徵收及市地重劃代辦業；H703090 不動產買賣業；H703100 不動產租賃業；I401010 一般廣告服務業,桃園市,變更,11507
69721550,力德新能源科技股份有限公司,桃園市龜山區南美里南上路290巷28號1樓,蔡承琪,50000000,,115/07/02,改選董事/監察人(一人法人股東指派董事/監察人),CA02990 其他金屬製品製造業；CA04010 表面處理業；CC01040 照明設備製造業；CC01080 電子零組件製造業；CC01090 電池製造業；CE01990 其他光學及精密器械製造業；F113010 機械批發業；F113020 電器批發業；F113030 精密儀器批發業；F113050 電腦及事務性機器設備批發業,桃園市,變更,11507
69723868,浤漮科技股份有限公司,桃園市桃園區莊敬里同德十一街58號4樓之3,林杰進,10000000,,115/07/17,改選董事/監察人(一人法人股東指派董事/監察人),CA01050 鋼材二次加工業；CA02990 其他金屬製品製造業；CC01080 電子零組件製造業；CC01990 其他電機及電子機械器材製造業；F119010 電子材料批發業；F219010 電子材料零售業；F401010 國際貿易業；ZZ99999 除許可業務外，得經營法令非禁止或限制之業務,桃園市,變更,11507
69736792,興泰企業有限公司,桃園市中壢區龍慈里龍慈路239巷22號11樓,黃曉芊,7000000,,115/07/24,增資,F102170 食品什貨批發業；F102040 飲料批發業；F102020 食用油脂批發業；F102030 菸酒批發業；F102050 茶葉批發業；F106010 五金批發業；F106020 日常用品批發業；F107030 清潔用品批發業；F199990 其他批發業；F401010 國際貿易業,桃園市,變更,11507
69742555,元佳實業股份有限公司,桃園市龜山區大崗里文化東路81號,劉祝姈,1500000,,115/07/06,改選董事/監察人(一人法人股東指派董事/監察人),F106010 五金批發業；F111090 建材批發業；CA02990 其他金屬製品製造業；CP01010 手工具製造業；F113010 機械批發業；CB01010 機械設備製造業；CA02030 螺絲、螺帽、螺絲釘、及鉚釘等製品製造業；CC01110 電腦及其週邊設備製造業；F114030 汽、機車零件配備批發業；F119010 電子材料批發業,桃園市,變更,11507
69754502,承駒投資有限公司,桃園市桃園區藝文里藝文一街86之1號8樓,江乾宗,2210000,,115/07/03,公司所在地,H201010 一般投資業,桃園市,變更,11507
69758084,台灣美特精密股份有限公司,桃園市桃園區中山路1306號,林育申,250000000,,115/07/13,一般補正案,CA02990 其他金屬製品製造業；CA04010 表面處理業；CB01020 事務機器製造業；CC01110 電腦及其週邊設備製造業；CD01030 汽車及其零件製造業；CD01050 自行車及其零件製造業；CN01010 家具及裝設品製造業；CQ01010 模具製造業；CZ99990 未分類其他工業製品製造業；F106030 模具批發業,桃園市,變更,11507
69758681,雅和室內裝修有限公司,桃園市中壢區仁義里中華路二段518號,邱創來,1000000,,115/07/07,公司名稱變更修正章程,E801010 室內裝潢業；E801020 門窗安裝工程業；E801030 室內輕鋼架工程業；E801040 玻璃安裝工程業；E801060 室內裝修業；E801070 廚具、衛浴設備安裝工程業；E901010 油漆工程業；F105050 家具、寢具、廚房器具、裝設品批發業；F111090 建材批發業；I401010 一般廣告服務業,桃園市,變更,11507
69761481,堯祐國際有限公司,桃園市八德區陸光里陸光街58號11樓,洪國一,100000,,115/07/29,股東出資轉讓修正章程,F106030 模具批發業；F113050 電腦及事務性機器設備批發業；F113070 電信器材批發業；F113990 其他機械器具批發業；F119010 電子材料批發業；F118010 資訊軟體批發業；F113010 機械批發業；F206030 模具零售業；F213030 電腦及事務性機器設備零售業；F213060 電信器材零售業,桃園市,變更,11507
70355969,冠岑有限公司,桃園市桃園區桃鶯路349號14樓,林永通,2000000,,115/07/02,申登機關變更（遷入，含卷）,F401010 國際貿易業；F104010 布疋批發業；F104020 成衣批發業；F104080 紡織線類批發業；F104050 服飾品批發業,桃園市,變更,11507
70363004,逢隆機械股份有限公司,桃園市八德區瑞豐里豐成街1號,何雅慧,16690000,,115/07/24,改選董事/監察人(一人法人股東指派董事/監察人),F401010 國際貿易業。；F213080 機械器具零售業。；F113010 機械批發業。；CB01010 機械設備製造業。；E604010 機械安裝業。,桃園市,變更,11507
70396672,連程實業有限公司,桃園市楊梅區幼平街259巷177弄126號,程麟堯,30000000,,115/07/24,增資,F106010 五金批發業；F206010 五金零售業；F111090 建材批發業；F211010 建材零售業；F105050 家具、寢具、廚房器具、裝設品批發業；F205040 家具、寢具、廚房器具、裝設品零售業；F401010 國際貿易業；C901070 石材製品製造業；E801070 廚具、衛浴設備安裝工程業；ZZ99999 除許可業務外，得經營法令非禁止或限制之業務,桃園市,變更,11507
70409141,紘嘉公寓大廈管理維護股份有限公司,桃園市中壢區正義里金山三街3號4樓,宋淑珠,23000000,,115/07/29,董事/監察人持股變動報備,ZZ99999 除許可業務外，得經營法令非禁止或限制之業務；J101040 廢棄物處理業；G202010 停車場經營業；I503010 景觀、室內設計業；I301010 資訊軟體服務業；F118010 資訊軟體批發業；JE01010 租賃業；I401010 一般廣告服務業；JZ99050 仲介服務業；I801011 公寓大廈管理服務業,桃園市,變更,11507
70454237,廣喆金屬工業股份有限公司,桃園市八德區大安里長安街61號,張永燦,108000000,,115/07/13,減資,CA01030 鋼鐵鑄造業；CP01010 手工具製造業；CD01020 軌道車輛及其零件製造業；CQ01010 模具製造業；CB01990 其他機械製造業（熔爐）；F199990 其他批發業（鑄鐵管、灰口鑄鐵、球墨鑄鐵、可鍛鑄鐵、鑄鋼件）；F299990 其他零售業（鑄鐵管、灰口鑄鐵、球墨鑄鐵、可鍛鑄鐵、鑄鋼件）；F106030 模具批發業；F401010 國際貿易業；J801030 競技及運動場館業,桃園市,變更,11507
70458352,安達康科技股份有限公司,桃園市楊梅區秀才里新江路158號,林達文,243000000,,115/07/28,發行新股,E601010 電器承裝業；F113020 電器批發業；F213010 電器零售業；ZZ99999 除許可業務外，得經營法令非禁止或限制之業務；CC01010 發電、輸電、配電機械製造業；CC01990 其他電機及電子機械器材製造業,桃園市,變更,11507
70475866,立昌先進科技股份有限公司,桃園市龜山區山鶯路340巷6號,謝明諺,457000000,,115/07/03,補選董事(常務董事.董事長)/監察人,CC01080 電子零組件製造業。（限中華民國行業標準分類2620被動電子元件製造業）；F119010 電子材料批發業。（限中華民國行業標準分類4642電子設備及其零組件批發業）；F219010 電子材料零售業。（限中華民國行業標準分類4831電腦及其週邊設備、軟體零售業、4832通訊設備零售業及4833視聽設備零售業）,桃園市,變更,11507
70495342,正乾企業有限公司,桃園市龜山區舊路里振興路1089巷60弄50之1號,,5000000,,115/07/01,解散,H703100 不動產租賃業；JE01010 租賃業；ZZ99999 除許可業務外，得經營法令非禁止或限制之業務；F106010 五金批發業；F106040 水器材料批發業；F113010 機械批發業；F113020 電器批發業；F113990 其他機械器具批發業；F117010 消防安全設備批發業；F120010 耐火材料批發業,桃園市,變更,11507
70503954,興泰陽股份有限公司,桃園市蘆竹區南順七街2巷10號1樓,鄭祺澔,5000000,,115/07/01,改選董事/監察人(一人法人股東指派董事/監察人),E603090 照明設備安裝工程業；EZ99990 其他工程業；E604010 機械安裝業；E605010 電腦設備安裝業；E701020 衛星電視ＫＵ頻道、Ｃ頻道器材安裝業；E701030 電信管制射頻器材裝設工程業；EZ14010 運動場地用設備工程業；F109070 文教、樂器、育樂用品批發業；F113010 機械批發業；F113020 電器批發業,桃園市,變更,11507
70528075,憶泰營造股份有限公司,桃園市八德區瑞豐里豐田路87號（3樓）,陳克信,22500000,,115/07/21,董事/監察人持股變動報備,E101011 綜合營造業；H703100 不動產租賃業,桃園市,變更,11507
70532228,吉利展精機股份有限公司,桃園市平鎮區民族路雙連二段118巷53弄48號,林勝利,10000000,,115/07/30,改選董事/監察人(一人法人股東指派董事/監察人),CB01010 機械設備製造業；CP01010 手工具製造業；CQ01010 模具製造業；F106030 模具批發業；F113010 機械批發業；F206030 模具零售業；F213080 機械器具零售業；F401010 國際貿易業；J101030 廢棄物清除業；J101040 廢棄物處理業,桃園市,變更,11507
70582367,台灣東霈國際有限公司,桃園市龜山區南上里民生北路1段333號,張耀宗,5000000,,115/07/21,申登機關變更（遷入，含卷）,F109020 文具批發業。；F109040 玩具、娛樂用品批發業；F109060 包裝材料批發業；F113050 事務性機器設備批發業；F102160 輔助食品批發業；F107150 合成橡膠批發業；F401010 國際貿易業；F105020 室內裝飾品紡織品批發業；F108040 化粧品批發業；F208040 化粧品零售業,桃園市,變更,11507
70588221,沐峰產業股份有限公司,桃園市中壢區聖德路一段281號,何筱文,17300000,,115/07/31,董事/監察人持股變動報備,F107010 漆料、塗料批發業。；F207010 漆料、塗料零售業。；F113010 機械批發業。；I103060 管理顧問業；ZZ99999 除許可業務外，得經營法令非禁止或限制之業務,桃園市,變更,11507
70598804,華業營造有限公司,桃園市八德區大湳里東勇街82號(2樓),張添庸,13000000,,115/07/30,公司所在地,E101011 營造業。,桃園市,變更,11507
70609801,超基因奈米科技股份有限公司,桃園市觀音區莊敬路478號(1樓),王珮伃,29800000,,115/07/07,一般補正案,F102040 飲料批發業；F103010 飼料批發業；F118010 資訊軟體批發業；F202010 飼料零售業；F208050 乙類成藥零售業；F218010 資訊軟體零售業；I301010 資訊軟體服務業；I301020 資料處理服務業；I301030 電子資訊供應服務業；F401010 國際貿易業,桃園市,變更,11507
70617422,信德電子股份有限公司,桃園市楊梅區高青路28巷12號,李詩輝,139576690,,115/07/23,一般補正案,CC01080 電子零組件製造業。；F119010 電子材料批發業。；F219010 電子材料零售業。；F401010 國際貿易業。,桃園市,變更,11507
70629243,鴻利通運有限公司,桃園市平鎮區廣仁里廣南路156號6樓之1,戚達夫,25000000,,115/07/16,股東出資轉讓修正章程,G101061 汽車貨運業。；F214010 汽車零售業。,桃園市,變更,11507
70633062,佰事達物流股份有限公司,桃園市平鎮區環南路二段11號19樓之4,張力,225000000,,115/07/21,經理人變更,G101061 汽車貨運業；IZ06010 理貨包裝業；EZ02010 起重工程業；F214010 汽車零售業；I301010 資訊軟體服務業；F102170 食品什貨批發業；F203010 食品什貨、飲料零售業；F401010 國際貿易業；G801010 倉儲業；IZ12010 人力派遣業,桃園市,變更,11507
70637291,永添隆工業股份有限公司,桃園市蘆竹區瓦窯里南山路一段99號(2樓),蕭宏至,13300000,,115/07/07,改選董事/監察人(一人法人股東指派董事/監察人),CB01010 機械設備製造業；C805020 塑膠膜、袋製造業；C805030 塑膠日用品製造業；C805050 工業用塑膠製品製造業；F102170 食品什貨批發業；F106010 五金批發業；F106020 日常用品批發業；F108040 化粧品批發業；F113110 電池批發業；F114010 汽車批發業,桃園市,變更,11507
70642457,伸昌光電材料股份有限公司,桃園市平鎮區平鎮工業區工業一路9號,林暉育,102800000,,115/07/02,一般補正案,CC01080 電子零組件製造業；F119010 電子材料批發業；F113070 電信器材批發業；F118010 資訊軟體批發業；F113030 精密儀器批發業；F401010 國際貿易業；C805050 工業用塑膠製品製造業；CC01120 資料儲存媒體製造及複製業；I501010 產品設計業；ZZ99999 除許可業務外，得經營法令非禁止或限制之業務,桃園市,變更,11507
70672901,雨田營造有限公司,桃園市桃園區泰昌三街61號8樓,粘繽心,3600000,,115/07/01,一般補正案,E101011 綜合營造業；E599010 配管工程業；E601010 電器承裝業；E603020 電梯安裝工程業；E603040 消防安全設備安裝工程業；E603050 自動控制設備工程業；E603090 照明設備安裝工程業；E603100 電焊工程業；E603110 冷作工程業；E601020 電器安裝業,桃園市,變更,11507
70674247,佳群環保工程有限公司,桃園市蘆竹區上竹三街6號,陳奕丹,2000000,,115/07/07,股東出資轉讓修正章程,E301010 水處理工程業。；E303010 空氣污染防制工程業。；F113010 機械批發業。；F113100 污染防治設備批發業。；F107170 工業助劑批發業。；F401010 國際貿易業。；F107081 環境衛生用藥批發業。,桃園市,變更,11507
70682746,國強保全股份有限公司,桃園市平鎮區振興西路16號1樓,龔鑫運,40000000,,115/07/08,改選董事/監察人(一人法人股東指派董事/監察人),I901011 保全業。,桃園市,變更,11507
70689065,一色工業有限公司,桃園市楊梅區高青路28巷1號,王裕茗,6600000,,115/07/16,股東出資轉讓修正章程,C701010 印刷業；C801010 基本化學工業；C801100 合成樹脂及塑膠製造業；C802120 工業助劑製造業；C802200 塗料、油漆、染料及顏料製造業；F106010 五金批發業；F106020 日常用品批發業；F107010 漆料、塗料批發業；F107020 染料、顏料批發業；F107030 清潔用品批發業,桃園市,變更,11507
70699161,虹智精密股份有限公司,桃園市龍潭區中原路二段145號(1樓),璩澤明,150000000,,115/07/07,額定資本額增加變更章程,CB01010 機械設備製造業；CB01990 其他機械製造業（機械零組件）；F113010 機械批發業；F213080 機械器具零售業；F401010 國際貿易業；ZZ99999 除許可業務外，得經營法令非禁止或限制之業務,桃園市,變更,11507
70712431,泰晶國際科技股份有限公司,桃園市平鎮區復興里民族路二段193巷15弄59號5樓,彭泰錦,62500000,,115/07/22,改選董事/監察人(一人法人股東指派董事/監察人),F113050 事務性機器設備批發業。；F116010 照相器材批發業。；F118010 資訊軟體批發業。；F119010 電子材料批發業。；F213030 事務性機器設備零售業。；F216010 照相器材零售業。；F218010 資訊軟體零售業。；F219010 電子材料零售業。；I301010 資訊軟體服務業。；I301020 資料處理服務業。,桃園市,變更,11507
70729524,日製鋼塑膠機械股份有限公司,桃園市龜山區大湖一路21號1樓,油布拓也,15000000,,115/07/08,一般補正案,F113010 機械批發業；F213080 機械器具零售業；E604010 機械安裝業；E603050 自動控制設備工程業；F106030 模具批發業；F206030 模具零售業,桃園市,變更,11507
70735270,協訊國際股份有限公司,桃園市蘆竹區大竹路405號1樓,周仁清,43720000,,115/07/01,改選董事/監察人(一人法人股東指派董事/監察人),E701010 電信工程業；F113050 電腦及事務性機器設備批發業；F113070 電信器材批發業；F119010 電子材料批發業；F213030 電腦及事務性機器設備零售業；F213060 電信器材零售業；F219010 電子材料零售業；F218010 資訊軟體零售業；I301010 資訊軟體服務業；I301020 資料處理服務業,桃園市,變更,11507
70737046,銀河營造有限公司,桃園市中壢區龍德里龍智路5號,高曉琪,60000000,,115/07/28,一般補正案,E101011 綜合營造業。,桃園市,變更,11507
70739656,瑋鑫科技股份有限公司,桃園市蘆竹區內厝里內新路61號,黃文源,30000000,,115/07/23,改選董事/監察人(一人法人股東指派董事/監察人),CC01080 電子零組件製造業；CA04010 表面處理業；F219010 電子材料零售業,桃園市,變更,11507
70747488,元利盛精密機械股份有限公司,桃園市蘆竹區山鼻里南山路三段17巷11號3樓,王天行,170000000,,115/07/07,改選董事/監察人(一人法人股東指派董事/監察人),CE01010 一般儀器製造業；CE01030 光學儀器製造業；F113010 機械批發業；F113030 精密儀器批發業；F401030 製造輸出業；F601010 智慧財產權業；F213040 精密儀器零售業；CB01010 機械設備製造業；CC01080 電子零組件製造業；F118010 資訊軟體批發業,桃園市,變更,11507
70759575,華儲股份有限公司,桃園市大園區埔心里16鄰航勤北路10之1號,單大興,2000000000,,115/07/23,改選董事/監察人(一人法人股東指派董事/監察人),G603011 航空貨物集散站經營業；G801010 倉儲業；F401010 國際貿易業,桃園市,變更,11507
70777068,新加坡商明德供應鏈私人股份有限公司,桃園市龜山區文興路146號7樓之2,Simon Sim Wai Hung,1000000,,115/07/29,本公司中文名稱變更,C702010 製版業；CC01080 電子零組件製造業；F118010 資訊軟體批發業；F218010 資訊軟體零售業；F401010 國際貿易業；I301020 資料處理服務業；I301030 電子資訊供應服務業；IZ06010 理貨包裝業；IZ10010 排版業；CC01030 電器及視聽電子產品製造業,桃園市,變更,11507
70804380,金賓汽車股份有限公司,桃園市龜山區文化里復興三路368號1樓,李大偉,558000000,,115/07/27,一般補正案,F114010 汽車批發業；F214010 汽車零售業；F114030 汽、機車零件配備批發業；F214030 汽、機車零件配備零售業；F114050 車胎批發業；F214050 車胎零售業；F114060 船舶及其零件批發業；F214060 船舶及其零件零售業；F117010 消防安全設備批發業；F217010 消防安全設備零售業,桃園市,變更,11507
70831041,創智車電股份有限公司,桃園市龍潭區渴望路185號5樓之3,駱光祚,362435970,,115/07/13,改選董事/監察人(一人法人股東指派董事/監察人),CD01030 汽車及其零件製造業；F114030 汽、機車零件配備批發業；F214030 汽、機車零件配備零售業；F401021 電信管制射頻器材輸入業；F113070 電信器材批發業；F213060 電信器材零售業；CC01080 電子零組件製造業；C804020 工業用橡膠製品製造業；C805050 工業用塑膠製品製造業；F601010 智慧財產權業,桃園市,變更,11507
79955280,饗賓餐旅事業股份有限公司,桃園市大園區五青路150巷12號,陳毅航,609760000,,115/07/20,補繳規費,A102060 糧商業；A101020 農作物栽培業；A102020 農產品整理業；A301030 水產養殖業；A401010 畜牧場經營業；A401020 家畜禽飼育業；A401040 畜牧服務業；C103050 罐頭、冷凍、脫水及醃漬食品製造業；C104010 糖果製造業；C104020 烘焙炊蒸食品製造業,桃園市,變更,11507
79963943,宅急網股份有限公司,桃園市桃園區汴洲里001鄰經國一路88號五樓,謝淑君,50000000,,115/07/02,增資(資本總額),JE01010 租賃業；ZZ99999 除許可業務外，得經營法令非禁止或限制之業務；G903010 電信事業,桃園市,變更,11507
79964719,正齊企業有限公司,桃園市大園區文興街20巷1號(1樓),丁國政,1000000,,115/07/28,公司所在地,F111090 建材批發業；F401010 國際貿易業；EZ99990 其他工程業；JE01010 租賃業；ZZ99999 除許可業務外，得經營法令非禁止或限制之業務,桃園市,變更,11507
79978137,邦達國際人力股份有限公司,桃園市蘆竹區吉林路130號3樓,王彰德,50000000,,115/07/27,公司印鑑變更,I701011 就業服務業；IZ99990 其他工商服務業(協助雇主代辦外勞入境後之匯款手續)；F401010 國際貿易業；ZZ99999 除許可業務外，得經營法令非禁止或限制之業務,桃園市,變更,11507
79984519,翰鈺機械有限公司,桃園市八德區介壽路二段901巷86號1樓,王家雄,1500000,,115/07/15,增資,F113010 機械批發業；F213080 機械器具零售業；F106030 模具批發業；F206030 模具零售業；F119010 電子材料批發業；ZZ99999 除許可業務外，得經營法令非禁止或限制之業務；CB01010 機械設備製造業；CB01990 其他機械製造業；CC01080 電子零組件製造業；CP01010 手工具製造業,桃園市,變更,11507
80002418,映象科技股份有限公司,桃園市中壢區中園路471號(1、2樓),陳惠智,112000000,,115/07/22,公司所營事業變更修正章程,CC01080 電子零組件製造業；F119010 電子材料批發業；F219010 電子材料零售業；F401010 國際貿易業；C805010 塑膠皮、布、板、管材製造業；ZZ99999 除許可業務外，得經營法令非禁止或限制之業務；F118010 資訊軟體批發業；F218010 資訊軟體零售業；I301010 資訊軟體服務業；I301030 電子資訊供應服務業,桃園市,變更,11507
80051986,亨洲國際股份有限公司,桃園市中壢區中豐北路一段722號,楊人群,5000000,,115/07/06,一般補正案,E601020 電器安裝業；E603050 自動控制設備工程業；E605010 電腦設備安裝業；E701010 電信工程業；F113020 電器批發業；F113050 電腦及事務性機器設備批發業；F118010 資訊軟體批發業；F213010 電器零售業；F213030 電腦及事務性機器設備零售業；F218010 資訊軟體零售業,桃園市,變更,11507
80061561,源峰建設股份有限公司,桃園市桃園區民有五街92號2樓,孫福成,400000000,,115/07/14,董事/監察人持股變動報備,H701010 住宅及大樓開發租售業；I503010 景觀、室內設計業,桃園市,變更,11507
80069135,巨佳紙業股份有限公司,桃園市蘆竹區中福里龍安街二段1007號1樓,簡文穗,25000000,,115/07/29,改選董事/監察人(一人法人股東指派董事/監察人),C601020 紙製造業；C601030 紙容器製造業；C601040 加工紙製造業；F109070 文教、樂器、育樂用品批發業；F209060 文教、樂器、育樂用品零售業；F401010 國際貿易業；F106010 五金批發業；F199010 回收物料批發業；F199990 其他批發業；J101080 資源回收業,桃園市,變更,11507
80115813,佳輝建設股份有限公司,桃園市桃園區興二街71號,邱金城,25000000,,115/07/07,修正章程,H701010 住宅及大樓開發租售業；H701020 工業廠房開發租售業；H701050 投資興建公共建設業；H703100 不動產租賃業；I102010 一般投資顧問業；E901010 油漆工程業；E801010 室內裝潢業；E801020 門窗安裝工程業；E801030 室內輕鋼架工程業；E801070 廚具、衛浴設備安裝工程業,桃園市,變更,11507
80120034,廉義能源股份有限公司,桃園市龜山區萬壽路二段438號,郭湘珍,10000000,,115/07/29,一般補正案,H701050 投資興建公共建設業；H703100 不動產租賃業；I503010 景觀、室內設計業；ZZ99999 除許可業務外，得經營法令非禁止或限制之業務；H701010 住宅及大樓開發租售業；H701020 工業廠房開發租售業；H703090 不動產買賣業；H701060 新市鎮、新社區開發業；H701090 都市更新整建維護業；H703110 老人住宅業,桃園市,變更,11507
80136036,錦翔實業股份有限公司,桃園市觀音區安和街272號,黃惠珠,118000000,,115/07/15,改選董事/監察人(一人法人股東指派董事/監察人),C301010 紡紗業；C302010 織布業；C305010 印染整理業；C306010 成衣業；F104110 布疋、衣著、鞋、帽、傘、服飾品批發業；F107020 染料、顏料批發業；F401010 國際貿易業；H703100 不動產租賃業；H701010 住宅及大樓開發租售業；H701020 工業廠房開發租售業,桃園市,變更,11507
80141354,揚堡實業股份有限公司,桃園市觀音區國建三路3號,鄭博仁,786810000,,115/07/13,補繳規費,C801010 基本化學工業；C802120 工業助劑製造業；C804990 其他橡膠製品製造業；C805010 塑膠皮、布、板、管材製造業；C805020 塑膠膜、袋製造業；C805030 塑膠日用品製造業；C805050 工業用塑膠製品製造業；C805060 塑膠皮製品製造業；C805070 強化塑膠製品製造業；C805990 其他塑膠製品製造業,桃園市,變更,11507
80169535,世騰電子科技股份有限公司,桃園市蘆竹區聯福街2巷10號,張文奇,170087500,,115/07/28,一般補正案,ZZ99999 除許可業務外，得經營法令非禁止或限制之業務,桃園市,變更,11507
80174642,海峽兩岸企管顧問股份有限公司,桃園市中壢區普忠里17鄰新中一街41號2樓,倪維,1000000,,115/07/06,一般補正案,I102010 投資顧問業；I103010 企業經營管理顧問業。；F601010 智慧財產權業；I301010 資訊軟體服務業；I301020 資料處理服務業；I301030 電子資訊供應服務業；I401010 一般廣告服務業；J302010 通訊稿業；J303010 雜誌（期刊）出版業；J304010 圖書出版業,桃園市,變更,11507
80177232,七星事業股份有限公司,桃園市平鎮區環南路二段11號6樓之2,葉怡彣,5000000,,115/07/21,改選董事/監察人(一人法人股東指派董事/監察人),F113020 電器批發業；F113050 電腦及事務性機器設備批發業；F113070 電信器材批發業；F119010 電子材料批發業；F199990 其他批發業；F401010 國際貿易業；I501010 產品設計業；ZZ99999 除許可業務外，得經營法令非禁止或限制之業務,桃園市,變更,11507
80182679,三木三創意設計有限公司,桃園市桃園區藝文一街86之2號4樓,邱裕芳,6000000,,115/07/20,公司所營事業變更修正章程,E603040 消防安全設備安裝工程業；E603090 照明設備安裝工程業；E801010 室內裝潢業；E801020 門窗安裝工程業；E801030 室內輕鋼架工程業；E801040 玻璃安裝工程業；E901010 油漆工程業；F115010 首飾及貴金屬批發業；F115020 礦石批發業；F215010 首飾及貴金屬零售業,桃園市,變更,11507
80239954,鴻欣機械有限公司,桃園市蘆竹區新莊里大興路20巷24號,李月霞,8000000,,115/07/31,股東出資轉讓修正章程,CA01050 鋼材二次加工業；CB01010 機械設備製造業；CQ01010 模具製造業除許可業務外，得經營法令非禁止或限制之業務,桃園市,變更,11507
80316831,嘉菱科技有限公司,桃園市桃園區鹽庫街21號(1樓),楊富貴,1000000,,115/07/27,公司名稱變更修正章程,F113020 電器批發業；F113030 精密儀器批發業；F113070 電信器材批發業；F213010 電器零售業；F213040 精密儀器零售業；F213060 電信器材零售業；I301010 資訊軟體服務業；I301020 資料處理服務業；ZZ99999 除許可業務外，得經營法令非禁止或限制之業務；F113050 電腦及事務性機器設備批發業,桃園市,變更,11507
80333058,禾聯碩股份有限公司,桃園市龜山區樂善里文禾路289號9樓,蔡柏毅,876005100,,115/07/07,改選董事/監察人(一人法人股東指派董事/監察人),C805030 塑膠日用品製造業；C805050 工業用塑膠製品製造業；CC01030 電器及視聽電子產品製造業；CC01080 電子零組件製造業；CC01100 電信管制射頻器材製造業；CC01110 電腦及其週邊設備製造業；CC01120 資料儲存媒體製造及複製業；D101060 再生能源自用發電設備業；E602011 冷凍空調工程業；E606010 用電設備檢驗維護業,桃園市,變更,11507
80402483,亞德光機股份有限公司,桃園市平鎮區天津街171號,吳堉文,173600000,,115/07/02,改選董事/監察人(一人法人股東指派董事/監察人),F401010 國際貿易業；F219010 電子材料零售業；F119010 電子材料批發業；CC01040 照明設備製造業；CC01080 電子零組件製造業；I501010 產品設計業；ZZ99999 除許可業務外，得經營法令非禁止或限制之業務,桃園市,變更,11507
80422328,宇博數位科技股份有限公司,桃園市蘆竹區大竹里大竹路576號1樓,高偉智,5000000,,115/07/27,減資,F119010 電子材料批發業；F113020 電器批發業；F113050 電腦及事務性機器設備批發業；F118010 資訊軟體批發業；F219010 電子材料零售業；F213010 電器零售業；F213030 電腦及事務性機器設備零售業；F218010 資訊軟體零售業；E605010 電腦設備安裝業；F401010 國際貿易業,桃園市,變更,11507
80431023,璟都建設股份有限公司,桃園市桃園區中正路1071號16樓之3,吳明亮,201000000,,115/07/13,董事/監察人持股變動報備,D501010 溫泉取供業；E801010 室內裝潢業；F111090 建材批發業；F120010 耐火材料批發業；F211010 建材零售業；F220010 耐火材料零售業；H701010 住宅及大樓開發租售業；H701020 工業廠房開發租售業；H701040 特定專業區開發業；H701050 投資興建公共建設業,桃園市,變更,11507
80433628,重鼎企業有限公司,桃園市龜山區東萬壽路311巷31號3樓,蔡志成,5000000,,115/07/23,董事/股東地址變更,J101080 資源回收業；JZ99990 未分類其他服務業(油槽清洗)；F214030 汽、機車零件配備零售業；F206010 五金零售業；F106010 五金批發業；F114030 汽、機車零件配備批發業；F113010 機械批發業；F112010 汽油、柴油批發業；F112040 石油製品批發業；J101030 廢棄物清除業,桃園市,變更,11507
80434470,尤佳多股份有限公司,桃園市龜山區文化里復興一路258號1樓（Ａ棟）,陳清瑜,6000000,,115/07/24,改選董事/監察人(一人法人股東指派董事/監察人),F203010 食品什貨、飲料零售業；F112010 汽油、柴油批發業；F399010 便利商店業；JA01990 其他汽車服務業；JA01010 汽車修理業；JA02051 度量衡器修理業；F102040 飲料批發業；F106020 日常用品批發業；F112040 石油製品批發業；F114030 汽、機車零件配備批發業,桃園市,變更,11507
80446996,吉富發展有限公司,桃園市中壢區中原里中華路一段282號1樓,黃智業,1600000,,115/07/03,股東出資轉讓修正章程,H704031 不動產仲介經紀業；H703090 不動產買賣業；H703100 不動產租賃業；ZZ99999 除許可業務外，得經營法令非禁止或限制之業務,桃園市,變更,11507
80463208,尚騰科技股份有限公司,桃園市楊梅區楊梅里梅高路78號（2樓）,蕭墐彤,5000000,,115/07/21,一般補正案,ZZ99999 除許可業務外，得經營法令非禁止或限制之業務；F106030 模具批發業；F114030 汽、機車零件配備批發業；F401010 國際貿易業,桃園市,變更,11507
80466562,京和科技股份有限公司,桃園市桃園區中正路1080號21樓,賴永鎮,227100000,,115/07/06,一般補正案,F107200 化學原料批發業；F106010 五金批發業；F401010 國際貿易業；C801010 基本化學工業；C801020 石油化工原料製造業；C801030 精密化學材料製造業；ZZ99999 除許可業務外，得經營法令非禁止或限制之業務；C199990 未分類其他食品製造業,桃園市,變更,11507
80467372,卡達富興業有限公司,桃園市楊梅區三民里瑞溪路一段180巷17號(1樓),鍾時安,6000000,,115/07/22,公司所在地,CA01050 鋼材二次加工業；C805010 塑膠皮、布、板、管材製造業；F401010 國際貿易業；ZZ99999 除許可業務外，得經營法令非禁止或限制之業務,桃園市,變更,11507
80477553,第一化粧品廠股份有限公司,桃園市龜山區文化里華亞一路32號,陳鵬州,120000000,,115/07/01,改選董事/監察人(一人法人股東指派董事/監察人),C802100 化粧品製造業；C802110 化粧品色素製造業；F108040 化粧品批發業；F208040 化粧品零售業；F399040 無店面零售業；JB01010 會議及展覽服務業；JZ99110 瘦身美容業；F399990 其他綜合零售業；F401010 國際貿易業；F108031 醫療器材批發業,桃園市,變更,11507
80514446,鴻博電氣工程有限公司,桃園市龜山區樂善里文德路86號六樓,許瑜珊,5000000,,115/07/02,增資,E605010 電腦設備安裝業；F213060 電信器材零售業；F217010 消防安全設備零售業；F106040 水器材料批發業；E801010 室內裝潢業；F119010 電子材料批發業；F213010 電器零售業；E601020 電器安裝業；E603090 照明設備安裝工程業；EZ03010 鎔爐安裝業,桃園市,變更,11507
80516134,耀穎光電股份有限公司,桃園市蘆竹區大新路812號,鄭偉民,264986000,,115/07/16,修正章程,CC01120 資料儲存媒體製造及複製業；CC01080 電子零組件製造業；CC01990 其他電機及電子機械器材製造業；CD01030 汽車及其零件製造業；CD01060 航空器及其零件製造業；CD01990 其他運輸工具及其零件製造業；CE01030 光學儀器製造業；CE01990 其他光學及精密器械製造業；CQ01010 模具製造業；F113030 精密儀器批發業,桃園市,變更,11507
80527913,台灣埃萬特股份有限公司,桃園市桃園區興邦路30號,吳維東,23888000,,115/07/01,一般補正案,C801030 精密化學材料製造業；C802120 工業助劑製造業；C802200 塗料、油漆、染料及顏料製造業；C802990 其他化學製品製造業；F107020 染料、顏料批發業；F107030 清潔用品批發業；F107070 動物用藥品批發業；F107080 環境用藥批發業；F107200 化學原料批發業；F107170 工業助劑批發業,桃園市,變更,11507
80550792,緯錩企業股份有限公司,桃園市龜山區兔坑里幸美七街2號,林政輝,29000000,,115/07/24,一般補正案,ZZ99999 除許可業務外，得經營法令非禁止或限制之業務；C803990 其他石油及煤製品製造業；F106010 五金批發業；F112020 煤及煤製品批發業；F207170 工業助劑零售業；F207200 化學原料零售業；F207990 其他化學製品零售業；F401010 國際貿易業；J101030 廢棄物清除業；J101040 廢棄物處理業,桃園市,變更,11507
80573303,貝嶼企業有限公司,桃園市中壢區興和里新生路二段33號1樓,謝珍輝,1100000,,115/07/02,公司所營事業變更修正章程,E102011 土木包工業；E603050 自動控制設備工程業；E604010 機械安裝業；E801010 室內裝潢業；E801020 門窗安裝工程業；EZ05010 儀器、儀表安裝工程業；F111090 建材批發業；F113010 機械批發業；F399040 無店面零售業；F401010 國際貿易業,桃園市,變更,11507
80580368,琮人國際音樂有限公司,桃園市中壢區青航里青心路220號7樓,莊雅寧,1000000,,115/07/09,申登機關變更（遷入，含卷）,JZ99090 喜慶綜合服務業；J602010 演藝活動業；IZ12010 人力派遣業；JZ99030 攝影業；EZ99990 其他工程業；E801010 室內裝潢業；I601010 租賃業；JZ99050 仲介服務業；I401010 一般廣告服務業；I401020 廣告傳單分送業,桃園市,變更,11507
80586692,屏榮食品股份有限公司,桃園市大溪區仁善里9鄰新光東路76巷36之2號,吳宏哲,321119840,,115/07/22,發行新股,C104020 烘焙食品業；C199030 即食餐食業；C199990 雜項食品製造業（壽司、三明治、飯糰）；C199010 粉條類食品製造業；F102110 烘焙食品批發業；F102140 粉條類食品批發業；ZZ99999 除許可業務外，得經營法令非禁止或限制之業務,桃園市,變更,11507
80612777,八方再利用有限公司,桃園市觀音區經建六路20之1號,黃昌維,57000000,,115/07/06,公司所在地,EZ02010 起重工程業；B601010 土石採取業；J101030 廢棄物清除業；J101040 廢棄物處理業；J101090 廢棄物清理業；J101990 其他環境衛生及污染防治服務業；E903010 防蝕、防銹工程業；F106010 五金批發業；J101010 建築物清潔服務業；F401010 國際貿易業,桃園市,變更,11507
80615839,印象廣告有限公司,桃園市蘆竹區營盤里中山路108巷5號7樓之1,吳秉翔,60000000,,115/07/06,股東出資轉讓修正章程,I401010 一般廣告服務業；I401020 廣告傳單分送業；F111090 建材批發業；F105050 家具、寢具、廚房器具、裝設品批發業；F205040 家具、寢具、廚房器具、裝設品零售業；E801010 室內裝潢業；E801020 門窗安裝工程業；E801070 廚具、衛浴設備安裝工程業；E901010 油漆工程業；I503010 景觀、室內設計業,桃園市,變更,11507
80620185,歐陸電子通訊檢測股份有限公司,桃園市八德區長安街140之1號,簡競宇,830940200,,115/07/27,補繳規費,F113030 精密儀器批發業；F213040 精密儀器零售業；F401010 國際貿易業；I501010 產品設計業；E606010 用電設備檢驗維護業；IF04010 非破壞檢測業；IZ99990 其他工商服務業；IZ07010 公證業；IZ09010 管理系統驗證業；J101050 環境檢測服務業,桃園市,變更,11507
80629257,實銓有限公司,桃園市蘆竹區三德街15巷14弄12之1號,蘇柏任,1000000,,115/07/29,修正章程,F113010 機械批發業；F213080 機械器具零售業；F206030 模具零售業；ZZ99999 除許可業務外，得經營法令非禁止或限制之業務；I501010 產品設計業,桃園市,變更,11507
80642940,合佳歡建設有限公司,桃園市中壢區環中東路二段288號5樓,賴金蓮,10000000,,115/07/09,公司所營事業變更修正章程,H702010 建築經理業；H703100 不動產租賃業；H201010 一般投資業；ZZ99999 除許可業務外，得經營法令非禁止或限制之業務,桃園市,變更,11507
80656351,映奇系統科技股份有限公司,桃園市中壢區五權里正光三街21號,徐永縉,5000000,,115/07/08,公司所在地,F213030 電腦及事務性機器設備零售業；I301010 資訊軟體服務業；F219010 電子材料零售業；F218010 資訊軟體零售業；E605010 電腦設備安裝業；E701010 電信工程業；E603090 照明設備安裝工程業；F213010 電器零售業；F401010 國際貿易業；E601020 電器安裝業,桃園市,變更,11507
80668666,笠復投資股份有限公司,桃園市大溪區永福里日新路168號,李錫淇,3200000000,,115/07/06,改選董事/監察人(一人法人股東指派董事/監察人),H201010 一般投資業；F101100 花卉批發業；F102020 食用油脂批發業；F102030 菸酒批發業；F102040 飲料批發業；F102170 食品什貨批發業；F105050 家具、寢具、廚房器具、裝設品批發業；F106020 日常用品批發業；F107030 清潔用品批發業；F108040 化粧品批發業,桃園市,變更,11507
80705780,台灣風險管理股份有限公司,桃園市中壢區松義三街258號,黃逸帆,5000000,,115/07/01,一般補正案,I103060 管理顧問業；I301010 資訊軟體服務業；IZ99990 其他工商服務業；ZZ99999 除許可業務外，得經營法令非禁止或限制之業務,桃園市,變更,11507
80712142,羽泰精密科技有限公司,桃園市八德區和平路1441巷22弄1號,吳承鴻,47800000,,115/07/09,一般補正案,ZZ99999 除許可業務外，得經營法令非禁止或限制之業務；CC01080 電子零組件製造業；CC01110 電腦及其週邊設備製造業；CC01990 其他電機及電子機械器材製造業；F106010 五金批發業；F113050 電腦及事務性機器設備批發業；F114030 汽、機車零件配備批發業；F119010 電子材料批發業；C805050 工業用塑膠製品製造業；CA02030 螺絲、螺帽、螺絲釘、及鉚釘等製品製造業,桃園市,變更,11507
80716724,明銨電機材料有限公司,桃園市中壢區信義里環中東路二段312巷1號5樓,張有賢,5000000,,115/07/07,公司印鑑變更,F213080 機械器具零售業；F219010 電子材料零售業；F119010 電子材料批發業；F113070 電信器材批發業；F213010 電器零售業；F213060 電信器材零售業；F113020 電器批發業；F113030 精密儀器批發業；F213040 精密儀器零售業；F113010 機械批發業,桃園市,變更,11507
80731443,鑫理想廣告股份有限公司,桃園市桃園區鎮一街111號1樓,洪孟鏹,5000000,,115/07/14,改選董事/監察人(一人法人股東指派董事/監察人),H704031 不動產仲介經紀業；H704041 不動產代銷經紀業；I401010 一般廣告服務業；I401020 廣告傳單分送業；I501010 產品設計業；ZZ99999 除許可業務外，得經營法令非禁止或限制之業務,桃園市,變更,11507
80731990,天生國際有限公司,桃園市大園區高鐵北路2段188號8樓,簡啓文,9900000,,115/07/23,股東出資轉讓修正章程,ZZ99999 除許可業務外，得經營法令非禁止或限制之業務,桃園市,變更,11507
80734933,全勝石材有限公司,桃園市桃園區中寧里莊一街11號2樓,蔡嘉峻,2000000,,115/07/03,股東出資轉讓修正章程,F111030 磚、瓦、石建材批發業；F111040 磁磚、貼面石材批發業；F211010 建材零售業；F215020 礦石零售業；E801010 室內裝潢業；E201010 景觀工程業；ZZ99999 除許可業務外，得經營法令非禁止或限制之業務,桃園市,變更,11507
80738852,浩昇開發科技股份有限公司,桃園市楊梅區高山里梅高路441巷31號,黃練盛,96500000,,115/07/06,改選董事/監察人(一人法人股東指派董事/監察人),A199990 其他農業；A399990 其他漁業；C199990 未分類其他食品製造業；C201010 飼料製造業；C305010 印染整理業；C307010 服飾品製造業；C399990 其他紡織及製品製造業；C601990 其他紙製品製造業；C802060 動物用藥製造業；C802080 環境用藥製造業,桃園市,變更,11507
81271967,皇普建設股份有限公司,桃園市中壢區領航南路3段307號17樓,蘇永平,4359964670,,115/07/17,公司所在地,,桃園市,變更,11507
82767678,和駒有限公司,桃園市觀音區崙坪里崙坪五路138巷51弄2號(2樓),邱威嵐,1000000,,115/07/29,股東出資轉讓修正章程,C801060 合成橡膠製造業；C801100 合成樹脂及塑膠製造業；C801990 其他化學材料製造業；C805050 工業用塑膠製品製造業；C805070 強化塑膠製品製造業；C805990 其他塑膠製品製造業；F101120 觀賞魚批發業；F101980 其他動物批發業；F106010 五金批發業；F106020 日常用品批發業,桃園市,變更,11507
82767987,觀品空間美學有限公司,桃園市龍潭區上林里民生路845巷61號(2樓),周悅翔,1000000,,115/07/09,公司所在地,I105010 藝術品諮詢顧問業；I503010 景觀、室內設計業；I504010 花藝設計業；JZ99090 喜慶綜合服務業；ZZ99999 除許可業務外，得經營法令非禁止或限制之業務,桃園市,變更,11507
82768439,新日喆有限公司,桃園市蘆竹區五福六路56巷27弄8號,張妍榛,500000,,115/07/02,公司所在地,F203010 食品什貨、飲料零售業；F208040 化粧品零售業；F208050 乙類成藥零售業；F401010 國際貿易業；I101090 食品顧問業；I103060 管理顧問業；ZZ99999 除許可業務外，得經營法令非禁止或限制之業務,桃園市,變更,11507
82773658,禾合開發建設有限公司,桃園市大園區青山里興德路28號,顧儀柔,5500000,,115/07/20,股東出資轉讓修正章程,H701010 住宅及大樓開發租售業；H701020 工業廠房開發租售業；H701050 投資興建公共建設業；H701060 新市鎮、新社區開發業；H701070 區段徵收及市地重劃代辦業；H701090 都市更新整建維護業；H702010 建築經理業；H703090 不動產買賣業；H703100 不動產租賃業；H703110 老人住宅業,桃園市,變更,11507
82773664,金富金產品開發有限公司,桃園市平鎮區金陵里振平街266號,鄒佳男,1000000,,115/07/24,公司名稱變更修正章程,E603050 自動控制設備工程業；E604010 機械安裝業；F106010 五金批發業；F106030 模具批發業；F113010 機械批發業；F206010 五金零售業；F206030 模具零售業；F213080 機械器具零售業；F214030 汽、機車零件配備零售業；F219010 電子材料零售業,桃園市,變更,11507
82780742,安婗有限公司,桃園市中壢區延平路261號11樓,翁于婷,5000000,,115/07/17,一般補正案,F104110 布疋、衣著、鞋、帽、傘、服飾品批發業；F105050 家具、寢具、廚房器具、裝設品批發業；F106020 日常用品批發業；F106060 寵物食品及其用品批發業；F108040 化粧品批發業；F110020 眼鏡批發業；F109070 文教、樂器、育樂用品批發業；F204110 布疋、衣著、鞋、帽、傘、服飾品零售業；F205040 家具、寢具、廚房器具、裝設品零售業；F206020 日常用品零售業,桃園市,變更,11507
82780840,東宏國際企業有限公司,桃園市中壢區忠義里中華路一段813號,吳謝麗卿,2000000,,115/07/16,增資,JA01010 汽車修理業；JA01020 汽車拖吊業；JA01990 其他汽車服務業；F214030 汽、機車零件配備零售業；JA02020 機車修理業；F214010 汽車零售業；F214020 機車零售業；F214050 車胎零售業；F214060 船舶及其零件零售業；F214070 航空器及其零件零售業,桃園市,變更,11507
82781165,濰泓工程有限公司,桃園市中壢區永清街281巷60號,林宏龍,23000000,,115/07/23,公司名稱變更修正章程,CA02010 金屬結構及建築組件製造業；CA02990 其他金屬製品製造業；CA03010 熱處理業；CA04010 表面處理業；E502010 燃料導管安裝工程業；E599010 配管工程業；E601020 電器安裝業；E603010 電纜安裝工程業；E603020 電梯安裝工程業；E603040 消防安全設備安裝工程業,桃園市,變更,11507
82781518,宸華生技事業股份有限公司,桃園市中壢區青埔里青峰路1段51號13樓,沈之翔,62365890,,115/07/01,發行新股,F203010 食品什貨、飲料零售業；F102170 食品什貨批發業；F102040 飲料批發業；F401010 國際貿易業；F399040 無店面零售業；F108021 西藥批發業；F108031 醫療器材批發業；F208021 西藥零售業；F208031 醫療器材零售業；ZZ99999 除許可業務外，得經營法令非禁止或限制之業務,桃園市,變更,11507
82793269,仟宇實業有限公司,桃園市新屋區頭洲里長祥路300號,程凱琪,1000000,,115/07/14,公司所營事業變更修正章程,F106010 五金批發業；F107190 塑膠膜、袋批發業；F108040 化粧品批發業；F199010 回收物料批發業；F208040 化粧品零售業；F401010 國際貿易業；C805020 塑膠膜、袋製造業；C805030 塑膠日用品製造業；CA02990 其他金屬製品製造業；I501010 產品設計業,桃園市,變更,11507
82809017,螞蟻帝國企業有限公司,桃園市龜山區振興路1062號,王秉誠,10100000,,115/07/07,公司所營事業變更修正章程,F201980 其他動物零售業；C201020 寵物食品製造業；CN01010 家具及裝設品製造業；CH01040 玩具製造業；F202010 飼料零售業；F299990 其他零售業；I101070 農、林、漁、畜牧顧問業；I199990 其他顧問服務業；I503010 景觀、室內設計業；IG01010 生物技術服務業,桃園市,變更,11507
82823735,創兆創業投資股份有限公司,桃園市中壢區青埔里高鐵站前西路一段268號十五樓之2,蕭靜怡,3000000,,115/07/15,董事/監察人持股變動報備,H201010 一般投資業,桃園市,變更,11507
82835394,興展業國際股份有限公司,桃園市桃園區中正路1456號28樓,鄭綢,27847000,,115/07/29,改選董事/監察人(一人法人股東指派董事/監察人),H201010 一般投資業；H202010 創業投資業；H701010 住宅及大樓開發租售業；H701020 工業廠房開發租售業；H701050 投資興建公共建設業；H701060 新市鎮、新社區開發業；H701070 區段徵收及市地重劃代辦業；J503040 廣播電視廣告業；J601010 藝文服務業；J602010 演藝活動業,桃園市,變更,11507
82864209,鈞翔材料科技股份有限公司,桃園市楊梅區和平路180巷26號,楊培儷,5800000,,115/07/13,改選董事/監察人(一人法人股東指派董事/監察人),F113010 機械批發業；F113020 電器批發業；F119010 電子材料批發業；F213010 電器零售業；F213080 機械器具零售業；F219010 電子材料零售業；F401010 國際貿易業；ZZ99999 除許可業務外，得經營法令非禁止或限制之業務；E604010 機械安裝業；CB01010 機械設備製造業,桃園市,變更,11507
82885696,羅耿有限公司,桃園市龜山區文學路43號15樓,陳鑒凡,550000,,115/07/14,公司所在地,F109070 文教、樂器、育樂用品批發業；F201010 農產品零售業；F202010 飼料零售業；F203010 食品什貨、飲料零售業；F204110 布疋、衣著、鞋、帽、傘、服飾品零售業；F206020 日常用品零售業；F208040 化粧品零售業；F301020 超級市場業；F399040 無店面零售業；F399990 其他綜合零售業,桃園市,變更,11507
82889314,所羅門國際股份有限公司,桃園市蘆竹區奉化路104巷45弄1號五樓,黃予錡,5000000,,115/07/28,改選董事/監察人(一人法人股東指派董事/監察人),A101020 農作物栽培業；A102050 作物栽培服務業；A102080 園藝服務業；D101060 再生能源自用發電設備業；F101990 其他農、畜、水產品批發業；F103010 飼料批發業；F107050 肥料批發業；F199010 回收物料批發業；F201010 農產品零售業；F201020 畜產品零售業,桃園市,變更,11507
82925395,太圓工程有限公司,桃園市桃園區中成里正光二街71巷11號15樓,許明吉,200000,,115/07/09,申登機關變更（遷入，含卷）,E801010 室內裝潢業；E901010 油漆工程業；E903010 防蝕、防銹工程業；EZ99990 其他工程業；F106010 五金批發業；F111090 建材批發業；ZZ99999 除許可業務外，得經營法令非禁止或限制之業務,桃園市,變更,11507
82932500,強佑國際貿易有限公司,桃園市桃園區復興路51之2號10樓之3,劉茂庭,5600000,,115/07/21,申登機關變更（遷入，含卷）,A301030 水產養殖業；A201010 造林業；F101050 水產品批發業；F201030 水產品零售業；F101040 家畜家禽批發業；F201020 畜產品零售業；F102170 食品什貨批發業；F203010 食品什貨、飲料零售業；F199990 其他批發業；F299990 其他零售業,桃園市,變更,11507
82978337,洰盛生醫股份有限公司,桃園市桃園區江南二街35號9樓,林素如,6000000,,115/07/20,申登機關變更（遷入，含卷）,F102040 飲料批發業；F102050 茶葉批發業；F102170 食品什貨批發業；F103010 飼料批發業；F107050 肥料批發業；F108040 化粧品批發業；F121010 食品添加物批發業；F202010 飼料零售業；F203010 食品什貨、飲料零售業；F207050 肥料零售業,桃園市,變更,11507
82982297,昌明農科有限公司,桃園市桃園區中正路1351號12樓,邱筠淽,2000000,,115/07/22,申登機關變更（遷入，含卷）,CC01010 發電、輸電、配電機械製造業；D101060 再生能源自用發電設備業；IG03010 能源技術服務業；A101020 農作物栽培業；A102020 農產品整理業；A199990 其他農業；A301030 水產養殖業；A302020 漁業服務業；A399990 其他漁業；A401010 畜牧場經營業,桃園市,變更,11507
82990000,銘旺綠能股份有限公司,桃園市中壢區高鐵站前西路一段286號3樓之3,周維昆,41000000,,115/07/28,減資,CC01990 其他電機及電子機械器材製造業；D101050 汽電共生業；D101060 再生能源自用發電設備業；E601010 電器承裝業；E607010 太陽熱能設備安裝工程業；F213010 電器零售業；H201010 一般投資業；I102010 投資顧問業；I103060 管理顧問業；IG03010 能源技術服務業,桃園市,變更,11507
82992339,聯成起重工程有限公司,桃園市桃園區同安里新埔六街97號17樓,吳沛玲,1000000,,115/07/15,一般補正案,EZ02010 起重工程業；EZ07010 鑽孔工程業；EZ99990 其他工程業；F111090 建材批發業；F113010 機械批發業；F401010 國際貿易業；J101040 廢棄物處理業；ZZ99999 除許可業務外，得經營法令非禁止或限制之業務,桃園市,變更,11507
82993169,鯤馳股份有限公司,桃園市桃園區莊敬里中正路1316號12樓,張明麟,2515900,,115/07/08,一般補正案,H201010 一般投資業；I102010 投資顧問業；F401010 國際貿易業；C401030 皮革、毛皮整製業；C402030 皮革、毛皮製品製造業；C305010 印染整理業；C399990 其他紡織及製品製造業；ZZ99999 除許可業務外，得經營法令非禁止或限制之業務,桃園市,變更,11507
82999641,富揚智能股份有限公司,桃園市蘆竹區光明路二段光明巷6號,詹進揚,500000,,115/07/20,申登機關變更（遷入，含卷）,E604010 機械安裝業；F102170 食品什貨批發業；F106060 寵物食品及其用品批發業；F113010 機械批發業；F113020 電器批發業；F113990 其他機械器具批發業；F118010 資訊軟體批發業；F119010 電子材料批發業；F121010 食品添加物批發業；F203010 食品什貨、飲料零售業,桃園市,變更,11507
83018619,平方有限公司,桃園市中壢區青埔里青商路59號2樓,朱陳育,1000000,,115/07/14,一般補正案,IF01010 消防安全設備檢修業；IF04010 非破壞檢測業；IZ12010 人力派遣業；IB01010 建築物公共安全檢查業；I103060 管理顧問業；I503010 景觀、室內設計業；IG03010 能源技術服務業；IZ99990 其他工商服務業；J101010 建築物清潔服務業；J101050 環境檢測服務業,桃園市,變更,11507
83019271,金品庄企業有限公司,桃園市楊梅區中山北路1段199巷98號9樓,曾苡尹,5000000,,115/07/01,公司所在地,CG01010 珠寶及貴金屬製品製造業；F115010 首飾及貴金屬批發業；F206020 日常用品零售業；F401010 國際貿易業；JE01010 租賃業；ZZ99999 除許可業務外，得經營法令非禁止或限制之業務,桃園市,變更,11507
83019737,佺璟科技股份有限公司,桃園市蘆竹區南崁里經國路902號6樓,邱俊隆,168190070,,115/07/17,發行新股,CC01030 電器及視聽電子產品製造業；CC01080 電子零組件製造業；CC01990 其他電機及電子機械器材製造業；F119010 電子材料批發業；F219010 電子材料零售業；F401010 國際貿易業；CC01060 有線通信機械器材製造業；CC01070 無線通信機械器材製造業；F113050 電腦及事務性機器設備批發業；F113070 電信器材批發業,桃園市,變更,11507
83036010,創利鑫能源股份有限公司,桃園市觀音區環南路639號,王貴雲,540000000,,115/07/21,改派董事/監察人,CC01010 發電、輸電、配電機械製造業；D401010 熱能供應業；E599010 配管工程業；E601010 電器承裝業；E601020 電器安裝業；E603010 電纜安裝工程業；E603050 自動控制設備工程業；E604010 機械安裝業；EZ05010 儀器、儀表安裝工程業；EZ99990 其他工程業,桃園市,變更,11507
83048233,芳和國際有限公司,桃園市桃園區藝文里中正路1092號25樓,馮文芳,6000000,,115/07/17,公司所在地,F107200 化學原料批發業；F107050 肥料批發業；F121010 食品添加物批發業；F401010 國際貿易業；F107990 其他化學製品批發業；F107030 清潔用品批發業；F108040 化粧品批發業；F107170 工業助劑批發業；F102020 食用油脂批發業；F112040 石油製品批發業,桃園市,變更,11507
83048450,榮吉精密有限公司,桃園市中壢區成功里大華路188巷16弄11號(2樓),古青榮,10000000,,115/07/24,公司所在地,E901010 油漆工程業；E903010 防蝕、防銹工程業；F111090 建材批發業；F211010 建材零售業；CA02990 其他金屬製品製造業；CB01990 其他機械製造業；CB01010 機械設備製造業；CQ01010 模具製造業；F106030 模具批發業；F107010 漆料、塗料批發業,桃園市,變更,11507
83049177,金富祿有限公司,桃園市平鎮區金陵路二段220號（2樓）,張憲忠,1000000,,115/07/09,一般補正案,F399040 無店面零售業；F219010 電子材料零售業；F213030 電腦及事務性機器設備零售業；ZZ99999 除許可業務外，得經營法令非禁止或限制之業務；I301010 資訊軟體服務業；I301020 資料處理服務業；F213010 電器零售業；F401010 國際貿易業；IZ99990 其他工商服務業；F113020 電器批發業,桃園市,變更,11507
83049492,就比創意有限公司,桃園市桃園區福林里介壽路495巷61號11樓,林俊誠,500000,,115/07/14,股東出資轉讓修正章程,I401010 一般廣告服務業；I501010 產品設計業；I301020 資料處理服務業；I301030 電子資訊供應服務業；I401020 廣告傳單分送業；I503010 景觀、室內設計業；I103060 管理顧問業；E801010 室內裝潢業；F601010 智慧財產權業；J601010 藝文服務業,桃園市,變更,11507
83058338,崧合國際企業股份有限公司,桃園市中壢區環北路350號2樓之2,游鳳璋,16800000,,115/07/07,改選董事/監察人(一人法人股東指派董事/監察人),H201010 一般投資業,桃園市,變更,11507
83058421,松圓企業股份有限公司,桃園市中壢區環北路350號2樓之2,游鳳璋,16800000,,115/07/07,改選董事/監察人(一人法人股東指派董事/監察人),H201010 一般投資業,桃園市,變更,11507
83058576,家田建設有限公司,桃園市大園區菓林里拔子林一路139號13樓之1,簡高予,42300000,,115/07/29,增資,H701010 住宅及大樓開發租售業；H701020 工業廠房開發租售業；H701050 投資興建公共建設業；H701060 新市鎮、新社區開發業；H701070 區段徵收及市地重劃代辦業；H701090 都市更新整建維護業；H702010 建築經理業；H703090 不動產買賣業；H703100 不動產租賃業；E801010 室內裝潢業,桃園市,變更,11507
83059625,環時國際控股有限公司,桃園市桃園區幸福路202號3樓,邵勃翰,36000000,,115/07/09,一般補正案,H201010 一般投資業,桃園市,變更,11507
83060088,凡佳股份有限公司,桃園市大園區青峰里領航北路四段366之6號,涂美玲,20000000,,115/07/24,改選董事/監察人(一人法人股東指派董事/監察人),H201010 一般投資業,桃園市,變更,11507
83071472,九谷國際科技實業有限公司,桃園市龍潭區渴望路185號5樓之3,林佳明,9800000,,115/07/08,公司所在地,CA02990 其他金屬製品製造業；CB01010 機械設備製造業；CB01990 其他機械製造業；CC01010 發電、輸電、配電機械製造業；CZ99990 未分類其他工業製品製造業；E603050 自動控制設備工程業；E604010 機械安裝業；EZ05010 儀器、儀表安裝工程業；F106010 五金批發業；F106020 日常用品批發業,桃園市,變更,11507
83072296,萬宜資源管理顧問有限公司,桃園市平鎮區高雙里長安路3巷31之3號,戴秉竑,5000000,,115/07/02,股東出資轉讓修正章程,F399040 無店面零售業；F401010 國際貿易業；F113010 機械批發業；F113020 電器批發業；F119010 電子材料批發業；F213010 電器零售業；F213080 機械器具零售業；F219010 電子材料零售業；F214010 汽車零售業；H703100 不動產租賃業,桃園市,變更,11507
83072325,成心不動產經紀有限公司,桃園市桃園區瑞慶里中埔一街353號(1樓),黃裕民,5000000,,115/07/28,增資,H704031 不動產仲介經紀業；H704041 不動產代銷經紀業；H703090 不動產買賣業；H703100 不動產租賃業；H701010 住宅及大樓開發租售業；H701020 工業廠房開發租售業；I401010 一般廣告服務業；I401020 廣告傳單分送業；I503010 景觀、室內設計業；ZZ99999 除許可業務外，得經營法令非禁止或限制之業務,桃園市,變更,11507
83072492,禾睿精密科技有限公司,桃園市桃園區豐林里青田街256巷13號(1樓),徐誠胤,2000000,,115/07/02,公司所營事業變更修正章程,C801060 合成橡膠製造業；C804020 工業用橡膠製品製造業；C804990 其他橡膠製品製造業；F106010 五金批發業；F106030 模具批發業；F107190 塑膠膜、袋批發業；F113010 機械批發業；F113030 精密儀器批發業；F113990 其他機械器具批發業；F119010 電子材料批發業,桃園市,變更,11507
83097711,田宇園藝景觀有限公司,桃園市楊梅區上田里高鐵南路七段883巷20弄7號(1樓),邱宇承,3000000,,115/07/09,公司所營事業變更修正章程,A102080 園藝服務業；F101081 種苗批發業；A101050 花卉栽培業；A199990 其他農業；A201010 造林業；E801010 室內裝潢業；E801020 門窗安裝工程業；E801030 室內輕鋼架工程業；E801040 玻璃安裝工程業；E901010 油漆工程業,桃園市,變更,11507
83098970,和瑞斯生技有限公司,桃園市龜山區文化三路568號(1樓),謝知穎,2000000,,115/07/29,股東出資轉讓修正章程,F102170 食品什貨批發業；F203010 食品什貨、飲料零售業；F208040 化粧品零售業；F108040 化粧品批發業；I199990 其他顧問服務業；ZZ99999 除許可業務外，得經營法令非禁止或限制之業務,桃園市,變更,11507
83100429,烽火科技有限公司,桃園市桃園區永安里力行路7號11樓之1,林佳宜,2000000,,115/07/13,股東出資轉讓修正章程,F108040 化粧品批發業；F102170 食品什貨批發業；F203010 食品什貨、飲料零售業；F207030 清潔用品零售業；F208040 化粧品零售業；F399990 其他綜合零售業；F401010 國際貿易業；JZ99050 仲介服務業；I199990 其他顧問服務業；ZZ99999 除許可業務外，得經營法令非禁止或限制之業務,桃園市,變更,11507
83100716,巨品科技股份有限公司,桃園市龍潭區中正里神龍路395之1號6樓,郭曜瑄,5000000,,115/07/03,改選董事/監察人(一人法人股東指派董事/監察人),F113010 機械批發業；F113020 電器批發業；F113030 精密儀器批發業；F113050 電腦及事務性機器設備批發業；F118010 資訊軟體批發業；F119010 電子材料批發業；F219010 電子材料零售業；F401010 國際貿易業；E603050 自動控制設備工程業；E604010 機械安裝業,桃園市,變更,11507
83101834,長春地投資事業有限公司,桃園市中壢區永嘉街58號(1樓),黃玉昌,1000000,,115/07/24,公司所在地,H701010 住宅及大樓開發租售業；H701060 新市鎮、新社區開發業；H701020 工業廠房開發租售業；H703090 不動產買賣業；H703100 不動產租賃業；F111090 建材批發業；F601010 智慧財產權業；JZ99050 仲介服務業；I102010 投資顧問業；I103060 管理顧問業,桃園市,變更,11507
83102432,業澄實業有限公司,桃園市桃園區縣府路110號4樓之1,李滄朔,16000000,,115/07/23,增資,E599010 配管工程業；E601010 電器承裝業；E601020 電器安裝業；E603040 消防安全設備安裝工程業；E603090 照明設備安裝工程業；E605010 電腦設備安裝業；E701010 電信工程業；F106010 五金批發業；F111090 建材批發業；F113030 精密儀器批發業,桃園市,變更,11507
83110812,昇祐貨運有限公司,桃園市觀音區中正路94號(2樓),許振維,25000000,,115/07/28,股東出資轉讓修正章程,G101061 汽車貨運業；G202010 停車場經營業；G801010 倉儲業；EZ02010 起重工程業；F114010 汽車批發業；F114030 汽、機車零件配備批發業；F214010 汽車零售業；F401010 國際貿易業；IZ06010 理貨包裝業；IZ12010 人力派遣業,桃園市,變更,11507
83114113,森米有限公司,桃園市觀音區莊敬路618巷26號(2樓),林欣姸,1550000,,115/07/09,一般補正案,F102040 飲料批發業；F102170 食品什貨批發業；F106010 五金批發業；F106020 日常用品批發業；F104110 布疋、衣著、鞋、帽、傘、服飾品批發業；F203010 食品什貨、飲料零售業；F206010 五金零售業；F206020 日常用品零售業；F204110 布疋、衣著、鞋、帽、傘、服飾品零售業；F399990 其他綜合零售業,桃園市,變更,11507
83137191,晉明醫療器材有限公司,桃園市龜山區文興路67號13樓,吳璧汝,1000000,,115/07/23,公司所在地,EZ05010 儀器、儀表安裝工程業；F108031 醫療器材批發業；F113030 精密儀器批發業；F208031 醫療器材零售業；F213040 精密儀器零售業；F401010 國際貿易業；ZZ99999 除許可業務外，得經營法令非禁止或限制之業務,桃園市,變更,11507
83138255,法蘭摩沙股份有限公司,桃園市觀音區工業五路5之1號,戚志生,725000000,,115/07/22,經理人變更,C801010 基本化學工業；C801990 其他化學材料製造業；C802990 其他化學製品製造業；ZZ99999 除許可業務外，得經營法令非禁止或限制之業務；D401010 熱能供應業；J101060 廢（污）水處理業,桃園市,變更,11507
83197654,易德房屋仲介有限公司,桃園市桃園區國際路一段120巷13號(1樓),陳月芬,2000000,,115/07/17,一般補正案,H704031 不動產仲介經紀業；H704041 不動產代銷經紀業；H701010 住宅及大樓開發租售業；H701020 工業廠房開發租售業；H703090 不動產買賣業；H703100 不動產租賃業；I102010 投資顧問業；IZ12010 人力派遣業；H701050 投資興建公共建設業；H701060 新市鎮、新社區開發業,桃園市,變更,11507
83198632,嵿富建設開發股份有限公司,桃園市桃園區汴洲里經國一路86號18樓,許建宗,80000000,,115/07/07,一般補正案,H701010 住宅及大樓開發租售業；H701020 工業廠房開發租售業；H701050 投資興建公共建設業；H701060 新市鎮、新社區開發業；H701070 區段徵收及市地重劃代辦業；H702010 建築經理業；H703090 不動產買賣業；H703100 不動產租賃業；I102010 投資顧問業；I199990 其他顧問服務業,桃園市,變更,11507
83198886,國奕企業有限公司,桃園市平鎮區環南路18號11樓之1,鍾國雄,1000000,,115/07/28,一般補正案,E599010 配管工程業；E601020 電器安裝業；E603090 照明設備安裝工程業；F106040 水器材料批發業；F401010 國際貿易業；ZZ99999 除許可業務外，得經營法令非禁止或限制之業務；F399040 無店面零售業,桃園市,變更,11507
83204310,耀陽實驗室設備有限公司,桃園市桃園區大樹里大明街79號(2樓),林孟仟,5000000,,115/07/03,減資,E599010 配管工程業；E603050 自動控制設備工程業；E801010 室內裝潢業；E801030 室內輕鋼架工程業；E801070 廚具、衛浴設備安裝工程業；E603110 冷作工程業；EZ05010 儀器、儀表安裝工程業；CN01010 家具及裝設品製造業；F105050 家具、寢具、廚房器具、裝設品批發業；F205040 家具、寢具、廚房器具、裝設品零售業,桃園市,變更,11507
83204493,韓舍烤肉有限公司,桃園市桃園區武陵里復興路83號2樓之1、2,陳福文,8000000,,115/07/06,一般補正案,A102060 糧商業；C104020 烘焙炊蒸食品製造業；F101040 家畜家禽批發業；F101050 水產品批發業；F101130 蔬果批發業；F102020 食用油脂批發業；F102170 食品什貨批發業；F201010 農產品零售業；F201020 畜產品零售業；F201030 水產品零售業,桃園市,變更,11507
83215908,建一國際開發有限公司,桃園市中壢區興華里長樂街69巷18號(1樓),吳聲威,1000000,,115/07/29,股東出資轉讓修正章程,I103060 管理顧問業；I401010 一般廣告服務業；I401020 廣告傳單分送業；IZ12010 人力派遣業；H701010 住宅及大樓開發租售業；H701020 工業廠房開發租售業；H701050 投資興建公共建設業；H701060 新市鎮、新社區開發業；H701070 區段徵收及市地重劃代辦業；H701090 都市更新整建維護業,桃園市,變更,11507
83239036,兆永投資股份有限公司,桃園市中壢區領航南路三段311號九樓,陳詠傑,29800000,,115/07/08,申登機關變更（遷入，含卷）,H201010 一般投資業；ZZ99999 除許可業務外，得經營法令非禁止或限制之業務,桃園市,變更,11507
83251170,鉦行工程有限公司,桃園市中壢區龍東路66之36號8樓,謝正山,6000000,,115/07/16,增資,E599010 配管工程業；E601010 電器承裝業；E601020 電器安裝業；E603010 電纜安裝工程業；E603040 消防安全設備安裝工程業；E603050 自動控制設備工程業；E603090 照明設備安裝工程業；E604010 機械安裝業；E607010 太陽熱能設備安裝工程業；EZ15010 保溫、保冷安裝工程業,桃園市,變更,11507
83252380,順堃堂股份有限公司,桃園市中壢區三民里中正路二段218巷3號（1樓）,張順南,1200000,,115/07/03,改選董事/監察人(一人法人股東指派董事/監察人),F201010 農產品零售業；F101130 蔬果批發業；F102040 飲料批發業；F102170 食品什貨批發業；F203010 食品什貨、飲料零售業；F102050 茶葉批發業；F401010 國際貿易業；ZZ99999 除許可業務外，得經營法令非禁止或限制之業務,桃園市,變更,11507
83253228,永淞機電工程有限公司,桃園市蘆竹區龍安街二段1680巷31號,戴昆明,15000000,,115/07/20,一般補正案,E599010 配管工程業；E601010 電器承裝業；E601020 電器安裝業；E603010 電纜安裝工程業；E603040 消防安全設備安裝工程業；E603050 自動控制設備工程業；E603080 交通號誌安裝工程業；E603090 照明設備安裝工程業；E604010 機械安裝業；E701040 簡易電信設備安裝業,桃園市,變更,11507
83253769,春輝不動產開發有限公司,桃園市平鎮區新光路二段9巷49弄1號,郭庭恩,6998160,,115/07/09,一般補正案,A102080 園藝服務業；D101060 再生能源自用發電設備業；E801010 室內裝潢業；F111090 建材批發業；F401010 國際貿易業；H701090 都市更新整建維護業；H703100 不動產租賃業；HZ99990 其他金融、保險及不動產業；I103060 管理顧問業；I301010 資訊軟體服務業,桃園市,變更,11507
83254394,艾薇兒健康生技國際有限公司,桃園市桃園區新埔八街31號(1樓),楊芳羽,1000000,,115/07/02,一般補正案,F102170 食品什貨批發業；F106020 日常用品批發業；F108040 化粧品批發業；F109070 文教、樂器、育樂用品批發業；F203010 食品什貨、飲料零售業；F206020 日常用品零售業；F208040 化粧品零售業；F209060 文教、樂器、育樂用品零售業；F399040 無店面零售業；F401010 國際貿易業,桃園市,變更,11507
83274650,啟佑有限公司,桃園市中壢區環中東路772號12樓,劉明勝,200000,,115/07/29,公司所在地,E601010 電器承裝業；E901010 油漆工程業；EZ99990 其他工程業；E801010 室內裝潢業；F104110 布疋、衣著、鞋、帽、傘、服飾品批發業；F107030 清潔用品批發業；F199990 其他批發業；F204110 布疋、衣著、鞋、帽、傘、服飾品零售業；F299990 其他零售業；F213030 電腦及事務性機器設備零售業,桃園市,變更,11507
83274862,若羽開發有限公司,桃園市平鎮區鎮德路35巷36號四樓,倉羽柔,5000000,,115/07/23,增資,E801010 室內裝潢業；E801020 門窗安裝工程業；E801030 室內輕鋼架工程業；E901010 油漆工程業；EZ99990 其他工程業；F205040 家具、寢具、廚房器具、裝設品零售業；F207010 漆料、塗料零售業；F211010 建材零售業；J101010 建築物清潔服務業；JE01010 租賃業,桃園市,變更,11507
83293122,良丞實業股份有限公司,桃園市大園區領航北路三段223號7樓,蕭登波,290960000,,115/07/24,一般補正案,C301010 紡紗業；C302010 織布業；C305010 印染整理業；C306010 成衣業；C307010 服飾品製造業；C399990 其他紡織及製品製造業；F104110 布疋、衣著、鞋、帽、傘、服飾品批發業；F105050 家具、寢具、廚房器具、裝設品批發業；F108031 醫療器材批發業；F199990 其他批發業,桃園市,變更,11507
83293903,龍泉欣瓦斯行有限公司,桃園市平鎮區南平路二段665號,莊文錦,915000,,115/07/30,增資,F105050 家具、寢具、廚房器具、裝設品批發業；F112040 石油製品批發業；E603130 燃氣熱水器承裝業；ZZ99999 除許可業務外，得經營法令非禁止或限制之業務,桃園市,變更,11507
83293930,頤得先進股份有限公司,桃園市中壢區新街里５鄰元化路224號12樓,黃銘文,14150000,,115/07/15,補選董事(常務董事.董事長)/監察人,F113010 機械批發業；F113020 電器批發業；F113030 精密儀器批發業；F113050 電腦及事務性機器設備批發業；F113060 度量衡器批發業；F113070 電信器材批發業；F118010 資訊軟體批發業；F119010 電子材料批發業；I301010 資訊軟體服務業；I301020 資料處理服務業,桃園市,變更,11507
83293994,承恭投資股份有限公司,桃園市大園區中山南路2段206號,許秋妙,20000000,,115/07/31,改選董事/監察人(一人法人股東指派董事/監察人),H201010 一般投資業,桃園市,變更,11507
83294001,澤林企業有限公司,桃園市桃園區龍泉一街27號10樓,洪子晴,300000,,115/07/22,董事/股東地址變更,B601010 土石採取業；F111090 建材批發業；F113010 機械批發業；F115020 礦石批發業；F199010 回收物料批發業；G202010 停車場經營業；J101010 建築物清潔服務業；J101030 廢棄物清除業；J101040 廢棄物處理業；J101080 資源回收業,桃園市,變更,11507
83294298,豐曜投資股份有限公司,桃園市中壢區中福路349巷38弄2號3樓,陳曉園,20625000,,115/07/13,董事/監察人持股變動報備,H201010 一般投資業,桃園市,變更,11507
83301538,坤明投資股份有限公司,桃園市桃園區龍壽街199號,張世明,320000000,,115/07/14,申登機關變更（遷入，含卷）,H201010 一般投資業,桃園市,變更,11507
83302467,心一境性有限公司,桃園市龜山區文化里復興南路17號2樓之1,吳政穎,1000000,,115/07/14,公司所營事業變更修正章程,F102170 食品什貨批發業；F104110 布疋、衣著、鞋、帽、傘、服飾品批發業；F106020 日常用品批發業；F107030 清潔用品批發業；F108040 化粧品批發業；F113990 其他機械器具批發業；F203010 食品什貨、飲料零售業；F204110 布疋、衣著、鞋、帽、傘、服飾品零售業；F206020 日常用品零售業；F207030 清潔用品零售業,桃園市,變更,11507
83302558,群富錸投資股份有限公司,桃園市大園區文興街7號7樓之1,林庭鴻,26000000,,115/07/02,改選董事/監察人(一人法人股東指派董事/監察人),H201010 一般投資業,桃園市,變更,11507
83302662,韋德貿易有限公司,桃園市蘆竹區光明路二段163之1號3樓,劉建麟,1400000,,115/07/21,經理人變更,F206040 水器材料零售業；F205040 家具、寢具、廚房器具、裝設品零售業；F206020 日常用品零售業；F106040 水器材料批發業；F105050 家具、寢具、廚房器具、裝設品批發業；F106020 日常用品批發業；F401010 國際貿易業；F501030 飲料店業；F501060 餐館業；F501990 其他餐飲業,桃園市,變更,11507
83302781,敬程室內裝修設計有限公司,桃園市中壢區吉長街51之1號6樓,陳敬賢,1000000,,115/07/30,公司所在地,E801060 室內裝修業；E801010 室內裝潢業；EZ99990 其他工程業；E801020 門窗安裝工程業；E801030 室內輕鋼架工程業；E801040 玻璃安裝工程業；E801070 廚具、衛浴設備安裝工程業；E901010 油漆工程業；F111090 建材批發業；F120010 耐火材料批發業,桃園市,變更,11507
83303022,泰興土地開發有限公司,桃園市平鎮區金陵里環南路三段249號,張清銘,4000000,,115/07/20,公司所在地,H704031 不動產仲介經紀業；H703090 不動產買賣業；H703100 不動產租賃業；H701010 住宅及大樓開發租售業；H701020 工業廠房開發租售業；H701050 投資興建公共建設業；H701060 新市鎮、新社區開發業；H701070 區段徵收及市地重劃代辦業；HZ99990 其他金融、保險及不動產業；H703110 老人住宅業,桃園市,變更,11507
83303233,均達興業股份有限公司,桃園市中壢區環北路350號2樓之2,游鳳璋,16800000,,115/07/16,改選董事/監察人(一人法人股東指派董事/監察人),H201010 一般投資業,桃園市,變更,11507
83303439,德潤興業股份有限公司,桃園市平鎮區中豐路南勢二段460巷27號5樓,游鳳勤,25200000,,115/07/07,改選董事/監察人(一人法人股東指派董事/監察人),H201010 一般投資業,桃園市,變更,11507
83303493,和締股份有限公司,桃園市楊梅區東流里中山南路726號(1樓),葉勇開,11200000,,115/07/29,改選董事/監察人(一人法人股東指派董事/監察人),CA01130 銅材軋延、伸線、擠型業；CA01990 其他非鐵金屬基本工業；CA02090 金屬線製品製造業；CA02990 其他金屬製品製造業；CC01080 電子零組件製造業；CC01990 其他電機及電子機械器材製造業；F106010 五金批發業；F119010 電子材料批發業；F206010 五金零售業；F219010 電子材料零售業,桃園市,變更,11507
83303579,瑞霖興業股份有限公司,桃園市平鎮區中豐路南勢二段460巷27號5樓,游鳳勤,25000000,,115/07/08,改選董事/監察人(一人法人股東指派董事/監察人),H201010 一般投資業,桃園市,變更,11507
83309166,承耀投資股份有限公司,桃園市桃園區中成里大興西路三段258號16樓,郭貴蓉,106214280,,115/07/23,修正章程,H201010 一般投資業,桃園市,變更,11507
83310678,超億投資有限公司,桃園市桃園區福安里延平路12巷6之1號,賴慶昌,1000000,,115/07/22,減資,H201010 一般投資業,桃園市,變更,11507
83331060,豐利工程股份有限公司,桃園市大園區大觀路600巷43弄9之2號6樓,劉泰偉,6000000,,115/07/14,一般補正案,H201010 一般投資業；F111090 建材批發業；F106010 五金批發業；EZ99990 其他工程業；E801010 室內裝潢業；B601010 土石採取業；E901010 油漆工程業；E599010 配管工程業；E601020 電器安裝業；IZ12010 人力派遣業,桃園市,變更,11507
83331097,台灣萊默耳有限公司,桃園市中壢區中園路192號4樓之16,盧慧娟,28000000,,115/07/22,公司所在地,F113030 精密儀器批發業；F113060 度量衡器批發業；F113090 交通標誌器材批發業；F113990 其他機械器具批發業；F401010 國際貿易業；CB01010 機械設備製造業；CB01990 其他機械製造業；J202010 產業育成業；JZ99050 仲介服務業；ZZ99999 除許可業務外，得經營法令非禁止或限制之業務,桃園市,變更,11507
83332693,豐誠股份有限公司,桃園市桃園區中正路1082號18樓,蘇文卿,20811600,,115/07/20,一般補正案,H201010 一般投資業,桃園市,變更,11507
83371105,壹艾有限公司,桃園市桃園區中正路1071號14樓之5,洪國一,100000,,115/07/28,股東出資轉讓修正章程,F119010 電子材料批發業；F219010 電子材料零售業；F401010 國際貿易業；F108040 化粧品批發業；F208040 化粧品零售業；F113010 機械批發業；F113020 電器批發業；F213010 電器零售業；F213030 電腦及事務性機器設備零售業；F118010 資訊軟體批發業,桃園市,變更,11507
83371772,歐北爪有限公司,桃園市平鎮區高雙里復旦路三段84號,陳中和,7500000,,115/07/30,股東出資轉讓修正章程,CD01030 汽車及其零件製造業；JA01010 汽車修理業；F114030 汽、機車零件配備批發業；F114050 車胎批發業；F214050 車胎零售業；F206010 五金零售業；F213110 電池零售業；F399040 無店面零售業；F401010 國際貿易業；CA04010 表面處理業,桃園市,變更,11507
83372147,鉑鏵餐飲有限公司,桃園市桃園區大興里大業路一段390號,陳彥博,1000000,,115/07/03,一般補正案,F501060 餐館業；F501990 其他餐飲業；ZZ99999 除許可業務外，得經營法令非禁止或限制之業務,桃園市,變更,11507
83372174,淞泰開發有限公司,桃園市中壢區普仁里實踐路225號1樓,張金泰,20000000,,115/07/27,股東出資轉讓修正章程,H703090 不動產買賣業；H703100 不動產租賃業；H701010 住宅及大樓開發租售業；ZZ99999 除許可業務外，得經營法令非禁止或限制之業務,桃園市,變更,11507
83372505,榮春資產管理有限公司,桃園市龜山區大華里文化五路10號七樓,黃世豪,1000000,,115/07/28,股東出資轉讓修正章程,I102010 投資顧問業；H201010 一般投資業；H701010 住宅及大樓開發租售業；H701020 工業廠房開發租售業；H701050 投資興建公共建設業；H703090 不動產買賣業；H703100 不動產租賃業；F401010 國際貿易業；F102030 菸酒批發業；F102040 飲料批發業,桃園市,變更,11507
83373259,富邑廣告股份有限公司,桃園市桃園區同德里中正路1071號18樓之2,張權儒,5000000,,115/07/09,改選董事/監察人(一人法人股東指派董事/監察人),H701010 住宅及大樓開發租售業；H701060 新市鎮、新社區開發業；H701070 區段徵收及市地重劃代辦業；H701090 都市更新整建維護業；H703090 不動產買賣業；H703100 不動產租賃業；H704041 不動產代銷經紀業；E801010 室內裝潢業；I401010 一般廣告服務業；I401020 廣告傳單分送業,桃園市,變更,11507
83402156,樂寶建設股份有限公司,桃園市桃園區中平里壽昌街20巷54之1號,陳育苹,20000000,,115/07/08,變更組織,H701010 住宅及大樓開發租售業；H701020 工業廠房開發租售業；H701050 投資興建公共建設業；H701060 新市鎮、新社區開發業；H701070 區段徵收及市地重劃代辦業；H701090 都市更新整建維護業；H702010 建築經理業；H703090 不動產買賣業；H703100 不動產租賃業；E801010 室內裝潢業,桃園市,變更,11507
83403795,鑫惟科技股份有限公司,桃園市龜山區民生北路一段568號5樓,蔡佩玲,60000000,,115/07/28,增資(資本總額),I301010 資訊軟體服務業；I301020 資料處理服務業；I301030 電子資訊供應服務業；I301050 實境體感應用服務業；CC01080 電子零組件製造業；CC01090 電池製造業；CC01110 電腦及其週邊設備製造業；CC01040 照明設備製造業；C802990 其他化學製品製造業；CA02990 其他金屬製品製造業,桃園市,變更,11507
83465665,歐薩顧問有限公司,桃園市龜山區樂善里文達路322號,潘瑞茹,23000000,,115/07/03,股東出資轉讓修正章程,I103060 管理顧問業；H701070 區段徵收及市地重劃代辦業；H703090 不動產買賣業；H703100 不動產租賃業；H201010 一般投資業；F401010 國際貿易業；ZZ99999 除許可業務外，得經營法令非禁止或限制之業務,桃園市,變更,11507
83473449,欣三發建材實業有限公司,桃園市桃園區中成里正光二街71巷15號(1樓),趙冠雄,2000000,,115/07/29,增資,F111090 建材批發業；F211010 建材零售業；I503010 景觀、室內設計業；E801010 室內裝潢業；F104110 布疋、衣著、鞋、帽、傘、服飾品批發業；F105050 家具、寢具、廚房器具、裝設品批發業；F106010 五金批發業；F106020 日常用品批發業；F107010 漆料、塗料批發業；F107020 染料、顏料批發業,桃園市,變更,11507
83488920,天盛開發有限公司,桃園市平鎮區北勢里和平路201號,鍾吉昌,30000000,,115/07/14,股東出資轉讓修正章程,H701010 住宅及大樓開發租售業；H701020 工業廠房開發租售業；H701060 新市鎮、新社區開發業；H702010 建築經理業；H701090 都市更新整建維護業；H703090 不動產買賣業；H703100 不動產租賃業；H201010 一般投資業；I102010 投資顧問業；I103060 管理顧問業,桃園市,變更,11507
83489786,崇江股份有限公司,桃園市桃園區朝陽街二段37號(1樓),張裴閔,10000000,,115/07/02,一般補正案,CB01010 機械設備製造業；CC01080 電子零組件製造業；CC01110 電腦及其週邊設備製造業；CC01990 其他電機及電子機械器材製造業；F106010 五金批發業；F106030 模具批發業；F107010 漆料、塗料批發業；F107020 染料、顏料批發業；F107030 清潔用品批發業；F107170 工業助劑批發業,桃園市,變更,11507
83520941,烯肽創新科技有限公司,桃園市桃園區同德里中正路1071號6樓之5,黃雲甫,100000,,115/07/24,股東出資轉讓修正章程,F102170 食品什貨批發業；F108040 化粧品批發業；F104110 布疋、衣著、鞋、帽、傘、服飾品批發業；F204110 布疋、衣著、鞋、帽、傘、服飾品零售業；F203010 食品什貨、飲料零售業；F208040 化粧品零售業；C802100 化粧品製造業；F105050 家具、寢具、廚房器具、裝設品批發業；F205040 家具、寢具、廚房器具、裝設品零售業；F109070 文教、樂器、育樂用品批發業,桃園市,變更,11507
83520956,竤煒有限公司,桃園市桃園區藝文里藝文一街86之3號12樓,張名亞,2000000,,115/07/29,公司所在地,F106010 五金批發業；F106030 模具批發業；F113010 機械批發業；F206010 五金零售業；F206030 模具零售業；F213080 機械器具零售業；F401010 國際貿易業；E599010 配管工程業；E603100 電焊工程業；E604010 機械安裝業,桃園市,變更,11507
83524088,大和防災股份有限公司,桃園市桃園區明德里中正路1247號19樓之1,戴文斌,35000000,,115/07/23,增資(資本總額),E601010 電器承裝業；E601020 電器安裝業；E603010 電纜安裝工程業；E603040 消防安全設備安裝工程業；E603050 自動控制設備工程業；E603090 照明設備安裝工程業；E604010 機械安裝業；E801010 室內裝潢業；E801070 廚具、衛浴設備安裝工程業；EZ05010 儀器、儀表安裝工程業,桃園市,變更,11507
83554462,貿晉企業有限公司,桃園市蘆竹區仁愛路三段54號11樓,王瑞芳,1000000,,115/07/28,一般補正案,F106010 五金批發業；F106020 日常用品批發業；F107190 塑膠膜、袋批發業；F113020 電器批發業；F114030 汽、機車零件配備批發業；F119010 電子材料批發業；F401010 國際貿易業；ZZ99999 除許可業務外，得經營法令非禁止或限制之業務,桃園市,變更,11507
83554771,立錡食品有限公司,桃園市桃園區寶慶里中埔二街179號（2樓）,呂秉澤,9000000,,115/07/23,增資,F102030 菸酒批發業；F102040 飲料批發業；F102170 食品什貨批發業；F203020 菸酒零售業；F203010 食品什貨、飲料零售業；F401010 國際貿易業；ZZ99999 除許可業務外，得經營法令非禁止或限制之業務；F205040 家具、寢具、廚房器具、裝設品零售業；F213010 電器零售業；F213990 其他機械器具零售業,桃園市,變更,11507
83555666,第一好全方位顧問有限公司,桃園市桃園區信義街16號（一樓）,陳梅楨,450000,,115/07/08,股東出資轉讓修正章程,H201010 一般投資業；H202010 創業投資業；H701010 住宅及大樓開發租售業；H701020 工業廠房開發租售業；H701050 投資興建公共建設業；H701060 新市鎮、新社區開發業；H701070 區段徵收及市地重劃代辦業；H701090 都市更新整建維護業；H703090 不動產買賣業；H703100 不動產租賃業,桃園市,變更,11507
83556200,康紳貿易有限公司,桃園市楊梅區員本里民生街375巷96弄25號(1樓),鍾采靜,100000,,115/07/30,股東出資轉讓修正章程,I101070 農、林、漁、畜牧顧問業；I102010 一般投資顧問業；I101090 食品顧問業；I103060 管理顧問業；I199990 其他顧問服務業；I301010 資訊軟體服務業；I301020 資料處理服務業；I301030 電子資訊供應服務業；I301040 第三方支付服務業；I401010 一般廣告服務業,桃園市,變更,11507
83558360,祥百同有限公司,桃園市平鎮區新勢里中豐路1號(2樓),楊凱翔,50000,,115/07/09,申登機關變更（遷入，含卷）,IZ99990 其他工商服務業；ZZ99999 除許可業務外，得經營法令非禁止或限制之業務；I103060 管理顧問業；F219010 電子材料零售業；F501990 其他餐飲業；F203010 食品什貨、飲料零售業；F118010 資訊軟體批發業；F113050 電腦及事務性機器設備批發業；F213030 電腦及事務性機器設備零售業；F218010 資訊軟體零售業,桃園市,變更,11507
83568199,楷達供應鏈有限公司,桃園市中壢區青航里青峰路一段47號5樓,石忠義,1000000,,115/07/31,公司所營事業變更修正章程,F101040 家畜家禽批發業；F101050 水產品批發業；F102030 菸酒批發業；F102170 食品什貨批發業；F104110 布疋、衣著、鞋、帽、傘、服飾品批發業；F106010 五金批發業；F105050 家具、寢具、廚房器具、裝設品批發業；F106020 日常用品批發業；F106040 水器材料批發業；F109070 文教、樂器、育樂用品批發業,桃園市,變更,11507
83574235,鈞騰營造有限公司,桃園市中壢區龍東里龍東路255巷179號4樓,何義騰,15000000,,115/07/28,股東出資轉讓修正章程,E101011 綜合營造業；E599010 配管工程業；E601010 電器承裝業；E603040 消防安全設備安裝工程業；E603050 自動控制設備工程業；E603090 照明設備安裝工程業；E603100 電焊工程業；E604010 機械安裝業；E701010 電信工程業；E801010 室內裝潢業,桃園市,變更,11507
83574636,千大有限公司,桃園市桃園區中正路1092號18樓,蘇文卿,150000000,,115/07/07,一般補正案,H201010 一般投資業；H703090 不動產買賣業；H703100 不動產租賃業；ZZ99999 除許可業務外，得經營法令非禁止或限制之業務,桃園市,變更,11507
83575425,世紀樺欣風能股份有限公司,桃園市觀音區金湖里中山路1段1119號,賴文祥,2000000000,,115/07/01,改選董事/監察人(一人法人股東指派董事/監察人),CA01030 鋼鐵鑄造業；CA01050 鋼材二次加工業；CA02990 其他金屬製品製造業；CA02010 金屬結構及建築組件製造業；CA02060 金屬容器製造業；CA04010 表面處理業；CB01010 機械設備製造業；CB01030 污染防治設備製造業；CB01990 其他機械製造業；CC01010 發電、輸電、配電機械製造業,桃園市,變更,11507
83578078,創業佳數位科技有限公司,桃園市八德區瑞發里介壽路二段1022巷10弄2衖4號,林恬伊,5000000,,115/07/31,公司所在地,I401010 一般廣告服務業；I501010 產品設計業；I401020 廣告傳單分送業；IZ99990 其他工商服務業；IZ12010 人力派遣業；I599990 其他設計業；I301020 資料處理服務業；I301010 資訊軟體服務業；I103060 管理顧問業；J601010 藝文服務業,桃園市,變更,11507
83578751,門拓數位教育有限公司,桃園市中壢區永福里中園路187巷1弄9號(1樓),陳瑞權,3950000,,115/07/24,股東出資轉讓修正章程,F109070 文教、樂器、育樂用品批發業；F113050 電腦及事務性機器設備批發業；F118010 資訊軟體批發業；F399040 無店面零售業；F401010 國際貿易業；F601010 智慧財產權業；E605010 電腦設備安裝業；I102010 投資顧問業；I103060 管理顧問業；I199990 其他顧問服務業,桃園市,變更,11507
83579169,順羽畜牧股份有限公司,桃園市中壢區普忠里實踐路116號（1樓）,李訓樑,53000000,,115/07/02,增資(資本總額),A401010 畜牧場經營業；A401020 家畜禽飼育業；A401040 畜牧服務業；A401990 其他畜牧業；F101040 家畜家禽批發業；F101990 其他農、畜、水產品批發業；F102170 食品什貨批發業；F201990 其他農畜水產品零售業；F203010 食品什貨、飲料零售業；H201010 一般投資業,桃園市,變更,11507
83579560,鉅林建設股份有限公司,桃園市桃園區正光路423之8號14樓,林建欽,62000000,,115/07/21,修正章程,E801010 室內裝潢業；EZ99990 其他工程業；H701010 住宅及大樓開發租售業；H701020 工業廠房開發租售業；H701040 特定專業區開發業；H701050 投資興建公共建設業；H701060 新市鎮、新社區開發業；H701070 區段徵收及市地重劃代辦業；H701080 都市更新重建業；H701090 都市更新整建維護業,桃園市,變更,11507
83579610,可久股份有限公司,桃園市觀音區大潭里環科路326號,鄭光傑,92000000,,115/07/16,公司所營事業變更修正章程,J101030 廢棄物清除業；J101040 廢棄物處理業；J101080 資源回收業；F199010 回收物料批發業；F399990 其他綜合零售業；F213100 污染防治設備零售業；F119010 電子材料批發業；F219010 電子材料零售業；I103060 管理顧問業；I199990 其他顧問服務業,桃園市,變更,11507
83588907,車隼科技股份有限公司,桃園市龜山區復興三路8號2樓,劉傳宏,110000000,,115/07/21,一般補正案,CB01990 其他機械製造業；CC01070 無線通信機械器材製造業；CC01080 電子零組件製造業；CD01030 汽車及其零件製造業；CD01990 其他運輸工具及其零件製造業；F112040 石油製品批發業；F113070 電信器材批發業；F114030 汽、機車零件配備批發業；F114050 車胎批發業；F114990 其他交通運輸工具及其零件批發業,桃園市,變更,11507
83603490,智穎智能股份有限公司,桃園市平鎮區新富五街62號地下一樓,張詠翔,33884110,,115/07/23,改選董事/監察人(一人法人股東指派董事/監察人),CC01110 電腦及其週邊設備製造業；CQ01010 模具製造業；F113010 機械批發業；F113030 精密儀器批發業；F113050 電腦及事務性機器設備批發業；F118010 資訊軟體批發業；F106030 模具批發業；F199990 其他批發業；F206030 模具零售業；F218010 資訊軟體零售業,桃園市,變更,11507
83625121,台灣車輛充電股份有限公司,桃園市平鎮區新富五街62號地下1層,林敬哲,12000000,,115/07/22,公司所在地,F214010 汽車零售業；F213010 電器零售業；F213060 電信器材零售業；F219010 電子材料零售業；F399040 無店面零售業；I401010 一般廣告服務業；I199990 其他顧問服務業；G202010 停車場經營業；ZZ99999 除許可業務外，得經營法令非禁止或限制之業務,桃園市,變更,11507
83704265,絕品有限公司,桃園市八德區大慶里廣福路20巷27弄19號3樓之1,王品爵,1300000,,115/07/03,公司所在地,JA01010 汽車修理業；JA01990 其他汽車服務業；F114010 汽車批發業；F114030 汽、機車零件配備批發業；F114050 車胎批發業；F214010 汽車零售業；F214030 汽、機車零件配備零售業；F214050 車胎零售業；F401010 國際貿易業；ZZ99999 除許可業務外，得經營法令非禁止或限制之業務,桃園市,變更,11507
83704526,鴻冠智能科技有限公司,桃園市桃園區明德里中正路1249號5樓之1,游鎮全,23000000,,115/07/03,公司印鑑變更,CC01080 電子零組件製造業；CC01110 電腦及其週邊設備製造業；F113020 電器批發業；F113050 電腦及事務性機器設備批發業；F119010 電子材料批發業；F213010 電器零售業；F213030 電腦及事務性機器設備零售業；F219010 電子材料零售業；F401010 國際貿易業；ZZ99999 除許可業務外，得經營法令非禁止或限制之業務,桃園市,變更,11507
83704954,欣邑行銷股份有限公司,桃園市桃園區同德里中正路1071號18樓之2,張崇訓,5000000,,115/07/08,公司所在地,H701010 住宅及大樓開發租售業；H701060 新市鎮、新社區開發業；H701070 區段徵收及市地重劃代辦業；H701090 都市更新整建維護業；H703090 不動產買賣業；H703100 不動產租賃業；H704041 不動產代銷經紀業；E801010 室內裝潢業；I401010 一般廣告服務業；I401020 廣告傳單分送業,桃園市,變更,11507
83713481,祺可股份有限公司,桃園市中壢區文安街27號,王秋燕,2200000,,115/07/01,公司所營事業變更修正章程,H201010 一般投資業；I102010 一般投資顧問業；I103060 管理顧問業；I199990 其他顧問服務業；JZ99050 仲介服務業；H703100 不動產租賃業；F102170 食品什貨批發業；F106020 日常用品批發業；F401010 國際貿易業；I401010 一般廣告服務業,桃園市,變更,11507
83721807,寶裕鑫有限公司,桃園市桃園區東門里信義街16號,林韋辰,200000,,115/07/15,公司所在地,E599010 配管工程業；E601010 電器承裝業；E601020 電器安裝業；E801010 室內裝潢業；E801020 門窗安裝工程業；E801030 室內輕鋼架工程業；EZ11010 球場跑道樹脂材料鋪設工程業；EZ14010 運動場地用設備工程業；EZ99990 其他工程業；F111090 建材批發業,桃園市,變更,11507
83722290,慧心園國際行銷有限公司,桃園市蘆竹區中興里興中街140號,張睿朋,3000000,,115/07/09,公司所營事業變更修正章程,F101990 其他農、畜、水產品批發業；F102040 飲料批發業；F102050 茶葉批發業；F102170 食品什貨批發業；F104110 布疋、衣著、鞋、帽、傘、服飾品批發業；F102180 酒精批發業；F105050 家具、寢具、廚房器具、裝設品批發業；F106020 日常用品批發業；F108040 化粧品批發業；F106070 祭祀用品批發業,桃園市,變更,11507
83757516,合峰建設股份有限公司,桃園市桃園區民光東路111號1樓,郭天麟,486000000,,115/07/14,董事/監察人持股變動報備,H701010 住宅及大樓開發租售業；I503010 景觀、室內設計業；ZZ99999 除許可業務外，得經營法令非禁止或限制之業務,桃園市,變更,11507
83757972,惟心長照有限公司,桃園市中壢區新街里元化路226號9樓,蘇正昌,5000000,,115/07/22,減資,IZ12010 人力派遣業；I199990 其他顧問服務業；JH01011 居家式服務業；F206020 日常用品零售業；F209060 文教、樂器、育樂用品零售業；ZZ99999 除許可業務外，得經營法令非禁止或限制之業務,桃園市,變更,11507
83765678,欣達康國際貿易有限公司,桃園市龍潭區中正里新龍路219巷10號5樓,李鑑恆,500000,,115/07/14,一般補正案,F102170 食品什貨批發業；F105050 家具、寢具、廚房器具、裝設品批發業；F106020 日常用品批發業；F401010 國際貿易業；F107030 清潔用品批發業；F108040 化粧品批發業；F109070 文教、樂器、育樂用品批發業；F111090 建材批發業；F113020 電器批發業；F114030 汽、機車零件配備批發業,桃園市,變更,11507
83766368,愛鋇詩股份有限公司,桃園市中壢區領航南路三段315號,徐興國,1000000,,115/07/21,減少所營事業變更修正章程,I103060 管理顧問業；I199990 其他顧問服務業；I101090 食品顧問業；F401010 國際貿易業；I301010 資訊軟體服務業；I301020 資料處理服務業；F218010 資訊軟體零售業；I501010 產品設計業；I599990 其他設計業；I401010 一般廣告服務業,桃園市,變更,11507
83767042,迎康股份有限公司,桃園市桃園區新埔六街95號22樓,張亞甯,1000000,,115/07/17,公司所營事業變更修正章程,F101130 蔬果批發業；F102030 菸酒批發業；F102040 飲料批發業；F102170 食品什貨批發業；F102180 酒精批發業；F104110 布疋、衣著、鞋、帽、傘、服飾品批發業；F105050 家具、寢具、廚房器具、裝設品批發業；F106010 五金批發業；F106020 日常用品批發業；F106030 模具批發業,桃園市,變更,11507
83767107,春日町設計有限公司,桃園市桃園區大興里福山街26號,張傑臺,2000000,,115/07/27,增資,E801010 室內裝潢業；E801040 玻璃安裝工程業；E801070 廚具、衛浴設備安裝工程業；F105050 家具、寢具、廚房器具、裝設品批發業；F106010 五金批發業；F106040 水器材料批發業；F111090 建材批發業；F120010 耐火材料批發業；F205040 家具、寢具、廚房器具、裝設品零售業；F206010 五金零售業,桃園市,變更,11507
83767681,康居家護有限公司,桃園市平鎮區廣泰路301號(2樓),肖雅婷,1000000,,115/07/09,股東出資轉讓修正章程,C306010 成衣業；C307010 服飾品製造業；C399990 其他紡織及製品製造業；C402030 皮革、毛皮製品製造業；CI01020 毯、氈製造業；CM01010 箱、包、袋製造業；CN01010 家具及裝設品製造業；CZ99990 未分類其他工業製品製造業；F104110 布疋、衣著、鞋、帽、傘、服飾品批發業；F105050 家具、寢具、廚房器具、裝設品批發業,桃園市,變更,11507
83767943,環衡科技股份有限公司,桃園市大園區領航南路4段207號5樓之1,李敏祺,5000000,,115/07/20,改選董事/監察人(一人法人股東指派董事/監察人),C302010 織布業；F104110 布疋、衣著、鞋、帽、傘、服飾品批發業；F105050 家具、寢具、廚房器具、裝設品批發業；F401010 國際貿易業；I101110 紡織顧問業；I103060 管理顧問業；ZZ99999 除許可業務外，得經營法令非禁止或限制之業務,桃園市,變更,11507
83774389,洪軒投資股份有限公司,桃園市中壢區中華路一段805巷20號,梁秀霞,168778000,,115/07/13,公司所在地,H201010 一般投資業；I102010 投資顧問業；I103060 管理顧問業；ZZ99999 除許可業務外，得經營法令非禁止或限制之業務,桃園市,變更,11507
83777484,渡設計股份有限公司,桃園市中壢區延平路500號12樓之1,宋慧宏,500000,,115/07/16,一般補正案,I599990 其他設計業；I501010 產品設計業；I401010 一般廣告服務業；JB01010 會議及展覽服務業；JZ99030 攝影業；J202010 產業育成業；I103060 管理顧問業；I199990 其他顧問服務業；ZZ99999 除許可業務外，得經營法令非禁止或限制之業務；J399990 其他出版業,桃園市,變更,11507
83797664,尚信工程有限公司,桃園市平鎮區中豐路山頂段441巷34弄4之1號,顏嘉賢,1000000,,115/07/24,公司所營事業變更修正章程,E599010 配管工程業；E601010 電器承裝業；E601020 電器安裝業；E502010 燃料導管安裝工程業；E603090 照明設備安裝工程業；E603130 燃氣熱水器承裝業；E606010 用電設備檢驗維護業；E603010 電纜安裝工程業；E603040 消防安全設備安裝工程業；E603100 電焊工程業,桃園市,變更,11507
84073147,王進興鐵材有限公司,桃園市大園區內海里西濱路二段821巷31號,王進興,15000000,,115/07/23,一般補正案,CA01050 鋼材二次加工業；CA01070 廢車船解體及廢鋼鐵五金處理業；J101030 廢棄物清除業；J101040 廢棄物處理業；J101080 資源回收業；J101090 廢棄物清理業；F199010 回收物料批發業；ZZ99999 除許可業務外，得經營法令非禁止或限制之業務,桃園市,變更,11507
84204936,國業砂石企業有限公司,桃園市大園區海口里建國路148號,呂湘香,10000000,,115/07/29,股東出資轉讓修正章程,,桃園市,變更,11507
84239055,全漢企業股份有限公司,桃園市桃園區建國東路22號,鄭雅仁,1872619500,,115/07/22,改選董事/監察人(一人法人股東指派董事/監察人),CB01010 機械設備製造業；CC01010 發電、輸電、配電機械製造業；CC01080 電子零組件製造業；CE01010 一般儀器製造業；E603050 自動控制設備工程業；EZ05010 儀器、儀表安裝工程業；F113030 精密儀器批發業；F213040 精密儀器零售業；F401010 國際貿易業；CC01100 電信管制射頻器材製造業,桃園市,變更,11507
84255792,幸孚預拌混凝土廠股份有限公司,桃園市楊梅區永平里梅獅路一段191號,陳韻如,879595600,,115/07/14,改選董事/監察人(一人法人股東指派董事/監察人),ZZ99999 除許可業務外，得經營法令非禁止或限制之業務,桃園市,變更,11507
84277732,洪昌股份有限公司,桃園市中壢區復華里自強二路3號,,23000000,,115/07/07,解散,,桃園市,變更,11507
84310401,福灣財產保險代理人股份有限公司,桃園市中壢區環北路400號3樓之6,童若飛,5000000,,115/07/14,一般補正案,H601021 財產保險代理人,桃園市,變更,11507
84342488,嘉韡工業股份有限公司,桃園市八德區介壽路二段533號,游淑媚,210000000,,115/07/30,董事/監察人持股變動報備,C805050 工業用塑膠製品製造業；CB01010 機械設備製造業；CD01030 汽車及其零件製造業；CN01010 家具及裝設品製造業；CZ99990 未分類其他工業製品製造業；F113010 機械批發業；F114030 汽、機車零件配備批發業；F401010 國際貿易業；ZZ99999 除許可業務外，得經營法令非禁止或限制之業務,桃園市,變更,11507
84356840,高丞實業股份有限公司,桃園市蘆竹區濱海里海山東街45號,謝陳麗梅,7500000,,115/07/01,公司所在地門牌整編,C305010 印染整理業；C301010 紡紗業；C302010 織布業；C303010 不織布業；C306010 成衣業；C307010 服飾品製造業；C399990 其他紡織及製品製造業；CB01010 機械設備製造業；F104110 布疋、衣著、鞋、帽、傘、服飾品批發業；F107010 漆料、塗料批發業,桃園市,變更,11507
84362097,金永祥配管股份有限公司,桃園市桃園區中信里福信街16號,李炎坤,36000000,,115/07/27,改選董事/監察人(一人法人股東指派董事/監察人),,桃園市,變更,11507
84374755,春宏企業股份有限公司,桃園市大園區青峰里大豐二街88號2樓,蔡江靜娥,10000000,,115/07/17,董事/監察人持股變動報備,F104110 布疋、衣著、鞋、帽、傘、服飾品批發業；F204110 布疋、衣著、鞋、帽、傘、服飾品零售業；H703100 不動產租賃業；H703090 不動產買賣業；C302010 織布業；C303010 不織布業；C306010 成衣業；C307010 服飾品製造業；C399990 其他紡織及製品製造業；F401010 國際貿易業,桃園市,變更,11507
84421912,軒瑞有限公司,桃園市八德區永豐里永豐路384巷18號,游碧麗,38880000,,115/07/20,公司所在地,CB01010 機械設備製造業。；C805050 工業用塑膠製品製造業。；F113010 機械批發業。；F213080 機械器具零售業。,桃園市,變更,11507
84432235,暐特實業有限公司,桃園市中壢區福祥路259巷5號,任立帆,5000000,,115/07/27,一般補正案,CC01010 發電、輸電、配電機械製造業；CC01990 其他電機及電子機械器材製造業；CB01010 機械設備製造業；CB01990 其他機械製造業；CA02060 金屬容器製造業；F113020 電器批發業；F213010 電器零售業；F113030 精密儀器批發業；F213040 精密儀器零售業；E604010 機械安裝業,桃園市,變更,11507
84513530,百源電子股份有限公司,桃園市中壢區普慶里普光三街8巷14號(1樓),杜旺樹,20000000,,115/07/03,改選董事/監察人(一人法人股東指派董事/監察人),,桃園市,變更,11507
84520244,瑋德鋼鐵股份有限公司,桃園市平鎮區高雙里賦梅北路199之1號,林為斌,8000000,,115/07/01,變更組織,F111090 建材批發業；CA01010 鋼鐵冶鍊業；CA01020 鋼鐵軋延及擠型業；CA01030 鋼鐵鑄造業；CA01050 鋼材二次加工業；CA02010 金屬結構及建築組件製造業；CA02990 其他金屬製品製造業；CA04010 表面處理業；CA01990 其他非鐵金屬基本工業；ZZ99999 除許可業務外，得經營法令非禁止或限制之業務,桃園市,變更,11507
84530329,東野精機股份有限公司,桃園市中壢區自強四路3之2號1樓,羅文益,180000000,,115/07/28,改派董事/監察人,CB01010 機械設備製造業；CD01030 汽車及其零件製造業；CD01040 機車及其零件製造業；CQ01010 模具製造業；E603050 自動控制設備工程業；F106010 五金批發業；F106030 模具批發業；F113010 機械批發業；F114030 汽、機車零件配備批發業；F206010 五金零售業,桃園市,變更,11507
84542084,雅洛茵斯奈米生物科技有限公司,桃園市桃園區瑞慶里莊敬路2段151號,林木山,5000000,,115/07/01,復業副本,F102170 食品什貨批發業；F108040 化粧品批發業；F208040 化粧品零售業；F109070 文教、樂器、育樂用品批發業；F401010 國際貿易業；F399040 無店面零售業；ZZ99999 除許可業務外，得經營法令非禁止或限制之業務,桃園市,變更,11507
84569793,鉦力企業股份有限公司,桃園市觀音區光明路43號,張倖嘉,50000000,,115/07/22,一般補正案,CC01020 電線及電纜製造業；CC01030 電器及視聽電子產品製造業；CC01080 電子零組件製造業；CC01110 電腦及其週邊設備製造業；CC01990 其他電機及電子機械器材製造業；F106010 五金批發業；F119010 電子材料批發業；F401010 國際貿易業；ZZ99999 除許可業務外，得經營法令非禁止或限制之業務,桃園市,變更,11507
84570530,國邦建材有限公司,桃園市蘆竹區海湖里海湖北路90號2樓,余慧婷,2000000,,115/07/29,股東出資轉讓修正章程,,桃園市,變更,11507
84601604,向榮針織廠股份有限公司,桃園市桃園區南華里三民路三段335號(2樓),許當富,20000000,,115/07/23,公司所在地,C302010 織布業；C303010 不織布業；C399990 其他紡織及製品製造業；F104110 布疋、衣著、鞋、帽、傘、服飾品批發業；F113010 機械批發業；F401010 國際貿易業；ZZ99999 除許可業務外，得經營法令非禁止或限制之業務,桃園市,變更,11507
84710883,順倉股份有限公司,桃園市大園區北港里大工路136號,潘榮茂,70000000,,115/07/03,改選董事/監察人(一人法人股東指派董事/監察人),C801010 基本化學工業製造業；C801020 石油化工原料製造業；C802120 工業助劑製造業；J101080 廢棄物資源回收業；J101090 廢棄物清理業,桃園市,變更,11507
84797086,譽興有限公司,桃園市蘆竹區錦中里南崁路一段99號10樓之1,劉台徽,5000000,,115/07/06,一般補正案,,桃園市,變更,11507
84808400,邑昇實業股份有限公司,桃園市龜山區山鶯路中華巷2號,簡榮坤,418906060,,115/07/24,發行新股,CC01040 照明設備製造業；CC01080 電子零組件製造業；F113020 電器批發業；F119010 電子材料批發業；F401010 國際貿易業；CA02990 其他金屬製品製造業；CD01050 自行車及其零件製造業；F114040 自行車及其零件批發業；F214040 自行車及其零件零售業；ZZ99999 除許可業務外，得經營法令非禁止或限制之業務,桃園市,變更,11507
84882920,允泉企業有限公司,桃園市八德區大正里大明街95號,林文凱,6000000,,115/07/16,股東出資轉讓修正章程,J101030 廢棄物清除業。；J101040 廢棄物處理業。；J101080 廢棄物資源回收業。；J101090 廢棄物清理業。；ZZ99999 除許可業務外，得經營法令非禁止或限制之業務。,桃園市,變更,11507
84900976,藍摩半導體股份有限公司,桃園市觀音區樹林里工業一路7號,蔡白井,500000000,,115/07/27,改選董事/監察人(一人法人股東指派董事/監察人),CC01080 電子零組件製造業；CC01110 電腦及其週邊設備製造業；CC01120 資料儲存媒體製造及複製業；F113050 電腦及事務性機器設備批發業；F118010 資訊軟體批發業；F119010 電子材料批發業；F219010 電子材料零售業；F401010 國際貿易業；I301010 資訊軟體服務業；I301030 電子資訊供應服務業,桃園市,變更,11507
84917863,協菱股份有限公司,桃園市桃園區玉山街160巷16號1樓,劉德鑑,10000000,,115/07/22,董事/監察人持股變動報備,F113010 機械批發業；F113020 電器批發業；F113990 其他機械器具批發業；F401010 國際貿易業；E601020 電器安裝業；E603020 電梯安裝工程業；CB01010 機械設備製造業；CB01990 其他機械製造業；E604010 機械安裝業；ZZ99999 除許可業務外，得經營法令非禁止或限制之業務,桃園市,變更,11507
84955633,鑫展精密有限公司,桃園市大溪區信義路525巷12弄4號1樓,林茹雯,2000000,,115/07/13,公司名稱變更修正章程,,桃園市,變更,11507
85034564,全陽貿易股份有限公司,桃園市龍潭區國聯街85巷1弄7號,朴珉奎,10000000,,115/07/24,一般補正案,E604010 機械安裝業；EZ05010 儀器、儀表安裝工程業；F111090 建材批發業；F113010 機械批發業；F113030 精密儀器批發業；F113050 電腦及事務性機器設備批發業；F114060 船舶及其零件批發業；F114070 航空器及其零件批發業；F114990 其他交通運輸工具及其零件批發業；F119010 電子材料批發業,桃園市,變更,11507
85070391,昌辰鑫生醫股份有限公司,桃園市龜山區樂善里文明三街1號1樓,林南光,34000000,,115/07/28,增資(資本總額),EZ05010 儀器、儀表安裝工程業；F106010 五金批發業；F108031 醫療器材批發業；F113990 其他機械器具批發業；F119010 電子材料批發業；F206010 五金零售業；F208031 醫療器材零售業；F401010 國際貿易業；G801010 倉儲業；H701020 工業廠房開發租售業,桃園市,變更,11507
85078892,晶云科技股份有限公司,桃園市平鎮區平興里廣泰路210巷2弄81號,邱芝榕,300000,,115/07/02,一般補正案,F601010 智慧財產權業；I103060 管理顧問業；F401010 國際貿易業；I301010 資訊軟體服務業；F213030 電腦及事務性機器設備零售業；ZZ99999 除許可業務外，得經營法令非禁止或限制之業務,桃園市,變更,11507
85079631,旭懿專業營造股份有限公司,桃園市桃園區三民路三段28之1號四樓之1,蔡余有騏,20000000,,115/07/15,增資(資本總額),E103101 環境保護工程專業營造業；ZZ99999 除許可業務外，得經營法令非禁止或限制之業務,桃園市,變更,11507
85111077,劍威有限公司,桃園市觀音區文化路60號,廖文劍,50500000,,115/07/28,公司所營事業變更修正章程,H703090 不動產買賣業；H703100 不動產租賃業；I103060 管理顧問業；H701020 工業廠房開發租售業；JE01010 租賃業；E801010 室內裝潢業；JZ99050 仲介服務業；F102170 食品什貨批發業；F104110 布疋、衣著、鞋、帽、傘、服飾品批發業；F105050 家具、寢具、廚房器具、裝設品批發業,桃園市,變更,11507
85112322,禾宇貿易有限公司,桃園市蘆竹區錦中里南崁路一段83號18樓之3,吳欣諭,5000000,,115/07/28,公司所在地,I101110 紡織顧問業；F401010 國際貿易業；F104110 布疋、衣著、鞋、帽、傘、服飾品批發業；F204110 布疋、衣著、鞋、帽、傘、服飾品零售業；C306010 成衣業；C302010 織布業；C305010 印染整理業；ZZ99999 除許可業務外，得經營法令非禁止或限制之業務,桃園市,變更,11507
85125895,世紀重工國際股份有限公司,桃園市觀音區中山路一段1119號,丁沈亮,240000000,,115/07/06,改選董事/監察人(一人法人股東指派董事/監察人),EZ02010 起重工程業；G409050 工業專用港或工業專用碼頭船舶貨物裝卸承攬業；G702010 船舶勞務承攬業；G801010 倉儲業；F401010 國際貿易業；IZ06010 理貨包裝業；ZZ99999 除許可業務外，得經營法令非禁止或限制之業務；CC01010 發電、輸電、配電機械製造業；CB01010 機械設備製造業；IG03010 能源技術服務業,桃園市,變更,11507
85130243,好設計有限公司,桃園市中壢區青航里青峰路一段47號五樓,蔡瑜鍹,6000000,,115/07/06,申登機關變更（遷入，含卷）,F203010 食品什貨、飲料零售業；F203020 菸酒零售業；F204110 布疋、衣著、鞋、帽、傘、服飾品零售業；F205040 家具、寢具、廚房器具、裝設品零售業；F208040 化粧品零售業；F209060 文教、樂器、育樂用品零售業；F399040 無店面零售業；F401010 國際貿易業；I301020 資料處理服務業；I301030 電子資訊供應服務業,桃園市,變更,11507
85811374,姊妹旅行社股份有限公司,桃園市桃園區萬壽里萬壽路三段156號1樓,江慧女,10000000,,115/07/22,改選董事/監察人(一人法人股東指派董事/監察人),J902011 旅行業,桃園市,變更,11507
86140894,森寶開發股份有限公司,桃園市蘆竹區南崁里民權路50號,簡元城,904521550,,115/07/30,修正章程,C399990 其他紡織及製品製造業；CC01080 電子零組件製造業；CC01120 資料儲存媒體製造及複製業；CD01030 汽車及其零件製造業；CG01010 珠寶及貴金屬製品製造業；H701010 住宅及大樓開發租售業；H701020 工業廠房開發租售業；H702010 建築經理業；H703090 不動產買賣業；H703100 不動產租賃業,桃園市,變更,11507
86142767,千代國際運通有限公司,桃園市蘆竹區長安路二段39巷6號,劉南弘,5000000,,115/07/16,公司所營事業變更修正章程,G701011 報關業；G601011 航空貨運承攬業；G801010 倉儲業；F401010 國際貿易業；F203010 食品什貨、飲料零售業；F204110 布疋、衣著、鞋、帽、傘、服飾品零售業；F205040 家具、寢具、廚房器具、裝設品零售業；F206010 五金零售業；F206020 日常用品零售業；F207030 清潔用品零售業,桃園市,變更,11507
86209921,楊正股份有限公司,桃園市中壢區內定里新北園路14號,楊燕宣,150000000,,115/07/14,改選董事/監察人(一人法人股東指派董事/監察人),,桃園市,變更,11507
86224042,瑞綱營造有限公司,桃園市中壢區中北路二段117號15樓之1,曾宏凱,40000000,,115/07/14,申登機關變更（遷入，含卷）,E101011 綜合營造業；ZZ99999 除許可業務外，得經營法令非禁止或限制之業務,桃園市,變更,11507
86240922,協同發股份有限公司,桃園市中壢區內定二街991號,王春義,9600000,,115/07/02,改選董事/監察人(一人法人股東指派董事/監察人),,桃園市,變更,11507
86244526,裕昌五金有限公司,桃園市大園區民生路107號,朱錦榮,26000000,,115/07/06,公司所營事業變更修正章程,CA02010 金屬結構及建築組件製造業；CN01010 家具及裝設品製造業；F106010 五金批發業；F111090 建材批發業；F206010 五金零售業；F211010 建材零售業；J101050 環境檢測服務業；ZZ99999 除許可業務外，得經營法令非禁止或限制之業務,桃園市,變更,11507
86297564,峻新電腦股份有限公司,桃園市中壢區安東路6號,汪若愚,544830000,,115/07/07,改選董事/監察人(一人法人股東指派董事/監察人),CC01080 電子零組件製造業；F119010 電子材料批發業；F219010 電子材料零售業；F401010 國際貿易業；ZZ99999 除許可業務外，得經營法令非禁止或限制之業務,桃園市,變更,11507
86303475,迅領環境系統科技有限公司,桃園市龍潭區佳安里佳安西路4巷77弄29號9樓,鄭添全,5000000,,115/07/14,一般補正案,CB01010 機械設備製造業；E601020 電器安裝業；E603050 自動控制設備工程業；E604010 機械安裝業；F206010 五金零售業；F213080 機械器具零售業；F401010 國際貿易業；I501010 產品設計業；IG03010 能源技術服務業；ZZ99999 除許可業務外，得經營法令非禁止或限制之業務,桃園市,變更,11507
86315090,國鑫公寓大廈管理維護股份有限公司,桃園市中壢區環北路398號14樓之5,楊居淳,32000000,,115/07/27,改派董事/監察人,I801011 公寓大廈管理服務業；A102080 園藝服務業；E603040 消防安全設備安裝工程業；F120010 耐火材料批發業；F206020 日常用品零售業；F207030 清潔用品零售業；F207080 環境用藥零售業；F213060 電信器材零售業；F217010 消防安全設備零售業；F401010 國際貿易業,桃園市,變更,11507
86315459,祖樹企業股份有限公司,桃園市龜山區文化里復興三路368號3樓,李大勇,50000000,,115/07/01,改選董事/監察人(一人法人股東指派董事/監察人),F401010 國際貿易業；F117010 消防安全設備批發業；F114010 汽車批發業；F114030 汽、機車零件配備批發業；F113100 污染防治設備批發業；F113010 機械批發業；F113030 精密儀器批發業；F104110 布疋、衣著、鞋、帽、傘、服飾品批發業；F401091 槍砲彈藥刀械輸出入業；F113121 警械批發業,桃園市,變更,11507
86409651,明頡股份有限公司,桃園市八德區茄苳里永豐路416巷10號,陳家珍,63000000,,115/07/01,改選董事/監察人(一人法人股東指派董事/監察人),,桃園市,變更,11507
86410720,亞帝歐光電股份有限公司,桃園市八德區白鷺里廣福路858號,廖書尉,595608740,,115/07/22,改選董事/監察人(一人法人股東指派董事/監察人),CB01010 機械設備製造業；CC01040 照明設備製造業；CC01080 電子零組件製造業；E601010 電器承裝業；E603090 照明設備安裝工程業；F113010 機械批發業；F113070 電信器材批發業；F119010 電子材料批發業；F213010 電器零售業；F213060 電信器材零售業,桃園市,變更,11507
86500258,第一美卡事業股份有限公司,桃園市蘆竹區南崁路2段323號,陳賢哲,842450000,,115/07/20,減少所營事業變更修正章程,CH01030 文具製造業；C601020 紙製造業；C701010 印刷業；C805990 其他塑膠製品製造業；F401010 國際貿易業；I301020 資料處理服務業；ZZ99999 除許可業務外，得經營法令非禁止或限制之業務,桃園市,變更,11507
86555838,永晟堆高機起重有限公司,桃園市桃園區中山路1088號,李沛永,5000000,,115/07/27,修正章程,F113010 機械批發業；F213080 機械器具零售業；F113990 其他機械器具批發業；F213990 其他機械器具零售業；EZ02010 起重工程業；J101110 營建剩餘土石方資源處理業；J101120 營建混合物分類處理業；J101010 建築物清潔服務業；J101030 廢棄物清除業；J101090 廢棄物清理業,桃園市,變更,11507
86576236,純祥實業股份有限公司,桃園市觀音區草漯里榮工北路13號,林得勝,56000000,,115/07/14,改選董事/監察人(一人法人股東指派董事/監察人),C801990 其他化學材料製造業；C801100 合成樹脂及塑膠製造業；C802200 塗料、油漆、染料及顏料製造業；F213080 機械器具零售業；F401010 國際貿易業；ZZ99999 除許可業務外，得經營法令非禁止或限制之業務,桃園市,變更,11507
86587297,唐松貿易有限公司,桃園市桃園區愛七街27號,李惠慎,20000000,,115/07/14,股東出資轉讓修正章程,E801010 室內裝潢業。,桃園市,變更,11507
86596471,靖聲工業股份有限公司,桃園市中壢區仁美里中山東路三段115巷61號,黃碧娥,5000000,,115/07/27,改選董事/監察人(一人法人股東指派董事/監察人),CB01010 機械設備製造業；CB01990 其他機械製造業；CD01030 汽車及其零件製造業；CD01040 機車及其零件製造業；CQ01010 模具製造業；F106010 五金批發業；F106030 模具批發業；F113010 機械批發業；F113990 其他機械器具批發業；F114030 汽、機車零件配備批發業,桃園市,變更,11507
86612330,錦錩實業股份有限公司,桃園市中壢區定安路17號,黃義傑,100000000,,115/07/07,增資(資本總額),C305010 印染整理業；C306010 成衣業；C307010 服飾品製造業；C399990 其他紡織及製品製造業；C805050 工業用塑膠製品製造業；C805990 其他塑膠製品製造業；CJ01010 製帽業；CM01010 箱、包、袋製造業；F104110 布疋、衣著、鞋、帽、傘、服飾品批發業；F199010 回收物料批發業,桃園市,變更,11507
86639083,宏玖興業有限公司,桃園市楊梅區中山南路661號,羅欽師,1000000,,115/07/14,減資,E599010 配管工程業；E603050 自動控制設備工程業；E604010 機械安裝業；F106010 五金批發業；F113010 機械批發業；F119010 電子材料批發業；F213030 電腦及事務性機器設備零售業；F213080 機械器具零售業；F401010 國際貿易業；G799990 其他運輸輔助業,桃園市,變更,11507
86643559,星吏企業有限公司,桃園市桃園區潮洲街6之3號,謝忠諭,1200000,,115/07/16,股東出資轉讓修正章程,,桃園市,變更,11507
86669369,大園有限公司,桃園市大園區橫峰里中正東路437之1號(1樓),張永清,20000000,,115/07/03,修正章程,G202010 停車場經營業；H701010 住宅及大樓開發租售業；H701020 工業廠房開發租售業；H701060 新市鎮、新社區開發業；H703100 不動產租賃業；ZZ99999 除許可業務外，得經營法令非禁止或限制之業務,桃園市,變更,11507
86674736,菩剛工業股份有限公司,桃園市桃園區藝文里大興西路一段262號6樓,連玄旺,8000000,,115/07/17,公司所在地,,桃園市,變更,11507
86683382,蒲陽建設股份有限公司司,桃園市中壢區延平路500號10樓之3 15號,鄒文欽,135000000,,115/07/24,改選董事/監察人(一人法人股東指派董事/監察人),J901020 一般旅館業；H701010 住宅及大樓開發租售業；H701020 工業廠房開發租售業；H701040 特定專業區開發業；H701050 投資興建公共建設業；H701060 新市鎮、新社區開發業；H701080 都市更新重建業；H701090 都市更新整建維護業；H703090 不動產買賣業；H703100 不動產租賃業務。２鈷化合物、錳化合物之生產買賣及進出口業務。３鈷金屬、錳金屬之買賣及進出口業務。；C801010 基本化學工業；F107990 其他化學製品批發業（溴化鈷、硫酸鈷、對苯二甲酸、氧化觸媒、溴化錳、氫氧化鈷、氧化鈷、銻化合物）；F207990 其他化學製品零售業（溴化鈷、硫酸鈷、對苯二甲酸、氧化觸媒、銻化合物）；C802120 工業助劑製造業；F113010 機械批發業；F213080 機械器具零售業；F207050 肥料零售業,桃園市,變更,11507
86691377,建榮工業材料股份有限公司,桃園市楊梅區瑞原里民豐路277號,吉田浩一,1948939640,,115/07/23,改派董事/監察人,C901020 玻璃及玻璃製品製造業；CC01080 電子零組件製造業；F401010 國際貿易業；ZZ99999 除許可業務外，得經營法令非禁止或限制之業務,桃園市,變更,11507
86709664,桃竹苗股份有限公司,桃園市桃園區南華里南海街7號,張煥祥,20000000,,115/07/24,改選董事/監察人(一人法人股東指派董事/監察人),JE01010 租賃業；J101020 病媒防治業；J101050 環境檢測服務業；J101030 廢棄物清除業；J101040 廢棄物處理業；J101060 廢（污）水處理業；J101080 廢棄物資源回收業；J101090 廢棄物清理業；J101990 其他環境衛生及污染防治服務業；F107030 清潔用品批發業,桃園市,變更,11507
86754956,佳宏環保股份有限公司,桃園市蘆竹區中福里福興三街460號,吳佳蓉,50000000,,115/07/08,改選董事/監察人(一人法人股東指派董事/監察人),E103101 環境保護工程專業營造業；J101050 環境檢測服務業；J101060 廢（污）水處理業；C802080 環境用藥製造業；F107080 環境用藥批發業；F207080 環境用藥零售業；F113100 污染防治設備批發業；F213100 污染防治設備零售業；EZ99990 其他工程業；F107170 工業助劑批發業,桃園市,變更,11507
86766432,易增股份有限公司,桃園市新屋區永安里永福路430號,林心勇,150000000,,115/07/20,經理人解任,J101090 廢棄物清理業；J101080 資源回收業；C801020 石油化工原料製造業；C802200 塗料、油漆、染料及顏料製造業；CB01030 污染防治設備製造業；C801990 其他化學材料製造業；C803990 其他石油及煤製品製造業；F112040 石油製品批發業；F113100 污染防治設備批發業；F107010 漆料、塗料批發業,桃園市,變更,11507
86768255,中宇科技有限公司,桃園市桃園區興二街92巷7號,陳彥博,3800000,,115/07/17,公司所在地,F113070 電信器材批發業；F113030 精密儀器批發業；F118010 資訊軟體批發業；F119010 電子材料批發業；F213060 電信器材零售業；F213040 精密儀器零售業；F218010 資訊軟體零售業；F219010 電子材料零售業；F401010 國際貿易業；E502010 燃料導管安裝工程業,桃園市,變更,11507
86796816,鋼緯工業股份有限公司,桃園市蘆竹區錦中里南崁路1段84號15樓,周挺正,5000000,,115/07/22,補選董事(常務董事.董事長)/監察人,F106030 模具批發業。；F206030 模具零售業。；F113020 電器批發業。；F213010 電器零售業。；F114010 汽車批發業。；F214010 汽車零售業。；F114020 機車批發業。；F214020 機車零售業。,桃園市,變更,11507
89121490,郝老師文教有限公司,桃園市楊梅區瑞坪里福羚路232巷14號5樓,杜嘉德,1000000,,115/07/23,股東出資轉讓修正章程,F104110 布疋、衣著、鞋、帽、傘、服飾品批發業；F105050 家具、寢具、廚房器具、裝設品批發業；F106020 日常用品批發業；F107030 清潔用品批發業；F109070 文教、樂器、育樂用品批發業；F204110 布疋、衣著、鞋、帽、傘、服飾品零售業；F205040 家具、寢具、廚房器具、裝設品零售業；F206020 日常用品零售業；F207030 清潔用品零售業；F209060 文教、樂器、育樂用品零售業,桃園市,變更,11507
89121689,熱火數碼資訊股份有限公司,桃園市蘆竹區新興里文新街7號5樓,周德聰,27000000,,115/07/24,減少所營事業變更修正章程,CC01110 電腦及其週邊設備製造業；CC01120 資料儲存媒體製造及複製業；F109070 文教、樂器、育樂用品批發業；F113020 電器批發業；F113050 電腦及事務性機器設備批發業；F113070 電信器材批發業；F118010 資訊軟體批發業；F119010 電子材料批發業；F209060 文教、樂器、育樂用品零售業；F213010 電器零售業,桃園市,變更,11507
89139576,友證股份有限公司,桃園市大園區北港里西濱路3段611號,賴宗成,122000000,,115/07/29,一般補正案,CB01030 污染防治設備製造業；EZ99990 其他工程業；E604010 機械安裝業；J101030 廢棄物清除業；J101040 廢棄物處理業；F107080 環境用藥批發業；F113010 機械批發業；F207080 環境用藥零售業；F213080 機械器具零售業；F401010 國際貿易業,桃園市,變更,11507
89145991,永昱興實業有限公司,桃園市中壢區復華里復華街75巷9號（1樓）,陳昱開,1000000,,115/07/01,股東出資轉讓修正章程,CC01010 發電、輸電、配電機械製造業；E603010 電纜安裝工程業；E603050 自動控制設備工程業；E604010 機械安裝業；E605010 電腦設備安裝業；E599010 配管工程業；E601020 電器安裝業；F401010 國際貿易業；F399040 無店面零售業；F108040 化粧品批發業,桃園市,變更,11507
89146725,勻暢地產有限公司,桃園市桃園區豐林里介壽路34號,高志鋒,300000,,115/07/23,公司所在地,H701010 住宅及大樓開發租售業；H701020 工業廠房開發租售業；H701050 投資興建公共建設業；H701060 新市鎮、新社區開發業；H701070 區段徵收及市地重劃代辦業；H701090 都市更新整建維護業；H702010 建築經理業；H703090 不動產買賣業；H703100 不動產租賃業；F105050 家具、寢具、廚房器具、裝設品批發業,桃園市,變更,11507
89148619,鼎石營造有限公司,桃園市觀音區草漯里德二街56號二樓,連勝發,14000000,,115/07/22,增資,E101011 綜合營造業；E502010 燃料導管安裝工程業；E599010 配管工程業；E601010 電器承裝業；E601020 電器安裝業；E603010 電纜安裝工程業；E603020 電梯安裝工程業；E603040 消防安全設備安裝工程業；E603050 自動控制設備工程業；E603080 交通號誌安裝工程業,桃園市,變更,11507
89168086,鴻秉建設開發有限公司,桃園市中壢區元化路二段126號三樓,黃憶婕,1500000,,115/07/01,公司所在地,H701010 住宅及大樓開發租售業；H701020 工業廠房開發租售業；H701050 投資興建公共建設業；H701060 新市鎮、新社區開發業；H701070 區段徵收及市地重劃代辦業；H703090 不動產買賣業；H703100 不動產租賃業；E599010 配管工程業；E601020 電器安裝業；E603040 消防安全設備安裝工程業,桃園市,變更,11507
89182968,欣展力企業有限公司,桃園市桃園區敬三街207號,林永曄,3000000,,115/07/14,公司所在地,E601020 電器安裝業；E604010 機械安裝業；JA02010 電器及電子產品修理業；F114010 汽車批發業；F214010 汽車零售業；F105050 家具、寢具、廚房器具、裝設品批發業；F205040 家具、寢具、廚房器具、裝設品零售業；E901010 油漆工程業；E599010 配管工程業；E603010 電纜安裝工程業,桃園市,變更,11507
89212442,國王營造股份有限公司,桃園市中壢區新街里環北路398號14樓之2,劉炳松,100000000,,115/07/09,改選董事/監察人(一人法人股東指派董事/監察人),E101011 綜合營造業；H701010 住宅及大樓開發租售業；H701020 工業廠房開發租售業；H701040 特定專業區開發業；H701050 投資興建公共建設業；H701060 新市鎮、新社區開發業；H701070 區段徵收及市地重劃代辦業；H701080 都市更新重建業；H701090 都市更新整建維護業；H702010 建築經理業,桃園市,變更,11507
89218516,双元電化製品股份有限公司,桃園市大園區領航北路四段320之9號一樓,王惠玲,25230000,,115/07/02,一般補正案,F102040 飲料批發業；F102050 茶葉批發業；F102170 食品什貨批發業；F104110 布疋、衣著、鞋、帽、傘、服飾品批發業；F105050 家具、寢具、廚房器具、裝設品批發業；F106010 五金批發業；F106020 日常用品批發業；F106050 陶瓷玻璃器皿批發業；F107030 清潔用品批發業；F107080 環境用藥批發業,桃園市,變更,11507
89248568,綠第景觀有限公司,桃園市龜山區中坑街102號(1樓),陳志宏,3000000,,115/07/27,公司所在地,,桃園市,變更,11507
89267065,興宸營造有限公司,桃園市八德區大竹里興豐路1820巷116號三樓,陳佩萱,3600000,,115/07/14,申登機關變更（遷入，含卷）,E101011 綜合營造業；E599010 配管工程業；E801010 室內裝潢業；E901010 油漆工程業；E903010 防蝕、防銹工程業；EZ11010 球場跑道樹脂材料鋪設工程業；EZ14010 運動場地用設備工程業；EZ99990 其他工程業；F109070 文教、樂器、育樂用品批發業；F111090 建材批發業,桃園市,變更,11507
89282663,華膳空廚股份有限公司,桃園市蘆竹區海山路二段156巷22號,張花冠,1421000000,,115/07/15,經理人變更,G605011 空廚業；C103050 罐頭、冷凍、脫水及醃漬食品製造業；C104020 烘焙炊蒸食品製造業；C199030 即食餐食製造業；C199990 未分類其他食品製造業；F102170 食品什貨批發業；F203010 食品什貨、飲料零售業；F399010 便利商店業；F401010 國際貿易業；F501060 餐館業,桃園市,變更,11507
89288786,啟煌通風工程有限公司,桃園市蘆竹區新興里中興二街18號,洪雲煌,2000000,,115/07/16,股東更名修正章程,CB01030 污染防治器材設備製造業。；CA02010 金屬建築結構及組件製造業。；E603030 通風系統安裝工程業。；E303010 空氣污染防制工程業。；F401010 國際貿易業。,桃園市,變更,11507
89301444,元廣科技股份有限公司,桃園市中壢區內定里定康路17號,林志賢,98000000,,115/07/27,董事/監察人持股變動報備,CA04010 表面處理業；CC01080 電子零組件製造業；CC01110 電腦及其週邊設備製造業；CC01120 資料儲存媒體製造及複製業；F115010 首飾及貴金屬批發業；F119010 電子材料批發業；F199010 回收物料批發業；F199990 其他批發業；F219010 電子材料零售業；F401010 國際貿易業,桃園市,變更,11507
89308663,銓宇揚股份有限公司,桃園市中壢區中央里建國路20號,劉碧香,15000000,,115/07/13,改選董事/監察人(一人法人股東指派董事/監察人),,桃園市,變更,11507
89314594,虹龍鋁業股份有限公司,桃園市龍潭區武漢里國聯街43號1樓,邱瑞珠,6000000,,115/07/21,一般補正案,F111090 建材批發業；F106010 五金批發業；F211010 建材零售業；F199990 其他批發業；E603010 電纜安裝工程業；E701030 電信管制射頻器材裝設工程業；E599010 配管工程業；F401010 國際貿易業；E801030 室內輕鋼架工程業；CA02010 金屬結構及建築組件製造業,桃園市,變更,11507
89330840,輝大有限公司,桃園市龜山區楓樹里楓樹五街146號,李日慶,2000000,,115/07/22,股東出資轉讓修正章程,CA01050 鋼材二次加工業；CA01990 其他非鐵金屬基本工業；CA02010 金屬結構及建築組件製造業；CA02060 金屬容器製造業；CA02990 其他金屬製品製造業；CC01010 發電、輸電、配電機械製造業；CC01990 其他電機及電子機械器材製造業；CD01990 其他運輸工具及其零件製造業；E603100 電焊工程業；ZZ99999 除許可業務外，得經營法令非禁止或限制之業務,桃園市,變更,11507
89369794,鴻績工業股份有限公司,桃園市中壢區水尾里永清街287號,周智行,36000000,,115/07/06,董事/監察人持股變動報備,,桃園市,變更,11507
89376964,蓬萊園藝有限公司,桃園市桃園區大興里春日路824號1樓,陳瑞霞,3000000,,115/07/31,股東出資轉讓修正章程,A102080 園藝服務業；F101100 花卉批發業；F106050 陶瓷玻璃器皿批發業；F401010 國際貿易業；EZ02010 起重工程業；I503010 景觀、室內設計業；J101010 建築物清潔服務業；F106010 五金批發業；F106020 日常用品批發業；F101081 種苗批發業,桃園市,變更,11507
89383965,星閣股份有限公司,桃園市龜山區頂湖路7號2樓,黃奕豪,5000000,,115/07/06,一般補正案,,桃園市,變更,11507
89386843,縱橫自動化股份有限公司,桃園市八德區中華路275巷9號1樓,鄧光祖,10000000,,115/07/06,董事/監察人持股變動報備,CC01010 發電、輸電、配電機械製造業；CB01010 機械設備製造業；CB01020 事務機器製造業,桃園市,變更,11507
89387630,權鋐倉儲物流有限公司,桃園市龜山區大崗里樹人路177巷4之1號,林桂枝,2000000,,115/07/23,股東出資轉讓修正章程,G801010 倉儲業；F109070 文教、樂器、育樂用品批發業；F199990 其他批發業；F107990 其他化學製品批發業；IZ06010 理貨包裝業；EZ02010 起重工程業；F206020 日常用品零售業；F106020 日常用品批發業；F113010 機械批發業；F213080 機械器具零售業,桃園市,變更,11507
89396976,巴恩斯航太股份有限公司,桃園市觀音區觀音工業區工業三路1號,Scott Robert Anderson,80000000,,115/07/16,改派董事/監察人,CB01010 機械設備製造業；CD01060 航空器及其零件製造業；E604010 機械安裝業；F114070 航空器及其零件批發業；F214070 航空器及其零件零售業；F401010 國際貿易業；I101100 航空顧問業；I501010 產品設計業；JA02990 其他修理業；ZZ99999 除許可業務外，得經營法令非禁止或限制之業務,桃園市,變更,11507
89398947,台灣日東紡股份有限公司,桃園市楊梅區民豐路277號(3樓),三上雄広,5000000,,115/07/27,改派董事/監察人,C901020 玻璃及玻璃製品製造業；CC01080 電子零組件製造業；F107200 化學原料批發業；F207200 化學原料零售業；F107990 其他化學製品批發業；F207990 其他化學製品零售業；F119010 電子材料批發業；F219010 電子材料零售業；F401010 國際貿易業；ZZ99999 除許可業務外，得經營法令非禁止或限制之業務,桃園市,變更,11507
89403884,詩肯股份有限公司,桃園市龜山區頂湖一街69號,林福勤,501929420,,115/07/07,改選董事/監察人(一人法人股東指派董事/監察人),CN01010 家具及裝設品製造業；E801010 室內裝潢業；F105050 家具、寢具、廚房器具、裝設品批發業；F111090 建材批發業；F205040 家具、寢具、廚房器具、裝設品零售業；F211010 建材零售業；I503010 景觀、室內設計業；F113030 精密儀器批發業；F113070 電信器材批發業；F118010 資訊軟體批發業,桃園市,變更,11507
89448382,英堡國際開發股份有限公司,桃園市桃園區中寧里中正路1017號3樓,江清池,8000000,,115/07/27,減少所營事業變更修正章程,JA05010 留學服務業。；J903010 旅遊諮詢服務業。；H704031 不動產仲介經紀業。；H704041 不動產代銷經紀業。；F401010 國際貿易業。,桃園市,變更,11507
89524579,肇泰工程有限公司,桃園市中壢區忠福里興福街7號,倪郭平,6000000,,115/07/14,股東出資轉讓修正章程,E601010 電器承裝業；I103040 大樓管理顧問業,桃園市,變更,11507
89539377,葉和記塑膠股份有限公司,桃園市大溪區大鶯路769巷173弄15號,何仁盛,7020000,,115/07/21,改選董事/監察人(一人法人股東指派董事/監察人),,桃園市,變更,11507
89545286,東鈺噴漆有限公司,桃園市桃園區寶安里中埔六街119號6樓,古青榮,13000000,,115/07/24,股東出資轉讓修正章程,E901010 油漆工程業；E903010 防蝕、防銹工程業；F111090 建材批發業；F211010 建材零售業；CA03010 熱處理業；CA04010 表面處理業；CA05010 粉末冶金業；CQ01010 模具製造業；F106030 模具批發業；F107010 漆料、塗料批發業,桃園市,變更,11507
89560693,台灣樂業科技股份有限公司,桃園市平鎮區平東路一段178巷26弄23號,曾世明,22000000,,115/07/21,增資(資本總額),,桃園市,變更,11507
89565347,宗鉅塑膠軟管股份有限公司,桃園市楊梅區高上里梅高路二段369巷25號,徐美珠,5000000,,115/07/27,改選董事/監察人(一人法人股東指派董事/監察人),C805010 塑膠皮、布、板、管材製造業；C701010 印刷業；F401010 國際貿易業；F113060 度量衡器批發業；F213050 度量衡器零售業；ZZ99999 除許可業務外，得經營法令非禁止或限制之業務；F107990 其他化學製品批發業；F207990 其他化學製品零售業；F199990 其他批發業；F299990 其他零售業,桃園市,變更,11507
89576506,旺氣建設股份有限公司,桃園市桃園區孝一街7號3樓,蔡玫珮,201000000,,115/07/20,增資(資本總額),H701010 住宅及大樓開發租售業；E801010 室內裝潢業；F211010 建材零售業；ZZ99999 除許可業務外，得經營法令非禁止或限制之業務,桃園市,變更,11507
89818624,進興通風設備有限公司,桃園市八德區大正里介壽路一段364巷7號,張宸豪,1000000,,115/07/08,復業副本,,桃園市,變更,11507
89915077,生資鋼鐵企業有限公司,桃園市中壢區東園路12之1號,陳建維,90000000,,115/07/08,股東出資轉讓修正章程,CA01050 鋼材二次加工業；CA02010 金屬結構及建築組件製造業；CA02030 螺絲、螺帽、螺絲釘、及鉚釘等製品製造業；CA02990 其他金屬製品製造業；F106010 五金批發業；F106020 日常用品批發業；F106030 模具批發業；F111090 建材批發業；F206010 五金零售業；F206020 日常用品零售業,桃園市,變更,11507
89921459,精旺生技股份有限公司,桃園市龜山區民生北路一段40之2號4樓之10,林嘉宗,10000000,,115/07/03,一般補正案,F102170 食品什貨批發業；F106020 日常用品批發業；F108040 化粧品批發業；F199990 其他批發業；F203010 食品什貨、飲料零售業；F206020 日常用品零售業；F207030 清潔用品零售業；F208040 化粧品零售業；F299990 其他零售業；F399040 無店面零售業,桃園市,變更,11507
89929234,冠疆實業股份有限公司,桃園市新屋區永安里永福路650號,蔡美泓,80000000,,115/07/28,董事/監察人持股變動報備,C802120 工業助劑製造業；C802990 其他化學製品製造業；C801110 肥料製造業；F107170 工業助劑批發業；F107990 其他化學製品批發業；F107050 肥料批發業；F111090 建材批發業；F401010 國際貿易業；J101040 廢棄物處理業；ZZ99999 除許可業務外，得經營法令非禁止或限制之業務,桃園市,變更,11507
90025410,長翃建設有限公司,桃園市桃園區縣府路110號8樓,李偉帆,10000000,,115/07/07,增資,H701010 住宅及大樓開發租售業；H701050 投資興建公共建設業；H701060 新市鎮、新社區開發業；H701090 都市更新整建維護業；H703090 不動產買賣業；H703100 不動產租賃業；I103060 管理顧問業；F111090 建材批發業；E801010 室內裝潢業；I503010 景觀、室內設計業,桃園市,變更,11507
90035141,永心國際租賃有限公司,桃園市中壢區新中北路462號,李文傑,6000000,,115/07/13,股東出資轉讓修正章程,G101041 小客車租賃業；G202010 停車場經營業；F114010 汽車批發業；F114020 機車批發業；F114990 其他交通運輸工具及其零件批發業；F213060 電信器材零售業；F214010 汽車零售業；F214020 機車零售業；F401010 國際貿易業；I103060 管理顧問業,桃園市,變更,11507
90037149,隆寶物業管理顧問有限公司,桃園市大園區田心里國際路一段200號(1樓),許禕庭,1000000,,115/07/17,減少所營事業變更修正章程,F214010 汽車零售業；F214030 汽、機車零件配備零售業；F214050 車胎零售業；F114010 汽車批發業；F114030 汽、機車零件配備批發業；F114050 車胎批發業；JA01010 汽車修理業；JA01020 汽車拖吊業；JA01990 其他汽車服務業；H701010 住宅及大樓開發租售業,桃園市,變更,11507
90042939,聖平地產開發有限公司,桃園市楊梅區青山里青山五街4號(1樓),張彩蓮,1000000,,115/07/15,一般補正案,H701010 住宅及大樓開發租售業；H701020 工業廠房開發租售業；H701050 投資興建公共建設業；H701060 新市鎮、新社區開發業；H701070 區段徵收及市地重劃代辦業；H701090 都市更新整建維護業；H702010 建築經理業；H703090 不動產買賣業；H703100 不動產租賃業；H703110 老人住宅業,桃園市,變更,11507
90043629,邦宏工程有限公司,桃園市大溪區石園路333號(1樓),蘇聖凱,100000,,115/07/31,公司所營事業變更修正章程,IZ12010 人力派遣業；JZ99050 仲介服務業；E604010 機械安裝業；E801010 室內裝潢業；E801020 門窗安裝工程業；E801030 室內輕鋼架工程業；E801070 廚具、衛浴設備安裝工程業；A102080 園藝服務業；E599010 配管工程業；E603010 電纜安裝工程業,桃園市,變更,11507
90043780,共創開發工程有限公司,桃園市大園區青峰里高鐵北路二段196號10樓,陳德福,500000,,115/07/28,公司所在地,E401010 疏濬業；E801020 門窗安裝工程業；E801030 室內輕鋼架工程業；E901010 油漆工程業；F206020 日常用品零售業；F211010 建材零售業；J101010 建築物清潔服務業；E603080 交通號誌安裝工程業；EZ14010 運動場地用設備工程業；EZ11010 球場跑道樹脂材料鋪設工程業,桃園市,變更,11507
90054358,台灣奔力達電路有限公司,桃園市蘆竹區南崁路二段9號6樓之3,滕浩宇,1500000,,115/07/24,股東出資轉讓修正章程,F119010 電子材料批發業；F219010 電子材料零售業；F113010 機械批發業；F213080 機械器具零售業；F113110 電池批發業；F213110 電池零售業；F114030 汽、機車零件配備批發業；F214030 汽、機車零件配備零售業；F113990 其他機械器具批發業；F213990 其他機械器具零售業,桃園市,變更,11507
90055119,金置環球股份有限公司,桃園市蘆竹區安中街9巷3號,吳慎之,3000000,,115/07/07,改選董事/監察人(一人法人股東指派董事/監察人),F113010 機械批發業；F106010 五金批發業；F111090 建材批發業；F401010 國際貿易業；I103060 管理顧問業；ZZ99999 除許可業務外，得經營法令非禁止或限制之業務；CA02010 金屬結構及建築組件製造業；CA02030 螺絲、螺帽、螺絲釘、及鉚釘等製品製造業；CA02090 金屬線製品製造業；CA02990 其他金屬製品製造業,桃園市,變更,11507
90055526,策棟國際有限公司,桃園市中壢區過嶺里松勤路27號4樓之3,鍾嘉儀,500000,,115/07/07,股東出資轉讓修正章程,F118010 資訊軟體批發業；F218010 資訊軟體零售業；F106010 五金批發業；F206010 五金零售業；F113050 電腦及事務性機器設備批發業；F213030 電腦及事務性機器設備零售業；F104110 布疋、衣著、鞋、帽、傘、服飾品批發業；F204110 布疋、衣著、鞋、帽、傘、服飾品零售業；F105050 家具、寢具、廚房器具、裝設品批發業；F205040 家具、寢具、廚房器具、裝設品零售業,桃園市,變更,11507
90061822,連昇有限公司,桃園市平鎮區東社里龍南路244巷9弄5號,張森樺,1000000,,115/07/21,股東出資轉讓修正章程,G801010 倉儲業；H703100 不動產租賃業；F401010 國際貿易業；IZ06010 理貨包裝業；ZZ99999 除許可業務外，得經營法令非禁止或限制之業務,桃園市,變更,11507
90068894,佳暘木業有限公司,桃園市龜山區南上路280巷29號,黃啟仁,6000000,,115/07/22,一般補正案,F105050 家具、寢具、廚房器具、裝設品批發業；F107010 漆料、塗料批發業；F111090 建材批發業；F205040 家具、寢具、廚房器具、裝設品零售業；F207010 漆料、塗料零售業；F211010 建材零售業；CN01010 家具及裝設品製造業；E801010 室內裝潢業；E801040 玻璃安裝工程業；E801070 廚具、衛浴設備安裝工程業,桃園市,變更,11507
90076698,碩宸資訊股份有限公司,桃園市桃園區大有路401號11樓,林正忠,5000000,,115/07/02,改選董事/監察人(一人法人股東指派董事/監察人),CC01060 有線通信機械器材製造業；CC01070 無線通信機械器材製造業；CC01080 電子零組件製造業；CC01110 電腦及其週邊設備製造業；CC01120 資料儲存媒體製造及複製業；CC01990 其他電機及電子機械器材製造業；E605010 電腦設備安裝業；E701010 電信工程業；E701040 簡易電信設備安裝業；F113050 電腦及事務性機器設備批發業,桃園市,變更,11507
90080829,凱祿有限公司,桃園市桃園區武陵里民生路60號10樓之2,陳君維,4260000,,115/07/29,董事/股東更名,H703100 不動產租賃業；F114030 汽、機車零件配備批發業；F214030 汽、機車零件配備零售業；F106060 寵物食品及其用品批發業；F206050 寵物食品及其用品零售業；F401010 國際貿易業；F119010 電子材料批發業；F102170 食品什貨批發業；F106040 水器材料批發業；IZ12010 人力派遣業,桃園市,變更,11507
90099545,新世宇環保有限公司,桃園市桃園區孝一街91巷40號三樓,簡仲陽,5000000,,115/07/20,股東出資轉讓修正章程,F401010 國際貿易業；F199010 回收物料批發業；F399040 無店面零售業；F106010 五金批發業；F206010 五金零售業；F119010 電子材料批發業；F118010 資訊軟體批發業；G801010 倉儲業；I103060 管理顧問業；I199990 其他顧問服務業,桃園市,變更,11507
90103105,踢踢文化股份有限公司,桃園市桃園區吉安街181號(1樓),陳亨利,4000000,,115/07/15,一般補正案,J801030 競技及休閒運動場館業；J802010 運動訓練業；J803010 運動表演業；J401010 電影片製作業；J402010 電影片發行業；J404020 提供設備及場地供電影片拍攝業；J404010 動畫影片製作業；J404040 電影錄音業；J404050 電影特效製作業；J601010 藝文服務業,桃園市,變更,11507
90103533,傑米人資有限公司,桃園市中壢區民族路六段70號,黃建瑋,1000000,,115/07/21,公司所在地,G801010 倉儲業；IZ06010 理貨包裝業；IZ12010 人力派遣業；ZZ99999 除許可業務外，得經營法令非禁止或限制之業務,桃園市,變更,11507
90103793,如彤資本有限公司,桃園市八德區建國路50巷1號,陳柏誠,200000,,115/07/08,修正章程,H201010 一般投資業；ZZ99999 除許可業務外，得經營法令非禁止或限制之業務,桃園市,變更,11507
90103837,糖果地產股份有限公司,桃園市中壢區正義里廣州路225號3樓,康傑凱,1000000,,115/07/03,公司所在地,H701050 投資興建公共建設業；H701070 區段徵收及市地重劃代辦業；H701090 都市更新整建維護業；H703110 老人住宅業；H701010 住宅及大樓開發租售業；H701020 工業廠房開發租售業；H701060 新市鎮、新社區開發業；H701080 都市更新重建業；H703090 不動產買賣業；H703100 不動產租賃業,桃園市,變更,11507
90108994,春暉生技文創股份有限公司,桃園市龜山區大湖里文化三路63號地下一層之2,藍志豐,37000000,,115/07/20,發行新股,I103060 管理顧問業；I501010 產品設計業；JZ99050 仲介服務業；I102010 一般投資顧問業；F106070 祭祀用品批發業；IZ99990 其他工商服務業；F401010 國際貿易業；H703100 不動產租賃業；HZ99990 其他金融、保險及不動產業；J601010 藝文服務業,桃園市,變更,11507
90109179,謙悅興業有限公司,桃園市中壢區新街里元化路226號7樓,高儀雄,5000000,,115/07/06,股東出資轉讓修正章程,F106010 五金批發業；F113010 機械批發業；F113030 精密儀器批發業；F113050 電腦及事務性機器設備批發業；F113090 交通標誌器材批發業；F118010 資訊軟體批發業；F119010 電子材料批發業；F401010 國際貿易業；I102010 投資顧問業；I103060 管理顧問業,桃園市,變更,11507
90110133,永瑞國際開發有限公司,桃園市桃園區西湖里三民路三段150之3號,張紹華,500000,,115/07/28,一般補正案,F101100 花卉批發業；F102030 菸酒批發業；F102170 食品什貨批發業；F104110 布疋、衣著、鞋、帽、傘、服飾品批發業；F105050 家具、寢具、廚房器具、裝設品批發業；F106010 五金批發業；F106020 日常用品批發業；F106070 祭祀用品批發業；F108040 化粧品批發業；F199990 其他批發業,桃園市,變更,11507
90114476,晴林科技環保有限公司,桃園市平鎮區北貴里關爺東路37巷15號,邱林潭,1000000,,115/07/21,一般補正案,C601010 紙漿製造業；C601020 紙製造業；C601030 紙容器製造業；C601040 加工紙製造業；F401010 國際貿易業；C805030 塑膠日用品製造業；C805990 其他塑膠製品製造業；F209060 文教、樂器、育樂用品零售業；F109070 文教、樂器、育樂用品批發業；F213080 機械器具零售業,桃園市,變更,11507
90121440,廌家科技股份有限公司,桃園市桃園區瑞慶里中正路1351號13樓,游素冠,401000000,,115/07/08,一般補正案,C805050 工業用塑膠製品製造業；CA01050 鋼材二次加工業；CC01080 電子零組件製造業；CQ01010 模具製造業；F106010 五金批發業；F106030 模具批發業；F119010 電子材料批發業；F206010 五金零售業；F206030 模具零售業；F219010 電子材料零售業,桃園市,變更,11507
90132397,將曜國際開發有限公司,桃園市桃園區春日里大興路180號,卓瑋駿,2000000,,115/07/24,公司所在地,F211010 建材零售業；F111090 建材批發業；F206010 五金零售業；F106010 五金批發業；F203010 食品什貨、飲料零售業；F102170 食品什貨批發業；F213080 機械器具零售業；F113010 機械批發業；E604010 機械安裝業；F215020 礦石零售業,桃園市,變更,11507
90133781,楠城有限公司,桃園市桃園區信光里民生路685號（2樓）,呂典錡,5000000,,115/07/08,增資,E801010 室內裝潢業；F111090 建材批發業；H701010 住宅及大樓開發租售業；H703090 不動產買賣業；H703100 不動產租賃業；ZZ99999 除許可業務外，得經營法令非禁止或限制之業務,桃園市,變更,11507
90134297,大塊有限公司,桃園市桃園區永興里民權路148號8樓之1,,2000000,,115/07/08,一般補正案,F203010 食品什貨、飲料零售業；F203020 菸酒零售業；F206020 日常用品零售業；F206050 寵物食品及其用品零售業；F208040 化粧品零售業；F213010 電器零售業；F215020 礦石零售業；F299990 其他零售業；F399040 無店面零售業；F401010 國際貿易業,桃園市,變更,11507
90135042,連呈有限公司,桃園市桃園區新埔六街97號19樓,張福成,1000000,,115/07/22,股東出資轉讓修正章程,F104110 布疋、衣著、鞋、帽、傘、服飾品批發業；F204110 布疋、衣著、鞋、帽、傘、服飾品零售業；F205040 家具、寢具、廚房器具、裝設品零售業；F105050 家具、寢具、廚房器具、裝設品批發業；F107030 清潔用品批發業；ZZ99999 除許可業務外，得經營法令非禁止或限制之業務,桃園市,變更,11507
90139048,升荃貿易有限公司,桃園市中壢區內定里合圳北路二段395巷53之1號,柯量超,1000000,,115/07/06,一般補正案,A102060 糧商業；F101050 水產品批發業；F101130 蔬果批發業；F101990 其他農、畜、水產品批發業；F102020 食用油脂批發業；F102030 菸酒批發業；F102040 飲料批發業；F102050 茶葉批發業；F102170 食品什貨批發業；F104110 布疋、衣著、鞋、帽、傘、服飾品批發業,桃園市,變更,11507
90140832,凱勝不動產顧問有限公司,桃園市平鎮區上海路95號(1樓),謝宥昕,500000,,115/07/30,公司所在地,H703090 不動產買賣業；H703100 不動產租賃業；H701010 住宅及大樓開發租售業；H201010 一般投資業；HZ02010 金融機構金錢債權收買業務；HZ02020 辦理金融機構金錢債權之評價或拍賣業務；HZ99990 其他金融、保險及不動產業；I102010 投資顧問業；I103060 管理顧問業；I301030 電子資訊供應服務業,桃園市,變更,11507
90154130,升沅有限公司,桃園市蘆竹區中福里龍安街二段1639巷142弄40號(1樓),陳富港,2000000,,115/07/14,修正章程,F213030 電腦及事務性機器設備零售業；F219010 電子材料零售業；F218010 資訊軟體零售業；F399040 無店面零售業；F401010 國際貿易業；H201010 一般投資業；H703100 不動產租賃業；I103060 管理顧問業；I105010 藝術品諮詢顧問業；I199990 其他顧問服務業,桃園市,變更,11507
90160750,日昇國際商貿有限公司,桃園市桃園區吉安街86號23樓,,500000,,115/07/03,解散,F104110 布疋、衣著、鞋、帽、傘、服飾品批發業；F105050 家具、寢具、廚房器具、裝設品批發業；F106010 五金批發業；F106020 日常用品批發業；F107190 塑膠膜、袋批發業；F108040 化粧品批發業；F109070 文教、樂器、育樂用品批發業；F114030 汽、機車零件配備批發業；F114040 自行車及其零件批發業；F114050 車胎批發業,桃園市,變更,11507
90161667,常寛有限公司,桃園市中壢區永興里中央西路一段76巷35號(1樓),吳沅致,1000000,,115/07/24,股東出資轉讓修正章程,F114030 汽、機車零件配備批發業；F114050 車胎批發業；F214020 機車零售業；F214030 汽、機車零件配備零售業；F214050 車胎零售業；F214010 汽車零售業；F501060 餐館業；F501030 飲料店業；I199990 其他顧問服務業；JA01010 汽車修理業,桃園市,變更,11507
90253188,芯鮮果國際股份有限公司,桃園市桃園區國際路一段123號,張智傑,15100000,,115/07/15,修正章程,F101040 家畜家禽批發業；F101050 水產品批發業；F101130 蔬果批發業；F102170 食品什貨批發業；F201010 農產品零售業；F201020 畜產品零售業；F201030 水產品零售業；F201990 其他農畜水產品零售業；F203010 食品什貨、飲料零售業；F299990 其他零售業,桃園市,變更,11507
90253286,桃園銀髮方舟股份有限公司,桃園市桃園區大有里民有十街322號,朱偉仁,18200000,,115/07/29,修正章程,I103060 管理顧問業；I301010 資訊軟體服務業；H701050 投資興建公共建設業；I102010 一般投資顧問業；H201010 一般投資業；H703090 不動產買賣業；H703100 不動產租賃業；H701010 住宅及大樓開發租售業；JZ99050 仲介服務業；IZ12010 人力派遣業,桃園市,變更,11507
90253595,阜德有限公司,桃園市中壢區金鋒五街22巷4號2樓,陳怡足,1000000,,115/07/27,股東出資轉讓修正章程,H701010 住宅及大樓開發租售業；H701020 工業廠房開發租售業；H701050 投資興建公共建設業；H701060 新市鎮、新社區開發業；H701070 區段徵收及市地重劃代辦業；H701090 都市更新整建維護業；H702010 建築經理業；H703090 不動產買賣業；H703100 不動產租賃業；H703110 老人住宅業,桃園市,變更,11507
90254010,佶淶環保有限公司,桃園市新屋區東明里東福路558號,王士彥,3000000,,115/07/03,一般補正案,A101040 食用菌菇類栽培業；A102020 農產品整理業；A102050 作物栽培服務業；A102080 園藝服務業；A301030 水產養殖業；A401020 家畜禽飼育業；C501010 製材業；C501990 其他木製品製造業；C801060 合成橡膠製造業；C801110 肥料製造業,桃園市,變更,11507
90304356,益聯鋼鐵工業股份有限公司,桃園市平鎮區湧豐里工業二路20號,楊韻蒔,125000000,,115/07/06,一般補正案,CA01050 鋼材二次加工業；F111090 建材批發業；F211010 建材零售業；F106010 五金批發業；F206010 五金零售業；F399990 其他綜合零售業；JE01010 租賃業；ZZ99999 除許可業務外，得經營法令非禁止或限制之業務,桃園市,變更,11507
90304709,觀音健身輕食有限公司,桃園市蘆竹區長壽里長春路12號8樓,歐正,100000,,115/07/17,公司所在地,C104020 烘焙炊蒸食品製造業；C199030 即食餐食製造業；F102030 菸酒批發業；F102170 食品什貨批發業；F203010 食品什貨、飲料零售業；F203020 菸酒零售業；F399040 無店面零售業；F401010 國際貿易業；F501030 飲料店業；F501060 餐館業,桃園市,變更,11507
90312089,琦渼國際貿易有限公司,桃園市大園區青山里高鐵南路一段100號5樓,吳政玄,4200000,,115/07/06,股東出資轉讓修正章程,F108040 化粧品批發業；F208040 化粧品零售業；F208050 乙類成藥零售業；F102170 食品什貨批發業；F203010 食品什貨、飲料零售業；F107030 清潔用品批發業；F207030 清潔用品零售業；F118010 資訊軟體批發業；F218010 資訊軟體零售業；I301010 資訊軟體服務業,桃園市,變更,11507
90312927,宇喆運動有限公司,桃園市蘆竹區忠孝西路31號2樓,陳宜璨,2500000,,115/07/20,一般補正案,J701040 休閒活動場館業；J701120 兒童遊戲場業；J799990 其他休閒服務業；J801030 競技及休閒運動場館業；J802010 運動訓練業；J803010 運動表演業；J803020 運動比賽業；I199990 其他顧問服務業；F104110 布疋、衣著、鞋、帽、傘、服飾品批發業；F109070 文教、樂器、育樂用品批發業,桃園市,變更,11507
90313192,萬寶隆股份有限公司,桃園市蘆竹區瓦窯里六福路5號(1樓),葉子琳,2000000,,115/07/24,改選董事/監察人(一人法人股東指派董事/監察人),H201010 一般投資業；H701010 住宅及大樓開發租售業；H701020 工業廠房開發租售業；H701050 投資興建公共建設業；H701060 新市鎮、新社區開發業；H703090 不動產買賣業；H703100 不動產租賃業；HZ99990 其他金融、保險及不動產業；ZZ99999 除許可業務外，得經營法令非禁止或限制之業務,桃園市,變更,11507
90313685,吉富兆豐有限公司,桃園市中壢區新興里環中東路2段740號,謝睿寧,1000000,,115/07/03,減少所營事業變更修正章程,H701010 住宅及大樓開發租售業；H701020 工業廠房開發租售業；H703090 不動產買賣業；H703100 不動產租賃業；I102010 投資顧問業；I103060 管理顧問業；I401010 一般廣告服務業；I401020 廣告傳單分送業；I503010 景觀、室內設計業；I301010 資訊軟體服務業,桃園市,變更,11507
90316064,金碧精品燈具傢飾有限公司,桃園市蘆竹區南榮里桃園街5號（1樓）,王羽茜,10000000,,115/07/28,股東出資轉讓修正章程,E601020 電器安裝業；E603090 照明設備安裝工程業；E801010 室內裝潢業；E801070 廚具、衛浴設備安裝工程業；EZ99990 其他工程業；F102170 食品什貨批發業；F104110 布疋、衣著、鞋、帽、傘、服飾品批發業；F105050 家具、寢具、廚房器具、裝設品批發業；F111090 建材批發業；F113020 電器批發業,桃園市,變更,11507
90316682,慕恩投資股份有限公司,桃園市楊梅區新榮里電研路8之2號,廖仲儀,20000000,,115/07/20,改選董事/監察人(一人法人股東指派董事/監察人),H201010 一般投資業；H701010 住宅及大樓開發租售業；H701020 工業廠房開發租售業；H701050 投資興建公共建設業；H701060 新市鎮、新社區開發業；H701070 區段徵收及市地重劃代辦業；H703090 不動產買賣業；H703100 不動產租賃業；F105050 家具、寢具、廚房器具、裝設品批發業；F111090 建材批發業,桃園市,變更,11507
90317319,佛蓮心有限公司,桃園市大溪區仁和里6鄰仁和三街45巷5號,郭美蓉,2500000,,115/07/22,增資,F106070 祭祀用品批發業；F206060 祭祀用品零售業；F109070 文教、樂器、育樂用品批發業；F105050 家具、寢具、廚房器具、裝設品批發業；F205040 家具、寢具、廚房器具、裝設品零售業；F104110 布疋、衣著、鞋、帽、傘、服飾品批發業；F102050 茶葉批發業；F102170 食品什貨批發業；F199990 其他批發業；F401010 國際貿易業,桃園市,變更,11507
90317704,威漢昇科技股份有限公司,桃園市中壢區青航里領航南路三段311號3樓,蔡鴻凱,10000000,,115/07/27,公司所在地,CC01110 電腦及其週邊設備製造業；F113020 電器批發業；F119010 電子材料批發業；F118010 資訊軟體批發業；F213010 電器零售業；F213040 精密儀器零售業；F219010 電子材料零售業；F213110 電池零售業；F113010 機械批發業；F401010 國際貿易業,桃園市,變更,11507
90317789,圓頂實業股份有限公司,桃園市蘆竹區南崁路一段83號5樓之4,施建成,5000000,,115/07/07,停業副本,E599010 配管工程業；E601010 電器承裝業；E603040 消防安全設備安裝工程業；E604010 機械安裝業；E801010 室內裝潢業；F102170 食品什貨批發業；F106010 五金批發業；F107190 塑膠膜、袋批發業；F113010 機械批發業；F113020 電器批發業,桃園市,變更,11507
90324732,泓順不動產仲介有限公司,桃園市龍潭區中山里北龍路339之1號,葉日舜,6000000,,115/07/02,公司所在地,E801010 室內裝潢業；EZ99990 其他工程業；H701010 住宅及大樓開發租售業；H701070 區段徵收及市地重劃代辦業；H701090 都市更新整建維護業；H703090 不動產買賣業；H703100 不動產租賃業；H704031 不動產仲介經紀業；I102010 投資顧問業；I103060 管理顧問業,桃園市,變更,11507
90326669,想有行銷管理顧問有限公司,桃園市桃園區明德街13巷10號3樓,蔡晨睿,1000000,,115/07/23,申登機關變更（遷入，含卷）,I301020 資料處理服務業；I301030 電子資訊供應服務業；I401010 一般廣告服務業；F401010 國際貿易業；I501010 產品設計業；I199990 其他顧問服務業；J503010 廣播節目製作業；J503020 電視節目製作業；J503030 廣播電視節目發行業；J503040 廣播電視廣告業,桃園市,變更,11507
90326990,羚洋有限公司,桃園市觀音區廣興里中山路一段167號(1樓),鄭永安,300000,,115/07/23,公司所營事業變更修正章程,F114030 汽、機車零件配備批發業；F114040 自行車及其零件批發業；F114990 其他交通運輸工具及其零件批發業；F113110 電池批發業；F214030 汽、機車零件配備零售業；F214040 自行車及其零件零售業；F214990 其他交通運輸工具及其零件零售業；F213110 電池零售業；JE01010 租賃業；JA02020 機車修理業,桃園市,變更,11507
90328006,履飾國際有限公司,桃園市桃園區民有十三街25號（5樓）,呂美源,100000,,115/07/27,公司所在地,F204110 布疋、衣著、鞋、帽、傘、服飾品零售業；F205040 家具、寢具、廚房器具、裝設品零售業；F208040 化粧品零售業；F209060 文教、樂器、育樂用品零售業；F210020 眼鏡零售業；I199990 其他顧問服務業；I502010 服飾設計業；I599990 其他設計業；I501010 產品設計業；J303010 雜誌（期刊）出版業,桃園市,變更,11507
90328316,華岳電子股份有限公司,桃園市龜山區大坑里南上路350巷54號5樓,阮欽鏵,10000000,,115/07/24,一般補正案,CB01010 機械設備製造業；C805050 工業用塑膠製品製造業；CC01070 無線通信機械器材製造業；CC01080 電子零組件製造業；CC01060 有線通信機械器材製造業；CC01110 電腦及其週邊設備製造業；CB01020 事務機器製造業；E604010 機械安裝業；F113010 機械批發業；F113030 精密儀器批發業,桃園市,變更,11507
90328462,富能集科技有限公司,桃園市桃園區南門里南豐三街90巷7號,李姿瑢,5000000,,115/07/03,公司所在地,CC01010 發電、輸電、配電機械製造業；D101060 再生能源自用發電設備業；E601010 電器承裝業；E601020 電器安裝業；E604010 機械安裝業；E605010 電腦設備安裝業；E606010 用電設備檢驗維護業；EZ99990 其他工程業；F113110 電池批發業；F119010 電子材料批發業,桃園市,變更,11507
90328483,汎森有限公司,桃園市桃園區縣府路278號,榮柏銓,200000,,115/07/17,公司所在地,F401010 國際貿易業；F206020 日常用品零售業；F106020 日常用品批發業；F209060 文教、樂器、育樂用品零售業；F109070 文教、樂器、育樂用品批發業；F204110 布疋、衣著、鞋、帽、傘、服飾品零售業；F104110 布疋、衣著、鞋、帽、傘、服飾品批發業；F107030 清潔用品批發業；F207030 清潔用品零售業；I401010 一般廣告服務業,桃園市,變更,11507
90328625,安成環球國際股份有限公司,桃園市平鎮區清泉街36號,馮應傑,80300000,,115/07/20,增資(資本總額),G801010 倉儲業；IZ06010 理貨包裝業；G799990 其他運輸輔助業；F401010 國際貿易業；IZ12010 人力派遣業；ZZ99999 除許可業務外，得經營法令非禁止或限制之業務；H701010 住宅及大樓開發租售業；H701020 工業廠房開發租售業；H701050 投資興建公共建設業；H701060 新市鎮、新社區開發業,桃園市,變更,11507
90328792,天茴有限公司,桃園市蘆竹區宏竹里宏林街282號,戴佳綾,1800000,,115/07/27,公司所在地,F106020 日常用品批發業；F206020 日常用品零售業；F107190 塑膠膜、袋批發業；F207190 塑膠膜、袋零售業；F107030 清潔用品批發業；F207030 清潔用品零售業；F102170 食品什貨批發業；F203010 食品什貨、飲料零售業；F104110 布疋、衣著、鞋、帽、傘、服飾品批發業；F204110 布疋、衣著、鞋、帽、傘、服飾品零售業,桃園市,變更,11507
90328884,深澤工業有限公司,桃園市中壢區大華路197之1號2樓,林晏誼,2000000,,115/07/16,公司所在地,F106010 五金批發業；F113010 機械批發業；F113990 其他機械器具批發業；F401010 國際貿易業；ZZ99999 除許可業務外，得經營法令非禁止或限制之業務,桃園市,變更,11507
90331826,燕記有限公司,桃園市新屋區新生里中興北路111號(1樓),劉得斌,2000000,,115/07/13,改推董事/董事長,E604010 機械安裝業；F113010 機械批發業；CB01010 機械設備製造業；F213080 機械器具零售業；E599010 配管工程業；E601020 電器安裝業；IZ12010 人力派遣業；E901010 油漆工程業；E903010 防蝕、防銹工程業；E603040 消防安全設備安裝工程業,桃園市,變更,11507
90336272,同心光杏股份有限公司,桃園市楊梅區永美路339號(2樓),姜博文,8000000,,115/07/23,改選董事/監察人(一人法人股東指派董事/監察人),F102040 飲料批發業；F102170 食品什貨批發業；F102180 酒精批發業；F104110 布疋、衣著、鞋、帽、傘、服飾品批發業；F105050 家具、寢具、廚房器具、裝設品批發業；F106010 五金批發業；F106020 日常用品批發業；F107030 清潔用品批發業；F107080 環境用藥批發業；F108011 中藥批發業,桃園市,變更,11507
90336293,鴻琍生活館有限公司,桃園市中壢區實踐路150號1至4樓、中北路158號2樓,陳卓甫,11000000,,115/07/24,股東出資轉讓修正章程,A102060 糧商業；F102030 菸酒批發業；F102170 食品什貨批發業；F106010 五金批發業；F106020 日常用品批發業；F106050 陶瓷玻璃器皿批發業；F107190 塑膠膜、袋批發業；F201010 農產品零售業；F201020 畜產品零售業；F201030 水產品零售業,桃園市,變更,11507
90336462,互宇向量股份有限公司,桃園市蘆竹區內厝里4鄰安中街3巷10號,鍾宏彬,19851000,,115/07/21,公司所營事業變更修正章程,CC01080 電子零組件製造業；CC01990 其他電機及電子機械器材製造業；CE01010 一般儀器製造業；CE01030 光學儀器製造業；F401010 國際貿易業；F601010 智慧財產權業；I301010 資訊軟體服務業；I501010 產品設計業；IG02010 研究發展服務業；JE01010 租賃業,桃園市,變更,11507
90336483,天享顧問有限公司,桃園市中壢區興和里大圳路1段292號,林麗珠,70000000,,115/07/02,減少所營事業變更修正章程,I199990 其他顧問服務業；J799990 其他休閒服務業；J801010 高爾夫球場業；J801030 競技及休閒運動場館業；ZZ99999 除許可業務外，得經營法令非禁止或限制之業務,桃園市,變更,11507
90355256,贏冠實業有限公司,桃園市桃園區明德街13巷10號3樓,陳志忠,1000000,,115/07/23,申登機關變更（遷入，含卷）,IG01010 生物技術服務業；IG02010 研究發展服務業；F102040 飲料批發業；F102170 食品什貨批發業；F106020 日常用品批發業；F108040 化粧品批發業；F203010 食品什貨、飲料零售業；F206020 日常用品零售業；F208040 化粧品零售業；F299990 其他零售業,桃園市,變更,11507
90357584,宬亦有限公司,桃園市中壢區中央西路二段30號15樓之4,羅學芳,1000000,,115/07/31,公司所在地,F102050 茶葉批發業；F102040 飲料批發業；F102170 食品什貨批發業；F201010 農產品零售業；F203010 食品什貨、飲料零售業；F205040 家具、寢具、廚房器具、裝設品零售業；F206020 日常用品零售業；F399040 無店面零售業；F401010 國際貿易業；I401010 一般廣告服務業,桃園市,變更,11507
90367491,唯享空間設計有限公司,桃園市龜山區萬壽路一段161之2號3樓之4,劉吳謙,100000,,115/07/08,申登機關變更（遷入，含卷）,E599010 配管工程業；E603050 自動控制設備工程業；E603090 照明設備安裝工程業；E801010 室內裝潢業；E801020 門窗安裝工程業；E801030 室內輕鋼架工程業；E801040 玻璃安裝工程業；E801070 廚具、衛浴設備安裝工程業；E901010 油漆工程業；I401010 一般廣告服務業,桃園市,變更,11507
90369809,金春吉有限公司,桃園市桃園區延壽街121之10巷17號5樓之8,羅珮瑄,1000000,,115/07/02,股東出資轉讓修正章程,F207050 肥料零售業；F107050 肥料批發業；F401010 國際貿易業；F201010 農產品零售業；F108040 化粧品批發業；F208040 化粧品零售業；C801110 肥料製造業；IG01010 生物技術服務業；IG03010 能源技術服務業；J101030 廢棄物清除業,桃園市,變更,11507
90405116,津佑工程有限公司,桃園市八德區廣興三路100號13樓,蔡宜珊,3000000,,115/07/23,公司所在地,F111090 建材批發業；F114080 軌道車輛及其零件批發業；F120010 耐火材料批發業；F199010 回收物料批發業；F211010 建材零售業；F214080 軌道車輛及其零件零售業；F220010 耐火材料零售業；J101990 其他環境衛生及污染防治服務業；EZ13010 核子工程業；F401010 國際貿易業,桃園市,變更,11507
90427195,首波商社股份有限公司,桃園市中壢區永泰路117號2樓,林欣瑤,10700000,,115/07/02,改選董事/監察人(一人法人股東指派董事/監察人),E801010 室內裝潢業；F401010 國際貿易業；F208040 化粧品零售業；F108040 化粧品批發業；F102170 食品什貨批發業；F104110 布疋、衣著、鞋、帽、傘、服飾品批發業；F105050 家具、寢具、廚房器具、裝設品批發業；F106010 五金批發業；F106020 日常用品批發業；F107030 清潔用品批發業,桃園市,變更,11507
90427441,藝信股份有限公司,桃園市蘆竹區南崁里新南路1段125號地下一樓,伍穗華,12250000,,115/07/02,一般補正案,I101080 工、礦顧問業；I102010 投資顧問業；I103060 管理顧問業；I105010 藝術品諮詢顧問業；I199990 其他顧問服務業；I501010 產品設計業；I599990 其他設計業；IF04010 非破壞檢測業；F115020 礦石批發業；F199990 其他批發業,桃園市,變更,11507
90428390,角舍室內裝修設計工程有限公司,桃園市大園區青昇路一段132巷342之1號,周冠宏,1000000,,115/07/17,股東出資轉讓修正章程,E801060 室內裝修業；ZZ99999 除許可業務外，得經營法令非禁止或限制之業務,桃園市,變更,11507
90452335,青埔鵝莊股份有限公司,桃園市中壢區永能路312號,陳盛峯,21000000,,115/07/27,一般補正案,F501060 餐館業；F201020 畜產品零售業；F203010 食品什貨、飲料零售業；F203020 菸酒零售業；F501990 其他餐飲業；C103050 罐頭、冷凍、脫水及醃漬食品製造業；ZZ99999 除許可業務外，得經營法令非禁止或限制之業務,桃園市,變更,11507
90477413,原沅有限公司,桃園市中壢區新街里元化路226號10樓,彭予慧,50000,,115/07/03,一般補正案,F109070 文教、樂器、育樂用品批發業；F209060 文教、樂器、育樂用品零售業；F104110 布疋、衣著、鞋、帽、傘、服飾品批發業；F399040 無店面零售業；F204110 布疋、衣著、鞋、帽、傘、服飾品零售業；F206020 日常用品零售業；F106020 日常用品批發業；F105050 家具、寢具、廚房器具、裝設品批發業；F205040 家具、寢具、廚房器具、裝設品零售業；F102040 飲料批發業,桃園市,變更,11507
90478264,揚星國際有限公司,桃園市大溪區仁善里仁德七街48巷7號,徐翎恩,100000,,115/07/15,復業副本,F102030 菸酒批發業；F102040 飲料批發業；F102050 茶葉批發業；F102170 食品什貨批發業；F102180 酒精批發業；F103010 飼料批發業；F104110 布疋、衣著、鞋、帽、傘、服飾品批發業；F105050 家具、寢具、廚房器具、裝設品批發業；F106020 日常用品批發業；F106060 寵物食品及其用品批發業,桃園市,變更,11507
90485265,吉霖機械工程有限公司,桃園市楊梅區青山五街10巷8號12樓之1,謝瑞美,200000,,115/07/20,改推董事/董事長,CA01050 鋼材二次加工業；CB01010 機械設備製造業；F111090 建材批發業；F113010 機械批發業；F211010 建材零售業；F213080 機械器具零售業；F401010 國際貿易業；E599010 配管工程業；E603100 電焊工程業；E604010 機械安裝業,桃園市,變更,11507
90485618,天晴五金百貨有限公司,桃園市桃園區瑞慶里安慶街130號,林於鍾,2100000,,115/07/14,公司所營事業變更修正章程,F106010 五金批發業；F206010 五金零售業；F106020 日常用品批發業；F206020 日常用品零售業；F108031 醫療器材批發業；F208031 醫療器材零售業；F102040 飲料批發業；F102170 食品什貨批發業；F203010 食品什貨、飲料零售業；F107030 清潔用品批發業,桃園市,變更,11507
90486026,捷盛空調工程有限公司,桃園市楊梅區梅溪里三民北路90號2樓,鍾瑞珊,2000000,,115/07/15,股東出資轉讓修正章程,E601010 電器承裝業；E601020 電器安裝業；E603010 電纜安裝工程業；E603040 消防安全設備安裝工程業；E603090 照明設備安裝工程業；E599010 配管工程業；F106040 水器材料批發業；F113020 電器批發業；F117010 消防安全設備批發業；F401010 國際貿易業,桃園市,變更,11507
90493119,永佳捷科技股份有限公司,桃園市桃園區龍山里龍壽街195號,許作名,1306290680,,115/07/29,補繳規費,CB01010 機械設備製造業；F113010 機械批發業；E604010 機械安裝業；F401010 國際貿易業；CC01080 電子零組件製造業；CB01990 其他機械製造業；E701010 電信工程業；I301010 資訊軟體服務業；I301020 資料處理服務業；I301030 電子資訊供應服務業,桃園市,變更,11507
90509169,銳連有限公司,桃園市中壢區環北路400號2樓之2,林慈棋,5000000,,115/07/03,董事/股東地址變更,C802090 清潔用品製造業；F207030 清潔用品零售業；F107030 清潔用品批發業；C802100 化粧品製造業；F108040 化粧品批發業；F208040 化粧品零售業；F113020 電器批發業；F213010 電器零售業；F399040 無店面零售業；F401010 國際貿易業,桃園市,變更,11507
90509180,豐澤檢驗有限公司,桃園市蘆竹區內厝里2鄰長安路一段159巷23號,蕭祥麟,1800000,,115/07/27,減資,IZ07010 公證業；IZ09010 管理系統驗證業；J101050 環境檢測服務業；F211010 建材零售業；F111090 建材批發業；F113030 精密儀器批發業；CB01010 機械設備製造業；E604010 機械安裝業；F113010 機械批發業；F213080 機械器具零售業,桃園市,變更,11507
90535455,勎宇有限公司,桃園市大溪區中華路121巷21弄19號,蔣文華,3000000,,115/07/17,公司所在地,F102040 飲料批發業；F102170 食品什貨批發業；F102030 菸酒批發業；F101040 家畜家禽批發業；F101050 水產品批發業；F203010 食品什貨、飲料零售業；F203020 菸酒零售業；F201010 農產品零售業；F201020 畜產品零售業；F201030 水產品零售業,桃園市,變更,11507
90536383,伊茗有限公司,桃園市桃園區春日里19鄰向善街35號3樓,徐萱洛,5600000,,115/07/30,股東出資轉讓修正章程,F204110 布疋、衣著、鞋、帽、傘、服飾品零售業；F209060 文教、樂器、育樂用品零售業；F210020 眼鏡零售業；F205040 家具、寢具、廚房器具、裝設品零售業；F206010 五金零售業；F206020 日常用品零售業；F207030 清潔用品零售業；F208040 化粧品零售業；F210010 鐘錶零售業；F299990 其他零售業,桃園市,變更,11507
90536460,恆耀環保科技股份有限公司,桃園市蘆竹區長興路一段60號(1樓),沈啓峰,20000000,,115/07/09,董事/監察人持股變動報備,EZ05010 儀器、儀表安裝工程業；E599010 配管工程業；E603100 電焊工程業；E604010 機械安裝業；F113100 污染防治設備批發業；F106010 五金批發業；F113030 精密儀器批發業；F213080 機械器具零售業；F219010 電子材料零售業；J101010 建築物清潔服務業,桃園市,變更,11507
90537117,頎紘股份有限公司,桃園市桃園區中正路1080號29樓,戴偉倫,500000,,115/07/06,改選董事/監察人(一人法人股東指派董事/監察人),F401010 國際貿易業；I102010 一般投資顧問業；I301010 資訊軟體服務業；I301020 資料處理服務業；I301030 電子資訊供應服務業；F113050 電腦及事務性機器設備批發業；F213030 電腦及事務性機器設備零售業；E605010 電腦設備安裝業；JA02010 電器及電子產品修理業；E701010 電信工程業,桃園市,變更,11507
90541111,碩奕太綠能股份有限公司,桃園市中壢區高鐵站前西路一段268號2樓之5,黃振聲,20000000,,115/07/21,改選董事/監察人(一人法人股東指派董事/監察人),CB01010 機械設備製造業；CC01080 電子零組件製造業；CC01090 電池製造業；D101060 再生能源自用發電設備業；E601010 電器承裝業；F113110 電池批發業；F119010 電子材料批發業；F213110 電池零售業；F219010 電子材料零售業；F401010 國際貿易業,桃園市,變更,11507
90550173,曜隆能源股份有限公司,桃園市大園區中山北路218號,葉展豪,100100000,,115/07/20,一般補正案,CB01010 機械設備製造業；CC01010 發電、輸電、配電機械製造業；CC01080 電子零組件製造業；CC01090 電池製造業；CD01030 汽車及其零件製造業；CD01040 機車及其零件製造業；CD01050 自行車及其零件製造業；CD01990 其他運輸工具及其零件製造業；D101050 汽電共生業；D101060 再生能源自用發電設備業,桃園市,變更,11507
90552593,鴻福生活館有限公司,桃園市蘆竹區大竹里大新一街29、31、33、35號1樓、29號2樓,陳卓甫,11000000,,115/07/24,股東出資轉讓修正章程,F102030 菸酒批發業；F102040 飲料批發業；F102170 食品什貨批發業；F106010 五金批發業；F106020 日常用品批發業；F106050 陶瓷玻璃器皿批發業；F107190 塑膠膜、袋批發業；F108031 醫療器材批發業；F109070 文教、樂器、育樂用品批發業；F201010 農產品零售業,桃園市,變更,11507
90559287,日博設計有限公司,桃園市中壢區興南里延平路326號9樓,日仁言,1000000,,115/07/03,公司外文名稱登記修正章程,I301010 資訊軟體服務業；I301020 資料處理服務業；I301030 電子資訊供應服務業；F118010 資訊軟體批發業；F119010 電子材料批發業；F106020 日常用品批發業；F213030 電腦及事務性機器設備零售業；F209060 文教、樂器、育樂用品零售業；F218010 資訊軟體零售業；F219010 電子材料零售業,桃園市,變更,11507
90560209,鴻泰生活館有限公司,桃園市桃園區萬壽路三段155號,陳卓甫,11000000,,115/07/21,股東出資轉讓修正章程,A102060 糧商業；F102030 菸酒批發業；F102170 食品什貨批發業；F106010 五金批發業；F106020 日常用品批發業；F106050 陶瓷玻璃器皿批發業；F107190 塑膠膜、袋批發業；F108031 醫療器材批發業；F201010 農產品零售業；F201020 畜產品零售業,桃園市,變更,11507
90560284,亞院股份有限公司,桃園市蘆竹區新興里中興路105號(1樓),劉亞臻,54016000,,115/07/09,董事/監察人持股變動報備,H201010 一般投資業,桃園市,變更,11507
90560329,銓大國際有限公司,桃園市桃園區藝文里藝文一街86之3號12樓,蔡尚權,6000000,,115/07/08,增資,F114010 汽車批發業；F214010 汽車零售業；F114020 機車批發業；F214020 機車零售業；F114030 汽、機車零件配備批發業；F214030 汽、機車零件配備零售業；F114050 車胎批發業；F214050 車胎零售業；F114990 其他交通運輸工具及其零件批發業；F214990 其他交通運輸工具及其零件零售業,桃園市,變更,11507
90560377,千順實業有限公司,桃園市中壢區培英路318號,江長隆,50000,,115/07/06,公司所營事業變更修正章程,F106020 日常用品批發業；F106070 祭祀用品批發業；F107030 清潔用品批發業；F206020 日常用品零售業；F206060 祭祀用品零售業；F207030 清潔用品零售業；H703100 不動產租賃業；JE01010 租賃業；ZZ99999 除許可業務外，得經營法令非禁止或限制之業務；JZ99151 殯葬禮儀服務業,桃園市,變更,11507
90560545,禾林國際投資有限公司,桃園市桃園區同安里新埔六街77號3樓之1,吳瑞麒,38000000,,115/07/27,股東出資轉讓修正章程,H201010 一般投資業,桃園市,變更,11507
90562115,廣泰環境科技有限公司,桃園市龍潭區八德里梅龍二街45號,蘇梅萍,2500000,,115/07/13,增資,CB01030 污染防治設備製造業；E603050 自動控制設備工程業；EZ05010 儀器、儀表安裝工程業；F113030 精密儀器批發業；F113100 污染防治設備批發業；F213040 精密儀器零售業；F213100 污染防治設備零售業；F401010 國際貿易業；F601010 智慧財產權業；I103060 管理顧問業,桃園市,變更,11507
90562136,軍師幫知識顧問有限公司,桃園市桃園區中山路1000之5號1樓之5,王季璇,1200000,,115/07/01,增資,I103060 管理顧問業；J202010 產業育成業；J304010 圖書出版業；J399010 軟體出版業；J305010 有聲出版業；J399990 其他出版業；I501010 產品設計業；J601010 藝文服務業；H201010 一般投資業；I301020 資料處理服務業,桃園市,變更,11507
90562810,璟城建設股份有限公司,桃園市中壢區新街里延平路308巷4弄8號,吳貴平,50000000,,115/07/20,董事/監察人持股變動報備,H701050 投資興建公共建設業；H701010 住宅及大樓開發租售業；H701020 工業廠房開發租售業；H701060 新市鎮、新社區開發業；H701070 區段徵收及市地重劃代辦業；H701090 都市更新整建維護業；H702010 建築經理業；H703090 不動產買賣業；H703100 不動產租賃業；H703110 老人住宅業,桃園市,變更,11507
90563043,彼威曼廣告有限公司,桃園市桃園區明德里中正路1223號13樓,黃少齊,1000000,,115/07/13,股東出資轉讓修正章程,I401010 一般廣告服務業；JZ99030 攝影業；I401020 廣告傳單分送業；I501010 產品設計業；I503010 景觀設計業；I599990 其他設計業；I301010 資訊軟體服務業；I301020 資料處理服務業；I301030 電子資訊供應服務業；I103060 管理顧問業,桃園市,變更,11507
90563796,森嶸電子股份有限公司,桃園市楊梅區中山北路一段199巷19號3樓,林正隆,128000000,,115/07/14,一般補正案,CB01010 機械設備製造業；CC01010 發電、輸電、配電機械製造業；CC01040 照明設備製造業；CC01080 電子零組件製造業；CC01120 資料儲存媒體製造及複製業；F113030 精密儀器批發業；F118010 資訊軟體批發業；F119010 電子材料批發業；F213040 精密儀器零售業；F218010 資訊軟體零售業,桃園市,變更,11507
90566359,暮野文化整合有限公司,桃園市平鎮區新榮里新德街191巷14號（1樓）,盧怡文,2000000,,115/07/01,一般補正案,F109070 文教、樂器、育樂用品批發業；J399990 其他出版業；I199990 其他顧問服務業；I401010 一般廣告服務業；I501010 產品設計業；I599990 其他設計業；IZ12010 人力派遣業；J202010 產業育成業；J601010 藝文服務業；J602010 演藝活動業,桃園市,變更,11507
90567110,遠丰實業股份有限公司,桃園市中壢區青峰路一段49號5樓,黃子容,3000000,,115/07/23,公司所在地,ZZ99999 除許可業務外，得經營法令非禁止或限制之業務；F102170 食品什貨批發業；F108040 化粧品批發業；F203010 食品什貨、飲料零售業；F208040 化粧品零售業；F401010 國際貿易業；I103060 管理顧問業；I199990 其他顧問服務業；I301010 資訊軟體服務業；I301030 電子資訊供應服務業,桃園市,變更,11507
90575759,宣虹有限公司,桃園市龜山區大華里忠義路2段358之6號,何雅宣,500000,,115/07/30,一般補正案,CA03010 熱處理業；CA04010 表面處理業；F106010 五金批發業；F107010 漆料、塗料批發業；C801010 基本化學工業；CB01010 機械設備製造業；CE01030 光學儀器製造業；F113010 機械批發業；F113030 精密儀器批發業；F107200 化學原料批發業,桃園市,變更,11507
90626005,營加顧問有限公司,桃園市中壢區龍東十街30號2樓,詹子聖,100000,,115/07/21,一般補正案,I401010 一般廣告服務業；I103060 管理顧問業；I199990 其他顧問服務業；ZZ99999 除許可業務外，得經營法令非禁止或限制之業務,桃園市,變更,11507
90626080,豐義不動產有限公司,桃園市蘆竹區興榮里洛陽街50號,林慧佳,1000000,,115/07/21,股東出資轉讓修正章程,H704031 不動產仲介經紀業；H704041 不動產代銷經紀業；H701010 住宅及大樓開發租售業；H701020 工業廠房開發租售業；H703090 不動產買賣業；H703100 不動產租賃業；I102010 投資顧問業；I103060 管理顧問業；I301010 資訊軟體服務業；I301020 資料處理服務業,桃園市,變更,11507
90638993,合祥智慧科技有限公司,桃園市平鎮區福林里東豐路32號(2樓),謝泳興,10000000,,115/07/24,一般補正案,F106010 五金批發業；F113010 機械批發業；F113020 電器批發業；F113030 精密儀器批發業；F113050 電腦及事務性機器設備批發業；F113060 度量衡器批發業；F113070 電信器材批發業；F113090 交通標誌器材批發業；F113990 其他機械器具批發業；F116010 照相器材批發業,桃園市,變更,11507
90668975,惠永企業股份有限公司,桃園市龜山區文禾路289號九樓,許煥杰,15000000,,115/07/29,一般補正案,H201010 一般投資業,桃園市,變更,11507
90681506,鼎宏事業有限公司,桃園市楊梅區楊明里新農街660號13樓,張軒睿,1000000,,115/07/20,公司所營事業變更修正章程,F106010 五金批發業；F203010 食品什貨、飲料零售業；F401010 國際貿易業；G801010 倉儲業；IZ06010 理貨包裝業；IZ12010 人力派遣業；IZ99990 其他工商服務業；J101010 建築物清潔服務業；J101990 其他環境衛生及污染防治服務業；JZ99990 未分類其他服務業,桃園市,變更,11507
90689508,廣承建設股份有限公司,桃園市龜山區南上里民生北路1段522號九樓之1,張仙憶,11000000,,115/07/09,改選董事/監察人(一人法人股東指派董事/監察人),H201010 一般投資業；H701010 住宅及大樓開發租售業；H701020 工業廠房開發租售業；H701040 特定專業區開發業；H701050 投資興建公共建設業；H701060 新市鎮、新社區開發業；H701070 區段徵收及市地重劃代辦業；H701080 都市更新重建業；H701090 都市更新整建維護業；H703090 不動產買賣業,桃園市,變更,11507
90738629,盈森科技有限公司,桃園市平鎮區新勢里中豐路1號(3樓),黃正昌,50000,,115/07/16,公司所在地,I103060 管理顧問業；I301010 資訊軟體服務業；I301020 資料處理服務業；I301030 電子資訊供應服務業；F118010 資訊軟體批發業；F113050 電腦及事務性機器設備批發業；F203010 食品什貨、飲料零售業；F213030 電腦及事務性機器設備零售業；IZ99990 其他工商服務業；F218010 資訊軟體零售業,桃園市,變更,11507
90740456,怡德洋行有限公司,桃園市桃園區龍鳳里國豐七街28號5樓,謝秀珠,65000000,,115/07/27,負責人印鑑變更,H201010 一般投資業；H703090 不動產買賣業；H703100 不動產租賃業；I102010 投資顧問業；I103060 管理顧問業；ZZ99999 除許可業務外，得經營法令非禁止或限制之業務,桃園市,變更,11507
90756359,楷淯科技環保有限公司,桃園市中壢區明德里24鄰環中東路二段406號2樓,施雨靈,15000000,,115/07/21,增資,J101030 廢棄物清除業；J101040 廢棄物處理業；J101050 環境檢測服務業；J101010 建築物清潔服務業；J101080 資源回收業；J101090 廢棄物清理業；J101060 廢（污）水處理業；B601010 土石採取業；J101990 其他環境衛生及污染防治服務業；F199010 回收物料批發業,桃園市,變更,11507
90756787,辰安國際商業有限公司,桃園市大園區田心里國際路一段7號,張哲維,200000,,115/07/24,公司所在地,F104110 布疋、衣著、鞋、帽、傘、服飾品批發業；F105050 家具、寢具、廚房器具、裝設品批發業；F106010 五金批發業；F106020 日常用品批發業；F106040 水器材料批發業；F106050 陶瓷玻璃器皿批發業；F108040 化粧品批發業；F109070 文教、樂器、育樂用品批發業；F204110 布疋、衣著、鞋、帽、傘、服飾品零售業；F205040 家具、寢具、廚房器具、裝設品零售業,桃園市,變更,11507
90757765,御泝室內裝修水電有限公司,桃園市大園區田心里新興路12號,黃自南,500000,,115/07/23,公司所在地,E599010 配管工程業；E601020 電器安裝業；E603040 消防安全設備安裝工程業；E603050 自動控制設備工程業；E603090 照明設備安裝工程業；E603100 電焊工程業；E801020 門窗安裝工程業；E801060 室內裝修業；E801070 廚具、衛浴設備安裝工程業；E901010 油漆工程業,桃園市,變更,11507
90759124,德儀國際有限公司,桃園市中壢區長安街70號(5樓),黃俊德,7000000,,115/07/02,增資,F113050 電腦及事務性機器設備批發業；F118010 資訊軟體批發業；F119010 電子材料批發業；F206010 五金零售業；F213030 電腦及事務性機器設備零售業；F218010 資訊軟體零售業；F219010 電子材料零售業；F401010 國際貿易業；F399040 無店面零售業；ZZ99999 除許可業務外，得經營法令非禁止或限制之業務,桃園市,變更,11507
90759497,鴻苼工程有限公司,桃園市八德區大宏里公園路142號8樓,李宇桐,5000000,,115/07/20,改推董事/董事長,E603020 電梯安裝工程業；E603050 自動控制設備工程業；E604010 機械安裝業；EZ02010 起重工程業；F401010 國際貿易業；F113990 其他機械器具批發業；JE01010 租賃業；CA02010 金屬結構及建築組件製造業；CA02990 其他金屬製品製造業；CB01990 其他機械製造業,桃園市,變更,11507
90780490,貝昇資本股份有限公司,桃園市龜山區幸美七街48號2樓,李祥薇,2000000,,115/07/08,公司所營事業變更修正章程,H201010 一般投資業；H703090 不動產買賣業；H703100 不動產租賃業；I102010 投資顧問業；I103060 管理顧問業；F203010 食品什貨、飲料零售業；F206020 日常用品零售業；F207030 清潔用品零售業；F401010 國際貿易業；I199990 其他顧問服務業,桃園市,變更,11507
90790292,慧茂有限公司,桃園市蘆竹區大竹里大興十一街102號(1樓),徐慧茹,2500000,,115/07/24,股東出資轉讓修正章程,F108040 化粧品批發業；F109070 文教、樂器、育樂用品批發業；F208040 化粧品零售業；F209060 文教、樂器、育樂用品零售業；F501060 餐館業；H201010 一般投資業；H703090 不動產買賣業；H703100 不動產租賃業；J801030 競技及休閒運動場館業；JA03010 洗衣業,桃園市,變更,11507
90794234,康傑人力資源有限公司,桃園市桃園區介壽路495巷79號9樓,劉柔均,500000,,115/07/06,公司所在地,IZ06010 理貨包裝業；IZ12010 人力派遣業；JZ99050 仲介服務業；ZZ99999 除許可業務外，得經營法令非禁止或限制之業務,桃園市,變更,11507
90816292,鴻宇光訊股份有限公司,桃園市中壢區南園二路8之3號,屠德威,400200000,,115/07/03,一般補正案,CB01010 機械設備製造業；CC01080 電子零組件製造業；F119010 電子材料批發業；F219010 電子材料零售業；CE01030 光學儀器製造業；CQ01010 模具製造業；F113030 精密儀器批發業；F401010 國際貿易業；I501010 產品設計業；I102010 投資顧問業,桃園市,變更,11507
90823694,兆科榮股份有限公司,桃園市龍潭區百年里百年五街3號1樓,趙子辰,500000,,115/07/20,申登機關變更（遷入，含卷）,F119010 電子材料批發業；F118010 資訊軟體批發業；F114030 汽、機車零件配備批發業；F113050 電腦及事務性機器設備批發業；F113020 電器批發業；F113010 機械批發業；F108040 化粧品批發業；F107190 塑膠膜、袋批發業；F106010 五金批發業；F104110 布疋、衣著、鞋、帽、傘、服飾品批發業,桃園市,變更,11507
90840568,黑密有限公司,桃園市八德區大義里31鄰介壽路一段719巷2號,李國熹,6000000,,115/07/23,一般補正案,F104110 布疋、衣著、鞋、帽、傘、服飾品批發業；F204110 布疋、衣著、鞋、帽、傘、服飾品零售業；F399040 無店面零售業；F401010 國際貿易業；F501030 飲料店業；F203010 食品什貨、飲料零售業；F205040 家具、寢具、廚房器具、裝設品零售業；F206020 日常用品零售業,桃園市,變更,11507
91016190,國創半導體股份有限公司,桃園市八德區和平路1125巷88號,陳泰銘,3400000000,,115/07/24,改選董事/監察人(一人法人股東指派董事/監察人),CB01010 機械設備製造業；CC01080 電子零組件製造業；F113070 電信器材批發業；F118010 資訊軟體批發業；F119010 電子材料批發業；F213060 電信器材零售業；F218010 資訊軟體零售業；F219010 電子材料零售業；F401010 國際貿易業；F601010 智慧財產權業,桃園市,變更,11507
91021406,大溪賴祖傳豆花有限公司,桃園市大溪區仁和里仁和路一段61號（1樓）,賴勝雄,4500000,,115/07/09,一般補正案,F102170 食品什貨批發業；F203010 食品什貨、飲料零售業；F401010 國際貿易業；F399040 無店面零售業；F501030 飲料店業；ZZ99999 除許可業務外，得經營法令非禁止或限制之業務,桃園市,變更,11507
91021594,鼎宜營造股份有限公司,桃園市桃園區成功里中央街25巷14號(1樓),曾錫林,6000000,,115/07/09,增資(資本總額),E101011 綜合營造業；E599010 配管工程業；E801010 室內裝潢業；E801020 門窗安裝工程業；E801030 室內輕鋼架工程業；E801070 廚具、衛浴設備安裝工程業；E901010 油漆工程業；EZ05010 儀器、儀表安裝工程業；EZ07010 鑽孔工程業；EZ99990 其他工程業,桃園市,變更,11507
91026747,安滕室內裝修有限公司,桃園市大溪區一德里勝利街43號6樓,鄭永滕,1300000,,115/07/13,一般補正案,E599010 配管工程業；E601020 電器安裝業；E601010 電器承裝業；E801010 室內裝潢業；E801030 室內輕鋼架工程業；E801040 玻璃安裝工程業；E801060 室內裝修業；E801070 廚具、衛浴設備安裝工程業；E901010 油漆工程業；EZ14010 運動場地用設備工程業,桃園市,變更,11507
91026789,承品汽材貿易有限公司,桃園市新屋區後庄里後庄二路705巷15號,姜祐承,1000000,,115/07/24,公司所營事業變更修正章程,F106010 五金批發業；F113110 電池批發業；F114010 汽車批發業；F114020 機車批發業；F114030 汽、機車零件配備批發業；F114050 車胎批發業；F114990 其他交通運輸工具及其零件批發業；F119010 電子材料批發業；F206010 五金零售業；F213110 電池零售業,桃園市,變更,11507
91028512,潤洋建設有限公司,桃園市觀音區大觀路2段112號(1樓),簡峻程,10000000,,115/07/30,董事/股東更名,H701010 住宅及大樓開發租售業；E801010 室內裝潢業；I503010 景觀、室內設計業；H701050 投資興建公共建設業；H701060 新市鎮、新社區開發業；H701070 區段徵收及市地重劃代辦業；H703090 不動產買賣業；H703100 不動產租賃業；F111090 建材批發業；ZZ99999 除許可業務外，得經營法令非禁止或限制之業務,桃園市,變更,11507
91033418,滙新開發建設有限公司,桃園市中壢區中北路二段446號2樓,孫維新,10000000,,115/07/09,一般補正案,H701010 住宅及大樓開發租售業；H701020 工業廠房開發租售業；H701050 投資興建公共建設業；H701060 新市鎮、新社區開發業；H701070 區段徵收及市地重劃代辦業；H701090 都市更新整建維護業；H703090 不動產買賣業；H703100 不動產租賃業；F105050 家具、寢具、廚房器具、裝設品批發業；F111090 建材批發業,桃園市,變更,11507
91035507,捷恩科設計工程股份有限公司,桃園市蘆竹區中興一街75號(4樓),李其芮,15000000,,115/07/24,董事/監察人持股變動報備,CA02010 金屬結構及建築組件製造業；CC01080 電子零組件製造業；CC01040 照明設備製造業；E603050 自動控制設備工程業；E801020 門窗安裝工程業；E603090 照明設備安裝工程業；E599010 配管工程業；E601020 電器安裝業；E601010 電器承裝業；F111090 建材批發業,桃園市,變更,11507
91052250,美商居璞娜斯國際有限公司,桃園市桃園區三元里民有六街111號2樓,汪璐,0,,115/07/09,辦事處廢止登記,,桃園市,變更,11507
91067697,峰漾影像工廠有限公司,桃園市龜山區文化里文化一路86之29號2樓,王書成,2000000,,115/07/13,申登機關變更（遷入，含卷）,C701010 印刷業；C703010 印刷品裝訂及加工業；C702010 製版業；I401010 一般廣告服務業；I501010 產品設計業；JB01010 會議及展覽服務業；IZ01010 影印業；IZ02010 打字業；IZ10010 排版業；E605010 電腦設備安裝業,桃園市,變更,11507
91069787,奇心網路有限公司,桃園市桃園區幸福路77之1號(4樓),黃中奇,500000,,115/07/24,一般補正案,F102170 食品什貨批發業；F104110 布疋、衣著、鞋、帽、傘、服飾品批發業；F115010 首飾及貴金屬批發業；F399040 無店面零售業；F399990 其他綜合零售業；F401010 國際貿易業；F113070 電信器材批發業；F213060 電信器材零售業；F299990 其他零售業；IE01010 電信業務門號代辦業,桃園市,變更,11507
91071003,和品有限公司,桃園市平鎮區華安里平東路282巷86號,廖俊智,2000000,,115/07/21,股東出資轉讓修正章程,F104110 布疋、衣著、鞋、帽、傘、服飾品批發業；F106020 日常用品批發業；F107030 清潔用品批發業；F108040 化粧品批發業；F109070 文教、樂器、育樂用品批發業；F115010 首飾及貴金屬批發業；F102040 飲料批發業；F102170 食品什貨批發業；F204110 布疋、衣著、鞋、帽、傘、服飾品零售業；F206020 日常用品零售業,桃園市,變更,11507
91089257,信毅實業有限公司,桃園市桃園區經國路9號7樓之1,詹佳峰,3000000,,115/07/20,申登機關變更（遷入，含卷）,G799990 其他運輸輔助業；E599010 配管工程業；E601010 電器承裝業；E601020 電器安裝業；E603040 消防安全設備安裝工程業；E603050 自動控制設備工程業；E603100 電焊工程業；E603120 噴砂工程業；E604010 機械安裝業；E607010 太陽熱能設備安裝工程業,桃園市,變更,11507
91107874,車輔科技有限公司,桃園市桃園區龍鳳里龍鳳三街65巷8號7樓,周欣杰,10000000,,115/07/21,股東出資轉讓修正章程,E601010 電器承裝業；E603050 自動控制設備工程業；E604010 機械安裝業；F113010 機械批發業；F113020 電器批發業；F113030 精密儀器批發業；F113990 其他機械器具批發業；F106010 五金批發業；F119010 電子材料批發業；F401010 國際貿易業,桃園市,變更,11507
91111743,鴻儀生活館有限公司,桃園市桃園區大業路二段57號、民富十七街1號,陳卓甫,11000000,,115/07/24,股東出資轉讓修正章程,A102060 糧商業；F102030 菸酒批發業；F102170 食品什貨批發業；F106010 五金批發業；F106020 日常用品批發業；F106050 陶瓷玻璃器皿批發業；F107190 塑膠膜、袋批發業；F108031 醫療器材批發業；F201010 農產品零售業；F201020 畜產品零售業,桃園市,變更,11507
91112601,偉軒營造有限公司,桃園市平鎮區復旦里文化街26號五樓之1,史偉吟,5000000,,115/07/23,增資,E101011 綜合營造業；E599010 配管工程業；E601020 電器安裝業；E603040 消防安全設備安裝工程業；E603130 燃氣熱水器承裝業；E801010 室內裝潢業；E801070 廚具、衛浴設備安裝工程業；E903010 防蝕、防銹工程業；F107010 漆料、塗料批發業；F111090 建材批發業,桃園市,變更,11507
91119371,光欣願景建設股份有限公司,桃園市桃園區南豐一街7號二樓,鄭嘉斌,20000000,,115/07/29,公司所在地,H701010 住宅及大樓開發租售業；H701020 工業廠房開發租售業；H701040 特定專業區開發業；H701050 投資興建公共建設業；H701060 新市鎮、新社區開發業；H701070 區段徵收及市地重劃代辦業；H701080 都市更新重建業；H701090 都市更新整建維護業；H702010 建築經理業；H703090 不動產買賣業,桃園市,變更,11507
92604837,鳴詮實業股份有限公司,桃園市桃園區大興西路二段63號11樓,曾奕升,10000000,,115/07/03,一般補正案,E801010 室內裝潢業；E801020 門窗安裝工程業；E801030 室內輕鋼架工程業；E801040 玻璃安裝工程業；E801070 廚具、衛浴設備安裝工程業；E901010 油漆工程業；E903010 防蝕、防銹工程業；EZ99990 其他工程業；IZ12010 人力派遣業；ZZ99999 除許可業務外，得經營法令非禁止或限制之業務,桃園市,變更,11507
92605049,國聖藥品有限公司,桃園市八德區大興里指玄街288巷22號3樓,江長暉,1000000,,115/07/17,公司所在地,F208021 西藥零售業；F208031 醫療器材零售業；F208040 化粧品零售業；F207030 清潔用品零售業；F203030 酒精零售業；F108021 西藥批發業；F108031 醫療器材批發業；F108040 化粧品批發業；F107030 清潔用品批發業；F102170 食品什貨批發業,桃園市,變更,11507
92606053,冠德豐國際有限公司,桃園市桃園區正光路423之8號5樓,林秀芬,6000000,,115/07/01,董事/股東證照變更,I105010 藝術品諮詢顧問業；JZ99050 仲介服務業；J601010 藝文服務業；F199990 其他批發業；F111090 建材批發業；F401010 國際貿易業,桃園市,變更,11507
93487908,南揚燈光音響有限公司,桃園市中壢區延平路500號10樓之3,林志達,3505000,,115/07/29,增資,F113020 電器批發業；F213010 電器零售業；F106010 五金批發業；F206010 五金零售業；F219010 電子材料零售業；F401010 國際貿易業；E603090 照明設備安裝工程業；JZ99090 喜慶綜合服務業；J602010 演藝活動業；J601010 藝文服務業,桃園市,變更,11507
93488343,永暘光學股份有限公司,桃園市平鎮區工業三路5號,謝明凱,230000000,,115/07/06,改選董事/監察人(一人法人股東指派董事/監察人),F108031 醫療器材批發業；F208031 醫療器材零售業；CF01011 醫療器材製造業；F210020 眼鏡零售業；F110020 眼鏡批發業；CE01030 光學儀器製造業；CE01010 一般儀器製造業；CC01040 照明設備製造業；F113030 精密儀器批發業；F213040 精密儀器零售業,桃園市,變更,11507
93488913,鑫膳有限公司,桃園市平鎮區新英里新富街166號七樓,黃思齊,2000000,,115/07/21,公司所在地,F501990 其他餐飲業；C199030 即食餐食製造業；C104020 烘焙炊蒸食品製造業；IZ16010 餐具清洗業；F101990 其他農、畜、水產品批發業；F102170 食品什貨批發業；F121010 食品添加物批發業；I101090 食品顧問業；F101040 家畜家禽批發業；F101050 水產品批發業,桃園市,變更,11507
93488934,柒伍國際股份有限公司,桃園市桃園區經國一路75號,莊鎮圩,10000000,,115/07/21,一般補正案,F101990 其他農、畜、水產品批發業；F102030 菸酒批發業；F102040 飲料批發業；F102050 茶葉批發業；F102170 食品什貨批發業；F105050 家具、寢具、廚房器具、裝設品批發業；F106020 日常用品批發業；F201010 農產品零售業；F201990 其他農畜水產品零售業；F203010 食品什貨、飲料零售業,桃園市,變更,11507
93489130,魚飛開發投資有限公司,桃園市龍潭區大平里民治路126號二樓之18,黃俊庭,2000000,,115/07/20,一般補正案,H201010 一般投資業；JE01010 租賃業；H703090 不動產買賣業；H703100 不動產租賃業；ZZ99999 除許可業務外，得經營法令非禁止或限制之業務；F501030 飲料店業；F501060 餐館業；F501990 其他餐飲業；F399040 無店面零售業；JZ99120 一般浴室業,桃園市,變更,11507
93504809,昇太壹能源有限公司,桃園市觀音區草新里新生路1555號(2樓),劉康煒,10000000,,115/07/03,增資,F106010 五金批發業；F206010 五金零售業；F113010 機械批發業；F213080 機械器具零售業；F113030 精密儀器批發業；F213040 精密儀器零售業；F113070 電信器材批發業；F213060 電信器材零售業；F113020 電器批發業；F213010 電器零售業,桃園市,變更,11507
93505188,資元興業股份有限公司,桃園市桃園區同德十一街58號11樓之2,許雅茹,5600000,,115/07/27,公司所在地,H201010 一般投資業,桃園市,變更,11507
93505413,央定有限公司,桃園市桃園區北埔里莊敬路2段62號(1樓),彭定緯,1000000,,115/07/01,公司所在地,F207190 塑膠膜、袋零售業；F399040 無店面零售業；F204110 布疋、衣著、鞋、帽、傘、服飾品零售業；ZZ99999 除許可業務外，得經營法令非禁止或限制之業務；C701010 印刷業；I401010 一般廣告服務業；I501010 產品設計業；I599990 其他設計業；I301010 資訊軟體服務業；I301030 電子資訊供應服務業,桃園市,變更,11507
93506840,方圓興園藝景觀股份有限公司,桃園市平鎮區廣仁里大昌路55巷16號5樓,柯淑華,500000,,115/07/13,一般補正案,A101050 花卉栽培業；A102050 作物栽培服務業；A102080 園藝服務業；I503010 景觀設計業；I504010 花藝設計業；I599990 其他設計業；J101020 病媒防治業；J101030 廢棄物清除業；J101040 廢棄物處理業；ZZ99999 除許可業務外，得經營法令非禁止或限制之業務,桃園市,變更,11507
93506969,樂鐵股份有限公司,桃園市蘆竹區海山東街41號(3樓),洪立人,16800000,,115/07/23,一般補正案,F113010 機械批發業；F113020 電器批發業；F113030 精密儀器批發業；F119010 電子材料批發業；F113990 其他機械器具批發業；F106010 五金批發業；F106030 模具批發業；F107010 漆料、塗料批發業；F107190 塑膠膜、袋批發業；F111090 建材批發業,桃園市,變更,11507
93524903,吉昇合國際餐飲有限公司,桃園市桃園區中正路1092號25樓,郭玟瓘,3250000,,115/07/16,公司所在地,F102170 食品什貨批發業；F501060 餐館業；F501990 其他餐飲業；F203010 食品什貨、飲料零售業；F401010 國際貿易業；F113050 電腦及事務性機器設備批發業；F601010 智慧財產權業；I101090 食品顧問業；I401010 一般廣告服務業；IZ99990 其他工商服務業,桃園市,變更,11507
93524919,博佑健康股份有限公司,桃園市桃園區永安路445號,陳諺弘,4000000,,115/07/03,一般補正案,J202010 產業育成業；IZ12010 人力派遣業；I103060 管理顧問業；I199990 其他顧問服務業；F206010 五金零售業；F206020 日常用品零售業；F209060 文教、樂器、育樂用品零售業；JH01011 居家式服務業；ZZ99999 除許可業務外，得經營法令非禁止或限制之業務,桃園市,變更,11507
93533207,旭談亞洲控股有限公司,桃園市大園區高鐵南路一段50號十四樓之8,黃文宏,500000,,115/07/22,董事/股東證照變更,H201010 一般投資業；H202010 創業投資業；ZZ99999 除許可業務外，得經營法令非禁止或限制之業務,桃園市,變更,11507
93533240,國新建材實業股份有限公司,桃園市八德區興豐路2355號,許銘利,70000000,,115/07/17,改選董事/監察人(一人法人股東指派董事/監察人),F111090 建材批發業；F120010 耐火材料批發業；F211010 建材零售業；F220010 耐火材料零售業；F299990 其他零售業；F105050 家具、寢具、廚房器具、裝設品批發業；F205040 家具、寢具、廚房器具、裝設品零售業；F401010 國際貿易業；E801010 室內裝潢業；H201010 一般投資業,桃園市,變更,11507
93533305,啓航世界股份有限公司,桃園市桃園區同德十一街58號11樓之2,陳毅航,22342120,,115/07/21,公司所在地,H201010 一般投資業,桃園市,變更,11507
93533473,八角店實業股份有限公司,桃園市桃園區同德十一街58號11樓之2,陳啓昌,20060950,,115/07/21,公司所在地,H201010 一般投資業,桃園市,變更,11507
93533847,得勝實業股份有限公司,桃園市桃園區同德十一街58號11樓之2,陳林雋,17917450,,115/07/27,公司所在地,H201010 一般投資業,桃園市,變更,11507
93534016,明日股份有限公司,桃園市桃園區同德十一街58號11樓之2,陳涵菁,22701300,,115/07/23,公司所在地,H201010 一般投資業,桃園市,變更,11507
93534141,莯子有限公司,桃園市桃園區汴洲里幸福路206號9樓,莊子孟,100000,,115/07/07,公司所在地,F399040 無店面零售業；F204110 布疋、衣著、鞋、帽、傘、服飾品零售業；F104110 布疋、衣著、鞋、帽、傘、服飾品批發業；F401010 國際貿易業；ZZ99999 除許可業務外，得經營法令非禁止或限制之業務,桃園市,變更,11507
93538370,睿鼎建設有限公司,桃園市八德區福興里建國路133巷1弄11號8樓,張彩楹,1000000,,115/07/13,一般補正案,H701010 住宅及大樓開發租售業；H703100 不動產租賃業；H703090 不動產買賣業；I503010 景觀、室內設計業；F106010 五金批發業；F106040 水器材料批發業；F111090 建材批發業；F206010 五金零售業；F206040 水器材料零售業；F211010 建材零售業,桃園市,變更,11507
93551507,天智國際租賃有限公司,桃園市龍潭區龍華路369號（1樓）,賴韋智,10000000,,115/07/02,申登機關變更（遷入，含卷）,G101041 小客車租賃業；G202010 停車場經營業；F114010 汽車批發業；F114030 汽、機車零件配備批發業；F114050 車胎批發業；F114990 其他交通運輸工具及其零件批發業；F214010 汽車零售業；F214030 汽、機車零件配備零售業；F214050 車胎零售業；F214990 其他交通運輸工具及其零件零售業,桃園市,變更,11507
93553998,定宏有限公司,桃園市觀音區草新里四維路39號,陳宏昇,255000,,115/07/24,公司所在地,I301020 資料處理服務業；I199990 其他顧問服務業；F401010 國際貿易業；H703090 不動產買賣業；H703100 不動產租賃業；IZ12010 人力派遣業；IZ06010 理貨包裝業；G801010 倉儲業；ZZ99999 除許可業務外，得經營法令非禁止或限制之業務,桃園市,變更,11507
93555308,晟曜實業有限公司,桃園市中壢區青航里青峰路一段39號9樓,鍾晉崴,1000000,,115/07/27,公司所在地,F208040 化粧品零售業；F108040 化粧品批發業；F204110 布疋、衣著、鞋、帽、傘、服飾品零售業；F104110 布疋、衣著、鞋、帽、傘、服飾品批發業；F205040 家具、寢具、廚房器具、裝設品零售業；F105050 家具、寢具、廚房器具、裝設品批發業；F203010 食品什貨、飲料零售業；F102170 食品什貨批發業；F102040 飲料批發業；F113020 電器批發業,桃園市,變更,11507
93555573,創測認證服務有限公司,桃園市桃園區三元街241巷27號2樓,葉孝義,5000000,,115/07/22,公司所營事業變更修正章程,F113020 電器批發業；F113030 精密儀器批發業；F113050 電腦及事務性機器設備批發業；F113070 電信器材批發業；F119010 電子材料批發業；F213030 電腦及事務性機器設備零售業；F213040 精密儀器零售業；F213060 電信器材零售業；F219010 電子材料零售業；F401010 國際貿易業,桃園市,變更,11507
93563898,新濠租賃有限公司,桃園市大園區環區西路563號4樓之1,曹子駿,12000000,,115/07/15,增資,G101041 小客車租賃業；IZ12010 人力派遣業；JE01010 租賃業；I301020 資料處理服務業；I401010 一般廣告服務業；IZ99990 其他工商服務業；J799990 其他休閒服務業；JZ99050 仲介服務業；JZ99090 喜慶綜合服務業；F114010 汽車批發業,桃園市,變更,11507
93564030,酷創客科技有限公司,桃園市桃園區龍祥里龍泉六街２巷138號（1樓）,吳俊傑,3500000,,115/07/30,增資,F113010 機械批發業；F203010 食品什貨、飲料零售業；F102040 飲料批發業；F102050 茶葉批發業；F102170 食品什貨批發業；F106020 日常用品批發業；F107030 清潔用品批發業；F107190 塑膠膜、袋批發業；F113020 電器批發業；F201010 農產品零售業,桃園市,變更,11507
93573853,建達室內裝修工程有限公司,桃園市中壢區華安路26號（1樓）,邱智謙,5005000,,115/07/16,股東出資轉讓修正章程,F106010 五金批發業；F111090 建材批發業；F105050 家具、寢具、廚房器具、裝設品批發業；F211010 建材零售業；F206010 五金零售業；F205040 家具、寢具、廚房器具、裝設品零售業；F401010 國際貿易業；E801010 室內裝潢業；E801020 門窗安裝工程業；E801030 室內輕鋼架工程業,桃園市,變更,11507
93574001,熊賀冷氣有限公司,桃園市楊梅區三湖里泰圳路640巷43弄38號(1樓),呂芸萱,3000000,,115/07/17,公司所營事業變更修正章程,E601020 電器安裝業；E601010 電器承裝業；E599010 配管工程業；EZ15010 保溫、保冷安裝工程業；E603040 消防安全設備安裝工程業；E603050 自動控制設備工程業；E603090 照明設備安裝工程業；E607010 太陽熱能設備安裝工程業；E701040 簡易電信設備安裝業；E801010 室內裝潢業,桃園市,變更,11507
93574641,吉喆運動有限公司,桃園市蘆竹區內厝里長興路3段229巷41號,賴宜琳,1000000,,115/07/07,股東出資轉讓修正章程,F104110 布疋、衣著、鞋、帽、傘、服飾品批發業；F204110 布疋、衣著、鞋、帽、傘、服飾品零售業；F109070 文教、樂器、育樂用品批發業；F209060 文教、樂器、育樂用品零售業；CH01010 體育用品製造業；C306010 成衣業；F601010 智慧財產權業；F399040 無店面零售業；ZZ99999 除許可業務外，得經營法令非禁止或限制之業務,桃園市,變更,11507
93586098,群合貿易股份有限公司,桃園市桃園區北埔路41號,陳石連,250000,,115/07/22,變更組織,C399990 其他紡織及製品製造業；F104110 布疋、衣著、鞋、帽、傘、服飾品批發業；F401010 國際貿易業；ZZ99999 除許可業務外，得經營法令非禁止或限制之業務,桃園市,變更,11507
93586105,儀汯股份有限公司,桃園市桃園區玉山里大同西路69巷4弄15之1號,游國斌,3000000,,115/07/15,變更組織,F108031 醫療器材批發業；F208031 醫療器材零售業；I103060 管理顧問業；I199990 其他顧問服務業；F113020 電器批發業；F213010 電器零售業；F119010 電子材料批發業；F219010 電子材料零售業；F114040 自行車及其零件批發業；F214040 自行車及其零件零售業,桃園市,變更,11507
93586132,富祐國際有限公司,桃園市中壢區民族路六段70號,黃建瑋,1000000,,115/07/13,公司所在地,F101050 水產品批發業；F101130 蔬果批發業；F101990 其他農、畜、水產品批發業；F102040 飲料批發業；F102050 茶葉批發業；F102170 食品什貨批發業；F104110 布疋、衣著、鞋、帽、傘、服飾品批發業；F105050 家具、寢具、廚房器具、裝設品批發業；F106010 五金批發業；F106020 日常用品批發業,桃園市,變更,11507
93599523,京秋有限公司,桃園市桃園區建國里紹興街14號1樓,王昱翔,1000000,,115/07/29,公司所在地,F113110 電池批發業；F114010 汽車批發業；F114030 汽、機車零件配備批發業；F114050 車胎批發業；F114990 其他交通運輸工具及其零件批發業；F199990 其他批發業；F213110 電池零售業；F214010 汽車零售業；F214030 汽、機車零件配備零售業；F214050 車胎零售業,桃園市,變更,11507
93600248,輕安科技有限公司,桃園市中壢區五權里中大路186號,陳茲範,1000000,,115/07/14,股東出資轉讓修正章程,CA05010 粉末冶金業；CA01090 鋁鑄造業；CA01100 鋁材軋延、伸線、擠型業；CA02010 金屬結構及建築組件製造業；CA02060 金屬容器製造業；CZ99990 未分類其他工業製品製造業；F120010 耐火材料批發業；F401010 國際貿易業；ZZ99999 除許可業務外，得經營法令非禁止或限制之業務,桃園市,變更,11507
93600486,九億租車有限公司,桃園市中壢區新中北路462號,林建良,5000000,,115/07/01,公司所營事業變更修正章程,G101041 小客車租賃業；G202010 停車場經營業；F114030 汽、機車零件配備批發業；F114010 汽車批發業；F114050 車胎批發業；F114990 其他交通運輸工具及其零件批發業；F214010 汽車零售業；F214030 汽、機車零件配備零售業；F214050 車胎零售業；F214990 其他交通運輸工具及其零件零售業,桃園市,變更,11507
93600562,采憶股份有限公司,桃園市觀音區新坡里中山路二段595號(1樓),周明樺,200000,,115/07/06,公司所在地,IZ06010 理貨包裝業；IZ12010 人力派遣業；JZ99050 仲介服務業；E601010 電器承裝業；E601020 電器安裝業；F106010 五金批發業；F106020 日常用品批發業；F109070 文教、樂器、育樂用品批發業；F114030 汽、機車零件配備批發業；F199990 其他批發業,桃園市,變更,11507
93600937,帕德有限公司,桃園市龜山區民族街11號13樓,周威邦,300000,,115/07/27,一般補正案,I301010 資訊軟體服務業；I301030 電子資訊供應服務業；CC01080 電子零組件製造業；CC01110 電腦及其週邊設備製造業；CD01020 軌道車輛及其零件製造業,桃園市,變更,11507
93601372,興潤創建設有限公司,桃園市觀音區大觀路2段256號(2樓),洪祥庭,3200000,,115/07/17,公司印鑑變更,H701010 住宅及大樓開發租售業；H701060 新市鎮、新社區開發業；H703090 不動產買賣業；H703100 不動產租賃業；I102010 一般投資顧問業；I401010 一般廣告服務業；E801010 室內裝潢業；ZZ99999 除許可業務外，得經營法令非禁止或限制之業務,桃園市,變更,11507
93601393,帛樂建設開發股份有限公司,桃園市桃園區經國路11號15樓之1,許兆群,11000000,,115/07/20,一般補正案,H701010 住宅及大樓開發租售業；H701040 特定專業區開發業；H701060 新市鎮、新社區開發業；H701070 區段徵收及市地重劃代辦業；H701080 都市更新重建業；H703090 不動產買賣業；H703100 不動產租賃業；E401010 疏濬業；E599010 配管工程業；E801010 室內裝潢業,桃園市,變更,11507
93601422,禾芃數位科技有限公司,桃園市中壢區水尾里興平路125號,陳麗美,500000,,115/07/24,公司所在地,C701010 印刷業；C703010 印刷品裝訂及加工業；F108031 醫療器材批發業；F208031 醫療器材零售業；F213040 精密儀器零售業；F401010 國際貿易業；F601010 智慧財產權業；F399040 無店面零售業；F109070 文教、樂器、育樂用品批發業；F209060 文教、樂器、育樂用品零售業,桃園市,變更,11507
93601680,銨泰營造有限公司,桃園市蘆竹區南福街179號(2樓),張智岳,133918600,,115/07/22,增資,E101011 綜合營造業；E601010 電器承裝業；E501011 自來水管承裝商；H701010 住宅及大樓開發租售業；H701020 工業廠房開發租售業；H701050 投資興建公共建設業；H701060 新市鎮、新社區開發業；H703090 不動產買賣業；H703100 不動產租賃業；F111090 建材批發業,桃園市,變更,11507
93602105,安銘有限公司,桃園市龜山區楓樹里光明街223巷22號3樓,安則名,500000,,115/07/31,公司所在地,F114030 汽、機車零件配備批發業；F214030 汽、機車零件配備零售業；F104110 布疋、衣著、鞋、帽、傘、服飾品批發業；F106010 五金批發業；F106020 日常用品批發業；F106030 模具批發業；F113010 機械批發業；F114040 自行車及其零件批發業；F114990 其他交通運輸工具及其零件批發業；F204110 布疋、衣著、鞋、帽、傘、服飾品零售業,桃園市,變更,11507
93647736,卓越先鋒股份有限公司,桃園市中壢區青峰路一段49號5樓,黃子容,2100000,,115/07/24,修正章程,ZZ99999 除許可業務外，得經營法令非禁止或限制之業務；F102170 食品什貨批發業；F108040 化粧品批發業；F121010 食品添加物批發業；F203010 食品什貨、飲料零售業；F208040 化粧品零售業；F221010 食品添加物零售業；F399040 無店面零售業；F401010 國際貿易業；I103060 管理顧問業,桃園市,變更,11507
93673038,恆睦股份有限公司,桃園市中壢區六和路55號20樓之1,周春榮,29800000,,115/07/02,增資(資本總額),H201010 一般投資業,桃園市,變更,11507
93673924,安亨投資有限公司,桃園市大園區濱海路三段101號,徐聖博,8000000,,115/07/16,公司所在地,H201010 一般投資業；ZZ99999 除許可業務外，得經營法令非禁止或限制之業務,桃園市,變更,11507
93674509,凱英國際有限公司,桃園市中壢區民族路六段132號六樓之3,曾佳慧,1000000,,115/07/08,增資,F113050 電腦及事務性機器設備批發業；F118010 資訊軟體批發業；F113070 電信器材批發業；F113020 電器批發業；F113110 電池批發業；F119010 電子材料批發業；E605010 電腦設備安裝業；JA02010 電器及電子產品修理業；J399010 軟體出版業；IG02010 研究發展服務業,桃園市,變更,11507
93678104,德圓興業有限公司,桃園市楊梅區瑞塘里梅獅路二段79號,李興宙,2760000,,115/07/24,增資,F104110 布疋、衣著、鞋、帽、傘、服飾品批發業；F105050 家具、寢具、廚房器具、裝設品批發業；F205040 家具、寢具、廚房器具、裝設品零售業；F204110 布疋、衣著、鞋、帽、傘、服飾品零售業；F106020 日常用品批發業；F106010 五金批發業；F206010 五金零售業；F206020 日常用品零售業；F207010 漆料、塗料零售業；F207020 染料、顏料零售業,桃園市,變更,11507
93689117,向賀生技事業有限公司,桃園市中壢區中華路1段302號,高子淵,200000,,115/07/03,一般補正案,I102010 一般投資顧問業；I103060 管理顧問業；IZ99990 其他工商服務業；F401010 國際貿易業；JE01010 租賃業；F104110 布疋、衣著、鞋、帽、傘、服飾品批發業；F106020 日常用品批發業；F204110 布疋、衣著、鞋、帽、傘、服飾品零售業；F206020 日常用品零售業；F108040 化粧品批發業,桃園市,變更,11507
93693864,容昇租賃有限公司,桃園市中壢區中央里復興路67號8樓之3,黃睿瀚,3000000,,115/07/07,股東出資轉讓修正章程,I401010 一般廣告服務業；I401020 廣告傳單分送業；I103060 管理顧問業；JE01010 租賃業；JD01010 工商徵信服務業；IZ12010 人力派遣業；HZ02010 金融機構金錢債權收買業務；HZ02020 辦理金融機構金錢債權之評價或拍賣業務；I102010 一般投資顧問業；ZZ99999 除許可業務外，得經營法令非禁止或限制之業務,桃園市,變更,11507
93693935,明鑫供應鏈有限公司,桃園市桃園區龍壽里龍城一街88號三樓,張玟予,1000000,,115/07/30,公司名稱變更修正章程,IZ06010 理貨包裝業；IZ12010 人力派遣業；IZ99990 其他工商服務業；G799990 其他運輸輔助業；F109070 文教、樂器、育樂用品批發業；F104110 布疋、衣著、鞋、帽、傘、服飾品批發業；ZZ99999 除許可業務外，得經營法令非禁止或限制之業務；I301010 資訊軟體服務業；I301020 資料處理服務業；I301030 電子資訊供應服務業,桃園市,變更,11507
93735581,佰果有限公司,桃園市龍潭區百年里百年路48號地下室,廖雨軒,2000000,,115/07/14,公司所在地,F106020 日常用品批發業；F206020 日常用品零售業；F115010 首飾及貴金屬批發業；F215010 首飾及貴金屬零售業；F401010 國際貿易業；F102170 食品什貨批發業；F203010 食品什貨、飲料零售業；F102040 飲料批發業；F104110 布疋、衣著、鞋、帽、傘、服飾品批發業；F204110 布疋、衣著、鞋、帽、傘、服飾品零售業,桃園市,變更,11507
93761428,青笛文教數位出版有限公司,桃園市中壢區莊敬里永強街137號3樓,任海峽,300000,,115/07/07,公司所在地,C701010 印刷業；C703010 印刷品裝訂及加工業；CC01120 資料儲存媒體製造及複製業；F106020 日常用品批發業；F109070 文教、樂器、育樂用品批發業；F113050 電腦及事務性機器設備批發業；F118010 資訊軟體批發業；F206020 日常用品零售業；F209060 文教、樂器、育樂用品零售業；F213030 電腦及事務性機器設備零售業,桃園市,變更,11507
93775204,亓升工程有限公司,桃園市中壢區中興里榮安五街139號(2樓),林庭淵,200000,,115/07/23,一般補正案,E801010 室內裝潢業；E901010 油漆工程業；EZ99990 其他工程業；F106010 五金批發業；F111090 建材批發業；F211010 建材零售業；F214030 汽、機車零件配備零售業；G202010 停車場經營業；IZ12010 人力派遣業；J101010 建築物清潔服務業,桃園市,變更,11507
93783422,誠隆不動產有限公司,桃園市桃園區桃智路10號,鍾延隆,1000000,,115/07/16,股東出資轉讓修正章程,H704031 不動產仲介經紀業；H704041 不動產代銷經紀業；H701010 住宅及大樓開發租售業；H701020 工業廠房開發租售業；H701050 投資興建公共建設業；H701060 新市鎮、新社區開發業；H702010 建築經理業；H703090 不動產買賣業；H703100 不動產租賃業；H201010 一般投資業,桃園市,變更,11507
93797489,豐運綠能股份有限公司,桃園市楊梅區中山北路二段282號（1樓）,林坤龍,12000000,,115/07/27,改選董事/監察人(一人法人股東指派董事/監察人),F114020 機車批發業；F214020 機車零售業；JA02020 機車修理業；F114030 汽、機車零件配備批發業；F214030 汽、機車零件配備零售業；F113110 電池批發業；F213110 電池零售業；F119010 電子材料批發業；F219010 電子材料零售業；F113020 電器批發業,桃園市,變更,11507
93957859,鉅欣智慧商策股份有限公司,桃園市蘆竹區經國路900號11樓,王鏘銘,100000000,,115/07/01,一般補正案,A102060 糧商業；C302010 織布業；C303010 不織布業；C401030 皮革、毛皮整製業；E801010 室內裝潢業；F102180 酒精批發業；F104110 布疋、衣著、鞋、帽、傘、服飾品批發業；F106010 五金批發業；F106040 水器材料批發業；F106050 陶瓷玻璃器皿批發業,桃園市,變更,11507
94007272,威霆能源科技有限公司,桃園市龜山區南上路520巷28弄16號(1樓),陳錦綉,5200000,,115/07/24,公司所在地,EZ99990 其他工程業；E599010 配管工程業；E603010 電纜安裝工程業；E607010 太陽熱能設備安裝工程業；E603050 自動控制設備工程業；E603090 照明設備安裝工程業；E603080 交通號誌安裝工程業；E701030 電信管制射頻器材裝設工程業；E801020 門窗安裝工程業；E801030 室內輕鋼架工程業,桃園市,變更,11507
94011466,嘉瑋機械有限公司,桃園市中壢區新街里延平路261號10樓,洪嘉倩,500000,,115/07/17,公司名稱變更修正章程,F113010 機械批發業；CB01010 機械設備製造業；CA02990 其他金屬製品製造業；CB01990 其他機械製造業；CC01010 發電、輸電、配電機械製造業；CC01110 電腦及其週邊設備製造業；CE01010 一般儀器製造業；F106010 五金批發業；F113020 電器批發業；F113030 精密儀器批發業,桃園市,變更,11507
94011542,謙聖實業有限公司,桃園市大溪區員林路一段3巷29號15樓,簡俊德,450000,,115/07/07,股東出資轉讓修正章程,C803990 其他石油及煤製品製造業；C901030 水泥製造業；C901040 預拌混凝土製造業；C901050 水泥及混凝土製品製造業；F106010 五金批發業；F111090 建材批發業；F206010 五金零售業；F211010 建材零售業；ZZ99999 除許可業務外，得經營法令非禁止或限制之業務,桃園市,變更,11507
94011867,微霖科技有限公司,桃園市楊梅區楊明里中山北路一段420號(1樓),余幸霖,1000000,,115/07/07,公司所在地,F114020 機車批發業；JA02020 機車修理業；F114030 汽、機車零件配備批發業；JA02990 其他修理業；F114050 車胎批發業；F113010 機械批發業；F109070 文教、樂器、育樂用品批發業；F113030 精密儀器批發業；F106010 五金批發業；F114990 其他交通運輸工具及其零件批發業,桃園市,變更,11507
94012681,惠穎技商有限公司,桃園市桃園區正光路423之9號三樓,康惠米,300000,,115/07/16,公司所在地,I102010 投資顧問業；I103060 管理顧問業；I199990 其他顧問服務業；F101990 其他農、畜、水產品批發業；F102170 食品什貨批發業；F106010 五金批發業；F106020 日常用品批發業；F108040 化粧品批發業；F401010 國際貿易業；F119010 電子材料批發業,桃園市,變更,11507
94012795,莉婕有限公司,桃園市中壢區環北路400號2樓之2,劉亞婷,5000000,,115/07/08,董事/股東地址變更,C802090 清潔用品製造業；C802100 化粧品製造業；F107030 清潔用品批發業；F108040 化粧品批發業；F113020 電器批發業；F207030 清潔用品零售業；F208040 化粧品零售業；F213010 電器零售業；F399040 無店面零售業；F401010 國際貿易業,桃園市,變更,11507
94012839,佳紘工業有限公司,桃園市八德區福元里豐田七街20巷1號,蒲進源,2000000,,115/07/28,股東出資轉讓修正章程,CA02030 螺絲、螺帽、螺絲釘、及鉚釘等製品製造業；CA02050 閥類製造業；CA01130 銅材軋延、伸線、擠型業；CA02990 其他金屬製品製造業；F106010 五金批發業；F106040 水器材料批發業；F401010 國際貿易業；ZZ99999 除許可業務外，得經營法令非禁止或限制之業務,桃園市,變更,11507
94012970,國際童氏有限公司,桃園市大園區五青路63巷601號(1樓),童子懿,1000000,,115/07/31,公司所在地,F119010 電子材料批發業；F199990 其他批發業；F211010 建材零售業；F213010 電器零售業；F299990 其他零售業；F401010 國際貿易業；F113020 電器批發業；F111090 建材批發業；F105050 家具、寢具、廚房器具、裝設品批發業；F106010 五金批發業,桃園市,變更,11507
94015266,博智文創股份有限公司,桃園市桃園區經國路9號12樓之2,楊怡真,6000000,,115/07/09,改派董事/監察人,F108040 化粧品批發業；F109070 文教、樂器、育樂用品批發業；F113050 電腦及事務性機器設備批發業；F113990 其他機械器具批發業；F118010 資訊軟體批發業；F119010 電子材料批發業；F203010 食品什貨、飲料零售業；F208040 化粧品零售業；F208050 乙類成藥零售業；F213010 電器零售業,桃園市,變更,11507
94025834,昶煜鋼鐵有限公司,桃園市觀音區正大路585巷11號,吳志豪,10000000,,115/07/24,增資,F106010 五金批發業；F111090 建材批發業；F113010 機械批發業；F211010 建材零售業；F213080 機械器具零售業；F401010 國際貿易業；I501010 產品設計業；JE01010 租賃業；CA01050 鋼材二次加工業；EZ99990 其他工程業,桃園市,變更,11507
94029450,都江股份有限公司,桃園市蘆竹區長興路3段277巷121號,李文聰,7000000,,115/07/21,改選董事/監察人(一人法人股東指派董事/監察人),C805020 塑膠膜、袋製造業；C805030 塑膠日用品製造業；C805050 工業用塑膠製品製造業；F107190 塑膠膜、袋批發業；F207190 塑膠膜、袋零售業；ZZ99999 除許可業務外，得經營法令非禁止或限制之業務；F113020 電器批發業；F113050 電腦及事務性機器設備批發業；F113070 電信器材批發業；F116010 照相器材批發業,桃園市,變更,11507
94039915,金銓投資有限公司,桃園市中壢區中園路200之9號2樓,鍾榮英,21000000,,115/07/17,申登機關變更（遷入，含卷）,H201010 一般投資業,桃園市,變更,11507
94046681,中日電力股份有限公司,桃園市桃園區新埔六街101號6樓,蔡忠志,5000000,,115/07/15,改選董事/監察人(一人法人股東指派董事/監察人),IG03010 能源技術服務業；F401010 國際貿易業；D101091 再生能源售電業；ZZ99999 除許可業務外，得經營法令非禁止或限制之業務,桃園市,變更,11507
94046697,日里環能股份有限公司,桃園市桃園區新埔六街99號19樓,蔡忠志,7000000,,115/07/16,改選董事/監察人(一人法人股東指派董事/監察人),IG03010 能源技術服務業；F401010 國際貿易業；ZZ99999 除許可業務外，得經營法令非禁止或限制之業務,桃園市,變更,11507
94047921,享享室內裝修設計有限公司,桃園市桃園區中正路1092號25樓,羅子傑,100000,,115/07/16,減少所營事業變更修正章程,E599010 配管工程業；E601010 電器承裝業；E601020 電器安裝業；E603090 照明設備安裝工程業；E603100 電焊工程業；E801010 室內裝潢業；E801020 門窗安裝工程業；E801030 室內輕鋼架工程業；E801040 玻璃安裝工程業；E801060 室內裝修業,桃園市,變更,11507
94048288,湠火鍋有限公司,桃園市復興區華陵里10鄰巴崚111號,陳強年,1000000,,115/07/28,一般補正案,F201010 農產品零售業；F201990 其他農畜水產品零售業；F203010 食品什貨、飲料零售業；F204110 布疋、衣著、鞋、帽、傘、服飾品零售業；F206020 日常用品零售業；F501060 餐館業；ZZ99999 除許可業務外，得經營法令非禁止或限制之業務,桃園市,變更,11507
94050777,超財工程有限公司,桃園市桃園區武陵里復興路51之2號10樓之2,虎經綸,1000000,,115/07/08,申登機關變更（遷入，含卷）,C805050 工業用塑膠製品製造業；C805070 強化塑膠製品製造業；CA01030 鋼鐵鑄造業；CA01050 鋼材二次加工業；CA02010 金屬結構及建築組件製造業；CB01010 機械設備製造業；CB01020 事務機器製造業；CB01030 污染防治設備製造業；CC01010 發電、輸電、配電機械製造業；CC01030 電器及視聽電子產品製造業,桃園市,變更,11507
94073461,喬業未來科技有限公司,桃園市桃園區同安街396號9樓,謝宇涵,6000000,,115/07/29,股東出資轉讓修正章程,F106010 五金批發業；F206010 五金零售業；E601020 電器安裝業；F105050 家具、寢具、廚房器具、裝設品批發業；F106020 日常用品批發業；F109070 文教、樂器、育樂用品批發業；F113020 電器批發業；F206020 日常用品零售業；F213010 電器零售業；F213110 電池零售業,桃園市,變更,11507
94073883,梓鈺工程有限公司,桃園市大溪區仁善里仁德三街42號(1樓),吳雨錡,1000000,,115/07/01,股東出資轉讓修正章程,E599010 配管工程業；E601010 電器承裝業；E601020 電器安裝業；E603010 電纜安裝工程業；E603050 自動控制設備工程業；E603040 消防安全設備安裝工程業；E603090 照明設備安裝工程業；E606010 用電設備檢驗維護業；E801010 室內裝潢業；E701040 簡易電信設備安裝業,桃園市,變更,11507
94074362,信都投資股份有限公司,桃園市桃園區中正路1071號16樓之4,黃國明,21700000,,115/07/14,改選董事/監察人(一人法人股東指派董事/監察人),H703090 不動產買賣業；H703100 不動產租賃業；H201010 一般投資業；ZZ99999 除許可業務外，得經營法令非禁止或限制之業務,桃園市,變更,11507
94081080,睿康機電有限公司,桃園市桃園區水汴一路104巷1號（2樓）,許愷東,6000000,,115/07/01,公司所在地,F119010 電子材料批發業；F113010 機械批發業；F113030 精密儀器批發業；F118010 資訊軟體批發業；F113990 其他機械器具批發業；F114060 船舶及其零件批發業；E603050 自動控制設備工程業；E604010 機械安裝業；JA02010 電器及電子產品修理業；F401010 國際貿易業,桃園市,變更,11507
94091340,鑫欣發股份有限公司,桃園市平鎮區工業十路三號,朱茂亨,1000000,,115/07/16,改選董事/監察人(一人法人股東指派董事/監察人),F102030 菸酒批發業；F102040 飲料批發業；F102050 茶葉批發業；F102170 食品什貨批發業；F109070 文教、樂器、育樂用品批發業；F199990 其他批發業；F203010 食品什貨、飲料零售業；F209060 文教、樂器、育樂用品零售業；F501030 飲料店業；F104110 布疋、衣著、鞋、帽、傘、服飾品批發業,桃園市,變更,11507
94091361,金山商業股份有限公司,桃園市桃園區光興里文康街9之1號(1樓),李承峰,1300000,,115/07/23,公司所在地,F102170 食品什貨批發業；F102050 茶葉批發業；F101050 水產品批發業；F101130 蔬果批發業；F102040 飲料批發業；F104110 布疋、衣著、鞋、帽、傘、服飾品批發業；F105050 家具、寢具、廚房器具、裝設品批發業；F107190 塑膠膜、袋批發業；F113020 電器批發業；F111090 建材批發業,桃園市,變更,11507
94091587,映泰投資股份有限公司,桃園市桃園區三民路三段288號15樓,林夏森,10000000,,115/07/27,一般補正案,H201010 一般投資業；ZZ99999 除許可業務外，得經營法令非禁止或限制之業務,桃園市,變更,11507
94109094,創欣材料股份有限公司,桃園市大園區工六路3號,李振豪,6000000,,115/07/28,一般補正案,CA01050 鋼材二次加工業；CA01090 鋁鑄造業；CA01990 其他非鐵金屬基本工業；CA02990 其他金屬製品製造業；CA04010 表面處理業；CB01010 機械設備製造業；CB01990 其他機械製造業；CC01080 電子零組件製造業；CD01030 汽車及其零件製造業；CQ01010 模具製造業,桃園市,變更,11507
94116807,利百加全方位顧問有限公司,桃園市桃園區東門里信義街16號(一樓),陳梅楨,390000,,115/07/08,股東出資轉讓修正章程,H201010 一般投資業；H202010 創業投資業；H701010 住宅及大樓開發租售業；H701020 工業廠房開發租售業；H701050 投資興建公共建設業；H701060 新市鎮、新社區開發業；H701070 區段徵收及市地重劃代辦業；H701090 都市更新整建維護業；H703090 不動產買賣業；H703100 不動產租賃業,桃園市,變更,11507
94136732,市泉有限公司,桃園市八德區介壽路一段982號(4樓),邱柏彥,200000,,115/07/24,申登機關變更（遷入，含卷）,F101050 水產品批發業；F102040 飲料批發業；F102170 食品什貨批發業；F104110 布疋、衣著、鞋、帽、傘、服飾品批發業；F105050 家具、寢具、廚房器具、裝設品批發業；F106020 日常用品批發業；F108040 化粧品批發業；F203010 食品什貨、飲料零售業；F204110 布疋、衣著、鞋、帽、傘、服飾品零售業；F206020 日常用品零售業,桃園市,變更,11507
94147528,瘋時尚有限公司,桃園市平鎮區新勢里中豐路1號(2樓),楊凱鈞,100000,,115/07/09,公司所在地,F203010 食品什貨、飲料零售業；F206020 日常用品零售業；I301010 資訊軟體服務業；JE01010 租賃業；F501990 其他餐飲業；IZ99990 其他工商服務業；ZZ99999 除許可業務外，得經營法令非禁止或限制之業務,桃園市,變更,11507
94147858,博祥投資有限公司,桃園市蘆竹區五福一路50巷26號,游文志,1000000,,115/07/08,股東出資轉讓修正章程,H201010 一般投資業,桃園市,變更,11507
94166051,玥明文創有限公司,桃園市桃園區福林里介壽路495巷67號14樓,何旻晏,200000,,115/07/24,申登機關變更（遷入，含卷）,I103060 管理顧問業；I401010 一般廣告服務業；J305010 有聲出版業；J601010 藝文服務業；J602010 演藝活動業；JB01010 會議及展覽服務業；J399990 其他出版業；IZ12010 人力派遣業；J202010 產業育成業；I599990 其他設計業,桃園市,變更,11507
94168467,啟勝環保有限公司,桃園市八德區大湳里和平路413號七樓之一,周碧芳,5000000,,115/07/23,公司所在地,F111090 建材批發業；F120010 耐火材料批發業；F199990 其他批發業；J101040 廢棄物處理業；J101080 資源回收業；J101090 廢棄物清理業；J101030 廢棄物清除業；J101110 營建剩餘土石方資源處理業；EZ99990 其他工程業；ZZ99999 除許可業務外，得經營法令非禁止或限制之業務,桃園市,變更,11507
94198981,凱旋行銷有限公司,桃園市蘆竹區文新街7號2樓,顏暉宇,1000000,,115/07/03,股東出資轉讓修正章程,I401010 一般廣告服務業；I301010 資訊軟體服務業；I301020 資料處理服務業；I301030 電子資訊供應服務業；F102170 食品什貨批發業；F104110 布疋、衣著、鞋、帽、傘、服飾品批發業；F203010 食品什貨、飲料零售業；F205040 家具、寢具、廚房器具、裝設品零售業；F399040 無店面零售業；J202010 產業育成業,桃園市,變更,11507
94214173,城安興業有限公司,桃園市桃園區中原里泰昌三街61號8樓,游雅安,1000000,,115/07/06,一般補正案,F105050 家具、寢具、廚房器具、裝設品批發業；F106010 五金批發業；F107010 漆料、塗料批發業；F111090 建材批發業；F120010 耐火材料批發業；F211010 建材零售業；F220010 耐火材料零售業；D101050 汽電共生業；D101060 再生能源自用發電設備業；D401010 熱能供應業,桃園市,變更,11507
94214639,嶄邑建設股份有限公司,桃園市桃園區同德里中正路1071號18樓之2,張權儒,30000000,,115/07/29,公司所在地,F211010 建材零售業；F111090 建材批發業；F401010 國際貿易業；H701010 住宅及大樓開發租售業；H701020 工業廠房開發租售業；H701040 特定專業區開發業；H701050 投資興建公共建設業；H701060 新市鎮、新社區開發業；H701070 區段徵收及市地重劃代辦業；H701080 都市更新重建業,桃園市,變更,11507
94232778,宇侖國際投資有限公司,桃園市平鎮區莊敬里莊隆街7號13樓,邱毓娟,500000,,115/07/22,減資,D101060 再生能源自用發電設備業；E601010 電器承裝業；F401010 國際貿易業；H201010 一般投資業；IG03010 能源技術服務業；ZZ99999 除許可業務外，得經營法令非禁止或限制之業務,桃園市,變更,11507
94232806,光浮國際有限公司,桃園市平鎮區莊敬里莊隆街7號十三樓,梁浩瑋,500000,,115/07/30,減資,D101060 再生能源自用發電設備業；E601010 電器承裝業；F401010 國際貿易業；H201010 一般投資業；IG03010 能源技術服務業；ZZ99999 除許可業務外，得經營法令非禁止或限制之業務,桃園市,變更,11507
94233848,窩尤股份有限公司,桃園市桃園區中寧里大興西路二段61號7樓,張彥均,200000,,115/07/01,改選董事/監察人(一人法人股東指派董事/監察人),CB01010 機械設備製造業；F102040 飲料批發業；F102170 食品什貨批發業；F104110 布疋、衣著、鞋、帽、傘、服飾品批發業；F105050 家具、寢具、廚房器具、裝設品批發業；F106010 五金批發業；F106020 日常用品批發業；F106060 寵物食品及其用品批發業；F108040 化粧品批發業；F109070 文教、樂器、育樂用品批發業,桃園市,變更,11507
94234895,亨旺科技環保有限公司,桃園市八德區大智里廣豐二街31號五樓,鄧珺璿,5500000,,115/07/15,增資,E601020 電器安裝業；E605010 電腦設備安裝業；F106010 五金批發業；F113020 電器批發業；F113030 精密儀器批發業；F119010 電子材料批發業；F199010 回收物料批發業；F199990 其他批發業；JA02010 電器及電子產品修理業；F114010 汽車批發業,桃園市,變更,11507
94252990,康隆通運有限公司,桃園市八德區大勇里東勇北路556號8樓,朱家蓁,25000000,,115/07/24,公司所在地,G101061 汽車貨運業；JA01010 汽車修理業；F114010 汽車批發業；F214010 汽車零售業；F114030 汽、機車零件配備批發業；F214030 汽、機車零件配備零售業；F114050 車胎批發業；F214050 車胎零售業；F114990 其他交通運輸工具及其零件批發業；F214990 其他交通運輸工具及其零件零售業,桃園市,變更,11507
95430064,祿耕開發物業有限公司,桃園市楊梅區上田里楊新路4段276巷85號,林祺土,5000000,,115/07/22,增資,E599010 配管工程業；E603050 自動控制設備工程業；E604010 機械安裝業；F106010 五金批發業；F113010 機械批發業；F119010 電子材料批發業；F213030 電腦及事務性機器設備零售業；F213080 機械器具零售業；F401010 國際貿易業；G799990 其他運輸輔助業,桃園市,變更,11507
95436481,源祈有限公司,桃園市大園區田心里大觀路362之2號,施志龍,1000000,,115/07/13,增資,CA01050 鋼材二次加工業；CA04010 表面處理業；F106010 五金批發業；F111090 建材批發業；F113010 機械批發業；F399040 無店面零售業；F401010 國際貿易業；ZZ99999 除許可業務外，得經營法令非禁止或限制之業務,桃園市,變更,11507
95438360,五環開發有限公司,桃園市桃園區介壽路495巷79號9樓,葛紹樵,200000,,115/07/30,公司所在地,H701010 住宅及大樓開發租售業；H701020 工業廠房開發租售業；H701060 新市鎮、新社區開發業；H701070 區段徵收及市地重劃代辦業；H703090 不動產買賣業；H703100 不動產租賃業；F105050 家具、寢具、廚房器具、裝設品批發業；F205040 家具、寢具、廚房器具、裝設品零售業；F211010 建材零售業；F401010 國際貿易業,桃園市,變更,11507
95439425,塔諾西股份有限公司,桃園市桃園區西埔里富國路962巷32弄8號2樓,趙劭杰,1000000,,115/07/13,變更組織,F118010 資訊軟體批發業；F218010 資訊軟體零售業；J399010 軟體出版業；I301010 資訊軟體服務業；I301020 資料處理服務業；I301030 電子資訊供應服務業；I401010 一般廣告服務業；I501010 產品設計業；I599990 其他設計業；F113050 電腦及事務性機器設備批發業,桃園市,變更,11507
95440160,金江水有限公司,桃園市平鎮區新勢里中豐路14號(2樓),王壬金,20000,,115/07/28,一般補正案,F203010 食品什貨、飲料零售業；F204110 布疋、衣著、鞋、帽、傘、服飾品零售業；F205040 家具、寢具、廚房器具、裝設品零售業；F206010 五金零售業；F207030 清潔用品零售業；F207080 環境用藥零售業；F209060 文教、樂器、育樂用品零售業；F213010 電器零售業；F215010 首飾及貴金屬零售業；F299990 其他零售業,桃園市,變更,11507
95451166,德龍起重工程有限公司,桃園市桃園區中正路1249號2樓,陳亞生,200000,,115/07/09,公司所在地,E604010 機械安裝業；EZ02010 起重工程業；EZ99990 其他工程業；E801030 室內輕鋼架工程業；E801010 室內裝潢業；F106010 五金批發業；F111090 建材批發業；ZZ99999 除許可業務外，得經營法令非禁止或限制之業務,桃園市,變更,11507
95452209,振彥鋼鐵科技有限公司,桃園市龜山區民生北路一段505號（1樓）,陳真芳,1000000,,115/07/07,公司所在地,C901060 耐火材料製造業；CA01010 鋼鐵冶鍊業；CA01020 鋼鐵軋延及擠型業；CA01030 鋼鐵鑄造業；CA01050 鋼材二次加工業；CA01060 鋼線鋼纜製造業；CA01070 廢車船解體及廢鋼鐵五金處理業；CA02060 金屬容器製造業；CB01010 機械設備製造業；CB01990 其他機械製造業,桃園市,變更,11507
95461002,詠睦股份有限公司,桃園市中壢區新街里元化路226號10樓,簡銘瑩,250000,,115/07/22,申登機關變更（遷入，含卷）,F401010 國際貿易業；F113010 機械批發業；F113030 精密儀器批發業；F114030 汽、機車零件配備批發業；I103060 管理顧問業；ZZ99999 除許可業務外，得經營法令非禁止或限制之業務,桃園市,變更,11507
95465648,鴻億機電工程有限公司,桃園市龍潭區百年路48號地下室,邱奕雲,500000,,115/07/08,申登機關變更（遷入，含卷）,E599010 配管工程業；E601020 電器安裝業；E603010 電纜安裝工程業；E603040 消防安全設備安裝工程業；E603050 自動控制設備工程業；E603090 照明設備安裝工程業；E603100 電焊工程業；E604010 機械安裝業；E605010 電腦設備安裝業；E606010 用電設備檢驗維護業,桃園市,變更,11507
95484639,軒霆餐飲有限公司,桃園市中壢區健行路222號,李育瑄,300000,,115/07/09,股東出資轉讓修正章程,F501990 其他餐飲業；F501060 餐館業；F501030 飲料店業；F399040 無店面零售業；F299990 其他零售業；F203010 食品什貨、飲料零售業；ZZ99999 除許可業務外，得經營法令非禁止或限制之業務,桃園市,變更,11507
95492194,佑陞通訊有限公司,桃園市桃園區長安里中正路641號(1樓),方芳,1000000,,115/07/14,公司所營事業變更修正章程,F213060 電信器材零售業；F209060 文教、樂器、育樂用品零售業；F219010 電子材料零售業；F213030 電腦及事務性機器設備零售業；F213110 電池零售業；JA02010 電器及電子產品修理業；E605010 電腦設備安裝業；IE01010 電信業務門號代辦業；F218010 資訊軟體零售業；F199010 回收物料批發業,桃園市,變更,11507
95496353,昊瀚生技股份有限公司,桃園市八德區瑞發里介壽路2段1022巷10弄2衖4號,吳孟,8000000,,115/07/31,公司所在地,IG01010 生物技術服務業；IG02010 研究發展服務業；IG03010 能源技術服務業；F108040 化粧品批發業；F208040 化粧品零售業；F102040 飲料批發業；F102170 食品什貨批發業；F203010 食品什貨、飲料零售業；I101090 食品顧問業；F399040 無店面零售業,桃園市,變更,11507
96672862,聖成有限公司,桃園市大園區溪福路10之1號3樓,周奐宸,88000,,115/07/21,公司所在地,G799990 其他運輸輔助業；IZ06010 理貨包裝業；G801010 倉儲業；JE01010 租賃業；G202010 停車場經營業；I301010 資訊軟體服務業；I301020 資料處理服務業；I301030 電子資訊供應服務業；F102040 飲料批發業；F102050 茶葉批發業,桃園市,變更,11507
96676993,盒子網路行銷有限公司,桃園市蘆竹區福昌里南順六街57號二樓,邱鼎文,1800000,,115/07/27,增資,F208040 化粧品零售業；F207030 清潔用品零售業；F206020 日常用品零售業；F299990 其他零售業；F102170 食品什貨批發業；F104110 布疋、衣著、鞋、帽、傘、服飾品批發業；F105050 家具、寢具、廚房器具、裝設品批發業；F106010 五金批發業；F106020 日常用品批發業；F106040 水器材料批發業,桃園市,變更,11507
96682566,泓愛紡織材料股份有限公司,桃園市蘆竹區中興里大興路355號,蘇泓元,6000000,,115/07/16,變更組織,C303010 不織布業；C301010 紡紗業；C302010 織布業；C305010 印染整理業；C306010 成衣業；C307010 服飾品製造業；C801120 人造纖維製造業；F104110 布疋、衣著、鞋、帽、傘、服飾品批發業；F105050 家具、寢具、廚房器具、裝設品批發業；F106020 日常用品批發業,桃園市,變更,11507
96750445,斜槓我和你數位內容有限公司,桃園市中壢區青埔里青商路61號2樓,林柏亨,100000,,115/07/22,申登機關變更（遷入，含卷）,I401010 一般廣告服務業；F109070 文教、樂器、育樂用品批發業；F209060 文教、樂器、育樂用品零售業；F104110 布疋、衣著、鞋、帽、傘、服飾品批發業；F204110 布疋、衣著、鞋、帽、傘、服飾品零售業；F106020 日常用品批發業；F206020 日常用品零售業；F399040 無店面零售業；F401010 國際貿易業；J303010 雜誌（期刊）出版業,桃園市,變更,11507
96752160,騰嘉實有限公司,桃園市大園區中山北路218號,陳玄翎,100000,,115/07/23,公司所在地,CQ01010 模具製造業；F106010 五金批發業；F106030 模具批發業；F119010 電子材料批發業；F206010 五金零售業；F206030 模具零售業；F211010 建材零售業；F213040 精密儀器零售業；F213060 電信器材零售業；F213080 機械器具零售業,桃園市,變更,11507
96753479,耘呈開發投資股份有限公司,桃園市中壢區西園路118之3號(1樓),陳耘志,28000000,,115/07/07,董事/監察人持股變動報備,H201010 一般投資業,桃園市,變更,11507
96761371,耀弘國際運動事業有限公司,桃園市觀音區建國路172號,黎汝華,5000000,,115/07/14,改推董事/董事長,J801030 競技及休閒運動場館業；J802010 運動訓練業；J803010 運動表演業；J803020 運動比賽業；J701080 水域遊憩活動經營業；J799990 其他休閒服務業；J101010 建築物清潔服務業；JE01010 租賃業；F203010 食品什貨、飲料零售業；F204110 布疋、衣著、鞋、帽、傘、服飾品零售業,桃園市,變更,11507
96761421,擁勝實業有限公司,桃園市蘆竹區經國路898號5樓,夏浩倫,3000000,,115/07/01,公司所在地,CC01080 電子零組件製造業；F113020 電器批發業；E601020 電器安裝業；F118010 資訊軟體批發業；F218010 資訊軟體零售業；I301010 資訊軟體服務業；CC01040 照明設備製造業；E603090 照明設備安裝工程業；F119010 電子材料批發業；F219010 電子材料零售業,桃園市,變更,11507
96772216,美福實業有限公司,桃園市桃園區天祥五街52號2樓,邱信瑋,2000000,,115/07/27,增資,F102050 茶葉批發業；F102170 食品什貨批發業；F203010 食品什貨、飲料零售業；F102030 菸酒批發業；F203020 菸酒零售業；F102040 飲料批發業；F199990 其他批發業；F399990 其他綜合零售業；JZ99050 仲介服務業；I103060 管理顧問業,桃園市,變更,11507
96772784,迅昊有限公司,桃園市蘆竹區新莊里4鄰新生路7號,蔡儀亭,1500000,,115/07/08,減少所營事業變更修正章程,F113010 機械批發業；F113020 電器批發業；F113050 電腦及事務性機器設備批發業；F113070 電信器材批發業；F119010 電子材料批發業；F213010 電器零售業；F213030 電腦及事務性機器設備零售業；F213040 精密儀器零售業；F213060 電信器材零售業；F219010 電子材料零售業,桃園市,變更,11507
96782431,桃霖車業有限公司,桃園市中壢區普強里中山東路二段170號(1樓),路智翔,500000,,115/07/20,公司所在地,F114010 汽車批發業；F114020 機車批發業；F114030 汽、機車零件配備批發業；ZZ99999 除許可業務外，得經營法令非禁止或限制之業務；F214010 汽車零售業；F214020 機車零售業；F214030 汽、機車零件配備零售業；F214040 自行車及其零件零售業；JA02020 機車修理業；JE01010 租賃業,桃園市,變更,11507
96785269,造浪資本股份有限公司,桃園市桃園區文化里民權路6號12樓,林勃志,1000000,,115/07/01,增資(資本總額),I103060 管理顧問業；I102010 一般投資顧問業；J202010 產業育成業；H201010 一般投資業；H202010 創業投資業；F118010 資訊軟體批發業；I301010 資訊軟體服務業；I301020 資料處理服務業；JZ99050 仲介服務業；F401010 國際貿易業,桃園市,變更,11507
96789814,舍意有限公司,桃園市新屋區中華路415號,羅玉芸,1000000,,115/07/13,一般補正案,I401010 一般廣告服務業；I105010 藝術品諮詢顧問業；C703010 印刷品裝訂及加工業；JB01010 會議及展覽服務業；J601010 藝文服務業；I301060 網路廣告平臺業；I501010 產品設計業；C701010 印刷業；IZ10010 排版業；J303010 雜誌（期刊）出版業,桃園市,變更,11507
96790397,弘隼開發有限公司,桃園市桃園區中正里廈門街126巷52號,鄭嘉斌,45000000,,115/07/23,減少所營事業變更修正章程,H201010 一般投資業；ZZ99999 除許可業務外，得經營法令非禁止或限制之業務,桃園市,變更,11507
96805912,光禾建設股份有限公司,桃園市桃園區豐林里三民路三段625號,胡秉和,13000000,,115/07/21,公司所在地,H701010 住宅及大樓開發租售業；H701020 工業廠房開發租售業；H701040 特定專業區開發業；H701050 投資興建公共建設業；H701060 新市鎮、新社區開發業；H701070 區段徵收及市地重劃代辦業；H701080 都市更新重建業；H701090 都市更新整建維護業；H702010 建築經理業；H703090 不動產買賣業,桃園市,變更,11507
96811246,大量生技股份有限公司,桃園市八德區瑞豐里豐田路68號,王作京,71500000,,115/07/13,發行新股,CE01030 光學儀器製造業；IG01010 生物技術服務業；F401010 國際貿易業；H201010 一般投資業；F108031 醫療器材批發業；CF01011 醫療器材製造業；F102170 食品什貨批發業；I101090 食品顧問業；F208040 化粧品零售業；F102040 飲料批發業,桃園市,變更,11507
96814834,康睎能源股份有限公司,桃園市桃園區同安里中正路1082號24樓,邱政勳,170000000,,115/07/22,發行新股,CA01010 鋼鐵冶鍊業；CA01990 其他非鐵金屬基本工業；CA02070 製鎖業；CA02080 金屬鍛造業；CA02990 其他金屬製品製造業；CA04010 表面處理業；CA05010 粉末冶金業；CB01010 機械設備製造業；CB01990 其他機械製造業；D101060 再生能源自用發電設備業,桃園市,變更,11507
96831876,展洧國際興業股份有限公司,桃園市蘆竹區大新路1018巷1號,鄭綢,500000,,115/07/24,改選董事/監察人(一人法人股東指派董事/監察人),F105050 家具、寢具、廚房器具、裝設品批發業；F106040 水器材料批發業；F111090 建材批發業；F113020 電器批發業；F205040 家具、寢具、廚房器具、裝設品零售業；F206040 水器材料零售業；F211010 建材零售業；F213010 電器零售業；F399040 無店面零售業；F401010 國際貿易業,桃園市,變更,11507
96839510,紫雲有限公司,桃園市大園區溪福路10之1號3樓,周奐宸,2088000,,115/07/21,公司所在地,F104110 布疋、衣著、鞋、帽、傘、服飾品批發業；F105050 家具、寢具、廚房器具、裝設品批發業；F106010 五金批發業；F106020 日常用品批發業；F102170 食品什貨批發業；F102050 茶葉批發業；F102040 飲料批發業；F109070 文教、樂器、育樂用品批發業；F113010 機械批發業；F113020 電器批發業,桃園市,變更,11507
96847194,佳心一號股份有限公司,桃園市楊梅區金溪路159巷22弄17號(1樓),詹景翔,1000000,,115/07/07,改派董事/監察人,IG03010 能源技術服務業；D101060 再生能源自用發電設備業；F401010 國際貿易業；I199990 其他顧問服務業,桃園市,變更,11507
96867037,亨力國際貿易有限公司,桃園市中壢區永光里民權路三段15巷26號(1樓),黃筱芸,7500000,,115/07/06,公司所在地,F114030 汽、機車零件配備批發業；JA01990 其他汽車服務業；F119010 電子材料批發業；F401010 國際貿易業；ZZ99999 除許可業務外，得經營法令非禁止或限制之業務；JA01020 汽車拖吊業；JA02990 其他修理業；F101130 蔬果批發業；F102030 菸酒批發業；F102050 茶葉批發業,桃園市,變更,11507
96872799,哲聖工業股份有限公司,桃園市桃園區玉山街181號,謝文哲,11000000,,115/07/24,改選董事/監察人(一人法人股東指派董事/監察人),,桃園市,變更,11507
96922622,台耀化學股份有限公司,桃園市蘆竹區和平街36號,程正禹,1202559630,,115/07/23,修正章程,F107010 漆料、塗料批發業；F107020 染料、顏料批發業；F107030 清潔用品批發業；F107060 毒性及關注化學物質批發業；F107070 動物用藥品批發業；F107080 環境用藥批發業；F207070 動物用藥零售業；F207080 環境用藥零售業；F108021 西藥批發業；F208021 西藥零售業,桃園市,變更,11507
97015681,鈞任精業有限公司,桃園市新屋區民族路六段373號,傅展彥,15400000,,115/07/23,公司所營事業變更修正章程,CB01010 機械設備製造業；CB01990 其他機械製造業；F113010 機械批發業；F113990 其他機械器具批發業；F213080 機械器具零售業；F213990 其他機械器具零售業；F219010 電子材料零售業；CC01990 其他電機及電子機械器材製造業；F401010 國際貿易業；ZZ99999 除許可業務外，得經營法令非禁止或限制之業務,桃園市,變更,11507
97024751,富峻事業有限公司,桃園市蘆竹區南順七街62號（1樓）,洪小華,1000000,,115/07/03,股東出資轉讓修正章程,,桃園市,變更,11507
97038761,汎振股份有限公司,桃園市新屋區頭洲里高鐵南路六段792巷17號,孫忠淳,10000000,,115/07/22,改選董事/監察人(一人法人股東指派董事/監察人),CD01030 汽車及其零件製造業；CD01040 機車及其零件製造業；CC01040 照明設備製造業；CC01110 電腦及其週邊設備製造業；CA02990 其他金屬製品製造業；CA01050 鋼材二次加工業；CA01020 鋼鐵軋延及擠型業；CB01010 機械設備製造業；CD01050 自行車及其零件製造業；CQ01010 模具製造業,桃園市,變更,11507
97065767,伽晟股份有限公司,桃園市中壢區新街里延平路149號1樓,張育美,220000000,,115/07/27,董事/監察人地址變更,G202010 停車場經營業；ZZ99999 除許可業務外，得經營法令非禁止或限制之業務；F111090 建材批發業；F113010 機械批發業；F113030 精密儀器批發業；F113050 電腦及事務性機器設備批發業；F211010 建材零售業；F213030 電腦及事務性機器設備零售業；H201010 一般投資業；H703090 不動產買賣業,桃園市,變更,11507
97100271,鏵貴餐飲有限公司,桃園市中壢區洽溪里月桃路28號,王筱瑄,1000000,,115/07/30,公司所在地,F109070 文教、樂器、育樂用品批發業；F113050 電腦及事務性機器設備批發業；F119010 電子材料批發業；F209060 文教、樂器、育樂用品零售業；F213030 電腦及事務性機器設備零售業；F218010 資訊軟體零售業；F219010 電子材料零售業；F401010 國際貿易業；I103060 管理顧問業；I301010 資訊軟體服務業,桃園市,變更,11507
97165180,台灣太陽油墨股份有限公司,桃園市觀音區草漯里大同二路7號,齋藤斉,310000000,,115/07/07,改派董事/監察人,C802200 塗料、油漆、染料及顏料製造業；C802120 工業助劑製造業；C801990 其他化學材料製造業；D101060 再生能源自用發電設備業；F107010 漆料、塗料批發業；F107170 工業助劑批發業；F107200 化學原料批發業；F113010 機械批發業；F119010 電子材料批發業；F401010 國際貿易業,桃園市,變更,11507
97170472,全新光電科技股份有限公司,桃園市平鎮區工業一路16號,陳建良,1849059180,,115/07/30,改選董事/監察人(一人法人股東指派董事/監察人),CC01080 電子零組件製造業；F119010 電子材料批發業；ZZ99999 除許可業務外，得經營法令非禁止或限制之業務,桃園市,變更,11507
97193003,新富程機電科技工程有限公司,桃園市中壢區文化里吉林路129巷63號1樓,劉明利,10000000,,115/07/20,增資,E601010 電器承裝業；E603040 消防安全設備安裝工程業；E603050 自動控制設備工程業；E603090 照明設備安裝工程業；E701010 通信工程業；F106010 五金批發業；F106040 水器材料批發業；F113020 電器批發業；F113070 電信器材批發業；F117010 消防安全設備批發業,桃園市,變更,11507
97200715,長鵬精機有限公司,桃園市蘆竹區五福一路32巷23號（3樓）,魏璟霖,5000000,,115/07/28,修正章程,CA01050 鋼材二次加工業；CA04010 表面處理業；CB01010 機械設備製造業；CB01990 其他機械製造業；E604010 機械安裝業；F113010 機械批發業；F213080 機械器具零售業；H703100 不動產租賃業；ZZ99999 除許可業務外，得經營法令非禁止或限制之業務,桃園市,變更,11507
97211972,佳龍科技工程股份有限公司,桃園市觀音區大潭里1鄰環科路323號,吳界欣,1044246290,,115/07/20,其他減資,C801010 基本化學工業；C802170 毒性化學物質製造業；C802990 其他化學製品製造業；C805070 強化塑膠製品製造業；C805990 其他塑膠製品製造業；C901010 陶瓷及陶瓷製品製造業；C901020 玻璃及玻璃製品製造業；C901040 預拌混凝土製造業；C901060 耐火材料製造業；C901070 石材製品製造業,桃園市,變更,11507
97257738,宏致電子股份有限公司,桃園市中壢區過嶺里過嶺路二段530-6號,袁万丁,1746974410,,115/07/09,額定資本額增加變更章程,C805050 工業用塑膠製品製造業；CC01080 電子零組件製造業；CF01011 醫療器材製造業；CQ01010 模具製造業；E605010 電腦設備安裝業；F108031 醫療器材批發業；F113050 電腦及事務性機器設備批發業；F113070 電信器材批發業；F118010 資訊軟體批發業；F119010 電子材料批發業,桃園市,變更,11507
97274645,月猷企業有限公司,桃園市龜山區大崗里文三三街19巷22號1樓,,1000000,,115/07/23,解散,,桃園市,變更,11507
97285827,凱樂士股份有限公司,桃園市桃園區經國路888號8樓之3,林博文,59520000,,115/07/15,改選董事/監察人(一人法人股東指派董事/監察人),C802990 其他化學製品製造業；C901010 陶瓷及陶瓷製品製造業；C901990 其他非金屬礦物製品製造業；CC01080 電子零組件製造業；F401010 國際貿易業；F601010 智慧財產權業；ZZ99999 除許可業務外，得經營法令非禁止或限制之業務,桃園市,變更,11507
97351261,嘉磊通運有限公司,桃園市楊梅區中山南路676號,劉建廷,25000000,,115/07/03,股東出資轉讓修正章程,G101061 汽車貨運業；F214010 汽車零售業；IZ06010 理貨包裝業；EZ02010 起重工程業；G202010 停車場經營業；H703100 不動產租賃業；F214990 其他交通運輸工具及其零件零售業；F401010 國際貿易業；J101030 廢棄物清除業；J101040 廢棄物處理業,桃園市,變更,11507
97351852,善元科技股份有限公司,桃園市龜山區民生北路1段576、578號2樓,鄭雅仁,247600000,,115/07/13,一般補正案,,桃園市,變更,11507
97351874,喬發倉儲有限公司,桃園市楊梅區環東路439號二樓,謝進全,1000000,,115/07/16,減資,E599010 配管工程業；E603050 自動控制設備工程業；E604010 機械安裝業；F106010 五金批發業；F113010 機械批發業；F119010 電子材料批發業；F213030 電腦及事務性機器設備零售業；F213080 機械器具零售業；F401010 國際貿易業；G799990 其他運輸輔助業,桃園市,變更,11507
97418039,詠吉彩藝工業股份有限公司,桃園市龍潭區高原里高原路367巷197號,蔡明佑,55800000,,115/07/16,改選董事/監察人(一人法人股東指派董事/監察人),C701010 印刷業；C703010 印刷品裝訂及加工業；C805010 塑膠皮、布、板、管材製造業；C805020 塑膠膜、袋製造業；C805030 塑膠日用品製造業；C805060 塑膠皮製品製造業；F107190 塑膠膜、袋批發業；F207190 塑膠膜、袋零售業；F401010 國際貿易業；H701020 工業廠房開發租售業,桃園市,變更,11507
97462301,秋雨物流股份有限公司,桃園市蘆竹區宏竹里大竹北路370號,王舒榛,56000000,,115/07/23,發行新股,F102030 菸酒批發業；F102040 飲料批發業；F102050 茶葉批發業；F102170 食品什貨批發業；F104110 布疋、衣著、鞋、帽、傘、服飾品批發業；F109070 文教、樂器、育樂用品批發業；F118010 資訊軟體批發業；F401010 國際貿易業；G801010 倉儲業；J304010 圖書出版業,桃園市,變更,11507
97483404,嘉璟建設股份有限公司,桃園市中壢區環北路398號10樓之6,劉惠美,76680000,,115/07/21,改選董事/監察人(一人法人股東指派董事/監察人),H701010 住宅及大樓開發租售業；E801010 室內裝潢業；I401010 一般廣告服務業；I503010 景觀、室內設計業；F111090 建材批發業；ZZ99999 除許可業務外，得經營法令非禁止或限制之業務,桃園市,變更,11507
97486021,萬通汽車修理廠有限公司,桃園市八德區介壽路一段666號,卓秉祐,3000000,,115/07/22,減少所營事業變更修正章程,IZ99990 其他工商服務業；JA01010 汽車修理業；JA01990 其他汽車服務業；JA01020 汽車拖吊業；JE01010 租賃業；JZ99050 仲介服務業；JZ99990 未分類其他服務業；F214010 汽車零售業；JA01040 液化石油氣車改裝業；ZZ99999 除許可業務外，得經營法令非禁止或限制之業務,桃園市,變更,11507
97489483,大訊科技股份有限公司,桃園市八德區長安街306號,梁見發,1351268070,,115/07/17,額定資本額增加變更章程,C805050 工業用塑膠製品製造業；CC01120 資料儲存媒體製造及複製業；CC01080 電子零組件製造業；CC01110 電腦及其週邊設備製造業；CE01010 一般儀器製造業；F113010 機械批發業；F213040 精密儀器零售業；F213080 機械器具零售業；F219010 電子材料零售業；ZZ99999 除許可業務外，得經營法令非禁止或限制之業務,桃園市,變更,11507
97497982,聯安工程顧問有限公司,桃園市桃園區中正路1247號5樓之4,劉康祥,3000000,,115/07/22,一般補正案,I101061 工程技術顧問業；I101070 農、林、漁、畜牧顧問業；I503010 景觀、室內設計業；IB01010 建築物公共安全檢查業,桃園市,變更,11507
97505815,景碩興業有限公司,桃園市桃園區國際路一段96號,劉佑宸,3000000,,115/07/15,增資,F101040 家畜家禽批發業；F101050 水產品批發業；F102020 食用油脂批發業；F201020 畜產品零售業；F201030 水產品零售業；F203010 食品什貨、飲料零售業；F206020 日常用品零售業；F401010 國際貿易業；F101130 蔬果批發業；F101990 其他農、畜、水產品批發業,桃園市,變更,11507
97526353,牧穀食品有限公司,桃園市大園區田心里大觀路142號,楊學恩,7000000,,115/07/16,增資,C103050 罐頭、冷凍、脫水及醃漬食品製造業；C104020 烘焙炊蒸食品製造業；C109010 調味品製造業；C114010 食品添加物製造業；C199030 即食餐食製造業；C199990 未分類其他食品製造業；C105010 食用油脂製造業；F101040 家畜家禽批發業；F101050 水產品批發業；F101990 其他農、畜、水產品批發業,桃園市,變更,11507
97536113,春銘機電工程有限公司,桃園市桃園區中泰里宏昌十二街587號2樓,許家銘,1000000,,115/07/02,申登機關變更（遷入，含卷）,E599010 配管工程業；E601010 電器承裝業；E601020 電器安裝業；E603050 自動控制設備工程業；E603090 照明設備安裝工程業；E604010 機械安裝業；E605010 電腦設備安裝業；F106040 水器材料批發業；F111090 建材批發業；F113010 機械批發業,桃園市,變更,11507
97582018,宗泰科技環保股份有限公司,桃園市桃園區新埔六街95號21樓,王寵惠,9220000,,115/07/07,公司所在地,ZZ99999 除許可業務外，得經營法令非禁止或限制之業務；F104110 布疋、衣著、鞋、帽、傘、服飾品批發業；F102170 食品什貨批發業；F105050 家具、寢具、廚房器具、裝設品批發業；F106020 日常用品批發業；F106010 五金批發業；F199990 其他批發業；F203010 食品什貨、飲料零售業；F204110 布疋、衣著、鞋、帽、傘、服飾品零售業；F205040 家具、寢具、廚房器具、裝設品零售業,桃園市,變更,11507
97595323,雲尚有限公司,桃園市大園區溪福路10之1號3樓,周奐宸,88000,,115/07/20,公司所在地,G801010 倉儲業；IZ06010 理貨包裝業；G799990 其他運輸輔助業；JE01010 租賃業；G202010 停車場經營業；I301010 資訊軟體服務業；I301020 資料處理服務業；I301030 電子資訊供應服務業；F102040 飲料批發業；F102050 茶葉批發業,桃園市,變更,11507
97603560,雿埬建材有限公司,桃園市中壢區大同路31號8樓之1,李湘淋,1000000,,115/07/20,申登機關變更（遷入，含卷）,F111090 建材批發業；F211010 建材零售業；F120010 耐火材料批發業；F220010 耐火材料零售業；F105050 家具、寢具、廚房器具、裝設品批發業；F205040 家具、寢具、廚房器具、裝設品零售業；F106010 五金批發業；F206010 五金零售業；F106040 水器材料批發業；F206040 水器材料零售業,桃園市,變更,11507
97700818,禾碁有限公司,桃園市桃園區同安里藝文一街86之2號四樓,林士傑,1000000,,115/07/15,股東出資轉讓修正章程,F108031 醫療器材批發業；F113070 電信器材批發業；F208031 醫療器材零售業；F213060 電信器材零售業；F401010 國際貿易業；EZ05010 儀器、儀表安裝工程業；JZ99050 仲介服務業；IZ12010 人力派遣業；JE01010 租賃業；ZZ99999 除許可業務外，得經營法令非禁止或限制之業務,桃園市,變更,11507
97750112,禾驛休閒事業有限公司,桃園市桃園區福林里介壽路495巷67號14樓,陳孟沅,100000,,115/07/13,改推董事/董事長,F399040 無店面零售業；I103060 管理顧問業；I301060 網路廣告平臺業；I301030 電子資訊供應服務業；IZ12010 人力派遣業；JE01010 租賃業；JZ99050 仲介服務業；ZZ99999 除許可業務外，得經營法令非禁止或限制之業務,桃園市,變更,11507
97750653,安德芙有限公司,桃園市桃園區永安路401號7樓,廖進財,400000,,115/07/31,公司所營事業變更修正章程,I401010 一般廣告服務業；I301030 電子資訊供應服務業；I103060 管理顧問業；JE01010 租賃業；JZ99050 仲介服務業；J101010 建築物清潔服務業；H701010 住宅及大樓開發租售業；H701020 工業廠房開發租售業；H701050 投資興建公共建設業；H701060 新市鎮、新社區開發業,桃園市,變更,11507
98649229,賀賀賀不動產有限公司,桃園市中壢區芝芭里高鐵南路二段283號,李佳樺,1000000,,115/07/22,股東出資轉讓修正章程,H704031 不動產仲介經紀業；H703090 不動產買賣業；H703100 不動產租賃業；J101010 建築物清潔服務業；I401010 一般廣告服務業；H201010 一般投資業；F111090 建材批發業；E801010 室內裝潢業；E801030 室內輕鋼架工程業；E901010 油漆工程業,桃園市,變更,11507
